Results_Name,VSPAERO_Wrapper
Results_Timestamp,1788935244
Results_Date,9,9,2026
Results_Time,9,27,24
Analysis_Duration_Sec,1.648400000000000176e+01
ResultsVec,VSPAERO_History,VSPAERO_Polar,VSPAERO_Load,CpSlice_Wrapper
Results_Name,VSPAERO_History
Results_Timestamp,1788935243
Results_Date,9,9,2026
Results_Time,9,27,23
Alpha,5.000000000000000000e+00,5.000000000000000000e+00,5.000000000000000000e+00,5.000000000000000000e+00,5.000000000000000000e+00,5.000000000000000000e+00,5.000000000000000000e+00
Beta,0.000000000000000000e+00,0.000000000000000000e+00,0.000000000000000000e+00,0.000000000000000000e+00,0.000000000000000000e+00,0.000000000000000000e+00,0.000000000000000000e+00
CDi,0.000000000000000000e+00,1.391298412499999970e-02,1.383799990100000044e-02,1.383494213200000059e-02,1.383933275800000064e-02,1.383906012399999975e-02,1.383905246499999957e-02
CDiw,0.000000000000000000e+00,0.000000000000000000e+00,0.000000000000000000e+00,0.000000000000000000e+00,0.000000000000000000e+00,0.000000000000000000e+00,0.000000000000000000e+00
CDo,6.251058478999999696e-03,6.474008314000000326e-03,6.475352400000000327e-03,6.475190863999999609e-03,6.475301481000000393e-03,6.475296097000000223e-03,6.475295810000000069e-03
CDtot,6.251058478999999696e-03,2.038699244000000133e-02,2.031335230099999903e-02,2.031013299599999933e-02,2.031463423799999973e-02,2.031435622100000171e-02,2.031434827500000137e-02
CDwtot,6.251058478999999696e-03,6.474008314000000326e-03,6.475352400000000327e-03,6.475190863999999609e-03,6.475301481000000393e-03,6.475296097000000223e-03,6.475295810000000069e-03
CFxi,0.000000000000000000e+00,9.168901200000000203e-05,-1.998971999999999908e-06,-1.287850999999999903e-06,8.680700000000000433e-08,1.973000000000000114e-09,-2.869999999999999912e-10
CFxiw,0.000000000000000000e+00,0.000000000000000000e+00,0.000000000000000000e+00,0.000000000000000000e+00,0.000000000000000000e+00,0.000000000000000000e+00,0.000000000000000000e+00
CFxo,6.274936507000000198e-03,6.498737973999999668e-03,6.500087193999999971e-03,6.499925041999999979e-03,6.500036080000000382e-03,6.500030676000000292e-03,6.500030387999999708e-03
CFxtot,6.274936507000000198e-03,6.590426986000000320e-03,6.498088221999999935e-03,6.498637191000000354e-03,6.500122887000000030e-03,6.500032648999999781e-03,6.500030101000000421e-03
CFxwtot,6.274936507000000198e-03,6.498737973999999668e-03,6.500087193999999971e-03,6.499925041999999979e-03,6.500036080000000382e-03,6.500030676000000292e-03,6.500030387999999708e-03
CFyi,0.000000000000000000e+00,-1.883088649999999998e-04,2.660029999999999924e-06,-1.392240000000000031e-07,-8.228800000000000204e-08,6.549999999999999922e-09,1.687999999999999961e-09
CFyiw,0.000000000000000000e+00,0.000000000000000000e+00,0.000000000000000000e+00,0.000000000000000000e+00,0.000000000000000000e+00,0.000000000000000000e+00,0.000000000000000000e+00
CFyo,0.000000000000000000e+00,0.000000000000000000e+00,0.000000000000000000e+00,0.000000000000000000e+00,0.000000000000000000e+00,0.000000000000000000e+00,0.000000000000000000e+00
CFytot,0.000000000000000000e+00,-1.883088649999999998e-04,2.660029999999999924e-06,-1.392240000000000031e-07,-8.228800000000000204e-08,6.549999999999999922e-09,1.687999999999999961e-09
CFywtot,0.000000000000000000e+00,0.000000000000000000e+00,0.000000000000000000e+00,0.000000000000000000e+00,0.000000000000000000e+00,0.000000000000000000e+00,0.000000000000000000e+00
CFzi,0.000000000000000000e+00,1.585855800469999910e-01,1.587960911119999929e-01,1.587528789900000126e-01,1.587875433610000109e-01,1.587853849030000097e-01,1.587853228580000109e-01
CFziw,0.000000000000000000e+00,0.000000000000000000e+00,0.000000000000000000e+00,0.000000000000000000e+00,0.000000000000000000e+00,0.000000000000000000e+00,0.000000000000000000e+00
CFzo,0.000000000000000000e+00,0.000000000000000000e+00,0.000000000000000000e+00,0.000000000000000000e+00,0.000000000000000000e+00,0.000000000000000000e+00,0.000000000000000000e+00
CFztot,0.000000000000000000e+00,1.585855800469999910e-01,1.587960911119999929e-01,1.587528789900000126e-01,1.587875433610000109e-01,1.587853849030000097e-01,1.587853228580000109e-01
CFzwtot,0.000000000000000000e+00,0.000000000000000000e+00,0.000000000000000000e+00,0.000000000000000000e+00,0.000000000000000000e+00,0.000000000000000000e+00,0.000000000000000000e+00
CLi,0.000000000000000000e+00,1.579741228119999896e-01,1.581919982649999945e-01,1.581488886000000094e-01,1.581833012530000082e-01,1.581811584030000106e-01,1.581810967910000087e-01
CLiw,0.000000000000000000e+00,0.000000000000000000e+00,0.000000000000000000e+00,0.000000000000000000e+00,0.000000000000000000e+00,0.000000000000000000e+00,0.000000000000000000e+00
CLo,-5.468967519999999799e-04,-5.664023349999999920e-04,-5.665199270000000108e-04,-5.665057949999999926e-04,-5.665154720000000312e-04,-5.665150009999999616e-04,-5.665149759999999531e-04
CLtot,-5.468967519999999799e-04,1.574077204769999960e-01,1.576254783380000024e-01,1.575823828050000042e-01,1.576167857809999961e-01,1.576146434010000097e-01,1.576145818149999878e-01
CLwtot,-5.468967519999999799e-04,-5.664023349999999920e-04,-5.665199270000000108e-04,-5.665057949999999926e-04,-5.665154720000000312e-04,-5.665150009999999616e-04,-5.665149759999999531e-04
CMxi,0.000000000000000000e+00,5.287255400000000010e-05,-4.062119999999999848e-07,-5.063199999999999969e-08,2.366099999999999925e-08,6.499999999999999526e-11,-4.829999999999999864e-10
CMxo,0.000000000000000000e+00,0.000000000000000000e+00,0.000000000000000000e+00,0.000000000000000000e+00,0.000000000000000000e+00,0.000000000000000000e+00,0.000000000000000000e+00
CMxtot,0.000000000000000000e+00,5.287255400000000010e-05,-4.062119999999999848e-07,-5.063199999999999969e-08,2.366099999999999925e-08,6.499999999999999526e-11,-4.829999999999999864e-10
CMyi,0.000000000000000000e+00,-5.043456938239999632e-01,-5.045369923060000206e-01,-5.042862836170000085e-01,-5.044073599480000114e-01,-5.043991624129999796e-01,-5.043988864689999962e-01
CMyo,6.399656020000000231e-04,6.477575030000000487e-04,6.481832489999999648e-04,6.481967379999999503e-04,6.482034599999999787e-04,6.482037450000000325e-04,6.482037210000000200e-04
CMytot,6.399656020000000231e-04,-5.036979363200000392e-01,-5.038888090569999534e-01,-5.036380868790000243e-01,-5.037591564879999595e-01,-5.037509586680000151e-01,-5.037506827469999671e-01
CMzi,0.000000000000000000e+00,-2.738366559999999930e-04,3.993578000000000001e-06,-1.721549999999999954e-07,-1.192029999999999987e-07,9.393999999999999614e-09,2.476000000000000135e-09
CMzo,-0.000000000000000000e+00,-2.175199999999999850e-08,-1.290999999999999988e-09,2.000000000000000073e-10,-1.799999999999999923e-11,-3.999999999999999920e-12,0.000000000000000000e+00
CMztot,-0.000000000000000000e+00,-2.738584079999999751e-04,3.992285999999999913e-06,-1.719550000000000068e-07,-1.192210000000000059e-07,9.390999999999999521e-09,2.476000000000000135e-09
CSi,0.000000000000000000e+00,-1.883088649999999998e-04,2.660029999999999924e-06,-1.392240000000000031e-07,-8.228800000000000204e-08,6.549999999999999922e-09,1.687999999999999961e-09
CSiw,0.000000000000000000e+00,0.000000000000000000e+00,0.000000000000000000e+00,0.000000000000000000e+00,0.000000000000000000e+00,0.000000000000000000e+00,0.000000000000000000e+00
CSo,0.000000000000000000e+00,0.000000000000000000e+00,0.000000000000000000e+00,0.000000000000000000e+00,0.000000000000000000e+00,0.000000000000000000e+00,0.000000000000000000e+00
CStot,0.000000000000000000e+00,-1.883088649999999998e-04,2.660029999999999924e-06,-1.392240000000000031e-07,-8.228800000000000204e-08,6.549999999999999922e-09,1.687999999999999961e-09
CSwtot,0.000000000000000000e+00,0.000000000000000000e+00,0.000000000000000000e+00,0.000000000000000000e+00,0.000000000000000000e+00,0.000000000000000000e+00,0.000000000000000000e+00
E,0.000000000000000000e+00,1.958171589050000105e-01,1.974216742380000000e-01,1.973576981680000009e-01,1.973809558540000064e-01,1.973794965529999945e-01,1.973794520269999964e-01
Ew,0.000000000000000000e+00,0.000000000000000000e+00,0.000000000000000000e+00,0.000000000000000000e+00,0.000000000000000000e+00,0.000000000000000000e+00,0.000000000000000000e+00
FC_AoA_,5.000000000000000000e+00
FC_Beta_,0.000000000000000000e+00
FC_Bref_,4.389800000000000324e+01
FC_Cref_,1.637800000000000011e+01
FC_Mach_,1.699999999999999956e+00
FC_Pitch_Rate,0.000000000000000000e+00
FC_ReCref_,1.000000000000000000e+07
FC_Rho_,2.377000000000000206e-03
FC_Roll__Rate,0.000000000000000000e+00
FC_Sref_,6.609039999999999964e+02
FC_Vinf_,1.000000000000000000e+02
FC_Xcg_,0.000000000000000000e+00
FC_Yaw___Rate,0.000000000000000000e+00
FC_Ycg_,0.000000000000000000e+00
FC_Zcg_,0.000000000000000000e+00
L/D,0.000000000000000000e+00,7.748770363275999884e+00,7.787586997965999736e+00,7.786698818225000096e+00,7.786667453577999609e+00,7.786668535525000046e+00,7.786668548173000026e+00
L/Dw,0.000000000000000000e+00,0.000000000000000000e+00,0.000000000000000000e+00,0.000000000000000000e+00,0.000000000000000000e+00,0.000000000000000000e+00,0.000000000000000000e+00
Mach,1.699999999999999956e+00,1.699999999999999956e+00,1.699999999999999956e+00,1.699999999999999956e+00,1.699999999999999956e+00,1.699999999999999956e+00,1.699999999999999956e+00
T/QS,0.000000000000000000e+00,0.000000000000000000e+00,0.000000000000000000e+00,0.000000000000000000e+00,0.000000000000000000e+00,0.000000000000000000e+00,0.000000000000000000e+00
WakeIter,1,2,3,4,5,6,7
WallTime,1.330000000002000027e+00,3.020000000003999929e+00,4.710000000005999610e+00,6.517000000000000348e+00,8.090000000004000213e+00,9.705000000002000249e+00,1.132100000000400009e+01
log10( L2Residual ),4.751829287600000118e-01,-1.085616901269999962e-01,-1.152279384165000087e+00,-2.380170364770000102e+00,-3.203578296295999994e+00,-4.193367856104000424e+00,-5.275277197697000098e+00
log10( MaxResidual ),9.402960083300000438e-01,1.327074015917999894e+00,3.807909876860000042e-01,-8.997596197480000058e-01,-1.768692001477000009e+00,-2.732774006621999874e+00,-3.714772045457999994e+00
Results_Name,VSPAERO_Polar
Results_Timestamp,1788935243
Results_Date,9,9,2026
Results_Time,9,27,23
Alpha,5.000000000000000000e+00
Beta,0.000000000000000000e+00
CDi,1.383905246499999957e-02
CDiw,0.000000000000000000e+00
CDo,6.475295810000000069e-03
CDtot,2.031434827500000137e-02
CDwtot,6.475295810000000069e-03
CFix,-2.869999999999999912e-10
CFiy,1.687999999999999961e-09
CFiz,1.587853228580000109e-01
CFox,6.500030387999999708e-03
CFoy,0.000000000000000000e+00
CFoz,0.000000000000000000e+00
CFxtot,6.500030101000000421e-03
CFytot,1.687999999999999961e-09
CFztot,1.587853228580000109e-01
CLi,1.581810967910000087e-01
CLiw,0.000000000000000000e+00
CLo,-5.665149759999999531e-04
CLtot,1.576145818149999878e-01
CLwtot,-5.665149759999999531e-04
CMix,-4.829999999999999864e-10
CMiy,-5.043988864689999962e-01
CMiz,2.476000000000000135e-09
CMox,0.000000000000000000e+00
CMoy,6.482037210000000200e-04
CMoz,0.000000000000000000e+00
CMxtot,-4.829999999999999864e-10
CMytot,-5.037506827469999671e-01
CMztot,2.476000000000000135e-09
CSi,1.687999999999999961e-09
CSiw,0.000000000000000000e+00
CSo,0.000000000000000000e+00
CStot,1.687999999999999961e-09
CSwtot,0.000000000000000000e+00
E,1.959681812400000112e-01
Ew,1.959681812400000112e-01
L_D,7.758781117639999891e+00
L_Dw,7.758781117639999891e+00
Mach,1.699999999999999956e+00
Re_1e6,1.000000000000000000e+01
StallFactor,1.000000000000000000e+00
Results_Name,VSPAERO_Load
Results_Timestamp,1788935243
Results_Date,9,9,2026
Results_Time,9,27,23
Angle ,0.000000000000000000e+00,0.000000000000000000e+00,0.000000000000000000e+00,0.000000000000000000e+00,0.000000000000000000e+00,0.000000000000000000e+00,0.000000000000000000e+00,0.000000000000000000e+00,0.000000000000000000e+00,0.000000000000000000e+00,0.000000000000000000e+00,0.000000000000000000e+00,0.000000000000000000e+00,0.000000000000000000e+00,0.000000000000000000e+00,0.000000000000000000e+00,0.000000000000000000e+00,0.000000000000000000e+00,0.000000000000000000e+00,0.000000000000000000e+00,0.000000000000000000e+00,0.000000000000000000e+00,0.000000000000000000e+00,0.000000000000000000e+00,0.000000000000000000e+00,0.000000000000000000e+00,0.000000000000000000e+00,0.000000000000000000e+00,0.000000000000000000e+00,0.000000000000000000e+00,0.000000000000000000e+00,0.000000000000000000e+00,0.000000000000000000e+00,0.000000000000000000e+00,0.000000000000000000e+00,0.000000000000000000e+00,0.000000000000000000e+00,0.000000000000000000e+00,0.000000000000000000e+00,0.000000000000000000e+00,0.000000000000000000e+00,0.000000000000000000e+00,0.000000000000000000e+00,0.000000000000000000e+00,0.000000000000000000e+00,0.000000000000000000e+00,0.000000000000000000e+00,0.000000000000000000e+00,0.000000000000000000e+00,0.000000000000000000e+00,0.000000000000000000e+00,0.000000000000000000e+00,0.000000000000000000e+00,0.000000000000000000e+00,0.000000000000000000e+00,0.000000000000000000e+00,0.000000000000000000e+00,0.000000000000000000e+00,0.000000000000000000e+00,0.000000000000000000e+00,0.000000000000000000e+00,0.000000000000000000e+00,0.000000000000000000e+00,0.000000000000000000e+00,0.000000000000000000e+00,0.000000000000000000e+00,0.000000000000000000e+00,0.000000000000000000e+00,0.000000000000000000e+00,0.000000000000000000e+00,0.000000000000000000e+00,0.000000000000000000e+00
CP,0.000000000000000000e+00,0.000000000000000000e+00,0.000000000000000000e+00,0.000000000000000000e+00,0.000000000000000000e+00,0.000000000000000000e+00,0.000000000000000000e+00,0.000000000000000000e+00,0.000000000000000000e+00,0.000000000000000000e+00,0.000000000000000000e+00,0.000000000000000000e+00,0.000000000000000000e+00,0.000000000000000000e+00,0.000000000000000000e+00,0.000000000000000000e+00,0.000000000000000000e+00,0.000000000000000000e+00,0.000000000000000000e+00,0.000000000000000000e+00,0.000000000000000000e+00,0.000000000000000000e+00,0.000000000000000000e+00,0.000000000000000000e+00,0.000000000000000000e+00,0.000000000000000000e+00,0.000000000000000000e+00,0.000000000000000000e+00,0.000000000000000000e+00,0.000000000000000000e+00,0.000000000000000000e+00,0.000000000000000000e+00,0.000000000000000000e+00,0.000000000000000000e+00,0.000000000000000000e+00,0.000000000000000000e+00,0.000000000000000000e+00,0.000000000000000000e+00,0.000000000000000000e+00,0.000000000000000000e+00,0.000000000000000000e+00,0.000000000000000000e+00,0.000000000000000000e+00,0.000000000000000000e+00,0.000000000000000000e+00,0.000000000000000000e+00,0.000000000000000000e+00,0.000000000000000000e+00,0.000000000000000000e+00,0.000000000000000000e+00,0.000000000000000000e+00,0.000000000000000000e+00,0.000000000000000000e+00,0.000000000000000000e+00,0.000000000000000000e+00,0.000000000000000000e+00,0.000000000000000000e+00,0.000000000000000000e+00,0.000000000000000000e+00,0.000000000000000000e+00,0.000000000000000000e+00,0.000000000000000000e+00,0.000000000000000000e+00,0.000000000000000000e+00,0.000000000000000000e+00,0.000000000000000000e+00,0.000000000000000000e+00,0.000000000000000000e+00,0.000000000000000000e+00,0.000000000000000000e+00,0.000000000000000000e+00,0.000000000000000000e+00
CP_h,0.000000000000000000e+00,0.000000000000000000e+00,0.000000000000000000e+00,0.000000000000000000e+00,0.000000000000000000e+00,0.000000000000000000e+00,0.000000000000000000e+00,0.000000000000000000e+00,0.000000000000000000e+00,0.000000000000000000e+00,0.000000000000000000e+00,0.000000000000000000e+00,0.000000000000000000e+00,0.000000000000000000e+00,0.000000000000000000e+00,0.000000000000000000e+00,0.000000000000000000e+00,0.000000000000000000e+00,0.000000000000000000e+00,0.000000000000000000e+00,0.000000000000000000e+00,0.000000000000000000e+00,0.000000000000000000e+00,0.000000000000000000e+00,0.000000000000000000e+00,0.000000000000000000e+00,0.000000000000000000e+00,0.000000000000000000e+00,0.000000000000000000e+00,0.000000000000000000e+00,0.000000000000000000e+00,0.000000000000000000e+00,0.000000000000000000e+00,0.000000000000000000e+00,0.000000000000000000e+00,0.000000000000000000e+00,0.000000000000000000e+00,0.000000000000000000e+00,0.000000000000000000e+00,0.000000000000000000e+00,0.000000000000000000e+00,0.000000000000000000e+00,0.000000000000000000e+00,0.000000000000000000e+00,0.000000000000000000e+00,0.000000000000000000e+00,0.000000000000000000e+00,0.000000000000000000e+00,0.000000000000000000e+00,0.000000000000000000e+00,0.000000000000000000e+00,0.000000000000000000e+00,0.000000000000000000e+00,0.000000000000000000e+00,0.000000000000000000e+00,0.000000000000000000e+00,0.000000000000000000e+00,0.000000000000000000e+00,0.000000000000000000e+00,0.000000000000000000e+00,0.000000000000000000e+00,0.000000000000000000e+00,0.000000000000000000e+00,0.000000000000000000e+00,0.000000000000000000e+00,0.000000000000000000e+00,0.000000000000000000e+00,0.000000000000000000e+00,0.000000000000000000e+00,0.000000000000000000e+00,0.000000000000000000e+00,0.000000000000000000e+00
CQ,0.000000000000000000e+00,0.000000000000000000e+00,0.000000000000000000e+00,0.000000000000000000e+00,0.000000000000000000e+00,0.000000000000000000e+00,0.000000000000000000e+00,0.000000000000000000e+00,0.000000000000000000e+00,0.000000000000000000e+00,0.000000000000000000e+00,0.000000000000000000e+00,0.000000000000000000e+00,0.000000000000000000e+00,0.000000000000000000e+00,0.000000000000000000e+00,0.000000000000000000e+00,0.000000000000000000e+00,0.000000000000000000e+00,0.000000000000000000e+00,0.000000000000000000e+00,0.000000000000000000e+00,0.000000000000000000e+00,0.000000000000000000e+00,0.000000000000000000e+00,0.000000000000000000e+00,0.000000000000000000e+00,0.000000000000000000e+00,0.000000000000000000e+00,0.000000000000000000e+00,0.000000000000000000e+00,0.000000000000000000e+00,0.000000000000000000e+00,0.000000000000000000e+00,0.000000000000000000e+00,0.000000000000000000e+00,0.000000000000000000e+00,0.000000000000000000e+00,0.000000000000000000e+00,0.000000000000000000e+00,0.000000000000000000e+00,0.000000000000000000e+00,0.000000000000000000e+00,0.000000000000000000e+00,0.000000000000000000e+00,0.000000000000000000e+00,0.000000000000000000e+00,0.000000000000000000e+00,0.000000000000000000e+00,0.000000000000000000e+00,0.000000000000000000e+00,0.000000000000000000e+00,0.000000000000000000e+00,0.000000000000000000e+00,0.000000000000000000e+00,0.000000000000000000e+00,0.000000000000000000e+00,0.000000000000000000e+00,0.000000000000000000e+00,0.000000000000000000e+00,0.000000000000000000e+00,0.000000000000000000e+00,0.000000000000000000e+00,0.000000000000000000e+00,0.000000000000000000e+00,0.000000000000000000e+00,0.000000000000000000e+00,0.000000000000000000e+00,0.000000000000000000e+00,0.000000000000000000e+00,0.000000000000000000e+00,0.000000000000000000e+00
CQ_h,0.000000000000000000e+00,0.000000000000000000e+00,0.000000000000000000e+00,0.000000000000000000e+00,0.000000000000000000e+00,0.000000000000000000e+00,0.000000000000000000e+00,0.000000000000000000e+00,0.000000000000000000e+00,0.000000000000000000e+00,0.000000000000000000e+00,0.000000000000000000e+00,0.000000000000000000e+00,0.000000000000000000e+00,0.000000000000000000e+00,0.000000000000000000e+00,0.000000000000000000e+00,0.000000000000000000e+00,0.000000000000000000e+00,0.000000000000000000e+00,0.000000000000000000e+00,0.000000000000000000e+00,0.000000000000000000e+00,0.000000000000000000e+00,0.000000000000000000e+00,0.000000000000000000e+00,0.000000000000000000e+00,0.000000000000000000e+00,0.000000000000000000e+00,0.000000000000000000e+00,0.000000000000000000e+00,0.000000000000000000e+00,0.000000000000000000e+00,0.000000000000000000e+00,0.000000000000000000e+00,0.000000000000000000e+00,0.000000000000000000e+00,0.000000000000000000e+00,0.000000000000000000e+00,0.000000000000000000e+00,0.000000000000000000e+00,0.000000000000000000e+00,0.000000000000000000e+00,0.000000000000000000e+00,0.000000000000000000e+00,0.000000000000000000e+00,0.000000000000000000e+00,0.000000000000000000e+00,0.000000000000000000e+00,0.000000000000000000e+00,0.000000000000000000e+00,0.000000000000000000e+00,0.000000000000000000e+00,0.000000000000000000e+00,0.000000000000000000e+00,0.000000000000000000e+00,0.000000000000000000e+00,0.000000000000000000e+00,0.000000000000000000e+00,0.000000000000000000e+00,0.000000000000000000e+00,0.000000000000000000e+00,0.000000000000000000e+00,0.000000000000000000e+00,0.000000000000000000e+00,0.000000000000000000e+00,0.000000000000000000e+00,0.000000000000000000e+00,0.000000000000000000e+00,0.000000000000000000e+00,0.000000000000000000e+00,0.000000000000000000e+00
CT,0.000000000000000000e+00,0.000000000000000000e+00,0.000000000000000000e+00,0.000000000000000000e+00,0.000000000000000000e+00,0.000000000000000000e+00,0.000000000000000000e+00,0.000000000000000000e+00,0.000000000000000000e+00,0.000000000000000000e+00,0.000000000000000000e+00,0.000000000000000000e+00,0.000000000000000000e+00,0.000000000000000000e+00,0.000000000000000000e+00,0.000000000000000000e+00,0.000000000000000000e+00,0.000000000000000000e+00,0.000000000000000000e+00,0.000000000000000000e+00,0.000000000000000000e+00,0.000000000000000000e+00,0.000000000000000000e+00,0.000000000000000000e+00,0.000000000000000000e+00,0.000000000000000000e+00,0.000000000000000000e+00,0.000000000000000000e+00,0.000000000000000000e+00,0.000000000000000000e+00,0.000000000000000000e+00,0.000000000000000000e+00,0.000000000000000000e+00,0.000000000000000000e+00,0.000000000000000000e+00,0.000000000000000000e+00,0.000000000000000000e+00,0.000000000000000000e+00,0.000000000000000000e+00,0.000000000000000000e+00,0.000000000000000000e+00,0.000000000000000000e+00,0.000000000000000000e+00,0.000000000000000000e+00,0.000000000000000000e+00,0.000000000000000000e+00,0.000000000000000000e+00,0.000000000000000000e+00,0.000000000000000000e+00,0.000000000000000000e+00,0.000000000000000000e+00,0.000000000000000000e+00,0.000000000000000000e+00,0.000000000000000000e+00,0.000000000000000000e+00,0.000000000000000000e+00,0.000000000000000000e+00,0.000000000000000000e+00,0.000000000000000000e+00,0.000000000000000000e+00,0.000000000000000000e+00,0.000000000000000000e+00,0.000000000000000000e+00,0.000000000000000000e+00,0.000000000000000000e+00,0.000000000000000000e+00,0.000000000000000000e+00,0.000000000000000000e+00,0.000000000000000000e+00,0.000000000000000000e+00,0.000000000000000000e+00,0.000000000000000000e+00
CT_h,0.000000000000000000e+00,0.000000000000000000e+00,0.000000000000000000e+00,0.000000000000000000e+00,0.000000000000000000e+00,0.000000000000000000e+00,0.000000000000000000e+00,0.000000000000000000e+00,0.000000000000000000e+00,0.000000000000000000e+00,0.000000000000000000e+00,0.000000000000000000e+00,0.000000000000000000e+00,0.000000000000000000e+00,0.000000000000000000e+00,0.000000000000000000e+00,0.000000000000000000e+00,0.000000000000000000e+00,0.000000000000000000e+00,0.000000000000000000e+00,0.000000000000000000e+00,0.000000000000000000e+00,0.000000000000000000e+00,0.000000000000000000e+00,0.000000000000000000e+00,0.000000000000000000e+00,0.000000000000000000e+00,0.000000000000000000e+00,0.000000000000000000e+00,0.000000000000000000e+00,0.000000000000000000e+00,0.000000000000000000e+00,0.000000000000000000e+00,0.000000000000000000e+00,0.000000000000000000e+00,0.000000000000000000e+00,0.000000000000000000e+00,0.000000000000000000e+00,0.000000000000000000e+00,0.000000000000000000e+00,0.000000000000000000e+00,0.000000000000000000e+00,0.000000000000000000e+00,0.000000000000000000e+00,0.000000000000000000e+00,0.000000000000000000e+00,0.000000000000000000e+00,0.000000000000000000e+00,0.000000000000000000e+00,0.000000000000000000e+00,0.000000000000000000e+00,0.000000000000000000e+00,0.000000000000000000e+00,0.000000000000000000e+00,0.000000000000000000e+00,0.000000000000000000e+00,0.000000000000000000e+00,0.000000000000000000e+00,0.000000000000000000e+00,0.000000000000000000e+00,0.000000000000000000e+00,0.000000000000000000e+00,0.000000000000000000e+00,0.000000000000000000e+00,0.000000000000000000e+00,0.000000000000000000e+00,0.000000000000000000e+00,0.000000000000000000e+00,0.000000000000000000e+00,0.000000000000000000e+00,0.000000000000000000e+00,0.000000000000000000e+00
Chord,1.844170000000000087e+01,1.712510999999999939e+01,1.580851999999999968e+01,1.449192000000000036e+01,1.317533000000000065e+01,1.185873999999999917e+01,1.054213999999999984e+01,9.225550000000000139e+00,7.908960000000000434e+00,1.844170000000000087e+01,1.712510999999999939e+01,1.580851999999999968e+01,1.449192000000000036e+01,1.317533000000000065e+01,1.185873999999999917e+01,1.054213999999999984e+01,9.225550000000000139e+00,7.908960000000000434e+00,8.566440000000000055e+00,7.913330000000000197e+00,7.260220000000000340e+00,6.607109999999999594e+00,5.953999999999999737e+00,5.300889999999999880e+00,4.647780000000000022e+00,3.994670000000000165e+00,3.341559999999999864e+00,8.566440000000000055e+00,7.913330000000000197e+00,7.260220000000000340e+00,6.607109999999999594e+00,5.953999999999999737e+00,5.300889999999999880e+00,4.647780000000000022e+00,3.994670000000000165e+00,3.341559999999999864e+00,1.464293999999999940e+01,1.330682999999999971e+01,1.197072000000000003e+01,1.063461000000000034e+01,9.298500000000000654e+00,7.962390000000000079e+00,6.626280000000000392e+00,5.290169999999999817e+00,3.954060000000000130e+00,1.464293999999999940e+01,1.330682999999999971e+01,1.197072000000000003e+01,1.063461000000000034e+01,9.298500000000000654e+00,7.962390000000000079e+00,6.626280000000000392e+00,5.290169999999999817e+00,3.954060000000000130e+00,8.815260000000000318e+00,8.445769999999999555e+00,8.076280000000000570e+00,7.706789999999999807e+00,7.337299999999999933e+00,6.967810000000000059e+00,6.598320000000000185e+00,6.228839999999999932e+00,5.859350000000000058e+00,8.815260000000000318e+00,8.445769999999999555e+00,8.076280000000000570e+00,7.706789999999999807e+00,7.337299999999999933e+00,6.967810000000000059e+00,6.598320000000000185e+00,6.228839999999999932e+00,5.859350000000000058e+00
Diameter,0.000000000000000000e+00,0.000000000000000000e+00,0.000000000000000000e+00,0.000000000000000000e+00,0.000000000000000000e+00,0.000000000000000000e+00,0.000000000000000000e+00,0.000000000000000000e+00,0.000000000000000000e+00,0.000000000000000000e+00,0.000000000000000000e+00,0.000000000000000000e+00,0.000000000000000000e+00,0.000000000000000000e+00,0.000000000000000000e+00,0.000000000000000000e+00,0.000000000000000000e+00,0.000000000000000000e+00,0.000000000000000000e+00,0.000000000000000000e+00,0.000000000000000000e+00,0.000000000000000000e+00,0.000000000000000000e+00,0.000000000000000000e+00,0.000000000000000000e+00,0.000000000000000000e+00,0.000000000000000000e+00,0.000000000000000000e+00,0.000000000000000000e+00,0.000000000000000000e+00,0.000000000000000000e+00,0.000000000000000000e+00,0.000000000000000000e+00,0.000000000000000000e+00,0.000000000000000000e+00,0.000000000000000000e+00,0.000000000000000000e+00,0.000000000000000000e+00,0.000000000000000000e+00,0.000000000000000000e+00,0.000000000000000000e+00,0.000000000000000000e+00,0.000000000000000000e+00,0.000000000000000000e+00,0.000000000000000000e+00,0.000000000000000000e+00,0.000000000000000000e+00,0.000000000000000000e+00,0.000000000000000000e+00,0.000000000000000000e+00,0.000000000000000000e+00,0.000000000000000000e+00,0.000000000000000000e+00,0.000000000000000000e+00,0.000000000000000000e+00,0.000000000000000000e+00,0.000000000000000000e+00,0.000000000000000000e+00,0.000000000000000000e+00,0.000000000000000000e+00,0.000000000000000000e+00,0.000000000000000000e+00,0.000000000000000000e+00,0.000000000000000000e+00,0.000000000000000000e+00,0.000000000000000000e+00,0.000000000000000000e+00,0.000000000000000000e+00,0.000000000000000000e+00,0.000000000000000000e+00,0.000000000000000000e+00,0.000000000000000000e+00
ETAP,0.000000000000000000e+00,0.000000000000000000e+00,0.000000000000000000e+00,0.000000000000000000e+00,0.000000000000000000e+00,0.000000000000000000e+00,0.000000000000000000e+00,0.000000000000000000e+00,0.000000000000000000e+00,0.000000000000000000e+00,0.000000000000000000e+00,0.000000000000000000e+00,0.000000000000000000e+00,0.000000000000000000e+00,0.000000000000000000e+00,0.000000000000000000e+00,0.000000000000000000e+00,0.000000000000000000e+00,0.000000000000000000e+00,0.000000000000000000e+00,0.000000000000000000e+00,0.000000000000000000e+00,0.000000000000000000e+00,0.000000000000000000e+00,0.000000000000000000e+00,0.000000000000000000e+00,0.000000000000000000e+00,0.000000000000000000e+00,0.000000000000000000e+00,0.000000000000000000e+00,0.000000000000000000e+00,0.000000000000000000e+00,0.000000000000000000e+00,0.000000000000000000e+00,0.000000000000000000e+00,0.000000000000000000e+00,0.000000000000000000e+00,0.000000000000000000e+00,0.000000000000000000e+00,0.000000000000000000e+00,0.000000000000000000e+00,0.000000000000000000e+00,0.000000000000000000e+00,0.000000000000000000e+00,0.000000000000000000e+00,0.000000000000000000e+00,0.000000000000000000e+00,0.000000000000000000e+00,0.000000000000000000e+00,0.000000000000000000e+00,0.000000000000000000e+00,0.000000000000000000e+00,0.000000000000000000e+00,0.000000000000000000e+00,0.000000000000000000e+00,0.000000000000000000e+00,0.000000000000000000e+00,0.000000000000000000e+00,0.000000000000000000e+00,0.000000000000000000e+00,0.000000000000000000e+00,0.000000000000000000e+00,0.000000000000000000e+00,0.000000000000000000e+00,0.000000000000000000e+00,0.000000000000000000e+00,0.000000000000000000e+00,0.000000000000000000e+00,0.000000000000000000e+00,0.000000000000000000e+00,0.000000000000000000e+00,0.000000000000000000e+00
FC_AoA_,5.000000000000000000e+00
FC_Beta_,0.000000000000000000e+00
FC_Bref_,4.389800000000000324e+01
FC_Cref_,1.637800000000000011e+01
FC_Mach_,1.699999999999999956e+00
FC_Pitch_Rate,0.000000000000000000e+00
FC_Rho_,2.377000000000000206e-03
FC_Roll__Rate,0.000000000000000000e+00
FC_Sref_,6.609039999999999964e+02
FC_Vinf_,1.000000000000000000e+02
FC_Xcg_,0.000000000000000000e+00
FC_Yaw___Rate,0.000000000000000000e+00
FC_Ycg_,0.000000000000000000e+00
FC_Zcg_,0.000000000000000000e+00
FOM,0.000000000000000000e+00,0.000000000000000000e+00,0.000000000000000000e+00,0.000000000000000000e+00,0.000000000000000000e+00,0.000000000000000000e+00,0.000000000000000000e+00,0.000000000000000000e+00,0.000000000000000000e+00,0.000000000000000000e+00,0.000000000000000000e+00,0.000000000000000000e+00,0.000000000000000000e+00,0.000000000000000000e+00,0.000000000000000000e+00,0.000000000000000000e+00,0.000000000000000000e+00,0.000000000000000000e+00,0.000000000000000000e+00,0.000000000000000000e+00,0.000000000000000000e+00,0.000000000000000000e+00,0.000000000000000000e+00,0.000000000000000000e+00,0.000000000000000000e+00,0.000000000000000000e+00,0.000000000000000000e+00,0.000000000000000000e+00,0.000000000000000000e+00,0.000000000000000000e+00,0.000000000000000000e+00,0.000000000000000000e+00,0.000000000000000000e+00,0.000000000000000000e+00,0.000000000000000000e+00,0.000000000000000000e+00,0.000000000000000000e+00,0.000000000000000000e+00,0.000000000000000000e+00,0.000000000000000000e+00,0.000000000000000000e+00,0.000000000000000000e+00,0.000000000000000000e+00,0.000000000000000000e+00,0.000000000000000000e+00,0.000000000000000000e+00,0.000000000000000000e+00,0.000000000000000000e+00,0.000000000000000000e+00,0.000000000000000000e+00,0.000000000000000000e+00,0.000000000000000000e+00,0.000000000000000000e+00,0.000000000000000000e+00,0.000000000000000000e+00,0.000000000000000000e+00,0.000000000000000000e+00,0.000000000000000000e+00,0.000000000000000000e+00,0.000000000000000000e+00,0.000000000000000000e+00,0.000000000000000000e+00,0.000000000000000000e+00,0.000000000000000000e+00,0.000000000000000000e+00,0.000000000000000000e+00,0.000000000000000000e+00,0.000000000000000000e+00,0.000000000000000000e+00,0.000000000000000000e+00,0.000000000000000000e+00,0.000000000000000000e+00
IsARotor,0,0,0,0,0,0,0,0,0,0,0,0,0,0,0,0,0,0,0,0,0,0,0,0,0,0,0,0,0,0,0,0,0,0,0,0,0,0,0,0,0,0,0,0,0,0,0,0,0,0,0,0,0,0,0,0,0,0,0,0,0,0,0,0,0,0,0,0,0,0,0,0
Iter,7,7,7,7,7,7,7,7,7,7,7,7,7,7,7,7,7,7,7,7,7,7,7,7,7,7,7,7,7,7,7,7,7,7,7,7,7,7,7,7,7,7,7,7,7,7,7,7,7,7,7,7,7,7,7,7,7,7,7,7,7,7,7,7,7,7,7,7,7,7,7,7
J,0.000000000000000000e+00,0.000000000000000000e+00,0.000000000000000000e+00,0.000000000000000000e+00,0.000000000000000000e+00,0.000000000000000000e+00,0.000000000000000000e+00,0.000000000000000000e+00,0.000000000000000000e+00,0.000000000000000000e+00,0.000000000000000000e+00,0.000000000000000000e+00,0.000000000000000000e+00,0.000000000000000000e+00,0.000000000000000000e+00,0.000000000000000000e+00,0.000000000000000000e+00,0.000000000000000000e+00,0.000000000000000000e+00,0.000000000000000000e+00,0.000000000000000000e+00,0.000000000000000000e+00,0.000000000000000000e+00,0.000000000000000000e+00,0.000000000000000000e+00,0.000000000000000000e+00,0.000000000000000000e+00,0.000000000000000000e+00,0.000000000000000000e+00,0.000000000000000000e+00,0.000000000000000000e+00,0.000000000000000000e+00,0.000000000000000000e+00,0.000000000000000000e+00,0.000000000000000000e+00,0.000000000000000000e+00,0.000000000000000000e+00,0.000000000000000000e+00,0.000000000000000000e+00,0.000000000000000000e+00,0.000000000000000000e+00,0.000000000000000000e+00,0.000000000000000000e+00,0.000000000000000000e+00,0.000000000000000000e+00,0.000000000000000000e+00,0.000000000000000000e+00,0.000000000000000000e+00,0.000000000000000000e+00,0.000000000000000000e+00,0.000000000000000000e+00,0.000000000000000000e+00,0.000000000000000000e+00,0.000000000000000000e+00,0.000000000000000000e+00,0.000000000000000000e+00,0.000000000000000000e+00,0.000000000000000000e+00,0.000000000000000000e+00,0.000000000000000000e+00,0.000000000000000000e+00,0.000000000000000000e+00,0.000000000000000000e+00,0.000000000000000000e+00,0.000000000000000000e+00,0.000000000000000000e+00,0.000000000000000000e+00,0.000000000000000000e+00,0.000000000000000000e+00,0.000000000000000000e+00,0.000000000000000000e+00,0.000000000000000000e+00
Moment,0.000000000000000000e+00,0.000000000000000000e+00,0.000000000000000000e+00,0.000000000000000000e+00,0.000000000000000000e+00,0.000000000000000000e+00,0.000000000000000000e+00,0.000000000000000000e+00,0.000000000000000000e+00,0.000000000000000000e+00,0.000000000000000000e+00,0.000000000000000000e+00,0.000000000000000000e+00,0.000000000000000000e+00,0.000000000000000000e+00,0.000000000000000000e+00,0.000000000000000000e+00,0.000000000000000000e+00,0.000000000000000000e+00,0.000000000000000000e+00,0.000000000000000000e+00,0.000000000000000000e+00,0.000000000000000000e+00,0.000000000000000000e+00,0.000000000000000000e+00,0.000000000000000000e+00,0.000000000000000000e+00,0.000000000000000000e+00,0.000000000000000000e+00,0.000000000000000000e+00,0.000000000000000000e+00,0.000000000000000000e+00,0.000000000000000000e+00,0.000000000000000000e+00,0.000000000000000000e+00,0.000000000000000000e+00,0.000000000000000000e+00,0.000000000000000000e+00,0.000000000000000000e+00,0.000000000000000000e+00,0.000000000000000000e+00,0.000000000000000000e+00,0.000000000000000000e+00,0.000000000000000000e+00,0.000000000000000000e+00,0.000000000000000000e+00,0.000000000000000000e+00,0.000000000000000000e+00,0.000000000000000000e+00,0.000000000000000000e+00,0.000000000000000000e+00,0.000000000000000000e+00,0.000000000000000000e+00,0.000000000000000000e+00,0.000000000000000000e+00,0.000000000000000000e+00,0.000000000000000000e+00,0.000000000000000000e+00,0.000000000000000000e+00,0.000000000000000000e+00,0.000000000000000000e+00,0.000000000000000000e+00,0.000000000000000000e+00,0.000000000000000000e+00,0.000000000000000000e+00,0.000000000000000000e+00,0.000000000000000000e+00,0.000000000000000000e+00,0.000000000000000000e+00,0.000000000000000000e+00,0.000000000000000000e+00,0.000000000000000000e+00
Momenti,0.000000000000000000e+00,0.000000000000000000e+00,0.000000000000000000e+00,0.000000000000000000e+00,0.000000000000000000e+00,0.000000000000000000e+00,0.000000000000000000e+00,0.000000000000000000e+00,0.000000000000000000e+00,0.000000000000000000e+00,0.000000000000000000e+00,0.000000000000000000e+00,0.000000000000000000e+00,0.000000000000000000e+00,0.000000000000000000e+00,0.000000000000000000e+00,0.000000000000000000e+00,0.000000000000000000e+00,0.000000000000000000e+00,0.000000000000000000e+00,0.000000000000000000e+00,0.000000000000000000e+00,0.000000000000000000e+00,0.000000000000000000e+00,0.000000000000000000e+00,0.000000000000000000e+00,0.000000000000000000e+00,0.000000000000000000e+00,0.000000000000000000e+00,0.000000000000000000e+00,0.000000000000000000e+00,0.000000000000000000e+00,0.000000000000000000e+00,0.000000000000000000e+00,0.000000000000000000e+00,0.000000000000000000e+00,0.000000000000000000e+00,0.000000000000000000e+00,0.000000000000000000e+00,0.000000000000000000e+00,0.000000000000000000e+00,0.000000000000000000e+00,0.000000000000000000e+00,0.000000000000000000e+00,0.000000000000000000e+00,0.000000000000000000e+00,0.000000000000000000e+00,0.000000000000000000e+00,0.000000000000000000e+00,0.000000000000000000e+00,0.000000000000000000e+00,0.000000000000000000e+00,0.000000000000000000e+00,0.000000000000000000e+00,0.000000000000000000e+00,0.000000000000000000e+00,0.000000000000000000e+00,0.000000000000000000e+00,0.000000000000000000e+00,0.000000000000000000e+00,0.000000000000000000e+00,0.000000000000000000e+00,0.000000000000000000e+00,0.000000000000000000e+00,0.000000000000000000e+00,0.000000000000000000e+00,0.000000000000000000e+00,0.000000000000000000e+00,0.000000000000000000e+00,0.000000000000000000e+00,0.000000000000000000e+00,0.000000000000000000e+00
Momento,0.000000000000000000e+00,0.000000000000000000e+00,0.000000000000000000e+00,0.000000000000000000e+00,0.000000000000000000e+00,0.000000000000000000e+00,0.000000000000000000e+00,0.000000000000000000e+00,0.000000000000000000e+00,0.000000000000000000e+00,0.000000000000000000e+00,0.000000000000000000e+00,0.000000000000000000e+00,0.000000000000000000e+00,0.000000000000000000e+00,0.000000000000000000e+00,0.000000000000000000e+00,0.000000000000000000e+00,0.000000000000000000e+00,0.000000000000000000e+00,0.000000000000000000e+00,0.000000000000000000e+00,0.000000000000000000e+00,0.000000000000000000e+00,0.000000000000000000e+00,0.000000000000000000e+00,0.000000000000000000e+00,0.000000000000000000e+00,0.000000000000000000e+00,0.000000000000000000e+00,0.000000000000000000e+00,0.000000000000000000e+00,0.000000000000000000e+00,0.000000000000000000e+00,0.000000000000000000e+00,0.000000000000000000e+00,0.000000000000000000e+00,0.000000000000000000e+00,0.000000000000000000e+00,0.000000000000000000e+00,0.000000000000000000e+00,0.000000000000000000e+00,0.000000000000000000e+00,0.000000000000000000e+00,0.000000000000000000e+00,0.000000000000000000e+00,0.000000000000000000e+00,0.000000000000000000e+00,0.000000000000000000e+00,0.000000000000000000e+00,0.000000000000000000e+00,0.000000000000000000e+00,0.000000000000000000e+00,0.000000000000000000e+00,0.000000000000000000e+00,0.000000000000000000e+00,0.000000000000000000e+00,0.000000000000000000e+00,0.000000000000000000e+00,0.000000000000000000e+00,0.000000000000000000e+00,0.000000000000000000e+00,0.000000000000000000e+00,0.000000000000000000e+00,0.000000000000000000e+00,0.000000000000000000e+00,0.000000000000000000e+00,0.000000000000000000e+00,0.000000000000000000e+00,0.000000000000000000e+00,0.000000000000000000e+00,0.000000000000000000e+00
Power,0.000000000000000000e+00,0.000000000000000000e+00,0.000000000000000000e+00,0.000000000000000000e+00,0.000000000000000000e+00,0.000000000000000000e+00,0.000000000000000000e+00,0.000000000000000000e+00,0.000000000000000000e+00,0.000000000000000000e+00,0.000000000000000000e+00,0.000000000000000000e+00,0.000000000000000000e+00,0.000000000000000000e+00,0.000000000000000000e+00,0.000000000000000000e+00,0.000000000000000000e+00,0.000000000000000000e+00,0.000000000000000000e+00,0.000000000000000000e+00,0.000000000000000000e+00,0.000000000000000000e+00,0.000000000000000000e+00,0.000000000000000000e+00,0.000000000000000000e+00,0.000000000000000000e+00,0.000000000000000000e+00,0.000000000000000000e+00,0.000000000000000000e+00,0.000000000000000000e+00,0.000000000000000000e+00,0.000000000000000000e+00,0.000000000000000000e+00,0.000000000000000000e+00,0.000000000000000000e+00,0.000000000000000000e+00,0.000000000000000000e+00,0.000000000000000000e+00,0.000000000000000000e+00,0.000000000000000000e+00,0.000000000000000000e+00,0.000000000000000000e+00,0.000000000000000000e+00,0.000000000000000000e+00,0.000000000000000000e+00,0.000000000000000000e+00,0.000000000000000000e+00,0.000000000000000000e+00,0.000000000000000000e+00,0.000000000000000000e+00,0.000000000000000000e+00,0.000000000000000000e+00,0.000000000000000000e+00,0.000000000000000000e+00,0.000000000000000000e+00,0.000000000000000000e+00,0.000000000000000000e+00,0.000000000000000000e+00,0.000000000000000000e+00,0.000000000000000000e+00,0.000000000000000000e+00,0.000000000000000000e+00,0.000000000000000000e+00,0.000000000000000000e+00,0.000000000000000000e+00,0.000000000000000000e+00,0.000000000000000000e+00,0.000000000000000000e+00,0.000000000000000000e+00,0.000000000000000000e+00,0.000000000000000000e+00,0.000000000000000000e+00
Poweri,0.000000000000000000e+00,0.000000000000000000e+00,0.000000000000000000e+00,0.000000000000000000e+00,0.000000000000000000e+00,0.000000000000000000e+00,0.000000000000000000e+00,0.000000000000000000e+00,0.000000000000000000e+00,0.000000000000000000e+00,0.000000000000000000e+00,0.000000000000000000e+00,0.000000000000000000e+00,0.000000000000000000e+00,0.000000000000000000e+00,0.000000000000000000e+00,0.000000000000000000e+00,0.000000000000000000e+00,0.000000000000000000e+00,0.000000000000000000e+00,0.000000000000000000e+00,0.000000000000000000e+00,0.000000000000000000e+00,0.000000000000000000e+00,0.000000000000000000e+00,0.000000000000000000e+00,0.000000000000000000e+00,0.000000000000000000e+00,0.000000000000000000e+00,0.000000000000000000e+00,0.000000000000000000e+00,0.000000000000000000e+00,0.000000000000000000e+00,0.000000000000000000e+00,0.000000000000000000e+00,0.000000000000000000e+00,0.000000000000000000e+00,0.000000000000000000e+00,0.000000000000000000e+00,0.000000000000000000e+00,0.000000000000000000e+00,0.000000000000000000e+00,0.000000000000000000e+00,0.000000000000000000e+00,0.000000000000000000e+00,0.000000000000000000e+00,0.000000000000000000e+00,0.000000000000000000e+00,0.000000000000000000e+00,0.000000000000000000e+00,0.000000000000000000e+00,0.000000000000000000e+00,0.000000000000000000e+00,0.000000000000000000e+00,0.000000000000000000e+00,0.000000000000000000e+00,0.000000000000000000e+00,0.000000000000000000e+00,0.000000000000000000e+00,0.000000000000000000e+00,0.000000000000000000e+00,0.000000000000000000e+00,0.000000000000000000e+00,0.000000000000000000e+00,0.000000000000000000e+00,0.000000000000000000e+00,0.000000000000000000e+00,0.000000000000000000e+00,0.000000000000000000e+00,0.000000000000000000e+00,0.000000000000000000e+00,0.000000000000000000e+00
Powero,0.000000000000000000e+00,0.000000000000000000e+00,0.000000000000000000e+00,0.000000000000000000e+00,0.000000000000000000e+00,0.000000000000000000e+00,0.000000000000000000e+00,0.000000000000000000e+00,0.000000000000000000e+00,0.000000000000000000e+00,0.000000000000000000e+00,0.000000000000000000e+00,0.000000000000000000e+00,0.000000000000000000e+00,0.000000000000000000e+00,0.000000000000000000e+00,0.000000000000000000e+00,0.000000000000000000e+00,0.000000000000000000e+00,0.000000000000000000e+00,0.000000000000000000e+00,0.000000000000000000e+00,0.000000000000000000e+00,0.000000000000000000e+00,0.000000000000000000e+00,0.000000000000000000e+00,0.000000000000000000e+00,0.000000000000000000e+00,0.000000000000000000e+00,0.000000000000000000e+00,0.000000000000000000e+00,0.000000000000000000e+00,0.000000000000000000e+00,0.000000000000000000e+00,0.000000000000000000e+00,0.000000000000000000e+00,0.000000000000000000e+00,0.000000000000000000e+00,0.000000000000000000e+00,0.000000000000000000e+00,0.000000000000000000e+00,0.000000000000000000e+00,0.000000000000000000e+00,0.000000000000000000e+00,0.000000000000000000e+00,0.000000000000000000e+00,0.000000000000000000e+00,0.000000000000000000e+00,0.000000000000000000e+00,0.000000000000000000e+00,0.000000000000000000e+00,0.000000000000000000e+00,0.000000000000000000e+00,0.000000000000000000e+00,0.000000000000000000e+00,0.000000000000000000e+00,0.000000000000000000e+00,0.000000000000000000e+00,0.000000000000000000e+00,0.000000000000000000e+00,0.000000000000000000e+00,0.000000000000000000e+00,0.000000000000000000e+00,0.000000000000000000e+00,0.000000000000000000e+00,0.000000000000000000e+00,0.000000000000000000e+00,0.000000000000000000e+00,0.000000000000000000e+00,0.000000000000000000e+00,0.000000000000000000e+00,0.000000000000000000e+00
RPM,0.000000000000000000e+00,0.000000000000000000e+00,0.000000000000000000e+00,0.000000000000000000e+00,0.000000000000000000e+00,0.000000000000000000e+00,0.000000000000000000e+00,0.000000000000000000e+00,0.000000000000000000e+00,0.000000000000000000e+00,0.000000000000000000e+00,0.000000000000000000e+00,0.000000000000000000e+00,0.000000000000000000e+00,0.000000000000000000e+00,0.000000000000000000e+00,0.000000000000000000e+00,0.000000000000000000e+00,0.000000000000000000e+00,0.000000000000000000e+00,0.000000000000000000e+00,0.000000000000000000e+00,0.000000000000000000e+00,0.000000000000000000e+00,0.000000000000000000e+00,0.000000000000000000e+00,0.000000000000000000e+00,0.000000000000000000e+00,0.000000000000000000e+00,0.000000000000000000e+00,0.000000000000000000e+00,0.000000000000000000e+00,0.000000000000000000e+00,0.000000000000000000e+00,0.000000000000000000e+00,0.000000000000000000e+00,0.000000000000000000e+00,0.000000000000000000e+00,0.000000000000000000e+00,0.000000000000000000e+00,0.000000000000000000e+00,0.000000000000000000e+00,0.000000000000000000e+00,0.000000000000000000e+00,0.000000000000000000e+00,0.000000000000000000e+00,0.000000000000000000e+00,0.000000000000000000e+00,0.000000000000000000e+00,0.000000000000000000e+00,0.000000000000000000e+00,0.000000000000000000e+00,0.000000000000000000e+00,0.000000000000000000e+00,0.000000000000000000e+00,0.000000000000000000e+00,0.000000000000000000e+00,0.000000000000000000e+00,0.000000000000000000e+00,0.000000000000000000e+00,0.000000000000000000e+00,0.000000000000000000e+00,0.000000000000000000e+00,0.000000000000000000e+00,0.000000000000000000e+00,0.000000000000000000e+00,0.000000000000000000e+00,0.000000000000000000e+00,0.000000000000000000e+00,0.000000000000000000e+00,0.000000000000000000e+00,0.000000000000000000e+00
SoverB,1.111100000000000004e-01,2.222200000000000009e-01,3.333300000000000152e-01,4.444400000000000017e-01,5.555600000000000538e-01,6.666699999999999848e-01,7.777800000000000269e-01,8.888899999999999579e-01,1.000000000000000000e+00,1.111100000000000004e-01,2.222200000000000009e-01,3.333300000000000152e-01,4.444400000000000017e-01,5.555600000000000538e-01,6.666699999999999848e-01,7.777800000000000269e-01,8.888899999999999579e-01,1.000000000000000000e+00,1.111100000000000004e-01,2.222200000000000009e-01,3.333300000000000152e-01,4.444400000000000017e-01,5.555600000000000538e-01,6.666699999999999848e-01,7.777800000000000269e-01,8.888899999999999579e-01,1.000000000000000000e+00,1.111100000000000004e-01,2.222200000000000009e-01,3.333300000000000152e-01,4.444400000000000017e-01,5.555600000000000538e-01,6.666699999999999848e-01,7.777800000000000269e-01,8.888899999999999579e-01,1.000000000000000000e+00,1.111100000000000004e-01,2.222200000000000009e-01,3.333300000000000152e-01,4.444400000000000017e-01,5.555600000000000538e-01,6.666699999999999848e-01,7.777800000000000269e-01,8.888899999999999579e-01,1.000000000000000000e+00,1.111100000000000004e-01,2.222200000000000009e-01,3.333300000000000152e-01,4.444400000000000017e-01,5.555600000000000538e-01,6.666699999999999848e-01,7.777800000000000269e-01,8.888899999999999579e-01,1.000000000000000000e+00,1.111100000000000004e-01,2.222200000000000009e-01,3.333300000000000152e-01,4.444400000000000017e-01,5.555600000000000538e-01,6.666699999999999848e-01,7.777800000000000269e-01,8.888899999999999579e-01,1.000000000000000000e+00,1.111100000000000004e-01,2.222200000000000009e-01,3.333300000000000152e-01,4.444400000000000017e-01,5.555600000000000538e-01,6.666699999999999848e-01,7.777800000000000269e-01,8.888899999999999579e-01,1.000000000000000000e+00
StallFact,1.000000000000000000e+00,1.000000000000000000e+00,1.000000000000000000e+00,1.000000000000000000e+00,1.000000000000000000e+00,1.000000000000000000e+00,1.000000000000000000e+00,1.000000000000000000e+00,1.000000000000000000e+00,1.000000000000000000e+00,1.000000000000000000e+00,1.000000000000000000e+00,1.000000000000000000e+00,1.000000000000000000e+00,1.000000000000000000e+00,1.000000000000000000e+00,1.000000000000000000e+00,1.000000000000000000e+00,1.000000000000000000e+00,1.000000000000000000e+00,1.000000000000000000e+00,1.000000000000000000e+00,1.000000000000000000e+00,1.000000000000000000e+00,1.000000000000000000e+00,1.000000000000000000e+00,1.000000000000000000e+00,1.000000000000000000e+00,1.000000000000000000e+00,1.000000000000000000e+00,1.000000000000000000e+00,1.000000000000000000e+00,1.000000000000000000e+00,1.000000000000000000e+00,1.000000000000000000e+00,1.000000000000000000e+00,1.000000000000000000e+00,1.000000000000000000e+00,1.000000000000000000e+00,1.000000000000000000e+00,1.000000000000000000e+00,1.000000000000000000e+00,1.000000000000000000e+00,1.000000000000000000e+00,1.000000000000000000e+00,1.000000000000000000e+00,1.000000000000000000e+00,1.000000000000000000e+00,1.000000000000000000e+00,1.000000000000000000e+00,1.000000000000000000e+00,1.000000000000000000e+00,1.000000000000000000e+00,1.000000000000000000e+00,1.000000000000000000e+00,1.000000000000000000e+00,1.000000000000000000e+00,1.000000000000000000e+00,1.000000000000000000e+00,1.000000000000000000e+00,1.000000000000000000e+00,1.000000000000000000e+00,1.000000000000000000e+00,1.000000000000000000e+00,1.000000000000000000e+00,1.000000000000000000e+00,1.000000000000000000e+00,1.000000000000000000e+00,1.000000000000000000e+00,1.000000000000000000e+00,1.000000000000000000e+00,1.000000000000000000e+00
Thrust,0.000000000000000000e+00,0.000000000000000000e+00,0.000000000000000000e+00,0.000000000000000000e+00,0.000000000000000000e+00,0.000000000000000000e+00,0.000000000000000000e+00,0.000000000000000000e+00,0.000000000000000000e+00,0.000000000000000000e+00,0.000000000000000000e+00,0.000000000000000000e+00,0.000000000000000000e+00,0.000000000000000000e+00,0.000000000000000000e+00,0.000000000000000000e+00,0.000000000000000000e+00,0.000000000000000000e+00,0.000000000000000000e+00,0.000000000000000000e+00,0.000000000000000000e+00,0.000000000000000000e+00,0.000000000000000000e+00,0.000000000000000000e+00,0.000000000000000000e+00,0.000000000000000000e+00,0.000000000000000000e+00,0.000000000000000000e+00,0.000000000000000000e+00,0.000000000000000000e+00,0.000000000000000000e+00,0.000000000000000000e+00,0.000000000000000000e+00,0.000000000000000000e+00,0.000000000000000000e+00,0.000000000000000000e+00,0.000000000000000000e+00,0.000000000000000000e+00,0.000000000000000000e+00,0.000000000000000000e+00,0.000000000000000000e+00,0.000000000000000000e+00,0.000000000000000000e+00,0.000000000000000000e+00,0.000000000000000000e+00,0.000000000000000000e+00,0.000000000000000000e+00,0.000000000000000000e+00,0.000000000000000000e+00,0.000000000000000000e+00,0.000000000000000000e+00,0.000000000000000000e+00,0.000000000000000000e+00,0.000000000000000000e+00,0.000000000000000000e+00,0.000000000000000000e+00,0.000000000000000000e+00,0.000000000000000000e+00,0.000000000000000000e+00,0.000000000000000000e+00,0.000000000000000000e+00,0.000000000000000000e+00,0.000000000000000000e+00,0.000000000000000000e+00,0.000000000000000000e+00,0.000000000000000000e+00,0.000000000000000000e+00,0.000000000000000000e+00,0.000000000000000000e+00,0.000000000000000000e+00,0.000000000000000000e+00,0.000000000000000000e+00
Thrusti,0.000000000000000000e+00,0.000000000000000000e+00,0.000000000000000000e+00,0.000000000000000000e+00,0.000000000000000000e+00,0.000000000000000000e+00,0.000000000000000000e+00,0.000000000000000000e+00,0.000000000000000000e+00,0.000000000000000000e+00,0.000000000000000000e+00,0.000000000000000000e+00,0.000000000000000000e+00,0.000000000000000000e+00,0.000000000000000000e+00,0.000000000000000000e+00,0.000000000000000000e+00,0.000000000000000000e+00,0.000000000000000000e+00,0.000000000000000000e+00,0.000000000000000000e+00,0.000000000000000000e+00,0.000000000000000000e+00,0.000000000000000000e+00,0.000000000000000000e+00,0.000000000000000000e+00,0.000000000000000000e+00,0.000000000000000000e+00,0.000000000000000000e+00,0.000000000000000000e+00,0.000000000000000000e+00,0.000000000000000000e+00,0.000000000000000000e+00,0.000000000000000000e+00,0.000000000000000000e+00,0.000000000000000000e+00,0.000000000000000000e+00,0.000000000000000000e+00,0.000000000000000000e+00,0.000000000000000000e+00,0.000000000000000000e+00,0.000000000000000000e+00,0.000000000000000000e+00,0.000000000000000000e+00,0.000000000000000000e+00,0.000000000000000000e+00,0.000000000000000000e+00,0.000000000000000000e+00,0.000000000000000000e+00,0.000000000000000000e+00,0.000000000000000000e+00,0.000000000000000000e+00,0.000000000000000000e+00,0.000000000000000000e+00,0.000000000000000000e+00,0.000000000000000000e+00,0.000000000000000000e+00,0.000000000000000000e+00,0.000000000000000000e+00,0.000000000000000000e+00,0.000000000000000000e+00,0.000000000000000000e+00,0.000000000000000000e+00,0.000000000000000000e+00,0.000000000000000000e+00,0.000000000000000000e+00,0.000000000000000000e+00,0.000000000000000000e+00,0.000000000000000000e+00,0.000000000000000000e+00,0.000000000000000000e+00,0.000000000000000000e+00
Thrusto,0.000000000000000000e+00,0.000000000000000000e+00,0.000000000000000000e+00,0.000000000000000000e+00,0.000000000000000000e+00,0.000000000000000000e+00,0.000000000000000000e+00,0.000000000000000000e+00,0.000000000000000000e+00,0.000000000000000000e+00,0.000000000000000000e+00,0.000000000000000000e+00,0.000000000000000000e+00,0.000000000000000000e+00,0.000000000000000000e+00,0.000000000000000000e+00,0.000000000000000000e+00,0.000000000000000000e+00,0.000000000000000000e+00,0.000000000000000000e+00,0.000000000000000000e+00,0.000000000000000000e+00,0.000000000000000000e+00,0.000000000000000000e+00,0.000000000000000000e+00,0.000000000000000000e+00,0.000000000000000000e+00,0.000000000000000000e+00,0.000000000000000000e+00,0.000000000000000000e+00,0.000000000000000000e+00,0.000000000000000000e+00,0.000000000000000000e+00,0.000000000000000000e+00,0.000000000000000000e+00,0.000000000000000000e+00,0.000000000000000000e+00,0.000000000000000000e+00,0.000000000000000000e+00,0.000000000000000000e+00,0.000000000000000000e+00,0.000000000000000000e+00,0.000000000000000000e+00,0.000000000000000000e+00,0.000000000000000000e+00,0.000000000000000000e+00,0.000000000000000000e+00,0.000000000000000000e+00,0.000000000000000000e+00,0.000000000000000000e+00,0.000000000000000000e+00,0.000000000000000000e+00,0.000000000000000000e+00,0.000000000000000000e+00,0.000000000000000000e+00,0.000000000000000000e+00,0.000000000000000000e+00,0.000000000000000000e+00,0.000000000000000000e+00,0.000000000000000000e+00,0.000000000000000000e+00,0.000000000000000000e+00,0.000000000000000000e+00,0.000000000000000000e+00,0.000000000000000000e+00,0.000000000000000000e+00,0.000000000000000000e+00,0.000000000000000000e+00,0.000000000000000000e+00,0.000000000000000000e+00,0.000000000000000000e+00,0.000000000000000000e+00
TrailVort,1,2,3,4,5,6,7,8,9,1,2,3,4,5,6,7,8,9,1,2,3,4,5,6,7,8,9,1,2,3,4,5,6,7,8,9,1,2,3,4,5,6,7,8,9,1,2,3,4,5,6,7,8,9,1,2,3,4,5,6,7,8,9,1,2,3,4,5,6,7,8,9
Unsteady,0
V/Vref,1.000000000000000000e+00,1.000000000000000000e+00,1.000000000000000000e+00,1.000000000000000000e+00,1.000000000000000000e+00,1.000000000000000000e+00,1.000000000000000000e+00,1.000000000000000000e+00,1.000000000000000000e+00,1.000000000000000000e+00,1.000000000000000000e+00,1.000000000000000000e+00,1.000000000000000000e+00,1.000000000000000000e+00,1.000000000000000000e+00,1.000000000000000000e+00,1.000000000000000000e+00,1.000000000000000000e+00,1.000000000000000000e+00,1.000000000000000000e+00,1.000000000000000000e+00,1.000000000000000000e+00,1.000000000000000000e+00,1.000000000000000000e+00,1.000000000000000000e+00,1.000000000000000000e+00,1.000000000000000000e+00,1.000000000000000000e+00,1.000000000000000000e+00,1.000000000000000000e+00,1.000000000000000000e+00,1.000000000000000000e+00,1.000000000000000000e+00,1.000000000000000000e+00,1.000000000000000000e+00,1.000000000000000000e+00,1.000000000000000000e+00,1.000000000000000000e+00,1.000000000000000000e+00,1.000000000000000000e+00,1.000000000000000000e+00,1.000000000000000000e+00,1.000000000000000000e+00,1.000000000000000000e+00,1.000000000000000000e+00,1.000000000000000000e+00,1.000000000000000000e+00,1.000000000000000000e+00,1.000000000000000000e+00,1.000000000000000000e+00,1.000000000000000000e+00,1.000000000000000000e+00,1.000000000000000000e+00,1.000000000000000000e+00,1.000000000000000000e+00,1.000000000000000000e+00,1.000000000000000000e+00,1.000000000000000000e+00,1.000000000000000000e+00,1.000000000000000000e+00,1.000000000000000000e+00,1.000000000000000000e+00,1.000000000000000000e+00,1.000000000000000000e+00,1.000000000000000000e+00,1.000000000000000000e+00,1.000000000000000000e+00,1.000000000000000000e+00,1.000000000000000000e+00,1.000000000000000000e+00,1.000000000000000000e+00,1.000000000000000000e+00
VortexSheet,1,1,1,1,1,1,1,1,1,2,2,2,2,2,2,2,2,2,3,3,3,3,3,3,3,3,3,4,4,4,4,4,4,4,4,4,5,5,5,5,5,5,5,5,5,6,6,6,6,6,6,6,6,6,7,7,7,7,7,7,7,7,7,8,8,8,8,8,8,8,8,8
Xavg,5.543498000000000303e+01,5.585085000000000122e+01,5.626671000000000333e+01,5.668258000000000152e+01,5.709843999999999653e+01,5.751431000000000182e+01,5.793018000000000001e+01,5.834604000000000212e+01,5.876191000000000031e+01,5.543498000000000303e+01,5.585085000000000122e+01,5.626671000000000333e+01,5.668258000000000152e+01,5.709843999999999653e+01,5.751431000000000182e+01,5.793018000000000001e+01,5.834604000000000212e+01,5.876191000000000031e+01,6.623144999999999527e+01,6.680998999999999910e+01,6.738853000000000293e+01,6.796707000000000676e+01,6.854560999999999638e+01,6.912415000000000020e+01,6.970269000000000403e+01,7.028122999999999365e+01,7.085976999999999748e+01,6.623144999999999527e+01,6.680998999999999910e+01,6.738853000000000293e+01,6.796707000000000676e+01,6.854560999999999638e+01,6.912415000000000020e+01,6.970269000000000403e+01,7.028122999999999365e+01,7.085976999999999748e+01,6.403961999999999932e+01,6.411979999999999791e+01,6.419998999999999967e+01,6.428018000000000143e+01,6.436036000000000001e+01,6.444055000000000177e+01,6.452073000000000036e+01,6.460092000000000212e+01,6.468110000000000070e+01,6.403961999999999932e+01,6.411979999999999791e+01,6.419998999999999967e+01,6.428018000000000143e+01,6.436036000000000001e+01,6.444055000000000177e+01,6.452073000000000036e+01,6.460092000000000212e+01,6.468110000000000070e+01,6.211834000000000344e+01,6.212550000000000239e+01,6.213266000000000133e+01,6.213982000000000028e+01,6.214699000000000240e+01,6.215415000000000134e+01,6.216131000000000029e+01,6.216846999999999923e+01,6.217564000000000135e+01,6.211834000000000344e+01,6.212550000000000239e+01,6.213266000000000133e+01,6.213982000000000028e+01,6.214699000000000240e+01,6.215415000000000134e+01,6.216131000000000029e+01,6.216846999999999923e+01,6.217564000000000135e+01
Yavg,5.924249999999999794e+00,7.772739999999999760e+00,9.621240000000000236e+00,1.146973000000000020e+01,1.331822999999999979e+01,1.516671999999999976e+01,1.701520999999999972e+01,1.886371000000000109e+01,2.071219999999999928e+01,-5.924249999999999794e+00,-7.772739999999999760e+00,-9.621240000000000236e+00,-1.146973000000000020e+01,-1.331822999999999979e+01,-1.516671999999999976e+01,-1.701520999999999972e+01,-1.886371000000000109e+01,-2.071219999999999928e+01,5.020920000000000272e+00,6.046359999999999957e+00,7.071810000000000151e+00,8.097250000000000725e+00,9.122700000000000031e+00,1.014813999999999972e+01,1.117359000000000080e+01,1.219903000000000048e+01,1.322447000000000017e+01,-5.020920000000000272e+00,-6.046359999999999957e+00,-7.071810000000000151e+00,-8.097250000000000725e+00,-9.122700000000000031e+00,-1.014813999999999972e+01,-1.117359000000000080e+01,-1.219903000000000048e+01,-1.322447000000000017e+01,4.169970000000000176e+00,4.313170000000000393e+00,4.456380000000000230e+00,4.599590000000000067e+00,4.742799999999999905e+00,4.886009999999999742e+00,5.029219999999999580e+00,5.172430000000000305e+00,5.315640000000000143e+00,-4.169970000000000176e+00,-4.313170000000000393e+00,-4.456380000000000230e+00,-4.599590000000000067e+00,-4.742799999999999905e+00,-4.886009999999999742e+00,-5.029219999999999580e+00,-5.172430000000000305e+00,-5.315640000000000143e+00,4.046479999999999855e+00,4.106639999999999624e+00,4.166809999999999903e+00,4.226980000000000182e+00,4.287149999999999572e+00,4.347310000000000230e+00,4.407479999999999620e+00,4.467649999999999899e+00,4.527809999999999668e+00,-4.046479999999999855e+00,-4.106639999999999624e+00,-4.166809999999999903e+00,-4.226980000000000182e+00,-4.287149999999999572e+00,-4.347310000000000230e+00,-4.407479999999999620e+00,-4.467649999999999899e+00,-4.527809999999999668e+00
Zavg,1.394549999999999956e+00,1.232830000000000092e+00,1.071099999999999941e+00,9.093799999999999661e-01,7.476599999999999913e-01,5.859400000000000164e-01,4.242099999999999760e-01,2.624900000000000011e-01,1.007699999999999985e-01,1.394549999999999956e+00,1.232830000000000092e+00,1.071099999999999941e+00,9.093799999999999661e-01,7.476599999999999913e-01,5.859400000000000164e-01,4.242099999999999760e-01,2.624900000000000011e-01,1.007699999999999985e-01,0.000000000000000000e+00,0.000000000000000000e+00,0.000000000000000000e+00,0.000000000000000000e+00,0.000000000000000000e+00,0.000000000000000000e+00,0.000000000000000000e+00,0.000000000000000000e+00,0.000000000000000000e+00,0.000000000000000000e+00,0.000000000000000000e+00,0.000000000000000000e+00,0.000000000000000000e+00,0.000000000000000000e+00,0.000000000000000000e+00,0.000000000000000000e+00,0.000000000000000000e+00,0.000000000000000000e+00,2.640639999999999876e+00,3.659629999999999939e+00,4.678609999999999935e+00,5.697600000000000442e+00,6.716580000000000439e+00,7.735570000000000057e+00,8.754559999999999675e+00,9.773540000000000560e+00,1.079252999999999929e+01,2.640639999999999876e+00,3.659629999999999939e+00,4.678609999999999935e+00,5.697600000000000442e+00,6.716580000000000439e+00,7.735570000000000057e+00,8.754559999999999675e+00,9.773540000000000560e+00,1.079252999999999929e+01,-1.698909999999999920e+00,-1.981970000000000010e+00,-2.265039999999999942e+00,-2.548099999999999810e+00,-2.831170000000000186e+00,-3.114230000000000054e+00,-3.397289999999999921e+00,-3.680359999999999854e+00,-3.963420000000000165e+00,-1.698909999999999920e+00,-1.981970000000000010e+00,-2.265039999999999942e+00,-2.548099999999999810e+00,-2.831170000000000186e+00,-3.114230000000000054e+00,-3.397289999999999921e+00,-3.680359999999999854e+00,-3.963420000000000165e+00
cd,1.208000000000000046e-02,1.612999999999999851e-02,1.944999999999999854e-02,2.250999999999999876e-02,2.543000000000000121e-02,2.859000000000000083e-02,3.128000000000000225e-02,3.334999999999999770e-02,2.861999999999999961e-02,1.208000000000000046e-02,1.612999999999999851e-02,1.944999999999999854e-02,2.250999999999999876e-02,2.543000000000000121e-02,2.859000000000000083e-02,3.128000000000000225e-02,3.334999999999999770e-02,2.861999999999999961e-02,1.067000000000000066e-02,1.822999999999999968e-02,2.120999999999999969e-02,2.324000000000000024e-02,2.540999999999999856e-02,2.768999999999999934e-02,2.863999999999999879e-02,3.128000000000000225e-02,3.117999999999999938e-02,1.067000000000000066e-02,1.822999999999999968e-02,2.120999999999999969e-02,2.324000000000000024e-02,2.540999999999999856e-02,2.768999999999999934e-02,2.863999999999999879e-02,3.128000000000000225e-02,3.117999999999999938e-02,4.120000000000000398e-03,4.689999999999999725e-03,4.819999999999999632e-03,4.899999999999999842e-03,4.989999999999999644e-03,5.089999999999999906e-03,5.230000000000000274e-03,5.369999999999999774e-03,5.980000000000000072e-03,4.120000000000000398e-03,4.689999999999999725e-03,4.819999999999999632e-03,4.899999999999999842e-03,4.989999999999999644e-03,5.089999999999999906e-03,5.230000000000000274e-03,5.369999999999999774e-03,5.980000000000000072e-03,5.799999999999999600e-03,5.449999999999999983e-03,5.400000000000000286e-03,5.400000000000000286e-03,5.429999999999999931e-03,5.479999999999999628e-03,5.530000000000000193e-03,5.570000000000000298e-03,5.479999999999999628e-03,5.799999999999999600e-03,5.449999999999999983e-03,5.400000000000000286e-03,5.400000000000000286e-03,5.429999999999999931e-03,5.479999999999999628e-03,5.530000000000000193e-03,5.570000000000000298e-03,5.479999999999999628e-03
cd*c/cref,1.360213310538527405e-02,1.686579706313346902e-02,1.877370338258639235e-02,1.991776280376114303e-02,2.045723787397728949e-02,2.070102433752595006e-02,2.013421291977042504e-02,1.878569376602759813e-02,1.382063958969349110e-02,1.360213310538527405e-02,1.686579706313346902e-02,1.877370338258639235e-02,1.991776280376114303e-02,2.045723787397728949e-02,2.070102433752595006e-02,2.013421291977042504e-02,1.878569376602759813e-02,1.382063958969349110e-02,5.580896006838442260e-03,8.808157644401026082e-03,9.402202112590058933e-03,9.375334985956770145e-03,9.237461228477223882e-03,8.962122609598241127e-03,8.127513689095127586e-03,7.629336768836244252e-03,6.361572890462815696e-03,5.580896006838442260e-03,8.808157644401026082e-03,9.402202112590058933e-03,9.375334985956770145e-03,9.237461228477223882e-03,8.962122609598241127e-03,8.127513689095127586e-03,7.629336768836244252e-03,6.361572890462815696e-03,3.683533569422396074e-03,3.810540523873488274e-03,3.522949713029673979e-03,3.181682073513249654e-03,2.833039137867871503e-03,2.474573519355232742e-03,2.115975357186470045e-03,1.734534918793503334e-03,1.443721992917328242e-03,3.683533569422396074e-03,3.810540523873488274e-03,3.522949713029673979e-03,3.181682073513249654e-03,2.833039137867871503e-03,2.474573519355232742e-03,2.115975357186470045e-03,1.734534918793503334e-03,1.443721992917328242e-03,3.121779704481621349e-03,2.810443674441323245e-03,2.662835022591281391e-03,2.541010257662718215e-03,2.432625412138234022e-03,2.331395701550860802e-03,2.227909976798143812e-03,2.118368469898644548e-03,1.960510318720234176e-03,3.121779704481621349e-03,2.810443674441323245e-03,2.662835022591281391e-03,2.541010257662718215e-03,2.432625412138234022e-03,2.331395701550860802e-03,2.227909976798143812e-03,2.118368469898644548e-03,1.960510318720234176e-03
cdi,6.960000000000000041e-03,1.089999999999999997e-02,1.409999999999999969e-02,1.703000000000000000e-02,1.980000000000000163e-02,2.279000000000000123e-02,2.529999999999999957e-02,2.719999999999999848e-02,2.256000000000000019e-02,6.960000000000000041e-03,1.089999999999999997e-02,1.409999999999999969e-02,1.703000000000000000e-02,1.980000000000000163e-02,2.279000000000000123e-02,2.529999999999999957e-02,2.719999999999999848e-02,2.256000000000000019e-02,5.009999999999999697e-03,1.244999999999999926e-02,1.532000000000000028e-02,1.722999999999999879e-02,1.925999999999999934e-02,2.138999999999999929e-02,2.221000000000000058e-02,2.463999999999999871e-02,2.441000000000000114e-02,5.009999999999999697e-03,1.244999999999999926e-02,1.532000000000000028e-02,1.722999999999999879e-02,1.925999999999999934e-02,2.138999999999999929e-02,2.221000000000000058e-02,2.463999999999999871e-02,2.441000000000000114e-02,-1.119999999999999902e-03,-6.199999999999999999e-04,-5.599999999999999509e-04,-5.699999999999999772e-04,-5.699999999999999772e-04,-5.800000000000000034e-04,-5.699999999999999772e-04,-6.099999999999999737e-04,-2.200000000000000078e-04,-1.119999999999999902e-03,-6.199999999999999999e-04,-5.599999999999999509e-04,-5.699999999999999772e-04,-5.699999999999999772e-04,-5.800000000000000034e-04,-5.699999999999999772e-04,-6.099999999999999737e-04,-2.200000000000000078e-04,2.200000000000000078e-04,-1.600000000000000131e-04,-2.400000000000000061e-04,-2.799999999999999755e-04,-2.900000000000000017e-04,-2.700000000000000035e-04,-2.599999999999999772e-04,-2.700000000000000035e-04,-4.099999999999999912e-04,2.200000000000000078e-04,-1.600000000000000131e-04,-2.400000000000000061e-04,-2.799999999999999755e-04,-2.900000000000000017e-04,-2.700000000000000035e-04,-2.599999999999999772e-04,-2.700000000000000035e-04,-4.099999999999999912e-04
cdi*c/cref,7.836990597142507592e-03,1.139722182195628333e-02,1.360972841616802861e-02,1.506883609720356676e-02,1.592816790816949796e-02,1.650144612284772452e-02,1.628502515569666548e-02,1.532146538038832613e-02,1.089425678349004861e-02,7.836990597142507592e-03,1.139722182195628333e-02,1.360972841616802861e-02,1.506883609720356676e-02,1.592816790816949796e-02,1.650144612284772452e-02,1.628502515569666548e-02,1.532146538038832613e-02,1.089425678349004861e-02,2.620458200024422795e-03,6.015445017706679345e-03,6.791218121870802420e-03,6.950818494321649686e-03,7.001712052753693120e-03,6.923069794846745291e-03,6.302796055684455577e-03,6.009810037855659558e-03,4.980307705458542067e-03,2.620458200024422795e-03,6.015445017706679345e-03,6.791218121870802420e-03,6.950818494321649686e-03,7.001712052753693120e-03,6.923069794846745291e-03,6.302796055684455577e-03,6.009810037855659558e-03,4.980307705458542067e-03,-1.001348931493466774e-03,-5.037388325802906203e-04,-4.093053608499206352e-04,-3.701140371229698464e-04,-3.236136890951276323e-04,-2.819749786298693557e-04,-2.306129930394431498e-04,-1.970328306264500879e-04,-5.311351813408230843e-05,-1.001348931493466774e-03,-5.037388325802906203e-04,-4.093053608499206352e-04,-3.701140371229698464e-04,-3.236136890951276323e-04,-2.819749786298693557e-04,-2.306129930394431498e-04,-1.970328306264500879e-04,-5.311351813408230843e-05,1.184123336182684046e-04,-8.250843814873611405e-05,-1.183482232262791624e-04,-1.317560874343631522e-04,-1.299192209060935350e-04,-1.148680363902796500e-04,-1.047480278422273646e-04,-1.026857247527170660e-04,-1.466805165465868608e-04,1.184123336182684046e-04,-8.250843814873611405e-05,-1.183482232262791624e-04,-1.317560874343631522e-04,-1.299192209060935350e-04,-1.148680363902796500e-04,-1.047480278422273646e-04,-1.026857247527170660e-04,-1.466805165465868608e-04
cdo,5.130000000000000011e-03,5.230000000000000274e-03,5.349999999999999721e-03,5.479999999999999628e-03,5.619999999999999996e-03,5.799999999999999600e-03,5.980000000000000072e-03,6.150000000000000085e-03,6.060000000000000282e-03,5.130000000000000011e-03,5.230000000000000274e-03,5.349999999999999721e-03,5.479999999999999628e-03,5.619999999999999996e-03,5.799999999999999600e-03,5.980000000000000072e-03,6.150000000000000085e-03,6.060000000000000282e-03,5.660000000000000100e-03,5.780000000000000415e-03,5.890000000000000270e-03,6.009999999999999717e-03,6.139999999999999625e-03,6.300000000000000044e-03,6.429999999999999952e-03,6.649999999999999661e-03,6.769999999999999976e-03,5.660000000000000100e-03,5.780000000000000415e-03,5.890000000000000270e-03,6.009999999999999717e-03,6.139999999999999625e-03,6.300000000000000044e-03,6.429999999999999952e-03,6.649999999999999661e-03,6.769999999999999976e-03,5.239999999999999866e-03,5.309999999999999616e-03,5.380000000000000233e-03,5.459999999999999576e-03,5.559999999999999838e-03,5.669999999999999693e-03,5.810000000000000060e-03,5.980000000000000072e-03,6.199999999999999782e-03,5.239999999999999866e-03,5.309999999999999616e-03,5.380000000000000233e-03,5.459999999999999576e-03,5.559999999999999838e-03,5.669999999999999693e-03,5.810000000000000060e-03,5.980000000000000072e-03,6.199999999999999782e-03,5.579999999999999891e-03,5.610000000000000403e-03,5.640000000000000048e-03,5.680000000000000153e-03,5.709999999999999798e-03,5.749999999999999903e-03,5.790000000000000008e-03,5.839999999999999705e-03,5.879999999999999810e-03,5.579999999999999891e-03,5.610000000000000403e-03,5.640000000000000048e-03,5.680000000000000153e-03,5.709999999999999798e-03,5.749999999999999903e-03,5.790000000000000008e-03,5.839999999999999705e-03,5.879999999999999810e-03
cdo*c/cref,5.776402552204176408e-03,5.468575241177189156e-03,5.163974966418365467e-03,4.848926706557577133e-03,4.521025436561240847e-03,4.199578214678226402e-03,3.849187764073757397e-03,3.464228385639272437e-03,2.926382806203443789e-03,5.776402552204176408e-03,5.468575241177189156e-03,5.163974966418365467e-03,4.848926706557577133e-03,4.521025436561240847e-03,4.199578214678226402e-03,3.849187764073757397e-03,3.464228385639272437e-03,2.926382806203443789e-03,2.960437806814018597e-03,2.792712626694346303e-03,2.610983990719257814e-03,2.424516491635120025e-03,2.232113811210159355e-03,2.039052814751495836e-03,1.824717633410673093e-03,1.621965777262181002e-03,1.381265185004273846e-03,2.960437806814018597e-03,2.792712626694346303e-03,2.610983990719257814e-03,2.424516491635120025e-03,2.232113811210159355e-03,2.039052814751495836e-03,1.824717633410673093e-03,1.621965777262181002e-03,1.381265185004273846e-03,4.684882500915862197e-03,4.314279356453778677e-03,3.932255073879595102e-03,3.545302881914763615e-03,3.156652826962999189e-03,2.756548497985101664e-03,2.350634192209061051e-03,1.931567749419953531e-03,1.496835511051410354e-03,4.684882500915862197e-03,4.314279356453778677e-03,3.932255073879595102e-03,3.545302881914763615e-03,3.156652826962999189e-03,2.756548497985101664e-03,2.350634192209061051e-03,1.931567749419953531e-03,1.496835511051410354e-03,3.003367370863352891e-03,2.892952112590059955e-03,2.781183245817560323e-03,2.672766345097081150e-03,2.558064659909634834e-03,2.446263737941140656e-03,2.332658004640371461e-03,2.221054194651361519e-03,2.103613261692514284e-03,3.003367370863352891e-03,2.892952112590059955e-03,2.781183245817560323e-03,2.672766345097081150e-03,2.558064659909634834e-03,2.446263737941140656e-03,2.332658004640371461e-03,2.221054194651361519e-03,2.103613261692514284e-03
cl,7.906000000000000527e-02,1.241499999999999965e-01,1.607000000000000095e-01,1.942099999999999937e-01,2.258600000000000052e-01,2.600100000000000189e-01,2.887000000000000122e-01,3.103899999999999992e-01,2.573500000000000232e-01,7.906000000000000527e-02,1.241499999999999965e-01,1.607000000000000095e-01,1.942099999999999937e-01,2.258600000000000052e-01,2.600100000000000189e-01,2.887000000000000122e-01,3.103899999999999992e-01,2.573500000000000232e-01,5.675000000000000183e-02,1.418600000000000139e-01,1.746000000000000052e-01,1.964400000000000035e-01,2.196599999999999941e-01,2.439800000000000024e-01,2.533000000000000251e-01,2.810199999999999920e-01,2.783999999999999808e-01,5.675000000000000183e-02,1.418600000000000139e-01,1.746000000000000052e-01,1.964400000000000035e-01,2.196599999999999941e-01,2.439800000000000024e-01,2.533000000000000251e-01,2.810199999999999920e-01,2.783999999999999808e-01,-1.323000000000000044e-02,-7.559999999999999880e-03,-6.890000000000000291e-03,-6.939999999999999988e-03,-6.960000000000000041e-03,-7.080000000000000356e-03,-7.049999999999999843e-03,-7.550000000000000287e-03,-3.079999999999999839e-03,-1.323000000000000044e-02,-7.559999999999999880e-03,-6.890000000000000291e-03,-6.939999999999999988e-03,-6.960000000000000041e-03,-7.080000000000000356e-03,-7.049999999999999843e-03,-7.550000000000000287e-03,-3.079999999999999839e-03,2.040000000000000147e-03,-2.279999999999999909e-03,-3.259999999999999877e-03,-3.650000000000000033e-03,-3.789999999999999966e-03,-3.550000000000000204e-03,-3.510000000000000099e-03,-3.550000000000000204e-03,-5.150000000000000064e-03,2.040000000000000147e-03,-2.279999999999999909e-03,-3.259999999999999877e-03,-3.650000000000000033e-03,-3.789999999999999966e-03,-3.550000000000000204e-03,-3.510000000000000099e-03,-3.550000000000000204e-03,-5.150000000000000064e-03
cl*c/cref,8.902190755892050444e-02,1.298133109354011328e-01,1.551122947856881096e-01,1.718449006716326888e-01,1.816937375625839735e-01,1.882641951031872041e-01,1.858295163023568342e-01,1.748393249786298898e-01,1.242746889730125953e-01,8.902190755892050444e-02,1.298133109354011328e-01,1.551122947856881096e-01,1.718449006716326888e-01,1.816937375625839735e-01,1.882641951031872041e-01,1.858295163023568342e-01,1.748393249786298898e-01,1.242746889730125953e-01,2.968283490047624734e-02,6.854225142264012971e-02,7.739860862132127983e-02,7.924659228232995567e-02,7.985441690072046794e-02,7.896636599096348852e-02,7.188195591647332516e-02,6.854207860544632436e-02,5.680121528880203996e-02,2.968283490047624734e-02,6.854225142264012971e-02,7.739860862132127983e-02,7.924659228232995567e-02,7.985441690072046794e-02,7.896636599096348852e-02,7.188195591647332516e-02,6.854207860544632436e-02,5.680121528880203996e-02,-1.182843425326657663e-02,-6.142363829527414283e-03,-5.035917743314202721e-03,-4.506300732690194516e-03,-3.951493466845769006e-03,-3.442039394309439736e-03,-2.852318598119428505e-03,-2.438685034802784250e-03,-7.435892538771522774e-04,-1.182843425326657663e-02,-6.142363829527414283e-03,-5.035917743314202721e-03,-4.506300732690194516e-03,-3.951493466845769006e-03,-3.442039394309439736e-03,-2.852318598119428505e-03,-2.438685034802784250e-03,-7.435892538771522774e-04,1.098005275369398062e-03,-1.175745243619489341e-03,-1.607563365490291898e-03,-1.717534711197948351e-03,-1.697909818048601782e-03,-1.510301959946269527e-03,-1.414098375870069578e-03,-1.350127121748687315e-03,-1.842450390768103456e-03,1.098005275369398062e-03,-1.175745243619489341e-03,-1.607563365490291898e-03,-1.717534711197948351e-03,-1.697909818048601782e-03,-1.510301959946269527e-03,-1.414098375870069578e-03,-1.350127121748687315e-03,-1.842450390768103456e-03
cli,7.950999999999999734e-02,1.246099999999999985e-01,1.611599999999999977e-01,1.946900000000000019e-01,2.263499999999999956e-01,2.605199999999999738e-01,2.892199999999999771e-01,3.109299999999999842e-01,2.578799999999999981e-01,7.950999999999999734e-02,1.246099999999999985e-01,1.611599999999999977e-01,1.946900000000000019e-01,2.263499999999999956e-01,2.605199999999999738e-01,2.892199999999999771e-01,3.109299999999999842e-01,2.578799999999999981e-01,5.723999999999999921e-02,1.423599999999999866e-01,1.751099999999999879e-01,1.969599999999999962e-01,2.202000000000000068e-01,2.445299999999999974e-01,2.538699999999999846e-01,2.816000000000000170e-01,2.789900000000000158e-01,5.723999999999999921e-02,1.423599999999999866e-01,1.751099999999999879e-01,1.969599999999999962e-01,2.202000000000000068e-01,2.445299999999999974e-01,2.538699999999999846e-01,2.816000000000000170e-01,2.789900000000000158e-01,-1.277000000000000010e-02,-7.100000000000000408e-03,-6.420000000000000359e-03,-6.459999999999999597e-03,-6.470000000000000057e-03,-6.590000000000000371e-03,-6.539999999999999807e-03,-7.029999999999999791e-03,-2.540000000000000157e-03,-1.277000000000000010e-02,-7.100000000000000408e-03,-6.420000000000000359e-03,-6.459999999999999597e-03,-6.470000000000000057e-03,-6.590000000000000371e-03,-6.539999999999999807e-03,-7.029999999999999791e-03,-2.540000000000000157e-03,2.530000000000000131e-03,-1.789999999999999925e-03,-2.769999999999999893e-03,-3.150000000000000022e-03,-3.289999999999999956e-03,-3.050000000000000194e-03,-3.010000000000000089e-03,-3.040000000000000167e-03,-4.640000000000000027e-03,2.530000000000000131e-03,-1.789999999999999925e-03,-2.769999999999999893e-03,-3.150000000000000022e-03,-3.289999999999999956e-03,-3.050000000000000194e-03,-3.010000000000000089e-03,-3.040000000000000167e-03,-4.640000000000000027e-03
cli*c/cref,8.952860953718402848e-02,1.302942946086213249e-01,1.555563001099035114e-01,1.722696241787764204e-01,1.820879194956649128e-01,1.886334683599950879e-01,1.861642282818414817e-01,1.751435011295640609e-01,1.245306267431920966e-01,8.952860953718402848e-02,1.302942946086213249e-01,1.555563001099035114e-01,1.722696241787764204e-01,1.820879194956649128e-01,1.886334683599950879e-01,1.861642282818414817e-01,1.751435011295640609e-01,1.245306267431920966e-01,2.993912721944071154e-02,6.878383555989742160e-02,7.762468703138356019e-02,7.945636741970936445e-02,8.005072658444253864e-02,7.914437853828305836e-02,7.204371160092808146e-02,6.868354328977897827e-02,5.692159142752472450e-02,2.993912721944071154e-02,6.878383555989742160e-02,7.762468703138356019e-02,7.945636741970936445e-02,8.005072658444253864e-02,7.914437853828305836e-02,7.204371160092808146e-02,6.868354328977897827e-02,5.692159142752472450e-02,-1.141716594211747426e-02,-5.768622115032360533e-03,-4.692393601172305077e-03,-4.194625754060325035e-03,-3.673299242886799744e-03,-3.203819153742825873e-03,-2.645980656978874114e-03,-2.270722621809744511e-03,-6.132197093662230137e-04,-1.141716594211747426e-02,-5.768622115032360533e-03,-4.692393601172305077e-03,-4.194625754060325035e-03,-3.673299242886799744e-03,-3.203819153742825873e-03,-2.645980656978874114e-03,-2.270722621809744511e-03,-6.132197093662230137e-04,1.361741836610086626e-03,-9.230631517889850354e-04,-1.365935743069971852e-03,-1.482255983636585625e-03,-1.473911161313957692e-03,-1.297583374038344291e-03,-1.212659860788863194e-03,-1.156165197215777360e-03,-1.659994138478446514e-03,1.361741836610086626e-03,-9.230631517889850354e-04,-1.365935743069971852e-03,-1.482255983636585625e-03,-1.473911161313957692e-03,-1.297583374038344291e-03,-1.212659860788863194e-03,-1.156165197215777360e-03,-1.659994138478446514e-03
clo,-4.499999999999999877e-04,-4.600000000000000139e-04,-4.699999999999999859e-04,-4.800000000000000122e-04,-4.899999999999999842e-04,-5.100000000000000366e-04,-5.199999999999999544e-04,-5.400000000000000069e-04,-5.299999999999999807e-04,-4.499999999999999877e-04,-4.600000000000000139e-04,-4.699999999999999859e-04,-4.800000000000000122e-04,-4.899999999999999842e-04,-5.100000000000000366e-04,-5.199999999999999544e-04,-5.400000000000000069e-04,-5.299999999999999807e-04,-5.000000000000000104e-04,-5.100000000000000366e-04,-5.199999999999999544e-04,-5.299999999999999807e-04,-5.400000000000000069e-04,-5.500000000000000331e-04,-5.599999999999999509e-04,-5.800000000000000034e-04,-5.900000000000000296e-04,-5.000000000000000104e-04,-5.100000000000000366e-04,-5.199999999999999544e-04,-5.299999999999999807e-04,-5.400000000000000069e-04,-5.500000000000000331e-04,-5.599999999999999509e-04,-5.800000000000000034e-04,-5.900000000000000296e-04,-4.600000000000000139e-04,-4.600000000000000139e-04,-4.699999999999999859e-04,-4.800000000000000122e-04,-4.899999999999999842e-04,-5.000000000000000104e-04,-5.100000000000000366e-04,-5.199999999999999544e-04,-5.400000000000000069e-04,-4.600000000000000139e-04,-4.600000000000000139e-04,-4.699999999999999859e-04,-4.800000000000000122e-04,-4.899999999999999842e-04,-5.000000000000000104e-04,-5.100000000000000366e-04,-5.199999999999999544e-04,-5.400000000000000069e-04,-4.899999999999999842e-04,-4.899999999999999842e-04,-4.899999999999999842e-04,-5.000000000000000104e-04,-5.000000000000000104e-04,-5.000000000000000104e-04,-5.100000000000000366e-04,-5.100000000000000366e-04,-5.100000000000000366e-04,-4.899999999999999842e-04,-4.899999999999999842e-04,-4.899999999999999842e-04,-5.000000000000000104e-04,-5.000000000000000104e-04,-5.000000000000000104e-04,-5.100000000000000366e-04,-5.100000000000000366e-04,-5.100000000000000366e-04
clo*c/cref,-5.067019782635242501e-04,-4.809836732201733874e-04,-4.536576138722676313e-04,-4.247235071437294152e-04,-3.941819330809622803e-04,-3.692732568079130830e-04,-3.347119794846745351e-04,-3.041761509341800538e-04,-2.559377701795091165e-04,-5.067019782635242501e-04,-4.809836732201733874e-04,-4.536576138722676313e-04,-4.247235071437294152e-04,-3.941819330809622803e-04,-3.692732568079130830e-04,-3.347119794846745351e-04,-3.041761509341800538e-04,-2.559377701795091165e-04,-2.615227744535352449e-04,-2.464158200024423495e-04,-2.305113200634997946e-04,-2.138092746367077700e-04,-1.963096837220661671e-04,-1.780125473195750402e-04,-1.589178654292343351e-04,-1.414646843326413620e-04,-1.203761387226767520e-04,-2.615227744535352449e-04,-2.464158200024423495e-04,-2.305113200634997946e-04,-2.138092746367077700e-04,-1.963096837220661671e-04,-1.780125473195750402e-04,-1.589178654292343351e-04,-1.414646843326413620e-04,-1.203761387226767520e-04,-4.112683111491024211e-04,-3.737417144950542927e-04,-3.435241421418976982e-04,-3.116749786298693729e-04,-2.781942239589693710e-04,-2.430818781291977195e-04,-2.063379411405544186e-04,-1.679624129930394139e-04,-1.303695445109292908e-04,-4.112683111491024211e-04,-3.737417144950542927e-04,-3.435241421418976982e-04,-3.116749786298693729e-04,-2.781942239589693710e-04,-2.430818781291977195e-04,-2.063379411405544186e-04,-1.679624129930394139e-04,-1.303695445109292908e-04,-2.637365612406887268e-04,-2.526820918305043052e-04,-2.416276224203199379e-04,-2.352787275613627796e-04,-2.239986567346440353e-04,-2.127185859079252909e-04,-2.054672853828306515e-04,-1.939619245329100091e-04,-1.824562522896568605e-04,-2.637365612406887268e-04,-2.526820918305043052e-04,-2.416276224203199379e-04,-2.352787275613627796e-04,-2.239986567346440353e-04,-2.127185859079252909e-04,-2.054672853828306515e-04,-1.939619245329100091e-04,-1.824562522896568605e-04
cmx,2.530999999999999917e-02,5.600999999999999729e-02,9.751999999999999558e-02,1.536099999999999965e-01,2.285600000000000132e-01,3.333400000000000252e-01,4.675900000000000056e-01,6.374499999999999611e-01,6.780699999999999505e-01,-2.530999999999999917e-02,-5.600999999999999729e-02,-9.751999999999999558e-02,-1.536099999999999965e-01,-2.285600000000000132e-01,-3.333400000000000252e-01,-4.675900000000000056e-01,-6.374499999999999611e-01,-6.780699999999999505e-01,3.597000000000000197e-02,1.094500000000000056e-01,1.713200000000000001e-01,2.423700000000000021e-01,3.387100000000000111e-01,4.699400000000000244e-01,6.126300000000000079e-01,8.632900000000000018e-01,1.109339999999999993e+00,-3.597000000000000197e-02,-1.094500000000000056e-01,-1.713200000000000001e-01,-2.423700000000000021e-01,-3.387100000000000111e-01,-4.699400000000000244e-01,-6.126300000000000079e-01,-8.632900000000000018e-01,-1.109339999999999993e+00,-1.827000000000000152e-02,-1.594999999999999890e-02,-2.026000000000000023e-02,-2.750000000000000014e-02,-3.672999999999999876e-02,-4.977000000000000174e-02,-6.678000000000000602e-02,-9.961000000000000409e-02,-5.197999999999999843e-02,1.827000000000000152e-02,1.594999999999999890e-02,2.026000000000000023e-02,2.750000000000000014e-02,3.672999999999999876e-02,4.977000000000000174e-02,6.678000000000000602e-02,9.961000000000000409e-02,5.197999999999999843e-02,3.210000000000000180e-03,-2.880000000000000181e-03,-5.120000000000000419e-03,-6.669999999999999714e-03,-7.929999999999999549e-03,-8.359999999999999376e-03,-9.339999999999999344e-03,-1.068999999999999985e-02,-1.864999999999999991e-02,-3.210000000000000180e-03,2.880000000000000181e-03,5.120000000000000419e-03,6.669999999999999714e-03,7.929999999999999549e-03,8.359999999999999376e-03,9.339999999999999344e-03,1.068999999999999985e-02,1.864999999999999991e-02
cmx*c/cref,2.849917126633288653e-02,5.856499029796067429e-02,9.412912873366710564e-02,1.359203706923922395e-01,1.838657604591525385e-01,2.413598969104897018e-01,3.009768740139210919e-01,3.590686803944315719e-01,3.274409883502258922e-01,-2.849917126633288653e-02,-5.856499029796067429e-02,-9.412912873366710564e-02,-1.359203706923922395e-01,-1.838657604591525385e-01,-2.413598969104897018e-01,-3.009768740139210919e-01,-3.590686803944315719e-01,-3.274409883502258922e-01,1.881394839418732562e-02,5.288276764562217791e-02,7.594461414092074092e-02,9.777538470509218593e-02,1.231334314324093182e-01,1.521003936133838164e-01,1.738533069605568693e-01,2.105604264440102680e-01,2.263357046281597174e-01,-1.881394839418732562e-02,-5.288276764562217791e-02,-7.594461414092074092e-02,-9.777538470509218593e-02,-1.231334314324093182e-01,-1.521003936133838164e-01,-1.738533069605568693e-01,-2.105604264440102680e-01,-2.263357046281597174e-01,-1.633450444498717874e-02,-1.295908770912199137e-02,-1.480808323360605777e-02,-1.785637898400293383e-02,-2.085321193063866332e-02,-2.419637014898034025e-02,-2.701813276346318529e-02,-3.217449222737819164e-02,-1.254927578458908330e-02,1.633450444498717874e-02,1.295908770912199137e-02,1.480808323360605777e-02,1.785637898400293383e-02,2.085321193063866332e-02,2.419637014898034025e-02,2.701813276346318529e-02,3.217449222737819164e-02,1.254927578458908330e-02,1.727743595066552791e-03,-1.485151886677249945e-03,-2.524762095493955898e-03,-3.138618225668579446e-03,-3.552618695811454036e-03,-3.556654756380510547e-03,-3.762871461716936917e-03,-4.065594065209426899e-03,-6.672174716082549494e-03,-1.727743595066552791e-03,1.485151886677249945e-03,2.524762095493955898e-03,3.138618225668579446e-03,3.552618695811454036e-03,3.556654756380510547e-03,3.762871461716936917e-03,4.065594065209426899e-03,6.672174716082549494e-03
cmxi,2.530999999999999917e-02,5.600999999999999729e-02,9.751999999999999558e-02,1.536099999999999965e-01,2.285600000000000132e-01,3.333400000000000252e-01,4.675900000000000056e-01,6.374499999999999611e-01,6.780699999999999505e-01,-2.530999999999999917e-02,-5.600999999999999729e-02,-9.751999999999999558e-02,-1.536099999999999965e-01,-2.285600000000000132e-01,-3.333400000000000252e-01,-4.675900000000000056e-01,-6.374499999999999611e-01,-6.780699999999999505e-01,3.597000000000000197e-02,1.094500000000000056e-01,1.713200000000000001e-01,2.423700000000000021e-01,3.387100000000000111e-01,4.699400000000000244e-01,6.126300000000000079e-01,8.632900000000000018e-01,1.109339999999999993e+00,-3.597000000000000197e-02,-1.094500000000000056e-01,-1.713200000000000001e-01,-2.423700000000000021e-01,-3.387100000000000111e-01,-4.699400000000000244e-01,-6.126300000000000079e-01,-8.632900000000000018e-01,-1.109339999999999993e+00,-1.827000000000000152e-02,-1.594999999999999890e-02,-2.026000000000000023e-02,-2.750000000000000014e-02,-3.672999999999999876e-02,-4.977000000000000174e-02,-6.678000000000000602e-02,-9.961000000000000409e-02,-5.197999999999999843e-02,1.827000000000000152e-02,1.594999999999999890e-02,2.026000000000000023e-02,2.750000000000000014e-02,3.672999999999999876e-02,4.977000000000000174e-02,6.678000000000000602e-02,9.961000000000000409e-02,5.197999999999999843e-02,3.210000000000000180e-03,-2.880000000000000181e-03,-5.120000000000000419e-03,-6.669999999999999714e-03,-7.929999999999999549e-03,-8.359999999999999376e-03,-9.339999999999999344e-03,-1.068999999999999985e-02,-1.864999999999999991e-02,-3.210000000000000180e-03,2.880000000000000181e-03,5.120000000000000419e-03,6.669999999999999714e-03,7.929999999999999549e-03,8.359999999999999376e-03,9.339999999999999344e-03,1.068999999999999985e-02,1.864999999999999991e-02
cmxi*c/cref,2.849917126633288653e-02,5.856499029796067429e-02,9.412912873366710564e-02,1.359203706923922395e-01,1.838657604591525385e-01,2.413598969104897018e-01,3.009768740139210919e-01,3.590686803944315719e-01,3.274409883502258922e-01,-2.849917126633288653e-02,-5.856499029796067429e-02,-9.412912873366710564e-02,-1.359203706923922395e-01,-1.838657604591525385e-01,-2.413598969104897018e-01,-3.009768740139210919e-01,-3.590686803944315719e-01,-3.274409883502258922e-01,1.881394839418732562e-02,5.288276764562217791e-02,7.594461414092074092e-02,9.777538470509218593e-02,1.231334314324093182e-01,1.521003936133838164e-01,1.738533069605568693e-01,2.105604264440102680e-01,2.263357046281597174e-01,-1.881394839418732562e-02,-5.288276764562217791e-02,-7.594461414092074092e-02,-9.777538470509218593e-02,-1.231334314324093182e-01,-1.521003936133838164e-01,-1.738533069605568693e-01,-2.105604264440102680e-01,-2.263357046281597174e-01,-1.633450444498717874e-02,-1.295908770912199137e-02,-1.480808323360605777e-02,-1.785637898400293383e-02,-2.085321193063866332e-02,-2.419637014898034025e-02,-2.701813276346318529e-02,-3.217449222737819164e-02,-1.254927578458908330e-02,1.633450444498717874e-02,1.295908770912199137e-02,1.480808323360605777e-02,1.785637898400293383e-02,2.085321193063866332e-02,2.419637014898034025e-02,2.701813276346318529e-02,3.217449222737819164e-02,1.254927578458908330e-02,1.727743595066552791e-03,-1.485151886677249945e-03,-2.524762095493955898e-03,-3.138618225668579446e-03,-3.552618695811454036e-03,-3.556654756380510547e-03,-3.762871461716936917e-03,-4.065594065209426899e-03,-6.672174716082549494e-03,-1.727743595066552791e-03,1.485151886677249945e-03,2.524762095493955898e-03,3.138618225668579446e-03,3.552618695811454036e-03,3.556654756380510547e-03,3.762871461716936917e-03,4.065594065209426899e-03,6.672174716082549494e-03
cmxo,0.000000000000000000e+00,0.000000000000000000e+00,0.000000000000000000e+00,0.000000000000000000e+00,0.000000000000000000e+00,0.000000000000000000e+00,0.000000000000000000e+00,0.000000000000000000e+00,0.000000000000000000e+00,-0.000000000000000000e+00,-0.000000000000000000e+00,-0.000000000000000000e+00,-0.000000000000000000e+00,-0.000000000000000000e+00,-0.000000000000000000e+00,-0.000000000000000000e+00,-0.000000000000000000e+00,-0.000000000000000000e+00,0.000000000000000000e+00,0.000000000000000000e+00,0.000000000000000000e+00,0.000000000000000000e+00,0.000000000000000000e+00,0.000000000000000000e+00,0.000000000000000000e+00,0.000000000000000000e+00,0.000000000000000000e+00,-0.000000000000000000e+00,-0.000000000000000000e+00,-0.000000000000000000e+00,-0.000000000000000000e+00,-0.000000000000000000e+00,-0.000000000000000000e+00,-0.000000000000000000e+00,-0.000000000000000000e+00,-0.000000000000000000e+00,0.000000000000000000e+00,0.000000000000000000e+00,0.000000000000000000e+00,0.000000000000000000e+00,0.000000000000000000e+00,0.000000000000000000e+00,0.000000000000000000e+00,0.000000000000000000e+00,0.000000000000000000e+00,-0.000000000000000000e+00,-0.000000000000000000e+00,-0.000000000000000000e+00,-0.000000000000000000e+00,-0.000000000000000000e+00,-0.000000000000000000e+00,-0.000000000000000000e+00,-0.000000000000000000e+00,-0.000000000000000000e+00,0.000000000000000000e+00,0.000000000000000000e+00,0.000000000000000000e+00,0.000000000000000000e+00,0.000000000000000000e+00,0.000000000000000000e+00,0.000000000000000000e+00,0.000000000000000000e+00,0.000000000000000000e+00,0.000000000000000000e+00,0.000000000000000000e+00,0.000000000000000000e+00,0.000000000000000000e+00,0.000000000000000000e+00,0.000000000000000000e+00,0.000000000000000000e+00,0.000000000000000000e+00,0.000000000000000000e+00
cmxo*c/cref,0.000000000000000000e+00,0.000000000000000000e+00,0.000000000000000000e+00,0.000000000000000000e+00,0.000000000000000000e+00,0.000000000000000000e+00,0.000000000000000000e+00,0.000000000000000000e+00,0.000000000000000000e+00,-0.000000000000000000e+00,-0.000000000000000000e+00,-0.000000000000000000e+00,-0.000000000000000000e+00,-0.000000000000000000e+00,-0.000000000000000000e+00,-0.000000000000000000e+00,-0.000000000000000000e+00,-0.000000000000000000e+00,0.000000000000000000e+00,0.000000000000000000e+00,0.000000000000000000e+00,0.000000000000000000e+00,0.000000000000000000e+00,0.000000000000000000e+00,0.000000000000000000e+00,0.000000000000000000e+00,0.000000000000000000e+00,-0.000000000000000000e+00,-0.000000000000000000e+00,-0.000000000000000000e+00,-0.000000000000000000e+00,-0.000000000000000000e+00,-0.000000000000000000e+00,-0.000000000000000000e+00,-0.000000000000000000e+00,-0.000000000000000000e+00,0.000000000000000000e+00,0.000000000000000000e+00,0.000000000000000000e+00,0.000000000000000000e+00,0.000000000000000000e+00,0.000000000000000000e+00,0.000000000000000000e+00,0.000000000000000000e+00,0.000000000000000000e+00,-0.000000000000000000e+00,-0.000000000000000000e+00,-0.000000000000000000e+00,-0.000000000000000000e+00,-0.000000000000000000e+00,-0.000000000000000000e+00,-0.000000000000000000e+00,-0.000000000000000000e+00,-0.000000000000000000e+00,0.000000000000000000e+00,0.000000000000000000e+00,0.000000000000000000e+00,0.000000000000000000e+00,0.000000000000000000e+00,0.000000000000000000e+00,0.000000000000000000e+00,0.000000000000000000e+00,0.000000000000000000e+00,0.000000000000000000e+00,0.000000000000000000e+00,0.000000000000000000e+00,0.000000000000000000e+00,0.000000000000000000e+00,0.000000000000000000e+00,0.000000000000000000e+00,0.000000000000000000e+00,0.000000000000000000e+00
cmy,-1.851500000000000090e-01,-3.227400000000000269e-01,-4.675099999999999811e-01,-6.366800000000000237e-01,-8.398799999999999599e-01,-1.109660000000000091e+00,-1.425359999999999960e+00,-1.800010000000000110e+00,-1.768990000000000062e+00,-1.851500000000000090e-01,-3.227400000000000269e-01,-4.675099999999999811e-01,-6.366800000000000237e-01,-8.398799999999999599e-01,-1.109660000000000091e+00,-1.425359999999999960e+00,-1.800010000000000110e+00,-1.768990000000000062e+00,-3.888699999999999934e-01,-1.101990000000000025e+00,-1.508629999999999916e+00,-1.897540000000000004e+00,-2.397440000000000015e+00,-3.045279999999999987e+00,-3.660629999999999828e+00,-4.808670000000000222e+00,-5.794270000000000032e+00,-3.888699999999999934e-01,-1.101990000000000025e+00,-1.508629999999999916e+00,-1.897540000000000004e+00,-2.397440000000000015e+00,-3.045279999999999987e+00,-3.660629999999999828e+00,-4.808670000000000222e+00,-5.794270000000000032e+00,5.077999999999999875e-02,3.135000000000000286e-02,3.214999999999999802e-02,3.742999999999999799e-02,4.420000000000000318e-02,5.408000000000000307e-02,6.658999999999999642e-02,9.188999999999999946e-02,5.417999999999999899e-02,5.077999999999999875e-02,3.135000000000000286e-02,3.214999999999999802e-02,3.742999999999999799e-02,4.420000000000000318e-02,5.408000000000000307e-02,6.658999999999999642e-02,9.188999999999999946e-02,5.417999999999999899e-02,-1.842999999999999847e-02,1.044999999999999922e-02,1.782999999999999863e-02,2.130999999999999908e-02,2.323000000000000065e-02,2.212000000000000077e-02,2.280000000000000082e-02,2.443999999999999992e-02,4.231000000000000039e-02,-1.842999999999999847e-02,1.044999999999999922e-02,1.782999999999999863e-02,2.130999999999999908e-02,2.323000000000000065e-02,2.212000000000000077e-02,2.280000000000000082e-02,2.443999999999999992e-02,4.231000000000000039e-02
cmy*c/cref,-2.084797139455367154e-01,-3.374623275979973247e-01,-4.512541937477103082e-01,-5.633603386005617830e-01,-6.756439223592624055e-01,-8.034662002930761382e-01,-9.174712828428378542e-01,-1.013926136005617540e+00,-8.542478416412261355e-01,-2.084797139455367154e-01,-3.374623275979973247e-01,-4.512541937477103082e-01,-5.633603386005617830e-01,-6.756439223592624055e-01,-8.034662002930761382e-01,-9.174712828428378542e-01,-1.013926136005617540e+00,-8.542478416412261355e-01,-2.033967226034924802e-01,-5.324466068323361334e-01,-6.687621015142263259e-01,-7.654936811210159009e-01,-8.715568298937598213e-01,-9.856328183661008380e-01,-1.038820545939675322e+00,-1.172856868292831978e+00,-1.182189575112956303e+00,-2.033967226034924802e-01,-5.324466068323361334e-01,-6.687621015142263259e-01,-7.654936811210159009e-01,-8.715568298937598213e-01,-9.856328183661008380e-01,-1.038820545939675322e+00,-1.172856868292831978e+00,-1.182189575112956303e+00,4.540044530467700346e-02,2.547131032482598603e-02,2.349851312736597753e-02,2.430415510440835439e-02,2.509425448772744510e-02,2.629173593845402640e-02,2.694126176578336834e-02,2.968089640371229451e-02,1.308041096592990615e-02,4.540044530467700346e-02,2.547131032482598603e-02,2.349851312736597753e-02,2.430415510440835439e-02,2.509425448772744510e-02,2.629173593845402640e-02,2.694126176578336834e-02,2.968089640371229451e-02,1.308041096592990615e-02,-9.919724129930392389e-03,5.388832366589326253e-03,8.792286750518988822e-03,1.002757936866528060e-02,1.040697759189156135e-02,9.410670240566614692e-03,9.185596287703016657e-03,9.294959677616313962e-03,1.513671379289290367e-02,-9.919724129930392389e-03,5.388832366589326253e-03,8.792286750518988822e-03,1.002757936866528060e-02,1.040697759189156135e-02,9.410670240566614692e-03,9.185596287703016657e-03,9.294959677616313962e-03,1.513671379289290367e-02
cmyi,-1.855400000000000105e-01,-3.231200000000000183e-01,-4.678700000000000081e-01,-6.370200000000000307e-01,-8.401999999999999469e-01,-1.109949999999999992e+00,-1.425599999999999978e+00,-1.800189999999999957e+00,-1.769069999999999920e+00,-1.855400000000000105e-01,-3.231200000000000183e-01,-4.678700000000000081e-01,-6.370200000000000307e-01,-8.401999999999999469e-01,-1.109949999999999992e+00,-1.425599999999999978e+00,-1.800189999999999957e+00,-1.769069999999999920e+00,-3.888699999999999934e-01,-1.101990000000000025e+00,-1.508629999999999916e+00,-1.897540000000000004e+00,-2.397440000000000015e+00,-3.045279999999999987e+00,-3.660629999999999828e+00,-4.808670000000000222e+00,-5.794270000000000032e+00,-3.888699999999999934e-01,-1.101990000000000025e+00,-1.508629999999999916e+00,-1.897540000000000004e+00,-2.397440000000000015e+00,-3.045279999999999987e+00,-3.660629999999999828e+00,-4.808670000000000222e+00,-5.794270000000000032e+00,4.984000000000000236e-02,2.988000000000000031e-02,3.004000000000000073e-02,3.448999999999999982e-02,4.016999999999999738e-02,4.855000000000000288e-02,5.888999999999999790e-02,8.079999999999999682e-02,3.719000000000000083e-02,4.984000000000000236e-02,2.988000000000000031e-02,3.004000000000000073e-02,3.448999999999999982e-02,4.016999999999999738e-02,4.855000000000000288e-02,5.888999999999999790e-02,8.079999999999999682e-02,3.719000000000000083e-02,-1.735000000000000084e-02,1.176999999999999921e-02,1.941999999999999976e-02,2.319999999999999840e-02,2.545000000000000040e-02,2.469999999999999973e-02,2.580000000000000002e-02,2.790000000000000119e-02,4.630999999999999700e-02,-1.735000000000000084e-02,1.176999999999999921e-02,1.941999999999999976e-02,2.319999999999999840e-02,2.545000000000000040e-02,2.469999999999999973e-02,2.580000000000000002e-02,2.790000000000000119e-02,4.630999999999999700e-02
cmyi*c/cref,-2.089188556600317659e-01,-3.378596619367444376e-01,-4.516016761753571807e-01,-5.636611844181219633e-01,-6.759013472951520551e-01,-8.036761792038099594e-01,-9.176257652949078025e-01,-1.014027528055928773e+00,-8.542864737574795697e-01,-2.089188556600317659e-01,-3.378596619367444376e-01,-4.516016761753571807e-01,-5.636611844181219633e-01,-6.759013472951520551e-01,-8.036761792038099594e-01,-9.176257652949078025e-01,-1.014027528055928773e+00,-8.542864737574795697e-01,-2.033967226034924802e-01,-5.324466068323361334e-01,-6.687621015142263259e-01,-7.654936811210159009e-01,-8.715568298937598213e-01,-9.856328183661008380e-01,-1.038820545939675322e+00,-1.172856868292831978e+00,-1.182189575112956303e+00,-2.033967226034924802e-01,-5.324466068323361334e-01,-6.687621015142263259e-01,-7.654936811210159009e-01,-8.715568298937598213e-01,-9.856328183661008380e-01,-1.038820545939675322e+00,-1.172856868292831978e+00,-1.182189575112956303e+00,4.456002745145927479e-02,2.427696180241787488e-02,2.195630899987788612e-02,2.239514586030040555e-02,2.280624893149346688e-02,2.360325036634509932e-02,2.382596343875931222e-02,2.609877494199535491e-02,8.978598815484186216e-03,4.456002745145927479e-02,2.427696180241787488e-02,2.195630899987788612e-02,2.239514586030040555e-02,2.280624893149346688e-02,2.360325036634509932e-02,2.382596343875931222e-02,2.609877494199535491e-02,8.978598815484186216e-03,-9.338427219440713703e-03,6.069526981316399235e-03,9.576343729393088644e-03,1.091693295884723150e-02,1.140153162779338099e-02,1.050829814385150808e-02,1.039422737819025583e-02,1.061085822444743018e-02,1.656774322261570301e-02,-9.338427219440713703e-03,6.069526981316399235e-03,9.576343729393088644e-03,1.091693295884723150e-02,1.140153162779338099e-02,1.050829814385150808e-02,1.039422737819025583e-02,1.061085822444743018e-02,1.656774322261570301e-02
cmyo,3.899999999999999929e-04,3.800000000000000209e-04,3.600000000000000227e-04,3.499999999999999964e-04,3.200000000000000262e-04,2.900000000000000017e-04,2.400000000000000061e-04,1.800000000000000113e-04,8.000000000000000654e-05,3.899999999999999929e-04,3.800000000000000209e-04,3.600000000000000227e-04,3.499999999999999964e-04,3.200000000000000262e-04,2.900000000000000017e-04,2.400000000000000061e-04,1.800000000000000113e-04,8.000000000000000654e-05,0.000000000000000000e+00,0.000000000000000000e+00,0.000000000000000000e+00,0.000000000000000000e+00,0.000000000000000000e+00,0.000000000000000000e+00,0.000000000000000000e+00,0.000000000000000000e+00,0.000000000000000000e+00,0.000000000000000000e+00,0.000000000000000000e+00,0.000000000000000000e+00,0.000000000000000000e+00,0.000000000000000000e+00,0.000000000000000000e+00,0.000000000000000000e+00,0.000000000000000000e+00,0.000000000000000000e+00,9.499999999999999981e-04,1.469999999999999953e-03,2.109999999999999896e-03,2.939999999999999905e-03,4.029999999999999728e-03,5.530000000000000193e-03,7.700000000000000247e-03,1.110000000000000049e-02,1.700000000000000122e-02,9.499999999999999981e-04,1.469999999999999953e-03,2.109999999999999896e-03,2.939999999999999905e-03,4.029999999999999728e-03,5.530000000000000193e-03,7.700000000000000247e-03,1.110000000000000049e-02,1.700000000000000122e-02,-1.080000000000000014e-03,-1.319999999999999993e-03,-1.590000000000000050e-03,-1.879999999999999944e-03,-2.210000000000000159e-03,-2.579999999999999828e-03,-2.990000000000000036e-03,-3.459999999999999968e-03,-3.989999999999999623e-03,-1.080000000000000014e-03,-1.319999999999999993e-03,-1.590000000000000050e-03,-1.879999999999999944e-03,-2.210000000000000159e-03,-2.579999999999999828e-03,-2.990000000000000036e-03,-3.459999999999999968e-03,-3.989999999999999623e-03
cmyo*c/cref,4.391417144950543103e-04,3.973343387470997619e-04,3.474824276468433163e-04,3.096942239589693777e-04,2.574249358896080198e-04,2.099789107339113418e-04,1.544824520698497917e-04,1.013920503113933513e-04,3.863211625351081107e-05,4.391417144950543103e-04,3.973343387470997619e-04,3.474824276468433163e-04,3.096942239589693777e-04,2.574249358896080198e-04,2.099789107339113418e-04,1.544824520698497917e-04,1.013920503113933513e-04,3.863211625351081107e-05,0.000000000000000000e+00,0.000000000000000000e+00,0.000000000000000000e+00,0.000000000000000000e+00,0.000000000000000000e+00,0.000000000000000000e+00,0.000000000000000000e+00,0.000000000000000000e+00,0.000000000000000000e+00,0.000000000000000000e+00,0.000000000000000000e+00,0.000000000000000000e+00,0.000000000000000000e+00,0.000000000000000000e+00,0.000000000000000000e+00,0.000000000000000000e+00,0.000000000000000000e+00,0.000000000000000000e+00,8.493584686774940939e-04,1.194348522408108333e-03,1.542204127488093794e-03,1.909009244107949706e-03,2.288005556233972584e-03,2.688485572108926646e-03,3.115298327024056992e-03,3.585351508120649365e-03,4.104226401269996279e-03,8.493584686774940939e-04,1.194348522408108333e-03,1.542204127488093794e-03,1.909009244107949706e-03,2.288005556233972584e-03,2.688485572108926646e-03,3.115298327024056992e-03,3.585351508120649365e-03,4.104226401269996279e-03,-5.812969104896812886e-04,-6.806946147270728732e-04,-7.840569788740994967e-04,-8.846480156307240687e-04,-9.900740627671266413e-04,-1.097627903284894256e-03,-1.204602320185614930e-03,-1.315898546831114919e-03,-1.427451856148491665e-03,-5.812969104896812886e-04,-6.806946147270728732e-04,-7.840569788740994967e-04,-8.846480156307240687e-04,-9.900740627671266413e-04,-1.097627903284894256e-03,-1.204602320185614930e-03,-1.315898546831114919e-03,-1.427451856148491665e-03
cmz,1.457999999999999921e-02,2.588999999999999982e-02,3.767000000000000209e-02,5.138000000000000206e-02,6.779999999999999916e-02,8.966000000000000358e-02,1.150400000000000034e-01,1.448699999999999988e-01,1.388500000000000012e-01,-1.457999999999999921e-02,-2.588999999999999982e-02,-3.767000000000000209e-02,-5.138000000000000206e-02,-6.779999999999999916e-02,-8.966000000000000358e-02,-1.150400000000000034e-01,-1.448699999999999988e-01,-1.388500000000000012e-01,-3.330000000000000061e-03,-4.429999999999999910e-03,-5.760000000000000363e-03,-7.389999999999999868e-03,-9.440000000000000474e-03,-1.209999999999999964e-02,-1.552000000000000081e-02,-2.036999999999999922e-02,-2.689000000000000071e-02,3.330000000000000061e-03,4.429999999999999910e-03,5.760000000000000363e-03,7.389999999999999868e-03,9.440000000000000474e-03,1.209999999999999964e-02,1.552000000000000081e-02,2.036999999999999922e-02,2.689000000000000071e-02,3.531099999999999794e-01,2.108800000000000119e-01,2.116999999999999993e-01,2.430299999999999960e-01,2.829499999999999793e-01,3.419300000000000117e-01,4.145800000000000041e-01,5.690199999999999703e-01,2.562099999999999933e-01,-3.531099999999999794e-01,-2.108800000000000119e-01,-2.116999999999999993e-01,-2.430299999999999960e-01,-2.829499999999999793e-01,-3.419300000000000117e-01,-4.145800000000000041e-01,-5.690199999999999703e-01,-2.562099999999999933e-01,7.903999999999999915e-02,-5.811000000000000193e-02,-9.428000000000000269e-02,-1.122699999999999948e-01,-1.230699999999999988e-01,-1.198199999999999960e-01,-1.252500000000000002e-01,-1.354499999999999871e-01,-2.224099999999999966e-01,-7.903999999999999915e-02,5.811000000000000193e-02,9.428000000000000269e-02,1.122699999999999948e-01,1.230699999999999988e-01,1.198199999999999960e-01,1.252500000000000002e-01,1.354499999999999871e-01,2.224099999999999966e-01
cmz*c/cref,1.641714409573818631e-02,2.707101586884845534e-02,3.636017513737940798e-02,4.546311207717670250e-02,5.454190829161070092e-02,6.491968667724996866e-02,7.404858869214800410e-02,8.160370182561973995e-02,6.705086677249970373e-02,-1.641714409573818631e-02,-2.707101586884845534e-02,-3.636017513737940798e-02,-4.546311207717670250e-02,-5.454190829161070092e-02,-6.491968667724996866e-02,-7.404858869214800410e-02,-8.160370182561973995e-02,-6.705086677249970373e-02,-1.741741677860544598e-03,-2.140435456099645892e-03,-2.553356160703382574e-03,-2.981227433142019569e-03,-3.431784100622786368e-03,-3.916276041030650884e-03,-4.404295127610209637e-03,-4.968337275613628028e-03,-5.486295542801318190e-03,1.741741677860544598e-03,2.140435456099645892e-03,2.553356160703382574e-03,2.981227433142019569e-03,3.431784100622786368e-03,3.916276041030650884e-03,4.404295127610209637e-03,4.968337275613628028e-03,5.486295542801318190e-03,3.157020724996946748e-01,1.713362016363414175e-01,1.547320444498717917e-01,1.578049376175357232e-01,1.606429707534497431e-01,1.662339731774331586e-01,1.677325169373549973e-01,1.837961004640371043e-01,6.185552036878740056e-02,-3.157020724996946748e-01,-1.713362016363414175e-01,-1.547320444498717917e-01,-1.578049376175357232e-01,-1.606429707534497431e-01,-1.662339731774331586e-01,-1.677325169373549973e-01,-1.837961004640371043e-01,-6.185552036878740056e-02,4.254232204176333632e-02,-2.996603338014409285e-02,-4.649112702405666653e-02,-5.282948548662839972e-02,-5.513502936866528092e-02,-5.097588192697521253e-02,-5.046034802784223061e-02,-5.151400525094638333e-02,-7.956881386616192209e-02,-4.254232204176333632e-02,2.996603338014409285e-02,4.649112702405666653e-02,5.282948548662839972e-02,5.513502936866528092e-02,5.097588192697521253e-02,5.046034802784223061e-02,5.151400525094638333e-02,7.956881386616192209e-02
cmzi,1.623000000000000137e-02,2.826999999999999999e-02,4.093000000000000110e-02,5.573000000000000176e-02,7.351000000000000589e-02,9.711000000000000187e-02,1.247199999999999975e-01,1.575000000000000011e-01,1.547699999999999909e-01,-1.623000000000000137e-02,-2.826999999999999999e-02,-4.093000000000000110e-02,-5.573000000000000176e-02,-7.351000000000000589e-02,-9.711000000000000187e-02,-1.247199999999999975e-01,-1.575000000000000011e-01,-1.547699999999999909e-01,0.000000000000000000e+00,0.000000000000000000e+00,0.000000000000000000e+00,-0.000000000000000000e+00,0.000000000000000000e+00,0.000000000000000000e+00,0.000000000000000000e+00,0.000000000000000000e+00,0.000000000000000000e+00,-0.000000000000000000e+00,-0.000000000000000000e+00,-0.000000000000000000e+00,0.000000000000000000e+00,0.000000000000000000e+00,-0.000000000000000000e+00,-0.000000000000000000e+00,-0.000000000000000000e+00,-0.000000000000000000e+00,3.546099999999999808e-01,2.126099999999999934e-01,2.137100000000000111e-01,2.454000000000000070e-01,2.857899999999999885e-01,3.454200000000000048e-01,4.189999999999999836e-01,5.748999999999999666e-01,2.645899999999999919e-01,-3.546099999999999808e-01,-2.126099999999999934e-01,-2.137100000000000111e-01,-2.454000000000000070e-01,-2.857899999999999885e-01,-3.454200000000000048e-01,-4.189999999999999836e-01,-5.748900000000000121e-01,-2.645899999999999919e-01,8.161000000000000199e-02,-5.537000000000000255e-02,-9.135999999999999677e-02,-1.091400000000000009e-01,-1.197199999999999931e-01,-1.162200000000000039e-01,-1.213700000000000057e-01,-1.312500000000000056e-01,-2.178499999999999881e-01,-8.161000000000000199e-02,5.537000000000000255e-02,9.135999999999999677e-02,1.091400000000000009e-01,1.197199999999999931e-01,1.162200000000000039e-01,1.213700000000000057e-01,1.312500000000000056e-01,2.178499999999999881e-01
cmzi*c/cref,1.827505134937110892e-02,2.955958356942239504e-02,3.950682156551471591e-02,4.931216886066674965e-02,5.913533449139089793e-02,7.031397248748320894e-02,8.027938092563194350e-02,8.871804402246917520e-02,7.473865790694834976e-02,-1.827505134937110892e-02,-2.955958356942239504e-02,-3.950682156551471591e-02,-4.931216886066674965e-02,-5.913533449139089793e-02,-7.031397248748320894e-02,-8.027938092563194350e-02,-8.871804402246917520e-02,-7.473865790694834976e-02,0.000000000000000000e+00,0.000000000000000000e+00,0.000000000000000000e+00,-0.000000000000000000e+00,0.000000000000000000e+00,0.000000000000000000e+00,0.000000000000000000e+00,0.000000000000000000e+00,0.000000000000000000e+00,-0.000000000000000000e+00,-0.000000000000000000e+00,-0.000000000000000000e+00,0.000000000000000000e+00,0.000000000000000000e+00,-0.000000000000000000e+00,-0.000000000000000000e+00,-0.000000000000000000e+00,-0.000000000000000000e+00,3.170431648186591289e-01,1.727417954756380325e-01,1.562011583343509702e-01,1.593438328245207203e-01,1.622553617657833680e-01,1.679306846867749392e-01,1.695207790939064485e-01,1.856953677494199151e-01,6.387866255953107697e-02,-3.170431648186591289e-01,-1.727417954756380325e-01,-1.562011583343509702e-01,-1.593438328245207203e-01,-1.622553617657833680e-01,-1.679306846867749392e-01,-1.695207790939064485e-01,-1.856921377030162357e-01,-6.387866255953107697e-02,4.392559339357674647e-02,-2.855307637684698779e-02,-4.505122364147026714e-02,-5.135664065209426948e-02,-5.363423836854316201e-02,-4.944430810843815360e-02,-4.889718515081206696e-02,-4.991667175479301555e-02,-7.793744031627793112e-02,-4.392559339357674647e-02,2.855307637684698779e-02,4.505122364147026714e-02,5.135664065209426948e-02,5.363423836854316201e-02,4.944430810843815360e-02,4.889718515081206696e-02,4.991667175479301555e-02,7.793744031627793112e-02
cmzo,-1.649999999999999991e-03,-2.380000000000000171e-03,-3.269999999999999903e-03,-4.349999999999999700e-03,-5.709999999999999798e-03,-7.440000000000000432e-03,-9.690000000000000696e-03,-1.263000000000000060e-02,-1.592999999999999972e-02,1.649999999999999991e-03,2.380000000000000171e-03,3.269999999999999903e-03,4.349999999999999700e-03,5.709999999999999798e-03,7.440000000000000432e-03,9.690000000000000696e-03,1.263000000000000060e-02,1.592999999999999972e-02,-3.330000000000000061e-03,-4.429999999999999910e-03,-5.760000000000000363e-03,-7.389999999999999868e-03,-9.440000000000000474e-03,-1.209999999999999964e-02,-1.552000000000000081e-02,-2.036999999999999922e-02,-2.689000000000000071e-02,3.330000000000000061e-03,4.429999999999999910e-03,5.760000000000000363e-03,7.389999999999999868e-03,9.440000000000000474e-03,1.209999999999999964e-02,1.552000000000000081e-02,2.036999999999999922e-02,2.689000000000000071e-02,-1.500000000000000031e-03,-1.729999999999999984e-03,-2.010000000000000068e-03,-2.370000000000000145e-03,-2.850000000000000103e-03,-3.490000000000000047e-03,-4.420000000000000318e-03,-5.870000000000000218e-03,-8.370000000000000703e-03,1.500000000000000031e-03,1.729999999999999984e-03,2.010000000000000068e-03,2.370000000000000145e-03,2.850000000000000103e-03,3.490000000000000047e-03,4.420000000000000318e-03,5.870000000000000218e-03,8.370000000000000703e-03,-2.569999999999999802e-03,-2.739999999999999814e-03,-2.919999999999999853e-03,-3.129999999999999970e-03,-3.350000000000000113e-03,-3.599999999999999901e-03,-3.880000000000000202e-03,-4.199999999999999740e-03,-4.559999999999999817e-03,2.569999999999999802e-03,2.739999999999999814e-03,2.919999999999999853e-03,3.129999999999999970e-03,3.350000000000000113e-03,3.599999999999999901e-03,3.880000000000000202e-03,4.199999999999999740e-03,4.559999999999999817e-03
cmzo*c/cref,-1.857907253632922178e-03,-2.488567700573940562e-03,-3.156298717792160001e-03,-3.849056783490047585e-03,-4.593426199780192669e-03,-5.387045158138967227e-03,-6.237229002320186094e-03,-7.114342196849433517e-03,-7.692620148980340057e-03,1.857907253632922178e-03,2.488567700573940562e-03,3.156298717792160001e-03,3.849056783490047585e-03,4.593426199780192669e-03,5.387045158138967227e-03,6.237229002320186094e-03,7.114342196849433517e-03,7.692620148980340057e-03,-1.741741677860544598e-03,-2.140435456099645892e-03,-2.553356160703382574e-03,-2.981227433142019569e-03,-3.431784100622786368e-03,-3.916276041030650884e-03,-4.404295127610209637e-03,-4.968337275613628028e-03,-5.486295542801318190e-03,1.741741677860544598e-03,2.140435456099645892e-03,2.553356160703382574e-03,2.981227433142019569e-03,3.431784100622786368e-03,3.916276041030650884e-03,4.404295127610209637e-03,4.968337275613628028e-03,5.486295542801318190e-03,-1.341092318964464325e-03,-1.405593839296617352e-03,-1.469113884479179540e-03,-1.538895206984980130e-03,-1.618068445475638216e-03,-1.696711509341800126e-03,-1.788262156551471754e-03,-1.896037238979118118e-03,-2.020727939919404401e-03,1.341092318964464325e-03,1.405593839296617352e-03,1.469113884479179540e-03,1.538895206984980130e-03,1.618068445475638216e-03,1.696711509341800126e-03,1.788262156551471754e-03,1.896037238979118118e-03,2.020727939919404401e-03,-1.383271351813407987e-03,-1.412957003297105702e-03,-1.439903382586396347e-03,-1.472844834534131099e-03,-1.500791000122115009e-03,-1.531573818537061964e-03,-1.563162877030162571e-03,-1.597333496153376456e-03,-1.631373549883990536e-03,1.383271351813407987e-03,1.412957003297105702e-03,1.439903382586396347e-03,1.472844834534131099e-03,1.500791000122115009e-03,1.531573818537061964e-03,1.563162877030162571e-03,1.597333496153376456e-03,1.631373549883990536e-03
cs,6.980000000000000093e-03,1.094000000000000007e-02,1.414999999999999938e-02,1.710000000000000062e-02,1.987999999999999837e-02,2.288000000000000103e-02,2.539999999999999897e-02,2.731000000000000094e-02,2.264999999999999999e-02,-6.980000000000000093e-03,-1.094000000000000007e-02,-1.414999999999999938e-02,-1.710000000000000062e-02,-1.987999999999999837e-02,-2.288000000000000103e-02,-2.539999999999999897e-02,-2.731000000000000094e-02,-2.264999999999999999e-02,0.000000000000000000e+00,0.000000000000000000e+00,0.000000000000000000e+00,-0.000000000000000000e+00,0.000000000000000000e+00,0.000000000000000000e+00,0.000000000000000000e+00,0.000000000000000000e+00,0.000000000000000000e+00,-0.000000000000000000e+00,-0.000000000000000000e+00,-0.000000000000000000e+00,0.000000000000000000e+00,0.000000000000000000e+00,-0.000000000000000000e+00,-0.000000000000000000e+00,-0.000000000000000000e+00,-0.000000000000000000e+00,9.124000000000000166e-02,5.070000000000000201e-02,4.587999999999999717e-02,4.612999999999999740e-02,4.624000000000000332e-02,4.703999999999999848e-02,4.673999999999999683e-02,5.020999999999999769e-02,1.813999999999999987e-02,-9.124000000000000166e-02,-5.070000000000000201e-02,-4.587999999999999717e-02,-4.612999999999999740e-02,-4.624000000000000332e-02,-4.703999999999999848e-02,-4.673999999999999683e-02,-5.020999999999999769e-02,-1.813999999999999987e-02,1.195000000000000055e-02,-8.429999999999999993e-03,-1.307999999999999961e-02,-1.488000000000000086e-02,-1.552000000000000081e-02,-1.440999999999999920e-02,-1.420000000000000082e-02,-1.435999999999999950e-02,-2.189999999999999933e-02,-1.195000000000000055e-02,8.429999999999999993e-03,1.307999999999999961e-02,1.488000000000000086e-02,1.552000000000000081e-02,1.440999999999999920e-02,1.420000000000000082e-02,1.435999999999999950e-02,2.189999999999999933e-02
cs*c/cref,7.859510685065330959e-03,1.143904648919281952e-02,1.365798986445231240e-02,1.513077494199536153e-02,1.599252414214189649e-02,1.656661199169617849e-02,1.634939284405910118e-02,1.538342718891195712e-02,1.093771791427524710e-02,-7.859510685065330959e-03,-1.143904648919281952e-02,-1.365798986445231240e-02,-1.513077494199536153e-02,-1.599252414214189649e-02,-1.656661199169617849e-02,-1.634939284405910118e-02,-1.538342718891195712e-02,-1.093771791427524710e-02,0.000000000000000000e+00,0.000000000000000000e+00,0.000000000000000000e+00,-0.000000000000000000e+00,0.000000000000000000e+00,0.000000000000000000e+00,0.000000000000000000e+00,0.000000000000000000e+00,0.000000000000000000e+00,-0.000000000000000000e+00,-0.000000000000000000e+00,-0.000000000000000000e+00,0.000000000000000000e+00,0.000000000000000000e+00,-0.000000000000000000e+00,-0.000000000000000000e+00,-0.000000000000000000e+00,-0.000000000000000000e+00,8.157417545487849475e-02,4.119283679325924652e-02,3.353380349248992476e-02,2.995326409207473353e-02,2.625245084869947884e-02,2.286914309439492046e-02,1.891026542923433806e-02,1.621806299303944071e-02,4.379450995237513938e-03,-8.157417545487849475e-02,-4.119283679325924652e-02,-3.353380349248992476e-02,-2.995326409207473353e-02,-2.625245084869947884e-02,-2.286914309439492046e-02,-1.891026542923433806e-02,-1.621806299303944071e-02,-4.379450995237513938e-03,6.431942666992306393e-03,-4.347163334961533579e-03,-6.449978165832214588e-03,-7.001894932226157206e-03,-6.952918305043351462e-03,-6.130549645866406258e-03,-5.720853828306265293e-03,-5.461359286848210814e-03,-7.834886127732323957e-03,-6.431942666992306393e-03,4.347163334961533579e-03,6.449978165832214588e-03,7.001894932226157206e-03,6.952918305043351462e-03,6.130549645866406258e-03,5.720853828306265293e-03,5.461359286848210814e-03,7.834886127732323957e-03
csi,6.980000000000000093e-03,1.094000000000000007e-02,1.414999999999999938e-02,1.710000000000000062e-02,1.987999999999999837e-02,2.288000000000000103e-02,2.539999999999999897e-02,2.731000000000000094e-02,2.264999999999999999e-02,-6.980000000000000093e-03,-1.094000000000000007e-02,-1.414999999999999938e-02,-1.710000000000000062e-02,-1.987999999999999837e-02,-2.288000000000000103e-02,-2.539999999999999897e-02,-2.731000000000000094e-02,-2.264999999999999999e-02,0.000000000000000000e+00,0.000000000000000000e+00,0.000000000000000000e+00,-0.000000000000000000e+00,0.000000000000000000e+00,0.000000000000000000e+00,0.000000000000000000e+00,0.000000000000000000e+00,0.000000000000000000e+00,-0.000000000000000000e+00,-0.000000000000000000e+00,-0.000000000000000000e+00,0.000000000000000000e+00,0.000000000000000000e+00,-0.000000000000000000e+00,-0.000000000000000000e+00,-0.000000000000000000e+00,-0.000000000000000000e+00,9.124000000000000166e-02,5.070000000000000201e-02,4.587999999999999717e-02,4.612999999999999740e-02,4.624000000000000332e-02,4.703999999999999848e-02,4.673999999999999683e-02,5.020999999999999769e-02,1.813999999999999987e-02,-9.124000000000000166e-02,-5.070000000000000201e-02,-4.587999999999999717e-02,-4.612999999999999740e-02,-4.624000000000000332e-02,-4.703999999999999848e-02,-4.673999999999999683e-02,-5.020999999999999769e-02,-1.813999999999999987e-02,1.195000000000000055e-02,-8.429999999999999993e-03,-1.307999999999999961e-02,-1.488000000000000086e-02,-1.552000000000000081e-02,-1.440999999999999920e-02,-1.420000000000000082e-02,-1.435999999999999950e-02,-2.189999999999999933e-02,-1.195000000000000055e-02,8.429999999999999993e-03,1.307999999999999961e-02,1.488000000000000086e-02,1.552000000000000081e-02,1.440999999999999920e-02,1.420000000000000082e-02,1.435999999999999950e-02,2.189999999999999933e-02
csi*c/cref,7.859510685065330959e-03,1.143904648919281952e-02,1.365798986445231240e-02,1.513077494199536153e-02,1.599252414214189649e-02,1.656661199169617849e-02,1.634939284405910118e-02,1.538342718891195712e-02,1.093771791427524710e-02,-7.859510685065330959e-03,-1.143904648919281952e-02,-1.365798986445231240e-02,-1.513077494199536153e-02,-1.599252414214189649e-02,-1.656661199169617849e-02,-1.634939284405910118e-02,-1.538342718891195712e-02,-1.093771791427524710e-02,0.000000000000000000e+00,0.000000000000000000e+00,0.000000000000000000e+00,-0.000000000000000000e+00,0.000000000000000000e+00,0.000000000000000000e+00,0.000000000000000000e+00,0.000000000000000000e+00,0.000000000000000000e+00,-0.000000000000000000e+00,-0.000000000000000000e+00,-0.000000000000000000e+00,0.000000000000000000e+00,0.000000000000000000e+00,-0.000000000000000000e+00,-0.000000000000000000e+00,-0.000000000000000000e+00,-0.000000000000000000e+00,8.157417545487849475e-02,4.119283679325924652e-02,3.353380349248992476e-02,2.995326409207473353e-02,2.625245084869947884e-02,2.286914309439492046e-02,1.891026542923433806e-02,1.621806299303944071e-02,4.379450995237513938e-03,-8.157417545487849475e-02,-4.119283679325924652e-02,-3.353380349248992476e-02,-2.995326409207473353e-02,-2.625245084869947884e-02,-2.286914309439492046e-02,-1.891026542923433806e-02,-1.621806299303944071e-02,-4.379450995237513938e-03,6.431942666992306393e-03,-4.347163334961533579e-03,-6.449978165832214588e-03,-7.001894932226157206e-03,-6.952918305043351462e-03,-6.130549645866406258e-03,-5.720853828306265293e-03,-5.461359286848210814e-03,-7.834886127732323957e-03,-6.431942666992306393e-03,4.347163334961533579e-03,6.449978165832214588e-03,7.001894932226157206e-03,6.952918305043351462e-03,6.130549645866406258e-03,5.720853828306265293e-03,5.461359286848210814e-03,7.834886127732323957e-03
cso,0.000000000000000000e+00,0.000000000000000000e+00,0.000000000000000000e+00,0.000000000000000000e+00,0.000000000000000000e+00,0.000000000000000000e+00,0.000000000000000000e+00,0.000000000000000000e+00,0.000000000000000000e+00,0.000000000000000000e+00,0.000000000000000000e+00,0.000000000000000000e+00,0.000000000000000000e+00,0.000000000000000000e+00,0.000000000000000000e+00,0.000000000000000000e+00,0.000000000000000000e+00,0.000000000000000000e+00,0.000000000000000000e+00,0.000000000000000000e+00,0.000000000000000000e+00,0.000000000000000000e+00,0.000000000000000000e+00,0.000000000000000000e+00,0.000000000000000000e+00,0.000000000000000000e+00,0.000000000000000000e+00,0.000000000000000000e+00,0.000000000000000000e+00,0.000000000000000000e+00,0.000000000000000000e+00,0.000000000000000000e+00,0.000000000000000000e+00,0.000000000000000000e+00,0.000000000000000000e+00,0.000000000000000000e+00,0.000000000000000000e+00,0.000000000000000000e+00,0.000000000000000000e+00,0.000000000000000000e+00,0.000000000000000000e+00,0.000000000000000000e+00,0.000000000000000000e+00,0.000000000000000000e+00,0.000000000000000000e+00,0.000000000000000000e+00,0.000000000000000000e+00,0.000000000000000000e+00,0.000000000000000000e+00,0.000000000000000000e+00,0.000000000000000000e+00,0.000000000000000000e+00,0.000000000000000000e+00,0.000000000000000000e+00,0.000000000000000000e+00,0.000000000000000000e+00,0.000000000000000000e+00,0.000000000000000000e+00,0.000000000000000000e+00,0.000000000000000000e+00,0.000000000000000000e+00,0.000000000000000000e+00,0.000000000000000000e+00,0.000000000000000000e+00,0.000000000000000000e+00,0.000000000000000000e+00,0.000000000000000000e+00,0.000000000000000000e+00,0.000000000000000000e+00,0.000000000000000000e+00,0.000000000000000000e+00,0.000000000000000000e+00
cso*c/cref,0.000000000000000000e+00,0.000000000000000000e+00,0.000000000000000000e+00,0.000000000000000000e+00,0.000000000000000000e+00,0.000000000000000000e+00,0.000000000000000000e+00,0.000000000000000000e+00,0.000000000000000000e+00,0.000000000000000000e+00,0.000000000000000000e+00,0.000000000000000000e+00,0.000000000000000000e+00,0.000000000000000000e+00,0.000000000000000000e+00,0.000000000000000000e+00,0.000000000000000000e+00,0.000000000000000000e+00,0.000000000000000000e+00,0.000000000000000000e+00,0.000000000000000000e+00,0.000000000000000000e+00,0.000000000000000000e+00,0.000000000000000000e+00,0.000000000000000000e+00,0.000000000000000000e+00,0.000000000000000000e+00,0.000000000000000000e+00,0.000000000000000000e+00,0.000000000000000000e+00,0.000000000000000000e+00,0.000000000000000000e+00,0.000000000000000000e+00,0.000000000000000000e+00,0.000000000000000000e+00,0.000000000000000000e+00,0.000000000000000000e+00,0.000000000000000000e+00,0.000000000000000000e+00,0.000000000000000000e+00,0.000000000000000000e+00,0.000000000000000000e+00,0.000000000000000000e+00,0.000000000000000000e+00,0.000000000000000000e+00,0.000000000000000000e+00,0.000000000000000000e+00,0.000000000000000000e+00,0.000000000000000000e+00,0.000000000000000000e+00,0.000000000000000000e+00,0.000000000000000000e+00,0.000000000000000000e+00,0.000000000000000000e+00,0.000000000000000000e+00,0.000000000000000000e+00,0.000000000000000000e+00,0.000000000000000000e+00,0.000000000000000000e+00,0.000000000000000000e+00,0.000000000000000000e+00,0.000000000000000000e+00,0.000000000000000000e+00,0.000000000000000000e+00,0.000000000000000000e+00,0.000000000000000000e+00,0.000000000000000000e+00,0.000000000000000000e+00,0.000000000000000000e+00,0.000000000000000000e+00,0.000000000000000000e+00,0.000000000000000000e+00
cx,5.150000000000000064e-03,5.250000000000000326e-03,5.369999999999999774e-03,5.499999999999999681e-03,5.649999999999999641e-03,5.819999999999999653e-03,6.000000000000000125e-03,6.170000000000000137e-03,6.080000000000000335e-03,5.150000000000000064e-03,5.250000000000000326e-03,5.369999999999999774e-03,5.499999999999999681e-03,5.649999999999999641e-03,5.819999999999999653e-03,6.000000000000000125e-03,6.170000000000000137e-03,6.080000000000000335e-03,5.680000000000000153e-03,5.799999999999999600e-03,5.910000000000000323e-03,6.029999999999999770e-03,6.159999999999999677e-03,6.320000000000000097e-03,6.459999999999999597e-03,6.669999999999999714e-03,6.790000000000000029e-03,5.680000000000000153e-03,5.799999999999999600e-03,5.910000000000000323e-03,6.029999999999999770e-03,6.159999999999999677e-03,6.320000000000000097e-03,6.459999999999999597e-03,6.669999999999999714e-03,6.790000000000000029e-03,5.259999999999999919e-03,5.329999999999999669e-03,5.400000000000000286e-03,5.490000000000000088e-03,5.579999999999999891e-03,5.689999999999999745e-03,5.830000000000000113e-03,6.009999999999999717e-03,6.230000000000000294e-03,5.259999999999999919e-03,5.329999999999999669e-03,5.400000000000000286e-03,5.490000000000000088e-03,5.579999999999999891e-03,5.689999999999999745e-03,5.830000000000000113e-03,6.009999999999999717e-03,6.230000000000000294e-03,5.599999999999999943e-03,5.629999999999999588e-03,5.660000000000000100e-03,5.700000000000000205e-03,5.729999999999999850e-03,5.769999999999999955e-03,5.810000000000000060e-03,5.859999999999999758e-03,5.899999999999999863e-03,5.599999999999999943e-03,5.629999999999999588e-03,5.660000000000000100e-03,5.700000000000000205e-03,5.729999999999999850e-03,5.769999999999999955e-03,5.810000000000000060e-03,5.859999999999999758e-03,5.899999999999999863e-03
cx*c/cref,5.798922640126999775e-03,5.489487574795457250e-03,5.183279545732079156e-03,4.866623519355232907e-03,4.545159024300891165e-03,4.214059518866772498e-03,3.862061301746244710e-03,3.475494169007205345e-03,2.936040835266821424e-03,5.798922640126999775e-03,5.489487574795457250e-03,5.183279545732079156e-03,4.866623519355232907e-03,4.545159024300891165e-03,4.214059518866772498e-03,3.862061301746244710e-03,3.475494169007205345e-03,2.936040835266821424e-03,2.970898717792160373e-03,2.802375992184638013e-03,2.619849810721699892e-03,2.432584766149712904e-03,2.239384540236902602e-03,2.045525998290389450e-03,1.833231090487239066e-03,1.626843869825375568e-03,1.385345732079618997e-03,2.970898717792160373e-03,2.802375992184638013e-03,2.619849810721699892e-03,2.432584766149712904e-03,2.239384540236902602e-03,2.045525998290389450e-03,1.833231090487239066e-03,1.626843869825375568e-03,1.385345732079618997e-03,4.702763731835388726e-03,4.330528996214433150e-03,3.946873122481377519e-03,3.564782568079130892e-03,3.168007693247038795e-03,2.766271773110269647e-03,2.358725876175357412e-03,1.941257888631090205e-03,1.504078263524240028e-03,4.702763731835388726e-03,4.330528996214433150e-03,3.946873122481377519e-03,3.564782568079130892e-03,3.168007693247038795e-03,2.766271773110269647e-03,2.358725876175357412e-03,1.941257888631090205e-03,1.504078263524240028e-03,3.014132128465013896e-03,2.903265667358651339e-03,2.791045597753083821e-03,2.682177494199535894e-03,2.567024606179020389e-03,2.454772481377457891e-03,2.340715545243619508e-03,2.228660544633044322e-03,2.110768408841128332e-03,3.014132128465013896e-03,2.903265667358651339e-03,2.791045597753083821e-03,2.682177494199535894e-03,2.567024606179020389e-03,2.454772481377457891e-03,2.340715545243619508e-03,2.228660544633044322e-03,2.110768408841128332e-03
cxi,-0.000000000000000000e+00,-0.000000000000000000e+00,-0.000000000000000000e+00,-0.000000000000000000e+00,-0.000000000000000000e+00,-0.000000000000000000e+00,-0.000000000000000000e+00,-0.000000000000000000e+00,-0.000000000000000000e+00,-0.000000000000000000e+00,-0.000000000000000000e+00,-0.000000000000000000e+00,-0.000000000000000000e+00,-0.000000000000000000e+00,-0.000000000000000000e+00,-0.000000000000000000e+00,-0.000000000000000000e+00,-0.000000000000000000e+00,0.000000000000000000e+00,0.000000000000000000e+00,0.000000000000000000e+00,0.000000000000000000e+00,-0.000000000000000000e+00,-0.000000000000000000e+00,-0.000000000000000000e+00,-0.000000000000000000e+00,-0.000000000000000000e+00,0.000000000000000000e+00,0.000000000000000000e+00,0.000000000000000000e+00,0.000000000000000000e+00,0.000000000000000000e+00,-0.000000000000000000e+00,-0.000000000000000000e+00,-0.000000000000000000e+00,-0.000000000000000000e+00,-0.000000000000000000e+00,0.000000000000000000e+00,0.000000000000000000e+00,0.000000000000000000e+00,0.000000000000000000e+00,0.000000000000000000e+00,0.000000000000000000e+00,0.000000000000000000e+00,-0.000000000000000000e+00,-0.000000000000000000e+00,0.000000000000000000e+00,0.000000000000000000e+00,0.000000000000000000e+00,0.000000000000000000e+00,0.000000000000000000e+00,0.000000000000000000e+00,0.000000000000000000e+00,-0.000000000000000000e+00,-0.000000000000000000e+00,-0.000000000000000000e+00,-0.000000000000000000e+00,-0.000000000000000000e+00,0.000000000000000000e+00,0.000000000000000000e+00,0.000000000000000000e+00,0.000000000000000000e+00,-0.000000000000000000e+00,-0.000000000000000000e+00,-0.000000000000000000e+00,-0.000000000000000000e+00,0.000000000000000000e+00,0.000000000000000000e+00,0.000000000000000000e+00,0.000000000000000000e+00,0.000000000000000000e+00,-0.000000000000000000e+00
cxi*c/cref,-0.000000000000000000e+00,-0.000000000000000000e+00,-0.000000000000000000e+00,-0.000000000000000000e+00,-0.000000000000000000e+00,-0.000000000000000000e+00,-0.000000000000000000e+00,-0.000000000000000000e+00,-0.000000000000000000e+00,-0.000000000000000000e+00,-0.000000000000000000e+00,-0.000000000000000000e+00,-0.000000000000000000e+00,-0.000000000000000000e+00,-0.000000000000000000e+00,-0.000000000000000000e+00,-0.000000000000000000e+00,-0.000000000000000000e+00,0.000000000000000000e+00,0.000000000000000000e+00,0.000000000000000000e+00,0.000000000000000000e+00,-0.000000000000000000e+00,-0.000000000000000000e+00,-0.000000000000000000e+00,-0.000000000000000000e+00,-0.000000000000000000e+00,0.000000000000000000e+00,0.000000000000000000e+00,0.000000000000000000e+00,0.000000000000000000e+00,0.000000000000000000e+00,-0.000000000000000000e+00,-0.000000000000000000e+00,-0.000000000000000000e+00,-0.000000000000000000e+00,-0.000000000000000000e+00,0.000000000000000000e+00,0.000000000000000000e+00,0.000000000000000000e+00,0.000000000000000000e+00,0.000000000000000000e+00,0.000000000000000000e+00,0.000000000000000000e+00,-0.000000000000000000e+00,-0.000000000000000000e+00,0.000000000000000000e+00,0.000000000000000000e+00,0.000000000000000000e+00,0.000000000000000000e+00,0.000000000000000000e+00,0.000000000000000000e+00,0.000000000000000000e+00,-0.000000000000000000e+00,-0.000000000000000000e+00,-0.000000000000000000e+00,-0.000000000000000000e+00,-0.000000000000000000e+00,0.000000000000000000e+00,0.000000000000000000e+00,0.000000000000000000e+00,0.000000000000000000e+00,-0.000000000000000000e+00,-0.000000000000000000e+00,-0.000000000000000000e+00,-0.000000000000000000e+00,0.000000000000000000e+00,0.000000000000000000e+00,0.000000000000000000e+00,0.000000000000000000e+00,0.000000000000000000e+00,-0.000000000000000000e+00
cxo,5.150000000000000064e-03,5.250000000000000326e-03,5.369999999999999774e-03,5.499999999999999681e-03,5.649999999999999641e-03,5.819999999999999653e-03,6.000000000000000125e-03,6.170000000000000137e-03,6.080000000000000335e-03,5.150000000000000064e-03,5.250000000000000326e-03,5.369999999999999774e-03,5.499999999999999681e-03,5.649999999999999641e-03,5.819999999999999653e-03,6.000000000000000125e-03,6.170000000000000137e-03,6.080000000000000335e-03,5.680000000000000153e-03,5.799999999999999600e-03,5.910000000000000323e-03,6.029999999999999770e-03,6.159999999999999677e-03,6.320000000000000097e-03,6.459999999999999597e-03,6.669999999999999714e-03,6.790000000000000029e-03,5.680000000000000153e-03,5.799999999999999600e-03,5.910000000000000323e-03,6.029999999999999770e-03,6.159999999999999677e-03,6.320000000000000097e-03,6.459999999999999597e-03,6.669999999999999714e-03,6.790000000000000029e-03,5.259999999999999919e-03,5.329999999999999669e-03,5.400000000000000286e-03,5.490000000000000088e-03,5.579999999999999891e-03,5.689999999999999745e-03,5.830000000000000113e-03,6.009999999999999717e-03,6.230000000000000294e-03,5.259999999999999919e-03,5.329999999999999669e-03,5.400000000000000286e-03,5.490000000000000088e-03,5.579999999999999891e-03,5.689999999999999745e-03,5.830000000000000113e-03,6.009999999999999717e-03,6.230000000000000294e-03,5.599999999999999943e-03,5.629999999999999588e-03,5.660000000000000100e-03,5.700000000000000205e-03,5.729999999999999850e-03,5.769999999999999955e-03,5.810000000000000060e-03,5.859999999999999758e-03,5.899999999999999863e-03,5.599999999999999943e-03,5.629999999999999588e-03,5.660000000000000100e-03,5.700000000000000205e-03,5.729999999999999850e-03,5.769999999999999955e-03,5.810000000000000060e-03,5.859999999999999758e-03,5.899999999999999863e-03
cxo*c/cref,5.798922640126999775e-03,5.489487574795457250e-03,5.183279545732079156e-03,4.866623519355232907e-03,4.545159024300891165e-03,4.214059518866772498e-03,3.862061301746244710e-03,3.475494169007205345e-03,2.936040835266821424e-03,5.798922640126999775e-03,5.489487574795457250e-03,5.183279545732079156e-03,4.866623519355232907e-03,4.545159024300891165e-03,4.214059518866772498e-03,3.862061301746244710e-03,3.475494169007205345e-03,2.936040835266821424e-03,2.970898717792160373e-03,2.802375992184638013e-03,2.619849810721699892e-03,2.432584766149712904e-03,2.239384540236902602e-03,2.045525998290389450e-03,1.833231090487239066e-03,1.626843869825375568e-03,1.385345732079618997e-03,2.970898717792160373e-03,2.802375992184638013e-03,2.619849810721699892e-03,2.432584766149712904e-03,2.239384540236902602e-03,2.045525998290389450e-03,1.833231090487239066e-03,1.626843869825375568e-03,1.385345732079618997e-03,4.702763731835388726e-03,4.330528996214433150e-03,3.946873122481377519e-03,3.564782568079130892e-03,3.168007693247038795e-03,2.766271773110269647e-03,2.358725876175357412e-03,1.941257888631090205e-03,1.504078263524240028e-03,4.702763731835388726e-03,4.330528996214433150e-03,3.946873122481377519e-03,3.564782568079130892e-03,3.168007693247038795e-03,2.766271773110269647e-03,2.358725876175357412e-03,1.941257888631090205e-03,1.504078263524240028e-03,3.014132128465013896e-03,2.903265667358651339e-03,2.791045597753083821e-03,2.682177494199535894e-03,2.567024606179020389e-03,2.454772481377457891e-03,2.340715545243619508e-03,2.228660544633044322e-03,2.110768408841128332e-03,3.014132128465013896e-03,2.903265667358651339e-03,2.791045597753083821e-03,2.682177494199535894e-03,2.567024606179020389e-03,2.454772481377457891e-03,2.340715545243619508e-03,2.228660544633044322e-03,2.110768408841128332e-03
cy,6.980000000000000093e-03,1.094000000000000007e-02,1.414999999999999938e-02,1.710000000000000062e-02,1.987999999999999837e-02,2.288000000000000103e-02,2.539999999999999897e-02,2.731000000000000094e-02,2.264999999999999999e-02,-6.980000000000000093e-03,-1.094000000000000007e-02,-1.414999999999999938e-02,-1.710000000000000062e-02,-1.987999999999999837e-02,-2.288000000000000103e-02,-2.539999999999999897e-02,-2.731000000000000094e-02,-2.264999999999999999e-02,0.000000000000000000e+00,0.000000000000000000e+00,0.000000000000000000e+00,-0.000000000000000000e+00,0.000000000000000000e+00,0.000000000000000000e+00,0.000000000000000000e+00,0.000000000000000000e+00,0.000000000000000000e+00,-0.000000000000000000e+00,-0.000000000000000000e+00,-0.000000000000000000e+00,0.000000000000000000e+00,0.000000000000000000e+00,-0.000000000000000000e+00,-0.000000000000000000e+00,-0.000000000000000000e+00,-0.000000000000000000e+00,9.124000000000000166e-02,5.070000000000000201e-02,4.587999999999999717e-02,4.612999999999999740e-02,4.624000000000000332e-02,4.703999999999999848e-02,4.673999999999999683e-02,5.020999999999999769e-02,1.813999999999999987e-02,-9.124000000000000166e-02,-5.070000000000000201e-02,-4.587999999999999717e-02,-4.612999999999999740e-02,-4.624000000000000332e-02,-4.703999999999999848e-02,-4.673999999999999683e-02,-5.020999999999999769e-02,-1.813999999999999987e-02,1.195000000000000055e-02,-8.429999999999999993e-03,-1.307999999999999961e-02,-1.488000000000000086e-02,-1.552000000000000081e-02,-1.440999999999999920e-02,-1.420000000000000082e-02,-1.435999999999999950e-02,-2.189999999999999933e-02,-1.195000000000000055e-02,8.429999999999999993e-03,1.307999999999999961e-02,1.488000000000000086e-02,1.552000000000000081e-02,1.440999999999999920e-02,1.420000000000000082e-02,1.435999999999999950e-02,2.189999999999999933e-02
cy*c/cref,7.859510685065330959e-03,1.143904648919281952e-02,1.365798986445231240e-02,1.513077494199536153e-02,1.599252414214189649e-02,1.656661199169617849e-02,1.634939284405910118e-02,1.538342718891195712e-02,1.093771791427524710e-02,-7.859510685065330959e-03,-1.143904648919281952e-02,-1.365798986445231240e-02,-1.513077494199536153e-02,-1.599252414214189649e-02,-1.656661199169617849e-02,-1.634939284405910118e-02,-1.538342718891195712e-02,-1.093771791427524710e-02,0.000000000000000000e+00,0.000000000000000000e+00,0.000000000000000000e+00,-0.000000000000000000e+00,0.000000000000000000e+00,0.000000000000000000e+00,0.000000000000000000e+00,0.000000000000000000e+00,0.000000000000000000e+00,-0.000000000000000000e+00,-0.000000000000000000e+00,-0.000000000000000000e+00,0.000000000000000000e+00,0.000000000000000000e+00,-0.000000000000000000e+00,-0.000000000000000000e+00,-0.000000000000000000e+00,-0.000000000000000000e+00,8.157417545487849475e-02,4.119283679325924652e-02,3.353380349248992476e-02,2.995326409207473353e-02,2.625245084869947884e-02,2.286914309439492046e-02,1.891026542923433806e-02,1.621806299303944071e-02,4.379450995237513938e-03,-8.157417545487849475e-02,-4.119283679325924652e-02,-3.353380349248992476e-02,-2.995326409207473353e-02,-2.625245084869947884e-02,-2.286914309439492046e-02,-1.891026542923433806e-02,-1.621806299303944071e-02,-4.379450995237513938e-03,6.431942666992306393e-03,-4.347163334961533579e-03,-6.449978165832214588e-03,-7.001894932226157206e-03,-6.952918305043351462e-03,-6.130549645866406258e-03,-5.720853828306265293e-03,-5.461359286848210814e-03,-7.834886127732323957e-03,-6.431942666992306393e-03,4.347163334961533579e-03,6.449978165832214588e-03,7.001894932226157206e-03,6.952918305043351462e-03,6.130549645866406258e-03,5.720853828306265293e-03,5.461359286848210814e-03,7.834886127732323957e-03
cyi,6.980000000000000093e-03,1.094000000000000007e-02,1.414999999999999938e-02,1.710000000000000062e-02,1.987999999999999837e-02,2.288000000000000103e-02,2.539999999999999897e-02,2.731000000000000094e-02,2.264999999999999999e-02,-6.980000000000000093e-03,-1.094000000000000007e-02,-1.414999999999999938e-02,-1.710000000000000062e-02,-1.987999999999999837e-02,-2.288000000000000103e-02,-2.539999999999999897e-02,-2.731000000000000094e-02,-2.264999999999999999e-02,0.000000000000000000e+00,0.000000000000000000e+00,0.000000000000000000e+00,-0.000000000000000000e+00,0.000000000000000000e+00,0.000000000000000000e+00,0.000000000000000000e+00,0.000000000000000000e+00,0.000000000000000000e+00,-0.000000000000000000e+00,-0.000000000000000000e+00,-0.000000000000000000e+00,0.000000000000000000e+00,0.000000000000000000e+00,-0.000000000000000000e+00,-0.000000000000000000e+00,-0.000000000000000000e+00,-0.000000000000000000e+00,9.124000000000000166e-02,5.070000000000000201e-02,4.587999999999999717e-02,4.612999999999999740e-02,4.624000000000000332e-02,4.703999999999999848e-02,4.673999999999999683e-02,5.020999999999999769e-02,1.813999999999999987e-02,-9.124000000000000166e-02,-5.070000000000000201e-02,-4.587999999999999717e-02,-4.612999999999999740e-02,-4.624000000000000332e-02,-4.703999999999999848e-02,-4.673999999999999683e-02,-5.020999999999999769e-02,-1.813999999999999987e-02,1.195000000000000055e-02,-8.429999999999999993e-03,-1.307999999999999961e-02,-1.488000000000000086e-02,-1.552000000000000081e-02,-1.440999999999999920e-02,-1.420000000000000082e-02,-1.435999999999999950e-02,-2.189999999999999933e-02,-1.195000000000000055e-02,8.429999999999999993e-03,1.307999999999999961e-02,1.488000000000000086e-02,1.552000000000000081e-02,1.440999999999999920e-02,1.420000000000000082e-02,1.435999999999999950e-02,2.189999999999999933e-02
cyi*c/cref,7.859510685065330959e-03,1.143904648919281952e-02,1.365798986445231240e-02,1.513077494199536153e-02,1.599252414214189649e-02,1.656661199169617849e-02,1.634939284405910118e-02,1.538342718891195712e-02,1.093771791427524710e-02,-7.859510685065330959e-03,-1.143904648919281952e-02,-1.365798986445231240e-02,-1.513077494199536153e-02,-1.599252414214189649e-02,-1.656661199169617849e-02,-1.634939284405910118e-02,-1.538342718891195712e-02,-1.093771791427524710e-02,0.000000000000000000e+00,0.000000000000000000e+00,0.000000000000000000e+00,-0.000000000000000000e+00,0.000000000000000000e+00,0.000000000000000000e+00,0.000000000000000000e+00,0.000000000000000000e+00,0.000000000000000000e+00,-0.000000000000000000e+00,-0.000000000000000000e+00,-0.000000000000000000e+00,0.000000000000000000e+00,0.000000000000000000e+00,-0.000000000000000000e+00,-0.000000000000000000e+00,-0.000000000000000000e+00,-0.000000000000000000e+00,8.157417545487849475e-02,4.119283679325924652e-02,3.353380349248992476e-02,2.995326409207473353e-02,2.625245084869947884e-02,2.286914309439492046e-02,1.891026542923433806e-02,1.621806299303944071e-02,4.379450995237513938e-03,-8.157417545487849475e-02,-4.119283679325924652e-02,-3.353380349248992476e-02,-2.995326409207473353e-02,-2.625245084869947884e-02,-2.286914309439492046e-02,-1.891026542923433806e-02,-1.621806299303944071e-02,-4.379450995237513938e-03,6.431942666992306393e-03,-4.347163334961533579e-03,-6.449978165832214588e-03,-7.001894932226157206e-03,-6.952918305043351462e-03,-6.130549645866406258e-03,-5.720853828306265293e-03,-5.461359286848210814e-03,-7.834886127732323957e-03,-6.431942666992306393e-03,4.347163334961533579e-03,6.449978165832214588e-03,7.001894932226157206e-03,6.952918305043351462e-03,6.130549645866406258e-03,5.720853828306265293e-03,5.461359286848210814e-03,7.834886127732323957e-03
cyo,0.000000000000000000e+00,0.000000000000000000e+00,0.000000000000000000e+00,0.000000000000000000e+00,0.000000000000000000e+00,0.000000000000000000e+00,0.000000000000000000e+00,0.000000000000000000e+00,0.000000000000000000e+00,0.000000000000000000e+00,0.000000000000000000e+00,0.000000000000000000e+00,0.000000000000000000e+00,0.000000000000000000e+00,0.000000000000000000e+00,0.000000000000000000e+00,0.000000000000000000e+00,0.000000000000000000e+00,0.000000000000000000e+00,0.000000000000000000e+00,0.000000000000000000e+00,0.000000000000000000e+00,0.000000000000000000e+00,0.000000000000000000e+00,0.000000000000000000e+00,0.000000000000000000e+00,0.000000000000000000e+00,0.000000000000000000e+00,0.000000000000000000e+00,0.000000000000000000e+00,0.000000000000000000e+00,0.000000000000000000e+00,0.000000000000000000e+00,0.000000000000000000e+00,0.000000000000000000e+00,0.000000000000000000e+00,0.000000000000000000e+00,0.000000000000000000e+00,0.000000000000000000e+00,0.000000000000000000e+00,0.000000000000000000e+00,0.000000000000000000e+00,0.000000000000000000e+00,0.000000000000000000e+00,0.000000000000000000e+00,0.000000000000000000e+00,0.000000000000000000e+00,0.000000000000000000e+00,0.000000000000000000e+00,0.000000000000000000e+00,0.000000000000000000e+00,0.000000000000000000e+00,0.000000000000000000e+00,0.000000000000000000e+00,0.000000000000000000e+00,0.000000000000000000e+00,0.000000000000000000e+00,0.000000000000000000e+00,0.000000000000000000e+00,0.000000000000000000e+00,0.000000000000000000e+00,0.000000000000000000e+00,0.000000000000000000e+00,0.000000000000000000e+00,0.000000000000000000e+00,0.000000000000000000e+00,0.000000000000000000e+00,0.000000000000000000e+00,0.000000000000000000e+00,0.000000000000000000e+00,0.000000000000000000e+00,0.000000000000000000e+00
cyo*c/cref,0.000000000000000000e+00,0.000000000000000000e+00,0.000000000000000000e+00,0.000000000000000000e+00,0.000000000000000000e+00,0.000000000000000000e+00,0.000000000000000000e+00,0.000000000000000000e+00,0.000000000000000000e+00,0.000000000000000000e+00,0.000000000000000000e+00,0.000000000000000000e+00,0.000000000000000000e+00,0.000000000000000000e+00,0.000000000000000000e+00,0.000000000000000000e+00,0.000000000000000000e+00,0.000000000000000000e+00,0.000000000000000000e+00,0.000000000000000000e+00,0.000000000000000000e+00,0.000000000000000000e+00,0.000000000000000000e+00,0.000000000000000000e+00,0.000000000000000000e+00,0.000000000000000000e+00,0.000000000000000000e+00,0.000000000000000000e+00,0.000000000000000000e+00,0.000000000000000000e+00,0.000000000000000000e+00,0.000000000000000000e+00,0.000000000000000000e+00,0.000000000000000000e+00,0.000000000000000000e+00,0.000000000000000000e+00,0.000000000000000000e+00,0.000000000000000000e+00,0.000000000000000000e+00,0.000000000000000000e+00,0.000000000000000000e+00,0.000000000000000000e+00,0.000000000000000000e+00,0.000000000000000000e+00,0.000000000000000000e+00,0.000000000000000000e+00,0.000000000000000000e+00,0.000000000000000000e+00,0.000000000000000000e+00,0.000000000000000000e+00,0.000000000000000000e+00,0.000000000000000000e+00,0.000000000000000000e+00,0.000000000000000000e+00,0.000000000000000000e+00,0.000000000000000000e+00,0.000000000000000000e+00,0.000000000000000000e+00,0.000000000000000000e+00,0.000000000000000000e+00,0.000000000000000000e+00,0.000000000000000000e+00,0.000000000000000000e+00,0.000000000000000000e+00,0.000000000000000000e+00,0.000000000000000000e+00,0.000000000000000000e+00,0.000000000000000000e+00,0.000000000000000000e+00,0.000000000000000000e+00,0.000000000000000000e+00,0.000000000000000000e+00
cz,7.981000000000000594e-02,1.250900000000000067e-01,1.617800000000000071e-01,1.954299999999999926e-01,2.272200000000000053e-01,2.615199999999999747e-01,2.903299999999999770e-01,3.121200000000000085e-01,2.588699999999999890e-01,7.981000000000000594e-02,1.250900000000000067e-01,1.617800000000000071e-01,1.954299999999999926e-01,2.272200000000000053e-01,2.615199999999999747e-01,2.903299999999999770e-01,3.121200000000000085e-01,2.588699999999999890e-01,5.745999999999999719e-02,1.428999999999999992e-01,1.757799999999999918e-01,1.977200000000000069e-01,2.210399999999999865e-01,2.454699999999999938e-01,2.548400000000000110e-01,2.826699999999999768e-01,2.800599999999999756e-01,5.745999999999999719e-02,1.428999999999999992e-01,1.757799999999999918e-01,1.977200000000000069e-01,2.210399999999999865e-01,2.454699999999999938e-01,2.548400000000000110e-01,2.826699999999999768e-01,2.800599999999999756e-01,-1.281999999999999980e-02,-7.130000000000000053e-03,-6.450000000000000004e-03,-6.479999999999999649e-03,-6.499999999999999702e-03,-6.610000000000000424e-03,-6.570000000000000319e-03,-7.060000000000000303e-03,-2.550000000000000183e-03,-1.281999999999999980e-02,-7.130000000000000053e-03,-6.450000000000000004e-03,-6.479999999999999649e-03,-6.499999999999999702e-03,-6.610000000000000424e-03,-6.570000000000000319e-03,-7.060000000000000303e-03,-2.550000000000000183e-03,2.540000000000000157e-03,-1.789999999999999925e-03,-2.779999999999999919e-03,-3.160000000000000048e-03,-3.299999999999999982e-03,-3.059999999999999786e-03,-3.020000000000000115e-03,-3.050000000000000194e-03,-4.660000000000000080e-03,2.540000000000000157e-03,-1.789999999999999925e-03,-2.779999999999999919e-03,-3.160000000000000048e-03,-3.299999999999999982e-03,-3.059999999999999786e-03,-3.020000000000000115e-03,-3.050000000000000194e-03,-4.660000000000000080e-03
cz*c/cref,8.986641085602638246e-02,1.307961906154597731e-01,1.561547420686286436e-01,1.729244062522896641e-01,1.827877935401147902e-01,1.893575335694223649e-01,1.868787096226645350e-01,1.758138152399560672e-01,1.250086991818292748e-01,8.986641085602638246e-02,1.307961906154597731e-01,1.561547420686286436e-01,1.729244062522896641e-01,1.827877935401147902e-01,1.893575335694223649e-01,1.868787096226645350e-01,1.758138152399560672e-01,1.250086991818292748e-01,3.005419724020026717e-02,6.904474642813530905e-02,7.792169200146537023e-02,7.976296185126388605e-02,8.035609720356574892e-02,7.944861816461105952e-02,7.231898004640371913e-02,6.894452124190987574e-02,5.713990069605567185e-02,3.005419724020026717e-02,6.904474642813530905e-02,7.792169200146537023e-02,7.976296185126388605e-02,8.035609720356574892e-02,7.944861816461105952e-02,7.231898004640371913e-02,6.894452124190987574e-02,5.713990069605567185e-02,-1.146186901941628929e-02,-5.792996574673341809e-03,-4.714320674074979137e-03,-4.207612211503236263e-03,-3.690331542312858936e-03,-3.213542428867993857e-03,-2.658118182928318873e-03,-2.280412761020881619e-03,-6.156339601904994635e-04,-1.146186901941628929e-02,-5.792996574673341809e-03,-4.714320674074979137e-03,-4.207612211503236263e-03,-3.690331542312858936e-03,-3.213542428867993857e-03,-2.658118182928318873e-03,-2.280412761020881619e-03,-6.156339601904994635e-04,1.367124215410917129e-03,-9.230631517889850354e-04,-1.370866919037733601e-03,-1.486961558187812780e-03,-1.478391134448650687e-03,-1.301837745756502691e-03,-1.216688631090487218e-03,-1.159968372206618761e-03,-1.667149285627060563e-03,1.367124215410917129e-03,-9.230631517889850354e-04,-1.370866919037733601e-03,-1.486961558187812780e-03,-1.478391134448650687e-03,-1.301837745756502691e-03,-1.216688631090487218e-03,-1.159968372206618761e-03,-1.667149285627060563e-03
czi,7.981000000000000594e-02,1.250900000000000067e-01,1.617800000000000071e-01,1.954299999999999926e-01,2.272200000000000053e-01,2.615199999999999747e-01,2.903299999999999770e-01,3.121200000000000085e-01,2.588699999999999890e-01,7.981000000000000594e-02,1.250900000000000067e-01,1.617800000000000071e-01,1.954299999999999926e-01,2.272200000000000053e-01,2.615199999999999747e-01,2.903299999999999770e-01,3.121200000000000085e-01,2.588699999999999890e-01,5.745999999999999719e-02,1.428999999999999992e-01,1.757799999999999918e-01,1.977200000000000069e-01,2.210399999999999865e-01,2.454699999999999938e-01,2.548400000000000110e-01,2.826699999999999768e-01,2.800599999999999756e-01,5.745999999999999719e-02,1.428999999999999992e-01,1.757799999999999918e-01,1.977200000000000069e-01,2.210399999999999865e-01,2.454699999999999938e-01,2.548400000000000110e-01,2.826699999999999768e-01,2.800599999999999756e-01,-1.281999999999999980e-02,-7.130000000000000053e-03,-6.450000000000000004e-03,-6.479999999999999649e-03,-6.499999999999999702e-03,-6.610000000000000424e-03,-6.570000000000000319e-03,-7.060000000000000303e-03,-2.550000000000000183e-03,-1.281999999999999980e-02,-7.130000000000000053e-03,-6.450000000000000004e-03,-6.479999999999999649e-03,-6.499999999999999702e-03,-6.610000000000000424e-03,-6.570000000000000319e-03,-7.060000000000000303e-03,-2.550000000000000183e-03,2.540000000000000157e-03,-1.789999999999999925e-03,-2.779999999999999919e-03,-3.160000000000000048e-03,-3.299999999999999982e-03,-3.059999999999999786e-03,-3.020000000000000115e-03,-3.050000000000000194e-03,-4.660000000000000080e-03,2.540000000000000157e-03,-1.789999999999999925e-03,-2.779999999999999919e-03,-3.160000000000000048e-03,-3.299999999999999982e-03,-3.059999999999999786e-03,-3.020000000000000115e-03,-3.050000000000000194e-03,-4.660000000000000080e-03
czi*c/cref,8.986641085602638246e-02,1.307961906154597731e-01,1.561547420686286436e-01,1.729244062522896641e-01,1.827877935401147902e-01,1.893575335694223649e-01,1.868787096226645350e-01,1.758138152399560672e-01,1.250086991818292748e-01,8.986641085602638246e-02,1.307961906154597731e-01,1.561547420686286436e-01,1.729244062522896641e-01,1.827877935401147902e-01,1.893575335694223649e-01,1.868787096226645350e-01,1.758138152399560672e-01,1.250086991818292748e-01,3.005419724020026717e-02,6.904474642813530905e-02,7.792169200146537023e-02,7.976296185126388605e-02,8.035609720356574892e-02,7.944861816461105952e-02,7.231898004640371913e-02,6.894452124190987574e-02,5.713990069605567185e-02,3.005419724020026717e-02,6.904474642813530905e-02,7.792169200146537023e-02,7.976296185126388605e-02,8.035609720356574892e-02,7.944861816461105952e-02,7.231898004640371913e-02,6.894452124190987574e-02,5.713990069605567185e-02,-1.146186901941628929e-02,-5.792996574673341809e-03,-4.714320674074979137e-03,-4.207612211503236263e-03,-3.690331542312858936e-03,-3.213542428867993857e-03,-2.658118182928318873e-03,-2.280412761020881619e-03,-6.156339601904994635e-04,-1.146186901941628929e-02,-5.792996574673341809e-03,-4.714320674074979137e-03,-4.207612211503236263e-03,-3.690331542312858936e-03,-3.213542428867993857e-03,-2.658118182928318873e-03,-2.280412761020881619e-03,-6.156339601904994635e-04,1.367124215410917129e-03,-9.230631517889850354e-04,-1.370866919037733601e-03,-1.486961558187812780e-03,-1.478391134448650687e-03,-1.301837745756502691e-03,-1.216688631090487218e-03,-1.159968372206618761e-03,-1.667149285627060563e-03,1.367124215410917129e-03,-9.230631517889850354e-04,-1.370866919037733601e-03,-1.486961558187812780e-03,-1.478391134448650687e-03,-1.301837745756502691e-03,-1.216688631090487218e-03,-1.159968372206618761e-03,-1.667149285627060563e-03
czo,0.000000000000000000e+00,0.000000000000000000e+00,0.000000000000000000e+00,0.000000000000000000e+00,0.000000000000000000e+00,0.000000000000000000e+00,0.000000000000000000e+00,0.000000000000000000e+00,0.000000000000000000e+00,0.000000000000000000e+00,0.000000000000000000e+00,0.000000000000000000e+00,0.000000000000000000e+00,0.000000000000000000e+00,0.000000000000000000e+00,0.000000000000000000e+00,0.000000000000000000e+00,0.000000000000000000e+00,0.000000000000000000e+00,0.000000000000000000e+00,0.000000000000000000e+00,0.000000000000000000e+00,0.000000000000000000e+00,0.000000000000000000e+00,0.000000000000000000e+00,0.000000000000000000e+00,0.000000000000000000e+00,0.000000000000000000e+00,0.000000000000000000e+00,0.000000000000000000e+00,0.000000000000000000e+00,0.000000000000000000e+00,0.000000000000000000e+00,0.000000000000000000e+00,0.000000000000000000e+00,0.000000000000000000e+00,0.000000000000000000e+00,0.000000000000000000e+00,0.000000000000000000e+00,0.000000000000000000e+00,0.000000000000000000e+00,0.000000000000000000e+00,0.000000000000000000e+00,0.000000000000000000e+00,0.000000000000000000e+00,0.000000000000000000e+00,0.000000000000000000e+00,0.000000000000000000e+00,0.000000000000000000e+00,0.000000000000000000e+00,0.000000000000000000e+00,0.000000000000000000e+00,0.000000000000000000e+00,0.000000000000000000e+00,0.000000000000000000e+00,0.000000000000000000e+00,0.000000000000000000e+00,0.000000000000000000e+00,0.000000000000000000e+00,0.000000000000000000e+00,0.000000000000000000e+00,0.000000000000000000e+00,0.000000000000000000e+00,0.000000000000000000e+00,0.000000000000000000e+00,0.000000000000000000e+00,0.000000000000000000e+00,0.000000000000000000e+00,0.000000000000000000e+00,0.000000000000000000e+00,0.000000000000000000e+00,0.000000000000000000e+00
czo*c/cref,0.000000000000000000e+00,0.000000000000000000e+00,0.000000000000000000e+00,0.000000000000000000e+00,0.000000000000000000e+00,0.000000000000000000e+00,0.000000000000000000e+00,0.000000000000000000e+00,0.000000000000000000e+00,0.000000000000000000e+00,0.000000000000000000e+00,0.000000000000000000e+00,0.000000000000000000e+00,0.000000000000000000e+00,0.000000000000000000e+00,0.000000000000000000e+00,0.000000000000000000e+00,0.000000000000000000e+00,0.000000000000000000e+00,0.000000000000000000e+00,0.000000000000000000e+00,0.000000000000000000e+00,0.000000000000000000e+00,0.000000000000000000e+00,0.000000000000000000e+00,0.000000000000000000e+00,0.000000000000000000e+00,0.000000000000000000e+00,0.000000000000000000e+00,0.000000000000000000e+00,0.000000000000000000e+00,0.000000000000000000e+00,0.000000000000000000e+00,0.000000000000000000e+00,0.000000000000000000e+00,0.000000000000000000e+00,0.000000000000000000e+00,0.000000000000000000e+00,0.000000000000000000e+00,0.000000000000000000e+00,0.000000000000000000e+00,0.000000000000000000e+00,0.000000000000000000e+00,0.000000000000000000e+00,0.000000000000000000e+00,0.000000000000000000e+00,0.000000000000000000e+00,0.000000000000000000e+00,0.000000000000000000e+00,0.000000000000000000e+00,0.000000000000000000e+00,0.000000000000000000e+00,0.000000000000000000e+00,0.000000000000000000e+00,0.000000000000000000e+00,0.000000000000000000e+00,0.000000000000000000e+00,0.000000000000000000e+00,0.000000000000000000e+00,0.000000000000000000e+00,0.000000000000000000e+00,0.000000000000000000e+00,0.000000000000000000e+00,0.000000000000000000e+00,0.000000000000000000e+00,0.000000000000000000e+00,0.000000000000000000e+00,0.000000000000000000e+00,0.000000000000000000e+00,0.000000000000000000e+00,0.000000000000000000e+00,0.000000000000000000e+00
dArea,3.421961000000000297e+01,3.177658999999999878e+01,2.933358000000000132e+01,2.689057000000000031e+01,2.444755999999999929e+01,2.200453999999999866e+01,1.956153000000000119e+01,1.711852000000000018e+01,1.467550999999999917e+01,3.421961000000000297e+01,3.177658999999999878e+01,2.933358000000000132e+01,2.689057000000000031e+01,2.444755999999999929e+01,2.200453999999999866e+01,1.956153000000000119e+01,1.711852000000000018e+01,1.467550999999999917e+01,8.784409999999999386e+00,8.114679999999999893e+00,7.444950000000000401e+00,6.775229999999999642e+00,6.105500000000000149e+00,5.435769999999999769e+00,4.766040000000000276e+00,4.096309999999999896e+00,3.426579999999999959e+00,8.784409999999999386e+00,8.114679999999999893e+00,7.444950000000000401e+00,6.775229999999999642e+00,6.105500000000000149e+00,5.435769999999999769e+00,4.766040000000000276e+00,4.096309999999999896e+00,3.426579999999999959e+00,1.506758999999999915e+01,1.369272999999999918e+01,1.231786999999999921e+01,1.094300999999999924e+01,9.568160000000000664e+00,8.193300000000000693e+00,6.818439999999999834e+00,5.443579999999999863e+00,4.068719999999999892e+00,1.506758999999999915e+01,1.369272999999999918e+01,1.231786999999999921e+01,1.094300999999999924e+01,9.568160000000000664e+00,8.193300000000000693e+00,6.818439999999999834e+00,5.443579999999999863e+00,4.068719999999999892e+00,2.551029999999999909e+00,2.444100000000000161e+00,2.337180000000000035e+00,2.230249999999999844e+00,2.123330000000000162e+00,2.016399999999999970e+00,1.909480000000000066e+00,1.802550000000000097e+00,1.695619999999999905e+00,2.551029999999999909e+00,2.444100000000000161e+00,2.337180000000000035e+00,2.230249999999999844e+00,2.123330000000000162e+00,2.016399999999999970e+00,1.909480000000000066e+00,1.802550000000000097e+00,1.695619999999999905e+00
dSpan,1.855560000000000098e+00,1.855560000000000098e+00,1.855560000000000098e+00,1.855560000000000098e+00,1.855560000000000098e+00,1.855560000000000098e+00,1.855560000000000098e+00,1.855560000000000098e+00,1.855560000000000098e+00,1.855560000000000098e+00,1.855560000000000098e+00,1.855560000000000098e+00,1.855560000000000098e+00,1.855560000000000098e+00,1.855560000000000098e+00,1.855560000000000098e+00,1.855560000000000098e+00,1.855560000000000098e+00,1.025439999999999907e+00,1.025439999999999907e+00,1.025439999999999907e+00,1.025439999999999907e+00,1.025439999999999907e+00,1.025439999999999907e+00,1.025439999999999907e+00,1.025439999999999907e+00,1.025439999999999907e+00,1.025439999999999907e+00,1.025439999999999907e+00,1.025439999999999907e+00,1.025439999999999907e+00,1.025439999999999907e+00,1.025439999999999907e+00,1.025439999999999907e+00,1.025439999999999907e+00,1.025439999999999907e+00,1.028999999999999915e+00,1.028999999999999915e+00,1.028999999999999915e+00,1.028999999999999915e+00,1.028999999999999915e+00,1.028999999999999915e+00,1.028999999999999915e+00,1.028999999999999915e+00,1.028999999999999915e+00,1.028999999999999915e+00,1.028999999999999915e+00,1.028999999999999915e+00,1.028999999999999915e+00,1.028999999999999915e+00,1.028999999999999915e+00,1.028999999999999915e+00,1.028999999999999915e+00,1.028999999999999915e+00,2.893899999999999806e-01,2.893899999999999806e-01,2.893899999999999806e-01,2.893899999999999806e-01,2.893899999999999806e-01,2.893899999999999806e-01,2.893899999999999806e-01,2.893899999999999806e-01,2.893899999999999806e-01,2.893899999999999806e-01,2.893899999999999806e-01,2.893899999999999806e-01,2.893899999999999806e-01,2.893899999999999806e-01,2.893899999999999806e-01,2.893899999999999806e-01,2.893899999999999806e-01,2.893899999999999806e-01
roverR,inf,inf,inf,inf,inf,inf,inf,inf,inf,inf,inf,inf,inf,inf,inf,inf,inf,inf,inf,inf,inf,inf,inf,inf,inf,inf,inf,inf,inf,inf,inf,inf,inf,inf,inf,inf,inf,inf,inf,inf,inf,inf,inf,inf,inf,inf,inf,inf,inf,inf,inf,inf,inf,inf,inf,inf,inf,inf,inf,inf,inf,inf,inf,inf,inf,inf,inf,inf,inf,inf,inf,inf
Results_Name,CpSlice_Wrapper
Results_Timestamp,1788935244
Results_Date,9,9,2026
Results_Time,9,27,24
CpSlice_Case_ID_Vec,DJBUQGU
Num_Cuts,1
