Results_Name,VSPAERO_Wrapper
Results_Timestamp,1788934662
Results_Date,9,9,2026
Results_Time,9,17,42
Analysis_Duration_Sec,9.346099999999999852e+01
ResultsVec,VSPAERO_History,VSPAERO_Polar,VSPAERO_Load,CpSlice_Wrapper
Results_Name,VSPAERO_History
Results_Timestamp,1788934661
Results_Date,9,9,2026
Results_Time,9,17,41
Alpha,5.000000000000000000e+00,5.000000000000000000e+00,5.000000000000000000e+00,5.000000000000000000e+00,5.000000000000000000e+00,5.000000000000000000e+00,5.000000000000000000e+00
Beta,0.000000000000000000e+00,0.000000000000000000e+00,0.000000000000000000e+00,0.000000000000000000e+00,0.000000000000000000e+00,0.000000000000000000e+00,0.000000000000000000e+00
CDi,0.000000000000000000e+00,1.902174696999999956e-02,1.908687703800000107e-02,1.911063949000000109e-02,1.910976288700000011e-02,1.910961050400000055e-02,1.910959765399999899e-02
CDiw,0.000000000000000000e+00,0.000000000000000000e+00,0.000000000000000000e+00,0.000000000000000000e+00,0.000000000000000000e+00,0.000000000000000000e+00,0.000000000000000000e+00
CDo,8.587644521000000267e-03,8.900676596000000815e-03,8.905491834999999454e-03,8.905816930999999742e-03,8.905809182000000782e-03,8.905807216999999526e-03,8.905806937000000645e-03
CDtot,8.587644521000000267e-03,2.792242356599999864e-02,2.799236887200000010e-02,2.801645642100000083e-02,2.801557206899999916e-02,2.801541772100000008e-02,2.801540459099999963e-02
CDwtot,8.587644521000000267e-03,8.900676596000000815e-03,8.905491834999999454e-03,8.905816930999999742e-03,8.905809182000000782e-03,8.905807216999999526e-03,8.905806937000000645e-03
CFxi,0.000000000000000000e+00,1.230029899999999870e-04,-3.143603999999999964e-06,1.320739999999999954e-07,1.747999999999999837e-08,5.119999999999999897e-10,9.899999999999999417e-11
CFxiw,0.000000000000000000e+00,0.000000000000000000e+00,0.000000000000000000e+00,0.000000000000000000e+00,0.000000000000000000e+00,0.000000000000000000e+00,0.000000000000000000e+00
CFxo,8.620441265000000630e-03,8.934669024999999584e-03,8.939502656999999755e-03,8.939828995999999847e-03,8.939821217000000139e-03,8.939819244000000650e-03,8.939818964000000034e-03
CFxtot,8.620441265000000630e-03,9.057672015000000493e-03,8.936359052999999844e-03,8.939961070000000329e-03,8.939838696999999682e-03,8.939819756000000339e-03,8.939819062000000510e-03
CFxwtot,8.620441265000000630e-03,8.934669024999999584e-03,8.939502656999999755e-03,8.939828995999999847e-03,8.939821217000000139e-03,8.939819244000000650e-03,8.939818964000000034e-03
CFyi,0.000000000000000000e+00,-2.076211280000000135e-04,-1.695330010000000007e-04,-1.863368340000000009e-04,-1.866166470000000068e-04,-1.864219360000000101e-04,-1.864373500000000015e-04
CFyiw,0.000000000000000000e+00,0.000000000000000000e+00,0.000000000000000000e+00,0.000000000000000000e+00,0.000000000000000000e+00,0.000000000000000000e+00,0.000000000000000000e+00
CFyo,0.000000000000000000e+00,-5.000000000000000182e-11,-8.800000000000000631e-11,-8.800000000000000631e-11,-8.800000000000000631e-11,-8.800000000000000631e-11,-8.800000000000000631e-11
CFytot,0.000000000000000000e+00,-2.076211780000000034e-04,-1.695330890000000014e-04,-1.863369220000000016e-04,-1.866167350000000075e-04,-1.864220240000000108e-04,-1.864374380000000022e-04
CFywtot,0.000000000000000000e+00,-5.000000000000000182e-11,-8.800000000000000631e-11,-8.800000000000000631e-11,-8.800000000000000631e-11,-8.800000000000000631e-11,-8.800000000000000631e-11
CFzi,0.000000000000000000e+00,2.168441395540000038e-01,2.190332854479999924e-01,2.192684878280000138e-01,2.192597397640000112e-01,2.192581853059999974e-01,2.192580425879999961e-01
CFziw,0.000000000000000000e+00,0.000000000000000000e+00,0.000000000000000000e+00,0.000000000000000000e+00,0.000000000000000000e+00,0.000000000000000000e+00,0.000000000000000000e+00
CFzo,7.615000000000000360e-08,7.669800000000000294e-08,7.668700000000000371e-08,7.668700000000000371e-08,7.668700000000000371e-08,7.668700000000000371e-08,7.668700000000000371e-08
CFztot,7.615000000000000360e-08,2.168442162520000105e-01,2.190333621349999926e-01,2.192685645159999919e-01,2.192598164510000114e-01,2.192582619929999976e-01,2.192581192749999963e-01
CFzwtot,7.615000000000000360e-08,7.669800000000000294e-08,7.668700000000000371e-08,7.668700000000000371e-08,7.668700000000000371e-08,7.668700000000000371e-08,7.668700000000000371e-08
CLi,0.000000000000000000e+00,2.160082617190000054e-01,2.182000716520000050e-01,2.184340935219999946e-01,2.184253887339999978e-01,2.184238416700000074e-01,2.184236995319999985e-01
CLiw,0.000000000000000000e+00,0.000000000000000000e+00,0.000000000000000000e+00,0.000000000000000000e+00,0.000000000000000000e+00,0.000000000000000000e+00,0.000000000000000000e+00
CLo,-7.512451010000000245e-04,-7.786313089999999642e-04,-7.790525990000000131e-04,-7.790810409999999889e-04,-7.790803629999999876e-04,-7.790801910000000243e-04,-7.790801660000000158e-04
CLtot,-7.512451010000000245e-04,2.152296304100000113e-01,2.174210190529999864e-01,2.176550124809999986e-01,2.176463083709999913e-01,2.176447614789999985e-01,2.176446193650000138e-01
CLwtot,-7.512451010000000245e-04,-7.786313089999999642e-04,-7.790525990000000131e-04,-7.790810409999999889e-04,-7.790803629999999876e-04,-7.790801910000000243e-04,-7.790801660000000158e-04
CMxi,0.000000000000000000e+00,4.186472100000000334e-05,4.135365100000000282e-05,5.779736199999999932e-05,5.980393599999999689e-05,5.962552799999999682e-05,5.962169299999999959e-05
CMxo,0.000000000000000000e+00,9.999999999999999799e-13,9.999999999999999799e-13,9.999999999999999799e-13,9.999999999999999799e-13,9.999999999999999799e-13,9.999999999999999799e-13
CMxtot,0.000000000000000000e+00,4.186472199999999934e-05,4.135365199999999883e-05,5.779736300000000210e-05,5.980393699999999967e-05,5.962552899999999960e-05,5.962169400000000237e-05
CMyi,0.000000000000000000e+00,-2.642521176300000052e-01,-2.701647977739999873e-01,-2.707735910599999851e-01,-2.707493853490000046e-01,-2.707451772419999791e-01,-2.707447716590000164e-01
CMyo,5.830652509999999884e-04,5.809812069999999856e-04,5.815570349999999843e-04,5.815136130000000177e-04,5.815108799999999878e-04,5.815109850000000019e-04,5.815109820000000139e-04
CMytot,5.830652509999999884e-04,-2.636711364220000187e-01,-2.695832407389999741e-01,-2.701920774459999897e-01,-2.701678744689999800e-01,-2.701636662570000014e-01,-2.701632606769999723e-01
CMzi,0.000000000000000000e+00,-1.580310739999999943e-04,-1.148697169999999954e-04,-1.275517720000000042e-04,-1.277767039999999968e-04,-1.276310880000000125e-04,-1.276426509999999961e-04
CMzo,0.000000000000000000e+00,-8.592499999999999683e-08,-8.912399999999999788e-08,-1.112769999999999978e-07,-1.143429999999999936e-07,-1.141040000000000005e-07,-1.140860000000000066e-07
CMztot,0.000000000000000000e+00,-1.581169989999999946e-04,-1.149588420000000028e-04,-1.276630489999999946e-04,-1.278910469999999875e-04,-1.277451920000000096e-04,-1.277567370000000108e-04
CSi,0.000000000000000000e+00,-2.076211280000000135e-04,-1.695330010000000007e-04,-1.863368340000000009e-04,-1.866166470000000068e-04,-1.864219360000000101e-04,-1.864373500000000015e-04
CSiw,0.000000000000000000e+00,0.000000000000000000e+00,0.000000000000000000e+00,0.000000000000000000e+00,0.000000000000000000e+00,0.000000000000000000e+00,0.000000000000000000e+00
CSo,0.000000000000000000e+00,-5.000000000000000182e-11,-8.800000000000000631e-11,-8.800000000000000631e-11,-8.800000000000000631e-11,-8.800000000000000631e-11,-8.800000000000000631e-11
CStot,0.000000000000000000e+00,-2.076211780000000034e-04,-1.695330890000000014e-04,-1.863369220000000016e-04,-1.866167350000000075e-04,-1.864220240000000108e-04,-1.864374380000000022e-04
CSwtot,0.000000000000000000e+00,-5.000000000000000182e-11,-8.800000000000000631e-11,-8.800000000000000631e-11,-8.800000000000000631e-11,-8.800000000000000631e-11,-8.800000000000000631e-11
E,0.000000000000000000e+00,2.302539138320000012e-01,2.341486182760000034e-01,2.343593726200000060e-01,2.343514438179999937e-01,2.343499928259999976e-01,2.343498454100000072e-01
Ew,0.000000000000000000e+00,0.000000000000000000e+00,0.000000000000000000e+00,0.000000000000000000e+00,0.000000000000000000e+00,0.000000000000000000e+00,0.000000000000000000e+00
FC_AoA_,5.000000000000000000e+00
FC_Beta_,0.000000000000000000e+00
FC_Bref_,3.727034100000000194e+01
FC_Cref_,1.236139999999999972e+01
FC_Mach_,1.699999999999999956e+00
FC_Pitch_Rate,0.000000000000000000e+00
FC_ReCref_,1.000000000000000000e+07
FC_Rho_,2.377000000000000206e-03
FC_Roll__Rate,0.000000000000000000e+00
FC_Sref_,4.096313739999999939e+02
FC_Vinf_,1.000000000000000000e+02
FC_Xcg_,2.046778000000000119e+01
FC_Yaw___Rate,0.000000000000000000e+00
FC_Ycg_,0.000000000000000000e+00
FC_Zcg_,0.000000000000000000e+00
L/D,0.000000000000000000e+00,7.736014075091000031e+00,7.794984148942999624e+00,7.796635314591999766e+00,7.796570714149000381e+00,7.796558446807999587e+00,7.796557027198000256e+00
L/Dw,0.000000000000000000e+00,0.000000000000000000e+00,0.000000000000000000e+00,0.000000000000000000e+00,0.000000000000000000e+00,0.000000000000000000e+00,0.000000000000000000e+00
Mach,1.699999999999999956e+00,1.699999999999999956e+00,1.699999999999999956e+00,1.699999999999999956e+00,1.699999999999999956e+00,1.699999999999999956e+00,1.699999999999999956e+00
T/QS,0.000000000000000000e+00,0.000000000000000000e+00,0.000000000000000000e+00,0.000000000000000000e+00,0.000000000000000000e+00,0.000000000000000000e+00,0.000000000000000000e+00
WakeIter,1,2,3,4,5,6,7
WallTime,1.126000000000199996e+01,2.358499999999899899e+01,3.505299999999999727e+01,4.710900000000400212e+01,5.972800000000300003e+01,7.253500000000299508e+01,8.532800000000099772e+01
log10( L2Residual ),5.653140787989999749e-01,-1.437356687319999993e-01,-1.123133398670999927e+00,-2.149134835124999920e+00,-3.125535920301000026e+00,-4.129873009423000063e+00,-5.174846145495999750e+00
log10( MaxResidual ),9.397004146290000026e-01,1.326259249168000087e+00,4.331238802849999847e-01,-6.067815684409999522e-01,-1.632898685088000068e+00,-2.515547106887999984e+00,-3.582765119655999975e+00
Results_Name,VSPAERO_Polar
Results_Timestamp,1788934661
Results_Date,9,9,2026
Results_Time,9,17,41
Alpha,5.000000000000000000e+00
Beta,0.000000000000000000e+00
CDi,1.910959765399999899e-02
CDiw,0.000000000000000000e+00
CDo,8.905806937000000645e-03
CDtot,2.801540459099999963e-02
CDwtot,8.905806937000000645e-03
CFix,9.899999999999999417e-11
CFiy,-1.864373500000000015e-04
CFiz,2.192580425879999961e-01
CFox,8.939818964000000034e-03
CFoy,-8.800000000000000631e-11
CFoz,7.668700000000000371e-08
CFxtot,8.939819062000000510e-03
CFytot,-1.864374380000000022e-04
CFztot,2.192581192749999963e-01
CLi,2.184236995319999985e-01
CLiw,0.000000000000000000e+00
CLo,-7.790801660000000158e-04
CLtot,2.176446193650000138e-01
CLwtot,-7.790801660000000158e-04
CMix,5.962169299999999959e-05
CMiy,-2.707447716590000164e-01
CMiz,-1.276426509999999961e-04
CMox,9.999999999999999799e-13
CMoy,5.815109820000000139e-04
CMoz,-1.140860000000000066e-07
CMxtot,5.962169400000000237e-05
CMytot,-2.701632606769999723e-01
CMztot,-1.277567370000000108e-04
CSi,-1.864373500000000015e-04
CSiw,0.000000000000000000e+00
CSo,-8.800000000000000631e-11
CStot,-1.864374380000000022e-04
CSwtot,-8.800000000000000631e-11
E,2.326810548359999897e-01
Ew,2.326810548359999897e-01
L_D,7.768748035043000044e+00
L_Dw,7.768748035043000044e+00
Mach,1.699999999999999956e+00
Re_1e6,1.000000000000000000e+01
StallFactor,1.000000000000000000e+00
Results_Name,VSPAERO_Load
Results_Timestamp,1788934661
Results_Date,9,9,2026
Results_Time,9,17,41
Angle ,0.000000000000000000e+00,0.000000000000000000e+00,0.000000000000000000e+00,0.000000000000000000e+00,0.000000000000000000e+00,0.000000000000000000e+00,0.000000000000000000e+00,0.000000000000000000e+00,0.000000000000000000e+00,0.000000000000000000e+00,0.000000000000000000e+00,0.000000000000000000e+00,0.000000000000000000e+00,0.000000000000000000e+00,0.000000000000000000e+00,0.000000000000000000e+00,0.000000000000000000e+00,0.000000000000000000e+00,0.000000000000000000e+00,0.000000000000000000e+00,0.000000000000000000e+00,0.000000000000000000e+00,0.000000000000000000e+00,0.000000000000000000e+00,0.000000000000000000e+00,0.000000000000000000e+00,0.000000000000000000e+00,0.000000000000000000e+00,0.000000000000000000e+00,0.000000000000000000e+00,0.000000000000000000e+00,0.000000000000000000e+00,0.000000000000000000e+00,0.000000000000000000e+00,0.000000000000000000e+00,0.000000000000000000e+00,0.000000000000000000e+00,0.000000000000000000e+00,0.000000000000000000e+00,0.000000000000000000e+00,0.000000000000000000e+00,0.000000000000000000e+00,0.000000000000000000e+00,0.000000000000000000e+00,0.000000000000000000e+00,0.000000000000000000e+00,0.000000000000000000e+00,0.000000000000000000e+00,0.000000000000000000e+00,0.000000000000000000e+00,0.000000000000000000e+00,0.000000000000000000e+00,0.000000000000000000e+00,0.000000000000000000e+00,0.000000000000000000e+00,0.000000000000000000e+00,0.000000000000000000e+00,0.000000000000000000e+00,0.000000000000000000e+00,0.000000000000000000e+00,0.000000000000000000e+00,0.000000000000000000e+00,0.000000000000000000e+00,0.000000000000000000e+00,0.000000000000000000e+00,0.000000000000000000e+00,0.000000000000000000e+00,0.000000000000000000e+00,0.000000000000000000e+00,0.000000000000000000e+00,0.000000000000000000e+00,0.000000000000000000e+00,0.000000000000000000e+00,0.000000000000000000e+00,0.000000000000000000e+00,0.000000000000000000e+00,0.000000000000000000e+00,0.000000000000000000e+00,0.000000000000000000e+00,0.000000000000000000e+00,0.000000000000000000e+00,0.000000000000000000e+00,0.000000000000000000e+00,0.000000000000000000e+00,0.000000000000000000e+00,0.000000000000000000e+00,0.000000000000000000e+00,0.000000000000000000e+00,0.000000000000000000e+00,0.000000000000000000e+00,0.000000000000000000e+00,0.000000000000000000e+00,0.000000000000000000e+00,0.000000000000000000e+00,0.000000000000000000e+00,0.000000000000000000e+00,0.000000000000000000e+00,0.000000000000000000e+00,0.000000000000000000e+00,0.000000000000000000e+00,0.000000000000000000e+00,0.000000000000000000e+00,0.000000000000000000e+00,0.000000000000000000e+00,0.000000000000000000e+00,0.000000000000000000e+00,0.000000000000000000e+00,0.000000000000000000e+00,0.000000000000000000e+00,0.000000000000000000e+00,0.000000000000000000e+00,0.000000000000000000e+00,0.000000000000000000e+00,0.000000000000000000e+00,0.000000000000000000e+00,0.000000000000000000e+00,0.000000000000000000e+00,0.000000000000000000e+00,0.000000000000000000e+00,0.000000000000000000e+00,0.000000000000000000e+00,0.000000000000000000e+00,0.000000000000000000e+00,0.000000000000000000e+00,0.000000000000000000e+00,0.000000000000000000e+00,0.000000000000000000e+00,0.000000000000000000e+00,0.000000000000000000e+00,0.000000000000000000e+00,0.000000000000000000e+00,0.000000000000000000e+00
CP,0.000000000000000000e+00,0.000000000000000000e+00,0.000000000000000000e+00,0.000000000000000000e+00,0.000000000000000000e+00,0.000000000000000000e+00,0.000000000000000000e+00,0.000000000000000000e+00,0.000000000000000000e+00,0.000000000000000000e+00,0.000000000000000000e+00,0.000000000000000000e+00,0.000000000000000000e+00,0.000000000000000000e+00,0.000000000000000000e+00,0.000000000000000000e+00,0.000000000000000000e+00,0.000000000000000000e+00,0.000000000000000000e+00,0.000000000000000000e+00,0.000000000000000000e+00,0.000000000000000000e+00,0.000000000000000000e+00,0.000000000000000000e+00,0.000000000000000000e+00,0.000000000000000000e+00,0.000000000000000000e+00,0.000000000000000000e+00,0.000000000000000000e+00,0.000000000000000000e+00,0.000000000000000000e+00,0.000000000000000000e+00,0.000000000000000000e+00,0.000000000000000000e+00,0.000000000000000000e+00,0.000000000000000000e+00,0.000000000000000000e+00,0.000000000000000000e+00,0.000000000000000000e+00,0.000000000000000000e+00,0.000000000000000000e+00,0.000000000000000000e+00,0.000000000000000000e+00,0.000000000000000000e+00,0.000000000000000000e+00,0.000000000000000000e+00,0.000000000000000000e+00,0.000000000000000000e+00,0.000000000000000000e+00,0.000000000000000000e+00,0.000000000000000000e+00,0.000000000000000000e+00,0.000000000000000000e+00,0.000000000000000000e+00,0.000000000000000000e+00,0.000000000000000000e+00,0.000000000000000000e+00,0.000000000000000000e+00,0.000000000000000000e+00,0.000000000000000000e+00,0.000000000000000000e+00,0.000000000000000000e+00,0.000000000000000000e+00,0.000000000000000000e+00,0.000000000000000000e+00,0.000000000000000000e+00,0.000000000000000000e+00,0.000000000000000000e+00,0.000000000000000000e+00,0.000000000000000000e+00,0.000000000000000000e+00,0.000000000000000000e+00,0.000000000000000000e+00,0.000000000000000000e+00,0.000000000000000000e+00,0.000000000000000000e+00,0.000000000000000000e+00,0.000000000000000000e+00,0.000000000000000000e+00,0.000000000000000000e+00,0.000000000000000000e+00,0.000000000000000000e+00,0.000000000000000000e+00,0.000000000000000000e+00,0.000000000000000000e+00,0.000000000000000000e+00,0.000000000000000000e+00,0.000000000000000000e+00,0.000000000000000000e+00,0.000000000000000000e+00,0.000000000000000000e+00,0.000000000000000000e+00,0.000000000000000000e+00,0.000000000000000000e+00,0.000000000000000000e+00,0.000000000000000000e+00,0.000000000000000000e+00,0.000000000000000000e+00,0.000000000000000000e+00,0.000000000000000000e+00,0.000000000000000000e+00,0.000000000000000000e+00,0.000000000000000000e+00,0.000000000000000000e+00,0.000000000000000000e+00,0.000000000000000000e+00,0.000000000000000000e+00,0.000000000000000000e+00,0.000000000000000000e+00,0.000000000000000000e+00,0.000000000000000000e+00,0.000000000000000000e+00,0.000000000000000000e+00,0.000000000000000000e+00,0.000000000000000000e+00,0.000000000000000000e+00,0.000000000000000000e+00,0.000000000000000000e+00,0.000000000000000000e+00,0.000000000000000000e+00,0.000000000000000000e+00,0.000000000000000000e+00,0.000000000000000000e+00,0.000000000000000000e+00,0.000000000000000000e+00,0.000000000000000000e+00,0.000000000000000000e+00,0.000000000000000000e+00,0.000000000000000000e+00,0.000000000000000000e+00,0.000000000000000000e+00,0.000000000000000000e+00
CP_h,0.000000000000000000e+00,0.000000000000000000e+00,0.000000000000000000e+00,0.000000000000000000e+00,0.000000000000000000e+00,0.000000000000000000e+00,0.000000000000000000e+00,0.000000000000000000e+00,0.000000000000000000e+00,0.000000000000000000e+00,0.000000000000000000e+00,0.000000000000000000e+00,0.000000000000000000e+00,0.000000000000000000e+00,0.000000000000000000e+00,0.000000000000000000e+00,0.000000000000000000e+00,0.000000000000000000e+00,0.000000000000000000e+00,0.000000000000000000e+00,0.000000000000000000e+00,0.000000000000000000e+00,0.000000000000000000e+00,0.000000000000000000e+00,0.000000000000000000e+00,0.000000000000000000e+00,0.000000000000000000e+00,0.000000000000000000e+00,0.000000000000000000e+00,0.000000000000000000e+00,0.000000000000000000e+00,0.000000000000000000e+00,0.000000000000000000e+00,0.000000000000000000e+00,0.000000000000000000e+00,0.000000000000000000e+00,0.000000000000000000e+00,0.000000000000000000e+00,0.000000000000000000e+00,0.000000000000000000e+00,0.000000000000000000e+00,0.000000000000000000e+00,0.000000000000000000e+00,0.000000000000000000e+00,0.000000000000000000e+00,0.000000000000000000e+00,0.000000000000000000e+00,0.000000000000000000e+00,0.000000000000000000e+00,0.000000000000000000e+00,0.000000000000000000e+00,0.000000000000000000e+00,0.000000000000000000e+00,0.000000000000000000e+00,0.000000000000000000e+00,0.000000000000000000e+00,0.000000000000000000e+00,0.000000000000000000e+00,0.000000000000000000e+00,0.000000000000000000e+00,0.000000000000000000e+00,0.000000000000000000e+00,0.000000000000000000e+00,0.000000000000000000e+00,0.000000000000000000e+00,0.000000000000000000e+00,0.000000000000000000e+00,0.000000000000000000e+00,0.000000000000000000e+00,0.000000000000000000e+00,0.000000000000000000e+00,0.000000000000000000e+00,0.000000000000000000e+00,0.000000000000000000e+00,0.000000000000000000e+00,0.000000000000000000e+00,0.000000000000000000e+00,0.000000000000000000e+00,0.000000000000000000e+00,0.000000000000000000e+00,0.000000000000000000e+00,0.000000000000000000e+00,0.000000000000000000e+00,0.000000000000000000e+00,0.000000000000000000e+00,0.000000000000000000e+00,0.000000000000000000e+00,0.000000000000000000e+00,0.000000000000000000e+00,0.000000000000000000e+00,0.000000000000000000e+00,0.000000000000000000e+00,0.000000000000000000e+00,0.000000000000000000e+00,0.000000000000000000e+00,0.000000000000000000e+00,0.000000000000000000e+00,0.000000000000000000e+00,0.000000000000000000e+00,0.000000000000000000e+00,0.000000000000000000e+00,0.000000000000000000e+00,0.000000000000000000e+00,0.000000000000000000e+00,0.000000000000000000e+00,0.000000000000000000e+00,0.000000000000000000e+00,0.000000000000000000e+00,0.000000000000000000e+00,0.000000000000000000e+00,0.000000000000000000e+00,0.000000000000000000e+00,0.000000000000000000e+00,0.000000000000000000e+00,0.000000000000000000e+00,0.000000000000000000e+00,0.000000000000000000e+00,0.000000000000000000e+00,0.000000000000000000e+00,0.000000000000000000e+00,0.000000000000000000e+00,0.000000000000000000e+00,0.000000000000000000e+00,0.000000000000000000e+00,0.000000000000000000e+00,0.000000000000000000e+00,0.000000000000000000e+00,0.000000000000000000e+00,0.000000000000000000e+00,0.000000000000000000e+00,0.000000000000000000e+00,0.000000000000000000e+00
CQ,0.000000000000000000e+00,0.000000000000000000e+00,0.000000000000000000e+00,0.000000000000000000e+00,0.000000000000000000e+00,0.000000000000000000e+00,0.000000000000000000e+00,0.000000000000000000e+00,0.000000000000000000e+00,0.000000000000000000e+00,0.000000000000000000e+00,0.000000000000000000e+00,0.000000000000000000e+00,0.000000000000000000e+00,0.000000000000000000e+00,0.000000000000000000e+00,0.000000000000000000e+00,0.000000000000000000e+00,0.000000000000000000e+00,0.000000000000000000e+00,0.000000000000000000e+00,0.000000000000000000e+00,0.000000000000000000e+00,0.000000000000000000e+00,0.000000000000000000e+00,0.000000000000000000e+00,0.000000000000000000e+00,0.000000000000000000e+00,0.000000000000000000e+00,0.000000000000000000e+00,0.000000000000000000e+00,0.000000000000000000e+00,0.000000000000000000e+00,0.000000000000000000e+00,0.000000000000000000e+00,0.000000000000000000e+00,0.000000000000000000e+00,0.000000000000000000e+00,0.000000000000000000e+00,0.000000000000000000e+00,0.000000000000000000e+00,0.000000000000000000e+00,0.000000000000000000e+00,0.000000000000000000e+00,0.000000000000000000e+00,0.000000000000000000e+00,0.000000000000000000e+00,0.000000000000000000e+00,0.000000000000000000e+00,0.000000000000000000e+00,0.000000000000000000e+00,0.000000000000000000e+00,0.000000000000000000e+00,0.000000000000000000e+00,0.000000000000000000e+00,0.000000000000000000e+00,0.000000000000000000e+00,0.000000000000000000e+00,0.000000000000000000e+00,0.000000000000000000e+00,0.000000000000000000e+00,0.000000000000000000e+00,0.000000000000000000e+00,0.000000000000000000e+00,0.000000000000000000e+00,0.000000000000000000e+00,0.000000000000000000e+00,0.000000000000000000e+00,0.000000000000000000e+00,0.000000000000000000e+00,0.000000000000000000e+00,0.000000000000000000e+00,0.000000000000000000e+00,0.000000000000000000e+00,0.000000000000000000e+00,0.000000000000000000e+00,0.000000000000000000e+00,0.000000000000000000e+00,0.000000000000000000e+00,0.000000000000000000e+00,0.000000000000000000e+00,0.000000000000000000e+00,0.000000000000000000e+00,0.000000000000000000e+00,0.000000000000000000e+00,0.000000000000000000e+00,0.000000000000000000e+00,0.000000000000000000e+00,0.000000000000000000e+00,0.000000000000000000e+00,0.000000000000000000e+00,0.000000000000000000e+00,0.000000000000000000e+00,0.000000000000000000e+00,0.000000000000000000e+00,0.000000000000000000e+00,0.000000000000000000e+00,0.000000000000000000e+00,0.000000000000000000e+00,0.000000000000000000e+00,0.000000000000000000e+00,0.000000000000000000e+00,0.000000000000000000e+00,0.000000000000000000e+00,0.000000000000000000e+00,0.000000000000000000e+00,0.000000000000000000e+00,0.000000000000000000e+00,0.000000000000000000e+00,0.000000000000000000e+00,0.000000000000000000e+00,0.000000000000000000e+00,0.000000000000000000e+00,0.000000000000000000e+00,0.000000000000000000e+00,0.000000000000000000e+00,0.000000000000000000e+00,0.000000000000000000e+00,0.000000000000000000e+00,0.000000000000000000e+00,0.000000000000000000e+00,0.000000000000000000e+00,0.000000000000000000e+00,0.000000000000000000e+00,0.000000000000000000e+00,0.000000000000000000e+00,0.000000000000000000e+00,0.000000000000000000e+00,0.000000000000000000e+00,0.000000000000000000e+00,0.000000000000000000e+00,0.000000000000000000e+00
CQ_h,0.000000000000000000e+00,0.000000000000000000e+00,0.000000000000000000e+00,0.000000000000000000e+00,0.000000000000000000e+00,0.000000000000000000e+00,0.000000000000000000e+00,0.000000000000000000e+00,0.000000000000000000e+00,0.000000000000000000e+00,0.000000000000000000e+00,0.000000000000000000e+00,0.000000000000000000e+00,0.000000000000000000e+00,0.000000000000000000e+00,0.000000000000000000e+00,0.000000000000000000e+00,0.000000000000000000e+00,0.000000000000000000e+00,0.000000000000000000e+00,0.000000000000000000e+00,0.000000000000000000e+00,0.000000000000000000e+00,0.000000000000000000e+00,0.000000000000000000e+00,0.000000000000000000e+00,0.000000000000000000e+00,0.000000000000000000e+00,0.000000000000000000e+00,0.000000000000000000e+00,0.000000000000000000e+00,0.000000000000000000e+00,0.000000000000000000e+00,0.000000000000000000e+00,0.000000000000000000e+00,0.000000000000000000e+00,0.000000000000000000e+00,0.000000000000000000e+00,0.000000000000000000e+00,0.000000000000000000e+00,0.000000000000000000e+00,0.000000000000000000e+00,0.000000000000000000e+00,0.000000000000000000e+00,0.000000000000000000e+00,0.000000000000000000e+00,0.000000000000000000e+00,0.000000000000000000e+00,0.000000000000000000e+00,0.000000000000000000e+00,0.000000000000000000e+00,0.000000000000000000e+00,0.000000000000000000e+00,0.000000000000000000e+00,0.000000000000000000e+00,0.000000000000000000e+00,0.000000000000000000e+00,0.000000000000000000e+00,0.000000000000000000e+00,0.000000000000000000e+00,0.000000000000000000e+00,0.000000000000000000e+00,0.000000000000000000e+00,0.000000000000000000e+00,0.000000000000000000e+00,0.000000000000000000e+00,0.000000000000000000e+00,0.000000000000000000e+00,0.000000000000000000e+00,0.000000000000000000e+00,0.000000000000000000e+00,0.000000000000000000e+00,0.000000000000000000e+00,0.000000000000000000e+00,0.000000000000000000e+00,0.000000000000000000e+00,0.000000000000000000e+00,0.000000000000000000e+00,0.000000000000000000e+00,0.000000000000000000e+00,0.000000000000000000e+00,0.000000000000000000e+00,0.000000000000000000e+00,0.000000000000000000e+00,0.000000000000000000e+00,0.000000000000000000e+00,0.000000000000000000e+00,0.000000000000000000e+00,0.000000000000000000e+00,0.000000000000000000e+00,0.000000000000000000e+00,0.000000000000000000e+00,0.000000000000000000e+00,0.000000000000000000e+00,0.000000000000000000e+00,0.000000000000000000e+00,0.000000000000000000e+00,0.000000000000000000e+00,0.000000000000000000e+00,0.000000000000000000e+00,0.000000000000000000e+00,0.000000000000000000e+00,0.000000000000000000e+00,0.000000000000000000e+00,0.000000000000000000e+00,0.000000000000000000e+00,0.000000000000000000e+00,0.000000000000000000e+00,0.000000000000000000e+00,0.000000000000000000e+00,0.000000000000000000e+00,0.000000000000000000e+00,0.000000000000000000e+00,0.000000000000000000e+00,0.000000000000000000e+00,0.000000000000000000e+00,0.000000000000000000e+00,0.000000000000000000e+00,0.000000000000000000e+00,0.000000000000000000e+00,0.000000000000000000e+00,0.000000000000000000e+00,0.000000000000000000e+00,0.000000000000000000e+00,0.000000000000000000e+00,0.000000000000000000e+00,0.000000000000000000e+00,0.000000000000000000e+00,0.000000000000000000e+00,0.000000000000000000e+00,0.000000000000000000e+00,0.000000000000000000e+00
CT,0.000000000000000000e+00,0.000000000000000000e+00,0.000000000000000000e+00,0.000000000000000000e+00,0.000000000000000000e+00,0.000000000000000000e+00,0.000000000000000000e+00,0.000000000000000000e+00,0.000000000000000000e+00,0.000000000000000000e+00,0.000000000000000000e+00,0.000000000000000000e+00,0.000000000000000000e+00,0.000000000000000000e+00,0.000000000000000000e+00,0.000000000000000000e+00,0.000000000000000000e+00,0.000000000000000000e+00,0.000000000000000000e+00,0.000000000000000000e+00,0.000000000000000000e+00,0.000000000000000000e+00,0.000000000000000000e+00,0.000000000000000000e+00,0.000000000000000000e+00,0.000000000000000000e+00,0.000000000000000000e+00,0.000000000000000000e+00,0.000000000000000000e+00,0.000000000000000000e+00,0.000000000000000000e+00,0.000000000000000000e+00,0.000000000000000000e+00,0.000000000000000000e+00,0.000000000000000000e+00,0.000000000000000000e+00,0.000000000000000000e+00,0.000000000000000000e+00,0.000000000000000000e+00,0.000000000000000000e+00,0.000000000000000000e+00,0.000000000000000000e+00,0.000000000000000000e+00,0.000000000000000000e+00,0.000000000000000000e+00,0.000000000000000000e+00,0.000000000000000000e+00,0.000000000000000000e+00,0.000000000000000000e+00,0.000000000000000000e+00,0.000000000000000000e+00,0.000000000000000000e+00,0.000000000000000000e+00,0.000000000000000000e+00,0.000000000000000000e+00,0.000000000000000000e+00,0.000000000000000000e+00,0.000000000000000000e+00,0.000000000000000000e+00,0.000000000000000000e+00,0.000000000000000000e+00,0.000000000000000000e+00,0.000000000000000000e+00,0.000000000000000000e+00,0.000000000000000000e+00,0.000000000000000000e+00,0.000000000000000000e+00,0.000000000000000000e+00,0.000000000000000000e+00,0.000000000000000000e+00,0.000000000000000000e+00,0.000000000000000000e+00,0.000000000000000000e+00,0.000000000000000000e+00,0.000000000000000000e+00,0.000000000000000000e+00,0.000000000000000000e+00,0.000000000000000000e+00,0.000000000000000000e+00,0.000000000000000000e+00,0.000000000000000000e+00,0.000000000000000000e+00,0.000000000000000000e+00,0.000000000000000000e+00,0.000000000000000000e+00,0.000000000000000000e+00,0.000000000000000000e+00,0.000000000000000000e+00,0.000000000000000000e+00,0.000000000000000000e+00,0.000000000000000000e+00,0.000000000000000000e+00,0.000000000000000000e+00,0.000000000000000000e+00,0.000000000000000000e+00,0.000000000000000000e+00,0.000000000000000000e+00,0.000000000000000000e+00,0.000000000000000000e+00,0.000000000000000000e+00,0.000000000000000000e+00,0.000000000000000000e+00,0.000000000000000000e+00,0.000000000000000000e+00,0.000000000000000000e+00,0.000000000000000000e+00,0.000000000000000000e+00,0.000000000000000000e+00,0.000000000000000000e+00,0.000000000000000000e+00,0.000000000000000000e+00,0.000000000000000000e+00,0.000000000000000000e+00,0.000000000000000000e+00,0.000000000000000000e+00,0.000000000000000000e+00,0.000000000000000000e+00,0.000000000000000000e+00,0.000000000000000000e+00,0.000000000000000000e+00,0.000000000000000000e+00,0.000000000000000000e+00,0.000000000000000000e+00,0.000000000000000000e+00,0.000000000000000000e+00,0.000000000000000000e+00,0.000000000000000000e+00,0.000000000000000000e+00,0.000000000000000000e+00,0.000000000000000000e+00,0.000000000000000000e+00,0.000000000000000000e+00
CT_h,0.000000000000000000e+00,0.000000000000000000e+00,0.000000000000000000e+00,0.000000000000000000e+00,0.000000000000000000e+00,0.000000000000000000e+00,0.000000000000000000e+00,0.000000000000000000e+00,0.000000000000000000e+00,0.000000000000000000e+00,0.000000000000000000e+00,0.000000000000000000e+00,0.000000000000000000e+00,0.000000000000000000e+00,0.000000000000000000e+00,0.000000000000000000e+00,0.000000000000000000e+00,0.000000000000000000e+00,0.000000000000000000e+00,0.000000000000000000e+00,0.000000000000000000e+00,0.000000000000000000e+00,0.000000000000000000e+00,0.000000000000000000e+00,0.000000000000000000e+00,0.000000000000000000e+00,0.000000000000000000e+00,0.000000000000000000e+00,0.000000000000000000e+00,0.000000000000000000e+00,0.000000000000000000e+00,0.000000000000000000e+00,0.000000000000000000e+00,0.000000000000000000e+00,0.000000000000000000e+00,0.000000000000000000e+00,0.000000000000000000e+00,0.000000000000000000e+00,0.000000000000000000e+00,0.000000000000000000e+00,0.000000000000000000e+00,0.000000000000000000e+00,0.000000000000000000e+00,0.000000000000000000e+00,0.000000000000000000e+00,0.000000000000000000e+00,0.000000000000000000e+00,0.000000000000000000e+00,0.000000000000000000e+00,0.000000000000000000e+00,0.000000000000000000e+00,0.000000000000000000e+00,0.000000000000000000e+00,0.000000000000000000e+00,0.000000000000000000e+00,0.000000000000000000e+00,0.000000000000000000e+00,0.000000000000000000e+00,0.000000000000000000e+00,0.000000000000000000e+00,0.000000000000000000e+00,0.000000000000000000e+00,0.000000000000000000e+00,0.000000000000000000e+00,0.000000000000000000e+00,0.000000000000000000e+00,0.000000000000000000e+00,0.000000000000000000e+00,0.000000000000000000e+00,0.000000000000000000e+00,0.000000000000000000e+00,0.000000000000000000e+00,0.000000000000000000e+00,0.000000000000000000e+00,0.000000000000000000e+00,0.000000000000000000e+00,0.000000000000000000e+00,0.000000000000000000e+00,0.000000000000000000e+00,0.000000000000000000e+00,0.000000000000000000e+00,0.000000000000000000e+00,0.000000000000000000e+00,0.000000000000000000e+00,0.000000000000000000e+00,0.000000000000000000e+00,0.000000000000000000e+00,0.000000000000000000e+00,0.000000000000000000e+00,0.000000000000000000e+00,0.000000000000000000e+00,0.000000000000000000e+00,0.000000000000000000e+00,0.000000000000000000e+00,0.000000000000000000e+00,0.000000000000000000e+00,0.000000000000000000e+00,0.000000000000000000e+00,0.000000000000000000e+00,0.000000000000000000e+00,0.000000000000000000e+00,0.000000000000000000e+00,0.000000000000000000e+00,0.000000000000000000e+00,0.000000000000000000e+00,0.000000000000000000e+00,0.000000000000000000e+00,0.000000000000000000e+00,0.000000000000000000e+00,0.000000000000000000e+00,0.000000000000000000e+00,0.000000000000000000e+00,0.000000000000000000e+00,0.000000000000000000e+00,0.000000000000000000e+00,0.000000000000000000e+00,0.000000000000000000e+00,0.000000000000000000e+00,0.000000000000000000e+00,0.000000000000000000e+00,0.000000000000000000e+00,0.000000000000000000e+00,0.000000000000000000e+00,0.000000000000000000e+00,0.000000000000000000e+00,0.000000000000000000e+00,0.000000000000000000e+00,0.000000000000000000e+00,0.000000000000000000e+00,0.000000000000000000e+00,0.000000000000000000e+00,0.000000000000000000e+00
Chord,2.977700000000000102e+01,2.852943000000000140e+01,2.728186000000000178e+01,2.603428999999999860e+01,2.478671999999999898e+01,2.353914999999999935e+01,2.229157999999999973e+01,2.104401000000000010e+01,1.979644000000000048e+01,1.854887000000000086e+01,1.730130000000000123e+01,1.605373000000000161e+01,1.480700000000000038e+01,8.801230000000000331e+00,1.384140000000000015e+01,1.315947000000000067e+01,1.247753999999999941e+01,1.179562999999999917e+01,1.111373000000000033e+01,1.043182999999999971e+01,9.749940000000000495e+00,9.068049999999999500e+00,8.386169999999999902e+00,7.704279999999999795e+00,7.022400000000000198e+00,6.340510000000000090e+00,5.658610000000000362e+00,2.977700000000000102e+01,2.852943000000000140e+01,2.728186000000000178e+01,2.603428999999999860e+01,2.478671999999999898e+01,2.353914999999999935e+01,2.229157999999999973e+01,2.104401000000000010e+01,1.979644000000000048e+01,1.854887000000000086e+01,1.730130000000000123e+01,1.605373000000000161e+01,1.480700000000000038e+01,8.801230000000000331e+00,1.384140000000000015e+01,1.315947000000000067e+01,1.247753999999999941e+01,1.179562999999999917e+01,1.111373000000000033e+01,1.043182999999999971e+01,9.749940000000000495e+00,9.068049999999999500e+00,8.386169999999999902e+00,7.704279999999999795e+00,7.022400000000000198e+00,6.340510000000000090e+00,5.658610000000000362e+00,7.989690000000000403e+00,7.660590000000000011e+00,7.331489999999999618e+00,7.002390000000000114e+00,6.673289999999999722e+00,6.344190000000000218e+00,6.015089999999999826e+00,5.685990000000000322e+00,5.356889999999999930e+00,5.027790000000000425e+00,4.698690000000000033e+00,4.369589999999999641e+00,4.040490000000000137e+00,7.989690000000000403e+00,7.660590000000000011e+00,7.331489999999999618e+00,7.002390000000000114e+00,6.673289999999999722e+00,6.344190000000000218e+00,6.015089999999999826e+00,5.685990000000000322e+00,5.356889999999999930e+00,5.027790000000000425e+00,4.698690000000000033e+00,4.369589999999999641e+00,4.040490000000000137e+00,1.721802999999999884e+01,1.656919999999999860e+01,1.596177999999999919e+01,1.535436999999999941e+01,1.474695999999999962e+01,1.413954999999999984e+01,1.353214000000000006e+01,1.292472000000000065e+01,1.231731000000000087e+01,1.170989999999999931e+01,1.110248999999999953e+01,1.049507999999999974e+01,9.887660000000000338e+00,9.299260000000000304e+00,8.729860000000000397e+00,8.160460000000000491e+00,7.591059999999999697e+00,7.021659999999999791e+00,6.452259999999999884e+00,5.882859999999999978e+00,5.313460000000000072e+00,4.744060000000000166e+00,4.174660000000000259e+00,3.605259999999999909e+00,3.035860000000000003e+00,2.466460000000000097e+00,1.721802999999999884e+01,1.656919999999999860e+01,1.596177999999999919e+01,1.535436999999999941e+01,1.474695999999999962e+01,1.413954999999999984e+01,1.353214000000000006e+01,1.292472000000000065e+01,1.231731000000000087e+01,1.170989999999999931e+01,1.110248999999999953e+01,1.049507999999999974e+01,9.887660000000000338e+00,9.299260000000000304e+00,8.729860000000000397e+00,8.160460000000000491e+00,7.591059999999999697e+00,7.021659999999999791e+00,6.452259999999999884e+00,5.882859999999999978e+00,5.313460000000000072e+00,4.744060000000000166e+00,4.174660000000000259e+00,3.605259999999999909e+00,3.035860000000000003e+00,2.466460000000000097e+00
Diameter,0.000000000000000000e+00,0.000000000000000000e+00,0.000000000000000000e+00,0.000000000000000000e+00,0.000000000000000000e+00,0.000000000000000000e+00,0.000000000000000000e+00,0.000000000000000000e+00,0.000000000000000000e+00,0.000000000000000000e+00,0.000000000000000000e+00,0.000000000000000000e+00,0.000000000000000000e+00,0.000000000000000000e+00,0.000000000000000000e+00,0.000000000000000000e+00,0.000000000000000000e+00,0.000000000000000000e+00,0.000000000000000000e+00,0.000000000000000000e+00,0.000000000000000000e+00,0.000000000000000000e+00,0.000000000000000000e+00,0.000000000000000000e+00,0.000000000000000000e+00,0.000000000000000000e+00,0.000000000000000000e+00,0.000000000000000000e+00,0.000000000000000000e+00,0.000000000000000000e+00,0.000000000000000000e+00,0.000000000000000000e+00,0.000000000000000000e+00,0.000000000000000000e+00,0.000000000000000000e+00,0.000000000000000000e+00,0.000000000000000000e+00,0.000000000000000000e+00,0.000000000000000000e+00,0.000000000000000000e+00,0.000000000000000000e+00,0.000000000000000000e+00,0.000000000000000000e+00,0.000000000000000000e+00,0.000000000000000000e+00,0.000000000000000000e+00,0.000000000000000000e+00,0.000000000000000000e+00,0.000000000000000000e+00,0.000000000000000000e+00,0.000000000000000000e+00,0.000000000000000000e+00,0.000000000000000000e+00,0.000000000000000000e+00,0.000000000000000000e+00,0.000000000000000000e+00,0.000000000000000000e+00,0.000000000000000000e+00,0.000000000000000000e+00,0.000000000000000000e+00,0.000000000000000000e+00,0.000000000000000000e+00,0.000000000000000000e+00,0.000000000000000000e+00,0.000000000000000000e+00,0.000000000000000000e+00,0.000000000000000000e+00,0.000000000000000000e+00,0.000000000000000000e+00,0.000000000000000000e+00,0.000000000000000000e+00,0.000000000000000000e+00,0.000000000000000000e+00,0.000000000000000000e+00,0.000000000000000000e+00,0.000000000000000000e+00,0.000000000000000000e+00,0.000000000000000000e+00,0.000000000000000000e+00,0.000000000000000000e+00,0.000000000000000000e+00,0.000000000000000000e+00,0.000000000000000000e+00,0.000000000000000000e+00,0.000000000000000000e+00,0.000000000000000000e+00,0.000000000000000000e+00,0.000000000000000000e+00,0.000000000000000000e+00,0.000000000000000000e+00,0.000000000000000000e+00,0.000000000000000000e+00,0.000000000000000000e+00,0.000000000000000000e+00,0.000000000000000000e+00,0.000000000000000000e+00,0.000000000000000000e+00,0.000000000000000000e+00,0.000000000000000000e+00,0.000000000000000000e+00,0.000000000000000000e+00,0.000000000000000000e+00,0.000000000000000000e+00,0.000000000000000000e+00,0.000000000000000000e+00,0.000000000000000000e+00,0.000000000000000000e+00,0.000000000000000000e+00,0.000000000000000000e+00,0.000000000000000000e+00,0.000000000000000000e+00,0.000000000000000000e+00,0.000000000000000000e+00,0.000000000000000000e+00,0.000000000000000000e+00,0.000000000000000000e+00,0.000000000000000000e+00,0.000000000000000000e+00,0.000000000000000000e+00,0.000000000000000000e+00,0.000000000000000000e+00,0.000000000000000000e+00,0.000000000000000000e+00,0.000000000000000000e+00,0.000000000000000000e+00,0.000000000000000000e+00,0.000000000000000000e+00,0.000000000000000000e+00,0.000000000000000000e+00,0.000000000000000000e+00,0.000000000000000000e+00,0.000000000000000000e+00
ETAP,0.000000000000000000e+00,0.000000000000000000e+00,0.000000000000000000e+00,0.000000000000000000e+00,0.000000000000000000e+00,0.000000000000000000e+00,0.000000000000000000e+00,0.000000000000000000e+00,0.000000000000000000e+00,0.000000000000000000e+00,0.000000000000000000e+00,0.000000000000000000e+00,0.000000000000000000e+00,0.000000000000000000e+00,0.000000000000000000e+00,0.000000000000000000e+00,0.000000000000000000e+00,0.000000000000000000e+00,0.000000000000000000e+00,0.000000000000000000e+00,0.000000000000000000e+00,0.000000000000000000e+00,0.000000000000000000e+00,0.000000000000000000e+00,0.000000000000000000e+00,0.000000000000000000e+00,0.000000000000000000e+00,0.000000000000000000e+00,0.000000000000000000e+00,0.000000000000000000e+00,0.000000000000000000e+00,0.000000000000000000e+00,0.000000000000000000e+00,0.000000000000000000e+00,0.000000000000000000e+00,0.000000000000000000e+00,0.000000000000000000e+00,0.000000000000000000e+00,0.000000000000000000e+00,0.000000000000000000e+00,0.000000000000000000e+00,0.000000000000000000e+00,0.000000000000000000e+00,0.000000000000000000e+00,0.000000000000000000e+00,0.000000000000000000e+00,0.000000000000000000e+00,0.000000000000000000e+00,0.000000000000000000e+00,0.000000000000000000e+00,0.000000000000000000e+00,0.000000000000000000e+00,0.000000000000000000e+00,0.000000000000000000e+00,0.000000000000000000e+00,0.000000000000000000e+00,0.000000000000000000e+00,0.000000000000000000e+00,0.000000000000000000e+00,0.000000000000000000e+00,0.000000000000000000e+00,0.000000000000000000e+00,0.000000000000000000e+00,0.000000000000000000e+00,0.000000000000000000e+00,0.000000000000000000e+00,0.000000000000000000e+00,0.000000000000000000e+00,0.000000000000000000e+00,0.000000000000000000e+00,0.000000000000000000e+00,0.000000000000000000e+00,0.000000000000000000e+00,0.000000000000000000e+00,0.000000000000000000e+00,0.000000000000000000e+00,0.000000000000000000e+00,0.000000000000000000e+00,0.000000000000000000e+00,0.000000000000000000e+00,0.000000000000000000e+00,0.000000000000000000e+00,0.000000000000000000e+00,0.000000000000000000e+00,0.000000000000000000e+00,0.000000000000000000e+00,0.000000000000000000e+00,0.000000000000000000e+00,0.000000000000000000e+00,0.000000000000000000e+00,0.000000000000000000e+00,0.000000000000000000e+00,0.000000000000000000e+00,0.000000000000000000e+00,0.000000000000000000e+00,0.000000000000000000e+00,0.000000000000000000e+00,0.000000000000000000e+00,0.000000000000000000e+00,0.000000000000000000e+00,0.000000000000000000e+00,0.000000000000000000e+00,0.000000000000000000e+00,0.000000000000000000e+00,0.000000000000000000e+00,0.000000000000000000e+00,0.000000000000000000e+00,0.000000000000000000e+00,0.000000000000000000e+00,0.000000000000000000e+00,0.000000000000000000e+00,0.000000000000000000e+00,0.000000000000000000e+00,0.000000000000000000e+00,0.000000000000000000e+00,0.000000000000000000e+00,0.000000000000000000e+00,0.000000000000000000e+00,0.000000000000000000e+00,0.000000000000000000e+00,0.000000000000000000e+00,0.000000000000000000e+00,0.000000000000000000e+00,0.000000000000000000e+00,0.000000000000000000e+00,0.000000000000000000e+00,0.000000000000000000e+00,0.000000000000000000e+00,0.000000000000000000e+00,0.000000000000000000e+00,0.000000000000000000e+00,0.000000000000000000e+00
FC_AoA_,5.000000000000000000e+00
FC_Beta_,0.000000000000000000e+00
FC_Bref_,3.727034100000000194e+01
FC_Cref_,1.236139999999999972e+01
FC_Mach_,1.699999999999999956e+00
FC_Pitch_Rate,0.000000000000000000e+00
FC_Rho_,2.377000000000000206e-03
FC_Roll__Rate,0.000000000000000000e+00
FC_Sref_,4.096313739999999939e+02
FC_Vinf_,1.000000000000000000e+02
FC_Xcg_,2.046778000000000119e+01
FC_Yaw___Rate,0.000000000000000000e+00
FC_Ycg_,0.000000000000000000e+00
FC_Zcg_,0.000000000000000000e+00
FOM,0.000000000000000000e+00,0.000000000000000000e+00,0.000000000000000000e+00,0.000000000000000000e+00,0.000000000000000000e+00,0.000000000000000000e+00,0.000000000000000000e+00,0.000000000000000000e+00,0.000000000000000000e+00,0.000000000000000000e+00,0.000000000000000000e+00,0.000000000000000000e+00,0.000000000000000000e+00,0.000000000000000000e+00,0.000000000000000000e+00,0.000000000000000000e+00,0.000000000000000000e+00,0.000000000000000000e+00,0.000000000000000000e+00,0.000000000000000000e+00,0.000000000000000000e+00,0.000000000000000000e+00,0.000000000000000000e+00,0.000000000000000000e+00,0.000000000000000000e+00,0.000000000000000000e+00,0.000000000000000000e+00,0.000000000000000000e+00,0.000000000000000000e+00,0.000000000000000000e+00,0.000000000000000000e+00,0.000000000000000000e+00,0.000000000000000000e+00,0.000000000000000000e+00,0.000000000000000000e+00,0.000000000000000000e+00,0.000000000000000000e+00,0.000000000000000000e+00,0.000000000000000000e+00,0.000000000000000000e+00,0.000000000000000000e+00,0.000000000000000000e+00,0.000000000000000000e+00,0.000000000000000000e+00,0.000000000000000000e+00,0.000000000000000000e+00,0.000000000000000000e+00,0.000000000000000000e+00,0.000000000000000000e+00,0.000000000000000000e+00,0.000000000000000000e+00,0.000000000000000000e+00,0.000000000000000000e+00,0.000000000000000000e+00,0.000000000000000000e+00,0.000000000000000000e+00,0.000000000000000000e+00,0.000000000000000000e+00,0.000000000000000000e+00,0.000000000000000000e+00,0.000000000000000000e+00,0.000000000000000000e+00,0.000000000000000000e+00,0.000000000000000000e+00,0.000000000000000000e+00,0.000000000000000000e+00,0.000000000000000000e+00,0.000000000000000000e+00,0.000000000000000000e+00,0.000000000000000000e+00,0.000000000000000000e+00,0.000000000000000000e+00,0.000000000000000000e+00,0.000000000000000000e+00,0.000000000000000000e+00,0.000000000000000000e+00,0.000000000000000000e+00,0.000000000000000000e+00,0.000000000000000000e+00,0.000000000000000000e+00,0.000000000000000000e+00,0.000000000000000000e+00,0.000000000000000000e+00,0.000000000000000000e+00,0.000000000000000000e+00,0.000000000000000000e+00,0.000000000000000000e+00,0.000000000000000000e+00,0.000000000000000000e+00,0.000000000000000000e+00,0.000000000000000000e+00,0.000000000000000000e+00,0.000000000000000000e+00,0.000000000000000000e+00,0.000000000000000000e+00,0.000000000000000000e+00,0.000000000000000000e+00,0.000000000000000000e+00,0.000000000000000000e+00,0.000000000000000000e+00,0.000000000000000000e+00,0.000000000000000000e+00,0.000000000000000000e+00,0.000000000000000000e+00,0.000000000000000000e+00,0.000000000000000000e+00,0.000000000000000000e+00,0.000000000000000000e+00,0.000000000000000000e+00,0.000000000000000000e+00,0.000000000000000000e+00,0.000000000000000000e+00,0.000000000000000000e+00,0.000000000000000000e+00,0.000000000000000000e+00,0.000000000000000000e+00,0.000000000000000000e+00,0.000000000000000000e+00,0.000000000000000000e+00,0.000000000000000000e+00,0.000000000000000000e+00,0.000000000000000000e+00,0.000000000000000000e+00,0.000000000000000000e+00,0.000000000000000000e+00,0.000000000000000000e+00,0.000000000000000000e+00,0.000000000000000000e+00,0.000000000000000000e+00,0.000000000000000000e+00,0.000000000000000000e+00,0.000000000000000000e+00
IsARotor,0,0,0,0,0,0,0,0,0,0,0,0,0,0,0,0,0,0,0,0,0,0,0,0,0,0,0,0,0,0,0,0,0,0,0,0,0,0,0,0,0,0,0,0,0,0,0,0,0,0,0,0,0,0,0,0,0,0,0,0,0,0,0,0,0,0,0,0,0,0,0,0,0,0,0,0,0,0,0,0,0,0,0,0,0,0,0,0,0,0,0,0,0,0,0,0,0,0,0,0,0,0,0,0,0,0,0,0,0,0,0,0,0,0,0,0,0,0,0,0,0,0,0,0,0,0,0,0,0,0,0,0
Iter,7,7,7,7,7,7,7,7,7,7,7,7,7,7,7,7,7,7,7,7,7,7,7,7,7,7,7,7,7,7,7,7,7,7,7,7,7,7,7,7,7,7,7,7,7,7,7,7,7,7,7,7,7,7,7,7,7,7,7,7,7,7,7,7,7,7,7,7,7,7,7,7,7,7,7,7,7,7,7,7,7,7,7,7,7,7,7,7,7,7,7,7,7,7,7,7,7,7,7,7,7,7,7,7,7,7,7,7,7,7,7,7,7,7,7,7,7,7,7,7,7,7,7,7,7,7,7,7,7,7,7,7
J,0.000000000000000000e+00,0.000000000000000000e+00,0.000000000000000000e+00,0.000000000000000000e+00,0.000000000000000000e+00,0.000000000000000000e+00,0.000000000000000000e+00,0.000000000000000000e+00,0.000000000000000000e+00,0.000000000000000000e+00,0.000000000000000000e+00,0.000000000000000000e+00,0.000000000000000000e+00,0.000000000000000000e+00,0.000000000000000000e+00,0.000000000000000000e+00,0.000000000000000000e+00,0.000000000000000000e+00,0.000000000000000000e+00,0.000000000000000000e+00,0.000000000000000000e+00,0.000000000000000000e+00,0.000000000000000000e+00,0.000000000000000000e+00,0.000000000000000000e+00,0.000000000000000000e+00,0.000000000000000000e+00,0.000000000000000000e+00,0.000000000000000000e+00,0.000000000000000000e+00,0.000000000000000000e+00,0.000000000000000000e+00,0.000000000000000000e+00,0.000000000000000000e+00,0.000000000000000000e+00,0.000000000000000000e+00,0.000000000000000000e+00,0.000000000000000000e+00,0.000000000000000000e+00,0.000000000000000000e+00,0.000000000000000000e+00,0.000000000000000000e+00,0.000000000000000000e+00,0.000000000000000000e+00,0.000000000000000000e+00,0.000000000000000000e+00,0.000000000000000000e+00,0.000000000000000000e+00,0.000000000000000000e+00,0.000000000000000000e+00,0.000000000000000000e+00,0.000000000000000000e+00,0.000000000000000000e+00,0.000000000000000000e+00,0.000000000000000000e+00,0.000000000000000000e+00,0.000000000000000000e+00,0.000000000000000000e+00,0.000000000000000000e+00,0.000000000000000000e+00,0.000000000000000000e+00,0.000000000000000000e+00,0.000000000000000000e+00,0.000000000000000000e+00,0.000000000000000000e+00,0.000000000000000000e+00,0.000000000000000000e+00,0.000000000000000000e+00,0.000000000000000000e+00,0.000000000000000000e+00,0.000000000000000000e+00,0.000000000000000000e+00,0.000000000000000000e+00,0.000000000000000000e+00,0.000000000000000000e+00,0.000000000000000000e+00,0.000000000000000000e+00,0.000000000000000000e+00,0.000000000000000000e+00,0.000000000000000000e+00,0.000000000000000000e+00,0.000000000000000000e+00,0.000000000000000000e+00,0.000000000000000000e+00,0.000000000000000000e+00,0.000000000000000000e+00,0.000000000000000000e+00,0.000000000000000000e+00,0.000000000000000000e+00,0.000000000000000000e+00,0.000000000000000000e+00,0.000000000000000000e+00,0.000000000000000000e+00,0.000000000000000000e+00,0.000000000000000000e+00,0.000000000000000000e+00,0.000000000000000000e+00,0.000000000000000000e+00,0.000000000000000000e+00,0.000000000000000000e+00,0.000000000000000000e+00,0.000000000000000000e+00,0.000000000000000000e+00,0.000000000000000000e+00,0.000000000000000000e+00,0.000000000000000000e+00,0.000000000000000000e+00,0.000000000000000000e+00,0.000000000000000000e+00,0.000000000000000000e+00,0.000000000000000000e+00,0.000000000000000000e+00,0.000000000000000000e+00,0.000000000000000000e+00,0.000000000000000000e+00,0.000000000000000000e+00,0.000000000000000000e+00,0.000000000000000000e+00,0.000000000000000000e+00,0.000000000000000000e+00,0.000000000000000000e+00,0.000000000000000000e+00,0.000000000000000000e+00,0.000000000000000000e+00,0.000000000000000000e+00,0.000000000000000000e+00,0.000000000000000000e+00,0.000000000000000000e+00,0.000000000000000000e+00,0.000000000000000000e+00,0.000000000000000000e+00,0.000000000000000000e+00
Moment,0.000000000000000000e+00,0.000000000000000000e+00,0.000000000000000000e+00,0.000000000000000000e+00,0.000000000000000000e+00,0.000000000000000000e+00,0.000000000000000000e+00,0.000000000000000000e+00,0.000000000000000000e+00,0.000000000000000000e+00,0.000000000000000000e+00,0.000000000000000000e+00,0.000000000000000000e+00,0.000000000000000000e+00,0.000000000000000000e+00,0.000000000000000000e+00,0.000000000000000000e+00,0.000000000000000000e+00,0.000000000000000000e+00,0.000000000000000000e+00,0.000000000000000000e+00,0.000000000000000000e+00,0.000000000000000000e+00,0.000000000000000000e+00,0.000000000000000000e+00,0.000000000000000000e+00,0.000000000000000000e+00,0.000000000000000000e+00,0.000000000000000000e+00,0.000000000000000000e+00,0.000000000000000000e+00,0.000000000000000000e+00,0.000000000000000000e+00,0.000000000000000000e+00,0.000000000000000000e+00,0.000000000000000000e+00,0.000000000000000000e+00,0.000000000000000000e+00,0.000000000000000000e+00,0.000000000000000000e+00,0.000000000000000000e+00,0.000000000000000000e+00,0.000000000000000000e+00,0.000000000000000000e+00,0.000000000000000000e+00,0.000000000000000000e+00,0.000000000000000000e+00,0.000000000000000000e+00,0.000000000000000000e+00,0.000000000000000000e+00,0.000000000000000000e+00,0.000000000000000000e+00,0.000000000000000000e+00,0.000000000000000000e+00,0.000000000000000000e+00,0.000000000000000000e+00,0.000000000000000000e+00,0.000000000000000000e+00,0.000000000000000000e+00,0.000000000000000000e+00,0.000000000000000000e+00,0.000000000000000000e+00,0.000000000000000000e+00,0.000000000000000000e+00,0.000000000000000000e+00,0.000000000000000000e+00,0.000000000000000000e+00,0.000000000000000000e+00,0.000000000000000000e+00,0.000000000000000000e+00,0.000000000000000000e+00,0.000000000000000000e+00,0.000000000000000000e+00,0.000000000000000000e+00,0.000000000000000000e+00,0.000000000000000000e+00,0.000000000000000000e+00,0.000000000000000000e+00,0.000000000000000000e+00,0.000000000000000000e+00,0.000000000000000000e+00,0.000000000000000000e+00,0.000000000000000000e+00,0.000000000000000000e+00,0.000000000000000000e+00,0.000000000000000000e+00,0.000000000000000000e+00,0.000000000000000000e+00,0.000000000000000000e+00,0.000000000000000000e+00,0.000000000000000000e+00,0.000000000000000000e+00,0.000000000000000000e+00,0.000000000000000000e+00,0.000000000000000000e+00,0.000000000000000000e+00,0.000000000000000000e+00,0.000000000000000000e+00,0.000000000000000000e+00,0.000000000000000000e+00,0.000000000000000000e+00,0.000000000000000000e+00,0.000000000000000000e+00,0.000000000000000000e+00,0.000000000000000000e+00,0.000000000000000000e+00,0.000000000000000000e+00,0.000000000000000000e+00,0.000000000000000000e+00,0.000000000000000000e+00,0.000000000000000000e+00,0.000000000000000000e+00,0.000000000000000000e+00,0.000000000000000000e+00,0.000000000000000000e+00,0.000000000000000000e+00,0.000000000000000000e+00,0.000000000000000000e+00,0.000000000000000000e+00,0.000000000000000000e+00,0.000000000000000000e+00,0.000000000000000000e+00,0.000000000000000000e+00,0.000000000000000000e+00,0.000000000000000000e+00,0.000000000000000000e+00,0.000000000000000000e+00,0.000000000000000000e+00,0.000000000000000000e+00,0.000000000000000000e+00,0.000000000000000000e+00,0.000000000000000000e+00
Momenti,0.000000000000000000e+00,0.000000000000000000e+00,0.000000000000000000e+00,0.000000000000000000e+00,0.000000000000000000e+00,0.000000000000000000e+00,0.000000000000000000e+00,0.000000000000000000e+00,0.000000000000000000e+00,0.000000000000000000e+00,0.000000000000000000e+00,0.000000000000000000e+00,0.000000000000000000e+00,0.000000000000000000e+00,0.000000000000000000e+00,0.000000000000000000e+00,0.000000000000000000e+00,0.000000000000000000e+00,0.000000000000000000e+00,0.000000000000000000e+00,0.000000000000000000e+00,0.000000000000000000e+00,0.000000000000000000e+00,0.000000000000000000e+00,0.000000000000000000e+00,0.000000000000000000e+00,0.000000000000000000e+00,0.000000000000000000e+00,0.000000000000000000e+00,0.000000000000000000e+00,0.000000000000000000e+00,0.000000000000000000e+00,0.000000000000000000e+00,0.000000000000000000e+00,0.000000000000000000e+00,0.000000000000000000e+00,0.000000000000000000e+00,0.000000000000000000e+00,0.000000000000000000e+00,0.000000000000000000e+00,0.000000000000000000e+00,0.000000000000000000e+00,0.000000000000000000e+00,0.000000000000000000e+00,0.000000000000000000e+00,0.000000000000000000e+00,0.000000000000000000e+00,0.000000000000000000e+00,0.000000000000000000e+00,0.000000000000000000e+00,0.000000000000000000e+00,0.000000000000000000e+00,0.000000000000000000e+00,0.000000000000000000e+00,0.000000000000000000e+00,0.000000000000000000e+00,0.000000000000000000e+00,0.000000000000000000e+00,0.000000000000000000e+00,0.000000000000000000e+00,0.000000000000000000e+00,0.000000000000000000e+00,0.000000000000000000e+00,0.000000000000000000e+00,0.000000000000000000e+00,0.000000000000000000e+00,0.000000000000000000e+00,0.000000000000000000e+00,0.000000000000000000e+00,0.000000000000000000e+00,0.000000000000000000e+00,0.000000000000000000e+00,0.000000000000000000e+00,0.000000000000000000e+00,0.000000000000000000e+00,0.000000000000000000e+00,0.000000000000000000e+00,0.000000000000000000e+00,0.000000000000000000e+00,0.000000000000000000e+00,0.000000000000000000e+00,0.000000000000000000e+00,0.000000000000000000e+00,0.000000000000000000e+00,0.000000000000000000e+00,0.000000000000000000e+00,0.000000000000000000e+00,0.000000000000000000e+00,0.000000000000000000e+00,0.000000000000000000e+00,0.000000000000000000e+00,0.000000000000000000e+00,0.000000000000000000e+00,0.000000000000000000e+00,0.000000000000000000e+00,0.000000000000000000e+00,0.000000000000000000e+00,0.000000000000000000e+00,0.000000000000000000e+00,0.000000000000000000e+00,0.000000000000000000e+00,0.000000000000000000e+00,0.000000000000000000e+00,0.000000000000000000e+00,0.000000000000000000e+00,0.000000000000000000e+00,0.000000000000000000e+00,0.000000000000000000e+00,0.000000000000000000e+00,0.000000000000000000e+00,0.000000000000000000e+00,0.000000000000000000e+00,0.000000000000000000e+00,0.000000000000000000e+00,0.000000000000000000e+00,0.000000000000000000e+00,0.000000000000000000e+00,0.000000000000000000e+00,0.000000000000000000e+00,0.000000000000000000e+00,0.000000000000000000e+00,0.000000000000000000e+00,0.000000000000000000e+00,0.000000000000000000e+00,0.000000000000000000e+00,0.000000000000000000e+00,0.000000000000000000e+00,0.000000000000000000e+00,0.000000000000000000e+00,0.000000000000000000e+00,0.000000000000000000e+00,0.000000000000000000e+00
Momento,0.000000000000000000e+00,0.000000000000000000e+00,0.000000000000000000e+00,0.000000000000000000e+00,0.000000000000000000e+00,0.000000000000000000e+00,0.000000000000000000e+00,0.000000000000000000e+00,0.000000000000000000e+00,0.000000000000000000e+00,0.000000000000000000e+00,0.000000000000000000e+00,0.000000000000000000e+00,0.000000000000000000e+00,0.000000000000000000e+00,0.000000000000000000e+00,0.000000000000000000e+00,0.000000000000000000e+00,0.000000000000000000e+00,0.000000000000000000e+00,0.000000000000000000e+00,0.000000000000000000e+00,0.000000000000000000e+00,0.000000000000000000e+00,0.000000000000000000e+00,0.000000000000000000e+00,0.000000000000000000e+00,0.000000000000000000e+00,0.000000000000000000e+00,0.000000000000000000e+00,0.000000000000000000e+00,0.000000000000000000e+00,0.000000000000000000e+00,0.000000000000000000e+00,0.000000000000000000e+00,0.000000000000000000e+00,0.000000000000000000e+00,0.000000000000000000e+00,0.000000000000000000e+00,0.000000000000000000e+00,0.000000000000000000e+00,0.000000000000000000e+00,0.000000000000000000e+00,0.000000000000000000e+00,0.000000000000000000e+00,0.000000000000000000e+00,0.000000000000000000e+00,0.000000000000000000e+00,0.000000000000000000e+00,0.000000000000000000e+00,0.000000000000000000e+00,0.000000000000000000e+00,0.000000000000000000e+00,0.000000000000000000e+00,0.000000000000000000e+00,0.000000000000000000e+00,0.000000000000000000e+00,0.000000000000000000e+00,0.000000000000000000e+00,0.000000000000000000e+00,0.000000000000000000e+00,0.000000000000000000e+00,0.000000000000000000e+00,0.000000000000000000e+00,0.000000000000000000e+00,0.000000000000000000e+00,0.000000000000000000e+00,0.000000000000000000e+00,0.000000000000000000e+00,0.000000000000000000e+00,0.000000000000000000e+00,0.000000000000000000e+00,0.000000000000000000e+00,0.000000000000000000e+00,0.000000000000000000e+00,0.000000000000000000e+00,0.000000000000000000e+00,0.000000000000000000e+00,0.000000000000000000e+00,0.000000000000000000e+00,0.000000000000000000e+00,0.000000000000000000e+00,0.000000000000000000e+00,0.000000000000000000e+00,0.000000000000000000e+00,0.000000000000000000e+00,0.000000000000000000e+00,0.000000000000000000e+00,0.000000000000000000e+00,0.000000000000000000e+00,0.000000000000000000e+00,0.000000000000000000e+00,0.000000000000000000e+00,0.000000000000000000e+00,0.000000000000000000e+00,0.000000000000000000e+00,0.000000000000000000e+00,0.000000000000000000e+00,0.000000000000000000e+00,0.000000000000000000e+00,0.000000000000000000e+00,0.000000000000000000e+00,0.000000000000000000e+00,0.000000000000000000e+00,0.000000000000000000e+00,0.000000000000000000e+00,0.000000000000000000e+00,0.000000000000000000e+00,0.000000000000000000e+00,0.000000000000000000e+00,0.000000000000000000e+00,0.000000000000000000e+00,0.000000000000000000e+00,0.000000000000000000e+00,0.000000000000000000e+00,0.000000000000000000e+00,0.000000000000000000e+00,0.000000000000000000e+00,0.000000000000000000e+00,0.000000000000000000e+00,0.000000000000000000e+00,0.000000000000000000e+00,0.000000000000000000e+00,0.000000000000000000e+00,0.000000000000000000e+00,0.000000000000000000e+00,0.000000000000000000e+00,0.000000000000000000e+00,0.000000000000000000e+00,0.000000000000000000e+00,0.000000000000000000e+00,0.000000000000000000e+00
Power,0.000000000000000000e+00,0.000000000000000000e+00,0.000000000000000000e+00,0.000000000000000000e+00,0.000000000000000000e+00,0.000000000000000000e+00,0.000000000000000000e+00,0.000000000000000000e+00,0.000000000000000000e+00,0.000000000000000000e+00,0.000000000000000000e+00,0.000000000000000000e+00,0.000000000000000000e+00,0.000000000000000000e+00,0.000000000000000000e+00,0.000000000000000000e+00,0.000000000000000000e+00,0.000000000000000000e+00,0.000000000000000000e+00,0.000000000000000000e+00,0.000000000000000000e+00,0.000000000000000000e+00,0.000000000000000000e+00,0.000000000000000000e+00,0.000000000000000000e+00,0.000000000000000000e+00,0.000000000000000000e+00,0.000000000000000000e+00,0.000000000000000000e+00,0.000000000000000000e+00,0.000000000000000000e+00,0.000000000000000000e+00,0.000000000000000000e+00,0.000000000000000000e+00,0.000000000000000000e+00,0.000000000000000000e+00,0.000000000000000000e+00,0.000000000000000000e+00,0.000000000000000000e+00,0.000000000000000000e+00,0.000000000000000000e+00,0.000000000000000000e+00,0.000000000000000000e+00,0.000000000000000000e+00,0.000000000000000000e+00,0.000000000000000000e+00,0.000000000000000000e+00,0.000000000000000000e+00,0.000000000000000000e+00,0.000000000000000000e+00,0.000000000000000000e+00,0.000000000000000000e+00,0.000000000000000000e+00,0.000000000000000000e+00,0.000000000000000000e+00,0.000000000000000000e+00,0.000000000000000000e+00,0.000000000000000000e+00,0.000000000000000000e+00,0.000000000000000000e+00,0.000000000000000000e+00,0.000000000000000000e+00,0.000000000000000000e+00,0.000000000000000000e+00,0.000000000000000000e+00,0.000000000000000000e+00,0.000000000000000000e+00,0.000000000000000000e+00,0.000000000000000000e+00,0.000000000000000000e+00,0.000000000000000000e+00,0.000000000000000000e+00,0.000000000000000000e+00,0.000000000000000000e+00,0.000000000000000000e+00,0.000000000000000000e+00,0.000000000000000000e+00,0.000000000000000000e+00,0.000000000000000000e+00,0.000000000000000000e+00,0.000000000000000000e+00,0.000000000000000000e+00,0.000000000000000000e+00,0.000000000000000000e+00,0.000000000000000000e+00,0.000000000000000000e+00,0.000000000000000000e+00,0.000000000000000000e+00,0.000000000000000000e+00,0.000000000000000000e+00,0.000000000000000000e+00,0.000000000000000000e+00,0.000000000000000000e+00,0.000000000000000000e+00,0.000000000000000000e+00,0.000000000000000000e+00,0.000000000000000000e+00,0.000000000000000000e+00,0.000000000000000000e+00,0.000000000000000000e+00,0.000000000000000000e+00,0.000000000000000000e+00,0.000000000000000000e+00,0.000000000000000000e+00,0.000000000000000000e+00,0.000000000000000000e+00,0.000000000000000000e+00,0.000000000000000000e+00,0.000000000000000000e+00,0.000000000000000000e+00,0.000000000000000000e+00,0.000000000000000000e+00,0.000000000000000000e+00,0.000000000000000000e+00,0.000000000000000000e+00,0.000000000000000000e+00,0.000000000000000000e+00,0.000000000000000000e+00,0.000000000000000000e+00,0.000000000000000000e+00,0.000000000000000000e+00,0.000000000000000000e+00,0.000000000000000000e+00,0.000000000000000000e+00,0.000000000000000000e+00,0.000000000000000000e+00,0.000000000000000000e+00,0.000000000000000000e+00,0.000000000000000000e+00,0.000000000000000000e+00,0.000000000000000000e+00,0.000000000000000000e+00
Poweri,0.000000000000000000e+00,0.000000000000000000e+00,0.000000000000000000e+00,0.000000000000000000e+00,0.000000000000000000e+00,0.000000000000000000e+00,0.000000000000000000e+00,0.000000000000000000e+00,0.000000000000000000e+00,0.000000000000000000e+00,0.000000000000000000e+00,0.000000000000000000e+00,0.000000000000000000e+00,0.000000000000000000e+00,0.000000000000000000e+00,0.000000000000000000e+00,0.000000000000000000e+00,0.000000000000000000e+00,0.000000000000000000e+00,0.000000000000000000e+00,0.000000000000000000e+00,0.000000000000000000e+00,0.000000000000000000e+00,0.000000000000000000e+00,0.000000000000000000e+00,0.000000000000000000e+00,0.000000000000000000e+00,0.000000000000000000e+00,0.000000000000000000e+00,0.000000000000000000e+00,0.000000000000000000e+00,0.000000000000000000e+00,0.000000000000000000e+00,0.000000000000000000e+00,0.000000000000000000e+00,0.000000000000000000e+00,0.000000000000000000e+00,0.000000000000000000e+00,0.000000000000000000e+00,0.000000000000000000e+00,0.000000000000000000e+00,0.000000000000000000e+00,0.000000000000000000e+00,0.000000000000000000e+00,0.000000000000000000e+00,0.000000000000000000e+00,0.000000000000000000e+00,0.000000000000000000e+00,0.000000000000000000e+00,0.000000000000000000e+00,0.000000000000000000e+00,0.000000000000000000e+00,0.000000000000000000e+00,0.000000000000000000e+00,0.000000000000000000e+00,0.000000000000000000e+00,0.000000000000000000e+00,0.000000000000000000e+00,0.000000000000000000e+00,0.000000000000000000e+00,0.000000000000000000e+00,0.000000000000000000e+00,0.000000000000000000e+00,0.000000000000000000e+00,0.000000000000000000e+00,0.000000000000000000e+00,0.000000000000000000e+00,0.000000000000000000e+00,0.000000000000000000e+00,0.000000000000000000e+00,0.000000000000000000e+00,0.000000000000000000e+00,0.000000000000000000e+00,0.000000000000000000e+00,0.000000000000000000e+00,0.000000000000000000e+00,0.000000000000000000e+00,0.000000000000000000e+00,0.000000000000000000e+00,0.000000000000000000e+00,0.000000000000000000e+00,0.000000000000000000e+00,0.000000000000000000e+00,0.000000000000000000e+00,0.000000000000000000e+00,0.000000000000000000e+00,0.000000000000000000e+00,0.000000000000000000e+00,0.000000000000000000e+00,0.000000000000000000e+00,0.000000000000000000e+00,0.000000000000000000e+00,0.000000000000000000e+00,0.000000000000000000e+00,0.000000000000000000e+00,0.000000000000000000e+00,0.000000000000000000e+00,0.000000000000000000e+00,0.000000000000000000e+00,0.000000000000000000e+00,0.000000000000000000e+00,0.000000000000000000e+00,0.000000000000000000e+00,0.000000000000000000e+00,0.000000000000000000e+00,0.000000000000000000e+00,0.000000000000000000e+00,0.000000000000000000e+00,0.000000000000000000e+00,0.000000000000000000e+00,0.000000000000000000e+00,0.000000000000000000e+00,0.000000000000000000e+00,0.000000000000000000e+00,0.000000000000000000e+00,0.000000000000000000e+00,0.000000000000000000e+00,0.000000000000000000e+00,0.000000000000000000e+00,0.000000000000000000e+00,0.000000000000000000e+00,0.000000000000000000e+00,0.000000000000000000e+00,0.000000000000000000e+00,0.000000000000000000e+00,0.000000000000000000e+00,0.000000000000000000e+00,0.000000000000000000e+00,0.000000000000000000e+00,0.000000000000000000e+00,0.000000000000000000e+00,0.000000000000000000e+00
Powero,0.000000000000000000e+00,0.000000000000000000e+00,0.000000000000000000e+00,0.000000000000000000e+00,0.000000000000000000e+00,0.000000000000000000e+00,0.000000000000000000e+00,0.000000000000000000e+00,0.000000000000000000e+00,0.000000000000000000e+00,0.000000000000000000e+00,0.000000000000000000e+00,0.000000000000000000e+00,0.000000000000000000e+00,0.000000000000000000e+00,0.000000000000000000e+00,0.000000000000000000e+00,0.000000000000000000e+00,0.000000000000000000e+00,0.000000000000000000e+00,0.000000000000000000e+00,0.000000000000000000e+00,0.000000000000000000e+00,0.000000000000000000e+00,0.000000000000000000e+00,0.000000000000000000e+00,0.000000000000000000e+00,0.000000000000000000e+00,0.000000000000000000e+00,0.000000000000000000e+00,0.000000000000000000e+00,0.000000000000000000e+00,0.000000000000000000e+00,0.000000000000000000e+00,0.000000000000000000e+00,0.000000000000000000e+00,0.000000000000000000e+00,0.000000000000000000e+00,0.000000000000000000e+00,0.000000000000000000e+00,0.000000000000000000e+00,0.000000000000000000e+00,0.000000000000000000e+00,0.000000000000000000e+00,0.000000000000000000e+00,0.000000000000000000e+00,0.000000000000000000e+00,0.000000000000000000e+00,0.000000000000000000e+00,0.000000000000000000e+00,0.000000000000000000e+00,0.000000000000000000e+00,0.000000000000000000e+00,0.000000000000000000e+00,0.000000000000000000e+00,0.000000000000000000e+00,0.000000000000000000e+00,0.000000000000000000e+00,0.000000000000000000e+00,0.000000000000000000e+00,0.000000000000000000e+00,0.000000000000000000e+00,0.000000000000000000e+00,0.000000000000000000e+00,0.000000000000000000e+00,0.000000000000000000e+00,0.000000000000000000e+00,0.000000000000000000e+00,0.000000000000000000e+00,0.000000000000000000e+00,0.000000000000000000e+00,0.000000000000000000e+00,0.000000000000000000e+00,0.000000000000000000e+00,0.000000000000000000e+00,0.000000000000000000e+00,0.000000000000000000e+00,0.000000000000000000e+00,0.000000000000000000e+00,0.000000000000000000e+00,0.000000000000000000e+00,0.000000000000000000e+00,0.000000000000000000e+00,0.000000000000000000e+00,0.000000000000000000e+00,0.000000000000000000e+00,0.000000000000000000e+00,0.000000000000000000e+00,0.000000000000000000e+00,0.000000000000000000e+00,0.000000000000000000e+00,0.000000000000000000e+00,0.000000000000000000e+00,0.000000000000000000e+00,0.000000000000000000e+00,0.000000000000000000e+00,0.000000000000000000e+00,0.000000000000000000e+00,0.000000000000000000e+00,0.000000000000000000e+00,0.000000000000000000e+00,0.000000000000000000e+00,0.000000000000000000e+00,0.000000000000000000e+00,0.000000000000000000e+00,0.000000000000000000e+00,0.000000000000000000e+00,0.000000000000000000e+00,0.000000000000000000e+00,0.000000000000000000e+00,0.000000000000000000e+00,0.000000000000000000e+00,0.000000000000000000e+00,0.000000000000000000e+00,0.000000000000000000e+00,0.000000000000000000e+00,0.000000000000000000e+00,0.000000000000000000e+00,0.000000000000000000e+00,0.000000000000000000e+00,0.000000000000000000e+00,0.000000000000000000e+00,0.000000000000000000e+00,0.000000000000000000e+00,0.000000000000000000e+00,0.000000000000000000e+00,0.000000000000000000e+00,0.000000000000000000e+00,0.000000000000000000e+00,0.000000000000000000e+00,0.000000000000000000e+00,0.000000000000000000e+00
RPM,0.000000000000000000e+00,0.000000000000000000e+00,0.000000000000000000e+00,0.000000000000000000e+00,0.000000000000000000e+00,0.000000000000000000e+00,0.000000000000000000e+00,0.000000000000000000e+00,0.000000000000000000e+00,0.000000000000000000e+00,0.000000000000000000e+00,0.000000000000000000e+00,0.000000000000000000e+00,0.000000000000000000e+00,0.000000000000000000e+00,0.000000000000000000e+00,0.000000000000000000e+00,0.000000000000000000e+00,0.000000000000000000e+00,0.000000000000000000e+00,0.000000000000000000e+00,0.000000000000000000e+00,0.000000000000000000e+00,0.000000000000000000e+00,0.000000000000000000e+00,0.000000000000000000e+00,0.000000000000000000e+00,0.000000000000000000e+00,0.000000000000000000e+00,0.000000000000000000e+00,0.000000000000000000e+00,0.000000000000000000e+00,0.000000000000000000e+00,0.000000000000000000e+00,0.000000000000000000e+00,0.000000000000000000e+00,0.000000000000000000e+00,0.000000000000000000e+00,0.000000000000000000e+00,0.000000000000000000e+00,0.000000000000000000e+00,0.000000000000000000e+00,0.000000000000000000e+00,0.000000000000000000e+00,0.000000000000000000e+00,0.000000000000000000e+00,0.000000000000000000e+00,0.000000000000000000e+00,0.000000000000000000e+00,0.000000000000000000e+00,0.000000000000000000e+00,0.000000000000000000e+00,0.000000000000000000e+00,0.000000000000000000e+00,0.000000000000000000e+00,0.000000000000000000e+00,0.000000000000000000e+00,0.000000000000000000e+00,0.000000000000000000e+00,0.000000000000000000e+00,0.000000000000000000e+00,0.000000000000000000e+00,0.000000000000000000e+00,0.000000000000000000e+00,0.000000000000000000e+00,0.000000000000000000e+00,0.000000000000000000e+00,0.000000000000000000e+00,0.000000000000000000e+00,0.000000000000000000e+00,0.000000000000000000e+00,0.000000000000000000e+00,0.000000000000000000e+00,0.000000000000000000e+00,0.000000000000000000e+00,0.000000000000000000e+00,0.000000000000000000e+00,0.000000000000000000e+00,0.000000000000000000e+00,0.000000000000000000e+00,0.000000000000000000e+00,0.000000000000000000e+00,0.000000000000000000e+00,0.000000000000000000e+00,0.000000000000000000e+00,0.000000000000000000e+00,0.000000000000000000e+00,0.000000000000000000e+00,0.000000000000000000e+00,0.000000000000000000e+00,0.000000000000000000e+00,0.000000000000000000e+00,0.000000000000000000e+00,0.000000000000000000e+00,0.000000000000000000e+00,0.000000000000000000e+00,0.000000000000000000e+00,0.000000000000000000e+00,0.000000000000000000e+00,0.000000000000000000e+00,0.000000000000000000e+00,0.000000000000000000e+00,0.000000000000000000e+00,0.000000000000000000e+00,0.000000000000000000e+00,0.000000000000000000e+00,0.000000000000000000e+00,0.000000000000000000e+00,0.000000000000000000e+00,0.000000000000000000e+00,0.000000000000000000e+00,0.000000000000000000e+00,0.000000000000000000e+00,0.000000000000000000e+00,0.000000000000000000e+00,0.000000000000000000e+00,0.000000000000000000e+00,0.000000000000000000e+00,0.000000000000000000e+00,0.000000000000000000e+00,0.000000000000000000e+00,0.000000000000000000e+00,0.000000000000000000e+00,0.000000000000000000e+00,0.000000000000000000e+00,0.000000000000000000e+00,0.000000000000000000e+00,0.000000000000000000e+00,0.000000000000000000e+00,0.000000000000000000e+00,0.000000000000000000e+00,0.000000000000000000e+00
SoverB,2.146999999999999950e-02,4.293999999999999900e-02,6.440999999999999504e-02,8.587000000000000188e-02,1.073400000000000049e-01,1.288100000000000078e-01,1.502799999999999969e-01,1.717500000000000138e-01,1.932200000000000029e-01,2.146899999999999920e-01,2.361499999999999988e-01,2.576200000000000156e-01,2.733400000000000274e-01,2.790900000000000047e-01,3.345500000000000140e-01,3.900100000000000233e-01,4.454600000000000226e-01,5.009200000000000319e-01,5.563700000000000312e-01,6.118200000000000305e-01,6.672799999999999843e-01,7.227299999999999836e-01,7.781900000000000484e-01,8.336400000000000476e-01,8.890900000000000469e-01,9.445500000000000007e-01,1.000000000000000000e+00,2.146999999999999950e-02,4.293999999999999900e-02,6.440999999999999504e-02,8.587000000000000188e-02,1.073400000000000049e-01,1.288100000000000078e-01,1.502799999999999969e-01,1.717500000000000138e-01,1.932200000000000029e-01,2.146899999999999920e-01,2.361499999999999988e-01,2.576200000000000156e-01,2.733400000000000274e-01,2.790900000000000047e-01,3.345500000000000140e-01,3.900100000000000233e-01,4.454600000000000226e-01,5.009200000000000319e-01,5.563700000000000312e-01,6.118200000000000305e-01,6.672799999999999843e-01,7.227299999999999836e-01,7.781900000000000484e-01,8.336400000000000476e-01,8.890900000000000469e-01,9.445500000000000007e-01,1.000000000000000000e+00,7.692000000000000226e-02,1.538499999999999868e-01,2.307700000000000029e-01,3.076900000000000190e-01,3.846200000000000174e-01,4.615400000000000058e-01,5.384600000000000497e-01,6.153800000000000381e-01,6.923099999999999810e-01,7.692299999999999693e-01,8.461499999999999577e-01,9.230800000000000116e-01,1.000000000000000000e+00,7.692000000000000226e-02,1.538499999999999868e-01,2.307700000000000029e-01,3.076900000000000190e-01,3.846200000000000174e-01,4.615400000000000058e-01,5.384600000000000497e-01,6.153800000000000381e-01,6.923099999999999810e-01,7.692299999999999693e-01,8.461499999999999577e-01,9.230800000000000116e-01,1.000000000000000000e+00,2.025000000000000064e-02,4.050000000000000128e-02,6.076000000000000151e-02,8.100999999999999868e-02,1.012600000000000028e-01,1.215100000000000069e-01,1.417599999999999971e-01,1.620199999999999974e-01,1.822699999999999876e-01,2.025200000000000056e-01,2.227699999999999958e-01,2.430299999999999960e-01,2.632800000000000140e-01,3.199500000000000122e-01,3.766200000000000103e-01,4.332900000000000085e-01,4.899600000000000066e-01,5.466299999999999493e-01,6.032999999999999474e-01,6.599699999999999456e-01,7.166500000000000092e-01,7.733200000000000074e-01,8.299900000000000055e-01,8.866600000000000037e-01,9.433300000000000018e-01,1.000000000000000000e+00,2.025000000000000064e-02,4.050000000000000128e-02,6.076000000000000151e-02,8.100999999999999868e-02,1.012600000000000028e-01,1.215100000000000069e-01,1.417599999999999971e-01,1.620199999999999974e-01,1.822699999999999876e-01,2.025200000000000056e-01,2.227699999999999958e-01,2.430299999999999960e-01,2.632800000000000140e-01,3.199500000000000122e-01,3.766200000000000103e-01,4.332900000000000085e-01,4.899600000000000066e-01,5.466299999999999493e-01,6.032999999999999474e-01,6.599699999999999456e-01,7.166500000000000092e-01,7.733200000000000074e-01,8.299900000000000055e-01,8.866600000000000037e-01,9.433300000000000018e-01,1.000000000000000000e+00
StallFact,1.000000000000000000e+00,1.000000000000000000e+00,1.000000000000000000e+00,1.000000000000000000e+00,1.000000000000000000e+00,1.000000000000000000e+00,1.000000000000000000e+00,1.000000000000000000e+00,1.000000000000000000e+00,1.000000000000000000e+00,1.000000000000000000e+00,1.000000000000000000e+00,1.000000000000000000e+00,1.000000000000000000e+00,1.000000000000000000e+00,1.000000000000000000e+00,1.000000000000000000e+00,1.000000000000000000e+00,1.000000000000000000e+00,1.000000000000000000e+00,1.000000000000000000e+00,1.000000000000000000e+00,1.000000000000000000e+00,1.000000000000000000e+00,1.000000000000000000e+00,1.000000000000000000e+00,1.000000000000000000e+00,1.000000000000000000e+00,1.000000000000000000e+00,1.000000000000000000e+00,1.000000000000000000e+00,1.000000000000000000e+00,1.000000000000000000e+00,1.000000000000000000e+00,1.000000000000000000e+00,1.000000000000000000e+00,1.000000000000000000e+00,1.000000000000000000e+00,1.000000000000000000e+00,1.000000000000000000e+00,1.000000000000000000e+00,1.000000000000000000e+00,1.000000000000000000e+00,1.000000000000000000e+00,1.000000000000000000e+00,1.000000000000000000e+00,1.000000000000000000e+00,1.000000000000000000e+00,1.000000000000000000e+00,1.000000000000000000e+00,1.000000000000000000e+00,1.000000000000000000e+00,1.000000000000000000e+00,1.000000000000000000e+00,1.000000000000000000e+00,1.000000000000000000e+00,1.000000000000000000e+00,1.000000000000000000e+00,1.000000000000000000e+00,1.000000000000000000e+00,1.000000000000000000e+00,1.000000000000000000e+00,1.000000000000000000e+00,1.000000000000000000e+00,1.000000000000000000e+00,1.000000000000000000e+00,1.000000000000000000e+00,1.000000000000000000e+00,1.000000000000000000e+00,1.000000000000000000e+00,1.000000000000000000e+00,1.000000000000000000e+00,1.000000000000000000e+00,1.000000000000000000e+00,1.000000000000000000e+00,1.000000000000000000e+00,1.000000000000000000e+00,1.000000000000000000e+00,1.000000000000000000e+00,1.000000000000000000e+00,1.000000000000000000e+00,1.000000000000000000e+00,1.000000000000000000e+00,1.000000000000000000e+00,1.000000000000000000e+00,1.000000000000000000e+00,1.000000000000000000e+00,1.000000000000000000e+00,1.000000000000000000e+00,1.000000000000000000e+00,1.000000000000000000e+00,1.000000000000000000e+00,1.000000000000000000e+00,1.000000000000000000e+00,1.000000000000000000e+00,1.000000000000000000e+00,1.000000000000000000e+00,1.000000000000000000e+00,1.000000000000000000e+00,1.000000000000000000e+00,1.000000000000000000e+00,1.000000000000000000e+00,1.000000000000000000e+00,1.000000000000000000e+00,1.000000000000000000e+00,1.000000000000000000e+00,1.000000000000000000e+00,1.000000000000000000e+00,1.000000000000000000e+00,1.000000000000000000e+00,1.000000000000000000e+00,1.000000000000000000e+00,1.000000000000000000e+00,1.000000000000000000e+00,1.000000000000000000e+00,1.000000000000000000e+00,1.000000000000000000e+00,1.000000000000000000e+00,1.000000000000000000e+00,1.000000000000000000e+00,1.000000000000000000e+00,1.000000000000000000e+00,1.000000000000000000e+00,1.000000000000000000e+00,1.000000000000000000e+00,1.000000000000000000e+00,1.000000000000000000e+00,1.000000000000000000e+00,1.000000000000000000e+00,1.000000000000000000e+00,1.000000000000000000e+00,1.000000000000000000e+00
Thrust,0.000000000000000000e+00,0.000000000000000000e+00,0.000000000000000000e+00,0.000000000000000000e+00,0.000000000000000000e+00,0.000000000000000000e+00,0.000000000000000000e+00,0.000000000000000000e+00,0.000000000000000000e+00,0.000000000000000000e+00,0.000000000000000000e+00,0.000000000000000000e+00,0.000000000000000000e+00,0.000000000000000000e+00,0.000000000000000000e+00,0.000000000000000000e+00,0.000000000000000000e+00,0.000000000000000000e+00,0.000000000000000000e+00,0.000000000000000000e+00,0.000000000000000000e+00,0.000000000000000000e+00,0.000000000000000000e+00,0.000000000000000000e+00,0.000000000000000000e+00,0.000000000000000000e+00,0.000000000000000000e+00,0.000000000000000000e+00,0.000000000000000000e+00,0.000000000000000000e+00,0.000000000000000000e+00,0.000000000000000000e+00,0.000000000000000000e+00,0.000000000000000000e+00,0.000000000000000000e+00,0.000000000000000000e+00,0.000000000000000000e+00,0.000000000000000000e+00,0.000000000000000000e+00,0.000000000000000000e+00,0.000000000000000000e+00,0.000000000000000000e+00,0.000000000000000000e+00,0.000000000000000000e+00,0.000000000000000000e+00,0.000000000000000000e+00,0.000000000000000000e+00,0.000000000000000000e+00,0.000000000000000000e+00,0.000000000000000000e+00,0.000000000000000000e+00,0.000000000000000000e+00,0.000000000000000000e+00,0.000000000000000000e+00,0.000000000000000000e+00,0.000000000000000000e+00,0.000000000000000000e+00,0.000000000000000000e+00,0.000000000000000000e+00,0.000000000000000000e+00,0.000000000000000000e+00,0.000000000000000000e+00,0.000000000000000000e+00,0.000000000000000000e+00,0.000000000000000000e+00,0.000000000000000000e+00,0.000000000000000000e+00,0.000000000000000000e+00,0.000000000000000000e+00,0.000000000000000000e+00,0.000000000000000000e+00,0.000000000000000000e+00,0.000000000000000000e+00,0.000000000000000000e+00,0.000000000000000000e+00,0.000000000000000000e+00,0.000000000000000000e+00,0.000000000000000000e+00,0.000000000000000000e+00,0.000000000000000000e+00,0.000000000000000000e+00,0.000000000000000000e+00,0.000000000000000000e+00,0.000000000000000000e+00,0.000000000000000000e+00,0.000000000000000000e+00,0.000000000000000000e+00,0.000000000000000000e+00,0.000000000000000000e+00,0.000000000000000000e+00,0.000000000000000000e+00,0.000000000000000000e+00,0.000000000000000000e+00,0.000000000000000000e+00,0.000000000000000000e+00,0.000000000000000000e+00,0.000000000000000000e+00,0.000000000000000000e+00,0.000000000000000000e+00,0.000000000000000000e+00,0.000000000000000000e+00,0.000000000000000000e+00,0.000000000000000000e+00,0.000000000000000000e+00,0.000000000000000000e+00,0.000000000000000000e+00,0.000000000000000000e+00,0.000000000000000000e+00,0.000000000000000000e+00,0.000000000000000000e+00,0.000000000000000000e+00,0.000000000000000000e+00,0.000000000000000000e+00,0.000000000000000000e+00,0.000000000000000000e+00,0.000000000000000000e+00,0.000000000000000000e+00,0.000000000000000000e+00,0.000000000000000000e+00,0.000000000000000000e+00,0.000000000000000000e+00,0.000000000000000000e+00,0.000000000000000000e+00,0.000000000000000000e+00,0.000000000000000000e+00,0.000000000000000000e+00,0.000000000000000000e+00,0.000000000000000000e+00,0.000000000000000000e+00,0.000000000000000000e+00,0.000000000000000000e+00,0.000000000000000000e+00
Thrusti,0.000000000000000000e+00,0.000000000000000000e+00,0.000000000000000000e+00,0.000000000000000000e+00,0.000000000000000000e+00,0.000000000000000000e+00,0.000000000000000000e+00,0.000000000000000000e+00,0.000000000000000000e+00,0.000000000000000000e+00,0.000000000000000000e+00,0.000000000000000000e+00,0.000000000000000000e+00,0.000000000000000000e+00,0.000000000000000000e+00,0.000000000000000000e+00,0.000000000000000000e+00,0.000000000000000000e+00,0.000000000000000000e+00,0.000000000000000000e+00,0.000000000000000000e+00,0.000000000000000000e+00,0.000000000000000000e+00,0.000000000000000000e+00,0.000000000000000000e+00,0.000000000000000000e+00,0.000000000000000000e+00,0.000000000000000000e+00,0.000000000000000000e+00,0.000000000000000000e+00,0.000000000000000000e+00,0.000000000000000000e+00,0.000000000000000000e+00,0.000000000000000000e+00,0.000000000000000000e+00,0.000000000000000000e+00,0.000000000000000000e+00,0.000000000000000000e+00,0.000000000000000000e+00,0.000000000000000000e+00,0.000000000000000000e+00,0.000000000000000000e+00,0.000000000000000000e+00,0.000000000000000000e+00,0.000000000000000000e+00,0.000000000000000000e+00,0.000000000000000000e+00,0.000000000000000000e+00,0.000000000000000000e+00,0.000000000000000000e+00,0.000000000000000000e+00,0.000000000000000000e+00,0.000000000000000000e+00,0.000000000000000000e+00,0.000000000000000000e+00,0.000000000000000000e+00,0.000000000000000000e+00,0.000000000000000000e+00,0.000000000000000000e+00,0.000000000000000000e+00,0.000000000000000000e+00,0.000000000000000000e+00,0.000000000000000000e+00,0.000000000000000000e+00,0.000000000000000000e+00,0.000000000000000000e+00,0.000000000000000000e+00,0.000000000000000000e+00,0.000000000000000000e+00,0.000000000000000000e+00,0.000000000000000000e+00,0.000000000000000000e+00,0.000000000000000000e+00,0.000000000000000000e+00,0.000000000000000000e+00,0.000000000000000000e+00,0.000000000000000000e+00,0.000000000000000000e+00,0.000000000000000000e+00,0.000000000000000000e+00,0.000000000000000000e+00,0.000000000000000000e+00,0.000000000000000000e+00,0.000000000000000000e+00,0.000000000000000000e+00,0.000000000000000000e+00,0.000000000000000000e+00,0.000000000000000000e+00,0.000000000000000000e+00,0.000000000000000000e+00,0.000000000000000000e+00,0.000000000000000000e+00,0.000000000000000000e+00,0.000000000000000000e+00,0.000000000000000000e+00,0.000000000000000000e+00,0.000000000000000000e+00,0.000000000000000000e+00,0.000000000000000000e+00,0.000000000000000000e+00,0.000000000000000000e+00,0.000000000000000000e+00,0.000000000000000000e+00,0.000000000000000000e+00,0.000000000000000000e+00,0.000000000000000000e+00,0.000000000000000000e+00,0.000000000000000000e+00,0.000000000000000000e+00,0.000000000000000000e+00,0.000000000000000000e+00,0.000000000000000000e+00,0.000000000000000000e+00,0.000000000000000000e+00,0.000000000000000000e+00,0.000000000000000000e+00,0.000000000000000000e+00,0.000000000000000000e+00,0.000000000000000000e+00,0.000000000000000000e+00,0.000000000000000000e+00,0.000000000000000000e+00,0.000000000000000000e+00,0.000000000000000000e+00,0.000000000000000000e+00,0.000000000000000000e+00,0.000000000000000000e+00,0.000000000000000000e+00,0.000000000000000000e+00,0.000000000000000000e+00,0.000000000000000000e+00,0.000000000000000000e+00
Thrusto,0.000000000000000000e+00,0.000000000000000000e+00,0.000000000000000000e+00,0.000000000000000000e+00,0.000000000000000000e+00,0.000000000000000000e+00,0.000000000000000000e+00,0.000000000000000000e+00,0.000000000000000000e+00,0.000000000000000000e+00,0.000000000000000000e+00,0.000000000000000000e+00,0.000000000000000000e+00,0.000000000000000000e+00,0.000000000000000000e+00,0.000000000000000000e+00,0.000000000000000000e+00,0.000000000000000000e+00,0.000000000000000000e+00,0.000000000000000000e+00,0.000000000000000000e+00,0.000000000000000000e+00,0.000000000000000000e+00,0.000000000000000000e+00,0.000000000000000000e+00,0.000000000000000000e+00,0.000000000000000000e+00,0.000000000000000000e+00,0.000000000000000000e+00,0.000000000000000000e+00,0.000000000000000000e+00,0.000000000000000000e+00,0.000000000000000000e+00,0.000000000000000000e+00,0.000000000000000000e+00,0.000000000000000000e+00,0.000000000000000000e+00,0.000000000000000000e+00,0.000000000000000000e+00,0.000000000000000000e+00,0.000000000000000000e+00,0.000000000000000000e+00,0.000000000000000000e+00,0.000000000000000000e+00,0.000000000000000000e+00,0.000000000000000000e+00,0.000000000000000000e+00,0.000000000000000000e+00,0.000000000000000000e+00,0.000000000000000000e+00,0.000000000000000000e+00,0.000000000000000000e+00,0.000000000000000000e+00,0.000000000000000000e+00,0.000000000000000000e+00,0.000000000000000000e+00,0.000000000000000000e+00,0.000000000000000000e+00,0.000000000000000000e+00,0.000000000000000000e+00,0.000000000000000000e+00,0.000000000000000000e+00,0.000000000000000000e+00,0.000000000000000000e+00,0.000000000000000000e+00,0.000000000000000000e+00,0.000000000000000000e+00,0.000000000000000000e+00,0.000000000000000000e+00,0.000000000000000000e+00,0.000000000000000000e+00,0.000000000000000000e+00,0.000000000000000000e+00,0.000000000000000000e+00,0.000000000000000000e+00,0.000000000000000000e+00,0.000000000000000000e+00,0.000000000000000000e+00,0.000000000000000000e+00,0.000000000000000000e+00,0.000000000000000000e+00,0.000000000000000000e+00,0.000000000000000000e+00,0.000000000000000000e+00,0.000000000000000000e+00,0.000000000000000000e+00,0.000000000000000000e+00,0.000000000000000000e+00,0.000000000000000000e+00,0.000000000000000000e+00,0.000000000000000000e+00,0.000000000000000000e+00,0.000000000000000000e+00,0.000000000000000000e+00,0.000000000000000000e+00,0.000000000000000000e+00,0.000000000000000000e+00,0.000000000000000000e+00,0.000000000000000000e+00,0.000000000000000000e+00,0.000000000000000000e+00,0.000000000000000000e+00,0.000000000000000000e+00,0.000000000000000000e+00,0.000000000000000000e+00,0.000000000000000000e+00,0.000000000000000000e+00,0.000000000000000000e+00,0.000000000000000000e+00,0.000000000000000000e+00,0.000000000000000000e+00,0.000000000000000000e+00,0.000000000000000000e+00,0.000000000000000000e+00,0.000000000000000000e+00,0.000000000000000000e+00,0.000000000000000000e+00,0.000000000000000000e+00,0.000000000000000000e+00,0.000000000000000000e+00,0.000000000000000000e+00,0.000000000000000000e+00,0.000000000000000000e+00,0.000000000000000000e+00,0.000000000000000000e+00,0.000000000000000000e+00,0.000000000000000000e+00,0.000000000000000000e+00,0.000000000000000000e+00,0.000000000000000000e+00,0.000000000000000000e+00,0.000000000000000000e+00
TrailVort,1,2,3,4,5,6,7,8,9,10,11,12,13,14,15,16,17,18,19,20,21,22,23,24,25,26,27,1,2,3,4,5,6,7,8,9,10,11,12,13,14,15,16,17,18,19,20,21,22,23,24,25,26,27,1,2,3,4,5,6,7,8,9,10,11,12,13,1,2,3,4,5,6,7,8,9,10,11,12,13,1,2,3,4,5,6,7,8,9,10,11,12,13,14,15,16,17,18,19,20,21,22,23,24,25,26,1,2,3,4,5,6,7,8,9,10,11,12,13,14,15,16,17,18,19,20,21,22,23,24,25,26
Unsteady,0
V/Vref,1.000000000000000000e+00,1.000000000000000000e+00,1.000000000000000000e+00,1.000000000000000000e+00,1.000000000000000000e+00,1.000000000000000000e+00,1.000000000000000000e+00,1.000000000000000000e+00,1.000000000000000000e+00,1.000000000000000000e+00,1.000000000000000000e+00,1.000000000000000000e+00,1.000000000000000000e+00,1.000000000000000000e+00,1.000000000000000000e+00,1.000000000000000000e+00,1.000000000000000000e+00,1.000000000000000000e+00,1.000000000000000000e+00,1.000000000000000000e+00,1.000000000000000000e+00,1.000000000000000000e+00,1.000000000000000000e+00,1.000000000000000000e+00,1.000000000000000000e+00,1.000000000000000000e+00,1.000000000000000000e+00,1.000000000000000000e+00,1.000000000000000000e+00,1.000000000000000000e+00,1.000000000000000000e+00,1.000000000000000000e+00,1.000000000000000000e+00,1.000000000000000000e+00,1.000000000000000000e+00,1.000000000000000000e+00,1.000000000000000000e+00,1.000000000000000000e+00,1.000000000000000000e+00,1.000000000000000000e+00,1.000000000000000000e+00,1.000000000000000000e+00,1.000000000000000000e+00,1.000000000000000000e+00,1.000000000000000000e+00,1.000000000000000000e+00,1.000000000000000000e+00,1.000000000000000000e+00,1.000000000000000000e+00,1.000000000000000000e+00,1.000000000000000000e+00,1.000000000000000000e+00,1.000000000000000000e+00,1.000000000000000000e+00,1.000000000000000000e+00,1.000000000000000000e+00,1.000000000000000000e+00,1.000000000000000000e+00,1.000000000000000000e+00,1.000000000000000000e+00,1.000000000000000000e+00,1.000000000000000000e+00,1.000000000000000000e+00,1.000000000000000000e+00,1.000000000000000000e+00,1.000000000000000000e+00,1.000000000000000000e+00,1.000000000000000000e+00,1.000000000000000000e+00,1.000000000000000000e+00,1.000000000000000000e+00,1.000000000000000000e+00,1.000000000000000000e+00,1.000000000000000000e+00,1.000000000000000000e+00,1.000000000000000000e+00,1.000000000000000000e+00,1.000000000000000000e+00,1.000000000000000000e+00,1.000000000000000000e+00,1.000000000000000000e+00,1.000000000000000000e+00,1.000000000000000000e+00,1.000000000000000000e+00,1.000000000000000000e+00,1.000000000000000000e+00,1.000000000000000000e+00,1.000000000000000000e+00,1.000000000000000000e+00,1.000000000000000000e+00,1.000000000000000000e+00,1.000000000000000000e+00,1.000000000000000000e+00,1.000000000000000000e+00,1.000000000000000000e+00,1.000000000000000000e+00,1.000000000000000000e+00,1.000000000000000000e+00,1.000000000000000000e+00,1.000000000000000000e+00,1.000000000000000000e+00,1.000000000000000000e+00,1.000000000000000000e+00,1.000000000000000000e+00,1.000000000000000000e+00,1.000000000000000000e+00,1.000000000000000000e+00,1.000000000000000000e+00,1.000000000000000000e+00,1.000000000000000000e+00,1.000000000000000000e+00,1.000000000000000000e+00,1.000000000000000000e+00,1.000000000000000000e+00,1.000000000000000000e+00,1.000000000000000000e+00,1.000000000000000000e+00,1.000000000000000000e+00,1.000000000000000000e+00,1.000000000000000000e+00,1.000000000000000000e+00,1.000000000000000000e+00,1.000000000000000000e+00,1.000000000000000000e+00,1.000000000000000000e+00,1.000000000000000000e+00,1.000000000000000000e+00,1.000000000000000000e+00,1.000000000000000000e+00,1.000000000000000000e+00,1.000000000000000000e+00,1.000000000000000000e+00
VortexSheet,1,1,1,1,1,1,1,1,1,1,1,1,1,1,1,1,1,1,1,1,1,1,1,1,1,1,1,2,2,2,2,2,2,2,2,2,2,2,2,2,2,2,2,2,2,2,2,2,2,2,2,2,2,2,3,3,3,3,3,3,3,3,3,3,3,3,3,4,4,4,4,4,4,4,4,4,4,4,4,4,5,5,5,5,5,5,5,5,5,5,5,5,5,5,5,5,5,5,5,5,5,5,5,5,5,5,6,6,6,6,6,6,6,6,6,6,6,6,6,6,6,6,6,6,6,6,6,6,6,6,6,6
Xavg,4.078730000000000189e+01,4.078164999999999907e+01,4.077600000000000335e+01,4.077033999999999736e+01,4.076469000000000165e+01,4.075903999999999883e+01,4.075337999999999994e+01,4.074772999999999712e+01,4.074208000000000141e+01,4.073642999999999859e+01,4.073076999999999970e+01,4.072511999999999688e+01,4.072023000000000081e+01,4.071739999999999782e+01,4.081067000000000178e+01,4.099871000000000265e+01,4.118675000000000352e+01,4.137478999999999729e+01,4.156282999999999817e+01,4.175086000000000297e+01,4.193889000000000067e+01,4.212691999999999837e+01,4.231495000000000317e+01,4.250298000000000087e+01,4.269102000000000174e+01,4.287904999999999944e+01,4.306707999999999714e+01,4.078730000000000189e+01,4.078164999999999907e+01,4.077600000000000335e+01,4.077033999999999736e+01,4.076469000000000165e+01,4.075903999999999883e+01,4.075337999999999994e+01,4.074772999999999712e+01,4.074208000000000141e+01,4.073642999999999859e+01,4.073076999999999970e+01,4.072511999999999688e+01,4.072023000000000081e+01,4.071739999999999782e+01,4.081067000000000178e+01,4.099871000000000265e+01,4.118675000000000352e+01,4.137478999999999729e+01,4.156282999999999817e+01,4.175086000000000297e+01,4.193889000000000067e+01,4.212691999999999837e+01,4.231495000000000317e+01,4.250298000000000087e+01,4.269102000000000174e+01,4.287904999999999944e+01,4.306707999999999714e+01,5.230899999999999750e+01,5.254475999999999658e+01,5.278052000000000277e+01,5.301628000000000185e+01,5.325204000000000093e+01,5.348780000000000001e+01,5.372355999999999909e+01,5.395931999999999817e+01,5.419507000000000119e+01,5.443083000000000027e+01,5.466658999999999935e+01,5.490234999999999843e+01,5.513810999999999751e+01,5.230899999999999750e+01,5.254475999999999658e+01,5.278052000000000277e+01,5.301628000000000185e+01,5.325204000000000093e+01,5.348780000000000001e+01,5.372355999999999909e+01,5.395931999999999817e+01,5.419507000000000119e+01,5.443083000000000027e+01,5.466658999999999935e+01,5.490234999999999843e+01,5.513810999999999751e+01,4.876758999999999844e+01,4.878065000000000140e+01,4.879372000000000043e+01,4.880678000000000338e+01,4.881985000000000241e+01,4.883290999999999826e+01,4.884597999999999729e+01,4.885904000000000025e+01,4.887210999999999927e+01,4.888517000000000223e+01,4.889824000000000126e+01,4.891129999999999711e+01,4.892437000000000324e+01,4.893842999999999677e+01,4.895349999999999824e+01,4.896855999999999653e+01,4.898362000000000194e+01,4.899869000000000341e+01,4.901375000000000171e+01,4.902881000000000000e+01,4.904388000000000147e+01,4.905893999999999977e+01,4.907399999999999807e+01,4.908906000000000347e+01,4.910412999999999784e+01,4.911919000000000324e+01,4.876758999999999844e+01,4.878065000000000140e+01,4.879372000000000043e+01,4.880678000000000338e+01,4.881985000000000241e+01,4.883290999999999826e+01,4.884597999999999729e+01,4.885904000000000025e+01,4.887210999999999927e+01,4.888517000000000223e+01,4.889824000000000126e+01,4.891129999999999711e+01,4.892437000000000324e+01,4.893842999999999677e+01,4.895349999999999824e+01,4.896855999999999653e+01,4.898362000000000194e+01,4.899869000000000341e+01,4.901375000000000171e+01,4.902881000000000000e+01,4.904388000000000147e+01,4.905893999999999977e+01,4.907399999999999807e+01,4.908906000000000347e+01,4.910412999999999784e+01,4.911919000000000324e+01
Yavg,1.183519999999999905e+00,1.550550000000000095e+00,1.917580000000000062e+00,2.284609999999999808e+00,2.651639999999999997e+00,3.018679999999999808e+00,3.385709999999999997e+00,3.752740000000000187e+00,4.119769999999999932e+00,4.486799999999999677e+00,4.853839999999999932e+00,5.220869999999999678e+00,5.538730000000000153e+00,5.722240000000000215e+00,6.245479999999999698e+00,7.193599999999999994e+00,8.141700000000000159e+00,9.089779999999999305e+00,1.003785000000000061e+01,1.098592000000000013e+01,1.193397000000000041e+01,1.288202000000000069e+01,1.383005999999999958e+01,1.477810999999999986e+01,1.572615000000000052e+01,1.667419999999999902e+01,1.762226000000000070e+01,-1.183519999999999905e+00,-1.550550000000000095e+00,-1.917580000000000062e+00,-2.284609999999999808e+00,-2.651639999999999997e+00,-3.018679999999999808e+00,-3.385709999999999997e+00,-3.752740000000000187e+00,-4.119769999999999932e+00,-4.486799999999999677e+00,-4.853839999999999932e+00,-5.220869999999999678e+00,-5.538730000000000153e+00,-5.722240000000000215e+00,-6.245479999999999698e+00,-7.193599999999999994e+00,-8.141700000000000159e+00,-9.089779999999999305e+00,-1.003785000000000061e+01,-1.098592000000000013e+01,-1.193397000000000041e+01,-1.288202000000000069e+01,-1.383005999999999958e+01,-1.477810999999999986e+01,-1.572615000000000052e+01,-1.667419999999999902e+01,-1.762226000000000070e+01,6.142409999999999926e+00,6.623940000000000161e+00,7.105480000000000018e+00,7.587010000000000254e+00,8.068550000000000111e+00,8.550079999999999458e+00,9.031620000000000203e+00,9.513149999999999551e+00,9.994690000000000296e+00,1.047621999999999964e+01,1.095776000000000039e+01,1.143928999999999974e+01,1.192083000000000048e+01,-6.142409999999999926e+00,-6.623940000000000161e+00,-7.105480000000000018e+00,-7.587010000000000254e+00,-8.068550000000000111e+00,-8.550079999999999458e+00,-9.031620000000000203e+00,-9.513149999999999551e+00,-9.994690000000000296e+00,-1.047621999999999964e+01,-1.095776000000000039e+01,-1.143928999999999974e+01,-1.192083000000000048e+01,5.665740000000000443e+00,5.685749999999999638e+00,5.705750000000000099e+00,5.725760000000000183e+00,5.745759999999999756e+00,5.765769999999999840e+00,5.785779999999999923e+00,5.805780000000000385e+00,5.825789999999999580e+00,5.845790000000000042e+00,5.865800000000000125e+00,5.885810000000000208e+00,5.905809999999999782e+00,5.943810000000000038e+00,5.999789999999999957e+00,6.055769999999999875e+00,6.111749999999999794e+00,6.167729999999999713e+00,6.223709999999999631e+00,6.279690000000000438e+00,6.335679999999999978e+00,6.391659999999999897e+00,6.447639999999999816e+00,6.503619999999999735e+00,6.559599999999999653e+00,6.615579999999999572e+00,-5.665740000000000443e+00,-5.685749999999999638e+00,-5.705750000000000099e+00,-5.725760000000000183e+00,-5.745759999999999756e+00,-5.765769999999999840e+00,-5.785779999999999923e+00,-5.805780000000000385e+00,-5.825789999999999580e+00,-5.845790000000000042e+00,-5.865800000000000125e+00,-5.885810000000000208e+00,-5.905809999999999782e+00,-5.943810000000000038e+00,-5.999789999999999957e+00,-6.055769999999999875e+00,-6.111749999999999794e+00,-6.167729999999999713e+00,-6.223709999999999631e+00,-6.279690000000000438e+00,-6.335679999999999978e+00,-6.391659999999999897e+00,-6.447639999999999816e+00,-6.503619999999999735e+00,-6.559599999999999653e+00,-6.615579999999999572e+00
Zavg,4.002200000000000202e-01,3.809799999999999853e-01,3.617500000000000160e-01,3.425099999999999811e-01,3.232800000000000118e-01,3.040399999999999769e-01,2.848100000000000076e-01,2.655699999999999728e-01,2.463400000000000034e-01,2.270999999999999963e-01,2.078699999999999992e-01,1.886299999999999921e-01,1.719700000000000117e-01,1.623499999999999943e-01,1.349299999999999944e-01,8.523999999999999633e-02,3.556000000000000133e-02,-1.413000000000000020e-02,-6.382000000000000173e-02,-1.135000000000000037e-01,-1.631900000000000017e-01,-2.128700000000000037e-01,-2.625600000000000156e-01,-3.122400000000000175e-01,-3.619299999999999740e-01,-4.116099999999999759e-01,-4.612999999999999878e-01,4.002200000000000202e-01,3.809799999999999853e-01,3.617500000000000160e-01,3.425099999999999811e-01,3.232800000000000118e-01,3.040399999999999769e-01,2.848100000000000076e-01,2.655699999999999728e-01,2.463400000000000034e-01,2.270999999999999963e-01,2.078699999999999992e-01,1.886299999999999921e-01,1.719700000000000117e-01,1.623499999999999943e-01,1.349299999999999944e-01,8.523999999999999633e-02,3.556000000000000133e-02,-1.413000000000000020e-02,-6.382000000000000173e-02,-1.135000000000000037e-01,-1.631900000000000017e-01,-2.128700000000000037e-01,-2.625600000000000156e-01,-3.122400000000000175e-01,-3.619299999999999740e-01,-4.116099999999999759e-01,-4.612999999999999878e-01,6.723999999999999422e-02,3.778999999999999720e-02,8.340000000000000191e-03,-2.111000000000000029e-02,-5.056999999999999690e-02,-8.001999999999999391e-02,-1.094699999999999979e-01,-1.389199999999999879e-01,-1.683699999999999919e-01,-1.978300000000000058e-01,-2.272800000000000098e-01,-2.567300000000000137e-01,-2.861799999999999899e-01,6.723999999999999422e-02,3.778999999999999720e-02,8.340000000000000191e-03,-2.111000000000000029e-02,-5.056999999999999690e-02,-8.001999999999999391e-02,-1.094699999999999979e-01,-1.389199999999999879e-01,-1.683699999999999919e-01,-1.978300000000000058e-01,-2.272800000000000098e-01,-2.567300000000000137e-01,-2.861799999999999899e-01,9.517000000000000459e-02,2.855199999999999960e-01,4.758600000000000052e-01,6.662000000000000144e-01,8.565500000000000336e-01,1.046890000000000098e+00,1.237230000000000052e+00,1.427580000000000071e+00,1.617920000000000025e+00,1.808259999999999978e+00,1.998609999999999998e+00,2.188950000000000173e+00,2.379290000000000127e+00,2.740779999999999994e+00,3.273410000000000153e+00,3.806029999999999802e+00,4.338659999999999961e+00,4.871290000000000120e+00,5.403920000000000279e+00,5.936550000000000438e+00,6.469170000000000087e+00,7.001800000000000246e+00,7.534430000000000405e+00,8.067059999999999675e+00,8.599679999999999325e+00,9.132310000000000372e+00,9.517000000000000459e-02,2.855199999999999960e-01,4.758600000000000052e-01,6.662000000000000144e-01,8.565500000000000336e-01,1.046890000000000098e+00,1.237230000000000052e+00,1.427580000000000071e+00,1.617920000000000025e+00,1.808259999999999978e+00,1.998609999999999998e+00,2.188950000000000173e+00,2.379290000000000127e+00,2.740779999999999994e+00,3.273410000000000153e+00,3.806029999999999802e+00,4.338659999999999961e+00,4.871290000000000120e+00,5.403920000000000279e+00,5.936550000000000438e+00,6.469170000000000087e+00,7.001800000000000246e+00,7.534430000000000405e+00,8.067059999999999675e+00,8.599679999999999325e+00,9.132310000000000372e+00
cd,6.369999999999999794e-03,8.089999999999999969e-03,9.129999999999999227e-03,1.003000000000000072e-02,1.088000000000000078e-02,1.171999999999999952e-02,1.256999999999999958e-02,1.345000000000000015e-02,1.439000000000000001e-02,1.540000000000000049e-02,1.650000000000000078e-02,1.769000000000000086e-02,2.132999999999999827e-02,1.456999999999999962e-02,2.238000000000000059e-02,2.377999999999999906e-02,2.509000000000000119e-02,2.659999999999999865e-02,2.810999999999999957e-02,2.932999999999999843e-02,3.153000000000000247e-02,3.259000000000000091e-02,3.490000000000000047e-02,3.565999999999999726e-02,3.712000000000000022e-02,3.359000000000000180e-02,2.644000000000000170e-02,6.369999999999999794e-03,8.089999999999999969e-03,9.129999999999999227e-03,1.003000000000000072e-02,1.088000000000000078e-02,1.171999999999999952e-02,1.256999999999999958e-02,1.345000000000000015e-02,1.439000000000000001e-02,1.540000000000000049e-02,1.650000000000000078e-02,1.768000000000000127e-02,2.193000000000000158e-02,1.617999999999999994e-02,2.232999999999999916e-02,2.377999999999999906e-02,2.509000000000000119e-02,2.659999999999999865e-02,2.810999999999999957e-02,2.932999999999999843e-02,3.153000000000000247e-02,3.259000000000000091e-02,3.490000000000000047e-02,3.565999999999999726e-02,3.712000000000000022e-02,3.359000000000000180e-02,2.644000000000000170e-02,9.440000000000000474e-03,1.200000000000000025e-02,1.379999999999999977e-02,1.529999999999999936e-02,1.669999999999999957e-02,1.794000000000000108e-02,1.883999999999999911e-02,1.995999999999999858e-02,2.085000000000000048e-02,2.128000000000000030e-02,2.080999999999999864e-02,1.846000000000000071e-02,1.434999999999999991e-02,9.199999999999999845e-03,1.183000000000000024e-02,1.359999999999999924e-02,1.507000000000000006e-02,1.648000000000000159e-02,1.769000000000000086e-02,1.864999999999999991e-02,1.970999999999999835e-02,2.044999999999999943e-02,2.088999999999999885e-02,2.048000000000000168e-02,1.814999999999999947e-02,1.435999999999999950e-02,4.700000000000000185e-03,4.830000000000000092e-03,4.870000000000000197e-03,4.890000000000000249e-03,4.899999999999999842e-03,4.930000000000000354e-03,4.939999999999999947e-03,4.959999999999999999e-03,4.980000000000000052e-03,4.989999999999999644e-03,5.009999999999999697e-03,5.029999999999999749e-03,5.040000000000000209e-03,5.100000000000000366e-03,5.130000000000000011e-03,5.170000000000000116e-03,5.139999999999999604e-03,5.210000000000000221e-03,5.080000000000000314e-03,5.130000000000000011e-03,5.190000000000000169e-03,5.300000000000000024e-03,5.360000000000000181e-03,5.539999999999999786e-03,5.680000000000000153e-03,6.089999999999999927e-03,4.660000000000000080e-03,4.830000000000000092e-03,4.870000000000000197e-03,4.879999999999999789e-03,4.899999999999999842e-03,4.910000000000000302e-03,4.930000000000000354e-03,4.939999999999999947e-03,4.959999999999999999e-03,4.980000000000000052e-03,5.000000000000000104e-03,5.020000000000000157e-03,5.040000000000000209e-03,5.080000000000000314e-03,5.109999999999999959e-03,5.150000000000000064e-03,5.139999999999999604e-03,5.179999999999999709e-03,5.100000000000000366e-03,5.139999999999999604e-03,5.190000000000000169e-03,5.300000000000000024e-03,5.360000000000000181e-03,5.539999999999999786e-03,5.680000000000000153e-03,6.089999999999999927e-03
cd*c/cref,1.534449900496707465e-02,1.867127418415390205e-02,2.015009479508793333e-02,2.112413874642030814e-02,2.181625977640073294e-02,2.231776643422265713e-02,2.266775289206724234e-02,2.289723934991182500e-02,2.304518675878136982e-02,2.310843415794327713e-02,2.309377983076350838e-02,2.297397412105425113e-02,2.554996278738654383e-02,1.037373769152361534e-02,2.505950232174349035e-02,2.531527145792547909e-02,2.532572998204087045e-02,2.538254226867506930e-02,2.527278061546426799e-02,2.475169268044072335e-02,2.486899608458589123e-02,2.390730414839743051e-02,2.367671404533466806e-02,2.222520303525490210e-02,2.108753765754688148e-02,1.722925646771401170e-02,1.210329318685585999e-02,1.534449900496707465e-02,1.867127418415390205e-02,2.015009479508793333e-02,2.112413874642030814e-02,2.181625977640073294e-02,2.231776643422265713e-02,2.266775289206724234e-02,2.289723934991182500e-02,2.304518675878136982e-02,2.310843415794327713e-02,2.309377983076350838e-02,2.296098713737926289e-02,2.626866778843820957e-02,1.152004638633164629e-02,2.500351594479589476e-02,2.531527145792547909e-02,2.532572998204087045e-02,2.538254226867506930e-02,2.527278061546426799e-02,2.475169268044072335e-02,2.486899608458589123e-02,2.390730414839743051e-02,2.367671404533466806e-02,2.222520303525490210e-02,2.108753765754688148e-02,1.722925646771401170e-02,1.210329318685585999e-02,6.101466953581310103e-03,7.436623683401556544e-03,8.184717103240733010e-03,8.667025336935946234e-03,9.015479071949779322e-03,9.207271716795834005e-03,9.167593929490187865e-03,9.181189865225621374e-03,9.035477898943485714e-03,8.655279434368275820e-03,7.910086147200155043e-03,6.525363745206853860e-03,4.690490680667239003e-03,5.946344912388564982e-03,7.331271514553367244e-03,8.066098014787968437e-03,8.536736720759784819e-03,8.896712281780381343e-03,9.078965254744608693e-03,9.075139425954989458e-03,9.066195002184218935e-03,8.862135397285097332e-03,8.496653542479007740e-03,7.784649894024949814e-03,6.415782880579869521e-03,4.693759315287912570e-03,6.546567621790411358e-03,6.474123966541006983e-03,6.288435662627210251e-03,6.073977809956801650e-03,5.845624605627194013e-03,5.639165588040190129e-03,5.407864125422687067e-03,5.186031614542042055e-03,4.962237594447231441e-03,4.727005112689500362e-03,4.499771457925476684e-03,4.270572297636190257e-03,4.031404727619849505e-03,3.836638730240911430e-03,3.622905318167845418e-03,3.413009707638293717e-03,3.156442506512206932e-03,2.959442182924263906e-03,2.651599398126426067e-03,2.441395942207193626e-03,2.230884640898280445e-03,2.034034818062679332e-03,1.810165321080136735e-03,1.615766854886986972e-03,1.394962124031258596e-03,1.215132703415470680e-03,6.490852152668790884e-03,6.474123966541006983e-03,6.288435662627210251e-03,6.061556587441552062e-03,5.845624605627194013e-03,5.616288648534956303e-03,5.396917032051386925e-03,5.165120196741469945e-03,4.942308929409290272e-03,4.717532156551846982e-03,4.490789878169139208e-03,4.262082094261167818e-03,4.031404727619849505e-03,3.821593088161535229e-03,3.608780930962512609e-03,3.399806575307004735e-03,3.156442506512206932e-03,2.942401249049459745e-03,2.662038765835585304e-03,2.446154998624751331e-03,2.230884640898280445e-03,2.034034818062679332e-03,1.810165321080136735e-03,1.615766854886986972e-03,1.394962124031258596e-03,1.215132703415470680e-03
cdi,1.740000000000000010e-03,3.419999999999999863e-03,4.429999999999999910e-03,5.300000000000000024e-03,6.109999999999999980e-03,6.919999999999999936e-03,7.720000000000000299e-03,8.559999999999999901e-03,9.450000000000000067e-03,1.041000000000000085e-02,1.144000000000000052e-02,1.256999999999999958e-02,1.612999999999999851e-02,8.569999999999999493e-03,1.705999999999999878e-02,1.839000000000000010e-02,1.961999999999999855e-02,2.104999999999999927e-02,2.246000000000000080e-02,2.360999999999999904e-02,2.566999999999999837e-02,2.664000000000000049e-02,2.879999999999999921e-02,2.946999999999999967e-02,3.081000000000000058e-02,2.736999999999999850e-02,2.041000000000000106e-02,1.740000000000000010e-03,3.419999999999999863e-03,4.429999999999999910e-03,5.300000000000000024e-03,6.109999999999999980e-03,6.919999999999999936e-03,7.720000000000000299e-03,8.559999999999999901e-03,9.450000000000000067e-03,1.041000000000000085e-02,1.144000000000000052e-02,1.255999999999999998e-02,1.672999999999999834e-02,1.021000000000000033e-02,1.701000000000000081e-02,1.839000000000000010e-02,1.961999999999999855e-02,2.104999999999999927e-02,2.246000000000000080e-02,2.360999999999999904e-02,2.566999999999999837e-02,2.664000000000000049e-02,2.879999999999999921e-02,2.946999999999999967e-02,3.081000000000000058e-02,2.736999999999999850e-02,2.041000000000000106e-02,3.969999999999999571e-03,6.490000000000000109e-03,8.229999999999999469e-03,9.679999999999999369e-03,1.102000000000000028e-02,1.220000000000000077e-02,1.305000000000000084e-02,1.410999999999999928e-02,1.494000000000000015e-02,1.529999999999999936e-02,1.480000000000000066e-02,1.243999999999999967e-02,8.340000000000000191e-03,3.739999999999999835e-03,6.320000000000000097e-03,8.030000000000000679e-03,9.459999999999999659e-03,1.081000000000000016e-02,1.196000000000000014e-02,1.285999999999999990e-02,1.387000000000000038e-02,1.454000000000000084e-02,1.491999999999999924e-02,1.447000000000000022e-02,1.213999999999999975e-02,8.340000000000000191e-03,-2.500000000000000052e-04,-1.499999999999999869e-04,-1.299999999999999886e-04,-1.399999999999999877e-04,-1.399999999999999877e-04,-1.499999999999999869e-04,-1.600000000000000131e-04,-1.700000000000000122e-04,-1.900000000000000105e-04,-2.000000000000000096e-04,-2.200000000000000078e-04,-2.400000000000000061e-04,-2.700000000000000035e-04,-2.500000000000000052e-04,-2.700000000000000035e-04,-2.799999999999999755e-04,-3.499999999999999964e-04,-3.400000000000000244e-04,-5.500000000000000331e-04,-5.699999999999999772e-04,-5.800000000000000034e-04,-5.500000000000000331e-04,-5.900000000000000296e-04,-5.299999999999999807e-04,-5.199999999999999544e-04,-2.700000000000000035e-04,-2.900000000000000017e-04,-1.399999999999999877e-04,-1.299999999999999886e-04,-1.399999999999999877e-04,-1.499999999999999869e-04,-1.600000000000000131e-04,-1.800000000000000113e-04,-1.900000000000000105e-04,-2.000000000000000096e-04,-2.200000000000000078e-04,-2.300000000000000070e-04,-2.500000000000000052e-04,-2.700000000000000035e-04,-2.700000000000000035e-04,-2.799999999999999755e-04,-2.999999999999999737e-04,-3.600000000000000227e-04,-3.699999999999999947e-04,-5.199999999999999544e-04,-5.599999999999999509e-04,-5.800000000000000034e-04,-5.500000000000000331e-04,-5.900000000000000296e-04,-5.299999999999999807e-04,-5.199999999999999544e-04,-2.700000000000000035e-04
cdi*c/cref,4.191433009206077358e-03,7.893171533968644515e-03,9.777099665086479846e-03,1.116230661575549725e-02,1.225159441487210302e-02,1.317738427686184280e-02,1.392164298542236493e-02,1.457251812901451393e-02,1.513391347258401243e-02,1.562070127170061933e-02,1.601168734932936419e-02,1.632463847946025517e-02,1.932118611160548241e-02,6.101779822673807432e-03,1.910255181451938830e-02,1.957728520232336275e-02,1.980433727571310684e-02,2.008656070509812902e-02,2.019305060915430397e-02,1.992456407041273345e-02,2.024697524552235284e-02,1.954251557266976219e-02,1.953837720646528497e-02,1.836726678207969976e-02,1.750288349216108652e-02,1.403884339152523114e-02,9.342973295904995895e-03,4.191433009206077358e-03,7.893171533968644515e-03,9.777099665086479846e-03,1.116230661575549725e-02,1.225159441487210302e-02,1.317738427686184280e-02,1.392164298542236493e-02,1.457251812901451393e-02,1.513391347258401243e-02,1.562070127170061933e-02,1.601168734932936419e-02,1.631165149578526694e-02,2.003989111265714468e-02,7.269448306826089244e-03,1.904656543757179618e-02,1.957728520232336275e-02,1.980433727571310684e-02,2.008656070509812902e-02,2.019305060915430397e-02,1.992456407041273345e-02,2.024697524552235284e-02,1.954251557266976219e-02,1.953837720646528497e-02,1.836726678207969976e-02,1.750288349216108652e-02,1.403884339152523114e-02,9.342973295904995895e-03,2.565977098063326224e-03,4.021973975439675081e-03,4.881175489831249097e-03,5.483451324283657516e-03,5.949136489394405043e-03,6.261355348099731030e-03,6.350164584917566794e-03,6.490310070056790233e-03,6.474342436940799632e-03,6.223015758732830180e-03,5.625625899978967635e-03,4.397374051482841328e-03,2.726041273642144328e-03,2.417318475253611969e-03,3.916621806591486649e-03,4.762556401378485391e-03,5.358827430549937751e-03,5.835768189687251875e-03,6.138181144530555425e-03,6.257710081382367520e-03,6.379915001537043821e-03,6.300999935282411250e-03,6.068457197404824449e-03,5.500189646803760671e-03,4.291328053456728263e-03,2.726041273642144328e-03,-3.482216820101282891e-04,-2.010597505136958285e-04,-1.678637856553464463e-04,-1.738971152134871395e-04,-1.670178458750626652e-04,-1.715770462892552393e-04,-1.751534939408157883e-04,-1.777470513048684119e-04,-1.893223178604365269e-04,-1.894591227530862093e-04,-1.975947546394421278e-04,-2.037648810005339417e-04,-2.159681104082062080e-04,-1.880705259922015428e-04,-1.906792272719918841e-04,-1.848438526380507044e-04,-2.149328555018039820e-04,-1.931305839144433433e-04,-2.870826120018768295e-04,-2.712662158007992557e-04,-2.493088808710987249e-04,-2.110790848932969036e-04,-1.992532722830747606e-04,-1.545769734819680695e-04,-1.277078000873687420e-04,-5.387287847654797010e-05,-4.039371511317487633e-04,-1.876557671461161138e-04,-1.678637856553464463e-04,-1.738971152134871395e-04,-1.789476920089957263e-04,-1.830155160418722878e-04,-1.970476806834177788e-04,-1.986584691054411455e-04,-1.992866503794068675e-04,-2.084050350283948383e-04,-2.065763343957804162e-04,-2.122550843755561904e-04,-2.159681104082062080e-04,-2.031161680715776630e-04,-1.977414208746582341e-04,-1.980469849693400385e-04,-2.210737942304269660e-04,-2.101715177892471518e-04,-2.714235604381380835e-04,-2.665071593832413883e-04,-2.493088808710987249e-04,-2.110790848932969036e-04,-1.992532722830747606e-04,-1.545769734819680695e-04,-1.277078000873687420e-04,-5.387287847654797010e-05
cdo,4.640000000000000027e-03,4.669999999999999672e-03,4.700000000000000185e-03,4.729999999999999830e-03,4.769999999999999934e-03,4.810000000000000039e-03,4.850000000000000144e-03,4.890000000000000249e-03,4.939999999999999947e-03,5.000000000000000104e-03,5.060000000000000261e-03,5.130000000000000011e-03,5.199999999999999761e-03,6.000000000000000125e-03,5.320000000000000076e-03,5.400000000000000286e-03,5.470000000000000036e-03,5.550000000000000246e-03,5.640000000000000048e-03,5.729999999999999850e-03,5.859999999999999758e-03,5.950000000000000427e-03,6.100000000000000387e-03,6.190000000000000190e-03,6.320000000000000097e-03,6.230000000000000294e-03,6.029999999999999770e-03,4.640000000000000027e-03,4.669999999999999672e-03,4.700000000000000185e-03,4.729999999999999830e-03,4.769999999999999934e-03,4.810000000000000039e-03,4.850000000000000144e-03,4.890000000000000249e-03,4.939999999999999947e-03,5.000000000000000104e-03,5.060000000000000261e-03,5.130000000000000011e-03,5.199999999999999761e-03,5.969999999999999613e-03,5.320000000000000076e-03,5.400000000000000286e-03,5.470000000000000036e-03,5.550000000000000246e-03,5.640000000000000048e-03,5.729999999999999850e-03,5.859999999999999758e-03,5.950000000000000427e-03,6.100000000000000387e-03,6.190000000000000190e-03,6.320000000000000097e-03,6.230000000000000294e-03,6.029999999999999770e-03,5.470000000000000036e-03,5.510000000000000141e-03,5.570000000000000298e-03,5.619999999999999996e-03,5.680000000000000153e-03,5.729999999999999850e-03,5.790000000000000008e-03,5.850000000000000165e-03,5.919999999999999915e-03,5.980000000000000072e-03,6.009999999999999717e-03,6.020000000000000177e-03,6.020000000000000177e-03,5.459999999999999576e-03,5.510000000000000141e-03,5.559999999999999838e-03,5.619999999999999996e-03,5.669999999999999693e-03,5.729999999999999850e-03,5.790000000000000008e-03,5.850000000000000165e-03,5.910000000000000323e-03,5.969999999999999613e-03,6.009999999999999717e-03,6.009999999999999717e-03,6.020000000000000177e-03,4.950000000000000407e-03,4.980000000000000052e-03,5.000000000000000104e-03,5.020000000000000157e-03,5.049999999999999802e-03,5.069999999999999854e-03,5.100000000000000366e-03,5.130000000000000011e-03,5.159999999999999656e-03,5.199999999999999761e-03,5.230000000000000274e-03,5.270000000000000379e-03,5.309999999999999616e-03,5.349999999999999721e-03,5.389999999999999826e-03,5.440000000000000391e-03,5.499999999999999681e-03,5.550000000000000246e-03,5.629999999999999588e-03,5.700000000000000205e-03,5.769999999999999955e-03,5.859999999999999758e-03,5.960000000000000020e-03,6.069999999999999875e-03,6.210000000000000242e-03,6.369999999999999794e-03,4.950000000000000407e-03,4.980000000000000052e-03,5.000000000000000104e-03,5.020000000000000157e-03,5.049999999999999802e-03,5.069999999999999854e-03,5.100000000000000366e-03,5.130000000000000011e-03,5.159999999999999656e-03,5.199999999999999761e-03,5.230000000000000274e-03,5.270000000000000379e-03,5.309999999999999616e-03,5.349999999999999721e-03,5.400000000000000286e-03,5.440000000000000391e-03,5.499999999999999681e-03,5.550000000000000246e-03,5.629999999999999588e-03,5.700000000000000205e-03,5.769999999999999955e-03,5.859999999999999758e-03,5.960000000000000020e-03,6.069999999999999875e-03,6.210000000000000242e-03,6.369999999999999794e-03
cdo*c/cref,1.117715469121620571e-02,1.077810265018525580e-02,1.037299513000145695e-02,9.961832130664810894e-03,9.564665361528629922e-03,9.159424620188651514e-03,8.746109906644879139e-03,8.324721220897311064e-03,7.911273286197357396e-03,7.502738362968596267e-03,7.082092481434142453e-03,6.662322625268982459e-03,6.228776675781060555e-03,4.271957868849807043e-03,5.956950507224100314e-03,5.748631870176518222e-03,5.521392706327762738e-03,5.295981563576941144e-03,5.070739333732425698e-03,4.835567646059506924e-03,4.622020839063536654e-03,4.364788575727668318e-03,4.138336838869383950e-03,3.857936253175206671e-03,3.590335075315094493e-03,3.195542357661753513e-03,2.760319890950863227e-03,1.117715469121620571e-02,1.077810265018525580e-02,1.037299513000145695e-02,9.961832130664810894e-03,9.564665361528629922e-03,9.159424620188651514e-03,8.746109906644879139e-03,8.324721220897311064e-03,7.911273286197357396e-03,7.502738362968596267e-03,7.082092481434142453e-03,6.662322625268982459e-03,6.228776675781060555e-03,4.250598079505557916e-03,5.956950507224100314e-03,5.748631870176518222e-03,5.521392706327762738e-03,5.295981563576941144e-03,5.070739333732425698e-03,4.835567646059506924e-03,4.622020839063536654e-03,4.364788575727668318e-03,4.138336838869383950e-03,3.857936253175206671e-03,3.590335075315094493e-03,3.195542357661753513e-03,2.760319890950863227e-03,3.535489855517983879e-03,3.414649707961881463e-03,3.303541613409484781e-03,3.183574012652288718e-03,3.066342582555373845e-03,2.940784110214053702e-03,2.817429344572621504e-03,2.690879795168832442e-03,2.565469024544145271e-03,2.432263675635446074e-03,2.284460247221188709e-03,2.127989693724012098e-03,1.967718041645768676e-03,3.529026437134952145e-03,3.414649707961881463e-03,3.297610658986846292e-03,3.183574012652288718e-03,3.060944092093128600e-03,2.940784110214053702e-03,2.817429344572621504e-03,2.690879795168832442e-03,2.561135462002685648e-03,2.428196345074182423e-03,2.284460247221188709e-03,2.124454827123141258e-03,1.967718041645768676e-03,6.894789303800540406e-03,6.675183717054702405e-03,6.456299448282556454e-03,6.235453702655039364e-03,6.024572297636189740e-03,5.799304164576827778e-03,5.583017619363503208e-03,5.363778665846911063e-03,5.141595579788696760e-03,4.925937191580241278e-03,4.697366212564919354e-03,4.474337178636724442e-03,4.247372838028055063e-03,4.024709256233112431e-03,3.806522351837171060e-03,3.591251994110700174e-03,3.377516300742634033e-03,3.152572766838707304e-03,2.938682010128302463e-03,2.712662158007992774e-03,2.480193521769378899e-03,2.248951704499490330e-03,2.012795767469704056e-03,1.770343828368954988e-03,1.525125843351076696e-03,1.271000873687446386e-03,6.894789303800540406e-03,6.675183717054702405e-03,6.456299448282556454e-03,6.235453702655039364e-03,6.024572297636189740e-03,5.799304164576827778e-03,5.583017619363503208e-03,5.363778665846911063e-03,5.141595579788696760e-03,4.925937191580241278e-03,4.697366212564919354e-03,4.474337178636724442e-03,4.247372838028055063e-03,4.024709256233112431e-03,3.813584545439837464e-03,3.591251994110700174e-03,3.377516300742634033e-03,3.152572766838707304e-03,2.938682010128302463e-03,2.712662158007992774e-03,2.480193521769378899e-03,2.248951704499490330e-03,2.012795767469704056e-03,1.770343828368954988e-03,1.525125843351076696e-03,1.271000873687446386e-03
cl,1.943999999999999895e-02,3.869999999999999829e-02,5.020999999999999769e-02,6.017999999999999738e-02,6.948000000000000009e-02,7.864000000000000157e-02,8.785999999999999366e-02,9.740999999999999659e-02,1.075600000000000028e-01,1.184999999999999942e-01,1.303300000000000014e-01,1.431699999999999917e-01,1.839300000000000102e-01,9.746000000000000496e-02,1.945099999999999885e-01,2.096899999999999875e-01,2.237899999999999889e-01,2.401200000000000001e-01,2.562699999999999978e-01,2.693300000000000138e-01,2.929100000000000037e-01,3.039999999999999925e-01,3.287100000000000022e-01,3.362800000000000233e-01,3.515599999999999836e-01,3.122900000000000120e-01,2.327899999999999969e-01,1.943999999999999895e-02,3.869999999999999829e-02,5.020999999999999769e-02,6.017999999999999738e-02,6.948000000000000009e-02,7.864000000000000157e-02,8.785999999999999366e-02,9.740999999999999659e-02,1.075600000000000028e-01,1.184999999999999942e-01,1.303300000000000014e-01,1.431000000000000050e-01,1.907500000000000029e-01,1.161500000000000032e-01,1.939200000000000090e-01,2.096899999999999875e-01,2.237899999999999889e-01,2.401200000000000001e-01,2.562699999999999978e-01,2.693300000000000138e-01,2.929100000000000037e-01,3.039999999999999925e-01,3.287100000000000022e-01,3.362800000000000233e-01,3.515599999999999836e-01,3.122900000000000120e-01,2.327899999999999969e-01,4.494999999999999690e-02,7.369000000000000550e-02,9.360999999999999877e-02,1.101099999999999995e-01,1.255100000000000104e-01,1.389799999999999924e-01,1.486999999999999988e-01,1.607599999999999862e-01,1.701999999999999902e-01,1.743699999999999972e-01,1.685899999999999899e-01,1.416699999999999904e-01,9.475000000000000089e-02,4.225000000000000283e-02,7.172000000000000597e-02,9.132999999999999452e-02,1.076199999999999934e-01,1.230500000000000066e-01,1.362500000000000100e-01,1.465100000000000013e-01,1.579699999999999993e-01,1.656900000000000039e-01,1.700200000000000045e-01,1.649200000000000110e-01,1.381799999999999973e-01,9.478000000000000314e-02,-3.259999999999999877e-03,-2.119999999999999923e-03,-1.879999999999999944e-03,-2.010000000000000068e-03,-2.089999999999999844e-03,-2.129999999999999949e-03,-2.330000000000000040e-03,-2.390000000000000197e-03,-2.589999999999999854e-03,-2.789999999999999945e-03,-2.969999999999999984e-03,-3.170000000000000075e-03,-3.500000000000000073e-03,-3.330000000000000061e-03,-3.540000000000000178e-03,-3.619999999999999954e-03,-4.510000000000000120e-03,-4.360000000000000160e-03,-6.799999999999999621e-03,-6.969999999999999633e-03,-7.119999999999999593e-03,-6.830000000000000134e-03,-7.309999999999999658e-03,-6.570000000000000319e-03,-6.539999999999999807e-03,-3.700000000000000164e-03,-3.789999999999999966e-03,-2.050000000000000173e-03,-1.930000000000000075e-03,-2.030000000000000120e-03,-2.170000000000000054e-03,-2.330000000000000040e-03,-2.480000000000000000e-03,-2.599999999999999881e-03,-2.759999999999999867e-03,-2.929999999999999879e-03,-3.089999999999999865e-03,-3.299999999999999982e-03,-3.599999999999999901e-03,-3.579999999999999849e-03,-3.720000000000000216e-03,-3.870000000000000176e-03,-4.599999999999999922e-03,-4.749999999999999882e-03,-6.479999999999999649e-03,-6.870000000000000238e-03,-7.119999999999999593e-03,-6.830000000000000134e-03,-7.309999999999999658e-03,-6.570000000000000319e-03,-6.539999999999999807e-03,-3.700000000000000164e-03
cl*c/cref,4.682842396492306603e-02,8.931746735806625481e-02,1.108144862717815177e-01,1.267448324785218350e-01,1.393192765867943828e-01,1.497499276780946964e-01,1.584398384325400033e-01,1.658304895966476455e-01,1.722543632921837431e-01,1.778148992023557140e-01,1.824128682026307791e-01,1.859346452748070477e-01,2.203190180723866576e-01,6.939083564968370754e-02,2.177982036015337908e-01,2.232278920106136877e-01,2.258925911789926855e-01,2.291299266749720898e-01,2.304039661446114495e-01,2.272885574368599115e-01,2.310300552850000910e-01,2.230076852136489152e-01,2.230020823450418188e-01,2.095875287912372376e-01,1.997180694743314056e-01,1.601823311194524868e-01,1.065629962544695775e-01,4.682842396492306603e-02,8.931746735806625481e-02,1.108144862717815177e-01,1.267448324785218350e-01,1.393192765867943828e-01,1.497499276780946964e-01,1.584398384325400033e-01,1.658304895966476455e-01,1.722543632921837431e-01,1.778148992023557140e-01,1.824128682026307791e-01,1.858437363890821648e-01,2.284882982510071936e-01,8.269798441115085164e-02,2.171375643535521927e-01,2.232278920106136877e-01,2.258925911789926855e-01,2.291299266749720898e-01,2.304039661446114495e-01,2.272885574368599115e-01,2.310300552850000910e-01,2.230076852136489152e-01,2.230020823450418188e-01,2.095875287912372376e-01,1.997180694743314056e-01,1.601823311194524868e-01,1.065629962544695775e-01,2.905306563172456100e-02,4.566706660248839172e-02,5.551966435031630703e-02,6.237425881372660880e-02,6.775645379164173254e-02,7.132812838351643148e-02,7.235781408254728098e-02,7.394629673014384286e-02,7.375723445564418002e-02,7.092204299674793877e-02,6.408272097820634505e-02,5.007845513453168529e-02,3.097031303088647325e-02,2.730794266830618294e-02,4.444622088112996916e-02,5.416740674195479055e-02,6.096374292555859636e-02,6.642842513792936165e-02,6.992702181791707328e-02,7.129215427864157850e-02,7.266295405860179191e-02,7.180279774944585414e-02,6.915275420259842099e-02,6.268771779895482288e-02,4.884478669082789604e-02,3.098011893474849482e-02,-4.540810733412072552e-03,-2.841644473926901136e-03,-2.427568592554241091e-03,-2.496665725565065403e-03,-2.493337841992006917e-03,-2.436394057307424577e-03,-2.550672755513129844e-03,-2.498914427168443930e-03,-2.580762122413318965e-03,-2.642954762405552629e-03,-2.667529187632468671e-03,-2.691394469882052269e-03,-2.799586616402673003e-03,-2.505099406216124321e-03,-2.500016535343893651e-03,-2.389766951963370311e-03,-2.769563366608959829e-03,-2.476615723138155846e-03,-3.549385021114113449e-03,-3.317062323037843399e-03,-3.060481434141763650e-03,-2.621218454220395917e-03,-2.468714271846231181e-03,-1.916171161842510030e-03,-1.606171178021906882e-03,-7.382579643082499803e-04,-5.279040699273544052e-03,-2.747816590353843649e-03,-2.492131587037066821e-03,-2.521508170595563713e-03,-2.588776611063471622e-03,-2.665163452359765005e-03,-2.714879156082644542e-03,-2.718484314074457592e-03,-2.750155775235814566e-03,-2.775576148332712951e-03,-2.775308144708527915e-03,-2.801767113757341367e-03,-2.879574805442749585e-03,-2.693169932208325755e-03,-2.627136020191888060e-03,-2.554806106104486919e-03,-2.824831815166566496e-03,-2.698147863510605166e-03,-3.382355137767566969e-03,-3.269471758862265050e-03,-3.060481434141763650e-03,-2.621218454220395917e-03,-2.468714271846231181e-03,-1.916171161842510030e-03,-1.606171178021906882e-03,-7.382579643082499803e-04
cli,1.984000000000000000e-02,3.910999999999999893e-02,5.063000000000000139e-02,6.058999999999999803e-02,6.988999999999999380e-02,7.906000000000000527e-02,8.827999999999999736e-02,9.783999999999999642e-02,1.079999999999999988e-01,1.189299999999999941e-01,1.307699999999999974e-01,1.436199999999999977e-01,1.843899999999999983e-01,9.798999999999999377e-02,1.949700000000000044e-01,2.101600000000000135e-01,2.242599999999999871e-01,2.406099999999999905e-01,2.567699999999999982e-01,2.698300000000000143e-01,2.934200000000000141e-01,3.045200000000000129e-01,3.292399999999999771e-01,3.368200000000000083e-01,3.521099999999999786e-01,3.128400000000000070e-01,2.333199999999999996e-01,1.984000000000000000e-02,3.910999999999999893e-02,5.063000000000000139e-02,6.058999999999999803e-02,6.988999999999999380e-02,7.906000000000000527e-02,8.827999999999999736e-02,9.783999999999999642e-02,1.079999999999999988e-01,1.189299999999999941e-01,1.307699999999999974e-01,1.435500000000000109e-01,1.912000000000000088e-01,1.166699999999999959e-01,1.943799999999999972e-01,2.101600000000000135e-01,2.242599999999999871e-01,2.406099999999999905e-01,2.567699999999999982e-01,2.698300000000000143e-01,2.934200000000000141e-01,3.045200000000000129e-01,3.292399999999999771e-01,3.368200000000000083e-01,3.521099999999999786e-01,3.128400000000000070e-01,2.333199999999999996e-01,4.542999999999999816e-02,7.416999999999999982e-02,9.410000000000000309e-02,1.106000000000000039e-01,1.260100000000000109e-01,1.394799999999999929e-01,1.491999999999999993e-01,1.612699999999999967e-01,1.707100000000000006e-01,1.748899999999999899e-01,1.691100000000000103e-01,1.421999999999999931e-01,9.528000000000000358e-02,4.272999999999999715e-02,7.220000000000000029e-02,9.181999999999999884e-02,1.081099999999999978e-01,1.235499999999999932e-01,1.367500000000000104e-01,1.470200000000000118e-01,1.584800000000000098e-01,1.662099999999999966e-01,1.705399999999999971e-01,1.654400000000000037e-01,1.386999999999999900e-01,9.531000000000000583e-02,-2.830000000000000050e-03,-1.680000000000000070e-03,-1.440000000000000091e-03,-1.569999999999999998e-03,-1.649999999999999991e-03,-1.680000000000000070e-03,-1.879999999999999944e-03,-1.940000000000000101e-03,-2.139999999999999975e-03,-2.330000000000000040e-03,-2.510000000000000078e-03,-2.710000000000000169e-03,-3.040000000000000167e-03,-2.870000000000000155e-03,-3.059999999999999786e-03,-3.150000000000000022e-03,-4.029999999999999728e-03,-3.880000000000000202e-03,-6.309999999999999637e-03,-6.470000000000000057e-03,-6.620000000000000016e-03,-6.309999999999999637e-03,-6.790000000000000029e-03,-6.040000000000000230e-03,-6.000000000000000125e-03,-3.139999999999999996e-03,-3.360000000000000139e-03,-1.610000000000000103e-03,-1.490000000000000005e-03,-1.590000000000000050e-03,-1.729999999999999984e-03,-1.879999999999999944e-03,-2.030000000000000120e-03,-2.150000000000000001e-03,-2.309999999999999987e-03,-2.469999999999999973e-03,-2.639999999999999986e-03,-2.840000000000000076e-03,-3.139999999999999996e-03,-3.109999999999999917e-03,-3.239999999999999825e-03,-3.399999999999999811e-03,-4.120000000000000398e-03,-4.270000000000000358e-03,-5.989999999999999665e-03,-6.369999999999999794e-03,-6.620000000000000016e-03,-6.309999999999999637e-03,-6.790000000000000029e-03,-6.040000000000000230e-03,-6.000000000000000125e-03,-3.139999999999999996e-03
cli*c/cref,4.779197178313136091e-02,9.026372476418530189e-02,1.117414347727603841e-01,1.276083316695519887e-01,1.401413966702800551e-01,1.505497111168637991e-01,1.591972335172391617e-01,1.665625202970537344e-01,1.729590111152458642e-01,1.784601347015710160e-01,1.830287023314511319e-01,1.865190595401815254e-01,2.208700252398596020e-01,6.976819192809875780e-02,2.183132782694516827e-01,2.237282358956105555e-01,2.263670070056789663e-01,2.295974998220266239e-01,2.308534997734884575e-01,2.277105092384357765e-01,2.314323130713349941e-01,2.233891457278301684e-01,2.233616427589107667e-01,2.099240854272169665e-01,2.000305195204426789e-01,1.604644416004659679e-01,1.068056114355979275e-01,4.779197178313136091e-02,9.026372476418530189e-02,1.117414347727603841e-01,1.276083316695519887e-01,1.401413966702800551e-01,1.505497111168637991e-01,1.591972335172391617e-01,1.665625202970537344e-01,1.729590111152458642e-01,1.784601347015710160e-01,1.830287023314511319e-01,1.864281506544566425e-01,2.290273270017959550e-01,8.306822075978449738e-02,2.176526390214700568e-01,2.237282358956105555e-01,2.263670070056789663e-01,2.295974998220266239e-01,2.308534997734884575e-01,2.277105092384357765e-01,2.314323130713349941e-01,2.233891457278301684e-01,2.233616427589107667e-01,2.099240854272169665e-01,2.000305195204426789e-01,1.604644416004659679e-01,1.068056114355979275e-01,2.936330971411005297e-02,4.596453154982445277e-02,5.581028111702557998e-02,6.265183021340625658e-02,6.802637831475399910e-02,7.158474130761888210e-02,7.260111540763991567e-02,7.418088625074829856e-02,7.397824614525862208e-02,7.113354418593363648e-02,6.428037810442183142e-02,5.026580306437782031e-02,3.114355066578219922e-02,2.761818675069166798e-02,4.474368582846603021e-02,5.445802350866407043e-02,6.124131432523824414e-02,6.669834966104162821e-02,7.018363474201952390e-02,7.154032163023606172e-02,7.289754357920624761e-02,7.202814300160176320e-02,6.936425539178410482e-02,6.288537492517029537e-02,4.902859975407315718e-02,3.115335656964422079e-02,-3.941869440354651803e-03,-2.251869205753393582e-03,-1.859414241105376321e-03,-1.950131934894105837e-03,-1.968424612098952989e-03,-1.921662918439658941e-03,-2.058053553804585316e-03,-2.028407526655557139e-03,-2.132367159059653499e-03,-2.207198780073454242e-03,-2.254376518840907947e-03,-2.300845114631029208e-03,-2.431640946818321766e-03,-2.159049638390473855e-03,-2.161031242415907550e-03,-2.079493342178070567e-03,-2.474798307635057027e-03,-2.203960781141294477e-03,-3.293620512239713895e-03,-3.079109502159949486e-03,-2.845559985114954563e-03,-2.421652773957642599e-03,-2.293101218308606082e-03,-1.761594188360541798e-03,-1.473551539469639344e-03,-6.265216237642985686e-04,-4.680099406216124171e-03,-2.158041322180335661e-03,-1.923977235588201834e-03,-1.974974379924603930e-03,-2.063863381170417260e-03,-2.150432313491999151e-03,-2.222259954374100448e-03,-2.247977413561570801e-03,-2.301760811882149534e-03,-2.339820166000614564e-03,-2.371137055673305533e-03,-2.411217758506318306e-03,-2.511629135858398348e-03,-2.339597343342986972e-03,-2.288150727263902392e-03,-2.244532496319187175e-03,-2.530066756192664128e-03,-2.425492921513744231e-03,-3.126590628893167415e-03,-3.031518937984370703e-03,-2.845559985114954563e-03,-2.421652773957642599e-03,-2.293101218308606082e-03,-1.761594188360541798e-03,-1.473551539469639344e-03,-6.265216237642985686e-04
clo,-4.099999999999999912e-04,-4.099999999999999912e-04,-4.099999999999999912e-04,-4.099999999999999912e-04,-4.200000000000000174e-04,-4.200000000000000174e-04,-4.200000000000000174e-04,-4.299999999999999894e-04,-4.299999999999999894e-04,-4.400000000000000157e-04,-4.400000000000000157e-04,-4.499999999999999877e-04,-4.499999999999999877e-04,-5.199999999999999544e-04,-4.699999999999999859e-04,-4.699999999999999859e-04,-4.800000000000000122e-04,-4.899999999999999842e-04,-4.899999999999999842e-04,-5.000000000000000104e-04,-5.100000000000000366e-04,-5.199999999999999544e-04,-5.299999999999999807e-04,-5.400000000000000069e-04,-5.500000000000000331e-04,-5.400000000000000069e-04,-5.299999999999999807e-04,-4.099999999999999912e-04,-4.099999999999999912e-04,-4.099999999999999912e-04,-4.099999999999999912e-04,-4.200000000000000174e-04,-4.200000000000000174e-04,-4.200000000000000174e-04,-4.299999999999999894e-04,-4.299999999999999894e-04,-4.400000000000000157e-04,-4.400000000000000157e-04,-4.499999999999999877e-04,-4.499999999999999877e-04,-5.199999999999999544e-04,-4.699999999999999859e-04,-4.699999999999999859e-04,-4.800000000000000122e-04,-4.899999999999999842e-04,-4.899999999999999842e-04,-5.000000000000000104e-04,-5.100000000000000366e-04,-5.199999999999999544e-04,-5.299999999999999807e-04,-5.400000000000000069e-04,-5.500000000000000331e-04,-5.400000000000000069e-04,-5.299999999999999807e-04,-4.800000000000000122e-04,-4.800000000000000122e-04,-4.899999999999999842e-04,-4.899999999999999842e-04,-5.000000000000000104e-04,-5.000000000000000104e-04,-5.100000000000000366e-04,-5.100000000000000366e-04,-5.199999999999999544e-04,-5.199999999999999544e-04,-5.299999999999999807e-04,-5.299999999999999807e-04,-5.299999999999999807e-04,-4.800000000000000122e-04,-4.800000000000000122e-04,-4.899999999999999842e-04,-4.899999999999999842e-04,-5.000000000000000104e-04,-5.000000000000000104e-04,-5.100000000000000366e-04,-5.100000000000000366e-04,-5.199999999999999544e-04,-5.199999999999999544e-04,-5.299999999999999807e-04,-5.299999999999999807e-04,-5.299999999999999807e-04,-4.299999999999999894e-04,-4.400000000000000157e-04,-4.400000000000000157e-04,-4.400000000000000157e-04,-4.400000000000000157e-04,-4.400000000000000157e-04,-4.499999999999999877e-04,-4.499999999999999877e-04,-4.499999999999999877e-04,-4.499999999999999877e-04,-4.600000000000000139e-04,-4.600000000000000139e-04,-4.600000000000000139e-04,-4.699999999999999859e-04,-4.699999999999999859e-04,-4.800000000000000122e-04,-4.800000000000000122e-04,-4.899999999999999842e-04,-4.899999999999999842e-04,-5.000000000000000104e-04,-5.100000000000000366e-04,-5.100000000000000366e-04,-5.199999999999999544e-04,-5.299999999999999807e-04,-5.400000000000000069e-04,-5.599999999999999509e-04,-4.299999999999999894e-04,-4.400000000000000157e-04,-4.400000000000000157e-04,-4.400000000000000157e-04,-4.400000000000000157e-04,-4.400000000000000157e-04,-4.499999999999999877e-04,-4.499999999999999877e-04,-4.499999999999999877e-04,-4.499999999999999877e-04,-4.600000000000000139e-04,-4.600000000000000139e-04,-4.600000000000000139e-04,-4.699999999999999859e-04,-4.699999999999999859e-04,-4.800000000000000122e-04,-4.800000000000000122e-04,-4.899999999999999842e-04,-4.899999999999999842e-04,-5.000000000000000104e-04,-5.100000000000000366e-04,-5.100000000000000366e-04,-5.199999999999999544e-04,-5.299999999999999807e-04,-5.400000000000000069e-04,-5.599999999999999509e-04
clo*c/cref,-9.876365136635009093e-04,-9.462574061190481573e-04,-9.048782985745951885e-04,-8.634991910301421112e-04,-8.421717928389989456e-04,-7.997834387690714057e-04,-7.573950846991441910e-04,-7.320307004061028496e-04,-6.886330998107010638e-04,-6.602409759412364429e-04,-6.158341288203601945e-04,-5.844142653744721855e-04,-5.390287507887456166e-04,-3.702363486336499141e-04,-5.262719433073922981e-04,-5.003438849968450033e-04,-4.845097804455806580e-04,-4.675731470545407354e-04,-4.405429562994483050e-04,-4.219518015758732762e-04,-4.022577863348812091e-04,-3.814605141812415535e-04,-3.595604138689792147e-04,-3.365566359797433774e-04,-3.124500461112819801e-04,-2.769811995405050873e-04,-2.426151811283511759e-04,-9.876365136635009093e-04,-9.462574061190481573e-04,-9.048782985745951885e-04,-8.634991910301421112e-04,-8.421717928389989456e-04,-7.997834387690714057e-04,-7.573950846991441910e-04,-7.320307004061028496e-04,-6.886330998107010638e-04,-6.602409759412364429e-04,-6.158341288203601945e-04,-5.844142653744721855e-04,-5.390287507887456166e-04,-3.702363486336499141e-04,-5.262719433073922981e-04,-5.003438849968450033e-04,-4.845097804455806580e-04,-4.675731470545407354e-04,-4.405429562994483050e-04,-4.219518015758732762e-04,-4.022577863348812091e-04,-3.814605141812415535e-04,-3.595604138689792147e-04,-3.365566359797433774e-04,-3.124500461112819801e-04,-2.769811995405050873e-04,-2.426151811283511759e-04,-3.102440823854903497e-04,-2.974649473360622401e-04,-2.906167667092724024e-04,-2.775713996796479416e-04,-2.699245231122688335e-04,-2.566129241024479673e-04,-2.481673515944796430e-04,-2.345895206044623172e-04,-2.253452521559046412e-04,-2.115011891856909370e-04,-2.014582247965440720e-04,-1.873479298461339353e-04,-1.732376348957237987e-04,-3.102440823854903497e-04,-2.974649473360622401e-04,-2.906167667092724024e-04,-2.775713996796479416e-04,-2.699245231122688335e-04,-2.566129241024479673e-04,-2.481673515944796430e-04,-2.345895206044623172e-04,-2.253452521559046412e-04,-2.115011891856909370e-04,-2.014582247965440720e-04,-1.873479298461339353e-04,-1.732376348957237987e-04,-5.989412930574206399e-04,-5.897752681735078792e-04,-5.681543514488649870e-04,-5.465337906709595659e-04,-5.249132298930541448e-04,-5.032926691151488321e-04,-4.926192017085444198e-04,-4.705069005128868992e-04,-4.483949633536654655e-04,-4.262830261944439776e-04,-4.131526687915608323e-04,-3.905493552510233861e-04,-3.679456695843513455e-04,-3.535725888653388918e-04,-3.319230993253191554e-04,-3.168751759509441266e-04,-2.947650589739026395e-04,-2.783352532884624127e-04,-2.557645088743993374e-04,-2.379528208778941025e-04,-2.192198780073454745e-04,-1.957278787192389519e-04,-1.756130535376251801e-04,-1.545769734819680695e-04,-1.326196385522675388e-04,-1.117363405439513303e-04,-5.989412930574206399e-04,-5.897752681735078792e-04,-5.681543514488649870e-04,-5.465337906709595659e-04,-5.249132298930541448e-04,-5.032926691151488321e-04,-4.926192017085444198e-04,-4.705069005128868992e-04,-4.483949633536654655e-04,-4.262830261944439776e-04,-4.131526687915608323e-04,-3.905493552510233861e-04,-3.679456695843513455e-04,-3.535725888653388918e-04,-3.319230993253191554e-04,-3.168751759509441266e-04,-2.947650589739026395e-04,-2.783352532884624127e-04,-2.557645088743993374e-04,-2.379528208778941025e-04,-2.192198780073454745e-04,-1.957278787192389519e-04,-1.756130535376251801e-04,-1.545769734819680695e-04,-1.326196385522675388e-04,-1.117363405439513303e-04
cmx,8.099999999999999561e-04,2.109999999999999896e-03,3.540000000000000178e-03,5.300000000000000024e-03,7.459999999999999618e-03,1.012000000000000052e-02,1.340000000000000045e-02,1.745000000000000023e-02,2.248999999999999957e-02,2.879999999999999921e-02,3.674000000000000182e-02,4.678999999999999826e-02,6.948999999999999622e-02,6.418000000000000094e-02,8.820000000000000062e-02,1.152500000000000052e-01,1.468599999999999905e-01,1.861399999999999999e-01,2.328800000000000037e-01,2.854099999999999970e-01,3.607799999999999896e-01,4.346400000000000263e-01,5.455799999999999539e-01,6.492700000000000138e-01,7.925100000000000477e-01,8.269199999999999884e-01,7.306300000000000017e-01,-8.099999999999999561e-04,-2.109999999999999896e-03,-3.540000000000000178e-03,-5.300000000000000024e-03,-7.459999999999999618e-03,-1.012000000000000052e-02,-1.340000000000000045e-02,-1.745000000000000023e-02,-2.248999999999999957e-02,-2.879999999999999921e-02,-3.674000000000000182e-02,-4.676999999999999907e-02,-7.212000000000000355e-02,-7.610000000000000098e-02,-8.795999999999999652e-02,-1.152500000000000052e-01,-1.468599999999999905e-01,-1.861399999999999999e-01,-2.328800000000000037e-01,-2.854099999999999970e-01,-3.607799999999999896e-01,-4.346400000000000263e-01,-5.455799999999999539e-01,-6.492700000000000138e-01,-7.925100000000000477e-01,-8.269199999999999884e-01,-7.306300000000000017e-01,3.511999999999999844e-02,6.436999999999999666e-02,9.155000000000000637e-02,1.203300000000000064e-01,1.529999999999999971e-01,1.888100000000000056e-01,2.250500000000000000e-01,2.711000000000000076e-01,3.200600000000000112e-01,3.662300000000000000e-01,3.963800000000000101e-01,3.741499999999999826e-01,2.822700000000000209e-01,-3.307000000000000217e-02,-6.265999999999999348e-02,-8.933000000000000662e-02,-1.176100000000000062e-01,-1.500199999999999867e-01,-1.851200000000000068e-01,-2.217600000000000127e-01,-2.664099999999999802e-01,-3.116200000000000081e-01,-3.571199999999999930e-01,-3.877900000000000236e-01,-3.649700000000000166e-01,-2.823899999999999744e-01,-1.139999999999999954e-03,-8.300000000000000086e-04,-9.200000000000000278e-04,-1.240000000000000000e-03,-1.569999999999999998e-03,-1.879999999999999944e-03,-2.449999999999999921e-03,-2.929999999999999879e-03,-3.700000000000000164e-03,-4.610000000000000382e-03,-5.640000000000000048e-03,-6.919999999999999936e-03,-8.819999999999999715e-03,-9.839999999999999789e-03,-1.310000000000000053e-02,-1.635999999999999954e-02,-2.521999999999999936e-02,-2.908000000000000168e-02,-5.650999999999999773e-02,-6.926000000000000212e-02,-8.487999999999999712e-02,-9.754999999999999782e-02,-1.275399999999999867e-01,-1.401199999999999946e-01,-1.754100000000000104e-01,-1.194500000000000006e-01,1.340000000000000045e-03,8.099999999999999561e-04,9.600000000000000243e-04,1.250000000000000026e-03,1.629999999999999939e-03,2.099999999999999870e-03,2.639999999999999986e-03,3.239999999999999825e-03,3.989999999999999623e-03,4.890000000000000249e-03,5.930000000000000375e-03,7.250000000000000368e-03,9.100000000000000450e-03,1.071000000000000077e-02,1.386000000000000079e-02,1.765999999999999862e-02,2.579000000000000042e-02,3.203000000000000291e-02,5.369999999999999774e-02,6.819999999999999674e-02,8.484999999999999487e-02,9.754999999999999782e-02,1.275399999999999867e-01,1.401199999999999946e-01,1.754100000000000104e-01,1.194500000000000006e-01
cmx*c/cref,1.951184331871794490e-03,4.869763724173637766e-03,7.812851651107481296e-03,1.116230661575549725e-02,1.495857517756888320e-02,1.927097238176905467e-02,2.416450984516317277e-02,2.970682726066627144e-02,3.601711259242480756e-02,4.321577297069911089e-02,5.142214975650007819e-02,6.076609661527011819e-02,8.323801753846651885e-02,4.569570933713010263e-02,9.875996893555745448e-02,1.226907079699710579e-01,1.482398049088290981e-01,1.776205420259841239e-01,2.093747829857459664e-01,2.408585273755399769e-01,2.845618904978400865e-01,3.188423036225670471e-01,3.701301332049767301e-01,4.046594945232740437e-01,4.502177928066400936e-01,4.241505435630268384e-01,3.344564712977494692e-01,-1.951184331871794490e-03,-4.869763724173637766e-03,-7.812851651107481296e-03,-1.116230661575549725e-02,-1.495857517756888320e-02,-1.927097238176905467e-02,-2.416450984516317277e-02,-2.970682726066627144e-02,-3.601711259242480756e-02,-4.321577297069911089e-02,-5.142214975650007819e-02,-6.074012264792014171e-02,-8.638834112640964014e-02,-5.418266563657839208e-02,-9.849123432620900120e-02,-1.226907079699710579e-01,-1.482398049088290981e-01,-1.776205420259841239e-01,-2.093747829857459664e-01,-2.408585273755399769e-01,-2.845618904978400865e-01,-3.188423036225670471e-01,-3.701301332049767301e-01,-4.046594945232740437e-01,-4.502177928066400936e-01,-4.241505435630268384e-01,-3.344564712977494692e-01,2.269952536120504322e-02,3.989128887504651139e-02,5.429788773925284251e-02,6.816360514990212061e-02,8.259690407235426024e-02,9.690217239956640249e-02,1.095099264241914394e-01,1.247004294820975162e-01,1.387000027019593129e-01,1.489578471451453723e-01,1.506679455563285919e-01,1.322570338715679528e-01,9.226374943776596838e-02,-2.137452459268367883e-02,-3.883157000016179000e-02,-5.298121585742715522e-02,-6.662280064555796411e-02,-8.098815391460513491e-02,-9.500836901969034187e-02,-1.079090037050819545e-01,-1.225431258514407817e-01,-1.350424759169673306e-01,-1.452525090038345179e-01,-1.474028018751921409e-01,-1.290120263319688709e-01,-9.230297305321404078e-02,-1.587890869966184816e-03,-1.112530619509116995e-03,-1.187959098483990427e-03,-1.540231591890886109e-03,-1.872985843027488717e-03,-2.150432313491999151e-03,-2.682037875968741516e-03,-3.063522707783907818e-03,-3.686803032019027402e-03,-4.367032779458637250e-03,-5.065610982574788798e-03,-5.875220735515394692e-03,-7.054958273334735984e-03,-7.402455903053052101e-03,-9.251473619492939227e-03,-1.080016224699467849e-02,-1.548744747358713272e-02,-1.651834523597650595e-02,-2.949643346222919835e-02,-3.296122474800589064e-02,-3.648506518679114213e-02,-3.743775405698383796e-02,-4.307247855420907184e-02,-4.086665193262899176e-02,-4.307927925639491035e-02,-2.383376049638390518e-02,1.866468215574287621e-03,1.085722652773957620e-03,1.239609494070250881e-03,1.552652814406135263e-03,1.944564919831086921e-03,2.402078648049573405e-03,2.890032650023460249e-03,3.387649683692785501e-03,3.975768675069166549e-03,4.632275551312957894e-03,5.326076795508598999e-03,6.155397446891129956e-03,7.278925202646950761e-03,8.056941333505913613e-03,9.788200333295582478e-03,1.165836584852848398e-02,1.583748098111864219e-02,1.819403706699888185e-02,2.802970229909233779e-02,3.245676476774475572e-02,3.647216989984952695e-02,3.743775405698383796e-02,4.307247855420907184e-02,4.086665193262899176e-02,4.307927925639491035e-02,2.383376049638390518e-02
cmxi,8.099999999999999561e-04,2.109999999999999896e-03,3.540000000000000178e-03,5.300000000000000024e-03,7.459999999999999618e-03,1.012000000000000052e-02,1.340000000000000045e-02,1.745000000000000023e-02,2.248999999999999957e-02,2.879999999999999921e-02,3.674000000000000182e-02,4.678999999999999826e-02,6.948999999999999622e-02,6.418000000000000094e-02,8.820000000000000062e-02,1.152500000000000052e-01,1.468599999999999905e-01,1.861399999999999999e-01,2.328800000000000037e-01,2.854099999999999970e-01,3.607799999999999896e-01,4.346400000000000263e-01,5.455799999999999539e-01,6.492700000000000138e-01,7.925100000000000477e-01,8.269199999999999884e-01,7.306300000000000017e-01,-8.099999999999999561e-04,-2.109999999999999896e-03,-3.540000000000000178e-03,-5.300000000000000024e-03,-7.459999999999999618e-03,-1.012000000000000052e-02,-1.340000000000000045e-02,-1.745000000000000023e-02,-2.248999999999999957e-02,-2.879999999999999921e-02,-3.674000000000000182e-02,-4.676999999999999907e-02,-7.212000000000000355e-02,-7.610000000000000098e-02,-8.795999999999999652e-02,-1.152500000000000052e-01,-1.468599999999999905e-01,-1.861399999999999999e-01,-2.328800000000000037e-01,-2.854099999999999970e-01,-3.607799999999999896e-01,-4.346400000000000263e-01,-5.455799999999999539e-01,-6.492700000000000138e-01,-7.925100000000000477e-01,-8.269199999999999884e-01,-7.306300000000000017e-01,3.511999999999999844e-02,6.436999999999999666e-02,9.155000000000000637e-02,1.203300000000000064e-01,1.529999999999999971e-01,1.888100000000000056e-01,2.250500000000000000e-01,2.711000000000000076e-01,3.200600000000000112e-01,3.662300000000000000e-01,3.963800000000000101e-01,3.741499999999999826e-01,2.822700000000000209e-01,-3.307000000000000217e-02,-6.265999999999999348e-02,-8.933000000000000662e-02,-1.176100000000000062e-01,-1.500199999999999867e-01,-1.851200000000000068e-01,-2.217600000000000127e-01,-2.664099999999999802e-01,-3.116200000000000081e-01,-3.571199999999999930e-01,-3.877900000000000236e-01,-3.649700000000000166e-01,-2.823899999999999744e-01,-1.139999999999999954e-03,-8.300000000000000086e-04,-9.200000000000000278e-04,-1.240000000000000000e-03,-1.569999999999999998e-03,-1.879999999999999944e-03,-2.449999999999999921e-03,-2.929999999999999879e-03,-3.700000000000000164e-03,-4.610000000000000382e-03,-5.640000000000000048e-03,-6.919999999999999936e-03,-8.819999999999999715e-03,-9.839999999999999789e-03,-1.310000000000000053e-02,-1.635999999999999954e-02,-2.521999999999999936e-02,-2.908000000000000168e-02,-5.650999999999999773e-02,-6.926000000000000212e-02,-8.487999999999999712e-02,-9.754999999999999782e-02,-1.275399999999999867e-01,-1.401199999999999946e-01,-1.754100000000000104e-01,-1.194500000000000006e-01,1.340000000000000045e-03,8.099999999999999561e-04,9.600000000000000243e-04,1.250000000000000026e-03,1.629999999999999939e-03,2.099999999999999870e-03,2.639999999999999986e-03,3.239999999999999825e-03,3.989999999999999623e-03,4.890000000000000249e-03,5.930000000000000375e-03,7.250000000000000368e-03,9.100000000000000450e-03,1.071000000000000077e-02,1.386000000000000079e-02,1.765999999999999862e-02,2.579000000000000042e-02,3.203000000000000291e-02,5.369999999999999774e-02,6.819999999999999674e-02,8.484999999999999487e-02,9.754999999999999782e-02,1.275399999999999867e-01,1.401199999999999946e-01,1.754100000000000104e-01,1.194500000000000006e-01
cmxi*c/cref,1.951184331871794490e-03,4.869763724173637766e-03,7.812851651107481296e-03,1.116230661575549725e-02,1.495857517756888320e-02,1.927097238176905467e-02,2.416450984516317277e-02,2.970682726066627144e-02,3.601711259242480756e-02,4.321577297069911089e-02,5.142214975650007819e-02,6.076609661527011819e-02,8.323801753846651885e-02,4.569570933713010263e-02,9.875996893555745448e-02,1.226907079699710579e-01,1.482398049088290981e-01,1.776205420259841239e-01,2.093747829857459664e-01,2.408585273755399769e-01,2.845618904978400865e-01,3.188423036225670471e-01,3.701301332049767301e-01,4.046594945232740437e-01,4.502177928066400936e-01,4.241505435630268384e-01,3.344564712977494692e-01,-1.951184331871794490e-03,-4.869763724173637766e-03,-7.812851651107481296e-03,-1.116230661575549725e-02,-1.495857517756888320e-02,-1.927097238176905467e-02,-2.416450984516317277e-02,-2.970682726066627144e-02,-3.601711259242480756e-02,-4.321577297069911089e-02,-5.142214975650007819e-02,-6.074012264792014171e-02,-8.638834112640964014e-02,-5.418266563657839208e-02,-9.849123432620900120e-02,-1.226907079699710579e-01,-1.482398049088290981e-01,-1.776205420259841239e-01,-2.093747829857459664e-01,-2.408585273755399769e-01,-2.845618904978400865e-01,-3.188423036225670471e-01,-3.701301332049767301e-01,-4.046594945232740437e-01,-4.502177928066400936e-01,-4.241505435630268384e-01,-3.344564712977494692e-01,2.269952536120504322e-02,3.989128887504651139e-02,5.429788773925284251e-02,6.816360514990212061e-02,8.259690407235426024e-02,9.690217239956640249e-02,1.095099264241914394e-01,1.247004294820975162e-01,1.387000027019593129e-01,1.489578471451453723e-01,1.506679455563285919e-01,1.322570338715679528e-01,9.226374943776596838e-02,-2.137452459268367883e-02,-3.883157000016179000e-02,-5.298121585742715522e-02,-6.662280064555796411e-02,-8.098815391460513491e-02,-9.500836901969034187e-02,-1.079090037050819545e-01,-1.225431258514407817e-01,-1.350424759169673306e-01,-1.452525090038345179e-01,-1.474028018751921409e-01,-1.290120263319688709e-01,-9.230297305321404078e-02,-1.587890869966184816e-03,-1.112530619509116995e-03,-1.187959098483990427e-03,-1.540231591890886109e-03,-1.872985843027488717e-03,-2.150432313491999151e-03,-2.682037875968741516e-03,-3.063522707783907818e-03,-3.686803032019027402e-03,-4.367032779458637250e-03,-5.065610982574788798e-03,-5.875220735515394692e-03,-7.054958273334735984e-03,-7.402455903053052101e-03,-9.251473619492939227e-03,-1.080016224699467849e-02,-1.548744747358713272e-02,-1.651834523597650595e-02,-2.949643346222919835e-02,-3.296122474800589064e-02,-3.648506518679114213e-02,-3.743775405698383796e-02,-4.307247855420907184e-02,-4.086665193262899176e-02,-4.307927925639491035e-02,-2.383376049638390518e-02,1.866468215574287621e-03,1.085722652773957620e-03,1.239609494070250881e-03,1.552652814406135263e-03,1.944564919831086921e-03,2.402078648049573405e-03,2.890032650023460249e-03,3.387649683692785501e-03,3.975768675069166549e-03,4.632275551312957894e-03,5.326076795508598999e-03,6.155397446891129956e-03,7.278925202646950761e-03,8.056941333505913613e-03,9.788200333295582478e-03,1.165836584852848398e-02,1.583748098111864219e-02,1.819403706699888185e-02,2.802970229909233779e-02,3.245676476774475572e-02,3.647216989984952695e-02,3.743775405698383796e-02,4.307247855420907184e-02,4.086665193262899176e-02,4.307927925639491035e-02,2.383376049638390518e-02
cmxo,0.000000000000000000e+00,0.000000000000000000e+00,0.000000000000000000e+00,0.000000000000000000e+00,0.000000000000000000e+00,0.000000000000000000e+00,0.000000000000000000e+00,0.000000000000000000e+00,0.000000000000000000e+00,0.000000000000000000e+00,0.000000000000000000e+00,0.000000000000000000e+00,0.000000000000000000e+00,0.000000000000000000e+00,0.000000000000000000e+00,0.000000000000000000e+00,0.000000000000000000e+00,0.000000000000000000e+00,0.000000000000000000e+00,0.000000000000000000e+00,0.000000000000000000e+00,0.000000000000000000e+00,0.000000000000000000e+00,0.000000000000000000e+00,0.000000000000000000e+00,0.000000000000000000e+00,0.000000000000000000e+00,-0.000000000000000000e+00,-0.000000000000000000e+00,-0.000000000000000000e+00,-0.000000000000000000e+00,-0.000000000000000000e+00,-0.000000000000000000e+00,-0.000000000000000000e+00,-0.000000000000000000e+00,-0.000000000000000000e+00,-0.000000000000000000e+00,-0.000000000000000000e+00,-0.000000000000000000e+00,-0.000000000000000000e+00,-0.000000000000000000e+00,-0.000000000000000000e+00,-0.000000000000000000e+00,-0.000000000000000000e+00,0.000000000000000000e+00,0.000000000000000000e+00,0.000000000000000000e+00,0.000000000000000000e+00,0.000000000000000000e+00,0.000000000000000000e+00,0.000000000000000000e+00,0.000000000000000000e+00,0.000000000000000000e+00,0.000000000000000000e+00,0.000000000000000000e+00,0.000000000000000000e+00,0.000000000000000000e+00,0.000000000000000000e+00,0.000000000000000000e+00,0.000000000000000000e+00,0.000000000000000000e+00,0.000000000000000000e+00,0.000000000000000000e+00,0.000000000000000000e+00,0.000000000000000000e+00,0.000000000000000000e+00,0.000000000000000000e+00,-0.000000000000000000e+00,-0.000000000000000000e+00,-0.000000000000000000e+00,0.000000000000000000e+00,0.000000000000000000e+00,0.000000000000000000e+00,0.000000000000000000e+00,0.000000000000000000e+00,0.000000000000000000e+00,0.000000000000000000e+00,0.000000000000000000e+00,0.000000000000000000e+00,0.000000000000000000e+00,0.000000000000000000e+00,0.000000000000000000e+00,0.000000000000000000e+00,0.000000000000000000e+00,0.000000000000000000e+00,0.000000000000000000e+00,0.000000000000000000e+00,0.000000000000000000e+00,0.000000000000000000e+00,0.000000000000000000e+00,0.000000000000000000e+00,0.000000000000000000e+00,0.000000000000000000e+00,0.000000000000000000e+00,0.000000000000000000e+00,0.000000000000000000e+00,0.000000000000000000e+00,0.000000000000000000e+00,0.000000000000000000e+00,0.000000000000000000e+00,0.000000000000000000e+00,0.000000000000000000e+00,0.000000000000000000e+00,0.000000000000000000e+00,0.000000000000000000e+00,0.000000000000000000e+00,-0.000000000000000000e+00,-0.000000000000000000e+00,-0.000000000000000000e+00,-0.000000000000000000e+00,-0.000000000000000000e+00,-0.000000000000000000e+00,-0.000000000000000000e+00,-0.000000000000000000e+00,-0.000000000000000000e+00,-0.000000000000000000e+00,-0.000000000000000000e+00,-0.000000000000000000e+00,-0.000000000000000000e+00,-0.000000000000000000e+00,-0.000000000000000000e+00,-0.000000000000000000e+00,-0.000000000000000000e+00,-0.000000000000000000e+00,-0.000000000000000000e+00,-0.000000000000000000e+00,-0.000000000000000000e+00,-0.000000000000000000e+00,-0.000000000000000000e+00,-0.000000000000000000e+00,-0.000000000000000000e+00,-0.000000000000000000e+00
cmxo*c/cref,0.000000000000000000e+00,0.000000000000000000e+00,0.000000000000000000e+00,0.000000000000000000e+00,0.000000000000000000e+00,0.000000000000000000e+00,0.000000000000000000e+00,0.000000000000000000e+00,0.000000000000000000e+00,0.000000000000000000e+00,0.000000000000000000e+00,0.000000000000000000e+00,0.000000000000000000e+00,0.000000000000000000e+00,0.000000000000000000e+00,0.000000000000000000e+00,0.000000000000000000e+00,0.000000000000000000e+00,0.000000000000000000e+00,0.000000000000000000e+00,0.000000000000000000e+00,0.000000000000000000e+00,0.000000000000000000e+00,0.000000000000000000e+00,0.000000000000000000e+00,0.000000000000000000e+00,0.000000000000000000e+00,-0.000000000000000000e+00,-0.000000000000000000e+00,-0.000000000000000000e+00,-0.000000000000000000e+00,-0.000000000000000000e+00,-0.000000000000000000e+00,-0.000000000000000000e+00,-0.000000000000000000e+00,-0.000000000000000000e+00,-0.000000000000000000e+00,-0.000000000000000000e+00,-0.000000000000000000e+00,-0.000000000000000000e+00,-0.000000000000000000e+00,-0.000000000000000000e+00,-0.000000000000000000e+00,-0.000000000000000000e+00,0.000000000000000000e+00,0.000000000000000000e+00,0.000000000000000000e+00,0.000000000000000000e+00,0.000000000000000000e+00,0.000000000000000000e+00,0.000000000000000000e+00,0.000000000000000000e+00,0.000000000000000000e+00,0.000000000000000000e+00,0.000000000000000000e+00,0.000000000000000000e+00,0.000000000000000000e+00,0.000000000000000000e+00,0.000000000000000000e+00,0.000000000000000000e+00,0.000000000000000000e+00,0.000000000000000000e+00,0.000000000000000000e+00,0.000000000000000000e+00,0.000000000000000000e+00,0.000000000000000000e+00,0.000000000000000000e+00,-0.000000000000000000e+00,-0.000000000000000000e+00,-0.000000000000000000e+00,0.000000000000000000e+00,0.000000000000000000e+00,0.000000000000000000e+00,0.000000000000000000e+00,0.000000000000000000e+00,0.000000000000000000e+00,0.000000000000000000e+00,0.000000000000000000e+00,0.000000000000000000e+00,0.000000000000000000e+00,0.000000000000000000e+00,0.000000000000000000e+00,0.000000000000000000e+00,0.000000000000000000e+00,0.000000000000000000e+00,0.000000000000000000e+00,0.000000000000000000e+00,0.000000000000000000e+00,0.000000000000000000e+00,0.000000000000000000e+00,0.000000000000000000e+00,0.000000000000000000e+00,0.000000000000000000e+00,0.000000000000000000e+00,0.000000000000000000e+00,0.000000000000000000e+00,0.000000000000000000e+00,0.000000000000000000e+00,0.000000000000000000e+00,0.000000000000000000e+00,0.000000000000000000e+00,0.000000000000000000e+00,0.000000000000000000e+00,0.000000000000000000e+00,0.000000000000000000e+00,0.000000000000000000e+00,-0.000000000000000000e+00,-0.000000000000000000e+00,-0.000000000000000000e+00,-0.000000000000000000e+00,-0.000000000000000000e+00,-0.000000000000000000e+00,-0.000000000000000000e+00,-0.000000000000000000e+00,-0.000000000000000000e+00,-0.000000000000000000e+00,-0.000000000000000000e+00,-0.000000000000000000e+00,-0.000000000000000000e+00,-0.000000000000000000e+00,-0.000000000000000000e+00,-0.000000000000000000e+00,-0.000000000000000000e+00,-0.000000000000000000e+00,-0.000000000000000000e+00,-0.000000000000000000e+00,-0.000000000000000000e+00,-0.000000000000000000e+00,-0.000000000000000000e+00,-0.000000000000000000e+00,-0.000000000000000000e+00,-0.000000000000000000e+00
cmy,-1.520000000000000084e-03,-6.270000000000000399e-03,-9.679999999999999369e-03,-1.349000000000000025e-02,-1.795000000000000068e-02,-2.332000000000000045e-02,-2.974999999999999867e-02,-3.756000000000000311e-02,-4.712999999999999828e-02,-5.890000000000000097e-02,-7.341000000000000303e-02,-9.127000000000000390e-02,-1.187499999999999944e-01,-1.631700000000000095e-01,-1.629700000000000037e-01,-1.956100000000000061e-01,-2.312200000000000089e-01,-2.763800000000000145e-01,-3.292700000000000071e-01,-3.848599999999999799e-01,-4.748399999999999843e-01,-5.510199999999999543e-01,-6.784299999999999775e-01,-7.825299999999999478e-01,-9.364799999999999791e-01,-9.400100000000000122e-01,-7.972900000000000542e-01,-1.520000000000000084e-03,-6.270000000000000399e-03,-9.679999999999999369e-03,-1.349000000000000025e-02,-1.795000000000000068e-02,-2.332000000000000045e-02,-2.974999999999999867e-02,-3.756000000000000311e-02,-4.712999999999999828e-02,-5.890000000000000097e-02,-7.341000000000000303e-02,-9.117999999999999716e-02,-1.279899999999999927e-01,-2.060899999999999954e-01,-1.621100000000000041e-01,-1.956100000000000061e-01,-2.312200000000000089e-01,-2.763800000000000145e-01,-3.292700000000000071e-01,-3.848599999999999799e-01,-4.748399999999999843e-01,-5.510199999999999543e-01,-6.784299999999999775e-01,-7.825299999999999478e-01,-9.364799999999999791e-01,-9.400100000000000122e-01,-7.973000000000000087e-01,-1.479600000000000082e-01,-2.597599999999999909e-01,-3.518399999999999861e-01,-4.406300000000000217e-01,-5.359300000000000175e-01,-6.343199999999999950e-01,-7.254800000000000137e-01,-8.437200000000000255e-01,-9.629799999999999471e-01,-1.065069999999999961e+00,-1.113920000000000021e+00,-1.011719999999999953e+00,-7.351799999999999446e-01,-1.388099999999999890e-01,-2.531100000000000017e-01,-3.435699999999999865e-01,-4.309399999999999897e-01,-5.258800000000000141e-01,-6.221600000000000463e-01,-7.155799999999999939e-01,-8.295500000000000096e-01,-9.368499999999999606e-01,-1.037719999999999976e+00,-1.089110000000000023e+00,-9.853499999999999481e-01,-7.357900000000000551e-01,3.439999999999999915e-03,1.779999999999999898e-03,1.600000000000000077e-03,1.899999999999999996e-03,2.190000000000000106e-03,2.360000000000000119e-03,2.899999999999999800e-03,3.200000000000000153e-03,3.810000000000000019e-03,4.479999999999999608e-03,5.170000000000000116e-03,5.960000000000000020e-03,7.110000000000000001e-03,6.980000000000000093e-03,8.689999999999999808e-03,9.990000000000000616e-03,1.455000000000000043e-02,1.569999999999999868e-02,2.866000000000000145e-02,3.332000000000000239e-02,3.896000000000000157e-02,4.324999999999999678e-02,5.417000000000000287e-02,5.895000000000000240e-02,7.230000000000000315e-02,5.906999999999999751e-02,4.129999999999999991e-03,1.719999999999999958e-03,1.660000000000000017e-03,1.899999999999999996e-03,2.269999999999999882e-03,2.700000000000000143e-03,3.150000000000000022e-03,3.599999999999999901e-03,4.150000000000000043e-03,4.780000000000000394e-03,5.459999999999999576e-03,6.279999999999999992e-03,7.409999999999999920e-03,7.779999999999999589e-03,9.259999999999999135e-03,1.088000000000000078e-02,1.490999999999999964e-02,1.734000000000000125e-02,2.730000000000000135e-02,3.284999999999999726e-02,3.894999999999999851e-02,4.324999999999999678e-02,5.417000000000000287e-02,5.895000000000000240e-02,7.230000000000000315e-02,5.906999999999999751e-02
cmy*c/cref,-3.661481709191516127e-03,-1.447081447894251784e-02,-2.136395592732214660e-02,-2.841122948047955510e-02,-3.599281828919054932e-02,-4.440702331451130275e-02,-5.364881849952270881e-02,-6.394203048198425499e-02,-7.547739068390312001e-02,-8.838225791577006274e-02,-1.027463259015969216e-01,-1.185322000016179461e-01,-1.422436981248078880e-01,-1.161758942433705200e-01,-1.824819970229909216e-01,-2.082388666898571661e-01,-2.333923988221399126e-01,-2.637303395570081421e-01,-2.960358759606517287e-01,-3.247847407089811678e-01,-3.745256613004999680e-01,-4.042161010079763916e-01,-4.602576822285501246e-01,-4.877141932467195518e-01,-5.320058530587150614e-01,-4.821575877408707522e-01,-3.649710523807983553e-01,-3.661481709191516127e-03,-1.447081447894251784e-02,-2.136395592732214660e-02,-2.841122948047955510e-02,-3.599281828919054932e-02,-4.440702331451130275e-02,-5.364881849952270881e-02,-6.394203048198425499e-02,-7.547739068390312001e-02,-8.838225791577006274e-02,-1.027463259015969216e-01,-1.184153171485430450e-01,-1.533117551410034529e-01,-1.467346328652094634e-01,-1.815190313394922927e-01,-2.082388666898571661e-01,-2.333923988221399126e-01,-2.637303395570081421e-01,-2.960358759606517287e-01,-3.247847407089811678e-01,-3.745256613004999680e-01,-4.042161010079763916e-01,-4.602576822285501246e-01,-4.877141932467195518e-01,-5.320058530587150614e-01,-4.821575877408707522e-01,-3.649756300257253061e-01,-9.563273839532740461e-02,-1.609781140000323407e-01,-2.086747004061028643e-01,-2.496046649813128404e-01,-2.893212993431164559e-01,-3.255494200333295951e-01,-3.530204906563981782e-01,-3.880938633811704674e-01,-4.173134056174866435e-01,-4.331991760884689735e-01,-4.234119731422007482e-01,-3.576295237432652874e-01,-2.403034800427136242e-01,-8.971871057485397705e-02,-1.568569850421473177e-01,-2.037698010985810604e-01,-2.441155489345867291e-01,-2.838958164285598773e-01,-3.193085937191580959e-01,-3.482031244195641362e-01,-3.815759545439837419e-01,-4.059898066966524666e-01,-4.220750270034138718e-01,-4.139814475625738233e-01,-3.483080805167699245e-01,-2.405028667545747734e-01,4.791530344459365119e-03,2.385909039429190675e-03,2.066015823450418135e-03,2.360032277897325566e-03,2.612636303331337690e-03,2.699478861617616177e-03,3.174657077677286044e-03,3.345826848091640413e-03,3.796410689727700797e-03,4.243884349669130307e-03,4.643476734026890165e-03,5.060161211513259684e-03,5.687160240749430072e-03,5.250929085702266998e-03,6.137046240717071444e-03,6.594964599479024615e-03,8.935065850146422725e-03,8.918088727813999403e-03,1.495961392722507284e-02,1.585717598330286388e-02,1.674667930816897687e-02,1.659849167570016243e-02,1.829415213487145878e-02,1.719304261653210875e-02,1.775629605060915356e-02,1.178618863559143838e-02,5.752622186807318516e-03,2.305485139223712333e-03,2.143491416829808923e-03,2.360032277897325566e-03,2.708075072402801962e-03,3.088386833206595121e-03,3.448334411959810830e-03,3.764055204103095194e-03,4.135197995372692434e-03,4.528073033798760312e-03,4.903942546960699499e-03,5.331847719513971642e-03,5.927124807869658951e-03,5.852754768877311588e-03,6.539591276069053882e-03,7.182503988221400348e-03,9.156139644376849393e-03,9.849659779636610671e-03,1.424973692300224998e-02,1.563350033167764178e-02,1.674238087918844195e-02,1.659849167570016243e-02,1.829415213487145878e-02,1.719304261653210875e-02,1.775629605060915356e-02,1.178618863559143838e-02
cmyi,-1.580000000000000024e-03,-6.329999999999999689e-03,-9.749999999999999986e-03,-1.354999999999999954e-02,-1.801000000000000170e-02,-2.338000000000000148e-02,-2.980999999999999969e-02,-3.762000000000000066e-02,-4.719000000000000278e-02,-5.895999999999999852e-02,-7.346999999999999365e-02,-9.132999999999999452e-02,-1.188099999999999989e-01,-1.632800000000000085e-01,-1.630199999999999982e-01,-1.956499999999999906e-01,-2.312299999999999911e-01,-2.763700000000000045e-01,-3.292399999999999771e-01,-3.847900000000000209e-01,-4.747500000000000053e-01,-5.508800000000000363e-01,-6.782399999999999540e-01,-7.822799999999999754e-01,-9.361599999999999921e-01,-9.395999999999999908e-01,-7.967999999999999527e-01,-1.580000000000000024e-03,-6.329999999999999689e-03,-9.749999999999999986e-03,-1.354999999999999954e-02,-1.801000000000000170e-02,-2.338000000000000148e-02,-2.980999999999999969e-02,-3.762000000000000066e-02,-4.719000000000000278e-02,-5.895999999999999852e-02,-7.346999999999999365e-02,-9.124000000000000166e-02,-1.280499999999999972e-01,-2.061999999999999944e-01,-1.621700000000000086e-01,-1.956499999999999906e-01,-2.312299999999999911e-01,-2.763700000000000045e-01,-3.292399999999999771e-01,-3.847900000000000209e-01,-4.747500000000000053e-01,-5.508800000000000363e-01,-6.782399999999999540e-01,-7.822799999999999754e-01,-9.361599999999999921e-01,-9.395999999999999908e-01,-7.967999999999999527e-01,-1.480100000000000027e-01,-2.597900000000000209e-01,-3.518499999999999961e-01,-4.406200000000000117e-01,-5.358899999999999775e-01,-6.342400000000000260e-01,-7.253800000000000248e-01,-8.435799999999999965e-01,-9.627900000000000347e-01,-1.064829999999999943e+00,-1.113629999999999898e+00,-1.011360000000000037e+00,-7.347500000000000142e-01,-1.388500000000000012e-01,-2.531300000000000217e-01,-3.435699999999999865e-01,-4.309299999999999797e-01,-5.258399999999999741e-01,-6.220900000000000318e-01,-7.154700000000000504e-01,-8.294000000000000261e-01,-9.366700000000000026e-01,-1.037479999999999958e+00,-1.088810000000000056e+00,-9.849900000000000322e-01,-7.353600000000000136e-01,3.419999999999999863e-03,1.699999999999999905e-03,1.449999999999999900e-03,1.680000000000000070e-03,1.899999999999999996e-03,1.979999999999999989e-03,2.429999999999999868e-03,2.629999999999999959e-03,3.129999999999999970e-03,3.680000000000000111e-03,4.219999999999999793e-03,4.850000000000000144e-03,5.830000000000000113e-03,5.400000000000000286e-03,6.660000000000000121e-03,7.450000000000000025e-03,1.140000000000000041e-02,1.183999999999999983e-02,2.392999999999999988e-02,2.755000000000000157e-02,3.189999999999999780e-02,3.457999999999999963e-02,4.338000000000000189e-02,4.531999999999999917e-02,5.464999999999999719e-02,3.540999999999999703e-02,4.109999999999999938e-03,1.639999999999999965e-03,1.510000000000000057e-03,1.680000000000000070e-03,1.969999999999999963e-03,2.320000000000000014e-03,2.680000000000000090e-03,3.030000000000000141e-03,3.469999999999999994e-03,3.969999999999999571e-03,4.510000000000000120e-03,5.179999999999999709e-03,6.130000000000000032e-03,6.190000000000000190e-03,7.230000000000000315e-03,8.330000000000000598e-03,1.175999999999999962e-02,1.346999999999999933e-02,2.256999999999999978e-02,2.707999999999999990e-02,3.189000000000000168e-02,3.457999999999999963e-02,4.338000000000000189e-02,4.531999999999999917e-02,5.464999999999999719e-02,3.540999999999999703e-02
cmyi*c/cref,-3.806013881922760099e-03,-1.460929117252091416e-02,-2.151844734415195998e-02,-2.853759521575225874e-02,-3.611312854531040922e-02,-4.452127809147830850e-02,-5.375701779733687430e-02,-6.404417430064555938e-02,-7.557347902341159107e-02,-8.847229077612568660e-02,-1.028303032827996844e-01,-1.186101219036678617e-01,-1.423155686249130414e-01,-1.162542134709660946e-01,-1.825379833999385137e-01,-2.082814491481547459e-01,-2.334024927758991674e-01,-2.637207972478845530e-01,-2.960089039429190660e-01,-3.247256674567605694e-01,-3.744546746323232367e-01,-4.041134001003122700e-01,-4.601287832122574750e-01,-4.875583799893215553e-01,-5.318240639409775872e-01,-4.819472872004789132e-01,-3.647467477793777668e-01,-3.806013881922760099e-03,-1.460929117252091416e-02,-2.151844734415195998e-02,-2.853759521575225874e-02,-3.611312854531040922e-02,-4.452127809147830850e-02,-5.375701779733687430e-02,-6.404417430064555938e-02,-7.557347902341159107e-02,-8.847229077612568660e-02,-1.028303032827996844e-01,-1.184932390505929883e-01,-1.533836256411086341e-01,-1.468129520928050380e-01,-1.815862149918293922e-01,-2.082814491481547459e-01,-2.334024927758991674e-01,-2.637207972478845530e-01,-2.960089039429190660e-01,-3.247256674567605694e-01,-3.744546746323232367e-01,-4.041134001003122700e-01,-4.601287832122574750e-01,-4.875583799893215553e-01,-5.318240639409775872e-01,-4.819472872004789132e-01,-3.647467477793777668e-01,-9.566505548724255070e-02,-1.609967055592408658e-01,-2.086806313605255037e-01,-2.495990002588703849e-01,-2.892997053812674801e-01,-3.255083619654732252e-01,-3.529718303913796373e-01,-3.880294662578672726e-01,-4.172310679291989510e-01,-4.331015601549986216e-01,-4.233017412833497417e-01,-3.575022685456339944e-01,-2.401629287540246738e-01,-8.974456424838611612e-02,-1.568693794149530196e-01,-2.037698010985810604e-01,-2.441098842121442736e-01,-2.838742224667108460e-01,-3.192726679097837028e-01,-3.481495981280438023e-01,-3.815069576261588824e-01,-4.059118025709061994e-01,-4.219774110699435199e-01,-4.138674146051418701e-01,-3.481808253191386315e-01,-2.403623154658857675e-01,4.763672609898554448e-03,2.278677172488552741e-03,1.872326840001941163e-03,2.086765382561845891e-03,2.266670765447279055e-03,2.264817011018169582e-03,2.660143689226139498e-03,2.749851440775316624e-03,3.118836078437717523e-03,3.486047858656786229e-03,3.790226657174753256e-03,4.117748636885789834e-03,4.663311421036452943e-03,4.062323361431553585e-03,4.703420939375799192e-03,4.918166793405277966e-03,7.000670150630187646e-03,6.725488569255908856e-03,1.249070346400893254e-02,1.311120043037196543e-02,1.371198844791043057e-02,1.327111773747310236e-02,1.465018127396573375e-02,1.321778950604300500e-02,1.342159860533596524e-02,7.065328247609493732e-03,5.724764452246508713e-03,2.198253272283074832e-03,1.949802433381332169e-03,2.086765382561845891e-03,2.350179688384810509e-03,2.653724982607148092e-03,2.933821023508664718e-03,3.168079796786771839e-03,3.457623384082709160e-03,3.760763586648760686e-03,4.050692470108563890e-03,4.397925348261524231e-03,4.903275988156681822e-03,4.656626223566910291e-03,5.105965974727782498e-03,5.499104615982009642e-03,7.221743944860613447e-03,7.651379309786916424e-03,1.178082645978610968e-02,1.288752477874674507e-02,1.370769001892989565e-02,1.327111773747310236e-02,1.465018127396573375e-02,1.321778950604300500e-02,1.342159860533596524e-02,7.065328247609493732e-03
cmyo,6.000000000000000152e-05,6.000000000000000152e-05,6.000000000000000152e-05,6.000000000000000152e-05,6.000000000000000152e-05,6.000000000000000152e-05,6.000000000000000152e-05,6.000000000000000152e-05,6.000000000000000152e-05,6.000000000000000152e-05,6.000000000000000152e-05,6.000000000000000152e-05,6.000000000000000152e-05,1.100000000000000039e-04,5.000000000000000240e-05,4.000000000000000327e-05,2.000000000000000164e-05,-1.000000000000000082e-05,-3.000000000000000076e-05,-6.000000000000000152e-05,-1.000000000000000048e-04,-1.399999999999999877e-04,-1.900000000000000105e-04,-2.500000000000000052e-04,-3.299999999999999982e-04,-4.099999999999999912e-04,-4.899999999999999842e-04,6.000000000000000152e-05,6.000000000000000152e-05,6.000000000000000152e-05,6.000000000000000152e-05,6.000000000000000152e-05,6.000000000000000152e-05,6.000000000000000152e-05,6.000000000000000152e-05,6.000000000000000152e-05,6.000000000000000152e-05,6.000000000000000152e-05,6.000000000000000152e-05,6.000000000000000152e-05,1.100000000000000039e-04,5.000000000000000240e-05,4.000000000000000327e-05,2.000000000000000164e-05,-1.000000000000000082e-05,-3.000000000000000076e-05,-6.000000000000000152e-05,-1.000000000000000048e-04,-1.399999999999999877e-04,-1.900000000000000105e-04,-2.500000000000000052e-04,-3.299999999999999982e-04,-4.099999999999999912e-04,-4.899999999999999842e-04,5.000000000000000240e-05,3.000000000000000076e-05,1.000000000000000082e-05,-2.000000000000000164e-05,-4.000000000000000327e-05,-6.999999999999999387e-05,-1.100000000000000039e-04,-1.399999999999999877e-04,-1.900000000000000105e-04,-2.400000000000000061e-04,-2.900000000000000017e-04,-3.600000000000000227e-04,-4.299999999999999894e-04,5.000000000000000240e-05,3.000000000000000076e-05,1.000000000000000082e-05,-2.000000000000000164e-05,-4.000000000000000327e-05,-6.999999999999999387e-05,-1.100000000000000039e-04,-1.399999999999999877e-04,-1.900000000000000105e-04,-2.400000000000000061e-04,-2.900000000000000017e-04,-3.499999999999999964e-04,-4.299999999999999894e-04,2.000000000000000164e-05,9.000000000000000567e-05,1.499999999999999869e-04,2.200000000000000078e-04,2.900000000000000017e-04,3.800000000000000209e-04,4.699999999999999859e-04,5.699999999999999772e-04,6.800000000000000488e-04,8.099999999999999561e-04,9.499999999999999981e-04,1.100000000000000066e-03,1.280000000000000105e-03,1.580000000000000024e-03,2.030000000000000120e-03,2.550000000000000183e-03,3.150000000000000022e-03,3.870000000000000176e-03,4.729999999999999830e-03,5.769999999999999955e-03,7.060000000000000303e-03,8.680000000000000215e-03,1.080000000000000057e-02,1.362999999999999975e-02,1.764999999999999902e-02,2.366000000000000048e-02,2.000000000000000164e-05,9.000000000000000567e-05,1.499999999999999869e-04,2.200000000000000078e-04,2.900000000000000017e-04,3.800000000000000209e-04,4.699999999999999859e-04,5.699999999999999772e-04,6.800000000000000488e-04,8.099999999999999561e-04,9.499999999999999981e-04,1.100000000000000066e-03,1.280000000000000105e-03,1.580000000000000024e-03,2.030000000000000120e-03,2.550000000000000183e-03,3.150000000000000022e-03,3.870000000000000176e-03,4.729999999999999830e-03,5.769999999999999955e-03,7.060000000000000303e-03,8.680000000000000215e-03,1.080000000000000057e-02,1.362999999999999975e-02,1.764999999999999902e-02,2.366000000000000048e-02
cmyo*c/cref,1.445321727312440534e-04,1.384766935783973045e-04,1.324212144255505286e-04,1.263657352727037256e-04,1.203102561198569903e-04,1.142547769670102008e-04,1.081992978141634520e-04,1.021438186613166896e-04,9.608833950846992723e-05,9.003286035562315130e-05,8.397738120277638892e-05,7.792190204992962654e-05,7.187050010516608854e-05,7.831922759557979994e-05,5.598637694759493240e-05,4.258245829760383958e-05,2.018790751856586188e-05,-9.542309123562057449e-06,-2.697201773261928253e-05,-5.063421618910478881e-05,-7.887407575193749597e-05,-1.027009076641804183e-04,-1.288990162926529368e-04,-1.558132573980293574e-04,-1.874700276667691501e-04,-2.103005403918649797e-04,-2.243046014205510958e-04,1.445321727312440534e-04,1.384766935783973045e-04,1.324212144255505286e-04,1.263657352727037256e-04,1.203102561198569903e-04,1.142547769670102008e-04,1.081992978141634520e-04,1.021438186613166896e-04,9.608833950846992723e-05,9.003286035562315130e-05,8.397738120277638892e-05,7.792190204992962654e-05,7.187050010516608854e-05,7.831922759557979994e-05,5.598637694759493240e-05,4.258245829760383958e-05,2.018790751856586188e-05,-9.542309123562057449e-06,-2.697201773261928253e-05,-5.063421618910478881e-05,-7.887407575193749597e-05,-1.027009076641804183e-04,-1.288990162926529368e-04,-1.558132573980293574e-04,-1.874700276667691501e-04,-2.103005403918649797e-04,-2.243046014205510958e-04,3.231709191515524476e-05,1.859155920850389000e-05,5.930954422638213591e-06,-1.132944488488359097e-05,-2.159396184898150953e-05,-3.592580937434271325e-05,-5.352629152037795545e-05,-6.439712330318572296e-05,-8.233768828773440534e-05,-9.761593347031891175e-05,-1.102318588509392151e-04,-1.272551976313362641e-04,-1.405512886889834613e-04,3.231709191515524476e-05,1.859155920850389000e-05,5.930954422638213591e-06,-1.132944488488359097e-05,-2.159396184898150953e-05,-3.592580937434271325e-05,-5.352629152037795545e-05,-6.439712330318572296e-05,-8.233768828773440534e-05,-9.761593347031891175e-05,-1.102318588509392151e-04,-1.237203310304658033e-04,-1.405512886889834613e-04,2.785773456081026421e-05,1.206358503082175269e-04,1.936889834484766730e-04,2.732668953354797830e-04,3.459655378840584185e-04,4.346618505994467039e-04,5.145133884511463290e-04,5.959754073163233551e-04,6.775746112899833822e-04,7.673094471499990838e-04,8.532500768521364756e-04,9.339223712524471945e-04,1.023848819712977563e-03,1.188605724270713629e-03,1.433625301341272251e-03,1.683399372239390707e-03,1.934395699516235946e-03,2.198280469849693379e-03,2.468910463216140733e-03,2.745975552930898008e-03,3.034690860258546733e-03,3.331211739770576549e-03,3.647348035012216126e-03,3.975253110489102883e-03,4.334697445273189183e-03,4.720860387981943782e-03,2.785773456081026421e-05,1.206358503082175269e-04,1.936889834484766730e-04,2.732668953354797830e-04,3.459655378840584185e-04,4.346618505994467039e-04,5.145133884511463290e-04,5.959754073163233551e-04,6.775746112899833822e-04,7.673094471499990838e-04,8.532500768521364756e-04,9.339223712524471945e-04,1.023848819712977563e-03,1.188605724270713629e-03,1.433625301341272251e-03,1.683399372239390707e-03,1.934395699516235946e-03,2.198280469849693379e-03,2.468910463216140733e-03,2.745975552930898008e-03,3.034690860258546733e-03,3.331211739770576549e-03,3.647348035012216126e-03,3.975253110489102883e-03,4.334697445273189183e-03,4.720860387981943782e-03
cmz,-1.000000000000000048e-04,8.000000000000000654e-05,1.800000000000000113e-04,2.900000000000000017e-04,4.299999999999999894e-04,6.099999999999999737e-04,8.199999999999999824e-04,1.100000000000000066e-03,1.440000000000000091e-03,1.879999999999999944e-03,2.429999999999999868e-03,3.109999999999999917e-03,4.250000000000000305e-03,4.640000000000000027e-03,6.130000000000000032e-03,7.289999999999999605e-03,8.540000000000000716e-03,1.018999999999999941e-02,1.213999999999999975e-02,1.410999999999999928e-02,1.769000000000000086e-02,2.038999999999999840e-02,2.545000000000000040e-02,2.908000000000000168e-02,3.486000000000000210e-02,3.280999999999999889e-02,2.291999999999999940e-02,1.000000000000000048e-04,-8.000000000000000654e-05,-1.800000000000000113e-04,-2.900000000000000017e-04,-4.299999999999999894e-04,-6.099999999999999737e-04,-8.199999999999999824e-04,-1.100000000000000066e-03,-1.440000000000000091e-03,-1.879999999999999944e-03,-2.429999999999999868e-03,-3.109999999999999917e-03,-4.729999999999999830e-03,-6.910000000000000343e-03,-6.089999999999999927e-03,-7.289999999999999605e-03,-8.540000000000000716e-03,-1.018999999999999941e-02,-1.213999999999999975e-02,-1.410999999999999928e-02,-1.769000000000000086e-02,-2.038999999999999840e-02,-2.545000000000000040e-02,-2.908000000000000168e-02,-3.486000000000000210e-02,-3.280999999999999889e-02,-2.291999999999999940e-02,4.830000000000000092e-03,1.110000000000000049e-02,1.609999999999999973e-02,2.084000000000000088e-02,2.588999999999999982e-02,3.104000000000000162e-02,3.563999999999999807e-02,4.175999999999999851e-02,4.780000000000000221e-02,5.263000000000000317e-02,5.403000000000000164e-02,4.603999999999999759e-02,2.710999999999999868e-02,-4.279999999999999950e-03,-1.069999999999999944e-02,-1.559999999999999928e-02,-2.025000000000000064e-02,-2.528000000000000039e-02,-3.030000000000000054e-02,-3.504000000000000170e-02,-4.091000000000000192e-02,-4.621999999999999720e-02,-5.097999999999999754e-02,-5.253000000000000030e-02,-4.444000000000000034e-02,-2.716000000000000011e-02,3.092999999999999916e-02,1.444999999999999930e-02,1.204999999999999995e-02,1.410999999999999928e-02,1.609999999999999973e-02,1.677999999999999978e-02,2.095999999999999946e-02,2.274999999999999939e-02,2.728999999999999829e-02,3.239999999999999825e-02,3.740999999999999881e-02,4.322000000000000147e-02,5.226999999999999702e-02,4.791999999999999732e-02,5.960000000000000020e-02,6.679999999999999827e-02,1.039899999999999991e-01,1.077400000000000024e-01,2.222200000000000009e-01,2.560399999999999898e-01,2.966300000000000048e-01,3.210700000000000220e-01,4.034800000000000053e-01,4.202099999999999724e-01,5.065100000000000158e-01,3.197999999999999732e-01,-3.744999999999999718e-02,-1.386000000000000079e-02,-1.255999999999999998e-02,-1.413999999999999979e-02,-1.680999999999999855e-02,-2.001999999999999960e-02,-2.333999999999999964e-02,-2.654000000000000109e-02,-3.058999999999999914e-02,-3.520999999999999824e-02,-4.014999999999999819e-02,-4.630999999999999700e-02,-5.514999999999999764e-02,-5.548000000000000154e-02,-6.507999999999999896e-02,-7.519000000000000683e-02,-1.073999999999999955e-01,-1.232800000000000007e-01,-2.093000000000000138e-01,-2.515000000000000013e-01,-2.965300000000000158e-01,-3.210700000000000220e-01,-4.034800000000000053e-01,-4.202099999999999724e-01,-5.065100000000000158e-01,-3.197999999999999732e-01
cmz*c/cref,-2.408869545520734223e-04,1.846355914378630637e-04,3.972636432766515858e-04,6.107677204847347142e-04,8.622235021923083153e-04,1.161590232497937024e-03,1.478723736793567060e-03,1.872636675457472729e-03,2.306120148203278254e-03,2.821029624476192182e-03,3.401083938712443772e-03,4.038951922921352015e-03,5.090827090782598478e-03,3.303647418577184466e-03,6.863929813775137938e-03,7.760653024738298385e-03,8.620236510427623650e-03,9.723612996909734851e-03,1.091467650913327016e-02,1.190747984047114266e-02,1.395282400051774292e-02,1.495765362337599103e-02,1.726568402446324729e-02,1.812419810053877284e-02,1.980365201352598040e-02,1.682917251282217003e-02,1.049196217256945056e-02,2.408869545520734223e-04,-1.846355914378630637e-04,-3.972636432766515858e-04,-6.107677204847347142e-04,-8.622235021923083153e-04,-1.161590232497937024e-03,-1.478723736793567060e-03,-1.872636675457472729e-03,-2.306120148203278254e-03,-2.821029624476192182e-03,-3.401083938712443772e-03,-4.038951922921352015e-03,-5.665791091623926211e-03,-4.919871478958694894e-03,-6.819140712217062680e-03,-7.760653024738298385e-03,-8.620236510427623650e-03,-9.723612996909734851e-03,-1.091467650913327016e-02,-1.190747984047114266e-02,-1.395282400051774292e-02,-1.495765362337599103e-02,-1.726568402446324729e-02,-1.812419810053877284e-02,-1.980365201352598040e-02,-1.682917251282217003e-02,-1.049196217256945056e-02,3.121831079003996746e-03,6.878876907146439477e-03,9.548836620447523002e-03,1.180528157004870175e-02,1.397669180675327992e-02,1.593053032827997095e-02,1.734251845260245672e-02,1.920874192243597275e-02,2.071442894817739078e-02,2.140636074392868529e-02,2.053733563350429794e-02,1.627452583040755671e-02,8.861268456647305308e-03,-2.766343067937288708e-03,-6.630989451033054115e-03,-9.252288899315610701e-03,-1.147106294594463574e-02,-1.364738388855631264e-02,-1.555074320060834646e-02,-1.705055686249130550e-02,-1.881775938809520168e-02,-2.002972606662675736e-02,-2.073525120132023794e-02,-1.996717084634426487e-02,-1.570894717426828818e-02,-8.877611629750677483e-03,4.308198649829306920e-02,1.936875596615270090e-02,1.555968167036096174e-02,1.752634496901645314e-02,1.920705227563220679e-02,1.919375224489135515e-02,2.294510770624686585e-02,2.378673774815150480e-02,2.719266344427006751e-02,3.069237788599996422e-02,3.360008986846149681e-02,3.669465898684615146e-02,4.180982641124791899e-02,3.604935842218518621e-02,4.209067387189154019e-02,4.409846198650638899e-02,6.385962183895027566e-02,6.119967385571212920e-02,1.159918146164674035e-01,1.218508805151519991e-01,1.275042988496448704e-01,1.232202941576197031e-01,1.362622208487711817e-01,1.225562075978448989e-01,1.243947650427945084e-01,6.380943161777792583e-02,-5.216360796511720910e-02,-1.857792094746549966e-02,-1.621822421408578019e-02,-1.756360863656220017e-02,-2.005407135114145242e-02,-2.289981644473926964e-02,-2.555051592861650248e-02,-2.774945142136004197e-02,-3.048089317553027977e-02,-3.335427856068082231e-02,-3.606104272169818881e-02,-3.931813182972802162e-02,-4.411348625560211623e-02,-4.173661112818936175e-02,-4.596075596615270542e-02,-4.963717599948227338e-02,-6.595368194541070817e-02,-7.002687760286051277e-02,-1.092479830763505855e-01,-1.196902689015807292e-01,-1.274613145598395003e-01,-1.232202941576197031e-01,-1.362622208487711817e-01,-1.225562075978448989e-01,-1.243947650427945084e-01,-6.380943161777792583e-02
cmzi,8.000000000000000654e-05,3.299999999999999982e-04,5.100000000000000366e-04,7.100000000000000191e-04,9.399999999999999719e-04,1.229999999999999974e-03,1.559999999999999972e-03,1.969999999999999963e-03,2.469999999999999973e-03,3.089999999999999865e-03,3.850000000000000124e-03,4.789999999999999987e-03,6.230000000000000294e-03,8.559999999999999901e-03,8.540000000000000716e-03,1.025000000000000043e-02,1.212000000000000056e-02,1.447999999999999982e-02,1.725000000000000144e-02,2.017000000000000043e-02,2.487999999999999934e-02,2.886999999999999983e-02,3.554000000000000214e-02,4.100000000000000172e-02,4.905999999999999944e-02,4.923999999999999905e-02,4.175999999999999851e-02,-8.000000000000000654e-05,-3.299999999999999982e-04,-5.100000000000000366e-04,-7.100000000000000191e-04,-9.399999999999999719e-04,-1.229999999999999974e-03,-1.559999999999999972e-03,-1.969999999999999963e-03,-2.469999999999999973e-03,-3.089999999999999865e-03,-3.850000000000000124e-03,-4.780000000000000394e-03,-6.709999999999999819e-03,-1.081000000000000016e-02,-8.500000000000000611e-03,-1.025000000000000043e-02,-1.212000000000000056e-02,-1.447999999999999982e-02,-1.725000000000000144e-02,-2.017000000000000043e-02,-2.487999999999999934e-02,-2.886999999999999983e-02,-3.554000000000000214e-02,-4.100000000000000172e-02,-4.905999999999999944e-02,-4.923999999999999905e-02,-4.175999999999999851e-02,9.050000000000000752e-03,1.589000000000000135e-02,2.152000000000000093e-02,2.695000000000000173e-02,3.277999999999999664e-02,3.878999999999999809e-02,4.436999999999999972e-02,5.160000000000000003e-02,5.888999999999999790e-02,6.512999999999999345e-02,6.811000000000000387e-02,6.185999999999999832e-02,4.494000000000000078e-02,-8.489999999999999283e-03,-1.548000000000000070e-02,-2.101000000000000090e-02,-2.636000000000000149e-02,-3.216000000000000109e-02,-3.805000000000000049e-02,-4.376000000000000029e-02,-5.072999999999999732e-02,-5.729000000000000065e-02,-6.346000000000000252e-02,-6.658999999999999642e-02,-6.024000000000000188e-02,-4.497999999999999915e-02,3.257000000000000173e-02,1.616000000000000075e-02,1.383999999999999987e-02,1.599000000000000074e-02,1.806999999999999926e-02,1.885999999999999829e-02,2.315000000000000044e-02,2.505999999999999894e-02,2.973999999999999908e-02,3.500000000000000333e-02,4.018000000000000044e-02,4.619000000000000189e-02,5.544999999999999929e-02,5.134999999999999981e-02,6.332000000000000128e-02,7.086000000000000631e-02,1.084299999999999986e-01,1.126299999999999940e-01,2.276700000000000113e-01,2.621399999999999841e-01,3.035399999999999765e-01,3.289900000000000047e-01,4.127199999999999758e-01,4.312000000000000277e-01,5.199700000000000433e-01,3.369400000000000173e-01,-3.907999999999999668e-02,-1.557000000000000051e-02,-1.434999999999999991e-02,-1.601999999999999952e-02,-1.878000000000000155e-02,-2.210000000000000159e-02,-2.553000000000000061e-02,-2.886000000000000024e-02,-3.303999999999999992e-02,-3.781999999999999945e-02,-4.293000000000000288e-02,-4.927000000000000129e-02,-5.832999999999999990e-02,-5.890999999999999709e-02,-6.880000000000000004e-02,-7.924000000000000488e-02,-1.118500000000000050e-01,-1.281799999999999884e-01,-2.147499999999999964e-01,-2.576100000000000056e-01,-3.034399999999999875e-01,-3.289900000000000047e-01,-4.127199999999999758e-01,-4.312000000000000277e-01,-5.199700000000000433e-01,-3.369400000000000173e-01
cmzi*c/cref,1.927095636416587378e-04,7.616218146811851207e-04,1.125580322617179439e-03,1.495327867393660875e-03,1.884860679211092672e-03,2.342222927823709062e-03,2.813181743168249697e-03,3.353722046046564518e-03,3.955636643098678698e-03,4.636692308314592156e-03,5.388548627178151376e-03,6.220765180319381450e-03,7.462553594253079278e-03,6.094659892892391635e-03,9.562473182649215350e-03,1.091175493876098308e-02,1.223387195625091212e-02,1.381726361091785774e-02,1.550891019625608852e-02,1.702153567557072866e-02,1.962387004708204818e-02,2.117839431617777810e-02,2.411090020547834376e-02,2.555337421327681310e-02,2.787054411312634913e-02,2.525658197291568915e-02,1.911624521494329279e-02,-1.927095636416587378e-04,-7.616218146811851207e-04,-1.125580322617179439e-03,-1.495327867393660875e-03,-1.884860679211092672e-03,-2.342222927823709062e-03,-2.813181743168249697e-03,-3.353722046046564518e-03,-3.955636643098678698e-03,-4.636692308314592156e-03,-5.388548627178151376e-03,-6.207778196644394078e-03,-8.037517595094407011e-03,-7.696644093711069168e-03,-9.517684081091139225e-03,-1.091175493876098308e-02,-1.223387195625091212e-02,-1.381726361091785774e-02,-1.550891019625608852e-02,-1.702153567557072866e-02,-1.962387004708204818e-02,-2.117839431617777810e-02,-2.411090020547834376e-02,-2.555337421327681310e-02,-2.787054411312634913e-02,-2.525658197291568915e-02,-1.911624521494329279e-02,5.849393636643099824e-03,9.847329194104227634e-03,1.276341391751743479e-02,1.526642698238063998e-02,1.769625173524034395e-02,1.990803065186791052e-02,2.159055958871972450e-02,2.373493973174559818e-02,2.552034980665620137e-02,2.649052394550778858e-02,2.588928243564644904e-02,2.186668479298461282e-02,1.468924398530910974e-02,-5.487442207193360053e-03,-9.593244551588008678e-03,-1.246093524196288486e-02,-1.493220835827657224e-02,-1.736154532658113273e-02,-1.952824352419629123e-02,-2.129373197210672128e-02,-2.333475760836151505e-02,-2.482697980002265131e-02,-2.581127974177682347e-02,-2.531151545132428321e-02,-2.129403640364360001e-02,-1.470231852379180575e-02,4.536632073227950951e-02,2.166083712200883582e-02,1.787103687284611470e-02,1.986153480188328213e-02,2.155723196401701861e-02,2.157295395343569386e-02,2.534252115456178331e-02,2.620200650411765725e-02,2.963392491141780133e-02,3.315534648179008920e-02,3.608798746096720383e-02,3.921624938922776277e-02,4.435345082272235118e-02,3.862968603879819718e-02,4.471780989208342522e-02,4.677869784975812600e-02,6.658619863445887355e-02,6.397734607730515277e-02,1.188365423172132729e-01,1.247539049298623109e-01,1.304745132751953529e-01,1.262598329800831698e-01,1.393827297231705065e-01,1.257614923875936541e-01,1.277004323296714039e-01,6.722936175514100665e-02,-5.443401333182324581e-02,-2.087000210332163111e-02,-1.852957941657093835e-02,-1.989879846942902916e-02,-2.240425103952626770e-02,-2.527901815328361182e-02,-2.794792937693141993e-02,-3.017517588622647962e-02,-3.292215464267801706e-02,-3.582672011260860240e-02,-3.855792189396023417e-02,-4.183123202873461483e-02,-4.665711066707654842e-02,-4.431693874480236578e-02,-4.858789198634459738e-02,-5.231081029656835940e-02,-6.868639967964793036e-02,-7.281023013574512703e-02,-1.120927107770964548e-01,-1.225980523727085991e-01,-1.304315289853900106e-01,-1.262598329800831698e-01,-1.393827297231705065e-01,-1.257614923875936541e-01,-1.277004323296714039e-01,-6.722936175514100665e-02
cmzo,-1.900000000000000105e-04,-2.500000000000000052e-04,-3.299999999999999982e-04,-4.200000000000000174e-04,-5.100000000000000366e-04,-6.199999999999999999e-04,-7.399999999999999894e-04,-8.800000000000000313e-04,-1.030000000000000100e-03,-1.209999999999999921e-03,-1.420000000000000038e-03,-1.670000000000000043e-03,-1.979999999999999989e-03,-3.919999999999999873e-03,-2.409999999999999816e-03,-2.959999999999999958e-03,-3.579999999999999849e-03,-4.300000000000000003e-03,-5.120000000000000419e-03,-6.049999999999999822e-03,-7.190000000000000210e-03,-8.479999999999999691e-03,-1.009000000000000001e-02,-1.191000000000000045e-02,-1.420000000000000082e-02,-1.643000000000000016e-02,-1.883999999999999911e-02,1.900000000000000105e-04,2.500000000000000052e-04,3.299999999999999982e-04,4.200000000000000174e-04,5.100000000000000366e-04,6.199999999999999999e-04,7.399999999999999894e-04,8.800000000000000313e-04,1.030000000000000100e-03,1.209999999999999921e-03,1.420000000000000038e-03,1.670000000000000043e-03,1.979999999999999989e-03,3.899999999999999821e-03,2.409999999999999816e-03,2.959999999999999958e-03,3.579999999999999849e-03,4.300000000000000003e-03,5.120000000000000419e-03,6.049999999999999822e-03,7.190000000000000210e-03,8.479999999999999691e-03,1.009000000000000001e-02,1.191000000000000045e-02,1.420000000000000082e-02,1.643000000000000016e-02,1.883999999999999911e-02,-4.219999999999999793e-03,-4.789999999999999987e-03,-5.420000000000000338e-03,-6.109999999999999980e-03,-6.890000000000000291e-03,-7.760000000000000404e-03,-8.729999999999999913e-03,-9.830000000000000196e-03,-1.107999999999999957e-02,-1.250000000000000069e-02,-1.408000000000000050e-02,-1.582000000000000073e-02,-1.782999999999999863e-02,4.219999999999999793e-03,4.789999999999999987e-03,5.409999999999999878e-03,6.109999999999999980e-03,6.879999999999999831e-03,7.749999999999999944e-03,8.720000000000000320e-03,9.820000000000000603e-03,1.106999999999999998e-02,1.247999999999999977e-02,1.405999999999999958e-02,1.580000000000000154e-02,1.781999999999999904e-02,-1.629999999999999939e-03,-1.709999999999999932e-03,-1.789999999999999925e-03,-1.879999999999999944e-03,-1.969999999999999963e-03,-2.079999999999999818e-03,-2.190000000000000106e-03,-2.309999999999999987e-03,-2.449999999999999921e-03,-2.599999999999999881e-03,-2.769999999999999893e-03,-2.969999999999999984e-03,-3.180000000000000101e-03,-3.429999999999999889e-03,-3.720000000000000216e-03,-4.049999999999999781e-03,-4.440000000000000370e-03,-4.890000000000000249e-03,-5.449999999999999983e-03,-6.100000000000000387e-03,-6.910000000000000343e-03,-7.919999999999999957e-03,-9.239999999999999949e-03,-1.098999999999999977e-02,-1.345999999999999974e-02,-1.713999999999999899e-02,1.629999999999999939e-03,1.709999999999999932e-03,1.789999999999999925e-03,1.879999999999999944e-03,1.969999999999999963e-03,2.079999999999999818e-03,2.190000000000000106e-03,2.309999999999999987e-03,2.449999999999999921e-03,2.599999999999999881e-03,2.769999999999999893e-03,2.969999999999999984e-03,3.180000000000000101e-03,3.429999999999999889e-03,3.720000000000000216e-03,4.049999999999999781e-03,4.440000000000000370e-03,4.899999999999999842e-03,5.449999999999999983e-03,6.100000000000000387e-03,6.910000000000000343e-03,7.919999999999999957e-03,9.239999999999999949e-03,1.098999999999999977e-02,1.345999999999999974e-02,1.713999999999999899e-02
cmzo*c/cref,-4.576852136489395159e-04,-5.769862232433220842e-04,-7.283166793405278531e-04,-8.845601469089261603e-04,-1.022637177018784465e-03,-1.180632695325772039e-03,-1.334458006374682638e-03,-1.498109340365978096e-03,-1.649516494895400445e-03,-1.815662683838400191e-03,-1.987464688465708038e-03,-2.168826273723041195e-03,-2.371726503470480800e-03,-2.791012474315207170e-03,-2.698543368874075244e-03,-3.151101914022683831e-03,-3.613635445823288900e-03,-4.103192923131684239e-03,-4.603224359700358419e-03,-5.105616799068066376e-03,-5.671046046564305262e-03,-6.220740692801785335e-03,-6.845216181015094728e-03,-7.422943582442118396e-03,-8.066892099600370472e-03,-8.427409460093517393e-03,-8.624283042373842231e-03,4.576852136489395159e-04,5.769862232433220842e-04,7.283166793405278531e-04,8.845601469089261603e-04,1.022637177018784465e-03,1.180632695325772039e-03,1.334458006374682638e-03,1.498109340365978096e-03,1.649516494895400445e-03,1.815662683838400191e-03,1.987464688465708038e-03,2.168826273723041195e-03,2.371726503470480800e-03,2.776772614752374708e-03,2.698543368874075244e-03,3.151101914022683831e-03,3.613635445823288900e-03,4.103192923131684239e-03,4.603224359700358419e-03,5.105616799068066376e-03,5.671046046564305262e-03,6.220740692801785335e-03,6.845216181015094728e-03,7.422943582442118396e-03,8.066892099600370472e-03,8.427409460093517393e-03,8.624283042373842231e-03,-2.727562557639102644e-03,-2.968452286957787723e-03,-3.214577297069911351e-03,-3.461145412331936930e-03,-3.719559928487064463e-03,-3.982632582069992738e-03,-4.248041136117268642e-03,-4.521598014787969397e-03,-4.801587295937353138e-03,-5.084163201579110225e-03,-5.351946802142152834e-03,-5.592158962577054374e-03,-5.827975528661802698e-03,2.727562557639102644e-03,2.968452286957787723e-03,3.208646342647272862e-03,3.461145412331936930e-03,3.714161438024819219e-03,3.977500323587943032e-03,4.243175109615415774e-03,4.516998220266313369e-03,4.797253733395893949e-03,5.076028540456582923e-03,5.344344604980018343e-03,5.585089229375314428e-03,5.824706894041128263e-03,-2.270405366706036276e-03,-2.292081155856132754e-03,-2.311355202485155125e-03,-2.335189832866827256e-03,-2.350179688384810509e-03,-2.379201708544339579e-03,-2.397413448314916155e-03,-2.415268755966152887e-03,-2.441261467147734249e-03,-2.462968595790120639e-03,-2.487897592505703120e-03,-2.521590402381607404e-03,-2.543624411474428720e-03,-2.580327616613004894e-03,-2.627136020191888060e-03,-2.673634297086090791e-03,-2.726576795508599185e-03,-2.777672221593023138e-03,-2.844727700745870204e-03,-2.903024414710308337e-03,-2.970214425550504224e-03,-3.039538822463475412e-03,-3.120508874399339962e-03,-3.205284789748733942e-03,-3.305667286876890713e-03,-3.419930137363081692e-03,2.270405366706036276e-03,2.292081155856132754e-03,2.311355202485155125e-03,2.335189832866827256e-03,2.350179688384810509e-03,2.379201708544339579e-03,2.397413448314916155e-03,2.415268755966152887e-03,2.441261467147734249e-03,2.462968595790120639e-03,2.487897592505703120e-03,2.521590402381607404e-03,2.543624411474428720e-03,2.580327616613004894e-03,2.627136020191888060e-03,2.673634297086090791e-03,2.726576795508599185e-03,2.783352532884624236e-03,2.844727700745870204e-03,2.903024414710308337e-03,2.970214425550504224e-03,3.039538822463475412e-03,3.120508874399339962e-03,3.205284789748733942e-03,3.305667286876890713e-03,3.419930137363081692e-03
cs,1.039999999999999909e-03,2.060000000000000199e-03,2.660000000000000038e-03,3.190000000000000127e-03,3.680000000000000111e-03,4.159999999999999636e-03,4.640000000000000027e-03,5.150000000000000064e-03,5.680000000000000153e-03,6.259999999999999939e-03,6.879999999999999831e-03,7.559999999999999880e-03,9.679999999999999369e-03,5.150000000000000064e-03,1.026000000000000002e-02,1.106000000000000039e-02,1.179999999999999973e-02,1.265999999999999938e-02,1.350999999999999944e-02,1.420000000000000082e-02,1.544000000000000060e-02,1.601999999999999952e-02,1.731999999999999859e-02,1.771999999999999964e-02,1.851999999999999827e-02,1.645999999999999894e-02,1.226999999999999966e-02,-1.039999999999999909e-03,-2.060000000000000199e-03,-2.660000000000000038e-03,-3.190000000000000127e-03,-3.680000000000000111e-03,-4.159999999999999636e-03,-4.640000000000000027e-03,-5.150000000000000064e-03,-5.680000000000000153e-03,-6.259999999999999939e-03,-6.879999999999999831e-03,-7.550000000000000287e-03,-1.004000000000000031e-02,-6.139999999999999625e-03,-1.022999999999999951e-02,-1.106000000000000039e-02,-1.179999999999999973e-02,-1.265999999999999938e-02,-1.350999999999999944e-02,-1.420000000000000082e-02,-1.544000000000000060e-02,-1.601999999999999952e-02,-1.731999999999999859e-02,-1.771999999999999964e-02,-1.851999999999999827e-02,-1.645999999999999894e-02,-1.226999999999999966e-02,2.789999999999999945e-03,4.550000000000000225e-03,5.780000000000000415e-03,6.790000000000000029e-03,7.740000000000000352e-03,8.559999999999999901e-03,9.159999999999999740e-03,9.900000000000000813e-03,1.047999999999999973e-02,1.073999999999999955e-02,1.038000000000000034e-02,8.729999999999999913e-03,5.850000000000000165e-03,-2.619999999999999933e-03,-4.429999999999999910e-03,-5.640000000000000048e-03,-6.640000000000000069e-03,-7.590000000000000392e-03,-8.399999999999999481e-03,-9.029999999999999832e-03,-9.730000000000000801e-03,-1.020000000000000073e-02,-1.047000000000000014e-02,-1.016000000000000063e-02,-8.519999999999999796e-03,-5.850000000000000165e-03,2.699000000000000010e-02,1.606000000000000136e-02,1.378000000000000058e-02,1.495999999999999934e-02,1.577999999999999889e-02,1.606000000000000136e-02,1.799999999999999864e-02,1.856999999999999970e-02,2.042000000000000065e-02,2.230000000000000038e-02,2.395999999999999866e-02,2.585000000000000145e-02,2.903000000000000025e-02,2.736999999999999850e-02,2.927000000000000088e-02,3.005000000000000032e-02,3.844999999999999807e-02,3.701999999999999735e-02,6.022000000000000269e-02,6.176000000000000240e-02,6.321000000000000230e-02,6.029999999999999943e-02,6.482999999999999874e-02,5.772000000000000047e-02,5.730999999999999983e-02,3.002000000000000154e-02,-3.210999999999999965e-02,-1.541999999999999968e-02,-1.425000000000000051e-02,-1.521999999999999915e-02,-1.649000000000000118e-02,-1.796999999999999986e-02,-1.939000000000000098e-02,-2.052999999999999964e-02,-2.205999999999999975e-02,-2.364000000000000129e-02,-2.518000000000000099e-02,-2.707999999999999990e-02,-2.995000000000000093e-02,-2.972999999999999948e-02,-3.099000000000000019e-02,-3.243999999999999662e-02,-3.930999999999999772e-02,-4.077000000000000068e-02,-5.723000000000000309e-02,-6.081999999999999906e-02,-6.318999999999999617e-02,-6.029999999999999943e-02,-6.482999999999999874e-02,-5.772000000000000047e-02,-5.730999999999999983e-02,-3.002000000000000154e-02
cs*c/cref,2.505224327341563050e-03,4.754366479524973869e-03,5.870673839532739198e-03,6.718444925332082290e-03,7.379029042017894863e-03,7.921664536379373345e-03,8.367412364295306881e-03,8.767344435096349406e-03,9.096362806801819995e-03,9.393428430436681631e-03,9.629406377918359877e-03,9.818159658291131589e-03,1.159510735030012778e-02,3.666763837429417878e-03,1.148840454964648004e-02,1.177404971928746116e-02,1.191086543595385773e-02,1.208056335042956286e-02,1.214639865225621701e-02,1.198343116475480107e-02,1.217815729609914889e-02,1.175191814842978938e-02,1.175016295888815093e-02,1.104404368437231915e-02,1.052104518905625646e-02,8.442797304512432779e-03,5.616770325367677341e-03,-2.505224327341563050e-03,-4.754366479524973869e-03,-5.870673839532739198e-03,-6.718444925332082290e-03,-7.379029042017894863e-03,-7.921664536379373345e-03,-8.367412364295306881e-03,-8.767344435096349406e-03,-9.096362806801819995e-03,-9.393428430436681631e-03,-9.629406377918359877e-03,-9.805172674616145084e-03,-1.202633035093112618e-02,-4.371636885789636010e-03,-1.145481272347792165e-02,-1.177404971928746116e-02,-1.191086543595385773e-02,-1.208056335042956286e-02,-1.214639865225621701e-02,-1.198343116475480107e-02,-1.217815729609914889e-02,-1.175191814842978938e-02,-1.175016295888815093e-02,-1.104404368437231915e-02,-1.052104518905625646e-02,-8.442797304512432779e-03,-5.616770325367677341e-03,1.803293728865662570e-03,2.819719813289756766e-03,3.428091656284886976e-03,3.846346538417979091e-03,4.178431617777921513e-03,4.393213260633909399e-03,4.457280275696927190e-03,4.553796576439562462e-03,4.541573543449770566e-03,4.368313022796770952e-03,3.945540327147410709e-03,3.085938542559903998e-03,1.912151253094310005e-03,-1.693415616354134812e-03,-2.745353576455741070e-03,-3.345058294367952035e-03,-3.761375701781352176e-03,-4.097454260844240678e-03,-4.311097124921125373e-03,-4.394021931172844252e-03,-4.475600069571409115e-03,-4.420233792288899392e-03,-4.258495097642662347e-03,-3.861916158363939543e-03,-3.011706343941624592e-03,-1.912151253094310005e-03,3.759401278981344685e-02,2.152679728833303829e-02,1.779356127946672694e-02,1.858214888281262481e-02,1.882529719934634971e-02,1.837018242270293047e-02,1.970476806834177419e-02,1.941625142783180019e-02,2.034716700373744372e-02,2.112469218696911080e-02,2.151986509618651275e-02,2.194717572443250983e-02,2.322057127833417056e-02,2.058996118562622310e-02,2.067104067500445327e-02,1.983770632776223064e-02,2.361190941155532144e-02,2.102851240150791640e-02,3.143293617227822107e-02,2.939193243483748108e-02,2.717036958596922777e-02,2.314194330739237013e-02,2.189421973239277092e-02,1.683430737618716450e-02,1.407487312116750475e-02,5.989865969873962859e-03,-4.472559283738087449e-02,-2.066894235280793482e-02,-1.840045342760528516e-02,-1.890510066820910023e-02,-1.967231627485559881e-02,-2.055493014545278080e-02,-2.122641404695261441e-02,-2.146557037228792944e-02,-2.198131753684857623e-02,-2.239406830941479201e-02,-2.261561782645978708e-02,-2.299147073956024634e-02,-2.395646261750287304e-02,-2.236534695099260533e-02,-2.188573797466306786e-02,-2.141548064135130255e-02,-2.414003014221689780e-02,-2.315862913585839747e-02,-2.987225069975893085e-02,-2.894458113158703688e-02,-2.716177272800815445e-02,-2.314194330739237013e-02,-2.189421973239277092e-02,-1.683430737618716450e-02,-1.407487312116750475e-02,-5.989865969873962859e-03
csi,1.039999999999999909e-03,2.060000000000000199e-03,2.660000000000000038e-03,3.190000000000000127e-03,3.680000000000000111e-03,4.159999999999999636e-03,4.640000000000000027e-03,5.150000000000000064e-03,5.680000000000000153e-03,6.259999999999999939e-03,6.879999999999999831e-03,7.559999999999999880e-03,9.700000000000000289e-03,5.150000000000000064e-03,1.026000000000000002e-02,1.106000000000000039e-02,1.179999999999999973e-02,1.265999999999999938e-02,1.350999999999999944e-02,1.420000000000000082e-02,1.544000000000000060e-02,1.601999999999999952e-02,1.731999999999999859e-02,1.771999999999999964e-02,1.851999999999999827e-02,1.645999999999999894e-02,1.226999999999999966e-02,-1.039999999999999909e-03,-2.060000000000000199e-03,-2.660000000000000038e-03,-3.190000000000000127e-03,-3.680000000000000111e-03,-4.159999999999999636e-03,-4.640000000000000027e-03,-5.150000000000000064e-03,-5.680000000000000153e-03,-6.259999999999999939e-03,-6.879999999999999831e-03,-7.550000000000000287e-03,-1.005999999999999950e-02,-6.139999999999999625e-03,-1.022999999999999951e-02,-1.106000000000000039e-02,-1.179999999999999973e-02,-1.265999999999999938e-02,-1.350999999999999944e-02,-1.420000000000000082e-02,-1.544000000000000060e-02,-1.601999999999999952e-02,-1.731999999999999859e-02,-1.771999999999999964e-02,-1.851999999999999827e-02,-1.645999999999999894e-02,-1.226999999999999966e-02,2.789999999999999945e-03,4.550000000000000225e-03,5.780000000000000415e-03,6.790000000000000029e-03,7.740000000000000352e-03,8.559999999999999901e-03,9.159999999999999740e-03,9.900000000000000813e-03,1.047999999999999973e-02,1.073999999999999955e-02,1.038000000000000034e-02,8.729999999999999913e-03,5.850000000000000165e-03,-2.619999999999999933e-03,-4.429999999999999910e-03,-5.640000000000000048e-03,-6.640000000000000069e-03,-7.590000000000000392e-03,-8.399999999999999481e-03,-9.029999999999999832e-03,-9.730000000000000801e-03,-1.020000000000000073e-02,-1.047000000000000014e-02,-1.016000000000000063e-02,-8.519999999999999796e-03,-5.850000000000000165e-03,2.699000000000000010e-02,1.606000000000000136e-02,1.378000000000000058e-02,1.495999999999999934e-02,1.577999999999999889e-02,1.606000000000000136e-02,1.799999999999999864e-02,1.856999999999999970e-02,2.042000000000000065e-02,2.230000000000000038e-02,2.395999999999999866e-02,2.585000000000000145e-02,2.903000000000000025e-02,2.736999999999999850e-02,2.927000000000000088e-02,3.005000000000000032e-02,3.844999999999999807e-02,3.701999999999999735e-02,6.022000000000000269e-02,6.176000000000000240e-02,6.321000000000000230e-02,6.029999999999999943e-02,6.482999999999999874e-02,5.772000000000000047e-02,5.730999999999999983e-02,3.002000000000000154e-02,-3.210999999999999965e-02,-1.541999999999999968e-02,-1.425000000000000051e-02,-1.521999999999999915e-02,-1.649000000000000118e-02,-1.796999999999999986e-02,-1.939000000000000098e-02,-2.052999999999999964e-02,-2.205999999999999975e-02,-2.364000000000000129e-02,-2.518000000000000099e-02,-2.707999999999999990e-02,-2.995000000000000093e-02,-2.972999999999999948e-02,-3.099000000000000019e-02,-3.243999999999999662e-02,-3.930999999999999772e-02,-4.077000000000000068e-02,-5.723000000000000309e-02,-6.081999999999999906e-02,-6.318999999999999617e-02,-6.029999999999999943e-02,-6.482999999999999874e-02,-5.772000000000000047e-02,-5.730999999999999983e-02,-3.002000000000000154e-02
csi*c/cref,2.505224327341563050e-03,4.754366479524973869e-03,5.870673839532739198e-03,6.718444925332082290e-03,7.379029042017894863e-03,7.921664536379373345e-03,8.367412364295306881e-03,8.767344435096349406e-03,9.096362806801819995e-03,9.393428430436681631e-03,9.629406377918359877e-03,9.818159658291131589e-03,1.161906418366851802e-02,3.666763837429417878e-03,1.148840454964648004e-02,1.177404971928746116e-02,1.191086543595385773e-02,1.208056335042956286e-02,1.214639865225621701e-02,1.198343116475480107e-02,1.217815729609914889e-02,1.175191814842978938e-02,1.175016295888815093e-02,1.104404368437231915e-02,1.052104518905625646e-02,8.442797304512432779e-03,5.616770325367677341e-03,-2.505224327341563050e-03,-4.754366479524973869e-03,-5.870673839532739198e-03,-6.718444925332082290e-03,-7.379029042017894863e-03,-7.921664536379373345e-03,-8.367412364295306881e-03,-8.767344435096349406e-03,-9.096362806801819995e-03,-9.393428430436681631e-03,-9.629406377918359877e-03,-9.805172674616145084e-03,-1.205028718429951469e-02,-4.371636885789636010e-03,-1.145481272347792165e-02,-1.177404971928746116e-02,-1.191086543595385773e-02,-1.208056335042956286e-02,-1.214639865225621701e-02,-1.198343116475480107e-02,-1.217815729609914889e-02,-1.175191814842978938e-02,-1.175016295888815093e-02,-1.104404368437231915e-02,-1.052104518905625646e-02,-8.442797304512432779e-03,-5.616770325367677341e-03,1.803293728865662570e-03,2.819719813289756766e-03,3.428091656284886976e-03,3.846346538417979091e-03,4.178431617777921513e-03,4.393213260633909399e-03,4.457280275696927190e-03,4.553796576439562462e-03,4.541573543449770566e-03,4.368313022796770952e-03,3.945540327147410709e-03,3.085938542559903998e-03,1.912151253094310005e-03,-1.693415616354134812e-03,-2.745353576455741070e-03,-3.345058294367952035e-03,-3.761375701781352176e-03,-4.097454260844240678e-03,-4.311097124921125373e-03,-4.394021931172844252e-03,-4.475600069571409115e-03,-4.420233792288899392e-03,-4.258495097642662347e-03,-3.861916158363939543e-03,-3.011706343941624592e-03,-1.912151253094310005e-03,3.759401278981344685e-02,2.152679728833303829e-02,1.779356127946672694e-02,1.858214888281262481e-02,1.882529719934634971e-02,1.837018242270293047e-02,1.970476806834177419e-02,1.941625142783180019e-02,2.034716700373744372e-02,2.112469218696911080e-02,2.151986509618651275e-02,2.194717572443250983e-02,2.322057127833417056e-02,2.058996118562622310e-02,2.067104067500445327e-02,1.983770632776223064e-02,2.361190941155532144e-02,2.102851240150791640e-02,3.143293617227822107e-02,2.939193243483748108e-02,2.717036958596922777e-02,2.314194330739237013e-02,2.189421973239277092e-02,1.683430737618716450e-02,1.407487312116750475e-02,5.989865969873962859e-03,-4.472559283738087449e-02,-2.066894235280793482e-02,-1.840045342760528516e-02,-1.890510066820910023e-02,-1.967231627485559881e-02,-2.055493014545278080e-02,-2.122641404695261441e-02,-2.146557037228792944e-02,-2.198131753684857623e-02,-2.239406830941479201e-02,-2.261561782645978708e-02,-2.299147073956024634e-02,-2.395646261750287304e-02,-2.236534695099260533e-02,-2.188573797466306786e-02,-2.141548064135130255e-02,-2.414003014221689780e-02,-2.315862913585839747e-02,-2.987225069975893085e-02,-2.894458113158703688e-02,-2.716177272800815445e-02,-2.314194330739237013e-02,-2.189421973239277092e-02,-1.683430737618716450e-02,-1.407487312116750475e-02,-5.989865969873962859e-03
cso,0.000000000000000000e+00,0.000000000000000000e+00,0.000000000000000000e+00,0.000000000000000000e+00,0.000000000000000000e+00,0.000000000000000000e+00,0.000000000000000000e+00,0.000000000000000000e+00,0.000000000000000000e+00,0.000000000000000000e+00,0.000000000000000000e+00,0.000000000000000000e+00,-2.000000000000000164e-05,0.000000000000000000e+00,0.000000000000000000e+00,0.000000000000000000e+00,0.000000000000000000e+00,0.000000000000000000e+00,0.000000000000000000e+00,0.000000000000000000e+00,0.000000000000000000e+00,0.000000000000000000e+00,0.000000000000000000e+00,0.000000000000000000e+00,0.000000000000000000e+00,0.000000000000000000e+00,0.000000000000000000e+00,0.000000000000000000e+00,0.000000000000000000e+00,0.000000000000000000e+00,0.000000000000000000e+00,0.000000000000000000e+00,0.000000000000000000e+00,0.000000000000000000e+00,0.000000000000000000e+00,0.000000000000000000e+00,0.000000000000000000e+00,0.000000000000000000e+00,0.000000000000000000e+00,2.000000000000000164e-05,0.000000000000000000e+00,0.000000000000000000e+00,0.000000000000000000e+00,0.000000000000000000e+00,0.000000000000000000e+00,0.000000000000000000e+00,0.000000000000000000e+00,0.000000000000000000e+00,0.000000000000000000e+00,0.000000000000000000e+00,0.000000000000000000e+00,0.000000000000000000e+00,0.000000000000000000e+00,0.000000000000000000e+00,0.000000000000000000e+00,0.000000000000000000e+00,0.000000000000000000e+00,0.000000000000000000e+00,0.000000000000000000e+00,0.000000000000000000e+00,0.000000000000000000e+00,0.000000000000000000e+00,0.000000000000000000e+00,0.000000000000000000e+00,0.000000000000000000e+00,0.000000000000000000e+00,0.000000000000000000e+00,0.000000000000000000e+00,0.000000000000000000e+00,0.000000000000000000e+00,0.000000000000000000e+00,0.000000000000000000e+00,0.000000000000000000e+00,0.000000000000000000e+00,0.000000000000000000e+00,0.000000000000000000e+00,0.000000000000000000e+00,0.000000000000000000e+00,0.000000000000000000e+00,0.000000000000000000e+00,0.000000000000000000e+00,0.000000000000000000e+00,0.000000000000000000e+00,0.000000000000000000e+00,0.000000000000000000e+00,0.000000000000000000e+00,0.000000000000000000e+00,0.000000000000000000e+00,0.000000000000000000e+00,0.000000000000000000e+00,0.000000000000000000e+00,0.000000000000000000e+00,0.000000000000000000e+00,0.000000000000000000e+00,0.000000000000000000e+00,0.000000000000000000e+00,0.000000000000000000e+00,0.000000000000000000e+00,0.000000000000000000e+00,0.000000000000000000e+00,0.000000000000000000e+00,0.000000000000000000e+00,0.000000000000000000e+00,0.000000000000000000e+00,0.000000000000000000e+00,0.000000000000000000e+00,-0.000000000000000000e+00,0.000000000000000000e+00,0.000000000000000000e+00,0.000000000000000000e+00,0.000000000000000000e+00,0.000000000000000000e+00,0.000000000000000000e+00,0.000000000000000000e+00,0.000000000000000000e+00,0.000000000000000000e+00,0.000000000000000000e+00,0.000000000000000000e+00,0.000000000000000000e+00,0.000000000000000000e+00,0.000000000000000000e+00,0.000000000000000000e+00,0.000000000000000000e+00,0.000000000000000000e+00,0.000000000000000000e+00,0.000000000000000000e+00,0.000000000000000000e+00,0.000000000000000000e+00,0.000000000000000000e+00,0.000000000000000000e+00,0.000000000000000000e+00,0.000000000000000000e+00
cso*c/cref,0.000000000000000000e+00,0.000000000000000000e+00,0.000000000000000000e+00,0.000000000000000000e+00,0.000000000000000000e+00,0.000000000000000000e+00,0.000000000000000000e+00,0.000000000000000000e+00,0.000000000000000000e+00,0.000000000000000000e+00,0.000000000000000000e+00,0.000000000000000000e+00,-2.395683336838869731e-05,0.000000000000000000e+00,0.000000000000000000e+00,0.000000000000000000e+00,0.000000000000000000e+00,0.000000000000000000e+00,0.000000000000000000e+00,0.000000000000000000e+00,0.000000000000000000e+00,0.000000000000000000e+00,0.000000000000000000e+00,0.000000000000000000e+00,0.000000000000000000e+00,0.000000000000000000e+00,0.000000000000000000e+00,0.000000000000000000e+00,0.000000000000000000e+00,0.000000000000000000e+00,0.000000000000000000e+00,0.000000000000000000e+00,0.000000000000000000e+00,0.000000000000000000e+00,0.000000000000000000e+00,0.000000000000000000e+00,0.000000000000000000e+00,0.000000000000000000e+00,0.000000000000000000e+00,2.395683336838869731e-05,0.000000000000000000e+00,0.000000000000000000e+00,0.000000000000000000e+00,0.000000000000000000e+00,0.000000000000000000e+00,0.000000000000000000e+00,0.000000000000000000e+00,0.000000000000000000e+00,0.000000000000000000e+00,0.000000000000000000e+00,0.000000000000000000e+00,0.000000000000000000e+00,0.000000000000000000e+00,0.000000000000000000e+00,0.000000000000000000e+00,0.000000000000000000e+00,0.000000000000000000e+00,0.000000000000000000e+00,0.000000000000000000e+00,0.000000000000000000e+00,0.000000000000000000e+00,0.000000000000000000e+00,0.000000000000000000e+00,0.000000000000000000e+00,0.000000000000000000e+00,0.000000000000000000e+00,0.000000000000000000e+00,0.000000000000000000e+00,0.000000000000000000e+00,0.000000000000000000e+00,0.000000000000000000e+00,0.000000000000000000e+00,0.000000000000000000e+00,0.000000000000000000e+00,0.000000000000000000e+00,0.000000000000000000e+00,0.000000000000000000e+00,0.000000000000000000e+00,0.000000000000000000e+00,0.000000000000000000e+00,0.000000000000000000e+00,0.000000000000000000e+00,0.000000000000000000e+00,0.000000000000000000e+00,0.000000000000000000e+00,0.000000000000000000e+00,0.000000000000000000e+00,0.000000000000000000e+00,0.000000000000000000e+00,0.000000000000000000e+00,0.000000000000000000e+00,0.000000000000000000e+00,0.000000000000000000e+00,0.000000000000000000e+00,0.000000000000000000e+00,0.000000000000000000e+00,0.000000000000000000e+00,0.000000000000000000e+00,0.000000000000000000e+00,0.000000000000000000e+00,0.000000000000000000e+00,0.000000000000000000e+00,0.000000000000000000e+00,0.000000000000000000e+00,0.000000000000000000e+00,0.000000000000000000e+00,-0.000000000000000000e+00,0.000000000000000000e+00,0.000000000000000000e+00,0.000000000000000000e+00,0.000000000000000000e+00,0.000000000000000000e+00,0.000000000000000000e+00,0.000000000000000000e+00,0.000000000000000000e+00,0.000000000000000000e+00,0.000000000000000000e+00,0.000000000000000000e+00,0.000000000000000000e+00,0.000000000000000000e+00,0.000000000000000000e+00,0.000000000000000000e+00,0.000000000000000000e+00,0.000000000000000000e+00,0.000000000000000000e+00,0.000000000000000000e+00,0.000000000000000000e+00,0.000000000000000000e+00,0.000000000000000000e+00,0.000000000000000000e+00,0.000000000000000000e+00,0.000000000000000000e+00
cx,4.660000000000000080e-03,4.689999999999999725e-03,4.720000000000000237e-03,4.749999999999999882e-03,4.789999999999999987e-03,4.819999999999999632e-03,4.870000000000000197e-03,4.910000000000000302e-03,4.959999999999999999e-03,5.020000000000000157e-03,5.080000000000000314e-03,5.139999999999999604e-03,5.219999999999999814e-03,6.020000000000000177e-03,5.349999999999999721e-03,5.420000000000000338e-03,5.490000000000000088e-03,5.570000000000000298e-03,5.660000000000000100e-03,5.749999999999999903e-03,5.879999999999999810e-03,5.969999999999999613e-03,6.119999999999999572e-03,6.210000000000000242e-03,6.340000000000000149e-03,6.250000000000000347e-03,6.049999999999999822e-03,4.660000000000000080e-03,4.689999999999999725e-03,4.720000000000000237e-03,4.749999999999999882e-03,4.789999999999999987e-03,4.819999999999999632e-03,4.870000000000000197e-03,4.910000000000000302e-03,4.959999999999999999e-03,5.020000000000000157e-03,5.080000000000000314e-03,5.139999999999999604e-03,5.219999999999999814e-03,5.989999999999999665e-03,5.349999999999999721e-03,5.420000000000000338e-03,5.490000000000000088e-03,5.570000000000000298e-03,5.660000000000000100e-03,5.749999999999999903e-03,5.879999999999999810e-03,5.969999999999999613e-03,6.119999999999999572e-03,6.210000000000000242e-03,6.340000000000000149e-03,6.250000000000000347e-03,6.049999999999999822e-03,5.490000000000000088e-03,5.539999999999999786e-03,5.590000000000000351e-03,5.640000000000000048e-03,5.700000000000000205e-03,5.760000000000000363e-03,5.810000000000000060e-03,5.879999999999999810e-03,5.939999999999999968e-03,6.000000000000000125e-03,6.040000000000000230e-03,6.040000000000000230e-03,6.040000000000000230e-03,5.490000000000000088e-03,5.530000000000000193e-03,5.579999999999999891e-03,5.640000000000000048e-03,5.689999999999999745e-03,5.749999999999999903e-03,5.810000000000000060e-03,5.870000000000000218e-03,5.930000000000000375e-03,5.989999999999999665e-03,6.029999999999999770e-03,6.040000000000000230e-03,6.040000000000000230e-03,4.969999999999999592e-03,4.989999999999999644e-03,5.020000000000000157e-03,5.040000000000000209e-03,5.069999999999999854e-03,5.089999999999999906e-03,5.120000000000000419e-03,5.150000000000000064e-03,5.179999999999999709e-03,5.219999999999999814e-03,5.250000000000000326e-03,5.290000000000000431e-03,5.329999999999999669e-03,5.369999999999999774e-03,5.420000000000000338e-03,5.459999999999999576e-03,5.519999999999999733e-03,5.570000000000000298e-03,5.649999999999999641e-03,5.720000000000000258e-03,5.799999999999999600e-03,5.879999999999999810e-03,5.980000000000000072e-03,6.089999999999999927e-03,6.230000000000000294e-03,6.389999999999999847e-03,4.969999999999999592e-03,4.989999999999999644e-03,5.020000000000000157e-03,5.040000000000000209e-03,5.069999999999999854e-03,5.089999999999999906e-03,5.120000000000000419e-03,5.150000000000000064e-03,5.179999999999999709e-03,5.219999999999999814e-03,5.250000000000000326e-03,5.290000000000000431e-03,5.329999999999999669e-03,5.369999999999999774e-03,5.420000000000000338e-03,5.459999999999999576e-03,5.519999999999999733e-03,5.570000000000000298e-03,5.649999999999999641e-03,5.720000000000000258e-03,5.799999999999999600e-03,5.879999999999999810e-03,5.980000000000000072e-03,6.089999999999999927e-03,6.230000000000000294e-03,6.389999999999999847e-03
cx*c/cref,1.122533208212662080e-02,1.082426154804472067e-02,1.041713553480997506e-02,1.000395404242237878e-02,9.604768780235249312e-03,9.178467083016485228e-03,8.782176339249599811e-03,8.358769160451083244e-03,7.943302732700179350e-03,7.532749316420470596e-03,7.110084941835068291e-03,6.675309608943970699e-03,6.252733509149449934e-03,4.286197728412640372e-03,5.990542333392656973e-03,5.769923099325320257e-03,5.541580613846328746e-03,5.315066181824065587e-03,5.088720678887504942e-03,4.852445718122542703e-03,4.637795654213924465e-03,4.379460133965408161e-03,4.151905156373873057e-03,3.870401313767049111e-03,3.601696895173686630e-03,3.205800920607698116e-03,2.769475180804763497e-03,1.122533208212662080e-02,1.082426154804472067e-02,1.041713553480997506e-02,1.000395404242237878e-02,9.604768780235249312e-03,9.178467083016485228e-03,8.782176339249599811e-03,8.358769160451083244e-03,7.943302732700179350e-03,7.532749316420470596e-03,7.110084941835068291e-03,6.675309608943970699e-03,6.252733509149449934e-03,4.264837939068390378e-03,5.990542333392656973e-03,5.769923099325320257e-03,5.541580613846328746e-03,5.315066181824065587e-03,5.088720678887504942e-03,4.852445718122542703e-03,4.637795654213924465e-03,4.379460133965408161e-03,4.151905156373873057e-03,3.870401313767049111e-03,3.601696895173686630e-03,3.205800920607698116e-03,2.769475180804763497e-03,3.548416692284046044e-03,3.433241267170384844e-03,3.315403522254761325e-03,3.194903457537172451e-03,3.077139563479864767e-03,2.956180885660200652e-03,2.827161397576326372e-03,2.704679178733800527e-03,2.574136149627064950e-03,2.440398336757972509e-03,2.295863542964389145e-03,2.135059426925752912e-03,1.974255310887116678e-03,3.548416692284046044e-03,3.427044080767550818e-03,3.309472567832122836e-03,3.194903457537172451e-03,3.071741073017619089e-03,2.951048627178151380e-03,2.827161397576326372e-03,2.700079384212144499e-03,2.569802587085605328e-03,2.436331006196709292e-03,2.292062444383322333e-03,2.135059426925752912e-03,1.974255310887116678e-03,6.922647038361349342e-03,6.688587700422281984e-03,6.482124646075686572e-03,6.260296147685537674e-03,6.048431989904055374e-03,5.822181104082061603e-03,5.604911806106105225e-03,5.384690083647483173e-03,5.161524244826637929e-03,4.944883103855549772e-03,4.715329372077596039e-03,4.491317585386769319e-03,4.263370475836070900e-03,4.039754898312489066e-03,3.827708932645170273e-03,3.604455126441989156e-03,3.389798178199880056e-03,3.163933389421909933e-03,2.949121377837461699e-03,2.722180270843108617e-03,2.493088808710987141e-03,2.256627307586519388e-03,2.019550115682689721e-03,1.776176921707897259e-03,1.530037681815975574e-03,1.274991457278301871e-03,6.922647038361349342e-03,6.688587700422281984e-03,6.482124646075686572e-03,6.260296147685537674e-03,6.048431989904055374e-03,5.822181104082061603e-03,5.604911806106105225e-03,5.384690083647483173e-03,5.161524244826637929e-03,4.944883103855549772e-03,4.715329372077596039e-03,4.491317585386769319e-03,4.263370475836070900e-03,4.039754898312489066e-03,3.827708932645170273e-03,3.604455126441989156e-03,3.389798178199880056e-03,3.163933389421909933e-03,2.949121377837461699e-03,2.722180270843108617e-03,2.493088808710987141e-03,2.256627307586519388e-03,2.019550115682689721e-03,1.776176921707897259e-03,1.530037681815975574e-03,1.274991457278301871e-03
cxi,0.000000000000000000e+00,0.000000000000000000e+00,0.000000000000000000e+00,0.000000000000000000e+00,0.000000000000000000e+00,0.000000000000000000e+00,0.000000000000000000e+00,0.000000000000000000e+00,0.000000000000000000e+00,0.000000000000000000e+00,0.000000000000000000e+00,0.000000000000000000e+00,0.000000000000000000e+00,-0.000000000000000000e+00,-0.000000000000000000e+00,-0.000000000000000000e+00,-0.000000000000000000e+00,-0.000000000000000000e+00,-0.000000000000000000e+00,-0.000000000000000000e+00,-0.000000000000000000e+00,-0.000000000000000000e+00,-0.000000000000000000e+00,-0.000000000000000000e+00,-0.000000000000000000e+00,-0.000000000000000000e+00,-0.000000000000000000e+00,0.000000000000000000e+00,0.000000000000000000e+00,0.000000000000000000e+00,0.000000000000000000e+00,0.000000000000000000e+00,0.000000000000000000e+00,0.000000000000000000e+00,0.000000000000000000e+00,0.000000000000000000e+00,0.000000000000000000e+00,0.000000000000000000e+00,0.000000000000000000e+00,0.000000000000000000e+00,-0.000000000000000000e+00,-0.000000000000000000e+00,-0.000000000000000000e+00,-0.000000000000000000e+00,-0.000000000000000000e+00,-0.000000000000000000e+00,-0.000000000000000000e+00,-0.000000000000000000e+00,-0.000000000000000000e+00,-0.000000000000000000e+00,-0.000000000000000000e+00,-0.000000000000000000e+00,-0.000000000000000000e+00,-0.000000000000000000e+00,-0.000000000000000000e+00,0.000000000000000000e+00,0.000000000000000000e+00,0.000000000000000000e+00,0.000000000000000000e+00,0.000000000000000000e+00,0.000000000000000000e+00,0.000000000000000000e+00,0.000000000000000000e+00,0.000000000000000000e+00,0.000000000000000000e+00,0.000000000000000000e+00,-0.000000000000000000e+00,-0.000000000000000000e+00,0.000000000000000000e+00,0.000000000000000000e+00,0.000000000000000000e+00,0.000000000000000000e+00,0.000000000000000000e+00,0.000000000000000000e+00,0.000000000000000000e+00,0.000000000000000000e+00,0.000000000000000000e+00,0.000000000000000000e+00,-0.000000000000000000e+00,0.000000000000000000e+00,-0.000000000000000000e+00,0.000000000000000000e+00,-0.000000000000000000e+00,-0.000000000000000000e+00,-0.000000000000000000e+00,-0.000000000000000000e+00,-0.000000000000000000e+00,0.000000000000000000e+00,-0.000000000000000000e+00,-0.000000000000000000e+00,-0.000000000000000000e+00,-0.000000000000000000e+00,-0.000000000000000000e+00,-0.000000000000000000e+00,0.000000000000000000e+00,0.000000000000000000e+00,0.000000000000000000e+00,0.000000000000000000e+00,0.000000000000000000e+00,-0.000000000000000000e+00,-0.000000000000000000e+00,-0.000000000000000000e+00,-0.000000000000000000e+00,-0.000000000000000000e+00,-0.000000000000000000e+00,0.000000000000000000e+00,0.000000000000000000e+00,-0.000000000000000000e+00,-0.000000000000000000e+00,-0.000000000000000000e+00,-0.000000000000000000e+00,-0.000000000000000000e+00,-0.000000000000000000e+00,-0.000000000000000000e+00,-0.000000000000000000e+00,-0.000000000000000000e+00,-0.000000000000000000e+00,-0.000000000000000000e+00,-0.000000000000000000e+00,-0.000000000000000000e+00,0.000000000000000000e+00,0.000000000000000000e+00,0.000000000000000000e+00,0.000000000000000000e+00,0.000000000000000000e+00,-0.000000000000000000e+00,-0.000000000000000000e+00,-0.000000000000000000e+00,-0.000000000000000000e+00,-0.000000000000000000e+00,-0.000000000000000000e+00,-0.000000000000000000e+00
cxi*c/cref,0.000000000000000000e+00,0.000000000000000000e+00,0.000000000000000000e+00,0.000000000000000000e+00,0.000000000000000000e+00,0.000000000000000000e+00,0.000000000000000000e+00,0.000000000000000000e+00,0.000000000000000000e+00,0.000000000000000000e+00,0.000000000000000000e+00,0.000000000000000000e+00,0.000000000000000000e+00,-0.000000000000000000e+00,-0.000000000000000000e+00,-0.000000000000000000e+00,-0.000000000000000000e+00,-0.000000000000000000e+00,-0.000000000000000000e+00,-0.000000000000000000e+00,-0.000000000000000000e+00,-0.000000000000000000e+00,-0.000000000000000000e+00,-0.000000000000000000e+00,-0.000000000000000000e+00,-0.000000000000000000e+00,-0.000000000000000000e+00,0.000000000000000000e+00,0.000000000000000000e+00,0.000000000000000000e+00,0.000000000000000000e+00,0.000000000000000000e+00,0.000000000000000000e+00,0.000000000000000000e+00,0.000000000000000000e+00,0.000000000000000000e+00,0.000000000000000000e+00,0.000000000000000000e+00,0.000000000000000000e+00,0.000000000000000000e+00,-0.000000000000000000e+00,-0.000000000000000000e+00,-0.000000000000000000e+00,-0.000000000000000000e+00,-0.000000000000000000e+00,-0.000000000000000000e+00,-0.000000000000000000e+00,-0.000000000000000000e+00,-0.000000000000000000e+00,-0.000000000000000000e+00,-0.000000000000000000e+00,-0.000000000000000000e+00,-0.000000000000000000e+00,-0.000000000000000000e+00,-0.000000000000000000e+00,0.000000000000000000e+00,0.000000000000000000e+00,0.000000000000000000e+00,0.000000000000000000e+00,0.000000000000000000e+00,0.000000000000000000e+00,0.000000000000000000e+00,0.000000000000000000e+00,0.000000000000000000e+00,0.000000000000000000e+00,0.000000000000000000e+00,-0.000000000000000000e+00,-0.000000000000000000e+00,0.000000000000000000e+00,0.000000000000000000e+00,0.000000000000000000e+00,0.000000000000000000e+00,0.000000000000000000e+00,0.000000000000000000e+00,0.000000000000000000e+00,0.000000000000000000e+00,0.000000000000000000e+00,0.000000000000000000e+00,-0.000000000000000000e+00,0.000000000000000000e+00,-0.000000000000000000e+00,0.000000000000000000e+00,-0.000000000000000000e+00,-0.000000000000000000e+00,-0.000000000000000000e+00,-0.000000000000000000e+00,-0.000000000000000000e+00,0.000000000000000000e+00,-0.000000000000000000e+00,-0.000000000000000000e+00,-0.000000000000000000e+00,-0.000000000000000000e+00,-0.000000000000000000e+00,-0.000000000000000000e+00,0.000000000000000000e+00,0.000000000000000000e+00,0.000000000000000000e+00,0.000000000000000000e+00,0.000000000000000000e+00,-0.000000000000000000e+00,-0.000000000000000000e+00,-0.000000000000000000e+00,-0.000000000000000000e+00,-0.000000000000000000e+00,-0.000000000000000000e+00,0.000000000000000000e+00,0.000000000000000000e+00,-0.000000000000000000e+00,-0.000000000000000000e+00,-0.000000000000000000e+00,-0.000000000000000000e+00,-0.000000000000000000e+00,-0.000000000000000000e+00,-0.000000000000000000e+00,-0.000000000000000000e+00,-0.000000000000000000e+00,-0.000000000000000000e+00,-0.000000000000000000e+00,-0.000000000000000000e+00,-0.000000000000000000e+00,0.000000000000000000e+00,0.000000000000000000e+00,0.000000000000000000e+00,0.000000000000000000e+00,0.000000000000000000e+00,-0.000000000000000000e+00,-0.000000000000000000e+00,-0.000000000000000000e+00,-0.000000000000000000e+00,-0.000000000000000000e+00,-0.000000000000000000e+00,-0.000000000000000000e+00
cxo,4.660000000000000080e-03,4.689999999999999725e-03,4.720000000000000237e-03,4.749999999999999882e-03,4.789999999999999987e-03,4.819999999999999632e-03,4.870000000000000197e-03,4.910000000000000302e-03,4.959999999999999999e-03,5.020000000000000157e-03,5.080000000000000314e-03,5.139999999999999604e-03,5.219999999999999814e-03,6.020000000000000177e-03,5.349999999999999721e-03,5.420000000000000338e-03,5.490000000000000088e-03,5.570000000000000298e-03,5.660000000000000100e-03,5.749999999999999903e-03,5.879999999999999810e-03,5.969999999999999613e-03,6.119999999999999572e-03,6.210000000000000242e-03,6.340000000000000149e-03,6.250000000000000347e-03,6.049999999999999822e-03,4.660000000000000080e-03,4.689999999999999725e-03,4.720000000000000237e-03,4.749999999999999882e-03,4.789999999999999987e-03,4.819999999999999632e-03,4.870000000000000197e-03,4.910000000000000302e-03,4.959999999999999999e-03,5.020000000000000157e-03,5.080000000000000314e-03,5.139999999999999604e-03,5.219999999999999814e-03,5.989999999999999665e-03,5.349999999999999721e-03,5.420000000000000338e-03,5.490000000000000088e-03,5.570000000000000298e-03,5.660000000000000100e-03,5.749999999999999903e-03,5.879999999999999810e-03,5.969999999999999613e-03,6.119999999999999572e-03,6.210000000000000242e-03,6.340000000000000149e-03,6.250000000000000347e-03,6.049999999999999822e-03,5.490000000000000088e-03,5.539999999999999786e-03,5.590000000000000351e-03,5.640000000000000048e-03,5.700000000000000205e-03,5.760000000000000363e-03,5.810000000000000060e-03,5.879999999999999810e-03,5.939999999999999968e-03,6.000000000000000125e-03,6.040000000000000230e-03,6.040000000000000230e-03,6.040000000000000230e-03,5.490000000000000088e-03,5.530000000000000193e-03,5.579999999999999891e-03,5.640000000000000048e-03,5.689999999999999745e-03,5.749999999999999903e-03,5.810000000000000060e-03,5.870000000000000218e-03,5.930000000000000375e-03,5.989999999999999665e-03,6.029999999999999770e-03,6.040000000000000230e-03,6.040000000000000230e-03,4.969999999999999592e-03,4.989999999999999644e-03,5.020000000000000157e-03,5.040000000000000209e-03,5.069999999999999854e-03,5.089999999999999906e-03,5.120000000000000419e-03,5.150000000000000064e-03,5.179999999999999709e-03,5.219999999999999814e-03,5.250000000000000326e-03,5.290000000000000431e-03,5.329999999999999669e-03,5.369999999999999774e-03,5.420000000000000338e-03,5.459999999999999576e-03,5.519999999999999733e-03,5.570000000000000298e-03,5.649999999999999641e-03,5.720000000000000258e-03,5.799999999999999600e-03,5.879999999999999810e-03,5.980000000000000072e-03,6.089999999999999927e-03,6.230000000000000294e-03,6.389999999999999847e-03,4.969999999999999592e-03,4.989999999999999644e-03,5.020000000000000157e-03,5.040000000000000209e-03,5.069999999999999854e-03,5.089999999999999906e-03,5.120000000000000419e-03,5.150000000000000064e-03,5.179999999999999709e-03,5.219999999999999814e-03,5.250000000000000326e-03,5.290000000000000431e-03,5.329999999999999669e-03,5.369999999999999774e-03,5.420000000000000338e-03,5.459999999999999576e-03,5.519999999999999733e-03,5.570000000000000298e-03,5.649999999999999641e-03,5.720000000000000258e-03,5.799999999999999600e-03,5.879999999999999810e-03,5.980000000000000072e-03,6.089999999999999927e-03,6.230000000000000294e-03,6.389999999999999847e-03
cxo*c/cref,1.122533208212662080e-02,1.082426154804472067e-02,1.041713553480997506e-02,1.000395404242237878e-02,9.604768780235249312e-03,9.178467083016485228e-03,8.782176339249599811e-03,8.358769160451083244e-03,7.943302732700179350e-03,7.532749316420470596e-03,7.110084941835068291e-03,6.675309608943970699e-03,6.252733509149449934e-03,4.286197728412640372e-03,5.990542333392656973e-03,5.769923099325320257e-03,5.541580613846328746e-03,5.315066181824065587e-03,5.088720678887504942e-03,4.852445718122542703e-03,4.637795654213924465e-03,4.379460133965408161e-03,4.151905156373873057e-03,3.870401313767049111e-03,3.601696895173686630e-03,3.205800920607698116e-03,2.769475180804763497e-03,1.122533208212662080e-02,1.082426154804472067e-02,1.041713553480997506e-02,1.000395404242237878e-02,9.604768780235249312e-03,9.178467083016485228e-03,8.782176339249599811e-03,8.358769160451083244e-03,7.943302732700179350e-03,7.532749316420470596e-03,7.110084941835068291e-03,6.675309608943970699e-03,6.252733509149449934e-03,4.264837939068390378e-03,5.990542333392656973e-03,5.769923099325320257e-03,5.541580613846328746e-03,5.315066181824065587e-03,5.088720678887504942e-03,4.852445718122542703e-03,4.637795654213924465e-03,4.379460133965408161e-03,4.151905156373873057e-03,3.870401313767049111e-03,3.601696895173686630e-03,3.205800920607698116e-03,2.769475180804763497e-03,3.548416692284046044e-03,3.433241267170384844e-03,3.315403522254761325e-03,3.194903457537172451e-03,3.077139563479864767e-03,2.956180885660200652e-03,2.827161397576326372e-03,2.704679178733800527e-03,2.574136149627064950e-03,2.440398336757972509e-03,2.295863542964389145e-03,2.135059426925752912e-03,1.974255310887116678e-03,3.548416692284046044e-03,3.427044080767550818e-03,3.309472567832122836e-03,3.194903457537172451e-03,3.071741073017619089e-03,2.951048627178151380e-03,2.827161397576326372e-03,2.700079384212144499e-03,2.569802587085605328e-03,2.436331006196709292e-03,2.292062444383322333e-03,2.135059426925752912e-03,1.974255310887116678e-03,6.922647038361349342e-03,6.688587700422281984e-03,6.482124646075686572e-03,6.260296147685537674e-03,6.048431989904055374e-03,5.822181104082061603e-03,5.604911806106105225e-03,5.384690083647483173e-03,5.161524244826637929e-03,4.944883103855549772e-03,4.715329372077596039e-03,4.491317585386769319e-03,4.263370475836070900e-03,4.039754898312489066e-03,3.827708932645170273e-03,3.604455126441989156e-03,3.389798178199880056e-03,3.163933389421909933e-03,2.949121377837461699e-03,2.722180270843108617e-03,2.493088808710987141e-03,2.256627307586519388e-03,2.019550115682689721e-03,1.776176921707897259e-03,1.530037681815975574e-03,1.274991457278301871e-03,6.922647038361349342e-03,6.688587700422281984e-03,6.482124646075686572e-03,6.260296147685537674e-03,6.048431989904055374e-03,5.822181104082061603e-03,5.604911806106105225e-03,5.384690083647483173e-03,5.161524244826637929e-03,4.944883103855549772e-03,4.715329372077596039e-03,4.491317585386769319e-03,4.263370475836070900e-03,4.039754898312489066e-03,3.827708932645170273e-03,3.604455126441989156e-03,3.389798178199880056e-03,3.163933389421909933e-03,2.949121377837461699e-03,2.722180270843108617e-03,2.493088808710987141e-03,2.256627307586519388e-03,2.019550115682689721e-03,1.776176921707897259e-03,1.530037681815975574e-03,1.274991457278301871e-03
cy,1.039999999999999909e-03,2.060000000000000199e-03,2.660000000000000038e-03,3.190000000000000127e-03,3.680000000000000111e-03,4.159999999999999636e-03,4.640000000000000027e-03,5.150000000000000064e-03,5.680000000000000153e-03,6.259999999999999939e-03,6.879999999999999831e-03,7.559999999999999880e-03,9.679999999999999369e-03,5.150000000000000064e-03,1.026000000000000002e-02,1.106000000000000039e-02,1.179999999999999973e-02,1.265999999999999938e-02,1.350999999999999944e-02,1.420000000000000082e-02,1.544000000000000060e-02,1.601999999999999952e-02,1.731999999999999859e-02,1.771999999999999964e-02,1.851999999999999827e-02,1.645999999999999894e-02,1.226999999999999966e-02,-1.039999999999999909e-03,-2.060000000000000199e-03,-2.660000000000000038e-03,-3.190000000000000127e-03,-3.680000000000000111e-03,-4.159999999999999636e-03,-4.640000000000000027e-03,-5.150000000000000064e-03,-5.680000000000000153e-03,-6.259999999999999939e-03,-6.879999999999999831e-03,-7.550000000000000287e-03,-1.004000000000000031e-02,-6.139999999999999625e-03,-1.022999999999999951e-02,-1.106000000000000039e-02,-1.179999999999999973e-02,-1.265999999999999938e-02,-1.350999999999999944e-02,-1.420000000000000082e-02,-1.544000000000000060e-02,-1.601999999999999952e-02,-1.731999999999999859e-02,-1.771999999999999964e-02,-1.851999999999999827e-02,-1.645999999999999894e-02,-1.226999999999999966e-02,2.789999999999999945e-03,4.550000000000000225e-03,5.780000000000000415e-03,6.790000000000000029e-03,7.740000000000000352e-03,8.559999999999999901e-03,9.159999999999999740e-03,9.900000000000000813e-03,1.047999999999999973e-02,1.073999999999999955e-02,1.038000000000000034e-02,8.729999999999999913e-03,5.850000000000000165e-03,-2.619999999999999933e-03,-4.429999999999999910e-03,-5.640000000000000048e-03,-6.640000000000000069e-03,-7.590000000000000392e-03,-8.399999999999999481e-03,-9.029999999999999832e-03,-9.730000000000000801e-03,-1.020000000000000073e-02,-1.047000000000000014e-02,-1.016000000000000063e-02,-8.519999999999999796e-03,-5.850000000000000165e-03,2.699000000000000010e-02,1.606000000000000136e-02,1.378000000000000058e-02,1.495999999999999934e-02,1.577999999999999889e-02,1.606000000000000136e-02,1.799999999999999864e-02,1.856999999999999970e-02,2.042000000000000065e-02,2.230000000000000038e-02,2.395999999999999866e-02,2.585000000000000145e-02,2.903000000000000025e-02,2.736999999999999850e-02,2.927000000000000088e-02,3.005000000000000032e-02,3.844999999999999807e-02,3.701999999999999735e-02,6.022000000000000269e-02,6.176000000000000240e-02,6.321000000000000230e-02,6.029999999999999943e-02,6.482999999999999874e-02,5.772000000000000047e-02,5.730999999999999983e-02,3.002000000000000154e-02,-3.210999999999999965e-02,-1.541999999999999968e-02,-1.425000000000000051e-02,-1.521999999999999915e-02,-1.649000000000000118e-02,-1.796999999999999986e-02,-1.939000000000000098e-02,-2.052999999999999964e-02,-2.205999999999999975e-02,-2.364000000000000129e-02,-2.518000000000000099e-02,-2.707999999999999990e-02,-2.995000000000000093e-02,-2.972999999999999948e-02,-3.099000000000000019e-02,-3.243999999999999662e-02,-3.930999999999999772e-02,-4.077000000000000068e-02,-5.723000000000000309e-02,-6.081999999999999906e-02,-6.318999999999999617e-02,-6.029999999999999943e-02,-6.482999999999999874e-02,-5.772000000000000047e-02,-5.730999999999999983e-02,-3.002000000000000154e-02
cy*c/cref,2.505224327341563050e-03,4.754366479524973869e-03,5.870673839532739198e-03,6.718444925332082290e-03,7.379029042017894863e-03,7.921664536379373345e-03,8.367412364295306881e-03,8.767344435096349406e-03,9.096362806801819995e-03,9.393428430436681631e-03,9.629406377918359877e-03,9.818159658291131589e-03,1.159510735030012778e-02,3.666763837429417878e-03,1.148840454964648004e-02,1.177404971928746116e-02,1.191086543595385773e-02,1.208056335042956286e-02,1.214639865225621701e-02,1.198343116475480107e-02,1.217815729609914889e-02,1.175191814842978938e-02,1.175016295888815093e-02,1.104404368437231915e-02,1.052104518905625646e-02,8.442797304512432779e-03,5.616770325367677341e-03,-2.505224327341563050e-03,-4.754366479524973869e-03,-5.870673839532739198e-03,-6.718444925332082290e-03,-7.379029042017894863e-03,-7.921664536379373345e-03,-8.367412364295306881e-03,-8.767344435096349406e-03,-9.096362806801819995e-03,-9.393428430436681631e-03,-9.629406377918359877e-03,-9.805172674616145084e-03,-1.202633035093112618e-02,-4.371636885789636010e-03,-1.145481272347792165e-02,-1.177404971928746116e-02,-1.191086543595385773e-02,-1.208056335042956286e-02,-1.214639865225621701e-02,-1.198343116475480107e-02,-1.217815729609914889e-02,-1.175191814842978938e-02,-1.175016295888815093e-02,-1.104404368437231915e-02,-1.052104518905625646e-02,-8.442797304512432779e-03,-5.616770325367677341e-03,1.803293728865662570e-03,2.819719813289756766e-03,3.428091656284886976e-03,3.846346538417979091e-03,4.178431617777921513e-03,4.393213260633909399e-03,4.457280275696927190e-03,4.553796576439562462e-03,4.541573543449770566e-03,4.368313022796770952e-03,3.945540327147410709e-03,3.085938542559903998e-03,1.912151253094310005e-03,-1.693415616354134812e-03,-2.745353576455741070e-03,-3.345058294367952035e-03,-3.761375701781352176e-03,-4.097454260844240678e-03,-4.311097124921125373e-03,-4.394021931172844252e-03,-4.475600069571409115e-03,-4.420233792288899392e-03,-4.258495097642662347e-03,-3.861916158363939543e-03,-3.011706343941624592e-03,-1.912151253094310005e-03,3.759401278981344685e-02,2.152679728833303829e-02,1.779356127946672694e-02,1.858214888281262481e-02,1.882529719934634971e-02,1.837018242270293047e-02,1.970476806834177419e-02,1.941625142783180019e-02,2.034716700373744372e-02,2.112469218696911080e-02,2.151986509618651275e-02,2.194717572443250983e-02,2.322057127833417056e-02,2.058996118562622310e-02,2.067104067500445327e-02,1.983770632776223064e-02,2.361190941155532144e-02,2.102851240150791640e-02,3.143293617227822107e-02,2.939193243483748108e-02,2.717036958596922777e-02,2.314194330739237013e-02,2.189421973239277092e-02,1.683430737618716450e-02,1.407487312116750475e-02,5.989865969873962859e-03,-4.472559283738087449e-02,-2.066894235280793482e-02,-1.840045342760528516e-02,-1.890510066820910023e-02,-1.967231627485559881e-02,-2.055493014545278080e-02,-2.122641404695261441e-02,-2.146557037228792944e-02,-2.198131753684857623e-02,-2.239406830941479201e-02,-2.261561782645978708e-02,-2.299147073956024634e-02,-2.395646261750287304e-02,-2.236534695099260533e-02,-2.188573797466306786e-02,-2.141548064135130255e-02,-2.414003014221689780e-02,-2.315862913585839747e-02,-2.987225069975893085e-02,-2.894458113158703688e-02,-2.716177272800815445e-02,-2.314194330739237013e-02,-2.189421973239277092e-02,-1.683430737618716450e-02,-1.407487312116750475e-02,-5.989865969873962859e-03
cyi,1.039999999999999909e-03,2.060000000000000199e-03,2.660000000000000038e-03,3.190000000000000127e-03,3.680000000000000111e-03,4.159999999999999636e-03,4.640000000000000027e-03,5.150000000000000064e-03,5.680000000000000153e-03,6.259999999999999939e-03,6.879999999999999831e-03,7.559999999999999880e-03,9.700000000000000289e-03,5.150000000000000064e-03,1.026000000000000002e-02,1.106000000000000039e-02,1.179999999999999973e-02,1.265999999999999938e-02,1.350999999999999944e-02,1.420000000000000082e-02,1.544000000000000060e-02,1.601999999999999952e-02,1.731999999999999859e-02,1.771999999999999964e-02,1.851999999999999827e-02,1.645999999999999894e-02,1.226999999999999966e-02,-1.039999999999999909e-03,-2.060000000000000199e-03,-2.660000000000000038e-03,-3.190000000000000127e-03,-3.680000000000000111e-03,-4.159999999999999636e-03,-4.640000000000000027e-03,-5.150000000000000064e-03,-5.680000000000000153e-03,-6.259999999999999939e-03,-6.879999999999999831e-03,-7.550000000000000287e-03,-1.005999999999999950e-02,-6.139999999999999625e-03,-1.022999999999999951e-02,-1.106000000000000039e-02,-1.179999999999999973e-02,-1.265999999999999938e-02,-1.350999999999999944e-02,-1.420000000000000082e-02,-1.544000000000000060e-02,-1.601999999999999952e-02,-1.731999999999999859e-02,-1.771999999999999964e-02,-1.851999999999999827e-02,-1.645999999999999894e-02,-1.226999999999999966e-02,2.789999999999999945e-03,4.550000000000000225e-03,5.780000000000000415e-03,6.790000000000000029e-03,7.740000000000000352e-03,8.559999999999999901e-03,9.159999999999999740e-03,9.900000000000000813e-03,1.047999999999999973e-02,1.073999999999999955e-02,1.038000000000000034e-02,8.729999999999999913e-03,5.850000000000000165e-03,-2.619999999999999933e-03,-4.429999999999999910e-03,-5.640000000000000048e-03,-6.640000000000000069e-03,-7.590000000000000392e-03,-8.399999999999999481e-03,-9.029999999999999832e-03,-9.730000000000000801e-03,-1.020000000000000073e-02,-1.047000000000000014e-02,-1.016000000000000063e-02,-8.519999999999999796e-03,-5.850000000000000165e-03,2.699000000000000010e-02,1.606000000000000136e-02,1.378000000000000058e-02,1.495999999999999934e-02,1.577999999999999889e-02,1.606000000000000136e-02,1.799999999999999864e-02,1.856999999999999970e-02,2.042000000000000065e-02,2.230000000000000038e-02,2.395999999999999866e-02,2.585000000000000145e-02,2.903000000000000025e-02,2.736999999999999850e-02,2.927000000000000088e-02,3.005000000000000032e-02,3.844999999999999807e-02,3.701999999999999735e-02,6.022000000000000269e-02,6.176000000000000240e-02,6.321000000000000230e-02,6.029999999999999943e-02,6.482999999999999874e-02,5.772000000000000047e-02,5.730999999999999983e-02,3.002000000000000154e-02,-3.210999999999999965e-02,-1.541999999999999968e-02,-1.425000000000000051e-02,-1.521999999999999915e-02,-1.649000000000000118e-02,-1.796999999999999986e-02,-1.939000000000000098e-02,-2.052999999999999964e-02,-2.205999999999999975e-02,-2.364000000000000129e-02,-2.518000000000000099e-02,-2.707999999999999990e-02,-2.995000000000000093e-02,-2.972999999999999948e-02,-3.099000000000000019e-02,-3.243999999999999662e-02,-3.930999999999999772e-02,-4.077000000000000068e-02,-5.723000000000000309e-02,-6.081999999999999906e-02,-6.318999999999999617e-02,-6.029999999999999943e-02,-6.482999999999999874e-02,-5.772000000000000047e-02,-5.730999999999999983e-02,-3.002000000000000154e-02
cyi*c/cref,2.505224327341563050e-03,4.754366479524973869e-03,5.870673839532739198e-03,6.718444925332082290e-03,7.379029042017894863e-03,7.921664536379373345e-03,8.367412364295306881e-03,8.767344435096349406e-03,9.096362806801819995e-03,9.393428430436681631e-03,9.629406377918359877e-03,9.818159658291131589e-03,1.161906418366851802e-02,3.666763837429417878e-03,1.148840454964648004e-02,1.177404971928746116e-02,1.191086543595385773e-02,1.208056335042956286e-02,1.214639865225621701e-02,1.198343116475480107e-02,1.217815729609914889e-02,1.175191814842978938e-02,1.175016295888815093e-02,1.104404368437231915e-02,1.052104518905625646e-02,8.442797304512432779e-03,5.616770325367677341e-03,-2.505224327341563050e-03,-4.754366479524973869e-03,-5.870673839532739198e-03,-6.718444925332082290e-03,-7.379029042017894863e-03,-7.921664536379373345e-03,-8.367412364295306881e-03,-8.767344435096349406e-03,-9.096362806801819995e-03,-9.393428430436681631e-03,-9.629406377918359877e-03,-9.805172674616145084e-03,-1.205028718429951469e-02,-4.371636885789636010e-03,-1.145481272347792165e-02,-1.177404971928746116e-02,-1.191086543595385773e-02,-1.208056335042956286e-02,-1.214639865225621701e-02,-1.198343116475480107e-02,-1.217815729609914889e-02,-1.175191814842978938e-02,-1.175016295888815093e-02,-1.104404368437231915e-02,-1.052104518905625646e-02,-8.442797304512432779e-03,-5.616770325367677341e-03,1.803293728865662570e-03,2.819719813289756766e-03,3.428091656284886976e-03,3.846346538417979091e-03,4.178431617777921513e-03,4.393213260633909399e-03,4.457280275696927190e-03,4.553796576439562462e-03,4.541573543449770566e-03,4.368313022796770952e-03,3.945540327147410709e-03,3.085938542559903998e-03,1.912151253094310005e-03,-1.693415616354134812e-03,-2.745353576455741070e-03,-3.345058294367952035e-03,-3.761375701781352176e-03,-4.097454260844240678e-03,-4.311097124921125373e-03,-4.394021931172844252e-03,-4.475600069571409115e-03,-4.420233792288899392e-03,-4.258495097642662347e-03,-3.861916158363939543e-03,-3.011706343941624592e-03,-1.912151253094310005e-03,3.759401278981344685e-02,2.152679728833303829e-02,1.779356127946672694e-02,1.858214888281262481e-02,1.882529719934634971e-02,1.837018242270293047e-02,1.970476806834177419e-02,1.941625142783180019e-02,2.034716700373744372e-02,2.112469218696911080e-02,2.151986509618651275e-02,2.194717572443250983e-02,2.322057127833417056e-02,2.058996118562622310e-02,2.067104067500445327e-02,1.983770632776223064e-02,2.361190941155532144e-02,2.102851240150791640e-02,3.143293617227822107e-02,2.939193243483748108e-02,2.717036958596922777e-02,2.314194330739237013e-02,2.189421973239277092e-02,1.683430737618716450e-02,1.407487312116750475e-02,5.989865969873962859e-03,-4.472559283738087449e-02,-2.066894235280793482e-02,-1.840045342760528516e-02,-1.890510066820910023e-02,-1.967231627485559881e-02,-2.055493014545278080e-02,-2.122641404695261441e-02,-2.146557037228792944e-02,-2.198131753684857623e-02,-2.239406830941479201e-02,-2.261561782645978708e-02,-2.299147073956024634e-02,-2.395646261750287304e-02,-2.236534695099260533e-02,-2.188573797466306786e-02,-2.141548064135130255e-02,-2.414003014221689780e-02,-2.315862913585839747e-02,-2.987225069975893085e-02,-2.894458113158703688e-02,-2.716177272800815445e-02,-2.314194330739237013e-02,-2.189421973239277092e-02,-1.683430737618716450e-02,-1.407487312116750475e-02,-5.989865969873962859e-03
cyo,0.000000000000000000e+00,0.000000000000000000e+00,0.000000000000000000e+00,0.000000000000000000e+00,0.000000000000000000e+00,0.000000000000000000e+00,0.000000000000000000e+00,0.000000000000000000e+00,0.000000000000000000e+00,0.000000000000000000e+00,0.000000000000000000e+00,0.000000000000000000e+00,-2.000000000000000164e-05,0.000000000000000000e+00,0.000000000000000000e+00,0.000000000000000000e+00,0.000000000000000000e+00,0.000000000000000000e+00,0.000000000000000000e+00,0.000000000000000000e+00,0.000000000000000000e+00,0.000000000000000000e+00,0.000000000000000000e+00,0.000000000000000000e+00,0.000000000000000000e+00,0.000000000000000000e+00,0.000000000000000000e+00,0.000000000000000000e+00,0.000000000000000000e+00,0.000000000000000000e+00,0.000000000000000000e+00,0.000000000000000000e+00,0.000000000000000000e+00,0.000000000000000000e+00,0.000000000000000000e+00,0.000000000000000000e+00,0.000000000000000000e+00,0.000000000000000000e+00,0.000000000000000000e+00,2.000000000000000164e-05,0.000000000000000000e+00,0.000000000000000000e+00,0.000000000000000000e+00,0.000000000000000000e+00,0.000000000000000000e+00,0.000000000000000000e+00,0.000000000000000000e+00,0.000000000000000000e+00,0.000000000000000000e+00,0.000000000000000000e+00,0.000000000000000000e+00,0.000000000000000000e+00,0.000000000000000000e+00,0.000000000000000000e+00,0.000000000000000000e+00,0.000000000000000000e+00,0.000000000000000000e+00,0.000000000000000000e+00,0.000000000000000000e+00,0.000000000000000000e+00,0.000000000000000000e+00,0.000000000000000000e+00,0.000000000000000000e+00,0.000000000000000000e+00,0.000000000000000000e+00,0.000000000000000000e+00,0.000000000000000000e+00,0.000000000000000000e+00,0.000000000000000000e+00,0.000000000000000000e+00,0.000000000000000000e+00,0.000000000000000000e+00,0.000000000000000000e+00,0.000000000000000000e+00,0.000000000000000000e+00,0.000000000000000000e+00,0.000000000000000000e+00,0.000000000000000000e+00,0.000000000000000000e+00,0.000000000000000000e+00,0.000000000000000000e+00,0.000000000000000000e+00,0.000000000000000000e+00,0.000000000000000000e+00,0.000000000000000000e+00,0.000000000000000000e+00,0.000000000000000000e+00,0.000000000000000000e+00,0.000000000000000000e+00,0.000000000000000000e+00,0.000000000000000000e+00,0.000000000000000000e+00,0.000000000000000000e+00,0.000000000000000000e+00,0.000000000000000000e+00,0.000000000000000000e+00,0.000000000000000000e+00,0.000000000000000000e+00,0.000000000000000000e+00,0.000000000000000000e+00,0.000000000000000000e+00,0.000000000000000000e+00,0.000000000000000000e+00,0.000000000000000000e+00,0.000000000000000000e+00,0.000000000000000000e+00,-0.000000000000000000e+00,0.000000000000000000e+00,0.000000000000000000e+00,0.000000000000000000e+00,0.000000000000000000e+00,0.000000000000000000e+00,0.000000000000000000e+00,0.000000000000000000e+00,0.000000000000000000e+00,0.000000000000000000e+00,0.000000000000000000e+00,0.000000000000000000e+00,0.000000000000000000e+00,0.000000000000000000e+00,0.000000000000000000e+00,0.000000000000000000e+00,0.000000000000000000e+00,0.000000000000000000e+00,0.000000000000000000e+00,0.000000000000000000e+00,0.000000000000000000e+00,0.000000000000000000e+00,0.000000000000000000e+00,0.000000000000000000e+00,0.000000000000000000e+00,0.000000000000000000e+00
cyo*c/cref,0.000000000000000000e+00,0.000000000000000000e+00,0.000000000000000000e+00,0.000000000000000000e+00,0.000000000000000000e+00,0.000000000000000000e+00,0.000000000000000000e+00,0.000000000000000000e+00,0.000000000000000000e+00,0.000000000000000000e+00,0.000000000000000000e+00,0.000000000000000000e+00,-2.395683336838869731e-05,0.000000000000000000e+00,0.000000000000000000e+00,0.000000000000000000e+00,0.000000000000000000e+00,0.000000000000000000e+00,0.000000000000000000e+00,0.000000000000000000e+00,0.000000000000000000e+00,0.000000000000000000e+00,0.000000000000000000e+00,0.000000000000000000e+00,0.000000000000000000e+00,0.000000000000000000e+00,0.000000000000000000e+00,0.000000000000000000e+00,0.000000000000000000e+00,0.000000000000000000e+00,0.000000000000000000e+00,0.000000000000000000e+00,0.000000000000000000e+00,0.000000000000000000e+00,0.000000000000000000e+00,0.000000000000000000e+00,0.000000000000000000e+00,0.000000000000000000e+00,0.000000000000000000e+00,2.395683336838869731e-05,0.000000000000000000e+00,0.000000000000000000e+00,0.000000000000000000e+00,0.000000000000000000e+00,0.000000000000000000e+00,0.000000000000000000e+00,0.000000000000000000e+00,0.000000000000000000e+00,0.000000000000000000e+00,0.000000000000000000e+00,0.000000000000000000e+00,0.000000000000000000e+00,0.000000000000000000e+00,0.000000000000000000e+00,0.000000000000000000e+00,0.000000000000000000e+00,0.000000000000000000e+00,0.000000000000000000e+00,0.000000000000000000e+00,0.000000000000000000e+00,0.000000000000000000e+00,0.000000000000000000e+00,0.000000000000000000e+00,0.000000000000000000e+00,0.000000000000000000e+00,0.000000000000000000e+00,0.000000000000000000e+00,0.000000000000000000e+00,0.000000000000000000e+00,0.000000000000000000e+00,0.000000000000000000e+00,0.000000000000000000e+00,0.000000000000000000e+00,0.000000000000000000e+00,0.000000000000000000e+00,0.000000000000000000e+00,0.000000000000000000e+00,0.000000000000000000e+00,0.000000000000000000e+00,0.000000000000000000e+00,0.000000000000000000e+00,0.000000000000000000e+00,0.000000000000000000e+00,0.000000000000000000e+00,0.000000000000000000e+00,0.000000000000000000e+00,0.000000000000000000e+00,0.000000000000000000e+00,0.000000000000000000e+00,0.000000000000000000e+00,0.000000000000000000e+00,0.000000000000000000e+00,0.000000000000000000e+00,0.000000000000000000e+00,0.000000000000000000e+00,0.000000000000000000e+00,0.000000000000000000e+00,0.000000000000000000e+00,0.000000000000000000e+00,0.000000000000000000e+00,0.000000000000000000e+00,0.000000000000000000e+00,0.000000000000000000e+00,0.000000000000000000e+00,0.000000000000000000e+00,0.000000000000000000e+00,-0.000000000000000000e+00,0.000000000000000000e+00,0.000000000000000000e+00,0.000000000000000000e+00,0.000000000000000000e+00,0.000000000000000000e+00,0.000000000000000000e+00,0.000000000000000000e+00,0.000000000000000000e+00,0.000000000000000000e+00,0.000000000000000000e+00,0.000000000000000000e+00,0.000000000000000000e+00,0.000000000000000000e+00,0.000000000000000000e+00,0.000000000000000000e+00,0.000000000000000000e+00,0.000000000000000000e+00,0.000000000000000000e+00,0.000000000000000000e+00,0.000000000000000000e+00,0.000000000000000000e+00,0.000000000000000000e+00,0.000000000000000000e+00,0.000000000000000000e+00,0.000000000000000000e+00
cz,1.992000000000000021e-02,3.926000000000000323e-02,5.081999999999999712e-02,6.081999999999999906e-02,7.016000000000000014e-02,7.935999999999999999e-02,8.862000000000000433e-02,9.821000000000000563e-02,1.084100000000000064e-01,1.193899999999999961e-01,1.312699999999999978e-01,1.441699999999999926e-01,1.850900000000000045e-01,9.836000000000000298e-02,1.957200000000000051e-01,2.109600000000000086e-01,2.251199999999999868e-01,2.415299999999999947e-01,2.577499999999999791e-01,2.708599999999999897e-01,2.945400000000000240e-01,3.056900000000000173e-01,3.305000000000000160e-01,3.381100000000000216e-01,3.534599999999999964e-01,3.140299999999999758e-01,2.342100000000000015e-01,1.992000000000000021e-02,3.926000000000000323e-02,5.081999999999999712e-02,6.081999999999999906e-02,7.016000000000000014e-02,7.935999999999999999e-02,8.862000000000000433e-02,9.821000000000000563e-02,1.084100000000000064e-01,1.193899999999999961e-01,1.312699999999999978e-01,1.441000000000000059e-01,1.919299999999999895e-01,1.171200000000000019e-01,1.951199999999999879e-01,2.109600000000000086e-01,2.251199999999999868e-01,2.415299999999999947e-01,2.577499999999999791e-01,2.708599999999999897e-01,2.945400000000000240e-01,3.056900000000000173e-01,3.305000000000000160e-01,3.381100000000000216e-01,3.534599999999999964e-01,3.140299999999999758e-01,2.342100000000000015e-01,4.560000000000000164e-02,7.445999999999999841e-02,9.446000000000000230e-02,1.110300000000000037e-01,1.264899999999999913e-01,1.400200000000000056e-01,1.497699999999999865e-01,1.618900000000000061e-01,1.713699999999999946e-01,1.755599999999999938e-01,1.697599999999999942e-01,1.427400000000000058e-01,9.564000000000000279e-02,4.288999999999999757e-02,7.248000000000000276e-02,9.217000000000000193e-02,1.085200000000000053e-01,1.240200000000000052e-01,1.372700000000000031e-01,1.475799999999999890e-01,1.590900000000000092e-01,1.668499999999999983e-01,1.711900000000000088e-01,1.660800000000000054e-01,1.392299999999999927e-01,9.567000000000000504e-02,-2.830000000000000050e-03,-1.690000000000000096e-03,-1.449999999999999900e-03,-1.569999999999999998e-03,-1.660000000000000017e-03,-1.690000000000000096e-03,-1.889999999999999970e-03,-1.949999999999999910e-03,-2.150000000000000001e-03,-2.340000000000000066e-03,-2.520000000000000104e-03,-2.720000000000000195e-03,-3.050000000000000194e-03,-2.880000000000000181e-03,-3.079999999999999839e-03,-3.160000000000000048e-03,-4.040000000000000188e-03,-3.889999999999999795e-03,-6.329999999999999689e-03,-6.490000000000000109e-03,-6.640000000000000069e-03,-6.340000000000000149e-03,-6.810000000000000081e-03,-6.069999999999999875e-03,-6.020000000000000177e-03,-3.150000000000000022e-03,-3.370000000000000166e-03,-1.619999999999999912e-03,-1.500000000000000031e-03,-1.600000000000000077e-03,-1.729999999999999984e-03,-1.889999999999999970e-03,-2.040000000000000147e-03,-2.160000000000000028e-03,-2.320000000000000014e-03,-2.480000000000000000e-03,-2.650000000000000012e-03,-2.850000000000000103e-03,-3.150000000000000022e-03,-3.119999999999999944e-03,-3.259999999999999877e-03,-3.409999999999999837e-03,-4.129999999999999991e-03,-4.279999999999999950e-03,-6.009999999999999717e-03,-6.389999999999999847e-03,-6.640000000000000069e-03,-6.340000000000000149e-03,-6.810000000000000081e-03,-6.069999999999999875e-03,-6.020000000000000177e-03,-3.150000000000000022e-03
cz*c/cref,4.798468134677302127e-02,9.060991649813129878e-02,1.121607686184412783e-01,1.280927336547640072e-01,1.406827928228194247e-01,1.511209850016988210e-01,1.598103628715194235e-01,1.671924071787985466e-01,1.736156147685537499e-01,1.791503866309641368e-01,1.837285138414742613e-01,1.872333436423058994e-01,2.217085144077531877e-01,7.003162933001116919e-02,2.191530739236655922e-01,2.245798850615626507e-01,2.272350870289772951e-01,2.304753922613943240e-01,2.317345856860873188e-01,2.285797299496820367e-01,2.323157027197567115e-01,2.242474318847379744e-01,2.242164467616936663e-01,2.107280818353908236e-01,2.007974423608976655e-01,1.610748260957496625e-01,1.072130218340964780e-01,4.798468134677302127e-02,9.060991649813129878e-02,1.121607686184412783e-01,1.280927336547640072e-01,1.406827928228194247e-01,1.511209850016988210e-01,1.598103628715194235e-01,1.671924071787985466e-01,1.736156147685537499e-01,1.791503866309641368e-01,1.837285138414742613e-01,1.871424347565809887e-01,2.299017514197421175e-01,8.338861759994824208e-02,2.184812374002944313e-01,2.245798850615626507e-01,2.272350870289772951e-01,2.304753922613943240e-01,2.317345856860873188e-01,2.285797299496820367e-01,2.323157027197567115e-01,2.242474318847379744e-01,2.242164467616936663e-01,2.107280818353908236e-01,2.007974423608976655e-01,1.610748260957496625e-01,1.072130218340964780e-01,2.947318782662158507e-02,4.614424995550665820e-02,5.602379547624055517e-02,6.289541327843126139e-02,6.828550585694176389e-02,7.186188326564953155e-02,7.287847891824550395e-02,7.446607351109098272e-02,7.426426127299495805e-02,7.140605533353827639e-02,6.452744951219117897e-02,5.045668586082482920e-02,3.126122151212646499e-02,2.772160144482016531e-02,4.491720704774539857e-02,5.466560691345640627e-02,6.147356794537836566e-02,6.695207871276716294e-02,7.045051218308606700e-02,7.181281911433980147e-02,7.317813104502728094e-02,7.230549100425517905e-02,6.962863187826622002e-02,6.312864523435857134e-02,4.921594768391929220e-02,3.127102741598848656e-02,-3.941869440354651803e-03,-2.265273189120973595e-03,-1.872326840001941163e-03,-1.950131934894105837e-03,-1.980354458232886240e-03,-1.933101388192276070e-03,-2.069000647175886325e-03,-2.038863235555843194e-03,-2.142331491578623650e-03,-2.216671736211108489e-03,-2.263358098597246289e-03,-2.309335318006051213e-03,-2.439639765722329684e-03,-2.166572459430161739e-03,-2.175155629621240358e-03,-2.086094908343715491e-03,-2.480939246363680472e-03,-2.209641092432895575e-03,-3.304059879948873131e-03,-3.088627614995065329e-03,-2.854156843076027014e-03,-2.433166178588185968e-03,-2.299855566521591746e-03,-1.770343828368954988e-03,-1.478463377934538222e-03,-6.285169155597263111e-04,-4.694028273496529506e-03,-2.171445305547915240e-03,-1.936889834484766893e-03,-1.987395602439853085e-03,-2.063863381170417260e-03,-2.161870783244616498e-03,-2.233207047745401456e-03,-2.258433122461857290e-03,-2.311725144401119685e-03,-2.349293122138268811e-03,-2.380118635429643876e-03,-2.419707961881340744e-03,-2.519627954762405832e-03,-2.347120164382674855e-03,-2.302275114469235200e-03,-2.251134062484832100e-03,-2.536207694921287139e-03,-2.431173232805345329e-03,-3.137029996602326651e-03,-3.041037050819486547e-03,-2.854156843076027014e-03,-2.433166178588185968e-03,-2.299855566521591746e-03,-1.770343828368954988e-03,-1.478463377934538222e-03,-6.285169155597263111e-04
czi,1.992000000000000021e-02,3.926000000000000323e-02,5.081999999999999712e-02,6.081999999999999906e-02,7.016000000000000014e-02,7.935999999999999999e-02,8.862000000000000433e-02,9.821000000000000563e-02,1.084100000000000064e-01,1.193899999999999961e-01,1.312699999999999978e-01,1.441699999999999926e-01,1.850900000000000045e-01,9.836000000000000298e-02,1.957200000000000051e-01,2.109600000000000086e-01,2.251199999999999868e-01,2.415299999999999947e-01,2.577499999999999791e-01,2.708599999999999897e-01,2.945400000000000240e-01,3.056900000000000173e-01,3.305000000000000160e-01,3.381100000000000216e-01,3.534599999999999964e-01,3.140299999999999758e-01,2.342100000000000015e-01,1.992000000000000021e-02,3.926000000000000323e-02,5.081999999999999712e-02,6.081999999999999906e-02,7.016000000000000014e-02,7.935999999999999999e-02,8.862000000000000433e-02,9.821000000000000563e-02,1.084100000000000064e-01,1.193899999999999961e-01,1.312699999999999978e-01,1.441000000000000059e-01,1.919299999999999895e-01,1.171200000000000019e-01,1.951199999999999879e-01,2.109600000000000086e-01,2.251199999999999868e-01,2.415299999999999947e-01,2.577499999999999791e-01,2.708599999999999897e-01,2.945400000000000240e-01,3.056900000000000173e-01,3.305000000000000160e-01,3.381100000000000216e-01,3.534599999999999964e-01,3.140299999999999758e-01,2.342100000000000015e-01,4.560000000000000164e-02,7.445999999999999841e-02,9.446000000000000230e-02,1.110300000000000037e-01,1.264899999999999913e-01,1.400200000000000056e-01,1.497699999999999865e-01,1.618900000000000061e-01,1.713699999999999946e-01,1.755599999999999938e-01,1.697599999999999942e-01,1.427400000000000058e-01,9.564000000000000279e-02,4.288999999999999757e-02,7.248000000000000276e-02,9.217000000000000193e-02,1.085200000000000053e-01,1.240200000000000052e-01,1.372700000000000031e-01,1.475799999999999890e-01,1.590900000000000092e-01,1.668499999999999983e-01,1.711900000000000088e-01,1.660800000000000054e-01,1.392299999999999927e-01,9.567000000000000504e-02,-2.840000000000000076e-03,-1.690000000000000096e-03,-1.449999999999999900e-03,-1.569999999999999998e-03,-1.660000000000000017e-03,-1.690000000000000096e-03,-1.889999999999999970e-03,-1.949999999999999910e-03,-2.150000000000000001e-03,-2.340000000000000066e-03,-2.520000000000000104e-03,-2.720000000000000195e-03,-3.050000000000000194e-03,-2.880000000000000181e-03,-3.079999999999999839e-03,-3.160000000000000048e-03,-4.040000000000000188e-03,-3.889999999999999795e-03,-6.329999999999999689e-03,-6.490000000000000109e-03,-6.640000000000000069e-03,-6.340000000000000149e-03,-6.810000000000000081e-03,-6.069999999999999875e-03,-6.020000000000000177e-03,-3.150000000000000022e-03,-3.370000000000000166e-03,-1.619999999999999912e-03,-1.500000000000000031e-03,-1.600000000000000077e-03,-1.729999999999999984e-03,-1.889999999999999970e-03,-2.040000000000000147e-03,-2.160000000000000028e-03,-2.320000000000000014e-03,-2.480000000000000000e-03,-2.650000000000000012e-03,-2.850000000000000103e-03,-3.150000000000000022e-03,-3.119999999999999944e-03,-3.259999999999999877e-03,-3.409999999999999837e-03,-4.129999999999999991e-03,-4.279999999999999950e-03,-6.009999999999999717e-03,-6.389999999999999847e-03,-6.640000000000000069e-03,-6.340000000000000149e-03,-6.810000000000000081e-03,-6.069999999999999875e-03,-6.020000000000000177e-03,-3.150000000000000022e-03
czi*c/cref,4.798468134677302127e-02,9.060991649813129878e-02,1.121607686184412783e-01,1.280927336547640072e-01,1.406827928228194247e-01,1.511209850016988210e-01,1.598103628715194235e-01,1.671924071787985466e-01,1.736156147685537499e-01,1.791503866309641368e-01,1.837285138414742613e-01,1.872333436423058994e-01,2.217085144077531877e-01,7.003162933001116919e-02,2.191530739236655922e-01,2.245798850615626507e-01,2.272350870289772951e-01,2.304753922613943240e-01,2.317345856860873188e-01,2.285797299496820367e-01,2.323157027197567115e-01,2.242474318847379744e-01,2.242164467616936663e-01,2.107280818353908236e-01,2.007974423608976655e-01,1.610748260957496625e-01,1.072130218340964780e-01,4.798468134677302127e-02,9.060991649813129878e-02,1.121607686184412783e-01,1.280927336547640072e-01,1.406827928228194247e-01,1.511209850016988210e-01,1.598103628715194235e-01,1.671924071787985466e-01,1.736156147685537499e-01,1.791503866309641368e-01,1.837285138414742613e-01,1.871424347565809887e-01,2.299017514197421175e-01,8.338861759994824208e-02,2.184812374002944313e-01,2.245798850615626507e-01,2.272350870289772951e-01,2.304753922613943240e-01,2.317345856860873188e-01,2.285797299496820367e-01,2.323157027197567115e-01,2.242474318847379744e-01,2.242164467616936663e-01,2.107280818353908236e-01,2.007974423608976655e-01,1.610748260957496625e-01,1.072130218340964780e-01,2.947318782662158507e-02,4.614424995550665820e-02,5.602379547624055517e-02,6.289541327843126139e-02,6.828550585694176389e-02,7.186188326564953155e-02,7.287847891824550395e-02,7.446607351109098272e-02,7.426426127299495805e-02,7.140605533353827639e-02,6.452744951219117897e-02,5.045668586082482920e-02,3.126122151212646499e-02,2.772160144482016531e-02,4.491720704774539857e-02,5.466560691345640627e-02,6.147356794537836566e-02,6.695207871276716294e-02,7.045051218308606700e-02,7.181281911433980147e-02,7.317813104502728094e-02,7.230549100425517905e-02,6.962863187826622002e-02,6.312864523435857134e-02,4.921594768391929220e-02,3.127102741598848656e-02,-3.955798307635057139e-03,-2.265273189120973595e-03,-1.872326840001941163e-03,-1.950131934894105837e-03,-1.980354458232886240e-03,-1.933101388192276070e-03,-2.069000647175886325e-03,-2.038863235555843194e-03,-2.142331491578623650e-03,-2.216671736211108489e-03,-2.263358098597246289e-03,-2.309335318006051213e-03,-2.439639765722329684e-03,-2.166572459430161739e-03,-2.175155629621240358e-03,-2.086094908343715491e-03,-2.480939246363680472e-03,-2.209641092432895575e-03,-3.304059879948873131e-03,-3.088627614995065329e-03,-2.854156843076027014e-03,-2.433166178588185968e-03,-2.299855566521591746e-03,-1.770343828368954988e-03,-1.478463377934538222e-03,-6.285169155597263111e-04,-4.694028273496529506e-03,-2.171445305547915240e-03,-1.936889834484766893e-03,-1.987395602439853085e-03,-2.063863381170417260e-03,-2.161870783244616498e-03,-2.233207047745401456e-03,-2.258433122461857290e-03,-2.311725144401119685e-03,-2.349293122138268811e-03,-2.380118635429643876e-03,-2.419707961881340744e-03,-2.519627954762405832e-03,-2.347120164382674855e-03,-2.302275114469235200e-03,-2.251134062484832100e-03,-2.536207694921287139e-03,-2.431173232805345329e-03,-3.137029996602326651e-03,-3.041037050819486547e-03,-2.854156843076027014e-03,-2.433166178588185968e-03,-2.299855566521591746e-03,-1.770343828368954988e-03,-1.478463377934538222e-03,-6.285169155597263111e-04
czo,0.000000000000000000e+00,0.000000000000000000e+00,0.000000000000000000e+00,0.000000000000000000e+00,0.000000000000000000e+00,0.000000000000000000e+00,0.000000000000000000e+00,0.000000000000000000e+00,0.000000000000000000e+00,0.000000000000000000e+00,0.000000000000000000e+00,0.000000000000000000e+00,0.000000000000000000e+00,0.000000000000000000e+00,0.000000000000000000e+00,0.000000000000000000e+00,0.000000000000000000e+00,0.000000000000000000e+00,0.000000000000000000e+00,0.000000000000000000e+00,0.000000000000000000e+00,0.000000000000000000e+00,0.000000000000000000e+00,0.000000000000000000e+00,0.000000000000000000e+00,0.000000000000000000e+00,0.000000000000000000e+00,0.000000000000000000e+00,0.000000000000000000e+00,0.000000000000000000e+00,0.000000000000000000e+00,0.000000000000000000e+00,0.000000000000000000e+00,0.000000000000000000e+00,0.000000000000000000e+00,0.000000000000000000e+00,0.000000000000000000e+00,0.000000000000000000e+00,0.000000000000000000e+00,0.000000000000000000e+00,0.000000000000000000e+00,0.000000000000000000e+00,0.000000000000000000e+00,0.000000000000000000e+00,0.000000000000000000e+00,0.000000000000000000e+00,0.000000000000000000e+00,0.000000000000000000e+00,0.000000000000000000e+00,0.000000000000000000e+00,0.000000000000000000e+00,0.000000000000000000e+00,0.000000000000000000e+00,0.000000000000000000e+00,0.000000000000000000e+00,0.000000000000000000e+00,0.000000000000000000e+00,0.000000000000000000e+00,0.000000000000000000e+00,0.000000000000000000e+00,0.000000000000000000e+00,0.000000000000000000e+00,0.000000000000000000e+00,0.000000000000000000e+00,0.000000000000000000e+00,0.000000000000000000e+00,0.000000000000000000e+00,0.000000000000000000e+00,0.000000000000000000e+00,0.000000000000000000e+00,0.000000000000000000e+00,0.000000000000000000e+00,0.000000000000000000e+00,0.000000000000000000e+00,0.000000000000000000e+00,0.000000000000000000e+00,0.000000000000000000e+00,0.000000000000000000e+00,0.000000000000000000e+00,0.000000000000000000e+00,0.000000000000000000e+00,0.000000000000000000e+00,0.000000000000000000e+00,0.000000000000000000e+00,0.000000000000000000e+00,0.000000000000000000e+00,0.000000000000000000e+00,0.000000000000000000e+00,0.000000000000000000e+00,0.000000000000000000e+00,0.000000000000000000e+00,0.000000000000000000e+00,0.000000000000000000e+00,0.000000000000000000e+00,0.000000000000000000e+00,0.000000000000000000e+00,0.000000000000000000e+00,0.000000000000000000e+00,0.000000000000000000e+00,0.000000000000000000e+00,0.000000000000000000e+00,0.000000000000000000e+00,0.000000000000000000e+00,0.000000000000000000e+00,0.000000000000000000e+00,0.000000000000000000e+00,0.000000000000000000e+00,0.000000000000000000e+00,0.000000000000000000e+00,0.000000000000000000e+00,0.000000000000000000e+00,0.000000000000000000e+00,0.000000000000000000e+00,0.000000000000000000e+00,0.000000000000000000e+00,0.000000000000000000e+00,0.000000000000000000e+00,0.000000000000000000e+00,0.000000000000000000e+00,0.000000000000000000e+00,0.000000000000000000e+00,0.000000000000000000e+00,0.000000000000000000e+00,0.000000000000000000e+00,0.000000000000000000e+00,0.000000000000000000e+00,0.000000000000000000e+00,0.000000000000000000e+00,0.000000000000000000e+00,0.000000000000000000e+00,0.000000000000000000e+00,0.000000000000000000e+00
czo*c/cref,0.000000000000000000e+00,0.000000000000000000e+00,0.000000000000000000e+00,0.000000000000000000e+00,0.000000000000000000e+00,0.000000000000000000e+00,0.000000000000000000e+00,0.000000000000000000e+00,0.000000000000000000e+00,0.000000000000000000e+00,0.000000000000000000e+00,0.000000000000000000e+00,0.000000000000000000e+00,0.000000000000000000e+00,0.000000000000000000e+00,0.000000000000000000e+00,0.000000000000000000e+00,0.000000000000000000e+00,0.000000000000000000e+00,0.000000000000000000e+00,0.000000000000000000e+00,0.000000000000000000e+00,0.000000000000000000e+00,0.000000000000000000e+00,0.000000000000000000e+00,0.000000000000000000e+00,0.000000000000000000e+00,0.000000000000000000e+00,0.000000000000000000e+00,0.000000000000000000e+00,0.000000000000000000e+00,0.000000000000000000e+00,0.000000000000000000e+00,0.000000000000000000e+00,0.000000000000000000e+00,0.000000000000000000e+00,0.000000000000000000e+00,0.000000000000000000e+00,0.000000000000000000e+00,0.000000000000000000e+00,0.000000000000000000e+00,0.000000000000000000e+00,0.000000000000000000e+00,0.000000000000000000e+00,0.000000000000000000e+00,0.000000000000000000e+00,0.000000000000000000e+00,0.000000000000000000e+00,0.000000000000000000e+00,0.000000000000000000e+00,0.000000000000000000e+00,0.000000000000000000e+00,0.000000000000000000e+00,0.000000000000000000e+00,0.000000000000000000e+00,0.000000000000000000e+00,0.000000000000000000e+00,0.000000000000000000e+00,0.000000000000000000e+00,0.000000000000000000e+00,0.000000000000000000e+00,0.000000000000000000e+00,0.000000000000000000e+00,0.000000000000000000e+00,0.000000000000000000e+00,0.000000000000000000e+00,0.000000000000000000e+00,0.000000000000000000e+00,0.000000000000000000e+00,0.000000000000000000e+00,0.000000000000000000e+00,0.000000000000000000e+00,0.000000000000000000e+00,0.000000000000000000e+00,0.000000000000000000e+00,0.000000000000000000e+00,0.000000000000000000e+00,0.000000000000000000e+00,0.000000000000000000e+00,0.000000000000000000e+00,0.000000000000000000e+00,0.000000000000000000e+00,0.000000000000000000e+00,0.000000000000000000e+00,0.000000000000000000e+00,0.000000000000000000e+00,0.000000000000000000e+00,0.000000000000000000e+00,0.000000000000000000e+00,0.000000000000000000e+00,0.000000000000000000e+00,0.000000000000000000e+00,0.000000000000000000e+00,0.000000000000000000e+00,0.000000000000000000e+00,0.000000000000000000e+00,0.000000000000000000e+00,0.000000000000000000e+00,0.000000000000000000e+00,0.000000000000000000e+00,0.000000000000000000e+00,0.000000000000000000e+00,0.000000000000000000e+00,0.000000000000000000e+00,0.000000000000000000e+00,0.000000000000000000e+00,0.000000000000000000e+00,0.000000000000000000e+00,0.000000000000000000e+00,0.000000000000000000e+00,0.000000000000000000e+00,0.000000000000000000e+00,0.000000000000000000e+00,0.000000000000000000e+00,0.000000000000000000e+00,0.000000000000000000e+00,0.000000000000000000e+00,0.000000000000000000e+00,0.000000000000000000e+00,0.000000000000000000e+00,0.000000000000000000e+00,0.000000000000000000e+00,0.000000000000000000e+00,0.000000000000000000e+00,0.000000000000000000e+00,0.000000000000000000e+00,0.000000000000000000e+00,0.000000000000000000e+00,0.000000000000000000e+00,0.000000000000000000e+00,0.000000000000000000e+00,0.000000000000000000e+00
dArea,1.094411000000000023e+01,1.048558000000000057e+01,1.002706000000000053e+01,9.568530000000000868e+00,9.109999999999999432e+00,8.651479999999999393e+00,8.192949999999999733e+00,7.734420000000000073e+00,7.275900000000000034e+00,6.817370000000000374e+00,6.358850000000000335e+00,5.900319999999999787e+00,3.983709999999999862e+00,8.667300000000000004e-01,1.314142999999999972e+01,1.249372999999999934e+01,1.184609000000000023e+01,1.119852000000000025e+01,1.055100000000000016e+01,9.903539999999999566e+00,9.256109999999999616e+00,8.608719999999999928e+00,7.961369999999999614e+00,7.314029999999999809e+00,6.666710000000000136e+00,6.019389999999999574e+00,5.372080000000000410e+00,1.094411000000000023e+01,1.048558000000000057e+01,1.002706000000000053e+01,9.568530000000000868e+00,9.109999999999999432e+00,8.651479999999999393e+00,8.192949999999999733e+00,7.734420000000000073e+00,7.275900000000000034e+00,6.817370000000000374e+00,6.358850000000000335e+00,5.900319999999999787e+00,3.983709999999999862e+00,8.667300000000000004e-01,1.314142999999999972e+01,1.249372999999999934e+01,1.184609000000000023e+01,1.119852000000000025e+01,1.055100000000000016e+01,9.903539999999999566e+00,9.256109999999999616e+00,8.608719999999999928e+00,7.961369999999999614e+00,7.314029999999999809e+00,6.666710000000000136e+00,6.019389999999999574e+00,5.372080000000000410e+00,3.854499999999999815e+00,3.695739999999999803e+00,3.536970000000000169e+00,3.378200000000000092e+00,3.219430000000000014e+00,3.060659999999999936e+00,2.901889999999999858e+00,2.743119999999999781e+00,2.584350000000000147e+00,2.425580000000000069e+00,2.266809999999999992e+00,2.108039999999999914e+00,1.949270000000000058e+00,3.854499999999999815e+00,3.695739999999999803e+00,3.536970000000000169e+00,3.378200000000000092e+00,3.219430000000000014e+00,3.060659999999999936e+00,2.901889999999999858e+00,2.743119999999999781e+00,2.584350000000000147e+00,2.425580000000000069e+00,2.266809999999999992e+00,2.108039999999999914e+00,1.949270000000000058e+00,3.295230000000000103e+00,3.171209999999999862e+00,3.054959999999999898e+00,2.938699999999999868e+00,2.822449999999999903e+00,2.706199999999999939e+00,2.589939999999999909e+00,2.473689999999999944e+00,2.357429999999999914e+00,2.241179999999999950e+00,2.124929999999999986e+00,2.008669999999999956e+00,1.892419999999999991e+00,4.980330000000000368e+00,4.675379999999999647e+00,4.370429999999999815e+00,4.065479999999999983e+00,3.760530000000000150e+00,3.455579999999999874e+00,3.150630000000000042e+00,2.845680000000000209e+00,2.540739999999999998e+00,2.235790000000000166e+00,1.930839999999999890e+00,1.625890000000000057e+00,1.320940000000000003e+00,3.295230000000000103e+00,3.171209999999999862e+00,3.054959999999999898e+00,2.938699999999999868e+00,2.822449999999999903e+00,2.706199999999999939e+00,2.589939999999999909e+00,2.473689999999999944e+00,2.357429999999999914e+00,2.241179999999999950e+00,2.124929999999999986e+00,2.008669999999999956e+00,1.892419999999999991e+00,4.980330000000000368e+00,4.675379999999999647e+00,4.370429999999999815e+00,4.065479999999999983e+00,3.760530000000000150e+00,3.455579999999999874e+00,3.150630000000000042e+00,2.845680000000000209e+00,2.540739999999999998e+00,2.235790000000000166e+00,1.930839999999999890e+00,1.625890000000000057e+00,1.320940000000000003e+00
dSpan,3.675399999999999778e-01,3.675399999999999778e-01,3.675399999999999778e-01,3.675399999999999778e-01,3.675399999999999778e-01,3.675399999999999778e-01,3.675399999999999778e-01,3.675399999999999778e-01,3.675399999999999778e-01,3.675399999999999778e-01,3.675399999999999778e-01,3.675399999999999778e-01,2.690400000000000014e-01,9.847999999999999809e-02,9.494299999999999962e-01,9.494099999999999762e-01,9.493899999999999562e-01,9.493800000000000017e-01,9.493700000000000472e-01,9.493599999999999817e-01,9.493500000000000272e-01,9.493500000000000272e-01,9.493399999999999617e-01,9.493500000000000272e-01,9.493500000000000272e-01,9.493599999999999817e-01,9.493599999999999817e-01,3.675399999999999778e-01,3.675399999999999778e-01,3.675399999999999778e-01,3.675399999999999778e-01,3.675399999999999778e-01,3.675399999999999778e-01,3.675399999999999778e-01,3.675399999999999778e-01,3.675399999999999778e-01,3.675399999999999778e-01,3.675399999999999778e-01,3.675399999999999778e-01,2.690400000000000014e-01,9.847999999999999809e-02,9.494299999999999962e-01,9.494099999999999762e-01,9.493899999999999562e-01,9.493800000000000017e-01,9.493700000000000472e-01,9.493599999999999817e-01,9.493500000000000272e-01,9.493500000000000272e-01,9.493399999999999617e-01,9.493500000000000272e-01,9.493500000000000272e-01,9.493599999999999817e-01,9.493599999999999817e-01,4.824300000000000255e-01,4.824300000000000255e-01,4.824300000000000255e-01,4.824300000000000255e-01,4.824300000000000255e-01,4.824300000000000255e-01,4.824300000000000255e-01,4.824300000000000255e-01,4.824300000000000255e-01,4.824300000000000255e-01,4.824300000000000255e-01,4.824300000000000255e-01,4.824300000000000255e-01,4.824300000000000255e-01,4.824300000000000255e-01,4.824300000000000255e-01,4.824300000000000255e-01,4.824300000000000255e-01,4.824300000000000255e-01,4.824300000000000255e-01,4.824300000000000255e-01,4.824300000000000255e-01,4.824300000000000255e-01,4.824300000000000255e-01,4.824300000000000255e-01,4.824300000000000255e-01,1.913799999999999946e-01,1.913900000000000046e-01,1.913900000000000046e-01,1.913900000000000046e-01,1.913900000000000046e-01,1.913900000000000046e-01,1.913900000000000046e-01,1.913900000000000046e-01,1.913900000000000046e-01,1.913900000000000046e-01,1.913900000000000046e-01,1.913900000000000046e-01,1.913900000000000046e-01,5.355600000000000360e-01,5.355600000000000360e-01,5.355600000000000360e-01,5.355600000000000360e-01,5.355600000000000360e-01,5.355600000000000360e-01,5.355600000000000360e-01,5.355600000000000360e-01,5.355600000000000360e-01,5.355600000000000360e-01,5.355600000000000360e-01,5.355600000000000360e-01,5.355600000000000360e-01,1.913799999999999946e-01,1.913900000000000046e-01,1.913900000000000046e-01,1.913900000000000046e-01,1.913900000000000046e-01,1.913900000000000046e-01,1.913900000000000046e-01,1.913900000000000046e-01,1.913900000000000046e-01,1.913900000000000046e-01,1.913900000000000046e-01,1.913900000000000046e-01,1.913900000000000046e-01,5.355600000000000360e-01,5.355600000000000360e-01,5.355600000000000360e-01,5.355600000000000360e-01,5.355600000000000360e-01,5.355600000000000360e-01,5.355600000000000360e-01,5.355600000000000360e-01,5.355600000000000360e-01,5.355600000000000360e-01,5.355600000000000360e-01,5.355600000000000360e-01,5.355600000000000360e-01
roverR,inf,inf,inf,inf,inf,inf,inf,inf,inf,inf,inf,inf,inf,inf,inf,inf,inf,inf,inf,inf,inf,inf,inf,inf,inf,inf,inf,inf,inf,inf,inf,inf,inf,inf,inf,inf,inf,inf,inf,inf,inf,inf,inf,inf,inf,inf,inf,inf,inf,inf,inf,inf,inf,inf,inf,inf,inf,inf,inf,inf,inf,inf,inf,inf,inf,inf,inf,inf,inf,inf,inf,inf,inf,inf,inf,inf,inf,inf,inf,inf,inf,inf,inf,inf,inf,inf,inf,inf,inf,inf,inf,inf,inf,inf,inf,inf,inf,inf,inf,inf,inf,inf,inf,inf,inf,inf,inf,inf,inf,inf,inf,inf,inf,inf,inf,inf,inf,inf,inf,inf,inf,inf,inf,inf,inf,inf,inf,inf,inf,inf,inf,inf
Results_Name,CpSlice_Wrapper
Results_Timestamp,1788934662
Results_Date,9,9,2026
Results_Time,9,17,42
CpSlice_Case_ID_Vec,PBVABNT
Num_Cuts,1
