Results_Name,VSPAERO_Wrapper
Results_Timestamp,1788935387
Results_Date,9,9,2026
Results_Time,9,29,47
Analysis_Duration_Sec,5.049799999999999756e+01
ResultsVec,VSPAERO_History,VSPAERO_Polar,VSPAERO_Load,CpSlice_Wrapper
Results_Name,VSPAERO_History
Results_Timestamp,1788935385
Results_Date,9,9,2026
Results_Time,9,29,45
Alpha,5.000000000000000000e+00,5.000000000000000000e+00,5.000000000000000000e+00,5.000000000000000000e+00,5.000000000000000000e+00,5.000000000000000000e+00,5.000000000000000000e+00
Beta,0.000000000000000000e+00,0.000000000000000000e+00,0.000000000000000000e+00,0.000000000000000000e+00,0.000000000000000000e+00,0.000000000000000000e+00,0.000000000000000000e+00
CDi,0.000000000000000000e+00,1.043769248399999995e-02,1.031756008399999959e-02,1.029758773100000052e-02,1.030310522099999945e-02,1.030290854899999949e-02,1.030286309300000071e-02
CDiw,0.000000000000000000e+00,0.000000000000000000e+00,0.000000000000000000e+00,0.000000000000000000e+00,0.000000000000000000e+00,0.000000000000000000e+00,0.000000000000000000e+00
CDo,6.250854194000000225e-03,6.368590634999999993e-03,6.369689379000000214e-03,6.369435482999999919e-03,6.369512846000000006e-03,6.369511423000000054e-03,6.369510759000000105e-03
CDtot,6.250854194000000225e-03,1.680628311899999908e-02,1.668724946199999851e-02,1.666702321400000131e-02,1.667261806699999946e-02,1.667241997199999867e-02,1.667237385199999908e-02
CDwtot,6.250854194000000225e-03,6.368590634999999993e-03,6.369689379000000214e-03,6.369435482999999919e-03,6.369512846000000006e-03,6.369511423000000054e-03,6.369510759000000105e-03
CFxi,0.000000000000000000e+00,1.332935819999999912e-04,6.460193999999999832e-06,-2.037159999999999906e-06,1.218780000000000012e-07,1.819799999999999858e-08,-2.380000000000000053e-10
CFxiw,0.000000000000000000e+00,0.000000000000000000e+00,0.000000000000000000e+00,0.000000000000000000e+00,0.000000000000000000e+00,0.000000000000000000e+00,0.000000000000000000e+00
CFxo,6.274731440999999944e-03,6.392917617000000267e-03,6.394020557000000202e-03,6.393765691999999876e-03,6.393843350999999647e-03,6.393841921999999720e-03,6.393841255000000216e-03
CFxtot,6.274731440999999944e-03,6.526211197999999720e-03,6.400480751000000093e-03,6.391728531999999775e-03,6.393965227999999675e-03,6.393860119000000300e-03,6.393841017000000300e-03
CFxwtot,6.274731440999999944e-03,6.392917617000000267e-03,6.394020557000000202e-03,6.393765691999999876e-03,6.393843350999999647e-03,6.393841921999999720e-03,6.393841255000000216e-03
CFyi,0.000000000000000000e+00,-3.446642500000000095e-05,-1.434629999999999923e-07,8.720799999999999581e-08,4.030999999999999832e-09,5.389999999999999999e-10,7.899999999999999861e-11
CFyiw,0.000000000000000000e+00,0.000000000000000000e+00,0.000000000000000000e+00,0.000000000000000000e+00,0.000000000000000000e+00,0.000000000000000000e+00,0.000000000000000000e+00
CFyo,0.000000000000000000e+00,0.000000000000000000e+00,0.000000000000000000e+00,0.000000000000000000e+00,0.000000000000000000e+00,0.000000000000000000e+00,0.000000000000000000e+00
CFytot,0.000000000000000000e+00,-3.446642500000000095e-05,-1.434629999999999923e-07,8.720799999999999581e-08,4.030999999999999832e-09,5.389999999999999999e-10,7.899999999999999861e-11
CFywtot,0.000000000000000000e+00,0.000000000000000000e+00,0.000000000000000000e+00,0.000000000000000000e+00,0.000000000000000000e+00,0.000000000000000000e+00,0.000000000000000000e+00
CFzi,0.000000000000000000e+00,1.182355379029999959e-01,1.183068854410000009e-01,1.181748535900000036e-01,1.182134817770000013e-01,1.182124102939999949e-01,1.182120994699999983e-01
CFziw,0.000000000000000000e+00,0.000000000000000000e+00,0.000000000000000000e+00,0.000000000000000000e+00,0.000000000000000000e+00,0.000000000000000000e+00,0.000000000000000000e+00
CFzo,0.000000000000000000e+00,0.000000000000000000e+00,0.000000000000000000e+00,0.000000000000000000e+00,0.000000000000000000e+00,0.000000000000000000e+00,0.000000000000000000e+00
CFztot,0.000000000000000000e+00,1.182355379029999959e-01,1.183068854410000009e-01,1.181748535900000036e-01,1.182134817770000013e-01,1.182124102939999949e-01,1.182120994699999983e-01
CFzwtot,0.000000000000000000e+00,0.000000000000000000e+00,0.000000000000000000e+00,0.000000000000000000e+00,0.000000000000000000e+00,0.000000000000000000e+00,0.000000000000000000e+00
CLi,0.000000000000000000e+00,1.177739986840000003e-01,1.178561289809999940e-01,1.177253401440000041e-01,1.177636331670000036e-01,1.177625747970000025e-01,1.177622667630000008e-01
CLiw,0.000000000000000000e+00,0.000000000000000000e+00,0.000000000000000000e+00,0.000000000000000000e+00,0.000000000000000000e+00,0.000000000000000000e+00,0.000000000000000000e+00
CLo,-5.468788789999999480e-04,-5.571794830000000075e-04,-5.572756110000000318e-04,-5.572533979999999944e-04,-5.572601659999999475e-04,-5.572600420000000093e-04,-5.572599840000000242e-04
CLtot,-5.468788789999999480e-04,1.172168192009999943e-01,1.172988533699999975e-01,1.171680867460000025e-01,1.172063730009999943e-01,1.172053147560000036e-01,1.172050067790000039e-01
CLwtot,-5.468788789999999480e-04,-5.571794830000000075e-04,-5.572756110000000318e-04,-5.572533979999999944e-04,-5.572601659999999475e-04,-5.572600420000000093e-04,-5.572599840000000242e-04
CMxi,0.000000000000000000e+00,1.368328699999999935e-05,1.912412000000000012e-06,8.656100000000000332e-08,7.357999999999999613e-09,8.860000000000000424e-10,-3.999999999999999758e-11
CMxo,0.000000000000000000e+00,0.000000000000000000e+00,0.000000000000000000e+00,0.000000000000000000e+00,0.000000000000000000e+00,0.000000000000000000e+00,0.000000000000000000e+00
CMxtot,0.000000000000000000e+00,1.368328699999999935e-05,1.912412000000000012e-06,8.656100000000000332e-08,7.357999999999999613e-09,8.860000000000000424e-10,-3.999999999999999758e-11
CMyi,0.000000000000000000e+00,-3.772292086240000009e-01,-3.759628614650000200e-01,-3.753866989069999938e-01,-3.755244090170000160e-01,-3.755206437740000180e-01,-3.755195240240000176e-01
CMyo,6.395694939999999658e-04,6.438361400000000437e-04,6.441339910000000186e-04,6.441303349999999905e-04,6.441328689999999482e-04,6.441329489999999538e-04,6.441329179999999693e-04
CMytot,6.395694939999999658e-04,-3.765853724839999805e-01,-3.753187274740000245e-01,-3.747425685710000232e-01,-3.748802761480000134e-01,-3.748765108250000089e-01,-3.748753911059999888e-01
CMzi,0.000000000000000000e+00,-5.155693499999999666e-05,-4.188299999999999990e-07,1.220750000000000128e-07,4.779999999999999624e-09,5.950000000000000133e-10,1.089999999999999984e-10
CMzo,-0.000000000000000000e+00,-2.974300000000000038e-08,-3.077000000000000024e-09,-1.819999999999999919e-10,-1.100000000000000079e-11,-9.999999999999999799e-13,0.000000000000000000e+00
CMztot,-0.000000000000000000e+00,-5.158667799999999839e-05,-4.219059999999999929e-07,1.218919999999999906e-07,4.769000000000000385e-09,5.940000000000000167e-10,1.089999999999999984e-10
CSi,0.000000000000000000e+00,-3.446642500000000095e-05,-1.434629999999999923e-07,8.720799999999999581e-08,4.030999999999999832e-09,5.389999999999999999e-10,7.899999999999999861e-11
CSiw,0.000000000000000000e+00,0.000000000000000000e+00,0.000000000000000000e+00,0.000000000000000000e+00,0.000000000000000000e+00,0.000000000000000000e+00,0.000000000000000000e+00
CSo,0.000000000000000000e+00,0.000000000000000000e+00,0.000000000000000000e+00,0.000000000000000000e+00,0.000000000000000000e+00,0.000000000000000000e+00,0.000000000000000000e+00
CStot,0.000000000000000000e+00,-3.446642500000000095e-05,-1.434629999999999923e-07,8.720799999999999581e-08,4.030999999999999832e-09,5.389999999999999999e-10,7.899999999999999861e-11
CSwtot,0.000000000000000000e+00,0.000000000000000000e+00,0.000000000000000000e+00,0.000000000000000000e+00,0.000000000000000000e+00,0.000000000000000000e+00,0.000000000000000000e+00
E,0.000000000000000000e+00,1.450752986540000122e-01,1.469692466320000057e-01,1.469276515129999960e-01,1.469445171429999974e-01,1.469446808690000050e-01,1.469445604500000113e-01
Ew,0.000000000000000000e+00,0.000000000000000000e+00,0.000000000000000000e+00,0.000000000000000000e+00,0.000000000000000000e+00,0.000000000000000000e+00,0.000000000000000000e+00
FC_AoA_,5.000000000000000000e+00
FC_Beta_,0.000000000000000000e+00
FC_Bref_,4.389800000000000324e+01
FC_Cref_,1.637800000000000011e+01
FC_Mach_,2.200000000000000178e+00
FC_Pitch_Rate,0.000000000000000000e+00
FC_ReCref_,1.000000000000000000e+07
FC_Rho_,2.377000000000000206e-03
FC_Roll__Rate,0.000000000000000000e+00
FC_Sref_,6.609039999999999964e+02
FC_Vinf_,1.000000000000000000e+02
FC_Xcg_,0.000000000000000000e+00
FC_Yaw___Rate,0.000000000000000000e+00
FC_Ycg_,0.000000000000000000e+00
FC_Zcg_,0.000000000000000000e+00
L/D,0.000000000000000000e+00,7.007736204781999767e+00,7.062645599329999690e+00,7.063369303038999902e+00,7.063295799778999573e+00,7.063316242860000038e+00,7.063317305918999978e+00
L/Dw,0.000000000000000000e+00,0.000000000000000000e+00,0.000000000000000000e+00,0.000000000000000000e+00,0.000000000000000000e+00,0.000000000000000000e+00,0.000000000000000000e+00
Mach,2.200000000000000178e+00,2.200000000000000178e+00,2.200000000000000178e+00,2.200000000000000178e+00,2.200000000000000178e+00,2.200000000000000178e+00,2.200000000000000178e+00
T/QS,0.000000000000000000e+00,0.000000000000000000e+00,0.000000000000000000e+00,0.000000000000000000e+00,0.000000000000000000e+00,0.000000000000000000e+00,0.000000000000000000e+00
WakeIter,1,2,3,4,5,6,7
WallTime,4.514999999998999591e+00,1.022600000000199927e+01,1.640800000000299974e+01,2.265800000000299974e+01,2.969000000000200146e+01,3.692599999999900007e+01,4.375900000000500256e+01
log10( L2Residual ),5.264902386850000005e-01,1.259816088800000053e-02,-9.195851097370000282e-01,-2.054720573817999885e+00,-3.217081683391000091e+00,-4.254704763494999931e+00,-5.172904578432000022e+00
log10( MaxResidual ),9.402960083300000438e-01,1.221051195143999957e+00,6.037367879189999842e-01,-4.949644667679999888e-01,-1.833701075975000094e+00,-2.885876614833000176e+00,-3.763602716354999878e+00
Results_Name,VSPAERO_Polar
Results_Timestamp,1788935385
Results_Date,9,9,2026
Results_Time,9,29,45
Alpha,5.000000000000000000e+00
Beta,0.000000000000000000e+00
CDi,1.030286309300000071e-02
CDiw,0.000000000000000000e+00
CDo,6.369510759000000105e-03
CDtot,1.667237385199999908e-02
CDwtot,6.369510759000000105e-03
CFix,-2.380000000000000053e-10
CFiy,7.899999999999999861e-11
CFiz,1.182120994699999983e-01
CFox,6.393841255000000216e-03
CFoy,0.000000000000000000e+00
CFoz,0.000000000000000000e+00
CFxtot,6.393841017000000300e-03
CFytot,7.899999999999999861e-11
CFztot,1.182120994699999983e-01
CLi,1.177622667630000008e-01
CLiw,0.000000000000000000e+00
CLo,-5.572599840000000242e-04
CLtot,1.172050067790000039e-01
CLwtot,-5.572599840000000242e-04
CMix,-3.999999999999999758e-11
CMiy,-3.755195240240000176e-01
CMiz,1.089999999999999984e-10
CMox,0.000000000000000000e+00
CMoy,6.441329179999999693e-04
CMoz,0.000000000000000000e+00
CMxtot,-3.999999999999999758e-11
CMytot,-3.748753911059999888e-01
CMztot,1.089999999999999984e-10
CSi,7.899999999999999861e-11
CSiw,0.000000000000000000e+00
CSo,0.000000000000000000e+00
CStot,7.899999999999999861e-11
CSwtot,0.000000000000000000e+00
E,1.455571452880000116e-01
Ew,1.455571452880000116e-01
L_D,7.029893152372999943e+00
L_Dw,7.029893152372999943e+00
Mach,2.200000000000000178e+00
Re_1e6,1.000000000000000000e+01
StallFactor,1.000000000000000000e+00
Results_Name,VSPAERO_Load
Results_Timestamp,1788935385
Results_Date,9,9,2026
Results_Time,9,29,45
Angle ,0.000000000000000000e+00,0.000000000000000000e+00,0.000000000000000000e+00,0.000000000000000000e+00,0.000000000000000000e+00,0.000000000000000000e+00,0.000000000000000000e+00,0.000000000000000000e+00,0.000000000000000000e+00,0.000000000000000000e+00,0.000000000000000000e+00,0.000000000000000000e+00,0.000000000000000000e+00,0.000000000000000000e+00,0.000000000000000000e+00,0.000000000000000000e+00,0.000000000000000000e+00,0.000000000000000000e+00,0.000000000000000000e+00,0.000000000000000000e+00,0.000000000000000000e+00,0.000000000000000000e+00,0.000000000000000000e+00,0.000000000000000000e+00,0.000000000000000000e+00,0.000000000000000000e+00,0.000000000000000000e+00,0.000000000000000000e+00,0.000000000000000000e+00,0.000000000000000000e+00,0.000000000000000000e+00,0.000000000000000000e+00,0.000000000000000000e+00,0.000000000000000000e+00,0.000000000000000000e+00,0.000000000000000000e+00,0.000000000000000000e+00,0.000000000000000000e+00,0.000000000000000000e+00,0.000000000000000000e+00,0.000000000000000000e+00,0.000000000000000000e+00,0.000000000000000000e+00,0.000000000000000000e+00,0.000000000000000000e+00,0.000000000000000000e+00,0.000000000000000000e+00,0.000000000000000000e+00,0.000000000000000000e+00,0.000000000000000000e+00,0.000000000000000000e+00,0.000000000000000000e+00,0.000000000000000000e+00,0.000000000000000000e+00,0.000000000000000000e+00,0.000000000000000000e+00,0.000000000000000000e+00,0.000000000000000000e+00,0.000000000000000000e+00,0.000000000000000000e+00,0.000000000000000000e+00,0.000000000000000000e+00,0.000000000000000000e+00,0.000000000000000000e+00,0.000000000000000000e+00,0.000000000000000000e+00,0.000000000000000000e+00,0.000000000000000000e+00,0.000000000000000000e+00,0.000000000000000000e+00,0.000000000000000000e+00,0.000000000000000000e+00,0.000000000000000000e+00,0.000000000000000000e+00,0.000000000000000000e+00,0.000000000000000000e+00,0.000000000000000000e+00,0.000000000000000000e+00,0.000000000000000000e+00,0.000000000000000000e+00,0.000000000000000000e+00,0.000000000000000000e+00,0.000000000000000000e+00,0.000000000000000000e+00,0.000000000000000000e+00,0.000000000000000000e+00,0.000000000000000000e+00,0.000000000000000000e+00,0.000000000000000000e+00,0.000000000000000000e+00,0.000000000000000000e+00,0.000000000000000000e+00,0.000000000000000000e+00,0.000000000000000000e+00,0.000000000000000000e+00,0.000000000000000000e+00,0.000000000000000000e+00,0.000000000000000000e+00,0.000000000000000000e+00,0.000000000000000000e+00,0.000000000000000000e+00,0.000000000000000000e+00,0.000000000000000000e+00,0.000000000000000000e+00
CP,0.000000000000000000e+00,0.000000000000000000e+00,0.000000000000000000e+00,0.000000000000000000e+00,0.000000000000000000e+00,0.000000000000000000e+00,0.000000000000000000e+00,0.000000000000000000e+00,0.000000000000000000e+00,0.000000000000000000e+00,0.000000000000000000e+00,0.000000000000000000e+00,0.000000000000000000e+00,0.000000000000000000e+00,0.000000000000000000e+00,0.000000000000000000e+00,0.000000000000000000e+00,0.000000000000000000e+00,0.000000000000000000e+00,0.000000000000000000e+00,0.000000000000000000e+00,0.000000000000000000e+00,0.000000000000000000e+00,0.000000000000000000e+00,0.000000000000000000e+00,0.000000000000000000e+00,0.000000000000000000e+00,0.000000000000000000e+00,0.000000000000000000e+00,0.000000000000000000e+00,0.000000000000000000e+00,0.000000000000000000e+00,0.000000000000000000e+00,0.000000000000000000e+00,0.000000000000000000e+00,0.000000000000000000e+00,0.000000000000000000e+00,0.000000000000000000e+00,0.000000000000000000e+00,0.000000000000000000e+00,0.000000000000000000e+00,0.000000000000000000e+00,0.000000000000000000e+00,0.000000000000000000e+00,0.000000000000000000e+00,0.000000000000000000e+00,0.000000000000000000e+00,0.000000000000000000e+00,0.000000000000000000e+00,0.000000000000000000e+00,0.000000000000000000e+00,0.000000000000000000e+00,0.000000000000000000e+00,0.000000000000000000e+00,0.000000000000000000e+00,0.000000000000000000e+00,0.000000000000000000e+00,0.000000000000000000e+00,0.000000000000000000e+00,0.000000000000000000e+00,0.000000000000000000e+00,0.000000000000000000e+00,0.000000000000000000e+00,0.000000000000000000e+00,0.000000000000000000e+00,0.000000000000000000e+00,0.000000000000000000e+00,0.000000000000000000e+00,0.000000000000000000e+00,0.000000000000000000e+00,0.000000000000000000e+00,0.000000000000000000e+00,0.000000000000000000e+00,0.000000000000000000e+00,0.000000000000000000e+00,0.000000000000000000e+00,0.000000000000000000e+00,0.000000000000000000e+00,0.000000000000000000e+00,0.000000000000000000e+00,0.000000000000000000e+00,0.000000000000000000e+00,0.000000000000000000e+00,0.000000000000000000e+00,0.000000000000000000e+00,0.000000000000000000e+00,0.000000000000000000e+00,0.000000000000000000e+00,0.000000000000000000e+00,0.000000000000000000e+00,0.000000000000000000e+00,0.000000000000000000e+00,0.000000000000000000e+00,0.000000000000000000e+00,0.000000000000000000e+00,0.000000000000000000e+00,0.000000000000000000e+00,0.000000000000000000e+00,0.000000000000000000e+00,0.000000000000000000e+00,0.000000000000000000e+00,0.000000000000000000e+00,0.000000000000000000e+00,0.000000000000000000e+00
CP_h,0.000000000000000000e+00,0.000000000000000000e+00,0.000000000000000000e+00,0.000000000000000000e+00,0.000000000000000000e+00,0.000000000000000000e+00,0.000000000000000000e+00,0.000000000000000000e+00,0.000000000000000000e+00,0.000000000000000000e+00,0.000000000000000000e+00,0.000000000000000000e+00,0.000000000000000000e+00,0.000000000000000000e+00,0.000000000000000000e+00,0.000000000000000000e+00,0.000000000000000000e+00,0.000000000000000000e+00,0.000000000000000000e+00,0.000000000000000000e+00,0.000000000000000000e+00,0.000000000000000000e+00,0.000000000000000000e+00,0.000000000000000000e+00,0.000000000000000000e+00,0.000000000000000000e+00,0.000000000000000000e+00,0.000000000000000000e+00,0.000000000000000000e+00,0.000000000000000000e+00,0.000000000000000000e+00,0.000000000000000000e+00,0.000000000000000000e+00,0.000000000000000000e+00,0.000000000000000000e+00,0.000000000000000000e+00,0.000000000000000000e+00,0.000000000000000000e+00,0.000000000000000000e+00,0.000000000000000000e+00,0.000000000000000000e+00,0.000000000000000000e+00,0.000000000000000000e+00,0.000000000000000000e+00,0.000000000000000000e+00,0.000000000000000000e+00,0.000000000000000000e+00,0.000000000000000000e+00,0.000000000000000000e+00,0.000000000000000000e+00,0.000000000000000000e+00,0.000000000000000000e+00,0.000000000000000000e+00,0.000000000000000000e+00,0.000000000000000000e+00,0.000000000000000000e+00,0.000000000000000000e+00,0.000000000000000000e+00,0.000000000000000000e+00,0.000000000000000000e+00,0.000000000000000000e+00,0.000000000000000000e+00,0.000000000000000000e+00,0.000000000000000000e+00,0.000000000000000000e+00,0.000000000000000000e+00,0.000000000000000000e+00,0.000000000000000000e+00,0.000000000000000000e+00,0.000000000000000000e+00,0.000000000000000000e+00,0.000000000000000000e+00,0.000000000000000000e+00,0.000000000000000000e+00,0.000000000000000000e+00,0.000000000000000000e+00,0.000000000000000000e+00,0.000000000000000000e+00,0.000000000000000000e+00,0.000000000000000000e+00,0.000000000000000000e+00,0.000000000000000000e+00,0.000000000000000000e+00,0.000000000000000000e+00,0.000000000000000000e+00,0.000000000000000000e+00,0.000000000000000000e+00,0.000000000000000000e+00,0.000000000000000000e+00,0.000000000000000000e+00,0.000000000000000000e+00,0.000000000000000000e+00,0.000000000000000000e+00,0.000000000000000000e+00,0.000000000000000000e+00,0.000000000000000000e+00,0.000000000000000000e+00,0.000000000000000000e+00,0.000000000000000000e+00,0.000000000000000000e+00,0.000000000000000000e+00,0.000000000000000000e+00,0.000000000000000000e+00,0.000000000000000000e+00
CQ,0.000000000000000000e+00,0.000000000000000000e+00,0.000000000000000000e+00,0.000000000000000000e+00,0.000000000000000000e+00,0.000000000000000000e+00,0.000000000000000000e+00,0.000000000000000000e+00,0.000000000000000000e+00,0.000000000000000000e+00,0.000000000000000000e+00,0.000000000000000000e+00,0.000000000000000000e+00,0.000000000000000000e+00,0.000000000000000000e+00,0.000000000000000000e+00,0.000000000000000000e+00,0.000000000000000000e+00,0.000000000000000000e+00,0.000000000000000000e+00,0.000000000000000000e+00,0.000000000000000000e+00,0.000000000000000000e+00,0.000000000000000000e+00,0.000000000000000000e+00,0.000000000000000000e+00,0.000000000000000000e+00,0.000000000000000000e+00,0.000000000000000000e+00,0.000000000000000000e+00,0.000000000000000000e+00,0.000000000000000000e+00,0.000000000000000000e+00,0.000000000000000000e+00,0.000000000000000000e+00,0.000000000000000000e+00,0.000000000000000000e+00,0.000000000000000000e+00,0.000000000000000000e+00,0.000000000000000000e+00,0.000000000000000000e+00,0.000000000000000000e+00,0.000000000000000000e+00,0.000000000000000000e+00,0.000000000000000000e+00,0.000000000000000000e+00,0.000000000000000000e+00,0.000000000000000000e+00,0.000000000000000000e+00,0.000000000000000000e+00,0.000000000000000000e+00,0.000000000000000000e+00,0.000000000000000000e+00,0.000000000000000000e+00,0.000000000000000000e+00,0.000000000000000000e+00,0.000000000000000000e+00,0.000000000000000000e+00,0.000000000000000000e+00,0.000000000000000000e+00,0.000000000000000000e+00,0.000000000000000000e+00,0.000000000000000000e+00,0.000000000000000000e+00,0.000000000000000000e+00,0.000000000000000000e+00,0.000000000000000000e+00,0.000000000000000000e+00,0.000000000000000000e+00,0.000000000000000000e+00,0.000000000000000000e+00,0.000000000000000000e+00,0.000000000000000000e+00,0.000000000000000000e+00,0.000000000000000000e+00,0.000000000000000000e+00,0.000000000000000000e+00,0.000000000000000000e+00,0.000000000000000000e+00,0.000000000000000000e+00,0.000000000000000000e+00,0.000000000000000000e+00,0.000000000000000000e+00,0.000000000000000000e+00,0.000000000000000000e+00,0.000000000000000000e+00,0.000000000000000000e+00,0.000000000000000000e+00,0.000000000000000000e+00,0.000000000000000000e+00,0.000000000000000000e+00,0.000000000000000000e+00,0.000000000000000000e+00,0.000000000000000000e+00,0.000000000000000000e+00,0.000000000000000000e+00,0.000000000000000000e+00,0.000000000000000000e+00,0.000000000000000000e+00,0.000000000000000000e+00,0.000000000000000000e+00,0.000000000000000000e+00,0.000000000000000000e+00,0.000000000000000000e+00
CQ_h,0.000000000000000000e+00,0.000000000000000000e+00,0.000000000000000000e+00,0.000000000000000000e+00,0.000000000000000000e+00,0.000000000000000000e+00,0.000000000000000000e+00,0.000000000000000000e+00,0.000000000000000000e+00,0.000000000000000000e+00,0.000000000000000000e+00,0.000000000000000000e+00,0.000000000000000000e+00,0.000000000000000000e+00,0.000000000000000000e+00,0.000000000000000000e+00,0.000000000000000000e+00,0.000000000000000000e+00,0.000000000000000000e+00,0.000000000000000000e+00,0.000000000000000000e+00,0.000000000000000000e+00,0.000000000000000000e+00,0.000000000000000000e+00,0.000000000000000000e+00,0.000000000000000000e+00,0.000000000000000000e+00,0.000000000000000000e+00,0.000000000000000000e+00,0.000000000000000000e+00,0.000000000000000000e+00,0.000000000000000000e+00,0.000000000000000000e+00,0.000000000000000000e+00,0.000000000000000000e+00,0.000000000000000000e+00,0.000000000000000000e+00,0.000000000000000000e+00,0.000000000000000000e+00,0.000000000000000000e+00,0.000000000000000000e+00,0.000000000000000000e+00,0.000000000000000000e+00,0.000000000000000000e+00,0.000000000000000000e+00,0.000000000000000000e+00,0.000000000000000000e+00,0.000000000000000000e+00,0.000000000000000000e+00,0.000000000000000000e+00,0.000000000000000000e+00,0.000000000000000000e+00,0.000000000000000000e+00,0.000000000000000000e+00,0.000000000000000000e+00,0.000000000000000000e+00,0.000000000000000000e+00,0.000000000000000000e+00,0.000000000000000000e+00,0.000000000000000000e+00,0.000000000000000000e+00,0.000000000000000000e+00,0.000000000000000000e+00,0.000000000000000000e+00,0.000000000000000000e+00,0.000000000000000000e+00,0.000000000000000000e+00,0.000000000000000000e+00,0.000000000000000000e+00,0.000000000000000000e+00,0.000000000000000000e+00,0.000000000000000000e+00,0.000000000000000000e+00,0.000000000000000000e+00,0.000000000000000000e+00,0.000000000000000000e+00,0.000000000000000000e+00,0.000000000000000000e+00,0.000000000000000000e+00,0.000000000000000000e+00,0.000000000000000000e+00,0.000000000000000000e+00,0.000000000000000000e+00,0.000000000000000000e+00,0.000000000000000000e+00,0.000000000000000000e+00,0.000000000000000000e+00,0.000000000000000000e+00,0.000000000000000000e+00,0.000000000000000000e+00,0.000000000000000000e+00,0.000000000000000000e+00,0.000000000000000000e+00,0.000000000000000000e+00,0.000000000000000000e+00,0.000000000000000000e+00,0.000000000000000000e+00,0.000000000000000000e+00,0.000000000000000000e+00,0.000000000000000000e+00,0.000000000000000000e+00,0.000000000000000000e+00,0.000000000000000000e+00,0.000000000000000000e+00
CT,0.000000000000000000e+00,0.000000000000000000e+00,0.000000000000000000e+00,0.000000000000000000e+00,0.000000000000000000e+00,0.000000000000000000e+00,0.000000000000000000e+00,0.000000000000000000e+00,0.000000000000000000e+00,0.000000000000000000e+00,0.000000000000000000e+00,0.000000000000000000e+00,0.000000000000000000e+00,0.000000000000000000e+00,0.000000000000000000e+00,0.000000000000000000e+00,0.000000000000000000e+00,0.000000000000000000e+00,0.000000000000000000e+00,0.000000000000000000e+00,0.000000000000000000e+00,0.000000000000000000e+00,0.000000000000000000e+00,0.000000000000000000e+00,0.000000000000000000e+00,0.000000000000000000e+00,0.000000000000000000e+00,0.000000000000000000e+00,0.000000000000000000e+00,0.000000000000000000e+00,0.000000000000000000e+00,0.000000000000000000e+00,0.000000000000000000e+00,0.000000000000000000e+00,0.000000000000000000e+00,0.000000000000000000e+00,0.000000000000000000e+00,0.000000000000000000e+00,0.000000000000000000e+00,0.000000000000000000e+00,0.000000000000000000e+00,0.000000000000000000e+00,0.000000000000000000e+00,0.000000000000000000e+00,0.000000000000000000e+00,0.000000000000000000e+00,0.000000000000000000e+00,0.000000000000000000e+00,0.000000000000000000e+00,0.000000000000000000e+00,0.000000000000000000e+00,0.000000000000000000e+00,0.000000000000000000e+00,0.000000000000000000e+00,0.000000000000000000e+00,0.000000000000000000e+00,0.000000000000000000e+00,0.000000000000000000e+00,0.000000000000000000e+00,0.000000000000000000e+00,0.000000000000000000e+00,0.000000000000000000e+00,0.000000000000000000e+00,0.000000000000000000e+00,0.000000000000000000e+00,0.000000000000000000e+00,0.000000000000000000e+00,0.000000000000000000e+00,0.000000000000000000e+00,0.000000000000000000e+00,0.000000000000000000e+00,0.000000000000000000e+00,0.000000000000000000e+00,0.000000000000000000e+00,0.000000000000000000e+00,0.000000000000000000e+00,0.000000000000000000e+00,0.000000000000000000e+00,0.000000000000000000e+00,0.000000000000000000e+00,0.000000000000000000e+00,0.000000000000000000e+00,0.000000000000000000e+00,0.000000000000000000e+00,0.000000000000000000e+00,0.000000000000000000e+00,0.000000000000000000e+00,0.000000000000000000e+00,0.000000000000000000e+00,0.000000000000000000e+00,0.000000000000000000e+00,0.000000000000000000e+00,0.000000000000000000e+00,0.000000000000000000e+00,0.000000000000000000e+00,0.000000000000000000e+00,0.000000000000000000e+00,0.000000000000000000e+00,0.000000000000000000e+00,0.000000000000000000e+00,0.000000000000000000e+00,0.000000000000000000e+00,0.000000000000000000e+00,0.000000000000000000e+00
CT_h,0.000000000000000000e+00,0.000000000000000000e+00,0.000000000000000000e+00,0.000000000000000000e+00,0.000000000000000000e+00,0.000000000000000000e+00,0.000000000000000000e+00,0.000000000000000000e+00,0.000000000000000000e+00,0.000000000000000000e+00,0.000000000000000000e+00,0.000000000000000000e+00,0.000000000000000000e+00,0.000000000000000000e+00,0.000000000000000000e+00,0.000000000000000000e+00,0.000000000000000000e+00,0.000000000000000000e+00,0.000000000000000000e+00,0.000000000000000000e+00,0.000000000000000000e+00,0.000000000000000000e+00,0.000000000000000000e+00,0.000000000000000000e+00,0.000000000000000000e+00,0.000000000000000000e+00,0.000000000000000000e+00,0.000000000000000000e+00,0.000000000000000000e+00,0.000000000000000000e+00,0.000000000000000000e+00,0.000000000000000000e+00,0.000000000000000000e+00,0.000000000000000000e+00,0.000000000000000000e+00,0.000000000000000000e+00,0.000000000000000000e+00,0.000000000000000000e+00,0.000000000000000000e+00,0.000000000000000000e+00,0.000000000000000000e+00,0.000000000000000000e+00,0.000000000000000000e+00,0.000000000000000000e+00,0.000000000000000000e+00,0.000000000000000000e+00,0.000000000000000000e+00,0.000000000000000000e+00,0.000000000000000000e+00,0.000000000000000000e+00,0.000000000000000000e+00,0.000000000000000000e+00,0.000000000000000000e+00,0.000000000000000000e+00,0.000000000000000000e+00,0.000000000000000000e+00,0.000000000000000000e+00,0.000000000000000000e+00,0.000000000000000000e+00,0.000000000000000000e+00,0.000000000000000000e+00,0.000000000000000000e+00,0.000000000000000000e+00,0.000000000000000000e+00,0.000000000000000000e+00,0.000000000000000000e+00,0.000000000000000000e+00,0.000000000000000000e+00,0.000000000000000000e+00,0.000000000000000000e+00,0.000000000000000000e+00,0.000000000000000000e+00,0.000000000000000000e+00,0.000000000000000000e+00,0.000000000000000000e+00,0.000000000000000000e+00,0.000000000000000000e+00,0.000000000000000000e+00,0.000000000000000000e+00,0.000000000000000000e+00,0.000000000000000000e+00,0.000000000000000000e+00,0.000000000000000000e+00,0.000000000000000000e+00,0.000000000000000000e+00,0.000000000000000000e+00,0.000000000000000000e+00,0.000000000000000000e+00,0.000000000000000000e+00,0.000000000000000000e+00,0.000000000000000000e+00,0.000000000000000000e+00,0.000000000000000000e+00,0.000000000000000000e+00,0.000000000000000000e+00,0.000000000000000000e+00,0.000000000000000000e+00,0.000000000000000000e+00,0.000000000000000000e+00,0.000000000000000000e+00,0.000000000000000000e+00,0.000000000000000000e+00,0.000000000000000000e+00,0.000000000000000000e+00
Chord,1.864425999999999917e+01,1.773276999999999859e+01,1.682128000000000156e+01,1.590978999999999921e+01,1.499831000000000003e+01,1.408681999999999945e+01,1.317533000000000065e+01,1.226384000000000007e+01,1.135234999999999950e+01,1.044087000000000032e+01,9.529379999999999740e+00,8.617889999999999162e+00,7.706400000000000361e+00,1.864425999999999917e+01,1.773276999999999859e+01,1.682128000000000156e+01,1.590978999999999921e+01,1.499831000000000003e+01,1.408681999999999945e+01,1.317533000000000065e+01,1.226384000000000007e+01,1.135234999999999950e+01,1.044087000000000032e+01,9.529379999999999740e+00,8.617889999999999162e+00,7.706400000000000361e+00,8.666919999999999291e+00,8.214769999999999683e+00,7.762620000000000076e+00,7.310459999999999958e+00,6.858310000000000350e+00,6.406150000000000233e+00,5.953999999999999737e+00,5.501850000000000129e+00,5.049690000000000012e+00,4.597540000000000404e+00,4.145380000000000287e+00,3.693229999999999791e+00,3.241080000000000183e+00,8.666919999999999291e+00,8.214769999999999683e+00,7.762620000000000076e+00,7.310459999999999958e+00,6.858310000000000350e+00,6.406150000000000233e+00,5.953999999999999737e+00,5.501850000000000129e+00,5.049690000000000012e+00,4.597540000000000404e+00,4.145380000000000287e+00,3.693229999999999791e+00,3.241080000000000183e+00,1.484849999999999959e+01,1.392350000000000065e+01,1.299849999999999994e+01,1.207349999999999923e+01,1.114850000000000030e+01,1.022349999999999959e+01,9.298500000000000654e+00,8.373499999999999943e+00,7.448500000000000121e+00,6.523500000000000298e+00,5.598499999999999588e+00,4.673499999999999766e+00,3.748499999999999943e+00,1.484849999999999959e+01,1.392350000000000065e+01,1.299849999999999994e+01,1.207349999999999923e+01,1.114850000000000030e+01,1.022349999999999959e+01,9.298500000000000654e+00,8.373499999999999943e+00,7.448500000000000121e+00,6.523500000000000298e+00,5.598499999999999588e+00,4.673499999999999766e+00,3.748499999999999943e+00,8.872099999999999653e+00,8.616300000000000736e+00,8.360500000000000043e+00,8.104699999999999349e+00,7.848900000000000432e+00,7.593099999999999739e+00,7.337299999999999933e+00,7.081500000000000128e+00,6.825700000000000323e+00,6.569899999999999629e+00,6.314099999999999824e+00,6.058300000000000018e+00,5.802500000000000213e+00,8.872099999999999653e+00,8.616300000000000736e+00,8.360500000000000043e+00,8.104699999999999349e+00,7.848900000000000432e+00,7.593099999999999739e+00,7.337299999999999933e+00,7.081500000000000128e+00,6.825700000000000323e+00,6.569899999999999629e+00,6.314099999999999824e+00,6.058300000000000018e+00,5.802500000000000213e+00
Diameter,0.000000000000000000e+00,0.000000000000000000e+00,0.000000000000000000e+00,0.000000000000000000e+00,0.000000000000000000e+00,0.000000000000000000e+00,0.000000000000000000e+00,0.000000000000000000e+00,0.000000000000000000e+00,0.000000000000000000e+00,0.000000000000000000e+00,0.000000000000000000e+00,0.000000000000000000e+00,0.000000000000000000e+00,0.000000000000000000e+00,0.000000000000000000e+00,0.000000000000000000e+00,0.000000000000000000e+00,0.000000000000000000e+00,0.000000000000000000e+00,0.000000000000000000e+00,0.000000000000000000e+00,0.000000000000000000e+00,0.000000000000000000e+00,0.000000000000000000e+00,0.000000000000000000e+00,0.000000000000000000e+00,0.000000000000000000e+00,0.000000000000000000e+00,0.000000000000000000e+00,0.000000000000000000e+00,0.000000000000000000e+00,0.000000000000000000e+00,0.000000000000000000e+00,0.000000000000000000e+00,0.000000000000000000e+00,0.000000000000000000e+00,0.000000000000000000e+00,0.000000000000000000e+00,0.000000000000000000e+00,0.000000000000000000e+00,0.000000000000000000e+00,0.000000000000000000e+00,0.000000000000000000e+00,0.000000000000000000e+00,0.000000000000000000e+00,0.000000000000000000e+00,0.000000000000000000e+00,0.000000000000000000e+00,0.000000000000000000e+00,0.000000000000000000e+00,0.000000000000000000e+00,0.000000000000000000e+00,0.000000000000000000e+00,0.000000000000000000e+00,0.000000000000000000e+00,0.000000000000000000e+00,0.000000000000000000e+00,0.000000000000000000e+00,0.000000000000000000e+00,0.000000000000000000e+00,0.000000000000000000e+00,0.000000000000000000e+00,0.000000000000000000e+00,0.000000000000000000e+00,0.000000000000000000e+00,0.000000000000000000e+00,0.000000000000000000e+00,0.000000000000000000e+00,0.000000000000000000e+00,0.000000000000000000e+00,0.000000000000000000e+00,0.000000000000000000e+00,0.000000000000000000e+00,0.000000000000000000e+00,0.000000000000000000e+00,0.000000000000000000e+00,0.000000000000000000e+00,0.000000000000000000e+00,0.000000000000000000e+00,0.000000000000000000e+00,0.000000000000000000e+00,0.000000000000000000e+00,0.000000000000000000e+00,0.000000000000000000e+00,0.000000000000000000e+00,0.000000000000000000e+00,0.000000000000000000e+00,0.000000000000000000e+00,0.000000000000000000e+00,0.000000000000000000e+00,0.000000000000000000e+00,0.000000000000000000e+00,0.000000000000000000e+00,0.000000000000000000e+00,0.000000000000000000e+00,0.000000000000000000e+00,0.000000000000000000e+00,0.000000000000000000e+00,0.000000000000000000e+00,0.000000000000000000e+00,0.000000000000000000e+00,0.000000000000000000e+00,0.000000000000000000e+00
ETAP,0.000000000000000000e+00,0.000000000000000000e+00,0.000000000000000000e+00,0.000000000000000000e+00,0.000000000000000000e+00,0.000000000000000000e+00,0.000000000000000000e+00,0.000000000000000000e+00,0.000000000000000000e+00,0.000000000000000000e+00,0.000000000000000000e+00,0.000000000000000000e+00,0.000000000000000000e+00,0.000000000000000000e+00,0.000000000000000000e+00,0.000000000000000000e+00,0.000000000000000000e+00,0.000000000000000000e+00,0.000000000000000000e+00,0.000000000000000000e+00,0.000000000000000000e+00,0.000000000000000000e+00,0.000000000000000000e+00,0.000000000000000000e+00,0.000000000000000000e+00,0.000000000000000000e+00,0.000000000000000000e+00,0.000000000000000000e+00,0.000000000000000000e+00,0.000000000000000000e+00,0.000000000000000000e+00,0.000000000000000000e+00,0.000000000000000000e+00,0.000000000000000000e+00,0.000000000000000000e+00,0.000000000000000000e+00,0.000000000000000000e+00,0.000000000000000000e+00,0.000000000000000000e+00,0.000000000000000000e+00,0.000000000000000000e+00,0.000000000000000000e+00,0.000000000000000000e+00,0.000000000000000000e+00,0.000000000000000000e+00,0.000000000000000000e+00,0.000000000000000000e+00,0.000000000000000000e+00,0.000000000000000000e+00,0.000000000000000000e+00,0.000000000000000000e+00,0.000000000000000000e+00,0.000000000000000000e+00,0.000000000000000000e+00,0.000000000000000000e+00,0.000000000000000000e+00,0.000000000000000000e+00,0.000000000000000000e+00,0.000000000000000000e+00,0.000000000000000000e+00,0.000000000000000000e+00,0.000000000000000000e+00,0.000000000000000000e+00,0.000000000000000000e+00,0.000000000000000000e+00,0.000000000000000000e+00,0.000000000000000000e+00,0.000000000000000000e+00,0.000000000000000000e+00,0.000000000000000000e+00,0.000000000000000000e+00,0.000000000000000000e+00,0.000000000000000000e+00,0.000000000000000000e+00,0.000000000000000000e+00,0.000000000000000000e+00,0.000000000000000000e+00,0.000000000000000000e+00,0.000000000000000000e+00,0.000000000000000000e+00,0.000000000000000000e+00,0.000000000000000000e+00,0.000000000000000000e+00,0.000000000000000000e+00,0.000000000000000000e+00,0.000000000000000000e+00,0.000000000000000000e+00,0.000000000000000000e+00,0.000000000000000000e+00,0.000000000000000000e+00,0.000000000000000000e+00,0.000000000000000000e+00,0.000000000000000000e+00,0.000000000000000000e+00,0.000000000000000000e+00,0.000000000000000000e+00,0.000000000000000000e+00,0.000000000000000000e+00,0.000000000000000000e+00,0.000000000000000000e+00,0.000000000000000000e+00,0.000000000000000000e+00,0.000000000000000000e+00,0.000000000000000000e+00
FC_AoA_,5.000000000000000000e+00
FC_Beta_,0.000000000000000000e+00
FC_Bref_,4.389800000000000324e+01
FC_Cref_,1.637800000000000011e+01
FC_Mach_,2.200000000000000178e+00
FC_Pitch_Rate,0.000000000000000000e+00
FC_Rho_,2.377000000000000206e-03
FC_Roll__Rate,0.000000000000000000e+00
FC_Sref_,6.609039999999999964e+02
FC_Vinf_,1.000000000000000000e+02
FC_Xcg_,0.000000000000000000e+00
FC_Yaw___Rate,0.000000000000000000e+00
FC_Ycg_,0.000000000000000000e+00
FC_Zcg_,0.000000000000000000e+00
FOM,0.000000000000000000e+00,0.000000000000000000e+00,0.000000000000000000e+00,0.000000000000000000e+00,0.000000000000000000e+00,0.000000000000000000e+00,0.000000000000000000e+00,0.000000000000000000e+00,0.000000000000000000e+00,0.000000000000000000e+00,0.000000000000000000e+00,0.000000000000000000e+00,0.000000000000000000e+00,0.000000000000000000e+00,0.000000000000000000e+00,0.000000000000000000e+00,0.000000000000000000e+00,0.000000000000000000e+00,0.000000000000000000e+00,0.000000000000000000e+00,0.000000000000000000e+00,0.000000000000000000e+00,0.000000000000000000e+00,0.000000000000000000e+00,0.000000000000000000e+00,0.000000000000000000e+00,0.000000000000000000e+00,0.000000000000000000e+00,0.000000000000000000e+00,0.000000000000000000e+00,0.000000000000000000e+00,0.000000000000000000e+00,0.000000000000000000e+00,0.000000000000000000e+00,0.000000000000000000e+00,0.000000000000000000e+00,0.000000000000000000e+00,0.000000000000000000e+00,0.000000000000000000e+00,0.000000000000000000e+00,0.000000000000000000e+00,0.000000000000000000e+00,0.000000000000000000e+00,0.000000000000000000e+00,0.000000000000000000e+00,0.000000000000000000e+00,0.000000000000000000e+00,0.000000000000000000e+00,0.000000000000000000e+00,0.000000000000000000e+00,0.000000000000000000e+00,0.000000000000000000e+00,0.000000000000000000e+00,0.000000000000000000e+00,0.000000000000000000e+00,0.000000000000000000e+00,0.000000000000000000e+00,0.000000000000000000e+00,0.000000000000000000e+00,0.000000000000000000e+00,0.000000000000000000e+00,0.000000000000000000e+00,0.000000000000000000e+00,0.000000000000000000e+00,0.000000000000000000e+00,0.000000000000000000e+00,0.000000000000000000e+00,0.000000000000000000e+00,0.000000000000000000e+00,0.000000000000000000e+00,0.000000000000000000e+00,0.000000000000000000e+00,0.000000000000000000e+00,0.000000000000000000e+00,0.000000000000000000e+00,0.000000000000000000e+00,0.000000000000000000e+00,0.000000000000000000e+00,0.000000000000000000e+00,0.000000000000000000e+00,0.000000000000000000e+00,0.000000000000000000e+00,0.000000000000000000e+00,0.000000000000000000e+00,0.000000000000000000e+00,0.000000000000000000e+00,0.000000000000000000e+00,0.000000000000000000e+00,0.000000000000000000e+00,0.000000000000000000e+00,0.000000000000000000e+00,0.000000000000000000e+00,0.000000000000000000e+00,0.000000000000000000e+00,0.000000000000000000e+00,0.000000000000000000e+00,0.000000000000000000e+00,0.000000000000000000e+00,0.000000000000000000e+00,0.000000000000000000e+00,0.000000000000000000e+00,0.000000000000000000e+00,0.000000000000000000e+00,0.000000000000000000e+00
IsARotor,0,0,0,0,0,0,0,0,0,0,0,0,0,0,0,0,0,0,0,0,0,0,0,0,0,0,0,0,0,0,0,0,0,0,0,0,0,0,0,0,0,0,0,0,0,0,0,0,0,0,0,0,0,0,0,0,0,0,0,0,0,0,0,0,0,0,0,0,0,0,0,0,0,0,0,0,0,0,0,0,0,0,0,0,0,0,0,0,0,0,0,0,0,0,0,0,0,0,0,0,0,0,0,0
Iter,7,7,7,7,7,7,7,7,7,7,7,7,7,7,7,7,7,7,7,7,7,7,7,7,7,7,7,7,7,7,7,7,7,7,7,7,7,7,7,7,7,7,7,7,7,7,7,7,7,7,7,7,7,7,7,7,7,7,7,7,7,7,7,7,7,7,7,7,7,7,7,7,7,7,7,7,7,7,7,7,7,7,7,7,7,7,7,7,7,7,7,7,7,7,7,7,7,7,7,7,7,7,7,7
J,0.000000000000000000e+00,0.000000000000000000e+00,0.000000000000000000e+00,0.000000000000000000e+00,0.000000000000000000e+00,0.000000000000000000e+00,0.000000000000000000e+00,0.000000000000000000e+00,0.000000000000000000e+00,0.000000000000000000e+00,0.000000000000000000e+00,0.000000000000000000e+00,0.000000000000000000e+00,0.000000000000000000e+00,0.000000000000000000e+00,0.000000000000000000e+00,0.000000000000000000e+00,0.000000000000000000e+00,0.000000000000000000e+00,0.000000000000000000e+00,0.000000000000000000e+00,0.000000000000000000e+00,0.000000000000000000e+00,0.000000000000000000e+00,0.000000000000000000e+00,0.000000000000000000e+00,0.000000000000000000e+00,0.000000000000000000e+00,0.000000000000000000e+00,0.000000000000000000e+00,0.000000000000000000e+00,0.000000000000000000e+00,0.000000000000000000e+00,0.000000000000000000e+00,0.000000000000000000e+00,0.000000000000000000e+00,0.000000000000000000e+00,0.000000000000000000e+00,0.000000000000000000e+00,0.000000000000000000e+00,0.000000000000000000e+00,0.000000000000000000e+00,0.000000000000000000e+00,0.000000000000000000e+00,0.000000000000000000e+00,0.000000000000000000e+00,0.000000000000000000e+00,0.000000000000000000e+00,0.000000000000000000e+00,0.000000000000000000e+00,0.000000000000000000e+00,0.000000000000000000e+00,0.000000000000000000e+00,0.000000000000000000e+00,0.000000000000000000e+00,0.000000000000000000e+00,0.000000000000000000e+00,0.000000000000000000e+00,0.000000000000000000e+00,0.000000000000000000e+00,0.000000000000000000e+00,0.000000000000000000e+00,0.000000000000000000e+00,0.000000000000000000e+00,0.000000000000000000e+00,0.000000000000000000e+00,0.000000000000000000e+00,0.000000000000000000e+00,0.000000000000000000e+00,0.000000000000000000e+00,0.000000000000000000e+00,0.000000000000000000e+00,0.000000000000000000e+00,0.000000000000000000e+00,0.000000000000000000e+00,0.000000000000000000e+00,0.000000000000000000e+00,0.000000000000000000e+00,0.000000000000000000e+00,0.000000000000000000e+00,0.000000000000000000e+00,0.000000000000000000e+00,0.000000000000000000e+00,0.000000000000000000e+00,0.000000000000000000e+00,0.000000000000000000e+00,0.000000000000000000e+00,0.000000000000000000e+00,0.000000000000000000e+00,0.000000000000000000e+00,0.000000000000000000e+00,0.000000000000000000e+00,0.000000000000000000e+00,0.000000000000000000e+00,0.000000000000000000e+00,0.000000000000000000e+00,0.000000000000000000e+00,0.000000000000000000e+00,0.000000000000000000e+00,0.000000000000000000e+00,0.000000000000000000e+00,0.000000000000000000e+00,0.000000000000000000e+00,0.000000000000000000e+00
Moment,0.000000000000000000e+00,0.000000000000000000e+00,0.000000000000000000e+00,0.000000000000000000e+00,0.000000000000000000e+00,0.000000000000000000e+00,0.000000000000000000e+00,0.000000000000000000e+00,0.000000000000000000e+00,0.000000000000000000e+00,0.000000000000000000e+00,0.000000000000000000e+00,0.000000000000000000e+00,0.000000000000000000e+00,0.000000000000000000e+00,0.000000000000000000e+00,0.000000000000000000e+00,0.000000000000000000e+00,0.000000000000000000e+00,0.000000000000000000e+00,0.000000000000000000e+00,0.000000000000000000e+00,0.000000000000000000e+00,0.000000000000000000e+00,0.000000000000000000e+00,0.000000000000000000e+00,0.000000000000000000e+00,0.000000000000000000e+00,0.000000000000000000e+00,0.000000000000000000e+00,0.000000000000000000e+00,0.000000000000000000e+00,0.000000000000000000e+00,0.000000000000000000e+00,0.000000000000000000e+00,0.000000000000000000e+00,0.000000000000000000e+00,0.000000000000000000e+00,0.000000000000000000e+00,0.000000000000000000e+00,0.000000000000000000e+00,0.000000000000000000e+00,0.000000000000000000e+00,0.000000000000000000e+00,0.000000000000000000e+00,0.000000000000000000e+00,0.000000000000000000e+00,0.000000000000000000e+00,0.000000000000000000e+00,0.000000000000000000e+00,0.000000000000000000e+00,0.000000000000000000e+00,0.000000000000000000e+00,0.000000000000000000e+00,0.000000000000000000e+00,0.000000000000000000e+00,0.000000000000000000e+00,0.000000000000000000e+00,0.000000000000000000e+00,0.000000000000000000e+00,0.000000000000000000e+00,0.000000000000000000e+00,0.000000000000000000e+00,0.000000000000000000e+00,0.000000000000000000e+00,0.000000000000000000e+00,0.000000000000000000e+00,0.000000000000000000e+00,0.000000000000000000e+00,0.000000000000000000e+00,0.000000000000000000e+00,0.000000000000000000e+00,0.000000000000000000e+00,0.000000000000000000e+00,0.000000000000000000e+00,0.000000000000000000e+00,0.000000000000000000e+00,0.000000000000000000e+00,0.000000000000000000e+00,0.000000000000000000e+00,0.000000000000000000e+00,0.000000000000000000e+00,0.000000000000000000e+00,0.000000000000000000e+00,0.000000000000000000e+00,0.000000000000000000e+00,0.000000000000000000e+00,0.000000000000000000e+00,0.000000000000000000e+00,0.000000000000000000e+00,0.000000000000000000e+00,0.000000000000000000e+00,0.000000000000000000e+00,0.000000000000000000e+00,0.000000000000000000e+00,0.000000000000000000e+00,0.000000000000000000e+00,0.000000000000000000e+00,0.000000000000000000e+00,0.000000000000000000e+00,0.000000000000000000e+00,0.000000000000000000e+00,0.000000000000000000e+00,0.000000000000000000e+00
Momenti,0.000000000000000000e+00,0.000000000000000000e+00,0.000000000000000000e+00,0.000000000000000000e+00,0.000000000000000000e+00,0.000000000000000000e+00,0.000000000000000000e+00,0.000000000000000000e+00,0.000000000000000000e+00,0.000000000000000000e+00,0.000000000000000000e+00,0.000000000000000000e+00,0.000000000000000000e+00,0.000000000000000000e+00,0.000000000000000000e+00,0.000000000000000000e+00,0.000000000000000000e+00,0.000000000000000000e+00,0.000000000000000000e+00,0.000000000000000000e+00,0.000000000000000000e+00,0.000000000000000000e+00,0.000000000000000000e+00,0.000000000000000000e+00,0.000000000000000000e+00,0.000000000000000000e+00,0.000000000000000000e+00,0.000000000000000000e+00,0.000000000000000000e+00,0.000000000000000000e+00,0.000000000000000000e+00,0.000000000000000000e+00,0.000000000000000000e+00,0.000000000000000000e+00,0.000000000000000000e+00,0.000000000000000000e+00,0.000000000000000000e+00,0.000000000000000000e+00,0.000000000000000000e+00,0.000000000000000000e+00,0.000000000000000000e+00,0.000000000000000000e+00,0.000000000000000000e+00,0.000000000000000000e+00,0.000000000000000000e+00,0.000000000000000000e+00,0.000000000000000000e+00,0.000000000000000000e+00,0.000000000000000000e+00,0.000000000000000000e+00,0.000000000000000000e+00,0.000000000000000000e+00,0.000000000000000000e+00,0.000000000000000000e+00,0.000000000000000000e+00,0.000000000000000000e+00,0.000000000000000000e+00,0.000000000000000000e+00,0.000000000000000000e+00,0.000000000000000000e+00,0.000000000000000000e+00,0.000000000000000000e+00,0.000000000000000000e+00,0.000000000000000000e+00,0.000000000000000000e+00,0.000000000000000000e+00,0.000000000000000000e+00,0.000000000000000000e+00,0.000000000000000000e+00,0.000000000000000000e+00,0.000000000000000000e+00,0.000000000000000000e+00,0.000000000000000000e+00,0.000000000000000000e+00,0.000000000000000000e+00,0.000000000000000000e+00,0.000000000000000000e+00,0.000000000000000000e+00,0.000000000000000000e+00,0.000000000000000000e+00,0.000000000000000000e+00,0.000000000000000000e+00,0.000000000000000000e+00,0.000000000000000000e+00,0.000000000000000000e+00,0.000000000000000000e+00,0.000000000000000000e+00,0.000000000000000000e+00,0.000000000000000000e+00,0.000000000000000000e+00,0.000000000000000000e+00,0.000000000000000000e+00,0.000000000000000000e+00,0.000000000000000000e+00,0.000000000000000000e+00,0.000000000000000000e+00,0.000000000000000000e+00,0.000000000000000000e+00,0.000000000000000000e+00,0.000000000000000000e+00,0.000000000000000000e+00,0.000000000000000000e+00,0.000000000000000000e+00,0.000000000000000000e+00
Momento,0.000000000000000000e+00,0.000000000000000000e+00,0.000000000000000000e+00,0.000000000000000000e+00,0.000000000000000000e+00,0.000000000000000000e+00,0.000000000000000000e+00,0.000000000000000000e+00,0.000000000000000000e+00,0.000000000000000000e+00,0.000000000000000000e+00,0.000000000000000000e+00,0.000000000000000000e+00,0.000000000000000000e+00,0.000000000000000000e+00,0.000000000000000000e+00,0.000000000000000000e+00,0.000000000000000000e+00,0.000000000000000000e+00,0.000000000000000000e+00,0.000000000000000000e+00,0.000000000000000000e+00,0.000000000000000000e+00,0.000000000000000000e+00,0.000000000000000000e+00,0.000000000000000000e+00,0.000000000000000000e+00,0.000000000000000000e+00,0.000000000000000000e+00,0.000000000000000000e+00,0.000000000000000000e+00,0.000000000000000000e+00,0.000000000000000000e+00,0.000000000000000000e+00,0.000000000000000000e+00,0.000000000000000000e+00,0.000000000000000000e+00,0.000000000000000000e+00,0.000000000000000000e+00,0.000000000000000000e+00,0.000000000000000000e+00,0.000000000000000000e+00,0.000000000000000000e+00,0.000000000000000000e+00,0.000000000000000000e+00,0.000000000000000000e+00,0.000000000000000000e+00,0.000000000000000000e+00,0.000000000000000000e+00,0.000000000000000000e+00,0.000000000000000000e+00,0.000000000000000000e+00,0.000000000000000000e+00,0.000000000000000000e+00,0.000000000000000000e+00,0.000000000000000000e+00,0.000000000000000000e+00,0.000000000000000000e+00,0.000000000000000000e+00,0.000000000000000000e+00,0.000000000000000000e+00,0.000000000000000000e+00,0.000000000000000000e+00,0.000000000000000000e+00,0.000000000000000000e+00,0.000000000000000000e+00,0.000000000000000000e+00,0.000000000000000000e+00,0.000000000000000000e+00,0.000000000000000000e+00,0.000000000000000000e+00,0.000000000000000000e+00,0.000000000000000000e+00,0.000000000000000000e+00,0.000000000000000000e+00,0.000000000000000000e+00,0.000000000000000000e+00,0.000000000000000000e+00,0.000000000000000000e+00,0.000000000000000000e+00,0.000000000000000000e+00,0.000000000000000000e+00,0.000000000000000000e+00,0.000000000000000000e+00,0.000000000000000000e+00,0.000000000000000000e+00,0.000000000000000000e+00,0.000000000000000000e+00,0.000000000000000000e+00,0.000000000000000000e+00,0.000000000000000000e+00,0.000000000000000000e+00,0.000000000000000000e+00,0.000000000000000000e+00,0.000000000000000000e+00,0.000000000000000000e+00,0.000000000000000000e+00,0.000000000000000000e+00,0.000000000000000000e+00,0.000000000000000000e+00,0.000000000000000000e+00,0.000000000000000000e+00,0.000000000000000000e+00,0.000000000000000000e+00
Power,0.000000000000000000e+00,0.000000000000000000e+00,0.000000000000000000e+00,0.000000000000000000e+00,0.000000000000000000e+00,0.000000000000000000e+00,0.000000000000000000e+00,0.000000000000000000e+00,0.000000000000000000e+00,0.000000000000000000e+00,0.000000000000000000e+00,0.000000000000000000e+00,0.000000000000000000e+00,0.000000000000000000e+00,0.000000000000000000e+00,0.000000000000000000e+00,0.000000000000000000e+00,0.000000000000000000e+00,0.000000000000000000e+00,0.000000000000000000e+00,0.000000000000000000e+00,0.000000000000000000e+00,0.000000000000000000e+00,0.000000000000000000e+00,0.000000000000000000e+00,0.000000000000000000e+00,0.000000000000000000e+00,0.000000000000000000e+00,0.000000000000000000e+00,0.000000000000000000e+00,0.000000000000000000e+00,0.000000000000000000e+00,0.000000000000000000e+00,0.000000000000000000e+00,0.000000000000000000e+00,0.000000000000000000e+00,0.000000000000000000e+00,0.000000000000000000e+00,0.000000000000000000e+00,0.000000000000000000e+00,0.000000000000000000e+00,0.000000000000000000e+00,0.000000000000000000e+00,0.000000000000000000e+00,0.000000000000000000e+00,0.000000000000000000e+00,0.000000000000000000e+00,0.000000000000000000e+00,0.000000000000000000e+00,0.000000000000000000e+00,0.000000000000000000e+00,0.000000000000000000e+00,0.000000000000000000e+00,0.000000000000000000e+00,0.000000000000000000e+00,0.000000000000000000e+00,0.000000000000000000e+00,0.000000000000000000e+00,0.000000000000000000e+00,0.000000000000000000e+00,0.000000000000000000e+00,0.000000000000000000e+00,0.000000000000000000e+00,0.000000000000000000e+00,0.000000000000000000e+00,0.000000000000000000e+00,0.000000000000000000e+00,0.000000000000000000e+00,0.000000000000000000e+00,0.000000000000000000e+00,0.000000000000000000e+00,0.000000000000000000e+00,0.000000000000000000e+00,0.000000000000000000e+00,0.000000000000000000e+00,0.000000000000000000e+00,0.000000000000000000e+00,0.000000000000000000e+00,0.000000000000000000e+00,0.000000000000000000e+00,0.000000000000000000e+00,0.000000000000000000e+00,0.000000000000000000e+00,0.000000000000000000e+00,0.000000000000000000e+00,0.000000000000000000e+00,0.000000000000000000e+00,0.000000000000000000e+00,0.000000000000000000e+00,0.000000000000000000e+00,0.000000000000000000e+00,0.000000000000000000e+00,0.000000000000000000e+00,0.000000000000000000e+00,0.000000000000000000e+00,0.000000000000000000e+00,0.000000000000000000e+00,0.000000000000000000e+00,0.000000000000000000e+00,0.000000000000000000e+00,0.000000000000000000e+00,0.000000000000000000e+00,0.000000000000000000e+00,0.000000000000000000e+00
Poweri,0.000000000000000000e+00,0.000000000000000000e+00,0.000000000000000000e+00,0.000000000000000000e+00,0.000000000000000000e+00,0.000000000000000000e+00,0.000000000000000000e+00,0.000000000000000000e+00,0.000000000000000000e+00,0.000000000000000000e+00,0.000000000000000000e+00,0.000000000000000000e+00,0.000000000000000000e+00,0.000000000000000000e+00,0.000000000000000000e+00,0.000000000000000000e+00,0.000000000000000000e+00,0.000000000000000000e+00,0.000000000000000000e+00,0.000000000000000000e+00,0.000000000000000000e+00,0.000000000000000000e+00,0.000000000000000000e+00,0.000000000000000000e+00,0.000000000000000000e+00,0.000000000000000000e+00,0.000000000000000000e+00,0.000000000000000000e+00,0.000000000000000000e+00,0.000000000000000000e+00,0.000000000000000000e+00,0.000000000000000000e+00,0.000000000000000000e+00,0.000000000000000000e+00,0.000000000000000000e+00,0.000000000000000000e+00,0.000000000000000000e+00,0.000000000000000000e+00,0.000000000000000000e+00,0.000000000000000000e+00,0.000000000000000000e+00,0.000000000000000000e+00,0.000000000000000000e+00,0.000000000000000000e+00,0.000000000000000000e+00,0.000000000000000000e+00,0.000000000000000000e+00,0.000000000000000000e+00,0.000000000000000000e+00,0.000000000000000000e+00,0.000000000000000000e+00,0.000000000000000000e+00,0.000000000000000000e+00,0.000000000000000000e+00,0.000000000000000000e+00,0.000000000000000000e+00,0.000000000000000000e+00,0.000000000000000000e+00,0.000000000000000000e+00,0.000000000000000000e+00,0.000000000000000000e+00,0.000000000000000000e+00,0.000000000000000000e+00,0.000000000000000000e+00,0.000000000000000000e+00,0.000000000000000000e+00,0.000000000000000000e+00,0.000000000000000000e+00,0.000000000000000000e+00,0.000000000000000000e+00,0.000000000000000000e+00,0.000000000000000000e+00,0.000000000000000000e+00,0.000000000000000000e+00,0.000000000000000000e+00,0.000000000000000000e+00,0.000000000000000000e+00,0.000000000000000000e+00,0.000000000000000000e+00,0.000000000000000000e+00,0.000000000000000000e+00,0.000000000000000000e+00,0.000000000000000000e+00,0.000000000000000000e+00,0.000000000000000000e+00,0.000000000000000000e+00,0.000000000000000000e+00,0.000000000000000000e+00,0.000000000000000000e+00,0.000000000000000000e+00,0.000000000000000000e+00,0.000000000000000000e+00,0.000000000000000000e+00,0.000000000000000000e+00,0.000000000000000000e+00,0.000000000000000000e+00,0.000000000000000000e+00,0.000000000000000000e+00,0.000000000000000000e+00,0.000000000000000000e+00,0.000000000000000000e+00,0.000000000000000000e+00,0.000000000000000000e+00,0.000000000000000000e+00
Powero,0.000000000000000000e+00,0.000000000000000000e+00,0.000000000000000000e+00,0.000000000000000000e+00,0.000000000000000000e+00,0.000000000000000000e+00,0.000000000000000000e+00,0.000000000000000000e+00,0.000000000000000000e+00,0.000000000000000000e+00,0.000000000000000000e+00,0.000000000000000000e+00,0.000000000000000000e+00,0.000000000000000000e+00,0.000000000000000000e+00,0.000000000000000000e+00,0.000000000000000000e+00,0.000000000000000000e+00,0.000000000000000000e+00,0.000000000000000000e+00,0.000000000000000000e+00,0.000000000000000000e+00,0.000000000000000000e+00,0.000000000000000000e+00,0.000000000000000000e+00,0.000000000000000000e+00,0.000000000000000000e+00,0.000000000000000000e+00,0.000000000000000000e+00,0.000000000000000000e+00,0.000000000000000000e+00,0.000000000000000000e+00,0.000000000000000000e+00,0.000000000000000000e+00,0.000000000000000000e+00,0.000000000000000000e+00,0.000000000000000000e+00,0.000000000000000000e+00,0.000000000000000000e+00,0.000000000000000000e+00,0.000000000000000000e+00,0.000000000000000000e+00,0.000000000000000000e+00,0.000000000000000000e+00,0.000000000000000000e+00,0.000000000000000000e+00,0.000000000000000000e+00,0.000000000000000000e+00,0.000000000000000000e+00,0.000000000000000000e+00,0.000000000000000000e+00,0.000000000000000000e+00,0.000000000000000000e+00,0.000000000000000000e+00,0.000000000000000000e+00,0.000000000000000000e+00,0.000000000000000000e+00,0.000000000000000000e+00,0.000000000000000000e+00,0.000000000000000000e+00,0.000000000000000000e+00,0.000000000000000000e+00,0.000000000000000000e+00,0.000000000000000000e+00,0.000000000000000000e+00,0.000000000000000000e+00,0.000000000000000000e+00,0.000000000000000000e+00,0.000000000000000000e+00,0.000000000000000000e+00,0.000000000000000000e+00,0.000000000000000000e+00,0.000000000000000000e+00,0.000000000000000000e+00,0.000000000000000000e+00,0.000000000000000000e+00,0.000000000000000000e+00,0.000000000000000000e+00,0.000000000000000000e+00,0.000000000000000000e+00,0.000000000000000000e+00,0.000000000000000000e+00,0.000000000000000000e+00,0.000000000000000000e+00,0.000000000000000000e+00,0.000000000000000000e+00,0.000000000000000000e+00,0.000000000000000000e+00,0.000000000000000000e+00,0.000000000000000000e+00,0.000000000000000000e+00,0.000000000000000000e+00,0.000000000000000000e+00,0.000000000000000000e+00,0.000000000000000000e+00,0.000000000000000000e+00,0.000000000000000000e+00,0.000000000000000000e+00,0.000000000000000000e+00,0.000000000000000000e+00,0.000000000000000000e+00,0.000000000000000000e+00,0.000000000000000000e+00,0.000000000000000000e+00
RPM,0.000000000000000000e+00,0.000000000000000000e+00,0.000000000000000000e+00,0.000000000000000000e+00,0.000000000000000000e+00,0.000000000000000000e+00,0.000000000000000000e+00,0.000000000000000000e+00,0.000000000000000000e+00,0.000000000000000000e+00,0.000000000000000000e+00,0.000000000000000000e+00,0.000000000000000000e+00,0.000000000000000000e+00,0.000000000000000000e+00,0.000000000000000000e+00,0.000000000000000000e+00,0.000000000000000000e+00,0.000000000000000000e+00,0.000000000000000000e+00,0.000000000000000000e+00,0.000000000000000000e+00,0.000000000000000000e+00,0.000000000000000000e+00,0.000000000000000000e+00,0.000000000000000000e+00,0.000000000000000000e+00,0.000000000000000000e+00,0.000000000000000000e+00,0.000000000000000000e+00,0.000000000000000000e+00,0.000000000000000000e+00,0.000000000000000000e+00,0.000000000000000000e+00,0.000000000000000000e+00,0.000000000000000000e+00,0.000000000000000000e+00,0.000000000000000000e+00,0.000000000000000000e+00,0.000000000000000000e+00,0.000000000000000000e+00,0.000000000000000000e+00,0.000000000000000000e+00,0.000000000000000000e+00,0.000000000000000000e+00,0.000000000000000000e+00,0.000000000000000000e+00,0.000000000000000000e+00,0.000000000000000000e+00,0.000000000000000000e+00,0.000000000000000000e+00,0.000000000000000000e+00,0.000000000000000000e+00,0.000000000000000000e+00,0.000000000000000000e+00,0.000000000000000000e+00,0.000000000000000000e+00,0.000000000000000000e+00,0.000000000000000000e+00,0.000000000000000000e+00,0.000000000000000000e+00,0.000000000000000000e+00,0.000000000000000000e+00,0.000000000000000000e+00,0.000000000000000000e+00,0.000000000000000000e+00,0.000000000000000000e+00,0.000000000000000000e+00,0.000000000000000000e+00,0.000000000000000000e+00,0.000000000000000000e+00,0.000000000000000000e+00,0.000000000000000000e+00,0.000000000000000000e+00,0.000000000000000000e+00,0.000000000000000000e+00,0.000000000000000000e+00,0.000000000000000000e+00,0.000000000000000000e+00,0.000000000000000000e+00,0.000000000000000000e+00,0.000000000000000000e+00,0.000000000000000000e+00,0.000000000000000000e+00,0.000000000000000000e+00,0.000000000000000000e+00,0.000000000000000000e+00,0.000000000000000000e+00,0.000000000000000000e+00,0.000000000000000000e+00,0.000000000000000000e+00,0.000000000000000000e+00,0.000000000000000000e+00,0.000000000000000000e+00,0.000000000000000000e+00,0.000000000000000000e+00,0.000000000000000000e+00,0.000000000000000000e+00,0.000000000000000000e+00,0.000000000000000000e+00,0.000000000000000000e+00,0.000000000000000000e+00,0.000000000000000000e+00,0.000000000000000000e+00
SoverB,7.692000000000000226e-02,1.538499999999999868e-01,2.307700000000000029e-01,3.076900000000000190e-01,3.846200000000000174e-01,4.615400000000000058e-01,5.384600000000000497e-01,6.153800000000000381e-01,6.923099999999999810e-01,7.692299999999999693e-01,8.461499999999999577e-01,9.230800000000000116e-01,1.000000000000000000e+00,7.692000000000000226e-02,1.538499999999999868e-01,2.307700000000000029e-01,3.076900000000000190e-01,3.846200000000000174e-01,4.615400000000000058e-01,5.384600000000000497e-01,6.153800000000000381e-01,6.923099999999999810e-01,7.692299999999999693e-01,8.461499999999999577e-01,9.230800000000000116e-01,1.000000000000000000e+00,7.692000000000000226e-02,1.538499999999999868e-01,2.307700000000000029e-01,3.076900000000000190e-01,3.846200000000000174e-01,4.615400000000000058e-01,5.384600000000000497e-01,6.153800000000000381e-01,6.923099999999999810e-01,7.692299999999999693e-01,8.461499999999999577e-01,9.230800000000000116e-01,1.000000000000000000e+00,7.692000000000000226e-02,1.538499999999999868e-01,2.307700000000000029e-01,3.076900000000000190e-01,3.846200000000000174e-01,4.615400000000000058e-01,5.384600000000000497e-01,6.153800000000000381e-01,6.923099999999999810e-01,7.692299999999999693e-01,8.461499999999999577e-01,9.230800000000000116e-01,1.000000000000000000e+00,7.692000000000000226e-02,1.538499999999999868e-01,2.307700000000000029e-01,3.076900000000000190e-01,3.846200000000000174e-01,4.615400000000000058e-01,5.384600000000000497e-01,6.153800000000000381e-01,6.923099999999999810e-01,7.692299999999999693e-01,8.461499999999999577e-01,9.230800000000000116e-01,1.000000000000000000e+00,7.692000000000000226e-02,1.538499999999999868e-01,2.307700000000000029e-01,3.076900000000000190e-01,3.846200000000000174e-01,4.615400000000000058e-01,5.384600000000000497e-01,6.153800000000000381e-01,6.923099999999999810e-01,7.692299999999999693e-01,8.461499999999999577e-01,9.230800000000000116e-01,1.000000000000000000e+00,7.692000000000000226e-02,1.538499999999999868e-01,2.307700000000000029e-01,3.076900000000000190e-01,3.846200000000000174e-01,4.615400000000000058e-01,5.384600000000000497e-01,6.153800000000000381e-01,6.923099999999999810e-01,7.692299999999999693e-01,8.461499999999999577e-01,9.230800000000000116e-01,1.000000000000000000e+00,7.692000000000000226e-02,1.538499999999999868e-01,2.307700000000000029e-01,3.076900000000000190e-01,3.846200000000000174e-01,4.615400000000000058e-01,5.384600000000000497e-01,6.153800000000000381e-01,6.923099999999999810e-01,7.692299999999999693e-01,8.461499999999999577e-01,9.230800000000000116e-01,1.000000000000000000e+00
StallFact,1.000000000000000000e+00,1.000000000000000000e+00,1.000000000000000000e+00,1.000000000000000000e+00,1.000000000000000000e+00,1.000000000000000000e+00,1.000000000000000000e+00,1.000000000000000000e+00,1.000000000000000000e+00,1.000000000000000000e+00,1.000000000000000000e+00,1.000000000000000000e+00,1.000000000000000000e+00,1.000000000000000000e+00,1.000000000000000000e+00,1.000000000000000000e+00,1.000000000000000000e+00,1.000000000000000000e+00,1.000000000000000000e+00,1.000000000000000000e+00,1.000000000000000000e+00,1.000000000000000000e+00,1.000000000000000000e+00,1.000000000000000000e+00,1.000000000000000000e+00,1.000000000000000000e+00,1.000000000000000000e+00,1.000000000000000000e+00,1.000000000000000000e+00,1.000000000000000000e+00,1.000000000000000000e+00,1.000000000000000000e+00,1.000000000000000000e+00,1.000000000000000000e+00,1.000000000000000000e+00,1.000000000000000000e+00,1.000000000000000000e+00,1.000000000000000000e+00,1.000000000000000000e+00,1.000000000000000000e+00,1.000000000000000000e+00,1.000000000000000000e+00,1.000000000000000000e+00,1.000000000000000000e+00,1.000000000000000000e+00,1.000000000000000000e+00,1.000000000000000000e+00,1.000000000000000000e+00,1.000000000000000000e+00,1.000000000000000000e+00,1.000000000000000000e+00,1.000000000000000000e+00,1.000000000000000000e+00,1.000000000000000000e+00,1.000000000000000000e+00,1.000000000000000000e+00,1.000000000000000000e+00,1.000000000000000000e+00,1.000000000000000000e+00,1.000000000000000000e+00,1.000000000000000000e+00,1.000000000000000000e+00,1.000000000000000000e+00,1.000000000000000000e+00,1.000000000000000000e+00,1.000000000000000000e+00,1.000000000000000000e+00,1.000000000000000000e+00,1.000000000000000000e+00,1.000000000000000000e+00,1.000000000000000000e+00,1.000000000000000000e+00,1.000000000000000000e+00,1.000000000000000000e+00,1.000000000000000000e+00,1.000000000000000000e+00,1.000000000000000000e+00,1.000000000000000000e+00,1.000000000000000000e+00,1.000000000000000000e+00,1.000000000000000000e+00,1.000000000000000000e+00,1.000000000000000000e+00,1.000000000000000000e+00,1.000000000000000000e+00,1.000000000000000000e+00,1.000000000000000000e+00,1.000000000000000000e+00,1.000000000000000000e+00,1.000000000000000000e+00,1.000000000000000000e+00,1.000000000000000000e+00,1.000000000000000000e+00,1.000000000000000000e+00,1.000000000000000000e+00,1.000000000000000000e+00,1.000000000000000000e+00,1.000000000000000000e+00,1.000000000000000000e+00,1.000000000000000000e+00,1.000000000000000000e+00,1.000000000000000000e+00,1.000000000000000000e+00,1.000000000000000000e+00
Thrust,0.000000000000000000e+00,0.000000000000000000e+00,0.000000000000000000e+00,0.000000000000000000e+00,0.000000000000000000e+00,0.000000000000000000e+00,0.000000000000000000e+00,0.000000000000000000e+00,0.000000000000000000e+00,0.000000000000000000e+00,0.000000000000000000e+00,0.000000000000000000e+00,0.000000000000000000e+00,0.000000000000000000e+00,0.000000000000000000e+00,0.000000000000000000e+00,0.000000000000000000e+00,0.000000000000000000e+00,0.000000000000000000e+00,0.000000000000000000e+00,0.000000000000000000e+00,0.000000000000000000e+00,0.000000000000000000e+00,0.000000000000000000e+00,0.000000000000000000e+00,0.000000000000000000e+00,0.000000000000000000e+00,0.000000000000000000e+00,0.000000000000000000e+00,0.000000000000000000e+00,0.000000000000000000e+00,0.000000000000000000e+00,0.000000000000000000e+00,0.000000000000000000e+00,0.000000000000000000e+00,0.000000000000000000e+00,0.000000000000000000e+00,0.000000000000000000e+00,0.000000000000000000e+00,0.000000000000000000e+00,0.000000000000000000e+00,0.000000000000000000e+00,0.000000000000000000e+00,0.000000000000000000e+00,0.000000000000000000e+00,0.000000000000000000e+00,0.000000000000000000e+00,0.000000000000000000e+00,0.000000000000000000e+00,0.000000000000000000e+00,0.000000000000000000e+00,0.000000000000000000e+00,0.000000000000000000e+00,0.000000000000000000e+00,0.000000000000000000e+00,0.000000000000000000e+00,0.000000000000000000e+00,0.000000000000000000e+00,0.000000000000000000e+00,0.000000000000000000e+00,0.000000000000000000e+00,0.000000000000000000e+00,0.000000000000000000e+00,0.000000000000000000e+00,0.000000000000000000e+00,0.000000000000000000e+00,0.000000000000000000e+00,0.000000000000000000e+00,0.000000000000000000e+00,0.000000000000000000e+00,0.000000000000000000e+00,0.000000000000000000e+00,0.000000000000000000e+00,0.000000000000000000e+00,0.000000000000000000e+00,0.000000000000000000e+00,0.000000000000000000e+00,0.000000000000000000e+00,0.000000000000000000e+00,0.000000000000000000e+00,0.000000000000000000e+00,0.000000000000000000e+00,0.000000000000000000e+00,0.000000000000000000e+00,0.000000000000000000e+00,0.000000000000000000e+00,0.000000000000000000e+00,0.000000000000000000e+00,0.000000000000000000e+00,0.000000000000000000e+00,0.000000000000000000e+00,0.000000000000000000e+00,0.000000000000000000e+00,0.000000000000000000e+00,0.000000000000000000e+00,0.000000000000000000e+00,0.000000000000000000e+00,0.000000000000000000e+00,0.000000000000000000e+00,0.000000000000000000e+00,0.000000000000000000e+00,0.000000000000000000e+00,0.000000000000000000e+00,0.000000000000000000e+00
Thrusti,0.000000000000000000e+00,0.000000000000000000e+00,0.000000000000000000e+00,0.000000000000000000e+00,0.000000000000000000e+00,0.000000000000000000e+00,0.000000000000000000e+00,0.000000000000000000e+00,0.000000000000000000e+00,0.000000000000000000e+00,0.000000000000000000e+00,0.000000000000000000e+00,0.000000000000000000e+00,0.000000000000000000e+00,0.000000000000000000e+00,0.000000000000000000e+00,0.000000000000000000e+00,0.000000000000000000e+00,0.000000000000000000e+00,0.000000000000000000e+00,0.000000000000000000e+00,0.000000000000000000e+00,0.000000000000000000e+00,0.000000000000000000e+00,0.000000000000000000e+00,0.000000000000000000e+00,0.000000000000000000e+00,0.000000000000000000e+00,0.000000000000000000e+00,0.000000000000000000e+00,0.000000000000000000e+00,0.000000000000000000e+00,0.000000000000000000e+00,0.000000000000000000e+00,0.000000000000000000e+00,0.000000000000000000e+00,0.000000000000000000e+00,0.000000000000000000e+00,0.000000000000000000e+00,0.000000000000000000e+00,0.000000000000000000e+00,0.000000000000000000e+00,0.000000000000000000e+00,0.000000000000000000e+00,0.000000000000000000e+00,0.000000000000000000e+00,0.000000000000000000e+00,0.000000000000000000e+00,0.000000000000000000e+00,0.000000000000000000e+00,0.000000000000000000e+00,0.000000000000000000e+00,0.000000000000000000e+00,0.000000000000000000e+00,0.000000000000000000e+00,0.000000000000000000e+00,0.000000000000000000e+00,0.000000000000000000e+00,0.000000000000000000e+00,0.000000000000000000e+00,0.000000000000000000e+00,0.000000000000000000e+00,0.000000000000000000e+00,0.000000000000000000e+00,0.000000000000000000e+00,0.000000000000000000e+00,0.000000000000000000e+00,0.000000000000000000e+00,0.000000000000000000e+00,0.000000000000000000e+00,0.000000000000000000e+00,0.000000000000000000e+00,0.000000000000000000e+00,0.000000000000000000e+00,0.000000000000000000e+00,0.000000000000000000e+00,0.000000000000000000e+00,0.000000000000000000e+00,0.000000000000000000e+00,0.000000000000000000e+00,0.000000000000000000e+00,0.000000000000000000e+00,0.000000000000000000e+00,0.000000000000000000e+00,0.000000000000000000e+00,0.000000000000000000e+00,0.000000000000000000e+00,0.000000000000000000e+00,0.000000000000000000e+00,0.000000000000000000e+00,0.000000000000000000e+00,0.000000000000000000e+00,0.000000000000000000e+00,0.000000000000000000e+00,0.000000000000000000e+00,0.000000000000000000e+00,0.000000000000000000e+00,0.000000000000000000e+00,0.000000000000000000e+00,0.000000000000000000e+00,0.000000000000000000e+00,0.000000000000000000e+00,0.000000000000000000e+00,0.000000000000000000e+00
Thrusto,0.000000000000000000e+00,0.000000000000000000e+00,0.000000000000000000e+00,0.000000000000000000e+00,0.000000000000000000e+00,0.000000000000000000e+00,0.000000000000000000e+00,0.000000000000000000e+00,0.000000000000000000e+00,0.000000000000000000e+00,0.000000000000000000e+00,0.000000000000000000e+00,0.000000000000000000e+00,0.000000000000000000e+00,0.000000000000000000e+00,0.000000000000000000e+00,0.000000000000000000e+00,0.000000000000000000e+00,0.000000000000000000e+00,0.000000000000000000e+00,0.000000000000000000e+00,0.000000000000000000e+00,0.000000000000000000e+00,0.000000000000000000e+00,0.000000000000000000e+00,0.000000000000000000e+00,0.000000000000000000e+00,0.000000000000000000e+00,0.000000000000000000e+00,0.000000000000000000e+00,0.000000000000000000e+00,0.000000000000000000e+00,0.000000000000000000e+00,0.000000000000000000e+00,0.000000000000000000e+00,0.000000000000000000e+00,0.000000000000000000e+00,0.000000000000000000e+00,0.000000000000000000e+00,0.000000000000000000e+00,0.000000000000000000e+00,0.000000000000000000e+00,0.000000000000000000e+00,0.000000000000000000e+00,0.000000000000000000e+00,0.000000000000000000e+00,0.000000000000000000e+00,0.000000000000000000e+00,0.000000000000000000e+00,0.000000000000000000e+00,0.000000000000000000e+00,0.000000000000000000e+00,0.000000000000000000e+00,0.000000000000000000e+00,0.000000000000000000e+00,0.000000000000000000e+00,0.000000000000000000e+00,0.000000000000000000e+00,0.000000000000000000e+00,0.000000000000000000e+00,0.000000000000000000e+00,0.000000000000000000e+00,0.000000000000000000e+00,0.000000000000000000e+00,0.000000000000000000e+00,0.000000000000000000e+00,0.000000000000000000e+00,0.000000000000000000e+00,0.000000000000000000e+00,0.000000000000000000e+00,0.000000000000000000e+00,0.000000000000000000e+00,0.000000000000000000e+00,0.000000000000000000e+00,0.000000000000000000e+00,0.000000000000000000e+00,0.000000000000000000e+00,0.000000000000000000e+00,0.000000000000000000e+00,0.000000000000000000e+00,0.000000000000000000e+00,0.000000000000000000e+00,0.000000000000000000e+00,0.000000000000000000e+00,0.000000000000000000e+00,0.000000000000000000e+00,0.000000000000000000e+00,0.000000000000000000e+00,0.000000000000000000e+00,0.000000000000000000e+00,0.000000000000000000e+00,0.000000000000000000e+00,0.000000000000000000e+00,0.000000000000000000e+00,0.000000000000000000e+00,0.000000000000000000e+00,0.000000000000000000e+00,0.000000000000000000e+00,0.000000000000000000e+00,0.000000000000000000e+00,0.000000000000000000e+00,0.000000000000000000e+00,0.000000000000000000e+00,0.000000000000000000e+00
TrailVort,1,2,3,4,5,6,7,8,9,10,11,12,13,1,2,3,4,5,6,7,8,9,10,11,12,13,1,2,3,4,5,6,7,8,9,10,11,12,13,1,2,3,4,5,6,7,8,9,10,11,12,13,1,2,3,4,5,6,7,8,9,10,11,12,13,1,2,3,4,5,6,7,8,9,10,11,12,13,1,2,3,4,5,6,7,8,9,10,11,12,13,1,2,3,4,5,6,7,8,9,10,11,12,13
Unsteady,0
V/Vref,1.000000000000000000e+00,1.000000000000000000e+00,1.000000000000000000e+00,1.000000000000000000e+00,1.000000000000000000e+00,1.000000000000000000e+00,1.000000000000000000e+00,1.000000000000000000e+00,1.000000000000000000e+00,1.000000000000000000e+00,1.000000000000000000e+00,1.000000000000000000e+00,1.000000000000000000e+00,1.000000000000000000e+00,1.000000000000000000e+00,1.000000000000000000e+00,1.000000000000000000e+00,1.000000000000000000e+00,1.000000000000000000e+00,1.000000000000000000e+00,1.000000000000000000e+00,1.000000000000000000e+00,1.000000000000000000e+00,1.000000000000000000e+00,1.000000000000000000e+00,1.000000000000000000e+00,1.000000000000000000e+00,1.000000000000000000e+00,1.000000000000000000e+00,1.000000000000000000e+00,1.000000000000000000e+00,1.000000000000000000e+00,1.000000000000000000e+00,1.000000000000000000e+00,1.000000000000000000e+00,1.000000000000000000e+00,1.000000000000000000e+00,1.000000000000000000e+00,1.000000000000000000e+00,1.000000000000000000e+00,1.000000000000000000e+00,1.000000000000000000e+00,1.000000000000000000e+00,1.000000000000000000e+00,1.000000000000000000e+00,1.000000000000000000e+00,1.000000000000000000e+00,1.000000000000000000e+00,1.000000000000000000e+00,1.000000000000000000e+00,1.000000000000000000e+00,1.000000000000000000e+00,1.000000000000000000e+00,1.000000000000000000e+00,1.000000000000000000e+00,1.000000000000000000e+00,1.000000000000000000e+00,1.000000000000000000e+00,1.000000000000000000e+00,1.000000000000000000e+00,1.000000000000000000e+00,1.000000000000000000e+00,1.000000000000000000e+00,1.000000000000000000e+00,1.000000000000000000e+00,1.000000000000000000e+00,1.000000000000000000e+00,1.000000000000000000e+00,1.000000000000000000e+00,1.000000000000000000e+00,1.000000000000000000e+00,1.000000000000000000e+00,1.000000000000000000e+00,1.000000000000000000e+00,1.000000000000000000e+00,1.000000000000000000e+00,1.000000000000000000e+00,1.000000000000000000e+00,1.000000000000000000e+00,1.000000000000000000e+00,1.000000000000000000e+00,1.000000000000000000e+00,1.000000000000000000e+00,1.000000000000000000e+00,1.000000000000000000e+00,1.000000000000000000e+00,1.000000000000000000e+00,1.000000000000000000e+00,1.000000000000000000e+00,1.000000000000000000e+00,1.000000000000000000e+00,1.000000000000000000e+00,1.000000000000000000e+00,1.000000000000000000e+00,1.000000000000000000e+00,1.000000000000000000e+00,1.000000000000000000e+00,1.000000000000000000e+00,1.000000000000000000e+00,1.000000000000000000e+00,1.000000000000000000e+00,1.000000000000000000e+00,1.000000000000000000e+00,1.000000000000000000e+00
VortexSheet,1,1,1,1,1,1,1,1,1,1,1,1,1,2,2,2,2,2,2,2,2,2,2,2,2,2,3,3,3,3,3,3,3,3,3,3,3,3,3,4,4,4,4,4,4,4,4,4,4,4,4,4,5,5,5,5,5,5,5,5,5,5,5,5,5,6,6,6,6,6,6,6,6,6,6,6,6,6,7,7,7,7,7,7,7,7,7,7,7,7,7,8,8,8,8,8,8,8,8,8,8,8,8,8
Xavg,5.537100000000000222e+01,5.565890999999999877e+01,5.594682000000000244e+01,5.623472000000000293e+01,5.652262999999999948e+01,5.681054000000000315e+01,5.709843999999999653e+01,5.738635000000000019e+01,5.767425999999999675e+01,5.796215999999999724e+01,5.825007000000000090e+01,5.853797999999999746e+01,5.882589000000000112e+01,5.537100000000000222e+01,5.565890999999999877e+01,5.594682000000000244e+01,5.623472000000000293e+01,5.652262999999999948e+01,5.681054000000000315e+01,5.709843999999999653e+01,5.738635000000000019e+01,5.767425999999999675e+01,5.796215999999999724e+01,5.825007000000000090e+01,5.853797999999999746e+01,5.882589000000000112e+01,6.614243999999999346e+01,6.654296999999999684e+01,6.694350000000000023e+01,6.734403000000000361e+01,6.774455000000000382e+01,6.814507999999999299e+01,6.854560999999999638e+01,6.894613999999999976e+01,6.934665999999999997e+01,6.974719000000000335e+01,7.014772000000000673e+01,7.054824000000000694e+01,7.094876999999999612e+01,6.614243999999999346e+01,6.654296999999999684e+01,6.694350000000000023e+01,6.734403000000000361e+01,6.774455000000000382e+01,6.814507999999999299e+01,6.854560999999999638e+01,6.894613999999999976e+01,6.934665999999999997e+01,6.974719000000000335e+01,7.014772000000000673e+01,7.054824000000000694e+01,7.094876999999999612e+01,6.402728000000000463e+01,6.408279000000000281e+01,6.413831000000000415e+01,6.419382000000000232e+01,6.424933000000000050e+01,6.430485000000000184e+01,6.436036000000000001e+01,6.441586999999999819e+01,6.447138999999999953e+01,6.452689999999999770e+01,6.458240999999999588e+01,6.463792999999999722e+01,6.469343999999999539e+01,6.402728000000000463e+01,6.408279000000000281e+01,6.413831000000000415e+01,6.419382000000000232e+01,6.424933000000000050e+01,6.430485000000000184e+01,6.436036000000000001e+01,6.441586999999999819e+01,6.447138999999999953e+01,6.452689999999999770e+01,6.458240999999999588e+01,6.463792999999999722e+01,6.469343999999999539e+01,6.211722999999999928e+01,6.212219000000000335e+01,6.212715000000000032e+01,6.213210999999999729e+01,6.213707000000000136e+01,6.214202999999999832e+01,6.214699000000000240e+01,6.215194999999999936e+01,6.215690000000000026e+01,6.216185999999999723e+01,6.216682000000000130e+01,6.217177999999999827e+01,6.217674000000000234e+01,6.211722999999999928e+01,6.212219000000000335e+01,6.212715000000000032e+01,6.213210999999999729e+01,6.213707000000000136e+01,6.214202999999999832e+01,6.214699000000000240e+01,6.215194999999999936e+01,6.215690000000000026e+01,6.216185999999999723e+01,6.216682000000000130e+01,6.217177999999999827e+01,6.217674000000000234e+01
Yavg,5.639859999999999651e+00,6.919590000000000352e+00,8.199320000000000164e+00,9.479039999999999466e+00,1.075877000000000017e+01,1.203850000000000087e+01,1.331822999999999979e+01,1.459795000000000087e+01,1.587767999999999979e+01,1.715740999999999872e+01,1.843712999999999980e+01,1.971686000000000050e+01,2.099659000000000120e+01,-5.639859999999999651e+00,-6.919590000000000352e+00,-8.199320000000000164e+00,-9.479039999999999466e+00,-1.075877000000000017e+01,-1.203850000000000087e+01,-1.331822999999999979e+01,-1.459795000000000087e+01,-1.587767999999999979e+01,-1.715740999999999872e+01,-1.843712999999999980e+01,-1.971686000000000050e+01,-2.099659000000000120e+01,4.863159999999999705e+00,5.573080000000000034e+00,6.283000000000000362e+00,6.992930000000000312e+00,7.702849999999999753e+00,8.412770000000000081e+00,9.122700000000000031e+00,9.832620000000000360e+00,1.054254000000000069e+01,1.125247000000000064e+01,1.196238999999999919e+01,1.267230999999999952e+01,1.338223999999999947e+01,-4.863159999999999705e+00,-5.573080000000000034e+00,-6.283000000000000362e+00,-6.992930000000000312e+00,-7.702849999999999753e+00,-8.412770000000000081e+00,-9.122700000000000031e+00,-9.832620000000000360e+00,-1.054254000000000069e+01,-1.125247000000000064e+01,-1.196238999999999919e+01,-1.267230999999999952e+01,-1.338223999999999947e+01,4.147929999999999673e+00,4.247080000000000410e+00,4.346219999999999750e+00,4.445369999999999600e+00,4.544509999999999827e+00,4.643659999999999677e+00,4.742799999999999905e+00,4.841949999999999754e+00,4.941089999999999982e+00,5.040239999999999831e+00,5.139380000000000059e+00,5.238529999999999909e+00,5.337670000000000137e+00,-4.147929999999999673e+00,-4.247080000000000410e+00,-4.346219999999999750e+00,-4.445369999999999600e+00,-4.544509999999999827e+00,-4.643659999999999677e+00,-4.742799999999999905e+00,-4.841949999999999754e+00,-4.941089999999999982e+00,-5.040239999999999831e+00,-5.139380000000000059e+00,-5.238529999999999909e+00,-5.337670000000000137e+00,4.037219999999999587e+00,4.078870000000000218e+00,4.120529999999999582e+00,4.162180000000000213e+00,4.203839999999999577e+00,4.245490000000000208e+00,4.287149999999999572e+00,4.328800000000000203e+00,4.370449999999999946e+00,4.412110000000000198e+00,4.453759999999999941e+00,4.495420000000000194e+00,4.537069999999999936e+00,-4.037219999999999587e+00,-4.078870000000000218e+00,-4.120529999999999582e+00,-4.162180000000000213e+00,-4.203839999999999577e+00,-4.245490000000000208e+00,-4.287149999999999572e+00,-4.328800000000000203e+00,-4.370449999999999946e+00,-4.412110000000000198e+00,-4.453759999999999941e+00,-4.495420000000000194e+00,-4.537069999999999936e+00
Zavg,1.419429999999999970e+00,1.307469999999999910e+00,1.195510000000000073e+00,1.083539999999999948e+00,9.715799999999999992e-01,8.596200000000000507e-01,7.476599999999999913e-01,6.357000000000000428e-01,5.237399999999999833e-01,4.117700000000000249e-01,2.998100000000000209e-01,1.878499999999999892e-01,7.588999999999999913e-02,1.419429999999999970e+00,1.307469999999999910e+00,1.195510000000000073e+00,1.083539999999999948e+00,9.715799999999999992e-01,8.596200000000000507e-01,7.476599999999999913e-01,6.357000000000000428e-01,5.237399999999999833e-01,4.117700000000000249e-01,2.998100000000000209e-01,1.878499999999999892e-01,7.588999999999999913e-02,0.000000000000000000e+00,0.000000000000000000e+00,0.000000000000000000e+00,0.000000000000000000e+00,0.000000000000000000e+00,0.000000000000000000e+00,0.000000000000000000e+00,0.000000000000000000e+00,0.000000000000000000e+00,0.000000000000000000e+00,0.000000000000000000e+00,0.000000000000000000e+00,0.000000000000000000e+00,0.000000000000000000e+00,0.000000000000000000e+00,0.000000000000000000e+00,0.000000000000000000e+00,0.000000000000000000e+00,0.000000000000000000e+00,0.000000000000000000e+00,0.000000000000000000e+00,0.000000000000000000e+00,0.000000000000000000e+00,0.000000000000000000e+00,0.000000000000000000e+00,0.000000000000000000e+00,2.483870000000000022e+00,3.189329999999999998e+00,3.894779999999999909e+00,4.600229999999999819e+00,5.305679999999999730e+00,6.011129999999999640e+00,6.716580000000000439e+00,7.422039999999999971e+00,8.127489999999999881e+00,8.832940000000000680e+00,9.538389999999999702e+00,1.024384000000000050e+01,1.094928999999999952e+01,2.483870000000000022e+00,3.189329999999999998e+00,3.894779999999999909e+00,4.600229999999999819e+00,5.305679999999999730e+00,6.011129999999999640e+00,6.716580000000000439e+00,7.422039999999999971e+00,8.127489999999999881e+00,8.832940000000000680e+00,9.538389999999999702e+00,1.024384000000000050e+01,1.094928999999999952e+01,-1.655359999999999943e+00,-1.851329999999999920e+00,-2.047299999999999898e+00,-2.243259999999999810e+00,-2.439229999999999787e+00,-2.635200000000000209e+00,-2.831170000000000186e+00,-3.027130000000000098e+00,-3.223100000000000076e+00,-3.419070000000000054e+00,-3.615040000000000031e+00,-3.810999999999999943e+00,-4.006969999999999921e+00,-1.655359999999999943e+00,-1.851329999999999920e+00,-2.047299999999999898e+00,-2.243259999999999810e+00,-2.439229999999999787e+00,-2.635200000000000209e+00,-2.831170000000000186e+00,-3.027130000000000098e+00,-3.223100000000000076e+00,-3.419070000000000054e+00,-3.615040000000000031e+00,-3.810999999999999943e+00,-4.006969999999999921e+00
cd,9.929999999999999591e-03,1.295999999999999930e-02,1.520999999999999956e-02,1.705999999999999878e-02,1.882999999999999952e-02,2.033000000000000085e-02,2.179999999999999993e-02,2.283999999999999919e-02,2.305000000000000104e-02,2.309999999999999901e-02,2.312000000000000166e-02,2.225999999999999854e-02,1.873000000000000012e-02,9.929999999999999591e-03,1.295999999999999930e-02,1.520999999999999956e-02,1.705999999999999878e-02,1.882999999999999952e-02,2.033000000000000085e-02,2.179999999999999993e-02,2.283999999999999919e-02,2.305000000000000104e-02,2.309999999999999901e-02,2.312000000000000166e-02,2.225999999999999854e-02,1.873000000000000012e-02,8.240000000000000796e-03,1.425000000000000051e-02,1.640000000000000138e-02,1.778000000000000067e-02,1.899999999999999953e-02,1.934999999999999915e-02,2.032000000000000126e-02,2.057000000000000148e-02,1.922000000000000097e-02,1.831999999999999948e-02,1.797999999999999945e-02,1.762999999999999984e-02,1.577999999999999889e-02,8.240000000000000796e-03,1.425000000000000051e-02,1.640000000000000138e-02,1.778000000000000067e-02,1.899999999999999953e-02,1.934999999999999915e-02,2.032000000000000126e-02,2.057000000000000148e-02,1.922000000000000097e-02,1.831999999999999948e-02,1.797999999999999945e-02,1.762999999999999984e-02,1.577999999999999889e-02,4.539999999999999765e-03,4.890000000000000249e-03,4.969999999999999592e-03,5.029999999999999749e-03,5.089999999999999906e-03,5.159999999999999656e-03,5.250000000000000326e-03,5.340000000000000129e-03,5.470000000000000036e-03,5.590000000000000351e-03,5.790000000000000008e-03,6.049999999999999822e-03,6.259999999999999939e-03,4.539999999999999765e-03,4.890000000000000249e-03,4.969999999999999592e-03,5.029999999999999749e-03,5.089999999999999906e-03,5.159999999999999656e-03,5.250000000000000326e-03,5.340000000000000129e-03,5.470000000000000036e-03,5.590000000000000351e-03,5.790000000000000008e-03,6.049999999999999822e-03,6.259999999999999939e-03,5.760000000000000363e-03,5.519999999999999733e-03,5.499999999999999681e-03,5.490000000000000088e-03,5.490000000000000088e-03,5.490000000000000088e-03,5.499999999999999681e-03,5.519999999999999733e-03,5.550000000000000246e-03,5.579999999999999891e-03,5.610000000000000403e-03,5.660000000000000100e-03,5.619999999999999996e-03,5.760000000000000363e-03,5.519999999999999733e-03,5.499999999999999681e-03,5.490000000000000088e-03,5.490000000000000088e-03,5.490000000000000088e-03,5.499999999999999681e-03,5.519999999999999733e-03,5.550000000000000246e-03,5.579999999999999891e-03,5.610000000000000403e-03,5.660000000000000100e-03,5.619999999999999996e-03
cd*c/cref,1.130403601172304089e-02,1.403203682989375908e-02,1.562166740749786412e-02,1.657229316155818533e-02,1.724375243008914246e-02,1.748595986078886264e-02,1.753707375747954461e-02,1.710258307485651441e-02,1.597702207229209984e-02,1.472610190499450480e-02,1.345214712419098672e-02,1.171292168762974595e-02,8.813095127610208815e-03,1.130403601172304089e-02,1.403203682989375908e-02,1.562166740749786412e-02,1.657229316155818533e-02,1.724375243008914246e-02,1.748595986078886264e-02,1.753707375747954461e-02,1.710258307485651441e-02,1.597702207229209984e-02,1.472610190499450480e-02,1.345214712419098672e-02,1.171292168762974595e-02,8.813095127610208815e-03,4.360448211014776240e-03,7.147421693735498890e-03,7.773047258517524170e-03,7.936254658688484190e-03,7.956276102088167754e-03,7.568628800830382031e-03,7.387060691171083021e-03,6.910065606301135990e-03,5.925939785077542765e-03,5.142687312248137889e-03,4.550856783490047838e-03,3.975555312003907493e-03,3.122740407864208270e-03,4.360448211014776240e-03,7.147421693735498890e-03,7.773047258517524170e-03,7.936254658688484190e-03,7.956276102088167754e-03,7.568628800830382031e-03,7.387060691171083021e-03,6.910065606301135990e-03,5.925939785077542765e-03,5.142687312248137889e-03,4.550856783490047838e-03,3.975555312003907493e-03,3.122740407864208270e-03,4.116020881670533205e-03,4.157156856759067730e-03,3.944470936622298217e-03,3.708004945658809927e-03,3.464761570399316117e-03,3.220983026010501224e-03,2.980652399560386381e-03,2.730155696666259572e-03,2.487684393698864297e-03,2.226545671022102813e-03,1.979198620100134157e-03,1.726381426303577864e-03,1.432751862254243386e-03,4.116020881670533205e-03,4.157156856759067730e-03,3.944470936622298217e-03,3.708004945658809927e-03,3.464761570399316117e-03,3.220983026010501224e-03,2.980652399560386381e-03,2.730155696666259572e-03,2.487684393698864297e-03,2.226545671022102813e-03,1.979198620100134157e-03,1.726381426303577864e-03,1.432751862254243386e-03,3.120240322383685538e-03,2.904016119184271542e-03,2.807592502137012773e-03,2.716742154109170592e-03,2.630996519721577869e-03,2.545250885333984713e-03,2.463985224081084117e-03,2.386730980583709819e-03,2.313019599462693820e-03,2.238371107583343560e-03,2.162785504945659038e-03,2.093660886555135086e-03,1.991088655513493979e-03,3.120240322383685538e-03,2.904016119184271542e-03,2.807592502137012773e-03,2.716742154109170592e-03,2.630996519721577869e-03,2.545250885333984713e-03,2.463985224081084117e-03,2.386730980583709819e-03,2.313019599462693820e-03,2.238371107583343560e-03,2.162785504945659038e-03,2.093660886555135086e-03,1.991088655513493979e-03
cdi,4.830000000000000092e-03,7.799999999999999642e-03,9.990000000000000616e-03,1.176999999999999921e-02,1.345999999999999974e-02,1.489000000000000046e-02,1.627999999999999933e-02,1.725000000000000144e-02,1.739999999999999880e-02,1.738999999999999921e-02,1.735000000000000084e-02,1.643999999999999975e-02,1.293000000000000052e-02,4.830000000000000092e-03,7.799999999999999642e-03,9.990000000000000616e-03,1.176999999999999921e-02,1.345999999999999974e-02,1.489000000000000046e-02,1.627999999999999933e-02,1.725000000000000144e-02,1.739999999999999880e-02,1.738999999999999921e-02,1.735000000000000084e-02,1.643999999999999975e-02,1.293000000000000052e-02,2.619999999999999933e-03,8.569999999999999493e-03,1.064000000000000015e-02,1.196000000000000014e-02,1.311999999999999972e-02,1.341000000000000004e-02,1.430999999999999980e-02,1.447999999999999982e-02,1.308999999999999921e-02,1.213999999999999975e-02,1.171999999999999952e-02,1.127000000000000050e-02,9.350000000000000672e-03,2.619999999999999933e-03,8.569999999999999493e-03,1.064000000000000015e-02,1.196000000000000014e-02,1.311999999999999972e-02,1.341000000000000004e-02,1.430999999999999980e-02,1.447999999999999982e-02,1.308999999999999921e-02,1.213999999999999975e-02,1.171999999999999952e-02,1.127000000000000050e-02,9.350000000000000672e-03,-6.800000000000000488e-04,-3.800000000000000209e-04,-3.499999999999999964e-04,-3.400000000000000244e-04,-3.299999999999999982e-04,-3.200000000000000262e-04,-2.999999999999999737e-04,-2.799999999999999755e-04,-2.400000000000000061e-04,-2.100000000000000087e-04,-1.299999999999999886e-04,-1.000000000000000082e-05,2.000000000000000164e-05,-6.800000000000000488e-04,-3.800000000000000209e-04,-3.499999999999999964e-04,-3.400000000000000244e-04,-3.299999999999999982e-04,-3.200000000000000262e-04,-2.999999999999999737e-04,-2.799999999999999755e-04,-2.400000000000000061e-04,-2.100000000000000087e-04,-1.299999999999999886e-04,-1.000000000000000082e-05,2.000000000000000164e-05,1.800000000000000113e-04,-6.999999999999999387e-05,-1.200000000000000030e-04,-1.499999999999999869e-04,-1.800000000000000113e-04,-2.000000000000000096e-04,-2.100000000000000087e-04,-2.200000000000000078e-04,-2.200000000000000078e-04,-2.200000000000000078e-04,-2.100000000000000087e-04,-2.000000000000000096e-04,-2.700000000000000035e-04,1.800000000000000113e-04,-6.999999999999999387e-05,-1.200000000000000030e-04,-1.499999999999999869e-04,-1.800000000000000113e-04,-2.000000000000000096e-04,-2.100000000000000087e-04,-2.200000000000000078e-04,-2.200000000000000078e-04,-2.200000000000000078e-04,-2.100000000000000087e-04,-2.000000000000000096e-04,-2.700000000000000035e-04
cdi*c/cref,5.498337757968005043e-03,8.445207351324948014e-03,1.026038510196605399e-02,1.143352230431065979e-02,1.232612361704725837e-02,1.280698191476370776e-02,1.309649361338380801e-02,1.291679325925021611e-02,1.206074551227255889e-02,1.108601351202832992e-02,1.009492874587861709e-02,8.650513591403100402e-03,6.084000000000000866e-03,5.498337757968005043e-03,8.445207351324948014e-03,1.026038510196605399e-02,1.143352230431065979e-02,1.232612361704725837e-02,1.280698191476370776e-02,1.309649361338380801e-02,1.291679325925021611e-02,1.206074551227255889e-02,1.108601351202832992e-02,1.009492874587861709e-02,8.650513591403100402e-03,6.084000000000000866e-03,1.386453193308096257e-03,4.298484485285138448e-03,5.043001392111368629e-03,5.338448015630724124e-03,5.494018024178776854e-03,5.245235773598730215e-03,5.202206618634752817e-03,4.864256197337891649e-03,4.035928813041884944e-03,3.407872487483209339e-03,2.966409427280498456e-03,2.541378806936133751e-03,1.850292953962632972e-03,1.386453193308096257e-03,4.298484485285138448e-03,5.043001392111368629e-03,5.338448015630724124e-03,5.494018024178776854e-03,5.245235773598730215e-03,5.202206618634752817e-03,4.864256197337891649e-03,4.035928813041884944e-03,3.407872487483209339e-03,2.966409427280498456e-03,2.541378806936133751e-03,1.850292953962632972e-03,-6.164965197215777461e-04,-3.230510440835267401e-04,-2.777796434241055243e-04,-2.506404933447307351e-04,-2.246309073146904431e-04,-1.997508853339846212e-04,-1.703229942605934935e-04,-1.431542312858712790e-04,-1.091488582244474337e-04,-8.364482842837953958e-05,-4.443796556356086383e-05,-2.853523018683599780e-06,4.577481988032726914e-06,-6.164965197215777461e-04,-3.230510440835267401e-04,-2.777796434241055243e-04,-2.506404933447307351e-04,-2.246309073146904431e-04,-1.997508853339846212e-04,-1.703229942605934935e-04,-1.431542312858712790e-04,-1.091488582244474337e-04,-8.364482842837953958e-05,-4.443796556356086383e-05,-2.853523018683599780e-06,4.577481988032726914e-06,9.750751007449017307e-05,-3.682629136646721100e-05,-6.125656368298937511e-05,-7.422792770790083503e-05,-8.626218097447796581e-05,-9.272316522163879257e-05,-9.407943582855050023e-05,-9.512333618268408461e-05,-9.168726340212480998e-05,-8.825119062156552179e-05,-8.095988521186958046e-05,-7.398095005495177595e-05,-9.565728416168030660e-05,9.750751007449017307e-05,-3.682629136646721100e-05,-6.125656368298937511e-05,-7.422792770790083503e-05,-8.626218097447796581e-05,-9.272316522163879257e-05,-9.407943582855050023e-05,-9.512333618268408461e-05,-9.168726340212480998e-05,-8.825119062156552179e-05,-8.095988521186958046e-05,-7.398095005495177595e-05,-9.565728416168030660e-05
cdo,5.100000000000000366e-03,5.159999999999999656e-03,5.219999999999999814e-03,5.290000000000000431e-03,5.360000000000000181e-03,5.440000000000000391e-03,5.519999999999999733e-03,5.590000000000000351e-03,5.649999999999999641e-03,5.709999999999999798e-03,5.769999999999999955e-03,5.819999999999999653e-03,5.810000000000000060e-03,5.100000000000000366e-03,5.159999999999999656e-03,5.219999999999999814e-03,5.290000000000000431e-03,5.360000000000000181e-03,5.440000000000000391e-03,5.519999999999999733e-03,5.590000000000000351e-03,5.649999999999999641e-03,5.709999999999999798e-03,5.769999999999999955e-03,5.819999999999999653e-03,5.810000000000000060e-03,5.619999999999999996e-03,5.689999999999999745e-03,5.749999999999999903e-03,5.819999999999999653e-03,5.890000000000000270e-03,5.939999999999999968e-03,6.020000000000000177e-03,6.089999999999999927e-03,6.130000000000000032e-03,6.190000000000000190e-03,6.259999999999999939e-03,6.349999999999999742e-03,6.429999999999999952e-03,5.619999999999999996e-03,5.689999999999999745e-03,5.749999999999999903e-03,5.819999999999999653e-03,5.890000000000000270e-03,5.939999999999999968e-03,6.020000000000000177e-03,6.089999999999999927e-03,6.130000000000000032e-03,6.190000000000000190e-03,6.259999999999999939e-03,6.349999999999999742e-03,6.429999999999999952e-03,5.219999999999999814e-03,5.270000000000000379e-03,5.320000000000000076e-03,5.369999999999999774e-03,5.420000000000000338e-03,5.479999999999999628e-03,5.550000000000000246e-03,5.619999999999999996e-03,5.700000000000000205e-03,5.799999999999999600e-03,5.919999999999999915e-03,6.060000000000000282e-03,6.239999999999999887e-03,5.219999999999999814e-03,5.270000000000000379e-03,5.320000000000000076e-03,5.369999999999999774e-03,5.420000000000000338e-03,5.479999999999999628e-03,5.550000000000000246e-03,5.619999999999999996e-03,5.700000000000000205e-03,5.799999999999999600e-03,5.919999999999999915e-03,6.060000000000000282e-03,6.239999999999999887e-03,5.570000000000000298e-03,5.590000000000000351e-03,5.619999999999999996e-03,5.640000000000000048e-03,5.660000000000000100e-03,5.689999999999999745e-03,5.709999999999999798e-03,5.740000000000000310e-03,5.769999999999999955e-03,5.790000000000000008e-03,5.819999999999999653e-03,5.859999999999999758e-03,5.890000000000000270e-03,5.570000000000000298e-03,5.590000000000000351e-03,5.619999999999999996e-03,5.640000000000000048e-03,5.660000000000000100e-03,5.689999999999999745e-03,5.709999999999999798e-03,5.740000000000000310e-03,5.769999999999999955e-03,5.790000000000000008e-03,5.819999999999999653e-03,5.859999999999999758e-03,5.890000000000000270e-03
cdo*c/cref,5.805698253755036710e-03,5.586829478568811069e-03,5.361282305531810989e-03,5.138770857247527274e-03,4.908471217486872450e-03,4.678977946025155744e-03,4.440580144095738341e-03,4.185789815606301770e-03,3.916276560019537473e-03,3.640088392966174015e-03,3.357218378312370067e-03,3.062408096226645112e-03,2.733800464037123169e-03,5.805698253755036710e-03,5.586829478568811069e-03,5.361282305531810989e-03,5.138770857247527274e-03,4.908471217486872450e-03,4.678977946025155744e-03,4.440580144095738341e-03,4.185789815606301770e-03,3.916276560019537473e-03,3.640088392966174015e-03,3.357218378312370067e-03,3.062408096226645112e-03,2.733800464037123169e-03,2.973995017706679549e-03,2.853952942972279565e-03,2.725306203443643698e-03,2.597806643057760500e-03,2.466445591647332090e-03,2.323393027231652249e-03,2.188489437049700743e-03,2.045809408963243040e-03,1.890010972035657605e-03,1.737621968494321807e-03,1.584447356209549599e-03,1.431921510562950270e-03,1.272447453901575298e-03,2.973995017706679549e-03,2.853952942972279565e-03,2.725306203443643698e-03,2.597806643057760500e-03,2.466445591647332090e-03,2.323393027231652249e-03,2.188489437049700743e-03,2.045809408963243040e-03,1.890010972035657605e-03,1.737621968494321807e-03,1.584447356209549599e-03,1.431921510562950270e-03,1.272447453901575298e-03,4.732517401392110842e-03,4.480207900842594904e-03,4.222250580046403579e-03,3.958645439003540337e-03,3.689392477714006913e-03,3.420733911344486008e-03,3.150975393820980037e-03,2.873309927952130607e-03,2.592285382830626303e-03,2.310190499450482000e-03,2.023636585663694722e-03,1.729234949322261492e-03,1.428174380266210601e-03,4.732517401392110842e-03,4.480207900842594904e-03,4.222250580046403579e-03,3.958645439003540337e-03,3.689392477714006913e-03,3.420733911344486008e-03,3.150975393820980037e-03,2.873309927952130607e-03,2.592285382830626303e-03,2.310190499450482000e-03,2.023636585663694722e-03,1.729234949322261492e-03,1.428174380266210601e-03,3.017315728416168109e-03,2.940842410550739174e-03,2.868849065820002365e-03,2.790970081817071603e-03,2.712466357308584812e-03,2.637974050555623017e-03,2.558064659909634834e-03,2.481854316766393849e-03,2.404706862864818603e-03,2.322610880449383231e-03,2.243745390157528361e-03,2.167641836610086862e-03,2.086745939675174136e-03,3.017315728416168109e-03,2.940842410550739174e-03,2.868849065820002365e-03,2.790970081817071603e-03,2.712466357308584812e-03,2.637974050555623017e-03,2.558064659909634834e-03,2.481854316766393849e-03,2.404706862864818603e-03,2.322610880449383231e-03,2.243745390157528361e-03,2.167641836610086862e-03,2.086745939675174136e-03
cl,5.478999999999999843e-02,8.866000000000000270e-02,1.136800000000000033e-01,1.340899999999999870e-01,1.534099999999999908e-01,1.697200000000000097e-01,1.856200000000000072e-01,1.966299999999999992e-01,1.983499999999999985e-01,1.982700000000000018e-01,1.978100000000000136e-01,1.874000000000000110e-01,1.472400000000000098e-01,5.478999999999999843e-02,8.866000000000000270e-02,1.136800000000000033e-01,1.340899999999999870e-01,1.534099999999999908e-01,1.697200000000000097e-01,1.856200000000000072e-01,1.966299999999999992e-01,1.983499999999999985e-01,1.982700000000000018e-01,1.978100000000000136e-01,1.874000000000000110e-01,1.472400000000000098e-01,2.942000000000000171e-02,9.740000000000000047e-02,1.211699999999999999e-01,1.361799999999999955e-01,1.494300000000000073e-01,1.527199999999999946e-01,1.629899999999999960e-01,1.649700000000000055e-01,1.491300000000000125e-01,1.381699999999999873e-01,1.334100000000000008e-01,1.282699999999999951e-01,1.062899999999999956e-01,2.942000000000000171e-02,9.740000000000000047e-02,1.211699999999999999e-01,1.361799999999999955e-01,1.494300000000000073e-01,1.527199999999999946e-01,1.629899999999999960e-01,1.649700000000000055e-01,1.491300000000000125e-01,1.381699999999999873e-01,1.334100000000000008e-01,1.282699999999999951e-01,1.062899999999999956e-01,-8.279999999999999166e-03,-4.819999999999999632e-03,-4.409999999999999858e-03,-4.360000000000000160e-03,-4.199999999999999740e-03,-4.109999999999999938e-03,-3.910000000000000281e-03,-3.710000000000000190e-03,-3.239999999999999825e-03,-2.919999999999999853e-03,-1.990000000000000015e-03,-6.499999999999999702e-04,-2.999999999999999737e-04,-8.279999999999999166e-03,-4.819999999999999632e-03,-4.409999999999999858e-03,-4.360000000000000160e-03,-4.199999999999999740e-03,-4.109999999999999938e-03,-3.910000000000000281e-03,-3.710000000000000190e-03,-3.239999999999999825e-03,-2.919999999999999853e-03,-1.990000000000000015e-03,-6.499999999999999702e-04,-2.999999999999999737e-04,1.629999999999999939e-03,-1.299999999999999940e-03,-1.830000000000000029e-03,-2.210000000000000159e-03,-2.520000000000000104e-03,-2.749999999999999840e-03,-2.899999999999999800e-03,-3.000000000000000062e-03,-3.020000000000000115e-03,-2.990000000000000036e-03,-2.929999999999999879e-03,-2.799999999999999972e-03,-3.579999999999999849e-03,1.629999999999999939e-03,-1.299999999999999940e-03,-1.830000000000000029e-03,-2.210000000000000159e-03,-2.520000000000000104e-03,-2.749999999999999840e-03,-2.899999999999999800e-03,-3.000000000000000062e-03,-3.020000000000000115e-03,-2.990000000000000036e-03,-2.929999999999999879e-03,-2.799999999999999972e-03,-3.579999999999999849e-03
cl*c/cref,6.237141320063498834e-02,9.599385689339356986e-02,1.167568146538039003e-01,1.302566699902307779e-01,1.404866734094517011e-01,1.459772310660642503e-01,1.493225518744657476e-01,1.472364671632677979e-01,1.374855673769690978e-01,1.263958538832580247e-01,1.150938245084869860e-01,9.860743595066552569e-02,6.928137354988400665e-02,6.237141320063498834e-02,9.599385689339356986e-02,1.167568146538039003e-01,1.302566699902307779e-01,1.404866734094517011e-01,1.459772310660642503e-01,1.493225518744657476e-01,1.472364671632677979e-01,1.374855673769690978e-01,1.263958538832580247e-01,1.150938245084869860e-01,9.860743595066552569e-02,6.928137354988400665e-02,1.556849349126877662e-02,4.885325424349737378e-02,5.743049611674196780e-02,6.078510457931371458e-02,6.257401778605446718e-02,5.973545170350470085e-02,5.925280620344363508e-02,5.541825586152155508e-02,4.597998960190499695e-02,3.878630490902430089e-02,3.376695236292587970e-02,2.892481451337159531e-02,2.103397198681157890e-02,1.556849349126877662e-02,4.885325424349737378e-02,5.743049611674196780e-02,6.078510457931371458e-02,6.257401778605446718e-02,5.973545170350470085e-02,5.925280620344363508e-02,5.541825586152155508e-02,4.597998960190499695e-02,3.878630490902430089e-02,3.376695236292587970e-02,2.892481451337159531e-02,2.103397198681157890e-02,-7.506751740139210212e-03,-4.097647453901575448e-03,-3.500023507143729031e-03,-3.214095738185370182e-03,-2.858938820368787329e-03,-2.565550433508364397e-03,-2.219876358529735381e-03,-1.896793564537794467e-03,-1.473509586030040050e-03,-1.163061423861277196e-03,-6.802427036268163816e-04,-1.854789962144339594e-04,-6.866222982049089948e-05,-7.506751740139210212e-03,-4.097647453901575448e-03,-3.500023507143729031e-03,-3.214095738185370182e-03,-2.858938820368787329e-03,-2.565550433508364397e-03,-2.219876358529735381e-03,-1.896793564537794467e-03,-1.473509586030040050e-03,-1.163061423861277196e-03,-6.802427036268163816e-04,-1.854789962144339594e-04,-6.866222982049089948e-05,8.829846745634387052e-04,-6.839168396629625481e-04,-9.341625961655879162e-04,-1.093624801563072499e-03,-1.207670533642691548e-03,-1.274943521797533086e-03,-1.299192209060935242e-03,-1.297136402491146697e-03,-1.258616070338258600e-03,-1.199413908902185804e-03,-1.129583160337037460e-03,-1.035733300769324646e-03,-1.268344730736353614e-03,8.829846745634387052e-04,-6.839168396629625481e-04,-9.341625961655879162e-04,-1.093624801563072499e-03,-1.207670533642691548e-03,-1.274943521797533086e-03,-1.299192209060935242e-03,-1.297136402491146697e-03,-1.258616070338258600e-03,-1.199413908902185804e-03,-1.129583160337037460e-03,-1.035733300769324646e-03,-1.268344730736353614e-03
cli,5.523000000000000131e-02,8.912000000000000477e-02,1.141400000000000053e-01,1.345600000000000129e-01,1.538799999999999890e-01,1.701900000000000079e-01,1.861099999999999977e-01,1.971199999999999897e-01,1.988499999999999990e-01,1.987700000000000022e-01,1.983199999999999963e-01,1.879099999999999937e-01,1.477499999999999925e-01,5.523000000000000131e-02,8.912000000000000477e-02,1.141400000000000053e-01,1.345600000000000129e-01,1.538799999999999890e-01,1.701900000000000079e-01,1.861099999999999977e-01,1.971199999999999897e-01,1.988499999999999990e-01,1.987700000000000022e-01,1.983199999999999963e-01,1.879099999999999937e-01,1.477499999999999925e-01,2.990999999999999909e-02,9.790000000000000091e-02,1.216700000000000004e-01,1.366900000000000059e-01,1.499500000000000000e-01,1.532399999999999873e-01,1.635199999999999987e-01,1.655099999999999905e-01,1.496699999999999975e-01,1.387100000000000000e-01,1.339599999999999957e-01,1.288300000000000001e-01,1.068500000000000005e-01,2.990999999999999909e-02,9.790000000000000091e-02,1.216700000000000004e-01,1.366900000000000059e-01,1.499500000000000000e-01,1.532399999999999873e-01,1.635199999999999987e-01,1.655099999999999905e-01,1.496699999999999975e-01,1.387100000000000000e-01,1.339599999999999957e-01,1.288300000000000001e-01,1.068500000000000005e-01,-7.820000000000000562e-03,-4.360000000000000160e-03,-3.939999999999999926e-03,-3.889999999999999795e-03,-3.729999999999999809e-03,-3.629999999999999980e-03,-3.429999999999999889e-03,-3.220000000000000206e-03,-2.739999999999999814e-03,-2.409999999999999816e-03,-1.469999999999999953e-03,-1.200000000000000030e-04,2.500000000000000052e-04,-7.820000000000000562e-03,-4.360000000000000160e-03,-3.939999999999999926e-03,-3.889999999999999795e-03,-3.729999999999999809e-03,-3.629999999999999980e-03,-3.429999999999999889e-03,-3.220000000000000206e-03,-2.739999999999999814e-03,-2.409999999999999816e-03,-1.469999999999999953e-03,-1.200000000000000030e-04,2.500000000000000052e-04,2.109999999999999896e-03,-8.099999999999999561e-04,-1.340000000000000045e-03,-1.719999999999999958e-03,-2.020000000000000094e-03,-2.249999999999999830e-03,-2.399999999999999790e-03,-2.500000000000000052e-03,-2.520000000000000104e-03,-2.480000000000000000e-03,-2.419999999999999842e-03,-2.279999999999999909e-03,-3.059999999999999786e-03,2.109999999999999896e-03,-8.099999999999999561e-04,-1.340000000000000045e-03,-1.719999999999999958e-03,-2.020000000000000094e-03,-2.249999999999999830e-03,-2.399999999999999790e-03,-2.500000000000000052e-03,-2.520000000000000104e-03,-2.480000000000000000e-03,-2.419999999999999842e-03,-2.279999999999999909e-03,-3.059999999999999786e-03
cli*c/cref,6.287229697154718411e-02,9.649190758334351414e-02,1.172292648186591957e-01,1.307132337525949706e-01,1.409170804005372979e-01,1.463814809989009702e-01,1.497167338075467147e-01,1.476033789717914324e-01,1.378321405238734643e-01,1.267146006777384315e-01,1.153905630479911959e-01,9.887579129930393340e-02,6.952134570765661215e-02,6.287229697154718411e-02,9.649190758334351414e-02,1.172292648186591957e-01,1.307132337525949706e-01,1.409170804005372979e-01,1.463814809989009702e-01,1.497167338075467147e-01,1.476033789717914324e-01,1.378321405238734643e-01,1.267146006777384315e-01,1.153905630479911959e-01,9.887579129930393340e-02,6.952134570765661215e-02,1.582779198925387751e-02,4.910404096959335857e-02,5.766747926486750359e-02,6.101274742947856988e-02,6.279176850042740565e-02,5.993884637928928449e-02,5.944548052265233307e-02,5.559965768103553030e-02,4.614648322750030535e-02,3.893789067041152768e-02,3.390616099645866327e-02,2.905109420564171499e-02,2.114479167175479374e-02,1.582779198925387751e-02,4.910404096959335857e-02,5.766747926486750359e-02,6.101274742947856988e-02,6.279176850042740565e-02,5.993884637928928449e-02,5.944548052265233307e-02,5.559965768103553030e-02,4.614648322750030535e-02,3.893789067041152768e-02,3.390616099645866327e-02,2.905109420564171499e-02,2.114479167175479374e-02,-7.089709976798143701e-03,-3.706585663695201316e-03,-3.127005128831359185e-03,-2.867622115032359732e-03,-2.539009952375137144e-03,-2.265924105507387872e-03,-1.947359567712785488e-03,-1.646273659787519938e-03,-1.246116131395774707e-03,-9.599239833923555072e-04,-5.024908413725729262e-04,-3.424227622420319397e-05,5.721852485040908516e-05,-7.089709976798143701e-03,-3.706585663695201316e-03,-3.127005128831359185e-03,-2.867622115032359732e-03,-2.539009952375137144e-03,-2.265924105507387872e-03,-1.947359567712785488e-03,-1.646273659787519938e-03,-1.246116131395774707e-03,-9.599239833923555072e-04,-5.024908413725729262e-04,-3.424227622420319397e-05,5.721852485040908516e-05,1.143004701428745797e-03,-4.261328000976920033e-04,-6.840316277933813915e-04,-8.511469043839296148e-04,-9.680533642691416208e-04,-1.043135608743436240e-03,-1.075193552326291152e-03,-1.080947002075955581e-03,-1.050235926242520457e-03,-9.948316033703749877e-04,-9.329662962510684070e-04,-8.433828306264500507e-04,-1.084115887165710114e-03,1.143004701428745797e-03,-4.261328000976920033e-04,-6.840316277933813915e-04,-8.511469043839296148e-04,-9.680533642691416208e-04,-1.043135608743436240e-03,-1.075193552326291152e-03,-1.080947002075955581e-03,-1.050235926242520457e-03,-9.948316033703749877e-04,-9.329662962510684070e-04,-8.433828306264500507e-04,-1.084115887165710114e-03
clo,-4.499999999999999877e-04,-4.499999999999999877e-04,-4.600000000000000139e-04,-4.600000000000000139e-04,-4.699999999999999859e-04,-4.800000000000000122e-04,-4.800000000000000122e-04,-4.899999999999999842e-04,-4.899999999999999842e-04,-5.000000000000000104e-04,-5.000000000000000104e-04,-5.100000000000000366e-04,-5.100000000000000366e-04,-4.499999999999999877e-04,-4.499999999999999877e-04,-4.600000000000000139e-04,-4.600000000000000139e-04,-4.699999999999999859e-04,-4.800000000000000122e-04,-4.800000000000000122e-04,-4.899999999999999842e-04,-4.899999999999999842e-04,-5.000000000000000104e-04,-5.000000000000000104e-04,-5.100000000000000366e-04,-5.100000000000000366e-04,-4.899999999999999842e-04,-5.000000000000000104e-04,-5.000000000000000104e-04,-5.100000000000000366e-04,-5.100000000000000366e-04,-5.199999999999999544e-04,-5.299999999999999807e-04,-5.299999999999999807e-04,-5.400000000000000069e-04,-5.400000000000000069e-04,-5.500000000000000331e-04,-5.599999999999999509e-04,-5.599999999999999509e-04,-4.899999999999999842e-04,-5.000000000000000104e-04,-5.000000000000000104e-04,-5.100000000000000366e-04,-5.100000000000000366e-04,-5.199999999999999544e-04,-5.299999999999999807e-04,-5.299999999999999807e-04,-5.400000000000000069e-04,-5.400000000000000069e-04,-5.500000000000000331e-04,-5.599999999999999509e-04,-5.599999999999999509e-04,-4.600000000000000139e-04,-4.600000000000000139e-04,-4.699999999999999859e-04,-4.699999999999999859e-04,-4.699999999999999859e-04,-4.800000000000000122e-04,-4.899999999999999842e-04,-4.899999999999999842e-04,-5.000000000000000104e-04,-5.100000000000000366e-04,-5.199999999999999544e-04,-5.299999999999999807e-04,-5.500000000000000331e-04,-4.600000000000000139e-04,-4.600000000000000139e-04,-4.699999999999999859e-04,-4.699999999999999859e-04,-4.699999999999999859e-04,-4.800000000000000122e-04,-4.899999999999999842e-04,-4.899999999999999842e-04,-5.000000000000000104e-04,-5.100000000000000366e-04,-5.199999999999999544e-04,-5.299999999999999807e-04,-5.500000000000000331e-04,-4.899999999999999842e-04,-4.899999999999999842e-04,-4.899999999999999842e-04,-4.899999999999999842e-04,-5.000000000000000104e-04,-5.000000000000000104e-04,-5.000000000000000104e-04,-5.000000000000000104e-04,-5.000000000000000104e-04,-5.100000000000000366e-04,-5.100000000000000366e-04,-5.100000000000000366e-04,-5.199999999999999544e-04,-4.899999999999999842e-04,-4.899999999999999842e-04,-4.899999999999999842e-04,-4.899999999999999842e-04,-5.000000000000000104e-04,-5.000000000000000104e-04,-5.000000000000000104e-04,-5.000000000000000104e-04,-5.000000000000000104e-04,-5.100000000000000366e-04,-5.100000000000000366e-04,-5.100000000000000366e-04,-5.199999999999999544e-04
clo*c/cref,-5.122674929783854964e-04,-4.872235010379777700e-04,-4.724501648552937682e-04,-4.468496397606545314e-04,-4.304069910856026231e-04,-4.128509952375137453e-04,-3.861374038344120296e-04,-3.669118085236292709e-04,-3.396416839662962073e-04,-3.187467944804005357e-04,-2.909201367688362327e-04,-2.683553486384174127e-04,-2.399721577726218432e-04,-5.122674929783854964e-04,-4.872235010379777700e-04,-4.724501648552937682e-04,-4.468496397606545314e-04,-4.304069910856026231e-04,-4.128509952375137453e-04,-3.861374038344120296e-04,-3.669118085236292709e-04,-3.396416839662962073e-04,-3.187467944804005357e-04,-2.909201367688362327e-04,-2.683553486384174127e-04,-2.399721577726218432e-04,-2.592984979851019767e-04,-2.507867260959824058e-04,-2.369831481255342629e-04,-2.276428501648553038e-04,-2.135632006349982002e-04,-2.033946757845890661e-04,-1.926743192086945709e-04,-1.780425265600195188e-04,-1.664936255953107774e-04,-1.515857613872267646e-04,-1.392086335327879024e-04,-1.262796922701184287e-04,-1.108196849432165082e-04,-2.592984979851019767e-04,-2.507867260959824058e-04,-2.369831481255342629e-04,-2.276428501648553038e-04,-2.135632006349982002e-04,-2.033946757845890661e-04,-1.926743192086945709e-04,-1.780425265600195188e-04,-1.664936255953107774e-04,-1.515857613872267646e-04,-1.392086335327879024e-04,-1.262796922701184287e-04,-1.108196849432165082e-04,-4.170417633410672701e-04,-3.910617902063744577e-04,-3.730183783123702259e-04,-3.464736231530100700e-04,-3.199288679936500225e-04,-2.996263280009769047e-04,-2.781942239589693710e-04,-2.505199047502747450e-04,-2.273934546342654790e-04,-2.031374404689217429e-04,-1.777518622542434553e-04,-1.512367199902307790e-04,-1.258807546708999982e-04,-4.170417633410672701e-04,-3.910617902063744577e-04,-3.730183783123702259e-04,-3.464736231530100700e-04,-3.199288679936500225e-04,-2.996263280009769047e-04,-2.781942239589693710e-04,-2.505199047502747450e-04,-2.273934546342654790e-04,-2.031374404689217429e-04,-1.777518622542434553e-04,-1.512367199902307790e-04,-1.258807546708999982e-04,-2.654371107583343480e-04,-2.577840395652704905e-04,-2.501309683722065789e-04,-2.424778971791427486e-04,-2.396171693735499005e-04,-2.318079130540969543e-04,-2.239986567346440353e-04,-2.161894004151911162e-04,-2.083801440957381971e-04,-2.045823055318109793e-04,-1.966168640859689985e-04,-1.886514226401270178e-04,-1.842288435706435263e-04,-2.654371107583343480e-04,-2.577840395652704905e-04,-2.501309683722065789e-04,-2.424778971791427486e-04,-2.396171693735499005e-04,-2.318079130540969543e-04,-2.239986567346440353e-04,-2.161894004151911162e-04,-2.083801440957381971e-04,-2.045823055318109793e-04,-1.966168640859689985e-04,-1.886514226401270178e-04,-1.842288435706435263e-04
cmx,1.652999999999999955e-02,3.434999999999999859e-02,5.514000000000000151e-02,7.968000000000000083e-02,1.099299999999999999e-01,1.450899999999999967e-01,1.879200000000000037e-01,2.346399999999999875e-01,2.783700000000000063e-01,3.271899999999999809e-01,3.846100000000000074e-01,4.312199999999999922e-01,4.042100000000000137e-01,-1.652999999999999955e-02,-3.434999999999999859e-02,-5.514000000000000151e-02,-7.968000000000000083e-02,-1.099299999999999999e-01,-1.450899999999999967e-01,-1.879200000000000037e-01,-2.346399999999999875e-01,-2.783700000000000063e-01,-3.271899999999999809e-01,-3.846100000000000074e-01,-4.312199999999999922e-01,-4.042100000000000137e-01,1.818000000000000171e-02,6.685000000000000664e-02,9.894000000000000017e-02,1.312899999999999900e-01,1.690699999999999981e-01,2.020200000000000051e-01,2.515000000000000013e-01,2.968799999999999772e-01,3.136200000000000099e-01,3.407700000000000173e-01,3.880199999999999760e-01,4.437200000000000033e-01,4.429600000000000204e-01,-1.818000000000000171e-02,-6.685000000000000664e-02,-9.894000000000000017e-02,-1.312899999999999900e-01,-1.690699999999999981e-01,-2.020200000000000051e-01,-2.515000000000000013e-01,-2.968799999999999772e-01,-3.136200000000000099e-01,-3.407700000000000173e-01,-3.880199999999999760e-01,-4.437200000000000033e-01,-4.429600000000000204e-01,-1.080000000000000057e-02,-8.300000000000000086e-03,-9.709999999999999881e-03,-1.199000000000000066e-02,-1.418999999999999949e-02,-1.687999999999999917e-02,-1.944999999999999854e-02,-2.223999999999999935e-02,-2.317999999999999922e-02,-2.520000000000000018e-02,-1.932000000000000037e-02,-2.020000000000000094e-03,5.279999999999999971e-03,1.080000000000000057e-02,8.300000000000000086e-03,9.709999999999999881e-03,1.199000000000000066e-02,1.418999999999999949e-02,1.687999999999999917e-02,1.944999999999999854e-02,2.223999999999999935e-02,2.317999999999999922e-02,2.520000000000000018e-02,1.932000000000000037e-02,2.020000000000000094e-03,-5.279999999999999971e-03,2.700000000000000143e-03,-1.219999999999999947e-03,-2.220000000000000185e-03,-3.129999999999999970e-03,-4.060000000000000241e-03,-4.959999999999999999e-03,-5.780000000000000415e-03,-6.570000000000000319e-03,-7.230000000000000315e-03,-7.779999999999999589e-03,-8.250000000000000389e-03,-8.500000000000000611e-03,-1.247999999999999977e-02,-2.700000000000000143e-03,1.219999999999999947e-03,2.220000000000000185e-03,3.129999999999999970e-03,4.060000000000000241e-03,4.959999999999999999e-03,5.780000000000000415e-03,6.570000000000000319e-03,7.230000000000000315e-03,7.779999999999999589e-03,8.250000000000000389e-03,8.500000000000000611e-03,1.247999999999999977e-02
cmx*c/cref,1.881729257540602773e-02,3.719139391256563731e-02,5.663239584808890670e-02,7.740212890462816464e-02,1.006694479362559569e-01,1.247928143729393063e-01,1.511727936011723061e-01,1.756983403101721741e-01,1.929511338075466931e-01,2.085815273720844909e-01,2.237815876053241837e-01,2.269023400781536026e-01,1.901944037122970110e-01,-1.881729257540602773e-02,-3.719139391256563731e-02,-5.663239584808890670e-02,-7.740212890462816464e-02,-1.006694479362559569e-01,-1.247928143729393063e-01,-1.511727936011723061e-01,-1.756983403101721741e-01,-1.929511338075466931e-01,-2.085815273720844909e-01,-2.237815876053241837e-01,-2.269023400781536026e-01,-1.901944037122970110e-01,9.620503455855416650e-03,3.353018527903284945e-02,4.689422535108071777e-02,5.860241136890950719e-02,7.079829476737087290e-02,7.901883154231285900e-02,9.142941751129562977e-02,9.973068921724262403e-02,9.669579788740993720e-02,9.565903686652828253e-02,9.821042542434973988e-02,1.000586161680302871e-01,8.765837079008427513e-02,-9.620503455855416650e-03,-3.353018527903284945e-02,-4.689422535108071777e-02,-5.860241136890950719e-02,-7.079829476737087290e-02,-7.901883154231285900e-02,-9.142941751129562977e-02,-9.973068921724262403e-02,-9.669579788740993720e-02,-9.565903686652828253e-02,-9.821042542434973988e-02,-1.000586161680302871e-01,-8.765837079008427513e-02,-9.791415313225058231e-03,-7.056114910245452412e-03,-7.706400964708755123e-03,-8.838763280009768325e-03,-9.659129014531689025e-03,-1.053685920136768726e-02,-1.104260746122847671e-02,-1.137053608499206080e-02,-1.054196055684454743e-02,-1.003737941140554410e-02,-6.604165343753815726e-03,-5.764116497740871640e-04,1.208455244840639722e-03,9.791415313225058231e-03,7.056114910245452412e-03,7.706400964708755123e-03,8.838763280009768325e-03,9.659129014531689025e-03,1.053685920136768726e-02,1.104260746122847671e-02,1.137053608499206080e-02,1.054196055684454743e-02,1.003737941140554410e-02,6.604165343753815726e-03,5.764116497740871640e-04,-1.208455244840639722e-03,1.462612651117352596e-03,-6.418296495298571021e-04,-1.133246428135303548e-03,-1.548889424838197516e-03,-1.945691415313225260e-03,-2.299534497496641752e-03,-2.589424471852485362e-03,-2.840728721455611228e-03,-3.013176883624374414e-03,-3.120883013798998479e-03,-3.180566919037733625e-03,-3.144190377335450478e-03,-4.421492245695444849e-03,-1.462612651117352596e-03,6.418296495298571021e-04,1.133246428135303548e-03,1.548889424838197516e-03,1.945691415313225260e-03,2.299534497496641752e-03,2.589424471852485362e-03,2.840728721455611228e-03,3.013176883624374414e-03,3.120883013798998479e-03,3.180566919037733625e-03,3.144190377335450478e-03,4.421492245695444849e-03
cmxi,1.652999999999999955e-02,3.434999999999999859e-02,5.514000000000000151e-02,7.968000000000000083e-02,1.099299999999999999e-01,1.450899999999999967e-01,1.879200000000000037e-01,2.346399999999999875e-01,2.783700000000000063e-01,3.271899999999999809e-01,3.846100000000000074e-01,4.312199999999999922e-01,4.042100000000000137e-01,-1.652999999999999955e-02,-3.434999999999999859e-02,-5.514000000000000151e-02,-7.968000000000000083e-02,-1.099299999999999999e-01,-1.450899999999999967e-01,-1.879200000000000037e-01,-2.346399999999999875e-01,-2.783700000000000063e-01,-3.271899999999999809e-01,-3.846100000000000074e-01,-4.312199999999999922e-01,-4.042100000000000137e-01,1.818000000000000171e-02,6.685000000000000664e-02,9.894000000000000017e-02,1.312899999999999900e-01,1.690699999999999981e-01,2.020200000000000051e-01,2.515000000000000013e-01,2.968799999999999772e-01,3.136200000000000099e-01,3.407700000000000173e-01,3.880199999999999760e-01,4.437200000000000033e-01,4.429600000000000204e-01,-1.818000000000000171e-02,-6.685000000000000664e-02,-9.894000000000000017e-02,-1.312899999999999900e-01,-1.690699999999999981e-01,-2.020200000000000051e-01,-2.515000000000000013e-01,-2.968799999999999772e-01,-3.136200000000000099e-01,-3.407700000000000173e-01,-3.880199999999999760e-01,-4.437200000000000033e-01,-4.429600000000000204e-01,-1.080000000000000057e-02,-8.300000000000000086e-03,-9.709999999999999881e-03,-1.199000000000000066e-02,-1.418999999999999949e-02,-1.687999999999999917e-02,-1.944999999999999854e-02,-2.223999999999999935e-02,-2.317999999999999922e-02,-2.520000000000000018e-02,-1.932000000000000037e-02,-2.020000000000000094e-03,5.279999999999999971e-03,1.080000000000000057e-02,8.300000000000000086e-03,9.709999999999999881e-03,1.199000000000000066e-02,1.418999999999999949e-02,1.687999999999999917e-02,1.944999999999999854e-02,2.223999999999999935e-02,2.317999999999999922e-02,2.520000000000000018e-02,1.932000000000000037e-02,2.020000000000000094e-03,-5.279999999999999971e-03,2.700000000000000143e-03,-1.219999999999999947e-03,-2.220000000000000185e-03,-3.129999999999999970e-03,-4.060000000000000241e-03,-4.959999999999999999e-03,-5.780000000000000415e-03,-6.570000000000000319e-03,-7.230000000000000315e-03,-7.779999999999999589e-03,-8.250000000000000389e-03,-8.500000000000000611e-03,-1.247999999999999977e-02,-2.700000000000000143e-03,1.219999999999999947e-03,2.220000000000000185e-03,3.129999999999999970e-03,4.060000000000000241e-03,4.959999999999999999e-03,5.780000000000000415e-03,6.570000000000000319e-03,7.230000000000000315e-03,7.779999999999999589e-03,8.250000000000000389e-03,8.500000000000000611e-03,1.247999999999999977e-02
cmxi*c/cref,1.881729257540602773e-02,3.719139391256563731e-02,5.663239584808890670e-02,7.740212890462816464e-02,1.006694479362559569e-01,1.247928143729393063e-01,1.511727936011723061e-01,1.756983403101721741e-01,1.929511338075466931e-01,2.085815273720844909e-01,2.237815876053241837e-01,2.269023400781536026e-01,1.901944037122970110e-01,-1.881729257540602773e-02,-3.719139391256563731e-02,-5.663239584808890670e-02,-7.740212890462816464e-02,-1.006694479362559569e-01,-1.247928143729393063e-01,-1.511727936011723061e-01,-1.756983403101721741e-01,-1.929511338075466931e-01,-2.085815273720844909e-01,-2.237815876053241837e-01,-2.269023400781536026e-01,-1.901944037122970110e-01,9.620503455855416650e-03,3.353018527903284945e-02,4.689422535108071777e-02,5.860241136890950719e-02,7.079829476737087290e-02,7.901883154231285900e-02,9.142941751129562977e-02,9.973068921724262403e-02,9.669579788740993720e-02,9.565903686652828253e-02,9.821042542434973988e-02,1.000586161680302871e-01,8.765837079008427513e-02,-9.620503455855416650e-03,-3.353018527903284945e-02,-4.689422535108071777e-02,-5.860241136890950719e-02,-7.079829476737087290e-02,-7.901883154231285900e-02,-9.142941751129562977e-02,-9.973068921724262403e-02,-9.669579788740993720e-02,-9.565903686652828253e-02,-9.821042542434973988e-02,-1.000586161680302871e-01,-8.765837079008427513e-02,-9.791415313225058231e-03,-7.056114910245452412e-03,-7.706400964708755123e-03,-8.838763280009768325e-03,-9.659129014531689025e-03,-1.053685920136768726e-02,-1.104260746122847671e-02,-1.137053608499206080e-02,-1.054196055684454743e-02,-1.003737941140554410e-02,-6.604165343753815726e-03,-5.764116497740871640e-04,1.208455244840639722e-03,9.791415313225058231e-03,7.056114910245452412e-03,7.706400964708755123e-03,8.838763280009768325e-03,9.659129014531689025e-03,1.053685920136768726e-02,1.104260746122847671e-02,1.137053608499206080e-02,1.054196055684454743e-02,1.003737941140554410e-02,6.604165343753815726e-03,5.764116497740871640e-04,-1.208455244840639722e-03,1.462612651117352596e-03,-6.418296495298571021e-04,-1.133246428135303548e-03,-1.548889424838197516e-03,-1.945691415313225260e-03,-2.299534497496641752e-03,-2.589424471852485362e-03,-2.840728721455611228e-03,-3.013176883624374414e-03,-3.120883013798998479e-03,-3.180566919037733625e-03,-3.144190377335450478e-03,-4.421492245695444849e-03,-1.462612651117352596e-03,6.418296495298571021e-04,1.133246428135303548e-03,1.548889424838197516e-03,1.945691415313225260e-03,2.299534497496641752e-03,2.589424471852485362e-03,2.840728721455611228e-03,3.013176883624374414e-03,3.120883013798998479e-03,3.180566919037733625e-03,3.144190377335450478e-03,4.421492245695444849e-03
cmxo,0.000000000000000000e+00,0.000000000000000000e+00,0.000000000000000000e+00,0.000000000000000000e+00,0.000000000000000000e+00,0.000000000000000000e+00,0.000000000000000000e+00,0.000000000000000000e+00,0.000000000000000000e+00,0.000000000000000000e+00,0.000000000000000000e+00,0.000000000000000000e+00,0.000000000000000000e+00,-0.000000000000000000e+00,-0.000000000000000000e+00,-0.000000000000000000e+00,-0.000000000000000000e+00,-0.000000000000000000e+00,-0.000000000000000000e+00,-0.000000000000000000e+00,-0.000000000000000000e+00,-0.000000000000000000e+00,-0.000000000000000000e+00,-0.000000000000000000e+00,-0.000000000000000000e+00,-0.000000000000000000e+00,0.000000000000000000e+00,0.000000000000000000e+00,0.000000000000000000e+00,0.000000000000000000e+00,0.000000000000000000e+00,0.000000000000000000e+00,0.000000000000000000e+00,0.000000000000000000e+00,0.000000000000000000e+00,0.000000000000000000e+00,0.000000000000000000e+00,0.000000000000000000e+00,0.000000000000000000e+00,-0.000000000000000000e+00,-0.000000000000000000e+00,-0.000000000000000000e+00,-0.000000000000000000e+00,-0.000000000000000000e+00,-0.000000000000000000e+00,-0.000000000000000000e+00,-0.000000000000000000e+00,-0.000000000000000000e+00,-0.000000000000000000e+00,-0.000000000000000000e+00,-0.000000000000000000e+00,-0.000000000000000000e+00,0.000000000000000000e+00,0.000000000000000000e+00,0.000000000000000000e+00,0.000000000000000000e+00,0.000000000000000000e+00,0.000000000000000000e+00,0.000000000000000000e+00,0.000000000000000000e+00,0.000000000000000000e+00,0.000000000000000000e+00,0.000000000000000000e+00,0.000000000000000000e+00,0.000000000000000000e+00,-0.000000000000000000e+00,-0.000000000000000000e+00,-0.000000000000000000e+00,-0.000000000000000000e+00,-0.000000000000000000e+00,-0.000000000000000000e+00,-0.000000000000000000e+00,-0.000000000000000000e+00,-0.000000000000000000e+00,-0.000000000000000000e+00,-0.000000000000000000e+00,-0.000000000000000000e+00,-0.000000000000000000e+00,0.000000000000000000e+00,0.000000000000000000e+00,0.000000000000000000e+00,0.000000000000000000e+00,0.000000000000000000e+00,0.000000000000000000e+00,0.000000000000000000e+00,0.000000000000000000e+00,0.000000000000000000e+00,0.000000000000000000e+00,0.000000000000000000e+00,0.000000000000000000e+00,0.000000000000000000e+00,0.000000000000000000e+00,0.000000000000000000e+00,0.000000000000000000e+00,0.000000000000000000e+00,0.000000000000000000e+00,0.000000000000000000e+00,0.000000000000000000e+00,0.000000000000000000e+00,0.000000000000000000e+00,0.000000000000000000e+00,0.000000000000000000e+00,0.000000000000000000e+00,0.000000000000000000e+00
cmxo*c/cref,0.000000000000000000e+00,0.000000000000000000e+00,0.000000000000000000e+00,0.000000000000000000e+00,0.000000000000000000e+00,0.000000000000000000e+00,0.000000000000000000e+00,0.000000000000000000e+00,0.000000000000000000e+00,0.000000000000000000e+00,0.000000000000000000e+00,0.000000000000000000e+00,0.000000000000000000e+00,-0.000000000000000000e+00,-0.000000000000000000e+00,-0.000000000000000000e+00,-0.000000000000000000e+00,-0.000000000000000000e+00,-0.000000000000000000e+00,-0.000000000000000000e+00,-0.000000000000000000e+00,-0.000000000000000000e+00,-0.000000000000000000e+00,-0.000000000000000000e+00,-0.000000000000000000e+00,-0.000000000000000000e+00,0.000000000000000000e+00,0.000000000000000000e+00,0.000000000000000000e+00,0.000000000000000000e+00,0.000000000000000000e+00,0.000000000000000000e+00,0.000000000000000000e+00,0.000000000000000000e+00,0.000000000000000000e+00,0.000000000000000000e+00,0.000000000000000000e+00,0.000000000000000000e+00,0.000000000000000000e+00,-0.000000000000000000e+00,-0.000000000000000000e+00,-0.000000000000000000e+00,-0.000000000000000000e+00,-0.000000000000000000e+00,-0.000000000000000000e+00,-0.000000000000000000e+00,-0.000000000000000000e+00,-0.000000000000000000e+00,-0.000000000000000000e+00,-0.000000000000000000e+00,-0.000000000000000000e+00,-0.000000000000000000e+00,0.000000000000000000e+00,0.000000000000000000e+00,0.000000000000000000e+00,0.000000000000000000e+00,0.000000000000000000e+00,0.000000000000000000e+00,0.000000000000000000e+00,0.000000000000000000e+00,0.000000000000000000e+00,0.000000000000000000e+00,0.000000000000000000e+00,0.000000000000000000e+00,0.000000000000000000e+00,-0.000000000000000000e+00,-0.000000000000000000e+00,-0.000000000000000000e+00,-0.000000000000000000e+00,-0.000000000000000000e+00,-0.000000000000000000e+00,-0.000000000000000000e+00,-0.000000000000000000e+00,-0.000000000000000000e+00,-0.000000000000000000e+00,-0.000000000000000000e+00,-0.000000000000000000e+00,-0.000000000000000000e+00,0.000000000000000000e+00,0.000000000000000000e+00,0.000000000000000000e+00,0.000000000000000000e+00,0.000000000000000000e+00,0.000000000000000000e+00,0.000000000000000000e+00,0.000000000000000000e+00,0.000000000000000000e+00,0.000000000000000000e+00,0.000000000000000000e+00,0.000000000000000000e+00,0.000000000000000000e+00,0.000000000000000000e+00,0.000000000000000000e+00,0.000000000000000000e+00,0.000000000000000000e+00,0.000000000000000000e+00,0.000000000000000000e+00,0.000000000000000000e+00,0.000000000000000000e+00,0.000000000000000000e+00,0.000000000000000000e+00,0.000000000000000000e+00,0.000000000000000000e+00,0.000000000000000000e+00
cmy,-1.260400000000000131e-01,-2.210300000000000042e-01,-3.071300000000000141e-01,-3.927499999999999880e-01,-4.891400000000000192e-01,-5.900600000000000289e-01,-7.068999999999999728e-01,-8.219699999999999784e-01,-9.100899999999999546e-01,-1.003740000000000077e+00,-1.113019999999999898e+00,-1.179019999999999957e+00,-1.043320000000000025e+00,-1.260400000000000131e-01,-2.210300000000000042e-01,-3.071300000000000141e-01,-3.927499999999999880e-01,-4.891400000000000192e-01,-5.900600000000000289e-01,-7.068999999999999728e-01,-8.219699999999999784e-01,-9.100899999999999546e-01,-1.003740000000000077e+00,-1.113019999999999898e+00,-1.179019999999999957e+00,-1.043320000000000025e+00,-1.962599999999999900e-01,-7.266399999999999526e-01,-9.724099999999999966e-01,-1.177910000000000013e+00,-1.399459999999999926e+00,-1.549760000000000026e+00,-1.805660000000000043e+00,-2.003219999999999779e+00,-1.989679999999999893e+00,-2.041599999999999859e+00,-2.206630000000000091e+00,-2.402919999999999945e+00,-2.286189999999999944e+00,-1.962599999999999900e-01,-7.266399999999999526e-01,-9.724099999999999966e-01,-1.177910000000000013e+00,-1.399459999999999926e+00,-1.549760000000000026e+00,-1.805660000000000043e+00,-2.003219999999999779e+00,-1.989679999999999893e+00,-2.041599999999999859e+00,-2.206630000000000091e+00,-2.402919999999999945e+00,-2.286189999999999944e+00,3.102999999999999856e-02,1.888000000000000095e-02,1.871000000000000094e-02,2.042000000000000065e-02,2.188000000000000014e-02,2.401999999999999968e-02,2.597000000000000003e-02,2.826000000000000040e-02,2.884000000000000105e-02,3.109999999999999917e-02,2.701999999999999888e-02,1.532999999999999988e-02,1.460000000000000013e-02,3.102999999999999856e-02,1.888000000000000095e-02,1.871000000000000094e-02,2.042000000000000065e-02,2.188000000000000014e-02,2.401999999999999968e-02,2.597000000000000003e-02,2.826000000000000040e-02,2.884000000000000105e-02,3.109999999999999917e-02,2.701999999999999888e-02,1.532999999999999988e-02,1.460000000000000013e-02,-1.531000000000000069e-02,3.969999999999999571e-03,7.620000000000000037e-03,1.041000000000000085e-02,1.290000000000000001e-02,1.502000000000000036e-02,1.661999999999999936e-02,1.796000000000000027e-02,1.872000000000000053e-02,1.907999999999999974e-02,1.915999999999999995e-02,1.857999999999999929e-02,2.744999999999999871e-02,-1.531000000000000069e-02,3.969999999999999571e-03,7.620000000000000037e-03,1.041000000000000085e-02,1.290000000000000001e-02,1.502000000000000036e-02,1.661999999999999936e-02,1.796000000000000027e-02,1.872000000000000053e-02,1.907999999999999974e-02,1.915999999999999995e-02,1.857999999999999929e-02,2.744999999999999871e-02
cmy*c/cref,-1.434804329222127139e-01,-2.393133565209427105e-01,-3.154426502869703830e-01,-3.815221652521675333e-01,-4.479346289778972090e-01,-5.075142880205153473e-01,-5.686677724386371979e-01,-6.154908148003419566e-01,-6.308255105324214185e-01,-6.398778149835145923e-01,-6.475998612529001441e-01,-6.203849473562095262e-01,-4.909171600928074475e-01,-1.434804329222127139e-01,-2.393133565209427105e-01,-3.154426502869703830e-01,-3.815221652521675333e-01,-4.479346289778972090e-01,-5.075142880205153473e-01,-5.686677724386371979e-01,-6.154908148003419566e-01,-6.308255105324214185e-01,-6.398778149835145923e-01,-6.475998612529001441e-01,-6.203849473562095262e-01,-4.909171600928074475e-01,-1.038569861521553284e-01,-3.644633333007692988e-01,-4.608895661375015385e-01,-5.257701757601660475e-01,-5.860257975699109112e-01,-6.061787168152399374e-01,-6.564232287214555317e-01,-6.729402831237024651e-01,-6.134611795823665670e-01,-5.731064637928928729e-01,-5.585126309317377524e-01,-5.418571395530589196e-01,-4.524193848577360288e-01,-1.038569861521553284e-01,-3.644633333007692988e-01,-4.608895661375015385e-01,-5.257701757601660475e-01,-5.860257975699109112e-01,-6.061787168152399374e-01,-6.564232287214555317e-01,-6.729402831237024651e-01,-6.134611795823665670e-01,-5.731064637928928729e-01,-5.585126309317377524e-01,-5.418571395530589196e-01,-4.524193848577360288e-01,2.813218677494199252e-02,1.605053608499206613e-02,1.484930608132861186e-02,1.505317315911588495e-02,1.489370985468311225e-02,1.499380083038221768e-02,1.474429386982537699e-02,1.444835205763829455e-02,1.311605446330443327e-02,1.238740078153620708e-02,9.236260227133958819e-03,4.374450787641957945e-03,3.341561851263890378e-03,2.813218677494199252e-02,1.605053608499206613e-02,1.484930608132861186e-02,1.505317315911588495e-02,1.489370985468311225e-02,1.499380083038221768e-02,1.474429386982537699e-02,1.444835205763829455e-02,1.311605446330443327e-02,1.238740078153620708e-02,9.236260227133958819e-03,4.374450787641957945e-03,3.341561851263890378e-03,-8.293555440224691100e-03,2.088576810355354842e-03,3.889791793869825428e-03,5.151418182928318816e-03,6.182122969837587807e-03,6.963509708145072634e-03,7.445715349859566984e-03,7.765523262913664668e-03,7.801752594944437805e-03,7.653785077543045524e-03,7.386625717425814898e-03,6.872830260105019032e-03,9.725157223104163515e-03,-8.293555440224691100e-03,2.088576810355354842e-03,3.889791793869825428e-03,5.151418182928318816e-03,6.182122969837587807e-03,6.963509708145072634e-03,7.445715349859566984e-03,7.765523262913664668e-03,7.801752594944437805e-03,7.653785077543045524e-03,7.386625717425814898e-03,6.872830260105019032e-03,9.725157223104163515e-03
cmyi,-1.264299999999999868e-01,-2.214099999999999957e-01,-3.074999999999999956e-01,-3.931100000000000150e-01,-4.894800000000000262e-01,-5.904000000000000359e-01,-7.072199999999999598e-01,-8.222599999999999909e-01,-9.103599999999999470e-01,-1.003959999999999964e+00,-1.113199999999999967e+00,-1.179149999999999920e+00,-1.043379999999999974e+00,-1.264299999999999868e-01,-2.214099999999999957e-01,-3.074999999999999956e-01,-3.931100000000000150e-01,-4.894800000000000262e-01,-5.904000000000000359e-01,-7.072199999999999598e-01,-8.222599999999999909e-01,-9.103599999999999470e-01,-1.003959999999999964e+00,-1.113199999999999967e+00,-1.179149999999999920e+00,-1.043379999999999974e+00,-1.962599999999999900e-01,-7.266399999999999526e-01,-9.724099999999999966e-01,-1.177910000000000013e+00,-1.399459999999999926e+00,-1.549760000000000026e+00,-1.805660000000000043e+00,-2.003219999999999779e+00,-1.989679999999999893e+00,-2.041599999999999859e+00,-2.206630000000000091e+00,-2.402919999999999945e+00,-2.286189999999999944e+00,-1.962599999999999900e-01,-7.266399999999999526e-01,-9.724099999999999966e-01,-1.177910000000000013e+00,-1.399459999999999926e+00,-1.549760000000000026e+00,-1.805660000000000043e+00,-2.003219999999999779e+00,-1.989679999999999893e+00,-2.041599999999999859e+00,-2.206630000000000091e+00,-2.402919999999999945e+00,-2.286189999999999944e+00,3.014999999999999972e-02,1.767000000000000168e-02,1.711000000000000021e-02,1.837000000000000091e-02,1.929000000000000159e-02,2.078999999999999945e-02,2.195000000000000076e-02,2.325999999999999943e-02,2.259999999999999856e-02,2.321000000000000146e-02,1.689999999999999836e-02,2.000000000000000042e-03,-3.700000000000000164e-03,3.014999999999999972e-02,1.767000000000000168e-02,1.711000000000000021e-02,1.837000000000000091e-02,1.929000000000000159e-02,2.078999999999999945e-02,2.195000000000000076e-02,2.325999999999999943e-02,2.259999999999999856e-02,2.321000000000000146e-02,1.689999999999999836e-02,2.000000000000000042e-03,-3.700000000000000164e-03,-1.426999999999999970e-02,5.179999999999999709e-03,8.999999999999999320e-03,1.196999999999999974e-02,1.467000000000000075e-02,1.700000000000000122e-02,1.882999999999999952e-02,2.042000000000000065e-02,2.145000000000000032e-02,2.211000000000000118e-02,2.250999999999999876e-02,2.228000000000000119e-02,3.153000000000000247e-02,-1.426999999999999970e-02,5.179999999999999709e-03,8.999999999999999320e-03,1.196999999999999974e-02,1.467000000000000075e-02,1.700000000000000122e-02,1.882999999999999952e-02,2.042000000000000065e-02,2.145000000000000032e-02,2.211000000000000118e-02,2.250999999999999876e-02,2.228000000000000119e-02,3.153000000000000247e-02
cmyi*c/cref,-1.439243980827939473e-01,-2.397247896995970129e-01,-3.158226645500061269e-01,-3.818718736658932578e-01,-4.482459872267676171e-01,-5.078067241421418965e-01,-5.689251973745267366e-01,-6.157079666870192147e-01,-6.310126600317498280e-01,-6.400180635730858825e-01,-6.477045925021369666e-01,-6.204533516607643184e-01,-4.909453921113689501e-01,-1.439243980827939473e-01,-2.397247896995970129e-01,-3.158226645500061269e-01,-3.818718736658932578e-01,-4.482459872267676171e-01,-5.078067241421418965e-01,-5.689251973745267366e-01,-6.157079666870192147e-01,-6.310126600317498280e-01,-6.400180635730858825e-01,-6.477045925021369666e-01,-6.204533516607643184e-01,-4.909453921113689501e-01,-1.038569861521553284e-01,-3.644633333007692988e-01,-4.608895661375015385e-01,-5.257701757601660475e-01,-5.860257975699109112e-01,-6.061787168152399374e-01,-6.564232287214555317e-01,-6.729402831237024651e-01,-6.134611795823665670e-01,-5.731064637928928729e-01,-5.585126309317377524e-01,-5.418571395530589196e-01,-4.524193848577360288e-01,-1.038569861521553284e-01,-3.644633333007692988e-01,-4.608895661375015385e-01,-5.257701757601660475e-01,-5.860257975699109112e-01,-6.061787168152399374e-01,-6.564232287214555317e-01,-6.729402831237024651e-01,-6.134611795823665670e-01,-5.731064637928928729e-01,-5.585126309317377524e-01,-5.418571395530589196e-01,-4.524193848577360288e-01,2.733436774941995148e-02,1.502187354988399406e-02,1.357945628281841469e-02,1.354195841983148012e-02,1.313069758212236093e-02,1.297756533154231090e-02,1.246196574673342529e-02,1.189202649896202099e-02,1.027818414946879769e-02,9.244745084869948268e-03,5.776935523262912570e-03,5.707046037367199086e-04,-8.468341677860544495e-04,2.733436774941995148e-02,1.502187354988399406e-02,1.357945628281841469e-02,1.354195841983148012e-02,1.313069758212236093e-02,1.297756533154231090e-02,1.246196574673342529e-02,1.189202649896202099e-02,1.027818414946879769e-02,9.244745084869948268e-03,5.776935523262912570e-03,5.707046037367199086e-04,-8.468341677860544495e-04,-7.730178715349859085e-03,2.725145561118573912e-03,4.594242276224202483e-03,5.923388631090487078e-03,7.030367749419954952e-03,7.881469043839297098e-03,8.435789412626694059e-03,8.829175112956404517e-03,8.939508181707168932e-03,8.869244657467334134e-03,8.678128648186591437e-03,8.241477836121627321e-03,1.117064507265844511e-02,-7.730178715349859085e-03,2.725145561118573912e-03,4.594242276224202483e-03,5.923388631090487078e-03,7.030367749419954952e-03,7.881469043839297098e-03,8.435789412626694059e-03,8.829175112956404517e-03,8.939508181707168932e-03,8.869244657467334134e-03,8.678128648186591437e-03,8.241477836121627321e-03,1.117064507265844511e-02
cmyo,3.899999999999999929e-04,3.800000000000000209e-04,3.699999999999999947e-04,3.600000000000000227e-04,3.499999999999999964e-04,3.299999999999999982e-04,3.099999999999999999e-04,2.900000000000000017e-04,2.599999999999999772e-04,2.300000000000000070e-04,1.800000000000000113e-04,1.299999999999999886e-04,6.000000000000000152e-05,3.899999999999999929e-04,3.800000000000000209e-04,3.699999999999999947e-04,3.600000000000000227e-04,3.499999999999999964e-04,3.299999999999999982e-04,3.099999999999999999e-04,2.900000000000000017e-04,2.599999999999999772e-04,2.300000000000000070e-04,1.800000000000000113e-04,1.299999999999999886e-04,6.000000000000000152e-05,0.000000000000000000e+00,0.000000000000000000e+00,0.000000000000000000e+00,0.000000000000000000e+00,0.000000000000000000e+00,0.000000000000000000e+00,0.000000000000000000e+00,0.000000000000000000e+00,0.000000000000000000e+00,0.000000000000000000e+00,0.000000000000000000e+00,0.000000000000000000e+00,0.000000000000000000e+00,0.000000000000000000e+00,0.000000000000000000e+00,0.000000000000000000e+00,0.000000000000000000e+00,0.000000000000000000e+00,0.000000000000000000e+00,0.000000000000000000e+00,0.000000000000000000e+00,0.000000000000000000e+00,0.000000000000000000e+00,0.000000000000000000e+00,0.000000000000000000e+00,0.000000000000000000e+00,8.800000000000000313e-04,1.209999999999999921e-03,1.600000000000000077e-03,2.050000000000000173e-03,2.589999999999999854e-03,3.229999999999999798e-03,4.020000000000000136e-03,5.000000000000000104e-03,6.250000000000000347e-03,7.889999999999999444e-03,1.012000000000000052e-02,1.332999999999999984e-02,1.830000000000000029e-02,8.800000000000000313e-04,1.209999999999999921e-03,1.600000000000000077e-03,2.050000000000000173e-03,2.589999999999999854e-03,3.229999999999999798e-03,4.020000000000000136e-03,5.000000000000000104e-03,6.250000000000000347e-03,7.889999999999999444e-03,1.012000000000000052e-02,1.332999999999999984e-02,1.830000000000000029e-02,-1.039999999999999909e-03,-1.209999999999999921e-03,-1.379999999999999933e-03,-1.569999999999999998e-03,-1.770000000000000089e-03,-1.979999999999999989e-03,-2.210000000000000159e-03,-2.459999999999999947e-03,-2.729999999999999788e-03,-3.030000000000000141e-03,-3.350000000000000113e-03,-3.700000000000000164e-03,-4.080000000000000293e-03,-1.039999999999999909e-03,-1.209999999999999921e-03,-1.379999999999999933e-03,-1.569999999999999998e-03,-1.770000000000000089e-03,-1.979999999999999989e-03,-2.210000000000000159e-03,-2.459999999999999947e-03,-2.729999999999999788e-03,-3.030000000000000141e-03,-3.350000000000000113e-03,-3.700000000000000164e-03,-4.080000000000000293e-03
cmyo*c/cref,4.439651605812674627e-04,4.114331786542923717e-04,3.800142630357797595e-04,3.497084137257296804e-04,3.205158444254487850e-04,2.838350592257906898e-04,2.493804066430577691e-04,2.171518866772499689e-04,1.802180363902795986e-04,1.466235254609842627e-04,1.047312492367810454e-04,6.840430455489069684e-05,2.823201856148492293e-05,4.439651605812674627e-04,4.114331786542923717e-04,3.800142630357797595e-04,3.497084137257296804e-04,3.205158444254487850e-04,2.838350592257906898e-04,2.493804066430577691e-04,2.171518866772499689e-04,1.802180363902795986e-04,1.466235254609842627e-04,1.047312492367810454e-04,6.840430455489069684e-05,2.823201856148492293e-05,0.000000000000000000e+00,0.000000000000000000e+00,0.000000000000000000e+00,0.000000000000000000e+00,0.000000000000000000e+00,0.000000000000000000e+00,0.000000000000000000e+00,0.000000000000000000e+00,0.000000000000000000e+00,0.000000000000000000e+00,0.000000000000000000e+00,0.000000000000000000e+00,0.000000000000000000e+00,0.000000000000000000e+00,0.000000000000000000e+00,0.000000000000000000e+00,0.000000000000000000e+00,0.000000000000000000e+00,0.000000000000000000e+00,0.000000000000000000e+00,0.000000000000000000e+00,0.000000000000000000e+00,0.000000000000000000e+00,0.000000000000000000e+00,0.000000000000000000e+00,0.000000000000000000e+00,7.978190255220417955e-04,1.028662535108071851e-03,1.269849798510196744e-03,1.511214739284405919e-03,1.763012272560752179e-03,2.016235498839906784e-03,2.282328123091952998e-03,2.556325558676273129e-03,2.842418182928318528e-03,3.142655696666259244e-03,3.459324703871046250e-03,3.803746183905238470e-03,4.188396019049945261e-03,7.978190255220417955e-04,1.028662535108071851e-03,1.269849798510196744e-03,1.511214739284405919e-03,1.763012272560752179e-03,2.016235498839906784e-03,2.282328123091952998e-03,2.556325558676273129e-03,2.842418182928318528e-03,3.142655696666259244e-03,3.459324703871046250e-03,3.803746183905238470e-03,4.188396019049945261e-03,-5.633767248748320147e-04,-6.365687507632189620e-04,-7.044504823543778138e-04,-7.769189766760288204e-04,-8.482447795823667112e-04,-9.179593356942239218e-04,-9.900740627671266413e-04,-1.063651850042740283e-03,-1.137755586762730477e-03,-1.215459579924288826e-03,-1.291502930760776756e-03,-1.368647576016607638e-03,-1.445487849554280297e-03,-5.633767248748320147e-04,-6.365687507632189620e-04,-7.044504823543778138e-04,-7.769189766760288204e-04,-8.482447795823667112e-04,-9.179593356942239218e-04,-9.900740627671266413e-04,-1.063651850042740283e-03,-1.137755586762730477e-03,-1.215459579924288826e-03,-1.291502930760776756e-03,-1.368647576016607638e-03,-1.445487849554280297e-03
cmz,9.509999999999999357e-03,1.735000000000000084e-02,2.435000000000000012e-02,3.123000000000000081e-02,3.896000000000000157e-02,4.698999999999999705e-02,5.627000000000000057e-02,6.525999999999999857e-02,7.170999999999999597e-02,7.842000000000000359e-02,8.619000000000000272e-02,8.981000000000000094e-02,7.541000000000000481e-02,-9.509999999999999357e-03,-1.735000000000000084e-02,-2.435000000000000012e-02,-3.123000000000000081e-02,-3.896000000000000157e-02,-4.698999999999999705e-02,-5.627000000000000057e-02,-6.525999999999999857e-02,-7.170999999999999597e-02,-7.842000000000000359e-02,-8.619000000000000272e-02,-8.981000000000000094e-02,-7.541000000000000481e-02,-3.170000000000000075e-03,-3.870000000000000176e-03,-4.669999999999999672e-03,-5.590000000000000351e-03,-6.640000000000000069e-03,-7.830000000000000154e-03,-9.259999999999999135e-03,-1.091999999999999915e-02,-1.284000000000000072e-02,-1.519999999999999997e-02,-1.814999999999999947e-02,-2.188999999999999974e-02,-2.665999999999999967e-02,3.170000000000000075e-03,3.870000000000000176e-03,4.669999999999999672e-03,5.590000000000000351e-03,6.640000000000000069e-03,7.830000000000000154e-03,9.259999999999999135e-03,1.091999999999999915e-02,1.284000000000000072e-02,1.519999999999999997e-02,1.814999999999999947e-02,2.188999999999999974e-02,2.665999999999999967e-02,2.130599999999999994e-01,1.240900000000000059e-01,1.199800000000000033e-01,1.287399999999999933e-01,1.350500000000000034e-01,1.454300000000000037e-01,1.533100000000000018e-01,1.622599999999999876e-01,1.569800000000000084e-01,1.606499999999999873e-01,1.147900000000000031e-01,7.400000000000000328e-03,-3.525999999999999968e-02,-2.130599999999999994e-01,-1.240900000000000059e-01,-1.199800000000000033e-01,-1.287399999999999933e-01,-1.350500000000000034e-01,-1.454300000000000037e-01,-1.533100000000000018e-01,-1.622599999999999876e-01,-1.569800000000000084e-01,-1.606499999999999873e-01,-1.147900000000000031e-01,-7.400000000000000328e-03,3.525999999999999968e-02,6.458999999999999464e-02,-2.702999999999999847e-02,-4.512000000000000038e-02,-5.924000000000000099e-02,-7.205999999999999905e-02,-8.318000000000000393e-02,-9.193999999999999395e-02,-9.958999999999999797e-02,-1.046399999999999969e-01,-1.079100000000000059e-01,-1.100099999999999967e-01,-1.091899999999999954e-01,-1.529600000000000126e-01,-6.458999999999999464e-02,2.702999999999999847e-02,4.512000000000000038e-02,5.924000000000000099e-02,7.205999999999999905e-02,8.318000000000000393e-02,9.193999999999999395e-02,9.958999999999999797e-02,1.046399999999999969e-01,1.079100000000000059e-01,1.100099999999999967e-01,1.091899999999999954e-01,1.529600000000000126e-01
cmz*c/cref,1.082591968494321481e-02,1.878517276224203267e-02,2.500904677005739637e-02,3.033720489070704587e-02,3.567799228232995667e-02,4.041639222127243330e-02,4.526656607033825719e-02,4.886666249847356619e-02,4.970552072902673785e-02,4.999224724630602773e-02,5.014881317621198986e-02,4.725685070826718404e-02,3.548294199535963200e-02,-1.082591968494321481e-02,-1.878517276224203267e-02,-2.500904677005739637e-02,-3.033720489070704587e-02,-3.567799228232995667e-02,-4.041639222127243330e-02,-4.526656607033825719e-02,-4.886666249847356619e-02,-4.970552072902673785e-02,-4.999224724630602773e-02,-5.014881317621198986e-02,-4.725685070826718404e-02,-3.548294199535963200e-02,-1.677502527781169882e-03,-1.941089259982903921e-03,-2.213422603492489968e-03,-2.495144181218708363e-03,-2.780509121992917523e-03,-3.062654444987177906e-03,-3.366347539382097149e-03,-3.668347905727194387e-03,-3.958848430821833991e-03,-4.266858468677494493e-03,-4.593884906582000778e-03,-4.936182971058736789e-03,-5.275808572475271935e-03,1.677502527781169882e-03,1.941089259982903921e-03,2.213422603492489968e-03,2.495144181218708363e-03,2.780509121992917523e-03,3.062654444987177906e-03,3.366347539382097149e-03,3.668347905727194387e-03,3.958848430821833991e-03,4.266858468677494493e-03,4.593884906582000778e-03,4.936182971058736789e-03,5.275808572475271935e-03,1.931628654292343317e-01,1.054931685798021906e-01,9.522286176578337313e-02,9.490428562706067217e-02,9.192849706923922337e-02,9.078053516912931720e-02,8.704072750030529548e-02,8.295787703016239967e-02,7.139244901697398837e-02,6.398829374771033973e-02,3.923872359262425141e-02,2.111607033825863705e-03,-8.070100744901697806e-03,-1.931628654292343317e-01,-1.054931685798021906e-01,-9.522286176578337313e-02,-9.490428562706067217e-02,-9.192849706923922337e-02,-9.078053516912931720e-02,-8.704072750030529548e-02,-8.295787703016239967e-02,-7.139244901697398837e-02,-6.398829374771033973e-02,-3.923872359262425141e-02,-2.111607033825863705e-03,8.070100744901697806e-03,3.498894486506288343e-02,-1.422020936622298178e-02,-2.303246794480400331e-02,-2.931508291610697078e-02,-3.453362645011601173e-02,-3.856356441567956872e-02,-4.118887300036633975e-02,-4.306060477469776659e-02,-4.360979655635608548e-02,-4.328720899987788945e-02,-4.241141415313225138e-02,-4.038989968250091683e-02,-5.419162290878007382e-02,-3.498894486506288343e-02,1.422020936622298178e-02,2.303246794480400331e-02,2.931508291610697078e-02,3.453362645011601173e-02,3.856356441567956872e-02,4.118887300036633975e-02,4.306060477469776659e-02,4.360979655635608548e-02,4.328720899987788945e-02,4.241141415313225138e-02,4.038989968250091683e-02,5.419162290878007382e-02
cmzi,1.106000000000000039e-02,1.936999999999999833e-02,2.690000000000000030e-02,3.438999999999999696e-02,4.281999999999999695e-02,5.165000000000000147e-02,6.187000000000000138e-02,7.194000000000000394e-02,7.964999999999999858e-02,8.784000000000000141e-02,9.739000000000000434e-02,1.031600000000000017e-01,9.128000000000000003e-02,-1.106000000000000039e-02,-1.936999999999999833e-02,-2.690000000000000030e-02,-3.438999999999999696e-02,-4.281999999999999695e-02,-5.165000000000000147e-02,-6.187000000000000138e-02,-7.194000000000000394e-02,-7.964999999999999858e-02,-8.784000000000000141e-02,-9.739000000000000434e-02,-1.031600000000000017e-01,-9.128000000000000003e-02,0.000000000000000000e+00,0.000000000000000000e+00,0.000000000000000000e+00,0.000000000000000000e+00,0.000000000000000000e+00,0.000000000000000000e+00,0.000000000000000000e+00,0.000000000000000000e+00,0.000000000000000000e+00,0.000000000000000000e+00,0.000000000000000000e+00,0.000000000000000000e+00,0.000000000000000000e+00,-0.000000000000000000e+00,-0.000000000000000000e+00,-0.000000000000000000e+00,-0.000000000000000000e+00,-0.000000000000000000e+00,-0.000000000000000000e+00,-0.000000000000000000e+00,-0.000000000000000000e+00,-0.000000000000000000e+00,-0.000000000000000000e+00,-0.000000000000000000e+00,-0.000000000000000000e+00,-0.000000000000000000e+00,2.145299999999999985e-01,1.257000000000000062e-01,1.217700000000000032e-01,1.307200000000000029e-01,1.372700000000000031e-01,1.479300000000000059e-01,1.561500000000000110e-01,1.655300000000000105e-01,1.607800000000000062e-01,1.651499999999999913e-01,1.202399999999999997e-01,1.421000000000000041e-02,-2.633999999999999883e-02,-2.145299999999999985e-01,-1.257000000000000062e-01,-1.217700000000000032e-01,-1.307200000000000029e-01,-1.372700000000000031e-01,-1.479300000000000059e-01,-1.561500000000000110e-01,-1.655300000000000105e-01,-1.607800000000000062e-01,-1.651499999999999913e-01,-1.202399999999999997e-01,-1.421000000000000041e-02,2.633999999999999883e-02,6.712999999999999523e-02,-2.436999999999999930e-02,-4.234000000000000263e-02,-5.634000000000000119e-02,-6.901999999999999802e-02,-7.999000000000000554e-02,-8.859000000000000208e-02,-9.607000000000000262e-02,-1.009300000000000058e-01,-1.040100000000000052e-01,-1.058899999999999980e-01,-1.048300000000000065e-01,-1.483299999999999896e-01,-6.712999999999999523e-02,2.436999999999999930e-02,4.234000000000000263e-02,5.634000000000000119e-02,6.901999999999999802e-02,7.999000000000000554e-02,8.859000000000000208e-02,9.607000000000000262e-02,1.009300000000000058e-01,1.040100000000000052e-01,1.058899999999999980e-01,1.048300000000000065e-01,1.483299999999999896e-01
cmzi*c/cref,1.259039660520209873e-02,2.097226492245695198e-02,2.762806398827695811e-02,3.340686763341067095e-02,3.921282416656490105e-02,4.442448730003663304e-02,4.977150244840639753e-02,5.386864388814263660e-02,5.520910230186835271e-02,5.599743685431676776e-02,5.666542423983392252e-02,5.428144659909634601e-02,4.295031090487239078e-02,-1.259039660520209873e-02,-2.097226492245695198e-02,-2.762806398827695811e-02,-3.340686763341067095e-02,-3.921282416656490105e-02,-4.442448730003663304e-02,-4.977150244840639753e-02,-5.386864388814263660e-02,-5.520910230186835271e-02,-5.599743685431676776e-02,-5.666542423983392252e-02,-5.428144659909634601e-02,-4.295031090487239078e-02,0.000000000000000000e+00,0.000000000000000000e+00,0.000000000000000000e+00,0.000000000000000000e+00,0.000000000000000000e+00,0.000000000000000000e+00,0.000000000000000000e+00,0.000000000000000000e+00,0.000000000000000000e+00,0.000000000000000000e+00,0.000000000000000000e+00,0.000000000000000000e+00,0.000000000000000000e+00,-0.000000000000000000e+00,-0.000000000000000000e+00,-0.000000000000000000e+00,-0.000000000000000000e+00,-0.000000000000000000e+00,-0.000000000000000000e+00,-0.000000000000000000e+00,-0.000000000000000000e+00,-0.000000000000000000e+00,-0.000000000000000000e+00,-0.000000000000000000e+00,-0.000000000000000000e+00,-0.000000000000000000e+00,1.944955858468677412e-01,1.068618848455245018e-01,9.664350622786664624e-02,9.636389791183293252e-02,9.343965044571987677e-02,9.234108896080106543e-02,8.865311851263892040e-02,8.462971394553669979e-02,7.312063927219440707e-02,6.578068292831847075e-02,4.110169984125044973e-02,4.054856209549395109e-03,-6.028543778239100689e-03,-1.944955858468677412e-01,-1.068618848455245018e-01,-9.664350622786664624e-02,-9.636389791183293252e-02,-9.343965044571987677e-02,-9.234108896080106543e-02,-8.865311851263892040e-02,-8.462971394553669979e-02,-7.312063927219440707e-02,-6.578068292831847075e-02,-4.110169984125044973e-02,-4.054856209549395109e-03,6.028543778239100689e-03,3.636488417389180383e-02,-1.282081029429722914e-02,-2.161335755281475202e-02,-2.788000964708755441e-02,-3.307675406032482834e-02,-3.708462993039443600e-02,-3.968808200024422778e-02,-4.153863139577482211e-02,-4.206361588716571454e-02,-4.172275607522286239e-02,-4.082305830992795370e-02,-3.877711497130297003e-02,-5.255127762852607187e-02,-3.636488417389180383e-02,1.282081029429722914e-02,2.161335755281475202e-02,2.788000964708755441e-02,3.307675406032482834e-02,3.708462993039443600e-02,3.968808200024422778e-02,4.153863139577482211e-02,4.206361588716571454e-02,4.172275607522286239e-02,4.082305830992795370e-02,3.877711497130297003e-02,5.255127762852607187e-02
cmzo,-1.549999999999999946e-03,-2.020000000000000094e-03,-2.560000000000000209e-03,-3.160000000000000048e-03,-3.860000000000000150e-03,-4.669999999999999672e-03,-5.599999999999999943e-03,-6.680000000000000174e-03,-7.929999999999999549e-03,-9.409999999999999962e-03,-1.120999999999999948e-02,-1.336000000000000035e-02,-1.587999999999999828e-02,1.549999999999999946e-03,2.020000000000000094e-03,2.560000000000000209e-03,3.160000000000000048e-03,3.860000000000000150e-03,4.669999999999999672e-03,5.599999999999999943e-03,6.680000000000000174e-03,7.929999999999999549e-03,9.409999999999999962e-03,1.120999999999999948e-02,1.336000000000000035e-02,1.587999999999999828e-02,-3.170000000000000075e-03,-3.870000000000000176e-03,-4.669999999999999672e-03,-5.590000000000000351e-03,-6.640000000000000069e-03,-7.830000000000000154e-03,-9.259999999999999135e-03,-1.091999999999999915e-02,-1.284000000000000072e-02,-1.519999999999999997e-02,-1.814999999999999947e-02,-2.188999999999999974e-02,-2.665999999999999967e-02,3.170000000000000075e-03,3.870000000000000176e-03,4.669999999999999672e-03,5.590000000000000351e-03,6.640000000000000069e-03,7.830000000000000154e-03,9.259999999999999135e-03,1.091999999999999915e-02,1.284000000000000072e-02,1.519999999999999997e-02,1.814999999999999947e-02,2.188999999999999974e-02,2.665999999999999967e-02,-1.459999999999999926e-03,-1.610000000000000103e-03,-1.779999999999999898e-03,-1.979999999999999989e-03,-2.220000000000000185e-03,-2.500000000000000052e-03,-2.840000000000000076e-03,-3.259999999999999877e-03,-3.799999999999999992e-03,-4.499999999999999660e-03,-5.449999999999999983e-03,-6.819999999999999674e-03,-8.920000000000000845e-03,1.459999999999999926e-03,1.610000000000000103e-03,1.779999999999999898e-03,1.979999999999999989e-03,2.220000000000000185e-03,2.500000000000000052e-03,2.840000000000000076e-03,3.259999999999999877e-03,3.799999999999999992e-03,4.499999999999999660e-03,5.449999999999999983e-03,6.819999999999999674e-03,8.920000000000000845e-03,-2.550000000000000183e-03,-2.660000000000000038e-03,-2.779999999999999919e-03,-2.909999999999999826e-03,-3.040000000000000167e-03,-3.190000000000000127e-03,-3.350000000000000113e-03,-3.520000000000000125e-03,-3.710000000000000190e-03,-3.910000000000000281e-03,-4.120000000000000398e-03,-4.360000000000000160e-03,-4.619999999999999975e-03,2.550000000000000183e-03,2.660000000000000038e-03,2.779999999999999919e-03,2.909999999999999826e-03,3.040000000000000167e-03,3.190000000000000127e-03,3.350000000000000113e-03,3.520000000000000125e-03,3.710000000000000190e-03,3.910000000000000281e-03,4.120000000000000398e-03,4.360000000000000160e-03,4.619999999999999975e-03
cmzo*c/cref,-1.764476920258883485e-03,-2.187092160214922348e-03,-2.629287873977286926e-03,-3.069662742703626809e-03,-3.534831884234949581e-03,-4.016696141164977432e-03,-4.504936378068140346e-03,-5.001981389669068676e-03,-5.496650109903528612e-03,-5.998814672121138142e-03,-6.522429466357307533e-03,-7.029857760410306369e-03,-7.472074245939674432e-03,1.764476920258883485e-03,2.187092160214922348e-03,2.629287873977286926e-03,3.069662742703626809e-03,3.534831884234949581e-03,4.016696141164977432e-03,4.504936378068140346e-03,5.001981389669068676e-03,5.496650109903528612e-03,5.998814672121138142e-03,6.522429466357307533e-03,7.029857760410306369e-03,7.472074245939674432e-03,-1.677502527781169882e-03,-1.941089259982903921e-03,-2.213422603492489968e-03,-2.495144181218708363e-03,-2.780509121992917523e-03,-3.062654444987177906e-03,-3.366347539382097149e-03,-3.668347905727194387e-03,-3.958848430821833991e-03,-4.266858468677494493e-03,-4.593884906582000778e-03,-4.936182971058736789e-03,-5.275808572475271935e-03,1.677502527781169882e-03,1.941089259982903921e-03,2.213422603492489968e-03,2.495144181218708363e-03,2.780509121992917523e-03,3.062654444987177906e-03,3.366347539382097149e-03,3.668347905727194387e-03,3.958848430821833991e-03,4.266858468677494493e-03,4.593884906582000778e-03,4.936182971058736789e-03,5.275808572475271935e-03,-1.323654292343387408e-03,-1.368716265722310548e-03,-1.412707900842593688e-03,-1.459612284772255362e-03,-1.511153376480644942e-03,-1.560553791671754741e-03,-1.612391012333618413e-03,-1.666724264256929777e-03,-1.728190255220417608e-03,-1.792389180608132751e-03,-1.862976248626205689e-03,-1.946102698742214815e-03,-2.041556966662596249e-03,1.323654292343387408e-03,1.368716265722310548e-03,1.412707900842593688e-03,1.459612284772255362e-03,1.511153376480644942e-03,1.560553791671754741e-03,1.612391012333618413e-03,1.666724264256929777e-03,1.728190255220417608e-03,1.792389180608132751e-03,1.862976248626205689e-03,1.946102698742214815e-03,2.041556966662596249e-03,-1.381356392721944191e-03,-1.399399071925754153e-03,-1.419110391989253676e-03,-1.440021797533276278e-03,-1.456872389791183603e-03,-1.478934485285138571e-03,-1.500791000122115009e-03,-1.521973378922945354e-03,-1.546180669190377454e-03,-1.568464342410550751e-03,-1.588355843204298547e-03,-1.612784711197948542e-03,-1.636802417877640829e-03,1.381356392721944191e-03,1.399399071925754153e-03,1.419110391989253676e-03,1.440021797533276278e-03,1.456872389791183603e-03,1.478934485285138571e-03,1.500791000122115009e-03,1.521973378922945354e-03,1.546180669190377454e-03,1.568464342410550751e-03,1.588355843204298547e-03,1.612784711197948542e-03,1.636802417877640829e-03
cs,4.850000000000000144e-03,7.830000000000000154e-03,1.001999999999999939e-02,1.182000000000000065e-02,1.350999999999999944e-02,1.494999999999999975e-02,1.634000000000000036e-02,1.730999999999999900e-02,1.745999999999999983e-02,1.745999999999999983e-02,1.742000000000000146e-02,1.650000000000000078e-02,1.298000000000000022e-02,-4.850000000000000144e-03,-7.830000000000000154e-03,-1.001999999999999939e-02,-1.182000000000000065e-02,-1.350999999999999944e-02,-1.494999999999999975e-02,-1.634000000000000036e-02,-1.730999999999999900e-02,-1.745999999999999983e-02,-1.745999999999999983e-02,-1.742000000000000146e-02,-1.650000000000000078e-02,-1.298000000000000022e-02,0.000000000000000000e+00,0.000000000000000000e+00,0.000000000000000000e+00,0.000000000000000000e+00,0.000000000000000000e+00,0.000000000000000000e+00,0.000000000000000000e+00,0.000000000000000000e+00,0.000000000000000000e+00,0.000000000000000000e+00,0.000000000000000000e+00,0.000000000000000000e+00,0.000000000000000000e+00,-0.000000000000000000e+00,-0.000000000000000000e+00,-0.000000000000000000e+00,-0.000000000000000000e+00,-0.000000000000000000e+00,-0.000000000000000000e+00,-0.000000000000000000e+00,-0.000000000000000000e+00,-0.000000000000000000e+00,-0.000000000000000000e+00,-0.000000000000000000e+00,-0.000000000000000000e+00,-0.000000000000000000e+00,5.587000000000000299e-02,3.115000000000000061e-02,2.817000000000000060e-02,2.775999999999999995e-02,2.662000000000000130e-02,2.589999999999999941e-02,2.447999999999999829e-02,2.298000000000000043e-02,1.956000000000000100e-02,1.721999999999999920e-02,1.051000000000000024e-02,8.300000000000000086e-04,-1.770000000000000089e-03,-5.587000000000000299e-02,-3.115000000000000061e-02,-2.817000000000000060e-02,-2.775999999999999995e-02,-2.662000000000000130e-02,-2.589999999999999941e-02,-2.447999999999999829e-02,-2.298000000000000043e-02,-1.956000000000000100e-02,-1.721999999999999920e-02,-1.051000000000000024e-02,-8.300000000000000086e-04,1.770000000000000089e-03,9.979999999999999288e-03,-3.820000000000000045e-03,-6.340000000000000149e-03,-8.109999999999999154e-03,-9.539999999999999869e-03,-1.063000000000000056e-02,-1.132000000000000020e-02,-1.179000000000000013e-02,-1.187999999999999994e-02,-1.173000000000000084e-02,-1.141999999999999960e-02,-1.078999999999999924e-02,-1.444999999999999930e-02,-9.979999999999999288e-03,3.820000000000000045e-03,6.340000000000000149e-03,8.109999999999999154e-03,9.539999999999999869e-03,1.063000000000000056e-02,1.132000000000000020e-02,1.179000000000000013e-02,1.187999999999999994e-02,1.173000000000000084e-02,1.141999999999999960e-02,1.078999999999999924e-02,1.444999999999999930e-02
cs*c/cref,5.521105202100378209e-03,8.477688918060813719e-03,1.029119706923922392e-02,1.148209291732812422e-02,1.237191159482232267e-02,1.285858828916839648e-02,1.314476078886311038e-02,1.296172123580412693e-02,1.210233428990108509e-02,1.113063806325558652e-02,1.013565756502625426e-02,8.682084808889973734e-03,6.107526682134571325e-03,-5.521105202100378209e-03,-8.477688918060813719e-03,-1.029119706923922392e-02,-1.148209291732812422e-02,-1.237191159482232267e-02,-1.285858828916839648e-02,-1.314476078886311038e-02,-1.296172123580412693e-02,-1.210233428990108509e-02,-1.113063806325558652e-02,-1.013565756502625426e-02,-8.682084808889973734e-03,-6.107526682134571325e-03,0.000000000000000000e+00,0.000000000000000000e+00,0.000000000000000000e+00,0.000000000000000000e+00,0.000000000000000000e+00,0.000000000000000000e+00,0.000000000000000000e+00,0.000000000000000000e+00,0.000000000000000000e+00,0.000000000000000000e+00,0.000000000000000000e+00,0.000000000000000000e+00,0.000000000000000000e+00,-0.000000000000000000e+00,-0.000000000000000000e+00,-0.000000000000000000e+00,-0.000000000000000000e+00,-0.000000000000000000e+00,-0.000000000000000000e+00,-0.000000000000000000e+00,-0.000000000000000000e+00,-0.000000000000000000e+00,-0.000000000000000000e+00,-0.000000000000000000e+00,-0.000000000000000000e+00,-0.000000000000000000e+00,5.065244199535962749e-02,2.648168427158383367e-02,2.235729301502014862e-02,2.046405910367565806e-02,1.812022652338502945e-02,1.616733728171937737e-02,1.389835633166442916e-02,1.174887226767615082e-02,8.895631945292465162e-03,6.858875931127121107e-03,3.592638600561728814e-03,2.368424105507387707e-04,-4.051071559408963543e-04,-5.065244199535962749e-02,-2.648168427158383367e-02,-2.235729301502014862e-02,-2.046405910367565806e-02,-1.812022652338502945e-02,-1.616733728171937737e-02,-1.389835633166442916e-02,-1.174887226767615082e-02,-8.895631945292465162e-03,-6.858875931127121107e-03,-3.592638600561728814e-03,-2.368424105507387707e-04,4.051071559408963543e-04,5.406249725241176265e-03,-2.009663328855782090e-03,-3.236388447917938616e-03,-4.013256624740504756e-03,-4.571895591647332120e-03,-4.928236231530101416e-03,-5.071329588472340590e-03,-5.097746061790205986e-03,-4.951112223714739143e-03,-4.705393027231652252e-03,-4.402675662474050435e-03,-3.991272255464647402e-03,-5.119436133838075817e-03,-5.406249725241176265e-03,2.009663328855782090e-03,3.236388447917938616e-03,4.013256624740504756e-03,4.571895591647332120e-03,4.928236231530101416e-03,5.071329588472340590e-03,5.097746061790205986e-03,4.951112223714739143e-03,4.705393027231652252e-03,4.402675662474050435e-03,3.991272255464647402e-03,5.119436133838075817e-03
csi,4.850000000000000144e-03,7.830000000000000154e-03,1.001999999999999939e-02,1.182000000000000065e-02,1.350999999999999944e-02,1.494999999999999975e-02,1.634000000000000036e-02,1.730999999999999900e-02,1.745999999999999983e-02,1.745999999999999983e-02,1.742000000000000146e-02,1.650000000000000078e-02,1.298000000000000022e-02,-4.850000000000000144e-03,-7.830000000000000154e-03,-1.001999999999999939e-02,-1.182000000000000065e-02,-1.350999999999999944e-02,-1.494999999999999975e-02,-1.634000000000000036e-02,-1.730999999999999900e-02,-1.745999999999999983e-02,-1.745999999999999983e-02,-1.742000000000000146e-02,-1.650000000000000078e-02,-1.298000000000000022e-02,0.000000000000000000e+00,0.000000000000000000e+00,0.000000000000000000e+00,0.000000000000000000e+00,0.000000000000000000e+00,0.000000000000000000e+00,0.000000000000000000e+00,0.000000000000000000e+00,0.000000000000000000e+00,0.000000000000000000e+00,0.000000000000000000e+00,0.000000000000000000e+00,0.000000000000000000e+00,-0.000000000000000000e+00,-0.000000000000000000e+00,-0.000000000000000000e+00,-0.000000000000000000e+00,-0.000000000000000000e+00,-0.000000000000000000e+00,-0.000000000000000000e+00,-0.000000000000000000e+00,-0.000000000000000000e+00,-0.000000000000000000e+00,-0.000000000000000000e+00,-0.000000000000000000e+00,-0.000000000000000000e+00,5.587000000000000299e-02,3.115000000000000061e-02,2.817000000000000060e-02,2.775999999999999995e-02,2.662000000000000130e-02,2.589999999999999941e-02,2.447999999999999829e-02,2.298000000000000043e-02,1.956000000000000100e-02,1.721999999999999920e-02,1.051000000000000024e-02,8.300000000000000086e-04,-1.770000000000000089e-03,-5.587000000000000299e-02,-3.115000000000000061e-02,-2.817000000000000060e-02,-2.775999999999999995e-02,-2.662000000000000130e-02,-2.589999999999999941e-02,-2.447999999999999829e-02,-2.298000000000000043e-02,-1.956000000000000100e-02,-1.721999999999999920e-02,-1.051000000000000024e-02,-8.300000000000000086e-04,1.770000000000000089e-03,9.979999999999999288e-03,-3.820000000000000045e-03,-6.340000000000000149e-03,-8.109999999999999154e-03,-9.539999999999999869e-03,-1.063000000000000056e-02,-1.132000000000000020e-02,-1.179000000000000013e-02,-1.187999999999999994e-02,-1.173000000000000084e-02,-1.141999999999999960e-02,-1.078999999999999924e-02,-1.444999999999999930e-02,-9.979999999999999288e-03,3.820000000000000045e-03,6.340000000000000149e-03,8.109999999999999154e-03,9.539999999999999869e-03,1.063000000000000056e-02,1.132000000000000020e-02,1.179000000000000013e-02,1.187999999999999994e-02,1.173000000000000084e-02,1.141999999999999960e-02,1.078999999999999924e-02,1.444999999999999930e-02
csi*c/cref,5.521105202100378209e-03,8.477688918060813719e-03,1.029119706923922392e-02,1.148209291732812422e-02,1.237191159482232267e-02,1.285858828916839648e-02,1.314476078886311038e-02,1.296172123580412693e-02,1.210233428990108509e-02,1.113063806325558652e-02,1.013565756502625426e-02,8.682084808889973734e-03,6.107526682134571325e-03,-5.521105202100378209e-03,-8.477688918060813719e-03,-1.029119706923922392e-02,-1.148209291732812422e-02,-1.237191159482232267e-02,-1.285858828916839648e-02,-1.314476078886311038e-02,-1.296172123580412693e-02,-1.210233428990108509e-02,-1.113063806325558652e-02,-1.013565756502625426e-02,-8.682084808889973734e-03,-6.107526682134571325e-03,0.000000000000000000e+00,0.000000000000000000e+00,0.000000000000000000e+00,0.000000000000000000e+00,0.000000000000000000e+00,0.000000000000000000e+00,0.000000000000000000e+00,0.000000000000000000e+00,0.000000000000000000e+00,0.000000000000000000e+00,0.000000000000000000e+00,0.000000000000000000e+00,0.000000000000000000e+00,-0.000000000000000000e+00,-0.000000000000000000e+00,-0.000000000000000000e+00,-0.000000000000000000e+00,-0.000000000000000000e+00,-0.000000000000000000e+00,-0.000000000000000000e+00,-0.000000000000000000e+00,-0.000000000000000000e+00,-0.000000000000000000e+00,-0.000000000000000000e+00,-0.000000000000000000e+00,-0.000000000000000000e+00,5.065244199535962749e-02,2.648168427158383367e-02,2.235729301502014862e-02,2.046405910367565806e-02,1.812022652338502945e-02,1.616733728171937737e-02,1.389835633166442916e-02,1.174887226767615082e-02,8.895631945292465162e-03,6.858875931127121107e-03,3.592638600561728814e-03,2.368424105507387707e-04,-4.051071559408963543e-04,-5.065244199535962749e-02,-2.648168427158383367e-02,-2.235729301502014862e-02,-2.046405910367565806e-02,-1.812022652338502945e-02,-1.616733728171937737e-02,-1.389835633166442916e-02,-1.174887226767615082e-02,-8.895631945292465162e-03,-6.858875931127121107e-03,-3.592638600561728814e-03,-2.368424105507387707e-04,4.051071559408963543e-04,5.406249725241176265e-03,-2.009663328855782090e-03,-3.236388447917938616e-03,-4.013256624740504756e-03,-4.571895591647332120e-03,-4.928236231530101416e-03,-5.071329588472340590e-03,-5.097746061790205986e-03,-4.951112223714739143e-03,-4.705393027231652252e-03,-4.402675662474050435e-03,-3.991272255464647402e-03,-5.119436133838075817e-03,-5.406249725241176265e-03,2.009663328855782090e-03,3.236388447917938616e-03,4.013256624740504756e-03,4.571895591647332120e-03,4.928236231530101416e-03,5.071329588472340590e-03,5.097746061790205986e-03,4.951112223714739143e-03,4.705393027231652252e-03,4.402675662474050435e-03,3.991272255464647402e-03,5.119436133838075817e-03
cso,0.000000000000000000e+00,0.000000000000000000e+00,0.000000000000000000e+00,0.000000000000000000e+00,0.000000000000000000e+00,0.000000000000000000e+00,0.000000000000000000e+00,0.000000000000000000e+00,0.000000000000000000e+00,0.000000000000000000e+00,0.000000000000000000e+00,0.000000000000000000e+00,0.000000000000000000e+00,0.000000000000000000e+00,0.000000000000000000e+00,0.000000000000000000e+00,0.000000000000000000e+00,0.000000000000000000e+00,0.000000000000000000e+00,0.000000000000000000e+00,0.000000000000000000e+00,0.000000000000000000e+00,0.000000000000000000e+00,0.000000000000000000e+00,0.000000000000000000e+00,0.000000000000000000e+00,0.000000000000000000e+00,0.000000000000000000e+00,0.000000000000000000e+00,0.000000000000000000e+00,0.000000000000000000e+00,0.000000000000000000e+00,0.000000000000000000e+00,0.000000000000000000e+00,0.000000000000000000e+00,0.000000000000000000e+00,0.000000000000000000e+00,0.000000000000000000e+00,0.000000000000000000e+00,0.000000000000000000e+00,0.000000000000000000e+00,0.000000000000000000e+00,0.000000000000000000e+00,0.000000000000000000e+00,0.000000000000000000e+00,0.000000000000000000e+00,0.000000000000000000e+00,0.000000000000000000e+00,0.000000000000000000e+00,0.000000000000000000e+00,0.000000000000000000e+00,0.000000000000000000e+00,0.000000000000000000e+00,0.000000000000000000e+00,0.000000000000000000e+00,0.000000000000000000e+00,0.000000000000000000e+00,0.000000000000000000e+00,0.000000000000000000e+00,0.000000000000000000e+00,0.000000000000000000e+00,0.000000000000000000e+00,0.000000000000000000e+00,0.000000000000000000e+00,0.000000000000000000e+00,0.000000000000000000e+00,0.000000000000000000e+00,0.000000000000000000e+00,0.000000000000000000e+00,0.000000000000000000e+00,0.000000000000000000e+00,0.000000000000000000e+00,0.000000000000000000e+00,0.000000000000000000e+00,0.000000000000000000e+00,0.000000000000000000e+00,0.000000000000000000e+00,0.000000000000000000e+00,0.000000000000000000e+00,0.000000000000000000e+00,0.000000000000000000e+00,0.000000000000000000e+00,0.000000000000000000e+00,0.000000000000000000e+00,0.000000000000000000e+00,0.000000000000000000e+00,0.000000000000000000e+00,0.000000000000000000e+00,0.000000000000000000e+00,0.000000000000000000e+00,0.000000000000000000e+00,0.000000000000000000e+00,0.000000000000000000e+00,0.000000000000000000e+00,0.000000000000000000e+00,0.000000000000000000e+00,0.000000000000000000e+00,0.000000000000000000e+00,0.000000000000000000e+00,0.000000000000000000e+00,0.000000000000000000e+00,0.000000000000000000e+00,0.000000000000000000e+00,0.000000000000000000e+00
cso*c/cref,0.000000000000000000e+00,0.000000000000000000e+00,0.000000000000000000e+00,0.000000000000000000e+00,0.000000000000000000e+00,0.000000000000000000e+00,0.000000000000000000e+00,0.000000000000000000e+00,0.000000000000000000e+00,0.000000000000000000e+00,0.000000000000000000e+00,0.000000000000000000e+00,0.000000000000000000e+00,0.000000000000000000e+00,0.000000000000000000e+00,0.000000000000000000e+00,0.000000000000000000e+00,0.000000000000000000e+00,0.000000000000000000e+00,0.000000000000000000e+00,0.000000000000000000e+00,0.000000000000000000e+00,0.000000000000000000e+00,0.000000000000000000e+00,0.000000000000000000e+00,0.000000000000000000e+00,0.000000000000000000e+00,0.000000000000000000e+00,0.000000000000000000e+00,0.000000000000000000e+00,0.000000000000000000e+00,0.000000000000000000e+00,0.000000000000000000e+00,0.000000000000000000e+00,0.000000000000000000e+00,0.000000000000000000e+00,0.000000000000000000e+00,0.000000000000000000e+00,0.000000000000000000e+00,0.000000000000000000e+00,0.000000000000000000e+00,0.000000000000000000e+00,0.000000000000000000e+00,0.000000000000000000e+00,0.000000000000000000e+00,0.000000000000000000e+00,0.000000000000000000e+00,0.000000000000000000e+00,0.000000000000000000e+00,0.000000000000000000e+00,0.000000000000000000e+00,0.000000000000000000e+00,0.000000000000000000e+00,0.000000000000000000e+00,0.000000000000000000e+00,0.000000000000000000e+00,0.000000000000000000e+00,0.000000000000000000e+00,0.000000000000000000e+00,0.000000000000000000e+00,0.000000000000000000e+00,0.000000000000000000e+00,0.000000000000000000e+00,0.000000000000000000e+00,0.000000000000000000e+00,0.000000000000000000e+00,0.000000000000000000e+00,0.000000000000000000e+00,0.000000000000000000e+00,0.000000000000000000e+00,0.000000000000000000e+00,0.000000000000000000e+00,0.000000000000000000e+00,0.000000000000000000e+00,0.000000000000000000e+00,0.000000000000000000e+00,0.000000000000000000e+00,0.000000000000000000e+00,0.000000000000000000e+00,0.000000000000000000e+00,0.000000000000000000e+00,0.000000000000000000e+00,0.000000000000000000e+00,0.000000000000000000e+00,0.000000000000000000e+00,0.000000000000000000e+00,0.000000000000000000e+00,0.000000000000000000e+00,0.000000000000000000e+00,0.000000000000000000e+00,0.000000000000000000e+00,0.000000000000000000e+00,0.000000000000000000e+00,0.000000000000000000e+00,0.000000000000000000e+00,0.000000000000000000e+00,0.000000000000000000e+00,0.000000000000000000e+00,0.000000000000000000e+00,0.000000000000000000e+00,0.000000000000000000e+00,0.000000000000000000e+00,0.000000000000000000e+00,0.000000000000000000e+00
cx,5.120000000000000419e-03,5.179999999999999709e-03,5.239999999999999866e-03,5.309999999999999616e-03,5.389999999999999826e-03,5.459999999999999576e-03,5.539999999999999786e-03,5.610000000000000403e-03,5.669999999999999693e-03,5.729999999999999850e-03,5.790000000000000008e-03,5.839999999999999705e-03,5.830000000000000113e-03,5.120000000000000419e-03,5.179999999999999709e-03,5.239999999999999866e-03,5.309999999999999616e-03,5.389999999999999826e-03,5.459999999999999576e-03,5.539999999999999786e-03,5.610000000000000403e-03,5.669999999999999693e-03,5.729999999999999850e-03,5.790000000000000008e-03,5.839999999999999705e-03,5.830000000000000113e-03,5.640000000000000048e-03,5.709999999999999798e-03,5.780000000000000415e-03,5.839999999999999705e-03,5.910000000000000323e-03,5.969999999999999613e-03,6.040000000000000230e-03,6.109999999999999980e-03,6.150000000000000085e-03,6.210000000000000242e-03,6.289999999999999584e-03,6.380000000000000254e-03,6.459999999999999597e-03,5.640000000000000048e-03,5.709999999999999798e-03,5.780000000000000415e-03,5.839999999999999705e-03,5.910000000000000323e-03,5.969999999999999613e-03,6.040000000000000230e-03,6.109999999999999980e-03,6.150000000000000085e-03,6.210000000000000242e-03,6.289999999999999584e-03,6.380000000000000254e-03,6.459999999999999597e-03,5.239999999999999866e-03,5.290000000000000431e-03,5.340000000000000129e-03,5.389999999999999826e-03,5.440000000000000391e-03,5.499999999999999681e-03,5.570000000000000298e-03,5.640000000000000048e-03,5.729999999999999850e-03,5.819999999999999653e-03,5.939999999999999968e-03,6.080000000000000335e-03,6.259999999999999939e-03,5.239999999999999866e-03,5.290000000000000431e-03,5.340000000000000129e-03,5.389999999999999826e-03,5.440000000000000391e-03,5.499999999999999681e-03,5.570000000000000298e-03,5.640000000000000048e-03,5.729999999999999850e-03,5.819999999999999653e-03,5.939999999999999968e-03,6.080000000000000335e-03,6.259999999999999939e-03,5.599999999999999943e-03,5.619999999999999996e-03,5.640000000000000048e-03,5.660000000000000100e-03,5.680000000000000153e-03,5.709999999999999798e-03,5.729999999999999850e-03,5.760000000000000363e-03,5.790000000000000008e-03,5.819999999999999653e-03,5.850000000000000165e-03,5.879999999999999810e-03,5.910000000000000323e-03,5.599999999999999943e-03,5.619999999999999996e-03,5.640000000000000048e-03,5.660000000000000100e-03,5.680000000000000153e-03,5.709999999999999798e-03,5.729999999999999850e-03,5.760000000000000363e-03,5.790000000000000008e-03,5.819999999999999653e-03,5.850000000000000165e-03,5.879999999999999810e-03,5.910000000000000323e-03
cx*c/cref,5.828465697887409876e-03,5.608483856392721539e-03,5.381823617047258763e-03,5.158199102454511485e-03,4.935944004151910855e-03,4.696180070826718074e-03,4.456669202588838842e-03,4.200765807790939575e-03,3.930139485895713450e-03,3.652838264745390372e-03,3.368855183783123295e-03,3.072931835388936078e-03,2.743211136890951439e-03,5.828465697887409876e-03,5.608483856392721539e-03,5.381823617047258763e-03,5.158199102454511485e-03,4.935944004151910855e-03,4.696180070826718074e-03,4.456669202588838842e-03,4.200765807790939575e-03,3.930139485895713450e-03,3.652838264745390372e-03,3.368855183783123295e-03,3.072931835388936078e-03,2.743211136890951439e-03,2.984578629869337127e-03,2.863984412016119113e-03,2.739525192331176192e-03,2.606733813652460478e-03,2.474820619123214473e-03,2.335127335449993513e-03,2.195760166076443989e-03,2.052527994871168691e-03,1.896177402613261715e-03,1.743236255953107888e-03,1.592040554402246845e-03,1.438686494077420904e-03,1.278384222737819105e-03,2.984578629869337127e-03,2.863984412016119113e-03,2.739525192331176192e-03,2.606733813652460478e-03,2.474820619123214473e-03,2.335127335449993513e-03,2.195760166076443989e-03,2.052527994871168691e-03,1.896177402613261715e-03,1.743236255953107888e-03,1.592040554402246845e-03,1.438686494077420904e-03,1.278384222737819105e-03,4.750649651972157703e-03,4.497210587373306860e-03,4.238123702527781499e-03,3.973388997435583353e-03,3.703006472096715459e-03,3.433218341677860084e-03,3.162330260105019209e-03,2.883535230186835743e-03,2.605928990108682085e-03,2.318156673586518196e-03,2.030473195750396448e-03,1.734941995359628748e-03,1.432751862254243386e-03,4.750649651972157703e-03,4.497210587373306860e-03,4.238123702527781499e-03,3.973388997435583353e-03,3.703006472096715459e-03,3.433218341677860084e-03,3.162330260105019209e-03,2.883535230186835743e-03,2.605928990108682085e-03,2.318156673586518196e-03,2.030473195750396448e-03,1.734941995359628748e-03,1.432751862254243386e-03,3.033566980095249443e-03,2.956625106850653377e-03,2.879058493100500413e-03,2.800867138844791854e-03,2.722051044083526831e-03,2.647246367077787238e-03,2.567024606179020389e-03,2.490501892783001606e-03,2.413042068628648128e-03,2.334645133715960389e-03,2.255311088044938388e-03,2.175039931615581693e-03,2.093831664427891169e-03,3.033566980095249443e-03,2.956625106850653377e-03,2.879058493100500413e-03,2.800867138844791854e-03,2.722051044083526831e-03,2.647246367077787238e-03,2.567024606179020389e-03,2.490501892783001606e-03,2.413042068628648128e-03,2.334645133715960389e-03,2.255311088044938388e-03,2.175039931615581693e-03,2.093831664427891169e-03
cxi,0.000000000000000000e+00,0.000000000000000000e+00,0.000000000000000000e+00,0.000000000000000000e+00,0.000000000000000000e+00,0.000000000000000000e+00,0.000000000000000000e+00,0.000000000000000000e+00,0.000000000000000000e+00,0.000000000000000000e+00,0.000000000000000000e+00,0.000000000000000000e+00,0.000000000000000000e+00,0.000000000000000000e+00,0.000000000000000000e+00,0.000000000000000000e+00,0.000000000000000000e+00,0.000000000000000000e+00,0.000000000000000000e+00,0.000000000000000000e+00,0.000000000000000000e+00,0.000000000000000000e+00,0.000000000000000000e+00,0.000000000000000000e+00,0.000000000000000000e+00,0.000000000000000000e+00,0.000000000000000000e+00,0.000000000000000000e+00,0.000000000000000000e+00,-0.000000000000000000e+00,-0.000000000000000000e+00,-0.000000000000000000e+00,-0.000000000000000000e+00,-0.000000000000000000e+00,-0.000000000000000000e+00,-0.000000000000000000e+00,-0.000000000000000000e+00,-0.000000000000000000e+00,-0.000000000000000000e+00,0.000000000000000000e+00,0.000000000000000000e+00,0.000000000000000000e+00,-0.000000000000000000e+00,-0.000000000000000000e+00,-0.000000000000000000e+00,-0.000000000000000000e+00,-0.000000000000000000e+00,-0.000000000000000000e+00,-0.000000000000000000e+00,-0.000000000000000000e+00,-0.000000000000000000e+00,-0.000000000000000000e+00,-0.000000000000000000e+00,0.000000000000000000e+00,0.000000000000000000e+00,0.000000000000000000e+00,0.000000000000000000e+00,0.000000000000000000e+00,0.000000000000000000e+00,0.000000000000000000e+00,0.000000000000000000e+00,0.000000000000000000e+00,0.000000000000000000e+00,0.000000000000000000e+00,0.000000000000000000e+00,-0.000000000000000000e+00,0.000000000000000000e+00,0.000000000000000000e+00,0.000000000000000000e+00,0.000000000000000000e+00,0.000000000000000000e+00,0.000000000000000000e+00,0.000000000000000000e+00,0.000000000000000000e+00,0.000000000000000000e+00,0.000000000000000000e+00,0.000000000000000000e+00,0.000000000000000000e+00,0.000000000000000000e+00,0.000000000000000000e+00,0.000000000000000000e+00,0.000000000000000000e+00,0.000000000000000000e+00,0.000000000000000000e+00,0.000000000000000000e+00,0.000000000000000000e+00,0.000000000000000000e+00,0.000000000000000000e+00,0.000000000000000000e+00,0.000000000000000000e+00,0.000000000000000000e+00,0.000000000000000000e+00,0.000000000000000000e+00,0.000000000000000000e+00,0.000000000000000000e+00,0.000000000000000000e+00,0.000000000000000000e+00,0.000000000000000000e+00,0.000000000000000000e+00,0.000000000000000000e+00,0.000000000000000000e+00,0.000000000000000000e+00,0.000000000000000000e+00,0.000000000000000000e+00
cxi*c/cref,0.000000000000000000e+00,0.000000000000000000e+00,0.000000000000000000e+00,0.000000000000000000e+00,0.000000000000000000e+00,0.000000000000000000e+00,0.000000000000000000e+00,0.000000000000000000e+00,0.000000000000000000e+00,0.000000000000000000e+00,0.000000000000000000e+00,0.000000000000000000e+00,0.000000000000000000e+00,0.000000000000000000e+00,0.000000000000000000e+00,0.000000000000000000e+00,0.000000000000000000e+00,0.000000000000000000e+00,0.000000000000000000e+00,0.000000000000000000e+00,0.000000000000000000e+00,0.000000000000000000e+00,0.000000000000000000e+00,0.000000000000000000e+00,0.000000000000000000e+00,0.000000000000000000e+00,0.000000000000000000e+00,0.000000000000000000e+00,0.000000000000000000e+00,-0.000000000000000000e+00,-0.000000000000000000e+00,-0.000000000000000000e+00,-0.000000000000000000e+00,-0.000000000000000000e+00,-0.000000000000000000e+00,-0.000000000000000000e+00,-0.000000000000000000e+00,-0.000000000000000000e+00,-0.000000000000000000e+00,0.000000000000000000e+00,0.000000000000000000e+00,0.000000000000000000e+00,-0.000000000000000000e+00,-0.000000000000000000e+00,-0.000000000000000000e+00,-0.000000000000000000e+00,-0.000000000000000000e+00,-0.000000000000000000e+00,-0.000000000000000000e+00,-0.000000000000000000e+00,-0.000000000000000000e+00,-0.000000000000000000e+00,-0.000000000000000000e+00,0.000000000000000000e+00,0.000000000000000000e+00,0.000000000000000000e+00,0.000000000000000000e+00,0.000000000000000000e+00,0.000000000000000000e+00,0.000000000000000000e+00,0.000000000000000000e+00,0.000000000000000000e+00,0.000000000000000000e+00,0.000000000000000000e+00,0.000000000000000000e+00,-0.000000000000000000e+00,0.000000000000000000e+00,0.000000000000000000e+00,0.000000000000000000e+00,0.000000000000000000e+00,0.000000000000000000e+00,0.000000000000000000e+00,0.000000000000000000e+00,0.000000000000000000e+00,0.000000000000000000e+00,0.000000000000000000e+00,0.000000000000000000e+00,0.000000000000000000e+00,0.000000000000000000e+00,0.000000000000000000e+00,0.000000000000000000e+00,0.000000000000000000e+00,0.000000000000000000e+00,0.000000000000000000e+00,0.000000000000000000e+00,0.000000000000000000e+00,0.000000000000000000e+00,0.000000000000000000e+00,0.000000000000000000e+00,0.000000000000000000e+00,0.000000000000000000e+00,0.000000000000000000e+00,0.000000000000000000e+00,0.000000000000000000e+00,0.000000000000000000e+00,0.000000000000000000e+00,0.000000000000000000e+00,0.000000000000000000e+00,0.000000000000000000e+00,0.000000000000000000e+00,0.000000000000000000e+00,0.000000000000000000e+00,0.000000000000000000e+00,0.000000000000000000e+00
cxo,5.120000000000000419e-03,5.179999999999999709e-03,5.239999999999999866e-03,5.309999999999999616e-03,5.389999999999999826e-03,5.459999999999999576e-03,5.539999999999999786e-03,5.610000000000000403e-03,5.669999999999999693e-03,5.729999999999999850e-03,5.790000000000000008e-03,5.839999999999999705e-03,5.830000000000000113e-03,5.120000000000000419e-03,5.179999999999999709e-03,5.239999999999999866e-03,5.309999999999999616e-03,5.389999999999999826e-03,5.459999999999999576e-03,5.539999999999999786e-03,5.610000000000000403e-03,5.669999999999999693e-03,5.729999999999999850e-03,5.790000000000000008e-03,5.839999999999999705e-03,5.830000000000000113e-03,5.640000000000000048e-03,5.709999999999999798e-03,5.780000000000000415e-03,5.839999999999999705e-03,5.910000000000000323e-03,5.969999999999999613e-03,6.040000000000000230e-03,6.109999999999999980e-03,6.150000000000000085e-03,6.210000000000000242e-03,6.289999999999999584e-03,6.380000000000000254e-03,6.459999999999999597e-03,5.640000000000000048e-03,5.709999999999999798e-03,5.780000000000000415e-03,5.839999999999999705e-03,5.910000000000000323e-03,5.969999999999999613e-03,6.040000000000000230e-03,6.109999999999999980e-03,6.150000000000000085e-03,6.210000000000000242e-03,6.289999999999999584e-03,6.380000000000000254e-03,6.459999999999999597e-03,5.239999999999999866e-03,5.290000000000000431e-03,5.340000000000000129e-03,5.389999999999999826e-03,5.440000000000000391e-03,5.499999999999999681e-03,5.570000000000000298e-03,5.640000000000000048e-03,5.729999999999999850e-03,5.819999999999999653e-03,5.939999999999999968e-03,6.080000000000000335e-03,6.259999999999999939e-03,5.239999999999999866e-03,5.290000000000000431e-03,5.340000000000000129e-03,5.389999999999999826e-03,5.440000000000000391e-03,5.499999999999999681e-03,5.570000000000000298e-03,5.640000000000000048e-03,5.729999999999999850e-03,5.819999999999999653e-03,5.939999999999999968e-03,6.080000000000000335e-03,6.259999999999999939e-03,5.599999999999999943e-03,5.619999999999999996e-03,5.640000000000000048e-03,5.660000000000000100e-03,5.680000000000000153e-03,5.709999999999999798e-03,5.729999999999999850e-03,5.760000000000000363e-03,5.790000000000000008e-03,5.819999999999999653e-03,5.850000000000000165e-03,5.879999999999999810e-03,5.910000000000000323e-03,5.599999999999999943e-03,5.619999999999999996e-03,5.640000000000000048e-03,5.660000000000000100e-03,5.680000000000000153e-03,5.709999999999999798e-03,5.729999999999999850e-03,5.760000000000000363e-03,5.790000000000000008e-03,5.819999999999999653e-03,5.850000000000000165e-03,5.879999999999999810e-03,5.910000000000000323e-03
cxo*c/cref,5.828465697887409876e-03,5.608483856392721539e-03,5.381823617047258763e-03,5.158199102454511485e-03,4.935944004151910855e-03,4.696180070826718074e-03,4.456669202588838842e-03,4.200765807790939575e-03,3.930139485895713450e-03,3.652838264745390372e-03,3.368855183783123295e-03,3.072931835388936078e-03,2.743211136890951439e-03,5.828465697887409876e-03,5.608483856392721539e-03,5.381823617047258763e-03,5.158199102454511485e-03,4.935944004151910855e-03,4.696180070826718074e-03,4.456669202588838842e-03,4.200765807790939575e-03,3.930139485895713450e-03,3.652838264745390372e-03,3.368855183783123295e-03,3.072931835388936078e-03,2.743211136890951439e-03,2.984578629869337127e-03,2.863984412016119113e-03,2.739525192331176192e-03,2.606733813652460478e-03,2.474820619123214473e-03,2.335127335449993513e-03,2.195760166076443989e-03,2.052527994871168691e-03,1.896177402613261715e-03,1.743236255953107888e-03,1.592040554402246845e-03,1.438686494077420904e-03,1.278384222737819105e-03,2.984578629869337127e-03,2.863984412016119113e-03,2.739525192331176192e-03,2.606733813652460478e-03,2.474820619123214473e-03,2.335127335449993513e-03,2.195760166076443989e-03,2.052527994871168691e-03,1.896177402613261715e-03,1.743236255953107888e-03,1.592040554402246845e-03,1.438686494077420904e-03,1.278384222737819105e-03,4.750649651972157703e-03,4.497210587373306860e-03,4.238123702527781499e-03,3.973388997435583353e-03,3.703006472096715459e-03,3.433218341677860084e-03,3.162330260105019209e-03,2.883535230186835743e-03,2.605928990108682085e-03,2.318156673586518196e-03,2.030473195750396448e-03,1.734941995359628748e-03,1.432751862254243386e-03,4.750649651972157703e-03,4.497210587373306860e-03,4.238123702527781499e-03,3.973388997435583353e-03,3.703006472096715459e-03,3.433218341677860084e-03,3.162330260105019209e-03,2.883535230186835743e-03,2.605928990108682085e-03,2.318156673586518196e-03,2.030473195750396448e-03,1.734941995359628748e-03,1.432751862254243386e-03,3.033566980095249443e-03,2.956625106850653377e-03,2.879058493100500413e-03,2.800867138844791854e-03,2.722051044083526831e-03,2.647246367077787238e-03,2.567024606179020389e-03,2.490501892783001606e-03,2.413042068628648128e-03,2.334645133715960389e-03,2.255311088044938388e-03,2.175039931615581693e-03,2.093831664427891169e-03,3.033566980095249443e-03,2.956625106850653377e-03,2.879058493100500413e-03,2.800867138844791854e-03,2.722051044083526831e-03,2.647246367077787238e-03,2.567024606179020389e-03,2.490501892783001606e-03,2.413042068628648128e-03,2.334645133715960389e-03,2.255311088044938388e-03,2.175039931615581693e-03,2.093831664427891169e-03
cy,4.850000000000000144e-03,7.830000000000000154e-03,1.001999999999999939e-02,1.182000000000000065e-02,1.350999999999999944e-02,1.494999999999999975e-02,1.634000000000000036e-02,1.730999999999999900e-02,1.745999999999999983e-02,1.745999999999999983e-02,1.742000000000000146e-02,1.650000000000000078e-02,1.298000000000000022e-02,-4.850000000000000144e-03,-7.830000000000000154e-03,-1.001999999999999939e-02,-1.182000000000000065e-02,-1.350999999999999944e-02,-1.494999999999999975e-02,-1.634000000000000036e-02,-1.730999999999999900e-02,-1.745999999999999983e-02,-1.745999999999999983e-02,-1.742000000000000146e-02,-1.650000000000000078e-02,-1.298000000000000022e-02,0.000000000000000000e+00,0.000000000000000000e+00,0.000000000000000000e+00,0.000000000000000000e+00,0.000000000000000000e+00,0.000000000000000000e+00,0.000000000000000000e+00,0.000000000000000000e+00,0.000000000000000000e+00,0.000000000000000000e+00,0.000000000000000000e+00,0.000000000000000000e+00,0.000000000000000000e+00,-0.000000000000000000e+00,-0.000000000000000000e+00,-0.000000000000000000e+00,-0.000000000000000000e+00,-0.000000000000000000e+00,-0.000000000000000000e+00,-0.000000000000000000e+00,-0.000000000000000000e+00,-0.000000000000000000e+00,-0.000000000000000000e+00,-0.000000000000000000e+00,-0.000000000000000000e+00,-0.000000000000000000e+00,5.587000000000000299e-02,3.115000000000000061e-02,2.817000000000000060e-02,2.775999999999999995e-02,2.662000000000000130e-02,2.589999999999999941e-02,2.447999999999999829e-02,2.298000000000000043e-02,1.956000000000000100e-02,1.721999999999999920e-02,1.051000000000000024e-02,8.300000000000000086e-04,-1.770000000000000089e-03,-5.587000000000000299e-02,-3.115000000000000061e-02,-2.817000000000000060e-02,-2.775999999999999995e-02,-2.662000000000000130e-02,-2.589999999999999941e-02,-2.447999999999999829e-02,-2.298000000000000043e-02,-1.956000000000000100e-02,-1.721999999999999920e-02,-1.051000000000000024e-02,-8.300000000000000086e-04,1.770000000000000089e-03,9.979999999999999288e-03,-3.820000000000000045e-03,-6.340000000000000149e-03,-8.109999999999999154e-03,-9.539999999999999869e-03,-1.063000000000000056e-02,-1.132000000000000020e-02,-1.179000000000000013e-02,-1.187999999999999994e-02,-1.173000000000000084e-02,-1.141999999999999960e-02,-1.078999999999999924e-02,-1.444999999999999930e-02,-9.979999999999999288e-03,3.820000000000000045e-03,6.340000000000000149e-03,8.109999999999999154e-03,9.539999999999999869e-03,1.063000000000000056e-02,1.132000000000000020e-02,1.179000000000000013e-02,1.187999999999999994e-02,1.173000000000000084e-02,1.141999999999999960e-02,1.078999999999999924e-02,1.444999999999999930e-02
cy*c/cref,5.521105202100378209e-03,8.477688918060813719e-03,1.029119706923922392e-02,1.148209291732812422e-02,1.237191159482232267e-02,1.285858828916839648e-02,1.314476078886311038e-02,1.296172123580412693e-02,1.210233428990108509e-02,1.113063806325558652e-02,1.013565756502625426e-02,8.682084808889973734e-03,6.107526682134571325e-03,-5.521105202100378209e-03,-8.477688918060813719e-03,-1.029119706923922392e-02,-1.148209291732812422e-02,-1.237191159482232267e-02,-1.285858828916839648e-02,-1.314476078886311038e-02,-1.296172123580412693e-02,-1.210233428990108509e-02,-1.113063806325558652e-02,-1.013565756502625426e-02,-8.682084808889973734e-03,-6.107526682134571325e-03,0.000000000000000000e+00,0.000000000000000000e+00,0.000000000000000000e+00,0.000000000000000000e+00,0.000000000000000000e+00,0.000000000000000000e+00,0.000000000000000000e+00,0.000000000000000000e+00,0.000000000000000000e+00,0.000000000000000000e+00,0.000000000000000000e+00,0.000000000000000000e+00,0.000000000000000000e+00,-0.000000000000000000e+00,-0.000000000000000000e+00,-0.000000000000000000e+00,-0.000000000000000000e+00,-0.000000000000000000e+00,-0.000000000000000000e+00,-0.000000000000000000e+00,-0.000000000000000000e+00,-0.000000000000000000e+00,-0.000000000000000000e+00,-0.000000000000000000e+00,-0.000000000000000000e+00,-0.000000000000000000e+00,5.065244199535962749e-02,2.648168427158383367e-02,2.235729301502014862e-02,2.046405910367565806e-02,1.812022652338502945e-02,1.616733728171937737e-02,1.389835633166442916e-02,1.174887226767615082e-02,8.895631945292465162e-03,6.858875931127121107e-03,3.592638600561728814e-03,2.368424105507387707e-04,-4.051071559408963543e-04,-5.065244199535962749e-02,-2.648168427158383367e-02,-2.235729301502014862e-02,-2.046405910367565806e-02,-1.812022652338502945e-02,-1.616733728171937737e-02,-1.389835633166442916e-02,-1.174887226767615082e-02,-8.895631945292465162e-03,-6.858875931127121107e-03,-3.592638600561728814e-03,-2.368424105507387707e-04,4.051071559408963543e-04,5.406249725241176265e-03,-2.009663328855782090e-03,-3.236388447917938616e-03,-4.013256624740504756e-03,-4.571895591647332120e-03,-4.928236231530101416e-03,-5.071329588472340590e-03,-5.097746061790205986e-03,-4.951112223714739143e-03,-4.705393027231652252e-03,-4.402675662474050435e-03,-3.991272255464647402e-03,-5.119436133838075817e-03,-5.406249725241176265e-03,2.009663328855782090e-03,3.236388447917938616e-03,4.013256624740504756e-03,4.571895591647332120e-03,4.928236231530101416e-03,5.071329588472340590e-03,5.097746061790205986e-03,4.951112223714739143e-03,4.705393027231652252e-03,4.402675662474050435e-03,3.991272255464647402e-03,5.119436133838075817e-03
cyi,4.850000000000000144e-03,7.830000000000000154e-03,1.001999999999999939e-02,1.182000000000000065e-02,1.350999999999999944e-02,1.494999999999999975e-02,1.634000000000000036e-02,1.730999999999999900e-02,1.745999999999999983e-02,1.745999999999999983e-02,1.742000000000000146e-02,1.650000000000000078e-02,1.298000000000000022e-02,-4.850000000000000144e-03,-7.830000000000000154e-03,-1.001999999999999939e-02,-1.182000000000000065e-02,-1.350999999999999944e-02,-1.494999999999999975e-02,-1.634000000000000036e-02,-1.730999999999999900e-02,-1.745999999999999983e-02,-1.745999999999999983e-02,-1.742000000000000146e-02,-1.650000000000000078e-02,-1.298000000000000022e-02,0.000000000000000000e+00,0.000000000000000000e+00,0.000000000000000000e+00,0.000000000000000000e+00,0.000000000000000000e+00,0.000000000000000000e+00,0.000000000000000000e+00,0.000000000000000000e+00,0.000000000000000000e+00,0.000000000000000000e+00,0.000000000000000000e+00,0.000000000000000000e+00,0.000000000000000000e+00,-0.000000000000000000e+00,-0.000000000000000000e+00,-0.000000000000000000e+00,-0.000000000000000000e+00,-0.000000000000000000e+00,-0.000000000000000000e+00,-0.000000000000000000e+00,-0.000000000000000000e+00,-0.000000000000000000e+00,-0.000000000000000000e+00,-0.000000000000000000e+00,-0.000000000000000000e+00,-0.000000000000000000e+00,5.587000000000000299e-02,3.115000000000000061e-02,2.817000000000000060e-02,2.775999999999999995e-02,2.662000000000000130e-02,2.589999999999999941e-02,2.447999999999999829e-02,2.298000000000000043e-02,1.956000000000000100e-02,1.721999999999999920e-02,1.051000000000000024e-02,8.300000000000000086e-04,-1.770000000000000089e-03,-5.587000000000000299e-02,-3.115000000000000061e-02,-2.817000000000000060e-02,-2.775999999999999995e-02,-2.662000000000000130e-02,-2.589999999999999941e-02,-2.447999999999999829e-02,-2.298000000000000043e-02,-1.956000000000000100e-02,-1.721999999999999920e-02,-1.051000000000000024e-02,-8.300000000000000086e-04,1.770000000000000089e-03,9.979999999999999288e-03,-3.820000000000000045e-03,-6.340000000000000149e-03,-8.109999999999999154e-03,-9.539999999999999869e-03,-1.063000000000000056e-02,-1.132000000000000020e-02,-1.179000000000000013e-02,-1.187999999999999994e-02,-1.173000000000000084e-02,-1.141999999999999960e-02,-1.078999999999999924e-02,-1.444999999999999930e-02,-9.979999999999999288e-03,3.820000000000000045e-03,6.340000000000000149e-03,8.109999999999999154e-03,9.539999999999999869e-03,1.063000000000000056e-02,1.132000000000000020e-02,1.179000000000000013e-02,1.187999999999999994e-02,1.173000000000000084e-02,1.141999999999999960e-02,1.078999999999999924e-02,1.444999999999999930e-02
cyi*c/cref,5.521105202100378209e-03,8.477688918060813719e-03,1.029119706923922392e-02,1.148209291732812422e-02,1.237191159482232267e-02,1.285858828916839648e-02,1.314476078886311038e-02,1.296172123580412693e-02,1.210233428990108509e-02,1.113063806325558652e-02,1.013565756502625426e-02,8.682084808889973734e-03,6.107526682134571325e-03,-5.521105202100378209e-03,-8.477688918060813719e-03,-1.029119706923922392e-02,-1.148209291732812422e-02,-1.237191159482232267e-02,-1.285858828916839648e-02,-1.314476078886311038e-02,-1.296172123580412693e-02,-1.210233428990108509e-02,-1.113063806325558652e-02,-1.013565756502625426e-02,-8.682084808889973734e-03,-6.107526682134571325e-03,0.000000000000000000e+00,0.000000000000000000e+00,0.000000000000000000e+00,0.000000000000000000e+00,0.000000000000000000e+00,0.000000000000000000e+00,0.000000000000000000e+00,0.000000000000000000e+00,0.000000000000000000e+00,0.000000000000000000e+00,0.000000000000000000e+00,0.000000000000000000e+00,0.000000000000000000e+00,-0.000000000000000000e+00,-0.000000000000000000e+00,-0.000000000000000000e+00,-0.000000000000000000e+00,-0.000000000000000000e+00,-0.000000000000000000e+00,-0.000000000000000000e+00,-0.000000000000000000e+00,-0.000000000000000000e+00,-0.000000000000000000e+00,-0.000000000000000000e+00,-0.000000000000000000e+00,-0.000000000000000000e+00,5.065244199535962749e-02,2.648168427158383367e-02,2.235729301502014862e-02,2.046405910367565806e-02,1.812022652338502945e-02,1.616733728171937737e-02,1.389835633166442916e-02,1.174887226767615082e-02,8.895631945292465162e-03,6.858875931127121107e-03,3.592638600561728814e-03,2.368424105507387707e-04,-4.051071559408963543e-04,-5.065244199535962749e-02,-2.648168427158383367e-02,-2.235729301502014862e-02,-2.046405910367565806e-02,-1.812022652338502945e-02,-1.616733728171937737e-02,-1.389835633166442916e-02,-1.174887226767615082e-02,-8.895631945292465162e-03,-6.858875931127121107e-03,-3.592638600561728814e-03,-2.368424105507387707e-04,4.051071559408963543e-04,5.406249725241176265e-03,-2.009663328855782090e-03,-3.236388447917938616e-03,-4.013256624740504756e-03,-4.571895591647332120e-03,-4.928236231530101416e-03,-5.071329588472340590e-03,-5.097746061790205986e-03,-4.951112223714739143e-03,-4.705393027231652252e-03,-4.402675662474050435e-03,-3.991272255464647402e-03,-5.119436133838075817e-03,-5.406249725241176265e-03,2.009663328855782090e-03,3.236388447917938616e-03,4.013256624740504756e-03,4.571895591647332120e-03,4.928236231530101416e-03,5.071329588472340590e-03,5.097746061790205986e-03,4.951112223714739143e-03,4.705393027231652252e-03,4.402675662474050435e-03,3.991272255464647402e-03,5.119436133838075817e-03
cyo,0.000000000000000000e+00,0.000000000000000000e+00,0.000000000000000000e+00,0.000000000000000000e+00,0.000000000000000000e+00,0.000000000000000000e+00,0.000000000000000000e+00,0.000000000000000000e+00,0.000000000000000000e+00,0.000000000000000000e+00,0.000000000000000000e+00,0.000000000000000000e+00,0.000000000000000000e+00,0.000000000000000000e+00,0.000000000000000000e+00,0.000000000000000000e+00,0.000000000000000000e+00,0.000000000000000000e+00,0.000000000000000000e+00,0.000000000000000000e+00,0.000000000000000000e+00,0.000000000000000000e+00,0.000000000000000000e+00,0.000000000000000000e+00,0.000000000000000000e+00,0.000000000000000000e+00,0.000000000000000000e+00,0.000000000000000000e+00,0.000000000000000000e+00,0.000000000000000000e+00,0.000000000000000000e+00,0.000000000000000000e+00,0.000000000000000000e+00,0.000000000000000000e+00,0.000000000000000000e+00,0.000000000000000000e+00,0.000000000000000000e+00,0.000000000000000000e+00,0.000000000000000000e+00,0.000000000000000000e+00,0.000000000000000000e+00,0.000000000000000000e+00,0.000000000000000000e+00,0.000000000000000000e+00,0.000000000000000000e+00,0.000000000000000000e+00,0.000000000000000000e+00,0.000000000000000000e+00,0.000000000000000000e+00,0.000000000000000000e+00,0.000000000000000000e+00,0.000000000000000000e+00,0.000000000000000000e+00,0.000000000000000000e+00,0.000000000000000000e+00,0.000000000000000000e+00,0.000000000000000000e+00,0.000000000000000000e+00,0.000000000000000000e+00,0.000000000000000000e+00,0.000000000000000000e+00,0.000000000000000000e+00,0.000000000000000000e+00,0.000000000000000000e+00,0.000000000000000000e+00,0.000000000000000000e+00,0.000000000000000000e+00,0.000000000000000000e+00,0.000000000000000000e+00,0.000000000000000000e+00,0.000000000000000000e+00,0.000000000000000000e+00,0.000000000000000000e+00,0.000000000000000000e+00,0.000000000000000000e+00,0.000000000000000000e+00,0.000000000000000000e+00,0.000000000000000000e+00,0.000000000000000000e+00,0.000000000000000000e+00,0.000000000000000000e+00,0.000000000000000000e+00,0.000000000000000000e+00,0.000000000000000000e+00,0.000000000000000000e+00,0.000000000000000000e+00,0.000000000000000000e+00,0.000000000000000000e+00,0.000000000000000000e+00,0.000000000000000000e+00,0.000000000000000000e+00,0.000000000000000000e+00,0.000000000000000000e+00,0.000000000000000000e+00,0.000000000000000000e+00,0.000000000000000000e+00,0.000000000000000000e+00,0.000000000000000000e+00,0.000000000000000000e+00,0.000000000000000000e+00,0.000000000000000000e+00,0.000000000000000000e+00,0.000000000000000000e+00,0.000000000000000000e+00
cyo*c/cref,0.000000000000000000e+00,0.000000000000000000e+00,0.000000000000000000e+00,0.000000000000000000e+00,0.000000000000000000e+00,0.000000000000000000e+00,0.000000000000000000e+00,0.000000000000000000e+00,0.000000000000000000e+00,0.000000000000000000e+00,0.000000000000000000e+00,0.000000000000000000e+00,0.000000000000000000e+00,0.000000000000000000e+00,0.000000000000000000e+00,0.000000000000000000e+00,0.000000000000000000e+00,0.000000000000000000e+00,0.000000000000000000e+00,0.000000000000000000e+00,0.000000000000000000e+00,0.000000000000000000e+00,0.000000000000000000e+00,0.000000000000000000e+00,0.000000000000000000e+00,0.000000000000000000e+00,0.000000000000000000e+00,0.000000000000000000e+00,0.000000000000000000e+00,0.000000000000000000e+00,0.000000000000000000e+00,0.000000000000000000e+00,0.000000000000000000e+00,0.000000000000000000e+00,0.000000000000000000e+00,0.000000000000000000e+00,0.000000000000000000e+00,0.000000000000000000e+00,0.000000000000000000e+00,0.000000000000000000e+00,0.000000000000000000e+00,0.000000000000000000e+00,0.000000000000000000e+00,0.000000000000000000e+00,0.000000000000000000e+00,0.000000000000000000e+00,0.000000000000000000e+00,0.000000000000000000e+00,0.000000000000000000e+00,0.000000000000000000e+00,0.000000000000000000e+00,0.000000000000000000e+00,0.000000000000000000e+00,0.000000000000000000e+00,0.000000000000000000e+00,0.000000000000000000e+00,0.000000000000000000e+00,0.000000000000000000e+00,0.000000000000000000e+00,0.000000000000000000e+00,0.000000000000000000e+00,0.000000000000000000e+00,0.000000000000000000e+00,0.000000000000000000e+00,0.000000000000000000e+00,0.000000000000000000e+00,0.000000000000000000e+00,0.000000000000000000e+00,0.000000000000000000e+00,0.000000000000000000e+00,0.000000000000000000e+00,0.000000000000000000e+00,0.000000000000000000e+00,0.000000000000000000e+00,0.000000000000000000e+00,0.000000000000000000e+00,0.000000000000000000e+00,0.000000000000000000e+00,0.000000000000000000e+00,0.000000000000000000e+00,0.000000000000000000e+00,0.000000000000000000e+00,0.000000000000000000e+00,0.000000000000000000e+00,0.000000000000000000e+00,0.000000000000000000e+00,0.000000000000000000e+00,0.000000000000000000e+00,0.000000000000000000e+00,0.000000000000000000e+00,0.000000000000000000e+00,0.000000000000000000e+00,0.000000000000000000e+00,0.000000000000000000e+00,0.000000000000000000e+00,0.000000000000000000e+00,0.000000000000000000e+00,0.000000000000000000e+00,0.000000000000000000e+00,0.000000000000000000e+00,0.000000000000000000e+00,0.000000000000000000e+00,0.000000000000000000e+00,0.000000000000000000e+00
cz,5.544000000000000317e-02,8.945999999999999786e-02,1.145700000000000052e-01,1.350699999999999956e-01,1.544599999999999862e-01,1.708399999999999919e-01,1.868200000000000138e-01,1.978699999999999903e-01,1.996100000000000096e-01,1.995300000000000129e-01,1.990699999999999970e-01,1.886299999999999921e-01,1.483099999999999974e-01,5.544000000000000317e-02,8.945999999999999786e-02,1.145700000000000052e-01,1.350699999999999956e-01,1.544599999999999862e-01,1.708399999999999919e-01,1.868200000000000138e-01,1.978699999999999903e-01,1.996100000000000096e-01,1.995300000000000129e-01,1.990699999999999970e-01,1.886299999999999921e-01,1.483099999999999974e-01,3.002000000000000154e-02,9.828000000000000624e-02,1.221399999999999986e-01,1.372099999999999986e-01,1.505199999999999871e-01,1.538299999999999945e-01,1.641400000000000081e-01,1.661400000000000099e-01,1.502400000000000124e-01,1.392400000000000027e-01,1.344700000000000062e-01,1.293199999999999905e-01,1.072599999999999942e-01,3.002000000000000154e-02,9.828000000000000624e-02,1.221399999999999986e-01,1.372099999999999986e-01,1.505199999999999871e-01,1.538299999999999945e-01,1.641499999999999904e-01,1.661400000000000099e-01,1.502400000000000124e-01,1.392400000000000027e-01,1.344700000000000062e-01,1.293199999999999905e-01,1.072599999999999942e-01,-7.849999999999999339e-03,-4.380000000000000213e-03,-3.959999999999999978e-03,-3.899999999999999821e-03,-3.739999999999999835e-03,-3.640000000000000006e-03,-3.439999999999999915e-03,-3.229999999999999798e-03,-2.749999999999999840e-03,-2.419999999999999842e-03,-1.479999999999999979e-03,-1.200000000000000030e-04,2.500000000000000052e-04,-7.849999999999999339e-03,-4.380000000000000213e-03,-3.959999999999999978e-03,-3.899999999999999821e-03,-3.739999999999999835e-03,-3.640000000000000006e-03,-3.439999999999999915e-03,-3.229999999999999798e-03,-2.749999999999999840e-03,-2.419999999999999842e-03,-1.479999999999999979e-03,-1.200000000000000030e-04,2.500000000000000052e-04,2.119999999999999923e-03,-8.099999999999999561e-04,-1.350000000000000071e-03,-1.719999999999999958e-03,-2.030000000000000120e-03,-2.259999999999999856e-03,-2.409999999999999816e-03,-2.510000000000000078e-03,-2.530000000000000131e-03,-2.490000000000000026e-03,-2.429999999999999868e-03,-2.289999999999999935e-03,-3.069999999999999812e-03,2.119999999999999923e-03,-8.099999999999999561e-04,-1.350000000000000071e-03,-1.719999999999999958e-03,-2.030000000000000120e-03,-2.259999999999999856e-03,-2.409999999999999816e-03,-2.510000000000000078e-03,-2.530000000000000131e-03,-2.490000000000000026e-03,-2.429999999999999868e-03,-2.289999999999999935e-03,-3.069999999999999812e-03
cz*c/cref,6.311135513493711102e-02,9.686003200634997479e-02,1.176709030162413211e-01,1.312086540053730432e-01,1.414482209427280202e-01,1.469405500549517685e-01,1.502878953840517950e-01,1.481649786787153367e-01,1.383589317071681479e-01,1.271990958053486609e-01,1.158269432531444515e-01,9.925464590914639951e-02,6.978484454756381239e-02,6.311135513493711102e-02,9.686003200634997479e-02,1.176709030162413211e-01,1.312086540053730432e-01,1.414482209427280202e-01,1.469405500549517685e-01,1.502878953840517950e-01,1.481649786787153367e-01,1.383589317071681479e-01,1.271990958053486609e-01,1.158269432531444515e-01,9.925464590914639951e-02,6.978484454756381239e-02,1.588600185614849267e-02,4.929463888142630174e-02,5.789024342410550861e-02,6.124485386494077366e-02,6.303045678349004921e-02,6.016962110758333759e-02,5.967087312248137154e-02,5.581129313713518308e-02,4.632222649896202554e-02,3.908666928806936447e-02,3.403524536573452469e-02,2.916158893637806407e-02,2.122592751251679150e-02,1.588600185614849267e-02,4.929463888142630174e-02,5.789024342410550861e-02,6.124485386494077366e-02,6.303045678349004921e-02,6.016962110758333759e-02,5.967450848699473731e-02,5.581129313713518308e-02,4.632222649896202554e-02,3.908666928806936447e-02,3.403524536573452469e-02,2.916158893637806407e-02,2.122592751251679150e-02,-7.116908352668212256e-03,-3.723588350225913272e-03,-3.142878251312736671e-03,-2.874993894248381240e-03,-2.545816949566491634e-03,-2.272166320674074910e-03,-1.953037000854805291e-03,-1.651386310904872073e-03,-1.250664000488460039e-03,-9.639070704603736051e-04,-5.059091464159236806e-04,-3.424227622420319397e-05,5.721852485040908516e-05,-7.116908352668212256e-03,-3.723588350225913272e-03,-3.142878251312736671e-03,-2.874993894248381240e-03,-2.545816949566491634e-03,-2.272166320674074910e-03,-1.953037000854805291e-03,-1.651386310904872073e-03,-1.250664000488460039e-03,-9.639070704603736051e-04,-5.059091464159236806e-04,-3.424227622420319397e-05,5.721852485040908516e-05,1.148421785321773053e-03,-4.261328000976920033e-04,-6.891363414336305242e-04,-8.511469043839296148e-04,-9.728457076566126302e-04,-1.047771767004518134e-03,-1.079673525460984147e-03,-1.085270790084259460e-03,-1.054403529124435220e-03,-9.988430211259006347e-04,-9.368215288802051550e-04,-8.470818781291976829e-04,-1.087658749542068631e-03,1.148421785321773053e-03,-4.261328000976920033e-04,-6.891363414336305242e-04,-8.511469043839296148e-04,-9.728457076566126302e-04,-1.047771767004518134e-03,-1.079673525460984147e-03,-1.085270790084259460e-03,-1.054403529124435220e-03,-9.988430211259006347e-04,-9.368215288802051550e-04,-8.470818781291976829e-04,-1.087658749542068631e-03
czi,5.544000000000000317e-02,8.945999999999999786e-02,1.145700000000000052e-01,1.350699999999999956e-01,1.544599999999999862e-01,1.708399999999999919e-01,1.868200000000000138e-01,1.978699999999999903e-01,1.996100000000000096e-01,1.995300000000000129e-01,1.990699999999999970e-01,1.886299999999999921e-01,1.483099999999999974e-01,5.544000000000000317e-02,8.945999999999999786e-02,1.145700000000000052e-01,1.350699999999999956e-01,1.544599999999999862e-01,1.708399999999999919e-01,1.868200000000000138e-01,1.978699999999999903e-01,1.996100000000000096e-01,1.995300000000000129e-01,1.990699999999999970e-01,1.886299999999999921e-01,1.483099999999999974e-01,3.002000000000000154e-02,9.828000000000000624e-02,1.221399999999999986e-01,1.372099999999999986e-01,1.505199999999999871e-01,1.538299999999999945e-01,1.641400000000000081e-01,1.661400000000000099e-01,1.502400000000000124e-01,1.392400000000000027e-01,1.344700000000000062e-01,1.293199999999999905e-01,1.072599999999999942e-01,3.002000000000000154e-02,9.828000000000000624e-02,1.221399999999999986e-01,1.372099999999999986e-01,1.505199999999999871e-01,1.538299999999999945e-01,1.641499999999999904e-01,1.661400000000000099e-01,1.502400000000000124e-01,1.392400000000000027e-01,1.344700000000000062e-01,1.293199999999999905e-01,1.072599999999999942e-01,-7.849999999999999339e-03,-4.380000000000000213e-03,-3.959999999999999978e-03,-3.899999999999999821e-03,-3.739999999999999835e-03,-3.640000000000000006e-03,-3.439999999999999915e-03,-3.229999999999999798e-03,-2.749999999999999840e-03,-2.419999999999999842e-03,-1.479999999999999979e-03,-1.200000000000000030e-04,2.500000000000000052e-04,-7.849999999999999339e-03,-4.380000000000000213e-03,-3.959999999999999978e-03,-3.899999999999999821e-03,-3.739999999999999835e-03,-3.640000000000000006e-03,-3.439999999999999915e-03,-3.229999999999999798e-03,-2.749999999999999840e-03,-2.419999999999999842e-03,-1.479999999999999979e-03,-1.200000000000000030e-04,2.500000000000000052e-04,2.119999999999999923e-03,-8.099999999999999561e-04,-1.350000000000000071e-03,-1.719999999999999958e-03,-2.030000000000000120e-03,-2.259999999999999856e-03,-2.409999999999999816e-03,-2.510000000000000078e-03,-2.530000000000000131e-03,-2.490000000000000026e-03,-2.429999999999999868e-03,-2.289999999999999935e-03,-3.069999999999999812e-03,2.119999999999999923e-03,-8.099999999999999561e-04,-1.350000000000000071e-03,-1.719999999999999958e-03,-2.030000000000000120e-03,-2.259999999999999856e-03,-2.409999999999999816e-03,-2.510000000000000078e-03,-2.530000000000000131e-03,-2.490000000000000026e-03,-2.429999999999999868e-03,-2.289999999999999935e-03,-3.069999999999999812e-03
czi*c/cref,6.311135513493711102e-02,9.686003200634997479e-02,1.176709030162413211e-01,1.312086540053730432e-01,1.414482209427280202e-01,1.469405500549517685e-01,1.502878953840517950e-01,1.481649786787153367e-01,1.383589317071681479e-01,1.271990958053486609e-01,1.158269432531444515e-01,9.925464590914639951e-02,6.978484454756381239e-02,6.311135513493711102e-02,9.686003200634997479e-02,1.176709030162413211e-01,1.312086540053730432e-01,1.414482209427280202e-01,1.469405500549517685e-01,1.502878953840517950e-01,1.481649786787153367e-01,1.383589317071681479e-01,1.271990958053486609e-01,1.158269432531444515e-01,9.925464590914639951e-02,6.978484454756381239e-02,1.588600185614849267e-02,4.929463888142630174e-02,5.789024342410550861e-02,6.124485386494077366e-02,6.303045678349004921e-02,6.016962110758333759e-02,5.967087312248137154e-02,5.581129313713518308e-02,4.632222649896202554e-02,3.908666928806936447e-02,3.403524536573452469e-02,2.916158893637806407e-02,2.122592751251679150e-02,1.588600185614849267e-02,4.929463888142630174e-02,5.789024342410550861e-02,6.124485386494077366e-02,6.303045678349004921e-02,6.016962110758333759e-02,5.967450848699473731e-02,5.581129313713518308e-02,4.632222649896202554e-02,3.908666928806936447e-02,3.403524536573452469e-02,2.916158893637806407e-02,2.122592751251679150e-02,-7.116908352668212256e-03,-3.723588350225913272e-03,-3.142878251312736671e-03,-2.874993894248381240e-03,-2.545816949566491634e-03,-2.272166320674074910e-03,-1.953037000854805291e-03,-1.651386310904872073e-03,-1.250664000488460039e-03,-9.639070704603736051e-04,-5.059091464159236806e-04,-3.424227622420319397e-05,5.721852485040908516e-05,-7.116908352668212256e-03,-3.723588350225913272e-03,-3.142878251312736671e-03,-2.874993894248381240e-03,-2.545816949566491634e-03,-2.272166320674074910e-03,-1.953037000854805291e-03,-1.651386310904872073e-03,-1.250664000488460039e-03,-9.639070704603736051e-04,-5.059091464159236806e-04,-3.424227622420319397e-05,5.721852485040908516e-05,1.148421785321773053e-03,-4.261328000976920033e-04,-6.891363414336305242e-04,-8.511469043839296148e-04,-9.728457076566126302e-04,-1.047771767004518134e-03,-1.079673525460984147e-03,-1.085270790084259460e-03,-1.054403529124435220e-03,-9.988430211259006347e-04,-9.368215288802051550e-04,-8.470818781291976829e-04,-1.087658749542068631e-03,1.148421785321773053e-03,-4.261328000976920033e-04,-6.891363414336305242e-04,-8.511469043839296148e-04,-9.728457076566126302e-04,-1.047771767004518134e-03,-1.079673525460984147e-03,-1.085270790084259460e-03,-1.054403529124435220e-03,-9.988430211259006347e-04,-9.368215288802051550e-04,-8.470818781291976829e-04,-1.087658749542068631e-03
czo,0.000000000000000000e+00,0.000000000000000000e+00,0.000000000000000000e+00,0.000000000000000000e+00,0.000000000000000000e+00,0.000000000000000000e+00,0.000000000000000000e+00,0.000000000000000000e+00,0.000000000000000000e+00,0.000000000000000000e+00,0.000000000000000000e+00,0.000000000000000000e+00,0.000000000000000000e+00,0.000000000000000000e+00,0.000000000000000000e+00,0.000000000000000000e+00,0.000000000000000000e+00,0.000000000000000000e+00,0.000000000000000000e+00,0.000000000000000000e+00,0.000000000000000000e+00,0.000000000000000000e+00,0.000000000000000000e+00,0.000000000000000000e+00,0.000000000000000000e+00,0.000000000000000000e+00,0.000000000000000000e+00,0.000000000000000000e+00,0.000000000000000000e+00,0.000000000000000000e+00,0.000000000000000000e+00,0.000000000000000000e+00,0.000000000000000000e+00,0.000000000000000000e+00,0.000000000000000000e+00,0.000000000000000000e+00,0.000000000000000000e+00,0.000000000000000000e+00,0.000000000000000000e+00,0.000000000000000000e+00,0.000000000000000000e+00,0.000000000000000000e+00,0.000000000000000000e+00,0.000000000000000000e+00,0.000000000000000000e+00,0.000000000000000000e+00,0.000000000000000000e+00,0.000000000000000000e+00,0.000000000000000000e+00,0.000000000000000000e+00,0.000000000000000000e+00,0.000000000000000000e+00,0.000000000000000000e+00,0.000000000000000000e+00,0.000000000000000000e+00,0.000000000000000000e+00,0.000000000000000000e+00,0.000000000000000000e+00,0.000000000000000000e+00,0.000000000000000000e+00,0.000000000000000000e+00,0.000000000000000000e+00,0.000000000000000000e+00,0.000000000000000000e+00,0.000000000000000000e+00,0.000000000000000000e+00,0.000000000000000000e+00,0.000000000000000000e+00,0.000000000000000000e+00,0.000000000000000000e+00,0.000000000000000000e+00,0.000000000000000000e+00,0.000000000000000000e+00,0.000000000000000000e+00,0.000000000000000000e+00,0.000000000000000000e+00,0.000000000000000000e+00,0.000000000000000000e+00,0.000000000000000000e+00,0.000000000000000000e+00,0.000000000000000000e+00,0.000000000000000000e+00,0.000000000000000000e+00,0.000000000000000000e+00,0.000000000000000000e+00,0.000000000000000000e+00,0.000000000000000000e+00,0.000000000000000000e+00,0.000000000000000000e+00,0.000000000000000000e+00,0.000000000000000000e+00,0.000000000000000000e+00,0.000000000000000000e+00,0.000000000000000000e+00,0.000000000000000000e+00,0.000000000000000000e+00,0.000000000000000000e+00,0.000000000000000000e+00,0.000000000000000000e+00,0.000000000000000000e+00,0.000000000000000000e+00,0.000000000000000000e+00,0.000000000000000000e+00,0.000000000000000000e+00
czo*c/cref,0.000000000000000000e+00,0.000000000000000000e+00,0.000000000000000000e+00,0.000000000000000000e+00,0.000000000000000000e+00,0.000000000000000000e+00,0.000000000000000000e+00,0.000000000000000000e+00,0.000000000000000000e+00,0.000000000000000000e+00,0.000000000000000000e+00,0.000000000000000000e+00,0.000000000000000000e+00,0.000000000000000000e+00,0.000000000000000000e+00,0.000000000000000000e+00,0.000000000000000000e+00,0.000000000000000000e+00,0.000000000000000000e+00,0.000000000000000000e+00,0.000000000000000000e+00,0.000000000000000000e+00,0.000000000000000000e+00,0.000000000000000000e+00,0.000000000000000000e+00,0.000000000000000000e+00,0.000000000000000000e+00,0.000000000000000000e+00,0.000000000000000000e+00,0.000000000000000000e+00,0.000000000000000000e+00,0.000000000000000000e+00,0.000000000000000000e+00,0.000000000000000000e+00,0.000000000000000000e+00,0.000000000000000000e+00,0.000000000000000000e+00,0.000000000000000000e+00,0.000000000000000000e+00,0.000000000000000000e+00,0.000000000000000000e+00,0.000000000000000000e+00,0.000000000000000000e+00,0.000000000000000000e+00,0.000000000000000000e+00,0.000000000000000000e+00,0.000000000000000000e+00,0.000000000000000000e+00,0.000000000000000000e+00,0.000000000000000000e+00,0.000000000000000000e+00,0.000000000000000000e+00,0.000000000000000000e+00,0.000000000000000000e+00,0.000000000000000000e+00,0.000000000000000000e+00,0.000000000000000000e+00,0.000000000000000000e+00,0.000000000000000000e+00,0.000000000000000000e+00,0.000000000000000000e+00,0.000000000000000000e+00,0.000000000000000000e+00,0.000000000000000000e+00,0.000000000000000000e+00,0.000000000000000000e+00,0.000000000000000000e+00,0.000000000000000000e+00,0.000000000000000000e+00,0.000000000000000000e+00,0.000000000000000000e+00,0.000000000000000000e+00,0.000000000000000000e+00,0.000000000000000000e+00,0.000000000000000000e+00,0.000000000000000000e+00,0.000000000000000000e+00,0.000000000000000000e+00,0.000000000000000000e+00,0.000000000000000000e+00,0.000000000000000000e+00,0.000000000000000000e+00,0.000000000000000000e+00,0.000000000000000000e+00,0.000000000000000000e+00,0.000000000000000000e+00,0.000000000000000000e+00,0.000000000000000000e+00,0.000000000000000000e+00,0.000000000000000000e+00,0.000000000000000000e+00,0.000000000000000000e+00,0.000000000000000000e+00,0.000000000000000000e+00,0.000000000000000000e+00,0.000000000000000000e+00,0.000000000000000000e+00,0.000000000000000000e+00,0.000000000000000000e+00,0.000000000000000000e+00,0.000000000000000000e+00,0.000000000000000000e+00,0.000000000000000000e+00,0.000000000000000000e+00
dArea,2.395070000000000121e+01,2.277978999999999843e+01,2.160887999999999920e+01,2.043796000000000035e+01,1.926705000000000112e+01,1.809613999999999834e+01,1.692522999999999911e+01,1.575431999999999988e+01,1.458341000000000065e+01,1.341249999999999964e+01,1.224159000000000042e+01,1.107067999999999941e+01,9.899760000000000559e+00,2.395070000000000121e+01,2.277978999999999843e+01,2.160887999999999920e+01,2.043796000000000035e+01,1.926705000000000112e+01,1.809613999999999834e+01,1.692522999999999911e+01,1.575431999999999988e+01,1.458341000000000065e+01,1.341249999999999964e+01,1.224159000000000042e+01,1.107067999999999941e+01,9.899760000000000559e+00,6.152849999999999930e+00,5.831850000000000200e+00,5.510860000000000092e+00,5.189869999999999983e+00,4.868870000000000253e+00,4.547880000000000145e+00,4.226880000000000415e+00,3.905889999999999862e+00,3.584890000000000132e+00,3.263900000000000023e+00,2.942899999999999849e+00,2.621910000000000185e+00,2.300920000000000076e+00,6.152849999999999930e+00,5.831850000000000200e+00,5.510860000000000092e+00,5.189869999999999983e+00,4.868870000000000253e+00,4.547880000000000145e+00,4.226880000000000415e+00,3.905889999999999862e+00,3.584890000000000132e+00,3.263900000000000023e+00,2.942899999999999849e+00,2.621910000000000185e+00,2.300920000000000076e+00,1.057784000000000013e+01,9.918889999999999318e+00,9.259930000000000661e+00,8.600979999999999848e+00,7.942020000000000302e+00,7.283059999999999867e+00,6.624109999999999943e+00,5.965150000000000396e+00,5.306199999999999584e+00,4.647240000000000038e+00,3.988290000000000113e+00,3.329330000000000123e+00,2.670370000000000132e+00,1.057784000000000013e+01,9.918889999999999318e+00,9.259930000000000661e+00,8.600979999999999848e+00,7.942020000000000302e+00,7.283059999999999867e+00,6.624109999999999943e+00,5.965150000000000396e+00,5.306199999999999584e+00,4.647240000000000038e+00,3.988290000000000113e+00,3.329330000000000123e+00,2.670370000000000132e+00,1.777479999999999949e+00,1.726239999999999997e+00,1.674989999999999979e+00,1.623739999999999961e+00,1.572489999999999943e+00,1.521239999999999926e+00,1.469999999999999973e+00,1.418749999999999956e+00,1.367499999999999938e+00,1.316249999999999920e+00,1.264999999999999902e+00,1.213750000000000107e+00,1.162509999999999932e+00,1.777479999999999949e+00,1.726239999999999997e+00,1.674989999999999979e+00,1.623739999999999961e+00,1.572489999999999943e+00,1.521239999999999926e+00,1.469999999999999973e+00,1.418749999999999956e+00,1.367499999999999938e+00,1.316249999999999920e+00,1.264999999999999902e+00,1.213750000000000107e+00,1.162509999999999932e+00
dSpan,1.284620000000000095e+00,1.284620000000000095e+00,1.284620000000000095e+00,1.284620000000000095e+00,1.284620000000000095e+00,1.284620000000000095e+00,1.284620000000000095e+00,1.284620000000000095e+00,1.284620000000000095e+00,1.284620000000000095e+00,1.284620000000000095e+00,1.284620000000000095e+00,1.284620000000000095e+00,1.284620000000000095e+00,1.284620000000000095e+00,1.284620000000000095e+00,1.284620000000000095e+00,1.284620000000000095e+00,1.284620000000000095e+00,1.284620000000000095e+00,1.284620000000000095e+00,1.284620000000000095e+00,1.284620000000000095e+00,1.284620000000000095e+00,1.284620000000000095e+00,1.284620000000000095e+00,7.099199999999999955e-01,7.099199999999999955e-01,7.099199999999999955e-01,7.099199999999999955e-01,7.099199999999999955e-01,7.099199999999999955e-01,7.099199999999999955e-01,7.099199999999999955e-01,7.099199999999999955e-01,7.099199999999999955e-01,7.099199999999999955e-01,7.099199999999999955e-01,7.099199999999999955e-01,7.099199999999999955e-01,7.099199999999999955e-01,7.099199999999999955e-01,7.099199999999999955e-01,7.099199999999999955e-01,7.099199999999999955e-01,7.099199999999999955e-01,7.099199999999999955e-01,7.099199999999999955e-01,7.099199999999999955e-01,7.099199999999999955e-01,7.099199999999999955e-01,7.099199999999999955e-01,7.123800000000000132e-01,7.123800000000000132e-01,7.123800000000000132e-01,7.123800000000000132e-01,7.123800000000000132e-01,7.123800000000000132e-01,7.123800000000000132e-01,7.123800000000000132e-01,7.123800000000000132e-01,7.123800000000000132e-01,7.123800000000000132e-01,7.123800000000000132e-01,7.123800000000000132e-01,7.123800000000000132e-01,7.123800000000000132e-01,7.123800000000000132e-01,7.123800000000000132e-01,7.123800000000000132e-01,7.123800000000000132e-01,7.123800000000000132e-01,7.123800000000000132e-01,7.123800000000000132e-01,7.123800000000000132e-01,7.123800000000000132e-01,7.123800000000000132e-01,7.123800000000000132e-01,2.003500000000000003e-01,2.003500000000000003e-01,2.003500000000000003e-01,2.003500000000000003e-01,2.003500000000000003e-01,2.003500000000000003e-01,2.003500000000000003e-01,2.003500000000000003e-01,2.003500000000000003e-01,2.003500000000000003e-01,2.003500000000000003e-01,2.003500000000000003e-01,2.003500000000000003e-01,2.003500000000000003e-01,2.003500000000000003e-01,2.003500000000000003e-01,2.003500000000000003e-01,2.003500000000000003e-01,2.003500000000000003e-01,2.003500000000000003e-01,2.003500000000000003e-01,2.003500000000000003e-01,2.003500000000000003e-01,2.003500000000000003e-01,2.003500000000000003e-01,2.003500000000000003e-01
roverR,inf,inf,inf,inf,inf,inf,inf,inf,inf,inf,inf,inf,inf,inf,inf,inf,inf,inf,inf,inf,inf,inf,inf,inf,inf,inf,inf,inf,inf,inf,inf,inf,inf,inf,inf,inf,inf,inf,inf,inf,inf,inf,inf,inf,inf,inf,inf,inf,inf,inf,inf,inf,inf,inf,inf,inf,inf,inf,inf,inf,inf,inf,inf,inf,inf,inf,inf,inf,inf,inf,inf,inf,inf,inf,inf,inf,inf,inf,inf,inf,inf,inf,inf,inf,inf,inf,inf,inf,inf,inf,inf,inf,inf,inf,inf,inf,inf,inf,inf,inf,inf,inf,inf,inf
Results_Name,CpSlice_Wrapper
Results_Timestamp,1788935387
Results_Date,9,9,2026
Results_Time,9,29,47
CpSlice_Case_ID_Vec,ELUVJGU
Num_Cuts,1
