 REPAIRMACH_INVENTORY_BEGIN 
 GEOM;ID=EKYLTRLALM;NAME=Fuselage;TYPE=Fuselage;BMIN_X=-5.92119e-16;BMIN_Y=-1.99489;BMIN_Z=-2.87536;BMAX_X=64.2257;BMAX_Y=1.99489;BMAX_Z=3.90826;SET_1=true;SET_2=false 
 PARM;GEOM_ID=EKYLTRLALM;ID=FQDLWZUYRMW;NAME=Abs_Or_Relitive_flag;GROUP=XForm;VALUE=1 
 PARM;GEOM_ID=EKYLTRLALM;ID=UYSYJRCRYRZ;NAME=Last_Scale;GROUP=XForm;VALUE=1 
 PARM;GEOM_ID=EKYLTRLALM;ID=VZSZLZDIMTU;NAME=Origin;GROUP=XForm;VALUE=0 
 PARM;GEOM_ID=EKYLTRLALM;ID=LHSGDADRBYO;NAME=Scale;GROUP=XForm;VALUE=1 
 PARM;GEOM_ID=EKYLTRLALM;ID=XGRGBAEEMSI;NAME=X_Location;GROUP=XForm;VALUE=0 
 PARM;GEOM_ID=EKYLTRLALM;ID=GFODDWRRTWQ;NAME=X_Rel_Location;GROUP=XForm;VALUE=0 
 PARM;GEOM_ID=EKYLTRLALM;ID=TOZAXTLFLYM;NAME=X_Rel_Rotation;GROUP=XForm;VALUE=0 
 PARM;GEOM_ID=EKYLTRLALM;ID=WMHZGJDJGBJ;NAME=X_Rotation;GROUP=XForm;VALUE=0 
 PARM;GEOM_ID=EKYLTRLALM;ID=BAUEUOBNMTZ;NAME=Y_Location;GROUP=XForm;VALUE=0 
 PARM;GEOM_ID=EKYLTRLALM;ID=ZSMPHVYQVLZ;NAME=Y_Rel_Location;GROUP=XForm;VALUE=0 
 PARM;GEOM_ID=EKYLTRLALM;ID=HOJSDARYWFG;NAME=Y_Rel_Rotation;GROUP=XForm;VALUE=0 
 PARM;GEOM_ID=EKYLTRLALM;ID=QJFKTHGHROA;NAME=Y_Rotation;GROUP=XForm;VALUE=0 
 PARM;GEOM_ID=EKYLTRLALM;ID=YPZYLXKFVAH;NAME=Z_Location;GROUP=XForm;VALUE=0 
 PARM;GEOM_ID=EKYLTRLALM;ID=DGYGJUFLHLE;NAME=Z_Rel_Location;GROUP=XForm;VALUE=0 
 PARM;GEOM_ID=EKYLTRLALM;ID=BUEARQZMKVL;NAME=Z_Rel_Rotation;GROUP=XForm;VALUE=0 
 PARM;GEOM_ID=EKYLTRLALM;ID=IQLFAQMZYHJ;NAME=Z_Rotation;GROUP=XForm;VALUE=0 
 PARM;GEOM_ID=EKYLTRLALM;ID=JKHUPXBSDAY;NAME=Sym_Ancestor;GROUP=Sym;VALUE=1 
 PARM;GEOM_ID=EKYLTRLALM;ID=RMMVNIMZSVD;NAME=Sym_Ancestor_Origin_Flag;GROUP=Sym;VALUE=1 
 PARM;GEOM_ID=EKYLTRLALM;ID=SWPOBOYEZSK;NAME=Sym_Axial_Flag;GROUP=Sym;VALUE=0 
 PARM;GEOM_ID=EKYLTRLALM;ID=GQIACFDSJNS;NAME=Sym_Planar_Flag;GROUP=Sym;VALUE=0 
 PARM;GEOM_ID=EKYLTRLALM;ID=VUIFTHLGWCD;NAME=Sym_Rot_N;GROUP=Sym;VALUE=2 
 PARM;GEOM_ID=EKYLTRLALM;ID=LWTZYAZNCMW;NAME=Eta_Attach_Location;GROUP=Attach;VALUE=0 
 PARM;GEOM_ID=EKYLTRLALM;ID=LGTCJGSTZGS;NAME=L_01;GROUP=Attach;VALUE=1 
 PARM;GEOM_ID=EKYLTRLALM;ID=LCKLSVSXEFZ;NAME=L_Attach_Location;GROUP=Attach;VALUE=0 
 PARM;GEOM_ID=EKYLTRLALM;ID=GZRPSFFNSVO;NAME=L_Attach_Location0Len;GROUP=Attach;VALUE=0 
 PARM;GEOM_ID=EKYLTRLALM;ID=XSURPOUMVFE;NAME=M_Attach_Location;GROUP=Attach;VALUE=0.5 
 PARM;GEOM_ID=EKYLTRLALM;ID=SFXTLOGUWRM;NAME=N_Attach_Location;GROUP=Attach;VALUE=0.5 
 PARM;GEOM_ID=EKYLTRLALM;ID=RRWFLCKPSYT;NAME=R_01;GROUP=Attach;VALUE=1 
 PARM;GEOM_ID=EKYLTRLALM;ID=JNQIXYAMWLD;NAME=R_Attach_Location;GROUP=Attach;VALUE=0 
 PARM;GEOM_ID=EKYLTRLALM;ID=ZUSNKNHSWIV;NAME=R_Attach_Location0N;GROUP=Attach;VALUE=0 
 PARM;GEOM_ID=EKYLTRLALM;ID=YOXJXCCFWCC;NAME=Rots_Attach_Flag;GROUP=Attach;VALUE=0 
 PARM;GEOM_ID=EKYLTRLALM;ID=JGAERKWBQYQ;NAME=S_Attach_Location;GROUP=Attach;VALUE=0.5 
 PARM;GEOM_ID=EKYLTRLALM;ID=OBNMFKRKYQN;NAME=T_Attach_Location;GROUP=Attach;VALUE=0.5 
 PARM;GEOM_ID=EKYLTRLALM;ID=AAUBMQEELAD;NAME=Trans_Attach_Flag;GROUP=Attach;VALUE=0 
 PARM;GEOM_ID=EKYLTRLALM;ID=JYOMSGCEUTW;NAME=U_01;GROUP=Attach;VALUE=1 
 PARM;GEOM_ID=EKYLTRLALM;ID=NDLQKGIGDCF;NAME=U_Attach_Location;GROUP=Attach;VALUE=0 
 PARM;GEOM_ID=EKYLTRLALM;ID=YUTIYCPSAXJ;NAME=U_Attach_Location0N;GROUP=Attach;VALUE=0 
 PARM;GEOM_ID=EKYLTRLALM;ID=SHCXYYNMVOD;NAME=V_Attach_Location;GROUP=Attach;VALUE=0 
 PARM;GEOM_ID=EKYLTRLALM;ID=LITDEMCUEOM;NAME=Tess_U;GROUP=Shape;VALUE=31 
 PARM;GEOM_ID=EKYLTRLALM;ID=FLVIVPWIBCB;NAME=Tess_W;GROUP=Shape;VALUE=25 
 PARM;GEOM_ID=EKYLTRLALM;ID=AXBSDHOULOI;NAME=Wake;GROUP=Shape;VALUE=0 
 PARM;GEOM_ID=EKYLTRLALM;ID=DVXQGYNZPJO;NAME=AutoExtensionFlag;GROUP=EngineModel;VALUE=0 
 PARM;GEOM_ID=EKYLTRLALM;ID=CSMEDHUTZKR;NAME=AutoExtensionSet;GROUP=EngineModel;VALUE=1 
 PARM;GEOM_ID=EKYLTRLALM;ID=AQKQWQIVSEX;NAME=EngineShowStationsFlag;GROUP=EngineModel;VALUE=1 
 PARM;GEOM_ID=EKYLTRLALM;ID=AYRQNBIYWNO;NAME=ExtensionDistance;GROUP=EngineModel;VALUE=10 
 PARM;GEOM_ID=EKYLTRLALM;ID=SHBWNHWEQFH;NAME=GeomIOType;GROUP=EngineModel;VALUE=0 
 PARM;GEOM_ID=EKYLTRLALM;ID=NTTAMUKHETE;NAME=GeomInType;GROUP=EngineModel;VALUE=0 
 PARM;GEOM_ID=EKYLTRLALM;ID=CJJLKHLURMY;NAME=GeomOutType;GROUP=EngineModel;VALUE=1 
 PARM;GEOM_ID=EKYLTRLALM;ID=KONQSBRJGJD;NAME=InletFaceIndex;GROUP=EngineModel;VALUE=0 
 PARM;GEOM_ID=EKYLTRLALM;ID=RUGTHEJBVHW;NAME=InletFaceMode;GROUP=EngineModel;VALUE=0 
 PARM;GEOM_ID=EKYLTRLALM;ID=EHVSYMHNDLZ;NAME=InletFaceU;GROUP=EngineModel;VALUE=0 
 PARM;GEOM_ID=EKYLTRLALM;ID=VWYAMDKREOA;NAME=InletLipIndex;GROUP=EngineModel;VALUE=0 
 PARM;GEOM_ID=EKYLTRLALM;ID=WIRDGFCIEBY;NAME=InletLipMode;GROUP=EngineModel;VALUE=0 
 PARM;GEOM_ID=EKYLTRLALM;ID=HHRTVSHHDMY;NAME=InletLipU;GROUP=EngineModel;VALUE=0 
 PARM;GEOM_ID=EKYLTRLALM;ID=MHHQEIEEPEU;NAME=InletModeType;GROUP=EngineModel;VALUE=3 
 PARM;GEOM_ID=EKYLTRLALM;ID=RULFIGVILGQ;NAME=OutletFaceIndex;GROUP=EngineModel;VALUE=0 
 PARM;GEOM_ID=EKYLTRLALM;ID=EPOSPMHRJTN;NAME=OutletFaceMode;GROUP=EngineModel;VALUE=0 
 PARM;GEOM_ID=EKYLTRLALM;ID=RNWNDSXIMQC;NAME=OutletFaceU;GROUP=EngineModel;VALUE=0 
 PARM;GEOM_ID=EKYLTRLALM;ID=WISYMRCNHEB;NAME=OutletLipIndex;GROUP=EngineModel;VALUE=0 
 PARM;GEOM_ID=EKYLTRLALM;ID=NRZNTLRWMAZ;NAME=OutletLipMode;GROUP=EngineModel;VALUE=0 
 PARM;GEOM_ID=EKYLTRLALM;ID=KGANOAMNTWZ;NAME=OutletLipU;GROUP=EngineModel;VALUE=0 
 PARM;GEOM_ID=EKYLTRLALM;ID=ECBITQNBCBV;NAME=OutletModeType;GROUP=EngineModel;VALUE=3 
 PARM;GEOM_ID=EKYLTRLALM;ID=IYLJRSRDIMH;NAME=RotExtensionFlag;GROUP=EngineModel;VALUE=0 
 PARM;GEOM_ID=EKYLTRLALM;ID=CIJMRYBKNCV;NAME=Negative_Volume_Flag;GROUP=Negative_Volume_Props;VALUE=0 
 PARM;GEOM_ID=EKYLTRLALM;ID=LKKMVKIOTQS;NAME=WakeAngle;GROUP=WakeSettings;VALUE=0 
 PARM;GEOM_ID=EKYLTRLALM;ID=DFACKSZYYIC;NAME=WakeScale;GROUP=WakeSettings;VALUE=2 
 PARM;GEOM_ID=EKYLTRLALM;ID=AWBIXEFCTKS;NAME=CGx;GROUP=Mass_Props;VALUE=0 
 PARM;GEOM_ID=EKYLTRLALM;ID=ILLGZPKLQSU;NAME=CGy;GROUP=Mass_Props;VALUE=0 
 PARM;GEOM_ID=EKYLTRLALM;ID=ZCBJBCUWCZL;NAME=CGz;GROUP=Mass_Props;VALUE=0 
 PARM;GEOM_ID=EKYLTRLALM;ID=TZWCZNJXYBQ;NAME=Density;GROUP=Mass_Props;VALUE=1 
 PARM;GEOM_ID=EKYLTRLALM;ID=OJKBSDXXCGW;NAME=Ixx;GROUP=Mass_Props;VALUE=0 
 PARM;GEOM_ID=EKYLTRLALM;ID=WSOGYSNVUVU;NAME=Ixy;GROUP=Mass_Props;VALUE=0 
 PARM;GEOM_ID=EKYLTRLALM;ID=PGEIYMXJNRI;NAME=Ixz;GROUP=Mass_Props;VALUE=0 
 PARM;GEOM_ID=EKYLTRLALM;ID=KSCOVEBZALC;NAME=Iyy;GROUP=Mass_Props;VALUE=0 
 PARM;GEOM_ID=EKYLTRLALM;ID=TWPPAXDORII;NAME=Iyz;GROUP=Mass_Props;VALUE=0 
 PARM;GEOM_ID=EKYLTRLALM;ID=LWCCDKGAXWZ;NAME=Izz;GROUP=Mass_Props;VALUE=0 
 PARM;GEOM_ID=EKYLTRLALM;ID=QBDPPZUBUWY;NAME=Mass_Area;GROUP=Mass_Props;VALUE=1 
 PARM;GEOM_ID=EKYLTRLALM;ID=DCKOIANKWNP;NAME=Mass_Prior;GROUP=Mass_Props;VALUE=0 
 PARM;GEOM_ID=EKYLTRLALM;ID=JAGTBXPALBD;NAME=PointMass;GROUP=Mass_Props;VALUE=0 
 PARM;GEOM_ID=EKYLTRLALM;ID=ZTGWMEFJHQB;NAME=Shell_Flag;GROUP=Mass_Props;VALUE=0 
 PARM;GEOM_ID=EKYLTRLALM;ID=TUXHQPMQRZE;NAME=X_Len;GROUP=BBox;VALUE=64.2257 
 PARM;GEOM_ID=EKYLTRLALM;ID=IHZEPECHKGW;NAME=X_Min;GROUP=BBox;VALUE=-5.92119e-16 
 PARM;GEOM_ID=EKYLTRLALM;ID=GCXJRLNXPDX;NAME=Y_Len;GROUP=BBox;VALUE=3.98978 
 PARM;GEOM_ID=EKYLTRLALM;ID=ZNELZFNPEWV;NAME=Y_Min;GROUP=BBox;VALUE=-1.99489 
 PARM;GEOM_ID=EKYLTRLALM;ID=XNISZUPIKBD;NAME=Z_Len;GROUP=BBox;VALUE=6.78362 
 PARM;GEOM_ID=EKYLTRLALM;ID=PHJJXPWJAIW;NAME=Z_Min;GROUP=BBox;VALUE=-2.87536 
 PARM;GEOM_ID=EKYLTRLALM;ID=FDAMFJKSCUG;NAME=CapUMaxLength;GROUP=EndCap;VALUE=1 
 PARM;GEOM_ID=EKYLTRLALM;ID=MISVGLSEJLD;NAME=CapUMaxOffset;GROUP=EndCap;VALUE=0 
 PARM;GEOM_ID=EKYLTRLALM;ID=DVJFQRCUZZD;NAME=CapUMaxOption;GROUP=EndCap;VALUE=0 
 PARM;GEOM_ID=EKYLTRLALM;ID=ZZIRZONPUDW;NAME=CapUMaxStrength;GROUP=EndCap;VALUE=0.5 
 PARM;GEOM_ID=EKYLTRLALM;ID=PEKUTGEZIEQ;NAME=CapUMaxSweepFlag;GROUP=EndCap;VALUE=0 
 PARM;GEOM_ID=EKYLTRLALM;ID=VDSDLUBQIBJ;NAME=CapUMinLength;GROUP=EndCap;VALUE=1 
 PARM;GEOM_ID=EKYLTRLALM;ID=QCBSZBCJRFR;NAME=CapUMinOffset;GROUP=EndCap;VALUE=0 
 PARM;GEOM_ID=EKYLTRLALM;ID=VNJFHUHFGQA;NAME=CapUMinOption;GROUP=EndCap;VALUE=0 
 PARM;GEOM_ID=EKYLTRLALM;ID=ADHIWFORRCZ;NAME=CapUMinStrength;GROUP=EndCap;VALUE=0.5 
 PARM;GEOM_ID=EKYLTRLALM;ID=QPUWSDCNHTC;NAME=CapUMinSweepFlag;GROUP=EndCap;VALUE=0 
 PARM;GEOM_ID=EKYLTRLALM;ID=TOYSMDHBETB;NAME=CapUMinTess;GROUP=EndCap;VALUE=3 
 PARM;GEOM_ID=EKYLTRLALM;ID=OVKZNPCVZZY;NAME=ExpandedList;GROUP=ParasiteDragProps;VALUE=0 
 PARM;GEOM_ID=EKYLTRLALM;ID=WDRTNOBVLMS;NAME=FFBodyEqnType;GROUP=ParasiteDragProps;VALUE=3 
 PARM;GEOM_ID=EKYLTRLALM;ID=UEKQSQAYNRX;NAME=FFUser;GROUP=ParasiteDragProps;VALUE=1 
 PARM;GEOM_ID=EKYLTRLALM;ID=ZVJKNOKGNRG;NAME=FFWingEqnType;GROUP=ParasiteDragProps;VALUE=3 
 PARM;GEOM_ID=EKYLTRLALM;ID=NGRJRYMPCMD;NAME=IncorporatedGen;GROUP=ParasiteDragProps;VALUE=0 
 PARM;GEOM_ID=EKYLTRLALM;ID=FWBDULKKKJZ;NAME=PercLam;GROUP=ParasiteDragProps;VALUE=0 
 PARM;GEOM_ID=EKYLTRLALM;ID=KSBBGDALNBY;NAME=Q;GROUP=ParasiteDragProps;VALUE=1 
 PARM;GEOM_ID=EKYLTRLALM;ID=ZECUPIGVFMS;NAME=Roughness;GROUP=ParasiteDragProps;VALUE=0 
 PARM;GEOM_ID=EKYLTRLALM;ID=OJYZKKWKFVN;NAME=TawTwRatio;GROUP=ParasiteDragProps;VALUE=1 
 PARM;GEOM_ID=EKYLTRLALM;ID=OEBOCSTKYER;NAME=TeTwRatio;GROUP=ParasiteDragProps;VALUE=1 
 PARM;GEOM_ID=EKYLTRLALM;ID=NGYPNNCRINL;NAME=ActiveXSec;GROUP=Index;VALUE=3 
 PARM;GEOM_ID=EKYLTRLALM;ID=VAVCWTHNBQG;NAME=Length;GROUP=Design;VALUE=64.2257 
 PARM;GEOM_ID=EKYLTRLALM;ID=VRQRDACKNWQ;NAME=OrderPolicy;GROUP=Design;VALUE=0 
 PARM;GEOM_ID=EKYLTRLALM;ID=TSNAEBIMPCP;NAME=AftCluster;GROUP=XSec;VALUE=1 
 PARM;GEOM_ID=EKYLTRLALM;ID=CCGPZVRVKBF;NAME=AllSym;GROUP=XSec;VALUE=0 
 PARM;GEOM_ID=EKYLTRLALM;ID=YMQCDTQPAET;NAME=BottomLAngle;GROUP=XSec;VALUE=16.5789 
 PARM;GEOM_ID=EKYLTRLALM;ID=VWJWWQMTBIJ;NAME=BottomLAngleSet;GROUP=XSec;VALUE=1 
 PARM;GEOM_ID=EKYLTRLALM;ID=VEUFBNGMYCF;NAME=BottomLCurve;GROUP=XSec;VALUE=2.60287 
 PARM;GEOM_ID=EKYLTRLALM;ID=MZBECYSOJLC;NAME=BottomLCurveSet;GROUP=XSec;VALUE=0 
 PARM;GEOM_ID=EKYLTRLALM;ID=CNLLBFTAXDC;NAME=BottomLRAngleEq;GROUP=XSec;VALUE=1 
 PARM;GEOM_ID=EKYLTRLALM;ID=QAXBGAJSHMG;NAME=BottomLRCurveEq;GROUP=XSec;VALUE=0 
 PARM;GEOM_ID=EKYLTRLALM;ID=FYQTEOYXFWV;NAME=BottomLRSlewEq;GROUP=XSec;VALUE=0 
 PARM;GEOM_ID=EKYLTRLALM;ID=AKDVIFMPCBM;NAME=BottomLRStrengthEq;GROUP=XSec;VALUE=0 
 PARM;GEOM_ID=EKYLTRLALM;ID=OYLBWSVOKDI;NAME=BottomLSlew;GROUP=XSec;VALUE=0 
 PARM;GEOM_ID=EKYLTRLALM;ID=KAXCQKLWDFP;NAME=BottomLSlewSet;GROUP=XSec;VALUE=1 
 PARM;GEOM_ID=EKYLTRLALM;ID=XNYHEWBUEHN;NAME=BottomLStrength;GROUP=XSec;VALUE=0.75 
 PARM;GEOM_ID=EKYLTRLALM;ID=VJXAVKMBZHP;NAME=BottomLStrengthSet;GROUP=XSec;VALUE=1 
 PARM;GEOM_ID=EKYLTRLALM;ID=RCIMTLVKGAK;NAME=BottomRAngle;GROUP=XSec;VALUE=16.5789 
 PARM;GEOM_ID=EKYLTRLALM;ID=ONXIDTWEVZK;NAME=BottomRAngleSet;GROUP=XSec;VALUE=1 
 PARM;GEOM_ID=EKYLTRLALM;ID=XSTGILGTDHX;NAME=BottomRCurve;GROUP=XSec;VALUE=2.60287 
 PARM;GEOM_ID=EKYLTRLALM;ID=ANZLIGWZINK;NAME=BottomRCurveSet;GROUP=XSec;VALUE=0 
 PARM;GEOM_ID=EKYLTRLALM;ID=EFRMBXBGTNO;NAME=BottomRSlew;GROUP=XSec;VALUE=0 
 PARM;GEOM_ID=EKYLTRLALM;ID=CVEFAQESIUI;NAME=BottomRSlewSet;GROUP=XSec;VALUE=1 
 PARM;GEOM_ID=EKYLTRLALM;ID=QBLHURPOBZF;NAME=BottomRStrength;GROUP=XSec;VALUE=1 
 PARM;GEOM_ID=EKYLTRLALM;ID=OROIIWMAXMN;NAME=BottomRStrengthSet;GROUP=XSec;VALUE=1 
 PARM;GEOM_ID=EKYLTRLALM;ID=BZIQTOMYRNS;NAME=ContinuityBottom;GROUP=XSec;VALUE=0 
 PARM;GEOM_ID=EKYLTRLALM;ID=GJMEDBBMCDK;NAME=ContinuityLeft;GROUP=XSec;VALUE=0 
 PARM;GEOM_ID=EKYLTRLALM;ID=WRZGIFARJOQ;NAME=ContinuityRight;GROUP=XSec;VALUE=0 
 PARM;GEOM_ID=EKYLTRLALM;ID=VGYWDBBGWYN;NAME=ContinuityTop;GROUP=XSec;VALUE=0 
 PARM;GEOM_ID=EKYLTRLALM;ID=JKIKAUWMZDW;NAME=FwdCluster;GROUP=XSec;VALUE=1 
 PARM;GEOM_ID=EKYLTRLALM;ID=UPNDKISUNJK;NAME=LeftLAngle;GROUP=XSec;VALUE=26.0526 
 PARM;GEOM_ID=EKYLTRLALM;ID=XKCHAIGQNPM;NAME=LeftLAngleSet;GROUP=XSec;VALUE=1 
 PARM;GEOM_ID=EKYLTRLALM;ID=EXPHLNPEWEF;NAME=LeftLCurve;GROUP=XSec;VALUE=2.87515 
 PARM;GEOM_ID=EKYLTRLALM;ID=ZAEVHQPLTGR;NAME=LeftLCurveSet;GROUP=XSec;VALUE=0 
 PARM;GEOM_ID=EKYLTRLALM;ID=FGDRKGPADCA;NAME=LeftLRAngleEq;GROUP=XSec;VALUE=1 
 PARM;GEOM_ID=EKYLTRLALM;ID=IFWPPTYODEH;NAME=LeftLRCurveEq;GROUP=XSec;VALUE=0 
 PARM;GEOM_ID=EKYLTRLALM;ID=YRWMBBYJFHZ;NAME=LeftLRSlewEq;GROUP=XSec;VALUE=0 
 PARM;GEOM_ID=EKYLTRLALM;ID=HKFXCFARBDM;NAME=LeftLRStrengthEq;GROUP=XSec;VALUE=0 
 PARM;GEOM_ID=EKYLTRLALM;ID=KTPZWYEJMFJ;NAME=LeftLSlew;GROUP=XSec;VALUE=0 
 PARM;GEOM_ID=EKYLTRLALM;ID=PMCLKWJTUAY;NAME=LeftLSlewSet;GROUP=XSec;VALUE=1 
 PARM;GEOM_ID=EKYLTRLALM;ID=NJZQLIPWAGT;NAME=LeftLStrength;GROUP=XSec;VALUE=0.75 
 PARM;GEOM_ID=EKYLTRLALM;ID=SZHHEEAQULH;NAME=LeftLStrengthSet;GROUP=XSec;VALUE=1 
 PARM;GEOM_ID=EKYLTRLALM;ID=WEAJCQMAUMF;NAME=LeftRAngle;GROUP=XSec;VALUE=26.0526 
 PARM;GEOM_ID=EKYLTRLALM;ID=NRPOZBAGLCR;NAME=LeftRAngleSet;GROUP=XSec;VALUE=1 
 PARM;GEOM_ID=EKYLTRLALM;ID=YABGNJSWNWG;NAME=LeftRCurve;GROUP=XSec;VALUE=2.87515 
 PARM;GEOM_ID=EKYLTRLALM;ID=TAJBXHWPQYV;NAME=LeftRCurveSet;GROUP=XSec;VALUE=0 
 PARM;GEOM_ID=EKYLTRLALM;ID=TBJIQMLFQWH;NAME=LeftRSlew;GROUP=XSec;VALUE=0 
 PARM;GEOM_ID=EKYLTRLALM;ID=NPPBPNQZVQD;NAME=LeftRSlewSet;GROUP=XSec;VALUE=1 
 PARM;GEOM_ID=EKYLTRLALM;ID=HNBXGJVXZFC;NAME=LeftRStrength;GROUP=XSec;VALUE=1 
 PARM;GEOM_ID=EKYLTRLALM;ID=GWTSADKJTHE;NAME=LeftRStrengthSet;GROUP=XSec;VALUE=1 
 PARM;GEOM_ID=EKYLTRLALM;ID=TEWYMDHRKZK;NAME=RLSym;GROUP=XSec;VALUE=1 
 PARM;GEOM_ID=EKYLTRLALM;ID=MUKLBWZVQYO;NAME=RefLength;GROUP=XSec;VALUE=64.2257 
 PARM;GEOM_ID=EKYLTRLALM;ID=ZIGRNIZIUAO;NAME=RightLAngle;GROUP=XSec;VALUE=26.0526 
 PARM;GEOM_ID=EKYLTRLALM;ID=HYOJBUYXJXM;NAME=RightLAngleSet;GROUP=XSec;VALUE=1 
 PARM;GEOM_ID=EKYLTRLALM;ID=SPBKUCLLTSX;NAME=RightLCurve;GROUP=XSec;VALUE=2.87515 
 PARM;GEOM_ID=EKYLTRLALM;ID=ZRIPAIMXMWA;NAME=RightLCurveSet;GROUP=XSec;VALUE=0 
 PARM;GEOM_ID=EKYLTRLALM;ID=ZBMVQWALFJW;NAME=RightLRAngleEq;GROUP=XSec;VALUE=1 
 PARM;GEOM_ID=EKYLTRLALM;ID=ENYYXGHNBZO;NAME=RightLRCurveEq;GROUP=XSec;VALUE=0 
 PARM;GEOM_ID=EKYLTRLALM;ID=XBUEWEVWDXM;NAME=RightLRSlewEq;GROUP=XSec;VALUE=0 
 PARM;GEOM_ID=EKYLTRLALM;ID=YCJROXVYHLT;NAME=RightLRStrengthEq;GROUP=XSec;VALUE=0 
 PARM;GEOM_ID=EKYLTRLALM;ID=IVRKIIFUJJD;NAME=RightLSlew;GROUP=XSec;VALUE=0 
 PARM;GEOM_ID=EKYLTRLALM;ID=ZWMLVLGRWXN;NAME=RightLSlewSet;GROUP=XSec;VALUE=1 
 PARM;GEOM_ID=EKYLTRLALM;ID=ZCMAGNMFDGX;NAME=RightLStrength;GROUP=XSec;VALUE=0.75 
 PARM;GEOM_ID=EKYLTRLALM;ID=PXBXNSBFIVG;NAME=RightLStrengthSet;GROUP=XSec;VALUE=1 
 PARM;GEOM_ID=EKYLTRLALM;ID=CPBBYEQWNYJ;NAME=RightRAngle;GROUP=XSec;VALUE=26.0526 
 PARM;GEOM_ID=EKYLTRLALM;ID=CTCFOUZCLGZ;NAME=RightRAngleSet;GROUP=XSec;VALUE=1 
 PARM;GEOM_ID=EKYLTRLALM;ID=UUGWXHMDSMR;NAME=RightRCurve;GROUP=XSec;VALUE=2.87515 
 PARM;GEOM_ID=EKYLTRLALM;ID=ANVGWKPZSEW;NAME=RightRCurveSet;GROUP=XSec;VALUE=0 
 PARM;GEOM_ID=EKYLTRLALM;ID=PPRDJONQDWW;NAME=RightRSlew;GROUP=XSec;VALUE=0 
 PARM;GEOM_ID=EKYLTRLALM;ID=OARBBGYCHGN;NAME=RightRSlewSet;GROUP=XSec;VALUE=1 
 PARM;GEOM_ID=EKYLTRLALM;ID=HMYZTKBLKAT;NAME=RightRStrength;GROUP=XSec;VALUE=1 
 PARM;GEOM_ID=EKYLTRLALM;ID=NZUIEKYEAYC;NAME=RightRStrengthSet;GROUP=XSec;VALUE=1 
 PARM;GEOM_ID=EKYLTRLALM;ID=VSUHQZXCZDY;NAME=SectTess_U;GROUP=XSec;VALUE=6 
 PARM;GEOM_ID=EKYLTRLALM;ID=DAXKJOSAOSR;NAME=Spin;GROUP=XSec;VALUE=0 
 PARM;GEOM_ID=EKYLTRLALM;ID=PRRIBDMIKUV;NAME=TBSym;GROUP=XSec;VALUE=0 
 PARM;GEOM_ID=EKYLTRLALM;ID=AGXLPTNYYSK;NAME=TopLAngle;GROUP=XSec;VALUE=21.3158 
 PARM;GEOM_ID=EKYLTRLALM;ID=FDBAFTJRWQB;NAME=TopLAngleSet;GROUP=XSec;VALUE=1 
 PARM;GEOM_ID=EKYLTRLALM;ID=MGTHBYTTTUN;NAME=TopLCurve;GROUP=XSec;VALUE=2.65328 
 PARM;GEOM_ID=EKYLTRLALM;ID=VLMODMKPHFE;NAME=TopLCurveSet;GROUP=XSec;VALUE=0 
 PARM;GEOM_ID=EKYLTRLALM;ID=YPIPHDOLIIO;NAME=TopLRAngleEq;GROUP=XSec;VALUE=1 
 PARM;GEOM_ID=EKYLTRLALM;ID=AOXHHCTKLBW;NAME=TopLRCurveEq;GROUP=XSec;VALUE=0 
 PARM;GEOM_ID=EKYLTRLALM;ID=ULDPCKTBMWU;NAME=TopLRSlewEq;GROUP=XSec;VALUE=0 
 PARM;GEOM_ID=EKYLTRLALM;ID=KLFCPYHRCXH;NAME=TopLRStrengthEq;GROUP=XSec;VALUE=0 
 PARM;GEOM_ID=EKYLTRLALM;ID=DPDOJVVIWFO;NAME=TopLSlew;GROUP=XSec;VALUE=0 
 PARM;GEOM_ID=EKYLTRLALM;ID=IQLMRVJQFZB;NAME=TopLSlewSet;GROUP=XSec;VALUE=1 
 PARM;GEOM_ID=EKYLTRLALM;ID=JHBGRIIQKFF;NAME=TopLStrength;GROUP=XSec;VALUE=0.75 
 PARM;GEOM_ID=EKYLTRLALM;ID=ZKJTVGWJPFH;NAME=TopLStrengthSet;GROUP=XSec;VALUE=1 
 PARM;GEOM_ID=EKYLTRLALM;ID=PCVHFLVVIYQ;NAME=TopRAngle;GROUP=XSec;VALUE=21.3158 
 PARM;GEOM_ID=EKYLTRLALM;ID=THYRYJPGNJQ;NAME=TopRAngleSet;GROUP=XSec;VALUE=1 
 PARM;GEOM_ID=EKYLTRLALM;ID=FJHRBFEQUCG;NAME=TopRCurve;GROUP=XSec;VALUE=2.65328 
 PARM;GEOM_ID=EKYLTRLALM;ID=UPWTPJAPMSV;NAME=TopRCurveSet;GROUP=XSec;VALUE=0 
 PARM;GEOM_ID=EKYLTRLALM;ID=OIEEVBQPSRX;NAME=TopRSlew;GROUP=XSec;VALUE=0 
 PARM;GEOM_ID=EKYLTRLALM;ID=OHFDRNJZIWF;NAME=TopRSlewSet;GROUP=XSec;VALUE=1 
 PARM;GEOM_ID=EKYLTRLALM;ID=IGOGQABSOWL;NAME=TopRStrength;GROUP=XSec;VALUE=1 
 PARM;GEOM_ID=EKYLTRLALM;ID=IKBLSUTPZED;NAME=TopRStrengthSet;GROUP=XSec;VALUE=1 
 PARM;GEOM_ID=EKYLTRLALM;ID=HPUYTUHYTDR;NAME=XLocPercent;GROUP=XSec;VALUE=0 
 PARM;GEOM_ID=EKYLTRLALM;ID=BATPNWEUZXC;NAME=XRotate;GROUP=XSec;VALUE=0 
 PARM;GEOM_ID=EKYLTRLALM;ID=LJLOFXXYMRU;NAME=YLocPercent;GROUP=XSec;VALUE=0 
 PARM;GEOM_ID=EKYLTRLALM;ID=ZWKXZFQKVBE;NAME=YRotate;GROUP=XSec;VALUE=0 
 PARM;GEOM_ID=EKYLTRLALM;ID=FGNSAXBAXDV;NAME=ZLocPercent;GROUP=XSec;VALUE=-0.0245902 
 PARM;GEOM_ID=EKYLTRLALM;ID=CJBTRCURBLJ;NAME=ZRotate;GROUP=XSec;VALUE=0 
 PARM;GEOM_ID=EKYLTRLALM;ID=NUEGYOMUIIX;NAME=Area;GROUP=XSecCurve;VALUE=0 
 PARM;GEOM_ID=EKYLTRLALM;ID=JBUXKJBOAQV;NAME=DeltaX;GROUP=XSecCurve;VALUE=0 
 PARM;GEOM_ID=EKYLTRLALM;ID=PFNTUPYKEXA;NAME=DeltaY;GROUP=XSecCurve;VALUE=0 
 PARM;GEOM_ID=EKYLTRLALM;ID=GZSLJPFHJPG;NAME=HWRatio;GROUP=XSecCurve;VALUE=1 
 PARM;GEOM_ID=EKYLTRLALM;ID=KIMOGWZEJYY;NAME=Scale;GROUP=XSecCurve;VALUE=1 
 PARM;GEOM_ID=EKYLTRLALM;ID=SRUHEMWQPMG;NAME=ShiftLE;GROUP=XSecCurve;VALUE=0 
 PARM;GEOM_ID=EKYLTRLALM;ID=ILTVYZZYPVS;NAME=Theta;GROUP=XSecCurve;VALUE=0 
 PARM;GEOM_ID=EKYLTRLALM;ID=UOBFPMZBCRN;NAME=LE_Cap_Length;GROUP=Cap;VALUE=1 
 PARM;GEOM_ID=EKYLTRLALM;ID=ELIIHSMRRYF;NAME=LE_Cap_Offset;GROUP=Cap;VALUE=0 
 PARM;GEOM_ID=EKYLTRLALM;ID=TDLULQHAYBI;NAME=LE_Cap_Strength;GROUP=Cap;VALUE=0.5 
 PARM;GEOM_ID=EKYLTRLALM;ID=UZIYZPYXRSO;NAME=LE_Cap_Type;GROUP=Cap;VALUE=1 
 PARM;GEOM_ID=EKYLTRLALM;ID=VVGHNUHLYYU;NAME=TE_Cap_Length;GROUP=Cap;VALUE=1 
 PARM;GEOM_ID=EKYLTRLALM;ID=CDXHBWUNEJL;NAME=TE_Cap_Offset;GROUP=Cap;VALUE=0 
 PARM;GEOM_ID=EKYLTRLALM;ID=UQEFSEIMYDC;NAME=TE_Cap_Strength;GROUP=Cap;VALUE=0.5 
 PARM;GEOM_ID=EKYLTRLALM;ID=AHXIKCNVOTE;NAME=TE_Cap_Type;GROUP=Cap;VALUE=1 
 PARM;GEOM_ID=EKYLTRLALM;ID=EPMOZSIPAKI;NAME=LE_Close_AbsRel;GROUP=Close;VALUE=0 
 PARM;GEOM_ID=EKYLTRLALM;ID=BKEDLDLYWSJ;NAME=LE_Close_Thick;GROUP=Close;VALUE=0 
 PARM;GEOM_ID=EKYLTRLALM;ID=HOTTARHZWUE;NAME=LE_Close_Thick_Chord;GROUP=Close;VALUE=0 
 PARM;GEOM_ID=EKYLTRLALM;ID=OPAAERVXTNC;NAME=LE_Close_Type;GROUP=Close;VALUE=0 
 PARM;GEOM_ID=EKYLTRLALM;ID=EKBFXUUSQCN;NAME=TE_Close_AbsRel;GROUP=Close;VALUE=0 
 PARM;GEOM_ID=EKYLTRLALM;ID=CDXWQKAAWAQ;NAME=TE_Close_Thick;GROUP=Close;VALUE=0 
 PARM;GEOM_ID=EKYLTRLALM;ID=GMNAQCMVVLN;NAME=TE_Close_Thick_Chord;GROUP=Close;VALUE=0 
 PARM;GEOM_ID=EKYLTRLALM;ID=HQCRZLASHNG;NAME=TE_Close_Type;GROUP=Close;VALUE=0 
 PARM;GEOM_ID=EKYLTRLALM;ID=FTVJPFBCWIX;NAME=LE_Trim_AbsRel;GROUP=Trim;VALUE=0 
 PARM;GEOM_ID=EKYLTRLALM;ID=VRDZLUPAXRV;NAME=LE_Trim_Thick;GROUP=Trim;VALUE=0 
 PARM;GEOM_ID=EKYLTRLALM;ID=OHEETGKDDEB;NAME=LE_Trim_Thick_Chord;GROUP=Trim;VALUE=0 
 PARM;GEOM_ID=EKYLTRLALM;ID=VAUHPQGGXGV;NAME=LE_Trim_Type;GROUP=Trim;VALUE=0 
 PARM;GEOM_ID=EKYLTRLALM;ID=GNDCHCWGRTV;NAME=LE_Trim_X;GROUP=Trim;VALUE=0 
 PARM;GEOM_ID=EKYLTRLALM;ID=DRUNZFYZCKP;NAME=LE_Trim_X_Chord;GROUP=Trim;VALUE=0 
 PARM;GEOM_ID=EKYLTRLALM;ID=GTIVXRZNMQB;NAME=TE_Trim_AbsRel;GROUP=Trim;VALUE=0 
 PARM;GEOM_ID=EKYLTRLALM;ID=LQYRNOWLQIB;NAME=TE_Trim_Thick;GROUP=Trim;VALUE=0 
 PARM;GEOM_ID=EKYLTRLALM;ID=NKHXWAXLHSW;NAME=TE_Trim_Thick_Chord;GROUP=Trim;VALUE=0 
 PARM;GEOM_ID=EKYLTRLALM;ID=ROYUDPGWXUI;NAME=TE_Trim_Type;GROUP=Trim;VALUE=0 
 PARM;GEOM_ID=EKYLTRLALM;ID=SLKQXEUSMQX;NAME=TE_Trim_X;GROUP=Trim;VALUE=0 
 PARM;GEOM_ID=EKYLTRLALM;ID=LAETAHCEHWZ;NAME=TE_Trim_X_Chord;GROUP=Trim;VALUE=0 
 PARM;GEOM_ID=EKYLTRLALM;ID=VEQRBBFFYGE;NAME=TE_Flap_DT;GROUP=Flap;VALUE=0 
 PARM;GEOM_ID=EKYLTRLALM;ID=XQCDZGQJMKJ;NAME=TE_Flap_Deflection;GROUP=Flap;VALUE=0 
 PARM;GEOM_ID=EKYLTRLALM;ID=ZQNAYXKONEE;NAME=TE_Flap_Flag;GROUP=Flap;VALUE=0 
 PARM;GEOM_ID=EKYLTRLALM;ID=IJWHCYZWGRO;NAME=TE_Flap_T;GROUP=Flap;VALUE=0.2 
 PARM;GEOM_ID=EKYLTRLALM;ID=KDNERRPVRBU;NAME=TE_Flap_Type;GROUP=Flap;VALUE=0 
 PARM;GEOM_ID=EKYLTRLALM;ID=EDLZQHCNLAG;NAME=TE_Flap_X;GROUP=Flap;VALUE=0 
 PARM;GEOM_ID=EKYLTRLALM;ID=HHGCVTVUQMX;NAME=TE_Flap_X_Chord;GROUP=Flap;VALUE=0.2 
 PARM;GEOM_ID=EKYLTRLALM;ID=SDMWPBVCVHY;NAME=TE_Flap_Y_Frc;GROUP=Flap;VALUE=0.5 
 PARM;GEOM_ID=EKYLTRLALM;ID=BJOBLLVLGMS;NAME=TE_Trim_AbsRel;GROUP=Flap;VALUE=1 
 PARM;GEOM_ID=EKYLTRLALM;ID=JCZBDDLMIYA;NAME=XSecFlipImageFlag;GROUP=XSecCurve_Background;VALUE=0 
 PARM;GEOM_ID=EKYLTRLALM;ID=AZTXLGSUNIF;NAME=XSecImageFlag;GROUP=XSecCurve_Background;VALUE=0 
 PARM;GEOM_ID=EKYLTRLALM;ID=RKFGBMIPQQP;NAME=XSecImageH;GROUP=XSecCurve_Background;VALUE=1 
 PARM;GEOM_ID=EKYLTRLALM;ID=RCNIIWKOZYS;NAME=XSecImagePreserveAR;GROUP=XSecCurve_Background;VALUE=1 
 PARM;GEOM_ID=EKYLTRLALM;ID=KWQTTDPHSIU;NAME=XSecImageW;GROUP=XSecCurve_Background;VALUE=1 
 PARM;GEOM_ID=EKYLTRLALM;ID=AMRMFOKTZOD;NAME=XSecImageXOffset;GROUP=XSecCurve_Background;VALUE=0 
 PARM;GEOM_ID=EKYLTRLALM;ID=BBGIMDWEHBL;NAME=XSecImageYOffset;GROUP=XSecCurve_Background;VALUE=0 
 PARM;GEOM_ID=EKYLTRLALM;ID=LNHXZCYKZLA;NAME=XSecLockImageFlag;GROUP=XSecCurve_Background;VALUE=0 
 PARM;GEOM_ID=EKYLTRLALM;ID=QYFXBOEYOPB;NAME=AllSym;GROUP=Chevron;VALUE=1 
 PARM;GEOM_ID=EKYLTRLALM;ID=VBNSVCVNNXK;NAME=BottomAmplitude;GROUP=Chevron;VALUE=1 
 PARM;GEOM_ID=EKYLTRLALM;ID=RRSZBSZTTCD;NAME=Bottom_Angle;GROUP=Chevron;VALUE=0 
 PARM;GEOM_ID=EKYLTRLALM;ID=JLBKETXHUER;NAME=Bottom_Slew;GROUP=Chevron;VALUE=0 
 PARM;GEOM_ID=EKYLTRLALM;ID=RWUIIAAPBIW;NAME=Chevron_Type;GROUP=Chevron;VALUE=0 
 PARM;GEOM_ID=EKYLTRLALM;ID=ZFYMQTZFPRO;NAME=LeftAmplitude;GROUP=Chevron;VALUE=1 
 PARM;GEOM_ID=EKYLTRLALM;ID=EMGMUQJSQAQ;NAME=Left_Angle;GROUP=Chevron;VALUE=0 
 PARM;GEOM_ID=EKYLTRLALM;ID=FXLVGGDRFDS;NAME=Left_Slew;GROUP=Chevron;VALUE=0 
 PARM;GEOM_ID=EKYLTRLALM;ID=GXRCNHILXRL;NAME=Number;GROUP=Chevron;VALUE=8 
 PARM;GEOM_ID=EKYLTRLALM;ID=HYRIFOPAQLO;NAME=Off_Duty;GROUP=Chevron;VALUE=0 
 PARM;GEOM_ID=EKYLTRLALM;ID=CLMZLPCUUON;NAME=On_Duty;GROUP=Chevron;VALUE=0 
 PARM;GEOM_ID=EKYLTRLALM;ID=PPSVOABSMFW;NAME=Peak_Radius;GROUP=Chevron;VALUE=0 
 PARM;GEOM_ID=EKYLTRLALM;ID=UBZCEAWTVAA;NAME=RLSym;GROUP=Chevron;VALUE=1 
 PARM;GEOM_ID=EKYLTRLALM;ID=NCBIXWLLSVU;NAME=RightAmplitude;GROUP=Chevron;VALUE=1 
 PARM;GEOM_ID=EKYLTRLALM;ID=HWCPRXEWCBG;NAME=Right_Angle;GROUP=Chevron;VALUE=0 
 PARM;GEOM_ID=EKYLTRLALM;ID=OZCZAJKOLIM;NAME=Right_Slew;GROUP=Chevron;VALUE=0 
 PARM;GEOM_ID=EKYLTRLALM;ID=WBJJNWXFYCL;NAME=TBSym;GROUP=Chevron;VALUE=1 
 PARM;GEOM_ID=EKYLTRLALM;ID=QITGPXOXCFN;NAME=TopAmplitude;GROUP=Chevron;VALUE=1 
 PARM;GEOM_ID=EKYLTRLALM;ID=HLTPMKGEGSI;NAME=Top_Angle;GROUP=Chevron;VALUE=0 
 PARM;GEOM_ID=EKYLTRLALM;ID=DCSJZJSADCS;NAME=Top_Slew;GROUP=Chevron;VALUE=0 
 PARM;GEOM_ID=EKYLTRLALM;ID=WEQCBBZTAYO;NAME=Valley_Radius;GROUP=Chevron;VALUE=0 
 PARM;GEOM_ID=EKYLTRLALM;ID=DWWDQWJKSFS;NAME=W01_Center;GROUP=Chevron;VALUE=0.25 
 PARM;GEOM_ID=EKYLTRLALM;ID=MTPQKYXLFVL;NAME=W01_Center_Guide;GROUP=Chevron;VALUE=5 
 PARM;GEOM_ID=EKYLTRLALM;ID=YDECJKWVMOA;NAME=W01_End;GROUP=Chevron;VALUE=0.5 
 PARM;GEOM_ID=EKYLTRLALM;ID=BHQRIDFKIAR;NAME=W01_End_Guide;GROUP=Chevron;VALUE=5 
 PARM;GEOM_ID=EKYLTRLALM;ID=JUMSGYGZYWB;NAME=W01_Mode;GROUP=Chevron;VALUE=0 
 PARM;GEOM_ID=EKYLTRLALM;ID=MEFNHYKOGNM;NAME=W01_Start;GROUP=Chevron;VALUE=0 
 PARM;GEOM_ID=EKYLTRLALM;ID=NGYIVLDUMXK;NAME=W01_Start_Guide;GROUP=Chevron;VALUE=5 
 PARM;GEOM_ID=EKYLTRLALM;ID=OTXZWEAADWA;NAME=W01_Width;GROUP=Chevron;VALUE=0.5 
 PARM;GEOM_ID=EKYLTRLALM;ID=CGRJNMGTIPX;NAME=AftCluster;GROUP=XSec;VALUE=1 
 PARM;GEOM_ID=EKYLTRLALM;ID=VKVXQUPXVBF;NAME=AllSym;GROUP=XSec;VALUE=0 
 PARM;GEOM_ID=EKYLTRLALM;ID=XFYQEDOPJQY;NAME=BottomLAngle;GROUP=XSec;VALUE=0 
 PARM;GEOM_ID=EKYLTRLALM;ID=UEDFMNDTLZQ;NAME=BottomLAngleSet;GROUP=XSec;VALUE=1 
 PARM;GEOM_ID=EKYLTRLALM;ID=DVDALDPTOUZ;NAME=BottomLCurve;GROUP=XSec;VALUE=14.6684 
 PARM;GEOM_ID=EKYLTRLALM;ID=MDEICNJDLLE;NAME=BottomLCurveSet;GROUP=XSec;VALUE=0 
 PARM;GEOM_ID=EKYLTRLALM;ID=BDVMNWTJRGN;NAME=BottomLRAngleEq;GROUP=XSec;VALUE=1 
 PARM;GEOM_ID=EKYLTRLALM;ID=GWNLTTTYJCK;NAME=BottomLRCurveEq;GROUP=XSec;VALUE=0 
 PARM;GEOM_ID=EKYLTRLALM;ID=NFIQRKSIYJO;NAME=BottomLRSlewEq;GROUP=XSec;VALUE=0 
 PARM;GEOM_ID=EKYLTRLALM;ID=RAUGXSLACAR;NAME=BottomLRStrengthEq;GROUP=XSec;VALUE=0 
 PARM;GEOM_ID=EKYLTRLALM;ID=RZBFXSQGWAP;NAME=BottomLSlew;GROUP=XSec;VALUE=0 
 PARM;GEOM_ID=EKYLTRLALM;ID=FFOINPJQXHQ;NAME=BottomLSlewSet;GROUP=XSec;VALUE=1 
 PARM;GEOM_ID=EKYLTRLALM;ID=BOXUHWOLTDR;NAME=BottomLStrength;GROUP=XSec;VALUE=1 
 PARM;GEOM_ID=EKYLTRLALM;ID=OYROBXEELBM;NAME=BottomLStrengthSet;GROUP=XSec;VALUE=1 
 PARM;GEOM_ID=EKYLTRLALM;ID=XALFYDWLCCN;NAME=BottomRAngle;GROUP=XSec;VALUE=0 
 PARM;GEOM_ID=EKYLTRLALM;ID=VVLYGOYJVOZ;NAME=BottomRAngleSet;GROUP=XSec;VALUE=1 
 PARM;GEOM_ID=EKYLTRLALM;ID=TBQSDDWCNME;NAME=BottomRCurve;GROUP=XSec;VALUE=0.117787 
 PARM;GEOM_ID=EKYLTRLALM;ID=AUWIAZBFEOU;NAME=BottomRCurveSet;GROUP=XSec;VALUE=0 
 PARM;GEOM_ID=EKYLTRLALM;ID=JBWFEFNMHHQ;NAME=BottomRSlew;GROUP=XSec;VALUE=0 
 PARM;GEOM_ID=EKYLTRLALM;ID=GCXPNGEZYDR;NAME=BottomRSlewSet;GROUP=XSec;VALUE=1 
 PARM;GEOM_ID=EKYLTRLALM;ID=AWMKYYVPCVS;NAME=BottomRStrength;GROUP=XSec;VALUE=1 
 PARM;GEOM_ID=EKYLTRLALM;ID=HRRINUHDYPO;NAME=BottomRStrengthSet;GROUP=XSec;VALUE=1 
 PARM;GEOM_ID=EKYLTRLALM;ID=NGCSACNLEFN;NAME=ContinuityBottom;GROUP=XSec;VALUE=0 
 PARM;GEOM_ID=EKYLTRLALM;ID=LKPBGSFSTAO;NAME=ContinuityLeft;GROUP=XSec;VALUE=0 
 PARM;GEOM_ID=EKYLTRLALM;ID=PBDEACWVDNE;NAME=ContinuityRight;GROUP=XSec;VALUE=0 
 PARM;GEOM_ID=EKYLTRLALM;ID=LQMAZLEPWTX;NAME=ContinuityTop;GROUP=XSec;VALUE=0 
 PARM;GEOM_ID=EKYLTRLALM;ID=DPMWSVBVRPF;NAME=FwdCluster;GROUP=XSec;VALUE=1 
 PARM;GEOM_ID=EKYLTRLALM;ID=EHAQKSGYBYF;NAME=LeftLAngle;GROUP=XSec;VALUE=-2.36842 
 PARM;GEOM_ID=EKYLTRLALM;ID=EYCVTNTFOKU;NAME=LeftLAngleSet;GROUP=XSec;VALUE=1 
 PARM;GEOM_ID=EKYLTRLALM;ID=UYCQEQYRPIY;NAME=LeftLCurve;GROUP=XSec;VALUE=15.2024 
 PARM;GEOM_ID=EKYLTRLALM;ID=LLCBYPHWBOB;NAME=LeftLCurveSet;GROUP=XSec;VALUE=0 
 PARM;GEOM_ID=EKYLTRLALM;ID=VPXTFYXCLLW;NAME=LeftLRAngleEq;GROUP=XSec;VALUE=0 
 PARM;GEOM_ID=EKYLTRLALM;ID=USVMAORAITU;NAME=LeftLRCurveEq;GROUP=XSec;VALUE=0 
 PARM;GEOM_ID=EKYLTRLALM;ID=NDWJXLGZXXU;NAME=LeftLRSlewEq;GROUP=XSec;VALUE=0 
 PARM;GEOM_ID=EKYLTRLALM;ID=GNRAQQMELCN;NAME=LeftLRStrengthEq;GROUP=XSec;VALUE=0 
 PARM;GEOM_ID=EKYLTRLALM;ID=JDKTCXWCHRP;NAME=LeftLSlew;GROUP=XSec;VALUE=0 
 PARM;GEOM_ID=EKYLTRLALM;ID=BQUZOVUZZTP;NAME=LeftLSlewSet;GROUP=XSec;VALUE=1 
 PARM;GEOM_ID=EKYLTRLALM;ID=WSJMKWJDFQF;NAME=LeftLStrength;GROUP=XSec;VALUE=1 
 PARM;GEOM_ID=EKYLTRLALM;ID=SXFJCSPEEEH;NAME=LeftLStrengthSet;GROUP=XSec;VALUE=1 
 PARM;GEOM_ID=EKYLTRLALM;ID=YXCOPVMFBZW;NAME=LeftRAngle;GROUP=XSec;VALUE=0 
 PARM;GEOM_ID=EKYLTRLALM;ID=CYORMJMIZKW;NAME=LeftRAngleSet;GROUP=XSec;VALUE=1 
 PARM;GEOM_ID=EKYLTRLALM;ID=XNWHOOWIEHV;NAME=LeftRCurve;GROUP=XSec;VALUE=-0.549999 
 PARM;GEOM_ID=EKYLTRLALM;ID=DXLZYLHRMQM;NAME=LeftRCurveSet;GROUP=XSec;VALUE=0 
 PARM;GEOM_ID=EKYLTRLALM;ID=XYCSPYKLBLS;NAME=LeftRSlew;GROUP=XSec;VALUE=0 
 PARM;GEOM_ID=EKYLTRLALM;ID=QJEMDOUFCPT;NAME=LeftRSlewSet;GROUP=XSec;VALUE=1 
 PARM;GEOM_ID=EKYLTRLALM;ID=SRIZYDARRSL;NAME=LeftRStrength;GROUP=XSec;VALUE=1 
 PARM;GEOM_ID=EKYLTRLALM;ID=RZJGZPEAGND;NAME=LeftRStrengthSet;GROUP=XSec;VALUE=1 
 PARM;GEOM_ID=EKYLTRLALM;ID=SNNIROAUZLU;NAME=RLSym;GROUP=XSec;VALUE=1 
 PARM;GEOM_ID=EKYLTRLALM;ID=VSSJLPMSZBI;NAME=RefLength;GROUP=XSec;VALUE=64.2257 
 PARM;GEOM_ID=EKYLTRLALM;ID=DJEMYDGUQVQ;NAME=RightLAngle;GROUP=XSec;VALUE=-2.36842 
 PARM;GEOM_ID=EKYLTRLALM;ID=ZPCYWIIWTQZ;NAME=RightLAngleSet;GROUP=XSec;VALUE=1 
 PARM;GEOM_ID=EKYLTRLALM;ID=TAWDTRRIDYY;NAME=RightLCurve;GROUP=XSec;VALUE=15.2024 
 PARM;GEOM_ID=EKYLTRLALM;ID=UDSCULCCHLO;NAME=RightLCurveSet;GROUP=XSec;VALUE=0 
 PARM;GEOM_ID=EKYLTRLALM;ID=KMYMMZKAKPF;NAME=RightLRAngleEq;GROUP=XSec;VALUE=0 
 PARM;GEOM_ID=EKYLTRLALM;ID=RPFVVKSBBTY;NAME=RightLRCurveEq;GROUP=XSec;VALUE=0 
 PARM;GEOM_ID=EKYLTRLALM;ID=QRWKUDUOKKH;NAME=RightLRSlewEq;GROUP=XSec;VALUE=0 
 PARM;GEOM_ID=EKYLTRLALM;ID=VWTJLKCMSZB;NAME=RightLRStrengthEq;GROUP=XSec;VALUE=0 
 PARM;GEOM_ID=EKYLTRLALM;ID=XXVOGBNFXUR;NAME=RightLSlew;GROUP=XSec;VALUE=0 
 PARM;GEOM_ID=EKYLTRLALM;ID=YWCUNPYWPUU;NAME=RightLSlewSet;GROUP=XSec;VALUE=1 
 PARM;GEOM_ID=EKYLTRLALM;ID=SRMFZHDBMIR;NAME=RightLStrength;GROUP=XSec;VALUE=1 
 PARM;GEOM_ID=EKYLTRLALM;ID=FIXGPTDZNGU;NAME=RightLStrengthSet;GROUP=XSec;VALUE=1 
 PARM;GEOM_ID=EKYLTRLALM;ID=ZTKYJWQLYSB;NAME=RightRAngle;GROUP=XSec;VALUE=0 
 PARM;GEOM_ID=EKYLTRLALM;ID=DAPYGHVETLN;NAME=RightRAngleSet;GROUP=XSec;VALUE=1 
 PARM;GEOM_ID=EKYLTRLALM;ID=JUPKVENMHHV;NAME=RightRCurve;GROUP=XSec;VALUE=-0.549999 
 PARM;GEOM_ID=EKYLTRLALM;ID=IGXBXBESYBE;NAME=RightRCurveSet;GROUP=XSec;VALUE=0 
 PARM;GEOM_ID=EKYLTRLALM;ID=GJFIYFEWOBU;NAME=RightRSlew;GROUP=XSec;VALUE=0 
 PARM;GEOM_ID=EKYLTRLALM;ID=FDHSGXHLPZG;NAME=RightRSlewSet;GROUP=XSec;VALUE=1 
 PARM;GEOM_ID=EKYLTRLALM;ID=KATXDQIMQYG;NAME=RightRStrength;GROUP=XSec;VALUE=1 
 PARM;GEOM_ID=EKYLTRLALM;ID=ISNPYXGJAWF;NAME=RightRStrengthSet;GROUP=XSec;VALUE=1 
 PARM;GEOM_ID=EKYLTRLALM;ID=UEOGPTMVGBO;NAME=SectTess_U;GROUP=XSec;VALUE=6 
 PARM;GEOM_ID=EKYLTRLALM;ID=SKZQAMAPPEK;NAME=Spin;GROUP=XSec;VALUE=0 
 PARM;GEOM_ID=EKYLTRLALM;ID=ETZPSGLNTIL;NAME=TBSym;GROUP=XSec;VALUE=0 
 PARM;GEOM_ID=EKYLTRLALM;ID=QLPRIEZSDUA;NAME=TopLAngle;GROUP=XSec;VALUE=4.73684 
 PARM;GEOM_ID=EKYLTRLALM;ID=AXDYPSQGZSJ;NAME=TopLAngleSet;GROUP=XSec;VALUE=1 
 PARM;GEOM_ID=EKYLTRLALM;ID=YKKEQQLGEAU;NAME=TopLCurve;GROUP=XSec;VALUE=-15.2048 
 PARM;GEOM_ID=EKYLTRLALM;ID=UBWUDYINEEH;NAME=TopLCurveSet;GROUP=XSec;VALUE=0 
 PARM;GEOM_ID=EKYLTRLALM;ID=XLTNBGLDOAV;NAME=TopLRAngleEq;GROUP=XSec;VALUE=0 
 PARM;GEOM_ID=EKYLTRLALM;ID=VNHJDKMVOOH;NAME=TopLRCurveEq;GROUP=XSec;VALUE=0 
 PARM;GEOM_ID=EKYLTRLALM;ID=KAOBYRTYNOI;NAME=TopLRSlewEq;GROUP=XSec;VALUE=0 
 PARM;GEOM_ID=EKYLTRLALM;ID=CBRWUFMJNZD;NAME=TopLRStrengthEq;GROUP=XSec;VALUE=0 
 PARM;GEOM_ID=EKYLTRLALM;ID=WPURAXGDCKN;NAME=TopLSlew;GROUP=XSec;VALUE=0 
 PARM;GEOM_ID=EKYLTRLALM;ID=USUBBPXCUMW;NAME=TopLSlewSet;GROUP=XSec;VALUE=1 
 PARM;GEOM_ID=EKYLTRLALM;ID=HSSINJTPCMF;NAME=TopLStrength;GROUP=XSec;VALUE=1 
 PARM;GEOM_ID=EKYLTRLALM;ID=MJGNZGJUKGG;NAME=TopLStrengthSet;GROUP=XSec;VALUE=1 
 PARM;GEOM_ID=EKYLTRLALM;ID=SEEINROOABQ;NAME=TopRAngle;GROUP=XSec;VALUE=33.1579 
 PARM;GEOM_ID=EKYLTRLALM;ID=OXVHSUZOMHZ;NAME=TopRAngleSet;GROUP=XSec;VALUE=1 
 PARM;GEOM_ID=EKYLTRLALM;ID=ESYXZXYHEDQ;NAME=TopRCurve;GROUP=XSec;VALUE=-0.826658 
 PARM;GEOM_ID=EKYLTRLALM;ID=AYTYAOOGNWF;NAME=TopRCurveSet;GROUP=XSec;VALUE=0 
 PARM;GEOM_ID=EKYLTRLALM;ID=WVIKEYVRVYL;NAME=TopRSlew;GROUP=XSec;VALUE=0 
 PARM;GEOM_ID=EKYLTRLALM;ID=DXGFZXDQEXR;NAME=TopRSlewSet;GROUP=XSec;VALUE=1 
 PARM;GEOM_ID=EKYLTRLALM;ID=SCGWDQJGOGR;NAME=TopRStrength;GROUP=XSec;VALUE=1 
 PARM;GEOM_ID=EKYLTRLALM;ID=EGSWEOCCNAP;NAME=TopRStrengthSet;GROUP=XSec;VALUE=1 
 PARM;GEOM_ID=EKYLTRLALM;ID=SVFDLOZBTBT;NAME=XLocPercent;GROUP=XSec;VALUE=0.278689 
 PARM;GEOM_ID=EKYLTRLALM;ID=VZIAUQSYEZP;NAME=XRotate;GROUP=XSec;VALUE=0 
 PARM;GEOM_ID=EKYLTRLALM;ID=LUCMQSNJXDJ;NAME=YLocPercent;GROUP=XSec;VALUE=0 
 PARM;GEOM_ID=EKYLTRLALM;ID=IFYVGLYQVHS;NAME=YRotate;GROUP=XSec;VALUE=0 
 PARM;GEOM_ID=EKYLTRLALM;ID=MTRCXNEHPMQ;NAME=ZLocPercent;GROUP=XSec;VALUE=0 
 PARM;GEOM_ID=EKYLTRLALM;ID=KRDFSBEYEBP;NAME=ZRotate;GROUP=XSec;VALUE=0 
 PARM;GEOM_ID=EKYLTRLALM;ID=YJTNBDJXBGN;NAME=Area;GROUP=XSecCurve;VALUE=15.0403 
 PARM;GEOM_ID=EKYLTRLALM;ID=FDKPQPWCDIR;NAME=DeltaX;GROUP=XSecCurve;VALUE=0 
 PARM;GEOM_ID=EKYLTRLALM;ID=LWTWGAAARCQ;NAME=DeltaY;GROUP=XSecCurve;VALUE=0 
 PARM;GEOM_ID=EKYLTRLALM;ID=MYQXVBVKJTK;NAME=Ellipse_Height;GROUP=XSecCurve;VALUE=5.37726 
 PARM;GEOM_ID=EKYLTRLALM;ID=MHJWVDMKDEB;NAME=Ellipse_Width;GROUP=XSecCurve;VALUE=3.56102 
 PARM;GEOM_ID=EKYLTRLALM;ID=QEBTEGDUVYB;NAME=HWRatio;GROUP=XSecCurve;VALUE=1.51004 
 PARM;GEOM_ID=EKYLTRLALM;ID=NHYARZBIMGN;NAME=Scale;GROUP=XSecCurve;VALUE=1 
 PARM;GEOM_ID=EKYLTRLALM;ID=ASKHGEUIIEZ;NAME=ShiftLE;GROUP=XSecCurve;VALUE=0 
 PARM;GEOM_ID=EKYLTRLALM;ID=TASLIDYNUBE;NAME=Theta;GROUP=XSecCurve;VALUE=0 
 PARM;GEOM_ID=EKYLTRLALM;ID=XQCKLIRYVNM;NAME=LE_Cap_Length;GROUP=Cap;VALUE=1 
 PARM;GEOM_ID=EKYLTRLALM;ID=SPUAUBRMAHX;NAME=LE_Cap_Offset;GROUP=Cap;VALUE=0 
 PARM;GEOM_ID=EKYLTRLALM;ID=GZUSOCNYRSS;NAME=LE_Cap_Strength;GROUP=Cap;VALUE=0.5 
 PARM;GEOM_ID=EKYLTRLALM;ID=TMEACMIHGVT;NAME=LE_Cap_Type;GROUP=Cap;VALUE=1 
 PARM;GEOM_ID=EKYLTRLALM;ID=OAPJVIKSYNT;NAME=TE_Cap_Length;GROUP=Cap;VALUE=1 
 PARM;GEOM_ID=EKYLTRLALM;ID=BJZPMGANFRX;NAME=TE_Cap_Offset;GROUP=Cap;VALUE=0 
 PARM;GEOM_ID=EKYLTRLALM;ID=GEEVXZQVQGJ;NAME=TE_Cap_Strength;GROUP=Cap;VALUE=0.5 
 PARM;GEOM_ID=EKYLTRLALM;ID=UXPKWHRNOBJ;NAME=TE_Cap_Type;GROUP=Cap;VALUE=1 
 PARM;GEOM_ID=EKYLTRLALM;ID=LOIVBYPVZWI;NAME=LE_Close_AbsRel;GROUP=Close;VALUE=0 
 PARM;GEOM_ID=EKYLTRLALM;ID=HGIHAUVZAGS;NAME=LE_Close_Thick;GROUP=Close;VALUE=0 
 PARM;GEOM_ID=EKYLTRLALM;ID=OSEPFVOAUML;NAME=LE_Close_Thick_Chord;GROUP=Close;VALUE=0 
 PARM;GEOM_ID=EKYLTRLALM;ID=CZRGCZITNTJ;NAME=LE_Close_Type;GROUP=Close;VALUE=0 
 PARM;GEOM_ID=EKYLTRLALM;ID=LELYLYVWDBG;NAME=TE_Close_AbsRel;GROUP=Close;VALUE=0 
 PARM;GEOM_ID=EKYLTRLALM;ID=EKNYUPXCTGW;NAME=TE_Close_Thick;GROUP=Close;VALUE=0 
 PARM;GEOM_ID=EKYLTRLALM;ID=CMBDPZPRIOU;NAME=TE_Close_Thick_Chord;GROUP=Close;VALUE=0 
 PARM;GEOM_ID=EKYLTRLALM;ID=CDBPZVSNWWP;NAME=TE_Close_Type;GROUP=Close;VALUE=0 
 PARM;GEOM_ID=EKYLTRLALM;ID=YYUBHTCZXVW;NAME=LE_Trim_AbsRel;GROUP=Trim;VALUE=0 
 PARM;GEOM_ID=EKYLTRLALM;ID=FIKYLEESWUN;NAME=LE_Trim_Thick;GROUP=Trim;VALUE=0 
 PARM;GEOM_ID=EKYLTRLALM;ID=KATVVNSYDFB;NAME=LE_Trim_Thick_Chord;GROUP=Trim;VALUE=0 
 PARM;GEOM_ID=EKYLTRLALM;ID=ADYDSUKQKIA;NAME=LE_Trim_Type;GROUP=Trim;VALUE=0 
 PARM;GEOM_ID=EKYLTRLALM;ID=JDVZCWBUBIY;NAME=LE_Trim_X;GROUP=Trim;VALUE=0 
 PARM;GEOM_ID=EKYLTRLALM;ID=FXJVADSHCZY;NAME=LE_Trim_X_Chord;GROUP=Trim;VALUE=0 
 PARM;GEOM_ID=EKYLTRLALM;ID=MIVUZASPCTF;NAME=TE_Trim_AbsRel;GROUP=Trim;VALUE=0 
 PARM;GEOM_ID=EKYLTRLALM;ID=SMACRGDPLTJ;NAME=TE_Trim_Thick;GROUP=Trim;VALUE=0 
 PARM;GEOM_ID=EKYLTRLALM;ID=CELNTHKNALD;NAME=TE_Trim_Thick_Chord;GROUP=Trim;VALUE=0 
 PARM;GEOM_ID=EKYLTRLALM;ID=HDNVMGAPQRH;NAME=TE_Trim_Type;GROUP=Trim;VALUE=0 
 PARM;GEOM_ID=EKYLTRLALM;ID=TLKMAAMFSCG;NAME=TE_Trim_X;GROUP=Trim;VALUE=0 
 PARM;GEOM_ID=EKYLTRLALM;ID=UYADOQPKWNL;NAME=TE_Trim_X_Chord;GROUP=Trim;VALUE=0 
 PARM;GEOM_ID=EKYLTRLALM;ID=QZINSDLRWPU;NAME=TE_Flap_DT;GROUP=Flap;VALUE=0 
 PARM;GEOM_ID=EKYLTRLALM;ID=UXREDZJJDAH;NAME=TE_Flap_Deflection;GROUP=Flap;VALUE=0 
 PARM;GEOM_ID=EKYLTRLALM;ID=RBURUCAIMRC;NAME=TE_Flap_Flag;GROUP=Flap;VALUE=0 
 PARM;GEOM_ID=EKYLTRLALM;ID=UCFVUVXXNGZ;NAME=TE_Flap_T;GROUP=Flap;VALUE=0.2 
 PARM;GEOM_ID=EKYLTRLALM;ID=BRCLZZMDCDN;NAME=TE_Flap_Type;GROUP=Flap;VALUE=0 
 PARM;GEOM_ID=EKYLTRLALM;ID=WCLGWACMFMY;NAME=TE_Flap_X;GROUP=Flap;VALUE=0 
 PARM;GEOM_ID=EKYLTRLALM;ID=QGONWPNIXUS;NAME=TE_Flap_X_Chord;GROUP=Flap;VALUE=0.2 
 PARM;GEOM_ID=EKYLTRLALM;ID=NLOICCRZMTN;NAME=TE_Flap_Y_Frc;GROUP=Flap;VALUE=0.5 
 PARM;GEOM_ID=EKYLTRLALM;ID=YTNZERMMKAO;NAME=TE_Trim_AbsRel;GROUP=Flap;VALUE=1 
 PARM;GEOM_ID=EKYLTRLALM;ID=CBKGHQOHFQZ;NAME=XSecFlipImageFlag;GROUP=XSecCurve_Background;VALUE=0 
 PARM;GEOM_ID=EKYLTRLALM;ID=GEQZWGWENGY;NAME=XSecImageFlag;GROUP=XSecCurve_Background;VALUE=0 
 PARM;GEOM_ID=EKYLTRLALM;ID=WRCQYRIRHFJ;NAME=XSecImageH;GROUP=XSecCurve_Background;VALUE=1 
 PARM;GEOM_ID=EKYLTRLALM;ID=UVUYAJYLMBK;NAME=XSecImagePreserveAR;GROUP=XSecCurve_Background;VALUE=1 
 PARM;GEOM_ID=EKYLTRLALM;ID=RIVEXTZGGXO;NAME=XSecImageW;GROUP=XSecCurve_Background;VALUE=1 
 PARM;GEOM_ID=EKYLTRLALM;ID=XECEGWTXUXE;NAME=XSecImageXOffset;GROUP=XSecCurve_Background;VALUE=0 
 PARM;GEOM_ID=EKYLTRLALM;ID=EBBQVWZQOID;NAME=XSecImageYOffset;GROUP=XSecCurve_Background;VALUE=0 
 PARM;GEOM_ID=EKYLTRLALM;ID=OMQNRIEXMBD;NAME=XSecLockImageFlag;GROUP=XSecCurve_Background;VALUE=0 
 PARM;GEOM_ID=EKYLTRLALM;ID=KVJNEOIEOGX;NAME=AllSym;GROUP=Chevron;VALUE=1 
 PARM;GEOM_ID=EKYLTRLALM;ID=WFLPGHTEBGL;NAME=BottomAmplitude;GROUP=Chevron;VALUE=1 
 PARM;GEOM_ID=EKYLTRLALM;ID=TDNYJVZGWVZ;NAME=Bottom_Angle;GROUP=Chevron;VALUE=0 
 PARM;GEOM_ID=EKYLTRLALM;ID=SLAJQZWUXED;NAME=Bottom_Slew;GROUP=Chevron;VALUE=0 
 PARM;GEOM_ID=EKYLTRLALM;ID=AXUPFKVVODP;NAME=Chevron_Type;GROUP=Chevron;VALUE=0 
 PARM;GEOM_ID=EKYLTRLALM;ID=FODEUGFLVZM;NAME=LeftAmplitude;GROUP=Chevron;VALUE=1 
 PARM;GEOM_ID=EKYLTRLALM;ID=AATMBBKQPDR;NAME=Left_Angle;GROUP=Chevron;VALUE=0 
 PARM;GEOM_ID=EKYLTRLALM;ID=GSJWXLGKGGJ;NAME=Left_Slew;GROUP=Chevron;VALUE=0 
 PARM;GEOM_ID=EKYLTRLALM;ID=VRQFOWEFVCH;NAME=Number;GROUP=Chevron;VALUE=8 
 PARM;GEOM_ID=EKYLTRLALM;ID=YALAOITTQCU;NAME=Off_Duty;GROUP=Chevron;VALUE=0 
 PARM;GEOM_ID=EKYLTRLALM;ID=CVSPINGZREE;NAME=On_Duty;GROUP=Chevron;VALUE=0 
 PARM;GEOM_ID=EKYLTRLALM;ID=JTOGLHOMTYB;NAME=Peak_Radius;GROUP=Chevron;VALUE=0 
 PARM;GEOM_ID=EKYLTRLALM;ID=KSJXBISAOJS;NAME=RLSym;GROUP=Chevron;VALUE=1 
 PARM;GEOM_ID=EKYLTRLALM;ID=XEUWQWVLIBP;NAME=RightAmplitude;GROUP=Chevron;VALUE=1 
 PARM;GEOM_ID=EKYLTRLALM;ID=JUDTNYNZGPN;NAME=Right_Angle;GROUP=Chevron;VALUE=0 
 PARM;GEOM_ID=EKYLTRLALM;ID=DOLGGDTREAL;NAME=Right_Slew;GROUP=Chevron;VALUE=0 
 PARM;GEOM_ID=EKYLTRLALM;ID=XVUJMIFCUXW;NAME=TBSym;GROUP=Chevron;VALUE=1 
 PARM;GEOM_ID=EKYLTRLALM;ID=IUAVLNUKKOP;NAME=TopAmplitude;GROUP=Chevron;VALUE=1 
 PARM;GEOM_ID=EKYLTRLALM;ID=LIKYVXIBJQG;NAME=Top_Angle;GROUP=Chevron;VALUE=0 
 PARM;GEOM_ID=EKYLTRLALM;ID=OTEFADMVXBQ;NAME=Top_Slew;GROUP=Chevron;VALUE=0 
 PARM;GEOM_ID=EKYLTRLALM;ID=APKYLUJDGMM;NAME=Valley_Radius;GROUP=Chevron;VALUE=0 
 PARM;GEOM_ID=EKYLTRLALM;ID=WLFXNJPOVIF;NAME=W01_Center;GROUP=Chevron;VALUE=0.25 
 PARM;GEOM_ID=EKYLTRLALM;ID=WEPMPWMTKEG;NAME=W01_Center_Guide;GROUP=Chevron;VALUE=5 
 PARM;GEOM_ID=EKYLTRLALM;ID=CIMLTUOSDQS;NAME=W01_End;GROUP=Chevron;VALUE=0.5 
 PARM;GEOM_ID=EKYLTRLALM;ID=JBZYZWPKTWA;NAME=W01_End_Guide;GROUP=Chevron;VALUE=5 
 PARM;GEOM_ID=EKYLTRLALM;ID=EOHRRYRJQRG;NAME=W01_Mode;GROUP=Chevron;VALUE=0 
 PARM;GEOM_ID=EKYLTRLALM;ID=EIVXGZNOWBB;NAME=W01_Start;GROUP=Chevron;VALUE=0 
 PARM;GEOM_ID=EKYLTRLALM;ID=PTXLSUVOWDK;NAME=W01_Start_Guide;GROUP=Chevron;VALUE=5 
 PARM;GEOM_ID=EKYLTRLALM;ID=FVUIEXUYCNX;NAME=W01_Width;GROUP=Chevron;VALUE=0.5 
 PARM;GEOM_ID=EKYLTRLALM;ID=CLQROPLKAAG;NAME=AftCluster;GROUP=XSec;VALUE=1 
 PARM;GEOM_ID=EKYLTRLALM;ID=VDBICCTRRGC;NAME=AllSym;GROUP=XSec;VALUE=0 
 PARM;GEOM_ID=EKYLTRLALM;ID=EDAZLSBXZJZ;NAME=BottomLAngle;GROUP=XSec;VALUE=0 
 PARM;GEOM_ID=EKYLTRLALM;ID=GAPUVHEWTHG;NAME=BottomLAngleSet;GROUP=XSec;VALUE=1 
 PARM;GEOM_ID=EKYLTRLALM;ID=UVUQRXXUIEN;NAME=BottomLCurve;GROUP=XSec;VALUE=-0.117787 
 PARM;GEOM_ID=EKYLTRLALM;ID=XCBMTJVYBIX;NAME=BottomLCurveSet;GROUP=XSec;VALUE=0 
 PARM;GEOM_ID=EKYLTRLALM;ID=XUIYAQSNNZR;NAME=BottomLRAngleEq;GROUP=XSec;VALUE=0 
 PARM;GEOM_ID=EKYLTRLALM;ID=VNFPQHEWTKR;NAME=BottomLRCurveEq;GROUP=XSec;VALUE=0 
 PARM;GEOM_ID=EKYLTRLALM;ID=DYDYFXUAVDN;NAME=BottomLRSlewEq;GROUP=XSec;VALUE=0 
 PARM;GEOM_ID=EKYLTRLALM;ID=ZBTPFGYSKHR;NAME=BottomLRStrengthEq;GROUP=XSec;VALUE=0 
 PARM;GEOM_ID=EKYLTRLALM;ID=IHBLLODTMLX;NAME=BottomLSlew;GROUP=XSec;VALUE=0 
 PARM;GEOM_ID=EKYLTRLALM;ID=IHYJSJDQJUB;NAME=BottomLSlewSet;GROUP=XSec;VALUE=1 
 PARM;GEOM_ID=EKYLTRLALM;ID=GJFZSLUKCUK;NAME=BottomLStrength;GROUP=XSec;VALUE=1 
 PARM;GEOM_ID=EKYLTRLALM;ID=KCWVCOPVNBZ;NAME=BottomLStrengthSet;GROUP=XSec;VALUE=1 
 PARM;GEOM_ID=EKYLTRLALM;ID=QVVPMFHQMNS;NAME=BottomRAngle;GROUP=XSec;VALUE=0 
 PARM;GEOM_ID=EKYLTRLALM;ID=TAJMPWRHTTI;NAME=BottomRAngleSet;GROUP=XSec;VALUE=1 
 PARM;GEOM_ID=EKYLTRLALM;ID=KRJPEUPACAG;NAME=BottomRCurve;GROUP=XSec;VALUE=-5.09056 
 PARM;GEOM_ID=EKYLTRLALM;ID=VZUFPFZFVKT;NAME=BottomRCurveSet;GROUP=XSec;VALUE=0 
 PARM;GEOM_ID=EKYLTRLALM;ID=IFYYVCIKHLH;NAME=BottomRSlew;GROUP=XSec;VALUE=0 
 PARM;GEOM_ID=EKYLTRLALM;ID=MFDNMQLDIQF;NAME=BottomRSlewSet;GROUP=XSec;VALUE=1 
 PARM;GEOM_ID=EKYLTRLALM;ID=QFAUOBDIDJF;NAME=BottomRStrength;GROUP=XSec;VALUE=1 
 PARM;GEOM_ID=EKYLTRLALM;ID=UZBQKKKQBGA;NAME=BottomRStrengthSet;GROUP=XSec;VALUE=1 
 PARM;GEOM_ID=EKYLTRLALM;ID=CUEZPPJGGQW;NAME=ContinuityBottom;GROUP=XSec;VALUE=0 
 PARM;GEOM_ID=EKYLTRLALM;ID=YSFQSTTMMIJ;NAME=ContinuityLeft;GROUP=XSec;VALUE=0 
 PARM;GEOM_ID=EKYLTRLALM;ID=DNIBCVYKMLN;NAME=ContinuityRight;GROUP=XSec;VALUE=0 
 PARM;GEOM_ID=EKYLTRLALM;ID=CVCWIOCIISV;NAME=ContinuityTop;GROUP=XSec;VALUE=0 
 PARM;GEOM_ID=EKYLTRLALM;ID=ZLYVFPGWOCU;NAME=FwdCluster;GROUP=XSec;VALUE=1 
 PARM;GEOM_ID=EKYLTRLALM;ID=TUUFYGCNWEX;NAME=LeftLAngle;GROUP=XSec;VALUE=0 
 PARM;GEOM_ID=EKYLTRLALM;ID=MZUXZHSAEPG;NAME=LeftLAngleSet;GROUP=XSec;VALUE=1 
 PARM;GEOM_ID=EKYLTRLALM;ID=AAEOOWQUHKJ;NAME=LeftLCurve;GROUP=XSec;VALUE=0.549999 
 PARM;GEOM_ID=EKYLTRLALM;ID=BYTZDKGSLLY;NAME=LeftLCurveSet;GROUP=XSec;VALUE=0 
 PARM;GEOM_ID=EKYLTRLALM;ID=OJZCBNPWNWF;NAME=LeftLRAngleEq;GROUP=XSec;VALUE=1 
 PARM;GEOM_ID=EKYLTRLALM;ID=ZCHWCTCALGH;NAME=LeftLRCurveEq;GROUP=XSec;VALUE=0 
 PARM;GEOM_ID=EKYLTRLALM;ID=MRSEMHCJEFI;NAME=LeftLRSlewEq;GROUP=XSec;VALUE=0 
 PARM;GEOM_ID=EKYLTRLALM;ID=CQIIUHCGXGY;NAME=LeftLRStrengthEq;GROUP=XSec;VALUE=0 
 PARM;GEOM_ID=EKYLTRLALM;ID=GAAOPNNMPBD;NAME=LeftLSlew;GROUP=XSec;VALUE=0 
 PARM;GEOM_ID=EKYLTRLALM;ID=EJEIYCPKPMI;NAME=LeftLSlewSet;GROUP=XSec;VALUE=1 
 PARM;GEOM_ID=EKYLTRLALM;ID=XUHZOQZHBOM;NAME=LeftLStrength;GROUP=XSec;VALUE=1 
 PARM;GEOM_ID=EKYLTRLALM;ID=AUMSGXPAUMM;NAME=LeftLStrengthSet;GROUP=XSec;VALUE=1 
 PARM;GEOM_ID=EKYLTRLALM;ID=ZFSGAMBNWRC;NAME=LeftRAngle;GROUP=XSec;VALUE=0 
 PARM;GEOM_ID=EKYLTRLALM;ID=FMJQPVMXUPD;NAME=LeftRAngleSet;GROUP=XSec;VALUE=1 
 PARM;GEOM_ID=EKYLTRLALM;ID=JZRLHIGDNCE;NAME=LeftRCurve;GROUP=XSec;VALUE=-5.17074 
 PARM;GEOM_ID=EKYLTRLALM;ID=LTRYADIZUIC;NAME=LeftRCurveSet;GROUP=XSec;VALUE=0 
 PARM;GEOM_ID=EKYLTRLALM;ID=HMQKUNMLJTB;NAME=LeftRSlew;GROUP=XSec;VALUE=0 
 PARM;GEOM_ID=EKYLTRLALM;ID=XDAEAGVYFXP;NAME=LeftRSlewSet;GROUP=XSec;VALUE=1 
 PARM;GEOM_ID=EKYLTRLALM;ID=HFGIJUAPFXQ;NAME=LeftRStrength;GROUP=XSec;VALUE=1 
 PARM;GEOM_ID=EKYLTRLALM;ID=NQAXUIRHDEB;NAME=LeftRStrengthSet;GROUP=XSec;VALUE=1 
 PARM;GEOM_ID=EKYLTRLALM;ID=TPPLABVIWVK;NAME=RLSym;GROUP=XSec;VALUE=1 
 PARM;GEOM_ID=EKYLTRLALM;ID=GWURDLIROWG;NAME=RefLength;GROUP=XSec;VALUE=64.2257 
 PARM;GEOM_ID=EKYLTRLALM;ID=PJTCPDFRKJI;NAME=RightLAngle;GROUP=XSec;VALUE=0 
 PARM;GEOM_ID=EKYLTRLALM;ID=YWTPIEODUWM;NAME=RightLAngleSet;GROUP=XSec;VALUE=1 
 PARM;GEOM_ID=EKYLTRLALM;ID=PBAGLYDJWJP;NAME=RightLCurve;GROUP=XSec;VALUE=0.549999 
 PARM;GEOM_ID=EKYLTRLALM;ID=GHHSTGAMGET;NAME=RightLCurveSet;GROUP=XSec;VALUE=0 
 PARM;GEOM_ID=EKYLTRLALM;ID=AQZYVBNYUAZ;NAME=RightLRAngleEq;GROUP=XSec;VALUE=1 
 PARM;GEOM_ID=EKYLTRLALM;ID=ITGBXRTXSRO;NAME=RightLRCurveEq;GROUP=XSec;VALUE=0 
 PARM;GEOM_ID=EKYLTRLALM;ID=HKCHJABOGRT;NAME=RightLRSlewEq;GROUP=XSec;VALUE=0 
 PARM;GEOM_ID=EKYLTRLALM;ID=AXQOZBYLUMS;NAME=RightLRStrengthEq;GROUP=XSec;VALUE=0 
 PARM;GEOM_ID=EKYLTRLALM;ID=CJLGOLMRMPW;NAME=RightLSlew;GROUP=XSec;VALUE=0 
 PARM;GEOM_ID=EKYLTRLALM;ID=OQICTXCQTLT;NAME=RightLSlewSet;GROUP=XSec;VALUE=1 
 PARM;GEOM_ID=EKYLTRLALM;ID=PAHKEFLAKVZ;NAME=RightLStrength;GROUP=XSec;VALUE=1 
 PARM;GEOM_ID=EKYLTRLALM;ID=SSJJWJOITXO;NAME=RightLStrengthSet;GROUP=XSec;VALUE=1 
 PARM;GEOM_ID=EKYLTRLALM;ID=HQRIREHALJL;NAME=RightRAngle;GROUP=XSec;VALUE=0 
 PARM;GEOM_ID=EKYLTRLALM;ID=IWJCMAHSYFJ;NAME=RightRAngleSet;GROUP=XSec;VALUE=1 
 PARM;GEOM_ID=EKYLTRLALM;ID=TYXTFVBGIXQ;NAME=RightRCurve;GROUP=XSec;VALUE=-5.17074 
 PARM;GEOM_ID=EKYLTRLALM;ID=MJXFZPZLLAB;NAME=RightRCurveSet;GROUP=XSec;VALUE=0 
 PARM;GEOM_ID=EKYLTRLALM;ID=FSWQGPSOPKF;NAME=RightRSlew;GROUP=XSec;VALUE=0 
 PARM;GEOM_ID=EKYLTRLALM;ID=LCAERXKCBNW;NAME=RightRSlewSet;GROUP=XSec;VALUE=1 
 PARM;GEOM_ID=EKYLTRLALM;ID=YZUZVIYGAIC;NAME=RightRStrength;GROUP=XSec;VALUE=1 
 PARM;GEOM_ID=EKYLTRLALM;ID=VTDATQSDYIF;NAME=RightRStrengthSet;GROUP=XSec;VALUE=1 
 PARM;GEOM_ID=EKYLTRLALM;ID=XMFWPXCAQCU;NAME=SectTess_U;GROUP=XSec;VALUE=6 
 PARM;GEOM_ID=EKYLTRLALM;ID=RPTZZRINPVY;NAME=Spin;GROUP=XSec;VALUE=0 
 PARM;GEOM_ID=EKYLTRLALM;ID=NCMIGITVPRW;NAME=TBSym;GROUP=XSec;VALUE=0 
 PARM;GEOM_ID=EKYLTRLALM;ID=JSUHPGHKSVV;NAME=TopLAngle;GROUP=XSec;VALUE=-14.2105 
 PARM;GEOM_ID=EKYLTRLALM;ID=MDFRDIQLNCE;NAME=TopLAngleSet;GROUP=XSec;VALUE=1 
 PARM;GEOM_ID=EKYLTRLALM;ID=LGPRXMPTCRF;NAME=TopLCurve;GROUP=XSec;VALUE=-1.14558 
 PARM;GEOM_ID=EKYLTRLALM;ID=KOGRHCFOGND;NAME=TopLCurveSet;GROUP=XSec;VALUE=0 
 PARM;GEOM_ID=EKYLTRLALM;ID=HOUHWTLUJUV;NAME=TopLRAngleEq;GROUP=XSec;VALUE=0 
 PARM;GEOM_ID=EKYLTRLALM;ID=PFTJKNYCQIB;NAME=TopLRCurveEq;GROUP=XSec;VALUE=0 
 PARM;GEOM_ID=EKYLTRLALM;ID=WIRJNSIOAJG;NAME=TopLRSlewEq;GROUP=XSec;VALUE=0 
 PARM;GEOM_ID=EKYLTRLALM;ID=MKFGIVOMUKM;NAME=TopLRStrengthEq;GROUP=XSec;VALUE=0 
 PARM;GEOM_ID=EKYLTRLALM;ID=EHYEDZHGTAL;NAME=TopLSlew;GROUP=XSec;VALUE=0 
 PARM;GEOM_ID=EKYLTRLALM;ID=CRAYRIFSPVS;NAME=TopLSlewSet;GROUP=XSec;VALUE=1 
 PARM;GEOM_ID=EKYLTRLALM;ID=FJRTJLTDTYN;NAME=TopLStrength;GROUP=XSec;VALUE=1 
 PARM;GEOM_ID=EKYLTRLALM;ID=DKFMRWHIOAN;NAME=TopLStrengthSet;GROUP=XSec;VALUE=1 
 PARM;GEOM_ID=EKYLTRLALM;ID=WVDGHMDMXGD;NAME=TopRAngle;GROUP=XSec;VALUE=0 
 PARM;GEOM_ID=EKYLTRLALM;ID=CRIFNJTROXV;NAME=TopRAngleSet;GROUP=XSec;VALUE=1 
 PARM;GEOM_ID=EKYLTRLALM;ID=SPKZQANTKZE;NAME=TopRCurve;GROUP=XSec;VALUE=5.09056 
 PARM;GEOM_ID=EKYLTRLALM;ID=QLCKNTIOOPB;NAME=TopRCurveSet;GROUP=XSec;VALUE=0 
 PARM;GEOM_ID=EKYLTRLALM;ID=JYFPAILRVMP;NAME=TopRSlew;GROUP=XSec;VALUE=0 
 PARM;GEOM_ID=EKYLTRLALM;ID=YSSESOWYREN;NAME=TopRSlewSet;GROUP=XSec;VALUE=1 
 PARM;GEOM_ID=EKYLTRLALM;ID=EGQXLSUGOBV;NAME=TopRStrength;GROUP=XSec;VALUE=1 
 PARM;GEOM_ID=EKYLTRLALM;ID=WETTKOGPSCN;NAME=TopRStrengthSet;GROUP=XSec;VALUE=1 
 PARM;GEOM_ID=EKYLTRLALM;ID=PQAXEXLRVEX;NAME=XLocPercent;GROUP=XSec;VALUE=0.345808 
 PARM;GEOM_ID=EKYLTRLALM;ID=PYXHRTHPVGO;NAME=XRotate;GROUP=XSec;VALUE=0 
 PARM;GEOM_ID=EKYLTRLALM;ID=SGQLVADMRQM;NAME=YLocPercent;GROUP=XSec;VALUE=0 
 PARM;GEOM_ID=EKYLTRLALM;ID=LZAGJUQMUXN;NAME=YRotate;GROUP=XSec;VALUE=0 
 PARM;GEOM_ID=EKYLTRLALM;ID=WMFGDNZDPHZ;NAME=ZLocPercent;GROUP=XSec;VALUE=0.00614754 
 PARM;GEOM_ID=EKYLTRLALM;ID=LWPGWZIHSNY;NAME=ZRotate;GROUP=XSec;VALUE=0 
 PARM;GEOM_ID=EKYLTRLALM;ID=OCZPVAVRSFS;NAME=Area;GROUP=XSecCurve;VALUE=17.2729 
 PARM;GEOM_ID=EKYLTRLALM;ID=YSSKWNAZXIN;NAME=DeltaX;GROUP=XSecCurve;VALUE=0 
 PARM;GEOM_ID=EKYLTRLALM;ID=WJGJLJNTBXN;NAME=DeltaY;GROUP=XSecCurve;VALUE=0 
 PARM;GEOM_ID=EKYLTRLALM;ID=WNYOWGEHYPJ;NAME=Ellipse_Height;GROUP=XSecCurve;VALUE=6.31429 
 PARM;GEOM_ID=EKYLTRLALM;ID=TXPSNSDVPOG;NAME=Ellipse_Width;GROUP=XSecCurve;VALUE=3.48272 
 PARM;GEOM_ID=EKYLTRLALM;ID=GKPSOYUBQKR;NAME=HWRatio;GROUP=XSecCurve;VALUE=1.81304 
 PARM;GEOM_ID=EKYLTRLALM;ID=CWQOEIOSBZN;NAME=Scale;GROUP=XSecCurve;VALUE=1 
 PARM;GEOM_ID=EKYLTRLALM;ID=NDLVCZRDNSC;NAME=ShiftLE;GROUP=XSecCurve;VALUE=0 
 PARM;GEOM_ID=EKYLTRLALM;ID=VFVXPEDNQDZ;NAME=Theta;GROUP=XSecCurve;VALUE=0 
 PARM;GEOM_ID=EKYLTRLALM;ID=JPPZHJCLVBY;NAME=LE_Cap_Length;GROUP=Cap;VALUE=1 
 PARM;GEOM_ID=EKYLTRLALM;ID=JOGOJXLINXS;NAME=LE_Cap_Offset;GROUP=Cap;VALUE=0 
 PARM;GEOM_ID=EKYLTRLALM;ID=TQGEXKEVYFO;NAME=LE_Cap_Strength;GROUP=Cap;VALUE=0.5 
 PARM;GEOM_ID=EKYLTRLALM;ID=UNCCBSSXSEE;NAME=LE_Cap_Type;GROUP=Cap;VALUE=1 
 PARM;GEOM_ID=EKYLTRLALM;ID=QVHAIPWIUGX;NAME=TE_Cap_Length;GROUP=Cap;VALUE=1 
 PARM;GEOM_ID=EKYLTRLALM;ID=AOCXUJLBAZO;NAME=TE_Cap_Offset;GROUP=Cap;VALUE=0 
 PARM;GEOM_ID=EKYLTRLALM;ID=NZVMCRNBNLB;NAME=TE_Cap_Strength;GROUP=Cap;VALUE=0.5 
 PARM;GEOM_ID=EKYLTRLALM;ID=XXGPHUAOMST;NAME=TE_Cap_Type;GROUP=Cap;VALUE=1 
 PARM;GEOM_ID=EKYLTRLALM;ID=LVTQQLPJNRB;NAME=LE_Close_AbsRel;GROUP=Close;VALUE=0 
 PARM;GEOM_ID=EKYLTRLALM;ID=AAYYKAMCZHR;NAME=LE_Close_Thick;GROUP=Close;VALUE=0 
 PARM;GEOM_ID=EKYLTRLALM;ID=MFRQAIXAKXL;NAME=LE_Close_Thick_Chord;GROUP=Close;VALUE=0 
 PARM;GEOM_ID=EKYLTRLALM;ID=PRFVYHKYQGR;NAME=LE_Close_Type;GROUP=Close;VALUE=0 
 PARM;GEOM_ID=EKYLTRLALM;ID=LWJGLITZQNJ;NAME=TE_Close_AbsRel;GROUP=Close;VALUE=0 
 PARM;GEOM_ID=EKYLTRLALM;ID=NLJHVMQYMCC;NAME=TE_Close_Thick;GROUP=Close;VALUE=0 
 PARM;GEOM_ID=EKYLTRLALM;ID=AWPOISTKBOE;NAME=TE_Close_Thick_Chord;GROUP=Close;VALUE=0 
 PARM;GEOM_ID=EKYLTRLALM;ID=KILCSBJFHWI;NAME=TE_Close_Type;GROUP=Close;VALUE=0 
 PARM;GEOM_ID=EKYLTRLALM;ID=ICJNFMYPZXJ;NAME=LE_Trim_AbsRel;GROUP=Trim;VALUE=0 
 PARM;GEOM_ID=EKYLTRLALM;ID=RYBMVTPCSCJ;NAME=LE_Trim_Thick;GROUP=Trim;VALUE=0 
 PARM;GEOM_ID=EKYLTRLALM;ID=TGXPWETWUQE;NAME=LE_Trim_Thick_Chord;GROUP=Trim;VALUE=0 
 PARM;GEOM_ID=EKYLTRLALM;ID=AZPRLRRZAGU;NAME=LE_Trim_Type;GROUP=Trim;VALUE=0 
 PARM;GEOM_ID=EKYLTRLALM;ID=QCWUACCKUOQ;NAME=LE_Trim_X;GROUP=Trim;VALUE=0 
 PARM;GEOM_ID=EKYLTRLALM;ID=SWCLPZPDSEO;NAME=LE_Trim_X_Chord;GROUP=Trim;VALUE=0 
 PARM;GEOM_ID=EKYLTRLALM;ID=MQLXPGUMXGA;NAME=TE_Trim_AbsRel;GROUP=Trim;VALUE=0 
 PARM;GEOM_ID=EKYLTRLALM;ID=NCXPDKWNFRM;NAME=TE_Trim_Thick;GROUP=Trim;VALUE=0 
 PARM;GEOM_ID=EKYLTRLALM;ID=YDVQUYDKMQP;NAME=TE_Trim_Thick_Chord;GROUP=Trim;VALUE=0 
 PARM;GEOM_ID=EKYLTRLALM;ID=TVIYRFBMHBI;NAME=TE_Trim_Type;GROUP=Trim;VALUE=0 
 PARM;GEOM_ID=EKYLTRLALM;ID=TSJAOWVKRUD;NAME=TE_Trim_X;GROUP=Trim;VALUE=0 
 PARM;GEOM_ID=EKYLTRLALM;ID=YEMLZJZWYCP;NAME=TE_Trim_X_Chord;GROUP=Trim;VALUE=0 
 PARM;GEOM_ID=EKYLTRLALM;ID=OPDTHDKOJGQ;NAME=TE_Flap_DT;GROUP=Flap;VALUE=0 
 PARM;GEOM_ID=EKYLTRLALM;ID=RZWVJQSPCUJ;NAME=TE_Flap_Deflection;GROUP=Flap;VALUE=0 
 PARM;GEOM_ID=EKYLTRLALM;ID=KQQHBJEEQCP;NAME=TE_Flap_Flag;GROUP=Flap;VALUE=0 
 PARM;GEOM_ID=EKYLTRLALM;ID=OYXONLCJWCB;NAME=TE_Flap_T;GROUP=Flap;VALUE=0.2 
 PARM;GEOM_ID=EKYLTRLALM;ID=STTEWTHRESF;NAME=TE_Flap_Type;GROUP=Flap;VALUE=0 
 PARM;GEOM_ID=EKYLTRLALM;ID=MWUJFZUMDLO;NAME=TE_Flap_X;GROUP=Flap;VALUE=0 
 PARM;GEOM_ID=EKYLTRLALM;ID=TQDZYRRZKYI;NAME=TE_Flap_X_Chord;GROUP=Flap;VALUE=0.2 
 PARM;GEOM_ID=EKYLTRLALM;ID=UANBYRQIFJW;NAME=TE_Flap_Y_Frc;GROUP=Flap;VALUE=0.5 
 PARM;GEOM_ID=EKYLTRLALM;ID=BKAHDDJYYHH;NAME=TE_Trim_AbsRel;GROUP=Flap;VALUE=1 
 PARM;GEOM_ID=EKYLTRLALM;ID=CSDEDZQUFRZ;NAME=XSecFlipImageFlag;GROUP=XSecCurve_Background;VALUE=0 
 PARM;GEOM_ID=EKYLTRLALM;ID=FZHPXNMOJDI;NAME=XSecImageFlag;GROUP=XSecCurve_Background;VALUE=0 
 PARM;GEOM_ID=EKYLTRLALM;ID=QIRQVVBHYAX;NAME=XSecImageH;GROUP=XSecCurve_Background;VALUE=1 
 PARM;GEOM_ID=EKYLTRLALM;ID=AIPJZBLITUJ;NAME=XSecImagePreserveAR;GROUP=XSecCurve_Background;VALUE=1 
 PARM;GEOM_ID=EKYLTRLALM;ID=KDVPNPWIVNQ;NAME=XSecImageW;GROUP=XSecCurve_Background;VALUE=1 
 PARM;GEOM_ID=EKYLTRLALM;ID=ZAIHIMDSLMW;NAME=XSecImageXOffset;GROUP=XSecCurve_Background;VALUE=0 
 PARM;GEOM_ID=EKYLTRLALM;ID=ZVLESXMYBMO;NAME=XSecImageYOffset;GROUP=XSecCurve_Background;VALUE=0 
 PARM;GEOM_ID=EKYLTRLALM;ID=PPEIBMSSHYI;NAME=XSecLockImageFlag;GROUP=XSecCurve_Background;VALUE=0 
 PARM;GEOM_ID=EKYLTRLALM;ID=SMUOXCSIRLC;NAME=AllSym;GROUP=Chevron;VALUE=1 
 PARM;GEOM_ID=EKYLTRLALM;ID=VNTKLDPZDTV;NAME=BottomAmplitude;GROUP=Chevron;VALUE=1 
 PARM;GEOM_ID=EKYLTRLALM;ID=RNQZPNUPFAR;NAME=Bottom_Angle;GROUP=Chevron;VALUE=0 
 PARM;GEOM_ID=EKYLTRLALM;ID=TNEAVEMOZAL;NAME=Bottom_Slew;GROUP=Chevron;VALUE=0 
 PARM;GEOM_ID=EKYLTRLALM;ID=DZDOVEJQHRY;NAME=Chevron_Type;GROUP=Chevron;VALUE=0 
 PARM;GEOM_ID=EKYLTRLALM;ID=TTEFFDYVHLS;NAME=LeftAmplitude;GROUP=Chevron;VALUE=1 
 PARM;GEOM_ID=EKYLTRLALM;ID=OZDXYUOPGRU;NAME=Left_Angle;GROUP=Chevron;VALUE=0 
 PARM;GEOM_ID=EKYLTRLALM;ID=WSRSQIJLSWZ;NAME=Left_Slew;GROUP=Chevron;VALUE=0 
 PARM;GEOM_ID=EKYLTRLALM;ID=ICYYMGXUBZV;NAME=Number;GROUP=Chevron;VALUE=8 
 PARM;GEOM_ID=EKYLTRLALM;ID=EDYLKHWFFNV;NAME=Off_Duty;GROUP=Chevron;VALUE=0 
 PARM;GEOM_ID=EKYLTRLALM;ID=TDHSMQLIXFI;NAME=On_Duty;GROUP=Chevron;VALUE=0 
 PARM;GEOM_ID=EKYLTRLALM;ID=YEAZJUQXPEO;NAME=Peak_Radius;GROUP=Chevron;VALUE=0 
 PARM;GEOM_ID=EKYLTRLALM;ID=ZVONNWLIXDA;NAME=RLSym;GROUP=Chevron;VALUE=1 
 PARM;GEOM_ID=EKYLTRLALM;ID=DNZRSBYIWGL;NAME=RightAmplitude;GROUP=Chevron;VALUE=1 
 PARM;GEOM_ID=EKYLTRLALM;ID=HCXYLRZIOLX;NAME=Right_Angle;GROUP=Chevron;VALUE=0 
 PARM;GEOM_ID=EKYLTRLALM;ID=JFNBPEYPIGC;NAME=Right_Slew;GROUP=Chevron;VALUE=0 
 PARM;GEOM_ID=EKYLTRLALM;ID=ULZOLBNDPRB;NAME=TBSym;GROUP=Chevron;VALUE=1 
 PARM;GEOM_ID=EKYLTRLALM;ID=SAPMNPDRTDX;NAME=TopAmplitude;GROUP=Chevron;VALUE=1 
 PARM;GEOM_ID=EKYLTRLALM;ID=SXIFSDVZVPA;NAME=Top_Angle;GROUP=Chevron;VALUE=0 
 PARM;GEOM_ID=EKYLTRLALM;ID=MRIBBWNLFHC;NAME=Top_Slew;GROUP=Chevron;VALUE=0 
 PARM;GEOM_ID=EKYLTRLALM;ID=WFRAUISXTVD;NAME=Valley_Radius;GROUP=Chevron;VALUE=0 
 PARM;GEOM_ID=EKYLTRLALM;ID=KJXPXEYWNXU;NAME=W01_Center;GROUP=Chevron;VALUE=0.25 
 PARM;GEOM_ID=EKYLTRLALM;ID=AKVKSIUCWWW;NAME=W01_Center_Guide;GROUP=Chevron;VALUE=5 
 PARM;GEOM_ID=EKYLTRLALM;ID=JCEUHVCHVGA;NAME=W01_End;GROUP=Chevron;VALUE=0.5 
 PARM;GEOM_ID=EKYLTRLALM;ID=AEXRGSHTUGQ;NAME=W01_End_Guide;GROUP=Chevron;VALUE=5 
 PARM;GEOM_ID=EKYLTRLALM;ID=GTYXMQSMQHF;NAME=W01_Mode;GROUP=Chevron;VALUE=0 
 PARM;GEOM_ID=EKYLTRLALM;ID=TUIKBMPOYFJ;NAME=W01_Start;GROUP=Chevron;VALUE=0 
 PARM;GEOM_ID=EKYLTRLALM;ID=ZBTQHDIAAOJ;NAME=W01_Start_Guide;GROUP=Chevron;VALUE=5 
 PARM;GEOM_ID=EKYLTRLALM;ID=RBXMIYGFYLX;NAME=W01_Width;GROUP=Chevron;VALUE=0.5 
 PARM;GEOM_ID=EKYLTRLALM;ID=TGXAWUWTNFV;NAME=AftCluster;GROUP=XSec;VALUE=1 
 PARM;GEOM_ID=EKYLTRLALM;ID=PJRLJQAVJQZ;NAME=AllSym;GROUP=XSec;VALUE=0 
 PARM;GEOM_ID=EKYLTRLALM;ID=PJROMWIHNZH;NAME=BottomLAngle;GROUP=XSec;VALUE=0 
 PARM;GEOM_ID=EKYLTRLALM;ID=JWICXNZBKOU;NAME=BottomLAngleSet;GROUP=XSec;VALUE=1 
 PARM;GEOM_ID=EKYLTRLALM;ID=PDKAPBYGSGQ;NAME=BottomLCurve;GROUP=XSec;VALUE=1.11179 
 PARM;GEOM_ID=EKYLTRLALM;ID=OOIPEIBEOCT;NAME=BottomLCurveSet;GROUP=XSec;VALUE=0 
 PARM;GEOM_ID=EKYLTRLALM;ID=EKXJSDSYODM;NAME=BottomLRAngleEq;GROUP=XSec;VALUE=0 
 PARM;GEOM_ID=EKYLTRLALM;ID=DJCCQVRAIYY;NAME=BottomLRCurveEq;GROUP=XSec;VALUE=0 
 PARM;GEOM_ID=EKYLTRLALM;ID=RIKKVGDINSF;NAME=BottomLRSlewEq;GROUP=XSec;VALUE=0 
 PARM;GEOM_ID=EKYLTRLALM;ID=MXJEKBKBPMO;NAME=BottomLRStrengthEq;GROUP=XSec;VALUE=0 
 PARM;GEOM_ID=EKYLTRLALM;ID=BKJSNMDHMAR;NAME=BottomLSlew;GROUP=XSec;VALUE=0 
 PARM;GEOM_ID=EKYLTRLALM;ID=RPUWFVLUYXC;NAME=BottomLSlewSet;GROUP=XSec;VALUE=1 
 PARM;GEOM_ID=EKYLTRLALM;ID=TPMFXIPXSNQ;NAME=BottomLStrength;GROUP=XSec;VALUE=1 
 PARM;GEOM_ID=EKYLTRLALM;ID=BFHLWJXVSXN;NAME=BottomLStrengthSet;GROUP=XSec;VALUE=1 
 PARM;GEOM_ID=EKYLTRLALM;ID=HZVDRVZXOXS;NAME=BottomRAngle;GROUP=XSec;VALUE=0 
 PARM;GEOM_ID=EKYLTRLALM;ID=JQMRIQXRPTE;NAME=BottomRAngleSet;GROUP=XSec;VALUE=1 
 PARM;GEOM_ID=EKYLTRLALM;ID=ZXIPSFYPHLL;NAME=BottomRCurve;GROUP=XSec;VALUE=-2.46886 
 PARM;GEOM_ID=EKYLTRLALM;ID=SMTVLHTFZLU;NAME=BottomRCurveSet;GROUP=XSec;VALUE=0 
 PARM;GEOM_ID=EKYLTRLALM;ID=SEBEOZOZGHK;NAME=BottomRSlew;GROUP=XSec;VALUE=0 
 PARM;GEOM_ID=EKYLTRLALM;ID=FPUJMNHPQHR;NAME=BottomRSlewSet;GROUP=XSec;VALUE=1 
 PARM;GEOM_ID=EKYLTRLALM;ID=QBZTJSWBRDU;NAME=BottomRStrength;GROUP=XSec;VALUE=1 
 PARM;GEOM_ID=EKYLTRLALM;ID=FXJQTTXXANW;NAME=BottomRStrengthSet;GROUP=XSec;VALUE=1 
 PARM;GEOM_ID=EKYLTRLALM;ID=RLKRWXQKKLH;NAME=ContinuityBottom;GROUP=XSec;VALUE=0 
 PARM;GEOM_ID=EKYLTRLALM;ID=DYSEVLWLOON;NAME=ContinuityLeft;GROUP=XSec;VALUE=0 
 PARM;GEOM_ID=EKYLTRLALM;ID=MXDSXMIBIFR;NAME=ContinuityRight;GROUP=XSec;VALUE=0 
 PARM;GEOM_ID=EKYLTRLALM;ID=TIPEWIVYVBU;NAME=ContinuityTop;GROUP=XSec;VALUE=0 
 PARM;GEOM_ID=EKYLTRLALM;ID=ULPPWXZHQOU;NAME=FwdCluster;GROUP=XSec;VALUE=1 
 PARM;GEOM_ID=EKYLTRLALM;ID=BUPDMIGZSAH;NAME=LeftLAngle;GROUP=XSec;VALUE=0 
 PARM;GEOM_ID=EKYLTRLALM;ID=YAJXQPXBLZB;NAME=LeftLAngleSet;GROUP=XSec;VALUE=1 
 PARM;GEOM_ID=EKYLTRLALM;ID=TPZBIBZOAYI;NAME=LeftLCurve;GROUP=XSec;VALUE=1.18085 
 PARM;GEOM_ID=EKYLTRLALM;ID=AAVMCIZBQKA;NAME=LeftLCurveSet;GROUP=XSec;VALUE=0 
 PARM;GEOM_ID=EKYLTRLALM;ID=DWXYXXKFRIS;NAME=LeftLRAngleEq;GROUP=XSec;VALUE=1 
 PARM;GEOM_ID=EKYLTRLALM;ID=NTKCTHBPRBU;NAME=LeftLRCurveEq;GROUP=XSec;VALUE=0 
 PARM;GEOM_ID=EKYLTRLALM;ID=ZTWYODWDSGL;NAME=LeftLRSlewEq;GROUP=XSec;VALUE=0 
 PARM;GEOM_ID=EKYLTRLALM;ID=SHPRSHOFRUD;NAME=LeftLRStrengthEq;GROUP=XSec;VALUE=0 
 PARM;GEOM_ID=EKYLTRLALM;ID=ANDKDVXWYOR;NAME=LeftLSlew;GROUP=XSec;VALUE=0 
 PARM;GEOM_ID=EKYLTRLALM;ID=ZPDMELMOWDJ;NAME=LeftLSlewSet;GROUP=XSec;VALUE=1 
 PARM;GEOM_ID=EKYLTRLALM;ID=DOITAURFYJW;NAME=LeftLStrength;GROUP=XSec;VALUE=1 
 PARM;GEOM_ID=EKYLTRLALM;ID=CEXHIODEMAS;NAME=LeftLStrengthSet;GROUP=XSec;VALUE=1 
 PARM;GEOM_ID=EKYLTRLALM;ID=ZGMPVWFXPAQ;NAME=LeftRAngle;GROUP=XSec;VALUE=0 
 PARM;GEOM_ID=EKYLTRLALM;ID=HUTWLREJWSI;NAME=LeftRAngleSet;GROUP=XSec;VALUE=1 
 PARM;GEOM_ID=EKYLTRLALM;ID=OMQUBIQYYWI;NAME=LeftRCurve;GROUP=XSec;VALUE=-2.48873 
 PARM;GEOM_ID=EKYLTRLALM;ID=INWCQPRWFBH;NAME=LeftRCurveSet;GROUP=XSec;VALUE=0 
 PARM;GEOM_ID=EKYLTRLALM;ID=ZFIQVFTLGYE;NAME=LeftRSlew;GROUP=XSec;VALUE=0 
 PARM;GEOM_ID=EKYLTRLALM;ID=GYEDALPHUTU;NAME=LeftRSlewSet;GROUP=XSec;VALUE=1 
 PARM;GEOM_ID=EKYLTRLALM;ID=MZOCLPCFDXJ;NAME=LeftRStrength;GROUP=XSec;VALUE=1 
 PARM;GEOM_ID=EKYLTRLALM;ID=JBMJGJXOXZQ;NAME=LeftRStrengthSet;GROUP=XSec;VALUE=1 
 PARM;GEOM_ID=EKYLTRLALM;ID=QJYKYTNIAKF;NAME=RLSym;GROUP=XSec;VALUE=1 
 PARM;GEOM_ID=EKYLTRLALM;ID=UGQJVDUYENH;NAME=RefLength;GROUP=XSec;VALUE=64.2257 
 PARM;GEOM_ID=EKYLTRLALM;ID=UZGRPSVLPLO;NAME=RightLAngle;GROUP=XSec;VALUE=0 
 PARM;GEOM_ID=EKYLTRLALM;ID=SRNNEXMEMGB;NAME=RightLAngleSet;GROUP=XSec;VALUE=1 
 PARM;GEOM_ID=EKYLTRLALM;ID=FMKLWHDNYBZ;NAME=RightLCurve;GROUP=XSec;VALUE=1.18085 
 PARM;GEOM_ID=EKYLTRLALM;ID=IJGUJTXIWHT;NAME=RightLCurveSet;GROUP=XSec;VALUE=0 
 PARM;GEOM_ID=EKYLTRLALM;ID=BYPWGBCULVM;NAME=RightLRAngleEq;GROUP=XSec;VALUE=1 
 PARM;GEOM_ID=EKYLTRLALM;ID=QIPTTVDYXUH;NAME=RightLRCurveEq;GROUP=XSec;VALUE=0 
 PARM;GEOM_ID=EKYLTRLALM;ID=HNUXLBSLZDD;NAME=RightLRSlewEq;GROUP=XSec;VALUE=0 
 PARM;GEOM_ID=EKYLTRLALM;ID=LXXCINDMGYW;NAME=RightLRStrengthEq;GROUP=XSec;VALUE=0 
 PARM;GEOM_ID=EKYLTRLALM;ID=FPIKATIUUNV;NAME=RightLSlew;GROUP=XSec;VALUE=0 
 PARM;GEOM_ID=EKYLTRLALM;ID=KSWWCJHJMFR;NAME=RightLSlewSet;GROUP=XSec;VALUE=1 
 PARM;GEOM_ID=EKYLTRLALM;ID=IMBHRNJCFFI;NAME=RightLStrength;GROUP=XSec;VALUE=1 
 PARM;GEOM_ID=EKYLTRLALM;ID=ELNFMUKTSMI;NAME=RightLStrengthSet;GROUP=XSec;VALUE=1 
 PARM;GEOM_ID=EKYLTRLALM;ID=XJSUOINYVWA;NAME=RightRAngle;GROUP=XSec;VALUE=0 
 PARM;GEOM_ID=EKYLTRLALM;ID=FEPJVTCBEXI;NAME=RightRAngleSet;GROUP=XSec;VALUE=1 
 PARM;GEOM_ID=EKYLTRLALM;ID=MTFLKBWMMBG;NAME=RightRCurve;GROUP=XSec;VALUE=-2.48873 
 PARM;GEOM_ID=EKYLTRLALM;ID=OBZJRBNYPXP;NAME=RightRCurveSet;GROUP=XSec;VALUE=0 
 PARM;GEOM_ID=EKYLTRLALM;ID=WPTFVPKJAAT;NAME=RightRSlew;GROUP=XSec;VALUE=0 
 PARM;GEOM_ID=EKYLTRLALM;ID=YZAGHFUUFWZ;NAME=RightRSlewSet;GROUP=XSec;VALUE=1 
 PARM;GEOM_ID=EKYLTRLALM;ID=NZKOCODUASB;NAME=RightRStrength;GROUP=XSec;VALUE=1 
 PARM;GEOM_ID=EKYLTRLALM;ID=VXZBDPOQAGE;NAME=RightRStrengthSet;GROUP=XSec;VALUE=1 
 PARM;GEOM_ID=EKYLTRLALM;ID=CHGRNYBORXF;NAME=SectTess_U;GROUP=XSec;VALUE=6 
 PARM;GEOM_ID=EKYLTRLALM;ID=BKDMPIWSWDN;NAME=Spin;GROUP=XSec;VALUE=0 
 PARM;GEOM_ID=EKYLTRLALM;ID=SMNJMNACBMX;NAME=TBSym;GROUP=XSec;VALUE=0 
 PARM;GEOM_ID=EKYLTRLALM;ID=ATYDJGVAASK;NAME=TopLAngle;GROUP=XSec;VALUE=0 
 PARM;GEOM_ID=EKYLTRLALM;ID=DQPULBIXNSP;NAME=TopLAngleSet;GROUP=XSec;VALUE=1 
 PARM;GEOM_ID=EKYLTRLALM;ID=EXLCUVYFAGL;NAME=TopLCurve;GROUP=XSec;VALUE=-1.11179 
 PARM;GEOM_ID=EKYLTRLALM;ID=XOFUKSNRZPD;NAME=TopLCurveSet;GROUP=XSec;VALUE=0 
 PARM;GEOM_ID=EKYLTRLALM;ID=PBZVOLFDXHX;NAME=TopLRAngleEq;GROUP=XSec;VALUE=0 
 PARM;GEOM_ID=EKYLTRLALM;ID=GUSMXQOVIEK;NAME=TopLRCurveEq;GROUP=XSec;VALUE=0 
 PARM;GEOM_ID=EKYLTRLALM;ID=AXNIAYBTQVB;NAME=TopLRSlewEq;GROUP=XSec;VALUE=0 
 PARM;GEOM_ID=EKYLTRLALM;ID=ZCWNHYGESGK;NAME=TopLRStrengthEq;GROUP=XSec;VALUE=0 
 PARM;GEOM_ID=EKYLTRLALM;ID=DJWLCTVKWFT;NAME=TopLSlew;GROUP=XSec;VALUE=0 
 PARM;GEOM_ID=EKYLTRLALM;ID=LXCJZUAFVLB;NAME=TopLSlewSet;GROUP=XSec;VALUE=1 
 PARM;GEOM_ID=EKYLTRLALM;ID=RMSVUWMGXCZ;NAME=TopLStrength;GROUP=XSec;VALUE=1 
 PARM;GEOM_ID=EKYLTRLALM;ID=BFWOMDRFVXV;NAME=TopLStrengthSet;GROUP=XSec;VALUE=1 
 PARM;GEOM_ID=EKYLTRLALM;ID=CQWVXWQODHO;NAME=TopRAngle;GROUP=XSec;VALUE=0 
 PARM;GEOM_ID=EKYLTRLALM;ID=ZLQIASCNFCX;NAME=TopRAngleSet;GROUP=XSec;VALUE=1 
 PARM;GEOM_ID=EKYLTRLALM;ID=RMUMQXAHLAA;NAME=TopRCurve;GROUP=XSec;VALUE=2.46886 
 PARM;GEOM_ID=EKYLTRLALM;ID=TVGTYERLMGZ;NAME=TopRCurveSet;GROUP=XSec;VALUE=0 
 PARM;GEOM_ID=EKYLTRLALM;ID=PYELPHUNXMP;NAME=TopRSlew;GROUP=XSec;VALUE=0 
 PARM;GEOM_ID=EKYLTRLALM;ID=VQHHYHDMYAJ;NAME=TopRSlewSet;GROUP=XSec;VALUE=1 
 PARM;GEOM_ID=EKYLTRLALM;ID=UCKXRHTDKSJ;NAME=TopRStrength;GROUP=XSec;VALUE=1 
 PARM;GEOM_ID=EKYLTRLALM;ID=IFWQRYCDALL;NAME=TopRStrengthSet;GROUP=XSec;VALUE=1 
 PARM;GEOM_ID=EKYLTRLALM;ID=SMUCLFEDUMR;NAME=XLocPercent;GROUP=XSec;VALUE=0.5 
 PARM;GEOM_ID=EKYLTRLALM;ID=XXGDGGIEKTK;NAME=XRotate;GROUP=XSec;VALUE=0 
 PARM;GEOM_ID=EKYLTRLALM;ID=WDRXHHZQYGR;NAME=YLocPercent;GROUP=XSec;VALUE=0 
 PARM;GEOM_ID=EKYLTRLALM;ID=GOCPYBMOLET;NAME=YRotate;GROUP=XSec;VALUE=0 
 PARM;GEOM_ID=EKYLTRLALM;ID=GLYZKROOUZW;NAME=ZLocPercent;GROUP=XSec;VALUE=0.00819918 
 PARM;GEOM_ID=EKYLTRLALM;ID=PFHRYJHPFRT;NAME=ZRotate;GROUP=XSec;VALUE=0 
 PARM;GEOM_ID=EKYLTRLALM;ID=MHYJIZVOJUA;NAME=Area;GROUP=XSecCurve;VALUE=10.7437 
 PARM;GEOM_ID=EKYLTRLALM;ID=ESPQTYTCSUD;NAME=DeltaX;GROUP=XSecCurve;VALUE=0 
 PARM;GEOM_ID=EKYLTRLALM;ID=RWEUNAILOBZ;NAME=DeltaY;GROUP=XSecCurve;VALUE=0 
 PARM;GEOM_ID=EKYLTRLALM;ID=OUVZMEZKUOH;NAME=Ellipse_Height;GROUP=XSecCurve;VALUE=6.31429 
 PARM;GEOM_ID=EKYLTRLALM;ID=PGWTDONSKNJ;NAME=Ellipse_Width;GROUP=XSecCurve;VALUE=2.16625 
 PARM;GEOM_ID=EKYLTRLALM;ID=TJZUHUPRFEF;NAME=HWRatio;GROUP=XSecCurve;VALUE=2.91485 
 PARM;GEOM_ID=EKYLTRLALM;ID=JCIYUNILVOG;NAME=Scale;GROUP=XSecCurve;VALUE=1 
 PARM;GEOM_ID=EKYLTRLALM;ID=YRFEKTJUYFQ;NAME=ShiftLE;GROUP=XSecCurve;VALUE=0 
 PARM;GEOM_ID=EKYLTRLALM;ID=SVCXJUEARGR;NAME=Theta;GROUP=XSecCurve;VALUE=0 
 PARM;GEOM_ID=EKYLTRLALM;ID=BVAHOSKDNWF;NAME=LE_Cap_Length;GROUP=Cap;VALUE=1 
 PARM;GEOM_ID=EKYLTRLALM;ID=JJNFWJGDNTH;NAME=LE_Cap_Offset;GROUP=Cap;VALUE=0 
 PARM;GEOM_ID=EKYLTRLALM;ID=CJMYGWWKHQL;NAME=LE_Cap_Strength;GROUP=Cap;VALUE=0.5 
 PARM;GEOM_ID=EKYLTRLALM;ID=ECDDVSXUMBW;NAME=LE_Cap_Type;GROUP=Cap;VALUE=1 
 PARM;GEOM_ID=EKYLTRLALM;ID=JPXSBOWDBAP;NAME=TE_Cap_Length;GROUP=Cap;VALUE=1 
 PARM;GEOM_ID=EKYLTRLALM;ID=IJHRKFGDTXL;NAME=TE_Cap_Offset;GROUP=Cap;VALUE=0 
 PARM;GEOM_ID=EKYLTRLALM;ID=IOJKJRDRRSO;NAME=TE_Cap_Strength;GROUP=Cap;VALUE=0.5 
 PARM;GEOM_ID=EKYLTRLALM;ID=XLXDOQMYXJW;NAME=TE_Cap_Type;GROUP=Cap;VALUE=1 
 PARM;GEOM_ID=EKYLTRLALM;ID=MBKZIIQSMBC;NAME=LE_Close_AbsRel;GROUP=Close;VALUE=0 
 PARM;GEOM_ID=EKYLTRLALM;ID=ZMEADIFOSXS;NAME=LE_Close_Thick;GROUP=Close;VALUE=0 
 PARM;GEOM_ID=EKYLTRLALM;ID=LTFXJHYNCII;NAME=LE_Close_Thick_Chord;GROUP=Close;VALUE=0 
 PARM;GEOM_ID=EKYLTRLALM;ID=JEATXGJHOKA;NAME=LE_Close_Type;GROUP=Close;VALUE=0 
 PARM;GEOM_ID=EKYLTRLALM;ID=XQFJHHYLBBD;NAME=TE_Close_AbsRel;GROUP=Close;VALUE=0 
 PARM;GEOM_ID=EKYLTRLALM;ID=OCYJNAIRILU;NAME=TE_Close_Thick;GROUP=Close;VALUE=0 
 PARM;GEOM_ID=EKYLTRLALM;ID=EPFEESGEEOH;NAME=TE_Close_Thick_Chord;GROUP=Close;VALUE=0 
 PARM;GEOM_ID=EKYLTRLALM;ID=GXTSTTWDFDQ;NAME=TE_Close_Type;GROUP=Close;VALUE=0 
 PARM;GEOM_ID=EKYLTRLALM;ID=LIYFHAZEKRZ;NAME=LE_Trim_AbsRel;GROUP=Trim;VALUE=0 
 PARM;GEOM_ID=EKYLTRLALM;ID=OSDJEJWCHCK;NAME=LE_Trim_Thick;GROUP=Trim;VALUE=0 
 PARM;GEOM_ID=EKYLTRLALM;ID=TYUEUASKZLX;NAME=LE_Trim_Thick_Chord;GROUP=Trim;VALUE=0 
 PARM;GEOM_ID=EKYLTRLALM;ID=WIGTVWVEXWB;NAME=LE_Trim_Type;GROUP=Trim;VALUE=0 
 PARM;GEOM_ID=EKYLTRLALM;ID=XHRCRIJKMUB;NAME=LE_Trim_X;GROUP=Trim;VALUE=0 
 PARM;GEOM_ID=EKYLTRLALM;ID=ETTGWLREJOH;NAME=LE_Trim_X_Chord;GROUP=Trim;VALUE=0 
 PARM;GEOM_ID=EKYLTRLALM;ID=ZXBDUVNTEZB;NAME=TE_Trim_AbsRel;GROUP=Trim;VALUE=0 
 PARM;GEOM_ID=EKYLTRLALM;ID=DBRGESEBKPG;NAME=TE_Trim_Thick;GROUP=Trim;VALUE=0 
 PARM;GEOM_ID=EKYLTRLALM;ID=NBGQIYFJSYI;NAME=TE_Trim_Thick_Chord;GROUP=Trim;VALUE=0 
 PARM;GEOM_ID=EKYLTRLALM;ID=PTLMOMENAUW;NAME=TE_Trim_Type;GROUP=Trim;VALUE=0 
 PARM;GEOM_ID=EKYLTRLALM;ID=KUGKQCHIJRF;NAME=TE_Trim_X;GROUP=Trim;VALUE=0 
 PARM;GEOM_ID=EKYLTRLALM;ID=PJKQZDDELGS;NAME=TE_Trim_X_Chord;GROUP=Trim;VALUE=0 
 PARM;GEOM_ID=EKYLTRLALM;ID=LPSSXLYIKYM;NAME=TE_Flap_DT;GROUP=Flap;VALUE=0 
 PARM;GEOM_ID=EKYLTRLALM;ID=UEUPWCJZKXA;NAME=TE_Flap_Deflection;GROUP=Flap;VALUE=0 
 PARM;GEOM_ID=EKYLTRLALM;ID=KRPHEQVUNQP;NAME=TE_Flap_Flag;GROUP=Flap;VALUE=0 
 PARM;GEOM_ID=EKYLTRLALM;ID=MGTRKEGILIG;NAME=TE_Flap_T;GROUP=Flap;VALUE=0.2 
 PARM;GEOM_ID=EKYLTRLALM;ID=NSXODDVTVDS;NAME=TE_Flap_Type;GROUP=Flap;VALUE=0 
 PARM;GEOM_ID=EKYLTRLALM;ID=ZYUJAOBVWUD;NAME=TE_Flap_X;GROUP=Flap;VALUE=0 
 PARM;GEOM_ID=EKYLTRLALM;ID=AISZAISJPOQ;NAME=TE_Flap_X_Chord;GROUP=Flap;VALUE=0.2 
 PARM;GEOM_ID=EKYLTRLALM;ID=EAZKARMWWRS;NAME=TE_Flap_Y_Frc;GROUP=Flap;VALUE=0.5 
 PARM;GEOM_ID=EKYLTRLALM;ID=JHIUWDOZHHG;NAME=TE_Trim_AbsRel;GROUP=Flap;VALUE=1 
 PARM;GEOM_ID=EKYLTRLALM;ID=UYONCDRCEMY;NAME=XSecFlipImageFlag;GROUP=XSecCurve_Background;VALUE=0 
 PARM;GEOM_ID=EKYLTRLALM;ID=BEXPPVMSIEZ;NAME=XSecImageFlag;GROUP=XSecCurve_Background;VALUE=0 
 PARM;GEOM_ID=EKYLTRLALM;ID=UTHOSFXTMVZ;NAME=XSecImageH;GROUP=XSecCurve_Background;VALUE=1 
 PARM;GEOM_ID=EKYLTRLALM;ID=MMREQLEZQAT;NAME=XSecImagePreserveAR;GROUP=XSecCurve_Background;VALUE=1 
 PARM;GEOM_ID=EKYLTRLALM;ID=JZEDRTRKONQ;NAME=XSecImageW;GROUP=XSecCurve_Background;VALUE=1 
 PARM;GEOM_ID=EKYLTRLALM;ID=OUFUOVMXZCR;NAME=XSecImageXOffset;GROUP=XSecCurve_Background;VALUE=0 
 PARM;GEOM_ID=EKYLTRLALM;ID=TLBQDSPXCZZ;NAME=XSecImageYOffset;GROUP=XSecCurve_Background;VALUE=0 
 PARM;GEOM_ID=EKYLTRLALM;ID=CJPLOYHNFKP;NAME=XSecLockImageFlag;GROUP=XSecCurve_Background;VALUE=0 
 PARM;GEOM_ID=EKYLTRLALM;ID=PXKPZBAGTLC;NAME=AllSym;GROUP=Chevron;VALUE=1 
 PARM;GEOM_ID=EKYLTRLALM;ID=EOURVGQFJOJ;NAME=BottomAmplitude;GROUP=Chevron;VALUE=1 
 PARM;GEOM_ID=EKYLTRLALM;ID=ISEUDKLIAOV;NAME=Bottom_Angle;GROUP=Chevron;VALUE=0 
 PARM;GEOM_ID=EKYLTRLALM;ID=ZWDJNVPPJMY;NAME=Bottom_Slew;GROUP=Chevron;VALUE=0 
 PARM;GEOM_ID=EKYLTRLALM;ID=XUSATZRTFPX;NAME=Chevron_Type;GROUP=Chevron;VALUE=0 
 PARM;GEOM_ID=EKYLTRLALM;ID=WMCRPTCJFBH;NAME=LeftAmplitude;GROUP=Chevron;VALUE=1 
 PARM;GEOM_ID=EKYLTRLALM;ID=SPEEADXEEHD;NAME=Left_Angle;GROUP=Chevron;VALUE=0 
 PARM;GEOM_ID=EKYLTRLALM;ID=UQVZTMKESDO;NAME=Left_Slew;GROUP=Chevron;VALUE=0 
 PARM;GEOM_ID=EKYLTRLALM;ID=RAFCSSXPZDA;NAME=Number;GROUP=Chevron;VALUE=8 
 PARM;GEOM_ID=EKYLTRLALM;ID=WVRAYWRTTWW;NAME=Off_Duty;GROUP=Chevron;VALUE=0 
 PARM;GEOM_ID=EKYLTRLALM;ID=NYCVRZPFPDL;NAME=On_Duty;GROUP=Chevron;VALUE=0 
 PARM;GEOM_ID=EKYLTRLALM;ID=FUVYRTKEMMQ;NAME=Peak_Radius;GROUP=Chevron;VALUE=0 
 PARM;GEOM_ID=EKYLTRLALM;ID=URGEKYATWZE;NAME=RLSym;GROUP=Chevron;VALUE=1 
 PARM;GEOM_ID=EKYLTRLALM;ID=STCSYYAWDAJ;NAME=RightAmplitude;GROUP=Chevron;VALUE=1 
 PARM;GEOM_ID=EKYLTRLALM;ID=NLEKBCSYACO;NAME=Right_Angle;GROUP=Chevron;VALUE=0 
 PARM;GEOM_ID=EKYLTRLALM;ID=TAERHBQKVJC;NAME=Right_Slew;GROUP=Chevron;VALUE=0 
 PARM;GEOM_ID=EKYLTRLALM;ID=GJFXNCVUOLH;NAME=TBSym;GROUP=Chevron;VALUE=1 
 PARM;GEOM_ID=EKYLTRLALM;ID=KEQZEMMRWJS;NAME=TopAmplitude;GROUP=Chevron;VALUE=1 
 PARM;GEOM_ID=EKYLTRLALM;ID=TRFQFOXPOXM;NAME=Top_Angle;GROUP=Chevron;VALUE=0 
 PARM;GEOM_ID=EKYLTRLALM;ID=JTHMBBRDCBE;NAME=Top_Slew;GROUP=Chevron;VALUE=0 
 PARM;GEOM_ID=EKYLTRLALM;ID=WOCORJLHTXK;NAME=Valley_Radius;GROUP=Chevron;VALUE=0 
 PARM;GEOM_ID=EKYLTRLALM;ID=WVRLYBGMJHM;NAME=W01_Center;GROUP=Chevron;VALUE=0.25 
 PARM;GEOM_ID=EKYLTRLALM;ID=QVTVHWSNMOD;NAME=W01_Center_Guide;GROUP=Chevron;VALUE=5 
 PARM;GEOM_ID=EKYLTRLALM;ID=RIJXIFUPGJZ;NAME=W01_End;GROUP=Chevron;VALUE=0.5 
 PARM;GEOM_ID=EKYLTRLALM;ID=ATBYBUDAKZE;NAME=W01_End_Guide;GROUP=Chevron;VALUE=5 
 PARM;GEOM_ID=EKYLTRLALM;ID=UYKSKEFQREN;NAME=W01_Mode;GROUP=Chevron;VALUE=0 
 PARM;GEOM_ID=EKYLTRLALM;ID=LMUERFBTFYH;NAME=W01_Start;GROUP=Chevron;VALUE=0 
 PARM;GEOM_ID=EKYLTRLALM;ID=WXGWMAQIOQX;NAME=W01_Start_Guide;GROUP=Chevron;VALUE=5 
 PARM;GEOM_ID=EKYLTRLALM;ID=VAAHQURQHVQ;NAME=W01_Width;GROUP=Chevron;VALUE=0.5 
 PARM;GEOM_ID=EKYLTRLALM;ID=PFEKUVKQXGI;NAME=AftCluster;GROUP=XSec;VALUE=1 
 PARM;GEOM_ID=EKYLTRLALM;ID=DHWXTZBMQWH;NAME=AllSym;GROUP=XSec;VALUE=0 
 PARM;GEOM_ID=EKYLTRLALM;ID=NTJOHLYHVCD;NAME=BottomLAngle;GROUP=XSec;VALUE=0 
 PARM;GEOM_ID=EKYLTRLALM;ID=HPURNAPDBVT;NAME=BottomLAngleSet;GROUP=XSec;VALUE=1 
 PARM;GEOM_ID=EKYLTRLALM;ID=WTWXAYORXGX;NAME=BottomLCurve;GROUP=XSec;VALUE=0.761141 
 PARM;GEOM_ID=EKYLTRLALM;ID=QDXXMSHYPQM;NAME=BottomLCurveSet;GROUP=XSec;VALUE=0 
 PARM;GEOM_ID=EKYLTRLALM;ID=DERVQNBYNZI;NAME=BottomLRAngleEq;GROUP=XSec;VALUE=0 
 PARM;GEOM_ID=EKYLTRLALM;ID=INEKONCWBHL;NAME=BottomLRCurveEq;GROUP=XSec;VALUE=0 
 PARM;GEOM_ID=EKYLTRLALM;ID=RTNLHYVNNYV;NAME=BottomLRSlewEq;GROUP=XSec;VALUE=0 
 PARM;GEOM_ID=EKYLTRLALM;ID=ZQTMJNXJOFW;NAME=BottomLRStrengthEq;GROUP=XSec;VALUE=0 
 PARM;GEOM_ID=EKYLTRLALM;ID=SSEERVFKOYK;NAME=BottomLSlew;GROUP=XSec;VALUE=0 
 PARM;GEOM_ID=EKYLTRLALM;ID=XZYFFMISLXB;NAME=BottomLSlewSet;GROUP=XSec;VALUE=1 
 PARM;GEOM_ID=EKYLTRLALM;ID=JBVERJOMOOF;NAME=BottomLStrength;GROUP=XSec;VALUE=1 
 PARM;GEOM_ID=EKYLTRLALM;ID=MVNAQILOBWK;NAME=BottomLStrengthSet;GROUP=XSec;VALUE=1 
 PARM;GEOM_ID=EKYLTRLALM;ID=TXTUEZJMEST;NAME=BottomRAngle;GROUP=XSec;VALUE=0 
 PARM;GEOM_ID=EKYLTRLALM;ID=GUBHFCVZHPS;NAME=BottomRAngleSet;GROUP=XSec;VALUE=1 
 PARM;GEOM_ID=EKYLTRLALM;ID=UXZRKEVSPSM;NAME=BottomRCurve;GROUP=XSec;VALUE=-0.921765 
 PARM;GEOM_ID=EKYLTRLALM;ID=TXUADMRHXUM;NAME=BottomRCurveSet;GROUP=XSec;VALUE=0 
 PARM;GEOM_ID=EKYLTRLALM;ID=EGIIRTBDZHJ;NAME=BottomRSlew;GROUP=XSec;VALUE=0 
 PARM;GEOM_ID=EKYLTRLALM;ID=KAIFLGGOSHB;NAME=BottomRSlewSet;GROUP=XSec;VALUE=1 
 PARM;GEOM_ID=EKYLTRLALM;ID=EWBGRRXBSIB;NAME=BottomRStrength;GROUP=XSec;VALUE=1 
 PARM;GEOM_ID=EKYLTRLALM;ID=PVSXGKAXZPZ;NAME=BottomRStrengthSet;GROUP=XSec;VALUE=1 
 PARM;GEOM_ID=EKYLTRLALM;ID=HFBDPPXJIBR;NAME=ContinuityBottom;GROUP=XSec;VALUE=0 
 PARM;GEOM_ID=EKYLTRLALM;ID=TYDMWMSFWFN;NAME=ContinuityLeft;GROUP=XSec;VALUE=0 
 PARM;GEOM_ID=EKYLTRLALM;ID=TEGNMNSHSNZ;NAME=ContinuityRight;GROUP=XSec;VALUE=0 
 PARM;GEOM_ID=EKYLTRLALM;ID=LJVHDEVCVJA;NAME=ContinuityTop;GROUP=XSec;VALUE=0 
 PARM;GEOM_ID=EKYLTRLALM;ID=CLOJKLWGDWI;NAME=FwdCluster;GROUP=XSec;VALUE=1 
 PARM;GEOM_ID=EKYLTRLALM;ID=CMEGDTKBUTX;NAME=LeftLAngle;GROUP=XSec;VALUE=0 
 PARM;GEOM_ID=EKYLTRLALM;ID=NZXFOHATTJL;NAME=LeftLAngleSet;GROUP=XSec;VALUE=1 
 PARM;GEOM_ID=EKYLTRLALM;ID=ZFVSWJBDMPC;NAME=LeftLCurve;GROUP=XSec;VALUE=0.785454 
 PARM;GEOM_ID=EKYLTRLALM;ID=NMBBFEGJOJT;NAME=LeftLCurveSet;GROUP=XSec;VALUE=0 
 PARM;GEOM_ID=EKYLTRLALM;ID=AVPMLCMMQZK;NAME=LeftLRAngleEq;GROUP=XSec;VALUE=1 
 PARM;GEOM_ID=EKYLTRLALM;ID=HFPPCLYHMSV;NAME=LeftLRCurveEq;GROUP=XSec;VALUE=0 
 PARM;GEOM_ID=EKYLTRLALM;ID=QTOFUPACFUA;NAME=LeftLRSlewEq;GROUP=XSec;VALUE=0 
 PARM;GEOM_ID=EKYLTRLALM;ID=CWPLNAFJFQT;NAME=LeftLRStrengthEq;GROUP=XSec;VALUE=0 
 PARM;GEOM_ID=EKYLTRLALM;ID=IVYPEBOHBIP;NAME=LeftLSlew;GROUP=XSec;VALUE=0 
 PARM;GEOM_ID=EKYLTRLALM;ID=BACCTXUNYOA;NAME=LeftLSlewSet;GROUP=XSec;VALUE=1 
 PARM;GEOM_ID=EKYLTRLALM;ID=XAEUEXQRJAH;NAME=LeftLStrength;GROUP=XSec;VALUE=1 
 PARM;GEOM_ID=EKYLTRLALM;ID=XCTBFTRTHPJ;NAME=LeftLStrengthSet;GROUP=XSec;VALUE=1 
 PARM;GEOM_ID=EKYLTRLALM;ID=STIIFWYTXCH;NAME=LeftRAngle;GROUP=XSec;VALUE=0 
 PARM;GEOM_ID=EKYLTRLALM;ID=ZYOCTDOFZYD;NAME=LeftRAngleSet;GROUP=XSec;VALUE=1 
 PARM;GEOM_ID=EKYLTRLALM;ID=CCDSLFDICKV;NAME=LeftRCurve;GROUP=XSec;VALUE=0.491483 
 PARM;GEOM_ID=EKYLTRLALM;ID=PAZVCNSWZDZ;NAME=LeftRCurveSet;GROUP=XSec;VALUE=0 
 PARM;GEOM_ID=EKYLTRLALM;ID=IUQXOOZIXYY;NAME=LeftRSlew;GROUP=XSec;VALUE=0 
 PARM;GEOM_ID=EKYLTRLALM;ID=IYBYKJIYLKC;NAME=LeftRSlewSet;GROUP=XSec;VALUE=1 
 PARM;GEOM_ID=EKYLTRLALM;ID=JUAIIILOUKP;NAME=LeftRStrength;GROUP=XSec;VALUE=1 
 PARM;GEOM_ID=EKYLTRLALM;ID=POZQLKRZPDN;NAME=LeftRStrengthSet;GROUP=XSec;VALUE=1 
 PARM;GEOM_ID=EKYLTRLALM;ID=EFWZMTUHPNZ;NAME=RLSym;GROUP=XSec;VALUE=1 
 PARM;GEOM_ID=EKYLTRLALM;ID=QSHVWGTMRVV;NAME=RefLength;GROUP=XSec;VALUE=64.2257 
 PARM;GEOM_ID=EKYLTRLALM;ID=GXPKDLFAMUW;NAME=RightLAngle;GROUP=XSec;VALUE=0 
 PARM;GEOM_ID=EKYLTRLALM;ID=QQACNZTAUME;NAME=RightLAngleSet;GROUP=XSec;VALUE=1 
 PARM;GEOM_ID=EKYLTRLALM;ID=FEEGSSVSPMV;NAME=RightLCurve;GROUP=XSec;VALUE=0.785454 
 PARM;GEOM_ID=EKYLTRLALM;ID=VYGIFYSQFLL;NAME=RightLCurveSet;GROUP=XSec;VALUE=0 
 PARM;GEOM_ID=EKYLTRLALM;ID=MSDQHZSOKPE;NAME=RightLRAngleEq;GROUP=XSec;VALUE=1 
 PARM;GEOM_ID=EKYLTRLALM;ID=XDOXMPLPACX;NAME=RightLRCurveEq;GROUP=XSec;VALUE=0 
 PARM;GEOM_ID=EKYLTRLALM;ID=KIAANFTKYAU;NAME=RightLRSlewEq;GROUP=XSec;VALUE=0 
 PARM;GEOM_ID=EKYLTRLALM;ID=KVUBSTHLVTI;NAME=RightLRStrengthEq;GROUP=XSec;VALUE=0 
 PARM;GEOM_ID=EKYLTRLALM;ID=MREOMDDCXOU;NAME=RightLSlew;GROUP=XSec;VALUE=0 
 PARM;GEOM_ID=EKYLTRLALM;ID=QIGOLINQTQX;NAME=RightLSlewSet;GROUP=XSec;VALUE=1 
 PARM;GEOM_ID=EKYLTRLALM;ID=JXYOAOJEZUE;NAME=RightLStrength;GROUP=XSec;VALUE=1 
 PARM;GEOM_ID=EKYLTRLALM;ID=PHXCBMJBPQL;NAME=RightLStrengthSet;GROUP=XSec;VALUE=1 
 PARM;GEOM_ID=EKYLTRLALM;ID=OWXYSSZLEXL;NAME=RightRAngle;GROUP=XSec;VALUE=0 
 PARM;GEOM_ID=EKYLTRLALM;ID=BWSADRDILXR;NAME=RightRAngleSet;GROUP=XSec;VALUE=1 
 PARM;GEOM_ID=EKYLTRLALM;ID=APXQWVEVCAV;NAME=RightRCurve;GROUP=XSec;VALUE=0.491483 
 PARM;GEOM_ID=EKYLTRLALM;ID=SDIJGXCMHJK;NAME=RightRCurveSet;GROUP=XSec;VALUE=0 
 PARM;GEOM_ID=EKYLTRLALM;ID=MUNWIFCTHYV;NAME=RightRSlew;GROUP=XSec;VALUE=0 
 PARM;GEOM_ID=EKYLTRLALM;ID=JGPEDHTRTTD;NAME=RightRSlewSet;GROUP=XSec;VALUE=1 
 PARM;GEOM_ID=EKYLTRLALM;ID=EPMPVFAGMGF;NAME=RightRStrength;GROUP=XSec;VALUE=1 
 PARM;GEOM_ID=EKYLTRLALM;ID=HKVFQQEVPXB;NAME=RightRStrengthSet;GROUP=XSec;VALUE=1 
 PARM;GEOM_ID=EKYLTRLALM;ID=YKKNKAIOVGT;NAME=SectTess_U;GROUP=XSec;VALUE=6 
 PARM;GEOM_ID=EKYLTRLALM;ID=TFPFLVIVGKS;NAME=Spin;GROUP=XSec;VALUE=0 
 PARM;GEOM_ID=EKYLTRLALM;ID=XRKNEHNMEQK;NAME=TBSym;GROUP=XSec;VALUE=0 
 PARM;GEOM_ID=EKYLTRLALM;ID=YUEWOVCUNPP;NAME=TopLAngle;GROUP=XSec;VALUE=0 
 PARM;GEOM_ID=EKYLTRLALM;ID=NYAFGAMVPQX;NAME=TopLAngleSet;GROUP=XSec;VALUE=1 
 PARM;GEOM_ID=EKYLTRLALM;ID=CZSGHBHFMHG;NAME=TopLCurve;GROUP=XSec;VALUE=-0.761141 
 PARM;GEOM_ID=EKYLTRLALM;ID=LMHEAGIOYIT;NAME=TopLCurveSet;GROUP=XSec;VALUE=0 
 PARM;GEOM_ID=EKYLTRLALM;ID=QXDVHKFQZRB;NAME=TopLRAngleEq;GROUP=XSec;VALUE=0 
 PARM;GEOM_ID=EKYLTRLALM;ID=EEOHEAUVCEP;NAME=TopLRCurveEq;GROUP=XSec;VALUE=0 
 PARM;GEOM_ID=EKYLTRLALM;ID=VCEXYXIVQXR;NAME=TopLRSlewEq;GROUP=XSec;VALUE=0 
 PARM;GEOM_ID=EKYLTRLALM;ID=VXWOYCTULJI;NAME=TopLRStrengthEq;GROUP=XSec;VALUE=0 
 PARM;GEOM_ID=EKYLTRLALM;ID=QMBEBSWCYPD;NAME=TopLSlew;GROUP=XSec;VALUE=0 
 PARM;GEOM_ID=EKYLTRLALM;ID=FZOMBKJXYNH;NAME=TopLSlewSet;GROUP=XSec;VALUE=1 
 PARM;GEOM_ID=EKYLTRLALM;ID=NFJZEUAOGRH;NAME=TopLStrength;GROUP=XSec;VALUE=1 
 PARM;GEOM_ID=EKYLTRLALM;ID=DKCCIMDOMBJ;NAME=TopLStrengthSet;GROUP=XSec;VALUE=1 
 PARM;GEOM_ID=EKYLTRLALM;ID=LOIIYAHUXYL;NAME=TopRAngle;GROUP=XSec;VALUE=0 
 PARM;GEOM_ID=EKYLTRLALM;ID=YLIHXMXZBNW;NAME=TopRAngleSet;GROUP=XSec;VALUE=1 
 PARM;GEOM_ID=EKYLTRLALM;ID=NJHGMKLJEFR;NAME=TopRCurve;GROUP=XSec;VALUE=-0.921765 
 PARM;GEOM_ID=EKYLTRLALM;ID=LNOXCTVLHNB;NAME=TopRCurveSet;GROUP=XSec;VALUE=0 
 PARM;GEOM_ID=EKYLTRLALM;ID=EVHBKLGMKKO;NAME=TopRSlew;GROUP=XSec;VALUE=0 
 PARM;GEOM_ID=EKYLTRLALM;ID=BMGFFDTLVEJ;NAME=TopRSlewSet;GROUP=XSec;VALUE=1 
 PARM;GEOM_ID=EKYLTRLALM;ID=CWHBIEZCOQV;NAME=TopRStrength;GROUP=XSec;VALUE=1 
 PARM;GEOM_ID=EKYLTRLALM;ID=IHCYVKEDLKI;NAME=TopRStrengthSet;GROUP=XSec;VALUE=1 
 PARM;GEOM_ID=EKYLTRLALM;ID=FSOOMNDSQQC;NAME=XLocPercent;GROUP=XSec;VALUE=0.75 
 PARM;GEOM_ID=EKYLTRLALM;ID=AJIHABZEFDJ;NAME=XRotate;GROUP=XSec;VALUE=0 
 PARM;GEOM_ID=EKYLTRLALM;ID=IWZGYQOBSCM;NAME=YLocPercent;GROUP=XSec;VALUE=0 
 PARM;GEOM_ID=EKYLTRLALM;ID=NYUITONOEAU;NAME=YRotate;GROUP=XSec;VALUE=0 
 PARM;GEOM_ID=EKYLTRLALM;ID=LOFRHEEWKYJ;NAME=ZLocPercent;GROUP=XSec;VALUE=0.0082 
 PARM;GEOM_ID=EKYLTRLALM;ID=SUFZWIANDZS;NAME=ZRotate;GROUP=XSec;VALUE=0 
 PARM;GEOM_ID=EKYLTRLALM;ID=RWCMXVXZBUG;NAME=Area;GROUP=XSecCurve;VALUE=5.59374 
 PARM;GEOM_ID=EKYLTRLALM;ID=PHASOEULBQF;NAME=DeltaX;GROUP=XSecCurve;VALUE=0 
 PARM;GEOM_ID=EKYLTRLALM;ID=XIBHIRZBRID;NAME=DeltaY;GROUP=XSecCurve;VALUE=0 
 PARM;GEOM_ID=EKYLTRLALM;ID=JDMWJPDRHSD;NAME=Ellipse_Height;GROUP=XSecCurve;VALUE=6.31429 
 PARM;GEOM_ID=EKYLTRLALM;ID=FQILTOZCMPL;NAME=Ellipse_Width;GROUP=XSecCurve;VALUE=1.12786 
 PARM;GEOM_ID=EKYLTRLALM;ID=VXDGOWFIBRL;NAME=HWRatio;GROUP=XSecCurve;VALUE=5.59847 
 PARM;GEOM_ID=EKYLTRLALM;ID=PUNYQCIFWXT;NAME=Scale;GROUP=XSecCurve;VALUE=1 
 PARM;GEOM_ID=EKYLTRLALM;ID=UGSSZBDMMIV;NAME=ShiftLE;GROUP=XSecCurve;VALUE=0 
 PARM;GEOM_ID=EKYLTRLALM;ID=VTPTNPRXBNN;NAME=Theta;GROUP=XSecCurve;VALUE=0 
 PARM;GEOM_ID=EKYLTRLALM;ID=SCEDXVJYCOH;NAME=LE_Cap_Length;GROUP=Cap;VALUE=1 
 PARM;GEOM_ID=EKYLTRLALM;ID=QLVKYLHVURK;NAME=LE_Cap_Offset;GROUP=Cap;VALUE=0 
 PARM;GEOM_ID=EKYLTRLALM;ID=LLDSFAFBLDX;NAME=LE_Cap_Strength;GROUP=Cap;VALUE=0.5 
 PARM;GEOM_ID=EKYLTRLALM;ID=GVQNEHTEOHC;NAME=LE_Cap_Type;GROUP=Cap;VALUE=1 
 PARM;GEOM_ID=EKYLTRLALM;ID=FYOSUMORFFW;NAME=TE_Cap_Length;GROUP=Cap;VALUE=1 
 PARM;GEOM_ID=EKYLTRLALM;ID=UJTSORAURDL;NAME=TE_Cap_Offset;GROUP=Cap;VALUE=0 
 PARM;GEOM_ID=EKYLTRLALM;ID=JYADWKPSLIF;NAME=TE_Cap_Strength;GROUP=Cap;VALUE=0.5 
 PARM;GEOM_ID=EKYLTRLALM;ID=YXGEQMXKWGV;NAME=TE_Cap_Type;GROUP=Cap;VALUE=1 
 PARM;GEOM_ID=EKYLTRLALM;ID=AIQRLTLUAJJ;NAME=LE_Close_AbsRel;GROUP=Close;VALUE=0 
 PARM;GEOM_ID=EKYLTRLALM;ID=YDCNMKULYIC;NAME=LE_Close_Thick;GROUP=Close;VALUE=0 
 PARM;GEOM_ID=EKYLTRLALM;ID=DFWEMCKIMCJ;NAME=LE_Close_Thick_Chord;GROUP=Close;VALUE=0 
 PARM;GEOM_ID=EKYLTRLALM;ID=RNGCKZABZWC;NAME=LE_Close_Type;GROUP=Close;VALUE=0 
 PARM;GEOM_ID=EKYLTRLALM;ID=AHVIULKUNML;NAME=TE_Close_AbsRel;GROUP=Close;VALUE=0 
 PARM;GEOM_ID=EKYLTRLALM;ID=VMAKBMZYYFG;NAME=TE_Close_Thick;GROUP=Close;VALUE=0 
 PARM;GEOM_ID=EKYLTRLALM;ID=PFMXEJLMUKI;NAME=TE_Close_Thick_Chord;GROUP=Close;VALUE=0 
 PARM;GEOM_ID=EKYLTRLALM;ID=XBTAWCZCVUD;NAME=TE_Close_Type;GROUP=Close;VALUE=0 
 PARM;GEOM_ID=EKYLTRLALM;ID=NDBVONDTNJR;NAME=LE_Trim_AbsRel;GROUP=Trim;VALUE=0 
 PARM;GEOM_ID=EKYLTRLALM;ID=GAFDICVERMW;NAME=LE_Trim_Thick;GROUP=Trim;VALUE=0 
 PARM;GEOM_ID=EKYLTRLALM;ID=PTWIUMOUURS;NAME=LE_Trim_Thick_Chord;GROUP=Trim;VALUE=0 
 PARM;GEOM_ID=EKYLTRLALM;ID=IQOMVRMNLCH;NAME=LE_Trim_Type;GROUP=Trim;VALUE=0 
 PARM;GEOM_ID=EKYLTRLALM;ID=HGIVESRNDZA;NAME=LE_Trim_X;GROUP=Trim;VALUE=0 
 PARM;GEOM_ID=EKYLTRLALM;ID=JSWZVLBWRDC;NAME=LE_Trim_X_Chord;GROUP=Trim;VALUE=0 
 PARM;GEOM_ID=EKYLTRLALM;ID=YZQJTBEJGEV;NAME=TE_Trim_AbsRel;GROUP=Trim;VALUE=0 
 PARM;GEOM_ID=EKYLTRLALM;ID=CBCHFYZYVDO;NAME=TE_Trim_Thick;GROUP=Trim;VALUE=0 
 PARM;GEOM_ID=EKYLTRLALM;ID=CNINMUYZZRM;NAME=TE_Trim_Thick_Chord;GROUP=Trim;VALUE=0 
 PARM;GEOM_ID=EKYLTRLALM;ID=KPLWGNZAGQG;NAME=TE_Trim_Type;GROUP=Trim;VALUE=0 
 PARM;GEOM_ID=EKYLTRLALM;ID=PJOPRWXIBQB;NAME=TE_Trim_X;GROUP=Trim;VALUE=0 
 PARM;GEOM_ID=EKYLTRLALM;ID=JBQFZWZZNMA;NAME=TE_Trim_X_Chord;GROUP=Trim;VALUE=0 
 PARM;GEOM_ID=EKYLTRLALM;ID=LRPPFVPJKLV;NAME=TE_Flap_DT;GROUP=Flap;VALUE=0 
 PARM;GEOM_ID=EKYLTRLALM;ID=RNUJNOOPUIC;NAME=TE_Flap_Deflection;GROUP=Flap;VALUE=0 
 PARM;GEOM_ID=EKYLTRLALM;ID=JZXJIVDSERJ;NAME=TE_Flap_Flag;GROUP=Flap;VALUE=0 
 PARM;GEOM_ID=EKYLTRLALM;ID=CIPZSIAFNHD;NAME=TE_Flap_T;GROUP=Flap;VALUE=0.2 
 PARM;GEOM_ID=EKYLTRLALM;ID=AJBQAIFCDHV;NAME=TE_Flap_Type;GROUP=Flap;VALUE=0 
 PARM;GEOM_ID=EKYLTRLALM;ID=AKMGQJGFVOQ;NAME=TE_Flap_X;GROUP=Flap;VALUE=0 
 PARM;GEOM_ID=EKYLTRLALM;ID=CTJLCTRKBOL;NAME=TE_Flap_X_Chord;GROUP=Flap;VALUE=0.2 
 PARM;GEOM_ID=EKYLTRLALM;ID=ARSYWESKDNB;NAME=TE_Flap_Y_Frc;GROUP=Flap;VALUE=0.5 
 PARM;GEOM_ID=EKYLTRLALM;ID=QFGPYIEAUDE;NAME=TE_Trim_AbsRel;GROUP=Flap;VALUE=1 
 PARM;GEOM_ID=EKYLTRLALM;ID=QTMRWRHKDDI;NAME=XSecFlipImageFlag;GROUP=XSecCurve_Background;VALUE=0 
 PARM;GEOM_ID=EKYLTRLALM;ID=KMZEKECZQCW;NAME=XSecImageFlag;GROUP=XSecCurve_Background;VALUE=0 
 PARM;GEOM_ID=EKYLTRLALM;ID=TKXWAXZRIXY;NAME=XSecImageH;GROUP=XSecCurve_Background;VALUE=1 
 PARM;GEOM_ID=EKYLTRLALM;ID=QYLNZNRWSIJ;NAME=XSecImagePreserveAR;GROUP=XSecCurve_Background;VALUE=1 
 PARM;GEOM_ID=EKYLTRLALM;ID=KBDIJQQLAIC;NAME=XSecImageW;GROUP=XSecCurve_Background;VALUE=1 
 PARM;GEOM_ID=EKYLTRLALM;ID=KKQMYQRSBUN;NAME=XSecImageXOffset;GROUP=XSecCurve_Background;VALUE=0 
 PARM;GEOM_ID=EKYLTRLALM;ID=BTGEUIXGRWM;NAME=XSecImageYOffset;GROUP=XSecCurve_Background;VALUE=0 
 PARM;GEOM_ID=EKYLTRLALM;ID=XPNVNZLYFYM;NAME=XSecLockImageFlag;GROUP=XSecCurve_Background;VALUE=0 
 PARM;GEOM_ID=EKYLTRLALM;ID=LCYXKOTCXJJ;NAME=AllSym;GROUP=Chevron;VALUE=1 
 PARM;GEOM_ID=EKYLTRLALM;ID=VQXZUSIQIYO;NAME=BottomAmplitude;GROUP=Chevron;VALUE=1 
 PARM;GEOM_ID=EKYLTRLALM;ID=GAPFFPLZWST;NAME=Bottom_Angle;GROUP=Chevron;VALUE=0 
 PARM;GEOM_ID=EKYLTRLALM;ID=SFCZZDTVAUB;NAME=Bottom_Slew;GROUP=Chevron;VALUE=0 
 PARM;GEOM_ID=EKYLTRLALM;ID=SLXEXKWLZOS;NAME=Chevron_Type;GROUP=Chevron;VALUE=0 
 PARM;GEOM_ID=EKYLTRLALM;ID=XPIDAEVOWGF;NAME=LeftAmplitude;GROUP=Chevron;VALUE=1 
 PARM;GEOM_ID=EKYLTRLALM;ID=GPKULQMAWEU;NAME=Left_Angle;GROUP=Chevron;VALUE=0 
 PARM;GEOM_ID=EKYLTRLALM;ID=EVTNJDPIGTO;NAME=Left_Slew;GROUP=Chevron;VALUE=0 
 PARM;GEOM_ID=EKYLTRLALM;ID=KBCKNBBPQQJ;NAME=Number;GROUP=Chevron;VALUE=8 
 PARM;GEOM_ID=EKYLTRLALM;ID=LHDWHQTYUIH;NAME=Off_Duty;GROUP=Chevron;VALUE=0 
 PARM;GEOM_ID=EKYLTRLALM;ID=GILPHWUBBBU;NAME=On_Duty;GROUP=Chevron;VALUE=0 
 PARM;GEOM_ID=EKYLTRLALM;ID=SQSVQWZTFYF;NAME=Peak_Radius;GROUP=Chevron;VALUE=0 
 PARM;GEOM_ID=EKYLTRLALM;ID=NEWXHDYTGKK;NAME=RLSym;GROUP=Chevron;VALUE=1 
 PARM;GEOM_ID=EKYLTRLALM;ID=ODBGXCRFUQY;NAME=RightAmplitude;GROUP=Chevron;VALUE=1 
 PARM;GEOM_ID=EKYLTRLALM;ID=AHNIWYVCRWU;NAME=Right_Angle;GROUP=Chevron;VALUE=0 
 PARM;GEOM_ID=EKYLTRLALM;ID=SIDLJKNJHVV;NAME=Right_Slew;GROUP=Chevron;VALUE=0 
 PARM;GEOM_ID=EKYLTRLALM;ID=SWFUFNOCVBN;NAME=TBSym;GROUP=Chevron;VALUE=1 
 PARM;GEOM_ID=EKYLTRLALM;ID=EBXWNMPSZIC;NAME=TopAmplitude;GROUP=Chevron;VALUE=1 
 PARM;GEOM_ID=EKYLTRLALM;ID=ZMLSGWRCDEV;NAME=Top_Angle;GROUP=Chevron;VALUE=0 
 PARM;GEOM_ID=EKYLTRLALM;ID=WUTQFUQVMMF;NAME=Top_Slew;GROUP=Chevron;VALUE=0 
 PARM;GEOM_ID=EKYLTRLALM;ID=UUEWKUWJHXL;NAME=Valley_Radius;GROUP=Chevron;VALUE=0 
 PARM;GEOM_ID=EKYLTRLALM;ID=XMNBPQCNHXU;NAME=W01_Center;GROUP=Chevron;VALUE=0.25 
 PARM;GEOM_ID=EKYLTRLALM;ID=GBFVUCIOSHT;NAME=W01_Center_Guide;GROUP=Chevron;VALUE=5 
 PARM;GEOM_ID=EKYLTRLALM;ID=ZCULYWVNTVA;NAME=W01_End;GROUP=Chevron;VALUE=0.5 
 PARM;GEOM_ID=EKYLTRLALM;ID=AMKYTBCTEXQ;NAME=W01_End_Guide;GROUP=Chevron;VALUE=5 
 PARM;GEOM_ID=EKYLTRLALM;ID=JWEKVDVLVPD;NAME=W01_Mode;GROUP=Chevron;VALUE=0 
 PARM;GEOM_ID=EKYLTRLALM;ID=SNDKUEDNXTN;NAME=W01_Start;GROUP=Chevron;VALUE=0 
 PARM;GEOM_ID=EKYLTRLALM;ID=WEDGZIFYTXG;NAME=W01_Start_Guide;GROUP=Chevron;VALUE=5 
 PARM;GEOM_ID=EKYLTRLALM;ID=SXSOAGJNAYV;NAME=W01_Width;GROUP=Chevron;VALUE=0.5 
 PARM;GEOM_ID=EKYLTRLALM;ID=PWOTIUHBDIY;NAME=AftCluster;GROUP=XSec;VALUE=1 
 PARM;GEOM_ID=EKYLTRLALM;ID=QHTERHKFEAW;NAME=AllSym;GROUP=XSec;VALUE=0 
 PARM;GEOM_ID=EKYLTRLALM;ID=GXZLNKCFNOL;NAME=BottomLAngle;GROUP=XSec;VALUE=-45 
 PARM;GEOM_ID=EKYLTRLALM;ID=GKEELCZXVEE;NAME=BottomLAngleSet;GROUP=XSec;VALUE=1 
 PARM;GEOM_ID=EKYLTRLALM;ID=RFMOINZOLWG;NAME=BottomLCurve;GROUP=XSec;VALUE=2.04396 
 PARM;GEOM_ID=EKYLTRLALM;ID=OPDBYIXQOVY;NAME=BottomLCurveSet;GROUP=XSec;VALUE=0 
 PARM;GEOM_ID=EKYLTRLALM;ID=PUVHNMMJLPS;NAME=BottomLRAngleEq;GROUP=XSec;VALUE=1 
 PARM;GEOM_ID=EKYLTRLALM;ID=KBTITGYCMHR;NAME=BottomLRCurveEq;GROUP=XSec;VALUE=0 
 PARM;GEOM_ID=EKYLTRLALM;ID=AHIPDERZMAW;NAME=BottomLRSlewEq;GROUP=XSec;VALUE=0 
 PARM;GEOM_ID=EKYLTRLALM;ID=QNQIBBHMJEF;NAME=BottomLRStrengthEq;GROUP=XSec;VALUE=0 
 PARM;GEOM_ID=EKYLTRLALM;ID=QIATPZTPDBZ;NAME=BottomLSlew;GROUP=XSec;VALUE=0 
 PARM;GEOM_ID=EKYLTRLALM;ID=WJKERBQQKDM;NAME=BottomLSlewSet;GROUP=XSec;VALUE=1 
 PARM;GEOM_ID=EKYLTRLALM;ID=CHZBLDYFZQY;NAME=BottomLStrength;GROUP=XSec;VALUE=0.75 
 PARM;GEOM_ID=EKYLTRLALM;ID=KBMVTTJAFOM;NAME=BottomLStrengthSet;GROUP=XSec;VALUE=1 
 PARM;GEOM_ID=EKYLTRLALM;ID=IEQWZTDKHWL;NAME=BottomRAngle;GROUP=XSec;VALUE=-45 
 PARM;GEOM_ID=EKYLTRLALM;ID=TQRVQOGOAKC;NAME=BottomRAngleSet;GROUP=XSec;VALUE=1 
 PARM;GEOM_ID=EKYLTRLALM;ID=HHPLLSEZWVH;NAME=BottomRCurve;GROUP=XSec;VALUE=2.04396 
 PARM;GEOM_ID=EKYLTRLALM;ID=LVDISBZTVKS;NAME=BottomRCurveSet;GROUP=XSec;VALUE=0 
 PARM;GEOM_ID=EKYLTRLALM;ID=WGDZKXOAUQG;NAME=BottomRSlew;GROUP=XSec;VALUE=0 
 PARM;GEOM_ID=EKYLTRLALM;ID=UZZWQMCETYM;NAME=BottomRSlewSet;GROUP=XSec;VALUE=1 
 PARM;GEOM_ID=EKYLTRLALM;ID=IJRBTRIKCYI;NAME=BottomRStrength;GROUP=XSec;VALUE=1 
 PARM;GEOM_ID=EKYLTRLALM;ID=PXMCOGXLCBK;NAME=BottomRStrengthSet;GROUP=XSec;VALUE=1 
 PARM;GEOM_ID=EKYLTRLALM;ID=KRVFKGPYJQC;NAME=ContinuityBottom;GROUP=XSec;VALUE=0 
 PARM;GEOM_ID=EKYLTRLALM;ID=DWQDHHKVVCM;NAME=ContinuityLeft;GROUP=XSec;VALUE=0 
 PARM;GEOM_ID=EKYLTRLALM;ID=PBBDEAPNMDM;NAME=ContinuityRight;GROUP=XSec;VALUE=0 
 PARM;GEOM_ID=EKYLTRLALM;ID=FSOMZLFCGGE;NAME=ContinuityTop;GROUP=XSec;VALUE=0 
 PARM;GEOM_ID=EKYLTRLALM;ID=AOVQVUBIIQM;NAME=FwdCluster;GROUP=XSec;VALUE=1 
 PARM;GEOM_ID=EKYLTRLALM;ID=BRCAYTUOIKD;NAME=LeftLAngle;GROUP=XSec;VALUE=-9.47368 
 PARM;GEOM_ID=EKYLTRLALM;ID=WWGIENETJTL;NAME=LeftLAngleSet;GROUP=XSec;VALUE=1 
 PARM;GEOM_ID=EKYLTRLALM;ID=VXAWGUEHFUZ;NAME=LeftLCurve;GROUP=XSec;VALUE=-1.00653 
 PARM;GEOM_ID=EKYLTRLALM;ID=AIDNTMZDOSB;NAME=LeftLCurveSet;GROUP=XSec;VALUE=0 
 PARM;GEOM_ID=EKYLTRLALM;ID=NZDBCYSLGKG;NAME=LeftLRAngleEq;GROUP=XSec;VALUE=1 
 PARM;GEOM_ID=EKYLTRLALM;ID=VPKHAAXQMXY;NAME=LeftLRCurveEq;GROUP=XSec;VALUE=0 
 PARM;GEOM_ID=EKYLTRLALM;ID=IATEPUYVORI;NAME=LeftLRSlewEq;GROUP=XSec;VALUE=0 
 PARM;GEOM_ID=EKYLTRLALM;ID=SAOXFYARILV;NAME=LeftLRStrengthEq;GROUP=XSec;VALUE=0 
 PARM;GEOM_ID=EKYLTRLALM;ID=OZQLKPIADEU;NAME=LeftLSlew;GROUP=XSec;VALUE=0 
 PARM;GEOM_ID=EKYLTRLALM;ID=MFYORWUSWML;NAME=LeftLSlewSet;GROUP=XSec;VALUE=1 
 PARM;GEOM_ID=EKYLTRLALM;ID=BUDAYLHEFKJ;NAME=LeftLStrength;GROUP=XSec;VALUE=0.75 
 PARM;GEOM_ID=EKYLTRLALM;ID=IGHVXHXCAFP;NAME=LeftLStrengthSet;GROUP=XSec;VALUE=1 
 PARM;GEOM_ID=EKYLTRLALM;ID=PLHJSYRNXCE;NAME=LeftRAngle;GROUP=XSec;VALUE=-9.47368 
 PARM;GEOM_ID=EKYLTRLALM;ID=ASTZAPMHBFE;NAME=LeftRAngleSet;GROUP=XSec;VALUE=1 
 PARM;GEOM_ID=EKYLTRLALM;ID=VQUOOEWFSWB;NAME=LeftRCurve;GROUP=XSec;VALUE=-1.00653 
 PARM;GEOM_ID=EKYLTRLALM;ID=TZUSVMXKKVU;NAME=LeftRCurveSet;GROUP=XSec;VALUE=0 
 PARM;GEOM_ID=EKYLTRLALM;ID=PSJBGYGNKMN;NAME=LeftRSlew;GROUP=XSec;VALUE=0 
 PARM;GEOM_ID=EKYLTRLALM;ID=TNKPHYUNWWK;NAME=LeftRSlewSet;GROUP=XSec;VALUE=1 
 PARM;GEOM_ID=EKYLTRLALM;ID=KYTYNDHKDNB;NAME=LeftRStrength;GROUP=XSec;VALUE=1 
 PARM;GEOM_ID=EKYLTRLALM;ID=XGWHNKHFBCB;NAME=LeftRStrengthSet;GROUP=XSec;VALUE=1 
 PARM;GEOM_ID=EKYLTRLALM;ID=LIMRSIYTKIJ;NAME=RLSym;GROUP=XSec;VALUE=1 
 PARM;GEOM_ID=EKYLTRLALM;ID=KAGZSZJNZHW;NAME=RefLength;GROUP=XSec;VALUE=64.2257 
 PARM;GEOM_ID=EKYLTRLALM;ID=THRSXNSBBZQ;NAME=RightLAngle;GROUP=XSec;VALUE=-9.47368 
 PARM;GEOM_ID=EKYLTRLALM;ID=KIQDLKKCHBV;NAME=RightLAngleSet;GROUP=XSec;VALUE=1 
 PARM;GEOM_ID=EKYLTRLALM;ID=FQPYPKJNHBX;NAME=RightLCurve;GROUP=XSec;VALUE=-1.00653 
 PARM;GEOM_ID=EKYLTRLALM;ID=SLJCDHSMMJB;NAME=RightLCurveSet;GROUP=XSec;VALUE=0 
 PARM;GEOM_ID=EKYLTRLALM;ID=TMNVRQGEJVO;NAME=RightLRAngleEq;GROUP=XSec;VALUE=1 
 PARM;GEOM_ID=EKYLTRLALM;ID=QIHOVMWSONA;NAME=RightLRCurveEq;GROUP=XSec;VALUE=0 
 PARM;GEOM_ID=EKYLTRLALM;ID=WJTLLFWJOOJ;NAME=RightLRSlewEq;GROUP=XSec;VALUE=0 
 PARM;GEOM_ID=EKYLTRLALM;ID=FEKTOFJKCOO;NAME=RightLRStrengthEq;GROUP=XSec;VALUE=0 
 PARM;GEOM_ID=EKYLTRLALM;ID=FSXMTUBUILZ;NAME=RightLSlew;GROUP=XSec;VALUE=0 
 PARM;GEOM_ID=EKYLTRLALM;ID=TOSHGPRGJTU;NAME=RightLSlewSet;GROUP=XSec;VALUE=1 
 PARM;GEOM_ID=EKYLTRLALM;ID=HVHIUJXHXWR;NAME=RightLStrength;GROUP=XSec;VALUE=0.75 
 PARM;GEOM_ID=EKYLTRLALM;ID=YCWOOCUXGPV;NAME=RightLStrengthSet;GROUP=XSec;VALUE=1 
 PARM;GEOM_ID=EKYLTRLALM;ID=NUEPTHBDXMA;NAME=RightRAngle;GROUP=XSec;VALUE=-9.47368 
 PARM;GEOM_ID=EKYLTRLALM;ID=NFFRUUXXZJD;NAME=RightRAngleSet;GROUP=XSec;VALUE=1 
 PARM;GEOM_ID=EKYLTRLALM;ID=KSFHFJLNGEI;NAME=RightRCurve;GROUP=XSec;VALUE=-1.00653 
 PARM;GEOM_ID=EKYLTRLALM;ID=KXGGZUKAZZM;NAME=RightRCurveSet;GROUP=XSec;VALUE=0 
 PARM;GEOM_ID=EKYLTRLALM;ID=ICALKYQGZOQ;NAME=RightRSlew;GROUP=XSec;VALUE=0 
 PARM;GEOM_ID=EKYLTRLALM;ID=IMVBODIZYML;NAME=RightRSlewSet;GROUP=XSec;VALUE=1 
 PARM;GEOM_ID=EKYLTRLALM;ID=XUARKHGRNOU;NAME=RightRStrength;GROUP=XSec;VALUE=1 
 PARM;GEOM_ID=EKYLTRLALM;ID=CEFDBTFBYHK;NAME=RightRStrengthSet;GROUP=XSec;VALUE=1 
 PARM;GEOM_ID=EKYLTRLALM;ID=SHDYCYAUYBJ;NAME=SectTess_U;GROUP=XSec;VALUE=6 
 PARM;GEOM_ID=EKYLTRLALM;ID=VDOKMWOPTML;NAME=Spin;GROUP=XSec;VALUE=0 
 PARM;GEOM_ID=EKYLTRLALM;ID=MODPJPGJOUP;NAME=TBSym;GROUP=XSec;VALUE=1 
 PARM;GEOM_ID=EKYLTRLALM;ID=NDPCZHEIODT;NAME=TopLAngle;GROUP=XSec;VALUE=-45 
 PARM;GEOM_ID=EKYLTRLALM;ID=SNVJWHMCUYY;NAME=TopLAngleSet;GROUP=XSec;VALUE=1 
 PARM;GEOM_ID=EKYLTRLALM;ID=CTKECTPDNLP;NAME=TopLCurve;GROUP=XSec;VALUE=2.04396 
 PARM;GEOM_ID=EKYLTRLALM;ID=ZIVYHGEPEUF;NAME=TopLCurveSet;GROUP=XSec;VALUE=0 
 PARM;GEOM_ID=EKYLTRLALM;ID=NEGTBDGWLNR;NAME=TopLRAngleEq;GROUP=XSec;VALUE=1 
 PARM;GEOM_ID=EKYLTRLALM;ID=JSMAQAAWDNY;NAME=TopLRCurveEq;GROUP=XSec;VALUE=0 
 PARM;GEOM_ID=EKYLTRLALM;ID=UVHYDJLUVUZ;NAME=TopLRSlewEq;GROUP=XSec;VALUE=0 
 PARM;GEOM_ID=EKYLTRLALM;ID=EEQHLZGEDLP;NAME=TopLRStrengthEq;GROUP=XSec;VALUE=0 
 PARM;GEOM_ID=EKYLTRLALM;ID=QRBAQRDVYSU;NAME=TopLSlew;GROUP=XSec;VALUE=0 
 PARM;GEOM_ID=EKYLTRLALM;ID=XQFYJPRRMHR;NAME=TopLSlewSet;GROUP=XSec;VALUE=1 
 PARM;GEOM_ID=EKYLTRLALM;ID=WEEUNLOZTZJ;NAME=TopLStrength;GROUP=XSec;VALUE=0.75 
 PARM;GEOM_ID=EKYLTRLALM;ID=GQUHZAEGEES;NAME=TopLStrengthSet;GROUP=XSec;VALUE=1 
 PARM;GEOM_ID=EKYLTRLALM;ID=DBVFRJDUMUV;NAME=TopRAngle;GROUP=XSec;VALUE=-45 
 PARM;GEOM_ID=EKYLTRLALM;ID=BJXMKNTDMJM;NAME=TopRAngleSet;GROUP=XSec;VALUE=1 
 PARM;GEOM_ID=EKYLTRLALM;ID=UYSIEIXDXWN;NAME=TopRCurve;GROUP=XSec;VALUE=2.04396 
 PARM;GEOM_ID=EKYLTRLALM;ID=VMPPGOPMVVF;NAME=TopRCurveSet;GROUP=XSec;VALUE=0 
 PARM;GEOM_ID=EKYLTRLALM;ID=NAXIKSFXYIO;NAME=TopRSlew;GROUP=XSec;VALUE=0 
 PARM;GEOM_ID=EKYLTRLALM;ID=XIDCTVXPUUQ;NAME=TopRSlewSet;GROUP=XSec;VALUE=1 
 PARM;GEOM_ID=EKYLTRLALM;ID=BDUHHFOTOQT;NAME=TopRStrength;GROUP=XSec;VALUE=1 
 PARM;GEOM_ID=EKYLTRLALM;ID=TIPMTYZMZII;NAME=TopRStrengthSet;GROUP=XSec;VALUE=1 
 PARM;GEOM_ID=EKYLTRLALM;ID=IKPUNVOCPZP;NAME=XLocPercent;GROUP=XSec;VALUE=1 
 PARM;GEOM_ID=EKYLTRLALM;ID=SFQIWBDTDUE;NAME=XRotate;GROUP=XSec;VALUE=0 
 PARM;GEOM_ID=EKYLTRLALM;ID=FZRKMOIGRMV;NAME=YLocPercent;GROUP=XSec;VALUE=0 
 PARM;GEOM_ID=EKYLTRLALM;ID=RPVDVFMFNYP;NAME=YRotate;GROUP=XSec;VALUE=0 
 PARM;GEOM_ID=EKYLTRLALM;ID=GPGDPXGUTQK;NAME=ZLocPercent;GROUP=XSec;VALUE=0.0082 
 PARM;GEOM_ID=EKYLTRLALM;ID=JHMRZDIYCFP;NAME=ZRotate;GROUP=XSec;VALUE=0 
 PARM;GEOM_ID=EKYLTRLALM;ID=BEHQAQTQUZJ;NAME=Area;GROUP=XSecCurve;VALUE=0 
 PARM;GEOM_ID=EKYLTRLALM;ID=DCLTOQZVWMD;NAME=DeltaX;GROUP=XSecCurve;VALUE=0 
 PARM;GEOM_ID=EKYLTRLALM;ID=LIJASIKVDWI;NAME=DeltaY;GROUP=XSecCurve;VALUE=0 
 PARM;GEOM_ID=EKYLTRLALM;ID=CSSFGLJRVZU;NAME=HWRatio;GROUP=XSecCurve;VALUE=1 
 PARM;GEOM_ID=EKYLTRLALM;ID=ANVAVTDZDSV;NAME=Scale;GROUP=XSecCurve;VALUE=1 
 PARM;GEOM_ID=EKYLTRLALM;ID=HSNQIXIJURW;NAME=ShiftLE;GROUP=XSecCurve;VALUE=0 
 PARM;GEOM_ID=EKYLTRLALM;ID=RYTLOQVXMUT;NAME=Theta;GROUP=XSecCurve;VALUE=0 
 PARM;GEOM_ID=EKYLTRLALM;ID=GGRSSTWLRSE;NAME=LE_Cap_Length;GROUP=Cap;VALUE=1 
 PARM;GEOM_ID=EKYLTRLALM;ID=JWYEQFCZPRG;NAME=LE_Cap_Offset;GROUP=Cap;VALUE=0 
 PARM;GEOM_ID=EKYLTRLALM;ID=KDOFXQDMBQL;NAME=LE_Cap_Strength;GROUP=Cap;VALUE=0.5 
 PARM;GEOM_ID=EKYLTRLALM;ID=FGKUAKUKUGU;NAME=LE_Cap_Type;GROUP=Cap;VALUE=1 
 PARM;GEOM_ID=EKYLTRLALM;ID=GMMJNBRSQER;NAME=TE_Cap_Length;GROUP=Cap;VALUE=1 
 PARM;GEOM_ID=EKYLTRLALM;ID=HIMNHXFECVZ;NAME=TE_Cap_Offset;GROUP=Cap;VALUE=0 
 PARM;GEOM_ID=EKYLTRLALM;ID=GLVGPWWQNET;NAME=TE_Cap_Strength;GROUP=Cap;VALUE=0.5 
 PARM;GEOM_ID=EKYLTRLALM;ID=UKEKNENTRCV;NAME=TE_Cap_Type;GROUP=Cap;VALUE=1 
 PARM;GEOM_ID=EKYLTRLALM;ID=EMGRTGOSNOS;NAME=LE_Close_AbsRel;GROUP=Close;VALUE=0 
 PARM;GEOM_ID=EKYLTRLALM;ID=KOEADYOZEAM;NAME=LE_Close_Thick;GROUP=Close;VALUE=0 
 PARM;GEOM_ID=EKYLTRLALM;ID=TLAVWTCRZZC;NAME=LE_Close_Thick_Chord;GROUP=Close;VALUE=0 
 PARM;GEOM_ID=EKYLTRLALM;ID=RVYZYJFGOXL;NAME=LE_Close_Type;GROUP=Close;VALUE=0 
 PARM;GEOM_ID=EKYLTRLALM;ID=LATVWFLGEEY;NAME=TE_Close_AbsRel;GROUP=Close;VALUE=0 
 PARM;GEOM_ID=EKYLTRLALM;ID=BJPFNQKAGAL;NAME=TE_Close_Thick;GROUP=Close;VALUE=0 
 PARM;GEOM_ID=EKYLTRLALM;ID=EBPRSDWXLBX;NAME=TE_Close_Thick_Chord;GROUP=Close;VALUE=0 
 PARM;GEOM_ID=EKYLTRLALM;ID=JZAYBCOAONE;NAME=TE_Close_Type;GROUP=Close;VALUE=0 
 PARM;GEOM_ID=EKYLTRLALM;ID=ZROMCBNTJNR;NAME=LE_Trim_AbsRel;GROUP=Trim;VALUE=0 
 PARM;GEOM_ID=EKYLTRLALM;ID=SHJGNCQYPNI;NAME=LE_Trim_Thick;GROUP=Trim;VALUE=0 
 PARM;GEOM_ID=EKYLTRLALM;ID=RTNQTMIACAU;NAME=LE_Trim_Thick_Chord;GROUP=Trim;VALUE=0 
 PARM;GEOM_ID=EKYLTRLALM;ID=ZAZPFVZGMMC;NAME=LE_Trim_Type;GROUP=Trim;VALUE=0 
 PARM;GEOM_ID=EKYLTRLALM;ID=PVXQRXKSZAF;NAME=LE_Trim_X;GROUP=Trim;VALUE=0 
 PARM;GEOM_ID=EKYLTRLALM;ID=LKGLKJYMQNM;NAME=LE_Trim_X_Chord;GROUP=Trim;VALUE=0 
 PARM;GEOM_ID=EKYLTRLALM;ID=NJSJSGJSYUY;NAME=TE_Trim_AbsRel;GROUP=Trim;VALUE=0 
 PARM;GEOM_ID=EKYLTRLALM;ID=XABGEITZAKY;NAME=TE_Trim_Thick;GROUP=Trim;VALUE=0 
 PARM;GEOM_ID=EKYLTRLALM;ID=STCUFSCVRAO;NAME=TE_Trim_Thick_Chord;GROUP=Trim;VALUE=0 
 PARM;GEOM_ID=EKYLTRLALM;ID=EGBNNWYOENX;NAME=TE_Trim_Type;GROUP=Trim;VALUE=0 
 PARM;GEOM_ID=EKYLTRLALM;ID=HKTQPUSGELA;NAME=TE_Trim_X;GROUP=Trim;VALUE=0 
 PARM;GEOM_ID=EKYLTRLALM;ID=OXSRGVFLCAN;NAME=TE_Trim_X_Chord;GROUP=Trim;VALUE=0 
 PARM;GEOM_ID=EKYLTRLALM;ID=FDSXPLILGEX;NAME=TE_Flap_DT;GROUP=Flap;VALUE=0 
 PARM;GEOM_ID=EKYLTRLALM;ID=EWBAYKEASLL;NAME=TE_Flap_Deflection;GROUP=Flap;VALUE=0 
 PARM;GEOM_ID=EKYLTRLALM;ID=MOOIHZRPFVD;NAME=TE_Flap_Flag;GROUP=Flap;VALUE=0 
 PARM;GEOM_ID=EKYLTRLALM;ID=OFJTBLWJRWM;NAME=TE_Flap_T;GROUP=Flap;VALUE=0.2 
 PARM;GEOM_ID=EKYLTRLALM;ID=NQBOJLHERQQ;NAME=TE_Flap_Type;GROUP=Flap;VALUE=0 
 PARM;GEOM_ID=EKYLTRLALM;ID=GCZGKIFIYLW;NAME=TE_Flap_X;GROUP=Flap;VALUE=0 
 PARM;GEOM_ID=EKYLTRLALM;ID=PDPDRZYKSVV;NAME=TE_Flap_X_Chord;GROUP=Flap;VALUE=0.2 
 PARM;GEOM_ID=EKYLTRLALM;ID=UJJTWBCCLMW;NAME=TE_Flap_Y_Frc;GROUP=Flap;VALUE=0.5 
 PARM;GEOM_ID=EKYLTRLALM;ID=IJONHVKLGYI;NAME=TE_Trim_AbsRel;GROUP=Flap;VALUE=1 
 PARM;GEOM_ID=EKYLTRLALM;ID=NIHVCXMZCRF;NAME=XSecFlipImageFlag;GROUP=XSecCurve_Background;VALUE=0 
 PARM;GEOM_ID=EKYLTRLALM;ID=VRQVFHUIBRJ;NAME=XSecImageFlag;GROUP=XSecCurve_Background;VALUE=0 
 PARM;GEOM_ID=EKYLTRLALM;ID=UCRJPFNBYSU;NAME=XSecImageH;GROUP=XSecCurve_Background;VALUE=1 
 PARM;GEOM_ID=EKYLTRLALM;ID=NYNQBSAJLMC;NAME=XSecImagePreserveAR;GROUP=XSecCurve_Background;VALUE=1 
 PARM;GEOM_ID=EKYLTRLALM;ID=PWDOCBNQPBU;NAME=XSecImageW;GROUP=XSecCurve_Background;VALUE=1 
 PARM;GEOM_ID=EKYLTRLALM;ID=WHEYAEHXKGY;NAME=XSecImageXOffset;GROUP=XSecCurve_Background;VALUE=0 
 PARM;GEOM_ID=EKYLTRLALM;ID=PFSSVNVJDXL;NAME=XSecImageYOffset;GROUP=XSecCurve_Background;VALUE=0 
 PARM;GEOM_ID=EKYLTRLALM;ID=JPSTUZPYZDV;NAME=XSecLockImageFlag;GROUP=XSecCurve_Background;VALUE=0 
 PARM;GEOM_ID=EKYLTRLALM;ID=YSTGMIVDDVF;NAME=AllSym;GROUP=Chevron;VALUE=1 
 PARM;GEOM_ID=EKYLTRLALM;ID=TATJUHCILRB;NAME=BottomAmplitude;GROUP=Chevron;VALUE=1 
 PARM;GEOM_ID=EKYLTRLALM;ID=OJFTYEEMBVR;NAME=Bottom_Angle;GROUP=Chevron;VALUE=0 
 PARM;GEOM_ID=EKYLTRLALM;ID=ZELIEOBEGTQ;NAME=Bottom_Slew;GROUP=Chevron;VALUE=0 
 PARM;GEOM_ID=EKYLTRLALM;ID=ONXQTQCBQXF;NAME=Chevron_Type;GROUP=Chevron;VALUE=0 
 PARM;GEOM_ID=EKYLTRLALM;ID=YPWFLJFWAOW;NAME=LeftAmplitude;GROUP=Chevron;VALUE=1 
 PARM;GEOM_ID=EKYLTRLALM;ID=DKMLPUOTVIM;NAME=Left_Angle;GROUP=Chevron;VALUE=0 
 PARM;GEOM_ID=EKYLTRLALM;ID=WNRCTXRSHRZ;NAME=Left_Slew;GROUP=Chevron;VALUE=0 
 PARM;GEOM_ID=EKYLTRLALM;ID=RGAYKTXUYSF;NAME=Number;GROUP=Chevron;VALUE=8 
 PARM;GEOM_ID=EKYLTRLALM;ID=EABYUGXPQMR;NAME=Off_Duty;GROUP=Chevron;VALUE=0 
 PARM;GEOM_ID=EKYLTRLALM;ID=FTBKRXVJFDW;NAME=On_Duty;GROUP=Chevron;VALUE=0 
 PARM;GEOM_ID=EKYLTRLALM;ID=TWYVPJIPJYQ;NAME=Peak_Radius;GROUP=Chevron;VALUE=0 
 PARM;GEOM_ID=EKYLTRLALM;ID=FKGHOUSTQTW;NAME=RLSym;GROUP=Chevron;VALUE=1 
 PARM;GEOM_ID=EKYLTRLALM;ID=NLEQBFJVOVK;NAME=RightAmplitude;GROUP=Chevron;VALUE=1 
 PARM;GEOM_ID=EKYLTRLALM;ID=SSRUWPUCPWP;NAME=Right_Angle;GROUP=Chevron;VALUE=0 
 PARM;GEOM_ID=EKYLTRLALM;ID=HMSYFHBMVZF;NAME=Right_Slew;GROUP=Chevron;VALUE=0 
 PARM;GEOM_ID=EKYLTRLALM;ID=UCNLOCOOXIZ;NAME=TBSym;GROUP=Chevron;VALUE=1 
 PARM;GEOM_ID=EKYLTRLALM;ID=LJNXDZUBRGR;NAME=TopAmplitude;GROUP=Chevron;VALUE=1 
 PARM;GEOM_ID=EKYLTRLALM;ID=UNWWPTSVYJG;NAME=Top_Angle;GROUP=Chevron;VALUE=0 
 PARM;GEOM_ID=EKYLTRLALM;ID=FRJJAUMUBJE;NAME=Top_Slew;GROUP=Chevron;VALUE=0 
 PARM;GEOM_ID=EKYLTRLALM;ID=BKSIFDSOPWT;NAME=Valley_Radius;GROUP=Chevron;VALUE=0 
 PARM;GEOM_ID=EKYLTRLALM;ID=ENCRJWWXOXD;NAME=W01_Center;GROUP=Chevron;VALUE=0.25 
 PARM;GEOM_ID=EKYLTRLALM;ID=HGWOSMQLNXA;NAME=W01_Center_Guide;GROUP=Chevron;VALUE=5 
 PARM;GEOM_ID=EKYLTRLALM;ID=QCURTVFLDOL;NAME=W01_End;GROUP=Chevron;VALUE=0.5 
 PARM;GEOM_ID=EKYLTRLALM;ID=OQILDBWORZJ;NAME=W01_End_Guide;GROUP=Chevron;VALUE=5 
 PARM;GEOM_ID=EKYLTRLALM;ID=CYHLZSDIOEG;NAME=W01_Mode;GROUP=Chevron;VALUE=0 
 PARM;GEOM_ID=EKYLTRLALM;ID=WUGBXFJIUMR;NAME=W01_Start;GROUP=Chevron;VALUE=0 
 PARM;GEOM_ID=EKYLTRLALM;ID=HZEIMOJXXCM;NAME=W01_Start_Guide;GROUP=Chevron;VALUE=5 
 PARM;GEOM_ID=EKYLTRLALM;ID=EFQOZAPBZYQ;NAME=W01_Width;GROUP=Chevron;VALUE=0.5 
 GEOM;ID=UPQJQXHTKG;NAME=Wing2;TYPE=Wing;BMIN_X=31.1475;BMIN_Y=0;BMIN_Z=0.314509;BMAX_X=58.938;BMAX_Y=21.8728;BMAX_Z=2.72047;SET_1=false;SET_2=false 
 PARM;GEOM_ID=UPQJQXHTKG;ID=RXVUTBPELRD;NAME=Abs_Or_Relitive_flag;GROUP=XForm;VALUE=1 
 PARM;GEOM_ID=UPQJQXHTKG;ID=HHPIJIMEWUJ;NAME=Last_Scale;GROUP=XForm;VALUE=1 
 PARM;GEOM_ID=UPQJQXHTKG;ID=EVPSRGHBTEB;NAME=Origin;GROUP=XForm;VALUE=0 
 PARM;GEOM_ID=UPQJQXHTKG;ID=AHPZBEZSJFL;NAME=Scale;GROUP=XForm;VALUE=1 
 PARM;GEOM_ID=UPQJQXHTKG;ID=LOXPWCSYMPH;NAME=X_Location;GROUP=XForm;VALUE=31.1475 
 PARM;GEOM_ID=UPQJQXHTKG;ID=RHBVTDUXFET;NAME=X_Rel_Location;GROUP=XForm;VALUE=31.1475 
 PARM;GEOM_ID=UPQJQXHTKG;ID=HOPWPUIOYSZ;NAME=X_Rel_Rotation;GROUP=XForm;VALUE=0 
 PARM;GEOM_ID=UPQJQXHTKG;ID=ZBJLXFDQVPU;NAME=X_Rotation;GROUP=XForm;VALUE=0 
 PARM;GEOM_ID=UPQJQXHTKG;ID=DCDOLZRQKWX;NAME=Y_Location;GROUP=XForm;VALUE=0 
 PARM;GEOM_ID=UPQJQXHTKG;ID=WDMMBQWRGTY;NAME=Y_Rel_Location;GROUP=XForm;VALUE=0 
 PARM;GEOM_ID=UPQJQXHTKG;ID=SXLBEPMTVXT;NAME=Y_Rel_Rotation;GROUP=XForm;VALUE=0 
 PARM;GEOM_ID=UPQJQXHTKG;ID=ULVOIBIYIWN;NAME=Y_Rotation;GROUP=XForm;VALUE=0 
 PARM;GEOM_ID=UPQJQXHTKG;ID=AZSIAEKWXFA;NAME=Z_Location;GROUP=XForm;VALUE=2.37705 
 PARM;GEOM_ID=UPQJQXHTKG;ID=HSVQGWRAYKZ;NAME=Z_Rel_Location;GROUP=XForm;VALUE=2.37705 
 PARM;GEOM_ID=UPQJQXHTKG;ID=IXPDSYUTTNX;NAME=Z_Rel_Rotation;GROUP=XForm;VALUE=0 
 PARM;GEOM_ID=UPQJQXHTKG;ID=ZXPTUJQXEER;NAME=Z_Rotation;GROUP=XForm;VALUE=0 
 PARM;GEOM_ID=UPQJQXHTKG;ID=VJVCGXELRXQ;NAME=Sym_Ancestor;GROUP=Sym;VALUE=1 
 PARM;GEOM_ID=UPQJQXHTKG;ID=CGYZHHUKBZA;NAME=Sym_Ancestor_Origin_Flag;GROUP=Sym;VALUE=1 
 PARM;GEOM_ID=UPQJQXHTKG;ID=ZNMDDNVIVTS;NAME=Sym_Axial_Flag;GROUP=Sym;VALUE=0 
 PARM;GEOM_ID=UPQJQXHTKG;ID=BNEJSMGEVOG;NAME=Sym_Planar_Flag;GROUP=Sym;VALUE=2 
 PARM;GEOM_ID=UPQJQXHTKG;ID=HEPPWYUTTZU;NAME=Sym_Rot_N;GROUP=Sym;VALUE=2 
 PARM;GEOM_ID=UPQJQXHTKG;ID=VQZBKLAFKTT;NAME=Eta_Attach_Location;GROUP=Attach;VALUE=0 
 PARM;GEOM_ID=UPQJQXHTKG;ID=JEXDGOTPQUH;NAME=L_01;GROUP=Attach;VALUE=1 
 PARM;GEOM_ID=UPQJQXHTKG;ID=SPTUZWEEKQH;NAME=L_Attach_Location;GROUP=Attach;VALUE=0 
 PARM;GEOM_ID=UPQJQXHTKG;ID=WAXSNZDYPBB;NAME=L_Attach_Location0Len;GROUP=Attach;VALUE=0 
 PARM;GEOM_ID=UPQJQXHTKG;ID=SIPHLCULVLX;NAME=M_Attach_Location;GROUP=Attach;VALUE=0.5 
 PARM;GEOM_ID=UPQJQXHTKG;ID=ZNDSRXFDWKV;NAME=N_Attach_Location;GROUP=Attach;VALUE=0.5 
 PARM;GEOM_ID=UPQJQXHTKG;ID=CRRHHBCSICF;NAME=R_01;GROUP=Attach;VALUE=1 
 PARM;GEOM_ID=UPQJQXHTKG;ID=XWYXRLJVDUL;NAME=R_Attach_Location;GROUP=Attach;VALUE=0 
 PARM;GEOM_ID=UPQJQXHTKG;ID=QSXYYDQKWSG;NAME=R_Attach_Location0N;GROUP=Attach;VALUE=0 
 PARM;GEOM_ID=UPQJQXHTKG;ID=EBLRYLFFGTL;NAME=Rots_Attach_Flag;GROUP=Attach;VALUE=0 
 PARM;GEOM_ID=UPQJQXHTKG;ID=TEURWKAKQZH;NAME=S_Attach_Location;GROUP=Attach;VALUE=0.5 
 PARM;GEOM_ID=UPQJQXHTKG;ID=JEAEVGAYIFB;NAME=T_Attach_Location;GROUP=Attach;VALUE=0.5 
 PARM;GEOM_ID=UPQJQXHTKG;ID=DFSPBSGMMGR;NAME=Trans_Attach_Flag;GROUP=Attach;VALUE=0 
 PARM;GEOM_ID=UPQJQXHTKG;ID=FOKVXOJEKEB;NAME=U_01;GROUP=Attach;VALUE=1 
 PARM;GEOM_ID=UPQJQXHTKG;ID=NPYTIGFAKNI;NAME=U_Attach_Location;GROUP=Attach;VALUE=0 
 PARM;GEOM_ID=UPQJQXHTKG;ID=TTOPCGGDTYG;NAME=U_Attach_Location0N;GROUP=Attach;VALUE=0 
 PARM;GEOM_ID=UPQJQXHTKG;ID=WYKWLJZXMSH;NAME=V_Attach_Location;GROUP=Attach;VALUE=0 
 PARM;GEOM_ID=UPQJQXHTKG;ID=DBGJAORTBUY;NAME=Tess_U;GROUP=Shape;VALUE=16 
 PARM;GEOM_ID=UPQJQXHTKG;ID=PARDOCVADAF;NAME=Tess_W;GROUP=Shape;VALUE=33 
 PARM;GEOM_ID=UPQJQXHTKG;ID=MAECAHHXUSC;NAME=Wake;GROUP=Shape;VALUE=0 
 PARM;GEOM_ID=UPQJQXHTKG;ID=UMVCNFBCJGZ;NAME=Negative_Volume_Flag;GROUP=Negative_Volume_Props;VALUE=0 
 PARM;GEOM_ID=UPQJQXHTKG;ID=TPATSSXBXTW;NAME=WakeAngle;GROUP=WakeSettings;VALUE=0 
 PARM;GEOM_ID=UPQJQXHTKG;ID=LMMSSIKGGGQ;NAME=WakeScale;GROUP=WakeSettings;VALUE=2 
 PARM;GEOM_ID=UPQJQXHTKG;ID=IKVVYGHLFVM;NAME=CGx;GROUP=Mass_Props;VALUE=0 
 PARM;GEOM_ID=UPQJQXHTKG;ID=HQKUGGFNMGT;NAME=CGy;GROUP=Mass_Props;VALUE=0 
 PARM;GEOM_ID=UPQJQXHTKG;ID=GRUSTKYPXTZ;NAME=CGz;GROUP=Mass_Props;VALUE=0 
 PARM;GEOM_ID=UPQJQXHTKG;ID=APRKKYNWZKU;NAME=Density;GROUP=Mass_Props;VALUE=1 
 PARM;GEOM_ID=UPQJQXHTKG;ID=REUBBTUNCZK;NAME=Ixx;GROUP=Mass_Props;VALUE=0 
 PARM;GEOM_ID=UPQJQXHTKG;ID=OGMGSTQEIXM;NAME=Ixy;GROUP=Mass_Props;VALUE=0 
 PARM;GEOM_ID=UPQJQXHTKG;ID=OPYPJMKPJNX;NAME=Ixz;GROUP=Mass_Props;VALUE=0 
 PARM;GEOM_ID=UPQJQXHTKG;ID=HMJMJLQFFGS;NAME=Iyy;GROUP=Mass_Props;VALUE=0 
 PARM;GEOM_ID=UPQJQXHTKG;ID=MBFZZVROBRU;NAME=Iyz;GROUP=Mass_Props;VALUE=0 
 PARM;GEOM_ID=UPQJQXHTKG;ID=XPUSCEDRHJQ;NAME=Izz;GROUP=Mass_Props;VALUE=0 
 PARM;GEOM_ID=UPQJQXHTKG;ID=VXNZYONFLHZ;NAME=Mass_Area;GROUP=Mass_Props;VALUE=1 
 PARM;GEOM_ID=UPQJQXHTKG;ID=PMLWIIDNGXI;NAME=Mass_Prior;GROUP=Mass_Props;VALUE=0 
 PARM;GEOM_ID=UPQJQXHTKG;ID=CQZXQBERTWQ;NAME=PointMass;GROUP=Mass_Props;VALUE=0 
 PARM;GEOM_ID=UPQJQXHTKG;ID=ZPLIHXHGOQF;NAME=Shell_Flag;GROUP=Mass_Props;VALUE=0 
 PARM;GEOM_ID=UPQJQXHTKG;ID=IFUAIFHCEZY;NAME=CorrectAirfoilthicknessFlag;GROUP=WingGeom;VALUE=1 
 PARM;GEOM_ID=UPQJQXHTKG;ID=BWJBTBRQUCF;NAME=CurvedArea;GROUP=WingGeom;VALUE=660.719 
 PARM;GEOM_ID=UPQJQXHTKG;ID=QRWDIFZQWCU;NAME=LECluster;GROUP=WingGeom;VALUE=0.25 
 PARM;GEOM_ID=UPQJQXHTKG;ID=LDQPPVXNISO;NAME=MAC;GROUP=WingGeom;VALUE=16.374 
 PARM;GEOM_ID=UPQJQXHTKG;ID=VMHHGMGAMJT;NAME=MaxGrowth;GROUP=WingGeom;VALUE=1.43701 
 PARM;GEOM_ID=UPQJQXHTKG;ID=OLTVUZQSWAK;NAME=RelativeDihedralFlag;GROUP=WingGeom;VALUE=0 
 PARM;GEOM_ID=UPQJQXHTKG;ID=AGWGRTKXBRY;NAME=RelativeTwistFlag;GROUP=WingGeom;VALUE=0 
 PARM;GEOM_ID=UPQJQXHTKG;ID=PEMOSCQMGPF;NAME=RotateAirfoilMatchDideralFlag;GROUP=WingGeom;VALUE=1 
 PARM;GEOM_ID=UPQJQXHTKG;ID=YIISMJUOCGL;NAME=SmallPanelW;GROUP=WingGeom;VALUE=0.122588 
 PARM;GEOM_ID=UPQJQXHTKG;ID=ZXCDFISDKIV;NAME=TECluster;GROUP=WingGeom;VALUE=0.25 
 PARM;GEOM_ID=UPQJQXHTKG;ID=BYGEKOVSBTG;NAME=TotalAR;GROUP=WingGeom;VALUE=2.89289 
 PARM;GEOM_ID=UPQJQXHTKG;ID=QUAJMCOXREB;NAME=TotalArea;GROUP=WingGeom;VALUE=660.719 
 PARM;GEOM_ID=UPQJQXHTKG;ID=XCQYJFFNZOY;NAME=TotalChord;GROUP=WingGeom;VALUE=15.0552 
 PARM;GEOM_ID=UPQJQXHTKG;ID=VSHTQJTYZOP;NAME=TotalProjectedSpan;GROUP=WingGeom;VALUE=43.7194 
 PARM;GEOM_ID=UPQJQXHTKG;ID=YFKQNCHENAY;NAME=TotalSpan;GROUP=WingGeom;VALUE=43.8864 
 PARM;GEOM_ID=UPQJQXHTKG;ID=ZAVGXSXDJYF;NAME=TwistAllInXZPlaneFlag;GROUP=WingGeom;VALUE=0 
 PARM;GEOM_ID=UPQJQXHTKG;ID=XZFEYSVLVUQ;NAME=X_Len;GROUP=BBox;VALUE=27.7905 
 PARM;GEOM_ID=UPQJQXHTKG;ID=OZGMQEJIULF;NAME=X_Min;GROUP=BBox;VALUE=31.1475 
 PARM;GEOM_ID=UPQJQXHTKG;ID=KRTDIUYPXPR;NAME=Y_Len;GROUP=BBox;VALUE=43.7457 
 PARM;GEOM_ID=UPQJQXHTKG;ID=WRIRJEOGMOG;NAME=Y_Min;GROUP=BBox;VALUE=-21.8728 
 PARM;GEOM_ID=UPQJQXHTKG;ID=UUJFHRLQDUN;NAME=Z_Len;GROUP=BBox;VALUE=2.40596 
 PARM;GEOM_ID=UPQJQXHTKG;ID=AXALYSZNVXK;NAME=Z_Min;GROUP=BBox;VALUE=0.314509 
 PARM;GEOM_ID=UPQJQXHTKG;ID=YEJGZCZWREO;NAME=CapUMaxLength;GROUP=EndCap;VALUE=1 
 PARM;GEOM_ID=UPQJQXHTKG;ID=IMOZDLLTHLZ;NAME=CapUMaxOffset;GROUP=EndCap;VALUE=0 
 PARM;GEOM_ID=UPQJQXHTKG;ID=UGKJUDOULJG;NAME=CapUMaxOption;GROUP=EndCap;VALUE=1 
 PARM;GEOM_ID=UPQJQXHTKG;ID=RIUTCVVNHIX;NAME=CapUMaxStrength;GROUP=EndCap;VALUE=0.5 
 PARM;GEOM_ID=UPQJQXHTKG;ID=ECIZUCRHFBX;NAME=CapUMaxSweepFlag;GROUP=EndCap;VALUE=0 
 PARM;GEOM_ID=UPQJQXHTKG;ID=RRIHFYHVJJN;NAME=CapUMinLength;GROUP=EndCap;VALUE=1 
 PARM;GEOM_ID=UPQJQXHTKG;ID=SEXRHXPPCQI;NAME=CapUMinOffset;GROUP=EndCap;VALUE=0 
 PARM;GEOM_ID=UPQJQXHTKG;ID=XDCEYYAZOQW;NAME=CapUMinOption;GROUP=EndCap;VALUE=1 
 PARM;GEOM_ID=UPQJQXHTKG;ID=QTFEVUBKZPW;NAME=CapUMinStrength;GROUP=EndCap;VALUE=0.5 
 PARM;GEOM_ID=UPQJQXHTKG;ID=WCIKTYGDLXT;NAME=CapUMinSweepFlag;GROUP=EndCap;VALUE=0 
 PARM;GEOM_ID=UPQJQXHTKG;ID=CYXMALDYBXD;NAME=CapUMinTess;GROUP=EndCap;VALUE=3 
 PARM;GEOM_ID=UPQJQXHTKG;ID=PCHCSFBLLBW;NAME=ExpandedList;GROUP=ParasiteDragProps;VALUE=0 
 PARM;GEOM_ID=UPQJQXHTKG;ID=UGNBDOVJELG;NAME=FFBodyEqnType;GROUP=ParasiteDragProps;VALUE=3 
 PARM;GEOM_ID=UPQJQXHTKG;ID=KGXRWPYSNEE;NAME=FFUser;GROUP=ParasiteDragProps;VALUE=1 
 PARM;GEOM_ID=UPQJQXHTKG;ID=GFOVKKNEEWI;NAME=FFWingEqnType;GROUP=ParasiteDragProps;VALUE=3 
 PARM;GEOM_ID=UPQJQXHTKG;ID=KSHPUEQTWVS;NAME=IncorporatedGen;GROUP=ParasiteDragProps;VALUE=0 
 PARM;GEOM_ID=UPQJQXHTKG;ID=MYUVXMTIHOA;NAME=PercLam;GROUP=ParasiteDragProps;VALUE=0 
 PARM;GEOM_ID=UPQJQXHTKG;ID=XMGHMKAIOFW;NAME=Q;GROUP=ParasiteDragProps;VALUE=1 
 PARM;GEOM_ID=UPQJQXHTKG;ID=VHHZKZQOSSL;NAME=Roughness;GROUP=ParasiteDragProps;VALUE=0 
 PARM;GEOM_ID=UPQJQXHTKG;ID=OGUYSSOZNXE;NAME=TawTwRatio;GROUP=ParasiteDragProps;VALUE=1 
 PARM;GEOM_ID=UPQJQXHTKG;ID=QNBLUTGAPRD;NAME=TeTwRatio;GROUP=ParasiteDragProps;VALUE=1 
 PARM;GEOM_ID=UPQJQXHTKG;ID=VZCXJMMDOXE;NAME=ActiveAirfoil;GROUP=Index;VALUE=1 
 PARM;GEOM_ID=UPQJQXHTKG;ID=FZOVVHTEGVB;NAME=ActiveXSec;GROUP=Index;VALUE=0 
 PARM;GEOM_ID=UPQJQXHTKG;ID=VQCYCDWYCSQ;NAME=Area;GROUP=XSec;VALUE=11.8865 
 PARM;GEOM_ID=UPQJQXHTKG;ID=PILNFSMLUSS;NAME=Aspect;GROUP=XSec;VALUE=0.0841289 
 PARM;GEOM_ID=UPQJQXHTKG;ID=BWYVHLSWTSO;NAME=Avg_Chord;GROUP=XSec;VALUE=11.8865 
 PARM;GEOM_ID=UPQJQXHTKG;ID=PDLLNSETPTC;NAME=Dihedral;GROUP=XSec;VALUE=0 
 PARM;GEOM_ID=UPQJQXHTKG;ID=HMBTYKUJCTJ;NAME=InCluster;GROUP=XSec;VALUE=1 
 PARM;GEOM_ID=UPQJQXHTKG;ID=AWUBGMGCKFV;NAME=InLEDihedral;GROUP=XSec;VALUE=5 
 PARM;GEOM_ID=UPQJQXHTKG;ID=SABNSGFWLFW;NAME=InLEMode;GROUP=XSec;VALUE=0 
 PARM;GEOM_ID=UPQJQXHTKG;ID=HSRVUPQISGJ;NAME=InLEStrength;GROUP=XSec;VALUE=1 
 PARM;GEOM_ID=UPQJQXHTKG;ID=XOVOUHCUTEX;NAME=InLESweep;GROUP=XSec;VALUE=42.9871 
 PARM;GEOM_ID=UPQJQXHTKG;ID=HIHYFJHVTEJ;NAME=InTEDihedral;GROUP=XSec;VALUE=5 
 PARM;GEOM_ID=UPQJQXHTKG;ID=BUXARRUONFX;NAME=InTEMode;GROUP=XSec;VALUE=0 
 PARM;GEOM_ID=UPQJQXHTKG;ID=YXYUSAHAEQX;NAME=InTEStrength;GROUP=XSec;VALUE=1 
 PARM;GEOM_ID=UPQJQXHTKG;ID=QUSTOSPFXHY;NAME=InTESweep;GROUP=XSec;VALUE=12.8796 
 PARM;GEOM_ID=UPQJQXHTKG;ID=GXKQYXXFUVW;NAME=OutCluster;GROUP=XSec;VALUE=1 
 PARM;GEOM_ID=UPQJQXHTKG;ID=IPBWURANIBI;NAME=OutLEDihedral;GROUP=XSec;VALUE=-5 
 PARM;GEOM_ID=UPQJQXHTKG;ID=HUBNHAMTYAD;NAME=OutLEMode;GROUP=XSec;VALUE=0 
 PARM;GEOM_ID=UPQJQXHTKG;ID=DDRXQBVIYYF;NAME=OutLEStrength;GROUP=XSec;VALUE=1 
 PARM;GEOM_ID=UPQJQXHTKG;ID=JJLEAYCRGBX;NAME=OutLESweep;GROUP=XSec;VALUE=42.9871 
 PARM;GEOM_ID=UPQJQXHTKG;ID=NGRRBIFYEMQ;NAME=OutTEDihedral;GROUP=XSec;VALUE=-5 
 PARM;GEOM_ID=UPQJQXHTKG;ID=IRBEKPEWNXI;NAME=OutTEMode;GROUP=XSec;VALUE=0 
 PARM;GEOM_ID=UPQJQXHTKG;ID=VDYQUDATFBF;NAME=OutTEStrength;GROUP=XSec;VALUE=1 
 PARM;GEOM_ID=UPQJQXHTKG;ID=GFDCNPBECDE;NAME=OutTESweep;GROUP=XSec;VALUE=12.8796 
 PARM;GEOM_ID=UPQJQXHTKG;ID=PCBDYMJYSWS;NAME=ProjectedSpan;GROUP=XSec;VALUE=0 
 PARM;GEOM_ID=UPQJQXHTKG;ID=CKNABKASQEC;NAME=Root_Chord;GROUP=XSec;VALUE=1 
 PARM;GEOM_ID=UPQJQXHTKG;ID=YWZTWRKKLUC;NAME=RotateMatchDideralFlag;GROUP=XSec;VALUE=0 
 PARM;GEOM_ID=UPQJQXHTKG;ID=FAELVVNSOXU;NAME=Sec_Sweep;GROUP=XSec;VALUE=87.3703 
 PARM;GEOM_ID=UPQJQXHTKG;ID=AUOTFURPPWN;NAME=Sec_Sweep_Location;GROUP=XSec;VALUE=1 
 PARM;GEOM_ID=UPQJQXHTKG;ID=YXRXSWFRQUD;NAME=SectTess_U;GROUP=XSec;VALUE=6 
 PARM;GEOM_ID=UPQJQXHTKG;ID=IOPCLWCLYDY;NAME=Span;GROUP=XSec;VALUE=1 
 PARM;GEOM_ID=UPQJQXHTKG;ID=BVPXJDERLXC;NAME=Sweep;GROUP=XSec;VALUE=0 
 PARM;GEOM_ID=UPQJQXHTKG;ID=QVGDSZJXRTU;NAME=Sweep_Location;GROUP=XSec;VALUE=0 
 PARM;GEOM_ID=UPQJQXHTKG;ID=HSHWSULLOBO;NAME=Taper;GROUP=XSec;VALUE=22.773 
 PARM;GEOM_ID=UPQJQXHTKG;ID=UOHPDARIZJI;NAME=Tip_Chord;GROUP=XSec;VALUE=22.773 
 PARM;GEOM_ID=UPQJQXHTKG;ID=NDUBLCFMUOB;NAME=Twist;GROUP=XSec;VALUE=0 
 PARM;GEOM_ID=UPQJQXHTKG;ID=YHBROAPZREQ;NAME=TwistInXZPlaneFlag;GROUP=XSec;VALUE=0 
 PARM;GEOM_ID=UPQJQXHTKG;ID=MDKCTNFTNPG;NAME=Twist_Location;GROUP=XSec;VALUE=0.25 
 PARM;GEOM_ID=UPQJQXHTKG;ID=CJMOLNRYVJQ;NAME=Area;GROUP=XSecCurve;VALUE=10.5619 
 PARM;GEOM_ID=UPQJQXHTKG;ID=RKHFSEUTWDX;NAME=Camber;GROUP=XSecCurve;VALUE=0 
 PARM;GEOM_ID=UPQJQXHTKG;ID=LVKMQXCZHQW;NAME=CamberInputFlag;GROUP=XSecCurve;VALUE=0 
 PARM;GEOM_ID=UPQJQXHTKG;ID=IBRGHDJOKCO;NAME=CamberLoc;GROUP=XSecCurve;VALUE=0.2 
 PARM;GEOM_ID=UPQJQXHTKG;ID=YQRCBGPLMUY;NAME=Chord;GROUP=XSecCurve;VALUE=22.773 
 PARM;GEOM_ID=UPQJQXHTKG;ID=UXRPSVLDXCI;NAME=DeltaX;GROUP=XSecCurve;VALUE=0 
 PARM;GEOM_ID=UPQJQXHTKG;ID=NHAMQFGSAEM;NAME=DeltaY;GROUP=XSecCurve;VALUE=0 
 PARM;GEOM_ID=UPQJQXHTKG;ID=GGXDZIHKLLL;NAME=FitDegree;GROUP=XSecCurve;VALUE=7 
 PARM;GEOM_ID=UPQJQXHTKG;ID=RTVAJBIDYKY;NAME=HWRatio;GROUP=XSecCurve;VALUE=0.03 
 PARM;GEOM_ID=UPQJQXHTKG;ID=TMAOQVHRLQW;NAME=IdealCl;GROUP=XSecCurve;VALUE=0 
 PARM;GEOM_ID=UPQJQXHTKG;ID=KERVKCUNOYK;NAME=Invert;GROUP=XSecCurve;VALUE=0 
 PARM;GEOM_ID=UPQJQXHTKG;ID=PASBYRHARRX;NAME=Scale;GROUP=XSecCurve;VALUE=1 
 PARM;GEOM_ID=UPQJQXHTKG;ID=FZXKQMNQJGB;NAME=SharpTEFlag;GROUP=XSecCurve;VALUE=1 
 PARM;GEOM_ID=UPQJQXHTKG;ID=XMEMVGZFDYA;NAME=ShiftLE;GROUP=XSecCurve;VALUE=0 
 PARM;GEOM_ID=UPQJQXHTKG;ID=RZVCKEXKAUE;NAME=Theta;GROUP=XSecCurve;VALUE=0 
 PARM;GEOM_ID=UPQJQXHTKG;ID=GYVBYDJZZKJ;NAME=ThickChord;GROUP=XSecCurve;VALUE=0.03 
 PARM;GEOM_ID=UPQJQXHTKG;ID=TNFMDLUPGBX;NAME=LE_Cap_Length;GROUP=Cap;VALUE=1 
 PARM;GEOM_ID=UPQJQXHTKG;ID=CGGKKCMDPRI;NAME=LE_Cap_Offset;GROUP=Cap;VALUE=0 
 PARM;GEOM_ID=UPQJQXHTKG;ID=VYJXJCYATGX;NAME=LE_Cap_Strength;GROUP=Cap;VALUE=0.5 
 PARM;GEOM_ID=UPQJQXHTKG;ID=PUCWGZDEWOU;NAME=LE_Cap_Type;GROUP=Cap;VALUE=1 
 PARM;GEOM_ID=UPQJQXHTKG;ID=DDJSORJTSRP;NAME=TE_Cap_Length;GROUP=Cap;VALUE=1 
 PARM;GEOM_ID=UPQJQXHTKG;ID=IJQOFFEWWGL;NAME=TE_Cap_Offset;GROUP=Cap;VALUE=0 
 PARM;GEOM_ID=UPQJQXHTKG;ID=UNASTLWMTJR;NAME=TE_Cap_Strength;GROUP=Cap;VALUE=0.5 
 PARM;GEOM_ID=UPQJQXHTKG;ID=PBERLWGUIKX;NAME=TE_Cap_Type;GROUP=Cap;VALUE=1 
 PARM;GEOM_ID=UPQJQXHTKG;ID=DPASTJQRZZK;NAME=LE_Close_AbsRel;GROUP=Close;VALUE=0 
 PARM;GEOM_ID=UPQJQXHTKG;ID=CJEMAJRMCKE;NAME=LE_Close_Thick;GROUP=Close;VALUE=0 
 PARM;GEOM_ID=UPQJQXHTKG;ID=PGFHQKUULXL;NAME=LE_Close_Thick_Chord;GROUP=Close;VALUE=0 
 PARM;GEOM_ID=UPQJQXHTKG;ID=FIQVXFKSTLL;NAME=LE_Close_Type;GROUP=Close;VALUE=0 
 PARM;GEOM_ID=UPQJQXHTKG;ID=YIMGARQZNGS;NAME=TE_Close_AbsRel;GROUP=Close;VALUE=0 
 PARM;GEOM_ID=UPQJQXHTKG;ID=RKUKIIPOSDZ;NAME=TE_Close_Thick;GROUP=Close;VALUE=0 
 PARM;GEOM_ID=UPQJQXHTKG;ID=XHYWFZCUDHR;NAME=TE_Close_Thick_Chord;GROUP=Close;VALUE=0 
 PARM;GEOM_ID=UPQJQXHTKG;ID=OMXVJSIXYWL;NAME=TE_Close_Type;GROUP=Close;VALUE=0 
 PARM;GEOM_ID=UPQJQXHTKG;ID=AHQQJITTQFP;NAME=LE_Trim_AbsRel;GROUP=Trim;VALUE=0 
 PARM;GEOM_ID=UPQJQXHTKG;ID=KTEMMMSQQLG;NAME=LE_Trim_Thick;GROUP=Trim;VALUE=0 
 PARM;GEOM_ID=UPQJQXHTKG;ID=RUWGKFMUCNU;NAME=LE_Trim_Thick_Chord;GROUP=Trim;VALUE=0 
 PARM;GEOM_ID=UPQJQXHTKG;ID=FZFJKQWBCGH;NAME=LE_Trim_Type;GROUP=Trim;VALUE=0 
 PARM;GEOM_ID=UPQJQXHTKG;ID=QMZSLCBUQUU;NAME=LE_Trim_X;GROUP=Trim;VALUE=0 
 PARM;GEOM_ID=UPQJQXHTKG;ID=MKISKYNDLYN;NAME=LE_Trim_X_Chord;GROUP=Trim;VALUE=0 
 PARM;GEOM_ID=UPQJQXHTKG;ID=BRGWYEDEVYT;NAME=TE_Trim_AbsRel;GROUP=Trim;VALUE=0 
 PARM;GEOM_ID=UPQJQXHTKG;ID=RGFRCFKJOQQ;NAME=TE_Trim_Thick;GROUP=Trim;VALUE=0 
 PARM;GEOM_ID=UPQJQXHTKG;ID=PIYHRCKINBH;NAME=TE_Trim_Thick_Chord;GROUP=Trim;VALUE=0 
 PARM;GEOM_ID=UPQJQXHTKG;ID=DHZCMKYSYIC;NAME=TE_Trim_Type;GROUP=Trim;VALUE=0 
 PARM;GEOM_ID=UPQJQXHTKG;ID=GMUGRAHWKZK;NAME=TE_Trim_X;GROUP=Trim;VALUE=0 
 PARM;GEOM_ID=UPQJQXHTKG;ID=JWOXRBCEXKS;NAME=TE_Trim_X_Chord;GROUP=Trim;VALUE=0 
 PARM;GEOM_ID=UPQJQXHTKG;ID=KUSVFAFOJET;NAME=TE_Flap_DT;GROUP=Flap;VALUE=0 
 PARM;GEOM_ID=UPQJQXHTKG;ID=HMEWLFEUFKR;NAME=TE_Flap_Deflection;GROUP=Flap;VALUE=0 
 PARM;GEOM_ID=UPQJQXHTKG;ID=MMPMMFONAWE;NAME=TE_Flap_Flag;GROUP=Flap;VALUE=0 
 PARM;GEOM_ID=UPQJQXHTKG;ID=JFGUOKBHBMA;NAME=TE_Flap_T;GROUP=Flap;VALUE=0.2 
 PARM;GEOM_ID=UPQJQXHTKG;ID=HSJURBEJCYJ;NAME=TE_Flap_Type;GROUP=Flap;VALUE=0 
 PARM;GEOM_ID=UPQJQXHTKG;ID=WZBJPHTWJMT;NAME=TE_Flap_X;GROUP=Flap;VALUE=0 
 PARM;GEOM_ID=UPQJQXHTKG;ID=JTTINUEVYSZ;NAME=TE_Flap_X_Chord;GROUP=Flap;VALUE=0.2 
 PARM;GEOM_ID=UPQJQXHTKG;ID=JIUFCJLGIUL;NAME=TE_Flap_Y_Frc;GROUP=Flap;VALUE=0.5 
 PARM;GEOM_ID=UPQJQXHTKG;ID=TKLGVWISCJT;NAME=TE_Trim_AbsRel;GROUP=Flap;VALUE=1 
 PARM;GEOM_ID=UPQJQXHTKG;ID=DRZDMPHZOMW;NAME=XSecFlipImageFlag;GROUP=XSecCurve_Background;VALUE=0 
 PARM;GEOM_ID=UPQJQXHTKG;ID=OCNNMZXERKH;NAME=XSecImageFlag;GROUP=XSecCurve_Background;VALUE=0 
 PARM;GEOM_ID=UPQJQXHTKG;ID=EUAVUTMFTSW;NAME=XSecImageH;GROUP=XSecCurve_Background;VALUE=1 
 PARM;GEOM_ID=UPQJQXHTKG;ID=BHKECLBCEYI;NAME=XSecImagePreserveAR;GROUP=XSecCurve_Background;VALUE=1 
 PARM;GEOM_ID=UPQJQXHTKG;ID=KOEJBZXJERE;NAME=XSecImageW;GROUP=XSecCurve_Background;VALUE=1 
 PARM;GEOM_ID=UPQJQXHTKG;ID=MMCALLJYLGA;NAME=XSecImageXOffset;GROUP=XSecCurve_Background;VALUE=0 
 PARM;GEOM_ID=UPQJQXHTKG;ID=UMCUKDPJPOX;NAME=XSecImageYOffset;GROUP=XSecCurve_Background;VALUE=0 
 PARM;GEOM_ID=UPQJQXHTKG;ID=MJMKJSZPCBM;NAME=XSecLockImageFlag;GROUP=XSecCurve_Background;VALUE=0 
 PARM;GEOM_ID=UPQJQXHTKG;ID=FZDHBUCKIFP;NAME=AllSym;GROUP=Chevron;VALUE=1 
 PARM;GEOM_ID=UPQJQXHTKG;ID=TPECQKKXIVD;NAME=BottomAmplitude;GROUP=Chevron;VALUE=1 
 PARM;GEOM_ID=UPQJQXHTKG;ID=XMUOONRPNGB;NAME=Bottom_Angle;GROUP=Chevron;VALUE=0 
 PARM;GEOM_ID=UPQJQXHTKG;ID=ZONRTPIEZXR;NAME=Bottom_Slew;GROUP=Chevron;VALUE=0 
 PARM;GEOM_ID=UPQJQXHTKG;ID=CUHNCGLDPGM;NAME=Chevron_Type;GROUP=Chevron;VALUE=0 
 PARM;GEOM_ID=UPQJQXHTKG;ID=NIJGDQJZQMM;NAME=LeftAmplitude;GROUP=Chevron;VALUE=1 
 PARM;GEOM_ID=UPQJQXHTKG;ID=HZRDEWDANPL;NAME=Left_Angle;GROUP=Chevron;VALUE=0 
 PARM;GEOM_ID=UPQJQXHTKG;ID=ZWYHHIXYQCQ;NAME=Left_Slew;GROUP=Chevron;VALUE=0 
 PARM;GEOM_ID=UPQJQXHTKG;ID=KDIYUTPJVFN;NAME=Number;GROUP=Chevron;VALUE=8 
 PARM;GEOM_ID=UPQJQXHTKG;ID=QSFLKFYUFOC;NAME=Off_Duty;GROUP=Chevron;VALUE=0 
 PARM;GEOM_ID=UPQJQXHTKG;ID=QCVQVBZBWJC;NAME=On_Duty;GROUP=Chevron;VALUE=0 
 PARM;GEOM_ID=UPQJQXHTKG;ID=EOOKJQBLNWR;NAME=Peak_Radius;GROUP=Chevron;VALUE=0 
 PARM;GEOM_ID=UPQJQXHTKG;ID=KOBXVNOCDRI;NAME=RLSym;GROUP=Chevron;VALUE=1 
 PARM;GEOM_ID=UPQJQXHTKG;ID=FCPNAJKIHEP;NAME=RightAmplitude;GROUP=Chevron;VALUE=1 
 PARM;GEOM_ID=UPQJQXHTKG;ID=BYTEUFVRIPD;NAME=Right_Angle;GROUP=Chevron;VALUE=0 
 PARM;GEOM_ID=UPQJQXHTKG;ID=PUMGFYQAIPJ;NAME=Right_Slew;GROUP=Chevron;VALUE=0 
 PARM;GEOM_ID=UPQJQXHTKG;ID=HGOCWMWMQOL;NAME=TBSym;GROUP=Chevron;VALUE=1 
 PARM;GEOM_ID=UPQJQXHTKG;ID=WJLCLFHZCRQ;NAME=TopAmplitude;GROUP=Chevron;VALUE=1 
 PARM;GEOM_ID=UPQJQXHTKG;ID=KZQSMLCPZCM;NAME=Top_Angle;GROUP=Chevron;VALUE=0 
 PARM;GEOM_ID=UPQJQXHTKG;ID=ROLXOMIWRIO;NAME=Top_Slew;GROUP=Chevron;VALUE=0 
 PARM;GEOM_ID=UPQJQXHTKG;ID=FZNUPFBRNST;NAME=Valley_Radius;GROUP=Chevron;VALUE=0 
 PARM;GEOM_ID=UPQJQXHTKG;ID=THUYCALPKAM;NAME=W01_Center;GROUP=Chevron;VALUE=0.25 
 PARM;GEOM_ID=UPQJQXHTKG;ID=NOHCADNLRAU;NAME=W01_Center_Guide;GROUP=Chevron;VALUE=5 
 PARM;GEOM_ID=UPQJQXHTKG;ID=ULJTRFNAKVK;NAME=W01_End;GROUP=Chevron;VALUE=0.5 
 PARM;GEOM_ID=UPQJQXHTKG;ID=XTZLYEJMSLG;NAME=W01_End_Guide;GROUP=Chevron;VALUE=5 
 PARM;GEOM_ID=UPQJQXHTKG;ID=HAZEXBPPQQL;NAME=W01_Mode;GROUP=Chevron;VALUE=0 
 PARM;GEOM_ID=UPQJQXHTKG;ID=QNNTOOOIFBY;NAME=W01_Start;GROUP=Chevron;VALUE=0 
 PARM;GEOM_ID=UPQJQXHTKG;ID=NMDFMGQYIEN;NAME=W01_Start_Guide;GROUP=Chevron;VALUE=5 
 PARM;GEOM_ID=UPQJQXHTKG;ID=IPHROVZIODW;NAME=W01_Width;GROUP=Chevron;VALUE=0.5 
 PARM;GEOM_ID=UPQJQXHTKG;ID=GKCWFZXCMLQ;NAME=Area;GROUP=XSec;VALUE=330.359 
 PARM;GEOM_ID=UPQJQXHTKG;ID=TZXDSAKKDSK;NAME=Aspect;GROUP=XSec;VALUE=1.45752 
 PARM;GEOM_ID=UPQJQXHTKG;ID=GJYBAPRLFRI;NAME=Avg_Chord;GROUP=XSec;VALUE=15.0552 
 PARM;GEOM_ID=UPQJQXHTKG;ID=FRODNJPEVXL;NAME=Dihedral;GROUP=XSec;VALUE=-5 
 PARM;GEOM_ID=UPQJQXHTKG;ID=BWPJGWGWBPA;NAME=InCluster;GROUP=XSec;VALUE=1 
 PARM;GEOM_ID=UPQJQXHTKG;ID=GJKUORGRMYU;NAME=InLEDihedral;GROUP=XSec;VALUE=9.62128e-15 
 PARM;GEOM_ID=UPQJQXHTKG;ID=ADMRMNSLYEP;NAME=InLEMode;GROUP=XSec;VALUE=0 
 PARM;GEOM_ID=UPQJQXHTKG;ID=MYFOZKLTPQV;NAME=InLEStrength;GROUP=XSec;VALUE=1 
 PARM;GEOM_ID=UPQJQXHTKG;ID=EENMGTQODBO;NAME=InLESweep;GROUP=XSec;VALUE=42.9871 
 PARM;GEOM_ID=UPQJQXHTKG;ID=GXGCFDZLCQS;NAME=InTEDihedral;GROUP=XSec;VALUE=-7.02494e-15 
 PARM;GEOM_ID=UPQJQXHTKG;ID=PQKEDECOIAH;NAME=InTEMode;GROUP=XSec;VALUE=0 
 PARM;GEOM_ID=UPQJQXHTKG;ID=UOCDPELCDGW;NAME=InTEStrength;GROUP=XSec;VALUE=1 
 PARM;GEOM_ID=UPQJQXHTKG;ID=STMWEMGXAFL;NAME=InTESweep;GROUP=XSec;VALUE=12.8796 
 PARM;GEOM_ID=UPQJQXHTKG;ID=JPLKVOLNHQS;NAME=OutCluster;GROUP=XSec;VALUE=1 
 PARM;GEOM_ID=UPQJQXHTKG;ID=JTAXKWPIDPO;NAME=OutLEDihedral;GROUP=XSec;VALUE=-9.62128e-15 
 PARM;GEOM_ID=UPQJQXHTKG;ID=JKLWGTYHINP;NAME=OutLEMode;GROUP=XSec;VALUE=0 
 PARM;GEOM_ID=UPQJQXHTKG;ID=PRNOWOPVEFC;NAME=OutLEStrength;GROUP=XSec;VALUE=1 
 PARM;GEOM_ID=UPQJQXHTKG;ID=ICKHGGTACHM;NAME=OutLESweep;GROUP=XSec;VALUE=42.9871 
 PARM;GEOM_ID=UPQJQXHTKG;ID=JNGPQKINOMW;NAME=OutTEDihedral;GROUP=XSec;VALUE=7.02494e-15 
 PARM;GEOM_ID=UPQJQXHTKG;ID=DHLBWEJQAIK;NAME=OutTEMode;GROUP=XSec;VALUE=0 
 PARM;GEOM_ID=UPQJQXHTKG;ID=QSILYGWYWND;NAME=OutTEStrength;GROUP=XSec;VALUE=1 
 PARM;GEOM_ID=UPQJQXHTKG;ID=GNJWXOGCDQP;NAME=OutTESweep;GROUP=XSec;VALUE=12.8796 
 PARM;GEOM_ID=UPQJQXHTKG;ID=GJLVFHOIEOA;NAME=ProjectedSpan;GROUP=XSec;VALUE=21.8597 
 PARM;GEOM_ID=UPQJQXHTKG;ID=OHYJRXXBRLY;NAME=Root_Chord;GROUP=XSec;VALUE=22.773 
 PARM;GEOM_ID=UPQJQXHTKG;ID=NGGRMLFEJSX;NAME=RotateMatchDideralFlag;GROUP=XSec;VALUE=0 
 PARM;GEOM_ID=UPQJQXHTKG;ID=PVKJLZNJGBI;NAME=Sec_Sweep;GROUP=XSec;VALUE=12.8796 
 PARM;GEOM_ID=UPQJQXHTKG;ID=MUXENFFSHYA;NAME=Sec_Sweep_Location;GROUP=XSec;VALUE=1 
 PARM;GEOM_ID=UPQJQXHTKG;ID=AECJASOOVKV;NAME=SectTess_U;GROUP=XSec;VALUE=6 
 PARM;GEOM_ID=UPQJQXHTKG;ID=DCUGBPDVHVT;NAME=Span;GROUP=XSec;VALUE=21.9432 
 PARM;GEOM_ID=UPQJQXHTKG;ID=RHAHSLFTEIY;NAME=Sweep;GROUP=XSec;VALUE=41 
 PARM;GEOM_ID=UPQJQXHTKG;ID=FZLNUIKNFXD;NAME=Sweep_Location;GROUP=XSec;VALUE=0.0892857 
 PARM;GEOM_ID=UPQJQXHTKG;ID=LLTDKNGHGPY;NAME=Taper;GROUP=XSec;VALUE=0.322195 
 PARM;GEOM_ID=UPQJQXHTKG;ID=MOEVOAEBLJM;NAME=Tip_Chord;GROUP=XSec;VALUE=7.33736 
 PARM;GEOM_ID=UPQJQXHTKG;ID=JTONRVAFPES;NAME=Twist;GROUP=XSec;VALUE=0 
 PARM;GEOM_ID=UPQJQXHTKG;ID=NVOTDZATJZO;NAME=TwistInXZPlaneFlag;GROUP=XSec;VALUE=0 
 PARM;GEOM_ID=UPQJQXHTKG;ID=KBAFBUUBVRQ;NAME=Twist_Location;GROUP=XSec;VALUE=0 
 PARM;GEOM_ID=UPQJQXHTKG;ID=YMKSQZRWIRN;NAME=Area;GROUP=XSecCurve;VALUE=1.49845 
 PARM;GEOM_ID=UPQJQXHTKG;ID=RITDMWIDBNX;NAME=Camber;GROUP=XSecCurve;VALUE=0 
 PARM;GEOM_ID=UPQJQXHTKG;ID=ZNWXGRVITHQ;NAME=CamberInputFlag;GROUP=XSecCurve;VALUE=0 
 PARM;GEOM_ID=UPQJQXHTKG;ID=NSRWWRSRQLF;NAME=CamberLoc;GROUP=XSecCurve;VALUE=0.2 
 PARM;GEOM_ID=UPQJQXHTKG;ID=JJGOUMWLWOC;NAME=Chord;GROUP=XSecCurve;VALUE=7.33736 
 PARM;GEOM_ID=UPQJQXHTKG;ID=NFEWPMIGDYM;NAME=DeltaX;GROUP=XSecCurve;VALUE=0 
 PARM;GEOM_ID=UPQJQXHTKG;ID=XVKDPIKDDLU;NAME=DeltaY;GROUP=XSecCurve;VALUE=0 
 PARM;GEOM_ID=UPQJQXHTKG;ID=OGDQPUWQHQK;NAME=FitDegree;GROUP=XSecCurve;VALUE=7 
 PARM;GEOM_ID=UPQJQXHTKG;ID=IJRIEQGLUNQ;NAME=HWRatio;GROUP=XSecCurve;VALUE=0.041 
 PARM;GEOM_ID=UPQJQXHTKG;ID=REXDQFSCVZO;NAME=IdealCl;GROUP=XSecCurve;VALUE=0 
 PARM;GEOM_ID=UPQJQXHTKG;ID=UZOQHGIZWEX;NAME=Invert;GROUP=XSecCurve;VALUE=0 
 PARM;GEOM_ID=UPQJQXHTKG;ID=PSLKEJSAXPQ;NAME=Scale;GROUP=XSecCurve;VALUE=1 
 PARM;GEOM_ID=UPQJQXHTKG;ID=GNTMUDWHCGC;NAME=SharpTEFlag;GROUP=XSecCurve;VALUE=1 
 PARM;GEOM_ID=UPQJQXHTKG;ID=OJPCEYOSUDD;NAME=ShiftLE;GROUP=XSecCurve;VALUE=0 
 PARM;GEOM_ID=UPQJQXHTKG;ID=EXOFPKJEVEO;NAME=Theta;GROUP=XSecCurve;VALUE=0 
 PARM;GEOM_ID=UPQJQXHTKG;ID=BJUDSWEXMFI;NAME=ThickChord;GROUP=XSecCurve;VALUE=0.041 
 PARM;GEOM_ID=UPQJQXHTKG;ID=ZFWVBITGMRJ;NAME=LE_Cap_Length;GROUP=Cap;VALUE=1 
 PARM;GEOM_ID=UPQJQXHTKG;ID=NSQTRLSUNQD;NAME=LE_Cap_Offset;GROUP=Cap;VALUE=0 
 PARM;GEOM_ID=UPQJQXHTKG;ID=AKARFYKHSSE;NAME=LE_Cap_Strength;GROUP=Cap;VALUE=0.5 
 PARM;GEOM_ID=UPQJQXHTKG;ID=GCKFIHAVSKP;NAME=LE_Cap_Type;GROUP=Cap;VALUE=1 
 PARM;GEOM_ID=UPQJQXHTKG;ID=QAQYLLWSTIA;NAME=TE_Cap_Length;GROUP=Cap;VALUE=1 
 PARM;GEOM_ID=UPQJQXHTKG;ID=ODLBPSYDAHR;NAME=TE_Cap_Offset;GROUP=Cap;VALUE=0 
 PARM;GEOM_ID=UPQJQXHTKG;ID=MYABEMKYFKQ;NAME=TE_Cap_Strength;GROUP=Cap;VALUE=0.5 
 PARM;GEOM_ID=UPQJQXHTKG;ID=IEHAADINPBG;NAME=TE_Cap_Type;GROUP=Cap;VALUE=1 
 PARM;GEOM_ID=UPQJQXHTKG;ID=DURSLELHBEI;NAME=LE_Close_AbsRel;GROUP=Close;VALUE=0 
 PARM;GEOM_ID=UPQJQXHTKG;ID=TJYTSDFYIVY;NAME=LE_Close_Thick;GROUP=Close;VALUE=0 
 PARM;GEOM_ID=UPQJQXHTKG;ID=UZULRSWEQZX;NAME=LE_Close_Thick_Chord;GROUP=Close;VALUE=0 
 PARM;GEOM_ID=UPQJQXHTKG;ID=BEKIPSFGPYY;NAME=LE_Close_Type;GROUP=Close;VALUE=0 
 PARM;GEOM_ID=UPQJQXHTKG;ID=JATJKIQTWFX;NAME=TE_Close_AbsRel;GROUP=Close;VALUE=0 
 PARM;GEOM_ID=UPQJQXHTKG;ID=PODQODUPCLE;NAME=TE_Close_Thick;GROUP=Close;VALUE=0 
 PARM;GEOM_ID=UPQJQXHTKG;ID=QPVFYLAICCA;NAME=TE_Close_Thick_Chord;GROUP=Close;VALUE=0 
 PARM;GEOM_ID=UPQJQXHTKG;ID=FSSPPIQEKXT;NAME=TE_Close_Type;GROUP=Close;VALUE=0 
 PARM;GEOM_ID=UPQJQXHTKG;ID=BTKVCJZINPN;NAME=LE_Trim_AbsRel;GROUP=Trim;VALUE=0 
 PARM;GEOM_ID=UPQJQXHTKG;ID=DBDXPDUDHYG;NAME=LE_Trim_Thick;GROUP=Trim;VALUE=0 
 PARM;GEOM_ID=UPQJQXHTKG;ID=AQJFMLZVNIR;NAME=LE_Trim_Thick_Chord;GROUP=Trim;VALUE=0 
 PARM;GEOM_ID=UPQJQXHTKG;ID=MCJJFQEAKLA;NAME=LE_Trim_Type;GROUP=Trim;VALUE=0 
 PARM;GEOM_ID=UPQJQXHTKG;ID=VMROFSSCRPP;NAME=LE_Trim_X;GROUP=Trim;VALUE=0 
 PARM;GEOM_ID=UPQJQXHTKG;ID=QDGCIXAYPHU;NAME=LE_Trim_X_Chord;GROUP=Trim;VALUE=0 
 PARM;GEOM_ID=UPQJQXHTKG;ID=LPAJULUFIAN;NAME=TE_Trim_AbsRel;GROUP=Trim;VALUE=0 
 PARM;GEOM_ID=UPQJQXHTKG;ID=JWNKCSMWSBS;NAME=TE_Trim_Thick;GROUP=Trim;VALUE=0 
 PARM;GEOM_ID=UPQJQXHTKG;ID=NJBMBDNCIQV;NAME=TE_Trim_Thick_Chord;GROUP=Trim;VALUE=0 
 PARM;GEOM_ID=UPQJQXHTKG;ID=ZVPMLCARNRZ;NAME=TE_Trim_Type;GROUP=Trim;VALUE=0 
 PARM;GEOM_ID=UPQJQXHTKG;ID=LKHGMIQFREY;NAME=TE_Trim_X;GROUP=Trim;VALUE=0 
 PARM;GEOM_ID=UPQJQXHTKG;ID=KIKVLHTACXU;NAME=TE_Trim_X_Chord;GROUP=Trim;VALUE=0 
 PARM;GEOM_ID=UPQJQXHTKG;ID=JRCVMIOXAVK;NAME=TE_Flap_DT;GROUP=Flap;VALUE=0 
 PARM;GEOM_ID=UPQJQXHTKG;ID=UOGNSYTXQWV;NAME=TE_Flap_Deflection;GROUP=Flap;VALUE=0 
 PARM;GEOM_ID=UPQJQXHTKG;ID=UCNGIIGFWOK;NAME=TE_Flap_Flag;GROUP=Flap;VALUE=0 
 PARM;GEOM_ID=UPQJQXHTKG;ID=MEDKKKJYYAN;NAME=TE_Flap_T;GROUP=Flap;VALUE=0.2 
 PARM;GEOM_ID=UPQJQXHTKG;ID=QRDVBFVPPHE;NAME=TE_Flap_Type;GROUP=Flap;VALUE=0 
 PARM;GEOM_ID=UPQJQXHTKG;ID=EVIPDBXQMCZ;NAME=TE_Flap_X;GROUP=Flap;VALUE=0 
 PARM;GEOM_ID=UPQJQXHTKG;ID=QPHWBIPKRIZ;NAME=TE_Flap_X_Chord;GROUP=Flap;VALUE=0.2 
 PARM;GEOM_ID=UPQJQXHTKG;ID=VDUZEEPNVPU;NAME=TE_Flap_Y_Frc;GROUP=Flap;VALUE=0.5 
 PARM;GEOM_ID=UPQJQXHTKG;ID=KEEXDZYBPSC;NAME=TE_Trim_AbsRel;GROUP=Flap;VALUE=1 
 PARM;GEOM_ID=UPQJQXHTKG;ID=SCDTXYYUKDR;NAME=XSecFlipImageFlag;GROUP=XSecCurve_Background;VALUE=0 
 PARM;GEOM_ID=UPQJQXHTKG;ID=YMOETZYPEBV;NAME=XSecImageFlag;GROUP=XSecCurve_Background;VALUE=0 
 PARM;GEOM_ID=UPQJQXHTKG;ID=SWHOIIRZCDH;NAME=XSecImageH;GROUP=XSecCurve_Background;VALUE=1 
 PARM;GEOM_ID=UPQJQXHTKG;ID=RJUCKJMSYCL;NAME=XSecImagePreserveAR;GROUP=XSecCurve_Background;VALUE=1 
 PARM;GEOM_ID=UPQJQXHTKG;ID=DOWPCQSZXBT;NAME=XSecImageW;GROUP=XSecCurve_Background;VALUE=1 
 PARM;GEOM_ID=UPQJQXHTKG;ID=WQDGBGLEBYD;NAME=XSecImageXOffset;GROUP=XSecCurve_Background;VALUE=0 
 PARM;GEOM_ID=UPQJQXHTKG;ID=DQJLITESPTT;NAME=XSecImageYOffset;GROUP=XSecCurve_Background;VALUE=0 
 PARM;GEOM_ID=UPQJQXHTKG;ID=IDGHAGKFWPM;NAME=XSecLockImageFlag;GROUP=XSecCurve_Background;VALUE=0 
 PARM;GEOM_ID=UPQJQXHTKG;ID=SVKNWWMSLKK;NAME=AllSym;GROUP=Chevron;VALUE=1 
 PARM;GEOM_ID=UPQJQXHTKG;ID=JLXCPFQDMGA;NAME=BottomAmplitude;GROUP=Chevron;VALUE=1 
 PARM;GEOM_ID=UPQJQXHTKG;ID=MHDULNDNNQS;NAME=Bottom_Angle;GROUP=Chevron;VALUE=0 
 PARM;GEOM_ID=UPQJQXHTKG;ID=NJHZJLFPIWQ;NAME=Bottom_Slew;GROUP=Chevron;VALUE=0 
 PARM;GEOM_ID=UPQJQXHTKG;ID=DMNYNKGECUO;NAME=Chevron_Type;GROUP=Chevron;VALUE=0 
 PARM;GEOM_ID=UPQJQXHTKG;ID=MIWDRLMFTJI;NAME=LeftAmplitude;GROUP=Chevron;VALUE=1 
 PARM;GEOM_ID=UPQJQXHTKG;ID=TRCAODZKVAL;NAME=Left_Angle;GROUP=Chevron;VALUE=0 
 PARM;GEOM_ID=UPQJQXHTKG;ID=KWYYFYZIGIS;NAME=Left_Slew;GROUP=Chevron;VALUE=0 
 PARM;GEOM_ID=UPQJQXHTKG;ID=WEFPDJTRCWS;NAME=Number;GROUP=Chevron;VALUE=8 
 PARM;GEOM_ID=UPQJQXHTKG;ID=ERJTMKZCAMT;NAME=Off_Duty;GROUP=Chevron;VALUE=0 
 PARM;GEOM_ID=UPQJQXHTKG;ID=BEINNJHZBTU;NAME=On_Duty;GROUP=Chevron;VALUE=0 
 PARM;GEOM_ID=UPQJQXHTKG;ID=VHBMVJVVXFM;NAME=Peak_Radius;GROUP=Chevron;VALUE=0 
 PARM;GEOM_ID=UPQJQXHTKG;ID=ZFIGHOTNVGX;NAME=RLSym;GROUP=Chevron;VALUE=1 
 PARM;GEOM_ID=UPQJQXHTKG;ID=CSEDCPEJEMB;NAME=RightAmplitude;GROUP=Chevron;VALUE=1 
 PARM;GEOM_ID=UPQJQXHTKG;ID=KJSPBXAZRIU;NAME=Right_Angle;GROUP=Chevron;VALUE=0 
 PARM;GEOM_ID=UPQJQXHTKG;ID=XWFKHQOEFKA;NAME=Right_Slew;GROUP=Chevron;VALUE=0 
 PARM;GEOM_ID=UPQJQXHTKG;ID=BPHTGGXJKHL;NAME=TBSym;GROUP=Chevron;VALUE=1 
 PARM;GEOM_ID=UPQJQXHTKG;ID=NXBWXUSWNHA;NAME=TopAmplitude;GROUP=Chevron;VALUE=1 
 PARM;GEOM_ID=UPQJQXHTKG;ID=VGXLZUTAIZV;NAME=Top_Angle;GROUP=Chevron;VALUE=0 
 PARM;GEOM_ID=UPQJQXHTKG;ID=HZWLADNAWOE;NAME=Top_Slew;GROUP=Chevron;VALUE=0 
 PARM;GEOM_ID=UPQJQXHTKG;ID=XTJICSLDXDV;NAME=Valley_Radius;GROUP=Chevron;VALUE=0 
 PARM;GEOM_ID=UPQJQXHTKG;ID=UPZKEWPKOSX;NAME=W01_Center;GROUP=Chevron;VALUE=0.25 
 PARM;GEOM_ID=UPQJQXHTKG;ID=PPTWULYFQSQ;NAME=W01_Center_Guide;GROUP=Chevron;VALUE=5 
 PARM;GEOM_ID=UPQJQXHTKG;ID=DPMNEBLUVVB;NAME=W01_End;GROUP=Chevron;VALUE=0.5 
 PARM;GEOM_ID=UPQJQXHTKG;ID=JSUGDXDGUEO;NAME=W01_End_Guide;GROUP=Chevron;VALUE=5 
 PARM;GEOM_ID=UPQJQXHTKG;ID=WYVVXXOSTQP;NAME=W01_Mode;GROUP=Chevron;VALUE=0 
 PARM;GEOM_ID=UPQJQXHTKG;ID=GAEVUJSNLFF;NAME=W01_Start;GROUP=Chevron;VALUE=0 
 PARM;GEOM_ID=UPQJQXHTKG;ID=YXKJEDJDQNM;NAME=W01_Start_Guide;GROUP=Chevron;VALUE=5 
 PARM;GEOM_ID=UPQJQXHTKG;ID=MDMVZUEPPKG;NAME=W01_Width;GROUP=Chevron;VALUE=0.5 
 WING_TERMINAL;GEOM_ID=UPQJQXHTKG;XSEC_COUNT=2;TIP_ID=MOEVOAEBLJM;TIP=7.33736;ROOT_ID=OHYJRXXBRLY;ROOT=22.773;SPAN_ID=DCUGBPDVHVT;SPAN=21.9432 
 GEOM;ID=LKSOVVQHTG;NAME=Wing;TYPE=Wing;BMIN_X=36.127;BMIN_Y=5;BMIN_Z=-0.128382;BMAX_X=58.9698;BMAX_Y=21.6494;BMAX_Z=1.76344;SET_1=false;SET_2=true 
 PARM;GEOM_ID=LKSOVVQHTG;ID=ZSSRARYXVLA;NAME=Abs_Or_Relitive_flag;GROUP=XForm;VALUE=1 
 PARM;GEOM_ID=LKSOVVQHTG;ID=REAPDZQDOEF;NAME=Last_Scale;GROUP=XForm;VALUE=1 
 PARM;GEOM_ID=LKSOVVQHTG;ID=QTFARNRNTJB;NAME=Origin;GROUP=XForm;VALUE=0 
 PARM;GEOM_ID=LKSOVVQHTG;ID=OSNBVISBIHP;NAME=Scale;GROUP=XForm;VALUE=1 
 PARM;GEOM_ID=LKSOVVQHTG;ID=KWFDLDCOJKI;NAME=X_Location;GROUP=XForm;VALUE=36.127 
 PARM;GEOM_ID=LKSOVVQHTG;ID=WUEBPLSDGBM;NAME=X_Rel_Location;GROUP=XForm;VALUE=36.127 
 PARM;GEOM_ID=LKSOVVQHTG;ID=GVARDJVSDKF;NAME=X_Rel_Rotation;GROUP=XForm;VALUE=0 
 PARM;GEOM_ID=LKSOVVQHTG;ID=WRCRBMMOZOA;NAME=X_Rotation;GROUP=XForm;VALUE=0 
 PARM;GEOM_ID=LKSOVVQHTG;ID=YWLGYVPHUDE;NAME=Y_Location;GROUP=XForm;VALUE=5 
 PARM;GEOM_ID=LKSOVVQHTG;ID=DFWKMBKLPDJ;NAME=Y_Rel_Location;GROUP=XForm;VALUE=5 
 PARM;GEOM_ID=LKSOVVQHTG;ID=GICUDZUMKDD;NAME=Y_Rel_Rotation;GROUP=XForm;VALUE=0 
 PARM;GEOM_ID=LKSOVVQHTG;ID=XQYBTIFWZHO;NAME=Y_Rotation;GROUP=XForm;VALUE=0 
 PARM;GEOM_ID=LKSOVVQHTG;ID=RVEBDCGDHGQ;NAME=Z_Location;GROUP=XForm;VALUE=1.47541 
 PARM;GEOM_ID=LKSOVVQHTG;ID=YIBXLXDCADL;NAME=Z_Rel_Location;GROUP=XForm;VALUE=1.47541 
 PARM;GEOM_ID=LKSOVVQHTG;ID=TVDQDTNBRQK;NAME=Z_Rel_Rotation;GROUP=XForm;VALUE=0 
 PARM;GEOM_ID=LKSOVVQHTG;ID=DKYEJXQUXVX;NAME=Z_Rotation;GROUP=XForm;VALUE=0 
 PARM;GEOM_ID=LKSOVVQHTG;ID=DLDASEGGHXD;NAME=Sym_Ancestor;GROUP=Sym;VALUE=1 
 PARM;GEOM_ID=LKSOVVQHTG;ID=QNAQGNGFRIK;NAME=Sym_Ancestor_Origin_Flag;GROUP=Sym;VALUE=1 
 PARM;GEOM_ID=LKSOVVQHTG;ID=OFVWFQIOUYX;NAME=Sym_Axial_Flag;GROUP=Sym;VALUE=0 
 PARM;GEOM_ID=LKSOVVQHTG;ID=AOYLISQVTHF;NAME=Sym_Planar_Flag;GROUP=Sym;VALUE=2 
 PARM;GEOM_ID=LKSOVVQHTG;ID=BSTVOOPLIVZ;NAME=Sym_Rot_N;GROUP=Sym;VALUE=2 
 PARM;GEOM_ID=LKSOVVQHTG;ID=EMTLXRJXKCM;NAME=Eta_Attach_Location;GROUP=Attach;VALUE=0 
 PARM;GEOM_ID=LKSOVVQHTG;ID=JGIFLHSBKUN;NAME=L_01;GROUP=Attach;VALUE=1 
 PARM;GEOM_ID=LKSOVVQHTG;ID=PDITLKYEAWD;NAME=L_Attach_Location;GROUP=Attach;VALUE=0 
 PARM;GEOM_ID=LKSOVVQHTG;ID=NLGLWJITJIV;NAME=L_Attach_Location0Len;GROUP=Attach;VALUE=0 
 PARM;GEOM_ID=LKSOVVQHTG;ID=ZPFHGTVPIBA;NAME=M_Attach_Location;GROUP=Attach;VALUE=0.5 
 PARM;GEOM_ID=LKSOVVQHTG;ID=EBECJDEVTDL;NAME=N_Attach_Location;GROUP=Attach;VALUE=0.5 
 PARM;GEOM_ID=LKSOVVQHTG;ID=GPNXJLCGCGE;NAME=R_01;GROUP=Attach;VALUE=1 
 PARM;GEOM_ID=LKSOVVQHTG;ID=PEVMISMOAJG;NAME=R_Attach_Location;GROUP=Attach;VALUE=0 
 PARM;GEOM_ID=LKSOVVQHTG;ID=UHVDPWLDNFS;NAME=R_Attach_Location0N;GROUP=Attach;VALUE=0 
 PARM;GEOM_ID=LKSOVVQHTG;ID=EDXYGWEQJBO;NAME=Rots_Attach_Flag;GROUP=Attach;VALUE=0 
 PARM;GEOM_ID=LKSOVVQHTG;ID=ISGWMSXVIOB;NAME=S_Attach_Location;GROUP=Attach;VALUE=0.5 
 PARM;GEOM_ID=LKSOVVQHTG;ID=XPXXLYUDIDK;NAME=T_Attach_Location;GROUP=Attach;VALUE=0.5 
 PARM;GEOM_ID=LKSOVVQHTG;ID=NFGHZGWKRKT;NAME=Trans_Attach_Flag;GROUP=Attach;VALUE=0 
 PARM;GEOM_ID=LKSOVVQHTG;ID=HTAZIHLWWNC;NAME=U_01;GROUP=Attach;VALUE=1 
 PARM;GEOM_ID=LKSOVVQHTG;ID=SRKNQLGWLFK;NAME=U_Attach_Location;GROUP=Attach;VALUE=0 
 PARM;GEOM_ID=LKSOVVQHTG;ID=GFHLZMDMQDC;NAME=U_Attach_Location0N;GROUP=Attach;VALUE=0 
 PARM;GEOM_ID=LKSOVVQHTG;ID=XPAKXYINWBS;NAME=V_Attach_Location;GROUP=Attach;VALUE=0 
 PARM;GEOM_ID=LKSOVVQHTG;ID=NIOOMOTMBTN;NAME=Tess_U;GROUP=Shape;VALUE=12 
 PARM;GEOM_ID=LKSOVVQHTG;ID=HRVYNUONBFA;NAME=Tess_W;GROUP=Shape;VALUE=33 
 PARM;GEOM_ID=LKSOVVQHTG;ID=GGWTSDZBICQ;NAME=Wake;GROUP=Shape;VALUE=0 
 PARM;GEOM_ID=LKSOVVQHTG;ID=NKUWFYNEDXE;NAME=Negative_Volume_Flag;GROUP=Negative_Volume_Props;VALUE=0 
 PARM;GEOM_ID=LKSOVVQHTG;ID=HQNWYCYJOES;NAME=WakeAngle;GROUP=WakeSettings;VALUE=0 
 PARM;GEOM_ID=LKSOVVQHTG;ID=ANWZXLHLMPO;NAME=WakeScale;GROUP=WakeSettings;VALUE=2 
 PARM;GEOM_ID=LKSOVVQHTG;ID=YROALRLASEJ;NAME=CGx;GROUP=Mass_Props;VALUE=0 
 PARM;GEOM_ID=LKSOVVQHTG;ID=KUGXBITKXID;NAME=CGy;GROUP=Mass_Props;VALUE=0 
 PARM;GEOM_ID=LKSOVVQHTG;ID=ZRIXMTCCUOA;NAME=CGz;GROUP=Mass_Props;VALUE=0 
 PARM;GEOM_ID=LKSOVVQHTG;ID=YTOUFNLCZHL;NAME=Density;GROUP=Mass_Props;VALUE=1 
 PARM;GEOM_ID=LKSOVVQHTG;ID=IJXSWHOAWXT;NAME=Ixx;GROUP=Mass_Props;VALUE=0 
 PARM;GEOM_ID=LKSOVVQHTG;ID=LHHSVIXOWEA;NAME=Ixy;GROUP=Mass_Props;VALUE=0 
 PARM;GEOM_ID=LKSOVVQHTG;ID=LDGFRMKHCPY;NAME=Ixz;GROUP=Mass_Props;VALUE=0 
 PARM;GEOM_ID=LKSOVVQHTG;ID=VYUTQEPGGUB;NAME=Iyy;GROUP=Mass_Props;VALUE=0 
 PARM;GEOM_ID=LKSOVVQHTG;ID=WTWEYZPIXHM;NAME=Iyz;GROUP=Mass_Props;VALUE=0 
 PARM;GEOM_ID=LKSOVVQHTG;ID=VVJGNGUKGMB;NAME=Izz;GROUP=Mass_Props;VALUE=0 
 PARM;GEOM_ID=LKSOVVQHTG;ID=VFADAXKDBEF;NAME=Mass_Area;GROUP=Mass_Props;VALUE=1 
 PARM;GEOM_ID=LKSOVVQHTG;ID=HZKEZUIMWLI;NAME=Mass_Prior;GROUP=Mass_Props;VALUE=0 
 PARM;GEOM_ID=LKSOVVQHTG;ID=EARCAKAPZFZ;NAME=PointMass;GROUP=Mass_Props;VALUE=0 
 PARM;GEOM_ID=LKSOVVQHTG;ID=JGBOADDSAES;NAME=Shell_Flag;GROUP=Mass_Props;VALUE=0 
 PARM;GEOM_ID=LKSOVVQHTG;ID=TNYFZNJLQEL;NAME=CorrectAirfoilthicknessFlag;GROUP=WingGeom;VALUE=1 
 PARM;GEOM_ID=LKSOVVQHTG;ID=MGYHERNKCJW;NAME=CurvedArea;GROUP=WingGeom;VALUE=440.056 
 PARM;GEOM_ID=LKSOVVQHTG;ID=YWPKFDBUCEQ;NAME=LECluster;GROUP=WingGeom;VALUE=0.25 
 PARM;GEOM_ID=LKSOVVQHTG;ID=MXIYBRTODGJ;NAME=MAC;GROUP=WingGeom;VALUE=14.0634 
 PARM;GEOM_ID=LKSOVVQHTG;ID=RGSECUFPTTZ;NAME=MaxGrowth;GROUP=WingGeom;VALUE=1.43701 
 PARM;GEOM_ID=LKSOVVQHTG;ID=BREDVPOZDOX;NAME=RelativeDihedralFlag;GROUP=WingGeom;VALUE=0 
 PARM;GEOM_ID=LKSOVVQHTG;ID=DAHUEBMJRQN;NAME=RelativeTwistFlag;GROUP=WingGeom;VALUE=0 
 PARM;GEOM_ID=LKSOVVQHTG;ID=OITWRGJTGGU;NAME=RotateAirfoilMatchDideralFlag;GROUP=WingGeom;VALUE=1 
 PARM;GEOM_ID=LKSOVVQHTG;ID=SUNICGVJAWS;NAME=SmallPanelW;GROUP=WingGeom;VALUE=0.121139 
 PARM;GEOM_ID=LKSOVVQHTG;ID=TXMWRZPRTCO;NAME=TECluster;GROUP=WingGeom;VALUE=0.25 
 PARM;GEOM_ID=LKSOVVQHTG;ID=RAKVLJREPJG;NAME=TotalAR;GROUP=WingGeom;VALUE=2.51578 
 PARM;GEOM_ID=LKSOVVQHTG;ID=UZJUHNXBHAL;NAME=TotalArea;GROUP=WingGeom;VALUE=440.056 
 PARM;GEOM_ID=LKSOVVQHTG;ID=YYNHYJDOPWS;NAME=TotalChord;GROUP=WingGeom;VALUE=13.1753 
 PARM;GEOM_ID=LKSOVVQHTG;ID=RGECYMNZWFR;NAME=TotalProjectedSpan;GROUP=WingGeom;VALUE=33.2729 
 PARM;GEOM_ID=LKSOVVQHTG;ID=LBLNXXHQJBL;NAME=TotalSpan;GROUP=WingGeom;VALUE=33.4 
 PARM;GEOM_ID=LKSOVVQHTG;ID=WGBDIVIAKRC;NAME=TwistAllInXZPlaneFlag;GROUP=WingGeom;VALUE=0 
 PARM;GEOM_ID=LKSOVVQHTG;ID=XCAEXGPNVKQ;NAME=X_Len;GROUP=BBox;VALUE=22.8428 
 PARM;GEOM_ID=LKSOVVQHTG;ID=LRRADCJUIBK;NAME=X_Min;GROUP=BBox;VALUE=36.127 
 PARM;GEOM_ID=LKSOVVQHTG;ID=IBRCWITOGQS;NAME=Y_Len;GROUP=BBox;VALUE=43.2989 
 PARM;GEOM_ID=LKSOVVQHTG;ID=GGAWAXGQFSJ;NAME=Y_Min;GROUP=BBox;VALUE=-21.6494 
 PARM;GEOM_ID=LKSOVVQHTG;ID=SHVWTYYYKPJ;NAME=Z_Len;GROUP=BBox;VALUE=1.89182 
 PARM;GEOM_ID=LKSOVVQHTG;ID=BERURPZKJUA;NAME=Z_Min;GROUP=BBox;VALUE=-0.128382 
 PARM;GEOM_ID=LKSOVVQHTG;ID=UCYUDPWAIFV;NAME=CapUMaxLength;GROUP=EndCap;VALUE=1 
 PARM;GEOM_ID=LKSOVVQHTG;ID=VOIQZKCKZLL;NAME=CapUMaxOffset;GROUP=EndCap;VALUE=0 
 PARM;GEOM_ID=LKSOVVQHTG;ID=LTBZEYFWGNM;NAME=CapUMaxOption;GROUP=EndCap;VALUE=1 
 PARM;GEOM_ID=LKSOVVQHTG;ID=KZVYEZZHETL;NAME=CapUMaxStrength;GROUP=EndCap;VALUE=0.5 
 PARM;GEOM_ID=LKSOVVQHTG;ID=SPAYGWVLDXU;NAME=CapUMaxSweepFlag;GROUP=EndCap;VALUE=0 
 PARM;GEOM_ID=LKSOVVQHTG;ID=PQFDOAMDOWO;NAME=CapUMinLength;GROUP=EndCap;VALUE=1 
 PARM;GEOM_ID=LKSOVVQHTG;ID=NLCFOUWXOGU;NAME=CapUMinOffset;GROUP=EndCap;VALUE=0 
 PARM;GEOM_ID=LKSOVVQHTG;ID=AEVORBQCOAC;NAME=CapUMinOption;GROUP=EndCap;VALUE=1 
 PARM;GEOM_ID=LKSOVVQHTG;ID=DTTCKWPTRWN;NAME=CapUMinStrength;GROUP=EndCap;VALUE=0.5 
 PARM;GEOM_ID=LKSOVVQHTG;ID=OXXHTJVDQDL;NAME=CapUMinSweepFlag;GROUP=EndCap;VALUE=0 
 PARM;GEOM_ID=LKSOVVQHTG;ID=RTVLEUZKIPU;NAME=CapUMinTess;GROUP=EndCap;VALUE=3 
 PARM;GEOM_ID=LKSOVVQHTG;ID=ENCTXECCEVY;NAME=ExpandedList;GROUP=ParasiteDragProps;VALUE=0 
 PARM;GEOM_ID=LKSOVVQHTG;ID=BUZVNHMIAHK;NAME=FFBodyEqnType;GROUP=ParasiteDragProps;VALUE=3 
 PARM;GEOM_ID=LKSOVVQHTG;ID=THMCTYFWWMM;NAME=FFUser;GROUP=ParasiteDragProps;VALUE=1 
 PARM;GEOM_ID=LKSOVVQHTG;ID=GSEHJUGBZXD;NAME=FFWingEqnType;GROUP=ParasiteDragProps;VALUE=3 
 PARM;GEOM_ID=LKSOVVQHTG;ID=RQXKYAASWCH;NAME=IncorporatedGen;GROUP=ParasiteDragProps;VALUE=0 
 PARM;GEOM_ID=LKSOVVQHTG;ID=UOISLCIHPTQ;NAME=PercLam;GROUP=ParasiteDragProps;VALUE=0 
 PARM;GEOM_ID=LKSOVVQHTG;ID=JHBHBQIAEME;NAME=Q;GROUP=ParasiteDragProps;VALUE=1 
 PARM;GEOM_ID=LKSOVVQHTG;ID=EUKMQLHVGTF;NAME=Roughness;GROUP=ParasiteDragProps;VALUE=0 
 PARM;GEOM_ID=LKSOVVQHTG;ID=IBSYLTUEQFZ;NAME=TawTwRatio;GROUP=ParasiteDragProps;VALUE=1 
 PARM;GEOM_ID=LKSOVVQHTG;ID=PYLXLOFDSNO;NAME=TeTwRatio;GROUP=ParasiteDragProps;VALUE=1 
 PARM;GEOM_ID=LKSOVVQHTG;ID=BNFHUMDAGOA;NAME=ActiveAirfoil;GROUP=Index;VALUE=1 
 PARM;GEOM_ID=LKSOVVQHTG;ID=IDHZVOVMPDN;NAME=ActiveXSec;GROUP=Index;VALUE=0 
 PARM;GEOM_ID=LKSOVVQHTG;ID=ZFWRMBKEPIK;NAME=Area;GROUP=XSec;VALUE=10.05 
 PARM;GEOM_ID=LKSOVVQHTG;ID=FGPSURTJRQE;NAME=Aspect;GROUP=XSec;VALUE=0.0995025 
 PARM;GEOM_ID=LKSOVVQHTG;ID=ESPAKYWKZQR;NAME=Avg_Chord;GROUP=XSec;VALUE=10.05 
 PARM;GEOM_ID=LKSOVVQHTG;ID=LYDCCINWBGJ;NAME=Dihedral;GROUP=XSec;VALUE=0 
 PARM;GEOM_ID=LKSOVVQHTG;ID=GCOQLXLFANZ;NAME=InCluster;GROUP=XSec;VALUE=1 
 PARM;GEOM_ID=LKSOVVQHTG;ID=JSMAZKBVOBW;NAME=InLEDihedral;GROUP=XSec;VALUE=5 
 PARM;GEOM_ID=LKSOVVQHTG;ID=PSBZXFVTTFL;NAME=InLEMode;GROUP=XSec;VALUE=0 
 PARM;GEOM_ID=LKSOVVQHTG;ID=FBCNFJLVEOJ;NAME=InLEStrength;GROUP=XSec;VALUE=1 
 PARM;GEOM_ID=LKSOVVQHTG;ID=DMOASCGUWUA;NAME=InLESweep;GROUP=XSec;VALUE=43.0351 
 PARM;GEOM_ID=LKSOVVQHTG;ID=ORQLBRBVRXX;NAME=InTEDihedral;GROUP=XSec;VALUE=5 
 PARM;GEOM_ID=LKSOVVQHTG;ID=KKBEEKJMVGV;NAME=InTEMode;GROUP=XSec;VALUE=0 
 PARM;GEOM_ID=LKSOVVQHTG;ID=OTCVXBLJTTO;NAME=InTEStrength;GROUP=XSec;VALUE=1 
 PARM;GEOM_ID=LKSOVVQHTG;ID=FAKPYWRIJEX;NAME=InTESweep;GROUP=XSec;VALUE=12.6323 
 PARM;GEOM_ID=LKSOVVQHTG;ID=OTEWVCFULVE;NAME=OutCluster;GROUP=XSec;VALUE=1 
 PARM;GEOM_ID=LKSOVVQHTG;ID=EZATDXODUYH;NAME=OutLEDihedral;GROUP=XSec;VALUE=-5 
 PARM;GEOM_ID=LKSOVVQHTG;ID=EQBYGEGBUHG;NAME=OutLEMode;GROUP=XSec;VALUE=0 
 PARM;GEOM_ID=LKSOVVQHTG;ID=XTEHTTOWKDK;NAME=OutLEStrength;GROUP=XSec;VALUE=1 
 PARM;GEOM_ID=LKSOVVQHTG;ID=ONNBPOPSKLG;NAME=OutLESweep;GROUP=XSec;VALUE=43.0351 
 PARM;GEOM_ID=LKSOVVQHTG;ID=ENKSGAXFRQF;NAME=OutTEDihedral;GROUP=XSec;VALUE=-5 
 PARM;GEOM_ID=LKSOVVQHTG;ID=CFCNWZOFZHJ;NAME=OutTEMode;GROUP=XSec;VALUE=0 
 PARM;GEOM_ID=LKSOVVQHTG;ID=KTCMOMJIVJE;NAME=OutTEStrength;GROUP=XSec;VALUE=1 
 PARM;GEOM_ID=LKSOVVQHTG;ID=VLVNRUOAJKC;NAME=OutTESweep;GROUP=XSec;VALUE=12.6323 
 PARM;GEOM_ID=LKSOVVQHTG;ID=PVFIWZYPXSP;NAME=ProjectedSpan;GROUP=XSec;VALUE=0 
 PARM;GEOM_ID=LKSOVVQHTG;ID=JRQOLDNIUWQ;NAME=Root_Chord;GROUP=XSec;VALUE=1 
 PARM;GEOM_ID=LKSOVVQHTG;ID=SVZGSSXDYIQ;NAME=RotateMatchDideralFlag;GROUP=XSec;VALUE=0 
 PARM;GEOM_ID=LKSOVVQHTG;ID=TREGFULXKKE;NAME=Sec_Sweep;GROUP=XSec;VALUE=86.8377 
 PARM;GEOM_ID=LKSOVVQHTG;ID=ODFXQEPKIIB;NAME=Sec_Sweep_Location;GROUP=XSec;VALUE=1 
 PARM;GEOM_ID=LKSOVVQHTG;ID=DYKNEMDFWWW;NAME=SectTess_U;GROUP=XSec;VALUE=6 
 PARM;GEOM_ID=LKSOVVQHTG;ID=NHCSRMJXNPJ;NAME=Span;GROUP=XSec;VALUE=1 
 PARM;GEOM_ID=LKSOVVQHTG;ID=EMRBZRTVZWD;NAME=Sweep;GROUP=XSec;VALUE=0 
 PARM;GEOM_ID=LKSOVVQHTG;ID=RZSQRYDFGRN;NAME=Sweep_Location;GROUP=XSec;VALUE=0 
 PARM;GEOM_ID=LKSOVVQHTG;ID=ZSMSSTPRKOG;NAME=Taper;GROUP=XSec;VALUE=19.1 
 PARM;GEOM_ID=LKSOVVQHTG;ID=VCMBMFPGFZY;NAME=Tip_Chord;GROUP=XSec;VALUE=19.1 
 PARM;GEOM_ID=LKSOVVQHTG;ID=AESEYFLBUVT;NAME=Twist;GROUP=XSec;VALUE=0 
 PARM;GEOM_ID=LKSOVVQHTG;ID=GGQIADIWOFT;NAME=TwistInXZPlaneFlag;GROUP=XSec;VALUE=0 
 PARM;GEOM_ID=LKSOVVQHTG;ID=MLFYXXTZXXY;NAME=Twist_Location;GROUP=XSec;VALUE=0.25 
 PARM;GEOM_ID=LKSOVVQHTG;ID=UNNDCRLJENF;NAME=Area;GROUP=XSecCurve;VALUE=7.42961 
 PARM;GEOM_ID=LKSOVVQHTG;ID=XOYQOKYAONY;NAME=Camber;GROUP=XSecCurve;VALUE=0 
 PARM;GEOM_ID=LKSOVVQHTG;ID=VYYLUWHXMEJ;NAME=CamberInputFlag;GROUP=XSecCurve;VALUE=0 
 PARM;GEOM_ID=LKSOVVQHTG;ID=LYOJYPKJZBR;NAME=CamberLoc;GROUP=XSecCurve;VALUE=0.2 
 PARM;GEOM_ID=LKSOVVQHTG;ID=MYUXXNXTNSY;NAME=Chord;GROUP=XSecCurve;VALUE=19.1 
 PARM;GEOM_ID=LKSOVVQHTG;ID=DVEDXBSNDXX;NAME=DeltaX;GROUP=XSecCurve;VALUE=0 
 PARM;GEOM_ID=LKSOVVQHTG;ID=WRBWHMZXZVY;NAME=DeltaY;GROUP=XSecCurve;VALUE=0 
 PARM;GEOM_ID=LKSOVVQHTG;ID=IVLSFFNYRZI;NAME=FitDegree;GROUP=XSecCurve;VALUE=7 
 PARM;GEOM_ID=LKSOVVQHTG;ID=JCQESAIFLUH;NAME=HWRatio;GROUP=XSecCurve;VALUE=0.03 
 PARM;GEOM_ID=LKSOVVQHTG;ID=RTZEOGKADOW;NAME=IdealCl;GROUP=XSecCurve;VALUE=0 
 PARM;GEOM_ID=LKSOVVQHTG;ID=FABITFCPEGZ;NAME=Invert;GROUP=XSecCurve;VALUE=0 
 PARM;GEOM_ID=LKSOVVQHTG;ID=CIZOLOSLPNZ;NAME=Scale;GROUP=XSecCurve;VALUE=1 
 PARM;GEOM_ID=LKSOVVQHTG;ID=LKWBNZLEJCF;NAME=SharpTEFlag;GROUP=XSecCurve;VALUE=1 
 PARM;GEOM_ID=LKSOVVQHTG;ID=ISZMCJSYYKP;NAME=ShiftLE;GROUP=XSecCurve;VALUE=0 
 PARM;GEOM_ID=LKSOVVQHTG;ID=VVEILXHCJVR;NAME=Theta;GROUP=XSecCurve;VALUE=0 
 PARM;GEOM_ID=LKSOVVQHTG;ID=XSWDRTHASLS;NAME=ThickChord;GROUP=XSecCurve;VALUE=0.03 
 PARM;GEOM_ID=LKSOVVQHTG;ID=IXRUASBNLAO;NAME=LE_Cap_Length;GROUP=Cap;VALUE=1 
 PARM;GEOM_ID=LKSOVVQHTG;ID=LIZWGZKAAOP;NAME=LE_Cap_Offset;GROUP=Cap;VALUE=0 
 PARM;GEOM_ID=LKSOVVQHTG;ID=ZKVCAHZLANI;NAME=LE_Cap_Strength;GROUP=Cap;VALUE=0.5 
 PARM;GEOM_ID=LKSOVVQHTG;ID=EIPRTVZJMVL;NAME=LE_Cap_Type;GROUP=Cap;VALUE=1 
 PARM;GEOM_ID=LKSOVVQHTG;ID=TCUDRGOGGKR;NAME=TE_Cap_Length;GROUP=Cap;VALUE=1 
 PARM;GEOM_ID=LKSOVVQHTG;ID=LZNXFJJHEKV;NAME=TE_Cap_Offset;GROUP=Cap;VALUE=0 
 PARM;GEOM_ID=LKSOVVQHTG;ID=FFLPEXEGZPS;NAME=TE_Cap_Strength;GROUP=Cap;VALUE=0.5 
 PARM;GEOM_ID=LKSOVVQHTG;ID=IOSIELEFQCT;NAME=TE_Cap_Type;GROUP=Cap;VALUE=1 
 PARM;GEOM_ID=LKSOVVQHTG;ID=DKURDSTBQSE;NAME=LE_Close_AbsRel;GROUP=Close;VALUE=0 
 PARM;GEOM_ID=LKSOVVQHTG;ID=AHCTOAVJFEK;NAME=LE_Close_Thick;GROUP=Close;VALUE=0 
 PARM;GEOM_ID=LKSOVVQHTG;ID=SLOXJVDLQAP;NAME=LE_Close_Thick_Chord;GROUP=Close;VALUE=0 
 PARM;GEOM_ID=LKSOVVQHTG;ID=BPTSEGAXYBI;NAME=LE_Close_Type;GROUP=Close;VALUE=0 
 PARM;GEOM_ID=LKSOVVQHTG;ID=NUTGEKSEKJW;NAME=TE_Close_AbsRel;GROUP=Close;VALUE=0 
 PARM;GEOM_ID=LKSOVVQHTG;ID=ECBYMQIEBBL;NAME=TE_Close_Thick;GROUP=Close;VALUE=0 
 PARM;GEOM_ID=LKSOVVQHTG;ID=OGDOZBDWVBA;NAME=TE_Close_Thick_Chord;GROUP=Close;VALUE=0 
 PARM;GEOM_ID=LKSOVVQHTG;ID=PXGKTNEUYTJ;NAME=TE_Close_Type;GROUP=Close;VALUE=0 
 PARM;GEOM_ID=LKSOVVQHTG;ID=MJUMYCATNBL;NAME=LE_Trim_AbsRel;GROUP=Trim;VALUE=0 
 PARM;GEOM_ID=LKSOVVQHTG;ID=TJFWVIMOQSZ;NAME=LE_Trim_Thick;GROUP=Trim;VALUE=0 
 PARM;GEOM_ID=LKSOVVQHTG;ID=WXDYAZLIVAU;NAME=LE_Trim_Thick_Chord;GROUP=Trim;VALUE=0 
 PARM;GEOM_ID=LKSOVVQHTG;ID=YQNRTQMZCBC;NAME=LE_Trim_Type;GROUP=Trim;VALUE=0 
 PARM;GEOM_ID=LKSOVVQHTG;ID=UDBHYEVNHGC;NAME=LE_Trim_X;GROUP=Trim;VALUE=0 
 PARM;GEOM_ID=LKSOVVQHTG;ID=QUDJFPOYFRD;NAME=LE_Trim_X_Chord;GROUP=Trim;VALUE=0 
 PARM;GEOM_ID=LKSOVVQHTG;ID=DNSRQNXVAVZ;NAME=TE_Trim_AbsRel;GROUP=Trim;VALUE=0 
 PARM;GEOM_ID=LKSOVVQHTG;ID=ILYBTIAZOKU;NAME=TE_Trim_Thick;GROUP=Trim;VALUE=0 
 PARM;GEOM_ID=LKSOVVQHTG;ID=EDWGFHPGVRN;NAME=TE_Trim_Thick_Chord;GROUP=Trim;VALUE=0 
 PARM;GEOM_ID=LKSOVVQHTG;ID=RPDTEBJOGIP;NAME=TE_Trim_Type;GROUP=Trim;VALUE=0 
 PARM;GEOM_ID=LKSOVVQHTG;ID=BLAJZJKQFXT;NAME=TE_Trim_X;GROUP=Trim;VALUE=0 
 PARM;GEOM_ID=LKSOVVQHTG;ID=YSMNFJHRNSY;NAME=TE_Trim_X_Chord;GROUP=Trim;VALUE=0 
 PARM;GEOM_ID=LKSOVVQHTG;ID=FJSEAJRKIYB;NAME=TE_Flap_DT;GROUP=Flap;VALUE=0 
 PARM;GEOM_ID=LKSOVVQHTG;ID=DSIBKFGIKNU;NAME=TE_Flap_Deflection;GROUP=Flap;VALUE=0 
 PARM;GEOM_ID=LKSOVVQHTG;ID=BCSQHNHRRMR;NAME=TE_Flap_Flag;GROUP=Flap;VALUE=0 
 PARM;GEOM_ID=LKSOVVQHTG;ID=AORADMIVKBS;NAME=TE_Flap_T;GROUP=Flap;VALUE=0.2 
 PARM;GEOM_ID=LKSOVVQHTG;ID=RSDDTWCIUZD;NAME=TE_Flap_Type;GROUP=Flap;VALUE=0 
 PARM;GEOM_ID=LKSOVVQHTG;ID=FREZJDITXXO;NAME=TE_Flap_X;GROUP=Flap;VALUE=0 
 PARM;GEOM_ID=LKSOVVQHTG;ID=XSHCIAWXHHM;NAME=TE_Flap_X_Chord;GROUP=Flap;VALUE=0.2 
 PARM;GEOM_ID=LKSOVVQHTG;ID=MDTKBMBVDYB;NAME=TE_Flap_Y_Frc;GROUP=Flap;VALUE=0.5 
 PARM;GEOM_ID=LKSOVVQHTG;ID=LWTOHRGRHIE;NAME=TE_Trim_AbsRel;GROUP=Flap;VALUE=1 
 PARM;GEOM_ID=LKSOVVQHTG;ID=DWMMBNHTOCP;NAME=XSecFlipImageFlag;GROUP=XSecCurve_Background;VALUE=0 
 PARM;GEOM_ID=LKSOVVQHTG;ID=BUDKJUPFIVP;NAME=XSecImageFlag;GROUP=XSecCurve_Background;VALUE=0 
 PARM;GEOM_ID=LKSOVVQHTG;ID=FHMXJWDRIEH;NAME=XSecImageH;GROUP=XSecCurve_Background;VALUE=1 
 PARM;GEOM_ID=LKSOVVQHTG;ID=AEVNQFEQXIR;NAME=XSecImagePreserveAR;GROUP=XSecCurve_Background;VALUE=1 
 PARM;GEOM_ID=LKSOVVQHTG;ID=YHNMHYZCRJS;NAME=XSecImageW;GROUP=XSecCurve_Background;VALUE=1 
 PARM;GEOM_ID=LKSOVVQHTG;ID=LNMJZZGHOEK;NAME=XSecImageXOffset;GROUP=XSecCurve_Background;VALUE=0 
 PARM;GEOM_ID=LKSOVVQHTG;ID=WNMZYMWQMVS;NAME=XSecImageYOffset;GROUP=XSecCurve_Background;VALUE=0 
 PARM;GEOM_ID=LKSOVVQHTG;ID=UUTDVIBGWGP;NAME=XSecLockImageFlag;GROUP=XSecCurve_Background;VALUE=0 
 PARM;GEOM_ID=LKSOVVQHTG;ID=HIHYHWYXFRF;NAME=AllSym;GROUP=Chevron;VALUE=1 
 PARM;GEOM_ID=LKSOVVQHTG;ID=XDZGINQWAOE;NAME=BottomAmplitude;GROUP=Chevron;VALUE=1 
 PARM;GEOM_ID=LKSOVVQHTG;ID=WLZWXXODODS;NAME=Bottom_Angle;GROUP=Chevron;VALUE=0 
 PARM;GEOM_ID=LKSOVVQHTG;ID=HCNYYTKFQWJ;NAME=Bottom_Slew;GROUP=Chevron;VALUE=0 
 PARM;GEOM_ID=LKSOVVQHTG;ID=UKXPAJUYAHM;NAME=Chevron_Type;GROUP=Chevron;VALUE=0 
 PARM;GEOM_ID=LKSOVVQHTG;ID=FSUJLJWRROQ;NAME=LeftAmplitude;GROUP=Chevron;VALUE=1 
 PARM;GEOM_ID=LKSOVVQHTG;ID=POZKPUIZIDW;NAME=Left_Angle;GROUP=Chevron;VALUE=0 
 PARM;GEOM_ID=LKSOVVQHTG;ID=PCYOCOULXYK;NAME=Left_Slew;GROUP=Chevron;VALUE=0 
 PARM;GEOM_ID=LKSOVVQHTG;ID=IWYUSFSVTVN;NAME=Number;GROUP=Chevron;VALUE=8 
 PARM;GEOM_ID=LKSOVVQHTG;ID=NULMWSQUPZN;NAME=Off_Duty;GROUP=Chevron;VALUE=0 
 PARM;GEOM_ID=LKSOVVQHTG;ID=ZOOYABNMPOJ;NAME=On_Duty;GROUP=Chevron;VALUE=0 
 PARM;GEOM_ID=LKSOVVQHTG;ID=YUIKDTYWOAJ;NAME=Peak_Radius;GROUP=Chevron;VALUE=0 
 PARM;GEOM_ID=LKSOVVQHTG;ID=ZIQUVROUHKR;NAME=RLSym;GROUP=Chevron;VALUE=1 
 PARM;GEOM_ID=LKSOVVQHTG;ID=PARCAMLDXLZ;NAME=RightAmplitude;GROUP=Chevron;VALUE=1 
 PARM;GEOM_ID=LKSOVVQHTG;ID=XRCGBZNNCZB;NAME=Right_Angle;GROUP=Chevron;VALUE=0 
 PARM;GEOM_ID=LKSOVVQHTG;ID=KMJMBFZYPWJ;NAME=Right_Slew;GROUP=Chevron;VALUE=0 
 PARM;GEOM_ID=LKSOVVQHTG;ID=XSSKGSLEXBI;NAME=TBSym;GROUP=Chevron;VALUE=1 
 PARM;GEOM_ID=LKSOVVQHTG;ID=YNTSPTZKCGW;NAME=TopAmplitude;GROUP=Chevron;VALUE=1 
 PARM;GEOM_ID=LKSOVVQHTG;ID=FZVXJUCWUUL;NAME=Top_Angle;GROUP=Chevron;VALUE=0 
 PARM;GEOM_ID=LKSOVVQHTG;ID=RYIDRRTRZLE;NAME=Top_Slew;GROUP=Chevron;VALUE=0 
 PARM;GEOM_ID=LKSOVVQHTG;ID=VEUMYDBUYFD;NAME=Valley_Radius;GROUP=Chevron;VALUE=0 
 PARM;GEOM_ID=LKSOVVQHTG;ID=KLOHUUCKKOG;NAME=W01_Center;GROUP=Chevron;VALUE=0.25 
 PARM;GEOM_ID=LKSOVVQHTG;ID=TNLDPFMETDX;NAME=W01_Center_Guide;GROUP=Chevron;VALUE=5 
 PARM;GEOM_ID=LKSOVVQHTG;ID=BMYSFWVUJXB;NAME=W01_End;GROUP=Chevron;VALUE=0.5 
 PARM;GEOM_ID=LKSOVVQHTG;ID=OAXIBIHTRHJ;NAME=W01_End_Guide;GROUP=Chevron;VALUE=5 
 PARM;GEOM_ID=LKSOVVQHTG;ID=VJKEQDWEMPS;NAME=W01_Mode;GROUP=Chevron;VALUE=0 
 PARM;GEOM_ID=LKSOVVQHTG;ID=XVXOCWFHDHP;NAME=W01_Start;GROUP=Chevron;VALUE=0 
 PARM;GEOM_ID=LKSOVVQHTG;ID=HEPJHHNGFHK;NAME=W01_Start_Guide;GROUP=Chevron;VALUE=5 
 PARM;GEOM_ID=LKSOVVQHTG;ID=UEHQNSLJGHL;NAME=W01_Width;GROUP=Chevron;VALUE=0.5 
 PARM;GEOM_ID=LKSOVVQHTG;ID=NKRZJJQHZBU;NAME=Area;GROUP=XSec;VALUE=220.028 
 PARM;GEOM_ID=LKSOVVQHTG;ID=DMAGDXUUDLD;NAME=Aspect;GROUP=XSec;VALUE=1.26752 
 PARM;GEOM_ID=LKSOVVQHTG;ID=XHJYJLEUZDV;NAME=Avg_Chord;GROUP=XSec;VALUE=13.1753 
 PARM;GEOM_ID=LKSOVVQHTG;ID=JCHCTXTABIB;NAME=Dihedral;GROUP=XSec;VALUE=-5 
 PARM;GEOM_ID=LKSOVVQHTG;ID=HROPNJEZATL;NAME=InCluster;GROUP=XSec;VALUE=1 
 PARM;GEOM_ID=LKSOVVQHTG;ID=ECIRZDNYDLZ;NAME=InLEDihedral;GROUP=XSec;VALUE=9.62128e-15 
 PARM;GEOM_ID=LKSOVVQHTG;ID=REIKPQIKEQE;NAME=InLEMode;GROUP=XSec;VALUE=0 
 PARM;GEOM_ID=LKSOVVQHTG;ID=HWNWBXTCHBA;NAME=InLEStrength;GROUP=XSec;VALUE=1 
 PARM;GEOM_ID=LKSOVVQHTG;ID=IAJOOFTLAYG;NAME=InLESweep;GROUP=XSec;VALUE=43.0351 
 PARM;GEOM_ID=LKSOVVQHTG;ID=EAUAEFGPJKT;NAME=InTEDihedral;GROUP=XSec;VALUE=-7.24797e-15 
 PARM;GEOM_ID=LKSOVVQHTG;ID=FYEPLWEEVRF;NAME=InTEMode;GROUP=XSec;VALUE=0 
 PARM;GEOM_ID=LKSOVVQHTG;ID=AUFVQSXZWRT;NAME=InTEStrength;GROUP=XSec;VALUE=1 
 PARM;GEOM_ID=LKSOVVQHTG;ID=ONIBQEEBRHT;NAME=InTESweep;GROUP=XSec;VALUE=12.6323 
 PARM;GEOM_ID=LKSOVVQHTG;ID=DLWHCRWIWIV;NAME=OutCluster;GROUP=XSec;VALUE=1 
 PARM;GEOM_ID=LKSOVVQHTG;ID=WPMBRUIRHFZ;NAME=OutLEDihedral;GROUP=XSec;VALUE=-9.62128e-15 
 PARM;GEOM_ID=LKSOVVQHTG;ID=XGUJIWWRBWV;NAME=OutLEMode;GROUP=XSec;VALUE=0 
 PARM;GEOM_ID=LKSOVVQHTG;ID=NAAKODVIDLZ;NAME=OutLEStrength;GROUP=XSec;VALUE=1 
 PARM;GEOM_ID=LKSOVVQHTG;ID=BTBKBOTLRXA;NAME=OutLESweep;GROUP=XSec;VALUE=43.0351 
 PARM;GEOM_ID=LKSOVVQHTG;ID=WRHSLTDCUTY;NAME=OutTEDihedral;GROUP=XSec;VALUE=7.24797e-15 
 PARM;GEOM_ID=LKSOVVQHTG;ID=SDVUCMAXGYP;NAME=OutTEMode;GROUP=XSec;VALUE=0 
 PARM;GEOM_ID=LKSOVVQHTG;ID=QPAIUBCPCWH;NAME=OutTEStrength;GROUP=XSec;VALUE=1 
 PARM;GEOM_ID=LKSOVVQHTG;ID=UQTWVYESIVE;NAME=OutTESweep;GROUP=XSec;VALUE=12.6323 
 PARM;GEOM_ID=LKSOVVQHTG;ID=OVBONGJNSMM;NAME=ProjectedSpan;GROUP=XSec;VALUE=16.6365 
 PARM;GEOM_ID=LKSOVVQHTG;ID=LQXFHFPTWFS;NAME=Root_Chord;GROUP=XSec;VALUE=19.1 
 PARM;GEOM_ID=LKSOVVQHTG;ID=OULUVVYKWRA;NAME=RotateMatchDideralFlag;GROUP=XSec;VALUE=0 
 PARM;GEOM_ID=LKSOVVQHTG;ID=HIBQTKSIDFM;NAME=Sec_Sweep;GROUP=XSec;VALUE=12.6323 
 PARM;GEOM_ID=LKSOVVQHTG;ID=SHORZGMNHLO;NAME=Sec_Sweep_Location;GROUP=XSec;VALUE=1 
 PARM;GEOM_ID=LKSOVVQHTG;ID=ADCNCIOUBRW;NAME=SectTess_U;GROUP=XSec;VALUE=6 
 PARM;GEOM_ID=LKSOVVQHTG;ID=FDYOADJTXML;NAME=Span;GROUP=XSec;VALUE=16.7 
 PARM;GEOM_ID=LKSOVVQHTG;ID=CZJKDSCMYYI;NAME=Sweep;GROUP=XSec;VALUE=41.0333 
 PARM;GEOM_ID=LKSOVVQHTG;ID=SEGXPLRXYHE;NAME=Sweep_Location;GROUP=XSec;VALUE=0.0892857 
 PARM;GEOM_ID=LKSOVVQHTG;ID=TJDEVNSFDTY;NAME=Taper;GROUP=XSec;VALUE=0.379616 
 PARM;GEOM_ID=LKSOVVQHTG;ID=AVGGHAUBNZE;NAME=Tip_Chord;GROUP=XSec;VALUE=7.25066 
 PARM;GEOM_ID=LKSOVVQHTG;ID=LQBKDEGERYX;NAME=Twist;GROUP=XSec;VALUE=0 
 PARM;GEOM_ID=LKSOVVQHTG;ID=PWEXGGNEVJH;NAME=TwistInXZPlaneFlag;GROUP=XSec;VALUE=0 
 PARM;GEOM_ID=LKSOVVQHTG;ID=YTGBVCRNEVE;NAME=Twist_Location;GROUP=XSec;VALUE=0 
 PARM;GEOM_ID=LKSOVVQHTG;ID=DXGNVKBSXOS;NAME=Area;GROUP=XSecCurve;VALUE=1.46324 
 PARM;GEOM_ID=LKSOVVQHTG;ID=FKJWBHFTKXR;NAME=Camber;GROUP=XSecCurve;VALUE=0 
 PARM;GEOM_ID=LKSOVVQHTG;ID=IEVZJPRXFKI;NAME=CamberInputFlag;GROUP=XSecCurve;VALUE=0 
 PARM;GEOM_ID=LKSOVVQHTG;ID=CTQVSCFCVRM;NAME=CamberLoc;GROUP=XSecCurve;VALUE=0.2 
 PARM;GEOM_ID=LKSOVVQHTG;ID=OLIZMDPIKDV;NAME=Chord;GROUP=XSecCurve;VALUE=7.25066 
 PARM;GEOM_ID=LKSOVVQHTG;ID=NUTSKRYRNCW;NAME=DeltaX;GROUP=XSecCurve;VALUE=0 
 PARM;GEOM_ID=LKSOVVQHTG;ID=XJGTULFRROR;NAME=DeltaY;GROUP=XSecCurve;VALUE=0 
 PARM;GEOM_ID=LKSOVVQHTG;ID=GJJTZGNNJGE;NAME=FitDegree;GROUP=XSecCurve;VALUE=7 
 PARM;GEOM_ID=LKSOVVQHTG;ID=SCXURQCCGAF;NAME=HWRatio;GROUP=XSecCurve;VALUE=0.041 
 PARM;GEOM_ID=LKSOVVQHTG;ID=AZNEVDHAFSG;NAME=IdealCl;GROUP=XSecCurve;VALUE=0 
 PARM;GEOM_ID=LKSOVVQHTG;ID=MLRHMBBBSPF;NAME=Invert;GROUP=XSecCurve;VALUE=0 
 PARM;GEOM_ID=LKSOVVQHTG;ID=UTJEPMHELPS;NAME=Scale;GROUP=XSecCurve;VALUE=1 
 PARM;GEOM_ID=LKSOVVQHTG;ID=RWGBBIPIJTM;NAME=SharpTEFlag;GROUP=XSecCurve;VALUE=1 
 PARM;GEOM_ID=LKSOVVQHTG;ID=QZPZKMHAMBT;NAME=ShiftLE;GROUP=XSecCurve;VALUE=0 
 PARM;GEOM_ID=LKSOVVQHTG;ID=ZBYEAFAKZQO;NAME=Theta;GROUP=XSecCurve;VALUE=0 
 PARM;GEOM_ID=LKSOVVQHTG;ID=KWOVTRESIJR;NAME=ThickChord;GROUP=XSecCurve;VALUE=0.041 
 PARM;GEOM_ID=LKSOVVQHTG;ID=YRADVSOEECL;NAME=LE_Cap_Length;GROUP=Cap;VALUE=1 
 PARM;GEOM_ID=LKSOVVQHTG;ID=RMKHMMLLWFI;NAME=LE_Cap_Offset;GROUP=Cap;VALUE=0 
 PARM;GEOM_ID=LKSOVVQHTG;ID=VWPEYPDULGK;NAME=LE_Cap_Strength;GROUP=Cap;VALUE=0.5 
 PARM;GEOM_ID=LKSOVVQHTG;ID=NOQOJHASXNS;NAME=LE_Cap_Type;GROUP=Cap;VALUE=1 
 PARM;GEOM_ID=LKSOVVQHTG;ID=LHNOZUZJXTX;NAME=TE_Cap_Length;GROUP=Cap;VALUE=1 
 PARM;GEOM_ID=LKSOVVQHTG;ID=IONLWBIJUFM;NAME=TE_Cap_Offset;GROUP=Cap;VALUE=0 
 PARM;GEOM_ID=LKSOVVQHTG;ID=HQBGIFJRQQH;NAME=TE_Cap_Strength;GROUP=Cap;VALUE=0.5 
 PARM;GEOM_ID=LKSOVVQHTG;ID=YHDKXLKNHOH;NAME=TE_Cap_Type;GROUP=Cap;VALUE=1 
 PARM;GEOM_ID=LKSOVVQHTG;ID=RKYOHBLCHBX;NAME=LE_Close_AbsRel;GROUP=Close;VALUE=0 
 PARM;GEOM_ID=LKSOVVQHTG;ID=DVJNGTQKTCH;NAME=LE_Close_Thick;GROUP=Close;VALUE=0 
 PARM;GEOM_ID=LKSOVVQHTG;ID=RDTSOOFRZGV;NAME=LE_Close_Thick_Chord;GROUP=Close;VALUE=0 
 PARM;GEOM_ID=LKSOVVQHTG;ID=QWSCBLRRRGF;NAME=LE_Close_Type;GROUP=Close;VALUE=0 
 PARM;GEOM_ID=LKSOVVQHTG;ID=RDWCNGGTHKQ;NAME=TE_Close_AbsRel;GROUP=Close;VALUE=0 
 PARM;GEOM_ID=LKSOVVQHTG;ID=USYVNMGAGTD;NAME=TE_Close_Thick;GROUP=Close;VALUE=0 
 PARM;GEOM_ID=LKSOVVQHTG;ID=IRLQZZNWIQU;NAME=TE_Close_Thick_Chord;GROUP=Close;VALUE=0 
 PARM;GEOM_ID=LKSOVVQHTG;ID=AVUXRRQNTCK;NAME=TE_Close_Type;GROUP=Close;VALUE=0 
 PARM;GEOM_ID=LKSOVVQHTG;ID=FWZHNXKEZVW;NAME=LE_Trim_AbsRel;GROUP=Trim;VALUE=0 
 PARM;GEOM_ID=LKSOVVQHTG;ID=BTVNWNZCKYR;NAME=LE_Trim_Thick;GROUP=Trim;VALUE=0 
 PARM;GEOM_ID=LKSOVVQHTG;ID=RHQLRBJXSYM;NAME=LE_Trim_Thick_Chord;GROUP=Trim;VALUE=0 
 PARM;GEOM_ID=LKSOVVQHTG;ID=QAOGIRKWXHQ;NAME=LE_Trim_Type;GROUP=Trim;VALUE=0 
 PARM;GEOM_ID=LKSOVVQHTG;ID=CDINUIZTZMF;NAME=LE_Trim_X;GROUP=Trim;VALUE=0 
 PARM;GEOM_ID=LKSOVVQHTG;ID=GCEIZUIGTYB;NAME=LE_Trim_X_Chord;GROUP=Trim;VALUE=0 
 PARM;GEOM_ID=LKSOVVQHTG;ID=CJFILDRZUAD;NAME=TE_Trim_AbsRel;GROUP=Trim;VALUE=0 
 PARM;GEOM_ID=LKSOVVQHTG;ID=JRVBLDHIENS;NAME=TE_Trim_Thick;GROUP=Trim;VALUE=0 
 PARM;GEOM_ID=LKSOVVQHTG;ID=NZJETYDFDWF;NAME=TE_Trim_Thick_Chord;GROUP=Trim;VALUE=0 
 PARM;GEOM_ID=LKSOVVQHTG;ID=VAZWVNTXZND;NAME=TE_Trim_Type;GROUP=Trim;VALUE=0 
 PARM;GEOM_ID=LKSOVVQHTG;ID=XURWXIQQCPB;NAME=TE_Trim_X;GROUP=Trim;VALUE=0 
 PARM;GEOM_ID=LKSOVVQHTG;ID=VKUTBIONGUF;NAME=TE_Trim_X_Chord;GROUP=Trim;VALUE=0 
 PARM;GEOM_ID=LKSOVVQHTG;ID=JOPWLJZCSQW;NAME=TE_Flap_DT;GROUP=Flap;VALUE=0 
 PARM;GEOM_ID=LKSOVVQHTG;ID=XXRVLLHECWN;NAME=TE_Flap_Deflection;GROUP=Flap;VALUE=0 
 PARM;GEOM_ID=LKSOVVQHTG;ID=FFWMCNXGWWG;NAME=TE_Flap_Flag;GROUP=Flap;VALUE=0 
 PARM;GEOM_ID=LKSOVVQHTG;ID=PDGXPRUDLZZ;NAME=TE_Flap_T;GROUP=Flap;VALUE=0.2 
 PARM;GEOM_ID=LKSOVVQHTG;ID=DEXPBIFIKQO;NAME=TE_Flap_Type;GROUP=Flap;VALUE=0 
 PARM;GEOM_ID=LKSOVVQHTG;ID=EWUEIQDFIVC;NAME=TE_Flap_X;GROUP=Flap;VALUE=0 
 PARM;GEOM_ID=LKSOVVQHTG;ID=RNTUKEKHJXG;NAME=TE_Flap_X_Chord;GROUP=Flap;VALUE=0.2 
 PARM;GEOM_ID=LKSOVVQHTG;ID=EBBXRXLFOLG;NAME=TE_Flap_Y_Frc;GROUP=Flap;VALUE=0.5 
 PARM;GEOM_ID=LKSOVVQHTG;ID=AGVXDPBHVZZ;NAME=TE_Trim_AbsRel;GROUP=Flap;VALUE=1 
 PARM;GEOM_ID=LKSOVVQHTG;ID=NGVDWHUXOYR;NAME=XSecFlipImageFlag;GROUP=XSecCurve_Background;VALUE=0 
 PARM;GEOM_ID=LKSOVVQHTG;ID=TINFLIMIUMH;NAME=XSecImageFlag;GROUP=XSecCurve_Background;VALUE=0 
 PARM;GEOM_ID=LKSOVVQHTG;ID=RHQDZZYUXPJ;NAME=XSecImageH;GROUP=XSecCurve_Background;VALUE=1 
 PARM;GEOM_ID=LKSOVVQHTG;ID=WSZGWZPWCLN;NAME=XSecImagePreserveAR;GROUP=XSecCurve_Background;VALUE=1 
 PARM;GEOM_ID=LKSOVVQHTG;ID=WDACIHIGZST;NAME=XSecImageW;GROUP=XSecCurve_Background;VALUE=1 
 PARM;GEOM_ID=LKSOVVQHTG;ID=ATYMGYDZGHB;NAME=XSecImageXOffset;GROUP=XSecCurve_Background;VALUE=0 
 PARM;GEOM_ID=LKSOVVQHTG;ID=CUAOJCYBKVO;NAME=XSecImageYOffset;GROUP=XSecCurve_Background;VALUE=0 
 PARM;GEOM_ID=LKSOVVQHTG;ID=KXWWFGJLNCH;NAME=XSecLockImageFlag;GROUP=XSecCurve_Background;VALUE=0 
 PARM;GEOM_ID=LKSOVVQHTG;ID=XAQMUKUATUR;NAME=AllSym;GROUP=Chevron;VALUE=1 
 PARM;GEOM_ID=LKSOVVQHTG;ID=JUMFAUMBCGA;NAME=BottomAmplitude;GROUP=Chevron;VALUE=1 
 PARM;GEOM_ID=LKSOVVQHTG;ID=KEBNVLAKUSY;NAME=Bottom_Angle;GROUP=Chevron;VALUE=0 
 PARM;GEOM_ID=LKSOVVQHTG;ID=FSQQZDQKQJL;NAME=Bottom_Slew;GROUP=Chevron;VALUE=0 
 PARM;GEOM_ID=LKSOVVQHTG;ID=HIMTLMJCSMO;NAME=Chevron_Type;GROUP=Chevron;VALUE=0 
 PARM;GEOM_ID=LKSOVVQHTG;ID=YIOYZMHSIOU;NAME=LeftAmplitude;GROUP=Chevron;VALUE=1 
 PARM;GEOM_ID=LKSOVVQHTG;ID=UOVMNPGBJRY;NAME=Left_Angle;GROUP=Chevron;VALUE=0 
 PARM;GEOM_ID=LKSOVVQHTG;ID=WANXDGIOBNC;NAME=Left_Slew;GROUP=Chevron;VALUE=0 
 PARM;GEOM_ID=LKSOVVQHTG;ID=DXJYVMXLDHQ;NAME=Number;GROUP=Chevron;VALUE=8 
 PARM;GEOM_ID=LKSOVVQHTG;ID=DNREAWFHOLO;NAME=Off_Duty;GROUP=Chevron;VALUE=0 
 PARM;GEOM_ID=LKSOVVQHTG;ID=RIEOJSSFTMK;NAME=On_Duty;GROUP=Chevron;VALUE=0 
 PARM;GEOM_ID=LKSOVVQHTG;ID=XZZNTWQLQYW;NAME=Peak_Radius;GROUP=Chevron;VALUE=0 
 PARM;GEOM_ID=LKSOVVQHTG;ID=WNHJUCMVMUJ;NAME=RLSym;GROUP=Chevron;VALUE=1 
 PARM;GEOM_ID=LKSOVVQHTG;ID=OALXXUULUJR;NAME=RightAmplitude;GROUP=Chevron;VALUE=1 
 PARM;GEOM_ID=LKSOVVQHTG;ID=SOMPDTOWGPZ;NAME=Right_Angle;GROUP=Chevron;VALUE=0 
 PARM;GEOM_ID=LKSOVVQHTG;ID=DRBQCMZHMUR;NAME=Right_Slew;GROUP=Chevron;VALUE=0 
 PARM;GEOM_ID=LKSOVVQHTG;ID=XTPOQJQTORA;NAME=TBSym;GROUP=Chevron;VALUE=1 
 PARM;GEOM_ID=LKSOVVQHTG;ID=JDSTEKSILPY;NAME=TopAmplitude;GROUP=Chevron;VALUE=1 
 PARM;GEOM_ID=LKSOVVQHTG;ID=BIRHNXURNKJ;NAME=Top_Angle;GROUP=Chevron;VALUE=0 
 PARM;GEOM_ID=LKSOVVQHTG;ID=GQVOCCZLIYE;NAME=Top_Slew;GROUP=Chevron;VALUE=0 
 PARM;GEOM_ID=LKSOVVQHTG;ID=FTYTGCZDOOJ;NAME=Valley_Radius;GROUP=Chevron;VALUE=0 
 PARM;GEOM_ID=LKSOVVQHTG;ID=WOXCBOBFNTC;NAME=W01_Center;GROUP=Chevron;VALUE=0.25 
 PARM;GEOM_ID=LKSOVVQHTG;ID=SIXSYOFLEIZ;NAME=W01_Center_Guide;GROUP=Chevron;VALUE=5 
 PARM;GEOM_ID=LKSOVVQHTG;ID=JFLLIXQZKPA;NAME=W01_End;GROUP=Chevron;VALUE=0.5 
 PARM;GEOM_ID=LKSOVVQHTG;ID=ORCHEGNDGQS;NAME=W01_End_Guide;GROUP=Chevron;VALUE=5 
 PARM;GEOM_ID=LKSOVVQHTG;ID=GBUNDDLJBOO;NAME=W01_Mode;GROUP=Chevron;VALUE=0 
 PARM;GEOM_ID=LKSOVVQHTG;ID=PZRNDCLNPAY;NAME=W01_Start;GROUP=Chevron;VALUE=0 
 PARM;GEOM_ID=LKSOVVQHTG;ID=VMYXVNYVBGG;NAME=W01_Start_Guide;GROUP=Chevron;VALUE=5 
 PARM;GEOM_ID=LKSOVVQHTG;ID=MOTWLWVDLYX;NAME=W01_Width;GROUP=Chevron;VALUE=0.5 
 WING_TERMINAL;GEOM_ID=LKSOVVQHTG;XSEC_COUNT=2;TIP_ID=AVGGHAUBNZE;TIP=7.25066;ROOT_ID=LQXFHFPTWFS;ROOT=19.1;SPAN_ID=FDYOADJTXML;SPAN=16.7 
 GEOM;ID=WEYCYBICLQ;NAME=GO;TYPE=Wing;BMIN_X=57.0492;BMIN_Y=4.5082;BMIN_Z=-0.222643;BMAX_X=71.149;BMAX_Y=13.7372;BMAX_Z=0.222643;SET_1=false;SET_2=true 
 PARM;GEOM_ID=WEYCYBICLQ;ID=CTHIRIFVISF;NAME=Abs_Or_Relitive_flag;GROUP=XForm;VALUE=1 
 PARM;GEOM_ID=WEYCYBICLQ;ID=NETRNHLGEGQ;NAME=Last_Scale;GROUP=XForm;VALUE=1 
 PARM;GEOM_ID=WEYCYBICLQ;ID=FWGJRVKPMJW;NAME=Origin;GROUP=XForm;VALUE=0 
 PARM;GEOM_ID=WEYCYBICLQ;ID=SAUOPFDCYFG;NAME=Scale;GROUP=XForm;VALUE=1 
 PARM;GEOM_ID=WEYCYBICLQ;ID=MONFBXBNBPI;NAME=X_Location;GROUP=XForm;VALUE=57.0492 
 PARM;GEOM_ID=WEYCYBICLQ;ID=RMCQRUJBRSU;NAME=X_Rel_Location;GROUP=XForm;VALUE=57.0492 
 PARM;GEOM_ID=WEYCYBICLQ;ID=MQMUGAFEWVB;NAME=X_Rel_Rotation;GROUP=XForm;VALUE=0 
 PARM;GEOM_ID=WEYCYBICLQ;ID=BXBOEUXWBKB;NAME=X_Rotation;GROUP=XForm;VALUE=0 
 PARM;GEOM_ID=WEYCYBICLQ;ID=BPBRMZFWZRJ;NAME=Y_Location;GROUP=XForm;VALUE=4.5082 
 PARM;GEOM_ID=WEYCYBICLQ;ID=UDMBLFSSWUK;NAME=Y_Rel_Location;GROUP=XForm;VALUE=4.5082 
 PARM;GEOM_ID=WEYCYBICLQ;ID=YDSNUNCMMUE;NAME=Y_Rel_Rotation;GROUP=XForm;VALUE=0 
 PARM;GEOM_ID=WEYCYBICLQ;ID=BBPDKMOTUPT;NAME=Y_Rotation;GROUP=XForm;VALUE=0 
 PARM;GEOM_ID=WEYCYBICLQ;ID=FHOQIOTVMHM;NAME=Z_Location;GROUP=XForm;VALUE=0 
 PARM;GEOM_ID=WEYCYBICLQ;ID=JAYURJJSQFB;NAME=Z_Rel_Location;GROUP=XForm;VALUE=0 
 PARM;GEOM_ID=WEYCYBICLQ;ID=QZMSBLIARNP;NAME=Z_Rel_Rotation;GROUP=XForm;VALUE=0 
 PARM;GEOM_ID=WEYCYBICLQ;ID=KSPCRQBHUYZ;NAME=Z_Rotation;GROUP=XForm;VALUE=0 
 PARM;GEOM_ID=WEYCYBICLQ;ID=QFQPDBZGLVL;NAME=Sym_Ancestor;GROUP=Sym;VALUE=1 
 PARM;GEOM_ID=WEYCYBICLQ;ID=TXOKIPERHLF;NAME=Sym_Ancestor_Origin_Flag;GROUP=Sym;VALUE=1 
 PARM;GEOM_ID=WEYCYBICLQ;ID=XFBGVCXOCAZ;NAME=Sym_Axial_Flag;GROUP=Sym;VALUE=0 
 PARM;GEOM_ID=WEYCYBICLQ;ID=LOCIJWDSDCH;NAME=Sym_Planar_Flag;GROUP=Sym;VALUE=2 
 PARM;GEOM_ID=WEYCYBICLQ;ID=QEAHDCNSNCR;NAME=Sym_Rot_N;GROUP=Sym;VALUE=2 
 PARM;GEOM_ID=WEYCYBICLQ;ID=MBKYYJPUKFK;NAME=Eta_Attach_Location;GROUP=Attach;VALUE=0 
 PARM;GEOM_ID=WEYCYBICLQ;ID=BTHNNBVOQBA;NAME=L_01;GROUP=Attach;VALUE=1 
 PARM;GEOM_ID=WEYCYBICLQ;ID=HFNZPZKFWGZ;NAME=L_Attach_Location;GROUP=Attach;VALUE=0 
 PARM;GEOM_ID=WEYCYBICLQ;ID=NRPKWENRKFW;NAME=L_Attach_Location0Len;GROUP=Attach;VALUE=0 
 PARM;GEOM_ID=WEYCYBICLQ;ID=XSHVFTPRAAG;NAME=M_Attach_Location;GROUP=Attach;VALUE=0.5 
 PARM;GEOM_ID=WEYCYBICLQ;ID=GYBIIULTLRG;NAME=N_Attach_Location;GROUP=Attach;VALUE=0.5 
 PARM;GEOM_ID=WEYCYBICLQ;ID=BAMFEWIPIOJ;NAME=R_01;GROUP=Attach;VALUE=1 
 PARM;GEOM_ID=WEYCYBICLQ;ID=RWIARPHOCHA;NAME=R_Attach_Location;GROUP=Attach;VALUE=0 
 PARM;GEOM_ID=WEYCYBICLQ;ID=TWWCCTROSTA;NAME=R_Attach_Location0N;GROUP=Attach;VALUE=0 
 PARM;GEOM_ID=WEYCYBICLQ;ID=TSTQHRSFMTS;NAME=Rots_Attach_Flag;GROUP=Attach;VALUE=0 
 PARM;GEOM_ID=WEYCYBICLQ;ID=VLPQOAOEWDC;NAME=S_Attach_Location;GROUP=Attach;VALUE=0.5 
 PARM;GEOM_ID=WEYCYBICLQ;ID=UJNZSKQNORY;NAME=T_Attach_Location;GROUP=Attach;VALUE=0.5 
 PARM;GEOM_ID=WEYCYBICLQ;ID=KRCAFYPMOGN;NAME=Trans_Attach_Flag;GROUP=Attach;VALUE=0 
 PARM;GEOM_ID=WEYCYBICLQ;ID=GCKVJEURYPT;NAME=U_01;GROUP=Attach;VALUE=1 
 PARM;GEOM_ID=WEYCYBICLQ;ID=TACWEKCEZPW;NAME=U_Attach_Location;GROUP=Attach;VALUE=0 
 PARM;GEOM_ID=WEYCYBICLQ;ID=UWCUCRJSIXR;NAME=U_Attach_Location0N;GROUP=Attach;VALUE=0 
 PARM;GEOM_ID=WEYCYBICLQ;ID=UYKINFNCUPW;NAME=V_Attach_Location;GROUP=Attach;VALUE=0 
 PARM;GEOM_ID=WEYCYBICLQ;ID=DIPNOJEKNIE;NAME=Tess_U;GROUP=Shape;VALUE=12 
 PARM;GEOM_ID=WEYCYBICLQ;ID=CDXEBSJTQRX;NAME=Tess_W;GROUP=Shape;VALUE=33 
 PARM;GEOM_ID=WEYCYBICLQ;ID=BVNKOWMNVUT;NAME=Wake;GROUP=Shape;VALUE=0 
 PARM;GEOM_ID=WEYCYBICLQ;ID=XZWBFPWLVTA;NAME=Negative_Volume_Flag;GROUP=Negative_Volume_Props;VALUE=0 
 PARM;GEOM_ID=WEYCYBICLQ;ID=CPSKXERYOCR;NAME=WakeAngle;GROUP=WakeSettings;VALUE=0 
 PARM;GEOM_ID=WEYCYBICLQ;ID=SKTTTUHOXHT;NAME=WakeScale;GROUP=WakeSettings;VALUE=2 
 PARM;GEOM_ID=WEYCYBICLQ;ID=BNJSVCFIUAK;NAME=CGx;GROUP=Mass_Props;VALUE=0 
 PARM;GEOM_ID=WEYCYBICLQ;ID=ZTWCTULJQZQ;NAME=CGy;GROUP=Mass_Props;VALUE=0 
 PARM;GEOM_ID=WEYCYBICLQ;ID=LKUFTSMKKES;NAME=CGz;GROUP=Mass_Props;VALUE=0 
 PARM;GEOM_ID=WEYCYBICLQ;ID=SUSFZQOIFVS;NAME=Density;GROUP=Mass_Props;VALUE=1 
 PARM;GEOM_ID=WEYCYBICLQ;ID=NCECYAGAMNJ;NAME=Ixx;GROUP=Mass_Props;VALUE=0 
 PARM;GEOM_ID=WEYCYBICLQ;ID=SMZOPAGOWPQ;NAME=Ixy;GROUP=Mass_Props;VALUE=0 
 PARM;GEOM_ID=WEYCYBICLQ;ID=QREIJAMWKEX;NAME=Ixz;GROUP=Mass_Props;VALUE=0 
 PARM;GEOM_ID=WEYCYBICLQ;ID=HAVGONGZFCQ;NAME=Iyy;GROUP=Mass_Props;VALUE=0 
 PARM;GEOM_ID=WEYCYBICLQ;ID=WIDHDHEFKFF;NAME=Iyz;GROUP=Mass_Props;VALUE=0 
 PARM;GEOM_ID=WEYCYBICLQ;ID=DDDBXGVRIQS;NAME=Izz;GROUP=Mass_Props;VALUE=0 
 PARM;GEOM_ID=WEYCYBICLQ;ID=AYMHCJTQKDE;NAME=Mass_Area;GROUP=Mass_Props;VALUE=1 
 PARM;GEOM_ID=WEYCYBICLQ;ID=QIYFLFAODGW;NAME=Mass_Prior;GROUP=Mass_Props;VALUE=0 
 PARM;GEOM_ID=WEYCYBICLQ;ID=RYHHOVTSXHM;NAME=PointMass;GROUP=Mass_Props;VALUE=0 
 PARM;GEOM_ID=WEYCYBICLQ;ID=AIZHBWKPSJT;NAME=Shell_Flag;GROUP=Mass_Props;VALUE=0 
 PARM;GEOM_ID=WEYCYBICLQ;ID=QNQQWISEPCL;NAME=CorrectAirfoilthicknessFlag;GROUP=WingGeom;VALUE=1 
 PARM;GEOM_ID=WEYCYBICLQ;ID=OGMBHKUTBFB;NAME=CurvedArea;GROUP=WingGeom;VALUE=109.899 
 PARM;GEOM_ID=WEYCYBICLQ;ID=BSRAECCSGYE;NAME=LECluster;GROUP=WingGeom;VALUE=0.25 
 PARM;GEOM_ID=WEYCYBICLQ;ID=BHEMPFGKPPH;NAME=MAC;GROUP=WingGeom;VALUE=6.43758 
 PARM;GEOM_ID=WEYCYBICLQ;ID=ULXKMKJUNFY;NAME=MaxGrowth;GROUP=WingGeom;VALUE=1.43701 
 PARM;GEOM_ID=WEYCYBICLQ;ID=DAEKGNCTFQJ;NAME=RelativeDihedralFlag;GROUP=WingGeom;VALUE=0 
 PARM;GEOM_ID=WEYCYBICLQ;ID=DJHPJVUSLKG;NAME=RelativeTwistFlag;GROUP=WingGeom;VALUE=0 
 PARM;GEOM_ID=WEYCYBICLQ;ID=ZFGODHICXLF;NAME=RotateAirfoilMatchDideralFlag;GROUP=WingGeom;VALUE=1 
 PARM;GEOM_ID=WEYCYBICLQ;ID=TNAFHAYNDDH;NAME=SmallPanelW;GROUP=WingGeom;VALUE=0.0506312 
 PARM;GEOM_ID=WEYCYBICLQ;ID=UQFGXSSMIVG;NAME=TECluster;GROUP=WingGeom;VALUE=0.25 
 PARM;GEOM_ID=WEYCYBICLQ;ID=VDZCMZHTWKI;NAME=TotalAR;GROUP=WingGeom;VALUE=3.1001 
 PARM;GEOM_ID=WEYCYBICLQ;ID=ABBTIFFJZJE;NAME=TotalArea;GROUP=WingGeom;VALUE=109.899 
 PARM;GEOM_ID=WEYCYBICLQ;ID=EAQSNTZBKWQ;NAME=TotalChord;GROUP=WingGeom;VALUE=5.954 
 PARM;GEOM_ID=WEYCYBICLQ;ID=VUKONSPVRDA;NAME=TotalProjectedSpan;GROUP=WingGeom;VALUE=18.458 
 PARM;GEOM_ID=WEYCYBICLQ;ID=ZMCUQUUIRXR;NAME=TotalSpan;GROUP=WingGeom;VALUE=18.458 
 PARM;GEOM_ID=WEYCYBICLQ;ID=UVGUSRWBUQB;NAME=TwistAllInXZPlaneFlag;GROUP=WingGeom;VALUE=0 
 PARM;GEOM_ID=WEYCYBICLQ;ID=GZWQKEBWJSK;NAME=X_Len;GROUP=BBox;VALUE=14.0999 
 PARM;GEOM_ID=WEYCYBICLQ;ID=XMUHHOYCKQA;NAME=X_Min;GROUP=BBox;VALUE=57.0492 
 PARM;GEOM_ID=WEYCYBICLQ;ID=KHYNOACRVGZ;NAME=Y_Len;GROUP=BBox;VALUE=27.4744 
 PARM;GEOM_ID=WEYCYBICLQ;ID=BAHMQBJRINB;NAME=Y_Min;GROUP=BBox;VALUE=-13.7372 
 PARM;GEOM_ID=WEYCYBICLQ;ID=ZXUABALGIGR;NAME=Z_Len;GROUP=BBox;VALUE=0.445286 
 PARM;GEOM_ID=WEYCYBICLQ;ID=CVSFSHOVGUW;NAME=Z_Min;GROUP=BBox;VALUE=-0.222643 
 PARM;GEOM_ID=WEYCYBICLQ;ID=FVDCVQGQARE;NAME=CapUMaxLength;GROUP=EndCap;VALUE=1 
 PARM;GEOM_ID=WEYCYBICLQ;ID=DONAMBJSBFS;NAME=CapUMaxOffset;GROUP=EndCap;VALUE=0 
 PARM;GEOM_ID=WEYCYBICLQ;ID=GGSPWZEOVUF;NAME=CapUMaxOption;GROUP=EndCap;VALUE=1 
 PARM;GEOM_ID=WEYCYBICLQ;ID=SDWOJAOYWST;NAME=CapUMaxStrength;GROUP=EndCap;VALUE=0.5 
 PARM;GEOM_ID=WEYCYBICLQ;ID=VRVLRHCMDPQ;NAME=CapUMaxSweepFlag;GROUP=EndCap;VALUE=0 
 PARM;GEOM_ID=WEYCYBICLQ;ID=PYBXCHUCMMH;NAME=CapUMinLength;GROUP=EndCap;VALUE=1 
 PARM;GEOM_ID=WEYCYBICLQ;ID=UCALMIWUNSS;NAME=CapUMinOffset;GROUP=EndCap;VALUE=0 
 PARM;GEOM_ID=WEYCYBICLQ;ID=QQNHNQYNAFN;NAME=CapUMinOption;GROUP=EndCap;VALUE=1 
 PARM;GEOM_ID=WEYCYBICLQ;ID=ICHFCIUERXH;NAME=CapUMinStrength;GROUP=EndCap;VALUE=0.5 
 PARM;GEOM_ID=WEYCYBICLQ;ID=PSMHQOCSQGU;NAME=CapUMinSweepFlag;GROUP=EndCap;VALUE=0 
 PARM;GEOM_ID=WEYCYBICLQ;ID=SOMTFHQSIRJ;NAME=CapUMinTess;GROUP=EndCap;VALUE=3 
 PARM;GEOM_ID=WEYCYBICLQ;ID=MVQVVISPDSP;NAME=ExpandedList;GROUP=ParasiteDragProps;VALUE=0 
 PARM;GEOM_ID=WEYCYBICLQ;ID=AJXSYZIMFPH;NAME=FFBodyEqnType;GROUP=ParasiteDragProps;VALUE=3 
 PARM;GEOM_ID=WEYCYBICLQ;ID=CGWSIQOBSIA;NAME=FFUser;GROUP=ParasiteDragProps;VALUE=1 
 PARM;GEOM_ID=WEYCYBICLQ;ID=WVFKXDNPPBH;NAME=FFWingEqnType;GROUP=ParasiteDragProps;VALUE=3 
 PARM;GEOM_ID=WEYCYBICLQ;ID=BZXDIPYNVJS;NAME=IncorporatedGen;GROUP=ParasiteDragProps;VALUE=0 
 PARM;GEOM_ID=WEYCYBICLQ;ID=GCWQJILNXCP;NAME=PercLam;GROUP=ParasiteDragProps;VALUE=0 
 PARM;GEOM_ID=WEYCYBICLQ;ID=LWDJVCEILAJ;NAME=Q;GROUP=ParasiteDragProps;VALUE=1 
 PARM;GEOM_ID=WEYCYBICLQ;ID=DVOSHAMDUDN;NAME=Roughness;GROUP=ParasiteDragProps;VALUE=0 
 PARM;GEOM_ID=WEYCYBICLQ;ID=DVWPLOFVXKF;NAME=TawTwRatio;GROUP=ParasiteDragProps;VALUE=1 
 PARM;GEOM_ID=WEYCYBICLQ;ID=RAFAIQUVXYL;NAME=TeTwRatio;GROUP=ParasiteDragProps;VALUE=1 
 PARM;GEOM_ID=WEYCYBICLQ;ID=RMBCCJSFEYS;NAME=ActiveAirfoil;GROUP=Index;VALUE=1 
 PARM;GEOM_ID=WEYCYBICLQ;ID=QYYQMXKQCZU;NAME=ActiveXSec;GROUP=Index;VALUE=1 
 PARM;GEOM_ID=WEYCYBICLQ;ID=EPFTIKKWHIN;NAME=Area;GROUP=XSec;VALUE=4.9465 
 PARM;GEOM_ID=WEYCYBICLQ;ID=TZTBCLDVXUR;NAME=Aspect;GROUP=XSec;VALUE=0.202163 
 PARM;GEOM_ID=WEYCYBICLQ;ID=TJGZUIWOHKR;NAME=Avg_Chord;GROUP=XSec;VALUE=4.9465 
 PARM;GEOM_ID=WEYCYBICLQ;ID=UIWIWIYFLHZ;NAME=Dihedral;GROUP=XSec;VALUE=0 
 PARM;GEOM_ID=WEYCYBICLQ;ID=HBCVYNQOMJQ;NAME=InCluster;GROUP=XSec;VALUE=1 
 PARM;GEOM_ID=WEYCYBICLQ;ID=GFMPPQSIPKB;NAME=InLEDihedral;GROUP=XSec;VALUE=1.09663e-14 
 PARM;GEOM_ID=WEYCYBICLQ;ID=NMAKXKCEVHU;NAME=InLEMode;GROUP=XSec;VALUE=0 
 PARM;GEOM_ID=WEYCYBICLQ;ID=WAVXKCSYZXM;NAME=InLEStrength;GROUP=XSec;VALUE=1 
 PARM;GEOM_ID=WEYCYBICLQ;ID=EKDOUPMNUTW;NAME=InLESweep;GROUP=XSec;VALUE=50.22 
 PARM;GEOM_ID=WEYCYBICLQ;ID=SDCECMFZMGQ;NAME=InTEDihedral;GROUP=XSec;VALUE=-8.0564e-15 
 PARM;GEOM_ID=WEYCYBICLQ;ID=UDWYTQLVRVE;NAME=InTEMode;GROUP=XSec;VALUE=0 
 PARM;GEOM_ID=WEYCYBICLQ;ID=GDRNQALIECU;NAME=InTEStrength;GROUP=XSec;VALUE=1 
 PARM;GEOM_ID=WEYCYBICLQ;ID=KDBITBXGRHO;NAME=InTESweep;GROUP=XSec;VALUE=29.431 
 PARM;GEOM_ID=WEYCYBICLQ;ID=KZGTTNRYLLV;NAME=OutCluster;GROUP=XSec;VALUE=1 
 PARM;GEOM_ID=WEYCYBICLQ;ID=KBLSUECWEHH;NAME=OutLEDihedral;GROUP=XSec;VALUE=-1.09663e-14 
 PARM;GEOM_ID=WEYCYBICLQ;ID=XSDPAMLPBJQ;NAME=OutLEMode;GROUP=XSec;VALUE=0 
 PARM;GEOM_ID=WEYCYBICLQ;ID=JLBWKNAEQDW;NAME=OutLEStrength;GROUP=XSec;VALUE=1 
 PARM;GEOM_ID=WEYCYBICLQ;ID=FSWKSAPRSLA;NAME=OutLESweep;GROUP=XSec;VALUE=50.22 
 PARM;GEOM_ID=WEYCYBICLQ;ID=HUZPXLIYBHZ;NAME=OutTEDihedral;GROUP=XSec;VALUE=8.0564e-15 
 PARM;GEOM_ID=WEYCYBICLQ;ID=DRFUKOUIHHL;NAME=OutTEMode;GROUP=XSec;VALUE=0 
 PARM;GEOM_ID=WEYCYBICLQ;ID=ONCZJRNTDSC;NAME=OutTEStrength;GROUP=XSec;VALUE=1 
 PARM;GEOM_ID=WEYCYBICLQ;ID=JOZWCQPZDFP;NAME=OutTESweep;GROUP=XSec;VALUE=29.431 
 PARM;GEOM_ID=WEYCYBICLQ;ID=LBUXYBDJSLB;NAME=ProjectedSpan;GROUP=XSec;VALUE=0 
 PARM;GEOM_ID=WEYCYBICLQ;ID=MAUPLXBINTM;NAME=Root_Chord;GROUP=XSec;VALUE=1 
 PARM;GEOM_ID=WEYCYBICLQ;ID=SRXBYOFYERJ;NAME=RotateMatchDideralFlag;GROUP=XSec;VALUE=0 
 PARM;GEOM_ID=WEYCYBICLQ;ID=PNSVVEUYKHH;NAME=Sec_Sweep;GROUP=XSec;VALUE=82.7794 
 PARM;GEOM_ID=WEYCYBICLQ;ID=HNAUIISOSSS;NAME=Sec_Sweep_Location;GROUP=XSec;VALUE=1 
 PARM;GEOM_ID=WEYCYBICLQ;ID=DNGCZTAKYNT;NAME=SectTess_U;GROUP=XSec;VALUE=6 
 PARM;GEOM_ID=WEYCYBICLQ;ID=DGLMTLFICSM;NAME=Span;GROUP=XSec;VALUE=1 
 PARM;GEOM_ID=WEYCYBICLQ;ID=MXDWBOCYZCR;NAME=Sweep;GROUP=XSec;VALUE=0 
 PARM;GEOM_ID=WEYCYBICLQ;ID=YRGXODUNSPH;NAME=Sweep_Location;GROUP=XSec;VALUE=0 
 PARM;GEOM_ID=WEYCYBICLQ;ID=IYJHOQCYLMU;NAME=Taper;GROUP=XSec;VALUE=8.893 
 PARM;GEOM_ID=WEYCYBICLQ;ID=GHSCMTTHGKT;NAME=Tip_Chord;GROUP=XSec;VALUE=8.893 
 PARM;GEOM_ID=WEYCYBICLQ;ID=KJMUUBXWJDJ;NAME=Twist;GROUP=XSec;VALUE=0 
 PARM;GEOM_ID=WEYCYBICLQ;ID=CSTIPLVBBNQ;NAME=TwistInXZPlaneFlag;GROUP=XSec;VALUE=0 
 PARM;GEOM_ID=WEYCYBICLQ;ID=NMZAUKOVWHZ;NAME=Twist_Location;GROUP=XSec;VALUE=0.25 
 PARM;GEOM_ID=WEYCYBICLQ;ID=DTFJYHWTNZK;NAME=Area;GROUP=XSecCurve;VALUE=2.68438 
 PARM;GEOM_ID=WEYCYBICLQ;ID=PZMEBEZQMRG;NAME=Camber;GROUP=XSecCurve;VALUE=0 
 PARM;GEOM_ID=WEYCYBICLQ;ID=WYKYDNAQXAV;NAME=CamberInputFlag;GROUP=XSecCurve;VALUE=0 
 PARM;GEOM_ID=WEYCYBICLQ;ID=RDBRCMYKAVB;NAME=CamberLoc;GROUP=XSecCurve;VALUE=0.2 
 PARM;GEOM_ID=WEYCYBICLQ;ID=GNZYFMSFBTN;NAME=Chord;GROUP=XSecCurve;VALUE=8.893 
 PARM;GEOM_ID=WEYCYBICLQ;ID=HOVIOOBRAQQ;NAME=DeltaX;GROUP=XSecCurve;VALUE=0 
 PARM;GEOM_ID=WEYCYBICLQ;ID=KDHRRJJZHOH;NAME=DeltaY;GROUP=XSecCurve;VALUE=0 
 PARM;GEOM_ID=WEYCYBICLQ;ID=OKHFSVJDZEH;NAME=FitDegree;GROUP=XSecCurve;VALUE=7 
 PARM;GEOM_ID=WEYCYBICLQ;ID=PKINCZDTKVA;NAME=HWRatio;GROUP=XSecCurve;VALUE=0.05 
 PARM;GEOM_ID=WEYCYBICLQ;ID=JMOIDUOGAJY;NAME=IdealCl;GROUP=XSecCurve;VALUE=0 
 PARM;GEOM_ID=WEYCYBICLQ;ID=ICPFZYYQNGS;NAME=Invert;GROUP=XSecCurve;VALUE=0 
 PARM;GEOM_ID=WEYCYBICLQ;ID=JXNVOUYXIOF;NAME=Scale;GROUP=XSecCurve;VALUE=1 
 PARM;GEOM_ID=WEYCYBICLQ;ID=HTWPSPQTYLD;NAME=SharpTEFlag;GROUP=XSecCurve;VALUE=1 
 PARM;GEOM_ID=WEYCYBICLQ;ID=EAYSWQXOWOV;NAME=ShiftLE;GROUP=XSecCurve;VALUE=0 
 PARM;GEOM_ID=WEYCYBICLQ;ID=GYMJLCTWDZC;NAME=Theta;GROUP=XSecCurve;VALUE=0 
 PARM;GEOM_ID=WEYCYBICLQ;ID=DCVDSFXGLWX;NAME=ThickChord;GROUP=XSecCurve;VALUE=0.05 
 PARM;GEOM_ID=WEYCYBICLQ;ID=HMPLQJSZZDT;NAME=LE_Cap_Length;GROUP=Cap;VALUE=1 
 PARM;GEOM_ID=WEYCYBICLQ;ID=LRWFPWZCUFJ;NAME=LE_Cap_Offset;GROUP=Cap;VALUE=0 
 PARM;GEOM_ID=WEYCYBICLQ;ID=TORXOYYGFCC;NAME=LE_Cap_Strength;GROUP=Cap;VALUE=0.5 
 PARM;GEOM_ID=WEYCYBICLQ;ID=QGXTDGBJZXS;NAME=LE_Cap_Type;GROUP=Cap;VALUE=1 
 PARM;GEOM_ID=WEYCYBICLQ;ID=DMRLSDVKWSK;NAME=TE_Cap_Length;GROUP=Cap;VALUE=1 
 PARM;GEOM_ID=WEYCYBICLQ;ID=VSNJVEMEOKV;NAME=TE_Cap_Offset;GROUP=Cap;VALUE=0 
 PARM;GEOM_ID=WEYCYBICLQ;ID=UQLKSGWWBTG;NAME=TE_Cap_Strength;GROUP=Cap;VALUE=0.5 
 PARM;GEOM_ID=WEYCYBICLQ;ID=FQWWARCHPCV;NAME=TE_Cap_Type;GROUP=Cap;VALUE=1 
 PARM;GEOM_ID=WEYCYBICLQ;ID=CAXXBLFGYVY;NAME=LE_Close_AbsRel;GROUP=Close;VALUE=0 
 PARM;GEOM_ID=WEYCYBICLQ;ID=LSWXGVIMVWF;NAME=LE_Close_Thick;GROUP=Close;VALUE=0 
 PARM;GEOM_ID=WEYCYBICLQ;ID=SNSWBNJUBFJ;NAME=LE_Close_Thick_Chord;GROUP=Close;VALUE=0 
 PARM;GEOM_ID=WEYCYBICLQ;ID=QARULGGGKNQ;NAME=LE_Close_Type;GROUP=Close;VALUE=0 
 PARM;GEOM_ID=WEYCYBICLQ;ID=UKNOFAVHTNG;NAME=TE_Close_AbsRel;GROUP=Close;VALUE=0 
 PARM;GEOM_ID=WEYCYBICLQ;ID=RHQHKNPBZDE;NAME=TE_Close_Thick;GROUP=Close;VALUE=0 
 PARM;GEOM_ID=WEYCYBICLQ;ID=BYFSOYOVAFY;NAME=TE_Close_Thick_Chord;GROUP=Close;VALUE=0 
 PARM;GEOM_ID=WEYCYBICLQ;ID=SHNDHBNMEPP;NAME=TE_Close_Type;GROUP=Close;VALUE=0 
 PARM;GEOM_ID=WEYCYBICLQ;ID=QEJWZGUCWMP;NAME=LE_Trim_AbsRel;GROUP=Trim;VALUE=0 
 PARM;GEOM_ID=WEYCYBICLQ;ID=JARDBSUIZCE;NAME=LE_Trim_Thick;GROUP=Trim;VALUE=0 
 PARM;GEOM_ID=WEYCYBICLQ;ID=FZNRTAZECOB;NAME=LE_Trim_Thick_Chord;GROUP=Trim;VALUE=0 
 PARM;GEOM_ID=WEYCYBICLQ;ID=POTPULAXOJW;NAME=LE_Trim_Type;GROUP=Trim;VALUE=0 
 PARM;GEOM_ID=WEYCYBICLQ;ID=BISYCMVQHWV;NAME=LE_Trim_X;GROUP=Trim;VALUE=0 
 PARM;GEOM_ID=WEYCYBICLQ;ID=JHBBDCGDPQC;NAME=LE_Trim_X_Chord;GROUP=Trim;VALUE=0 
 PARM;GEOM_ID=WEYCYBICLQ;ID=DPHWWQHBXRI;NAME=TE_Trim_AbsRel;GROUP=Trim;VALUE=0 
 PARM;GEOM_ID=WEYCYBICLQ;ID=ZDAMHFFYVLE;NAME=TE_Trim_Thick;GROUP=Trim;VALUE=0 
 PARM;GEOM_ID=WEYCYBICLQ;ID=OFSXKVBMIZZ;NAME=TE_Trim_Thick_Chord;GROUP=Trim;VALUE=0 
 PARM;GEOM_ID=WEYCYBICLQ;ID=CPOHJNNLRAP;NAME=TE_Trim_Type;GROUP=Trim;VALUE=0 
 PARM;GEOM_ID=WEYCYBICLQ;ID=OQWHRZFLLZE;NAME=TE_Trim_X;GROUP=Trim;VALUE=0 
 PARM;GEOM_ID=WEYCYBICLQ;ID=WYDWFUXYRIQ;NAME=TE_Trim_X_Chord;GROUP=Trim;VALUE=0 
 PARM;GEOM_ID=WEYCYBICLQ;ID=NTGJIVHIVMC;NAME=TE_Flap_DT;GROUP=Flap;VALUE=0 
 PARM;GEOM_ID=WEYCYBICLQ;ID=HHVXNOGOWJC;NAME=TE_Flap_Deflection;GROUP=Flap;VALUE=0 
 PARM;GEOM_ID=WEYCYBICLQ;ID=CYJTUIAPEFP;NAME=TE_Flap_Flag;GROUP=Flap;VALUE=0 
 PARM;GEOM_ID=WEYCYBICLQ;ID=DRBOUBQKLNQ;NAME=TE_Flap_T;GROUP=Flap;VALUE=0.2 
 PARM;GEOM_ID=WEYCYBICLQ;ID=IEMHKOMEJPT;NAME=TE_Flap_Type;GROUP=Flap;VALUE=0 
 PARM;GEOM_ID=WEYCYBICLQ;ID=AMOVBCVKXWZ;NAME=TE_Flap_X;GROUP=Flap;VALUE=0 
 PARM;GEOM_ID=WEYCYBICLQ;ID=NLJMULJCQQN;NAME=TE_Flap_X_Chord;GROUP=Flap;VALUE=0.2 
 PARM;GEOM_ID=WEYCYBICLQ;ID=LERACBHULYI;NAME=TE_Flap_Y_Frc;GROUP=Flap;VALUE=0.5 
 PARM;GEOM_ID=WEYCYBICLQ;ID=MVWANSIHALF;NAME=TE_Trim_AbsRel;GROUP=Flap;VALUE=1 
 PARM;GEOM_ID=WEYCYBICLQ;ID=NAXSGHOMJNG;NAME=XSecFlipImageFlag;GROUP=XSecCurve_Background;VALUE=0 
 PARM;GEOM_ID=WEYCYBICLQ;ID=CQCQGPCEBLV;NAME=XSecImageFlag;GROUP=XSecCurve_Background;VALUE=0 
 PARM;GEOM_ID=WEYCYBICLQ;ID=OKVJBRLNFZL;NAME=XSecImageH;GROUP=XSecCurve_Background;VALUE=1 
 PARM;GEOM_ID=WEYCYBICLQ;ID=VXGJSAFILNH;NAME=XSecImagePreserveAR;GROUP=XSecCurve_Background;VALUE=1 
 PARM;GEOM_ID=WEYCYBICLQ;ID=TZSIATNBRCU;NAME=XSecImageW;GROUP=XSecCurve_Background;VALUE=1 
 PARM;GEOM_ID=WEYCYBICLQ;ID=XXJKZNMEEHZ;NAME=XSecImageXOffset;GROUP=XSecCurve_Background;VALUE=0 
 PARM;GEOM_ID=WEYCYBICLQ;ID=UCRWFBWEVKV;NAME=XSecImageYOffset;GROUP=XSecCurve_Background;VALUE=0 
 PARM;GEOM_ID=WEYCYBICLQ;ID=BSONKQZAOSA;NAME=XSecLockImageFlag;GROUP=XSecCurve_Background;VALUE=0 
 PARM;GEOM_ID=WEYCYBICLQ;ID=JBFXMAGNIYZ;NAME=AllSym;GROUP=Chevron;VALUE=1 
 PARM;GEOM_ID=WEYCYBICLQ;ID=FSLLTDKGKGY;NAME=BottomAmplitude;GROUP=Chevron;VALUE=1 
 PARM;GEOM_ID=WEYCYBICLQ;ID=RFZHGKUDCKD;NAME=Bottom_Angle;GROUP=Chevron;VALUE=0 
 PARM;GEOM_ID=WEYCYBICLQ;ID=RKLJURCEDBG;NAME=Bottom_Slew;GROUP=Chevron;VALUE=0 
 PARM;GEOM_ID=WEYCYBICLQ;ID=HMEEJBPIAHJ;NAME=Chevron_Type;GROUP=Chevron;VALUE=0 
 PARM;GEOM_ID=WEYCYBICLQ;ID=CUMZAPMQMFN;NAME=LeftAmplitude;GROUP=Chevron;VALUE=1 
 PARM;GEOM_ID=WEYCYBICLQ;ID=AUACNMBKTRT;NAME=Left_Angle;GROUP=Chevron;VALUE=0 
 PARM;GEOM_ID=WEYCYBICLQ;ID=ROBJQQBTGAL;NAME=Left_Slew;GROUP=Chevron;VALUE=0 
 PARM;GEOM_ID=WEYCYBICLQ;ID=JEQTGSXZOHG;NAME=Number;GROUP=Chevron;VALUE=8 
 PARM;GEOM_ID=WEYCYBICLQ;ID=WFTTFIKAIIG;NAME=Off_Duty;GROUP=Chevron;VALUE=0 
 PARM;GEOM_ID=WEYCYBICLQ;ID=LOBEYMAXWPI;NAME=On_Duty;GROUP=Chevron;VALUE=0 
 PARM;GEOM_ID=WEYCYBICLQ;ID=JAVZGLYKVKZ;NAME=Peak_Radius;GROUP=Chevron;VALUE=0 
 PARM;GEOM_ID=WEYCYBICLQ;ID=XOKXREIXCZR;NAME=RLSym;GROUP=Chevron;VALUE=1 
 PARM;GEOM_ID=WEYCYBICLQ;ID=DAVCADODEAB;NAME=RightAmplitude;GROUP=Chevron;VALUE=1 
 PARM;GEOM_ID=WEYCYBICLQ;ID=JQDFUYUDPPQ;NAME=Right_Angle;GROUP=Chevron;VALUE=0 
 PARM;GEOM_ID=WEYCYBICLQ;ID=QYLZMCRMMNQ;NAME=Right_Slew;GROUP=Chevron;VALUE=0 
 PARM;GEOM_ID=WEYCYBICLQ;ID=CSLEHOWPGYM;NAME=TBSym;GROUP=Chevron;VALUE=1 
 PARM;GEOM_ID=WEYCYBICLQ;ID=IQTCZQLWTGI;NAME=TopAmplitude;GROUP=Chevron;VALUE=1 
 PARM;GEOM_ID=WEYCYBICLQ;ID=BHFUUUEMVZJ;NAME=Top_Angle;GROUP=Chevron;VALUE=0 
 PARM;GEOM_ID=WEYCYBICLQ;ID=JGPFQTTIACG;NAME=Top_Slew;GROUP=Chevron;VALUE=0 
 PARM;GEOM_ID=WEYCYBICLQ;ID=ZOKQFHEMQVL;NAME=Valley_Radius;GROUP=Chevron;VALUE=0 
 PARM;GEOM_ID=WEYCYBICLQ;ID=NGVQKRIVVCN;NAME=W01_Center;GROUP=Chevron;VALUE=0.25 
 PARM;GEOM_ID=WEYCYBICLQ;ID=XZSMQYXPVYT;NAME=W01_Center_Guide;GROUP=Chevron;VALUE=5 
 PARM;GEOM_ID=WEYCYBICLQ;ID=YBWUGMPPLCP;NAME=W01_End;GROUP=Chevron;VALUE=0.5 
 PARM;GEOM_ID=WEYCYBICLQ;ID=EWKWAJZGHAT;NAME=W01_End_Guide;GROUP=Chevron;VALUE=5 
 PARM;GEOM_ID=WEYCYBICLQ;ID=DTCVLYLCIHM;NAME=W01_Mode;GROUP=Chevron;VALUE=0 
 PARM;GEOM_ID=WEYCYBICLQ;ID=DLQPUZGJFZB;NAME=W01_Start;GROUP=Chevron;VALUE=0 
 PARM;GEOM_ID=WEYCYBICLQ;ID=ECGGRPLOAQJ;NAME=W01_Start_Guide;GROUP=Chevron;VALUE=5 
 PARM;GEOM_ID=WEYCYBICLQ;ID=AFZFSURDAGE;NAME=W01_Width;GROUP=Chevron;VALUE=0.5 
 PARM;GEOM_ID=WEYCYBICLQ;ID=XBNUVNRIPES;NAME=Area;GROUP=XSec;VALUE=54.9495 
 PARM;GEOM_ID=WEYCYBICLQ;ID=FGNDKISICLX;NAME=Aspect;GROUP=XSec;VALUE=1.55005 
 PARM;GEOM_ID=WEYCYBICLQ;ID=MAGLXUVWXPR;NAME=Avg_Chord;GROUP=XSec;VALUE=5.954 
 PARM;GEOM_ID=WEYCYBICLQ;ID=LMCMOYBRUNK;NAME=Dihedral;GROUP=XSec;VALUE=0 
 PARM;GEOM_ID=WEYCYBICLQ;ID=SBITKLCNBMN;NAME=InCluster;GROUP=XSec;VALUE=1 
 PARM;GEOM_ID=WEYCYBICLQ;ID=SSUPHAPVKCN;NAME=InLEDihedral;GROUP=XSec;VALUE=1.09663e-14 
 PARM;GEOM_ID=WEYCYBICLQ;ID=OPKMOHMKAVY;NAME=InLEMode;GROUP=XSec;VALUE=0 
 PARM;GEOM_ID=WEYCYBICLQ;ID=GWANZJMYAVW;NAME=InLEStrength;GROUP=XSec;VALUE=1 
 PARM;GEOM_ID=WEYCYBICLQ;ID=VDUQGNMRQUE;NAME=InLESweep;GROUP=XSec;VALUE=50.22 
 PARM;GEOM_ID=WEYCYBICLQ;ID=NGFGUGUZMKD;NAME=InTEDihedral;GROUP=XSec;VALUE=-8.0564e-15 
 PARM;GEOM_ID=WEYCYBICLQ;ID=XBTPHUEHTJS;NAME=InTEMode;GROUP=XSec;VALUE=0 
 PARM;GEOM_ID=WEYCYBICLQ;ID=BTJCHGOFIIB;NAME=InTEStrength;GROUP=XSec;VALUE=1 
 PARM;GEOM_ID=WEYCYBICLQ;ID=JRNZSZTWKEK;NAME=InTESweep;GROUP=XSec;VALUE=29.431 
 PARM;GEOM_ID=WEYCYBICLQ;ID=RENQPUFOFDT;NAME=OutCluster;GROUP=XSec;VALUE=1 
 PARM;GEOM_ID=WEYCYBICLQ;ID=DOOZBMSXLMU;NAME=OutLEDihedral;GROUP=XSec;VALUE=-1.09663e-14 
 PARM;GEOM_ID=WEYCYBICLQ;ID=ZYNTKUCAEGU;NAME=OutLEMode;GROUP=XSec;VALUE=0 
 PARM;GEOM_ID=WEYCYBICLQ;ID=NIYFXSHZTZL;NAME=OutLEStrength;GROUP=XSec;VALUE=1 
 PARM;GEOM_ID=WEYCYBICLQ;ID=NLAOEWUKTAS;NAME=OutLESweep;GROUP=XSec;VALUE=50.22 
 PARM;GEOM_ID=WEYCYBICLQ;ID=QBEDIYNZGHF;NAME=OutTEDihedral;GROUP=XSec;VALUE=8.0564e-15 
 PARM;GEOM_ID=WEYCYBICLQ;ID=TMIFOXKZGGT;NAME=OutTEMode;GROUP=XSec;VALUE=0 
 PARM;GEOM_ID=WEYCYBICLQ;ID=AGVCZIEUCEE;NAME=OutTEStrength;GROUP=XSec;VALUE=1 
 PARM;GEOM_ID=WEYCYBICLQ;ID=UZSENEHEPEX;NAME=OutTESweep;GROUP=XSec;VALUE=29.431 
 PARM;GEOM_ID=WEYCYBICLQ;ID=BSISGLGGGQH;NAME=ProjectedSpan;GROUP=XSec;VALUE=9.229 
 PARM;GEOM_ID=WEYCYBICLQ;ID=SMTAGLAFPZZ;NAME=Root_Chord;GROUP=XSec;VALUE=8.893 
 PARM;GEOM_ID=WEYCYBICLQ;ID=HEFMFJGPFJL;NAME=RotateMatchDideralFlag;GROUP=XSec;VALUE=0 
 PARM;GEOM_ID=WEYCYBICLQ;ID=PROJEIXRFZH;NAME=Sec_Sweep;GROUP=XSec;VALUE=29.431 
 PARM;GEOM_ID=WEYCYBICLQ;ID=LFNZTHKAQNG;NAME=Sec_Sweep_Location;GROUP=XSec;VALUE=1 
 PARM;GEOM_ID=WEYCYBICLQ;ID=BNANYKIPSFM;NAME=SectTess_U;GROUP=XSec;VALUE=6 
 PARM;GEOM_ID=WEYCYBICLQ;ID=UTYJKMGBPTP;NAME=Span;GROUP=XSec;VALUE=9.229 
 PARM;GEOM_ID=WEYCYBICLQ;ID=TPIOYKADNXF;NAME=Sweep;GROUP=XSec;VALUE=50.22 
 PARM;GEOM_ID=WEYCYBICLQ;ID=JLRQJGIDEYL;NAME=Sweep_Location;GROUP=XSec;VALUE=0 
 PARM;GEOM_ID=WEYCYBICLQ;ID=NIQMWABGMEJ;NAME=Taper;GROUP=XSec;VALUE=0.339031 
 PARM;GEOM_ID=WEYCYBICLQ;ID=EDNALEEDLRM;NAME=Tip_Chord;GROUP=XSec;VALUE=3.015 
 PARM;GEOM_ID=WEYCYBICLQ;ID=MVWFIWIULAJ;NAME=Twist;GROUP=XSec;VALUE=0 
 PARM;GEOM_ID=WEYCYBICLQ;ID=FKVLTQEHGGG;NAME=TwistInXZPlaneFlag;GROUP=XSec;VALUE=0 
 PARM;GEOM_ID=WEYCYBICLQ;ID=OCTZPQVJROQ;NAME=Twist_Location;GROUP=XSec;VALUE=0.25 
 PARM;GEOM_ID=WEYCYBICLQ;ID=QRLLCTRXYEC;NAME=Area;GROUP=XSecCurve;VALUE=0.246838 
 PARM;GEOM_ID=WEYCYBICLQ;ID=DNPSRQCDCXD;NAME=Camber;GROUP=XSecCurve;VALUE=0 
 PARM;GEOM_ID=WEYCYBICLQ;ID=XXOVPLJERRY;NAME=CamberInputFlag;GROUP=XSecCurve;VALUE=0 
 PARM;GEOM_ID=WEYCYBICLQ;ID=GZGLNFORITQ;NAME=CamberLoc;GROUP=XSecCurve;VALUE=0.2 
 PARM;GEOM_ID=WEYCYBICLQ;ID=BRYRISYEERP;NAME=Chord;GROUP=XSecCurve;VALUE=3.015 
 PARM;GEOM_ID=WEYCYBICLQ;ID=IDHUINYGOXQ;NAME=DeltaX;GROUP=XSecCurve;VALUE=0 
 PARM;GEOM_ID=WEYCYBICLQ;ID=TOWDRUUNNPE;NAME=DeltaY;GROUP=XSecCurve;VALUE=0 
 PARM;GEOM_ID=WEYCYBICLQ;ID=QLBSTADTNGT;NAME=FitDegree;GROUP=XSecCurve;VALUE=7 
 PARM;GEOM_ID=WEYCYBICLQ;ID=UMVGVQIZTQY;NAME=HWRatio;GROUP=XSecCurve;VALUE=0.04 
 PARM;GEOM_ID=WEYCYBICLQ;ID=LDCXMQCSPNM;NAME=IdealCl;GROUP=XSecCurve;VALUE=0 
 PARM;GEOM_ID=WEYCYBICLQ;ID=NPMFAVREPXH;NAME=Invert;GROUP=XSecCurve;VALUE=0 
 PARM;GEOM_ID=WEYCYBICLQ;ID=JFMEYEFXTRJ;NAME=Scale;GROUP=XSecCurve;VALUE=1 
 PARM;GEOM_ID=WEYCYBICLQ;ID=HURSVPSRYJF;NAME=SharpTEFlag;GROUP=XSecCurve;VALUE=1 
 PARM;GEOM_ID=WEYCYBICLQ;ID=FSIPTEFKCTH;NAME=ShiftLE;GROUP=XSecCurve;VALUE=0 
 PARM;GEOM_ID=WEYCYBICLQ;ID=ZOJONDWCDNY;NAME=Theta;GROUP=XSecCurve;VALUE=0 
 PARM;GEOM_ID=WEYCYBICLQ;ID=APACAIIVCPF;NAME=ThickChord;GROUP=XSecCurve;VALUE=0.04 
 PARM;GEOM_ID=WEYCYBICLQ;ID=UCFZGTBVCGV;NAME=LE_Cap_Length;GROUP=Cap;VALUE=1 
 PARM;GEOM_ID=WEYCYBICLQ;ID=MCTFBNWTQZJ;NAME=LE_Cap_Offset;GROUP=Cap;VALUE=0 
 PARM;GEOM_ID=WEYCYBICLQ;ID=DXRGMUKIJFU;NAME=LE_Cap_Strength;GROUP=Cap;VALUE=0.5 
 PARM;GEOM_ID=WEYCYBICLQ;ID=CKQTJUUUHWF;NAME=LE_Cap_Type;GROUP=Cap;VALUE=1 
 PARM;GEOM_ID=WEYCYBICLQ;ID=YOYZCVYDBFJ;NAME=TE_Cap_Length;GROUP=Cap;VALUE=1 
 PARM;GEOM_ID=WEYCYBICLQ;ID=LRZXUDUGTCH;NAME=TE_Cap_Offset;GROUP=Cap;VALUE=0 
 PARM;GEOM_ID=WEYCYBICLQ;ID=IVTLAFEGKPS;NAME=TE_Cap_Strength;GROUP=Cap;VALUE=0.5 
 PARM;GEOM_ID=WEYCYBICLQ;ID=COVSGROEGKU;NAME=TE_Cap_Type;GROUP=Cap;VALUE=1 
 PARM;GEOM_ID=WEYCYBICLQ;ID=JYXYHOEUNRM;NAME=LE_Close_AbsRel;GROUP=Close;VALUE=0 
 PARM;GEOM_ID=WEYCYBICLQ;ID=LBFMRXGJCOV;NAME=LE_Close_Thick;GROUP=Close;VALUE=0 
 PARM;GEOM_ID=WEYCYBICLQ;ID=NTSOTOCFBIS;NAME=LE_Close_Thick_Chord;GROUP=Close;VALUE=0 
 PARM;GEOM_ID=WEYCYBICLQ;ID=SNBSNWVJQQA;NAME=LE_Close_Type;GROUP=Close;VALUE=0 
 PARM;GEOM_ID=WEYCYBICLQ;ID=DQNXPMMVPNM;NAME=TE_Close_AbsRel;GROUP=Close;VALUE=0 
 PARM;GEOM_ID=WEYCYBICLQ;ID=OTCXWQWDNIY;NAME=TE_Close_Thick;GROUP=Close;VALUE=0 
 PARM;GEOM_ID=WEYCYBICLQ;ID=TVHKKSQSWJD;NAME=TE_Close_Thick_Chord;GROUP=Close;VALUE=0 
 PARM;GEOM_ID=WEYCYBICLQ;ID=TRGHVXZQRSJ;NAME=TE_Close_Type;GROUP=Close;VALUE=0 
 PARM;GEOM_ID=WEYCYBICLQ;ID=CQNDNUXIWCW;NAME=LE_Trim_AbsRel;GROUP=Trim;VALUE=0 
 PARM;GEOM_ID=WEYCYBICLQ;ID=HVZHOHJBTRB;NAME=LE_Trim_Thick;GROUP=Trim;VALUE=0 
 PARM;GEOM_ID=WEYCYBICLQ;ID=ZHIFHVHSCWB;NAME=LE_Trim_Thick_Chord;GROUP=Trim;VALUE=0 
 PARM;GEOM_ID=WEYCYBICLQ;ID=TGWFTIBGQGI;NAME=LE_Trim_Type;GROUP=Trim;VALUE=0 
 PARM;GEOM_ID=WEYCYBICLQ;ID=JDHHVMLSBPB;NAME=LE_Trim_X;GROUP=Trim;VALUE=0 
 PARM;GEOM_ID=WEYCYBICLQ;ID=XMKJITZQDRS;NAME=LE_Trim_X_Chord;GROUP=Trim;VALUE=0 
 PARM;GEOM_ID=WEYCYBICLQ;ID=DMZFLXKVRUZ;NAME=TE_Trim_AbsRel;GROUP=Trim;VALUE=0 
 PARM;GEOM_ID=WEYCYBICLQ;ID=RAABYWOPWJO;NAME=TE_Trim_Thick;GROUP=Trim;VALUE=0 
 PARM;GEOM_ID=WEYCYBICLQ;ID=IYHFJTTDUWV;NAME=TE_Trim_Thick_Chord;GROUP=Trim;VALUE=0 
 PARM;GEOM_ID=WEYCYBICLQ;ID=OGBTETVJSXL;NAME=TE_Trim_Type;GROUP=Trim;VALUE=0 
 PARM;GEOM_ID=WEYCYBICLQ;ID=LRTBNNXONLE;NAME=TE_Trim_X;GROUP=Trim;VALUE=0 
 PARM;GEOM_ID=WEYCYBICLQ;ID=MJMSDOQQAIM;NAME=TE_Trim_X_Chord;GROUP=Trim;VALUE=0 
 PARM;GEOM_ID=WEYCYBICLQ;ID=PSTVHBTZFLP;NAME=TE_Flap_DT;GROUP=Flap;VALUE=0 
 PARM;GEOM_ID=WEYCYBICLQ;ID=VBRLRNAHBRB;NAME=TE_Flap_Deflection;GROUP=Flap;VALUE=0 
 PARM;GEOM_ID=WEYCYBICLQ;ID=FNHQJDZWXVU;NAME=TE_Flap_Flag;GROUP=Flap;VALUE=0 
 PARM;GEOM_ID=WEYCYBICLQ;ID=KLYRDSZXPCF;NAME=TE_Flap_T;GROUP=Flap;VALUE=0.2 
 PARM;GEOM_ID=WEYCYBICLQ;ID=AVYKFIODCVF;NAME=TE_Flap_Type;GROUP=Flap;VALUE=0 
 PARM;GEOM_ID=WEYCYBICLQ;ID=BRPLXDGXLPJ;NAME=TE_Flap_X;GROUP=Flap;VALUE=0 
 PARM;GEOM_ID=WEYCYBICLQ;ID=TNZCRWHKFBD;NAME=TE_Flap_X_Chord;GROUP=Flap;VALUE=0.2 
 PARM;GEOM_ID=WEYCYBICLQ;ID=OBZKSYTVOAO;NAME=TE_Flap_Y_Frc;GROUP=Flap;VALUE=0.5 
 PARM;GEOM_ID=WEYCYBICLQ;ID=VXKMELMLFHB;NAME=TE_Trim_AbsRel;GROUP=Flap;VALUE=1 
 PARM;GEOM_ID=WEYCYBICLQ;ID=NESARTQPOFD;NAME=XSecFlipImageFlag;GROUP=XSecCurve_Background;VALUE=0 
 PARM;GEOM_ID=WEYCYBICLQ;ID=BCLYULLHGMF;NAME=XSecImageFlag;GROUP=XSecCurve_Background;VALUE=0 
 PARM;GEOM_ID=WEYCYBICLQ;ID=JTJWQPEGPPX;NAME=XSecImageH;GROUP=XSecCurve_Background;VALUE=1 
 PARM;GEOM_ID=WEYCYBICLQ;ID=SOLOUGNUDBR;NAME=XSecImagePreserveAR;GROUP=XSecCurve_Background;VALUE=1 
 PARM;GEOM_ID=WEYCYBICLQ;ID=GLXEXEQUUVN;NAME=XSecImageW;GROUP=XSecCurve_Background;VALUE=1 
 PARM;GEOM_ID=WEYCYBICLQ;ID=ADRWDLWWKRA;NAME=XSecImageXOffset;GROUP=XSecCurve_Background;VALUE=0 
 PARM;GEOM_ID=WEYCYBICLQ;ID=IUGFDKUPWLP;NAME=XSecImageYOffset;GROUP=XSecCurve_Background;VALUE=0 
 PARM;GEOM_ID=WEYCYBICLQ;ID=SQSHASQSGZC;NAME=XSecLockImageFlag;GROUP=XSecCurve_Background;VALUE=0 
 PARM;GEOM_ID=WEYCYBICLQ;ID=UESFWLHGFSH;NAME=AllSym;GROUP=Chevron;VALUE=1 
 PARM;GEOM_ID=WEYCYBICLQ;ID=CFQKPVWLHBN;NAME=BottomAmplitude;GROUP=Chevron;VALUE=1 
 PARM;GEOM_ID=WEYCYBICLQ;ID=FKDXFIRJZDW;NAME=Bottom_Angle;GROUP=Chevron;VALUE=0 
 PARM;GEOM_ID=WEYCYBICLQ;ID=XPGRSORZPHM;NAME=Bottom_Slew;GROUP=Chevron;VALUE=0 
 PARM;GEOM_ID=WEYCYBICLQ;ID=OOLKOQEXHWC;NAME=Chevron_Type;GROUP=Chevron;VALUE=0 
 PARM;GEOM_ID=WEYCYBICLQ;ID=GZPCVTFNVCW;NAME=LeftAmplitude;GROUP=Chevron;VALUE=1 
 PARM;GEOM_ID=WEYCYBICLQ;ID=EKTJRTQOYDO;NAME=Left_Angle;GROUP=Chevron;VALUE=0 
 PARM;GEOM_ID=WEYCYBICLQ;ID=BHHWOEJKDQP;NAME=Left_Slew;GROUP=Chevron;VALUE=0 
 PARM;GEOM_ID=WEYCYBICLQ;ID=DDGSXDXOQAY;NAME=Number;GROUP=Chevron;VALUE=8 
 PARM;GEOM_ID=WEYCYBICLQ;ID=JBZPYXTOKOY;NAME=Off_Duty;GROUP=Chevron;VALUE=0 
 PARM;GEOM_ID=WEYCYBICLQ;ID=ADJERKAAKWH;NAME=On_Duty;GROUP=Chevron;VALUE=0 
 PARM;GEOM_ID=WEYCYBICLQ;ID=QKORENEMQPJ;NAME=Peak_Radius;GROUP=Chevron;VALUE=0 
 PARM;GEOM_ID=WEYCYBICLQ;ID=MZZHSULBUWU;NAME=RLSym;GROUP=Chevron;VALUE=1 
 PARM;GEOM_ID=WEYCYBICLQ;ID=ZWMCRAZRYCU;NAME=RightAmplitude;GROUP=Chevron;VALUE=1 
 PARM;GEOM_ID=WEYCYBICLQ;ID=JCHAYASJBKS;NAME=Right_Angle;GROUP=Chevron;VALUE=0 
 PARM;GEOM_ID=WEYCYBICLQ;ID=CIJYNKJOZMU;NAME=Right_Slew;GROUP=Chevron;VALUE=0 
 PARM;GEOM_ID=WEYCYBICLQ;ID=VIWOZMADKMS;NAME=TBSym;GROUP=Chevron;VALUE=1 
 PARM;GEOM_ID=WEYCYBICLQ;ID=YTYQLIFKVOT;NAME=TopAmplitude;GROUP=Chevron;VALUE=1 
 PARM;GEOM_ID=WEYCYBICLQ;ID=DZDOBJEDVPB;NAME=Top_Angle;GROUP=Chevron;VALUE=0 
 PARM;GEOM_ID=WEYCYBICLQ;ID=DGSTQGUFBOX;NAME=Top_Slew;GROUP=Chevron;VALUE=0 
 PARM;GEOM_ID=WEYCYBICLQ;ID=ZFKXDZQVVSY;NAME=Valley_Radius;GROUP=Chevron;VALUE=0 
 PARM;GEOM_ID=WEYCYBICLQ;ID=PWVGRYVVVOS;NAME=W01_Center;GROUP=Chevron;VALUE=0.25 
 PARM;GEOM_ID=WEYCYBICLQ;ID=CWAGBHGSXBS;NAME=W01_Center_Guide;GROUP=Chevron;VALUE=5 
 PARM;GEOM_ID=WEYCYBICLQ;ID=VAUTCFOPJLX;NAME=W01_End;GROUP=Chevron;VALUE=0.5 
 PARM;GEOM_ID=WEYCYBICLQ;ID=MWMJUCAKIXR;NAME=W01_End_Guide;GROUP=Chevron;VALUE=5 
 PARM;GEOM_ID=WEYCYBICLQ;ID=PRTBEODYVMG;NAME=W01_Mode;GROUP=Chevron;VALUE=0 
 PARM;GEOM_ID=WEYCYBICLQ;ID=ACUOUZUUKVJ;NAME=W01_Start;GROUP=Chevron;VALUE=0 
 PARM;GEOM_ID=WEYCYBICLQ;ID=CBZPIOGVDGU;NAME=W01_Start_Guide;GROUP=Chevron;VALUE=5 
 PARM;GEOM_ID=WEYCYBICLQ;ID=GJATRWUBYJN;NAME=W01_Width;GROUP=Chevron;VALUE=0.5 
 WING_TERMINAL;GEOM_ID=WEYCYBICLQ;XSEC_COUNT=2;TIP_ID=EDNALEEDLRM;TIP=3.015;ROOT_ID=SMTAGLAFPZZ;ROOT=8.893;SPAN_ID=UTYJKMGBPTP;SPAN=9.229 
 GEOM;ID=IJYCWWDGPY;NAME=VO;TYPE=Wing;BMIN_X=48.6885;BMIN_Y=3.74997;BMIN_Z=2.13115;BMAX_X=64.7212;BMAX_Y=5.45242;BMAX_Z=11.3112;SET_1=false;SET_2=true 
 PARM;GEOM_ID=IJYCWWDGPY;ID=IJSYIIWFGZP;NAME=Abs_Or_Relitive_flag;GROUP=XForm;VALUE=1 
 PARM;GEOM_ID=IJYCWWDGPY;ID=TNQNCPTBIAS;NAME=Last_Scale;GROUP=XForm;VALUE=1 
 PARM;GEOM_ID=IJYCWWDGPY;ID=XUNMHPABYCK;NAME=Origin;GROUP=XForm;VALUE=0 
 PARM;GEOM_ID=IJYCWWDGPY;ID=VZDVFONJQTK;NAME=Scale;GROUP=XForm;VALUE=1 
 PARM;GEOM_ID=IJYCWWDGPY;ID=VEBAXBMIPWA;NAME=X_Location;GROUP=XForm;VALUE=48.6885 
 PARM;GEOM_ID=IJYCWWDGPY;ID=MSLJZJRPSIZ;NAME=X_Rel_Location;GROUP=XForm;VALUE=48.6885 
 PARM;GEOM_ID=IJYCWWDGPY;ID=WGDRUQYBJUU;NAME=X_Rel_Rotation;GROUP=XForm;VALUE=90 
 PARM;GEOM_ID=IJYCWWDGPY;ID=UJUAPIXZJUC;NAME=X_Rotation;GROUP=XForm;VALUE=90 
 PARM;GEOM_ID=IJYCWWDGPY;ID=KLVSMBBILHI;NAME=Y_Location;GROUP=XForm;VALUE=4.09836 
 PARM;GEOM_ID=IJYCWWDGPY;ID=XIYCDWXESXC;NAME=Y_Rel_Location;GROUP=XForm;VALUE=4.09836 
 PARM;GEOM_ID=IJYCWWDGPY;ID=AGWQEJWGWNM;NAME=Y_Rel_Rotation;GROUP=XForm;VALUE=0 
 PARM;GEOM_ID=IJYCWWDGPY;ID=HXEIXCAPVNY;NAME=Y_Rotation;GROUP=XForm;VALUE=0 
 PARM;GEOM_ID=IJYCWWDGPY;ID=QOAYQCZKKIC;NAME=Z_Location;GROUP=XForm;VALUE=2.13115 
 PARM;GEOM_ID=IJYCWWDGPY;ID=XUJPBEVYELB;NAME=Z_Rel_Location;GROUP=XForm;VALUE=2.13115 
 PARM;GEOM_ID=IJYCWWDGPY;ID=ZVMONMFKXBR;NAME=Z_Rel_Rotation;GROUP=XForm;VALUE=0 
 PARM;GEOM_ID=IJYCWWDGPY;ID=NSIKYPAFSKL;NAME=Z_Rotation;GROUP=XForm;VALUE=0 
 PARM;GEOM_ID=IJYCWWDGPY;ID=TSLDAYCGYPK;NAME=Sym_Ancestor;GROUP=Sym;VALUE=1 
 PARM;GEOM_ID=IJYCWWDGPY;ID=DVOOXPTFMFF;NAME=Sym_Ancestor_Origin_Flag;GROUP=Sym;VALUE=1 
 PARM;GEOM_ID=IJYCWWDGPY;ID=JYAXYLMNBJO;NAME=Sym_Axial_Flag;GROUP=Sym;VALUE=0 
 PARM;GEOM_ID=IJYCWWDGPY;ID=JQFJVYAVCZQ;NAME=Sym_Planar_Flag;GROUP=Sym;VALUE=2 
 PARM;GEOM_ID=IJYCWWDGPY;ID=FNDRJCWNBCV;NAME=Sym_Rot_N;GROUP=Sym;VALUE=2 
 PARM;GEOM_ID=IJYCWWDGPY;ID=NDWKYERBZMT;NAME=Eta_Attach_Location;GROUP=Attach;VALUE=0 
 PARM;GEOM_ID=IJYCWWDGPY;ID=TTOHRBFQLXN;NAME=L_01;GROUP=Attach;VALUE=1 
 PARM;GEOM_ID=IJYCWWDGPY;ID=UUMZZEFLESX;NAME=L_Attach_Location;GROUP=Attach;VALUE=0 
 PARM;GEOM_ID=IJYCWWDGPY;ID=MAVQZMAZEFX;NAME=L_Attach_Location0Len;GROUP=Attach;VALUE=0 
 PARM;GEOM_ID=IJYCWWDGPY;ID=XARVKXXBEHP;NAME=M_Attach_Location;GROUP=Attach;VALUE=0.5 
 PARM;GEOM_ID=IJYCWWDGPY;ID=AJMEQYQFKST;NAME=N_Attach_Location;GROUP=Attach;VALUE=0.5 
 PARM;GEOM_ID=IJYCWWDGPY;ID=VYTNACYBDLT;NAME=R_01;GROUP=Attach;VALUE=1 
 PARM;GEOM_ID=IJYCWWDGPY;ID=MDWSPPULZTX;NAME=R_Attach_Location;GROUP=Attach;VALUE=0 
 PARM;GEOM_ID=IJYCWWDGPY;ID=NJTJVUBXZOO;NAME=R_Attach_Location0N;GROUP=Attach;VALUE=0 
 PARM;GEOM_ID=IJYCWWDGPY;ID=NVZTHXNGTOV;NAME=Rots_Attach_Flag;GROUP=Attach;VALUE=0 
 PARM;GEOM_ID=IJYCWWDGPY;ID=KTKNTROLDCV;NAME=S_Attach_Location;GROUP=Attach;VALUE=0.5 
 PARM;GEOM_ID=IJYCWWDGPY;ID=QCSAPJTMPCL;NAME=T_Attach_Location;GROUP=Attach;VALUE=0.5 
 PARM;GEOM_ID=IJYCWWDGPY;ID=ZHGUZVNXXSP;NAME=Trans_Attach_Flag;GROUP=Attach;VALUE=0 
 PARM;GEOM_ID=IJYCWWDGPY;ID=OWLPRUCEFWL;NAME=U_01;GROUP=Attach;VALUE=1 
 PARM;GEOM_ID=IJYCWWDGPY;ID=MJGZTOPLQVS;NAME=U_Attach_Location;GROUP=Attach;VALUE=0 
 PARM;GEOM_ID=IJYCWWDGPY;ID=TNEXXOWCZKE;NAME=U_Attach_Location0N;GROUP=Attach;VALUE=0 
 PARM;GEOM_ID=IJYCWWDGPY;ID=POXGGIDQRIA;NAME=V_Attach_Location;GROUP=Attach;VALUE=0 
 PARM;GEOM_ID=IJYCWWDGPY;ID=DNHKNNVVZLE;NAME=Tess_U;GROUP=Shape;VALUE=12 
 PARM;GEOM_ID=IJYCWWDGPY;ID=TKJJRXMWUAN;NAME=Tess_W;GROUP=Shape;VALUE=33 
 PARM;GEOM_ID=IJYCWWDGPY;ID=AIFVEIIWZFE;NAME=Wake;GROUP=Shape;VALUE=0 
 PARM;GEOM_ID=IJYCWWDGPY;ID=RIRCUFJKUVB;NAME=Negative_Volume_Flag;GROUP=Negative_Volume_Props;VALUE=0 
 PARM;GEOM_ID=IJYCWWDGPY;ID=OBDMNYOZODA;NAME=WakeAngle;GROUP=WakeSettings;VALUE=0 
 PARM;GEOM_ID=IJYCWWDGPY;ID=SJRJJLXCQWP;NAME=WakeScale;GROUP=WakeSettings;VALUE=2 
 PARM;GEOM_ID=IJYCWWDGPY;ID=PZPKFMZBOPD;NAME=CGx;GROUP=Mass_Props;VALUE=0 
 PARM;GEOM_ID=IJYCWWDGPY;ID=YJPVNBUTLMK;NAME=CGy;GROUP=Mass_Props;VALUE=0 
 PARM;GEOM_ID=IJYCWWDGPY;ID=HPWDAIQNYOB;NAME=CGz;GROUP=Mass_Props;VALUE=0 
 PARM;GEOM_ID=IJYCWWDGPY;ID=XMHUDQJZURB;NAME=Density;GROUP=Mass_Props;VALUE=1 
 PARM;GEOM_ID=IJYCWWDGPY;ID=YMHLPWIKZIM;NAME=Ixx;GROUP=Mass_Props;VALUE=0 
 PARM;GEOM_ID=IJYCWWDGPY;ID=VQONWCRWFGP;NAME=Ixy;GROUP=Mass_Props;VALUE=0 
 PARM;GEOM_ID=IJYCWWDGPY;ID=IYUHLJPTGHY;NAME=Ixz;GROUP=Mass_Props;VALUE=0 
 PARM;GEOM_ID=IJYCWWDGPY;ID=OOBLFFFSHMN;NAME=Iyy;GROUP=Mass_Props;VALUE=0 
 PARM;GEOM_ID=IJYCWWDGPY;ID=SOBZKETVBSR;NAME=Iyz;GROUP=Mass_Props;VALUE=0 
 PARM;GEOM_ID=IJYCWWDGPY;ID=SMZYQDQTHPT;NAME=Izz;GROUP=Mass_Props;VALUE=0 
 PARM;GEOM_ID=IJYCWWDGPY;ID=THJPJLQHSFO;NAME=Mass_Area;GROUP=Mass_Props;VALUE=1 
 PARM;GEOM_ID=IJYCWWDGPY;ID=WRJIPMYGOYZ;NAME=Mass_Prior;GROUP=Mass_Props;VALUE=0 
 PARM;GEOM_ID=IJYCWWDGPY;ID=RZRJPDQBJOG;NAME=PointMass;GROUP=Mass_Props;VALUE=0 
 PARM;GEOM_ID=IJYCWWDGPY;ID=RIOVJTUJEKN;NAME=Shell_Flag;GROUP=Mass_Props;VALUE=0 
 PARM;GEOM_ID=IJYCWWDGPY;ID=JQGZBAYWWQO;NAME=CorrectAirfoilthicknessFlag;GROUP=WingGeom;VALUE=1 
 PARM;GEOM_ID=IJYCWWDGPY;ID=YZOFKHJOLJS;NAME=CurvedArea;GROUP=WingGeom;VALUE=172.227 
 PARM;GEOM_ID=IJYCWWDGPY;ID=SBAVSGXGHQI;NAME=LECluster;GROUP=WingGeom;VALUE=0.25 
 PARM;GEOM_ID=IJYCWWDGPY;ID=CKITSIWFLMW;NAME=MAC;GROUP=WingGeom;VALUE=10.5944 
 PARM;GEOM_ID=IJYCWWDGPY;ID=TJDORGGNMNP;NAME=MaxGrowth;GROUP=WingGeom;VALUE=1.43701 
 PARM;GEOM_ID=IJYCWWDGPY;ID=YBDKEVGSMPI;NAME=RelativeDihedralFlag;GROUP=WingGeom;VALUE=0 
 PARM;GEOM_ID=IJYCWWDGPY;ID=BWAGSUCWIKL;NAME=RelativeTwistFlag;GROUP=WingGeom;VALUE=0 
 PARM;GEOM_ID=IJYCWWDGPY;ID=HFZVEOKVFCF;NAME=RotateAirfoilMatchDideralFlag;GROUP=WingGeom;VALUE=1 
 PARM;GEOM_ID=IJYCWWDGPY;ID=MWTJXYLGTZW;NAME=SmallPanelW;GROUP=WingGeom;VALUE=0.0551821 
 PARM;GEOM_ID=IJYCWWDGPY;ID=PGUQXEOYETA;NAME=TECluster;GROUP=WingGeom;VALUE=0.25 
 PARM;GEOM_ID=IJYCWWDGPY;ID=QCEDNOEOZJM;NAME=TotalAR;GROUP=WingGeom;VALUE=1.95335 
 PARM;GEOM_ID=IJYCWWDGPY;ID=OJRUAXAJJQZ;NAME=TotalArea;GROUP=WingGeom;VALUE=172.227 
 PARM;GEOM_ID=IJYCWWDGPY;ID=CAWDSQRXJBK;NAME=TotalChord;GROUP=WingGeom;VALUE=9.2985 
 PARM;GEOM_ID=IJYCWWDGPY;ID=ZXCJTVOTOVJ;NAME=TotalProjectedSpan;GROUP=WingGeom;VALUE=18.3417 
 PARM;GEOM_ID=IJYCWWDGPY;ID=FOLKTNVAEKQ;NAME=TotalSpan;GROUP=WingGeom;VALUE=18.522 
 PARM;GEOM_ID=IJYCWWDGPY;ID=GXFOUTKRZPZ;NAME=TwistAllInXZPlaneFlag;GROUP=WingGeom;VALUE=0 
 PARM;GEOM_ID=IJYCWWDGPY;ID=PPHBPWEDAJO;NAME=X_Len;GROUP=BBox;VALUE=16.0327 
 PARM;GEOM_ID=IJYCWWDGPY;ID=EPELBXOYTBC;NAME=X_Min;GROUP=BBox;VALUE=48.6885 
 PARM;GEOM_ID=IJYCWWDGPY;ID=JFTNTYXOQNU;NAME=Y_Len;GROUP=BBox;VALUE=10.9048 
 PARM;GEOM_ID=IJYCWWDGPY;ID=RHNMVQUZWFO;NAME=Y_Min;GROUP=BBox;VALUE=-5.45242 
 PARM;GEOM_ID=IJYCWWDGPY;ID=NCYUJOLZGXD;NAME=Z_Len;GROUP=BBox;VALUE=9.18003 
 PARM;GEOM_ID=IJYCWWDGPY;ID=QVTPLRPQFDE;NAME=Z_Min;GROUP=BBox;VALUE=2.13115 
 PARM;GEOM_ID=IJYCWWDGPY;ID=TCXJOUWMUTC;NAME=CapUMaxLength;GROUP=EndCap;VALUE=1 
 PARM;GEOM_ID=IJYCWWDGPY;ID=JBUABMIJWAO;NAME=CapUMaxOffset;GROUP=EndCap;VALUE=0 
 PARM;GEOM_ID=IJYCWWDGPY;ID=ABDALGOMJKP;NAME=CapUMaxOption;GROUP=EndCap;VALUE=1 
 PARM;GEOM_ID=IJYCWWDGPY;ID=DKTSQRDQCLP;NAME=CapUMaxStrength;GROUP=EndCap;VALUE=0.5 
 PARM;GEOM_ID=IJYCWWDGPY;ID=PHXQATKQYHI;NAME=CapUMaxSweepFlag;GROUP=EndCap;VALUE=0 
 PARM;GEOM_ID=IJYCWWDGPY;ID=XNPKOGNJUVS;NAME=CapUMinLength;GROUP=EndCap;VALUE=1 
 PARM;GEOM_ID=IJYCWWDGPY;ID=XOVGEWCYNMO;NAME=CapUMinOffset;GROUP=EndCap;VALUE=0 
 PARM;GEOM_ID=IJYCWWDGPY;ID=IMGLMOHALOS;NAME=CapUMinOption;GROUP=EndCap;VALUE=1 
 PARM;GEOM_ID=IJYCWWDGPY;ID=SOIVMHJDZKK;NAME=CapUMinStrength;GROUP=EndCap;VALUE=0.5 
 PARM;GEOM_ID=IJYCWWDGPY;ID=HSPFBHTBZHI;NAME=CapUMinSweepFlag;GROUP=EndCap;VALUE=0 
 PARM;GEOM_ID=IJYCWWDGPY;ID=MPWFONEZXXV;NAME=CapUMinTess;GROUP=EndCap;VALUE=3 
 PARM;GEOM_ID=IJYCWWDGPY;ID=PDKFTVAXQLY;NAME=ExpandedList;GROUP=ParasiteDragProps;VALUE=0 
 PARM;GEOM_ID=IJYCWWDGPY;ID=TEXWNPHWOZJ;NAME=FFBodyEqnType;GROUP=ParasiteDragProps;VALUE=3 
 PARM;GEOM_ID=IJYCWWDGPY;ID=XQQGCKYYRFE;NAME=FFUser;GROUP=ParasiteDragProps;VALUE=1 
 PARM;GEOM_ID=IJYCWWDGPY;ID=IWUCNNMYZFX;NAME=FFWingEqnType;GROUP=ParasiteDragProps;VALUE=3 
 PARM;GEOM_ID=IJYCWWDGPY;ID=TKYOVBQYBSG;NAME=IncorporatedGen;GROUP=ParasiteDragProps;VALUE=0 
 PARM;GEOM_ID=IJYCWWDGPY;ID=OCPFBYMPDEK;NAME=PercLam;GROUP=ParasiteDragProps;VALUE=0 
 PARM;GEOM_ID=IJYCWWDGPY;ID=OVXHDXASZBN;NAME=Q;GROUP=ParasiteDragProps;VALUE=1 
 PARM;GEOM_ID=IJYCWWDGPY;ID=TBZVZPWBVQA;NAME=Roughness;GROUP=ParasiteDragProps;VALUE=0 
 PARM;GEOM_ID=IJYCWWDGPY;ID=VFFRYEIKOXY;NAME=TawTwRatio;GROUP=ParasiteDragProps;VALUE=1 
 PARM;GEOM_ID=IJYCWWDGPY;ID=WHAPNTJWBQS;NAME=TeTwRatio;GROUP=ParasiteDragProps;VALUE=1 
 PARM;GEOM_ID=IJYCWWDGPY;ID=ZWDHUAIHNPB;NAME=ActiveAirfoil;GROUP=Index;VALUE=1 
 PARM;GEOM_ID=IJYCWWDGPY;ID=QUFYEUTXTUI;NAME=ActiveXSec;GROUP=Index;VALUE=1 
 PARM;GEOM_ID=IJYCWWDGPY;ID=NSGCLPCVBMV;NAME=Area;GROUP=XSec;VALUE=8.1555 
 PARM;GEOM_ID=IJYCWWDGPY;ID=LHQCZINIYYM;NAME=Aspect;GROUP=XSec;VALUE=0.122617 
 PARM;GEOM_ID=IJYCWWDGPY;ID=XCNAFVGIVHS;NAME=Avg_Chord;GROUP=XSec;VALUE=8.1555 
 PARM;GEOM_ID=IJYCWWDGPY;ID=JCFZQEMQDTD;NAME=Dihedral;GROUP=XSec;VALUE=0 
 PARM;GEOM_ID=IJYCWWDGPY;ID=FXMUBQPFRMR;NAME=InCluster;GROUP=XSec;VALUE=1 
 PARM;GEOM_ID=IJYCWWDGPY;ID=VRHYZZJXIJK;NAME=InLEDihedral;GROUP=XSec;VALUE=8 
 PARM;GEOM_ID=IJYCWWDGPY;ID=NLXVIXVEZTY;NAME=InLEMode;GROUP=XSec;VALUE=0 
 PARM;GEOM_ID=IJYCWWDGPY;ID=ILCONQSVBPP;NAME=InLEStrength;GROUP=XSec;VALUE=1 
 PARM;GEOM_ID=IJYCWWDGPY;ID=BSXESBNQFLR;NAME=InLESweep;GROUP=XSec;VALUE=54 
 PARM;GEOM_ID=IJYCWWDGPY;ID=TMJGNPYWZZN;NAME=InTEDihedral;GROUP=XSec;VALUE=8 
 PARM;GEOM_ID=IJYCWWDGPY;ID=OVWNZTEHHMY;NAME=InTEMode;GROUP=XSec;VALUE=0 
 PARM;GEOM_ID=IJYCWWDGPY;ID=OBMNNASFRCF;NAME=InTEStrength;GROUP=XSec;VALUE=1 
 PARM;GEOM_ID=IJYCWWDGPY;ID=SRVJOTQYNBR;NAME=InTESweep;GROUP=XSec;VALUE=4.45583 
 PARM;GEOM_ID=IJYCWWDGPY;ID=JQHMJUVTOHD;NAME=OutCluster;GROUP=XSec;VALUE=1 
 PARM;GEOM_ID=IJYCWWDGPY;ID=MFOXYRXCXBP;NAME=OutLEDihedral;GROUP=XSec;VALUE=-8 
 PARM;GEOM_ID=IJYCWWDGPY;ID=GRLQUIYDBRF;NAME=OutLEMode;GROUP=XSec;VALUE=0 
 PARM;GEOM_ID=IJYCWWDGPY;ID=MRVGUYAIOSG;NAME=OutLEStrength;GROUP=XSec;VALUE=1 
 PARM;GEOM_ID=IJYCWWDGPY;ID=RXIAJAVKEHS;NAME=OutLESweep;GROUP=XSec;VALUE=54 
 PARM;GEOM_ID=IJYCWWDGPY;ID=DZENJEPJMMJ;NAME=OutTEDihedral;GROUP=XSec;VALUE=-8 
 PARM;GEOM_ID=IJYCWWDGPY;ID=HSJFUJIBNNK;NAME=OutTEMode;GROUP=XSec;VALUE=0 
 PARM;GEOM_ID=IJYCWWDGPY;ID=MYPQUHKELKU;NAME=OutTEStrength;GROUP=XSec;VALUE=1 
 PARM;GEOM_ID=IJYCWWDGPY;ID=MMTWTKTQTQT;NAME=OutTESweep;GROUP=XSec;VALUE=4.45583 
 PARM;GEOM_ID=IJYCWWDGPY;ID=FMNSVCDQKIR;NAME=ProjectedSpan;GROUP=XSec;VALUE=0 
 PARM;GEOM_ID=IJYCWWDGPY;ID=EOAJHMDUERJ;NAME=Root_Chord;GROUP=XSec;VALUE=1 
 PARM;GEOM_ID=IJYCWWDGPY;ID=XBROGQAKGCA;NAME=RotateMatchDideralFlag;GROUP=XSec;VALUE=0 
 PARM;GEOM_ID=IJYCWWDGPY;ID=OHADQAZPSMC;NAME=Sec_Sweep;GROUP=XSec;VALUE=86.0029 
 PARM;GEOM_ID=IJYCWWDGPY;ID=TUYPBDBIOVG;NAME=Sec_Sweep_Location;GROUP=XSec;VALUE=1 
 PARM;GEOM_ID=IJYCWWDGPY;ID=WKKBRXZNLQR;NAME=SectTess_U;GROUP=XSec;VALUE=6 
 PARM;GEOM_ID=IJYCWWDGPY;ID=YFJSFBTLBFY;NAME=Span;GROUP=XSec;VALUE=1 
 PARM;GEOM_ID=IJYCWWDGPY;ID=BTSXWMOPARV;NAME=Sweep;GROUP=XSec;VALUE=0 
 PARM;GEOM_ID=IJYCWWDGPY;ID=KVMMVCTIJMK;NAME=Sweep_Location;GROUP=XSec;VALUE=0 
 PARM;GEOM_ID=IJYCWWDGPY;ID=BGFPEHPHTHQ;NAME=Taper;GROUP=XSec;VALUE=15.311 
 PARM;GEOM_ID=IJYCWWDGPY;ID=WRYYJXDOLPP;NAME=Tip_Chord;GROUP=XSec;VALUE=15.311 
 PARM;GEOM_ID=IJYCWWDGPY;ID=BNBLTVFWUDX;NAME=Twist;GROUP=XSec;VALUE=0 
 PARM;GEOM_ID=IJYCWWDGPY;ID=BVLPUWMSHAT;NAME=TwistInXZPlaneFlag;GROUP=XSec;VALUE=0 
 PARM;GEOM_ID=IJYCWWDGPY;ID=VNOETTPBPID;NAME=Twist_Location;GROUP=XSec;VALUE=0.25 
 PARM;GEOM_ID=IJYCWWDGPY;ID=AJCUZYYUJCB;NAME=Area;GROUP=XSecCurve;VALUE=7.16139 
 PARM;GEOM_ID=IJYCWWDGPY;ID=QICOUYKCBRP;NAME=Camber;GROUP=XSecCurve;VALUE=0 
 PARM;GEOM_ID=IJYCWWDGPY;ID=MUMEHJZBVIU;NAME=CamberInputFlag;GROUP=XSecCurve;VALUE=0 
 PARM;GEOM_ID=IJYCWWDGPY;ID=BGOPFEHAKYM;NAME=CamberLoc;GROUP=XSecCurve;VALUE=0.2 
 PARM;GEOM_ID=IJYCWWDGPY;ID=VZISJNYBESD;NAME=Chord;GROUP=XSecCurve;VALUE=15.311 
 PARM;GEOM_ID=IJYCWWDGPY;ID=QXMGPXPBBBK;NAME=DeltaX;GROUP=XSecCurve;VALUE=0 
 PARM;GEOM_ID=IJYCWWDGPY;ID=ZDBRKJMDLVF;NAME=DeltaY;GROUP=XSecCurve;VALUE=0 
 PARM;GEOM_ID=IJYCWWDGPY;ID=PNOWSVWZMZM;NAME=FitDegree;GROUP=XSecCurve;VALUE=7 
 PARM;GEOM_ID=IJYCWWDGPY;ID=DGSUGUVXFAM;NAME=HWRatio;GROUP=XSecCurve;VALUE=0.045 
 PARM;GEOM_ID=IJYCWWDGPY;ID=VIDXDBQDZNQ;NAME=IdealCl;GROUP=XSecCurve;VALUE=0 
 PARM;GEOM_ID=IJYCWWDGPY;ID=ETLQPCMOGOA;NAME=Invert;GROUP=XSecCurve;VALUE=0 
 PARM;GEOM_ID=IJYCWWDGPY;ID=SIYKCVJUCLU;NAME=Scale;GROUP=XSecCurve;VALUE=1 
 PARM;GEOM_ID=IJYCWWDGPY;ID=WIEETRETKBV;NAME=SharpTEFlag;GROUP=XSecCurve;VALUE=1 
 PARM;GEOM_ID=IJYCWWDGPY;ID=BTQRXEJZMJQ;NAME=ShiftLE;GROUP=XSecCurve;VALUE=0 
 PARM;GEOM_ID=IJYCWWDGPY;ID=WWCFFCJVPXB;NAME=Theta;GROUP=XSecCurve;VALUE=0 
 PARM;GEOM_ID=IJYCWWDGPY;ID=YWQKAVSEFUL;NAME=ThickChord;GROUP=XSecCurve;VALUE=0.045 
 PARM;GEOM_ID=IJYCWWDGPY;ID=CQYHIUXGGEU;NAME=LE_Cap_Length;GROUP=Cap;VALUE=1 
 PARM;GEOM_ID=IJYCWWDGPY;ID=SLCSOVGXPON;NAME=LE_Cap_Offset;GROUP=Cap;VALUE=0 
 PARM;GEOM_ID=IJYCWWDGPY;ID=ZHJPKDIJLOR;NAME=LE_Cap_Strength;GROUP=Cap;VALUE=0.5 
 PARM;GEOM_ID=IJYCWWDGPY;ID=ILYYXAPYTCN;NAME=LE_Cap_Type;GROUP=Cap;VALUE=1 
 PARM;GEOM_ID=IJYCWWDGPY;ID=HTZDCEKGNWY;NAME=TE_Cap_Length;GROUP=Cap;VALUE=1 
 PARM;GEOM_ID=IJYCWWDGPY;ID=GWORLNNFLYK;NAME=TE_Cap_Offset;GROUP=Cap;VALUE=0 
 PARM;GEOM_ID=IJYCWWDGPY;ID=CRVLOOWIOSZ;NAME=TE_Cap_Strength;GROUP=Cap;VALUE=0.5 
 PARM;GEOM_ID=IJYCWWDGPY;ID=UDXXKWTOJFE;NAME=TE_Cap_Type;GROUP=Cap;VALUE=1 
 PARM;GEOM_ID=IJYCWWDGPY;ID=QKJKPNCFDQJ;NAME=LE_Close_AbsRel;GROUP=Close;VALUE=0 
 PARM;GEOM_ID=IJYCWWDGPY;ID=TKPVNNSMUDG;NAME=LE_Close_Thick;GROUP=Close;VALUE=0 
 PARM;GEOM_ID=IJYCWWDGPY;ID=CHZZDGZDHGB;NAME=LE_Close_Thick_Chord;GROUP=Close;VALUE=0 
 PARM;GEOM_ID=IJYCWWDGPY;ID=JMNJFROOIXR;NAME=LE_Close_Type;GROUP=Close;VALUE=0 
 PARM;GEOM_ID=IJYCWWDGPY;ID=ZUQTHXPILLZ;NAME=TE_Close_AbsRel;GROUP=Close;VALUE=0 
 PARM;GEOM_ID=IJYCWWDGPY;ID=WIWYTZAVEAN;NAME=TE_Close_Thick;GROUP=Close;VALUE=0 
 PARM;GEOM_ID=IJYCWWDGPY;ID=DONJLSFNHBC;NAME=TE_Close_Thick_Chord;GROUP=Close;VALUE=0 
 PARM;GEOM_ID=IJYCWWDGPY;ID=KBMZQJLCPRO;NAME=TE_Close_Type;GROUP=Close;VALUE=0 
 PARM;GEOM_ID=IJYCWWDGPY;ID=AJTJUMJWKEE;NAME=LE_Trim_AbsRel;GROUP=Trim;VALUE=0 
 PARM;GEOM_ID=IJYCWWDGPY;ID=YKMPNRTMDNT;NAME=LE_Trim_Thick;GROUP=Trim;VALUE=0 
 PARM;GEOM_ID=IJYCWWDGPY;ID=VQRJPFJWSCX;NAME=LE_Trim_Thick_Chord;GROUP=Trim;VALUE=0 
 PARM;GEOM_ID=IJYCWWDGPY;ID=MKCQRGFYNDV;NAME=LE_Trim_Type;GROUP=Trim;VALUE=0 
 PARM;GEOM_ID=IJYCWWDGPY;ID=YQSDLVGSJWE;NAME=LE_Trim_X;GROUP=Trim;VALUE=0 
 PARM;GEOM_ID=IJYCWWDGPY;ID=SKKUGTGQJDM;NAME=LE_Trim_X_Chord;GROUP=Trim;VALUE=0 
 PARM;GEOM_ID=IJYCWWDGPY;ID=BXMTHIUDWBI;NAME=TE_Trim_AbsRel;GROUP=Trim;VALUE=0 
 PARM;GEOM_ID=IJYCWWDGPY;ID=BODQORSZIAZ;NAME=TE_Trim_Thick;GROUP=Trim;VALUE=0 
 PARM;GEOM_ID=IJYCWWDGPY;ID=EMNMIYKMLCW;NAME=TE_Trim_Thick_Chord;GROUP=Trim;VALUE=0 
 PARM;GEOM_ID=IJYCWWDGPY;ID=QUKPOKXWFOR;NAME=TE_Trim_Type;GROUP=Trim;VALUE=0 
 PARM;GEOM_ID=IJYCWWDGPY;ID=XFPPROURQBG;NAME=TE_Trim_X;GROUP=Trim;VALUE=0 
 PARM;GEOM_ID=IJYCWWDGPY;ID=OPLHEHDFHQW;NAME=TE_Trim_X_Chord;GROUP=Trim;VALUE=0 
 PARM;GEOM_ID=IJYCWWDGPY;ID=IZLEJFEOHUK;NAME=TE_Flap_DT;GROUP=Flap;VALUE=0 
 PARM;GEOM_ID=IJYCWWDGPY;ID=ZPQJUHVAYYX;NAME=TE_Flap_Deflection;GROUP=Flap;VALUE=0 
 PARM;GEOM_ID=IJYCWWDGPY;ID=OLWLPWDYCRD;NAME=TE_Flap_Flag;GROUP=Flap;VALUE=0 
 PARM;GEOM_ID=IJYCWWDGPY;ID=ZOKDLXNGELR;NAME=TE_Flap_T;GROUP=Flap;VALUE=0.2 
 PARM;GEOM_ID=IJYCWWDGPY;ID=WABRABSDICT;NAME=TE_Flap_Type;GROUP=Flap;VALUE=0 
 PARM;GEOM_ID=IJYCWWDGPY;ID=PPYZDMCQUTT;NAME=TE_Flap_X;GROUP=Flap;VALUE=0 
 PARM;GEOM_ID=IJYCWWDGPY;ID=GPXQOQSYQAJ;NAME=TE_Flap_X_Chord;GROUP=Flap;VALUE=0.2 
 PARM;GEOM_ID=IJYCWWDGPY;ID=ASIZRVZZLST;NAME=TE_Flap_Y_Frc;GROUP=Flap;VALUE=0.5 
 PARM;GEOM_ID=IJYCWWDGPY;ID=HTDLWECXIZG;NAME=TE_Trim_AbsRel;GROUP=Flap;VALUE=1 
 PARM;GEOM_ID=IJYCWWDGPY;ID=PYDVRZCXUCI;NAME=XSecFlipImageFlag;GROUP=XSecCurve_Background;VALUE=0 
 PARM;GEOM_ID=IJYCWWDGPY;ID=UYKXCUBPCJV;NAME=XSecImageFlag;GROUP=XSecCurve_Background;VALUE=0 
 PARM;GEOM_ID=IJYCWWDGPY;ID=YFUVVVFKZUD;NAME=XSecImageH;GROUP=XSecCurve_Background;VALUE=1 
 PARM;GEOM_ID=IJYCWWDGPY;ID=QKDAJSRLQUW;NAME=XSecImagePreserveAR;GROUP=XSecCurve_Background;VALUE=1 
 PARM;GEOM_ID=IJYCWWDGPY;ID=RRIECPCNDFG;NAME=XSecImageW;GROUP=XSecCurve_Background;VALUE=1 
 PARM;GEOM_ID=IJYCWWDGPY;ID=KTSDFROAPHM;NAME=XSecImageXOffset;GROUP=XSecCurve_Background;VALUE=0 
 PARM;GEOM_ID=IJYCWWDGPY;ID=YQQEMQDUMZE;NAME=XSecImageYOffset;GROUP=XSecCurve_Background;VALUE=0 
 PARM;GEOM_ID=IJYCWWDGPY;ID=ARTXUSQKEHD;NAME=XSecLockImageFlag;GROUP=XSecCurve_Background;VALUE=0 
 PARM;GEOM_ID=IJYCWWDGPY;ID=ECWATONFWXC;NAME=AllSym;GROUP=Chevron;VALUE=1 
 PARM;GEOM_ID=IJYCWWDGPY;ID=BFUWJWDRLHD;NAME=BottomAmplitude;GROUP=Chevron;VALUE=1 
 PARM;GEOM_ID=IJYCWWDGPY;ID=JARGGNKTURN;NAME=Bottom_Angle;GROUP=Chevron;VALUE=0 
 PARM;GEOM_ID=IJYCWWDGPY;ID=UCLCRLTJMAY;NAME=Bottom_Slew;GROUP=Chevron;VALUE=0 
 PARM;GEOM_ID=IJYCWWDGPY;ID=NMUMXAHJJXL;NAME=Chevron_Type;GROUP=Chevron;VALUE=0 
 PARM;GEOM_ID=IJYCWWDGPY;ID=CQZPYCOVNBB;NAME=LeftAmplitude;GROUP=Chevron;VALUE=1 
 PARM;GEOM_ID=IJYCWWDGPY;ID=RCUUOUUVYXK;NAME=Left_Angle;GROUP=Chevron;VALUE=0 
 PARM;GEOM_ID=IJYCWWDGPY;ID=OAJIHPTONYC;NAME=Left_Slew;GROUP=Chevron;VALUE=0 
 PARM;GEOM_ID=IJYCWWDGPY;ID=OYHUEWPQQTE;NAME=Number;GROUP=Chevron;VALUE=8 
 PARM;GEOM_ID=IJYCWWDGPY;ID=SRJYFWMHECX;NAME=Off_Duty;GROUP=Chevron;VALUE=0 
 PARM;GEOM_ID=IJYCWWDGPY;ID=QHROXMAJETQ;NAME=On_Duty;GROUP=Chevron;VALUE=0 
 PARM;GEOM_ID=IJYCWWDGPY;ID=VNKWBSLFYFH;NAME=Peak_Radius;GROUP=Chevron;VALUE=0 
 PARM;GEOM_ID=IJYCWWDGPY;ID=CNVQNUBSGCW;NAME=RLSym;GROUP=Chevron;VALUE=1 
 PARM;GEOM_ID=IJYCWWDGPY;ID=IMEYAUPFTKX;NAME=RightAmplitude;GROUP=Chevron;VALUE=1 
 PARM;GEOM_ID=IJYCWWDGPY;ID=TFUTCFMVXBW;NAME=Right_Angle;GROUP=Chevron;VALUE=0 
 PARM;GEOM_ID=IJYCWWDGPY;ID=WGGTOGBZYES;NAME=Right_Slew;GROUP=Chevron;VALUE=0 
 PARM;GEOM_ID=IJYCWWDGPY;ID=RFVRNRPZULO;NAME=TBSym;GROUP=Chevron;VALUE=1 
 PARM;GEOM_ID=IJYCWWDGPY;ID=XBVEBBAGMBU;NAME=TopAmplitude;GROUP=Chevron;VALUE=1 
 PARM;GEOM_ID=IJYCWWDGPY;ID=JEYIJIMWSGT;NAME=Top_Angle;GROUP=Chevron;VALUE=0 
 PARM;GEOM_ID=IJYCWWDGPY;ID=HREZTZIYUMB;NAME=Top_Slew;GROUP=Chevron;VALUE=0 
 PARM;GEOM_ID=IJYCWWDGPY;ID=IQAUSTNDBFA;NAME=Valley_Radius;GROUP=Chevron;VALUE=0 
 PARM;GEOM_ID=IJYCWWDGPY;ID=FGJQXIENQGE;NAME=W01_Center;GROUP=Chevron;VALUE=0.25 
 PARM;GEOM_ID=IJYCWWDGPY;ID=KJLOJZUXXOG;NAME=W01_Center_Guide;GROUP=Chevron;VALUE=5 
 PARM;GEOM_ID=IJYCWWDGPY;ID=MMUFLXLSOTW;NAME=W01_End;GROUP=Chevron;VALUE=0.5 
 PARM;GEOM_ID=IJYCWWDGPY;ID=PPXWEIFJIHR;NAME=W01_End_Guide;GROUP=Chevron;VALUE=5 
 PARM;GEOM_ID=IJYCWWDGPY;ID=TPXEMXVNYUE;NAME=W01_Mode;GROUP=Chevron;VALUE=0 
 PARM;GEOM_ID=IJYCWWDGPY;ID=RPMGCUAYSXD;NAME=W01_Start;GROUP=Chevron;VALUE=0 
 PARM;GEOM_ID=IJYCWWDGPY;ID=GROTWDTTXTX;NAME=W01_Start_Guide;GROUP=Chevron;VALUE=5 
 PARM;GEOM_ID=IJYCWWDGPY;ID=DHFMEINGHNA;NAME=W01_Width;GROUP=Chevron;VALUE=0.5 
 PARM;GEOM_ID=IJYCWWDGPY;ID=SNDUGQNSTKE;NAME=Area;GROUP=XSec;VALUE=86.1134 
 PARM;GEOM_ID=IJYCWWDGPY;ID=TKEFHULUYPW;NAME=Aspect;GROUP=XSec;VALUE=0.995967 
 PARM;GEOM_ID=IJYCWWDGPY;ID=ILDBKAXIGQZ;NAME=Avg_Chord;GROUP=XSec;VALUE=9.2985 
 PARM;GEOM_ID=IJYCWWDGPY;ID=HEDVQFETOQB;NAME=Dihedral;GROUP=XSec;VALUE=-8 
 PARM;GEOM_ID=IJYCWWDGPY;ID=MTMLFPGUOEF;NAME=InCluster;GROUP=XSec;VALUE=1 
 PARM;GEOM_ID=IJYCWWDGPY;ID=SWYPQSORBUZ;NAME=InLEDihedral;GROUP=XSec;VALUE=1.19375e-14 
 PARM;GEOM_ID=IJYCWWDGPY;ID=DFTSNXEJVWJ;NAME=InLEMode;GROUP=XSec;VALUE=0 
 PARM;GEOM_ID=IJYCWWDGPY;ID=RNPHYRJAXHH;NAME=InLEStrength;GROUP=XSec;VALUE=1 
 PARM;GEOM_ID=IJYCWWDGPY;ID=IECCGXTDBBW;NAME=InLESweep;GROUP=XSec;VALUE=54 
 PARM;GEOM_ID=IJYCWWDGPY;ID=BWMJNQTLWJD;NAME=InTEDihedral;GROUP=XSec;VALUE=-7.03798e-15 
 PARM;GEOM_ID=IJYCWWDGPY;ID=TANVOQSGVXG;NAME=InTEMode;GROUP=XSec;VALUE=0 
 PARM;GEOM_ID=IJYCWWDGPY;ID=VQGQGYDOCGZ;NAME=InTEStrength;GROUP=XSec;VALUE=1 
 PARM;GEOM_ID=IJYCWWDGPY;ID=JMHZZXMUWWC;NAME=InTESweep;GROUP=XSec;VALUE=4.45583 
 PARM;GEOM_ID=IJYCWWDGPY;ID=HDWEXYTGFHV;NAME=OutCluster;GROUP=XSec;VALUE=1 
 PARM;GEOM_ID=IJYCWWDGPY;ID=MRAYYCTTJEQ;NAME=OutLEDihedral;GROUP=XSec;VALUE=-1.19375e-14 
 PARM;GEOM_ID=IJYCWWDGPY;ID=VNWBOATMSFM;NAME=OutLEMode;GROUP=XSec;VALUE=0 
 PARM;GEOM_ID=IJYCWWDGPY;ID=YAXDMVYXQRE;NAME=OutLEStrength;GROUP=XSec;VALUE=1 
 PARM;GEOM_ID=IJYCWWDGPY;ID=QCEZWQRBKPQ;NAME=OutLESweep;GROUP=XSec;VALUE=54 
 PARM;GEOM_ID=IJYCWWDGPY;ID=VPRAMHRBONU;NAME=OutTEDihedral;GROUP=XSec;VALUE=7.03798e-15 
 PARM;GEOM_ID=IJYCWWDGPY;ID=KJNWYEITDFW;NAME=OutTEMode;GROUP=XSec;VALUE=0 
 PARM;GEOM_ID=IJYCWWDGPY;ID=GNSGHIFSTEJ;NAME=OutTEStrength;GROUP=XSec;VALUE=1 
 PARM;GEOM_ID=IJYCWWDGPY;ID=BJRBYRZGPHX;NAME=OutTESweep;GROUP=XSec;VALUE=4.45583 
 PARM;GEOM_ID=IJYCWWDGPY;ID=EVFAUSOIVOJ;NAME=ProjectedSpan;GROUP=XSec;VALUE=9.17087 
 PARM;GEOM_ID=IJYCWWDGPY;ID=ZKMTOHGPVSM;NAME=Root_Chord;GROUP=XSec;VALUE=15.311 
 PARM;GEOM_ID=IJYCWWDGPY;ID=TRSIRKVLIHE;NAME=RotateMatchDideralFlag;GROUP=XSec;VALUE=0 
 PARM;GEOM_ID=IJYCWWDGPY;ID=UPRSEOCVMNY;NAME=Sec_Sweep;GROUP=XSec;VALUE=4.45583 
 PARM;GEOM_ID=IJYCWWDGPY;ID=FZAIUSQSJTP;NAME=Sec_Sweep_Location;GROUP=XSec;VALUE=1 
 PARM;GEOM_ID=IJYCWWDGPY;ID=VDJHPLJVKCC;NAME=SectTess_U;GROUP=XSec;VALUE=6 
 PARM;GEOM_ID=IJYCWWDGPY;ID=GFRYWXYRROW;NAME=Span;GROUP=XSec;VALUE=9.261 
 PARM;GEOM_ID=IJYCWWDGPY;ID=KDBFWQWNCXK;NAME=Sweep;GROUP=XSec;VALUE=54 
 PARM;GEOM_ID=IJYCWWDGPY;ID=GMZUWZYVMAO;NAME=Sweep_Location;GROUP=XSec;VALUE=0 
 PARM;GEOM_ID=IJYCWWDGPY;ID=LPCDGBELOBD;NAME=Taper;GROUP=XSec;VALUE=0.214617 
 PARM;GEOM_ID=IJYCWWDGPY;ID=GWIJSYBTZTB;NAME=Tip_Chord;GROUP=XSec;VALUE=3.286 
 PARM;GEOM_ID=IJYCWWDGPY;ID=UJTNDSBMWCG;NAME=Twist;GROUP=XSec;VALUE=0 
 PARM;GEOM_ID=IJYCWWDGPY;ID=XRBNGGBJVWD;NAME=TwistInXZPlaneFlag;GROUP=XSec;VALUE=0 
 PARM;GEOM_ID=IJYCWWDGPY;ID=SHKGZZGAAGJ;NAME=Twist_Location;GROUP=XSec;VALUE=0.25 
 PARM;GEOM_ID=IJYCWWDGPY;ID=QPRETBBVFMJ;NAME=Area;GROUP=XSecCurve;VALUE=0.293206 
 PARM;GEOM_ID=IJYCWWDGPY;ID=WNFIVVCVCZE;NAME=Camber;GROUP=XSecCurve;VALUE=0 
 PARM;GEOM_ID=IJYCWWDGPY;ID=OKQTJZIKPZU;NAME=CamberInputFlag;GROUP=XSecCurve;VALUE=0 
 PARM;GEOM_ID=IJYCWWDGPY;ID=SBFRBXOSBTP;NAME=CamberLoc;GROUP=XSecCurve;VALUE=0.2 
 PARM;GEOM_ID=IJYCWWDGPY;ID=SQJKYPZEKAT;NAME=Chord;GROUP=XSecCurve;VALUE=3.286 
 PARM;GEOM_ID=IJYCWWDGPY;ID=NUCJTWNNQPO;NAME=DeltaX;GROUP=XSecCurve;VALUE=0 
 PARM;GEOM_ID=IJYCWWDGPY;ID=DEWAZVZCCZS;NAME=DeltaY;GROUP=XSecCurve;VALUE=0 
 PARM;GEOM_ID=IJYCWWDGPY;ID=KSQSPJCDNBA;NAME=FitDegree;GROUP=XSecCurve;VALUE=7 
 PARM;GEOM_ID=IJYCWWDGPY;ID=AKQGPBSTLCI;NAME=HWRatio;GROUP=XSecCurve;VALUE=0.04 
 PARM;GEOM_ID=IJYCWWDGPY;ID=MUHZVTDVNXG;NAME=IdealCl;GROUP=XSecCurve;VALUE=0 
 PARM;GEOM_ID=IJYCWWDGPY;ID=YMRWWDMZSDS;NAME=Invert;GROUP=XSecCurve;VALUE=0 
 PARM;GEOM_ID=IJYCWWDGPY;ID=IWHJZQCWTXA;NAME=Scale;GROUP=XSecCurve;VALUE=1 
 PARM;GEOM_ID=IJYCWWDGPY;ID=JSHRYATMYKL;NAME=SharpTEFlag;GROUP=XSecCurve;VALUE=1 
 PARM;GEOM_ID=IJYCWWDGPY;ID=CUYQDHIRFAS;NAME=ShiftLE;GROUP=XSecCurve;VALUE=0 
 PARM;GEOM_ID=IJYCWWDGPY;ID=MVNSDYAOBKC;NAME=Theta;GROUP=XSecCurve;VALUE=0 
 PARM;GEOM_ID=IJYCWWDGPY;ID=MXSZHWZKDBO;NAME=ThickChord;GROUP=XSecCurve;VALUE=0.04 
 PARM;GEOM_ID=IJYCWWDGPY;ID=JHSGVXSYAJZ;NAME=LE_Cap_Length;GROUP=Cap;VALUE=1 
 PARM;GEOM_ID=IJYCWWDGPY;ID=WEQOIGBXRME;NAME=LE_Cap_Offset;GROUP=Cap;VALUE=0 
 PARM;GEOM_ID=IJYCWWDGPY;ID=EAXOXAPEDTK;NAME=LE_Cap_Strength;GROUP=Cap;VALUE=0.5 
 PARM;GEOM_ID=IJYCWWDGPY;ID=EWERIEHXANO;NAME=LE_Cap_Type;GROUP=Cap;VALUE=1 
 PARM;GEOM_ID=IJYCWWDGPY;ID=YSJPZXOALKA;NAME=TE_Cap_Length;GROUP=Cap;VALUE=1 
 PARM;GEOM_ID=IJYCWWDGPY;ID=KIYDPYTXHZN;NAME=TE_Cap_Offset;GROUP=Cap;VALUE=0 
 PARM;GEOM_ID=IJYCWWDGPY;ID=UZXTKPQCLUB;NAME=TE_Cap_Strength;GROUP=Cap;VALUE=0.5 
 PARM;GEOM_ID=IJYCWWDGPY;ID=AVKHDBGBHRE;NAME=TE_Cap_Type;GROUP=Cap;VALUE=1 
 PARM;GEOM_ID=IJYCWWDGPY;ID=RGSOIHGZKHH;NAME=LE_Close_AbsRel;GROUP=Close;VALUE=0 
 PARM;GEOM_ID=IJYCWWDGPY;ID=NKBFLIOVYZU;NAME=LE_Close_Thick;GROUP=Close;VALUE=0 
 PARM;GEOM_ID=IJYCWWDGPY;ID=JTGMMUUUNRW;NAME=LE_Close_Thick_Chord;GROUP=Close;VALUE=0 
 PARM;GEOM_ID=IJYCWWDGPY;ID=MEMHWKKUXPE;NAME=LE_Close_Type;GROUP=Close;VALUE=0 
 PARM;GEOM_ID=IJYCWWDGPY;ID=LCSQCNEIYSJ;NAME=TE_Close_AbsRel;GROUP=Close;VALUE=0 
 PARM;GEOM_ID=IJYCWWDGPY;ID=AALSTCJKWDR;NAME=TE_Close_Thick;GROUP=Close;VALUE=0 
 PARM;GEOM_ID=IJYCWWDGPY;ID=DXCWQIVRNPC;NAME=TE_Close_Thick_Chord;GROUP=Close;VALUE=0 
 PARM;GEOM_ID=IJYCWWDGPY;ID=CHMIJXWHRWS;NAME=TE_Close_Type;GROUP=Close;VALUE=0 
 PARM;GEOM_ID=IJYCWWDGPY;ID=AYMETFGJDQZ;NAME=LE_Trim_AbsRel;GROUP=Trim;VALUE=0 
 PARM;GEOM_ID=IJYCWWDGPY;ID=ANFDONDXPZV;NAME=LE_Trim_Thick;GROUP=Trim;VALUE=0 
 PARM;GEOM_ID=IJYCWWDGPY;ID=DBFMEIRQIPS;NAME=LE_Trim_Thick_Chord;GROUP=Trim;VALUE=0 
 PARM;GEOM_ID=IJYCWWDGPY;ID=FLDEDYRMKGH;NAME=LE_Trim_Type;GROUP=Trim;VALUE=0 
 PARM;GEOM_ID=IJYCWWDGPY;ID=AETTARASGND;NAME=LE_Trim_X;GROUP=Trim;VALUE=0 
 PARM;GEOM_ID=IJYCWWDGPY;ID=LVZEWLNPEUK;NAME=LE_Trim_X_Chord;GROUP=Trim;VALUE=0 
 PARM;GEOM_ID=IJYCWWDGPY;ID=JXFGVWYDFCM;NAME=TE_Trim_AbsRel;GROUP=Trim;VALUE=0 
 PARM;GEOM_ID=IJYCWWDGPY;ID=CHHOWHRSYHJ;NAME=TE_Trim_Thick;GROUP=Trim;VALUE=0 
 PARM;GEOM_ID=IJYCWWDGPY;ID=KRWBTLUPCWT;NAME=TE_Trim_Thick_Chord;GROUP=Trim;VALUE=0 
 PARM;GEOM_ID=IJYCWWDGPY;ID=PUZJEYYFMIQ;NAME=TE_Trim_Type;GROUP=Trim;VALUE=0 
 PARM;GEOM_ID=IJYCWWDGPY;ID=MTHZRDYQGLF;NAME=TE_Trim_X;GROUP=Trim;VALUE=0 
 PARM;GEOM_ID=IJYCWWDGPY;ID=RFFUMFJCEXG;NAME=TE_Trim_X_Chord;GROUP=Trim;VALUE=0 
 PARM;GEOM_ID=IJYCWWDGPY;ID=YLQVLMSZXJV;NAME=TE_Flap_DT;GROUP=Flap;VALUE=0 
 PARM;GEOM_ID=IJYCWWDGPY;ID=SYZUGTNBWRZ;NAME=TE_Flap_Deflection;GROUP=Flap;VALUE=0 
 PARM;GEOM_ID=IJYCWWDGPY;ID=SFIKOJWAJYD;NAME=TE_Flap_Flag;GROUP=Flap;VALUE=0 
 PARM;GEOM_ID=IJYCWWDGPY;ID=WLLCNIPKJTD;NAME=TE_Flap_T;GROUP=Flap;VALUE=0.2 
 PARM;GEOM_ID=IJYCWWDGPY;ID=UPAZTATTVND;NAME=TE_Flap_Type;GROUP=Flap;VALUE=0 
 PARM;GEOM_ID=IJYCWWDGPY;ID=WFZRVHBKJZD;NAME=TE_Flap_X;GROUP=Flap;VALUE=0 
 PARM;GEOM_ID=IJYCWWDGPY;ID=FJMRGXDWBZQ;NAME=TE_Flap_X_Chord;GROUP=Flap;VALUE=0.2 
 PARM;GEOM_ID=IJYCWWDGPY;ID=SDGXLIHJWHK;NAME=TE_Flap_Y_Frc;GROUP=Flap;VALUE=0.5 
 PARM;GEOM_ID=IJYCWWDGPY;ID=TWFUUWBFEBX;NAME=TE_Trim_AbsRel;GROUP=Flap;VALUE=1 
 PARM;GEOM_ID=IJYCWWDGPY;ID=XDZWGVNVTNM;NAME=XSecFlipImageFlag;GROUP=XSecCurve_Background;VALUE=0 
 PARM;GEOM_ID=IJYCWWDGPY;ID=WMAJCPKJASI;NAME=XSecImageFlag;GROUP=XSecCurve_Background;VALUE=0 
 PARM;GEOM_ID=IJYCWWDGPY;ID=HDPYKJXRRVU;NAME=XSecImageH;GROUP=XSecCurve_Background;VALUE=1 
 PARM;GEOM_ID=IJYCWWDGPY;ID=WPGFXXAGMIJ;NAME=XSecImagePreserveAR;GROUP=XSecCurve_Background;VALUE=1 
 PARM;GEOM_ID=IJYCWWDGPY;ID=NMZVVDBTPTF;NAME=XSecImageW;GROUP=XSecCurve_Background;VALUE=1 
 PARM;GEOM_ID=IJYCWWDGPY;ID=MOQDFOMVOYC;NAME=XSecImageXOffset;GROUP=XSecCurve_Background;VALUE=0 
 PARM;GEOM_ID=IJYCWWDGPY;ID=QZETEXDVGTJ;NAME=XSecImageYOffset;GROUP=XSecCurve_Background;VALUE=0 
 PARM;GEOM_ID=IJYCWWDGPY;ID=QDXFYFFXLGD;NAME=XSecLockImageFlag;GROUP=XSecCurve_Background;VALUE=0 
 PARM;GEOM_ID=IJYCWWDGPY;ID=GRLSMXOMIME;NAME=AllSym;GROUP=Chevron;VALUE=1 
 PARM;GEOM_ID=IJYCWWDGPY;ID=ZBDWZRELUSQ;NAME=BottomAmplitude;GROUP=Chevron;VALUE=1 
 PARM;GEOM_ID=IJYCWWDGPY;ID=ZLUAUPSMKIR;NAME=Bottom_Angle;GROUP=Chevron;VALUE=0 
 PARM;GEOM_ID=IJYCWWDGPY;ID=FQVKSMXVLXU;NAME=Bottom_Slew;GROUP=Chevron;VALUE=0 
 PARM;GEOM_ID=IJYCWWDGPY;ID=MDOATSRFOVE;NAME=Chevron_Type;GROUP=Chevron;VALUE=0 
 PARM;GEOM_ID=IJYCWWDGPY;ID=ELQQLNDKUXX;NAME=LeftAmplitude;GROUP=Chevron;VALUE=1 
 PARM;GEOM_ID=IJYCWWDGPY;ID=ZJVOQAVYKWH;NAME=Left_Angle;GROUP=Chevron;VALUE=0 
 PARM;GEOM_ID=IJYCWWDGPY;ID=DAFKHVRLZPW;NAME=Left_Slew;GROUP=Chevron;VALUE=0 
 PARM;GEOM_ID=IJYCWWDGPY;ID=YIIZOVBFXSF;NAME=Number;GROUP=Chevron;VALUE=8 
 PARM;GEOM_ID=IJYCWWDGPY;ID=WHRHMAZPZXK;NAME=Off_Duty;GROUP=Chevron;VALUE=0 
 PARM;GEOM_ID=IJYCWWDGPY;ID=YQJMNEPIRJF;NAME=On_Duty;GROUP=Chevron;VALUE=0 
 PARM;GEOM_ID=IJYCWWDGPY;ID=THNGBPTCAFF;NAME=Peak_Radius;GROUP=Chevron;VALUE=0 
 PARM;GEOM_ID=IJYCWWDGPY;ID=BSGWEZWMGLT;NAME=RLSym;GROUP=Chevron;VALUE=1 
 PARM;GEOM_ID=IJYCWWDGPY;ID=QBCBCJZFLYY;NAME=RightAmplitude;GROUP=Chevron;VALUE=1 
 PARM;GEOM_ID=IJYCWWDGPY;ID=MROYLWIIZLJ;NAME=Right_Angle;GROUP=Chevron;VALUE=0 
 PARM;GEOM_ID=IJYCWWDGPY;ID=TQHAJCZSFAR;NAME=Right_Slew;GROUP=Chevron;VALUE=0 
 PARM;GEOM_ID=IJYCWWDGPY;ID=KVTZVESVNSQ;NAME=TBSym;GROUP=Chevron;VALUE=1 
 PARM;GEOM_ID=IJYCWWDGPY;ID=AKWVYMIILTC;NAME=TopAmplitude;GROUP=Chevron;VALUE=1 
 PARM;GEOM_ID=IJYCWWDGPY;ID=VGPONVFRYMT;NAME=Top_Angle;GROUP=Chevron;VALUE=0 
 PARM;GEOM_ID=IJYCWWDGPY;ID=YWBLELMLLUN;NAME=Top_Slew;GROUP=Chevron;VALUE=0 
 PARM;GEOM_ID=IJYCWWDGPY;ID=GSPVINGYSDW;NAME=Valley_Radius;GROUP=Chevron;VALUE=0 
 PARM;GEOM_ID=IJYCWWDGPY;ID=REHPHIXPXCF;NAME=W01_Center;GROUP=Chevron;VALUE=0.25 
 PARM;GEOM_ID=IJYCWWDGPY;ID=JSSXJKNPMIE;NAME=W01_Center_Guide;GROUP=Chevron;VALUE=5 
 PARM;GEOM_ID=IJYCWWDGPY;ID=ZSNKVTUMBQO;NAME=W01_End;GROUP=Chevron;VALUE=0.5 
 PARM;GEOM_ID=IJYCWWDGPY;ID=JIKHCWOEQJM;NAME=W01_End_Guide;GROUP=Chevron;VALUE=5 
 PARM;GEOM_ID=IJYCWWDGPY;ID=JNWNSQZTLDC;NAME=W01_Mode;GROUP=Chevron;VALUE=0 
 PARM;GEOM_ID=IJYCWWDGPY;ID=FCVFSOBABOF;NAME=W01_Start;GROUP=Chevron;VALUE=0 
 PARM;GEOM_ID=IJYCWWDGPY;ID=TJNAXMLYDWH;NAME=W01_Start_Guide;GROUP=Chevron;VALUE=5 
 PARM;GEOM_ID=IJYCWWDGPY;ID=CCYCHTJLBXB;NAME=W01_Width;GROUP=Chevron;VALUE=0.5 
 WING_TERMINAL;GEOM_ID=IJYCWWDGPY;XSEC_COUNT=2;TIP_ID=GWIJSYBTZTB;TIP=3.286;ROOT_ID=ZKMTOHGPVSM;ROOT=15.311;SPAN_ID=GFRYWXYRROW;SPAN=9.261 
 GEOM;ID=PLKOTSTWOY;NAME=VentralVO;TYPE=Wing;BMIN_X=53.1148;BMIN_Y=3.85513;BMIN_Z=-4.12563;BMAX_X=62.1792;BMAX_Y=4.65518;BMAX_Z=-1.55738;SET_1=false;SET_2=true 
 PARM;GEOM_ID=PLKOTSTWOY;ID=IZKURZVVFQP;NAME=Abs_Or_Relitive_flag;GROUP=XForm;VALUE=1 
 PARM;GEOM_ID=PLKOTSTWOY;ID=YCBBEJFDHKI;NAME=Last_Scale;GROUP=XForm;VALUE=1 
 PARM;GEOM_ID=PLKOTSTWOY;ID=WCQKAMGZYEE;NAME=Origin;GROUP=XForm;VALUE=0 
 PARM;GEOM_ID=PLKOTSTWOY;ID=BQABAENZTLW;NAME=Scale;GROUP=XForm;VALUE=1 
 PARM;GEOM_ID=PLKOTSTWOY;ID=SOAMVEAHJVB;NAME=X_Location;GROUP=XForm;VALUE=53.1148 
 PARM;GEOM_ID=PLKOTSTWOY;ID=LFSKBLGLNOR;NAME=X_Rel_Location;GROUP=XForm;VALUE=53.1148 
 PARM;GEOM_ID=PLKOTSTWOY;ID=LCRQFJWGPCL;NAME=X_Rel_Rotation;GROUP=XForm;VALUE=-90 
 PARM;GEOM_ID=PLKOTSTWOY;ID=BQVOJNETEMT;NAME=X_Rotation;GROUP=XForm;VALUE=-90 
 PARM;GEOM_ID=PLKOTSTWOY;ID=HIARLLBDDON;NAME=Y_Location;GROUP=XForm;VALUE=4.01639 
 PARM;GEOM_ID=PLKOTSTWOY;ID=YGCMHLFBUQR;NAME=Y_Rel_Location;GROUP=XForm;VALUE=4.01639 
 PARM;GEOM_ID=PLKOTSTWOY;ID=LXOHAGWPCHP;NAME=Y_Rel_Rotation;GROUP=XForm;VALUE=0 
 PARM;GEOM_ID=PLKOTSTWOY;ID=XKGIBIBEVUU;NAME=Y_Rotation;GROUP=XForm;VALUE=0 
 PARM;GEOM_ID=PLKOTSTWOY;ID=MCCYWTUZEQZ;NAME=Z_Location;GROUP=XForm;VALUE=-1.55738 
 PARM;GEOM_ID=PLKOTSTWOY;ID=IRBWJCWBUQY;NAME=Z_Rel_Location;GROUP=XForm;VALUE=-1.55738 
 PARM;GEOM_ID=PLKOTSTWOY;ID=GTTGBQSHXJA;NAME=Z_Rel_Rotation;GROUP=XForm;VALUE=0 
 PARM;GEOM_ID=PLKOTSTWOY;ID=HEOHZKPEGLZ;NAME=Z_Rotation;GROUP=XForm;VALUE=0 
 PARM;GEOM_ID=PLKOTSTWOY;ID=MGBFHXMSYVD;NAME=Sym_Ancestor;GROUP=Sym;VALUE=1 
 PARM;GEOM_ID=PLKOTSTWOY;ID=FRIQZBJIBTN;NAME=Sym_Ancestor_Origin_Flag;GROUP=Sym;VALUE=1 
 PARM;GEOM_ID=PLKOTSTWOY;ID=AQKBBHZWVXK;NAME=Sym_Axial_Flag;GROUP=Sym;VALUE=0 
 PARM;GEOM_ID=PLKOTSTWOY;ID=TZBMCRFAHLM;NAME=Sym_Planar_Flag;GROUP=Sym;VALUE=2 
 PARM;GEOM_ID=PLKOTSTWOY;ID=UARCWAZXWJQ;NAME=Sym_Rot_N;GROUP=Sym;VALUE=2 
 PARM;GEOM_ID=PLKOTSTWOY;ID=BZZJCJNBLPZ;NAME=Eta_Attach_Location;GROUP=Attach;VALUE=0 
 PARM;GEOM_ID=PLKOTSTWOY;ID=IBBTYQJHAXO;NAME=L_01;GROUP=Attach;VALUE=1 
 PARM;GEOM_ID=PLKOTSTWOY;ID=IWJLJJITUVW;NAME=L_Attach_Location;GROUP=Attach;VALUE=0 
 PARM;GEOM_ID=PLKOTSTWOY;ID=WRZUJFSVVMI;NAME=L_Attach_Location0Len;GROUP=Attach;VALUE=0 
 PARM;GEOM_ID=PLKOTSTWOY;ID=OABNRIDGIQI;NAME=M_Attach_Location;GROUP=Attach;VALUE=0.5 
 PARM;GEOM_ID=PLKOTSTWOY;ID=GQTAPPSFQHF;NAME=N_Attach_Location;GROUP=Attach;VALUE=0.5 
 PARM;GEOM_ID=PLKOTSTWOY;ID=XTSTVUWOWVC;NAME=R_01;GROUP=Attach;VALUE=1 
 PARM;GEOM_ID=PLKOTSTWOY;ID=CHIANFLFODP;NAME=R_Attach_Location;GROUP=Attach;VALUE=0 
 PARM;GEOM_ID=PLKOTSTWOY;ID=BIAUIFYTMRD;NAME=R_Attach_Location0N;GROUP=Attach;VALUE=0 
 PARM;GEOM_ID=PLKOTSTWOY;ID=JIBRRLATGRD;NAME=Rots_Attach_Flag;GROUP=Attach;VALUE=0 
 PARM;GEOM_ID=PLKOTSTWOY;ID=CXRIJALUQFQ;NAME=S_Attach_Location;GROUP=Attach;VALUE=0.5 
 PARM;GEOM_ID=PLKOTSTWOY;ID=BAIMKSMASCO;NAME=T_Attach_Location;GROUP=Attach;VALUE=0.5 
 PARM;GEOM_ID=PLKOTSTWOY;ID=GMTTBBEKTPJ;NAME=Trans_Attach_Flag;GROUP=Attach;VALUE=0 
 PARM;GEOM_ID=PLKOTSTWOY;ID=WWTMSUBHJWT;NAME=U_01;GROUP=Attach;VALUE=1 
 PARM;GEOM_ID=PLKOTSTWOY;ID=IGRAERZVWRC;NAME=U_Attach_Location;GROUP=Attach;VALUE=0 
 PARM;GEOM_ID=PLKOTSTWOY;ID=KYLQTROZLYR;NAME=U_Attach_Location0N;GROUP=Attach;VALUE=0 
 PARM;GEOM_ID=PLKOTSTWOY;ID=KDWUAZDCSIJ;NAME=V_Attach_Location;GROUP=Attach;VALUE=0 
 PARM;GEOM_ID=PLKOTSTWOY;ID=LDDZJTEJUVZ;NAME=Tess_U;GROUP=Shape;VALUE=12 
 PARM;GEOM_ID=PLKOTSTWOY;ID=EKTSKFCWMYQ;NAME=Tess_W;GROUP=Shape;VALUE=33 
 PARM;GEOM_ID=PLKOTSTWOY;ID=PXRWVKELDPH;NAME=Wake;GROUP=Shape;VALUE=0 
 PARM;GEOM_ID=PLKOTSTWOY;ID=QEAKTRKMEFM;NAME=Negative_Volume_Flag;GROUP=Negative_Volume_Props;VALUE=0 
 PARM;GEOM_ID=PLKOTSTWOY;ID=GHNXFYTWTAR;NAME=WakeAngle;GROUP=WakeSettings;VALUE=0 
 PARM;GEOM_ID=PLKOTSTWOY;ID=CGQTYUZXZOK;NAME=WakeScale;GROUP=WakeSettings;VALUE=2 
 PARM;GEOM_ID=PLKOTSTWOY;ID=WFGUNLBMIEP;NAME=CGx;GROUP=Mass_Props;VALUE=0 
 PARM;GEOM_ID=PLKOTSTWOY;ID=ZDRGHNTUQBE;NAME=CGy;GROUP=Mass_Props;VALUE=0 
 PARM;GEOM_ID=PLKOTSTWOY;ID=FNNIRJMJVCQ;NAME=CGz;GROUP=Mass_Props;VALUE=0 
 PARM;GEOM_ID=PLKOTSTWOY;ID=QGMVDSIYECR;NAME=Density;GROUP=Mass_Props;VALUE=1 
 PARM;GEOM_ID=PLKOTSTWOY;ID=KFSPICRMXUO;NAME=Ixx;GROUP=Mass_Props;VALUE=0 
 PARM;GEOM_ID=PLKOTSTWOY;ID=XSEPHTLIFTW;NAME=Ixy;GROUP=Mass_Props;VALUE=0 
 PARM;GEOM_ID=PLKOTSTWOY;ID=KNNTIPFQKYF;NAME=Ixz;GROUP=Mass_Props;VALUE=0 
 PARM;GEOM_ID=PLKOTSTWOY;ID=GEINOIPANAM;NAME=Iyy;GROUP=Mass_Props;VALUE=0 
 PARM;GEOM_ID=PLKOTSTWOY;ID=DPGGTZZGQRB;NAME=Iyz;GROUP=Mass_Props;VALUE=0 
 PARM;GEOM_ID=PLKOTSTWOY;ID=PUQIGCMIMHP;NAME=Izz;GROUP=Mass_Props;VALUE=0 
 PARM;GEOM_ID=PLKOTSTWOY;ID=EKUQGEDRKMV;NAME=Mass_Area;GROUP=Mass_Props;VALUE=1 
 PARM;GEOM_ID=PLKOTSTWOY;ID=KANRBGAVKGO;NAME=Mass_Prior;GROUP=Mass_Props;VALUE=0 
 PARM;GEOM_ID=PLKOTSTWOY;ID=HTGSQBAOPTS;NAME=PointMass;GROUP=Mass_Props;VALUE=0 
 PARM;GEOM_ID=PLKOTSTWOY;ID=INNMUGIQVHR;NAME=Shell_Flag;GROUP=Mass_Props;VALUE=0 
 PARM;GEOM_ID=PLKOTSTWOY;ID=UMLETOKOUAY;NAME=CorrectAirfoilthicknessFlag;GROUP=WingGeom;VALUE=1 
 PARM;GEOM_ID=PLKOTSTWOY;ID=QFIJEKXZVTY;NAME=CurvedArea;GROUP=WingGeom;VALUE=38.2199 
 PARM;GEOM_ID=PLKOTSTWOY;ID=KIQXSAEVLNC;NAME=LECluster;GROUP=WingGeom;VALUE=0.25 
 PARM;GEOM_ID=PLKOTSTWOY;ID=SCLHZZNQECO;NAME=MAC;GROUP=WingGeom;VALUE=7.4629 
 PARM;GEOM_ID=PLKOTSTWOY;ID=RDCJXHAMMAR;NAME=MaxGrowth;GROUP=WingGeom;VALUE=1.43701 
 PARM;GEOM_ID=PLKOTSTWOY;ID=FPZTYPUJDJW;NAME=RelativeDihedralFlag;GROUP=WingGeom;VALUE=0 
 PARM;GEOM_ID=PLKOTSTWOY;ID=XWCSARLYEJT;NAME=RelativeTwistFlag;GROUP=WingGeom;VALUE=0 
 PARM;GEOM_ID=PLKOTSTWOY;ID=JSSLQVMQGNH;NAME=RotateAirfoilMatchDideralFlag;GROUP=WingGeom;VALUE=1 
 PARM;GEOM_ID=PLKOTSTWOY;ID=PKCBYAYOXFB;NAME=SmallPanelW;GROUP=WingGeom;VALUE=0.0976413 
 PARM;GEOM_ID=PLKOTSTWOY;ID=DFRDNYNIPQO;NAME=TECluster;GROUP=WingGeom;VALUE=0.25 
 PARM;GEOM_ID=PLKOTSTWOY;ID=GQFYOTTERDH;NAME=TotalAR;GROUP=WingGeom;VALUE=0.679243 
 PARM;GEOM_ID=PLKOTSTWOY;ID=XAOXVNZMIQZ;NAME=TotalArea;GROUP=WingGeom;VALUE=38.2199 
 PARM;GEOM_ID=PLKOTSTWOY;ID=KCRCLRHMWZN;NAME=TotalChord;GROUP=WingGeom;VALUE=7.3373 
 PARM;GEOM_ID=PLKOTSTWOY;ID=JXZMSDIFUBZ;NAME=TotalProjectedSpan;GROUP=WingGeom;VALUE=5.09515 
 PARM;GEOM_ID=PLKOTSTWOY;ID=DVMEJECTEHE;NAME=TotalSpan;GROUP=WingGeom;VALUE=5.20898 
 PARM;GEOM_ID=PLKOTSTWOY;ID=QGSVPYJOKJK;NAME=TwistAllInXZPlaneFlag;GROUP=WingGeom;VALUE=0 
 PARM;GEOM_ID=PLKOTSTWOY;ID=FKTBDJMHFEP;NAME=X_Len;GROUP=BBox;VALUE=9.06446 
 PARM;GEOM_ID=PLKOTSTWOY;ID=QQHTNSLWDKS;NAME=X_Min;GROUP=BBox;VALUE=53.1148 
 PARM;GEOM_ID=PLKOTSTWOY;ID=TORYSEPHKHN;NAME=Y_Len;GROUP=BBox;VALUE=9.31036 
 PARM;GEOM_ID=PLKOTSTWOY;ID=NFBSKMDMXDR;NAME=Y_Min;GROUP=BBox;VALUE=-4.65518 
 PARM;GEOM_ID=PLKOTSTWOY;ID=YHRFSMOOEQV;NAME=Z_Len;GROUP=BBox;VALUE=2.56825 
 PARM;GEOM_ID=PLKOTSTWOY;ID=VWEZFEDLLZC;NAME=Z_Min;GROUP=BBox;VALUE=-4.12563 
 PARM;GEOM_ID=PLKOTSTWOY;ID=EYEQURKJSVG;NAME=CapUMaxLength;GROUP=EndCap;VALUE=1 
 PARM;GEOM_ID=PLKOTSTWOY;ID=FOTHGKMWBXI;NAME=CapUMaxOffset;GROUP=EndCap;VALUE=0 
 PARM;GEOM_ID=PLKOTSTWOY;ID=SVUFMZWDEAW;NAME=CapUMaxOption;GROUP=EndCap;VALUE=1 
 PARM;GEOM_ID=PLKOTSTWOY;ID=SHWZMKWBVKO;NAME=CapUMaxStrength;GROUP=EndCap;VALUE=0.5 
 PARM;GEOM_ID=PLKOTSTWOY;ID=KCEBEQFXJQI;NAME=CapUMaxSweepFlag;GROUP=EndCap;VALUE=0 
 PARM;GEOM_ID=PLKOTSTWOY;ID=EEUQSBIHPYJ;NAME=CapUMinLength;GROUP=EndCap;VALUE=1 
 PARM;GEOM_ID=PLKOTSTWOY;ID=YEUESBWVAZW;NAME=CapUMinOffset;GROUP=EndCap;VALUE=0 
 PARM;GEOM_ID=PLKOTSTWOY;ID=LRGKVWBOEFN;NAME=CapUMinOption;GROUP=EndCap;VALUE=1 
 PARM;GEOM_ID=PLKOTSTWOY;ID=IHLPEWYDATT;NAME=CapUMinStrength;GROUP=EndCap;VALUE=0.5 
 PARM;GEOM_ID=PLKOTSTWOY;ID=TAAPDDGKWQF;NAME=CapUMinSweepFlag;GROUP=EndCap;VALUE=0 
 PARM;GEOM_ID=PLKOTSTWOY;ID=GIKSEHMABRR;NAME=CapUMinTess;GROUP=EndCap;VALUE=3 
 PARM;GEOM_ID=PLKOTSTWOY;ID=FQYHXIEIESU;NAME=ExpandedList;GROUP=ParasiteDragProps;VALUE=0 
 PARM;GEOM_ID=PLKOTSTWOY;ID=WHCALHSTYFI;NAME=FFBodyEqnType;GROUP=ParasiteDragProps;VALUE=3 
 PARM;GEOM_ID=PLKOTSTWOY;ID=ARZOLEMFRYN;NAME=FFUser;GROUP=ParasiteDragProps;VALUE=1 
 PARM;GEOM_ID=PLKOTSTWOY;ID=ZWGUJSIOJAV;NAME=FFWingEqnType;GROUP=ParasiteDragProps;VALUE=3 
 PARM;GEOM_ID=PLKOTSTWOY;ID=FFZFOGMCNPL;NAME=IncorporatedGen;GROUP=ParasiteDragProps;VALUE=0 
 PARM;GEOM_ID=PLKOTSTWOY;ID=WUPWRNGXBRY;NAME=PercLam;GROUP=ParasiteDragProps;VALUE=0 
 PARM;GEOM_ID=PLKOTSTWOY;ID=DVMCIQBHBLR;NAME=Q;GROUP=ParasiteDragProps;VALUE=1 
 PARM;GEOM_ID=PLKOTSTWOY;ID=HUIWVQSOZND;NAME=Roughness;GROUP=ParasiteDragProps;VALUE=0 
 PARM;GEOM_ID=PLKOTSTWOY;ID=NHCWSBCVAPP;NAME=TawTwRatio;GROUP=ParasiteDragProps;VALUE=1 
 PARM;GEOM_ID=PLKOTSTWOY;ID=QYTTEFXXVRD;NAME=TeTwRatio;GROUP=ParasiteDragProps;VALUE=1 
 PARM;GEOM_ID=PLKOTSTWOY;ID=KOTBJICLOII;NAME=ActiveAirfoil;GROUP=Index;VALUE=1 
 PARM;GEOM_ID=PLKOTSTWOY;ID=ACDTBIRJRSI;NAME=ActiveXSec;GROUP=Index;VALUE=0 
 PARM;GEOM_ID=PLKOTSTWOY;ID=DQMQSWCDWVA;NAME=Area;GROUP=XSec;VALUE=5 
 PARM;GEOM_ID=PLKOTSTWOY;ID=USGZJROGIYY;NAME=Aspect;GROUP=XSec;VALUE=0.2 
 PARM;GEOM_ID=PLKOTSTWOY;ID=YIUWEEWCUZI;NAME=Avg_Chord;GROUP=XSec;VALUE=5 
 PARM;GEOM_ID=PLKOTSTWOY;ID=ZHJIZKAEXYE;NAME=Dihedral;GROUP=XSec;VALUE=0 
 PARM;GEOM_ID=PLKOTSTWOY;ID=EMKPIMYKFOG;NAME=InCluster;GROUP=XSec;VALUE=1 
 PARM;GEOM_ID=PLKOTSTWOY;ID=CZDAAOGKCMM;NAME=InLEDihedral;GROUP=XSec;VALUE=-12 
 PARM;GEOM_ID=PLKOTSTWOY;ID=UHTQYSKQZJI;NAME=InLEMode;GROUP=XSec;VALUE=0 
 PARM;GEOM_ID=PLKOTSTWOY;ID=IULGQLYBLOE;NAME=InLEStrength;GROUP=XSec;VALUE=1 
 PARM;GEOM_ID=PLKOTSTWOY;ID=WJIHPIMGDHE;NAME=InLESweep;GROUP=XSec;VALUE=52.4643 
 PARM;GEOM_ID=PLKOTSTWOY;ID=KUWYOZDWFOQ;NAME=InTEDihedral;GROUP=XSec;VALUE=-12 
 PARM;GEOM_ID=PLKOTSTWOY;ID=LEZQUNCZSZV;NAME=InTEMode;GROUP=XSec;VALUE=0 
 PARM;GEOM_ID=PLKOTSTWOY;ID=CYVGAPBAHZF;NAME=InTEStrength;GROUP=XSec;VALUE=1 
 PARM;GEOM_ID=PLKOTSTWOY;ID=AADAUIOIHSU;NAME=InTESweep;GROUP=XSec;VALUE=1.41786 
 PARM;GEOM_ID=PLKOTSTWOY;ID=EDZEGGFKOLX;NAME=OutCluster;GROUP=XSec;VALUE=1 
 PARM;GEOM_ID=PLKOTSTWOY;ID=IASMHLNNMIA;NAME=OutLEDihedral;GROUP=XSec;VALUE=12 
 PARM;GEOM_ID=PLKOTSTWOY;ID=BHYYUCCYLWX;NAME=OutLEMode;GROUP=XSec;VALUE=0 
 PARM;GEOM_ID=PLKOTSTWOY;ID=ZWXGCPEPRSL;NAME=OutLEStrength;GROUP=XSec;VALUE=1 
 PARM;GEOM_ID=PLKOTSTWOY;ID=KKEKNWRZKXZ;NAME=OutLESweep;GROUP=XSec;VALUE=52.4643 
 PARM;GEOM_ID=PLKOTSTWOY;ID=TNSNJGCYKTC;NAME=OutTEDihedral;GROUP=XSec;VALUE=12 
 PARM;GEOM_ID=PLKOTSTWOY;ID=QYMQEHECBKR;NAME=OutTEMode;GROUP=XSec;VALUE=0 
 PARM;GEOM_ID=PLKOTSTWOY;ID=CPJAUORNVPG;NAME=OutTEStrength;GROUP=XSec;VALUE=1 
 PARM;GEOM_ID=PLKOTSTWOY;ID=KYRLMGQPQZT;NAME=OutTESweep;GROUP=XSec;VALUE=1.41786 
 PARM;GEOM_ID=PLKOTSTWOY;ID=CCWYUCBCHEU;NAME=ProjectedSpan;GROUP=XSec;VALUE=0 
 PARM;GEOM_ID=PLKOTSTWOY;ID=MULMCHESKJN;NAME=Root_Chord;GROUP=XSec;VALUE=1 
 PARM;GEOM_ID=PLKOTSTWOY;ID=QITEXJYGVQA;NAME=RotateMatchDideralFlag;GROUP=XSec;VALUE=0 
 PARM;GEOM_ID=PLKOTSTWOY;ID=XBOYGCANAOU;NAME=Sec_Sweep;GROUP=XSec;VALUE=82.875 
 PARM;GEOM_ID=PLKOTSTWOY;ID=RYQXKWUKNLU;NAME=Sec_Sweep_Location;GROUP=XSec;VALUE=1 
 PARM;GEOM_ID=PLKOTSTWOY;ID=HXIMOCUXCMA;NAME=SectTess_U;GROUP=XSec;VALUE=6 
 PARM;GEOM_ID=PLKOTSTWOY;ID=CRVZMTZKEUL;NAME=Span;GROUP=XSec;VALUE=1 
 PARM;GEOM_ID=PLKOTSTWOY;ID=LEVSWTUDNNP;NAME=Sweep;GROUP=XSec;VALUE=0 
 PARM;GEOM_ID=PLKOTSTWOY;ID=XFOZQTSSHJM;NAME=Sweep_Location;GROUP=XSec;VALUE=0 
 PARM;GEOM_ID=PLKOTSTWOY;ID=YMDJCGILXRR;NAME=Taper;GROUP=XSec;VALUE=9 
 PARM;GEOM_ID=PLKOTSTWOY;ID=MRWGKRGOTTA;NAME=Tip_Chord;GROUP=XSec;VALUE=9 
 PARM;GEOM_ID=PLKOTSTWOY;ID=LWKKVAFQVZQ;NAME=Twist;GROUP=XSec;VALUE=0 
 PARM;GEOM_ID=PLKOTSTWOY;ID=EDDRSWZMVNR;NAME=TwistInXZPlaneFlag;GROUP=XSec;VALUE=0 
 PARM;GEOM_ID=PLKOTSTWOY;ID=OQVJGWZLYGK;NAME=Twist_Location;GROUP=XSec;VALUE=0.25 
 PARM;GEOM_ID=PLKOTSTWOY;ID=IXLVMUSNHSR;NAME=Area;GROUP=XSecCurve;VALUE=1.92456 
 PARM;GEOM_ID=PLKOTSTWOY;ID=GWYRIZUGNHL;NAME=Camber;GROUP=XSecCurve;VALUE=0 
 PARM;GEOM_ID=PLKOTSTWOY;ID=RFGQLYCDGFB;NAME=CamberInputFlag;GROUP=XSecCurve;VALUE=0 
 PARM;GEOM_ID=PLKOTSTWOY;ID=EVRCCETDQUQ;NAME=CamberLoc;GROUP=XSecCurve;VALUE=0.2 
 PARM;GEOM_ID=PLKOTSTWOY;ID=WOUZGXGBSLY;NAME=Chord;GROUP=XSecCurve;VALUE=9 
 PARM;GEOM_ID=PLKOTSTWOY;ID=LNOPWOZWDIH;NAME=DeltaX;GROUP=XSecCurve;VALUE=0 
 PARM;GEOM_ID=PLKOTSTWOY;ID=ZALEABFPZCW;NAME=DeltaY;GROUP=XSecCurve;VALUE=0 
 PARM;GEOM_ID=PLKOTSTWOY;ID=QEFEDDLHNQV;NAME=FitDegree;GROUP=XSecCurve;VALUE=7 
 PARM;GEOM_ID=PLKOTSTWOY;ID=MJRYYXMPTGI;NAME=HWRatio;GROUP=XSecCurve;VALUE=0.035 
 PARM;GEOM_ID=PLKOTSTWOY;ID=OGKAXKNHVQU;NAME=IdealCl;GROUP=XSecCurve;VALUE=0 
 PARM;GEOM_ID=PLKOTSTWOY;ID=KJCXHWVBZMK;NAME=Invert;GROUP=XSecCurve;VALUE=0 
 PARM;GEOM_ID=PLKOTSTWOY;ID=GRDRSLGGYJW;NAME=Scale;GROUP=XSecCurve;VALUE=1 
 PARM;GEOM_ID=PLKOTSTWOY;ID=TDRFORKCVZF;NAME=SharpTEFlag;GROUP=XSecCurve;VALUE=1 
 PARM;GEOM_ID=PLKOTSTWOY;ID=OMNMGDOJGEL;NAME=ShiftLE;GROUP=XSecCurve;VALUE=0 
 PARM;GEOM_ID=PLKOTSTWOY;ID=GRKRWXIXUYX;NAME=Theta;GROUP=XSecCurve;VALUE=0 
 PARM;GEOM_ID=PLKOTSTWOY;ID=JBPWKXACANU;NAME=ThickChord;GROUP=XSecCurve;VALUE=0.035 
 PARM;GEOM_ID=PLKOTSTWOY;ID=AVUVSJFDTGD;NAME=LE_Cap_Length;GROUP=Cap;VALUE=1 
 PARM;GEOM_ID=PLKOTSTWOY;ID=FUOWYFYUPHA;NAME=LE_Cap_Offset;GROUP=Cap;VALUE=0 
 PARM;GEOM_ID=PLKOTSTWOY;ID=ZJXUXUUEUFR;NAME=LE_Cap_Strength;GROUP=Cap;VALUE=0.5 
 PARM;GEOM_ID=PLKOTSTWOY;ID=YEKYDGMYAMW;NAME=LE_Cap_Type;GROUP=Cap;VALUE=1 
 PARM;GEOM_ID=PLKOTSTWOY;ID=IHQWFITQBGA;NAME=TE_Cap_Length;GROUP=Cap;VALUE=1 
 PARM;GEOM_ID=PLKOTSTWOY;ID=HCWJEROOBYN;NAME=TE_Cap_Offset;GROUP=Cap;VALUE=0 
 PARM;GEOM_ID=PLKOTSTWOY;ID=UYDYMTRIXQD;NAME=TE_Cap_Strength;GROUP=Cap;VALUE=0.5 
 PARM;GEOM_ID=PLKOTSTWOY;ID=SQXOLKAJVCS;NAME=TE_Cap_Type;GROUP=Cap;VALUE=1 
 PARM;GEOM_ID=PLKOTSTWOY;ID=AJVGVLNTJDD;NAME=LE_Close_AbsRel;GROUP=Close;VALUE=0 
 PARM;GEOM_ID=PLKOTSTWOY;ID=UJXDEVGRWSU;NAME=LE_Close_Thick;GROUP=Close;VALUE=0 
 PARM;GEOM_ID=PLKOTSTWOY;ID=SSBJOMBPVDC;NAME=LE_Close_Thick_Chord;GROUP=Close;VALUE=0 
 PARM;GEOM_ID=PLKOTSTWOY;ID=BXVXBCSOHIO;NAME=LE_Close_Type;GROUP=Close;VALUE=0 
 PARM;GEOM_ID=PLKOTSTWOY;ID=VKRAVJVJYCM;NAME=TE_Close_AbsRel;GROUP=Close;VALUE=0 
 PARM;GEOM_ID=PLKOTSTWOY;ID=RCOWWCPNVBV;NAME=TE_Close_Thick;GROUP=Close;VALUE=0 
 PARM;GEOM_ID=PLKOTSTWOY;ID=OSBPJUHUSAM;NAME=TE_Close_Thick_Chord;GROUP=Close;VALUE=0 
 PARM;GEOM_ID=PLKOTSTWOY;ID=JHXOSTHAXWU;NAME=TE_Close_Type;GROUP=Close;VALUE=0 
 PARM;GEOM_ID=PLKOTSTWOY;ID=XPONJKOXUYH;NAME=LE_Trim_AbsRel;GROUP=Trim;VALUE=0 
 PARM;GEOM_ID=PLKOTSTWOY;ID=FWIICKJJKXZ;NAME=LE_Trim_Thick;GROUP=Trim;VALUE=0 
 PARM;GEOM_ID=PLKOTSTWOY;ID=SHDUOPUARUK;NAME=LE_Trim_Thick_Chord;GROUP=Trim;VALUE=0 
 PARM;GEOM_ID=PLKOTSTWOY;ID=ZPLSCKQFXJB;NAME=LE_Trim_Type;GROUP=Trim;VALUE=0 
 PARM;GEOM_ID=PLKOTSTWOY;ID=PDNROTUIRAR;NAME=LE_Trim_X;GROUP=Trim;VALUE=0 
 PARM;GEOM_ID=PLKOTSTWOY;ID=LZOHRNKETCP;NAME=LE_Trim_X_Chord;GROUP=Trim;VALUE=0 
 PARM;GEOM_ID=PLKOTSTWOY;ID=GYXNLWKMYSM;NAME=TE_Trim_AbsRel;GROUP=Trim;VALUE=0 
 PARM;GEOM_ID=PLKOTSTWOY;ID=RQTTRQTKJSG;NAME=TE_Trim_Thick;GROUP=Trim;VALUE=0 
 PARM;GEOM_ID=PLKOTSTWOY;ID=YRDNEDDELZU;NAME=TE_Trim_Thick_Chord;GROUP=Trim;VALUE=0 
 PARM;GEOM_ID=PLKOTSTWOY;ID=SHGTNLWRYGE;NAME=TE_Trim_Type;GROUP=Trim;VALUE=0 
 PARM;GEOM_ID=PLKOTSTWOY;ID=JKJGLHDADXF;NAME=TE_Trim_X;GROUP=Trim;VALUE=0 
 PARM;GEOM_ID=PLKOTSTWOY;ID=AWUKKBKGRND;NAME=TE_Trim_X_Chord;GROUP=Trim;VALUE=0 
 PARM;GEOM_ID=PLKOTSTWOY;ID=HDEPYXHTIAF;NAME=TE_Flap_DT;GROUP=Flap;VALUE=0 
 PARM;GEOM_ID=PLKOTSTWOY;ID=JFXQPOCIENE;NAME=TE_Flap_Deflection;GROUP=Flap;VALUE=0 
 PARM;GEOM_ID=PLKOTSTWOY;ID=PXFCXHKCSJV;NAME=TE_Flap_Flag;GROUP=Flap;VALUE=0 
 PARM;GEOM_ID=PLKOTSTWOY;ID=CYXOSEXENID;NAME=TE_Flap_T;GROUP=Flap;VALUE=0.2 
 PARM;GEOM_ID=PLKOTSTWOY;ID=YMNIVUARRIU;NAME=TE_Flap_Type;GROUP=Flap;VALUE=0 
 PARM;GEOM_ID=PLKOTSTWOY;ID=JFGRQIOSXIQ;NAME=TE_Flap_X;GROUP=Flap;VALUE=0 
 PARM;GEOM_ID=PLKOTSTWOY;ID=NQSFAVOSCHU;NAME=TE_Flap_X_Chord;GROUP=Flap;VALUE=0.2 
 PARM;GEOM_ID=PLKOTSTWOY;ID=CHJOHQGJIGB;NAME=TE_Flap_Y_Frc;GROUP=Flap;VALUE=0.5 
 PARM;GEOM_ID=PLKOTSTWOY;ID=QUVBLKILBTP;NAME=TE_Trim_AbsRel;GROUP=Flap;VALUE=1 
 PARM;GEOM_ID=PLKOTSTWOY;ID=VQLOAVJDJFP;NAME=XSecFlipImageFlag;GROUP=XSecCurve_Background;VALUE=0 
 PARM;GEOM_ID=PLKOTSTWOY;ID=PMNUKZCCUHL;NAME=XSecImageFlag;GROUP=XSecCurve_Background;VALUE=0 
 PARM;GEOM_ID=PLKOTSTWOY;ID=YIRLJASYJJC;NAME=XSecImageH;GROUP=XSecCurve_Background;VALUE=1 
 PARM;GEOM_ID=PLKOTSTWOY;ID=TDUAEHNFFLJ;NAME=XSecImagePreserveAR;GROUP=XSecCurve_Background;VALUE=1 
 PARM;GEOM_ID=PLKOTSTWOY;ID=IWTOIBCEATN;NAME=XSecImageW;GROUP=XSecCurve_Background;VALUE=1 
 PARM;GEOM_ID=PLKOTSTWOY;ID=BFSXBLYKRIX;NAME=XSecImageXOffset;GROUP=XSecCurve_Background;VALUE=0 
 PARM;GEOM_ID=PLKOTSTWOY;ID=WTDZZYVLBFH;NAME=XSecImageYOffset;GROUP=XSecCurve_Background;VALUE=0 
 PARM;GEOM_ID=PLKOTSTWOY;ID=SGAHOGNPCBL;NAME=XSecLockImageFlag;GROUP=XSecCurve_Background;VALUE=0 
 PARM;GEOM_ID=PLKOTSTWOY;ID=FOUGKPVYYFR;NAME=AllSym;GROUP=Chevron;VALUE=1 
 PARM;GEOM_ID=PLKOTSTWOY;ID=JXOVYAELSKW;NAME=BottomAmplitude;GROUP=Chevron;VALUE=1 
 PARM;GEOM_ID=PLKOTSTWOY;ID=TFBSMYVESRZ;NAME=Bottom_Angle;GROUP=Chevron;VALUE=0 
 PARM;GEOM_ID=PLKOTSTWOY;ID=AXQFEHOKLEE;NAME=Bottom_Slew;GROUP=Chevron;VALUE=0 
 PARM;GEOM_ID=PLKOTSTWOY;ID=XAUEFRJVCSF;NAME=Chevron_Type;GROUP=Chevron;VALUE=0 
 PARM;GEOM_ID=PLKOTSTWOY;ID=KGFJFVZDKKX;NAME=LeftAmplitude;GROUP=Chevron;VALUE=1 
 PARM;GEOM_ID=PLKOTSTWOY;ID=NJHCYSEOSOS;NAME=Left_Angle;GROUP=Chevron;VALUE=0 
 PARM;GEOM_ID=PLKOTSTWOY;ID=PZCVCQGSLCT;NAME=Left_Slew;GROUP=Chevron;VALUE=0 
 PARM;GEOM_ID=PLKOTSTWOY;ID=APXPREDRTIK;NAME=Number;GROUP=Chevron;VALUE=8 
 PARM;GEOM_ID=PLKOTSTWOY;ID=VGRYAWJLOWY;NAME=Off_Duty;GROUP=Chevron;VALUE=0 
 PARM;GEOM_ID=PLKOTSTWOY;ID=TZMTMLEWCFO;NAME=On_Duty;GROUP=Chevron;VALUE=0 
 PARM;GEOM_ID=PLKOTSTWOY;ID=NGCPZDTFMHT;NAME=Peak_Radius;GROUP=Chevron;VALUE=0 
 PARM;GEOM_ID=PLKOTSTWOY;ID=ATKBTDZQBYC;NAME=RLSym;GROUP=Chevron;VALUE=1 
 PARM;GEOM_ID=PLKOTSTWOY;ID=FGMHWNDXBTW;NAME=RightAmplitude;GROUP=Chevron;VALUE=1 
 PARM;GEOM_ID=PLKOTSTWOY;ID=YPFSEBIJBAC;NAME=Right_Angle;GROUP=Chevron;VALUE=0 
 PARM;GEOM_ID=PLKOTSTWOY;ID=PVLUCMTFYQC;NAME=Right_Slew;GROUP=Chevron;VALUE=0 
 PARM;GEOM_ID=PLKOTSTWOY;ID=UYYGWEJEEHK;NAME=TBSym;GROUP=Chevron;VALUE=1 
 PARM;GEOM_ID=PLKOTSTWOY;ID=PGVMGOLJDJX;NAME=TopAmplitude;GROUP=Chevron;VALUE=1 
 PARM;GEOM_ID=PLKOTSTWOY;ID=VWMYNAQAYJI;NAME=Top_Angle;GROUP=Chevron;VALUE=0 
 PARM;GEOM_ID=PLKOTSTWOY;ID=AVVWSAYBPNT;NAME=Top_Slew;GROUP=Chevron;VALUE=0 
 PARM;GEOM_ID=PLKOTSTWOY;ID=FRLNTEHVXAS;NAME=Valley_Radius;GROUP=Chevron;VALUE=0 
 PARM;GEOM_ID=PLKOTSTWOY;ID=RPHZRHQZRVR;NAME=W01_Center;GROUP=Chevron;VALUE=0.25 
 PARM;GEOM_ID=PLKOTSTWOY;ID=OBFOKXDNEEY;NAME=W01_Center_Guide;GROUP=Chevron;VALUE=5 
 PARM;GEOM_ID=PLKOTSTWOY;ID=OOXBMWXKGPO;NAME=W01_End;GROUP=Chevron;VALUE=0.5 
 PARM;GEOM_ID=PLKOTSTWOY;ID=HMHHYPPVIJG;NAME=W01_End_Guide;GROUP=Chevron;VALUE=5 
 PARM;GEOM_ID=PLKOTSTWOY;ID=DIZGYRPJVZX;NAME=W01_Mode;GROUP=Chevron;VALUE=0 
 PARM;GEOM_ID=PLKOTSTWOY;ID=UNSMQDJLSCA;NAME=W01_Start;GROUP=Chevron;VALUE=0 
 PARM;GEOM_ID=PLKOTSTWOY;ID=ROFFACYSUTW;NAME=W01_Start_Guide;GROUP=Chevron;VALUE=5 
 PARM;GEOM_ID=PLKOTSTWOY;ID=LQCBGAQEGEH;NAME=W01_Width;GROUP=Chevron;VALUE=0.5 
 PARM;GEOM_ID=PLKOTSTWOY;ID=KYRMTVEGVEU;NAME=Area;GROUP=XSec;VALUE=19.1099 
 PARM;GEOM_ID=PLKOTSTWOY;ID=IJSSAUJATOQ;NAME=Aspect;GROUP=XSec;VALUE=0.354966 
 PARM;GEOM_ID=PLKOTSTWOY;ID=IAZPFDLCJME;NAME=Avg_Chord;GROUP=XSec;VALUE=7.3373 
 PARM;GEOM_ID=PLKOTSTWOY;ID=QFSRZKLGLDX;NAME=Dihedral;GROUP=XSec;VALUE=12 
 PARM;GEOM_ID=PLKOTSTWOY;ID=YMWNRRVFJOU;NAME=InCluster;GROUP=XSec;VALUE=1 
 PARM;GEOM_ID=PLKOTSTWOY;ID=JOMOPQMEMPJ;NAME=InLEDihedral;GROUP=XSec;VALUE=1.13115e-14 
 PARM;GEOM_ID=PLKOTSTWOY;ID=YYOXKLXTWWD;NAME=InLEMode;GROUP=XSec;VALUE=0 
 PARM;GEOM_ID=PLKOTSTWOY;ID=HMMKQKZNLDZ;NAME=InLEStrength;GROUP=XSec;VALUE=1 
 PARM;GEOM_ID=PLKOTSTWOY;ID=MVOLZGYLNYA;NAME=InLESweep;GROUP=XSec;VALUE=52.4643 
 PARM;GEOM_ID=PLKOTSTWOY;ID=JXTVXMKCEER;NAME=InTEDihedral;GROUP=XSec;VALUE=-7.11414e-15 
 PARM;GEOM_ID=PLKOTSTWOY;ID=PDZJYVDGUPU;NAME=InTEMode;GROUP=XSec;VALUE=0 
 PARM;GEOM_ID=PLKOTSTWOY;ID=EAHJWQTTEYQ;NAME=InTEStrength;GROUP=XSec;VALUE=1 
 PARM;GEOM_ID=PLKOTSTWOY;ID=QEFZRBVWYAG;NAME=InTESweep;GROUP=XSec;VALUE=1.41786 
 PARM;GEOM_ID=PLKOTSTWOY;ID=EQPIIMQNMFQ;NAME=OutCluster;GROUP=XSec;VALUE=1 
 PARM;GEOM_ID=PLKOTSTWOY;ID=PUBCHKREWNQ;NAME=OutLEDihedral;GROUP=XSec;VALUE=-1.13115e-14 
 PARM;GEOM_ID=PLKOTSTWOY;ID=TMRWFTGBGMV;NAME=OutLEMode;GROUP=XSec;VALUE=0 
 PARM;GEOM_ID=PLKOTSTWOY;ID=IIVIJKYHZAQ;NAME=OutLEStrength;GROUP=XSec;VALUE=1 
 PARM;GEOM_ID=PLKOTSTWOY;ID=DIMCBGIJEVY;NAME=OutLESweep;GROUP=XSec;VALUE=52.4643 
 PARM;GEOM_ID=PLKOTSTWOY;ID=WYMNONUIHWH;NAME=OutTEDihedral;GROUP=XSec;VALUE=7.11414e-15 
 PARM;GEOM_ID=PLKOTSTWOY;ID=ZGWHRPOXGYG;NAME=OutTEMode;GROUP=XSec;VALUE=0 
 PARM;GEOM_ID=PLKOTSTWOY;ID=SQHPKVVXQGW;NAME=OutTEStrength;GROUP=XSec;VALUE=1 
 PARM;GEOM_ID=PLKOTSTWOY;ID=RKUHTOMVUQC;NAME=OutTESweep;GROUP=XSec;VALUE=1.41786 
 PARM;GEOM_ID=PLKOTSTWOY;ID=FAFWZVAHBUI;NAME=ProjectedSpan;GROUP=XSec;VALUE=2.54758 
 PARM;GEOM_ID=PLKOTSTWOY;ID=BEDGZLZUYMS;NAME=Root_Chord;GROUP=XSec;VALUE=9 
 PARM;GEOM_ID=PLKOTSTWOY;ID=YMWXFRHKTBO;NAME=RotateMatchDideralFlag;GROUP=XSec;VALUE=0 
 PARM;GEOM_ID=PLKOTSTWOY;ID=QFKKCJNIMBX;NAME=Sec_Sweep;GROUP=XSec;VALUE=1.41786 
 PARM;GEOM_ID=PLKOTSTWOY;ID=ZPUFXEKGADD;NAME=Sec_Sweep_Location;GROUP=XSec;VALUE=1 
 PARM;GEOM_ID=PLKOTSTWOY;ID=IQUSKOQGJNK;NAME=SectTess_U;GROUP=XSec;VALUE=6 
 PARM;GEOM_ID=PLKOTSTWOY;ID=BUTSRMWXRVC;NAME=Span;GROUP=XSec;VALUE=2.60449 
 PARM;GEOM_ID=PLKOTSTWOY;ID=JASPEBYBQYF;NAME=Sweep;GROUP=XSec;VALUE=52.4643 
 PARM;GEOM_ID=PLKOTSTWOY;ID=PLVOTBTXSNG;NAME=Sweep_Location;GROUP=XSec;VALUE=0 
 PARM;GEOM_ID=PLKOTSTWOY;ID=VAUTTTUTMLR;NAME=Taper;GROUP=XSec;VALUE=0.630511 
 PARM;GEOM_ID=PLKOTSTWOY;ID=RUGGSIMYRJQ;NAME=Tip_Chord;GROUP=XSec;VALUE=5.6746 
 PARM;GEOM_ID=PLKOTSTWOY;ID=DOTRWCSVXRZ;NAME=Twist;GROUP=XSec;VALUE=0 
 PARM;GEOM_ID=PLKOTSTWOY;ID=NUBJJNHVNOF;NAME=TwistInXZPlaneFlag;GROUP=XSec;VALUE=0 
 PARM;GEOM_ID=PLKOTSTWOY;ID=KCTAYZNXCHR;NAME=Twist_Location;GROUP=XSec;VALUE=0.25 
 PARM;GEOM_ID=PLKOTSTWOY;ID=NLAJLIBIDNP;NAME=Area;GROUP=XSecCurve;VALUE=0.765098 
 PARM;GEOM_ID=PLKOTSTWOY;ID=RWDDNFCDEBE;NAME=Camber;GROUP=XSecCurve;VALUE=0 
 PARM;GEOM_ID=PLKOTSTWOY;ID=QAWJMZBEBNG;NAME=CamberInputFlag;GROUP=XSecCurve;VALUE=0 
 PARM;GEOM_ID=PLKOTSTWOY;ID=SCVMQMUYDRT;NAME=CamberLoc;GROUP=XSecCurve;VALUE=0.2 
 PARM;GEOM_ID=PLKOTSTWOY;ID=MCXKPYADDWD;NAME=Chord;GROUP=XSecCurve;VALUE=5.6746 
 PARM;GEOM_ID=PLKOTSTWOY;ID=EENYZKPAVRR;NAME=DeltaX;GROUP=XSecCurve;VALUE=0 
 PARM;GEOM_ID=PLKOTSTWOY;ID=IWDKKXXWMFN;NAME=DeltaY;GROUP=XSecCurve;VALUE=0 
 PARM;GEOM_ID=PLKOTSTWOY;ID=ELAEMVDLTVX;NAME=FitDegree;GROUP=XSecCurve;VALUE=7 
 PARM;GEOM_ID=PLKOTSTWOY;ID=DKBZATDDBGC;NAME=HWRatio;GROUP=XSecCurve;VALUE=0.035 
 PARM;GEOM_ID=PLKOTSTWOY;ID=GFPJCZWDUZZ;NAME=IdealCl;GROUP=XSecCurve;VALUE=0 
 PARM;GEOM_ID=PLKOTSTWOY;ID=IVKJEQWNYUH;NAME=Invert;GROUP=XSecCurve;VALUE=0 
 PARM;GEOM_ID=PLKOTSTWOY;ID=IMGDORHVPXD;NAME=Scale;GROUP=XSecCurve;VALUE=1 
 PARM;GEOM_ID=PLKOTSTWOY;ID=VMMLMXNXHVL;NAME=SharpTEFlag;GROUP=XSecCurve;VALUE=1 
 PARM;GEOM_ID=PLKOTSTWOY;ID=HGSDOREOAKK;NAME=ShiftLE;GROUP=XSecCurve;VALUE=0 
 PARM;GEOM_ID=PLKOTSTWOY;ID=YPZPFXYSDQL;NAME=Theta;GROUP=XSecCurve;VALUE=0 
 PARM;GEOM_ID=PLKOTSTWOY;ID=COUQFLYIBAP;NAME=ThickChord;GROUP=XSecCurve;VALUE=0.035 
 PARM;GEOM_ID=PLKOTSTWOY;ID=BIIQYGWAPLW;NAME=LE_Cap_Length;GROUP=Cap;VALUE=1 
 PARM;GEOM_ID=PLKOTSTWOY;ID=UVYOJVWQQAV;NAME=LE_Cap_Offset;GROUP=Cap;VALUE=0 
 PARM;GEOM_ID=PLKOTSTWOY;ID=YHFXUGNZQLE;NAME=LE_Cap_Strength;GROUP=Cap;VALUE=0.5 
 PARM;GEOM_ID=PLKOTSTWOY;ID=ICLDFZSSTAI;NAME=LE_Cap_Type;GROUP=Cap;VALUE=1 
 PARM;GEOM_ID=PLKOTSTWOY;ID=MQTDGPJZCXW;NAME=TE_Cap_Length;GROUP=Cap;VALUE=1 
 PARM;GEOM_ID=PLKOTSTWOY;ID=SVOHNGJGJZX;NAME=TE_Cap_Offset;GROUP=Cap;VALUE=0 
 PARM;GEOM_ID=PLKOTSTWOY;ID=KPVNCUUYHPY;NAME=TE_Cap_Strength;GROUP=Cap;VALUE=0.5 
 PARM;GEOM_ID=PLKOTSTWOY;ID=VPJMGUHLECA;NAME=TE_Cap_Type;GROUP=Cap;VALUE=1 
 PARM;GEOM_ID=PLKOTSTWOY;ID=SEKWVGRJZBW;NAME=LE_Close_AbsRel;GROUP=Close;VALUE=0 
 PARM;GEOM_ID=PLKOTSTWOY;ID=QBKKQRACFOL;NAME=LE_Close_Thick;GROUP=Close;VALUE=0 
 PARM;GEOM_ID=PLKOTSTWOY;ID=BOZGOMMDIIE;NAME=LE_Close_Thick_Chord;GROUP=Close;VALUE=0 
 PARM;GEOM_ID=PLKOTSTWOY;ID=WHQZCFUPKTN;NAME=LE_Close_Type;GROUP=Close;VALUE=0 
 PARM;GEOM_ID=PLKOTSTWOY;ID=PNJWZLEBBRF;NAME=TE_Close_AbsRel;GROUP=Close;VALUE=0 
 PARM;GEOM_ID=PLKOTSTWOY;ID=OOCICYXSIBE;NAME=TE_Close_Thick;GROUP=Close;VALUE=0 
 PARM;GEOM_ID=PLKOTSTWOY;ID=LDVAAALEIWG;NAME=TE_Close_Thick_Chord;GROUP=Close;VALUE=0 
 PARM;GEOM_ID=PLKOTSTWOY;ID=KHSBVZWOTBO;NAME=TE_Close_Type;GROUP=Close;VALUE=0 
 PARM;GEOM_ID=PLKOTSTWOY;ID=PNUKFUPUGFW;NAME=LE_Trim_AbsRel;GROUP=Trim;VALUE=0 
 PARM;GEOM_ID=PLKOTSTWOY;ID=JXLLEVOQVDR;NAME=LE_Trim_Thick;GROUP=Trim;VALUE=0 
 PARM;GEOM_ID=PLKOTSTWOY;ID=HCDMJVOHVGZ;NAME=LE_Trim_Thick_Chord;GROUP=Trim;VALUE=0 
 PARM;GEOM_ID=PLKOTSTWOY;ID=KUGSTBLIUYH;NAME=LE_Trim_Type;GROUP=Trim;VALUE=0 
 PARM;GEOM_ID=PLKOTSTWOY;ID=JUBHBQVBNBW;NAME=LE_Trim_X;GROUP=Trim;VALUE=0 
 PARM;GEOM_ID=PLKOTSTWOY;ID=FDDNBXYQJGB;NAME=LE_Trim_X_Chord;GROUP=Trim;VALUE=0 
 PARM;GEOM_ID=PLKOTSTWOY;ID=JDQFDNJCAJK;NAME=TE_Trim_AbsRel;GROUP=Trim;VALUE=0 
 PARM;GEOM_ID=PLKOTSTWOY;ID=BABLGMERFHO;NAME=TE_Trim_Thick;GROUP=Trim;VALUE=0 
 PARM;GEOM_ID=PLKOTSTWOY;ID=LNKCINSTFUN;NAME=TE_Trim_Thick_Chord;GROUP=Trim;VALUE=0 
 PARM;GEOM_ID=PLKOTSTWOY;ID=PNZSAFQLKDF;NAME=TE_Trim_Type;GROUP=Trim;VALUE=0 
 PARM;GEOM_ID=PLKOTSTWOY;ID=KZCIZTBWENR;NAME=TE_Trim_X;GROUP=Trim;VALUE=0 
 PARM;GEOM_ID=PLKOTSTWOY;ID=ILAPPFIKSCB;NAME=TE_Trim_X_Chord;GROUP=Trim;VALUE=0 
 PARM;GEOM_ID=PLKOTSTWOY;ID=IFZGRASWTSF;NAME=TE_Flap_DT;GROUP=Flap;VALUE=0 
 PARM;GEOM_ID=PLKOTSTWOY;ID=WCQPVIAJJBA;NAME=TE_Flap_Deflection;GROUP=Flap;VALUE=0 
 PARM;GEOM_ID=PLKOTSTWOY;ID=RSRVKXCWHUV;NAME=TE_Flap_Flag;GROUP=Flap;VALUE=0 
 PARM;GEOM_ID=PLKOTSTWOY;ID=VRJNXEQWBKP;NAME=TE_Flap_T;GROUP=Flap;VALUE=0.2 
 PARM;GEOM_ID=PLKOTSTWOY;ID=QTYTQABSLKZ;NAME=TE_Flap_Type;GROUP=Flap;VALUE=0 
 PARM;GEOM_ID=PLKOTSTWOY;ID=HESQAYRSMTN;NAME=TE_Flap_X;GROUP=Flap;VALUE=0 
 PARM;GEOM_ID=PLKOTSTWOY;ID=TBWADVUQQOI;NAME=TE_Flap_X_Chord;GROUP=Flap;VALUE=0.2 
 PARM;GEOM_ID=PLKOTSTWOY;ID=WVLOBAZBHVM;NAME=TE_Flap_Y_Frc;GROUP=Flap;VALUE=0.5 
 PARM;GEOM_ID=PLKOTSTWOY;ID=BYKVAUBISRR;NAME=TE_Trim_AbsRel;GROUP=Flap;VALUE=1 
 PARM;GEOM_ID=PLKOTSTWOY;ID=YELXPLTASNC;NAME=XSecFlipImageFlag;GROUP=XSecCurve_Background;VALUE=0 
 PARM;GEOM_ID=PLKOTSTWOY;ID=SPQOQQDZHDB;NAME=XSecImageFlag;GROUP=XSecCurve_Background;VALUE=0 
 PARM;GEOM_ID=PLKOTSTWOY;ID=ICRBRDIHHEU;NAME=XSecImageH;GROUP=XSecCurve_Background;VALUE=1 
 PARM;GEOM_ID=PLKOTSTWOY;ID=AQSJBAHLSCA;NAME=XSecImagePreserveAR;GROUP=XSecCurve_Background;VALUE=1 
 PARM;GEOM_ID=PLKOTSTWOY;ID=MHRODFCZMQM;NAME=XSecImageW;GROUP=XSecCurve_Background;VALUE=1 
 PARM;GEOM_ID=PLKOTSTWOY;ID=INKSUHVEBXK;NAME=XSecImageXOffset;GROUP=XSecCurve_Background;VALUE=0 
 PARM;GEOM_ID=PLKOTSTWOY;ID=GNIHGXEICHU;NAME=XSecImageYOffset;GROUP=XSecCurve_Background;VALUE=0 
 PARM;GEOM_ID=PLKOTSTWOY;ID=ORCXXIIPZHL;NAME=XSecLockImageFlag;GROUP=XSecCurve_Background;VALUE=0 
 PARM;GEOM_ID=PLKOTSTWOY;ID=YOJGMZOVKTU;NAME=AllSym;GROUP=Chevron;VALUE=1 
 PARM;GEOM_ID=PLKOTSTWOY;ID=IBWMFIQQNMS;NAME=BottomAmplitude;GROUP=Chevron;VALUE=1 
 PARM;GEOM_ID=PLKOTSTWOY;ID=EUYETTQWQDU;NAME=Bottom_Angle;GROUP=Chevron;VALUE=0 
 PARM;GEOM_ID=PLKOTSTWOY;ID=RFHPHGESVAG;NAME=Bottom_Slew;GROUP=Chevron;VALUE=0 
 PARM;GEOM_ID=PLKOTSTWOY;ID=XVFBPMLOYFS;NAME=Chevron_Type;GROUP=Chevron;VALUE=0 
 PARM;GEOM_ID=PLKOTSTWOY;ID=TMXGKYFXDXL;NAME=LeftAmplitude;GROUP=Chevron;VALUE=1 
 PARM;GEOM_ID=PLKOTSTWOY;ID=XFQJGPXSWWM;NAME=Left_Angle;GROUP=Chevron;VALUE=0 
 PARM;GEOM_ID=PLKOTSTWOY;ID=YRSDXMDHJTL;NAME=Left_Slew;GROUP=Chevron;VALUE=0 
 PARM;GEOM_ID=PLKOTSTWOY;ID=TTQHUKZXPQF;NAME=Number;GROUP=Chevron;VALUE=8 
 PARM;GEOM_ID=PLKOTSTWOY;ID=DEWKIDIMPSG;NAME=Off_Duty;GROUP=Chevron;VALUE=0 
 PARM;GEOM_ID=PLKOTSTWOY;ID=HRANVGBMVKW;NAME=On_Duty;GROUP=Chevron;VALUE=0 
 PARM;GEOM_ID=PLKOTSTWOY;ID=GOUNRIMPOMB;NAME=Peak_Radius;GROUP=Chevron;VALUE=0 
 PARM;GEOM_ID=PLKOTSTWOY;ID=PXNKPKGGPLL;NAME=RLSym;GROUP=Chevron;VALUE=1 
 PARM;GEOM_ID=PLKOTSTWOY;ID=VVGIRFBBLCJ;NAME=RightAmplitude;GROUP=Chevron;VALUE=1 
 PARM;GEOM_ID=PLKOTSTWOY;ID=AANDPQPCMUM;NAME=Right_Angle;GROUP=Chevron;VALUE=0 
 PARM;GEOM_ID=PLKOTSTWOY;ID=MLBXADGBASI;NAME=Right_Slew;GROUP=Chevron;VALUE=0 
 PARM;GEOM_ID=PLKOTSTWOY;ID=TNPOHCCSPUL;NAME=TBSym;GROUP=Chevron;VALUE=1 
 PARM;GEOM_ID=PLKOTSTWOY;ID=IDGSSBXXWFI;NAME=TopAmplitude;GROUP=Chevron;VALUE=1 
 PARM;GEOM_ID=PLKOTSTWOY;ID=GPZJNYNWFJF;NAME=Top_Angle;GROUP=Chevron;VALUE=0 
 PARM;GEOM_ID=PLKOTSTWOY;ID=ZIZXETZIWAZ;NAME=Top_Slew;GROUP=Chevron;VALUE=0 
 PARM;GEOM_ID=PLKOTSTWOY;ID=YONWJPAYZQS;NAME=Valley_Radius;GROUP=Chevron;VALUE=0 
 PARM;GEOM_ID=PLKOTSTWOY;ID=QIOVDQFWUEX;NAME=W01_Center;GROUP=Chevron;VALUE=0.25 
 PARM;GEOM_ID=PLKOTSTWOY;ID=YAJLWPHQAMC;NAME=W01_Center_Guide;GROUP=Chevron;VALUE=5 
 PARM;GEOM_ID=PLKOTSTWOY;ID=ZUNSBAILBYU;NAME=W01_End;GROUP=Chevron;VALUE=0.5 
 PARM;GEOM_ID=PLKOTSTWOY;ID=RDQPCWHBZAI;NAME=W01_End_Guide;GROUP=Chevron;VALUE=5 
 PARM;GEOM_ID=PLKOTSTWOY;ID=XDOHNXVJECF;NAME=W01_Mode;GROUP=Chevron;VALUE=0 
 PARM;GEOM_ID=PLKOTSTWOY;ID=YRWRIBQRRBO;NAME=W01_Start;GROUP=Chevron;VALUE=0 
 PARM;GEOM_ID=PLKOTSTWOY;ID=IVYKSXBGASS;NAME=W01_Start_Guide;GROUP=Chevron;VALUE=5 
 PARM;GEOM_ID=PLKOTSTWOY;ID=JAYHIEMBUAR;NAME=W01_Width;GROUP=Chevron;VALUE=0.5 
 WING_TERMINAL;GEOM_ID=PLKOTSTWOY;XSEC_COUNT=2;TIP_ID=RUGGSIMYRJQ;TIP=5.6746;ROOT_ID=BEDGZLZUYMS;ROOT=9;SPAN_ID=BUTSRMWXRVC;SPAN=2.60449 
 GEOM;ID=XSELHKHPAE;NAME=Gondola;TYPE=Fuselage;BMIN_X=21.5529;BMIN_Y=-5.36899;BMIN_Z=-2.45611;BMAX_X=65.0598;BMAX_Y=0.0350157;BMAX_Z=3.585;SET_1=true;SET_2=false 
 PARM;GEOM_ID=XSELHKHPAE;ID=EBTIGNWILUM;NAME=Abs_Or_Relitive_flag;GROUP=XForm;VALUE=1 
 PARM;GEOM_ID=XSELHKHPAE;ID=FKANEMGGLOO;NAME=Last_Scale;GROUP=XForm;VALUE=1 
 PARM;GEOM_ID=XSELHKHPAE;ID=MAIUVZRKXGK;NAME=Origin;GROUP=XForm;VALUE=0 
 PARM;GEOM_ID=XSELHKHPAE;ID=QQNLCPEHSYJ;NAME=Scale;GROUP=XForm;VALUE=1 
 PARM;GEOM_ID=XSELHKHPAE;ID=RYQZTNBLEQU;NAME=X_Location;GROUP=XForm;VALUE=17.2951 
 PARM;GEOM_ID=XSELHKHPAE;ID=TFFMBQUAAFL;NAME=X_Rel_Location;GROUP=XForm;VALUE=17.2951 
 PARM;GEOM_ID=XSELHKHPAE;ID=YNORITYBGRH;NAME=X_Rel_Rotation;GROUP=XForm;VALUE=0 
 PARM;GEOM_ID=XSELHKHPAE;ID=BJSYSGHWHVP;NAME=X_Rotation;GROUP=XForm;VALUE=0 
 PARM;GEOM_ID=XSELHKHPAE;ID=FRDRDZNKQKU;NAME=Y_Location;GROUP=XForm;VALUE=-3.11475 
 PARM;GEOM_ID=XSELHKHPAE;ID=ENGQRSWLFDZ;NAME=Y_Rel_Location;GROUP=XForm;VALUE=-3.11475 
 PARM;GEOM_ID=XSELHKHPAE;ID=LQFCNNJGPML;NAME=Y_Rel_Rotation;GROUP=XForm;VALUE=0 
 PARM;GEOM_ID=XSELHKHPAE;ID=GDQZYOZIHCP;NAME=Y_Rotation;GROUP=XForm;VALUE=0 
 PARM;GEOM_ID=XSELHKHPAE;ID=FWEIKYJBMTY;NAME=Z_Location;GROUP=XForm;VALUE=0.184426 
 PARM;GEOM_ID=XSELHKHPAE;ID=DSJXAXFTFNR;NAME=Z_Rel_Location;GROUP=XForm;VALUE=0.184426 
 PARM;GEOM_ID=XSELHKHPAE;ID=USABCNQMHRS;NAME=Z_Rel_Rotation;GROUP=XForm;VALUE=0 
 PARM;GEOM_ID=XSELHKHPAE;ID=AEIVYIWBMYW;NAME=Z_Rotation;GROUP=XForm;VALUE=0 
 PARM;GEOM_ID=XSELHKHPAE;ID=KSOJARQKNST;NAME=Sym_Ancestor;GROUP=Sym;VALUE=1 
 PARM;GEOM_ID=XSELHKHPAE;ID=TTXFYTEOWNB;NAME=Sym_Ancestor_Origin_Flag;GROUP=Sym;VALUE=1 
 PARM;GEOM_ID=XSELHKHPAE;ID=JVWQRBHUXDJ;NAME=Sym_Axial_Flag;GROUP=Sym;VALUE=0 
 PARM;GEOM_ID=XSELHKHPAE;ID=HIUITOQOBFG;NAME=Sym_Planar_Flag;GROUP=Sym;VALUE=2 
 PARM;GEOM_ID=XSELHKHPAE;ID=ZTGICFEEMSR;NAME=Sym_Rot_N;GROUP=Sym;VALUE=2 
 PARM;GEOM_ID=XSELHKHPAE;ID=VQDGHZYPLZS;NAME=Eta_Attach_Location;GROUP=Attach;VALUE=0 
 PARM;GEOM_ID=XSELHKHPAE;ID=LSOMHONCDBO;NAME=L_01;GROUP=Attach;VALUE=1 
 PARM;GEOM_ID=XSELHKHPAE;ID=QNOHUBNRYZQ;NAME=L_Attach_Location;GROUP=Attach;VALUE=0 
 PARM;GEOM_ID=XSELHKHPAE;ID=TNUAJBCKFCE;NAME=L_Attach_Location0Len;GROUP=Attach;VALUE=0 
 PARM;GEOM_ID=XSELHKHPAE;ID=DEEZLBDQWRL;NAME=M_Attach_Location;GROUP=Attach;VALUE=0.5 
 PARM;GEOM_ID=XSELHKHPAE;ID=VXUFXXEVBAW;NAME=N_Attach_Location;GROUP=Attach;VALUE=0.5 
 PARM;GEOM_ID=XSELHKHPAE;ID=JUSPDLFYCYL;NAME=R_01;GROUP=Attach;VALUE=1 
 PARM;GEOM_ID=XSELHKHPAE;ID=IUBIYRBMEJF;NAME=R_Attach_Location;GROUP=Attach;VALUE=0 
 PARM;GEOM_ID=XSELHKHPAE;ID=QHHKMCJGSNT;NAME=R_Attach_Location0N;GROUP=Attach;VALUE=0 
 PARM;GEOM_ID=XSELHKHPAE;ID=ITXOLREYGVA;NAME=Rots_Attach_Flag;GROUP=Attach;VALUE=0 
 PARM;GEOM_ID=XSELHKHPAE;ID=FLPZIYPOBFE;NAME=S_Attach_Location;GROUP=Attach;VALUE=0.5 
 PARM;GEOM_ID=XSELHKHPAE;ID=CWEMFOVZIUT;NAME=T_Attach_Location;GROUP=Attach;VALUE=0.5 
 PARM;GEOM_ID=XSELHKHPAE;ID=SZNITJZSHRO;NAME=Trans_Attach_Flag;GROUP=Attach;VALUE=0 
 PARM;GEOM_ID=XSELHKHPAE;ID=XDDGYVZIYKA;NAME=U_01;GROUP=Attach;VALUE=1 
 PARM;GEOM_ID=XSELHKHPAE;ID=RKADSWGWRTG;NAME=U_Attach_Location;GROUP=Attach;VALUE=0 
 PARM;GEOM_ID=XSELHKHPAE;ID=WAQYJSUFFXT;NAME=U_Attach_Location0N;GROUP=Attach;VALUE=0 
 PARM;GEOM_ID=XSELHKHPAE;ID=LMOEJBUPQSO;NAME=V_Attach_Location;GROUP=Attach;VALUE=0 
 PARM;GEOM_ID=XSELHKHPAE;ID=UULMKRKMENR;NAME=Tess_U;GROUP=Shape;VALUE=31 
 PARM;GEOM_ID=XSELHKHPAE;ID=JMWCLCIKFBK;NAME=Tess_W;GROUP=Shape;VALUE=25 
 PARM;GEOM_ID=XSELHKHPAE;ID=ZGJJRAMGCMX;NAME=Wake;GROUP=Shape;VALUE=0 
 PARM;GEOM_ID=XSELHKHPAE;ID=BRMRUQFDASX;NAME=AutoExtensionFlag;GROUP=EngineModel;VALUE=0 
 PARM;GEOM_ID=XSELHKHPAE;ID=CEJPCXCINLM;NAME=AutoExtensionSet;GROUP=EngineModel;VALUE=1 
 PARM;GEOM_ID=XSELHKHPAE;ID=UKEGPUWYVSC;NAME=EngineShowStationsFlag;GROUP=EngineModel;VALUE=1 
 PARM;GEOM_ID=XSELHKHPAE;ID=TXAYHHZZOYX;NAME=ExtensionDistance;GROUP=EngineModel;VALUE=10 
 PARM;GEOM_ID=XSELHKHPAE;ID=NFASYGCYAXJ;NAME=GeomIOType;GROUP=EngineModel;VALUE=2 
 PARM;GEOM_ID=XSELHKHPAE;ID=BDOJOJNBEJP;NAME=GeomInType;GROUP=EngineModel;VALUE=3 
 PARM;GEOM_ID=XSELHKHPAE;ID=JPIQUCWWCMN;NAME=GeomOutType;GROUP=EngineModel;VALUE=1 
 PARM;GEOM_ID=XSELHKHPAE;ID=VPNHBKGGHPP;NAME=InletFaceIndex;GROUP=EngineModel;VALUE=1 
 PARM;GEOM_ID=XSELHKHPAE;ID=PVLWOXFAYPV;NAME=InletFaceMode;GROUP=EngineModel;VALUE=0 
 PARM;GEOM_ID=XSELHKHPAE;ID=ISIXSZBSOFU;NAME=InletFaceU;GROUP=EngineModel;VALUE=0.2 
 PARM;GEOM_ID=XSELHKHPAE;ID=BEJIQQBTZUL;NAME=InletLipIndex;GROUP=EngineModel;VALUE=1 
 PARM;GEOM_ID=XSELHKHPAE;ID=YFTBAIQEREP;NAME=InletLipMode;GROUP=EngineModel;VALUE=0 
 PARM;GEOM_ID=XSELHKHPAE;ID=GDEPVLKMLKB;NAME=InletLipU;GROUP=EngineModel;VALUE=0.2 
 PARM;GEOM_ID=XSELHKHPAE;ID=EDPVTQGREUP;NAME=InletModeType;GROUP=EngineModel;VALUE=3 
 PARM;GEOM_ID=XSELHKHPAE;ID=XBBPINWUGSD;NAME=OutletFaceIndex;GROUP=EngineModel;VALUE=0 
 PARM;GEOM_ID=XSELHKHPAE;ID=RRGXVIPMMXX;NAME=OutletFaceMode;GROUP=EngineModel;VALUE=0 
 PARM;GEOM_ID=XSELHKHPAE;ID=BYENICFQWVW;NAME=OutletFaceU;GROUP=EngineModel;VALUE=0 
 PARM;GEOM_ID=XSELHKHPAE;ID=IXOPBOYFVWQ;NAME=OutletLipIndex;GROUP=EngineModel;VALUE=5 
 PARM;GEOM_ID=XSELHKHPAE;ID=TNWFEPQPZLT;NAME=OutletLipMode;GROUP=EngineModel;VALUE=0 
 PARM;GEOM_ID=XSELHKHPAE;ID=UHHEIGTPAPH;NAME=OutletLipU;GROUP=EngineModel;VALUE=1 
 PARM;GEOM_ID=XSELHKHPAE;ID=ZWUTIGCEWWD;NAME=OutletModeType;GROUP=EngineModel;VALUE=3 
 PARM;GEOM_ID=XSELHKHPAE;ID=SUGGILPYTRD;NAME=RotExtensionFlag;GROUP=EngineModel;VALUE=0 
 PARM;GEOM_ID=XSELHKHPAE;ID=MLUICFAGPVB;NAME=Negative_Volume_Flag;GROUP=Negative_Volume_Props;VALUE=0 
 PARM;GEOM_ID=XSELHKHPAE;ID=NAJVMFWQOCK;NAME=WakeAngle;GROUP=WakeSettings;VALUE=0 
 PARM;GEOM_ID=XSELHKHPAE;ID=XFJOMGRBQQX;NAME=WakeScale;GROUP=WakeSettings;VALUE=2 
 PARM;GEOM_ID=XSELHKHPAE;ID=NXXQEQGEDUA;NAME=CGx;GROUP=Mass_Props;VALUE=0 
 PARM;GEOM_ID=XSELHKHPAE;ID=HZUARMJVFKW;NAME=CGy;GROUP=Mass_Props;VALUE=0 
 PARM;GEOM_ID=XSELHKHPAE;ID=FUWZQFBQEDQ;NAME=CGz;GROUP=Mass_Props;VALUE=0 
 PARM;GEOM_ID=XSELHKHPAE;ID=XNVPQEMOVMT;NAME=Density;GROUP=Mass_Props;VALUE=1 
 PARM;GEOM_ID=XSELHKHPAE;ID=ZWMYNQTBYUO;NAME=Ixx;GROUP=Mass_Props;VALUE=0 
 PARM;GEOM_ID=XSELHKHPAE;ID=AVGTHKJRPGR;NAME=Ixy;GROUP=Mass_Props;VALUE=0 
 PARM;GEOM_ID=XSELHKHPAE;ID=EGWJFNAOXLI;NAME=Ixz;GROUP=Mass_Props;VALUE=0 
 PARM;GEOM_ID=XSELHKHPAE;ID=DKFKLDPRSQU;NAME=Iyy;GROUP=Mass_Props;VALUE=0 
 PARM;GEOM_ID=XSELHKHPAE;ID=RHVVFHBBCAT;NAME=Iyz;GROUP=Mass_Props;VALUE=0 
 PARM;GEOM_ID=XSELHKHPAE;ID=IRSGZZBYMGO;NAME=Izz;GROUP=Mass_Props;VALUE=0 
 PARM;GEOM_ID=XSELHKHPAE;ID=FCLNZXEXAXP;NAME=Mass_Area;GROUP=Mass_Props;VALUE=1 
 PARM;GEOM_ID=XSELHKHPAE;ID=DQETPBCSLLQ;NAME=Mass_Prior;GROUP=Mass_Props;VALUE=0 
 PARM;GEOM_ID=XSELHKHPAE;ID=ZQGEZEBJUXG;NAME=PointMass;GROUP=Mass_Props;VALUE=0 
 PARM;GEOM_ID=XSELHKHPAE;ID=QPGIUIVAUPN;NAME=Shell_Flag;GROUP=Mass_Props;VALUE=0 
 PARM;GEOM_ID=XSELHKHPAE;ID=ISRJPSCVXXH;NAME=X_Len;GROUP=BBox;VALUE=43.5068 
 PARM;GEOM_ID=XSELHKHPAE;ID=BDDAIHQMSJD;NAME=X_Min;GROUP=BBox;VALUE=21.5529 
 PARM;GEOM_ID=XSELHKHPAE;ID=XEYZJLRZZPK;NAME=Y_Len;GROUP=BBox;VALUE=10.738 
 PARM;GEOM_ID=XSELHKHPAE;ID=RCJMWWPJNAC;NAME=Y_Min;GROUP=BBox;VALUE=-5.36899 
 PARM;GEOM_ID=XSELHKHPAE;ID=CXVSQECLXZJ;NAME=Z_Len;GROUP=BBox;VALUE=6.04112 
 PARM;GEOM_ID=XSELHKHPAE;ID=TSYVQNXLWXO;NAME=Z_Min;GROUP=BBox;VALUE=-2.45611 
 PARM;GEOM_ID=XSELHKHPAE;ID=IULLSMGQROT;NAME=CapUMaxLength;GROUP=EndCap;VALUE=1 
 PARM;GEOM_ID=XSELHKHPAE;ID=FUJIBOHITQF;NAME=CapUMaxOffset;GROUP=EndCap;VALUE=0 
 PARM;GEOM_ID=XSELHKHPAE;ID=MKCMAIPWEBL;NAME=CapUMaxOption;GROUP=EndCap;VALUE=0 
 PARM;GEOM_ID=XSELHKHPAE;ID=KBMQPOJCITV;NAME=CapUMaxStrength;GROUP=EndCap;VALUE=0.5 
 PARM;GEOM_ID=XSELHKHPAE;ID=RATSAQTZVRQ;NAME=CapUMaxSweepFlag;GROUP=EndCap;VALUE=0 
 PARM;GEOM_ID=XSELHKHPAE;ID=NIIBBILFOXX;NAME=CapUMinLength;GROUP=EndCap;VALUE=1 
 PARM;GEOM_ID=XSELHKHPAE;ID=ACUIGSBTGLG;NAME=CapUMinOffset;GROUP=EndCap;VALUE=0 
 PARM;GEOM_ID=XSELHKHPAE;ID=UJWEAKNGZAO;NAME=CapUMinOption;GROUP=EndCap;VALUE=0 
 PARM;GEOM_ID=XSELHKHPAE;ID=GNLUUUYOOBN;NAME=CapUMinStrength;GROUP=EndCap;VALUE=0.5 
 PARM;GEOM_ID=XSELHKHPAE;ID=MTILRKFBTAK;NAME=CapUMinSweepFlag;GROUP=EndCap;VALUE=0 
 PARM;GEOM_ID=XSELHKHPAE;ID=GWRNLRRCMFZ;NAME=CapUMinTess;GROUP=EndCap;VALUE=3 
 PARM;GEOM_ID=XSELHKHPAE;ID=WKJXJRBREIE;NAME=ExpandedList;GROUP=ParasiteDragProps;VALUE=0 
 PARM;GEOM_ID=XSELHKHPAE;ID=JETSFSTFTGR;NAME=FFBodyEqnType;GROUP=ParasiteDragProps;VALUE=3 
 PARM;GEOM_ID=XSELHKHPAE;ID=DCSZOSYJXWX;NAME=FFUser;GROUP=ParasiteDragProps;VALUE=1 
 PARM;GEOM_ID=XSELHKHPAE;ID=SZBOSCRDCLY;NAME=FFWingEqnType;GROUP=ParasiteDragProps;VALUE=3 
 PARM;GEOM_ID=XSELHKHPAE;ID=AABXRKZVSKI;NAME=IncorporatedGen;GROUP=ParasiteDragProps;VALUE=0 
 PARM;GEOM_ID=XSELHKHPAE;ID=YZFVAWNWPNK;NAME=PercLam;GROUP=ParasiteDragProps;VALUE=0 
 PARM;GEOM_ID=XSELHKHPAE;ID=QJGUTQIQPFI;NAME=Q;GROUP=ParasiteDragProps;VALUE=1 
 PARM;GEOM_ID=XSELHKHPAE;ID=UFNSTIBOKDH;NAME=Roughness;GROUP=ParasiteDragProps;VALUE=0 
 PARM;GEOM_ID=XSELHKHPAE;ID=PKHVFRAMHAZ;NAME=TawTwRatio;GROUP=ParasiteDragProps;VALUE=1 
 PARM;GEOM_ID=XSELHKHPAE;ID=WLSKZWQVJKN;NAME=TeTwRatio;GROUP=ParasiteDragProps;VALUE=1 
 PARM;GEOM_ID=XSELHKHPAE;ID=FFCTUNMUZCR;NAME=ActiveXSec;GROUP=Index;VALUE=1 
 PARM;GEOM_ID=XSELHKHPAE;ID=SSPEYXYDRDG;NAME=Length;GROUP=Design;VALUE=47.7647 
 PARM;GEOM_ID=XSELHKHPAE;ID=TRKVVHSJGIA;NAME=OrderPolicy;GROUP=Design;VALUE=0 
 PARM;GEOM_ID=XSELHKHPAE;ID=INYMBHFXCYJ;NAME=AftCluster;GROUP=XSec;VALUE=1 
 PARM;GEOM_ID=XSELHKHPAE;ID=UPPKXIVWLKD;NAME=AllSym;GROUP=XSec;VALUE=0 
 PARM;GEOM_ID=XSELHKHPAE;ID=PUGLNCPVPAD;NAME=BottomLAngle;GROUP=XSec;VALUE=45 
 PARM;GEOM_ID=XSELHKHPAE;ID=AHVHAAOAGEP;NAME=BottomLAngleSet;GROUP=XSec;VALUE=1 
 PARM;GEOM_ID=XSELHKHPAE;ID=DFEMJCXTMCC;NAME=BottomLCurve;GROUP=XSec;VALUE=3.73739 
 PARM;GEOM_ID=XSELHKHPAE;ID=FRNGQYNHDOT;NAME=BottomLCurveSet;GROUP=XSec;VALUE=0 
 PARM;GEOM_ID=XSELHKHPAE;ID=XYELBOFKYBW;NAME=BottomLRAngleEq;GROUP=XSec;VALUE=1 
 PARM;GEOM_ID=XSELHKHPAE;ID=WVDCHDZOEDV;NAME=BottomLRCurveEq;GROUP=XSec;VALUE=0 
 PARM;GEOM_ID=XSELHKHPAE;ID=NEYVPVQIGOV;NAME=BottomLRSlewEq;GROUP=XSec;VALUE=0 
 PARM;GEOM_ID=XSELHKHPAE;ID=UWBOUXOIKNA;NAME=BottomLRStrengthEq;GROUP=XSec;VALUE=0 
 PARM;GEOM_ID=XSELHKHPAE;ID=RDFJIWKEWAX;NAME=BottomLSlew;GROUP=XSec;VALUE=0 
 PARM;GEOM_ID=XSELHKHPAE;ID=HLENULBCTHZ;NAME=BottomLSlewSet;GROUP=XSec;VALUE=1 
 PARM;GEOM_ID=XSELHKHPAE;ID=ZEDTTNQEYIY;NAME=BottomLStrength;GROUP=XSec;VALUE=0.75 
 PARM;GEOM_ID=XSELHKHPAE;ID=VMRJCJTRVTT;NAME=BottomLStrengthSet;GROUP=XSec;VALUE=1 
 PARM;GEOM_ID=XSELHKHPAE;ID=LSBSEASWNMX;NAME=BottomRAngle;GROUP=XSec;VALUE=45 
 PARM;GEOM_ID=XSELHKHPAE;ID=MZUOHMNUHQR;NAME=BottomRAngleSet;GROUP=XSec;VALUE=1 
 PARM;GEOM_ID=XSELHKHPAE;ID=BLZRYGNWWPM;NAME=BottomRCurve;GROUP=XSec;VALUE=3.73739 
 PARM;GEOM_ID=XSELHKHPAE;ID=UOVRLDBWVVE;NAME=BottomRCurveSet;GROUP=XSec;VALUE=0 
 PARM;GEOM_ID=XSELHKHPAE;ID=ENKDQBOIAGH;NAME=BottomRSlew;GROUP=XSec;VALUE=0 
 PARM;GEOM_ID=XSELHKHPAE;ID=XKLDKWVSLBB;NAME=BottomRSlewSet;GROUP=XSec;VALUE=1 
 PARM;GEOM_ID=XSELHKHPAE;ID=ARVBUBVFPUD;NAME=BottomRStrength;GROUP=XSec;VALUE=1 
 PARM;GEOM_ID=XSELHKHPAE;ID=ZHSYRDYVZBB;NAME=BottomRStrengthSet;GROUP=XSec;VALUE=1 
 PARM;GEOM_ID=XSELHKHPAE;ID=LUVWRPGMITL;NAME=ContinuityBottom;GROUP=XSec;VALUE=0 
 PARM;GEOM_ID=XSELHKHPAE;ID=YAZEBDYJEHU;NAME=ContinuityLeft;GROUP=XSec;VALUE=0 
 PARM;GEOM_ID=XSELHKHPAE;ID=ISBEHLWPDJH;NAME=ContinuityRight;GROUP=XSec;VALUE=0 
 PARM;GEOM_ID=XSELHKHPAE;ID=ZWFIXPTKFXM;NAME=ContinuityTop;GROUP=XSec;VALUE=0 
 PARM;GEOM_ID=XSELHKHPAE;ID=RMIMIJNOHOI;NAME=FwdCluster;GROUP=XSec;VALUE=1 
 PARM;GEOM_ID=XSELHKHPAE;ID=OITNCXTGTTL;NAME=LeftLAngle;GROUP=XSec;VALUE=45 
 PARM;GEOM_ID=XSELHKHPAE;ID=RQBWUCFIPDR;NAME=LeftLAngleSet;GROUP=XSec;VALUE=1 
 PARM;GEOM_ID=XSELHKHPAE;ID=QXDLYOWUZJW;NAME=LeftLCurve;GROUP=XSec;VALUE=3.00767 
 PARM;GEOM_ID=XSELHKHPAE;ID=UITZORBZHDK;NAME=LeftLCurveSet;GROUP=XSec;VALUE=0 
 PARM;GEOM_ID=XSELHKHPAE;ID=IFKOYBRXCTC;NAME=LeftLRAngleEq;GROUP=XSec;VALUE=1 
 PARM;GEOM_ID=XSELHKHPAE;ID=UENGJDJCBFV;NAME=LeftLRCurveEq;GROUP=XSec;VALUE=0 
 PARM;GEOM_ID=XSELHKHPAE;ID=THRFHAABLDT;NAME=LeftLRSlewEq;GROUP=XSec;VALUE=0 
 PARM;GEOM_ID=XSELHKHPAE;ID=JRMCYLQWFTU;NAME=LeftLRStrengthEq;GROUP=XSec;VALUE=0 
 PARM;GEOM_ID=XSELHKHPAE;ID=JNLWMJPLKUP;NAME=LeftLSlew;GROUP=XSec;VALUE=0 
 PARM;GEOM_ID=XSELHKHPAE;ID=GJYFEQZGUKM;NAME=LeftLSlewSet;GROUP=XSec;VALUE=1 
 PARM;GEOM_ID=XSELHKHPAE;ID=TNZJRDFDJET;NAME=LeftLStrength;GROUP=XSec;VALUE=0.75 
 PARM;GEOM_ID=XSELHKHPAE;ID=MDPYMMIAARC;NAME=LeftLStrengthSet;GROUP=XSec;VALUE=1 
 PARM;GEOM_ID=XSELHKHPAE;ID=EUGVFMUBLES;NAME=LeftRAngle;GROUP=XSec;VALUE=45 
 PARM;GEOM_ID=XSELHKHPAE;ID=LQRQOHGZQLK;NAME=LeftRAngleSet;GROUP=XSec;VALUE=1 
 PARM;GEOM_ID=XSELHKHPAE;ID=OYTTUTJQPHU;NAME=LeftRCurve;GROUP=XSec;VALUE=3.00767 
 PARM;GEOM_ID=XSELHKHPAE;ID=EEBMKKWEXTM;NAME=LeftRCurveSet;GROUP=XSec;VALUE=0 
 PARM;GEOM_ID=XSELHKHPAE;ID=BCVRWRLRYSK;NAME=LeftRSlew;GROUP=XSec;VALUE=0 
 PARM;GEOM_ID=XSELHKHPAE;ID=BSGQCNUOKUU;NAME=LeftRSlewSet;GROUP=XSec;VALUE=1 
 PARM;GEOM_ID=XSELHKHPAE;ID=XPZPOEHCWUX;NAME=LeftRStrength;GROUP=XSec;VALUE=1 
 PARM;GEOM_ID=XSELHKHPAE;ID=PZFPRMBKOAJ;NAME=LeftRStrengthSet;GROUP=XSec;VALUE=1 
 PARM;GEOM_ID=XSELHKHPAE;ID=NHOFVZWLHGQ;NAME=RLSym;GROUP=XSec;VALUE=1 
 PARM;GEOM_ID=XSELHKHPAE;ID=PPDQLGXVGFX;NAME=RefLength;GROUP=XSec;VALUE=47.7647 
 PARM;GEOM_ID=XSELHKHPAE;ID=SXJLQBQUVEW;NAME=RightLAngle;GROUP=XSec;VALUE=45 
 PARM;GEOM_ID=XSELHKHPAE;ID=OGUVISICRWW;NAME=RightLAngleSet;GROUP=XSec;VALUE=1 
 PARM;GEOM_ID=XSELHKHPAE;ID=KTMRMFICHIQ;NAME=RightLCurve;GROUP=XSec;VALUE=3.15749 
 PARM;GEOM_ID=XSELHKHPAE;ID=GOOFUKFCMDT;NAME=RightLCurveSet;GROUP=XSec;VALUE=0 
 PARM;GEOM_ID=XSELHKHPAE;ID=FTOHJAPWLZG;NAME=RightLRAngleEq;GROUP=XSec;VALUE=1 
 PARM;GEOM_ID=XSELHKHPAE;ID=ZGGAOAKPOCI;NAME=RightLRCurveEq;GROUP=XSec;VALUE=0 
 PARM;GEOM_ID=XSELHKHPAE;ID=STNHXHMHTPF;NAME=RightLRSlewEq;GROUP=XSec;VALUE=0 
 PARM;GEOM_ID=XSELHKHPAE;ID=SSBBFLGWNJP;NAME=RightLRStrengthEq;GROUP=XSec;VALUE=0 
 PARM;GEOM_ID=XSELHKHPAE;ID=MSFJTYOGZPQ;NAME=RightLSlew;GROUP=XSec;VALUE=0 
 PARM;GEOM_ID=XSELHKHPAE;ID=IFGJHBZFXPR;NAME=RightLSlewSet;GROUP=XSec;VALUE=1 
 PARM;GEOM_ID=XSELHKHPAE;ID=RAPUCALFZIJ;NAME=RightLStrength;GROUP=XSec;VALUE=0.75 
 PARM;GEOM_ID=XSELHKHPAE;ID=DMSNERFJBOQ;NAME=RightLStrengthSet;GROUP=XSec;VALUE=1 
 PARM;GEOM_ID=XSELHKHPAE;ID=DXMGVSGPPZW;NAME=RightRAngle;GROUP=XSec;VALUE=45 
 PARM;GEOM_ID=XSELHKHPAE;ID=GLACQYQZENK;NAME=RightRAngleSet;GROUP=XSec;VALUE=1 
 PARM;GEOM_ID=XSELHKHPAE;ID=IEFLCVRRBIU;NAME=RightRCurve;GROUP=XSec;VALUE=3.15749 
 PARM;GEOM_ID=XSELHKHPAE;ID=PVVVNETMRGP;NAME=RightRCurveSet;GROUP=XSec;VALUE=0 
 PARM;GEOM_ID=XSELHKHPAE;ID=LUAECOTQSNR;NAME=RightRSlew;GROUP=XSec;VALUE=0 
 PARM;GEOM_ID=XSELHKHPAE;ID=CQNNUVGCHDH;NAME=RightRSlewSet;GROUP=XSec;VALUE=1 
 PARM;GEOM_ID=XSELHKHPAE;ID=QIRPGDYWNMD;NAME=RightRStrength;GROUP=XSec;VALUE=1 
 PARM;GEOM_ID=XSELHKHPAE;ID=IYJPAESJQSO;NAME=RightRStrengthSet;GROUP=XSec;VALUE=1 
 PARM;GEOM_ID=XSELHKHPAE;ID=ASKERUAWCEQ;NAME=SectTess_U;GROUP=XSec;VALUE=6 
 PARM;GEOM_ID=XSELHKHPAE;ID=GKCBQCLWAWW;NAME=Spin;GROUP=XSec;VALUE=0 
 PARM;GEOM_ID=XSELHKHPAE;ID=BJVAJQJVQAT;NAME=TBSym;GROUP=XSec;VALUE=1 
 PARM;GEOM_ID=XSELHKHPAE;ID=BSXWWEFLRHJ;NAME=TopLAngle;GROUP=XSec;VALUE=45 
 PARM;GEOM_ID=XSELHKHPAE;ID=WOFZKIRAOQM;NAME=TopLAngleSet;GROUP=XSec;VALUE=1 
 PARM;GEOM_ID=XSELHKHPAE;ID=IEIYYZFXQNE;NAME=TopLCurve;GROUP=XSec;VALUE=-1.5858 
 PARM;GEOM_ID=XSELHKHPAE;ID=CUCOXFZUYSH;NAME=TopLCurveSet;GROUP=XSec;VALUE=0 
 PARM;GEOM_ID=XSELHKHPAE;ID=NZOHXRTJFPR;NAME=TopLRAngleEq;GROUP=XSec;VALUE=1 
 PARM;GEOM_ID=XSELHKHPAE;ID=LMXKFUDCLQH;NAME=TopLRCurveEq;GROUP=XSec;VALUE=0 
 PARM;GEOM_ID=XSELHKHPAE;ID=NJVFMYPTTII;NAME=TopLRSlewEq;GROUP=XSec;VALUE=0 
 PARM;GEOM_ID=XSELHKHPAE;ID=NBZWCCMFLHP;NAME=TopLRStrengthEq;GROUP=XSec;VALUE=0 
 PARM;GEOM_ID=XSELHKHPAE;ID=LDRBMGPBEAJ;NAME=TopLSlew;GROUP=XSec;VALUE=0 
 PARM;GEOM_ID=XSELHKHPAE;ID=YGCHNJCVSYO;NAME=TopLSlewSet;GROUP=XSec;VALUE=1 
 PARM;GEOM_ID=XSELHKHPAE;ID=FACTRMKYMCG;NAME=TopLStrength;GROUP=XSec;VALUE=0.75 
 PARM;GEOM_ID=XSELHKHPAE;ID=SUOYNFMLPFP;NAME=TopLStrengthSet;GROUP=XSec;VALUE=1 
 PARM;GEOM_ID=XSELHKHPAE;ID=PRUHAUQCYXR;NAME=TopRAngle;GROUP=XSec;VALUE=45 
 PARM;GEOM_ID=XSELHKHPAE;ID=PXMZINZDMIV;NAME=TopRAngleSet;GROUP=XSec;VALUE=1 
 PARM;GEOM_ID=XSELHKHPAE;ID=RSBPAYYLWQQ;NAME=TopRCurve;GROUP=XSec;VALUE=-1.5858 
 PARM;GEOM_ID=XSELHKHPAE;ID=OTACYXPGLGL;NAME=TopRCurveSet;GROUP=XSec;VALUE=0 
 PARM;GEOM_ID=XSELHKHPAE;ID=IFDPNQPVYEF;NAME=TopRSlew;GROUP=XSec;VALUE=0 
 PARM;GEOM_ID=XSELHKHPAE;ID=XDWRYYJTOTT;NAME=TopRSlewSet;GROUP=XSec;VALUE=1 
 PARM;GEOM_ID=XSELHKHPAE;ID=IPVQWDIUPXT;NAME=TopRStrength;GROUP=XSec;VALUE=1 
 PARM;GEOM_ID=XSELHKHPAE;ID=JPRELINBPUG;NAME=TopRStrengthSet;GROUP=XSec;VALUE=1 
 PARM;GEOM_ID=XSELHKHPAE;ID=NVOTDGPRFPU;NAME=XLocPercent;GROUP=XSec;VALUE=0 
 PARM;GEOM_ID=XSELHKHPAE;ID=WKDIPCETJJL;NAME=XRotate;GROUP=XSec;VALUE=0 
 PARM;GEOM_ID=XSELHKHPAE;ID=JNZWIZWIROE;NAME=YLocPercent;GROUP=XSec;VALUE=0 
 PARM;GEOM_ID=XSELHKHPAE;ID=XNHADRNNYJG;NAME=YRotate;GROUP=XSec;VALUE=0 
 PARM;GEOM_ID=XSELHKHPAE;ID=ILIYJTDUVOD;NAME=ZLocPercent;GROUP=XSec;VALUE=0 
 PARM;GEOM_ID=XSELHKHPAE;ID=LGGRLKHYSZU;NAME=ZRotate;GROUP=XSec;VALUE=0 
 PARM;GEOM_ID=XSELHKHPAE;ID=FSQNRMIEASF;NAME=Area;GROUP=XSecCurve;VALUE=0 
 PARM;GEOM_ID=XSELHKHPAE;ID=QGAZVKGHNQP;NAME=DeltaX;GROUP=XSecCurve;VALUE=0 
 PARM;GEOM_ID=XSELHKHPAE;ID=EOGIRDMGBQF;NAME=DeltaY;GROUP=XSecCurve;VALUE=0 
 PARM;GEOM_ID=XSELHKHPAE;ID=SUMSQAYPBPF;NAME=HWRatio;GROUP=XSecCurve;VALUE=1 
 PARM;GEOM_ID=XSELHKHPAE;ID=CPBSMPAWRCE;NAME=Scale;GROUP=XSecCurve;VALUE=1 
 PARM;GEOM_ID=XSELHKHPAE;ID=CNVUCGWBFTO;NAME=ShiftLE;GROUP=XSecCurve;VALUE=0 
 PARM;GEOM_ID=XSELHKHPAE;ID=SKFHYGNEJZG;NAME=Theta;GROUP=XSecCurve;VALUE=0 
 PARM;GEOM_ID=XSELHKHPAE;ID=VHVKDAZZMOS;NAME=LE_Cap_Length;GROUP=Cap;VALUE=1 
 PARM;GEOM_ID=XSELHKHPAE;ID=FEZTZGOAVKR;NAME=LE_Cap_Offset;GROUP=Cap;VALUE=0 
 PARM;GEOM_ID=XSELHKHPAE;ID=HMNUBHWSGZQ;NAME=LE_Cap_Strength;GROUP=Cap;VALUE=0.5 
 PARM;GEOM_ID=XSELHKHPAE;ID=FKFCVTUUALC;NAME=LE_Cap_Type;GROUP=Cap;VALUE=1 
 PARM;GEOM_ID=XSELHKHPAE;ID=UHPOGKCLXFF;NAME=TE_Cap_Length;GROUP=Cap;VALUE=1 
 PARM;GEOM_ID=XSELHKHPAE;ID=BMXQEJSLTYA;NAME=TE_Cap_Offset;GROUP=Cap;VALUE=0 
 PARM;GEOM_ID=XSELHKHPAE;ID=BJBEXBLZALL;NAME=TE_Cap_Strength;GROUP=Cap;VALUE=0.5 
 PARM;GEOM_ID=XSELHKHPAE;ID=ZQISFPIKLVX;NAME=TE_Cap_Type;GROUP=Cap;VALUE=1 
 PARM;GEOM_ID=XSELHKHPAE;ID=LSKEOKYKVHQ;NAME=LE_Close_AbsRel;GROUP=Close;VALUE=0 
 PARM;GEOM_ID=XSELHKHPAE;ID=WIEOWIIXNNX;NAME=LE_Close_Thick;GROUP=Close;VALUE=0 
 PARM;GEOM_ID=XSELHKHPAE;ID=ACCZZSJOTLE;NAME=LE_Close_Thick_Chord;GROUP=Close;VALUE=0 
 PARM;GEOM_ID=XSELHKHPAE;ID=HRTPQFCXAUK;NAME=LE_Close_Type;GROUP=Close;VALUE=0 
 PARM;GEOM_ID=XSELHKHPAE;ID=OJUEIVTKADT;NAME=TE_Close_AbsRel;GROUP=Close;VALUE=0 
 PARM;GEOM_ID=XSELHKHPAE;ID=AUOEVJMIGRR;NAME=TE_Close_Thick;GROUP=Close;VALUE=0 
 PARM;GEOM_ID=XSELHKHPAE;ID=VJYXXVKQPCF;NAME=TE_Close_Thick_Chord;GROUP=Close;VALUE=0 
 PARM;GEOM_ID=XSELHKHPAE;ID=OGXJSWJWTZB;NAME=TE_Close_Type;GROUP=Close;VALUE=0 
 PARM;GEOM_ID=XSELHKHPAE;ID=VVZZVBHAKFA;NAME=LE_Trim_AbsRel;GROUP=Trim;VALUE=0 
 PARM;GEOM_ID=XSELHKHPAE;ID=NLJHGJGBTDL;NAME=LE_Trim_Thick;GROUP=Trim;VALUE=0 
 PARM;GEOM_ID=XSELHKHPAE;ID=IDGPUCDAAZG;NAME=LE_Trim_Thick_Chord;GROUP=Trim;VALUE=0 
 PARM;GEOM_ID=XSELHKHPAE;ID=BDCMKZOUFWY;NAME=LE_Trim_Type;GROUP=Trim;VALUE=0 
 PARM;GEOM_ID=XSELHKHPAE;ID=DRJEIYMMDOI;NAME=LE_Trim_X;GROUP=Trim;VALUE=0 
 PARM;GEOM_ID=XSELHKHPAE;ID=YVIZMXVZVAT;NAME=LE_Trim_X_Chord;GROUP=Trim;VALUE=0 
 PARM;GEOM_ID=XSELHKHPAE;ID=RYRCSNCHWOF;NAME=TE_Trim_AbsRel;GROUP=Trim;VALUE=0 
 PARM;GEOM_ID=XSELHKHPAE;ID=JKOKHBLHYWU;NAME=TE_Trim_Thick;GROUP=Trim;VALUE=0 
 PARM;GEOM_ID=XSELHKHPAE;ID=NAAHFGBQJVR;NAME=TE_Trim_Thick_Chord;GROUP=Trim;VALUE=0 
 PARM;GEOM_ID=XSELHKHPAE;ID=FFZNJNFTYVC;NAME=TE_Trim_Type;GROUP=Trim;VALUE=0 
 PARM;GEOM_ID=XSELHKHPAE;ID=BCZYRKDNTZH;NAME=TE_Trim_X;GROUP=Trim;VALUE=0 
 PARM;GEOM_ID=XSELHKHPAE;ID=VVGHHFWRKTJ;NAME=TE_Trim_X_Chord;GROUP=Trim;VALUE=0 
 PARM;GEOM_ID=XSELHKHPAE;ID=FFOXXXRKLIM;NAME=TE_Flap_DT;GROUP=Flap;VALUE=0 
 PARM;GEOM_ID=XSELHKHPAE;ID=FCDPUHNHEAR;NAME=TE_Flap_Deflection;GROUP=Flap;VALUE=0 
 PARM;GEOM_ID=XSELHKHPAE;ID=UMSSTYVAMHV;NAME=TE_Flap_Flag;GROUP=Flap;VALUE=0 
 PARM;GEOM_ID=XSELHKHPAE;ID=ILLILMEZNVY;NAME=TE_Flap_T;GROUP=Flap;VALUE=0.2 
 PARM;GEOM_ID=XSELHKHPAE;ID=LCFCISQDFNR;NAME=TE_Flap_Type;GROUP=Flap;VALUE=0 
 PARM;GEOM_ID=XSELHKHPAE;ID=HQHLMEWRACV;NAME=TE_Flap_X;GROUP=Flap;VALUE=0 
 PARM;GEOM_ID=XSELHKHPAE;ID=ICHRASDFZCB;NAME=TE_Flap_X_Chord;GROUP=Flap;VALUE=0.2 
 PARM;GEOM_ID=XSELHKHPAE;ID=FTBRAWYFYQL;NAME=TE_Flap_Y_Frc;GROUP=Flap;VALUE=0.5 
 PARM;GEOM_ID=XSELHKHPAE;ID=LUYPVLSIEQW;NAME=TE_Trim_AbsRel;GROUP=Flap;VALUE=1 
 PARM;GEOM_ID=XSELHKHPAE;ID=LBSXNCWZOUL;NAME=XSecFlipImageFlag;GROUP=XSecCurve_Background;VALUE=0 
 PARM;GEOM_ID=XSELHKHPAE;ID=NJXIOMOLZCX;NAME=XSecImageFlag;GROUP=XSecCurve_Background;VALUE=0 
 PARM;GEOM_ID=XSELHKHPAE;ID=OITYLOHYEFZ;NAME=XSecImageH;GROUP=XSecCurve_Background;VALUE=1 
 PARM;GEOM_ID=XSELHKHPAE;ID=RANVDCBBLUV;NAME=XSecImagePreserveAR;GROUP=XSecCurve_Background;VALUE=1 
 PARM;GEOM_ID=XSELHKHPAE;ID=LXYXWRHKSGS;NAME=XSecImageW;GROUP=XSecCurve_Background;VALUE=1 
 PARM;GEOM_ID=XSELHKHPAE;ID=OBTJRJWXWXF;NAME=XSecImageXOffset;GROUP=XSecCurve_Background;VALUE=0 
 PARM;GEOM_ID=XSELHKHPAE;ID=IFLKCFVNSPU;NAME=XSecImageYOffset;GROUP=XSecCurve_Background;VALUE=0 
 PARM;GEOM_ID=XSELHKHPAE;ID=SAVVLBPUSCF;NAME=XSecLockImageFlag;GROUP=XSecCurve_Background;VALUE=0 
 PARM;GEOM_ID=XSELHKHPAE;ID=QGSVOFDJIDB;NAME=AllSym;GROUP=Chevron;VALUE=1 
 PARM;GEOM_ID=XSELHKHPAE;ID=DQPFXEEECFB;NAME=BottomAmplitude;GROUP=Chevron;VALUE=1 
 PARM;GEOM_ID=XSELHKHPAE;ID=NNSUFGANVMI;NAME=Bottom_Angle;GROUP=Chevron;VALUE=0 
 PARM;GEOM_ID=XSELHKHPAE;ID=XCYYNQLAVKB;NAME=Bottom_Slew;GROUP=Chevron;VALUE=0 
 PARM;GEOM_ID=XSELHKHPAE;ID=HQSXZEQAYAJ;NAME=Chevron_Type;GROUP=Chevron;VALUE=0 
 PARM;GEOM_ID=XSELHKHPAE;ID=JGODZNVJZWP;NAME=LeftAmplitude;GROUP=Chevron;VALUE=1 
 PARM;GEOM_ID=XSELHKHPAE;ID=NKULRDUMPTL;NAME=Left_Angle;GROUP=Chevron;VALUE=0 
 PARM;GEOM_ID=XSELHKHPAE;ID=LULSFTCJSJA;NAME=Left_Slew;GROUP=Chevron;VALUE=0 
 PARM;GEOM_ID=XSELHKHPAE;ID=HAXGJKNKXDF;NAME=Number;GROUP=Chevron;VALUE=8 
 PARM;GEOM_ID=XSELHKHPAE;ID=JZUVXBJJVWS;NAME=Off_Duty;GROUP=Chevron;VALUE=0 
 PARM;GEOM_ID=XSELHKHPAE;ID=RMMHVGYDQLP;NAME=On_Duty;GROUP=Chevron;VALUE=0 
 PARM;GEOM_ID=XSELHKHPAE;ID=TJWUHRYYNHA;NAME=Peak_Radius;GROUP=Chevron;VALUE=0 
 PARM;GEOM_ID=XSELHKHPAE;ID=SCVODKQTDSK;NAME=RLSym;GROUP=Chevron;VALUE=1 
 PARM;GEOM_ID=XSELHKHPAE;ID=AAXZRIKVAAX;NAME=RightAmplitude;GROUP=Chevron;VALUE=1 
 PARM;GEOM_ID=XSELHKHPAE;ID=QQQYJEYPJHP;NAME=Right_Angle;GROUP=Chevron;VALUE=0 
 PARM;GEOM_ID=XSELHKHPAE;ID=FXTSMHQJWWG;NAME=Right_Slew;GROUP=Chevron;VALUE=0 
 PARM;GEOM_ID=XSELHKHPAE;ID=HWKVJAYHTQD;NAME=TBSym;GROUP=Chevron;VALUE=1 
 PARM;GEOM_ID=XSELHKHPAE;ID=JCALESKNJHJ;NAME=TopAmplitude;GROUP=Chevron;VALUE=1 
 PARM;GEOM_ID=XSELHKHPAE;ID=KSSYCDYJZAE;NAME=Top_Angle;GROUP=Chevron;VALUE=0 
 PARM;GEOM_ID=XSELHKHPAE;ID=RSXLGIHCTIJ;NAME=Top_Slew;GROUP=Chevron;VALUE=0 
 PARM;GEOM_ID=XSELHKHPAE;ID=GRKSFWAGVEP;NAME=Valley_Radius;GROUP=Chevron;VALUE=0 
 PARM;GEOM_ID=XSELHKHPAE;ID=TAMQTQAVVRR;NAME=W01_Center;GROUP=Chevron;VALUE=0.25 
 PARM;GEOM_ID=XSELHKHPAE;ID=OAOJKSALZZJ;NAME=W01_Center_Guide;GROUP=Chevron;VALUE=5 
 PARM;GEOM_ID=XSELHKHPAE;ID=EBGCHOKBBRW;NAME=W01_End;GROUP=Chevron;VALUE=0.5 
 PARM;GEOM_ID=XSELHKHPAE;ID=ZXXYNHSEOYP;NAME=W01_End_Guide;GROUP=Chevron;VALUE=5 
 PARM;GEOM_ID=XSELHKHPAE;ID=IXWHADSTXGU;NAME=W01_Mode;GROUP=Chevron;VALUE=0 
 PARM;GEOM_ID=XSELHKHPAE;ID=FWWNGTICJEV;NAME=W01_Start;GROUP=Chevron;VALUE=0 
 PARM;GEOM_ID=XSELHKHPAE;ID=LNZSMDQSDOA;NAME=W01_Start_Guide;GROUP=Chevron;VALUE=5 
 PARM;GEOM_ID=XSELHKHPAE;ID=FXMSYLZNIOF;NAME=W01_Width;GROUP=Chevron;VALUE=0.5 
 PARM;GEOM_ID=XSELHKHPAE;ID=YCXFUIUNKFD;NAME=AftCluster;GROUP=XSec;VALUE=1 
 PARM;GEOM_ID=XSELHKHPAE;ID=MYFSUXQUULY;NAME=AllSym;GROUP=XSec;VALUE=0 
 PARM;GEOM_ID=XSELHKHPAE;ID=BQLXTZQRYSS;NAME=BottomLAngle;GROUP=XSec;VALUE=63.9474 
 PARM;GEOM_ID=XSELHKHPAE;ID=RQVQCVJBBVI;NAME=BottomLAngleSet;GROUP=XSec;VALUE=1 
 PARM;GEOM_ID=XSELHKHPAE;ID=YRFZCKAIHNV;NAME=BottomLCurve;GROUP=XSec;VALUE=-2.98757 
 PARM;GEOM_ID=XSELHKHPAE;ID=CFEBQSVGYQX;NAME=BottomLCurveSet;GROUP=XSec;VALUE=0 
 PARM;GEOM_ID=XSELHKHPAE;ID=KJGXPYDMZUY;NAME=BottomLRAngleEq;GROUP=XSec;VALUE=1 
 PARM;GEOM_ID=XSELHKHPAE;ID=FNRMKNTXUXO;NAME=BottomLRCurveEq;GROUP=XSec;VALUE=0 
 PARM;GEOM_ID=XSELHKHPAE;ID=MQJESHPHYJX;NAME=BottomLRSlewEq;GROUP=XSec;VALUE=0 
 PARM;GEOM_ID=XSELHKHPAE;ID=CMGTICOTJYE;NAME=BottomLRStrengthEq;GROUP=XSec;VALUE=0 
 PARM;GEOM_ID=XSELHKHPAE;ID=LAOFZWBLCQA;NAME=BottomLSlew;GROUP=XSec;VALUE=0 
 PARM;GEOM_ID=XSELHKHPAE;ID=HJXDNBQFWAU;NAME=BottomLSlewSet;GROUP=XSec;VALUE=1 
 PARM;GEOM_ID=XSELHKHPAE;ID=SVTFQLQRGXA;NAME=BottomLStrength;GROUP=XSec;VALUE=1 
 PARM;GEOM_ID=XSELHKHPAE;ID=BBJLCIIGZTG;NAME=BottomLStrengthSet;GROUP=XSec;VALUE=1 
 PARM;GEOM_ID=XSELHKHPAE;ID=ZUSJMGEJBWP;NAME=BottomRAngle;GROUP=XSec;VALUE=63.9474 
 PARM;GEOM_ID=XSELHKHPAE;ID=TQUWVNTDABI;NAME=BottomRAngleSet;GROUP=XSec;VALUE=1 
 PARM;GEOM_ID=XSELHKHPAE;ID=CWCMFCHFXCT;NAME=BottomRCurve;GROUP=XSec;VALUE=1.57203 
 PARM;GEOM_ID=XSELHKHPAE;ID=QWNNHIIJJGF;NAME=BottomRCurveSet;GROUP=XSec;VALUE=0 
 PARM;GEOM_ID=XSELHKHPAE;ID=HBFZSDVLEPO;NAME=BottomRSlew;GROUP=XSec;VALUE=0 
 PARM;GEOM_ID=XSELHKHPAE;ID=ZTDRYJFGRZJ;NAME=BottomRSlewSet;GROUP=XSec;VALUE=1 
 PARM;GEOM_ID=XSELHKHPAE;ID=IQIIIIRLOGE;NAME=BottomRStrength;GROUP=XSec;VALUE=0 
 PARM;GEOM_ID=XSELHKHPAE;ID=NBGHESCUOCW;NAME=BottomRStrengthSet;GROUP=XSec;VALUE=1 
 PARM;GEOM_ID=XSELHKHPAE;ID=WVMYCSBURAY;NAME=ContinuityBottom;GROUP=XSec;VALUE=0 
 PARM;GEOM_ID=XSELHKHPAE;ID=FTFSTAKWIPN;NAME=ContinuityLeft;GROUP=XSec;VALUE=0 
 PARM;GEOM_ID=XSELHKHPAE;ID=LQHNUAHPSGS;NAME=ContinuityRight;GROUP=XSec;VALUE=0 
 PARM;GEOM_ID=XSELHKHPAE;ID=FPODEYXWWZQ;NAME=ContinuityTop;GROUP=XSec;VALUE=0 
 PARM;GEOM_ID=XSELHKHPAE;ID=TBJGPKRQAGC;NAME=FwdCluster;GROUP=XSec;VALUE=1 
 PARM;GEOM_ID=XSELHKHPAE;ID=WYTVEYBIBZQ;NAME=LeftLAngle;GROUP=XSec;VALUE=0 
 PARM;GEOM_ID=XSELHKHPAE;ID=TBIXDMAQWHH;NAME=LeftLAngleSet;GROUP=XSec;VALUE=1 
 PARM;GEOM_ID=XSELHKHPAE;ID=RDBNTPXERXN;NAME=LeftLCurve;GROUP=XSec;VALUE=-4.36092 
 PARM;GEOM_ID=XSELHKHPAE;ID=CRCVUKWBWPE;NAME=LeftLCurveSet;GROUP=XSec;VALUE=0 
 PARM;GEOM_ID=XSELHKHPAE;ID=JBTMRCRXWNJ;NAME=LeftLRAngleEq;GROUP=XSec;VALUE=1 
 PARM;GEOM_ID=XSELHKHPAE;ID=AJKOGJMLIHC;NAME=LeftLRCurveEq;GROUP=XSec;VALUE=0 
 PARM;GEOM_ID=XSELHKHPAE;ID=XJWXGMAVNNA;NAME=LeftLRSlewEq;GROUP=XSec;VALUE=0 
 PARM;GEOM_ID=XSELHKHPAE;ID=PDVXPSQSLZN;NAME=LeftLRStrengthEq;GROUP=XSec;VALUE=0 
 PARM;GEOM_ID=XSELHKHPAE;ID=MDLNZRVOUXF;NAME=LeftLSlew;GROUP=XSec;VALUE=0 
 PARM;GEOM_ID=XSELHKHPAE;ID=UZMDRWRUEVU;NAME=LeftLSlewSet;GROUP=XSec;VALUE=1 
 PARM;GEOM_ID=XSELHKHPAE;ID=XKPRUHKMRNZ;NAME=LeftLStrength;GROUP=XSec;VALUE=1 
 PARM;GEOM_ID=XSELHKHPAE;ID=OSWSYUKWSNV;NAME=LeftLStrengthSet;GROUP=XSec;VALUE=1 
 PARM;GEOM_ID=XSELHKHPAE;ID=FMSPCCTOJRN;NAME=LeftRAngle;GROUP=XSec;VALUE=0 
 PARM;GEOM_ID=XSELHKHPAE;ID=LNQIHTEQBFD;NAME=LeftRAngleSet;GROUP=XSec;VALUE=1 
 PARM;GEOM_ID=XSELHKHPAE;ID=POUDEBJXSLK;NAME=LeftRCurve;GROUP=XSec;VALUE=0.288824 
 PARM;GEOM_ID=XSELHKHPAE;ID=LXQHOOXOBIZ;NAME=LeftRCurveSet;GROUP=XSec;VALUE=0 
 PARM;GEOM_ID=XSELHKHPAE;ID=KTQLGWZOEPE;NAME=LeftRSlew;GROUP=XSec;VALUE=59.2105 
 PARM;GEOM_ID=XSELHKHPAE;ID=YPGNMODHGYL;NAME=LeftRSlewSet;GROUP=XSec;VALUE=1 
 PARM;GEOM_ID=XSELHKHPAE;ID=PCDSNOBVFUP;NAME=LeftRStrength;GROUP=XSec;VALUE=1 
 PARM;GEOM_ID=XSELHKHPAE;ID=GVBSKHYVLCH;NAME=LeftRStrengthSet;GROUP=XSec;VALUE=1 
 PARM;GEOM_ID=XSELHKHPAE;ID=BHPWVJVNRVI;NAME=RLSym;GROUP=XSec;VALUE=1 
 PARM;GEOM_ID=XSELHKHPAE;ID=TSWMMIRRDEF;NAME=RefLength;GROUP=XSec;VALUE=47.7647 
 PARM;GEOM_ID=XSELHKHPAE;ID=EZANKMUXCHH;NAME=RightLAngle;GROUP=XSec;VALUE=0 
 PARM;GEOM_ID=XSELHKHPAE;ID=CJLVUXHBAQN;NAME=RightLAngleSet;GROUP=XSec;VALUE=1 
 PARM;GEOM_ID=XSELHKHPAE;ID=UTMLJVYBEEK;NAME=RightLCurve;GROUP=XSec;VALUE=4.36471 
 PARM;GEOM_ID=XSELHKHPAE;ID=MQJZSAQOUKG;NAME=RightLCurveSet;GROUP=XSec;VALUE=0 
 PARM;GEOM_ID=XSELHKHPAE;ID=TOTMURCKOED;NAME=RightLRAngleEq;GROUP=XSec;VALUE=1 
 PARM;GEOM_ID=XSELHKHPAE;ID=KOELVIWGRZH;NAME=RightLRCurveEq;GROUP=XSec;VALUE=0 
 PARM;GEOM_ID=XSELHKHPAE;ID=TUTEYJJLNLC;NAME=RightLRSlewEq;GROUP=XSec;VALUE=0 
 PARM;GEOM_ID=XSELHKHPAE;ID=IAWNPTFLSAF;NAME=RightLRStrengthEq;GROUP=XSec;VALUE=0 
 PARM;GEOM_ID=XSELHKHPAE;ID=NLUPEIPPSVS;NAME=RightLSlew;GROUP=XSec;VALUE=0 
 PARM;GEOM_ID=XSELHKHPAE;ID=BFLJRKLYNAY;NAME=RightLSlewSet;GROUP=XSec;VALUE=1 
 PARM;GEOM_ID=XSELHKHPAE;ID=FWLNFUIPSQL;NAME=RightLStrength;GROUP=XSec;VALUE=1 
 PARM;GEOM_ID=XSELHKHPAE;ID=FHNFZVAAMPY;NAME=RightLStrengthSet;GROUP=XSec;VALUE=1 
 PARM;GEOM_ID=XSELHKHPAE;ID=KIVZCDONOHW;NAME=RightRAngle;GROUP=XSec;VALUE=0 
 PARM;GEOM_ID=XSELHKHPAE;ID=YJHCPAQTQIT;NAME=RightRAngleSet;GROUP=XSec;VALUE=1 
 PARM;GEOM_ID=XSELHKHPAE;ID=WYVNETSPPMR;NAME=RightRCurve;GROUP=XSec;VALUE=0.620496 
 PARM;GEOM_ID=XSELHKHPAE;ID=NAANGYVBWTZ;NAME=RightRCurveSet;GROUP=XSec;VALUE=0 
 PARM;GEOM_ID=XSELHKHPAE;ID=YECTVUIRHDH;NAME=RightRSlew;GROUP=XSec;VALUE=59.2105 
 PARM;GEOM_ID=XSELHKHPAE;ID=YXSMRVAZNLE;NAME=RightRSlewSet;GROUP=XSec;VALUE=1 
 PARM;GEOM_ID=XSELHKHPAE;ID=NKQYGYBXZUR;NAME=RightRStrength;GROUP=XSec;VALUE=1 
 PARM;GEOM_ID=XSELHKHPAE;ID=KNJNLMEPKBJ;NAME=RightRStrengthSet;GROUP=XSec;VALUE=1 
 PARM;GEOM_ID=XSELHKHPAE;ID=DTEQPPKQPMS;NAME=SectTess_U;GROUP=XSec;VALUE=6 
 PARM;GEOM_ID=XSELHKHPAE;ID=MIYLLMLBTUO;NAME=Spin;GROUP=XSec;VALUE=0 
 PARM;GEOM_ID=XSELHKHPAE;ID=TOLBQRJPEGT;NAME=TBSym;GROUP=XSec;VALUE=0 
 PARM;GEOM_ID=XSELHKHPAE;ID=QJTSCKUGQGS;NAME=TopLAngle;GROUP=XSec;VALUE=-47.3684 
 PARM;GEOM_ID=XSELHKHPAE;ID=ICFISAUIAOZ;NAME=TopLAngleSet;GROUP=XSec;VALUE=1 
 PARM;GEOM_ID=XSELHKHPAE;ID=DJBVFPXFHIB;NAME=TopLCurve;GROUP=XSec;VALUE=-1.93247 
 PARM;GEOM_ID=XSELHKHPAE;ID=YKEDAXFEZTB;NAME=TopLCurveSet;GROUP=XSec;VALUE=0 
 PARM;GEOM_ID=XSELHKHPAE;ID=BTZGPMIOZMC;NAME=TopLRAngleEq;GROUP=XSec;VALUE=1 
 PARM;GEOM_ID=XSELHKHPAE;ID=WSRERULZNXT;NAME=TopLRCurveEq;GROUP=XSec;VALUE=0 
 PARM;GEOM_ID=XSELHKHPAE;ID=IORUYLNWUHZ;NAME=TopLRSlewEq;GROUP=XSec;VALUE=0 
 PARM;GEOM_ID=XSELHKHPAE;ID=WXHNVDQKNNM;NAME=TopLRStrengthEq;GROUP=XSec;VALUE=0 
 PARM;GEOM_ID=XSELHKHPAE;ID=EZTTUAJZRHV;NAME=TopLSlew;GROUP=XSec;VALUE=0 
 PARM;GEOM_ID=XSELHKHPAE;ID=HGAYHEVVZDD;NAME=TopLSlewSet;GROUP=XSec;VALUE=1 
 PARM;GEOM_ID=XSELHKHPAE;ID=FTYILZOTPPE;NAME=TopLStrength;GROUP=XSec;VALUE=1 
 PARM;GEOM_ID=XSELHKHPAE;ID=ZDCPYKPEDWR;NAME=TopLStrengthSet;GROUP=XSec;VALUE=1 
 PARM;GEOM_ID=XSELHKHPAE;ID=APPUXNFCCDU;NAME=TopRAngle;GROUP=XSec;VALUE=-47.3684 
 PARM;GEOM_ID=XSELHKHPAE;ID=XWFAVTIEMMV;NAME=TopRAngleSet;GROUP=XSec;VALUE=1 
 PARM;GEOM_ID=XSELHKHPAE;ID=AUNDQJRGLHM;NAME=TopRCurve;GROUP=XSec;VALUE=-2.46217 
 PARM;GEOM_ID=XSELHKHPAE;ID=FIRYUZXTGOW;NAME=TopRCurveSet;GROUP=XSec;VALUE=0 
 PARM;GEOM_ID=XSELHKHPAE;ID=AUTIKLYDVQM;NAME=TopRSlew;GROUP=XSec;VALUE=0 
 PARM;GEOM_ID=XSELHKHPAE;ID=VYIAKGWQPFD;NAME=TopRSlewSet;GROUP=XSec;VALUE=1 
 PARM;GEOM_ID=XSELHKHPAE;ID=SHIJJASALRE;NAME=TopRStrength;GROUP=XSec;VALUE=1 
 PARM;GEOM_ID=XSELHKHPAE;ID=ACQMDSZYLQR;NAME=TopRStrengthSet;GROUP=XSec;VALUE=1 
 PARM;GEOM_ID=XSELHKHPAE;ID=CXNFFRMHVHW;NAME=XLocPercent;GROUP=XSec;VALUE=0.156378 
 PARM;GEOM_ID=XSELHKHPAE;ID=KIYIIECXUKQ;NAME=XRotate;GROUP=XSec;VALUE=0 
 PARM;GEOM_ID=XSELHKHPAE;ID=EWGNSKOPVWA;NAME=YLocPercent;GROUP=XSec;VALUE=-0.00614754 
 PARM;GEOM_ID=XSELHKHPAE;ID=UVAXTQVIROA;NAME=YRotate;GROUP=XSec;VALUE=-59.1429 
 PARM;GEOM_ID=XSELHKHPAE;ID=WDRKZNYXARY;NAME=ZLocPercent;GROUP=XSec;VALUE=-0.00409836 
 PARM;GEOM_ID=XSELHKHPAE;ID=ZTDLLCEZQEI;NAME=ZRotate;GROUP=XSec;VALUE=0 
 PARM;GEOM_ID=XSELHKHPAE;ID=SCVDHAMANCV;NAME=Area;GROUP=XSecCurve;VALUE=21.3494 
 PARM;GEOM_ID=XSELHKHPAE;ID=SNJOEGOPXUY;NAME=DeltaX;GROUP=XSecCurve;VALUE=0 
 PARM;GEOM_ID=XSELHKHPAE;ID=KJIMTLVOLAO;NAME=DeltaY;GROUP=XSecCurve;VALUE=0 
 PARM;GEOM_ID=XSELHKHPAE;ID=EGKQPZMJCHS;NAME=HWRatio;GROUP=XSecCurve;VALUE=2.61795 
 PARM;GEOM_ID=XSELHKHPAE;ID=EIVAXJMEENY;NAME=RoundRectXSec_KeyCorner;GROUP=XSecCurve;VALUE=1 
 PARM;GEOM_ID=XSELHKHPAE;ID=HLBSHQQGIKF;NAME=RoundRectXSec_Radius;GROUP=XSecCurve;VALUE=0.2 
 PARM;GEOM_ID=XSELHKHPAE;ID=OONYOOZTZBC;NAME=RoundRectXSec_RadiusBL;GROUP=XSecCurve;VALUE=0.2 
 PARM;GEOM_ID=XSELHKHPAE;ID=CFVFFPSDOFQ;NAME=RoundRectXSec_RadiusBR;GROUP=XSecCurve;VALUE=0.2 
 PARM;GEOM_ID=XSELHKHPAE;ID=VBJNWJSBUBA;NAME=RoundRectXSec_RadiusTL;GROUP=XSecCurve;VALUE=0.2 
 PARM;GEOM_ID=XSELHKHPAE;ID=RWYJRXJJDAI;NAME=RoundRect_Keystone;GROUP=XSecCurve;VALUE=0.5 
 PARM;GEOM_ID=XSELHKHPAE;ID=KLINJMEOPSV;NAME=RoundRect_Skew;GROUP=XSecCurve;VALUE=0 
 PARM;GEOM_ID=XSELHKHPAE;ID=VRVCAUOLERC;NAME=RoundRect_VSkew;GROUP=XSecCurve;VALUE=0 
 PARM;GEOM_ID=XSELHKHPAE;ID=KIXNXIDYDQX;NAME=RoundedRect_Height;GROUP=XSecCurve;VALUE=7.48209 
 PARM;GEOM_ID=XSELHKHPAE;ID=GCSRQZAHJJD;NAME=RoundedRect_RadiusSymmetryType;GROUP=XSecCurve;VALUE=3 
 PARM;GEOM_ID=XSELHKHPAE;ID=ODQTKOHLAWD;NAME=RoundedRect_Width;GROUP=XSecCurve;VALUE=2.85799 
 PARM;GEOM_ID=XSELHKHPAE;ID=EAYDBXMZVBD;NAME=Scale;GROUP=XSecCurve;VALUE=1 
 PARM;GEOM_ID=XSELHKHPAE;ID=GZUOJZFWOVY;NAME=ShiftLE;GROUP=XSecCurve;VALUE=0 
 PARM;GEOM_ID=XSELHKHPAE;ID=WBKZOTIENJS;NAME=Theta;GROUP=XSecCurve;VALUE=0 
 PARM;GEOM_ID=XSELHKHPAE;ID=YYXHJCQAHBM;NAME=LE_Cap_Length;GROUP=Cap;VALUE=1 
 PARM;GEOM_ID=XSELHKHPAE;ID=RVZPRXTVBBR;NAME=LE_Cap_Offset;GROUP=Cap;VALUE=0 
 PARM;GEOM_ID=XSELHKHPAE;ID=SEBTWOTGIDV;NAME=LE_Cap_Strength;GROUP=Cap;VALUE=0.5 
 PARM;GEOM_ID=XSELHKHPAE;ID=YLQRJCFMUFF;NAME=LE_Cap_Type;GROUP=Cap;VALUE=1 
 PARM;GEOM_ID=XSELHKHPAE;ID=ABRQMAKYXRL;NAME=TE_Cap_Length;GROUP=Cap;VALUE=1 
 PARM;GEOM_ID=XSELHKHPAE;ID=MTZERNIHXEH;NAME=TE_Cap_Offset;GROUP=Cap;VALUE=0 
 PARM;GEOM_ID=XSELHKHPAE;ID=LLVRUDJRIJQ;NAME=TE_Cap_Strength;GROUP=Cap;VALUE=0.5 
 PARM;GEOM_ID=XSELHKHPAE;ID=ZGGFIZHSLKF;NAME=TE_Cap_Type;GROUP=Cap;VALUE=1 
 PARM;GEOM_ID=XSELHKHPAE;ID=CSDXELSJRBN;NAME=LE_Close_AbsRel;GROUP=Close;VALUE=0 
 PARM;GEOM_ID=XSELHKHPAE;ID=GGVNEMYTSMZ;NAME=LE_Close_Thick;GROUP=Close;VALUE=0 
 PARM;GEOM_ID=XSELHKHPAE;ID=ZTRWNMGYTXU;NAME=LE_Close_Thick_Chord;GROUP=Close;VALUE=0 
 PARM;GEOM_ID=XSELHKHPAE;ID=MVDPAZLTSIS;NAME=LE_Close_Type;GROUP=Close;VALUE=0 
 PARM;GEOM_ID=XSELHKHPAE;ID=EWTNSGHJYPZ;NAME=TE_Close_AbsRel;GROUP=Close;VALUE=0 
 PARM;GEOM_ID=XSELHKHPAE;ID=WJOEYCLZAUO;NAME=TE_Close_Thick;GROUP=Close;VALUE=0 
 PARM;GEOM_ID=XSELHKHPAE;ID=EOVLUCJAEJF;NAME=TE_Close_Thick_Chord;GROUP=Close;VALUE=0 
 PARM;GEOM_ID=XSELHKHPAE;ID=TNUYQVYBVIR;NAME=TE_Close_Type;GROUP=Close;VALUE=0 
 PARM;GEOM_ID=XSELHKHPAE;ID=GNEOPQOHFDW;NAME=LE_Trim_AbsRel;GROUP=Trim;VALUE=0 
 PARM;GEOM_ID=XSELHKHPAE;ID=VCDYEUMRUAN;NAME=LE_Trim_Thick;GROUP=Trim;VALUE=0 
 PARM;GEOM_ID=XSELHKHPAE;ID=XWBJMZEWRYE;NAME=LE_Trim_Thick_Chord;GROUP=Trim;VALUE=0 
 PARM;GEOM_ID=XSELHKHPAE;ID=SSBMOXQVXWC;NAME=LE_Trim_Type;GROUP=Trim;VALUE=0 
 PARM;GEOM_ID=XSELHKHPAE;ID=KJCTBVMQTAL;NAME=LE_Trim_X;GROUP=Trim;VALUE=0 
 PARM;GEOM_ID=XSELHKHPAE;ID=XRQXNPZYXHA;NAME=LE_Trim_X_Chord;GROUP=Trim;VALUE=0 
 PARM;GEOM_ID=XSELHKHPAE;ID=RUYHBJIERBY;NAME=TE_Trim_AbsRel;GROUP=Trim;VALUE=0 
 PARM;GEOM_ID=XSELHKHPAE;ID=ZILKQHEJJJX;NAME=TE_Trim_Thick;GROUP=Trim;VALUE=0 
 PARM;GEOM_ID=XSELHKHPAE;ID=FXSHHFOKWFP;NAME=TE_Trim_Thick_Chord;GROUP=Trim;VALUE=0 
 PARM;GEOM_ID=XSELHKHPAE;ID=WJLVTOJPTPD;NAME=TE_Trim_Type;GROUP=Trim;VALUE=0 
 PARM;GEOM_ID=XSELHKHPAE;ID=JRKPYPYRIKI;NAME=TE_Trim_X;GROUP=Trim;VALUE=0 
 PARM;GEOM_ID=XSELHKHPAE;ID=KINZLZOUZRH;NAME=TE_Trim_X_Chord;GROUP=Trim;VALUE=0 
 PARM;GEOM_ID=XSELHKHPAE;ID=ICJFQWPGYBS;NAME=TE_Flap_DT;GROUP=Flap;VALUE=0 
 PARM;GEOM_ID=XSELHKHPAE;ID=SGOXKCNLGFV;NAME=TE_Flap_Deflection;GROUP=Flap;VALUE=0 
 PARM;GEOM_ID=XSELHKHPAE;ID=AAGIAWFPGRY;NAME=TE_Flap_Flag;GROUP=Flap;VALUE=0 
 PARM;GEOM_ID=XSELHKHPAE;ID=VLDHYHIIXRM;NAME=TE_Flap_T;GROUP=Flap;VALUE=0.2 
 PARM;GEOM_ID=XSELHKHPAE;ID=HGRCOYFVUBL;NAME=TE_Flap_Type;GROUP=Flap;VALUE=0 
 PARM;GEOM_ID=XSELHKHPAE;ID=AYVGTGMUALW;NAME=TE_Flap_X;GROUP=Flap;VALUE=0 
 PARM;GEOM_ID=XSELHKHPAE;ID=OPHLGUGIVVM;NAME=TE_Flap_X_Chord;GROUP=Flap;VALUE=0.2 
 PARM;GEOM_ID=XSELHKHPAE;ID=YEGFIMXFPTC;NAME=TE_Flap_Y_Frc;GROUP=Flap;VALUE=0.5 
 PARM;GEOM_ID=XSELHKHPAE;ID=NWYNVDZBOLN;NAME=TE_Trim_AbsRel;GROUP=Flap;VALUE=1 
 PARM;GEOM_ID=XSELHKHPAE;ID=KVDFSPDKWWC;NAME=XSecFlipImageFlag;GROUP=XSecCurve_Background;VALUE=0 
 PARM;GEOM_ID=XSELHKHPAE;ID=UXZPRORZQOS;NAME=XSecImageFlag;GROUP=XSecCurve_Background;VALUE=0 
 PARM;GEOM_ID=XSELHKHPAE;ID=CAROLKRKBXC;NAME=XSecImageH;GROUP=XSecCurve_Background;VALUE=1 
 PARM;GEOM_ID=XSELHKHPAE;ID=BEVDTUQLCWW;NAME=XSecImagePreserveAR;GROUP=XSecCurve_Background;VALUE=1 
 PARM;GEOM_ID=XSELHKHPAE;ID=MQPIJOKNPWB;NAME=XSecImageW;GROUP=XSecCurve_Background;VALUE=1 
 PARM;GEOM_ID=XSELHKHPAE;ID=SNOGSUZOKAI;NAME=XSecImageXOffset;GROUP=XSecCurve_Background;VALUE=0 
 PARM;GEOM_ID=XSELHKHPAE;ID=UEXLQSBZQOY;NAME=XSecImageYOffset;GROUP=XSecCurve_Background;VALUE=0 
 PARM;GEOM_ID=XSELHKHPAE;ID=FRNDTOAQPYH;NAME=XSecLockImageFlag;GROUP=XSecCurve_Background;VALUE=0 
 PARM;GEOM_ID=XSELHKHPAE;ID=QSMOZVWTURD;NAME=AllSym;GROUP=Chevron;VALUE=1 
 PARM;GEOM_ID=XSELHKHPAE;ID=PEORWZXGWKL;NAME=BottomAmplitude;GROUP=Chevron;VALUE=1 
 PARM;GEOM_ID=XSELHKHPAE;ID=FNMMOBHOHTT;NAME=Bottom_Angle;GROUP=Chevron;VALUE=0 
 PARM;GEOM_ID=XSELHKHPAE;ID=QWBXVNTOVLB;NAME=Bottom_Slew;GROUP=Chevron;VALUE=0 
 PARM;GEOM_ID=XSELHKHPAE;ID=NYHNHDNQZPB;NAME=Chevron_Type;GROUP=Chevron;VALUE=0 
 PARM;GEOM_ID=XSELHKHPAE;ID=HYPNPKSZOLQ;NAME=LeftAmplitude;GROUP=Chevron;VALUE=1 
 PARM;GEOM_ID=XSELHKHPAE;ID=NKNXTPAWDER;NAME=Left_Angle;GROUP=Chevron;VALUE=0 
 PARM;GEOM_ID=XSELHKHPAE;ID=URFUGZKVDTA;NAME=Left_Slew;GROUP=Chevron;VALUE=0 
 PARM;GEOM_ID=XSELHKHPAE;ID=ZZTSWJNHRJA;NAME=Number;GROUP=Chevron;VALUE=8 
 PARM;GEOM_ID=XSELHKHPAE;ID=ASDIAQBKFQS;NAME=Off_Duty;GROUP=Chevron;VALUE=0 
 PARM;GEOM_ID=XSELHKHPAE;ID=CXQBKOTBCYJ;NAME=On_Duty;GROUP=Chevron;VALUE=0 
 PARM;GEOM_ID=XSELHKHPAE;ID=LXSGEESOXXL;NAME=Peak_Radius;GROUP=Chevron;VALUE=0 
 PARM;GEOM_ID=XSELHKHPAE;ID=FJXDZCXZMNX;NAME=RLSym;GROUP=Chevron;VALUE=1 
 PARM;GEOM_ID=XSELHKHPAE;ID=FFJNTBETXQV;NAME=RightAmplitude;GROUP=Chevron;VALUE=1 
 PARM;GEOM_ID=XSELHKHPAE;ID=CSZTFEEFVKQ;NAME=Right_Angle;GROUP=Chevron;VALUE=0 
 PARM;GEOM_ID=XSELHKHPAE;ID=VWYEMCNPYVK;NAME=Right_Slew;GROUP=Chevron;VALUE=0 
 PARM;GEOM_ID=XSELHKHPAE;ID=SMFOTBVUORY;NAME=TBSym;GROUP=Chevron;VALUE=1 
 PARM;GEOM_ID=XSELHKHPAE;ID=HBUCYCVHITJ;NAME=TopAmplitude;GROUP=Chevron;VALUE=1 
 PARM;GEOM_ID=XSELHKHPAE;ID=ROSUYBLLNET;NAME=Top_Angle;GROUP=Chevron;VALUE=0 
 PARM;GEOM_ID=XSELHKHPAE;ID=DNFUVCJGITB;NAME=Top_Slew;GROUP=Chevron;VALUE=0 
 PARM;GEOM_ID=XSELHKHPAE;ID=NEOQFPZLSAL;NAME=Valley_Radius;GROUP=Chevron;VALUE=0 
 PARM;GEOM_ID=XSELHKHPAE;ID=YOOWTPJWYTM;NAME=W01_Center;GROUP=Chevron;VALUE=0.25 
 PARM;GEOM_ID=XSELHKHPAE;ID=HGPOXLFHSUZ;NAME=W01_Center_Guide;GROUP=Chevron;VALUE=5 
 PARM;GEOM_ID=XSELHKHPAE;ID=ARFYYMDWAFB;NAME=W01_End;GROUP=Chevron;VALUE=0.5 
 PARM;GEOM_ID=XSELHKHPAE;ID=JZPDTLBPSMF;NAME=W01_End_Guide;GROUP=Chevron;VALUE=5 
 PARM;GEOM_ID=XSELHKHPAE;ID=VGWLORKVMJK;NAME=W01_Mode;GROUP=Chevron;VALUE=0 
 PARM;GEOM_ID=XSELHKHPAE;ID=JAGMYYKKUOZ;NAME=W01_Start;GROUP=Chevron;VALUE=0 
 PARM;GEOM_ID=XSELHKHPAE;ID=IRIQJDOKHGX;NAME=W01_Start_Guide;GROUP=Chevron;VALUE=5 
 PARM;GEOM_ID=XSELHKHPAE;ID=YLXHLSYWDDQ;NAME=W01_Width;GROUP=Chevron;VALUE=0.5 
 PARM;GEOM_ID=XSELHKHPAE;ID=PFIOBEMVPJA;NAME=AftCluster;GROUP=XSec;VALUE=1 
 PARM;GEOM_ID=XSELHKHPAE;ID=CKEOKVBOTWD;NAME=AllSym;GROUP=XSec;VALUE=0 
 PARM;GEOM_ID=XSELHKHPAE;ID=ZHUWZEDYQGI;NAME=BottomLAngle;GROUP=XSec;VALUE=0 
 PARM;GEOM_ID=XSELHKHPAE;ID=EDBKWAKHIQX;NAME=BottomLAngleSet;GROUP=XSec;VALUE=1 
 PARM;GEOM_ID=XSELHKHPAE;ID=QYEHXDIILEJ;NAME=BottomLCurve;GROUP=XSec;VALUE=-0.669242 
 PARM;GEOM_ID=XSELHKHPAE;ID=FOSIOYXMNPC;NAME=BottomLCurveSet;GROUP=XSec;VALUE=0 
 PARM;GEOM_ID=XSELHKHPAE;ID=NGIHCLPRASR;NAME=BottomLRAngleEq;GROUP=XSec;VALUE=1 
 PARM;GEOM_ID=XSELHKHPAE;ID=SAULUJQJUPB;NAME=BottomLRCurveEq;GROUP=XSec;VALUE=0 
 PARM;GEOM_ID=XSELHKHPAE;ID=QHZJBHDLEPZ;NAME=BottomLRSlewEq;GROUP=XSec;VALUE=0 
 PARM;GEOM_ID=XSELHKHPAE;ID=IBKHTNQZCDL;NAME=BottomLRStrengthEq;GROUP=XSec;VALUE=0 
 PARM;GEOM_ID=XSELHKHPAE;ID=KELHWOLEMXB;NAME=BottomLSlew;GROUP=XSec;VALUE=0 
 PARM;GEOM_ID=XSELHKHPAE;ID=BMBIGSZECWY;NAME=BottomLSlewSet;GROUP=XSec;VALUE=1 
 PARM;GEOM_ID=XSELHKHPAE;ID=DKVOCVHELJR;NAME=BottomLStrength;GROUP=XSec;VALUE=1 
 PARM;GEOM_ID=XSELHKHPAE;ID=AKCZFOVBFIR;NAME=BottomLStrengthSet;GROUP=XSec;VALUE=1 
 PARM;GEOM_ID=XSELHKHPAE;ID=MKTYMQQVKTA;NAME=BottomRAngle;GROUP=XSec;VALUE=0 
 PARM;GEOM_ID=XSELHKHPAE;ID=FOOUTKXHVRU;NAME=BottomRAngleSet;GROUP=XSec;VALUE=1 
 PARM;GEOM_ID=XSELHKHPAE;ID=KXPFBVLNYMZ;NAME=BottomRCurve;GROUP=XSec;VALUE=-0.379698 
 PARM;GEOM_ID=XSELHKHPAE;ID=SDLDAZICRCU;NAME=BottomRCurveSet;GROUP=XSec;VALUE=0 
 PARM;GEOM_ID=XSELHKHPAE;ID=UFVLQIBPRRI;NAME=BottomRSlew;GROUP=XSec;VALUE=0 
 PARM;GEOM_ID=XSELHKHPAE;ID=ODTMSPFBWFD;NAME=BottomRSlewSet;GROUP=XSec;VALUE=1 
 PARM;GEOM_ID=XSELHKHPAE;ID=AJGWULPWOGS;NAME=BottomRStrength;GROUP=XSec;VALUE=1 
 PARM;GEOM_ID=XSELHKHPAE;ID=IHEBBTHVJCN;NAME=BottomRStrengthSet;GROUP=XSec;VALUE=1 
 PARM;GEOM_ID=XSELHKHPAE;ID=FMGFNYPPNMM;NAME=ContinuityBottom;GROUP=XSec;VALUE=0 
 PARM;GEOM_ID=XSELHKHPAE;ID=ALXNZIKHQCM;NAME=ContinuityLeft;GROUP=XSec;VALUE=0 
 PARM;GEOM_ID=XSELHKHPAE;ID=JRDSBYQUYXI;NAME=ContinuityRight;GROUP=XSec;VALUE=0 
 PARM;GEOM_ID=XSELHKHPAE;ID=ZSSVZBAILQD;NAME=ContinuityTop;GROUP=XSec;VALUE=0 
 PARM;GEOM_ID=XSELHKHPAE;ID=JNUAZZRRBLA;NAME=FwdCluster;GROUP=XSec;VALUE=1 
 PARM;GEOM_ID=XSELHKHPAE;ID=TJRUFDDTYWD;NAME=LeftLAngle;GROUP=XSec;VALUE=2.36842 
 PARM;GEOM_ID=XSELHKHPAE;ID=RFZAZNTVVGL;NAME=LeftLAngleSet;GROUP=XSec;VALUE=1 
 PARM;GEOM_ID=XSELHKHPAE;ID=AZCKGGRNVOF;NAME=LeftLCurve;GROUP=XSec;VALUE=-0.223989 
 PARM;GEOM_ID=XSELHKHPAE;ID=SEAFGHRZDEC;NAME=LeftLCurveSet;GROUP=XSec;VALUE=0 
 PARM;GEOM_ID=XSELHKHPAE;ID=KSWMKCOINJV;NAME=LeftLRAngleEq;GROUP=XSec;VALUE=1 
 PARM;GEOM_ID=XSELHKHPAE;ID=DYXIWSYULIY;NAME=LeftLRCurveEq;GROUP=XSec;VALUE=0 
 PARM;GEOM_ID=XSELHKHPAE;ID=PEWZBHFTGBU;NAME=LeftLRSlewEq;GROUP=XSec;VALUE=0 
 PARM;GEOM_ID=XSELHKHPAE;ID=DCLENPXDIRO;NAME=LeftLRStrengthEq;GROUP=XSec;VALUE=0 
 PARM;GEOM_ID=XSELHKHPAE;ID=RAASRCWPRPZ;NAME=LeftLSlew;GROUP=XSec;VALUE=0 
 PARM;GEOM_ID=XSELHKHPAE;ID=HTZRVXDOKAN;NAME=LeftLSlewSet;GROUP=XSec;VALUE=1 
 PARM;GEOM_ID=XSELHKHPAE;ID=QJZWOWDZWHR;NAME=LeftLStrength;GROUP=XSec;VALUE=1 
 PARM;GEOM_ID=XSELHKHPAE;ID=DAZLGHDFYLH;NAME=LeftLStrengthSet;GROUP=XSec;VALUE=1 
 PARM;GEOM_ID=XSELHKHPAE;ID=RYMHLYOUNMD;NAME=LeftRAngle;GROUP=XSec;VALUE=2.36842 
 PARM;GEOM_ID=XSELHKHPAE;ID=XVQQRABLIVB;NAME=LeftRAngleSet;GROUP=XSec;VALUE=1 
 PARM;GEOM_ID=XSELHKHPAE;ID=XTXDTBGPMKA;NAME=LeftRCurve;GROUP=XSec;VALUE=-0.40175 
 PARM;GEOM_ID=XSELHKHPAE;ID=NPWTIMMSAUG;NAME=LeftRCurveSet;GROUP=XSec;VALUE=0 
 PARM;GEOM_ID=XSELHKHPAE;ID=BAQYEZXYMZI;NAME=LeftRSlew;GROUP=XSec;VALUE=0 
 PARM;GEOM_ID=XSELHKHPAE;ID=PZNOHOOVBXW;NAME=LeftRSlewSet;GROUP=XSec;VALUE=1 
 PARM;GEOM_ID=XSELHKHPAE;ID=BTWDONDZDOV;NAME=LeftRStrength;GROUP=XSec;VALUE=1 
 PARM;GEOM_ID=XSELHKHPAE;ID=QYPTKFOIIRI;NAME=LeftRStrengthSet;GROUP=XSec;VALUE=1 
 PARM;GEOM_ID=XSELHKHPAE;ID=IRARHBYJRAN;NAME=RLSym;GROUP=XSec;VALUE=0 
 PARM;GEOM_ID=XSELHKHPAE;ID=BCQPHPLIIVB;NAME=RefLength;GROUP=XSec;VALUE=47.7647 
 PARM;GEOM_ID=XSELHKHPAE;ID=EQPVTZQPTJG;NAME=RightLAngle;GROUP=XSec;VALUE=4.73684 
 PARM;GEOM_ID=XSELHKHPAE;ID=IXWHPTXBHYO;NAME=RightLAngleSet;GROUP=XSec;VALUE=1 
 PARM;GEOM_ID=XSELHKHPAE;ID=LMBCMYXZFTG;NAME=RightLCurve;GROUP=XSec;VALUE=-0.461635 
 PARM;GEOM_ID=XSELHKHPAE;ID=FJNZESGPWZC;NAME=RightLCurveSet;GROUP=XSec;VALUE=0 
 PARM;GEOM_ID=XSELHKHPAE;ID=TQBOTMBDSNQ;NAME=RightLRAngleEq;GROUP=XSec;VALUE=1 
 PARM;GEOM_ID=XSELHKHPAE;ID=AOHJERZZHIW;NAME=RightLRCurveEq;GROUP=XSec;VALUE=0 
 PARM;GEOM_ID=XSELHKHPAE;ID=UTKBKLAHMWJ;NAME=RightLRSlewEq;GROUP=XSec;VALUE=0 
 PARM;GEOM_ID=XSELHKHPAE;ID=DAUSGNUYEDG;NAME=RightLRStrengthEq;GROUP=XSec;VALUE=0 
 PARM;GEOM_ID=XSELHKHPAE;ID=DVNKDTSWDFP;NAME=RightLSlew;GROUP=XSec;VALUE=0 
 PARM;GEOM_ID=XSELHKHPAE;ID=BMKIWXYWNXJ;NAME=RightLSlewSet;GROUP=XSec;VALUE=1 
 PARM;GEOM_ID=XSELHKHPAE;ID=PNIMQTGNYXG;NAME=RightLStrength;GROUP=XSec;VALUE=1 
 PARM;GEOM_ID=XSELHKHPAE;ID=KYJBSYBEWOB;NAME=RightLStrengthSet;GROUP=XSec;VALUE=1 
 PARM;GEOM_ID=XSELHKHPAE;ID=YSYPHFGEBNN;NAME=RightRAngle;GROUP=XSec;VALUE=4.73684 
 PARM;GEOM_ID=XSELHKHPAE;ID=DHIAFIAEZQO;NAME=RightRAngleSet;GROUP=XSec;VALUE=1 
 PARM;GEOM_ID=XSELHKHPAE;ID=QCMYHTCOWYJ;NAME=RightRCurve;GROUP=XSec;VALUE=-0.404242 
 PARM;GEOM_ID=XSELHKHPAE;ID=DKEOOMGRYWW;NAME=RightRCurveSet;GROUP=XSec;VALUE=0 
 PARM;GEOM_ID=XSELHKHPAE;ID=TDDFURIKIRX;NAME=RightRSlew;GROUP=XSec;VALUE=0 
 PARM;GEOM_ID=XSELHKHPAE;ID=SRXMOLFGPVS;NAME=RightRSlewSet;GROUP=XSec;VALUE=1 
 PARM;GEOM_ID=XSELHKHPAE;ID=KXHYUNJJRTN;NAME=RightRStrength;GROUP=XSec;VALUE=1 
 PARM;GEOM_ID=XSELHKHPAE;ID=FWQDVZSFOKD;NAME=RightRStrengthSet;GROUP=XSec;VALUE=1 
 PARM;GEOM_ID=XSELHKHPAE;ID=WFHKMOCFYXV;NAME=SectTess_U;GROUP=XSec;VALUE=6 
 PARM;GEOM_ID=XSELHKHPAE;ID=IGJSQRVEJER;NAME=Spin;GROUP=XSec;VALUE=0 
 PARM;GEOM_ID=XSELHKHPAE;ID=DMCZYAXOXXL;NAME=TBSym;GROUP=XSec;VALUE=1 
 PARM;GEOM_ID=XSELHKHPAE;ID=BNVUMYSZPFB;NAME=TopLAngle;GROUP=XSec;VALUE=0 
 PARM;GEOM_ID=XSELHKHPAE;ID=ADGQPPVYSBA;NAME=TopLAngleSet;GROUP=XSec;VALUE=1 
 PARM;GEOM_ID=XSELHKHPAE;ID=HCJUNZJXADT;NAME=TopLCurve;GROUP=XSec;VALUE=-2.43325 
 PARM;GEOM_ID=XSELHKHPAE;ID=MOJJLJRSQCG;NAME=TopLCurveSet;GROUP=XSec;VALUE=0 
 PARM;GEOM_ID=XSELHKHPAE;ID=ZBBJTFYPILX;NAME=TopLRAngleEq;GROUP=XSec;VALUE=1 
 PARM;GEOM_ID=XSELHKHPAE;ID=OXMIDKQODGC;NAME=TopLRCurveEq;GROUP=XSec;VALUE=0 
 PARM;GEOM_ID=XSELHKHPAE;ID=HEJUANZJBIL;NAME=TopLRSlewEq;GROUP=XSec;VALUE=0 
 PARM;GEOM_ID=XSELHKHPAE;ID=OQOXZACZXAM;NAME=TopLRStrengthEq;GROUP=XSec;VALUE=0 
 PARM;GEOM_ID=XSELHKHPAE;ID=BXDUQHQNNRE;NAME=TopLSlew;GROUP=XSec;VALUE=0 
 PARM;GEOM_ID=XSELHKHPAE;ID=EGFOPYDXUTP;NAME=TopLSlewSet;GROUP=XSec;VALUE=1 
 PARM;GEOM_ID=XSELHKHPAE;ID=ABHFTFCUMLL;NAME=TopLStrength;GROUP=XSec;VALUE=1 
 PARM;GEOM_ID=XSELHKHPAE;ID=IJQZQHMUKSN;NAME=TopLStrengthSet;GROUP=XSec;VALUE=1 
 PARM;GEOM_ID=XSELHKHPAE;ID=TRNZKBNDBWK;NAME=TopRAngle;GROUP=XSec;VALUE=0 
 PARM;GEOM_ID=XSELHKHPAE;ID=TFTZXRTFQUD;NAME=TopRAngleSet;GROUP=XSec;VALUE=1 
 PARM;GEOM_ID=XSELHKHPAE;ID=TMZIADNATBQ;NAME=TopRCurve;GROUP=XSec;VALUE=0.399869 
 PARM;GEOM_ID=XSELHKHPAE;ID=JHQPPLCDZZZ;NAME=TopRCurveSet;GROUP=XSec;VALUE=0 
 PARM;GEOM_ID=XSELHKHPAE;ID=SSSCNYEHMLQ;NAME=TopRSlew;GROUP=XSec;VALUE=0 
 PARM;GEOM_ID=XSELHKHPAE;ID=DFRXCBLUJDT;NAME=TopRSlewSet;GROUP=XSec;VALUE=1 
 PARM;GEOM_ID=XSELHKHPAE;ID=DGQZURDMCDE;NAME=TopRStrength;GROUP=XSec;VALUE=1 
 PARM;GEOM_ID=XSELHKHPAE;ID=GXRBAOHARVX;NAME=TopRStrengthSet;GROUP=XSec;VALUE=1 
 PARM;GEOM_ID=XSELHKHPAE;ID=LJWAYEOHARF;NAME=XLocPercent;GROUP=XSec;VALUE=0.320641 
 PARM;GEOM_ID=XSELHKHPAE;ID=EJDHBBJPZGS;NAME=XRotate;GROUP=XSec;VALUE=0 
 PARM;GEOM_ID=XSELHKHPAE;ID=WWGNQRGYBCJ;NAME=YLocPercent;GROUP=XSec;VALUE=0 
 PARM;GEOM_ID=XSELHKHPAE;ID=BTXPKUXSZFS;NAME=YRotate;GROUP=XSec;VALUE=0 
 PARM;GEOM_ID=XSELHKHPAE;ID=ONJWLWWODEO;NAME=ZLocPercent;GROUP=XSec;VALUE=0 
 PARM;GEOM_ID=XSELHKHPAE;ID=ZQGPWCKUWQN;NAME=ZRotate;GROUP=XSec;VALUE=0 
 PARM;GEOM_ID=XSELHKHPAE;ID=PDGJSWJGHLM;NAME=Area;GROUP=XSecCurve;VALUE=17.7503 
 PARM;GEOM_ID=XSELHKHPAE;ID=URUDZEUJLVW;NAME=DeltaX;GROUP=XSecCurve;VALUE=0 
 PARM;GEOM_ID=XSELHKHPAE;ID=XTEXQYBMIYH;NAME=DeltaY;GROUP=XSecCurve;VALUE=0 
 PARM;GEOM_ID=XSELHKHPAE;ID=FEXZJEZWCWK;NAME=Ellipse_Height;GROUP=XSecCurve;VALUE=5.26781 
 PARM;GEOM_ID=XSELHKHPAE;ID=LWKENSRMEUZ;NAME=Ellipse_Width;GROUP=XSecCurve;VALUE=4.28996 
 PARM;GEOM_ID=XSELHKHPAE;ID=NHBEKMDDTBG;NAME=HWRatio;GROUP=XSecCurve;VALUE=1.22794 
 PARM;GEOM_ID=XSELHKHPAE;ID=CLHATVBMSIW;NAME=Scale;GROUP=XSecCurve;VALUE=1 
 PARM;GEOM_ID=XSELHKHPAE;ID=WEFVHMIGFUE;NAME=ShiftLE;GROUP=XSecCurve;VALUE=0 
 PARM;GEOM_ID=XSELHKHPAE;ID=LTMJMPKYVVS;NAME=Theta;GROUP=XSecCurve;VALUE=0 
 PARM;GEOM_ID=XSELHKHPAE;ID=JKXJOHURSDM;NAME=LE_Cap_Length;GROUP=Cap;VALUE=1 
 PARM;GEOM_ID=XSELHKHPAE;ID=NULLHWSYJXZ;NAME=LE_Cap_Offset;GROUP=Cap;VALUE=0 
 PARM;GEOM_ID=XSELHKHPAE;ID=EUQTNKQEHAW;NAME=LE_Cap_Strength;GROUP=Cap;VALUE=0.5 
 PARM;GEOM_ID=XSELHKHPAE;ID=SJUOXIHJKLF;NAME=LE_Cap_Type;GROUP=Cap;VALUE=1 
 PARM;GEOM_ID=XSELHKHPAE;ID=ECKCILUIDWH;NAME=TE_Cap_Length;GROUP=Cap;VALUE=1 
 PARM;GEOM_ID=XSELHKHPAE;ID=ZBZHNBUEBFD;NAME=TE_Cap_Offset;GROUP=Cap;VALUE=0 
 PARM;GEOM_ID=XSELHKHPAE;ID=DHMEUUHXRDX;NAME=TE_Cap_Strength;GROUP=Cap;VALUE=0.5 
 PARM;GEOM_ID=XSELHKHPAE;ID=DOLQGNMXTZG;NAME=TE_Cap_Type;GROUP=Cap;VALUE=1 
 PARM;GEOM_ID=XSELHKHPAE;ID=PZZBGSTXAXF;NAME=LE_Close_AbsRel;GROUP=Close;VALUE=0 
 PARM;GEOM_ID=XSELHKHPAE;ID=DQFQVKLAQPX;NAME=LE_Close_Thick;GROUP=Close;VALUE=0 
 PARM;GEOM_ID=XSELHKHPAE;ID=NCMRMTZQWVZ;NAME=LE_Close_Thick_Chord;GROUP=Close;VALUE=0 
 PARM;GEOM_ID=XSELHKHPAE;ID=NRSYAQYASSE;NAME=LE_Close_Type;GROUP=Close;VALUE=0 
 PARM;GEOM_ID=XSELHKHPAE;ID=JAYCTKKRRMM;NAME=TE_Close_AbsRel;GROUP=Close;VALUE=0 
 PARM;GEOM_ID=XSELHKHPAE;ID=CBZRRMDDHZH;NAME=TE_Close_Thick;GROUP=Close;VALUE=0 
 PARM;GEOM_ID=XSELHKHPAE;ID=ISTWWSHWCDU;NAME=TE_Close_Thick_Chord;GROUP=Close;VALUE=0 
 PARM;GEOM_ID=XSELHKHPAE;ID=AGELFQRLRAY;NAME=TE_Close_Type;GROUP=Close;VALUE=0 
 PARM;GEOM_ID=XSELHKHPAE;ID=QYMJPQCJOTQ;NAME=LE_Trim_AbsRel;GROUP=Trim;VALUE=0 
 PARM;GEOM_ID=XSELHKHPAE;ID=XYKCQPXAIWA;NAME=LE_Trim_Thick;GROUP=Trim;VALUE=0 
 PARM;GEOM_ID=XSELHKHPAE;ID=UEJPVHOVXLC;NAME=LE_Trim_Thick_Chord;GROUP=Trim;VALUE=0 
 PARM;GEOM_ID=XSELHKHPAE;ID=QFJWKOKHVAP;NAME=LE_Trim_Type;GROUP=Trim;VALUE=0 
 PARM;GEOM_ID=XSELHKHPAE;ID=TJFANAJLGOV;NAME=LE_Trim_X;GROUP=Trim;VALUE=0 
 PARM;GEOM_ID=XSELHKHPAE;ID=FDNMYLHAODX;NAME=LE_Trim_X_Chord;GROUP=Trim;VALUE=0 
 PARM;GEOM_ID=XSELHKHPAE;ID=NDJBLZNNHKY;NAME=TE_Trim_AbsRel;GROUP=Trim;VALUE=0 
 PARM;GEOM_ID=XSELHKHPAE;ID=SHKKUZGTCOD;NAME=TE_Trim_Thick;GROUP=Trim;VALUE=0 
 PARM;GEOM_ID=XSELHKHPAE;ID=GTJQLCZTJDG;NAME=TE_Trim_Thick_Chord;GROUP=Trim;VALUE=0 
 PARM;GEOM_ID=XSELHKHPAE;ID=KXUQVPBEUCI;NAME=TE_Trim_Type;GROUP=Trim;VALUE=0 
 PARM;GEOM_ID=XSELHKHPAE;ID=FDKGLICQIHP;NAME=TE_Trim_X;GROUP=Trim;VALUE=0 
 PARM;GEOM_ID=XSELHKHPAE;ID=TAJEDQBNJXV;NAME=TE_Trim_X_Chord;GROUP=Trim;VALUE=0 
 PARM;GEOM_ID=XSELHKHPAE;ID=EWYGKAYOQWY;NAME=TE_Flap_DT;GROUP=Flap;VALUE=0 
 PARM;GEOM_ID=XSELHKHPAE;ID=FWPQBQSMUSQ;NAME=TE_Flap_Deflection;GROUP=Flap;VALUE=0 
 PARM;GEOM_ID=XSELHKHPAE;ID=RSTZLYITGCM;NAME=TE_Flap_Flag;GROUP=Flap;VALUE=0 
 PARM;GEOM_ID=XSELHKHPAE;ID=OTJHECFLOOQ;NAME=TE_Flap_T;GROUP=Flap;VALUE=0.2 
 PARM;GEOM_ID=XSELHKHPAE;ID=KFBJSTHYYUT;NAME=TE_Flap_Type;GROUP=Flap;VALUE=0 
 PARM;GEOM_ID=XSELHKHPAE;ID=XWGUEHJEDNP;NAME=TE_Flap_X;GROUP=Flap;VALUE=0 
 PARM;GEOM_ID=XSELHKHPAE;ID=THMUGFTWZYE;NAME=TE_Flap_X_Chord;GROUP=Flap;VALUE=0.2 
 PARM;GEOM_ID=XSELHKHPAE;ID=ERNRWMZLPLL;NAME=TE_Flap_Y_Frc;GROUP=Flap;VALUE=0.5 
 PARM;GEOM_ID=XSELHKHPAE;ID=VPMQLHATVNT;NAME=TE_Trim_AbsRel;GROUP=Flap;VALUE=1 
 PARM;GEOM_ID=XSELHKHPAE;ID=FWAYHBJRMER;NAME=XSecFlipImageFlag;GROUP=XSecCurve_Background;VALUE=0 
 PARM;GEOM_ID=XSELHKHPAE;ID=EEKPQVYYTRG;NAME=XSecImageFlag;GROUP=XSecCurve_Background;VALUE=0 
 PARM;GEOM_ID=XSELHKHPAE;ID=YFVCMTXSYWA;NAME=XSecImageH;GROUP=XSecCurve_Background;VALUE=1 
 PARM;GEOM_ID=XSELHKHPAE;ID=FWLBYWETVHB;NAME=XSecImagePreserveAR;GROUP=XSecCurve_Background;VALUE=1 
 PARM;GEOM_ID=XSELHKHPAE;ID=PARDOFZXRUK;NAME=XSecImageW;GROUP=XSecCurve_Background;VALUE=1 
 PARM;GEOM_ID=XSELHKHPAE;ID=DXMUTBXMCMW;NAME=XSecImageXOffset;GROUP=XSecCurve_Background;VALUE=0 
 PARM;GEOM_ID=XSELHKHPAE;ID=AKCATRAWTFM;NAME=XSecImageYOffset;GROUP=XSecCurve_Background;VALUE=0 
 PARM;GEOM_ID=XSELHKHPAE;ID=CWZNUNELIUH;NAME=XSecLockImageFlag;GROUP=XSecCurve_Background;VALUE=0 
 PARM;GEOM_ID=XSELHKHPAE;ID=MRKALXFNDNH;NAME=AllSym;GROUP=Chevron;VALUE=1 
 PARM;GEOM_ID=XSELHKHPAE;ID=FYIMQOVCZDC;NAME=BottomAmplitude;GROUP=Chevron;VALUE=1 
 PARM;GEOM_ID=XSELHKHPAE;ID=JKKNAOEZTPL;NAME=Bottom_Angle;GROUP=Chevron;VALUE=0 
 PARM;GEOM_ID=XSELHKHPAE;ID=AQNADKVLEIP;NAME=Bottom_Slew;GROUP=Chevron;VALUE=0 
 PARM;GEOM_ID=XSELHKHPAE;ID=UXTKEOXWTZO;NAME=Chevron_Type;GROUP=Chevron;VALUE=0 
 PARM;GEOM_ID=XSELHKHPAE;ID=WWCPZBCIRTH;NAME=LeftAmplitude;GROUP=Chevron;VALUE=1 
 PARM;GEOM_ID=XSELHKHPAE;ID=JIIAHMKULEE;NAME=Left_Angle;GROUP=Chevron;VALUE=0 
 PARM;GEOM_ID=XSELHKHPAE;ID=FPXAOWNXTIG;NAME=Left_Slew;GROUP=Chevron;VALUE=0 
 PARM;GEOM_ID=XSELHKHPAE;ID=ZVTMNXBHTTA;NAME=Number;GROUP=Chevron;VALUE=8 
 PARM;GEOM_ID=XSELHKHPAE;ID=XPOIBTVRGSU;NAME=Off_Duty;GROUP=Chevron;VALUE=0 
 PARM;GEOM_ID=XSELHKHPAE;ID=OOORQQIKWTV;NAME=On_Duty;GROUP=Chevron;VALUE=0 
 PARM;GEOM_ID=XSELHKHPAE;ID=PXEKVTEGAUI;NAME=Peak_Radius;GROUP=Chevron;VALUE=0 
 PARM;GEOM_ID=XSELHKHPAE;ID=TTHVDIQHAYS;NAME=RLSym;GROUP=Chevron;VALUE=1 
 PARM;GEOM_ID=XSELHKHPAE;ID=PTUQVOZWVED;NAME=RightAmplitude;GROUP=Chevron;VALUE=1 
 PARM;GEOM_ID=XSELHKHPAE;ID=MPVUANDYAGL;NAME=Right_Angle;GROUP=Chevron;VALUE=0 
 PARM;GEOM_ID=XSELHKHPAE;ID=YLQFQEXHVSE;NAME=Right_Slew;GROUP=Chevron;VALUE=0 
 PARM;GEOM_ID=XSELHKHPAE;ID=UYOOQLCIMXU;NAME=TBSym;GROUP=Chevron;VALUE=1 
 PARM;GEOM_ID=XSELHKHPAE;ID=HJVZYZTYDAI;NAME=TopAmplitude;GROUP=Chevron;VALUE=1 
 PARM;GEOM_ID=XSELHKHPAE;ID=JSXHAEYLVNI;NAME=Top_Angle;GROUP=Chevron;VALUE=0 
 PARM;GEOM_ID=XSELHKHPAE;ID=GQPQSPDILBT;NAME=Top_Slew;GROUP=Chevron;VALUE=0 
 PARM;GEOM_ID=XSELHKHPAE;ID=HGGYUYOJYCQ;NAME=Valley_Radius;GROUP=Chevron;VALUE=0 
 PARM;GEOM_ID=XSELHKHPAE;ID=CNDNZYELOPU;NAME=W01_Center;GROUP=Chevron;VALUE=0.25 
 PARM;GEOM_ID=XSELHKHPAE;ID=QKICTRNTKGG;NAME=W01_Center_Guide;GROUP=Chevron;VALUE=5 
 PARM;GEOM_ID=XSELHKHPAE;ID=GDYDLWQSLIZ;NAME=W01_End;GROUP=Chevron;VALUE=0.5 
 PARM;GEOM_ID=XSELHKHPAE;ID=JBITZZTPGVW;NAME=W01_End_Guide;GROUP=Chevron;VALUE=5 
 PARM;GEOM_ID=XSELHKHPAE;ID=KMIOMSVHFSK;NAME=W01_Mode;GROUP=Chevron;VALUE=0 
 PARM;GEOM_ID=XSELHKHPAE;ID=GNEIKFBGVZC;NAME=W01_Start;GROUP=Chevron;VALUE=0 
 PARM;GEOM_ID=XSELHKHPAE;ID=LZJKFMMGTTJ;NAME=W01_Start_Guide;GROUP=Chevron;VALUE=5 
 PARM;GEOM_ID=XSELHKHPAE;ID=NORNYWZFYMO;NAME=W01_Width;GROUP=Chevron;VALUE=0.5 
 PARM;GEOM_ID=XSELHKHPAE;ID=VCOHKUSUVBT;NAME=AftCluster;GROUP=XSec;VALUE=1 
 PARM;GEOM_ID=XSELHKHPAE;ID=KDJLFXISBOI;NAME=AllSym;GROUP=XSec;VALUE=0 
 PARM;GEOM_ID=XSELHKHPAE;ID=UUSVFYXWPXO;NAME=BottomLAngle;GROUP=XSec;VALUE=0 
 PARM;GEOM_ID=XSELHKHPAE;ID=KYAFXASIVTC;NAME=BottomLAngleSet;GROUP=XSec;VALUE=1 
 PARM;GEOM_ID=XSELHKHPAE;ID=RFHTYVTTBCW;NAME=BottomLCurve;GROUP=XSec;VALUE=0.239728 
 PARM;GEOM_ID=XSELHKHPAE;ID=PBFBENDMCAP;NAME=BottomLCurveSet;GROUP=XSec;VALUE=0 
 PARM;GEOM_ID=XSELHKHPAE;ID=TEHAJMCWKZJ;NAME=BottomLRAngleEq;GROUP=XSec;VALUE=1 
 PARM;GEOM_ID=XSELHKHPAE;ID=DSXLZYYASMZ;NAME=BottomLRCurveEq;GROUP=XSec;VALUE=0 
 PARM;GEOM_ID=XSELHKHPAE;ID=PLFWKEVOQZT;NAME=BottomLRSlewEq;GROUP=XSec;VALUE=0 
 PARM;GEOM_ID=XSELHKHPAE;ID=SUYUCEWIDHS;NAME=BottomLRStrengthEq;GROUP=XSec;VALUE=0 
 PARM;GEOM_ID=XSELHKHPAE;ID=BWVUVAGIOGC;NAME=BottomLSlew;GROUP=XSec;VALUE=0 
 PARM;GEOM_ID=XSELHKHPAE;ID=QXFSCRCFZWP;NAME=BottomLSlewSet;GROUP=XSec;VALUE=1 
 PARM;GEOM_ID=XSELHKHPAE;ID=OQVDFHRKWKW;NAME=BottomLStrength;GROUP=XSec;VALUE=1 
 PARM;GEOM_ID=XSELHKHPAE;ID=FDCJSYQUBVU;NAME=BottomLStrengthSet;GROUP=XSec;VALUE=1 
 PARM;GEOM_ID=XSELHKHPAE;ID=VORVDSPVYGO;NAME=BottomRAngle;GROUP=XSec;VALUE=0 
 PARM;GEOM_ID=XSELHKHPAE;ID=DARYZQXWIOJ;NAME=BottomRAngleSet;GROUP=XSec;VALUE=1 
 PARM;GEOM_ID=XSELHKHPAE;ID=MPBBCRMSGGP;NAME=BottomRCurve;GROUP=XSec;VALUE=-1.57751 
 PARM;GEOM_ID=XSELHKHPAE;ID=XUEMXZPIRTA;NAME=BottomRCurveSet;GROUP=XSec;VALUE=0 
 PARM;GEOM_ID=XSELHKHPAE;ID=DBAAYOXWBNG;NAME=BottomRSlew;GROUP=XSec;VALUE=0 
 PARM;GEOM_ID=XSELHKHPAE;ID=GFKNACQIYYS;NAME=BottomRSlewSet;GROUP=XSec;VALUE=1 
 PARM;GEOM_ID=XSELHKHPAE;ID=TYMXIHFCBJY;NAME=BottomRStrength;GROUP=XSec;VALUE=1 
 PARM;GEOM_ID=XSELHKHPAE;ID=XAPDFKUTJLR;NAME=BottomRStrengthSet;GROUP=XSec;VALUE=1 
 PARM;GEOM_ID=XSELHKHPAE;ID=KTTPLUFOGGY;NAME=ContinuityBottom;GROUP=XSec;VALUE=0 
 PARM;GEOM_ID=XSELHKHPAE;ID=LAAOBGURQYY;NAME=ContinuityLeft;GROUP=XSec;VALUE=0 
 PARM;GEOM_ID=XSELHKHPAE;ID=SBBWOTHWWGY;NAME=ContinuityRight;GROUP=XSec;VALUE=0 
 PARM;GEOM_ID=XSELHKHPAE;ID=VJCVVQYBQCK;NAME=ContinuityTop;GROUP=XSec;VALUE=0 
 PARM;GEOM_ID=XSELHKHPAE;ID=RFLMEAARBBH;NAME=FwdCluster;GROUP=XSec;VALUE=1 
 PARM;GEOM_ID=XSELHKHPAE;ID=QIZCWXVPGZX;NAME=LeftLAngle;GROUP=XSec;VALUE=0 
 PARM;GEOM_ID=XSELHKHPAE;ID=FCSIHQQWCTJ;NAME=LeftLAngleSet;GROUP=XSec;VALUE=1 
 PARM;GEOM_ID=XSELHKHPAE;ID=VVOTFHIZEGG;NAME=LeftLCurve;GROUP=XSec;VALUE=0.24226 
 PARM;GEOM_ID=XSELHKHPAE;ID=MIDGFXMXOFP;NAME=LeftLCurveSet;GROUP=XSec;VALUE=0 
 PARM;GEOM_ID=XSELHKHPAE;ID=RAUCDUAUFXL;NAME=LeftLRAngleEq;GROUP=XSec;VALUE=1 
 PARM;GEOM_ID=XSELHKHPAE;ID=SSIOTGHKKED;NAME=LeftLRCurveEq;GROUP=XSec;VALUE=0 
 PARM;GEOM_ID=XSELHKHPAE;ID=LBIQIXOWTUJ;NAME=LeftLRSlewEq;GROUP=XSec;VALUE=0 
 PARM;GEOM_ID=XSELHKHPAE;ID=CQHFWZJSICL;NAME=LeftLRStrengthEq;GROUP=XSec;VALUE=0 
 PARM;GEOM_ID=XSELHKHPAE;ID=EVUMBCHWQHI;NAME=LeftLSlew;GROUP=XSec;VALUE=0 
 PARM;GEOM_ID=XSELHKHPAE;ID=AQUUODUSNLD;NAME=LeftLSlewSet;GROUP=XSec;VALUE=1 
 PARM;GEOM_ID=XSELHKHPAE;ID=FSOBWSSAOEH;NAME=LeftLStrength;GROUP=XSec;VALUE=1 
 PARM;GEOM_ID=XSELHKHPAE;ID=PMWBVNUTYDK;NAME=LeftLStrengthSet;GROUP=XSec;VALUE=1 
 PARM;GEOM_ID=XSELHKHPAE;ID=HXVYWYDDDKX;NAME=LeftRAngle;GROUP=XSec;VALUE=0 
 PARM;GEOM_ID=XSELHKHPAE;ID=YHHJFSDFIYV;NAME=LeftRAngleSet;GROUP=XSec;VALUE=1 
 PARM;GEOM_ID=XSELHKHPAE;ID=GDTGPIZKRNB;NAME=LeftRCurve;GROUP=XSec;VALUE=-1.58859 
 PARM;GEOM_ID=XSELHKHPAE;ID=CLDRNTKJZQL;NAME=LeftRCurveSet;GROUP=XSec;VALUE=0 
 PARM;GEOM_ID=XSELHKHPAE;ID=NBHFZJBHRMO;NAME=LeftRSlew;GROUP=XSec;VALUE=0 
 PARM;GEOM_ID=XSELHKHPAE;ID=VSDZHQSLWEL;NAME=LeftRSlewSet;GROUP=XSec;VALUE=1 
 PARM;GEOM_ID=XSELHKHPAE;ID=ILCVRTNKWPL;NAME=LeftRStrength;GROUP=XSec;VALUE=1 
 PARM;GEOM_ID=XSELHKHPAE;ID=NFFJCDFEAXE;NAME=LeftRStrengthSet;GROUP=XSec;VALUE=1 
 PARM;GEOM_ID=XSELHKHPAE;ID=LRALUYQOFLQ;NAME=RLSym;GROUP=XSec;VALUE=1 
 PARM;GEOM_ID=XSELHKHPAE;ID=OAHYTTYFVUC;NAME=RefLength;GROUP=XSec;VALUE=47.7647 
 PARM;GEOM_ID=XSELHKHPAE;ID=ZPXHWAVMQCC;NAME=RightLAngle;GROUP=XSec;VALUE=0 
 PARM;GEOM_ID=XSELHKHPAE;ID=FAGTVRGSPMF;NAME=RightLAngleSet;GROUP=XSec;VALUE=1 
 PARM;GEOM_ID=XSELHKHPAE;ID=XWGWMNSROPQ;NAME=RightLCurve;GROUP=XSec;VALUE=-0.247647 
 PARM;GEOM_ID=XSELHKHPAE;ID=PUJDQHVOKGC;NAME=RightLCurveSet;GROUP=XSec;VALUE=0 
 PARM;GEOM_ID=XSELHKHPAE;ID=GTNKOYTWTGN;NAME=RightLRAngleEq;GROUP=XSec;VALUE=1 
 PARM;GEOM_ID=XSELHKHPAE;ID=VXZCBXPAVFF;NAME=RightLRCurveEq;GROUP=XSec;VALUE=0 
 PARM;GEOM_ID=XSELHKHPAE;ID=TAFUATHZPJB;NAME=RightLRSlewEq;GROUP=XSec;VALUE=0 
 PARM;GEOM_ID=XSELHKHPAE;ID=DIGVBNBJTOU;NAME=RightLRStrengthEq;GROUP=XSec;VALUE=0 
 PARM;GEOM_ID=XSELHKHPAE;ID=PSNWMCOSOWB;NAME=RightLSlew;GROUP=XSec;VALUE=0 
 PARM;GEOM_ID=XSELHKHPAE;ID=NNCPDMLPJTN;NAME=RightLSlewSet;GROUP=XSec;VALUE=1 
 PARM;GEOM_ID=XSELHKHPAE;ID=NVZFMCQYVSY;NAME=RightLStrength;GROUP=XSec;VALUE=1 
 PARM;GEOM_ID=XSELHKHPAE;ID=DDJGRUPPJJE;NAME=RightLStrengthSet;GROUP=XSec;VALUE=1 
 PARM;GEOM_ID=XSELHKHPAE;ID=EDEYUJZVVRO;NAME=RightRAngle;GROUP=XSec;VALUE=0 
 PARM;GEOM_ID=XSELHKHPAE;ID=MWSVTNQXWYR;NAME=RightRAngleSet;GROUP=XSec;VALUE=1 
 PARM;GEOM_ID=XSELHKHPAE;ID=YOKZAOVSQEP;NAME=RightRCurve;GROUP=XSec;VALUE=1.58866 
 PARM;GEOM_ID=XSELHKHPAE;ID=TLDCGNEFLVP;NAME=RightRCurveSet;GROUP=XSec;VALUE=0 
 PARM;GEOM_ID=XSELHKHPAE;ID=FJPLEPVHSEW;NAME=RightRSlew;GROUP=XSec;VALUE=0 
 PARM;GEOM_ID=XSELHKHPAE;ID=FISXIVWRGCI;NAME=RightRSlewSet;GROUP=XSec;VALUE=1 
 PARM;GEOM_ID=XSELHKHPAE;ID=RWQVMLOTYSW;NAME=RightRStrength;GROUP=XSec;VALUE=1 
 PARM;GEOM_ID=XSELHKHPAE;ID=TYXKTPHGHLT;NAME=RightRStrengthSet;GROUP=XSec;VALUE=1 
 PARM;GEOM_ID=XSELHKHPAE;ID=BBKDQURVCST;NAME=SectTess_U;GROUP=XSec;VALUE=6 
 PARM;GEOM_ID=XSELHKHPAE;ID=BJUGIBERCZV;NAME=Spin;GROUP=XSec;VALUE=0 
 PARM;GEOM_ID=XSELHKHPAE;ID=WKCBGRQLJTS;NAME=TBSym;GROUP=XSec;VALUE=1 
 PARM;GEOM_ID=XSELHKHPAE;ID=LCVGDWVIRNE;NAME=TopLAngle;GROUP=XSec;VALUE=0 
 PARM;GEOM_ID=XSELHKHPAE;ID=ESCHFPMUJHI;NAME=TopLAngleSet;GROUP=XSec;VALUE=1 
 PARM;GEOM_ID=XSELHKHPAE;ID=XLVRJLPZBBF;NAME=TopLCurve;GROUP=XSec;VALUE=-0.26632 
 PARM;GEOM_ID=XSELHKHPAE;ID=GJRHOCTBZAE;NAME=TopLCurveSet;GROUP=XSec;VALUE=0 
 PARM;GEOM_ID=XSELHKHPAE;ID=RCUTGILRSBH;NAME=TopLRAngleEq;GROUP=XSec;VALUE=1 
 PARM;GEOM_ID=XSELHKHPAE;ID=LFPXOWEPFID;NAME=TopLRCurveEq;GROUP=XSec;VALUE=0 
 PARM;GEOM_ID=XSELHKHPAE;ID=YFPIFRKIOBR;NAME=TopLRSlewEq;GROUP=XSec;VALUE=0 
 PARM;GEOM_ID=XSELHKHPAE;ID=PGPUHARHZCH;NAME=TopLRStrengthEq;GROUP=XSec;VALUE=0 
 PARM;GEOM_ID=XSELHKHPAE;ID=XLCGCDBQGNM;NAME=TopLSlew;GROUP=XSec;VALUE=0 
 PARM;GEOM_ID=XSELHKHPAE;ID=LIQEBRIEFKV;NAME=TopLSlewSet;GROUP=XSec;VALUE=1 
 PARM;GEOM_ID=XSELHKHPAE;ID=ZSXOXDPHUGI;NAME=TopLStrength;GROUP=XSec;VALUE=1 
 PARM;GEOM_ID=XSELHKHPAE;ID=QXRZPCKHXZN;NAME=TopLStrengthSet;GROUP=XSec;VALUE=1 
 PARM;GEOM_ID=XSELHKHPAE;ID=OUBSSYJXTWW;NAME=TopRAngle;GROUP=XSec;VALUE=0 
 PARM;GEOM_ID=XSELHKHPAE;ID=XURBEUESHIW;NAME=TopRAngleSet;GROUP=XSec;VALUE=1 
 PARM;GEOM_ID=XSELHKHPAE;ID=GGTLAMHLMWI;NAME=TopRCurve;GROUP=XSec;VALUE=1.60479 
 PARM;GEOM_ID=XSELHKHPAE;ID=FLGWCCXHTFA;NAME=TopRCurveSet;GROUP=XSec;VALUE=0 
 PARM;GEOM_ID=XSELHKHPAE;ID=QFRLOQCIBAR;NAME=TopRSlew;GROUP=XSec;VALUE=0 
 PARM;GEOM_ID=XSELHKHPAE;ID=JCGEVHMETQQ;NAME=TopRSlewSet;GROUP=XSec;VALUE=1 
 PARM;GEOM_ID=XSELHKHPAE;ID=JAJKHGHYWMB;NAME=TopRStrength;GROUP=XSec;VALUE=1 
 PARM;GEOM_ID=XSELHKHPAE;ID=NHQSENSCQNM;NAME=TopRStrengthSet;GROUP=XSec;VALUE=1 
 PARM;GEOM_ID=XSELHKHPAE;ID=BTICCTHADHH;NAME=XLocPercent;GROUP=XSec;VALUE=0.5 
 PARM;GEOM_ID=XSELHKHPAE;ID=JCAEURILZTK;NAME=XRotate;GROUP=XSec;VALUE=0 
 PARM;GEOM_ID=XSELHKHPAE;ID=UWIODQIMMKW;NAME=YLocPercent;GROUP=XSec;VALUE=0.00256148 
 PARM;GEOM_ID=XSELHKHPAE;ID=IBTJMMZWROG;NAME=YRotate;GROUP=XSec;VALUE=0 
 PARM;GEOM_ID=XSELHKHPAE;ID=OZETTFGHYFH;NAME=ZLocPercent;GROUP=XSec;VALUE=0.00563787 
 PARM;GEOM_ID=XSELHKHPAE;ID=YLYHQOGVBNT;NAME=ZRotate;GROUP=XSec;VALUE=0 
 PARM;GEOM_ID=XSELHKHPAE;ID=IMOLQNVZIJG;NAME=Area;GROUP=XSecCurve;VALUE=19.368 
 PARM;GEOM_ID=XSELHKHPAE;ID=FYEYTGCKMJD;NAME=DeltaX;GROUP=XSecCurve;VALUE=0 
 PARM;GEOM_ID=XSELHKHPAE;ID=HXXXHYGMQNY;NAME=DeltaY;GROUP=XSecCurve;VALUE=0 
 PARM;GEOM_ID=XSELHKHPAE;ID=SEAOJRVPWPG;NAME=Ellipse_Height;GROUP=XSecCurve;VALUE=5.31882 
 PARM;GEOM_ID=XSELHKHPAE;ID=VEDGMMVDVVI;NAME=Ellipse_Width;GROUP=XSecCurve;VALUE=4.63602 
 PARM;GEOM_ID=XSELHKHPAE;ID=BBQPFCETQFM;NAME=HWRatio;GROUP=XSecCurve;VALUE=1.14728 
 PARM;GEOM_ID=XSELHKHPAE;ID=JYCTOGKDXCI;NAME=Scale;GROUP=XSecCurve;VALUE=1 
 PARM;GEOM_ID=XSELHKHPAE;ID=SYQLSTAJYDU;NAME=ShiftLE;GROUP=XSecCurve;VALUE=0 
 PARM;GEOM_ID=XSELHKHPAE;ID=BBLBTTEACXI;NAME=Theta;GROUP=XSecCurve;VALUE=0 
 PARM;GEOM_ID=XSELHKHPAE;ID=KOZLJKDUAGV;NAME=LE_Cap_Length;GROUP=Cap;VALUE=1 
 PARM;GEOM_ID=XSELHKHPAE;ID=EPYDYPKVUZI;NAME=LE_Cap_Offset;GROUP=Cap;VALUE=0 
 PARM;GEOM_ID=XSELHKHPAE;ID=HEPMMQOAGMX;NAME=LE_Cap_Strength;GROUP=Cap;VALUE=0.5 
 PARM;GEOM_ID=XSELHKHPAE;ID=ZYLGKLQYTLQ;NAME=LE_Cap_Type;GROUP=Cap;VALUE=1 
 PARM;GEOM_ID=XSELHKHPAE;ID=LSDMPKRHRDJ;NAME=TE_Cap_Length;GROUP=Cap;VALUE=1 
 PARM;GEOM_ID=XSELHKHPAE;ID=IFFDSWZPPMB;NAME=TE_Cap_Offset;GROUP=Cap;VALUE=0 
 PARM;GEOM_ID=XSELHKHPAE;ID=ZYZWBXEBGUV;NAME=TE_Cap_Strength;GROUP=Cap;VALUE=0.5 
 PARM;GEOM_ID=XSELHKHPAE;ID=BCYRRUGYWSN;NAME=TE_Cap_Type;GROUP=Cap;VALUE=1 
 PARM;GEOM_ID=XSELHKHPAE;ID=IOVFIISDHAW;NAME=LE_Close_AbsRel;GROUP=Close;VALUE=0 
 PARM;GEOM_ID=XSELHKHPAE;ID=ULEZKYJQJKG;NAME=LE_Close_Thick;GROUP=Close;VALUE=0 
 PARM;GEOM_ID=XSELHKHPAE;ID=YRPIJVICBLY;NAME=LE_Close_Thick_Chord;GROUP=Close;VALUE=0 
 PARM;GEOM_ID=XSELHKHPAE;ID=ICKDIOXBOFZ;NAME=LE_Close_Type;GROUP=Close;VALUE=0 
 PARM;GEOM_ID=XSELHKHPAE;ID=KSBSVGSNQEY;NAME=TE_Close_AbsRel;GROUP=Close;VALUE=0 
 PARM;GEOM_ID=XSELHKHPAE;ID=UAABUWVOMCJ;NAME=TE_Close_Thick;GROUP=Close;VALUE=0 
 PARM;GEOM_ID=XSELHKHPAE;ID=ERXZDTOLTEU;NAME=TE_Close_Thick_Chord;GROUP=Close;VALUE=0 
 PARM;GEOM_ID=XSELHKHPAE;ID=AHRLDWWOUZF;NAME=TE_Close_Type;GROUP=Close;VALUE=0 
 PARM;GEOM_ID=XSELHKHPAE;ID=FOAQCORPZYI;NAME=LE_Trim_AbsRel;GROUP=Trim;VALUE=0 
 PARM;GEOM_ID=XSELHKHPAE;ID=WWURWTLUUSO;NAME=LE_Trim_Thick;GROUP=Trim;VALUE=0 
 PARM;GEOM_ID=XSELHKHPAE;ID=TDELQFJYRZM;NAME=LE_Trim_Thick_Chord;GROUP=Trim;VALUE=0 
 PARM;GEOM_ID=XSELHKHPAE;ID=NWHYZTQZSSE;NAME=LE_Trim_Type;GROUP=Trim;VALUE=0 
 PARM;GEOM_ID=XSELHKHPAE;ID=RWJAGUGEKRK;NAME=LE_Trim_X;GROUP=Trim;VALUE=0 
 PARM;GEOM_ID=XSELHKHPAE;ID=WFYYTVQQZLZ;NAME=LE_Trim_X_Chord;GROUP=Trim;VALUE=0 
 PARM;GEOM_ID=XSELHKHPAE;ID=CIRWMIVKLNR;NAME=TE_Trim_AbsRel;GROUP=Trim;VALUE=0 
 PARM;GEOM_ID=XSELHKHPAE;ID=SLNALSUKIIO;NAME=TE_Trim_Thick;GROUP=Trim;VALUE=0 
 PARM;GEOM_ID=XSELHKHPAE;ID=PPFRXUJMMXU;NAME=TE_Trim_Thick_Chord;GROUP=Trim;VALUE=0 
 PARM;GEOM_ID=XSELHKHPAE;ID=MPFZPCXGTVJ;NAME=TE_Trim_Type;GROUP=Trim;VALUE=0 
 PARM;GEOM_ID=XSELHKHPAE;ID=PTOMESOINHX;NAME=TE_Trim_X;GROUP=Trim;VALUE=0 
 PARM;GEOM_ID=XSELHKHPAE;ID=QHDKBWONLLF;NAME=TE_Trim_X_Chord;GROUP=Trim;VALUE=0 
 PARM;GEOM_ID=XSELHKHPAE;ID=IQUCPLYDCIO;NAME=TE_Flap_DT;GROUP=Flap;VALUE=0 
 PARM;GEOM_ID=XSELHKHPAE;ID=ESARCZFRUTS;NAME=TE_Flap_Deflection;GROUP=Flap;VALUE=0 
 PARM;GEOM_ID=XSELHKHPAE;ID=EMXNMIODZAQ;NAME=TE_Flap_Flag;GROUP=Flap;VALUE=0 
 PARM;GEOM_ID=XSELHKHPAE;ID=UKJXDSZLPNA;NAME=TE_Flap_T;GROUP=Flap;VALUE=0.2 
 PARM;GEOM_ID=XSELHKHPAE;ID=KBULXGXBDEN;NAME=TE_Flap_Type;GROUP=Flap;VALUE=0 
 PARM;GEOM_ID=XSELHKHPAE;ID=UNLKHQTGTTB;NAME=TE_Flap_X;GROUP=Flap;VALUE=0 
 PARM;GEOM_ID=XSELHKHPAE;ID=DPWDCXTKSIQ;NAME=TE_Flap_X_Chord;GROUP=Flap;VALUE=0.2 
 PARM;GEOM_ID=XSELHKHPAE;ID=HPPCYGSCRWJ;NAME=TE_Flap_Y_Frc;GROUP=Flap;VALUE=0.5 
 PARM;GEOM_ID=XSELHKHPAE;ID=AHMCFYMAJGJ;NAME=TE_Trim_AbsRel;GROUP=Flap;VALUE=1 
 PARM;GEOM_ID=XSELHKHPAE;ID=XJOEGMWZBWP;NAME=XSecFlipImageFlag;GROUP=XSecCurve_Background;VALUE=0 
 PARM;GEOM_ID=XSELHKHPAE;ID=KZARBEBEUBK;NAME=XSecImageFlag;GROUP=XSecCurve_Background;VALUE=0 
 PARM;GEOM_ID=XSELHKHPAE;ID=LCFDUIFLICA;NAME=XSecImageH;GROUP=XSecCurve_Background;VALUE=1 
 PARM;GEOM_ID=XSELHKHPAE;ID=JFQBRWBGOZW;NAME=XSecImagePreserveAR;GROUP=XSecCurve_Background;VALUE=1 
 PARM;GEOM_ID=XSELHKHPAE;ID=PGMTIORITZU;NAME=XSecImageW;GROUP=XSecCurve_Background;VALUE=1 
 PARM;GEOM_ID=XSELHKHPAE;ID=GWPJELRUOIX;NAME=XSecImageXOffset;GROUP=XSecCurve_Background;VALUE=0 
 PARM;GEOM_ID=XSELHKHPAE;ID=RSXEMIXTMTI;NAME=XSecImageYOffset;GROUP=XSecCurve_Background;VALUE=0 
 PARM;GEOM_ID=XSELHKHPAE;ID=LYVWAZHCDIV;NAME=XSecLockImageFlag;GROUP=XSecCurve_Background;VALUE=0 
 PARM;GEOM_ID=XSELHKHPAE;ID=FMDDPDGOJHL;NAME=AllSym;GROUP=Chevron;VALUE=1 
 PARM;GEOM_ID=XSELHKHPAE;ID=REHMNBUHWOC;NAME=BottomAmplitude;GROUP=Chevron;VALUE=1 
 PARM;GEOM_ID=XSELHKHPAE;ID=CMGWSFLHHDM;NAME=Bottom_Angle;GROUP=Chevron;VALUE=0 
 PARM;GEOM_ID=XSELHKHPAE;ID=MZOCZKVPAHW;NAME=Bottom_Slew;GROUP=Chevron;VALUE=0 
 PARM;GEOM_ID=XSELHKHPAE;ID=YYYMUYVUHNW;NAME=Chevron_Type;GROUP=Chevron;VALUE=0 
 PARM;GEOM_ID=XSELHKHPAE;ID=HAUDFCVNTSY;NAME=LeftAmplitude;GROUP=Chevron;VALUE=1 
 PARM;GEOM_ID=XSELHKHPAE;ID=MXQKPHSQRQH;NAME=Left_Angle;GROUP=Chevron;VALUE=0 
 PARM;GEOM_ID=XSELHKHPAE;ID=NORDLIGHSPB;NAME=Left_Slew;GROUP=Chevron;VALUE=0 
 PARM;GEOM_ID=XSELHKHPAE;ID=URAPXBJYPPB;NAME=Number;GROUP=Chevron;VALUE=8 
 PARM;GEOM_ID=XSELHKHPAE;ID=RWSJCSRYJHD;NAME=Off_Duty;GROUP=Chevron;VALUE=0 
 PARM;GEOM_ID=XSELHKHPAE;ID=DYGMWMYKSXX;NAME=On_Duty;GROUP=Chevron;VALUE=0 
 PARM;GEOM_ID=XSELHKHPAE;ID=GLQAIUQBRWY;NAME=Peak_Radius;GROUP=Chevron;VALUE=0 
 PARM;GEOM_ID=XSELHKHPAE;ID=HADOUHSQTOE;NAME=RLSym;GROUP=Chevron;VALUE=1 
 PARM;GEOM_ID=XSELHKHPAE;ID=SFZHOMJBJPI;NAME=RightAmplitude;GROUP=Chevron;VALUE=1 
 PARM;GEOM_ID=XSELHKHPAE;ID=ZVNCLCKMYAI;NAME=Right_Angle;GROUP=Chevron;VALUE=0 
 PARM;GEOM_ID=XSELHKHPAE;ID=LVQRSGQDUSJ;NAME=Right_Slew;GROUP=Chevron;VALUE=0 
 PARM;GEOM_ID=XSELHKHPAE;ID=FQZMNINBOYQ;NAME=TBSym;GROUP=Chevron;VALUE=1 
 PARM;GEOM_ID=XSELHKHPAE;ID=BIKVYYDFTCI;NAME=TopAmplitude;GROUP=Chevron;VALUE=1 
 PARM;GEOM_ID=XSELHKHPAE;ID=BZNJDRPHQVV;NAME=Top_Angle;GROUP=Chevron;VALUE=0 
 PARM;GEOM_ID=XSELHKHPAE;ID=XBMOHOIVDOJ;NAME=Top_Slew;GROUP=Chevron;VALUE=0 
 PARM;GEOM_ID=XSELHKHPAE;ID=WLMQDDYSOEZ;NAME=Valley_Radius;GROUP=Chevron;VALUE=0 
 PARM;GEOM_ID=XSELHKHPAE;ID=QMNDFXZQAUI;NAME=W01_Center;GROUP=Chevron;VALUE=0.25 
 PARM;GEOM_ID=XSELHKHPAE;ID=EHIQIZHYXYZ;NAME=W01_Center_Guide;GROUP=Chevron;VALUE=5 
 PARM;GEOM_ID=XSELHKHPAE;ID=QPDKLGTOJHT;NAME=W01_End;GROUP=Chevron;VALUE=0.5 
 PARM;GEOM_ID=XSELHKHPAE;ID=LFCKUSBONBM;NAME=W01_End_Guide;GROUP=Chevron;VALUE=5 
 PARM;GEOM_ID=XSELHKHPAE;ID=RZVPRPNTEAG;NAME=W01_Mode;GROUP=Chevron;VALUE=0 
 PARM;GEOM_ID=XSELHKHPAE;ID=YGOCFNNQACV;NAME=W01_Start;GROUP=Chevron;VALUE=0 
 PARM;GEOM_ID=XSELHKHPAE;ID=FNWAODXATXY;NAME=W01_Start_Guide;GROUP=Chevron;VALUE=5 
 PARM;GEOM_ID=XSELHKHPAE;ID=IERLEMTDAMP;NAME=W01_Width;GROUP=Chevron;VALUE=0.5 
 PARM;GEOM_ID=XSELHKHPAE;ID=FZGQWDCFJQY;NAME=AftCluster;GROUP=XSec;VALUE=1 
 PARM;GEOM_ID=XSELHKHPAE;ID=JYZZKZWVHHW;NAME=AllSym;GROUP=XSec;VALUE=0 
 PARM;GEOM_ID=XSELHKHPAE;ID=CSPBWBKCYOX;NAME=BottomLAngle;GROUP=XSec;VALUE=0 
 PARM;GEOM_ID=XSELHKHPAE;ID=JGENIHFZRNL;NAME=BottomLAngleSet;GROUP=XSec;VALUE=1 
 PARM;GEOM_ID=XSELHKHPAE;ID=ZGQTHIZANRD;NAME=BottomLCurve;GROUP=XSec;VALUE=0.573038 
 PARM;GEOM_ID=XSELHKHPAE;ID=TKSBEDNVHBF;NAME=BottomLCurveSet;GROUP=XSec;VALUE=0 
 PARM;GEOM_ID=XSELHKHPAE;ID=LKNTOVSSHVN;NAME=BottomLRAngleEq;GROUP=XSec;VALUE=1 
 PARM;GEOM_ID=XSELHKHPAE;ID=QSULGRCDUCV;NAME=BottomLRCurveEq;GROUP=XSec;VALUE=0 
 PARM;GEOM_ID=XSELHKHPAE;ID=BTINRBWVWXI;NAME=BottomLRSlewEq;GROUP=XSec;VALUE=0 
 PARM;GEOM_ID=XSELHKHPAE;ID=DEOJWZIORTJ;NAME=BottomLRStrengthEq;GROUP=XSec;VALUE=0 
 PARM;GEOM_ID=XSELHKHPAE;ID=ILYLYAYTXUU;NAME=BottomLSlew;GROUP=XSec;VALUE=0 
 PARM;GEOM_ID=XSELHKHPAE;ID=HAHNCKHOLUW;NAME=BottomLSlewSet;GROUP=XSec;VALUE=1 
 PARM;GEOM_ID=XSELHKHPAE;ID=SMFINOGVUEK;NAME=BottomLStrength;GROUP=XSec;VALUE=1 
 PARM;GEOM_ID=XSELHKHPAE;ID=CQOLMUEPNQQ;NAME=BottomLStrengthSet;GROUP=XSec;VALUE=1 
 PARM;GEOM_ID=XSELHKHPAE;ID=JLYVWQBAEQR;NAME=BottomRAngle;GROUP=XSec;VALUE=0 
 PARM;GEOM_ID=XSELHKHPAE;ID=JPDPPTNQSCT;NAME=BottomRAngleSet;GROUP=XSec;VALUE=1 
 PARM;GEOM_ID=XSELHKHPAE;ID=LBCOEUXMHYV;NAME=BottomRCurve;GROUP=XSec;VALUE=-0.654306 
 PARM;GEOM_ID=XSELHKHPAE;ID=XKPFLUNBVSA;NAME=BottomRCurveSet;GROUP=XSec;VALUE=0 
 PARM;GEOM_ID=XSELHKHPAE;ID=ZDROSZVDRAS;NAME=BottomRSlew;GROUP=XSec;VALUE=0 
 PARM;GEOM_ID=XSELHKHPAE;ID=EMZSAFMRKDI;NAME=BottomRSlewSet;GROUP=XSec;VALUE=1 
 PARM;GEOM_ID=XSELHKHPAE;ID=BYJZTEUHTBF;NAME=BottomRStrength;GROUP=XSec;VALUE=1 
 PARM;GEOM_ID=XSELHKHPAE;ID=FIJKLETATNC;NAME=BottomRStrengthSet;GROUP=XSec;VALUE=1 
 PARM;GEOM_ID=XSELHKHPAE;ID=NQRWIVJLLAJ;NAME=ContinuityBottom;GROUP=XSec;VALUE=0 
 PARM;GEOM_ID=XSELHKHPAE;ID=JDEZKPROBXU;NAME=ContinuityLeft;GROUP=XSec;VALUE=0 
 PARM;GEOM_ID=XSELHKHPAE;ID=LYKXDVMAKYC;NAME=ContinuityRight;GROUP=XSec;VALUE=0 
 PARM;GEOM_ID=XSELHKHPAE;ID=YLFVNRNEMSA;NAME=ContinuityTop;GROUP=XSec;VALUE=0 
 PARM;GEOM_ID=XSELHKHPAE;ID=XTZZOSPMKFQ;NAME=FwdCluster;GROUP=XSec;VALUE=1 
 PARM;GEOM_ID=XSELHKHPAE;ID=SJLFZZVIYFH;NAME=LeftLAngle;GROUP=XSec;VALUE=0 
 PARM;GEOM_ID=XSELHKHPAE;ID=CWDZGGQJGEJ;NAME=LeftLAngleSet;GROUP=XSec;VALUE=1 
 PARM;GEOM_ID=XSELHKHPAE;ID=PNCQOTIQCSF;NAME=LeftLCurve;GROUP=XSec;VALUE=0.588599 
 PARM;GEOM_ID=XSELHKHPAE;ID=VIXJQSPGEIS;NAME=LeftLCurveSet;GROUP=XSec;VALUE=0 
 PARM;GEOM_ID=XSELHKHPAE;ID=DZZNRPFOAPQ;NAME=LeftLRAngleEq;GROUP=XSec;VALUE=1 
 PARM;GEOM_ID=XSELHKHPAE;ID=MBGASHOCGVJ;NAME=LeftLRCurveEq;GROUP=XSec;VALUE=0 
 PARM;GEOM_ID=XSELHKHPAE;ID=CYNYZNBGIZQ;NAME=LeftLRSlewEq;GROUP=XSec;VALUE=0 
 PARM;GEOM_ID=XSELHKHPAE;ID=FQFBLWSSOCC;NAME=LeftLRStrengthEq;GROUP=XSec;VALUE=0 
 PARM;GEOM_ID=XSELHKHPAE;ID=OBDSRAAAVOG;NAME=LeftLSlew;GROUP=XSec;VALUE=0 
 PARM;GEOM_ID=XSELHKHPAE;ID=AYCNMWHKBNL;NAME=LeftLSlewSet;GROUP=XSec;VALUE=1 
 PARM;GEOM_ID=XSELHKHPAE;ID=QQRNIECQTOS;NAME=LeftLStrength;GROUP=XSec;VALUE=1 
 PARM;GEOM_ID=XSELHKHPAE;ID=VFWVDYQUGUX;NAME=LeftLStrengthSet;GROUP=XSec;VALUE=1 
 PARM;GEOM_ID=XSELHKHPAE;ID=GNAFOONIJRI;NAME=LeftRAngle;GROUP=XSec;VALUE=0 
 PARM;GEOM_ID=XSELHKHPAE;ID=EVCOXXJBXGM;NAME=LeftRAngleSet;GROUP=XSec;VALUE=1 
 PARM;GEOM_ID=XSELHKHPAE;ID=WVVYLANHGKS;NAME=LeftRCurve;GROUP=XSec;VALUE=-0.572752 
 PARM;GEOM_ID=XSELHKHPAE;ID=KOWMQDFZEQK;NAME=LeftRCurveSet;GROUP=XSec;VALUE=0 
 PARM;GEOM_ID=XSELHKHPAE;ID=UJSNMGNAOZA;NAME=LeftRSlew;GROUP=XSec;VALUE=0 
 PARM;GEOM_ID=XSELHKHPAE;ID=IECNLPIPIHG;NAME=LeftRSlewSet;GROUP=XSec;VALUE=1 
 PARM;GEOM_ID=XSELHKHPAE;ID=ACTKBBARCSM;NAME=LeftRStrength;GROUP=XSec;VALUE=1 
 PARM;GEOM_ID=XSELHKHPAE;ID=JHMWGLFQQKN;NAME=LeftRStrengthSet;GROUP=XSec;VALUE=1 
 PARM;GEOM_ID=XSELHKHPAE;ID=KEAVGWLAWZL;NAME=RLSym;GROUP=XSec;VALUE=1 
 PARM;GEOM_ID=XSELHKHPAE;ID=BNMLKOBVKKI;NAME=RefLength;GROUP=XSec;VALUE=47.7647 
 PARM;GEOM_ID=XSELHKHPAE;ID=MJAJYRKMIJP;NAME=RightLAngle;GROUP=XSec;VALUE=0 
 PARM;GEOM_ID=XSELHKHPAE;ID=VHDFULGJXJL;NAME=RightLAngleSet;GROUP=XSec;VALUE=1 
 PARM;GEOM_ID=XSELHKHPAE;ID=JWDEUWBHLIG;NAME=RightLCurve;GROUP=XSec;VALUE=-0.588696 
 PARM;GEOM_ID=XSELHKHPAE;ID=YQCPHBQWFRD;NAME=RightLCurveSet;GROUP=XSec;VALUE=0 
 PARM;GEOM_ID=XSELHKHPAE;ID=ELCDCZZOKDN;NAME=RightLRAngleEq;GROUP=XSec;VALUE=1 
 PARM;GEOM_ID=XSELHKHPAE;ID=KXFGKZYJYMS;NAME=RightLRCurveEq;GROUP=XSec;VALUE=0 
 PARM;GEOM_ID=XSELHKHPAE;ID=BBLTTTYRUEC;NAME=RightLRSlewEq;GROUP=XSec;VALUE=0 
 PARM;GEOM_ID=XSELHKHPAE;ID=VDZGNHFUVMD;NAME=RightLRStrengthEq;GROUP=XSec;VALUE=0 
 PARM;GEOM_ID=XSELHKHPAE;ID=HZJOYYTIYHU;NAME=RightLSlew;GROUP=XSec;VALUE=0 
 PARM;GEOM_ID=XSELHKHPAE;ID=ACJRRLJWJIR;NAME=RightLSlewSet;GROUP=XSec;VALUE=1 
 PARM;GEOM_ID=XSELHKHPAE;ID=KUPXWWDPXJB;NAME=RightLStrength;GROUP=XSec;VALUE=1 
 PARM;GEOM_ID=XSELHKHPAE;ID=UVVAJUWGPTY;NAME=RightLStrengthSet;GROUP=XSec;VALUE=1 
 PARM;GEOM_ID=XSELHKHPAE;ID=URBXHQVQBZP;NAME=RightRAngle;GROUP=XSec;VALUE=0 
 PARM;GEOM_ID=XSELHKHPAE;ID=BGUICNMAUSN;NAME=RightRAngleSet;GROUP=XSec;VALUE=1 
 PARM;GEOM_ID=XSELHKHPAE;ID=CPHTNAKCDFN;NAME=RightRCurve;GROUP=XSec;VALUE=0.59674 
 PARM;GEOM_ID=XSELHKHPAE;ID=VOOZCBTFMDB;NAME=RightRCurveSet;GROUP=XSec;VALUE=0 
 PARM;GEOM_ID=XSELHKHPAE;ID=VBOOGJNMDTF;NAME=RightRSlew;GROUP=XSec;VALUE=0 
 PARM;GEOM_ID=XSELHKHPAE;ID=VVLIGDNRMHD;NAME=RightRSlewSet;GROUP=XSec;VALUE=1 
 PARM;GEOM_ID=XSELHKHPAE;ID=XQZRLPFFMAU;NAME=RightRStrength;GROUP=XSec;VALUE=1 
 PARM;GEOM_ID=XSELHKHPAE;ID=DJVYGZYZFGQ;NAME=RightRStrengthSet;GROUP=XSec;VALUE=1 
 PARM;GEOM_ID=XSELHKHPAE;ID=SPXSWNYSQMH;NAME=SectTess_U;GROUP=XSec;VALUE=6 
 PARM;GEOM_ID=XSELHKHPAE;ID=KLDAPPFPRNA;NAME=Spin;GROUP=XSec;VALUE=0 
 PARM;GEOM_ID=XSELHKHPAE;ID=BPLLJECIFKK;NAME=TBSym;GROUP=XSec;VALUE=1 
 PARM;GEOM_ID=XSELHKHPAE;ID=PAGFVYXSOKI;NAME=TopLAngle;GROUP=XSec;VALUE=0 
 PARM;GEOM_ID=XSELHKHPAE;ID=ZHUKPGWOXYR;NAME=TopLAngleSet;GROUP=XSec;VALUE=1 
 PARM;GEOM_ID=XSELHKHPAE;ID=OJEKQZSOQFF;NAME=TopLCurve;GROUP=XSec;VALUE=-0.610809 
 PARM;GEOM_ID=XSELHKHPAE;ID=OTXKRCZDYLU;NAME=TopLCurveSet;GROUP=XSec;VALUE=0 
 PARM;GEOM_ID=XSELHKHPAE;ID=XBMDIQCUAQY;NAME=TopLRAngleEq;GROUP=XSec;VALUE=1 
 PARM;GEOM_ID=XSELHKHPAE;ID=DRAAPMGGNSD;NAME=TopLRCurveEq;GROUP=XSec;VALUE=0 
 PARM;GEOM_ID=XSELHKHPAE;ID=MELBJIDDQTW;NAME=TopLRSlewEq;GROUP=XSec;VALUE=0 
 PARM;GEOM_ID=XSELHKHPAE;ID=STYGRYZXUPN;NAME=TopLRStrengthEq;GROUP=XSec;VALUE=0 
 PARM;GEOM_ID=XSELHKHPAE;ID=QAVOWWQKJXK;NAME=TopLSlew;GROUP=XSec;VALUE=0 
 PARM;GEOM_ID=XSELHKHPAE;ID=LXWVZEIJGLU;NAME=TopLSlewSet;GROUP=XSec;VALUE=1 
 PARM;GEOM_ID=XSELHKHPAE;ID=MZNYBKZKXJW;NAME=TopLStrength;GROUP=XSec;VALUE=1 
 PARM;GEOM_ID=XSELHKHPAE;ID=TSPEIYNTCUN;NAME=TopLStrengthSet;GROUP=XSec;VALUE=1 
 PARM;GEOM_ID=XSELHKHPAE;ID=QAWUFCQEMXM;NAME=TopRAngle;GROUP=XSec;VALUE=0 
 PARM;GEOM_ID=XSELHKHPAE;ID=UDBOMDRWWMU;NAME=TopRAngleSet;GROUP=XSec;VALUE=1 
 PARM;GEOM_ID=XSELHKHPAE;ID=XPNALDKMGMM;NAME=TopRCurve;GROUP=XSec;VALUE=-0.587112 
 PARM;GEOM_ID=XSELHKHPAE;ID=RLNWBXTRZNM;NAME=TopRCurveSet;GROUP=XSec;VALUE=0 
 PARM;GEOM_ID=XSELHKHPAE;ID=EBBESUPZLJY;NAME=TopRSlew;GROUP=XSec;VALUE=0 
 PARM;GEOM_ID=XSELHKHPAE;ID=PUBRKCCBPPL;NAME=TopRSlewSet;GROUP=XSec;VALUE=1 
 PARM;GEOM_ID=XSELHKHPAE;ID=KKTWSAFGGIE;NAME=TopRStrength;GROUP=XSec;VALUE=1 
 PARM;GEOM_ID=XSELHKHPAE;ID=KBXXHYOTUTW;NAME=TopRStrengthSet;GROUP=XSec;VALUE=1 
 PARM;GEOM_ID=XSELHKHPAE;ID=WMYZSSPAVRE;NAME=XLocPercent;GROUP=XSec;VALUE=0.75 
 PARM;GEOM_ID=XSELHKHPAE;ID=UWQPARABDGL;NAME=XRotate;GROUP=XSec;VALUE=0 
 PARM;GEOM_ID=XSELHKHPAE;ID=YDCDGSMSAMU;NAME=YLocPercent;GROUP=XSec;VALUE=0.00409836 
 PARM;GEOM_ID=XSELHKHPAE;ID=BLERPJZKDFK;NAME=YRotate;GROUP=XSec;VALUE=0 
 PARM;GEOM_ID=XSELHKHPAE;ID=EOJXLHWGAPB;NAME=ZLocPercent;GROUP=XSec;VALUE=0.0128074 
 PARM;GEOM_ID=XSELHKHPAE;ID=ILZJPKJIYUS;NAME=ZRotate;GROUP=XSec;VALUE=0 
 PARM;GEOM_ID=XSELHKHPAE;ID=PZVDUMJMUUD;NAME=Area;GROUP=XSecCurve;VALUE=20.324 
 PARM;GEOM_ID=XSELHKHPAE;ID=YRLXTCKCKBP;NAME=DeltaX;GROUP=XSecCurve;VALUE=0 
 PARM;GEOM_ID=XSELHKHPAE;ID=QDKJDGHZEBO;NAME=DeltaY;GROUP=XSecCurve;VALUE=0 
 PARM;GEOM_ID=XSELHKHPAE;ID=QJZSEHLPSSJ;NAME=Ellipse_Height;GROUP=XSecCurve;VALUE=5.57768 
 PARM;GEOM_ID=XSELHKHPAE;ID=UOUXNLQNNTS;NAME=Ellipse_Width;GROUP=XSecCurve;VALUE=4.63909 
 PARM;GEOM_ID=XSELHKHPAE;ID=OLXJTXHCESR;NAME=HWRatio;GROUP=XSecCurve;VALUE=1.20232 
 PARM;GEOM_ID=XSELHKHPAE;ID=KPZKKLVFNCC;NAME=Scale;GROUP=XSecCurve;VALUE=1 
 PARM;GEOM_ID=XSELHKHPAE;ID=CEDIRIXKWHM;NAME=ShiftLE;GROUP=XSecCurve;VALUE=0 
 PARM;GEOM_ID=XSELHKHPAE;ID=RVJUBHFDMOZ;NAME=Theta;GROUP=XSecCurve;VALUE=0 
 PARM;GEOM_ID=XSELHKHPAE;ID=ULPYCJBQZDS;NAME=LE_Cap_Length;GROUP=Cap;VALUE=1 
 PARM;GEOM_ID=XSELHKHPAE;ID=MDWEQGBASZA;NAME=LE_Cap_Offset;GROUP=Cap;VALUE=0 
 PARM;GEOM_ID=XSELHKHPAE;ID=TUOABWEJHLZ;NAME=LE_Cap_Strength;GROUP=Cap;VALUE=0.5 
 PARM;GEOM_ID=XSELHKHPAE;ID=JSEUYNXLYNT;NAME=LE_Cap_Type;GROUP=Cap;VALUE=1 
 PARM;GEOM_ID=XSELHKHPAE;ID=OYXYWZHJIPD;NAME=TE_Cap_Length;GROUP=Cap;VALUE=1 
 PARM;GEOM_ID=XSELHKHPAE;ID=XPYHBEBLNAW;NAME=TE_Cap_Offset;GROUP=Cap;VALUE=0 
 PARM;GEOM_ID=XSELHKHPAE;ID=NBTGYLIWOUL;NAME=TE_Cap_Strength;GROUP=Cap;VALUE=0.5 
 PARM;GEOM_ID=XSELHKHPAE;ID=EQEREHMLNXK;NAME=TE_Cap_Type;GROUP=Cap;VALUE=1 
 PARM;GEOM_ID=XSELHKHPAE;ID=DLTMUZDVQMC;NAME=LE_Close_AbsRel;GROUP=Close;VALUE=0 
 PARM;GEOM_ID=XSELHKHPAE;ID=VULZZNGHCHZ;NAME=LE_Close_Thick;GROUP=Close;VALUE=0 
 PARM;GEOM_ID=XSELHKHPAE;ID=TGLEUCHTHEH;NAME=LE_Close_Thick_Chord;GROUP=Close;VALUE=0 
 PARM;GEOM_ID=XSELHKHPAE;ID=IAISTKZVZCP;NAME=LE_Close_Type;GROUP=Close;VALUE=0 
 PARM;GEOM_ID=XSELHKHPAE;ID=CFMVJMHROBV;NAME=TE_Close_AbsRel;GROUP=Close;VALUE=0 
 PARM;GEOM_ID=XSELHKHPAE;ID=TQWLJVBIPSB;NAME=TE_Close_Thick;GROUP=Close;VALUE=0 
 PARM;GEOM_ID=XSELHKHPAE;ID=REEYDGLCXBU;NAME=TE_Close_Thick_Chord;GROUP=Close;VALUE=0 
 PARM;GEOM_ID=XSELHKHPAE;ID=RTWPFDEKYIW;NAME=TE_Close_Type;GROUP=Close;VALUE=0 
 PARM;GEOM_ID=XSELHKHPAE;ID=FXNKZZBCVNP;NAME=LE_Trim_AbsRel;GROUP=Trim;VALUE=0 
 PARM;GEOM_ID=XSELHKHPAE;ID=HKQPOTVYQGB;NAME=LE_Trim_Thick;GROUP=Trim;VALUE=0 
 PARM;GEOM_ID=XSELHKHPAE;ID=MUHVLRWGRXY;NAME=LE_Trim_Thick_Chord;GROUP=Trim;VALUE=0 
 PARM;GEOM_ID=XSELHKHPAE;ID=WBJAMELYVZP;NAME=LE_Trim_Type;GROUP=Trim;VALUE=0 
 PARM;GEOM_ID=XSELHKHPAE;ID=WTWQXNHYDBD;NAME=LE_Trim_X;GROUP=Trim;VALUE=0 
 PARM;GEOM_ID=XSELHKHPAE;ID=SKJXKEGFPCX;NAME=LE_Trim_X_Chord;GROUP=Trim;VALUE=0 
 PARM;GEOM_ID=XSELHKHPAE;ID=GOBZXOKZSCU;NAME=TE_Trim_AbsRel;GROUP=Trim;VALUE=0 
 PARM;GEOM_ID=XSELHKHPAE;ID=UDAJAOKMRWB;NAME=TE_Trim_Thick;GROUP=Trim;VALUE=0 
 PARM;GEOM_ID=XSELHKHPAE;ID=VJRCFNYUFBV;NAME=TE_Trim_Thick_Chord;GROUP=Trim;VALUE=0 
 PARM;GEOM_ID=XSELHKHPAE;ID=YEJZDPVAAXI;NAME=TE_Trim_Type;GROUP=Trim;VALUE=0 
 PARM;GEOM_ID=XSELHKHPAE;ID=IKXBABCKHKY;NAME=TE_Trim_X;GROUP=Trim;VALUE=0 
 PARM;GEOM_ID=XSELHKHPAE;ID=HTJIHUDVZIV;NAME=TE_Trim_X_Chord;GROUP=Trim;VALUE=0 
 PARM;GEOM_ID=XSELHKHPAE;ID=RASESJISNEV;NAME=TE_Flap_DT;GROUP=Flap;VALUE=0 
 PARM;GEOM_ID=XSELHKHPAE;ID=MBWRSXKQMLQ;NAME=TE_Flap_Deflection;GROUP=Flap;VALUE=0 
 PARM;GEOM_ID=XSELHKHPAE;ID=SIUDSRBOCBL;NAME=TE_Flap_Flag;GROUP=Flap;VALUE=0 
 PARM;GEOM_ID=XSELHKHPAE;ID=WAOCJFLOVFK;NAME=TE_Flap_T;GROUP=Flap;VALUE=0.2 
 PARM;GEOM_ID=XSELHKHPAE;ID=PLTQAVYMRYF;NAME=TE_Flap_Type;GROUP=Flap;VALUE=0 
 PARM;GEOM_ID=XSELHKHPAE;ID=YWPAZRORNMH;NAME=TE_Flap_X;GROUP=Flap;VALUE=0 
 PARM;GEOM_ID=XSELHKHPAE;ID=RZIUSJYMIDO;NAME=TE_Flap_X_Chord;GROUP=Flap;VALUE=0.2 
 PARM;GEOM_ID=XSELHKHPAE;ID=FRSIMILDDWM;NAME=TE_Flap_Y_Frc;GROUP=Flap;VALUE=0.5 
 PARM;GEOM_ID=XSELHKHPAE;ID=EBAJMPEWOEV;NAME=TE_Trim_AbsRel;GROUP=Flap;VALUE=1 
 PARM;GEOM_ID=XSELHKHPAE;ID=QXTLLVZAENS;NAME=XSecFlipImageFlag;GROUP=XSecCurve_Background;VALUE=0 
 PARM;GEOM_ID=XSELHKHPAE;ID=FPIANYIAGFS;NAME=XSecImageFlag;GROUP=XSecCurve_Background;VALUE=0 
 PARM;GEOM_ID=XSELHKHPAE;ID=KZAKHALVQXO;NAME=XSecImageH;GROUP=XSecCurve_Background;VALUE=1 
 PARM;GEOM_ID=XSELHKHPAE;ID=DBYQKWGPZQU;NAME=XSecImagePreserveAR;GROUP=XSecCurve_Background;VALUE=1 
 PARM;GEOM_ID=XSELHKHPAE;ID=FTKEEYTQYAO;NAME=XSecImageW;GROUP=XSecCurve_Background;VALUE=1 
 PARM;GEOM_ID=XSELHKHPAE;ID=AHBASUJEHAN;NAME=XSecImageXOffset;GROUP=XSecCurve_Background;VALUE=0 
 PARM;GEOM_ID=XSELHKHPAE;ID=QTHVWNJPYEU;NAME=XSecImageYOffset;GROUP=XSecCurve_Background;VALUE=0 
 PARM;GEOM_ID=XSELHKHPAE;ID=RYHOXMGQPHV;NAME=XSecLockImageFlag;GROUP=XSecCurve_Background;VALUE=0 
 PARM;GEOM_ID=XSELHKHPAE;ID=JWSJEFITUCO;NAME=AllSym;GROUP=Chevron;VALUE=1 
 PARM;GEOM_ID=XSELHKHPAE;ID=EUZDSKJTRJI;NAME=BottomAmplitude;GROUP=Chevron;VALUE=1 
 PARM;GEOM_ID=XSELHKHPAE;ID=XBCEFSLIFLT;NAME=Bottom_Angle;GROUP=Chevron;VALUE=0 
 PARM;GEOM_ID=XSELHKHPAE;ID=HAZCTKZNDVZ;NAME=Bottom_Slew;GROUP=Chevron;VALUE=0 
 PARM;GEOM_ID=XSELHKHPAE;ID=UJWLOBBZFHZ;NAME=Chevron_Type;GROUP=Chevron;VALUE=0 
 PARM;GEOM_ID=XSELHKHPAE;ID=PVYVSELSPIY;NAME=LeftAmplitude;GROUP=Chevron;VALUE=1 
 PARM;GEOM_ID=XSELHKHPAE;ID=VLLJHFRERIN;NAME=Left_Angle;GROUP=Chevron;VALUE=0 
 PARM;GEOM_ID=XSELHKHPAE;ID=ITLRLPYUWIH;NAME=Left_Slew;GROUP=Chevron;VALUE=0 
 PARM;GEOM_ID=XSELHKHPAE;ID=DGBSDEWSCJT;NAME=Number;GROUP=Chevron;VALUE=8 
 PARM;GEOM_ID=XSELHKHPAE;ID=NPCOAXKDJKB;NAME=Off_Duty;GROUP=Chevron;VALUE=0 
 PARM;GEOM_ID=XSELHKHPAE;ID=CBMJLQWYEES;NAME=On_Duty;GROUP=Chevron;VALUE=0 
 PARM;GEOM_ID=XSELHKHPAE;ID=FPNOWNXQRGH;NAME=Peak_Radius;GROUP=Chevron;VALUE=0 
 PARM;GEOM_ID=XSELHKHPAE;ID=QMLQPKFFLIX;NAME=RLSym;GROUP=Chevron;VALUE=1 
 PARM;GEOM_ID=XSELHKHPAE;ID=FFCHAGYIFGG;NAME=RightAmplitude;GROUP=Chevron;VALUE=1 
 PARM;GEOM_ID=XSELHKHPAE;ID=EGNNDGDKBJL;NAME=Right_Angle;GROUP=Chevron;VALUE=0 
 PARM;GEOM_ID=XSELHKHPAE;ID=LGDROTJSDSH;NAME=Right_Slew;GROUP=Chevron;VALUE=0 
 PARM;GEOM_ID=XSELHKHPAE;ID=LXDPTAQUFLC;NAME=TBSym;GROUP=Chevron;VALUE=1 
 PARM;GEOM_ID=XSELHKHPAE;ID=KMYETYSJRVC;NAME=TopAmplitude;GROUP=Chevron;VALUE=1 
 PARM;GEOM_ID=XSELHKHPAE;ID=YJMAGQKJEJV;NAME=Top_Angle;GROUP=Chevron;VALUE=0 
 PARM;GEOM_ID=XSELHKHPAE;ID=VGGEAITWMCV;NAME=Top_Slew;GROUP=Chevron;VALUE=0 
 PARM;GEOM_ID=XSELHKHPAE;ID=SDTVRBBKPXT;NAME=Valley_Radius;GROUP=Chevron;VALUE=0 
 PARM;GEOM_ID=XSELHKHPAE;ID=WKVHJJUJUFH;NAME=W01_Center;GROUP=Chevron;VALUE=0.25 
 PARM;GEOM_ID=XSELHKHPAE;ID=LWIUTQPVMTA;NAME=W01_Center_Guide;GROUP=Chevron;VALUE=5 
 PARM;GEOM_ID=XSELHKHPAE;ID=BAKHSFEBYVE;NAME=W01_End;GROUP=Chevron;VALUE=0.5 
 PARM;GEOM_ID=XSELHKHPAE;ID=MMUSZOKLCDB;NAME=W01_End_Guide;GROUP=Chevron;VALUE=5 
 PARM;GEOM_ID=XSELHKHPAE;ID=JMIZPWTFTRP;NAME=W01_Mode;GROUP=Chevron;VALUE=0 
 PARM;GEOM_ID=XSELHKHPAE;ID=PAUJRLTZZGS;NAME=W01_Start;GROUP=Chevron;VALUE=0 
 PARM;GEOM_ID=XSELHKHPAE;ID=OKKZGSDXZDQ;NAME=W01_Start_Guide;GROUP=Chevron;VALUE=5 
 PARM;GEOM_ID=XSELHKHPAE;ID=LTXLCTYZDRG;NAME=W01_Width;GROUP=Chevron;VALUE=0.5 
 PARM;GEOM_ID=XSELHKHPAE;ID=BAVLMFOCIDK;NAME=AftCluster;GROUP=XSec;VALUE=1 
 PARM;GEOM_ID=XSELHKHPAE;ID=BEMMZLHZOQF;NAME=AllSym;GROUP=XSec;VALUE=0 
 PARM;GEOM_ID=XSELHKHPAE;ID=XCKDCODCNUO;NAME=BottomLAngle;GROUP=XSec;VALUE=0 
 PARM;GEOM_ID=XSELHKHPAE;ID=NOXTVWXNWNZ;NAME=BottomLAngleSet;GROUP=XSec;VALUE=1 
 PARM;GEOM_ID=XSELHKHPAE;ID=EZEGLTSCSWM;NAME=BottomLCurve;GROUP=XSec;VALUE=1.07941 
 PARM;GEOM_ID=XSELHKHPAE;ID=TYTWTFNFHGF;NAME=BottomLCurveSet;GROUP=XSec;VALUE=0 
 PARM;GEOM_ID=XSELHKHPAE;ID=BCGUCWCEVDW;NAME=BottomLRAngleEq;GROUP=XSec;VALUE=1 
 PARM;GEOM_ID=XSELHKHPAE;ID=EISSIXXMRCE;NAME=BottomLRCurveEq;GROUP=XSec;VALUE=0 
 PARM;GEOM_ID=XSELHKHPAE;ID=ULZNIHPSCDI;NAME=BottomLRSlewEq;GROUP=XSec;VALUE=0 
 PARM;GEOM_ID=XSELHKHPAE;ID=VDCSVQXDEBI;NAME=BottomLRStrengthEq;GROUP=XSec;VALUE=0 
 PARM;GEOM_ID=XSELHKHPAE;ID=JVJTVYQHUNS;NAME=BottomLSlew;GROUP=XSec;VALUE=0 
 PARM;GEOM_ID=XSELHKHPAE;ID=BKDHIFMAOUJ;NAME=BottomLSlewSet;GROUP=XSec;VALUE=1 
 PARM;GEOM_ID=XSELHKHPAE;ID=DAQQJYGZPNI;NAME=BottomLStrength;GROUP=XSec;VALUE=0.75 
 PARM;GEOM_ID=XSELHKHPAE;ID=SRHIVYBERRM;NAME=BottomLStrengthSet;GROUP=XSec;VALUE=1 
 PARM;GEOM_ID=XSELHKHPAE;ID=LRWJWXLPFJL;NAME=BottomRAngle;GROUP=XSec;VALUE=0 
 PARM;GEOM_ID=XSELHKHPAE;ID=EHTGJGRHBQM;NAME=BottomRAngleSet;GROUP=XSec;VALUE=1 
 PARM;GEOM_ID=XSELHKHPAE;ID=IOCUMUBUFCJ;NAME=BottomRCurve;GROUP=XSec;VALUE=1.07941 
 PARM;GEOM_ID=XSELHKHPAE;ID=KTWSDPRZLVD;NAME=BottomRCurveSet;GROUP=XSec;VALUE=0 
 PARM;GEOM_ID=XSELHKHPAE;ID=WPZDSUMBZZA;NAME=BottomRSlew;GROUP=XSec;VALUE=0 
 PARM;GEOM_ID=XSELHKHPAE;ID=UYFCTXLIQGI;NAME=BottomRSlewSet;GROUP=XSec;VALUE=1 
 PARM;GEOM_ID=XSELHKHPAE;ID=HCSLUJXJICY;NAME=BottomRStrength;GROUP=XSec;VALUE=1 
 PARM;GEOM_ID=XSELHKHPAE;ID=MOSTJMLLDJA;NAME=BottomRStrengthSet;GROUP=XSec;VALUE=1 
 PARM;GEOM_ID=XSELHKHPAE;ID=SOAHVQVMNBA;NAME=ContinuityBottom;GROUP=XSec;VALUE=0 
 PARM;GEOM_ID=XSELHKHPAE;ID=VQDULXZIBFE;NAME=ContinuityLeft;GROUP=XSec;VALUE=0 
 PARM;GEOM_ID=XSELHKHPAE;ID=NNZTCUUYJKI;NAME=ContinuityRight;GROUP=XSec;VALUE=0 
 PARM;GEOM_ID=XSELHKHPAE;ID=WIZLYJDEWXL;NAME=ContinuityTop;GROUP=XSec;VALUE=0 
 PARM;GEOM_ID=XSELHKHPAE;ID=GCTOVDRJZIO;NAME=FwdCluster;GROUP=XSec;VALUE=1 
 PARM;GEOM_ID=XSELHKHPAE;ID=XSWDJQAHNIB;NAME=LeftLAngle;GROUP=XSec;VALUE=0 
 PARM;GEOM_ID=XSELHKHPAE;ID=BHCEBSCMCLQ;NAME=LeftLAngleSet;GROUP=XSec;VALUE=1 
 PARM;GEOM_ID=XSELHKHPAE;ID=RWZYQIBPFPB;NAME=LeftLCurve;GROUP=XSec;VALUE=1.03216 
 PARM;GEOM_ID=XSELHKHPAE;ID=ZOBPDJGBRKK;NAME=LeftLCurveSet;GROUP=XSec;VALUE=0 
 PARM;GEOM_ID=XSELHKHPAE;ID=WNLHMRPYEOB;NAME=LeftLRAngleEq;GROUP=XSec;VALUE=1 
 PARM;GEOM_ID=XSELHKHPAE;ID=XNDMIETQYKS;NAME=LeftLRCurveEq;GROUP=XSec;VALUE=0 
 PARM;GEOM_ID=XSELHKHPAE;ID=NFVTRJBVQMO;NAME=LeftLRSlewEq;GROUP=XSec;VALUE=0 
 PARM;GEOM_ID=XSELHKHPAE;ID=TFOTHQKVBWN;NAME=LeftLRStrengthEq;GROUP=XSec;VALUE=0 
 PARM;GEOM_ID=XSELHKHPAE;ID=OLYRBPEABGG;NAME=LeftLSlew;GROUP=XSec;VALUE=0 
 PARM;GEOM_ID=XSELHKHPAE;ID=QKFTJCWLCXA;NAME=LeftLSlewSet;GROUP=XSec;VALUE=1 
 PARM;GEOM_ID=XSELHKHPAE;ID=QTXYFWTTAYG;NAME=LeftLStrength;GROUP=XSec;VALUE=0.75 
 PARM;GEOM_ID=XSELHKHPAE;ID=IAPFAMYKFQC;NAME=LeftLStrengthSet;GROUP=XSec;VALUE=1 
 PARM;GEOM_ID=XSELHKHPAE;ID=ZSSUAFIYUEA;NAME=LeftRAngle;GROUP=XSec;VALUE=0 
 PARM;GEOM_ID=XSELHKHPAE;ID=ROZHRNTUGUN;NAME=LeftRAngleSet;GROUP=XSec;VALUE=1 
 PARM;GEOM_ID=XSELHKHPAE;ID=AIFCAQSHPLB;NAME=LeftRCurve;GROUP=XSec;VALUE=1.03216 
 PARM;GEOM_ID=XSELHKHPAE;ID=YXUXYPRHMAZ;NAME=LeftRCurveSet;GROUP=XSec;VALUE=0 
 PARM;GEOM_ID=XSELHKHPAE;ID=YQFENIRCMHT;NAME=LeftRSlew;GROUP=XSec;VALUE=0 
 PARM;GEOM_ID=XSELHKHPAE;ID=AGGLEZSPCTK;NAME=LeftRSlewSet;GROUP=XSec;VALUE=1 
 PARM;GEOM_ID=XSELHKHPAE;ID=QKTKNEREUCV;NAME=LeftRStrength;GROUP=XSec;VALUE=1 
 PARM;GEOM_ID=XSELHKHPAE;ID=HVRNHXLYVJU;NAME=LeftRStrengthSet;GROUP=XSec;VALUE=1 
 PARM;GEOM_ID=XSELHKHPAE;ID=IAVVXPMGNSQ;NAME=RLSym;GROUP=XSec;VALUE=1 
 PARM;GEOM_ID=XSELHKHPAE;ID=NVPUCOWSING;NAME=RefLength;GROUP=XSec;VALUE=47.7647 
 PARM;GEOM_ID=XSELHKHPAE;ID=WAGXLCLMHTV;NAME=RightLAngle;GROUP=XSec;VALUE=0 
 PARM;GEOM_ID=XSELHKHPAE;ID=YKSKNKXYYZV;NAME=RightLAngleSet;GROUP=XSec;VALUE=1 
 PARM;GEOM_ID=XSELHKHPAE;ID=VATOZQWDNSU;NAME=RightLCurve;GROUP=XSec;VALUE=-1.04562 
 PARM;GEOM_ID=XSELHKHPAE;ID=ZHUGTWKFGMW;NAME=RightLCurveSet;GROUP=XSec;VALUE=0 
 PARM;GEOM_ID=XSELHKHPAE;ID=NAPKRGKDCTI;NAME=RightLRAngleEq;GROUP=XSec;VALUE=1 
 PARM;GEOM_ID=XSELHKHPAE;ID=YZXWNKBLSMN;NAME=RightLRCurveEq;GROUP=XSec;VALUE=0 
 PARM;GEOM_ID=XSELHKHPAE;ID=WOVLYMDQAQP;NAME=RightLRSlewEq;GROUP=XSec;VALUE=0 
 PARM;GEOM_ID=XSELHKHPAE;ID=HUUTNTMEIBW;NAME=RightLRStrengthEq;GROUP=XSec;VALUE=0 
 PARM;GEOM_ID=XSELHKHPAE;ID=GYHDBLBVRQG;NAME=RightLSlew;GROUP=XSec;VALUE=0 
 PARM;GEOM_ID=XSELHKHPAE;ID=ZOFLTBRRRTM;NAME=RightLSlewSet;GROUP=XSec;VALUE=1 
 PARM;GEOM_ID=XSELHKHPAE;ID=SOQGLKLCOQJ;NAME=RightLStrength;GROUP=XSec;VALUE=0.75 
 PARM;GEOM_ID=XSELHKHPAE;ID=QDJJKTGLALM;NAME=RightLStrengthSet;GROUP=XSec;VALUE=1 
 PARM;GEOM_ID=XSELHKHPAE;ID=PHPQQZZVIJM;NAME=RightRAngle;GROUP=XSec;VALUE=0 
 PARM;GEOM_ID=XSELHKHPAE;ID=MLNBBTSVELB;NAME=RightRAngleSet;GROUP=XSec;VALUE=1 
 PARM;GEOM_ID=XSELHKHPAE;ID=LCIFSFLCZKV;NAME=RightRCurve;GROUP=XSec;VALUE=-1.04562 
 PARM;GEOM_ID=XSELHKHPAE;ID=VRPCQZIFOKN;NAME=RightRCurveSet;GROUP=XSec;VALUE=0 
 PARM;GEOM_ID=XSELHKHPAE;ID=GIGFEZKQMJP;NAME=RightRSlew;GROUP=XSec;VALUE=0 
 PARM;GEOM_ID=XSELHKHPAE;ID=ASYZFETCYFB;NAME=RightRSlewSet;GROUP=XSec;VALUE=1 
 PARM;GEOM_ID=XSELHKHPAE;ID=EGFZONIDPMP;NAME=RightRStrength;GROUP=XSec;VALUE=1 
 PARM;GEOM_ID=XSELHKHPAE;ID=ZSAGCAFRTUZ;NAME=RightRStrengthSet;GROUP=XSec;VALUE=1 
 PARM;GEOM_ID=XSELHKHPAE;ID=ZGMKTGEKFXY;NAME=SectTess_U;GROUP=XSec;VALUE=6 
 PARM;GEOM_ID=XSELHKHPAE;ID=SXRKZYOYNME;NAME=Spin;GROUP=XSec;VALUE=0 
 PARM;GEOM_ID=XSELHKHPAE;ID=EIKLREULNGG;NAME=TBSym;GROUP=XSec;VALUE=1 
 PARM;GEOM_ID=XSELHKHPAE;ID=WHFRLFWRQVS;NAME=TopLAngle;GROUP=XSec;VALUE=0 
 PARM;GEOM_ID=XSELHKHPAE;ID=RVRKCENIXCQ;NAME=TopLAngleSet;GROUP=XSec;VALUE=1 
 PARM;GEOM_ID=XSELHKHPAE;ID=LIYAMGSLEOI;NAME=TopLCurve;GROUP=XSec;VALUE=1.04017 
 PARM;GEOM_ID=XSELHKHPAE;ID=AKASVVHFBPW;NAME=TopLCurveSet;GROUP=XSec;VALUE=0 
 PARM;GEOM_ID=XSELHKHPAE;ID=MKJPHRJXWEZ;NAME=TopLRAngleEq;GROUP=XSec;VALUE=1 
 PARM;GEOM_ID=XSELHKHPAE;ID=RNAYHYDYIAU;NAME=TopLRCurveEq;GROUP=XSec;VALUE=0 
 PARM;GEOM_ID=XSELHKHPAE;ID=KFQKFLDBJCD;NAME=TopLRSlewEq;GROUP=XSec;VALUE=0 
 PARM;GEOM_ID=XSELHKHPAE;ID=NTXJCKPPBTY;NAME=TopLRStrengthEq;GROUP=XSec;VALUE=0 
 PARM;GEOM_ID=XSELHKHPAE;ID=JWWYBYQLHIP;NAME=TopLSlew;GROUP=XSec;VALUE=0 
 PARM;GEOM_ID=XSELHKHPAE;ID=DHCVMPNCAMV;NAME=TopLSlewSet;GROUP=XSec;VALUE=1 
 PARM;GEOM_ID=XSELHKHPAE;ID=XZSCZSVHMHT;NAME=TopLStrength;GROUP=XSec;VALUE=0.75 
 PARM;GEOM_ID=XSELHKHPAE;ID=TNGEYCCUHWX;NAME=TopLStrengthSet;GROUP=XSec;VALUE=1 
 PARM;GEOM_ID=XSELHKHPAE;ID=QVQWKQFIZOT;NAME=TopRAngle;GROUP=XSec;VALUE=0 
 PARM;GEOM_ID=XSELHKHPAE;ID=WRKPCXSRMCT;NAME=TopRAngleSet;GROUP=XSec;VALUE=1 
 PARM;GEOM_ID=XSELHKHPAE;ID=DBZVRWYYVBC;NAME=TopRCurve;GROUP=XSec;VALUE=1.04017 
 PARM;GEOM_ID=XSELHKHPAE;ID=HBAULVKMETG;NAME=TopRCurveSet;GROUP=XSec;VALUE=0 
 PARM;GEOM_ID=XSELHKHPAE;ID=CAKXYTRIGSF;NAME=TopRSlew;GROUP=XSec;VALUE=0 
 PARM;GEOM_ID=XSELHKHPAE;ID=DCHTUFWFWJI;NAME=TopRSlewSet;GROUP=XSec;VALUE=1 
 PARM;GEOM_ID=XSELHKHPAE;ID=CCJAQBLDPMR;NAME=TopRStrength;GROUP=XSec;VALUE=1 
 PARM;GEOM_ID=XSELHKHPAE;ID=UPFWYEYNASD;NAME=TopRStrengthSet;GROUP=XSec;VALUE=1 
 PARM;GEOM_ID=XSELHKHPAE;ID=LHXULOCKDNK;NAME=XLocPercent;GROUP=XSec;VALUE=1 
 PARM;GEOM_ID=XSELHKHPAE;ID=XTSIEUHFHDU;NAME=XRotate;GROUP=XSec;VALUE=0 
 PARM;GEOM_ID=XSELHKHPAE;ID=FIGOARQWZBN;NAME=YLocPercent;GROUP=XSec;VALUE=0.01639 
 PARM;GEOM_ID=XSELHKHPAE;ID=IKWVBOYLHWU;NAME=YRotate;GROUP=XSec;VALUE=0 
 PARM;GEOM_ID=XSELHKHPAE;ID=PBKDENYDWVJ;NAME=ZLocPercent;GROUP=XSec;VALUE=0.01691 
 PARM;GEOM_ID=XSELHKHPAE;ID=CTNOQPSOWTF;NAME=ZRotate;GROUP=XSec;VALUE=0 
 PARM;GEOM_ID=XSELHKHPAE;ID=DYQIHWUNMCH;NAME=Area;GROUP=XSecCurve;VALUE=17.6013 
 PARM;GEOM_ID=XSELHKHPAE;ID=LXTZVDINHBN;NAME=Circle_Diameter;GROUP=XSecCurve;VALUE=4.73381 
 PARM;GEOM_ID=XSELHKHPAE;ID=BXBATEWJLUE;NAME=DeltaX;GROUP=XSecCurve;VALUE=0 
 PARM;GEOM_ID=XSELHKHPAE;ID=ZWRIIRQMLNW;NAME=DeltaY;GROUP=XSecCurve;VALUE=0 
 PARM;GEOM_ID=XSELHKHPAE;ID=AHVDLEOYWLN;NAME=HWRatio;GROUP=XSecCurve;VALUE=1 
 PARM;GEOM_ID=XSELHKHPAE;ID=KFMWHOKTTVB;NAME=Scale;GROUP=XSecCurve;VALUE=1 
 PARM;GEOM_ID=XSELHKHPAE;ID=XDHODAVAPII;NAME=ShiftLE;GROUP=XSecCurve;VALUE=0 
 PARM;GEOM_ID=XSELHKHPAE;ID=DZAFAKOTEMS;NAME=Theta;GROUP=XSecCurve;VALUE=0 
 PARM;GEOM_ID=XSELHKHPAE;ID=DDQFJVRLSOH;NAME=LE_Cap_Length;GROUP=Cap;VALUE=1 
 PARM;GEOM_ID=XSELHKHPAE;ID=OIXMLHEEFFS;NAME=LE_Cap_Offset;GROUP=Cap;VALUE=0 
 PARM;GEOM_ID=XSELHKHPAE;ID=EBXODWTJERL;NAME=LE_Cap_Strength;GROUP=Cap;VALUE=0.5 
 PARM;GEOM_ID=XSELHKHPAE;ID=GIMYBCVJAEU;NAME=LE_Cap_Type;GROUP=Cap;VALUE=1 
 PARM;GEOM_ID=XSELHKHPAE;ID=YEAYSHXDLFW;NAME=TE_Cap_Length;GROUP=Cap;VALUE=1 
 PARM;GEOM_ID=XSELHKHPAE;ID=KKRHIPJVRUK;NAME=TE_Cap_Offset;GROUP=Cap;VALUE=0 
 PARM;GEOM_ID=XSELHKHPAE;ID=MSQHGXQMUIW;NAME=TE_Cap_Strength;GROUP=Cap;VALUE=0.5 
 PARM;GEOM_ID=XSELHKHPAE;ID=ZOSWKQMCLGO;NAME=TE_Cap_Type;GROUP=Cap;VALUE=1 
 PARM;GEOM_ID=XSELHKHPAE;ID=WDODJBJKRJT;NAME=LE_Close_AbsRel;GROUP=Close;VALUE=0 
 PARM;GEOM_ID=XSELHKHPAE;ID=CPCLYXYCZKU;NAME=LE_Close_Thick;GROUP=Close;VALUE=0 
 PARM;GEOM_ID=XSELHKHPAE;ID=PJQRTFCSHPB;NAME=LE_Close_Thick_Chord;GROUP=Close;VALUE=0 
 PARM;GEOM_ID=XSELHKHPAE;ID=DHZATWUHGTQ;NAME=LE_Close_Type;GROUP=Close;VALUE=0 
 PARM;GEOM_ID=XSELHKHPAE;ID=IDBIGLSGFFV;NAME=TE_Close_AbsRel;GROUP=Close;VALUE=0 
 PARM;GEOM_ID=XSELHKHPAE;ID=IIAYXPAVGUW;NAME=TE_Close_Thick;GROUP=Close;VALUE=0 
 PARM;GEOM_ID=XSELHKHPAE;ID=XWFHYHSWQKG;NAME=TE_Close_Thick_Chord;GROUP=Close;VALUE=0 
 PARM;GEOM_ID=XSELHKHPAE;ID=QBADFUFTLQU;NAME=TE_Close_Type;GROUP=Close;VALUE=0 
 PARM;GEOM_ID=XSELHKHPAE;ID=JOOPDUOYWIH;NAME=LE_Trim_AbsRel;GROUP=Trim;VALUE=0 
 PARM;GEOM_ID=XSELHKHPAE;ID=ZDDBSPEJGKO;NAME=LE_Trim_Thick;GROUP=Trim;VALUE=0 
 PARM;GEOM_ID=XSELHKHPAE;ID=TVLQAMOUQWU;NAME=LE_Trim_Thick_Chord;GROUP=Trim;VALUE=0 
 PARM;GEOM_ID=XSELHKHPAE;ID=RZRXRKFNSCU;NAME=LE_Trim_Type;GROUP=Trim;VALUE=0 
 PARM;GEOM_ID=XSELHKHPAE;ID=ORWBCVABFVF;NAME=LE_Trim_X;GROUP=Trim;VALUE=0 
 PARM;GEOM_ID=XSELHKHPAE;ID=ENTVPESMQRM;NAME=LE_Trim_X_Chord;GROUP=Trim;VALUE=0 
 PARM;GEOM_ID=XSELHKHPAE;ID=SDCNLVRCQNL;NAME=TE_Trim_AbsRel;GROUP=Trim;VALUE=0 
 PARM;GEOM_ID=XSELHKHPAE;ID=IIBWJUAAANE;NAME=TE_Trim_Thick;GROUP=Trim;VALUE=0 
 PARM;GEOM_ID=XSELHKHPAE;ID=UNVNPCSSFRK;NAME=TE_Trim_Thick_Chord;GROUP=Trim;VALUE=0 
 PARM;GEOM_ID=XSELHKHPAE;ID=GBIDFHYFMMZ;NAME=TE_Trim_Type;GROUP=Trim;VALUE=0 
 PARM;GEOM_ID=XSELHKHPAE;ID=HCPEKVPLNFB;NAME=TE_Trim_X;GROUP=Trim;VALUE=0 
 PARM;GEOM_ID=XSELHKHPAE;ID=IYIMQMXZWHZ;NAME=TE_Trim_X_Chord;GROUP=Trim;VALUE=0 
 PARM;GEOM_ID=XSELHKHPAE;ID=ITDFNFXQRXD;NAME=TE_Flap_DT;GROUP=Flap;VALUE=0 
 PARM;GEOM_ID=XSELHKHPAE;ID=FEVUUQHSUXS;NAME=TE_Flap_Deflection;GROUP=Flap;VALUE=0 
 PARM;GEOM_ID=XSELHKHPAE;ID=FJXMYRAOOZU;NAME=TE_Flap_Flag;GROUP=Flap;VALUE=0 
 PARM;GEOM_ID=XSELHKHPAE;ID=EZRJYPWJPDN;NAME=TE_Flap_T;GROUP=Flap;VALUE=0.2 
 PARM;GEOM_ID=XSELHKHPAE;ID=FLKZFQYVOJH;NAME=TE_Flap_Type;GROUP=Flap;VALUE=0 
 PARM;GEOM_ID=XSELHKHPAE;ID=OZIOGLOXZZW;NAME=TE_Flap_X;GROUP=Flap;VALUE=0 
 PARM;GEOM_ID=XSELHKHPAE;ID=TVSSUTOLJFF;NAME=TE_Flap_X_Chord;GROUP=Flap;VALUE=0.2 
 PARM;GEOM_ID=XSELHKHPAE;ID=TIJQUKJIEWH;NAME=TE_Flap_Y_Frc;GROUP=Flap;VALUE=0.5 
 PARM;GEOM_ID=XSELHKHPAE;ID=RZOFZLVCZQZ;NAME=TE_Trim_AbsRel;GROUP=Flap;VALUE=1 
 PARM;GEOM_ID=XSELHKHPAE;ID=TBWDPTIVJQF;NAME=XSecFlipImageFlag;GROUP=XSecCurve_Background;VALUE=0 
 PARM;GEOM_ID=XSELHKHPAE;ID=JDFMETBDHCL;NAME=XSecImageFlag;GROUP=XSecCurve_Background;VALUE=0 
 PARM;GEOM_ID=XSELHKHPAE;ID=GBNGQULWOON;NAME=XSecImageH;GROUP=XSecCurve_Background;VALUE=1 
 PARM;GEOM_ID=XSELHKHPAE;ID=CNSMGZOKERY;NAME=XSecImagePreserveAR;GROUP=XSecCurve_Background;VALUE=1 
 PARM;GEOM_ID=XSELHKHPAE;ID=PQVHLAUKCRX;NAME=XSecImageW;GROUP=XSecCurve_Background;VALUE=1 
 PARM;GEOM_ID=XSELHKHPAE;ID=UPAWXSFVWXC;NAME=XSecImageXOffset;GROUP=XSecCurve_Background;VALUE=0 
 PARM;GEOM_ID=XSELHKHPAE;ID=TAEBRVIMCFI;NAME=XSecImageYOffset;GROUP=XSecCurve_Background;VALUE=0 
 PARM;GEOM_ID=XSELHKHPAE;ID=XPUUMCCOLHN;NAME=XSecLockImageFlag;GROUP=XSecCurve_Background;VALUE=0 
 PARM;GEOM_ID=XSELHKHPAE;ID=XBYITBQAWHN;NAME=AllSym;GROUP=Chevron;VALUE=1 
 PARM;GEOM_ID=XSELHKHPAE;ID=FXHRUBCRVIJ;NAME=BottomAmplitude;GROUP=Chevron;VALUE=1 
 PARM;GEOM_ID=XSELHKHPAE;ID=JZDPRUOGWUX;NAME=Bottom_Angle;GROUP=Chevron;VALUE=0 
 PARM;GEOM_ID=XSELHKHPAE;ID=DNDCIDQRZPD;NAME=Bottom_Slew;GROUP=Chevron;VALUE=0 
 PARM;GEOM_ID=XSELHKHPAE;ID=DLWWCNLRVES;NAME=Chevron_Type;GROUP=Chevron;VALUE=0 
 PARM;GEOM_ID=XSELHKHPAE;ID=FAZXDQCYVZV;NAME=LeftAmplitude;GROUP=Chevron;VALUE=1 
 PARM;GEOM_ID=XSELHKHPAE;ID=XIUOJPOSTEF;NAME=Left_Angle;GROUP=Chevron;VALUE=0 
 PARM;GEOM_ID=XSELHKHPAE;ID=UDNXCOPNZSA;NAME=Left_Slew;GROUP=Chevron;VALUE=0 
 PARM;GEOM_ID=XSELHKHPAE;ID=MMGYMWEKNQZ;NAME=Number;GROUP=Chevron;VALUE=8 
 PARM;GEOM_ID=XSELHKHPAE;ID=JBMIJDFMBZG;NAME=Off_Duty;GROUP=Chevron;VALUE=0 
 PARM;GEOM_ID=XSELHKHPAE;ID=CYTCZKHWWIU;NAME=On_Duty;GROUP=Chevron;VALUE=0 
 PARM;GEOM_ID=XSELHKHPAE;ID=BVLVRAXIHJC;NAME=Peak_Radius;GROUP=Chevron;VALUE=0 
 PARM;GEOM_ID=XSELHKHPAE;ID=VUAKTDWITOP;NAME=RLSym;GROUP=Chevron;VALUE=1 
 PARM;GEOM_ID=XSELHKHPAE;ID=HHPVPYDIVYR;NAME=RightAmplitude;GROUP=Chevron;VALUE=1 
 PARM;GEOM_ID=XSELHKHPAE;ID=NKWSOODTDLS;NAME=Right_Angle;GROUP=Chevron;VALUE=0 
 PARM;GEOM_ID=XSELHKHPAE;ID=WWZDYLBZQVG;NAME=Right_Slew;GROUP=Chevron;VALUE=0 
 PARM;GEOM_ID=XSELHKHPAE;ID=TILMRTVFGCI;NAME=TBSym;GROUP=Chevron;VALUE=1 
 PARM;GEOM_ID=XSELHKHPAE;ID=LHQFAJLAFRP;NAME=TopAmplitude;GROUP=Chevron;VALUE=1 
 PARM;GEOM_ID=XSELHKHPAE;ID=TSCOCGLLRLM;NAME=Top_Angle;GROUP=Chevron;VALUE=0 
 PARM;GEOM_ID=XSELHKHPAE;ID=EWABZTUPWSH;NAME=Top_Slew;GROUP=Chevron;VALUE=0 
 PARM;GEOM_ID=XSELHKHPAE;ID=NHQXDFKDUVL;NAME=Valley_Radius;GROUP=Chevron;VALUE=0 
 PARM;GEOM_ID=XSELHKHPAE;ID=MOGCUGCSADV;NAME=W01_Center;GROUP=Chevron;VALUE=0.25 
 PARM;GEOM_ID=XSELHKHPAE;ID=GJVRQZLHXTC;NAME=W01_Center_Guide;GROUP=Chevron;VALUE=5 
 PARM;GEOM_ID=XSELHKHPAE;ID=IAETNBFMDEG;NAME=W01_End;GROUP=Chevron;VALUE=0.5 
 PARM;GEOM_ID=XSELHKHPAE;ID=LNEYVQXQSSO;NAME=W01_End_Guide;GROUP=Chevron;VALUE=5 
 PARM;GEOM_ID=XSELHKHPAE;ID=QMVCBURECXJ;NAME=W01_Mode;GROUP=Chevron;VALUE=0 
 PARM;GEOM_ID=XSELHKHPAE;ID=EOMIJLPNFJN;NAME=W01_Start;GROUP=Chevron;VALUE=0 
 PARM;GEOM_ID=XSELHKHPAE;ID=GOJVYXZLRVI;NAME=W01_Start_Guide;GROUP=Chevron;VALUE=5 
 PARM;GEOM_ID=XSELHKHPAE;ID=ZYROTZINEPK;NAME=W01_Width;GROUP=Chevron;VALUE=0.5 
 REPAIRMACH_INVENTORY_END 
