Results_Name,VSPAERO_Wrapper
Results_Timestamp,1789027906
Results_Date,9,10,2026
Results_Time,11,11,46
Analysis_Duration_Sec,5.555199999999999960e+01
ResultsVec,VSPAERO_History,VSPAERO_Polar,VSPAERO_Load,CpSlice_Wrapper
Results_Name,VSPAERO_History
Results_Timestamp,1789027904
Results_Date,9,10,2026
Results_Time,11,11,44
Alpha,5.000000000000000000e+00,5.000000000000000000e+00,5.000000000000000000e+00,5.000000000000000000e+00,5.000000000000000000e+00,5.000000000000000000e+00,5.000000000000000000e+00,5.000000000000000000e+00
Beta,0.000000000000000000e+00,0.000000000000000000e+00,0.000000000000000000e+00,0.000000000000000000e+00,0.000000000000000000e+00,0.000000000000000000e+00,0.000000000000000000e+00,0.000000000000000000e+00
CDi,0.000000000000000000e+00,1.016331507799999971e-02,1.021673291299999946e-02,1.016216795699999981e-02,1.021687158999999914e-02,1.019933725399999914e-02,1.018109877300000035e-02,1.014757116199999955e-02
CDiw,0.000000000000000000e+00,9.027384375999999641e-03,9.071396013999999744e-03,9.003058488999999762e-03,9.072857133000000046e-03,9.074310368000000626e-03,9.055653686000000174e-03,9.023008274999999231e-03
CDo,7.240797977999999767e-03,7.761977064999999940e-03,7.770357541999999874e-03,7.770100813000000058e-03,7.771634407999999591e-03,7.770552114000000427e-03,7.769308647000000394e-03,7.768115146999999762e-03
CDtot,7.240797977999999767e-03,1.792529214200000096e-02,1.798709045500000020e-02,1.793226876900000030e-02,1.798850599800000047e-02,1.796988936900000000e-02,1.795040742000000161e-02,1.791568630899999931e-02
CDwtot,7.240797977999999767e-03,1.678936144099999958e-02,1.684175355600000049e-02,1.677315930200000069e-02,1.684449154100000137e-02,1.684486248200000105e-02,1.682496233199999927e-02,1.679112342199999899e-02
CFxi,0.000000000000000000e+00,-1.500764899400000053e-02,-1.507863777900000056e-02,-1.511817403800000056e-02,-1.509999915399999962e-02,-1.508221610500000073e-02,-1.505921730999999937e-02,-1.506258534199999936e-02
CFxiw,0.000000000000000000e+00,-1.616715018200000006e-02,-1.625092535300000016e-02,-1.630098966800000090e-02,-1.626621082699999943e-02,-1.622893186000000029e-02,-1.620700181799999973e-02,-1.620624933300000153e-02
CFxo,7.268456650000000401e-03,7.791626555999999794e-03,7.800039045999999747e-03,7.799781335000000385e-03,7.801320789000000359e-03,7.800234361000000366e-03,7.798986144000000231e-03,7.797788083999999606e-03
CFxtot,7.268456650000000401e-03,-7.216022437999999872e-03,-7.278598732999999946e-03,-7.318392703000000180e-03,-7.298678365000000126e-03,-7.281981744000000367e-03,-7.260231166000000007e-03,-7.264797257999999758e-03
CFxwtot,7.268456650000000401e-03,-8.375523625999999403e-03,-8.450886307999999972e-03,-8.501208332000000090e-03,-8.464890036999999506e-03,-8.428697498999999926e-03,-8.408015674999999925e-03,-8.408461249000000193e-03
CFyi,0.000000000000000000e+00,-2.467461999999999890e-06,-2.501029900000000067e-05,-4.657562000000000317e-05,-4.116929199999999709e-05,-3.329737299999999681e-05,-3.350965499999999892e-05,-2.738807299999999903e-05
CFyiw,0.000000000000000000e+00,-2.217710899999999943e-05,-3.270598000000000022e-06,-2.074470999999999878e-05,-1.819103399999999880e-05,-1.006188899999999924e-05,-9.047601000000000655e-06,-1.435440999999999916e-06
CFyo,0.000000000000000000e+00,0.000000000000000000e+00,0.000000000000000000e+00,0.000000000000000000e+00,0.000000000000000000e+00,0.000000000000000000e+00,0.000000000000000000e+00,0.000000000000000000e+00
CFytot,0.000000000000000000e+00,-2.467461999999999890e-06,-2.501029900000000067e-05,-4.657562000000000317e-05,-4.116929199999999709e-05,-3.329737299999999681e-05,-3.350965499999999892e-05,-2.738807299999999903e-05
CFywtot,0.000000000000000000e+00,-2.217710899999999943e-05,-3.270598000000000022e-06,-2.074470999999999878e-05,-1.819103399999999880e-05,-1.006188899999999924e-05,-9.047601000000000655e-06,-1.435440999999999916e-06
CFzi,0.000000000000000000e+00,2.881491757649999874e-01,2.895734822120000218e-01,2.893993210710000263e-01,2.898192349939999746e-01,2.894147898719999779e-01,2.889426493350000236e-01,2.885964599340000158e-01
CFziw,0.000000000000000000e+00,2.883689918580000233e-01,2.898315233559999871e-01,2.896196759260000198e-01,2.900230015809999728e-01,2.896135750330000036e-01,2.891488520930000083e-01,2.887656870690000210e-01
CFzo,0.000000000000000000e+00,0.000000000000000000e+00,0.000000000000000000e+00,0.000000000000000000e+00,0.000000000000000000e+00,0.000000000000000000e+00,0.000000000000000000e+00,0.000000000000000000e+00
CFztot,0.000000000000000000e+00,2.881491757649999874e-01,2.895734822120000218e-01,2.893993210710000263e-01,2.898192349939999746e-01,2.894147898719999779e-01,2.889426493350000236e-01,2.885964599340000158e-01
CFzwtot,0.000000000000000000e+00,2.883689918580000233e-01,2.898315233559999871e-01,2.896196759260000198e-01,2.900230015809999728e-01,2.896135750330000036e-01,2.891488520930000083e-01,2.887656870690000210e-01
CLi,0.000000000000000000e+00,2.883606839510000075e-01,2.897857575630000126e-01,2.896157049699999986e-01,2.900324369469999830e-01,2.896279809660000093e-01,2.891556325899999891e-01,2.888110540880000077e-01
CLiw,0.000000000000000000e+00,2.886807207659999874e-01,2.901449883760000015e-01,2.899383104819999724e-01,2.903370701860000236e-01,2.899259525539999993e-01,2.894610866960000140e-01,2.890793141469999994e-01
CLo,-6.334877380000000476e-04,-6.790849999999999534e-04,-6.798181959999999779e-04,-6.797957359999999517e-04,-6.799299079999999648e-04,-6.798352190000000453e-04,-6.797264299999999796e-04,-6.796220120000000123e-04
CLtot,-6.334877380000000476e-04,2.876815989520000172e-01,2.891059393659999865e-01,2.889359092339999768e-01,2.893525070399999843e-01,2.889481457470000070e-01,2.884759061600000174e-01,2.881314320760000047e-01
CLwtot,-6.334877380000000476e-04,2.880016357660000192e-01,2.894651701800000088e-01,2.892585147469999840e-01,2.896571402779999915e-01,2.892461173349999970e-01,2.887813602659999868e-01,2.883996921349999965e-01
CMxi,0.000000000000000000e+00,5.312674119999999606e-04,-2.997484499999999947e-05,-2.918332199999999909e-05,-2.007450800000000089e-05,-3.087409799999999755e-05,-3.726517200000000032e-05,-3.580808100000000164e-05
CMxo,0.000000000000000000e+00,0.000000000000000000e+00,0.000000000000000000e+00,0.000000000000000000e+00,0.000000000000000000e+00,0.000000000000000000e+00,0.000000000000000000e+00,0.000000000000000000e+00
CMxtot,0.000000000000000000e+00,5.312674119999999606e-04,-2.997484499999999947e-05,-2.918332199999999909e-05,-2.007450800000000089e-05,-3.087409799999999755e-05,-3.726517200000000032e-05,-3.580808100000000164e-05
CMyi,0.000000000000000000e+00,-2.459233973700000048e-02,-2.528246266899999983e-02,-2.517570224000000023e-02,-2.525749544499999999e-02,-2.508739867000000026e-02,-2.481994898200000008e-02,-2.467798493599999976e-02
CMyo,8.359106810000000278e-04,9.030527899999999872e-04,9.041613659999999525e-04,9.041500739999999703e-04,9.043598300000000234e-04,9.042483850000000538e-04,9.041471880000000096e-04,9.040253359999999910e-04
CMytot,8.359106810000000278e-04,-2.368928694600000093e-02,-2.437830130300000162e-02,-2.427155216600000026e-02,-2.435313561400000160e-02,-2.418315028499999977e-02,-2.391580179500000028e-02,-2.377395960100000052e-02
CMzi,0.000000000000000000e+00,2.306296500000000019e-05,-6.236652000000000305e-06,-1.430547500000000045e-05,-1.217109099999999978e-05,-9.663422999999999246e-06,-1.016131499999999980e-05,-7.761829000000000119e-06
CMzo,-0.000000000000000000e+00,-3.430683000000000201e-06,1.434730000000000037e-07,1.472169999999999874e-07,1.046300000000000045e-07,1.605920000000000129e-07,1.881869999999999897e-07,1.793770000000000054e-07
CMztot,-0.000000000000000000e+00,1.963228199999999914e-05,-6.093178999999999586e-06,-1.415825900000000081e-05,-1.206646100000000041e-05,-9.502830999999999683e-06,-9.973129000000000445e-06,-7.582452000000000193e-06
CSi,0.000000000000000000e+00,-2.467461999999999890e-06,-2.501029900000000067e-05,-4.657562000000000317e-05,-4.116929199999999709e-05,-3.329737299999999681e-05,-3.350965499999999892e-05,-2.738807299999999903e-05
CSiw,0.000000000000000000e+00,-2.217710899999999943e-05,-3.270598000000000022e-06,-2.074470999999999878e-05,-1.819103399999999880e-05,-1.006188899999999924e-05,-9.047601000000000655e-06,-1.435440999999999916e-06
CSo,0.000000000000000000e+00,0.000000000000000000e+00,0.000000000000000000e+00,0.000000000000000000e+00,0.000000000000000000e+00,0.000000000000000000e+00,0.000000000000000000e+00,0.000000000000000000e+00
CStot,0.000000000000000000e+00,-2.467461999999999890e-06,-2.501029900000000067e-05,-4.657562000000000317e-05,-4.116929199999999709e-05,-3.329737299999999681e-05,-3.350965499999999892e-05,-2.738807299999999903e-05
CSwtot,0.000000000000000000e+00,-2.217710899999999943e-05,-3.270598000000000022e-06,-2.074470999999999878e-05,-1.819103399999999880e-05,-1.006188899999999924e-05,-9.047601000000000655e-06,-1.435440999999999916e-06
E,0.000000000000000000e+00,8.680918267399999610e-01,8.721094582980000176e-01,8.757634413860000411e-01,8.735829945190000112e-01,8.726458826320000473e-01,8.713600110850000524e-01,8.721566179009999642e-01
Ew,0.000000000000000000e+00,9.794958272739999749e-01,9.846570240740000202e-01,9.907181037979999605e-01,9.858023990309999762e-01,9.828551532100000543e-01,9.817242840009999805e-01,9.826789171730000438e-01
FC_AoA_,5.000000000000000000e+00
FC_Beta_,0.000000000000000000e+00
FC_Bref_,3.236999999999999744e+01
FC_Cref_,1.438667000000000051e+01
FC_Mach_,1.000000000000000021e-03
FC_Pitch_Rate,0.000000000000000000e+00
FC_ReCref_,1.000000000000000000e+07
FC_Rho_,2.377000000000000206e-03
FC_Roll__Rate,0.000000000000000000e+00
FC_Sref_,3.492722999999999729e+02
FC_Vinf_,1.000000000000000000e+02
FC_Xcg_,2.955000000000000071e+01
FC_Yaw___Rate,0.000000000000000000e+00
FC_Ycg_,0.000000000000000000e+00
FC_Zcg_,0.000000000000000000e+00
L/D,0.000000000000000000e+00,1.608680526180100046e+01,1.611076334411900035e+01,1.615053335941900059e+01,1.612320872984100006e+01,1.611740478902200024e+01,1.610858326653699990e+01,1.612056881942200093e+01
L/Dw,0.000000000000000000e+00,1.719426446221600102e+01,1.722771844464200086e+01,1.728584968802400113e+01,1.723632140933300150e+01,1.721153573474600051e+01,1.720426358052199944e+01,1.721619851680700108e+01
Mach,1.000000000000000021e-03,1.000000000000000021e-03,1.000000000000000021e-03,1.000000000000000021e-03,1.000000000000000021e-03,1.000000000000000021e-03,1.000000000000000021e-03,1.000000000000000021e-03
T/QS,0.000000000000000000e+00,0.000000000000000000e+00,0.000000000000000000e+00,0.000000000000000000e+00,0.000000000000000000e+00,0.000000000000000000e+00,0.000000000000000000e+00,0.000000000000000000e+00
WakeIter,1,2,3,4,5,6,7,8
WallTime,3.603000000003000025e+00,1.014199999999999946e+01,1.581000000000499917e+01,2.185700000000399967e+01,2.786300000000500177e+01,3.382400000000099993e+01,3.980900000000099936e+01,4.679800000000300031e+01
log10( L2Residual ),5.582519168699999756e-01,-5.098199478649999561e-01,-5.688328775950000082e-01,-7.027461629379999630e-01,-8.078588646050000044e-01,-9.157507589729999564e-01,-9.062880141060000172e-01,-6.869629561050000222e-01
log10( MaxResidual ),9.402960083300000438e-01,1.375086317674000025e+00,6.124862334189999924e-01,5.783972401729999824e-01,4.884015828080000010e-01,4.749857256430000119e-01,8.535714024920000309e-01,1.244344567913000077e+00
Results_Name,VSPAERO_Polar
Results_Timestamp,1789027904
Results_Date,9,10,2026
Results_Time,11,11,44
Alpha,5.000000000000000000e+00
Beta,0.000000000000000000e+00
CDi,1.014757116199999955e-02
CDiw,9.023008274999999231e-03
CDo,7.768115146999999762e-03
CDtot,1.791568630899999931e-02
CDwtot,1.679112342199999899e-02
CFix,-1.506258534199999936e-02
CFiy,-2.738807299999999903e-05
CFiz,2.885964599340000158e-01
CFox,7.797788083999999606e-03
CFoy,0.000000000000000000e+00
CFoz,0.000000000000000000e+00
CFxtot,-7.264797257999999758e-03
CFytot,-2.738807299999999903e-05
CFztot,2.885964599340000158e-01
CLi,2.888110540880000077e-01
CLiw,2.890793141469999994e-01
CLo,-6.796220120000000123e-04
CLtot,2.881314320760000047e-01
CLwtot,2.883996921349999965e-01
CMix,-3.580808100000000164e-05
CMiy,-2.467798493599999976e-02
CMiz,-7.761829000000000119e-06
CMox,0.000000000000000000e+00
CMoy,9.040253359999999910e-04
CMoz,1.793770000000000054e-07
CMxtot,-3.580808100000000164e-05
CMytot,-2.377395960100000052e-02
CMztot,-7.582452000000000193e-06
CSi,-2.738807299999999903e-05
CSiw,-1.435440999999999916e-06
CSo,0.000000000000000000e+00
CStot,-2.738807299999999903e-05
CSwtot,-1.435440999999999916e-06
E,8.680567787740000041e-01
Ew,8.680567787740000041e-01
L_D,1.608263435235300065e+01
L_Dw,1.608263435235300065e+01
Mach,0.000000000000000000e+00
Re_1e6,1.000000000000000000e+01
StallFactor,1.000000000000000000e+00
Results_Name,VSPAERO_Load
Results_Timestamp,1789027904
Results_Date,9,10,2026
Results_Time,11,11,44
Angle ,0.000000000000000000e+00,0.000000000000000000e+00,0.000000000000000000e+00,0.000000000000000000e+00,0.000000000000000000e+00,0.000000000000000000e+00,0.000000000000000000e+00,0.000000000000000000e+00,0.000000000000000000e+00,0.000000000000000000e+00,0.000000000000000000e+00,0.000000000000000000e+00,0.000000000000000000e+00,0.000000000000000000e+00,0.000000000000000000e+00,0.000000000000000000e+00,0.000000000000000000e+00,0.000000000000000000e+00,0.000000000000000000e+00,0.000000000000000000e+00,0.000000000000000000e+00,0.000000000000000000e+00,0.000000000000000000e+00,0.000000000000000000e+00,0.000000000000000000e+00,0.000000000000000000e+00,0.000000000000000000e+00,0.000000000000000000e+00,0.000000000000000000e+00,0.000000000000000000e+00,0.000000000000000000e+00,0.000000000000000000e+00,0.000000000000000000e+00,0.000000000000000000e+00,0.000000000000000000e+00,0.000000000000000000e+00,0.000000000000000000e+00,0.000000000000000000e+00,0.000000000000000000e+00,0.000000000000000000e+00,0.000000000000000000e+00,0.000000000000000000e+00,0.000000000000000000e+00,0.000000000000000000e+00,0.000000000000000000e+00,0.000000000000000000e+00,0.000000000000000000e+00,0.000000000000000000e+00,0.000000000000000000e+00,0.000000000000000000e+00,0.000000000000000000e+00,0.000000000000000000e+00,0.000000000000000000e+00,0.000000000000000000e+00,0.000000000000000000e+00,0.000000000000000000e+00,0.000000000000000000e+00,0.000000000000000000e+00,0.000000000000000000e+00,0.000000000000000000e+00,0.000000000000000000e+00,0.000000000000000000e+00,0.000000000000000000e+00,0.000000000000000000e+00,0.000000000000000000e+00,0.000000000000000000e+00,0.000000000000000000e+00,0.000000000000000000e+00,0.000000000000000000e+00,0.000000000000000000e+00,0.000000000000000000e+00,0.000000000000000000e+00,0.000000000000000000e+00,0.000000000000000000e+00,0.000000000000000000e+00,0.000000000000000000e+00,0.000000000000000000e+00,0.000000000000000000e+00,0.000000000000000000e+00,0.000000000000000000e+00,0.000000000000000000e+00,0.000000000000000000e+00,0.000000000000000000e+00,0.000000000000000000e+00,0.000000000000000000e+00,0.000000000000000000e+00,0.000000000000000000e+00,0.000000000000000000e+00,0.000000000000000000e+00,0.000000000000000000e+00,0.000000000000000000e+00,0.000000000000000000e+00,0.000000000000000000e+00,0.000000000000000000e+00,0.000000000000000000e+00,0.000000000000000000e+00,0.000000000000000000e+00,0.000000000000000000e+00,0.000000000000000000e+00,0.000000000000000000e+00,0.000000000000000000e+00,0.000000000000000000e+00,0.000000000000000000e+00,0.000000000000000000e+00,0.000000000000000000e+00,0.000000000000000000e+00,0.000000000000000000e+00,0.000000000000000000e+00,0.000000000000000000e+00,0.000000000000000000e+00,0.000000000000000000e+00,0.000000000000000000e+00,0.000000000000000000e+00,0.000000000000000000e+00,0.000000000000000000e+00,0.000000000000000000e+00,0.000000000000000000e+00,0.000000000000000000e+00,0.000000000000000000e+00,0.000000000000000000e+00,0.000000000000000000e+00,0.000000000000000000e+00,0.000000000000000000e+00,0.000000000000000000e+00,0.000000000000000000e+00,0.000000000000000000e+00,0.000000000000000000e+00,0.000000000000000000e+00,0.000000000000000000e+00,0.000000000000000000e+00,0.000000000000000000e+00,0.000000000000000000e+00,0.000000000000000000e+00,0.000000000000000000e+00,0.000000000000000000e+00,0.000000000000000000e+00
CP,0.000000000000000000e+00,0.000000000000000000e+00,0.000000000000000000e+00,0.000000000000000000e+00,0.000000000000000000e+00,0.000000000000000000e+00,0.000000000000000000e+00,0.000000000000000000e+00,0.000000000000000000e+00,0.000000000000000000e+00,0.000000000000000000e+00,0.000000000000000000e+00,0.000000000000000000e+00,0.000000000000000000e+00,0.000000000000000000e+00,0.000000000000000000e+00,0.000000000000000000e+00,0.000000000000000000e+00,0.000000000000000000e+00,0.000000000000000000e+00,0.000000000000000000e+00,0.000000000000000000e+00,0.000000000000000000e+00,0.000000000000000000e+00,0.000000000000000000e+00,0.000000000000000000e+00,0.000000000000000000e+00,0.000000000000000000e+00,0.000000000000000000e+00,0.000000000000000000e+00,0.000000000000000000e+00,0.000000000000000000e+00,0.000000000000000000e+00,0.000000000000000000e+00,0.000000000000000000e+00,0.000000000000000000e+00,0.000000000000000000e+00,0.000000000000000000e+00,0.000000000000000000e+00,0.000000000000000000e+00,0.000000000000000000e+00,0.000000000000000000e+00,0.000000000000000000e+00,0.000000000000000000e+00,0.000000000000000000e+00,0.000000000000000000e+00,0.000000000000000000e+00,0.000000000000000000e+00,0.000000000000000000e+00,0.000000000000000000e+00,0.000000000000000000e+00,0.000000000000000000e+00,0.000000000000000000e+00,0.000000000000000000e+00,0.000000000000000000e+00,0.000000000000000000e+00,0.000000000000000000e+00,0.000000000000000000e+00,0.000000000000000000e+00,0.000000000000000000e+00,0.000000000000000000e+00,0.000000000000000000e+00,0.000000000000000000e+00,0.000000000000000000e+00,0.000000000000000000e+00,0.000000000000000000e+00,0.000000000000000000e+00,0.000000000000000000e+00,0.000000000000000000e+00,0.000000000000000000e+00,0.000000000000000000e+00,0.000000000000000000e+00,0.000000000000000000e+00,0.000000000000000000e+00,0.000000000000000000e+00,0.000000000000000000e+00,0.000000000000000000e+00,0.000000000000000000e+00,0.000000000000000000e+00,0.000000000000000000e+00,0.000000000000000000e+00,0.000000000000000000e+00,0.000000000000000000e+00,0.000000000000000000e+00,0.000000000000000000e+00,0.000000000000000000e+00,0.000000000000000000e+00,0.000000000000000000e+00,0.000000000000000000e+00,0.000000000000000000e+00,0.000000000000000000e+00,0.000000000000000000e+00,0.000000000000000000e+00,0.000000000000000000e+00,0.000000000000000000e+00,0.000000000000000000e+00,0.000000000000000000e+00,0.000000000000000000e+00,0.000000000000000000e+00,0.000000000000000000e+00,0.000000000000000000e+00,0.000000000000000000e+00,0.000000000000000000e+00,0.000000000000000000e+00,0.000000000000000000e+00,0.000000000000000000e+00,0.000000000000000000e+00,0.000000000000000000e+00,0.000000000000000000e+00,0.000000000000000000e+00,0.000000000000000000e+00,0.000000000000000000e+00,0.000000000000000000e+00,0.000000000000000000e+00,0.000000000000000000e+00,0.000000000000000000e+00,0.000000000000000000e+00,0.000000000000000000e+00,0.000000000000000000e+00,0.000000000000000000e+00,0.000000000000000000e+00,0.000000000000000000e+00,0.000000000000000000e+00,0.000000000000000000e+00,0.000000000000000000e+00,0.000000000000000000e+00,0.000000000000000000e+00,0.000000000000000000e+00,0.000000000000000000e+00,0.000000000000000000e+00,0.000000000000000000e+00,0.000000000000000000e+00,0.000000000000000000e+00,0.000000000000000000e+00,0.000000000000000000e+00,0.000000000000000000e+00
CP_h,0.000000000000000000e+00,0.000000000000000000e+00,0.000000000000000000e+00,0.000000000000000000e+00,0.000000000000000000e+00,0.000000000000000000e+00,0.000000000000000000e+00,0.000000000000000000e+00,0.000000000000000000e+00,0.000000000000000000e+00,0.000000000000000000e+00,0.000000000000000000e+00,0.000000000000000000e+00,0.000000000000000000e+00,0.000000000000000000e+00,0.000000000000000000e+00,0.000000000000000000e+00,0.000000000000000000e+00,0.000000000000000000e+00,0.000000000000000000e+00,0.000000000000000000e+00,0.000000000000000000e+00,0.000000000000000000e+00,0.000000000000000000e+00,0.000000000000000000e+00,0.000000000000000000e+00,0.000000000000000000e+00,0.000000000000000000e+00,0.000000000000000000e+00,0.000000000000000000e+00,0.000000000000000000e+00,0.000000000000000000e+00,0.000000000000000000e+00,0.000000000000000000e+00,0.000000000000000000e+00,0.000000000000000000e+00,0.000000000000000000e+00,0.000000000000000000e+00,0.000000000000000000e+00,0.000000000000000000e+00,0.000000000000000000e+00,0.000000000000000000e+00,0.000000000000000000e+00,0.000000000000000000e+00,0.000000000000000000e+00,0.000000000000000000e+00,0.000000000000000000e+00,0.000000000000000000e+00,0.000000000000000000e+00,0.000000000000000000e+00,0.000000000000000000e+00,0.000000000000000000e+00,0.000000000000000000e+00,0.000000000000000000e+00,0.000000000000000000e+00,0.000000000000000000e+00,0.000000000000000000e+00,0.000000000000000000e+00,0.000000000000000000e+00,0.000000000000000000e+00,0.000000000000000000e+00,0.000000000000000000e+00,0.000000000000000000e+00,0.000000000000000000e+00,0.000000000000000000e+00,0.000000000000000000e+00,0.000000000000000000e+00,0.000000000000000000e+00,0.000000000000000000e+00,0.000000000000000000e+00,0.000000000000000000e+00,0.000000000000000000e+00,0.000000000000000000e+00,0.000000000000000000e+00,0.000000000000000000e+00,0.000000000000000000e+00,0.000000000000000000e+00,0.000000000000000000e+00,0.000000000000000000e+00,0.000000000000000000e+00,0.000000000000000000e+00,0.000000000000000000e+00,0.000000000000000000e+00,0.000000000000000000e+00,0.000000000000000000e+00,0.000000000000000000e+00,0.000000000000000000e+00,0.000000000000000000e+00,0.000000000000000000e+00,0.000000000000000000e+00,0.000000000000000000e+00,0.000000000000000000e+00,0.000000000000000000e+00,0.000000000000000000e+00,0.000000000000000000e+00,0.000000000000000000e+00,0.000000000000000000e+00,0.000000000000000000e+00,0.000000000000000000e+00,0.000000000000000000e+00,0.000000000000000000e+00,0.000000000000000000e+00,0.000000000000000000e+00,0.000000000000000000e+00,0.000000000000000000e+00,0.000000000000000000e+00,0.000000000000000000e+00,0.000000000000000000e+00,0.000000000000000000e+00,0.000000000000000000e+00,0.000000000000000000e+00,0.000000000000000000e+00,0.000000000000000000e+00,0.000000000000000000e+00,0.000000000000000000e+00,0.000000000000000000e+00,0.000000000000000000e+00,0.000000000000000000e+00,0.000000000000000000e+00,0.000000000000000000e+00,0.000000000000000000e+00,0.000000000000000000e+00,0.000000000000000000e+00,0.000000000000000000e+00,0.000000000000000000e+00,0.000000000000000000e+00,0.000000000000000000e+00,0.000000000000000000e+00,0.000000000000000000e+00,0.000000000000000000e+00,0.000000000000000000e+00,0.000000000000000000e+00,0.000000000000000000e+00,0.000000000000000000e+00,0.000000000000000000e+00,0.000000000000000000e+00
CQ,0.000000000000000000e+00,0.000000000000000000e+00,0.000000000000000000e+00,0.000000000000000000e+00,0.000000000000000000e+00,0.000000000000000000e+00,0.000000000000000000e+00,0.000000000000000000e+00,0.000000000000000000e+00,0.000000000000000000e+00,0.000000000000000000e+00,0.000000000000000000e+00,0.000000000000000000e+00,0.000000000000000000e+00,0.000000000000000000e+00,0.000000000000000000e+00,0.000000000000000000e+00,0.000000000000000000e+00,0.000000000000000000e+00,0.000000000000000000e+00,0.000000000000000000e+00,0.000000000000000000e+00,0.000000000000000000e+00,0.000000000000000000e+00,0.000000000000000000e+00,0.000000000000000000e+00,0.000000000000000000e+00,0.000000000000000000e+00,0.000000000000000000e+00,0.000000000000000000e+00,0.000000000000000000e+00,0.000000000000000000e+00,0.000000000000000000e+00,0.000000000000000000e+00,0.000000000000000000e+00,0.000000000000000000e+00,0.000000000000000000e+00,0.000000000000000000e+00,0.000000000000000000e+00,0.000000000000000000e+00,0.000000000000000000e+00,0.000000000000000000e+00,0.000000000000000000e+00,0.000000000000000000e+00,0.000000000000000000e+00,0.000000000000000000e+00,0.000000000000000000e+00,0.000000000000000000e+00,0.000000000000000000e+00,0.000000000000000000e+00,0.000000000000000000e+00,0.000000000000000000e+00,0.000000000000000000e+00,0.000000000000000000e+00,0.000000000000000000e+00,0.000000000000000000e+00,0.000000000000000000e+00,0.000000000000000000e+00,0.000000000000000000e+00,0.000000000000000000e+00,0.000000000000000000e+00,0.000000000000000000e+00,0.000000000000000000e+00,0.000000000000000000e+00,0.000000000000000000e+00,0.000000000000000000e+00,0.000000000000000000e+00,0.000000000000000000e+00,0.000000000000000000e+00,0.000000000000000000e+00,0.000000000000000000e+00,0.000000000000000000e+00,0.000000000000000000e+00,0.000000000000000000e+00,0.000000000000000000e+00,0.000000000000000000e+00,0.000000000000000000e+00,0.000000000000000000e+00,0.000000000000000000e+00,0.000000000000000000e+00,0.000000000000000000e+00,0.000000000000000000e+00,0.000000000000000000e+00,0.000000000000000000e+00,0.000000000000000000e+00,0.000000000000000000e+00,0.000000000000000000e+00,0.000000000000000000e+00,0.000000000000000000e+00,0.000000000000000000e+00,0.000000000000000000e+00,0.000000000000000000e+00,0.000000000000000000e+00,0.000000000000000000e+00,0.000000000000000000e+00,0.000000000000000000e+00,0.000000000000000000e+00,0.000000000000000000e+00,0.000000000000000000e+00,0.000000000000000000e+00,0.000000000000000000e+00,0.000000000000000000e+00,0.000000000000000000e+00,0.000000000000000000e+00,0.000000000000000000e+00,0.000000000000000000e+00,0.000000000000000000e+00,0.000000000000000000e+00,0.000000000000000000e+00,0.000000000000000000e+00,0.000000000000000000e+00,0.000000000000000000e+00,0.000000000000000000e+00,0.000000000000000000e+00,0.000000000000000000e+00,0.000000000000000000e+00,0.000000000000000000e+00,0.000000000000000000e+00,0.000000000000000000e+00,0.000000000000000000e+00,0.000000000000000000e+00,0.000000000000000000e+00,0.000000000000000000e+00,0.000000000000000000e+00,0.000000000000000000e+00,0.000000000000000000e+00,0.000000000000000000e+00,0.000000000000000000e+00,0.000000000000000000e+00,0.000000000000000000e+00,0.000000000000000000e+00,0.000000000000000000e+00,0.000000000000000000e+00,0.000000000000000000e+00,0.000000000000000000e+00,0.000000000000000000e+00
CQ_h,0.000000000000000000e+00,0.000000000000000000e+00,0.000000000000000000e+00,0.000000000000000000e+00,0.000000000000000000e+00,0.000000000000000000e+00,0.000000000000000000e+00,0.000000000000000000e+00,0.000000000000000000e+00,0.000000000000000000e+00,0.000000000000000000e+00,0.000000000000000000e+00,0.000000000000000000e+00,0.000000000000000000e+00,0.000000000000000000e+00,0.000000000000000000e+00,0.000000000000000000e+00,0.000000000000000000e+00,0.000000000000000000e+00,0.000000000000000000e+00,0.000000000000000000e+00,0.000000000000000000e+00,0.000000000000000000e+00,0.000000000000000000e+00,0.000000000000000000e+00,0.000000000000000000e+00,0.000000000000000000e+00,0.000000000000000000e+00,0.000000000000000000e+00,0.000000000000000000e+00,0.000000000000000000e+00,0.000000000000000000e+00,0.000000000000000000e+00,0.000000000000000000e+00,0.000000000000000000e+00,0.000000000000000000e+00,0.000000000000000000e+00,0.000000000000000000e+00,0.000000000000000000e+00,0.000000000000000000e+00,0.000000000000000000e+00,0.000000000000000000e+00,0.000000000000000000e+00,0.000000000000000000e+00,0.000000000000000000e+00,0.000000000000000000e+00,0.000000000000000000e+00,0.000000000000000000e+00,0.000000000000000000e+00,0.000000000000000000e+00,0.000000000000000000e+00,0.000000000000000000e+00,0.000000000000000000e+00,0.000000000000000000e+00,0.000000000000000000e+00,0.000000000000000000e+00,0.000000000000000000e+00,0.000000000000000000e+00,0.000000000000000000e+00,0.000000000000000000e+00,0.000000000000000000e+00,0.000000000000000000e+00,0.000000000000000000e+00,0.000000000000000000e+00,0.000000000000000000e+00,0.000000000000000000e+00,0.000000000000000000e+00,0.000000000000000000e+00,0.000000000000000000e+00,0.000000000000000000e+00,0.000000000000000000e+00,0.000000000000000000e+00,0.000000000000000000e+00,0.000000000000000000e+00,0.000000000000000000e+00,0.000000000000000000e+00,0.000000000000000000e+00,0.000000000000000000e+00,0.000000000000000000e+00,0.000000000000000000e+00,0.000000000000000000e+00,0.000000000000000000e+00,0.000000000000000000e+00,0.000000000000000000e+00,0.000000000000000000e+00,0.000000000000000000e+00,0.000000000000000000e+00,0.000000000000000000e+00,0.000000000000000000e+00,0.000000000000000000e+00,0.000000000000000000e+00,0.000000000000000000e+00,0.000000000000000000e+00,0.000000000000000000e+00,0.000000000000000000e+00,0.000000000000000000e+00,0.000000000000000000e+00,0.000000000000000000e+00,0.000000000000000000e+00,0.000000000000000000e+00,0.000000000000000000e+00,0.000000000000000000e+00,0.000000000000000000e+00,0.000000000000000000e+00,0.000000000000000000e+00,0.000000000000000000e+00,0.000000000000000000e+00,0.000000000000000000e+00,0.000000000000000000e+00,0.000000000000000000e+00,0.000000000000000000e+00,0.000000000000000000e+00,0.000000000000000000e+00,0.000000000000000000e+00,0.000000000000000000e+00,0.000000000000000000e+00,0.000000000000000000e+00,0.000000000000000000e+00,0.000000000000000000e+00,0.000000000000000000e+00,0.000000000000000000e+00,0.000000000000000000e+00,0.000000000000000000e+00,0.000000000000000000e+00,0.000000000000000000e+00,0.000000000000000000e+00,0.000000000000000000e+00,0.000000000000000000e+00,0.000000000000000000e+00,0.000000000000000000e+00,0.000000000000000000e+00,0.000000000000000000e+00,0.000000000000000000e+00,0.000000000000000000e+00,0.000000000000000000e+00,0.000000000000000000e+00
CT,0.000000000000000000e+00,0.000000000000000000e+00,0.000000000000000000e+00,0.000000000000000000e+00,0.000000000000000000e+00,0.000000000000000000e+00,0.000000000000000000e+00,0.000000000000000000e+00,0.000000000000000000e+00,0.000000000000000000e+00,0.000000000000000000e+00,0.000000000000000000e+00,0.000000000000000000e+00,0.000000000000000000e+00,0.000000000000000000e+00,0.000000000000000000e+00,0.000000000000000000e+00,0.000000000000000000e+00,0.000000000000000000e+00,0.000000000000000000e+00,0.000000000000000000e+00,0.000000000000000000e+00,0.000000000000000000e+00,0.000000000000000000e+00,0.000000000000000000e+00,0.000000000000000000e+00,0.000000000000000000e+00,0.000000000000000000e+00,0.000000000000000000e+00,0.000000000000000000e+00,0.000000000000000000e+00,0.000000000000000000e+00,0.000000000000000000e+00,0.000000000000000000e+00,0.000000000000000000e+00,0.000000000000000000e+00,0.000000000000000000e+00,0.000000000000000000e+00,0.000000000000000000e+00,0.000000000000000000e+00,0.000000000000000000e+00,0.000000000000000000e+00,0.000000000000000000e+00,0.000000000000000000e+00,0.000000000000000000e+00,0.000000000000000000e+00,0.000000000000000000e+00,0.000000000000000000e+00,0.000000000000000000e+00,0.000000000000000000e+00,0.000000000000000000e+00,0.000000000000000000e+00,0.000000000000000000e+00,0.000000000000000000e+00,0.000000000000000000e+00,0.000000000000000000e+00,0.000000000000000000e+00,0.000000000000000000e+00,0.000000000000000000e+00,0.000000000000000000e+00,0.000000000000000000e+00,0.000000000000000000e+00,0.000000000000000000e+00,0.000000000000000000e+00,0.000000000000000000e+00,0.000000000000000000e+00,0.000000000000000000e+00,0.000000000000000000e+00,0.000000000000000000e+00,0.000000000000000000e+00,0.000000000000000000e+00,0.000000000000000000e+00,0.000000000000000000e+00,0.000000000000000000e+00,0.000000000000000000e+00,0.000000000000000000e+00,0.000000000000000000e+00,0.000000000000000000e+00,0.000000000000000000e+00,0.000000000000000000e+00,0.000000000000000000e+00,0.000000000000000000e+00,0.000000000000000000e+00,0.000000000000000000e+00,0.000000000000000000e+00,0.000000000000000000e+00,0.000000000000000000e+00,0.000000000000000000e+00,0.000000000000000000e+00,0.000000000000000000e+00,0.000000000000000000e+00,0.000000000000000000e+00,0.000000000000000000e+00,0.000000000000000000e+00,0.000000000000000000e+00,0.000000000000000000e+00,0.000000000000000000e+00,0.000000000000000000e+00,0.000000000000000000e+00,0.000000000000000000e+00,0.000000000000000000e+00,0.000000000000000000e+00,0.000000000000000000e+00,0.000000000000000000e+00,0.000000000000000000e+00,0.000000000000000000e+00,0.000000000000000000e+00,0.000000000000000000e+00,0.000000000000000000e+00,0.000000000000000000e+00,0.000000000000000000e+00,0.000000000000000000e+00,0.000000000000000000e+00,0.000000000000000000e+00,0.000000000000000000e+00,0.000000000000000000e+00,0.000000000000000000e+00,0.000000000000000000e+00,0.000000000000000000e+00,0.000000000000000000e+00,0.000000000000000000e+00,0.000000000000000000e+00,0.000000000000000000e+00,0.000000000000000000e+00,0.000000000000000000e+00,0.000000000000000000e+00,0.000000000000000000e+00,0.000000000000000000e+00,0.000000000000000000e+00,0.000000000000000000e+00,0.000000000000000000e+00,0.000000000000000000e+00,0.000000000000000000e+00,0.000000000000000000e+00,0.000000000000000000e+00,0.000000000000000000e+00
CT_h,0.000000000000000000e+00,0.000000000000000000e+00,0.000000000000000000e+00,0.000000000000000000e+00,0.000000000000000000e+00,0.000000000000000000e+00,0.000000000000000000e+00,0.000000000000000000e+00,0.000000000000000000e+00,0.000000000000000000e+00,0.000000000000000000e+00,0.000000000000000000e+00,0.000000000000000000e+00,0.000000000000000000e+00,0.000000000000000000e+00,0.000000000000000000e+00,0.000000000000000000e+00,0.000000000000000000e+00,0.000000000000000000e+00,0.000000000000000000e+00,0.000000000000000000e+00,0.000000000000000000e+00,0.000000000000000000e+00,0.000000000000000000e+00,0.000000000000000000e+00,0.000000000000000000e+00,0.000000000000000000e+00,0.000000000000000000e+00,0.000000000000000000e+00,0.000000000000000000e+00,0.000000000000000000e+00,0.000000000000000000e+00,0.000000000000000000e+00,0.000000000000000000e+00,0.000000000000000000e+00,0.000000000000000000e+00,0.000000000000000000e+00,0.000000000000000000e+00,0.000000000000000000e+00,0.000000000000000000e+00,0.000000000000000000e+00,0.000000000000000000e+00,0.000000000000000000e+00,0.000000000000000000e+00,0.000000000000000000e+00,0.000000000000000000e+00,0.000000000000000000e+00,0.000000000000000000e+00,0.000000000000000000e+00,0.000000000000000000e+00,0.000000000000000000e+00,0.000000000000000000e+00,0.000000000000000000e+00,0.000000000000000000e+00,0.000000000000000000e+00,0.000000000000000000e+00,0.000000000000000000e+00,0.000000000000000000e+00,0.000000000000000000e+00,0.000000000000000000e+00,0.000000000000000000e+00,0.000000000000000000e+00,0.000000000000000000e+00,0.000000000000000000e+00,0.000000000000000000e+00,0.000000000000000000e+00,0.000000000000000000e+00,0.000000000000000000e+00,0.000000000000000000e+00,0.000000000000000000e+00,0.000000000000000000e+00,0.000000000000000000e+00,0.000000000000000000e+00,0.000000000000000000e+00,0.000000000000000000e+00,0.000000000000000000e+00,0.000000000000000000e+00,0.000000000000000000e+00,0.000000000000000000e+00,0.000000000000000000e+00,0.000000000000000000e+00,0.000000000000000000e+00,0.000000000000000000e+00,0.000000000000000000e+00,0.000000000000000000e+00,0.000000000000000000e+00,0.000000000000000000e+00,0.000000000000000000e+00,0.000000000000000000e+00,0.000000000000000000e+00,0.000000000000000000e+00,0.000000000000000000e+00,0.000000000000000000e+00,0.000000000000000000e+00,0.000000000000000000e+00,0.000000000000000000e+00,0.000000000000000000e+00,0.000000000000000000e+00,0.000000000000000000e+00,0.000000000000000000e+00,0.000000000000000000e+00,0.000000000000000000e+00,0.000000000000000000e+00,0.000000000000000000e+00,0.000000000000000000e+00,0.000000000000000000e+00,0.000000000000000000e+00,0.000000000000000000e+00,0.000000000000000000e+00,0.000000000000000000e+00,0.000000000000000000e+00,0.000000000000000000e+00,0.000000000000000000e+00,0.000000000000000000e+00,0.000000000000000000e+00,0.000000000000000000e+00,0.000000000000000000e+00,0.000000000000000000e+00,0.000000000000000000e+00,0.000000000000000000e+00,0.000000000000000000e+00,0.000000000000000000e+00,0.000000000000000000e+00,0.000000000000000000e+00,0.000000000000000000e+00,0.000000000000000000e+00,0.000000000000000000e+00,0.000000000000000000e+00,0.000000000000000000e+00,0.000000000000000000e+00,0.000000000000000000e+00,0.000000000000000000e+00,0.000000000000000000e+00,0.000000000000000000e+00,0.000000000000000000e+00,0.000000000000000000e+00
Chord,8.318799999999999528e-01,2.080080000000000151e+00,3.324349999999999916e+00,4.568629999999999747e+00,5.812899999999999956e+00,7.057179999999999787e+00,8.301450000000000884e+00,9.545730000000000715e+00,1.078999999999999915e+01,1.203426999999999936e+01,1.327854999999999919e+01,1.452281999999999940e+01,1.576709999999999923e+01,1.701136999999999944e+01,1.825564999999999927e+01,1.949991999999999948e+01,2.074419999999999931e+01,2.074419999999999931e+01,1.949991999999999948e+01,1.825564999999999927e+01,1.701136999999999944e+01,1.576709999999999923e+01,1.452281999999999940e+01,1.327854999999999919e+01,1.203426999999999936e+01,1.078999999999999915e+01,9.545730000000000715e+00,8.301450000000000884e+00,7.057179999999999787e+00,5.812899999999999956e+00,4.568629999999999747e+00,3.324349999999999916e+00,2.080080000000000151e+00,8.318799999999999528e-01,1.931759999999999922e+00,2.095289999999999875e+00,2.258820000000000050e+00,2.422349999999999781e+00,2.585879999999999956e+00,2.749410000000000132e+00,2.912939999999999863e+00,3.076470000000000038e+00,3.240000000000000213e+00,3.403529999999999944e+00,3.567060000000000120e+00,3.730589999999999851e+00,3.894120000000000026e+00,4.057649999999999757e+00,4.221180000000000376e+00,4.384710000000000107e+00,4.548239999999999839e+00,4.548239999999999839e+00,4.384710000000000107e+00,4.221180000000000376e+00,4.057649999999999757e+00,3.894120000000000026e+00,3.730589999999999851e+00,3.567060000000000120e+00,3.403529999999999944e+00,3.240000000000000213e+00,3.076470000000000038e+00,2.912939999999999863e+00,2.749410000000000132e+00,2.585879999999999956e+00,2.422349999999999781e+00,2.258820000000000050e+00,2.095289999999999875e+00,1.931759999999999922e+00,7.690159999999999663e+00,7.228889999999999816e+00,6.767619999999999969e+00,6.306350000000000122e+00,5.845080000000000275e+00,5.383810000000000429e+00,4.922539999999999694e+00,4.461269999999999847e+00,4.000000000000000000e+00,3.538730000000000153e+00,3.077459999999999862e+00,2.616190000000000015e+00,2.154920000000000169e+00,1.693650000000000100e+00,1.232380000000000031e+00,7.711099999999999621e-01,3.098400000000000043e-01,7.690159999999999663e+00,7.228889999999999816e+00,6.767619999999999969e+00,6.306350000000000122e+00,5.845080000000000275e+00,5.383810000000000429e+00,4.922539999999999694e+00,4.461269999999999847e+00,4.000000000000000000e+00,3.538730000000000153e+00,3.077459999999999862e+00,2.616190000000000015e+00,2.154920000000000169e+00,1.693650000000000100e+00,1.232380000000000031e+00,7.711099999999999621e-01,3.098400000000000043e-01,7.690159999999999663e+00,7.228889999999999816e+00,6.767619999999999969e+00,6.306350000000000122e+00,5.845080000000000275e+00,5.383810000000000429e+00,4.922539999999999694e+00,4.461269999999999847e+00,4.000000000000000000e+00,3.538730000000000153e+00,3.077459999999999862e+00,2.616190000000000015e+00,2.154920000000000169e+00,1.693650000000000100e+00,1.232380000000000031e+00,7.711099999999999621e-01,3.098400000000000043e-01,7.690159999999999663e+00,7.228889999999999816e+00,6.767619999999999969e+00,6.306350000000000122e+00,5.845080000000000275e+00,5.383810000000000429e+00,4.922539999999999694e+00,4.461269999999999847e+00,4.000000000000000000e+00,3.538730000000000153e+00,3.077459999999999862e+00,2.616190000000000015e+00,2.154920000000000169e+00,1.693650000000000100e+00,1.232380000000000031e+00,7.711099999999999621e-01,3.098400000000000043e-01
Diameter,0.000000000000000000e+00,0.000000000000000000e+00,0.000000000000000000e+00,0.000000000000000000e+00,0.000000000000000000e+00,0.000000000000000000e+00,0.000000000000000000e+00,0.000000000000000000e+00,0.000000000000000000e+00,0.000000000000000000e+00,0.000000000000000000e+00,0.000000000000000000e+00,0.000000000000000000e+00,0.000000000000000000e+00,0.000000000000000000e+00,0.000000000000000000e+00,0.000000000000000000e+00,0.000000000000000000e+00,0.000000000000000000e+00,0.000000000000000000e+00,0.000000000000000000e+00,0.000000000000000000e+00,0.000000000000000000e+00,0.000000000000000000e+00,0.000000000000000000e+00,0.000000000000000000e+00,0.000000000000000000e+00,0.000000000000000000e+00,0.000000000000000000e+00,0.000000000000000000e+00,0.000000000000000000e+00,0.000000000000000000e+00,0.000000000000000000e+00,0.000000000000000000e+00,0.000000000000000000e+00,0.000000000000000000e+00,0.000000000000000000e+00,0.000000000000000000e+00,0.000000000000000000e+00,0.000000000000000000e+00,0.000000000000000000e+00,0.000000000000000000e+00,0.000000000000000000e+00,0.000000000000000000e+00,0.000000000000000000e+00,0.000000000000000000e+00,0.000000000000000000e+00,0.000000000000000000e+00,0.000000000000000000e+00,0.000000000000000000e+00,0.000000000000000000e+00,0.000000000000000000e+00,0.000000000000000000e+00,0.000000000000000000e+00,0.000000000000000000e+00,0.000000000000000000e+00,0.000000000000000000e+00,0.000000000000000000e+00,0.000000000000000000e+00,0.000000000000000000e+00,0.000000000000000000e+00,0.000000000000000000e+00,0.000000000000000000e+00,0.000000000000000000e+00,0.000000000000000000e+00,0.000000000000000000e+00,0.000000000000000000e+00,0.000000000000000000e+00,0.000000000000000000e+00,0.000000000000000000e+00,0.000000000000000000e+00,0.000000000000000000e+00,0.000000000000000000e+00,0.000000000000000000e+00,0.000000000000000000e+00,0.000000000000000000e+00,0.000000000000000000e+00,0.000000000000000000e+00,0.000000000000000000e+00,0.000000000000000000e+00,0.000000000000000000e+00,0.000000000000000000e+00,0.000000000000000000e+00,0.000000000000000000e+00,0.000000000000000000e+00,0.000000000000000000e+00,0.000000000000000000e+00,0.000000000000000000e+00,0.000000000000000000e+00,0.000000000000000000e+00,0.000000000000000000e+00,0.000000000000000000e+00,0.000000000000000000e+00,0.000000000000000000e+00,0.000000000000000000e+00,0.000000000000000000e+00,0.000000000000000000e+00,0.000000000000000000e+00,0.000000000000000000e+00,0.000000000000000000e+00,0.000000000000000000e+00,0.000000000000000000e+00,0.000000000000000000e+00,0.000000000000000000e+00,0.000000000000000000e+00,0.000000000000000000e+00,0.000000000000000000e+00,0.000000000000000000e+00,0.000000000000000000e+00,0.000000000000000000e+00,0.000000000000000000e+00,0.000000000000000000e+00,0.000000000000000000e+00,0.000000000000000000e+00,0.000000000000000000e+00,0.000000000000000000e+00,0.000000000000000000e+00,0.000000000000000000e+00,0.000000000000000000e+00,0.000000000000000000e+00,0.000000000000000000e+00,0.000000000000000000e+00,0.000000000000000000e+00,0.000000000000000000e+00,0.000000000000000000e+00,0.000000000000000000e+00,0.000000000000000000e+00,0.000000000000000000e+00,0.000000000000000000e+00,0.000000000000000000e+00,0.000000000000000000e+00,0.000000000000000000e+00,0.000000000000000000e+00,0.000000000000000000e+00,0.000000000000000000e+00,0.000000000000000000e+00
ETAP,0.000000000000000000e+00,0.000000000000000000e+00,0.000000000000000000e+00,0.000000000000000000e+00,0.000000000000000000e+00,0.000000000000000000e+00,0.000000000000000000e+00,0.000000000000000000e+00,0.000000000000000000e+00,0.000000000000000000e+00,0.000000000000000000e+00,0.000000000000000000e+00,0.000000000000000000e+00,0.000000000000000000e+00,0.000000000000000000e+00,0.000000000000000000e+00,0.000000000000000000e+00,0.000000000000000000e+00,0.000000000000000000e+00,0.000000000000000000e+00,0.000000000000000000e+00,0.000000000000000000e+00,0.000000000000000000e+00,0.000000000000000000e+00,0.000000000000000000e+00,0.000000000000000000e+00,0.000000000000000000e+00,0.000000000000000000e+00,0.000000000000000000e+00,0.000000000000000000e+00,0.000000000000000000e+00,0.000000000000000000e+00,0.000000000000000000e+00,0.000000000000000000e+00,0.000000000000000000e+00,0.000000000000000000e+00,0.000000000000000000e+00,0.000000000000000000e+00,0.000000000000000000e+00,0.000000000000000000e+00,0.000000000000000000e+00,0.000000000000000000e+00,0.000000000000000000e+00,0.000000000000000000e+00,0.000000000000000000e+00,0.000000000000000000e+00,0.000000000000000000e+00,0.000000000000000000e+00,0.000000000000000000e+00,0.000000000000000000e+00,0.000000000000000000e+00,0.000000000000000000e+00,0.000000000000000000e+00,0.000000000000000000e+00,0.000000000000000000e+00,0.000000000000000000e+00,0.000000000000000000e+00,0.000000000000000000e+00,0.000000000000000000e+00,0.000000000000000000e+00,0.000000000000000000e+00,0.000000000000000000e+00,0.000000000000000000e+00,0.000000000000000000e+00,0.000000000000000000e+00,0.000000000000000000e+00,0.000000000000000000e+00,0.000000000000000000e+00,0.000000000000000000e+00,0.000000000000000000e+00,0.000000000000000000e+00,0.000000000000000000e+00,0.000000000000000000e+00,0.000000000000000000e+00,0.000000000000000000e+00,0.000000000000000000e+00,0.000000000000000000e+00,0.000000000000000000e+00,0.000000000000000000e+00,0.000000000000000000e+00,0.000000000000000000e+00,0.000000000000000000e+00,0.000000000000000000e+00,0.000000000000000000e+00,0.000000000000000000e+00,0.000000000000000000e+00,0.000000000000000000e+00,0.000000000000000000e+00,0.000000000000000000e+00,0.000000000000000000e+00,0.000000000000000000e+00,0.000000000000000000e+00,0.000000000000000000e+00,0.000000000000000000e+00,0.000000000000000000e+00,0.000000000000000000e+00,0.000000000000000000e+00,0.000000000000000000e+00,0.000000000000000000e+00,0.000000000000000000e+00,0.000000000000000000e+00,0.000000000000000000e+00,0.000000000000000000e+00,0.000000000000000000e+00,0.000000000000000000e+00,0.000000000000000000e+00,0.000000000000000000e+00,0.000000000000000000e+00,0.000000000000000000e+00,0.000000000000000000e+00,0.000000000000000000e+00,0.000000000000000000e+00,0.000000000000000000e+00,0.000000000000000000e+00,0.000000000000000000e+00,0.000000000000000000e+00,0.000000000000000000e+00,0.000000000000000000e+00,0.000000000000000000e+00,0.000000000000000000e+00,0.000000000000000000e+00,0.000000000000000000e+00,0.000000000000000000e+00,0.000000000000000000e+00,0.000000000000000000e+00,0.000000000000000000e+00,0.000000000000000000e+00,0.000000000000000000e+00,0.000000000000000000e+00,0.000000000000000000e+00,0.000000000000000000e+00,0.000000000000000000e+00,0.000000000000000000e+00,0.000000000000000000e+00,0.000000000000000000e+00,0.000000000000000000e+00
FC_AoA_,5.000000000000000000e+00
FC_Beta_,0.000000000000000000e+00
FC_Bref_,3.236999999999999744e+01
FC_Cref_,1.438667000000000051e+01
FC_Mach_,1.000000000000000021e-03
FC_Pitch_Rate,0.000000000000000000e+00
FC_Rho_,2.377000000000000206e-03
FC_Roll__Rate,0.000000000000000000e+00
FC_Sref_,3.492722999999999729e+02
FC_Vinf_,1.000000000000000000e+02
FC_Xcg_,2.955000000000000071e+01
FC_Yaw___Rate,0.000000000000000000e+00
FC_Ycg_,0.000000000000000000e+00
FC_Zcg_,0.000000000000000000e+00
FOM,0.000000000000000000e+00,0.000000000000000000e+00,0.000000000000000000e+00,0.000000000000000000e+00,0.000000000000000000e+00,0.000000000000000000e+00,0.000000000000000000e+00,0.000000000000000000e+00,0.000000000000000000e+00,0.000000000000000000e+00,0.000000000000000000e+00,0.000000000000000000e+00,0.000000000000000000e+00,0.000000000000000000e+00,0.000000000000000000e+00,0.000000000000000000e+00,0.000000000000000000e+00,0.000000000000000000e+00,0.000000000000000000e+00,0.000000000000000000e+00,0.000000000000000000e+00,0.000000000000000000e+00,0.000000000000000000e+00,0.000000000000000000e+00,0.000000000000000000e+00,0.000000000000000000e+00,0.000000000000000000e+00,0.000000000000000000e+00,0.000000000000000000e+00,0.000000000000000000e+00,0.000000000000000000e+00,0.000000000000000000e+00,0.000000000000000000e+00,0.000000000000000000e+00,0.000000000000000000e+00,0.000000000000000000e+00,0.000000000000000000e+00,0.000000000000000000e+00,0.000000000000000000e+00,0.000000000000000000e+00,0.000000000000000000e+00,0.000000000000000000e+00,0.000000000000000000e+00,0.000000000000000000e+00,0.000000000000000000e+00,0.000000000000000000e+00,0.000000000000000000e+00,0.000000000000000000e+00,0.000000000000000000e+00,0.000000000000000000e+00,0.000000000000000000e+00,0.000000000000000000e+00,0.000000000000000000e+00,0.000000000000000000e+00,0.000000000000000000e+00,0.000000000000000000e+00,0.000000000000000000e+00,0.000000000000000000e+00,0.000000000000000000e+00,0.000000000000000000e+00,0.000000000000000000e+00,0.000000000000000000e+00,0.000000000000000000e+00,0.000000000000000000e+00,0.000000000000000000e+00,0.000000000000000000e+00,0.000000000000000000e+00,0.000000000000000000e+00,0.000000000000000000e+00,0.000000000000000000e+00,0.000000000000000000e+00,0.000000000000000000e+00,0.000000000000000000e+00,0.000000000000000000e+00,0.000000000000000000e+00,0.000000000000000000e+00,0.000000000000000000e+00,0.000000000000000000e+00,0.000000000000000000e+00,0.000000000000000000e+00,0.000000000000000000e+00,0.000000000000000000e+00,0.000000000000000000e+00,0.000000000000000000e+00,0.000000000000000000e+00,0.000000000000000000e+00,0.000000000000000000e+00,0.000000000000000000e+00,0.000000000000000000e+00,0.000000000000000000e+00,0.000000000000000000e+00,0.000000000000000000e+00,0.000000000000000000e+00,0.000000000000000000e+00,0.000000000000000000e+00,0.000000000000000000e+00,0.000000000000000000e+00,0.000000000000000000e+00,0.000000000000000000e+00,0.000000000000000000e+00,0.000000000000000000e+00,0.000000000000000000e+00,0.000000000000000000e+00,0.000000000000000000e+00,0.000000000000000000e+00,0.000000000000000000e+00,0.000000000000000000e+00,0.000000000000000000e+00,0.000000000000000000e+00,0.000000000000000000e+00,0.000000000000000000e+00,0.000000000000000000e+00,0.000000000000000000e+00,0.000000000000000000e+00,0.000000000000000000e+00,0.000000000000000000e+00,0.000000000000000000e+00,0.000000000000000000e+00,0.000000000000000000e+00,0.000000000000000000e+00,0.000000000000000000e+00,0.000000000000000000e+00,0.000000000000000000e+00,0.000000000000000000e+00,0.000000000000000000e+00,0.000000000000000000e+00,0.000000000000000000e+00,0.000000000000000000e+00,0.000000000000000000e+00,0.000000000000000000e+00,0.000000000000000000e+00,0.000000000000000000e+00,0.000000000000000000e+00,0.000000000000000000e+00,0.000000000000000000e+00,0.000000000000000000e+00
IsARotor,0,0,0,0,0,0,0,0,0,0,0,0,0,0,0,0,0,0,0,0,0,0,0,0,0,0,0,0,0,0,0,0,0,0,0,0,0,0,0,0,0,0,0,0,0,0,0,0,0,0,0,0,0,0,0,0,0,0,0,0,0,0,0,0,0,0,0,0,0,0,0,0,0,0,0,0,0,0,0,0,0,0,0,0,0,0,0,0,0,0,0,0,0,0,0,0,0,0,0,0,0,0,0,0,0,0,0,0,0,0,0,0,0,0,0,0,0,0,0,0,0,0,0,0,0,0,0,0,0,0,0,0,0,0,0,0
Iter,8,8,8,8,8,8,8,8,8,8,8,8,8,8,8,8,8,8,8,8,8,8,8,8,8,8,8,8,8,8,8,8,8,8,8,8,8,8,8,8,8,8,8,8,8,8,8,8,8,8,8,8,8,8,8,8,8,8,8,8,8,8,8,8,8,8,8,8,8,8,8,8,8,8,8,8,8,8,8,8,8,8,8,8,8,8,8,8,8,8,8,8,8,8,8,8,8,8,8,8,8,8,8,8,8,8,8,8,8,8,8,8,8,8,8,8,8,8,8,8,8,8,8,8,8,8,8,8,8,8,8,8,8,8,8,8
J,0.000000000000000000e+00,0.000000000000000000e+00,0.000000000000000000e+00,0.000000000000000000e+00,0.000000000000000000e+00,0.000000000000000000e+00,0.000000000000000000e+00,0.000000000000000000e+00,0.000000000000000000e+00,0.000000000000000000e+00,0.000000000000000000e+00,0.000000000000000000e+00,0.000000000000000000e+00,0.000000000000000000e+00,0.000000000000000000e+00,0.000000000000000000e+00,0.000000000000000000e+00,0.000000000000000000e+00,0.000000000000000000e+00,0.000000000000000000e+00,0.000000000000000000e+00,0.000000000000000000e+00,0.000000000000000000e+00,0.000000000000000000e+00,0.000000000000000000e+00,0.000000000000000000e+00,0.000000000000000000e+00,0.000000000000000000e+00,0.000000000000000000e+00,0.000000000000000000e+00,0.000000000000000000e+00,0.000000000000000000e+00,0.000000000000000000e+00,0.000000000000000000e+00,0.000000000000000000e+00,0.000000000000000000e+00,0.000000000000000000e+00,0.000000000000000000e+00,0.000000000000000000e+00,0.000000000000000000e+00,0.000000000000000000e+00,0.000000000000000000e+00,0.000000000000000000e+00,0.000000000000000000e+00,0.000000000000000000e+00,0.000000000000000000e+00,0.000000000000000000e+00,0.000000000000000000e+00,0.000000000000000000e+00,0.000000000000000000e+00,0.000000000000000000e+00,0.000000000000000000e+00,0.000000000000000000e+00,0.000000000000000000e+00,0.000000000000000000e+00,0.000000000000000000e+00,0.000000000000000000e+00,0.000000000000000000e+00,0.000000000000000000e+00,0.000000000000000000e+00,0.000000000000000000e+00,0.000000000000000000e+00,0.000000000000000000e+00,0.000000000000000000e+00,0.000000000000000000e+00,0.000000000000000000e+00,0.000000000000000000e+00,0.000000000000000000e+00,0.000000000000000000e+00,0.000000000000000000e+00,0.000000000000000000e+00,0.000000000000000000e+00,0.000000000000000000e+00,0.000000000000000000e+00,0.000000000000000000e+00,0.000000000000000000e+00,0.000000000000000000e+00,0.000000000000000000e+00,0.000000000000000000e+00,0.000000000000000000e+00,0.000000000000000000e+00,0.000000000000000000e+00,0.000000000000000000e+00,0.000000000000000000e+00,0.000000000000000000e+00,0.000000000000000000e+00,0.000000000000000000e+00,0.000000000000000000e+00,0.000000000000000000e+00,0.000000000000000000e+00,0.000000000000000000e+00,0.000000000000000000e+00,0.000000000000000000e+00,0.000000000000000000e+00,0.000000000000000000e+00,0.000000000000000000e+00,0.000000000000000000e+00,0.000000000000000000e+00,0.000000000000000000e+00,0.000000000000000000e+00,0.000000000000000000e+00,0.000000000000000000e+00,0.000000000000000000e+00,0.000000000000000000e+00,0.000000000000000000e+00,0.000000000000000000e+00,0.000000000000000000e+00,0.000000000000000000e+00,0.000000000000000000e+00,0.000000000000000000e+00,0.000000000000000000e+00,0.000000000000000000e+00,0.000000000000000000e+00,0.000000000000000000e+00,0.000000000000000000e+00,0.000000000000000000e+00,0.000000000000000000e+00,0.000000000000000000e+00,0.000000000000000000e+00,0.000000000000000000e+00,0.000000000000000000e+00,0.000000000000000000e+00,0.000000000000000000e+00,0.000000000000000000e+00,0.000000000000000000e+00,0.000000000000000000e+00,0.000000000000000000e+00,0.000000000000000000e+00,0.000000000000000000e+00,0.000000000000000000e+00,0.000000000000000000e+00,0.000000000000000000e+00,0.000000000000000000e+00,0.000000000000000000e+00,0.000000000000000000e+00,0.000000000000000000e+00
Moment,0.000000000000000000e+00,0.000000000000000000e+00,0.000000000000000000e+00,0.000000000000000000e+00,0.000000000000000000e+00,0.000000000000000000e+00,0.000000000000000000e+00,0.000000000000000000e+00,0.000000000000000000e+00,0.000000000000000000e+00,0.000000000000000000e+00,0.000000000000000000e+00,0.000000000000000000e+00,0.000000000000000000e+00,0.000000000000000000e+00,0.000000000000000000e+00,0.000000000000000000e+00,0.000000000000000000e+00,0.000000000000000000e+00,0.000000000000000000e+00,0.000000000000000000e+00,0.000000000000000000e+00,0.000000000000000000e+00,0.000000000000000000e+00,0.000000000000000000e+00,0.000000000000000000e+00,0.000000000000000000e+00,0.000000000000000000e+00,0.000000000000000000e+00,0.000000000000000000e+00,0.000000000000000000e+00,0.000000000000000000e+00,0.000000000000000000e+00,0.000000000000000000e+00,0.000000000000000000e+00,0.000000000000000000e+00,0.000000000000000000e+00,0.000000000000000000e+00,0.000000000000000000e+00,0.000000000000000000e+00,0.000000000000000000e+00,0.000000000000000000e+00,0.000000000000000000e+00,0.000000000000000000e+00,0.000000000000000000e+00,0.000000000000000000e+00,0.000000000000000000e+00,0.000000000000000000e+00,0.000000000000000000e+00,0.000000000000000000e+00,0.000000000000000000e+00,0.000000000000000000e+00,0.000000000000000000e+00,0.000000000000000000e+00,0.000000000000000000e+00,0.000000000000000000e+00,0.000000000000000000e+00,0.000000000000000000e+00,0.000000000000000000e+00,0.000000000000000000e+00,0.000000000000000000e+00,0.000000000000000000e+00,0.000000000000000000e+00,0.000000000000000000e+00,0.000000000000000000e+00,0.000000000000000000e+00,0.000000000000000000e+00,0.000000000000000000e+00,0.000000000000000000e+00,0.000000000000000000e+00,0.000000000000000000e+00,0.000000000000000000e+00,0.000000000000000000e+00,0.000000000000000000e+00,0.000000000000000000e+00,0.000000000000000000e+00,0.000000000000000000e+00,0.000000000000000000e+00,0.000000000000000000e+00,0.000000000000000000e+00,0.000000000000000000e+00,0.000000000000000000e+00,0.000000000000000000e+00,0.000000000000000000e+00,0.000000000000000000e+00,0.000000000000000000e+00,0.000000000000000000e+00,0.000000000000000000e+00,0.000000000000000000e+00,0.000000000000000000e+00,0.000000000000000000e+00,0.000000000000000000e+00,0.000000000000000000e+00,0.000000000000000000e+00,0.000000000000000000e+00,0.000000000000000000e+00,0.000000000000000000e+00,0.000000000000000000e+00,0.000000000000000000e+00,0.000000000000000000e+00,0.000000000000000000e+00,0.000000000000000000e+00,0.000000000000000000e+00,0.000000000000000000e+00,0.000000000000000000e+00,0.000000000000000000e+00,0.000000000000000000e+00,0.000000000000000000e+00,0.000000000000000000e+00,0.000000000000000000e+00,0.000000000000000000e+00,0.000000000000000000e+00,0.000000000000000000e+00,0.000000000000000000e+00,0.000000000000000000e+00,0.000000000000000000e+00,0.000000000000000000e+00,0.000000000000000000e+00,0.000000000000000000e+00,0.000000000000000000e+00,0.000000000000000000e+00,0.000000000000000000e+00,0.000000000000000000e+00,0.000000000000000000e+00,0.000000000000000000e+00,0.000000000000000000e+00,0.000000000000000000e+00,0.000000000000000000e+00,0.000000000000000000e+00,0.000000000000000000e+00,0.000000000000000000e+00,0.000000000000000000e+00,0.000000000000000000e+00,0.000000000000000000e+00,0.000000000000000000e+00,0.000000000000000000e+00
Momenti,0.000000000000000000e+00,0.000000000000000000e+00,0.000000000000000000e+00,0.000000000000000000e+00,0.000000000000000000e+00,0.000000000000000000e+00,0.000000000000000000e+00,0.000000000000000000e+00,0.000000000000000000e+00,0.000000000000000000e+00,0.000000000000000000e+00,0.000000000000000000e+00,0.000000000000000000e+00,0.000000000000000000e+00,0.000000000000000000e+00,0.000000000000000000e+00,0.000000000000000000e+00,0.000000000000000000e+00,0.000000000000000000e+00,0.000000000000000000e+00,0.000000000000000000e+00,0.000000000000000000e+00,0.000000000000000000e+00,0.000000000000000000e+00,0.000000000000000000e+00,0.000000000000000000e+00,0.000000000000000000e+00,0.000000000000000000e+00,0.000000000000000000e+00,0.000000000000000000e+00,0.000000000000000000e+00,0.000000000000000000e+00,0.000000000000000000e+00,0.000000000000000000e+00,0.000000000000000000e+00,0.000000000000000000e+00,0.000000000000000000e+00,0.000000000000000000e+00,0.000000000000000000e+00,0.000000000000000000e+00,0.000000000000000000e+00,0.000000000000000000e+00,0.000000000000000000e+00,0.000000000000000000e+00,0.000000000000000000e+00,0.000000000000000000e+00,0.000000000000000000e+00,0.000000000000000000e+00,0.000000000000000000e+00,0.000000000000000000e+00,0.000000000000000000e+00,0.000000000000000000e+00,0.000000000000000000e+00,0.000000000000000000e+00,0.000000000000000000e+00,0.000000000000000000e+00,0.000000000000000000e+00,0.000000000000000000e+00,0.000000000000000000e+00,0.000000000000000000e+00,0.000000000000000000e+00,0.000000000000000000e+00,0.000000000000000000e+00,0.000000000000000000e+00,0.000000000000000000e+00,0.000000000000000000e+00,0.000000000000000000e+00,0.000000000000000000e+00,0.000000000000000000e+00,0.000000000000000000e+00,0.000000000000000000e+00,0.000000000000000000e+00,0.000000000000000000e+00,0.000000000000000000e+00,0.000000000000000000e+00,0.000000000000000000e+00,0.000000000000000000e+00,0.000000000000000000e+00,0.000000000000000000e+00,0.000000000000000000e+00,0.000000000000000000e+00,0.000000000000000000e+00,0.000000000000000000e+00,0.000000000000000000e+00,0.000000000000000000e+00,0.000000000000000000e+00,0.000000000000000000e+00,0.000000000000000000e+00,0.000000000000000000e+00,0.000000000000000000e+00,0.000000000000000000e+00,0.000000000000000000e+00,0.000000000000000000e+00,0.000000000000000000e+00,0.000000000000000000e+00,0.000000000000000000e+00,0.000000000000000000e+00,0.000000000000000000e+00,0.000000000000000000e+00,0.000000000000000000e+00,0.000000000000000000e+00,0.000000000000000000e+00,0.000000000000000000e+00,0.000000000000000000e+00,0.000000000000000000e+00,0.000000000000000000e+00,0.000000000000000000e+00,0.000000000000000000e+00,0.000000000000000000e+00,0.000000000000000000e+00,0.000000000000000000e+00,0.000000000000000000e+00,0.000000000000000000e+00,0.000000000000000000e+00,0.000000000000000000e+00,0.000000000000000000e+00,0.000000000000000000e+00,0.000000000000000000e+00,0.000000000000000000e+00,0.000000000000000000e+00,0.000000000000000000e+00,0.000000000000000000e+00,0.000000000000000000e+00,0.000000000000000000e+00,0.000000000000000000e+00,0.000000000000000000e+00,0.000000000000000000e+00,0.000000000000000000e+00,0.000000000000000000e+00,0.000000000000000000e+00,0.000000000000000000e+00,0.000000000000000000e+00,0.000000000000000000e+00,0.000000000000000000e+00,0.000000000000000000e+00,0.000000000000000000e+00
Momento,0.000000000000000000e+00,0.000000000000000000e+00,0.000000000000000000e+00,0.000000000000000000e+00,0.000000000000000000e+00,0.000000000000000000e+00,0.000000000000000000e+00,0.000000000000000000e+00,0.000000000000000000e+00,0.000000000000000000e+00,0.000000000000000000e+00,0.000000000000000000e+00,0.000000000000000000e+00,0.000000000000000000e+00,0.000000000000000000e+00,0.000000000000000000e+00,0.000000000000000000e+00,0.000000000000000000e+00,0.000000000000000000e+00,0.000000000000000000e+00,0.000000000000000000e+00,0.000000000000000000e+00,0.000000000000000000e+00,0.000000000000000000e+00,0.000000000000000000e+00,0.000000000000000000e+00,0.000000000000000000e+00,0.000000000000000000e+00,0.000000000000000000e+00,0.000000000000000000e+00,0.000000000000000000e+00,0.000000000000000000e+00,0.000000000000000000e+00,0.000000000000000000e+00,0.000000000000000000e+00,0.000000000000000000e+00,0.000000000000000000e+00,0.000000000000000000e+00,0.000000000000000000e+00,0.000000000000000000e+00,0.000000000000000000e+00,0.000000000000000000e+00,0.000000000000000000e+00,0.000000000000000000e+00,0.000000000000000000e+00,0.000000000000000000e+00,0.000000000000000000e+00,0.000000000000000000e+00,0.000000000000000000e+00,0.000000000000000000e+00,0.000000000000000000e+00,0.000000000000000000e+00,0.000000000000000000e+00,0.000000000000000000e+00,0.000000000000000000e+00,0.000000000000000000e+00,0.000000000000000000e+00,0.000000000000000000e+00,0.000000000000000000e+00,0.000000000000000000e+00,0.000000000000000000e+00,0.000000000000000000e+00,0.000000000000000000e+00,0.000000000000000000e+00,0.000000000000000000e+00,0.000000000000000000e+00,0.000000000000000000e+00,0.000000000000000000e+00,0.000000000000000000e+00,0.000000000000000000e+00,0.000000000000000000e+00,0.000000000000000000e+00,0.000000000000000000e+00,0.000000000000000000e+00,0.000000000000000000e+00,0.000000000000000000e+00,0.000000000000000000e+00,0.000000000000000000e+00,0.000000000000000000e+00,0.000000000000000000e+00,0.000000000000000000e+00,0.000000000000000000e+00,0.000000000000000000e+00,0.000000000000000000e+00,0.000000000000000000e+00,0.000000000000000000e+00,0.000000000000000000e+00,0.000000000000000000e+00,0.000000000000000000e+00,0.000000000000000000e+00,0.000000000000000000e+00,0.000000000000000000e+00,0.000000000000000000e+00,0.000000000000000000e+00,0.000000000000000000e+00,0.000000000000000000e+00,0.000000000000000000e+00,0.000000000000000000e+00,0.000000000000000000e+00,0.000000000000000000e+00,0.000000000000000000e+00,0.000000000000000000e+00,0.000000000000000000e+00,0.000000000000000000e+00,0.000000000000000000e+00,0.000000000000000000e+00,0.000000000000000000e+00,0.000000000000000000e+00,0.000000000000000000e+00,0.000000000000000000e+00,0.000000000000000000e+00,0.000000000000000000e+00,0.000000000000000000e+00,0.000000000000000000e+00,0.000000000000000000e+00,0.000000000000000000e+00,0.000000000000000000e+00,0.000000000000000000e+00,0.000000000000000000e+00,0.000000000000000000e+00,0.000000000000000000e+00,0.000000000000000000e+00,0.000000000000000000e+00,0.000000000000000000e+00,0.000000000000000000e+00,0.000000000000000000e+00,0.000000000000000000e+00,0.000000000000000000e+00,0.000000000000000000e+00,0.000000000000000000e+00,0.000000000000000000e+00,0.000000000000000000e+00,0.000000000000000000e+00,0.000000000000000000e+00,0.000000000000000000e+00,0.000000000000000000e+00
Power,0.000000000000000000e+00,0.000000000000000000e+00,0.000000000000000000e+00,0.000000000000000000e+00,0.000000000000000000e+00,0.000000000000000000e+00,0.000000000000000000e+00,0.000000000000000000e+00,0.000000000000000000e+00,0.000000000000000000e+00,0.000000000000000000e+00,0.000000000000000000e+00,0.000000000000000000e+00,0.000000000000000000e+00,0.000000000000000000e+00,0.000000000000000000e+00,0.000000000000000000e+00,0.000000000000000000e+00,0.000000000000000000e+00,0.000000000000000000e+00,0.000000000000000000e+00,0.000000000000000000e+00,0.000000000000000000e+00,0.000000000000000000e+00,0.000000000000000000e+00,0.000000000000000000e+00,0.000000000000000000e+00,0.000000000000000000e+00,0.000000000000000000e+00,0.000000000000000000e+00,0.000000000000000000e+00,0.000000000000000000e+00,0.000000000000000000e+00,0.000000000000000000e+00,0.000000000000000000e+00,0.000000000000000000e+00,0.000000000000000000e+00,0.000000000000000000e+00,0.000000000000000000e+00,0.000000000000000000e+00,0.000000000000000000e+00,0.000000000000000000e+00,0.000000000000000000e+00,0.000000000000000000e+00,0.000000000000000000e+00,0.000000000000000000e+00,0.000000000000000000e+00,0.000000000000000000e+00,0.000000000000000000e+00,0.000000000000000000e+00,0.000000000000000000e+00,0.000000000000000000e+00,0.000000000000000000e+00,0.000000000000000000e+00,0.000000000000000000e+00,0.000000000000000000e+00,0.000000000000000000e+00,0.000000000000000000e+00,0.000000000000000000e+00,0.000000000000000000e+00,0.000000000000000000e+00,0.000000000000000000e+00,0.000000000000000000e+00,0.000000000000000000e+00,0.000000000000000000e+00,0.000000000000000000e+00,0.000000000000000000e+00,0.000000000000000000e+00,0.000000000000000000e+00,0.000000000000000000e+00,0.000000000000000000e+00,0.000000000000000000e+00,0.000000000000000000e+00,0.000000000000000000e+00,0.000000000000000000e+00,0.000000000000000000e+00,0.000000000000000000e+00,0.000000000000000000e+00,0.000000000000000000e+00,0.000000000000000000e+00,0.000000000000000000e+00,0.000000000000000000e+00,0.000000000000000000e+00,0.000000000000000000e+00,0.000000000000000000e+00,0.000000000000000000e+00,0.000000000000000000e+00,0.000000000000000000e+00,0.000000000000000000e+00,0.000000000000000000e+00,0.000000000000000000e+00,0.000000000000000000e+00,0.000000000000000000e+00,0.000000000000000000e+00,0.000000000000000000e+00,0.000000000000000000e+00,0.000000000000000000e+00,0.000000000000000000e+00,0.000000000000000000e+00,0.000000000000000000e+00,0.000000000000000000e+00,0.000000000000000000e+00,0.000000000000000000e+00,0.000000000000000000e+00,0.000000000000000000e+00,0.000000000000000000e+00,0.000000000000000000e+00,0.000000000000000000e+00,0.000000000000000000e+00,0.000000000000000000e+00,0.000000000000000000e+00,0.000000000000000000e+00,0.000000000000000000e+00,0.000000000000000000e+00,0.000000000000000000e+00,0.000000000000000000e+00,0.000000000000000000e+00,0.000000000000000000e+00,0.000000000000000000e+00,0.000000000000000000e+00,0.000000000000000000e+00,0.000000000000000000e+00,0.000000000000000000e+00,0.000000000000000000e+00,0.000000000000000000e+00,0.000000000000000000e+00,0.000000000000000000e+00,0.000000000000000000e+00,0.000000000000000000e+00,0.000000000000000000e+00,0.000000000000000000e+00,0.000000000000000000e+00,0.000000000000000000e+00,0.000000000000000000e+00,0.000000000000000000e+00,0.000000000000000000e+00
Poweri,0.000000000000000000e+00,0.000000000000000000e+00,0.000000000000000000e+00,0.000000000000000000e+00,0.000000000000000000e+00,0.000000000000000000e+00,0.000000000000000000e+00,0.000000000000000000e+00,0.000000000000000000e+00,0.000000000000000000e+00,0.000000000000000000e+00,0.000000000000000000e+00,0.000000000000000000e+00,0.000000000000000000e+00,0.000000000000000000e+00,0.000000000000000000e+00,0.000000000000000000e+00,0.000000000000000000e+00,0.000000000000000000e+00,0.000000000000000000e+00,0.000000000000000000e+00,0.000000000000000000e+00,0.000000000000000000e+00,0.000000000000000000e+00,0.000000000000000000e+00,0.000000000000000000e+00,0.000000000000000000e+00,0.000000000000000000e+00,0.000000000000000000e+00,0.000000000000000000e+00,0.000000000000000000e+00,0.000000000000000000e+00,0.000000000000000000e+00,0.000000000000000000e+00,0.000000000000000000e+00,0.000000000000000000e+00,0.000000000000000000e+00,0.000000000000000000e+00,0.000000000000000000e+00,0.000000000000000000e+00,0.000000000000000000e+00,0.000000000000000000e+00,0.000000000000000000e+00,0.000000000000000000e+00,0.000000000000000000e+00,0.000000000000000000e+00,0.000000000000000000e+00,0.000000000000000000e+00,0.000000000000000000e+00,0.000000000000000000e+00,0.000000000000000000e+00,0.000000000000000000e+00,0.000000000000000000e+00,0.000000000000000000e+00,0.000000000000000000e+00,0.000000000000000000e+00,0.000000000000000000e+00,0.000000000000000000e+00,0.000000000000000000e+00,0.000000000000000000e+00,0.000000000000000000e+00,0.000000000000000000e+00,0.000000000000000000e+00,0.000000000000000000e+00,0.000000000000000000e+00,0.000000000000000000e+00,0.000000000000000000e+00,0.000000000000000000e+00,0.000000000000000000e+00,0.000000000000000000e+00,0.000000000000000000e+00,0.000000000000000000e+00,0.000000000000000000e+00,0.000000000000000000e+00,0.000000000000000000e+00,0.000000000000000000e+00,0.000000000000000000e+00,0.000000000000000000e+00,0.000000000000000000e+00,0.000000000000000000e+00,0.000000000000000000e+00,0.000000000000000000e+00,0.000000000000000000e+00,0.000000000000000000e+00,0.000000000000000000e+00,0.000000000000000000e+00,0.000000000000000000e+00,0.000000000000000000e+00,0.000000000000000000e+00,0.000000000000000000e+00,0.000000000000000000e+00,0.000000000000000000e+00,0.000000000000000000e+00,0.000000000000000000e+00,0.000000000000000000e+00,0.000000000000000000e+00,0.000000000000000000e+00,0.000000000000000000e+00,0.000000000000000000e+00,0.000000000000000000e+00,0.000000000000000000e+00,0.000000000000000000e+00,0.000000000000000000e+00,0.000000000000000000e+00,0.000000000000000000e+00,0.000000000000000000e+00,0.000000000000000000e+00,0.000000000000000000e+00,0.000000000000000000e+00,0.000000000000000000e+00,0.000000000000000000e+00,0.000000000000000000e+00,0.000000000000000000e+00,0.000000000000000000e+00,0.000000000000000000e+00,0.000000000000000000e+00,0.000000000000000000e+00,0.000000000000000000e+00,0.000000000000000000e+00,0.000000000000000000e+00,0.000000000000000000e+00,0.000000000000000000e+00,0.000000000000000000e+00,0.000000000000000000e+00,0.000000000000000000e+00,0.000000000000000000e+00,0.000000000000000000e+00,0.000000000000000000e+00,0.000000000000000000e+00,0.000000000000000000e+00,0.000000000000000000e+00,0.000000000000000000e+00,0.000000000000000000e+00,0.000000000000000000e+00,0.000000000000000000e+00,0.000000000000000000e+00
Powero,0.000000000000000000e+00,0.000000000000000000e+00,0.000000000000000000e+00,0.000000000000000000e+00,0.000000000000000000e+00,0.000000000000000000e+00,0.000000000000000000e+00,0.000000000000000000e+00,0.000000000000000000e+00,0.000000000000000000e+00,0.000000000000000000e+00,0.000000000000000000e+00,0.000000000000000000e+00,0.000000000000000000e+00,0.000000000000000000e+00,0.000000000000000000e+00,0.000000000000000000e+00,0.000000000000000000e+00,0.000000000000000000e+00,0.000000000000000000e+00,0.000000000000000000e+00,0.000000000000000000e+00,0.000000000000000000e+00,0.000000000000000000e+00,0.000000000000000000e+00,0.000000000000000000e+00,0.000000000000000000e+00,0.000000000000000000e+00,0.000000000000000000e+00,0.000000000000000000e+00,0.000000000000000000e+00,0.000000000000000000e+00,0.000000000000000000e+00,0.000000000000000000e+00,0.000000000000000000e+00,0.000000000000000000e+00,0.000000000000000000e+00,0.000000000000000000e+00,0.000000000000000000e+00,0.000000000000000000e+00,0.000000000000000000e+00,0.000000000000000000e+00,0.000000000000000000e+00,0.000000000000000000e+00,0.000000000000000000e+00,0.000000000000000000e+00,0.000000000000000000e+00,0.000000000000000000e+00,0.000000000000000000e+00,0.000000000000000000e+00,0.000000000000000000e+00,0.000000000000000000e+00,0.000000000000000000e+00,0.000000000000000000e+00,0.000000000000000000e+00,0.000000000000000000e+00,0.000000000000000000e+00,0.000000000000000000e+00,0.000000000000000000e+00,0.000000000000000000e+00,0.000000000000000000e+00,0.000000000000000000e+00,0.000000000000000000e+00,0.000000000000000000e+00,0.000000000000000000e+00,0.000000000000000000e+00,0.000000000000000000e+00,0.000000000000000000e+00,0.000000000000000000e+00,0.000000000000000000e+00,0.000000000000000000e+00,0.000000000000000000e+00,0.000000000000000000e+00,0.000000000000000000e+00,0.000000000000000000e+00,0.000000000000000000e+00,0.000000000000000000e+00,0.000000000000000000e+00,0.000000000000000000e+00,0.000000000000000000e+00,0.000000000000000000e+00,0.000000000000000000e+00,0.000000000000000000e+00,0.000000000000000000e+00,0.000000000000000000e+00,0.000000000000000000e+00,0.000000000000000000e+00,0.000000000000000000e+00,0.000000000000000000e+00,0.000000000000000000e+00,0.000000000000000000e+00,0.000000000000000000e+00,0.000000000000000000e+00,0.000000000000000000e+00,0.000000000000000000e+00,0.000000000000000000e+00,0.000000000000000000e+00,0.000000000000000000e+00,0.000000000000000000e+00,0.000000000000000000e+00,0.000000000000000000e+00,0.000000000000000000e+00,0.000000000000000000e+00,0.000000000000000000e+00,0.000000000000000000e+00,0.000000000000000000e+00,0.000000000000000000e+00,0.000000000000000000e+00,0.000000000000000000e+00,0.000000000000000000e+00,0.000000000000000000e+00,0.000000000000000000e+00,0.000000000000000000e+00,0.000000000000000000e+00,0.000000000000000000e+00,0.000000000000000000e+00,0.000000000000000000e+00,0.000000000000000000e+00,0.000000000000000000e+00,0.000000000000000000e+00,0.000000000000000000e+00,0.000000000000000000e+00,0.000000000000000000e+00,0.000000000000000000e+00,0.000000000000000000e+00,0.000000000000000000e+00,0.000000000000000000e+00,0.000000000000000000e+00,0.000000000000000000e+00,0.000000000000000000e+00,0.000000000000000000e+00,0.000000000000000000e+00,0.000000000000000000e+00,0.000000000000000000e+00,0.000000000000000000e+00,0.000000000000000000e+00
RPM,0.000000000000000000e+00,0.000000000000000000e+00,0.000000000000000000e+00,0.000000000000000000e+00,0.000000000000000000e+00,0.000000000000000000e+00,0.000000000000000000e+00,0.000000000000000000e+00,0.000000000000000000e+00,0.000000000000000000e+00,0.000000000000000000e+00,0.000000000000000000e+00,0.000000000000000000e+00,0.000000000000000000e+00,0.000000000000000000e+00,0.000000000000000000e+00,0.000000000000000000e+00,0.000000000000000000e+00,0.000000000000000000e+00,0.000000000000000000e+00,0.000000000000000000e+00,0.000000000000000000e+00,0.000000000000000000e+00,0.000000000000000000e+00,0.000000000000000000e+00,0.000000000000000000e+00,0.000000000000000000e+00,0.000000000000000000e+00,0.000000000000000000e+00,0.000000000000000000e+00,0.000000000000000000e+00,0.000000000000000000e+00,0.000000000000000000e+00,0.000000000000000000e+00,0.000000000000000000e+00,0.000000000000000000e+00,0.000000000000000000e+00,0.000000000000000000e+00,0.000000000000000000e+00,0.000000000000000000e+00,0.000000000000000000e+00,0.000000000000000000e+00,0.000000000000000000e+00,0.000000000000000000e+00,0.000000000000000000e+00,0.000000000000000000e+00,0.000000000000000000e+00,0.000000000000000000e+00,0.000000000000000000e+00,0.000000000000000000e+00,0.000000000000000000e+00,0.000000000000000000e+00,0.000000000000000000e+00,0.000000000000000000e+00,0.000000000000000000e+00,0.000000000000000000e+00,0.000000000000000000e+00,0.000000000000000000e+00,0.000000000000000000e+00,0.000000000000000000e+00,0.000000000000000000e+00,0.000000000000000000e+00,0.000000000000000000e+00,0.000000000000000000e+00,0.000000000000000000e+00,0.000000000000000000e+00,0.000000000000000000e+00,0.000000000000000000e+00,0.000000000000000000e+00,0.000000000000000000e+00,0.000000000000000000e+00,0.000000000000000000e+00,0.000000000000000000e+00,0.000000000000000000e+00,0.000000000000000000e+00,0.000000000000000000e+00,0.000000000000000000e+00,0.000000000000000000e+00,0.000000000000000000e+00,0.000000000000000000e+00,0.000000000000000000e+00,0.000000000000000000e+00,0.000000000000000000e+00,0.000000000000000000e+00,0.000000000000000000e+00,0.000000000000000000e+00,0.000000000000000000e+00,0.000000000000000000e+00,0.000000000000000000e+00,0.000000000000000000e+00,0.000000000000000000e+00,0.000000000000000000e+00,0.000000000000000000e+00,0.000000000000000000e+00,0.000000000000000000e+00,0.000000000000000000e+00,0.000000000000000000e+00,0.000000000000000000e+00,0.000000000000000000e+00,0.000000000000000000e+00,0.000000000000000000e+00,0.000000000000000000e+00,0.000000000000000000e+00,0.000000000000000000e+00,0.000000000000000000e+00,0.000000000000000000e+00,0.000000000000000000e+00,0.000000000000000000e+00,0.000000000000000000e+00,0.000000000000000000e+00,0.000000000000000000e+00,0.000000000000000000e+00,0.000000000000000000e+00,0.000000000000000000e+00,0.000000000000000000e+00,0.000000000000000000e+00,0.000000000000000000e+00,0.000000000000000000e+00,0.000000000000000000e+00,0.000000000000000000e+00,0.000000000000000000e+00,0.000000000000000000e+00,0.000000000000000000e+00,0.000000000000000000e+00,0.000000000000000000e+00,0.000000000000000000e+00,0.000000000000000000e+00,0.000000000000000000e+00,0.000000000000000000e+00,0.000000000000000000e+00,0.000000000000000000e+00,0.000000000000000000e+00,0.000000000000000000e+00,0.000000000000000000e+00,0.000000000000000000e+00,0.000000000000000000e+00
SoverB,2.940999999999999864e-02,5.881999999999999729e-02,8.823999999999999899e-02,1.176500000000000046e-01,1.470599999999999963e-01,1.764699999999999880e-01,2.058800000000000074e-01,2.352899999999999991e-01,2.647100000000000009e-01,2.941199999999999926e-01,3.235299999999999843e-01,3.529399999999999760e-01,3.823500000000000232e-01,4.117600000000000149e-01,4.411800000000000166e-01,4.705900000000000083e-01,5.000000000000000000e-01,5.294100000000000472e-01,5.588199999999999834e-01,5.882399999999999851e-01,6.176500000000000323e-01,6.470599999999999685e-01,6.764700000000000157e-01,7.058799999999999519e-01,7.352899999999999991e-01,7.647100000000000009e-01,7.941200000000000481e-01,8.235299999999999843e-01,8.529400000000000315e-01,8.823499999999999677e-01,9.117600000000000149e-01,9.411800000000000166e-01,9.705899999999999528e-01,1.000000000000000000e+00,2.940999999999999864e-02,5.881999999999999729e-02,8.823999999999999899e-02,1.176500000000000046e-01,1.470599999999999963e-01,1.764699999999999880e-01,2.058800000000000074e-01,2.352899999999999991e-01,2.647100000000000009e-01,2.941199999999999926e-01,3.235299999999999843e-01,3.529399999999999760e-01,3.823500000000000232e-01,4.117600000000000149e-01,4.411800000000000166e-01,4.705900000000000083e-01,5.000000000000000000e-01,5.294100000000000472e-01,5.588199999999999834e-01,5.882399999999999851e-01,6.176500000000000323e-01,6.470599999999999685e-01,6.764700000000000157e-01,7.058799999999999519e-01,7.352899999999999991e-01,7.647100000000000009e-01,7.941200000000000481e-01,8.235299999999999843e-01,8.529400000000000315e-01,8.823499999999999677e-01,9.117600000000000149e-01,9.411800000000000166e-01,9.705899999999999528e-01,1.000000000000000000e+00,5.881999999999999729e-02,1.176500000000000046e-01,1.764699999999999880e-01,2.352899999999999991e-01,2.941199999999999926e-01,3.529399999999999760e-01,4.117600000000000149e-01,4.705900000000000083e-01,5.294100000000000472e-01,5.882399999999999851e-01,6.470599999999999685e-01,7.058799999999999519e-01,7.647100000000000009e-01,8.235299999999999843e-01,8.823499999999999677e-01,9.411800000000000166e-01,1.000000000000000000e+00,5.881999999999999729e-02,1.176500000000000046e-01,1.764699999999999880e-01,2.352899999999999991e-01,2.941199999999999926e-01,3.529399999999999760e-01,4.117600000000000149e-01,4.705900000000000083e-01,5.294100000000000472e-01,5.882399999999999851e-01,6.470599999999999685e-01,7.058799999999999519e-01,7.647100000000000009e-01,8.235299999999999843e-01,8.823499999999999677e-01,9.411800000000000166e-01,1.000000000000000000e+00,5.881999999999999729e-02,1.176500000000000046e-01,1.764699999999999880e-01,2.352899999999999991e-01,2.941199999999999926e-01,3.529399999999999760e-01,4.117600000000000149e-01,4.705900000000000083e-01,5.294100000000000472e-01,5.882399999999999851e-01,6.470599999999999685e-01,7.058799999999999519e-01,7.647100000000000009e-01,8.235299999999999843e-01,8.823499999999999677e-01,9.411800000000000166e-01,1.000000000000000000e+00,5.881999999999999729e-02,1.176500000000000046e-01,1.764699999999999880e-01,2.352899999999999991e-01,2.941199999999999926e-01,3.529399999999999760e-01,4.117600000000000149e-01,4.705900000000000083e-01,5.294100000000000472e-01,5.882399999999999851e-01,6.470599999999999685e-01,7.058799999999999519e-01,7.647100000000000009e-01,8.235299999999999843e-01,8.823499999999999677e-01,9.411800000000000166e-01,1.000000000000000000e+00
StallFact,1.000000000000000000e+00,1.000000000000000000e+00,1.000000000000000000e+00,1.000000000000000000e+00,1.000000000000000000e+00,1.000000000000000000e+00,1.000000000000000000e+00,1.000000000000000000e+00,1.000000000000000000e+00,1.000000000000000000e+00,1.000000000000000000e+00,1.000000000000000000e+00,1.000000000000000000e+00,1.000000000000000000e+00,1.000000000000000000e+00,1.000000000000000000e+00,1.000000000000000000e+00,1.000000000000000000e+00,1.000000000000000000e+00,1.000000000000000000e+00,1.000000000000000000e+00,1.000000000000000000e+00,1.000000000000000000e+00,1.000000000000000000e+00,1.000000000000000000e+00,1.000000000000000000e+00,1.000000000000000000e+00,1.000000000000000000e+00,1.000000000000000000e+00,1.000000000000000000e+00,1.000000000000000000e+00,1.000000000000000000e+00,1.000000000000000000e+00,1.000000000000000000e+00,1.000000000000000000e+00,1.000000000000000000e+00,1.000000000000000000e+00,1.000000000000000000e+00,1.000000000000000000e+00,1.000000000000000000e+00,1.000000000000000000e+00,1.000000000000000000e+00,1.000000000000000000e+00,1.000000000000000000e+00,1.000000000000000000e+00,1.000000000000000000e+00,1.000000000000000000e+00,1.000000000000000000e+00,1.000000000000000000e+00,1.000000000000000000e+00,1.000000000000000000e+00,1.000000000000000000e+00,1.000000000000000000e+00,1.000000000000000000e+00,1.000000000000000000e+00,1.000000000000000000e+00,1.000000000000000000e+00,1.000000000000000000e+00,1.000000000000000000e+00,1.000000000000000000e+00,1.000000000000000000e+00,1.000000000000000000e+00,1.000000000000000000e+00,1.000000000000000000e+00,1.000000000000000000e+00,1.000000000000000000e+00,1.000000000000000000e+00,1.000000000000000000e+00,1.000000000000000000e+00,1.000000000000000000e+00,1.000000000000000000e+00,1.000000000000000000e+00,1.000000000000000000e+00,1.000000000000000000e+00,1.000000000000000000e+00,1.000000000000000000e+00,1.000000000000000000e+00,1.000000000000000000e+00,1.000000000000000000e+00,1.000000000000000000e+00,1.000000000000000000e+00,1.000000000000000000e+00,1.000000000000000000e+00,1.000000000000000000e+00,1.000000000000000000e+00,1.000000000000000000e+00,1.000000000000000000e+00,1.000000000000000000e+00,1.000000000000000000e+00,1.000000000000000000e+00,1.000000000000000000e+00,1.000000000000000000e+00,1.000000000000000000e+00,1.000000000000000000e+00,1.000000000000000000e+00,1.000000000000000000e+00,1.000000000000000000e+00,1.000000000000000000e+00,1.000000000000000000e+00,1.000000000000000000e+00,1.000000000000000000e+00,1.000000000000000000e+00,1.000000000000000000e+00,1.000000000000000000e+00,1.000000000000000000e+00,1.000000000000000000e+00,1.000000000000000000e+00,1.000000000000000000e+00,1.000000000000000000e+00,1.000000000000000000e+00,1.000000000000000000e+00,1.000000000000000000e+00,1.000000000000000000e+00,1.000000000000000000e+00,1.000000000000000000e+00,1.000000000000000000e+00,1.000000000000000000e+00,1.000000000000000000e+00,1.000000000000000000e+00,1.000000000000000000e+00,1.000000000000000000e+00,1.000000000000000000e+00,1.000000000000000000e+00,1.000000000000000000e+00,1.000000000000000000e+00,1.000000000000000000e+00,1.000000000000000000e+00,1.000000000000000000e+00,1.000000000000000000e+00,1.000000000000000000e+00,1.000000000000000000e+00,1.000000000000000000e+00,1.000000000000000000e+00,1.000000000000000000e+00,1.000000000000000000e+00,1.000000000000000000e+00
Thrust,0.000000000000000000e+00,0.000000000000000000e+00,0.000000000000000000e+00,0.000000000000000000e+00,0.000000000000000000e+00,0.000000000000000000e+00,0.000000000000000000e+00,0.000000000000000000e+00,0.000000000000000000e+00,0.000000000000000000e+00,0.000000000000000000e+00,0.000000000000000000e+00,0.000000000000000000e+00,0.000000000000000000e+00,0.000000000000000000e+00,0.000000000000000000e+00,0.000000000000000000e+00,0.000000000000000000e+00,0.000000000000000000e+00,0.000000000000000000e+00,0.000000000000000000e+00,0.000000000000000000e+00,0.000000000000000000e+00,0.000000000000000000e+00,0.000000000000000000e+00,0.000000000000000000e+00,0.000000000000000000e+00,0.000000000000000000e+00,0.000000000000000000e+00,0.000000000000000000e+00,0.000000000000000000e+00,0.000000000000000000e+00,0.000000000000000000e+00,0.000000000000000000e+00,0.000000000000000000e+00,0.000000000000000000e+00,0.000000000000000000e+00,0.000000000000000000e+00,0.000000000000000000e+00,0.000000000000000000e+00,0.000000000000000000e+00,0.000000000000000000e+00,0.000000000000000000e+00,0.000000000000000000e+00,0.000000000000000000e+00,0.000000000000000000e+00,0.000000000000000000e+00,0.000000000000000000e+00,0.000000000000000000e+00,0.000000000000000000e+00,0.000000000000000000e+00,0.000000000000000000e+00,0.000000000000000000e+00,0.000000000000000000e+00,0.000000000000000000e+00,0.000000000000000000e+00,0.000000000000000000e+00,0.000000000000000000e+00,0.000000000000000000e+00,0.000000000000000000e+00,0.000000000000000000e+00,0.000000000000000000e+00,0.000000000000000000e+00,0.000000000000000000e+00,0.000000000000000000e+00,0.000000000000000000e+00,0.000000000000000000e+00,0.000000000000000000e+00,0.000000000000000000e+00,0.000000000000000000e+00,0.000000000000000000e+00,0.000000000000000000e+00,0.000000000000000000e+00,0.000000000000000000e+00,0.000000000000000000e+00,0.000000000000000000e+00,0.000000000000000000e+00,0.000000000000000000e+00,0.000000000000000000e+00,0.000000000000000000e+00,0.000000000000000000e+00,0.000000000000000000e+00,0.000000000000000000e+00,0.000000000000000000e+00,0.000000000000000000e+00,0.000000000000000000e+00,0.000000000000000000e+00,0.000000000000000000e+00,0.000000000000000000e+00,0.000000000000000000e+00,0.000000000000000000e+00,0.000000000000000000e+00,0.000000000000000000e+00,0.000000000000000000e+00,0.000000000000000000e+00,0.000000000000000000e+00,0.000000000000000000e+00,0.000000000000000000e+00,0.000000000000000000e+00,0.000000000000000000e+00,0.000000000000000000e+00,0.000000000000000000e+00,0.000000000000000000e+00,0.000000000000000000e+00,0.000000000000000000e+00,0.000000000000000000e+00,0.000000000000000000e+00,0.000000000000000000e+00,0.000000000000000000e+00,0.000000000000000000e+00,0.000000000000000000e+00,0.000000000000000000e+00,0.000000000000000000e+00,0.000000000000000000e+00,0.000000000000000000e+00,0.000000000000000000e+00,0.000000000000000000e+00,0.000000000000000000e+00,0.000000000000000000e+00,0.000000000000000000e+00,0.000000000000000000e+00,0.000000000000000000e+00,0.000000000000000000e+00,0.000000000000000000e+00,0.000000000000000000e+00,0.000000000000000000e+00,0.000000000000000000e+00,0.000000000000000000e+00,0.000000000000000000e+00,0.000000000000000000e+00,0.000000000000000000e+00,0.000000000000000000e+00,0.000000000000000000e+00,0.000000000000000000e+00,0.000000000000000000e+00,0.000000000000000000e+00
Thrusti,0.000000000000000000e+00,0.000000000000000000e+00,0.000000000000000000e+00,0.000000000000000000e+00,0.000000000000000000e+00,0.000000000000000000e+00,0.000000000000000000e+00,0.000000000000000000e+00,0.000000000000000000e+00,0.000000000000000000e+00,0.000000000000000000e+00,0.000000000000000000e+00,0.000000000000000000e+00,0.000000000000000000e+00,0.000000000000000000e+00,0.000000000000000000e+00,0.000000000000000000e+00,0.000000000000000000e+00,0.000000000000000000e+00,0.000000000000000000e+00,0.000000000000000000e+00,0.000000000000000000e+00,0.000000000000000000e+00,0.000000000000000000e+00,0.000000000000000000e+00,0.000000000000000000e+00,0.000000000000000000e+00,0.000000000000000000e+00,0.000000000000000000e+00,0.000000000000000000e+00,0.000000000000000000e+00,0.000000000000000000e+00,0.000000000000000000e+00,0.000000000000000000e+00,0.000000000000000000e+00,0.000000000000000000e+00,0.000000000000000000e+00,0.000000000000000000e+00,0.000000000000000000e+00,0.000000000000000000e+00,0.000000000000000000e+00,0.000000000000000000e+00,0.000000000000000000e+00,0.000000000000000000e+00,0.000000000000000000e+00,0.000000000000000000e+00,0.000000000000000000e+00,0.000000000000000000e+00,0.000000000000000000e+00,0.000000000000000000e+00,0.000000000000000000e+00,0.000000000000000000e+00,0.000000000000000000e+00,0.000000000000000000e+00,0.000000000000000000e+00,0.000000000000000000e+00,0.000000000000000000e+00,0.000000000000000000e+00,0.000000000000000000e+00,0.000000000000000000e+00,0.000000000000000000e+00,0.000000000000000000e+00,0.000000000000000000e+00,0.000000000000000000e+00,0.000000000000000000e+00,0.000000000000000000e+00,0.000000000000000000e+00,0.000000000000000000e+00,0.000000000000000000e+00,0.000000000000000000e+00,0.000000000000000000e+00,0.000000000000000000e+00,0.000000000000000000e+00,0.000000000000000000e+00,0.000000000000000000e+00,0.000000000000000000e+00,0.000000000000000000e+00,0.000000000000000000e+00,0.000000000000000000e+00,0.000000000000000000e+00,0.000000000000000000e+00,0.000000000000000000e+00,0.000000000000000000e+00,0.000000000000000000e+00,0.000000000000000000e+00,0.000000000000000000e+00,0.000000000000000000e+00,0.000000000000000000e+00,0.000000000000000000e+00,0.000000000000000000e+00,0.000000000000000000e+00,0.000000000000000000e+00,0.000000000000000000e+00,0.000000000000000000e+00,0.000000000000000000e+00,0.000000000000000000e+00,0.000000000000000000e+00,0.000000000000000000e+00,0.000000000000000000e+00,0.000000000000000000e+00,0.000000000000000000e+00,0.000000000000000000e+00,0.000000000000000000e+00,0.000000000000000000e+00,0.000000000000000000e+00,0.000000000000000000e+00,0.000000000000000000e+00,0.000000000000000000e+00,0.000000000000000000e+00,0.000000000000000000e+00,0.000000000000000000e+00,0.000000000000000000e+00,0.000000000000000000e+00,0.000000000000000000e+00,0.000000000000000000e+00,0.000000000000000000e+00,0.000000000000000000e+00,0.000000000000000000e+00,0.000000000000000000e+00,0.000000000000000000e+00,0.000000000000000000e+00,0.000000000000000000e+00,0.000000000000000000e+00,0.000000000000000000e+00,0.000000000000000000e+00,0.000000000000000000e+00,0.000000000000000000e+00,0.000000000000000000e+00,0.000000000000000000e+00,0.000000000000000000e+00,0.000000000000000000e+00,0.000000000000000000e+00,0.000000000000000000e+00,0.000000000000000000e+00,0.000000000000000000e+00,0.000000000000000000e+00
Thrusto,0.000000000000000000e+00,0.000000000000000000e+00,0.000000000000000000e+00,0.000000000000000000e+00,0.000000000000000000e+00,0.000000000000000000e+00,0.000000000000000000e+00,0.000000000000000000e+00,0.000000000000000000e+00,0.000000000000000000e+00,0.000000000000000000e+00,0.000000000000000000e+00,0.000000000000000000e+00,0.000000000000000000e+00,0.000000000000000000e+00,0.000000000000000000e+00,0.000000000000000000e+00,0.000000000000000000e+00,0.000000000000000000e+00,0.000000000000000000e+00,0.000000000000000000e+00,0.000000000000000000e+00,0.000000000000000000e+00,0.000000000000000000e+00,0.000000000000000000e+00,0.000000000000000000e+00,0.000000000000000000e+00,0.000000000000000000e+00,0.000000000000000000e+00,0.000000000000000000e+00,0.000000000000000000e+00,0.000000000000000000e+00,0.000000000000000000e+00,0.000000000000000000e+00,0.000000000000000000e+00,0.000000000000000000e+00,0.000000000000000000e+00,0.000000000000000000e+00,0.000000000000000000e+00,0.000000000000000000e+00,0.000000000000000000e+00,0.000000000000000000e+00,0.000000000000000000e+00,0.000000000000000000e+00,0.000000000000000000e+00,0.000000000000000000e+00,0.000000000000000000e+00,0.000000000000000000e+00,0.000000000000000000e+00,0.000000000000000000e+00,0.000000000000000000e+00,0.000000000000000000e+00,0.000000000000000000e+00,0.000000000000000000e+00,0.000000000000000000e+00,0.000000000000000000e+00,0.000000000000000000e+00,0.000000000000000000e+00,0.000000000000000000e+00,0.000000000000000000e+00,0.000000000000000000e+00,0.000000000000000000e+00,0.000000000000000000e+00,0.000000000000000000e+00,0.000000000000000000e+00,0.000000000000000000e+00,0.000000000000000000e+00,0.000000000000000000e+00,0.000000000000000000e+00,0.000000000000000000e+00,0.000000000000000000e+00,0.000000000000000000e+00,0.000000000000000000e+00,0.000000000000000000e+00,0.000000000000000000e+00,0.000000000000000000e+00,0.000000000000000000e+00,0.000000000000000000e+00,0.000000000000000000e+00,0.000000000000000000e+00,0.000000000000000000e+00,0.000000000000000000e+00,0.000000000000000000e+00,0.000000000000000000e+00,0.000000000000000000e+00,0.000000000000000000e+00,0.000000000000000000e+00,0.000000000000000000e+00,0.000000000000000000e+00,0.000000000000000000e+00,0.000000000000000000e+00,0.000000000000000000e+00,0.000000000000000000e+00,0.000000000000000000e+00,0.000000000000000000e+00,0.000000000000000000e+00,0.000000000000000000e+00,0.000000000000000000e+00,0.000000000000000000e+00,0.000000000000000000e+00,0.000000000000000000e+00,0.000000000000000000e+00,0.000000000000000000e+00,0.000000000000000000e+00,0.000000000000000000e+00,0.000000000000000000e+00,0.000000000000000000e+00,0.000000000000000000e+00,0.000000000000000000e+00,0.000000000000000000e+00,0.000000000000000000e+00,0.000000000000000000e+00,0.000000000000000000e+00,0.000000000000000000e+00,0.000000000000000000e+00,0.000000000000000000e+00,0.000000000000000000e+00,0.000000000000000000e+00,0.000000000000000000e+00,0.000000000000000000e+00,0.000000000000000000e+00,0.000000000000000000e+00,0.000000000000000000e+00,0.000000000000000000e+00,0.000000000000000000e+00,0.000000000000000000e+00,0.000000000000000000e+00,0.000000000000000000e+00,0.000000000000000000e+00,0.000000000000000000e+00,0.000000000000000000e+00,0.000000000000000000e+00,0.000000000000000000e+00,0.000000000000000000e+00,0.000000000000000000e+00,0.000000000000000000e+00
TrailVort,1,2,3,4,5,6,7,8,9,10,11,12,13,14,15,16,17,18,19,20,21,22,23,24,25,26,27,28,29,30,31,32,33,34,1,2,3,4,5,6,7,8,9,10,11,12,13,14,15,16,17,18,19,20,21,22,23,24,25,26,27,28,29,30,31,32,33,34,1,2,3,4,5,6,7,8,9,10,11,12,13,14,15,16,17,1,2,3,4,5,6,7,8,9,10,11,12,13,14,15,16,17,1,2,3,4,5,6,7,8,9,10,11,12,13,14,15,16,17,1,2,3,4,5,6,7,8,9,10,11,12,13,14,15,16,17
Unsteady,0
V/Vref,1.000000000000000000e+00,1.000000000000000000e+00,1.000000000000000000e+00,1.000000000000000000e+00,1.000000000000000000e+00,1.000000000000000000e+00,1.000000000000000000e+00,1.000000000000000000e+00,1.000000000000000000e+00,1.000000000000000000e+00,1.000000000000000000e+00,1.000000000000000000e+00,1.000000000000000000e+00,1.000000000000000000e+00,1.000000000000000000e+00,1.000000000000000000e+00,1.000000000000000000e+00,1.000000000000000000e+00,1.000000000000000000e+00,1.000000000000000000e+00,1.000000000000000000e+00,1.000000000000000000e+00,1.000000000000000000e+00,1.000000000000000000e+00,1.000000000000000000e+00,1.000000000000000000e+00,1.000000000000000000e+00,1.000000000000000000e+00,1.000000000000000000e+00,1.000000000000000000e+00,1.000000000000000000e+00,1.000000000000000000e+00,1.000000000000000000e+00,1.000000000000000000e+00,1.000000000000000000e+00,1.000000000000000000e+00,1.000000000000000000e+00,1.000000000000000000e+00,1.000000000000000000e+00,1.000000000000000000e+00,1.000000000000000000e+00,1.000000000000000000e+00,1.000000000000000000e+00,1.000000000000000000e+00,1.000000000000000000e+00,1.000000000000000000e+00,1.000000000000000000e+00,1.000000000000000000e+00,1.000000000000000000e+00,1.000000000000000000e+00,1.000000000000000000e+00,1.000000000000000000e+00,1.000000000000000000e+00,1.000000000000000000e+00,1.000000000000000000e+00,1.000000000000000000e+00,1.000000000000000000e+00,1.000000000000000000e+00,1.000000000000000000e+00,1.000000000000000000e+00,1.000000000000000000e+00,1.000000000000000000e+00,1.000000000000000000e+00,1.000000000000000000e+00,1.000000000000000000e+00,1.000000000000000000e+00,1.000000000000000000e+00,1.000000000000000000e+00,1.000000000000000000e+00,1.000000000000000000e+00,1.000000000000000000e+00,1.000000000000000000e+00,1.000000000000000000e+00,1.000000000000000000e+00,1.000000000000000000e+00,1.000000000000000000e+00,1.000000000000000000e+00,1.000000000000000000e+00,1.000000000000000000e+00,1.000000000000000000e+00,1.000000000000000000e+00,1.000000000000000000e+00,1.000000000000000000e+00,1.000000000000000000e+00,1.000000000000000000e+00,1.000000000000000000e+00,1.000000000000000000e+00,1.000000000000000000e+00,1.000000000000000000e+00,1.000000000000000000e+00,1.000000000000000000e+00,1.000000000000000000e+00,1.000000000000000000e+00,1.000000000000000000e+00,1.000000000000000000e+00,1.000000000000000000e+00,1.000000000000000000e+00,1.000000000000000000e+00,1.000000000000000000e+00,1.000000000000000000e+00,1.000000000000000000e+00,1.000000000000000000e+00,1.000000000000000000e+00,1.000000000000000000e+00,1.000000000000000000e+00,1.000000000000000000e+00,1.000000000000000000e+00,1.000000000000000000e+00,1.000000000000000000e+00,1.000000000000000000e+00,1.000000000000000000e+00,1.000000000000000000e+00,1.000000000000000000e+00,1.000000000000000000e+00,1.000000000000000000e+00,1.000000000000000000e+00,1.000000000000000000e+00,1.000000000000000000e+00,1.000000000000000000e+00,1.000000000000000000e+00,1.000000000000000000e+00,1.000000000000000000e+00,1.000000000000000000e+00,1.000000000000000000e+00,1.000000000000000000e+00,1.000000000000000000e+00,1.000000000000000000e+00,1.000000000000000000e+00,1.000000000000000000e+00,1.000000000000000000e+00,1.000000000000000000e+00,1.000000000000000000e+00,1.000000000000000000e+00,1.000000000000000000e+00,1.000000000000000000e+00,1.000000000000000000e+00
VortexSheet,1,1,1,1,1,1,1,1,1,1,1,1,1,1,1,1,1,1,1,1,1,1,1,1,1,1,1,1,1,1,1,1,1,1,2,2,2,2,2,2,2,2,2,2,2,2,2,2,2,2,2,2,2,2,2,2,2,2,2,2,2,2,2,2,2,2,2,2,3,3,3,3,3,3,3,3,3,3,3,3,3,3,3,3,3,4,4,4,4,4,4,4,4,4,4,4,4,4,4,4,4,4,5,5,5,5,5,5,5,5,5,5,5,5,5,5,5,5,5,6,6,6,6,6,6,6,6,6,6,6,6,6,6,6,6,6
Xavg,3.907818999999999932e+01,3.905443999999999960e+01,3.903068999999999988e+01,3.900694000000000017e+01,3.898319000000000045e+01,3.895944000000000074e+01,3.893569000000000102e+01,3.891194999999999737e+01,3.888819999999999766e+01,3.886444999999999794e+01,3.884069999999999823e+01,3.881694999999999851e+01,3.879319999999999879e+01,3.876946000000000225e+01,3.874571000000000254e+01,3.872196000000000282e+01,3.869821000000000311e+01,3.869821000000000311e+01,3.872196000000000282e+01,3.874571000000000254e+01,3.876946000000000225e+01,3.879319999999999879e+01,3.881694999999999851e+01,3.884069999999999823e+01,3.886444999999999794e+01,3.888819999999999766e+01,3.891194999999999737e+01,3.893569000000000102e+01,3.895944000000000074e+01,3.898319000000000045e+01,3.900694000000000017e+01,3.903068999999999988e+01,3.905443999999999960e+01,3.907818999999999932e+01,4.378320000000000078e+01,4.389755000000000251e+01,4.401189999999999714e+01,4.412624999999999886e+01,4.424060000000000059e+01,4.435495000000000232e+01,4.446931000000000012e+01,4.458366000000000184e+01,4.469800999999999647e+01,4.481235999999999819e+01,4.492670999999999992e+01,4.504106999999999772e+01,4.515541999999999945e+01,4.526977000000000118e+01,4.538412000000000290e+01,4.549846999999999753e+01,4.561281999999999925e+01,4.561281999999999925e+01,4.549846999999999753e+01,4.538412000000000290e+01,4.526977000000000118e+01,4.515541999999999945e+01,4.504106999999999772e+01,4.492670999999999992e+01,4.481235999999999819e+01,4.469800999999999647e+01,4.458366000000000184e+01,4.446931000000000012e+01,4.435495000000000232e+01,4.424060000000000059e+01,4.412624999999999886e+01,4.401189999999999714e+01,4.389755000000000251e+01,4.378320000000000078e+01,4.383039000000000129e+01,4.382710999999999757e+01,4.382381999999999778e+01,4.382052999999999798e+01,4.381723999999999819e+01,4.381396000000000157e+01,4.381067000000000178e+01,4.380738000000000198e+01,4.380409000000000219e+01,4.380080999999999847e+01,4.379751999999999867e+01,4.379422999999999888e+01,4.379093999999999909e+01,4.378764999999999930e+01,4.378437000000000268e+01,4.378108000000000288e+01,4.377779000000000309e+01,4.383039000000000129e+01,4.382710999999999757e+01,4.382381999999999778e+01,4.382052999999999798e+01,4.381723999999999819e+01,4.381396000000000157e+01,4.381067000000000178e+01,4.380738000000000198e+01,4.380409000000000219e+01,4.380080999999999847e+01,4.379751999999999867e+01,4.379422999999999888e+01,4.379093999999999909e+01,4.378764999999999930e+01,4.378437000000000268e+01,4.378108000000000288e+01,4.377779000000000309e+01,4.383039000000000129e+01,4.382710999999999757e+01,4.382381999999999778e+01,4.382052999999999798e+01,4.381723999999999819e+01,4.381396000000000157e+01,4.381067000000000178e+01,4.380738000000000198e+01,4.380409000000000219e+01,4.380080999999999847e+01,4.379751999999999867e+01,4.379422999999999888e+01,4.379093999999999909e+01,4.378764999999999930e+01,4.378437000000000268e+01,4.378108000000000288e+01,4.377779000000000309e+01,4.383039000000000129e+01,4.382710999999999757e+01,4.382381999999999778e+01,4.382052999999999798e+01,4.381723999999999819e+01,4.381396000000000157e+01,4.381067000000000178e+01,4.380738000000000198e+01,4.380409000000000219e+01,4.380080999999999847e+01,4.379751999999999867e+01,4.379422999999999888e+01,4.379093999999999909e+01,4.378764999999999930e+01,4.378437000000000268e+01,4.378108000000000288e+01,4.377779000000000309e+01
Yavg,1.570897000000000077e+01,1.475690999999999953e+01,1.380485000000000007e+01,1.285279000000000060e+01,1.190074000000000076e+01,1.094867999999999952e+01,9.996620000000000061e+00,9.044560000000000599e+00,8.092499999999999361e+00,7.140439999999999898e+00,6.188380000000000436e+00,5.236320000000000086e+00,4.284259999999999735e+00,3.332209999999999894e+00,2.380149999999999988e+00,1.428090000000000082e+00,4.760300000000000087e-01,-4.760300000000000087e-01,-1.428090000000000082e+00,-2.380149999999999988e+00,-3.332209999999999894e+00,-4.284259999999999735e+00,-5.236320000000000086e+00,-6.188380000000000436e+00,-7.140439999999999898e+00,-8.092499999999999361e+00,-9.044560000000000599e+00,-9.996620000000000061e+00,-1.094867999999999952e+01,-1.190074000000000076e+01,-1.285279000000000060e+01,-1.380485000000000007e+01,-1.475690999999999953e+01,-1.570897000000000077e+01,7.852059999999999818e+00,7.376179999999999737e+00,6.900290000000000035e+00,6.424409999999999954e+00,5.948529999999999873e+00,5.472649999999999793e+00,4.996760000000000090e+00,4.520880000000000010e+00,4.044999999999999929e+00,3.569119999999999848e+00,3.093240000000000212e+00,2.617350000000000065e+00,2.141469999999999985e+00,1.665589999999999904e+00,1.189710000000000045e+00,7.138200000000000101e-01,2.379400000000000126e-01,-2.379400000000000126e-01,-7.138200000000000101e-01,-1.189710000000000045e+00,-1.665589999999999904e+00,-2.141469999999999985e+00,-2.617350000000000065e+00,-3.093240000000000212e+00,-3.569119999999999848e+00,-4.044999999999999929e+00,-4.520880000000000010e+00,-4.996760000000000090e+00,-5.472649999999999793e+00,-5.948529999999999873e+00,-6.424409999999999954e+00,-6.900290000000000035e+00,-7.376179999999999737e+00,-7.852059999999999818e+00,8.109999999999999432e+00,8.109999999999999432e+00,8.109999999999999432e+00,8.109999999999999432e+00,8.109999999999999432e+00,8.109999999999999432e+00,8.109999999999999432e+00,8.109999999999999432e+00,8.109999999999999432e+00,8.109999999999999432e+00,8.109999999999999432e+00,8.109999999999999432e+00,8.109999999999999432e+00,8.109999999999999432e+00,8.109999999999999432e+00,8.109999999999999432e+00,8.109999999999999432e+00,8.109999999999999432e+00,8.109999999999999432e+00,8.109999999999999432e+00,8.109999999999999432e+00,8.109999999999999432e+00,8.109999999999999432e+00,8.109999999999999432e+00,8.109999999999999432e+00,8.109999999999999432e+00,8.109999999999999432e+00,8.109999999999999432e+00,8.109999999999999432e+00,8.109999999999999432e+00,8.109999999999999432e+00,8.109999999999999432e+00,8.109999999999999432e+00,8.109999999999999432e+00,-8.109999999999999432e+00,-8.109999999999999432e+00,-8.109999999999999432e+00,-8.109999999999999432e+00,-8.109999999999999432e+00,-8.109999999999999432e+00,-8.109999999999999432e+00,-8.109999999999999432e+00,-8.109999999999999432e+00,-8.109999999999999432e+00,-8.109999999999999432e+00,-8.109999999999999432e+00,-8.109999999999999432e+00,-8.109999999999999432e+00,-8.109999999999999432e+00,-8.109999999999999432e+00,-8.109999999999999432e+00,-8.109999999999999432e+00,-8.109999999999999432e+00,-8.109999999999999432e+00,-8.109999999999999432e+00,-8.109999999999999432e+00,-8.109999999999999432e+00,-8.109999999999999432e+00,-8.109999999999999432e+00,-8.109999999999999432e+00,-8.109999999999999432e+00,-8.109999999999999432e+00,-8.109999999999999432e+00,-8.109999999999999432e+00,-8.109999999999999432e+00,-8.109999999999999432e+00,-8.109999999999999432e+00,-8.109999999999999432e+00
Zavg,1.899999999999999911e+00,1.899999999999999911e+00,1.899999999999999911e+00,1.899999999999999911e+00,1.899999999999999911e+00,1.899999999999999911e+00,1.899999999999999911e+00,1.899999999999999911e+00,1.899999999999999911e+00,1.899999999999999911e+00,1.899999999999999911e+00,1.899999999999999911e+00,1.899999999999999911e+00,1.899999999999999911e+00,1.899999999999999911e+00,1.899999999999999911e+00,1.899999999999999911e+00,1.899999999999999911e+00,1.899999999999999911e+00,1.899999999999999911e+00,1.899999999999999911e+00,1.899999999999999911e+00,1.899999999999999911e+00,1.899999999999999911e+00,1.899999999999999911e+00,1.899999999999999911e+00,1.899999999999999911e+00,1.899999999999999911e+00,1.899999999999999911e+00,1.899999999999999911e+00,1.899999999999999911e+00,1.899999999999999911e+00,1.899999999999999911e+00,1.899999999999999911e+00,0.000000000000000000e+00,0.000000000000000000e+00,0.000000000000000000e+00,0.000000000000000000e+00,0.000000000000000000e+00,0.000000000000000000e+00,0.000000000000000000e+00,0.000000000000000000e+00,0.000000000000000000e+00,0.000000000000000000e+00,0.000000000000000000e+00,0.000000000000000000e+00,0.000000000000000000e+00,0.000000000000000000e+00,0.000000000000000000e+00,0.000000000000000000e+00,0.000000000000000000e+00,0.000000000000000000e+00,0.000000000000000000e+00,0.000000000000000000e+00,0.000000000000000000e+00,0.000000000000000000e+00,0.000000000000000000e+00,0.000000000000000000e+00,0.000000000000000000e+00,0.000000000000000000e+00,0.000000000000000000e+00,0.000000000000000000e+00,0.000000000000000000e+00,0.000000000000000000e+00,0.000000000000000000e+00,0.000000000000000000e+00,0.000000000000000000e+00,0.000000000000000000e+00,2.034710000000000019e+00,2.264120000000000132e+00,2.493529999999999802e+00,2.722939999999999916e+00,2.952350000000000030e+00,3.181760000000000144e+00,3.411179999999999879e+00,3.640589999999999993e+00,3.870000000000000107e+00,4.099409999999999776e+00,4.328820000000000334e+00,4.558239999999999625e+00,4.787650000000000183e+00,5.017059999999999853e+00,5.246470000000000411e+00,5.475880000000000081e+00,5.705289999999999750e+00,1.765290000000000026e+00,1.535879999999999912e+00,1.306470000000000020e+00,1.077059999999999906e+00,8.476500000000000146e-01,6.182400000000000118e-01,3.888199999999999990e-01,1.594099999999999961e-01,-7.000000000000000666e-02,-2.994100000000000095e-01,-5.288199999999999568e-01,-7.582400000000000251e-01,-9.876500000000000279e-01,-1.217060000000000031e+00,-1.446469999999999922e+00,-1.675880000000000036e+00,-1.905289999999999928e+00,2.034710000000000019e+00,2.264120000000000132e+00,2.493529999999999802e+00,2.722939999999999916e+00,2.952350000000000030e+00,3.181760000000000144e+00,3.411179999999999879e+00,3.640589999999999993e+00,3.870000000000000107e+00,4.099409999999999776e+00,4.328820000000000334e+00,4.558239999999999625e+00,4.787650000000000183e+00,5.017059999999999853e+00,5.246470000000000411e+00,5.475880000000000081e+00,5.705289999999999750e+00,1.765290000000000026e+00,1.535879999999999912e+00,1.306470000000000020e+00,1.077059999999999906e+00,8.476500000000000146e-01,6.182400000000000118e-01,3.888199999999999990e-01,1.594099999999999961e-01,-7.000000000000000666e-02,-2.994100000000000095e-01,-5.288199999999999568e-01,-7.582400000000000251e-01,-9.876500000000000279e-01,-1.217060000000000031e+00,-1.446469999999999922e+00,-1.675880000000000036e+00,-1.905289999999999928e+00
cd,-4.390000000000000152e-02,-1.599000000000000074e-02,-5.449999999999999983e-03,6.499999999999999702e-04,5.579999999999999891e-03,8.580000000000000820e-03,1.124999999999999958e-02,1.342999999999999923e-02,1.870000000000000134e-02,1.615000000000000116e-02,1.583000000000000032e-02,1.583000000000000032e-02,1.668999999999999997e-02,1.688999999999999876e-02,1.768000000000000127e-02,1.813999999999999987e-02,1.915999999999999995e-02,1.915999999999999995e-02,1.813000000000000028e-02,1.767000000000000168e-02,1.688999999999999876e-02,1.667000000000000079e-02,1.581000000000000114e-02,1.581000000000000114e-02,1.612999999999999851e-02,1.866999999999999910e-02,1.341000000000000004e-02,1.123000000000000040e-02,8.540000000000000716e-03,5.539999999999999786e-03,6.700000000000000226e-04,-5.470000000000000036e-03,-1.612999999999999851e-02,-4.417000000000000093e-02,2.205999999999999975e-02,1.552000000000000081e-02,1.608000000000000054e-02,1.611999999999999891e-02,1.658000000000000099e-02,1.629999999999999852e-02,1.633000000000000076e-02,1.624000000000000096e-02,1.769000000000000086e-02,1.711000000000000021e-02,1.713999999999999899e-02,1.686999999999999958e-02,1.668999999999999997e-02,1.614000000000000157e-02,1.589000000000000135e-02,1.553000000000000040e-02,1.546999999999999938e-02,1.548000000000000070e-02,1.553000000000000040e-02,1.590000000000000094e-02,1.616000000000000075e-02,1.670999999999999916e-02,1.688999999999999876e-02,1.716000000000000164e-02,1.711999999999999980e-02,1.768000000000000127e-02,1.624000000000000096e-02,1.634000000000000036e-02,1.631000000000000158e-02,1.659000000000000058e-02,1.611999999999999891e-02,1.609000000000000014e-02,1.553000000000000040e-02,2.212000000000000077e-02,3.840000000000000097e-03,5.369999999999999774e-03,5.349999999999999721e-03,5.300000000000000024e-03,5.179999999999999709e-03,5.109999999999999959e-03,4.950000000000000407e-03,4.870000000000000197e-03,4.590000000000000330e-03,4.499999999999999660e-03,4.219999999999999793e-03,4.040000000000000188e-03,3.540000000000000178e-03,3.480000000000000020e-03,2.660000000000000038e-03,1.389999999999999960e-03,-2.030000000000000120e-03,6.479999999999999649e-03,5.449999999999999983e-03,5.409999999999999878e-03,5.290000000000000431e-03,5.139999999999999604e-03,5.029999999999999749e-03,4.839999999999999684e-03,1.649999999999999991e-03,6.800000000000000488e-04,3.749999999999999861e-03,3.239999999999999825e-03,2.670000000000000064e-03,1.330000000000000019e-03,2.999999999999999737e-04,-2.079999999999999818e-03,-5.680000000000000153e-03,-1.625000000000000056e-02,3.830000000000000071e-03,5.369999999999999774e-03,5.349999999999999721e-03,5.300000000000000024e-03,5.179999999999999709e-03,5.109999999999999959e-03,4.950000000000000407e-03,4.870000000000000197e-03,4.590000000000000330e-03,4.499999999999999660e-03,4.219999999999999793e-03,4.029999999999999728e-03,3.540000000000000178e-03,3.469999999999999994e-03,2.660000000000000038e-03,1.389999999999999960e-03,-2.010000000000000068e-03,6.490000000000000109e-03,5.449999999999999983e-03,5.409999999999999878e-03,5.290000000000000431e-03,5.139999999999999604e-03,5.029999999999999749e-03,4.839999999999999684e-03,1.660000000000000017e-03,6.599999999999999964e-04,3.749999999999999861e-03,3.239999999999999825e-03,2.680000000000000090e-03,1.340000000000000045e-03,2.900000000000000017e-04,-2.099999999999999870e-03,-5.720000000000000258e-03,-1.632000000000000117e-02
cd*c/cref,-2.538428420197307630e-03,-2.311895608921313988e-03,-1.259339895889736907e-03,2.064139581988048240e-04,2.254585807556578388e-03,4.208799145319938421e-03,6.491516973698569816e-03,8.910967854270654756e-03,1.402499675046414533e-02,1.350927354975126234e-02,1.461070883672177002e-02,1.597980912886720617e-02,1.829143915861002057e-02,1.997140681617079819e-02,2.243464901884869786e-02,2.458724282964716221e-02,2.762688460915555672e-02,2.762688460915555672e-02,2.457368867152718087e-02,2.242195973772944176e-02,1.997140681617079819e-02,1.826952011827615366e-02,1.595961985643654796e-02,1.459224931829255882e-02,1.349254379922525289e-02,1.400249675567730168e-02,8.897697611747542798e-03,6.479976499078662217e-03,4.189177704083016374e-03,2.238423902126065058e-03,2.127651569126142090e-04,-1.263961326700341337e-03,-2.332137346585415501e-03,-2.554040622326083504e-03,2.962090991174468578e-03,2.260349392875487824e-03,2.524686087885521721e-03,2.714198768721322839e-03,2.980112173282628736e-03,3.115062971486799465e-03,3.306415605557088463e-03,3.472789241707775754e-03,3.983937909189548196e-03,4.047802465754757328e-03,4.249726197931835529e-03,4.374539299226296724e-03,4.517575144213357638e-03,4.552163287265225192e-03,4.662270713097610951e-03,4.733169406123863450e-03,4.890726818645315353e-03,4.893888245160276512e-03,4.733169406123863450e-03,4.665204804169415138e-03,4.557804133965677462e-03,4.522988655470653804e-03,4.379725475040435918e-03,4.254685038302818620e-03,4.050168218218670388e-03,3.981685824447214056e-03,3.472789241707775754e-03,3.308440354856266065e-03,3.116974053064399449e-03,2.981909587138649800e-03,2.714198768721322839e-03,2.526256166298385814e-03,2.261805803566773430e-03,2.970147448992713039e-03,2.052609422472330501e-03,2.698271337286529351e-03,2.516688504011004371e-03,2.323237761066320340e-03,2.104553340001542872e-03,1.912274980937214751e-03,1.693690965317199955e-03,1.510174689486865150e-03,1.276181353989491729e-03,1.106877755589027795e-03,9.027023765749821529e-04,7.346667157862103899e-04,5.302420087483761518e-04,4.096779866362403738e-04,2.278588999400138937e-04,7.450250127374852911e-05,-4.371930405020759092e-05,3.463778400422057313e-03,2.738469048084094318e-03,2.544913047981221203e-03,2.318854293592610260e-03,2.088301962858673741e-03,1.882337212155418653e-03,1.656053388310150740e-03,5.116608290869255685e-04,1.890639042947395154e-04,9.223981296575231624e-04,6.930700711144412163e-04,4.855346859280153184e-04,1.992152179760848098e-04,3.531706781346899307e-05,-1.781753804042213684e-04,-3.044418757085551709e-04,-3.499697984314647115e-04,2.047264085434642028e-03,2.698271337286529351e-03,2.516688504011004371e-03,2.323237761066320340e-03,2.104553340001542872e-03,1.912274980937214751e-03,1.693690965317199955e-03,1.510174689486865150e-03,1.276181353989491729e-03,1.106877755589027795e-03,9.027023765749821529e-04,7.328482338164424726e-04,5.302420087483761518e-04,4.085007510424581057e-04,2.278588999400138937e-04,7.450250127374852911e-05,-4.328857199059963609e-05,3.469123737459745786e-03,2.738469048084094318e-03,2.544913047981221203e-03,2.318854293592610260e-03,2.088301962858673741e-03,1.882337212155418653e-03,1.656053388310150740e-03,5.147618038086644587e-04,1.835032012272471672e-04,9.223981296575231624e-04,6.930700711144412163e-04,4.873531678977831814e-04,2.007130767578599025e-04,3.413983221968669782e-05,-1.798886052158004453e-04,-3.065858325797421891e-04,-3.514773606400925466e-04
cdi,-5.543000000000000010e-02,-2.470999999999999933e-02,-1.318000000000000074e-02,-6.499999999999999702e-03,-1.190000000000000085e-03,2.089999999999999844e-03,4.980000000000000052e-03,7.300000000000000065e-03,1.259000000000000050e-02,1.033000000000000064e-02,1.016000000000000063e-02,1.029000000000000054e-02,1.124999999999999958e-02,1.153999999999999991e-02,1.239999999999999956e-02,1.293000000000000052e-02,1.401999999999999948e-02,1.401999999999999948e-02,1.291999999999999919e-02,1.239999999999999956e-02,1.153000000000000032e-02,1.122000000000000081e-02,1.026999999999999962e-02,1.013999999999999971e-02,1.030000000000000013e-02,1.255999999999999998e-02,7.289999999999999605e-03,4.950000000000000407e-03,2.050000000000000173e-03,-1.240000000000000000e-03,-6.490000000000000109e-03,-1.319999999999999993e-02,-2.486000000000000015e-02,-5.569999999999999951e-02,1.528000000000000018e-02,8.810000000000000123e-03,9.440000000000000474e-03,9.530000000000000276e-03,1.004999999999999991e-02,9.809999999999999276e-03,9.889999999999999486e-03,9.849999999999999381e-03,1.133999999999999939e-02,1.081000000000000016e-02,1.088000000000000078e-02,1.064999999999999974e-02,1.051000000000000024e-02,9.990000000000000616e-03,9.780000000000000498e-03,9.450000000000000067e-03,9.429999999999999147e-03,9.429999999999999147e-03,9.459999999999999659e-03,9.790000000000000091e-03,1.000999999999999980e-02,1.052999999999999943e-02,1.067000000000000066e-02,1.089000000000000037e-02,1.081999999999999976e-02,1.133999999999999939e-02,9.849999999999999381e-03,9.900000000000000813e-03,9.830000000000000196e-03,1.005999999999999950e-02,9.530000000000000276e-03,9.450000000000000067e-03,8.829999999999999308e-03,1.535000000000000080e-02,-1.750000000000000036e-03,-2.599999999999999772e-04,-3.299999999999999982e-04,-4.299999999999999894e-04,-6.199999999999999999e-04,-7.500000000000000156e-04,-9.799999999999999684e-04,-1.149999999999999981e-03,-1.510000000000000057e-03,-1.709999999999999932e-03,-2.109999999999999896e-03,-2.449999999999999921e-03,-3.129999999999999970e-03,-3.429999999999999889e-03,-4.590000000000000330e-03,-6.409999999999999899e-03,-1.111999999999999968e-02,8.999999999999999754e-04,-1.700000000000000122e-04,-2.599999999999999772e-04,-4.400000000000000157e-04,-6.499999999999999702e-04,-8.199999999999999824e-04,-1.080000000000000014e-03,-4.360000000000000160e-03,-5.459999999999999576e-03,-2.500000000000000052e-03,-3.139999999999999996e-03,-3.850000000000000124e-03,-5.380000000000000233e-03,-6.660000000000000121e-03,-9.379999999999999449e-03,-1.354999999999999954e-02,-2.549999999999999836e-02,-1.750000000000000036e-03,-2.599999999999999772e-04,-3.299999999999999982e-04,-4.299999999999999894e-04,-6.199999999999999999e-04,-7.500000000000000156e-04,-9.799999999999999684e-04,-1.149999999999999981e-03,-1.510000000000000057e-03,-1.709999999999999932e-03,-2.119999999999999923e-03,-2.449999999999999921e-03,-3.129999999999999970e-03,-3.439999999999999915e-03,-4.590000000000000330e-03,-6.400000000000000307e-03,-1.110000000000000049e-02,9.100000000000000016e-04,-1.700000000000000122e-04,-2.599999999999999772e-04,-4.400000000000000157e-04,-6.499999999999999702e-04,-8.199999999999999824e-04,-1.080000000000000014e-03,-4.349999999999999700e-03,-5.479999999999999628e-03,-2.500000000000000052e-03,-3.129999999999999970e-03,-3.840000000000000097e-03,-5.369999999999999774e-03,-6.660000000000000121e-03,-9.400000000000000369e-03,-1.358999999999999965e-02,-2.556999999999999898e-02
cdi*c/cref,-3.205127274066896671e-03,-3.572666697713925213e-03,-3.045522904188391420e-03,-2.064139581988048457e-03,-4.808166865577649164e-04,1.025220304629215597e-03,2.873578180357233818e-03,4.843638520936395520e-03,9.442497812210886438e-03,8.640916146683006241e-03,9.377435362039998612e-03,1.038738066557445133e-02,1.232946018779884460e-02,1.364535433147489804e-02,1.573470858788030696e-02,1.752552644913659557e-02,2.021549698436121700e-02,2.021549698436121700e-02,1.751197229101661076e-02,1.573470858788030696e-02,1.363352993430724282e-02,1.229658162729804771e-02,1.036719139314379139e-02,9.358975843610785675e-03,8.615821520893993807e-03,9.419997817424044517e-03,4.837003399674837806e-03,2.856267468427371118e-03,1.005598863392293115e-03,-5.010190683459063085e-04,-2.060963982631143845e-03,-3.050144334998995416e-03,-3.594354273782605653e-03,-3.220739476195672545e-03,2.051711257712868740e-03,1.283097819022748030e-03,1.482154021743739255e-03,1.604610066123710261e-03,1.806400925300990232e-03,1.874771027624877549e-03,2.002477056886687104e-03,2.106340765444678943e-03,2.553864097807206218e-03,2.557378413489709394e-03,2.697609161814374518e-03,2.761638621029049653e-03,2.844800165708951094e-03,2.817602926876059191e-03,2.869541068224961029e-03,2.880132059746973953e-03,2.981225203608617921e-03,2.981225203608617921e-03,2.883179818540357060e-03,2.872475159296765650e-03,2.823243773576511462e-03,2.850213676966246827e-03,2.766824796843188848e-03,2.700088581999865196e-03,2.559744165953622020e-03,2.553864097807206218e-03,2.106340765444678943e-03,2.004501806185865140e-03,1.878593190780076215e-03,1.808198339157011079e-03,1.604610066123710261e-03,1.483724100156603347e-03,1.286010640405319243e-03,2.061110458500820322e-03,-9.354339815954630611e-04,-1.306425600920852197e-04,-1.552349918361927913e-04,-1.884891013695316286e-04,-2.518963457144704401e-04,-2.806665823293368230e-04,-3.353165951537082166e-04,-3.566120929999783986e-04,-4.198330815956715614e-04,-4.206135471238305816e-04,-4.513511882874910765e-04,-4.455280825931226562e-04,-4.688297986955980825e-04,-4.037918086673288704e-04,-3.931850942573924157e-04,-3.435690886077180629e-04,-2.394870251420238314e-04,4.810803333919523865e-04,-8.542013544482495759e-05,-1.223063572042731092e-04,-1.928725688432416817e-04,-2.640848785716221796e-04,-3.068621300134082193e-04,-3.695325742510254191e-04,-1.352024978678179144e-03,-1.518071937425408309e-03,-6.149320864383488834e-04,-6.716790195368350447e-04,-7.001155583606213711e-04,-8.058480245949897411e-04,-7.840389054590117274e-04,-8.035024366305753294e-04,-7.262653901145990718e-04,-5.491833760001446109e-04,-9.354339815954630611e-04,-1.306425600920852197e-04,-1.552349918361927913e-04,-1.884891013695316286e-04,-2.518963457144704401e-04,-2.806665823293368230e-04,-3.353165951537082166e-04,-3.566120929999783986e-04,-4.198330815956715614e-04,-4.206135471238305816e-04,-4.534902934452516828e-04,-4.455280825931226562e-04,-4.688297986955980825e-04,-4.049690442611111928e-04,-3.931850942573924157e-04,-3.430330993899213354e-04,-2.390562930824158901e-04,4.864256704296408048e-04,-8.542013544482495759e-05,-1.223063572042731092e-04,-1.928725688432416817e-04,-2.640848785716221796e-04,-3.068621300134082193e-04,-3.695325742510254191e-04,-1.348924003956440036e-03,-1.523632640492900711e-03,-6.149320864383488834e-04,-6.695399143790744384e-04,-6.982970763908534538e-04,-8.043501658132146213e-04,-7.840389054590117274e-04,-8.052156614421543792e-04,-7.284093469857860900e-04,-5.506909382087724460e-04
cdo,1.152000000000000073e-02,8.720000000000000320e-03,7.720000000000000299e-03,7.150000000000000105e-03,6.769999999999999976e-03,6.490000000000000109e-03,6.279999999999999992e-03,6.119999999999999572e-03,6.109999999999999980e-03,5.830000000000000113e-03,5.669999999999999693e-03,5.539999999999999786e-03,5.440000000000000391e-03,5.349999999999999721e-03,5.279999999999999971e-03,5.210000000000000221e-03,5.139999999999999604e-03,5.139999999999999604e-03,5.210000000000000221e-03,5.279999999999999971e-03,5.349999999999999721e-03,5.440000000000000391e-03,5.539999999999999786e-03,5.669999999999999693e-03,5.830000000000000113e-03,6.109999999999999980e-03,6.119999999999999572e-03,6.279999999999999992e-03,6.490000000000000109e-03,6.769999999999999976e-03,7.159999999999999698e-03,7.729999999999999892e-03,8.729999999999999913e-03,1.153000000000000032e-02,6.769999999999999976e-03,6.700000000000000226e-03,6.640000000000000069e-03,6.590000000000000371e-03,6.539999999999999807e-03,6.490000000000000109e-03,6.440000000000000412e-03,6.389999999999999847e-03,6.349999999999999742e-03,6.300000000000000044e-03,6.259999999999999939e-03,6.219999999999999835e-03,6.179999999999999730e-03,6.150000000000000085e-03,6.109999999999999980e-03,6.080000000000000335e-03,6.040000000000000230e-03,6.040000000000000230e-03,6.080000000000000335e-03,6.109999999999999980e-03,6.150000000000000085e-03,6.179999999999999730e-03,6.219999999999999835e-03,6.259999999999999939e-03,6.300000000000000044e-03,6.349999999999999742e-03,6.389999999999999847e-03,6.440000000000000412e-03,6.490000000000000109e-03,6.539999999999999807e-03,6.590000000000000371e-03,6.640000000000000069e-03,6.700000000000000226e-03,6.769999999999999976e-03,5.579999999999999891e-03,5.629999999999999588e-03,5.680000000000000153e-03,5.740000000000000310e-03,5.799999999999999600e-03,5.859999999999999758e-03,5.930000000000000375e-03,6.009999999999999717e-03,6.109999999999999980e-03,6.210000000000000242e-03,6.340000000000000149e-03,6.490000000000000109e-03,6.669999999999999714e-03,6.910000000000000343e-03,7.250000000000000368e-03,7.799999999999999642e-03,9.090000000000000857e-03,5.579999999999999891e-03,5.629999999999999588e-03,5.680000000000000153e-03,5.729999999999999850e-03,5.790000000000000008e-03,5.850000000000000165e-03,5.930000000000000375e-03,6.009999999999999717e-03,6.139999999999999625e-03,6.250000000000000347e-03,6.369999999999999794e-03,6.519999999999999754e-03,6.709999999999999819e-03,6.960000000000000041e-03,7.300000000000000065e-03,7.870000000000000259e-03,9.249999999999999542e-03,5.579999999999999891e-03,5.629999999999999588e-03,5.680000000000000153e-03,5.740000000000000310e-03,5.799999999999999600e-03,5.859999999999999758e-03,5.930000000000000375e-03,6.009999999999999717e-03,6.109999999999999980e-03,6.210000000000000242e-03,6.340000000000000149e-03,6.490000000000000109e-03,6.669999999999999714e-03,6.910000000000000343e-03,7.250000000000000368e-03,7.790000000000000049e-03,9.090000000000000857e-03,5.579999999999999891e-03,5.629999999999999588e-03,5.680000000000000153e-03,5.729999999999999850e-03,5.790000000000000008e-03,5.850000000000000165e-03,5.930000000000000375e-03,6.009999999999999717e-03,6.139999999999999625e-03,6.250000000000000347e-03,6.369999999999999794e-03,6.519999999999999754e-03,6.709999999999999819e-03,6.960000000000000041e-03,7.300000000000000065e-03,7.870000000000000259e-03,9.249999999999999542e-03
cdo*c/cref,6.661206241611157758e-04,1.260771088792611442e-03,1.783872292893352082e-03,2.270553540186853389e-03,2.735402494114343250e-03,3.183578840690722608e-03,3.623709030651290665e-03,4.060694212072703257e-03,4.582498938253258026e-03,4.876722278331259951e-03,5.233273474681770544e-03,5.592428463292755704e-03,5.961978970811175095e-03,6.326052484695901881e-03,6.699940430968389163e-03,7.061716380510569234e-03,7.411387624794339712e-03,7.411387624794339712e-03,7.061716380510569234e-03,6.699940430968389163e-03,6.326052484695901881e-03,5.961978970811175095e-03,5.592428463292755704e-03,5.233273474681770544e-03,4.876722278331259951e-03,4.582498938253258026e-03,4.060694212072703257e-03,3.623709030651290665e-03,3.183578840690722608e-03,2.735402494114343250e-03,2.273729139543757567e-03,1.786183008298654297e-03,1.262216927197190152e-03,6.666988538695889322e-04,9.090369904918927171e-04,9.757951631614541869e-04,1.042532066141782683e-03,1.109588702597612796e-03,1.175508661837659351e-03,1.240291943861922134e-03,1.303938548670401142e-03,1.366448476263096377e-03,1.430073811382341978e-03,1.490424052265048151e-03,1.552117036117461662e-03,1.612900678197247721e-03,1.672774978504406977e-03,1.734560360389165567e-03,1.792729644872649488e-03,1.853037346376889280e-03,1.909501615036697216e-03,1.909501615036697216e-03,1.853037346376889280e-03,1.792729644872649488e-03,1.734560360389165567e-03,1.672774978504406977e-03,1.612900678197247721e-03,1.552117036117461662e-03,1.490424052265048151e-03,1.430073811382341978e-03,1.366448476263096377e-03,1.303938548670401142e-03,1.240291943861922134e-03,1.175508661837659351e-03,1.109588702597612796e-03,1.042532066141782683e-03,9.757951631614541869e-04,9.090369904918927171e-04,2.982698067030104764e-03,2.828913897378614300e-03,2.671923495847197596e-03,2.516110329909562130e-03,2.356449685716013528e-03,2.192941563266551357e-03,2.029007560470908172e-03,1.863685807765104495e-03,1.698794787118909329e-03,1.527491302712858431e-03,1.356192670020233944e-03,1.180194798379332992e-03,9.990718074439741258e-04,8.134697953035693527e-04,6.210439941974063094e-04,4.180715898814665920e-04,1.957677210918162608e-04,2.982698067030104764e-03,2.828913897378614300e-03,2.671923495847197596e-03,2.511726862435851616e-03,2.352386841430296246e-03,2.189199342168827306e-03,2.029007560470908172e-03,1.863685807765104495e-03,1.707135841720147824e-03,1.537330216095872046e-03,1.362609985493515655e-03,1.185650244288636527e-03,1.005063242571074605e-03,8.193559732724807476e-04,6.253270562263539339e-04,4.218235144060439009e-04,1.992135775686798994e-04,2.982698067030104764e-03,2.828913897378614300e-03,2.671923495847197596e-03,2.516110329909562130e-03,2.356449685716013528e-03,2.192941563266551357e-03,2.029007560470908172e-03,1.863685807765104495e-03,1.698794787118909329e-03,1.527491302712858431e-03,1.356192670020233944e-03,1.180194798379332992e-03,9.990718074439741258e-04,8.134697953035693527e-04,6.210439941974063094e-04,4.175356006636698645e-04,1.957677210918162608e-04,2.982698067030104764e-03,2.828913897378614300e-03,2.671923495847197596e-03,2.511726862435851616e-03,2.352386841430296246e-03,2.189199342168827306e-03,2.029007560470908172e-03,1.863685807765104495e-03,1.707135841720147824e-03,1.537330216095872046e-03,1.362609985493515655e-03,1.185650244288636527e-03,1.005063242571074605e-03,8.193559732724807476e-04,6.253270562263539339e-04,4.218235144060439009e-04,1.992135775686798994e-04
cl,8.064000000000000057e-01,5.819600000000000328e-01,4.918799999999999839e-01,4.365999999999999881e-01,3.978700000000000014e-01,3.680300000000000238e-01,3.465099999999999847e-01,3.327300000000000257e-01,3.486199999999999855e-01,2.966300000000000048e-01,2.698599999999999888e-01,2.498499999999999888e-01,2.336300000000000043e-01,2.191299999999999915e-01,2.062100000000000044e-01,1.941299999999999970e-01,1.829300000000000093e-01,1.829399999999999915e-01,1.941599999999999993e-01,2.062599999999999989e-01,2.192199999999999982e-01,2.337700000000000056e-01,2.500399999999999845e-01,2.701200000000000268e-01,2.969600000000000017e-01,3.489900000000000224e-01,3.332100000000000062e-01,3.470799999999999996e-01,3.686699999999999977e-01,3.985500000000000154e-01,4.373299999999999965e-01,4.927000000000000268e-01,5.831300000000000372e-01,8.076400000000000245e-01,1.765899999999999970e-01,1.025800000000000045e-01,1.085799999999999960e-01,1.140300000000000064e-01,1.173300000000000037e-01,1.195399999999999935e-01,1.205999999999999989e-01,1.209999999999999964e-01,1.199199999999999988e-01,1.185900000000000010e-01,1.165899999999999992e-01,1.145700000000000052e-01,1.119700000000000001e-01,1.093699999999999950e-01,1.067700000000000038e-01,1.041500000000000065e-01,1.012500000000000067e-01,1.012799999999999950e-01,1.042199999999999932e-01,1.068599999999999967e-01,1.094699999999999979e-01,1.120600000000000068e-01,1.146500000000000019e-01,1.166399999999999937e-01,1.186299999999999993e-01,1.199899999999999994e-01,1.210900000000000032e-01,1.206799999999999956e-01,1.196300000000000002e-01,1.174300000000000066e-01,1.141800000000000037e-01,1.088800000000000046e-01,1.029000000000000054e-01,1.773000000000000131e-01,-1.904000000000000137e-02,-1.110000000000000092e-03,-2.700000000000000035e-04,2.300000000000000070e-04,6.899999999999999667e-04,1.069999999999999988e-03,1.629999999999999939e-03,2.200000000000000133e-03,3.220000000000000206e-03,3.930000000000000333e-03,5.000000000000000104e-03,5.969999999999999613e-03,7.749999999999999944e-03,8.880000000000000740e-03,1.216000000000000067e-02,1.847000000000000031e-02,3.957999999999999713e-02,1.093000000000000048e-02,-4.400000000000000157e-04,-1.000000000000000048e-04,-6.999999999999999929e-04,-1.250000000000000026e-03,-1.629999999999999939e-03,-2.089999999999999844e-03,-3.687000000000000000e-02,-4.189999999999999974e-02,-4.429999999999999910e-03,-5.619999999999999996e-03,-7.029999999999999791e-03,-9.690000000000000696e-03,-1.217000000000000026e-02,-1.711999999999999980e-02,-2.566999999999999837e-02,-5.455999999999999739e-02,-1.909999999999999892e-02,-1.110000000000000092e-03,-2.700000000000000035e-04,2.300000000000000070e-04,6.800000000000000488e-04,1.059999999999999961e-03,1.629999999999999939e-03,2.190000000000000106e-03,3.210000000000000180e-03,3.939999999999999926e-03,5.009999999999999697e-03,5.969999999999999613e-03,7.749999999999999944e-03,8.880000000000000740e-03,1.217000000000000026e-02,1.847000000000000031e-02,3.950000000000000039e-02,1.098999999999999977e-02,-4.499999999999999877e-04,-1.100000000000000039e-04,-6.999999999999999929e-04,-1.250000000000000026e-03,-1.629999999999999939e-03,-2.099999999999999870e-03,-3.681999999999999856e-02,-4.186999999999999750e-02,-4.429999999999999910e-03,-5.619999999999999996e-03,-7.020000000000000198e-03,-9.679999999999999369e-03,-1.217000000000000026e-02,-1.716000000000000164e-02,-2.574999999999999858e-02,-5.475000000000000006e-02
cl*c/cref,4.662844369127810279e-02,8.414201179286102950e-02,1.136594693560080277e-01,1.386466679224587495e-01,1.607584328409562280e-01,1.805319754606173610e-01,1.999444930272259169e-01,2.207703897357762846e-01,2.614649394196154608e-01,2.481272949264839989e-01,2.490742821653655348e-01,2.522144858400171552e-01,2.560472696600394893e-01,2.591080151348435501e-01,2.616656659602256685e-01,2.631268715832085769e-01,2.637675366154919598e-01,2.637819556575635715e-01,2.631675340575685418e-01,2.617291123658219698e-01,2.592144347093524592e-01,2.562007029423765125e-01,2.524062839281084325e-01,2.493142559049453533e-01,2.484033358101631339e-01,2.617424393553198780e-01,2.210888755563309993e-01,2.002733965538933125e-01,1.808459185204081276e-01,1.610331852332749780e-01,1.388784866755128078e-01,1.138489480192428210e-01,8.431117488619674361e-02,4.670014417512877852e-02,2.371149810206252956e-02,1.493986087120924983e-02,1.704791140687872755e-02,1.919975717104792021e-02,2.108905677269305376e-02,2.284506917862159578e-02,2.441847654808235527e-02,2.587484595114783459e-02,2.700700023007408801e-02,2.805545846954159497e-02,2.890755994264134973e-02,2.970900815129560654e-02,3.030754277397062352e-02,3.084697018142488339e-02,3.132729037365839658e-02,3.174240783308437952e-02,3.200944346398437029e-02,3.201892774352924770e-02,3.176374214463805606e-02,3.135369719330463600e-02,3.087517441492714648e-02,3.033190357462845627e-02,2.972975285455216332e-02,2.891995704356880442e-02,2.806492147939724721e-02,2.702276482327042872e-02,2.589409170433464025e-02,2.443467454247577608e-02,2.286226891281999130e-02,2.110703091125326267e-02,1.922501336306455672e-02,1.709501375926465380e-02,1.498646601333039272e-02,2.380683285291175511e-02,-1.017752171975863824e-02,-5.577432373162100618e-04,-1.270104478659759325e-04,1.008197518953308803e-04,2.803362557144912560e-04,4.004176574565205117e-04,5.577204592862697622e-04,6.822144387825674608e-04,8.952731938662666054e-04,9.666732398810844304e-04,1.069552578880310746e-03,1.085633735951404980e-03,1.160840555875682295e-03,1.045385207278682520e-03,1.041640685440063576e-03,9.899720852706011143e-04,8.524187459641458919e-04,5.842453382193377696e-03,-2.210874093866057710e-04,-4.704090661702812516e-05,-3.068427231597026803e-04,-5.078555357146580544e-04,-6.099820389290919534e-04,-7.151139631339286989e-04,-1.143329379905148185e-02,-1.164967292639644894e-02,-1.089659657168754077e-03,-1.202177098661469205e-03,-1.278392824746796838e-03,-1.451425159540046649e-03,-1.432695717633058986e-03,-1.466520438711668359e-03,-1.375884322084262434e-03,-1.175037058610505425e-03,-1.020959374198476821e-02,-5.577432373162100618e-04,-1.270104478659759325e-04,1.008197518953308803e-04,2.762734114287740276e-04,3.966754363587960265e-04,5.577204592862697622e-04,6.791134640608284621e-04,8.924928423325204042e-04,9.691329682268377257e-04,1.071691684038071244e-03,1.085633735951404980e-03,1.160840555875682295e-03,1.045385207278682520e-03,1.042497297845853101e-03,9.899720852706011143e-04,8.506958177257142352e-04,5.874525404419507664e-03,-2.261121232363013376e-04,-5.174499727873093497e-05,-3.068427231597026803e-04,-5.078555357146580544e-04,-6.099820389290919534e-04,-7.185355610436604951e-04,-1.141778892544278654e-02,-1.164133187179521023e-02,-1.089659657168754077e-03,-1.202177098661469205e-03,-1.276574342777028921e-03,-1.449927300758271313e-03,-1.432695717633058986e-03,-1.469946888334826675e-03,-1.380172235826636470e-03,-1.179129013176780962e-03
cli,8.074000000000000066e-01,5.827299999999999702e-01,4.925599999999999978e-01,4.372300000000000075e-01,3.984699999999999909e-01,3.685899999999999732e-01,3.470500000000000251e-01,3.332600000000000007e-01,3.491500000000000159e-01,2.971400000000000152e-01,2.703599999999999892e-01,2.503400000000000070e-01,2.341100000000000125e-01,2.195999999999999897e-01,2.066699999999999926e-01,1.945900000000000130e-01,1.833799999999999875e-01,1.833899999999999975e-01,1.946100000000000052e-01,2.067199999999999871e-01,2.196899999999999964e-01,2.342400000000000038e-01,2.505299999999999749e-01,2.706100000000000172e-01,2.974700000000000122e-01,3.495199999999999974e-01,3.337399999999999811e-01,3.476299999999999946e-01,3.692400000000000126e-01,3.991399999999999948e-01,4.379500000000000060e-01,4.933799999999999852e-01,5.838900000000000201e-01,8.086499999999999799e-01,1.771800000000000042e-01,1.031600000000000017e-01,1.091599999999999931e-01,1.145999999999999935e-01,1.179000000000000048e-01,1.201099999999999945e-01,1.211600000000000038e-01,1.215600000000000014e-01,1.204800000000000038e-01,1.191399999999999959e-01,1.171399999999999941e-01,1.151100000000000040e-01,1.125099999999999989e-01,1.099099999999999938e-01,1.073000000000000065e-01,1.046900000000000053e-01,1.017799999999999955e-01,1.018099999999999977e-01,1.047600000000000059e-01,1.073899999999999993e-01,1.100000000000000006e-01,1.126100000000000018e-01,1.151999999999999968e-01,1.171900000000000025e-01,1.191799999999999943e-01,1.205500000000000044e-01,1.216399999999999981e-01,1.212499999999999967e-01,1.202000000000000013e-01,1.179999999999999938e-01,1.147600000000000009e-01,1.094699999999999979e-01,1.034899999999999987e-01,1.778899999999999926e-01,-1.855000000000000052e-02,-6.199999999999999999e-04,2.300000000000000070e-04,7.399999999999999894e-04,1.190000000000000085e-03,1.580000000000000024e-03,2.150000000000000001e-03,2.720000000000000195e-03,3.749999999999999861e-03,4.470000000000000015e-03,5.559999999999999838e-03,6.539999999999999807e-03,8.330000000000000598e-03,9.480000000000000579e-03,1.278999999999999929e-02,1.915000000000000036e-02,4.037999999999999923e-02,1.141999999999999960e-02,5.000000000000000240e-05,4.000000000000000192e-04,-2.000000000000000096e-04,-7.399999999999999894e-04,-1.110000000000000092e-03,-1.580000000000000024e-03,-3.633999999999999730e-02,-4.136999999999999705e-02,-3.889999999999999795e-03,-5.069999999999999854e-03,-6.459999999999999597e-03,-9.100000000000000450e-03,-1.156000000000000083e-02,-1.648000000000000159e-02,-2.497999999999999873e-02,-5.374999999999999917e-02,-1.861000000000000154e-02,-6.199999999999999999e-04,2.300000000000000070e-04,7.299999999999999632e-04,1.190000000000000085e-03,1.580000000000000024e-03,2.150000000000000001e-03,2.720000000000000195e-03,3.749999999999999861e-03,4.479999999999999608e-03,5.559999999999999838e-03,6.539999999999999807e-03,8.340000000000000191e-03,9.490000000000000172e-03,1.280000000000000061e-02,1.915000000000000036e-02,4.028999999999999942e-02,1.148000000000000062e-02,4.000000000000000327e-05,3.899999999999999929e-04,-2.000000000000000096e-04,-7.399999999999999894e-04,-1.119999999999999902e-03,-1.580000000000000024e-03,-3.629000000000000281e-02,-4.132999999999999868e-02,-3.880000000000000202e-03,-5.060000000000000261e-03,-6.450000000000000004e-03,-9.090000000000000857e-03,-1.156000000000000083e-02,-1.651999999999999996e-02,-2.505999999999999894e-02,-5.394000000000000183e-02
cli*c/cref,4.668626666212542103e-02,8.425334135001358304e-02,1.138165980035685809e-01,1.388467306819437530e-01,1.610008614224139323e-01,1.808066756379342610e-01,2.002560858419634715e-01,2.211220511626387775e-01,2.618624393275163498e-01,2.485539035648972050e-01,2.495357701260958461e-01,2.527091230145683265e-01,2.565733266280522118e-01,2.596637618017233473e-01,2.622493728917115741e-01,2.637503628567277603e-01,2.644163935087132655e-01,2.644308125507848217e-01,2.637774711729677368e-01,2.623128192973078199e-01,2.597701813762322565e-01,2.567158003902223484e-01,2.529009211026595483e-01,2.497665141064610295e-01,2.488299444485763401e-01,2.621399392632207115e-01,2.214405369831934922e-01,2.005907596059408049e-01,1.811255240580342818e-01,1.612715733383750238e-01,1.390753738356408920e-01,1.140060766668033604e-01,8.442105860494471259e-02,4.675854537568457231e-02,2.379071993727526618e-02,1.502433269130382283e-02,1.713897595482484493e-02,1.929573070071114241e-02,2.119150936248624315e-02,2.295400082854475582e-02,2.453186250883630445e-02,2.599459730431017204e-02,2.713311697564481720e-02,2.818557485505679763e-02,2.904392805284336174e-02,2.984903489827736220e-02,3.045370757791760960e-02,3.099927304233709990e-02,3.148279720046404107e-02,3.190698680792706382e-02,3.217699906927732473e-02,3.218648334882220907e-02,3.192832111948074036e-02,3.150920402011028049e-02,3.102465685248913946e-02,3.048077513420409043e-02,2.987237268944098467e-02,2.905632515377081990e-02,2.819503786491244640e-02,2.714888156884115791e-02,2.601170464047622075e-02,2.455008525252889984e-02,2.297120056274315134e-02,2.120948350104645205e-02,1.932267063886222366e-02,1.718764838562363700e-02,1.507239424411625263e-02,2.388605468812448826e-02,-9.915600204911908730e-03,-3.115322586811263223e-04,1.081940852191646797e-04,3.243765930545428381e-04,4.834784700003545211e-04,5.912709334404695274e-04,7.356435505923191506e-04,8.434651243129924654e-04,1.042631825154813428e-03,1.099498570551767692e-03,1.189342467714905351e-03,1.189287208228172361e-03,1.247716365218636643e-03,1.116019342905620344e-03,1.095607267004803645e-03,1.026419352080780315e-03,8.696480283484643017e-04,6.104374897040107210e-03,2.512356924847792790e-05,1.881636264681125006e-04,-8.766934947420076192e-05,-3.006504771430775608e-04,-4.153865418474185067e-04,-5.406124697376112152e-04,-1.126894213879931633e-02,-1.150231429510790125e-02,-9.568343264980707068e-04,-1.084526314984634882e-03,-1.174739352470029457e-03,-1.363051491415317182e-03,-1.360884346412338840e-03,-1.411697244741138982e-03,-1.338901066056286506e-03,-1.157592410196383193e-03,-9.947672227138038697e-03,-3.115322586811263223e-04,1.081940852191646797e-04,3.199931255808327580e-04,4.834784700003545211e-04,5.912709334404695274e-04,7.356435505923191506e-04,8.434651243129924654e-04,1.042631825154813428e-03,1.101958298897520987e-03,1.189342467714905351e-03,1.189287208228172361e-03,1.249214224000411546e-03,1.117196578499402666e-03,1.096463879410593169e-03,1.026419352080780315e-03,8.677097340802284982e-04,6.136446919266238045e-03,2.009885539878234436e-05,1.834595358064096773e-04,-8.766934947420076192e-05,-3.006504771430775608e-04,-4.191287629451429376e-04,-5.406124697376112152e-04,-1.125343726519062448e-02,-1.149119288897291688e-02,-9.543745981523174115e-04,-1.082387209826874384e-03,-1.172920870500261756e-03,-1.361553632633542279e-03,-1.360884346412338840e-03,-1.415123694364296865e-03,-1.343188979798660542e-03,-1.161684364762658947e-03
clo,-1.010000000000000047e-03,-7.600000000000000418e-04,-6.800000000000000488e-04,-6.300000000000000261e-04,-5.900000000000000296e-04,-5.699999999999999772e-04,-5.500000000000000331e-04,-5.400000000000000069e-04,-5.299999999999999807e-04,-5.100000000000000366e-04,-5.000000000000000104e-04,-4.899999999999999842e-04,-4.800000000000000122e-04,-4.699999999999999859e-04,-4.600000000000000139e-04,-4.600000000000000139e-04,-4.499999999999999877e-04,-4.499999999999999877e-04,-4.600000000000000139e-04,-4.600000000000000139e-04,-4.699999999999999859e-04,-4.800000000000000122e-04,-4.899999999999999842e-04,-5.000000000000000104e-04,-5.100000000000000366e-04,-5.299999999999999807e-04,-5.400000000000000069e-04,-5.500000000000000331e-04,-5.699999999999999772e-04,-5.900000000000000296e-04,-6.300000000000000261e-04,-6.800000000000000488e-04,-7.600000000000000418e-04,-1.010000000000000047e-03,-5.900000000000000296e-04,-5.900000000000000296e-04,-5.800000000000000034e-04,-5.800000000000000034e-04,-5.699999999999999772e-04,-5.699999999999999772e-04,-5.599999999999999509e-04,-5.599999999999999509e-04,-5.599999999999999509e-04,-5.500000000000000331e-04,-5.500000000000000331e-04,-5.400000000000000069e-04,-5.400000000000000069e-04,-5.400000000000000069e-04,-5.299999999999999807e-04,-5.299999999999999807e-04,-5.299999999999999807e-04,-5.299999999999999807e-04,-5.299999999999999807e-04,-5.299999999999999807e-04,-5.400000000000000069e-04,-5.400000000000000069e-04,-5.400000000000000069e-04,-5.500000000000000331e-04,-5.500000000000000331e-04,-5.599999999999999509e-04,-5.599999999999999509e-04,-5.599999999999999509e-04,-5.699999999999999772e-04,-5.699999999999999772e-04,-5.800000000000000034e-04,-5.800000000000000034e-04,-5.900000000000000296e-04,-5.900000000000000296e-04,-4.899999999999999842e-04,-4.899999999999999842e-04,-5.000000000000000104e-04,-5.000000000000000104e-04,-5.100000000000000366e-04,-5.100000000000000366e-04,-5.199999999999999544e-04,-5.299999999999999807e-04,-5.299999999999999807e-04,-5.400000000000000069e-04,-5.500000000000000331e-04,-5.699999999999999772e-04,-5.800000000000000034e-04,-5.999999999999999474e-04,-6.300000000000000261e-04,-6.800000000000000488e-04,-8.000000000000000383e-04,-4.899999999999999842e-04,-4.899999999999999842e-04,-5.000000000000000104e-04,-5.000000000000000104e-04,-5.100000000000000366e-04,-5.100000000000000366e-04,-5.199999999999999544e-04,-5.299999999999999807e-04,-5.400000000000000069e-04,-5.500000000000000331e-04,-5.599999999999999509e-04,-5.699999999999999772e-04,-5.900000000000000296e-04,-6.099999999999999737e-04,-6.400000000000000524e-04,-6.899999999999999667e-04,-8.099999999999999561e-04,-4.899999999999999842e-04,-4.899999999999999842e-04,-5.000000000000000104e-04,-5.000000000000000104e-04,-5.100000000000000366e-04,-5.100000000000000366e-04,-5.199999999999999544e-04,-5.299999999999999807e-04,-5.299999999999999807e-04,-5.400000000000000069e-04,-5.500000000000000331e-04,-5.699999999999999772e-04,-5.800000000000000034e-04,-5.999999999999999474e-04,-6.300000000000000261e-04,-6.800000000000000488e-04,-8.000000000000000383e-04,-4.899999999999999842e-04,-4.899999999999999842e-04,-5.000000000000000104e-04,-5.000000000000000104e-04,-5.100000000000000366e-04,-5.100000000000000366e-04,-5.199999999999999544e-04,-5.299999999999999807e-04,-5.400000000000000069e-04,-5.500000000000000331e-04,-5.599999999999999509e-04,-5.699999999999999772e-04,-5.900000000000000296e-04,-6.099999999999999737e-04,-6.400000000000000524e-04,-6.899999999999999667e-04,-8.099999999999999561e-04
clo*c/cref,-5.840120055579226845e-05,-1.098837187479799070e-04,-1.571286475605543364e-04,-2.000627594849954660e-04,-2.383881051000683190e-04,-2.796055376261497526e-04,-3.173630520474856557e-04,-3.582965481240621159e-04,-3.974999079008554041e-04,-4.266086384131977734e-04,-4.614879607303149184e-04,-4.946371745511643492e-04,-5.260569680127506927e-04,-5.557466668798268341e-04,-5.837069314858823760e-04,-6.234912735191673822e-04,-6.488568932212944104e-04,-6.488568932212944104e-04,-6.234912735191673822e-04,-5.837069314858823760e-04,-5.557466668798268341e-04,-5.260569680127506927e-04,-4.946371745511643492e-04,-4.614879607303149184e-04,-4.266086384131977734e-04,-3.974999079008554041e-04,-3.582965481240621159e-04,-3.173630520474856557e-04,-2.796055376261497526e-04,-2.383881051000683190e-04,-2.000627594849954660e-04,-1.571286475605543364e-04,-1.098837187479799070e-04,-5.840120055579226845e-05,-7.922183521273511999e-05,-8.592823078585939815e-05,-9.106454794611957009e-05,-9.765727579766547088e-05,-1.024525897931904836e-04,-1.089316499231580341e-04,-1.133859607539479148e-04,-1.197513531623370744e-04,-1.261167455707262340e-04,-1.301163855152026052e-04,-1.363681102020134145e-04,-1.400267469817546265e-04,-1.461648039469870314e-04,-1.523028609122194091e-04,-1.555068268056471659e-04,-1.615312160493011934e-04,-1.675556052929551938e-04,-1.675556052929551938e-04,-1.615312160493011934e-04,-1.555068268056471659e-04,-1.523028609122194091e-04,-1.461648039469870314e-04,-1.400267469817546265e-04,-1.363681102020134145e-04,-1.301163855152026052e-04,-1.261167455707262340e-04,-1.197513531623370744e-04,-1.133859607539479148e-04,-1.089316499231580341e-04,-1.024525897931904836e-04,-9.765727579766547088e-05,-9.106454794611957009e-05,-8.592823078585939815e-05,-7.922183521273511999e-05,-2.619215148467296224e-04,-2.462109786350836853e-04,-2.352045330851406258e-04,-2.191733736855019184e-04,-2.072050585715805207e-04,-1.908532759839490429e-04,-1.779230913060492528e-04,-1.643516602521639491e-04,-1.473586312885469577e-04,-1.328253306706833430e-04,-1.176507836768341740e-04,-1.036534722767673002e-04,-8.687580934295427947e-05,-7.063413562693798614e-05,-5.396658156474013629e-05,-3.644726681017914629e-05,-1.722928238431826415e-05,-2.619215148467296224e-04,-2.462109786350836853e-04,-2.352045330851406258e-04,-2.191733736855019184e-04,-2.072050585715805207e-04,-1.908532759839490429e-04,-1.779230913060492528e-04,-1.643516602521639491e-04,-1.501389828222931318e-04,-1.352850590164367468e-04,-1.197898888345947803e-04,-1.036534722767673002e-04,-8.837366812472935863e-05,-7.181137122072029494e-05,-5.482319397052966118e-05,-3.698325602797589406e-05,-1.744464841412223817e-05,-2.619215148467296224e-04,-2.462109786350836853e-04,-2.352045330851406258e-04,-2.191733736855019184e-04,-2.072050585715805207e-04,-1.908532759839490429e-04,-1.779230913060492528e-04,-1.643516602521639491e-04,-1.473586312885469577e-04,-1.328253306706833430e-04,-1.176507836768341740e-04,-1.036534722767673002e-04,-8.687580934295427947e-05,-7.063413562693798614e-05,-5.396658156474013629e-05,-3.644726681017914629e-05,-1.722928238431826415e-05,-2.619215148467296224e-04,-2.462109786350836853e-04,-2.352045330851406258e-04,-2.191733736855019184e-04,-2.072050585715805207e-04,-1.908532759839490429e-04,-1.779230913060492528e-04,-1.643516602521639491e-04,-1.501389828222931318e-04,-1.352850590164367468e-04,-1.197898888345947803e-04,-1.036534722767673002e-04,-8.837366812472935863e-05,-7.181137122072029494e-05,-5.482319397052966118e-05,-3.698325602797589406e-05,-1.744464841412223817e-05
cmx,1.454265999999999970e+01,3.996440000000000214e+00,1.987009999999999943e+00,1.198180000000000023e+00,7.965700000000000003e-01,5.591899999999999649e-01,4.092500000000000027e-01,3.105499999999999927e-01,2.580200000000000271e-01,1.726499999999999979e-01,1.233500000000000013e-01,8.822000000000000675e-02,6.212000000000000161e-02,4.188000000000000056e-02,2.614999999999999963e-02,1.370999999999999996e-02,3.939999999999999926e-03,-3.939999999999999926e-03,-1.370999999999999996e-02,-2.615999999999999923e-02,-4.189999999999999974e-02,-6.214999999999999691e-02,-8.827999999999999736e-02,-1.234600000000000003e-01,-1.728300000000000114e-01,-2.582800000000000096e-01,-3.109700000000000242e-01,-4.099099999999999966e-01,-5.601399999999999713e-01,-7.979000000000000536e-01,-1.200260000000000105e+00,-1.990450000000000053e+00,-4.004349999999999632e+00,-1.456391999999999953e+01,7.326500000000000234e-01,3.645300000000000207e-01,3.347200000000000175e-01,3.049999999999999933e-01,2.721899999999999875e-01,2.398699999999999999e-01,2.085200000000000109e-01,1.792199999999999904e-01,1.510700000000000098e-01,1.254399999999999959e-01,1.020100000000000035e-01,8.111000000000000154e-02,6.214000000000000079e-02,4.529999999999999999e-02,3.037000000000000116e-02,1.711000000000000021e-02,5.349999999999999721e-03,-5.349999999999999721e-03,-1.711999999999999980e-02,-3.039000000000000035e-02,-4.533999999999999836e-02,-6.219000000000000222e-02,-8.117000000000000604e-02,-1.020599999999999979e-01,-1.254899999999999904e-01,-1.511599999999999888e-01,-1.793399999999999994e-01,-2.086699999999999944e-01,-2.400599999999999956e-01,-2.724300000000000055e-01,-3.054100000000000148e-01,-3.356399999999999939e-01,-3.656699999999999950e-01,-7.355899999999999661e-01,-2.655000000000000068e-02,3.609999999999999928e-03,1.030000000000000013e-02,1.634999999999999995e-02,2.330000000000000127e-02,3.117999999999999938e-02,4.123999999999999888e-02,5.399999999999999939e-02,7.277999999999999747e-02,9.511000000000000010e-02,1.270699999999999885e-01,1.724400000000000099e-01,2.475600000000000023e-01,3.653199999999999781e-01,6.137599999999999723e-01,1.269539999999999891e+00,5.119790000000000063e+00,1.037000000000000074e-02,-5.049999999999999802e-03,-3.910000000000000281e-03,-4.300000000000000003e-03,-5.150000000000000064e-03,-5.610000000000000403e-03,-5.939999999999999968e-03,-6.826000000000000123e-02,-8.271000000000000574e-02,-6.499999999999999702e-04,4.769999999999999934e-03,1.328000000000000014e-02,2.319999999999999840e-02,4.673999999999999683e-02,8.240000000000000102e-02,1.674799999999999900e-01,3.862200000000000077e-01,2.657999999999999946e-02,-3.629999999999999980e-03,-1.031999999999999931e-02,-1.635999999999999954e-02,-2.330000000000000127e-02,-3.116999999999999979e-02,-4.120999999999999663e-02,-5.392999999999999877e-02,-7.269000000000000461e-02,-9.503999999999999948e-02,-1.269800000000000095e-01,-1.722700000000000065e-01,-2.472000000000000031e-01,-3.644499999999999962e-01,-6.118900000000000450e-01,-1.264029999999999987e+00,-5.106419999999999959e+00,-1.046000000000000055e-02,5.020000000000000157e-03,3.899999999999999821e-03,4.300000000000000003e-03,5.159999999999999656e-03,5.619999999999999996e-03,5.939999999999999968e-03,6.818000000000000449e-02,8.264000000000000512e-02,6.300000000000000261e-04,-4.810000000000000039e-03,-1.336000000000000035e-02,-2.332000000000000045e-02,-4.689000000000000112e-02,-8.250000000000000389e-02,-1.675500000000000045e-01,-3.855100000000000193e-01
cmx*c/cref,8.408998052224732067e-01,5.778206433594431646e-01,4.591414617489661953e-01,3.804939637456061230e-01,3.218522252195956113e-01,2.743028431318713656e-01,2.361469619098791051e-01,2.060536907776434890e-01,1.935149551633560949e-01,1.444195714157619215e-01,1.138490799121686797e-01,8.905488069164024800e-02,6.808053927698348717e-02,4.952057533814287205e-02,3.318247012686048603e-02,1.858275078249518181e-02,5.681102576204221863e-03,-5.681102576204221863e-03,-1.858275078249518181e-02,-3.319515940797974907e-02,-4.954422413247818596e-02,-6.811341783748428580e-02,-8.911544850893221570e-02,-1.139506072635293604e-01,-1.445701391704960204e-01,-1.937099551181753476e-01,-2.063323658706288921e-01,-2.365277975723360793e-01,-2.747688523612482614e-01,-3.223896085751601914e-01,-3.811544884118423515e-01,-4.599363478483902146e-01,-5.789643015374648094e-01,-8.421291215826872678e-01,9.837606367561081699e-02,5.309053892943953884e-02,5.255366463538817257e-02,5.135425710049649345e-02,4.892380774703248419e-02,4.584111380187353563e-02,4.222007238645218014e-02,3.832470984598937425e-02,3.402224420244574082e-02,2.967599890732184470e-02,2.529256531219524831e-02,2.103253601424096009e-02,1.681977947641809940e-02,1.277651777652507280e-02,8.910834585070763827e-03,5.214715295478383923e-03,1.691363185504359034e-03,-1.691363185504359034e-03,-5.217763054271767030e-03,-8.916702767214372202e-03,-1.278779946992597734e-02,-1.683331325456133981e-02,-2.104809454168337854e-02,-2.530496241312270300e-02,-2.968782766964140826e-02,-3.404251296512674635e-02,-3.835037085023845077e-02,-4.225044362593984026e-02,-4.587742435184792578e-02,-4.896694567957698974e-02,-5.142329069200864133e-02,-5.269811184937166909e-02,-5.325656974824610757e-02,-9.877083010870477131e-02,-1.419186983506259651e-02,1.813921699740106376e-03,4.845213381553896241e-03,7.166969319515912457e-03,9.466427185721227808e-03,1.166824538270496217e-02,1.411066977973359990e-02,1.674526349739029196e-02,2.023539846260461947e-02,2.339447629646054100e-02,2.718160923966421103e-02,3.135790308667676246e-02,3.708099200162372905e-02,4.300677071205497720e-02,5.257544301773794254e-02,6.804597515616885028e-02,1.102628845730109913e-01,5.543114508082830176e-03,-2.537480494096270786e-03,-1.839299448725799759e-03,-1.884891013695316449e-03,-2.092364807144391457e-03,-2.099386035823439661e-03,-2.032429158380639860e-03,-2.116725345059002408e-02,-2.299628753561456726e-02,-1.598823424739706761e-04,1.020353160251816259e-03,2.414944055851701767e-03,3.475032373718170853e-03,5.502399165338469310e-03,7.058486223705693827e-03,8.976747419660003127e-03,8.317866803089249764e-03,1.420790584617566063e-02,-1.823971127439497509e-03,-4.854621562877301996e-03,-7.171352786989622537e-03,-9.466427185721227808e-03,-1.166450316160723769e-02,-1.410040498600440353e-02,-1.672355667433811713e-02,-2.021037529880090680e-02,-2.337725819804026967e-02,-2.716235729324437131e-02,-3.132698889319070895e-02,-3.702706908547982734e-02,-4.290435121539592361e-02,-5.241525649785530594e-02,-6.775064509716284544e-02,-1.099749401911630786e-01,-5.591222541422025127e-03,2.522406352547184195e-03,1.834595358064096664e-03,1.884891013695316449e-03,2.096427651430108306e-03,2.103128256921163713e-03,2.032429158380639860e-03,2.114244565281611296e-02,2.297682507487834591e-02,1.549628857824638956e-04,-1.028909580882858901e-03,-2.429491911609844238e-03,-3.493006679099472291e-03,-5.520057699245204362e-03,-7.067052347763589509e-03,-8.980499344184581303e-03,-8.302575814973166615e-03
cmxi,1.454265999999999970e+01,3.996440000000000214e+00,1.987009999999999943e+00,1.198180000000000023e+00,7.965700000000000003e-01,5.591899999999999649e-01,4.092500000000000027e-01,3.105499999999999927e-01,2.580200000000000271e-01,1.726499999999999979e-01,1.233500000000000013e-01,8.822000000000000675e-02,6.212000000000000161e-02,4.188000000000000056e-02,2.614999999999999963e-02,1.370999999999999996e-02,3.939999999999999926e-03,-3.939999999999999926e-03,-1.370999999999999996e-02,-2.615999999999999923e-02,-4.189999999999999974e-02,-6.214999999999999691e-02,-8.827999999999999736e-02,-1.234600000000000003e-01,-1.728300000000000114e-01,-2.582800000000000096e-01,-3.109700000000000242e-01,-4.099099999999999966e-01,-5.601399999999999713e-01,-7.979000000000000536e-01,-1.200260000000000105e+00,-1.990450000000000053e+00,-4.004349999999999632e+00,-1.456391999999999953e+01,7.326500000000000234e-01,3.645300000000000207e-01,3.347200000000000175e-01,3.049999999999999933e-01,2.721899999999999875e-01,2.398699999999999999e-01,2.085200000000000109e-01,1.792199999999999904e-01,1.510700000000000098e-01,1.254399999999999959e-01,1.020100000000000035e-01,8.111000000000000154e-02,6.214000000000000079e-02,4.529999999999999999e-02,3.037000000000000116e-02,1.711000000000000021e-02,5.349999999999999721e-03,-5.349999999999999721e-03,-1.711999999999999980e-02,-3.039000000000000035e-02,-4.533999999999999836e-02,-6.219000000000000222e-02,-8.117000000000000604e-02,-1.020599999999999979e-01,-1.254899999999999904e-01,-1.511599999999999888e-01,-1.793399999999999994e-01,-2.086699999999999944e-01,-2.400599999999999956e-01,-2.724300000000000055e-01,-3.054100000000000148e-01,-3.356399999999999939e-01,-3.656699999999999950e-01,-7.355899999999999661e-01,-2.655000000000000068e-02,3.609999999999999928e-03,1.030000000000000013e-02,1.634999999999999995e-02,2.330000000000000127e-02,3.117999999999999938e-02,4.123999999999999888e-02,5.399999999999999939e-02,7.277999999999999747e-02,9.511000000000000010e-02,1.270699999999999885e-01,1.724400000000000099e-01,2.475600000000000023e-01,3.653199999999999781e-01,6.137599999999999723e-01,1.269539999999999891e+00,5.119790000000000063e+00,1.037000000000000074e-02,-5.049999999999999802e-03,-3.910000000000000281e-03,-4.300000000000000003e-03,-5.150000000000000064e-03,-5.610000000000000403e-03,-5.939999999999999968e-03,-6.826000000000000123e-02,-8.271000000000000574e-02,-6.499999999999999702e-04,4.769999999999999934e-03,1.328000000000000014e-02,2.319999999999999840e-02,4.673999999999999683e-02,8.240000000000000102e-02,1.674799999999999900e-01,3.862200000000000077e-01,2.657999999999999946e-02,-3.629999999999999980e-03,-1.031999999999999931e-02,-1.635999999999999954e-02,-2.330000000000000127e-02,-3.116999999999999979e-02,-4.120999999999999663e-02,-5.392999999999999877e-02,-7.269000000000000461e-02,-9.503999999999999948e-02,-1.269800000000000095e-01,-1.722700000000000065e-01,-2.472000000000000031e-01,-3.644499999999999962e-01,-6.118900000000000450e-01,-1.264029999999999987e+00,-5.106419999999999959e+00,-1.046000000000000055e-02,5.020000000000000157e-03,3.899999999999999821e-03,4.300000000000000003e-03,5.159999999999999656e-03,5.619999999999999996e-03,5.939999999999999968e-03,6.818000000000000449e-02,8.264000000000000512e-02,6.300000000000000261e-04,-4.810000000000000039e-03,-1.336000000000000035e-02,-2.332000000000000045e-02,-4.689000000000000112e-02,-8.250000000000000389e-02,-1.675500000000000045e-01,-3.855100000000000193e-01
cmxi*c/cref,8.408998052224732067e-01,5.778206433594431646e-01,4.591414617489661953e-01,3.804939637456061230e-01,3.218522252195956113e-01,2.743028431318713656e-01,2.361469619098791051e-01,2.060536907776434890e-01,1.935149551633560949e-01,1.444195714157619215e-01,1.138490799121686797e-01,8.905488069164024800e-02,6.808053927698348717e-02,4.952057533814287205e-02,3.318247012686048603e-02,1.858275078249518181e-02,5.681102576204221863e-03,-5.681102576204221863e-03,-1.858275078249518181e-02,-3.319515940797974907e-02,-4.954422413247818596e-02,-6.811341783748428580e-02,-8.911544850893221570e-02,-1.139506072635293604e-01,-1.445701391704960204e-01,-1.937099551181753476e-01,-2.063323658706288921e-01,-2.365277975723360793e-01,-2.747688523612482614e-01,-3.223896085751601914e-01,-3.811544884118423515e-01,-4.599363478483902146e-01,-5.789643015374648094e-01,-8.421291215826872678e-01,9.837606367561081699e-02,5.309053892943953884e-02,5.255366463538817257e-02,5.135425710049649345e-02,4.892380774703248419e-02,4.584111380187353563e-02,4.222007238645218014e-02,3.832470984598937425e-02,3.402224420244574082e-02,2.967599890732184470e-02,2.529256531219524831e-02,2.103253601424096009e-02,1.681977947641809940e-02,1.277651777652507280e-02,8.910834585070763827e-03,5.214715295478383923e-03,1.691363185504359034e-03,-1.691363185504359034e-03,-5.217763054271767030e-03,-8.916702767214372202e-03,-1.278779946992597734e-02,-1.683331325456133981e-02,-2.104809454168337854e-02,-2.530496241312270300e-02,-2.968782766964140826e-02,-3.404251296512674635e-02,-3.835037085023845077e-02,-4.225044362593984026e-02,-4.587742435184792578e-02,-4.896694567957698974e-02,-5.142329069200864133e-02,-5.269811184937166909e-02,-5.325656974824610757e-02,-9.877083010870477131e-02,-1.419186983506259651e-02,1.813921699740106376e-03,4.845213381553896241e-03,7.166969319515912457e-03,9.466427185721227808e-03,1.166824538270496217e-02,1.411066977973359990e-02,1.674526349739029196e-02,2.023539846260461947e-02,2.339447629646054100e-02,2.718160923966421103e-02,3.135790308667676246e-02,3.708099200162372905e-02,4.300677071205497720e-02,5.257544301773794254e-02,6.804597515616885028e-02,1.102628845730109913e-01,5.543114508082830176e-03,-2.537480494096270786e-03,-1.839299448725799759e-03,-1.884891013695316449e-03,-2.092364807144391457e-03,-2.099386035823439661e-03,-2.032429158380639860e-03,-2.116725345059002408e-02,-2.299628753561456726e-02,-1.598823424739706761e-04,1.020353160251816259e-03,2.414944055851701767e-03,3.475032373718170853e-03,5.502399165338469310e-03,7.058486223705693827e-03,8.976747419660003127e-03,8.317866803089249764e-03,1.420790584617566063e-02,-1.823971127439497509e-03,-4.854621562877301996e-03,-7.171352786989622537e-03,-9.466427185721227808e-03,-1.166450316160723769e-02,-1.410040498600440353e-02,-1.672355667433811713e-02,-2.021037529880090680e-02,-2.337725819804026967e-02,-2.716235729324437131e-02,-3.132698889319070895e-02,-3.702706908547982734e-02,-4.290435121539592361e-02,-5.241525649785530594e-02,-6.775064509716284544e-02,-1.099749401911630786e-01,-5.591222541422025127e-03,2.522406352547184195e-03,1.834595358064096664e-03,1.884891013695316449e-03,2.096427651430108306e-03,2.103128256921163713e-03,2.032429158380639860e-03,2.114244565281611296e-02,2.297682507487834591e-02,1.549628857824638956e-04,-1.028909580882858901e-03,-2.429491911609844238e-03,-3.493006679099472291e-03,-5.520057699245204362e-03,-7.067052347763589509e-03,-8.980499344184581303e-03,-8.302575814973166615e-03
cmxo,0.000000000000000000e+00,0.000000000000000000e+00,0.000000000000000000e+00,0.000000000000000000e+00,0.000000000000000000e+00,0.000000000000000000e+00,0.000000000000000000e+00,0.000000000000000000e+00,0.000000000000000000e+00,0.000000000000000000e+00,0.000000000000000000e+00,0.000000000000000000e+00,0.000000000000000000e+00,0.000000000000000000e+00,0.000000000000000000e+00,0.000000000000000000e+00,0.000000000000000000e+00,-0.000000000000000000e+00,-0.000000000000000000e+00,-0.000000000000000000e+00,-0.000000000000000000e+00,-0.000000000000000000e+00,-0.000000000000000000e+00,-0.000000000000000000e+00,-0.000000000000000000e+00,-0.000000000000000000e+00,-0.000000000000000000e+00,-0.000000000000000000e+00,-0.000000000000000000e+00,-0.000000000000000000e+00,-0.000000000000000000e+00,-0.000000000000000000e+00,-0.000000000000000000e+00,-0.000000000000000000e+00,0.000000000000000000e+00,0.000000000000000000e+00,0.000000000000000000e+00,0.000000000000000000e+00,0.000000000000000000e+00,0.000000000000000000e+00,0.000000000000000000e+00,0.000000000000000000e+00,0.000000000000000000e+00,0.000000000000000000e+00,0.000000000000000000e+00,0.000000000000000000e+00,0.000000000000000000e+00,0.000000000000000000e+00,0.000000000000000000e+00,0.000000000000000000e+00,0.000000000000000000e+00,-0.000000000000000000e+00,-0.000000000000000000e+00,-0.000000000000000000e+00,-0.000000000000000000e+00,-0.000000000000000000e+00,-0.000000000000000000e+00,-0.000000000000000000e+00,-0.000000000000000000e+00,-0.000000000000000000e+00,-0.000000000000000000e+00,-0.000000000000000000e+00,-0.000000000000000000e+00,-0.000000000000000000e+00,-0.000000000000000000e+00,-0.000000000000000000e+00,-0.000000000000000000e+00,-0.000000000000000000e+00,0.000000000000000000e+00,0.000000000000000000e+00,0.000000000000000000e+00,0.000000000000000000e+00,0.000000000000000000e+00,0.000000000000000000e+00,0.000000000000000000e+00,0.000000000000000000e+00,0.000000000000000000e+00,0.000000000000000000e+00,0.000000000000000000e+00,0.000000000000000000e+00,0.000000000000000000e+00,0.000000000000000000e+00,0.000000000000000000e+00,0.000000000000000000e+00,0.000000000000000000e+00,0.000000000000000000e+00,0.000000000000000000e+00,0.000000000000000000e+00,0.000000000000000000e+00,0.000000000000000000e+00,0.000000000000000000e+00,0.000000000000000000e+00,0.000000000000000000e+00,0.000000000000000000e+00,0.000000000000000000e+00,0.000000000000000000e+00,0.000000000000000000e+00,0.000000000000000000e+00,0.000000000000000000e+00,0.000000000000000000e+00,0.000000000000000000e+00,0.000000000000000000e+00,-0.000000000000000000e+00,-0.000000000000000000e+00,-0.000000000000000000e+00,-0.000000000000000000e+00,-0.000000000000000000e+00,-0.000000000000000000e+00,-0.000000000000000000e+00,-0.000000000000000000e+00,-0.000000000000000000e+00,-0.000000000000000000e+00,-0.000000000000000000e+00,-0.000000000000000000e+00,-0.000000000000000000e+00,-0.000000000000000000e+00,-0.000000000000000000e+00,-0.000000000000000000e+00,-0.000000000000000000e+00,-0.000000000000000000e+00,-0.000000000000000000e+00,-0.000000000000000000e+00,-0.000000000000000000e+00,-0.000000000000000000e+00,-0.000000000000000000e+00,-0.000000000000000000e+00,-0.000000000000000000e+00,0.000000000000000000e+00,0.000000000000000000e+00,0.000000000000000000e+00,0.000000000000000000e+00,0.000000000000000000e+00,0.000000000000000000e+00,0.000000000000000000e+00,0.000000000000000000e+00,0.000000000000000000e+00
cmxo*c/cref,0.000000000000000000e+00,0.000000000000000000e+00,0.000000000000000000e+00,0.000000000000000000e+00,0.000000000000000000e+00,0.000000000000000000e+00,0.000000000000000000e+00,0.000000000000000000e+00,0.000000000000000000e+00,0.000000000000000000e+00,0.000000000000000000e+00,0.000000000000000000e+00,0.000000000000000000e+00,0.000000000000000000e+00,0.000000000000000000e+00,0.000000000000000000e+00,0.000000000000000000e+00,-0.000000000000000000e+00,-0.000000000000000000e+00,-0.000000000000000000e+00,-0.000000000000000000e+00,-0.000000000000000000e+00,-0.000000000000000000e+00,-0.000000000000000000e+00,-0.000000000000000000e+00,-0.000000000000000000e+00,-0.000000000000000000e+00,-0.000000000000000000e+00,-0.000000000000000000e+00,-0.000000000000000000e+00,-0.000000000000000000e+00,-0.000000000000000000e+00,-0.000000000000000000e+00,-0.000000000000000000e+00,0.000000000000000000e+00,0.000000000000000000e+00,0.000000000000000000e+00,0.000000000000000000e+00,0.000000000000000000e+00,0.000000000000000000e+00,0.000000000000000000e+00,0.000000000000000000e+00,0.000000000000000000e+00,0.000000000000000000e+00,0.000000000000000000e+00,0.000000000000000000e+00,0.000000000000000000e+00,0.000000000000000000e+00,0.000000000000000000e+00,0.000000000000000000e+00,0.000000000000000000e+00,-0.000000000000000000e+00,-0.000000000000000000e+00,-0.000000000000000000e+00,-0.000000000000000000e+00,-0.000000000000000000e+00,-0.000000000000000000e+00,-0.000000000000000000e+00,-0.000000000000000000e+00,-0.000000000000000000e+00,-0.000000000000000000e+00,-0.000000000000000000e+00,-0.000000000000000000e+00,-0.000000000000000000e+00,-0.000000000000000000e+00,-0.000000000000000000e+00,-0.000000000000000000e+00,-0.000000000000000000e+00,0.000000000000000000e+00,0.000000000000000000e+00,0.000000000000000000e+00,0.000000000000000000e+00,0.000000000000000000e+00,0.000000000000000000e+00,0.000000000000000000e+00,0.000000000000000000e+00,0.000000000000000000e+00,0.000000000000000000e+00,0.000000000000000000e+00,0.000000000000000000e+00,0.000000000000000000e+00,0.000000000000000000e+00,0.000000000000000000e+00,0.000000000000000000e+00,0.000000000000000000e+00,0.000000000000000000e+00,0.000000000000000000e+00,0.000000000000000000e+00,0.000000000000000000e+00,0.000000000000000000e+00,0.000000000000000000e+00,0.000000000000000000e+00,0.000000000000000000e+00,0.000000000000000000e+00,0.000000000000000000e+00,0.000000000000000000e+00,0.000000000000000000e+00,0.000000000000000000e+00,0.000000000000000000e+00,0.000000000000000000e+00,0.000000000000000000e+00,0.000000000000000000e+00,-0.000000000000000000e+00,-0.000000000000000000e+00,-0.000000000000000000e+00,-0.000000000000000000e+00,-0.000000000000000000e+00,-0.000000000000000000e+00,-0.000000000000000000e+00,-0.000000000000000000e+00,-0.000000000000000000e+00,-0.000000000000000000e+00,-0.000000000000000000e+00,-0.000000000000000000e+00,-0.000000000000000000e+00,-0.000000000000000000e+00,-0.000000000000000000e+00,-0.000000000000000000e+00,-0.000000000000000000e+00,-0.000000000000000000e+00,-0.000000000000000000e+00,-0.000000000000000000e+00,-0.000000000000000000e+00,-0.000000000000000000e+00,-0.000000000000000000e+00,-0.000000000000000000e+00,-0.000000000000000000e+00,0.000000000000000000e+00,0.000000000000000000e+00,0.000000000000000000e+00,0.000000000000000000e+00,0.000000000000000000e+00,0.000000000000000000e+00,0.000000000000000000e+00,0.000000000000000000e+00,0.000000000000000000e+00
cmy,-8.835399999999999920e+00,-2.272370000000000001e+00,-1.057490000000000041e+00,-5.900300000000000544e-01,-3.574899999999999745e-01,-2.231400000000000050e-01,-1.417899999999999994e-01,-9.074999999999999734e-02,-7.394000000000000572e-02,-2.372000000000000150e-02,1.959999999999999937e-03,1.841999999999999887e-02,2.918000000000000108e-02,3.620999999999999913e-02,4.037000000000000310e-02,4.225000000000000283e-02,4.218000000000000221e-02,4.218000000000000221e-02,4.225999999999999895e-02,4.039999999999999841e-02,3.624000000000000138e-02,2.921999999999999945e-02,1.845000000000000112e-02,1.979999999999999989e-03,-2.374000000000000069e-02,-7.399000000000000021e-02,-9.088999999999999857e-02,-1.420599999999999918e-01,-2.235800000000000010e-01,-3.581400000000000139e-01,-5.910699999999999843e-01,-1.059330000000000105e+00,-2.277140000000000164e+00,-8.849339999999999762e+00,-1.212469999999999937e+00,-6.345800000000000329e-01,-6.209700000000000220e-01,-6.067900000000000515e-01,-5.844599999999999795e-01,-5.592399999999999594e-01,-5.315900000000000070e-01,-5.047599999999999865e-01,-4.751699999999999813e-01,-4.469699999999999784e-01,-4.189100000000000046e-01,-3.936299999999999799e-01,-3.684000000000000052e-01,-3.451299999999999923e-01,-3.237200000000000077e-01,-3.039299999999999780e-01,-2.849099999999999966e-01,-2.849900000000000211e-01,-3.041900000000000159e-01,-3.240600000000000147e-01,-3.454999999999999738e-01,-3.687799999999999967e-01,-3.940000000000000169e-01,-4.191500000000000226e-01,-4.471899999999999764e-01,-4.754900000000000237e-01,-5.050999999999999934e-01,-5.319500000000000339e-01,-5.596700000000000008e-01,-5.849600000000000355e-01,-6.075800000000000090e-01,-6.226199999999999513e-01,-6.364699999999999802e-01,-1.217130000000000045e+00,3.610000000000000014e-02,2.959999999999999958e-03,2.040000000000000147e-03,1.559999999999999972e-03,1.049999999999999935e-03,5.400000000000000069e-04,-5.800000000000000034e-04,-2.040000000000000147e-03,-5.369999999999999774e-03,-8.640000000000000110e-03,-1.460999999999999972e-02,-2.240999999999999936e-02,-3.930999999999999772e-02,-6.037000000000000005e-02,-1.242499999999999993e-01,-3.262399999999999745e-01,-1.869450000000000056e+00,-2.136000000000000051e-02,1.020000000000000073e-03,-5.000000000000000240e-05,7.600000000000000418e-04,1.660000000000000017e-03,2.390000000000000197e-03,3.510000000000000099e-03,1.096599999999999936e-01,1.390399999999999969e-01,1.265999999999999938e-02,1.938000000000000139e-02,2.988000000000000031e-02,5.335999999999999771e-02,8.944000000000000561e-02,1.836299999999999877e-01,4.643900000000000250e-01,2.583040000000000003e+00,3.622000000000000219e-02,2.959999999999999958e-03,2.040000000000000147e-03,1.559999999999999972e-03,1.059999999999999961e-03,5.400000000000000069e-04,-5.800000000000000034e-04,-2.030000000000000120e-03,-5.360000000000000181e-03,-8.649999999999999703e-03,-1.464000000000000024e-02,-2.245000000000000120e-02,-3.932999999999999691e-02,-6.044000000000000067e-02,-1.243500000000000022e-01,-3.262999999999999790e-01,-1.865339999999999998e+00,-2.147999999999999909e-02,1.039999999999999909e-03,-3.000000000000000076e-05,7.699999999999999597e-04,1.670000000000000043e-03,2.399999999999999790e-03,3.520000000000000125e-03,1.094699999999999979e-01,1.388500000000000012e-01,1.265999999999999938e-02,1.934999999999999915e-02,2.981999999999999929e-02,5.328999999999999709e-02,8.946999999999999398e-02,1.840600000000000014e-01,4.658399999999999763e-01,2.592229999999999812e+00
cmy*c/cref,-5.108890766244029713e-01,-3.285479815412461480e-01,-2.443558433953096909e-01,-1.873698888554474196e-01,-1.444429893088532424e-01,-1.094582099401737868e-01,-8.181619481784180303e-02,-6.021372544862710341e-02,-5.545498715130047634e-02,-1.984148412384519750e-02,1.809032806062834233e-03,1.859431990863764581e-02,3.197987984710846943e-02,4.281614214408198393e-02,5.122662787844581289e-02,5.726631805692352500e-02,6.081951945794266540e-02,6.081951945794266540e-02,5.727987221504349941e-02,5.126469572180358120e-02,4.285161533558495134e-02,3.202371792777619630e-02,1.862460381728363659e-02,1.827492324492046953e-03,-1.985821387437120347e-02,-5.549248714261187376e-02,-6.030661714628889752e-02,-8.197199122521056647e-02,-1.096740457937799285e-01,-1.447056202720991003e-01,-1.877001511885654783e-01,-2.447810150298853349e-01,-3.292376464602302377e-01,-5.116951288380146012e-01,-1.628035568481100703e-01,-9.242090964761127958e-02,-9.749715920362390931e-02,-1.021680316918369552e-01,-1.050516502289966791e-01,-1.068753261456612119e-01,-1.076336479949842467e-01,-1.079387375396808346e-01,-1.070123107015035352e-01,-1.057420378795092819e-01,-1.038653909904098810e-01,-1.020717192859779132e-01,-9.971687735938891683e-02,-9.734127108635978742e-02,-9.498239617646057897e-02,-9.263053300729076622e-02,-9.007220283776579128e-02,-9.009749424988548749e-02,-9.270977473591873741e-02,-9.508215527290193869e-02,-9.744562675031814836e-02,-9.981973407327754400e-02,-1.021676635385394827e-01,-1.039248970748616746e-01,-1.057940844337153657e-01,-1.070843774132582554e-01,-1.080114437183865433e-01,-1.077065389697546421e-01,-1.069575026534979878e-01,-1.051415209217977376e-01,-1.023010476364579063e-01,-9.775622214174647939e-02,-9.269617126826427966e-02,-1.634292750719937015e-01,1.929666670605497888e-02,1.487315299509893354e-03,9.596344949873737967e-04,6.838209258987659918e-04,4.265986500003127809e-04,2.020799392771224984e-04,-1.984526787644395689e-04,-6.325988432347443490e-04,-1.493048773621692823e-03,-2.125205290730933488e-03,-3.125232635488267401e-03,-4.075218094249746272e-03,-5.888082871157814500e-03,-7.106971279663744541e-03,-1.064340914193485921e-02,-1.748611224140123738e-02,-4.026160244170472191e-02,-1.141763991250233784e-02,5.125208126689497455e-04,-2.352045330851406258e-05,3.331435280019629441e-04,6.744321514290659925e-04,8.943908423561533700e-04,1.200980866315832585e-03,3.400528879858924491e-02,3.865800772520673612e-02,3.114016085723798118e-03,4.145585795740084310e-03,5.433624125666328651e-03,7.992574459551793006e-03,1.052919515078889166e-02,1.572997360751306542e-02,2.489080328526337149e-02,5.562990696248680533e-02,1.936081075050724229e-02,1.487315299509893354e-03,9.596344949873737967e-04,6.838209258987659918e-04,4.306614942860300635e-04,2.020799392771224984e-04,-1.984526787644395689e-04,-6.294978685130054588e-04,-1.490268422087946730e-03,-2.127665019076686783e-03,-3.131649950961549762e-03,-4.082492022128817941e-03,-5.891078588721365174e-03,-7.115211928820221014e-03,-1.065197526599275489e-02,-1.748932817670801818e-02,-4.017308700345528089e-02,-1.148178395695459778e-02,5.225702403683408787e-04,-1.411227198510843619e-05,3.375269954756729158e-04,6.784949957147832751e-04,8.981330634538777467e-04,1.204402464225564273e-03,3.394637027887620340e-02,3.860518104606556339e-02,3.114016085723798118e-03,4.139168480266802383e-03,5.422713233847721581e-03,7.982089448079368252e-03,1.053272685757023625e-02,1.576680794096201391e-02,2.496852172184389762e-02,5.582782834387665927e-02
cmyi,-8.861810000000000187e+00,-2.280370000000000008e+00,-1.061930000000000041e+00,-5.930199999999999916e-01,-3.597199999999999842e-01,-2.248900000000000066e-01,-1.432299999999999962e-01,-9.198000000000000620e-02,-7.502000000000000335e-02,-2.464999999999999830e-02,1.149999999999999981e-03,1.769000000000000086e-02,2.852999999999999980e-02,3.561000000000000276e-02,3.982000000000000123e-02,4.173999999999999932e-02,4.170999999999999708e-02,4.170999999999999708e-02,4.175000000000000239e-02,3.984999999999999654e-02,3.563999999999999807e-02,2.855999999999999858e-02,1.771999999999999964e-02,1.170000000000000033e-03,-2.467000000000000096e-02,-7.506999999999999784e-02,-9.211999999999999356e-02,-1.435099999999999987e-01,-2.253400000000000125e-01,-3.603600000000000136e-01,-5.940600000000000325e-01,-1.063760000000000039e+00,-2.285140000000000171e+00,-8.875780000000000669e+00,-1.212469999999999937e+00,-6.345800000000000329e-01,-6.209700000000000220e-01,-6.067900000000000515e-01,-5.844599999999999795e-01,-5.592399999999999594e-01,-5.315900000000000070e-01,-5.047599999999999865e-01,-4.751699999999999813e-01,-4.469699999999999784e-01,-4.189100000000000046e-01,-3.936299999999999799e-01,-3.684000000000000052e-01,-3.451299999999999923e-01,-3.237200000000000077e-01,-3.039299999999999780e-01,-2.849099999999999966e-01,-2.849900000000000211e-01,-3.041900000000000159e-01,-3.240600000000000147e-01,-3.454999999999999738e-01,-3.687799999999999967e-01,-3.940000000000000169e-01,-4.191500000000000226e-01,-4.471899999999999764e-01,-4.754900000000000237e-01,-5.050999999999999934e-01,-5.319500000000000339e-01,-5.596700000000000008e-01,-5.849600000000000355e-01,-6.075800000000000090e-01,-6.226199999999999513e-01,-6.364699999999999802e-01,-1.217130000000000045e+00,3.461999999999999800e-02,1.190000000000000085e-03,-6.000000000000000152e-05,-9.300000000000000541e-04,-1.879999999999999944e-03,-2.939999999999999905e-03,-4.709999999999999777e-03,-6.960000000000000041e-03,-1.129999999999999928e-02,-1.585999999999999910e-02,-2.356000000000000108e-02,-3.375999999999999834e-02,-5.417999999999999899e-02,-8.092000000000000581e-02,-1.552300000000000069e-01,-3.818199999999999927e-01,-2.037510000000000154e+00,-2.264999999999999999e-02,-1.800000000000000113e-04,-1.149999999999999981e-03,-2.300000000000000070e-04,8.099999999999999561e-04,1.719999999999999958e-03,3.040000000000000167e-03,1.094500000000000056e-01,1.391400000000000137e-01,1.319000000000000034e-02,2.048000000000000168e-02,3.178000000000000269e-02,5.645000000000000018e-02,9.446000000000000230e-02,1.922300000000000120e-01,4.815599999999999881e-01,2.640130000000000088e+00,3.474000000000000005e-02,1.190000000000000085e-03,-6.000000000000000152e-05,-9.300000000000000541e-04,-1.879999999999999944e-03,-2.929999999999999879e-03,-4.709999999999999777e-03,-6.960000000000000041e-03,-1.128999999999999969e-02,-1.587999999999999828e-02,-2.358999999999999986e-02,-3.379000000000000059e-02,-5.421000000000000124e-02,-8.099000000000000643e-02,-1.553200000000000136e-01,-3.818599999999999772e-01,-2.033370000000000122e+00,-2.276999999999999857e-02,-1.600000000000000131e-04,-1.129999999999999928e-03,-2.100000000000000087e-04,8.199999999999999824e-04,1.729999999999999984e-03,3.050000000000000194e-03,1.092499999999999999e-01,1.389600000000000002e-01,1.319000000000000034e-02,2.044999999999999943e-02,3.171999999999999820e-02,5.637999999999999956e-02,9.447999999999999454e-02,1.926599999999999979e-01,4.830099999999999949e-01,2.649329999999999963e+00
cmyi*c/cref,-5.124161812844806319e-01,-3.297046522649091371e-01,-2.453818010352639134e-01,-1.883193930631619217e-01,-1.453440155366043651e-01,-1.103166479942891548e-01,-8.264710899047521264e-02,-6.102984536379858077e-02,-5.626498696362674384e-02,-2.061941752330455693e-02,1.061422309679724155e-03,1.785741146491856557e-02,3.126751103625786954e-02,4.210667831402262890e-02,5.052871741688660240e-02,5.657505599280444192e-02,6.014182448057819874e-02,6.014182448057819874e-02,5.658861015092443020e-02,5.056678526024437070e-02,4.214215150552559630e-02,3.130038959675866816e-02,1.788769537356455289e-02,1.079881828108936875e-03,-2.063614727383056638e-02,-5.630248695493814126e-02,-6.112273706146036795e-02,-8.280867563515394159e-02,-1.105373892082045367e-01,-1.456026060234925645e-01,-1.886496553962800082e-01,-2.458046619544342060e-01,-3.303943171838931714e-01,-5.132239681872177162e-01,-1.628035568481100703e-01,-9.242090964761127958e-02,-9.749715920362390931e-02,-1.021680316918369552e-01,-1.050516502289966791e-01,-1.068753261456612119e-01,-1.076336479949842467e-01,-1.079387375396808346e-01,-1.070123107015035352e-01,-1.057420378795092819e-01,-1.038653909904098810e-01,-1.020717192859779132e-01,-9.971687735938891683e-02,-9.734127108635978742e-02,-9.498239617646057897e-02,-9.263053300729076622e-02,-9.007220283776579128e-02,-9.009749424988548749e-02,-9.270977473591873741e-02,-9.508215527290193869e-02,-9.744562675031814836e-02,-9.981973407327754400e-02,-1.021676635385394827e-01,-1.039248970748616746e-01,-1.057940844337153657e-01,-1.070843774132582554e-01,-1.080114437183865433e-01,-1.077065389697546421e-01,-1.069575026534979878e-01,-1.051415209217977376e-01,-1.023010476364579063e-01,-9.775622214174647939e-02,-9.269617126826427966e-02,-1.634292750719937015e-01,1.850555682447710057e-02,5.979409481137747031e-04,-2.822454397021687239e-05,-4.076624750550336012e-04,-7.638147257148457771e-04,-1.100213002731000164e-03,-1.611572615483638582e-03,-2.158278406330304058e-03,-3.141797233133171181e-03,-3.901129156364884724e-03,-5.039731751684023604e-03,-6.139195129936252798e-03,-8.115398879657349795e-03,-9.526190424886371230e-03,-1.329719437507081124e-02,-2.046514031391558769e-02,-4.388104393859038055e-02,-1.210718839036413648e-02,-9.044484929452055130e-05,-5.409704260958234394e-04,-1.008197518953308803e-04,3.290903871430984310e-04,6.436620288086124285e-04,1.040165764558441961e-03,3.394016832943273082e-02,3.868581124054420312e-02,3.244381688048728410e-03,4.380887363093752956e-03,5.779135699922220357e-03,8.455412823120291368e-03,1.112016741886760578e-02,1.646666027649205943e-02,2.581109677222039045e-02,5.685943162663771588e-02,1.856970086892936397e-02,5.979409481137747031e-04,-2.822454397021687239e-05,-4.076624750550336012e-04,-7.638147257148457771e-04,-1.096470781633275679e-03,-1.611572615483638582e-03,-2.158278406330304058e-03,-3.139016881599425088e-03,-3.906048613056391314e-03,-5.046149067157305532e-03,-6.144650575845556767e-03,-8.119892456002674938e-03,-9.534431074042847704e-03,-1.330490388672291718e-02,-2.046728427078677373e-02,-4.379188240225153489e-02,-1.217133243481639468e-02,-8.039542159512937743e-05,-5.315622447724177926e-04,-9.205281694791080137e-05,3.331532314288157136e-04,6.474042499063369137e-04,1.043587362468173648e-03,3.387814883499794955e-02,3.863576491293677084e-02,3.244381688048728410e-03,4.374470047620470162e-03,5.768224808103612419e-03,8.444927811647866614e-03,1.112252189005516999e-02,1.650349460994100792e-02,2.588881520880092005e-02,5.705756837405737830e-02
cmyo,2.640999999999999945e-02,8.000000000000000167e-03,4.429999999999999910e-03,2.990000000000000036e-03,2.220000000000000185e-03,1.750000000000000036e-03,1.440000000000000091e-03,1.219999999999999947e-03,1.080000000000000014e-03,9.200000000000000278e-04,8.099999999999999561e-04,7.299999999999999632e-04,6.599999999999999964e-04,5.999999999999999474e-04,5.500000000000000331e-04,5.100000000000000366e-04,4.699999999999999859e-04,4.699999999999999859e-04,5.100000000000000366e-04,5.500000000000000331e-04,5.999999999999999474e-04,6.599999999999999964e-04,7.299999999999999632e-04,8.099999999999999561e-04,9.200000000000000278e-04,1.080000000000000014e-03,1.219999999999999947e-03,1.440000000000000091e-03,1.750000000000000036e-03,2.220000000000000185e-03,2.990000000000000036e-03,4.429999999999999910e-03,8.000000000000000167e-03,2.644000000000000170e-02,0.000000000000000000e+00,0.000000000000000000e+00,0.000000000000000000e+00,0.000000000000000000e+00,0.000000000000000000e+00,0.000000000000000000e+00,0.000000000000000000e+00,0.000000000000000000e+00,0.000000000000000000e+00,0.000000000000000000e+00,0.000000000000000000e+00,0.000000000000000000e+00,0.000000000000000000e+00,0.000000000000000000e+00,0.000000000000000000e+00,0.000000000000000000e+00,0.000000000000000000e+00,0.000000000000000000e+00,0.000000000000000000e+00,0.000000000000000000e+00,0.000000000000000000e+00,0.000000000000000000e+00,0.000000000000000000e+00,0.000000000000000000e+00,0.000000000000000000e+00,0.000000000000000000e+00,0.000000000000000000e+00,0.000000000000000000e+00,0.000000000000000000e+00,0.000000000000000000e+00,0.000000000000000000e+00,0.000000000000000000e+00,0.000000000000000000e+00,0.000000000000000000e+00,1.479999999999999979e-03,1.770000000000000089e-03,2.099999999999999870e-03,2.490000000000000026e-03,2.939999999999999905e-03,3.480000000000000020e-03,4.129999999999999991e-03,4.930000000000000354e-03,5.930000000000000375e-03,7.219999999999999855e-03,8.949999999999999623e-03,1.133999999999999939e-02,1.488000000000000086e-02,2.054999999999999882e-02,3.097000000000000100e-02,5.557000000000000134e-02,1.680599999999999872e-01,1.289999999999999914e-03,1.199999999999999895e-03,1.100000000000000066e-03,9.799999999999999684e-04,8.400000000000000348e-04,6.700000000000000226e-04,4.699999999999999859e-04,2.200000000000000078e-04,-1.100000000000000039e-04,-5.299999999999999807e-04,-1.100000000000000066e-03,-1.899999999999999996e-03,-3.089999999999999865e-03,-5.020000000000000157e-03,-8.600000000000000006e-03,-1.717000000000000123e-02,-5.709000000000000186e-02,1.479999999999999979e-03,1.770000000000000089e-03,2.099999999999999870e-03,2.490000000000000026e-03,2.939999999999999905e-03,3.480000000000000020e-03,4.129999999999999991e-03,4.930000000000000354e-03,5.930000000000000375e-03,7.219999999999999855e-03,8.949999999999999623e-03,1.133999999999999939e-02,1.486999999999999954e-02,2.054999999999999882e-02,3.097000000000000100e-02,5.555999999999999828e-02,1.680300000000000127e-01,1.289999999999999914e-03,1.199999999999999895e-03,1.100000000000000066e-03,9.799999999999999684e-04,8.400000000000000348e-04,6.700000000000000226e-04,4.699999999999999859e-04,2.200000000000000078e-04,-1.100000000000000039e-04,-5.299999999999999807e-04,-1.100000000000000066e-03,-1.899999999999999996e-03,-3.089999999999999865e-03,-5.020000000000000157e-03,-8.609999999999999598e-03,-1.717000000000000123e-02,-5.709999999999999798e-02
cmyo*c/cref,1.527104660077696760e-03,1.156670723662946241e-03,1.023646924548905334e-03,9.495042077145022770e-04,8.969857513934774863e-04,8.584380541153721188e-04,8.309141726334170900e-04,8.094847939099180214e-04,8.099998123262714018e-04,7.695685241963566656e-04,7.476104963831100778e-04,7.369084437190815372e-04,7.233283310175321482e-04,7.094638300593534121e-04,6.979104615592072406e-04,6.912620641190769062e-04,6.776949773644630774e-04,6.776949773644630774e-04,6.912620641190769062e-04,6.979104615592072406e-04,7.094638300593534121e-04,7.233283310175321482e-04,7.369084437190815372e-04,7.476104963831100778e-04,7.695685241963566656e-04,8.099998123262714018e-04,8.094847939099180214e-04,8.309141726334170900e-04,8.584380541153721188e-04,8.969857513934774863e-04,9.495042077145022770e-04,1.023646924548905334e-03,1.156670723662946241e-03,1.528839349203116446e-03,0.000000000000000000e+00,0.000000000000000000e+00,0.000000000000000000e+00,0.000000000000000000e+00,0.000000000000000000e+00,0.000000000000000000e+00,0.000000000000000000e+00,0.000000000000000000e+00,0.000000000000000000e+00,0.000000000000000000e+00,0.000000000000000000e+00,0.000000000000000000e+00,0.000000000000000000e+00,0.000000000000000000e+00,0.000000000000000000e+00,0.000000000000000000e+00,0.000000000000000000e+00,0.000000000000000000e+00,0.000000000000000000e+00,0.000000000000000000e+00,0.000000000000000000e+00,0.000000000000000000e+00,0.000000000000000000e+00,0.000000000000000000e+00,0.000000000000000000e+00,0.000000000000000000e+00,0.000000000000000000e+00,0.000000000000000000e+00,0.000000000000000000e+00,0.000000000000000000e+00,0.000000000000000000e+00,0.000000000000000000e+00,0.000000000000000000e+00,0.000000000000000000e+00,7.911098815778773398e-04,8.893743513961187589e-04,9.878590389575904115e-04,1.091483400953799539e-03,1.194476220000875895e-03,1.302292942008122798e-03,1.413119936719198959e-03,1.528780537817298925e-03,1.648748459511478574e-03,1.775923865633951453e-03,1.914499116195755987e-03,2.062158553716738826e-03,2.228813867281309764e-03,2.419219145222626256e-03,2.652928620730161859e-03,2.978492083296551199e-03,3.619441496885658638e-03,6.895484778617984225e-04,6.029656619634702697e-04,5.174499727873093768e-04,4.295798124235837307e-04,3.412789200002502789e-04,2.507288135475408872e-04,1.608151017573906786e-04,6.822144387825673794e-05,-3.058386687120786119e-05,-1.303656023249299392e-04,-2.353015673536683480e-04,-3.455115742558910550e-04,-4.628383635684977658e-04,-5.909722680787145473e-04,-7.366866689789922790e-04,-9.202934869570234032e-04,-1.229524664150912069e-03,7.911098815778773398e-04,8.893743513961187589e-04,9.878590389575904115e-04,1.091483400953799539e-03,1.194476220000875895e-03,1.302292942008122798e-03,1.413119936719198959e-03,1.528780537817298925e-03,1.648748459511478574e-03,1.775923865633951453e-03,1.914499116195755987e-03,2.062158553716738826e-03,2.227316008499534861e-03,2.419219145222626256e-03,2.652928620730161859e-03,2.977956094078754255e-03,3.618795398796247065e-03,6.895484778617984225e-04,6.029656619634702697e-04,5.174499727873093768e-04,4.295798124235837307e-04,3.412789200002502789e-04,2.507288135475408872e-04,1.608151017573906786e-04,6.822144387825673794e-05,-3.058386687120786119e-05,-1.303656023249299392e-04,-2.353015673536683480e-04,-3.455115742558910550e-04,-4.628383635684977658e-04,-5.909722680787145473e-04,-7.375432813847818039e-04,-9.202934869570234032e-04,-1.229740030180715999e-03
cmz,4.726379999999999804e+00,8.956899999999999862e-01,3.508999999999999897e-01,1.715000000000000135e-01,8.964999999999999358e-02,4.923000000000000292e-02,2.625999999999999862e-02,8.779999999999999610e-03,2.350000000000000092e-03,1.369999999999999907e-03,-2.340000000000000066e-03,-3.860000000000000150e-03,-4.669999999999999672e-03,-4.680000000000000132e-03,-4.210000000000000200e-03,-3.289999999999999956e-03,-1.889999999999999970e-03,1.889999999999999970e-03,3.289999999999999956e-03,4.210000000000000200e-03,4.669999999999999672e-03,4.660000000000000080e-03,3.850000000000000124e-03,2.320000000000000014e-03,-1.389999999999999960e-03,-2.399999999999999790e-03,-8.859999999999999820e-03,-2.638000000000000067e-02,-4.941999999999999865e-02,-8.989999999999999380e-02,-1.713999999999999968e-01,-3.509099999999999997e-01,-8.982999999999999874e-01,-4.741380000000000372e+00,1.946799999999999919e-01,-2.586000000000000104e-02,-2.374000000000000069e-02,-2.038999999999999840e-02,-1.785000000000000128e-02,-1.340000000000000045e-02,-1.150999999999999940e-02,-1.042000000000000044e-02,-1.128000000000000010e-02,-8.989999999999999727e-03,-7.590000000000000392e-03,-6.020000000000000177e-03,-4.749999999999999882e-03,-3.330000000000000061e-03,-2.259999999999999856e-03,-1.209999999999999921e-03,-1.000000000000000048e-04,1.000000000000000048e-04,1.219999999999999947e-03,2.259999999999999856e-03,3.340000000000000087e-03,4.760000000000000342e-03,6.029999999999999770e-03,7.590000000000000392e-03,8.940000000000000030e-03,1.119000000000000029e-02,1.038000000000000034e-02,1.152000000000000073e-02,1.342999999999999923e-02,1.784000000000000169e-02,2.019999999999999921e-02,2.343999999999999903e-02,2.569000000000000103e-02,-1.971100000000000074e-01,3.758999999999999841e-02,-2.088999999999999885e-02,-4.236999999999999794e-02,-6.020999999999999963e-02,-7.950000000000000122e-02,-1.004199999999999954e-01,-1.252199999999999980e-01,-1.562999999999999945e-01,-1.995899999999999896e-01,-2.510700000000000154e-01,-3.218799999999999994e-01,-4.231900000000000106e-01,-5.842600000000000016e-01,-8.441699999999999759e-01,-1.361539999999999973e+00,-2.678399999999999892e+00,-9.899789999999999424e+00,-5.000000000000000104e-04,2.523999999999999855e-02,2.316000000000000003e-02,2.570000000000000062e-02,3.652999999999999997e-02,5.206999999999999823e-02,7.539999999999999480e-02,8.713999999999999524e-02,2.386000000000000065e-01,3.385099999999999776e-01,4.227400000000000047e-01,5.511599999999999833e-01,7.520999999999999908e-01,1.112020000000000008e+00,1.809050000000000047e+00,3.639170000000000016e+00,1.387448000000000015e+01,-3.735999999999999738e-02,2.101000000000000090e-02,4.247000000000000081e-02,6.028000000000000025e-02,7.953999999999999959e-02,1.004099999999999993e-01,1.251500000000000112e-01,1.560900000000000065e-01,1.993399999999999894e-01,2.508500000000000174e-01,3.215700000000000225e-01,4.226699999999999902e-01,5.832399999999999807e-01,8.417000000000000037e-01,1.356479999999999908e+00,2.664219999999999811e+00,9.872790000000000177e+00,7.200000000000000453e-04,-2.488999999999999893e-02,-2.295000000000000165e-02,-2.561000000000000082e-02,-3.651000000000000079e-02,-5.208999999999999742e-02,-7.545999999999999930e-02,-8.795999999999999652e-02,-2.398699999999999999e-01,-3.388999999999999790e-01,-4.231800000000000006e-01,-5.517999999999999572e-01,-7.530799999999999716e-01,-1.113839999999999941e+00,-1.812440000000000051e+00,-3.646749999999999936e+00,-1.390848000000000084e+01
cmz*c/cref,2.732933329533519529e-01,1.295023000597080587e-01,8.108300357205662501e-02,5.446152897091543349e-02,3.622287054613749363e-02,2.414908880234272609e-02,1.515264317593995047e-02,5.825636467646787102e-03,1.762499591635868388e-03,1.145987911031531034e-03,-2.159763656217873751e-03,-3.896529579117335388e-03,-5.118095917957386776e-03,-5.533817874462957677e-03,-5.342187351207750359e-03,-4.459318021474044207e-03,-2.725198951529436697e-03,2.725198951529436697e-03,4.459318021474044207e-03,5.342187351207750359e-03,5.521993477295300719e-03,5.107136397790455057e-03,3.886434942902005415e-03,2.141304137788661247e-03,-1.162717661557538962e-03,-1.799999582947269710e-03,-5.878717437739241006e-03,-1.522188602365940301e-02,-2.424229064821810734e-02,-3.632388245507820607e-02,-5.442977297734637870e-02,-8.108531428746193481e-02,-1.298796638833030759e-01,-2.741606775160617682e-01,2.614052013426317045e-02,-3.766278047664955823e-03,-3.727366152139445759e-03,-3.433158368128273914e-03,-3.208383732997281343e-03,-2.560849313983013659e-03,-2.330486443353465154e-03,-2.228230535627772051e-03,-2.540351589353200077e-03,-2.126811465057584609e-03,-1.881879920787784925e-03,-1.561038920055857074e-03,-1.285708923607756238e-03,-9.392009756253530276e-04,-6.631045822278539004e-04,-3.687788139993479594e-04,-3.161426514961419160e-05,3.161426514961419160e-05,3.718265727927310121e-04,6.631045822278539004e-04,9.420213989755793797e-04,1.288415679236404104e-03,1.563632007962926672e-03,1.881879920787784925e-03,2.114982702738020613e-03,2.520082826672190215e-03,2.219676867544748133e-03,2.332511192652643190e-03,2.566582558715811008e-03,3.206586319141260712e-03,3.401167191573866225e-03,3.680263799753521678e-03,3.741519065913098338e-03,-2.646680667590206593e-02,2.009312192467054350e-02,-1.049662723201407778e-02,-1.993123213363481513e-02,-2.639285765920813820e-02,-3.229961207145225222e-02,-3.757938426334933579e-02,-4.284524902566055893e-02,-4.846823490077967200e-02,-5.549303626203978823e-02,-6.175639957683049658e-02,-6.885351681799888046e-02,-7.695633847860554322e-02,-8.751389718399046891e-02,-9.937869712032040836e-02,-1.166312054978671103e-01,-1.435593520946820689e-01,-2.132078468193125964e-01,-2.672668518844180407e-04,1.268237775663165826e-02,1.089467397250371353e-02,1.126551140743479833e-02,1.484157017572516890e-02,1.948574525585142214e-02,2.579884823937714233e-02,2.702189372523314606e-02,6.633918759518360464e-02,8.326426423209817851e-02,9.042853143917251035e-02,1.002274522457246853e-01,1.126539589773033062e-01,1.309109524997793261e-01,1.549654672693542012e-01,1.950555881729406360e-01,2.988091673194700482e-01,-1.997017917280371341e-02,1.055692379821042588e-02,1.997827304025184478e-02,2.642354193152410963e-02,3.231586344859512655e-02,3.757564204225161131e-02,4.282129784029244102e-02,4.840311443162315791e-02,5.542352747369613808e-02,6.170228555322392755e-02,6.878720455810830026e-02,7.686177741617761239e-02,8.736111558824939671e-02,9.908791992865619014e-02,1.161977596205376051e-01,1.427993193838462682e-01,2.126263585388418753e-01,3.848642667135619417e-04,-1.250651277189231136e-02,-1.079588806860795440e-02,-1.122606020017140847e-02,-1.483344448715373347e-02,-1.949322969804687111e-02,-2.581937782683553506e-02,-2.727617365241574027e-02,-6.669229223996936406e-02,-8.336019363758255529e-02,-9.052265206611397053e-02,-1.003438350917898181e-01,-1.128007491379172528e-01,-1.311252093778476902e-01,-1.552558588749168300e-01,-1.954618680000305697e-01,-2.995414118208035714e-01
cmzi,4.944779999999999731e+00,9.577900000000000302e-01,3.830999999999999961e-01,1.917000000000000093e-01,1.035599999999999993e-01,5.933000000000000079e-02,3.384000000000000202e-02,1.460000000000000013e-02,6.949999999999999581e-03,4.839999999999999684e-03,3.200000000000000262e-04,-1.860000000000000108e-03,-3.190000000000000127e-03,-3.619999999999999954e-03,-3.520000000000000125e-03,-2.909999999999999826e-03,-1.770000000000000089e-03,1.770000000000000089e-03,2.909999999999999826e-03,3.520000000000000125e-03,3.619999999999999954e-03,3.180000000000000101e-03,1.850000000000000082e-03,-3.299999999999999982e-04,-4.859999999999999737e-03,-7.000000000000000146e-03,-1.468999999999999993e-02,-3.397000000000000020e-02,-5.952999999999999958e-02,-1.038199999999999956e-01,-1.916100000000000025e-01,-3.831300000000000261e-01,-9.604599999999999804e-01,-4.959990000000000343e+00,2.223100000000000076e-01,-2.170000000000000054e-03,-3.360000000000000139e-03,-2.850000000000000103e-03,-2.749999999999999840e-03,-4.400000000000000157e-04,-4.299999999999999894e-04,-9.899999999999999946e-04,-3.330000000000000061e-03,-2.350000000000000092e-03,-2.139999999999999975e-03,-1.639999999999999965e-03,-1.340000000000000045e-03,-8.000000000000000383e-04,-5.299999999999999807e-04,-2.200000000000000078e-04,2.200000000000000078e-04,-2.100000000000000087e-04,2.300000000000000070e-04,5.299999999999999807e-04,8.099999999999999561e-04,1.340000000000000045e-03,1.649999999999999991e-03,2.139999999999999975e-03,2.299999999999999961e-03,3.229999999999999798e-03,9.499999999999999981e-04,4.299999999999999894e-04,4.699999999999999859e-04,2.739999999999999814e-03,2.660000000000000038e-03,3.059999999999999786e-03,2.000000000000000042e-03,-2.247399999999999953e-01,4.351000000000000006e-02,-1.455000000000000043e-02,-3.554000000000000214e-02,-5.281000000000000277e-02,-7.142999999999999350e-02,-9.156000000000000250e-02,-1.154099999999999987e-01,-1.453200000000000047e-01,-1.871599999999999930e-01,-2.367799999999999905e-01,-3.051200000000000023e-01,-4.030099999999999794e-01,-5.590600000000000014e-01,-8.109499999999999487e-01,-1.313660000000000050e+00,-2.596099999999999852e+00,-9.660899999999999821e+00,5.409999999999999878e-03,3.157000000000000084e-02,2.998999999999999930e-02,3.309999999999999748e-02,4.460000000000000075e-02,6.092000000000000193e-02,8.519999999999999796e-02,9.811000000000000276e-02,2.510999999999999899e-01,3.528899999999999815e-01,4.395899999999999808e-01,5.714500000000000135e-01,7.774499999999999744e-01,1.145459999999999923e+00,1.857290000000000108e+00,3.722269999999999968e+00,1.411749000000000009e+01,-4.327000000000000290e-02,1.467000000000000075e-02,3.563000000000000195e-02,5.288000000000000339e-02,7.147000000000000575e-02,9.155000000000000637e-02,1.153300000000000020e-01,1.451199999999999990e-01,1.869099999999999928e-01,2.365599999999999925e-01,3.048100000000000254e-01,4.024900000000000144e-01,5.580399999999999805e-01,8.084900000000000420e-01,1.308610000000000051e+00,2.581929999999999836e+00,9.633929999999999438e+00,-5.190000000000000169e-03,-3.123000000000000081e-02,-2.978000000000000091e-02,-3.300000000000000155e-02,-4.456999999999999851e-02,-6.094999999999999724e-02,-8.526000000000000245e-02,-9.893000000000000405e-02,-2.523699999999999832e-01,-3.532799999999999829e-01,-4.400399999999999867e-01,-5.721000000000000529e-01,-7.784299999999999553e-01,-1.147280000000000078e+00,-1.860689999999999955e+00,-3.729859999999999953e+00,-1.415155000000000030e+01
cmzi*c/cref,2.859218697864064351e-01,1.384809565521416819e-01,8.852350717712993700e-02,6.087623967186290425e-02,4.184317315959842909e-02,2.910350271466572922e-02,1.952648305688529928e-02,9.687277041872791039e-03,5.212498792284801438e-03,4.048599627293876513e-03,2.953522948674015738e-04,-1.877602336051358532e-03,-3.496086933251405654e-03,-4.280431774691432871e-03,-4.466626953978926687e-03,-3.944260012914732431e-03,-2.552170446670424912e-03,2.552170446670424912e-03,3.944260012914732431e-03,4.466626953978926687e-03,4.280431774691432871e-03,3.485127413084473501e-03,1.867507699836028559e-03,-3.045820540820078255e-04,-4.065329377819884224e-03,-5.249998783596204061e-03,-9.746993133226800055e-03,-1.960149614191470518e-02,-2.920160992085034032e-02,-4.194822554489676530e-02,-6.084765927765076188e-02,-8.853043932334585253e-02,-1.388669954061641787e-01,-2.868013571729941535e-01,2.985051895956464946e-02,-3.160411200090082972e-04,-5.275463467223478206e-04,-4.798676483161148009e-04,-4.942888104057435511e-04,-8.408758941436761077e-05,-8.706421986463857210e-05,-2.117032850548459274e-04,-7.499442191973542792e-04,-5.559518290195020846e-04,-5.305959196951066633e-04,-4.252664167594029116e-04,-3.627052542388196714e-04,-2.256338680181028565e-04,-1.555068268056471659e-04,-6.705069345442691404e-05,6.955138332915121609e-05,-6.638995681418979964e-05,7.009845224780995312e-05,1.555068268056471659e-04,2.284542913683291002e-04,3.627052542388196714e-04,4.278595046664724548e-04,5.305959196951066633e-04,5.441230666999381967e-04,7.274233717740101685e-04,2.031496169718218468e-04,8.706421986463857210e-05,8.982083414716539348e-05,4.924913965497227037e-04,4.478764717617071656e-04,4.804439943364238481e-04,2.912821382571504866e-04,-3.017680550120354147e-02,2.325756145098205677e-02,-7.310958651307077061e-03,-1.671833821169179529e-02,-2.314909172866271361e-02,-2.902089673287841856e-02,-3.426377637076543498e-02,-3.948866147621374334e-02,-4.506336465631032018e-02,-5.203705930559330423e-02,-5.824144777074889007e-02,-6.526837657359207956e-02,-7.328664186361401323e-02,-8.373929305391727973e-02,-9.546792047777560852e-02,-1.125297452989468677e-01,-1.391481608322147900e-01,-2.080629677333253602e-01,2.891827337389402900e-03,1.586302162348896330e-02,1.410756789444673337e-02,1.450927733798022465e-02,1.812028551429900255e-02,2.279761092733759847e-02,2.915201419091422580e-02,3.042366299498076854e-02,6.981462701236630652e-02,8.680135359329156641e-02,9.403292362999914056e-02,1.039171521623836469e-01,1.164510309891031159e-01,1.348476283253873254e-01,1.590977655148828607e-01,1.995096585728316219e-01,3.040427772097365477e-01,-2.312927336207753690e-02,7.371255217503424294e-03,1.676067502764711989e-02,2.317977600097868504e-02,2.903714811002129290e-02,3.426003414966771743e-02,3.946128869293588637e-02,4.500134516187553890e-02,5.196755051724964714e-02,5.818733374714231410e-02,6.520206431370149935e-02,7.319208080118609627e-02,8.358651145817622141e-02,9.517832052170517587e-02,1.120971560340231626e-01,1.383886641105968041e-01,2.074821255509440299e-01,-2.774229922560259107e-03,-1.569218135259931382e-02,-1.400878199055097598e-02,-1.446544266324312732e-02,-1.810809698144184854e-02,-2.280883759063076846e-02,-2.917254377837261853e-02,-3.067794292216336274e-02,-7.016773165715206595e-02,-8.689728299877594320e-02,-9.412918336209837034e-02,-1.040353534904185639e-01,-1.165978211497170625e-01,-1.350618852034557171e-01,-1.593890137328513035e-01,-1.999164743891393703e-01,-3.047763139072488525e-01
cmzo,-2.183900000000000008e-01,-6.210999999999999854e-02,-3.219999999999999946e-02,-2.019999999999999921e-02,-1.392000000000000008e-02,-1.009999999999999960e-02,-7.590000000000000392e-03,-5.819999999999999653e-03,-4.599999999999999922e-03,-3.469999999999999994e-03,-2.650000000000000012e-03,-2.010000000000000068e-03,-1.479999999999999979e-03,-1.049999999999999935e-03,-6.899999999999999667e-04,-3.800000000000000209e-04,-1.200000000000000030e-04,1.200000000000000030e-04,3.800000000000000209e-04,6.899999999999999667e-04,1.049999999999999935e-03,1.479999999999999979e-03,2.010000000000000068e-03,2.650000000000000012e-03,3.469999999999999994e-03,4.599999999999999922e-03,5.819999999999999653e-03,7.590000000000000392e-03,1.010999999999999920e-02,1.392000000000000008e-02,2.020999999999999880e-02,3.221999999999999864e-02,6.215999999999999998e-02,2.186099999999999988e-01,-2.762999999999999831e-02,-2.368999999999999925e-02,-2.036999999999999922e-02,-1.754000000000000004e-02,-1.508999999999999925e-02,-1.295999999999999930e-02,-1.108999999999999916e-02,-9.429999999999999147e-03,-7.950000000000000469e-03,-6.640000000000000069e-03,-5.449999999999999983e-03,-4.380000000000000213e-03,-3.409999999999999837e-03,-2.530000000000000131e-03,-1.729999999999999984e-03,-9.899999999999999946e-04,-3.200000000000000262e-04,3.200000000000000262e-04,9.899999999999999946e-04,1.729999999999999984e-03,2.530000000000000131e-03,3.409999999999999837e-03,4.380000000000000213e-03,5.449999999999999983e-03,6.640000000000000069e-03,7.950000000000000469e-03,9.429999999999999147e-03,1.108999999999999916e-02,1.295999999999999930e-02,1.508999999999999925e-02,1.754000000000000004e-02,2.036999999999999922e-02,2.368999999999999925e-02,2.762999999999999831e-02,-5.910000000000000323e-03,-6.340000000000000149e-03,-6.830000000000000134e-03,-7.400000000000000328e-03,-8.070000000000000784e-03,-8.859999999999999820e-03,-9.809999999999999276e-03,-1.098000000000000018e-02,-1.243000000000000008e-02,-1.429000000000000062e-02,-1.676000000000000059e-02,-2.018000000000000002e-02,-2.520000000000000018e-02,-3.321999999999999953e-02,-4.787999999999999895e-02,-8.230999999999999428e-02,-2.388899999999999912e-01,-5.910000000000000323e-03,-6.340000000000000149e-03,-6.830000000000000134e-03,-7.400000000000000328e-03,-8.059999999999999457e-03,-8.850000000000000228e-03,-9.799999999999999684e-03,-1.097000000000000058e-02,-1.250000000000000069e-02,-1.437000000000000083e-02,-1.685000000000000039e-02,-2.028999999999999901e-02,-2.535000000000000100e-02,-3.343000000000000138e-02,-4.823999999999999816e-02,-8.309999999999999332e-02,-2.430100000000000038e-01,5.910000000000000323e-03,6.340000000000000149e-03,6.830000000000000134e-03,7.400000000000000328e-03,8.070000000000000784e-03,8.859999999999999820e-03,9.809999999999999276e-03,1.098000000000000018e-02,1.243000000000000008e-02,1.429000000000000062e-02,1.676000000000000059e-02,2.018000000000000002e-02,2.520000000000000018e-02,3.321000000000000341e-02,4.787999999999999895e-02,8.229000000000000203e-02,2.388599999999999890e-01,5.910000000000000323e-03,6.340000000000000149e-03,6.830000000000000134e-03,7.400000000000000328e-03,8.059999999999999457e-03,8.850000000000000228e-03,9.799999999999999684e-03,1.097000000000000058e-02,1.250000000000000069e-02,1.437000000000000083e-02,1.685999999999999999e-02,2.028999999999999901e-02,2.535000000000000100e-02,3.343999999999999750e-02,4.825000000000000122e-02,8.311000000000000332e-02,2.430599999999999983e-01
cmzo*c/cref,-1.262795860334601367e-02,-8.980102330838199073e-03,-7.440503605073307651e-03,-6.414710700947473358e-03,-5.624343089818560973e-03,-4.954413912323003995e-03,-4.379610118255302179e-03,-3.861640574226002636e-03,-3.449999200648933700e-03,-2.902611716262345262e-03,-2.445886191870669073e-03,-2.029021879281306829e-03,-1.622008984705981339e-03,-1.241561702603868498e-03,-8.755603972288235641e-04,-5.150580085593122089e-04,-1.730285048590118392e-04,1.730285048590118392e-04,5.150580085593122089e-04,8.755603972288235641e-04,1.241561702603868498e-03,1.622008984705981339e-03,2.029021879281306829e-03,2.445886191870669073e-03,2.902611716262345262e-03,3.449999200648933700e-03,3.861640574226002636e-03,4.379610118255302179e-03,4.959319272632234724e-03,5.624343089818560973e-03,6.417886300304377969e-03,7.445125035883911647e-03,8.987331522861092409e-03,1.264067965693242354e-02,-3.709998825301476406e-03,-3.450236927655947472e-03,-3.198249727004233520e-03,-2.953290719812159005e-03,-2.712297508735516619e-03,-2.476761724568645601e-03,-2.245446972788004130e-03,-2.016527250572926287e-03,-1.790407370155845798e-03,-1.570859636038082416e-03,-1.351284001092678154e-03,-1.135772503296454163e-03,-9.230036693689365121e-04,-7.135671076072502795e-04,-5.075977554222068158e-04,-3.017281205449210725e-04,-1.011656484787654212e-04,1.011656484787654212e-04,3.017281205449210725e-04,5.075977554222068158e-04,7.135671076072502795e-04,9.230036693689365121e-04,1.135772503296454163e-03,1.351284001092678154e-03,1.570859636038082416e-03,1.790407370155845798e-03,2.016527250572926287e-03,2.245446972788004130e-03,2.476761724568645601e-03,2.712297508735516619e-03,2.953290719812159005e-03,3.198249727004233520e-03,3.450236927655947472e-03,3.709998825301476406e-03,-3.159094189273820887e-03,-3.185668580707001589e-03,-3.212893921943020710e-03,-3.243765930545428489e-03,-3.278715338573832787e-03,-3.315607892583898649e-03,-3.356587549446813853e-03,-3.404870244469359198e-03,-3.455976956446488342e-03,-3.514951806081602174e-03,-3.585140244406801336e-03,-3.669696614991516549e-03,-3.774604130073186143e-03,-3.910776642544800709e-03,-4.101460198920250412e-03,-4.411727251685065854e-03,-5.144879085987237068e-03,-3.159094189273820887e-03,-3.185668580707001589e-03,-3.212893921943020710e-03,-3.243765930545428489e-03,-3.274652494288115070e-03,-3.311865671486174598e-03,-3.353165951537082166e-03,-3.401769269747620308e-03,-3.475439417182711859e-03,-3.534629632847629405e-03,-3.604392190826647118e-03,-3.689699916658962554e-03,-3.797072011799812290e-03,-3.935498590014229262e-03,-4.132298245528673308e-03,-4.454070399891009273e-03,-5.233609890266476168e-03,3.159094189273820887e-03,3.185668580707001589e-03,3.212893921943020710e-03,3.243765930545428489e-03,3.278715338573832787e-03,3.315607892583898649e-03,3.356587549446813853e-03,3.404870244469359198e-03,3.455976956446488342e-03,3.514951806081602174e-03,3.585140244406801336e-03,3.669696614991516549e-03,3.774604130073186143e-03,3.909599406951018603e-03,4.101460198920250412e-03,4.410655273249472832e-03,5.144232987897824627e-03,3.159094189273820887e-03,3.185668580707001589e-03,3.212893921943020710e-03,3.243765930545428489e-03,3.274652494288115070e-03,3.311865671486174598e-03,3.353165951537082166e-03,3.401769269747620308e-03,3.475439417182711859e-03,3.534629632847629405e-03,3.606531295984407616e-03,3.689699916658962554e-03,3.797072011799812290e-03,3.936675825608010500e-03,4.133154857934463050e-03,4.454606389108806651e-03,5.234686720415496035e-03
cs,2.428200000000000081e-01,1.167500000000000066e-01,8.022999999999999576e-02,6.153000000000000136e-02,4.864000000000000268e-02,3.998000000000000165e-02,3.321999999999999953e-02,2.319999999999999840e-02,2.085000000000000048e-02,2.230000000000000038e-02,1.803000000000000089e-02,1.542999999999999927e-02,1.255999999999999998e-02,1.043999999999999963e-02,8.000000000000000167e-03,5.810000000000000060e-03,3.050000000000000194e-03,-3.069999999999999812e-03,-5.819999999999999653e-03,-8.009999999999999759e-03,-1.046000000000000055e-02,-1.260000000000000009e-02,-1.548000000000000070e-02,-1.807999999999999885e-02,-2.236000000000000140e-02,-2.093000000000000069e-02,-2.331000000000000086e-02,-3.334000000000000158e-02,-4.012000000000000288e-02,-4.873000000000000248e-02,-6.142000000000000237e-02,-8.011999999999999678e-02,-1.169899999999999968e-01,-2.435799999999999910e-01,3.146000000000000185e-02,-4.499999999999999877e-04,-6.099999999999999737e-04,-7.299999999999999632e-04,-6.300000000000000261e-04,-3.499999999999999964e-04,-3.299999999999999982e-04,-4.600000000000000139e-04,-5.299999999999999807e-04,-4.600000000000000139e-04,-3.899999999999999929e-04,-3.099999999999999999e-04,-2.500000000000000052e-04,-1.600000000000000131e-04,-1.000000000000000048e-04,-3.000000000000000076e-05,1.000000000000000048e-04,-1.000000000000000048e-04,3.000000000000000076e-05,1.000000000000000048e-04,1.600000000000000131e-04,2.500000000000000052e-04,3.099999999999999999e-04,3.899999999999999929e-04,4.499999999999999877e-04,5.100000000000000366e-04,4.499999999999999877e-04,3.299999999999999982e-04,3.499999999999999964e-04,6.199999999999999999e-04,6.999999999999999929e-04,5.699999999999999772e-04,4.299999999999999894e-04,-3.180999999999999800e-02,2.769999999999999893e-02,-1.353000000000000036e-02,-2.719999999999999848e-02,-3.576000000000000012e-02,-4.299000000000000044e-02,-4.891000000000000208e-02,-5.462000000000000188e-02,-6.035000000000000087e-02,-6.765999999999999792e-02,-7.358000000000000651e-02,-8.031000000000000638e-02,-8.777000000000000079e-02,-9.783000000000000029e-02,-1.085499999999999937e-01,-1.250900000000000067e-01,-1.513400000000000023e-01,-2.222099999999999909e-01,8.309999999999999679e-03,2.347000000000000128e-02,2.205000000000000016e-02,2.319999999999999840e-02,2.778999999999999873e-02,3.329000000000000015e-02,4.039000000000000229e-02,4.213999999999999690e-02,8.638999999999999457e-02,1.029299999999999937e-01,1.092800000000000021e-01,1.181900000000000034e-01,1.289200000000000068e-01,1.456099999999999894e-01,1.668499999999999983e-01,2.032599999999999962e-01,3.003399999999999959e-01,-2.756000000000000116e-02,1.359999999999999924e-02,2.724999999999999992e-02,3.579000000000000237e-02,4.299999999999999656e-02,4.889999999999999902e-02,5.457999999999999657e-02,6.026999999999999719e-02,6.758000000000000118e-02,7.352000000000000202e-02,8.024000000000000576e-02,8.766999999999999793e-02,9.765999999999999681e-02,1.082400000000000029e-01,1.246400000000000008e-01,1.505599999999999994e-01,2.215999999999999914e-01,-8.179999999999999771e-03,-2.326999999999999902e-02,-2.194000000000000117e-02,-2.315000000000000044e-02,-2.777999999999999914e-02,-3.329000000000000015e-02,-4.041000000000000147e-02,-4.238000000000000100e-02,-8.673999999999999766e-02,-1.030500000000000027e-01,-1.093999999999999972e-01,-1.183400000000000007e-01,-1.290999999999999925e-01,-1.458599999999999897e-01,-1.671600000000000030e-01,-2.036799999999999999e-01,-3.010700000000000043e-01
cs*c/cref,1.404057378114601830e-02,1.688016337345612378e-02,1.853886969674010607e-02,1.953946284303455586e-02,1.965287700350393935e-02,1.961163051630433057e-02,1.916872834366813508e-02,1.539348132681155577e-02,1.563749637685440605e-02,1.865367183649864480e-02,1.664125586393515668e-02,1.557602368025401071e-02,1.376515732966697610e-02,1.234467064303275061e-02,1.015142489540665077e-02,7.874965867709483522e-03,4.397807831833217863e-03,-4.426645915976385771e-03,-7.888520025829464863e-03,-1.016411417652590861e-02,-1.236831943736806279e-02,-1.380899541033470644e-02,-1.562649686133065971e-02,-1.668740466000818642e-02,-1.870386108807666967e-02,-1.569749636295264886e-02,-1.546646766068868195e-02,-1.923797119138758588e-02,-1.968030556063355904e-02,-1.968924129072259152e-02,-1.950453125010860600e-02,-1.851345182728178149e-02,-1.691486349516601109e-02,-1.408451923898998079e-02,4.224269382699400929e-03,-6.553848110785885541e-05,-9.577478318471195650e-05,-1.229134678143030770e-04,-1.132370729293158119e-04,-6.688785521597423553e-05,-6.681672687286217133e-05,-9.836718295477689996e-05,-1.193604913437230414e-04,-1.088246133399876448e-04,-9.669738723415495139e-05,-8.038572511915543172e-05,-6.766889071619770172e-05,-4.512677360362056994e-05,-2.934091071804663750e-05,-9.143276380149124025e-06,3.161426514961419160e-05,-3.161426514961419160e-05,9.143276380149124025e-06,2.934091071804663750e-05,4.512677360362056994e-05,6.766889071619770172e-05,8.038572511915543172e-05,9.669738723415495139e-05,1.064588608760748563e-04,1.148563218590542600e-04,9.622876593402086625e-05,6.681672687286217133e-05,6.688785521597423553e-05,1.114396590732949239e-04,1.178622294109755585e-04,8.949446953325542321e-05,6.262565972528735705e-05,-4.271265386639158841e-03,1.480658359439675741e-02,-6.798437838638127749e-03,-1.279512659983164831e-02,-1.567527968598709728e-02,-1.746616758429852048e-02,-1.830320338897048482e-02,-1.868876778295463711e-02,-1.871438244569452111e-02,-1.881185847732658178e-02,-1.809868116805348273e-02,-1.717915352197555215e-02,-1.596081624865239648e-02,-1.465355246210554678e-02,-1.277889237050686480e-02,-1.071536458402118017e-02,-8.111660822136046445e-03,-4.785648548274201199e-03,4.441975078319027395e-03,1.179300340523553939e-02,1.037251990905470149e-02,1.016964453900728871e-02,1.129064427000827861e-02,1.245785403432483028e-02,1.381983395740640427e-02,1.306750747740790392e-02,2.401945690003315370e-02,2.531798386283969429e-02,2.337614116400807060e-02,2.149263840068619050e-02,1.931039541464425399e-02,1.714172748106406949e-02,1.429257799059823961e-02,1.089451684093678194e-02,6.468303339132683641e-03,-1.473174887586912139e-02,6.833610835585995739e-03,1.281864705314016313e-02,1.568843008840822839e-02,1.747023042858423733e-02,1.829946116787276034e-02,1.867508139131570863e-02,1.868957464792060652e-02,1.878961566505661304e-02,1.808392279797896296e-02,1.716417978587122736e-02,1.594263142895471774e-02,1.462808886281537039e-02,1.274239806709961433e-02,1.067681702576065220e-02,8.069853663147899536e-03,4.772511220456158651e-03,-4.372485696829078554e-03,-1.169250912824162762e-02,-1.032077491177597027e-02,-1.014772720163873918e-02,-1.128658142572256176e-02,-1.245785403432483028e-02,-1.382667715322586852e-02,-1.314193087072963902e-02,-2.411676920371427085e-02,-2.534750060298873731e-02,-2.340181042590119484e-02,-2.151991563023270687e-02,-1.933735687271620138e-02,-1.717115837090862560e-02,-1.431913297517771640e-02,-1.091702838808424579e-02,-6.484025059308374216e-03
csi,2.428200000000000081e-01,1.167500000000000066e-01,8.022999999999999576e-02,6.153000000000000136e-02,4.864000000000000268e-02,3.998000000000000165e-02,3.321999999999999953e-02,2.319999999999999840e-02,2.085000000000000048e-02,2.230000000000000038e-02,1.803000000000000089e-02,1.542999999999999927e-02,1.255999999999999998e-02,1.043999999999999963e-02,8.000000000000000167e-03,5.810000000000000060e-03,3.050000000000000194e-03,-3.069999999999999812e-03,-5.819999999999999653e-03,-8.009999999999999759e-03,-1.046000000000000055e-02,-1.260000000000000009e-02,-1.548000000000000070e-02,-1.807999999999999885e-02,-2.236000000000000140e-02,-2.093000000000000069e-02,-2.331000000000000086e-02,-3.334000000000000158e-02,-4.012000000000000288e-02,-4.873000000000000248e-02,-6.142000000000000237e-02,-8.011999999999999678e-02,-1.169899999999999968e-01,-2.435799999999999910e-01,3.146000000000000185e-02,-4.499999999999999877e-04,-6.099999999999999737e-04,-7.299999999999999632e-04,-6.300000000000000261e-04,-3.499999999999999964e-04,-3.299999999999999982e-04,-4.600000000000000139e-04,-5.299999999999999807e-04,-4.600000000000000139e-04,-3.899999999999999929e-04,-3.099999999999999999e-04,-2.500000000000000052e-04,-1.600000000000000131e-04,-1.000000000000000048e-04,-3.000000000000000076e-05,1.000000000000000048e-04,-1.000000000000000048e-04,3.000000000000000076e-05,1.000000000000000048e-04,1.600000000000000131e-04,2.500000000000000052e-04,3.099999999999999999e-04,3.899999999999999929e-04,4.499999999999999877e-04,5.100000000000000366e-04,4.499999999999999877e-04,3.299999999999999982e-04,3.499999999999999964e-04,6.199999999999999999e-04,6.999999999999999929e-04,5.699999999999999772e-04,4.299999999999999894e-04,-3.180999999999999800e-02,2.769999999999999893e-02,-1.353000000000000036e-02,-2.719999999999999848e-02,-3.576000000000000012e-02,-4.299000000000000044e-02,-4.891000000000000208e-02,-5.462000000000000188e-02,-6.035000000000000087e-02,-6.765999999999999792e-02,-7.358000000000000651e-02,-8.031000000000000638e-02,-8.777000000000000079e-02,-9.783000000000000029e-02,-1.085499999999999937e-01,-1.250900000000000067e-01,-1.513400000000000023e-01,-2.222099999999999909e-01,8.309999999999999679e-03,2.347000000000000128e-02,2.205000000000000016e-02,2.319999999999999840e-02,2.778999999999999873e-02,3.329000000000000015e-02,4.039000000000000229e-02,4.213999999999999690e-02,8.638999999999999457e-02,1.029299999999999937e-01,1.092800000000000021e-01,1.181900000000000034e-01,1.289200000000000068e-01,1.456099999999999894e-01,1.668499999999999983e-01,2.032599999999999962e-01,3.003399999999999959e-01,-2.756000000000000116e-02,1.359999999999999924e-02,2.724999999999999992e-02,3.579000000000000237e-02,4.299999999999999656e-02,4.889999999999999902e-02,5.457999999999999657e-02,6.026999999999999719e-02,6.758000000000000118e-02,7.352000000000000202e-02,8.024000000000000576e-02,8.766999999999999793e-02,9.765999999999999681e-02,1.082400000000000029e-01,1.246400000000000008e-01,1.505599999999999994e-01,2.215999999999999914e-01,-8.179999999999999771e-03,-2.326999999999999902e-02,-2.194000000000000117e-02,-2.315000000000000044e-02,-2.777999999999999914e-02,-3.329000000000000015e-02,-4.041000000000000147e-02,-4.238000000000000100e-02,-8.673999999999999766e-02,-1.030500000000000027e-01,-1.093999999999999972e-01,-1.183400000000000007e-01,-1.290999999999999925e-01,-1.458599999999999897e-01,-1.671600000000000030e-01,-2.036799999999999999e-01,-3.010700000000000043e-01
csi*c/cref,1.404057378114601830e-02,1.688016337345612378e-02,1.853886969674010607e-02,1.953946284303455586e-02,1.965287700350393935e-02,1.961163051630433057e-02,1.916872834366813508e-02,1.539348132681155577e-02,1.563749637685440605e-02,1.865367183649864480e-02,1.664125586393515668e-02,1.557602368025401071e-02,1.376515732966697610e-02,1.234467064303275061e-02,1.015142489540665077e-02,7.874965867709483522e-03,4.397807831833217863e-03,-4.426645915976385771e-03,-7.888520025829464863e-03,-1.016411417652590861e-02,-1.236831943736806279e-02,-1.380899541033470644e-02,-1.562649686133065971e-02,-1.668740466000818642e-02,-1.870386108807666967e-02,-1.569749636295264886e-02,-1.546646766068868195e-02,-1.923797119138758588e-02,-1.968030556063355904e-02,-1.968924129072259152e-02,-1.950453125010860600e-02,-1.851345182728178149e-02,-1.691486349516601109e-02,-1.408451923898998079e-02,4.224269382699400929e-03,-6.553848110785885541e-05,-9.577478318471195650e-05,-1.229134678143030770e-04,-1.132370729293158119e-04,-6.688785521597423553e-05,-6.681672687286217133e-05,-9.836718295477689996e-05,-1.193604913437230414e-04,-1.088246133399876448e-04,-9.669738723415495139e-05,-8.038572511915543172e-05,-6.766889071619770172e-05,-4.512677360362056994e-05,-2.934091071804663750e-05,-9.143276380149124025e-06,3.161426514961419160e-05,-3.161426514961419160e-05,9.143276380149124025e-06,2.934091071804663750e-05,4.512677360362056994e-05,6.766889071619770172e-05,8.038572511915543172e-05,9.669738723415495139e-05,1.064588608760748563e-04,1.148563218590542600e-04,9.622876593402086625e-05,6.681672687286217133e-05,6.688785521597423553e-05,1.114396590732949239e-04,1.178622294109755585e-04,8.949446953325542321e-05,6.262565972528735705e-05,-4.271265386639158841e-03,1.480658359439675741e-02,-6.798437838638127749e-03,-1.279512659983164831e-02,-1.567527968598709728e-02,-1.746616758429852048e-02,-1.830320338897048482e-02,-1.868876778295463711e-02,-1.871438244569452111e-02,-1.881185847732658178e-02,-1.809868116805348273e-02,-1.717915352197555215e-02,-1.596081624865239648e-02,-1.465355246210554678e-02,-1.277889237050686480e-02,-1.071536458402118017e-02,-8.111660822136046445e-03,-4.785648548274201199e-03,4.441975078319027395e-03,1.179300340523553939e-02,1.037251990905470149e-02,1.016964453900728871e-02,1.129064427000827861e-02,1.245785403432483028e-02,1.381983395740640427e-02,1.306750747740790392e-02,2.401945690003315370e-02,2.531798386283969429e-02,2.337614116400807060e-02,2.149263840068619050e-02,1.931039541464425399e-02,1.714172748106406949e-02,1.429257799059823961e-02,1.089451684093678194e-02,6.468303339132683641e-03,-1.473174887586912139e-02,6.833610835585995739e-03,1.281864705314016313e-02,1.568843008840822839e-02,1.747023042858423733e-02,1.829946116787276034e-02,1.867508139131570863e-02,1.868957464792060652e-02,1.878961566505661304e-02,1.808392279797896296e-02,1.716417978587122736e-02,1.594263142895471774e-02,1.462808886281537039e-02,1.274239806709961433e-02,1.067681702576065220e-02,8.069853663147899536e-03,4.772511220456158651e-03,-4.372485696829078554e-03,-1.169250912824162762e-02,-1.032077491177597027e-02,-1.014772720163873918e-02,-1.128658142572256176e-02,-1.245785403432483028e-02,-1.382667715322586852e-02,-1.314193087072963902e-02,-2.411676920371427085e-02,-2.534750060298873731e-02,-2.340181042590119484e-02,-2.151991563023270687e-02,-1.933735687271620138e-02,-1.717115837090862560e-02,-1.431913297517771640e-02,-1.091702838808424579e-02,-6.484025059308374216e-03
cso,0.000000000000000000e+00,0.000000000000000000e+00,0.000000000000000000e+00,0.000000000000000000e+00,0.000000000000000000e+00,0.000000000000000000e+00,0.000000000000000000e+00,0.000000000000000000e+00,0.000000000000000000e+00,0.000000000000000000e+00,0.000000000000000000e+00,0.000000000000000000e+00,0.000000000000000000e+00,0.000000000000000000e+00,0.000000000000000000e+00,0.000000000000000000e+00,0.000000000000000000e+00,0.000000000000000000e+00,0.000000000000000000e+00,0.000000000000000000e+00,0.000000000000000000e+00,0.000000000000000000e+00,0.000000000000000000e+00,0.000000000000000000e+00,0.000000000000000000e+00,0.000000000000000000e+00,0.000000000000000000e+00,0.000000000000000000e+00,0.000000000000000000e+00,0.000000000000000000e+00,0.000000000000000000e+00,0.000000000000000000e+00,0.000000000000000000e+00,0.000000000000000000e+00,0.000000000000000000e+00,0.000000000000000000e+00,0.000000000000000000e+00,0.000000000000000000e+00,0.000000000000000000e+00,0.000000000000000000e+00,0.000000000000000000e+00,0.000000000000000000e+00,0.000000000000000000e+00,0.000000000000000000e+00,0.000000000000000000e+00,0.000000000000000000e+00,0.000000000000000000e+00,0.000000000000000000e+00,0.000000000000000000e+00,0.000000000000000000e+00,0.000000000000000000e+00,0.000000000000000000e+00,0.000000000000000000e+00,0.000000000000000000e+00,0.000000000000000000e+00,0.000000000000000000e+00,0.000000000000000000e+00,0.000000000000000000e+00,0.000000000000000000e+00,0.000000000000000000e+00,0.000000000000000000e+00,0.000000000000000000e+00,0.000000000000000000e+00,0.000000000000000000e+00,0.000000000000000000e+00,0.000000000000000000e+00,0.000000000000000000e+00,0.000000000000000000e+00,0.000000000000000000e+00,0.000000000000000000e+00,0.000000000000000000e+00,0.000000000000000000e+00,0.000000000000000000e+00,0.000000000000000000e+00,0.000000000000000000e+00,0.000000000000000000e+00,0.000000000000000000e+00,0.000000000000000000e+00,0.000000000000000000e+00,0.000000000000000000e+00,0.000000000000000000e+00,0.000000000000000000e+00,0.000000000000000000e+00,0.000000000000000000e+00,0.000000000000000000e+00,0.000000000000000000e+00,0.000000000000000000e+00,0.000000000000000000e+00,0.000000000000000000e+00,0.000000000000000000e+00,0.000000000000000000e+00,0.000000000000000000e+00,0.000000000000000000e+00,0.000000000000000000e+00,0.000000000000000000e+00,0.000000000000000000e+00,0.000000000000000000e+00,0.000000000000000000e+00,0.000000000000000000e+00,0.000000000000000000e+00,0.000000000000000000e+00,0.000000000000000000e+00,0.000000000000000000e+00,0.000000000000000000e+00,0.000000000000000000e+00,0.000000000000000000e+00,0.000000000000000000e+00,0.000000000000000000e+00,0.000000000000000000e+00,0.000000000000000000e+00,0.000000000000000000e+00,0.000000000000000000e+00,0.000000000000000000e+00,0.000000000000000000e+00,0.000000000000000000e+00,0.000000000000000000e+00,0.000000000000000000e+00,0.000000000000000000e+00,0.000000000000000000e+00,0.000000000000000000e+00,0.000000000000000000e+00,0.000000000000000000e+00,0.000000000000000000e+00,0.000000000000000000e+00,0.000000000000000000e+00,0.000000000000000000e+00,0.000000000000000000e+00,0.000000000000000000e+00,0.000000000000000000e+00,0.000000000000000000e+00,0.000000000000000000e+00,0.000000000000000000e+00,0.000000000000000000e+00,0.000000000000000000e+00,0.000000000000000000e+00,0.000000000000000000e+00
cso*c/cref,0.000000000000000000e+00,0.000000000000000000e+00,0.000000000000000000e+00,0.000000000000000000e+00,0.000000000000000000e+00,0.000000000000000000e+00,0.000000000000000000e+00,0.000000000000000000e+00,0.000000000000000000e+00,0.000000000000000000e+00,0.000000000000000000e+00,0.000000000000000000e+00,0.000000000000000000e+00,0.000000000000000000e+00,0.000000000000000000e+00,0.000000000000000000e+00,0.000000000000000000e+00,0.000000000000000000e+00,0.000000000000000000e+00,0.000000000000000000e+00,0.000000000000000000e+00,0.000000000000000000e+00,0.000000000000000000e+00,0.000000000000000000e+00,0.000000000000000000e+00,0.000000000000000000e+00,0.000000000000000000e+00,0.000000000000000000e+00,0.000000000000000000e+00,0.000000000000000000e+00,0.000000000000000000e+00,0.000000000000000000e+00,0.000000000000000000e+00,0.000000000000000000e+00,0.000000000000000000e+00,0.000000000000000000e+00,0.000000000000000000e+00,0.000000000000000000e+00,0.000000000000000000e+00,0.000000000000000000e+00,0.000000000000000000e+00,0.000000000000000000e+00,0.000000000000000000e+00,0.000000000000000000e+00,0.000000000000000000e+00,0.000000000000000000e+00,0.000000000000000000e+00,0.000000000000000000e+00,0.000000000000000000e+00,0.000000000000000000e+00,0.000000000000000000e+00,0.000000000000000000e+00,0.000000000000000000e+00,0.000000000000000000e+00,0.000000000000000000e+00,0.000000000000000000e+00,0.000000000000000000e+00,0.000000000000000000e+00,0.000000000000000000e+00,0.000000000000000000e+00,0.000000000000000000e+00,0.000000000000000000e+00,0.000000000000000000e+00,0.000000000000000000e+00,0.000000000000000000e+00,0.000000000000000000e+00,0.000000000000000000e+00,0.000000000000000000e+00,0.000000000000000000e+00,0.000000000000000000e+00,0.000000000000000000e+00,0.000000000000000000e+00,0.000000000000000000e+00,0.000000000000000000e+00,0.000000000000000000e+00,0.000000000000000000e+00,0.000000000000000000e+00,0.000000000000000000e+00,0.000000000000000000e+00,0.000000000000000000e+00,0.000000000000000000e+00,0.000000000000000000e+00,0.000000000000000000e+00,0.000000000000000000e+00,0.000000000000000000e+00,0.000000000000000000e+00,0.000000000000000000e+00,0.000000000000000000e+00,0.000000000000000000e+00,0.000000000000000000e+00,0.000000000000000000e+00,0.000000000000000000e+00,0.000000000000000000e+00,0.000000000000000000e+00,0.000000000000000000e+00,0.000000000000000000e+00,0.000000000000000000e+00,0.000000000000000000e+00,0.000000000000000000e+00,0.000000000000000000e+00,0.000000000000000000e+00,0.000000000000000000e+00,0.000000000000000000e+00,0.000000000000000000e+00,0.000000000000000000e+00,0.000000000000000000e+00,0.000000000000000000e+00,0.000000000000000000e+00,0.000000000000000000e+00,0.000000000000000000e+00,0.000000000000000000e+00,0.000000000000000000e+00,0.000000000000000000e+00,0.000000000000000000e+00,0.000000000000000000e+00,0.000000000000000000e+00,0.000000000000000000e+00,0.000000000000000000e+00,0.000000000000000000e+00,0.000000000000000000e+00,0.000000000000000000e+00,0.000000000000000000e+00,0.000000000000000000e+00,0.000000000000000000e+00,0.000000000000000000e+00,0.000000000000000000e+00,0.000000000000000000e+00,0.000000000000000000e+00,0.000000000000000000e+00,0.000000000000000000e+00,0.000000000000000000e+00,0.000000000000000000e+00,0.000000000000000000e+00,0.000000000000000000e+00,0.000000000000000000e+00,0.000000000000000000e+00
cx,-1.140199999999999964e-01,-6.665000000000000091e-02,-4.830000000000000265e-02,-3.740000000000000269e-02,-2.911000000000000046e-02,-2.352999999999999883e-02,-1.898999999999999994e-02,-1.562000000000000020e-02,-1.175999999999999962e-02,-9.759999999999999579e-03,-7.749999999999999944e-03,-6.009999999999999717e-03,-3.739999999999999835e-03,-2.269999999999999882e-03,-3.600000000000000227e-04,1.149999999999999981e-03,3.150000000000000022e-03,3.139999999999999996e-03,1.139999999999999954e-03,-3.699999999999999947e-04,-2.279999999999999909e-03,-3.769999999999999914e-03,-6.040000000000000230e-03,-7.790000000000000049e-03,-9.809999999999999276e-03,-1.182000000000000065e-02,-1.567999999999999949e-02,-1.906000000000000055e-02,-2.361999999999999864e-02,-2.921999999999999945e-02,-3.744999999999999718e-02,-4.839000000000000246e-02,-6.690000000000000113e-02,-1.143900000000000056e-01,6.579999999999999911e-03,6.519999999999999754e-03,6.559999999999999859e-03,6.119999999999999572e-03,6.289999999999999584e-03,5.819999999999999653e-03,5.760000000000000363e-03,5.629999999999999588e-03,7.170000000000000158e-03,6.709999999999999819e-03,6.910000000000000343e-03,6.830000000000000134e-03,6.870000000000000238e-03,6.550000000000000266e-03,6.519999999999999754e-03,6.389999999999999847e-03,6.590000000000000371e-03,6.590000000000000371e-03,6.389999999999999847e-03,6.530000000000000214e-03,6.550000000000000266e-03,6.879999999999999831e-03,6.839999999999999726e-03,6.919999999999999936e-03,6.720000000000000279e-03,7.159999999999999698e-03,5.629999999999999588e-03,5.760000000000000363e-03,5.819999999999999653e-03,6.300000000000000044e-03,6.109999999999999980e-03,6.539999999999999807e-03,6.510000000000000162e-03,6.579999999999999911e-03,5.479999999999999628e-03,5.449999999999999983e-03,5.349999999999999721e-03,5.259999999999999919e-03,5.100000000000000366e-03,5.000000000000000104e-03,4.789999999999999987e-03,4.660000000000000080e-03,4.300000000000000003e-03,4.139999999999999583e-03,3.769999999999999914e-03,3.500000000000000073e-03,2.850000000000000103e-03,2.690000000000000117e-03,1.590000000000000050e-03,-2.300000000000000070e-04,-5.470000000000000036e-03,5.510000000000000141e-03,5.470000000000000036e-03,5.400000000000000286e-03,5.329999999999999669e-03,5.230000000000000274e-03,5.150000000000000064e-03,5.009999999999999697e-03,4.859999999999999737e-03,4.329999999999999648e-03,4.120000000000000398e-03,3.710000000000000190e-03,3.269999999999999903e-03,2.170000000000000054e-03,1.360000000000000098e-03,-5.800000000000000034e-04,-3.419999999999999863e-03,-1.142999999999999919e-02,5.479999999999999628e-03,5.449999999999999983e-03,5.349999999999999721e-03,5.259999999999999919e-03,5.100000000000000366e-03,5.000000000000000104e-03,4.789999999999999987e-03,4.660000000000000080e-03,4.300000000000000003e-03,4.139999999999999583e-03,3.769999999999999914e-03,3.500000000000000073e-03,2.850000000000000103e-03,2.690000000000000117e-03,1.590000000000000050e-03,-2.200000000000000078e-04,-5.440000000000000391e-03,5.510000000000000141e-03,5.470000000000000036e-03,5.400000000000000286e-03,5.329999999999999669e-03,5.230000000000000274e-03,5.150000000000000064e-03,5.009999999999999697e-03,4.859999999999999737e-03,4.300000000000000003e-03,4.120000000000000398e-03,3.720000000000000216e-03,3.279999999999999930e-03,2.170000000000000054e-03,1.350000000000000071e-03,-5.900000000000000296e-04,-3.449999999999999942e-03,-1.149000000000000021e-02
cx*c/cref,-6.592975136011321180e-03,-9.636512966516921908e-03,-1.116075540760996104e-02,-1.187674159482354080e-02,-1.176182667705591260e-02,-1.154231280761983114e-02,-1.095768065160318723e-02,-1.036405941055157376e-02,-8.819997956441621642e-03,-8.164118256691783870e-03,-7.153063391319880449e-03,-6.066876365413260107e-03,-4.098860542432682282e-03,-2.684138157057887070e-03,-4.568141202932992956e-04,1.558728183797918184e-03,4.541998252549060873e-03,4.527579210477476919e-03,1.545174025677936410e-03,-4.695034014125575657e-04,-2.695962554225543161e-03,-4.131739102933479173e-03,-6.097160274059250026e-03,-7.189982428178306323e-03,-8.205942633006802281e-03,-8.864997946015303748e-03,-1.040387013812091484e-02,-1.099807231277286773e-02,-1.158646105040290683e-02,-1.180627191698982448e-02,-1.189261959160806299e-02,-1.118155184625768163e-02,-9.672658926631388585e-03,-6.614369635224829486e-03,8.835248740674526459e-04,9.495797707183105526e-04,1.029971438838869508e-03,1.030452634278814861e-03,1.130573315437137082e-03,1.112249478162771364e-03,1.166255596326321595e-03,1.203928782685638899e-03,1.614744760253762710e-03,1.587419903285471881e-03,1.713279348174386518e-03,1.771079040528489041e-03,1.859541116881112790e-03,1.847377294398217049e-03,1.913027378816640686e-03,1.947517868971763424e-03,2.083380073359575053e-03,2.083380073359575053e-03,1.947517868971763424e-03,1.915961469888445524e-03,1.847377294398217049e-03,1.862247872509760439e-03,1.773672128435558422e-03,1.715758768359877630e-03,1.589785655749384723e-03,1.612492675511428136e-03,1.203928782685638899e-03,1.166255596326321595e-03,1.112249478162771364e-03,1.132370729293158147e-03,1.028768888144372499e-03,1.026831282013141323e-03,9.481233600270248373e-04,8.835248740674526459e-04,2.929244696653221340e-03,2.738469048084094318e-03,2.516688504011004371e-03,2.305703891171480020e-03,2.072050585715805044e-03,1.871110548862245414e-03,1.638945398761492301e-03,1.445054220330347370e-03,1.195551159510852869e-03,1.018327535141905476e-03,8.064426444757542183e-04,6.364686894187466517e-04,4.268897528058960287e-04,3.166763747274386966e-04,1.362013725205346213e-04,-1.232775200932529858e-05,-1.178052183027761122e-04,2.945280707766286758e-03,2.748518475783485234e-03,2.540208957319518759e-03,2.336388163487450147e-03,2.124867561430129718e-03,1.927243865328112692e-03,1.714220552775590082e-03,1.507073714765126042e-03,1.203892214112091148e-03,1.013408078450398885e-03,7.936080135291905804e-04,5.946436041140861807e-04,3.250353556451910254e-04,1.601040407543928047e-04,-4.968351953579250502e-05,-1.833083124864892134e-04,-2.461633720659471515e-04,2.929244696653221340e-03,2.738469048084094318e-03,2.516688504011004371e-03,2.305703891171480020e-03,2.072050585715805044e-03,1.871110548862245414e-03,1.638945398761492301e-03,1.445054220330347370e-03,1.195551159510852869e-03,1.018327535141905476e-03,8.064426444757542183e-04,6.364686894187466517e-04,4.268897528058960287e-04,3.166763747274386966e-04,1.362013725205346213e-04,-1.179176279152854574e-05,-1.171591202133641867e-04,2.945280707766286758e-03,2.748518475783485234e-03,2.540208957319518759e-03,2.336388163487450147e-03,2.124867561430129718e-03,1.927243865328112692e-03,1.714220552775590082e-03,1.507073714765126042e-03,1.195551159510852869e-03,1.013408078450398885e-03,7.957471186869511867e-04,5.964620860838539896e-04,3.250353556451910254e-04,1.589268051606105095e-04,-5.054013194158202992e-05,-1.849162801398794500e-04,-2.474555682447710566e-04
cxi,-1.255799999999999972e-01,-7.539999999999999480e-02,-5.605999999999999872e-02,-4.458000000000000157e-02,-3.590999999999999748e-02,-3.004000000000000073e-02,-2.528999999999999998e-02,-2.177000000000000116e-02,-1.788999999999999965e-02,-1.561000000000000061e-02,-1.344000000000000056e-02,-1.157000000000000042e-02,-9.199999999999999845e-03,-7.649999999999999682e-03,-5.660000000000000100e-03,-4.080000000000000293e-03,-2.010000000000000068e-03,-2.020000000000000094e-03,-4.089999999999999886e-03,-5.669999999999999693e-03,-7.660000000000000142e-03,-9.239999999999999949e-03,-1.161000000000000053e-02,-1.348000000000000066e-02,-1.566000000000000031e-02,-1.795000000000000068e-02,-2.182999999999999871e-02,-2.537000000000000019e-02,-3.013000000000000053e-02,-3.602000000000000340e-02,-4.463000000000000300e-02,-5.614999999999999852e-02,-7.566000000000000503e-02,-1.259699999999999986e-01,-2.200000000000000078e-04,-2.100000000000000087e-04,-1.100000000000000039e-04,-4.899999999999999842e-04,-2.700000000000000035e-04,-6.999999999999999929e-04,-6.999999999999999929e-04,-7.900000000000000121e-04,8.000000000000000383e-04,3.800000000000000209e-04,6.300000000000000261e-04,5.800000000000000034e-04,6.599999999999999964e-04,3.800000000000000209e-04,3.899999999999999929e-04,2.900000000000000017e-04,5.199999999999999544e-04,5.199999999999999544e-04,2.900000000000000017e-04,4.000000000000000192e-04,3.800000000000000209e-04,6.800000000000000488e-04,5.900000000000000296e-04,6.400000000000000524e-04,3.899999999999999929e-04,7.900000000000000121e-04,-7.900000000000000121e-04,-6.999999999999999929e-04,-6.899999999999999667e-04,-2.700000000000000035e-04,-5.100000000000000366e-04,-1.299999999999999886e-04,-2.200000000000000078e-04,-2.200000000000000078e-04,-1.200000000000000030e-04,-2.000000000000000096e-04,-3.499999999999999964e-04,-5.000000000000000104e-04,-7.200000000000000453e-04,-8.800000000000000313e-04,-1.160000000000000007e-03,-1.379999999999999933e-03,-1.830000000000000029e-03,-2.099999999999999870e-03,-2.589999999999999854e-03,-3.010000000000000089e-03,-3.840000000000000097e-03,-4.250000000000000305e-03,-5.689999999999999745e-03,-8.049999999999999864e-03,-1.460000000000000013e-02,-1.000000000000000048e-04,-1.800000000000000113e-04,-2.999999999999999737e-04,-4.200000000000000174e-04,-5.800000000000000034e-04,-7.200000000000000453e-04,-9.399999999999999719e-04,-1.170000000000000033e-03,-1.840000000000000056e-03,-2.150000000000000001e-03,-2.680000000000000090e-03,-3.279999999999999930e-03,-4.559999999999999817e-03,-5.619999999999999996e-03,-7.910000000000000364e-03,-1.132000000000000020e-02,-2.070999999999999924e-02,-1.200000000000000030e-04,-2.000000000000000096e-04,-3.499999999999999964e-04,-5.000000000000000104e-04,-7.200000000000000453e-04,-8.800000000000000313e-04,-1.170000000000000033e-03,-1.379999999999999933e-03,-1.830000000000000029e-03,-2.099999999999999870e-03,-2.589999999999999854e-03,-3.010000000000000089e-03,-3.850000000000000124e-03,-4.250000000000000305e-03,-5.689999999999999745e-03,-8.049999999999999864e-03,-1.456999999999999962e-02,-1.000000000000000048e-04,-1.800000000000000113e-04,-2.999999999999999737e-04,-4.200000000000000174e-04,-5.800000000000000034e-04,-7.200000000000000453e-04,-9.399999999999999719e-04,-1.170000000000000033e-03,-1.860000000000000108e-03,-2.150000000000000001e-03,-2.680000000000000090e-03,-3.269999999999999903e-03,-4.559999999999999817e-03,-5.629999999999999588e-03,-7.919999999999999957e-03,-1.135000000000000071e-02,-2.077000000000000027e-02
cxi*c/cref,-7.261408679006329907e-03,-1.090162157052326775e-02,-1.295387056212452155e-02,-1.415682193308110716e-02,-1.450935060024314063e-02,-1.473570236892901564e-02,-1.459293015687438549e-02,-1.444465898640894842e-02,-1.341749689121943950e-02,-1.305757028554905240e-02,-1.240479638443086480e-02,-1.167949410113667576e-02,-1.008275855357772081e-02,-9.045663833256755923e-03,-7.182133113500205161e-03,-5.530096512952615249e-03,-2.898227456388448482e-03,-2.912646498460032870e-03,-5.543650671072596590e-03,-7.194822394619462998e-03,-9.057488230424412881e-03,-1.012659663424545116e-02,-1.171987264599799565e-02,-1.244171542128929067e-02,-1.309939466186407081e-02,-1.346249688079312161e-02,-1.448446971397828777e-02,-1.463909205535402110e-02,-1.477985061171209133e-02,-1.455379584017705251e-02,-1.417269992986563108e-02,-1.297466700077224214e-02,-1.093921336904231552e-02,-7.283959637636784092e-03,-2.954034533356224767e-05,-3.058462451700080055e-05,-1.727086254150543606e-05,-8.250356058768288823e-05,-4.853017411256391650e-05,-1.337757104319484711e-04,-1.417324509424348867e-04,-1.689349446397255244e-04,1.801667793867517745e-04,8.989859362868544567e-05,1.562034716859426325e-04,1.503990986100327450e-04,1.786458714907619152e-04,1.071760873085988460e-04,1.144295518003818747e-04,8.838500500810820117e-05,1.643941787779937638e-04,1.643941787779937638e-04,8.838500500810820117e-05,1.173636428721865500e-04,1.071760873085988460e-04,1.840593827480577292e-04,1.529921865171022881e-04,1.586828918714337712e-04,9.226434609259820700e-05,1.779146946444173634e-04,-1.689349446397255244e-04,-1.417324509424348867e-04,-1.318646288543491921e-04,-4.853017411256391650e-05,-8.587105285656792316e-05,-2.041101936723369254e-05,-3.204103520828655650e-05,-2.954034533356224767e-05,-6.414404445226032814e-05,-1.004942769939117116e-04,-1.646431731595984381e-04,-2.191733736855019184e-04,-2.925247885716431039e-04,-3.293154565997551846e-04,-3.969053575288791378e-04,-4.279345115999740675e-04,-5.088043306755489709e-04,-5.165429526082129493e-04,-5.540282358600008301e-04,-5.473630729001221747e-04,-5.751777722016283368e-04,-5.003251273574774605e-04,-4.874124588942402628e-04,-4.314713203263854284e-04,-3.144344035138082962e-04,-5.345337037688360678e-05,-9.044484929452055130e-05,-1.411227198510843484e-04,-1.841056338958216027e-04,-2.356449685716013637e-04,-2.694399190361633674e-04,-3.216302035147813572e-04,-3.628140424434562875e-04,-5.115846822092951721e-04,-5.288415943369799681e-04,-5.732801822798465037e-04,-5.964620860838539896e-04,-6.830236044894336025e-04,-6.616064037056525876e-04,-6.775804129795150611e-04,-6.067397945459233237e-04,-4.460230477240390034e-04,-6.414404445226032814e-05,-1.004942769939117116e-04,-1.646431731595984381e-04,-2.191733736855019184e-04,-2.925247885716431039e-04,-3.293154565997551846e-04,-4.003269554386108798e-04,-4.279345115999740675e-04,-5.088043306755489709e-04,-5.165429526082129493e-04,-5.540282358600008301e-04,-5.473630729001221747e-04,-5.766756309834034566e-04,-5.003251273574774605e-04,-4.874124588942402628e-04,-4.314713203263854284e-04,-3.137883054243963436e-04,-5.345337037688360678e-05,-9.044484929452055130e-05,-1.411227198510843484e-04,-1.841056338958216027e-04,-2.356449685716013637e-04,-2.694399190361633674e-04,-3.216302035147813572e-04,-3.628140424434562875e-04,-5.171453852767874662e-04,-5.288415943369799681e-04,-5.732801822798465037e-04,-5.946436041140861807e-04,-6.830236044894336025e-04,-6.627836392994348015e-04,-6.784370253853045860e-04,-6.083477621993136145e-04,-4.473152439028628543e-04
cxo,1.157000000000000042e-02,8.750000000000000833e-03,7.749999999999999944e-03,7.179999999999999750e-03,6.799999999999999621e-03,6.510000000000000162e-03,6.300000000000000044e-03,6.150000000000000085e-03,6.130000000000000032e-03,5.850000000000000165e-03,5.689999999999999745e-03,5.570000000000000298e-03,5.459999999999999576e-03,5.369999999999999774e-03,5.300000000000000024e-03,5.230000000000000274e-03,5.159999999999999656e-03,5.159999999999999656e-03,5.230000000000000274e-03,5.300000000000000024e-03,5.380000000000000233e-03,5.459999999999999576e-03,5.570000000000000298e-03,5.689999999999999745e-03,5.850000000000000165e-03,6.130000000000000032e-03,6.150000000000000085e-03,6.300000000000000044e-03,6.519999999999999754e-03,6.799999999999999621e-03,7.190000000000000210e-03,7.760000000000000404e-03,8.760000000000000425e-03,1.158000000000000002e-02,6.799999999999999621e-03,6.729999999999999871e-03,6.669999999999999714e-03,6.610000000000000424e-03,6.559999999999999859e-03,6.510000000000000162e-03,6.459999999999999597e-03,6.420000000000000359e-03,6.369999999999999794e-03,6.329999999999999689e-03,6.289999999999999584e-03,6.250000000000000347e-03,6.210000000000000242e-03,6.170000000000000137e-03,6.130000000000000032e-03,6.100000000000000387e-03,6.069999999999999875e-03,6.069999999999999875e-03,6.100000000000000387e-03,6.130000000000000032e-03,6.170000000000000137e-03,6.210000000000000242e-03,6.250000000000000347e-03,6.289999999999999584e-03,6.329999999999999689e-03,6.369999999999999794e-03,6.420000000000000359e-03,6.459999999999999597e-03,6.510000000000000162e-03,6.559999999999999859e-03,6.610000000000000424e-03,6.669999999999999714e-03,6.729999999999999871e-03,6.799999999999999621e-03,5.610000000000000403e-03,5.649999999999999641e-03,5.700000000000000205e-03,5.760000000000000363e-03,5.819999999999999653e-03,5.879999999999999810e-03,5.960000000000000020e-03,6.040000000000000230e-03,6.130000000000000032e-03,6.239999999999999887e-03,6.360000000000000202e-03,6.510000000000000162e-03,6.700000000000000226e-03,6.939999999999999988e-03,7.280000000000000013e-03,7.830000000000000154e-03,9.129999999999999227e-03,5.599999999999999943e-03,5.649999999999999641e-03,5.700000000000000205e-03,5.749999999999999903e-03,5.810000000000000060e-03,5.879999999999999810e-03,5.950000000000000427e-03,6.029999999999999770e-03,6.159999999999999677e-03,6.270000000000000399e-03,6.400000000000000307e-03,6.550000000000000266e-03,6.740000000000000331e-03,6.980000000000000093e-03,7.329999999999999710e-03,7.900000000000000772e-03,9.280000000000000054e-03,5.610000000000000403e-03,5.649999999999999641e-03,5.700000000000000205e-03,5.760000000000000363e-03,5.819999999999999653e-03,5.879999999999999810e-03,5.960000000000000020e-03,6.040000000000000230e-03,6.130000000000000032e-03,6.239999999999999887e-03,6.360000000000000202e-03,6.510000000000000162e-03,6.700000000000000226e-03,6.939999999999999988e-03,7.280000000000000013e-03,7.820000000000000562e-03,9.129999999999999227e-03,5.599999999999999943e-03,5.649999999999999641e-03,5.700000000000000205e-03,5.749999999999999903e-03,5.810000000000000060e-03,5.879999999999999810e-03,5.950000000000000427e-03,6.029999999999999770e-03,6.159999999999999677e-03,6.270000000000000399e-03,6.400000000000000307e-03,6.550000000000000266e-03,6.740000000000000331e-03,6.980000000000000093e-03,7.329999999999999710e-03,7.900000000000000772e-03,9.289999999999999647e-03
cxo*c/cref,6.690117727034817748e-04,1.265108604006347573e-03,1.790804439109258727e-03,2.280080338257567223e-03,2.747523923187228032e-03,3.193389561309184065e-03,3.635249505271199565e-03,4.080599575857373797e-03,4.597498934777817861e-03,4.893452028857268529e-03,5.251732993110983481e-03,5.622712371938745624e-03,5.983898011145038533e-03,6.349701279031213196e-03,6.725318993206905703e-03,7.088824696750532783e-03,7.440225708937508488e-03,7.440225708937508488e-03,7.088824696750532783e-03,6.725318993206905703e-03,6.361525676198870154e-03,5.983898011145038533e-03,5.622712371938745624e-03,5.251732993110983481e-03,4.893452028857268529e-03,4.597498934777817861e-03,4.080599575857373797e-03,3.635249505271199565e-03,3.198294921618414794e-03,2.747523923187228032e-03,2.283255937614471834e-03,1.793115154514561159e-03,1.266554442410926283e-03,6.695900024119549312e-04,9.130652194010148394e-04,9.801643952353114413e-04,1.047242301380374961e-03,1.112956194866497953e-03,1.179103489549701046e-03,1.244114107017120800e-03,1.307988047268756346e-03,1.372863727325364424e-03,1.434577980867010908e-03,1.497521309656786245e-03,1.559555296673934997e-03,1.620679941918456296e-03,1.680895245390350793e-03,1.740201207089618054e-03,1.798597827016258730e-03,1.859132863963655277e-03,1.918985894581581343e-03,1.918985894581581343e-03,1.859132863963655277e-03,1.798597827016258730e-03,1.740201207089618054e-03,1.680895245390350793e-03,1.620679941918456296e-03,1.559555296673934997e-03,1.497521309656786245e-03,1.434577980867010908e-03,1.372863727325364424e-03,1.307988047268756346e-03,1.244114107017120800e-03,1.179103489549701046e-03,1.112956194866497953e-03,1.047242301380374961e-03,9.801643952353114413e-04,9.130652194010148394e-04,2.998734078143170181e-03,2.838963325078005650e-03,2.681331677170602917e-03,2.524877264856982290e-03,2.364575374287448094e-03,2.200426005462000328e-03,2.039272354200103235e-03,1.872988731930321383e-03,1.704355490186401732e-03,1.534870487750118534e-03,1.360470880335755157e-03,1.183831762318868826e-03,1.003565383789299485e-03,8.170015020849162113e-04,6.236138314147748841e-04,4.196795575348568827e-04,1.966291852110321433e-04,2.993388741105481709e-03,2.838963325078005650e-03,2.681331677170602917e-03,2.520493797383271777e-03,2.360512530001730811e-03,2.200426005462000328e-03,2.035850756290371547e-03,1.869887757208582493e-03,1.712696544787640227e-03,1.542249672787378853e-03,1.369027300966797582e-03,1.191105690197940279e-03,1.009556818916399748e-03,8.217104444600453923e-04,6.278968934437225086e-04,4.234314820594341916e-04,1.998596756580918519e-04,2.998734078143170181e-03,2.838963325078005650e-03,2.681331677170602917e-03,2.524877264856982290e-03,2.364575374287448094e-03,2.200426005462000328e-03,2.039272354200103235e-03,1.872988731930321383e-03,1.704355490186401732e-03,1.534870487750118534e-03,1.360470880335755157e-03,1.183831762318868826e-03,1.003565383789299485e-03,8.170015020849162113e-04,6.236138314147748841e-04,4.191435683170601553e-04,1.966291852110321433e-04,2.993388741105481709e-03,2.838963325078005650e-03,2.681331677170602917e-03,2.520493797383271777e-03,2.360512530001730811e-03,2.200426005462000328e-03,2.035850756290371547e-03,1.869887757208582493e-03,1.712696544787640227e-03,1.542249672787378853e-03,1.369027300966797582e-03,1.191105690197940279e-03,1.009556818916399748e-03,8.217104444600453923e-04,6.278968934437225086e-04,4.234314820594341916e-04,2.000750416878958090e-04
cy,2.428200000000000081e-01,1.167500000000000066e-01,8.022999999999999576e-02,6.153000000000000136e-02,4.864000000000000268e-02,3.998000000000000165e-02,3.321999999999999953e-02,2.319999999999999840e-02,2.085000000000000048e-02,2.230000000000000038e-02,1.803000000000000089e-02,1.542999999999999927e-02,1.255999999999999998e-02,1.043999999999999963e-02,8.000000000000000167e-03,5.810000000000000060e-03,3.050000000000000194e-03,-3.069999999999999812e-03,-5.819999999999999653e-03,-8.009999999999999759e-03,-1.046000000000000055e-02,-1.260000000000000009e-02,-1.548000000000000070e-02,-1.807999999999999885e-02,-2.236000000000000140e-02,-2.093000000000000069e-02,-2.331000000000000086e-02,-3.334000000000000158e-02,-4.012000000000000288e-02,-4.873000000000000248e-02,-6.142000000000000237e-02,-8.011999999999999678e-02,-1.169899999999999968e-01,-2.435799999999999910e-01,3.146000000000000185e-02,-4.499999999999999877e-04,-6.099999999999999737e-04,-7.299999999999999632e-04,-6.300000000000000261e-04,-3.499999999999999964e-04,-3.299999999999999982e-04,-4.600000000000000139e-04,-5.299999999999999807e-04,-4.600000000000000139e-04,-3.899999999999999929e-04,-3.099999999999999999e-04,-2.500000000000000052e-04,-1.600000000000000131e-04,-1.000000000000000048e-04,-3.000000000000000076e-05,1.000000000000000048e-04,-1.000000000000000048e-04,3.000000000000000076e-05,1.000000000000000048e-04,1.600000000000000131e-04,2.500000000000000052e-04,3.099999999999999999e-04,3.899999999999999929e-04,4.499999999999999877e-04,5.100000000000000366e-04,4.499999999999999877e-04,3.299999999999999982e-04,3.499999999999999964e-04,6.199999999999999999e-04,6.999999999999999929e-04,5.699999999999999772e-04,4.299999999999999894e-04,-3.180999999999999800e-02,2.769999999999999893e-02,-1.353000000000000036e-02,-2.719999999999999848e-02,-3.576000000000000012e-02,-4.299000000000000044e-02,-4.891000000000000208e-02,-5.462000000000000188e-02,-6.035000000000000087e-02,-6.765999999999999792e-02,-7.358000000000000651e-02,-8.031000000000000638e-02,-8.777000000000000079e-02,-9.783000000000000029e-02,-1.085499999999999937e-01,-1.250900000000000067e-01,-1.513400000000000023e-01,-2.222099999999999909e-01,8.309999999999999679e-03,2.347000000000000128e-02,2.205000000000000016e-02,2.319999999999999840e-02,2.778999999999999873e-02,3.329000000000000015e-02,4.039000000000000229e-02,4.213999999999999690e-02,8.638999999999999457e-02,1.029299999999999937e-01,1.092800000000000021e-01,1.181900000000000034e-01,1.289200000000000068e-01,1.456099999999999894e-01,1.668499999999999983e-01,2.032599999999999962e-01,3.003399999999999959e-01,-2.756000000000000116e-02,1.359999999999999924e-02,2.724999999999999992e-02,3.579000000000000237e-02,4.299999999999999656e-02,4.889999999999999902e-02,5.457999999999999657e-02,6.026999999999999719e-02,6.758000000000000118e-02,7.352000000000000202e-02,8.024000000000000576e-02,8.766999999999999793e-02,9.765999999999999681e-02,1.082400000000000029e-01,1.246400000000000008e-01,1.505599999999999994e-01,2.215999999999999914e-01,-8.179999999999999771e-03,-2.326999999999999902e-02,-2.194000000000000117e-02,-2.315000000000000044e-02,-2.777999999999999914e-02,-3.329000000000000015e-02,-4.041000000000000147e-02,-4.238000000000000100e-02,-8.673999999999999766e-02,-1.030500000000000027e-01,-1.093999999999999972e-01,-1.183400000000000007e-01,-1.290999999999999925e-01,-1.458599999999999897e-01,-1.671600000000000030e-01,-2.036799999999999999e-01,-3.010700000000000043e-01
cy*c/cref,1.404057378114601830e-02,1.688016337345612378e-02,1.853886969674010607e-02,1.953946284303455586e-02,1.965287700350393935e-02,1.961163051630433057e-02,1.916872834366813508e-02,1.539348132681155577e-02,1.563749637685440605e-02,1.865367183649864480e-02,1.664125586393515668e-02,1.557602368025401071e-02,1.376515732966697610e-02,1.234467064303275061e-02,1.015142489540665077e-02,7.874965867709483522e-03,4.397807831833217863e-03,-4.426645915976385771e-03,-7.888520025829464863e-03,-1.016411417652590861e-02,-1.236831943736806279e-02,-1.380899541033470644e-02,-1.562649686133065971e-02,-1.668740466000818642e-02,-1.870386108807666967e-02,-1.569749636295264886e-02,-1.546646766068868195e-02,-1.923797119138758588e-02,-1.968030556063355904e-02,-1.968924129072259152e-02,-1.950453125010860600e-02,-1.851345182728178149e-02,-1.691486349516601109e-02,-1.408451923898998079e-02,4.224269382699400929e-03,-6.553848110785885541e-05,-9.577478318471195650e-05,-1.229134678143030770e-04,-1.132370729293158119e-04,-6.688785521597423553e-05,-6.681672687286217133e-05,-9.836718295477689996e-05,-1.193604913437230414e-04,-1.088246133399876448e-04,-9.669738723415495139e-05,-8.038572511915543172e-05,-6.766889071619770172e-05,-4.512677360362056994e-05,-2.934091071804663750e-05,-9.143276380149124025e-06,3.161426514961419160e-05,-3.161426514961419160e-05,9.143276380149124025e-06,2.934091071804663750e-05,4.512677360362056994e-05,6.766889071619770172e-05,8.038572511915543172e-05,9.669738723415495139e-05,1.064588608760748563e-04,1.148563218590542600e-04,9.622876593402086625e-05,6.681672687286217133e-05,6.688785521597423553e-05,1.114396590732949239e-04,1.178622294109755585e-04,8.949446953325542321e-05,6.262565972528735705e-05,-4.271265386639158841e-03,1.480658359439675741e-02,-6.798437838638127749e-03,-1.279512659983164831e-02,-1.567527968598709728e-02,-1.746616758429852048e-02,-1.830320338897048482e-02,-1.868876778295463711e-02,-1.871438244569452111e-02,-1.881185847732658178e-02,-1.809868116805348273e-02,-1.717915352197555215e-02,-1.596081624865239648e-02,-1.465355246210554678e-02,-1.277889237050686480e-02,-1.071536458402118017e-02,-8.111660822136046445e-03,-4.785648548274201199e-03,4.441975078319027395e-03,1.179300340523553939e-02,1.037251990905470149e-02,1.016964453900728871e-02,1.129064427000827861e-02,1.245785403432483028e-02,1.381983395740640427e-02,1.306750747740790392e-02,2.401945690003315370e-02,2.531798386283969429e-02,2.337614116400807060e-02,2.149263840068619050e-02,1.931039541464425399e-02,1.714172748106406949e-02,1.429257799059823961e-02,1.089451684093678194e-02,6.468303339132683641e-03,-1.473174887586912139e-02,6.833610835585995739e-03,1.281864705314016313e-02,1.568843008840822839e-02,1.747023042858423733e-02,1.829946116787276034e-02,1.867508139131570863e-02,1.868957464792060652e-02,1.878961566505661304e-02,1.808392279797896296e-02,1.716417978587122736e-02,1.594263142895471774e-02,1.462808886281537039e-02,1.274239806709961433e-02,1.067681702576065220e-02,8.069853663147899536e-03,4.772511220456158651e-03,-4.372485696829078554e-03,-1.169250912824162762e-02,-1.032077491177597027e-02,-1.014772720163873918e-02,-1.128658142572256176e-02,-1.245785403432483028e-02,-1.382667715322586852e-02,-1.314193087072963902e-02,-2.411676920371427085e-02,-2.534750060298873731e-02,-2.340181042590119484e-02,-2.151991563023270687e-02,-1.933735687271620138e-02,-1.717115837090862560e-02,-1.431913297517771640e-02,-1.091702838808424579e-02,-6.484025059308374216e-03
cyi,2.428200000000000081e-01,1.167500000000000066e-01,8.022999999999999576e-02,6.153000000000000136e-02,4.864000000000000268e-02,3.998000000000000165e-02,3.321999999999999953e-02,2.319999999999999840e-02,2.085000000000000048e-02,2.230000000000000038e-02,1.803000000000000089e-02,1.542999999999999927e-02,1.255999999999999998e-02,1.043999999999999963e-02,8.000000000000000167e-03,5.810000000000000060e-03,3.050000000000000194e-03,-3.069999999999999812e-03,-5.819999999999999653e-03,-8.009999999999999759e-03,-1.046000000000000055e-02,-1.260000000000000009e-02,-1.548000000000000070e-02,-1.807999999999999885e-02,-2.236000000000000140e-02,-2.093000000000000069e-02,-2.331000000000000086e-02,-3.334000000000000158e-02,-4.012000000000000288e-02,-4.873000000000000248e-02,-6.142000000000000237e-02,-8.011999999999999678e-02,-1.169899999999999968e-01,-2.435799999999999910e-01,3.146000000000000185e-02,-4.499999999999999877e-04,-6.099999999999999737e-04,-7.299999999999999632e-04,-6.300000000000000261e-04,-3.499999999999999964e-04,-3.299999999999999982e-04,-4.600000000000000139e-04,-5.299999999999999807e-04,-4.600000000000000139e-04,-3.899999999999999929e-04,-3.099999999999999999e-04,-2.500000000000000052e-04,-1.600000000000000131e-04,-1.000000000000000048e-04,-3.000000000000000076e-05,1.000000000000000048e-04,-1.000000000000000048e-04,3.000000000000000076e-05,1.000000000000000048e-04,1.600000000000000131e-04,2.500000000000000052e-04,3.099999999999999999e-04,3.899999999999999929e-04,4.499999999999999877e-04,5.100000000000000366e-04,4.499999999999999877e-04,3.299999999999999982e-04,3.499999999999999964e-04,6.199999999999999999e-04,6.999999999999999929e-04,5.699999999999999772e-04,4.299999999999999894e-04,-3.180999999999999800e-02,2.769999999999999893e-02,-1.353000000000000036e-02,-2.719999999999999848e-02,-3.576000000000000012e-02,-4.299000000000000044e-02,-4.891000000000000208e-02,-5.462000000000000188e-02,-6.035000000000000087e-02,-6.765999999999999792e-02,-7.358000000000000651e-02,-8.031000000000000638e-02,-8.777000000000000079e-02,-9.783000000000000029e-02,-1.085499999999999937e-01,-1.250900000000000067e-01,-1.513400000000000023e-01,-2.222099999999999909e-01,8.309999999999999679e-03,2.347000000000000128e-02,2.205000000000000016e-02,2.319999999999999840e-02,2.778999999999999873e-02,3.329000000000000015e-02,4.039000000000000229e-02,4.213999999999999690e-02,8.638999999999999457e-02,1.029299999999999937e-01,1.092800000000000021e-01,1.181900000000000034e-01,1.289200000000000068e-01,1.456099999999999894e-01,1.668499999999999983e-01,2.032599999999999962e-01,3.003399999999999959e-01,-2.756000000000000116e-02,1.359999999999999924e-02,2.724999999999999992e-02,3.579000000000000237e-02,4.299999999999999656e-02,4.889999999999999902e-02,5.457999999999999657e-02,6.026999999999999719e-02,6.758000000000000118e-02,7.352000000000000202e-02,8.024000000000000576e-02,8.766999999999999793e-02,9.765999999999999681e-02,1.082400000000000029e-01,1.246400000000000008e-01,1.505599999999999994e-01,2.215999999999999914e-01,-8.179999999999999771e-03,-2.326999999999999902e-02,-2.194000000000000117e-02,-2.315000000000000044e-02,-2.777999999999999914e-02,-3.329000000000000015e-02,-4.041000000000000147e-02,-4.238000000000000100e-02,-8.673999999999999766e-02,-1.030500000000000027e-01,-1.093999999999999972e-01,-1.183400000000000007e-01,-1.290999999999999925e-01,-1.458599999999999897e-01,-1.671600000000000030e-01,-2.036799999999999999e-01,-3.010700000000000043e-01
cyi*c/cref,1.404057378114601830e-02,1.688016337345612378e-02,1.853886969674010607e-02,1.953946284303455586e-02,1.965287700350393935e-02,1.961163051630433057e-02,1.916872834366813508e-02,1.539348132681155577e-02,1.563749637685440605e-02,1.865367183649864480e-02,1.664125586393515668e-02,1.557602368025401071e-02,1.376515732966697610e-02,1.234467064303275061e-02,1.015142489540665077e-02,7.874965867709483522e-03,4.397807831833217863e-03,-4.426645915976385771e-03,-7.888520025829464863e-03,-1.016411417652590861e-02,-1.236831943736806279e-02,-1.380899541033470644e-02,-1.562649686133065971e-02,-1.668740466000818642e-02,-1.870386108807666967e-02,-1.569749636295264886e-02,-1.546646766068868195e-02,-1.923797119138758588e-02,-1.968030556063355904e-02,-1.968924129072259152e-02,-1.950453125010860600e-02,-1.851345182728178149e-02,-1.691486349516601109e-02,-1.408451923898998079e-02,4.224269382699400929e-03,-6.553848110785885541e-05,-9.577478318471195650e-05,-1.229134678143030770e-04,-1.132370729293158119e-04,-6.688785521597423553e-05,-6.681672687286217133e-05,-9.836718295477689996e-05,-1.193604913437230414e-04,-1.088246133399876448e-04,-9.669738723415495139e-05,-8.038572511915543172e-05,-6.766889071619770172e-05,-4.512677360362056994e-05,-2.934091071804663750e-05,-9.143276380149124025e-06,3.161426514961419160e-05,-3.161426514961419160e-05,9.143276380149124025e-06,2.934091071804663750e-05,4.512677360362056994e-05,6.766889071619770172e-05,8.038572511915543172e-05,9.669738723415495139e-05,1.064588608760748563e-04,1.148563218590542600e-04,9.622876593402086625e-05,6.681672687286217133e-05,6.688785521597423553e-05,1.114396590732949239e-04,1.178622294109755585e-04,8.949446953325542321e-05,6.262565972528735705e-05,-4.271265386639158841e-03,1.480658359439675741e-02,-6.798437838638127749e-03,-1.279512659983164831e-02,-1.567527968598709728e-02,-1.746616758429852048e-02,-1.830320338897048482e-02,-1.868876778295463711e-02,-1.871438244569452111e-02,-1.881185847732658178e-02,-1.809868116805348273e-02,-1.717915352197555215e-02,-1.596081624865239648e-02,-1.465355246210554678e-02,-1.277889237050686480e-02,-1.071536458402118017e-02,-8.111660822136046445e-03,-4.785648548274201199e-03,4.441975078319027395e-03,1.179300340523553939e-02,1.037251990905470149e-02,1.016964453900728871e-02,1.129064427000827861e-02,1.245785403432483028e-02,1.381983395740640427e-02,1.306750747740790392e-02,2.401945690003315370e-02,2.531798386283969429e-02,2.337614116400807060e-02,2.149263840068619050e-02,1.931039541464425399e-02,1.714172748106406949e-02,1.429257799059823961e-02,1.089451684093678194e-02,6.468303339132683641e-03,-1.473174887586912139e-02,6.833610835585995739e-03,1.281864705314016313e-02,1.568843008840822839e-02,1.747023042858423733e-02,1.829946116787276034e-02,1.867508139131570863e-02,1.868957464792060652e-02,1.878961566505661304e-02,1.808392279797896296e-02,1.716417978587122736e-02,1.594263142895471774e-02,1.462808886281537039e-02,1.274239806709961433e-02,1.067681702576065220e-02,8.069853663147899536e-03,4.772511220456158651e-03,-4.372485696829078554e-03,-1.169250912824162762e-02,-1.032077491177597027e-02,-1.014772720163873918e-02,-1.128658142572256176e-02,-1.245785403432483028e-02,-1.382667715322586852e-02,-1.314193087072963902e-02,-2.411676920371427085e-02,-2.534750060298873731e-02,-2.340181042590119484e-02,-2.151991563023270687e-02,-1.933735687271620138e-02,-1.717115837090862560e-02,-1.431913297517771640e-02,-1.091702838808424579e-02,-6.484025059308374216e-03
cyo,0.000000000000000000e+00,0.000000000000000000e+00,0.000000000000000000e+00,0.000000000000000000e+00,0.000000000000000000e+00,0.000000000000000000e+00,0.000000000000000000e+00,0.000000000000000000e+00,0.000000000000000000e+00,0.000000000000000000e+00,0.000000000000000000e+00,0.000000000000000000e+00,0.000000000000000000e+00,0.000000000000000000e+00,0.000000000000000000e+00,0.000000000000000000e+00,0.000000000000000000e+00,0.000000000000000000e+00,0.000000000000000000e+00,0.000000000000000000e+00,0.000000000000000000e+00,0.000000000000000000e+00,0.000000000000000000e+00,0.000000000000000000e+00,0.000000000000000000e+00,0.000000000000000000e+00,0.000000000000000000e+00,0.000000000000000000e+00,0.000000000000000000e+00,0.000000000000000000e+00,0.000000000000000000e+00,0.000000000000000000e+00,0.000000000000000000e+00,0.000000000000000000e+00,0.000000000000000000e+00,0.000000000000000000e+00,0.000000000000000000e+00,0.000000000000000000e+00,0.000000000000000000e+00,0.000000000000000000e+00,0.000000000000000000e+00,0.000000000000000000e+00,0.000000000000000000e+00,0.000000000000000000e+00,0.000000000000000000e+00,0.000000000000000000e+00,0.000000000000000000e+00,0.000000000000000000e+00,0.000000000000000000e+00,0.000000000000000000e+00,0.000000000000000000e+00,0.000000000000000000e+00,0.000000000000000000e+00,0.000000000000000000e+00,0.000000000000000000e+00,0.000000000000000000e+00,0.000000000000000000e+00,0.000000000000000000e+00,0.000000000000000000e+00,0.000000000000000000e+00,0.000000000000000000e+00,0.000000000000000000e+00,0.000000000000000000e+00,0.000000000000000000e+00,0.000000000000000000e+00,0.000000000000000000e+00,0.000000000000000000e+00,0.000000000000000000e+00,0.000000000000000000e+00,0.000000000000000000e+00,0.000000000000000000e+00,0.000000000000000000e+00,0.000000000000000000e+00,0.000000000000000000e+00,0.000000000000000000e+00,0.000000000000000000e+00,0.000000000000000000e+00,0.000000000000000000e+00,0.000000000000000000e+00,0.000000000000000000e+00,0.000000000000000000e+00,0.000000000000000000e+00,0.000000000000000000e+00,0.000000000000000000e+00,0.000000000000000000e+00,0.000000000000000000e+00,0.000000000000000000e+00,0.000000000000000000e+00,0.000000000000000000e+00,0.000000000000000000e+00,0.000000000000000000e+00,0.000000000000000000e+00,0.000000000000000000e+00,0.000000000000000000e+00,0.000000000000000000e+00,0.000000000000000000e+00,0.000000000000000000e+00,0.000000000000000000e+00,0.000000000000000000e+00,0.000000000000000000e+00,0.000000000000000000e+00,0.000000000000000000e+00,0.000000000000000000e+00,0.000000000000000000e+00,0.000000000000000000e+00,0.000000000000000000e+00,0.000000000000000000e+00,0.000000000000000000e+00,0.000000000000000000e+00,0.000000000000000000e+00,0.000000000000000000e+00,0.000000000000000000e+00,0.000000000000000000e+00,0.000000000000000000e+00,0.000000000000000000e+00,0.000000000000000000e+00,0.000000000000000000e+00,0.000000000000000000e+00,0.000000000000000000e+00,0.000000000000000000e+00,0.000000000000000000e+00,0.000000000000000000e+00,0.000000000000000000e+00,0.000000000000000000e+00,0.000000000000000000e+00,0.000000000000000000e+00,0.000000000000000000e+00,0.000000000000000000e+00,0.000000000000000000e+00,0.000000000000000000e+00,0.000000000000000000e+00,0.000000000000000000e+00,0.000000000000000000e+00,0.000000000000000000e+00,0.000000000000000000e+00,0.000000000000000000e+00
cyo*c/cref,0.000000000000000000e+00,0.000000000000000000e+00,0.000000000000000000e+00,0.000000000000000000e+00,0.000000000000000000e+00,0.000000000000000000e+00,0.000000000000000000e+00,0.000000000000000000e+00,0.000000000000000000e+00,0.000000000000000000e+00,0.000000000000000000e+00,0.000000000000000000e+00,0.000000000000000000e+00,0.000000000000000000e+00,0.000000000000000000e+00,0.000000000000000000e+00,0.000000000000000000e+00,0.000000000000000000e+00,0.000000000000000000e+00,0.000000000000000000e+00,0.000000000000000000e+00,0.000000000000000000e+00,0.000000000000000000e+00,0.000000000000000000e+00,0.000000000000000000e+00,0.000000000000000000e+00,0.000000000000000000e+00,0.000000000000000000e+00,0.000000000000000000e+00,0.000000000000000000e+00,0.000000000000000000e+00,0.000000000000000000e+00,0.000000000000000000e+00,0.000000000000000000e+00,0.000000000000000000e+00,0.000000000000000000e+00,0.000000000000000000e+00,0.000000000000000000e+00,0.000000000000000000e+00,0.000000000000000000e+00,0.000000000000000000e+00,0.000000000000000000e+00,0.000000000000000000e+00,0.000000000000000000e+00,0.000000000000000000e+00,0.000000000000000000e+00,0.000000000000000000e+00,0.000000000000000000e+00,0.000000000000000000e+00,0.000000000000000000e+00,0.000000000000000000e+00,0.000000000000000000e+00,0.000000000000000000e+00,0.000000000000000000e+00,0.000000000000000000e+00,0.000000000000000000e+00,0.000000000000000000e+00,0.000000000000000000e+00,0.000000000000000000e+00,0.000000000000000000e+00,0.000000000000000000e+00,0.000000000000000000e+00,0.000000000000000000e+00,0.000000000000000000e+00,0.000000000000000000e+00,0.000000000000000000e+00,0.000000000000000000e+00,0.000000000000000000e+00,0.000000000000000000e+00,0.000000000000000000e+00,0.000000000000000000e+00,0.000000000000000000e+00,0.000000000000000000e+00,0.000000000000000000e+00,0.000000000000000000e+00,0.000000000000000000e+00,0.000000000000000000e+00,0.000000000000000000e+00,0.000000000000000000e+00,0.000000000000000000e+00,0.000000000000000000e+00,0.000000000000000000e+00,0.000000000000000000e+00,0.000000000000000000e+00,0.000000000000000000e+00,0.000000000000000000e+00,0.000000000000000000e+00,0.000000000000000000e+00,0.000000000000000000e+00,0.000000000000000000e+00,0.000000000000000000e+00,0.000000000000000000e+00,0.000000000000000000e+00,0.000000000000000000e+00,0.000000000000000000e+00,0.000000000000000000e+00,0.000000000000000000e+00,0.000000000000000000e+00,0.000000000000000000e+00,0.000000000000000000e+00,0.000000000000000000e+00,0.000000000000000000e+00,0.000000000000000000e+00,0.000000000000000000e+00,0.000000000000000000e+00,0.000000000000000000e+00,0.000000000000000000e+00,0.000000000000000000e+00,0.000000000000000000e+00,0.000000000000000000e+00,0.000000000000000000e+00,0.000000000000000000e+00,0.000000000000000000e+00,0.000000000000000000e+00,0.000000000000000000e+00,0.000000000000000000e+00,0.000000000000000000e+00,0.000000000000000000e+00,0.000000000000000000e+00,0.000000000000000000e+00,0.000000000000000000e+00,0.000000000000000000e+00,0.000000000000000000e+00,0.000000000000000000e+00,0.000000000000000000e+00,0.000000000000000000e+00,0.000000000000000000e+00,0.000000000000000000e+00,0.000000000000000000e+00,0.000000000000000000e+00,0.000000000000000000e+00,0.000000000000000000e+00,0.000000000000000000e+00,0.000000000000000000e+00,0.000000000000000000e+00,0.000000000000000000e+00
cz,7.994999999999999885e-01,5.783599999999999852e-01,4.895300000000000207e-01,4.349999999999999978e-01,3.968499999999999805e-01,3.673699999999999743e-01,3.461699999999999777e-01,3.326299999999999812e-01,3.489200000000000079e-01,2.969100000000000072e-01,2.702200000000000157e-01,2.502800000000000025e-01,2.341999999999999915e-01,2.197699999999999931e-01,2.069600000000000051e-01,1.949700000000000044e-01,1.839099999999999902e-01,1.839200000000000002e-01,1.950000000000000067e-01,2.070200000000000096e-01,2.198599999999999999e-01,2.343300000000000105e-01,2.504700000000000260e-01,2.704699999999999882e-01,2.972299999999999942e-01,3.492799999999999794e-01,3.331100000000000172e-01,3.467399999999999927e-01,3.680100000000000038e-01,3.975099999999999745e-01,4.357199999999999962e-01,4.903500000000000081e-01,5.795000000000000151e-01,8.007199999999999873e-01,1.778399999999999981e-01,1.035399999999999932e-01,1.095700000000000007e-01,1.150000000000000050e-01,1.183300000000000046e-01,1.205100000000000060e-01,1.215600000000000014e-01,1.219599999999999990e-01,1.210100000000000064e-01,1.196300000000000002e-01,1.176399999999999946e-01,1.155999999999999944e-01,1.130000000000000032e-01,1.103599999999999998e-01,1.077499999999999986e-01,1.051099999999999951e-01,1.022200000000000053e-01,1.022399999999999975e-01,1.051799999999999957e-01,1.078400000000000053e-01,1.104600000000000026e-01,1.131000000000000061e-01,1.156900000000000012e-01,1.176999999999999991e-01,1.196699999999999986e-01,1.210799999999999932e-01,1.220399999999999957e-01,1.216499999999999942e-01,1.205999999999999989e-01,1.184299999999999936e-01,1.151500000000000024e-01,1.098699999999999954e-01,1.038599999999999940e-01,1.785499999999999865e-01,-1.863000000000000073e-02,-6.400000000000000524e-04,2.000000000000000096e-04,6.999999999999999929e-04,1.129999999999999928e-03,1.510000000000000057e-03,2.050000000000000173e-03,2.609999999999999907e-03,3.609999999999999928e-03,4.309999999999999595e-03,5.349999999999999721e-03,6.300000000000000044e-03,8.030000000000000679e-03,9.140000000000000555e-03,1.234999999999999987e-02,1.851999999999999827e-02,3.925000000000000017e-02,1.145999999999999970e-02,3.000000000000000076e-05,3.699999999999999947e-04,-2.300000000000000070e-04,-7.900000000000000121e-04,-1.180000000000000059e-03,-1.660000000000000017e-03,-3.658000000000000140e-02,-4.168999999999999789e-02,-4.089999999999999886e-03,-5.320000000000000076e-03,-6.769999999999999976e-03,-9.539999999999999869e-03,-1.209000000000000005e-02,-1.723999999999999838e-02,-2.606999999999999942e-02,-5.577000000000000013e-02,-1.868999999999999828e-02,-6.400000000000000524e-04,2.000000000000000096e-04,6.899999999999999667e-04,1.129999999999999928e-03,1.510000000000000057e-03,2.050000000000000173e-03,2.609999999999999907e-03,3.599999999999999901e-03,4.309999999999999595e-03,5.360000000000000181e-03,6.300000000000000044e-03,8.030000000000000679e-03,9.150000000000000147e-03,1.234999999999999987e-02,1.851999999999999827e-02,3.917000000000000343e-02,1.152000000000000073e-02,2.000000000000000164e-05,3.600000000000000227e-04,-2.400000000000000061e-04,-8.000000000000000383e-04,-1.190000000000000085e-03,-1.670000000000000043e-03,-3.652999999999999997e-02,-4.164999999999999952e-02,-4.080000000000000293e-03,-5.309999999999999616e-03,-6.760000000000000384e-03,-9.530000000000000276e-03,-1.209999999999999964e-02,-1.728000000000000022e-02,-2.614999999999999963e-02,-5.596000000000000280e-02
cz*c/cref,4.622946519243160274e-02,8.362150996721269547e-02,1.131164512357620000e-01,1.381385720253540117e-01,1.603463042524781446e-01,1.802082216802081138e-01,1.997483049586874504e-01,2.207040385231607005e-01,2.616899393674839147e-01,2.483615114338481034e-01,2.494065534970913989e-01,2.526485551972763588e-01,2.566719623095545799e-01,2.598647765535735399e-01,2.626173620441700773e-01,2.642654208652870929e-01,2.651806027385072428e-01,2.651950217805787990e-01,2.643060833396470022e-01,2.626934977308856278e-01,2.599711961280824490e-01,2.568144360717247165e-01,2.528403532853676361e-01,2.496372974774565268e-01,2.486291874422642267e-01,2.619599393049260039e-01,2.210225243437154430e-01,2.000772084853548738e-01,1.805221647399989082e-01,1.606129756920816054e-01,1.383672151790511506e-01,1.133059298989967795e-01,8.378633554533466976e-02,4.630000921686533433e-02,2.387934097327595179e-02,1.507967629757268023e-02,1.720334916975227793e-02,1.936308054608884555e-02,2.126879815829514284e-02,2.303044409164872741e-02,2.461285248080340854e-02,2.608013398514041209e-02,2.725247746698853876e-02,2.830149672578852540e-02,2.916789906211791905e-02,2.997609620572376510e-02,3.058633860372135874e-02,3.112619209309728727e-02,3.161483129869525205e-02,3.203499267724914390e-02,3.231610183593562613e-02,3.232242468896554671e-02,3.205632698880282738e-02,3.164123811834149147e-02,3.115439632659955035e-02,3.061340616000783957e-02,2.999943399688739451e-02,2.918277558323086746e-02,2.831095973564417417e-02,2.726824206018487948e-02,2.609724132130646079e-02,2.463107522449600739e-02,2.304764382584711946e-02,2.128677229685534827e-02,1.938833673810548205e-02,1.725045152213820071e-02,1.512628143969382485e-02,2.397467572412517386e-02,-9.958362901213414775e-03,-3.215816863805175097e-04,9.408181323405625032e-05,3.068427231597026803e-04,4.591014042860508794e-04,5.650753857563981311e-04,7.014275714950019480e-04,8.093544023738640219e-04,1.003706903682367044e-03,1.060142917019713232e-03,1.144421259401932293e-03,1.145643640953743865e-03,1.202780601765384349e-03,1.075993332717022251e-03,1.057916321150064549e-03,9.926520313595847515e-04,8.453116669806146847e-04,6.125756245190860233e-03,1.507414154908675742e-05,1.740513544830040577e-04,-1.008197518953308803e-04,-3.209646985716639199e-04,-4.415820895314899030e-04,-5.679852530154649339e-04,-1.134336553212105317e-02,-1.159128554418777969e-02,-1.006028893413138565e-03,-1.138003943928650582e-03,-1.231112293532832724e-03,-1.428957277813420502e-03,-1.423277832882800624e-03,-1.476799787581142658e-03,-1.397323890796132615e-03,-1.201096348216786807e-03,-9.990434923439544743e-03,-3.215816863805175097e-04,9.408181323405625032e-05,3.024592556859926002e-04,4.591014042860508794e-04,5.650753857563981311e-04,7.014275714950019480e-04,8.093544023738640219e-04,1.000926552148620951e-03,1.060142917019713232e-03,1.146560364559693007e-03,1.145643640953743865e-03,1.202780601765384349e-03,1.077170568310804573e-03,1.057916321150064549e-03,9.926520313595847515e-04,8.435887387421829196e-04,6.157828267416991068e-03,1.004942769939117218e-05,1.693472638213012614e-04,-1.052032193690409197e-04,-3.250275428573812025e-04,-4.453243106292144424e-04,-5.714068509251967300e-04,-1.132786065851235785e-02,-1.158016413805279532e-02,-1.003569165067385270e-03,-1.135864838770889867e-03,-1.229293811563065024e-03,-1.427459419031645383e-03,-1.424455068476582946e-03,-1.480226237204300757e-03,-1.401611804538506652e-03,-1.205188302783062560e-03
czi,7.994999999999999885e-01,5.783599999999999852e-01,4.895300000000000207e-01,4.349999999999999978e-01,3.968499999999999805e-01,3.673699999999999743e-01,3.461699999999999777e-01,3.326299999999999812e-01,3.489200000000000079e-01,2.969100000000000072e-01,2.702200000000000157e-01,2.502800000000000025e-01,2.341999999999999915e-01,2.197699999999999931e-01,2.069600000000000051e-01,1.949700000000000044e-01,1.839099999999999902e-01,1.839200000000000002e-01,1.950000000000000067e-01,2.070200000000000096e-01,2.198599999999999999e-01,2.343300000000000105e-01,2.504700000000000260e-01,2.704699999999999882e-01,2.972299999999999942e-01,3.492799999999999794e-01,3.331100000000000172e-01,3.467399999999999927e-01,3.680100000000000038e-01,3.975099999999999745e-01,4.357199999999999962e-01,4.903500000000000081e-01,5.795000000000000151e-01,8.007199999999999873e-01,1.778399999999999981e-01,1.035399999999999932e-01,1.095700000000000007e-01,1.150000000000000050e-01,1.183300000000000046e-01,1.205100000000000060e-01,1.215600000000000014e-01,1.219599999999999990e-01,1.210100000000000064e-01,1.196300000000000002e-01,1.176399999999999946e-01,1.155999999999999944e-01,1.130000000000000032e-01,1.103599999999999998e-01,1.077499999999999986e-01,1.051099999999999951e-01,1.022200000000000053e-01,1.022399999999999975e-01,1.051799999999999957e-01,1.078400000000000053e-01,1.104600000000000026e-01,1.131000000000000061e-01,1.156900000000000012e-01,1.176999999999999991e-01,1.196699999999999986e-01,1.210799999999999932e-01,1.220399999999999957e-01,1.216499999999999942e-01,1.205999999999999989e-01,1.184299999999999936e-01,1.151500000000000024e-01,1.098699999999999954e-01,1.038599999999999940e-01,1.785499999999999865e-01,-1.863000000000000073e-02,-6.400000000000000524e-04,2.000000000000000096e-04,6.999999999999999929e-04,1.129999999999999928e-03,1.510000000000000057e-03,2.050000000000000173e-03,2.609999999999999907e-03,3.609999999999999928e-03,4.309999999999999595e-03,5.349999999999999721e-03,6.300000000000000044e-03,8.030000000000000679e-03,9.140000000000000555e-03,1.234999999999999987e-02,1.851999999999999827e-02,3.925000000000000017e-02,1.145999999999999970e-02,3.000000000000000076e-05,3.699999999999999947e-04,-2.300000000000000070e-04,-7.900000000000000121e-04,-1.180000000000000059e-03,-1.660000000000000017e-03,-3.658000000000000140e-02,-4.168999999999999789e-02,-4.089999999999999886e-03,-5.320000000000000076e-03,-6.769999999999999976e-03,-9.539999999999999869e-03,-1.209000000000000005e-02,-1.723999999999999838e-02,-2.606999999999999942e-02,-5.577000000000000013e-02,-1.868999999999999828e-02,-6.400000000000000524e-04,2.000000000000000096e-04,6.899999999999999667e-04,1.129999999999999928e-03,1.510000000000000057e-03,2.050000000000000173e-03,2.609999999999999907e-03,3.599999999999999901e-03,4.309999999999999595e-03,5.360000000000000181e-03,6.300000000000000044e-03,8.030000000000000679e-03,9.150000000000000147e-03,1.234999999999999987e-02,1.851999999999999827e-02,3.917000000000000343e-02,1.152000000000000073e-02,2.000000000000000164e-05,3.600000000000000227e-04,-2.400000000000000061e-04,-8.000000000000000383e-04,-1.190000000000000085e-03,-1.670000000000000043e-03,-3.652999999999999997e-02,-4.164999999999999952e-02,-4.080000000000000293e-03,-5.309999999999999616e-03,-6.760000000000000384e-03,-9.530000000000000276e-03,-1.209999999999999964e-02,-1.728000000000000022e-02,-2.614999999999999963e-02,-5.596000000000000280e-02
czi*c/cref,4.622946519243160274e-02,8.362150996721269547e-02,1.131164512357620000e-01,1.381385720253540117e-01,1.603463042524781446e-01,1.802082216802081138e-01,1.997483049586874504e-01,2.207040385231607005e-01,2.616899393674839147e-01,2.483615114338481034e-01,2.494065534970913989e-01,2.526485551972763588e-01,2.566719623095545799e-01,2.598647765535735399e-01,2.626173620441700773e-01,2.642654208652870929e-01,2.651806027385072428e-01,2.651950217805787990e-01,2.643060833396470022e-01,2.626934977308856278e-01,2.599711961280824490e-01,2.568144360717247165e-01,2.528403532853676361e-01,2.496372974774565268e-01,2.486291874422642267e-01,2.619599393049260039e-01,2.210225243437154430e-01,2.000772084853548738e-01,1.805221647399989082e-01,1.606129756920816054e-01,1.383672151790511506e-01,1.133059298989967795e-01,8.378633554533466976e-02,4.630000921686533433e-02,2.387934097327595179e-02,1.507967629757268023e-02,1.720334916975227793e-02,1.936308054608884555e-02,2.126879815829514284e-02,2.303044409164872741e-02,2.461285248080340854e-02,2.608013398514041209e-02,2.725247746698853876e-02,2.830149672578852540e-02,2.916789906211791905e-02,2.997609620572376510e-02,3.058633860372135874e-02,3.112619209309728727e-02,3.161483129869525205e-02,3.203499267724914390e-02,3.231610183593562613e-02,3.232242468896554671e-02,3.205632698880282738e-02,3.164123811834149147e-02,3.115439632659955035e-02,3.061340616000783957e-02,2.999943399688739451e-02,2.918277558323086746e-02,2.831095973564417417e-02,2.726824206018487948e-02,2.609724132130646079e-02,2.463107522449600739e-02,2.304764382584711946e-02,2.128677229685534827e-02,1.938833673810548205e-02,1.725045152213820071e-02,1.512628143969382485e-02,2.397467572412517386e-02,-9.958362901213414775e-03,-3.215816863805175097e-04,9.408181323405625032e-05,3.068427231597026803e-04,4.591014042860508794e-04,5.650753857563981311e-04,7.014275714950019480e-04,8.093544023738640219e-04,1.003706903682367044e-03,1.060142917019713232e-03,1.144421259401932293e-03,1.145643640953743865e-03,1.202780601765384349e-03,1.075993332717022251e-03,1.057916321150064549e-03,9.926520313595847515e-04,8.453116669806146847e-04,6.125756245190860233e-03,1.507414154908675742e-05,1.740513544830040577e-04,-1.008197518953308803e-04,-3.209646985716639199e-04,-4.415820895314899030e-04,-5.679852530154649339e-04,-1.134336553212105317e-02,-1.159128554418777969e-02,-1.006028893413138565e-03,-1.138003943928650582e-03,-1.231112293532832724e-03,-1.428957277813420502e-03,-1.423277832882800624e-03,-1.476799787581142658e-03,-1.397323890796132615e-03,-1.201096348216786807e-03,-9.990434923439544743e-03,-3.215816863805175097e-04,9.408181323405625032e-05,3.024592556859926002e-04,4.591014042860508794e-04,5.650753857563981311e-04,7.014275714950019480e-04,8.093544023738640219e-04,1.000926552148620951e-03,1.060142917019713232e-03,1.146560364559693007e-03,1.145643640953743865e-03,1.202780601765384349e-03,1.077170568310804573e-03,1.057916321150064549e-03,9.926520313595847515e-04,8.435887387421829196e-04,6.157828267416991068e-03,1.004942769939117218e-05,1.693472638213012614e-04,-1.052032193690409197e-04,-3.250275428573812025e-04,-4.453243106292144424e-04,-5.714068509251967300e-04,-1.132786065851235785e-02,-1.158016413805279532e-02,-1.003569165067385270e-03,-1.135864838770889867e-03,-1.229293811563065024e-03,-1.427459419031645383e-03,-1.424455068476582946e-03,-1.480226237204300757e-03,-1.401611804538506652e-03,-1.205188302783062560e-03
czo,0.000000000000000000e+00,0.000000000000000000e+00,0.000000000000000000e+00,0.000000000000000000e+00,0.000000000000000000e+00,0.000000000000000000e+00,0.000000000000000000e+00,0.000000000000000000e+00,0.000000000000000000e+00,0.000000000000000000e+00,0.000000000000000000e+00,0.000000000000000000e+00,0.000000000000000000e+00,0.000000000000000000e+00,0.000000000000000000e+00,0.000000000000000000e+00,0.000000000000000000e+00,0.000000000000000000e+00,0.000000000000000000e+00,0.000000000000000000e+00,0.000000000000000000e+00,0.000000000000000000e+00,0.000000000000000000e+00,0.000000000000000000e+00,0.000000000000000000e+00,0.000000000000000000e+00,0.000000000000000000e+00,0.000000000000000000e+00,0.000000000000000000e+00,0.000000000000000000e+00,0.000000000000000000e+00,0.000000000000000000e+00,0.000000000000000000e+00,0.000000000000000000e+00,0.000000000000000000e+00,0.000000000000000000e+00,0.000000000000000000e+00,0.000000000000000000e+00,0.000000000000000000e+00,0.000000000000000000e+00,0.000000000000000000e+00,0.000000000000000000e+00,0.000000000000000000e+00,0.000000000000000000e+00,0.000000000000000000e+00,0.000000000000000000e+00,0.000000000000000000e+00,0.000000000000000000e+00,0.000000000000000000e+00,0.000000000000000000e+00,0.000000000000000000e+00,0.000000000000000000e+00,0.000000000000000000e+00,0.000000000000000000e+00,0.000000000000000000e+00,0.000000000000000000e+00,0.000000000000000000e+00,0.000000000000000000e+00,0.000000000000000000e+00,0.000000000000000000e+00,0.000000000000000000e+00,0.000000000000000000e+00,0.000000000000000000e+00,0.000000000000000000e+00,0.000000000000000000e+00,0.000000000000000000e+00,0.000000000000000000e+00,0.000000000000000000e+00,0.000000000000000000e+00,0.000000000000000000e+00,0.000000000000000000e+00,0.000000000000000000e+00,0.000000000000000000e+00,0.000000000000000000e+00,0.000000000000000000e+00,0.000000000000000000e+00,0.000000000000000000e+00,0.000000000000000000e+00,0.000000000000000000e+00,0.000000000000000000e+00,0.000000000000000000e+00,0.000000000000000000e+00,0.000000000000000000e+00,0.000000000000000000e+00,0.000000000000000000e+00,0.000000000000000000e+00,0.000000000000000000e+00,0.000000000000000000e+00,0.000000000000000000e+00,0.000000000000000000e+00,0.000000000000000000e+00,0.000000000000000000e+00,0.000000000000000000e+00,0.000000000000000000e+00,0.000000000000000000e+00,0.000000000000000000e+00,0.000000000000000000e+00,0.000000000000000000e+00,0.000000000000000000e+00,0.000000000000000000e+00,0.000000000000000000e+00,0.000000000000000000e+00,0.000000000000000000e+00,0.000000000000000000e+00,0.000000000000000000e+00,0.000000000000000000e+00,0.000000000000000000e+00,0.000000000000000000e+00,0.000000000000000000e+00,0.000000000000000000e+00,0.000000000000000000e+00,0.000000000000000000e+00,0.000000000000000000e+00,0.000000000000000000e+00,0.000000000000000000e+00,0.000000000000000000e+00,0.000000000000000000e+00,0.000000000000000000e+00,0.000000000000000000e+00,0.000000000000000000e+00,0.000000000000000000e+00,0.000000000000000000e+00,0.000000000000000000e+00,0.000000000000000000e+00,0.000000000000000000e+00,0.000000000000000000e+00,0.000000000000000000e+00,0.000000000000000000e+00,0.000000000000000000e+00,0.000000000000000000e+00,0.000000000000000000e+00,0.000000000000000000e+00,0.000000000000000000e+00,0.000000000000000000e+00,0.000000000000000000e+00,0.000000000000000000e+00
czo*c/cref,0.000000000000000000e+00,0.000000000000000000e+00,0.000000000000000000e+00,0.000000000000000000e+00,0.000000000000000000e+00,0.000000000000000000e+00,0.000000000000000000e+00,0.000000000000000000e+00,0.000000000000000000e+00,0.000000000000000000e+00,0.000000000000000000e+00,0.000000000000000000e+00,0.000000000000000000e+00,0.000000000000000000e+00,0.000000000000000000e+00,0.000000000000000000e+00,0.000000000000000000e+00,0.000000000000000000e+00,0.000000000000000000e+00,0.000000000000000000e+00,0.000000000000000000e+00,0.000000000000000000e+00,0.000000000000000000e+00,0.000000000000000000e+00,0.000000000000000000e+00,0.000000000000000000e+00,0.000000000000000000e+00,0.000000000000000000e+00,0.000000000000000000e+00,0.000000000000000000e+00,0.000000000000000000e+00,0.000000000000000000e+00,0.000000000000000000e+00,0.000000000000000000e+00,0.000000000000000000e+00,0.000000000000000000e+00,0.000000000000000000e+00,0.000000000000000000e+00,0.000000000000000000e+00,0.000000000000000000e+00,0.000000000000000000e+00,0.000000000000000000e+00,0.000000000000000000e+00,0.000000000000000000e+00,0.000000000000000000e+00,0.000000000000000000e+00,0.000000000000000000e+00,0.000000000000000000e+00,0.000000000000000000e+00,0.000000000000000000e+00,0.000000000000000000e+00,0.000000000000000000e+00,0.000000000000000000e+00,0.000000000000000000e+00,0.000000000000000000e+00,0.000000000000000000e+00,0.000000000000000000e+00,0.000000000000000000e+00,0.000000000000000000e+00,0.000000000000000000e+00,0.000000000000000000e+00,0.000000000000000000e+00,0.000000000000000000e+00,0.000000000000000000e+00,0.000000000000000000e+00,0.000000000000000000e+00,0.000000000000000000e+00,0.000000000000000000e+00,0.000000000000000000e+00,0.000000000000000000e+00,0.000000000000000000e+00,0.000000000000000000e+00,0.000000000000000000e+00,0.000000000000000000e+00,0.000000000000000000e+00,0.000000000000000000e+00,0.000000000000000000e+00,0.000000000000000000e+00,0.000000000000000000e+00,0.000000000000000000e+00,0.000000000000000000e+00,0.000000000000000000e+00,0.000000000000000000e+00,0.000000000000000000e+00,0.000000000000000000e+00,0.000000000000000000e+00,0.000000000000000000e+00,0.000000000000000000e+00,0.000000000000000000e+00,0.000000000000000000e+00,0.000000000000000000e+00,0.000000000000000000e+00,0.000000000000000000e+00,0.000000000000000000e+00,0.000000000000000000e+00,0.000000000000000000e+00,0.000000000000000000e+00,0.000000000000000000e+00,0.000000000000000000e+00,0.000000000000000000e+00,0.000000000000000000e+00,0.000000000000000000e+00,0.000000000000000000e+00,0.000000000000000000e+00,0.000000000000000000e+00,0.000000000000000000e+00,0.000000000000000000e+00,0.000000000000000000e+00,0.000000000000000000e+00,0.000000000000000000e+00,0.000000000000000000e+00,0.000000000000000000e+00,0.000000000000000000e+00,0.000000000000000000e+00,0.000000000000000000e+00,0.000000000000000000e+00,0.000000000000000000e+00,0.000000000000000000e+00,0.000000000000000000e+00,0.000000000000000000e+00,0.000000000000000000e+00,0.000000000000000000e+00,0.000000000000000000e+00,0.000000000000000000e+00,0.000000000000000000e+00,0.000000000000000000e+00,0.000000000000000000e+00,0.000000000000000000e+00,0.000000000000000000e+00,0.000000000000000000e+00,0.000000000000000000e+00,0.000000000000000000e+00,0.000000000000000000e+00,0.000000000000000000e+00,0.000000000000000000e+00,0.000000000000000000e+00
dArea,7.919899999999999718e-01,1.980350000000000055e+00,3.164979999999999905e+00,4.349599999999999689e+00,5.534220000000000361e+00,6.718849999999999767e+00,7.903470000000000439e+00,9.088089999999999336e+00,1.027271000000000001e+01,1.145734000000000030e+01,1.264195999999999920e+01,1.382657999999999987e+01,1.501121000000000016e+01,1.619583000000000084e+01,1.738044999999999973e+01,1.856506999999999863e+01,1.974970000000000070e+01,1.974970000000000070e+01,1.856506999999999863e+01,1.738044999999999973e+01,1.619583000000000084e+01,1.501121000000000016e+01,1.382657999999999987e+01,1.264195999999999920e+01,1.145734000000000030e+01,1.027271000000000001e+01,9.088089999999999336e+00,7.903470000000000439e+00,6.718849999999999767e+00,5.534220000000000361e+00,4.349599999999999689e+00,3.164979999999999905e+00,1.980350000000000055e+00,7.919899999999999718e-01,9.192900000000000515e-01,9.971100000000000518e-01,1.074929999999999941e+00,1.152760000000000007e+00,1.230580000000000007e+00,1.308400000000000007e+00,1.386220000000000008e+00,1.464040000000000008e+00,1.541860000000000008e+00,1.619680000000000009e+00,1.697500000000000009e+00,1.775320000000000009e+00,1.853140000000000009e+00,1.930960000000000010e+00,2.008779999999999788e+00,2.086599999999999788e+00,2.164419999999999789e+00,2.164419999999999789e+00,2.086599999999999788e+00,2.008779999999999788e+00,1.930960000000000010e+00,1.853140000000000009e+00,1.775320000000000009e+00,1.697500000000000009e+00,1.619680000000000009e+00,1.541860000000000008e+00,1.464040000000000008e+00,1.386220000000000008e+00,1.308400000000000007e+00,1.230580000000000007e+00,1.152760000000000007e+00,1.074929999999999941e+00,9.971100000000000518e-01,9.192900000000000515e-01,1.764210000000000056e+00,1.658390000000000031e+00,1.552570000000000006e+00,1.446749999999999980e+00,1.340929999999999955e+00,1.235109999999999930e+00,1.129289999999999905e+00,1.023470000000000102e+00,9.176499999999999657e-01,8.118300000000000516e-01,7.060100000000000264e-01,6.001800000000000468e-01,4.943600000000000216e-01,3.885399999999999965e-01,2.827200000000000268e-01,1.769000000000000017e-01,7.108000000000000429e-02,1.764210000000000056e+00,1.658390000000000031e+00,1.552570000000000006e+00,1.446749999999999980e+00,1.340929999999999955e+00,1.235109999999999930e+00,1.129289999999999905e+00,1.023470000000000102e+00,9.176499999999999657e-01,8.118300000000000516e-01,7.060100000000000264e-01,6.001900000000000013e-01,4.943600000000000216e-01,3.885399999999999965e-01,2.827200000000000268e-01,1.769000000000000017e-01,7.108000000000000429e-02,1.764210000000000056e+00,1.658390000000000031e+00,1.552570000000000006e+00,1.446749999999999980e+00,1.340929999999999955e+00,1.235109999999999930e+00,1.129289999999999905e+00,1.023470000000000102e+00,9.176499999999999657e-01,8.118300000000000516e-01,7.060100000000000264e-01,6.001800000000000468e-01,4.943600000000000216e-01,3.885399999999999965e-01,2.827200000000000268e-01,1.769000000000000017e-01,7.108000000000000429e-02,1.764210000000000056e+00,1.658390000000000031e+00,1.552570000000000006e+00,1.446749999999999980e+00,1.340929999999999955e+00,1.235109999999999930e+00,1.129289999999999905e+00,1.023470000000000102e+00,9.176499999999999657e-01,8.118300000000000516e-01,7.060100000000000264e-01,6.001900000000000013e-01,4.943600000000000216e-01,3.885399999999999965e-01,2.827200000000000268e-01,1.769000000000000017e-01,7.108000000000000429e-02
dSpan,9.520600000000000174e-01,9.520600000000000174e-01,9.520600000000000174e-01,9.520600000000000174e-01,9.520600000000000174e-01,9.520600000000000174e-01,9.520600000000000174e-01,9.520600000000000174e-01,9.520600000000000174e-01,9.520600000000000174e-01,9.520600000000000174e-01,9.520600000000000174e-01,9.520600000000000174e-01,9.520600000000000174e-01,9.520600000000000174e-01,9.520600000000000174e-01,9.520600000000000174e-01,9.520600000000000174e-01,9.520600000000000174e-01,9.520600000000000174e-01,9.520600000000000174e-01,9.520600000000000174e-01,9.520600000000000174e-01,9.520600000000000174e-01,9.520600000000000174e-01,9.520600000000000174e-01,9.520600000000000174e-01,9.520600000000000174e-01,9.520600000000000174e-01,9.520600000000000174e-01,9.520600000000000174e-01,9.520600000000000174e-01,9.520600000000000174e-01,9.520600000000000174e-01,4.758800000000000252e-01,4.758800000000000252e-01,4.758800000000000252e-01,4.758800000000000252e-01,4.758800000000000252e-01,4.758800000000000252e-01,4.758800000000000252e-01,4.758800000000000252e-01,4.758800000000000252e-01,4.758800000000000252e-01,4.758800000000000252e-01,4.758800000000000252e-01,4.758800000000000252e-01,4.758800000000000252e-01,4.758800000000000252e-01,4.758800000000000252e-01,4.758800000000000252e-01,4.758800000000000252e-01,4.758800000000000252e-01,4.758800000000000252e-01,4.758800000000000252e-01,4.758800000000000252e-01,4.758800000000000252e-01,4.758800000000000252e-01,4.758800000000000252e-01,4.758800000000000252e-01,4.758800000000000252e-01,4.758800000000000252e-01,4.758800000000000252e-01,4.758800000000000252e-01,4.758800000000000252e-01,4.758800000000000252e-01,4.758800000000000252e-01,4.758800000000000252e-01,2.294100000000000028e-01,2.294100000000000028e-01,2.294100000000000028e-01,2.294100000000000028e-01,2.294100000000000028e-01,2.294100000000000028e-01,2.294100000000000028e-01,2.294100000000000028e-01,2.294100000000000028e-01,2.294100000000000028e-01,2.294100000000000028e-01,2.294100000000000028e-01,2.294100000000000028e-01,2.294100000000000028e-01,2.294100000000000028e-01,2.294100000000000028e-01,2.294100000000000028e-01,2.294100000000000028e-01,2.294100000000000028e-01,2.294100000000000028e-01,2.294100000000000028e-01,2.294100000000000028e-01,2.294100000000000028e-01,2.294100000000000028e-01,2.294100000000000028e-01,2.294100000000000028e-01,2.294100000000000028e-01,2.294100000000000028e-01,2.294100000000000028e-01,2.294100000000000028e-01,2.294100000000000028e-01,2.294100000000000028e-01,2.294100000000000028e-01,2.294100000000000028e-01,2.294100000000000028e-01,2.294100000000000028e-01,2.294100000000000028e-01,2.294100000000000028e-01,2.294100000000000028e-01,2.294100000000000028e-01,2.294100000000000028e-01,2.294100000000000028e-01,2.294100000000000028e-01,2.294100000000000028e-01,2.294100000000000028e-01,2.294100000000000028e-01,2.294100000000000028e-01,2.294100000000000028e-01,2.294100000000000028e-01,2.294100000000000028e-01,2.294100000000000028e-01,2.294100000000000028e-01,2.294100000000000028e-01,2.294100000000000028e-01,2.294100000000000028e-01,2.294100000000000028e-01,2.294100000000000028e-01,2.294100000000000028e-01,2.294100000000000028e-01,2.294100000000000028e-01,2.294100000000000028e-01,2.294100000000000028e-01,2.294100000000000028e-01,2.294100000000000028e-01,2.294100000000000028e-01,2.294100000000000028e-01,2.294100000000000028e-01,2.294100000000000028e-01
roverR,inf,inf,inf,inf,inf,inf,inf,inf,inf,inf,inf,inf,inf,inf,inf,inf,inf,inf,inf,inf,inf,inf,inf,inf,inf,inf,inf,inf,inf,inf,inf,inf,inf,inf,inf,inf,inf,inf,inf,inf,inf,inf,inf,inf,inf,inf,inf,inf,inf,inf,inf,inf,inf,inf,inf,inf,inf,inf,inf,inf,inf,inf,inf,inf,inf,inf,inf,inf,inf,inf,inf,inf,inf,inf,inf,inf,inf,inf,inf,inf,inf,inf,inf,inf,inf,inf,inf,inf,inf,inf,inf,inf,inf,inf,inf,inf,inf,inf,inf,inf,inf,inf,inf,inf,inf,inf,inf,inf,inf,inf,inf,inf,inf,inf,inf,inf,inf,inf,inf,inf,inf,inf,inf,inf,inf,inf,inf,inf,inf,inf,inf,inf,inf,inf,inf,inf
Results_Name,CpSlice_Wrapper
Results_Timestamp,1789027906
Results_Date,9,10,2026
Results_Time,11,11,46
CpSlice_Case_ID_Vec,BXCKSYV
Num_Cuts,1
