2 0.000000 100.000000 157.431060
1387 1198 
1 -276.279947 0.000000 -280.179887 99.984770 0.000000 1.745241 0.000609 
2 331.535936 0.000000 -280.179887 99.984770 0.000000 1.745241 0.000609 
3 331.535936 0.000000 285.678573 99.984770 0.000000 1.745241 0.000609 
4 -276.279947 0.000000 285.678573 99.984770 0.000000 1.745241 0.000609 
5 27.627995 0.000000 2.749343 105.318900 0.168220 -9.370523 -0.093347 
6 -276.279947 0.000000 2.749343 99.984770 0.000000 1.745241 0.000609 
7 27.627995 0.000000 -280.179887 99.984770 0.000000 1.745241 0.000609 
8 331.535936 0.000000 2.749343 100.017245 0.016480 -0.106966 -0.000344 
9 27.627995 0.000000 285.678573 99.984770 0.000000 1.745241 0.000609 
10 -124.325976 0.000000 -138.715272 99.984770 0.000000 1.745241 0.000609 
11 -276.279947 0.000000 -138.715272 99.984770 0.000000 1.745241 0.000609 
12 -124.325976 0.000000 -280.179887 99.984770 0.000000 1.745241 0.000609 
13 27.627995 0.000000 -138.715272 99.984770 0.000000 1.745241 0.000609 
14 -124.325976 0.000000 2.749343 99.984770 0.000000 1.745241 0.000609 
15 179.581965 0.000000 -138.715272 99.984770 0.000000 1.745241 0.000609 
16 179.581965 0.000000 -280.179887 99.984770 0.000000 1.745241 0.000609 
17 331.535936 0.000000 -138.715272 99.991402 0.000641 1.739303 0.000475 
18 179.581965 0.000000 2.749343 100.022921 0.007552 -0.382488 -0.000444 
19 -124.325976 0.000000 144.213958 99.984770 0.000000 1.745241 0.000609 
20 -276.279947 0.000000 144.213958 99.984770 0.000000 1.745241 0.000609 
21 27.627995 0.000000 144.213958 99.984770 0.000000 1.745241 0.000609 
22 -124.325976 0.000000 285.678573 99.984770 0.000000 1.745241 0.000609 
23 -48.348991 0.000000 -67.982965 99.984770 0.000000 1.745241 0.000609 
24 -124.325976 0.000000 -67.982965 99.984770 0.000000 1.745241 0.000609 
25 -48.348991 0.000000 -138.715272 99.984770 0.000000 1.745241 0.000609 
26 27.627995 0.000000 -67.982965 99.984770 0.000000 1.745241 0.000609 
27 -48.348991 0.000000 2.749343 99.984770 0.000000 1.745241 0.000609 
28 179.581965 0.000000 144.213958 99.984770 0.000000 1.745241 0.000609 
29 331.535936 0.000000 144.213958 99.979082 -0.002591 1.738187 0.000721 
30 179.581965 0.000000 285.678573 99.984770 0.000000 1.745241 0.000609 
31 103.604980 0.000000 -67.982965 99.984770 0.000000 1.745241 0.000609 
32 103.604980 0.000000 -138.715272 99.984770 0.000000 1.745241 0.000609 
33 179.581965 0.000000 -67.982965 100.013425 0.005201 1.720760 0.000028 
34 103.604980 0.000000 2.749343 100.031194 0.000527 -0.313814 -0.000614 
35 -48.348991 0.000000 73.481651 99.984770 0.000000 1.745241 0.000609 
36 -124.325976 0.000000 73.481651 99.984770 0.000000 1.745241 0.000609 
37 27.627995 0.000000 73.481651 99.984770 0.000000 1.745241 0.000609 
38 -48.348991 0.000000 144.213958 99.984770 0.000000 1.745241 0.000609 
39 -10.360498 0.000000 -32.616811 99.984770 0.000000 1.745241 0.000609 
40 -48.348991 0.000000 -32.616811 99.984770 0.000000 1.745241 0.000609 
41 -10.360498 0.000000 -67.982965 99.984770 0.000000 1.745241 0.000609 
42 27.627995 0.000000 -32.616811 99.984770 0.000000 1.745241 0.000609 
43 -10.360498 0.000000 2.749343 99.984770 0.000000 1.745241 0.000609 
44 103.604980 0.000000 73.481651 99.984770 0.000000 1.745241 0.000609 
45 179.581965 0.000000 73.481651 99.966810 -0.000531 1.715829 0.000959 
46 103.604980 0.000000 144.213958 99.984770 0.000000 1.745241 0.000609 
47 65.616487 0.000000 -32.616811 99.932604 0.002834 1.669400 0.001628 
48 65.616487 0.000000 -67.982965 99.984770 0.000000 1.745241 0.000609 
49 103.604980 0.000000 -32.616811 99.146917 0.008164 0.060539 0.017199 
50 65.616487 0.000000 2.749343 101.146907 -0.004039 -0.725272 -0.022637 
51 -10.360498 0.000000 38.115497 99.984770 0.000000 1.745241 0.000609 
52 -48.348991 0.000000 38.115497 99.984770 0.000000 1.745241 0.000609 
53 27.627995 0.000000 38.115497 99.984770 0.000000 1.745241 0.000609 
54 -10.360498 0.000000 73.481651 99.984770 0.000000 1.745241 0.000609 
55 8.633748 0.000000 -14.933734 99.984770 0.000000 1.745241 0.000609 
56 -10.360498 0.000000 -14.933734 99.984770 0.000000 1.745241 0.000609 
57 8.633748 0.000000 -32.616811 99.984770 0.000000 1.745241 0.000609 
58 27.627995 0.000000 -14.933734 100.455765 0.007787 2.527718 -0.008445 
59 8.633748 0.000000 2.749343 99.584643 0.058091 4.166186 0.010099 
60 -200.302961 0.000000 -67.982965 99.984770 0.000000 1.745241 0.000609 
61 -276.279947 0.000000 -67.982965 99.984770 0.000000 1.745241 0.000609 
62 -200.302961 0.000000 -138.715272 99.984770 0.000000 1.745241 0.000609 
63 -200.302961 0.000000 2.749343 99.984770 0.000000 1.745241 0.000609 
64 -86.337483 0.000000 -32.616811 99.984770 0.000000 1.745241 0.000609 
65 -124.325976 0.000000 -32.616811 99.984770 0.000000 1.745241 0.000609 
66 -86.337483 0.000000 -67.982965 99.984770 0.000000 1.745241 0.000609 
67 -86.337483 0.000000 2.749343 99.984770 0.000000 1.745241 0.000609 
68 -29.354744 0.000000 -14.933734 99.984770 0.000000 1.745241 0.000609 
69 -48.348991 0.000000 -14.933734 99.984770 0.000000 1.745241 0.000609 
70 -29.354744 0.000000 -32.616811 99.984770 0.000000 1.745241 0.000609 
71 -29.354744 0.000000 2.749343 99.984770 0.000000 1.745241 0.000609 
72 65.616487 0.000000 38.115497 99.994385 0.000666 1.761084 0.000423 
73 103.604980 0.000000 38.115497 100.485156 -0.001853 0.832758 -0.009590 
74 65.616487 0.000000 73.481651 99.984770 0.000000 1.745241 0.000609 
75 8.633748 0.000000 20.432420 99.984770 0.000000 1.745241 0.000609 
76 -10.360498 0.000000 20.432420 99.984770 0.000000 1.745241 0.000609 
77 27.627995 0.000000 20.432420 99.984770 0.000000 1.745241 0.000609 
78 8.633748 0.000000 38.115497 99.984770 0.000000 1.745241 0.000609 
79 -0.863375 0.000000 -6.092195 99.984770 0.000000 1.745241 0.000609 
80 -10.360498 0.000000 -6.092195 99.984770 0.000000 1.745241 0.000609 
81 -0.863375 0.000000 -14.933734 99.984770 0.000000 1.745241 0.000609 
82 8.633748 0.000000 -6.092195 99.984770 0.000000 1.745241 0.000609 
83 -0.863375 0.000000 2.749343 99.984770 0.000000 1.745241 0.000609 
84 46.622241 0.000000 -14.933734 99.099446 0.011074 0.153116 0.018166 
85 46.622241 0.000000 -32.616811 99.984770 0.000000 1.745241 0.000609 
86 65.616487 0.000000 -14.933734 99.582103 0.004619 0.549921 0.008421 
87 46.622241 0.000000 2.749343 97.066807 -0.046063 0.465565 0.060282 
88 18.130872 0.000000 -6.092195 100.071805 0.015237 2.498089 -0.000812 
89 18.130872 0.000000 -14.933734 99.984770 0.000000 1.745241 0.000609 
90 27.627995 0.000000 -6.092195 99.997345 0.057662 1.823117 0.000386 
91 18.130872 0.000000 2.749343 101.264645 -0.101631 3.921291 -0.023504 
92 -200.302961 0.000000 73.481651 99.984770 0.000000 1.745241 0.000609 
93 -276.279947 0.000000 73.481651 99.984770 0.000000 1.745241 0.000609 
94 -200.302961 0.000000 144.213958 99.984770 0.000000 1.745241 0.000609 
95 -86.337483 0.000000 38.115497 99.984770 0.000000 1.745241 0.000609 
96 -124.325976 0.000000 38.115497 99.984770 0.000000 1.745241 0.000609 
97 -86.337483 0.000000 73.481651 99.984770 0.000000 1.745241 0.000609 
98 -29.354744 0.000000 20.432420 99.984770 0.000000 1.745241 0.000609 
99 -48.348991 0.000000 20.432420 99.984770 0.000000 1.745241 0.000609 
100 -29.354744 0.000000 38.115497 99.984770 0.000000 1.745241 0.000609 
101 -0.863375 0.000000 11.590882 99.984770 0.000000 1.745241 0.000609 
102 -10.360498 0.000000 11.590882 99.984770 0.000000 1.745241 0.000609 
103 8.633748 0.000000 11.590882 99.984770 0.000000 1.745241 0.000609 
104 -0.863375 0.000000 20.432420 99.984770 0.000000 1.745241 0.000609 
105 3.885187 0.000000 -1.671426 86.825466 0.549451 -3.946964 0.295289 
106 -0.863375 0.000000 -1.671426 99.984770 0.000000 1.745241 0.000609 
107 3.885187 0.000000 -6.092195 99.984770 0.000000 1.745241 0.000609 
108 8.633748 0.000000 -1.671426 94.312501 -0.411097 2.103113 0.120160 
109 3.885187 0.000000 2.749343 99.984770 0.000000 1.745241 0.000609 
110 -19.857621 0.000000 -6.092195 99.984770 0.000000 1.745241 0.000609 
111 -29.354744 0.000000 -6.092195 99.984770 0.000000 1.745241 0.000609 
112 -19.857621 0.000000 -14.933734 99.984770 0.000000 1.745241 0.000609 
113 -19.857621 0.000000 2.749343 99.984770 0.000000 1.745241 0.000609 
114 -5.611936 0.000000 -1.671426 99.984770 0.000000 1.745241 0.000609 
115 -10.360498 0.000000 -1.671426 99.984770 0.000000 1.745241 0.000609 
116 -5.611936 0.000000 -6.092195 99.984770 0.000000 1.745241 0.000609 
117 -5.611936 0.000000 2.749343 99.984770 0.000000 1.745241 0.000609 
118 46.622241 0.000000 20.432420 100.116019 -0.039947 1.454471 -0.002107 
119 65.616487 0.000000 20.432420 100.685219 -0.007323 0.429290 -0.013597 
120 46.622241 0.000000 38.115497 99.984770 0.000000 1.745241 0.000609 
121 18.130872 0.000000 11.590882 99.984770 0.000000 1.745241 0.000609 
122 27.627995 0.000000 11.590882 100.182861 0.036591 1.450064 -0.003442 
123 18.130872 0.000000 20.432420 99.984770 0.000000 1.745241 0.000609 
124 3.885187 0.000000 7.170112 99.984770 0.000000 1.745241 0.000609 
125 -0.863375 0.000000 7.170112 99.984770 0.000000 1.745241 0.000609 
126 8.633748 0.000000 7.170112 99.984770 0.000000 1.745241 0.000609 
127 3.885187 0.000000 11.590882 99.984770 0.000000 1.745241 0.000609 
128 1.510906 0.000000 0.538958 99.984770 0.000000 1.745241 0.000609 
129 -0.863375 0.000000 0.538958 99.984770 0.000000 1.745241 0.000609 
130 1.510906 0.000000 -1.671426 99.984770 0.000000 1.745241 0.000609 
131 3.885187 0.000000 0.538958 82.746553 0.466123 25.873255 0.499820 
132 1.510906 0.000000 2.749343 99.984770 0.000000 1.745241 0.000609 
133 -19.857621 0.000000 11.590882 99.984770 0.000000 1.745241 0.000609 
134 -29.354744 0.000000 11.590882 99.984770 0.000000 1.745241 0.000609 
135 -19.857621 0.000000 20.432420 99.984770 0.000000 1.745241 0.000609 
136 -5.611936 0.000000 7.170112 99.984770 0.000000 1.745241 0.000609 
137 -10.360498 0.000000 7.170112 99.984770 0.000000 1.745241 0.000609 
138 -5.611936 0.000000 11.590882 99.984770 0.000000 1.745241 0.000609 
139 -3.237656 0.000000 0.538958 99.984770 0.000000 1.745241 0.000609 
140 -5.611936 0.000000 0.538958 99.984770 0.000000 1.745241 0.000609 
141 -3.237656 0.000000 -1.671426 99.984770 0.000000 1.745241 0.000609 
142 -3.237656 0.000000 2.749343 99.984770 0.000000 1.745241 0.000609 
143 -48.348991 0.000000 -209.447580 99.984770 0.000000 1.745241 0.000609 
144 -124.325976 0.000000 -209.447580 99.984770 0.000000 1.745241 0.000609 
145 -48.348991 0.000000 -280.179887 99.984770 0.000000 1.745241 0.000609 
146 27.627995 0.000000 -209.447580 99.984770 0.000000 1.745241 0.000609 
147 -10.360498 0.000000 -103.349118 99.984770 0.000000 1.745241 0.000609 
148 -48.348991 0.000000 -103.349118 99.984770 0.000000 1.745241 0.000609 
149 -10.360498 0.000000 -138.715272 99.984770 0.000000 1.745241 0.000609 
150 27.627995 0.000000 -103.349118 99.984770 0.000000 1.745241 0.000609 
151 8.633748 0.000000 -50.299888 99.984770 0.000000 1.745241 0.000609 
152 -10.360498 0.000000 -50.299888 99.984770 0.000000 1.745241 0.000609 
153 8.633748 0.000000 -67.982965 99.984770 0.000000 1.745241 0.000609 
154 27.627995 0.000000 -50.299888 99.984770 0.000000 1.745241 0.000609 
155 -0.863375 0.000000 -23.775272 99.984770 0.000000 1.745241 0.000609 
156 -10.360498 0.000000 -23.775272 99.984770 0.000000 1.745241 0.000609 
157 -0.863375 0.000000 -32.616811 99.984770 0.000000 1.745241 0.000609 
158 8.633748 0.000000 -23.775272 99.984770 0.000000 1.745241 0.000609 
159 3.885187 0.000000 -10.512965 99.984770 0.000000 1.745241 0.000609 
160 -0.863375 0.000000 -10.512965 99.984770 0.000000 1.745241 0.000609 
161 3.885187 0.000000 -14.933734 99.984770 0.000000 1.745241 0.000609 
162 8.633748 0.000000 -10.512965 99.984770 0.000000 1.745241 0.000609 
163 1.510906 0.000000 -3.881811 99.984770 0.000000 1.745241 0.000609 
164 -0.863375 0.000000 -3.881811 99.984770 0.000000 1.745241 0.000609 
165 1.510906 0.000000 -6.092195 99.984770 0.000000 1.745241 0.000609 
166 3.885187 0.000000 -3.881811 99.984770 0.000000 1.745241 0.000609 
167 0.323766 0.000000 -0.566234 61.947289 0.518605 13.236410 0.979544 
168 -0.863375 0.000000 -0.566234 99.984770 0.000000 1.745241 0.000609 
169 0.323766 0.000000 -1.671426 99.984770 0.000000 1.745241 0.000609 
170 1.510906 0.000000 -0.566234 88.196231 -0.081332 6.423284 0.265717 
171 0.323766 0.000000 0.538958 99.984770 0.000000 1.745241 0.000609 
172 -5.611936 0.000000 -10.512965 99.984770 0.000000 1.745241 0.000609 
173 -10.360498 0.000000 -10.512965 99.984770 0.000000 1.745241 0.000609 
174 -5.611936 0.000000 -14.933734 99.984770 0.000000 1.745241 0.000609 
175 -3.237656 0.000000 -3.881811 99.984770 0.000000 1.745241 0.000609 
176 -5.611936 0.000000 -3.881811 99.984770 0.000000 1.745241 0.000609 
177 -3.237656 0.000000 -6.092195 99.984770 0.000000 1.745241 0.000609 
178 0.323766 0.000000 -2.776618 99.984770 0.000000 1.745241 0.000609 
179 -0.863375 0.000000 -2.776618 99.984770 0.000000 1.745241 0.000609 
180 0.323766 0.000000 -3.881811 99.984770 0.000000 1.745241 0.000609 
181 1.510906 0.000000 -2.776618 99.984770 0.000000 1.745241 0.000609 
182 13.382310 0.000000 -1.671426 96.849194 0.031437 3.436255 0.066143 
183 13.382310 0.000000 -6.092195 101.196755 -0.365189 4.082910 -0.022038 
184 18.130872 0.000000 -1.671426 99.715514 0.187001 2.142794 0.006172 
185 13.382310 0.000000 2.749343 99.134578 0.140959 12.755796 0.034326 
186 6.259468 0.000000 0.538958 94.694138 0.284774 0.014917 0.111253 
187 6.259468 0.000000 -1.671426 87.459560 0.071797 -1.054103 0.277922 
188 8.633748 0.000000 0.538958 92.098852 -0.221634 9.013400 0.179248 
189 6.259468 0.000000 2.749343 99.549527 0.002341 3.543745 0.010321 
190 2.698046 0.000000 -0.566234 86.653998 0.405032 -11.199640 0.314948 
191 2.698046 0.000000 -1.671426 87.232984 0.536400 -8.789843 0.293996 
192 3.885187 0.000000 -0.566234 83.282706 -0.044973 5.198669 0.384434 
193 2.698046 0.000000 0.538958 76.244832 0.588273 23.061603 0.655448 
194 0.917336 0.000000 -1.118830 73.376032 0.157879 -1.520374 0.637165 
195 0.323766 0.000000 -1.118830 68.198711 0.515004 -6.801395 0.783910 
196 0.917336 0.000000 -1.671426 99.984770 0.000000 1.745241 0.000609 
197 1.510906 0.000000 -1.118830 87.203577 -0.129323 -17.945116 0.329388 
198 0.917336 0.000000 -0.566234 64.573170 0.445431 19.528544 0.952202 
199 1.510906 0.000000 4.959728 99.984770 0.000000 1.745241 0.000609 
200 -0.863375 0.000000 4.959728 99.984770 0.000000 1.745241 0.000609 
201 3.885187 0.000000 4.959728 99.984770 0.000000 1.745241 0.000609 
202 1.510906 0.000000 7.170112 99.984770 0.000000 1.745241 0.000609 
203 0.323766 0.000000 1.644151 99.984770 0.000000 1.745241 0.000609 
204 -0.863375 0.000000 1.644151 99.984770 0.000000 1.745241 0.000609 
205 1.510906 0.000000 1.644151 99.984770 0.000000 1.745241 0.000609 
206 0.323766 0.000000 2.749343 99.984770 0.000000 1.745241 0.000609 
207 0.917336 0.000000 -0.013638 64.843521 0.526157 22.792269 0.974548 
208 0.323766 0.000000 -0.013638 57.019029 0.659347 31.000955 1.301378 
209 1.510906 0.000000 -0.013638 63.185055 0.823824 28.811739 1.091671 
210 0.917336 0.000000 0.538958 99.984770 0.000000 1.745241 0.000609 
211 6.259468 0.000000 -3.881811 101.465335 0.005320 3.848329 -0.027477 
212 6.259468 0.000000 -6.092195 99.984770 0.000000 1.745241 0.000609 
213 8.633748 0.000000 -3.881811 102.516844 -0.024790 6.267312 -0.045465 
214 2.698046 0.000000 -2.776618 99.984770 0.000000 1.745241 0.000609 
215 2.698046 0.000000 -3.881811 99.984770 0.000000 1.745241 0.000609 
216 3.885187 0.000000 -2.776618 100.539146 -0.000217 2.086551 -0.010299 
217 5.072327 0.000000 -0.566234 82.349903 0.020077 5.578284 0.408587 
218 5.072327 0.000000 -1.671426 93.142451 3.411843 -1.650320 0.147342 
219 6.259468 0.000000 -0.566234 85.582360 0.118777 -0.478715 0.323402 
220 5.072327 0.000000 0.538958 85.100561 0.095639 20.570427 0.398088 
221 3.291617 0.000000 -1.118830 87.286034 0.535432 -8.968149 0.293145 
222 2.698046 0.000000 -1.118830 86.810937 0.454698 -10.169794 0.307975 
223 3.291617 0.000000 -1.671426 86.752887 0.610385 -7.181032 0.302109 
224 3.885187 0.000000 -1.118830 86.934902 0.558518 -3.855840 0.292538 
225 3.291617 0.000000 -0.566234 91.199256 -0.029713 10.742492 0.204399 
226 2.698046 0.000000 1.644151 99.984770 0.000000 1.745241 0.000609 
227 3.885187 0.000000 1.644151 97.560986 0.030172 5.757488 0.053445 
228 2.698046 0.000000 2.749343 99.984770 0.000000 1.745241 0.000609 
229 13.382310 0.000000 7.170112 98.629096 0.008241 4.181571 0.029591 
230 18.130872 0.000000 7.170112 100.302161 0.043867 1.695199 -0.005741 
231 13.382310 0.000000 11.590882 99.984770 0.000000 1.745241 0.000609 
232 6.259468 0.000000 4.959728 99.984770 0.000000 1.745241 0.000609 
233 8.633748 0.000000 4.959728 99.984770 0.000000 1.745241 0.000609 
234 6.259468 0.000000 7.170112 99.984770 0.000000 1.745241 0.000609 
235 5.072327 0.000000 1.644151 84.904736 0.091386 20.613501 0.403446 
236 6.259468 0.000000 1.644151 86.832349 0.014569 18.470959 0.341511 
237 5.072327 0.000000 2.749343 99.984770 0.000000 1.745241 0.000609 
238 3.291617 0.000000 1.091555 83.029669 0.473402 25.975932 0.492984 
239 2.698046 0.000000 1.091555 76.319461 0.850370 27.280527 0.692673 
240 3.291617 0.000000 0.538958 82.165896 0.380629 24.635118 0.505291 
241 3.885187 0.000000 1.091555 84.879706 0.643525 26.644903 0.448600 
242 3.291617 0.000000 1.644151 99.984770 0.000000 1.745241 0.000609 
243 5.072327 0.000000 -2.776618 103.095096 -0.027607 6.229854 -0.056508 
244 5.072327 0.000000 -3.881811 99.984770 0.000000 1.745241 0.000609 
245 6.259468 0.000000 -2.776618 100.504148 -0.107595 4.139823 -0.008343 
246 11.008029 0.000000 0.538958 95.603917 -0.006785 9.477293 0.101668 
247 11.008029 0.000000 -1.671426 96.393174 -0.033729 1.721168 0.074863 
248 13.382310 0.000000 0.538958 97.861479 -0.191579 6.943827 0.048766 
249 11.008029 0.000000 2.749343 96.372726 0.311279 13.852696 0.096493 
250 7.446608 0.000000 -0.566234 85.217193 0.089647 11.255382 0.350774 
251 7.446608 0.000000 -1.671426 92.239136 -0.152417 0.979234 0.166098 
252 8.633748 0.000000 -0.566234 90.040744 -0.176587 6.884689 0.222750 
253 7.446608 0.000000 0.538958 91.864608 -0.040079 5.941165 0.178886 
254 5.665897 0.000000 -1.118830 91.902306 0.196073 -1.484312 0.173914 
255 5.072327 0.000000 -1.118830 93.132301 -1.027484 -2.202840 0.146551 
256 5.665897 0.000000 -1.671426 91.937192 0.195048 -1.461050 0.173110 
257 6.259468 0.000000 -1.118830 87.579083 0.069709 -1.090767 0.275060 
258 5.665897 0.000000 -0.566234 83.991241 0.302542 23.702949 0.448853 
259 4.478757 0.000000 1.091555 82.298422 0.172856 23.057374 0.489317 
260 4.478757 0.000000 0.538958 81.729593 0.172261 23.498717 0.508055 
261 5.072327 0.000000 1.091555 84.737757 0.098028 20.650281 0.408025 
262 4.478757 0.000000 1.644151 81.699973 0.203066 24.559684 0.517338 
263 7.446608 0.000000 1.644151 91.786300 -0.031662 17.798281 0.216503 
264 8.633748 0.000000 1.644151 99.947861 -0.103560 11.462038 0.014327 
265 7.446608 0.000000 2.749343 102.046829 -0.529716 0.912151 -0.040030 
266 5.665897 0.000000 1.091555 84.314884 0.094895 20.232854 0.416418 
267 5.665897 0.000000 0.538958 98.169190 0.091909 -11.222788 0.050627 
268 6.259468 0.000000 1.091555 86.965276 0.044229 18.066182 0.336010 
269 5.665897 0.000000 1.644151 103.686469 -0.122968 -1.401855 -0.070925 
270 18.130872 0.000000 -23.775272 99.984770 0.000000 1.745241 0.000609 
271 18.130872 0.000000 -32.616811 99.984770 0.000000 1.745241 0.000609 
272 27.627995 0.000000 -23.775272 99.984770 0.000000 1.745241 0.000609 
273 13.382310 0.000000 -10.512965 99.984770 0.000000 1.745241 0.000609 
274 13.382310 0.000000 -14.933734 99.984770 0.000000 1.745241 0.000609 
275 18.130872 0.000000 -10.512965 100.662301 0.000456 2.805384 -0.012390 
276 11.008029 0.000000 -3.881811 101.002669 -0.122142 4.171598 -0.018169 
277 11.008029 0.000000 -6.092195 100.924395 -0.021124 3.277551 -0.017279 
278 13.382310 0.000000 -3.881811 99.963574 -0.011019 3.032540 0.001650 
279 7.446608 0.000000 -2.776618 100.799731 -0.000857 4.504528 -0.013888 
280 7.446608 0.000000 -3.881811 101.751255 -0.035315 4.880766 -0.032173 
281 8.633748 0.000000 -2.776618 99.158833 -0.147825 3.999643 0.018599 
282 6.853038 0.000000 -1.118830 87.784546 0.086466 -0.211035 0.269973 
283 6.853038 0.000000 -1.671426 87.726155 0.087322 -0.218133 0.271373 
284 7.446608 0.000000 -1.118830 92.176751 -0.141526 0.740154 0.167463 
285 6.853038 0.000000 -0.566234 90.063047 0.003516 13.067626 0.238434 
286 9.820889 0.000000 -0.566234 95.096138 -0.284644 1.690325 0.102806 
287 9.820889 0.000000 -1.671426 95.220328 -0.167381 1.427548 0.100006 
288 11.008029 0.000000 -0.566234 95.811317 -0.073001 1.310317 0.087189 
289 9.820889 0.000000 0.538958 92.165568 0.087446 11.830971 0.185053 
290 9.820889 0.000000 -2.776618 99.025147 -0.624602 2.201070 0.020214 
291 9.820889 0.000000 -3.881811 101.284516 -0.299835 5.144797 -0.022813 
292 11.008029 0.000000 -2.776618 98.726755 0.230980 2.292333 0.026319 
293 37.125118 0.000000 -6.092195 98.000550 0.124329 -2.625751 0.041466 
294 37.125118 0.000000 -14.933734 99.825722 0.004173 1.523783 0.003725 
295 46.622241 0.000000 -6.092195 98.950625 0.053058 -0.374853 0.021209 
296 37.125118 0.000000 2.749343 102.041991 -0.101094 -3.233861 -0.039055 
297 22.879433 0.000000 -1.671426 100.712899 0.059029 -1.026278 -0.014058 
298 22.879433 0.000000 -6.092195 99.670862 -0.009818 1.431232 0.006810 
299 27.627995 0.000000 -1.671426 99.574839 0.196530 -3.396941 0.009710 
300 22.879433 0.000000 2.749343 105.069217 -0.048031 -8.717391 -0.089832 
301 15.756591 0.000000 0.538958 99.376611 0.025694 2.701162 0.013284 
302 15.756591 0.000000 -1.671426 100.292635 -0.115533 2.051428 -0.005418 
303 18.130872 0.000000 0.538958 100.094818 0.082178 -0.040397 -0.001894 
304 15.756591 0.000000 2.749343 99.937183 0.060838 12.443435 0.016944 
305 12.195170 0.000000 -0.566234 97.192108 0.051616 2.392044 0.058240 
306 12.195170 0.000000 -1.671426 97.224584 0.051760 2.422517 0.057572 
307 13.382310 0.000000 -0.566234 96.836677 0.031366 3.396379 0.066379 
308 12.195170 0.000000 0.538958 99.103420 -0.133588 6.697121 0.022701 
309 10.414459 0.000000 -1.118830 95.720413 -0.054900 0.831860 0.089031 
310 9.820889 0.000000 -1.118830 95.265453 -0.167862 1.462868 0.099038 
311 10.414459 0.000000 -1.671426 95.911806 -0.064019 1.489096 0.085084 
312 11.008029 0.000000 -1.118830 96.475465 -0.028673 1.769102 0.073128 
313 10.414459 0.000000 -0.566234 95.562810 -0.058003 0.380683 0.092369 
314 15.756591 0.000000 -3.881811 100.077737 0.086249 3.264391 -0.000489 
315 15.756591 0.000000 -6.092195 100.192392 0.122840 2.598754 -0.003167 
316 18.130872 0.000000 -3.881811 99.799378 -0.018989 1.952314 0.004404 
317 12.195170 0.000000 -2.776618 98.157500 0.114910 1.370921 0.037683 
318 12.195170 0.000000 -3.881811 99.975565 0.177750 2.997575 0.001392 
319 13.382310 0.000000 -2.776618 98.406922 0.086152 1.704486 0.032641 
320 10.414459 0.000000 -2.224022 96.124153 -0.063873 1.865375 0.080670 
321 9.820889 0.000000 -2.224022 95.096138 -0.284644 1.690325 0.102806 
322 10.414459 0.000000 -2.776618 99.964387 0.245569 4.318222 0.002588 
323 11.008029 0.000000 -2.224022 96.124153 -0.063873 1.865375 0.080670 
324 11.601599 0.000000 -1.118830 97.096138 0.077121 1.468666 0.059875 
325 11.601599 0.000000 -1.671426 97.293543 0.061495 1.980772 0.055912 
326 12.195170 0.000000 -1.118830 97.223765 0.049561 2.521563 0.057642 
327 11.601599 0.000000 -0.566234 96.821295 0.094523 1.026583 0.065559 
328 10.711244 0.000000 -1.395128 95.875702 -0.065064 1.425038 0.085839 
329 10.414459 0.000000 -1.395128 95.880283 0.151636 1.338065 0.085716 
330 10.711244 0.000000 -1.671426 95.870196 -0.065655 1.415235 0.085954 
331 11.008029 0.000000 -1.395128 96.462207 -0.026424 1.764619 0.073409 
332 10.711244 0.000000 -1.118830 95.638836 -0.055037 0.605685 0.090753 
333 11.008029 0.000000 4.959728 100.164374 0.044067 2.542644 -0.002638 
334 13.382310 0.000000 4.959728 100.707080 0.203134 2.021045 -0.013642 
335 11.008029 0.000000 7.170112 99.984770 0.000000 1.745241 0.000609 
336 9.820889 0.000000 1.644151 93.765333 0.322635 15.137940 0.159285 
337 11.008029 0.000000 1.644151 96.137915 0.214706 11.299370 0.094330 
338 9.820889 0.000000 2.749343 100.206384 -0.029449 4.902599 -0.001726 
339 9.820889 0.000000 3.854535 100.476595 -0.098003 2.221321 -0.009001 
340 8.633748 0.000000 3.854535 97.668659 0.101672 6.699251 0.052447 
341 11.008029 0.000000 3.854535 102.347770 0.013597 0.324806 -0.045888 
342 9.820889 0.000000 4.959728 98.465214 0.009635 4.656828 0.033405 
343 9.227319 0.000000 2.196747 94.907264 0.236539 12.245736 0.124009 
344 8.633748 0.000000 2.196747 102.808607 -0.345986 0.242659 -0.054639 
345 9.227319 0.000000 1.644151 95.047246 0.219423 11.891080 0.119894 
346 9.820889 0.000000 2.196747 94.474855 0.308958 14.730898 0.141667 
347 9.227319 0.000000 2.749343 94.958451 0.229832 12.116040 0.122499 
348 12.195170 0.000000 1.644151 97.980451 0.250116 10.839262 0.053701 
349 13.382310 0.000000 1.644151 98.841409 0.095622 4.315443 0.025352 
350 12.195170 0.000000 2.749343 98.156972 0.261178 12.704090 0.054702 
351 10.414459 0.000000 2.196747 96.033204 0.235488 11.823309 0.097991 
352 10.414459 0.000000 1.644151 96.443682 0.182541 8.329212 0.081159 
353 11.008029 0.000000 2.196747 96.407251 0.278377 12.821748 0.092620 
354 10.414459 0.000000 2.749343 96.014208 0.235590 11.918249 0.098663 
355 7.446608 0.000000 3.854535 99.984770 0.000000 1.745241 0.000609 
356 6.259468 0.000000 3.854535 99.984770 0.000000 1.745241 0.000609 
357 7.446608 0.000000 4.959728 99.984770 0.000000 1.745241 0.000609 
358 9.227319 0.000000 3.301939 101.766875 -0.535228 0.136428 -0.034712 
359 8.633748 0.000000 3.301939 101.600834 0.112560 0.758976 -0.031471 
360 9.820889 0.000000 3.301939 100.269090 0.302273 3.281964 -0.004289 
361 9.227319 0.000000 3.854535 100.849717 0.057308 1.936952 -0.016491 
362 9.524104 0.000000 2.473045 94.815398 0.277072 13.490748 0.129836 
363 9.227319 0.000000 2.473045 94.919123 0.234763 12.215685 0.123659 
364 9.524104 0.000000 2.196747 94.804949 0.282501 13.591424 0.130393 
365 9.820889 0.000000 2.473045 94.460449 0.310583 14.739154 0.142022 
366 9.524104 0.000000 2.749343 93.765333 0.322635 15.137940 0.159285 
367 37.125118 0.000000 11.590882 100.258065 -0.010864 1.043491 -0.005041 
368 46.622241 0.000000 11.590882 99.913164 -0.019085 1.218171 0.001887 
369 37.125118 0.000000 20.432420 99.861666 -0.055723 2.050489 0.003193 
370 22.879433 0.000000 7.170112 100.038851 -0.069338 1.230854 -0.000625 
371 27.627995 0.000000 7.170112 99.929835 -0.284810 1.234440 0.001565 
372 22.879433 0.000000 11.590882 100.064198 -0.049394 1.955976 -0.000901 
373 15.756591 0.000000 4.959728 100.891822 0.060119 0.439871 -0.017666 
374 18.130872 0.000000 4.959728 101.160508 -0.033816 -0.848113 -0.022884 
375 15.756591 0.000000 7.170112 100.556384 -0.081152 1.502205 -0.010846 
376 12.195170 0.000000 3.854535 101.301712 -0.009025 1.221405 -0.025568 
377 13.382310 0.000000 3.854535 98.955223 0.120549 13.902554 0.041292 
378 12.195170 0.000000 4.959728 101.230465 -0.132496 0.877924 -0.024245 
379 14.569450 0.000000 -0.566234 98.039747 -0.078616 3.195598 0.041003 
380 14.569450 0.000000 -1.671426 97.773105 -0.122279 2.998230 0.046421 
381 15.756591 0.000000 -0.566234 100.296839 -0.113083 2.003803 -0.005521 
382 14.569450 0.000000 0.538958 98.636036 -0.089550 3.497673 0.028902 
383 14.569450 0.000000 -2.776618 99.437730 -0.332085 3.326873 0.012442 
384 14.569450 0.000000 -3.881811 100.093580 0.022180 3.390345 -0.000723 
385 15.756591 0.000000 -2.776618 99.355461 -0.041039 2.052422 0.013398 
386 20.505152 0.000000 0.538958 100.868719 0.191115 -0.018701 -0.017227 
387 20.505152 0.000000 -1.671426 101.658080 -0.041890 2.007620 -0.032252 
388 22.879433 0.000000 0.538958 102.488673 -0.055552 0.094809 -0.048584 
389 20.505152 0.000000 2.749343 102.789986 -0.092598 -2.737636 -0.053612 
390 16.943731 0.000000 -0.566234 100.574242 -0.099198 1.220467 -0.011275 
391 16.943731 0.000000 -1.671426 100.574242 -0.099198 1.220467 -0.011275 
392 18.130872 0.000000 -0.566234 100.907258 -0.059634 1.699738 -0.017707 
393 16.943731 0.000000 0.538958 100.250683 -0.002818 2.135684 -0.004549 
394 15.163021 0.000000 -1.118830 99.744664 -0.133668 2.677785 0.005844 
395 14.569450 0.000000 -1.118830 97.997763 -0.085404 3.164530 0.041854 
396 15.163021 0.000000 -1.671426 100.259361 -0.134874 2.428658 -0.004587 
397 15.756591 0.000000 -1.118830 100.296987 -0.113009 2.002058 -0.005524 
398 15.163021 0.000000 -0.566234 99.643508 -0.134819 2.844979 0.007974 
399 14.569450 0.000000 3.854535 99.549343 0.114937 13.143126 0.026771 
400 14.569450 0.000000 2.749343 99.535517 0.123768 12.126977 0.024394 
401 15.756591 0.000000 3.854535 99.926059 0.063731 12.477184 0.017258 
402 14.569450 0.000000 4.959728 100.217923 0.055744 2.165434 -0.003883 
403 20.505152 0.000000 4.959728 99.452705 0.092495 1.384346 0.011198 
404 22.879433 0.000000 4.959728 99.692125 0.394909 0.966568 0.006285 
405 20.505152 0.000000 7.170112 100.405465 0.259296 0.987661 -0.007975 
406 16.943731 0.000000 3.854535 100.481089 -0.041907 9.889875 0.000136 
407 16.943731 0.000000 2.749343 100.481089 -0.041907 9.889875 0.000136 
408 18.130872 0.000000 3.854535 101.293504 -0.117957 4.659618 -0.023456 
409 16.943731 0.000000 4.959728 100.399709 0.386757 0.825772 -0.007882 
410 22.879433 0.000000 -10.512965 100.096750 0.069487 2.081350 -0.001501 
411 22.879433 0.000000 -14.933734 99.984770 0.000000 1.745241 0.000609 
412 27.627995 0.000000 -10.512965 99.941322 0.008938 1.840836 0.001514 
413 20.505152 0.000000 -3.881811 99.666240 -0.076334 1.575453 0.006947 
414 20.505152 0.000000 -6.092195 99.766875 -0.002917 1.822618 0.005007 
415 22.879433 0.000000 -3.881811 99.569625 -0.036026 1.134730 0.008773 
416 19.318012 0.000000 -0.566234 101.120975 -0.041419 1.668857 -0.021911 
417 19.318012 0.000000 -1.671426 101.008618 -0.039951 1.579368 -0.019736 
418 20.505152 0.000000 -0.566234 101.554077 -0.004940 1.927124 -0.030266 
419 19.318012 0.000000 0.538958 101.316452 0.183405 5.360333 -0.023225 
420 19.318012 0.000000 3.854535 101.838078 -0.100733 0.136404 -0.036113 
421 19.318012 0.000000 2.749343 101.881618 -0.091644 -0.367188 -0.036942 
422 20.505152 0.000000 3.854535 102.263052 -0.087249 -3.288701 -0.043266 
423 19.318012 0.000000 4.959728 99.946838 -0.332529 0.705534 0.001125 
424 32.376556 0.000000 -1.671426 105.545041 0.052396 -2.116476 -0.104518 
425 32.376556 0.000000 -6.092195 100.421742 0.017959 1.870116 -0.008056 
426 37.125118 0.000000 -1.671426 103.915615 0.052220 -0.014084 -0.075345 
427 32.376556 0.000000 2.749343 101.282589 -0.212977 -9.251211 -0.017039 
428 25.253714 0.000000 0.538958 103.625524 -0.023609 0.126468 -0.069969 
429 25.253714 0.000000 -1.671426 100.426078 0.064666 -1.829199 -0.008156 
430 27.627995 0.000000 0.538958 102.343094 -0.013591 0.279760 -0.045802 
431 25.253714 0.000000 2.749343 105.980645 0.296571 -7.168503 -0.108315 
432 21.692293 0.000000 -0.566234 101.694261 -0.047578 1.846220 -0.033012 
433 21.692293 0.000000 -1.671426 101.596339 -0.053577 1.757584 -0.031145 
434 22.879433 0.000000 -0.566234 100.717719 0.056155 -0.564289 -0.014225 
435 21.692293 0.000000 0.538958 102.219757 0.058413 -0.286862 -0.043443 
436 25.253714 0.000000 -3.881811 99.798198 -0.094161 1.478201 0.004264 
437 25.253714 0.000000 -6.092195 99.859212 0.042995 1.673208 0.003101 
438 27.627995 0.000000 -3.881811 96.081356 -0.023675 -3.893300 0.082890 
439 21.692293 0.000000 -2.776618 99.991915 0.114175 1.856662 0.000508 
440 20.505152 0.000000 -2.776618 99.717651 -0.176000 1.792527 0.005989 
441 21.692293 0.000000 -3.881811 99.804890 0.068714 1.743118 0.004215 
442 22.879433 0.000000 -2.776618 100.004489 -0.132153 1.663954 0.000189 
443 21.098722 0.000000 -1.118830 101.818770 -0.039949 1.958923 -0.035379 
444 20.505152 0.000000 -1.118830 101.668906 -0.038559 2.225114 -0.032374 
445 21.098722 0.000000 -1.671426 101.826780 -0.039458 1.966174 -0.035531 
446 21.692293 0.000000 -1.118830 101.669850 -0.049073 1.824125 -0.032547 
447 21.098722 0.000000 -0.566234 101.806791 -0.040683 1.948080 -0.035152 
448 19.318012 0.000000 -2.776618 99.687040 0.049869 1.716450 0.006575 
449 18.130872 0.000000 -2.776618 99.819539 -0.072319 2.055825 0.004041 
450 19.318012 0.000000 -3.881811 99.539489 0.003190 1.449245 0.009463 
451 21.098722 0.000000 -2.224022 99.591079 0.158665 1.300364 0.008384 
452 20.505152 0.000000 -2.224022 100.648724 0.166723 2.987670 -0.012015 
453 21.098722 0.000000 -2.776618 99.681306 -0.164838 1.456717 0.006610 
454 21.692293 0.000000 -2.224022 99.771027 0.049387 1.404045 0.004788 
455 24.066573 0.000000 -0.566234 99.948474 0.015434 -1.810759 0.001359 
456 24.066573 0.000000 -1.671426 99.050957 0.013793 -2.548366 0.019818 
457 25.253714 0.000000 -0.566234 99.977075 0.049991 -2.099402 0.000900 
458 24.066573 0.000000 0.538958 102.364651 -0.063741 0.140468 -0.046218 
459 22.285863 0.000000 -1.118830 101.225215 -0.003691 1.324589 -0.024049 
460 22.285863 0.000000 -1.671426 101.131531 0.007393 1.022651 -0.022286 
461 22.879433 0.000000 -1.118830 100.602485 0.068461 -0.686557 -0.011934 
462 22.285863 0.000000 -0.566234 101.113225 0.009691 0.980582 -0.021936 
463 21.395508 0.000000 -1.395128 101.813763 -0.040255 1.954391 -0.035284 
464 21.098722 0.000000 -1.395128 101.826019 -0.039505 1.965485 -0.035517 
465 21.395508 0.000000 -1.671426 101.817859 -0.040005 1.958099 -0.035362 
466 21.692293 0.000000 -1.395128 101.660139 -0.049668 1.815335 -0.032362 
467 21.395508 0.000000 -1.118830 101.807599 -0.040633 1.948812 -0.035167 
468 19.911582 0.000000 -1.118830 101.426311 -0.009374 1.899299 -0.027792 
469 19.318012 0.000000 -1.118830 101.028076 -0.040205 1.594866 -0.020113 
470 19.911582 0.000000 -1.671426 101.512610 -0.046535 1.980784 -0.029440 
471 19.911582 0.000000 -0.566234 101.395351 0.003150 1.841728 -0.027210 
472 20.801937 0.000000 -1.395128 101.852341 -0.035687 2.043456 -0.035995 
473 20.505152 0.000000 -1.395128 101.663534 -0.041716 2.008626 -0.032358 
474 20.801937 0.000000 -1.671426 101.927470 -0.033289 2.057316 -0.037439 
475 20.801937 0.000000 -1.118830 101.865172 -0.035278 2.045823 -0.036242 
476 21.692293 0.000000 1.644151 100.991040 -0.079985 -0.499464 -0.019609 
477 20.505152 0.000000 1.644151 100.868719 0.191115 -0.018701 -0.017227 
478 22.879433 0.000000 1.644151 102.488673 -0.055552 0.094809 -0.048584 
479 21.692293 0.000000 2.749343 102.880257 -0.020015 -5.636471 -0.053087 
480 21.098722 0.000000 -0.013638 101.274984 0.037304 0.996708 -0.025094 
481 20.505152 0.000000 -0.013638 100.868719 0.191115 -0.018701 -0.017227 
482 21.692293 0.000000 -0.013638 100.873248 0.112824 -0.384398 -0.017304 
483 21.098722 0.000000 0.538958 100.739551 0.126143 -0.004945 -0.014686 
484 21.395508 0.000000 -0.842532 101.803154 -0.040906 1.944788 -0.035083 
485 21.098722 0.000000 -0.842532 101.809287 -0.040530 1.950339 -0.035199 
486 21.692293 0.000000 -0.842532 101.674900 -0.048764 1.828695 -0.032644 
487 21.395508 0.000000 -0.566234 101.803088 -0.040910 1.944728 -0.035081 
488 21.247115 0.000000 -1.256979 101.815019 -0.040179 1.955528 -0.035308 
489 21.098722 0.000000 -1.256979 101.823387 -0.039666 1.963103 -0.035467 
490 21.247115 0.000000 -1.395128 101.818267 -0.039980 1.958468 -0.035370 
491 21.395508 0.000000 -1.256979 101.810789 -0.040438 1.951699 -0.035228 
492 21.247115 0.000000 -1.118830 101.810996 -0.040425 1.951887 -0.035232 
493 20.801937 0.000000 -0.842532 101.683526 -0.010384 1.973922 -0.032758 
494 20.505152 0.000000 -0.842532 101.567137 -0.008713 1.946071 -0.030512 
495 20.801937 0.000000 -0.566234 101.637996 -0.004663 1.947009 -0.031886 
496 20.950330 0.000000 -1.256979 101.927470 -0.033289 2.057316 -0.037439 
497 20.801937 0.000000 -1.256979 101.865247 -0.035275 2.045837 -0.036243 
498 20.950330 0.000000 -1.395128 101.927470 -0.033289 2.057316 -0.037439 
499 20.950330 0.000000 -1.118830 101.927470 -0.033289 2.057316 -0.037439 
500 21.247115 0.000000 -0.980681 101.807185 -0.040659 1.948437 -0.035159 
501 21.098722 0.000000 -0.980681 101.813408 -0.040277 1.954070 -0.035277 
502 21.395508 0.000000 -0.980681 101.804853 -0.040801 1.946326 -0.035115 
503 21.247115 0.000000 -0.842532 101.804672 -0.040813 1.946162 -0.035112 
504 21.172919 0.000000 -1.187905 101.816462 -0.040090 1.956834 -0.035335 
505 21.098722 0.000000 -1.187905 101.821288 -0.039794 1.961202 -0.035427 
506 21.172919 0.000000 -1.256979 101.818543 -0.039963 1.958718 -0.035375 
507 21.247115 0.000000 -1.187905 101.813056 -0.040299 1.953751 -0.035271 
508 21.172919 0.000000 -1.118830 101.814163 -0.040231 1.954753 -0.035292 
509 32.376556 0.000000 7.170112 99.894302 0.030964 1.196820 0.002260 
510 37.125118 0.000000 7.170112 100.512466 -0.118293 -0.171288 -0.010195 
511 32.376556 0.000000 11.590882 99.972339 -0.091205 1.548842 0.000794 
512 25.253714 0.000000 4.959728 99.596770 0.415157 1.133725 0.008243 
513 27.627995 0.000000 4.959728 99.559883 -0.035278 0.843864 0.008911 
514 25.253714 0.000000 7.170112 99.896855 -0.178622 1.315670 0.002242 
515 21.692293 0.000000 3.854535 103.009633 0.048489 -5.909365 -0.055248 
516 22.879433 0.000000 3.854535 105.609117 -0.003209 -9.162416 -0.098925 
517 21.692293 0.000000 4.959728 99.804575 -0.350976 0.599949 0.003964 
518 24.066573 0.000000 -2.776618 99.709415 0.052618 1.413424 0.006029 
519 24.066573 0.000000 -3.881811 99.962845 0.086732 1.799717 0.001068 
520 25.253714 0.000000 -2.776618 99.155663 0.081323 0.046164 0.017022 
521 22.285863 0.000000 -2.224022 99.738369 -0.182569 1.266580 0.005411 
522 22.285863 0.000000 -2.776618 99.949283 0.134059 1.802933 0.001342 
523 22.879433 0.000000 -2.224022 99.630008 -0.040516 1.132347 0.007555 
524 21.989078 0.000000 -1.395128 101.503084 -0.040332 1.739453 -0.029341 
525 21.989078 0.000000 -1.671426 101.502009 -0.040179 1.739244 -0.029320 
526 22.285863 0.000000 -1.395128 101.123759 0.008368 1.004790 -0.022137 
527 21.989078 0.000000 -1.118830 101.563126 -0.040542 1.780208 -0.030493 
528 24.066573 0.000000 3.854535 99.331152 0.772411 0.036962 0.013522 
529 24.066573 0.000000 2.749343 106.641188 0.241495 -8.127341 -0.118756 
530 25.253714 0.000000 3.854535 100.331659 -0.244331 -2.234282 -0.006112 
531 24.066573 0.000000 4.959728 99.652066 -0.542581 0.690967 0.007059 
532 22.285863 0.000000 3.301939 103.794827 -0.087647 -7.095336 -0.068603 
533 21.692293 0.000000 3.301939 103.010381 0.048886 -5.910944 -0.055261 
534 22.285863 0.000000 2.749343 103.855629 -0.070233 -7.298010 -0.069475 
535 22.879433 0.000000 3.301939 105.008197 -0.064915 -8.903704 -0.088435 
536 22.285863 0.000000 3.854535 103.822666 -0.066135 -7.234378 -0.068944 
537 21.098722 0.000000 3.301939 102.818381 -0.052778 -5.505954 -0.052046 
538 20.505152 0.000000 3.301939 102.621944 -0.088255 -2.789016 -0.050398 
539 21.098722 0.000000 2.749343 102.823053 -0.050305 -5.515809 -0.052125 
540 21.098722 0.000000 3.854535 102.788766 -0.068459 -5.443488 -0.051547 
541 -48.348991 0.000000 214.946266 99.984770 0.000000 1.745241 0.000609 
542 -124.325976 0.000000 214.946266 99.984770 0.000000 1.745241 0.000609 
543 27.627995 0.000000 214.946266 99.984770 0.000000 1.745241 0.000609 
544 -48.348991 0.000000 285.678573 99.984770 0.000000 1.745241 0.000609 
545 -10.360498 0.000000 108.847804 99.984770 0.000000 1.745241 0.000609 
546 -48.348991 0.000000 108.847804 99.984770 0.000000 1.745241 0.000609 
547 27.627995 0.000000 108.847804 99.984770 0.000000 1.745241 0.000609 
548 -10.360498 0.000000 144.213958 99.984770 0.000000 1.745241 0.000609 
549 8.633748 0.000000 55.798574 99.984770 0.000000 1.745241 0.000609 
550 -10.360498 0.000000 55.798574 99.984770 0.000000 1.745241 0.000609 
551 27.627995 0.000000 55.798574 99.984770 0.000000 1.745241 0.000609 
552 8.633748 0.000000 73.481651 99.984770 0.000000 1.745241 0.000609 
553 18.130872 0.000000 29.273958 99.984770 0.000000 1.745241 0.000609 
554 8.633748 0.000000 29.273958 99.984770 0.000000 1.745241 0.000609 
555 27.627995 0.000000 29.273958 99.984770 0.000000 1.745241 0.000609 
556 18.130872 0.000000 38.115497 99.984770 0.000000 1.745241 0.000609 
557 22.879433 0.000000 16.011651 99.984770 0.000000 1.745241 0.000609 
558 18.130872 0.000000 16.011651 99.984770 0.000000 1.745241 0.000609 
559 27.627995 0.000000 16.011651 99.202156 0.002414 3.045288 0.017026 
560 22.879433 0.000000 20.432420 99.984770 0.000000 1.745241 0.000609 
561 20.505152 0.000000 9.380497 100.764315 0.106142 0.982814 -0.015080 
562 18.130872 0.000000 9.380497 99.398223 0.022100 3.013270 0.013028 
563 22.879433 0.000000 9.380497 100.675793 0.020119 0.717108 -0.013379 
564 20.505152 0.000000 11.590882 98.700599 0.004611 3.895463 0.027881 
565 21.692293 0.000000 6.064920 99.604232 -0.040821 1.521723 0.008179 
566 20.505152 0.000000 6.064920 100.370067 -0.026243 0.514564 -0.007349 
567 22.879433 0.000000 6.064920 100.044783 -0.149609 0.890541 -0.000814 
568 21.692293 0.000000 7.170112 100.825848 -0.026823 0.138217 -0.016385 
569 22.285863 0.000000 4.407132 99.412910 0.561213 1.178481 0.011980 
570 21.692293 0.000000 4.407132 99.550306 0.498285 0.159624 0.009060 
571 22.879433 0.000000 4.407132 99.692161 -0.683751 -0.282962 0.006230 
572 22.285863 0.000000 4.959728 100.864441 0.272830 -1.465514 -0.016930 
573 21.989078 0.000000 3.578237 103.170424 0.019531 -6.108608 -0.058068 
574 21.692293 0.000000 3.578237 103.004586 0.045817 -5.898719 -0.055164 
575 21.989078 0.000000 3.301939 103.192704 0.013449 -6.133678 -0.058460 
576 22.285863 0.000000 3.578237 103.685924 -0.067407 -6.908004 -0.066806 
577 21.989078 0.000000 3.854535 103.262422 0.035661 -6.262704 -0.059629 
578 23.473003 0.000000 -1.118830 100.187347 0.063115 -1.522861 -0.003509 
579 23.473003 0.000000 -1.671426 99.458047 0.070659 -2.134308 0.011358 
580 24.066573 0.000000 -1.118830 99.182450 0.035349 -2.396840 0.017065 
581 23.473003 0.000000 -0.566234 100.388139 0.048393 -1.359001 -0.007551 
582 24.066573 0.000000 1.644151 102.430946 -0.051176 0.128166 -0.047483 
583 25.253714 0.000000 1.644151 103.625524 -0.023609 0.126468 -0.069969 
584 23.473003 0.000000 3.301939 106.248055 0.108574 -8.690614 -0.111048 
585 23.473003 0.000000 2.749343 106.217140 0.112347 -8.605172 -0.110623 
586 24.066573 0.000000 3.301939 106.655984 0.238871 -8.022018 -0.119156 
587 23.473003 0.000000 3.854535 106.554503 0.176463 -8.295983 -0.117009 
588 30.002275 0.000000 0.538958 104.474217 0.026643 0.359257 -0.085587 
589 30.002275 0.000000 -1.671426 102.874318 0.164227 -3.202976 -0.054952 
590 32.376556 0.000000 0.538958 105.539388 -0.089609 0.043478 -0.104795 
591 30.002275 0.000000 2.749343 104.748372 -0.016315 -9.793712 -0.082222 
592 26.440854 0.000000 -0.566234 100.265137 -0.061990 -2.097855 -0.004852 
593 26.440854 0.000000 -1.671426 100.006775 -0.076807 -2.540560 0.000511 
594 27.627995 0.000000 -0.566234 99.848578 0.160879 -2.843797 0.003848 
595 26.440854 0.000000 0.538958 102.529544 -0.013461 0.236815 -0.049357 
596 103.604980 0.000000 -209.447580 99.984770 0.000000 1.745241 0.000609 
597 103.604980 0.000000 -280.179887 99.984770 0.000000 1.745241 0.000609 
598 179.581965 0.000000 -209.447580 99.984770 0.000000 1.745241 0.000609 
599 65.616487 0.000000 -103.349118 99.984770 0.000000 1.745241 0.000609 
600 65.616487 0.000000 -138.715272 99.984770 0.000000 1.745241 0.000609 
601 103.604980 0.000000 -103.349118 99.984770 0.000000 1.745241 0.000609 
602 46.622241 0.000000 -50.299888 99.984770 0.000000 1.745241 0.000609 
603 46.622241 0.000000 -67.982965 99.984770 0.000000 1.745241 0.000609 
604 65.616487 0.000000 -50.299888 99.984770 0.000000 1.745241 0.000609 
605 37.125118 0.000000 -23.775272 99.984770 0.000000 1.745241 0.000609 
606 37.125118 0.000000 -32.616811 99.984770 0.000000 1.745241 0.000609 
607 46.622241 0.000000 -23.775272 99.857045 0.014300 1.573135 0.003112 
608 32.376556 0.000000 -10.512965 99.912586 0.025745 1.674418 0.002031 
609 32.376556 0.000000 -14.933734 99.865822 0.010565 1.634013 0.002955 
610 37.125118 0.000000 -10.512965 101.501656 0.000435 3.939812 -0.028116 
611 30.002275 0.000000 -3.881811 101.810290 0.023227 2.992021 -0.034730 
612 30.002275 0.000000 -6.092195 97.130053 0.026300 -3.225378 0.060054 
613 32.376556 0.000000 -3.881811 100.114393 -0.046608 -3.151791 -0.001294 
614 26.440854 0.000000 -2.776618 99.514287 -0.081651 1.052259 0.009872 
615 26.440854 0.000000 -3.881811 99.396756 0.060093 0.795290 0.012198 
616 27.627995 0.000000 -2.776618 103.950362 0.049252 1.416129 -0.075808 
617 25.847284 0.000000 -1.118830 100.061221 -0.018808 -2.207635 -0.000737 
618 25.253714 0.000000 -1.118830 99.545794 0.071190 -2.364484 0.009690 
619 25.847284 0.000000 -1.671426 100.249658 -0.019062 -2.084236 -0.004550 
620 26.440854 0.000000 -1.118830 100.035106 -0.068376 -2.326822 -0.000160 
621 25.847284 0.000000 -0.566234 100.282092 -0.019105 -2.062996 -0.005204 
622 30.002275 0.000000 4.959728 100.104378 0.172012 -0.022223 -0.002083 
623 32.376556 0.000000 4.959728 100.929508 0.207683 -1.499187 -0.018203 
624 30.002275 0.000000 7.170112 100.013311 -0.062749 0.996566 -0.000167 
625 26.440854 0.000000 3.854535 99.056064 0.274267 -0.231165 0.019059 
626 26.440854 0.000000 2.749343 106.174532 0.229904 -8.525897 -0.109978 
627 27.627995 0.000000 3.854535 99.597178 -0.227699 -0.703624 0.008142 
628 26.440854 0.000000 4.959728 100.180309 -0.135136 -0.276672 -0.003591 
629 26.440854 0.000000 1.644151 102.527927 -0.013446 0.236978 -0.049326 
630 27.627995 0.000000 1.644151 105.771944 0.022435 -3.432458 -0.107938 
631 25.847284 0.000000 3.301939 106.288534 0.275573 -8.186708 -0.112467 
632 25.253714 0.000000 3.301939 106.255980 0.334878 -8.029911 -0.112100 
633 25.847284 0.000000 2.749343 105.859728 0.227398 -6.848094 -0.106545 
634 26.440854 0.000000 3.301939 106.206961 0.226984 -8.516765 -0.110566 
635 25.847284 0.000000 3.854535 98.766446 0.000295 0.584702 0.024992 
636 28.815135 0.000000 -0.566234 103.980996 -0.069203 -2.169218 -0.076134 
637 28.815135 0.000000 -1.671426 103.964694 -0.077955 -2.561215 -0.075668 
638 30.002275 0.000000 -0.566234 103.826642 0.083751 -1.562985 -0.073482 
639 28.815135 0.000000 0.538958 104.091101 -0.010097 0.478363 -0.078559 
640 28.815135 0.000000 1.644151 104.091101 -0.010097 0.478363 -0.078559 
641 30.002275 0.000000 1.644151 104.470467 -0.008932 -6.499644 -0.081829 
642 28.815135 0.000000 2.749343 104.927272 0.020816 -7.108749 -0.089455 
643 28.815135 0.000000 -2.776618 97.196930 -0.092012 0.894925 0.057606 
644 28.815135 0.000000 -3.881811 97.733895 0.024883 -1.591399 0.046548 
645 30.002275 0.000000 -2.776618 95.656586 0.141029 -5.477832 0.093721 
646 255.558951 0.000000 -67.982965 99.990317 0.004031 1.695142 0.000481 
647 255.558951 0.000000 -138.715272 99.783737 0.063453 1.410442 0.004535 
648 331.535936 0.000000 -67.982965 99.987515 0.003190 1.693823 0.000537 
649 255.558951 0.000000 2.749343 100.021414 0.013403 -0.336645 -0.000417 
650 141.593473 0.000000 -32.616811 100.011891 0.008856 1.559943 0.000006 
651 141.593473 0.000000 -67.982965 99.719718 -0.007832 1.286259 0.005787 
652 179.581965 0.000000 -32.616811 99.996401 0.006617 1.546869 0.000311 
653 141.593473 0.000000 2.749343 100.024163 0.003581 -0.377908 -0.000469 
654 84.610734 0.000000 -14.933734 100.168723 0.011975 1.261362 -0.003211 
655 84.610734 0.000000 -32.616811 99.560358 -0.029709 0.989675 0.008929 
656 103.604980 0.000000 -14.933734 100.038821 0.011106 1.144151 -0.000645 
657 84.610734 0.000000 2.749343 100.059436 -0.001143 -0.241882 -0.001182 
658 56.119364 0.000000 -6.092195 100.781946 0.031787 1.027205 -0.015420 
659 56.119364 0.000000 -14.933734 99.057017 0.047319 -0.011852 0.019027 
660 65.616487 0.000000 -6.092195 100.661467 0.016216 1.129283 -0.013021 
661 56.119364 0.000000 2.749343 100.542036 -0.015065 -1.051562 -0.010676 
662 41.873679 0.000000 -1.671426 103.686328 0.021819 0.286719 -0.071093 
663 41.873679 0.000000 -6.092195 97.724896 0.081861 -2.706425 0.047248 
664 46.622241 0.000000 -1.671426 101.767424 0.000415 7.015749 -0.030062 
665 41.873679 0.000000 2.749343 101.365123 -0.024437 -1.989082 -0.026567 
666 34.750837 0.000000 0.538958 101.517251 -0.016651 -0.019935 -0.029906 
667 34.750837 0.000000 -1.671426 106.374751 -0.054500 1.724435 -0.119281 
668 37.125118 0.000000 0.538958 104.641528 0.014412 -4.676979 -0.086742 
669 34.750837 0.000000 2.749343 98.184185 -0.169908 2.620927 0.037659 
670 31.189416 0.000000 -0.566234 104.369672 0.074849 -2.816963 -0.082993 
671 31.189416 0.000000 -1.671426 104.367057 0.075733 -2.805480 -0.082950 
672 32.376556 0.000000 -0.566234 105.753638 0.003886 -1.501083 -0.108412 
673 31.189416 0.000000 0.538958 108.225997 0.291223 -12.480645 -0.138965 
674 29.408705 0.000000 -1.118830 102.401769 0.184492 -2.907457 -0.046138 
675 28.815135 0.000000 -1.118830 103.131217 -0.027759 -3.229987 -0.059785 
676 29.408705 0.000000 -1.671426 102.761334 0.118822 -2.804729 -0.053035 
677 30.002275 0.000000 -1.118830 103.255156 0.128374 -2.443185 -0.062517 
678 29.408705 0.000000 -0.566234 103.308014 0.090910 -1.941329 -0.063708 
679 31.189416 0.000000 1.644151 103.613649 -0.120704 -9.426063 -0.061725 
680 32.376556 0.000000 1.644151 105.952446 -0.079573 -8.490261 -0.106082 
681 31.189416 0.000000 2.749343 103.648762 -0.163736 -9.291974 -0.062613 
682 28.815135 0.000000 3.854535 99.857667 0.353108 -0.857502 0.002937 
683 30.002275 0.000000 3.854535 100.475880 -0.297433 -1.102211 -0.009346 
684 28.815135 0.000000 4.959728 100.945211 0.039388 -1.276897 -0.018576 
685 29.408705 0.000000 2.196747 105.391679 -0.008536 -7.690666 -0.097125 
686 28.815135 0.000000 2.196747 105.432297 0.038094 -6.738905 -0.099029 
687 29.408705 0.000000 1.644151 105.060658 -0.000400 -6.610273 -0.092469 
688 30.002275 0.000000 2.196747 104.671630 -0.016163 -9.791526 -0.080813 
689 29.408705 0.000000 2.749343 105.303753 -0.006054 -9.682934 -0.092562 
690 34.750837 0.000000 -3.881811 94.981116 -0.098089 -9.129905 0.114595 
691 34.750837 0.000000 -6.092195 101.166046 0.025843 2.639443 -0.022388 
692 37.125118 0.000000 -3.881811 99.406911 0.091439 -3.265270 0.013014 
693 31.189416 0.000000 -2.776618 101.720796 -0.218024 -3.036832 -0.032968 
694 31.189416 0.000000 -3.881811 99.134484 0.022501 -1.928463 0.017832 
695 32.376556 0.000000 -2.776618 96.073833 0.203101 -7.998603 0.088529 
696 33.563697 0.000000 -0.566234 104.830090 -0.152870 -0.334002 -0.092052 
697 33.563697 0.000000 -1.671426 104.830090 -0.152870 -0.334002 -0.092052 
698 34.750837 0.000000 -0.566234 105.182658 -0.117151 1.418859 -0.098245 
699 33.563697 0.000000 0.538958 106.053753 0.016462 -9.674191 -0.106080 
700 31.782986 0.000000 -1.118830 105.241901 0.021450 -2.341390 -0.099014 
701 31.189416 0.000000 -1.118830 104.352637 0.080609 -2.742156 -0.082717 
702 31.782986 0.000000 -1.671426 105.320865 0.017141 -2.252790 -0.100464 
703 32.376556 0.000000 -1.118830 105.651564 0.047421 -1.897606 -0.106488 
704 31.782986 0.000000 -0.566234 105.386017 -0.003374 -1.781572 -0.101791 
705 255.558951 0.000000 73.481651 99.981996 -0.003154 1.693059 0.000647 
706 331.535936 0.000000 73.481651 99.984269 -0.003216 1.688138 0.000600 
707 255.558951 0.000000 144.213958 100.008004 0.017320 1.704528 0.000130 
708 141.593473 0.000000 38.115497 99.973755 -0.004199 1.584033 0.000776 
709 179.581965 0.000000 38.115497 99.982542 -0.006742 1.563168 0.000594 
710 141.593473 0.000000 73.481651 100.090887 -0.002316 1.559099 -0.001574 
711 84.610734 0.000000 20.432420 100.115566 -0.007041 1.161521 -0.002174 
712 103.604980 0.000000 20.432420 99.992146 -0.011929 1.295733 0.000325 
713 84.610734 0.000000 38.115497 100.132020 0.009237 1.460007 -0.002425 
714 56.119364 0.000000 11.590882 100.433181 0.007765 0.641978 -0.008587 
715 65.616487 0.000000 11.590882 99.776945 -0.019663 1.762498 0.004783 
716 56.119364 0.000000 20.432420 100.130803 -0.001896 1.368796 -0.002426 
717 41.873679 0.000000 7.170112 100.919739 -0.042586 -0.462849 -0.018213 
718 46.622241 0.000000 7.170112 100.703942 0.004431 -0.076317 -0.013984 
719 41.873679 0.000000 11.590882 100.432131 -0.052299 0.651031 -0.008565 
720 34.750837 0.000000 4.959728 100.301667 0.124368 0.293573 -0.006006 
721 37.125118 0.000000 4.959728 99.799371 0.035800 -0.050187 0.004021 
722 34.750837 0.000000 7.170112 100.430129 -0.089670 0.207468 -0.008562 
723 33.563697 0.000000 1.644151 104.543438 -0.135484 -7.025438 -0.082542 
724 34.750837 0.000000 1.644151 105.152317 -0.047620 -7.007517 -0.093663 
725 33.563697 0.000000 2.749343 98.311655 0.037020 1.473598 0.034528 
726 31.189416 0.000000 3.854535 100.253684 0.059363 -1.673708 -0.004783 
727 32.376556 0.000000 3.854535 101.885443 0.214134 -3.500057 -0.035865 
728 31.189416 0.000000 4.959728 100.387918 -0.163969 -0.515788 -0.007701 
729 31.782986 0.000000 2.196747 104.798788 -0.043471 -8.776469 -0.084803 
730 31.189416 0.000000 2.196747 103.626260 -0.136159 -9.377905 -0.062044 
731 31.782986 0.000000 1.644151 104.886142 -0.065874 -7.245137 -0.088536 
732 32.376556 0.000000 2.196747 105.903258 -0.073478 -9.675977 -0.103386 
733 31.782986 0.000000 2.749343 101.154315 -0.273869 -4.052758 -0.021236 
734 33.563697 0.000000 -2.776618 97.063312 0.074632 -9.143361 0.069462 
735 33.563697 0.000000 -3.881811 98.684883 0.188582 -4.300980 0.028553 
736 34.750837 0.000000 -2.776618 94.846214 -0.055545 -11.462094 0.123183 
737 32.970126 0.000000 -1.118830 105.911288 -0.094580 -1.109313 -0.111286 
738 32.970126 0.000000 -1.671426 105.878793 -0.073323 -1.220818 -0.110690 
739 33.563697 0.000000 -1.118830 104.097299 -0.169512 0.057505 -0.078691 
740 32.970126 0.000000 -0.566234 105.979229 -0.062626 -0.882808 -0.112522 
741 33.563697 0.000000 3.854535 102.970417 -0.157580 -7.019069 -0.053182 
742 34.750837 0.000000 3.854535 101.716849 -0.069810 -2.449293 -0.033203 
743 33.563697 0.000000 4.959728 100.509657 -0.198971 -1.051032 -0.010031 
744 32.970126 0.000000 2.196747 103.405017 -0.073365 -7.311079 -0.061017 
745 32.970126 0.000000 1.644151 103.845355 -0.081545 -6.797591 -0.069916 
746 33.563697 0.000000 2.196747 104.546109 -0.135575 -7.026490 -0.082590 
747 32.970126 0.000000 2.749343 98.816544 -0.130976 1.103135 0.024059 
748 39.499399 0.000000 0.538958 107.467269 -0.037902 -7.967095 -0.133303 
749 39.499399 0.000000 -1.671426 104.050313 -0.002905 0.962860 -0.077747 
750 41.873679 0.000000 0.538958 107.194615 0.002101 -13.420333 -0.119114 
751 39.499399 0.000000 2.749343 100.489434 0.053430 -1.590306 -0.009494 
752 35.937977 0.000000 -0.566234 105.579027 0.015818 2.833154 -0.104825 
753 35.937977 0.000000 -1.671426 105.579062 0.015902 2.832906 -0.104825 
754 37.125118 0.000000 -0.566234 106.215563 0.078071 3.072571 -0.115961 
755 35.937977 0.000000 0.538958 103.877787 0.153652 -0.628403 -0.074609 
756 34.157267 0.000000 -1.118830 105.380536 0.028455 0.935981 -0.101888 
757 34.157267 0.000000 -1.671426 105.578159 0.000466 1.031814 -0.105396 
758 34.750837 0.000000 -1.118830 106.393793 -0.129177 2.156190 -0.119474 
759 34.157267 0.000000 -0.566234 104.403057 -0.005236 0.724576 -0.084253 
760 41.873679 0.000000 -10.512965 98.880241 0.001785 -0.288985 0.022639 
761 41.873679 0.000000 -14.933734 100.041856 0.017151 1.852394 -0.000494 
762 46.622241 0.000000 -10.512965 98.992717 0.015157 -0.301523 0.020346 
763 39.499399 0.000000 -3.881811 96.682400 0.087088 -5.812437 0.072101 
764 39.499399 0.000000 -6.092195 98.658931 0.004375 -1.891924 0.027530 
765 41.873679 0.000000 -3.881811 98.089421 -0.054972 -1.949399 0.039294 
766 35.937977 0.000000 -2.776618 99.310289 -0.148474 -3.610106 0.015217 
767 35.937977 0.000000 -3.881811 97.939628 -0.047146 -4.472590 0.044122 
768 37.125118 0.000000 -2.776618 99.405668 0.011305 -5.196832 0.014706 
769 34.157267 0.000000 -2.224022 94.769135 0.113846 -11.869325 0.126016 
770 33.563697 0.000000 -2.224022 99.608576 -0.102333 -4.551213 0.009956 
771 34.157267 0.000000 -2.776618 97.144300 -0.061951 -5.314088 0.061692 
772 34.750837 0.000000 -2.224022 98.654995 -0.175197 -4.918809 0.029760 
773 33.860482 0.000000 -1.395128 105.253975 0.010434 0.551114 -0.099672 
774 33.563697 0.000000 -1.395128 104.217757 -0.166776 -0.006852 -0.080904 
775 33.860482 0.000000 -1.671426 104.799652 -0.080615 0.209894 -0.091508 
776 34.157267 0.000000 -1.395128 105.685954 0.037931 1.026968 -0.107312 
777 33.860482 0.000000 -1.118830 105.495230 0.074347 0.776303 -0.103958 
778 35.937977 0.000000 1.644151 104.675748 -0.026772 -7.600151 -0.084233 
779 37.125118 0.000000 1.644151 105.024897 -0.065273 -7.426067 -0.090831 
780 35.937977 0.000000 2.749343 102.986308 0.150938 -5.657753 -0.055072 
781 34.157267 0.000000 2.196747 104.700904 -0.072811 -8.042515 -0.084088 
782 34.157267 0.000000 1.644151 104.505334 -0.078314 -7.582295 -0.081129 
783 34.750837 0.000000 2.196747 105.288960 -0.034705 -7.269377 -0.095812 
784 34.157267 0.000000 2.749343 102.326112 0.106827 -8.470272 -0.038751 
785 34.157267 0.000000 1.091555 103.215603 -0.024397 -4.844888 -0.060183 
786 33.563697 0.000000 1.091555 103.874057 -0.112523 -6.761842 -0.070494 
787 34.157267 0.000000 0.538958 101.522210 -0.020517 -0.024067 -0.030002 
788 34.750837 0.000000 1.091555 104.007828 -0.039929 -5.547821 -0.074313 
789 33.860482 0.000000 1.920449 104.756281 -0.108478 -7.902721 -0.085297 
790 33.563697 0.000000 1.920449 104.723255 -0.141652 -7.096248 -0.085748 
791 33.860482 0.000000 1.644151 104.606968 -0.113886 -7.473089 -0.083139 
792 34.157267 0.000000 1.920449 104.543304 -0.081855 -7.620163 -0.081776 
793 33.860482 0.000000 2.196747 105.089574 -0.114521 -8.327328 -0.090777 
794 35.344407 0.000000 -1.118830 106.259098 0.037599 2.356897 -0.117045 
795 35.344407 0.000000 -1.671426 106.285150 -0.016541 2.353447 -0.117503 
796 35.937977 0.000000 -1.118830 105.393759 0.017988 2.855254 -0.101507 
797 35.344407 0.000000 -0.566234 106.285150 -0.016541 2.353447 -0.117503 
798 39.499399 0.000000 4.959728 102.697688 0.012856 -3.862168 -0.051177 
799 41.873679 0.000000 4.959728 100.250864 -0.031805 -0.079772 -0.005005 
800 39.499399 0.000000 7.170112 100.265197 -0.001182 0.044626 -0.005290 
801 35.937977 0.000000 3.854535 102.685637 -0.012039 -5.449758 -0.049579 
802 37.125118 0.000000 3.854535 101.413933 0.071061 -1.851378 -0.027568 
803 35.937977 0.000000 4.959728 100.191251 -0.006399 -0.969392 -0.003725 
804 35.344407 0.000000 2.196747 106.300619 -0.086856 -7.664398 -0.113374 
805 35.344407 0.000000 1.644151 106.547944 -0.100858 -7.959079 -0.117347 
806 35.937977 0.000000 2.196747 104.719715 -0.005545 -7.539409 -0.085119 
807 35.344407 0.000000 2.749343 101.176772 -0.043888 -1.330365 -0.023101 
808 35.344407 0.000000 -2.224022 96.377764 0.132163 -9.204506 0.084291 
809 35.344407 0.000000 -2.776618 97.546882 0.102723 -7.036199 0.055506 
810 35.937977 0.000000 -2.224022 98.499510 0.107696 -5.945649 0.034131 
811 38.312258 0.000000 -0.566234 105.422484 0.020274 2.504671 -0.102180 
812 38.312258 0.000000 -1.671426 105.428507 0.019035 2.355564 -0.102349 
813 39.499399 0.000000 -0.566234 104.056684 -0.002761 0.955755 -0.077865 
814 38.312258 0.000000 0.538958 103.961990 0.005756 -0.610068 -0.076168 
815 36.531548 0.000000 -1.118830 105.982841 -0.037399 3.035779 -0.111884 
816 36.531548 0.000000 -1.671426 105.914195 -0.019284 3.023888 -0.110678 
817 37.125118 0.000000 -1.118830 106.169562 0.071345 3.065603 -0.115156 
818 36.531548 0.000000 -0.566234 106.189799 -0.011820 3.069493 -0.115510 
819 35.641192 0.000000 -1.395128 105.879580 0.034914 2.542666 -0.110289 
820 35.344407 0.000000 -1.395128 106.290162 0.011393 2.315044 -0.117605 
821 35.641192 0.000000 -1.671426 105.898723 0.032485 2.533734 -0.110632 
822 35.937977 0.000000 -1.395128 105.418805 0.018236 2.850698 -0.101957 
823 35.641192 0.000000 -1.118830 105.952333 0.055948 2.526029 -0.111582 
824 35.344407 0.000000 1.091555 106.300619 -0.086856 -7.664398 -0.113374 
825 35.344407 0.000000 0.538958 101.662078 -0.129556 -0.140604 -0.032710 
826 35.937977 0.000000 1.091555 104.985542 -0.030792 -7.655526 -0.089816 
827 38.312258 0.000000 1.644151 105.004418 0.006909 -7.710680 -0.090086 
828 39.499399 0.000000 1.644151 107.312958 -0.001259 -8.055170 -0.130534 
829 38.312258 0.000000 2.749343 101.488264 -0.081427 -3.351794 -0.028266 
830 36.531548 0.000000 2.196747 102.267997 -0.069033 -4.961150 -0.042068 
831 36.531548 0.000000 1.644151 105.233531 -0.007643 -7.578635 -0.094416 
832 37.125118 0.000000 2.196747 102.102692 -0.005399 -4.113855 -0.039615 
833 36.531548 0.000000 2.749343 100.025981 -0.109851 -0.957389 -0.000427 
834 35.641192 0.000000 1.920449 105.351941 -0.065590 -7.815575 -0.096242 
835 35.344407 0.000000 1.920449 106.521977 -0.099388 -7.928141 -0.116932 
836 35.641192 0.000000 1.644151 105.942638 -0.082115 -7.851139 -0.106786 
837 35.937977 0.000000 1.920449 104.699676 -0.028656 -7.609381 -0.084659 
838 35.641192 0.000000 2.196747 105.351941 -0.065590 -7.815575 -0.096242 
839 38.312258 0.000000 -2.776618 98.832025 0.024512 -1.911363 0.023993 
840 38.312258 0.000000 -3.881811 97.193019 0.149601 -4.946229 0.060255 
841 39.499399 0.000000 -2.776618 99.665420 0.122153 -0.599030 0.006750 
842 37.718688 0.000000 -1.118830 105.453674 0.039479 2.812753 -0.102599 
843 37.718688 0.000000 -1.671426 105.553040 0.041759 2.813275 -0.104371 
844 38.312258 0.000000 -1.118830 105.455084 0.015989 2.512584 -0.102759 
845 37.718688 0.000000 -0.566234 105.550355 0.041374 2.811080 -0.104324 
846 36.531548 0.000000 -0.013638 101.564657 -0.014296 -0.052499 -0.030826 
847 35.937977 0.000000 -0.013638 104.839235 -0.101206 -3.008451 -0.091447 
848 37.125118 0.000000 -0.013638 104.893389 0.003449 -1.347132 -0.093052 
849 36.531548 0.000000 0.538958 101.564657 -0.014296 -0.052499 -0.030826 
850 36.828333 0.000000 -0.842532 106.228977 0.047086 3.074917 -0.116195 
851 36.531548 0.000000 -0.842532 105.932480 -0.018788 3.026914 -0.110999 
852 36.828333 0.000000 -1.118830 106.232911 0.049003 3.075500 -0.116264 
853 37.125118 0.000000 -0.842532 106.176926 0.085409 3.066595 -0.115285 
854 36.828333 0.000000 -0.566234 106.203969 0.037619 3.071185 -0.115758 
855 36.234763 0.000000 -0.842532 105.838659 -0.059845 3.012414 -0.109347 
856 35.937977 0.000000 -0.842532 105.419896 0.018273 2.850423 -0.101977 
857 36.234763 0.000000 -1.118830 105.872676 -0.046361 2.968170 -0.109971 
858 36.234763 0.000000 -0.566234 105.560432 -0.028865 2.965351 -0.104429 
859 36.531548 0.000000 -2.224022 99.347885 -0.208748 -2.419171 0.013723 
860 36.531548 0.000000 -2.776618 97.020506 0.176768 -7.854565 0.067973 
861 37.125118 0.000000 -2.224022 99.724149 0.005109 -5.639260 0.008744 
862 36.828333 0.000000 -1.395128 106.228231 0.046621 3.074808 -0.116182 
863 36.531548 0.000000 -1.395128 105.931936 -0.018803 3.026824 -0.110990 
864 36.828333 0.000000 -1.671426 106.203831 0.037139 3.071169 -0.115756 
865 37.125118 0.000000 -1.395128 106.181993 0.060532 3.067607 -0.115374 
866 36.679940 0.000000 -0.980681 106.116742 0.023528 3.056410 -0.114233 
867 36.531548 0.000000 -0.980681 105.939396 -0.018601 3.028058 -0.111121 
868 36.679940 0.000000 -1.118830 106.142746 0.029578 3.060571 -0.114688 
869 36.828333 0.000000 -0.980681 106.231727 0.048478 3.075324 -0.116243 
870 36.679940 0.000000 -0.842532 106.241528 0.028663 3.077012 -0.116414 
871 36.531548 0.000000 1.091555 105.438440 -0.018952 -7.598108 -0.098089 
872 37.125118 0.000000 1.091555 105.188008 -0.058744 -7.497671 -0.093697 
873 37.718688 0.000000 1.091555 104.598493 -0.003523 -7.541369 -0.082895 
874 37.718688 0.000000 0.538958 102.431441 -0.063045 -0.170583 -0.047491 
875 38.312258 0.000000 1.091555 105.014205 0.006915 -7.712806 -0.090261 
876 37.718688 0.000000 1.644151 104.338667 0.007509 -7.479409 -0.078196 
877 36.828333 0.000000 1.367853 105.324413 -0.044803 -7.554845 -0.096089 
878 36.531548 0.000000 1.367853 105.173485 -0.014010 -7.576469 -0.093332 
879 36.828333 0.000000 1.091555 105.291291 -0.042333 -7.539093 -0.095511 
880 37.125118 0.000000 1.367853 105.049860 -0.064274 -7.437026 -0.091270 
881 36.828333 0.000000 1.644151 105.338164 -0.044521 -7.560967 -0.096329 
882 36.234763 0.000000 1.367853 105.061652 0.002208 -7.562167 -0.091322 
883 35.937977 0.000000 1.367853 104.739744 -0.027015 -7.609742 -0.085392 
884 36.234763 0.000000 1.091555 103.891504 -0.007842 -5.574074 -0.072130 
885 36.234763 0.000000 1.644151 105.194258 0.005215 -7.570993 -0.093715 
886 38.312258 0.000000 3.854535 100.523873 -0.095544 -0.551481 -0.010395 
887 39.499399 0.000000 3.854535 101.350573 0.004204 -2.158096 -0.026216 
888 38.312258 0.000000 4.959728 100.245292 -0.078269 0.313318 -0.004884 
889 37.718688 0.000000 2.196747 99.909964 -0.099062 -1.765730 0.002116 
890 38.312258 0.000000 2.196747 99.887394 0.033128 -1.115893 0.002380 
891 37.718688 0.000000 2.749343 101.649684 0.027921 -3.085823 -0.031566 
892 36.828333 0.000000 1.920449 105.340771 -0.043161 -7.561710 -0.096375 
893 36.531548 0.000000 1.920449 105.438440 -0.018952 -7.598108 -0.098089 
894 37.125118 0.000000 1.920449 105.066150 -0.063622 -7.444177 -0.091557 
895 36.828333 0.000000 2.196747 101.847804 0.011902 -4.436020 -0.034437 
896 36.679940 0.000000 1.506002 105.440730 -0.037486 -7.605057 -0.098121 
897 36.531548 0.000000 1.506002 105.174321 -0.014025 -7.576537 -0.093347 
898 36.679940 0.000000 1.367853 105.440300 -0.034006 -7.603752 -0.098115 
899 36.828333 0.000000 1.506002 105.331470 -0.044891 -7.558060 -0.096212 
900 36.679940 0.000000 1.644151 105.440858 -0.038516 -7.605443 -0.098123 
901 37.718688 0.000000 -0.013638 102.431441 -0.063045 -0.170583 -0.047491 
902 38.312258 0.000000 -0.013638 105.199406 0.060195 -1.624025 -0.098494 
903 37.421903 0.000000 -0.842532 105.919788 0.070466 2.998167 -0.110789 
904 37.421903 0.000000 -1.118830 105.976407 0.076148 3.014308 -0.111781 
905 37.718688 0.000000 -0.842532 105.466253 0.039858 2.813429 -0.102823 
906 37.421903 0.000000 -0.566234 105.716769 0.065246 2.947096 -0.107218 
907 37.421903 0.000000 1.367853 104.670322 -0.033406 -7.418365 -0.084373 
908 37.421903 0.000000 1.091555 104.689248 -0.034333 -7.421264 -0.084716 
909 37.718688 0.000000 1.367853 104.375672 0.006868 -7.492514 -0.078861 
910 37.421903 0.000000 1.644151 104.754633 -0.043473 -7.412200 -0.085923 
911 51.370803 0.000000 -1.671426 101.176501 0.046638 2.114440 -0.022834 
912 51.370803 0.000000 -6.092195 99.091601 0.007047 -2.423673 0.018926 
913 56.119364 0.000000 -1.671426 89.604991 0.020002 1.418362 0.227046 
914 51.370803 0.000000 2.749343 98.161908 0.099637 4.185870 0.039242 
915 44.247960 0.000000 0.538958 108.835591 0.056596 -30.259841 -0.086877 
916 44.247960 0.000000 -1.671426 99.248837 -0.006663 -10.992483 0.027583 
917 46.622241 0.000000 0.538958 94.540676 -0.037704 5.127484 0.117665 
918 44.247960 0.000000 2.749343 101.844880 -0.020607 -2.793512 -0.035507 
919 40.686539 0.000000 -0.566234 103.888633 0.068474 0.357634 -0.074835 
920 40.686539 0.000000 -1.671426 104.141802 0.067389 0.491481 -0.079490 
921 41.873679 0.000000 -0.566234 106.519413 0.047367 1.707007 -0.121808 
922 40.686539 0.000000 0.538958 109.043351 -0.081139 -9.507204 -0.157797 
923 38.905828 0.000000 -1.118830 103.669590 0.022108 1.810027 -0.070496 
924 38.905828 0.000000 -1.671426 104.144544 0.026967 1.884414 -0.079249 
925 39.499399 0.000000 -1.118830 104.220436 -0.015963 0.963124 -0.080874 
926 38.905828 0.000000 -0.566234 104.144544 0.026967 1.884414 -0.079249 
927 40.686539 0.000000 1.644151 109.143598 -0.083473 -9.227717 -0.159852 
928 41.873679 0.000000 1.644151 107.194615 0.002101 -13.420333 -0.119114 
929 40.686539 0.000000 2.749343 100.643845 0.024882 -0.598323 -0.012763 
930 38.905828 0.000000 1.091555 105.479017 0.053506 -7.788724 -0.098569 
931 38.905828 0.000000 0.538958 104.865768 -0.027877 3.331228 -0.091751 
932 39.499399 0.000000 1.091555 107.318631 -0.004668 -8.044737 -0.130646 
933 38.905828 0.000000 1.644151 105.517209 0.054483 -7.800063 -0.099241 
934 44.247960 0.000000 -3.881811 99.062156 -0.028812 -0.911108 0.019007 
935 44.247960 0.000000 -6.092195 98.760135 -0.050189 -0.440110 0.025106 
936 46.622241 0.000000 -3.881811 100.790540 -0.009723 1.402574 -0.015500 
937 40.686539 0.000000 -2.776618 98.476939 -0.096285 -1.248244 0.031059 
938 40.686539 0.000000 -3.881811 97.566847 -0.064701 -3.260149 0.050903 
939 41.873679 0.000000 -2.776618 99.734096 0.006939 -1.845297 0.005675 
940 40.092969 0.000000 -1.118830 104.050092 0.039956 0.359435 -0.077813 
941 40.092969 0.000000 -1.671426 102.379327 0.039157 -0.948749 -0.046417 
942 40.686539 0.000000 -1.118830 103.855601 0.066164 0.314229 -0.074227 
943 40.092969 0.000000 -0.566234 104.025383 0.034895 0.400673 -0.077355 
944 38.905828 0.000000 -0.013638 106.267414 -0.093616 -0.662641 -0.117612 
945 39.499399 0.000000 -0.013638 105.613224 0.056696 -0.019790 -0.106109 
946 39.202614 0.000000 -0.842532 103.897577 0.004900 1.549354 -0.074798 
947 38.905828 0.000000 -0.842532 103.910273 0.022494 1.874339 -0.074934 
948 39.202614 0.000000 -1.118830 103.637982 0.009079 1.566652 -0.069982 
949 39.499399 0.000000 -0.842532 104.203428 -0.014757 0.964220 -0.080562 
950 39.202614 0.000000 -0.566234 103.908847 0.005907 1.564644 -0.075002 
951 40.092969 0.000000 1.091555 107.974656 -0.068292 -8.145725 -0.141734 
952 40.092969 0.000000 0.538958 108.270310 -0.086000 -8.249812 -0.146598 
953 40.686539 0.000000 1.091555 109.125616 -0.083054 -9.277850 -0.159485 
954 40.092969 0.000000 1.644151 108.270310 -0.086000 -8.249812 -0.146598 
955 38.905828 0.000000 2.196747 100.323285 0.053229 -2.121892 -0.005999 
956 39.499399 0.000000 2.196747 101.573353 0.051700 -3.248601 -0.029986 
957 38.905828 0.000000 2.749343 100.437091 0.005433 -1.553373 -0.008467 
958 39.202614 0.000000 1.367853 106.066442 0.045098 -7.903588 -0.108918 
959 38.905828 0.000000 1.367853 105.613322 0.056941 -7.828598 -0.100929 
960 39.202614 0.000000 1.091555 106.169721 0.039415 -7.913098 -0.110738 
961 39.499399 0.000000 1.367853 107.353283 -0.002702 -8.060529 -0.131222 
962 39.202614 0.000000 1.644151 106.104898 0.039909 -7.899321 -0.109607 
963 51.370803 0.000000 7.170112 101.092764 -0.004539 -0.762706 -0.021572 
964 56.119364 0.000000 7.170112 99.947917 -0.025880 0.865322 0.001117 
965 51.370803 0.000000 11.590882 100.625627 0.000541 0.235311 -0.012433 
966 44.247960 0.000000 4.959728 100.852778 0.019088 -0.427624 -0.016899 
967 46.622241 0.000000 4.959728 100.768846 -0.018248 -0.641930 -0.015224 
968 44.247960 0.000000 7.170112 100.644930 -0.005035 -0.261036 -0.012813 
969 43.060820 0.000000 1.644151 100.671946 0.015305 -1.302070 -0.013187 
970 43.060820 0.000000 0.538958 105.751515 0.066947 -18.509288 -0.079094 
971 44.247960 0.000000 1.644151 104.974878 0.163370 -14.769310 -0.075621 
972 43.060820 0.000000 2.749343 100.501225 0.015104 -0.831815 -0.009909 
973 41.280109 0.000000 1.091555 108.887564 -0.077513 -9.941538 -0.154565 
974 41.280109 0.000000 0.538958 108.774295 -0.074876 -10.257330 -0.152185 
975 41.873679 0.000000 1.091555 107.481865 -0.019162 -12.184957 -0.126720 
976 41.280109 0.000000 1.644151 108.774295 -0.074876 -10.257330 -0.152185 
977 43.060820 0.000000 -0.566234 112.088984 -0.003370 4.485222 -0.211002 
978 43.060820 0.000000 -1.671426 99.689131 -0.004234 0.669155 0.006281 
979 44.247960 0.000000 -0.566234 124.705161 -0.161473 8.781847 -0.363762 
980 43.060820 0.000000 -2.776618 99.059412 0.001059 -1.082573 0.019098 
981 43.060820 0.000000 -3.881811 98.645054 0.041146 -0.889263 0.027525 
982 44.247960 0.000000 -2.776618 98.866351 -0.014918 -2.386280 0.023503 
983 42.467250 0.000000 -1.118830 109.350228 0.009138 3.286140 -0.168806 
984 41.873679 0.000000 -1.118830 106.731864 0.045202 1.814030 -0.125466 
985 42.467250 0.000000 -1.671426 109.736675 0.003564 3.507526 -0.174935 
986 43.060820 0.000000 -1.118830 111.458316 -0.001511 4.223096 -0.201572 
987 42.467250 0.000000 -0.566234 109.026172 0.013813 3.100495 -0.163614 
988 42.467250 0.000000 1.091555 106.900746 0.023291 -14.467710 -0.111493 
989 42.467250 0.000000 0.538958 106.797384 0.030745 -14.836102 -0.108747 
990 43.060820 0.000000 1.091555 105.792763 0.066467 -18.365735 -0.080331 
991 42.467250 0.000000 1.644151 100.522420 0.042453 -2.645616 -0.009707 
992 48.996522 0.000000 0.538958 107.432298 -0.005021 -4.831339 -0.135902 
993 48.996522 0.000000 -1.671426 100.699145 -0.021618 -1.730645 -0.013597 
994 51.370803 0.000000 0.538958 100.881744 0.110362 -0.252757 -0.017480 
995 48.996522 0.000000 2.749343 98.515672 0.018452 1.734951 0.030413 
996 45.435101 0.000000 -0.566234 131.993259 -0.377793 14.936181 -0.389472 
997 45.435101 0.000000 -1.671426 101.937373 0.016199 -25.339275 0.025543 
998 46.622241 0.000000 -0.566234 141.957143 -0.163522 -25.760516 -0.389472 
999 45.435101 0.000000 0.538958 115.091253 0.105493 -42.847234 -0.127223 
1000 43.654390 0.000000 -1.118830 116.968144 -0.044665 6.273770 -0.278192 
1001 43.654390 0.000000 -1.671426 99.806176 -0.001830 -5.821829 0.007300 
1002 44.247960 0.000000 -1.118830 123.868980 -0.163373 9.224183 -0.355232 
1003 43.654390 0.000000 -0.566234 116.873064 -0.043372 6.243260 -0.276980 
1004 45.435101 0.000000 1.644151 97.002201 -0.213603 -3.499230 0.062958 
1005 46.622241 0.000000 1.644151 99.348079 0.263095 -4.193725 0.014920 
1006 45.435101 0.000000 2.749343 98.465016 -0.022265 -3.009679 0.032087 
1007 44.841530 0.000000 -0.013638 115.697168 0.001822 -31.093065 -0.202529 
1008 44.247960 0.000000 -0.013638 109.402952 0.048297 -29.656184 -0.100643 
1009 44.841530 0.000000 -0.566234 128.486584 -0.264201 13.409497 -0.389472 
1010 45.435101 0.000000 -0.013638 120.578995 -0.073019 -23.307413 -0.297163 
1011 44.841530 0.000000 0.538958 115.266410 0.046228 -37.277503 -0.165086 
1012 -200.302961 0.000000 -209.447580 99.984770 0.000000 1.745241 0.000609 
1013 -276.279947 0.000000 -209.447580 99.984770 0.000000 1.745241 0.000609 
1014 -200.302961 0.000000 -280.179887 99.984770 0.000000 1.745241 0.000609 
1015 255.558951 0.000000 -209.447580 99.984770 0.000000 1.745241 0.000609 
1016 255.558951 0.000000 -280.179887 99.984770 0.000000 1.745241 0.000609 
1017 331.535936 0.000000 -209.447580 99.984770 0.000000 1.745241 0.000609 
1018 -200.302961 0.000000 214.946266 99.984770 0.000000 1.745241 0.000609 
1019 -276.279947 0.000000 214.946266 99.984770 0.000000 1.745241 0.000609 
1020 -200.302961 0.000000 285.678573 99.984770 0.000000 1.745241 0.000609 
1021 -86.337483 0.000000 -103.349118 99.984770 0.000000 1.745241 0.000609 
1022 -124.325976 0.000000 -103.349118 99.984770 0.000000 1.745241 0.000609 
1023 -86.337483 0.000000 -138.715272 99.984770 0.000000 1.745241 0.000609 
1024 103.604980 0.000000 214.946266 99.984770 0.000000 1.745241 0.000609 
1025 179.581965 0.000000 214.946266 99.984770 0.000000 1.745241 0.000609 
1026 103.604980 0.000000 285.678573 99.984770 0.000000 1.745241 0.000609 
1027 141.593473 0.000000 -103.349118 99.984770 0.000000 1.745241 0.000609 
1028 141.593473 0.000000 -138.715272 99.984770 0.000000 1.745241 0.000609 
1029 179.581965 0.000000 -103.349118 100.013977 0.003785 1.795535 0.000043 
1030 -86.337483 0.000000 108.847804 99.984770 0.000000 1.745241 0.000609 
1031 -124.325976 0.000000 108.847804 99.984770 0.000000 1.745241 0.000609 
1032 -86.337483 0.000000 144.213958 99.984770 0.000000 1.745241 0.000609 
1033 -29.354744 0.000000 -50.299888 99.984770 0.000000 1.745241 0.000609 
1034 -48.348991 0.000000 -50.299888 99.984770 0.000000 1.745241 0.000609 
1035 -29.354744 0.000000 -67.982965 99.984770 0.000000 1.745241 0.000609 
1036 65.616487 0.000000 108.847804 99.984770 0.000000 1.745241 0.000609 
1037 103.604980 0.000000 108.847804 99.984770 0.000000 1.745241 0.000609 
1038 65.616487 0.000000 144.213958 99.984770 0.000000 1.745241 0.000609 
1039 84.610734 0.000000 -50.299888 100.024221 -0.002393 1.805212 -0.000159 
1040 84.610734 0.000000 -67.982965 99.984770 0.000000 1.745241 0.000609 
1041 103.604980 0.000000 -50.299888 99.895880 -0.001321 1.584086 0.002336 
1042 -29.354744 0.000000 55.798574 99.984770 0.000000 1.745241 0.000609 
1043 -48.348991 0.000000 55.798574 99.984770 0.000000 1.745241 0.000609 
1044 -29.354744 0.000000 73.481651 99.984770 0.000000 1.745241 0.000609 
1045 -19.857621 0.000000 -23.775272 99.984770 0.000000 1.745241 0.000609 
1046 -29.354744 0.000000 -23.775272 99.984770 0.000000 1.745241 0.000609 
1047 -19.857621 0.000000 -32.616811 99.984770 0.000000 1.745241 0.000609 
1048 46.622241 0.000000 55.798574 99.984770 0.000000 1.745241 0.000609 
1049 65.616487 0.000000 55.798574 99.984770 0.000000 1.745241 0.000609 
1050 46.622241 0.000000 73.481651 99.984770 0.000000 1.745241 0.000609 
1051 -0.863375 0.000000 29.273958 99.984770 0.000000 1.745241 0.000609 
1052 -10.360498 0.000000 29.273958 99.984770 0.000000 1.745241 0.000609 
1053 -0.863375 0.000000 38.115497 99.984770 0.000000 1.745241 0.000609 
1054 56.119364 0.000000 -23.775272 100.039031 0.011566 1.837747 -0.000443 
1055 56.119364 0.000000 -32.616811 99.956317 0.002923 1.694838 0.001162 
1056 65.616487 0.000000 -23.775272 99.338318 -0.024626 0.569604 0.013349 
1057 -19.857621 0.000000 29.273958 99.984770 0.000000 1.745241 0.000609 
1058 -29.354744 0.000000 29.273958 99.984770 0.000000 1.745241 0.000609 
1059 -19.857621 0.000000 38.115497 99.984770 0.000000 1.745241 0.000609 
1060 37.125118 0.000000 29.273958 99.984770 0.000000 1.745241 0.000609 
1061 46.622241 0.000000 29.273958 99.984770 0.000000 1.745241 0.000609 
1062 37.125118 0.000000 38.115497 99.984770 0.000000 1.745241 0.000609 
1063 13.382310 0.000000 16.011651 99.984770 0.000000 1.745241 0.000609 
1064 8.633748 0.000000 16.011651 99.984770 0.000000 1.745241 0.000609 
1065 13.382310 0.000000 20.432420 99.984770 0.000000 1.745241 0.000609 
1066 -3.237656 0.000000 4.959728 99.984770 0.000000 1.745241 0.000609 
1067 -5.611936 0.000000 4.959728 99.984770 0.000000 1.745241 0.000609 
1068 -3.237656 0.000000 7.170112 99.984770 0.000000 1.745241 0.000609 
1069 2.104476 0.000000 -1.118830 87.299192 0.473459 -16.267299 0.318797 
1070 2.104476 0.000000 -1.671426 89.060515 0.580145 -14.787469 0.269059 
1071 2.104476 0.000000 -0.566234 86.808490 0.444568 -16.691309 0.333067 
1072 3.291617 0.000000 -0.013638 82.710004 0.469071 25.859937 0.500704 
1073 2.698046 0.000000 -0.013638 76.161710 0.587339 22.393997 0.652220 
1074 3.885187 0.000000 -0.013638 87.614168 -0.368184 -24.156112 0.357052 
1075 2.104476 0.000000 -0.013638 70.325582 0.610127 22.753180 0.819127 
1076 2.104476 0.000000 0.538958 69.716972 0.809528 26.675573 0.876142 
1077 4.478757 0.000000 -1.118830 93.103522 -0.532993 -4.968279 0.149495 
1078 4.478757 0.000000 -1.671426 93.431587 0.519032 -4.143107 0.141233 
1079 4.478757 0.000000 -0.566234 93.530036 0.531018 -4.714218 0.139639 
1080 5.665897 0.000000 -0.013638 88.581968 -0.019424 0.711532 0.251006 
1081 5.072327 0.000000 -0.013638 84.764269 3.212705 1.660414 0.345414 
1082 6.259468 0.000000 -0.013638 82.822574 -0.013104 16.582073 0.434337 
1083 4.478757 0.000000 -0.013638 87.424508 -0.094433 -1.874431 0.279097 
1084 2.104476 0.000000 1.091555 99.984770 0.000000 1.745241 0.000609 
1085 1.510906 0.000000 1.091555 99.984770 0.000000 1.745241 0.000609 
1086 2.104476 0.000000 1.644151 99.984770 0.000000 1.745241 0.000609 
1087 15.756591 0.000000 9.380497 99.984770 0.000000 1.745241 0.000609 
1088 13.382310 0.000000 9.380497 99.984770 0.000000 1.745241 0.000609 
1089 15.756591 0.000000 11.590882 99.984770 0.000000 1.745241 0.000609 
1090 11.008029 0.000000 9.380497 99.984770 0.000000 1.745241 0.000609 
1091 8.633748 0.000000 9.380497 99.984770 0.000000 1.745241 0.000609 
1092 11.008029 0.000000 11.590882 99.984770 0.000000 1.745241 0.000609 
1093 5.072327 0.000000 3.854535 99.984770 0.000000 1.745241 0.000609 
1094 3.885187 0.000000 3.854535 99.984770 0.000000 1.745241 0.000609 
1095 5.072327 0.000000 4.959728 99.984770 0.000000 1.745241 0.000609 
1096 6.853038 0.000000 -0.013638 88.046611 -0.126511 2.961461 0.264887 
1097 7.446608 0.000000 -0.013638 89.229995 -0.097610 11.490950 0.253196 
1098 6.853038 0.000000 0.538958 92.444767 0.358774 -1.005888 0.161458 
1099 6.853038 0.000000 1.091555 90.801380 -0.045474 15.578787 0.230306 
1100 7.446608 0.000000 1.091555 97.214371 0.324778 0.553129 0.057196 
1101 6.853038 0.000000 1.644151 90.458050 -0.033309 15.932809 0.239997 
1102 16.943731 0.000000 1.644151 101.074512 -0.193262 0.897637 -0.021189 
1103 15.756591 0.000000 1.644151 100.276652 -0.043188 4.152147 -0.003806 
1104 18.130872 0.000000 1.644151 102.946810 0.079932 -0.847881 -0.057199 
1105 14.569450 0.000000 1.644151 99.246624 0.227996 4.589311 0.017335 
1106 16.943731 0.000000 -2.776618 99.164267 0.013641 1.170237 0.016986 
1107 16.943731 0.000000 -3.881811 99.575734 0.000089 2.055192 0.008947 
1108 11.601599 0.000000 -2.224022 97.599606 0.034466 2.178869 0.049588 
1109 11.601599 0.000000 -2.776618 99.535051 0.066354 3.668840 0.010706 
1110 12.195170 0.000000 -2.224022 97.599606 0.034466 2.178869 0.049588 
1111 10.414459 0.000000 3.301939 95.578228 0.265175 14.098054 0.114790 
1112 11.008029 0.000000 3.301939 102.546663 -0.007971 -0.224401 -0.049683 
1113 10.414459 0.000000 3.854535 102.015446 -0.196674 0.056690 -0.039528 
1114 32.376556 0.000000 16.011651 100.553442 0.011594 0.963235 -0.010919 
1115 37.125118 0.000000 16.011651 100.140675 -0.028257 1.412792 -0.002611 
1116 32.376556 0.000000 20.432420 99.984770 0.000000 1.745241 0.000609 
1117 25.253714 0.000000 9.380497 100.659524 -0.021150 0.521779 -0.013081 
1118 27.627995 0.000000 9.380497 99.799441 0.030454 1.771996 0.004335 
1119 25.253714 0.000000 11.590882 100.269803 0.027339 1.507904 -0.005157 
1120 19.318012 0.000000 1.644151 100.505123 0.044566 1.174129 -0.009918 
1121 19.318012 0.000000 6.064920 100.895709 0.126574 -0.016677 -0.017760 
1122 18.130872 0.000000 6.064920 100.046665 0.053815 1.832061 -0.000597 
1123 19.318012 0.000000 7.170112 100.777155 0.030825 0.583175 -0.015395 
1124 19.911582 0.000000 -0.013638 100.868719 0.191115 -0.018701 -0.017227 
1125 19.318012 0.000000 -0.013638 100.521268 -0.025310 -0.529627 -0.010346 
1126 19.911582 0.000000 0.538958 100.868719 0.191115 -0.018701 -0.017227 
1127 22.285863 0.000000 -0.013638 101.130716 0.007495 1.020777 -0.022270 
1128 22.879433 0.000000 -0.013638 100.938787 0.044454 -0.883670 -0.018532 
1129 22.285863 0.000000 0.538958 100.291264 -0.001868 -0.977967 -0.005714 
1130 19.911582 0.000000 -2.224022 101.512610 -0.046535 1.980784 -0.029440 
1131 19.318012 0.000000 -2.224022 100.089258 -0.226655 2.598943 -0.001104 
1132 19.911582 0.000000 -2.776618 99.691098 0.063803 1.781123 0.006517 
1133 24.660144 0.000000 -1.118830 99.009004 0.020605 -2.655196 0.020730 
1134 24.660144 0.000000 -1.671426 98.994858 0.022935 -2.691277 0.021038 
1135 24.660144 0.000000 -0.566234 99.015745 0.023976 -2.645924 0.020588 
1136 23.473003 0.000000 -0.013638 100.915729 0.010888 -1.026211 -0.018053 
1137 24.066573 0.000000 -0.013638 100.903765 -0.029575 -1.044855 -0.017814 
1138 23.473003 0.000000 0.538958 102.432924 -0.051326 0.127022 -0.047521 
1139 21.989078 0.000000 -0.842532 101.556453 -0.039453 1.779402 -0.030364 
1140 22.285863 0.000000 -0.842532 101.105275 0.010689 0.962312 -0.021783 
1141 21.989078 0.000000 -0.566234 101.561701 -0.039165 1.784037 -0.030464 
1142 20.950330 0.000000 -0.980681 101.927470 -0.033289 2.057316 -0.037439 
1143 20.801937 0.000000 -0.980681 101.804317 -0.035012 2.194080 -0.035007 
1144 20.950330 0.000000 -0.842532 101.804163 -0.033033 2.337237 -0.034943 
1145 30.002275 0.000000 9.380497 100.124295 0.135025 1.217891 -0.002333 
1146 32.376556 0.000000 9.380497 99.995769 0.170942 1.455172 0.000299 
1147 30.002275 0.000000 11.590882 100.128002 -0.039901 1.358528 -0.002373 
1148 24.066573 0.000000 6.064920 100.420558 0.210058 0.121655 -0.008372 
1149 25.253714 0.000000 6.064920 99.887025 -0.319508 0.969038 0.002366 
1150 24.066573 0.000000 7.170112 99.681630 0.044557 1.758277 0.006699 
1151 21.098722 0.000000 4.407132 102.654421 -0.139595 -5.160113 -0.049267 
1152 20.505152 0.000000 4.407132 99.257702 -0.422624 1.116267 0.015095 
1153 21.098722 0.000000 4.959728 99.904865 -0.257780 0.532576 0.001940 
1154 23.473003 0.000000 -2.224022 99.231182 0.021927 0.692342 0.015537 
1155 23.473003 0.000000 -2.776618 99.743171 -0.132363 1.374750 0.005341 
1156 24.066573 0.000000 -2.224022 99.341724 0.074037 0.392944 0.013263 
1157 24.660144 0.000000 3.301939 106.554154 0.302134 -8.198767 -0.117131 
1158 24.660144 0.000000 2.749343 106.519912 0.305821 -8.178269 -0.116556 
1159 24.660144 0.000000 3.854535 99.669173 -0.137112 -1.322650 0.006816 
1160 23.473003 0.000000 4.407132 100.552109 -0.689105 -1.443575 -0.010733 
1161 24.066573 0.000000 4.407132 99.528737 0.458788 0.500696 0.009514 
1162 23.473003 0.000000 4.959728 99.898897 -0.484347 0.194063 0.002051 
1163 51.370803 0.000000 -10.512965 99.328424 -0.051504 0.349550 0.013529 
1164 51.370803 0.000000 -14.933734 98.949169 -0.020061 -0.228175 0.021229 
1165 56.119364 0.000000 -10.512965 99.500884 0.009336 0.367233 0.010043 
1166 30.595846 0.000000 -1.118830 103.919849 0.081109 -3.277612 -0.074467 
1167 30.595846 0.000000 -1.671426 104.483734 0.036281 -3.317866 -0.084810 
1168 30.595846 0.000000 -0.566234 104.516308 0.021128 -1.486418 -0.086173 
1169 30.595846 0.000000 2.196747 103.526491 -0.013888 -9.758903 -0.059500 
1170 30.595846 0.000000 1.644151 103.526491 -0.013888 -9.758903 -0.059500 
1171 30.595846 0.000000 2.749343 103.526491 -0.013888 -9.758903 -0.059500 
1172 34.157267 0.000000 -0.013638 101.521624 -0.020060 -0.023579 -0.029991 
1173 33.563697 0.000000 -0.013638 101.379911 0.244854 -16.584403 -0.000278 
1174 34.750837 0.000000 -0.013638 101.516867 -0.016351 -0.019615 -0.029898 
1175 32.970126 0.000000 -0.013638 106.236124 -0.109483 -0.016379 -0.117100 
1176 32.376556 0.000000 -0.013638 105.535075 -0.089464 0.043914 -0.104718 
1177 32.970126 0.000000 0.538958 106.237199 -0.109528 -0.016515 -0.117118 
1178 32.970126 0.000000 1.091555 105.133692 -0.092538 -5.180322 -0.095240 
1179 32.376556 0.000000 1.091555 106.267476 -0.110804 -0.020330 -0.117649 
1180 32.970126 0.000000 -2.224022 97.966570 0.102819 -7.323669 0.047143 
1181 32.376556 0.000000 -2.224022 94.787992 -0.009923 -11.748760 0.125259 
1182 32.970126 0.000000 -2.776618 94.912315 -0.135417 -11.040974 0.120607 
1183 35.344407 0.000000 -0.013638 101.662078 -0.129556 -0.140604 -0.032710 
1184 35.641192 0.000000 -0.842532 105.882477 0.034546 2.541314 -0.110341 
1185 35.344407 0.000000 -0.842532 106.228884 0.047954 2.412498 -0.116493 
1186 35.641192 0.000000 -0.566234 105.601648 0.070175 2.672335 -0.105302 
1187 40.686539 0.000000 3.854535 100.439711 0.046139 -0.607637 -0.008721 
1188 41.873679 0.000000 3.854535 100.750013 0.023963 -0.777125 -0.014834 
1189 40.686539 0.000000 4.959728 101.373937 -0.008211 -1.833281 -0.026796 
1190 36.234763 0.000000 -1.395128 105.778185 -0.027642 2.928456 -0.108318 
1191 36.234763 0.000000 -1.671426 105.560432 -0.028865 2.965351 -0.104429 
1192 35.641192 0.000000 1.367853 105.706221 -0.073532 -7.759118 -0.102686 
1193 35.344407 0.000000 1.367853 106.473101 -0.096621 -7.869906 -0.116149 
1194 35.641192 0.000000 1.091555 105.351941 -0.065590 -7.815575 -0.096242 
1195 36.234763 0.000000 1.920449 105.086834 0.002779 -7.563843 -0.091777 
1196 36.234763 0.000000 2.196747 101.729980 -0.242229 -2.578349 -0.033390 
1197 37.718688 0.000000 -2.224022 98.325692 0.008722 -3.563753 0.035343 
1198 37.718688 0.000000 -2.776618 95.435583 0.055631 -9.674730 0.105786 
1199 38.312258 0.000000 -2.224022 97.402538 -0.164191 -5.617547 0.056607 
1200 37.421903 0.000000 -1.395128 105.922722 0.070541 2.998905 -0.110841 
1201 37.421903 0.000000 -1.671426 105.716769 0.065246 2.947096 -0.107218 
1202 37.718688 0.000000 -1.395128 105.472977 0.040151 2.814402 -0.102942 
1203 37.421903 0.000000 1.920449 104.368598 -0.018639 -7.372143 -0.078889 
1204 37.718688 0.000000 1.920449 104.578343 -0.004848 -7.526537 -0.082545 
1205 37.421903 0.000000 2.196747 102.098949 -0.086629 -4.430198 -0.039287 
1206 48.996522 0.000000 -3.881811 102.334474 -0.006260 1.911966 -0.045303 
1207 48.996522 0.000000 -6.092195 99.231804 0.023888 -0.035411 0.015475 
1208 51.370803 0.000000 -3.881811 93.695878 0.277894 -7.908027 0.140721 
1209 41.280109 0.000000 -1.118830 104.556473 0.065612 0.710712 -0.087053 
1210 41.280109 0.000000 -1.671426 104.855407 0.064332 0.868755 -0.092456 
1211 41.280109 0.000000 -0.566234 104.469470 0.065985 0.664715 -0.085472 
1212 41.280109 0.000000 -0.013638 106.306478 -0.029512 -0.320004 -0.118323 
1213 40.686539 0.000000 -0.013638 105.934844 -0.041986 1.932003 -0.111494 
1214 41.873679 0.000000 -0.013638 106.459053 -0.045929 1.282730 -0.120860 
1215 40.092969 0.000000 -0.013638 106.975797 0.025593 3.151930 -0.129143 
1216 40.092969 0.000000 2.196747 101.144243 0.050425 -1.796626 -0.022323 
1217 40.686539 0.000000 2.196747 100.893523 0.005538 -0.804713 -0.017656 
1218 40.092969 0.000000 2.749343 100.479158 0.005821 -1.023230 -0.009436 
1219 45.435101 0.000000 -2.776618 99.625747 -0.004577 -2.224472 0.008012 
1220 45.435101 0.000000 -3.881811 98.938975 0.039394 -0.766566 0.021493 
1221 46.622241 0.000000 -2.776618 101.522850 -0.002798 4.333823 -0.028216 
1222 48.996522 0.000000 4.959728 99.630394 -0.009846 -0.121546 0.007419 
1223 51.370803 0.000000 4.959728 100.537284 0.047379 -1.289478 -0.010527 
1224 48.996522 0.000000 7.170112 100.663914 0.007398 -0.001654 -0.013195 
1225 43.060820 0.000000 3.854535 100.927815 0.023518 -0.742924 -0.018339 
1226 44.247960 0.000000 3.854535 100.643009 0.047834 -0.276898 -0.012774 
1227 43.060820 0.000000 4.959728 100.594484 0.023279 -0.277091 -0.011815 
1228 45.435101 0.000000 3.854535 100.982146 -0.010268 -1.111681 -0.019339 
1229 46.622241 0.000000 3.854535 97.791050 -0.016619 2.743338 0.045889 
1230 45.435101 0.000000 4.959728 100.692133 0.010990 -0.515045 -0.013726 
1231 43.654390 0.000000 -0.013638 102.848765 0.019203 -14.495964 -0.035807 
1232 43.060820 0.000000 -0.013638 104.958539 -0.001816 -23.348842 -0.045531 
1233 43.654390 0.000000 0.538958 106.013229 0.065951 -24.026324 -0.063052 
1234 42.467250 0.000000 -0.013638 106.785650 -0.045536 0.522306 -0.126641 
1235 44.841530 0.000000 -1.118830 125.344597 -0.233343 13.203792 -0.366166 
1236 44.841530 0.000000 -1.671426 100.206629 0.006730 10.108767 0.006109 
1237 45.435101 0.000000 -1.118830 131.831681 -0.377527 14.970679 -0.389472 
1238 255.558951 0.000000 214.946266 99.984770 0.000000 1.745241 0.000609 
1239 331.535936 0.000000 214.946266 99.984770 0.000000 1.745241 0.000609 
1240 255.558951 0.000000 285.678573 99.984770 0.000000 1.745241 0.000609 
1241 141.593473 0.000000 108.847804 99.984770 0.000000 1.745241 0.000609 
1242 179.581965 0.000000 108.847804 99.984770 0.000000 1.745241 0.000609 
1243 141.593473 0.000000 144.213958 99.984770 0.000000 1.745241 0.000609 
1244 84.610734 0.000000 55.798574 99.984770 0.000000 1.745241 0.000609 
1245 103.604980 0.000000 55.798574 100.011248 0.003818 1.694488 0.000062 
1246 84.610734 0.000000 73.481651 99.984770 0.000000 1.745241 0.000609 
1247 3.885187 0.000000 16.011651 99.984770 0.000000 1.745241 0.000609 
1248 -0.863375 0.000000 16.011651 99.984770 0.000000 1.745241 0.000609 
1249 3.885187 0.000000 20.432420 99.984770 0.000000 1.745241 0.000609 
1250 -5.611936 0.000000 16.011651 99.984770 0.000000 1.745241 0.000609 
1251 -10.360498 0.000000 16.011651 99.984770 0.000000 1.745241 0.000609 
1252 -5.611936 0.000000 20.432420 99.984770 0.000000 1.745241 0.000609 
1253 56.119364 0.000000 29.273958 100.114778 -0.030551 1.553061 -0.002053 
1254 65.616487 0.000000 29.273958 100.108174 0.001981 1.497443 -0.001938 
1255 56.119364 0.000000 38.115497 99.984770 0.000000 1.745241 0.000609 
1256 6.259468 0.000000 9.380497 99.984770 0.000000 1.745241 0.000609 
1257 3.885187 0.000000 9.380497 99.984770 0.000000 1.745241 0.000609 
1258 6.259468 0.000000 11.590882 99.984770 0.000000 1.745241 0.000609 
1259 1.510906 0.000000 9.380497 99.984770 0.000000 1.745241 0.000609 
1260 -0.863375 0.000000 9.380497 99.984770 0.000000 1.745241 0.000609 
1261 1.510906 0.000000 11.590882 99.984770 0.000000 1.745241 0.000609 
1262 -3.237656 0.000000 9.380497 99.984770 0.000000 1.745241 0.000609 
1263 -5.611936 0.000000 9.380497 99.984770 0.000000 1.745241 0.000609 
1264 -3.237656 0.000000 11.590882 99.984770 0.000000 1.745241 0.000609 
1265 2.698046 0.000000 3.854535 99.984770 0.000000 1.745241 0.000609 
1266 1.510906 0.000000 3.854535 99.984770 0.000000 1.745241 0.000609 
1267 2.698046 0.000000 4.959728 99.984770 0.000000 1.745241 0.000609 
1268 0.917336 0.000000 1.091555 99.984770 0.000000 1.745241 0.000609 
1269 0.323766 0.000000 1.091555 99.984770 0.000000 1.745241 0.000609 
1270 0.917336 0.000000 1.644151 99.984770 0.000000 1.745241 0.000609 
1271 41.873679 0.000000 16.011651 99.971461 -0.089867 1.647939 0.000844 
1272 46.622241 0.000000 16.011651 100.263985 0.028041 1.128217 -0.005140 
1273 41.873679 0.000000 20.432420 100.139871 0.018019 1.513780 -0.002565 
1274 16.943731 0.000000 6.064920 100.617602 0.091353 1.090466 -0.012162 
1275 15.756591 0.000000 6.064920 101.104725 -0.106693 0.787545 -0.021801 
1276 16.943731 0.000000 7.170112 100.978602 -0.008295 0.941666 -0.019304 
1277 14.569450 0.000000 6.064920 101.156345 0.024066 0.989140 -0.022778 
1278 13.382310 0.000000 6.064920 99.636209 -0.070535 3.033743 0.008232 
1279 14.569450 0.000000 7.170112 99.653708 0.029984 2.895387 0.007796 
1280 24.660144 0.000000 -0.013638 99.968346 0.019431 -1.876743 0.000986 
1281 25.253714 0.000000 -0.013638 103.625524 -0.023609 0.126468 -0.069969 
1282 24.660144 0.000000 0.538958 102.376134 -0.047021 0.159837 -0.046437 
1283 34.750837 0.000000 9.380497 100.007157 -0.014977 1.294292 0.000024 
1284 37.125118 0.000000 9.380497 100.310262 0.062289 0.767700 -0.006128 
1285 34.750837 0.000000 11.590882 100.035876 -0.141395 1.441660 -0.000508 
1286 26.440854 0.000000 6.064920 99.478009 0.140786 1.776897 0.010814 
1287 27.627995 0.000000 6.064920 100.119885 0.085134 0.563720 -0.002363 
1288 26.440854 0.000000 7.170112 100.058163 0.200288 1.111169 -0.001035 
1289 24.660144 0.000000 -2.224022 98.989080 0.044320 -0.260903 0.020417 
1290 24.660144 0.000000 -2.776618 99.640400 0.085682 1.276822 0.007382 
1291 25.253714 0.000000 -2.224022 99.522272 -0.112865 0.905388 0.009682 
1292 24.660144 0.000000 4.407132 100.230116 0.656510 -0.541752 -0.004520 
1293 25.253714 0.000000 4.407132 100.463615 -0.129105 -1.535322 -0.008997 
1294 24.660144 0.000000 4.959728 99.019029 0.126840 1.900737 0.020173 
1295 25.847284 0.000000 -0.013638 103.625524 -0.023609 0.126468 -0.069969 
1296 26.440854 0.000000 -0.013638 102.527979 -0.013447 0.236973 -0.049327 
1297 25.847284 0.000000 0.538958 103.625524 -0.023609 0.126468 -0.069969 
1298 25.847284 0.000000 -2.224022 98.604915 0.092065 -0.177145 0.028270 
1299 25.847284 0.000000 -2.776618 99.071503 -0.044069 0.194550 0.018736 
1300 26.440854 0.000000 -2.224022 98.407359 0.030071 -1.051582 0.032443 
1301 28.815135 0.000000 6.064920 100.529175 -0.045605 -0.100206 -0.010529 
1302 30.002275 0.000000 6.064920 99.969832 0.115008 0.730007 0.000658 
1303 28.815135 0.000000 7.170112 99.924412 0.163381 1.359962 0.001701 
1304 25.847284 0.000000 4.407132 99.239585 -0.105887 0.711837 0.015370 
1305 26.440854 0.000000 4.407132 99.244826 0.003694 0.581126 0.015245 
1306 25.847284 0.000000 4.959728 99.959462 0.179256 0.162454 0.000817 
1307 31.782986 0.000000 -0.013638 106.311306 -0.112652 -0.025853 -0.118415 
1308 31.189416 0.000000 -0.013638 100.697298 -0.372027 -11.997716 0.000414 
1309 31.782986 0.000000 0.538958 106.315152 -0.112814 -0.026337 -0.118482 
1310 30.595846 0.000000 -0.013638 104.476367 0.027914 0.356431 -0.085626 
1311 30.002275 0.000000 -0.013638 104.474293 0.026698 0.359137 -0.085588 
1312 30.595846 0.000000 0.538958 104.476361 0.027885 0.356489 -0.085626 
1313 30.595846 0.000000 1.091555 104.549328 0.005563 0.393225 -0.086953 
1314 30.002275 0.000000 1.091555 104.473719 0.026649 0.359303 -0.085577 
1315 31.189416 0.000000 1.091555 101.930474 -0.050510 -7.886683 -0.031994 
1316 31.782986 0.000000 1.091555 106.307070 -0.112473 -0.025319 -0.118341 
1317 31.782986 0.000000 -2.224022 94.931924 0.082873 -6.945935 0.111610 
1318 31.189416 0.000000 -2.224022 102.354098 0.320372 -6.439645 -0.042130 
1319 31.782986 0.000000 -2.776618 100.588972 0.233007 -6.919317 -0.006985 
1320 30.595846 0.000000 -2.224022 98.929143 -0.225522 -6.667128 0.026235 
1321 30.002275 0.000000 -2.224022 95.164148 -0.201642 -5.290168 0.104198 
1322 30.595846 0.000000 -2.776618 99.536095 -0.042099 -4.384098 0.011269 
1323 51.370803 0.000000 16.011651 100.334436 -0.050990 0.883542 -0.006590 
1324 56.119364 0.000000 16.011651 100.392878 -0.018918 0.866815 -0.007754 
1325 51.370803 0.000000 20.432420 100.096224 -0.008139 1.472464 -0.001706 
1326 39.499399 0.000000 9.380497 100.643688 0.078221 0.075912 -0.012794 
1327 41.873679 0.000000 9.380497 101.363574 0.034237 -0.993668 -0.026822 
1328 39.499399 0.000000 11.590882 100.222452 0.051975 1.077209 -0.004324 
1329 38.905828 0.000000 -2.224022 99.448054 0.195210 -0.980430 0.011198 
1330 38.905828 0.000000 -2.776618 97.250840 -0.066396 -4.657687 0.058733 
1331 39.499399 0.000000 -2.224022 97.294514 -0.052399 -4.964303 0.058132 
1332 41.280109 0.000000 2.196747 100.667927 0.032597 -0.750710 -0.013218 
1333 41.873679 0.000000 2.196747 100.402386 0.094686 0.135596 -0.008014 
1334 41.280109 0.000000 2.749343 100.915798 0.031371 -0.748288 -0.018102 
1335 40.092969 0.000000 -2.224022 99.811737 -0.001470 -2.774402 0.004546 
1336 40.092969 0.000000 -2.776618 99.782513 -0.006505 -2.525599 0.005001 
1337 40.686539 0.000000 -2.224022 98.062192 0.029145 -3.980013 0.041132 
1338 43.654390 0.000000 1.091555 105.508772 0.079671 -25.368523 -0.047153 
1339 44.247960 0.000000 1.091555 107.194648 0.080599 -32.005760 -0.045082 
1340 43.654390 0.000000 1.644151 96.463969 -0.105090 1.890878 0.073423 
1341 42.467250 0.000000 2.196747 101.899847 -0.002231 -2.736001 -0.036598 
1342 43.060820 0.000000 2.196747 100.036698 0.024048 -0.728843 -0.000681 
1343 42.467250 0.000000 2.749343 101.224750 0.066990 -0.649812 -0.024168 
1344 44.841530 0.000000 1.091555 115.091253 0.105493 -42.847234 -0.127223 
1345 45.435101 0.000000 1.091555 113.890248 0.721037 -21.769907 -0.207812 
1346 44.841530 0.000000 1.644151 93.636932 -0.050644 -1.367561 0.134797 
1347 0.323766 0.000000 3.854535 99.984770 0.000000 1.745241 0.000609 
1348 -0.863375 0.000000 3.854535 99.984770 0.000000 1.745241 0.000609 
1349 0.323766 0.000000 4.959728 99.984770 0.000000 1.745241 0.000609 
1350 12.195170 0.000000 6.064920 98.658892 0.068025 4.466093 0.029235 
1351 11.008029 0.000000 6.064920 99.984770 0.000000 1.745241 0.000609 
1352 12.195170 0.000000 7.170112 99.984770 0.000000 1.745241 0.000609 
1353 9.820889 0.000000 6.064920 99.984770 0.000000 1.745241 0.000609 
1354 8.633748 0.000000 6.064920 99.984770 0.000000 1.745241 0.000609 
1355 9.820889 0.000000 7.170112 99.984770 0.000000 1.745241 0.000609 
1356 31.189416 0.000000 6.064920 100.154675 -0.106718 0.441989 -0.003068 
1357 32.376556 0.000000 6.064920 100.296474 0.168381 0.223829 -0.005905 
1358 31.189416 0.000000 7.170112 99.835755 -0.017438 1.277394 0.003454 
1359 29.408705 0.000000 -0.013638 104.468564 0.024935 0.363377 -0.085483 
1360 28.815135 0.000000 -0.013638 104.091101 -0.010097 0.478363 -0.078559 
1361 29.408705 0.000000 0.538958 104.468251 0.024836 0.363615 -0.085477 
1362 29.408705 0.000000 1.091555 104.468289 0.025003 0.363271 -0.085478 
1363 28.815135 0.000000 1.091555 104.091101 -0.010097 0.478363 -0.078559 
1364 29.408705 0.000000 -2.224022 100.808580 0.129490 -3.356478 -0.014944 
1365 28.815135 0.000000 -2.224022 95.186641 0.263490 -4.701078 0.103036 
1366 29.408705 0.000000 -2.776618 102.064124 0.039552 -1.282771 -0.040312 
1367 44.247960 0.000000 9.380497 100.324265 0.016701 0.364919 -0.006452 
1368 46.622241 0.000000 9.380497 101.372920 -0.007081 -1.090178 -0.026985 
1369 44.247960 0.000000 11.590882 100.385294 -0.065479 0.591347 -0.007643 
1370 33.563697 0.000000 6.064920 100.806743 -0.143485 -0.472425 -0.015987 
1371 34.750837 0.000000 6.064920 100.498539 -0.027507 -0.394280 -0.009908 
1372 33.563697 0.000000 7.170112 100.274175 0.094035 0.547709 -0.005439 
1373 41.280109 0.000000 -2.224022 98.332574 -0.012336 -2.414148 0.034480 
1374 41.280109 0.000000 -2.776618 98.561338 -0.002084 -2.072359 0.029608 
1375 41.873679 0.000000 -2.224022 99.858670 0.000436 -1.633835 0.003098 
1376 48.996522 0.000000 9.380497 100.239363 -0.003849 0.728526 -0.004724 
1377 51.370803 0.000000 9.380497 100.481053 0.000348 0.460777 -0.009556 
1378 48.996522 0.000000 11.590882 100.608498 -0.016567 0.402982 -0.012084 
1379 43.654390 0.000000 2.196747 100.659418 -0.008634 -1.264922 -0.012949 
1380 44.247960 0.000000 2.196747 96.973642 -0.075327 0.721337 0.062280 
1381 43.654390 0.000000 2.749343 100.583865 -0.017732 -1.202526 -0.011470 
1382 42.467250 0.000000 -2.224022 99.152285 0.008310 -2.062550 0.017525 
1383 42.467250 0.000000 -2.776618 98.694159 -0.005239 -2.090482 0.026890 
1384 43.060820 0.000000 -2.224022 99.378745 -0.001625 -0.194266 0.012502 
1385 44.841530 0.000000 2.196747 102.952254 0.054704 -9.603171 -0.048865 
1386 45.435101 0.000000 2.196747 101.691368 0.060376 -6.367081 -0.029412 
1387 44.841530 0.000000 2.749343 97.045922 -0.040898 2.219710 0.061234 
1 11 62 60 61 
2 62 10 24 60 
3 60 24 14 63 
4 61 60 63 6 
5 24 66 64 65 
6 66 23 40 64 
7 64 40 27 67 
8 65 64 67 14 
9 40 70 68 69 
10 69 68 71 27 
11 6 63 92 93 
12 63 14 36 92 
13 92 36 19 94 
14 93 92 94 20 
15 14 67 95 96 
16 67 27 52 95 
17 95 52 35 97 
18 96 95 97 36 
19 27 71 98 99 
20 99 98 100 52 
21 68 112 110 111 
22 112 56 80 110 
23 110 80 43 113 
24 111 110 113 71 
25 80 116 114 115 
26 115 114 117 43 
27 71 113 133 134 
28 113 43 102 133 
29 133 102 76 135 
30 134 133 135 98 
31 43 117 136 137 
32 137 136 138 102 
33 114 141 139 140 
34 141 106 129 139 
35 139 129 83 142 
36 140 139 142 117 
37 12 145 143 144 
38 145 7 146 143 
39 143 146 13 25 
40 144 143 25 10 
41 25 149 147 148 
42 149 13 150 147 
43 147 150 26 41 
44 148 147 41 23 
45 41 153 151 152 
46 153 26 154 151 
47 151 154 42 57 
48 152 151 57 39 
49 39 157 155 156 
50 157 57 158 155 
51 155 158 55 81 
52 156 155 81 56 
53 81 161 159 160 
54 161 55 162 159 
55 159 162 82 107 
56 160 159 107 79 
57 79 165 163 164 
58 165 107 166 163 
59 106 169 167 168 
60 168 167 171 129 
61 56 174 172 173 
62 174 81 160 172 
63 172 160 79 116 
64 173 172 116 80 
65 116 177 175 176 
66 177 79 164 175 
67 175 164 106 141 
68 176 175 141 114 
69 164 180 178 179 
70 180 163 181 178 
71 178 181 130 169 
72 179 178 169 106 
73 169 196 194 195 
74 196 130 197 194 
75 194 197 170 198 
76 195 194 198 167 
77 199 201 124 202 
78 200 199 202 125 
79 129 171 203 204 
80 203 205 132 206 
81 204 203 206 83 
82 167 198 207 208 
83 198 170 209 207 
84 207 209 128 210 
85 208 207 210 171 
86 107 212 211 166 
87 212 82 213 211 
88 163 215 214 181 
89 215 166 216 214 
90 214 216 105 191 
91 181 214 191 130 
92 191 223 221 222 
93 223 105 224 221 
94 221 224 192 225 
95 222 221 225 190 
96 226 227 109 228 
97 205 226 228 132 
98 232 233 126 234 
99 201 232 234 124 
100 235 236 189 237 
101 227 235 237 109 
102 193 240 238 239 
103 240 131 241 238 
104 238 241 227 242 
105 239 238 242 226 
106 166 244 243 216 
107 244 211 245 243 
108 243 245 187 218 
109 216 243 218 105 
110 251 108 252 250 
111 250 252 188 253 
112 218 256 254 255 
113 256 187 257 254 
114 254 257 219 258 
115 255 254 258 217 
116 131 260 259 241 
117 260 220 261 259 
118 259 261 235 262 
119 241 259 262 227 
120 253 188 264 263 
121 263 264 59 265 
122 236 263 265 189 
123 220 267 266 261 
124 267 186 268 266 
125 266 268 236 269 
126 261 266 269 235 
127 57 271 270 158 
128 271 42 272 270 
129 270 272 58 89 
130 158 270 89 55 
131 55 274 273 162 
132 274 89 275 273 
133 273 275 88 183 
134 162 273 183 82 
135 82 277 276 213 
136 277 183 278 276 
137 211 280 279 245 
138 280 213 281 279 
139 279 281 108 251 
140 245 279 251 187 
141 187 283 282 257 
142 283 251 284 282 
143 282 284 250 285 
144 257 282 285 219 
145 108 287 286 252 
146 286 288 246 289 
147 252 286 289 188 
148 213 291 290 281 
149 291 276 292 290 
150 281 290 287 108 
151 306 182 307 305 
152 305 307 248 308 
153 288 305 308 246 
154 287 311 309 310 
155 309 312 288 313 
156 310 309 313 286 
157 183 315 314 278 
158 315 88 316 314 
159 276 318 317 292 
160 318 278 319 317 
161 317 319 182 306 
162 290 322 320 321 
163 322 292 323 320 
164 320 323 247 311 
165 321 320 311 287 
166 247 325 324 312 
167 325 306 326 324 
168 324 326 305 327 
169 312 324 327 288 
170 311 330 328 329 
171 330 247 331 328 
172 328 331 312 332 
173 329 328 332 309 
174 188 289 336 264 
175 289 246 337 336 
176 339 341 333 342 
177 340 339 342 233 
178 264 345 343 344 
179 345 336 346 343 
180 344 343 347 59 
181 246 308 348 337 
182 308 248 349 348 
183 348 349 185 350 
184 337 348 350 249 
185 336 352 351 346 
186 352 337 353 351 
187 351 353 249 354 
188 346 351 354 338 
189 189 265 355 356 
190 265 59 340 355 
191 355 340 233 357 
192 356 355 357 232 
193 59 347 358 359 
194 347 338 360 358 
195 358 360 339 361 
196 359 358 361 340 
197 343 364 362 363 
198 364 346 365 362 
199 362 365 338 366 
200 363 362 366 347 
201 249 350 376 341 
202 350 185 377 376 
203 376 377 334 378 
204 341 376 378 333 
205 182 380 379 307 
206 379 381 301 382 
207 307 379 382 248 
208 278 384 383 319 
209 384 314 385 383 
210 383 385 302 380 
211 319 383 380 182 
212 302 391 390 381 
213 391 184 392 390 
214 390 392 303 393 
215 381 390 393 301 
216 380 396 394 395 
217 396 302 397 394 
218 394 397 381 398 
219 395 394 398 379 
220 185 400 399 377 
221 400 304 401 399 
222 399 401 373 402 
223 377 399 402 334 
224 304 407 406 401 
225 407 91 408 406 
226 406 408 374 409 
227 401 406 409 373 
228 89 411 410 275 
229 411 58 412 410 
230 410 412 90 298 
231 275 410 298 88 
232 88 414 413 316 
233 414 298 415 413 
234 184 417 416 392 
235 392 416 419 303 
236 91 421 420 408 
237 421 389 422 420 
238 420 422 403 423 
239 408 420 423 374 
240 298 437 436 415 
241 437 90 438 436 
242 413 441 439 440 
243 441 415 442 439 
244 316 450 448 449 
245 450 413 440 448 
246 449 448 417 184 
247 440 453 451 452 
248 453 439 454 451 
249 451 454 433 445 
250 452 451 445 387 
251 460 297 461 459 
252 459 461 434 462 
253 445 465 463 464 
254 465 433 466 463 
255 463 466 446 467 
256 417 470 468 469 
257 470 387 444 468 
258 468 444 418 471 
259 469 468 471 416 
260 387 474 472 473 
261 474 445 464 472 
262 473 472 475 444 
263 386 435 476 477 
264 435 388 478 476 
265 476 478 300 479 
266 477 476 479 389 
267 418 447 480 481 
268 447 432 482 480 
269 480 482 435 483 
270 481 480 483 386 
271 467 446 486 484 
272 484 486 432 487 
273 485 484 487 447 
274 464 490 488 489 
275 490 463 491 488 
276 488 491 467 492 
277 444 475 493 494 
278 493 485 447 495 
279 494 493 495 418 
280 472 498 496 497 
281 498 464 489 496 
282 496 489 443 499 
283 497 496 499 475 
284 443 492 500 501 
285 492 467 502 500 
286 500 502 484 503 
287 501 500 503 485 
288 489 506 504 505 
289 506 488 507 504 
290 504 507 492 508 
291 505 504 508 443 
292 415 519 518 442 
293 519 436 520 518 
294 439 522 521 454 
295 522 442 523 521 
296 521 523 297 460 
297 454 521 460 433 
298 433 525 524 466 
299 525 460 526 524 
300 524 526 459 527 
301 466 524 527 446 
302 479 534 532 533 
303 534 300 535 532 
304 532 535 516 536 
305 389 539 537 538 
306 539 479 533 537 
307 537 533 515 540 
308 538 537 540 422 
309 19 38 541 542 
310 38 21 543 541 
311 541 543 9 544 
312 542 541 544 22 
313 35 54 545 546 
314 54 37 547 545 
315 545 547 21 548 
316 546 545 548 38 
317 51 78 549 550 
318 78 53 551 549 
319 549 551 37 552 
320 550 549 552 54 
321 75 123 553 554 
322 123 77 555 553 
323 553 555 53 556 
324 554 553 556 78 
325 121 372 557 558 
326 372 122 559 557 
327 557 559 77 560 
328 558 557 560 123 
329 230 405 561 562 
330 405 370 563 561 
331 561 563 372 564 
332 562 561 564 121 
333 403 517 565 566 
334 517 404 567 565 
335 565 567 370 568 
336 566 565 568 405 
337 515 536 569 570 
338 536 516 571 569 
339 569 571 404 572 
340 570 569 572 517 
341 533 575 573 574 
342 575 532 576 573 
343 573 576 536 577 
344 574 573 577 515 
345 297 579 578 461 
346 579 456 580 578 
347 578 580 455 581 
348 461 578 581 434 
349 388 458 582 478 
350 458 428 583 582 
351 582 583 431 529 
352 478 582 529 300 
353 300 585 584 535 
354 585 529 586 584 
355 584 586 528 587 
356 535 584 587 516 
357 593 299 594 592 
358 592 594 430 595 
359 7 597 596 146 
360 597 16 598 596 
361 596 598 15 32 
362 146 596 32 13 
363 13 600 599 150 
364 600 32 601 599 
365 599 601 31 48 
366 150 599 48 26 
367 26 603 602 154 
368 603 48 604 602 
369 602 604 47 85 
370 154 602 85 42 
371 42 606 605 272 
372 606 85 607 605 
373 605 607 84 294 
374 272 605 294 58 
375 58 609 608 412 
376 609 294 610 608 
377 608 610 293 425 
378 412 608 425 90 
379 90 612 611 438 
380 612 425 613 611 
381 436 615 614 520 
382 615 438 616 614 
383 614 616 299 593 
384 429 619 617 618 
385 619 593 620 617 
386 617 620 592 621 
387 618 617 621 457 
388 626 5 627 625 
389 625 627 513 628 
390 428 595 629 583 
391 595 430 630 629 
392 629 630 5 626 
393 583 629 626 431 
394 431 633 631 632 
395 633 626 634 631 
396 631 634 625 635 
397 632 631 635 530 
398 299 637 636 594 
399 594 636 639 430 
400 430 639 640 630 
401 630 640 642 5 
402 438 644 643 616 
403 644 611 645 643 
404 616 643 637 299 
405 15 647 646 33 
406 647 17 648 646 
407 646 648 8 649 
408 33 646 649 18 
409 31 651 650 49 
410 651 33 652 650 
411 650 652 18 653 
412 49 650 653 34 
413 47 655 654 86 
414 655 49 656 654 
415 654 656 34 657 
416 86 654 657 50 
417 659 86 660 658 
418 658 660 50 661 
419 637 676 674 675 
420 676 589 677 674 
421 674 677 638 678 
422 675 674 678 636 
423 5 642 682 627 
424 642 591 683 682 
425 682 683 622 684 
426 627 682 684 513 
427 640 687 685 686 
428 687 641 688 685 
429 685 688 591 689 
430 686 685 689 642 
431 425 691 690 613 
432 691 293 692 690 
433 611 694 693 645 
434 694 613 695 693 
435 671 702 700 701 
436 702 424 703 700 
437 700 703 672 704 
438 701 700 704 670 
439 18 649 705 45 
440 649 8 706 705 
441 705 706 29 707 
442 45 705 707 28 
443 34 653 708 73 
444 653 18 709 708 
445 708 709 45 710 
446 73 708 710 44 
447 50 657 711 119 
448 657 34 712 711 
449 711 712 73 713 
450 119 711 713 72 
451 661 50 715 714 
452 714 715 119 716 
453 720 721 510 722 
454 591 681 726 683 
455 681 427 727 726 
456 726 727 623 728 
457 683 726 728 622 
458 679 731 729 730 
459 731 680 732 729 
460 729 732 427 733 
461 730 729 733 681 
462 613 735 734 695 
463 735 690 736 734 
464 424 738 737 703 
465 738 697 739 737 
466 737 739 696 740 
467 703 737 740 672 
468 427 725 741 727 
469 725 669 742 741 
470 741 742 720 743 
471 727 741 743 623 
472 680 745 744 732 
473 745 723 746 744 
474 744 746 725 747 
475 732 744 747 427 
476 757 667 758 756 
477 756 758 698 759 
478 739 756 759 696 
479 294 761 760 610 
480 761 84 762 760 
481 760 762 295 663 
482 610 760 663 293 
483 293 764 763 692 
484 764 663 765 763 
485 690 767 766 736 
486 767 692 768 766 
487 734 771 769 770 
488 771 736 772 769 
489 769 772 667 757 
490 770 769 757 697 
491 697 775 773 774 
492 775 757 776 773 
493 773 776 756 777 
494 774 773 777 739 
495 782 724 783 781 
496 781 783 669 784 
497 746 781 784 725 
498 699 787 785 786 
499 787 666 788 785 
500 785 788 724 782 
501 786 785 782 723 
502 723 791 789 790 
503 791 782 792 789 
504 789 792 781 793 
505 790 789 793 746 
506 667 795 794 758 
507 758 794 797 698 
508 798 799 717 800 
509 721 798 800 510 
510 669 780 801 742 
511 780 296 802 801 
512 801 802 721 803 
513 742 801 803 720 
514 724 805 804 783 
515 804 806 780 807 
516 783 804 807 669 
517 736 809 808 772 
518 809 766 810 808 
519 808 810 753 795 
520 772 808 795 667 
521 795 821 819 820 
522 821 753 822 819 
523 819 822 796 823 
524 820 819 823 794 
525 666 825 824 788 
526 825 755 826 824 
527 788 824 805 724 
528 830 832 296 833 
529 806 830 833 780 
530 805 836 834 835 
531 836 778 837 834 
532 834 837 806 838 
533 835 834 838 804 
534 692 840 839 768 
535 840 763 841 839 
536 843 812 844 842 
537 842 844 811 845 
538 752 818 846 847 
539 818 754 848 846 
540 846 848 668 849 
541 847 846 849 755 
542 852 817 853 850 
543 850 853 754 854 
544 851 850 854 818 
545 796 857 855 856 
546 857 815 851 855 
547 855 851 818 858 
548 856 855 858 752 
549 766 860 859 810 
550 860 768 861 859 
551 859 861 426 816 
552 810 859 816 753 
553 816 864 862 863 
554 864 426 865 862 
555 862 865 817 852 
556 863 862 852 815 
557 815 868 866 867 
558 868 852 869 866 
559 866 869 850 870 
560 867 866 870 851 
561 755 849 871 826 
562 849 668 872 871 
563 668 874 873 872 
564 874 814 875 873 
565 873 875 827 876 
566 871 879 877 878 
567 879 872 880 877 
568 877 880 779 881 
569 826 884 882 883 
570 884 871 878 882 
571 882 878 831 885 
572 883 882 885 778 
573 296 829 886 802 
574 829 751 887 886 
575 886 887 798 888 
576 802 886 888 721 
577 876 827 890 889 
578 889 890 829 891 
579 832 889 891 296 
580 831 881 892 893 
581 881 779 894 892 
582 892 894 832 895 
583 893 892 895 830 
584 878 898 896 897 
585 898 877 899 896 
586 896 899 881 900 
587 897 896 900 831 
588 754 845 901 848 
589 845 811 902 901 
590 901 902 814 874 
591 848 901 874 668 
592 817 904 903 853 
593 904 842 905 903 
594 903 905 845 906 
595 853 903 906 754 
596 872 908 907 880 
597 908 873 909 907 
598 907 909 876 910 
599 880 907 910 779 
600 912 658 913 911 
601 911 913 661 914 
602 812 924 923 844 
603 924 749 925 923 
604 844 923 926 811 
605 814 931 930 875 
606 931 748 932 930 
607 875 930 933 827 
608 663 935 934 765 
609 935 295 936 934 
610 763 938 937 841 
611 938 765 939 937 
612 749 941 940 925 
613 941 920 942 940 
614 940 942 919 943 
615 925 940 943 813 
616 811 926 944 902 
617 926 813 945 944 
618 944 945 748 931 
619 902 944 931 814 
620 923 948 946 947 
621 948 925 949 946 
622 946 949 813 950 
623 947 946 950 926 
624 748 952 951 932 
625 952 922 953 951 
626 951 953 927 954 
627 932 951 954 828 
628 827 933 955 890 
629 933 828 956 955 
630 955 956 751 957 
631 890 955 957 829 
632 930 960 958 959 
633 960 932 961 958 
634 958 961 828 962 
635 959 958 962 933 
636 914 661 964 963 
637 963 964 714 965 
638 966 967 718 968 
639 799 966 968 717 
640 922 974 973 953 
641 974 750 975 973 
642 973 975 928 976 
643 953 973 976 927 
644 765 981 980 939 
645 981 934 982 980 
646 980 982 916 978 
647 662 985 983 984 
648 985 978 986 983 
649 983 986 977 987 
650 984 983 987 921 
651 750 989 988 975 
652 989 970 990 988 
653 988 990 969 991 
654 975 988 991 928 
655 664 993 992 917 
656 993 911 994 992 
657 992 994 914 995 
658 917 992 995 87 
659 997 664 998 996 
660 996 998 917 999 
661 978 1001 1000 986 
662 1001 916 1002 1000 
663 1000 1002 979 1003 
664 986 1000 1003 977 
665 999 917 1005 1004 
666 1004 1005 87 1006 
667 979 1009 1007 1008 
668 1009 996 1010 1007 
669 1007 1010 999 1011 
670 1008 1007 1011 915 
671 1 1014 1012 1013 
672 1014 12 144 1012 
673 1012 144 10 62 
674 1013 1012 62 11 
675 16 1016 1015 598 
676 1016 2 1017 1015 
677 1015 1017 17 647 
678 598 1015 647 15 
679 20 94 1018 1019 
680 94 19 542 1018 
681 1018 542 22 1020 
682 1019 1018 1020 4 
683 10 1023 1021 1022 
684 1023 25 148 1021 
685 1021 148 23 66 
686 1022 1021 66 24 
687 21 46 1024 543 
688 46 28 1025 1024 
689 1024 1025 30 1026 
690 543 1024 1026 9 
691 32 1028 1027 601 
692 1028 15 1029 1027 
693 1027 1029 33 651 
694 601 1027 651 31 
695 36 97 1030 1031 
696 97 35 546 1030 
697 1030 546 38 1032 
698 1031 1030 1032 19 
699 23 1035 1033 1034 
700 1035 41 152 1033 
701 1033 152 39 70 
702 1034 1033 70 40 
703 37 74 1036 547 
704 74 44 1037 1036 
705 1036 1037 46 1038 
706 547 1036 1038 21 
707 48 1040 1039 604 
708 1040 31 1041 1039 
709 1039 1041 49 655 
710 604 1039 655 47 
711 52 100 1042 1043 
712 100 51 550 1042 
713 1042 550 54 1044 
714 1043 1042 1044 35 
715 70 1047 1045 1046 
716 1047 39 156 1045 
717 1045 156 56 112 
718 1046 1045 112 68 
719 53 120 1048 551 
720 120 72 1049 1048 
721 1048 1049 74 1050 
722 551 1048 1050 37 
723 76 104 1051 1052 
724 104 75 554 1051 
725 1051 554 78 1053 
726 1052 1051 1053 51 
727 85 1055 1054 607 
728 1055 47 1056 1054 
729 1054 1056 86 659 
730 607 1054 659 84 
731 98 135 1057 1058 
732 135 76 1052 1057 
733 1057 1052 51 1059 
734 1058 1057 1059 100 
735 77 369 1060 555 
736 369 118 1061 1060 
737 1060 1061 120 1062 
738 555 1060 1062 53 
739 103 231 1063 1064 
740 231 121 558 1063 
741 1063 558 123 1065 
742 1064 1063 1065 75 
743 117 142 1066 1067 
744 142 83 200 1066 
745 1066 200 125 1068 
746 1067 1066 1068 136 
747 130 1070 1069 197 
748 1070 191 222 1069 
749 1069 222 190 1071 
750 197 1069 1071 170 
751 190 225 1072 1073 
752 225 192 1074 1072 
753 1072 1074 131 240 
754 1073 1072 240 193 
755 170 1071 1075 209 
756 1071 190 1073 1075 
757 1075 1073 193 1076 
758 209 1075 1076 128 
759 105 1078 1077 224 
760 1078 218 255 1077 
761 1077 255 217 1079 
762 224 1077 1079 192 
763 217 258 1080 1081 
764 258 219 1082 1080 
765 1080 1082 186 267 
766 1081 1080 267 220 
767 192 1079 1083 1074 
768 1079 217 1081 1083 
769 1083 1081 220 260 
770 1074 1083 260 131 
771 128 1076 1084 1085 
772 1076 193 239 1084 
773 1084 239 226 1086 
774 1085 1084 1086 205 
775 229 375 1087 1088 
776 375 230 562 1087 
777 1087 562 121 1089 
778 1088 1087 1089 231 
779 126 335 1090 1091 
780 335 229 1088 1090 
781 1090 1088 231 1092 
782 1091 1090 1092 103 
783 109 237 1093 1094 
784 237 189 356 1093 
785 1093 356 232 1095 
786 1094 1093 1095 201 
787 219 285 1096 1082 
788 285 250 1097 1096 
789 1096 1097 253 1098 
790 1082 1096 1098 186 
791 186 1098 1099 268 
792 1098 253 1100 1099 
793 1099 1100 263 1101 
794 268 1099 1101 236 
795 301 393 1102 1103 
796 393 303 1104 1102 
797 1102 1104 91 407 
798 1103 1102 407 304 
799 248 382 1105 349 
800 382 301 1103 1105 
801 1105 1103 304 400 
802 349 1105 400 185 
803 314 1107 1106 385 
804 1107 316 449 1106 
805 1106 449 184 391 
806 385 1106 391 302 
807 292 1109 1108 323 
808 1109 317 1110 1108 
809 1108 1110 306 325 
810 323 1108 325 247 
811 338 354 1111 360 
812 354 249 1112 1111 
813 1111 1112 341 1113 
814 360 1111 1113 339 
815 122 511 1114 559 
816 511 367 1115 1114 
817 1114 1115 369 1116 
818 559 1114 1116 77 
819 370 514 1117 563 
820 514 371 1118 1117 
821 1117 1118 122 1119 
822 563 1117 1119 372 
823 303 419 1120 1104 
824 419 386 477 1120 
825 1120 477 389 421 
826 1104 1120 421 91 
827 374 423 1121 1122 
828 423 403 566 1121 
829 1121 566 405 1123 
830 1122 1121 1123 230 
831 416 471 1124 1125 
832 471 418 481 1124 
833 1124 481 386 1126 
834 1125 1124 1126 419 
835 432 462 1127 482 
836 462 434 1128 1127 
837 1127 1128 388 1129 
838 482 1127 1129 435 
839 448 1132 1130 1131 
840 1132 440 452 1130 
841 1130 452 387 470 
842 1131 1130 470 417 
843 456 1134 1133 580 
844 1134 429 618 1133 
845 1133 618 457 1135 
846 580 1133 1135 455 
847 434 581 1136 1128 
848 581 455 1137 1136 
849 1136 1137 458 1138 
850 1128 1136 1138 388 
851 446 527 1139 486 
852 527 459 1140 1139 
853 1139 1140 462 1141 
854 486 1139 1141 432 
855 475 499 1142 1143 
856 499 443 501 1142 
857 1142 501 485 1144 
858 1143 1142 1144 493 
859 371 624 1145 1118 
860 624 509 1146 1145 
861 1145 1146 511 1147 
862 1118 1145 1147 122 
863 404 531 1148 567 
864 531 512 1149 1148 
865 1148 1149 514 1150 
866 567 1148 1150 370 
867 422 540 1151 1152 
868 540 515 570 1151 
869 1151 570 517 1153 
870 1152 1151 1153 403 
871 442 1155 1154 523 
872 1155 518 1156 1154 
873 1154 1156 456 579 
874 523 1154 579 297 
875 529 1158 1157 586 
876 1158 431 632 1157 
877 1157 632 530 1159 
878 586 1157 1159 528 
879 516 587 1160 571 
880 587 528 1161 1160 
881 1160 1161 531 1162 
882 571 1160 1162 404 
883 84 1164 1163 762 
884 1164 659 1165 1163 
885 1163 1165 658 912 
886 762 1163 912 295 
887 589 1167 1166 677 
888 1167 671 701 1166 
889 1166 701 670 1168 
890 677 1166 1168 638 
891 641 1170 1169 688 
892 1170 679 730 1169 
893 1169 730 681 1171 
894 688 1169 1171 591 
895 696 759 1172 1173 
896 759 698 1174 1172 
897 1172 1174 666 787 
898 1173 1172 787 699 
899 672 740 1175 1176 
900 740 696 1173 1175 
901 1175 1173 699 1177 
902 1176 1175 1177 590 
903 590 1177 1178 1179 
904 1177 699 786 1178 
905 1178 786 723 745 
906 1179 1178 745 680 
907 695 1182 1180 1181 
908 1182 734 770 1180 
909 1180 770 697 738 
910 1181 1180 738 424 
911 698 797 1183 1174 
912 797 752 847 1183 
913 1183 847 755 825 
914 1174 1183 825 666 
915 794 823 1184 1185 
916 823 796 856 1184 
917 1184 856 752 1186 
918 1185 1184 1186 797 
919 751 929 1187 887 
920 929 665 1188 1187 
921 1187 1188 799 1189 
922 887 1187 1189 798 
923 753 1191 1190 822 
924 1191 816 863 1190 
925 1190 863 815 857 
926 822 1190 857 796 
927 824 1194 1192 1193 
928 1194 826 883 1192 
929 1192 883 778 836 
930 1193 1192 836 805 
931 778 885 1195 837 
932 885 831 893 1195 
933 1195 893 830 1196 
934 837 1195 1196 806 
935 768 1198 1197 861 
936 1198 839 1199 1197 
937 1197 1199 812 843 
938 861 1197 843 426 
939 426 1201 1200 865 
940 1201 843 1202 1200 
941 1200 1202 842 904 
942 865 1200 904 817 
943 779 910 1203 894 
944 910 876 1204 1203 
945 1203 1204 889 1205 
946 894 1203 1205 832 
947 295 1207 1206 936 
948 1207 912 1208 1206 
949 1206 1208 911 993 
950 936 1206 993 664 
951 920 1210 1209 942 
952 1210 662 984 1209 
953 1209 984 921 1211 
954 942 1209 1211 919 
955 919 1211 1212 1213 
956 1211 921 1214 1212 
957 1212 1214 750 974 
958 1213 1212 974 922 
959 813 943 1215 945 
960 943 919 1213 1215 
961 1215 1213 922 952 
962 945 1215 952 748 
963 828 954 1216 956 
964 954 927 1217 1216 
965 1216 1217 929 1218 
966 956 1216 1218 751 
967 934 1220 1219 982 
968 1220 936 1221 1219 
969 1219 1221 664 997 
970 982 1219 997 916 
971 87 995 1222 967 
972 995 914 1223 1222 
973 1222 1223 963 1224 
974 967 1222 1224 718 
975 665 972 1225 1188 
976 972 918 1226 1225 
977 1225 1226 966 1227 
978 1188 1225 1227 799 
979 918 1006 1228 1226 
980 1006 87 1229 1228 
981 1228 1229 967 1230 
982 1226 1228 1230 966 
983 977 1003 1231 1232 
984 1003 979 1008 1231 
985 1231 1008 915 1233 
986 1232 1231 1233 970 
987 921 987 1234 1214 
988 987 977 1232 1234 
989 1234 1232 970 989 
990 1214 1234 989 750 
991 916 1236 1235 1002 
992 1236 997 1237 1235 
993 1235 1237 996 1009 
994 1002 1235 1009 979 
995 28 707 1238 1025 
996 707 29 1239 1238 
997 1238 1239 3 1240 
998 1025 1238 1240 30 
999 44 710 1241 1037 
1000 710 45 1242 1241 
1001 1241 1242 28 1243 
1002 1037 1241 1243 46 
1003 72 713 1244 1049 
1004 713 73 1245 1244 
1005 1244 1245 44 1246 
1006 1049 1244 1246 74 
1007 101 127 1247 1248 
1008 127 103 1064 1247 
1009 1247 1064 75 1249 
1010 1248 1247 1249 104 
1011 102 138 1250 1251 
1012 138 101 1248 1250 
1013 1250 1248 104 1252 
1014 1251 1250 1252 76 
1015 118 716 1253 1061 
1016 716 119 1254 1253 
1017 1253 1254 72 1255 
1018 1061 1253 1255 120 
1019 124 234 1256 1257 
1020 234 126 1091 1256 
1021 1256 1091 103 1258 
1022 1257 1256 1258 127 
1023 125 202 1259 1260 
1024 202 124 1257 1259 
1025 1259 1257 127 1261 
1026 1260 1259 1261 101 
1027 136 1068 1262 1263 
1028 1068 125 1260 1262 
1029 1262 1260 101 1264 
1030 1263 1262 1264 138 
1031 132 228 1265 1266 
1032 228 109 1094 1265 
1033 1265 1094 201 1267 
1034 1266 1265 1267 199 
1035 171 210 1268 1269 
1036 210 128 1085 1268 
1037 1268 1085 205 1270 
1038 1269 1268 1270 203 
1039 367 719 1271 1115 
1040 719 368 1272 1271 
1041 1271 1272 118 1273 
1042 1115 1271 1273 369 
1043 373 409 1274 1275 
1044 409 374 1122 1274 
1045 1274 1122 230 1276 
1046 1275 1274 1276 375 
1047 334 402 1277 1278 
1048 402 373 1275 1277 
1049 1277 1275 375 1279 
1050 1278 1277 1279 229 
1051 455 1135 1280 1137 
1052 1135 457 1281 1280 
1053 1280 1281 428 1282 
1054 1137 1280 1282 458 
1055 509 722 1283 1146 
1056 722 510 1284 1283 
1057 1283 1284 367 1285 
1058 1146 1283 1285 511 
1059 512 628 1286 1149 
1060 628 513 1287 1286 
1061 1286 1287 371 1288 
1062 1149 1286 1288 514 
1063 518 1290 1289 1156 
1064 1290 520 1291 1289 
1065 1289 1291 429 1134 
1066 1156 1289 1134 456 
1067 528 1159 1292 1161 
1068 1159 530 1293 1292 
1069 1292 1293 512 1294 
1070 1161 1292 1294 531 
1071 457 621 1295 1281 
1072 621 592 1296 1295 
1073 1295 1296 595 1297 
1074 1281 1295 1297 428 
1075 520 1299 1298 1291 
1076 1299 614 1300 1298 
1077 1298 1300 593 619 
1078 1291 1298 619 429 
1079 513 684 1301 1287 
1080 684 622 1302 1301 
1081 1301 1302 624 1303 
1082 1287 1301 1303 371 
1083 530 635 1304 1293 
1084 635 625 1305 1304 
1085 1304 1305 628 1306 
1086 1293 1304 1306 512 
1087 670 704 1307 1308 
1088 704 672 1176 1307 
1089 1307 1176 590 1309 
1090 1308 1307 1309 673 
1091 638 1168 1310 1311 
1092 1168 670 1308 1310 
1093 1310 1308 673 1312 
1094 1311 1310 1312 588 
1095 588 1312 1313 1314 
1096 1312 673 1315 1313 
1097 1313 1315 679 1170 
1098 1314 1313 1170 641 
1099 673 1309 1316 1315 
1100 1309 590 1179 1316 
1101 1316 1179 680 731 
1102 1315 1316 731 679 
1103 693 1319 1317 1318 
1104 1319 695 1181 1317 
1105 1317 1181 424 702 
1106 1318 1317 702 671 
1107 645 1322 1320 1321 
1108 1322 693 1318 1320 
1109 1320 1318 671 1167 
1110 1321 1320 1167 589 
1111 368 965 1323 1272 
1112 965 714 1324 1323 
1113 1323 1324 716 1325 
1114 1272 1323 1325 118 
1115 510 800 1326 1284 
1116 800 717 1327 1326 
1117 1326 1327 719 1328 
1118 1284 1326 1328 367 
1119 839 1330 1329 1199 
1120 1330 841 1331 1329 
1121 1329 1331 749 924 
1122 1199 1329 924 812 
1123 927 976 1332 1217 
1124 976 928 1333 1332 
1125 1332 1333 665 1334 
1126 1217 1332 1334 929 
1127 841 1336 1335 1331 
1128 1336 937 1337 1335 
1129 1335 1337 920 941 
1130 1331 1335 941 749 
1131 970 1233 1338 990 
1132 1233 915 1339 1338 
1133 1338 1339 971 1340 
1134 990 1338 1340 969 
1135 928 991 1341 1333 
1136 991 969 1342 1341 
1137 1341 1342 972 1343 
1138 1333 1341 1343 665 
1139 915 1011 1344 1339 
1140 1011 999 1345 1344 
1141 1344 1345 1004 1346 
1142 1339 1344 1346 971 
1143 83 206 1347 1348 
1144 206 132 1266 1347 
1145 1347 1266 199 1349 
1146 1348 1347 1349 200 
1147 333 378 1350 1351 
1148 378 334 1278 1350 
1149 1350 1278 229 1352 
1150 1351 1350 1352 335 
1151 233 342 1353 1354 
1152 342 333 1351 1353 
1153 1353 1351 335 1355 
1154 1354 1353 1355 126 
1155 622 728 1356 1302 
1156 728 623 1357 1356 
1157 1356 1357 509 1358 
1158 1302 1356 1358 624 
1159 636 678 1359 1360 
1160 678 638 1311 1359 
1161 1359 1311 588 1361 
1162 1360 1359 1361 639 
1163 639 1361 1362 1363 
1164 1361 588 1314 1362 
1165 1362 1314 641 687 
1166 1363 1362 687 640 
1167 643 1366 1364 1365 
1168 1366 645 1321 1364 
1169 1364 1321 589 676 
1170 1365 1364 676 637 
1171 717 968 1367 1327 
1172 968 718 1368 1367 
1173 1367 1368 368 1369 
1174 1327 1367 1369 719 
1175 623 743 1370 1357 
1176 743 720 1371 1370 
1177 1370 1371 722 1372 
1178 1357 1370 1372 509 
1179 937 1374 1373 1337 
1180 1374 939 1375 1373 
1181 1373 1375 662 1210 
1182 1337 1373 1210 920 
1183 718 1224 1376 1368 
1184 1224 963 1377 1376 
1185 1376 1377 965 1378 
1186 1368 1376 1378 368 
1187 969 1340 1379 1342 
1188 1340 971 1380 1379 
1189 1379 1380 918 1381 
1190 1342 1379 1381 972 
1191 939 1383 1382 1375 
1192 1383 980 1384 1382 
1193 1382 1384 978 985 
1194 1375 1382 985 662 
1195 971 1346 1385 1380 
1196 1346 1004 1386 1385 
1197 1385 1386 1006 1387 
1198 1380 1385 1387 918 
