2 0.000000 100.000000 157.431060
1387 1198 
1 -276.279947 0.000000 -280.179887 99.939083 0.000000 3.489950 0.002440 
2 331.535936 0.000000 -280.179887 99.939083 0.000000 3.489950 0.002440 
3 331.535936 0.000000 285.678573 99.939083 0.000000 3.489950 0.002440 
4 -276.279947 0.000000 285.678573 99.939083 0.000000 3.489950 0.002440 
5 27.627995 0.000000 2.749343 105.480186 0.183100 -9.130931 -0.096646 
6 -276.279947 0.000000 2.749343 99.939083 0.000000 3.489950 0.002440 
7 27.627995 0.000000 -280.179887 99.939083 0.000000 3.489950 0.002440 
8 331.535936 0.000000 2.749343 100.001588 0.015512 1.710287 0.000261 
9 27.627995 0.000000 285.678573 99.939083 0.000000 3.489950 0.002440 
10 -124.325976 0.000000 -138.715272 99.939083 0.000000 3.489950 0.002440 
11 -276.279947 0.000000 -138.715272 99.939083 0.000000 3.489950 0.002440 
12 -124.325976 0.000000 -280.179887 99.939083 0.000000 3.489950 0.002440 
13 27.627995 0.000000 -138.715272 99.939083 0.000000 3.489950 0.002440 
14 -124.325976 0.000000 2.749343 99.939083 0.000000 3.489950 0.002440 
15 179.581965 0.000000 -138.715272 99.939083 0.000000 3.489950 0.002440 
16 179.581965 0.000000 -280.179887 99.939083 0.000000 3.489950 0.002440 
17 331.535936 0.000000 -138.715272 99.950115 0.001989 3.481324 0.002213 
18 179.581965 0.000000 2.749343 100.019541 0.016079 1.236362 -0.000238 
19 -124.325976 0.000000 144.213958 99.939083 0.000000 3.489950 0.002440 
20 -276.279947 0.000000 144.213958 99.939083 0.000000 3.489950 0.002440 
21 27.627995 0.000000 144.213958 99.939083 0.000000 3.489950 0.002440 
22 -124.325976 0.000000 285.678573 99.939083 0.000000 3.489950 0.002440 
23 -48.348991 0.000000 -67.982965 99.939083 0.000000 3.489950 0.002440 
24 -124.325976 0.000000 -67.982965 99.939083 0.000000 3.489950 0.002440 
25 -48.348991 0.000000 -138.715272 99.939083 0.000000 3.489950 0.002440 
26 27.627995 0.000000 -67.982965 99.939083 0.000000 3.489950 0.002440 
27 -48.348991 0.000000 2.749343 99.939083 0.000000 3.489950 0.002440 
28 179.581965 0.000000 144.213958 99.939083 0.000000 3.489950 0.002440 
29 331.535936 0.000000 144.213958 99.930219 -0.002141 3.476628 0.002609 
30 179.581965 0.000000 285.678573 99.939083 0.000000 3.489950 0.002440 
31 103.604980 0.000000 -67.982965 99.939083 0.000000 3.489950 0.002440 
32 103.604980 0.000000 -138.715272 99.939083 0.000000 3.489950 0.002440 
33 179.581965 0.000000 -67.982965 99.989211 0.004047 3.460792 0.001415 
34 103.604980 0.000000 2.749343 100.029869 0.005629 1.280864 -0.000433 
35 -48.348991 0.000000 73.481651 99.939083 0.000000 3.489950 0.002440 
36 -124.325976 0.000000 73.481651 99.939083 0.000000 3.489950 0.002440 
37 27.627995 0.000000 73.481651 99.939083 0.000000 3.489950 0.002440 
38 -48.348991 0.000000 144.213958 99.939083 0.000000 3.489950 0.002440 
39 -10.360498 0.000000 -32.616811 99.939083 0.000000 3.489950 0.002440 
40 -48.348991 0.000000 -32.616811 99.939083 0.000000 3.489950 0.002440 
41 -10.360498 0.000000 -67.982965 99.939083 0.000000 3.489950 0.002440 
42 27.627995 0.000000 -32.616811 99.939083 0.000000 3.489950 0.002440 
43 -10.360498 0.000000 2.749343 99.939083 0.000000 3.489950 0.002440 
44 103.604980 0.000000 73.481651 99.939083 0.000000 3.489950 0.002440 
45 179.581965 0.000000 73.481651 99.904846 -0.004686 3.444029 0.003095 
46 103.604980 0.000000 144.213958 99.939083 0.000000 3.489950 0.002440 
47 65.616487 0.000000 -32.616811 99.887572 0.002086 3.410054 0.003419 
48 65.616487 0.000000 -67.982965 99.939083 0.000000 3.489950 0.002440 
49 103.604980 0.000000 -32.616811 99.101258 0.005049 1.672417 0.018414 
50 65.616487 0.000000 2.749343 101.181062 -0.003051 0.983833 -0.023262 
51 -10.360498 0.000000 38.115497 99.939083 0.000000 3.489950 0.002440 
52 -48.348991 0.000000 38.115497 99.939083 0.000000 3.489950 0.002440 
53 27.627995 0.000000 38.115497 99.939083 0.000000 3.489950 0.002440 
54 -10.360498 0.000000 73.481651 99.939083 0.000000 3.489950 0.002440 
55 8.633748 0.000000 -14.933734 99.939083 0.000000 3.489950 0.002440 
56 -10.360498 0.000000 -14.933734 99.939083 0.000000 3.489950 0.002440 
57 8.633748 0.000000 -32.616811 99.939083 0.000000 3.489950 0.002440 
58 27.627995 0.000000 -14.933734 100.388061 0.008089 4.222407 -0.005967 
59 8.633748 0.000000 2.749343 99.804177 0.048424 5.140608 0.006587 
60 -200.302961 0.000000 -67.982965 99.939083 0.000000 3.489950 0.002440 
61 -276.279947 0.000000 -67.982965 99.939083 0.000000 3.489950 0.002440 
62 -200.302961 0.000000 -138.715272 99.939083 0.000000 3.489950 0.002440 
63 -200.302961 0.000000 2.749343 99.939083 0.000000 3.489950 0.002440 
64 -86.337483 0.000000 -32.616811 99.939083 0.000000 3.489950 0.002440 
65 -124.325976 0.000000 -32.616811 99.939083 0.000000 3.489950 0.002440 
66 -86.337483 0.000000 -67.982965 99.939083 0.000000 3.489950 0.002440 
67 -86.337483 0.000000 2.749343 99.939083 0.000000 3.489950 0.002440 
68 -29.354744 0.000000 -14.933734 99.939083 0.000000 3.489950 0.002440 
69 -48.348991 0.000000 -14.933734 99.939083 0.000000 3.489950 0.002440 
70 -29.354744 0.000000 -32.616811 99.939083 0.000000 3.489950 0.002440 
71 -29.354744 0.000000 2.749343 99.939083 0.000000 3.489950 0.002440 
72 65.616487 0.000000 38.115497 99.976482 -0.000045 3.458297 0.001668 
73 103.604980 0.000000 38.115497 100.595123 -0.000729 2.271543 -0.011328 
74 65.616487 0.000000 73.481651 99.939083 0.000000 3.489950 0.002440 
75 8.633748 0.000000 20.432420 99.939083 0.000000 3.489950 0.002440 
76 -10.360498 0.000000 20.432420 99.939083 0.000000 3.489950 0.002440 
77 27.627995 0.000000 20.432420 99.939083 0.000000 3.489950 0.002440 
78 8.633748 0.000000 38.115497 99.939083 0.000000 3.489950 0.002440 
79 -0.863375 0.000000 -6.092195 99.939083 0.000000 3.489950 0.002440 
80 -10.360498 0.000000 -6.092195 99.939083 0.000000 3.489950 0.002440 
81 -0.863375 0.000000 -14.933734 99.939083 0.000000 3.489950 0.002440 
82 8.633748 0.000000 -6.092195 99.939083 0.000000 3.489950 0.002440 
83 -0.863375 0.000000 2.749343 99.939083 0.000000 3.489950 0.002440 
84 46.622241 0.000000 -14.933734 98.881490 0.010410 1.538628 0.022849 
85 46.622241 0.000000 -32.616811 99.939083 0.000000 3.489950 0.002440 
86 65.616487 0.000000 -14.933734 99.457682 0.001921 1.948422 0.011287 
87 46.622241 0.000000 2.749343 95.898829 -0.053153 1.990069 0.085558 
88 18.130872 0.000000 -6.092195 100.041751 0.017091 4.158091 0.000894 
89 18.130872 0.000000 -14.933734 99.939083 0.000000 3.489950 0.002440 
90 27.627995 0.000000 -6.092195 99.791653 0.070222 3.169316 0.005187 
91 18.130872 0.000000 2.749343 101.457697 -0.116692 4.761661 -0.026571 
92 -200.302961 0.000000 73.481651 99.939083 0.000000 3.489950 0.002440 
93 -276.279947 0.000000 73.481651 99.939083 0.000000 3.489950 0.002440 
94 -200.302961 0.000000 144.213958 99.939083 0.000000 3.489950 0.002440 
95 -86.337483 0.000000 38.115497 99.939083 0.000000 3.489950 0.002440 
96 -124.325976 0.000000 38.115497 99.939083 0.000000 3.489950 0.002440 
97 -86.337483 0.000000 73.481651 99.939083 0.000000 3.489950 0.002440 
98 -29.354744 0.000000 20.432420 99.939083 0.000000 3.489950 0.002440 
99 -48.348991 0.000000 20.432420 99.939083 0.000000 3.489950 0.002440 
100 -29.354744 0.000000 38.115497 99.939083 0.000000 3.489950 0.002440 
101 -0.863375 0.000000 11.590882 99.939083 0.000000 3.489950 0.002440 
102 -10.360498 0.000000 11.590882 99.939083 0.000000 3.489950 0.002440 
103 8.633748 0.000000 11.590882 99.939083 0.000000 3.489950 0.002440 
104 -0.863375 0.000000 20.432420 99.939083 0.000000 3.489950 0.002440 
105 3.885187 0.000000 -1.671426 86.278937 0.486450 -3.729498 0.308342 
106 -0.863375 0.000000 -1.671426 99.939083 0.000000 3.489950 0.002440 
107 3.885187 0.000000 -6.092195 99.939083 0.000000 3.489950 0.002440 
108 8.633748 0.000000 -1.671426 94.190246 -0.332402 2.331207 0.122968 
109 3.885187 0.000000 2.749343 99.939083 0.000000 3.489950 0.002440 
110 -19.857621 0.000000 -6.092195 99.939083 0.000000 3.489950 0.002440 
111 -29.354744 0.000000 -6.092195 99.939083 0.000000 3.489950 0.002440 
112 -19.857621 0.000000 -14.933734 99.939083 0.000000 3.489950 0.002440 
113 -19.857621 0.000000 2.749343 99.939083 0.000000 3.489950 0.002440 
114 -5.611936 0.000000 -1.671426 99.939083 0.000000 3.489950 0.002440 
115 -10.360498 0.000000 -1.671426 99.939083 0.000000 3.489950 0.002440 
116 -5.611936 0.000000 -6.092195 99.939083 0.000000 3.489950 0.002440 
117 -5.611936 0.000000 2.749343 99.939083 0.000000 3.489950 0.002440 
118 46.622241 0.000000 20.432420 100.098892 -0.039433 3.136458 -0.000994 
119 65.616487 0.000000 20.432420 100.856160 -0.007904 1.763144 -0.016681 
120 46.622241 0.000000 38.115497 99.939083 0.000000 3.489950 0.002440 
121 18.130872 0.000000 11.590882 99.939083 0.000000 3.489950 0.002440 
122 27.627995 0.000000 11.590882 100.143283 0.035186 3.140750 -0.001879 
123 18.130872 0.000000 20.432420 99.939083 0.000000 3.489950 0.002440 
124 3.885187 0.000000 7.170112 99.939083 0.000000 3.489950 0.002440 
125 -0.863375 0.000000 7.170112 99.939083 0.000000 3.489950 0.002440 
126 8.633748 0.000000 7.170112 99.939083 0.000000 3.489950 0.002440 
127 3.885187 0.000000 11.590882 99.939083 0.000000 3.489950 0.002440 
128 1.510906 0.000000 0.538958 99.939083 0.000000 3.489950 0.002440 
129 -0.863375 0.000000 0.538958 99.939083 0.000000 3.489950 0.002440 
130 1.510906 0.000000 -1.671426 99.939083 0.000000 3.489950 0.002440 
131 3.885187 0.000000 0.538958 83.608352 0.489667 26.366181 0.480585 
132 1.510906 0.000000 2.749343 99.939083 0.000000 3.489950 0.002440 
133 -19.857621 0.000000 11.590882 99.939083 0.000000 3.489950 0.002440 
134 -29.354744 0.000000 11.590882 99.939083 0.000000 3.489950 0.002440 
135 -19.857621 0.000000 20.432420 99.939083 0.000000 3.489950 0.002440 
136 -5.611936 0.000000 7.170112 99.939083 0.000000 3.489950 0.002440 
137 -10.360498 0.000000 7.170112 99.939083 0.000000 3.489950 0.002440 
138 -5.611936 0.000000 11.590882 99.939083 0.000000 3.489950 0.002440 
139 -3.237656 0.000000 0.538958 99.939083 0.000000 3.489950 0.002440 
140 -5.611936 0.000000 0.538958 99.939083 0.000000 3.489950 0.002440 
141 -3.237656 0.000000 -1.671426 99.939083 0.000000 3.489950 0.002440 
142 -3.237656 0.000000 2.749343 99.939083 0.000000 3.489950 0.002440 
143 -48.348991 0.000000 -209.447580 99.939083 0.000000 3.489950 0.002440 
144 -124.325976 0.000000 -209.447580 99.939083 0.000000 3.489950 0.002440 
145 -48.348991 0.000000 -280.179887 99.939083 0.000000 3.489950 0.002440 
146 27.627995 0.000000 -209.447580 99.939083 0.000000 3.489950 0.002440 
147 -10.360498 0.000000 -103.349118 99.939083 0.000000 3.489950 0.002440 
148 -48.348991 0.000000 -103.349118 99.939083 0.000000 3.489950 0.002440 
149 -10.360498 0.000000 -138.715272 99.939083 0.000000 3.489950 0.002440 
150 27.627995 0.000000 -103.349118 99.939083 0.000000 3.489950 0.002440 
151 8.633748 0.000000 -50.299888 99.939083 0.000000 3.489950 0.002440 
152 -10.360498 0.000000 -50.299888 99.939083 0.000000 3.489950 0.002440 
153 8.633748 0.000000 -67.982965 99.939083 0.000000 3.489950 0.002440 
154 27.627995 0.000000 -50.299888 99.939083 0.000000 3.489950 0.002440 
155 -0.863375 0.000000 -23.775272 99.939083 0.000000 3.489950 0.002440 
156 -10.360498 0.000000 -23.775272 99.939083 0.000000 3.489950 0.002440 
157 -0.863375 0.000000 -32.616811 99.939083 0.000000 3.489950 0.002440 
158 8.633748 0.000000 -23.775272 99.939083 0.000000 3.489950 0.002440 
159 3.885187 0.000000 -10.512965 99.939083 0.000000 3.489950 0.002440 
160 -0.863375 0.000000 -10.512965 99.939083 0.000000 3.489950 0.002440 
161 3.885187 0.000000 -14.933734 99.939083 0.000000 3.489950 0.002440 
162 8.633748 0.000000 -10.512965 99.939083 0.000000 3.489950 0.002440 
163 1.510906 0.000000 -3.881811 99.939083 0.000000 3.489950 0.002440 
164 -0.863375 0.000000 -3.881811 99.939083 0.000000 3.489950 0.002440 
165 1.510906 0.000000 -6.092195 99.939083 0.000000 3.489950 0.002440 
166 3.885187 0.000000 -3.881811 99.939083 0.000000 3.489950 0.002440 
167 0.323766 0.000000 -0.566234 62.243427 0.534787 14.667019 0.980234 
168 -0.863375 0.000000 -0.566234 99.939083 0.000000 3.489950 0.002440 
169 0.323766 0.000000 -1.671426 99.939083 0.000000 3.489950 0.002440 
170 1.510906 0.000000 -0.566234 88.159583 -0.084321 7.591432 0.268827 
171 0.323766 0.000000 0.538958 99.939083 0.000000 3.489950 0.002440 
172 -5.611936 0.000000 -10.512965 99.939083 0.000000 3.489950 0.002440 
173 -10.360498 0.000000 -10.512965 99.939083 0.000000 3.489950 0.002440 
174 -5.611936 0.000000 -14.933734 99.939083 0.000000 3.489950 0.002440 
175 -3.237656 0.000000 -3.881811 99.939083 0.000000 3.489950 0.002440 
176 -5.611936 0.000000 -3.881811 99.939083 0.000000 3.489950 0.002440 
177 -3.237656 0.000000 -6.092195 99.939083 0.000000 3.489950 0.002440 
178 0.323766 0.000000 -2.776618 99.939083 0.000000 3.489950 0.002440 
179 -0.863375 0.000000 -2.776618 99.939083 0.000000 3.489950 0.002440 
180 0.323766 0.000000 -3.881811 99.939083 0.000000 3.489950 0.002440 
181 1.510906 0.000000 -2.776618 99.939083 0.000000 3.489950 0.002440 
182 13.382310 0.000000 -1.671426 96.685220 0.086545 3.832050 0.069939 
183 13.382310 0.000000 -6.092195 101.115119 -0.352242 5.690610 -0.018912 
184 18.130872 0.000000 -1.671426 99.507361 0.252878 2.825161 0.010715 
185 13.382310 0.000000 2.749343 99.244709 0.090335 13.571015 0.034284 
186 6.259468 0.000000 0.538958 94.852666 0.287233 0.798250 0.107860 
187 6.259468 0.000000 -1.671426 87.216643 0.059943 -0.698929 0.283687 
188 8.633748 0.000000 0.538958 92.321089 -0.185748 9.326083 0.174859 
189 6.259468 0.000000 2.749343 99.664152 0.001876 4.976689 0.009244 
190 2.698046 0.000000 -0.566234 85.877235 0.362724 -10.454435 0.331831 
191 2.698046 0.000000 -1.671426 86.410257 0.479250 -8.442166 0.313256 
192 3.885187 0.000000 -0.566234 83.409114 -0.046886 6.070345 0.382739 
193 2.698046 0.000000 0.538958 77.101763 0.615506 23.850657 0.638296 
194 0.917336 0.000000 -1.118830 73.149084 0.170389 0.830918 0.642892 
195 0.323766 0.000000 -1.118830 67.696939 0.516620 -5.332246 0.793865 
196 0.917336 0.000000 -1.671426 99.939083 0.000000 3.489950 0.002440 
197 1.510906 0.000000 -1.118830 85.818146 -0.352795 -17.196752 0.360550 
198 0.917336 0.000000 -0.566234 65.292082 0.471559 21.034534 0.945270 
199 1.510906 0.000000 4.959728 99.939083 0.000000 3.489950 0.002440 
200 -0.863375 0.000000 4.959728 99.939083 0.000000 3.489950 0.002440 
201 3.885187 0.000000 4.959728 99.939083 0.000000 3.489950 0.002440 
202 1.510906 0.000000 7.170112 99.939083 0.000000 3.489950 0.002440 
203 0.323766 0.000000 1.644151 99.939083 0.000000 3.489950 0.002440 
204 -0.863375 0.000000 1.644151 99.939083 0.000000 3.489950 0.002440 
205 1.510906 0.000000 1.644151 99.939083 0.000000 3.489950 0.002440 
206 0.323766 0.000000 2.749343 99.939083 0.000000 3.489950 0.002440 
207 0.917336 0.000000 -0.013638 65.771274 0.563076 23.997509 0.960502 
208 0.323766 0.000000 -0.013638 57.985092 0.685306 32.317646 1.294429 
209 1.510906 0.000000 -0.013638 64.282242 0.869420 29.676577 1.071254 
210 0.917336 0.000000 0.538958 99.939083 0.000000 3.489950 0.002440 
211 6.259468 0.000000 -3.881811 101.332151 0.004617 5.409405 -0.023485 
212 6.259468 0.000000 -6.092195 99.939083 0.000000 3.489950 0.002440 
213 8.633748 0.000000 -3.881811 102.402578 -0.025688 7.743576 -0.041335 
214 2.698046 0.000000 -2.776618 99.939083 0.000000 3.489950 0.002440 
215 2.698046 0.000000 -3.881811 99.939083 0.000000 3.489950 0.002440 
216 3.885187 0.000000 -2.776618 100.414233 -0.000338 3.665607 -0.006923 
217 5.072327 0.000000 -0.566234 82.554614 0.022070 6.279460 0.404681 
218 5.072327 0.000000 -1.671426 92.677949 2.967772 -1.539028 0.157413 
219 6.259468 0.000000 -0.566234 85.362208 0.106178 -0.355621 0.328791 
220 5.072327 0.000000 0.538958 85.941859 0.108060 21.029009 0.379198 
221 3.291617 0.000000 -1.118830 86.464345 0.477226 -8.598578 0.312306 
222 2.698046 0.000000 -1.118830 86.016747 0.409341 -9.587368 0.325883 
223 3.291617 0.000000 -1.671426 85.920939 0.543498 -7.030923 0.322173 
224 3.885187 0.000000 -1.118830 86.389286 0.493788 -3.645038 0.305565 
225 3.291617 0.000000 -0.566234 91.042111 -0.030147 12.057402 0.211933 
226 2.698046 0.000000 1.644151 99.939083 0.000000 3.489950 0.002440 
227 3.885187 0.000000 1.644151 97.557766 0.029962 7.431900 0.055893 
228 2.698046 0.000000 2.749343 99.939083 0.000000 3.489950 0.002440 
229 13.382310 0.000000 7.170112 98.660786 0.007946 5.791323 0.030613 
230 18.130872 0.000000 7.170112 100.265446 0.044451 3.319944 -0.004201 
231 13.382310 0.000000 11.590882 99.939083 0.000000 3.489950 0.002440 
232 6.259468 0.000000 4.959728 99.939083 0.000000 3.489950 0.002440 
233 8.633748 0.000000 4.959728 99.939083 0.000000 3.489950 0.002440 
234 6.259468 0.000000 7.170112 99.939083 0.000000 3.489950 0.002440 
235 5.072327 0.000000 1.644151 85.755536 0.105358 21.051819 0.384157 
236 6.259468 0.000000 1.644151 87.596461 0.001460 18.745863 0.323740 
237 5.072327 0.000000 2.749343 99.939083 0.000000 3.489950 0.002440 
238 3.291617 0.000000 1.091555 83.889585 0.498885 26.449824 0.473670 
239 2.698046 0.000000 1.091555 77.254718 0.885886 27.703481 0.670332 
240 3.291617 0.000000 0.538958 83.003487 0.404698 25.273926 0.487800 
241 3.885187 0.000000 1.091555 85.727282 0.671028 26.994565 0.428796 
242 3.291617 0.000000 1.644151 99.939083 0.000000 3.489950 0.002440 
243 5.072327 0.000000 -2.776618 102.971190 -0.031719 7.687039 -0.052293 
244 5.072327 0.000000 -3.881811 99.939083 0.000000 3.489950 0.002440 
245 6.259468 0.000000 -2.776618 100.379548 -0.107882 5.501418 -0.004563 
246 11.008029 0.000000 0.538958 95.632956 -0.004593 9.527039 0.101141 
247 11.008029 0.000000 -1.671426 96.258859 0.042856 2.114653 0.077898 
248 13.382310 0.000000 0.538958 97.814295 -0.193515 6.983744 0.049814 
249 11.008029 0.000000 2.749343 96.660717 0.232296 14.371126 0.091849 
250 7.446608 0.000000 -0.566234 85.432062 0.091155 11.627542 0.346652 
251 7.446608 0.000000 -1.671426 92.019952 -0.108656 1.163592 0.171126 
252 8.633748 0.000000 -0.566234 90.290476 -0.156114 7.270179 0.217600 
253 7.446608 0.000000 0.538958 92.080954 -0.026174 6.571041 0.174915 
254 5.665897 0.000000 -1.118830 91.583662 0.153839 -1.135541 0.181077 
255 5.072327 0.000000 -1.118830 92.677605 -0.908164 -2.038751 0.156666 
256 5.665897 0.000000 -1.671426 91.618582 0.153368 -1.119957 0.180274 
257 6.259468 0.000000 -1.118830 87.334717 0.057605 -0.720810 0.280846 
258 5.665897 0.000000 -0.566234 84.038735 0.307428 24.225176 0.451561 
259 4.478757 0.000000 1.091555 83.163539 0.195548 23.390159 0.468602 
260 4.478757 0.000000 0.538958 82.559485 0.194103 23.917723 0.488889 
261 5.072327 0.000000 1.091555 85.596657 0.112066 21.071314 0.388393 
262 4.478757 0.000000 1.644151 82.559092 0.230707 24.824721 0.496146 
263 7.446608 0.000000 1.644151 92.405309 -0.073959 18.057844 0.203024 
264 8.633748 0.000000 1.644151 100.185593 -0.098863 11.978276 0.010716 
265 7.446608 0.000000 2.749343 102.185424 -0.510220 2.163166 -0.042330 
266 5.665897 0.000000 1.091555 85.180066 0.103388 20.525606 0.395745 
267 5.665897 0.000000 0.538958 98.348738 0.100367 -10.345758 0.044839 
268 6.259468 0.000000 1.091555 87.700752 0.033859 18.424724 0.319418 
269 5.665897 0.000000 1.644151 103.929213 -0.114049 -0.521364 -0.075571 
270 18.130872 0.000000 -23.775272 99.939083 0.000000 3.489950 0.002440 
271 18.130872 0.000000 -32.616811 99.939083 0.000000 3.489950 0.002440 
272 27.627995 0.000000 -23.775272 99.939083 0.000000 3.489950 0.002440 
273 13.382310 0.000000 -10.512965 99.939083 0.000000 3.489950 0.002440 
274 13.382310 0.000000 -14.933734 99.939083 0.000000 3.489950 0.002440 
275 18.130872 0.000000 -10.512965 100.566770 -0.000784 4.456138 -0.009318 
276 11.008029 0.000000 -3.881811 100.925760 -0.116022 5.655259 -0.015231 
277 11.008029 0.000000 -6.092195 100.798542 -0.022991 4.849373 -0.013548 
278 13.382310 0.000000 -3.881811 99.946184 -0.009299 4.580543 0.003181 
279 7.446608 0.000000 -2.776618 100.734655 0.000918 5.880748 -0.011197 
280 7.446608 0.000000 -3.881811 101.605490 -0.038364 6.354847 -0.027754 
281 8.633748 0.000000 -2.776618 99.121963 -0.138760 5.340708 0.020638 
282 6.853038 0.000000 -1.118830 87.550300 0.089452 -0.071762 0.275589 
283 6.853038 0.000000 -1.671426 87.492282 0.089895 -0.079289 0.276984 
284 7.446608 0.000000 -1.118830 91.956773 -0.103408 1.053857 0.172534 
285 6.853038 0.000000 -0.566234 90.192677 0.013492 13.458250 0.236713 
286 9.820889 0.000000 -0.566234 95.021198 -0.196061 1.934445 0.104535 
287 9.820889 0.000000 -1.671426 95.126704 -0.089263 1.793742 0.102174 
288 11.008029 0.000000 -0.566234 95.686179 0.001528 1.807133 0.090058 
289 9.820889 0.000000 0.538958 92.278238 0.105144 11.927109 0.182734 
290 9.820889 0.000000 -2.776618 99.015208 -0.604844 3.581363 0.021236 
291 9.820889 0.000000 -3.881811 101.185318 -0.287565 6.609096 -0.019198 
292 11.008029 0.000000 -2.776618 98.739050 0.228359 3.691362 0.026936 
293 37.125118 0.000000 -6.092195 97.854628 0.123769 -1.475878 0.043998 
294 37.125118 0.000000 -14.933734 99.772360 0.002001 3.235346 0.005617 
295 46.622241 0.000000 -6.092195 98.595635 0.058403 0.645647 0.028500 
296 37.125118 0.000000 2.749343 102.185377 -0.111281 -2.397304 -0.042252 
297 22.879433 0.000000 -1.671426 100.356876 0.045491 -0.820290 -0.007047 
298 22.879433 0.000000 -6.092195 99.654005 -0.017297 3.130574 0.007933 
299 27.627995 0.000000 -1.671426 99.056338 0.187762 -3.294897 0.020160 
300 22.879433 0.000000 2.749343 105.270826 -0.044168 -8.206572 -0.094239 
301 15.756591 0.000000 0.538958 99.312385 0.028370 2.972476 0.014743 
302 15.756591 0.000000 -1.671426 100.094679 -0.059765 2.468485 -0.001284 
303 18.130872 0.000000 0.538958 100.453508 0.078855 0.018368 -0.009031 
304 15.756591 0.000000 2.749343 100.052336 0.028771 13.211820 0.016604 
305 12.195170 0.000000 -0.566234 97.012736 0.119911 2.804999 0.062256 
306 12.195170 0.000000 -1.671426 97.045876 0.119277 2.825791 0.061569 
307 13.382310 0.000000 -0.566234 96.670391 0.086654 3.802685 0.070230 
308 12.195170 0.000000 0.538958 99.032321 -0.137793 6.751490 0.024233 
309 10.414459 0.000000 -1.118830 95.589367 0.007372 1.504794 0.092035 
310 9.820889 0.000000 -1.118830 95.172026 -0.088678 1.819985 0.101199 
311 10.414459 0.000000 -1.671426 95.793458 0.011555 1.920746 0.087794 
312 11.008029 0.000000 -1.118830 96.339062 0.048231 2.152436 0.076203 
313 10.414459 0.000000 -0.566234 95.421212 -0.001785 1.219013 0.095583 
314 15.756591 0.000000 -3.881811 100.037162 0.083729 4.757077 0.001522 
315 15.756591 0.000000 -6.092195 100.150415 0.119059 4.251226 -0.001201 
316 18.130872 0.000000 -3.881811 99.764450 -0.023521 3.476915 0.005940 
317 12.195170 0.000000 -2.776618 98.186813 0.117191 2.776093 0.037691 
318 12.195170 0.000000 -3.881811 99.942982 0.173355 4.536661 0.003209 
319 13.382310 0.000000 -2.776618 98.426394 0.087047 3.086174 0.032933 
320 10.414459 0.000000 -2.224022 96.020057 0.019599 2.159935 0.083033 
321 9.820889 0.000000 -2.224022 95.021198 -0.196061 1.934445 0.104535 
322 10.414459 0.000000 -2.776618 99.952104 0.240704 5.682196 0.004205 
323 11.008029 0.000000 -2.224022 96.020057 0.019599 2.159935 0.083033 
324 11.601599 0.000000 -1.118830 96.904615 0.136796 2.077752 0.064154 
325 11.601599 0.000000 -1.671426 97.105319 0.132176 2.414828 0.060081 
326 12.195170 0.000000 -1.118830 97.047192 0.116262 2.914966 0.061596 
327 11.601599 0.000000 -0.566234 96.625559 0.145749 1.793192 0.069948 
328 10.711244 0.000000 -1.395128 95.754926 0.009475 1.880030 0.088607 
329 10.414459 0.000000 -1.395128 95.762034 0.089028 1.824326 0.088431 
330 10.711244 0.000000 -1.671426 95.749048 0.008856 1.873801 0.088731 
331 11.008029 0.000000 -1.395128 96.326391 0.049731 2.148149 0.076471 
332 10.711244 0.000000 -1.118830 95.502337 0.003520 1.361500 0.093869 
333 11.008029 0.000000 4.959728 100.248490 0.040484 4.003748 -0.003365 
334 13.382310 0.000000 4.959728 100.717365 0.190734 3.488213 -0.013053 
335 11.008029 0.000000 7.170112 99.939083 0.000000 3.489950 0.002440 
336 9.820889 0.000000 1.644151 94.193291 0.244130 15.478025 0.150770 
337 11.008029 0.000000 1.644151 96.389818 0.153835 12.145355 0.091086 
338 9.820889 0.000000 2.749343 100.290388 -0.025491 5.896283 -0.002336 
339 9.820889 0.000000 3.854535 100.548696 -0.104482 3.631294 -0.009617 
340 8.633748 0.000000 3.854535 97.786166 0.099546 8.112776 0.052229 
341 11.008029 0.000000 3.854535 102.372414 0.013517 1.699584 -0.046099 
342 9.820889 0.000000 4.959728 98.519796 0.009266 6.220364 0.034061 
343 9.227319 0.000000 2.196747 95.267102 0.173218 12.869124 0.117836 
344 8.633748 0.000000 2.196747 102.961497 -0.330452 0.950983 -0.057449 
345 9.227319 0.000000 1.644151 95.398733 0.158665 12.549194 0.113973 
346 9.820889 0.000000 2.196747 94.864688 0.228917 15.125295 0.134265 
347 9.227319 0.000000 2.749343 95.315236 0.167497 12.752127 0.116419 
348 12.195170 0.000000 1.644151 98.138142 0.196245 11.804584 0.052723 
349 13.382310 0.000000 1.644151 98.873098 0.087021 4.475844 0.024849 
350 12.195170 0.000000 2.749343 98.332513 0.197651 13.437660 0.053050 
351 10.414459 0.000000 2.196747 96.299826 0.169520 12.600572 0.094321 
352 10.414459 0.000000 1.644151 96.623060 0.133730 9.563183 0.079760 
353 11.008029 0.000000 2.196747 96.674483 0.206887 13.473721 0.088730 
354 10.414459 0.000000 2.749343 96.283498 0.169171 12.683053 0.094914 
355 7.446608 0.000000 3.854535 99.939083 0.000000 3.489950 0.002440 
356 6.259468 0.000000 3.854535 99.939083 0.000000 3.489950 0.002440 
357 7.446608 0.000000 4.959728 99.939083 0.000000 3.489950 0.002440 
358 9.227319 0.000000 3.301939 101.869218 -0.525516 1.431012 -0.036496 
359 8.633748 0.000000 3.301939 101.741531 0.096985 2.028641 -0.033859 
360 9.820889 0.000000 3.301939 100.340690 0.302884 4.547489 -0.004732 
361 9.227319 0.000000 3.854535 100.950448 0.052837 3.331161 -0.017757 
362 9.524104 0.000000 2.473045 95.183774 0.204129 14.002713 0.123252 
363 9.227319 0.000000 2.473045 95.278254 0.171694 12.842015 0.117507 
364 9.524104 0.000000 2.196747 95.174173 0.208593 14.094304 0.123768 
365 9.820889 0.000000 2.473045 94.851056 0.230445 15.132452 0.134598 
366 9.524104 0.000000 2.749343 94.193291 0.244130 15.478025 0.150770 
367 37.125118 0.000000 11.590882 100.323557 -0.000608 2.531431 -0.005816 
368 46.622241 0.000000 11.590882 99.998095 -0.018727 2.588092 0.000708 
369 37.125118 0.000000 20.432420 99.855804 -0.055012 3.721977 0.004281 
370 22.879433 0.000000 7.170112 100.008614 -0.078998 2.810476 0.000618 
371 27.627995 0.000000 7.170112 99.956230 -0.271738 2.700737 0.001614 
372 22.879433 0.000000 11.590882 100.071443 -0.049470 3.587480 -0.000142 
373 15.756591 0.000000 4.959728 100.853817 0.061635 1.935648 -0.016572 
374 18.130872 0.000000 4.959728 101.118515 -0.039401 0.612521 -0.022096 
375 15.756591 0.000000 7.170112 100.591631 -0.081104 3.048816 -0.010851 
376 12.195170 0.000000 3.854535 101.312274 -0.001539 2.542462 -0.025295 
377 13.382310 0.000000 3.854535 99.098696 0.063533 14.555308 0.040250 
378 12.195170 0.000000 4.959728 101.280463 -0.132208 2.338610 -0.024768 
379 14.569450 0.000000 -0.566234 97.869464 -0.029876 3.572471 0.044813 
380 14.569450 0.000000 -1.671426 97.618223 -0.071008 3.372366 0.049908 
381 15.756591 0.000000 -0.566234 100.093212 -0.056508 2.419310 -0.001278 
382 14.569450 0.000000 0.538958 98.635253 -0.077661 3.374949 0.028830 
383 14.569450 0.000000 -2.776618 99.423592 -0.325026 4.649732 0.013803 
384 14.569450 0.000000 -3.881811 100.074220 0.025541 4.924776 0.000941 
385 15.756591 0.000000 -2.776618 99.319303 -0.043380 3.364796 0.014857 
386 20.505152 0.000000 0.538958 101.151814 0.183425 0.038280 -0.022780 
387 20.505152 0.000000 -1.671426 101.158422 -0.050963 2.234865 -0.022430 
388 22.879433 0.000000 0.538958 102.774017 -0.079468 0.140580 -0.053998 
389 20.505152 0.000000 2.749343 103.050219 -0.101697 -1.924516 -0.058874 
390 16.943731 0.000000 -0.566234 100.221358 -0.069399 1.564455 -0.004174 
391 16.943731 0.000000 -1.671426 100.221358 -0.069399 1.564455 -0.004174 
392 18.130872 0.000000 -0.566234 100.530508 -0.064704 2.045257 -0.010144 
393 16.943731 0.000000 0.538958 100.191253 -0.003769 2.602698 -0.003144 
394 15.163021 0.000000 -1.118830 99.574563 -0.085693 3.084817 0.009508 
395 14.569450 0.000000 -1.118830 97.829907 -0.036591 3.540965 0.045614 
396 15.163021 0.000000 -1.671426 100.106332 -0.084831 2.858020 -0.001309 
397 15.756591 0.000000 -1.118830 100.093149 -0.056565 2.417502 -0.001278 
398 15.163021 0.000000 -0.566234 99.455012 -0.089087 3.237810 0.012022 
399 14.569450 0.000000 3.854535 99.659348 0.070478 13.883155 0.026571 
400 14.569450 0.000000 2.749343 99.618882 0.083395 13.024759 0.025012 
401 15.756591 0.000000 3.854535 100.039539 0.031010 13.245995 0.016959 
402 14.569450 0.000000 4.959728 100.194717 0.057304 3.656471 -0.002556 
403 20.505152 0.000000 4.959728 99.466307 0.094518 2.703509 0.011471 
404 22.879433 0.000000 4.959728 99.746596 0.367062 2.200829 0.005582 
405 20.505152 0.000000 7.170112 100.366105 0.250534 2.607426 -0.006617 
406 16.943731 0.000000 3.854535 100.623318 -0.062714 10.658389 -0.001144 
407 16.943731 0.000000 2.749343 100.623318 -0.062714 10.658389 -0.001144 
408 18.130872 0.000000 3.854535 101.461648 -0.135427 5.350014 -0.026076 
409 16.943731 0.000000 4.959728 100.380253 0.373306 2.271915 -0.007053 
410 22.879433 0.000000 -10.512965 100.047454 0.067261 3.784224 0.000483 
411 22.879433 0.000000 -14.933734 99.939083 0.000000 3.489950 0.002440 
412 27.627995 0.000000 -10.512965 99.906102 0.008386 3.561357 0.003153 
413 20.505152 0.000000 -3.881811 99.577111 -0.085583 3.031015 0.009423 
414 20.505152 0.000000 -6.092195 99.735665 -0.002796 3.479260 0.006521 
415 22.879433 0.000000 -3.881811 99.447320 -0.045601 2.518423 0.011756 
416 19.318012 0.000000 -0.566234 100.699762 -0.048907 1.949023 -0.013530 
417 19.318012 0.000000 -1.671426 100.609894 -0.047288 1.878368 -0.011780 
418 20.505152 0.000000 -0.566234 101.167052 -0.012706 2.150275 -0.022635 
419 19.318012 0.000000 0.538958 101.363555 0.231509 5.495109 -0.024004 
420 19.318012 0.000000 3.854535 102.048291 -0.118522 0.750182 -0.040108 
421 19.318012 0.000000 2.749343 102.099010 -0.109665 0.249404 -0.041130 
422 20.505152 0.000000 3.854535 102.501354 -0.102763 -2.662537 -0.048167 
423 19.318012 0.000000 4.959728 99.954428 -0.349299 2.019324 0.001332 
424 32.376556 0.000000 -1.671426 105.018370 0.054284 -2.107962 -0.095082 
425 32.376556 0.000000 -6.092195 100.029909 0.012506 2.844549 0.000211 
426 37.125118 0.000000 -1.671426 103.522127 0.051360 0.602435 -0.068014 
427 32.376556 0.000000 2.749343 101.405098 -0.216948 -8.845892 -0.020169 
428 25.253714 0.000000 0.538958 103.981395 -0.027178 0.164679 -0.076556 
429 25.253714 0.000000 -1.671426 100.136940 0.053825 -1.697440 -0.002448 
430 27.627995 0.000000 0.538958 102.862530 -0.016858 0.329282 -0.055664 
431 25.253714 0.000000 2.749343 106.104683 0.319460 -6.804670 -0.110939 
432 21.692293 0.000000 -0.566234 101.182562 -0.050230 2.090802 -0.022962 
433 21.692293 0.000000 -1.671426 101.079627 -0.052712 1.999545 -0.020983 
434 22.879433 0.000000 -0.566234 100.285218 0.045246 -0.338327 -0.005677 
435 21.692293 0.000000 0.538958 101.936972 0.076036 0.371539 -0.038008 
436 25.253714 0.000000 -3.881811 99.603552 -0.117474 2.712517 0.008705 
437 25.253714 0.000000 -6.092195 99.728433 0.056364 3.165448 0.006456 
438 27.627995 0.000000 -3.881811 95.816351 -0.024753 -2.709674 0.087712 
439 21.692293 0.000000 -2.776618 99.810306 0.145158 2.982101 0.004698 
440 20.505152 0.000000 -2.776618 99.520563 -0.208360 2.908592 0.010495 
441 21.692293 0.000000 -3.881811 99.661695 0.089952 3.089463 0.007753 
442 22.879433 0.000000 -2.776618 99.765579 -0.170094 2.734652 0.005455 
443 21.098722 0.000000 -1.118830 101.313447 -0.047074 2.206837 -0.025471 
444 20.505152 0.000000 -1.118830 101.168639 -0.046503 2.473394 -0.022521 
445 21.098722 0.000000 -1.671426 101.321867 -0.046871 2.214302 -0.025632 
446 21.692293 0.000000 -1.118830 101.156902 -0.050848 2.068053 -0.022469 
447 21.098722 0.000000 -0.566234 101.300855 -0.047377 2.195674 -0.025230 
448 19.318012 0.000000 -2.776618 99.517443 0.081078 2.859680 0.010525 
449 18.130872 0.000000 -2.776618 99.810411 -0.085378 3.488741 0.005024 
450 19.318012 0.000000 -3.881811 99.482071 -0.006931 2.948095 0.011292 
451 21.098722 0.000000 -2.224022 99.471011 0.203110 2.386456 0.011215 
452 20.505152 0.000000 -2.224022 100.390678 0.211834 3.880937 -0.006289 
453 21.098722 0.000000 -2.776618 99.519787 -0.200057 2.631287 0.010354 
454 21.692293 0.000000 -2.224022 99.531967 0.058432 2.344051 0.009959 
455 24.066573 0.000000 -0.566234 99.551857 0.009423 -1.707395 0.009296 
456 24.066573 0.000000 -1.671426 98.397738 0.015459 -2.462132 0.033160 
457 25.253714 0.000000 -0.566234 99.583339 0.041816 -1.973054 0.008760 
458 24.066573 0.000000 0.538958 102.843422 -0.089867 0.198010 -0.055309 
459 22.285863 0.000000 -1.118830 100.722738 -0.006116 1.570716 -0.014114 
460 22.285863 0.000000 -1.671426 100.616575 0.003776 1.270499 -0.012101 
461 22.879433 0.000000 -1.118830 100.117357 0.057478 -0.448390 -0.002324 
462 22.285863 0.000000 -0.566234 100.597243 0.005873 1.228707 -0.011729 
463 21.395508 0.000000 -1.395128 101.308184 -0.047201 2.202171 -0.025370 
464 21.098722 0.000000 -1.395128 101.321067 -0.046890 2.213592 -0.025617 
465 21.395508 0.000000 -1.671426 101.312489 -0.047097 2.205988 -0.025453 
466 21.692293 0.000000 -1.395128 101.146694 -0.051094 2.059003 -0.022273 
467 21.395508 0.000000 -1.118830 101.301704 -0.047357 2.196427 -0.025246 
468 19.911582 0.000000 -1.118830 101.072982 -0.018713 2.109329 -0.020809 
469 19.318012 0.000000 -1.118830 100.625458 -0.047568 1.890604 -0.012084 
470 19.911582 0.000000 -1.671426 101.013006 -0.054552 2.195297 -0.019597 
471 19.911582 0.000000 -0.566234 101.088212 -0.006455 2.047622 -0.021133 
472 20.801937 0.000000 -1.395128 101.352611 -0.046172 2.287704 -0.026200 
473 20.505152 0.000000 -1.395128 101.163873 -0.050829 2.236348 -0.022536 
474 20.801937 0.000000 -1.671426 101.427712 -0.044318 2.308139 -0.027654 
475 20.801937 0.000000 -1.118830 101.365438 -0.045855 2.291194 -0.026449 
476 21.692293 0.000000 1.644151 100.992019 -0.066365 -0.077587 -0.019652 
477 20.505152 0.000000 1.644151 101.151814 0.183425 0.038280 -0.022780 
478 22.879433 0.000000 1.644151 102.774017 -0.079468 0.140580 -0.053998 
479 21.692293 0.000000 2.749343 103.125930 -0.029103 -5.046877 -0.058312 
480 21.098722 0.000000 -0.013638 101.210737 0.026840 1.157031 -0.023806 
481 20.505152 0.000000 -0.013638 101.151814 0.183425 0.038280 -0.022780 
482 21.692293 0.000000 -0.013638 100.657843 0.107023 0.237572 -0.013068 
483 21.098722 0.000000 0.538958 101.163511 0.109766 0.060712 -0.023011 
484 21.395508 0.000000 -0.842532 101.297032 -0.047469 2.192284 -0.025157 
485 21.098722 0.000000 -0.842532 101.303478 -0.047314 2.197999 -0.025280 
486 21.692293 0.000000 -0.842532 101.162210 -0.050720 2.072758 -0.022571 
487 21.395508 0.000000 -0.566234 101.296962 -0.047471 2.192222 -0.025156 
488 21.247115 0.000000 -1.256979 101.309504 -0.047169 2.203341 -0.025396 
489 21.098722 0.000000 -1.256979 101.318301 -0.046957 2.211140 -0.025564 
490 21.247115 0.000000 -1.395128 101.312918 -0.047086 2.206369 -0.025461 
491 21.395508 0.000000 -1.256979 101.305057 -0.047276 2.199399 -0.025311 
492 21.247115 0.000000 -1.118830 101.305275 -0.047271 2.199592 -0.025315 
493 20.801937 0.000000 -0.842532 101.269338 -0.019177 2.207959 -0.024610 
494 20.505152 0.000000 -0.842532 101.167980 -0.016577 2.170755 -0.022644 
495 20.801937 0.000000 -0.566234 101.244193 -0.013068 2.177273 -0.024132 
496 20.950330 0.000000 -1.256979 101.427712 -0.044318 2.308139 -0.027654 
497 20.801937 0.000000 -1.256979 101.365512 -0.045853 2.291214 -0.026450 
498 20.950330 0.000000 -1.395128 101.427712 -0.044318 2.308139 -0.027654 
499 20.950330 0.000000 -1.118830 101.427712 -0.044318 2.308139 -0.027654 
500 21.247115 0.000000 -0.980681 101.301269 -0.047367 2.196041 -0.025238 
501 21.098722 0.000000 -0.980681 101.307811 -0.047210 2.201840 -0.025363 
502 21.395508 0.000000 -0.980681 101.298817 -0.047426 2.193867 -0.025191 
503 21.247115 0.000000 -0.842532 101.298627 -0.047431 2.193699 -0.025188 
504 21.172919 0.000000 -1.187905 101.311021 -0.047132 2.204686 -0.025425 
505 21.098722 0.000000 -1.187905 101.316093 -0.047010 2.209184 -0.025522 
506 21.172919 0.000000 -1.256979 101.313208 -0.047079 2.206626 -0.025467 
507 21.247115 0.000000 -1.187905 101.307440 -0.047219 2.201512 -0.025356 
508 21.172919 0.000000 -1.118830 101.308604 -0.047190 2.202543 -0.025378 
509 32.376556 0.000000 7.170112 100.040436 0.044192 2.443243 -0.000212 
510 37.125118 0.000000 7.170112 100.605748 -0.125861 1.073977 -0.011930 
511 32.376556 0.000000 11.590882 100.003303 -0.092763 3.121645 0.000910 
512 25.253714 0.000000 4.959728 99.695829 0.396147 2.249860 0.006628 
513 27.627995 0.000000 4.959728 99.656518 -0.055496 1.976173 0.007287 
514 25.253714 0.000000 7.170112 99.954326 -0.180961 2.760462 0.001681 
515 21.692293 0.000000 3.854535 103.265414 0.039641 -5.339815 -0.060661 
516 22.879433 0.000000 3.854535 105.791470 0.000336 -8.660233 -0.102960 
517 21.692293 0.000000 4.959728 99.870671 -0.353276 1.830320 0.002939 
518 24.066573 0.000000 -2.776618 99.525512 0.078853 2.519982 0.010177 
519 24.066573 0.000000 -3.881811 99.723597 0.105193 2.974140 0.006436 
520 25.253714 0.000000 -2.776618 98.938011 0.071077 1.098827 0.021576 
521 22.285863 0.000000 -2.224022 99.564514 -0.228748 2.343130 0.009307 
522 22.285863 0.000000 -2.776618 99.668756 0.163627 2.766225 0.007421 
523 22.879433 0.000000 -2.224022 99.436302 -0.040437 2.159310 0.011808 
524 21.989078 0.000000 -1.395128 100.997514 -0.040123 1.982146 -0.019379 
525 21.989078 0.000000 -1.671426 100.996567 -0.039978 1.981945 -0.019361 
526 22.285863 0.000000 -1.395128 100.608367 0.004667 1.252756 -0.011943 
527 21.989078 0.000000 -1.118830 101.057366 -0.041668 2.023845 -0.020537 
528 24.066573 0.000000 3.854535 99.426913 0.765852 0.821939 0.011652 
529 24.066573 0.000000 2.749343 106.753143 0.253586 -7.669628 -0.121307 
530 25.253714 0.000000 3.854535 100.399050 -0.256848 -1.309719 -0.007775 
531 24.066573 0.000000 4.959728 99.678155 -0.519552 1.950718 0.006868 
532 22.285863 0.000000 3.301939 104.013443 -0.084558 -6.552043 -0.073334 
533 21.692293 0.000000 3.301939 103.266221 0.040038 -5.341510 -0.060674 
534 22.285863 0.000000 2.749343 104.085904 -0.068463 -6.760213 -0.074430 
535 22.879433 0.000000 3.301939 105.226993 -0.061260 -8.397588 -0.093172 
536 22.285863 0.000000 3.854535 104.052845 -0.064590 -6.695395 -0.073895 
537 21.098722 0.000000 3.301939 103.059220 -0.061981 -4.906774 -0.057180 
538 20.505152 0.000000 3.301939 102.876632 -0.099468 -2.027859 -0.055562 
539 21.098722 0.000000 2.749343 103.064257 -0.059498 -4.917352 -0.057266 
540 21.098722 0.000000 3.854535 103.027292 -0.077717 -4.839719 -0.056637 
541 -48.348991 0.000000 214.946266 99.939083 0.000000 3.489950 0.002440 
542 -124.325976 0.000000 214.946266 99.939083 0.000000 3.489950 0.002440 
543 27.627995 0.000000 214.946266 99.939083 0.000000 3.489950 0.002440 
544 -48.348991 0.000000 285.678573 99.939083 0.000000 3.489950 0.002440 
545 -10.360498 0.000000 108.847804 99.939083 0.000000 3.489950 0.002440 
546 -48.348991 0.000000 108.847804 99.939083 0.000000 3.489950 0.002440 
547 27.627995 0.000000 108.847804 99.939083 0.000000 3.489950 0.002440 
548 -10.360498 0.000000 144.213958 99.939083 0.000000 3.489950 0.002440 
549 8.633748 0.000000 55.798574 99.939083 0.000000 3.489950 0.002440 
550 -10.360498 0.000000 55.798574 99.939083 0.000000 3.489950 0.002440 
551 27.627995 0.000000 55.798574 99.939083 0.000000 3.489950 0.002440 
552 8.633748 0.000000 73.481651 99.939083 0.000000 3.489950 0.002440 
553 18.130872 0.000000 29.273958 99.939083 0.000000 3.489950 0.002440 
554 8.633748 0.000000 29.273958 99.939083 0.000000 3.489950 0.002440 
555 27.627995 0.000000 29.273958 99.939083 0.000000 3.489950 0.002440 
556 18.130872 0.000000 38.115497 99.939083 0.000000 3.489950 0.002440 
557 22.879433 0.000000 16.011651 99.939083 0.000000 3.489950 0.002440 
558 18.130872 0.000000 16.011651 99.939083 0.000000 3.489950 0.002440 
559 27.627995 0.000000 16.011651 99.189191 0.002318 4.735809 0.018639 
560 22.879433 0.000000 20.432420 99.939083 0.000000 3.489950 0.002440 
561 20.505152 0.000000 9.380497 100.767240 0.120639 2.592561 -0.014574 
562 18.130872 0.000000 9.380497 99.449923 0.022165 4.577740 0.013191 
563 22.879433 0.000000 9.380497 100.622202 0.020628 2.410127 -0.011800 
564 20.505152 0.000000 11.590882 98.710863 0.004470 5.546796 0.029293 
565 21.692293 0.000000 6.064920 99.612960 -0.044430 2.977181 0.008666 
566 20.505152 0.000000 6.064920 100.356955 -0.032710 2.019336 -0.006711 
567 22.879433 0.000000 6.064920 100.047647 -0.148834 2.345996 -0.000400 
568 21.692293 0.000000 7.170112 100.771115 -0.029093 1.777168 -0.015000 
569 22.285863 0.000000 4.407132 99.444566 0.524884 2.320311 0.011742 
570 21.692293 0.000000 4.407132 99.546032 0.462854 1.359248 0.009327 
571 22.879433 0.000000 4.407132 99.701091 -0.655872 0.864885 0.006114 
572 22.285863 0.000000 4.959728 100.884272 0.251217 -0.164188 -0.017528 
573 21.989078 0.000000 3.578237 103.413717 0.013987 -5.544919 -0.063244 
574 21.692293 0.000000 3.578237 103.259973 0.036959 -5.328388 -0.060570 
575 21.989078 0.000000 3.301939 103.433811 0.008419 -5.570456 -0.063595 
576 22.285863 0.000000 3.578237 103.907303 -0.065527 -6.361681 -0.071583 
577 21.989078 0.000000 3.854535 103.505748 0.031147 -5.707829 -0.064802 
578 23.473003 0.000000 -1.118830 99.765421 0.053565 -1.331500 0.004881 
579 23.473003 0.000000 -1.671426 98.839839 0.067637 -1.964047 0.023855 
580 24.066573 0.000000 -1.118830 98.536198 0.035791 -2.290721 0.030225 
581 23.473003 0.000000 -0.566234 100.038833 0.037696 -1.191167 -0.000634 
582 24.066573 0.000000 1.644151 102.846293 -0.076879 0.182212 -0.055364 
583 25.253714 0.000000 1.644151 103.981395 -0.027178 0.164679 -0.076556 
584 23.473003 0.000000 3.301939 106.368119 0.114892 -8.194331 -0.113868 
585 23.473003 0.000000 2.749343 106.343494 0.119544 -8.114362 -0.113541 
586 24.066573 0.000000 3.301939 106.762273 0.251422 -7.562878 -0.121600 
587 23.473003 0.000000 3.854535 106.649786 0.185687 -7.811484 -0.119323 
588 30.002275 0.000000 0.538958 104.976388 0.040440 0.404238 -0.094692 
589 30.002275 0.000000 -1.671426 102.330123 0.161454 -3.139617 -0.044638 
590 32.376556 0.000000 0.538958 106.019446 -0.099721 0.069101 -0.113294 
591 30.002275 0.000000 2.749343 104.980588 -0.017238 -9.601259 -0.086808 
592 26.440854 0.000000 -0.566234 100.011005 -0.066262 -1.994874 0.000178 
593 26.440854 0.000000 -1.671426 99.608281 -0.081599 -2.428200 0.008461 
594 27.627995 0.000000 -0.566234 99.483463 0.153342 -2.747967 0.011150 
595 26.440854 0.000000 0.538958 102.983569 -0.016007 0.283057 -0.057950 
596 103.604980 0.000000 -209.447580 99.939083 0.000000 3.489950 0.002440 
597 103.604980 0.000000 -280.179887 99.939083 0.000000 3.489950 0.002440 
598 179.581965 0.000000 -209.447580 99.939083 0.000000 3.489950 0.002440 
599 65.616487 0.000000 -103.349118 99.939083 0.000000 3.489950 0.002440 
600 65.616487 0.000000 -138.715272 99.939083 0.000000 3.489950 0.002440 
601 103.604980 0.000000 -103.349118 99.939083 0.000000 3.489950 0.002440 
602 46.622241 0.000000 -50.299888 99.939083 0.000000 3.489950 0.002440 
603 46.622241 0.000000 -67.982965 99.939083 0.000000 3.489950 0.002440 
604 65.616487 0.000000 -50.299888 99.939083 0.000000 3.489950 0.002440 
605 37.125118 0.000000 -23.775272 99.939083 0.000000 3.489950 0.002440 
606 37.125118 0.000000 -32.616811 99.939083 0.000000 3.489950 0.002440 
607 46.622241 0.000000 -23.775272 99.813363 0.014150 3.311855 0.004843 
608 32.376556 0.000000 -10.512965 99.807366 0.033345 3.276880 0.004940 
609 32.376556 0.000000 -14.933734 99.826282 0.011054 3.367412 0.004621 
610 37.125118 0.000000 -10.512965 101.292496 0.004692 5.337217 -0.022783 
611 30.002275 0.000000 -3.881811 101.417985 0.028236 3.989231 -0.026448 
612 30.002275 0.000000 -6.092195 96.901606 0.031019 -1.921479 0.064147 
613 32.376556 0.000000 -3.881811 99.812918 -0.039825 -2.140520 0.004209 
614 26.440854 0.000000 -2.776618 99.234346 -0.075736 2.028633 0.015845 
615 26.440854 0.000000 -3.881811 99.193084 0.068867 1.995201 0.016669 
616 27.627995 0.000000 -2.776618 103.484579 0.032532 2.424062 -0.066818 
617 25.847284 0.000000 -1.118830 99.706685 -0.027192 -2.081211 0.006320 
618 25.253714 0.000000 -1.118830 99.069949 0.060768 -2.219155 0.019270 
619 25.847284 0.000000 -1.671426 99.932679 -0.027191 -1.962476 0.001733 
620 26.440854 0.000000 -1.118830 99.711621 -0.072833 -2.218152 0.006280 
621 25.847284 0.000000 -0.566234 99.971578 -0.027191 -1.942039 0.000946 
622 30.002275 0.000000 4.959728 100.288237 0.178159 0.973782 -0.005652 
623 32.376556 0.000000 4.959728 101.088119 0.220443 -0.518771 -0.021506 
624 30.002275 0.000000 7.170112 100.108522 -0.047080 2.337040 -0.001623 
625 26.440854 0.000000 3.854535 99.136708 0.309800 0.701118 0.017466 
626 26.440854 0.000000 2.749343 106.394203 0.246433 -8.238778 -0.114263 
627 27.627995 0.000000 3.854535 99.773290 -0.243475 0.111858 0.004551 
628 26.440854 0.000000 4.959728 100.309645 -0.098979 0.853334 -0.006102 
629 26.440854 0.000000 1.644151 102.982097 -0.015991 0.283232 -0.057923 
630 27.627995 0.000000 1.644151 105.809828 0.019785 -3.002438 -0.108842 
631 25.847284 0.000000 3.301939 106.443624 0.295735 -7.853114 -0.115645 
632 25.253714 0.000000 3.301939 106.352031 0.361040 -7.627763 -0.114317 
633 25.847284 0.000000 2.749343 106.047148 0.243738 -6.562063 -0.110194 
634 26.440854 0.000000 3.301939 106.427767 0.242725 -8.231272 -0.114865 
635 25.847284 0.000000 3.854535 98.874733 -0.027844 1.427672 0.022953 
636 28.815135 0.000000 -0.566234 103.826789 -0.058245 -2.095635 -0.073311 
637 28.815135 0.000000 -1.671426 103.724214 -0.068078 -2.483754 -0.071251 
638 30.002275 0.000000 -0.566234 103.760373 0.089935 -1.511514 -0.072268 
639 28.815135 0.000000 0.538958 104.519586 0.008168 0.525748 -0.086401 
640 28.815135 0.000000 1.644151 104.519586 0.008168 0.525748 -0.086401 
641 30.002275 0.000000 1.644151 104.779417 -0.004171 -6.363933 -0.087634 
642 28.815135 0.000000 2.749343 105.175420 0.029162 -6.889468 -0.094222 
643 28.815135 0.000000 -2.776618 96.924659 -0.076404 2.004709 0.063696 
644 28.815135 0.000000 -3.881811 97.329577 0.015578 -0.646323 0.054777 
645 30.002275 0.000000 -2.776618 95.313780 0.141085 -4.438089 0.099988 
646 255.558951 0.000000 -67.982965 99.949795 0.003078 3.418300 0.002176 
647 255.558951 0.000000 -138.715272 99.715520 0.007082 3.116630 0.006685 
648 331.535936 0.000000 -67.982965 99.944658 0.002818 3.416873 0.002278 
649 255.558951 0.000000 2.749343 100.009921 0.017402 1.480793 0.000021 
650 141.593473 0.000000 -32.616811 99.986363 0.006085 3.217752 0.001309 
651 141.593473 0.000000 -67.982965 99.600951 -0.009073 2.902689 0.008864 
652 179.581965 0.000000 -32.616811 99.962158 0.005564 3.206569 0.001787 
653 141.593473 0.000000 2.749343 100.024525 0.012427 1.150934 -0.000358 
654 84.610734 0.000000 -14.933734 100.242239 0.011258 2.804874 -0.004052 
655 84.610734 0.000000 -32.616811 99.354351 -0.032053 2.444609 0.013601 
656 103.604980 0.000000 -14.933734 100.039498 0.010465 2.633805 -0.000096 
657 84.610734 0.000000 2.749343 100.062739 0.001717 1.262059 -0.001095 
658 56.119364 0.000000 -6.092195 100.545207 0.028843 1.725429 -0.010555 
659 56.119364 0.000000 -14.933734 98.734959 0.049448 1.194634 0.025749 
660 65.616487 0.000000 -6.092195 100.511381 0.014959 2.572825 -0.009526 
661 56.119364 0.000000 2.749343 100.525507 -0.013656 0.171782 -0.010455 
662 41.873679 0.000000 -1.671426 103.349406 0.024566 1.340698 -0.064661 
663 41.873679 0.000000 -6.092195 97.356134 0.086494 -1.805904 0.054527 
664 46.622241 0.000000 -1.671426 101.806444 0.000585 10.337721 -0.025292 
665 41.873679 0.000000 2.749343 101.624674 -0.029851 -1.266263 -0.031837 
666 34.750837 0.000000 0.538958 102.041240 -0.012532 -0.001277 -0.040027 
667 34.750837 0.000000 -1.671426 105.908006 -0.055243 1.709259 -0.111087 
668 37.125118 0.000000 0.538958 104.718116 0.017127 -3.777929 -0.088797 
669 34.750837 0.000000 2.749343 98.312553 -0.198205 3.371795 0.035479 
670 31.189416 0.000000 -0.566234 103.760154 0.076153 -2.778205 -0.071779 
671 31.189416 0.000000 -1.671426 103.757507 0.076908 -2.766696 -0.071736 
672 32.376556 0.000000 -0.566234 105.514730 0.000687 -1.488393 -0.104170 
673 31.189416 0.000000 0.538958 108.075439 0.309777 -11.914271 -0.137481 
674 29.408705 0.000000 -1.118830 101.971510 0.179749 -2.832407 -0.037926 
675 28.815135 0.000000 -1.118830 102.733229 -0.022932 -3.144216 -0.052317 
676 29.408705 0.000000 -1.671426 102.377445 0.117917 -2.729014 -0.045769 
677 30.002275 0.000000 -1.118830 102.926838 0.129587 -2.384285 -0.056366 
678 29.408705 0.000000 -0.566234 103.178724 0.093934 -1.874237 -0.061307 
679 31.189416 0.000000 1.644151 103.852861 -0.131857 -9.258602 -0.066502 
680 32.376556 0.000000 1.644151 106.242421 -0.086344 -8.376415 -0.111396 
681 31.189416 0.000000 2.749343 103.898607 -0.180081 -9.113655 -0.067597 
682 28.815135 0.000000 3.854535 99.967481 0.385317 0.057879 0.000666 
683 30.002275 0.000000 3.854535 100.599292 -0.319501 -0.165074 -0.011905 
684 28.815135 0.000000 4.959728 101.148523 0.059813 -0.266772 -0.022712 
685 29.408705 0.000000 2.196747 105.666429 -0.007601 -7.444884 -0.102379 
686 28.815135 0.000000 2.196747 105.658451 0.045737 -6.411877 -0.103447 
687 29.408705 0.000000 1.644151 105.364182 0.004379 -6.433668 -0.098147 
688 30.002275 0.000000 2.196747 104.902628 -0.016919 -9.602335 -0.085379 
689 29.408705 0.000000 2.749343 105.534491 -0.006405 -9.452719 -0.097118 
690 34.750837 0.000000 -3.881811 94.795685 -0.102862 -8.171978 0.116759 
691 34.750837 0.000000 -6.092195 100.804425 0.020243 3.556793 -0.014729 
692 37.125118 0.000000 -3.881811 99.217916 0.102727 -2.280343 0.016290 
693 31.189416 0.000000 -2.776618 101.459520 -0.211720 -1.876680 -0.028442 
694 31.189416 0.000000 -3.881811 98.782657 0.016567 -0.912934 0.024711 
695 32.376556 0.000000 -2.776618 95.856190 0.213454 -6.799150 0.091236 
696 33.563697 0.000000 -0.566234 104.313974 -0.165785 -0.338185 -0.082657 
697 33.563697 0.000000 -1.671426 104.313974 -0.165785 -0.338185 -0.082657 
698 34.750837 0.000000 -0.566234 104.944833 -0.120905 1.409361 -0.093965 
699 33.563697 0.000000 0.538958 106.044769 0.015392 -9.436284 -0.106303 
700 31.782986 0.000000 -1.118830 104.763203 0.021195 -2.320460 -0.090386 
701 31.189416 0.000000 -1.118830 103.742910 0.081068 -2.703222 -0.071496 
702 31.782986 0.000000 -1.671426 104.872805 0.014179 -2.229971 -0.092407 
703 32.376556 0.000000 -1.118830 105.192083 0.048345 -1.890318 -0.098282 
704 31.782986 0.000000 -0.566234 105.127444 -0.007715 -1.757796 -0.097162 
705 255.558951 0.000000 73.481651 99.935860 -0.003677 3.397091 0.002441 
706 331.535936 0.000000 73.481651 99.940651 -0.003589 3.381939 0.002334 
707 255.558951 0.000000 144.213958 99.984909 0.000368 3.411492 0.001467 
708 141.593473 0.000000 38.115497 99.923283 -0.007246 3.209210 0.002568 
709 179.581965 0.000000 38.115497 99.941521 -0.007032 3.161137 0.002172 
710 141.593473 0.000000 73.481651 100.079782 -0.001906 3.243191 -0.000544 
711 84.610734 0.000000 20.432420 100.135548 -0.005458 2.622435 -0.002022 
712 103.604980 0.000000 20.432420 99.939322 -0.012833 2.771124 0.001984 
713 84.610734 0.000000 38.115497 100.150819 0.008635 3.084514 -0.002064 
714 56.119364 0.000000 11.590882 100.592992 0.008051 1.907705 -0.011435 
715 65.616487 0.000000 11.590882 99.974428 -0.017342 2.970633 0.001395 
716 56.119364 0.000000 20.432420 100.171728 -0.000721 2.927600 -0.002576 
717 41.873679 0.000000 7.170112 101.194297 -0.049588 0.536552 -0.023586 
718 46.622241 0.000000 7.170112 100.945507 0.005312 0.977484 -0.018647 
719 41.873679 0.000000 11.590882 100.541096 -0.052953 2.026786 -0.010362 
720 34.750837 0.000000 4.959728 100.510052 0.123458 1.230021 -0.010001 
721 37.125118 0.000000 4.959728 99.895116 0.047363 0.979770 0.002196 
722 34.750837 0.000000 7.170112 100.578773 -0.091105 1.390679 -0.011321 
723 33.563697 0.000000 1.644151 104.844146 -0.151722 -6.874216 -0.088224 
724 34.750837 0.000000 1.644151 105.377964 -0.053760 -6.848083 -0.097925 
725 33.563697 0.000000 2.749343 98.318625 0.052810 2.359398 0.034740 
726 31.189416 0.000000 3.854535 100.328172 0.064265 -0.736967 -0.006489 
727 32.376556 0.000000 3.854535 102.048855 0.228192 -2.649209 -0.039508 
728 31.189416 0.000000 4.959728 100.564053 -0.170105 0.453433 -0.011198 
729 31.782986 0.000000 2.196747 105.094515 -0.047769 -8.588771 -0.090485 
730 31.189416 0.000000 2.196747 103.869290 -0.149177 -9.206543 -0.066896 
731 31.782986 0.000000 1.644151 105.207537 -0.072870 -7.087845 -0.094564 
732 32.376556 0.000000 2.196747 106.168655 -0.079415 -9.543655 -0.108338 
733 31.782986 0.000000 2.749343 101.182681 -0.278551 -3.215023 -0.022381 
734 33.563697 0.000000 -2.776618 96.772142 0.078905 -8.219004 0.073912 
735 33.563697 0.000000 -3.881811 98.478381 0.184233 -3.203343 0.031941 
736 34.750837 0.000000 -2.776618 94.590595 -0.069346 -10.592386 0.126618 
737 32.970126 0.000000 -1.118830 105.451839 -0.105061 -1.111111 -0.103130 
738 32.970126 0.000000 -1.671426 105.412918 -0.082108 -1.221755 -0.102414 
739 33.563697 0.000000 -1.118830 103.538084 -0.182318 0.052633 -0.068341 
740 32.970126 0.000000 -0.566234 105.860955 -0.071859 -0.873674 -0.110436 
741 33.563697 0.000000 3.854535 103.089898 -0.155805 -6.209187 -0.056431 
742 34.750837 0.000000 3.854535 101.823025 -0.083261 -1.512238 -0.035608 
743 33.563697 0.000000 4.959728 100.606184 -0.212777 0.025005 -0.012049 
744 32.970126 0.000000 2.196747 103.609280 -0.081388 -7.156146 -0.065056 
745 32.970126 0.000000 1.644151 104.066136 -0.091147 -6.656450 -0.074188 
746 33.563697 0.000000 2.196747 104.846958 -0.151824 -6.875292 -0.088274 
747 32.970126 0.000000 2.749343 98.824388 -0.154096 1.969608 0.024175 
748 39.499399 0.000000 0.538958 108.161594 -0.075613 -7.930919 -0.145168 
749 39.499399 0.000000 -1.671426 103.426705 -0.000498 0.952974 -0.066186 
750 41.873679 0.000000 0.538958 106.016638 -0.011865 -12.687039 -0.099712 
751 39.499399 0.000000 2.749343 100.752934 0.056893 -0.872857 -0.014876 
752 35.937977 0.000000 -0.566234 105.129822 0.017895 2.815283 -0.096791 
753 35.937977 0.000000 -1.671426 105.129917 0.017984 2.815032 -0.096793 
754 37.125118 0.000000 -0.566234 105.761722 0.075826 3.053243 -0.107963 
755 35.937977 0.000000 0.538958 103.906711 0.171973 -0.188229 -0.075175 
756 34.157267 0.000000 -1.118830 104.963316 0.030932 0.924919 -0.094397 
757 34.157267 0.000000 -1.671426 105.087959 0.001044 1.019930 -0.096627 
758 34.750837 0.000000 -1.118830 105.862213 -0.133843 2.136611 -0.110140 
759 34.157267 0.000000 -0.566234 104.203333 -0.003710 0.721449 -0.080596 
760 41.873679 0.000000 -10.512965 98.623415 -0.001487 0.934133 0.027977 
761 41.873679 0.000000 -14.933734 99.903146 0.022134 3.412071 0.003107 
762 46.622241 0.000000 -10.512965 98.804728 0.015946 1.004905 0.024278 
763 39.499399 0.000000 -3.881811 96.284519 0.085973 -4.923143 0.079546 
764 39.499399 0.000000 -6.092195 98.495624 0.007264 -0.806242 0.030579 
765 41.873679 0.000000 -3.881811 97.874917 -0.057587 -0.512016 0.043371 
766 35.937977 0.000000 -2.776618 99.087124 -0.159386 -2.570937 0.019095 
767 35.937977 0.000000 -3.881811 97.743666 -0.044404 -3.480717 0.047367 
768 37.125118 0.000000 -2.776618 99.066327 0.011516 -3.731848 0.020269 
769 34.157267 0.000000 -2.224022 94.520151 0.115813 -11.077343 0.129428 
770 33.563697 0.000000 -2.224022 99.462111 -0.102303 -3.382707 0.011976 
771 34.157267 0.000000 -2.776618 97.035240 -0.059827 -4.155237 0.062802 
772 34.750837 0.000000 -2.224022 98.451387 -0.179295 -3.864629 0.032987 
773 33.860482 0.000000 -1.395128 104.740589 0.010021 0.540538 -0.090417 
774 33.563697 0.000000 -1.395128 103.665626 -0.179600 -0.011611 -0.070713 
775 33.860482 0.000000 -1.671426 104.271207 -0.087562 0.202458 -0.081882 
776 34.157267 0.000000 -1.395128 105.196620 0.040723 1.014250 -0.098581 
777 33.860482 0.000000 -1.118830 105.022821 0.078691 0.764016 -0.095493 
778 35.937977 0.000000 1.644151 104.887844 -0.032169 -7.469908 -0.088280 
779 37.125118 0.000000 1.644151 105.220341 -0.071493 -7.281920 -0.094556 
780 35.937977 0.000000 2.749343 103.119168 0.161370 -5.073400 -0.058157 
781 34.157267 0.000000 2.196747 104.972141 -0.084870 -7.895378 -0.089248 
782 34.157267 0.000000 1.644151 104.791165 -0.089861 -7.451228 -0.086540 
783 34.750837 0.000000 2.196747 105.494392 -0.040125 -7.096351 -0.099724 
784 34.157267 0.000000 2.749343 102.569315 0.126265 -8.050945 -0.044083 
785 34.157267 0.000000 1.091555 103.562818 -0.027882 -4.742124 -0.066781 
786 33.563697 0.000000 1.091555 104.139534 -0.126169 -6.604731 -0.075607 
787 34.157267 0.000000 0.538958 102.042223 -0.016682 -0.005732 -0.040046 
788 34.750837 0.000000 1.091555 104.251280 -0.044398 -5.409079 -0.078943 
789 33.860482 0.000000 1.920449 105.066096 -0.122658 -7.781421 -0.091111 
790 33.563697 0.000000 1.920449 105.033428 -0.158586 -6.946609 -0.091579 
791 33.860482 0.000000 1.644151 104.918516 -0.128064 -7.350468 -0.088991 
792 34.157267 0.000000 1.920449 104.832855 -0.093702 -7.490953 -0.087249 
793 33.860482 0.000000 2.196747 105.404744 -0.129947 -8.201968 -0.096664 
794 35.344407 0.000000 -1.118830 105.854454 0.040111 2.334662 -0.109930 
795 35.344407 0.000000 -1.671426 105.833302 -0.016458 2.331217 -0.109557 
796 35.937977 0.000000 -1.118830 104.938583 0.021118 2.838335 -0.093331 
797 35.344407 0.000000 -0.566234 105.833302 -0.016458 2.331217 -0.109557 
798 39.499399 0.000000 4.959728 102.956310 0.016593 -2.956724 -0.056643 
799 41.873679 0.000000 4.959728 100.426321 -0.033321 0.972588 -0.008398 
800 39.499399 0.000000 7.170112 100.399443 -0.002120 1.192378 -0.007818 
801 35.937977 0.000000 3.854535 102.946611 -0.011442 -4.786580 -0.055159 
802 37.125118 0.000000 3.854535 101.529679 0.065388 -0.956354 -0.030059 
803 35.937977 0.000000 4.959728 100.324974 -0.008891 -0.004973 -0.006479 
804 35.344407 0.000000 2.196747 106.564550 -0.095827 -7.536966 -0.118177 
805 35.344407 0.000000 1.644151 106.835887 -0.111391 -7.853516 -0.122522 
806 35.937977 0.000000 2.196747 104.941239 -0.008365 -7.404397 -0.089337 
807 35.344407 0.000000 2.749343 101.214762 -0.069527 -0.483030 -0.023991 
808 35.344407 0.000000 -2.224022 96.042153 0.138740 -8.512557 0.090167 
809 35.344407 0.000000 -2.776618 97.378358 0.116153 -5.901441 0.057469 
810 35.937977 0.000000 -2.224022 98.273995 0.114807 -5.068075 0.037780 
811 38.312258 0.000000 -0.566234 104.857536 0.015072 2.486936 -0.092027 
812 38.312258 0.000000 -1.671426 104.780123 0.013619 2.338085 -0.090686 
813 39.499399 0.000000 -0.566234 103.432767 -0.000335 0.945957 -0.066300 
814 38.312258 0.000000 0.538958 104.054010 0.001295 -0.025105 -0.077897 
815 36.531548 0.000000 -1.118830 105.519588 -0.043370 3.018417 -0.103674 
816 36.531548 0.000000 -1.671426 105.462670 -0.024354 3.006652 -0.102664 
817 37.125118 0.000000 -1.118830 105.662729 0.072150 3.045880 -0.106208 
818 36.531548 0.000000 -0.566234 105.761365 -0.020162 3.051609 -0.107958 
819 35.641192 0.000000 -1.395128 105.452370 0.038308 2.521964 -0.102707 
820 35.344407 0.000000 -1.395128 105.869315 0.012801 2.293476 -0.110209 
821 35.641192 0.000000 -1.671426 105.470351 0.035723 2.512960 -0.103032 
822 35.937977 0.000000 -1.395128 104.964814 0.021261 2.833634 -0.093807 
823 35.641192 0.000000 -1.118830 105.543776 0.059980 2.504459 -0.104344 
824 35.344407 0.000000 1.091555 106.564550 -0.095827 -7.536966 -0.118177 
825 35.344407 0.000000 0.538958 102.069942 -0.133731 -0.131390 -0.040575 
826 35.937977 0.000000 1.091555 105.214297 -0.036105 -7.529012 -0.094132 
827 38.312258 0.000000 1.644151 105.409511 0.006558 -7.616104 -0.097544 
828 39.499399 0.000000 1.644151 107.914117 -0.025803 -8.015498 -0.140873 
829 38.312258 0.000000 2.749343 101.580237 -0.084903 -2.402106 -0.030576 
830 36.531548 0.000000 2.196747 102.486249 -0.078997 -4.625075 -0.046548 
831 36.531548 0.000000 1.644151 105.501656 -0.008007 -7.450280 -0.099416 
832 37.125118 0.000000 2.196747 102.123900 -0.004670 -3.249378 -0.040622 
833 36.531548 0.000000 2.749343 100.055818 -0.115263 -0.153877 -0.001112 
834 35.641192 0.000000 1.920449 105.590663 -0.074340 -7.700772 -0.100691 
835 35.344407 0.000000 1.920449 106.807400 -0.109757 -7.820282 -0.122068 
836 35.641192 0.000000 1.644151 106.203826 -0.091586 -7.738240 -0.111569 
837 35.937977 0.000000 1.920449 104.912549 -0.034232 -7.479809 -0.088718 
838 35.641192 0.000000 2.196747 105.590663 -0.074340 -7.700772 -0.100691 
839 38.312258 0.000000 -2.776618 98.652006 0.036179 -0.451048 0.027322 
840 38.312258 0.000000 -3.881811 96.774508 0.158354 -4.094800 0.068273 
841 39.499399 0.000000 -2.776618 99.489192 0.129490 0.683486 0.010314 
842 37.718688 0.000000 -1.118830 105.057182 0.037300 2.794359 -0.095493 
843 37.718688 0.000000 -1.671426 105.109873 0.039727 2.794665 -0.096442 
844 38.312258 0.000000 -1.118830 104.873562 0.010023 2.494775 -0.092313 
845 37.718688 0.000000 -0.566234 105.106947 0.039286 2.792481 -0.096390 
846 36.531548 0.000000 -0.013638 102.162032 -0.014330 -0.010060 -0.042345 
847 35.937977 0.000000 -0.013638 104.781631 -0.103638 -2.485007 -0.090651 
848 37.125118 0.000000 -0.013638 104.900450 0.007262 -0.799716 -0.093281 
849 36.531548 0.000000 0.538958 102.162032 -0.014330 -0.010060 -0.042345 
850 36.828333 0.000000 -0.842532 105.811663 0.040965 3.056343 -0.108847 
851 36.531548 0.000000 -0.842532 105.482487 -0.024076 3.009635 -0.103016 
852 36.828333 0.000000 -1.118830 105.819269 0.042743 3.056934 -0.108981 
853 37.125118 0.000000 -0.842532 105.670270 0.086903 3.046683 -0.106342 
854 36.828333 0.000000 -0.566234 105.761562 0.032630 3.052508 -0.107961 
855 36.234763 0.000000 -0.842532 105.347100 -0.064184 2.995425 -0.100602 
856 35.937977 0.000000 -0.842532 104.965975 0.021296 2.833352 -0.093828 
857 36.234763 0.000000 -1.118830 105.391909 -0.049950 2.950582 -0.101427 
858 36.234763 0.000000 -0.566234 105.079268 -0.029735 2.948946 -0.095815 
859 36.531548 0.000000 -2.224022 99.191843 -0.216080 -1.486971 0.016517 
860 36.531548 0.000000 -2.776618 96.726558 0.186414 -7.047937 0.072915 
861 37.125118 0.000000 -2.224022 99.440649 0.006774 -3.863961 0.012765 
862 36.828333 0.000000 -1.395128 105.810285 0.040517 3.056234 -0.108822 
863 36.531548 0.000000 -1.395128 105.481898 -0.024084 3.009546 -0.103006 
864 36.828333 0.000000 -1.671426 105.761560 0.032118 3.052499 -0.107961 
865 37.125118 0.000000 -1.395128 105.697560 0.059368 3.048235 -0.106826 
866 36.679940 0.000000 -0.980681 105.714852 0.016213 3.038632 -0.107139 
867 36.531548 0.000000 -0.980681 105.489982 -0.023971 3.010763 -0.103149 
868 36.679940 0.000000 -1.118830 105.747712 0.021977 3.042722 -0.107720 
869 36.828333 0.000000 -0.980681 105.816945 0.042265 3.056754 -0.108940 
870 36.679940 0.000000 -0.842532 105.851629 0.019874 3.058938 -0.109553 
871 36.531548 0.000000 1.091555 105.735080 -0.018213 -7.476160 -0.103567 
872 37.125118 0.000000 1.091555 105.434121 -0.062100 -7.366369 -0.098307 
873 37.718688 0.000000 1.091555 104.971153 -0.004498 -7.459060 -0.089811 
874 37.718688 0.000000 0.538958 103.005891 -0.080620 -0.101663 -0.058377 
875 38.312258 0.000000 1.091555 105.419180 0.006537 -7.617261 -0.097717 
876 37.718688 0.000000 1.644151 104.742968 0.007438 -7.407176 -0.085717 
877 36.828333 0.000000 1.367853 105.605132 -0.045850 -7.431331 -0.101297 
878 36.531548 0.000000 1.367853 105.442434 -0.014583 -7.449705 -0.098351 
879 36.828333 0.000000 1.091555 105.558243 -0.044000 -7.411649 -0.100481 
880 37.125118 0.000000 1.367853 105.253060 -0.070056 -7.294845 -0.095131 
881 36.828333 0.000000 1.644151 105.623400 -0.045324 -7.438629 -0.101616 
882 36.234763 0.000000 1.367853 105.305513 0.000914 -7.428308 -0.095911 
883 35.937977 0.000000 1.367853 104.955472 -0.032326 -7.480127 -0.089499 
884 36.234763 0.000000 1.091555 104.211689 -0.009931 -5.463363 -0.078162 
885 36.234763 0.000000 1.644151 105.446781 0.004513 -7.437580 -0.098445 
886 38.312258 0.000000 3.854535 100.661278 -0.101680 0.421050 -0.013124 
887 39.499399 0.000000 3.854535 101.555080 0.005992 -1.278381 -0.030484 
888 38.312258 0.000000 4.959728 100.444715 -0.091906 1.221704 -0.008709 
889 37.718688 0.000000 2.196747 99.988429 -0.100801 -0.955629 0.000324 
890 38.312258 0.000000 2.196747 99.894185 0.030491 -0.259411 0.002125 
891 37.718688 0.000000 2.749343 101.883008 0.031238 -2.443908 -0.036417 
892 36.828333 0.000000 1.920449 105.625666 -0.043931 -7.439141 -0.101655 
893 36.531548 0.000000 1.920449 105.735080 -0.018213 -7.476160 -0.103567 
894 37.125118 0.000000 1.920449 105.274410 -0.069118 -7.303279 -0.095506 
895 36.828333 0.000000 2.196747 102.077448 0.012658 -3.991717 -0.039222 
896 36.679940 0.000000 1.506002 105.755144 -0.036517 -7.489777 -0.103909 
897 36.531548 0.000000 1.506002 105.443357 -0.014594 -7.449789 -0.098368 
898 36.679940 0.000000 1.367853 105.751376 -0.033080 -7.487220 -0.103845 
899 36.828333 0.000000 1.506002 105.614719 -0.045810 -7.435231 -0.101464 
900 36.679940 0.000000 1.644151 105.756259 -0.037535 -7.490533 -0.103928 
901 37.718688 0.000000 -0.013638 103.005891 -0.080620 -0.101663 -0.058377 
902 38.312258 0.000000 -0.013638 105.122398 0.066014 -0.944989 -0.097259 
903 37.421903 0.000000 -0.842532 105.480984 0.070374 2.978888 -0.103004 
904 37.421903 0.000000 -1.118830 105.506934 0.077399 2.994721 -0.103460 
905 37.718688 0.000000 -0.842532 105.064273 0.037713 2.795007 -0.095620 
906 37.421903 0.000000 -0.566234 105.288286 0.066632 2.927850 -0.099582 
907 37.421903 0.000000 1.367853 104.963488 -0.036497 -7.306444 -0.089867 
908 37.421903 0.000000 1.091555 104.980693 -0.037433 -7.308635 -0.090177 
909 37.718688 0.000000 1.367853 104.778463 0.006772 -7.419865 -0.086349 
910 37.421903 0.000000 1.644151 105.013328 -0.047813 -7.289365 -0.090795 
911 51.370803 0.000000 -1.671426 100.853281 0.050786 4.425775 -0.015014 
912 51.370803 0.000000 -6.092195 98.828441 0.005800 -2.107729 0.024148 
913 56.119364 0.000000 -1.671426 89.174639 0.021686 2.226048 0.237564 
914 51.370803 0.000000 2.749343 98.619500 0.117270 4.863873 0.030433 
915 44.247960 0.000000 0.538958 105.675832 0.025254 -29.602196 -0.028502 
916 44.247960 0.000000 -1.671426 98.875154 -0.009001 -11.176465 0.035749 
917 46.622241 0.000000 0.538958 94.414958 -0.044454 5.072267 0.120370 
918 44.247960 0.000000 2.749343 101.941163 -0.020143 -1.847317 -0.037780 
919 40.686539 0.000000 -0.566234 103.153340 0.080716 0.347896 -0.061139 
920 40.686539 0.000000 -1.671426 103.454652 0.078656 0.479175 -0.066768 
921 41.873679 0.000000 -0.566234 106.045322 0.053476 1.689521 -0.113514 
922 40.686539 0.000000 0.538958 109.356249 -0.134634 -9.119994 -0.163502 
923 38.905828 0.000000 -1.118830 103.070892 0.023329 1.793041 -0.059308 
924 38.905828 0.000000 -1.671426 103.513755 0.027254 1.867521 -0.067577 
925 39.499399 0.000000 -1.118830 103.588450 -0.014570 0.952789 -0.069200 
926 38.905828 0.000000 -0.566234 103.513755 0.027254 1.867521 -0.067577 
927 40.686539 0.000000 1.644151 109.566825 -0.139985 -8.880166 -0.167271 
928 41.873679 0.000000 1.644151 106.016638 -0.011865 -12.687039 -0.099712 
929 40.686539 0.000000 2.749343 100.790020 0.027063 0.256883 -0.015675 
930 38.905828 0.000000 1.091555 105.832241 0.049335 -7.614157 -0.105127 
931 38.905828 0.000000 0.538958 104.998665 -0.031716 3.743643 -0.093904 
932 39.499399 0.000000 1.091555 107.927573 -0.030461 -8.004404 -0.141115 
933 38.905828 0.000000 1.644151 105.865369 0.050141 -7.623604 -0.105705 
934 44.247960 0.000000 -3.881811 98.634350 -0.032711 0.428997 0.027682 
935 44.247960 0.000000 -6.092195 98.441923 -0.054330 0.624507 0.031657 
936 46.622241 0.000000 -3.881811 100.986256 -0.010849 3.078663 -0.018619 
937 40.686539 0.000000 -2.776618 98.066996 -0.107074 -0.015437 0.039358 
938 40.686539 0.000000 -3.881811 97.248665 -0.075239 -2.206773 0.056958 
939 41.873679 0.000000 -2.776618 99.377574 0.007972 -0.055741 0.012522 
940 40.092969 0.000000 -1.118830 103.376825 0.047459 0.356461 -0.065325 
941 40.092969 0.000000 -1.671426 101.833814 0.046065 -0.250750 -0.036027 
942 40.686539 0.000000 -1.118830 103.120817 0.078023 0.306359 -0.060531 
943 40.092969 0.000000 -0.566234 103.338087 0.042283 0.396530 -0.064598 
944 38.905828 0.000000 -0.013638 106.261239 -0.094474 -0.033366 -0.117540 
945 39.499399 0.000000 -0.013638 105.572534 0.063160 0.942276 -0.105311 
946 39.202614 0.000000 -0.842532 103.280337 0.005866 1.533969 -0.063318 
947 38.905828 0.000000 -0.842532 103.302129 0.022928 1.857318 -0.063627 
948 39.202614 0.000000 -1.118830 103.033756 0.010751 1.550867 -0.058683 
949 39.499399 0.000000 -0.842532 103.572279 -0.013272 0.953913 -0.068899 
950 39.202614 0.000000 -0.566234 103.290989 0.006842 1.549190 -0.063514 
951 40.092969 0.000000 1.091555 108.665503 -0.119224 -8.018046 -0.153510 
952 40.092969 0.000000 0.538958 108.959129 -0.144636 -8.068815 -0.158322 
953 40.686539 0.000000 1.091555 109.529053 -0.139025 -8.923186 -0.166597 
954 40.092969 0.000000 1.644151 108.959129 -0.144636 -8.068815 -0.158322 
955 38.905828 0.000000 2.196747 100.573320 0.061283 -1.550449 -0.011167 
956 39.499399 0.000000 2.196747 101.703162 0.059991 -2.453014 -0.032936 
957 38.905828 0.000000 2.749343 100.553779 0.003645 -0.744192 -0.010963 
958 39.202614 0.000000 1.367853 106.471323 0.037006 -7.767625 -0.116250 
959 38.905828 0.000000 1.367853 105.948740 0.052170 -7.647380 -0.107160 
960 39.202614 0.000000 1.091555 106.606934 0.030401 -7.796071 -0.118594 
961 39.499399 0.000000 1.367853 107.961604 -0.027672 -8.024886 -0.141667 
962 39.202614 0.000000 1.644151 106.538807 0.031304 -7.779286 -0.117421 
963 51.370803 0.000000 7.170112 101.170501 -0.003017 0.505508 -0.023124 
964 56.119364 0.000000 7.170112 99.981477 -0.028690 2.209826 0.000859 
965 51.370803 0.000000 11.590882 100.833924 0.000501 1.431277 -0.016346 
966 44.247960 0.000000 4.959728 101.036658 0.018260 0.600265 -0.020494 
967 46.622241 0.000000 4.959728 100.965244 -0.019669 0.413501 -0.019111 
968 44.247960 0.000000 7.170112 100.870007 -0.004924 0.798221 -0.017194 
969 43.060820 0.000000 1.644151 100.636262 0.020189 -0.711838 -0.012599 
970 43.060820 0.000000 0.538958 102.867660 0.058981 -16.803497 -0.029297 
971 44.247960 0.000000 1.644151 105.780122 0.189613 -17.670037 -0.082298 
972 43.060820 0.000000 2.749343 100.505282 0.014612 0.124059 -0.010056 
973 41.280109 0.000000 1.091555 109.029006 -0.126318 -9.492696 -0.157580 
974 41.280109 0.000000 0.538958 108.791076 -0.120271 -9.763677 -0.153223 
975 41.873679 0.000000 1.091555 106.480091 -0.041738 -11.161817 -0.111074 
976 41.280109 0.000000 1.644151 108.791076 -0.120271 -9.763677 -0.153223 
977 43.060820 0.000000 -0.566234 112.615963 -0.008053 4.496438 -0.218873 
978 43.060820 0.000000 -1.671426 99.427302 -0.004666 3.263982 0.012600 
979 44.247960 0.000000 -0.566234 127.131757 -0.177594 8.881897 -0.385827 
980 43.060820 0.000000 -2.776618 98.657935 0.001314 0.798943 0.027245 
981 43.060820 0.000000 -3.881811 98.296906 0.047391 0.293432 0.034613 
982 44.247960 0.000000 -2.776618 98.564344 -0.015031 -0.947854 0.029193 
983 42.467250 0.000000 -1.118830 109.422204 0.008528 3.279018 -0.169977 
984 41.873679 0.000000 -1.118830 106.267649 0.051002 1.796806 -0.117386 
985 42.467250 0.000000 -1.671426 109.898933 0.001936 3.502081 -0.177539 
986 43.060820 0.000000 -1.118830 111.887510 -0.005375 4.229845 -0.208109 
987 42.467250 0.000000 -0.566234 109.022442 0.014055 3.091969 -0.163557 
988 42.467250 0.000000 1.091555 105.354156 0.012821 -13.403845 -0.086032 
989 42.467250 0.000000 0.538958 105.121142 0.021504 -13.655967 -0.081138 
990 43.060820 0.000000 1.091555 102.954016 0.058719 -16.664957 -0.031439 
991 42.467250 0.000000 1.644151 100.393194 0.052507 -1.869239 -0.007489 
992 48.996522 0.000000 0.538958 107.456733 -0.005767 -2.853636 -0.137525 
993 48.996522 0.000000 -1.671426 100.088538 -0.024521 -1.856534 -0.001425 
994 51.370803 0.000000 0.538958 100.853010 0.120013 1.119113 -0.016798 
995 48.996522 0.000000 2.749343 98.579563 0.022167 2.807571 0.029608 
996 45.435101 0.000000 -0.566234 133.613239 -0.384517 14.815384 -0.389472 
997 45.435101 0.000000 -1.671426 102.708399 0.022318 -30.061805 0.036388 
998 46.622241 0.000000 -0.566234 141.561091 -0.172003 -28.248098 -0.389472 
999 45.435101 0.000000 0.538958 112.980227 0.091639 -42.682428 -0.088026 
1000 43.654390 0.000000 -1.118830 118.232260 -0.054807 6.293308 -0.294202 
1001 43.654390 0.000000 -1.671426 99.579088 0.001291 -4.817489 0.010805 
1002 44.247960 0.000000 -1.118830 126.240119 -0.181393 9.460695 -0.377607 
1003 43.654390 0.000000 -0.566234 118.123166 -0.053424 6.263111 -0.292867 
1004 45.435101 0.000000 1.644151 94.944650 -0.248163 -2.154580 0.106310 
1005 46.622241 0.000000 1.644151 98.740876 0.311334 -3.484335 0.026749 
1006 45.435101 0.000000 2.749343 97.640557 -0.023838 -2.926593 0.049141 
1007 44.841530 0.000000 -0.013638 114.077295 -0.024209 -31.019044 -0.176514 
1008 44.247960 0.000000 -0.013638 106.466102 0.016580 -29.020087 -0.047556 
1009 44.841530 0.000000 -0.566234 131.628749 -0.277977 14.089473 -0.389472 
1010 45.435101 0.000000 -0.013638 119.841469 -0.094519 -23.017061 -0.288533 
1011 44.841530 0.000000 0.538958 113.382037 0.024139 -37.028227 -0.133195 
1012 -200.302961 0.000000 -209.447580 99.939083 0.000000 3.489950 0.002440 
1013 -276.279947 0.000000 -209.447580 99.939083 0.000000 3.489950 0.002440 
1014 -200.302961 0.000000 -280.179887 99.939083 0.000000 3.489950 0.002440 
1015 255.558951 0.000000 -209.447580 99.939083 0.000000 3.489950 0.002440 
1016 255.558951 0.000000 -280.179887 99.939083 0.000000 3.489950 0.002440 
1017 331.535936 0.000000 -209.447580 99.939083 0.000000 3.489950 0.002440 
1018 -200.302961 0.000000 214.946266 99.939083 0.000000 3.489950 0.002440 
1019 -276.279947 0.000000 214.946266 99.939083 0.000000 3.489950 0.002440 
1020 -200.302961 0.000000 285.678573 99.939083 0.000000 3.489950 0.002440 
1021 -86.337483 0.000000 -103.349118 99.939083 0.000000 3.489950 0.002440 
1022 -124.325976 0.000000 -103.349118 99.939083 0.000000 3.489950 0.002440 
1023 -86.337483 0.000000 -138.715272 99.939083 0.000000 3.489950 0.002440 
1024 103.604980 0.000000 214.946266 99.939083 0.000000 3.489950 0.002440 
1025 179.581965 0.000000 214.946266 99.939083 0.000000 3.489950 0.002440 
1026 103.604980 0.000000 285.678573 99.939083 0.000000 3.489950 0.002440 
1027 141.593473 0.000000 -103.349118 99.939083 0.000000 3.489950 0.002440 
1028 141.593473 0.000000 -138.715272 99.939083 0.000000 3.489950 0.002440 
1029 179.581965 0.000000 -103.349118 99.966772 0.004083 3.537055 0.001918 
1030 -86.337483 0.000000 108.847804 99.939083 0.000000 3.489950 0.002440 
1031 -124.325976 0.000000 108.847804 99.939083 0.000000 3.489950 0.002440 
1032 -86.337483 0.000000 144.213958 99.939083 0.000000 3.489950 0.002440 
1033 -29.354744 0.000000 -50.299888 99.939083 0.000000 3.489950 0.002440 
1034 -48.348991 0.000000 -50.299888 99.939083 0.000000 3.489950 0.002440 
1035 -29.354744 0.000000 -67.982965 99.939083 0.000000 3.489950 0.002440 
1036 65.616487 0.000000 108.847804 99.939083 0.000000 3.489950 0.002440 
1037 103.604980 0.000000 108.847804 99.939083 0.000000 3.489950 0.002440 
1038 65.616487 0.000000 144.213958 99.939083 0.000000 3.489950 0.002440 
1039 84.610734 0.000000 -50.299888 99.966633 -0.002397 3.529417 0.001916 
1040 84.610734 0.000000 -67.982965 99.939083 0.000000 3.489950 0.002440 
1041 103.604980 0.000000 -50.299888 99.799232 -0.001547 3.237451 0.005078 
1042 -29.354744 0.000000 55.798574 99.939083 0.000000 3.489950 0.002440 
1043 -48.348991 0.000000 55.798574 99.939083 0.000000 3.489950 0.002440 
1044 -29.354744 0.000000 73.481651 99.939083 0.000000 3.489950 0.002440 
1045 -19.857621 0.000000 -23.775272 99.939083 0.000000 3.489950 0.002440 
1046 -29.354744 0.000000 -23.775272 99.939083 0.000000 3.489950 0.002440 
1047 -19.857621 0.000000 -32.616811 99.939083 0.000000 3.489950 0.002440 
1048 46.622241 0.000000 55.798574 99.939083 0.000000 3.489950 0.002440 
1049 65.616487 0.000000 55.798574 99.939083 0.000000 3.489950 0.002440 
1050 46.622241 0.000000 73.481651 99.939083 0.000000 3.489950 0.002440 
1051 -0.863375 0.000000 29.273958 99.939083 0.000000 3.489950 0.002440 
1052 -10.360498 0.000000 29.273958 99.939083 0.000000 3.489950 0.002440 
1053 -0.863375 0.000000 38.115497 99.939083 0.000000 3.489950 0.002440 
1054 56.119364 0.000000 -23.775272 99.928466 0.014630 3.462600 0.002634 
1055 56.119364 0.000000 -32.616811 99.896918 0.002858 3.414304 0.003234 
1056 65.616487 0.000000 -23.775272 99.202086 -0.023459 2.109843 0.016534 
1057 -19.857621 0.000000 29.273958 99.939083 0.000000 3.489950 0.002440 
1058 -29.354744 0.000000 29.273958 99.939083 0.000000 3.489950 0.002440 
1059 -19.857621 0.000000 38.115497 99.939083 0.000000 3.489950 0.002440 
1060 37.125118 0.000000 29.273958 99.939083 0.000000 3.489950 0.002440 
1061 46.622241 0.000000 29.273958 99.939083 0.000000 3.489950 0.002440 
1062 37.125118 0.000000 38.115497 99.939083 0.000000 3.489950 0.002440 
1063 13.382310 0.000000 16.011651 99.939083 0.000000 3.489950 0.002440 
1064 8.633748 0.000000 16.011651 99.939083 0.000000 3.489950 0.002440 
1065 13.382310 0.000000 20.432420 99.939083 0.000000 3.489950 0.002440 
1066 -3.237656 0.000000 4.959728 99.939083 0.000000 3.489950 0.002440 
1067 -5.611936 0.000000 4.959728 99.939083 0.000000 3.489950 0.002440 
1068 -3.237656 0.000000 7.170112 99.939083 0.000000 3.489950 0.002440 
1069 2.104476 0.000000 -1.118830 86.191810 0.436725 -15.500434 0.342983 
1070 2.104476 0.000000 -1.671426 87.862374 0.531627 -14.302924 0.296385 
1071 2.104476 0.000000 -0.566234 85.725850 0.407997 -15.847029 0.356309 
1072 3.291617 0.000000 -0.013638 83.572045 0.492026 26.355324 0.481479 
1073 2.698046 0.000000 -0.013638 77.005304 0.611193 23.245648 0.635833 
1074 3.885187 0.000000 -0.013638 87.996097 -0.365633 -22.882347 0.338474 
1075 2.104476 0.000000 -0.013638 71.256968 0.643533 23.746493 0.801996 
1076 2.104476 0.000000 0.538958 70.747204 0.850496 27.412584 0.854557 
1077 4.478757 0.000000 -1.118830 92.600736 -0.366511 -4.503746 0.160286 
1078 4.478757 0.000000 -1.671426 92.917217 0.461630 -3.834162 0.152472 
1079 4.478757 0.000000 -0.566234 93.019025 0.472262 -4.352190 0.150695 
1080 5.665897 0.000000 -0.013638 88.816316 -0.013093 1.621917 0.245730 
1081 5.072327 0.000000 -0.013638 85.039147 3.289883 2.443970 0.339159 
1082 6.259468 0.000000 -0.013638 82.976007 -0.003949 17.196948 0.433605 
1083 4.478757 0.000000 -0.013638 87.603560 -0.085109 -0.868994 0.274412 
1084 2.104476 0.000000 1.091555 99.939083 0.000000 3.489950 0.002440 
1085 1.510906 0.000000 1.091555 99.939083 0.000000 3.489950 0.002440 
1086 2.104476 0.000000 1.644151 99.939083 0.000000 3.489950 0.002440 
1087 15.756591 0.000000 9.380497 99.939083 0.000000 3.489950 0.002440 
1088 13.382310 0.000000 9.380497 99.939083 0.000000 3.489950 0.002440 
1089 15.756591 0.000000 11.590882 99.939083 0.000000 3.489950 0.002440 
1090 11.008029 0.000000 9.380497 99.939083 0.000000 3.489950 0.002440 
1091 8.633748 0.000000 9.380497 99.939083 0.000000 3.489950 0.002440 
1092 11.008029 0.000000 11.590882 99.939083 0.000000 3.489950 0.002440 
1093 5.072327 0.000000 3.854535 99.939083 0.000000 3.489950 0.002440 
1094 3.885187 0.000000 3.854535 99.939083 0.000000 3.489950 0.002440 
1095 5.072327 0.000000 4.959728 99.939083 0.000000 3.489950 0.002440 
1096 6.853038 0.000000 -0.013638 88.286521 -0.113548 3.619069 0.259739 
1097 7.446608 0.000000 -0.013638 89.397881 -0.078320 11.946458 0.250604 
1098 6.853038 0.000000 0.538958 92.689605 0.372046 -0.263218 0.155815 
1099 6.853038 0.000000 1.091555 91.449641 -0.068854 16.049008 0.216825 
1100 7.446608 0.000000 1.091555 97.445218 0.321591 1.174827 0.052468 
1101 6.853038 0.000000 1.644151 91.121766 -0.058593 16.365375 0.225958 
1102 16.943731 0.000000 1.644151 101.129820 -0.260171 1.343631 -0.022172 
1103 15.756591 0.000000 1.644151 100.342721 -0.043095 4.040940 -0.005213 
1104 18.130872 0.000000 1.644151 103.117278 0.065360 -0.157597 -0.060471 
1105 14.569450 0.000000 1.644151 99.333196 0.294003 4.618640 0.015606 
1106 16.943731 0.000000 -2.776618 99.157027 0.004151 2.583178 0.017677 
1107 16.943731 0.000000 -3.881811 99.552092 0.000133 3.582327 0.010297 
1108 11.601599 0.000000 -2.224022 97.415627 0.113034 2.531251 0.053619 
1109 11.601599 0.000000 -2.776618 99.535232 0.067019 5.038228 0.011914 
1110 12.195170 0.000000 -2.224022 97.415627 0.113034 2.531251 0.053619 
1111 10.414459 0.000000 3.301939 95.908779 0.184880 14.576838 0.109051 
1112 11.008029 0.000000 3.301939 102.548648 -0.000473 1.010699 -0.049631 
1113 10.414459 0.000000 3.854535 102.073371 -0.195740 1.432060 -0.040448 
1114 32.376556 0.000000 16.011651 100.514228 0.012100 2.674070 -0.009530 
1115 37.125118 0.000000 16.011651 100.092169 -0.031644 3.136742 -0.000860 
1116 32.376556 0.000000 20.432420 99.939083 0.000000 3.489950 0.002440 
1117 25.253714 0.000000 9.380497 100.603114 -0.022600 2.215778 -0.011511 
1118 27.627995 0.000000 9.380497 99.794394 0.032753 3.379319 0.005270 
1119 25.253714 0.000000 11.590882 100.228772 0.027511 3.202581 -0.003546 
1120 19.318012 0.000000 1.644151 100.627796 0.051159 1.500362 -0.012260 
1121 19.318012 0.000000 6.064920 100.858681 0.120588 1.546826 -0.016799 
1122 18.130872 0.000000 6.064920 100.009317 0.053768 3.402642 0.000972 
1123 19.318012 0.000000 7.170112 100.725663 0.031651 2.227415 -0.013927 
1124 19.911582 0.000000 -0.013638 101.151814 0.183425 0.038280 -0.022780 
1125 19.318012 0.000000 -0.013638 100.175248 -0.028287 -0.177764 -0.003496 
1126 19.911582 0.000000 0.538958 101.151814 0.183425 0.038280 -0.022780 
1127 22.285863 0.000000 -0.013638 100.615714 0.003870 1.268637 -0.012084 
1128 22.879433 0.000000 -0.013638 100.664350 0.029596 -0.698062 -0.013155 
1129 22.285863 0.000000 0.538958 100.176080 0.022844 -0.907820 -0.003434 
1130 19.911582 0.000000 -2.224022 101.013006 -0.054552 2.195297 -0.019597 
1131 19.318012 0.000000 -2.224022 99.885675 -0.271460 3.588278 0.003589 
1132 19.911582 0.000000 -2.776618 99.506027 0.090719 2.909010 0.010785 
1133 24.660144 0.000000 -1.118830 98.380657 0.018763 -2.545257 0.033556 
1134 24.660144 0.000000 -1.671426 98.374935 0.019905 -2.573310 0.033689 
1135 24.660144 0.000000 -0.566234 98.388447 0.021854 -2.535068 0.033390 
1136 23.473003 0.000000 -0.013638 100.801877 -0.003219 -0.913030 -0.015834 
1137 24.066573 0.000000 -0.013638 100.883598 -0.043450 -0.974660 -0.017431 
1138 23.473003 0.000000 0.538958 102.843816 -0.076968 0.180785 -0.055317 
1139 21.989078 0.000000 -0.842532 101.051608 -0.040657 2.023115 -0.020425 
1140 22.285863 0.000000 -0.842532 100.588847 0.006784 1.210558 -0.011567 
1141 21.989078 0.000000 -0.566234 101.057097 -0.040549 2.027885 -0.020530 
1142 20.950330 0.000000 -0.980681 101.427712 -0.044318 2.308139 -0.027654 
1143 20.801937 0.000000 -0.980681 101.304157 -0.044253 2.448990 -0.025181 
1144 20.950330 0.000000 -0.842532 101.303601 -0.041471 2.605481 -0.025094 
1145 30.002275 0.000000 9.380497 100.161652 0.126613 2.744553 -0.002476 
1146 32.376556 0.000000 9.380497 100.055426 0.165730 2.920741 -0.000253 
1147 30.002275 0.000000 11.590882 100.082185 -0.044980 3.054554 -0.000711 
1148 24.066573 0.000000 6.064920 100.447978 0.193056 1.543226 -0.008683 
1149 25.253714 0.000000 6.064920 99.915752 -0.303668 2.372201 0.002260 
1150 24.066573 0.000000 7.170112 99.685622 0.047219 3.291337 0.007400 
1151 21.098722 0.000000 4.407132 102.882451 -0.149100 -4.535529 -0.054158 
1152 20.505152 0.000000 4.407132 99.269896 -0.423779 2.271350 0.015248 
1153 21.098722 0.000000 4.959728 99.901646 -0.256279 1.841901 0.002316 
1154 23.473003 0.000000 -2.224022 98.941672 0.037582 1.547686 0.021624 
1155 23.473003 0.000000 -2.776618 99.575175 -0.165833 2.535365 0.009184 
1156 24.066573 0.000000 -2.224022 99.115354 0.062538 1.356567 0.018029 
1157 24.660144 0.000000 3.301939 106.679407 0.318598 -7.771208 -0.119887 
1158 24.660144 0.000000 2.749343 106.641724 0.323405 -7.753598 -0.119250 
1159 24.660144 0.000000 3.854535 99.732419 -0.088934 -0.308016 0.005375 
1160 23.473003 0.000000 4.407132 100.567469 -0.664324 -0.292678 -0.011236 
1161 24.066573 0.000000 4.407132 99.613749 0.436379 1.512865 0.008004 
1162 23.473003 0.000000 4.959728 99.909486 -0.465023 1.482088 0.002054 
1163 51.370803 0.000000 -10.512965 99.025027 -0.054060 1.516005 0.019915 
1164 51.370803 0.000000 -14.933734 98.792927 -0.020245 1.212893 0.024567 
1165 56.119364 0.000000 -10.512965 99.265372 0.010186 1.588151 0.015052 
1166 30.595846 0.000000 -1.118830 103.334128 0.084659 -3.231006 -0.063592 
1167 30.595846 0.000000 -1.671426 103.875617 0.043241 -3.280295 -0.073648 
1168 30.595846 0.000000 -0.566234 104.445892 0.032158 -1.445504 -0.084898 
1169 30.595846 0.000000 2.196747 103.739309 -0.012154 -9.618392 -0.063759 
1170 30.595846 0.000000 1.644151 103.739309 -0.012154 -9.618392 -0.063759 
1171 30.595846 0.000000 2.749343 103.739309 -0.012154 -9.618392 -0.063759 
1172 34.157267 0.000000 -0.013638 102.042107 -0.016191 -0.005206 -0.040044 
1173 33.563697 0.000000 -0.013638 100.977456 0.250688 -16.535851 0.007748 
1174 34.750837 0.000000 -0.013638 102.041164 -0.012210 -0.000932 -0.040026 
1175 32.970126 0.000000 -0.013638 106.684787 -0.124515 0.006039 -0.124916 
1176 32.376556 0.000000 -0.013638 106.015347 -0.099541 0.069562 -0.113222 
1177 32.970126 0.000000 0.538958 106.685801 -0.124571 0.005895 -0.124934 
1178 32.970126 0.000000 1.091555 105.441154 -0.103051 -5.087482 -0.100849 
1179 32.376556 0.000000 1.091555 106.714336 -0.126146 0.001858 -0.125428 
1180 32.970126 0.000000 -2.224022 97.716456 0.111936 -6.375775 0.050991 
1181 32.376556 0.000000 -2.224022 94.499493 -0.013920 -10.886818 0.129394 
1182 32.970126 0.000000 -2.776618 94.597646 -0.145120 -10.041840 0.125127 
1183 35.344407 0.000000 -0.013638 102.069942 -0.133731 -0.131390 -0.040575 
1184 35.641192 0.000000 -0.842532 105.455091 0.037917 2.520601 -0.102756 
1185 35.344407 0.000000 -0.842532 105.824181 0.050833 2.389354 -0.109372 
1186 35.641192 0.000000 -0.566234 105.191323 0.075838 2.652679 -0.097973 
1187 40.686539 0.000000 3.854535 100.604263 0.047790 0.391721 -0.012001 
1188 41.873679 0.000000 3.854535 100.959365 0.028230 0.161760 -0.019010 
1189 40.686539 0.000000 4.959728 101.558823 -0.009882 -0.862618 -0.030642 
1190 36.234763 0.000000 -1.395128 105.306674 -0.029495 2.910816 -0.099921 
1191 36.234763 0.000000 -1.671426 105.079268 -0.029735 2.948946 -0.095815 
1192 35.641192 0.000000 1.367853 105.954357 -0.082365 -7.639599 -0.107270 
1193 35.344407 0.000000 1.367853 106.753778 -0.106681 -7.757726 -0.121212 
1194 35.641192 0.000000 1.091555 105.590663 -0.074340 -7.700772 -0.100691 
1195 36.234763 0.000000 1.920449 105.332339 0.001598 -7.430068 -0.096392 
1196 36.234763 0.000000 2.196747 101.840864 -0.258747 -1.932485 -0.035809 
1197 37.718688 0.000000 -2.224022 97.999188 0.025035 -2.584209 0.041470 
1198 37.718688 0.000000 -2.776618 95.000040 0.053500 -8.827301 0.113547 
1199 38.312258 0.000000 -2.224022 97.146009 -0.181015 -4.612834 0.060902 
1200 37.421903 0.000000 -1.395128 105.483770 0.070428 2.979625 -0.103054 
1201 37.421903 0.000000 -1.671426 105.288286 0.066632 2.927850 -0.099582 
1202 37.718688 0.000000 -1.395128 105.068484 0.038038 2.795963 -0.095696 
1203 37.421903 0.000000 1.920449 104.689187 -0.021575 -7.271518 -0.084907 
1204 37.718688 0.000000 1.920449 104.946440 -0.005995 -7.442622 -0.089383 
1205 37.421903 0.000000 2.196747 102.125016 -0.090748 -3.530650 -0.040463 
1206 48.996522 0.000000 -3.881811 103.505316 -0.007896 4.462907 -0.065938 
1207 48.996522 0.000000 -6.092195 99.009104 0.024209 1.144669 0.020137 
1208 51.370803 0.000000 -3.881811 92.290816 0.325529 -7.305522 0.171396 
1209 41.280109 0.000000 -1.118830 103.948175 0.075281 0.694199 -0.075903 
1210 41.280109 0.000000 -1.671426 104.303954 0.072849 0.849209 -0.082422 
1211 41.280109 0.000000 -0.566234 103.844628 0.075989 0.649084 -0.073995 
1212 41.280109 0.000000 -0.013638 106.218125 -0.036265 0.441624 -0.116769 
1213 40.686539 0.000000 -0.013638 105.897759 -0.048167 2.738870 -0.110524 
1214 41.873679 0.000000 -0.013638 106.374195 -0.050256 1.964247 -0.119198 
1215 40.092969 0.000000 -0.013638 106.946505 0.033872 4.369041 -0.127899 
1216 40.092969 0.000000 2.196747 101.268981 0.056168 -1.064715 -0.024963 
1217 40.686539 0.000000 2.196747 101.231368 0.009981 -0.001386 -0.024339 
1218 40.092969 0.000000 2.749343 100.666675 0.011428 -0.224954 -0.013244 
1219 45.435101 0.000000 -2.776618 99.537829 -0.005987 -0.541246 0.009313 
1220 45.435101 0.000000 -3.881811 98.719342 0.040627 0.664761 0.025967 
1221 46.622241 0.000000 -2.776618 101.754559 -0.003002 7.260253 -0.029478 
1222 48.996522 0.000000 4.959728 99.168741 -0.009717 1.265981 0.016919 
1223 51.370803 0.000000 4.959728 100.699405 0.052255 -0.454939 -0.013875 
1224 48.996522 0.000000 7.170112 100.894420 0.007277 1.087193 -0.017621 
1225 43.060820 0.000000 3.854535 101.304274 0.026074 0.020335 -0.025761 
1226 44.247960 0.000000 3.854535 100.804472 0.051209 0.699480 -0.015918 
1227 43.060820 0.000000 4.959728 100.859205 0.026772 0.669476 -0.017000 
1228 45.435101 0.000000 3.854535 101.103928 -0.012250 -0.042611 -0.021846 
1229 46.622241 0.000000 3.854535 96.846288 -0.017646 5.066927 0.067723 
1230 45.435101 0.000000 4.959728 100.806710 0.009893 0.565812 -0.015979 
1231 43.654390 0.000000 -0.013638 100.263413 0.021498 -22.267583 0.045746 
1232 43.060820 0.000000 -0.013638 104.159768 0.000440 -34.450294 0.034588 
1233 43.654390 0.000000 0.538958 102.307279 0.044794 -22.290514 0.003016 
1234 42.467250 0.000000 -0.013638 106.870913 -0.047854 0.785761 -0.128086 
1235 44.841530 0.000000 -1.118830 128.144152 -0.245611 14.490853 -0.389472 
1236 44.841530 0.000000 -1.671426 100.244404 0.007897 15.672218 0.019949 
1237 45.435101 0.000000 -1.118830 133.418948 -0.384084 14.833986 -0.389472 
1238 255.558951 0.000000 214.946266 99.939083 0.000000 3.489950 0.002440 
1239 331.535936 0.000000 214.946266 99.939083 0.000000 3.489950 0.002440 
1240 255.558951 0.000000 285.678573 99.939083 0.000000 3.489950 0.002440 
1241 141.593473 0.000000 108.847804 99.939083 0.000000 3.489950 0.002440 
1242 179.581965 0.000000 108.847804 99.939083 0.000000 3.489950 0.002440 
1243 141.593473 0.000000 144.213958 99.939083 0.000000 3.489950 0.002440 
1244 84.610734 0.000000 55.798574 99.939083 0.000000 3.489950 0.002440 
1245 103.604980 0.000000 55.798574 99.973467 0.004559 3.424085 0.001705 
1246 84.610734 0.000000 73.481651 99.939083 0.000000 3.489950 0.002440 
1247 3.885187 0.000000 16.011651 99.939083 0.000000 3.489950 0.002440 
1248 -0.863375 0.000000 16.011651 99.939083 0.000000 3.489950 0.002440 
1249 3.885187 0.000000 20.432420 99.939083 0.000000 3.489950 0.002440 
1250 -5.611936 0.000000 16.011651 99.939083 0.000000 3.489950 0.002440 
1251 -10.360498 0.000000 16.011651 99.939083 0.000000 3.489950 0.002440 
1252 -5.611936 0.000000 20.432420 99.939083 0.000000 3.489950 0.002440 
1253 56.119364 0.000000 29.273958 100.069107 -0.030344 3.290142 -0.000300 
1254 65.616487 0.000000 29.273958 100.104557 0.003276 3.159179 -0.001093 
1255 56.119364 0.000000 38.115497 99.939083 0.000000 3.489950 0.002440 
1256 6.259468 0.000000 9.380497 99.939083 0.000000 3.489950 0.002440 
1257 3.885187 0.000000 9.380497 99.939083 0.000000 3.489950 0.002440 
1258 6.259468 0.000000 11.590882 99.939083 0.000000 3.489950 0.002440 
1259 1.510906 0.000000 9.380497 99.939083 0.000000 3.489950 0.002440 
1260 -0.863375 0.000000 9.380497 99.939083 0.000000 3.489950 0.002440 
1261 1.510906 0.000000 11.590882 99.939083 0.000000 3.489950 0.002440 
1262 -3.237656 0.000000 9.380497 99.939083 0.000000 3.489950 0.002440 
1263 -5.611936 0.000000 9.380497 99.939083 0.000000 3.489950 0.002440 
1264 -3.237656 0.000000 11.590882 99.939083 0.000000 3.489950 0.002440 
1265 2.698046 0.000000 3.854535 99.939083 0.000000 3.489950 0.002440 
1266 1.510906 0.000000 3.854535 99.939083 0.000000 3.489950 0.002440 
1267 2.698046 0.000000 4.959728 99.939083 0.000000 3.489950 0.002440 
1268 0.917336 0.000000 1.091555 99.939083 0.000000 3.489950 0.002440 
1269 0.323766 0.000000 1.091555 99.939083 0.000000 3.489950 0.002440 
1270 0.917336 0.000000 1.644151 99.939083 0.000000 3.489950 0.002440 
1271 41.873679 0.000000 16.011651 99.980899 -0.085455 3.269116 0.001453 
1272 46.622241 0.000000 16.011651 100.349380 0.035821 2.606938 -0.006291 
1273 41.873679 0.000000 20.432420 100.097164 0.017280 3.238678 -0.000895 
1274 16.943731 0.000000 6.064920 100.576823 0.090135 2.676159 -0.010768 
1275 15.756591 0.000000 6.064920 101.084674 -0.096426 2.351628 -0.020933 
1276 16.943731 0.000000 7.170112 100.980088 -0.006100 2.513632 -0.018805 
1277 14.569450 0.000000 6.064920 101.170577 0.023937 2.525487 -0.022534 
1278 13.382310 0.000000 6.064920 99.689055 -0.074309 4.552405 0.008332 
1279 14.569450 0.000000 7.170112 99.712905 0.027486 4.431835 0.007741 
1280 24.660144 0.000000 -0.013638 99.688491 0.007255 -1.763646 0.006562 
1281 25.253714 0.000000 -0.013638 103.981395 -0.027178 0.164679 -0.076556 
1282 24.660144 0.000000 0.538958 102.914920 -0.074420 0.221740 -0.056658 
1283 34.750837 0.000000 9.380497 100.082483 -0.023933 2.717936 -0.000911 
1284 37.125118 0.000000 9.380497 100.439524 0.061093 2.082661 -0.008325 
1285 34.750837 0.000000 11.590882 100.052855 -0.134330 3.022176 -0.000142 
1286 26.440854 0.000000 6.064920 99.583896 0.132177 3.030875 0.009287 
1287 27.627995 0.000000 6.064920 100.182528 0.092328 1.887746 -0.003289 
1288 26.440854 0.000000 7.170112 100.107411 0.186925 2.556049 -0.001491 
1289 24.660144 0.000000 -2.224022 98.772036 0.043635 0.684263 0.024891 
1290 24.660144 0.000000 -2.776618 99.419176 0.100682 2.323608 0.012230 
1291 25.253714 0.000000 -2.224022 99.232758 -0.111770 1.661582 0.015739 
1292 24.660144 0.000000 4.407132 100.348450 0.636791 0.390279 -0.006891 
1293 25.253714 0.000000 4.407132 100.441692 -0.091002 -0.268130 -0.008789 
1294 24.660144 0.000000 4.959728 99.135599 0.117971 2.996058 0.018351 
1295 25.847284 0.000000 -0.013638 103.981395 -0.027178 0.164679 -0.076556 
1296 26.440854 0.000000 -0.013638 102.982144 -0.015991 0.283226 -0.057924 
1297 25.847284 0.000000 0.538958 103.981395 -0.027178 0.164679 -0.076556 
1298 25.847284 0.000000 -2.224022 98.171173 0.090967 0.454145 0.037224 
1299 25.847284 0.000000 -2.776618 98.853713 -0.047681 1.193234 0.023320 
1300 26.440854 0.000000 -2.224022 97.861757 0.013884 -0.649810 0.043662 
1301 28.815135 0.000000 6.064920 100.599337 -0.047260 1.196869 -0.011778 
1302 30.002275 0.000000 6.064920 100.068760 0.130938 1.976041 -0.000983 
1303 28.815135 0.000000 7.170112 100.004570 0.151944 2.720443 0.000651 
1304 25.847284 0.000000 4.407132 99.330401 -0.094063 1.770967 0.013797 
1305 26.440854 0.000000 4.407132 99.308765 -0.016984 1.674356 0.014201 
1306 25.847284 0.000000 4.959728 100.008302 0.190074 1.388523 0.000030 
1307 31.782986 0.000000 -0.013638 106.755645 -0.128428 -0.003988 -0.126143 
1308 31.189416 0.000000 -0.013638 100.411376 -0.398061 -11.738283 0.005572 
1309 31.782986 0.000000 0.538958 106.759269 -0.128628 -0.004500 -0.126206 
1310 30.595846 0.000000 -0.013638 104.980278 0.041599 0.401406 -0.094763 
1311 30.002275 0.000000 -0.013638 104.976538 0.040489 0.404119 -0.094695 
1312 30.595846 0.000000 0.538958 104.980237 0.041573 0.401464 -0.094762 
1313 30.595846 0.000000 1.091555 105.030692 0.020774 0.437572 -0.095669 
1314 30.002275 0.000000 1.091555 104.975862 0.040447 0.404288 -0.094683 
1315 31.189416 0.000000 1.091555 102.046221 -0.052973 -7.519341 -0.034778 
1316 31.782986 0.000000 1.091555 106.751652 -0.128207 -0.003423 -0.126074 
1317 31.782986 0.000000 -2.224022 94.694492 0.089540 -5.789719 0.115121 
1318 31.189416 0.000000 -2.224022 102.194924 0.322878 -5.149778 -0.040475 
1319 31.782986 0.000000 -2.776618 100.398842 0.228367 -5.610061 -0.004823 
1320 30.595846 0.000000 -2.224022 98.695427 -0.222463 -5.574128 0.029647 
1321 30.002275 0.000000 -2.224022 94.867803 -0.192173 -4.287789 0.109570 
1322 30.595846 0.000000 -2.776618 99.241588 -0.029221 -3.285827 0.016381 
1323 51.370803 0.000000 16.011651 100.395129 -0.053140 2.371213 -0.007317 
1324 56.119364 0.000000 16.011651 100.608163 -0.020900 2.113881 -0.011654 
1325 51.370803 0.000000 20.432420 100.125347 -0.001871 3.068902 -0.001565 
1326 39.499399 0.000000 9.380497 100.766753 0.082447 1.366797 -0.015040 
1327 41.873679 0.000000 9.380497 101.546230 0.033666 0.189898 -0.030465 
1328 39.499399 0.000000 11.590882 100.333325 0.063619 2.479269 -0.006036 
1329 38.905828 0.000000 -2.224022 99.249405 0.206988 0.235632 0.015128 
1330 38.905828 0.000000 -2.776618 96.896125 -0.074599 -3.574051 0.065256 
1331 39.499399 0.000000 -2.224022 97.245262 -0.054834 -3.317738 0.057693 
1332 41.280109 0.000000 2.196747 100.800864 0.030916 -0.027318 -0.015895 
1333 41.873679 0.000000 2.196747 100.483329 0.102306 1.091570 -0.009504 
1334 41.280109 0.000000 2.749343 101.362322 0.035646 -0.159806 -0.026890 
1335 40.092969 0.000000 -2.224022 99.555935 -0.001244 -0.916363 0.009004 
1336 40.092969 0.000000 -2.776618 99.492346 -0.006413 -0.765978 0.010261 
1337 40.686539 0.000000 -2.224022 97.738217 0.034733 -2.767673 0.047005 
1338 43.654390 0.000000 1.091555 101.547909 0.060682 -23.896458 0.026395 
1339 44.247960 0.000000 1.091555 103.390185 0.050342 -31.285795 0.029537 
1340 43.654390 0.000000 1.644151 94.578895 -0.116373 4.468248 0.116089 
1341 42.467250 0.000000 2.196747 101.993760 -0.008245 -2.009564 -0.038734 
1342 43.060820 0.000000 2.196747 99.886964 0.026371 0.336215 0.002275 
1343 42.467250 0.000000 2.749343 101.471314 0.068780 0.123133 -0.029011 
1344 44.841530 0.000000 1.091555 112.980227 0.091639 -42.682428 -0.088026 
1345 45.435101 0.000000 1.091555 114.633849 0.853704 -21.319230 -0.220420 
1346 44.841530 0.000000 1.644151 91.749745 -0.059066 -1.420539 0.177368 
1347 0.323766 0.000000 3.854535 99.939083 0.000000 3.489950 0.002440 
1348 -0.863375 0.000000 3.854535 99.939083 0.000000 3.489950 0.002440 
1349 0.323766 0.000000 4.959728 99.939083 0.000000 3.489950 0.002440 
1350 12.195170 0.000000 6.064920 98.752023 0.066495 5.954859 0.028936 
1351 11.008029 0.000000 6.064920 99.939083 0.000000 3.489950 0.002440 
1352 12.195170 0.000000 7.170112 99.939083 0.000000 3.489950 0.002440 
1353 9.820889 0.000000 6.064920 99.939083 0.000000 3.489950 0.002440 
1354 8.633748 0.000000 6.064920 99.939083 0.000000 3.489950 0.002440 
1355 9.820889 0.000000 7.170112 99.939083 0.000000 3.489950 0.002440 
1356 31.189416 0.000000 6.064920 100.304967 -0.114294 1.592910 -0.005829 
1357 32.376556 0.000000 6.064920 100.416786 0.181810 1.405146 -0.008104 
1358 31.189416 0.000000 7.170112 99.923727 -0.029185 2.608580 0.002209 
1359 29.408705 0.000000 -0.013638 104.968195 0.038892 0.408387 -0.094544 
1360 28.815135 0.000000 -0.013638 104.519586 0.008168 0.525748 -0.086401 
1361 29.408705 0.000000 0.538958 104.967735 0.038802 0.408627 -0.094536 
1362 29.408705 0.000000 1.091555 104.967985 0.038956 0.408284 -0.094541 
1363 28.815135 0.000000 1.091555 104.519586 0.008168 0.525748 -0.086401 
1364 29.408705 0.000000 -2.224022 100.490294 0.133477 -2.259223 -0.009255 
1365 28.815135 0.000000 -2.224022 94.896500 0.242639 -3.642607 0.108354 
1366 29.408705 0.000000 -2.776618 101.675145 0.031518 -0.210232 -0.032963 
1367 44.247960 0.000000 9.380497 100.448308 0.023581 1.616683 -0.008670 
1368 46.622241 0.000000 9.380497 101.606061 -0.004193 0.037384 -0.031629 
1369 44.247960 0.000000 11.590882 100.457271 -0.069726 2.005440 -0.008708 
1370 33.563697 0.000000 6.064920 100.964919 -0.153856 0.649631 -0.019078 
1371 34.750837 0.000000 6.064920 100.597343 -0.028403 0.782087 -0.011819 
1372 33.563697 0.000000 7.170112 100.423001 0.094562 1.756723 -0.008120 
1373 41.280109 0.000000 -2.224022 98.179486 -0.008202 -0.857019 0.037107 
1374 41.280109 0.000000 -2.776618 98.230397 -0.004196 -0.785224 0.036042 
1375 41.873679 0.000000 -2.224022 99.642192 0.000441 0.608372 0.007218 
1376 48.996522 0.000000 9.380497 100.407226 -0.005183 1.948447 -0.007738 
1377 51.370803 0.000000 9.380497 100.629146 0.001334 1.726500 -0.012215 
1378 48.996522 0.000000 11.590882 100.829895 -0.019896 1.582300 -0.016223 
1379 43.654390 0.000000 2.196747 100.705975 -0.005502 -0.429114 -0.014007 
1380 44.247960 0.000000 2.196747 94.685857 -0.082616 3.831259 0.113125 
1381 43.654390 0.000000 2.749343 100.623145 -0.020829 -0.272432 -0.012382 
1382 42.467250 0.000000 -2.224022 98.783710 0.009956 -0.917243 0.024690 
1383 42.467250 0.000000 -2.776618 98.370126 -0.005880 -0.430306 0.033114 
1384 43.060820 0.000000 -2.224022 99.048083 -0.001718 2.048973 0.019640 
1385 44.841530 0.000000 2.196747 104.582458 0.063938 -13.053565 -0.072551 
1386 45.435101 0.000000 2.196747 102.092900 0.073107 -7.359368 -0.035907 
1387 44.841530 0.000000 2.749343 95.928552 -0.044079 4.106028 0.086365 
1 11 62 60 61 
2 62 10 24 60 
3 60 24 14 63 
4 61 60 63 6 
5 24 66 64 65 
6 66 23 40 64 
7 64 40 27 67 
8 65 64 67 14 
9 40 70 68 69 
10 69 68 71 27 
11 6 63 92 93 
12 63 14 36 92 
13 92 36 19 94 
14 93 92 94 20 
15 14 67 95 96 
16 67 27 52 95 
17 95 52 35 97 
18 96 95 97 36 
19 27 71 98 99 
20 99 98 100 52 
21 68 112 110 111 
22 112 56 80 110 
23 110 80 43 113 
24 111 110 113 71 
25 80 116 114 115 
26 115 114 117 43 
27 71 113 133 134 
28 113 43 102 133 
29 133 102 76 135 
30 134 133 135 98 
31 43 117 136 137 
32 137 136 138 102 
33 114 141 139 140 
34 141 106 129 139 
35 139 129 83 142 
36 140 139 142 117 
37 12 145 143 144 
38 145 7 146 143 
39 143 146 13 25 
40 144 143 25 10 
41 25 149 147 148 
42 149 13 150 147 
43 147 150 26 41 
44 148 147 41 23 
45 41 153 151 152 
46 153 26 154 151 
47 151 154 42 57 
48 152 151 57 39 
49 39 157 155 156 
50 157 57 158 155 
51 155 158 55 81 
52 156 155 81 56 
53 81 161 159 160 
54 161 55 162 159 
55 159 162 82 107 
56 160 159 107 79 
57 79 165 163 164 
58 165 107 166 163 
59 106 169 167 168 
60 168 167 171 129 
61 56 174 172 173 
62 174 81 160 172 
63 172 160 79 116 
64 173 172 116 80 
65 116 177 175 176 
66 177 79 164 175 
67 175 164 106 141 
68 176 175 141 114 
69 164 180 178 179 
70 180 163 181 178 
71 178 181 130 169 
72 179 178 169 106 
73 169 196 194 195 
74 196 130 197 194 
75 194 197 170 198 
76 195 194 198 167 
77 199 201 124 202 
78 200 199 202 125 
79 129 171 203 204 
80 203 205 132 206 
81 204 203 206 83 
82 167 198 207 208 
83 198 170 209 207 
84 207 209 128 210 
85 208 207 210 171 
86 107 212 211 166 
87 212 82 213 211 
88 163 215 214 181 
89 215 166 216 214 
90 214 216 105 191 
91 181 214 191 130 
92 191 223 221 222 
93 223 105 224 221 
94 221 224 192 225 
95 222 221 225 190 
96 226 227 109 228 
97 205 226 228 132 
98 232 233 126 234 
99 201 232 234 124 
100 235 236 189 237 
101 227 235 237 109 
102 193 240 238 239 
103 240 131 241 238 
104 238 241 227 242 
105 239 238 242 226 
106 166 244 243 216 
107 244 211 245 243 
108 243 245 187 218 
109 216 243 218 105 
110 251 108 252 250 
111 250 252 188 253 
112 218 256 254 255 
113 256 187 257 254 
114 254 257 219 258 
115 255 254 258 217 
116 131 260 259 241 
117 260 220 261 259 
118 259 261 235 262 
119 241 259 262 227 
120 253 188 264 263 
121 263 264 59 265 
122 236 263 265 189 
123 220 267 266 261 
124 267 186 268 266 
125 266 268 236 269 
126 261 266 269 235 
127 57 271 270 158 
128 271 42 272 270 
129 270 272 58 89 
130 158 270 89 55 
131 55 274 273 162 
132 274 89 275 273 
133 273 275 88 183 
134 162 273 183 82 
135 82 277 276 213 
136 277 183 278 276 
137 211 280 279 245 
138 280 213 281 279 
139 279 281 108 251 
140 245 279 251 187 
141 187 283 282 257 
142 283 251 284 282 
143 282 284 250 285 
144 257 282 285 219 
145 108 287 286 252 
146 286 288 246 289 
147 252 286 289 188 
148 213 291 290 281 
149 291 276 292 290 
150 281 290 287 108 
151 306 182 307 305 
152 305 307 248 308 
153 288 305 308 246 
154 287 311 309 310 
155 309 312 288 313 
156 310 309 313 286 
157 183 315 314 278 
158 315 88 316 314 
159 276 318 317 292 
160 318 278 319 317 
161 317 319 182 306 
162 290 322 320 321 
163 322 292 323 320 
164 320 323 247 311 
165 321 320 311 287 
166 247 325 324 312 
167 325 306 326 324 
168 324 326 305 327 
169 312 324 327 288 
170 311 330 328 329 
171 330 247 331 328 
172 328 331 312 332 
173 329 328 332 309 
174 188 289 336 264 
175 289 246 337 336 
176 339 341 333 342 
177 340 339 342 233 
178 264 345 343 344 
179 345 336 346 343 
180 344 343 347 59 
181 246 308 348 337 
182 308 248 349 348 
183 348 349 185 350 
184 337 348 350 249 
185 336 352 351 346 
186 352 337 353 351 
187 351 353 249 354 
188 346 351 354 338 
189 189 265 355 356 
190 265 59 340 355 
191 355 340 233 357 
192 356 355 357 232 
193 59 347 358 359 
194 347 338 360 358 
195 358 360 339 361 
196 359 358 361 340 
197 343 364 362 363 
198 364 346 365 362 
199 362 365 338 366 
200 363 362 366 347 
201 249 350 376 341 
202 350 185 377 376 
203 376 377 334 378 
204 341 376 378 333 
205 182 380 379 307 
206 379 381 301 382 
207 307 379 382 248 
208 278 384 383 319 
209 384 314 385 383 
210 383 385 302 380 
211 319 383 380 182 
212 302 391 390 381 
213 391 184 392 390 
214 390 392 303 393 
215 381 390 393 301 
216 380 396 394 395 
217 396 302 397 394 
218 394 397 381 398 
219 395 394 398 379 
220 185 400 399 377 
221 400 304 401 399 
222 399 401 373 402 
223 377 399 402 334 
224 304 407 406 401 
225 407 91 408 406 
226 406 408 374 409 
227 401 406 409 373 
228 89 411 410 275 
229 411 58 412 410 
230 410 412 90 298 
231 275 410 298 88 
232 88 414 413 316 
233 414 298 415 413 
234 184 417 416 392 
235 392 416 419 303 
236 91 421 420 408 
237 421 389 422 420 
238 420 422 403 423 
239 408 420 423 374 
240 298 437 436 415 
241 437 90 438 436 
242 413 441 439 440 
243 441 415 442 439 
244 316 450 448 449 
245 450 413 440 448 
246 449 448 417 184 
247 440 453 451 452 
248 453 439 454 451 
249 451 454 433 445 
250 452 451 445 387 
251 460 297 461 459 
252 459 461 434 462 
253 445 465 463 464 
254 465 433 466 463 
255 463 466 446 467 
256 417 470 468 469 
257 470 387 444 468 
258 468 444 418 471 
259 469 468 471 416 
260 387 474 472 473 
261 474 445 464 472 
262 473 472 475 444 
263 386 435 476 477 
264 435 388 478 476 
265 476 478 300 479 
266 477 476 479 389 
267 418 447 480 481 
268 447 432 482 480 
269 480 482 435 483 
270 481 480 483 386 
271 467 446 486 484 
272 484 486 432 487 
273 485 484 487 447 
274 464 490 488 489 
275 490 463 491 488 
276 488 491 467 492 
277 444 475 493 494 
278 493 485 447 495 
279 494 493 495 418 
280 472 498 496 497 
281 498 464 489 496 
282 496 489 443 499 
283 497 496 499 475 
284 443 492 500 501 
285 492 467 502 500 
286 500 502 484 503 
287 501 500 503 485 
288 489 506 504 505 
289 506 488 507 504 
290 504 507 492 508 
291 505 504 508 443 
292 415 519 518 442 
293 519 436 520 518 
294 439 522 521 454 
295 522 442 523 521 
296 521 523 297 460 
297 454 521 460 433 
298 433 525 524 466 
299 525 460 526 524 
300 524 526 459 527 
301 466 524 527 446 
302 479 534 532 533 
303 534 300 535 532 
304 532 535 516 536 
305 389 539 537 538 
306 539 479 533 537 
307 537 533 515 540 
308 538 537 540 422 
309 19 38 541 542 
310 38 21 543 541 
311 541 543 9 544 
312 542 541 544 22 
313 35 54 545 546 
314 54 37 547 545 
315 545 547 21 548 
316 546 545 548 38 
317 51 78 549 550 
318 78 53 551 549 
319 549 551 37 552 
320 550 549 552 54 
321 75 123 553 554 
322 123 77 555 553 
323 553 555 53 556 
324 554 553 556 78 
325 121 372 557 558 
326 372 122 559 557 
327 557 559 77 560 
328 558 557 560 123 
329 230 405 561 562 
330 405 370 563 561 
331 561 563 372 564 
332 562 561 564 121 
333 403 517 565 566 
334 517 404 567 565 
335 565 567 370 568 
336 566 565 568 405 
337 515 536 569 570 
338 536 516 571 569 
339 569 571 404 572 
340 570 569 572 517 
341 533 575 573 574 
342 575 532 576 573 
343 573 576 536 577 
344 574 573 577 515 
345 297 579 578 461 
346 579 456 580 578 
347 578 580 455 581 
348 461 578 581 434 
349 388 458 582 478 
350 458 428 583 582 
351 582 583 431 529 
352 478 582 529 300 
353 300 585 584 535 
354 585 529 586 584 
355 584 586 528 587 
356 535 584 587 516 
357 593 299 594 592 
358 592 594 430 595 
359 7 597 596 146 
360 597 16 598 596 
361 596 598 15 32 
362 146 596 32 13 
363 13 600 599 150 
364 600 32 601 599 
365 599 601 31 48 
366 150 599 48 26 
367 26 603 602 154 
368 603 48 604 602 
369 602 604 47 85 
370 154 602 85 42 
371 42 606 605 272 
372 606 85 607 605 
373 605 607 84 294 
374 272 605 294 58 
375 58 609 608 412 
376 609 294 610 608 
377 608 610 293 425 
378 412 608 425 90 
379 90 612 611 438 
380 612 425 613 611 
381 436 615 614 520 
382 615 438 616 614 
383 614 616 299 593 
384 429 619 617 618 
385 619 593 620 617 
386 617 620 592 621 
387 618 617 621 457 
388 626 5 627 625 
389 625 627 513 628 
390 428 595 629 583 
391 595 430 630 629 
392 629 630 5 626 
393 583 629 626 431 
394 431 633 631 632 
395 633 626 634 631 
396 631 634 625 635 
397 632 631 635 530 
398 299 637 636 594 
399 594 636 639 430 
400 430 639 640 630 
401 630 640 642 5 
402 438 644 643 616 
403 644 611 645 643 
404 616 643 637 299 
405 15 647 646 33 
406 647 17 648 646 
407 646 648 8 649 
408 33 646 649 18 
409 31 651 650 49 
410 651 33 652 650 
411 650 652 18 653 
412 49 650 653 34 
413 47 655 654 86 
414 655 49 656 654 
415 654 656 34 657 
416 86 654 657 50 
417 659 86 660 658 
418 658 660 50 661 
419 637 676 674 675 
420 676 589 677 674 
421 674 677 638 678 
422 675 674 678 636 
423 5 642 682 627 
424 642 591 683 682 
425 682 683 622 684 
426 627 682 684 513 
427 640 687 685 686 
428 687 641 688 685 
429 685 688 591 689 
430 686 685 689 642 
431 425 691 690 613 
432 691 293 692 690 
433 611 694 693 645 
434 694 613 695 693 
435 671 702 700 701 
436 702 424 703 700 
437 700 703 672 704 
438 701 700 704 670 
439 18 649 705 45 
440 649 8 706 705 
441 705 706 29 707 
442 45 705 707 28 
443 34 653 708 73 
444 653 18 709 708 
445 708 709 45 710 
446 73 708 710 44 
447 50 657 711 119 
448 657 34 712 711 
449 711 712 73 713 
450 119 711 713 72 
451 661 50 715 714 
452 714 715 119 716 
453 720 721 510 722 
454 591 681 726 683 
455 681 427 727 726 
456 726 727 623 728 
457 683 726 728 622 
458 679 731 729 730 
459 731 680 732 729 
460 729 732 427 733 
461 730 729 733 681 
462 613 735 734 695 
463 735 690 736 734 
464 424 738 737 703 
465 738 697 739 737 
466 737 739 696 740 
467 703 737 740 672 
468 427 725 741 727 
469 725 669 742 741 
470 741 742 720 743 
471 727 741 743 623 
472 680 745 744 732 
473 745 723 746 744 
474 744 746 725 747 
475 732 744 747 427 
476 757 667 758 756 
477 756 758 698 759 
478 739 756 759 696 
479 294 761 760 610 
480 761 84 762 760 
481 760 762 295 663 
482 610 760 663 293 
483 293 764 763 692 
484 764 663 765 763 
485 690 767 766 736 
486 767 692 768 766 
487 734 771 769 770 
488 771 736 772 769 
489 769 772 667 757 
490 770 769 757 697 
491 697 775 773 774 
492 775 757 776 773 
493 773 776 756 777 
494 774 773 777 739 
495 782 724 783 781 
496 781 783 669 784 
497 746 781 784 725 
498 699 787 785 786 
499 787 666 788 785 
500 785 788 724 782 
501 786 785 782 723 
502 723 791 789 790 
503 791 782 792 789 
504 789 792 781 793 
505 790 789 793 746 
506 667 795 794 758 
507 758 794 797 698 
508 798 799 717 800 
509 721 798 800 510 
510 669 780 801 742 
511 780 296 802 801 
512 801 802 721 803 
513 742 801 803 720 
514 724 805 804 783 
515 804 806 780 807 
516 783 804 807 669 
517 736 809 808 772 
518 809 766 810 808 
519 808 810 753 795 
520 772 808 795 667 
521 795 821 819 820 
522 821 753 822 819 
523 819 822 796 823 
524 820 819 823 794 
525 666 825 824 788 
526 825 755 826 824 
527 788 824 805 724 
528 830 832 296 833 
529 806 830 833 780 
530 805 836 834 835 
531 836 778 837 834 
532 834 837 806 838 
533 835 834 838 804 
534 692 840 839 768 
535 840 763 841 839 
536 843 812 844 842 
537 842 844 811 845 
538 752 818 846 847 
539 818 754 848 846 
540 846 848 668 849 
541 847 846 849 755 
542 852 817 853 850 
543 850 853 754 854 
544 851 850 854 818 
545 796 857 855 856 
546 857 815 851 855 
547 855 851 818 858 
548 856 855 858 752 
549 766 860 859 810 
550 860 768 861 859 
551 859 861 426 816 
552 810 859 816 753 
553 816 864 862 863 
554 864 426 865 862 
555 862 865 817 852 
556 863 862 852 815 
557 815 868 866 867 
558 868 852 869 866 
559 866 869 850 870 
560 867 866 870 851 
561 755 849 871 826 
562 849 668 872 871 
563 668 874 873 872 
564 874 814 875 873 
565 873 875 827 876 
566 871 879 877 878 
567 879 872 880 877 
568 877 880 779 881 
569 826 884 882 883 
570 884 871 878 882 
571 882 878 831 885 
572 883 882 885 778 
573 296 829 886 802 
574 829 751 887 886 
575 886 887 798 888 
576 802 886 888 721 
577 876 827 890 889 
578 889 890 829 891 
579 832 889 891 296 
580 831 881 892 893 
581 881 779 894 892 
582 892 894 832 895 
583 893 892 895 830 
584 878 898 896 897 
585 898 877 899 896 
586 896 899 881 900 
587 897 896 900 831 
588 754 845 901 848 
589 845 811 902 901 
590 901 902 814 874 
591 848 901 874 668 
592 817 904 903 853 
593 904 842 905 903 
594 903 905 845 906 
595 853 903 906 754 
596 872 908 907 880 
597 908 873 909 907 
598 907 909 876 910 
599 880 907 910 779 
600 912 658 913 911 
601 911 913 661 914 
602 812 924 923 844 
603 924 749 925 923 
604 844 923 926 811 
605 814 931 930 875 
606 931 748 932 930 
607 875 930 933 827 
608 663 935 934 765 
609 935 295 936 934 
610 763 938 937 841 
611 938 765 939 937 
612 749 941 940 925 
613 941 920 942 940 
614 940 942 919 943 
615 925 940 943 813 
616 811 926 944 902 
617 926 813 945 944 
618 944 945 748 931 
619 902 944 931 814 
620 923 948 946 947 
621 948 925 949 946 
622 946 949 813 950 
623 947 946 950 926 
624 748 952 951 932 
625 952 922 953 951 
626 951 953 927 954 
627 932 951 954 828 
628 827 933 955 890 
629 933 828 956 955 
630 955 956 751 957 
631 890 955 957 829 
632 930 960 958 959 
633 960 932 961 958 
634 958 961 828 962 
635 959 958 962 933 
636 914 661 964 963 
637 963 964 714 965 
638 966 967 718 968 
639 799 966 968 717 
640 922 974 973 953 
641 974 750 975 973 
642 973 975 928 976 
643 953 973 976 927 
644 765 981 980 939 
645 981 934 982 980 
646 980 982 916 978 
647 662 985 983 984 
648 985 978 986 983 
649 983 986 977 987 
650 984 983 987 921 
651 750 989 988 975 
652 989 970 990 988 
653 988 990 969 991 
654 975 988 991 928 
655 664 993 992 917 
656 993 911 994 992 
657 992 994 914 995 
658 917 992 995 87 
659 997 664 998 996 
660 996 998 917 999 
661 978 1001 1000 986 
662 1001 916 1002 1000 
663 1000 1002 979 1003 
664 986 1000 1003 977 
665 999 917 1005 1004 
666 1004 1005 87 1006 
667 979 1009 1007 1008 
668 1009 996 1010 1007 
669 1007 1010 999 1011 
670 1008 1007 1011 915 
671 1 1014 1012 1013 
672 1014 12 144 1012 
673 1012 144 10 62 
674 1013 1012 62 11 
675 16 1016 1015 598 
676 1016 2 1017 1015 
677 1015 1017 17 647 
678 598 1015 647 15 
679 20 94 1018 1019 
680 94 19 542 1018 
681 1018 542 22 1020 
682 1019 1018 1020 4 
683 10 1023 1021 1022 
684 1023 25 148 1021 
685 1021 148 23 66 
686 1022 1021 66 24 
687 21 46 1024 543 
688 46 28 1025 1024 
689 1024 1025 30 1026 
690 543 1024 1026 9 
691 32 1028 1027 601 
692 1028 15 1029 1027 
693 1027 1029 33 651 
694 601 1027 651 31 
695 36 97 1030 1031 
696 97 35 546 1030 
697 1030 546 38 1032 
698 1031 1030 1032 19 
699 23 1035 1033 1034 
700 1035 41 152 1033 
701 1033 152 39 70 
702 1034 1033 70 40 
703 37 74 1036 547 
704 74 44 1037 1036 
705 1036 1037 46 1038 
706 547 1036 1038 21 
707 48 1040 1039 604 
708 1040 31 1041 1039 
709 1039 1041 49 655 
710 604 1039 655 47 
711 52 100 1042 1043 
712 100 51 550 1042 
713 1042 550 54 1044 
714 1043 1042 1044 35 
715 70 1047 1045 1046 
716 1047 39 156 1045 
717 1045 156 56 112 
718 1046 1045 112 68 
719 53 120 1048 551 
720 120 72 1049 1048 
721 1048 1049 74 1050 
722 551 1048 1050 37 
723 76 104 1051 1052 
724 104 75 554 1051 
725 1051 554 78 1053 
726 1052 1051 1053 51 
727 85 1055 1054 607 
728 1055 47 1056 1054 
729 1054 1056 86 659 
730 607 1054 659 84 
731 98 135 1057 1058 
732 135 76 1052 1057 
733 1057 1052 51 1059 
734 1058 1057 1059 100 
735 77 369 1060 555 
736 369 118 1061 1060 
737 1060 1061 120 1062 
738 555 1060 1062 53 
739 103 231 1063 1064 
740 231 121 558 1063 
741 1063 558 123 1065 
742 1064 1063 1065 75 
743 117 142 1066 1067 
744 142 83 200 1066 
745 1066 200 125 1068 
746 1067 1066 1068 136 
747 130 1070 1069 197 
748 1070 191 222 1069 
749 1069 222 190 1071 
750 197 1069 1071 170 
751 190 225 1072 1073 
752 225 192 1074 1072 
753 1072 1074 131 240 
754 1073 1072 240 193 
755 170 1071 1075 209 
756 1071 190 1073 1075 
757 1075 1073 193 1076 
758 209 1075 1076 128 
759 105 1078 1077 224 
760 1078 218 255 1077 
761 1077 255 217 1079 
762 224 1077 1079 192 
763 217 258 1080 1081 
764 258 219 1082 1080 
765 1080 1082 186 267 
766 1081 1080 267 220 
767 192 1079 1083 1074 
768 1079 217 1081 1083 
769 1083 1081 220 260 
770 1074 1083 260 131 
771 128 1076 1084 1085 
772 1076 193 239 1084 
773 1084 239 226 1086 
774 1085 1084 1086 205 
775 229 375 1087 1088 
776 375 230 562 1087 
777 1087 562 121 1089 
778 1088 1087 1089 231 
779 126 335 1090 1091 
780 335 229 1088 1090 
781 1090 1088 231 1092 
782 1091 1090 1092 103 
783 109 237 1093 1094 
784 237 189 356 1093 
785 1093 356 232 1095 
786 1094 1093 1095 201 
787 219 285 1096 1082 
788 285 250 1097 1096 
789 1096 1097 253 1098 
790 1082 1096 1098 186 
791 186 1098 1099 268 
792 1098 253 1100 1099 
793 1099 1100 263 1101 
794 268 1099 1101 236 
795 301 393 1102 1103 
796 393 303 1104 1102 
797 1102 1104 91 407 
798 1103 1102 407 304 
799 248 382 1105 349 
800 382 301 1103 1105 
801 1105 1103 304 400 
802 349 1105 400 185 
803 314 1107 1106 385 
804 1107 316 449 1106 
805 1106 449 184 391 
806 385 1106 391 302 
807 292 1109 1108 323 
808 1109 317 1110 1108 
809 1108 1110 306 325 
810 323 1108 325 247 
811 338 354 1111 360 
812 354 249 1112 1111 
813 1111 1112 341 1113 
814 360 1111 1113 339 
815 122 511 1114 559 
816 511 367 1115 1114 
817 1114 1115 369 1116 
818 559 1114 1116 77 
819 370 514 1117 563 
820 514 371 1118 1117 
821 1117 1118 122 1119 
822 563 1117 1119 372 
823 303 419 1120 1104 
824 419 386 477 1120 
825 1120 477 389 421 
826 1104 1120 421 91 
827 374 423 1121 1122 
828 423 403 566 1121 
829 1121 566 405 1123 
830 1122 1121 1123 230 
831 416 471 1124 1125 
832 471 418 481 1124 
833 1124 481 386 1126 
834 1125 1124 1126 419 
835 432 462 1127 482 
836 462 434 1128 1127 
837 1127 1128 388 1129 
838 482 1127 1129 435 
839 448 1132 1130 1131 
840 1132 440 452 1130 
841 1130 452 387 470 
842 1131 1130 470 417 
843 456 1134 1133 580 
844 1134 429 618 1133 
845 1133 618 457 1135 
846 580 1133 1135 455 
847 434 581 1136 1128 
848 581 455 1137 1136 
849 1136 1137 458 1138 
850 1128 1136 1138 388 
851 446 527 1139 486 
852 527 459 1140 1139 
853 1139 1140 462 1141 
854 486 1139 1141 432 
855 475 499 1142 1143 
856 499 443 501 1142 
857 1142 501 485 1144 
858 1143 1142 1144 493 
859 371 624 1145 1118 
860 624 509 1146 1145 
861 1145 1146 511 1147 
862 1118 1145 1147 122 
863 404 531 1148 567 
864 531 512 1149 1148 
865 1148 1149 514 1150 
866 567 1148 1150 370 
867 422 540 1151 1152 
868 540 515 570 1151 
869 1151 570 517 1153 
870 1152 1151 1153 403 
871 442 1155 1154 523 
872 1155 518 1156 1154 
873 1154 1156 456 579 
874 523 1154 579 297 
875 529 1158 1157 586 
876 1158 431 632 1157 
877 1157 632 530 1159 
878 586 1157 1159 528 
879 516 587 1160 571 
880 587 528 1161 1160 
881 1160 1161 531 1162 
882 571 1160 1162 404 
883 84 1164 1163 762 
884 1164 659 1165 1163 
885 1163 1165 658 912 
886 762 1163 912 295 
887 589 1167 1166 677 
888 1167 671 701 1166 
889 1166 701 670 1168 
890 677 1166 1168 638 
891 641 1170 1169 688 
892 1170 679 730 1169 
893 1169 730 681 1171 
894 688 1169 1171 591 
895 696 759 1172 1173 
896 759 698 1174 1172 
897 1172 1174 666 787 
898 1173 1172 787 699 
899 672 740 1175 1176 
900 740 696 1173 1175 
901 1175 1173 699 1177 
902 1176 1175 1177 590 
903 590 1177 1178 1179 
904 1177 699 786 1178 
905 1178 786 723 745 
906 1179 1178 745 680 
907 695 1182 1180 1181 
908 1182 734 770 1180 
909 1180 770 697 738 
910 1181 1180 738 424 
911 698 797 1183 1174 
912 797 752 847 1183 
913 1183 847 755 825 
914 1174 1183 825 666 
915 794 823 1184 1185 
916 823 796 856 1184 
917 1184 856 752 1186 
918 1185 1184 1186 797 
919 751 929 1187 887 
920 929 665 1188 1187 
921 1187 1188 799 1189 
922 887 1187 1189 798 
923 753 1191 1190 822 
924 1191 816 863 1190 
925 1190 863 815 857 
926 822 1190 857 796 
927 824 1194 1192 1193 
928 1194 826 883 1192 
929 1192 883 778 836 
930 1193 1192 836 805 
931 778 885 1195 837 
932 885 831 893 1195 
933 1195 893 830 1196 
934 837 1195 1196 806 
935 768 1198 1197 861 
936 1198 839 1199 1197 
937 1197 1199 812 843 
938 861 1197 843 426 
939 426 1201 1200 865 
940 1201 843 1202 1200 
941 1200 1202 842 904 
942 865 1200 904 817 
943 779 910 1203 894 
944 910 876 1204 1203 
945 1203 1204 889 1205 
946 894 1203 1205 832 
947 295 1207 1206 936 
948 1207 912 1208 1206 
949 1206 1208 911 993 
950 936 1206 993 664 
951 920 1210 1209 942 
952 1210 662 984 1209 
953 1209 984 921 1211 
954 942 1209 1211 919 
955 919 1211 1212 1213 
956 1211 921 1214 1212 
957 1212 1214 750 974 
958 1213 1212 974 922 
959 813 943 1215 945 
960 943 919 1213 1215 
961 1215 1213 922 952 
962 945 1215 952 748 
963 828 954 1216 956 
964 954 927 1217 1216 
965 1216 1217 929 1218 
966 956 1216 1218 751 
967 934 1220 1219 982 
968 1220 936 1221 1219 
969 1219 1221 664 997 
970 982 1219 997 916 
971 87 995 1222 967 
972 995 914 1223 1222 
973 1222 1223 963 1224 
974 967 1222 1224 718 
975 665 972 1225 1188 
976 972 918 1226 1225 
977 1225 1226 966 1227 
978 1188 1225 1227 799 
979 918 1006 1228 1226 
980 1006 87 1229 1228 
981 1228 1229 967 1230 
982 1226 1228 1230 966 
983 977 1003 1231 1232 
984 1003 979 1008 1231 
985 1231 1008 915 1233 
986 1232 1231 1233 970 
987 921 987 1234 1214 
988 987 977 1232 1234 
989 1234 1232 970 989 
990 1214 1234 989 750 
991 916 1236 1235 1002 
992 1236 997 1237 1235 
993 1235 1237 996 1009 
994 1002 1235 1009 979 
995 28 707 1238 1025 
996 707 29 1239 1238 
997 1238 1239 3 1240 
998 1025 1238 1240 30 
999 44 710 1241 1037 
1000 710 45 1242 1241 
1001 1241 1242 28 1243 
1002 1037 1241 1243 46 
1003 72 713 1244 1049 
1004 713 73 1245 1244 
1005 1244 1245 44 1246 
1006 1049 1244 1246 74 
1007 101 127 1247 1248 
1008 127 103 1064 1247 
1009 1247 1064 75 1249 
1010 1248 1247 1249 104 
1011 102 138 1250 1251 
1012 138 101 1248 1250 
1013 1250 1248 104 1252 
1014 1251 1250 1252 76 
1015 118 716 1253 1061 
1016 716 119 1254 1253 
1017 1253 1254 72 1255 
1018 1061 1253 1255 120 
1019 124 234 1256 1257 
1020 234 126 1091 1256 
1021 1256 1091 103 1258 
1022 1257 1256 1258 127 
1023 125 202 1259 1260 
1024 202 124 1257 1259 
1025 1259 1257 127 1261 
1026 1260 1259 1261 101 
1027 136 1068 1262 1263 
1028 1068 125 1260 1262 
1029 1262 1260 101 1264 
1030 1263 1262 1264 138 
1031 132 228 1265 1266 
1032 228 109 1094 1265 
1033 1265 1094 201 1267 
1034 1266 1265 1267 199 
1035 171 210 1268 1269 
1036 210 128 1085 1268 
1037 1268 1085 205 1270 
1038 1269 1268 1270 203 
1039 367 719 1271 1115 
1040 719 368 1272 1271 
1041 1271 1272 118 1273 
1042 1115 1271 1273 369 
1043 373 409 1274 1275 
1044 409 374 1122 1274 
1045 1274 1122 230 1276 
1046 1275 1274 1276 375 
1047 334 402 1277 1278 
1048 402 373 1275 1277 
1049 1277 1275 375 1279 
1050 1278 1277 1279 229 
1051 455 1135 1280 1137 
1052 1135 457 1281 1280 
1053 1280 1281 428 1282 
1054 1137 1280 1282 458 
1055 509 722 1283 1146 
1056 722 510 1284 1283 
1057 1283 1284 367 1285 
1058 1146 1283 1285 511 
1059 512 628 1286 1149 
1060 628 513 1287 1286 
1061 1286 1287 371 1288 
1062 1149 1286 1288 514 
1063 518 1290 1289 1156 
1064 1290 520 1291 1289 
1065 1289 1291 429 1134 
1066 1156 1289 1134 456 
1067 528 1159 1292 1161 
1068 1159 530 1293 1292 
1069 1292 1293 512 1294 
1070 1161 1292 1294 531 
1071 457 621 1295 1281 
1072 621 592 1296 1295 
1073 1295 1296 595 1297 
1074 1281 1295 1297 428 
1075 520 1299 1298 1291 
1076 1299 614 1300 1298 
1077 1298 1300 593 619 
1078 1291 1298 619 429 
1079 513 684 1301 1287 
1080 684 622 1302 1301 
1081 1301 1302 624 1303 
1082 1287 1301 1303 371 
1083 530 635 1304 1293 
1084 635 625 1305 1304 
1085 1304 1305 628 1306 
1086 1293 1304 1306 512 
1087 670 704 1307 1308 
1088 704 672 1176 1307 
1089 1307 1176 590 1309 
1090 1308 1307 1309 673 
1091 638 1168 1310 1311 
1092 1168 670 1308 1310 
1093 1310 1308 673 1312 
1094 1311 1310 1312 588 
1095 588 1312 1313 1314 
1096 1312 673 1315 1313 
1097 1313 1315 679 1170 
1098 1314 1313 1170 641 
1099 673 1309 1316 1315 
1100 1309 590 1179 1316 
1101 1316 1179 680 731 
1102 1315 1316 731 679 
1103 693 1319 1317 1318 
1104 1319 695 1181 1317 
1105 1317 1181 424 702 
1106 1318 1317 702 671 
1107 645 1322 1320 1321 
1108 1322 693 1318 1320 
1109 1320 1318 671 1167 
1110 1321 1320 1167 589 
1111 368 965 1323 1272 
1112 965 714 1324 1323 
1113 1323 1324 716 1325 
1114 1272 1323 1325 118 
1115 510 800 1326 1284 
1116 800 717 1327 1326 
1117 1326 1327 719 1328 
1118 1284 1326 1328 367 
1119 839 1330 1329 1199 
1120 1330 841 1331 1329 
1121 1329 1331 749 924 
1122 1199 1329 924 812 
1123 927 976 1332 1217 
1124 976 928 1333 1332 
1125 1332 1333 665 1334 
1126 1217 1332 1334 929 
1127 841 1336 1335 1331 
1128 1336 937 1337 1335 
1129 1335 1337 920 941 
1130 1331 1335 941 749 
1131 970 1233 1338 990 
1132 1233 915 1339 1338 
1133 1338 1339 971 1340 
1134 990 1338 1340 969 
1135 928 991 1341 1333 
1136 991 969 1342 1341 
1137 1341 1342 972 1343 
1138 1333 1341 1343 665 
1139 915 1011 1344 1339 
1140 1011 999 1345 1344 
1141 1344 1345 1004 1346 
1142 1339 1344 1346 971 
1143 83 206 1347 1348 
1144 206 132 1266 1347 
1145 1347 1266 199 1349 
1146 1348 1347 1349 200 
1147 333 378 1350 1351 
1148 378 334 1278 1350 
1149 1350 1278 229 1352 
1150 1351 1350 1352 335 
1151 233 342 1353 1354 
1152 342 333 1351 1353 
1153 1353 1351 335 1355 
1154 1354 1353 1355 126 
1155 622 728 1356 1302 
1156 728 623 1357 1356 
1157 1356 1357 509 1358 
1158 1302 1356 1358 624 
1159 636 678 1359 1360 
1160 678 638 1311 1359 
1161 1359 1311 588 1361 
1162 1360 1359 1361 639 
1163 639 1361 1362 1363 
1164 1361 588 1314 1362 
1165 1362 1314 641 687 
1166 1363 1362 687 640 
1167 643 1366 1364 1365 
1168 1366 645 1321 1364 
1169 1364 1321 589 676 
1170 1365 1364 676 637 
1171 717 968 1367 1327 
1172 968 718 1368 1367 
1173 1367 1368 368 1369 
1174 1327 1367 1369 719 
1175 623 743 1370 1357 
1176 743 720 1371 1370 
1177 1370 1371 722 1372 
1178 1357 1370 1372 509 
1179 937 1374 1373 1337 
1180 1374 939 1375 1373 
1181 1373 1375 662 1210 
1182 1337 1373 1210 920 
1183 718 1224 1376 1368 
1184 1224 963 1377 1376 
1185 1376 1377 965 1378 
1186 1368 1376 1378 368 
1187 969 1340 1379 1342 
1188 1340 971 1380 1379 
1189 1379 1380 918 1381 
1190 1342 1379 1381 972 
1191 939 1383 1382 1375 
1192 1383 980 1384 1382 
1193 1382 1384 978 985 
1194 1375 1382 985 662 
1195 971 1346 1385 1380 
1196 1346 1004 1386 1385 
1197 1385 1386 1006 1387 
1198 1380 1385 1387 918 
