2 0.000000 100.000000 157.431060
1387 1198 
1 -276.279947 0.000000 -280.179887 99.619470 0.000000 8.715574 0.015360 
2 331.535936 0.000000 -280.179887 99.619470 0.000000 8.715574 0.015360 
3 331.535936 0.000000 285.678573 99.619470 0.000000 8.715574 0.015360 
4 -276.279947 0.000000 285.678573 99.619470 0.000000 8.715574 0.015360 
5 27.627995 0.000000 2.749343 105.771968 0.227696 -8.393470 -0.102992 
6 -276.279947 0.000000 2.749343 99.619470 0.000000 8.715574 0.015360 
7 27.627995 0.000000 -280.179887 99.619470 0.000000 8.715574 0.015360 
8 331.535936 0.000000 2.749343 99.745615 0.007670 7.294499 0.010481 
9 27.627995 0.000000 285.678573 99.619470 0.000000 8.715574 0.015360 
10 -124.325976 0.000000 -138.715272 99.619470 0.000000 8.715574 0.015360 
11 -276.279947 0.000000 -138.715272 99.619470 0.000000 8.715574 0.015360 
12 -124.325976 0.000000 -280.179887 99.619470 0.000000 8.715574 0.015360 
13 27.627995 0.000000 -138.715272 99.619470 0.000000 8.715574 0.015360 
14 -124.325976 0.000000 2.749343 99.619470 0.000000 8.715574 0.015360 
15 179.581965 0.000000 -138.715272 99.619470 0.000000 8.715574 0.015360 
16 179.581965 0.000000 -280.179887 99.619470 0.000000 8.715574 0.015360 
17 331.535936 0.000000 -138.715272 99.646071 0.001772 8.706698 0.014802 
18 179.581965 0.000000 2.749343 99.897959 0.014153 5.621994 0.005220 
19 -124.325976 0.000000 144.213958 99.619470 0.000000 8.715574 0.015360 
20 -276.279947 0.000000 144.213958 99.619470 0.000000 8.715574 0.015360 
21 27.627995 0.000000 144.213958 99.619470 0.000000 8.715574 0.015360 
22 -124.325976 0.000000 285.678573 99.619470 0.000000 8.715574 0.015360 
23 -48.348991 0.000000 -67.982965 99.619470 0.000000 8.715574 0.015360 
24 -124.325976 0.000000 -67.982965 99.619470 0.000000 8.715574 0.015360 
25 -48.348991 0.000000 -138.715272 99.619470 0.000000 8.715574 0.015360 
26 27.627995 0.000000 -67.982965 99.619470 0.000000 8.715574 0.015360 
27 -48.348991 0.000000 2.749343 99.619470 0.000000 8.715574 0.015360 
28 179.581965 0.000000 144.213958 99.619470 0.000000 8.715574 0.015360 
29 331.535936 0.000000 144.213958 99.604332 -0.002222 8.673807 0.015594 
30 179.581965 0.000000 285.678573 99.619470 0.000000 8.715574 0.015360 
31 103.604980 0.000000 -67.982965 99.619470 0.000000 8.715574 0.015360 
32 103.604980 0.000000 -138.715272 99.619470 0.000000 8.715574 0.015360 
33 179.581965 0.000000 -67.982965 99.737914 0.003650 8.688587 0.012903 
34 103.604980 0.000000 2.749343 99.941603 0.019385 5.518316 0.004226 
35 -48.348991 0.000000 73.481651 99.619470 0.000000 8.715574 0.015360 
36 -124.325976 0.000000 73.481651 99.619470 0.000000 8.715574 0.015360 
37 27.627995 0.000000 73.481651 99.619470 0.000000 8.715574 0.015360 
38 -48.348991 0.000000 144.213958 99.619470 0.000000 8.715574 0.015360 
39 -10.360498 0.000000 -32.616811 99.619470 0.000000 8.715574 0.015360 
40 -48.348991 0.000000 -32.616811 99.619470 0.000000 8.715574 0.015360 
41 -10.360498 0.000000 -67.982965 99.619470 0.000000 8.715574 0.015360 
42 27.627995 0.000000 -32.616811 99.619470 0.000000 8.715574 0.015360 
43 -10.360498 0.000000 2.749343 99.619470 0.000000 8.715574 0.015360 
44 103.604980 0.000000 73.481651 99.619470 0.000000 8.715574 0.015360 
45 179.581965 0.000000 73.481651 99.545945 -0.004632 8.594913 0.016644 
46 103.604980 0.000000 144.213958 99.619470 0.000000 8.715574 0.015360 
47 65.616487 0.000000 -32.616811 99.570015 -0.000160 8.623662 0.016204 
48 65.616487 0.000000 -67.982965 99.619470 0.000000 8.715574 0.015360 
49 103.604980 0.000000 -32.616811 98.797073 0.004104 6.538742 0.028768 
50 65.616487 0.000000 2.749343 100.883322 0.003258 6.920385 -0.012834 
51 -10.360498 0.000000 38.115497 99.619470 0.000000 8.715574 0.015360 
52 -48.348991 0.000000 38.115497 99.619470 0.000000 8.715574 0.015360 
53 27.627995 0.000000 38.115497 99.619470 0.000000 8.715574 0.015360 
54 -10.360498 0.000000 73.481651 99.619470 0.000000 8.715574 0.015360 
55 8.633748 0.000000 -14.933734 99.619470 0.000000 8.715574 0.015360 
56 -10.360498 0.000000 -14.933734 99.619470 0.000000 8.715574 0.015360 
57 8.633748 0.000000 -32.616811 99.619470 0.000000 8.715574 0.015360 
58 27.627995 0.000000 -14.933734 100.001603 0.008983 9.296693 0.008664 
59 8.633748 0.000000 2.749343 100.280192 0.019348 8.053215 0.000874 
60 -200.302961 0.000000 -67.982965 99.619470 0.000000 8.715574 0.015360 
61 -276.279947 0.000000 -67.982965 99.619470 0.000000 8.715574 0.015360 
62 -200.302961 0.000000 -138.715272 99.619470 0.000000 8.715574 0.015360 
63 -200.302961 0.000000 2.749343 99.619470 0.000000 8.715574 0.015360 
64 -86.337483 0.000000 -32.616811 99.619470 0.000000 8.715574 0.015360 
65 -124.325976 0.000000 -32.616811 99.619470 0.000000 8.715574 0.015360 
66 -86.337483 0.000000 -67.982965 99.619470 0.000000 8.715574 0.015360 
67 -86.337483 0.000000 2.749343 99.619470 0.000000 8.715574 0.015360 
68 -29.354744 0.000000 -14.933734 99.619470 0.000000 8.715574 0.015360 
69 -48.348991 0.000000 -14.933734 99.619470 0.000000 8.715574 0.015360 
70 -29.354744 0.000000 -32.616811 99.619470 0.000000 8.715574 0.015360 
71 -29.354744 0.000000 2.749343 99.619470 0.000000 8.715574 0.015360 
72 65.616487 0.000000 38.115497 99.740119 -0.002177 8.541551 0.012600 
73 103.604980 0.000000 38.115497 100.732889 -0.002388 6.596402 -0.010283 
74 65.616487 0.000000 73.481651 99.619470 0.000000 8.715574 0.015360 
75 8.633748 0.000000 20.432420 99.619470 0.000000 8.715574 0.015360 
76 -10.360498 0.000000 20.432420 99.619470 0.000000 8.715574 0.015360 
77 27.627995 0.000000 20.432420 99.619470 0.000000 8.715574 0.015360 
78 8.633748 0.000000 38.115497 99.619470 0.000000 8.715574 0.015360 
79 -0.863375 0.000000 -6.092195 99.619470 0.000000 8.715574 0.015360 
80 -10.360498 0.000000 -6.092195 99.619470 0.000000 8.715574 0.015360 
81 -0.863375 0.000000 -14.933734 99.619470 0.000000 8.715574 0.015360 
82 8.633748 0.000000 -6.092195 99.619470 0.000000 8.715574 0.015360 
83 -0.863375 0.000000 2.749343 99.619470 0.000000 8.715574 0.015360 
84 46.622241 0.000000 -14.933734 98.047178 0.008399 5.690604 0.043198 
85 46.622241 0.000000 -32.616811 99.619470 0.000000 8.715574 0.015360 
86 65.616487 0.000000 -14.933734 98.902680 0.003783 6.137490 0.026070 
87 46.622241 0.000000 2.749343 92.295516 -0.074333 6.528801 0.169949 
88 18.130872 0.000000 -6.092195 99.768822 0.022619 9.128468 0.013073 
89 18.130872 0.000000 -14.933734 99.619470 0.000000 8.715574 0.015360 
90 27.627995 0.000000 -6.092195 98.992437 0.107762 7.200399 0.025699 
91 18.130872 0.000000 2.749343 101.851394 -0.161836 7.275403 -0.031338 
92 -200.302961 0.000000 73.481651 99.619470 0.000000 8.715574 0.015360 
93 -276.279947 0.000000 73.481651 99.619470 0.000000 8.715574 0.015360 
94 -200.302961 0.000000 144.213958 99.619470 0.000000 8.715574 0.015360 
95 -86.337483 0.000000 38.115497 99.619470 0.000000 8.715574 0.015360 
96 -124.325976 0.000000 38.115497 99.619470 0.000000 8.715574 0.015360 
97 -86.337483 0.000000 73.481651 99.619470 0.000000 8.715574 0.015360 
98 -29.354744 0.000000 20.432420 99.619470 0.000000 8.715574 0.015360 
99 -48.348991 0.000000 20.432420 99.619470 0.000000 8.715574 0.015360 
100 -29.354744 0.000000 38.115497 99.619470 0.000000 8.715574 0.015360 
101 -0.863375 0.000000 11.590882 99.619470 0.000000 8.715574 0.015360 
102 -10.360498 0.000000 11.590882 99.619470 0.000000 8.715574 0.015360 
103 8.633748 0.000000 11.590882 99.619470 0.000000 8.715574 0.015360 
104 -0.863375 0.000000 20.432420 99.619470 0.000000 8.715574 0.015360 
105 3.885187 0.000000 -1.671426 84.482693 0.297120 -3.072140 0.351871 
106 -0.863375 0.000000 -1.671426 99.619470 0.000000 8.715574 0.015360 
107 3.885187 0.000000 -6.092195 99.619470 0.000000 8.715574 0.015360 
108 8.633748 0.000000 -1.671426 93.651699 -0.095400 3.011151 0.135325 
109 3.885187 0.000000 2.749343 99.619470 0.000000 8.715574 0.015360 
110 -19.857621 0.000000 -6.092195 99.619470 0.000000 8.715574 0.015360 
111 -29.354744 0.000000 -6.092195 99.619470 0.000000 8.715574 0.015360 
112 -19.857621 0.000000 -14.933734 99.619470 0.000000 8.715574 0.015360 
113 -19.857621 0.000000 2.749343 99.619470 0.000000 8.715574 0.015360 
114 -5.611936 0.000000 -1.671426 99.619470 0.000000 8.715574 0.015360 
115 -10.360498 0.000000 -1.671426 99.619470 0.000000 8.715574 0.015360 
116 -5.611936 0.000000 -6.092195 99.619470 0.000000 8.715574 0.015360 
117 -5.611936 0.000000 2.749343 99.619470 0.000000 8.715574 0.015360 
118 46.622241 0.000000 20.432420 99.864641 -0.037818 8.174627 0.009452 
119 65.616487 0.000000 20.432420 101.184606 -0.009634 5.759654 -0.020213 
120 46.622241 0.000000 38.115497 99.619470 0.000000 8.715574 0.015360 
121 18.130872 0.000000 11.590882 99.619470 0.000000 8.715574 0.015360 
122 27.627995 0.000000 11.590882 99.841610 0.030909 8.205017 0.009969 
123 18.130872 0.000000 20.432420 99.619470 0.000000 8.715574 0.015360 
124 3.885187 0.000000 7.170112 99.619470 0.000000 8.715574 0.015360 
125 -0.863375 0.000000 7.170112 99.619470 0.000000 8.715574 0.015360 
126 8.633748 0.000000 7.170112 99.619470 0.000000 8.715574 0.015360 
127 3.885187 0.000000 11.590882 99.619470 0.000000 8.715574 0.015360 
128 1.510906 0.000000 0.538958 99.619470 0.000000 8.715574 0.015360 
129 -0.863375 0.000000 0.538958 99.619470 0.000000 8.715574 0.015360 
130 1.510906 0.000000 -1.671426 99.619470 0.000000 8.715574 0.015360 
131 3.885187 0.000000 0.538958 86.036631 0.559997 27.795769 0.427332 
132 1.510906 0.000000 2.749343 99.619470 0.000000 8.715574 0.015360 
133 -19.857621 0.000000 11.590882 99.619470 0.000000 8.715574 0.015360 
134 -29.354744 0.000000 11.590882 99.619470 0.000000 8.715574 0.015360 
135 -19.857621 0.000000 20.432420 99.619470 0.000000 8.715574 0.015360 
136 -5.611936 0.000000 7.170112 99.619470 0.000000 8.715574 0.015360 
137 -10.360498 0.000000 7.170112 99.619470 0.000000 8.715574 0.015360 
138 -5.611936 0.000000 11.590882 99.619470 0.000000 8.715574 0.015360 
139 -3.237656 0.000000 0.538958 99.619470 0.000000 8.715574 0.015360 
140 -5.611936 0.000000 0.538958 99.619470 0.000000 8.715574 0.015360 
141 -3.237656 0.000000 -1.671426 99.619470 0.000000 8.715574 0.015360 
142 -3.237656 0.000000 2.749343 99.619470 0.000000 8.715574 0.015360 
143 -48.348991 0.000000 -209.447580 99.619470 0.000000 8.715574 0.015360 
144 -124.325976 0.000000 -209.447580 99.619470 0.000000 8.715574 0.015360 
145 -48.348991 0.000000 -280.179887 99.619470 0.000000 8.715574 0.015360 
146 27.627995 0.000000 -209.447580 99.619470 0.000000 8.715574 0.015360 
147 -10.360498 0.000000 -103.349118 99.619470 0.000000 8.715574 0.015360 
148 -48.348991 0.000000 -103.349118 99.619470 0.000000 8.715574 0.015360 
149 -10.360498 0.000000 -138.715272 99.619470 0.000000 8.715574 0.015360 
150 27.627995 0.000000 -103.349118 99.619470 0.000000 8.715574 0.015360 
151 8.633748 0.000000 -50.299888 99.619470 0.000000 8.715574 0.015360 
152 -10.360498 0.000000 -50.299888 99.619470 0.000000 8.715574 0.015360 
153 8.633748 0.000000 -67.982965 99.619470 0.000000 8.715574 0.015360 
154 27.627995 0.000000 -50.299888 99.619470 0.000000 8.715574 0.015360 
155 -0.863375 0.000000 -23.775272 99.619470 0.000000 8.715574 0.015360 
156 -10.360498 0.000000 -23.775272 99.619470 0.000000 8.715574 0.015360 
157 -0.863375 0.000000 -32.616811 99.619470 0.000000 8.715574 0.015360 
158 8.633748 0.000000 -23.775272 99.619470 0.000000 8.715574 0.015360 
159 3.885187 0.000000 -10.512965 99.619470 0.000000 8.715574 0.015360 
160 -0.863375 0.000000 -10.512965 99.619470 0.000000 8.715574 0.015360 
161 3.885187 0.000000 -14.933734 99.619470 0.000000 8.715574 0.015360 
162 8.633748 0.000000 -10.512965 99.619470 0.000000 8.715574 0.015360 
163 1.510906 0.000000 -3.881811 99.619470 0.000000 8.715574 0.015360 
164 -0.863375 0.000000 -3.881811 99.619470 0.000000 8.715574 0.015360 
165 1.510906 0.000000 -6.092195 99.619470 0.000000 8.715574 0.015360 
166 3.885187 0.000000 -3.881811 99.619470 0.000000 8.715574 0.015360 
167 0.323766 0.000000 -0.566234 63.021411 0.584297 18.954378 0.990464 
168 -0.863375 0.000000 -0.566234 99.619470 0.000000 8.715574 0.015360 
169 0.323766 0.000000 -1.671426 99.619470 0.000000 8.715574 0.015360 
170 1.510906 0.000000 -0.566234 87.888661 -0.093132 11.080574 0.284326 
171 0.323766 0.000000 0.538958 99.619470 0.000000 8.715574 0.015360 
172 -5.611936 0.000000 -10.512965 99.619470 0.000000 8.715574 0.015360 
173 -10.360498 0.000000 -10.512965 99.619470 0.000000 8.715574 0.015360 
174 -5.611936 0.000000 -14.933734 99.619470 0.000000 8.715574 0.015360 
175 -3.237656 0.000000 -3.881811 99.619470 0.000000 8.715574 0.015360 
176 -5.611936 0.000000 -3.881811 99.619470 0.000000 8.715574 0.015360 
177 -3.237656 0.000000 -6.092195 99.619470 0.000000 8.715574 0.015360 
178 0.323766 0.000000 -2.776618 99.619470 0.000000 8.715574 0.015360 
179 -0.863375 0.000000 -2.776618 99.619470 0.000000 8.715574 0.015360 
180 0.323766 0.000000 -3.881811 99.619470 0.000000 8.715574 0.015360 
181 1.510906 0.000000 -2.776618 99.619470 0.000000 8.715574 0.015360 
182 13.382310 0.000000 -1.671426 96.017021 0.252118 5.013165 0.085395 
183 13.382310 0.000000 -6.092195 100.685544 -0.312769 10.501346 -0.002715 
184 18.130872 0.000000 -1.671426 98.701301 0.449975 4.866257 0.028773 
185 13.382310 0.000000 2.749343 99.393845 -0.061995 15.992958 0.038700 
186 6.259468 0.000000 0.538958 95.154770 0.294080 3.145955 0.102336 
187 6.259468 0.000000 -1.671426 86.329019 0.024187 0.366710 0.305144 
188 8.633748 0.000000 0.538958 92.818945 -0.077797 10.246854 0.165695 
189 6.259468 0.000000 2.749343 99.825783 0.000479 9.264673 0.012170 
190 2.698046 0.000000 -0.566234 83.390421 0.235432 -8.204510 0.387816 
191 2.698046 0.000000 -1.671426 83.785190 0.307542 -7.386411 0.375969 
192 3.885187 0.000000 -0.566234 83.635895 -0.052539 8.673237 0.382813 
193 2.698046 0.000000 0.538958 79.525096 0.697123 26.173118 0.591407 
194 0.917336 0.000000 -1.118830 72.327894 0.207865 7.915135 0.676132 
195 0.323766 0.000000 -1.118830 66.062941 0.522128 -0.891831 0.832108 
196 0.917336 0.000000 -1.671426 99.619470 0.000000 8.715574 0.015360 
197 1.510906 0.000000 -1.118830 81.500093 -1.020405 -14.917339 0.460630 
198 0.917336 0.000000 -0.566234 67.331149 0.550721 25.531863 0.932239 
199 1.510906 0.000000 4.959728 99.619470 0.000000 8.715574 0.015360 
200 -0.863375 0.000000 4.959728 99.619470 0.000000 8.715574 0.015360 
201 3.885187 0.000000 4.959728 99.619470 0.000000 8.715574 0.015360 
202 1.510906 0.000000 7.170112 99.619470 0.000000 8.715574 0.015360 
203 0.323766 0.000000 1.644151 99.619470 0.000000 8.715574 0.015360 
204 -0.863375 0.000000 1.644151 99.619470 0.000000 8.715574 0.015360 
205 1.510906 0.000000 1.644151 99.619470 0.000000 8.715574 0.015360 
206 0.323766 0.000000 2.749343 99.619470 0.000000 8.715574 0.015360 
207 0.917336 0.000000 -0.013638 68.434407 0.674855 27.580005 0.923549 
208 0.323766 0.000000 -0.013638 60.788058 0.764262 36.227182 1.278237 
209 1.510906 0.000000 -0.013638 67.457018 1.007293 32.220864 1.012703 
210 0.917336 0.000000 0.538958 99.619470 0.000000 8.715574 0.015360 
211 6.259468 0.000000 -3.881811 100.747605 0.002501 10.080847 -0.004829 
212 6.259468 0.000000 -6.092195 99.619470 0.000000 8.715574 0.015360 
213 8.633748 0.000000 -3.881811 101.872791 -0.028333 12.156400 -0.022648 
214 2.698046 0.000000 -2.776618 99.619470 0.000000 8.715574 0.015360 
215 2.698046 0.000000 -3.881811 99.619470 0.000000 8.715574 0.015360 
216 3.885187 0.000000 -2.776618 99.856170 -0.000699 8.394154 0.009992 
217 5.072327 0.000000 -0.566234 83.017796 0.028002 8.370697 0.397641 
218 5.072327 0.000000 -1.671426 91.115835 1.633156 -1.203098 0.192174 
219 6.259468 0.000000 -0.566234 84.546255 0.068165 0.013892 0.348900 
220 5.072327 0.000000 0.538958 88.308400 0.144779 22.366940 0.327136 
221 3.291617 0.000000 -1.118830 83.842266 0.302347 -7.477032 0.374737 
222 2.698046 0.000000 -1.118830 83.477642 0.272930 -7.826448 0.384705 
223 3.291617 0.000000 -1.671426 83.269370 0.342689 -6.568827 0.387222 
224 3.885187 0.000000 -1.118830 84.595574 0.299275 -3.007769 0.349016 
225 3.291617 0.000000 -0.566234 90.404591 -0.031393 15.978428 0.241473 
226 2.698046 0.000000 1.644151 99.619470 0.000000 8.715574 0.015360 
227 3.885187 0.000000 1.644151 97.369861 0.029276 12.439499 0.070730 
228 2.698046 0.000000 2.749343 99.619470 0.000000 8.715574 0.015360 
229 13.382310 0.000000 7.170112 98.575550 0.007047 10.608022 0.040682 
230 18.130872 0.000000 7.170112 99.972132 0.046123 8.186140 0.007297 
231 13.382310 0.000000 11.590882 99.619470 0.000000 8.715574 0.015360 
232 6.259468 0.000000 4.959728 99.619470 0.000000 8.715574 0.015360 
233 8.633748 0.000000 4.959728 99.619470 0.000000 8.715574 0.015360 
234 6.259468 0.000000 7.170112 99.619470 0.000000 8.715574 0.015360 
235 5.072327 0.000000 1.644151 88.150939 0.146743 22.328864 0.330891 
236 6.259468 0.000000 1.644151 89.728464 -0.038506 19.536341 0.274974 
237 5.072327 0.000000 2.749343 99.619470 0.000000 8.715574 0.015360 
238 3.291617 0.000000 1.091555 86.311689 0.575056 27.822119 0.420186 
239 2.698046 0.000000 1.091555 79.911937 0.992496 28.919088 0.607295 
240 3.291617 0.000000 0.538958 85.360376 0.476647 27.143428 0.439874 
241 3.885187 0.000000 1.091555 88.108920 0.753151 27.992907 0.373917 
242 3.291617 0.000000 1.644151 99.619470 0.000000 8.715574 0.015360 
243 5.072327 0.000000 -2.776618 102.411453 -0.043989 12.042756 -0.033466 
244 5.072327 0.000000 -3.881811 99.619470 0.000000 8.715574 0.015360 
245 6.259468 0.000000 -2.776618 99.822491 -0.108544 9.574506 0.012833 
246 11.008029 0.000000 0.538958 95.545496 0.001986 9.658900 0.103343 
247 11.008029 0.000000 -1.671426 95.680319 0.273141 3.291516 0.091047 
248 13.382310 0.000000 0.538958 97.494271 -0.198969 7.090684 0.056700 
249 11.008029 0.000000 2.749343 97.347767 -0.004935 15.900096 0.082074 
250 7.446608 0.000000 -0.566234 85.920508 0.095506 12.722242 0.338344 
251 7.446608 0.000000 -1.671426 91.194719 0.022873 1.714342 0.190209 
252 8.633748 0.000000 -0.566234 90.874549 -0.094437 8.412890 0.206258 
253 7.446608 0.000000 0.538958 92.561539 0.015572 8.448006 0.167428 
254 5.665897 0.000000 -1.118830 90.460899 0.026968 -0.089018 0.206801 
255 5.072327 0.000000 -1.118830 91.144895 -0.549441 -1.543896 0.191324 
256 5.665897 0.000000 -1.671426 90.495859 0.028158 -0.096457 0.205989 
257 6.259468 0.000000 -1.118830 86.442528 0.021100 0.389170 0.302385 
258 5.665897 0.000000 -0.566234 84.027776 0.321516 25.746787 0.464001 
259 4.478757 0.000000 1.091555 85.605764 0.263268 24.345843 0.410870 
260 4.478757 0.000000 0.538958 84.896713 0.259338 25.131237 0.435720 
261 5.072327 0.000000 1.091555 88.016663 0.153643 22.296428 0.334098 
262 4.478757 0.000000 1.644151 84.984007 0.313403 25.574242 0.436924 
263 7.446608 0.000000 1.644151 94.092717 -0.201172 18.803180 0.166988 
264 8.633748 0.000000 1.644151 100.715502 -0.084599 13.504847 0.003888 
265 7.446608 0.000000 2.749343 102.414308 -0.450818 5.910750 -0.043888 
266 5.665897 0.000000 1.091555 87.619827 0.128247 21.366564 0.338313 
267 5.665897 0.000000 0.538958 98.707444 0.125545 -7.696625 0.032338 
268 6.259468 0.000000 1.091555 89.746675 0.002063 19.466781 0.274153 
269 5.665897 0.000000 1.644151 104.467218 -0.087093 2.120031 -0.085077 
270 18.130872 0.000000 -23.775272 99.619470 0.000000 8.715574 0.015360 
271 18.130872 0.000000 -32.616811 99.619470 0.000000 8.715574 0.015360 
272 27.627995 0.000000 -23.775272 99.619470 0.000000 8.715574 0.015360 
273 13.382310 0.000000 -10.512965 99.619470 0.000000 8.715574 0.015360 
274 13.382310 0.000000 -14.933734 99.619470 0.000000 8.715574 0.015360 
275 18.130872 0.000000 -10.512965 100.096539 -0.004500 9.398246 0.006935 
276 11.008029 0.000000 -3.881811 100.510704 -0.097456 10.094091 -0.000050 
277 11.008029 0.000000 -6.092195 100.236959 -0.028546 9.554066 0.004397 
278 13.382310 0.000000 -3.881811 99.711394 -0.004124 9.214272 0.014401 
279 7.446608 0.000000 -2.776618 100.355438 0.006238 9.996989 0.002879 
280 7.446608 0.000000 -3.881811 100.982717 -0.047435 10.763681 -0.008117 
281 8.633748 0.000000 -2.776618 98.830284 -0.111320 9.352512 0.032753 
282 6.853038 0.000000 -1.118830 86.688079 0.098218 0.345842 0.296420 
283 6.853038 0.000000 -1.671426 86.631288 0.097421 0.337040 0.297796 
284 7.446608 0.000000 -1.118830 91.129271 0.011144 1.992561 0.191846 
285 6.853038 0.000000 -0.566234 90.416731 0.043383 14.604976 0.235618 
286 9.820889 0.000000 -0.566234 94.622991 0.070530 2.663310 0.113625 
287 9.820889 0.000000 -1.671426 94.672274 0.145753 2.889084 0.112691 
288 11.008029 0.000000 -0.566234 95.136233 0.225681 3.294617 0.102845 
289 9.820889 0.000000 0.538958 92.447699 0.158022 12.193665 0.179627 
290 9.820889 0.000000 -2.776618 98.804490 -0.544480 7.714042 0.030392 
291 9.820889 0.000000 -3.881811 100.702955 -0.250241 10.988128 -0.002025 
292 11.008029 0.000000 -2.776618 98.595511 0.220077 7.880021 0.034956 
293 37.125118 0.000000 -6.092195 97.238137 0.121867 1.974834 0.057075 
294 37.125118 0.000000 -14.933734 99.430034 -0.004514 8.362036 0.018604 
295 46.622241 0.000000 -6.092195 97.350776 0.074322 3.704552 0.055768 
296 37.125118 0.000000 2.749343 102.428826 -0.141632 0.115540 -0.047442 
297 22.879433 0.000000 -1.671426 99.105995 0.004835 -0.201645 0.018034 
298 22.879433 0.000000 -6.092195 99.421357 -0.039697 8.220796 0.018541 
299 27.627995 0.000000 -1.671426 97.320790 0.161157 -2.982394 0.055879 
300 22.879433 0.000000 2.749343 105.683694 -0.032417 -6.657292 -0.103627 
301 15.756591 0.000000 0.538958 98.938488 0.036346 3.780670 0.022917 
302 15.756591 0.000000 -1.671426 99.318264 0.107565 3.714913 0.015132 
303 18.130872 0.000000 0.538958 101.345808 0.068691 0.194479 -0.026567 
304 15.756591 0.000000 2.749343 100.214896 -0.067802 15.493756 0.019986 
305 12.195170 0.000000 -0.566234 96.297707 0.325121 4.039235 0.078394 
306 12.195170 0.000000 -1.671426 96.332772 0.322156 4.030918 0.077636 
307 13.382310 0.000000 -0.566234 95.995289 0.252761 5.015455 0.085866 
308 12.195170 0.000000 0.538958 98.638441 -0.150153 6.902408 0.032550 
309 10.414459 0.000000 -1.118830 95.021884 0.194684 3.521254 0.105513 
310 9.820889 0.000000 -1.118830 94.718105 0.149545 2.888056 0.111686 
311 10.414459 0.000000 -1.671426 95.263672 0.238848 3.212468 0.100012 
312 11.008029 0.000000 -1.118830 95.754111 0.279468 3.298772 0.089460 
313 10.414459 0.000000 -0.566234 94.822408 0.167326 3.732281 0.110048 
314 15.756591 0.000000 -3.881811 99.732681 0.076017 9.224592 0.013988 
315 15.756591 0.000000 -6.092195 99.841534 0.107500 9.198854 0.011728 
316 18.130872 0.000000 -3.881811 99.477418 -0.037068 8.042514 0.017100 
317 12.195170 0.000000 -2.776618 98.095330 0.123816 6.984867 0.043939 
318 12.195170 0.000000 -3.881811 99.662652 0.159855 9.143752 0.015264 
319 13.382310 0.000000 -2.776618 98.304978 0.089571 7.223979 0.039934 
320 10.414459 0.000000 -2.224022 95.532584 0.270635 3.039835 0.094060 
321 9.820889 0.000000 -2.224022 94.622991 0.070530 2.663310 0.113625 
322 10.414459 0.000000 -2.776618 99.732623 0.225673 9.762055 0.015036 
323 11.008029 0.000000 -2.224022 95.532584 0.270635 3.039835 0.094060 
324 11.601599 0.000000 -1.118830 96.153346 0.316082 3.902130 0.081364 
325 11.601599 0.000000 -1.671426 96.363559 0.344557 3.713116 0.076707 
326 12.195170 0.000000 -1.118830 96.340492 0.316694 4.090294 0.077524 
327 11.601599 0.000000 -0.566234 95.862187 0.299612 4.091032 0.087790 
328 10.711244 0.000000 -1.395128 95.217930 0.233658 3.241872 0.101028 
329 10.414459 0.000000 -1.395128 95.232605 -0.098461 3.280065 0.100732 
330 10.711244 0.000000 -1.671426 95.210946 0.232957 3.246378 0.101183 
331 11.008029 0.000000 -1.395128 95.743228 0.278718 3.295082 0.089692 
332 10.711244 0.000000 -1.118830 94.918668 0.179667 3.626915 0.107854 
333 11.008029 0.000000 4.959728 100.317561 0.029663 8.377961 0.000658 
334 13.382310 0.000000 4.959728 100.564176 0.153198 7.881551 -0.005082 
335 11.008029 0.000000 7.170112 99.619470 0.000000 8.715574 0.015360 
336 9.820889 0.000000 1.644151 95.304266 0.008324 16.469276 0.129389 
337 11.008029 0.000000 1.644151 96.969068 -0.028808 14.660506 0.086068 
338 9.820889 0.000000 2.749343 100.359028 -0.013575 8.865371 0.000666 
339 9.820889 0.000000 3.854535 100.581181 -0.123719 7.852863 -0.005467 
340 8.633748 0.000000 3.854535 97.959887 0.092989 12.336775 0.057877 
341 11.008029 0.000000 3.854535 102.259228 0.013251 5.819179 -0.041031 
342 9.820889 0.000000 4.959728 98.503472 0.008144 10.897685 0.042847 
343 9.227319 0.000000 2.196747 96.171858 -0.016882 14.714329 0.103702 
344 8.633748 0.000000 2.196747 103.231808 -0.283262 3.073391 -0.061757 
345 9.227319 0.000000 1.644151 96.278208 -0.023721 14.499073 0.100642 
346 9.820889 0.000000 2.196747 95.860210 -0.011437 16.280287 0.116212 
347 9.227319 0.000000 2.749343 96.210747 -0.019638 14.635607 0.102581 
348 12.195170 0.000000 1.644151 98.431784 0.034310 14.679652 0.054702 
349 13.382310 0.000000 1.644151 98.787528 0.061069 4.948811 0.027065 
350 12.195170 0.000000 2.749343 98.679415 0.006630 15.614428 0.052497 
351 10.414459 0.000000 2.196747 96.923384 -0.028445 14.908784 0.087887 
352 10.414459 0.000000 1.644151 96.984427 -0.012705 13.246538 0.081323 
353 11.008029 0.000000 2.196747 97.299239 -0.007792 15.404784 0.081398 
354 10.414459 0.000000 2.749343 96.915089 -0.030149 14.953745 0.088219 
355 7.446608 0.000000 3.854535 99.619470 0.000000 8.715574 0.015360 
356 6.259468 0.000000 3.854535 99.619470 0.000000 8.715574 0.015360 
357 7.446608 0.000000 4.959728 99.619470 0.000000 8.715574 0.015360 
358 9.227319 0.000000 3.301939 101.989967 -0.495428 5.310599 -0.036353 
359 8.633748 0.000000 3.301939 101.977539 0.050105 5.832389 -0.035585 
360 9.820889 0.000000 3.301939 100.372060 0.304163 8.334205 -0.000500 
361 9.227319 0.000000 3.854535 101.068054 0.039331 7.506005 -0.015661 
362 9.524104 0.000000 2.473045 96.114349 -0.014882 15.512078 0.107741 
363 9.227319 0.000000 2.473045 96.180867 -0.017648 14.696087 0.103442 
364 9.524104 0.000000 2.196747 96.107310 -0.013319 15.576288 0.108127 
365 9.820889 0.000000 2.473045 95.848921 -0.010202 16.284132 0.116478 
366 9.524104 0.000000 2.749343 95.304266 0.008324 16.469276 0.129389 
367 37.125118 0.000000 11.590882 100.336696 0.030148 6.988716 -0.001858 
368 46.622241 0.000000 11.590882 100.070139 -0.017618 6.691294 0.003081 
369 37.125118 0.000000 20.432420 99.655772 -0.052777 8.727604 0.014642 
370 22.879433 0.000000 7.170112 99.735204 -0.107826 7.542291 0.011066 
371 27.627995 0.000000 7.170112 99.852780 -0.232037 7.092846 0.008025 
372 22.879433 0.000000 11.590882 99.910319 -0.049610 8.473445 0.009031 
373 15.756591 0.000000 4.959728 100.555540 0.066067 6.417659 -0.006987 
374 18.130872 0.000000 4.959728 100.807793 -0.056081 4.991595 -0.013594 
375 15.756591 0.000000 7.170112 100.513525 -0.080811 7.681198 -0.004382 
376 12.195170 0.000000 3.854535 101.158839 0.020911 6.499349 -0.018825 
377 13.382310 0.000000 3.854535 99.348152 -0.107914 16.487848 0.041361 
378 12.195170 0.000000 4.959728 101.245322 -0.131101 6.714631 -0.020248 
379 14.569450 0.000000 -0.566234 97.180134 0.116593 4.697215 0.060265 
380 14.569450 0.000000 -1.671426 96.975520 0.083159 4.488831 0.064380 
381 15.756591 0.000000 -0.566234 99.299796 0.113225 3.661169 0.015467 
382 14.569450 0.000000 0.538958 98.452854 -0.041862 3.000719 0.032332 
383 14.569450 0.000000 -2.776618 99.199513 -0.303246 8.608170 0.023762 
384 14.569450 0.000000 -3.881811 99.833289 0.035572 9.517176 0.012501 
385 15.756591 0.000000 -2.776618 99.029389 -0.050322 7.294145 0.025080 
386 20.505152 0.000000 0.538958 101.816133 0.159910 0.209211 -0.035686 
387 20.505152 0.000000 -1.671426 99.475149 -0.078238 2.912430 0.011411 
388 22.879433 0.000000 0.538958 103.442111 -0.151178 0.278160 -0.066546 
389 20.505152 0.000000 2.749343 103.642733 -0.128961 0.519885 -0.070265 
390 16.943731 0.000000 -0.566234 98.980106 0.019881 2.593213 0.021286 
391 16.943731 0.000000 -1.671426 98.980106 0.019881 2.593213 0.021286 
392 18.130872 0.000000 -0.566234 99.217026 -0.080065 3.078125 0.016745 
393 16.943731 0.000000 0.538958 99.830109 -0.006608 3.998499 0.005012 
394 15.163021 0.000000 -1.118830 98.882633 0.058415 4.300330 0.024494 
395 14.569450 0.000000 -1.118830 97.147925 0.110114 4.664385 0.060911 
396 15.163021 0.000000 -1.671426 99.464623 0.065443 4.140727 0.012505 
397 15.756591 0.000000 -1.118830 99.299100 0.112775 3.659173 0.015479 
398 15.163021 0.000000 -0.566234 98.708136 0.048301 4.410596 0.028171 
399 14.569450 0.000000 3.854535 99.807271 -0.063413 16.078776 0.030347 
400 14.569450 0.000000 2.749343 99.686962 -0.038224 15.695453 0.031581 
401 15.756591 0.000000 3.854535 100.197108 -0.067536 15.529139 0.020465 
402 14.569450 0.000000 4.959728 99.942025 0.061878 8.121116 0.007798 
403 20.505152 0.000000 4.959728 99.325340 0.100415 6.654515 0.018109 
404 22.879433 0.000000 4.959728 99.727717 0.282882 5.898052 0.008983 
405 20.505152 0.000000 7.170112 100.064672 0.223797 7.460002 0.004290 
406 16.943731 0.000000 3.854535 100.866027 -0.125246 12.945466 -0.000635 
407 16.943731 0.000000 2.749343 100.866027 -0.125246 12.945466 -0.000635 
408 18.130872 0.000000 3.854535 101.780616 -0.187789 7.412449 -0.029768 
409 16.943731 0.000000 4.959728 100.138466 0.332286 6.604483 0.001604 
410 22.879433 0.000000 -10.512965 99.716817 0.060463 8.883855 0.013681 
411 22.879433 0.000000 -14.933734 99.619470 0.000000 8.715574 0.015360 
412 27.627995 0.000000 -10.512965 99.617934 0.006715 8.714311 0.015389 
413 20.505152 0.000000 -3.881811 99.127864 -0.113161 7.390357 0.023209 
414 20.505152 0.000000 -6.092195 99.459822 -0.002428 8.440791 0.018132 
415 22.879433 0.000000 -3.881811 98.898787 -0.074234 6.663130 0.026848 
416 19.318012 0.000000 -0.566234 99.252606 -0.071511 2.785724 0.015847 
417 19.318012 0.000000 -1.671426 99.230353 -0.069452 2.771656 0.016291 
418 20.505152 0.000000 -0.566234 99.821538 -0.036104 2.815915 0.004373 
419 19.318012 0.000000 0.538958 101.319643 0.375341 5.889394 -0.022702 
420 19.318012 0.000000 3.854535 102.492443 -0.171874 2.591153 -0.048030 
421 19.318012 0.000000 2.749343 102.564615 -0.163732 2.099727 -0.049618 
422 20.505152 0.000000 3.854535 103.029034 -0.149307 -0.778189 -0.058757 
423 19.318012 0.000000 4.959728 99.794541 -0.398946 5.955451 0.007710 
424 32.376556 0.000000 -1.671426 103.247347 0.059761 -2.078589 -0.062521 
425 32.376556 0.000000 -6.092195 98.672029 -0.003871 5.761290 0.030345 
426 37.125118 0.000000 -1.671426 102.152924 0.048762 2.449751 -0.041607 
427 32.376556 0.000000 2.749343 101.587316 -0.228446 -7.614590 -0.025703 
428 25.253714 0.000000 0.538958 104.858818 -0.037905 0.279937 -0.092576 
429 25.253714 0.000000 -1.671426 99.087170 0.021117 -1.298974 0.018586 
430 27.627995 0.000000 0.538958 104.232519 -0.026638 0.478267 -0.081157 
431 25.253714 0.000000 2.749343 106.283507 0.388397 -5.698787 -0.115238 
432 21.692293 0.000000 -0.566234 99.463101 -0.058109 2.820381 0.011601 
433 21.692293 0.000000 -1.671426 99.345309 -0.050009 2.721335 0.013930 
434 22.879433 0.000000 -0.566234 98.805067 0.012499 0.339263 0.024178 
435 21.692293 0.000000 0.538958 100.902765 0.128748 2.345487 -0.017363 
436 25.253714 0.000000 -3.881811 98.837799 -0.187174 6.408908 0.027759 
437 25.253714 0.000000 -6.092195 99.154001 0.096353 7.634521 0.023052 
438 27.627995 0.000000 -3.881811 94.846539 -0.027948 0.844602 0.107993 
439 21.692293 0.000000 -2.776618 99.083287 0.237813 6.351561 0.022651 
440 20.505152 0.000000 -2.776618 98.747644 -0.305023 6.250040 0.029410 
441 21.692293 0.000000 -3.881811 99.050149 0.153477 7.121170 0.024399 
442 22.879433 0.000000 -2.776618 98.866794 -0.283569 5.940385 0.026567 
443 21.098722 0.000000 -1.118830 99.612876 -0.068409 2.946321 0.008650 
444 20.505152 0.000000 -1.118830 99.483493 -0.070378 3.213814 0.011430 
445 21.098722 0.000000 -1.671426 99.622512 -0.069072 2.954423 0.008460 
446 21.692293 0.000000 -1.118830 99.433738 -0.056090 2.795691 0.012181 
447 21.098722 0.000000 -0.566234 99.598467 -0.067418 2.934205 0.008933 
448 19.318012 0.000000 -2.776618 98.826968 0.174522 6.282683 0.027815 
449 18.130872 0.000000 -2.776618 99.600634 -0.124385 7.779322 0.014167 
450 19.318012 0.000000 -3.881811 99.128105 -0.037274 7.437420 0.023275 
451 21.098722 0.000000 -2.224022 98.929159 0.336029 5.639033 0.024930 
452 20.505152 0.000000 -2.224022 99.433375 0.346732 6.552519 0.015783 
453 21.098722 0.000000 -2.776618 98.853528 -0.305310 6.148687 0.027103 
454 21.692293 0.000000 -2.224022 98.633144 0.085453 5.158588 0.030460 
455 24.066573 0.000000 -0.566234 98.180777 -0.008647 -1.394906 0.037207 
456 24.066573 0.000000 -1.671426 96.259281 0.020414 -2.199936 0.077929 
457 25.253714 0.000000 -0.566234 98.220910 0.017137 -1.590544 0.036439 
458 24.066573 0.000000 0.538958 104.091488 -0.168221 0.370901 -0.078572 
459 22.285863 0.000000 -1.118830 99.031793 -0.013316 2.305413 0.020087 
460 22.285863 0.000000 -1.671426 98.888418 -0.007013 2.010885 0.022881 
461 22.879433 0.000000 -1.118830 98.479689 0.024498 0.265928 0.030846 
462 22.285863 0.000000 -0.566234 98.866048 -0.005522 1.969991 0.023321 
463 21.395508 0.000000 -1.395128 99.606854 -0.067995 2.941257 0.008768 
464 21.098722 0.000000 -1.395128 99.621596 -0.069009 2.953653 0.008478 
465 21.395508 0.000000 -1.671426 99.611781 -0.068334 2.945400 0.008671 
466 21.692293 0.000000 -1.395128 99.422056 -0.055286 2.785868 0.012412 
467 21.395508 0.000000 -1.118830 99.599439 -0.067485 2.935022 0.008914 
468 19.911582 0.000000 -1.118830 99.828712 -0.046871 2.735771 0.004184 
469 19.318012 0.000000 -1.118830 99.234207 -0.069808 2.774093 0.016214 
470 19.911582 0.000000 -1.671426 99.330168 -0.078690 2.834757 0.014301 
471 19.911582 0.000000 -0.566234 99.982439 -0.035431 2.661831 0.001061 
472 20.801937 0.000000 -1.395128 99.668758 -0.077635 3.016155 0.007565 
473 20.505152 0.000000 -1.395128 99.480584 -0.078221 2.915342 0.011303 
474 20.801937 0.000000 -1.671426 99.743634 -0.077402 3.056269 0.006082 
475 20.801937 0.000000 -1.118830 99.681546 -0.077595 3.023006 0.007312 
476 21.692293 0.000000 1.644151 100.810547 -0.025398 1.187812 -0.015948 
477 20.505152 0.000000 1.644151 101.816133 0.159910 0.209211 -0.035686 
478 22.879433 0.000000 1.644151 103.442111 -0.151178 0.278160 -0.066546 
479 21.692293 0.000000 2.749343 103.674665 -0.056435 -3.267682 -0.069926 
480 21.098722 0.000000 -0.013638 100.833197 -0.004689 1.635809 -0.016271 
481 20.505152 0.000000 -0.013638 101.816133 0.159910 0.209211 -0.035686 
482 21.692293 0.000000 -0.013638 99.827957 0.089431 2.102483 0.003892 
483 21.098722 0.000000 0.538958 102.250261 0.060284 0.257721 -0.044028 
484 21.395508 0.000000 -0.842532 99.594092 -0.067118 2.930526 0.009019 
485 21.098722 0.000000 -0.842532 99.601469 -0.067625 2.936729 0.008874 
486 21.692293 0.000000 -0.842532 99.439811 -0.056508 2.800798 0.012061 
487 21.395508 0.000000 -0.566234 99.594012 -0.067112 2.930459 0.009021 
488 21.247115 0.000000 -1.256979 99.608364 -0.068099 2.942527 0.008738 
489 21.098722 0.000000 -1.256979 99.618431 -0.068791 2.950991 0.008540 
490 21.247115 0.000000 -1.395128 99.612272 -0.068368 2.945812 0.008661 
491 21.395508 0.000000 -1.256979 99.603276 -0.067749 2.938248 0.008838 
492 21.247115 0.000000 -1.118830 99.603525 -0.067766 2.938458 0.008833 
493 20.801937 0.000000 -0.842532 99.842169 -0.045621 2.906096 0.004010 
494 20.505152 0.000000 -0.842532 99.786081 -0.040264 2.840941 0.005100 
495 20.801937 0.000000 -0.566234 99.878204 -0.038360 2.864182 0.003263 
496 20.950330 0.000000 -1.256979 99.743634 -0.077402 3.056269 0.006082 
497 20.801937 0.000000 -1.256979 99.681620 -0.077595 3.023045 0.007310 
498 20.950330 0.000000 -1.395128 99.743634 -0.077402 3.056269 0.006082 
499 20.950330 0.000000 -1.118830 99.743634 -0.077402 3.056269 0.006082 
500 21.247115 0.000000 -0.980681 99.598941 -0.067451 2.934603 0.008924 
501 21.098722 0.000000 -0.980681 99.606427 -0.067966 2.940898 0.008776 
502 21.395508 0.000000 -0.980681 99.596135 -0.067258 2.932244 0.008979 
503 21.247115 0.000000 -0.842532 99.595918 -0.067243 2.932061 0.008983 
504 21.172919 0.000000 -1.187905 99.610100 -0.068218 2.943987 0.008704 
505 21.098722 0.000000 -1.187905 99.615905 -0.068618 2.948868 0.008590 
506 21.172919 0.000000 -1.256979 99.612603 -0.068391 2.946091 0.008655 
507 21.247115 0.000000 -1.187905 99.606003 -0.067937 2.940541 0.008785 
508 21.172919 0.000000 -1.118830 99.607334 -0.068028 2.941661 0.008759 
509 32.376556 0.000000 7.170112 100.295937 0.083782 6.176397 -0.002109 
510 37.125118 0.000000 7.170112 100.701735 -0.148325 4.806100 -0.011672 
511 32.376556 0.000000 11.590882 99.913452 -0.097265 7.832399 0.007911 
512 25.253714 0.000000 4.959728 99.810750 0.338415 5.592762 0.006955 
513 27.627995 0.000000 4.959728 99.764281 -0.116028 5.367999 0.007633 
514 25.253714 0.000000 7.170112 99.944057 -0.187645 7.088001 0.006173 
515 21.692293 0.000000 3.854535 103.844217 0.012927 -3.620129 -0.072857 
516 22.879433 0.000000 3.854535 106.145685 0.011095 -7.135975 -0.111288 
517 21.692293 0.000000 4.959728 99.886407 -0.359528 5.516598 0.005347 
518 24.066573 0.000000 -2.776618 98.792117 0.157391 5.833623 0.027965 
519 24.066573 0.000000 -3.881811 98.823868 0.160365 6.490452 0.028154 
520 25.253714 0.000000 -2.776618 98.104469 0.040219 4.253411 0.040493 
521 22.285863 0.000000 -2.224022 98.861189 -0.366822 5.567173 0.026242 
522 22.285863 0.000000 -2.776618 98.645333 0.252000 5.649788 0.030769 
523 22.879433 0.000000 -2.224022 98.673663 -0.040124 5.234934 0.029708 
524 21.989078 0.000000 -1.395128 99.296764 -0.039395 2.706035 0.014906 
525 21.989078 0.000000 -1.671426 99.296204 -0.039273 2.705859 0.014917 
526 22.285863 0.000000 -1.395128 98.878921 -0.006380 1.993523 0.023068 
527 21.989078 0.000000 -1.118830 99.355938 -0.044957 2.750559 0.013731 
528 24.066573 0.000000 3.854535 99.532470 0.744787 3.174369 0.010470 
529 24.066573 0.000000 2.749343 106.894622 0.289951 -6.280554 -0.125347 
530 25.253714 0.000000 3.854535 100.417802 -0.293918 1.465101 -0.008102 
531 24.066573 0.000000 4.959728 99.574296 -0.449540 5.724825 0.011894 
532 22.285863 0.000000 3.301939 104.479492 -0.075156 -4.908563 -0.083587 
533 21.692293 0.000000 3.301939 103.845199 0.013328 -3.622168 -0.072874 
534 22.285863 0.000000 2.749343 104.586796 -0.063047 -5.132840 -0.085352 
535 22.879433 0.000000 3.301939 105.691480 -0.050115 -6.862054 -0.103532 
536 22.285863 0.000000 3.854535 104.553506 -0.059859 -5.064594 -0.084805 
537 21.098722 0.000000 3.301939 103.593574 -0.089609 -3.099118 -0.068513 
538 20.505152 0.000000 3.301939 103.452809 -0.133088 0.260689 -0.066747 
539 21.098722 0.000000 2.749343 103.599697 -0.087104 -3.111846 -0.068620 
540 21.098722 0.000000 3.854535 103.554763 -0.105487 -3.018441 -0.067834 
541 -48.348991 0.000000 214.946266 99.619470 0.000000 8.715574 0.015360 
542 -124.325976 0.000000 214.946266 99.619470 0.000000 8.715574 0.015360 
543 27.627995 0.000000 214.946266 99.619470 0.000000 8.715574 0.015360 
544 -48.348991 0.000000 285.678573 99.619470 0.000000 8.715574 0.015360 
545 -10.360498 0.000000 108.847804 99.619470 0.000000 8.715574 0.015360 
546 -48.348991 0.000000 108.847804 99.619470 0.000000 8.715574 0.015360 
547 27.627995 0.000000 108.847804 99.619470 0.000000 8.715574 0.015360 
548 -10.360498 0.000000 144.213958 99.619470 0.000000 8.715574 0.015360 
549 8.633748 0.000000 55.798574 99.619470 0.000000 8.715574 0.015360 
550 -10.360498 0.000000 55.798574 99.619470 0.000000 8.715574 0.015360 
551 27.627995 0.000000 55.798574 99.619470 0.000000 8.715574 0.015360 
552 8.633748 0.000000 73.481651 99.619470 0.000000 8.715574 0.015360 
553 18.130872 0.000000 29.273958 99.619470 0.000000 8.715574 0.015360 
554 8.633748 0.000000 29.273958 99.619470 0.000000 8.715574 0.015360 
555 27.627995 0.000000 29.273958 99.619470 0.000000 8.715574 0.015360 
556 18.130872 0.000000 38.115497 99.619470 0.000000 8.715574 0.015360 
557 22.879433 0.000000 16.011651 99.619470 0.000000 8.715574 0.015360 
558 18.130872 0.000000 16.011651 99.619470 0.000000 8.715574 0.015360 
559 27.627995 0.000000 16.011651 98.969076 0.002029 9.796654 0.030770 
560 22.879433 0.000000 20.432420 99.619470 0.000000 8.715574 0.015360 
561 20.505152 0.000000 9.380497 100.591894 0.163890 7.415094 -0.006343 
562 18.130872 0.000000 9.380497 99.423253 0.022319 9.260872 0.020371 
563 22.879433 0.000000 9.380497 100.277626 0.022118 7.482726 0.000039 
564 20.505152 0.000000 11.590882 98.561284 0.004037 10.488638 0.040713 
565 21.692293 0.000000 6.064920 99.457154 -0.055169 7.336304 0.016401 
566 20.505152 0.000000 6.064920 100.134267 -0.052046 6.528134 0.001577 
567 22.879433 0.000000 6.064920 99.873447 -0.146239 6.706278 0.007065 
568 21.692293 0.000000 7.170112 100.422840 -0.035849 6.688807 -0.003989 
569 22.285863 0.000000 4.407132 99.357828 0.414976 5.740148 0.016303 
570 21.692293 0.000000 4.407132 99.351349 0.355751 4.954173 0.015570 
571 22.879433 0.000000 4.407132 99.545741 -0.571062 4.305394 0.011038 
572 22.285863 0.000000 4.959728 100.759430 0.185942 3.738482 -0.013707 
573 21.989078 0.000000 3.578237 103.954809 -0.002744 -3.842355 -0.074757 
574 21.692293 0.000000 3.578237 103.837603 0.010221 -3.606380 -0.072743 
575 21.989078 0.000000 3.301939 103.968317 -0.006762 -3.869234 -0.074988 
576 22.285863 0.000000 3.578237 104.381824 -0.059795 -4.709499 -0.081965 
577 21.989078 0.000000 3.854535 104.046782 0.017487 -4.031350 -0.076324 
578 23.473003 0.000000 -1.118830 98.318015 0.024855 -0.755988 0.034228 
579 23.473003 0.000000 -1.671426 96.805521 0.058501 -1.451009 0.066008 
580 24.066573 0.000000 -1.118830 96.418358 0.037063 -1.969334 0.074428 
581 23.473003 0.000000 -0.566234 98.808706 0.005555 -0.686316 0.024141 
582 24.066573 0.000000 1.644151 103.904143 -0.153971 0.344654 -0.075120 
583 25.253714 0.000000 1.644151 104.858818 -0.037905 0.279937 -0.092576 
584 23.473003 0.000000 3.301939 106.534546 0.133887 -6.688630 -0.118643 
585 23.473003 0.000000 2.749343 106.528829 0.141182 -6.625232 -0.118612 
586 24.066573 0.000000 3.301939 106.886740 0.289136 -6.169743 -0.125322 
587 23.473003 0.000000 3.854535 106.741417 0.213361 -6.341845 -0.122624 
588 30.002275 0.000000 0.538958 106.290769 0.081973 0.539526 -0.118033 
589 30.002275 0.000000 -1.671426 100.511622 0.153040 -2.943690 -0.009326 
590 32.376556 0.000000 0.538958 107.265653 -0.129539 0.146435 -0.134909 
591 30.002275 0.000000 2.749343 105.486039 -0.020261 -9.005079 -0.096950 
592 26.440854 0.000000 -0.566234 99.066450 -0.079024 -1.681822 0.019126 
593 26.440854 0.000000 -1.671426 98.231553 -0.095908 -2.086339 0.036412 
594 27.627995 0.000000 -0.566234 98.207099 0.130489 -2.454998 0.037095 
595 26.440854 0.000000 0.538958 104.157176 -0.023644 0.422291 -0.079779 
596 103.604980 0.000000 -209.447580 99.619470 0.000000 8.715574 0.015360 
597 103.604980 0.000000 -280.179887 99.619470 0.000000 8.715574 0.015360 
598 179.581965 0.000000 -209.447580 99.619470 0.000000 8.715574 0.015360 
599 65.616487 0.000000 -103.349118 99.619470 0.000000 8.715574 0.015360 
600 65.616487 0.000000 -138.715272 99.619470 0.000000 8.715574 0.015360 
601 103.604980 0.000000 -103.349118 99.619470 0.000000 8.715574 0.015360 
602 46.622241 0.000000 -50.299888 99.619470 0.000000 8.715574 0.015360 
603 46.622241 0.000000 -67.982965 99.619470 0.000000 8.715574 0.015360 
604 65.616487 0.000000 -50.299888 99.619470 0.000000 8.715574 0.015360 
605 37.125118 0.000000 -23.775272 99.619470 0.000000 8.715574 0.015360 
606 37.125118 0.000000 -32.616811 99.619470 0.000000 8.715574 0.015360 
607 46.622241 0.000000 -23.775272 99.499994 0.013673 8.519852 0.017450 
608 32.376556 0.000000 -10.512965 99.309445 0.056072 8.076289 0.020585 
609 32.376556 0.000000 -14.933734 99.525308 0.012500 8.559348 0.017002 
610 37.125118 0.000000 -10.512965 100.480131 0.017450 9.517873 -0.000566 
611 30.002275 0.000000 -3.881811 100.056141 0.043208 6.972106 0.003748 
612 30.002275 0.000000 -6.092195 96.039445 0.045114 1.992059 0.082539 
613 32.376556 0.000000 -3.881811 98.726302 -0.019406 0.895588 0.025861 
614 26.440854 0.000000 -2.776618 98.213467 -0.057860 4.952722 0.038912 
615 26.440854 0.000000 -3.881811 98.400996 0.095056 5.589701 0.035736 
616 27.627995 0.000000 -2.776618 101.898575 -0.017658 5.441947 -0.034476 
617 25.847284 0.000000 -1.118830 98.461593 -0.052392 -1.697956 0.031512 
618 25.253714 0.000000 -1.118830 97.462238 0.029307 -1.779329 0.052292 
619 25.847284 0.000000 -1.671426 98.799799 -0.051626 -1.593389 0.024537 
620 26.440854 0.000000 -1.118830 98.559641 -0.086142 -1.887682 0.029568 
621 25.847284 0.000000 -0.566234 98.858013 -0.051494 -1.575391 0.023341 
622 30.002275 0.000000 4.959728 100.656446 0.196265 3.958603 -0.011504 
623 32.376556 0.000000 4.959728 101.379164 0.258302 2.421994 -0.026651 
624 30.002275 0.000000 7.170112 100.211185 -0.000005 6.352449 -0.000193 
625 26.440854 0.000000 3.854535 99.197451 0.415796 3.495484 0.017441 
626 26.440854 0.000000 2.749343 106.859371 0.296399 -7.360163 -0.123537 
627 27.627995 0.000000 3.854535 100.119197 -0.290344 2.556970 -0.001721 
628 26.440854 0.000000 4.959728 100.514303 0.009633 4.240280 -0.008462 
629 26.440854 0.000000 1.644151 104.156141 -0.023622 0.422501 -0.079759 
630 27.627995 0.000000 1.644151 105.730501 0.011802 -1.706978 -0.107947 
631 25.847284 0.000000 3.301939 106.715020 0.356650 -6.835803 -0.121626 
632 25.253714 0.000000 3.301939 106.446536 0.439830 -6.405310 -0.117392 
633 25.847284 0.000000 2.749343 106.416129 0.293117 -5.690004 -0.117580 
634 26.440854 0.000000 3.301939 106.896277 0.290350 -7.357539 -0.124182 
635 25.847284 0.000000 3.854535 99.018856 -0.112179 3.952886 0.021414 
636 28.815135 0.000000 -0.566234 103.174986 -0.025090 -1.870500 -0.061239 
637 28.815135 0.000000 -1.671426 102.813891 -0.038155 -2.246357 -0.054291 
638 30.002275 0.000000 -0.566234 103.372396 0.108530 -1.353774 -0.065087 
639 28.815135 0.000000 0.538958 105.613852 0.063155 0.668066 -0.106083 
640 28.815135 0.000000 1.644151 105.613852 0.063155 0.668066 -0.106083 
641 30.002275 0.000000 1.644151 105.515143 0.009993 -5.943975 -0.101373 
642 28.815135 0.000000 2.749343 105.728179 0.054130 -6.217596 -0.104899 
643 28.815135 0.000000 -2.776618 95.931020 -0.029468 5.328758 0.087607 
644 28.815135 0.000000 -3.881811 95.939174 -0.012355 2.188696 0.084784 
645 30.002275 0.000000 -2.776618 94.111543 0.140978 -1.312317 0.124260 
646 255.558951 0.000000 -67.982965 99.649498 0.002696 8.605611 0.014554 
647 255.558951 0.000000 -138.715272 99.284446 0.007248 8.153282 0.021225 
648 331.535936 0.000000 -67.982965 99.636647 0.002355 8.608980 0.014821 
649 255.558951 0.000000 2.749343 99.810091 0.009966 6.574463 0.008165 
650 141.593473 0.000000 -32.616811 99.749702 0.005432 8.284522 0.011965 
651 141.593473 0.000000 -67.982965 99.062631 -0.011469 7.744414 0.025100 
652 179.581965 0.000000 -32.616811 99.690607 0.004718 8.287193 0.013169 
653 141.593473 0.000000 2.749343 99.928394 0.017601 5.356093 0.004314 
654 84.610734 0.000000 -14.933734 100.337171 0.010366 7.545280 -0.001061 
655 84.610734 0.000000 -32.616811 98.554955 -0.039022 6.803023 0.034130 
656 103.604980 0.000000 -14.933734 99.915809 0.009229 7.311808 0.007065 
657 84.610734 0.000000 2.749343 99.985504 0.015296 5.803657 0.003668 
658 56.119364 0.000000 -6.092195 99.645851 0.019470 3.783779 0.008555 
659 56.119364 0.000000 -14.933734 97.588598 0.055740 4.810166 0.051790 
660 65.616487 0.000000 -6.092195 99.879668 0.012680 6.910109 0.007217 
661 56.119364 0.000000 2.749343 100.262466 -0.008650 4.144000 -0.003530 
662 41.873679 0.000000 -1.671426 102.149104 0.032733 4.499114 -0.040195 
663 41.873679 0.000000 -6.092195 96.072224 0.100227 0.897608 0.081485 
664 46.622241 0.000000 -1.671426 101.740851 0.001503 20.291587 0.006081 
665 41.873679 0.000000 2.749343 102.217572 -0.046034 0.903328 -0.043332 
666 34.750837 0.000000 0.538958 103.426495 0.000240 0.054822 -0.066264 
667 34.750837 0.000000 -1.671426 104.314737 -0.057307 1.660600 -0.082441 
668 37.125118 0.000000 0.538958 104.756750 0.025240 -1.074311 -0.090635 
669 34.750837 0.000000 2.749343 98.518016 -0.282716 5.617161 0.033358 
670 31.189416 0.000000 -0.566234 101.743065 0.080043 -2.656793 -0.033609 
671 31.189416 0.000000 -1.671426 101.740326 0.080406 -2.645225 -0.033562 
672 32.376556 0.000000 -0.566234 104.605764 -0.008872 -1.447443 -0.087812 
673 31.189416 0.000000 0.538958 107.426778 0.364856 -10.193859 -0.129351 
674 29.408705 0.000000 -1.118830 100.495349 0.165398 -2.601880 -0.009190 
675 28.815135 0.000000 -1.118830 101.352387 -0.008266 -2.880811 -0.025901 
676 29.408705 0.000000 -1.671426 101.039577 0.115184 -2.496610 -0.019980 
677 30.002275 0.000000 -1.118830 101.754591 0.133191 -2.202903 -0.034041 
678 29.408705 0.000000 -0.566234 102.602850 0.103041 -1.669040 -0.050497 
679 31.189416 0.000000 1.644151 104.381240 -0.165306 -8.738203 -0.077173 
680 32.376556 0.000000 1.644151 106.918520 -0.106529 -8.018907 -0.123748 
681 31.189416 0.000000 2.749343 104.458752 -0.228989 -8.560949 -0.078874 
682 28.815135 0.000000 3.854535 100.114206 0.481203 2.802668 -0.001475 
683 30.002275 0.000000 3.854535 100.785654 -0.385093 2.645350 -0.014897 
684 28.815135 0.000000 4.959728 101.573547 0.120956 2.762610 -0.030268 
685 29.408705 0.000000 2.196747 106.298145 -0.004962 -6.692130 -0.114489 
686 28.815135 0.000000 2.196747 106.144467 0.068584 -5.416607 -0.113061 
687 29.408705 0.000000 1.644151 106.082598 0.018619 -5.890768 -0.111523 
688 30.002275 0.000000 2.196747 105.404567 -0.019442 -9.015951 -0.095462 
689 29.408705 0.000000 2.749343 106.034514 -0.007674 -8.743398 -0.107179 
690 34.750837 0.000000 -3.881811 94.066188 -0.116984 -5.284941 0.128347 
691 34.750837 0.000000 -6.092195 99.535689 0.003411 6.300972 0.013362 
692 37.125118 0.000000 -3.881811 98.469658 0.136405 0.677020 0.031095 
693 31.189416 0.000000 -2.776618 100.490474 -0.192416 1.605424 -0.009506 
694 31.189416 0.000000 -3.881811 97.546964 -0.001260 2.133748 0.050667 
695 32.376556 0.000000 -2.776618 95.028122 0.244118 -3.190356 0.105125 
696 33.563697 0.000000 -0.566234 102.575727 -0.204292 -0.350154 -0.050225 
697 33.563697 0.000000 -1.671426 102.575727 -0.204292 -0.350154 -0.050225 
698 34.750837 0.000000 -0.566234 104.039896 -0.131797 1.378322 -0.077467 
699 33.563697 0.000000 0.538958 105.824382 0.012157 -8.705454 -0.103483 
700 31.782986 0.000000 -1.118830 103.136545 0.020412 -2.253366 -0.060373 
701 31.189416 0.000000 -1.118830 101.725221 0.082408 -2.581424 -0.033301 
702 31.782986 0.000000 -1.671426 103.337827 0.005321 -2.157354 -0.064186 
703 32.376556 0.000000 -1.118830 103.622230 0.050951 -1.864991 -0.069597 
704 31.782986 0.000000 -0.566234 104.160242 -0.020606 -1.683056 -0.079601 
705 255.558951 0.000000 73.481651 99.632682 -0.004169 8.428148 0.014587 
706 331.535936 0.000000 73.481651 99.649460 -0.004545 8.330879 0.014080 
707 255.558951 0.000000 144.213958 99.705271 0.000064 8.568955 0.013356 
708 141.593473 0.000000 38.115497 99.634176 -0.008081 7.937038 0.013737 
709 179.581965 0.000000 38.115497 99.692639 -0.008522 7.698678 0.012170 
710 141.593473 0.000000 73.481651 99.863729 -0.001062 8.287276 0.009658 
711 84.610734 0.000000 20.432420 100.028006 -0.004793 6.973676 0.004316 
712 103.604980 0.000000 20.432420 99.707886 -0.014495 6.941648 0.010735 
713 84.610734 0.000000 38.115497 100.024225 0.006815 7.950371 0.005861 
714 56.119364 0.000000 11.590882 100.888580 0.008895 5.699571 -0.014449 
715 65.616487 0.000000 11.590882 100.381987 -0.012550 6.590858 -0.003302 
716 56.119364 0.000000 20.432420 100.111459 0.002803 7.596689 0.003550 
717 41.873679 0.000000 7.170112 101.832922 -0.070498 3.532221 -0.034833 
718 46.622241 0.000000 7.170112 101.485629 0.007949 4.135530 -0.027652 
719 41.873679 0.000000 11.590882 100.684223 -0.054818 6.148522 -0.009879 
720 34.750837 0.000000 4.959728 100.951477 0.120501 4.035659 -0.017270 
721 37.125118 0.000000 4.959728 99.999775 0.081958 4.066382 0.001661 
722 34.750837 0.000000 7.170112 100.840839 -0.095238 4.936137 -0.014300 
723 33.563697 0.000000 1.644151 105.555210 -0.200318 -6.408283 -0.101601 
724 34.750837 0.000000 1.644151 105.862855 -0.072201 -6.357538 -0.107149 
725 33.563697 0.000000 2.749343 98.159950 0.100075 5.011340 0.040085 
726 31.189416 0.000000 3.854535 100.368284 0.078846 2.073325 -0.006914 
727 32.376556 0.000000 3.854535 102.352579 0.269929 -0.093124 -0.045983 
728 31.189416 0.000000 4.959728 100.908594 -0.188195 3.358872 -0.016912 
729 31.782986 0.000000 2.196747 105.790023 -0.060698 -8.008968 -0.103852 
730 31.189416 0.000000 2.196747 104.409079 -0.188178 -8.674542 -0.077785 
731 31.782986 0.000000 1.644151 105.979747 -0.093773 -6.602068 -0.108959 
732 32.376556 0.000000 2.196747 106.771233 -0.097172 -9.128554 -0.119621 
733 31.782986 0.000000 2.749343 101.082955 -0.292069 -0.697021 -0.021381 
734 33.563697 0.000000 -2.776618 95.721961 0.091582 -5.432649 0.092248 
735 33.563697 0.000000 -3.881811 97.679097 0.170856 0.093788 0.047424 
736 34.750837 0.000000 -2.776618 93.650983 -0.110601 -7.965558 0.141829 
737 32.970126 0.000000 -1.118830 103.881543 -0.136407 -1.114516 -0.074603 
738 32.970126 0.000000 -1.671426 103.823433 -0.108411 -1.222374 -0.073507 
739 33.563697 0.000000 -1.118830 101.671952 -0.220452 0.037884 -0.032900 
740 32.970126 0.000000 -0.566234 105.313093 -0.099356 -0.844465 -0.100695 
741 33.563697 0.000000 3.854535 103.259918 -0.150187 -3.769439 -0.061857 
742 34.750837 0.000000 3.854535 101.955475 -0.123458 1.300339 -0.038217 
743 33.563697 0.000000 4.959728 100.711908 -0.253789 3.251556 -0.013099 
744 32.970126 0.000000 2.196747 104.033263 -0.105446 -6.678036 -0.073552 
745 32.970126 0.000000 1.644151 104.538776 -0.119881 -6.220597 -0.083392 
746 33.563697 0.000000 2.196747 105.558439 -0.200451 -6.409427 -0.101658 
747 32.970126 0.000000 2.749343 98.667403 -0.223172 4.564330 0.029157 
748 39.499399 0.000000 0.538958 110.047942 -0.191376 -7.809148 -0.176375 
749 39.499399 0.000000 -1.671426 101.367297 0.006299 0.921521 -0.026908 
750 41.873679 0.000000 0.538958 102.258360 -0.055270 -10.446436 -0.033900 
751 39.499399 0.000000 2.749343 101.359244 0.067182 1.279965 -0.026675 
752 35.937977 0.000000 -0.566234 103.590491 0.024146 2.756539 -0.068637 
753 35.937977 0.000000 -1.671426 103.590765 0.024252 2.756281 -0.068642 
754 37.125118 0.000000 -0.566234 104.207338 0.069061 2.989708 -0.079927 
755 35.937977 0.000000 0.538958 103.803875 0.226606 1.132412 -0.073160 
756 34.157267 0.000000 -1.118830 103.520367 0.038350 0.890035 -0.067943 
757 34.157267 0.000000 -1.671426 103.425903 0.002795 0.982393 -0.066166 
758 34.750837 0.000000 -1.118830 104.074496 -0.147521 2.073976 -0.077892 
759 34.157267 0.000000 -0.566234 103.414084 0.001003 0.710774 -0.065987 
760 41.873679 0.000000 -10.512965 97.672958 -0.011296 4.600135 0.049811 
761 41.873679 0.000000 -14.933734 99.304616 0.037037 8.082921 0.020695 
762 46.622241 0.000000 -10.512965 98.060320 0.018284 4.920531 0.042058 
763 39.499399 0.000000 -3.881811 94.915227 0.082455 -2.247718 0.106993 
764 39.499399 0.000000 -6.092195 97.825778 0.015915 2.450686 0.045004 
765 41.873679 0.000000 -3.881811 97.052657 -0.065299 3.799237 0.062126 
766 35.937977 0.000000 -2.776618 98.236716 -0.191825 0.549568 0.035882 
767 35.937977 0.000000 -3.881811 96.977266 -0.036091 -0.500320 0.062174 
768 37.125118 0.000000 -2.776618 97.867816 0.012112 0.668239 0.043538 
769 34.157267 0.000000 -2.224022 93.600638 0.121500 -8.682647 0.144392 
770 33.563697 0.000000 -2.224022 98.841030 -0.102010 0.127257 0.023434 
771 34.157267 0.000000 -2.776618 96.530767 -0.053343 -0.672908 0.071656 
772 34.750837 0.000000 -2.224022 97.660757 -0.191250 -0.696679 0.047859 
773 33.860482 0.000000 -1.395128 103.009657 0.008750 0.507797 -0.058426 
774 33.563697 0.000000 -1.395128 101.820517 -0.217796 -0.025903 -0.035772 
775 33.860482 0.000000 -1.671426 102.496006 -0.108276 0.179751 -0.048720 
776 34.157267 0.000000 -1.395128 103.536956 0.049046 0.974223 -0.068238 
777 33.860482 0.000000 -1.118830 103.414246 0.091592 0.725745 -0.065987 
778 35.937977 0.000000 1.644151 105.332679 -0.048361 -7.064934 -0.096852 
779 37.125118 0.000000 1.644151 105.614516 -0.090011 -6.835500 -0.102186 
780 35.937977 0.000000 2.749343 103.329308 0.192371 -3.312047 -0.063451 
781 34.157267 0.000000 2.196747 105.594633 -0.121063 -7.440079 -0.101097 
782 34.157267 0.000000 1.644151 105.457725 -0.124471 -7.044917 -0.099126 
783 34.750837 0.000000 2.196747 105.918458 -0.056450 -6.564583 -0.107913 
784 34.157267 0.000000 2.749343 103.111422 0.184347 -6.779073 -0.056159 
785 34.157267 0.000000 1.091555 104.415492 -0.038229 -4.425452 -0.082810 
786 33.563697 0.000000 1.091555 104.746197 -0.167032 -6.121477 -0.087289 
787 34.157267 0.000000 0.538958 103.415550 -0.004757 0.049405 -0.066059 
788 34.750837 0.000000 1.091555 104.791520 -0.057754 -4.983207 -0.089215 
789 33.860482 0.000000 1.920449 105.804122 -0.165123 -7.403792 -0.104889 
790 33.563697 0.000000 1.920449 105.772538 -0.209260 -6.485328 -0.105400 
791 33.860482 0.000000 1.644151 105.661975 -0.170500 -6.969605 -0.102877 
792 34.157267 0.000000 1.920449 105.510497 -0.129207 -7.090142 -0.100019 
793 33.860482 0.000000 2.196747 106.158248 -0.176160 -7.811459 -0.110665 
794 35.344407 0.000000 -1.118830 104.447464 0.047631 2.263702 -0.084662 
795 35.344407 0.000000 -1.671426 104.284766 -0.016116 2.260279 -0.081686 
796 35.937977 0.000000 -1.118830 103.381696 0.030519 2.782408 -0.064727 
797 35.344407 0.000000 -0.566234 104.284766 -0.016116 2.260279 -0.081686 
798 39.499399 0.000000 4.959728 103.543900 0.027774 -0.236379 -0.068447 
799 41.873679 0.000000 4.959728 100.769158 -0.037809 4.126315 -0.013604 
800 39.499399 0.000000 7.170112 100.618670 -0.004930 4.631813 -0.010190 
801 35.937977 0.000000 3.854535 103.541278 -0.009626 -2.789436 -0.067704 
802 37.125118 0.000000 3.854535 101.691381 0.048250 1.729124 -0.032996 
803 35.937977 0.000000 4.959728 100.542778 -0.016348 2.886833 -0.009979 
804 35.344407 0.000000 2.196747 107.162010 -0.122674 -7.140842 -0.129047 
805 35.344407 0.000000 1.644151 107.504813 -0.142881 -7.522275 -0.134495 
806 35.937977 0.000000 2.196747 105.414198 -0.016861 -6.985112 -0.098416 
807 35.344407 0.000000 2.749343 101.143898 -0.146307 2.058647 -0.022217 
808 35.344407 0.000000 -2.224022 94.860015 0.158222 -6.422535 0.112381 
809 35.344407 0.000000 -2.776618 96.694845 0.156237 -2.488183 0.068804 
810 35.937977 0.000000 -2.224022 97.418058 0.135918 -2.427488 0.053513 
811 38.312258 0.000000 -0.566234 102.971529 -0.000652 2.429201 -0.057191 
812 38.312258 0.000000 -1.671426 102.644014 -0.002833 2.281388 -0.051056 
813 39.499399 0.000000 -0.566234 101.372420 0.006521 0.914782 -0.027009 
814 38.312258 0.000000 0.538958 104.140077 -0.012073 1.729680 -0.079216 
815 36.531548 0.000000 -1.118830 103.937384 -0.061113 2.960838 -0.074968 
816 36.531548 0.000000 -1.671426 103.915753 -0.039434 2.949470 -0.074574 
817 37.125118 0.000000 -1.118830 103.949589 0.074539 2.981170 -0.075182 
818 36.531548 0.000000 -0.566234 104.283152 -0.045047 2.992406 -0.081318 
819 35.641192 0.000000 -1.395128 103.978430 0.048468 2.455261 -0.075969 
820 35.344407 0.000000 -1.395128 104.413706 0.017064 2.224591 -0.084060 
821 35.641192 0.000000 -1.671426 103.992890 0.045420 2.446057 -0.076240 
822 35.937977 0.000000 -1.395128 103.411434 0.030346 2.777279 -0.065286 
823 35.641192 0.000000 -1.118830 104.125611 0.072015 2.435183 -0.078690 
824 35.344407 0.000000 1.091555 107.162010 -0.122674 -7.140842 -0.129047 
825 35.344407 0.000000 0.538958 103.106875 -0.145682 -0.103394 -0.060275 
826 35.937977 0.000000 1.091555 105.708498 -0.052040 -7.135111 -0.103513 
827 38.312258 0.000000 1.644151 106.432976 0.006861 -7.319484 -0.116134 
828 39.499399 0.000000 1.644151 109.522171 -0.099872 -7.884403 -0.167786 
829 38.312258 0.000000 2.749343 101.670577 -0.095173 0.450056 -0.032858 
830 36.531548 0.000000 2.196747 102.953703 -0.108756 -3.609078 -0.056200 
831 36.531548 0.000000 1.644151 106.113311 -0.009128 -7.050777 -0.110815 
832 37.125118 0.000000 2.196747 102.001040 -0.002497 -0.651130 -0.039215 
833 36.531548 0.000000 2.749343 99.962576 -0.131275 2.255798 0.001260 
834 35.641192 0.000000 1.920449 106.114143 -0.100529 -7.341860 -0.110480 
835 35.344407 0.000000 1.920449 107.468823 -0.140760 -7.482229 -0.133926 
836 35.641192 0.000000 1.644151 106.793627 -0.119921 -7.385112 -0.122368 
837 35.937977 0.000000 1.920449 105.359673 -0.050957 -7.076836 -0.097324 
838 35.641192 0.000000 2.196747 106.114143 -0.100529 -7.341860 -0.110480 
839 38.312258 0.000000 -2.776618 97.931729 0.071132 3.928733 0.043802 
840 38.312258 0.000000 -3.881811 95.342410 0.184311 -1.534422 0.097393 
841 39.499399 0.000000 -2.776618 98.778817 0.151273 4.527964 0.026832 
842 37.718688 0.000000 -1.118830 103.676070 0.030777 2.734095 -0.070240 
843 37.718688 0.000000 -1.671426 103.588672 0.033623 2.733753 -0.068614 
844 38.312258 0.000000 -1.118830 102.937813 -0.007976 2.436806 -0.056551 
845 37.718688 0.000000 -0.566234 103.585029 0.033014 2.731604 -0.068547 
846 36.531548 0.000000 -0.013638 103.767222 -0.013761 0.117195 -0.072599 
847 35.937977 0.000000 -0.013638 104.417605 -0.110736 -0.910369 -0.084491 
848 37.125118 0.000000 -0.013638 104.730237 0.018674 0.843714 -0.090193 
849 36.531548 0.000000 0.538958 103.767222 -0.013761 0.117195 -0.072599 
850 36.828333 0.000000 -0.842532 104.366724 0.022638 2.995059 -0.082848 
851 36.531548 0.000000 -0.842532 103.940128 -0.039806 2.952319 -0.075023 
852 36.828333 0.000000 -1.118830 104.385334 0.023996 2.995673 -0.083189 
853 37.125118 0.000000 -0.842532 103.957652 0.091332 2.981409 -0.075331 
854 36.828333 0.000000 -0.566234 104.241455 0.017711 2.990922 -0.080554 
855 36.234763 0.000000 -0.842532 103.680311 -0.077003 2.939001 -0.070214 
856 35.937977 0.000000 -0.842532 103.412804 0.030372 2.776976 -0.065312 
857 36.234763 0.000000 -1.118830 103.757410 -0.060546 2.892443 -0.071670 
858 36.234763 0.000000 -0.566234 103.444161 -0.032229 2.894359 -0.065838 
859 36.531548 0.000000 -2.224022 98.542506 -0.237642 1.310864 0.029733 
860 36.531548 0.000000 -2.776618 95.668131 0.215008 -4.616656 0.092490 
861 37.125118 0.000000 -2.224022 98.408923 0.011769 1.465723 0.032520 
862 36.828333 0.000000 -1.395128 104.363453 0.022243 2.994952 -0.082789 
863 36.531548 0.000000 -1.395128 103.939403 -0.039795 2.952234 -0.075010 
864 36.828333 0.000000 -1.671426 104.241860 0.017102 2.990937 -0.080561 
865 37.125118 0.000000 -1.395128 104.051534 0.055874 2.984574 -0.077062 
866 36.679940 0.000000 -0.980681 104.316346 -0.005659 2.979767 -0.081934 
867 36.531548 0.000000 -0.980681 103.949347 -0.039947 2.953396 -0.075193 
868 36.679940 0.000000 -1.118830 104.369713 -0.000761 2.983638 -0.082909 
869 36.828333 0.000000 -0.980681 104.379596 0.023659 2.995483 -0.083084 
870 36.679940 0.000000 -0.842532 104.488836 -0.006419 2.999148 -0.085079 
871 36.531548 0.000000 1.091555 106.431813 -0.016004 -7.095792 -0.116380 
872 37.125118 0.000000 1.091555 105.979869 -0.072063 -6.958257 -0.108557 
873 37.718688 0.000000 1.091555 105.897614 -0.006942 -7.198451 -0.106810 
874 37.718688 0.000000 0.538958 104.540782 -0.133001 0.105285 -0.086809 
875 38.312258 0.000000 1.091555 106.442292 0.006781 -7.317761 -0.116300 
876 37.718688 0.000000 1.644151 105.764710 0.007599 -7.176804 -0.104467 
877 36.828333 0.000000 1.367853 106.254352 -0.048933 -7.046403 -0.113313 
878 36.531548 0.000000 1.367853 106.056673 -0.016320 -7.054990 -0.109807 
879 36.828333 0.000000 1.091555 106.166261 -0.048943 -7.014980 -0.111794 
880 37.125118 0.000000 1.367853 105.670433 -0.087264 -6.854288 -0.103165 
881 36.828333 0.000000 1.644151 106.286134 -0.047677 -7.057211 -0.113861 
882 36.234763 0.000000 1.367853 105.844768 -0.003014 -7.012363 -0.106092 
883 35.937977 0.000000 1.367853 105.411074 -0.048259 -7.077012 -0.098249 
884 36.234763 0.000000 1.091555 104.981862 -0.016047 -5.120736 -0.092549 
885 36.234763 0.000000 1.644151 106.011746 0.002356 -7.022931 -0.109048 
886 38.312258 0.000000 3.854535 100.889541 -0.119891 3.336453 -0.016553 
887 39.499399 0.000000 3.854535 101.982962 0.011336 1.361731 -0.038732 
888 38.312258 0.000000 4.959728 100.859374 -0.132639 3.943194 -0.015527 
889 37.718688 0.000000 2.196747 100.041181 -0.105837 1.475366 -0.000605 
890 38.312258 0.000000 2.196747 99.732111 0.022526 2.309440 0.005909 
891 37.718688 0.000000 2.749343 102.396762 0.041114 -0.514803 -0.046808 
892 36.828333 0.000000 1.920449 106.287375 -0.046188 -7.057024 -0.113883 
893 36.531548 0.000000 1.920449 106.431813 -0.016004 -7.095792 -0.116380 
894 37.125118 0.000000 1.920449 105.706920 -0.085471 -6.866547 -0.103803 
895 36.828333 0.000000 2.196747 102.579828 0.014875 -2.652323 -0.049667 
896 36.679940 0.000000 1.506002 106.505146 -0.033586 -7.129389 -0.117628 
897 36.531548 0.000000 1.506002 106.057857 -0.016319 -7.055119 -0.109828 
898 36.679940 0.000000 1.367853 106.491376 -0.030285 -7.123080 -0.117394 
899 36.828333 0.000000 1.506002 106.271513 -0.048511 -7.052347 -0.113609 
900 36.679940 0.000000 1.644151 106.509223 -0.034564 -7.131256 -0.117698 
901 37.718688 0.000000 -0.013638 104.540782 -0.133001 0.105285 -0.086809 
902 38.312258 0.000000 -0.013638 104.699640 0.083326 1.093471 -0.089595 
903 37.421903 0.000000 -0.842532 103.972212 0.070078 2.915632 -0.075635 
904 37.421903 0.000000 -1.118830 103.906134 0.081114 2.930511 -0.074405 
905 37.718688 0.000000 -0.842532 103.666687 0.031286 2.734656 -0.070065 
906 37.421903 0.000000 -0.566234 103.810822 0.070776 2.864787 -0.072675 
907 37.421903 0.000000 1.367853 105.651288 -0.045624 -6.956758 -0.102703 
908 37.421903 0.000000 1.091555 105.663300 -0.046591 -6.956813 -0.102918 
909 37.718688 0.000000 1.367853 105.795620 0.006880 -7.188246 -0.105005 
910 37.421903 0.000000 1.644151 105.597632 -0.060686 -6.906949 -0.101801 
911 51.370803 0.000000 -1.671426 99.672369 0.062042 11.288200 0.019555 
912 51.370803 0.000000 -6.092195 97.858916 0.002040 -1.157015 0.043818 
913 56.119364 0.000000 -1.671426 87.734363 0.025183 4.556210 0.274010 
914 51.370803 0.000000 2.749343 99.802513 0.169926 7.018205 0.008931 
915 44.247960 0.000000 0.538958 95.931572 -0.068704 -27.571939 0.174056 
916 44.247960 0.000000 -1.671426 97.573657 -0.015943 -11.708524 0.064442 
917 46.622241 0.000000 0.538958 93.899955 -0.064392 4.773210 0.131429 
918 44.247960 0.000000 2.749343 102.043763 -0.018704 0.993335 -0.039983 
919 40.686539 0.000000 -0.566234 100.759115 0.117308 0.317905 -0.015062 
920 40.686539 0.000000 -1.671426 101.204122 0.112327 0.441228 -0.023786 
921 41.873679 0.000000 -0.566234 104.427784 0.071661 1.633702 -0.084517 
922 40.686539 0.000000 0.538958 110.085794 -0.301938 -7.932410 -0.176837 
923 38.905828 0.000000 -1.118830 101.086853 0.026560 1.738796 -0.021219 
924 38.905828 0.000000 -1.671426 101.432687 0.027686 1.813423 -0.027947 
925 39.499399 0.000000 -1.118830 101.503596 -0.010807 0.919988 -0.029560 
926 38.905828 0.000000 -0.566234 101.432687 0.027686 1.813423 -0.027947 
927 40.686539 0.000000 1.644151 110.628643 -0.317192 -7.812964 -0.185618 
928 41.873679 0.000000 1.644151 102.258360 -0.055270 -10.446436 -0.033900 
929 40.686539 0.000000 2.749343 101.044350 0.033549 2.820823 -0.019907 
930 38.905828 0.000000 1.091555 106.700632 0.038627 -7.079591 -0.121107 
931 38.905828 0.000000 0.538958 105.205639 -0.043178 4.974061 -0.096717 
932 39.499399 0.000000 1.091555 109.558874 -0.108491 -7.871213 -0.168398 
933 38.905828 0.000000 1.644151 106.718539 0.038895 -7.083379 -0.121416 
934 44.247960 0.000000 -3.881811 97.171013 -0.044362 4.446870 0.060208 
935 44.247960 0.000000 -6.092195 97.307602 -0.066643 3.815696 0.056766 
936 46.622241 0.000000 -3.881811 101.383698 -0.014402 8.096836 -0.020983 
937 40.686539 0.000000 -2.776618 96.658192 -0.139235 3.681217 0.070391 
938 40.686539 0.000000 -3.881811 96.116597 -0.106695 0.955816 0.080546 
939 41.873679 0.000000 -2.776618 98.127137 0.011051 5.310605 0.041092 
940 40.092969 0.000000 -1.118830 101.168635 0.069634 0.346794 -0.023101 
941 40.092969 0.000000 -1.671426 100.011703 0.066619 1.841915 0.000106 
942 40.686539 0.000000 -1.118830 100.728277 0.113434 0.282057 -0.014456 
943 40.092969 0.000000 -0.566234 101.087860 0.064129 0.383287 -0.021517 
944 38.905828 0.000000 -0.013638 106.048791 -0.096872 1.854306 -0.113526 
945 39.499399 0.000000 -0.013638 105.257770 0.082424 3.826382 -0.098517 
946 39.202614 0.000000 -0.842532 101.240283 0.008322 1.484985 -0.024300 
947 38.905828 0.000000 -0.842532 101.289348 0.023823 1.802852 -0.025157 
948 39.202614 0.000000 -1.118830 101.033178 0.015308 1.500654 -0.020242 
949 39.499399 0.000000 -0.842532 101.489966 -0.009232 0.921195 -0.029295 
950 39.202614 0.000000 -0.566234 101.249064 0.009206 1.499974 -0.024467 
951 40.092969 0.000000 1.091555 110.538266 -0.277762 -7.618405 -0.184404 
952 40.092969 0.000000 0.538958 110.823976 -0.328098 -7.507260 -0.189029 
953 40.686539 0.000000 1.091555 110.531268 -0.314455 -7.834390 -0.184053 
954 40.092969 0.000000 1.644151 110.823976 -0.328098 -7.507260 -0.189029 
955 38.905828 0.000000 2.196747 101.139581 0.085317 0.165826 -0.022541 
956 39.499399 0.000000 2.196747 101.906763 0.084729 -0.062816 -0.037439 
957 38.905828 0.000000 2.749343 100.720125 -0.001715 1.683518 -0.014026 
958 39.202614 0.000000 1.367853 107.493603 0.014244 -7.348745 -0.134510 
959 38.905828 0.000000 1.367853 106.763603 0.039569 -7.092914 -0.122191 
960 39.202614 0.000000 1.091555 107.725905 0.004842 -7.433913 -0.138380 
961 39.499399 0.000000 1.367853 109.591045 -0.103057 -7.905849 -0.168881 
962 39.202614 0.000000 1.644151 107.647975 0.007005 -7.408113 -0.137081 
963 51.370803 0.000000 7.170112 101.218893 0.001556 4.307408 -0.022302 
964 56.119364 0.000000 7.170112 99.894369 -0.037499 6.250538 0.006045 
965 51.370803 0.000000 11.590882 101.274454 0.000376 5.014852 -0.022752 
966 44.247960 0.000000 4.959728 101.403606 0.015747 3.681341 -0.026395 
967 46.622241 0.000000 4.959728 101.369920 -0.023900 3.577434 -0.025810 
968 44.247960 0.000000 7.170112 101.360807 -0.004582 3.972959 -0.025345 
969 43.060820 0.000000 1.644151 100.345397 0.034802 1.059495 -0.006774 
970 43.060820 0.000000 0.538958 93.974001 0.034828 -11.631898 0.143176 
971 44.247960 0.000000 1.644151 107.820030 0.267291 -26.177425 -0.087773 
972 43.060820 0.000000 2.749343 100.333864 0.013107 2.990229 -0.005770 
973 41.280109 0.000000 1.091555 109.242188 -0.278235 -8.118035 -0.162922 
974 41.280109 0.000000 0.538958 108.628826 -0.261000 -8.252997 -0.152601 
975 41.873679 0.000000 1.091555 103.238800 -0.111641 -8.036774 -0.056862 
976 41.280109 0.000000 1.644151 108.628826 -0.261000 -8.252997 -0.152601 
977 43.060820 0.000000 -0.566234 113.985985 -0.022396 4.521236 -0.238767 
978 43.060820 0.000000 -1.671426 98.461617 -0.005925 11.047826 0.044072 
979 44.247960 0.000000 -0.566234 134.136256 -0.226293 9.160774 -0.389472 
980 43.060820 0.000000 -2.776618 97.274491 0.002062 6.443042 0.060383 
981 43.060820 0.000000 -3.881811 97.073070 0.066040 3.839350 0.061728 
982 44.247960 0.000000 -2.776618 97.478424 -0.015332 3.367254 0.052831 
983 42.467250 0.000000 -1.118830 109.434616 0.006499 3.251177 -0.170191 
984 41.873679 0.000000 -1.118830 104.679215 0.068262 1.741570 -0.089065 
985 42.467250 0.000000 -1.671426 110.181018 -0.003150 3.478826 -0.182046 
986 43.060820 0.000000 -1.118830 112.965850 -0.017236 4.241760 -0.224180 
987 42.467250 0.000000 -0.566234 108.808719 0.014591 3.060280 -0.160065 
988 42.467250 0.000000 1.091555 100.482778 -0.019521 -10.169865 0.000664 
989 42.467250 0.000000 0.538958 99.858255 -0.006947 -10.072587 0.013101 
990 43.060820 0.000000 1.091555 94.195563 0.035244 -11.508966 0.137851 
991 42.467250 0.000000 1.644151 99.822256 0.082557 0.462446 0.003583 
992 48.996522 0.000000 0.538958 107.276099 -0.008086 2.940473 -0.134402 
993 48.996522 0.000000 -1.671426 98.042227 -0.032554 -2.262158 0.040412 
994 51.370803 0.000000 0.538958 100.515041 0.181235 4.989022 -0.007791 
995 48.996522 0.000000 2.749343 98.559631 0.033403 6.138261 0.033132 
996 45.435101 0.000000 -0.566234 138.139081 -0.403596 14.412843 -0.389472 
997 45.435101 0.000000 -1.671426 104.875912 0.040209 -43.870469 0.098924 
998 46.622241 0.000000 -0.566234 140.031095 -0.195530 -35.771265 -0.389472 
999 45.435101 0.000000 0.538958 106.405056 0.049878 -42.123217 0.046731 
1000 43.654390 0.000000 -1.118830 121.788757 -0.085625 6.338825 -0.335462 
1001 43.654390 0.000000 -1.671426 98.716013 0.010621 -1.797074 0.026324 
1002 44.247960 0.000000 -1.118830 133.096044 -0.235799 10.149517 -0.389472 
1003 43.654390 0.000000 -0.566234 121.638328 -0.083970 6.309656 -0.333845 
1004 45.435101 0.000000 1.644151 88.634542 -0.350593 1.949230 0.250215 
1005 46.622241 0.000000 1.644151 96.737503 0.454048 -1.193492 0.067396 
1006 45.435101 0.000000 2.749343 94.930632 -0.028575 -2.594464 0.106849 
1007 44.841530 0.000000 -0.013638 108.967153 -0.102155 -30.882053 -0.086057 
1008 44.247960 0.000000 -0.013638 97.396830 -0.078536 -27.059011 0.136231 
1009 44.841530 0.000000 -0.566234 140.759087 -0.319469 16.091148 -0.389472 
1010 45.435101 0.000000 -0.013638 117.336306 -0.158674 -22.183672 -0.257204 
1011 44.841530 0.000000 0.538958 107.478947 -0.042114 -36.290575 -0.023076 
1012 -200.302961 0.000000 -209.447580 99.619470 0.000000 8.715574 0.015360 
1013 -276.279947 0.000000 -209.447580 99.619470 0.000000 8.715574 0.015360 
1014 -200.302961 0.000000 -280.179887 99.619470 0.000000 8.715574 0.015360 
1015 255.558951 0.000000 -209.447580 99.619470 0.000000 8.715574 0.015360 
1016 255.558951 0.000000 -280.179887 99.619470 0.000000 8.715574 0.015360 
1017 331.535936 0.000000 -209.447580 99.619470 0.000000 8.715574 0.015360 
1018 -200.302961 0.000000 214.946266 99.619470 0.000000 8.715574 0.015360 
1019 -276.279947 0.000000 214.946266 99.619470 0.000000 8.715574 0.015360 
1020 -200.302961 0.000000 285.678573 99.619470 0.000000 8.715574 0.015360 
1021 -86.337483 0.000000 -103.349118 99.619470 0.000000 8.715574 0.015360 
1022 -124.325976 0.000000 -103.349118 99.619470 0.000000 8.715574 0.015360 
1023 -86.337483 0.000000 -138.715272 99.619470 0.000000 8.715574 0.015360 
1024 103.604980 0.000000 214.946266 99.619470 0.000000 8.715574 0.015360 
1025 179.581965 0.000000 214.946266 99.619470 0.000000 8.715574 0.015360 
1026 103.604980 0.000000 285.678573 99.619470 0.000000 8.715574 0.015360 
1027 141.593473 0.000000 -103.349118 99.619470 0.000000 8.715574 0.015360 
1028 141.593473 0.000000 -138.715272 99.619470 0.000000 8.715574 0.015360 
1029 179.581965 0.000000 -103.349118 99.642319 0.003465 8.752729 0.014961 
1030 -86.337483 0.000000 108.847804 99.619470 0.000000 8.715574 0.015360 
1031 -124.325976 0.000000 108.847804 99.619470 0.000000 8.715574 0.015360 
1032 -86.337483 0.000000 144.213958 99.619470 0.000000 8.715574 0.015360 
1033 -29.354744 0.000000 -50.299888 99.619470 0.000000 8.715574 0.015360 
1034 -48.348991 0.000000 -50.299888 99.619470 0.000000 8.715574 0.015360 
1035 -29.354744 0.000000 -67.982965 99.619470 0.000000 8.715574 0.015360 
1036 65.616487 0.000000 108.847804 99.619470 0.000000 8.715574 0.015360 
1037 103.604980 0.000000 108.847804 99.619470 0.000000 8.715574 0.015360 
1038 65.616487 0.000000 144.213958 99.619470 0.000000 8.715574 0.015360 
1039 84.610734 0.000000 -50.299888 99.611281 -0.002403 8.693482 0.015487 
1040 84.610734 0.000000 -67.982965 99.619470 0.000000 8.715574 0.015360 
1041 103.604980 0.000000 -50.299888 99.326898 -0.002046 8.189309 0.020417 
1042 -29.354744 0.000000 55.798574 99.619470 0.000000 8.715574 0.015360 
1043 -48.348991 0.000000 55.798574 99.619470 0.000000 8.715574 0.015360 
1044 -29.354744 0.000000 73.481651 99.619470 0.000000 8.715574 0.015360 
1045 -19.857621 0.000000 -23.775272 99.619470 0.000000 8.715574 0.015360 
1046 -29.354744 0.000000 -23.775272 99.619470 0.000000 8.715574 0.015360 
1047 -19.857621 0.000000 -32.616811 99.619470 0.000000 8.715574 0.015360 
1048 46.622241 0.000000 55.798574 99.619470 0.000000 8.715574 0.015360 
1049 65.616487 0.000000 55.798574 99.619470 0.000000 8.715574 0.015360 
1050 46.622241 0.000000 73.481651 99.619470 0.000000 8.715574 0.015360 
1051 -0.863375 0.000000 29.273958 99.619470 0.000000 8.715574 0.015360 
1052 -10.360498 0.000000 29.273958 99.619470 0.000000 8.715574 0.015360 
1053 -0.863375 0.000000 38.115497 99.619470 0.000000 8.715574 0.015360 
1054 56.119364 0.000000 -23.775272 99.414299 0.023792 8.328822 0.018868 
1055 56.119364 0.000000 -32.616811 99.536263 0.002661 8.564370 0.016788 
1056 65.616487 0.000000 -23.775272 98.612246 -0.019916 6.724741 0.032835 
1057 -19.857621 0.000000 29.273958 99.619470 0.000000 8.715574 0.015360 
1058 -29.354744 0.000000 29.273958 99.619470 0.000000 8.715574 0.015360 
1059 -19.857621 0.000000 38.115497 99.619470 0.000000 8.715574 0.015360 
1060 37.125118 0.000000 29.273958 99.619470 0.000000 8.715574 0.015360 
1061 46.622241 0.000000 29.273958 99.619470 0.000000 8.715574 0.015360 
1062 37.125118 0.000000 38.115497 99.619470 0.000000 8.715574 0.015360 
1063 13.382310 0.000000 16.011651 99.619470 0.000000 8.715574 0.015360 
1064 8.633748 0.000000 16.011651 99.619470 0.000000 8.715574 0.015360 
1065 13.382310 0.000000 20.432420 99.619470 0.000000 8.715574 0.015360 
1066 -3.237656 0.000000 4.959728 99.619470 0.000000 8.715574 0.015360 
1067 -5.611936 0.000000 4.959728 99.619470 0.000000 8.715574 0.015360 
1068 -3.237656 0.000000 7.170112 99.619470 0.000000 8.715574 0.015360 
1069 2.104476 0.000000 -1.118830 82.710709 0.326397 -13.173143 0.421410 
1070 2.104476 0.000000 -1.671426 84.106803 0.386070 -12.824790 0.384382 
1071 2.104476 0.000000 -0.566234 82.319595 0.298140 -13.286897 0.431944 
1072 3.291617 0.000000 -0.013638 86.001118 0.560581 27.792323 0.428256 
1073 2.698046 0.000000 -0.013638 79.388929 0.682574 25.757282 0.591411 
1074 3.885187 0.000000 -0.013638 88.980714 -0.357313 -19.020566 0.290705 
1075 2.104476 0.000000 -0.013638 73.915067 0.744194 26.684701 0.755310 
1076 2.104476 0.000000 0.538958 73.702310 0.973980 29.572422 0.793394 
1077 4.478757 0.000000 -1.118830 90.923966 0.132487 -3.105047 0.197305 
1078 4.478757 0.000000 -1.671426 91.205147 0.288948 -2.902494 0.190672 
1079 4.478757 0.000000 -0.566234 91.316837 0.295484 -3.260690 0.188380 
1080 5.665897 0.000000 -0.013638 89.356886 0.005916 4.349093 0.235108 
1081 5.072327 0.000000 -0.013638 85.708188 3.515272 4.789294 0.325337 
1082 6.259468 0.000000 -0.013638 83.284689 0.023513 19.009318 0.435849 
1083 4.478757 0.000000 -0.013638 87.980512 -0.056993 2.147759 0.265902 
1084 2.104476 0.000000 1.091555 99.619470 0.000000 8.715574 0.015360 
1085 1.510906 0.000000 1.091555 99.619470 0.000000 8.715574 0.015360 
1086 2.104476 0.000000 1.644151 99.619470 0.000000 8.715574 0.015360 
1087 15.756591 0.000000 9.380497 99.619470 0.000000 8.715574 0.015360 
1088 13.382310 0.000000 9.380497 99.619470 0.000000 8.715574 0.015360 
1089 15.756591 0.000000 11.590882 99.619470 0.000000 8.715574 0.015360 
1090 11.008029 0.000000 9.380497 99.619470 0.000000 8.715574 0.015360 
1091 8.633748 0.000000 9.380497 99.619470 0.000000 8.715574 0.015360 
1092 11.008029 0.000000 11.590882 99.619470 0.000000 8.715574 0.015360 
1093 5.072327 0.000000 3.854535 99.619470 0.000000 8.715574 0.015360 
1094 3.885187 0.000000 3.854535 99.619470 0.000000 8.715574 0.015360 
1095 5.072327 0.000000 4.959728 99.619470 0.000000 8.715574 0.015360 
1096 6.853038 0.000000 -0.013638 88.844761 -0.074468 5.584588 0.248871 
1097 7.446608 0.000000 -0.013638 89.738123 -0.020331 13.290579 0.246987 
1098 6.853038 0.000000 0.538958 93.254522 0.411159 1.964543 0.143587 
1099 6.853038 0.000000 1.091555 93.226666 -0.139441 17.429681 0.180934 
1100 7.446608 0.000000 1.091555 97.959399 0.311443 3.037206 0.042577 
1101 6.853038 0.000000 1.644151 92.945757 -0.134923 17.632593 0.188387 
1102 16.943731 0.000000 1.644151 101.110974 -0.460381 2.678901 -0.021269 
1103 15.756591 0.000000 1.644151 100.357618 -0.042737 3.700254 -0.005772 
1104 18.130872 0.000000 1.644151 103.440204 0.021535 1.912884 -0.066190 
1105 14.569450 0.000000 1.644151 99.411384 0.491416 4.698323 0.014111 
1106 16.943731 0.000000 -2.776618 98.954116 -0.024316 6.815517 0.025925 
1107 16.943731 0.000000 -3.881811 99.299267 0.000262 8.155285 0.020925 
1108 11.601599 0.000000 -2.224022 96.686001 0.349156 3.584068 0.069733 
1109 11.601599 0.000000 -2.776618 99.353886 0.068889 9.135489 0.021554 
1110 12.195170 0.000000 -2.224022 96.686001 0.349156 3.584068 0.069733 
1111 10.414459 0.000000 3.301939 96.724773 -0.056103 15.986251 0.095992 
1112 11.008029 0.000000 3.301939 102.367298 0.022012 4.712507 -0.044197 
1113 10.414459 0.000000 3.854535 102.060541 -0.192579 5.553913 -0.037485 
1114 32.376556 0.000000 16.011651 100.212975 0.013593 7.799602 0.001822 
1115 37.125118 0.000000 16.011651 99.763823 -0.041743 8.300761 0.011706 
1116 32.376556 0.000000 20.432420 99.619470 0.000000 8.715574 0.015360 
1117 25.253714 0.000000 9.380497 100.250123 -0.026907 7.291678 0.000308 
1118 27.627995 0.000000 9.380497 99.596930 0.039588 8.193136 0.014916 
1119 25.253714 0.000000 11.590882 99.922588 0.027976 8.278695 0.008453 
1120 19.318012 0.000000 1.644151 100.811925 0.070837 2.476041 -0.015514 
1121 19.318012 0.000000 6.064920 100.563340 0.102415 6.232631 -0.007373 
1122 18.130872 0.000000 6.064920 99.714577 0.053530 8.106256 0.012381 
1123 19.318012 0.000000 7.170112 100.387191 0.034069 7.154077 -0.002636 
1124 19.911582 0.000000 -0.013638 101.816133 0.159910 0.209211 -0.035686 
1125 19.318012 0.000000 -0.013638 98.954569 -0.037168 0.877789 0.021193 
1126 19.911582 0.000000 0.538958 101.816133 0.159910 0.209211 -0.035686 
1127 22.285863 0.000000 -0.013638 98.887422 -0.006947 2.009063 0.022901 
1128 22.879433 0.000000 -0.013638 99.657572 -0.015011 -0.140611 0.006873 
1129 22.285863 0.000000 0.538958 99.647619 0.096910 -0.695881 0.007121 
1130 19.911582 0.000000 -2.224022 99.330168 -0.078690 2.834757 0.014301 
1131 19.318012 0.000000 -2.224022 99.092661 -0.405328 6.548562 0.022733 
1132 19.911582 0.000000 -2.776618 98.769185 0.171274 6.285942 0.029007 
1133 24.660144 0.000000 -1.118830 96.316852 0.013156 -2.211502 0.076705 
1134 24.660144 0.000000 -1.671426 96.336416 0.010717 -2.215319 0.076289 
1135 24.660144 0.000000 -0.566234 96.327772 0.015397 -2.198584 0.076466 
1136 23.473003 0.000000 -0.013638 100.276464 -0.045567 -0.572189 -0.005482 
1137 24.066573 0.000000 -0.013638 100.639012 -0.085081 -0.762385 -0.012645 
1138 23.473003 0.000000 0.538958 103.888310 -0.153875 0.342375 -0.074828 
1139 21.989078 0.000000 -0.842532 99.352936 -0.044176 2.750050 0.013791 
1140 22.285863 0.000000 -0.842532 98.856333 -0.004874 1.952232 0.023513 
1141 21.989078 0.000000 -0.566234 99.359139 -0.044615 2.755221 0.013668 
1142 20.950330 0.000000 -0.980681 99.743634 -0.077402 3.056269 0.006082 
1143 20.801937 0.000000 -0.980681 99.619085 -0.071992 3.209280 0.008688 
1144 20.950330 0.000000 -0.842532 99.617305 -0.066792 3.405609 0.008856 
1145 30.002275 0.000000 9.380497 100.090689 0.101154 7.317615 0.003550 
1146 32.376556 0.000000 9.380497 100.051538 0.149795 7.310266 0.004329 
1147 30.002275 0.000000 11.590882 99.761919 -0.060129 8.134984 0.011468 
1148 24.066573 0.000000 6.064920 100.346693 0.141713 5.803351 -0.003567 
1149 25.253714 0.000000 6.064920 99.819372 -0.255607 6.575588 0.007985 
1150 24.066573 0.000000 7.170112 99.515457 0.055119 7.882630 0.016064 
1151 21.098722 0.000000 4.407132 103.378698 -0.177513 -2.652458 -0.064732 
1152 20.505152 0.000000 4.407132 99.125097 -0.426469 5.731059 0.021036 
1153 21.098722 0.000000 4.959728 99.709462 -0.251306 5.764917 0.009192 
1154 23.473003 0.000000 -2.224022 97.892594 0.084462 4.109707 0.044771 
1155 23.473003 0.000000 -2.776618 98.889393 -0.265905 6.011100 0.026190 
1156 24.066573 0.000000 -2.224022 98.255350 0.027936 4.243707 0.037356 
1157 24.660144 0.000000 3.301939 106.860913 0.368232 -6.472309 -0.124559 
1158 24.660144 0.000000 2.749343 106.812978 0.376405 -6.463390 -0.123735 
1159 24.660144 0.000000 3.854535 99.739933 0.055708 2.735156 0.005969 
1160 23.473003 0.000000 4.407132 100.429824 -0.588789 3.159099 -0.007541 
1161 24.066573 0.000000 4.407132 99.686722 0.368379 4.545307 0.008386 
1162 23.473003 0.000000 4.959728 99.758729 -0.406217 5.341825 0.007732 
1163 51.370803 0.000000 -10.512965 97.934126 -0.061626 5.010963 0.044780 
1164 51.370803 0.000000 -14.933734 98.143810 -0.020764 5.532005 0.041000 
1165 56.119364 0.000000 -10.512965 98.377847 0.012724 5.246764 0.035823 
1166 30.595846 0.000000 -1.118830 101.389228 0.095335 -3.085163 -0.026501 
1167 30.595846 0.000000 -1.671426 101.862547 0.064214 -3.161464 -0.035640 
1168 30.595846 0.000000 -0.566234 104.044204 0.065383 -1.319505 -0.077562 
1169 30.595846 0.000000 2.196747 104.188838 -0.007229 -9.178185 -0.072907 
1170 30.595846 0.000000 1.644151 104.188838 -0.007229 -9.178185 -0.072907 
1171 30.595846 0.000000 2.749343 104.188838 -0.007229 -9.178185 -0.072907 
1172 34.157267 0.000000 -0.013638 103.416844 -0.004166 0.050045 -0.066084 
1173 33.563697 0.000000 -0.013638 99.586200 0.267721 -16.360089 0.035927 
1174 34.750837 0.000000 -0.013638 103.427343 0.000627 0.055242 -0.066280 
1175 32.970126 0.000000 -0.013638 107.835624 -0.169038 0.073880 -0.144579 
1176 32.376556 0.000000 -0.013638 107.262206 -0.129254 0.146968 -0.134851 
1177 32.970126 0.000000 0.538958 107.836450 -0.169126 0.073713 -0.144593 
1178 32.970126 0.000000 1.091555 106.171084 -0.134340 -4.799223 -0.114053 
1179 32.376556 0.000000 1.091555 107.859710 -0.171598 0.069012 -0.144985 
1180 32.970126 0.000000 -2.224022 96.787751 0.139064 -3.522078 0.067513 
1181 32.376556 0.000000 -2.224022 93.461443 -0.025883 -8.282735 0.146705 
1182 32.970126 0.000000 -2.776618 93.480950 -0.173958 -7.027959 0.143961 
1183 35.344407 0.000000 -0.013638 103.106875 -0.145682 -0.103394 -0.060275 
1184 35.641192 0.000000 -0.842532 103.980619 0.048007 2.453868 -0.076010 
1185 35.344407 0.000000 -0.842532 104.417062 0.059428 2.315567 -0.084085 
1186 35.641192 0.000000 -0.566234 103.768503 0.092727 2.588879 -0.072024 
1187 40.686539 0.000000 3.854535 100.914071 0.052654 3.387601 -0.017004 
1188 41.873679 0.000000 3.854535 101.402852 0.040975 2.976756 -0.026831 
1189 40.686539 0.000000 4.959728 101.927849 -0.014879 2.049461 -0.037449 
1190 36.234763 0.000000 -1.395128 103.700099 -0.034931 2.852594 -0.070627 
1191 36.234763 0.000000 -1.671426 103.444161 -0.032229 2.894359 -0.065838 
1192 35.641192 0.000000 1.367853 106.505465 -0.108799 -7.266790 -0.117470 
1193 35.344407 0.000000 1.367853 107.401078 -0.136766 -7.406850 -0.132853 
1194 35.641192 0.000000 1.091555 106.114143 -0.100529 -7.341860 -0.110480 
1195 36.234763 0.000000 1.920449 105.876476 -0.001994 -7.014369 -0.106654 
1196 36.234763 0.000000 2.196747 101.987459 -0.307798 0.007791 -0.038984 
1197 37.718688 0.000000 -2.224022 96.840804 0.073938 0.357553 0.065045 
1198 37.718688 0.000000 -2.776618 93.520088 0.047011 -6.270369 0.141872 
1199 38.312258 0.000000 -2.224022 96.199043 -0.231129 -1.591805 0.078967 
1200 37.421903 0.000000 -1.395128 103.974545 0.070068 2.916367 -0.075677 
1201 37.421903 0.000000 -1.671426 103.810822 0.070776 2.864787 -0.072675 
1202 37.718688 0.000000 -1.395128 103.663354 0.031708 2.735561 -0.070003 
1203 37.421903 0.000000 1.920449 105.459780 -0.030215 -6.955885 -0.099270 
1204 37.718688 0.000000 1.920449 105.859239 -0.008982 -7.177191 -0.106153 
1205 37.421903 0.000000 2.196747 102.016690 -0.102938 -0.826676 -0.039490 
1206 48.996522 0.000000 -3.881811 106.785125 -0.012846 12.034570 -0.114797 
1207 48.996522 0.000000 -6.092195 98.160243 0.025149 4.681238 0.039739 
1208 51.370803 0.000000 -3.881811 87.881894 0.465477 -5.532440 0.271841 
1209 41.280109 0.000000 -1.118830 101.933006 0.104168 0.643221 -0.037905 
1210 41.280109 0.000000 -1.671426 102.458456 0.098286 0.788837 -0.047951 
1211 41.280109 0.000000 -0.566234 101.780078 0.105880 0.600841 -0.034961 
1212 41.280109 0.000000 -0.013638 105.759317 -0.056452 2.725324 -0.108079 
1213 40.686539 0.000000 -0.013638 105.593245 -0.066625 5.154164 -0.103512 
1214 41.873679 0.000000 -0.013638 105.925549 -0.063127 4.004974 -0.110303 
1215 40.092969 0.000000 -0.013638 106.663524 0.058616 8.011747 -0.119306 
1216 40.092969 0.000000 2.196747 101.458140 0.073287 1.131978 -0.028634 
1217 40.686539 0.000000 2.196747 102.059754 0.023311 2.407601 -0.039837 
1218 40.092969 0.000000 2.749343 101.045204 0.028222 2.169149 -0.020240 
1219 45.435101 0.000000 -2.776618 99.092187 -0.010190 4.507080 0.020399 
1220 45.435101 0.000000 -3.881811 97.880235 0.044270 4.955703 0.045845 
1221 46.622241 0.000000 -2.776618 102.265634 -0.003642 16.028802 -0.019843 
1222 48.996522 0.000000 4.959728 97.571966 -0.009356 5.474135 0.052872 
1223 51.370803 0.000000 4.959728 100.979619 0.066826 2.100998 -0.018980 
1224 48.996522 0.000000 7.170112 101.401500 0.006902 4.350087 -0.025837 
1225 43.060820 0.000000 3.854535 102.248361 0.033695 2.308800 -0.043499 
1226 44.247960 0.000000 3.854535 101.104638 0.061243 3.625916 -0.020586 
1227 43.060820 0.000000 4.959728 101.468944 0.037200 3.506505 -0.027788 
1228 45.435101 0.000000 3.854535 101.284540 -0.018171 3.163159 -0.024412 
1229 46.622241 0.000000 3.854535 93.834211 -0.020680 12.028219 0.147459 
1230 45.435101 0.000000 4.959728 100.966268 0.006585 3.805739 -0.017738 
1231 43.654390 0.000000 -0.013638 92.159537 0.028674 -45.662151 0.462288 
1232 43.060820 0.000000 -0.013638 101.574030 0.007207 -67.683171 0.574390 
1233 43.654390 0.000000 0.538958 90.935376 -0.019032 -17.013378 0.233255 
1234 42.467250 0.000000 -0.013638 106.931581 -0.054735 1.574686 -0.128981 
1235 44.841530 0.000000 -1.118830 136.260802 -0.282520 18.311869 -0.389472 
1236 44.841530 0.000000 -1.671426 100.174486 0.011605 32.309125 0.108466 
1237 45.435101 0.000000 -1.118830 137.849416 -0.402669 14.383882 -0.389472 
1238 255.558951 0.000000 214.946266 99.619470 0.000000 8.715574 0.015360 
1239 331.535936 0.000000 214.946266 99.619470 0.000000 8.715574 0.015360 
1240 255.558951 0.000000 285.678573 99.619470 0.000000 8.715574 0.015360 
1241 141.593473 0.000000 108.847804 99.619470 0.000000 8.715574 0.015360 
1242 179.581965 0.000000 108.847804 99.619470 0.000000 8.715574 0.015360 
1243 141.593473 0.000000 144.213958 99.619470 0.000000 8.715574 0.015360 
1244 84.610734 0.000000 55.798574 99.619470 0.000000 8.715574 0.015360 
1245 103.604980 0.000000 55.798574 99.677711 0.005899 8.604111 0.013977 
1246 84.610734 0.000000 73.481651 99.619470 0.000000 8.715574 0.015360 
1247 3.885187 0.000000 16.011651 99.619470 0.000000 8.715574 0.015360 
1248 -0.863375 0.000000 16.011651 99.619470 0.000000 8.715574 0.015360 
1249 3.885187 0.000000 20.432420 99.619470 0.000000 8.715574 0.015360 
1250 -5.611936 0.000000 16.011651 99.619470 0.000000 8.715574 0.015360 
1251 -10.360498 0.000000 16.011651 99.619470 0.000000 8.715574 0.015360 
1252 -5.611936 0.000000 20.432420 99.619470 0.000000 8.715574 0.015360 
1253 56.119364 0.000000 29.273958 99.749302 -0.029667 8.493255 0.012330 
1254 65.616487 0.000000 29.273958 99.910816 0.007155 8.136560 0.008454 
1255 56.119364 0.000000 38.115497 99.619470 0.000000 8.715574 0.015360 
1256 6.259468 0.000000 9.380497 99.619470 0.000000 8.715574 0.015360 
1257 3.885187 0.000000 9.380497 99.619470 0.000000 8.715574 0.015360 
1258 6.259468 0.000000 11.590882 99.619470 0.000000 8.715574 0.015360 
1259 1.510906 0.000000 9.380497 99.619470 0.000000 8.715574 0.015360 
1260 -0.863375 0.000000 9.380497 99.619470 0.000000 8.715574 0.015360 
1261 1.510906 0.000000 11.590882 99.619470 0.000000 8.715574 0.015360 
1262 -3.237656 0.000000 9.380497 99.619470 0.000000 8.715574 0.015360 
1263 -5.611936 0.000000 9.380497 99.619470 0.000000 8.715574 0.015360 
1264 -3.237656 0.000000 11.590882 99.619470 0.000000 8.715574 0.015360 
1265 2.698046 0.000000 3.854535 99.619470 0.000000 8.715574 0.015360 
1266 1.510906 0.000000 3.854535 99.619470 0.000000 8.715574 0.015360 
1267 2.698046 0.000000 4.959728 99.619470 0.000000 8.715574 0.015360 
1268 0.917336 0.000000 1.091555 99.619470 0.000000 8.715574 0.015360 
1269 0.323766 0.000000 1.091555 99.619470 0.000000 8.715574 0.015360 
1270 0.917336 0.000000 1.644151 99.619470 0.000000 8.715574 0.015360 
1271 41.873679 0.000000 16.011651 99.826534 -0.072069 8.124666 0.010141 
1272 46.622241 0.000000 16.011651 100.422163 0.059088 7.036431 -0.003501 
1273 41.873679 0.000000 20.432420 99.786196 0.015032 8.405353 0.011430 
1274 16.943731 0.000000 6.064920 100.270771 0.086315 7.426394 0.000093 
1275 15.756591 0.000000 6.064920 100.839855 -0.065459 7.037648 -0.011812 
1276 16.943731 0.000000 7.170112 100.800031 0.000495 7.223019 -0.010763 
1277 14.569450 0.000000 6.064920 101.028388 0.023504 7.128049 -0.015418 
1278 13.382310 0.000000 6.064920 99.665384 -0.085490 9.098212 0.015122 
1279 14.569450 0.000000 7.170112 99.708230 0.019947 9.031199 0.014125 
1280 24.660144 0.000000 -0.013638 98.667372 -0.029379 -1.421289 0.027195 
1281 25.253714 0.000000 -0.013638 104.858818 -0.037905 0.279937 -0.092576 
1282 24.660144 0.000000 0.538958 104.342839 -0.156623 0.407789 -0.083181 
1283 34.750837 0.000000 9.380497 100.125554 -0.050748 6.982061 0.002367 
1284 37.125118 0.000000 9.380497 100.643714 0.057393 6.021975 -0.009227 
1285 34.750837 0.000000 11.590882 99.920986 -0.112897 7.756224 0.007639 
1286 26.440854 0.000000 6.064920 99.719505 0.106118 6.785691 0.010283 
1287 27.627995 0.000000 6.064920 100.187383 0.113737 5.854677 -0.000322 
1288 26.440854 0.000000 7.170112 100.072211 0.146508 6.884203 0.003304 
1289 24.660144 0.000000 -2.224022 97.940626 0.041500 3.517275 0.043291 
1290 24.660144 0.000000 -2.776618 98.574029 0.145482 5.458312 0.032012 
1291 25.253714 0.000000 -2.224022 98.183176 -0.108282 3.926094 0.038579 
1292 24.660144 0.000000 4.407132 100.520014 0.576492 3.184440 -0.009317 
1293 25.253714 0.000000 4.407132 100.192496 0.023431 3.532304 -0.002601 
1294 24.660144 0.000000 4.959728 99.304056 0.091159 6.275175 0.018039 
1295 25.847284 0.000000 -0.013638 104.858818 -0.037905 0.279937 -0.092576 
1296 26.440854 0.000000 -0.013638 104.156175 -0.023623 0.422495 -0.079760 
1297 25.847284 0.000000 0.538958 104.858818 -0.037905 0.279937 -0.092576 
1298 25.847284 0.000000 -2.224022 96.690976 0.087512 2.346263 0.068809 
1299 25.847284 0.000000 -2.776618 98.019905 -0.058427 4.185764 0.042189 
1300 26.440854 0.000000 -2.224022 96.046660 -0.034684 0.555969 0.081976 
1301 28.815135 0.000000 6.064920 100.626009 -0.052139 5.084176 -0.009903 
1302 30.002275 0.000000 6.064920 100.182648 0.178471 5.708880 -0.000394 
1303 28.815135 0.000000 7.170112 100.062252 0.117371 6.795196 0.003382 
1304 25.847284 0.000000 4.407132 99.421307 -0.058434 4.943750 0.014127 
1305 26.440854 0.000000 4.407132 99.319102 -0.078965 4.949570 0.016208 
1306 25.847284 0.000000 4.959728 99.972093 0.222171 5.062612 0.003133 
1307 31.782986 0.000000 -0.013638 107.893382 -0.175177 0.062207 -0.145551 
1308 31.189416 0.000000 -0.013638 99.370642 -0.475412 -10.938900 0.024974 
1309 31.782986 0.000000 0.538958 107.896336 -0.175491 0.061610 -0.145601 
1310 30.595846 0.000000 -0.013638 106.299870 0.082797 0.536674 -0.118192 
1311 30.002275 0.000000 -0.013638 106.291139 0.082009 0.539406 -0.118039 
1312 30.595846 0.000000 0.538958 106.299721 0.082778 0.536732 -0.118190 
1313 30.595846 0.000000 1.091555 106.282581 0.066580 0.570936 -0.117887 
1314 30.002275 0.000000 1.091555 106.290156 0.081985 0.539586 -0.118022 
1315 31.189416 0.000000 1.091555 102.207345 -0.060270 -6.403748 -0.039360 
1316 31.782986 0.000000 1.091555 107.890127 -0.174831 0.062865 -0.145497 
1317 31.782986 0.000000 -2.224022 93.809313 0.109364 -2.312347 0.131380 
1318 31.189416 0.000000 -2.224022 101.530710 0.329821 -1.272635 -0.030002 
1319 31.782986 0.000000 -2.776618 99.645091 0.214042 -1.674012 0.007410 
1320 30.595846 0.000000 -2.224022 97.814094 -0.212883 -2.286629 0.045169 
1321 30.002275 0.000000 -2.224022 93.805711 -0.163450 -1.274369 0.131021 
1322 30.595846 0.000000 -2.776618 98.176953 0.009451 0.013293 0.037082 
1323 51.370803 0.000000 16.011651 100.393749 -0.059488 6.827962 -0.003220 
1324 56.119364 0.000000 16.011651 101.070056 -0.026804 5.849465 -0.017859 
1325 51.370803 0.000000 20.432420 100.029765 0.016928 7.850608 0.005590 
1326 39.499399 0.000000 9.380497 100.951762 0.094971 5.235202 -0.016191 
1327 41.873679 0.000000 9.380497 101.908555 0.031890 3.738557 -0.036152 
1328 39.499399 0.000000 11.590882 100.482550 0.098420 6.679087 -0.005193 
1329 38.905828 0.000000 -2.224022 98.472261 0.241938 3.881706 0.032573 
1330 38.905828 0.000000 -2.776618 95.655205 -0.099077 -0.318313 0.090371 
1331 39.499399 0.000000 -2.224022 96.919783 -0.062012 1.625982 0.063649 
1332 41.280109 0.000000 2.196747 101.015474 0.025821 2.141900 -0.019668 
1333 41.873679 0.000000 2.196747 100.542554 0.124974 3.956356 -0.009251 
1334 41.280109 0.000000 2.749343 102.516443 0.048407 1.604913 -0.048874 
1335 40.092969 0.000000 -2.224022 98.607169 -0.000562 4.655749 0.030479 
1336 40.092969 0.000000 -2.776618 98.440664 -0.006130 4.511764 0.033772 
1337 40.686539 0.000000 -2.224022 96.587885 0.051459 0.872599 0.070476 
1338 43.654390 0.000000 1.091555 89.411970 0.003257 -19.410892 0.282103 
1339 44.247960 0.000000 1.091555 91.693695 -0.040267 -29.055449 0.289612 
1340 43.654390 0.000000 1.644151 88.750197 -0.149921 12.188956 0.266983 
1341 42.467250 0.000000 2.196747 102.089178 -0.026263 0.172390 -0.040945 
1342 43.060820 0.000000 2.196747 99.255418 0.033279 3.529558 0.016270 
1343 42.467250 0.000000 2.749343 102.025510 0.074018 2.440573 -0.039163 
1344 44.841530 0.000000 1.091555 106.405056 0.049878 -42.123217 0.046731 
1345 45.435101 0.000000 1.091555 116.488786 1.246128 -19.701661 -0.251491 
1346 44.841530 0.000000 1.644151 86.016807 -0.084623 -1.550395 0.313078 
1347 0.323766 0.000000 3.854535 99.619470 0.000000 8.715574 0.015360 
1348 -0.863375 0.000000 3.854535 99.619470 0.000000 8.715574 0.015360 
1349 0.323766 0.000000 4.959728 99.619470 0.000000 8.715574 0.015360 
1350 12.195170 0.000000 6.064920 98.850871 0.061787 10.408444 0.034512 
1351 11.008029 0.000000 6.064920 99.619470 0.000000 8.715574 0.015360 
1352 12.195170 0.000000 7.170112 99.619470 0.000000 8.715574 0.015360 
1353 9.820889 0.000000 6.064920 99.619470 0.000000 8.715574 0.015360 
1354 8.633748 0.000000 6.064920 99.619470 0.000000 8.715574 0.015360 
1355 9.820889 0.000000 7.170112 99.619470 0.000000 8.715574 0.015360 
1356 31.189416 0.000000 6.064920 100.572473 -0.136806 5.041188 -0.008881 
1357 32.376556 0.000000 6.064920 100.594179 0.221750 4.944911 -0.009404 
1358 31.189416 0.000000 7.170112 100.005015 -0.064358 6.595636 0.004263 
1359 29.408705 0.000000 -0.013638 106.274973 0.080909 0.543756 -0.117756 
1360 28.815135 0.000000 -0.013638 105.613852 0.063155 0.668066 -0.106083 
1361 29.408705 0.000000 0.538958 106.274074 0.080846 0.544000 -0.117740 
1362 29.408705 0.000000 1.091555 106.274958 0.080959 0.543660 -0.117756 
1363 28.815135 0.000000 1.091555 105.613852 0.063155 0.668066 -0.106083 
1364 29.408705 0.000000 -2.224022 99.352054 0.145189 1.035032 0.013149 
1365 28.815135 0.000000 -2.224022 93.852943 0.179654 -0.462098 0.129807 
1366 29.408705 0.000000 -2.776618 100.322725 0.007379 3.006122 -0.005539 
1367 44.247960 0.000000 9.380497 100.636821 0.044177 5.367313 -0.009825 
1368 46.622241 0.000000 9.380497 102.119692 0.004477 3.418357 -0.040435 
1369 44.247960 0.000000 11.590882 100.489628 -0.082331 6.242183 -0.005894 
1370 33.563697 0.000000 6.064920 101.254873 -0.184676 4.013048 -0.023240 
1371 34.750837 0.000000 6.064920 100.709887 -0.031037 4.308161 -0.012281 
1372 33.563697 0.000000 7.170112 100.685898 0.095971 5.378899 -0.010786 
1373 41.280109 0.000000 -2.224022 97.540894 0.004235 3.813973 0.051867 
1374 41.280109 0.000000 -2.776618 97.058266 -0.010498 3.075764 0.061466 
1375 41.873679 0.000000 -2.224022 98.811272 0.000470 7.331957 0.029622 
1376 48.996522 0.000000 9.380497 100.727289 -0.009176 5.602907 -0.011365 
1377 51.370803 0.000000 9.380497 100.889509 0.004289 5.518735 -0.014666 
1378 48.996522 0.000000 11.590882 101.309724 -0.029843 5.115664 -0.023344 
1379 43.654390 0.000000 2.196747 100.661650 0.003914 2.078031 -0.012726 
1380 44.247960 0.000000 2.196747 87.648180 -0.104274 13.154442 0.297195 
1381 43.654390 0.000000 2.749343 100.557197 -0.030082 2.517046 -0.010461 
1382 42.467250 0.000000 -2.224022 97.497713 0.014888 2.518719 0.051890 
1383 42.467250 0.000000 -2.776618 97.218481 -0.007803 4.548936 0.059306 
1384 43.060820 0.000000 -2.224022 97.876487 -0.001989 8.778144 0.051537 
1385 44.841530 0.000000 2.196747 109.171665 0.091312 -23.263600 -0.124560 
1386 45.435101 0.000000 2.196747 103.024896 0.110384 -10.174615 -0.049204 
1387 44.841530 0.000000 2.749343 92.399926 -0.053525 9.757844 0.174071 
1 11 62 60 61 
2 62 10 24 60 
3 60 24 14 63 
4 61 60 63 6 
5 24 66 64 65 
6 66 23 40 64 
7 64 40 27 67 
8 65 64 67 14 
9 40 70 68 69 
10 69 68 71 27 
11 6 63 92 93 
12 63 14 36 92 
13 92 36 19 94 
14 93 92 94 20 
15 14 67 95 96 
16 67 27 52 95 
17 95 52 35 97 
18 96 95 97 36 
19 27 71 98 99 
20 99 98 100 52 
21 68 112 110 111 
22 112 56 80 110 
23 110 80 43 113 
24 111 110 113 71 
25 80 116 114 115 
26 115 114 117 43 
27 71 113 133 134 
28 113 43 102 133 
29 133 102 76 135 
30 134 133 135 98 
31 43 117 136 137 
32 137 136 138 102 
33 114 141 139 140 
34 141 106 129 139 
35 139 129 83 142 
36 140 139 142 117 
37 12 145 143 144 
38 145 7 146 143 
39 143 146 13 25 
40 144 143 25 10 
41 25 149 147 148 
42 149 13 150 147 
43 147 150 26 41 
44 148 147 41 23 
45 41 153 151 152 
46 153 26 154 151 
47 151 154 42 57 
48 152 151 57 39 
49 39 157 155 156 
50 157 57 158 155 
51 155 158 55 81 
52 156 155 81 56 
53 81 161 159 160 
54 161 55 162 159 
55 159 162 82 107 
56 160 159 107 79 
57 79 165 163 164 
58 165 107 166 163 
59 106 169 167 168 
60 168 167 171 129 
61 56 174 172 173 
62 174 81 160 172 
63 172 160 79 116 
64 173 172 116 80 
65 116 177 175 176 
66 177 79 164 175 
67 175 164 106 141 
68 176 175 141 114 
69 164 180 178 179 
70 180 163 181 178 
71 178 181 130 169 
72 179 178 169 106 
73 169 196 194 195 
74 196 130 197 194 
75 194 197 170 198 
76 195 194 198 167 
77 199 201 124 202 
78 200 199 202 125 
79 129 171 203 204 
80 203 205 132 206 
81 204 203 206 83 
82 167 198 207 208 
83 198 170 209 207 
84 207 209 128 210 
85 208 207 210 171 
86 107 212 211 166 
87 212 82 213 211 
88 163 215 214 181 
89 215 166 216 214 
90 214 216 105 191 
91 181 214 191 130 
92 191 223 221 222 
93 223 105 224 221 
94 221 224 192 225 
95 222 221 225 190 
96 226 227 109 228 
97 205 226 228 132 
98 232 233 126 234 
99 201 232 234 124 
100 235 236 189 237 
101 227 235 237 109 
102 193 240 238 239 
103 240 131 241 238 
104 238 241 227 242 
105 239 238 242 226 
106 166 244 243 216 
107 244 211 245 243 
108 243 245 187 218 
109 216 243 218 105 
110 251 108 252 250 
111 250 252 188 253 
112 218 256 254 255 
113 256 187 257 254 
114 254 257 219 258 
115 255 254 258 217 
116 131 260 259 241 
117 260 220 261 259 
118 259 261 235 262 
119 241 259 262 227 
120 253 188 264 263 
121 263 264 59 265 
122 236 263 265 189 
123 220 267 266 261 
124 267 186 268 266 
125 266 268 236 269 
126 261 266 269 235 
127 57 271 270 158 
128 271 42 272 270 
129 270 272 58 89 
130 158 270 89 55 
131 55 274 273 162 
132 274 89 275 273 
133 273 275 88 183 
134 162 273 183 82 
135 82 277 276 213 
136 277 183 278 276 
137 211 280 279 245 
138 280 213 281 279 
139 279 281 108 251 
140 245 279 251 187 
141 187 283 282 257 
142 283 251 284 282 
143 282 284 250 285 
144 257 282 285 219 
145 108 287 286 252 
146 286 288 246 289 
147 252 286 289 188 
148 213 291 290 281 
149 291 276 292 290 
150 281 290 287 108 
151 306 182 307 305 
152 305 307 248 308 
153 288 305 308 246 
154 287 311 309 310 
155 309 312 288 313 
156 310 309 313 286 
157 183 315 314 278 
158 315 88 316 314 
159 276 318 317 292 
160 318 278 319 317 
161 317 319 182 306 
162 290 322 320 321 
163 322 292 323 320 
164 320 323 247 311 
165 321 320 311 287 
166 247 325 324 312 
167 325 306 326 324 
168 324 326 305 327 
169 312 324 327 288 
170 311 330 328 329 
171 330 247 331 328 
172 328 331 312 332 
173 329 328 332 309 
174 188 289 336 264 
175 289 246 337 336 
176 339 341 333 342 
177 340 339 342 233 
178 264 345 343 344 
179 345 336 346 343 
180 344 343 347 59 
181 246 308 348 337 
182 308 248 349 348 
183 348 349 185 350 
184 337 348 350 249 
185 336 352 351 346 
186 352 337 353 351 
187 351 353 249 354 
188 346 351 354 338 
189 189 265 355 356 
190 265 59 340 355 
191 355 340 233 357 
192 356 355 357 232 
193 59 347 358 359 
194 347 338 360 358 
195 358 360 339 361 
196 359 358 361 340 
197 343 364 362 363 
198 364 346 365 362 
199 362 365 338 366 
200 363 362 366 347 
201 249 350 376 341 
202 350 185 377 376 
203 376 377 334 378 
204 341 376 378 333 
205 182 380 379 307 
206 379 381 301 382 
207 307 379 382 248 
208 278 384 383 319 
209 384 314 385 383 
210 383 385 302 380 
211 319 383 380 182 
212 302 391 390 381 
213 391 184 392 390 
214 390 392 303 393 
215 381 390 393 301 
216 380 396 394 395 
217 396 302 397 394 
218 394 397 381 398 
219 395 394 398 379 
220 185 400 399 377 
221 400 304 401 399 
222 399 401 373 402 
223 377 399 402 334 
224 304 407 406 401 
225 407 91 408 406 
226 406 408 374 409 
227 401 406 409 373 
228 89 411 410 275 
229 411 58 412 410 
230 410 412 90 298 
231 275 410 298 88 
232 88 414 413 316 
233 414 298 415 413 
234 184 417 416 392 
235 392 416 419 303 
236 91 421 420 408 
237 421 389 422 420 
238 420 422 403 423 
239 408 420 423 374 
240 298 437 436 415 
241 437 90 438 436 
242 413 441 439 440 
243 441 415 442 439 
244 316 450 448 449 
245 450 413 440 448 
246 449 448 417 184 
247 440 453 451 452 
248 453 439 454 451 
249 451 454 433 445 
250 452 451 445 387 
251 460 297 461 459 
252 459 461 434 462 
253 445 465 463 464 
254 465 433 466 463 
255 463 466 446 467 
256 417 470 468 469 
257 470 387 444 468 
258 468 444 418 471 
259 469 468 471 416 
260 387 474 472 473 
261 474 445 464 472 
262 473 472 475 444 
263 386 435 476 477 
264 435 388 478 476 
265 476 478 300 479 
266 477 476 479 389 
267 418 447 480 481 
268 447 432 482 480 
269 480 482 435 483 
270 481 480 483 386 
271 467 446 486 484 
272 484 486 432 487 
273 485 484 487 447 
274 464 490 488 489 
275 490 463 491 488 
276 488 491 467 492 
277 444 475 493 494 
278 493 485 447 495 
279 494 493 495 418 
280 472 498 496 497 
281 498 464 489 496 
282 496 489 443 499 
283 497 496 499 475 
284 443 492 500 501 
285 492 467 502 500 
286 500 502 484 503 
287 501 500 503 485 
288 489 506 504 505 
289 506 488 507 504 
290 504 507 492 508 
291 505 504 508 443 
292 415 519 518 442 
293 519 436 520 518 
294 439 522 521 454 
295 522 442 523 521 
296 521 523 297 460 
297 454 521 460 433 
298 433 525 524 466 
299 525 460 526 524 
300 524 526 459 527 
301 466 524 527 446 
302 479 534 532 533 
303 534 300 535 532 
304 532 535 516 536 
305 389 539 537 538 
306 539 479 533 537 
307 537 533 515 540 
308 538 537 540 422 
309 19 38 541 542 
310 38 21 543 541 
311 541 543 9 544 
312 542 541 544 22 
313 35 54 545 546 
314 54 37 547 545 
315 545 547 21 548 
316 546 545 548 38 
317 51 78 549 550 
318 78 53 551 549 
319 549 551 37 552 
320 550 549 552 54 
321 75 123 553 554 
322 123 77 555 553 
323 553 555 53 556 
324 554 553 556 78 
325 121 372 557 558 
326 372 122 559 557 
327 557 559 77 560 
328 558 557 560 123 
329 230 405 561 562 
330 405 370 563 561 
331 561 563 372 564 
332 562 561 564 121 
333 403 517 565 566 
334 517 404 567 565 
335 565 567 370 568 
336 566 565 568 405 
337 515 536 569 570 
338 536 516 571 569 
339 569 571 404 572 
340 570 569 572 517 
341 533 575 573 574 
342 575 532 576 573 
343 573 576 536 577 
344 574 573 577 515 
345 297 579 578 461 
346 579 456 580 578 
347 578 580 455 581 
348 461 578 581 434 
349 388 458 582 478 
350 458 428 583 582 
351 582 583 431 529 
352 478 582 529 300 
353 300 585 584 535 
354 585 529 586 584 
355 584 586 528 587 
356 535 584 587 516 
357 593 299 594 592 
358 592 594 430 595 
359 7 597 596 146 
360 597 16 598 596 
361 596 598 15 32 
362 146 596 32 13 
363 13 600 599 150 
364 600 32 601 599 
365 599 601 31 48 
366 150 599 48 26 
367 26 603 602 154 
368 603 48 604 602 
369 602 604 47 85 
370 154 602 85 42 
371 42 606 605 272 
372 606 85 607 605 
373 605 607 84 294 
374 272 605 294 58 
375 58 609 608 412 
376 609 294 610 608 
377 608 610 293 425 
378 412 608 425 90 
379 90 612 611 438 
380 612 425 613 611 
381 436 615 614 520 
382 615 438 616 614 
383 614 616 299 593 
384 429 619 617 618 
385 619 593 620 617 
386 617 620 592 621 
387 618 617 621 457 
388 626 5 627 625 
389 625 627 513 628 
390 428 595 629 583 
391 595 430 630 629 
392 629 630 5 626 
393 583 629 626 431 
394 431 633 631 632 
395 633 626 634 631 
396 631 634 625 635 
397 632 631 635 530 
398 299 637 636 594 
399 594 636 639 430 
400 430 639 640 630 
401 630 640 642 5 
402 438 644 643 616 
403 644 611 645 643 
404 616 643 637 299 
405 15 647 646 33 
406 647 17 648 646 
407 646 648 8 649 
408 33 646 649 18 
409 31 651 650 49 
410 651 33 652 650 
411 650 652 18 653 
412 49 650 653 34 
413 47 655 654 86 
414 655 49 656 654 
415 654 656 34 657 
416 86 654 657 50 
417 659 86 660 658 
418 658 660 50 661 
419 637 676 674 675 
420 676 589 677 674 
421 674 677 638 678 
422 675 674 678 636 
423 5 642 682 627 
424 642 591 683 682 
425 682 683 622 684 
426 627 682 684 513 
427 640 687 685 686 
428 687 641 688 685 
429 685 688 591 689 
430 686 685 689 642 
431 425 691 690 613 
432 691 293 692 690 
433 611 694 693 645 
434 694 613 695 693 
435 671 702 700 701 
436 702 424 703 700 
437 700 703 672 704 
438 701 700 704 670 
439 18 649 705 45 
440 649 8 706 705 
441 705 706 29 707 
442 45 705 707 28 
443 34 653 708 73 
444 653 18 709 708 
445 708 709 45 710 
446 73 708 710 44 
447 50 657 711 119 
448 657 34 712 711 
449 711 712 73 713 
450 119 711 713 72 
451 661 50 715 714 
452 714 715 119 716 
453 720 721 510 722 
454 591 681 726 683 
455 681 427 727 726 
456 726 727 623 728 
457 683 726 728 622 
458 679 731 729 730 
459 731 680 732 729 
460 729 732 427 733 
461 730 729 733 681 
462 613 735 734 695 
463 735 690 736 734 
464 424 738 737 703 
465 738 697 739 737 
466 737 739 696 740 
467 703 737 740 672 
468 427 725 741 727 
469 725 669 742 741 
470 741 742 720 743 
471 727 741 743 623 
472 680 745 744 732 
473 745 723 746 744 
474 744 746 725 747 
475 732 744 747 427 
476 757 667 758 756 
477 756 758 698 759 
478 739 756 759 696 
479 294 761 760 610 
480 761 84 762 760 
481 760 762 295 663 
482 610 760 663 293 
483 293 764 763 692 
484 764 663 765 763 
485 690 767 766 736 
486 767 692 768 766 
487 734 771 769 770 
488 771 736 772 769 
489 769 772 667 757 
490 770 769 757 697 
491 697 775 773 774 
492 775 757 776 773 
493 773 776 756 777 
494 774 773 777 739 
495 782 724 783 781 
496 781 783 669 784 
497 746 781 784 725 
498 699 787 785 786 
499 787 666 788 785 
500 785 788 724 782 
501 786 785 782 723 
502 723 791 789 790 
503 791 782 792 789 
504 789 792 781 793 
505 790 789 793 746 
506 667 795 794 758 
507 758 794 797 698 
508 798 799 717 800 
509 721 798 800 510 
510 669 780 801 742 
511 780 296 802 801 
512 801 802 721 803 
513 742 801 803 720 
514 724 805 804 783 
515 804 806 780 807 
516 783 804 807 669 
517 736 809 808 772 
518 809 766 810 808 
519 808 810 753 795 
520 772 808 795 667 
521 795 821 819 820 
522 821 753 822 819 
523 819 822 796 823 
524 820 819 823 794 
525 666 825 824 788 
526 825 755 826 824 
527 788 824 805 724 
528 830 832 296 833 
529 806 830 833 780 
530 805 836 834 835 
531 836 778 837 834 
532 834 837 806 838 
533 835 834 838 804 
534 692 840 839 768 
535 840 763 841 839 
536 843 812 844 842 
537 842 844 811 845 
538 752 818 846 847 
539 818 754 848 846 
540 846 848 668 849 
541 847 846 849 755 
542 852 817 853 850 
543 850 853 754 854 
544 851 850 854 818 
545 796 857 855 856 
546 857 815 851 855 
547 855 851 818 858 
548 856 855 858 752 
549 766 860 859 810 
550 860 768 861 859 
551 859 861 426 816 
552 810 859 816 753 
553 816 864 862 863 
554 864 426 865 862 
555 862 865 817 852 
556 863 862 852 815 
557 815 868 866 867 
558 868 852 869 866 
559 866 869 850 870 
560 867 866 870 851 
561 755 849 871 826 
562 849 668 872 871 
563 668 874 873 872 
564 874 814 875 873 
565 873 875 827 876 
566 871 879 877 878 
567 879 872 880 877 
568 877 880 779 881 
569 826 884 882 883 
570 884 871 878 882 
571 882 878 831 885 
572 883 882 885 778 
573 296 829 886 802 
574 829 751 887 886 
575 886 887 798 888 
576 802 886 888 721 
577 876 827 890 889 
578 889 890 829 891 
579 832 889 891 296 
580 831 881 892 893 
581 881 779 894 892 
582 892 894 832 895 
583 893 892 895 830 
584 878 898 896 897 
585 898 877 899 896 
586 896 899 881 900 
587 897 896 900 831 
588 754 845 901 848 
589 845 811 902 901 
590 901 902 814 874 
591 848 901 874 668 
592 817 904 903 853 
593 904 842 905 903 
594 903 905 845 906 
595 853 903 906 754 
596 872 908 907 880 
597 908 873 909 907 
598 907 909 876 910 
599 880 907 910 779 
600 912 658 913 911 
601 911 913 661 914 
602 812 924 923 844 
603 924 749 925 923 
604 844 923 926 811 
605 814 931 930 875 
606 931 748 932 930 
607 875 930 933 827 
608 663 935 934 765 
609 935 295 936 934 
610 763 938 937 841 
611 938 765 939 937 
612 749 941 940 925 
613 941 920 942 940 
614 940 942 919 943 
615 925 940 943 813 
616 811 926 944 902 
617 926 813 945 944 
618 944 945 748 931 
619 902 944 931 814 
620 923 948 946 947 
621 948 925 949 946 
622 946 949 813 950 
623 947 946 950 926 
624 748 952 951 932 
625 952 922 953 951 
626 951 953 927 954 
627 932 951 954 828 
628 827 933 955 890 
629 933 828 956 955 
630 955 956 751 957 
631 890 955 957 829 
632 930 960 958 959 
633 960 932 961 958 
634 958 961 828 962 
635 959 958 962 933 
636 914 661 964 963 
637 963 964 714 965 
638 966 967 718 968 
639 799 966 968 717 
640 922 974 973 953 
641 974 750 975 973 
642 973 975 928 976 
643 953 973 976 927 
644 765 981 980 939 
645 981 934 982 980 
646 980 982 916 978 
647 662 985 983 984 
648 985 978 986 983 
649 983 986 977 987 
650 984 983 987 921 
651 750 989 988 975 
652 989 970 990 988 
653 988 990 969 991 
654 975 988 991 928 
655 664 993 992 917 
656 993 911 994 992 
657 992 994 914 995 
658 917 992 995 87 
659 997 664 998 996 
660 996 998 917 999 
661 978 1001 1000 986 
662 1001 916 1002 1000 
663 1000 1002 979 1003 
664 986 1000 1003 977 
665 999 917 1005 1004 
666 1004 1005 87 1006 
667 979 1009 1007 1008 
668 1009 996 1010 1007 
669 1007 1010 999 1011 
670 1008 1007 1011 915 
671 1 1014 1012 1013 
672 1014 12 144 1012 
673 1012 144 10 62 
674 1013 1012 62 11 
675 16 1016 1015 598 
676 1016 2 1017 1015 
677 1015 1017 17 647 
678 598 1015 647 15 
679 20 94 1018 1019 
680 94 19 542 1018 
681 1018 542 22 1020 
682 1019 1018 1020 4 
683 10 1023 1021 1022 
684 1023 25 148 1021 
685 1021 148 23 66 
686 1022 1021 66 24 
687 21 46 1024 543 
688 46 28 1025 1024 
689 1024 1025 30 1026 
690 543 1024 1026 9 
691 32 1028 1027 601 
692 1028 15 1029 1027 
693 1027 1029 33 651 
694 601 1027 651 31 
695 36 97 1030 1031 
696 97 35 546 1030 
697 1030 546 38 1032 
698 1031 1030 1032 19 
699 23 1035 1033 1034 
700 1035 41 152 1033 
701 1033 152 39 70 
702 1034 1033 70 40 
703 37 74 1036 547 
704 74 44 1037 1036 
705 1036 1037 46 1038 
706 547 1036 1038 21 
707 48 1040 1039 604 
708 1040 31 1041 1039 
709 1039 1041 49 655 
710 604 1039 655 47 
711 52 100 1042 1043 
712 100 51 550 1042 
713 1042 550 54 1044 
714 1043 1042 1044 35 
715 70 1047 1045 1046 
716 1047 39 156 1045 
717 1045 156 56 112 
718 1046 1045 112 68 
719 53 120 1048 551 
720 120 72 1049 1048 
721 1048 1049 74 1050 
722 551 1048 1050 37 
723 76 104 1051 1052 
724 104 75 554 1051 
725 1051 554 78 1053 
726 1052 1051 1053 51 
727 85 1055 1054 607 
728 1055 47 1056 1054 
729 1054 1056 86 659 
730 607 1054 659 84 
731 98 135 1057 1058 
732 135 76 1052 1057 
733 1057 1052 51 1059 
734 1058 1057 1059 100 
735 77 369 1060 555 
736 369 118 1061 1060 
737 1060 1061 120 1062 
738 555 1060 1062 53 
739 103 231 1063 1064 
740 231 121 558 1063 
741 1063 558 123 1065 
742 1064 1063 1065 75 
743 117 142 1066 1067 
744 142 83 200 1066 
745 1066 200 125 1068 
746 1067 1066 1068 136 
747 130 1070 1069 197 
748 1070 191 222 1069 
749 1069 222 190 1071 
750 197 1069 1071 170 
751 190 225 1072 1073 
752 225 192 1074 1072 
753 1072 1074 131 240 
754 1073 1072 240 193 
755 170 1071 1075 209 
756 1071 190 1073 1075 
757 1075 1073 193 1076 
758 209 1075 1076 128 
759 105 1078 1077 224 
760 1078 218 255 1077 
761 1077 255 217 1079 
762 224 1077 1079 192 
763 217 258 1080 1081 
764 258 219 1082 1080 
765 1080 1082 186 267 
766 1081 1080 267 220 
767 192 1079 1083 1074 
768 1079 217 1081 1083 
769 1083 1081 220 260 
770 1074 1083 260 131 
771 128 1076 1084 1085 
772 1076 193 239 1084 
773 1084 239 226 1086 
774 1085 1084 1086 205 
775 229 375 1087 1088 
776 375 230 562 1087 
777 1087 562 121 1089 
778 1088 1087 1089 231 
779 126 335 1090 1091 
780 335 229 1088 1090 
781 1090 1088 231 1092 
782 1091 1090 1092 103 
783 109 237 1093 1094 
784 237 189 356 1093 
785 1093 356 232 1095 
786 1094 1093 1095 201 
787 219 285 1096 1082 
788 285 250 1097 1096 
789 1096 1097 253 1098 
790 1082 1096 1098 186 
791 186 1098 1099 268 
792 1098 253 1100 1099 
793 1099 1100 263 1101 
794 268 1099 1101 236 
795 301 393 1102 1103 
796 393 303 1104 1102 
797 1102 1104 91 407 
798 1103 1102 407 304 
799 248 382 1105 349 
800 382 301 1103 1105 
801 1105 1103 304 400 
802 349 1105 400 185 
803 314 1107 1106 385 
804 1107 316 449 1106 
805 1106 449 184 391 
806 385 1106 391 302 
807 292 1109 1108 323 
808 1109 317 1110 1108 
809 1108 1110 306 325 
810 323 1108 325 247 
811 338 354 1111 360 
812 354 249 1112 1111 
813 1111 1112 341 1113 
814 360 1111 1113 339 
815 122 511 1114 559 
816 511 367 1115 1114 
817 1114 1115 369 1116 
818 559 1114 1116 77 
819 370 514 1117 563 
820 514 371 1118 1117 
821 1117 1118 122 1119 
822 563 1117 1119 372 
823 303 419 1120 1104 
824 419 386 477 1120 
825 1120 477 389 421 
826 1104 1120 421 91 
827 374 423 1121 1122 
828 423 403 566 1121 
829 1121 566 405 1123 
830 1122 1121 1123 230 
831 416 471 1124 1125 
832 471 418 481 1124 
833 1124 481 386 1126 
834 1125 1124 1126 419 
835 432 462 1127 482 
836 462 434 1128 1127 
837 1127 1128 388 1129 
838 482 1127 1129 435 
839 448 1132 1130 1131 
840 1132 440 452 1130 
841 1130 452 387 470 
842 1131 1130 470 417 
843 456 1134 1133 580 
844 1134 429 618 1133 
845 1133 618 457 1135 
846 580 1133 1135 455 
847 434 581 1136 1128 
848 581 455 1137 1136 
849 1136 1137 458 1138 
850 1128 1136 1138 388 
851 446 527 1139 486 
852 527 459 1140 1139 
853 1139 1140 462 1141 
854 486 1139 1141 432 
855 475 499 1142 1143 
856 499 443 501 1142 
857 1142 501 485 1144 
858 1143 1142 1144 493 
859 371 624 1145 1118 
860 624 509 1146 1145 
861 1145 1146 511 1147 
862 1118 1145 1147 122 
863 404 531 1148 567 
864 531 512 1149 1148 
865 1148 1149 514 1150 
866 567 1148 1150 370 
867 422 540 1151 1152 
868 540 515 570 1151 
869 1151 570 517 1153 
870 1152 1151 1153 403 
871 442 1155 1154 523 
872 1155 518 1156 1154 
873 1154 1156 456 579 
874 523 1154 579 297 
875 529 1158 1157 586 
876 1158 431 632 1157 
877 1157 632 530 1159 
878 586 1157 1159 528 
879 516 587 1160 571 
880 587 528 1161 1160 
881 1160 1161 531 1162 
882 571 1160 1162 404 
883 84 1164 1163 762 
884 1164 659 1165 1163 
885 1163 1165 658 912 
886 762 1163 912 295 
887 589 1167 1166 677 
888 1167 671 701 1166 
889 1166 701 670 1168 
890 677 1166 1168 638 
891 641 1170 1169 688 
892 1170 679 730 1169 
893 1169 730 681 1171 
894 688 1169 1171 591 
895 696 759 1172 1173 
896 759 698 1174 1172 
897 1172 1174 666 787 
898 1173 1172 787 699 
899 672 740 1175 1176 
900 740 696 1173 1175 
901 1175 1173 699 1177 
902 1176 1175 1177 590 
903 590 1177 1178 1179 
904 1177 699 786 1178 
905 1178 786 723 745 
906 1179 1178 745 680 
907 695 1182 1180 1181 
908 1182 734 770 1180 
909 1180 770 697 738 
910 1181 1180 738 424 
911 698 797 1183 1174 
912 797 752 847 1183 
913 1183 847 755 825 
914 1174 1183 825 666 
915 794 823 1184 1185 
916 823 796 856 1184 
917 1184 856 752 1186 
918 1185 1184 1186 797 
919 751 929 1187 887 
920 929 665 1188 1187 
921 1187 1188 799 1189 
922 887 1187 1189 798 
923 753 1191 1190 822 
924 1191 816 863 1190 
925 1190 863 815 857 
926 822 1190 857 796 
927 824 1194 1192 1193 
928 1194 826 883 1192 
929 1192 883 778 836 
930 1193 1192 836 805 
931 778 885 1195 837 
932 885 831 893 1195 
933 1195 893 830 1196 
934 837 1195 1196 806 
935 768 1198 1197 861 
936 1198 839 1199 1197 
937 1197 1199 812 843 
938 861 1197 843 426 
939 426 1201 1200 865 
940 1201 843 1202 1200 
941 1200 1202 842 904 
942 865 1200 904 817 
943 779 910 1203 894 
944 910 876 1204 1203 
945 1203 1204 889 1205 
946 894 1203 1205 832 
947 295 1207 1206 936 
948 1207 912 1208 1206 
949 1206 1208 911 993 
950 936 1206 993 664 
951 920 1210 1209 942 
952 1210 662 984 1209 
953 1209 984 921 1211 
954 942 1209 1211 919 
955 919 1211 1212 1213 
956 1211 921 1214 1212 
957 1212 1214 750 974 
958 1213 1212 974 922 
959 813 943 1215 945 
960 943 919 1213 1215 
961 1215 1213 922 952 
962 945 1215 952 748 
963 828 954 1216 956 
964 954 927 1217 1216 
965 1216 1217 929 1218 
966 956 1216 1218 751 
967 934 1220 1219 982 
968 1220 936 1221 1219 
969 1219 1221 664 997 
970 982 1219 997 916 
971 87 995 1222 967 
972 995 914 1223 1222 
973 1222 1223 963 1224 
974 967 1222 1224 718 
975 665 972 1225 1188 
976 972 918 1226 1225 
977 1225 1226 966 1227 
978 1188 1225 1227 799 
979 918 1006 1228 1226 
980 1006 87 1229 1228 
981 1228 1229 967 1230 
982 1226 1228 1230 966 
983 977 1003 1231 1232 
984 1003 979 1008 1231 
985 1231 1008 915 1233 
986 1232 1231 1233 970 
987 921 987 1234 1214 
988 987 977 1232 1234 
989 1234 1232 970 989 
990 1214 1234 989 750 
991 916 1236 1235 1002 
992 1236 997 1237 1235 
993 1235 1237 996 1009 
994 1002 1235 1009 979 
995 28 707 1238 1025 
996 707 29 1239 1238 
997 1238 1239 3 1240 
998 1025 1238 1240 30 
999 44 710 1241 1037 
1000 710 45 1242 1241 
1001 1241 1242 28 1243 
1002 1037 1241 1243 46 
1003 72 713 1244 1049 
1004 713 73 1245 1244 
1005 1244 1245 44 1246 
1006 1049 1244 1246 74 
1007 101 127 1247 1248 
1008 127 103 1064 1247 
1009 1247 1064 75 1249 
1010 1248 1247 1249 104 
1011 102 138 1250 1251 
1012 138 101 1248 1250 
1013 1250 1248 104 1252 
1014 1251 1250 1252 76 
1015 118 716 1253 1061 
1016 716 119 1254 1253 
1017 1253 1254 72 1255 
1018 1061 1253 1255 120 
1019 124 234 1256 1257 
1020 234 126 1091 1256 
1021 1256 1091 103 1258 
1022 1257 1256 1258 127 
1023 125 202 1259 1260 
1024 202 124 1257 1259 
1025 1259 1257 127 1261 
1026 1260 1259 1261 101 
1027 136 1068 1262 1263 
1028 1068 125 1260 1262 
1029 1262 1260 101 1264 
1030 1263 1262 1264 138 
1031 132 228 1265 1266 
1032 228 109 1094 1265 
1033 1265 1094 201 1267 
1034 1266 1265 1267 199 
1035 171 210 1268 1269 
1036 210 128 1085 1268 
1037 1268 1085 205 1270 
1038 1269 1268 1270 203 
1039 367 719 1271 1115 
1040 719 368 1272 1271 
1041 1271 1272 118 1273 
1042 1115 1271 1273 369 
1043 373 409 1274 1275 
1044 409 374 1122 1274 
1045 1274 1122 230 1276 
1046 1275 1274 1276 375 
1047 334 402 1277 1278 
1048 402 373 1275 1277 
1049 1277 1275 375 1279 
1050 1278 1277 1279 229 
1051 455 1135 1280 1137 
1052 1135 457 1281 1280 
1053 1280 1281 428 1282 
1054 1137 1280 1282 458 
1055 509 722 1283 1146 
1056 722 510 1284 1283 
1057 1283 1284 367 1285 
1058 1146 1283 1285 511 
1059 512 628 1286 1149 
1060 628 513 1287 1286 
1061 1286 1287 371 1288 
1062 1149 1286 1288 514 
1063 518 1290 1289 1156 
1064 1290 520 1291 1289 
1065 1289 1291 429 1134 
1066 1156 1289 1134 456 
1067 528 1159 1292 1161 
1068 1159 530 1293 1292 
1069 1292 1293 512 1294 
1070 1161 1292 1294 531 
1071 457 621 1295 1281 
1072 621 592 1296 1295 
1073 1295 1296 595 1297 
1074 1281 1295 1297 428 
1075 520 1299 1298 1291 
1076 1299 614 1300 1298 
1077 1298 1300 593 619 
1078 1291 1298 619 429 
1079 513 684 1301 1287 
1080 684 622 1302 1301 
1081 1301 1302 624 1303 
1082 1287 1301 1303 371 
1083 530 635 1304 1293 
1084 635 625 1305 1304 
1085 1304 1305 628 1306 
1086 1293 1304 1306 512 
1087 670 704 1307 1308 
1088 704 672 1176 1307 
1089 1307 1176 590 1309 
1090 1308 1307 1309 673 
1091 638 1168 1310 1311 
1092 1168 670 1308 1310 
1093 1310 1308 673 1312 
1094 1311 1310 1312 588 
1095 588 1312 1313 1314 
1096 1312 673 1315 1313 
1097 1313 1315 679 1170 
1098 1314 1313 1170 641 
1099 673 1309 1316 1315 
1100 1309 590 1179 1316 
1101 1316 1179 680 731 
1102 1315 1316 731 679 
1103 693 1319 1317 1318 
1104 1319 695 1181 1317 
1105 1317 1181 424 702 
1106 1318 1317 702 671 
1107 645 1322 1320 1321 
1108 1322 693 1318 1320 
1109 1320 1318 671 1167 
1110 1321 1320 1167 589 
1111 368 965 1323 1272 
1112 965 714 1324 1323 
1113 1323 1324 716 1325 
1114 1272 1323 1325 118 
1115 510 800 1326 1284 
1116 800 717 1327 1326 
1117 1326 1327 719 1328 
1118 1284 1326 1328 367 
1119 839 1330 1329 1199 
1120 1330 841 1331 1329 
1121 1329 1331 749 924 
1122 1199 1329 924 812 
1123 927 976 1332 1217 
1124 976 928 1333 1332 
1125 1332 1333 665 1334 
1126 1217 1332 1334 929 
1127 841 1336 1335 1331 
1128 1336 937 1337 1335 
1129 1335 1337 920 941 
1130 1331 1335 941 749 
1131 970 1233 1338 990 
1132 1233 915 1339 1338 
1133 1338 1339 971 1340 
1134 990 1338 1340 969 
1135 928 991 1341 1333 
1136 991 969 1342 1341 
1137 1341 1342 972 1343 
1138 1333 1341 1343 665 
1139 915 1011 1344 1339 
1140 1011 999 1345 1344 
1141 1344 1345 1004 1346 
1142 1339 1344 1346 971 
1143 83 206 1347 1348 
1144 206 132 1266 1347 
1145 1347 1266 199 1349 
1146 1348 1347 1349 200 
1147 333 378 1350 1351 
1148 378 334 1278 1350 
1149 1350 1278 229 1352 
1150 1351 1350 1352 335 
1151 233 342 1353 1354 
1152 342 333 1351 1353 
1153 1353 1351 335 1355 
1154 1354 1353 1355 126 
1155 622 728 1356 1302 
1156 728 623 1357 1356 
1157 1356 1357 509 1358 
1158 1302 1356 1358 624 
1159 636 678 1359 1360 
1160 678 638 1311 1359 
1161 1359 1311 588 1361 
1162 1360 1359 1361 639 
1163 639 1361 1362 1363 
1164 1361 588 1314 1362 
1165 1362 1314 641 687 
1166 1363 1362 687 640 
1167 643 1366 1364 1365 
1168 1366 645 1321 1364 
1169 1364 1321 589 676 
1170 1365 1364 676 637 
1171 717 968 1367 1327 
1172 968 718 1368 1367 
1173 1367 1368 368 1369 
1174 1327 1367 1369 719 
1175 623 743 1370 1357 
1176 743 720 1371 1370 
1177 1370 1371 722 1372 
1178 1357 1370 1372 509 
1179 937 1374 1373 1337 
1180 1374 939 1375 1373 
1181 1373 1375 662 1210 
1182 1337 1373 1210 920 
1183 718 1224 1376 1368 
1184 1224 963 1377 1376 
1185 1376 1377 965 1378 
1186 1368 1376 1378 368 
1187 969 1340 1379 1342 
1188 1340 971 1380 1379 
1189 1379 1380 918 1381 
1190 1342 1379 1381 972 
1191 939 1383 1382 1375 
1192 1383 980 1384 1382 
1193 1382 1384 978 985 
1194 1375 1382 985 662 
1195 971 1346 1385 1380 
1196 1346 1004 1386 1385 
1197 1385 1386 1006 1387 
1198 1380 1385 1387 918 
