2 0.000000 100.000000 157.431060
1387 1198 
1 -276.279947 0.000000 -280.179887 99.756405 0.000000 6.975647 0.009801 
2 331.535936 0.000000 -280.179887 99.756405 0.000000 6.975647 0.009801 
3 331.535936 0.000000 285.678573 99.756405 0.000000 6.975647 0.009801 
4 -276.279947 0.000000 285.678573 99.756405 0.000000 6.975647 0.009801 
5 27.627995 0.000000 2.749343 105.706595 0.212686 -8.643550 -0.101459 
6 -276.279947 0.000000 2.749343 99.756405 0.000000 6.975647 0.009801 
7 27.627995 0.000000 -280.179887 99.756405 0.000000 6.975647 0.009801 
8 331.535936 0.000000 2.749343 99.870186 0.009382 5.365599 0.005495 
9 27.627995 0.000000 285.678573 99.756405 0.000000 6.975647 0.009801 
10 -124.325976 0.000000 -138.715272 99.756405 0.000000 6.975647 0.009801 
11 -276.279947 0.000000 -138.715272 99.756405 0.000000 6.975647 0.009801 
12 -124.325976 0.000000 -280.179887 99.756405 0.000000 6.975647 0.009801 
13 27.627995 0.000000 -138.715272 99.756405 0.000000 6.975647 0.009801 
14 -124.325976 0.000000 2.749343 99.756405 0.000000 6.975647 0.009801 
15 179.581965 0.000000 -138.715272 99.756405 0.000000 6.975647 0.009801 
16 179.581965 0.000000 -280.179887 99.756405 0.000000 6.975647 0.009801 
17 331.535936 0.000000 -138.715272 99.777613 0.001813 6.966033 0.009358 
18 179.581965 0.000000 2.749343 99.960875 0.016224 4.126147 0.002489 
19 -124.325976 0.000000 144.213958 99.756405 0.000000 6.975647 0.009801 
20 -276.279947 0.000000 144.213958 99.756405 0.000000 6.975647 0.009801 
21 27.627995 0.000000 144.213958 99.756405 0.000000 6.975647 0.009801 
22 -124.325976 0.000000 285.678573 99.756405 0.000000 6.975647 0.009801 
23 -48.348991 0.000000 -67.982965 99.756405 0.000000 6.975647 0.009801 
24 -124.325976 0.000000 -67.982965 99.756405 0.000000 6.975647 0.009801 
25 -48.348991 0.000000 -138.715272 99.756405 0.000000 6.975647 0.009801 
26 27.627995 0.000000 -67.982965 99.756405 0.000000 6.975647 0.009801 
27 -48.348991 0.000000 2.749343 99.756405 0.000000 6.975647 0.009801 
28 179.581965 0.000000 144.213958 99.756405 0.000000 6.975647 0.009801 
29 331.535936 0.000000 144.213958 99.742487 -0.002179 6.945693 0.010040 
30 179.581965 0.000000 285.678573 99.756405 0.000000 6.975647 0.009801 
31 103.604980 0.000000 -67.982965 99.756405 0.000000 6.975647 0.009801 
32 103.604980 0.000000 -138.715272 99.756405 0.000000 6.975647 0.009801 
33 179.581965 0.000000 -67.982965 99.851083 0.003729 6.944542 0.007843 
34 103.604980 0.000000 2.749343 99.985658 0.015961 4.121324 0.001988 
35 -48.348991 0.000000 73.481651 99.756405 0.000000 6.975647 0.009801 
36 -124.325976 0.000000 73.481651 99.756405 0.000000 6.975647 0.009801 
37 27.627995 0.000000 73.481651 99.756405 0.000000 6.975647 0.009801 
38 -48.348991 0.000000 144.213958 99.756405 0.000000 6.975647 0.009801 
39 -10.360498 0.000000 -32.616811 99.756405 0.000000 6.975647 0.009801 
40 -48.348991 0.000000 -32.616811 99.756405 0.000000 6.975647 0.009801 
41 -10.360498 0.000000 -67.982965 99.756405 0.000000 6.975647 0.009801 
42 27.627995 0.000000 -32.616811 99.756405 0.000000 6.975647 0.009801 
43 -10.360498 0.000000 2.749343 99.756405 0.000000 6.975647 0.009801 
44 103.604980 0.000000 73.481651 99.756405 0.000000 6.975647 0.009801 
45 179.581965 0.000000 73.481651 99.692773 -0.004558 6.887133 0.010964 
46 103.604980 0.000000 144.213958 99.756405 0.000000 6.975647 0.009801 
47 65.616487 0.000000 -32.616811 99.706250 0.000589 6.887715 0.010692 
48 65.616487 0.000000 -67.982965 99.756405 0.000000 6.975647 0.009801 
49 103.604980 0.000000 -32.616811 98.918999 0.004728 4.899002 0.024319 
50 65.616487 0.000000 2.749343 101.055488 0.000043 4.830106 -0.018632 
51 -10.360498 0.000000 38.115497 99.756405 0.000000 6.975647 0.009801 
52 -48.348991 0.000000 38.115497 99.756405 0.000000 6.975647 0.009801 
53 27.627995 0.000000 38.115497 99.756405 0.000000 6.975647 0.009801 
54 -10.360498 0.000000 73.481651 99.756405 0.000000 6.975647 0.009801 
55 8.633748 0.000000 -14.933734 99.756405 0.000000 6.975647 0.009801 
56 -10.360498 0.000000 -14.933734 99.756405 0.000000 6.975647 0.009801 
57 8.633748 0.000000 -32.616811 99.756405 0.000000 6.975647 0.009801 
58 27.627995 0.000000 -14.933734 100.160946 0.008687 7.607410 0.002571 
59 8.633748 0.000000 2.749343 100.152007 0.029049 7.084415 0.001979 
60 -200.302961 0.000000 -67.982965 99.756405 0.000000 6.975647 0.009801 
61 -276.279947 0.000000 -67.982965 99.756405 0.000000 6.975647 0.009801 
62 -200.302961 0.000000 -138.715272 99.756405 0.000000 6.975647 0.009801 
63 -200.302961 0.000000 2.749343 99.756405 0.000000 6.975647 0.009801 
64 -86.337483 0.000000 -32.616811 99.756405 0.000000 6.975647 0.009801 
65 -124.325976 0.000000 -32.616811 99.756405 0.000000 6.975647 0.009801 
66 -86.337483 0.000000 -67.982965 99.756405 0.000000 6.975647 0.009801 
67 -86.337483 0.000000 2.749343 99.756405 0.000000 6.975647 0.009801 
68 -29.354744 0.000000 -14.933734 99.756405 0.000000 6.975647 0.009801 
69 -48.348991 0.000000 -14.933734 99.756405 0.000000 6.975647 0.009801 
70 -29.354744 0.000000 -32.616811 99.756405 0.000000 6.975647 0.009801 
71 -29.354744 0.000000 2.749343 99.756405 0.000000 6.975647 0.009801 
72 65.616487 0.000000 38.115497 99.849330 -0.001467 6.849048 0.007745 
73 103.604980 0.000000 38.115497 100.718846 -0.001814 5.154008 -0.011672 
74 65.616487 0.000000 73.481651 99.756405 0.000000 6.975647 0.009801 
75 8.633748 0.000000 20.432420 99.756405 0.000000 6.975647 0.009801 
76 -10.360498 0.000000 20.432420 99.756405 0.000000 6.975647 0.009801 
77 27.627995 0.000000 20.432420 99.756405 0.000000 6.975647 0.009801 
78 8.633748 0.000000 38.115497 99.756405 0.000000 6.975647 0.009801 
79 -0.863375 0.000000 -6.092195 99.756405 0.000000 6.975647 0.009801 
80 -10.360498 0.000000 -6.092195 99.756405 0.000000 6.975647 0.009801 
81 -0.863375 0.000000 -14.933734 99.756405 0.000000 6.975647 0.009801 
82 8.633748 0.000000 -6.092195 99.756405 0.000000 6.975647 0.009801 
83 -0.863375 0.000000 2.749343 99.756405 0.000000 6.975647 0.009801 
84 46.622241 0.000000 -14.933734 98.355268 0.009072 4.307781 0.035347 
85 46.622241 0.000000 -32.616811 99.756405 0.000000 6.975647 0.009801 
86 65.616487 0.000000 -14.933734 99.117878 0.003158 4.742408 0.020099 
87 46.622241 0.000000 2.749343 93.516048 -0.067302 5.017883 0.140271 
88 18.130872 0.000000 -6.092195 99.890236 0.020783 7.473785 0.007824 
89 18.130872 0.000000 -14.933734 99.756405 0.000000 6.975647 0.009801 
90 27.627995 0.000000 -6.092195 99.289112 0.095277 5.858349 0.017825 
91 18.130872 0.000000 2.749343 101.751146 -0.146703 6.437747 -0.030487 
92 -200.302961 0.000000 73.481651 99.756405 0.000000 6.975647 0.009801 
93 -276.279947 0.000000 73.481651 99.756405 0.000000 6.975647 0.009801 
94 -200.302961 0.000000 144.213958 99.756405 0.000000 6.975647 0.009801 
95 -86.337483 0.000000 38.115497 99.756405 0.000000 6.975647 0.009801 
96 -124.325976 0.000000 38.115497 99.756405 0.000000 6.975647 0.009801 
97 -86.337483 0.000000 73.481651 99.756405 0.000000 6.975647 0.009801 
98 -29.354744 0.000000 20.432420 99.756405 0.000000 6.975647 0.009801 
99 -48.348991 0.000000 20.432420 99.756405 0.000000 6.975647 0.009801 
100 -29.354744 0.000000 38.115497 99.756405 0.000000 6.975647 0.009801 
101 -0.863375 0.000000 11.590882 99.756405 0.000000 6.975647 0.009801 
102 -10.360498 0.000000 11.590882 99.756405 0.000000 6.975647 0.009801 
103 8.633748 0.000000 11.590882 99.756405 0.000000 6.975647 0.009801 
104 -0.863375 0.000000 20.432420 99.756405 0.000000 6.975647 0.009801 
105 3.885187 0.000000 -1.671426 85.107294 0.360023 -3.291224 0.336630 
106 -0.863375 0.000000 -1.671426 99.756405 0.000000 6.975647 0.009801 
107 3.885187 0.000000 -6.092195 99.756405 0.000000 6.975647 0.009801 
108 8.633748 0.000000 -1.671426 93.859782 -0.174732 2.785197 0.130547 
109 3.885187 0.000000 2.749343 99.756405 0.000000 6.975647 0.009801 
110 -19.857621 0.000000 -6.092195 99.756405 0.000000 6.975647 0.009801 
111 -29.354744 0.000000 -6.092195 99.756405 0.000000 6.975647 0.009801 
112 -19.857621 0.000000 -14.933734 99.756405 0.000000 6.975647 0.009801 
113 -19.857621 0.000000 2.749343 99.756405 0.000000 6.975647 0.009801 
114 -5.611936 0.000000 -1.671426 99.756405 0.000000 6.975647 0.009801 
115 -10.360498 0.000000 -1.671426 99.756405 0.000000 6.975647 0.009801 
116 -5.611936 0.000000 -6.092195 99.756405 0.000000 6.975647 0.009801 
117 -5.611936 0.000000 2.749343 99.756405 0.000000 6.975647 0.009801 
118 46.622241 0.000000 20.432420 99.973186 -0.038368 6.497045 0.004774 
119 65.616487 0.000000 20.432420 101.105914 -0.009060 4.428693 -0.019984 
120 46.622241 0.000000 38.115497 99.756405 0.000000 6.975647 0.009801 
121 18.130872 0.000000 11.590882 99.756405 0.000000 6.975647 0.009801 
122 27.627995 0.000000 11.590882 99.972631 0.032345 6.518741 0.004813 
123 18.130872 0.000000 20.432420 99.756405 0.000000 6.975647 0.009801 
124 3.885187 0.000000 7.170112 99.756405 0.000000 6.975647 0.009801 
125 -0.863375 0.000000 7.170112 99.756405 0.000000 6.975647 0.009801 
126 8.633748 0.000000 7.170112 99.756405 0.000000 6.975647 0.009801 
127 3.885187 0.000000 11.590882 99.756405 0.000000 6.975647 0.009801 
128 1.510906 0.000000 0.538958 99.756405 0.000000 6.975647 0.009801 
129 -0.863375 0.000000 0.538958 99.756405 0.000000 6.975647 0.009801 
130 1.510906 0.000000 -1.671426 99.756405 0.000000 6.975647 0.009801 
131 3.885187 0.000000 0.538958 85.255327 0.536297 27.327797 0.444297 
132 1.510906 0.000000 2.749343 99.756405 0.000000 6.975647 0.009801 
133 -19.857621 0.000000 11.590882 99.756405 0.000000 6.975647 0.009801 
134 -29.354744 0.000000 11.590882 99.756405 0.000000 6.975647 0.009801 
135 -19.857621 0.000000 20.432420 99.756405 0.000000 6.975647 0.009801 
136 -5.611936 0.000000 7.170112 99.756405 0.000000 6.975647 0.009801 
137 -10.360498 0.000000 7.170112 99.756405 0.000000 6.975647 0.009801 
138 -5.611936 0.000000 11.590882 99.756405 0.000000 6.975647 0.009801 
139 -3.237656 0.000000 0.538958 99.756405 0.000000 6.975647 0.009801 
140 -5.611936 0.000000 0.538958 99.756405 0.000000 6.975647 0.009801 
141 -3.237656 0.000000 -1.671426 99.756405 0.000000 6.975647 0.009801 
142 -3.237656 0.000000 2.749343 99.756405 0.000000 6.975647 0.009801 
143 -48.348991 0.000000 -209.447580 99.756405 0.000000 6.975647 0.009801 
144 -124.325976 0.000000 -209.447580 99.756405 0.000000 6.975647 0.009801 
145 -48.348991 0.000000 -280.179887 99.756405 0.000000 6.975647 0.009801 
146 27.627995 0.000000 -209.447580 99.756405 0.000000 6.975647 0.009801 
147 -10.360498 0.000000 -103.349118 99.756405 0.000000 6.975647 0.009801 
148 -48.348991 0.000000 -103.349118 99.756405 0.000000 6.975647 0.009801 
149 -10.360498 0.000000 -138.715272 99.756405 0.000000 6.975647 0.009801 
150 27.627995 0.000000 -103.349118 99.756405 0.000000 6.975647 0.009801 
151 8.633748 0.000000 -50.299888 99.756405 0.000000 6.975647 0.009801 
152 -10.360498 0.000000 -50.299888 99.756405 0.000000 6.975647 0.009801 
153 8.633748 0.000000 -67.982965 99.756405 0.000000 6.975647 0.009801 
154 27.627995 0.000000 -50.299888 99.756405 0.000000 6.975647 0.009801 
155 -0.863375 0.000000 -23.775272 99.756405 0.000000 6.975647 0.009801 
156 -10.360498 0.000000 -23.775272 99.756405 0.000000 6.975647 0.009801 
157 -0.863375 0.000000 -32.616811 99.756405 0.000000 6.975647 0.009801 
158 8.633748 0.000000 -23.775272 99.756405 0.000000 6.975647 0.009801 
159 3.885187 0.000000 -10.512965 99.756405 0.000000 6.975647 0.009801 
160 -0.863375 0.000000 -10.512965 99.756405 0.000000 6.975647 0.009801 
161 3.885187 0.000000 -14.933734 99.756405 0.000000 6.975647 0.009801 
162 8.633748 0.000000 -10.512965 99.756405 0.000000 6.975647 0.009801 
163 1.510906 0.000000 -3.881811 99.756405 0.000000 6.975647 0.009801 
164 -0.863375 0.000000 -3.881811 99.756405 0.000000 6.975647 0.009801 
165 1.510906 0.000000 -6.092195 99.756405 0.000000 6.975647 0.009801 
166 3.885187 0.000000 -3.881811 99.756405 0.000000 6.975647 0.009801 
167 0.323766 0.000000 -0.566234 62.778779 0.566655 17.514407 0.985641 
168 -0.863375 0.000000 -0.566234 99.756405 0.000000 6.975647 0.009801 
169 0.323766 0.000000 -1.671426 99.756405 0.000000 6.975647 0.009801 
170 1.510906 0.000000 -0.566234 88.005778 -0.090223 9.920432 0.278124 
171 0.323766 0.000000 0.538958 99.756405 0.000000 6.975647 0.009801 
172 -5.611936 0.000000 -10.512965 99.756405 0.000000 6.975647 0.009801 
173 -10.360498 0.000000 -10.512965 99.756405 0.000000 6.975647 0.009801 
174 -5.611936 0.000000 -14.933734 99.756405 0.000000 6.975647 0.009801 
175 -3.237656 0.000000 -3.881811 99.756405 0.000000 6.975647 0.009801 
176 -5.611936 0.000000 -3.881811 99.756405 0.000000 6.975647 0.009801 
177 -3.237656 0.000000 -6.092195 99.756405 0.000000 6.975647 0.009801 
178 0.323766 0.000000 -2.776618 99.756405 0.000000 6.975647 0.009801 
179 -0.863375 0.000000 -2.776618 99.756405 0.000000 6.975647 0.009801 
180 0.323766 0.000000 -3.881811 99.756405 0.000000 6.975647 0.009801 
181 1.510906 0.000000 -2.776618 99.756405 0.000000 6.975647 0.009801 
182 13.382310 0.000000 -1.671426 96.269099 0.196663 4.620015 0.079558 
183 13.382310 0.000000 -6.092195 100.859474 -0.326027 8.900317 -0.009268 
184 18.130872 0.000000 -1.671426 99.000170 0.384387 4.187100 0.022006 
185 13.382310 0.000000 2.749343 99.374317 -0.010982 15.188805 0.036467 
186 6.259468 0.000000 0.538958 95.083019 0.291887 2.364013 0.103405 
187 6.259468 0.000000 -1.671426 86.651296 0.036185 0.011949 0.297294 
188 8.633748 0.000000 0.538958 92.681195 -0.113819 9.942911 0.168086 
189 6.259468 0.000000 2.749343 99.802301 0.000945 7.837588 0.010167 
190 2.698046 0.000000 -0.566234 84.245550 0.277789 -8.954695 0.368243 
191 2.698046 0.000000 -1.671426 84.686170 0.364531 -7.739206 0.354235 
192 3.885187 0.000000 -0.566234 83.585740 -0.050670 7.807894 0.381929 
193 2.698046 0.000000 0.538958 78.744959 0.669398 25.406749 0.606197 
194 0.917336 0.000000 -1.118830 72.628465 0.195250 5.532022 0.662194 
195 0.323766 0.000000 -1.118830 66.631733 0.519380 -2.389528 0.817881 
196 0.917336 0.000000 -1.671426 99.756405 0.000000 6.975647 0.009801 
197 1.510906 0.000000 -1.118830 82.969342 -0.799350 -15.684554 0.426103 
198 0.917336 0.000000 -0.566234 66.670070 0.523375 24.026855 0.935220 
199 1.510906 0.000000 4.959728 99.756405 0.000000 6.975647 0.009801 
200 -0.863375 0.000000 4.959728 99.756405 0.000000 6.975647 0.009801 
201 3.885187 0.000000 4.959728 99.756405 0.000000 6.975647 0.009801 
202 1.510906 0.000000 7.170112 99.756405 0.000000 6.975647 0.009801 
203 0.323766 0.000000 1.644151 99.756405 0.000000 6.975647 0.009801 
204 -0.863375 0.000000 1.644151 99.756405 0.000000 6.975647 0.009801 
205 1.510906 0.000000 1.644151 99.756405 0.000000 6.975647 0.009801 
206 0.323766 0.000000 2.749343 99.756405 0.000000 6.975647 0.009801 
207 0.917336 0.000000 -0.013638 67.566444 0.636389 26.385717 0.934947 
208 0.323766 0.000000 -0.013638 59.863976 0.736589 34.921117 1.282854 
209 1.510906 0.000000 -0.013638 66.417589 0.959800 31.378898 1.031747 
210 0.917336 0.000000 0.538958 99.756405 0.000000 6.975647 0.009801 
211 6.259468 0.000000 -3.881811 100.973231 0.003207 8.526139 -0.012181 
212 6.259468 0.000000 -6.092195 99.756405 0.000000 6.975647 0.009801 
213 8.633748 0.000000 -3.881811 102.080502 -0.027459 10.688568 -0.029947 
214 2.698046 0.000000 -2.776618 99.756405 0.000000 6.975647 0.009801 
215 2.698046 0.000000 -3.881811 99.756405 0.000000 6.975647 0.009801 
216 3.885187 0.000000 -2.776618 100.072693 -0.000579 6.819888 0.003204 
217 5.072327 0.000000 -0.566234 82.888618 0.026032 7.675881 0.399209 
218 5.072327 0.000000 -1.671426 91.664465 2.077045 -1.315069 0.179819 
219 6.259468 0.000000 -0.566234 84.844086 0.080885 -0.109143 0.341537 
220 5.072327 0.000000 0.538958 87.545730 0.132799 21.926826 0.343729 
221 3.291617 0.000000 -1.118830 84.742286 0.360395 -7.851691 0.353094 
222 2.698046 0.000000 -1.118830 84.350084 0.318267 -8.413931 0.364232 
223 3.291617 0.000000 -1.671426 84.178863 0.409249 -6.724331 0.364728 
224 3.885187 0.000000 -1.118830 85.219366 0.363897 -3.220169 0.333801 
225 3.291617 0.000000 -0.566234 90.644721 -0.030987 14.675765 0.230451 
226 2.698046 0.000000 1.644151 99.756405 0.000000 6.975647 0.009801 
227 3.885187 0.000000 1.644151 97.462189 0.029513 10.773414 0.064520 
228 2.698046 0.000000 2.749343 99.756405 0.000000 6.975647 0.009801 
229 13.382310 0.000000 7.170112 98.634009 0.007349 9.005037 0.036149 
230 18.130872 0.000000 7.170112 100.100406 0.045579 6.565909 0.002306 
231 13.382310 0.000000 11.590882 99.756405 0.000000 6.975647 0.009801 
232 6.259468 0.000000 4.959728 99.756405 0.000000 6.975647 0.009801 
233 8.633748 0.000000 4.959728 99.756405 0.000000 6.975647 0.009801 
234 6.259468 0.000000 7.170112 99.756405 0.000000 6.975647 0.009801 
235 5.072327 0.000000 1.644151 87.378580 0.133201 21.909093 0.347886 
236 6.259468 0.000000 1.644151 89.044487 -0.024754 19.278475 0.290482 
237 5.072327 0.000000 2.749343 99.756405 0.000000 6.975647 0.009801 
238 3.291617 0.000000 1.091555 85.532537 0.549387 27.373303 0.437227 
239 2.698046 0.000000 1.091555 79.054400 0.956094 28.523963 0.627554 
240 3.291617 0.000000 0.538958 84.602611 0.452457 26.528258 0.455048 
241 3.885187 0.000000 1.091555 87.343869 0.725411 27.669127 0.391413 
242 3.291617 0.000000 1.644151 99.756405 0.000000 6.975647 0.009801 
243 5.072327 0.000000 -2.776618 102.629315 -0.039911 10.593932 -0.040792 
244 5.072327 0.000000 -3.881811 99.756405 0.000000 6.975647 0.009801 
245 6.259468 0.000000 -2.776618 100.038667 -0.108357 8.219174 0.006009 
246 11.008029 0.000000 0.538958 95.603751 -0.000207 9.617861 0.101978 
247 11.008029 0.000000 -1.671426 95.902384 0.195961 2.899599 0.085984 
248 13.382310 0.000000 0.538958 97.630672 -0.197211 7.057184 0.053778 
249 11.008029 0.000000 2.749343 97.148326 0.074142 15.394652 0.084642 
250 7.446608 0.000000 -0.566234 85.783782 0.094085 12.361080 0.340439 
251 7.446608 0.000000 -1.671426 91.497662 -0.021047 1.531185 0.183176 
252 8.633748 0.000000 -0.566234 90.707450 -0.115033 8.034396 0.209357 
253 7.446608 0.000000 0.538958 92.429475 0.001656 7.824658 0.169189 
254 5.665897 0.000000 -1.118830 90.862852 0.069245 -0.437067 0.197514 
255 5.072327 0.000000 -1.118830 91.683729 -0.668724 -1.708759 0.179044 
256 5.665897 0.000000 -1.671426 90.897809 0.069880 -0.436852 0.196707 
257 6.259468 0.000000 -1.118830 86.766363 0.033349 0.019648 0.294504 
258 5.665897 0.000000 -0.566234 84.057014 0.316917 25.247243 0.459133 
259 4.478757 0.000000 1.091555 84.817575 0.240746 24.034264 0.429373 
260 4.478757 0.000000 0.538958 84.143633 0.237603 24.733756 0.452709 
261 5.072327 0.000000 1.091555 87.236044 0.140036 21.894007 0.351437 
262 4.478757 0.000000 1.644151 84.201683 0.285768 25.332037 0.455928 
263 7.446608 0.000000 1.644151 93.558772 -0.158469 18.560397 0.178273 
264 8.633748 0.000000 1.644151 100.569475 -0.089381 12.999854 0.005500 
265 7.446608 0.000000 2.749343 102.369190 -0.470765 4.662847 -0.044257 
266 5.665897 0.000000 1.091555 86.832403 0.120276 21.092282 0.356701 
267 5.665897 0.000000 0.538958 98.617905 0.117188 -8.582398 0.035703 
268 6.259468 0.000000 1.091555 89.091416 0.013091 19.124877 0.288500 
269 5.665897 0.000000 1.644151 104.319645 -0.096109 1.239850 -0.082638 
270 18.130872 0.000000 -23.775272 99.756405 0.000000 6.975647 0.009801 
271 18.130872 0.000000 -32.616811 99.756405 0.000000 6.975647 0.009801 
272 27.627995 0.000000 -23.775272 99.756405 0.000000 6.975647 0.009801 
273 13.382310 0.000000 -10.512965 99.756405 0.000000 6.975647 0.009801 
274 13.382310 0.000000 -14.933734 99.756405 0.000000 6.975647 0.009801 
275 18.130872 0.000000 -10.512965 100.283846 -0.003262 7.753071 0.000326 
276 11.008029 0.000000 -3.881811 100.679740 -0.103677 8.616956 -0.006187 
277 11.008029 0.000000 -6.092195 100.454772 -0.026702 7.988109 -0.002730 
278 13.382310 0.000000 -3.881811 99.820074 -0.005851 7.671879 0.009546 
279 7.446608 0.000000 -2.776618 100.512474 0.004465 8.627397 -0.002827 
280 7.446608 0.000000 -3.881811 101.221162 -0.044424 9.296752 -0.015747 
281 8.633748 0.000000 -2.776618 98.957663 -0.120505 8.017551 0.027705 
282 6.853038 0.000000 -1.118830 87.001991 0.095341 0.206807 0.288809 
283 6.853038 0.000000 -1.671426 86.944773 0.094958 0.198430 0.290192 
284 7.446608 0.000000 -1.118830 91.432954 -0.027087 1.680199 0.184720 
285 6.853038 0.000000 -0.566234 90.369552 0.033429 14.227038 0.235305 
286 9.820889 0.000000 -0.566234 94.784576 -0.018742 2.420862 0.109941 
287 9.820889 0.000000 -1.671426 94.852630 0.067031 2.524399 0.108513 
288 11.008029 0.000000 -0.566234 95.348590 0.150560 2.798986 0.097881 
289 9.820889 0.000000 0.538958 92.419335 0.140438 12.108486 0.180023 
290 9.820889 0.000000 -2.776618 98.904863 -0.564776 6.338270 0.026318 
291 9.820889 0.000000 -3.881811 100.894493 -0.262764 9.531206 -0.008822 
292 11.008029 0.000000 -2.776618 98.673418 0.222906 6.485633 0.031248 
293 37.125118 0.000000 -6.092195 97.473345 0.122538 0.824726 0.051794 
294 37.125118 0.000000 -14.933734 99.574486 -0.002342 6.654993 0.013042 
295 46.622241 0.000000 -6.092195 97.795555 0.069035 2.685626 0.045762 
296 37.125118 0.000000 2.749343 102.378855 -0.131552 -0.722382 -0.046441 
297 22.879433 0.000000 -1.671426 99.553260 0.018376 -0.407660 0.008989 
298 22.879433 0.000000 -6.092195 99.529233 -0.032240 6.525873 0.013787 
299 27.627995 0.000000 -1.671426 97.929002 0.170055 -3.087866 0.043234 
300 22.879433 0.000000 2.749343 105.577976 -0.036400 -7.177633 -0.101125 
301 15.756591 0.000000 0.538958 99.093297 0.033697 3.512316 0.019556 
302 15.756591 0.000000 -1.671426 99.607463 0.051806 3.300200 0.008982 
303 18.130872 0.000000 0.538958 101.079130 0.072136 0.135874 -0.021359 
304 15.756591 0.000000 2.749343 100.191232 -0.035380 14.736273 0.018120 
305 12.195170 0.000000 -0.566234 96.565488 0.256368 3.628240 0.072325 
306 12.195170 0.000000 -1.671426 96.599922 0.254178 3.629655 0.071593 
307 13.382310 0.000000 -0.566234 96.249660 0.197132 4.611694 0.079966 
308 12.195170 0.000000 0.538958 98.799810 -0.146077 6.854160 0.029154 
309 10.414459 0.000000 -1.118830 95.240053 0.131887 2.849104 0.100270 
310 9.820889 0.000000 -1.118830 94.898306 0.069748 2.532468 0.107519 
311 10.414459 0.000000 -1.671426 95.469346 0.162666 2.782183 0.095253 
312 11.008029 0.000000 -1.118830 95.978337 0.201969 2.917048 0.084363 
313 10.414459 0.000000 -0.566234 95.050960 0.110634 2.894325 0.104415 
314 15.756591 0.000000 -3.881811 99.864607 0.078612 7.737630 0.008748 
315 15.756591 0.000000 -6.092195 99.974959 0.111387 7.551778 0.006233 
316 18.130872 0.000000 -3.881811 99.603445 -0.032562 6.522479 0.012277 
317 12.195170 0.000000 -2.776618 98.155724 0.121645 5.583495 0.040814 
318 12.195170 0.000000 -3.881811 99.786502 0.164405 7.610217 0.010133 
319 13.382310 0.000000 -2.776618 98.375416 0.088757 5.846344 0.036574 
320 10.414459 0.000000 -2.224022 95.724230 0.186500 2.747016 0.089724 
321 9.820889 0.000000 -2.224022 94.784576 -0.018742 2.420862 0.109941 
322 10.414459 0.000000 -2.776618 99.836204 0.230754 8.404527 0.010420 
323 11.008029 0.000000 -2.224022 95.724230 0.186500 2.747016 0.089724 
324 11.601599 0.000000 -1.118830 96.433160 0.255999 3.293865 0.074890 
325 11.601599 0.000000 -1.671426 96.640271 0.273395 3.280632 0.070471 
326 12.195170 0.000000 -1.118830 96.605510 0.249534 3.699008 0.071530 
327 11.601599 0.000000 -0.566234 96.145942 0.248050 3.324559 0.081053 
328 10.711244 0.000000 -1.395128 95.425994 0.158519 2.788180 0.096196 
329 10.414459 0.000000 -1.395128 95.438150 -0.036253 2.795058 0.095934 
330 10.711244 0.000000 -1.671426 95.419376 0.157846 2.789103 0.096340 
331 11.008029 0.000000 -1.395128 95.966854 0.201970 2.913159 0.084607 
332 10.711244 0.000000 -1.118830 95.142202 0.120612 2.871678 0.102412 
333 11.008029 0.000000 4.959728 100.325095 0.033280 6.921851 -0.001719 
334 13.382310 0.000000 4.959728 100.645902 0.165762 6.418912 -0.008780 
335 11.008029 0.000000 7.170112 99.756405 0.000000 6.975647 0.009801 
336 9.820889 0.000000 1.644151 94.963074 0.086924 16.143936 0.135826 
337 11.008029 0.000000 1.644151 96.805526 0.031975 13.825955 0.086957 
338 9.820889 0.000000 2.749343 100.366721 -0.017553 7.877972 -0.001141 
339 9.820889 0.000000 3.854535 100.600996 -0.117342 6.447494 -0.007853 
340 8.633748 0.000000 3.854535 97.931803 0.095204 10.931966 0.054940 
341 11.008029 0.000000 3.854535 102.328135 0.013344 4.447191 -0.043675 
342 9.820889 0.000000 4.959728 98.538929 0.008521 9.341267 0.038774 
343 9.227319 0.000000 2.196747 95.899682 0.046442 14.103948 0.107686 
344 8.633748 0.000000 2.196747 103.173128 -0.299085 2.366566 -0.061005 
345 9.227319 0.000000 1.644151 96.014493 0.037026 13.853752 0.104350 
346 9.820889 0.000000 2.196747 95.557616 0.068652 15.900126 0.121541 
347 9.227319 0.000000 2.749343 95.941665 0.042695 14.012450 0.106463 
348 12.195170 0.000000 1.644151 98.363821 0.088340 13.724117 0.053221 
349 13.382310 0.000000 1.644151 98.846156 0.069742 4.792583 0.025705 
350 12.195170 0.000000 2.749343 98.593723 0.070436 14.892267 0.051947 
351 10.414459 0.000000 2.196747 96.745050 0.037452 14.143330 0.089271 
352 10.414459 0.000000 1.644151 96.893536 0.036003 12.022008 0.079839 
353 11.008029 0.000000 2.196747 97.120573 0.063741 14.765123 0.083122 
354 10.414459 0.000000 2.749343 96.734075 0.036201 14.200819 0.089694 
355 7.446608 0.000000 3.854535 99.756405 0.000000 6.975647 0.009801 
356 6.259468 0.000000 3.854535 99.756405 0.000000 6.975647 0.009801 
357 7.446608 0.000000 4.959728 99.756405 0.000000 6.975647 0.009801 
358 9.227319 0.000000 3.301939 101.980780 -0.505612 4.018493 -0.037316 
359 8.633748 0.000000 3.301939 101.929912 0.065753 4.565734 -0.035913 
360 9.820889 0.000000 3.301939 100.392183 0.303829 7.073993 -0.002840 
361 9.227319 0.000000 3.854535 101.059633 0.043847 6.116112 -0.017342 
362 9.524104 0.000000 2.473045 95.833502 0.058083 15.013676 0.112208 
363 9.227319 0.000000 2.473045 95.909408 0.045423 14.082746 0.107402 
364 9.524104 0.000000 2.196747 95.825604 0.060613 15.087017 0.112639 
365 9.820889 0.000000 2.473045 95.545543 0.069986 15.905080 0.121830 
366 9.524104 0.000000 2.749343 94.963074 0.086924 16.143936 0.135826 
367 37.125118 0.000000 11.590882 100.362890 0.019902 5.504475 -0.004228 
368 46.622241 0.000000 11.590882 100.076606 -0.017995 5.325042 0.001304 
369 37.125118 0.000000 20.432420 99.752842 -0.053539 7.061044 0.009995 
370 22.879433 0.000000 7.170112 99.856768 -0.098245 5.966676 0.006454 
371 27.627995 0.000000 7.170112 99.917703 -0.245347 5.630375 0.004838 
372 22.879433 0.000000 11.590882 99.994492 -0.049578 6.846711 0.004815 
373 15.756591 0.000000 4.959728 100.685649 0.064610 4.924999 -0.011242 
374 18.130872 0.000000 4.959728 100.942129 -0.050536 3.532824 -0.017458 
375 15.756591 0.000000 7.170112 100.570198 -0.080933 6.138784 -0.007625 
376 12.195170 0.000000 3.854535 101.240827 0.013431 5.181834 -0.021929 
377 13.382310 0.000000 3.854535 99.295116 -0.050537 15.847324 0.040283 
378 12.195170 0.000000 4.959728 101.287892 -0.131510 5.257408 -0.022773 
379 14.569450 0.000000 -0.566234 97.439632 0.067612 4.322827 0.054437 
380 14.569450 0.000000 -1.671426 97.219420 0.031580 4.117432 0.058881 
381 15.756591 0.000000 -0.566234 99.594658 0.056672 3.247971 0.009206 
382 14.569450 0.000000 0.538958 98.543657 -0.053813 3.126426 0.030544 
383 14.569450 0.000000 -2.776618 99.304464 -0.310604 7.290782 0.019455 
384 14.569450 0.000000 -3.881811 99.944054 0.032238 7.988657 0.007541 
385 15.756591 0.000000 -2.776618 99.156242 -0.048022 5.986056 0.020690 
386 20.505152 0.000000 0.538958 101.625624 0.167878 0.152201 -0.032003 
387 20.505152 0.000000 -1.671426 100.066807 -0.069062 2.687205 -0.000614 
388 22.879433 0.000000 0.538958 103.250840 -0.127223 0.231987 -0.062973 
389 20.505152 0.000000 2.749343 103.476618 -0.119800 -0.296808 -0.067190 
390 16.943731 0.000000 -0.566234 99.424188 -0.009752 2.250873 0.012094 
391 16.943731 0.000000 -1.671426 99.424188 -0.009752 2.250873 0.012094 
392 18.130872 0.000000 -0.566234 99.685297 -0.074783 2.734282 0.007068 
393 16.943731 0.000000 0.538958 99.980939 -0.005664 3.534262 0.001632 
394 15.163021 0.000000 -1.118830 99.143535 0.010314 3.895925 0.018824 
395 14.569450 0.000000 -1.118830 97.404965 0.061051 4.290475 0.055135 
396 15.163021 0.000000 -1.671426 99.708956 0.015313 3.713988 0.007229 
397 15.756591 0.000000 -1.118830 99.594173 0.056353 3.246037 0.009215 
398 15.163021 0.000000 -0.566234 98.987307 0.002439 4.020377 0.022112 
399 14.569450 0.000000 3.854535 99.788312 -0.018492 15.350298 0.028355 
400 14.569450 0.000000 2.749343 99.694614 0.002584 14.808137 0.028599 
401 15.756591 0.000000 3.854535 100.175101 -0.034452 14.771267 0.018558 
402 14.569450 0.000000 4.959728 100.056746 0.060372 6.634767 0.003275 
403 20.505152 0.000000 4.959728 99.402614 0.098479 5.338998 0.014922 
404 22.879433 0.000000 4.959728 99.764403 0.311040 4.666934 0.006929 
405 20.505152 0.000000 7.170112 100.195682 0.232781 5.844090 -0.000497 
406 16.943731 0.000000 3.854535 100.815849 -0.104263 12.185431 -0.001532 
407 16.943731 0.000000 2.749343 100.815849 -0.104263 12.185431 -0.001532 
408 18.130872 0.000000 3.854535 101.705263 -0.170237 6.725687 -0.029231 
409 16.943731 0.000000 4.959728 100.249610 0.346067 5.161713 -0.002318 
410 22.879433 0.000000 -10.512965 99.857458 0.062749 7.185994 0.008060 
411 22.879433 0.000000 -14.933734 99.756405 0.000000 6.975647 0.009801 
412 27.627995 0.000000 -10.512965 99.744383 0.007275 6.998617 0.010076 
413 20.505152 0.000000 -3.881811 99.307879 -0.103999 5.938905 0.017541 
414 20.505152 0.000000 -6.092195 99.582114 -0.002551 6.788850 0.013071 
415 22.879433 0.000000 -3.881811 99.111840 -0.064709 5.283028 0.020780 
416 19.318012 0.000000 -0.566234 99.765453 -0.063838 2.507449 0.005335 
417 19.318012 0.000000 -1.671426 99.720645 -0.061917 2.474525 0.006220 
418 20.505152 0.000000 -0.566234 100.300680 -0.028226 2.594497 -0.005329 
419 19.318012 0.000000 0.538958 101.365150 0.327492 5.759690 -0.023742 
420 19.318012 0.000000 3.854535 102.375525 -0.153986 1.976840 -0.046062 
421 19.318012 0.000000 2.749343 102.440558 -0.145603 1.482150 -0.047462 
422 20.505152 0.000000 3.854535 102.884380 -0.133692 -1.407988 -0.055903 
423 19.318012 0.000000 4.959728 99.878268 -0.382513 4.644684 0.004620 
424 32.376556 0.000000 -1.671426 103.869265 0.058014 -2.089010 -0.074100 
425 32.376556 0.000000 -6.092195 99.154905 0.001589 4.790401 0.019391 
426 37.125118 0.000000 -1.671426 102.640645 0.049603 1.834517 -0.051162 
427 32.376556 0.000000 2.749343 101.557504 -0.224696 -8.027522 -0.024497 
428 25.253714 0.000000 0.538958 104.598169 -0.034288 0.240947 -0.087851 
429 25.253714 0.000000 -1.671426 99.467296 0.032100 -1.432434 0.010916 
430 27.627995 0.000000 0.538958 103.807429 -0.023377 0.428015 -0.073328 
431 25.253714 0.000000 2.749343 106.255992 0.364939 -6.070939 -0.114392 
432 21.692293 0.000000 -0.566234 100.066835 -0.055487 2.577934 -0.000672 
433 21.692293 0.000000 -1.671426 99.953965 -0.050931 2.481514 0.001538 
434 22.879433 0.000000 -0.566234 99.328714 0.023389 0.113797 0.013512 
435 21.692293 0.000000 0.538958 101.278367 0.111209 1.687955 -0.024980 
436 25.253714 0.000000 -3.881811 99.123268 -0.163988 5.178225 0.020437 
437 25.253714 0.000000 -6.092195 99.375768 0.083048 6.146549 0.016415 
438 27.627995 0.000000 -3.881811 95.198837 -0.026892 -0.340390 0.100250 
439 21.692293 0.000000 -2.776618 99.355914 0.206988 5.229884 0.015756 
440 20.505152 0.000000 -2.776618 99.035475 -0.272882 5.137671 0.022191 
441 21.692293 0.000000 -3.881811 99.284261 0.132340 5.778890 0.017830 
442 22.879433 0.000000 -2.776618 99.196631 -0.245815 4.873176 0.018629 
443 21.098722 0.000000 -1.118830 100.210352 -0.061280 2.700533 -0.003473 
444 20.505152 0.000000 -1.118830 100.075794 -0.062348 2.967564 -0.000635 
445 21.098722 0.000000 -1.671426 100.219584 -0.061652 2.708420 -0.003653 
446 21.692293 0.000000 -1.118830 100.038699 -0.054351 2.553898 -0.000122 
447 21.098722 0.000000 -0.566234 100.196544 -0.060722 2.688738 -0.003204 
448 19.318012 0.000000 -2.776618 99.087334 0.143415 5.143135 0.021132 
449 18.130872 0.000000 -2.776618 99.700940 -0.111415 6.350925 0.010079 
450 19.318012 0.000000 -3.881811 99.276346 -0.027167 5.942637 0.018186 
451 21.098722 0.000000 -2.224022 99.139995 0.291807 4.556120 0.019479 
452 20.505152 0.000000 -2.224022 99.782895 0.301854 5.663612 0.007595 
453 21.098722 0.000000 -2.776618 99.105824 -0.270304 4.977614 0.020588 
454 21.692293 0.000000 -2.224022 98.962926 0.076468 4.221597 0.022782 
455 24.066573 0.000000 -0.566234 98.667790 -0.002606 -1.499179 0.027210 
456 24.066573 0.000000 -1.671426 97.001556 0.018776 -2.287498 0.062203 
457 25.253714 0.000000 -0.566234 98.705019 0.025433 -1.718624 0.026520 
458 24.066573 0.000000 0.538958 103.707017 -0.142032 0.312904 -0.071473 
459 22.285863 0.000000 -1.118830 99.625880 -0.010960 2.061405 0.007938 
460 22.285863 0.000000 -1.671426 99.494857 -0.003459 1.764905 0.010467 
461 22.879433 0.000000 -1.118830 99.055758 0.035461 0.028236 0.019053 
462 22.285863 0.000000 -0.566234 99.473491 -0.001766 1.723707 0.010884 
463 21.395508 0.000000 -1.395128 100.204581 -0.061047 2.695604 -0.003361 
464 21.098722 0.000000 -1.395128 100.218707 -0.061617 2.707671 -0.003636 
465 21.395508 0.000000 -1.671426 100.209302 -0.061237 2.699637 -0.003453 
466 21.692293 0.000000 -1.395128 100.027505 -0.053899 2.544336 0.000097 
467 21.395508 0.000000 -1.118830 100.197476 -0.060760 2.689534 -0.003222 
468 19.911582 0.000000 -1.118830 100.274092 -0.037371 2.527352 -0.004833 
469 19.318012 0.000000 -1.118830 99.728405 -0.062250 2.480227 0.006066 
470 19.911582 0.000000 -1.671426 99.921635 -0.070534 2.622210 0.002258 
471 19.911582 0.000000 -0.566234 100.381683 -0.025658 2.457433 -0.007008 
472 20.801937 0.000000 -1.395128 100.260671 -0.067097 2.773999 -0.004436 
473 20.505152 0.000000 -1.395128 100.072249 -0.069007 2.689641 -0.000721 
474 20.801937 0.000000 -1.671426 100.335645 -0.066337 2.807566 -0.005910 
475 20.801937 0.000000 -1.118830 100.273475 -0.066967 2.779732 -0.004688 
476 21.692293 0.000000 1.644151 100.901763 -0.039067 0.766202 -0.017823 
477 20.505152 0.000000 1.644151 101.625624 0.167878 0.152201 -0.032003 
478 22.879433 0.000000 1.644151 103.250840 -0.127223 0.231987 -0.062973 
479 21.692293 0.000000 2.749343 103.523152 -0.047249 -3.863292 -0.066722 
480 21.098722 0.000000 -0.013638 100.989839 0.005889 1.476553 -0.019399 
481 20.505152 0.000000 -0.013638 101.625624 0.167878 0.152201 -0.032003 
482 21.692293 0.000000 -0.013638 100.135108 0.095325 1.481239 -0.002479 
483 21.098722 0.000000 0.538958 101.919020 0.076914 0.191960 -0.037672 
484 21.395508 0.000000 -0.842532 100.192352 -0.060553 2.685157 -0.003122 
485 21.098722 0.000000 -0.842532 100.199421 -0.060839 2.691196 -0.003260 
486 21.692293 0.000000 -0.842532 100.044518 -0.054586 2.558870 -0.000235 
487 21.395508 0.000000 -0.566234 100.192276 -0.060550 2.685092 -0.003121 
488 21.247115 0.000000 -1.256979 100.206028 -0.061105 2.696840 -0.003389 
489 21.098722 0.000000 -1.256979 100.215674 -0.061495 2.705080 -0.003577 
490 21.247115 0.000000 -1.395128 100.209772 -0.061256 2.700038 -0.003462 
491 21.395508 0.000000 -1.256979 100.201152 -0.060908 2.692674 -0.003294 
492 21.247115 0.000000 -1.118830 100.201391 -0.060918 2.692879 -0.003298 
493 20.801937 0.000000 -0.842532 100.348546 -0.036745 2.673900 -0.006240 
494 20.505152 0.000000 -0.842532 100.277345 -0.032290 2.618022 -0.004852 
495 20.801937 0.000000 -0.566234 100.364191 -0.029864 2.635697 -0.006571 
496 20.950330 0.000000 -1.256979 100.335645 -0.066337 2.807566 -0.005910 
497 20.801937 0.000000 -1.256979 100.273549 -0.066966 2.779765 -0.004689 
498 20.950330 0.000000 -1.395128 100.335645 -0.066337 2.807566 -0.005910 
499 20.950330 0.000000 -1.118830 100.335645 -0.066337 2.807566 -0.005910 
500 21.247115 0.000000 -0.980681 100.196998 -0.060741 2.689126 -0.003213 
501 21.098722 0.000000 -0.980681 100.204172 -0.061030 2.695254 -0.003353 
502 21.395508 0.000000 -0.980681 100.194310 -0.060632 2.686830 -0.003160 
503 21.247115 0.000000 -0.842532 100.194102 -0.060624 2.686652 -0.003156 
504 21.172919 0.000000 -1.187905 100.207692 -0.061172 2.698261 -0.003421 
505 21.098722 0.000000 -1.187905 100.213254 -0.061397 2.703013 -0.003530 
506 21.172919 0.000000 -1.256979 100.210090 -0.061269 2.700310 -0.003468 
507 21.247115 0.000000 -1.187905 100.203766 -0.061014 2.694907 -0.003345 
508 21.172919 0.000000 -1.118830 100.205041 -0.061065 2.695997 -0.003370 
509 32.376556 0.000000 7.170112 100.241299 0.070605 4.933383 -0.002393 
510 37.125118 0.000000 7.170112 100.700411 -0.140882 3.563015 -0.012668 
511 32.376556 0.000000 11.590882 99.973859 -0.095793 6.263896 0.004462 
512 25.253714 0.000000 4.959728 99.802844 0.357769 4.479705 0.005985 
513 27.627995 0.000000 4.959728 99.758746 -0.095878 4.238561 0.006648 
514 25.253714 0.000000 7.170112 99.977936 -0.185473 5.647059 0.003643 
515 21.692293 0.000000 3.854535 103.682722 0.021910 -4.196051 -0.069455 
516 22.879433 0.000000 3.854535 106.059640 0.007426 -7.648146 -0.109130 
517 21.692293 0.000000 4.959728 99.911598 -0.357553 4.289015 0.003629 
518 24.066573 0.000000 -2.776618 99.066782 0.131249 4.730400 0.021132 
519 24.066573 0.000000 -3.881811 99.154010 0.142016 5.319846 0.019962 
520 25.253714 0.000000 -2.776618 98.412320 0.050522 3.202747 0.033299 
521 22.285863 0.000000 -2.224022 99.125847 -0.320891 4.493747 0.019711 
522 22.285863 0.000000 -2.776618 99.016668 0.222607 4.689926 0.022119 
523 22.879433 0.000000 -2.224022 98.958043 -0.040240 4.210901 0.022872 
524 21.989078 0.000000 -1.395128 99.894213 -0.039668 2.465593 0.002728 
525 21.989078 0.000000 -1.671426 99.893524 -0.039539 2.465409 0.002742 
526 22.285863 0.000000 -1.395128 99.485786 -0.002740 1.747414 0.010644 
527 21.989078 0.000000 -1.118830 99.953630 -0.043882 2.509146 0.001559 
528 24.066573 0.000000 3.854535 99.527598 0.752037 2.390870 0.010127 
529 24.066573 0.000000 2.749343 106.879696 0.277534 -6.747382 -0.124594 
530 25.253714 0.000000 3.854535 100.442146 -0.281646 0.540233 -0.008769 
531 24.066573 0.000000 4.959728 99.639271 -0.473024 4.468021 0.009282 
532 22.285863 0.000000 3.301939 104.355743 -0.078303 -5.459675 -0.080815 
533 21.692293 0.000000 3.301939 103.683646 0.022310 -4.197976 -0.069471 
534 22.285863 0.000000 2.749343 104.451456 -0.064861 -5.678647 -0.082358 
535 22.879433 0.000000 3.301939 105.568550 -0.053895 -7.377878 -0.100708 
536 22.285863 0.000000 3.854535 104.418235 -0.061442 -5.611518 -0.081815 
537 21.098722 0.000000 3.301939 103.446835 -0.080325 -3.704144 -0.065404 
538 20.505152 0.000000 3.301939 103.292093 -0.121799 -0.503962 -0.063727 
539 21.098722 0.000000 2.749343 103.452597 -0.077828 -3.716161 -0.065504 
540 21.098722 0.000000 3.854535 103.410308 -0.096156 -3.627974 -0.064772 
541 -48.348991 0.000000 214.946266 99.756405 0.000000 6.975647 0.009801 
542 -124.325976 0.000000 214.946266 99.756405 0.000000 6.975647 0.009801 
543 27.627995 0.000000 214.946266 99.756405 0.000000 6.975647 0.009801 
544 -48.348991 0.000000 285.678573 99.756405 0.000000 6.975647 0.009801 
545 -10.360498 0.000000 108.847804 99.756405 0.000000 6.975647 0.009801 
546 -48.348991 0.000000 108.847804 99.756405 0.000000 6.975647 0.009801 
547 27.627995 0.000000 108.847804 99.756405 0.000000 6.975647 0.009801 
548 -10.360498 0.000000 144.213958 99.756405 0.000000 6.975647 0.009801 
549 8.633748 0.000000 55.798574 99.756405 0.000000 6.975647 0.009801 
550 -10.360498 0.000000 55.798574 99.756405 0.000000 6.975647 0.009801 
551 27.627995 0.000000 55.798574 99.756405 0.000000 6.975647 0.009801 
552 8.633748 0.000000 73.481651 99.756405 0.000000 6.975647 0.009801 
553 18.130872 0.000000 29.273958 99.756405 0.000000 6.975647 0.009801 
554 8.633748 0.000000 29.273958 99.756405 0.000000 6.975647 0.009801 
555 27.627995 0.000000 29.273958 99.756405 0.000000 6.975647 0.009801 
556 18.130872 0.000000 38.115497 99.756405 0.000000 6.975647 0.009801 
557 22.879433 0.000000 16.011651 99.756405 0.000000 6.975647 0.009801 
558 18.130872 0.000000 16.011651 99.756405 0.000000 6.975647 0.009801 
559 27.627995 0.000000 16.011651 99.072633 0.002126 8.112006 0.025498 
560 22.879433 0.000000 20.432420 99.756405 0.000000 6.975647 0.009801 
561 20.505152 0.000000 9.380497 100.681016 0.149518 5.809191 -0.010214 
562 18.130872 0.000000 9.380497 99.462441 0.022275 7.702017 0.016856 
563 22.879433 0.000000 9.380497 100.423087 0.021628 5.793452 -0.005104 
564 20.505152 0.000000 11.590882 98.641195 0.004183 8.843886 0.035697 
565 21.692293 0.000000 6.064920 99.539412 -0.051605 5.884912 0.012770 
566 20.505152 0.000000 6.064920 100.239037 -0.045613 5.026580 -0.002256 
567 22.879433 0.000000 6.064920 99.961969 -0.147149 5.254303 0.003532 
568 21.692293 0.000000 7.170112 100.569579 -0.033607 5.052964 -0.008814 
569 22.285863 0.000000 4.407132 99.417028 0.451753 4.601481 0.013901 
570 21.692293 0.000000 4.407132 99.446543 0.391575 3.756884 0.012578 
571 22.879433 0.000000 4.407132 99.627877 -0.599517 3.159405 0.008515 
572 22.285863 0.000000 4.959728 100.831762 0.207766 2.438201 -0.015919 
573 21.989078 0.000000 3.578237 103.805914 0.002890 -4.412689 -0.071578 
574 21.692293 0.000000 3.578237 103.676498 0.019212 -4.183070 -0.069349 
575 21.989078 0.000000 3.301939 103.821622 -0.001649 -4.439136 -0.071849 
576 22.285863 0.000000 3.578237 104.255228 -0.061708 -5.263430 -0.079153 
577 21.989078 0.000000 3.854535 103.897930 0.022092 -4.593076 -0.073140 
578 23.473003 0.000000 -1.118830 98.830546 0.034418 -0.947659 0.023739 
579 23.473003 0.000000 -1.671426 97.513271 0.061533 -1.621833 0.051167 
580 24.066573 0.000000 -1.118830 97.153821 0.036642 -2.076479 0.058893 
581 23.473003 0.000000 -0.566234 99.248939 0.016269 -0.854497 0.015202 
582 24.066573 0.000000 1.644151 103.583045 -0.128210 0.290128 -0.069172 
583 25.253714 0.000000 1.644151 104.598169 -0.034288 0.240947 -0.087851 
584 23.473003 0.000000 3.301939 106.511216 0.127424 -7.194470 -0.117657 
585 23.473003 0.000000 2.749343 106.499192 0.133828 -7.125521 -0.117527 
586 24.066573 0.000000 3.301939 106.877485 0.276290 -6.637878 -0.124675 
587 23.473003 0.000000 3.854535 106.743079 0.203963 -6.835540 -0.122122 
588 30.002275 0.000000 0.538958 105.884852 0.067992 0.493819 -0.110901 
589 30.002275 0.000000 -1.671426 101.148424 0.155759 -3.010068 -0.021838 
590 32.376556 0.000000 0.538958 106.882771 -0.119849 0.120271 -0.128338 
591 30.002275 0.000000 2.749343 105.349312 -0.019069 -9.207717 -0.094161 
592 26.440854 0.000000 -0.566234 99.411488 -0.074743 -1.787148 0.012161 
593 26.440854 0.000000 -1.671426 98.720429 -0.091104 -2.201328 0.026402 
594 27.627995 0.000000 -0.566234 98.662486 0.138130 -2.553858 0.027765 
595 26.440854 0.000000 0.538958 103.797549 -0.021084 0.375274 -0.073149 
596 103.604980 0.000000 -209.447580 99.756405 0.000000 6.975647 0.009801 
597 103.604980 0.000000 -280.179887 99.756405 0.000000 6.975647 0.009801 
598 179.581965 0.000000 -209.447580 99.756405 0.000000 6.975647 0.009801 
599 65.616487 0.000000 -103.349118 99.756405 0.000000 6.975647 0.009801 
600 65.616487 0.000000 -138.715272 99.756405 0.000000 6.975647 0.009801 
601 103.604980 0.000000 -103.349118 99.756405 0.000000 6.975647 0.009801 
602 46.622241 0.000000 -50.299888 99.756405 0.000000 6.975647 0.009801 
603 46.622241 0.000000 -67.982965 99.756405 0.000000 6.975647 0.009801 
604 65.616487 0.000000 -50.299888 99.756405 0.000000 6.975647 0.009801 
605 37.125118 0.000000 -23.775272 99.756405 0.000000 6.975647 0.009801 
606 37.125118 0.000000 -32.616811 99.756405 0.000000 6.975647 0.009801 
607 46.622241 0.000000 -23.775272 99.634810 0.013837 6.785743 0.011998 
608 32.376556 0.000000 -10.512965 99.505745 0.048510 6.478296 0.014201 
609 32.376556 0.000000 -14.933734 99.655999 0.012022 6.830607 0.011630 
610 37.125118 0.000000 -10.512965 100.781646 0.013201 8.126654 -0.009030 
611 30.002275 0.000000 -3.881811 100.540762 0.038229 5.979532 -0.007231 
612 30.002275 0.000000 -6.092195 96.356210 0.040428 0.687618 0.075376 
613 32.376556 0.000000 -3.881811 99.118741 -0.026220 -0.116590 0.017773 
614 26.440854 0.000000 -2.776618 98.583823 -0.063839 3.979136 0.030350 
615 26.440854 0.000000 -3.881811 98.695115 0.086352 4.392747 0.028423 
616 27.627995 0.000000 -2.776618 102.458509 -0.000926 4.437235 -0.046177 
617 25.847284 0.000000 -1.118830 98.906649 -0.043931 -1.826528 0.022436 
618 25.253714 0.000000 -1.118830 98.027892 0.039875 -1.926548 0.040560 
619 25.847284 0.000000 -1.671426 99.207546 -0.043422 -1.717226 0.016269 
620 26.440854 0.000000 -1.118830 98.973681 -0.081677 -1.998849 0.021136 
621 25.847284 0.000000 -0.566234 99.259338 -0.043334 -1.698412 0.015211 
622 30.002275 0.000000 4.959728 100.564333 0.190288 2.964459 -0.010358 
623 32.376556 0.000000 4.959728 101.313002 0.245759 1.442073 -0.025726 
624 30.002275 0.000000 7.170112 100.207489 -0.015703 5.015364 -0.001637 
625 26.440854 0.000000 3.854535 99.207423 0.380577 2.564709 0.016658 
626 26.440854 0.000000 2.749343 106.736538 0.279259 -7.657160 -0.121032 
627 27.627995 0.000000 3.854535 100.034355 -0.274804 1.742378 -0.000376 
628 26.440854 0.000000 4.959728 100.476686 -0.026582 3.112124 -0.008535 
629 26.440854 0.000000 1.644151 103.796368 -0.021065 0.375472 -0.073127 
630 27.627995 0.000000 1.644151 105.789161 0.014468 -2.139494 -0.108847 
631 25.847284 0.000000 3.301939 106.656750 0.335781 -7.178907 -0.120216 
632 25.253714 0.000000 3.301939 106.447158 0.413026 -6.816668 -0.116956 
633 25.847284 0.000000 2.749343 106.325271 0.276191 -5.984139 -0.115703 
634 26.440854 0.000000 3.301939 106.772341 0.273980 -7.652912 -0.121662 
635 25.847284 0.000000 3.854535 99.000970 -0.084091 3.112002 0.021166 
636 28.815135 0.000000 -0.566234 103.423637 -0.036276 -1.946594 -0.065868 
637 28.815135 0.000000 -1.671426 103.148619 -0.048263 -2.326603 -0.060569 
638 30.002275 0.000000 -0.566234 103.533147 0.102220 -1.407216 -0.068073 
639 28.815135 0.000000 0.538958 105.281124 0.044685 0.620017 -0.100151 
640 28.815135 0.000000 1.644151 105.281124 0.044685 0.620017 -0.100151 
641 30.002275 0.000000 1.644151 105.301740 0.005353 -6.086795 -0.097395 
642 28.815135 0.000000 2.749343 105.575802 0.045826 -6.444729 -0.101933 
643 28.815135 0.000000 -2.776618 96.291596 -0.045130 4.221912 0.078681 
644 28.815135 0.000000 -3.881811 96.432061 -0.003044 1.243967 0.073878 
645 30.002275 0.000000 -2.776618 94.541123 0.141056 -2.355072 0.115244 
646 255.558951 0.000000 -67.982965 99.779488 0.002804 6.874669 0.009192 
647 255.558951 0.000000 -138.715272 99.458447 0.007195 6.476199 0.015159 
648 331.535936 0.000000 -67.982965 99.769439 0.002484 6.876403 0.009398 
649 255.558951 0.000000 2.749343 99.915045 0.011984 4.738116 0.003955 
650 141.593473 0.000000 -32.616811 99.856593 0.005635 6.583999 0.007239 
651 141.593473 0.000000 -67.982965 99.272328 -0.010674 6.132209 0.018503 
652 179.581965 0.000000 -32.616811 99.810148 0.004964 6.581203 0.008172 
653 141.593473 0.000000 2.749343 99.971830 0.018434 4.039518 0.002199 
654 84.610734 0.000000 -14.933734 100.327606 0.010834 5.947018 -0.003020 
655 84.610734 0.000000 -32.616811 98.851557 -0.036710 5.351697 0.026182 
656 103.604980 0.000000 -14.933734 99.979870 0.009625 5.719959 0.003684 
657 84.610734 0.000000 2.749343 100.011968 0.010893 4.488915 0.001778 
658 56.119364 0.000000 -6.092195 99.979147 0.022568 3.107610 0.001384 
659 56.119364 0.000000 -14.933734 98.000606 0.053660 3.605960 0.042111 
660 65.616487 0.000000 -6.092195 100.121677 0.013612 5.457467 0.000544 
661 56.119364 0.000000 2.749343 100.392678 -0.009692 2.751342 -0.007076 
662 41.873679 0.000000 -1.671426 102.580892 0.030046 3.446957 -0.049237 
663 41.873679 0.000000 -6.092195 96.529634 0.095680 -0.003665 0.071631 
664 46.622241 0.000000 -1.671426 101.793697 0.001184 16.968506 -0.007363 
665 41.873679 0.000000 2.749343 102.051008 -0.040653 0.180107 -0.040212 
666 34.750837 0.000000 0.538958 102.996074 -0.004283 0.036025 -0.058193 
667 34.750837 0.000000 -1.671426 104.877864 -0.056674 1.677354 -0.092685 
668 37.125118 0.000000 0.538958 104.775771 0.022542 -1.976216 -0.090742 
669 34.750837 0.000000 2.749343 98.479515 -0.254613 4.870119 0.033330 
670 31.189416 0.000000 -0.566234 102.446506 0.078689 -2.698177 -0.047104 
671 31.189416 0.000000 -1.671426 102.443798 0.079183 -2.686623 -0.047058 
672 32.376556 0.000000 -0.566234 104.940664 -0.005709 -1.461660 -0.093878 
673 31.189416 0.000000 0.538958 107.675793 0.346604 -10.770658 -0.132680 
674 29.408705 0.000000 -1.118830 101.018000 0.170096 -2.679757 -0.019463 
675 28.815135 0.000000 -1.118830 101.843541 -0.013258 -2.969854 -0.035385 
676 29.408705 0.000000 -1.671426 101.516293 0.115998 -2.575129 -0.029251 
677 30.002275 0.000000 -1.118830 102.176317 0.131892 -2.264340 -0.042136 
678 29.408705 0.000000 -0.566234 102.826000 0.099896 -1.738372 -0.054705 
679 31.189416 0.000000 1.644151 104.236603 -0.154042 -8.915353 -0.074216 
680 32.376556 0.000000 1.644151 106.725452 -0.099802 -8.141164 -0.120217 
681 31.189416 0.000000 2.749343 104.303569 -0.212605 -8.748820 -0.075717 
682 28.815135 0.000000 3.854535 100.095784 0.449377 1.888218 -0.001538 
683 30.002275 0.000000 3.854535 100.754219 -0.363341 1.708963 -0.014678 
684 28.815135 0.000000 4.959728 101.462765 0.100604 1.753245 -0.028552 
685 29.408705 0.000000 2.196747 106.119577 -0.005724 -6.946667 -0.111048 
686 28.815135 0.000000 2.196747 106.014418 0.060979 -5.752134 -0.110452 
687 29.408705 0.000000 1.644151 105.875123 0.013930 -6.074679 -0.107663 
688 30.002275 0.000000 2.196747 105.268988 -0.018416 -9.215317 -0.092692 
689 29.408705 0.000000 2.749343 105.899754 -0.007099 -8.983788 -0.104415 
690 34.750837 0.000000 -3.881811 94.338118 -0.112311 -6.249290 0.123629 
691 34.750837 0.000000 -6.092195 99.989101 0.009025 5.387791 0.003128 
692 37.125118 0.000000 -3.881811 98.749189 0.125217 -0.308962 0.025321 
693 31.189416 0.000000 -2.776618 100.844244 -0.198912 0.444735 -0.016726 
694 31.189416 0.000000 -3.881811 97.988752 0.004684 1.118420 0.041112 
695 32.376556 0.000000 -2.776618 95.333218 0.233968 -4.394748 0.099526 
696 33.563697 0.000000 -0.566234 103.186599 -0.191460 -0.346235 -0.061761 
697 33.563697 0.000000 -1.671426 103.186599 -0.191460 -0.346235 -0.061761 
698 34.750837 0.000000 -0.566234 104.373397 -0.128296 1.389081 -0.083586 
699 33.563697 0.000000 0.538958 105.930102 0.013239 -8.951819 -0.105006 
700 31.782986 0.000000 -1.118830 103.710276 0.020664 -2.276492 -0.071081 
701 31.189416 0.000000 -1.118830 102.428861 0.081911 -2.622906 -0.046804 
702 31.782986 0.000000 -1.671426 103.881047 0.008243 -2.182309 -0.074283 
703 32.376556 0.000000 -1.118830 104.177191 0.050150 -1.874017 -0.079852 
704 31.782986 0.000000 -0.566234 104.514405 -0.016387 -1.708650 -0.086076 
705 255.558951 0.000000 73.481651 99.760464 -0.003959 6.767738 0.009429 
706 331.535936 0.000000 73.481651 99.771504 -0.004154 6.711790 0.009129 
707 255.558951 0.000000 144.213958 99.828902 0.000165 6.851713 0.008161 
708 141.593473 0.000000 38.115497 99.751196 -0.007740 6.392306 0.009115 
709 179.581965 0.000000 38.115497 99.793539 -0.007887 6.239972 0.008065 
710 141.593473 0.000000 73.481651 99.966205 -0.001344 6.607756 0.005060 
711 84.610734 0.000000 20.432420 100.096955 -0.004154 5.523628 0.001112 
712 103.604980 0.000000 20.432420 99.795383 -0.013806 5.597434 0.007259 
713 84.610734 0.000000 38.115497 100.096918 0.007424 6.330181 0.002071 
714 56.119364 0.000000 11.590882 100.820756 0.008616 4.436831 -0.014362 
715 65.616487 0.000000 11.590882 100.277933 -0.015289 5.383604 -0.002663 
716 56.119364 0.000000 20.432420 100.162061 0.001628 6.042007 0.000407 
717 41.873679 0.000000 7.170112 101.650992 -0.063544 2.534329 -0.031887 
718 46.622241 0.000000 7.170112 101.336445 0.007071 3.083670 -0.025473 
719 41.873679 0.000000 11.590882 100.667174 -0.054213 4.775923 -0.011018 
720 34.750837 0.000000 4.959728 100.835038 0.121528 3.101290 -0.015627 
721 37.125118 0.000000 4.959728 99.995344 0.070442 3.038329 0.001018 
722 34.750837 0.000000 7.170112 100.784175 -0.093890 3.755338 -0.014186 
723 33.563697 0.000000 1.644151 105.349927 -0.184054 -6.565604 -0.097742 
724 34.750837 0.000000 1.644151 105.733150 -0.065987 -6.523041 -0.104659 
725 33.563697 0.000000 2.749343 98.242768 0.084339 4.128532 0.037516 
726 31.189416 0.000000 3.854535 100.385493 0.074008 1.136805 -0.007553 
727 32.376556 0.000000 3.854535 102.282485 0.256100 -0.945532 -0.044561 
728 31.189416 0.000000 4.959728 100.824449 -0.182222 2.391019 -0.015798 
729 31.782986 0.000000 2.196747 105.590133 -0.056320 -8.205638 -0.099999 
730 31.189416 0.000000 2.196747 104.260654 -0.175075 -8.855542 -0.074756 
731 31.782986 0.000000 1.644151 105.754370 -0.086795 -6.766881 -0.104764 
732 32.376556 0.000000 2.196747 106.602611 -0.091213 -9.270399 -0.116445 
733 31.782986 0.000000 2.749343 101.147010 -0.287662 -1.536908 -0.022453 
734 33.563697 0.000000 -2.776618 96.101333 0.087384 -6.363474 0.085295 
735 33.563697 0.000000 -3.881811 97.975395 0.175369 -1.005683 0.041367 
736 34.750837 0.000000 -2.776618 93.992854 -0.096872 -8.843959 0.135935 
737 32.970126 0.000000 -1.118830 104.436774 -0.125920 -1.113688 -0.084805 
738 32.970126 0.000000 -1.671426 104.385039 -0.099596 -1.222510 -0.083838 
739 33.563697 0.000000 -1.118830 102.325209 -0.207764 0.042848 -0.045463 
740 32.970126 0.000000 -0.566234 105.527826 -0.090254 -0.854611 -0.104528 
741 33.563697 0.000000 3.854535 103.234686 -0.152115 -4.584176 -0.060764 
742 34.750837 0.000000 3.854535 101.942375 -0.110081 0.362823 -0.038112 
743 33.563697 0.000000 4.959728 100.707340 -0.240194 2.176588 -0.013582 
744 32.970126 0.000000 2.196747 103.923296 -0.097358 -6.839870 -0.071315 
745 32.970126 0.000000 1.644151 104.412763 -0.110263 -6.368206 -0.080917 
746 33.563697 0.000000 2.196747 105.353018 -0.184177 -6.566726 -0.097796 
747 32.970126 0.000000 2.749343 98.749817 -0.200191 3.700462 0.026721 
748 39.499399 0.000000 0.538958 109.451269 -0.150971 -7.851322 -0.166667 
749 39.499399 0.000000 -1.671426 102.085022 0.004323 0.932337 -0.040786 
750 41.873679 0.000000 0.538958 103.548240 -0.039941 -11.203905 -0.057143 
751 39.499399 0.000000 2.749343 101.187949 0.063766 0.562450 -0.023459 
752 35.937977 0.000000 -0.566234 104.135428 0.022040 2.776977 -0.078714 
753 35.937977 0.000000 -1.671426 104.135642 0.022140 2.776721 -0.078718 
754 37.125118 0.000000 -0.566234 104.757458 0.071279 3.011807 -0.089962 
755 35.937977 0.000000 0.538958 103.869777 0.208453 0.692365 -0.074452 
756 34.157267 0.000000 -1.118830 104.033105 0.035856 0.901957 -0.077440 
757 34.157267 0.000000 -1.671426 104.011678 0.002198 0.995238 -0.077029 
758 34.750837 0.000000 -1.118830 104.702403 -0.143044 2.095513 -0.089367 
759 34.157267 0.000000 -0.566234 103.708798 -0.000654 0.714540 -0.071471 
760 41.873679 0.000000 -10.512965 98.019665 -0.008028 3.379035 0.041547 
761 41.873679 0.000000 -14.933734 99.534464 0.032079 6.527799 0.013684 
762 46.622241 0.000000 -10.512965 98.338438 0.017510 3.616292 0.035120 
763 39.499399 0.000000 -3.881811 95.400756 0.083657 -3.140583 0.096978 
764 39.499399 0.000000 -6.092195 98.078962 0.013034 1.365350 0.039306 
765 41.873679 0.000000 -3.881811 97.356435 -0.062748 2.362740 0.054771 
766 35.937977 0.000000 -2.776618 98.550236 -0.181071 -0.490849 0.029417 
767 35.937977 0.000000 -3.881811 97.262392 -0.038877 -1.494339 0.056384 
768 37.125118 0.000000 -2.776618 98.297265 0.011927 -0.799291 0.034664 
769 34.157267 0.000000 -2.224022 93.935787 0.119648 -9.483859 0.138611 
770 33.563697 0.000000 -2.224022 99.078268 -0.102142 -1.043166 0.018707 
771 34.157267 0.000000 -2.776618 96.728412 -0.055526 -1.834358 0.067779 
772 34.750837 0.000000 -2.224022 97.954174 -0.187328 -1.753292 0.042026 
773 33.860482 0.000000 -1.395128 103.618257 0.009184 0.518900 -0.069812 
774 33.563697 0.000000 -1.395128 102.466806 -0.205084 -0.021111 -0.048164 
775 33.860482 0.000000 -1.671426 103.119198 -0.101374 0.187410 -0.060505 
776 34.157267 0.000000 -1.395128 104.121968 0.046270 0.987895 -0.079061 
777 33.860482 0.000000 -1.118830 103.982177 0.087304 0.738754 -0.076524 
778 35.937977 0.000000 1.644151 105.216373 -0.042932 -7.202684 -0.094583 
779 37.125118 0.000000 1.644151 105.515248 -0.083868 -6.987058 -0.100229 
780 35.937977 0.000000 2.749343 103.290720 0.182091 -3.900421 -0.062343 
781 34.157267 0.000000 2.196747 105.418875 -0.108903 -7.593990 -0.097741 
782 34.157267 0.000000 1.644151 105.267253 -0.112866 -7.182382 -0.095527 
783 34.750837 0.000000 2.196747 105.809045 -0.050922 -6.743900 -0.105766 
784 34.157267 0.000000 2.749343 102.962066 0.165022 -7.205278 -0.052779 
785 34.157267 0.000000 1.091555 104.162760 -0.034820 -4.532326 -0.078083 
786 33.563697 0.000000 1.091555 104.575494 -0.153342 -6.284594 -0.083994 
787 34.157267 0.000000 0.538958 102.989104 -0.008998 0.030927 -0.058062 
788 34.750837 0.000000 1.091555 104.643077 -0.053293 -5.126718 -0.086385 
789 33.860482 0.000000 1.920449 105.589911 -0.150898 -7.531820 -0.100895 
790 33.563697 0.000000 1.920449 105.557966 -0.192304 -6.641093 -0.101393 
791 33.860482 0.000000 1.644151 105.445923 -0.156298 -7.098614 -0.098848 
792 34.157267 0.000000 1.920449 105.316344 -0.117304 -7.225785 -0.096359 
793 33.860482 0.000000 2.196747 105.938964 -0.160671 -7.943866 -0.106596 
794 35.344407 0.000000 -1.118830 104.948530 0.045109 2.288069 -0.093754 
795 35.344407 0.000000 -1.671426 104.832983 -0.016266 2.284638 -0.091665 
796 35.937977 0.000000 -1.118830 103.932423 0.027366 2.801914 -0.074958 
797 35.344407 0.000000 -0.566234 104.832983 -0.016266 2.284638 -0.091665 
798 39.499399 0.000000 4.959728 103.379510 0.024051 -1.143608 -0.065268 
799 41.873679 0.000000 4.959728 100.685539 -0.036325 3.075901 -0.012693 
800 39.499399 0.000000 7.170112 100.576224 -0.003995 3.486275 -0.010265 
801 35.937977 0.000000 3.854535 103.374528 -0.010238 -3.456281 -0.064213 
802 37.125118 0.000000 3.854535 101.668444 0.053987 0.834126 -0.032771 
803 35.937977 0.000000 4.959728 100.500784 -0.013868 1.923380 -0.009603 
804 35.344407 0.000000 2.196747 106.995231 -0.113676 -7.275313 -0.126004 
805 35.344407 0.000000 1.644151 107.314341 -0.132349 -7.635320 -0.131086 
806 35.937977 0.000000 2.196747 105.288568 -0.013998 -7.127692 -0.095980 
807 35.344407 0.000000 2.749343 101.198344 -0.120733 1.211711 -0.023550 
808 35.344407 0.000000 -2.224022 95.283125 0.151777 -7.121460 0.104204 
809 35.344407 0.000000 -2.776618 96.952251 0.142918 -3.627152 0.064111 
810 35.937977 0.000000 -2.224022 97.733172 0.128921 -3.308783 0.047463 
811 38.312258 0.000000 -0.566234 103.631858 0.004667 2.449200 -0.069550 
812 38.312258 0.000000 -1.671426 103.387651 0.002787 2.300998 -0.065060 
813 39.499399 0.000000 -0.566234 102.090459 0.004524 0.925504 -0.040892 
814 38.312258 0.000000 0.538958 104.143096 -0.007623 1.145043 -0.079420 
815 36.531548 0.000000 -1.118830 104.496718 -0.055255 2.980946 -0.085232 
816 36.531548 0.000000 -1.671426 104.463312 -0.034457 2.969443 -0.084628 
817 37.125118 0.000000 -1.118830 104.552569 0.073702 3.003658 -0.086239 
818 36.531548 0.000000 -0.566234 104.807909 -0.036807 3.013064 -0.090877 
819 35.641192 0.000000 -1.395128 104.501680 0.045068 2.478264 -0.085563 
820 35.344407 0.000000 -1.395128 104.930973 0.015617 2.248254 -0.093452 
821 35.641192 0.000000 -1.671426 104.517318 0.042173 2.469125 -0.085852 
822 35.937977 0.000000 -1.395128 103.961001 0.027298 2.796926 -0.075488 
823 35.641192 0.000000 -1.118830 104.630307 0.067998 2.459039 -0.087914 
824 35.344407 0.000000 1.091555 106.995231 -0.113676 -7.275313 -0.126004 
825 35.344407 0.000000 0.538958 102.792507 -0.141961 -0.112855 -0.054348 
826 35.937977 0.000000 1.091555 105.575845 -0.046698 -7.269192 -0.100974 
827 38.312258 0.000000 1.644151 106.123553 0.005848 -7.420075 -0.110551 
828 39.499399 0.000000 1.644151 109.017837 -0.074872 -7.928868 -0.159463 
829 38.312258 0.000000 2.749343 101.671431 -0.091782 -0.500911 -0.032870 
830 36.531548 0.000000 2.196747 102.829195 -0.098849 -3.948989 -0.053609 
831 36.531548 0.000000 1.644151 105.941675 -0.008730 -7.186849 -0.107608 
832 37.125118 0.000000 2.196747 102.073089 -0.003211 -1.517763 -0.040422 
833 36.531548 0.000000 2.749343 100.024128 -0.125983 1.452931 -0.000270 
834 35.641192 0.000000 1.920449 105.971808 -0.091770 -7.464226 -0.107802 
835 35.344407 0.000000 1.920449 107.280839 -0.130388 -7.597524 -0.130555 
836 35.641192 0.000000 1.644151 106.629348 -0.110441 -7.505472 -0.119351 
837 35.937977 0.000000 1.920449 105.242610 -0.045351 -7.213917 -0.095044 
838 35.641192 0.000000 2.196747 105.971808 -0.091770 -7.464226 -0.107802 
839 38.312258 0.000000 -2.776618 98.201769 0.059494 2.469420 0.037211 
840 38.312258 0.000000 -3.881811 95.849017 0.175715 -2.388706 0.086828 
841 39.499399 0.000000 -2.776618 99.045808 0.144057 3.247333 0.020341 
842 37.718688 0.000000 -1.118830 104.168238 0.032926 2.755026 -0.079328 
843 37.718688 0.000000 -1.671426 104.127530 0.035640 2.754900 -0.078579 
844 38.312258 0.000000 -1.118830 103.614718 -0.001902 2.456885 -0.069228 
845 37.718688 0.000000 -0.566234 104.124125 0.035087 2.752739 -0.078517 
846 36.531548 0.000000 -0.013638 103.263574 -0.014392 0.074812 -0.063217 
847 35.937977 0.000000 -0.013638 104.570794 -0.108406 -1.435735 -0.087177 
848 37.125118 0.000000 -0.013638 104.818884 0.014872 0.295952 -0.091853 
849 36.531548 0.000000 0.538958 103.263574 -0.014392 0.074812 -0.063217 
850 36.828333 0.000000 -0.842532 104.880402 0.028705 3.016410 -0.092189 
851 36.531548 0.000000 -0.842532 104.486175 -0.034613 2.972337 -0.085044 
852 36.828333 0.000000 -1.118830 104.895348 0.030203 3.017016 -0.092459 
853 37.125118 0.000000 -0.842532 104.560458 0.089818 3.004085 -0.086383 
854 36.828333 0.000000 -0.566234 104.780161 0.022639 3.012372 -0.090375 
855 36.234763 0.000000 -0.842532 104.267776 -0.072789 2.958718 -0.081053 
856 35.937977 0.000000 -0.842532 103.962302 0.027326 2.796630 -0.075512 
857 36.234763 0.000000 -1.118830 104.334132 -0.057066 2.912718 -0.082294 
858 36.234763 0.000000 -0.566234 104.020990 -0.031440 2.913451 -0.076536 
859 36.531548 0.000000 -2.224022 98.789078 -0.230527 0.378281 0.024514 
860 36.531548 0.000000 -2.776618 96.050236 0.205543 -5.428829 0.085165 
861 37.125118 0.000000 -2.224022 98.782928 0.010100 -0.310997 0.024629 
862 36.828333 0.000000 -1.395128 104.877762 0.028292 3.016302 -0.092141 
863 36.531548 0.000000 -1.395128 104.485495 -0.034608 2.972250 -0.085032 
864 36.828333 0.000000 -1.671426 104.780431 0.022062 3.012379 -0.090379 
865 37.125118 0.000000 -1.395128 104.632167 0.056996 3.006714 -0.087688 
866 36.679940 0.000000 -0.980681 104.814531 0.001588 3.000308 -0.091004 
867 36.531548 0.000000 -0.980681 104.494821 -0.034672 2.973431 -0.085202 
868 36.679940 0.000000 -1.118830 104.861075 0.006776 3.004252 -0.091845 
869 36.828333 0.000000 -0.980681 104.890747 0.029819 3.016830 -0.092376 
870 36.679940 0.000000 -0.842532 104.975163 0.002300 3.020002 -0.093900 
871 36.531548 0.000000 1.091555 106.231920 -0.016722 -7.225523 -0.112705 
872 37.125118 0.000000 1.091555 105.830181 -0.068756 -7.097122 -0.105731 
873 37.718688 0.000000 1.091555 105.620731 -0.006446 -7.287713 -0.101756 
874 37.718688 0.000000 0.538958 104.060798 -0.115686 0.036247 -0.078021 
875 38.312258 0.000000 1.091555 106.132980 0.005770 -7.419292 -0.110719 
876 37.718688 0.000000 1.644151 105.456036 0.007287 -7.256031 -0.098839 
877 36.828333 0.000000 1.367853 106.070251 -0.047905 -7.177604 -0.109902 
878 36.531548 0.000000 1.367853 105.884158 -0.015718 -7.189458 -0.106582 
879 36.828333 0.000000 1.091555 105.995868 -0.047296 -7.150078 -0.108615 
880 37.125118 0.000000 1.367853 105.563447 -0.081555 -7.003903 -0.101073 
881 36.828333 0.000000 1.644151 106.097537 -0.046890 -7.187248 -0.110374 
882 36.234763 0.000000 1.367853 105.697178 -0.001675 -7.153885 -0.103288 
883 35.937977 0.000000 1.367853 105.291202 -0.042917 -7.214149 -0.095921 
884 36.234763 0.000000 1.091555 104.757001 -0.014101 -5.237014 -0.088362 
885 36.234763 0.000000 1.644151 105.855640 0.003104 -7.164042 -0.106104 
886 38.312258 0.000000 3.854535 100.844166 -0.113857 2.365271 -0.016201 
887 39.499399 0.000000 3.854535 101.871353 0.009561 0.481747 -0.036735 
888 38.312258 0.000000 4.959728 100.751831 -0.119092 3.036861 -0.014025 
889 37.718688 0.000000 2.196747 100.054073 -0.104196 0.665160 -0.001036 
890 38.312258 0.000000 2.196747 99.816547 0.025187 1.453511 0.003888 
891 37.718688 0.000000 2.749343 102.256643 0.037841 -1.158258 -0.044031 
892 36.828333 0.000000 1.920449 106.099119 -0.045433 -7.187295 -0.110402 
893 36.531548 0.000000 1.920449 106.231920 -0.016722 -7.225523 -0.112705 
894 37.125118 0.000000 1.920449 105.594900 -0.080046 -7.014895 -0.101624 
895 36.828333 0.000000 2.196747 102.443559 0.014155 -3.099782 -0.046831 
896 36.679940 0.000000 1.506002 106.287522 -0.034551 -7.252464 -0.113654 
897 36.531548 0.000000 1.506002 105.885255 -0.015721 -7.189572 -0.106601 
898 36.679940 0.000000 1.367853 106.277082 -0.031203 -7.247405 -0.113476 
899 36.828333 0.000000 1.506002 106.084892 -0.047609 -7.182870 -0.110155 
900 36.679940 0.000000 1.644151 106.290613 -0.035542 -7.253961 -0.113706 
901 37.718688 0.000000 -0.013638 104.060798 -0.115686 0.036247 -0.078021 
902 38.312258 0.000000 -0.013638 104.872486 0.077577 0.414053 -0.092815 
903 37.421903 0.000000 -0.842532 104.507045 0.070137 2.937615 -0.085443 
904 37.421903 0.000000 -1.118830 104.471635 0.079836 2.952817 -0.084788 
905 37.718688 0.000000 -0.842532 104.164346 0.033404 2.755616 -0.079256 
906 37.421903 0.000000 -0.566234 104.335162 0.069353 2.886690 -0.082326 
907 37.421903 0.000000 1.367853 105.454075 -0.042644 -7.076013 -0.099024 
908 37.421903 0.000000 1.091555 105.467825 -0.043599 -7.076784 -0.099270 
909 37.718688 0.000000 1.367853 105.488477 0.006571 -7.267876 -0.099408 
910 37.421903 0.000000 1.644151 105.434926 -0.056450 -7.037122 -0.098726 
911 51.370803 0.000000 -1.671426 100.099671 0.058382 9.011935 0.006155 
912 51.370803 0.000000 -6.092195 98.211984 0.003291 -1.474341 0.036586 
913 56.119364 0.000000 -1.671426 88.246982 0.025775 3.801695 0.260865 
914 51.370803 0.000000 2.749343 99.442473 0.152383 6.271559 0.015219 
915 44.247960 0.000000 0.538958 99.210886 -0.037671 -28.251638 0.102313 
916 44.247960 0.000000 -1.671426 98.037393 -0.013661 -11.534686 0.054168 
917 46.622241 0.000000 0.538958 94.095990 -0.057796 4.900230 0.127223 
918 44.247960 0.000000 2.749343 102.040643 -0.019191 0.046372 -0.040015 
919 40.686539 0.000000 -0.566234 101.588335 0.105116 0.328105 -0.031274 
920 40.686539 0.000000 -1.671426 101.985618 0.101112 0.454125 -0.038937 
921 41.873679 0.000000 -0.566234 104.999665 0.065655 1.652992 -0.094891 
922 40.686539 0.000000 0.538958 109.878063 -0.241534 -8.335960 -0.173014 
923 38.905828 0.000000 -1.118830 101.779343 0.025758 1.757438 -0.034689 
924 38.905828 0.000000 -1.671426 102.157631 0.027811 1.832036 -0.041946 
925 39.499399 0.000000 -1.118830 102.229861 -0.011758 0.931254 -0.043563 
926 38.905828 0.000000 -0.566234 102.157631 0.027811 1.832036 -0.041946 
927 40.686539 0.000000 1.644151 110.309924 -0.252910 -8.175977 -0.180141 
928 41.873679 0.000000 1.644151 103.548240 -0.039941 -11.203905 -0.057143 
929 40.686539 0.000000 2.749343 100.990331 0.031400 1.966685 -0.019244 
930 38.905828 0.000000 1.091555 106.442127 0.040947 -7.258120 -0.116369 
931 38.905828 0.000000 0.538958 105.168654 -0.039368 4.565287 -0.096384 
932 39.499399 0.000000 1.091555 109.046829 -0.082023 -7.916458 -0.159956 
933 38.905828 0.000000 1.644151 106.465096 0.041411 -7.263776 -0.116766 
934 44.247960 0.000000 -3.881811 97.688595 -0.040483 3.108392 0.048255 
935 44.247960 0.000000 -6.092195 97.715513 -0.062556 2.752699 0.047470 
936 46.622241 0.000000 -3.881811 101.282684 -0.013214 6.423515 -0.021354 
937 40.686539 0.000000 -2.776618 97.157435 -0.128544 2.449620 0.059001 
938 40.686539 0.000000 -3.881811 96.523396 -0.096232 -0.098518 0.071765 
939 41.873679 0.000000 -2.776618 98.573938 0.010028 3.522905 0.030196 
940 40.092969 0.000000 -1.118830 101.935856 0.062407 0.350191 -0.037988 
941 40.092969 0.000000 -1.671426 100.649782 0.059826 1.145089 -0.012786 
942 40.686539 0.000000 -1.118830 101.556897 0.101657 0.290342 -0.030666 
943 40.092969 0.000000 -0.566234 101.869082 0.057010 0.387887 -0.036699 
944 38.905828 0.000000 -0.013638 106.151923 -0.096107 1.225392 -0.115499 
945 39.499399 0.000000 -0.013638 105.394787 0.076029 2.865787 -0.101520 
946 39.202614 0.000000 -0.842532 101.951517 0.007806 1.501802 -0.038089 
947 38.905828 0.000000 -0.842532 101.991480 0.023785 1.821584 -0.038758 
948 39.202614 0.000000 -1.118830 101.731184 0.014095 1.517885 -0.033832 
949 39.499399 0.000000 -0.842532 102.215378 -0.010277 0.932433 -0.043286 
950 39.202614 0.000000 -0.566234 101.960923 0.008719 1.516872 -0.038266 
951 40.092969 0.000000 1.091555 109.947144 -0.220988 -7.755202 -0.174814 
952 40.092969 0.000000 0.538958 110.236089 -0.261787 -7.699194 -0.179510 
953 40.686539 0.000000 1.091555 110.232458 -0.250870 -8.204674 -0.178869 
954 40.092969 0.000000 1.644151 110.236089 -0.261787 -7.699194 -0.179510 
955 38.905828 0.000000 2.196747 100.981572 0.077331 -0.406445 -0.019432 
956 39.499399 0.000000 2.196747 101.869922 0.076511 -0.859896 -0.036659 
957 38.905828 0.000000 2.749343 100.695343 0.000067 0.874465 -0.013740 
958 39.202614 0.000000 1.367853 107.183928 0.020788 -7.488657 -0.129016 
959 38.905828 0.000000 1.367853 106.522903 0.042579 -7.278010 -0.117763 
960 39.202614 0.000000 1.091555 107.384072 0.012345 -7.554950 -0.132385 
961 39.499399 0.000000 1.367853 109.079600 -0.077590 -7.946305 -0.160460 
962 39.202614 0.000000 1.644151 107.309402 0.014064 -7.532166 -0.131128 
963 51.370803 0.000000 7.170112 101.233600 0.000030 3.040899 -0.023490 
964 56.119364 0.000000 7.170112 99.954807 -0.034518 4.902567 0.003315 
965 51.370803 0.000000 11.590882 101.158412 0.000419 3.821364 -0.021500 
966 44.247960 0.000000 4.959728 101.312145 0.016592 2.655010 -0.025236 
967 46.622241 0.000000 4.959728 101.265863 -0.022498 2.523449 -0.024398 
968 44.247960 0.000000 7.170112 101.228029 -0.004696 2.915487 -0.023453 
969 43.060820 0.000000 1.644151 100.472979 0.029938 0.469108 -0.009395 
970 43.060820 0.000000 0.538958 96.974572 0.042472 -13.365645 0.081890 
971 44.247960 0.000000 1.644151 107.200585 0.241614 -23.375919 -0.088264 
972 43.060820 0.000000 2.749343 100.421603 0.013612 2.035354 -0.007989 
973 41.280109 0.000000 1.091555 109.206936 -0.223855 -8.584580 -0.161758 
974 41.280109 0.000000 0.538958 108.718978 -0.211001 -8.765344 -0.153437 
975 41.873679 0.000000 1.091555 104.358343 -0.086971 -9.093590 -0.076189 
976 41.280109 0.000000 1.644151 108.718978 -0.211001 -8.765344 -0.153437 
977 43.060820 0.000000 -0.566234 113.565184 -0.017363 4.514709 -0.232744 
978 43.060820 0.000000 -1.671426 98.813535 -0.005510 8.450050 0.031417 
979 44.247960 0.000000 -0.566234 131.847264 -0.209625 9.071589 -0.389472 
980 43.060820 0.000000 -2.776618 97.765372 0.001815 4.561486 0.047842 
981 43.060820 0.000000 -3.881811 97.510759 0.059840 2.658070 0.051695 
982 44.247960 0.000000 -2.776618 97.870250 -0.015217 1.929335 0.043836 
983 42.467250 0.000000 -1.118830 109.464991 0.007338 3.261749 -0.170678 
984 41.873679 0.000000 -1.118830 105.241510 0.062569 1.760704 -0.099210 
985 42.467250 0.000000 -1.671426 110.121761 -0.001276 3.487956 -0.181100 
986 43.060820 0.000000 -1.118830 112.641982 -0.013050 4.239431 -0.219406 
987 42.467250 0.000000 -0.566234 108.914256 0.014561 3.072063 -0.161793 
988 42.467250 0.000000 1.091555 102.143856 -0.008390 -11.257959 -0.029989 
989 42.467250 0.000000 0.538958 101.649895 0.002707 -11.276972 -0.020250 
990 43.060820 0.000000 1.091555 97.151164 0.042655 -13.237470 0.077696 
991 42.467250 0.000000 1.644151 100.043066 0.072549 -0.314961 -0.000851 
992 48.996522 0.000000 0.538958 107.375979 -0.007276 1.042879 -0.136709 
993 48.996522 0.000000 -1.671426 98.759193 -0.029935 -2.130097 0.025575 
994 51.370803 0.000000 0.538958 100.674986 0.158688 3.753740 -0.012028 
995 48.996522 0.000000 2.749343 98.602615 0.029657 5.005742 0.030926 
996 45.435101 0.000000 -0.566234 136.683454 -0.397404 14.551468 -0.389472 
997 45.435101 0.000000 -1.671426 104.180147 0.034373 -39.314855 0.072747 
998 46.622241 0.000000 -0.566234 140.591201 -0.188431 -33.248648 -0.389472 
999 45.435101 0.000000 0.538958 108.617494 0.063483 -42.309792 -0.000763 
1000 43.654390 0.000000 -1.118830 120.642991 -0.074981 6.326125 -0.322777 
1001 43.654390 0.000000 -1.671426 99.033893 0.007527 -2.804834 0.020307 
1002 44.247960 0.000000 -1.118830 130.854106 -0.217210 9.923115 -0.389472 
1003 43.654390 0.000000 -0.566234 120.506237 -0.073418 6.296599 -0.321241 
1004 45.435101 0.000000 1.644151 90.763444 -0.316710 0.566371 0.199841 
1005 46.622241 0.000000 1.644151 97.437919 0.406889 -1.985348 0.052903 
1006 45.435101 0.000000 2.749343 95.872760 -0.026979 -2.719868 0.086504 
1007 44.841530 0.000000 -0.013638 110.696511 -0.076440 -30.902030 -0.118143 
1008 44.247960 0.000000 -0.013638 100.450506 -0.047093 -27.714579 0.071164 
1009 44.841530 0.000000 -0.566234 137.763582 -0.305275 15.425976 -0.389472 
1010 45.435101 0.000000 -0.013638 118.205280 -0.137552 -22.446434 -0.268427 
1011 44.841530 0.000000 0.538958 109.469839 -0.020342 -36.523339 -0.061976 
1012 -200.302961 0.000000 -209.447580 99.756405 0.000000 6.975647 0.009801 
1013 -276.279947 0.000000 -209.447580 99.756405 0.000000 6.975647 0.009801 
1014 -200.302961 0.000000 -280.179887 99.756405 0.000000 6.975647 0.009801 
1015 255.558951 0.000000 -209.447580 99.756405 0.000000 6.975647 0.009801 
1016 255.558951 0.000000 -280.179887 99.756405 0.000000 6.975647 0.009801 
1017 331.535936 0.000000 -209.447580 99.756405 0.000000 6.975647 0.009801 
1018 -200.302961 0.000000 214.946266 99.756405 0.000000 6.975647 0.009801 
1019 -276.279947 0.000000 214.946266 99.756405 0.000000 6.975647 0.009801 
1020 -200.302961 0.000000 285.678573 99.756405 0.000000 6.975647 0.009801 
1021 -86.337483 0.000000 -103.349118 99.756405 0.000000 6.975647 0.009801 
1022 -124.325976 0.000000 -103.349118 99.756405 0.000000 6.975647 0.009801 
1023 -86.337483 0.000000 -138.715272 99.756405 0.000000 6.975647 0.009801 
1024 103.604980 0.000000 214.946266 99.756405 0.000000 6.975647 0.009801 
1025 179.581965 0.000000 214.946266 99.756405 0.000000 6.975647 0.009801 
1026 103.604980 0.000000 285.678573 99.756405 0.000000 6.975647 0.009801 
1027 141.593473 0.000000 -103.349118 99.756405 0.000000 6.975647 0.009801 
1028 141.593473 0.000000 -138.715272 99.756405 0.000000 6.975647 0.009801 
1029 179.581965 0.000000 -103.349118 99.780875 0.003672 7.016132 0.009363 
1030 -86.337483 0.000000 108.847804 99.756405 0.000000 6.975647 0.009801 
1031 -124.325976 0.000000 108.847804 99.756405 0.000000 6.975647 0.009801 
1032 -86.337483 0.000000 144.213958 99.756405 0.000000 6.975647 0.009801 
1033 -29.354744 0.000000 -50.299888 99.756405 0.000000 6.975647 0.009801 
1034 -48.348991 0.000000 -50.299888 99.756405 0.000000 6.975647 0.009801 
1035 -29.354744 0.000000 -67.982965 99.756405 0.000000 6.975647 0.009801 
1036 65.616487 0.000000 108.847804 99.756405 0.000000 6.975647 0.009801 
1037 103.604980 0.000000 108.847804 99.756405 0.000000 6.975647 0.009801 
1038 65.616487 0.000000 144.213958 99.756405 0.000000 6.975647 0.009801 
1039 84.610734 0.000000 -50.299888 99.760132 -0.002402 6.974076 0.009723 
1040 84.610734 0.000000 -67.982965 99.756405 0.000000 6.975647 0.009801 
1041 103.604980 0.000000 -50.299888 99.514671 -0.001880 6.540514 0.014102 
1042 -29.354744 0.000000 55.798574 99.756405 0.000000 6.975647 0.009801 
1043 -48.348991 0.000000 55.798574 99.756405 0.000000 6.975647 0.009801 
1044 -29.354744 0.000000 73.481651 99.756405 0.000000 6.975647 0.009801 
1045 -19.857621 0.000000 -23.775272 99.756405 0.000000 6.975647 0.009801 
1046 -29.354744 0.000000 -23.775272 99.756405 0.000000 6.975647 0.009801 
1047 -19.857621 0.000000 -32.616811 99.756405 0.000000 6.975647 0.009801 
1048 46.622241 0.000000 55.798574 99.756405 0.000000 6.975647 0.009801 
1049 65.616487 0.000000 55.798574 99.756405 0.000000 6.975647 0.009801 
1050 46.622241 0.000000 73.481651 99.756405 0.000000 6.975647 0.009801 
1051 -0.863375 0.000000 29.273958 99.756405 0.000000 6.975647 0.009801 
1052 -10.360498 0.000000 29.273958 99.756405 0.000000 6.975647 0.009801 
1053 -0.863375 0.000000 38.115497 99.756405 0.000000 6.975647 0.009801 
1054 56.119364 0.000000 -23.775272 99.616048 0.020744 6.708625 0.012272 
1055 56.119364 0.000000 -32.616811 99.686859 0.002727 6.849593 0.011032 
1056 65.616487 0.000000 -23.775272 98.838985 -0.021103 5.187863 0.026261 
1057 -19.857621 0.000000 29.273958 99.756405 0.000000 6.975647 0.009801 
1058 -29.354744 0.000000 29.273958 99.756405 0.000000 6.975647 0.009801 
1059 -19.857621 0.000000 38.115497 99.756405 0.000000 6.975647 0.009801 
1060 37.125118 0.000000 29.273958 99.756405 0.000000 6.975647 0.009801 
1061 46.622241 0.000000 29.273958 99.756405 0.000000 6.975647 0.009801 
1062 37.125118 0.000000 38.115497 99.756405 0.000000 6.975647 0.009801 
1063 13.382310 0.000000 16.011651 99.756405 0.000000 6.975647 0.009801 
1064 8.633748 0.000000 16.011651 99.756405 0.000000 6.975647 0.009801 
1065 13.382310 0.000000 20.432420 99.756405 0.000000 6.975647 0.009801 
1066 -3.237656 0.000000 4.959728 99.756405 0.000000 6.975647 0.009801 
1067 -5.611936 0.000000 4.959728 99.756405 0.000000 6.975647 0.009801 
1068 -3.237656 0.000000 7.170112 99.756405 0.000000 6.975647 0.009801 
1069 2.104476 0.000000 -1.118830 83.898690 0.362868 -13.952774 0.394247 
1070 2.104476 0.000000 -1.671426 85.386237 0.434120 -13.320916 0.354021 
1071 2.104476 0.000000 -0.566234 83.482633 0.334494 -14.144248 0.405701 
1072 3.291617 0.000000 -0.013638 85.219537 0.537477 27.321873 0.445211 
1073 2.698046 0.000000 -0.013638 78.621918 0.658333 24.927469 0.605351 
1074 3.885187 0.000000 -0.013638 88.679478 -0.360197 -20.314172 0.305329 
1075 2.104476 0.000000 -0.013638 73.054394 0.709744 25.711143 0.770002 
1076 2.104476 0.000000 0.538958 72.742759 0.931639 28.861356 0.813097 
1077 4.478757 0.000000 -1.118830 91.510768 -0.033260 -3.570698 0.184180 
1078 4.478757 0.000000 -1.671426 91.803796 0.346423 -3.212857 0.177181 
1079 4.478757 0.000000 -0.566234 91.912225 0.354334 -3.624258 0.175055 
1080 5.665897 0.000000 -0.013638 89.203839 -0.000421 3.440979 0.237786 
1081 5.072327 0.000000 -0.013638 85.511185 3.441188 4.008652 0.329124 
1082 6.259468 0.000000 -0.013638 83.207108 0.014363 18.410752 0.434360 
1083 4.478757 0.000000 -0.013638 87.881608 -0.066386 1.142411 0.267819 
1084 2.104476 0.000000 1.091555 99.756405 0.000000 6.975647 0.009801 
1085 1.510906 0.000000 1.091555 99.756405 0.000000 6.975647 0.009801 
1086 2.104476 0.000000 1.644151 99.756405 0.000000 6.975647 0.009801 
1087 15.756591 0.000000 9.380497 99.756405 0.000000 6.975647 0.009801 
1088 13.382310 0.000000 9.380497 99.756405 0.000000 6.975647 0.009801 
1089 15.756591 0.000000 11.590882 99.756405 0.000000 6.975647 0.009801 
1090 11.008029 0.000000 9.380497 99.756405 0.000000 6.975647 0.009801 
1091 8.633748 0.000000 9.380497 99.756405 0.000000 6.975647 0.009801 
1092 11.008029 0.000000 11.590882 99.756405 0.000000 6.975647 0.009801 
1093 5.072327 0.000000 3.854535 99.756405 0.000000 6.975647 0.009801 
1094 3.885187 0.000000 3.854535 99.756405 0.000000 6.975647 0.009801 
1095 5.072327 0.000000 4.959728 99.756405 0.000000 6.975647 0.009801 
1096 6.853038 0.000000 -0.013638 88.685663 -0.087522 4.930838 0.251735 
1097 7.446608 0.000000 -0.013638 89.651990 -0.039674 12.846409 0.247500 
1098 6.853038 0.000000 0.538958 93.094548 0.398242 1.222233 0.146885 
1099 6.853038 0.000000 1.091555 92.662474 -0.115542 16.974648 0.192148 
1100 7.446608 0.000000 1.091555 97.817787 0.314922 2.417064 0.045163 
1101 6.853038 0.000000 1.644151 92.365805 -0.109097 17.215428 0.200163 
1102 16.943731 0.000000 1.644151 101.148057 -0.393759 2.234420 -0.022212 
1103 15.756591 0.000000 1.644151 100.383218 -0.042870 3.814961 -0.006196 
1104 18.130872 0.000000 1.644151 103.364032 0.036156 1.222999 -0.064962 
1105 14.569450 0.000000 1.644151 99.415594 0.425735 4.673160 0.013995 
1106 16.943731 0.000000 -2.776618 99.051934 -0.014830 5.406247 0.022140 
1107 16.943731 0.000000 -3.881811 99.413836 0.000219 6.632836 0.016276 
1108 11.601599 0.000000 -2.224022 96.958771 0.270041 3.233632 0.063684 
1109 11.601599 0.000000 -2.776618 99.444635 0.068287 7.771967 0.017330 
1110 12.195170 0.000000 -2.224022 96.958771 0.270041 3.233632 0.063684 
1111 10.414459 0.000000 3.301939 96.482199 0.024149 15.520909 0.099656 
1112 11.008029 0.000000 3.301939 102.458955 0.014521 3.479522 -0.046892 
1113 10.414459 0.000000 3.854535 102.095921 -0.193692 4.181092 -0.039428 
1114 32.376556 0.000000 16.011651 100.343968 0.013099 6.092774 -0.003172 
1115 37.125118 0.000000 16.011651 99.903714 -0.038388 6.581251 0.006285 
1116 32.376556 0.000000 20.432420 99.756405 0.000000 6.975647 0.009801 
1117 25.253714 0.000000 9.380497 100.398382 -0.025479 5.601244 -0.004829 
1118 27.627995 0.000000 9.380497 99.693125 0.037321 6.590375 0.010551 
1119 25.253714 0.000000 11.590882 100.055138 0.027829 6.588492 0.003245 
1120 19.318012 0.000000 1.644151 100.781230 0.064297 2.151428 -0.015056 
1121 19.318012 0.000000 6.064920 100.692470 0.108506 4.671957 -0.011615 
1122 18.130872 0.000000 6.064920 99.843247 0.053626 6.540218 0.007450 
1123 19.318012 0.000000 7.170112 100.530651 0.033274 5.513367 -0.007560 
1124 19.911582 0.000000 -0.013638 101.625624 0.167878 0.152201 -0.032003 
1125 19.318012 0.000000 -0.013638 99.391761 -0.034218 0.526058 0.012263 
1126 19.911582 0.000000 0.538958 101.625624 0.167878 0.152201 -0.032003 
1127 22.285863 0.000000 -0.013638 99.493905 -0.003383 1.763070 0.010486 
1128 22.879433 0.000000 -0.013638 100.023612 -0.000145 -0.326294 -0.000461 
1129 22.285863 0.000000 0.538958 99.854211 0.072241 -0.766743 0.002979 
1130 19.911582 0.000000 -2.224022 99.921635 -0.070534 2.622210 0.002258 
1131 19.318012 0.000000 -2.224022 99.387295 -0.360811 5.563386 0.015495 
1132 19.911582 0.000000 -2.776618 99.044994 0.144464 5.161755 0.022017 
1133 24.660144 0.000000 -1.118830 97.034238 0.015066 -2.323136 0.061531 
1134 24.660144 0.000000 -1.671426 97.045371 0.013829 -2.335106 0.061302 
1135 24.660144 0.000000 -0.566234 97.044119 0.017591 -2.311123 0.061317 
1136 23.473003 0.000000 -0.013638 100.482162 -0.031427 -0.685890 -0.009553 
1137 24.066573 0.000000 -0.013638 100.751169 -0.071158 -0.833421 -0.014848 
1138 23.473003 0.000000 0.538958 103.571660 -0.128176 0.288136 -0.068960 
1139 21.989078 0.000000 -0.842532 99.949708 -0.043025 2.508569 0.001637 
1140 22.285863 0.000000 -0.842532 99.464213 -0.001030 1.705814 0.011065 
1141 21.989078 0.000000 -0.566234 99.955674 -0.043281 2.513605 0.001520 
1142 20.950330 0.000000 -0.980681 100.335645 -0.066337 2.807566 -0.005910 
1143 20.801937 0.000000 -0.980681 100.211400 -0.062695 2.956448 -0.003350 
1144 20.950330 0.000000 -0.842532 100.210038 -0.058308 3.139448 -0.003212 
1145 30.002275 0.000000 9.380497 100.144851 0.109675 5.794870 0.000460 
1146 32.376556 0.000000 9.380497 100.083322 0.155155 5.848721 0.001758 
1147 30.002275 0.000000 11.590882 99.899115 -0.055096 6.443298 0.006196 
1148 24.066573 0.000000 6.064920 100.411044 0.158877 4.384501 -0.006284 
1149 25.253714 0.000000 6.064920 99.881928 -0.271712 5.175891 0.005065 
1150 24.066573 0.000000 7.170112 99.602524 0.052501 6.353978 0.012075 
1151 21.098722 0.000000 4.407132 103.244609 -0.167971 -3.282435 -0.061882 
1152 20.505152 0.000000 4.407132 99.203587 -0.425702 4.579099 0.018215 
1153 21.098722 0.000000 4.959728 99.803933 -0.253041 4.458467 0.005937 
1154 23.473003 0.000000 -2.224022 98.272254 0.068855 3.256601 0.036228 
1155 23.473003 0.000000 -2.776618 99.148210 -0.232615 4.853878 0.019596 
1156 24.066573 0.000000 -2.224022 98.572071 0.039483 3.282226 0.030063 
1157 24.660144 0.000000 3.301939 106.832629 0.351231 -6.909170 -0.123593 
1158 24.660144 0.000000 2.749343 106.788100 0.358272 -6.897351 -0.122830 
1159 24.660144 0.000000 3.854535 99.767820 0.007493 1.721184 0.004952 
1160 23.473003 0.000000 4.407132 100.506325 -0.614157 2.009002 -0.009643 
1161 24.066573 0.000000 4.407132 99.692766 0.391167 3.535460 0.007440 
1162 23.473003 0.000000 4.959728 99.839400 -0.425951 4.056349 0.004890 
1163 51.370803 0.000000 -10.512965 98.327743 -0.059122 3.847023 0.035522 
1164 51.370803 0.000000 -14.933734 98.390173 -0.020597 4.093398 0.034437 
1165 56.119364 0.000000 -10.512965 98.703760 0.011879 4.028275 0.027925 
1166 30.595846 0.000000 -1.118830 102.068457 0.091678 -3.134874 -0.039624 
1167 30.595846 0.000000 -1.671426 102.564658 0.057117 -3.202186 -0.049079 
1168 30.595846 0.000000 -0.566234 104.209744 0.054185 -1.362378 -0.080596 
1169 30.595846 0.000000 2.196747 104.070378 -0.008676 -9.328726 -0.070452 
1170 30.595846 0.000000 1.644151 104.070378 -0.008676 -9.328726 -0.070452 
1171 30.595846 0.000000 2.749343 104.070378 -0.008676 -9.328726 -0.070452 
1172 34.157267 0.000000 -0.013638 102.989928 -0.008440 0.031530 -0.058078 
1173 33.563697 0.000000 -0.013638 100.080457 0.262133 -16.423688 0.025839 
1174 34.750837 0.000000 -0.013638 102.996615 -0.003918 0.036420 -0.058203 
1175 32.970126 0.000000 -0.013638 107.484716 -0.154458 0.050856 -0.138643 
1176 32.376556 0.000000 -0.013638 106.879106 -0.119599 0.120780 -0.128275 
1177 32.970126 0.000000 0.538958 107.485605 -0.154535 0.050697 -0.138658 
1178 32.970126 0.000000 1.091555 105.959865 -0.123976 -4.897234 -0.110246 
1179 32.376556 0.000000 1.091555 107.510631 -0.156709 0.046218 -0.139083 
1180 32.970126 0.000000 -2.224022 97.126937 0.130061 -4.474771 0.061167 
1181 32.376556 0.000000 -2.224022 93.836081 -0.021901 -9.153639 0.140110 
1182 32.970126 0.000000 -2.776618 93.881819 -0.164396 -8.035136 0.136795 
1183 35.344407 0.000000 -0.013638 102.792507 -0.141961 -0.112855 -0.054348 
1184 35.641192 0.000000 -0.842532 104.504046 0.044630 2.476881 -0.085606 
1185 35.344407 0.000000 -0.842532 104.918163 0.056552 2.340891 -0.093184 
1186 35.641192 0.000000 -0.566234 104.274642 0.087099 2.610954 -0.081349 
1187 40.686539 0.000000 3.854535 100.841507 0.051048 2.389603 -0.016138 
1188 41.873679 0.000000 3.854535 101.285865 0.036736 2.038943 -0.025002 
1189 40.686539 0.000000 4.959728 101.835851 -0.013215 1.078992 -0.035962 
1190 36.234763 0.000000 -1.395128 104.267492 -0.033162 2.872886 -0.081092 
1191 36.234763 0.000000 -1.671426 104.020990 -0.031440 2.913451 -0.076536 
1192 35.641192 0.000000 1.367853 106.354001 -0.099951 -7.393677 -0.114653 
1193 35.344407 0.000000 1.367853 107.217776 -0.126698 -7.526379 -0.129554 
1194 35.641192 0.000000 1.091555 105.971808 -0.091770 -7.464226 -0.107802 
1195 36.234763 0.000000 1.920449 105.727269 -0.000767 -7.155813 -0.103824 
1196 36.234763 0.000000 2.196747 101.969652 -0.291543 -0.639229 -0.038604 
1197 37.718688 0.000000 -2.224022 97.256601 0.057646 -0.623313 0.056307 
1198 37.718688 0.000000 -2.776618 94.042099 0.049198 -7.124950 0.131578 
1199 38.312258 0.000000 -2.224022 96.544142 -0.214481 -2.599715 0.072071 
1200 37.421903 0.000000 -1.395128 104.509529 0.070148 2.938351 -0.085488 
1201 37.421903 0.000000 -1.671426 104.335162 0.069353 2.886690 -0.082326 
1202 37.718688 0.000000 -1.395128 104.163528 0.033793 2.756538 -0.079241 
1203 37.421903 0.000000 1.920449 105.234869 -0.027425 -7.063709 -0.095088 
1204 37.718688 0.000000 1.920449 105.586911 -0.008285 -7.268080 -0.101174 
1205 37.421903 0.000000 2.196747 102.083898 -0.098909 -1.728611 -0.040565 
1206 48.996522 0.000000 -3.881811 105.729397 -0.011188 9.522630 -0.100516 
1207 48.996522 0.000000 -6.092195 98.473225 0.024837 3.503337 0.032255 
1208 51.370803 0.000000 -3.881811 89.383057 0.419286 -6.117563 0.236959 
1209 41.280109 0.000000 -1.118830 102.636335 0.094554 0.660536 -0.051350 
1210 41.280109 0.000000 -1.671426 103.105434 0.089826 0.809336 -0.060191 
1211 41.280109 0.000000 -0.566234 102.499807 0.095930 0.617228 -0.048760 
1212 41.280109 0.000000 -0.013638 105.944513 -0.049746 1.964630 -0.111654 
1213 40.686539 0.000000 -0.013638 105.726943 -0.060480 4.350311 -0.106539 
1214 41.873679 0.000000 -0.013638 106.107404 -0.058862 3.325672 -0.113926 
1215 40.092969 0.000000 -0.013638 106.790356 0.050381 6.799475 -0.122989 
1216 40.092969 0.000000 2.196747 101.425978 0.067605 0.399795 -0.028116 
1217 40.686539 0.000000 2.196747 101.814620 0.018869 1.605003 -0.035419 
1218 40.092969 0.000000 2.749343 100.949769 0.022629 1.371446 -0.018641 
1219 45.435101 0.000000 -2.776618 99.270996 -0.008786 2.825010 0.015495 
1220 45.435101 0.000000 -3.881811 98.189876 0.043057 3.526329 0.038125 
1221 46.622241 0.000000 -2.776618 102.126271 -0.003428 13.102899 -0.025331 
1222 48.996522 0.000000 4.959728 98.138796 -0.009466 4.064679 0.039614 
1223 51.370803 0.000000 4.959728 100.920072 0.061982 1.241204 -0.018090 
1224 48.996522 0.000000 7.170112 101.263307 0.007028 3.263331 -0.023935 
1225 43.060820 0.000000 3.854535 101.964699 0.031165 1.546361 -0.038330 
1226 44.247960 0.000000 3.854535 101.035352 0.057915 2.651141 -0.019821 
1227 43.060820 0.000000 4.959728 101.296540 0.033732 2.561503 -0.024978 
1228 45.435101 0.000000 3.854535 101.255176 -0.016201 2.095095 -0.024380 
1229 46.622241 0.000000 3.854535 94.867565 -0.019680 9.710059 0.118373 
1230 45.435101 0.000000 4.959728 100.943827 0.007687 2.726480 -0.017984 
1231 43.654390 0.000000 -0.013638 94.913104 0.026243 -37.855868 0.287957 
1232 43.060820 0.000000 -0.013638 102.467208 0.004932 -56.621837 0.327794 
1233 43.654390 0.000000 0.538958 94.759613 0.001963 -18.782525 0.151514 
1234 42.467250 0.000000 -0.013638 106.943914 -0.052436 1.312060 -0.129255 
1235 44.841530 0.000000 -1.118830 133.601105 -0.269894 17.040083 -0.389472 
1236 44.841530 0.000000 -1.671426 100.228376 0.010372 26.763369 0.070367 
1237 45.435101 0.000000 -1.118830 136.425194 -0.396644 14.538270 -0.389472 
1238 255.558951 0.000000 214.946266 99.756405 0.000000 6.975647 0.009801 
1239 331.535936 0.000000 214.946266 99.756405 0.000000 6.975647 0.009801 
1240 255.558951 0.000000 285.678573 99.756405 0.000000 6.975647 0.009801 
1241 141.593473 0.000000 108.847804 99.756405 0.000000 6.975647 0.009801 
1242 179.581965 0.000000 108.847804 99.756405 0.000000 6.975647 0.009801 
1243 141.593473 0.000000 144.213958 99.756405 0.000000 6.975647 0.009801 
1244 84.610734 0.000000 55.798574 99.756405 0.000000 6.975647 0.009801 
1245 103.604980 0.000000 55.798574 99.806708 0.005454 6.879356 0.008648 
1246 84.610734 0.000000 73.481651 99.756405 0.000000 6.975647 0.009801 
1247 3.885187 0.000000 16.011651 99.756405 0.000000 6.975647 0.009801 
1248 -0.863375 0.000000 16.011651 99.756405 0.000000 6.975647 0.009801 
1249 3.885187 0.000000 20.432420 99.756405 0.000000 6.975647 0.009801 
1250 -5.611936 0.000000 16.011651 99.756405 0.000000 6.975647 0.009801 
1251 -10.360498 0.000000 16.011651 99.756405 0.000000 6.975647 0.009801 
1252 -5.611936 0.000000 20.432420 99.756405 0.000000 6.975647 0.009801 
1253 56.119364 0.000000 29.273958 99.886341 -0.029902 6.760767 0.006877 
1254 65.616487 0.000000 29.273958 100.005866 0.005864 6.479237 0.004093 
1255 56.119364 0.000000 38.115497 99.756405 0.000000 6.975647 0.009801 
1256 6.259468 0.000000 9.380497 99.756405 0.000000 6.975647 0.009801 
1257 3.885187 0.000000 9.380497 99.756405 0.000000 6.975647 0.009801 
1258 6.259468 0.000000 11.590882 99.756405 0.000000 6.975647 0.009801 
1259 1.510906 0.000000 9.380497 99.756405 0.000000 6.975647 0.009801 
1260 -0.863375 0.000000 9.380497 99.756405 0.000000 6.975647 0.009801 
1261 1.510906 0.000000 11.590882 99.756405 0.000000 6.975647 0.009801 
1262 -3.237656 0.000000 9.380497 99.756405 0.000000 6.975647 0.009801 
1263 -5.611936 0.000000 9.380497 99.756405 0.000000 6.975647 0.009801 
1264 -3.237656 0.000000 11.590882 99.756405 0.000000 6.975647 0.009801 
1265 2.698046 0.000000 3.854535 99.756405 0.000000 6.975647 0.009801 
1266 1.510906 0.000000 3.854535 99.756405 0.000000 6.975647 0.009801 
1267 2.698046 0.000000 4.959728 99.756405 0.000000 6.975647 0.009801 
1268 0.917336 0.000000 1.091555 99.756405 0.000000 6.975647 0.009801 
1269 0.323766 0.000000 1.091555 99.756405 0.000000 6.975647 0.009801 
1270 0.917336 0.000000 1.644151 99.756405 0.000000 6.975647 0.009801 
1271 41.873679 0.000000 16.011651 99.908429 -0.076555 6.507966 0.006093 
1272 46.622241 0.000000 16.011651 100.428493 0.051347 5.561474 -0.005473 
1273 41.873679 0.000000 20.432420 99.920299 0.015786 6.684989 0.006089 
1274 16.943731 0.000000 6.064920 100.403382 0.087615 5.844604 -0.004651 
1275 15.756591 0.000000 6.064920 100.952219 -0.075806 5.477155 -0.015947 
1276 16.943731 0.000000 7.170112 100.890789 -0.001704 5.654786 -0.014542 
1277 14.569450 0.000000 6.064920 101.106589 0.023655 5.595409 -0.018861 
1278 13.382310 0.000000 6.064920 99.703645 -0.081788 7.585101 0.011771 
1279 14.569450 0.000000 7.170112 99.740170 0.022467 7.500208 0.010900 
1280 24.660144 0.000000 -0.013638 99.037818 -0.017101 -1.535903 0.019660 
1281 25.253714 0.000000 -0.013638 104.598169 -0.034288 0.240947 -0.087851 
1282 24.660144 0.000000 0.538958 103.898470 -0.129147 0.345333 -0.075016 
1283 34.750837 0.000000 9.380497 100.141701 -0.041822 5.562232 0.000258 
1284 37.125118 0.000000 9.380497 100.606291 0.058645 4.710168 -0.009872 
1285 34.750837 0.000000 11.590882 99.995407 -0.120078 6.179929 0.003924 
1286 26.440854 0.000000 6.064920 99.704673 0.114840 5.535637 0.009022 
1287 27.627995 0.000000 6.064920 100.216293 0.106632 4.533609 -0.002270 
1288 26.440854 0.000000 7.170112 100.114443 0.160031 5.442994 0.000675 
1289 24.660144 0.000000 -2.224022 98.247715 0.042225 2.573621 0.036316 
1290 24.660144 0.000000 -2.776618 98.885894 0.130587 4.414646 0.024531 
1291 25.253714 0.000000 -2.224022 98.563093 -0.109478 3.172142 0.030175 
1292 24.660144 0.000000 4.407132 100.493435 0.596775 2.253636 -0.009287 
1293 25.253714 0.000000 4.407132 100.306124 -0.014721 2.266053 -0.005596 
1294 24.660144 0.000000 4.959728 99.278145 0.100128 5.183593 0.017285 
1295 25.847284 0.000000 -0.013638 104.598169 -0.034288 0.240947 -0.087851 
1296 26.440854 0.000000 -0.013638 103.796406 -0.021065 0.375466 -0.073128 
1297 25.847284 0.000000 0.538958 104.598169 -0.034288 0.240947 -0.087851 
1298 25.847284 0.000000 -2.224022 97.214033 0.088691 1.716010 0.057478 
1299 25.847284 0.000000 -2.776618 98.327819 -0.054862 3.189120 0.035034 
1300 26.440854 0.000000 -2.224022 96.681199 -0.018499 0.154044 0.068414 
1301 28.815135 0.000000 6.064920 100.647777 -0.050528 3.789426 -0.011465 
1302 30.002275 0.000000 6.064920 100.175198 0.162675 4.465829 -0.001508 
1303 28.815135 0.000000 7.170112 100.073508 0.128936 5.438459 0.001490 
1304 25.847284 0.000000 4.407132 99.421290 -0.070332 3.887226 0.013176 
1305 26.440854 0.000000 4.407132 99.345919 -0.058321 3.858892 0.014681 
1306 25.847284 0.000000 4.959728 100.014629 0.211535 3.838959 0.001187 
1307 31.782986 0.000000 -0.013638 107.546860 -0.159855 0.039733 -0.139698 
1308 31.189416 0.000000 -0.013638 99.747950 -0.449765 -11.208800 0.017844 
1309 31.782986 0.000000 0.538958 107.550038 -0.160131 0.039164 -0.139752 
1310 30.595846 0.000000 -0.013638 105.892218 0.068928 0.490975 -0.111032 
1311 30.002275 0.000000 -0.013638 105.885149 0.068032 0.493699 -0.110907 
1312 30.595846 0.000000 0.538958 105.892105 0.068906 0.491032 -0.111030 
1313 30.595846 0.000000 1.091555 105.897499 0.051170 0.525852 -0.111122 
1314 30.002275 0.000000 1.091555 105.884268 0.068002 0.493876 -0.110891 
1315 31.189416 0.000000 1.091555 102.184730 -0.057855 -6.777736 -0.038459 
1316 31.782986 0.000000 1.091555 107.543358 -0.159551 0.040360 -0.139639 
1317 31.782986 0.000000 -2.224022 94.133076 0.102785 -3.472646 0.124997 
1318 31.189416 0.000000 -2.224022 101.783150 0.327609 -2.565929 -0.034420 
1319 31.782986 0.000000 -2.776618 99.926809 0.218885 -2.987077 0.002364 
1320 30.595846 0.000000 -2.224022 98.137798 -0.216144 -3.383607 0.039104 
1321 30.002275 0.000000 -2.224022 94.188463 -0.173082 -2.279647 0.122970 
1322 30.595846 0.000000 -2.776618 98.561892 -0.003441 -1.086861 0.029272 
1323 51.370803 0.000000 16.011651 100.424800 -0.057390 5.343854 -0.005635 
1324 56.119364 0.000000 16.011651 100.946828 -0.024843 4.605541 -0.016700 
1325 51.370803 0.000000 20.432420 100.092119 0.010664 6.258448 0.002077 
1326 39.499399 0.000000 9.380497 100.920829 0.090825 3.946800 -0.016736 
1327 41.873679 0.000000 9.380497 101.818786 0.032494 2.556322 -0.035124 
1328 39.499399 0.000000 11.590882 100.463408 0.086845 5.280610 -0.006470 
1329 38.905828 0.000000 -2.224022 98.761419 0.230356 2.667041 0.025802 
1330 38.905828 0.000000 -2.776618 96.098153 -0.090942 -1.404100 0.081059 
1331 39.499399 0.000000 -2.224022 97.057863 -0.059638 -0.022088 0.060447 
1332 41.280109 0.000000 2.196747 100.974688 0.027524 1.419191 -0.019117 
1333 41.873679 0.000000 2.196747 100.553441 0.117452 3.002245 -0.010122 
1334 41.280109 0.000000 2.749343 102.162825 0.044169 1.016914 -0.042263 
1335 40.092969 0.000000 -2.224022 98.953514 -0.000790 2.799643 0.021943 
1336 40.092969 0.000000 -2.776618 98.821252 -0.006224 2.753243 0.024620 
1337 40.686539 0.000000 -2.224022 97.000911 0.045887 -0.341057 0.061660 
1338 43.654390 0.000000 1.091555 93.490649 0.022132 -20.915409 0.191534 
1339 44.247960 0.000000 1.091555 95.625609 -0.010423 -29.804943 0.197506 
1340 43.654390 0.000000 1.644151 90.721336 -0.138783 9.618302 0.212637 
1341 42.467250 0.000000 2.196747 102.088461 -0.020261 -0.555164 -0.040905 
1342 43.060820 0.000000 2.196747 99.496266 0.030986 2.465746 0.010740 
1343 42.467250 0.000000 2.749343 101.871793 0.072293 1.668523 -0.036502 
1344 44.841530 0.000000 1.091555 108.617494 0.063483 -42.309792 -0.000763 
1345 45.435101 0.000000 1.091555 115.929395 1.116473 -20.277415 -0.242174 
1346 44.841530 0.000000 1.644151 87.943699 -0.076070 -1.515667 0.266468 
1347 0.323766 0.000000 3.854535 99.756405 0.000000 6.975647 0.009801 
1348 -0.863375 0.000000 3.854535 99.756405 0.000000 6.975647 0.009801 
1349 0.323766 0.000000 4.959728 99.756405 0.000000 6.975647 0.009801 
1350 12.195170 0.000000 6.064920 98.848027 0.063376 8.926486 0.031570 
1351 11.008029 0.000000 6.064920 99.756405 0.000000 6.975647 0.009801 
1352 12.195170 0.000000 7.170112 99.756405 0.000000 6.975647 0.009801 
1353 9.820889 0.000000 6.064920 99.756405 0.000000 6.975647 0.009801 
1354 8.633748 0.000000 6.064920 99.756405 0.000000 6.975647 0.009801 
1355 9.820889 0.000000 7.170112 99.756405 0.000000 6.975647 0.009801 
1356 31.189416 0.000000 6.064920 100.513913 -0.129341 3.892828 -0.008732 
1357 32.376556 0.000000 6.064920 100.565676 0.208500 3.766014 -0.009852 
1358 31.189416 0.000000 7.170112 100.008382 -0.052649 5.268082 0.002613 
1359 29.408705 0.000000 -0.013638 105.871587 0.066766 0.498022 -0.110667 
1360 28.815135 0.000000 -0.013638 105.281124 0.044685 0.620017 -0.100151 
1361 29.408705 0.000000 0.538958 105.870833 0.066695 0.498264 -0.110653 
1362 29.408705 0.000000 1.091555 105.871507 0.066821 0.497923 -0.110665 
1363 28.815135 0.000000 1.091555 105.281124 0.044685 0.620017 -0.100151 
1364 29.408705 0.000000 -2.224022 99.761898 0.141330 -0.063184 0.004775 
1365 28.815135 0.000000 -2.224022 94.229532 0.200710 -1.522840 0.121728 
1366 29.408705 0.000000 -2.776618 100.804285 0.015431 1.934479 -0.015597 
1367 44.247960 0.000000 9.380497 100.604623 0.037320 4.118227 -0.010354 
1368 46.622241 0.000000 9.380497 101.979531 0.001586 2.291945 -0.038345 
1369 44.247960 0.000000 11.590882 100.509458 -0.078154 4.831261 -0.007836 
1370 33.563697 0.000000 6.064920 101.189036 -0.174456 2.892672 -0.022700 
1371 34.750837 0.000000 6.064920 100.703045 -0.030170 3.133632 -0.013004 
1372 33.563697 0.000000 7.170112 100.628911 0.095531 4.172651 -0.010791 
1373 41.280109 0.000000 -2.224022 97.783572 0.000090 2.257514 0.045786 
1374 41.280109 0.000000 -2.776618 97.478713 -0.008397 1.789184 0.051951 
1375 41.873679 0.000000 -2.224022 99.118440 0.000458 5.091245 0.020440 
1376 48.996522 0.000000 9.380497 100.651252 -0.007847 4.385962 -0.011054 
1377 51.370803 0.000000 9.380497 100.833433 0.003305 4.255815 -0.014767 
1378 48.996522 0.000000 11.590882 101.180588 -0.026535 3.938951 -0.021846 
1379 43.654390 0.000000 2.196747 100.707110 0.000772 1.242604 -0.013896 
1380 44.247960 0.000000 2.196747 90.022335 -0.097087 10.048835 0.230196 
1381 43.654390 0.000000 2.749343 100.609827 -0.027005 1.587611 -0.011878 
1382 42.467250 0.000000 -2.224022 97.956262 0.013250 1.373692 0.041853 
1383 42.467250 0.000000 -2.776618 97.632145 -0.007154 2.889916 0.049293 
1384 43.060820 0.000000 -2.224022 98.296899 -0.001899 6.533391 0.039098 
1385 44.841530 0.000000 2.196747 107.691647 0.082255 -19.886133 -0.110123 
1386 45.435101 0.000000 2.196747 102.759078 0.098143 -9.263675 -0.045762 
1387 44.841530 0.000000 2.749343 93.605196 -0.050395 7.875638 0.142685 
1 11 62 60 61 
2 62 10 24 60 
3 60 24 14 63 
4 61 60 63 6 
5 24 66 64 65 
6 66 23 40 64 
7 64 40 27 67 
8 65 64 67 14 
9 40 70 68 69 
10 69 68 71 27 
11 6 63 92 93 
12 63 14 36 92 
13 92 36 19 94 
14 93 92 94 20 
15 14 67 95 96 
16 67 27 52 95 
17 95 52 35 97 
18 96 95 97 36 
19 27 71 98 99 
20 99 98 100 52 
21 68 112 110 111 
22 112 56 80 110 
23 110 80 43 113 
24 111 110 113 71 
25 80 116 114 115 
26 115 114 117 43 
27 71 113 133 134 
28 113 43 102 133 
29 133 102 76 135 
30 134 133 135 98 
31 43 117 136 137 
32 137 136 138 102 
33 114 141 139 140 
34 141 106 129 139 
35 139 129 83 142 
36 140 139 142 117 
37 12 145 143 144 
38 145 7 146 143 
39 143 146 13 25 
40 144 143 25 10 
41 25 149 147 148 
42 149 13 150 147 
43 147 150 26 41 
44 148 147 41 23 
45 41 153 151 152 
46 153 26 154 151 
47 151 154 42 57 
48 152 151 57 39 
49 39 157 155 156 
50 157 57 158 155 
51 155 158 55 81 
52 156 155 81 56 
53 81 161 159 160 
54 161 55 162 159 
55 159 162 82 107 
56 160 159 107 79 
57 79 165 163 164 
58 165 107 166 163 
59 106 169 167 168 
60 168 167 171 129 
61 56 174 172 173 
62 174 81 160 172 
63 172 160 79 116 
64 173 172 116 80 
65 116 177 175 176 
66 177 79 164 175 
67 175 164 106 141 
68 176 175 141 114 
69 164 180 178 179 
70 180 163 181 178 
71 178 181 130 169 
72 179 178 169 106 
73 169 196 194 195 
74 196 130 197 194 
75 194 197 170 198 
76 195 194 198 167 
77 199 201 124 202 
78 200 199 202 125 
79 129 171 203 204 
80 203 205 132 206 
81 204 203 206 83 
82 167 198 207 208 
83 198 170 209 207 
84 207 209 128 210 
85 208 207 210 171 
86 107 212 211 166 
87 212 82 213 211 
88 163 215 214 181 
89 215 166 216 214 
90 214 216 105 191 
91 181 214 191 130 
92 191 223 221 222 
93 223 105 224 221 
94 221 224 192 225 
95 222 221 225 190 
96 226 227 109 228 
97 205 226 228 132 
98 232 233 126 234 
99 201 232 234 124 
100 235 236 189 237 
101 227 235 237 109 
102 193 240 238 239 
103 240 131 241 238 
104 238 241 227 242 
105 239 238 242 226 
106 166 244 243 216 
107 244 211 245 243 
108 243 245 187 218 
109 216 243 218 105 
110 251 108 252 250 
111 250 252 188 253 
112 218 256 254 255 
113 256 187 257 254 
114 254 257 219 258 
115 255 254 258 217 
116 131 260 259 241 
117 260 220 261 259 
118 259 261 235 262 
119 241 259 262 227 
120 253 188 264 263 
121 263 264 59 265 
122 236 263 265 189 
123 220 267 266 261 
124 267 186 268 266 
125 266 268 236 269 
126 261 266 269 235 
127 57 271 270 158 
128 271 42 272 270 
129 270 272 58 89 
130 158 270 89 55 
131 55 274 273 162 
132 274 89 275 273 
133 273 275 88 183 
134 162 273 183 82 
135 82 277 276 213 
136 277 183 278 276 
137 211 280 279 245 
138 280 213 281 279 
139 279 281 108 251 
140 245 279 251 187 
141 187 283 282 257 
142 283 251 284 282 
143 282 284 250 285 
144 257 282 285 219 
145 108 287 286 252 
146 286 288 246 289 
147 252 286 289 188 
148 213 291 290 281 
149 291 276 292 290 
150 281 290 287 108 
151 306 182 307 305 
152 305 307 248 308 
153 288 305 308 246 
154 287 311 309 310 
155 309 312 288 313 
156 310 309 313 286 
157 183 315 314 278 
158 315 88 316 314 
159 276 318 317 292 
160 318 278 319 317 
161 317 319 182 306 
162 290 322 320 321 
163 322 292 323 320 
164 320 323 247 311 
165 321 320 311 287 
166 247 325 324 312 
167 325 306 326 324 
168 324 326 305 327 
169 312 324 327 288 
170 311 330 328 329 
171 330 247 331 328 
172 328 331 312 332 
173 329 328 332 309 
174 188 289 336 264 
175 289 246 337 336 
176 339 341 333 342 
177 340 339 342 233 
178 264 345 343 344 
179 345 336 346 343 
180 344 343 347 59 
181 246 308 348 337 
182 308 248 349 348 
183 348 349 185 350 
184 337 348 350 249 
185 336 352 351 346 
186 352 337 353 351 
187 351 353 249 354 
188 346 351 354 338 
189 189 265 355 356 
190 265 59 340 355 
191 355 340 233 357 
192 356 355 357 232 
193 59 347 358 359 
194 347 338 360 358 
195 358 360 339 361 
196 359 358 361 340 
197 343 364 362 363 
198 364 346 365 362 
199 362 365 338 366 
200 363 362 366 347 
201 249 350 376 341 
202 350 185 377 376 
203 376 377 334 378 
204 341 376 378 333 
205 182 380 379 307 
206 379 381 301 382 
207 307 379 382 248 
208 278 384 383 319 
209 384 314 385 383 
210 383 385 302 380 
211 319 383 380 182 
212 302 391 390 381 
213 391 184 392 390 
214 390 392 303 393 
215 381 390 393 301 
216 380 396 394 395 
217 396 302 397 394 
218 394 397 381 398 
219 395 394 398 379 
220 185 400 399 377 
221 400 304 401 399 
222 399 401 373 402 
223 377 399 402 334 
224 304 407 406 401 
225 407 91 408 406 
226 406 408 374 409 
227 401 406 409 373 
228 89 411 410 275 
229 411 58 412 410 
230 410 412 90 298 
231 275 410 298 88 
232 88 414 413 316 
233 414 298 415 413 
234 184 417 416 392 
235 392 416 419 303 
236 91 421 420 408 
237 421 389 422 420 
238 420 422 403 423 
239 408 420 423 374 
240 298 437 436 415 
241 437 90 438 436 
242 413 441 439 440 
243 441 415 442 439 
244 316 450 448 449 
245 450 413 440 448 
246 449 448 417 184 
247 440 453 451 452 
248 453 439 454 451 
249 451 454 433 445 
250 452 451 445 387 
251 460 297 461 459 
252 459 461 434 462 
253 445 465 463 464 
254 465 433 466 463 
255 463 466 446 467 
256 417 470 468 469 
257 470 387 444 468 
258 468 444 418 471 
259 469 468 471 416 
260 387 474 472 473 
261 474 445 464 472 
262 473 472 475 444 
263 386 435 476 477 
264 435 388 478 476 
265 476 478 300 479 
266 477 476 479 389 
267 418 447 480 481 
268 447 432 482 480 
269 480 482 435 483 
270 481 480 483 386 
271 467 446 486 484 
272 484 486 432 487 
273 485 484 487 447 
274 464 490 488 489 
275 490 463 491 488 
276 488 491 467 492 
277 444 475 493 494 
278 493 485 447 495 
279 494 493 495 418 
280 472 498 496 497 
281 498 464 489 496 
282 496 489 443 499 
283 497 496 499 475 
284 443 492 500 501 
285 492 467 502 500 
286 500 502 484 503 
287 501 500 503 485 
288 489 506 504 505 
289 506 488 507 504 
290 504 507 492 508 
291 505 504 508 443 
292 415 519 518 442 
293 519 436 520 518 
294 439 522 521 454 
295 522 442 523 521 
296 521 523 297 460 
297 454 521 460 433 
298 433 525 524 466 
299 525 460 526 524 
300 524 526 459 527 
301 466 524 527 446 
302 479 534 532 533 
303 534 300 535 532 
304 532 535 516 536 
305 389 539 537 538 
306 539 479 533 537 
307 537 533 515 540 
308 538 537 540 422 
309 19 38 541 542 
310 38 21 543 541 
311 541 543 9 544 
312 542 541 544 22 
313 35 54 545 546 
314 54 37 547 545 
315 545 547 21 548 
316 546 545 548 38 
317 51 78 549 550 
318 78 53 551 549 
319 549 551 37 552 
320 550 549 552 54 
321 75 123 553 554 
322 123 77 555 553 
323 553 555 53 556 
324 554 553 556 78 
325 121 372 557 558 
326 372 122 559 557 
327 557 559 77 560 
328 558 557 560 123 
329 230 405 561 562 
330 405 370 563 561 
331 561 563 372 564 
332 562 561 564 121 
333 403 517 565 566 
334 517 404 567 565 
335 565 567 370 568 
336 566 565 568 405 
337 515 536 569 570 
338 536 516 571 569 
339 569 571 404 572 
340 570 569 572 517 
341 533 575 573 574 
342 575 532 576 573 
343 573 576 536 577 
344 574 573 577 515 
345 297 579 578 461 
346 579 456 580 578 
347 578 580 455 581 
348 461 578 581 434 
349 388 458 582 478 
350 458 428 583 582 
351 582 583 431 529 
352 478 582 529 300 
353 300 585 584 535 
354 585 529 586 584 
355 584 586 528 587 
356 535 584 587 516 
357 593 299 594 592 
358 592 594 430 595 
359 7 597 596 146 
360 597 16 598 596 
361 596 598 15 32 
362 146 596 32 13 
363 13 600 599 150 
364 600 32 601 599 
365 599 601 31 48 
366 150 599 48 26 
367 26 603 602 154 
368 603 48 604 602 
369 602 604 47 85 
370 154 602 85 42 
371 42 606 605 272 
372 606 85 607 605 
373 605 607 84 294 
374 272 605 294 58 
375 58 609 608 412 
376 609 294 610 608 
377 608 610 293 425 
378 412 608 425 90 
379 90 612 611 438 
380 612 425 613 611 
381 436 615 614 520 
382 615 438 616 614 
383 614 616 299 593 
384 429 619 617 618 
385 619 593 620 617 
386 617 620 592 621 
387 618 617 621 457 
388 626 5 627 625 
389 625 627 513 628 
390 428 595 629 583 
391 595 430 630 629 
392 629 630 5 626 
393 583 629 626 431 
394 431 633 631 632 
395 633 626 634 631 
396 631 634 625 635 
397 632 631 635 530 
398 299 637 636 594 
399 594 636 639 430 
400 430 639 640 630 
401 630 640 642 5 
402 438 644 643 616 
403 644 611 645 643 
404 616 643 637 299 
405 15 647 646 33 
406 647 17 648 646 
407 646 648 8 649 
408 33 646 649 18 
409 31 651 650 49 
410 651 33 652 650 
411 650 652 18 653 
412 49 650 653 34 
413 47 655 654 86 
414 655 49 656 654 
415 654 656 34 657 
416 86 654 657 50 
417 659 86 660 658 
418 658 660 50 661 
419 637 676 674 675 
420 676 589 677 674 
421 674 677 638 678 
422 675 674 678 636 
423 5 642 682 627 
424 642 591 683 682 
425 682 683 622 684 
426 627 682 684 513 
427 640 687 685 686 
428 687 641 688 685 
429 685 688 591 689 
430 686 685 689 642 
431 425 691 690 613 
432 691 293 692 690 
433 611 694 693 645 
434 694 613 695 693 
435 671 702 700 701 
436 702 424 703 700 
437 700 703 672 704 
438 701 700 704 670 
439 18 649 705 45 
440 649 8 706 705 
441 705 706 29 707 
442 45 705 707 28 
443 34 653 708 73 
444 653 18 709 708 
445 708 709 45 710 
446 73 708 710 44 
447 50 657 711 119 
448 657 34 712 711 
449 711 712 73 713 
450 119 711 713 72 
451 661 50 715 714 
452 714 715 119 716 
453 720 721 510 722 
454 591 681 726 683 
455 681 427 727 726 
456 726 727 623 728 
457 683 726 728 622 
458 679 731 729 730 
459 731 680 732 729 
460 729 732 427 733 
461 730 729 733 681 
462 613 735 734 695 
463 735 690 736 734 
464 424 738 737 703 
465 738 697 739 737 
466 737 739 696 740 
467 703 737 740 672 
468 427 725 741 727 
469 725 669 742 741 
470 741 742 720 743 
471 727 741 743 623 
472 680 745 744 732 
473 745 723 746 744 
474 744 746 725 747 
475 732 744 747 427 
476 757 667 758 756 
477 756 758 698 759 
478 739 756 759 696 
479 294 761 760 610 
480 761 84 762 760 
481 760 762 295 663 
482 610 760 663 293 
483 293 764 763 692 
484 764 663 765 763 
485 690 767 766 736 
486 767 692 768 766 
487 734 771 769 770 
488 771 736 772 769 
489 769 772 667 757 
490 770 769 757 697 
491 697 775 773 774 
492 775 757 776 773 
493 773 776 756 777 
494 774 773 777 739 
495 782 724 783 781 
496 781 783 669 784 
497 746 781 784 725 
498 699 787 785 786 
499 787 666 788 785 
500 785 788 724 782 
501 786 785 782 723 
502 723 791 789 790 
503 791 782 792 789 
504 789 792 781 793 
505 790 789 793 746 
506 667 795 794 758 
507 758 794 797 698 
508 798 799 717 800 
509 721 798 800 510 
510 669 780 801 742 
511 780 296 802 801 
512 801 802 721 803 
513 742 801 803 720 
514 724 805 804 783 
515 804 806 780 807 
516 783 804 807 669 
517 736 809 808 772 
518 809 766 810 808 
519 808 810 753 795 
520 772 808 795 667 
521 795 821 819 820 
522 821 753 822 819 
523 819 822 796 823 
524 820 819 823 794 
525 666 825 824 788 
526 825 755 826 824 
527 788 824 805 724 
528 830 832 296 833 
529 806 830 833 780 
530 805 836 834 835 
531 836 778 837 834 
532 834 837 806 838 
533 835 834 838 804 
534 692 840 839 768 
535 840 763 841 839 
536 843 812 844 842 
537 842 844 811 845 
538 752 818 846 847 
539 818 754 848 846 
540 846 848 668 849 
541 847 846 849 755 
542 852 817 853 850 
543 850 853 754 854 
544 851 850 854 818 
545 796 857 855 856 
546 857 815 851 855 
547 855 851 818 858 
548 856 855 858 752 
549 766 860 859 810 
550 860 768 861 859 
551 859 861 426 816 
552 810 859 816 753 
553 816 864 862 863 
554 864 426 865 862 
555 862 865 817 852 
556 863 862 852 815 
557 815 868 866 867 
558 868 852 869 866 
559 866 869 850 870 
560 867 866 870 851 
561 755 849 871 826 
562 849 668 872 871 
563 668 874 873 872 
564 874 814 875 873 
565 873 875 827 876 
566 871 879 877 878 
567 879 872 880 877 
568 877 880 779 881 
569 826 884 882 883 
570 884 871 878 882 
571 882 878 831 885 
572 883 882 885 778 
573 296 829 886 802 
574 829 751 887 886 
575 886 887 798 888 
576 802 886 888 721 
577 876 827 890 889 
578 889 890 829 891 
579 832 889 891 296 
580 831 881 892 893 
581 881 779 894 892 
582 892 894 832 895 
583 893 892 895 830 
584 878 898 896 897 
585 898 877 899 896 
586 896 899 881 900 
587 897 896 900 831 
588 754 845 901 848 
589 845 811 902 901 
590 901 902 814 874 
591 848 901 874 668 
592 817 904 903 853 
593 904 842 905 903 
594 903 905 845 906 
595 853 903 906 754 
596 872 908 907 880 
597 908 873 909 907 
598 907 909 876 910 
599 880 907 910 779 
600 912 658 913 911 
601 911 913 661 914 
602 812 924 923 844 
603 924 749 925 923 
604 844 923 926 811 
605 814 931 930 875 
606 931 748 932 930 
607 875 930 933 827 
608 663 935 934 765 
609 935 295 936 934 
610 763 938 937 841 
611 938 765 939 937 
612 749 941 940 925 
613 941 920 942 940 
614 940 942 919 943 
615 925 940 943 813 
616 811 926 944 902 
617 926 813 945 944 
618 944 945 748 931 
619 902 944 931 814 
620 923 948 946 947 
621 948 925 949 946 
622 946 949 813 950 
623 947 946 950 926 
624 748 952 951 932 
625 952 922 953 951 
626 951 953 927 954 
627 932 951 954 828 
628 827 933 955 890 
629 933 828 956 955 
630 955 956 751 957 
631 890 955 957 829 
632 930 960 958 959 
633 960 932 961 958 
634 958 961 828 962 
635 959 958 962 933 
636 914 661 964 963 
637 963 964 714 965 
638 966 967 718 968 
639 799 966 968 717 
640 922 974 973 953 
641 974 750 975 973 
642 973 975 928 976 
643 953 973 976 927 
644 765 981 980 939 
645 981 934 982 980 
646 980 982 916 978 
647 662 985 983 984 
648 985 978 986 983 
649 983 986 977 987 
650 984 983 987 921 
651 750 989 988 975 
652 989 970 990 988 
653 988 990 969 991 
654 975 988 991 928 
655 664 993 992 917 
656 993 911 994 992 
657 992 994 914 995 
658 917 992 995 87 
659 997 664 998 996 
660 996 998 917 999 
661 978 1001 1000 986 
662 1001 916 1002 1000 
663 1000 1002 979 1003 
664 986 1000 1003 977 
665 999 917 1005 1004 
666 1004 1005 87 1006 
667 979 1009 1007 1008 
668 1009 996 1010 1007 
669 1007 1010 999 1011 
670 1008 1007 1011 915 
671 1 1014 1012 1013 
672 1014 12 144 1012 
673 1012 144 10 62 
674 1013 1012 62 11 
675 16 1016 1015 598 
676 1016 2 1017 1015 
677 1015 1017 17 647 
678 598 1015 647 15 
679 20 94 1018 1019 
680 94 19 542 1018 
681 1018 542 22 1020 
682 1019 1018 1020 4 
683 10 1023 1021 1022 
684 1023 25 148 1021 
685 1021 148 23 66 
686 1022 1021 66 24 
687 21 46 1024 543 
688 46 28 1025 1024 
689 1024 1025 30 1026 
690 543 1024 1026 9 
691 32 1028 1027 601 
692 1028 15 1029 1027 
693 1027 1029 33 651 
694 601 1027 651 31 
695 36 97 1030 1031 
696 97 35 546 1030 
697 1030 546 38 1032 
698 1031 1030 1032 19 
699 23 1035 1033 1034 
700 1035 41 152 1033 
701 1033 152 39 70 
702 1034 1033 70 40 
703 37 74 1036 547 
704 74 44 1037 1036 
705 1036 1037 46 1038 
706 547 1036 1038 21 
707 48 1040 1039 604 
708 1040 31 1041 1039 
709 1039 1041 49 655 
710 604 1039 655 47 
711 52 100 1042 1043 
712 100 51 550 1042 
713 1042 550 54 1044 
714 1043 1042 1044 35 
715 70 1047 1045 1046 
716 1047 39 156 1045 
717 1045 156 56 112 
718 1046 1045 112 68 
719 53 120 1048 551 
720 120 72 1049 1048 
721 1048 1049 74 1050 
722 551 1048 1050 37 
723 76 104 1051 1052 
724 104 75 554 1051 
725 1051 554 78 1053 
726 1052 1051 1053 51 
727 85 1055 1054 607 
728 1055 47 1056 1054 
729 1054 1056 86 659 
730 607 1054 659 84 
731 98 135 1057 1058 
732 135 76 1052 1057 
733 1057 1052 51 1059 
734 1058 1057 1059 100 
735 77 369 1060 555 
736 369 118 1061 1060 
737 1060 1061 120 1062 
738 555 1060 1062 53 
739 103 231 1063 1064 
740 231 121 558 1063 
741 1063 558 123 1065 
742 1064 1063 1065 75 
743 117 142 1066 1067 
744 142 83 200 1066 
745 1066 200 125 1068 
746 1067 1066 1068 136 
747 130 1070 1069 197 
748 1070 191 222 1069 
749 1069 222 190 1071 
750 197 1069 1071 170 
751 190 225 1072 1073 
752 225 192 1074 1072 
753 1072 1074 131 240 
754 1073 1072 240 193 
755 170 1071 1075 209 
756 1071 190 1073 1075 
757 1075 1073 193 1076 
758 209 1075 1076 128 
759 105 1078 1077 224 
760 1078 218 255 1077 
761 1077 255 217 1079 
762 224 1077 1079 192 
763 217 258 1080 1081 
764 258 219 1082 1080 
765 1080 1082 186 267 
766 1081 1080 267 220 
767 192 1079 1083 1074 
768 1079 217 1081 1083 
769 1083 1081 220 260 
770 1074 1083 260 131 
771 128 1076 1084 1085 
772 1076 193 239 1084 
773 1084 239 226 1086 
774 1085 1084 1086 205 
775 229 375 1087 1088 
776 375 230 562 1087 
777 1087 562 121 1089 
778 1088 1087 1089 231 
779 126 335 1090 1091 
780 335 229 1088 1090 
781 1090 1088 231 1092 
782 1091 1090 1092 103 
783 109 237 1093 1094 
784 237 189 356 1093 
785 1093 356 232 1095 
786 1094 1093 1095 201 
787 219 285 1096 1082 
788 285 250 1097 1096 
789 1096 1097 253 1098 
790 1082 1096 1098 186 
791 186 1098 1099 268 
792 1098 253 1100 1099 
793 1099 1100 263 1101 
794 268 1099 1101 236 
795 301 393 1102 1103 
796 393 303 1104 1102 
797 1102 1104 91 407 
798 1103 1102 407 304 
799 248 382 1105 349 
800 382 301 1103 1105 
801 1105 1103 304 400 
802 349 1105 400 185 
803 314 1107 1106 385 
804 1107 316 449 1106 
805 1106 449 184 391 
806 385 1106 391 302 
807 292 1109 1108 323 
808 1109 317 1110 1108 
809 1108 1110 306 325 
810 323 1108 325 247 
811 338 354 1111 360 
812 354 249 1112 1111 
813 1111 1112 341 1113 
814 360 1111 1113 339 
815 122 511 1114 559 
816 511 367 1115 1114 
817 1114 1115 369 1116 
818 559 1114 1116 77 
819 370 514 1117 563 
820 514 371 1118 1117 
821 1117 1118 122 1119 
822 563 1117 1119 372 
823 303 419 1120 1104 
824 419 386 477 1120 
825 1120 477 389 421 
826 1104 1120 421 91 
827 374 423 1121 1122 
828 423 403 566 1121 
829 1121 566 405 1123 
830 1122 1121 1123 230 
831 416 471 1124 1125 
832 471 418 481 1124 
833 1124 481 386 1126 
834 1125 1124 1126 419 
835 432 462 1127 482 
836 462 434 1128 1127 
837 1127 1128 388 1129 
838 482 1127 1129 435 
839 448 1132 1130 1131 
840 1132 440 452 1130 
841 1130 452 387 470 
842 1131 1130 470 417 
843 456 1134 1133 580 
844 1134 429 618 1133 
845 1133 618 457 1135 
846 580 1133 1135 455 
847 434 581 1136 1128 
848 581 455 1137 1136 
849 1136 1137 458 1138 
850 1128 1136 1138 388 
851 446 527 1139 486 
852 527 459 1140 1139 
853 1139 1140 462 1141 
854 486 1139 1141 432 
855 475 499 1142 1143 
856 499 443 501 1142 
857 1142 501 485 1144 
858 1143 1142 1144 493 
859 371 624 1145 1118 
860 624 509 1146 1145 
861 1145 1146 511 1147 
862 1118 1145 1147 122 
863 404 531 1148 567 
864 531 512 1149 1148 
865 1148 1149 514 1150 
866 567 1148 1150 370 
867 422 540 1151 1152 
868 540 515 570 1151 
869 1151 570 517 1153 
870 1152 1151 1153 403 
871 442 1155 1154 523 
872 1155 518 1156 1154 
873 1154 1156 456 579 
874 523 1154 579 297 
875 529 1158 1157 586 
876 1158 431 632 1157 
877 1157 632 530 1159 
878 586 1157 1159 528 
879 516 587 1160 571 
880 587 528 1161 1160 
881 1160 1161 531 1162 
882 571 1160 1162 404 
883 84 1164 1163 762 
884 1164 659 1165 1163 
885 1163 1165 658 912 
886 762 1163 912 295 
887 589 1167 1166 677 
888 1167 671 701 1166 
889 1166 701 670 1168 
890 677 1166 1168 638 
891 641 1170 1169 688 
892 1170 679 730 1169 
893 1169 730 681 1171 
894 688 1169 1171 591 
895 696 759 1172 1173 
896 759 698 1174 1172 
897 1172 1174 666 787 
898 1173 1172 787 699 
899 672 740 1175 1176 
900 740 696 1173 1175 
901 1175 1173 699 1177 
902 1176 1175 1177 590 
903 590 1177 1178 1179 
904 1177 699 786 1178 
905 1178 786 723 745 
906 1179 1178 745 680 
907 695 1182 1180 1181 
908 1182 734 770 1180 
909 1180 770 697 738 
910 1181 1180 738 424 
911 698 797 1183 1174 
912 797 752 847 1183 
913 1183 847 755 825 
914 1174 1183 825 666 
915 794 823 1184 1185 
916 823 796 856 1184 
917 1184 856 752 1186 
918 1185 1184 1186 797 
919 751 929 1187 887 
920 929 665 1188 1187 
921 1187 1188 799 1189 
922 887 1187 1189 798 
923 753 1191 1190 822 
924 1191 816 863 1190 
925 1190 863 815 857 
926 822 1190 857 796 
927 824 1194 1192 1193 
928 1194 826 883 1192 
929 1192 883 778 836 
930 1193 1192 836 805 
931 778 885 1195 837 
932 885 831 893 1195 
933 1195 893 830 1196 
934 837 1195 1196 806 
935 768 1198 1197 861 
936 1198 839 1199 1197 
937 1197 1199 812 843 
938 861 1197 843 426 
939 426 1201 1200 865 
940 1201 843 1202 1200 
941 1200 1202 842 904 
942 865 1200 904 817 
943 779 910 1203 894 
944 910 876 1204 1203 
945 1203 1204 889 1205 
946 894 1203 1205 832 
947 295 1207 1206 936 
948 1207 912 1208 1206 
949 1206 1208 911 993 
950 936 1206 993 664 
951 920 1210 1209 942 
952 1210 662 984 1209 
953 1209 984 921 1211 
954 942 1209 1211 919 
955 919 1211 1212 1213 
956 1211 921 1214 1212 
957 1212 1214 750 974 
958 1213 1212 974 922 
959 813 943 1215 945 
960 943 919 1213 1215 
961 1215 1213 922 952 
962 945 1215 952 748 
963 828 954 1216 956 
964 954 927 1217 1216 
965 1216 1217 929 1218 
966 956 1216 1218 751 
967 934 1220 1219 982 
968 1220 936 1221 1219 
969 1219 1221 664 997 
970 982 1219 997 916 
971 87 995 1222 967 
972 995 914 1223 1222 
973 1222 1223 963 1224 
974 967 1222 1224 718 
975 665 972 1225 1188 
976 972 918 1226 1225 
977 1225 1226 966 1227 
978 1188 1225 1227 799 
979 918 1006 1228 1226 
980 1006 87 1229 1228 
981 1228 1229 967 1230 
982 1226 1228 1230 966 
983 977 1003 1231 1232 
984 1003 979 1008 1231 
985 1231 1008 915 1233 
986 1232 1231 1233 970 
987 921 987 1234 1214 
988 987 977 1232 1234 
989 1234 1232 970 989 
990 1214 1234 989 750 
991 916 1236 1235 1002 
992 1236 997 1237 1235 
993 1235 1237 996 1009 
994 1002 1235 1009 979 
995 28 707 1238 1025 
996 707 29 1239 1238 
997 1238 1239 3 1240 
998 1025 1238 1240 30 
999 44 710 1241 1037 
1000 710 45 1242 1241 
1001 1241 1242 28 1243 
1002 1037 1241 1243 46 
1003 72 713 1244 1049 
1004 713 73 1245 1244 
1005 1244 1245 44 1246 
1006 1049 1244 1246 74 
1007 101 127 1247 1248 
1008 127 103 1064 1247 
1009 1247 1064 75 1249 
1010 1248 1247 1249 104 
1011 102 138 1250 1251 
1012 138 101 1248 1250 
1013 1250 1248 104 1252 
1014 1251 1250 1252 76 
1015 118 716 1253 1061 
1016 716 119 1254 1253 
1017 1253 1254 72 1255 
1018 1061 1253 1255 120 
1019 124 234 1256 1257 
1020 234 126 1091 1256 
1021 1256 1091 103 1258 
1022 1257 1256 1258 127 
1023 125 202 1259 1260 
1024 202 124 1257 1259 
1025 1259 1257 127 1261 
1026 1260 1259 1261 101 
1027 136 1068 1262 1263 
1028 1068 125 1260 1262 
1029 1262 1260 101 1264 
1030 1263 1262 1264 138 
1031 132 228 1265 1266 
1032 228 109 1094 1265 
1033 1265 1094 201 1267 
1034 1266 1265 1267 199 
1035 171 210 1268 1269 
1036 210 128 1085 1268 
1037 1268 1085 205 1270 
1038 1269 1268 1270 203 
1039 367 719 1271 1115 
1040 719 368 1272 1271 
1041 1271 1272 118 1273 
1042 1115 1271 1273 369 
1043 373 409 1274 1275 
1044 409 374 1122 1274 
1045 1274 1122 230 1276 
1046 1275 1274 1276 375 
1047 334 402 1277 1278 
1048 402 373 1275 1277 
1049 1277 1275 375 1279 
1050 1278 1277 1279 229 
1051 455 1135 1280 1137 
1052 1135 457 1281 1280 
1053 1280 1281 428 1282 
1054 1137 1280 1282 458 
1055 509 722 1283 1146 
1056 722 510 1284 1283 
1057 1283 1284 367 1285 
1058 1146 1283 1285 511 
1059 512 628 1286 1149 
1060 628 513 1287 1286 
1061 1286 1287 371 1288 
1062 1149 1286 1288 514 
1063 518 1290 1289 1156 
1064 1290 520 1291 1289 
1065 1289 1291 429 1134 
1066 1156 1289 1134 456 
1067 528 1159 1292 1161 
1068 1159 530 1293 1292 
1069 1292 1293 512 1294 
1070 1161 1292 1294 531 
1071 457 621 1295 1281 
1072 621 592 1296 1295 
1073 1295 1296 595 1297 
1074 1281 1295 1297 428 
1075 520 1299 1298 1291 
1076 1299 614 1300 1298 
1077 1298 1300 593 619 
1078 1291 1298 619 429 
1079 513 684 1301 1287 
1080 684 622 1302 1301 
1081 1301 1302 624 1303 
1082 1287 1301 1303 371 
1083 530 635 1304 1293 
1084 635 625 1305 1304 
1085 1304 1305 628 1306 
1086 1293 1304 1306 512 
1087 670 704 1307 1308 
1088 704 672 1176 1307 
1089 1307 1176 590 1309 
1090 1308 1307 1309 673 
1091 638 1168 1310 1311 
1092 1168 670 1308 1310 
1093 1310 1308 673 1312 
1094 1311 1310 1312 588 
1095 588 1312 1313 1314 
1096 1312 673 1315 1313 
1097 1313 1315 679 1170 
1098 1314 1313 1170 641 
1099 673 1309 1316 1315 
1100 1309 590 1179 1316 
1101 1316 1179 680 731 
1102 1315 1316 731 679 
1103 693 1319 1317 1318 
1104 1319 695 1181 1317 
1105 1317 1181 424 702 
1106 1318 1317 702 671 
1107 645 1322 1320 1321 
1108 1322 693 1318 1320 
1109 1320 1318 671 1167 
1110 1321 1320 1167 589 
1111 368 965 1323 1272 
1112 965 714 1324 1323 
1113 1323 1324 716 1325 
1114 1272 1323 1325 118 
1115 510 800 1326 1284 
1116 800 717 1327 1326 
1117 1326 1327 719 1328 
1118 1284 1326 1328 367 
1119 839 1330 1329 1199 
1120 1330 841 1331 1329 
1121 1329 1331 749 924 
1122 1199 1329 924 812 
1123 927 976 1332 1217 
1124 976 928 1333 1332 
1125 1332 1333 665 1334 
1126 1217 1332 1334 929 
1127 841 1336 1335 1331 
1128 1336 937 1337 1335 
1129 1335 1337 920 941 
1130 1331 1335 941 749 
1131 970 1233 1338 990 
1132 1233 915 1339 1338 
1133 1338 1339 971 1340 
1134 990 1338 1340 969 
1135 928 991 1341 1333 
1136 991 969 1342 1341 
1137 1341 1342 972 1343 
1138 1333 1341 1343 665 
1139 915 1011 1344 1339 
1140 1011 999 1345 1344 
1141 1344 1345 1004 1346 
1142 1339 1344 1346 971 
1143 83 206 1347 1348 
1144 206 132 1266 1347 
1145 1347 1266 199 1349 
1146 1348 1347 1349 200 
1147 333 378 1350 1351 
1148 378 334 1278 1350 
1149 1350 1278 229 1352 
1150 1351 1350 1352 335 
1151 233 342 1353 1354 
1152 342 333 1351 1353 
1153 1353 1351 335 1355 
1154 1354 1353 1355 126 
1155 622 728 1356 1302 
1156 728 623 1357 1356 
1157 1356 1357 509 1358 
1158 1302 1356 1358 624 
1159 636 678 1359 1360 
1160 678 638 1311 1359 
1161 1359 1311 588 1361 
1162 1360 1359 1361 639 
1163 639 1361 1362 1363 
1164 1361 588 1314 1362 
1165 1362 1314 641 687 
1166 1363 1362 687 640 
1167 643 1366 1364 1365 
1168 1366 645 1321 1364 
1169 1364 1321 589 676 
1170 1365 1364 676 637 
1171 717 968 1367 1327 
1172 968 718 1368 1367 
1173 1367 1368 368 1369 
1174 1327 1367 1369 719 
1175 623 743 1370 1357 
1176 743 720 1371 1370 
1177 1370 1371 722 1372 
1178 1357 1370 1372 509 
1179 937 1374 1373 1337 
1180 1374 939 1375 1373 
1181 1373 1375 662 1210 
1182 1337 1373 1210 920 
1183 718 1224 1376 1368 
1184 1224 963 1377 1376 
1185 1376 1377 965 1378 
1186 1368 1376 1378 368 
1187 969 1340 1379 1342 
1188 1340 971 1380 1379 
1189 1379 1380 918 1381 
1190 1342 1379 1381 972 
1191 939 1383 1382 1375 
1192 1383 980 1384 1382 
1193 1382 1384 978 985 
1194 1375 1382 985 662 
1195 971 1346 1385 1380 
1196 1346 1004 1386 1385 
1197 1385 1386 1006 1387 
1198 1380 1385 1387 918 
