2 0.000000 100.000000 157.431060
1387 1198 
1 -276.279947 0.000000 -280.179887 99.862953 0.000000 5.233596 0.005500 
2 331.535936 0.000000 -280.179887 99.862953 0.000000 5.233596 0.005500 
3 331.535936 0.000000 285.678573 99.862953 0.000000 5.233596 0.005500 
4 -276.279947 0.000000 285.678573 99.862953 0.000000 5.233596 0.005500 
5 27.627995 0.000000 2.749343 105.609468 0.197923 -8.888593 -0.099350 
6 -276.279947 0.000000 2.749343 99.862953 0.000000 5.233596 0.005500 
7 27.627995 0.000000 -280.179887 99.862953 0.000000 5.233596 0.005500 
8 331.535936 0.000000 2.749343 99.955853 0.011846 3.474492 0.002093 
9 27.627995 0.000000 285.678573 99.862953 0.000000 5.233596 0.005500 
10 -124.325976 0.000000 -138.715272 99.862953 0.000000 5.233596 0.005500 
11 -276.279947 0.000000 -138.715272 99.862953 0.000000 5.233596 0.005500 
12 -124.325976 0.000000 -280.179887 99.862953 0.000000 5.233596 0.005500 
13 27.627995 0.000000 -138.715272 99.862953 0.000000 5.233596 0.005500 
14 -124.325976 0.000000 2.749343 99.862953 0.000000 5.233596 0.005500 
15 179.581965 0.000000 -138.715272 99.862953 0.000000 5.233596 0.005500 
16 179.581965 0.000000 -280.179887 99.862953 0.000000 5.233596 0.005500 
17 331.535936 0.000000 -138.715272 99.878968 0.001856 5.224072 0.005167 
18 179.581965 0.000000 2.749343 99.996913 0.018143 2.738258 0.000812 
19 -124.325976 0.000000 144.213958 99.862953 0.000000 5.233596 0.005500 
20 -276.279947 0.000000 144.213958 99.862953 0.000000 5.233596 0.005500 
21 27.627995 0.000000 144.213958 99.862953 0.000000 5.233596 0.005500 
22 -124.325976 0.000000 285.678573 99.862953 0.000000 5.233596 0.005500 
23 -48.348991 0.000000 -67.982965 99.862953 0.000000 5.233596 0.005500 
24 -124.325976 0.000000 -67.982965 99.862953 0.000000 5.233596 0.005500 
25 -48.348991 0.000000 -138.715272 99.862953 0.000000 5.233596 0.005500 
26 27.627995 0.000000 -67.982965 99.862953 0.000000 5.233596 0.005500 
27 -48.348991 0.000000 2.749343 99.862953 0.000000 5.233596 0.005500 
28 179.581965 0.000000 144.213958 99.862953 0.000000 5.233596 0.005500 
29 331.535936 0.000000 144.213958 99.851154 -0.002147 5.213064 0.005716 
30 179.581965 0.000000 285.678573 99.862953 0.000000 5.233596 0.005500 
31 103.604980 0.000000 -67.982965 99.862953 0.000000 5.233596 0.005500 
32 103.604980 0.000000 -138.715272 99.862953 0.000000 5.233596 0.005500 
33 179.581965 0.000000 -67.982965 99.934729 0.003805 5.201609 0.004022 
34 103.604980 0.000000 2.749343 100.013329 0.012545 2.746478 0.000488 
35 -48.348991 0.000000 73.481651 99.862953 0.000000 5.233596 0.005500 
36 -124.325976 0.000000 73.481651 99.862953 0.000000 5.233596 0.005500 
37 27.627995 0.000000 73.481651 99.862953 0.000000 5.233596 0.005500 
38 -48.348991 0.000000 144.213958 99.862953 0.000000 5.233596 0.005500 
39 -10.360498 0.000000 -32.616811 99.862953 0.000000 5.233596 0.005500 
40 -48.348991 0.000000 -32.616811 99.862953 0.000000 5.233596 0.005500 
41 -10.360498 0.000000 -67.982965 99.862953 0.000000 5.233596 0.005500 
42 27.627995 0.000000 -32.616811 99.862953 0.000000 5.233596 0.005500 
43 -10.360498 0.000000 2.749343 99.862953 0.000000 5.233596 0.005500 
44 103.604980 0.000000 73.481651 99.862953 0.000000 5.233596 0.005500 
45 179.581965 0.000000 73.481651 99.812640 -0.004515 5.169627 0.006446 
46 103.604980 0.000000 144.213958 99.862953 0.000000 5.233596 0.005500 
47 65.616487 0.000000 -32.616811 99.812113 0.001338 5.149669 0.006436 
48 65.616487 0.000000 -67.982965 99.862953 0.000000 5.233596 0.005500 
49 103.604980 0.000000 -32.616811 99.024412 0.004727 3.284047 0.020800 
50 65.616487 0.000000 2.749343 101.154018 -0.001193 2.819907 -0.022058 
51 -10.360498 0.000000 38.115497 99.862953 0.000000 5.233596 0.005500 
52 -48.348991 0.000000 38.115497 99.862953 0.000000 5.233596 0.005500 
53 27.627995 0.000000 38.115497 99.862953 0.000000 5.233596 0.005500 
54 -10.360498 0.000000 73.481651 99.862953 0.000000 5.233596 0.005500 
55 8.633748 0.000000 -14.933734 99.862953 0.000000 5.233596 0.005500 
56 -10.360498 0.000000 -14.933734 99.862953 0.000000 5.233596 0.005500 
57 8.633748 0.000000 -32.616811 99.862953 0.000000 5.233596 0.005500 
58 27.627995 0.000000 -14.933734 100.289778 0.008390 5.915810 -0.002300 
59 8.633748 0.000000 2.749343 99.993318 0.038743 6.113448 0.003882 
60 -200.302961 0.000000 -67.982965 99.862953 0.000000 5.233596 0.005500 
61 -276.279947 0.000000 -67.982965 99.862953 0.000000 5.233596 0.005500 
62 -200.302961 0.000000 -138.715272 99.862953 0.000000 5.233596 0.005500 
63 -200.302961 0.000000 2.749343 99.862953 0.000000 5.233596 0.005500 
64 -86.337483 0.000000 -32.616811 99.862953 0.000000 5.233596 0.005500 
65 -124.325976 0.000000 -32.616811 99.862953 0.000000 5.233596 0.005500 
66 -86.337483 0.000000 -67.982965 99.862953 0.000000 5.233596 0.005500 
67 -86.337483 0.000000 2.749343 99.862953 0.000000 5.233596 0.005500 
68 -29.354744 0.000000 -14.933734 99.862953 0.000000 5.233596 0.005500 
69 -48.348991 0.000000 -14.933734 99.862953 0.000000 5.233596 0.005500 
70 -29.354744 0.000000 -32.616811 99.862953 0.000000 5.233596 0.005500 
71 -29.354744 0.000000 2.749343 99.862953 0.000000 5.233596 0.005500 
72 65.616487 0.000000 38.115497 99.928125 -0.000756 5.154457 0.004106 
73 103.604980 0.000000 38.115497 100.672985 -0.001259 3.712144 -0.012021 
74 65.616487 0.000000 73.481651 99.862953 0.000000 5.233596 0.005500 
75 8.633748 0.000000 20.432420 99.862953 0.000000 5.233596 0.005500 
76 -10.360498 0.000000 20.432420 99.862953 0.000000 5.233596 0.005500 
77 27.627995 0.000000 20.432420 99.862953 0.000000 5.233596 0.005500 
78 8.633748 0.000000 38.115497 99.862953 0.000000 5.233596 0.005500 
79 -0.863375 0.000000 -6.092195 99.862953 0.000000 5.233596 0.005500 
80 -10.360498 0.000000 -6.092195 99.862953 0.000000 5.233596 0.005500 
81 -0.863375 0.000000 -14.933734 99.862953 0.000000 5.233596 0.005500 
82 8.633748 0.000000 -6.092195 99.862953 0.000000 5.233596 0.005500 
83 -0.863375 0.000000 2.749343 99.862953 0.000000 5.233596 0.005500 
84 46.622241 0.000000 -14.933734 98.633402 0.009742 2.923651 0.028571 
85 46.622241 0.000000 -32.616811 99.862953 0.000000 5.233596 0.005500 
86 65.616487 0.000000 -14.933734 99.302902 0.002537 3.345915 0.015176 
87 46.622241 0.000000 2.749343 94.716157 -0.060234 3.506288 0.112184 
88 18.130872 0.000000 -6.092195 99.981222 0.018940 5.816825 0.003769 
89 18.130872 0.000000 -14.933734 99.862953 0.000000 5.233596 0.005500 
90 27.627995 0.000000 -6.092195 99.555545 0.082762 4.514520 0.010994 
91 18.130872 0.000000 2.749343 101.619887 -0.131718 5.600558 -0.028897 
92 -200.302961 0.000000 73.481651 99.862953 0.000000 5.233596 0.005500 
93 -276.279947 0.000000 73.481651 99.862953 0.000000 5.233596 0.005500 
94 -200.302961 0.000000 144.213958 99.862953 0.000000 5.233596 0.005500 
95 -86.337483 0.000000 38.115497 99.862953 0.000000 5.233596 0.005500 
96 -124.325976 0.000000 38.115497 99.862953 0.000000 5.233596 0.005500 
97 -86.337483 0.000000 73.481651 99.862953 0.000000 5.233596 0.005500 
98 -29.354744 0.000000 20.432420 99.862953 0.000000 5.233596 0.005500 
99 -48.348991 0.000000 20.432420 99.862953 0.000000 5.233596 0.005500 
100 -29.354744 0.000000 38.115497 99.862953 0.000000 5.233596 0.005500 
101 -0.863375 0.000000 11.590882 99.862953 0.000000 5.233596 0.005500 
102 -10.360498 0.000000 11.590882 99.862953 0.000000 5.233596 0.005500 
103 8.633748 0.000000 11.590882 99.862953 0.000000 5.233596 0.005500 
104 -0.863375 0.000000 20.432420 99.862953 0.000000 5.233596 0.005500 
105 3.885187 0.000000 -1.671426 85.706157 0.423301 -3.510896 0.322121 
106 -0.863375 0.000000 -1.671426 99.862953 0.000000 5.233596 0.005500 
107 3.885187 0.000000 -6.092195 99.862953 0.000000 5.233596 0.005500 
108 8.633748 0.000000 -1.671426 94.039326 -0.253606 2.558592 0.126429 
109 3.885187 0.000000 2.749343 99.862953 0.000000 5.233596 0.005500 
110 -19.857621 0.000000 -6.092195 99.862953 0.000000 5.233596 0.005500 
111 -29.354744 0.000000 -6.092195 99.862953 0.000000 5.233596 0.005500 
112 -19.857621 0.000000 -14.933734 99.862953 0.000000 5.233596 0.005500 
113 -19.857621 0.000000 2.749343 99.862953 0.000000 5.233596 0.005500 
114 -5.611936 0.000000 -1.671426 99.862953 0.000000 5.233596 0.005500 
115 -10.360498 0.000000 -1.671426 99.862953 0.000000 5.233596 0.005500 
116 -5.611936 0.000000 -6.092195 99.862953 0.000000 5.233596 0.005500 
117 -5.611936 0.000000 2.749343 99.862953 0.000000 5.233596 0.005500 
118 46.622241 0.000000 20.432420 100.051277 -0.038906 4.817486 0.001296 
119 65.616487 0.000000 20.432420 100.996417 -0.008484 3.096392 -0.018808 
120 46.622241 0.000000 38.115497 99.862953 0.000000 5.233596 0.005500 
121 18.130872 0.000000 11.590882 99.862953 0.000000 5.233596 0.005500 
122 27.627995 0.000000 11.590882 100.073199 0.033771 4.830481 0.000869 
123 18.130872 0.000000 20.432420 99.862953 0.000000 5.233596 0.005500 
124 3.885187 0.000000 7.170112 99.862953 0.000000 5.233596 0.005500 
125 -0.863375 0.000000 7.170112 99.862953 0.000000 5.233596 0.005500 
126 8.633748 0.000000 7.170112 99.862953 0.000000 5.233596 0.005500 
127 3.885187 0.000000 11.590882 99.862953 0.000000 5.233596 0.005500 
128 1.510906 0.000000 0.538958 99.862953 0.000000 5.233596 0.005500 
129 -0.863375 0.000000 0.538958 99.862953 0.000000 5.233596 0.005500 
130 1.510906 0.000000 -1.671426 99.862953 0.000000 5.233596 0.005500 
131 3.885187 0.000000 0.538958 84.444695 0.513060 26.851077 0.462077 
132 1.510906 0.000000 2.749343 99.862953 0.000000 5.233596 0.005500 
133 -19.857621 0.000000 11.590882 99.862953 0.000000 5.233596 0.005500 
134 -29.354744 0.000000 11.590882 99.862953 0.000000 5.233596 0.005500 
135 -19.857621 0.000000 20.432420 99.862953 0.000000 5.233596 0.005500 
136 -5.611936 0.000000 7.170112 99.862953 0.000000 5.233596 0.005500 
137 -10.360498 0.000000 7.170112 99.862953 0.000000 5.233596 0.005500 
138 -5.611936 0.000000 11.590882 99.862953 0.000000 5.233596 0.005500 
139 -3.237656 0.000000 0.538958 99.862953 0.000000 5.233596 0.005500 
140 -5.611936 0.000000 0.538958 99.862953 0.000000 5.233596 0.005500 
141 -3.237656 0.000000 -1.671426 99.862953 0.000000 5.233596 0.005500 
142 -3.237656 0.000000 2.749343 99.862953 0.000000 5.233596 0.005500 
143 -48.348991 0.000000 -209.447580 99.862953 0.000000 5.233596 0.005500 
144 -124.325976 0.000000 -209.447580 99.862953 0.000000 5.233596 0.005500 
145 -48.348991 0.000000 -280.179887 99.862953 0.000000 5.233596 0.005500 
146 27.627995 0.000000 -209.447580 99.862953 0.000000 5.233596 0.005500 
147 -10.360498 0.000000 -103.349118 99.862953 0.000000 5.233596 0.005500 
148 -48.348991 0.000000 -103.349118 99.862953 0.000000 5.233596 0.005500 
149 -10.360498 0.000000 -138.715272 99.862953 0.000000 5.233596 0.005500 
150 27.627995 0.000000 -103.349118 99.862953 0.000000 5.233596 0.005500 
151 8.633748 0.000000 -50.299888 99.862953 0.000000 5.233596 0.005500 
152 -10.360498 0.000000 -50.299888 99.862953 0.000000 5.233596 0.005500 
153 8.633748 0.000000 -67.982965 99.862953 0.000000 5.233596 0.005500 
154 27.627995 0.000000 -50.299888 99.862953 0.000000 5.233596 0.005500 
155 -0.863375 0.000000 -23.775272 99.862953 0.000000 5.233596 0.005500 
156 -10.360498 0.000000 -23.775272 99.862953 0.000000 5.233596 0.005500 
157 -0.863375 0.000000 -32.616811 99.862953 0.000000 5.233596 0.005500 
158 8.633748 0.000000 -23.775272 99.862953 0.000000 5.233596 0.005500 
159 3.885187 0.000000 -10.512965 99.862953 0.000000 5.233596 0.005500 
160 -0.863375 0.000000 -10.512965 99.862953 0.000000 5.233596 0.005500 
161 3.885187 0.000000 -14.933734 99.862953 0.000000 5.233596 0.005500 
162 8.633748 0.000000 -10.512965 99.862953 0.000000 5.233596 0.005500 
163 1.510906 0.000000 -3.881811 99.862953 0.000000 5.233596 0.005500 
164 -0.863375 0.000000 -3.881811 99.862953 0.000000 5.233596 0.005500 
165 1.510906 0.000000 -6.092195 99.862953 0.000000 5.233596 0.005500 
166 3.885187 0.000000 -3.881811 99.862953 0.000000 5.233596 0.005500 
167 0.323766 0.000000 -0.566234 62.520619 0.550805 16.093163 0.982265 
168 -0.863375 0.000000 -0.566234 99.862953 0.000000 5.233596 0.005500 
169 0.323766 0.000000 -1.671426 99.862953 0.000000 5.233596 0.005500 
170 1.510906 0.000000 -0.566234 88.096093 -0.087285 8.757266 0.272960 
171 0.323766 0.000000 0.538958 99.862953 0.000000 5.233596 0.005500 
172 -5.611936 0.000000 -10.512965 99.862953 0.000000 5.233596 0.005500 
173 -10.360498 0.000000 -10.512965 99.862953 0.000000 5.233596 0.005500 
174 -5.611936 0.000000 -14.933734 99.862953 0.000000 5.233596 0.005500 
175 -3.237656 0.000000 -3.881811 99.862953 0.000000 5.233596 0.005500 
176 -5.611936 0.000000 -3.881811 99.862953 0.000000 5.233596 0.005500 
177 -3.237656 0.000000 -6.092195 99.862953 0.000000 5.233596 0.005500 
178 0.323766 0.000000 -2.776618 99.862953 0.000000 5.233596 0.005500 
179 -0.863375 0.000000 -2.776618 99.862953 0.000000 5.233596 0.005500 
180 0.323766 0.000000 -3.881811 99.862953 0.000000 5.233596 0.005500 
181 1.510906 0.000000 -2.776618 99.862953 0.000000 5.233596 0.005500 
182 13.382310 0.000000 -1.671426 96.491838 0.141626 4.226677 0.074409 
183 13.382310 0.000000 -6.092195 101.002680 -0.339186 7.296576 -0.014661 
184 18.130872 0.000000 -1.671426 99.268884 0.318681 3.506666 0.015990 
185 13.382310 0.000000 2.749343 99.324632 0.039682 14.382100 0.034997 
186 6.259468 0.000000 0.538958 94.982307 0.289604 1.581363 0.105245 
187 6.259468 0.000000 -1.671426 86.947197 0.048071 -0.343542 0.290143 
188 8.633748 0.000000 0.538958 92.515224 -0.149806 9.635953 0.171140 
189 6.259468 0.000000 2.749343 99.748419 0.001411 6.408115 0.009192 
190 2.698046 0.000000 -0.566234 85.074339 0.320306 -9.706043 0.349593 
191 2.698046 0.000000 -1.671426 85.561234 0.421955 -8.091918 0.333334 
192 3.885187 0.000000 -0.566234 83.510136 -0.048786 6.940175 0.381904 
193 2.698046 0.000000 0.538958 77.935224 0.642550 24.632452 0.621879 
194 0.917336 0.000000 -1.118830 72.899871 0.182848 3.181955 0.651224 
195 0.323766 0.000000 -1.118830 67.174561 0.518079 -3.861475 0.805185 
196 0.917336 0.000000 -1.671426 99.862953 0.000000 5.233596 0.005500 
197 1.510906 0.000000 -1.118830 84.406592 -0.576160 -16.443155 0.392791 
198 0.917336 0.000000 -0.566234 65.991121 0.497543 22.534124 0.939610 
199 1.510906 0.000000 4.959728 99.862953 0.000000 5.233596 0.005500 
200 -0.863375 0.000000 4.959728 99.862953 0.000000 5.233596 0.005500 
201 3.885187 0.000000 4.959728 99.862953 0.000000 5.233596 0.005500 
202 1.510906 0.000000 7.170112 99.862953 0.000000 5.233596 0.005500 
203 0.323766 0.000000 1.644151 99.862953 0.000000 5.233596 0.005500 
204 -0.863375 0.000000 1.644151 99.862953 0.000000 5.233596 0.005500 
205 1.510906 0.000000 1.644151 99.862953 0.000000 5.233596 0.005500 
206 0.323766 0.000000 2.749343 99.862953 0.000000 5.233596 0.005500 
207 0.917336 0.000000 -0.013638 66.679008 0.599824 25.195446 0.947301 
208 0.323766 0.000000 -0.013638 58.933504 0.711056 33.624500 1.288253 
209 1.510906 0.000000 -0.013638 65.359864 0.914749 30.532384 1.051275 
210 0.917336 0.000000 0.538958 99.862953 0.000000 5.233596 0.005500 
211 6.259468 0.000000 -3.881811 101.168100 0.003913 6.968834 -0.018392 
212 6.259468 0.000000 -6.092195 99.862953 0.000000 5.233596 0.005500 
213 8.633748 0.000000 -3.881811 102.257116 -0.026578 9.217477 -0.036169 
214 2.698046 0.000000 -2.776618 99.862953 0.000000 5.233596 0.005500 
215 2.698046 0.000000 -3.881811 99.862953 0.000000 5.233596 0.005500 
216 3.885187 0.000000 -2.776618 100.258733 -0.000458 5.243546 -0.002428 
217 5.072327 0.000000 -0.566234 82.734205 0.024055 6.978731 0.401555 
218 5.072327 0.000000 -1.671426 92.185238 2.522794 -1.427266 0.168235 
219 6.259468 0.000000 -0.566234 85.116094 0.093546 -0.232418 0.334835 
220 5.072327 0.000000 0.538958 86.756999 0.120448 21.481188 0.361080 
221 3.291617 0.000000 -1.118830 85.616345 0.418874 -8.226387 0.332288 
222 2.698046 0.000000 -1.118830 85.196380 0.363860 -9.002021 0.344633 
223 3.291617 0.000000 -1.671426 85.062845 0.476446 -6.878674 0.343045 
224 3.885187 0.000000 -1.118830 85.817384 0.428908 -3.433126 0.319318 
225 3.291617 0.000000 -0.566234 90.857248 -0.030572 13.368625 0.220611 
226 2.698046 0.000000 1.644151 99.862953 0.000000 5.233596 0.005500 
227 3.885187 0.000000 1.644151 97.524830 0.029742 9.104045 0.059581 
228 2.698046 0.000000 2.749343 99.862953 0.000000 5.233596 0.005500 
229 13.382310 0.000000 7.170112 98.662423 0.007648 7.399308 0.032797 
230 18.130872 0.000000 7.170112 100.198188 0.045022 4.943679 -0.001522 
231 13.382310 0.000000 11.590882 99.862953 0.000000 5.233596 0.005500 
232 6.259468 0.000000 4.959728 99.862953 0.000000 5.233596 0.005500 
233 8.633748 0.000000 4.959728 99.862953 0.000000 5.233596 0.005500 
234 6.259468 0.000000 7.170112 99.862953 0.000000 5.233596 0.005500 
235 5.072327 0.000000 1.644151 86.580235 0.119297 21.483727 0.365637 
236 6.259468 0.000000 1.644151 88.333917 -0.011649 19.015063 0.306732 
237 5.072327 0.000000 2.749343 99.862953 0.000000 5.233596 0.005500 
238 3.291617 0.000000 1.091555 84.723960 0.524216 26.915662 0.455084 
239 2.698046 0.000000 1.091555 78.166458 0.921131 28.118002 0.648622 
240 3.291617 0.000000 0.538958 83.815809 0.428643 25.905037 0.471052 
241 3.885187 0.000000 1.091555 86.548754 0.698326 27.336008 0.409733 
242 3.291617 0.000000 1.644151 99.862953 0.000000 5.233596 0.005500 
243 5.072327 0.000000 -2.776618 102.815913 -0.035820 9.141879 -0.047060 
244 5.072327 0.000000 -3.881811 99.862953 0.000000 5.233596 0.005500 
245 6.259468 0.000000 -2.776618 100.224372 -0.108136 6.861340 0.000217 
246 11.008029 0.000000 0.538958 95.632903 -0.002400 9.573901 0.101245 
247 11.008029 0.000000 -1.671426 96.095247 0.119427 2.507504 0.081603 
248 13.382310 0.000000 0.538958 97.737354 -0.195393 7.021534 0.051484 
249 11.008029 0.000000 2.749343 96.919277 0.153242 14.885162 0.087900 
250 7.446608 0.000000 -0.566234 85.620946 0.092634 11.996144 0.343208 
251 7.446608 0.000000 -1.671426 91.772771 -0.064862 1.347594 0.176817 
252 8.633748 0.000000 -0.566234 90.512736 -0.135594 7.653453 0.213137 
253 7.446608 0.000000 0.538958 92.269262 -0.012261 7.198938 0.171684 
254 5.665897 0.000000 -1.118830 91.237143 0.111559 -0.786424 0.188942 
255 5.072327 0.000000 -1.118830 92.194700 -0.788565 -1.874041 0.167494 
256 5.665897 0.000000 -1.671426 91.272087 0.111641 -0.778523 0.188137 
257 6.259468 0.000000 -1.118830 87.063785 0.045484 -0.350634 0.287326 
258 5.665897 0.000000 -0.566234 84.060664 0.312221 24.739991 0.454987 
259 4.478757 0.000000 1.091555 84.003343 0.218180 23.715822 0.448620 
260 4.478757 0.000000 0.538958 83.364248 0.215886 24.329444 0.470440 
261 5.072327 0.000000 1.091555 86.429505 0.126070 21.485932 0.369531 
262 4.478757 0.000000 1.644151 83.393081 0.258277 25.082198 0.475675 
263 7.446608 0.000000 1.644151 92.996195 -0.116232 18.311909 0.190283 
264 8.633748 0.000000 1.644151 100.392819 -0.094137 12.490938 0.007775 
265 7.446608 0.000000 2.749343 102.292888 -0.490567 3.413525 -0.043738 
266 5.665897 0.000000 1.091555 86.019326 0.111849 20.812111 0.375839 
267 5.665897 0.000000 0.538958 98.498325 0.108794 -9.465537 0.039867 
268 6.259468 0.000000 1.091555 88.409539 0.023479 18.777659 0.303583 
269 5.665897 0.000000 1.644151 104.140293 -0.105095 0.359295 -0.079472 
270 18.130872 0.000000 -23.775272 99.862953 0.000000 5.233596 0.005500 
271 18.130872 0.000000 -32.616811 99.862953 0.000000 5.233596 0.005500 
272 27.627995 0.000000 -23.775272 99.862953 0.000000 5.233596 0.005500 
273 13.382310 0.000000 -10.512965 99.862953 0.000000 5.233596 0.005500 
274 13.382310 0.000000 -14.933734 99.862953 0.000000 5.233596 0.005500 
275 18.130872 0.000000 -10.512965 100.440606 -0.002023 6.105534 -0.005085 
276 11.008029 0.000000 -3.881811 100.818106 -0.109866 7.137195 -0.011241 
277 11.008029 0.000000 -6.092195 100.641985 -0.024850 6.419718 -0.008704 
278 13.382310 0.000000 -3.881811 99.898345 -0.007576 6.127146 0.005810 
279 7.446608 0.000000 -2.776618 100.638893 0.002692 7.255177 -0.007514 
280 7.446608 0.000000 -3.881811 101.428775 -0.041400 7.826992 -0.022285 
281 8.633748 0.000000 -2.776618 99.054899 -0.129652 6.680147 0.023671 
282 6.853038 0.000000 -1.118830 87.289425 0.092411 0.067533 0.281867 
283 6.853038 0.000000 -1.671426 87.231798 0.092441 0.059579 0.283255 
284 7.446608 0.000000 -1.118830 91.708818 -0.065257 1.367237 0.178285 
285 6.853038 0.000000 -0.566234 90.294857 0.023464 13.844759 0.235670 
286 9.820889 0.000000 -0.566234 94.917335 -0.107418 2.177983 0.106912 
287 9.820889 0.000000 -1.671426 95.004127 -0.011118 2.159397 0.105008 
288 11.008029 0.000000 -0.566234 95.531923 0.076055 2.303407 0.093621 
289 9.820889 0.000000 0.538958 92.362838 0.122810 12.019624 0.181058 
290 9.820889 0.000000 -2.776618 98.975109 -0.584899 4.960570 0.023269 
291 9.820889 0.000000 -3.881811 101.055297 -0.275207 8.071381 -0.014540 
292 11.008029 0.000000 -2.776618 98.721269 0.225667 5.089271 0.028578 
293 37.125118 0.000000 -6.092195 97.678864 0.123172 -0.325625 0.047438 
294 37.125118 0.000000 -14.933734 99.688606 -0.000171 4.945923 0.008719 
295 46.622241 0.000000 -6.092195 98.210556 0.063727 1.665894 0.036679 
296 37.125118 0.000000 2.749343 102.297695 -0.121434 -1.560078 -0.044713 
297 22.879433 0.000000 -1.671426 99.970296 0.031938 -0.614068 0.000632 
298 22.879433 0.000000 -6.092195 99.606790 -0.024772 4.828960 0.010256 
299 27.627995 0.000000 -1.671426 98.507669 0.178935 -3.191867 0.031330 
300 22.879433 0.000000 2.749343 105.440456 -0.040290 -7.693276 -0.098001 
301 15.756591 0.000000 0.538958 99.217939 0.031038 3.242891 0.016833 
302 15.756591 0.000000 -1.671426 99.866266 -0.003979 2.884783 0.003514 
303 18.130872 0.000000 0.538958 100.781662 0.075507 0.077132 -0.015516 
304 15.756591 0.000000 2.749343 100.137030 -0.003305 13.976176 0.016996 
305 12.195170 0.000000 -0.566234 96.803844 0.188168 3.217106 0.066949 
306 12.195170 0.000000 -1.671426 96.837636 0.186756 3.228211 0.066240 
307 13.382310 0.000000 -0.566234 96.474702 0.141915 4.207830 0.074757 
308 12.195170 0.000000 0.538958 98.931111 -0.141956 6.803845 0.026383 
309 10.414459 0.000000 -1.118830 95.429232 0.069640 2.177278 0.095779 
310 9.820889 0.000000 -1.118830 95.049633 -0.009466 2.176555 0.104025 
311 10.414459 0.000000 -1.671426 95.645959 0.087124 2.351819 0.091183 
312 11.008029 0.000000 -1.118830 96.173337 0.125119 2.535124 0.079946 
313 10.414459 0.000000 -0.566234 95.250580 0.054433 2.056979 0.099596 
314 15.756591 0.000000 -3.881811 99.966112 0.081183 6.248308 0.004598 
315 15.756591 0.000000 -6.092195 100.077930 0.115241 5.902401 0.001929 
316 18.130872 0.000000 -3.881811 99.699132 -0.028046 5.000458 0.008561 
317 12.195170 0.000000 -2.776618 98.186221 0.119436 4.180427 0.038733 
318 12.195170 0.000000 -3.881811 99.879955 0.168906 6.074365 0.006119 
319 13.382310 0.000000 -2.776618 98.415892 0.087915 4.466934 0.034242 
320 10.414459 0.000000 -2.224022 95.886738 0.103066 2.453846 0.086050 
321 9.820889 0.000000 -2.224022 94.917335 -0.107418 2.177983 0.106912 
322 10.414459 0.000000 -2.776618 99.909372 0.235765 7.044436 0.006813 
323 11.008029 0.000000 -2.224022 95.886738 0.103066 2.453846 0.086050 
324 11.601599 0.000000 -1.118830 96.683602 0.196428 2.686214 0.069157 
325 11.601599 0.000000 -1.671426 96.887541 0.202817 2.848160 0.064932 
326 12.195170 0.000000 -1.118830 96.841089 0.182926 3.307488 0.066224 
327 11.601599 0.000000 -0.566234 96.400420 0.196929 2.559262 0.075110 
328 10.711244 0.000000 -1.395128 95.605010 0.084010 2.334458 0.092058 
329 10.414459 0.000000 -1.395128 95.614643 0.026392 2.310041 0.091836 
330 10.711244 0.000000 -1.671426 95.598761 0.083364 2.331804 0.092191 
331 11.008029 0.000000 -1.395128 96.161259 0.125870 2.531036 0.080202 
332 10.711244 0.000000 -1.118830 95.336777 0.062075 2.116908 0.097754 
333 11.008029 0.000000 4.959728 100.302069 0.036888 5.463632 -0.003058 
334 13.382310 0.000000 4.959728 100.696971 0.178276 4.954318 -0.011435 
335 11.008029 0.000000 7.170112 99.862953 0.000000 5.233596 0.005500 
336 9.820889 0.000000 1.644151 94.592580 0.165551 15.813391 0.142953 
337 11.008029 0.000000 1.644151 96.612379 0.092919 12.987635 0.088630 
338 9.820889 0.000000 2.749343 100.343839 -0.021526 6.888175 -0.002141 
339 9.820889 0.000000 3.854535 100.590167 -0.110929 5.040161 -0.009234 
340 8.633748 0.000000 3.854535 97.873890 0.097390 9.523824 0.053059 
341 11.008029 0.000000 3.854535 102.365868 0.013433 3.073853 -0.045362 
342 9.820889 0.000000 4.959728 98.544371 0.008895 7.782002 0.035848 
343 9.227319 0.000000 2.196747 95.597943 0.109846 13.488591 0.112397 
344 8.633748 0.000000 2.196747 103.083016 -0.314817 1.659024 -0.059569 
345 9.227319 0.000000 1.644151 95.721183 0.097860 13.203485 0.108794 
346 9.820889 0.000000 2.196747 95.225647 0.148806 15.515076 0.127559 
347 9.227319 0.000000 2.749343 95.643009 0.105112 13.384328 0.111076 
348 12.195170 0.000000 1.644151 98.265945 0.142314 12.766299 0.052563 
349 13.382310 0.000000 1.644151 98.874681 0.078393 4.634909 0.024966 
350 12.195170 0.000000 2.749343 98.478113 0.134064 14.167126 0.052132 
351 10.414459 0.000000 2.196747 96.537133 0.103502 13.373991 0.091416 
352 10.414459 0.000000 1.644151 96.773029 0.084879 10.794240 0.079320 
353 11.008029 0.000000 2.196747 96.912283 0.135335 14.121577 0.085566 
354 10.414459 0.000000 2.749343 96.523480 0.102701 13.443986 0.091925 
355 7.446608 0.000000 3.854535 99.862953 0.000000 5.233596 0.005500 
356 6.259468 0.000000 3.854535 99.862953 0.000000 5.233596 0.005500 
357 7.446608 0.000000 4.959728 99.862953 0.000000 5.233596 0.005500 
358 9.227319 0.000000 3.301939 101.940526 -0.515643 2.725166 -0.037363 
359 8.633748 0.000000 3.301939 101.851235 0.081382 3.297689 -0.035338 
360 9.820889 0.000000 3.301939 100.381725 0.303403 5.811627 -0.004249 
361 9.227319 0.000000 3.854535 101.020427 0.048349 4.724356 -0.018040 
362 9.524104 0.000000 2.473045 95.523179 0.131126 14.510406 0.117378 
363 9.227319 0.000000 2.473045 95.608384 0.108575 13.464432 0.112090 
364 9.524104 0.000000 2.196747 95.514427 0.134623 14.592885 0.117852 
365 9.820889 0.000000 2.473045 95.212792 0.150238 15.521133 0.127870 
366 9.524104 0.000000 2.749343 94.592580 0.165551 15.813391 0.142953 
367 37.125118 0.000000 11.590882 100.358509 0.009648 4.018564 -0.005546 
368 46.622241 0.000000 11.590882 100.052588 -0.018364 3.957172 0.000514 
369 37.125118 0.000000 20.432420 99.819526 -0.054283 5.392332 0.006545 
370 22.879433 0.000000 7.170112 99.947914 -0.088635 4.389244 0.002975 
371 27.627995 0.000000 7.170112 99.952190 -0.258582 4.166191 0.002704 
372 22.879433 0.000000 11.590882 100.048205 -0.049532 5.217891 0.001761 
373 15.756591 0.000000 4.959728 100.785085 0.063132 3.430843 -0.014433 
374 18.130872 0.000000 4.959728 101.045714 -0.044976 2.072983 -0.020289 
375 15.756591 0.000000 7.170112 100.596236 -0.081031 4.594499 -0.009779 
376 12.195170 0.000000 3.854535 101.291978 0.005947 3.862738 -0.024083 
377 13.382310 0.000000 3.854535 99.212007 0.006499 15.203630 0.039913 
378 12.195170 0.000000 4.959728 101.299607 -0.131879 3.798586 -0.024278 
379 14.569450 0.000000 -0.566234 97.669408 0.018871 3.948251 0.049289 
380 14.569450 0.000000 -1.671426 97.433644 -0.019716 3.745471 0.054060 
381 15.756591 0.000000 -0.566234 99.859129 0.000082 2.834074 0.003628 
382 14.569450 0.000000 0.538958 98.604460 -0.065747 3.251184 0.029377 
383 14.569450 0.000000 -2.776618 99.379165 -0.317865 5.971169 0.016138 
384 14.569450 0.000000 -3.881811 100.024373 0.028894 6.457702 0.003693 
385 15.756591 0.000000 -2.776618 99.252890 -0.045708 4.676140 0.017285 
386 20.505152 0.000000 0.538958 101.404158 0.175679 0.095255 -0.027703 
387 20.505152 0.000000 -1.671426 100.627934 -0.060022 2.461410 -0.011888 
388 22.879433 0.000000 0.538958 103.028117 -0.103362 0.186312 -0.058793 
389 20.505152 0.000000 2.749343 103.279133 -0.110766 -1.110832 -0.063396 
390 16.943731 0.000000 -0.566234 99.837966 -0.039581 1.907956 0.003612 
391 16.943731 0.000000 -1.671426 99.837966 -0.039581 1.907956 0.003612 
392 18.130872 0.000000 -0.566234 100.123141 -0.069754 2.390136 -0.001890 
393 16.943731 0.000000 0.538958 100.101330 -0.004717 3.068945 -0.001085 
394 15.163021 0.000000 -1.118830 99.374169 -0.037695 3.490904 0.013832 
395 14.569450 0.000000 -1.118830 97.632290 0.012232 3.916317 0.050038 
396 15.163021 0.000000 -1.671426 99.922847 -0.034764 3.286506 0.002628 
397 15.756591 0.000000 -1.118830 99.858855 -0.000106 2.832202 0.003633 
398 15.163021 0.000000 -0.566234 99.236258 -0.043330 3.629648 0.016733 
399 14.569450 0.000000 3.854535 99.739015 0.025997 14.618953 0.027099 
400 14.569450 0.000000 2.749343 99.671922 0.042996 13.918569 0.026413 
401 15.756591 0.000000 3.854535 100.122564 -0.001722 14.010766 0.017392 
402 14.569450 0.000000 4.959728 100.140985 0.058847 5.146401 -0.000173 
403 20.505152 0.000000 4.959728 99.449608 0.096513 4.021862 0.012711 
404 22.879433 0.000000 4.959728 99.770695 0.339103 3.434402 0.005796 
405 20.505152 0.000000 7.170112 100.296170 0.241694 4.226400 -0.004128 
406 16.943731 0.000000 3.854535 100.734919 -0.083502 11.423650 -0.001700 
407 16.943731 0.000000 2.749343 100.734919 -0.083502 11.423650 -0.001700 
408 18.130872 0.000000 3.854535 101.598920 -0.152855 6.038770 -0.028000 
409 16.943731 0.000000 4.959728 100.330214 0.359742 3.717376 -0.005201 
410 22.879433 0.000000 -10.512965 99.967681 0.065015 5.485944 0.003666 
411 22.879433 0.000000 -14.933734 99.862953 0.000000 5.233596 0.005500 
412 27.627995 0.000000 -10.512965 99.840449 0.007832 5.280791 0.006003 
413 20.505152 0.000000 -3.881811 99.457644 -0.094805 4.485645 0.012950 
414 20.505152 0.000000 -6.092195 99.674072 -0.002674 5.134839 0.009205 
415 22.879433 0.000000 -3.881811 99.294705 -0.055163 3.901321 0.015755 
416 19.318012 0.000000 -0.566234 100.247867 -0.056381 2.228576 -0.004452 
417 19.318012 0.000000 -1.671426 100.180519 -0.054611 2.176779 -0.003132 
418 20.505152 0.000000 -0.566234 100.749205 -0.020469 2.372748 -0.014326 
419 19.318012 0.000000 0.538958 101.379788 0.279543 5.628245 -0.024176 
420 19.318012 0.000000 3.854535 102.227465 -0.136275 1.363719 -0.043423 
421 19.318012 0.000000 2.749343 102.285349 -0.127653 0.865909 -0.044634 
422 20.505152 0.000000 3.854535 102.708495 -0.118246 -2.035573 -0.052376 
423 19.318012 0.000000 4.959728 99.931569 -0.365962 3.332508 0.002497 
424 32.376556 0.000000 -1.671426 104.459720 0.056157 -2.098805 -0.084948 
425 32.376556 0.000000 -6.092195 99.607579 0.007048 3.818060 0.009353 
426 37.125118 0.000000 -1.671426 103.097079 0.050490 1.218665 -0.059958 
427 32.376556 0.000000 2.749343 101.496758 -0.220859 -8.437988 -0.022654 
428 25.253714 0.000000 0.538958 104.305661 -0.030734 0.202844 -0.082514 
429 25.253714 0.000000 -1.671426 99.817318 0.042970 -1.565174 0.003906 
430 27.627995 0.000000 0.538958 103.350714 -0.020119 0.378706 -0.064835 
431 25.253714 0.000000 2.749343 106.196508 0.342252 -6.438785 -0.112963 
432 21.692293 0.000000 -0.566234 100.640023 -0.052866 2.334724 -0.012187 
433 21.692293 0.000000 -1.671426 100.532105 -0.051829 2.240872 -0.010094 
434 22.879433 0.000000 -0.566234 99.822171 0.034323 -0.112282 0.003564 
435 21.692293 0.000000 0.538958 101.623140 0.093637 1.029899 -0.031858 
436 25.253714 0.000000 -3.881811 99.378546 -0.140752 3.945972 0.014091 
437 25.253714 0.000000 -6.092195 99.567265 0.069717 4.656708 0.010890 
438 27.627995 0.000000 -3.881811 95.522143 -0.025826 -1.525263 0.093495 
439 21.692293 0.000000 -2.776618 99.598280 0.176100 4.106618 0.009776 
440 20.505152 0.000000 -2.776618 99.293142 -0.240658 4.023744 0.015891 
441 21.692293 0.000000 -3.881811 99.488131 0.111163 4.434853 0.012287 
442 22.879433 0.000000 -2.776618 99.496259 -0.207986 3.804492 0.011597 
443 21.098722 0.000000 -1.118830 100.777244 -0.054185 2.454059 -0.014841 
444 20.505152 0.000000 -1.118830 100.637538 -0.054434 2.720894 -0.011946 
445 21.098722 0.000000 -1.671426 100.786071 -0.054270 2.461736 -0.015011 
446 21.692293 0.000000 -1.118830 100.613121 -0.052608 2.311328 -0.011666 
447 21.098722 0.000000 -0.566234 100.764042 -0.054058 2.442578 -0.014586 
448 19.318012 0.000000 -2.776618 99.317516 0.112263 4.002020 0.015374 
449 18.130872 0.000000 -2.776618 99.770873 -0.098412 4.920587 0.007035 
450 19.318012 0.000000 -3.881811 99.394347 -0.017052 4.446044 0.014196 
451 21.098722 0.000000 -2.224022 99.320632 0.247496 3.471817 0.014911 
452 20.505152 0.000000 -2.224022 100.102031 0.256883 4.772997 0.000243 
453 21.098722 0.000000 -2.776618 99.327934 -0.235216 3.805030 0.015010 
454 21.692293 0.000000 -2.224022 99.262565 0.067460 3.283324 0.015953 
455 24.066573 0.000000 -0.566234 99.124921 0.003409 -1.603530 0.017909 
456 24.066573 0.000000 -1.671426 97.714531 0.017120 -2.375175 0.047284 
457 25.253714 0.000000 -0.566234 99.159280 0.033631 -1.846119 0.017297 
458 24.066573 0.000000 0.538958 103.290948 -0.115967 0.255496 -0.063723 
459 22.285863 0.000000 -1.118830 100.189568 -0.008539 1.816337 -0.003456 
460 22.285863 0.000000 -1.671426 100.070958 0.000159 1.517933 -0.001188 
461 22.879433 0.000000 -1.118830 99.601729 0.046476 -0.210109 0.008000 
462 22.285863 0.000000 -0.566234 100.050606 0.002054 1.476432 -0.000794 
463 21.395508 0.000000 -1.395128 100.771726 -0.054132 2.449261 -0.014734 
464 21.098722 0.000000 -1.395128 100.785232 -0.054262 2.461007 -0.014995 
465 21.395508 0.000000 -1.671426 100.776240 -0.054175 2.453186 -0.014821 
466 21.692293 0.000000 -1.395128 100.602419 -0.052505 2.302021 -0.011458 
467 21.395508 0.000000 -1.118830 100.764933 -0.054067 2.443353 -0.014603 
468 19.911582 0.000000 -1.118830 100.688865 -0.028046 2.318695 -0.013160 
469 19.318012 0.000000 -1.118830 100.192182 -0.054917 2.185750 -0.003361 
470 19.911582 0.000000 -1.671426 100.482617 -0.062552 2.409121 -0.009035 
471 19.911582 0.000000 -0.566234 100.750285 -0.016059 2.252872 -0.014402 
472 20.801937 0.000000 -1.395128 100.821991 -0.056643 2.531237 -0.015685 
473 20.505152 0.000000 -1.395128 100.633382 -0.059927 2.463370 -0.011995 
474 20.801937 0.000000 -1.671426 100.897040 -0.055336 2.558242 -0.017150 
475 20.801937 0.000000 -1.118830 100.834808 -0.056420 2.535849 -0.015936 
476 21.692293 0.000000 1.644151 100.962258 -0.052724 0.344357 -0.019057 
477 20.505152 0.000000 1.644151 101.404158 0.175679 0.095255 -0.027703 
478 22.879433 0.000000 1.644151 103.028117 -0.103362 0.186312 -0.058793 
479 21.692293 0.000000 2.749343 103.340266 -0.038182 -4.455764 -0.062854 
480 21.098722 0.000000 -0.013638 101.115684 0.016367 1.316992 -0.021909 
481 20.505152 0.000000 -0.013638 101.404158 0.175679 0.095255 -0.027703 
482 21.692293 0.000000 -0.013638 100.411766 0.101190 0.859533 -0.008129 
483 21.098722 0.000000 0.538958 101.556728 0.093354 0.126355 -0.030670 
484 21.395508 0.000000 -0.842532 100.760034 -0.054020 2.439093 -0.014509 
485 21.098722 0.000000 -0.842532 100.766792 -0.054084 2.444970 -0.014639 
486 21.692293 0.000000 -0.842532 100.618686 -0.052661 2.316167 -0.011774 
487 21.395508 0.000000 -0.566234 100.759961 -0.054019 2.439029 -0.014507 
488 21.247115 0.000000 -1.256979 100.773110 -0.054145 2.450464 -0.014761 
489 21.098722 0.000000 -1.256979 100.782332 -0.054234 2.458485 -0.014939 
490 21.247115 0.000000 -1.395128 100.776690 -0.054180 2.453577 -0.014830 
491 21.395508 0.000000 -1.256979 100.768448 -0.054100 2.446410 -0.014671 
492 21.247115 0.000000 -1.118830 100.768676 -0.054103 2.446609 -0.014675 
493 20.801937 0.000000 -0.842532 100.824292 -0.027965 2.441302 -0.015775 
494 20.505152 0.000000 -0.842532 100.737999 -0.024437 2.394754 -0.014095 
495 20.801937 0.000000 -0.566234 100.819542 -0.021469 2.406852 -0.015697 
496 20.950330 0.000000 -1.256979 100.897040 -0.055336 2.558242 -0.017150 
497 20.801937 0.000000 -1.256979 100.834883 -0.056418 2.535876 -0.015937 
498 20.950330 0.000000 -1.395128 100.897040 -0.055336 2.558242 -0.017150 
499 20.950330 0.000000 -1.118830 100.897040 -0.055336 2.558242 -0.017150 
500 21.247115 0.000000 -0.980681 100.764476 -0.054062 2.442956 -0.014594 
501 21.098722 0.000000 -0.980681 100.771335 -0.054128 2.448920 -0.014727 
502 21.395508 0.000000 -0.980681 100.761906 -0.054038 2.440721 -0.014545 
503 21.247115 0.000000 -0.842532 100.761707 -0.054036 2.440547 -0.014541 
504 21.172919 0.000000 -1.187905 100.774700 -0.054160 2.451847 -0.014792 
505 21.098722 0.000000 -1.187905 100.780019 -0.054212 2.456472 -0.014894 
506 21.172919 0.000000 -1.256979 100.776994 -0.054183 2.453842 -0.014836 
507 21.247115 0.000000 -1.187905 100.770946 -0.054124 2.448583 -0.014719 
508 21.172919 0.000000 -1.118830 100.772166 -0.054136 2.449644 -0.014743 
509 32.376556 0.000000 7.170112 100.156121 0.057408 3.688875 -0.001762 
510 37.125118 0.000000 7.170112 100.668411 -0.133393 2.318851 -0.012754 
511 32.376556 0.000000 11.590882 100.003812 -0.094292 4.693485 0.002131 
512 25.253714 0.000000 4.959728 99.764532 0.377016 3.365291 0.005875 
513 27.627995 0.000000 4.959728 99.722819 -0.075699 3.107840 0.006533 
514 25.253714 0.000000 7.170112 99.981359 -0.183245 4.204400 0.002147 
515 21.692293 0.000000 3.854535 103.489817 0.030780 -4.768660 -0.065394 
516 22.879433 0.000000 3.854535 105.941688 0.003881 -8.155434 -0.106360 
517 21.692293 0.000000 4.959728 99.906352 -0.355469 3.060131 0.002827 
518 24.066573 0.000000 -2.776618 99.311273 0.105067 3.625744 0.015207 
519 24.066573 0.000000 -3.881811 99.453951 0.123623 4.147625 0.012728 
520 25.253714 0.000000 -2.776618 98.690198 0.060809 2.151116 0.026998 
521 22.285863 0.000000 -2.224022 99.360313 -0.274861 3.418957 0.014070 
522 22.285863 0.000000 -2.776618 99.357845 0.193146 3.728643 0.014342 
523 22.879433 0.000000 -2.224022 99.212283 -0.040345 3.185590 0.016910 
524 21.989078 0.000000 -1.395128 100.461163 -0.039902 2.224209 -0.008694 
525 21.989078 0.000000 -1.671426 100.460345 -0.039765 2.224016 -0.008678 
526 22.285863 0.000000 -1.395128 100.062317 0.000963 1.500314 -0.001021 
527 21.989078 0.000000 -1.118830 100.520806 -0.042782 2.266841 -0.009858 
528 24.066573 0.000000 3.854535 99.492407 0.759060 1.606648 0.010521 
529 24.066573 0.000000 2.749343 106.832688 0.265601 -7.209603 -0.123252 
530 25.253714 0.000000 3.854535 100.435893 -0.269287 -0.384801 -0.008660 
531 24.066573 0.000000 4.959728 99.673894 -0.496364 3.209859 0.007608 
532 22.285863 0.000000 3.301939 104.200455 -0.081443 -6.006775 -0.077402 
533 21.692293 0.000000 3.301939 103.490682 0.031179 -4.770470 -0.065408 
534 22.285863 0.000000 2.749343 104.284556 -0.066673 -6.220379 -0.078722 
535 22.879433 0.000000 3.301939 105.413823 -0.057586 -7.888936 -0.097260 
536 22.285863 0.000000 3.854535 104.251410 -0.063026 -6.154395 -0.078183 
537 21.098722 0.000000 3.301939 103.268741 -0.071164 -4.306115 -0.061630 
538 20.505152 0.000000 3.301939 103.100050 -0.110650 -1.266104 -0.060003 
539 21.098722 0.000000 2.749343 103.274142 -0.068674 -4.317415 -0.061723 
540 21.098722 0.000000 3.854535 103.234508 -0.086950 -4.234492 -0.061043 
541 -48.348991 0.000000 214.946266 99.862953 0.000000 5.233596 0.005500 
542 -124.325976 0.000000 214.946266 99.862953 0.000000 5.233596 0.005500 
543 27.627995 0.000000 214.946266 99.862953 0.000000 5.233596 0.005500 
544 -48.348991 0.000000 285.678573 99.862953 0.000000 5.233596 0.005500 
545 -10.360498 0.000000 108.847804 99.862953 0.000000 5.233596 0.005500 
546 -48.348991 0.000000 108.847804 99.862953 0.000000 5.233596 0.005500 
547 27.627995 0.000000 108.847804 99.862953 0.000000 5.233596 0.005500 
548 -10.360498 0.000000 144.213958 99.862953 0.000000 5.233596 0.005500 
549 8.633748 0.000000 55.798574 99.862953 0.000000 5.233596 0.005500 
550 -10.360498 0.000000 55.798574 99.862953 0.000000 5.233596 0.005500 
551 27.627995 0.000000 55.798574 99.862953 0.000000 5.233596 0.005500 
552 8.633748 0.000000 73.481651 99.862953 0.000000 5.233596 0.005500 
553 18.130872 0.000000 29.273958 99.862953 0.000000 5.233596 0.005500 
554 8.633748 0.000000 29.273958 99.862953 0.000000 5.233596 0.005500 
555 27.627995 0.000000 29.273958 99.862953 0.000000 5.233596 0.005500 
556 18.130872 0.000000 38.115497 99.862953 0.000000 5.233596 0.005500 
557 22.879433 0.000000 16.011651 99.862953 0.000000 5.233596 0.005500 
558 18.130872 0.000000 16.011651 99.862953 0.000000 5.233596 0.005500 
559 27.627995 0.000000 16.011651 99.146012 0.002223 6.424887 0.021459 
560 22.879433 0.000000 20.432420 99.862953 0.000000 5.233596 0.005500 
561 20.505152 0.000000 9.380497 100.739471 0.135099 4.201517 -0.012954 
562 18.130872 0.000000 9.380497 99.471332 0.022223 6.140815 0.014465 
563 22.879433 0.000000 9.380497 100.537957 0.021131 4.102414 -0.009045 
564 20.505152 0.000000 11.590882 98.691059 0.004327 7.196438 0.031895 
565 21.692293 0.000000 6.064920 99.591352 -0.048025 4.431724 0.010195 
566 20.505152 0.000000 6.064920 100.313274 -0.039167 3.523494 -0.005015 
567 22.879433 0.000000 6.064920 100.020042 -0.148014 3.800728 0.001047 
568 21.692293 0.000000 7.170112 100.685683 -0.031355 3.415584 -0.012480 
569 22.285863 0.000000 4.407132 99.445943 0.488394 3.461421 0.012382 
570 21.692293 0.000000 4.407132 99.511444 0.427280 2.558454 0.010499 
571 22.879433 0.000000 4.407132 99.679664 -0.627791 2.012453 0.006875 
572 22.285863 0.000000 4.959728 100.873380 0.229526 1.137179 -0.017191 
573 21.989078 0.000000 3.578237 103.625586 0.008440 -4.979564 -0.067744 
574 21.692293 0.000000 3.578237 103.483983 0.028090 -4.756454 -0.065295 
575 21.989078 0.000000 3.301939 103.643490 0.003385 -5.005560 -0.068055 
576 22.285863 0.000000 3.578237 104.097111 -0.063627 -5.813442 -0.075696 
577 21.989078 0.000000 3.854535 103.717624 0.026623 -5.151238 -0.069303 
578 23.473003 0.000000 -1.118830 99.313111 0.043998 -1.139752 0.013959 
579 23.473003 0.000000 -1.671426 98.191512 0.064595 -1.793211 0.037120 
580 24.066573 0.000000 -1.118830 97.859915 0.036222 -2.183931 0.044162 
581 23.473003 0.000000 -0.566234 99.659066 0.026987 -1.022987 0.006946 
582 24.066573 0.000000 1.644151 103.230388 -0.102560 0.236206 -0.062590 
583 25.253714 0.000000 1.644151 104.305661 -0.030734 0.202844 -0.082514 
584 23.473003 0.000000 3.301939 106.455879 0.121177 -7.695574 -0.116069 
585 23.473003 0.000000 2.749343 106.437551 0.126705 -7.621103 -0.115841 
586 24.066573 0.000000 3.301939 106.836147 0.263896 -7.101460 -0.123439 
587 23.473003 0.000000 3.854535 106.712682 0.194854 -7.324629 -0.121026 
588 30.002275 0.000000 0.538958 105.446676 0.054225 0.449097 -0.103126 
589 30.002275 0.000000 -1.671426 101.754766 0.158630 -3.075310 -0.033606 
590 32.376556 0.000000 0.538958 106.467320 -0.109801 0.094701 -0.121137 
591 30.002275 0.000000 2.749343 105.180960 -0.018157 -9.405919 -0.090786 
592 26.440854 0.000000 -0.566234 99.726430 -0.070512 -1.891298 0.005847 
593 26.440854 0.000000 -1.671426 99.179456 -0.086364 -2.315116 0.017087 
594 27.627995 0.000000 -0.566234 99.088061 0.145758 -2.651316 0.019119 
595 26.440854 0.000000 0.538958 103.406301 -0.018546 0.329216 -0.065877 
596 103.604980 0.000000 -209.447580 99.862953 0.000000 5.233596 0.005500 
597 103.604980 0.000000 -280.179887 99.862953 0.000000 5.233596 0.005500 
598 179.581965 0.000000 -209.447580 99.862953 0.000000 5.233596 0.005500 
599 65.616487 0.000000 -103.349118 99.862953 0.000000 5.233596 0.005500 
600 65.616487 0.000000 -138.715272 99.862953 0.000000 5.233596 0.005500 
601 103.604980 0.000000 -103.349118 99.862953 0.000000 5.233596 0.005500 
602 46.622241 0.000000 -50.299888 99.862953 0.000000 5.233596 0.005500 
603 46.622241 0.000000 -67.982965 99.862953 0.000000 5.233596 0.005500 
604 65.616487 0.000000 -50.299888 99.862953 0.000000 5.233596 0.005500 
605 37.125118 0.000000 -23.775272 99.862953 0.000000 5.233596 0.005500 
606 37.125118 0.000000 -32.616811 99.862953 0.000000 5.233596 0.005500 
607 46.622241 0.000000 -23.775272 99.739277 0.013995 5.049567 0.007801 
608 32.376556 0.000000 -10.512965 99.671736 0.040934 4.878331 0.008992 
609 32.376556 0.000000 -14.933734 99.756334 0.011539 5.099786 0.007509 
610 37.125118 0.000000 -10.512965 101.052463 0.008948 6.732962 -0.016428 
611 30.002275 0.000000 -3.881811 100.994758 0.033237 4.985146 -0.017288 
612 30.002275 0.000000 -6.092195 96.643627 0.035729 -0.617025 0.069250 
613 32.376556 0.000000 -3.881811 99.480983 -0.033028 -1.128724 0.010561 
614 26.440854 0.000000 -2.776618 98.924152 -0.069798 3.004346 0.022666 
615 26.440854 0.000000 -3.881811 98.959173 0.077621 3.194463 0.022073 
616 27.627995 0.000000 -2.776618 102.987233 0.015805 3.431178 -0.056949 
617 25.847284 0.000000 -1.118830 99.321791 -0.035566 -1.954166 0.014040 
618 25.253714 0.000000 -1.118830 98.563931 0.050330 -2.073166 0.029556 
619 25.847284 0.000000 -1.671426 99.585276 -0.035311 -1.840130 0.008670 
620 26.440854 0.000000 -1.118830 99.357779 -0.077266 -2.108821 0.013376 
621 25.847284 0.000000 -0.566234 99.630629 -0.035267 -1.820502 0.007748 
622 30.002275 0.000000 4.959728 100.441581 0.184252 1.969421 -0.008408 
623 32.376556 0.000000 4.959728 101.215974 0.233137 0.461725 -0.024012 
624 30.002275 0.000000 7.170112 100.173263 -0.031396 3.676761 -0.002113 
625 26.440854 0.000000 3.854535 99.187171 0.345241 1.633161 0.016666 
626 26.440854 0.000000 2.749343 106.581598 0.262886 -7.949179 -0.117946 
627 27.627995 0.000000 3.854535 99.919038 -0.259179 0.927262 0.001713 
628 26.440854 0.000000 4.959728 100.408458 -0.062791 1.983029 -0.007748 
629 26.440854 0.000000 1.644151 103.404975 -0.018528 0.329402 -0.065852 
630 27.627995 0.000000 1.644151 105.815608 0.017129 -2.571357 -0.109145 
631 25.847284 0.000000 3.301939 106.566413 0.315806 -7.517156 -0.118227 
632 25.253714 0.000000 3.301939 106.415799 0.387092 -7.223316 -0.115935 
633 25.847284 0.000000 2.749343 106.202380 0.260005 -6.274056 -0.113245 
634 26.440854 0.000000 3.301939 106.616286 0.258392 -7.943301 -0.118562 
635 25.847284 0.000000 3.854535 98.952921 -0.055976 2.270181 0.021679 
636 28.815135 0.000000 -0.566234 103.640993 -0.047267 -2.021422 -0.069892 
637 28.815135 0.000000 -1.671426 103.452168 -0.058179 -2.405545 -0.066221 
638 30.002275 0.000000 -0.566234 103.662544 0.096092 -1.459587 -0.070467 
639 28.815135 0.000000 0.538958 104.916329 0.026434 0.572970 -0.093594 
640 28.815135 0.000000 1.644151 104.916329 0.026434 0.572970 -0.093594 
641 30.002275 0.000000 1.644151 105.056571 0.000591 -6.226311 -0.092820 
642 28.815135 0.000000 2.749343 105.391656 0.037500 -6.668113 -0.098379 
643 28.815135 0.000000 -2.776618 96.622843 -0.060776 3.113787 0.070716 
644 28.815135 0.000000 -3.881811 96.895579 0.006268 0.298872 0.063882 
645 30.002275 0.000000 -2.776618 94.941911 0.141092 -3.397097 0.107158 
646 255.558951 0.000000 -67.982965 99.879533 0.002918 5.145191 0.005074 
647 255.558951 0.000000 -138.715272 99.602153 0.007139 4.797146 0.010318 
648 331.535936 0.000000 -67.982965 99.872070 0.002625 5.145254 0.005224 
649 255.558951 0.000000 2.749343 99.979298 0.014719 3.038439 0.001339 
650 141.593473 0.000000 -32.616811 99.935219 0.005829 4.894424 0.003701 
651 141.593473 0.000000 -67.982965 99.451787 -0.009875 4.518138 0.013098 
652 179.581965 0.000000 -32.616811 99.900451 0.005216 4.886665 0.004392 
653 141.593473 0.000000 2.749343 100.004126 0.017816 2.661085 0.000626 
654 84.610734 0.000000 -14.933734 100.294719 0.011033 4.366801 -0.003985 
655 84.610734 0.000000 -32.616811 99.118051 -0.034387 3.898748 0.019346 
656 103.604980 0.000000 -14.933734 100.020360 0.009983 4.160444 0.001325 
657 84.610734 0.000000 2.749343 100.039706 0.006843 3.000916 0.000106 
658 56.119364 0.000000 -6.092195 100.279304 0.025706 2.422278 -0.004989 
659 56.119364 0.000000 -14.933734 98.382769 0.051562 2.400666 0.033438 
660 65.616487 0.000000 -6.092195 100.330682 0.014234 4.014287 -0.004995 
661 56.119364 0.000000 2.749343 100.478794 -0.011666 1.433063 -0.009330 
662 41.873679 0.000000 -1.671426 102.980863 0.027307 2.394197 -0.057382 
663 41.873679 0.000000 -6.092195 96.957654 0.091101 -0.904919 0.062651 
664 46.622241 0.000000 -1.671426 101.815440 0.000862 13.655980 -0.017757 
665 41.873679 0.000000 2.749343 101.853348 -0.035257 -0.543151 -0.036382 
666 34.750837 0.000000 0.538958 102.534270 -0.008408 0.017377 -0.049452 
667 34.750837 0.000000 -1.671426 105.408982 -0.055969 1.693564 -0.102227 
668 37.125118 0.000000 0.538958 104.762884 0.019838 -2.877518 -0.090130 
669 34.750837 0.000000 2.749343 98.411020 -0.226442 4.121588 0.034037 
670 31.189416 0.000000 -0.566234 103.119030 0.077432 -2.738608 -0.059822 
671 31.189416 0.000000 -1.671426 103.116352 0.078056 -2.727075 -0.059778 
672 32.376556 0.000000 -0.566234 105.243720 -0.002512 -1.475251 -0.099328 
673 31.189416 0.000000 0.538958 107.892042 0.328242 -11.344196 -0.135388 
674 29.408705 0.000000 -1.118830 101.510210 0.174948 -2.756501 -0.029039 
675 28.815135 0.000000 -1.118830 102.303962 -0.018098 -3.057500 -0.044188 
676 29.408705 0.000000 -1.671426 101.962393 0.116974 -2.652475 -0.037845 
677 30.002275 0.000000 -1.118830 102.567194 0.130759 -2.324667 -0.049576 
678 29.408705 0.000000 -0.566234 103.018048 0.096930 -1.806579 -0.058308 
679 31.189416 0.000000 1.644151 104.060568 -0.142973 -9.088359 -0.070664 
680 32.376556 0.000000 1.644151 106.500147 -0.093087 -8.260047 -0.116105 
681 31.189416 0.000000 2.749343 104.116933 -0.196374 -8.932596 -0.071963 
682 28.815135 0.000000 3.854535 100.046867 0.417411 0.973201 -0.000825 
683 30.002275 0.000000 3.854535 100.692089 -0.341473 0.772066 -0.013681 
684 28.815135 0.000000 4.959728 101.321074 0.080221 0.743352 -0.026035 
685 29.408705 0.000000 2.196747 105.909126 -0.006664 -7.196870 -0.107017 
686 28.815135 0.000000 2.196747 105.852549 0.053366 -6.082930 -0.107253 
687 29.408705 0.000000 1.644151 105.635734 0.009156 -6.255125 -0.103209 
688 30.002275 0.000000 2.196747 105.101805 -0.017671 -9.410257 -0.089337 
689 29.408705 0.000000 2.749343 105.733218 -0.006754 -9.219657 -0.101068 
690 34.750837 0.000000 -3.881811 94.581309 -0.107603 -7.211728 0.119769 
691 34.750837 0.000000 -6.092195 100.412058 0.014636 4.472977 -0.006229 
692 37.125118 0.000000 -3.881811 98.998635 0.113990 -1.294847 0.020389 
693 31.189416 0.000000 -2.776618 101.167292 -0.205347 -0.716080 -0.023033 
694 31.189416 0.000000 -3.881811 98.400693 0.010627 0.102762 0.032466 
695 32.376556 0.000000 -2.776618 95.609269 0.223744 -5.597798 0.094900 
696 33.563697 0.000000 -0.566234 103.766083 -0.178650 -0.342262 -0.072566 
697 33.563697 0.000000 -1.671426 103.766083 -0.178650 -0.342262 -0.072566 
698 34.750837 0.000000 -0.566234 104.675052 -0.124620 1.399434 -0.089082 
699 33.563697 0.000000 0.538958 106.003571 0.014319 -9.195454 -0.105945 
700 31.782986 0.000000 -1.118830 104.252612 0.020932 -2.298826 -0.081081 
701 31.189416 0.000000 -1.118830 103.101583 0.081501 -2.663469 -0.059531 
702 31.782986 0.000000 -1.671426 104.392820 0.011212 -2.206476 -0.083685 
703 32.376556 0.000000 -1.118830 104.700576 0.049254 -1.882454 -0.089409 
704 31.782986 0.000000 -0.566234 104.836886 -0.012053 -1.733487 -0.091927 
705 255.558951 0.000000 73.481651 99.861856 -0.003797 5.089481 0.005372 
706 331.535936 0.000000 73.481651 99.869237 -0.003857 5.058977 0.005192 
707 255.558951 0.000000 144.213958 99.922124 0.000267 5.132384 0.004204 
708 141.593473 0.000000 38.115497 99.848217 -0.007509 4.814667 0.005372 
709 179.581965 0.000000 38.115497 99.877633 -0.007428 4.723568 0.004693 
710 141.593473 0.000000 73.481651 100.038230 -0.001625 4.926224 0.001664 
711 84.610734 0.000000 20.432420 100.128404 -0.005042 4.077855 -0.000906 
712 103.604980 0.000000 20.432420 99.873512 -0.013402 4.205137 0.004310 
713 84.610734 0.000000 38.115497 100.139120 0.008031 4.708065 -0.000568 
714 56.119364 0.000000 11.590882 100.722213 0.008335 3.172755 -0.013359 
715 65.616487 0.000000 11.590882 100.141451 -0.016492 4.178697 -0.001084 
716 56.119364 0.000000 20.432420 100.182152 0.000454 4.485488 -0.001632 
717 41.873679 0.000000 7.170112 101.438092 -0.056574 1.535678 -0.028141 
718 46.622241 0.000000 7.170112 101.156381 0.006192 2.030890 -0.022474 
719 41.873679 0.000000 11.590882 100.619458 -0.053592 3.401875 -0.011179 
720 34.750837 0.000000 4.959728 100.687877 0.122512 2.165989 -0.013206 
721 37.125118 0.000000 4.959728 99.960454 0.058910 2.009357 0.001196 
722 34.750837 0.000000 7.170112 100.696809 -0.092512 2.573404 -0.013194 
723 33.563697 0.000000 1.644151 105.113034 -0.167914 -6.720934 -0.093288 
724 34.750837 0.000000 1.644151 105.571623 -0.059882 -6.686581 -0.101589 
725 33.563697 0.000000 2.749343 98.295666 0.068584 3.244459 0.035736 
726 31.189416 0.000000 3.854535 100.372120 0.069147 0.199950 -0.007412 
727 32.376556 0.000000 3.854535 102.181231 0.242183 -1.797641 -0.042405 
728 31.189416 0.000000 4.959728 100.709587 -0.176191 1.422446 -0.013895 
729 31.782986 0.000000 2.196747 105.358359 -0.052053 -8.398483 -0.095548 
730 31.189416 0.000000 2.196747 104.080812 -0.162152 -9.032416 -0.071131 
731 31.782986 0.000000 1.644151 105.497011 -0.079846 -6.928417 -0.099971 
732 32.376556 0.000000 2.196747 106.401828 -0.085328 -9.408459 -0.112689 
733 31.782986 0.000000 2.749343 101.180255 -0.283151 -2.376328 -0.022786 
734 33.563697 0.000000 -2.776618 96.451431 0.083157 -7.292343 0.079187 
735 33.563697 0.000000 -3.881811 98.241850 0.179828 -2.104834 0.036210 
736 34.750837 0.000000 -2.776618 94.306093 -0.083119 -9.719646 0.130867 
737 32.970126 0.000000 -1.118830 104.960285 -0.115508 -1.112569 -0.094309 
738 32.970126 0.000000 -1.671426 104.914950 -0.090866 -1.222319 -0.093468 
739 33.563697 0.000000 -1.118830 102.947318 -0.195071 0.047747 -0.057271 
740 32.970126 0.000000 -0.566234 105.710485 -0.081069 -0.864274 -0.107773 
741 33.563697 0.000000 3.854535 103.178006 -0.153985 -5.397501 -0.058957 
742 34.750837 0.000000 3.854535 101.898219 -0.096684 -0.574793 -0.037243 
743 33.563697 0.000000 4.959728 100.672093 -0.226522 1.100967 -0.013232 
744 32.970126 0.000000 2.196747 103.782084 -0.089387 -6.999072 -0.068487 
745 32.970126 0.000000 1.644151 104.255318 -0.100720 -6.513318 -0.077853 
746 33.563697 0.000000 2.196747 105.115986 -0.168026 -6.722032 -0.093340 
747 32.970126 0.000000 2.749343 98.802150 -0.177168 2.835465 0.025062 
748 39.499399 0.000000 0.538958 108.823025 -0.113310 -7.892331 -0.156282 
749 39.499399 0.000000 -1.671426 102.771506 0.001912 0.942799 -0.053871 
750 41.873679 0.000000 0.538958 104.800731 -0.025881 -11.947986 -0.079064 
751 39.499399 0.000000 2.749343 100.985819 0.060339 -0.155222 -0.019529 
752 35.937977 0.000000 -0.566234 104.648558 0.019971 2.796555 -0.088092 
753 35.937977 0.000000 -1.671426 104.648712 0.020065 2.796302 -0.088095 
754 37.125118 0.000000 -0.566234 105.275612 0.073564 3.032987 -0.099302 
755 35.937977 0.000000 0.538958 103.904058 0.190242 0.252098 -0.075123 
756 34.157267 0.000000 -1.118830 104.514121 0.033399 0.913577 -0.086253 
757 34.157267 0.000000 -1.671426 104.565736 0.001620 1.007737 -0.087177 
758 34.750837 0.000000 -1.118830 105.298340 -0.138467 2.116384 -0.100110 
759 34.157267 0.000000 -0.566234 103.971894 -0.002183 0.718104 -0.076338 
760 41.873679 0.000000 -10.512965 98.336518 -0.004758 2.156914 0.034275 
761 41.873679 0.000000 -14.933734 99.733995 0.027110 4.970692 0.007828 
762 46.622241 0.000000 -10.512965 98.586600 0.016730 2.310954 0.029198 
763 39.499399 0.000000 -3.881811 95.857240 0.084830 -4.032471 0.087834 
764 39.499399 0.000000 -6.092195 98.302267 0.010150 0.279600 0.034502 
765 41.873679 0.000000 -3.881811 97.630549 -0.060175 0.925506 0.048525 
766 35.937977 0.000000 -2.776618 98.833735 -0.170256 -1.531122 0.023826 
767 35.937977 0.000000 -3.881811 97.517885 -0.041648 -2.487902 0.051452 
768 37.125118 0.000000 -2.776618 98.696824 0.011723 -2.265910 0.026915 
769 34.157267 0.000000 -2.224022 94.242325 0.117751 -10.282161 0.133625 
770 33.563697 0.000000 -2.224022 99.285316 -0.102240 -2.213269 0.014891 
771 34.157267 0.000000 -2.776618 96.896587 -0.057686 -2.995248 0.064830 
772 34.750837 0.000000 -2.224022 98.217743 -0.183341 -2.809386 0.037073 
773 33.860482 0.000000 -1.395128 104.195284 0.009604 0.529800 -0.080469 
774 33.563697 0.000000 -1.395128 103.081908 -0.192372 -0.016363 -0.059805 
775 33.860482 0.000000 -1.671426 103.710990 -0.094483 0.194964 -0.071553 
776 34.157267 0.000000 -1.395128 104.675228 0.043502 1.001225 -0.089169 
777 33.860482 0.000000 -1.118830 104.518409 0.083010 0.751499 -0.086354 
778 35.937977 0.000000 1.644151 105.068098 -0.037556 -7.337413 -0.091728 
779 37.125118 0.000000 1.644151 105.383834 -0.077690 -7.135575 -0.097687 
780 35.937977 0.000000 2.749343 103.220665 0.171757 -4.487592 -0.060580 
781 34.157267 0.000000 2.196747 105.211519 -0.096901 -7.745863 -0.093797 
782 34.157267 0.000000 1.644151 105.045195 -0.101379 -7.317919 -0.091337 
783 34.750837 0.000000 2.196747 105.667799 -0.045530 -6.921180 -0.103040 
784 34.157267 0.000000 2.749343 102.781342 0.145662 -7.629270 -0.048756 
785 34.157267 0.000000 1.091555 103.878601 -0.031355 -4.637931 -0.072744 
786 33.563697 0.000000 1.091555 104.373399 -0.139777 -6.445643 -0.080105 
787 34.157267 0.000000 0.538958 102.531275 -0.012841 0.012599 -0.049395 
788 34.750837 0.000000 1.091555 104.463077 -0.048853 -5.268701 -0.082965 
789 33.860482 0.000000 1.920449 105.344034 -0.136799 -7.657786 -0.096308 
790 33.563697 0.000000 1.920449 105.311725 -0.175472 -6.794886 -0.096792 
791 33.860482 0.000000 1.644151 105.198229 -0.142203 -7.225641 -0.094225 
792 34.157267 0.000000 1.920449 105.090592 -0.105519 -7.359489 -0.092108 
793 33.860482 0.000000 2.196747 105.687937 -0.145331 -8.074146 -0.101934 
794 35.344407 0.000000 -1.118830 105.417542 0.042616 2.311717 -0.102171 
795 35.344407 0.000000 -1.671426 105.349182 -0.016365 2.308279 -0.100949 
796 35.937977 0.000000 -1.118830 104.451406 0.024246 2.820554 -0.084486 
797 35.344407 0.000000 -0.566234 105.349182 -0.016365 2.308279 -0.100949 
798 39.499399 0.000000 4.959728 103.183624 0.020325 -2.050475 -0.061337 
799 41.873679 0.000000 4.959728 100.571245 -0.034827 2.024557 -0.010960 
800 39.499399 0.000000 7.170112 100.503139 -0.003058 2.339686 -0.009475 
801 35.937977 0.000000 3.854535 103.176283 -0.010843 -4.122056 -0.060034 
802 37.125118 0.000000 3.854535 101.614536 0.059698 -0.061120 -0.031792 
803 35.937977 0.000000 4.959728 100.428173 -0.011382 0.959353 -0.008438 
804 35.344407 0.000000 2.196747 106.796142 -0.104767 -7.407267 -0.122385 
805 35.344407 0.000000 1.644151 107.091410 -0.121888 -7.745597 -0.127099 
806 35.937977 0.000000 2.196747 105.130904 -0.011183 -7.267151 -0.092956 
807 35.344407 0.000000 2.749343 101.221967 -0.095142 0.364400 -0.024141 
808 35.344407 0.000000 -2.224022 95.677217 0.145281 -7.818189 0.096802 
809 35.344407 0.000000 -2.776618 97.180111 0.129555 -4.765018 0.060335 
810 35.937977 0.000000 -2.224022 98.018516 0.121881 -4.189060 0.042222 
811 38.312258 0.000000 -0.566234 104.260562 0.009871 2.468443 -0.081155 
812 38.312258 0.000000 -1.671426 104.099727 0.008205 2.319894 -0.078263 
813 39.499399 0.000000 -0.566234 102.777256 0.002094 0.935873 -0.053982 
814 38.312258 0.000000 0.538958 104.114401 -0.003165 0.560043 -0.078980 
815 36.531548 0.000000 -1.118830 105.024142 -0.049318 3.000138 -0.094795 
816 36.531548 0.000000 -1.671426 104.978973 -0.029409 2.988502 -0.093986 
817 37.125118 0.000000 -1.118830 105.123647 0.072937 3.025229 -0.096575 
818 36.531548 0.000000 -0.566234 105.300667 -0.028487 3.032798 -0.099751 
819 35.641192 0.000000 -1.395128 104.993010 0.041694 2.500495 -0.094469 
820 35.344407 0.000000 -1.395128 105.416194 0.014211 2.271211 -0.102162 
821 35.641192 0.000000 -1.671426 105.009822 0.038953 2.491422 -0.094776 
822 35.937977 0.000000 -1.395128 104.478814 0.024283 2.815709 -0.084989 
823 35.641192 0.000000 -1.118830 105.103043 0.063998 2.482127 -0.096460 
824 35.344407 0.000000 1.091555 106.796142 -0.104767 -7.407267 -0.122385 
825 35.344407 0.000000 0.538958 102.446822 -0.137866 -0.122141 -0.047784 
826 35.937977 0.000000 1.091555 105.411112 -0.041407 -7.400228 -0.097850 
827 38.312258 0.000000 1.644151 105.782626 0.006204 -7.519233 -0.104362 
828 39.499399 0.000000 1.644151 108.482498 -0.050346 -7.973401 -0.150509 
829 38.312258 0.000000 2.749343 101.641313 -0.088354 -1.451727 -0.032110 
830 36.531548 0.000000 2.196747 102.673358 -0.088938 -4.287683 -0.050393 
831 36.531548 0.000000 1.644151 105.737759 -0.008369 -7.319679 -0.103811 
832 37.125118 0.000000 2.196747 102.114045 -0.003943 -2.383930 -0.040891 
833 36.531548 0.000000 2.749343 100.055210 -0.120642 0.649629 -0.001060 
834 35.641192 0.000000 1.920449 105.797334 -0.083067 -7.583653 -0.104542 
835 35.344407 0.000000 1.920449 107.060410 -0.120090 -7.710076 -0.126606 
836 35.641192 0.000000 1.644151 106.432783 -0.101029 -7.623016 -0.115755 
837 35.937977 0.000000 1.920449 105.093573 -0.039797 -7.347981 -0.092177 
838 35.641192 0.000000 2.196747 105.797334 -0.083067 -7.583653 -0.104542 
839 38.312258 0.000000 -2.776618 98.441886 0.047844 1.009344 0.031723 
840 38.312258 0.000000 -3.881811 96.326438 0.167060 -3.242241 0.077127 
841 39.499399 0.000000 -2.776618 99.282627 0.136794 1.965717 0.014841 
842 37.718688 0.000000 -1.118830 104.628631 0.035119 2.775115 -0.087740 
843 37.718688 0.000000 -1.671426 104.634624 0.037689 2.775205 -0.087849 
844 38.312258 0.000000 -1.118830 104.260006 0.004061 2.476207 -0.081142 
845 37.718688 0.000000 -0.566234 104.631458 0.037192 2.773032 -0.087793 
846 36.531548 0.000000 -0.013638 102.728440 -0.014363 0.032381 -0.053138 
847 35.937977 0.000000 -0.013638 104.692148 -0.106037 -1.960678 -0.089229 
848 37.125118 0.000000 -0.013638 104.875624 0.011067 -0.251927 -0.092882 
849 36.531548 0.000000 0.538958 102.728440 -0.014363 0.032381 -0.053138 
850 36.828333 0.000000 -0.842532 105.362070 0.034842 3.036838 -0.100849 
851 36.531548 0.000000 -0.842532 105.000316 -0.029348 2.991441 -0.094369 
852 36.828333 0.000000 -1.118830 105.373348 0.036480 3.037437 -0.101051 
853 37.125118 0.000000 -0.842532 105.131363 0.088374 3.025845 -0.096713 
854 36.828333 0.000000 -0.566234 105.286887 0.027640 3.032902 -0.099504 
855 36.234763 0.000000 -0.842532 104.823397 -0.068496 2.977525 -0.091176 
856 35.937977 0.000000 -0.842532 104.480045 0.024315 2.815420 -0.085012 
857 36.234763 0.000000 -1.118830 104.878988 -0.053515 2.932096 -0.092206 
858 36.234763 0.000000 -0.566234 104.566049 -0.030592 2.931644 -0.086523 
859 36.531548 0.000000 -2.224022 99.005547 -0.223339 -0.554422 0.020112 
860 36.531548 0.000000 -2.776618 96.403086 0.196008 -6.239325 0.078643 
861 37.125118 0.000000 -2.224022 99.126881 0.008438 -2.087787 0.018053 
862 36.828333 0.000000 -1.395128 105.360060 0.034411 3.036730 -0.100813 
863 36.531548 0.000000 -1.395128 104.999682 -0.029350 2.991354 -0.094358 
864 36.828333 0.000000 -1.671426 105.287021 0.027095 3.032901 -0.099507 
865 37.125118 0.000000 -1.395128 105.180871 0.058191 3.027935 -0.097603 
866 36.679940 0.000000 -0.980681 105.280718 0.008903 3.019929 -0.099400 
867 36.531548 0.000000 -0.980681 105.008388 -0.029325 2.992553 -0.094514 
868 36.679940 0.000000 -1.118830 105.320426 0.014380 3.023947 -0.100110 
869 36.828333 0.000000 -0.980681 105.369885 0.036049 3.037254 -0.100989 
870 36.679940 0.000000 -0.842532 105.429445 0.011091 3.039932 -0.102053 
871 36.531548 0.000000 1.091555 105.999633 -0.017469 -7.351961 -0.108437 
872 37.125118 0.000000 1.091555 105.648230 -0.065436 -7.232846 -0.102316 
873 37.718688 0.000000 1.091555 105.311969 -0.005473 -7.374508 -0.096095 
874 37.718688 0.000000 0.538958 103.549107 -0.098170 -0.032712 -0.068548 
875 38.312258 0.000000 1.091555 105.792176 0.006154 -7.519420 -0.104533 
876 37.718688 0.000000 1.644151 105.115499 0.007364 -7.332719 -0.092594 
877 36.828333 0.000000 1.367853 105.853801 -0.046883 -7.305579 -0.105899 
878 36.531548 0.000000 1.367853 105.679380 -0.015152 -7.320696 -0.102766 
879 36.828333 0.000000 1.091555 105.793157 -0.045654 -7.281972 -0.104847 
880 37.125118 0.000000 1.367853 105.424299 -0.075815 -7.150462 -0.098397 
881 36.828333 0.000000 1.644151 105.876582 -0.046113 -7.314052 -0.106295 
882 36.234763 0.000000 1.367853 105.517406 -0.000380 -7.292206 -0.099897 
883 35.937977 0.000000 1.367853 105.139337 -0.037626 -7.348256 -0.093007 
884 36.234763 0.000000 1.091555 104.500250 -0.012018 -5.351003 -0.083570 
885 36.234763 0.000000 1.644151 105.667294 0.003810 -7.301923 -0.102573 
886 38.312258 0.000000 3.854535 100.768068 -0.107785 1.393376 -0.015058 
887 39.499399 0.000000 3.854535 101.728708 0.007777 -0.398373 -0.033988 
888 38.312258 0.000000 4.959728 100.613595 -0.105515 2.129611 -0.011754 
889 37.718688 0.000000 2.196747 100.036486 -0.102512 -0.145257 -0.000726 
890 38.312258 0.000000 2.196747 99.870576 0.027848 0.597142 0.002628 
891 37.718688 0.000000 2.749343 102.085370 0.034544 -1.801350 -0.040569 
892 36.828333 0.000000 1.920449 105.878506 -0.044687 -7.314331 -0.106328 
893 36.531548 0.000000 1.920449 105.999633 -0.017469 -7.351961 -0.108437 
894 37.125118 0.000000 1.920449 105.450704 -0.074591 -7.160177 -0.098861 
895 36.828333 0.000000 2.196747 102.276078 0.013406 -3.546283 -0.043352 
896 36.679940 0.000000 1.506002 106.037471 -0.035539 -7.372242 -0.109084 
897 36.531548 0.000000 1.506002 105.680390 -0.015159 -7.320794 -0.102784 
898 36.679940 0.000000 1.367853 106.030366 -0.032146 -7.368433 -0.108962 
899 36.828333 0.000000 1.506002 105.865917 -0.046716 -7.310163 -0.106109 
900 36.679940 0.000000 1.644151 106.039574 -0.036543 -7.373369 -0.109119 
901 37.718688 0.000000 -0.013638 103.549107 -0.098170 -0.032712 -0.068548 
902 38.312258 0.000000 -0.013638 105.013422 0.071806 -0.265512 -0.095368 
903 37.421903 0.000000 -0.842532 105.009995 0.070266 2.958702 -0.094560 
904 37.421903 0.000000 -1.118830 105.005264 0.078629 2.974221 -0.094467 
905 37.718688 0.000000 -0.842532 104.630231 0.035564 2.775734 -0.087769 
906 37.421903 0.000000 -0.566234 104.827676 0.068003 2.907713 -0.091289 
907 37.421903 0.000000 1.367853 105.224797 -0.039575 -7.192323 -0.094748 
908 37.421903 0.000000 1.091555 105.240277 -0.040521 -7.193804 -0.095026 
909 37.718688 0.000000 1.367853 105.149472 0.006672 -7.344987 -0.093194 
910 37.421903 0.000000 1.644151 105.240145 -0.052138 -7.164334 -0.095060 
911 51.370803 0.000000 -1.671426 100.493559 0.054758 6.725018 -0.005352 
912 51.370803 0.000000 -6.092195 98.535197 0.004548 -1.791280 0.030032 
913 56.119364 0.000000 -1.671426 88.723463 0.024098 3.018034 0.248798 
914 51.370803 0.000000 2.749343 99.047145 0.134841 5.556557 0.022409 
915 44.247960 0.000000 0.538958 102.466389 -0.006147 -28.932129 0.034603 
916 44.247960 0.000000 -1.671426 98.471271 -0.011321 -11.357281 0.044607 
917 46.622241 0.000000 0.538958 94.267290 -0.051164 4.998433 0.123545 
918 44.247960 0.000000 2.749343 102.006439 -0.019670 -0.900609 -0.039282 
919 40.686539 0.000000 -0.566234 102.386448 0.092929 0.338053 -0.046625 
920 40.686539 0.000000 -1.671426 102.735803 0.089896 0.466722 -0.053257 
921 41.873679 0.000000 -0.566234 105.538632 0.059570 1.671513 -0.104546 
922 40.686539 0.000000 0.538958 109.634455 -0.188110 -8.729491 -0.168569 
923 38.905828 0.000000 -1.118830 102.440709 0.024546 1.775510 -0.047378 
924 38.905828 0.000000 -1.671426 102.851345 0.027536 1.850060 -0.055149 
925 39.499399 0.000000 -1.118830 102.924820 -0.013166 0.942165 -0.056769 
926 38.905828 0.000000 -0.566234 102.851345 0.027536 1.850060 -0.055149 
927 40.686539 0.000000 1.644151 109.955601 -0.196476 -8.529512 -0.174027 
928 41.873679 0.000000 1.644151 104.800731 -0.025881 -11.947986 -0.079064 
929 40.686539 0.000000 2.749343 100.905541 0.029235 1.111957 -0.017834 
930 38.905828 0.000000 1.091555 106.153333 0.045149 -7.437271 -0.111057 
931 38.905828 0.000000 0.538958 105.099655 -0.035544 4.155083 -0.095447 
932 39.499399 0.000000 1.091555 108.503727 -0.056251 -7.961648 -0.150879 
933 38.905828 0.000000 1.644151 106.181386 0.045784 -7.444824 -0.111544 
934 44.247960 0.000000 -3.881811 98.176429 -0.036604 1.768965 0.037422 
935 44.247960 0.000000 -6.092195 98.093661 -0.058452 1.688864 0.039106 
936 46.622241 0.000000 -3.881811 101.150295 -0.012019 4.752494 -0.020567 
937 40.686539 0.000000 -2.776618 97.627092 -0.117826 1.217285 0.048666 
938 40.686539 0.000000 -3.881811 96.900793 -0.085747 -1.152815 0.063908 
939 41.873679 0.000000 -2.776618 98.990814 0.009002 1.733821 0.020684 
940 40.092969 0.000000 -1.118830 102.671975 0.054939 0.353379 -0.052056 
941 40.092969 0.000000 -1.671426 101.257219 0.052952 0.447244 -0.024824 
942 40.686539 0.000000 -1.118830 102.354459 0.089853 0.298397 -0.046017 
943 40.092969 0.000000 -0.566234 102.619211 0.049653 0.392268 -0.051052 
944 38.905828 0.000000 -0.013638 106.222745 -0.095301 0.596097 -0.116836 
945 39.499399 0.000000 -0.013638 105.499718 0.069601 1.904317 -0.103783 
946 39.202614 0.000000 -0.842532 102.631546 0.006837 1.518116 -0.051087 
947 38.905828 0.000000 -0.842532 102.662429 0.023359 1.839731 -0.051574 
948 39.202614 0.000000 -1.118830 102.398055 0.012424 1.534610 -0.046639 
949 39.499399 0.000000 -0.842532 102.909490 -0.011776 0.943317 -0.056479 
950 39.202614 0.000000 -0.566234 102.641577 0.007781 1.533264 -0.051274 
951 40.092969 0.000000 1.091555 109.323085 -0.170132 -7.887855 -0.164529 
952 40.092969 0.000000 0.538958 109.614468 -0.203243 -7.885248 -0.169284 
953 40.686539 0.000000 1.091555 109.897995 -0.194975 -8.565384 -0.173052 
954 40.092969 0.000000 1.644151 109.614468 -0.203243 -7.885248 -0.169284 
955 38.905828 0.000000 2.196747 100.792793 0.069312 -0.978592 -0.015642 
956 39.499399 0.000000 2.196747 101.802043 0.068259 -1.656702 -0.035159 
957 38.905828 0.000000 2.749343 100.639888 0.001861 0.065149 -0.012720 
958 39.202614 0.000000 1.367853 106.843881 0.028902 -7.629303 -0.122945 
959 38.905828 0.000000 1.367853 106.251985 0.047383 -7.463832 -0.112768 
960 39.202614 0.000000 1.091555 107.011784 0.021377 -7.676680 -0.125806 
961 39.499399 0.000000 1.367853 108.537132 -0.052639 -7.986816 -0.151407 
962 39.202614 0.000000 1.644151 106.940375 0.022688 -7.656893 -0.124590 
963 51.370803 0.000000 7.170112 101.217465 -0.001494 1.773477 -0.023763 
964 56.119364 0.000000 7.170112 99.983815 -0.031573 3.555624 0.001590 
965 51.370803 0.000000 11.590882 101.011551 0.000460 2.626723 -0.019366 
966 44.247960 0.000000 4.959728 101.189812 0.017428 1.627889 -0.023271 
967 46.622241 0.000000 4.959728 101.130954 -0.021088 1.468703 -0.022167 
968 44.247960 0.000000 7.170112 101.064409 -0.004811 1.857140 -0.020738 
969 43.060820 0.000000 1.644151 100.569930 0.025064 -0.121370 -0.011335 
970 43.060820 0.000000 0.538958 99.941245 0.050830 -15.088593 0.024359 
971 44.247960 0.000000 1.644151 106.521299 0.215714 -20.539562 -0.086471 
972 43.060820 0.000000 2.749343 100.478748 0.014112 1.079869 -0.009416 
973 41.280109 0.000000 1.091555 109.135383 -0.175109 -9.040265 -0.159974 
974 41.280109 0.000000 0.538958 108.772522 -0.165656 -9.266220 -0.153639 
975 41.873679 0.000000 1.091555 105.438507 -0.064344 -10.131100 -0.094242 
976 41.280109 0.000000 1.644151 108.772522 -0.165656 -9.266220 -0.153639 
977 43.060820 0.000000 -0.566234 113.107959 -0.012715 4.506264 -0.226111 
978 43.060820 0.000000 -1.671426 99.135435 -0.005090 5.857876 0.020958 
979 44.247960 0.000000 -0.566234 129.512180 -0.193643 8.978431 -0.389472 
980 43.060820 0.000000 -2.776618 98.226559 0.001565 2.680505 0.036812 
981 43.060820 0.000000 -3.881811 97.918752 0.053623 1.475981 0.042664 
982 44.247960 0.000000 -2.776618 98.232265 -0.015135 0.490828 0.035964 
983 42.467250 0.000000 -1.118830 109.460387 0.007930 3.270885 -0.170599 
984 41.873679 0.000000 -1.118830 105.770757 0.056789 1.779029 -0.108639 
985 42.467250 0.000000 -1.671426 110.027230 0.000326 3.495555 -0.179591 
986 43.060820 0.000000 -1.118830 112.281997 -0.009219 4.235287 -0.214047 
987 42.467250 0.000000 -0.566234 108.985059 0.014306 3.082489 -0.162949 
988 42.467250 0.000000 1.091555 103.767932 0.002261 -12.333603 -0.058877 
989 42.467250 0.000000 0.538958 103.404667 0.012160 -12.469235 -0.051653 
990 43.060820 0.000000 1.091555 100.072712 0.050790 -14.955171 0.021229 
991 42.467250 0.000000 1.644151 100.233393 0.062532 -1.092261 -0.004539 
992 48.996522 0.000000 0.538958 107.437139 -0.006509 -0.891058 -0.137773 
993 48.996522 0.000000 -1.671426 99.441555 -0.027271 -1.989686 0.011630 
994 51.370803 0.000000 0.538958 100.790100 0.136387 2.463895 -0.015088 
995 48.996522 0.000000 2.749343 98.608865 0.025903 3.896788 0.029767 
996 45.435101 0.000000 -0.566234 135.175631 -0.391045 14.686995 -0.389472 
997 45.435101 0.000000 -1.671426 103.456835 0.028398 -34.716163 0.052036 
998 46.622241 0.000000 -0.566234 141.104358 -0.180312 -30.744986 -0.389472 
999 45.435101 0.000000 0.538958 110.820684 0.077653 -42.502693 -0.045868 
1000 43.654390 0.000000 -1.118830 119.457019 -0.064911 6.310743 -0.309039 
1001 43.654390 0.000000 -1.671426 99.321622 0.004411 -3.811718 0.015137 
1002 44.247960 0.000000 -1.118830 128.568414 -0.199335 9.693647 -0.389472 
1003 43.654390 0.000000 -0.566234 119.334039 -0.063438 6.280875 -0.307597 
1004 45.435101 0.000000 1.644151 92.865901 -0.282549 -0.800518 0.151907 
1005 46.622241 0.000000 1.644151 98.104932 0.359296 -2.748737 0.039383 
1006 45.435101 0.000000 2.749343 96.776238 -0.025405 -2.830280 0.067274 
1007 44.841530 0.000000 -0.013638 112.409089 -0.050290 -30.955415 -0.148397 
1008 44.247960 0.000000 -0.013638 103.480804 -0.015197 -28.372104 0.009738 
1009 44.841530 0.000000 -0.566234 134.720591 -0.291662 14.761447 -0.389472 
1010 45.435101 0.000000 -0.013638 119.048620 -0.116021 -22.729936 -0.278951 
1011 44.841530 0.000000 0.538958 111.448282 0.001961 -36.776514 -0.098829 
1012 -200.302961 0.000000 -209.447580 99.862953 0.000000 5.233596 0.005500 
1013 -276.279947 0.000000 -209.447580 99.862953 0.000000 5.233596 0.005500 
1014 -200.302961 0.000000 -280.179887 99.862953 0.000000 5.233596 0.005500 
1015 255.558951 0.000000 -209.447580 99.862953 0.000000 5.233596 0.005500 
1016 255.558951 0.000000 -280.179887 99.862953 0.000000 5.233596 0.005500 
1017 331.535936 0.000000 -209.447580 99.862953 0.000000 5.233596 0.005500 
1018 -200.302961 0.000000 214.946266 99.862953 0.000000 5.233596 0.005500 
1019 -276.279947 0.000000 214.946266 99.862953 0.000000 5.233596 0.005500 
1020 -200.302961 0.000000 285.678573 99.862953 0.000000 5.233596 0.005500 
1021 -86.337483 0.000000 -103.349118 99.862953 0.000000 5.233596 0.005500 
1022 -124.325976 0.000000 -103.349118 99.862953 0.000000 5.233596 0.005500 
1023 -86.337483 0.000000 -138.715272 99.862953 0.000000 5.233596 0.005500 
1024 103.604980 0.000000 214.946266 99.862953 0.000000 5.233596 0.005500 
1025 179.581965 0.000000 214.946266 99.862953 0.000000 5.233596 0.005500 
1026 103.604980 0.000000 285.678573 99.862953 0.000000 5.233596 0.005500 
1027 141.593473 0.000000 -103.349118 99.862953 0.000000 5.233596 0.005500 
1028 141.593473 0.000000 -138.715272 99.862953 0.000000 5.233596 0.005500 
1029 179.581965 0.000000 -103.349118 99.889037 0.003878 5.277398 0.005021 
1030 -86.337483 0.000000 108.847804 99.862953 0.000000 5.233596 0.005500 
1031 -124.325976 0.000000 108.847804 99.862953 0.000000 5.233596 0.005500 
1032 -86.337483 0.000000 144.213958 99.862953 0.000000 5.233596 0.005500 
1033 -29.354744 0.000000 -50.299888 99.862953 0.000000 5.233596 0.005500 
1034 -48.348991 0.000000 -50.299888 99.862953 0.000000 5.233596 0.005500 
1035 -29.354744 0.000000 -67.982965 99.862953 0.000000 5.233596 0.005500 
1036 65.616487 0.000000 108.847804 99.862953 0.000000 5.233596 0.005500 
1037 103.604980 0.000000 108.847804 99.862953 0.000000 5.233596 0.005500 
1038 65.616487 0.000000 144.213958 99.862953 0.000000 5.233596 0.005500 
1039 84.610734 0.000000 -50.299888 99.878594 -0.002400 5.252546 0.005205 
1040 84.610734 0.000000 -67.982965 99.862953 0.000000 5.233596 0.005500 
1041 103.604980 0.000000 -50.299888 99.672132 -0.001714 4.889728 0.008995 
1042 -29.354744 0.000000 55.798574 99.862953 0.000000 5.233596 0.005500 
1043 -48.348991 0.000000 55.798574 99.862953 0.000000 5.233596 0.005500 
1044 -29.354744 0.000000 73.481651 99.862953 0.000000 5.233596 0.005500 
1045 -19.857621 0.000000 -23.775272 99.862953 0.000000 5.233596 0.005500 
1046 -29.354744 0.000000 -23.775272 99.862953 0.000000 5.233596 0.005500 
1047 -19.857621 0.000000 -32.616811 99.862953 0.000000 5.233596 0.005500 
1048 46.622241 0.000000 55.798574 99.862953 0.000000 5.233596 0.005500 
1049 65.616487 0.000000 55.798574 99.862953 0.000000 5.233596 0.005500 
1050 46.622241 0.000000 73.481651 99.862953 0.000000 5.233596 0.005500 
1051 -0.863375 0.000000 29.273958 99.862953 0.000000 5.233596 0.005500 
1052 -10.360498 0.000000 29.273958 99.862953 0.000000 5.233596 0.005500 
1053 -0.863375 0.000000 38.115497 99.862953 0.000000 5.233596 0.005500 
1054 56.119364 0.000000 -23.775272 99.787455 0.017689 5.086387 0.006867 
1055 56.119364 0.000000 -32.616811 99.807089 0.002793 5.132730 0.006519 
1056 65.616487 0.000000 -23.775272 99.035619 -0.022285 3.649409 0.020833 
1057 -19.857621 0.000000 29.273958 99.862953 0.000000 5.233596 0.005500 
1058 -29.354744 0.000000 29.273958 99.862953 0.000000 5.233596 0.005500 
1059 -19.857621 0.000000 38.115497 99.862953 0.000000 5.233596 0.005500 
1060 37.125118 0.000000 29.273958 99.862953 0.000000 5.233596 0.005500 
1061 46.622241 0.000000 29.273958 99.862953 0.000000 5.233596 0.005500 
1062 37.125118 0.000000 38.115497 99.862953 0.000000 5.233596 0.005500 
1063 13.382310 0.000000 16.011651 99.862953 0.000000 5.233596 0.005500 
1064 8.633748 0.000000 16.011651 99.862953 0.000000 5.233596 0.005500 
1065 13.382310 0.000000 20.432420 99.862953 0.000000 5.233596 0.005500 
1066 -3.237656 0.000000 4.959728 99.862953 0.000000 5.233596 0.005500 
1067 -5.611936 0.000000 4.959728 99.862953 0.000000 5.233596 0.005500 
1068 -3.237656 0.000000 7.170112 99.862953 0.000000 5.233596 0.005500 
1069 2.104476 0.000000 -1.118830 85.058195 0.399858 -14.728847 0.368131 
1070 2.104476 0.000000 -1.671426 86.637492 0.482948 -13.814023 0.324706 
1071 2.104476 0.000000 -0.566234 84.617120 0.371302 -14.997923 0.380519 
1072 3.291617 0.000000 -0.013638 84.408642 0.514830 26.842686 0.462981 
1073 2.698046 0.000000 -0.013638 77.825457 0.634860 24.090225 0.620210 
1074 3.885187 0.000000 -0.013638 88.351237 -0.362970 -21.601568 0.321243 
1075 2.104476 0.000000 -0.013638 72.166666 0.676742 24.732581 0.785620 
1076 2.104476 0.000000 0.538958 71.755904 0.891203 28.141252 0.833538 
1077 4.478757 0.000000 -1.118830 92.069765 -0.199917 -4.037838 0.171844 
1078 4.478757 0.000000 -1.671426 92.374566 0.404088 -3.524048 0.164451 
1079 4.478757 0.000000 -0.566234 92.479701 0.413361 -3.988833 0.162497 
1080 5.665897 0.000000 -0.013638 89.023629 -0.006758 2.531826 0.241325 
1081 5.072327 0.000000 -0.013638 85.288146 3.366051 3.226797 0.333730 
1082 6.259468 0.000000 -0.013638 83.104200 0.005208 17.806569 0.433613 
1083 4.478757 0.000000 -0.013638 87.755943 -0.075759 0.136723 0.270655 
1084 2.104476 0.000000 1.091555 99.862953 0.000000 5.233596 0.005500 
1085 1.510906 0.000000 1.091555 99.862953 0.000000 5.233596 0.005500 
1086 2.104476 0.000000 1.644151 99.862953 0.000000 5.233596 0.005500 
1087 15.756591 0.000000 9.380497 99.862953 0.000000 5.233596 0.005500 
1088 13.382310 0.000000 9.380497 99.862953 0.000000 5.233596 0.005500 
1089 15.756591 0.000000 11.590882 99.862953 0.000000 5.233596 0.005500 
1090 11.008029 0.000000 9.380497 99.862953 0.000000 5.233596 0.005500 
1091 8.633748 0.000000 9.380497 99.862953 0.000000 5.233596 0.005500 
1092 11.008029 0.000000 11.590882 99.862953 0.000000 5.233596 0.005500 
1093 5.072327 0.000000 3.854535 99.862953 0.000000 5.233596 0.005500 
1094 3.885187 0.000000 3.854535 99.862953 0.000000 5.233596 0.005500 
1095 5.072327 0.000000 4.959728 99.862953 0.000000 5.233596 0.005500 
1096 6.853038 0.000000 -0.013638 88.499561 -0.100551 4.275596 0.255356 
1097 7.446608 0.000000 -0.013638 89.538562 -0.059006 12.398323 0.248706 
1098 6.853038 0.000000 0.538958 92.906221 0.385203 0.479567 0.150959 
1099 6.853038 0.000000 1.091555 92.070070 -0.092212 16.514343 0.204109 
1100 7.446608 0.000000 1.091555 97.646376 0.318305 1.796204 0.048459 
1101 6.853038 0.000000 1.644151 91.757750 -0.083858 16.792958 0.212683 
1102 16.943731 0.000000 1.644151 101.154338 -0.327015 1.789279 -0.022513 
1103 15.756591 0.000000 1.644151 100.378250 -0.042989 3.928532 -0.006010 
1104 18.130872 0.000000 1.644151 103.256377 0.050766 0.532765 -0.063057 
1105 14.569450 0.000000 1.644151 99.389527 0.359924 4.646593 0.014494 
1106 16.943731 0.000000 -2.776618 99.119579 -0.005340 3.995324 0.019393 
1107 16.943731 0.000000 -3.881811 99.498120 0.000176 5.108362 0.012737 
1108 11.601599 0.000000 -2.224022 97.201995 0.191567 2.882875 0.058316 
1109 11.601599 0.000000 -2.776618 99.505090 0.067663 6.406075 0.014120 
1110 12.195170 0.000000 -2.224022 97.201995 0.191567 2.882875 0.058316 
1111 10.414459 0.000000 3.301939 96.210135 0.104530 15.051171 0.104008 
1112 11.008029 0.000000 3.301939 102.519410 0.007025 2.245463 -0.048702 
1113 10.414459 0.000000 3.854535 102.100198 -0.194746 2.807001 -0.040415 
1114 32.376556 0.000000 16.011651 100.444396 0.012601 4.384090 -0.006950 
1115 37.125118 0.000000 16.011651 100.013174 -0.035022 4.859737 0.002102 
1116 32.376556 0.000000 20.432420 99.862953 0.000000 5.233596 0.005500 
1117 25.253714 0.000000 9.380497 100.516058 -0.024043 3.909105 -0.008764 
1118 27.627995 0.000000 9.380497 99.758953 0.035042 4.985607 0.007339 
1119 25.253714 0.000000 11.590882 100.157209 0.027674 4.896282 -0.000749 
1120 19.318012 0.000000 1.644151 100.719846 0.057737 1.826167 -0.013972 
1121 19.318012 0.000000 6.064920 100.790928 0.114565 3.109863 -0.014753 
1122 18.130872 0.000000 6.064920 99.941504 0.053706 4.972187 0.003652 
1123 19.318012 0.000000 7.170112 100.643487 0.032467 3.870979 -0.011319 
1124 19.911582 0.000000 -0.013638 101.404158 0.175679 0.095255 -0.027703 
1125 19.318012 0.000000 -0.013638 99.798697 -0.031257 0.174170 0.004037 
1126 19.911582 0.000000 0.538958 101.404158 0.175679 0.095255 -0.027703 
1127 22.285863 0.000000 -0.013638 100.070051 0.000243 1.516085 -0.001171 
1128 22.879433 0.000000 -0.013638 100.359267 0.014727 -0.512256 -0.007135 
1129 22.285863 0.000000 0.538958 100.030383 0.047549 -0.837397 -0.000537 
1130 19.911582 0.000000 -2.224022 100.482617 -0.062552 2.409121 -0.009035 
1131 19.318012 0.000000 -2.224022 99.651660 -0.316184 4.576525 0.009119 
1132 19.911582 0.000000 -2.776618 99.290633 0.117609 4.035998 0.015948 
1133 24.660144 0.000000 -1.118830 97.722331 0.016917 -2.434567 0.047151 
1134 24.660144 0.000000 -1.671426 97.725037 0.016870 -2.454581 0.047105 
1135 24.660144 0.000000 -0.566234 97.731168 0.019725 -2.423464 0.046961 
1136 23.473003 0.000000 -0.013638 100.657350 -0.017326 -0.799581 -0.013002 
1137 24.066573 0.000000 -0.013638 100.832739 -0.057313 -0.904177 -0.016443 
1138 23.473003 0.000000 0.538958 103.223456 -0.102588 0.234496 -0.062460 
1139 21.989078 0.000000 -0.842532 100.515965 -0.041847 2.266188 -0.009763 
1140 22.285863 0.000000 -0.842532 100.041767 0.002877 1.458409 -0.000623 
1141 21.989078 0.000000 -0.566234 100.521693 -0.041922 2.271092 -0.009874 
1142 20.950330 0.000000 -0.980681 100.897040 -0.055336 2.558242 -0.017150 
1143 20.801937 0.000000 -0.980681 100.773121 -0.053482 2.703131 -0.014634 
1144 20.950330 0.000000 -0.842532 100.772162 -0.049897 2.872902 -0.014522 
1145 30.002275 0.000000 9.380497 100.168507 0.118162 4.270362 -0.001546 
1146 32.376556 0.000000 9.380497 100.084618 0.160467 4.385398 0.000233 
1147 30.002275 0.000000 11.590882 100.005882 -0.050045 4.749649 0.002142 
1148 24.066573 0.000000 6.064920 100.444809 0.175994 2.964315 -0.007988 
1149 25.253714 0.000000 6.064920 99.914058 -0.287734 3.774621 0.003158 
1150 24.066573 0.000000 7.170112 99.659251 0.049868 4.823392 0.009191 
1151 21.098722 0.000000 4.407132 103.079214 -0.158560 -3.909578 -0.058360 
1152 20.505152 0.000000 4.407132 99.251857 -0.424805 3.425746 0.016287 
1153 21.098722 0.000000 4.959728 99.868000 -0.254699 3.150663 0.003647 
1154 23.473003 0.000000 -2.224022 98.621985 0.053226 2.402510 0.028517 
1155 23.473003 0.000000 -2.776618 99.376828 -0.199254 3.695184 0.013932 
1156 24.066573 0.000000 -2.224022 98.858772 0.051018 2.319754 0.023625 
1157 24.660144 0.000000 3.301939 106.772277 0.334966 -7.341308 -0.122040 
1158 24.660144 0.000000 2.749343 106.731165 0.340891 -7.326591 -0.121340 
1159 24.660144 0.000000 3.854535 99.765313 -0.040727 0.706691 0.004755 
1160 23.473003 0.000000 4.407132 100.552213 -0.639338 0.858290 -0.010874 
1161 24.066573 0.000000 4.407132 99.668439 0.413836 2.524543 0.007313 
1162 23.473003 0.000000 4.959728 99.889657 -0.445555 2.769639 0.002999 
1163 51.370803 0.000000 -10.512965 98.691417 -0.056599 2.681924 0.027240 
1164 51.370803 0.000000 -14.933734 98.606569 -0.020425 2.653550 0.028965 
1165 56.119364 0.000000 -10.512965 98.999631 0.011034 2.808611 0.021007 
1166 30.595846 0.000000 -1.118830 102.716933 0.088180 -3.183425 -0.051984 
1167 30.595846 0.000000 -1.671426 103.235857 0.050185 -3.241734 -0.061744 
1168 30.595846 0.000000 -0.566234 104.343706 0.043179 -1.404154 -0.083041 
1169 30.595846 0.000000 2.196747 103.920659 -0.010417 -9.474999 -0.067408 
1170 30.595846 0.000000 1.644151 103.920659 -0.010417 -9.474999 -0.067408 
1171 30.595846 0.000000 2.749343 103.920659 -0.010417 -9.474999 -0.067408 
1172 34.157267 0.000000 -0.013638 102.531630 -0.012317 0.013164 -0.049402 
1173 33.563697 0.000000 -0.013638 100.544264 0.256453 -16.482274 0.016450 
1174 34.750837 0.000000 -0.013638 102.534502 -0.008064 0.017747 -0.049457 
1175 32.970126 0.000000 -0.013638 107.101059 -0.139507 0.028452 -0.132093 
1176 32.376556 0.000000 -0.013638 106.463438 -0.109586 0.095185 -0.121070 
1177 32.970126 0.000000 0.538958 107.102011 -0.139574 0.028301 -0.132109 
1178 32.970126 0.000000 1.091555 105.716603 -0.113531 -4.993117 -0.105849 
1179 32.376556 0.000000 1.091555 107.128795 -0.141448 0.024041 -0.132569 
1180 32.970126 0.000000 -2.224022 97.436539 0.121016 -5.426092 0.055662 
1181 32.376556 0.000000 -2.224022 94.182135 -0.017914 -10.021747 0.134342 
1182 32.970126 0.000000 -2.776618 94.254091 -0.154782 -9.039858 0.130521 
1183 35.344407 0.000000 -0.013638 102.446822 -0.137866 -0.122141 -0.047784 
1184 35.641192 0.000000 -0.842532 104.995555 0.041279 2.499122 -0.094516 
1185 35.344407 0.000000 -0.842532 105.387218 0.053700 2.365483 -0.101607 
1186 35.641192 0.000000 -0.566234 104.748931 0.081481 2.632217 -0.089993 
1187 40.686539 0.000000 3.854535 100.738226 0.049428 1.390878 -0.014471 
1188 41.873679 0.000000 3.854535 101.138018 0.032487 1.100522 -0.022397 
1189 40.686539 0.000000 4.959728 101.712827 -0.011550 0.108207 -0.033695 
1190 36.234763 0.000000 -1.395128 104.803040 -0.031333 2.892291 -0.090851 
1191 36.234763 0.000000 -1.671426 104.566049 -0.030592 2.931644 -0.086523 
1192 35.641192 0.000000 1.367853 106.170335 -0.091171 -7.517782 -0.111257 
1193 35.344407 0.000000 1.367853 107.002059 -0.116707 -7.643215 -0.125677 
1194 35.641192 0.000000 1.091555 105.797334 -0.083067 -7.583653 -0.104542 
1195 36.234763 0.000000 1.920449 105.545869 0.000416 -7.294052 -0.100406 
1196 36.234763 0.000000 2.196747 101.920780 -0.275187 -1.286054 -0.037546 
1197 37.718688 0.000000 -2.224022 97.642770 0.041348 -1.603999 0.048454 
1198 37.718688 0.000000 -2.776618 94.535474 0.051359 -7.977333 0.122141 
1199 38.312258 0.000000 -2.224022 96.859833 -0.197778 -3.606817 0.066054 
1200 37.421903 0.000000 -1.395128 105.012630 0.070299 2.959439 -0.094608 
1201 37.421903 0.000000 -1.671426 104.827676 0.068003 2.907713 -0.091289 
1202 37.718688 0.000000 -1.395128 104.631928 0.035922 2.776673 -0.087799 
1203 37.421903 0.000000 1.920449 104.978006 -0.024502 -7.168704 -0.090304 
1204 37.718688 0.000000 1.920449 105.282697 -0.007141 -7.356470 -0.095590 
1205 37.421903 0.000000 2.196747 102.120009 -0.094840 -2.630032 -0.040889 
1206 48.996522 0.000000 -3.881811 104.636567 -0.009535 6.999322 -0.084283 
1207 48.996522 0.000000 -6.092195 98.756208 0.024527 2.324362 0.025726 
1208 51.370803 0.000000 -3.881811 90.852896 0.372671 -6.708509 0.203477 
1209 41.280109 0.000000 -1.118830 103.308017 0.084929 0.677471 -0.064008 
1210 41.280109 0.000000 -1.671426 103.720523 0.081348 0.829400 -0.071672 
1211 41.280109 0.000000 -0.566234 103.187960 0.085971 0.633254 -0.061763 
1212 41.280109 0.000000 -0.013638 106.097456 -0.043009 1.203304 -0.114548 
1213 40.686539 0.000000 -0.013638 105.828449 -0.054330 3.545121 -0.108874 
1214 41.873679 0.000000 -0.013638 106.256961 -0.054567 2.645353 -0.116888 
1215 40.092969 0.000000 -0.013638 106.884693 0.042124 5.585100 -0.125850 
1216 40.092969 0.000000 2.196747 101.362914 0.061896 -0.332505 -0.026893 
1217 40.686539 0.000000 2.196747 101.538457 0.014429 0.801934 -0.030256 
1218 40.092969 0.000000 2.749343 100.823577 0.017029 0.573335 -0.016311 
1219 45.435101 0.000000 -2.776618 99.419559 -0.007385 1.142082 0.011805 
1220 45.435101 0.000000 -3.881811 98.469610 0.041849 2.095874 0.031505 
1221 46.622241 0.000000 -2.776618 101.955853 -0.003212 10.183761 -0.028521 
1222 48.996522 0.000000 4.959728 98.671279 -0.009588 2.661698 0.027641 
1223 51.370803 0.000000 4.959728 100.826829 0.057123 0.388950 -0.016392 
1224 48.996522 0.000000 7.170112 101.094259 0.007154 2.175597 -0.021199 
1225 43.060820 0.000000 3.854535 101.649965 0.028623 0.783473 -0.032421 
1226 44.247960 0.000000 3.854535 100.935283 0.054571 1.675570 -0.018266 
1227 43.060820 0.000000 4.959728 101.093267 0.030256 1.615740 -0.021385 
1228 45.435101 0.000000 3.854535 101.194963 -0.014227 1.026403 -0.023526 
1229 46.622241 0.000000 3.854535 95.871679 -0.018667 7.389418 0.091841 
1230 45.435101 0.000000 4.959728 100.890631 0.008792 1.646403 -0.017398 
1231 43.654390 0.000000 -0.013638 97.616227 0.023854 -30.056060 0.151640 
1232 43.060820 0.000000 -0.013638 103.329211 0.002697 -45.542940 0.154404 
1233 43.654390 0.000000 0.538958 98.555144 0.023480 -20.542168 0.074592 
1234 42.467250 0.000000 -0.013638 106.923678 -0.050153 1.049077 -0.128956 
1235 44.841530 0.000000 -1.118830 130.895921 -0.257788 15.769461 -0.389472 
1236 44.841530 0.000000 -1.671426 100.251690 0.009120 21.223825 0.041175 
1237 45.435101 0.000000 -1.118830 134.949141 -0.390448 14.689699 -0.389472 
1238 255.558951 0.000000 214.946266 99.862953 0.000000 5.233596 0.005500 
1239 331.535936 0.000000 214.946266 99.862953 0.000000 5.233596 0.005500 
1240 255.558951 0.000000 285.678573 99.862953 0.000000 5.233596 0.005500 
1241 141.593473 0.000000 108.847804 99.862953 0.000000 5.233596 0.005500 
1242 179.581965 0.000000 108.847804 99.862953 0.000000 5.233596 0.005500 
1243 141.593473 0.000000 144.213958 99.862953 0.000000 5.233596 0.005500 
1244 84.610734 0.000000 55.798574 99.862953 0.000000 5.233596 0.005500 
1245 103.604980 0.000000 55.798574 99.905303 0.005007 5.152506 0.004563 
1246 84.610734 0.000000 73.481651 99.862953 0.000000 5.233596 0.005500 
1247 3.885187 0.000000 16.011651 99.862953 0.000000 5.233596 0.005500 
1248 -0.863375 0.000000 16.011651 99.862953 0.000000 5.233596 0.005500 
1249 3.885187 0.000000 20.432420 99.862953 0.000000 5.233596 0.005500 
1250 -5.611936 0.000000 16.011651 99.862953 0.000000 5.233596 0.005500 
1251 -10.360498 0.000000 16.011651 99.862953 0.000000 5.233596 0.005500 
1252 -5.611936 0.000000 20.432420 99.862953 0.000000 5.233596 0.005500 
1253 56.119364 0.000000 29.273958 99.992953 -0.030127 5.026220 0.002672 
1254 65.616487 0.000000 29.273958 100.070453 0.004571 4.819941 0.000914 
1255 56.119364 0.000000 38.115497 99.862953 0.000000 5.233596 0.005500 
1256 6.259468 0.000000 9.380497 99.862953 0.000000 5.233596 0.005500 
1257 3.885187 0.000000 9.380497 99.862953 0.000000 5.233596 0.005500 
1258 6.259468 0.000000 11.590882 99.862953 0.000000 5.233596 0.005500 
1259 1.510906 0.000000 9.380497 99.862953 0.000000 5.233596 0.005500 
1260 -0.863375 0.000000 9.380497 99.862953 0.000000 5.233596 0.005500 
1261 1.510906 0.000000 11.590882 99.862953 0.000000 5.233596 0.005500 
1262 -3.237656 0.000000 9.380497 99.862953 0.000000 5.233596 0.005500 
1263 -5.611936 0.000000 9.380497 99.862953 0.000000 5.233596 0.005500 
1264 -3.237656 0.000000 11.590882 99.862953 0.000000 5.233596 0.005500 
1265 2.698046 0.000000 3.854535 99.862953 0.000000 5.233596 0.005500 
1266 1.510906 0.000000 3.854535 99.862953 0.000000 5.233596 0.005500 
1267 2.698046 0.000000 4.959728 99.862953 0.000000 5.233596 0.005500 
1268 0.917336 0.000000 1.091555 99.862953 0.000000 5.233596 0.005500 
1269 0.323766 0.000000 1.091555 99.862953 0.000000 5.233596 0.005500 
1270 0.917336 0.000000 1.644151 99.862953 0.000000 5.233596 0.005500 
1271 41.873679 0.000000 16.011651 99.959888 -0.081017 4.889285 0.003201 
1272 46.622241 0.000000 16.011651 100.404228 0.043591 4.084829 -0.006402 
1273 41.873679 0.000000 20.432420 100.023966 0.016536 4.962589 0.001986 
1274 16.943731 0.000000 6.064920 100.505409 0.088888 4.261032 -0.008267 
1275 15.756591 0.000000 6.064920 101.033834 -0.086129 3.914990 -0.018984 
1276 16.943731 0.000000 7.170112 100.950814 -0.003902 4.084831 -0.017220 
1277 14.569450 0.000000 6.064920 101.153990 0.023800 4.061066 -0.021230 
1278 13.382310 0.000000 6.064920 99.711537 -0.078060 6.069678 0.009510 
1279 14.569450 0.000000 7.170112 99.741728 0.024981 5.966931 0.008774 
1280 24.660144 0.000000 -0.013638 99.378289 -0.004924 -1.650025 0.012784 
1281 25.253714 0.000000 -0.013638 104.305661 -0.030734 0.202844 -0.082514 
1282 24.660144 0.000000 0.538958 103.422443 -0.101799 0.283580 -0.066180 
1283 34.750837 0.000000 9.380497 100.127341 -0.032882 4.140715 -0.000833 
1284 37.125118 0.000000 9.380497 100.538219 0.059878 3.396933 -0.009572 
1285 34.750837 0.000000 11.590882 100.039368 -0.127224 4.601754 0.001333 
1286 26.440854 0.000000 6.064920 99.659465 0.123527 4.283906 0.008690 
1287 27.627995 0.000000 6.064920 100.214674 0.099495 3.211165 -0.003258 
1288 26.440854 0.000000 7.170112 100.126176 0.173505 4.000131 -0.000921 
1289 24.660144 0.000000 -2.224022 98.524883 0.042937 1.629193 0.030187 
1290 24.660144 0.000000 -2.776618 99.167641 0.115652 3.369643 0.017943 
1291 25.253714 0.000000 -2.224022 98.912993 -0.110641 2.417235 0.022566 
1292 24.660144 0.000000 4.407132 100.436241 0.616877 1.322154 -0.008479 
1293 25.253714 0.000000 4.407132 100.389198 -0.052869 0.999112 -0.007656 
1294 24.660144 0.000000 4.959728 99.221986 0.109066 4.090444 0.017388 
1295 25.847284 0.000000 -0.013638 104.305661 -0.030734 0.202844 -0.082514 
1296 26.440854 0.000000 -0.013638 103.405017 -0.018529 0.329396 -0.065853 
1297 25.847284 0.000000 0.538958 104.305661 -0.030734 0.202844 -0.082514 
1298 25.847284 0.000000 -2.224022 97.707486 0.089843 1.085247 0.046955 
1299 25.847284 0.000000 -2.776618 98.605785 -0.051279 2.191513 0.028748 
1300 26.440854 0.000000 -2.224022 97.286298 -0.002308 -0.247913 0.055647 
1301 28.815135 0.000000 6.064920 100.638884 -0.048901 2.493527 -0.012089 
1302 30.002275 0.000000 6.064920 100.137230 0.146829 3.221426 -0.001704 
1303 28.815135 0.000000 7.170112 100.054279 0.140461 4.080070 0.000581 
1304 25.847284 0.000000 4.407132 99.390982 -0.082210 2.829527 0.013066 
1305 26.440854 0.000000 4.407132 99.342471 -0.037658 2.767045 0.014013 
1306 25.847284 0.000000 4.959728 100.026699 0.200835 2.614139 0.000153 
1307 31.782986 0.000000 -0.013638 107.167570 -0.144162 0.017875 -0.133233 
1308 31.189416 0.000000 -0.013638 100.094903 -0.423976 -11.475290 0.011380 
1309 31.782986 0.000000 0.538958 107.170972 -0.144400 0.017334 -0.133291 
1310 30.595846 0.000000 -0.013638 105.452305 0.055273 0.446258 -0.103227 
1311 30.002275 0.000000 -0.013638 105.446900 0.054271 0.448977 -0.103130 
1312 30.595846 0.000000 0.538958 105.452228 0.055249 0.446316 -0.103225 
1313 30.595846 0.000000 1.091555 105.480156 0.035979 0.481786 -0.103721 
1314 30.002275 0.000000 1.091555 105.446121 0.054234 0.449150 -0.103116 
1315 31.189416 0.000000 1.091555 102.131018 -0.055421 -7.149635 -0.036933 
1316 31.782986 0.000000 1.091555 107.163823 -0.143900 0.018471 -0.133169 
1317 31.782986 0.000000 -2.224022 94.428166 0.096176 -4.631884 0.119581 
1318 31.189416 0.000000 -2.224022 102.004575 0.325292 -3.858441 -0.037908 
1319 31.782986 0.000000 -2.776618 100.178084 0.223659 -4.299224 -0.001709 
1320 30.595846 0.000000 -2.224022 98.431604 -0.219337 -4.479550 0.033934 
1321 30.002275 0.000000 -2.224022 94.542530 -0.182656 -3.284219 0.115824 
1322 30.595846 0.000000 -2.776618 98.916807 -0.016334 -2.186675 0.022377 
1323 51.370803 0.000000 16.011651 100.425258 -0.055274 3.858123 -0.006999 
1324 56.119364 0.000000 16.011651 100.792846 -0.022875 3.360225 -0.014633 
1325 51.370803 0.000000 20.432420 100.123983 0.004397 4.664385 -0.000305 
1326 39.499399 0.000000 9.380497 100.859151 0.086649 2.657206 -0.016353 
1327 41.873679 0.000000 9.380497 101.697995 0.033085 1.373322 -0.033230 
1328 39.499399 0.000000 11.590882 100.413659 0.075243 3.880531 -0.006751 
1329 38.905828 0.000000 -2.224022 99.020497 0.218705 1.451566 0.019992 
1330 38.905828 0.000000 -2.776618 96.511840 -0.082783 -2.489448 0.072693 
1331 39.499399 0.000000 -2.224022 97.166366 -0.057245 -1.670160 0.058464 
1332 41.280109 0.000000 2.196747 100.903144 0.029226 0.696045 -0.017861 
1333 41.873679 0.000000 2.196747 100.533698 0.109895 2.047218 -0.010206 
1334 41.280109 0.000000 2.749343 101.778073 0.039913 0.428623 -0.034940 
1335 40.092969 0.000000 -2.224022 99.269838 -0.001017 0.941792 0.014794 
1336 40.092969 0.000000 -2.776618 99.171896 -0.006320 0.993783 0.016792 
1337 40.686539 0.000000 -2.224022 97.384404 0.040317 -1.554586 0.053843 
1338 43.654390 0.000000 1.091555 97.540982 0.041518 -22.411857 0.106061 
1339 44.247960 0.000000 1.091555 99.532456 0.020027 -30.551855 0.110514 
1340 43.654390 0.000000 1.644151 92.664432 -0.127601 7.044416 0.162418 
1341 42.467250 0.000000 2.196747 102.056655 -0.014255 -1.282561 -0.040168 
1342 43.060820 0.000000 2.196747 99.706798 0.028679 1.401201 0.006078 
1343 42.467250 0.000000 2.749343 101.687038 0.070547 0.895969 -0.033120 
1344 44.841530 0.000000 1.091555 110.820684 0.077653 -42.502693 -0.045868 
1345 45.435101 0.000000 1.091555 115.312375 0.985593 -20.819328 -0.231845 
1346 44.841530 0.000000 1.644151 89.853305 -0.067542 -1.471208 0.221246 
1347 0.323766 0.000000 3.854535 99.862953 0.000000 5.233596 0.005500 
1348 -0.863375 0.000000 3.854535 99.862953 0.000000 5.233596 0.005500 
1349 0.323766 0.000000 4.959728 99.862953 0.000000 5.233596 0.005500 
1350 12.195170 0.000000 6.064920 98.815074 0.064946 7.441808 0.029713 
1351 11.008029 0.000000 6.064920 99.862953 0.000000 5.233596 0.005500 
1352 12.195170 0.000000 7.170112 99.862953 0.000000 5.233596 0.005500 
1353 9.820889 0.000000 6.064920 99.862953 0.000000 5.233596 0.005500 
1354 8.633748 0.000000 6.064920 99.862953 0.000000 5.233596 0.005500 
1355 9.820889 0.000000 7.170112 99.862953 0.000000 5.233596 0.005500 
1356 31.189416 0.000000 6.064920 100.424734 -0.121836 2.743289 -0.007715 
1357 32.376556 0.000000 6.064920 100.506537 0.195185 2.585976 -0.009419 
1358 31.189416 0.000000 7.170112 99.981281 -0.040923 3.938931 0.001929 
1359 29.408705 0.000000 -0.013638 105.435945 0.052839 0.453274 -0.102934 
1360 28.815135 0.000000 -0.013638 104.916329 0.026434 0.572970 -0.093594 
1361 29.408705 0.000000 0.538958 105.435339 0.052758 0.453515 -0.102923 
1362 29.408705 0.000000 1.091555 105.435800 0.052898 0.453172 -0.102932 
1363 28.815135 0.000000 1.091555 104.916329 0.026434 0.572970 -0.093594 
1364 29.408705 0.000000 -2.224022 100.141350 0.137424 -1.161378 -0.002687 
1365 28.815135 0.000000 -2.224022 94.577420 0.221708 -2.583115 0.114581 
1366 29.408705 0.000000 -2.776618 101.255138 0.023478 0.862258 -0.024731 
1367 44.247960 0.000000 9.380497 100.541778 0.030455 2.867894 -0.009970 
1368 46.622241 0.000000 9.380497 101.808300 -0.001304 1.164845 -0.035412 
1369 44.247960 0.000000 11.590882 100.498670 -0.073952 3.418873 -0.008773 
1370 33.563697 0.000000 6.064920 101.092372 -0.164182 1.771425 -0.021314 
1371 34.750837 0.000000 6.064920 100.665525 -0.029291 1.958159 -0.012850 
1372 33.563697 0.000000 7.170112 100.541268 0.095061 2.965140 -0.009903 
1373 41.280109 0.000000 -2.224022 97.996463 -0.004058 0.700368 0.040871 
1374 41.280109 0.000000 -2.776618 97.869466 -0.006295 0.502065 0.043483 
1375 41.873679 0.000000 -2.224022 99.395433 0.000449 2.850249 0.012987 
1376 48.996522 0.000000 9.380497 100.544551 -0.006516 3.167690 -0.009846 
1377 51.370803 0.000000 9.380497 100.746632 0.002320 2.991616 -0.013950 
1378 48.996522 0.000000 11.590882 101.020626 -0.023219 2.761049 -0.019474 
1379 43.654390 0.000000 2.196747 100.721882 -0.002366 0.406807 -0.014322 
1380 44.247960 0.000000 2.196747 92.368457 -0.089869 6.940797 0.168971 
1381 43.654390 0.000000 2.749343 100.631813 -0.023920 0.657690 -0.012518 
1382 42.467250 0.000000 -2.224022 98.384978 0.011607 0.228275 0.032794 
1383 42.467250 0.000000 -2.776618 98.016067 -0.006519 1.229991 0.040573 
1384 43.060820 0.000000 -2.224022 98.687454 -0.001810 4.291760 0.028488 
1385 44.841530 0.000000 2.196747 106.162086 0.073127 -16.482053 -0.092872 
1386 45.435101 0.000000 2.196747 102.448590 0.085709 -8.325075 -0.041342 
1387 44.841530 0.000000 2.749343 94.781506 -0.047247 5.991538 0.113483 
1 11 62 60 61 
2 62 10 24 60 
3 60 24 14 63 
4 61 60 63 6 
5 24 66 64 65 
6 66 23 40 64 
7 64 40 27 67 
8 65 64 67 14 
9 40 70 68 69 
10 69 68 71 27 
11 6 63 92 93 
12 63 14 36 92 
13 92 36 19 94 
14 93 92 94 20 
15 14 67 95 96 
16 67 27 52 95 
17 95 52 35 97 
18 96 95 97 36 
19 27 71 98 99 
20 99 98 100 52 
21 68 112 110 111 
22 112 56 80 110 
23 110 80 43 113 
24 111 110 113 71 
25 80 116 114 115 
26 115 114 117 43 
27 71 113 133 134 
28 113 43 102 133 
29 133 102 76 135 
30 134 133 135 98 
31 43 117 136 137 
32 137 136 138 102 
33 114 141 139 140 
34 141 106 129 139 
35 139 129 83 142 
36 140 139 142 117 
37 12 145 143 144 
38 145 7 146 143 
39 143 146 13 25 
40 144 143 25 10 
41 25 149 147 148 
42 149 13 150 147 
43 147 150 26 41 
44 148 147 41 23 
45 41 153 151 152 
46 153 26 154 151 
47 151 154 42 57 
48 152 151 57 39 
49 39 157 155 156 
50 157 57 158 155 
51 155 158 55 81 
52 156 155 81 56 
53 81 161 159 160 
54 161 55 162 159 
55 159 162 82 107 
56 160 159 107 79 
57 79 165 163 164 
58 165 107 166 163 
59 106 169 167 168 
60 168 167 171 129 
61 56 174 172 173 
62 174 81 160 172 
63 172 160 79 116 
64 173 172 116 80 
65 116 177 175 176 
66 177 79 164 175 
67 175 164 106 141 
68 176 175 141 114 
69 164 180 178 179 
70 180 163 181 178 
71 178 181 130 169 
72 179 178 169 106 
73 169 196 194 195 
74 196 130 197 194 
75 194 197 170 198 
76 195 194 198 167 
77 199 201 124 202 
78 200 199 202 125 
79 129 171 203 204 
80 203 205 132 206 
81 204 203 206 83 
82 167 198 207 208 
83 198 170 209 207 
84 207 209 128 210 
85 208 207 210 171 
86 107 212 211 166 
87 212 82 213 211 
88 163 215 214 181 
89 215 166 216 214 
90 214 216 105 191 
91 181 214 191 130 
92 191 223 221 222 
93 223 105 224 221 
94 221 224 192 225 
95 222 221 225 190 
96 226 227 109 228 
97 205 226 228 132 
98 232 233 126 234 
99 201 232 234 124 
100 235 236 189 237 
101 227 235 237 109 
102 193 240 238 239 
103 240 131 241 238 
104 238 241 227 242 
105 239 238 242 226 
106 166 244 243 216 
107 244 211 245 243 
108 243 245 187 218 
109 216 243 218 105 
110 251 108 252 250 
111 250 252 188 253 
112 218 256 254 255 
113 256 187 257 254 
114 254 257 219 258 
115 255 254 258 217 
116 131 260 259 241 
117 260 220 261 259 
118 259 261 235 262 
119 241 259 262 227 
120 253 188 264 263 
121 263 264 59 265 
122 236 263 265 189 
123 220 267 266 261 
124 267 186 268 266 
125 266 268 236 269 
126 261 266 269 235 
127 57 271 270 158 
128 271 42 272 270 
129 270 272 58 89 
130 158 270 89 55 
131 55 274 273 162 
132 274 89 275 273 
133 273 275 88 183 
134 162 273 183 82 
135 82 277 276 213 
136 277 183 278 276 
137 211 280 279 245 
138 280 213 281 279 
139 279 281 108 251 
140 245 279 251 187 
141 187 283 282 257 
142 283 251 284 282 
143 282 284 250 285 
144 257 282 285 219 
145 108 287 286 252 
146 286 288 246 289 
147 252 286 289 188 
148 213 291 290 281 
149 291 276 292 290 
150 281 290 287 108 
151 306 182 307 305 
152 305 307 248 308 
153 288 305 308 246 
154 287 311 309 310 
155 309 312 288 313 
156 310 309 313 286 
157 183 315 314 278 
158 315 88 316 314 
159 276 318 317 292 
160 318 278 319 317 
161 317 319 182 306 
162 290 322 320 321 
163 322 292 323 320 
164 320 323 247 311 
165 321 320 311 287 
166 247 325 324 312 
167 325 306 326 324 
168 324 326 305 327 
169 312 324 327 288 
170 311 330 328 329 
171 330 247 331 328 
172 328 331 312 332 
173 329 328 332 309 
174 188 289 336 264 
175 289 246 337 336 
176 339 341 333 342 
177 340 339 342 233 
178 264 345 343 344 
179 345 336 346 343 
180 344 343 347 59 
181 246 308 348 337 
182 308 248 349 348 
183 348 349 185 350 
184 337 348 350 249 
185 336 352 351 346 
186 352 337 353 351 
187 351 353 249 354 
188 346 351 354 338 
189 189 265 355 356 
190 265 59 340 355 
191 355 340 233 357 
192 356 355 357 232 
193 59 347 358 359 
194 347 338 360 358 
195 358 360 339 361 
196 359 358 361 340 
197 343 364 362 363 
198 364 346 365 362 
199 362 365 338 366 
200 363 362 366 347 
201 249 350 376 341 
202 350 185 377 376 
203 376 377 334 378 
204 341 376 378 333 
205 182 380 379 307 
206 379 381 301 382 
207 307 379 382 248 
208 278 384 383 319 
209 384 314 385 383 
210 383 385 302 380 
211 319 383 380 182 
212 302 391 390 381 
213 391 184 392 390 
214 390 392 303 393 
215 381 390 393 301 
216 380 396 394 395 
217 396 302 397 394 
218 394 397 381 398 
219 395 394 398 379 
220 185 400 399 377 
221 400 304 401 399 
222 399 401 373 402 
223 377 399 402 334 
224 304 407 406 401 
225 407 91 408 406 
226 406 408 374 409 
227 401 406 409 373 
228 89 411 410 275 
229 411 58 412 410 
230 410 412 90 298 
231 275 410 298 88 
232 88 414 413 316 
233 414 298 415 413 
234 184 417 416 392 
235 392 416 419 303 
236 91 421 420 408 
237 421 389 422 420 
238 420 422 403 423 
239 408 420 423 374 
240 298 437 436 415 
241 437 90 438 436 
242 413 441 439 440 
243 441 415 442 439 
244 316 450 448 449 
245 450 413 440 448 
246 449 448 417 184 
247 440 453 451 452 
248 453 439 454 451 
249 451 454 433 445 
250 452 451 445 387 
251 460 297 461 459 
252 459 461 434 462 
253 445 465 463 464 
254 465 433 466 463 
255 463 466 446 467 
256 417 470 468 469 
257 470 387 444 468 
258 468 444 418 471 
259 469 468 471 416 
260 387 474 472 473 
261 474 445 464 472 
262 473 472 475 444 
263 386 435 476 477 
264 435 388 478 476 
265 476 478 300 479 
266 477 476 479 389 
267 418 447 480 481 
268 447 432 482 480 
269 480 482 435 483 
270 481 480 483 386 
271 467 446 486 484 
272 484 486 432 487 
273 485 484 487 447 
274 464 490 488 489 
275 490 463 491 488 
276 488 491 467 492 
277 444 475 493 494 
278 493 485 447 495 
279 494 493 495 418 
280 472 498 496 497 
281 498 464 489 496 
282 496 489 443 499 
283 497 496 499 475 
284 443 492 500 501 
285 492 467 502 500 
286 500 502 484 503 
287 501 500 503 485 
288 489 506 504 505 
289 506 488 507 504 
290 504 507 492 508 
291 505 504 508 443 
292 415 519 518 442 
293 519 436 520 518 
294 439 522 521 454 
295 522 442 523 521 
296 521 523 297 460 
297 454 521 460 433 
298 433 525 524 466 
299 525 460 526 524 
300 524 526 459 527 
301 466 524 527 446 
302 479 534 532 533 
303 534 300 535 532 
304 532 535 516 536 
305 389 539 537 538 
306 539 479 533 537 
307 537 533 515 540 
308 538 537 540 422 
309 19 38 541 542 
310 38 21 543 541 
311 541 543 9 544 
312 542 541 544 22 
313 35 54 545 546 
314 54 37 547 545 
315 545 547 21 548 
316 546 545 548 38 
317 51 78 549 550 
318 78 53 551 549 
319 549 551 37 552 
320 550 549 552 54 
321 75 123 553 554 
322 123 77 555 553 
323 553 555 53 556 
324 554 553 556 78 
325 121 372 557 558 
326 372 122 559 557 
327 557 559 77 560 
328 558 557 560 123 
329 230 405 561 562 
330 405 370 563 561 
331 561 563 372 564 
332 562 561 564 121 
333 403 517 565 566 
334 517 404 567 565 
335 565 567 370 568 
336 566 565 568 405 
337 515 536 569 570 
338 536 516 571 569 
339 569 571 404 572 
340 570 569 572 517 
341 533 575 573 574 
342 575 532 576 573 
343 573 576 536 577 
344 574 573 577 515 
345 297 579 578 461 
346 579 456 580 578 
347 578 580 455 581 
348 461 578 581 434 
349 388 458 582 478 
350 458 428 583 582 
351 582 583 431 529 
352 478 582 529 300 
353 300 585 584 535 
354 585 529 586 584 
355 584 586 528 587 
356 535 584 587 516 
357 593 299 594 592 
358 592 594 430 595 
359 7 597 596 146 
360 597 16 598 596 
361 596 598 15 32 
362 146 596 32 13 
363 13 600 599 150 
364 600 32 601 599 
365 599 601 31 48 
366 150 599 48 26 
367 26 603 602 154 
368 603 48 604 602 
369 602 604 47 85 
370 154 602 85 42 
371 42 606 605 272 
372 606 85 607 605 
373 605 607 84 294 
374 272 605 294 58 
375 58 609 608 412 
376 609 294 610 608 
377 608 610 293 425 
378 412 608 425 90 
379 90 612 611 438 
380 612 425 613 611 
381 436 615 614 520 
382 615 438 616 614 
383 614 616 299 593 
384 429 619 617 618 
385 619 593 620 617 
386 617 620 592 621 
387 618 617 621 457 
388 626 5 627 625 
389 625 627 513 628 
390 428 595 629 583 
391 595 430 630 629 
392 629 630 5 626 
393 583 629 626 431 
394 431 633 631 632 
395 633 626 634 631 
396 631 634 625 635 
397 632 631 635 530 
398 299 637 636 594 
399 594 636 639 430 
400 430 639 640 630 
401 630 640 642 5 
402 438 644 643 616 
403 644 611 645 643 
404 616 643 637 299 
405 15 647 646 33 
406 647 17 648 646 
407 646 648 8 649 
408 33 646 649 18 
409 31 651 650 49 
410 651 33 652 650 
411 650 652 18 653 
412 49 650 653 34 
413 47 655 654 86 
414 655 49 656 654 
415 654 656 34 657 
416 86 654 657 50 
417 659 86 660 658 
418 658 660 50 661 
419 637 676 674 675 
420 676 589 677 674 
421 674 677 638 678 
422 675 674 678 636 
423 5 642 682 627 
424 642 591 683 682 
425 682 683 622 684 
426 627 682 684 513 
427 640 687 685 686 
428 687 641 688 685 
429 685 688 591 689 
430 686 685 689 642 
431 425 691 690 613 
432 691 293 692 690 
433 611 694 693 645 
434 694 613 695 693 
435 671 702 700 701 
436 702 424 703 700 
437 700 703 672 704 
438 701 700 704 670 
439 18 649 705 45 
440 649 8 706 705 
441 705 706 29 707 
442 45 705 707 28 
443 34 653 708 73 
444 653 18 709 708 
445 708 709 45 710 
446 73 708 710 44 
447 50 657 711 119 
448 657 34 712 711 
449 711 712 73 713 
450 119 711 713 72 
451 661 50 715 714 
452 714 715 119 716 
453 720 721 510 722 
454 591 681 726 683 
455 681 427 727 726 
456 726 727 623 728 
457 683 726 728 622 
458 679 731 729 730 
459 731 680 732 729 
460 729 732 427 733 
461 730 729 733 681 
462 613 735 734 695 
463 735 690 736 734 
464 424 738 737 703 
465 738 697 739 737 
466 737 739 696 740 
467 703 737 740 672 
468 427 725 741 727 
469 725 669 742 741 
470 741 742 720 743 
471 727 741 743 623 
472 680 745 744 732 
473 745 723 746 744 
474 744 746 725 747 
475 732 744 747 427 
476 757 667 758 756 
477 756 758 698 759 
478 739 756 759 696 
479 294 761 760 610 
480 761 84 762 760 
481 760 762 295 663 
482 610 760 663 293 
483 293 764 763 692 
484 764 663 765 763 
485 690 767 766 736 
486 767 692 768 766 
487 734 771 769 770 
488 771 736 772 769 
489 769 772 667 757 
490 770 769 757 697 
491 697 775 773 774 
492 775 757 776 773 
493 773 776 756 777 
494 774 773 777 739 
495 782 724 783 781 
496 781 783 669 784 
497 746 781 784 725 
498 699 787 785 786 
499 787 666 788 785 
500 785 788 724 782 
501 786 785 782 723 
502 723 791 789 790 
503 791 782 792 789 
504 789 792 781 793 
505 790 789 793 746 
506 667 795 794 758 
507 758 794 797 698 
508 798 799 717 800 
509 721 798 800 510 
510 669 780 801 742 
511 780 296 802 801 
512 801 802 721 803 
513 742 801 803 720 
514 724 805 804 783 
515 804 806 780 807 
516 783 804 807 669 
517 736 809 808 772 
518 809 766 810 808 
519 808 810 753 795 
520 772 808 795 667 
521 795 821 819 820 
522 821 753 822 819 
523 819 822 796 823 
524 820 819 823 794 
525 666 825 824 788 
526 825 755 826 824 
527 788 824 805 724 
528 830 832 296 833 
529 806 830 833 780 
530 805 836 834 835 
531 836 778 837 834 
532 834 837 806 838 
533 835 834 838 804 
534 692 840 839 768 
535 840 763 841 839 
536 843 812 844 842 
537 842 844 811 845 
538 752 818 846 847 
539 818 754 848 846 
540 846 848 668 849 
541 847 846 849 755 
542 852 817 853 850 
543 850 853 754 854 
544 851 850 854 818 
545 796 857 855 856 
546 857 815 851 855 
547 855 851 818 858 
548 856 855 858 752 
549 766 860 859 810 
550 860 768 861 859 
551 859 861 426 816 
552 810 859 816 753 
553 816 864 862 863 
554 864 426 865 862 
555 862 865 817 852 
556 863 862 852 815 
557 815 868 866 867 
558 868 852 869 866 
559 866 869 850 870 
560 867 866 870 851 
561 755 849 871 826 
562 849 668 872 871 
563 668 874 873 872 
564 874 814 875 873 
565 873 875 827 876 
566 871 879 877 878 
567 879 872 880 877 
568 877 880 779 881 
569 826 884 882 883 
570 884 871 878 882 
571 882 878 831 885 
572 883 882 885 778 
573 296 829 886 802 
574 829 751 887 886 
575 886 887 798 888 
576 802 886 888 721 
577 876 827 890 889 
578 889 890 829 891 
579 832 889 891 296 
580 831 881 892 893 
581 881 779 894 892 
582 892 894 832 895 
583 893 892 895 830 
584 878 898 896 897 
585 898 877 899 896 
586 896 899 881 900 
587 897 896 900 831 
588 754 845 901 848 
589 845 811 902 901 
590 901 902 814 874 
591 848 901 874 668 
592 817 904 903 853 
593 904 842 905 903 
594 903 905 845 906 
595 853 903 906 754 
596 872 908 907 880 
597 908 873 909 907 
598 907 909 876 910 
599 880 907 910 779 
600 912 658 913 911 
601 911 913 661 914 
602 812 924 923 844 
603 924 749 925 923 
604 844 923 926 811 
605 814 931 930 875 
606 931 748 932 930 
607 875 930 933 827 
608 663 935 934 765 
609 935 295 936 934 
610 763 938 937 841 
611 938 765 939 937 
612 749 941 940 925 
613 941 920 942 940 
614 940 942 919 943 
615 925 940 943 813 
616 811 926 944 902 
617 926 813 945 944 
618 944 945 748 931 
619 902 944 931 814 
620 923 948 946 947 
621 948 925 949 946 
622 946 949 813 950 
623 947 946 950 926 
624 748 952 951 932 
625 952 922 953 951 
626 951 953 927 954 
627 932 951 954 828 
628 827 933 955 890 
629 933 828 956 955 
630 955 956 751 957 
631 890 955 957 829 
632 930 960 958 959 
633 960 932 961 958 
634 958 961 828 962 
635 959 958 962 933 
636 914 661 964 963 
637 963 964 714 965 
638 966 967 718 968 
639 799 966 968 717 
640 922 974 973 953 
641 974 750 975 973 
642 973 975 928 976 
643 953 973 976 927 
644 765 981 980 939 
645 981 934 982 980 
646 980 982 916 978 
647 662 985 983 984 
648 985 978 986 983 
649 983 986 977 987 
650 984 983 987 921 
651 750 989 988 975 
652 989 970 990 988 
653 988 990 969 991 
654 975 988 991 928 
655 664 993 992 917 
656 993 911 994 992 
657 992 994 914 995 
658 917 992 995 87 
659 997 664 998 996 
660 996 998 917 999 
661 978 1001 1000 986 
662 1001 916 1002 1000 
663 1000 1002 979 1003 
664 986 1000 1003 977 
665 999 917 1005 1004 
666 1004 1005 87 1006 
667 979 1009 1007 1008 
668 1009 996 1010 1007 
669 1007 1010 999 1011 
670 1008 1007 1011 915 
671 1 1014 1012 1013 
672 1014 12 144 1012 
673 1012 144 10 62 
674 1013 1012 62 11 
675 16 1016 1015 598 
676 1016 2 1017 1015 
677 1015 1017 17 647 
678 598 1015 647 15 
679 20 94 1018 1019 
680 94 19 542 1018 
681 1018 542 22 1020 
682 1019 1018 1020 4 
683 10 1023 1021 1022 
684 1023 25 148 1021 
685 1021 148 23 66 
686 1022 1021 66 24 
687 21 46 1024 543 
688 46 28 1025 1024 
689 1024 1025 30 1026 
690 543 1024 1026 9 
691 32 1028 1027 601 
692 1028 15 1029 1027 
693 1027 1029 33 651 
694 601 1027 651 31 
695 36 97 1030 1031 
696 97 35 546 1030 
697 1030 546 38 1032 
698 1031 1030 1032 19 
699 23 1035 1033 1034 
700 1035 41 152 1033 
701 1033 152 39 70 
702 1034 1033 70 40 
703 37 74 1036 547 
704 74 44 1037 1036 
705 1036 1037 46 1038 
706 547 1036 1038 21 
707 48 1040 1039 604 
708 1040 31 1041 1039 
709 1039 1041 49 655 
710 604 1039 655 47 
711 52 100 1042 1043 
712 100 51 550 1042 
713 1042 550 54 1044 
714 1043 1042 1044 35 
715 70 1047 1045 1046 
716 1047 39 156 1045 
717 1045 156 56 112 
718 1046 1045 112 68 
719 53 120 1048 551 
720 120 72 1049 1048 
721 1048 1049 74 1050 
722 551 1048 1050 37 
723 76 104 1051 1052 
724 104 75 554 1051 
725 1051 554 78 1053 
726 1052 1051 1053 51 
727 85 1055 1054 607 
728 1055 47 1056 1054 
729 1054 1056 86 659 
730 607 1054 659 84 
731 98 135 1057 1058 
732 135 76 1052 1057 
733 1057 1052 51 1059 
734 1058 1057 1059 100 
735 77 369 1060 555 
736 369 118 1061 1060 
737 1060 1061 120 1062 
738 555 1060 1062 53 
739 103 231 1063 1064 
740 231 121 558 1063 
741 1063 558 123 1065 
742 1064 1063 1065 75 
743 117 142 1066 1067 
744 142 83 200 1066 
745 1066 200 125 1068 
746 1067 1066 1068 136 
747 130 1070 1069 197 
748 1070 191 222 1069 
749 1069 222 190 1071 
750 197 1069 1071 170 
751 190 225 1072 1073 
752 225 192 1074 1072 
753 1072 1074 131 240 
754 1073 1072 240 193 
755 170 1071 1075 209 
756 1071 190 1073 1075 
757 1075 1073 193 1076 
758 209 1075 1076 128 
759 105 1078 1077 224 
760 1078 218 255 1077 
761 1077 255 217 1079 
762 224 1077 1079 192 
763 217 258 1080 1081 
764 258 219 1082 1080 
765 1080 1082 186 267 
766 1081 1080 267 220 
767 192 1079 1083 1074 
768 1079 217 1081 1083 
769 1083 1081 220 260 
770 1074 1083 260 131 
771 128 1076 1084 1085 
772 1076 193 239 1084 
773 1084 239 226 1086 
774 1085 1084 1086 205 
775 229 375 1087 1088 
776 375 230 562 1087 
777 1087 562 121 1089 
778 1088 1087 1089 231 
779 126 335 1090 1091 
780 335 229 1088 1090 
781 1090 1088 231 1092 
782 1091 1090 1092 103 
783 109 237 1093 1094 
784 237 189 356 1093 
785 1093 356 232 1095 
786 1094 1093 1095 201 
787 219 285 1096 1082 
788 285 250 1097 1096 
789 1096 1097 253 1098 
790 1082 1096 1098 186 
791 186 1098 1099 268 
792 1098 253 1100 1099 
793 1099 1100 263 1101 
794 268 1099 1101 236 
795 301 393 1102 1103 
796 393 303 1104 1102 
797 1102 1104 91 407 
798 1103 1102 407 304 
799 248 382 1105 349 
800 382 301 1103 1105 
801 1105 1103 304 400 
802 349 1105 400 185 
803 314 1107 1106 385 
804 1107 316 449 1106 
805 1106 449 184 391 
806 385 1106 391 302 
807 292 1109 1108 323 
808 1109 317 1110 1108 
809 1108 1110 306 325 
810 323 1108 325 247 
811 338 354 1111 360 
812 354 249 1112 1111 
813 1111 1112 341 1113 
814 360 1111 1113 339 
815 122 511 1114 559 
816 511 367 1115 1114 
817 1114 1115 369 1116 
818 559 1114 1116 77 
819 370 514 1117 563 
820 514 371 1118 1117 
821 1117 1118 122 1119 
822 563 1117 1119 372 
823 303 419 1120 1104 
824 419 386 477 1120 
825 1120 477 389 421 
826 1104 1120 421 91 
827 374 423 1121 1122 
828 423 403 566 1121 
829 1121 566 405 1123 
830 1122 1121 1123 230 
831 416 471 1124 1125 
832 471 418 481 1124 
833 1124 481 386 1126 
834 1125 1124 1126 419 
835 432 462 1127 482 
836 462 434 1128 1127 
837 1127 1128 388 1129 
838 482 1127 1129 435 
839 448 1132 1130 1131 
840 1132 440 452 1130 
841 1130 452 387 470 
842 1131 1130 470 417 
843 456 1134 1133 580 
844 1134 429 618 1133 
845 1133 618 457 1135 
846 580 1133 1135 455 
847 434 581 1136 1128 
848 581 455 1137 1136 
849 1136 1137 458 1138 
850 1128 1136 1138 388 
851 446 527 1139 486 
852 527 459 1140 1139 
853 1139 1140 462 1141 
854 486 1139 1141 432 
855 475 499 1142 1143 
856 499 443 501 1142 
857 1142 501 485 1144 
858 1143 1142 1144 493 
859 371 624 1145 1118 
860 624 509 1146 1145 
861 1145 1146 511 1147 
862 1118 1145 1147 122 
863 404 531 1148 567 
864 531 512 1149 1148 
865 1148 1149 514 1150 
866 567 1148 1150 370 
867 422 540 1151 1152 
868 540 515 570 1151 
869 1151 570 517 1153 
870 1152 1151 1153 403 
871 442 1155 1154 523 
872 1155 518 1156 1154 
873 1154 1156 456 579 
874 523 1154 579 297 
875 529 1158 1157 586 
876 1158 431 632 1157 
877 1157 632 530 1159 
878 586 1157 1159 528 
879 516 587 1160 571 
880 587 528 1161 1160 
881 1160 1161 531 1162 
882 571 1160 1162 404 
883 84 1164 1163 762 
884 1164 659 1165 1163 
885 1163 1165 658 912 
886 762 1163 912 295 
887 589 1167 1166 677 
888 1167 671 701 1166 
889 1166 701 670 1168 
890 677 1166 1168 638 
891 641 1170 1169 688 
892 1170 679 730 1169 
893 1169 730 681 1171 
894 688 1169 1171 591 
895 696 759 1172 1173 
896 759 698 1174 1172 
897 1172 1174 666 787 
898 1173 1172 787 699 
899 672 740 1175 1176 
900 740 696 1173 1175 
901 1175 1173 699 1177 
902 1176 1175 1177 590 
903 590 1177 1178 1179 
904 1177 699 786 1178 
905 1178 786 723 745 
906 1179 1178 745 680 
907 695 1182 1180 1181 
908 1182 734 770 1180 
909 1180 770 697 738 
910 1181 1180 738 424 
911 698 797 1183 1174 
912 797 752 847 1183 
913 1183 847 755 825 
914 1174 1183 825 666 
915 794 823 1184 1185 
916 823 796 856 1184 
917 1184 856 752 1186 
918 1185 1184 1186 797 
919 751 929 1187 887 
920 929 665 1188 1187 
921 1187 1188 799 1189 
922 887 1187 1189 798 
923 753 1191 1190 822 
924 1191 816 863 1190 
925 1190 863 815 857 
926 822 1190 857 796 
927 824 1194 1192 1193 
928 1194 826 883 1192 
929 1192 883 778 836 
930 1193 1192 836 805 
931 778 885 1195 837 
932 885 831 893 1195 
933 1195 893 830 1196 
934 837 1195 1196 806 
935 768 1198 1197 861 
936 1198 839 1199 1197 
937 1197 1199 812 843 
938 861 1197 843 426 
939 426 1201 1200 865 
940 1201 843 1202 1200 
941 1200 1202 842 904 
942 865 1200 904 817 
943 779 910 1203 894 
944 910 876 1204 1203 
945 1203 1204 889 1205 
946 894 1203 1205 832 
947 295 1207 1206 936 
948 1207 912 1208 1206 
949 1206 1208 911 993 
950 936 1206 993 664 
951 920 1210 1209 942 
952 1210 662 984 1209 
953 1209 984 921 1211 
954 942 1209 1211 919 
955 919 1211 1212 1213 
956 1211 921 1214 1212 
957 1212 1214 750 974 
958 1213 1212 974 922 
959 813 943 1215 945 
960 943 919 1213 1215 
961 1215 1213 922 952 
962 945 1215 952 748 
963 828 954 1216 956 
964 954 927 1217 1216 
965 1216 1217 929 1218 
966 956 1216 1218 751 
967 934 1220 1219 982 
968 1220 936 1221 1219 
969 1219 1221 664 997 
970 982 1219 997 916 
971 87 995 1222 967 
972 995 914 1223 1222 
973 1222 1223 963 1224 
974 967 1222 1224 718 
975 665 972 1225 1188 
976 972 918 1226 1225 
977 1225 1226 966 1227 
978 1188 1225 1227 799 
979 918 1006 1228 1226 
980 1006 87 1229 1228 
981 1228 1229 967 1230 
982 1226 1228 1230 966 
983 977 1003 1231 1232 
984 1003 979 1008 1231 
985 1231 1008 915 1233 
986 1232 1231 1233 970 
987 921 987 1234 1214 
988 987 977 1232 1234 
989 1234 1232 970 989 
990 1214 1234 989 750 
991 916 1236 1235 1002 
992 1236 997 1237 1235 
993 1235 1237 996 1009 
994 1002 1235 1009 979 
995 28 707 1238 1025 
996 707 29 1239 1238 
997 1238 1239 3 1240 
998 1025 1238 1240 30 
999 44 710 1241 1037 
1000 710 45 1242 1241 
1001 1241 1242 28 1243 
1002 1037 1241 1243 46 
1003 72 713 1244 1049 
1004 713 73 1245 1244 
1005 1244 1245 44 1246 
1006 1049 1244 1246 74 
1007 101 127 1247 1248 
1008 127 103 1064 1247 
1009 1247 1064 75 1249 
1010 1248 1247 1249 104 
1011 102 138 1250 1251 
1012 138 101 1248 1250 
1013 1250 1248 104 1252 
1014 1251 1250 1252 76 
1015 118 716 1253 1061 
1016 716 119 1254 1253 
1017 1253 1254 72 1255 
1018 1061 1253 1255 120 
1019 124 234 1256 1257 
1020 234 126 1091 1256 
1021 1256 1091 103 1258 
1022 1257 1256 1258 127 
1023 125 202 1259 1260 
1024 202 124 1257 1259 
1025 1259 1257 127 1261 
1026 1260 1259 1261 101 
1027 136 1068 1262 1263 
1028 1068 125 1260 1262 
1029 1262 1260 101 1264 
1030 1263 1262 1264 138 
1031 132 228 1265 1266 
1032 228 109 1094 1265 
1033 1265 1094 201 1267 
1034 1266 1265 1267 199 
1035 171 210 1268 1269 
1036 210 128 1085 1268 
1037 1268 1085 205 1270 
1038 1269 1268 1270 203 
1039 367 719 1271 1115 
1040 719 368 1272 1271 
1041 1271 1272 118 1273 
1042 1115 1271 1273 369 
1043 373 409 1274 1275 
1044 409 374 1122 1274 
1045 1274 1122 230 1276 
1046 1275 1274 1276 375 
1047 334 402 1277 1278 
1048 402 373 1275 1277 
1049 1277 1275 375 1279 
1050 1278 1277 1279 229 
1051 455 1135 1280 1137 
1052 1135 457 1281 1280 
1053 1280 1281 428 1282 
1054 1137 1280 1282 458 
1055 509 722 1283 1146 
1056 722 510 1284 1283 
1057 1283 1284 367 1285 
1058 1146 1283 1285 511 
1059 512 628 1286 1149 
1060 628 513 1287 1286 
1061 1286 1287 371 1288 
1062 1149 1286 1288 514 
1063 518 1290 1289 1156 
1064 1290 520 1291 1289 
1065 1289 1291 429 1134 
1066 1156 1289 1134 456 
1067 528 1159 1292 1161 
1068 1159 530 1293 1292 
1069 1292 1293 512 1294 
1070 1161 1292 1294 531 
1071 457 621 1295 1281 
1072 621 592 1296 1295 
1073 1295 1296 595 1297 
1074 1281 1295 1297 428 
1075 520 1299 1298 1291 
1076 1299 614 1300 1298 
1077 1298 1300 593 619 
1078 1291 1298 619 429 
1079 513 684 1301 1287 
1080 684 622 1302 1301 
1081 1301 1302 624 1303 
1082 1287 1301 1303 371 
1083 530 635 1304 1293 
1084 635 625 1305 1304 
1085 1304 1305 628 1306 
1086 1293 1304 1306 512 
1087 670 704 1307 1308 
1088 704 672 1176 1307 
1089 1307 1176 590 1309 
1090 1308 1307 1309 673 
1091 638 1168 1310 1311 
1092 1168 670 1308 1310 
1093 1310 1308 673 1312 
1094 1311 1310 1312 588 
1095 588 1312 1313 1314 
1096 1312 673 1315 1313 
1097 1313 1315 679 1170 
1098 1314 1313 1170 641 
1099 673 1309 1316 1315 
1100 1309 590 1179 1316 
1101 1316 1179 680 731 
1102 1315 1316 731 679 
1103 693 1319 1317 1318 
1104 1319 695 1181 1317 
1105 1317 1181 424 702 
1106 1318 1317 702 671 
1107 645 1322 1320 1321 
1108 1322 693 1318 1320 
1109 1320 1318 671 1167 
1110 1321 1320 1167 589 
1111 368 965 1323 1272 
1112 965 714 1324 1323 
1113 1323 1324 716 1325 
1114 1272 1323 1325 118 
1115 510 800 1326 1284 
1116 800 717 1327 1326 
1117 1326 1327 719 1328 
1118 1284 1326 1328 367 
1119 839 1330 1329 1199 
1120 1330 841 1331 1329 
1121 1329 1331 749 924 
1122 1199 1329 924 812 
1123 927 976 1332 1217 
1124 976 928 1333 1332 
1125 1332 1333 665 1334 
1126 1217 1332 1334 929 
1127 841 1336 1335 1331 
1128 1336 937 1337 1335 
1129 1335 1337 920 941 
1130 1331 1335 941 749 
1131 970 1233 1338 990 
1132 1233 915 1339 1338 
1133 1338 1339 971 1340 
1134 990 1338 1340 969 
1135 928 991 1341 1333 
1136 991 969 1342 1341 
1137 1341 1342 972 1343 
1138 1333 1341 1343 665 
1139 915 1011 1344 1339 
1140 1011 999 1345 1344 
1141 1344 1345 1004 1346 
1142 1339 1344 1346 971 
1143 83 206 1347 1348 
1144 206 132 1266 1347 
1145 1347 1266 199 1349 
1146 1348 1347 1349 200 
1147 333 378 1350 1351 
1148 378 334 1278 1350 
1149 1350 1278 229 1352 
1150 1351 1350 1352 335 
1151 233 342 1353 1354 
1152 342 333 1351 1353 
1153 1353 1351 335 1355 
1154 1354 1353 1355 126 
1155 622 728 1356 1302 
1156 728 623 1357 1356 
1157 1356 1357 509 1358 
1158 1302 1356 1358 624 
1159 636 678 1359 1360 
1160 678 638 1311 1359 
1161 1359 1311 588 1361 
1162 1360 1359 1361 639 
1163 639 1361 1362 1363 
1164 1361 588 1314 1362 
1165 1362 1314 641 687 
1166 1363 1362 687 640 
1167 643 1366 1364 1365 
1168 1366 645 1321 1364 
1169 1364 1321 589 676 
1170 1365 1364 676 637 
1171 717 968 1367 1327 
1172 968 718 1368 1367 
1173 1367 1368 368 1369 
1174 1327 1367 1369 719 
1175 623 743 1370 1357 
1176 743 720 1371 1370 
1177 1370 1371 722 1372 
1178 1357 1370 1372 509 
1179 937 1374 1373 1337 
1180 1374 939 1375 1373 
1181 1373 1375 662 1210 
1182 1337 1373 1210 920 
1183 718 1224 1376 1368 
1184 1224 963 1377 1376 
1185 1376 1377 965 1378 
1186 1368 1376 1378 368 
1187 969 1340 1379 1342 
1188 1340 971 1380 1379 
1189 1379 1380 918 1381 
1190 1342 1379 1381 972 
1191 939 1383 1382 1375 
1192 1383 980 1384 1382 
1193 1382 1384 978 985 
1194 1375 1382 985 662 
1195 971 1346 1385 1380 
1196 1346 1004 1386 1385 
1197 1385 1386 1006 1387 
1198 1380 1385 1387 918 
