2 0.000000 100.000000 157.431060
1387 1198 
1 -276.279947 0.000000 -280.179887 100.000000 0.000000 0.000000 0.000000 
2 331.535936 0.000000 -280.179887 100.000000 0.000000 0.000000 0.000000 
3 331.535936 0.000000 285.678573 100.000000 0.000000 0.000000 0.000000 
4 -276.279947 0.000000 285.678573 100.000000 0.000000 0.000000 0.000000 
5 27.627995 0.000000 2.749343 105.126212 0.153288 -9.607582 -0.089455 
6 -276.279947 0.000000 2.749343 100.000000 0.000000 0.000000 0.000000 
7 27.627995 0.000000 -280.179887 100.000000 0.000000 0.000000 0.000000 
8 331.535936 0.000000 2.749343 100.000063 -0.004764 -1.607760 0.000257 
9 27.627995 0.000000 285.678573 100.000000 0.000000 0.000000 0.000000 
10 -124.325976 0.000000 -138.715272 100.000000 0.000000 0.000000 0.000000 
11 -276.279947 0.000000 -138.715272 100.000000 0.000000 0.000000 0.000000 
12 -124.325976 0.000000 -280.179887 100.000000 0.000000 0.000000 0.000000 
13 27.627995 0.000000 -138.715272 100.000000 0.000000 0.000000 0.000000 
14 -124.325976 0.000000 2.749343 100.000000 0.000000 0.000000 0.000000 
15 179.581965 0.000000 -138.715272 100.000000 0.000000 0.000000 0.000000 
16 179.581965 0.000000 -280.179887 100.000000 0.000000 0.000000 0.000000 
17 331.535936 0.000000 -138.715272 100.003430 0.001939 -0.000030 -0.000069 
18 179.581965 0.000000 2.749343 100.000709 -0.005258 -1.605944 0.000244 
19 -124.325976 0.000000 144.213958 100.000000 0.000000 0.000000 0.000000 
20 -276.279947 0.000000 144.213958 100.000000 0.000000 0.000000 0.000000 
21 27.627995 0.000000 144.213958 100.000000 0.000000 0.000000 0.000000 
22 -124.325976 0.000000 285.678573 100.000000 0.000000 0.000000 0.000000 
23 -48.348991 0.000000 -67.982965 100.000000 0.000000 0.000000 0.000000 
24 -124.325976 0.000000 -67.982965 100.000000 0.000000 0.000000 0.000000 
25 -48.348991 0.000000 -138.715272 100.000000 0.000000 0.000000 0.000000 
26 27.627995 0.000000 -67.982965 100.000000 0.000000 0.000000 0.000000 
27 -48.348991 0.000000 2.749343 100.000000 0.000000 0.000000 0.000000 
28 179.581965 0.000000 144.213958 100.000000 0.000000 0.000000 0.000000 
29 331.535936 0.000000 144.213958 99.997102 -0.003705 -0.000089 0.000058 
30 179.581965 0.000000 285.678573 100.000000 0.000000 0.000000 0.000000 
31 103.604980 0.000000 -67.982965 100.000000 0.000000 0.000000 0.000000 
32 103.604980 0.000000 -138.715272 100.000000 0.000000 0.000000 0.000000 
33 179.581965 0.000000 -67.982965 100.017863 -0.001171 0.004357 -0.000357 
34 103.604980 0.000000 2.749343 100.011262 0.002039 -1.606280 0.000033 
35 -48.348991 0.000000 73.481651 100.000000 0.000000 0.000000 0.000000 
36 -124.325976 0.000000 73.481651 100.000000 0.000000 0.000000 0.000000 
37 27.627995 0.000000 73.481651 100.000000 0.000000 0.000000 0.000000 
38 -48.348991 0.000000 144.213958 100.000000 0.000000 0.000000 0.000000 
39 -10.360498 0.000000 -32.616811 100.000000 0.000000 0.000000 0.000000 
40 -48.348991 0.000000 -32.616811 100.000000 0.000000 0.000000 0.000000 
41 -10.360498 0.000000 -67.982965 100.000000 0.000000 0.000000 0.000000 
42 27.627995 0.000000 -32.616811 100.000000 0.000000 0.000000 0.000000 
43 -10.360498 0.000000 2.749343 100.000000 0.000000 0.000000 0.000000 
44 103.604980 0.000000 73.481651 100.000000 0.000000 0.000000 0.000000 
45 179.581965 0.000000 73.481651 99.996336 -0.028017 -0.012393 0.000073 
46 103.604980 0.000000 144.213958 100.000000 0.000000 0.000000 0.000000 
47 65.616487 0.000000 -32.616811 99.945648 0.010343 -0.073946 0.001088 
48 65.616487 0.000000 -67.982965 100.000000 0.000000 0.000000 0.000000 
49 103.604980 0.000000 -32.616811 98.853933 0.019959 -2.066898 0.023609 
50 65.616487 0.000000 2.749343 101.054458 -0.004669 -2.425345 -0.020307 
51 -10.360498 0.000000 38.115497 100.000000 0.000000 0.000000 0.000000 
52 -48.348991 0.000000 38.115497 100.000000 0.000000 0.000000 0.000000 
53 27.627995 0.000000 38.115497 100.000000 0.000000 0.000000 0.000000 
54 -10.360498 0.000000 73.481651 100.000000 0.000000 0.000000 0.000000 
55 8.633748 0.000000 -14.933734 100.000000 0.000000 0.000000 0.000000 
56 -10.360498 0.000000 -14.933734 100.000000 0.000000 0.000000 0.000000 
57 8.633748 0.000000 -32.616811 100.000000 0.000000 0.000000 0.000000 
58 27.627995 0.000000 -14.933734 100.491803 0.008835 0.830303 -0.009722 
59 8.633748 0.000000 2.749343 99.334787 0.067740 3.190473 0.014426 
60 -200.302961 0.000000 -67.982965 100.000000 0.000000 0.000000 0.000000 
61 -276.279947 0.000000 -67.982965 100.000000 0.000000 0.000000 0.000000 
62 -200.302961 0.000000 -138.715272 100.000000 0.000000 0.000000 0.000000 
63 -200.302961 0.000000 2.749343 100.000000 0.000000 0.000000 0.000000 
64 -86.337483 0.000000 -32.616811 100.000000 0.000000 0.000000 0.000000 
65 -124.325976 0.000000 -32.616811 100.000000 0.000000 0.000000 0.000000 
66 -86.337483 0.000000 -67.982965 100.000000 0.000000 0.000000 0.000000 
67 -86.337483 0.000000 2.749343 100.000000 0.000000 0.000000 0.000000 
68 -29.354744 0.000000 -14.933734 100.000000 0.000000 0.000000 0.000000 
69 -48.348991 0.000000 -14.933734 100.000000 0.000000 0.000000 0.000000 
70 -29.354744 0.000000 -32.616811 100.000000 0.000000 0.000000 0.000000 
71 -29.354744 0.000000 2.749343 100.000000 0.000000 0.000000 0.000000 
72 65.616487 0.000000 38.115497 100.164579 -0.132085 -0.233511 -0.003279 
73 103.604980 0.000000 38.115497 100.201891 -0.054008 -0.403872 -0.004014 
74 65.616487 0.000000 73.481651 100.000000 0.000000 0.000000 0.000000 
75 8.633748 0.000000 20.432420 100.000000 0.000000 0.000000 0.000000 
76 -10.360498 0.000000 20.432420 100.000000 0.000000 0.000000 0.000000 
77 27.627995 0.000000 20.432420 100.000000 0.000000 0.000000 0.000000 
78 8.633748 0.000000 38.115497 100.000000 0.000000 0.000000 0.000000 
79 -0.863375 0.000000 -6.092195 100.000000 0.000000 0.000000 0.000000 
80 -10.360498 0.000000 -6.092195 100.000000 0.000000 0.000000 0.000000 
81 -0.863375 0.000000 -14.933734 100.000000 0.000000 0.000000 0.000000 
82 8.633748 0.000000 -6.092195 100.000000 0.000000 0.000000 0.000000 
83 -0.863375 0.000000 2.749343 100.000000 0.000000 0.000000 0.000000 
84 46.622241 0.000000 -14.933734 99.286984 0.011798 -1.232997 0.014511 
85 46.622241 0.000000 -32.616811 100.000000 0.000000 0.000000 0.000000 
86 65.616487 0.000000 -14.933734 99.678607 0.054450 -0.840488 0.006519 
87 46.622241 0.000000 2.749343 98.221273 -0.043108 -1.072175 0.036287 
88 18.130872 0.000000 -6.092195 100.071373 0.013378 0.837322 -0.001357 
89 18.130872 0.000000 -14.933734 100.000000 0.000000 0.000000 0.000000 
90 27.627995 0.000000 -6.092195 100.172418 0.045090 0.476077 -0.003420 
91 18.130872 0.000000 2.749343 101.040889 -0.086541 3.079555 -0.019690 
92 -200.302961 0.000000 73.481651 100.000000 0.000000 0.000000 0.000000 
93 -276.279947 0.000000 73.481651 100.000000 0.000000 0.000000 0.000000 
94 -200.302961 0.000000 144.213958 100.000000 0.000000 0.000000 0.000000 
95 -86.337483 0.000000 38.115497 100.000000 0.000000 0.000000 0.000000 
96 -124.325976 0.000000 38.115497 100.000000 0.000000 0.000000 0.000000 
97 -86.337483 0.000000 73.481651 100.000000 0.000000 0.000000 0.000000 
98 -29.354744 0.000000 20.432420 100.000000 0.000000 0.000000 0.000000 
99 -48.348991 0.000000 20.432420 100.000000 0.000000 0.000000 0.000000 
100 -29.354744 0.000000 38.115497 100.000000 0.000000 0.000000 0.000000 
101 -0.863375 0.000000 11.590882 100.000000 0.000000 0.000000 0.000000 
102 -10.360498 0.000000 11.590882 100.000000 0.000000 0.000000 0.000000 
103 8.633748 0.000000 11.590882 100.000000 0.000000 0.000000 0.000000 
104 -0.863375 0.000000 20.432420 100.000000 0.000000 0.000000 0.000000 
105 3.885187 0.000000 -1.671426 87.345593 0.612285 -4.163228 0.282956 
106 -0.863375 0.000000 -1.671426 100.000000 0.000000 0.000000 0.000000 
107 3.885187 0.000000 -6.092195 100.000000 0.000000 0.000000 0.000000 
108 8.633748 0.000000 -1.671426 94.406068 -0.489667 1.874378 0.118002 
109 3.885187 0.000000 2.749343 100.000000 0.000000 0.000000 0.000000 
110 -19.857621 0.000000 -6.092195 100.000000 0.000000 0.000000 0.000000 
111 -29.354744 0.000000 -6.092195 100.000000 0.000000 0.000000 0.000000 
112 -19.857621 0.000000 -14.933734 100.000000 0.000000 0.000000 0.000000 
113 -19.857621 0.000000 2.749343 100.000000 0.000000 0.000000 0.000000 
114 -5.611936 0.000000 -1.671426 100.000000 0.000000 0.000000 0.000000 
115 -10.360498 0.000000 -1.671426 100.000000 0.000000 0.000000 0.000000 
116 -5.611936 0.000000 -6.092195 100.000000 0.000000 0.000000 0.000000 
117 -5.611936 0.000000 2.749343 100.000000 0.000000 0.000000 0.000000 
118 46.622241 0.000000 20.432420 100.102852 -0.041284 -0.228429 -0.002050 
119 65.616487 0.000000 20.432420 100.491912 -0.002714 -0.916983 -0.009709 
120 46.622241 0.000000 38.115497 100.000000 0.000000 0.000000 0.000000 
121 18.130872 0.000000 11.590882 100.000000 0.000000 0.000000 0.000000 
122 27.627995 0.000000 11.590882 100.192345 0.035623 -0.242191 -0.003834 
123 18.130872 0.000000 20.432420 100.000000 0.000000 0.000000 0.000000 
124 3.885187 0.000000 7.170112 100.000000 0.000000 0.000000 0.000000 
125 -0.863375 0.000000 7.170112 100.000000 0.000000 0.000000 0.000000 
126 8.633748 0.000000 7.170112 100.000000 0.000000 0.000000 0.000000 
127 3.885187 0.000000 11.590882 100.000000 0.000000 0.000000 0.000000 
128 1.510906 0.000000 0.538958 100.000000 0.000000 0.000000 0.000000 
129 -0.863375 0.000000 0.538958 100.000000 0.000000 0.000000 0.000000 
130 1.510906 0.000000 -1.671426 100.000000 0.000000 0.000000 0.000000 
131 3.885187 0.000000 0.538958 81.859569 0.442437 25.372451 0.519780 
132 1.510906 0.000000 2.749343 100.000000 0.000000 0.000000 0.000000 
133 -19.857621 0.000000 11.590882 100.000000 0.000000 0.000000 0.000000 
134 -29.354744 0.000000 11.590882 100.000000 0.000000 0.000000 0.000000 
135 -19.857621 0.000000 20.432420 100.000000 0.000000 0.000000 0.000000 
136 -5.611936 0.000000 7.170112 100.000000 0.000000 0.000000 0.000000 
137 -10.360498 0.000000 7.170112 100.000000 0.000000 0.000000 0.000000 
138 -5.611936 0.000000 11.590882 100.000000 0.000000 0.000000 0.000000 
139 -3.237656 0.000000 0.538958 100.000000 0.000000 0.000000 0.000000 
140 -5.611936 0.000000 0.538958 100.000000 0.000000 0.000000 0.000000 
141 -3.237656 0.000000 -1.671426 100.000000 0.000000 0.000000 0.000000 
142 -3.237656 0.000000 2.749343 100.000000 0.000000 0.000000 0.000000 
143 -48.348991 0.000000 -209.447580 100.000000 0.000000 0.000000 0.000000 
144 -124.325976 0.000000 -209.447580 100.000000 0.000000 0.000000 0.000000 
145 -48.348991 0.000000 -280.179887 100.000000 0.000000 0.000000 0.000000 
146 27.627995 0.000000 -209.447580 100.000000 0.000000 0.000000 0.000000 
147 -10.360498 0.000000 -103.349118 100.000000 0.000000 0.000000 0.000000 
148 -48.348991 0.000000 -103.349118 100.000000 0.000000 0.000000 0.000000 
149 -10.360498 0.000000 -138.715272 100.000000 0.000000 0.000000 0.000000 
150 27.627995 0.000000 -103.349118 100.000000 0.000000 0.000000 0.000000 
151 8.633748 0.000000 -50.299888 100.000000 0.000000 0.000000 0.000000 
152 -10.360498 0.000000 -50.299888 100.000000 0.000000 0.000000 0.000000 
153 8.633748 0.000000 -67.982965 100.000000 0.000000 0.000000 0.000000 
154 27.627995 0.000000 -50.299888 100.000000 0.000000 0.000000 0.000000 
155 -0.863375 0.000000 -23.775272 100.000000 0.000000 0.000000 0.000000 
156 -10.360498 0.000000 -23.775272 100.000000 0.000000 0.000000 0.000000 
157 -0.863375 0.000000 -32.616811 100.000000 0.000000 0.000000 0.000000 
158 8.633748 0.000000 -23.775272 100.000000 0.000000 0.000000 0.000000 
159 3.885187 0.000000 -10.512965 100.000000 0.000000 0.000000 0.000000 
160 -0.863375 0.000000 -10.512965 100.000000 0.000000 0.000000 0.000000 
161 3.885187 0.000000 -14.933734 100.000000 0.000000 0.000000 0.000000 
162 8.633748 0.000000 -10.512965 100.000000 0.000000 0.000000 0.000000 
163 1.510906 0.000000 -3.881811 100.000000 0.000000 0.000000 0.000000 
164 -0.863375 0.000000 -3.881811 100.000000 0.000000 0.000000 0.000000 
165 1.510906 0.000000 -6.092195 100.000000 0.000000 0.000000 0.000000 
166 3.885187 0.000000 -3.881811 100.000000 0.000000 0.000000 0.000000 
167 0.323766 0.000000 -0.566234 61.632304 0.502264 11.801775 0.980197 
168 -0.863375 0.000000 -0.566234 100.000000 0.000000 0.000000 0.000000 
169 0.323766 0.000000 -1.671426 100.000000 0.000000 0.000000 0.000000 
170 1.510906 0.000000 -0.566234 88.206032 -0.078317 5.253176 0.263626 
171 0.323766 0.000000 0.538958 100.000000 0.000000 0.000000 0.000000 
172 -5.611936 0.000000 -10.512965 100.000000 0.000000 0.000000 0.000000 
173 -10.360498 0.000000 -10.512965 100.000000 0.000000 0.000000 0.000000 
174 -5.611936 0.000000 -14.933734 100.000000 0.000000 0.000000 0.000000 
175 -3.237656 0.000000 -3.881811 100.000000 0.000000 0.000000 0.000000 
176 -5.611936 0.000000 -3.881811 100.000000 0.000000 0.000000 0.000000 
177 -3.237656 0.000000 -6.092195 100.000000 0.000000 0.000000 0.000000 
178 0.323766 0.000000 -2.776618 100.000000 0.000000 0.000000 0.000000 
179 -0.863375 0.000000 -2.776618 100.000000 0.000000 0.000000 0.000000 
180 0.323766 0.000000 -3.881811 100.000000 0.000000 0.000000 0.000000 
181 1.510906 0.000000 -2.776618 100.000000 0.000000 0.000000 0.000000 
182 13.382310 0.000000 -1.671426 96.983716 -0.023688 3.039401 0.063016 
183 13.382310 0.000000 -6.092195 101.247563 -0.378025 2.473962 -0.024051 
184 18.130872 0.000000 -1.671426 99.893180 0.121095 1.459775 0.002354 
185 13.382310 0.000000 2.749343 98.994285 0.191541 11.936690 0.035122 
186 6.259468 0.000000 0.538958 94.506771 0.282227 -0.768384 0.115430 
187 6.259468 0.000000 -1.671426 87.675893 0.083630 -1.408957 0.272844 
188 8.633748 0.000000 0.538958 91.848592 -0.257452 8.698013 0.184309 
189 6.259468 0.000000 2.749343 99.404578 0.002805 2.109720 0.012428 
190 2.698046 0.000000 -0.566234 87.404405 0.447217 -11.941433 0.298935 
191 2.698046 0.000000 -1.671426 88.029180 0.593385 -9.134844 0.275548 
192 3.885187 0.000000 -0.566234 83.130967 -0.043046 4.325415 0.386991 
193 2.698046 0.000000 0.538958 75.364702 0.560861 22.265535 0.673332 
194 0.917336 0.000000 -1.118830 73.580654 0.145321 -3.871204 0.634025 
195 0.323766 0.000000 -1.118830 68.679734 0.513230 -8.268473 0.775310 
196 0.917336 0.000000 -1.671426 100.000000 0.000000 0.000000 0.000000 
197 1.510906 0.000000 -1.118830 88.562474 0.094188 -18.688021 0.299309 
198 0.917336 0.000000 -0.566234 63.834611 0.419166 18.016615 0.960411 
199 1.510906 0.000000 4.959728 100.000000 0.000000 0.000000 0.000000 
200 -0.863375 0.000000 4.959728 100.000000 0.000000 0.000000 0.000000 
201 3.885187 0.000000 4.959728 100.000000 0.000000 0.000000 0.000000 
202 1.510906 0.000000 7.170112 100.000000 0.000000 0.000000 0.000000 
203 0.323766 0.000000 1.644151 100.000000 0.000000 0.000000 0.000000 
204 -0.863375 0.000000 1.644151 100.000000 0.000000 0.000000 0.000000 
205 1.510906 0.000000 1.644151 100.000000 0.000000 0.000000 0.000000 
206 0.323766 0.000000 2.749343 100.000000 0.000000 0.000000 0.000000 
207 0.917336 0.000000 -0.013638 63.896040 0.489075 21.580101 0.989438 
208 0.323766 0.000000 -0.013638 56.035619 0.633186 29.674830 1.309100 
209 1.510906 0.000000 -0.013638 62.068646 0.777977 27.938139 1.112506 
210 0.917336 0.000000 0.538958 100.000000 0.000000 0.000000 0.000000 
211 6.259468 0.000000 -3.881811 101.567610 0.006021 2.286080 -0.030384 
212 6.259468 0.000000 -6.092195 100.000000 0.000000 0.000000 0.000000 
213 8.633748 0.000000 -3.881811 102.599877 -0.023885 4.789132 -0.048573 
214 2.698046 0.000000 -2.776618 100.000000 0.000000 0.000000 0.000000 
215 2.698046 0.000000 -3.881811 100.000000 0.000000 0.000000 0.000000 
216 3.885187 0.000000 -2.776618 100.633433 -0.000096 0.506861 -0.012567 
217 5.072327 0.000000 -0.566234 82.120151 0.018079 4.875419 0.413277 
218 5.072327 0.000000 -1.671426 93.578616 3.854868 -1.761109 0.138012 
219 6.259468 0.000000 -0.566234 85.776507 0.131341 -0.601663 0.318665 
220 5.072327 0.000000 0.538958 84.233373 0.083188 20.105583 0.417750 
221 3.291617 0.000000 -1.118830 88.081175 0.593475 -9.334990 0.274799 
222 2.698046 0.000000 -1.118830 87.578725 0.499916 -10.749123 0.290902 
223 3.291617 0.000000 -1.671426 87.558453 0.677085 -7.328956 0.282850 
224 3.885187 0.000000 -1.118830 87.454084 0.623077 -4.065467 0.280229 
225 3.291617 0.000000 -0.566234 91.328645 -0.029271 9.424290 0.197992 
226 2.698046 0.000000 1.644151 100.000000 0.000000 0.000000 0.000000 
227 3.885187 0.000000 1.644151 97.534492 0.030373 4.081316 0.052228 
228 2.698046 0.000000 2.749343 100.000000 0.000000 0.000000 0.000000 
229 13.382310 0.000000 7.170112 98.567366 0.008533 2.570541 0.029726 
230 18.130872 0.000000 7.170112 100.308319 0.043269 0.069941 -0.006148 
231 13.382310 0.000000 11.590882 100.000000 0.000000 0.000000 0.000000 
232 6.259468 0.000000 4.959728 100.000000 0.000000 0.000000 0.000000 
233 8.633748 0.000000 4.959728 100.000000 0.000000 0.000000 0.000000 
234 6.259468 0.000000 7.170112 100.000000 0.000000 0.000000 0.000000 
235 5.072327 0.000000 1.644151 84.028107 0.077386 20.168909 0.423507 
236 6.259468 0.000000 1.644151 86.041829 0.027674 18.190437 0.360047 
237 5.072327 0.000000 2.749343 100.000000 0.000000 0.000000 0.000000 
238 3.291617 0.000000 1.091555 82.144481 0.447773 25.494131 0.513025 
239 2.698046 0.000000 1.091555 75.360981 0.814594 26.849274 0.715635 
240 3.291617 0.000000 0.538958 81.303299 0.356443 23.988809 0.523527 
241 3.885187 0.000000 1.091555 84.006290 0.615824 26.287130 0.469145 
242 3.291617 0.000000 1.644151 100.000000 0.000000 0.000000 0.000000 
243 5.072327 0.000000 -2.776618 103.187593 -0.023487 4.770767 -0.059721 
244 5.072327 0.000000 -3.881811 100.000000 0.000000 0.000000 0.000000 
245 6.259468 0.000000 -2.776618 100.598135 -0.107275 2.776971 -0.011135 
246 11.008029 0.000000 0.538958 95.545815 -0.008975 9.424687 0.102824 
247 11.008029 0.000000 -1.671426 96.498164 -0.110305 1.327172 0.072495 
248 13.382310 0.000000 0.538958 97.878912 -0.189585 6.901794 0.048339 
249 11.008029 0.000000 2.749343 96.055399 0.390168 13.330023 0.101838 
250 7.446608 0.000000 -0.566234 84.976428 0.088112 10.879770 0.355574 
251 7.446608 0.000000 -1.671426 92.430275 -0.196132 0.794576 0.161729 
252 8.633748 0.000000 -0.566234 89.763632 -0.197006 6.497101 0.228590 
253 7.446608 0.000000 0.538958 91.620299 -0.053973 5.309511 0.183601 
254 5.665897 0.000000 -1.118830 92.192993 0.238247 -1.832631 0.167445 
255 5.072327 0.000000 -1.118830 93.558663 -1.146489 -2.366255 0.137140 
256 5.665897 0.000000 -1.671426 92.227833 0.236669 -1.801698 0.166640 
257 6.259468 0.000000 -1.118830 87.796829 0.081792 -1.460393 0.269963 
258 5.665897 0.000000 -0.566234 83.918215 0.297562 23.173450 0.446862 
259 4.478757 0.000000 1.091555 81.408268 0.150111 22.717571 0.510760 
260 4.478757 0.000000 0.538958 80.874835 0.150366 23.072555 0.527933 
261 5.072327 0.000000 1.091555 83.853079 0.083960 20.222963 0.428428 
262 4.478757 0.000000 1.644151 80.815996 0.175363 24.287170 0.539244 
263 7.446608 0.000000 1.644151 91.139367 0.010647 17.533297 0.230730 
264 8.633748 0.000000 1.644151 99.679703 -0.108226 10.942419 0.018616 
265 7.446608 0.000000 2.749343 101.877145 -0.549049 -0.339138 -0.036830 
266 5.665897 0.000000 1.091555 83.424057 0.086374 19.933948 0.437858 
267 5.665897 0.000000 0.538958 97.959733 0.083422 -12.096336 0.057244 
268 6.259468 0.000000 1.091555 86.203351 0.054587 17.702144 0.353363 
269 5.665897 0.000000 1.644151 103.412131 -0.131850 -2.281908 -0.065524 
270 18.130872 0.000000 -23.775272 100.000000 0.000000 0.000000 0.000000 
271 18.130872 0.000000 -32.616811 100.000000 0.000000 0.000000 0.000000 
272 27.627995 0.000000 -23.775272 100.000000 0.000000 0.000000 0.000000 
273 13.382310 0.000000 -10.512965 100.000000 0.000000 0.000000 0.000000 
274 13.382310 0.000000 -14.933734 100.000000 0.000000 0.000000 0.000000 
275 18.130872 0.000000 -10.512965 100.727168 0.001696 1.153776 -0.014313 
276 11.008029 0.000000 -3.881811 101.048808 -0.128224 2.686665 -0.020065 
277 11.008029 0.000000 -6.092195 101.019505 -0.019251 1.704732 -0.019910 
278 13.382310 0.000000 -3.881811 99.950508 -0.012736 1.483605 0.001211 
279 7.446608 0.000000 -2.776618 100.834099 -0.002631 3.126935 -0.015595 
280 7.446608 0.000000 -3.881811 101.866024 -0.032255 3.405199 -0.035556 
281 8.633748 0.000000 -2.776618 99.165500 -0.156844 2.657359 0.017547 
282 6.853038 0.000000 -1.118830 87.992113 0.083453 -0.350244 0.265014 
283 6.853038 0.000000 -1.671426 87.933365 0.084723 -0.356910 0.266420 
284 7.446608 0.000000 -1.118830 92.368702 -0.179601 0.426223 0.163067 
285 6.853038 0.000000 -0.566234 89.906018 -0.006463 12.672998 0.240835 
286 9.820889 0.000000 -0.566234 95.142144 -0.373140 1.445698 0.101724 
287 9.820889 0.000000 -1.671426 95.284982 -0.245448 1.060929 0.098502 
288 11.008029 0.000000 -0.566234 95.907311 -0.147509 0.813113 0.085008 
289 9.820889 0.000000 0.538958 92.024884 0.069721 11.731245 0.188014 
290 9.820889 0.000000 -2.776618 99.004926 -0.644169 0.820113 0.020199 
291 9.820889 0.000000 -3.881811 101.352859 -0.312013 3.678929 -0.025397 
292 11.008029 0.000000 -2.776618 98.684389 0.233531 0.892610 0.026725 
293 37.125118 0.000000 -6.092195 98.116297 0.124770 -3.775789 0.039843 
294 37.125118 0.000000 -14.933734 99.848432 0.006575 -0.188835 0.003039 
295 46.622241 0.000000 -6.092195 99.275009 0.049256 -1.395514 0.014798 
296 37.125118 0.000000 2.749343 101.868005 -0.091304 -4.070273 -0.035122 
297 22.879433 0.000000 -1.671426 101.038055 0.072548 -1.232097 -0.020408 
298 22.879433 0.000000 -6.092195 99.657358 -0.002337 -0.268539 0.006882 
299 27.627995 0.000000 -1.671426 100.062646 0.205254 -3.498105 -0.000025 
300 22.879433 0.000000 2.749343 104.836002 -0.051878 -9.225783 -0.084777 
301 15.756591 0.000000 0.538958 99.410594 0.023015 2.429094 0.012454 
302 15.756591 0.000000 -1.671426 100.460032 -0.171274 1.633717 -0.008894 
303 18.130872 0.000000 0.538958 99.706106 0.085474 -0.099094 0.005896 
304 15.756591 0.000000 2.749343 99.791629 0.092885 11.671226 0.018015 
305 12.195170 0.000000 -0.566234 97.341910 -0.016698 1.978367 0.054895 
306 12.195170 0.000000 -1.671426 97.373713 -0.015776 2.018513 0.054245 
307 13.382310 0.000000 -0.566234 96.973514 -0.023938 2.989028 0.063199 
308 12.195170 0.000000 0.538958 99.144415 -0.129342 6.640776 0.021785 
309 10.414459 0.000000 -1.118830 95.822346 -0.117155 0.158683 0.086763 
310 9.820889 0.000000 -1.118830 95.329897 -0.246996 1.105316 0.097539 
311 10.414459 0.000000 -1.671426 96.000978 -0.139573 1.057004 0.083048 
312 11.008029 0.000000 -1.118830 96.582516 -0.105570 1.385243 0.070719 
313 10.414459 0.000000 -0.566234 95.675344 -0.114204 -0.457754 0.089949 
314 15.756591 0.000000 -3.881811 100.087820 0.088742 1.770702 -0.001441 
315 15.756591 0.000000 -6.092195 100.203848 0.126584 0.945489 -0.003979 
316 18.130872 0.000000 -3.881811 99.803904 -0.014452 0.427115 0.003948 
317 12.195170 0.000000 -2.776618 98.098295 0.112593 -0.034654 0.038710 
318 12.195170 0.000000 -3.881811 99.977693 0.182091 1.457575 0.000662 
319 13.382310 0.000000 -2.776618 98.357485 0.085230 0.322297 0.033366 
320 10.414459 0.000000 -2.224022 96.199004 -0.147328 1.570261 0.078957 
321 9.820889 0.000000 -2.224022 95.142144 -0.373140 1.445698 0.101724 
322 10.414459 0.000000 -2.776618 99.946215 0.250359 2.952926 0.001956 
323 11.008029 0.000000 -2.224022 96.199004 -0.147328 1.570261 0.078957 
324 11.601599 0.000000 -1.118830 97.258119 0.017421 0.859144 0.056312 
325 11.601599 0.000000 -1.671426 97.452161 -0.009209 1.546125 0.052420 
326 12.195170 0.000000 -1.118830 97.370759 -0.017158 2.127398 0.054356 
327 11.601599 0.000000 -0.566234 96.987579 0.043266 0.259669 0.061936 
328 10.711244 0.000000 -1.395128 95.967315 -0.139584 0.969624 0.083751 
329 10.414459 0.000000 -1.395128 95.969365 0.214196 0.851407 0.083686 
330 10.711244 0.000000 -1.671426 95.962183 -0.140148 0.956250 0.083858 
331 11.008029 0.000000 -1.395128 96.568674 -0.102573 1.380564 0.071011 
332 10.711244 0.000000 -1.118830 95.746248 -0.113579 -0.150305 0.088400 
333 11.008029 0.000000 4.959728 100.049746 0.047638 1.080764 -0.000878 
334 13.382310 0.000000 4.959728 100.666117 0.215470 0.553261 -0.013204 
335 11.008029 0.000000 7.170112 100.000000 0.000000 0.000000 0.000000 
336 9.820889 0.000000 1.644151 93.308849 0.401043 14.793235 0.168504 
337 11.008029 0.000000 1.644151 95.856758 0.275512 10.449935 0.098365 
338 9.820889 0.000000 2.749343 100.091849 -0.033398 3.907429 -0.000311 
339 9.820889 0.000000 3.854535 100.373886 -0.091493 0.810674 -0.007385 
340 8.633748 0.000000 3.854535 97.521405 0.103767 5.283674 0.053714 
341 11.008029 0.000000 3.854535 102.291938 0.013674 -1.050059 -0.044729 
342 9.820889 0.000000 4.959728 98.380640 0.010001 3.091868 0.033879 
343 9.227319 0.000000 2.196747 94.518549 0.299789 11.618614 0.130925 
344 8.633748 0.000000 2.196747 102.624386 -0.361413 -0.465727 -0.051133 
345 9.227319 0.000000 1.644151 94.666838 0.280115 11.229342 0.126564 
346 9.820889 0.000000 2.196747 94.056276 0.388907 14.332003 0.149770 
347 9.227319 0.000000 2.749343 94.572774 0.292099 11.476261 0.129324 
348 12.195170 0.000000 1.644151 97.792925 0.303910 9.870624 0.055499 
349 13.382310 0.000000 1.644151 98.779631 0.104194 4.153769 0.026476 
350 12.195170 0.000000 2.749343 97.951547 0.324626 11.966635 0.057091 
351 10.414459 0.000000 2.196747 95.737358 0.301386 11.042434 0.102431 
352 10.414459 0.000000 1.644151 96.234958 0.231297 7.092702 0.083522 
353 11.008029 0.000000 2.196747 96.110674 0.349783 12.165851 0.097240 
354 10.414459 0.000000 2.749343 95.715700 0.301939 11.149805 0.103178 
355 7.446608 0.000000 3.854535 100.000000 0.000000 0.000000 0.000000 
356 6.259468 0.000000 3.854535 100.000000 0.000000 0.000000 0.000000 
357 7.446608 0.000000 4.959728 100.000000 0.000000 0.000000 0.000000 
358 9.227319 0.000000 3.301939 101.633527 -0.544777 -1.158189 -0.032005 
359 8.633748 0.000000 3.301939 101.429185 0.128100 -0.510916 -0.028168 
360 9.820889 0.000000 3.301939 100.166947 0.301568 2.015438 -0.002920 
361 9.227319 0.000000 3.854535 100.718264 0.061762 0.542154 -0.014238 
362 9.524104 0.000000 2.473045 94.418172 0.349932 12.974667 0.137138 
363 9.227319 0.000000 2.473045 94.531111 0.297761 11.585631 0.130553 
364 9.524104 0.000000 2.196747 94.406879 0.356324 13.084395 0.137733 
365 9.820889 0.000000 2.473045 94.041100 0.390628 14.341355 0.150147 
366 9.524104 0.000000 2.749343 93.308849 0.401043 14.793235 0.168504 
367 37.125118 0.000000 11.590882 100.162346 -0.021844 -0.445548 -0.003222 
368 46.622241 0.000000 11.590882 99.798278 -0.030768 -0.151683 0.004045 
369 37.125118 0.000000 20.432420 99.837715 -0.059645 0.377183 0.003265 
370 22.879433 0.000000 7.170112 100.038614 -0.059661 -0.349144 -0.000759 
371 27.627995 0.000000 7.170112 99.873101 -0.297792 -0.232405 0.002555 
372 22.879433 0.000000 11.590882 100.027461 -0.056039 0.321563 -0.000538 
373 15.756591 0.000000 4.959728 100.899085 0.058585 -1.056030 -0.017719 
374 18.130872 0.000000 4.959728 101.171676 -0.028221 -2.308465 -0.022657 
375 15.756591 0.000000 7.170112 100.490505 -0.081176 -0.044864 -0.009764 
376 12.195170 0.000000 3.854535 101.260294 -0.016508 -0.100030 -0.024902 
377 13.382310 0.000000 3.854535 98.781644 0.177529 13.245569 0.043042 
378 12.195170 0.000000 4.959728 101.149628 -0.132744 -0.583024 -0.022706 
379 14.569450 0.000000 -0.566234 98.180188 -0.127343 2.817731 0.037853 
380 14.569450 0.000000 -1.671426 97.898230 -0.173526 2.623157 0.043592 
381 15.756591 0.000000 -0.566234 100.469901 -0.169630 1.587655 -0.009105 
382 14.569450 0.000000 0.538958 98.606833 -0.101404 3.619204 0.029592 
383 14.569450 0.000000 -2.776618 99.421574 -0.339038 2.002990 0.012051 
384 14.569450 0.000000 -3.881811 100.082445 0.018813 1.854873 -0.001304 
385 15.756591 0.000000 -2.776618 99.361349 -0.038685 0.739412 0.012906 
386 20.505152 0.000000 0.538958 100.555355 0.198747 -0.075633 -0.011044 
387 20.505152 0.000000 -1.671426 102.126391 -0.032812 1.779582 -0.041364 
388 22.879433 0.000000 0.538958 102.172580 -0.031630 0.049040 -0.042547 
389 20.505152 0.000000 2.749343 102.498715 -0.083470 -3.550147 -0.047604 
390 16.943731 0.000000 -0.566234 100.896366 -0.128965 0.876032 -0.017698 
391 16.943731 0.000000 -1.671426 100.896366 -0.128965 0.876032 -0.017698 
392 18.130872 0.000000 -0.566234 101.253052 -0.054553 1.353574 -0.024585 
393 16.943731 0.000000 0.538958 100.279566 -0.001861 1.668252 -0.005300 
394 15.163021 0.000000 -1.118830 99.884395 -0.181614 2.269916 0.002835 
395 14.569450 0.000000 -1.118830 98.135791 -0.134203 2.787110 0.038754 
396 15.163021 0.000000 -1.671426 100.381873 -0.184889 1.998541 -0.007211 
397 15.756591 0.000000 -1.118830 100.470260 -0.169425 1.585975 -0.009112 
398 15.163021 0.000000 -0.566234 99.801654 -0.180522 2.451259 0.004582 
399 14.569450 0.000000 3.854535 99.409047 0.159361 12.399082 0.027698 
400 14.569450 0.000000 2.749343 99.421868 0.164103 11.225487 0.024557 
401 15.756591 0.000000 3.854535 99.782181 0.096433 11.704540 0.018289 
402 14.569450 0.000000 4.959728 100.210593 0.054166 0.673746 -0.004158 
403 20.505152 0.000000 4.959728 99.408816 0.090450 0.064790 0.011891 
404 22.879433 0.000000 4.959728 99.607413 0.422628 -0.268195 0.007906 
405 20.505152 0.000000 7.170112 100.414236 0.267979 -0.632398 -0.008206 
406 16.943731 0.000000 3.854535 100.308317 -0.021089 9.118300 0.002142 
407 16.943731 0.000000 2.749343 100.308317 -0.021089 9.118300 0.002142 
408 18.130872 0.000000 3.854535 101.094604 -0.100454 3.967725 -0.020137 
409 16.943731 0.000000 4.959728 100.388574 0.400088 -0.620609 -0.007689 
410 22.879433 0.000000 -10.512965 100.115556 0.071691 0.377844 -0.002294 
411 22.879433 0.000000 -14.933734 100.000000 0.000000 0.000000 0.000000 
412 27.627995 0.000000 -10.512965 99.945717 0.009796 0.118777 0.001088 
413 20.505152 0.000000 -3.881811 99.724951 -0.067064 0.119339 0.005517 
414 20.505152 0.000000 -6.092195 99.767691 -0.003038 0.165414 0.004659 
415 22.879433 0.000000 -3.881811 99.661447 -0.026447 -0.249551 0.006799 
416 19.318012 0.000000 -0.566234 101.511081 -0.033925 1.388041 -0.029602 
417 19.318012 0.000000 -1.671426 101.376286 -0.032609 1.279756 -0.027007 
418 20.505152 0.000000 -0.566234 101.909885 0.002822 1.703170 -0.037226 
419 19.318012 0.000000 0.538958 101.238446 0.135266 5.224015 -0.021838 
420 19.318012 0.000000 3.854535 101.596982 -0.082917 -0.477524 -0.031430 
421 19.318012 0.000000 2.749343 101.633335 -0.073597 -0.983775 -0.032065 
422 20.505152 0.000000 3.854535 101.993809 -0.071711 -3.913978 -0.037669 
423 19.318012 0.000000 4.959728 99.908805 -0.315663 -0.608481 0.001873 
424 32.376556 0.000000 -1.671426 106.039404 0.050484 -2.124342 -0.113272 
425 32.376556 0.000000 -6.092195 100.782682 0.023325 0.894124 -0.015459 
426 37.125118 0.000000 -1.671426 104.277065 0.052729 -0.631786 -0.081958 
427 32.376556 0.000000 2.749343 101.129525 -0.209353 -9.655089 -0.013263 
428 25.253714 0.000000 0.538958 103.238547 -0.020035 0.088248 -0.062748 
429 25.253714 0.000000 -1.671426 100.684486 0.075491 -1.960475 -0.013223 
430 27.627995 0.000000 0.538958 101.793116 -0.010315 0.230182 -0.035243 
431 25.253714 0.000000 2.749343 105.824887 0.273586 -7.530387 -0.105096 
432 21.692293 0.000000 -0.566234 102.174572 -0.044911 1.600872 -0.042345 
433 21.692293 0.000000 -1.671426 102.081691 -0.054423 1.514869 -0.040588 
434 22.879433 0.000000 -0.566234 101.119266 0.067046 -0.790260 -0.022086 
435 21.692293 0.000000 0.538958 102.471182 0.040781 -0.944524 -0.048169 
436 25.253714 0.000000 -3.881811 99.962262 -0.070833 0.243094 0.000761 
437 25.253714 0.000000 -6.092195 99.959479 0.029618 0.180305 0.000814 
438 27.627995 0.000000 -3.881811 96.316869 -0.022572 -5.076264 0.079023 
439 21.692293 0.000000 -2.776618 100.142932 0.083169 0.730496 -0.002801 
440 20.505152 0.000000 -2.776618 99.884192 -0.143602 0.675646 0.002367 
441 21.692293 0.000000 -3.881811 99.917586 0.047463 0.396101 0.001666 
442 22.879433 0.000000 -2.776618 100.212706 -0.094189 0.592443 -0.004210 
443 21.098722 0.000000 -1.118830 102.292673 -0.032816 1.710227 -0.044572 
444 20.505152 0.000000 -1.118830 102.137800 -0.030610 1.975906 -0.041514 
445 21.098722 0.000000 -1.671426 102.300270 -0.032038 1.717262 -0.044715 
446 21.692293 0.000000 -1.118830 102.151418 -0.047282 1.579433 -0.041907 
447 21.098722 0.000000 -0.566234 102.281311 -0.033980 1.699707 -0.044358 
448 19.318012 0.000000 -2.776618 99.826154 0.018657 0.572559 0.003516 
449 18.130872 0.000000 -2.776618 99.798247 -0.059240 0.622300 0.004082 
450 19.318012 0.000000 -3.881811 99.566573 0.013308 -0.050062 0.008704 
451 21.098722 0.000000 -2.224022 99.680736 0.114191 0.213857 0.006410 
452 20.505152 0.000000 -2.224022 100.875826 0.121580 2.093110 -0.016942 
453 21.098722 0.000000 -2.776618 99.812297 -0.129588 0.281451 0.003770 
454 21.692293 0.000000 -2.224022 99.979489 0.040331 0.463425 0.000432 
455 24.066573 0.000000 -0.566234 100.314425 0.021442 -1.913761 -0.005907 
456 24.066573 0.000000 -1.671426 99.673518 0.012129 -2.634090 0.007250 
457 25.253714 0.000000 -0.566234 100.340119 0.058155 -2.225226 -0.006290 
458 24.066573 0.000000 0.538958 101.855385 -0.037606 0.082921 -0.036449 
459 22.285863 0.000000 -1.118830 101.696479 -0.001262 1.077820 -0.033269 
460 22.285863 0.000000 -1.671426 101.615294 0.011010 0.774256 -0.031751 
461 22.879433 0.000000 -1.118830 101.056640 0.079424 -0.924709 -0.020837 
462 22.285863 0.000000 -0.566234 101.598019 0.013508 0.731922 -0.031422 
463 21.395508 0.000000 -1.395128 102.287924 -0.033302 1.705830 -0.044483 
464 21.098722 0.000000 -1.395128 102.299548 -0.032112 1.716594 -0.044702 
465 21.395508 0.000000 -1.671426 102.291809 -0.032905 1.709427 -0.044556 
466 21.692293 0.000000 -1.395128 102.142207 -0.048226 1.570904 -0.041733 
467 21.395508 0.000000 -1.118830 102.282077 -0.033901 1.700416 -0.044373 
468 19.911582 0.000000 -1.118830 101.748521 -0.000040 1.688505 -0.034115 
469 19.318012 0.000000 -1.118830 101.399631 -0.032837 1.298510 -0.027457 
470 19.911582 0.000000 -1.671426 101.980924 -0.038511 1.765480 -0.038573 
471 19.911582 0.000000 -0.566234 101.671428 0.012748 1.635091 -0.032640 
472 20.801937 0.000000 -1.395128 102.320650 -0.025200 1.798414 -0.045078 
473 20.505152 0.000000 -1.395128 102.131845 -0.032598 1.780111 -0.041469 
474 20.801937 0.000000 -1.671426 102.395778 -0.022257 1.805697 -0.046511 
475 20.801937 0.000000 -1.118830 102.333481 -0.024698 1.799658 -0.045323 
476 21.692293 0.000000 1.644151 100.959311 -0.093575 -0.920872 -0.018928 
477 20.505152 0.000000 1.644151 100.555355 0.198747 -0.075633 -0.011044 
478 22.879433 0.000000 1.644151 102.172580 -0.031630 0.049040 -0.042547 
479 21.692293 0.000000 2.749343 102.603558 -0.010921 -6.224536 -0.047173 
480 21.098722 0.000000 -0.013638 101.308456 0.047754 0.836001 -0.025775 
481 20.505152 0.000000 -0.013638 100.555355 0.198747 -0.075633 -0.011044 
482 21.692293 0.000000 -0.013638 101.057739 0.118588 -1.005674 -0.020842 
483 21.098722 0.000000 0.538958 100.285507 0.142478 -0.070557 -0.005692 
484 21.395508 0.000000 -0.842532 102.277861 -0.034333 1.696512 -0.044293 
485 21.098722 0.000000 -0.842532 102.283678 -0.033737 1.701898 -0.044403 
486 21.692293 0.000000 -0.842532 102.156208 -0.046792 1.583868 -0.041998 
487 21.395508 0.000000 -0.566234 102.277798 -0.034340 1.696454 -0.044292 
488 21.247115 0.000000 -1.256979 102.289115 -0.033181 1.706933 -0.044505 
489 21.098722 0.000000 -1.256979 102.297053 -0.032368 1.714283 -0.044655 
490 21.247115 0.000000 -1.395128 102.292196 -0.032865 1.709786 -0.044563 
491 21.395508 0.000000 -1.256979 102.285102 -0.033591 1.703217 -0.044430 
492 21.247115 0.000000 -1.118830 102.285299 -0.033571 1.703400 -0.044433 
493 20.801937 0.000000 -0.842532 102.066426 -0.001594 1.739078 -0.040226 
494 20.505152 0.000000 -0.842532 101.935062 -0.000852 1.720579 -0.037705 
495 20.801937 0.000000 -0.566234 102.000546 0.003737 1.715941 -0.038967 
496 20.950330 0.000000 -1.256979 102.395778 -0.022257 1.805697 -0.046511 
497 20.801937 0.000000 -1.256979 102.333555 -0.024695 1.799665 -0.045325 
498 20.950330 0.000000 -1.395128 102.395778 -0.022257 1.805697 -0.046511 
499 20.950330 0.000000 -1.118830 102.395778 -0.022257 1.805697 -0.046511 
500 21.247115 0.000000 -0.980681 102.281684 -0.033942 1.700052 -0.044365 
501 21.098722 0.000000 -0.980681 102.287587 -0.033337 1.705518 -0.044477 
502 21.395508 0.000000 -0.980681 102.279472 -0.034168 1.698004 -0.044324 
503 21.247115 0.000000 -0.842532 102.279301 -0.034186 1.697845 -0.044320 
504 21.172919 0.000000 -1.187905 102.290484 -0.033040 1.708200 -0.044531 
505 21.098722 0.000000 -1.187905 102.295061 -0.032572 1.712439 -0.044617 
506 21.172919 0.000000 -1.256979 102.292458 -0.032838 1.710028 -0.044568 
507 21.247115 0.000000 -1.187905 102.287253 -0.033371 1.705209 -0.044470 
508 21.172919 0.000000 -1.118830 102.288303 -0.033264 1.706181 -0.044490 
509 32.376556 0.000000 7.170112 99.718080 0.017046 -0.050948 0.005654 
510 37.125118 0.000000 7.170112 100.388867 -0.111154 -1.417456 -0.007549 
511 32.376556 0.000000 11.590882 99.911210 -0.090830 -0.025216 0.001778 
512 25.253714 0.000000 4.959728 99.467503 0.434039 0.017026 0.010723 
513 27.627995 0.000000 4.959728 99.433146 -0.015057 -0.289107 0.011406 
514 25.253714 0.000000 7.170112 99.809036 -0.176232 -0.129641 0.003831 
515 21.692293 0.000000 3.854535 102.722800 0.057323 -6.477329 -0.049150 
516 22.879433 0.000000 3.854535 105.395007 -0.006750 -9.662034 -0.094252 
517 21.692293 0.000000 4.959728 99.708160 -0.348576 -0.630682 0.005905 
518 24.066573 0.000000 -2.776618 99.862757 0.026379 0.306121 0.002758 
519 24.066573 0.000000 -3.881811 100.171457 0.068252 0.624441 -0.003384 
520 25.253714 0.000000 -2.776618 99.342869 0.091541 -1.006924 0.013328 
521 22.285863 0.000000 -2.224022 99.881676 -0.136357 0.189502 0.002375 
522 22.285863 0.000000 -2.776618 100.199134 0.104463 0.838779 -0.003904 
523 22.879433 0.000000 -2.224022 99.793168 -0.040585 0.104797 0.004146 
524 21.989078 0.000000 -1.395128 101.977339 -0.040525 1.496003 -0.038587 
525 21.989078 0.000000 -1.671426 101.976136 -0.040365 1.495785 -0.038564 
526 22.285863 0.000000 -1.395128 101.607960 0.012071 0.756283 -0.031611 
527 21.989078 0.000000 -1.118830 102.037552 -0.039401 1.535808 -0.039734 
528 24.066573 0.000000 3.854535 99.205303 0.778746 -0.748203 0.016132 
529 24.066573 0.000000 2.749343 106.497251 0.229331 -8.582850 -0.115601 
530 25.253714 0.000000 3.854535 100.233965 -0.231747 -3.158483 -0.003672 
531 24.066573 0.000000 4.959728 99.595728 -0.565439 -0.569132 0.008181 
532 22.285863 0.000000 3.301939 103.544946 -0.090708 -7.636705 -0.063205 
533 21.692293 0.000000 3.301939 102.723490 0.057718 -6.478792 -0.049161 
534 22.285863 0.000000 2.749343 103.594077 -0.071980 -7.833819 -0.063852 
535 22.879433 0.000000 3.301939 104.757820 -0.068548 -9.407338 -0.083046 
536 22.285863 0.000000 3.854535 103.561218 -0.067658 -7.771393 -0.063323 
537 21.098722 0.000000 3.301939 102.546528 -0.043560 -6.103633 -0.046222 
538 20.505152 0.000000 3.301939 102.336248 -0.077016 -3.549516 -0.044501 
539 21.098722 0.000000 2.749343 102.550834 -0.041096 -6.112762 -0.046294 
540 21.098722 0.000000 3.854535 102.519233 -0.059182 -6.045768 -0.045765 
541 -48.348991 0.000000 214.946266 100.000000 0.000000 0.000000 0.000000 
542 -124.325976 0.000000 214.946266 100.000000 0.000000 0.000000 0.000000 
543 27.627995 0.000000 214.946266 100.000000 0.000000 0.000000 0.000000 
544 -48.348991 0.000000 285.678573 100.000000 0.000000 0.000000 0.000000 
545 -10.360498 0.000000 108.847804 100.000000 0.000000 0.000000 0.000000 
546 -48.348991 0.000000 108.847804 100.000000 0.000000 0.000000 0.000000 
547 27.627995 0.000000 108.847804 100.000000 0.000000 0.000000 0.000000 
548 -10.360498 0.000000 144.213958 100.000000 0.000000 0.000000 0.000000 
549 8.633748 0.000000 55.798574 100.000000 0.000000 0.000000 0.000000 
550 -10.360498 0.000000 55.798574 100.000000 0.000000 0.000000 0.000000 
551 27.627995 0.000000 55.798574 100.000000 0.000000 0.000000 0.000000 
552 8.633748 0.000000 73.481651 100.000000 0.000000 0.000000 0.000000 
553 18.130872 0.000000 29.273958 100.000000 0.000000 0.000000 0.000000 
554 8.633748 0.000000 29.273958 100.000000 0.000000 0.000000 0.000000 
555 27.627995 0.000000 29.273958 100.000000 0.000000 0.000000 0.000000 
556 18.130872 0.000000 38.115497 100.000000 0.000000 0.000000 0.000000 
557 22.879433 0.000000 16.011651 100.000000 0.000000 0.000000 0.000000 
558 18.130872 0.000000 16.011651 100.000000 0.000000 0.000000 0.000000 
559 27.627995 0.000000 16.011651 98.996389 0.045134 1.664566 0.020547 
560 22.879433 0.000000 20.432420 100.000000 0.000000 0.000000 0.000000 
561 20.505152 0.000000 9.380497 100.730697 0.091612 -0.627235 -0.014473 
562 18.130872 0.000000 9.380497 99.316246 0.022028 1.447878 0.013977 
563 22.879433 0.000000 9.380497 100.698716 0.019603 -0.976126 -0.013788 
564 20.505152 0.000000 11.590882 98.660273 0.004751 2.242939 0.027654 
565 21.692293 0.000000 6.064920 99.565182 -0.037198 0.065778 0.008733 
566 20.505152 0.000000 6.064920 100.352605 -0.019770 -0.990363 -0.006931 
567 22.879433 0.000000 6.064920 100.011501 -0.150339 -0.565259 -0.000196 
568 21.692293 0.000000 7.170112 100.849863 -0.024545 -1.500766 -0.016640 
569 22.285863 0.000000 4.407132 99.351094 0.597365 0.036104 0.013094 
570 21.692293 0.000000 4.407132 99.524323 0.533554 -1.040114 0.009695 
571 22.879433 0.000000 4.407132 99.652971 -0.711418 -1.430833 0.007221 
572 22.285863 0.000000 4.959728 100.813937 0.294353 -2.766456 -0.015397 
573 21.989078 0.000000 3.578237 102.896034 0.025068 -6.670658 -0.052212 
574 21.692293 0.000000 3.578237 102.718148 0.054661 -6.467468 -0.049073 
575 21.989078 0.000000 3.301939 102.920491 0.018476 -6.695255 -0.052646 
576 22.285863 0.000000 3.578237 103.433308 -0.069265 -7.452458 -0.061359 
577 21.989078 0.000000 3.854535 102.987976 0.040165 -6.815907 -0.053777 
578 23.473003 0.000000 -1.118830 100.578508 0.072646 -1.713930 -0.011217 
579 23.473003 0.000000 -1.671426 100.045509 0.073663 -2.304160 -0.000379 
580 24.066573 0.000000 -1.118830 99.798010 0.034902 -2.502495 0.004678 
581 23.473003 0.000000 -0.566234 100.706691 0.059076 -1.526582 -0.013810 
582 24.066573 0.000000 1.644151 101.985012 -0.025469 0.074116 -0.038946 
583 25.253714 0.000000 1.644151 103.238547 -0.020035 0.088248 -0.062748 
584 23.473003 0.000000 3.301939 106.096049 0.102227 -9.184485 -0.107610 
585 23.473003 0.000000 2.749343 106.058862 0.105120 -9.093601 -0.107087 
586 24.066573 0.000000 3.301939 106.517701 0.226250 -8.478987 -0.116107 
587 23.473003 0.000000 3.854535 106.427205 0.167192 -8.778204 -0.114087 
588 30.002275 0.000000 0.538958 103.940963 0.012855 0.314178 -0.075804 
589 30.002275 0.000000 -1.671426 103.386868 0.166962 -3.265418 -0.064557 
590 32.376556 0.000000 0.538958 105.028076 -0.079475 0.017826 -0.095638 
591 30.002275 0.000000 2.749343 104.484961 -0.015385 -9.983480 -0.077029 
592 26.440854 0.000000 -0.566234 100.488609 -0.057692 -2.200297 -0.009249 
593 26.440854 0.000000 -1.671426 100.374541 -0.071986 -2.652268 -0.006768 
594 27.627995 0.000000 -0.566234 100.183068 0.168380 -2.938890 -0.002793 
595 26.440854 0.000000 0.538958 102.044868 -0.010908 0.190527 -0.040093 
596 103.604980 0.000000 -209.447580 100.000000 0.000000 0.000000 0.000000 
597 103.604980 0.000000 -280.179887 100.000000 0.000000 0.000000 0.000000 
598 179.581965 0.000000 -209.447580 100.000000 0.000000 0.000000 0.000000 
599 65.616487 0.000000 -103.349118 100.000000 0.000000 0.000000 0.000000 
600 65.616487 0.000000 -138.715272 100.000000 0.000000 0.000000 0.000000 
601 103.604980 0.000000 -103.349118 100.000000 0.000000 0.000000 0.000000 
602 46.622241 0.000000 -50.299888 100.000000 0.000000 0.000000 0.000000 
603 46.622241 0.000000 -67.982965 100.000000 0.000000 0.000000 0.000000 
604 65.616487 0.000000 -50.299888 100.000000 0.000000 0.000000 0.000000 
605 37.125118 0.000000 -23.775272 100.000000 0.000000 0.000000 0.000000 
606 37.125118 0.000000 -32.616811 100.000000 0.000000 0.000000 0.000000 
607 46.622241 0.000000 -23.775272 99.871093 -0.002892 -0.163493 0.002584 
608 32.376556 0.000000 -10.512965 99.987097 0.018260 0.070713 0.000259 
609 32.376556 0.000000 -14.933734 99.874502 0.010576 -0.100827 0.002514 
610 37.125118 0.000000 -10.512965 101.679643 -0.003781 2.540521 -0.032439 
611 30.002275 0.000000 -3.881811 102.171383 0.018206 1.993216 -0.042152 
612 30.002275 0.000000 -6.092195 97.328739 0.021582 -4.528665 0.056964 
613 32.376556 0.000000 -3.881811 100.385011 -0.053559 -4.163569 -0.005955 
614 26.440854 0.000000 -2.776618 99.763690 -0.087538 0.075149 0.004738 
615 26.440854 0.000000 -3.881811 99.569934 0.051305 -0.405275 0.008653 
616 27.627995 0.000000 -2.776618 104.384228 0.065927 0.407114 -0.083940 
617 25.847284 0.000000 -1.118830 100.385068 -0.010412 -2.333482 -0.007135 
618 25.253714 0.000000 -1.118830 99.991002 0.081595 -2.509213 0.000811 
619 25.847284 0.000000 -1.671426 100.535924 -0.010921 -2.205451 -0.010185 
620 26.440854 0.000000 -1.118830 100.327932 -0.063891 -2.434895 -0.005950 
621 25.847284 0.000000 -0.566234 100.561891 -0.011008 -2.183413 -0.010709 
622 30.002275 0.000000 4.959728 99.890319 0.165816 -1.018804 0.002303 
623 32.376556 0.000000 4.959728 100.740520 0.194333 -2.480320 -0.014100 
624 30.002275 0.000000 7.170112 99.887991 -0.079257 -0.345236 0.002255 
625 26.440854 0.000000 3.854535 98.945439 0.238667 -1.163642 0.021445 
626 26.440854 0.000000 2.749343 105.923240 0.213298 -8.810711 -0.105091 
627 27.627995 0.000000 3.854535 99.390998 -0.211864 -1.519310 0.012489 
628 26.440854 0.000000 4.959728 100.020750 -0.171239 -1.407040 -0.000214 
629 26.440854 0.000000 1.644151 102.043107 -0.010895 0.190678 -0.040060 
630 27.627995 0.000000 1.644151 105.702527 0.025076 -3.860426 -0.106443 
631 25.847284 0.000000 3.301939 106.101720 0.255319 -8.518096 -0.108695 
632 25.253714 0.000000 3.301939 106.128137 0.308608 -8.429879 -0.109287 
633 25.847284 0.000000 2.749343 105.640683 0.210980 -7.132275 -0.102300 
634 26.440854 0.000000 3.301939 105.954525 0.211165 -8.799958 -0.105665 
635 25.847284 0.000000 3.854535 98.628301 0.028424 -0.258753 0.027793 
636 28.815135 0.000000 -0.566234 104.103548 -0.080126 -2.242207 -0.078364 
637 28.815135 0.000000 -1.671426 104.173434 -0.087794 -2.637973 -0.079479 
638 30.002275 0.000000 -0.566234 103.861457 0.077553 -1.614008 -0.074112 
639 28.815135 0.000000 0.538958 103.631529 -0.028338 0.430825 -0.070066 
640 28.815135 0.000000 1.644151 103.631529 -0.028338 0.430825 -0.070066 
641 30.002275 0.000000 1.644151 104.130394 -0.013681 -6.633585 -0.075405 
642 28.815135 0.000000 2.749343 104.647848 0.012470 -7.326053 -0.084080 
643 28.815135 0.000000 -2.776618 97.439406 -0.107551 -0.215864 0.052436 
644 28.815135 0.000000 -3.881811 98.108133 0.034186 -2.536740 0.039185 
645 30.002275 0.000000 -2.776618 95.969930 0.140984 -6.516856 0.088352 
646 255.558951 0.000000 -67.982965 100.002803 0.000920 -0.016089 -0.000056 
647 255.558951 0.000000 -138.715272 99.861348 -0.109516 -0.229851 0.002783 
648 331.535936 0.000000 -67.982965 100.000752 0.003306 -0.020867 -0.000015 
649 255.558951 0.000000 2.749343 100.000131 -0.007130 -1.604888 0.000255 
650 141.593473 0.000000 -32.616811 100.008232 -0.002809 -0.076594 -0.000164 
651 141.593473 0.000000 -67.982965 99.778601 0.203812 -0.376446 0.004456 
652 179.581965 0.000000 -32.616811 100.003895 0.009789 -0.081130 -0.000077 
653 141.593473 0.000000 2.749343 100.001830 -0.009097 -1.605798 0.000221 
654 84.610734 0.000000 -14.933734 100.062206 0.016703 -0.280316 -0.001236 
655 84.610734 0.000000 -32.616811 99.703916 -0.042828 -0.514421 0.005965 
656 103.604980 0.000000 -14.933734 100.017902 0.024085 -0.300213 -0.000349 
657 84.610734 0.000000 2.749343 100.048643 0.001087 -1.601452 -0.000716 
658 56.119364 0.000000 -6.092195 100.992674 0.035495 0.333264 -0.019655 
659 56.119364 0.000000 -14.933734 99.348371 0.045912 -1.218856 0.013264 
660 65.616487 0.000000 -6.092195 100.807809 0.026901 -0.326965 -0.016022 
661 56.119364 0.000000 2.749343 100.501333 -0.037892 -2.265339 -0.009473 
662 41.873679 0.000000 -1.671426 103.991231 0.018924 -0.768502 -0.076688 
663 41.873679 0.000000 -6.092195 98.063229 0.077052 -3.607268 0.040812 
664 46.622241 0.000000 -1.671426 101.700476 0.001143 3.687637 -0.032162 
665 41.873679 0.000000 2.749343 101.075229 -0.019156 -2.712169 -0.020571 
666 34.750837 0.000000 0.538958 100.963275 -0.020802 -0.038628 -0.019089 
667 34.750837 0.000000 -1.671426 106.809011 -0.054039 1.739107 -0.126822 
668 37.125118 0.000000 0.538958 104.533482 0.011653 -5.573300 -0.083965 
669 34.750837 0.000000 2.749343 98.026153 -0.142000 1.868643 0.040575 
670 31.189416 0.000000 -0.566234 104.947023 0.073530 -2.854892 -0.093475 
671 31.189416 0.000000 -1.671426 104.944441 0.074544 -2.843440 -0.093434 
672 32.376556 0.000000 -0.566234 105.960463 0.007074 -1.513320 -0.112066 
673 31.189416 0.000000 0.538958 108.343729 0.272576 -13.042429 -0.139847 
674 29.408705 0.000000 -1.118830 102.800629 0.189196 -2.981676 -0.053683 
675 28.815135 0.000000 -1.118830 103.497558 -0.032563 -3.314874 -0.066599 
676 29.408705 0.000000 -1.671426 103.113746 0.119706 -2.879650 -0.059650 
677 30.002275 0.000000 -1.118830 103.551927 0.127135 -2.501386 -0.068038 
678 29.408705 0.000000 -0.566234 103.405925 0.087873 -2.007868 -0.065515 
679 31.189416 0.000000 1.644151 103.343550 -0.109514 -9.590931 -0.056334 
680 32.376556 0.000000 1.644151 105.630816 -0.072792 -8.601750 -0.100163 
681 31.189416 0.000000 2.749343 103.368028 -0.147345 -9.467708 -0.057013 
682 28.815135 0.000000 3.854535 99.717659 0.320808 -1.773035 0.005989 
683 30.002275 0.000000 3.854535 100.322151 -0.275291 -2.039487 -0.006004 
684 28.815135 0.000000 4.959728 100.711544 0.018959 -2.287299 -0.013622 
685 29.408705 0.000000 2.196747 105.085569 -0.009467 -7.934418 -0.091258 
686 28.815135 0.000000 2.196747 105.174720 0.030443 -7.064187 -0.094000 
687 29.408705 0.000000 1.644151 104.725854 -0.005172 -6.785045 -0.086174 
688 30.002275 0.000000 2.196747 104.409457 -0.015399 -9.978036 -0.075640 
689 29.408705 0.000000 2.749343 105.041672 -0.005702 -9.910462 -0.087400 
690 34.750837 0.000000 -3.881811 95.137101 -0.093441 -10.086781 0.113288 
691 34.750837 0.000000 -6.092195 101.496493 0.031351 1.720228 -0.029219 
692 37.125118 0.000000 -3.881811 99.565294 0.079919 -4.250544 0.010562 
693 31.189416 0.000000 -2.776618 101.950875 -0.224295 -4.197038 -0.036619 
694 31.189416 0.000000 -3.881811 99.455787 0.028428 -2.944308 0.011821 
695 32.376556 0.000000 -2.776618 96.261759 0.192468 -9.197306 0.086783 
696 33.563697 0.000000 -0.566234 105.314133 -0.140052 -0.329698 -0.100764 
697 33.563697 0.000000 -1.671426 105.314133 -0.140052 -0.329698 -0.100764 
698 34.750837 0.000000 -0.566234 105.388569 -0.113591 1.427925 -0.101932 
699 33.563697 0.000000 0.538958 106.030817 0.017217 -9.909285 -0.105283 
700 31.782986 0.000000 -1.118830 105.688416 0.021696 -2.361613 -0.106976 
701 31.189416 0.000000 -1.118830 104.930201 0.080133 -2.780280 -0.093207 
702 31.782986 0.000000 -1.671426 105.736726 0.020093 -2.274934 -0.107867 
703 32.376556 0.000000 -1.118830 106.078773 0.046474 -1.904313 -0.114039 
704 31.782986 0.000000 -0.566234 105.612571 0.000963 -1.804818 -0.105824 
705 255.558951 0.000000 73.481651 99.998080 -0.004108 -0.013959 0.000038 
706 331.535936 0.000000 73.481651 99.999361 -0.002525 -0.017131 0.000013 
707 255.558951 0.000000 144.213958 100.017514 -0.018730 -0.030721 -0.000350 
708 141.593473 0.000000 38.115497 100.000958 -0.010966 -0.058207 -0.000019 
709 179.581965 0.000000 38.115497 99.998000 -0.010253 -0.057116 0.000040 
710 141.593473 0.000000 73.481651 100.061087 -0.010204 -0.108192 -0.001220 
711 84.610734 0.000000 20.432420 100.063032 -0.062083 -0.305297 -0.001250 
712 103.604980 0.000000 20.432420 100.036481 -0.014722 -0.222526 -0.000724 
713 84.610734 0.000000 38.115497 100.059394 0.004644 -0.130225 -0.001186 
714 56.119364 0.000000 11.590882 100.243247 -0.001746 -0.625711 -0.004815 
715 65.616487 0.000000 11.590882 99.544202 -0.026494 0.555383 0.009186 
716 56.119364 0.000000 20.432420 100.050574 0.035204 -0.179963 -0.001008 
717 41.873679 0.000000 7.170112 100.614969 -0.035918 -1.463295 -0.012017 
718 46.622241 0.000000 7.170112 100.432232 0.000793 -1.130689 -0.008483 
719 41.873679 0.000000 11.590882 100.292870 -0.052120 -0.725690 -0.005789 
720 34.750837 0.000000 4.959728 100.063219 0.124796 -0.644258 -0.001221 
721 37.125118 0.000000 4.959728 99.673453 0.023867 -1.081132 0.006669 
722 34.750837 0.000000 7.170112 100.251234 -0.088768 -0.976820 -0.004917 
723 33.563697 0.000000 1.644151 104.211441 -0.119523 -7.174850 -0.076240 
724 34.750837 0.000000 1.644151 104.895184 -0.041867 -7.165034 -0.088801 
725 33.563697 0.000000 2.749343 98.274858 0.020860 0.586757 0.035095 
726 31.189416 0.000000 3.854535 100.148937 0.053923 -2.610985 -0.002295 
727 32.376556 0.000000 3.854535 101.691402 0.199540 -4.351012 -0.031474 
728 31.189416 0.000000 4.959728 100.181569 -0.158381 -1.486006 -0.003403 
729 31.782986 0.000000 2.196747 104.471843 -0.039162 -8.961699 -0.078500 
730 31.189416 0.000000 2.196747 103.352341 -0.123101 -9.546675 -0.056578 
731 31.782986 0.000000 1.644151 104.533525 -0.058861 -7.400397 -0.081887 
732 32.376556 0.000000 2.196747 105.606194 -0.067532 -9.805607 -0.097831 
733 31.782986 0.000000 2.749343 101.095414 -0.269546 -4.889969 -0.019353 
734 33.563697 0.000000 -2.776618 97.324497 0.070126 -10.066953 0.065842 
735 33.563697 0.000000 -3.881811 98.861040 0.192719 -5.398692 0.026044 
736 34.750837 0.000000 -2.776618 95.072523 -0.041934 -12.330223 0.120570 
737 32.970126 0.000000 -1.118830 106.338453 -0.084097 -1.107163 -0.118790 
738 32.970126 0.000000 -1.671426 106.312377 -0.064540 -1.219496 -0.118312 
739 33.563697 0.000000 -1.118830 104.624573 -0.156870 0.062382 -0.088333 
740 32.970126 0.000000 -0.566234 106.065498 -0.053391 -0.891676 -0.114040 
741 33.563697 0.000000 3.854535 102.819909 -0.159740 -7.828117 -0.049207 
742 34.750837 0.000000 3.854535 101.580007 -0.056745 -3.386668 -0.030027 
743 33.563697 0.000000 4.959728 100.382823 -0.185599 -2.127827 -0.007177 
744 32.970126 0.000000 2.196747 103.169693 -0.065570 -7.464123 -0.056369 
745 32.970126 0.000000 1.644151 103.593408 -0.072143 -6.936971 -0.065038 
746 33.563697 0.000000 2.196747 104.213971 -0.119605 -7.175878 -0.076285 
747 32.970126 0.000000 2.749343 98.778794 -0.108229 0.235642 0.024711 
748 39.499399 0.000000 0.538958 106.741415 -0.000487 -8.001087 -0.120683 
749 39.499399 0.000000 -1.671426 104.641460 -0.005719 0.972467 -0.088561 
750 41.873679 0.000000 0.538958 108.332562 0.015868 -14.146688 -0.137288 
751 39.499399 0.000000 2.749343 100.195869 0.049651 -2.308111 -0.003380 
752 35.937977 0.000000 -0.566234 105.995774 0.013337 2.850179 -0.112203 
753 35.937977 0.000000 -1.671426 105.995749 0.013415 2.849934 -0.112203 
754 37.125118 0.000000 -0.566234 106.636619 0.079793 3.090971 -0.123304 
755 35.937977 0.000000 0.538958 103.817517 0.135124 -1.068068 -0.073428 
756 34.157267 0.000000 -1.118830 105.765593 0.025735 0.946772 -0.108738 
757 34.157267 0.000000 -1.671426 106.036074 -0.000373 1.043405 -0.113498 
758 34.750837 0.000000 -1.118830 106.892715 -0.124814 2.175128 -0.128129 
759 34.157267 0.000000 -0.566234 104.571157 -0.006958 0.727484 -0.087318 
760 41.873679 0.000000 -10.512965 99.106603 0.005066 -1.512835 0.018253 
761 41.873679 0.000000 -14.933734 100.149856 0.012284 0.291594 -0.002984 
762 46.622241 0.000000 -10.512965 99.150105 0.022541 -1.607594 0.017399 
763 39.499399 0.000000 -3.881811 97.050125 0.087979 -6.701431 0.065504 
764 39.499399 0.000000 -6.092195 98.791862 0.001353 -2.977990 0.025355 
765 41.873679 0.000000 -3.881811 98.273730 -0.052622 -3.386556 0.036288 
766 35.937977 0.000000 -2.776618 99.502812 -0.137641 -4.649744 0.012189 
767 35.937977 0.000000 -3.881811 98.105488 -0.050034 -5.464352 0.041718 
768 37.125118 0.000000 -2.776618 99.714435 0.011031 -6.662498 0.010217 
769 34.157267 0.000000 -2.224022 94.988932 0.111637 -12.659380 0.123394 
770 33.563697 0.000000 -2.224022 99.724585 -0.102584 -5.719640 0.008829 
771 34.157267 0.000000 -2.776618 97.223534 -0.064243 -6.472782 0.061502 
772 34.750837 0.000000 -2.224022 98.828277 -0.171249 -5.972714 0.027393 
773 33.860482 0.000000 -1.395128 105.735123 0.010619 0.561540 -0.108247 
774 33.563697 0.000000 -1.395128 104.737925 -0.154106 -0.002069 -0.090392 
775 33.860482 0.000000 -1.671426 105.295986 -0.073849 0.217285 -0.100446 
776 34.157267 0.000000 -1.395128 106.142963 0.034869 1.039393 -0.115378 
777 33.860482 0.000000 -1.118830 105.935364 0.069750 0.788367 -0.111762 
778 35.937977 0.000000 1.644151 104.432321 -0.021866 -7.728348 -0.079588 
779 37.125118 0.000000 1.644151 104.798028 -0.059570 -7.568170 -0.086512 
780 35.937977 0.000000 2.749343 102.822499 0.140023 -6.241560 -0.051324 
781 34.157267 0.000000 2.196747 104.398311 -0.061106 -8.187498 -0.078315 
782 34.157267 0.000000 1.644151 104.188232 -0.067094 -7.711340 -0.075102 
783 34.750837 0.000000 2.196747 105.051973 -0.029701 -7.440399 -0.091304 
784 34.157267 0.000000 2.749343 102.052263 0.086963 -8.888301 -0.032759 
785 34.157267 0.000000 1.091555 102.837608 -0.021155 -4.946345 -0.052951 
786 33.563697 0.000000 1.091555 103.577449 -0.099162 -6.917230 -0.064763 
787 34.157267 0.000000 0.538958 100.972203 -0.024381 -0.042436 -0.019264 
788 34.750837 0.000000 1.091555 103.733232 -0.035755 -5.685028 -0.069075 
789 33.860482 0.000000 1.920449 104.415158 -0.094621 -8.021956 -0.078863 
790 33.563697 0.000000 1.920449 104.381753 -0.124993 -7.244055 -0.079295 
791 33.860482 0.000000 1.644151 104.264156 -0.100009 -7.593765 -0.076666 
792 34.157267 0.000000 1.920449 104.222479 -0.070333 -7.747345 -0.075686 
793 33.860482 0.000000 2.196747 104.743001 -0.099433 -8.450505 -0.084271 
794 35.344407 0.000000 -1.118830 106.631258 0.034713 2.378422 -0.123529 
795 35.344407 0.000000 -1.671426 106.704437 -0.016982 2.374970 -0.124800 
796 35.937977 0.000000 -1.118830 105.816514 0.014464 2.871321 -0.109025 
797 35.344407 0.000000 -0.566234 106.704437 -0.016982 2.374970 -0.124800 
798 39.499399 0.000000 4.959728 102.408264 0.008768 -4.767576 -0.044933 
799 41.873679 0.000000 4.959728 100.045326 -0.030581 -1.133100 -0.000778 
800 39.499399 0.000000 7.170112 100.100728 -0.000628 -1.104156 -0.001891 
801 35.937977 0.000000 3.854535 102.393891 -0.013016 -6.112651 -0.043288 
802 37.125118 0.000000 3.854535 101.267592 0.076321 -2.746845 -0.024318 
803 35.937977 0.000000 4.959728 100.027335 -0.004307 -1.934695 -0.000172 
804 35.344407 0.000000 2.196747 106.004947 -0.078314 -7.789806 -0.107975 
805 35.344407 0.000000 1.644151 106.228220 -0.090761 -8.062574 -0.111574 
806 35.937977 0.000000 2.196747 104.466868 -0.003232 -7.672375 -0.080301 
807 35.344407 0.000000 2.749343 101.108229 -0.018690 -2.177992 -0.021471 
808 35.344407 0.000000 -2.224022 96.683574 0.125300 -9.895416 0.079177 
809 35.344407 0.000000 -2.776618 97.685485 0.089041 -8.170130 0.054447 
810 35.937977 0.000000 -2.224022 98.694732 0.100372 -6.822857 0.031273 
811 38.312258 0.000000 -0.566234 105.954620 0.024945 2.521649 -0.111624 
812 38.312258 0.000000 -1.671426 106.043951 0.023941 2.372331 -0.113260 
813 39.499399 0.000000 -0.566234 104.648139 -0.005595 0.965275 -0.088683 
814 38.312258 0.000000 0.538958 103.838772 0.010267 -1.193676 -0.073798 
815 36.531548 0.000000 -1.118830 106.413467 -0.031900 3.052231 -0.119436 
816 36.531548 0.000000 -1.671426 106.333124 -0.014683 3.040219 -0.118038 
817 37.125118 0.000000 -1.118830 106.643533 0.070035 3.084401 -0.123428 
818 36.531548 0.000000 -0.566234 106.585576 -0.003987 3.086455 -0.122419 
819 35.641192 0.000000 -1.395128 106.274333 0.031144 2.562605 -0.117229 
820 35.344407 0.000000 -1.395128 106.678505 0.009623 2.335917 -0.124365 
821 35.641192 0.000000 -1.671426 106.294635 0.028873 2.553749 -0.117588 
822 35.937977 0.000000 -1.395128 105.840369 0.014817 2.866911 -0.109449 
823 35.641192 0.000000 -1.118830 106.328443 0.051531 2.546841 -0.118182 
824 35.344407 0.000000 1.091555 106.004947 -0.078314 -7.789806 -0.107975 
825 35.344407 0.000000 0.538958 101.224001 -0.125322 -0.149828 -0.024191 
826 35.937977 0.000000 1.091555 104.725390 -0.025968 -7.779989 -0.084901 
827 38.312258 0.000000 1.644151 104.568257 0.006811 -7.803163 -0.081987 
828 39.499399 0.000000 1.644151 106.680288 0.022960 -8.092656 -0.119492 
829 38.312258 0.000000 2.749343 101.365733 -0.078325 -4.301065 -0.025179 
830 36.531548 0.000000 2.196747 102.019209 -0.059568 -5.296825 -0.036955 
831 36.531548 0.000000 1.644151 104.934014 -0.007794 -7.704940 -0.088812 
832 37.125118 0.000000 2.196747 102.050685 -0.006616 -4.977428 -0.037873 
833 36.531548 0.000000 2.749343 99.965919 -0.104834 -1.761362 0.000994 
834 35.641192 0.000000 1.920449 105.081721 -0.057305 -7.928316 -0.091196 
835 35.344407 0.000000 1.920449 106.204779 -0.089454 -8.033936 -0.111197 
836 35.641192 0.000000 1.644151 105.649809 -0.073092 -7.961978 -0.101405 
837 35.937977 0.000000 1.920449 104.455466 -0.023570 -7.736907 -0.080003 
838 35.641192 0.000000 2.196747 105.081721 -0.057305 -7.928316 -0.091196 
839 38.312258 0.000000 -2.776618 98.981570 0.012567 -3.372184 0.021735 
840 38.312258 0.000000 -3.881811 97.581237 0.140615 -5.797683 0.053072 
841 39.499399 0.000000 -2.776618 99.811053 0.114523 -1.882490 0.004143 
842 37.718688 0.000000 -1.118830 105.817617 0.041104 2.830297 -0.109064 
843 37.718688 0.000000 -1.671426 105.963557 0.043246 2.831034 -0.111644 
844 38.312258 0.000000 -1.118830 106.003751 0.021418 2.529633 -0.112487 
845 37.718688 0.000000 -0.566234 105.961113 0.042917 2.828829 -0.111602 
846 36.531548 0.000000 -0.013638 100.937419 -0.014500 -0.094944 -0.018580 
847 35.937977 0.000000 -0.013638 104.864947 -0.098994 -3.530389 -0.091618 
848 37.125118 0.000000 -0.013638 104.854542 -0.000406 -1.893211 -0.092197 
849 36.531548 0.000000 0.538958 100.937419 -0.014500 -0.094944 -0.018580 
850 36.828333 0.000000 -0.842532 106.613595 0.052679 3.092567 -0.122903 
851 36.531548 0.000000 -0.842532 106.349873 -0.013974 3.043287 -0.118329 
852 36.828333 0.000000 -1.118830 106.613859 0.054734 3.093142 -0.122908 
853 37.125118 0.000000 -0.842532 106.650707 0.083407 3.085579 -0.123551 
854 36.828333 0.000000 -0.566234 106.613649 0.042091 3.088939 -0.122906 
855 36.234763 0.000000 -0.842532 106.297607 -0.055952 3.028503 -0.117421 
856 35.937977 0.000000 -0.842532 105.841390 0.014857 2.866644 -0.109467 
857 36.234763 0.000000 -1.118830 106.320845 -0.043216 2.984870 -0.117850 
858 36.234763 0.000000 -0.566234 106.009079 -0.028412 2.980871 -0.112374 
859 36.531548 0.000000 -2.224022 99.473464 -0.201674 -3.352045 0.011729 
860 36.531548 0.000000 -2.776618 97.284472 0.166854 -8.660675 0.063820 
861 37.125118 0.000000 -2.224022 99.976971 0.003407 -7.416205 0.005986 
862 36.828333 0.000000 -1.395128 106.613480 0.052197 3.092457 -0.122901 
863 36.531548 0.000000 -1.395128 106.349375 -0.013995 3.043195 -0.118321 
864 36.828333 0.000000 -1.671426 106.613376 0.041643 3.088915 -0.122901 
865 37.125118 0.000000 -1.395128 106.633611 0.061186 3.086054 -0.123254 
866 36.679940 0.000000 -0.980681 106.486023 0.030330 3.073272 -0.120692 
867 36.531548 0.000000 -0.980681 106.356208 -0.013705 3.044447 -0.118439 
868 36.679940 0.000000 -1.118830 106.505168 0.036660 3.077502 -0.121024 
869 36.828333 0.000000 -0.980681 106.613813 0.054163 3.092970 -0.122907 
870 36.679940 0.000000 -0.842532 106.598791 0.036920 3.094163 -0.122645 
871 36.531548 0.000000 1.091555 105.110401 -0.020206 -7.718009 -0.092002 
872 37.125118 0.000000 1.091555 104.910503 -0.055901 -7.626933 -0.088487 
873 37.718688 0.000000 1.091555 104.194827 -0.003028 -7.621676 -0.075347 
874 37.718688 0.000000 0.538958 101.826665 -0.045711 -0.239496 -0.035890 
875 38.312258 0.000000 1.091555 104.578157 0.006846 -7.806255 -0.082165 
876 37.718688 0.000000 1.644151 103.903480 0.007098 -7.549671 -0.070032 
877 36.828333 0.000000 1.367853 105.012315 -0.044268 -7.676319 -0.090275 
878 36.531548 0.000000 1.367853 104.873165 -0.013948 -7.701186 -0.087708 
879 36.828333 0.000000 1.091555 104.992945 -0.041179 -7.664495 -0.089939 
880 37.125118 0.000000 1.367853 104.815242 -0.059008 -7.577163 -0.086815 
881 36.828333 0.000000 1.644151 105.021551 -0.044229 -7.681265 -0.090436 
882 36.234763 0.000000 1.367853 104.786404 0.002987 -7.693974 -0.086133 
883 35.937977 0.000000 1.367853 104.492672 -0.022196 -7.737311 -0.080687 
884 36.234763 0.000000 1.091555 103.540378 -0.006190 -5.683278 -0.065476 
885 36.234763 0.000000 1.644151 104.910323 0.005398 -7.702350 -0.088384 
886 38.312258 0.000000 3.854535 100.356231 -0.089751 -1.524787 -0.006870 
887 39.499399 0.000000 3.854535 101.115639 0.002075 -3.038197 -0.021182 
888 38.312258 0.000000 4.959728 100.015721 -0.064984 -0.596285 -0.000278 
889 37.718688 0.000000 2.196747 99.801439 -0.097763 -2.575688 0.004647 
890 38.312258 0.000000 2.196747 99.850372 0.035317 -1.972285 0.003388 
891 37.718688 0.000000 2.749343 101.385922 0.024186 -3.727805 -0.026017 
892 36.828333 0.000000 1.920449 105.024497 -0.042902 -7.682240 -0.090489 
893 36.531548 0.000000 1.920449 105.110401 -0.020206 -7.718009 -0.092002 
894 37.125118 0.000000 1.920449 104.826475 -0.058642 -7.583032 -0.087012 
895 36.828333 0.000000 2.196747 101.587726 0.010647 -4.879889 -0.028997 
896 36.679940 0.000000 1.506002 105.094954 -0.038964 -7.718301 -0.091721 
897 36.531548 0.000000 1.506002 104.873914 -0.013968 -7.701240 -0.087721 
898 36.679940 0.000000 1.367853 105.097855 -0.035441 -7.718246 -0.091773 
899 36.828333 0.000000 1.506002 105.016842 -0.044483 -7.678851 -0.090354 
900 36.679940 0.000000 1.644151 105.094096 -0.040006 -7.718317 -0.091705 
901 37.718688 0.000000 -0.013638 101.826665 -0.045711 -0.239496 -0.035890 
902 38.312258 0.000000 -0.013638 105.244452 0.054480 -2.301434 -0.099075 
903 37.421903 0.000000 -0.842532 106.325884 0.070031 3.016541 -0.117922 
904 37.421903 0.000000 -1.118830 106.413106 0.074380 3.032985 -0.119439 
905 37.718688 0.000000 -0.842532 105.835672 0.041452 2.831001 -0.109383 
906 37.421903 0.000000 -0.566234 106.112596 0.063331 2.965451 -0.114205 
907 37.421903 0.000000 1.367853 104.345990 -0.030822 -7.528287 -0.078266 
908 37.421903 0.000000 1.091555 104.366628 -0.031738 -7.531894 -0.078642 
909 37.718688 0.000000 1.367853 103.941984 0.006484 -7.563187 -0.070731 
910 37.421903 0.000000 1.644151 104.464693 -0.039642 -7.533022 -0.080447 
911 51.370803 0.000000 -1.671426 101.461986 0.045169 -0.204428 -0.028828 
912 51.370803 0.000000 -6.092195 99.324573 0.009766 -2.742583 0.014362 
913 56.119364 0.000000 -1.671426 90.013807 0.022975 0.571054 0.217254 
914 51.370803 0.000000 2.749343 97.676517 0.082039 3.515440 0.048796 
915 44.247960 0.000000 0.538958 111.939904 0.087821 -30.903090 -0.140426 
916 44.247960 0.000000 -1.671426 99.591636 -0.004605 -10.807190 0.020116 
917 46.622241 0.000000 0.538958 94.646673 -0.031760 5.168066 0.115381 
918 44.247960 0.000000 2.749343 101.717838 -0.030261 -3.744312 -0.032459 
919 40.686539 0.000000 -0.566234 104.591362 0.055873 0.367274 -0.087720 
920 40.686539 0.000000 -1.671426 104.796352 0.055766 0.503646 -0.091431 
921 41.873679 0.000000 -0.566234 106.960338 0.040945 1.723973 -0.129437 
922 40.686539 0.000000 0.538958 108.696428 -0.027854 -9.890746 -0.151450 
923 38.905828 0.000000 -1.118830 104.235863 0.020423 1.826465 -0.080945 
924 38.905828 0.000000 -1.671426 104.742754 0.026220 1.900736 -0.090169 
925 39.499399 0.000000 -1.118830 104.819926 -0.017756 0.973179 -0.091798 
926 38.905828 0.000000 -0.566234 104.742754 0.026220 1.900736 -0.090169 
927 40.686539 0.000000 1.644151 108.686804 -0.027177 -9.571881 -0.151767 
928 41.873679 0.000000 1.644151 108.332562 0.015868 -14.146688 -0.137288 
929 40.686539 0.000000 2.749343 100.467309 0.022453 -1.453865 -0.009096 
930 38.905828 0.000000 1.091555 105.094516 0.057222 -7.961023 -0.091384 
931 38.905828 0.000000 0.538958 104.701400 -0.023966 2.919184 -0.088992 
932 39.499399 0.000000 1.091555 106.678178 0.020802 -8.082884 -0.119468 
933 38.905828 0.000000 1.644151 105.137755 0.058368 -7.974248 -0.092151 
934 44.247960 0.000000 -3.881811 99.458466 0.005555 -2.262768 0.011406 
935 44.247960 0.000000 -6.092195 99.047770 -0.046231 -1.505288 0.019448 
936 46.622241 0.000000 -3.881811 100.565394 -0.010644 -0.279943 -0.011240 
937 40.686539 0.000000 -2.776618 98.856257 -0.085768 -2.481752 0.023758 
938 40.686539 0.000000 -3.881811 97.854807 -0.054376 -4.313652 0.045741 
939 41.873679 0.000000 -2.776618 100.060023 0.005765 -3.635908 0.000121 
940 40.092969 0.000000 -1.118830 104.690846 0.032058 0.362323 -0.089528 
941 40.092969 0.000000 -1.671426 102.893017 0.031984 -1.647432 -0.056001 
942 40.686539 0.000000 -1.118830 104.557837 0.053940 0.322017 -0.087113 
943 40.092969 0.000000 -0.566234 104.680165 0.027115 0.404714 -0.089332 
944 38.905828 0.000000 -0.013638 106.241473 -0.092627 -1.290516 -0.117056 
945 39.499399 0.000000 -0.013638 105.622024 0.050278 -0.980147 -0.106185 
946 39.202614 0.000000 -0.842532 104.482355 0.003497 1.564273 -0.085533 
947 38.905828 0.000000 -0.842532 104.485920 0.021592 1.890793 -0.085499 
948 39.202614 0.000000 -1.118830 104.209817 0.006967 1.581966 -0.080540 
949 39.499399 0.000000 -0.842532 104.802084 -0.016643 0.974246 -0.091475 
950 39.202614 0.000000 -0.566234 104.494238 0.004534 1.579627 -0.085745 
951 40.092969 0.000000 1.091555 107.251881 -0.017633 -8.270976 -0.129197 
952 40.092969 0.000000 0.538958 107.549328 -0.027624 -8.428239 -0.134108 
953 40.686539 0.000000 1.091555 108.688531 -0.027298 -9.629078 -0.151711 
954 40.092969 0.000000 1.644151 107.549328 -0.027624 -8.428239 -0.134108 
955 38.905828 0.000000 2.196747 100.043257 0.044846 -2.693367 -0.000140 
956 39.499399 0.000000 2.196747 101.413027 0.043107 -4.043624 -0.026309 
957 38.905828 0.000000 2.749343 100.290225 0.006833 -2.362891 -0.005235 
958 39.202614 0.000000 1.367853 105.630193 0.052766 -8.037301 -0.100951 
959 38.905828 0.000000 1.367853 105.246570 0.061251 -8.007529 -0.094077 
960 39.202614 0.000000 1.091555 105.701155 0.048020 -8.027897 -0.102236 
961 39.499399 0.000000 1.367853 106.713450 0.021946 -8.093990 -0.120071 
962 39.202614 0.000000 1.644151 105.639649 0.048103 -8.017127 -0.101148 
963 51.370803 0.000000 7.170112 100.984690 -0.012983 -2.032632 -0.019108 
964 56.119364 0.000000 7.170112 99.883674 -0.024471 -0.477803 0.002352 
965 51.370803 0.000000 11.590882 100.387171 -0.002823 -0.961340 -0.007624 
966 44.247960 0.000000 4.959728 100.638276 -0.031966 -1.471155 -0.012476 
967 46.622241 0.000000 4.959728 100.542174 -0.028337 -1.701420 -0.010503 
968 44.247960 0.000000 7.170112 100.389661 -0.005446 -1.321277 -0.007592 
969 43.060820 0.000000 1.644151 100.677142 0.010415 -1.892018 -0.013105 
970 43.060820 0.000000 0.538958 108.588241 0.074544 -20.203482 -0.125045 
971 44.247960 0.000000 1.644151 104.104820 0.137206 -11.843465 -0.066308 
972 43.060820 0.000000 2.749343 100.466820 0.015518 -1.788019 -0.008980 
973 41.280109 0.000000 1.091555 108.711384 -0.028907 -10.386273 -0.150927 
974 41.280109 0.000000 0.538958 108.722258 -0.029672 -10.746557 -0.150522 
975 41.873679 0.000000 1.091555 108.442009 0.003217 -13.199068 -0.141207 
976 41.280109 0.000000 1.644151 108.722258 -0.029672 -10.746557 -0.150522 
977 43.060820 0.000000 -0.566234 111.527518 0.001083 4.472643 -0.202483 
978 43.060820 0.000000 -1.671426 99.920767 -0.003578 -1.928603 0.001959 
979 44.247960 0.000000 -0.566234 122.234104 -0.145307 8.678275 -0.338706 
980 43.060820 0.000000 -2.776618 99.431010 0.000371 -2.965746 0.012335 
981 43.060820 0.000000 -3.881811 98.962687 0.034599 -2.072391 0.021391 
982 44.247960 0.000000 -2.776618 99.137538 -0.003216 -3.830683 0.018895 
983 42.467250 0.000000 -1.118830 109.244560 0.009470 3.292260 -0.167086 
984 41.873679 0.000000 -1.118830 107.162852 0.039091 1.830700 -0.132886 
985 42.467250 0.000000 -1.671426 109.540663 0.004916 3.511904 -0.171776 
986 43.060820 0.000000 -1.118830 110.994830 0.002111 4.215063 -0.194423 
987 42.467250 0.000000 -0.566234 108.996262 0.013289 3.108077 -0.163121 
988 42.467250 0.000000 1.091555 108.404847 0.033499 -15.523440 -0.135288 
989 42.467250 0.000000 0.538958 108.430272 0.039700 -16.007682 -0.134511 
990 43.060820 0.000000 1.091555 108.584409 0.073844 -20.055008 -0.125463 
991 42.467250 0.000000 1.644151 100.621155 0.032385 -3.421217 -0.011199 
992 48.996522 0.000000 0.538958 107.362330 -0.002538 -6.809180 -0.132868 
993 48.996522 0.000000 -1.671426 101.274559 -0.017620 -1.617034 -0.024930 
994 51.370803 0.000000 0.538958 100.887699 0.098319 -1.616804 -0.017348 
995 48.996522 0.000000 2.749343 98.418567 0.012170 0.674679 0.032144 
996 45.435101 0.000000 -0.566234 130.314382 -0.370928 15.048592 -0.389472 
997 45.435101 0.000000 -1.671426 101.146442 0.013154 -20.547158 0.019425 
998 46.622241 0.000000 -0.566234 142.288940 -0.154695 -23.288737 -0.389472 
999 45.435101 0.000000 0.538958 117.148117 0.119569 -42.995782 -0.163459 
1000 43.654390 0.000000 -1.118830 115.665467 -0.034625 6.252125 -0.260955 
1001 43.654390 0.000000 -1.671426 100.002593 -0.005218 -6.824633 0.004621 
1002 44.247960 0.000000 -1.118830 121.457163 -0.145312 8.984252 -0.330009 
1003 43.654390 0.000000 -0.566234 115.584526 -0.033426 6.221318 -0.259880 
1004 45.435101 0.000000 1.644151 99.038894 -0.182764 -4.840177 0.021811 
1005 46.622241 0.000000 1.644151 99.928615 0.213512 -4.881760 0.003825 
1006 45.435101 0.000000 2.749343 99.248244 -0.026787 -3.084736 0.016114 
1007 44.841530 0.000000 -0.013638 117.264580 0.027716 -31.178021 -0.226487 
1008 44.247960 0.000000 -0.013638 112.285968 0.079896 -30.278150 -0.149466 
1009 44.841530 0.000000 -0.566234 125.295785 -0.250306 12.721191 -0.366177 
1010 45.435101 0.000000 -0.013638 121.256964 -0.051513 -23.600503 -0.304844 
1011 44.841530 0.000000 0.538958 117.096269 0.068318 -37.523488 -0.194524 
1012 -200.302961 0.000000 -209.447580 100.000000 0.000000 0.000000 0.000000 
1013 -276.279947 0.000000 -209.447580 100.000000 0.000000 0.000000 0.000000 
1014 -200.302961 0.000000 -280.179887 100.000000 0.000000 0.000000 0.000000 
1015 255.558951 0.000000 -209.447580 100.000000 0.000000 0.000000 0.000000 
1016 255.558951 0.000000 -280.179887 100.000000 0.000000 0.000000 0.000000 
1017 331.535936 0.000000 -209.447580 100.000000 0.000000 0.000000 0.000000 
1018 -200.302961 0.000000 214.946266 100.000000 0.000000 0.000000 0.000000 
1019 -276.279947 0.000000 214.946266 100.000000 0.000000 0.000000 0.000000 
1020 -200.302961 0.000000 285.678573 100.000000 0.000000 0.000000 0.000000 
1021 -86.337483 0.000000 -103.349118 100.000000 0.000000 0.000000 0.000000 
1022 -124.325976 0.000000 -103.349118 100.000000 0.000000 0.000000 0.000000 
1023 -86.337483 0.000000 -138.715272 100.000000 0.000000 0.000000 0.000000 
1024 103.604980 0.000000 214.946266 100.000000 0.000000 0.000000 0.000000 
1025 179.581965 0.000000 214.946266 100.000000 0.000000 0.000000 0.000000 
1026 103.604980 0.000000 285.678573 100.000000 0.000000 0.000000 0.000000 
1027 141.593473 0.000000 -103.349118 100.000000 0.000000 0.000000 0.000000 
1028 141.593473 0.000000 -138.715272 100.000000 0.000000 0.000000 0.000000 
1029 179.581965 0.000000 -103.349118 100.006656 -0.191102 0.012314 -0.000129 
1030 -86.337483 0.000000 108.847804 100.000000 0.000000 0.000000 0.000000 
1031 -124.325976 0.000000 108.847804 100.000000 0.000000 0.000000 0.000000 
1032 -86.337483 0.000000 144.213958 100.000000 0.000000 0.000000 0.000000 
1033 -29.354744 0.000000 -50.299888 100.000000 0.000000 0.000000 0.000000 
1034 -48.348991 0.000000 -50.299888 100.000000 0.000000 0.000000 0.000000 
1035 -29.354744 0.000000 -67.982965 100.000000 0.000000 0.000000 0.000000 
1036 65.616487 0.000000 108.847804 100.000000 0.000000 0.000000 0.000000 
1037 103.604980 0.000000 108.847804 100.000000 0.000000 0.000000 0.000000 
1038 65.616487 0.000000 144.213958 100.000000 0.000000 0.000000 0.000000 
1039 84.610734 0.000000 -50.299888 99.841863 0.255113 -0.280078 0.003182 
1040 84.610734 0.000000 -67.982965 100.000000 0.000000 0.000000 0.000000 
1041 103.604980 0.000000 -50.299888 99.980035 0.000606 -0.039774 0.000400 
1042 -29.354744 0.000000 55.798574 100.000000 0.000000 0.000000 0.000000 
1043 -48.348991 0.000000 55.798574 100.000000 0.000000 0.000000 0.000000 
1044 -29.354744 0.000000 73.481651 100.000000 0.000000 0.000000 0.000000 
1045 -19.857621 0.000000 -23.775272 100.000000 0.000000 0.000000 0.000000 
1046 -29.354744 0.000000 -23.775272 100.000000 0.000000 0.000000 0.000000 
1047 -19.857621 0.000000 -32.616811 100.000000 0.000000 0.000000 0.000000 
1048 46.622241 0.000000 55.798574 100.000000 0.000000 0.000000 0.000000 
1049 65.616487 0.000000 55.798574 100.000000 0.000000 0.000000 0.000000 
1050 46.622241 0.000000 73.481651 100.000000 0.000000 0.000000 0.000000 
1051 -0.863375 0.000000 29.273958 100.000000 0.000000 0.000000 0.000000 
1052 -10.360498 0.000000 29.273958 100.000000 0.000000 0.000000 0.000000 
1053 -0.863375 0.000000 38.115497 100.000000 0.000000 0.000000 0.000000 
1054 56.119364 0.000000 -23.775272 100.121903 0.045047 0.220005 -0.002430 
1055 56.119364 0.000000 -32.616811 100.019328 -0.124364 0.030871 -0.000385 
1056 65.616487 0.000000 -23.775272 99.443156 -0.024454 -0.972256 0.011291 
1057 -19.857621 0.000000 29.273958 100.000000 0.000000 0.000000 0.000000 
1058 -29.354744 0.000000 29.273958 100.000000 0.000000 0.000000 0.000000 
1059 -19.857621 0.000000 38.115497 100.000000 0.000000 0.000000 0.000000 
1060 37.125118 0.000000 29.273958 100.000000 0.000000 0.000000 0.000000 
1061 46.622241 0.000000 29.273958 100.000000 0.000000 0.000000 0.000000 
1062 37.125118 0.000000 38.115497 100.000000 0.000000 0.000000 0.000000 
1063 13.382310 0.000000 16.011651 100.000000 0.000000 0.000000 0.000000 
1064 8.633748 0.000000 16.011651 100.000000 0.000000 0.000000 0.000000 
1065 13.382310 0.000000 20.432420 100.000000 0.000000 0.000000 0.000000 
1066 -3.237656 0.000000 4.959728 100.000000 0.000000 0.000000 0.000000 
1067 -5.611936 0.000000 4.959728 100.000000 0.000000 0.000000 0.000000 
1068 -3.237656 0.000000 7.170112 100.000000 0.000000 0.000000 0.000000 
1069 2.104476 0.000000 -1.118830 88.380018 0.510048 -17.029211 0.295570 
1070 2.104476 0.000000 -1.671426 90.231563 0.628485 -15.267513 0.242728 
1071 2.104476 0.000000 -0.566234 87.864723 0.481003 -17.530504 0.310784 
1072 3.291617 0.000000 -0.013638 81.822789 0.445973 25.356676 0.520653 
1073 2.698046 0.000000 -0.013638 75.294943 0.563304 21.535534 0.669371 
1074 3.885187 0.000000 -0.013638 87.205575 -0.370622 -25.422448 0.377007 
1075 2.104476 0.000000 -0.013638 69.372800 0.576534 21.752950 0.837009 
1076 2.104476 0.000000 0.538958 68.665529 0.768313 25.930450 0.898278 
1077 4.478757 0.000000 -1.118830 93.577984 -0.699311 -5.431294 0.139461 
1078 4.478757 0.000000 -1.671426 93.917531 0.576275 -4.450784 0.130725 
1079 4.478757 0.000000 -0.566234 94.012592 0.589613 -5.074805 0.129319 
1080 5.665897 0.000000 -0.013638 88.320667 -0.025748 -0.199040 0.257160 
1081 5.072327 0.000000 -0.013638 84.463609 3.134537 0.876375 0.352502 
1082 6.259468 0.000000 -0.013638 82.643969 -0.022256 15.962121 0.435810 
1083 4.478757 0.000000 -0.013638 87.218853 -0.103729 -2.879272 0.284714 
1084 2.104476 0.000000 1.091555 100.000000 0.000000 0.000000 0.000000 
1085 1.510906 0.000000 1.091555 100.000000 0.000000 0.000000 0.000000 
1086 2.104476 0.000000 1.644151 100.000000 0.000000 0.000000 0.000000 
1087 15.756591 0.000000 9.380497 100.000000 0.000000 0.000000 0.000000 
1088 13.382310 0.000000 9.380497 100.000000 0.000000 0.000000 0.000000 
1089 15.756591 0.000000 11.590882 100.000000 0.000000 0.000000 0.000000 
1090 11.008029 0.000000 9.380497 100.000000 0.000000 0.000000 0.000000 
1091 8.633748 0.000000 9.380497 100.000000 0.000000 0.000000 0.000000 
1092 11.008029 0.000000 11.590882 100.000000 0.000000 0.000000 0.000000 
1093 5.072327 0.000000 3.854535 100.000000 0.000000 0.000000 0.000000 
1094 3.885187 0.000000 3.854535 100.000000 0.000000 0.000000 0.000000 
1095 5.072327 0.000000 4.959728 100.000000 0.000000 0.000000 0.000000 
1096 6.853038 0.000000 -0.013638 87.779917 -0.139435 2.302985 0.270804 
1097 7.446608 0.000000 -0.013638 89.034971 -0.116871 11.031936 0.256484 
1098 6.853038 0.000000 0.538958 92.171788 0.345393 -1.748200 0.167897 
1099 6.853038 0.000000 1.091555 90.125499 -0.022079 15.103823 0.244560 
1100 7.446608 0.000000 1.091555 96.953905 0.327866 -0.068681 0.062652 
1101 6.853038 0.000000 1.644151 89.766820 -0.008014 15.495395 0.254806 
1102 16.943731 0.000000 1.644151 100.988417 -0.126433 0.451588 -0.019561 
1103 15.756591 0.000000 1.644151 100.180105 -0.043264 4.262002 -0.001786 
1104 18.130872 0.000000 1.644151 102.745254 0.094469 -1.537981 -0.053238 
1105 14.569450 0.000000 1.644151 99.129872 0.161950 4.558583 0.019681 
1106 16.943731 0.000000 -2.776618 99.141295 0.023124 -0.243057 0.017319 
1107 16.943731 0.000000 -3.881811 99.569037 0.000045 0.527418 0.008682 
1108 11.601599 0.000000 -2.224022 97.753881 -0.044115 1.825841 0.046217 
1109 11.601599 0.000000 -2.776618 99.504545 0.065669 2.298326 0.010492 
1110 12.195170 0.000000 -2.224022 97.753881 -0.044115 1.825841 0.046217 
1111 10.414459 0.000000 3.301939 95.218592 0.345390 13.614958 0.121231 
1112 11.008029 0.000000 3.301939 102.513463 -0.015467 -1.459472 -0.048859 
1113 10.414459 0.000000 3.854535 101.926438 -0.197548 -1.318687 -0.037651 
1114 32.376556 0.000000 16.011651 100.562536 0.008380 -0.749020 -0.011136 
1115 37.125118 0.000000 16.011651 100.158937 -0.026177 -0.312239 -0.003164 
1116 32.376556 0.000000 20.432420 100.000000 0.000000 0.000000 0.000000 
1117 25.253714 0.000000 9.380497 100.685268 -0.019694 -1.172372 -0.013481 
1118 27.627995 0.000000 9.380497 99.774381 0.026580 0.163207 0.004525 
1119 25.253714 0.000000 11.590882 100.280921 0.023454 -0.188795 -0.005600 
1120 19.318012 0.000000 1.644151 100.351934 0.037964 0.847672 -0.006944 
1121 19.318012 0.000000 6.064920 100.901999 0.132521 -1.580166 -0.017640 
1122 18.130872 0.000000 6.064920 100.053537 0.053844 0.260922 -0.001063 
1123 19.318012 0.000000 7.170112 100.797945 0.029990 -1.061238 -0.015728 
1124 19.911582 0.000000 -0.013638 100.555355 0.198747 -0.075633 -0.011044 
1125 19.318012 0.000000 -0.013638 100.836318 -0.022329 -0.881250 -0.016518 
1126 19.911582 0.000000 0.538958 100.555355 0.198747 -0.075633 -0.011044 
1127 22.285863 0.000000 -0.013638 101.614524 0.011121 0.772370 -0.031736 
1128 22.879433 0.000000 -0.013638 101.182373 0.059296 -1.069130 -0.023270 
1129 22.285863 0.000000 0.538958 100.375946 -0.026569 -1.047554 -0.007384 
1130 19.911582 0.000000 -2.224022 101.980924 -0.038511 1.765480 -0.038573 
1131 19.318012 0.000000 -2.224022 100.262247 -0.181804 1.608749 -0.004972 
1132 19.911582 0.000000 -2.776618 99.845704 0.036877 0.652592 0.003133 
1133 24.660144 0.000000 -1.118830 99.606733 0.022446 -2.764546 0.008668 
1134 24.660144 0.000000 -1.671426 99.584176 0.025964 -2.808629 0.009148 
1135 24.660144 0.000000 -0.566234 99.612425 0.026098 -2.756193 0.008548 
1136 23.473003 0.000000 -0.013638 100.998912 0.024988 -1.139185 -0.019662 
1137 24.066573 0.000000 -0.013638 100.893366 -0.015695 -1.114829 -0.017595 
1138 23.473003 0.000000 0.538958 101.991440 -0.025680 0.073256 -0.039069 
1139 21.989078 0.000000 -0.842532 102.029967 -0.038236 1.534925 -0.039589 
1140 22.285863 0.000000 -0.842532 101.590516 0.014594 0.713537 -0.031279 
1141 21.989078 0.000000 -0.566234 102.034971 -0.037766 1.539425 -0.039683 
1142 20.950330 0.000000 -0.980681 102.395778 -0.022257 1.805697 -0.046511 
1143 20.801937 0.000000 -0.980681 102.273058 -0.025767 1.938275 -0.044119 
1144 20.950330 0.000000 -0.842532 102.273291 -0.024592 2.068009 -0.044075 
1145 30.002275 0.000000 9.380497 100.056722 0.142232 -0.310001 -0.001122 
1146 32.376556 0.000000 9.380497 99.905913 0.175207 -0.011628 0.001886 
1147 30.002275 0.000000 11.590882 100.143619 -0.036453 -0.338771 -0.002857 
1148 24.066573 0.000000 6.064920 100.362606 0.226992 -1.300042 -0.007055 
1149 25.253714 0.000000 6.064920 99.827986 -0.335246 -0.434610 0.003476 
1150 24.066573 0.000000 7.170112 99.647297 0.041884 0.224658 0.007083 
1151 21.098722 0.000000 4.407132 102.395412 -0.130047 -5.783266 -0.043683 
1152 20.505152 0.000000 4.407132 99.215315 -0.421346 -0.039137 0.015828 
1153 21.098722 0.000000 4.959728 99.877703 -0.259205 -0.776962 0.002516 
1154 23.473003 0.000000 -2.224022 99.490128 0.006275 -0.163675 0.010249 
1155 23.473003 0.000000 -2.776618 99.880619 -0.098871 0.213457 0.002396 
1156 24.066573 0.000000 -2.224022 99.537593 0.085511 -0.571111 0.009322 
1157 24.660144 0.000000 3.301939 106.397008 0.285571 -8.624107 -0.113772 
1158 24.660144 0.000000 2.749343 106.366219 0.288137 -8.600726 -0.113262 
1159 24.660144 0.000000 3.854535 99.575812 -0.185231 -2.337045 0.009074 
1160 23.473003 0.000000 4.407132 100.506213 -0.713673 -2.594098 -0.009362 
1161 24.066573 0.000000 4.407132 99.413596 0.481053 -0.511900 0.011843 
1162 23.473003 0.000000 4.959728 99.858003 -0.503520 -1.094205 0.002989 
1163 51.370803 0.000000 -10.512965 99.601057 -0.046663 -0.817593 0.008077 
1164 51.370803 0.000000 -14.933734 99.075045 -0.020103 -1.669737 0.018946 
1165 56.119364 0.000000 -10.512965 99.705983 0.015477 -0.854362 0.005970 
1166 30.595846 0.000000 -1.118830 104.473572 0.077541 -3.323286 -0.084621 
1167 30.595846 0.000000 -1.671426 105.059663 0.029313 -3.354496 -0.095242 
1168 30.595846 0.000000 -0.566234 104.555053 0.010102 -1.526912 -0.086868 
1169 30.595846 0.000000 2.196747 103.282788 -0.015610 -9.896798 -0.054635 
1170 30.595846 0.000000 1.644151 103.282788 -0.015610 -9.896798 -0.054635 
1171 30.595846 0.000000 2.749343 103.282788 -0.015610 -9.896798 -0.054635 
1172 34.157267 0.000000 -0.013638 100.971147 -0.023957 -0.041985 -0.019243 
1173 33.563697 0.000000 -0.013638 101.751308 0.238656 -16.628354 -0.007634 
1174 34.750837 0.000000 -0.013638 100.962583 -0.020524 -0.038333 -0.019075 
1175 32.970126 0.000000 -0.013638 105.755919 -0.094433 -0.038815 -0.108641 
1176 32.376556 0.000000 -0.013638 105.023550 -0.079365 0.018237 -0.095556 
1177 32.970126 0.000000 0.538958 105.757056 -0.094467 -0.038943 -0.108661 
1178 32.970126 0.000000 1.091555 104.794811 -0.082106 -5.271790 -0.089018 
1179 32.376556 0.000000 1.091555 105.789062 -0.095444 -0.042535 -0.109228 
1180 32.970126 0.000000 -2.224022 98.186528 0.093479 -8.270980 0.044121 
1181 32.376556 0.000000 -2.224022 95.047104 -0.006147 -12.609034 0.121948 
1182 32.970126 0.000000 -2.776618 95.197521 -0.125861 -12.038834 0.116969 
1183 35.344407 0.000000 -0.013638 101.224001 -0.125322 -0.149828 -0.024191 
1184 35.641192 0.000000 -0.842532 106.277405 0.030801 2.561265 -0.117283 
1185 35.344407 0.000000 -0.842532 106.601093 0.044693 2.434914 -0.122982 
1186 35.641192 0.000000 -0.566234 105.979589 0.064125 2.691190 -0.111991 
1187 40.686539 0.000000 3.854535 100.244945 0.044180 -1.607618 -0.004631 
1188 41.873679 0.000000 3.854535 100.510428 0.019470 -1.716671 -0.009869 
1189 40.686539 0.000000 4.959728 101.158654 -0.006871 -2.804552 -0.022157 
1190 36.234763 0.000000 -1.395128 106.217142 -0.026220 2.945220 -0.116052 
1191 36.234763 0.000000 -1.671426 106.009079 -0.028412 2.980871 -0.112374 
1192 35.641192 0.000000 1.367853 105.426496 -0.065151 -7.876590 -0.097505 
1193 35.344407 0.000000 1.367853 106.160656 -0.086994 -7.980032 -0.110488 
1194 35.641192 0.000000 1.091555 105.081721 -0.057305 -7.928316 -0.091196 
1195 36.234763 0.000000 1.920449 104.809936 0.003445 -7.695565 -0.086561 
1196 36.234763 0.000000 2.196747 101.588558 -0.226171 -3.224005 -0.030292 
1197 37.718688 0.000000 -2.224022 98.621695 -0.007883 -4.543715 0.030072 
1198 37.718688 0.000000 -2.776618 95.841349 0.057493 -10.521084 0.098863 
1199 38.312258 0.000000 -2.224022 97.628947 -0.147617 -6.622056 0.053172 
1200 37.421903 0.000000 -1.395128 106.328967 0.070128 3.017279 -0.117976 
1201 37.421903 0.000000 -1.671426 106.112596 0.063331 2.965451 -0.114205 
1202 37.718688 0.000000 -1.395128 105.844904 0.041713 2.831991 -0.109546 
1203 37.421903 0.000000 1.920449 104.016974 -0.016205 -7.470793 -0.072250 
1204 37.718688 0.000000 1.920449 104.179239 -0.004183 -7.608451 -0.075076 
1205 37.421903 0.000000 2.196747 102.042081 -0.082982 -5.328675 -0.037364 
1206 48.996522 0.000000 -3.881811 101.125066 -0.004835 -0.657182 -0.022219 
1207 48.996522 0.000000 -6.092195 99.423845 0.034120 -1.218008 0.011737 
1208 51.370803 0.000000 -3.881811 95.066218 0.226771 -8.524496 0.111488 
1209 41.280109 0.000000 -1.118830 105.132108 0.055591 0.727011 -0.097465 
1210 41.280109 0.000000 -1.671426 105.374154 0.055464 0.888035 -0.101781 
1211 41.280109 0.000000 -0.566234 105.061663 0.055627 0.680147 -0.096203 
1212 41.280109 0.000000 -0.013638 106.362634 -0.022608 -1.080046 -0.119217 
1213 40.686539 0.000000 -0.013638 105.939858 -0.035696 1.126185 -0.111787 
1214 41.873679 0.000000 -0.013638 106.511750 -0.041579 0.602278 -0.121883 
1215 40.092969 0.000000 -0.013638 106.972739 0.017457 1.936076 -0.129588 
1216 40.092969 0.000000 2.196747 100.989010 0.044411 -2.528359 -0.018973 
1217 40.686539 0.000000 2.196747 100.525615 0.000963 -1.608185 -0.010205 
1218 40.092969 0.000000 2.749343 100.261464 -0.000065 -1.821930 -0.004887 
1219 45.435101 0.000000 -2.776618 99.682894 0.003137 -3.911137 0.007907 
1220 45.435101 0.000000 -3.881811 99.127840 0.051627 -2.203157 0.018084 
1221 46.622241 0.000000 -2.776618 101.263015 -0.003436 1.400583 -0.024767 
1222 48.996522 0.000000 4.959728 100.055321 -0.016095 -1.501693 -0.000881 
1223 51.370803 0.000000 4.959728 100.340703 0.039159 -2.115366 -0.006349 
1224 48.996522 0.000000 7.170112 100.403280 -0.008324 -1.094092 -0.007916 
1225 43.060820 0.000000 3.854535 100.520813 -0.022391 -1.523142 -0.010136 
1226 44.247960 0.000000 3.854535 100.451148 0.025580 -1.261030 -0.008827 
1227 43.060820 0.000000 4.959728 100.299640 0.019559 -1.224611 -0.005827 
1228 45.435101 0.000000 3.854535 100.829908 -0.018688 -2.185021 -0.016001 
1229 46.622241 0.000000 3.854535 98.704880 -0.022204 0.417602 0.026235 
1230 45.435101 0.000000 4.959728 100.547110 -0.009189 -1.602707 -0.010633 
1231 43.654390 0.000000 -0.013638 105.364765 0.016982 -6.753369 -0.097798 
1232 43.060820 0.000000 -0.013638 105.724741 -0.003998 -12.254342 -0.095351 
1233 43.654390 0.000000 0.538958 109.667335 0.086838 -25.747222 -0.123482 
1234 42.467250 0.000000 -0.013638 106.668334 -0.043185 0.259775 -0.124627 
1235 44.841530 0.000000 -1.118830 122.498849 -0.220797 11.908119 -0.338630 
1236 44.841530 0.000000 -1.671426 100.138463 0.006546 4.533701 -0.000715 
1237 45.435101 0.000000 -1.118830 130.186052 -0.370830 15.098961 -0.389472 
1238 255.558951 0.000000 214.946266 100.000000 0.000000 0.000000 0.000000 
1239 331.535936 0.000000 214.946266 100.000000 0.000000 0.000000 0.000000 
1240 255.558951 0.000000 285.678573 100.000000 0.000000 0.000000 0.000000 
1241 141.593473 0.000000 108.847804 100.000000 0.000000 0.000000 0.000000 
1242 179.581965 0.000000 108.847804 100.000000 0.000000 0.000000 0.000000 
1243 141.593473 0.000000 144.213958 100.000000 0.000000 0.000000 0.000000 
1244 84.610734 0.000000 55.798574 100.000000 0.000000 0.000000 0.000000 
1245 103.604980 0.000000 55.798574 100.042353 -0.000738 -0.072478 -0.000846 
1246 84.610734 0.000000 73.481651 100.000000 0.000000 0.000000 0.000000 
1247 3.885187 0.000000 16.011651 100.000000 0.000000 0.000000 0.000000 
1248 -0.863375 0.000000 16.011651 100.000000 0.000000 0.000000 0.000000 
1249 3.885187 0.000000 20.432420 100.000000 0.000000 0.000000 0.000000 
1250 -5.611936 0.000000 16.011651 100.000000 0.000000 0.000000 0.000000 
1251 -10.360498 0.000000 16.011651 100.000000 0.000000 0.000000 0.000000 
1252 -5.611936 0.000000 20.432420 100.000000 0.000000 0.000000 0.000000 
1253 56.119364 0.000000 29.273958 100.127406 -0.035982 -0.182178 -0.002542 
1254 65.616487 0.000000 29.273958 100.080095 -0.002444 -0.163403 -0.001598 
1255 56.119364 0.000000 38.115497 100.000000 0.000000 0.000000 0.000000 
1256 6.259468 0.000000 9.380497 100.000000 0.000000 0.000000 0.000000 
1257 3.885187 0.000000 9.380497 100.000000 0.000000 0.000000 0.000000 
1258 6.259468 0.000000 11.590882 100.000000 0.000000 0.000000 0.000000 
1259 1.510906 0.000000 9.380497 100.000000 0.000000 0.000000 0.000000 
1260 -0.863375 0.000000 9.380497 100.000000 0.000000 0.000000 0.000000 
1261 1.510906 0.000000 11.590882 100.000000 0.000000 0.000000 0.000000 
1262 -3.237656 0.000000 9.380497 100.000000 0.000000 0.000000 0.000000 
1263 -5.611936 0.000000 9.380497 100.000000 0.000000 0.000000 0.000000 
1264 -3.237656 0.000000 11.590882 100.000000 0.000000 0.000000 0.000000 
1265 2.698046 0.000000 3.854535 100.000000 0.000000 0.000000 0.000000 
1266 1.510906 0.000000 3.854535 100.000000 0.000000 0.000000 0.000000 
1267 2.698046 0.000000 4.959728 100.000000 0.000000 0.000000 0.000000 
1268 0.917336 0.000000 1.091555 100.000000 0.000000 0.000000 0.000000 
1269 0.323766 0.000000 1.091555 100.000000 0.000000 0.000000 0.000000 
1270 0.917336 0.000000 1.644151 100.000000 0.000000 0.000000 0.000000 
1271 41.873679 0.000000 16.011651 99.931794 -0.095029 0.025708 0.001366 
1272 46.622241 0.000000 16.011651 100.148325 0.019739 -0.351483 -0.002950 
1273 41.873679 0.000000 20.432420 100.152374 0.017302 -0.212233 -0.003039 
1274 16.943731 0.000000 6.064920 100.627734 0.092544 -0.495565 -0.012455 
1275 15.756591 0.000000 6.064920 101.093983 -0.116927 -0.776787 -0.021592 
1276 16.943731 0.000000 7.170112 100.946355 -0.010487 -0.630585 -0.018718 
1277 14.569450 0.000000 6.064920 101.111296 0.024189 -0.547506 -0.021962 
1278 13.382310 0.000000 6.064920 99.553012 -0.066739 1.514154 0.009210 
1279 14.569450 0.000000 7.170112 99.564157 0.032472 1.358055 0.008940 
1280 24.660144 0.000000 -0.013638 100.217653 0.031603 -1.989386 -0.003951 
1281 25.253714 0.000000 -0.013638 103.238547 -0.020035 0.088248 -0.062748 
1282 24.660144 0.000000 0.538958 101.806918 -0.019619 0.097924 -0.035513 
1283 34.750837 0.000000 9.380497 99.901666 -0.006729 -0.130577 0.001970 
1284 37.125118 0.000000 9.380497 100.150767 0.062891 -0.548371 -0.002981 
1285 34.750837 0.000000 11.590882 99.988679 -0.149341 -0.139998 0.000231 
1286 26.440854 0.000000 6.064920 99.341981 0.149351 0.522101 0.013272 
1287 27.627995 0.000000 6.064920 100.026908 0.077919 -0.760760 -0.000480 
1288 26.440854 0.000000 7.170112 99.978534 0.213588 -0.334222 0.000445 
1289 24.660144 0.000000 -2.224022 99.175736 0.044992 -1.206337 0.016762 
1290 24.660144 0.000000 -2.776618 99.831017 0.070665 0.229221 0.003391 
1291 25.253714 0.000000 -2.224022 99.781219 -0.113925 0.148511 0.004388 
1292 24.660144 0.000000 4.407132 100.081456 0.676034 -1.473961 -0.001365 
1293 25.253714 0.000000 4.407132 100.455097 -0.167154 -2.802234 -0.008285 
1294 24.660144 0.000000 4.959728 98.872475 0.135669 0.804560 0.022858 
1295 25.847284 0.000000 -0.013638 103.238547 -0.020035 0.088248 -0.062748 
1296 26.440854 0.000000 -0.013638 102.043164 -0.010895 0.190673 -0.040061 
1297 25.847284 0.000000 0.538958 103.238547 -0.020035 0.088248 -0.062748 
1298 25.847284 0.000000 -2.224022 99.008219 0.093137 -0.808923 0.020089 
1299 25.847284 0.000000 -2.776618 99.258890 -0.040445 -0.804613 0.014992 
1300 26.440854 0.000000 -2.224022 98.922517 0.046245 -1.453783 0.021986 
1301 28.815135 0.000000 6.064920 100.428614 -0.043937 -1.397668 -0.008344 
1302 30.002275 0.000000 6.064920 99.840778 0.098298 -0.517278 0.003217 
1303 28.815135 0.000000 7.170112 99.814088 0.173797 -0.001845 0.003728 
1304 25.847284 0.000000 4.407132 99.118769 -0.117675 -0.347845 0.017784 
1305 26.440854 0.000000 4.407132 99.150839 0.024364 -0.512577 0.017146 
1306 25.847284 0.000000 4.959728 99.880330 0.168392 -1.063897 0.002513 
1307 31.782986 0.000000 -0.013638 105.835397 -0.096858 -0.047734 -0.110047 
1308 31.189416 0.000000 -0.013638 100.952397 -0.345865 -12.253359 -0.004100 
1309 31.782986 0.000000 0.538958 105.839462 -0.096982 -0.048190 -0.110119 
1310 30.595846 0.000000 -0.013638 103.941375 0.014237 0.311361 -0.075812 
1311 30.002275 0.000000 -0.013638 103.940966 0.012915 0.314058 -0.075804 
1312 30.595846 0.000000 0.538958 103.941405 0.014206 0.311419 -0.075813 
1313 30.595846 0.000000 1.091555 104.036824 -0.009630 0.348763 -0.077570 
1314 30.002275 0.000000 1.091555 103.940495 0.012860 0.314220 -0.075796 
1315 31.189416 0.000000 1.091555 101.784190 -0.048009 -8.251115 -0.028583 
1316 31.782986 0.000000 1.091555 105.830919 -0.096721 -0.047231 -0.109968 
1317 31.782986 0.000000 -2.224022 95.140056 0.076204 -8.101053 0.109048 
1318 31.189416 0.000000 -2.224022 102.482005 0.317714 -7.728225 -0.042875 
1319 31.782986 0.000000 -2.776618 100.748259 0.237544 -8.227474 -0.008197 
1320 30.595846 0.000000 -2.224022 99.132505 -0.228508 -7.758975 0.023695 
1321 30.002275 0.000000 -2.224022 95.431167 -0.210974 -6.291864 0.099706 
1322 30.595846 0.000000 -2.776618 99.800044 -0.054960 -5.481984 0.007036 
1323 51.370803 0.000000 16.011651 100.243831 -0.056327 -0.604974 -0.004829 
1324 56.119364 0.000000 16.011651 100.147056 -0.030575 -0.379563 -0.002923 
1325 51.370803 0.000000 20.432420 100.035392 -0.025753 -0.122128 -0.000706 
1326 39.499399 0.000000 9.380497 100.490284 0.073497 -1.215883 -0.009614 
1327 41.873679 0.000000 9.380497 101.151072 0.007835 -2.174274 -0.022312 
1328 39.499399 0.000000 11.590882 100.081363 0.039729 -0.325961 -0.001615 
1329 38.905828 0.000000 -2.224022 99.616097 0.183127 -2.197163 0.008198 
1330 38.905828 0.000000 -2.776618 97.575321 -0.058397 -5.741413 0.053125 
1331 39.499399 0.000000 -2.224022 97.314051 -0.050268 -6.609923 0.059784 
1332 41.280109 0.000000 2.196747 100.504626 0.034081 -1.474204 -0.009830 
1333 41.873679 0.000000 2.196747 100.291147 0.086946 -0.820558 -0.005739 
1334 41.280109 0.000000 2.749343 100.439308 0.026937 -1.337523 -0.008573 
1335 40.092969 0.000000 -2.224022 100.036891 -0.001754 -4.633810 0.001411 
1336 40.092969 0.000000 -2.776618 100.041988 -0.006663 -4.286110 0.000998 
1337 40.686539 0.000000 -2.224022 98.355793 0.023299 -5.192261 0.036220 
1338 43.654390 0.000000 1.091555 109.417796 0.098378 -26.826273 -0.114330 
1339 44.247960 0.000000 1.091555 110.939005 0.110741 -32.710567 -0.113075 
1340 43.654390 0.000000 1.644151 98.317258 -0.094131 -0.684945 0.034234 
1341 42.467250 0.000000 2.196747 101.775277 0.003765 -3.462155 -0.033765 
1342 43.060820 0.000000 2.196747 100.155962 0.021726 -1.793749 -0.002794 
1343 42.467250 0.000000 2.749343 100.947902 0.065103 -1.423329 -0.018590 
1344 44.841530 0.000000 1.091555 117.148117 0.119569 -42.995782 -0.163459 
1345 45.435101 0.000000 1.091555 113.080808 0.588705 -22.169681 -0.193957 
1346 44.841530 0.000000 1.644151 95.516466 -0.042656 -1.317147 0.093550 
1347 0.323766 0.000000 3.854535 100.000000 0.000000 0.000000 0.000000 
1348 -0.863375 0.000000 3.854535 100.000000 0.000000 0.000000 0.000000 
1349 0.323766 0.000000 4.959728 100.000000 0.000000 0.000000 0.000000 
1350 12.195170 0.000000 6.064920 98.535713 0.069533 2.975961 0.030611 
1351 11.008029 0.000000 6.064920 100.000000 0.000000 0.000000 0.000000 
1352 12.195170 0.000000 7.170112 100.000000 0.000000 0.000000 0.000000 
1353 9.820889 0.000000 6.064920 100.000000 0.000000 0.000000 0.000000 
1354 8.633748 0.000000 6.064920 100.000000 0.000000 0.000000 0.000000 
1355 9.820889 0.000000 7.170112 100.000000 0.000000 0.000000 0.000000 
1356 31.189416 0.000000 6.064920 99.974217 -0.099787 -0.710120 0.000567 
1357 32.376556 0.000000 6.064920 100.145914 0.154303 -0.958554 -0.002820 
1358 31.189416 0.000000 7.170112 99.717683 -0.006459 -0.055131 0.005662 
1359 29.408705 0.000000 -0.013638 103.937849 0.010988 0.318267 -0.075747 
1360 28.815135 0.000000 -0.013638 103.631529 -0.028338 0.430825 -0.070066 
1361 29.408705 0.000000 0.538958 103.937682 0.010879 0.318504 -0.075743 
1362 29.408705 0.000000 1.091555 103.937509 0.011060 0.318159 -0.075740 
1363 28.815135 0.000000 1.091555 103.631529 -0.028338 0.430825 -0.070066 
1364 29.408705 0.000000 -2.224022 101.095912 0.125455 -4.453421 -0.019765 
1365 28.815135 0.000000 -2.224022 95.447509 0.284293 -5.758785 0.098622 
1366 29.408705 0.000000 -2.776618 102.421691 0.047542 -2.355831 -0.046792 
1367 44.247960 0.000000 9.380497 100.170156 0.000150 -0.886543 -0.003319 
1368 46.622241 0.000000 9.380497 101.109450 -0.015028 -2.217779 -0.021478 
1369 44.247960 0.000000 11.590882 100.283009 -0.061627 -0.823664 -0.005577 
1370 33.563697 0.000000 6.064920 100.618233 -0.133624 -1.595421 -0.012040 
1371 34.750837 0.000000 6.064920 100.369415 -0.027101 -1.571521 -0.007118 
1372 33.563697 0.000000 7.170112 100.095151 0.092863 -0.662480 -0.001857 
1373 41.280109 0.000000 -2.224022 98.455571 -0.016709 -3.970953 0.032984 
1374 41.280109 0.000000 -2.776618 98.861805 -0.000236 -3.359896 0.024174 
1375 41.873679 0.000000 -2.224022 100.044592 0.000451 -3.877978 0.000612 
1376 48.996522 0.000000 9.380497 100.041397 -0.005595 -0.492124 -0.000803 
1377 51.370803 0.000000 9.380497 100.302797 -0.020565 -0.808481 -0.005974 
1378 48.996522 0.000000 11.590882 100.357011 -0.018867 -0.776881 -0.007056 
1379 43.654390 0.000000 2.196747 100.582505 -0.011745 -2.100803 -0.011152 
1380 44.247960 0.000000 2.196747 99.228876 -0.068317 -2.386058 0.016117 
1381 43.654390 0.000000 2.749343 100.514208 -0.014619 -2.132868 -0.009786 
1382 42.467250 0.000000 -2.224022 99.490347 0.006408 -3.207954 0.011287 
1383 42.467250 0.000000 -2.776618 98.987749 -0.004944 -3.750492 0.021887 
1384 43.060820 0.000000 -2.224022 99.679368 -0.001632 -2.439807 0.007033 
1385 44.841530 0.000000 2.196747 101.272834 0.040040 -6.141422 -0.021504 
1386 45.435101 0.000000 2.196747 101.244100 0.043354 -5.353918 -0.021817 
1387 44.841530 0.000000 2.749343 98.132122 -0.044990 0.329977 0.038021 
1 11 62 60 61 
2 62 10 24 60 
3 60 24 14 63 
4 61 60 63 6 
5 24 66 64 65 
6 66 23 40 64 
7 64 40 27 67 
8 65 64 67 14 
9 40 70 68 69 
10 69 68 71 27 
11 6 63 92 93 
12 63 14 36 92 
13 92 36 19 94 
14 93 92 94 20 
15 14 67 95 96 
16 67 27 52 95 
17 95 52 35 97 
18 96 95 97 36 
19 27 71 98 99 
20 99 98 100 52 
21 68 112 110 111 
22 112 56 80 110 
23 110 80 43 113 
24 111 110 113 71 
25 80 116 114 115 
26 115 114 117 43 
27 71 113 133 134 
28 113 43 102 133 
29 133 102 76 135 
30 134 133 135 98 
31 43 117 136 137 
32 137 136 138 102 
33 114 141 139 140 
34 141 106 129 139 
35 139 129 83 142 
36 140 139 142 117 
37 12 145 143 144 
38 145 7 146 143 
39 143 146 13 25 
40 144 143 25 10 
41 25 149 147 148 
42 149 13 150 147 
43 147 150 26 41 
44 148 147 41 23 
45 41 153 151 152 
46 153 26 154 151 
47 151 154 42 57 
48 152 151 57 39 
49 39 157 155 156 
50 157 57 158 155 
51 155 158 55 81 
52 156 155 81 56 
53 81 161 159 160 
54 161 55 162 159 
55 159 162 82 107 
56 160 159 107 79 
57 79 165 163 164 
58 165 107 166 163 
59 106 169 167 168 
60 168 167 171 129 
61 56 174 172 173 
62 174 81 160 172 
63 172 160 79 116 
64 173 172 116 80 
65 116 177 175 176 
66 177 79 164 175 
67 175 164 106 141 
68 176 175 141 114 
69 164 180 178 179 
70 180 163 181 178 
71 178 181 130 169 
72 179 178 169 106 
73 169 196 194 195 
74 196 130 197 194 
75 194 197 170 198 
76 195 194 198 167 
77 199 201 124 202 
78 200 199 202 125 
79 129 171 203 204 
80 203 205 132 206 
81 204 203 206 83 
82 167 198 207 208 
83 198 170 209 207 
84 207 209 128 210 
85 208 207 210 171 
86 107 212 211 166 
87 212 82 213 211 
88 163 215 214 181 
89 215 166 216 214 
90 214 216 105 191 
91 181 214 191 130 
92 191 223 221 222 
93 223 105 224 221 
94 221 224 192 225 
95 222 221 225 190 
96 226 227 109 228 
97 205 226 228 132 
98 232 233 126 234 
99 201 232 234 124 
100 235 236 189 237 
101 227 235 237 109 
102 193 240 238 239 
103 240 131 241 238 
104 238 241 227 242 
105 239 238 242 226 
106 166 244 243 216 
107 244 211 245 243 
108 243 245 187 218 
109 216 243 218 105 
110 251 108 252 250 
111 250 252 188 253 
112 218 256 254 255 
113 256 187 257 254 
114 254 257 219 258 
115 255 254 258 217 
116 131 260 259 241 
117 260 220 261 259 
118 259 261 235 262 
119 241 259 262 227 
120 253 188 264 263 
121 263 264 59 265 
122 236 263 265 189 
123 220 267 266 261 
124 267 186 268 266 
125 266 268 236 269 
126 261 266 269 235 
127 57 271 270 158 
128 271 42 272 270 
129 270 272 58 89 
130 158 270 89 55 
131 55 274 273 162 
132 274 89 275 273 
133 273 275 88 183 
134 162 273 183 82 
135 82 277 276 213 
136 277 183 278 276 
137 211 280 279 245 
138 280 213 281 279 
139 279 281 108 251 
140 245 279 251 187 
141 187 283 282 257 
142 283 251 284 282 
143 282 284 250 285 
144 257 282 285 219 
145 108 287 286 252 
146 286 288 246 289 
147 252 286 289 188 
148 213 291 290 281 
149 291 276 292 290 
150 281 290 287 108 
151 306 182 307 305 
152 305 307 248 308 
153 288 305 308 246 
154 287 311 309 310 
155 309 312 288 313 
156 310 309 313 286 
157 183 315 314 278 
158 315 88 316 314 
159 276 318 317 292 
160 318 278 319 317 
161 317 319 182 306 
162 290 322 320 321 
163 322 292 323 320 
164 320 323 247 311 
165 321 320 311 287 
166 247 325 324 312 
167 325 306 326 324 
168 324 326 305 327 
169 312 324 327 288 
170 311 330 328 329 
171 330 247 331 328 
172 328 331 312 332 
173 329 328 332 309 
174 188 289 336 264 
175 289 246 337 336 
176 339 341 333 342 
177 340 339 342 233 
178 264 345 343 344 
179 345 336 346 343 
180 344 343 347 59 
181 246 308 348 337 
182 308 248 349 348 
183 348 349 185 350 
184 337 348 350 249 
185 336 352 351 346 
186 352 337 353 351 
187 351 353 249 354 
188 346 351 354 338 
189 189 265 355 356 
190 265 59 340 355 
191 355 340 233 357 
192 356 355 357 232 
193 59 347 358 359 
194 347 338 360 358 
195 358 360 339 361 
196 359 358 361 340 
197 343 364 362 363 
198 364 346 365 362 
199 362 365 338 366 
200 363 362 366 347 
201 249 350 376 341 
202 350 185 377 376 
203 376 377 334 378 
204 341 376 378 333 
205 182 380 379 307 
206 379 381 301 382 
207 307 379 382 248 
208 278 384 383 319 
209 384 314 385 383 
210 383 385 302 380 
211 319 383 380 182 
212 302 391 390 381 
213 391 184 392 390 
214 390 392 303 393 
215 381 390 393 301 
216 380 396 394 395 
217 396 302 397 394 
218 394 397 381 398 
219 395 394 398 379 
220 185 400 399 377 
221 400 304 401 399 
222 399 401 373 402 
223 377 399 402 334 
224 304 407 406 401 
225 407 91 408 406 
226 406 408 374 409 
227 401 406 409 373 
228 89 411 410 275 
229 411 58 412 410 
230 410 412 90 298 
231 275 410 298 88 
232 88 414 413 316 
233 414 298 415 413 
234 184 417 416 392 
235 392 416 419 303 
236 91 421 420 408 
237 421 389 422 420 
238 420 422 403 423 
239 408 420 423 374 
240 298 437 436 415 
241 437 90 438 436 
242 413 441 439 440 
243 441 415 442 439 
244 316 450 448 449 
245 450 413 440 448 
246 449 448 417 184 
247 440 453 451 452 
248 453 439 454 451 
249 451 454 433 445 
250 452 451 445 387 
251 460 297 461 459 
252 459 461 434 462 
253 445 465 463 464 
254 465 433 466 463 
255 463 466 446 467 
256 417 470 468 469 
257 470 387 444 468 
258 468 444 418 471 
259 469 468 471 416 
260 387 474 472 473 
261 474 445 464 472 
262 473 472 475 444 
263 386 435 476 477 
264 435 388 478 476 
265 476 478 300 479 
266 477 476 479 389 
267 418 447 480 481 
268 447 432 482 480 
269 480 482 435 483 
270 481 480 483 386 
271 467 446 486 484 
272 484 486 432 487 
273 485 484 487 447 
274 464 490 488 489 
275 490 463 491 488 
276 488 491 467 492 
277 444 475 493 494 
278 493 485 447 495 
279 494 493 495 418 
280 472 498 496 497 
281 498 464 489 496 
282 496 489 443 499 
283 497 496 499 475 
284 443 492 500 501 
285 492 467 502 500 
286 500 502 484 503 
287 501 500 503 485 
288 489 506 504 505 
289 506 488 507 504 
290 504 507 492 508 
291 505 504 508 443 
292 415 519 518 442 
293 519 436 520 518 
294 439 522 521 454 
295 522 442 523 521 
296 521 523 297 460 
297 454 521 460 433 
298 433 525 524 466 
299 525 460 526 524 
300 524 526 459 527 
301 466 524 527 446 
302 479 534 532 533 
303 534 300 535 532 
304 532 535 516 536 
305 389 539 537 538 
306 539 479 533 537 
307 537 533 515 540 
308 538 537 540 422 
309 19 38 541 542 
310 38 21 543 541 
311 541 543 9 544 
312 542 541 544 22 
313 35 54 545 546 
314 54 37 547 545 
315 545 547 21 548 
316 546 545 548 38 
317 51 78 549 550 
318 78 53 551 549 
319 549 551 37 552 
320 550 549 552 54 
321 75 123 553 554 
322 123 77 555 553 
323 553 555 53 556 
324 554 553 556 78 
325 121 372 557 558 
326 372 122 559 557 
327 557 559 77 560 
328 558 557 560 123 
329 230 405 561 562 
330 405 370 563 561 
331 561 563 372 564 
332 562 561 564 121 
333 403 517 565 566 
334 517 404 567 565 
335 565 567 370 568 
336 566 565 568 405 
337 515 536 569 570 
338 536 516 571 569 
339 569 571 404 572 
340 570 569 572 517 
341 533 575 573 574 
342 575 532 576 573 
343 573 576 536 577 
344 574 573 577 515 
345 297 579 578 461 
346 579 456 580 578 
347 578 580 455 581 
348 461 578 581 434 
349 388 458 582 478 
350 458 428 583 582 
351 582 583 431 529 
352 478 582 529 300 
353 300 585 584 535 
354 585 529 586 584 
355 584 586 528 587 
356 535 584 587 516 
357 593 299 594 592 
358 592 594 430 595 
359 7 597 596 146 
360 597 16 598 596 
361 596 598 15 32 
362 146 596 32 13 
363 13 600 599 150 
364 600 32 601 599 
365 599 601 31 48 
366 150 599 48 26 
367 26 603 602 154 
368 603 48 604 602 
369 602 604 47 85 
370 154 602 85 42 
371 42 606 605 272 
372 606 85 607 605 
373 605 607 84 294 
374 272 605 294 58 
375 58 609 608 412 
376 609 294 610 608 
377 608 610 293 425 
378 412 608 425 90 
379 90 612 611 438 
380 612 425 613 611 
381 436 615 614 520 
382 615 438 616 614 
383 614 616 299 593 
384 429 619 617 618 
385 619 593 620 617 
386 617 620 592 621 
387 618 617 621 457 
388 626 5 627 625 
389 625 627 513 628 
390 428 595 629 583 
391 595 430 630 629 
392 629 630 5 626 
393 583 629 626 431 
394 431 633 631 632 
395 633 626 634 631 
396 631 634 625 635 
397 632 631 635 530 
398 299 637 636 594 
399 594 636 639 430 
400 430 639 640 630 
401 630 640 642 5 
402 438 644 643 616 
403 644 611 645 643 
404 616 643 637 299 
405 15 647 646 33 
406 647 17 648 646 
407 646 648 8 649 
408 33 646 649 18 
409 31 651 650 49 
410 651 33 652 650 
411 650 652 18 653 
412 49 650 653 34 
413 47 655 654 86 
414 655 49 656 654 
415 654 656 34 657 
416 86 654 657 50 
417 659 86 660 658 
418 658 660 50 661 
419 637 676 674 675 
420 676 589 677 674 
421 674 677 638 678 
422 675 674 678 636 
423 5 642 682 627 
424 642 591 683 682 
425 682 683 622 684 
426 627 682 684 513 
427 640 687 685 686 
428 687 641 688 685 
429 685 688 591 689 
430 686 685 689 642 
431 425 691 690 613 
432 691 293 692 690 
433 611 694 693 645 
434 694 613 695 693 
435 671 702 700 701 
436 702 424 703 700 
437 700 703 672 704 
438 701 700 704 670 
439 18 649 705 45 
440 649 8 706 705 
441 705 706 29 707 
442 45 705 707 28 
443 34 653 708 73 
444 653 18 709 708 
445 708 709 45 710 
446 73 708 710 44 
447 50 657 711 119 
448 657 34 712 711 
449 711 712 73 713 
450 119 711 713 72 
451 661 50 715 714 
452 714 715 119 716 
453 720 721 510 722 
454 591 681 726 683 
455 681 427 727 726 
456 726 727 623 728 
457 683 726 728 622 
458 679 731 729 730 
459 731 680 732 729 
460 729 732 427 733 
461 730 729 733 681 
462 613 735 734 695 
463 735 690 736 734 
464 424 738 737 703 
465 738 697 739 737 
466 737 739 696 740 
467 703 737 740 672 
468 427 725 741 727 
469 725 669 742 741 
470 741 742 720 743 
471 727 741 743 623 
472 680 745 744 732 
473 745 723 746 744 
474 744 746 725 747 
475 732 744 747 427 
476 757 667 758 756 
477 756 758 698 759 
478 739 756 759 696 
479 294 761 760 610 
480 761 84 762 760 
481 760 762 295 663 
482 610 760 663 293 
483 293 764 763 692 
484 764 663 765 763 
485 690 767 766 736 
486 767 692 768 766 
487 734 771 769 770 
488 771 736 772 769 
489 769 772 667 757 
490 770 769 757 697 
491 697 775 773 774 
492 775 757 776 773 
493 773 776 756 777 
494 774 773 777 739 
495 782 724 783 781 
496 781 783 669 784 
497 746 781 784 725 
498 699 787 785 786 
499 787 666 788 785 
500 785 788 724 782 
501 786 785 782 723 
502 723 791 789 790 
503 791 782 792 789 
504 789 792 781 793 
505 790 789 793 746 
506 667 795 794 758 
507 758 794 797 698 
508 798 799 717 800 
509 721 798 800 510 
510 669 780 801 742 
511 780 296 802 801 
512 801 802 721 803 
513 742 801 803 720 
514 724 805 804 783 
515 804 806 780 807 
516 783 804 807 669 
517 736 809 808 772 
518 809 766 810 808 
519 808 810 753 795 
520 772 808 795 667 
521 795 821 819 820 
522 821 753 822 819 
523 819 822 796 823 
524 820 819 823 794 
525 666 825 824 788 
526 825 755 826 824 
527 788 824 805 724 
528 830 832 296 833 
529 806 830 833 780 
530 805 836 834 835 
531 836 778 837 834 
532 834 837 806 838 
533 835 834 838 804 
534 692 840 839 768 
535 840 763 841 839 
536 843 812 844 842 
537 842 844 811 845 
538 752 818 846 847 
539 818 754 848 846 
540 846 848 668 849 
541 847 846 849 755 
542 852 817 853 850 
543 850 853 754 854 
544 851 850 854 818 
545 796 857 855 856 
546 857 815 851 855 
547 855 851 818 858 
548 856 855 858 752 
549 766 860 859 810 
550 860 768 861 859 
551 859 861 426 816 
552 810 859 816 753 
553 816 864 862 863 
554 864 426 865 862 
555 862 865 817 852 
556 863 862 852 815 
557 815 868 866 867 
558 868 852 869 866 
559 866 869 850 870 
560 867 866 870 851 
561 755 849 871 826 
562 849 668 872 871 
563 668 874 873 872 
564 874 814 875 873 
565 873 875 827 876 
566 871 879 877 878 
567 879 872 880 877 
568 877 880 779 881 
569 826 884 882 883 
570 884 871 878 882 
571 882 878 831 885 
572 883 882 885 778 
573 296 829 886 802 
574 829 751 887 886 
575 886 887 798 888 
576 802 886 888 721 
577 876 827 890 889 
578 889 890 829 891 
579 832 889 891 296 
580 831 881 892 893 
581 881 779 894 892 
582 892 894 832 895 
583 893 892 895 830 
584 878 898 896 897 
585 898 877 899 896 
586 896 899 881 900 
587 897 896 900 831 
588 754 845 901 848 
589 845 811 902 901 
590 901 902 814 874 
591 848 901 874 668 
592 817 904 903 853 
593 904 842 905 903 
594 903 905 845 906 
595 853 903 906 754 
596 872 908 907 880 
597 908 873 909 907 
598 907 909 876 910 
599 880 907 910 779 
600 912 658 913 911 
601 911 913 661 914 
602 812 924 923 844 
603 924 749 925 923 
604 844 923 926 811 
605 814 931 930 875 
606 931 748 932 930 
607 875 930 933 827 
608 663 935 934 765 
609 935 295 936 934 
610 763 938 937 841 
611 938 765 939 937 
612 749 941 940 925 
613 941 920 942 940 
614 940 942 919 943 
615 925 940 943 813 
616 811 926 944 902 
617 926 813 945 944 
618 944 945 748 931 
619 902 944 931 814 
620 923 948 946 947 
621 948 925 949 946 
622 946 949 813 950 
623 947 946 950 926 
624 748 952 951 932 
625 952 922 953 951 
626 951 953 927 954 
627 932 951 954 828 
628 827 933 955 890 
629 933 828 956 955 
630 955 956 751 957 
631 890 955 957 829 
632 930 960 958 959 
633 960 932 961 958 
634 958 961 828 962 
635 959 958 962 933 
636 914 661 964 963 
637 963 964 714 965 
638 966 967 718 968 
639 799 966 968 717 
640 922 974 973 953 
641 974 750 975 973 
642 973 975 928 976 
643 953 973 976 927 
644 765 981 980 939 
645 981 934 982 980 
646 980 982 916 978 
647 662 985 983 984 
648 985 978 986 983 
649 983 986 977 987 
650 984 983 987 921 
651 750 989 988 975 
652 989 970 990 988 
653 988 990 969 991 
654 975 988 991 928 
655 664 993 992 917 
656 993 911 994 992 
657 992 994 914 995 
658 917 992 995 87 
659 997 664 998 996 
660 996 998 917 999 
661 978 1001 1000 986 
662 1001 916 1002 1000 
663 1000 1002 979 1003 
664 986 1000 1003 977 
665 999 917 1005 1004 
666 1004 1005 87 1006 
667 979 1009 1007 1008 
668 1009 996 1010 1007 
669 1007 1010 999 1011 
670 1008 1007 1011 915 
671 1 1014 1012 1013 
672 1014 12 144 1012 
673 1012 144 10 62 
674 1013 1012 62 11 
675 16 1016 1015 598 
676 1016 2 1017 1015 
677 1015 1017 17 647 
678 598 1015 647 15 
679 20 94 1018 1019 
680 94 19 542 1018 
681 1018 542 22 1020 
682 1019 1018 1020 4 
683 10 1023 1021 1022 
684 1023 25 148 1021 
685 1021 148 23 66 
686 1022 1021 66 24 
687 21 46 1024 543 
688 46 28 1025 1024 
689 1024 1025 30 1026 
690 543 1024 1026 9 
691 32 1028 1027 601 
692 1028 15 1029 1027 
693 1027 1029 33 651 
694 601 1027 651 31 
695 36 97 1030 1031 
696 97 35 546 1030 
697 1030 546 38 1032 
698 1031 1030 1032 19 
699 23 1035 1033 1034 
700 1035 41 152 1033 
701 1033 152 39 70 
702 1034 1033 70 40 
703 37 74 1036 547 
704 74 44 1037 1036 
705 1036 1037 46 1038 
706 547 1036 1038 21 
707 48 1040 1039 604 
708 1040 31 1041 1039 
709 1039 1041 49 655 
710 604 1039 655 47 
711 52 100 1042 1043 
712 100 51 550 1042 
713 1042 550 54 1044 
714 1043 1042 1044 35 
715 70 1047 1045 1046 
716 1047 39 156 1045 
717 1045 156 56 112 
718 1046 1045 112 68 
719 53 120 1048 551 
720 120 72 1049 1048 
721 1048 1049 74 1050 
722 551 1048 1050 37 
723 76 104 1051 1052 
724 104 75 554 1051 
725 1051 554 78 1053 
726 1052 1051 1053 51 
727 85 1055 1054 607 
728 1055 47 1056 1054 
729 1054 1056 86 659 
730 607 1054 659 84 
731 98 135 1057 1058 
732 135 76 1052 1057 
733 1057 1052 51 1059 
734 1058 1057 1059 100 
735 77 369 1060 555 
736 369 118 1061 1060 
737 1060 1061 120 1062 
738 555 1060 1062 53 
739 103 231 1063 1064 
740 231 121 558 1063 
741 1063 558 123 1065 
742 1064 1063 1065 75 
743 117 142 1066 1067 
744 142 83 200 1066 
745 1066 200 125 1068 
746 1067 1066 1068 136 
747 130 1070 1069 197 
748 1070 191 222 1069 
749 1069 222 190 1071 
750 197 1069 1071 170 
751 190 225 1072 1073 
752 225 192 1074 1072 
753 1072 1074 131 240 
754 1073 1072 240 193 
755 170 1071 1075 209 
756 1071 190 1073 1075 
757 1075 1073 193 1076 
758 209 1075 1076 128 
759 105 1078 1077 224 
760 1078 218 255 1077 
761 1077 255 217 1079 
762 224 1077 1079 192 
763 217 258 1080 1081 
764 258 219 1082 1080 
765 1080 1082 186 267 
766 1081 1080 267 220 
767 192 1079 1083 1074 
768 1079 217 1081 1083 
769 1083 1081 220 260 
770 1074 1083 260 131 
771 128 1076 1084 1085 
772 1076 193 239 1084 
773 1084 239 226 1086 
774 1085 1084 1086 205 
775 229 375 1087 1088 
776 375 230 562 1087 
777 1087 562 121 1089 
778 1088 1087 1089 231 
779 126 335 1090 1091 
780 335 229 1088 1090 
781 1090 1088 231 1092 
782 1091 1090 1092 103 
783 109 237 1093 1094 
784 237 189 356 1093 
785 1093 356 232 1095 
786 1094 1093 1095 201 
787 219 285 1096 1082 
788 285 250 1097 1096 
789 1096 1097 253 1098 
790 1082 1096 1098 186 
791 186 1098 1099 268 
792 1098 253 1100 1099 
793 1099 1100 263 1101 
794 268 1099 1101 236 
795 301 393 1102 1103 
796 393 303 1104 1102 
797 1102 1104 91 407 
798 1103 1102 407 304 
799 248 382 1105 349 
800 382 301 1103 1105 
801 1105 1103 304 400 
802 349 1105 400 185 
803 314 1107 1106 385 
804 1107 316 449 1106 
805 1106 449 184 391 
806 385 1106 391 302 
807 292 1109 1108 323 
808 1109 317 1110 1108 
809 1108 1110 306 325 
810 323 1108 325 247 
811 338 354 1111 360 
812 354 249 1112 1111 
813 1111 1112 341 1113 
814 360 1111 1113 339 
815 122 511 1114 559 
816 511 367 1115 1114 
817 1114 1115 369 1116 
818 559 1114 1116 77 
819 370 514 1117 563 
820 514 371 1118 1117 
821 1117 1118 122 1119 
822 563 1117 1119 372 
823 303 419 1120 1104 
824 419 386 477 1120 
825 1120 477 389 421 
826 1104 1120 421 91 
827 374 423 1121 1122 
828 423 403 566 1121 
829 1121 566 405 1123 
830 1122 1121 1123 230 
831 416 471 1124 1125 
832 471 418 481 1124 
833 1124 481 386 1126 
834 1125 1124 1126 419 
835 432 462 1127 482 
836 462 434 1128 1127 
837 1127 1128 388 1129 
838 482 1127 1129 435 
839 448 1132 1130 1131 
840 1132 440 452 1130 
841 1130 452 387 470 
842 1131 1130 470 417 
843 456 1134 1133 580 
844 1134 429 618 1133 
845 1133 618 457 1135 
846 580 1133 1135 455 
847 434 581 1136 1128 
848 581 455 1137 1136 
849 1136 1137 458 1138 
850 1128 1136 1138 388 
851 446 527 1139 486 
852 527 459 1140 1139 
853 1139 1140 462 1141 
854 486 1139 1141 432 
855 475 499 1142 1143 
856 499 443 501 1142 
857 1142 501 485 1144 
858 1143 1142 1144 493 
859 371 624 1145 1118 
860 624 509 1146 1145 
861 1145 1146 511 1147 
862 1118 1145 1147 122 
863 404 531 1148 567 
864 531 512 1149 1148 
865 1148 1149 514 1150 
866 567 1148 1150 370 
867 422 540 1151 1152 
868 540 515 570 1151 
869 1151 570 517 1153 
870 1152 1151 1153 403 
871 442 1155 1154 523 
872 1155 518 1156 1154 
873 1154 1156 456 579 
874 523 1154 579 297 
875 529 1158 1157 586 
876 1158 431 632 1157 
877 1157 632 530 1159 
878 586 1157 1159 528 
879 516 587 1160 571 
880 587 528 1161 1160 
881 1160 1161 531 1162 
882 571 1160 1162 404 
883 84 1164 1163 762 
884 1164 659 1165 1163 
885 1163 1165 658 912 
886 762 1163 912 295 
887 589 1167 1166 677 
888 1167 671 701 1166 
889 1166 701 670 1168 
890 677 1166 1168 638 
891 641 1170 1169 688 
892 1170 679 730 1169 
893 1169 730 681 1171 
894 688 1169 1171 591 
895 696 759 1172 1173 
896 759 698 1174 1172 
897 1172 1174 666 787 
898 1173 1172 787 699 
899 672 740 1175 1176 
900 740 696 1173 1175 
901 1175 1173 699 1177 
902 1176 1175 1177 590 
903 590 1177 1178 1179 
904 1177 699 786 1178 
905 1178 786 723 745 
906 1179 1178 745 680 
907 695 1182 1180 1181 
908 1182 734 770 1180 
909 1180 770 697 738 
910 1181 1180 738 424 
911 698 797 1183 1174 
912 797 752 847 1183 
913 1183 847 755 825 
914 1174 1183 825 666 
915 794 823 1184 1185 
916 823 796 856 1184 
917 1184 856 752 1186 
918 1185 1184 1186 797 
919 751 929 1187 887 
920 929 665 1188 1187 
921 1187 1188 799 1189 
922 887 1187 1189 798 
923 753 1191 1190 822 
924 1191 816 863 1190 
925 1190 863 815 857 
926 822 1190 857 796 
927 824 1194 1192 1193 
928 1194 826 883 1192 
929 1192 883 778 836 
930 1193 1192 836 805 
931 778 885 1195 837 
932 885 831 893 1195 
933 1195 893 830 1196 
934 837 1195 1196 806 
935 768 1198 1197 861 
936 1198 839 1199 1197 
937 1197 1199 812 843 
938 861 1197 843 426 
939 426 1201 1200 865 
940 1201 843 1202 1200 
941 1200 1202 842 904 
942 865 1200 904 817 
943 779 910 1203 894 
944 910 876 1204 1203 
945 1203 1204 889 1205 
946 894 1203 1205 832 
947 295 1207 1206 936 
948 1207 912 1208 1206 
949 1206 1208 911 993 
950 936 1206 993 664 
951 920 1210 1209 942 
952 1210 662 984 1209 
953 1209 984 921 1211 
954 942 1209 1211 919 
955 919 1211 1212 1213 
956 1211 921 1214 1212 
957 1212 1214 750 974 
958 1213 1212 974 922 
959 813 943 1215 945 
960 943 919 1213 1215 
961 1215 1213 922 952 
962 945 1215 952 748 
963 828 954 1216 956 
964 954 927 1217 1216 
965 1216 1217 929 1218 
966 956 1216 1218 751 
967 934 1220 1219 982 
968 1220 936 1221 1219 
969 1219 1221 664 997 
970 982 1219 997 916 
971 87 995 1222 967 
972 995 914 1223 1222 
973 1222 1223 963 1224 
974 967 1222 1224 718 
975 665 972 1225 1188 
976 972 918 1226 1225 
977 1225 1226 966 1227 
978 1188 1225 1227 799 
979 918 1006 1228 1226 
980 1006 87 1229 1228 
981 1228 1229 967 1230 
982 1226 1228 1230 966 
983 977 1003 1231 1232 
984 1003 979 1008 1231 
985 1231 1008 915 1233 
986 1232 1231 1233 970 
987 921 987 1234 1214 
988 987 977 1232 1234 
989 1234 1232 970 989 
990 1214 1234 989 750 
991 916 1236 1235 1002 
992 1236 997 1237 1235 
993 1235 1237 996 1009 
994 1002 1235 1009 979 
995 28 707 1238 1025 
996 707 29 1239 1238 
997 1238 1239 3 1240 
998 1025 1238 1240 30 
999 44 710 1241 1037 
1000 710 45 1242 1241 
1001 1241 1242 28 1243 
1002 1037 1241 1243 46 
1003 72 713 1244 1049 
1004 713 73 1245 1244 
1005 1244 1245 44 1246 
1006 1049 1244 1246 74 
1007 101 127 1247 1248 
1008 127 103 1064 1247 
1009 1247 1064 75 1249 
1010 1248 1247 1249 104 
1011 102 138 1250 1251 
1012 138 101 1248 1250 
1013 1250 1248 104 1252 
1014 1251 1250 1252 76 
1015 118 716 1253 1061 
1016 716 119 1254 1253 
1017 1253 1254 72 1255 
1018 1061 1253 1255 120 
1019 124 234 1256 1257 
1020 234 126 1091 1256 
1021 1256 1091 103 1258 
1022 1257 1256 1258 127 
1023 125 202 1259 1260 
1024 202 124 1257 1259 
1025 1259 1257 127 1261 
1026 1260 1259 1261 101 
1027 136 1068 1262 1263 
1028 1068 125 1260 1262 
1029 1262 1260 101 1264 
1030 1263 1262 1264 138 
1031 132 228 1265 1266 
1032 228 109 1094 1265 
1033 1265 1094 201 1267 
1034 1266 1265 1267 199 
1035 171 210 1268 1269 
1036 210 128 1085 1268 
1037 1268 1085 205 1270 
1038 1269 1268 1270 203 
1039 367 719 1271 1115 
1040 719 368 1272 1271 
1041 1271 1272 118 1273 
1042 1115 1271 1273 369 
1043 373 409 1274 1275 
1044 409 374 1122 1274 
1045 1274 1122 230 1276 
1046 1275 1274 1276 375 
1047 334 402 1277 1278 
1048 402 373 1275 1277 
1049 1277 1275 375 1279 
1050 1278 1277 1279 229 
1051 455 1135 1280 1137 
1052 1135 457 1281 1280 
1053 1280 1281 428 1282 
1054 1137 1280 1282 458 
1055 509 722 1283 1146 
1056 722 510 1284 1283 
1057 1283 1284 367 1285 
1058 1146 1283 1285 511 
1059 512 628 1286 1149 
1060 628 513 1287 1286 
1061 1286 1287 371 1288 
1062 1149 1286 1288 514 
1063 518 1290 1289 1156 
1064 1290 520 1291 1289 
1065 1289 1291 429 1134 
1066 1156 1289 1134 456 
1067 528 1159 1292 1161 
1068 1159 530 1293 1292 
1069 1292 1293 512 1294 
1070 1161 1292 1294 531 
1071 457 621 1295 1281 
1072 621 592 1296 1295 
1073 1295 1296 595 1297 
1074 1281 1295 1297 428 
1075 520 1299 1298 1291 
1076 1299 614 1300 1298 
1077 1298 1300 593 619 
1078 1291 1298 619 429 
1079 513 684 1301 1287 
1080 684 622 1302 1301 
1081 1301 1302 624 1303 
1082 1287 1301 1303 371 
1083 530 635 1304 1293 
1084 635 625 1305 1304 
1085 1304 1305 628 1306 
1086 1293 1304 1306 512 
1087 670 704 1307 1308 
1088 704 672 1176 1307 
1089 1307 1176 590 1309 
1090 1308 1307 1309 673 
1091 638 1168 1310 1311 
1092 1168 670 1308 1310 
1093 1310 1308 673 1312 
1094 1311 1310 1312 588 
1095 588 1312 1313 1314 
1096 1312 673 1315 1313 
1097 1313 1315 679 1170 
1098 1314 1313 1170 641 
1099 673 1309 1316 1315 
1100 1309 590 1179 1316 
1101 1316 1179 680 731 
1102 1315 1316 731 679 
1103 693 1319 1317 1318 
1104 1319 695 1181 1317 
1105 1317 1181 424 702 
1106 1318 1317 702 671 
1107 645 1322 1320 1321 
1108 1322 693 1318 1320 
1109 1320 1318 671 1167 
1110 1321 1320 1167 589 
1111 368 965 1323 1272 
1112 965 714 1324 1323 
1113 1323 1324 716 1325 
1114 1272 1323 1325 118 
1115 510 800 1326 1284 
1116 800 717 1327 1326 
1117 1326 1327 719 1328 
1118 1284 1326 1328 367 
1119 839 1330 1329 1199 
1120 1330 841 1331 1329 
1121 1329 1331 749 924 
1122 1199 1329 924 812 
1123 927 976 1332 1217 
1124 976 928 1333 1332 
1125 1332 1333 665 1334 
1126 1217 1332 1334 929 
1127 841 1336 1335 1331 
1128 1336 937 1337 1335 
1129 1335 1337 920 941 
1130 1331 1335 941 749 
1131 970 1233 1338 990 
1132 1233 915 1339 1338 
1133 1338 1339 971 1340 
1134 990 1338 1340 969 
1135 928 991 1341 1333 
1136 991 969 1342 1341 
1137 1341 1342 972 1343 
1138 1333 1341 1343 665 
1139 915 1011 1344 1339 
1140 1011 999 1345 1344 
1141 1344 1345 1004 1346 
1142 1339 1344 1346 971 
1143 83 206 1347 1348 
1144 206 132 1266 1347 
1145 1347 1266 199 1349 
1146 1348 1347 1349 200 
1147 333 378 1350 1351 
1148 378 334 1278 1350 
1149 1350 1278 229 1352 
1150 1351 1350 1352 335 
1151 233 342 1353 1354 
1152 342 333 1351 1353 
1153 1353 1351 335 1355 
1154 1354 1353 1355 126 
1155 622 728 1356 1302 
1156 728 623 1357 1356 
1157 1356 1357 509 1358 
1158 1302 1356 1358 624 
1159 636 678 1359 1360 
1160 678 638 1311 1359 
1161 1359 1311 588 1361 
1162 1360 1359 1361 639 
1163 639 1361 1362 1363 
1164 1361 588 1314 1362 
1165 1362 1314 641 687 
1166 1363 1362 687 640 
1167 643 1366 1364 1365 
1168 1366 645 1321 1364 
1169 1364 1321 589 676 
1170 1365 1364 676 637 
1171 717 968 1367 1327 
1172 968 718 1368 1367 
1173 1367 1368 368 1369 
1174 1327 1367 1369 719 
1175 623 743 1370 1357 
1176 743 720 1371 1370 
1177 1370 1371 722 1372 
1178 1357 1370 1372 509 
1179 937 1374 1373 1337 
1180 1374 939 1375 1373 
1181 1373 1375 662 1210 
1182 1337 1373 1210 920 
1183 718 1224 1376 1368 
1184 1224 963 1377 1376 
1185 1376 1377 965 1378 
1186 1368 1376 1378 368 
1187 969 1340 1379 1342 
1188 1340 971 1380 1379 
1189 1379 1380 918 1381 
1190 1342 1379 1381 972 
1191 939 1383 1382 1375 
1192 1383 980 1384 1382 
1193 1382 1384 978 985 
1194 1375 1382 985 662 
1195 971 1346 1385 1380 
1196 1346 1004 1386 1385 
1197 1385 1386 1006 1387 
1198 1380 1385 1387 918 
