2 0.000000 100.000000 178.105148
1387 1198 
1 -276.279947 0.000000 -280.179887 99.939083 0.000000 3.489950 0.002438 
2 331.535936 0.000000 -280.179887 99.944500 0.000636 3.486307 0.002327 
3 331.535936 0.000000 285.678573 99.934514 -0.000051 3.485467 0.002526 
4 -276.279947 0.000000 285.678573 99.939083 0.000000 3.489950 0.002438 
5 27.627995 0.000000 2.749343 137.806463 0.133315 -16.952555 -0.630711 
6 -276.279947 0.000000 2.749343 99.939083 0.000000 3.489950 0.002438 
7 27.627995 0.000000 -280.179887 99.939083 0.000000 3.489950 0.002438 
8 331.535936 0.000000 2.749343 100.014234 0.006715 1.341280 -0.000105 
9 27.627995 0.000000 285.678573 99.939083 0.000000 3.489950 0.002438 
10 -124.325976 0.000000 -138.715272 99.939083 0.000000 3.489950 0.002438 
11 -276.279947 0.000000 -138.715272 99.939083 0.000000 3.489950 0.002438 
12 -124.325976 0.000000 -280.179887 99.939083 0.000000 3.489950 0.002438 
13 27.627995 0.000000 -138.715272 99.939083 0.000000 3.489950 0.002438 
14 -124.325976 0.000000 2.749343 99.939083 0.000000 3.489950 0.002438 
15 179.581965 0.000000 -138.715272 99.963558 0.003330 3.476678 0.001939 
16 179.581965 0.000000 -280.179887 99.939083 0.000000 3.489950 0.002438 
17 331.535936 0.000000 -138.715272 99.941505 0.001031 3.464935 0.002372 
18 179.581965 0.000000 2.749343 100.050205 0.005622 0.328236 -0.000993 
19 -124.325976 0.000000 144.213958 99.939083 0.000000 3.489950 0.002438 
20 -276.279947 0.000000 144.213958 99.939083 0.000000 3.489950 0.002438 
21 27.627995 0.000000 144.213958 99.939083 0.000000 3.489950 0.002438 
22 -124.325976 0.000000 285.678573 99.939083 0.000000 3.489950 0.002438 
23 -48.348991 0.000000 -67.982965 99.939083 0.000000 3.489950 0.002438 
24 -124.325976 0.000000 -67.982965 99.939083 0.000000 3.489950 0.002438 
25 -48.348991 0.000000 -138.715272 99.939083 0.000000 3.489950 0.002438 
26 27.627995 0.000000 -67.982965 99.939083 0.000000 3.489950 0.002438 
27 -48.348991 0.000000 2.749343 99.939083 0.000000 3.489950 0.002438 
28 179.581965 0.000000 144.213958 99.921174 -0.004341 3.473138 0.002785 
29 331.535936 0.000000 144.213958 99.938893 -0.000849 3.459164 0.002420 
30 179.581965 0.000000 285.678573 99.939083 0.000000 3.489950 0.002438 
31 103.604980 0.000000 -67.982965 97.950454 0.002197 1.829675 0.041512 
32 103.604980 0.000000 -138.715272 99.939083 0.000000 3.489950 0.002438 
33 179.581965 0.000000 -67.982965 99.949571 0.002255 3.389215 0.002159 
34 103.604980 0.000000 2.749343 100.069541 0.002656 -0.082651 -0.001390 
35 -48.348991 0.000000 73.481651 99.939083 0.000000 3.489950 0.002438 
36 -124.325976 0.000000 73.481651 99.939083 0.000000 3.489950 0.002438 
37 27.627995 0.000000 73.481651 99.939083 0.000000 3.489950 0.002438 
38 -48.348991 0.000000 144.213958 99.939083 0.000000 3.489950 0.002438 
39 -10.360498 0.000000 -32.616811 99.939083 0.000000 3.489950 0.002438 
40 -48.348991 0.000000 -32.616811 99.939083 0.000000 3.489950 0.002438 
41 -10.360498 0.000000 -67.982965 99.939083 0.000000 3.489950 0.002438 
42 27.627995 0.000000 -32.616811 100.553150 0.005653 3.965079 -0.009489 
43 -10.360498 0.000000 2.749343 99.939083 0.000000 3.489950 0.002438 
44 103.604980 0.000000 73.481651 100.192028 -0.003448 3.155838 -0.002845 
45 179.581965 0.000000 73.481651 99.937788 -0.002394 3.378512 0.002387 
46 103.604980 0.000000 144.213958 99.939083 0.000000 3.489950 0.002438 
47 65.616487 0.000000 -32.616811 99.144415 0.000133 2.538037 0.017796 
48 65.616487 0.000000 -67.982965 99.955810 -0.000838 3.505394 0.002114 
49 103.604980 0.000000 -32.616811 99.984685 0.003334 3.104983 0.001271 
50 65.616487 0.000000 2.749343 100.265726 0.000879 0.255807 -0.005305 
51 -10.360498 0.000000 38.115497 99.939083 0.000000 3.489950 0.002438 
52 -48.348991 0.000000 38.115497 99.939083 0.000000 3.489950 0.002438 
53 27.627995 0.000000 38.115497 99.939083 0.000000 3.489950 0.002438 
54 -10.360498 0.000000 73.481651 99.939083 0.000000 3.489950 0.002438 
55 8.633748 0.000000 -14.933734 99.939083 0.000000 3.489950 0.002438 
56 -10.360498 0.000000 -14.933734 99.939083 0.000000 3.489950 0.002438 
57 8.633748 0.000000 -32.616811 99.939083 0.000000 3.489950 0.002438 
58 27.627995 0.000000 -14.933734 99.561748 -0.002559 3.176450 0.009789 
59 8.633748 0.000000 2.749343 100.373164 -0.015470 3.516786 -0.006226 
60 -200.302961 0.000000 -67.982965 99.939083 0.000000 3.489950 0.002438 
61 -276.279947 0.000000 -67.982965 99.939083 0.000000 3.489950 0.002438 
62 -200.302961 0.000000 -138.715272 99.939083 0.000000 3.489950 0.002438 
63 -200.302961 0.000000 2.749343 99.939083 0.000000 3.489950 0.002438 
64 -86.337483 0.000000 -32.616811 99.939083 0.000000 3.489950 0.002438 
65 -124.325976 0.000000 -32.616811 99.939083 0.000000 3.489950 0.002438 
66 -86.337483 0.000000 -67.982965 99.939083 0.000000 3.489950 0.002438 
67 -86.337483 0.000000 2.749343 99.939083 0.000000 3.489950 0.002438 
68 -29.354744 0.000000 -14.933734 99.939083 0.000000 3.489950 0.002438 
69 -48.348991 0.000000 -14.933734 99.939083 0.000000 3.489950 0.002438 
70 -29.354744 0.000000 -32.616811 99.939083 0.000000 3.489950 0.002438 
71 -29.354744 0.000000 2.749343 99.939083 0.000000 3.489950 0.002438 
72 65.616487 0.000000 38.115497 100.826144 -0.000043 2.589393 -0.015830 
73 103.604980 0.000000 38.115497 99.937967 -0.003980 3.131775 0.002223 
74 65.616487 0.000000 73.481651 100.021215 -0.001410 3.425510 0.000749 
75 8.633748 0.000000 20.432420 99.939083 0.000000 3.489950 0.002438 
76 -10.360498 0.000000 20.432420 99.939083 0.000000 3.489950 0.002438 
77 27.627995 0.000000 20.432420 99.931523 0.000172 3.456562 0.002566 
78 8.633748 0.000000 38.115497 99.939083 0.000000 3.489950 0.002438 
79 -0.863375 0.000000 -6.092195 99.939083 0.000000 3.489950 0.002438 
80 -10.360498 0.000000 -6.092195 99.939083 0.000000 3.489950 0.002438 
81 -0.863375 0.000000 -14.933734 99.939083 0.000000 3.489950 0.002438 
82 8.633748 0.000000 -6.092195 99.531605 -0.037565 3.437292 0.010568 
83 -0.863375 0.000000 2.749343 99.939083 0.000000 3.489950 0.002438 
84 46.622241 0.000000 -14.933734 98.441954 -0.000037 1.562560 0.031514 
85 46.622241 0.000000 -32.616811 99.501884 0.000248 3.121755 0.010955 
86 65.616487 0.000000 -14.933734 100.625274 0.004184 2.603996 -0.011816 
87 46.622241 0.000000 2.749343 103.843516 -0.008420 -2.737542 -0.075455 
88 18.130872 0.000000 -6.092195 99.538770 -0.005588 3.309242 0.010337 
89 18.130872 0.000000 -14.933734 99.880405 -0.016696 3.533613 0.003644 
90 27.627995 0.000000 -6.092195 79.350135 -0.000174 -6.783364 0.428340 
91 18.130872 0.000000 2.749343 106.766008 -0.035869 4.693569 -0.131004 
92 -200.302961 0.000000 73.481651 99.939083 0.000000 3.489950 0.002438 
93 -276.279947 0.000000 73.481651 99.939083 0.000000 3.489950 0.002438 
94 -200.302961 0.000000 144.213958 99.939083 0.000000 3.489950 0.002438 
95 -86.337483 0.000000 38.115497 99.939083 0.000000 3.489950 0.002438 
96 -124.325976 0.000000 38.115497 99.939083 0.000000 3.489950 0.002438 
97 -86.337483 0.000000 73.481651 99.939083 0.000000 3.489950 0.002438 
98 -29.354744 0.000000 20.432420 99.939083 0.000000 3.489950 0.002438 
99 -48.348991 0.000000 20.432420 99.939083 0.000000 3.489950 0.002438 
100 -29.354744 0.000000 38.115497 99.939083 0.000000 3.489950 0.002438 
101 -0.863375 0.000000 11.590882 99.939083 0.000000 3.489950 0.002438 
102 -10.360498 0.000000 11.590882 99.939083 0.000000 3.489950 0.002438 
103 8.633748 0.000000 11.590882 99.939083 0.000000 3.489950 0.002438 
104 -0.863375 0.000000 20.432420 99.939083 0.000000 3.489950 0.002438 
105 3.885187 0.000000 -1.671426 49.867114 0.947650 -1.783468 0.977779 
106 -0.863375 0.000000 -1.671426 99.939083 0.000000 3.489950 0.002438 
107 3.885187 0.000000 -6.092195 99.939083 0.000000 3.489950 0.002438 
108 8.633748 0.000000 -1.671426 92.496287 -0.125645 2.296858 0.152698 
109 3.885187 0.000000 2.749343 88.546935 0.133342 12.022791 0.250150 
110 -19.857621 0.000000 -6.092195 99.939083 0.000000 3.489950 0.002438 
111 -29.354744 0.000000 -6.092195 99.939083 0.000000 3.489950 0.002438 
112 -19.857621 0.000000 -14.933734 99.939083 0.000000 3.489950 0.002438 
113 -19.857621 0.000000 2.749343 99.939083 0.000000 3.489950 0.002438 
114 -5.611936 0.000000 -1.671426 99.939083 0.000000 3.489950 0.002438 
115 -10.360498 0.000000 -1.671426 99.939083 0.000000 3.489950 0.002438 
116 -5.611936 0.000000 -6.092195 99.939083 0.000000 3.489950 0.002438 
117 -5.611936 0.000000 2.749343 99.939083 0.000000 3.489950 0.002438 
118 46.622241 0.000000 20.432420 100.879305 0.000038 2.122367 -0.017107 
119 65.616487 0.000000 20.432420 99.946887 -0.007334 2.586019 0.001732 
120 46.622241 0.000000 38.115497 99.983842 0.000529 3.423672 0.001496 
121 18.130872 0.000000 11.590882 99.982657 0.016134 3.418609 0.001516 
122 27.627995 0.000000 11.590882 98.894479 0.001361 3.744724 0.023588 
123 18.130872 0.000000 20.432420 99.183050 0.065800 4.135390 0.018100 
124 3.885187 0.000000 7.170112 99.939083 0.000000 3.489950 0.002438 
125 -0.863375 0.000000 7.170112 99.939083 0.000000 3.489950 0.002438 
126 8.633748 0.000000 7.170112 102.283899 0.055593 2.089073 -0.045014 
127 3.885187 0.000000 11.590882 99.939083 0.000000 3.489950 0.002438 
128 1.510906 0.000000 0.538958 122.807348 -0.797923 -9.537440 -0.415686 
129 -0.863375 0.000000 0.538958 99.939083 0.000000 3.489950 0.002438 
130 1.510906 0.000000 -1.671426 141.126250 -1.487989 37.831215 -0.619903 
131 3.885187 0.000000 0.538958 62.713211 1.286457 18.252796 0.801639 
132 1.510906 0.000000 2.749343 99.939083 0.000000 3.489950 0.002438 
133 -19.857621 0.000000 11.590882 99.939083 0.000000 3.489950 0.002438 
134 -29.354744 0.000000 11.590882 99.939083 0.000000 3.489950 0.002438 
135 -19.857621 0.000000 20.432420 99.939083 0.000000 3.489950 0.002438 
136 -5.611936 0.000000 7.170112 99.939083 0.000000 3.489950 0.002438 
137 -10.360498 0.000000 7.170112 99.939083 0.000000 3.489950 0.002438 
138 -5.611936 0.000000 11.590882 99.939083 0.000000 3.489950 0.002438 
139 -3.237656 0.000000 0.538958 99.939083 0.000000 3.489950 0.002438 
140 -5.611936 0.000000 0.538958 99.939083 0.000000 3.489950 0.002438 
141 -3.237656 0.000000 -1.671426 99.939083 0.000000 3.489950 0.002438 
142 -3.237656 0.000000 2.749343 99.939083 0.000000 3.489950 0.002438 
143 -48.348991 0.000000 -209.447580 99.939083 0.000000 3.489950 0.002438 
144 -124.325976 0.000000 -209.447580 99.939083 0.000000 3.489950 0.002438 
145 -48.348991 0.000000 -280.179887 99.939083 0.000000 3.489950 0.002438 
146 27.627995 0.000000 -209.447580 99.939083 0.000000 3.489950 0.002438 
147 -10.360498 0.000000 -103.349118 99.939083 0.000000 3.489950 0.002438 
148 -48.348991 0.000000 -103.349118 99.939083 0.000000 3.489950 0.002438 
149 -10.360498 0.000000 -138.715272 99.939083 0.000000 3.489950 0.002438 
150 27.627995 0.000000 -103.349118 99.939083 0.000000 3.489950 0.002438 
151 8.633748 0.000000 -50.299888 99.939083 0.000000 3.489950 0.002438 
152 -10.360498 0.000000 -50.299888 99.939083 0.000000 3.489950 0.002438 
153 8.633748 0.000000 -67.982965 99.939083 0.000000 3.489950 0.002438 
154 27.627995 0.000000 -50.299888 99.939083 0.000000 3.489950 0.002438 
155 -0.863375 0.000000 -23.775272 99.939083 0.000000 3.489950 0.002438 
156 -10.360498 0.000000 -23.775272 99.939083 0.000000 3.489950 0.002438 
157 -0.863375 0.000000 -32.616811 99.939083 0.000000 3.489950 0.002438 
158 8.633748 0.000000 -23.775272 99.939083 0.000000 3.489950 0.002438 
159 3.885187 0.000000 -10.512965 99.939083 0.000000 3.489950 0.002438 
160 -0.863375 0.000000 -10.512965 99.939083 0.000000 3.489950 0.002438 
161 3.885187 0.000000 -14.933734 99.939083 0.000000 3.489950 0.002438 
162 8.633748 0.000000 -10.512965 99.065036 -0.047866 2.754858 0.019506 
163 1.510906 0.000000 -3.881811 99.939083 0.000000 3.489950 0.002438 
164 -0.863375 0.000000 -3.881811 99.939083 0.000000 3.489950 0.002438 
165 1.510906 0.000000 -6.092195 99.939083 0.000000 3.489950 0.002438 
166 3.885187 0.000000 -3.881811 99.502894 0.406467 2.392294 0.010546 
167 0.323766 0.000000 -0.566234 9.211568 -0.050957 0.168338 1.397724 
168 -0.863375 0.000000 -0.566234 99.939083 0.000000 3.489950 0.002438 
169 0.323766 0.000000 -1.671426 99.939083 0.000000 3.489950 0.002438 
170 1.510906 0.000000 -0.566234 91.902248 3.219555 -13.323831 0.185385 
171 0.323766 0.000000 0.538958 99.939083 0.000000 3.489950 0.002438 
172 -5.611936 0.000000 -10.512965 99.939083 0.000000 3.489950 0.002438 
173 -10.360498 0.000000 -10.512965 99.939083 0.000000 3.489950 0.002438 
174 -5.611936 0.000000 -14.933734 99.939083 0.000000 3.489950 0.002438 
175 -3.237656 0.000000 -3.881811 99.939083 0.000000 3.489950 0.002438 
176 -5.611936 0.000000 -3.881811 99.939083 0.000000 3.489950 0.002438 
177 -3.237656 0.000000 -6.092195 99.939083 0.000000 3.489950 0.002438 
178 0.323766 0.000000 -2.776618 99.939083 0.000000 3.489950 0.002438 
179 -0.863375 0.000000 -2.776618 99.939083 0.000000 3.489950 0.002438 
180 0.323766 0.000000 -3.881811 99.939083 0.000000 3.489950 0.002438 
181 1.510906 0.000000 -2.776618 99.939083 0.000000 3.489950 0.002438 
182 13.382310 0.000000 -1.671426 101.056076 -0.079927 3.408511 -0.019926 
183 13.382310 0.000000 -6.092195 99.683390 0.004323 3.517494 0.007580 
184 18.130872 0.000000 -1.671426 96.171552 -0.022022 -0.959873 0.077253 
185 13.382310 0.000000 2.749343 100.280579 0.013621 13.478730 0.012605 
186 6.259468 0.000000 0.538958 91.896849 1.194972 3.920252 0.166273 
187 6.259468 0.000000 -1.671426 83.944196 -0.154586 -0.807822 0.328170 
188 8.633748 0.000000 0.538958 96.307991 0.080660 5.748768 0.077873 
189 6.259468 0.000000 2.749343 96.285490 0.260155 7.618477 0.080978 
190 2.698046 0.000000 -0.566234 64.105930 0.875008 -9.438759 0.738100 
191 2.698046 0.000000 -1.671426 66.726271 1.099562 -7.844481 0.683685 
192 3.885187 0.000000 -0.566234 24.102776 -0.387300 13.993365 1.341951 
193 2.698046 0.000000 0.538958 54.327725 1.519927 19.064108 0.961002 
194 0.917336 0.000000 -1.118830 56.088077 0.865310 -10.357526 0.888638 
195 0.323766 0.000000 -1.118830 11.549307 -0.491524 -1.759158 1.389260 
196 0.917336 0.000000 -1.671426 99.287517 0.009031 2.841330 0.015087 
197 1.510906 0.000000 -1.118830 62.153451 1.015517 -18.528086 0.813789 
198 0.917336 0.000000 -0.566234 36.495984 0.697352 8.155273 1.183799 
199 1.510906 0.000000 4.959728 99.939083 0.000000 3.489950 0.002438 
200 -0.863375 0.000000 4.959728 99.939083 0.000000 3.489950 0.002438 
201 3.885187 0.000000 4.959728 99.939083 0.000000 3.489950 0.002438 
202 1.510906 0.000000 7.170112 99.939083 0.000000 3.489950 0.002438 
203 0.323766 0.000000 1.644151 99.939083 0.000000 3.489950 0.002438 
204 -0.863375 0.000000 1.644151 99.939083 0.000000 3.489950 0.002438 
205 1.510906 0.000000 1.644151 99.939083 0.000000 3.489950 0.002438 
206 0.323766 0.000000 2.749343 99.939083 0.000000 3.489950 0.002438 
207 0.917336 0.000000 -0.013638 43.640396 1.174365 17.784090 1.127914 
208 0.323766 0.000000 -0.013638 7.596387 0.298088 1.646920 1.403335 
209 1.510906 0.000000 -0.013638 42.271342 1.841541 22.430286 1.181102 
210 0.917336 0.000000 0.538958 99.939083 0.000000 3.489950 0.002438 
211 6.259468 0.000000 -3.881811 98.168364 -0.124313 4.471786 0.038829 
212 6.259468 0.000000 -6.092195 97.225161 0.025136 1.069903 0.055933 
213 8.633748 0.000000 -3.881811 98.637811 -0.030966 3.353861 0.028470 
214 2.698046 0.000000 -2.776618 89.737210 0.254900 -5.356737 0.212058 
215 2.698046 0.000000 -3.881811 99.575390 0.002270 3.176637 0.009516 
216 3.885187 0.000000 -2.776618 103.870708 0.240331 6.812858 -0.072301 
217 5.072327 0.000000 -0.566234 79.915244 0.003945 12.150830 0.429843 
218 5.072327 0.000000 -1.671426 50.182033 1.798948 -0.649775 0.972572 
219 6.259468 0.000000 -0.566234 83.596979 -0.238296 -0.464473 0.335269 
220 5.072327 0.000000 0.538958 81.143493 1.057780 18.440101 0.429286 
221 3.291617 0.000000 -1.118830 66.727345 1.103655 -8.056036 0.684155 
222 2.698046 0.000000 -1.118830 65.041873 0.952871 -8.669226 0.718148 
223 3.291617 0.000000 -1.671426 66.719140 1.193401 -5.939746 0.680040 
224 3.885187 0.000000 -1.118830 49.660907 0.953181 -1.744657 0.981110 
225 3.291617 0.000000 -0.566234 81.253511 -0.454422 11.278428 0.399567 
226 2.698046 0.000000 1.644151 90.693406 -1.369740 8.786957 0.198083 
227 3.885187 0.000000 1.644151 108.213876 0.962774 -0.422694 -0.160655 
228 2.698046 0.000000 2.749343 99.939083 0.000000 3.489950 0.002438 
229 13.382310 0.000000 7.170112 99.611903 0.010744 3.684943 0.009135 
230 18.130872 0.000000 7.170112 100.933408 0.008254 2.283838 -0.018114 
231 13.382310 0.000000 11.590882 99.571127 0.028658 3.938573 0.010147 
232 6.259468 0.000000 4.959728 95.947970 -1.800656 7.232893 0.087585 
233 8.633748 0.000000 4.959728 101.735807 -0.182184 2.868696 -0.033772 
234 6.259468 0.000000 7.170112 99.939083 0.000000 3.489950 0.002438 
235 5.072327 0.000000 1.644151 81.095049 0.995480 18.679218 0.431434 
236 6.259468 0.000000 1.644151 85.010677 0.213721 18.369521 0.347479 
237 5.072327 0.000000 2.749343 101.775209 0.423958 3.112591 -0.034398 
238 3.291617 0.000000 1.091555 62.781628 1.289072 18.476967 0.801586 
239 2.698046 0.000000 1.091555 48.788533 1.936561 17.586017 1.046410 
240 3.291617 0.000000 0.538958 63.545777 1.295986 17.250287 0.780254 
241 3.885187 0.000000 1.091555 63.230767 1.460025 19.932217 0.801551 
242 3.291617 0.000000 1.644151 113.678803 0.422875 -5.226128 -0.260603 
243 5.072327 0.000000 -2.776618 102.924717 0.104530 10.747514 -0.046981 
244 5.072327 0.000000 -3.881811 105.340261 0.142356 8.992176 -0.097909 
245 6.259468 0.000000 -2.776618 100.537385 -0.345472 6.478826 -0.006552 
246 11.008029 0.000000 0.538958 99.327203 -0.180982 5.535871 0.016577 
247 11.008029 0.000000 -1.671426 98.819059 -0.047408 3.228979 0.024739 
248 13.382310 0.000000 0.538958 100.762654 -0.074160 3.756587 -0.013830 
249 11.008029 0.000000 2.749343 97.475954 0.105447 15.407499 0.075554 
250 7.446608 0.000000 -0.566234 88.398000 -0.018907 10.625347 0.249526 
251 7.446608 0.000000 -1.671426 88.802179 -0.049589 0.882689 0.228093 
252 8.633748 0.000000 -0.566234 95.589802 0.298539 6.359123 0.093286 
253 7.446608 0.000000 0.538958 92.446690 0.128627 9.530463 0.163225 
254 5.665897 0.000000 -1.118830 75.131572 -0.379154 -1.420879 0.508450 
255 5.072327 0.000000 -1.118830 53.554870 -0.146639 -1.032603 0.915749 
256 5.665897 0.000000 -1.671426 75.093565 -0.386365 -1.390812 0.509206 
257 6.259468 0.000000 -1.118830 83.966233 -0.148562 -0.829712 0.327721 
258 5.665897 0.000000 -0.566234 76.568317 0.861371 15.264612 0.510283 
259 4.478757 0.000000 1.091555 68.811608 1.058674 18.129195 0.681418 
260 4.478757 0.000000 0.538958 64.178530 1.199289 16.822170 0.765819 
261 5.072327 0.000000 1.091555 81.053466 0.957515 18.881923 0.433283 
262 4.478757 0.000000 1.644151 62.850915 1.287238 17.604067 0.795456 
263 7.446608 0.000000 1.644151 88.713125 0.230971 17.129731 0.264234 
264 8.633748 0.000000 1.644151 98.812058 0.006204 4.912568 0.026276 
265 7.446608 0.000000 2.749343 98.220354 -0.411845 6.002835 0.039444 
266 5.665897 0.000000 1.091555 82.249668 0.485632 19.776809 0.412481 
267 5.665897 0.000000 0.538958 85.732116 -0.802421 11.303163 0.306754 
268 6.259468 0.000000 1.091555 85.143064 0.240173 17.754636 0.341945 
269 5.665897 0.000000 1.644151 97.436109 -0.025518 9.041555 0.060051 
270 18.130872 0.000000 -23.775272 99.939083 0.000000 3.489950 0.002438 
271 18.130872 0.000000 -32.616811 99.939083 0.000000 3.489950 0.002438 
272 27.627995 0.000000 -23.775272 99.890368 -0.003585 3.470266 0.003400 
273 13.382310 0.000000 -10.512965 100.286447 0.111803 3.855940 -0.004243 
274 13.382310 0.000000 -14.933734 99.552241 0.026974 3.117488 0.009942 
275 18.130872 0.000000 -10.512965 99.848520 0.003738 3.495992 0.004256 
276 11.008029 0.000000 -3.881811 99.685385 0.088438 3.904193 0.007829 
277 11.008029 0.000000 -6.092195 100.913665 -0.121896 4.796524 -0.015962 
278 13.382310 0.000000 -3.881811 99.658778 0.009564 3.667699 0.008182 
279 7.446608 0.000000 -2.776618 100.421439 0.286390 6.456203 -0.004264 
280 7.446608 0.000000 -3.881811 98.992370 0.067514 3.444292 0.021401 
281 8.633748 0.000000 -2.776618 96.823907 -0.099339 2.998600 0.064874 
282 6.853038 0.000000 -1.118830 85.221915 -0.136763 -0.175050 0.301775 
283 6.853038 0.000000 -1.671426 85.178829 -0.139455 -0.182724 0.302663 
284 7.446608 0.000000 -1.118830 88.595148 -0.047544 0.671712 0.232317 
285 6.853038 0.000000 -0.566234 72.937833 -0.455810 3.228377 0.553719 
286 9.820889 0.000000 -0.566234 95.806318 -0.013912 2.878497 0.085450 
287 9.820889 0.000000 -1.671426 96.580424 -0.026560 2.883925 0.069738 
288 11.008029 0.000000 -0.566234 98.470458 -0.024225 3.011152 0.031617 
289 9.820889 0.000000 0.538958 98.183461 0.174701 5.866081 0.040008 
290 9.820889 0.000000 -2.776618 99.205903 0.101143 4.114071 0.017623 
291 9.820889 0.000000 -3.881811 99.016781 -0.079510 3.688617 0.021087 
292 11.008029 0.000000 -2.776618 99.078619 -0.008772 3.687490 0.019843 
293 37.125118 0.000000 -6.092195 99.356560 -0.000040 0.231179 0.012892 
294 37.125118 0.000000 -14.933734 95.031093 -0.000105 -0.747559 0.100397 
295 46.622241 0.000000 -6.092195 97.491916 0.004985 -1.093249 0.050546 
296 37.125118 0.000000 2.749343 97.151165 -0.000932 2.167784 0.057799 
297 22.879433 0.000000 -1.671426 105.029279 0.003266 -1.497946 -0.099136 
298 22.879433 0.000000 -6.092195 99.488244 0.001117 2.925637 0.011109 
299 27.627995 0.000000 -1.671426 88.723001 -0.122275 7.371315 0.235950 
300 22.879433 0.000000 2.749343 113.996147 -0.026918 -9.425651 -0.261480 
301 15.756591 0.000000 0.538958 101.934178 -0.005608 3.685125 -0.037191 
302 15.756591 0.000000 -1.671426 102.379537 -0.057559 3.021239 -0.046446 
303 18.130872 0.000000 0.538958 102.384713 0.011607 0.029169 -0.047430 
304 15.756591 0.000000 2.749343 100.248983 0.025760 13.278939 0.012705 
305 12.195170 0.000000 -0.566234 100.131386 -0.078917 3.405778 -0.001468 
306 12.195170 0.000000 -1.671426 100.134237 -0.080129 3.424998 -0.001512 
307 13.382310 0.000000 -0.566234 101.035758 -0.077413 3.377854 -0.019542 
308 12.195170 0.000000 0.538958 100.661214 -0.066305 5.250476 -0.010471 
309 10.414459 0.000000 -1.118830 98.455512 -0.021504 2.780186 0.031781 
310 9.820889 0.000000 -1.118830 96.653682 -0.027143 2.904866 0.068265 
311 10.414459 0.000000 -1.671426 98.473253 -0.030881 3.092757 0.031612 
312 11.008029 0.000000 -1.118830 98.873763 -0.050454 3.255637 0.023657 
313 10.414459 0.000000 -0.566234 98.444477 -0.012045 2.567523 0.031887 
314 15.756591 0.000000 -3.881811 100.120203 0.020322 3.863801 -0.000912 
315 15.756591 0.000000 -6.092195 99.668720 -0.001135 3.431420 0.007814 
316 18.130872 0.000000 -3.881811 99.609461 -0.018249 3.244472 0.008876 
317 12.195170 0.000000 -2.776618 99.869018 0.003586 4.246091 0.004428 
318 12.195170 0.000000 -3.881811 99.562874 -0.012475 3.693865 0.010125 
319 13.382310 0.000000 -2.776618 100.832739 -0.002713 4.800291 -0.014345 
320 10.414459 0.000000 -2.224022 98.479260 -0.046000 3.264573 0.031603 
321 9.820889 0.000000 -2.224022 95.806318 -0.013912 2.878497 0.085450 
322 10.414459 0.000000 -2.776618 99.501948 0.154564 4.253036 0.011797 
323 11.008029 0.000000 -2.224022 98.479260 -0.046000 3.264573 0.031603 
324 11.601599 0.000000 -1.118830 99.772337 -0.053022 3.064112 0.005498 
325 11.601599 0.000000 -1.671426 99.787032 -0.074008 3.358292 0.005394 
326 12.195170 0.000000 -1.118830 100.203790 -0.081839 3.445698 -0.002889 
327 11.601599 0.000000 -0.566234 99.778202 -0.032791 2.788459 0.005218 
328 10.711244 0.000000 -1.395128 98.472237 -0.028367 3.063510 0.031614 
329 10.414459 0.000000 -1.395128 98.465301 -0.112751 3.014928 0.031725 
330 10.711244 0.000000 -1.671426 98.472084 -0.028008 3.059035 0.031614 
331 11.008029 0.000000 -1.395128 98.863252 -0.049868 3.252688 0.023866 
332 10.711244 0.000000 -1.118830 98.450066 -0.016704 2.673736 0.031832 
333 11.008029 0.000000 4.959728 99.347156 -0.020327 3.988608 0.014682 
334 13.382310 0.000000 4.959728 99.543051 0.028507 3.701584 0.010528 
335 11.008029 0.000000 7.170112 99.934560 0.020641 3.757614 0.002723 
336 9.820889 0.000000 1.644151 94.270701 0.046188 16.333072 0.144971 
337 11.008029 0.000000 1.644151 97.156658 0.065353 13.182670 0.075399 
338 9.820889 0.000000 2.749343 98.312588 0.020678 4.422982 0.035874 
339 9.820889 0.000000 3.854535 99.329863 -0.093134 3.974141 0.015019 
340 8.633748 0.000000 3.854535 98.961141 -0.003414 4.974528 0.023337 
341 11.008029 0.000000 3.854535 99.017389 0.030789 4.148641 0.021440 
342 9.820889 0.000000 4.959728 99.085522 0.011919 4.306796 0.020206 
343 9.227319 0.000000 2.196747 94.824326 0.041819 14.322578 0.126743 
344 8.633748 0.000000 2.196747 96.926106 -0.183645 5.972575 0.065597 
345 9.227319 0.000000 1.644151 94.892212 0.037347 14.076036 0.124578 
346 9.820889 0.000000 2.196747 95.212189 0.063492 16.069124 0.124497 
347 9.227319 0.000000 2.749343 94.849151 0.039915 14.232419 0.125949 
348 12.195170 0.000000 1.644151 99.023219 0.106235 12.561913 0.035670 
349 13.382310 0.000000 1.644151 101.689143 -0.021245 4.334088 -0.031818 
350 12.195170 0.000000 2.749343 99.169905 0.091997 13.995582 0.036594 
351 10.414459 0.000000 2.196747 97.066759 0.075387 13.646273 0.078553 
352 10.414459 0.000000 1.644151 97.451665 0.064110 10.731837 0.063224 
353 11.008029 0.000000 2.196747 97.478453 0.092719 14.503251 0.072655 
354 10.414459 0.000000 2.749343 97.050477 0.074593 13.730254 0.079130 
355 7.446608 0.000000 3.854535 97.334015 -0.016647 6.453283 0.057943 
356 6.259468 0.000000 3.854535 97.871314 -0.009496 5.774276 0.046204 
357 7.446608 0.000000 4.959728 102.060927 -0.152684 2.259624 -0.040525 
358 9.227319 0.000000 3.301939 100.685152 -0.022013 3.013527 -0.012783 
359 8.633748 0.000000 3.301939 98.928477 0.027222 4.671508 0.023697 
360 9.820889 0.000000 3.301939 99.105489 -0.039707 4.283652 0.019785 
361 9.227319 0.000000 3.854535 99.809573 0.108244 3.852782 0.005301 
362 9.524104 0.000000 2.473045 95.214907 0.059855 15.201918 0.121493 
363 9.227319 0.000000 2.473045 94.830078 0.041244 14.301688 0.126559 
364 9.524104 0.000000 2.196747 95.241716 0.062592 15.272930 0.121173 
365 9.820889 0.000000 2.473045 95.193055 0.064016 16.074485 0.124912 
366 9.524104 0.000000 2.749343 94.270701 0.046188 16.333072 0.144971 
367 37.125118 0.000000 11.590882 119.436228 -0.000063 -12.126431 -0.354315 
368 46.622241 0.000000 11.590882 100.762638 -0.000244 1.819424 -0.014899 
369 37.125118 0.000000 20.432420 99.959243 -0.000213 3.301916 0.001907 
370 22.879433 0.000000 7.170112 106.997280 0.004527 -3.042285 -0.136614 
371 27.627995 0.000000 7.170112 98.586053 -0.001120 3.430727 0.029565 
372 22.879433 0.000000 11.590882 99.769258 -0.008649 3.403706 0.005780 
373 15.756591 0.000000 4.959728 99.350720 0.006003 3.353474 0.014139 
374 18.130872 0.000000 4.959728 99.150055 -0.029952 2.525832 0.017676 
375 15.756591 0.000000 7.170112 100.363525 -0.013762 3.049527 -0.006339 
376 12.195170 0.000000 3.854535 99.221768 0.041532 3.836935 0.017080 
377 13.382310 0.000000 3.854535 99.818874 -0.005780 14.410752 0.024601 
378 12.195170 0.000000 4.959728 99.507328 0.007360 3.806145 0.011324 
379 14.569450 0.000000 -0.566234 101.875088 -0.045571 3.388836 -0.036222 
380 14.569450 0.000000 -1.671426 102.045312 -0.062121 3.328437 -0.039637 
381 15.756591 0.000000 -0.566234 102.281389 -0.056146 3.008227 -0.044511 
382 14.569450 0.000000 0.538958 99.506772 -0.034013 3.139077 0.010868 
383 14.569450 0.000000 -2.776618 99.269755 0.011785 3.379484 0.015783 
384 14.569450 0.000000 -3.881811 100.111159 0.001734 3.918099 -0.000689 
385 15.756591 0.000000 -2.776618 98.840879 -0.008708 2.993986 0.024152 
386 20.505152 0.000000 0.538958 104.965786 0.006361 0.015707 -0.098107 
387 20.505152 0.000000 -1.671426 106.463053 -0.010560 2.795341 -0.126442 
388 22.879433 0.000000 0.538958 104.526495 -0.006666 -0.350713 -0.089523 
389 20.505152 0.000000 2.749343 108.444912 0.010782 -4.647245 -0.163258 
390 16.943731 0.000000 -0.566234 102.853854 -0.038874 2.201419 -0.056230 
391 16.943731 0.000000 -1.671426 102.853854 -0.038874 2.201419 -0.056230 
392 18.130872 0.000000 -0.566234 106.115443 -0.026488 2.282227 -0.119957 
393 16.943731 0.000000 0.538958 101.852533 0.001151 2.566259 -0.036252 
394 15.163021 0.000000 -1.118830 102.881302 -0.062539 3.241710 -0.056228 
395 14.569450 0.000000 -1.118830 101.901901 -0.048039 3.379340 -0.036760 
396 15.163021 0.000000 -1.671426 103.157043 -0.066990 3.124291 -0.061738 
397 15.756591 0.000000 -1.118830 102.277773 -0.056522 3.007753 -0.044440 
398 15.163021 0.000000 -0.566234 102.786008 -0.058508 3.332507 -0.054290 
399 14.569450 0.000000 3.854535 99.742018 0.022118 13.751923 0.024274 
400 14.569450 0.000000 2.749343 100.207695 0.029166 12.899357 0.012537 
401 15.756591 0.000000 3.854535 99.922136 0.027948 13.262530 0.019279 
402 14.569450 0.000000 4.959728 99.454977 -0.021016 3.594034 0.012216 
403 20.505152 0.000000 4.959728 95.683577 0.004849 4.521423 0.089238 
404 22.879433 0.000000 4.959728 99.674517 0.004682 1.024904 0.006620 
405 20.505152 0.000000 7.170112 100.126831 -0.000699 2.771305 -0.001769 
406 16.943731 0.000000 3.854535 104.722078 -0.022958 11.145075 -0.081726 
407 16.943731 0.000000 2.749343 104.722078 -0.022958 11.145075 -0.081726 
408 18.130872 0.000000 3.854535 105.848586 -0.047302 5.535245 -0.112456 
409 16.943731 0.000000 4.959728 100.917203 -0.034358 1.134742 -0.018179 
410 22.879433 0.000000 -10.512965 99.715087 -0.004891 3.325421 0.006813 
411 22.879433 0.000000 -14.933734 99.782680 -0.000656 3.397287 0.005507 
412 27.627995 0.000000 -10.512965 100.139591 0.002544 3.564752 -0.001522 
413 20.505152 0.000000 -3.881811 98.772313 -0.001427 2.114714 0.025073 
414 20.505152 0.000000 -6.092195 99.198075 -0.007878 2.844012 0.016885 
415 22.879433 0.000000 -3.881811 97.088514 0.003292 1.380510 0.058776 
416 19.318012 0.000000 -0.566234 106.715154 -0.015668 2.395755 -0.131495 
417 19.318012 0.000000 -1.671426 106.379182 -0.017242 2.348220 -0.125030 
418 20.505152 0.000000 -0.566234 105.739722 -0.008224 2.462222 -0.112598 
419 19.318012 0.000000 0.538958 104.027729 0.014022 1.513034 -0.079559 
420 19.318012 0.000000 3.854535 107.843214 -0.043468 0.799357 -0.153616 
421 19.318012 0.000000 2.749343 108.102244 -0.041730 0.249681 -0.158616 
422 20.505152 0.000000 3.854535 109.500249 -0.011768 -3.660414 -0.184019 
423 19.318012 0.000000 4.959728 99.947581 -0.000947 2.152679 0.001512 
424 32.376556 0.000000 -1.671426 118.411448 0.041853 -2.416354 -0.346805 
425 32.376556 0.000000 -6.092195 88.787222 0.000165 -4.191934 0.230348 
426 37.125118 0.000000 -1.671426 111.215221 0.004139 2.037665 -0.217017 
427 32.376556 0.000000 2.749343 104.009998 0.000366 -7.376301 -0.074291 
428 25.253714 0.000000 0.538958 127.965363 -0.005178 -0.305383 -0.504313 
429 25.253714 0.000000 -1.671426 108.316544 0.039472 -1.805830 -0.162423 
430 27.627995 0.000000 0.538958 106.254655 -0.001655 0.155269 -0.123123 
431 25.253714 0.000000 2.749343 113.896499 0.253956 -6.519388 -0.263372 
432 21.692293 0.000000 -0.566234 106.010715 -0.008836 2.234937 -0.117949 
433 21.692293 0.000000 -1.671426 106.927401 -0.007819 1.817758 -0.135804 
434 22.879433 0.000000 -0.566234 104.775596 0.003900 -1.108534 -0.094284 
435 21.692293 0.000000 0.538958 98.641838 -0.003303 -8.826812 0.035207 
436 25.253714 0.000000 -3.881811 104.386770 0.000764 1.212202 -0.086665 
437 25.253714 0.000000 -6.092195 99.266549 0.001395 2.880408 0.015531 
438 27.627995 0.000000 -3.881811 86.788540 -0.001201 -7.974047 0.277049 
439 21.692293 0.000000 -2.776618 99.606757 0.004084 2.889290 0.008711 
440 20.505152 0.000000 -2.776618 99.198723 0.004901 1.978577 0.016449 
441 21.692293 0.000000 -3.881811 98.881016 0.004494 2.385950 0.023012 
442 22.879433 0.000000 -2.776618 91.239748 0.002529 -4.466673 0.180126 
443 21.098722 0.000000 -1.118830 104.845129 -0.010128 2.765389 -0.095043 
444 20.505152 0.000000 -1.118830 105.940816 -0.010676 2.866532 -0.116300 
445 21.098722 0.000000 -1.671426 104.770145 -0.010211 2.799514 -0.093562 
446 21.692293 0.000000 -1.118830 106.239228 -0.008582 2.130942 -0.122413 
447 21.098722 0.000000 -0.566234 104.957266 -0.010004 2.714356 -0.097256 
448 19.318012 0.000000 -2.776618 97.962099 -0.004581 0.984115 0.041032 
449 18.130872 0.000000 -2.776618 99.677342 -0.020073 3.079159 0.007411 
450 19.318012 0.000000 -3.881811 97.788310 -0.008013 1.508329 0.044673 
451 21.098722 0.000000 -2.224022 100.219970 0.009517 3.458776 -0.003204 
452 20.505152 0.000000 -2.224022 98.725052 0.007069 2.127871 0.026030 
453 21.098722 0.000000 -2.776618 98.876977 0.005981 2.324263 0.023064 
454 21.692293 0.000000 -2.224022 96.219215 0.006089 0.912565 0.076277 
455 24.066573 0.000000 -0.566234 103.585314 0.003959 -2.797378 -0.070352 
456 24.066573 0.000000 -1.671426 102.808354 0.007772 -3.970762 -0.054284 
457 25.253714 0.000000 -0.566234 106.205230 0.034647 -2.388490 -0.121649 
458 24.066573 0.000000 0.538958 103.851812 -0.003394 -0.133310 -0.076324 
459 22.285863 0.000000 -1.118830 104.879973 0.000019 0.921567 -0.096355 
460 22.285863 0.000000 -1.671426 104.914738 0.000653 0.576342 -0.097081 
461 22.879433 0.000000 -1.118830 104.647772 0.005112 -1.323717 -0.091740 
462 22.285863 0.000000 -0.566234 104.873050 0.000895 0.519342 -0.096274 
463 21.395508 0.000000 -1.395128 104.891998 -0.010076 2.744059 -0.095968 
464 21.098722 0.000000 -1.395128 104.777271 -0.010203 2.796271 -0.093703 
465 21.395508 0.000000 -1.671426 104.853655 -0.010119 2.761509 -0.095211 
466 21.692293 0.000000 -1.395128 106.330138 -0.008481 2.089569 -0.124187 
467 21.395508 0.000000 -1.118830 104.949704 -0.010012 2.717797 -0.097107 
468 19.911582 0.000000 -1.118830 107.498064 -0.007462 2.221377 -0.146623 
469 19.318012 0.000000 -1.118830 106.437368 -0.016969 2.356452 -0.126151 
470 19.911582 0.000000 -1.671426 107.886219 -0.010183 2.561444 -0.153913 
471 19.911582 0.000000 -0.566234 107.358318 -0.006562 2.099206 -0.143989 
472 20.801937 0.000000 -1.395128 104.562543 -0.011062 3.107690 -0.089336 
473 20.505152 0.000000 -1.395128 106.409700 -0.010574 2.804110 -0.125407 
474 20.801937 0.000000 -1.671426 103.827542 -0.011256 3.228487 -0.074864 
475 20.801937 0.000000 -1.118830 104.437016 -0.011095 3.128320 -0.086869 
476 21.692293 0.000000 1.644151 107.637248 -0.002868 -1.483897 -0.149534 
477 20.505152 0.000000 1.644151 104.965786 0.006361 0.015707 -0.098107 
478 22.879433 0.000000 1.644151 104.526495 -0.006666 -0.350713 -0.089523 
479 21.692293 0.000000 2.749343 115.215193 0.037563 -6.272539 -0.287575 
480 21.098722 0.000000 -0.013638 104.997585 -0.003256 1.352370 -0.098557 
481 20.505152 0.000000 -0.013638 104.965786 0.006361 0.015707 -0.098107 
482 21.692293 0.000000 -0.013638 87.773291 0.000132 -8.764302 0.258231 
483 21.098722 0.000000 0.538958 104.580040 0.003654 0.064730 -0.090580 
484 21.395508 0.000000 -0.842532 104.991313 -0.009966 2.698861 -0.097928 
485 21.098722 0.000000 -0.842532 104.933906 -0.010030 2.724987 -0.096795 
486 21.692293 0.000000 -0.842532 106.191962 -0.008635 2.152452 -0.121491 
487 21.395508 0.000000 -0.566234 104.991936 -0.009965 2.698577 -0.097940 
488 21.247115 0.000000 -1.256979 104.880243 -0.010089 2.749409 -0.095736 
489 21.098722 0.000000 -1.256979 104.801904 -0.010176 2.785060 -0.094189 
490 21.247115 0.000000 -1.395128 104.849835 -0.010123 2.763247 -0.095136 
491 21.395508 0.000000 -1.256979 104.919845 -0.010045 2.731386 -0.096518 
492 21.247115 0.000000 -1.118830 104.917902 -0.010047 2.732270 -0.096480 
493 20.801937 0.000000 -0.842532 104.876392 -0.009060 2.712316 -0.095680 
494 20.505152 0.000000 -0.842532 105.779794 -0.008484 2.503531 -0.113356 
495 20.801937 0.000000 -0.566234 105.021601 -0.008565 2.607276 -0.098564 
496 20.950330 0.000000 -1.256979 103.827542 -0.011256 3.228487 -0.074864 
497 20.801937 0.000000 -1.256979 104.436289 -0.011095 3.128439 -0.086855 
498 20.950330 0.000000 -1.395128 103.827542 -0.011256 3.228487 -0.074864 
499 20.950330 0.000000 -1.118830 103.827542 -0.011256 3.228487 -0.074864 
500 21.247115 0.000000 -0.980681 104.953581 -0.010008 2.716033 -0.097184 
501 21.098722 0.000000 -0.980681 104.895322 -0.010072 2.742546 -0.096034 
502 21.395508 0.000000 -0.980681 104.975411 -0.009984 2.706098 -0.097614 
503 21.247115 0.000000 -0.842532 104.977105 -0.009982 2.705327 -0.097648 
504 21.172919 0.000000 -1.187905 104.866733 -0.010104 2.755557 -0.095470 
505 21.098722 0.000000 -1.187905 104.821558 -0.010154 2.776116 -0.094577 
506 21.172919 0.000000 -1.256979 104.847253 -0.010126 2.764422 -0.095085 
507 21.247115 0.000000 -1.187905 104.898620 -0.010069 2.741045 -0.096099 
508 21.172919 0.000000 -1.118830 104.888259 -0.010080 2.745761 -0.095894 
509 32.376556 0.000000 7.170112 106.514642 0.000172 -3.029799 -0.127315 
510 37.125118 0.000000 7.170112 92.393447 0.000125 7.562527 0.160572 
511 32.376556 0.000000 11.590882 102.115320 -0.000408 1.214033 -0.041957 
512 25.253714 0.000000 4.959728 98.949535 -0.000617 2.225785 0.021560 
513 27.627995 0.000000 4.959728 99.179263 -0.001256 1.424322 0.016649 
514 25.253714 0.000000 7.170112 100.232044 0.002099 1.983020 -0.004247 
515 21.692293 0.000000 3.854535 118.044592 0.041832 -5.862593 -0.338287 
516 22.879433 0.000000 3.854535 112.981908 -0.034988 -9.411999 -0.242831 
517 21.692293 0.000000 4.959728 92.060991 0.006332 4.973014 0.163788 
518 24.066573 0.000000 -2.776618 96.770726 0.000789 -0.760171 0.065070 
519 24.066573 0.000000 -3.881811 96.079082 0.002100 0.162917 0.079035 
520 25.253714 0.000000 -2.776618 97.021220 -0.001159 -1.350064 0.060129 
521 22.285863 0.000000 -2.224022 98.263720 0.003520 2.431573 0.035459 
522 22.285863 0.000000 -2.776618 97.514103 0.005150 1.592550 0.050237 
523 22.879433 0.000000 -2.224022 96.145875 0.004871 -0.073909 0.077677 
524 21.989078 0.000000 -1.395128 106.153300 -0.005217 1.648576 -0.120917 
525 21.989078 0.000000 -1.671426 106.144373 -0.005187 1.646625 -0.120745 
526 22.285863 0.000000 -1.395128 104.897039 0.000755 0.552142 -0.096738 
527 21.989078 0.000000 -1.118830 105.929046 -0.006175 1.857589 -0.116508 
528 24.066573 0.000000 3.854535 101.419582 -0.002132 -2.299882 -0.027782 
529 24.066573 0.000000 2.749343 111.459495 0.110207 -7.712614 -0.216937 
530 25.253714 0.000000 3.854535 97.927187 -0.001929 1.387993 0.041835 
531 24.066573 0.000000 4.959728 100.916396 0.001908 0.448351 -0.018270 
532 22.285863 0.000000 3.301939 116.420196 0.002532 -8.655375 -0.306463 
533 21.692293 0.000000 3.301939 118.060963 0.041857 -5.860221 -0.338576 
534 22.285863 0.000000 2.749343 116.667803 0.002616 -8.480563 -0.311115 
535 22.879433 0.000000 3.301939 114.290202 -0.028356 -9.558389 -0.266659 
536 22.285863 0.000000 3.854535 116.763821 0.004100 -8.396496 -0.312935 
537 21.098722 0.000000 3.301939 113.861985 0.035521 -6.468603 -0.262799 
538 20.505152 0.000000 3.301939 108.696412 0.002220 -4.191059 -0.168404 
539 21.098722 0.000000 2.749343 113.964160 0.035675 -6.453799 -0.264681 
540 21.098722 0.000000 3.854535 113.214321 0.034544 -6.562442 -0.250827 
541 -48.348991 0.000000 214.946266 99.939083 0.000000 3.489950 0.002438 
542 -124.325976 0.000000 214.946266 99.939083 0.000000 3.489950 0.002438 
543 27.627995 0.000000 214.946266 99.939083 0.000000 3.489950 0.002438 
544 -48.348991 0.000000 285.678573 99.939083 0.000000 3.489950 0.002438 
545 -10.360498 0.000000 108.847804 99.939083 0.000000 3.489950 0.002438 
546 -48.348991 0.000000 108.847804 99.939083 0.000000 3.489950 0.002438 
547 27.627995 0.000000 108.847804 99.939083 0.000000 3.489950 0.002438 
548 -10.360498 0.000000 144.213958 99.939083 0.000000 3.489950 0.002438 
549 8.633748 0.000000 55.798574 99.939083 0.000000 3.489950 0.002438 
550 -10.360498 0.000000 55.798574 99.939083 0.000000 3.489950 0.002438 
551 27.627995 0.000000 55.798574 99.939083 0.000000 3.489950 0.002438 
552 8.633748 0.000000 73.481651 99.939083 0.000000 3.489950 0.002438 
553 18.130872 0.000000 29.273958 99.939083 0.000000 3.489950 0.002438 
554 8.633748 0.000000 29.273958 99.939083 0.000000 3.489950 0.002438 
555 27.627995 0.000000 29.273958 99.894175 -0.027664 3.567732 0.003392 
556 18.130872 0.000000 38.115497 99.939083 0.000000 3.489950 0.002438 
557 22.879433 0.000000 16.011651 99.933735 -0.006164 3.452580 0.002519 
558 18.130872 0.000000 16.011651 99.981433 -0.003841 3.532126 0.001620 
559 27.627995 0.000000 16.011651 100.023366 0.000898 3.312582 0.000630 
560 22.879433 0.000000 20.432420 100.345760 -0.007093 3.170880 -0.005909 
561 20.505152 0.000000 9.380497 100.557241 -0.011176 2.690243 -0.010413 
562 18.130872 0.000000 9.380497 99.764689 -0.017287 3.546187 0.005971 
563 22.879433 0.000000 9.380497 99.951989 -0.001243 3.258706 0.002023 
564 20.505152 0.000000 11.590882 100.327106 -0.002187 3.101866 -0.005579 
565 21.692293 0.000000 6.064920 98.574117 0.007265 3.525474 0.029873 
566 20.505152 0.000000 6.064920 100.268251 -0.002392 2.613116 -0.004681 
567 22.879433 0.000000 6.064920 95.184112 0.004613 4.709749 0.099596 
568 21.692293 0.000000 7.170112 103.700228 0.002077 -0.120905 -0.073349 
569 22.285863 0.000000 4.407132 99.966416 0.006793 -3.744391 0.002075 
570 21.692293 0.000000 4.407132 93.324691 0.007665 2.825934 0.136033 
571 22.879433 0.000000 4.407132 98.304595 0.006209 1.340082 0.034214 
572 22.285863 0.000000 4.959728 96.978254 0.005625 1.707434 0.061112 
573 21.989078 0.000000 3.578237 117.959106 0.033743 -6.505476 -0.336196 
574 21.692293 0.000000 3.578237 117.934219 0.041665 -5.878585 -0.336337 
575 21.989078 0.000000 3.301939 117.881955 0.032379 -6.615447 -0.334734 
576 22.285863 0.000000 3.578237 116.851392 0.008192 -8.289113 -0.314630 
577 21.989078 0.000000 3.854535 118.942474 0.032954 -6.543045 -0.353332 
578 23.473003 0.000000 -1.118830 105.004612 0.003647 -2.000794 -0.098492 
579 23.473003 0.000000 -1.671426 104.847155 0.004355 -2.897810 -0.095013 
580 24.066573 0.000000 -1.118830 103.539680 0.005618 -3.656398 -0.068928 
581 23.473003 0.000000 -0.566234 104.647403 0.002824 -1.941261 -0.091544 
582 24.066573 0.000000 1.644151 103.602574 -0.004460 -0.238309 -0.071427 
583 25.253714 0.000000 1.644151 127.965363 -0.005178 -0.305383 -0.504313 
584 23.473003 0.000000 3.301939 112.362305 -0.012678 -8.987033 -0.231990 
585 23.473003 0.000000 2.749343 112.879390 -0.003347 -9.009175 -0.241543 
586 24.066573 0.000000 3.301939 112.434001 0.093067 -8.032045 -0.234662 
587 23.473003 0.000000 3.854535 112.822508 0.014208 -8.785667 -0.240816 
588 30.002275 0.000000 0.538958 87.107536 0.000241 -0.707859 0.262970 
589 30.002275 0.000000 -1.671426 93.031766 0.042442 -2.590001 0.141887 
590 32.376556 0.000000 0.538958 102.830929 0.000163 0.147017 -0.056241 
591 30.002275 0.000000 2.749343 118.603840 -0.062738 -12.727806 -0.338637 
592 26.440854 0.000000 -0.566234 94.482150 0.019135 -2.350478 0.112119 
593 26.440854 0.000000 -1.671426 91.922453 0.026649 -3.065967 0.164921 
594 27.627995 0.000000 -0.566234 91.259702 -0.102364 6.154843 0.181738 
595 26.440854 0.000000 0.538958 116.156521 -0.002961 -0.038618 -0.307507 
596 103.604980 0.000000 -209.447580 99.939083 0.000000 3.489950 0.002438 
597 103.604980 0.000000 -280.179887 99.939083 0.000000 3.489950 0.002438 
598 179.581965 0.000000 -209.447580 99.926465 -0.000318 3.480169 0.002684 
599 65.616487 0.000000 -103.349118 99.939083 0.000000 3.489950 0.002438 
600 65.616487 0.000000 -138.715272 99.939083 0.000000 3.489950 0.002438 
601 103.604980 0.000000 -103.349118 102.957762 0.000023 5.872799 -0.055438 
602 46.622241 0.000000 -50.299888 99.905764 -0.004169 3.470001 0.003091 
603 46.622241 0.000000 -67.982965 99.939083 0.000000 3.489950 0.002438 
604 65.616487 0.000000 -50.299888 99.128891 -0.000031 2.773624 0.018234 
605 37.125118 0.000000 -23.775272 99.618966 0.000695 3.209100 0.008663 
606 37.125118 0.000000 -32.616811 99.973104 -0.000730 3.524649 0.001781 
607 46.622241 0.000000 -23.775272 94.720782 0.000068 -0.872375 0.106740 
608 32.376556 0.000000 -10.512965 115.091240 -0.000179 11.209875 -0.278539 
609 32.376556 0.000000 -14.933734 98.576750 0.000866 2.403914 0.029141 
610 37.125118 0.000000 -10.512965 101.226441 0.000057 2.721800 -0.023733 
611 30.002275 0.000000 -3.881811 83.031858 0.000256 -12.693154 0.366931 
612 30.002275 0.000000 -6.092195 135.357630 0.000018 21.230951 -0.588612 
613 32.376556 0.000000 -3.881811 103.411547 0.000031 -3.836977 -0.066278 
614 26.440854 0.000000 -2.776618 -4.180791 -0.000618 -21.321425 1.496965 
615 26.440854 0.000000 -3.881811 63.864126 -0.001066 -8.025124 0.738917 
616 27.627995 0.000000 -2.776618 173.895036 -0.000439 6.085093 -0.719795 
617 25.847284 0.000000 -1.118830 97.980044 0.051850 -3.562665 0.041877 
618 25.253714 0.000000 -1.118830 103.334553 0.044477 -2.462887 -0.065586 
619 25.847284 0.000000 -1.671426 99.565298 0.048835 -3.390460 0.009860 
620 26.440854 0.000000 -1.118830 92.169334 0.022737 -2.671211 0.159605 
621 25.847284 0.000000 -0.566234 99.838159 0.048316 -3.360819 0.004371 
622 30.002275 0.000000 4.959728 104.848319 -0.000110 -6.974113 -0.091285 
623 32.376556 0.000000 4.959728 89.239629 0.000130 6.434706 0.223778 
624 30.002275 0.000000 7.170112 100.171258 -0.000582 1.864263 -0.003077 
625 26.440854 0.000000 3.854535 103.244583 -0.001424 -3.456523 -0.063254 
626 26.440854 0.000000 2.749343 107.234628 0.249835 -11.616189 -0.129857 
627 27.627995 0.000000 3.854535 100.151903 -0.001294 -1.224391 -0.002887 
628 26.440854 0.000000 4.959728 101.403125 -0.001061 -0.264860 -0.027966 
629 26.440854 0.000000 1.644151 116.139101 -0.002957 -0.038225 -0.307196 
630 27.627995 0.000000 1.644151 88.014326 0.000525 -15.539520 0.272717 
631 25.847284 0.000000 3.301939 109.207899 0.277747 -9.706675 -0.171440 
632 25.253714 0.000000 3.301939 112.283101 0.285059 -7.271896 -0.232817 
633 25.847284 0.000000 2.749343 112.228286 0.232189 -8.192849 -0.230624 
634 26.440854 0.000000 3.301939 106.898134 0.250997 -11.623432 -0.123306 
635 25.847284 0.000000 3.854535 99.708523 -0.002013 -0.374897 0.005847 
636 28.815135 0.000000 -0.566234 100.586706 -0.010228 -5.507269 -0.008708 
637 28.815135 0.000000 -1.671426 101.375172 -0.011981 -6.109459 -0.023754 
638 30.002275 0.000000 -0.566234 90.191336 0.019895 -1.733649 0.199762 
639 28.815135 0.000000 0.538958 95.261350 0.001616 -1.440038 0.095872 
640 28.815135 0.000000 1.644151 95.261350 0.001616 -1.440038 0.095872 
641 30.002275 0.000000 1.644151 113.920532 -0.049004 -7.976171 -0.262121 
642 28.815135 0.000000 2.749343 90.357801 0.012994 -11.414074 0.210882 
643 28.815135 0.000000 -2.776618 66.145541 0.000255 -7.974733 0.695057 
644 28.815135 0.000000 -3.881811 139.842090 0.000064 8.497686 -0.667243 
645 30.002275 0.000000 -2.776618 108.246090 -0.000059 0.214847 -0.161363 
646 255.558951 0.000000 -67.982965 99.944236 0.001878 3.391810 0.002267 
647 255.558951 0.000000 -138.715272 99.943940 0.001382 3.465490 0.002324 
648 331.535936 0.000000 -67.982965 99.943042 0.001585 3.397286 0.002295 
649 255.558951 0.000000 2.749343 100.028993 0.006773 0.921987 -0.000495 
650 141.593473 0.000000 -32.616811 99.960234 0.003143 3.113493 0.001766 
651 141.593473 0.000000 -67.982965 99.960792 0.002003 3.392269 0.001936 
652 179.581965 0.000000 -32.616811 99.955032 0.003121 3.132589 0.001882 
653 141.593473 0.000000 2.749343 100.063474 0.004342 -0.029187 -0.001269 
654 84.610734 0.000000 -14.933734 100.027015 0.005377 2.356993 0.000015 
655 84.610734 0.000000 -32.616811 100.072945 0.003853 3.142052 -0.000472 
656 103.604980 0.000000 -14.933734 99.994357 0.005125 2.386472 0.000683 
657 84.610734 0.000000 2.749343 100.077755 0.001825 0.049338 -0.001555 
658 56.119364 0.000000 -6.092195 119.482578 0.006075 9.510841 -0.359236 
659 56.119364 0.000000 -14.933734 98.670600 0.008842 1.538621 0.026905 
660 65.616487 0.000000 -6.092195 100.264912 0.006698 1.386089 -0.005104 
661 56.119364 0.000000 2.749343 70.682583 -0.002662 21.401233 0.662209 
662 41.873679 0.000000 -1.671426 113.721955 0.008389 2.490809 -0.263102 
663 41.873679 0.000000 -6.092195 100.460459 -0.000525 1.658183 -0.008927 
664 46.622241 0.000000 -1.671426 102.062735 0.000687 1.004376 -0.040961 
665 41.873679 0.000000 2.749343 103.729621 -0.000531 -2.614880 -0.073281 
666 34.750837 0.000000 0.538958 97.421014 0.000978 0.101906 0.051856 
667 34.750837 0.000000 -1.671426 106.771303 0.012556 1.739930 -0.132822 
668 37.125118 0.000000 0.538958 114.527450 -0.000087 -4.681333 -0.276505 
669 34.750837 0.000000 2.749343 107.110640 0.000155 -4.622347 -0.137707 
670 31.189416 0.000000 -0.566234 101.615708 0.011245 -3.024645 -0.031301 
671 31.189416 0.000000 -1.671426 101.828210 0.011048 -3.031278 -0.035516 
672 32.376556 0.000000 -0.566234 112.811260 0.029342 -1.678725 -0.246689 
673 31.189416 0.000000 0.538958 89.965530 0.000076 -26.813304 0.288272 
674 29.408705 0.000000 -1.118830 93.639319 0.043891 -2.829366 0.129600 
675 28.815135 0.000000 -1.118830 99.527604 -0.038184 -4.110279 0.011160 
676 29.408705 0.000000 -1.671426 96.093903 0.030184 -3.655827 0.080144 
677 30.002275 0.000000 -1.118830 91.565738 0.033156 -2.237897 0.171751 
678 29.408705 0.000000 -0.566234 92.954893 0.020529 -2.851929 0.143618 
679 31.189416 0.000000 1.644151 117.226670 -0.085644 -8.356049 -0.321211 
680 32.376556 0.000000 1.644151 105.186029 -0.014950 -7.583126 -0.097065 
681 31.189416 0.000000 2.749343 103.185614 -0.079341 -8.789219 -0.055841 
682 28.815135 0.000000 3.854535 135.994633 -0.000359 -29.402296 -0.575801 
683 30.002275 0.000000 3.854535 106.483759 0.000416 -3.169201 -0.126640 
684 28.815135 0.000000 4.959728 102.589443 -0.000452 -1.596922 -0.051231 
685 29.408705 0.000000 2.196747 101.178535 -0.028894 -14.148885 -0.003686 
686 28.815135 0.000000 2.196747 96.850048 0.027814 -10.080219 0.074062 
687 29.408705 0.000000 1.644151 94.521660 -0.017275 -10.779486 0.123300 
688 30.002275 0.000000 2.196747 120.706321 -0.065159 -12.385703 -0.375832 
689 29.408705 0.000000 2.749343 98.975285 -0.029250 -15.125871 0.043947 
690 34.750837 0.000000 -3.881811 87.063962 0.000069 -7.950716 0.271305 
691 34.750837 0.000000 -6.092195 101.659753 0.000013 1.904933 -0.032715 
692 37.125118 0.000000 -3.881811 93.414036 -0.000009 -3.347455 0.134557 
693 31.189416 0.000000 -2.776618 91.870884 0.000047 -4.586569 0.167280 
694 31.189416 0.000000 -3.881811 88.411256 0.000291 -3.371319 0.237376 
695 32.376556 0.000000 -2.776618 106.546883 -0.000019 -3.855649 -0.127422 
696 33.563697 0.000000 -0.566234 114.428964 0.021711 -0.296340 -0.276448 
697 33.563697 0.000000 -1.671426 114.428964 0.021711 -0.296340 -0.276448 
698 34.750837 0.000000 -0.566234 104.667465 0.008999 1.444803 -0.092093 
699 33.563697 0.000000 0.538958 115.254402 -0.000217 -2.906100 -0.290697 
700 31.782986 0.000000 -1.118830 111.452266 0.022367 -2.545159 -0.221239 
701 31.189416 0.000000 -1.118830 103.000172 0.009964 -3.067862 -0.058679 
702 31.782986 0.000000 -1.671426 109.269179 0.018483 -2.488636 -0.180269 
703 32.376556 0.000000 -1.118830 118.275668 0.042432 -2.192628 -0.344514 
704 31.782986 0.000000 -0.566234 107.518118 0.014573 -1.949656 -0.147109 
705 255.558951 0.000000 73.481651 99.942222 -0.001761 3.365056 0.002289 
706 331.535936 0.000000 73.481651 99.943354 -0.001927 3.353933 0.002259 
707 255.558951 0.000000 144.213958 99.936690 -0.000900 3.461876 0.002466 
708 141.593473 0.000000 38.115497 99.948206 -0.003754 3.095968 0.001996 
709 179.581965 0.000000 38.115497 99.951930 -0.003918 3.065558 0.001902 
710 141.593473 0.000000 73.481651 99.929610 -0.002046 3.388329 0.002558 
711 84.610734 0.000000 20.432420 99.976114 -0.006913 2.528293 0.001117 
712 103.604980 0.000000 20.432420 99.970471 -0.006762 2.474732 0.001203 
713 84.610734 0.000000 38.115497 100.189391 -0.004391 2.988342 -0.002895 
714 56.119364 0.000000 11.590882 99.045418 -0.008513 2.828389 0.019942 
715 65.616487 0.000000 11.590882 100.757674 -0.006100 1.446893 -0.014921 
716 56.119364 0.000000 20.432420 100.699960 0.000074 2.349945 -0.013431 
717 41.873679 0.000000 7.170112 102.427346 0.000944 -0.179424 -0.048270 
718 46.622241 0.000000 7.170112 99.242861 -0.001952 1.070263 0.015283 
719 41.873679 0.000000 11.590882 106.293957 -0.000007 -2.195643 -0.123446 
720 34.750837 0.000000 4.959728 98.841832 0.000177 0.819194 0.023289 
721 37.125118 0.000000 4.959728 107.601088 0.000117 -5.607720 -0.146235 
722 34.750837 0.000000 7.170112 99.564946 0.000006 1.719595 0.009007 
723 33.563697 0.000000 1.644151 108.898015 -0.016433 -7.903318 -0.168314 
724 34.750837 0.000000 1.644151 116.527443 -0.000364 -8.121958 -0.309066 
725 33.563697 0.000000 2.749343 97.550346 0.000406 -0.782345 0.049305 
726 31.189416 0.000000 3.854535 133.115740 -0.000025 -22.497232 -0.552977 
727 32.376556 0.000000 3.854535 98.623062 0.000060 -1.201642 0.027767 
728 31.189416 0.000000 4.959728 96.535270 -0.000024 7.199835 0.075231 
729 31.782986 0.000000 2.196747 101.741677 -0.037322 -8.202759 -0.028119 
730 31.189416 0.000000 2.196747 112.183773 -0.083380 -8.511624 -0.229359 
731 31.782986 0.000000 1.644151 101.660027 -0.034969 -6.762395 -0.028603 
732 32.376556 0.000000 2.196747 105.437851 -0.018298 -8.687334 -0.100319 
733 31.782986 0.000000 2.749343 102.092906 0.000159 -6.236725 -0.037878 
734 33.563697 0.000000 -2.776618 90.330816 -0.000074 -2.883053 0.197498 
735 33.563697 0.000000 -3.881811 104.747778 -0.000145 -0.838789 -0.093790 
736 34.750837 0.000000 -2.776618 88.462369 0.000053 -5.198138 0.238147 
737 32.970126 0.000000 -1.118830 118.491419 0.034937 -1.308152 -0.348500 
738 32.970126 0.000000 -1.671426 118.737795 0.036689 -1.438552 -0.352755 
739 33.563697 0.000000 -1.118830 112.041776 0.014884 0.229617 -0.232716 
740 32.970126 0.000000 -0.566234 111.652164 0.024553 -0.995505 -0.225413 
741 33.563697 0.000000 3.854535 101.859728 0.000145 -3.021156 -0.036147 
742 34.750837 0.000000 3.854535 97.965074 0.000160 2.148365 0.041347 
743 33.563697 0.000000 4.959728 102.472684 0.000065 -1.618935 -0.048916 
744 32.970126 0.000000 2.196747 104.647892 -0.012894 -7.896699 -0.086075 
745 32.970126 0.000000 1.644151 104.077607 -0.011783 -7.264494 -0.075775 
746 33.563697 0.000000 2.196747 108.905081 -0.016438 -7.904011 -0.168448 
747 32.970126 0.000000 2.749343 104.623112 0.000163 -6.065327 -0.087984 
748 39.499399 0.000000 0.538958 115.692974 -0.161220 -8.384937 -0.293768 
749 39.499399 0.000000 -1.671426 111.672438 0.006891 0.989761 -0.225790 
750 41.873679 0.000000 0.538958 116.482689 -0.100654 -10.862118 -0.304270 
751 39.499399 0.000000 2.749343 99.746024 0.003777 0.689770 0.005130 
752 35.937977 0.000000 -0.566234 118.740955 -0.003421 3.139616 -0.352240 
753 35.937977 0.000000 -1.671426 118.738037 -0.003421 3.139283 -0.352190 
754 37.125118 0.000000 -0.566234 115.787926 0.006438 3.374734 -0.300045 
755 35.937977 0.000000 0.538958 114.686417 -0.000467 -2.644430 -0.280564 
756 34.157267 0.000000 -1.118830 108.179135 0.011837 1.147438 -0.159973 
757 34.157267 0.000000 -1.671426 108.535988 0.012825 1.210561 -0.166761 
758 34.750837 0.000000 -1.118830 108.586834 0.009049 2.113460 -0.167466 
759 34.157267 0.000000 -0.566234 105.370587 0.009412 0.888430 -0.105913 
760 41.873679 0.000000 -10.512965 97.156137 -0.000053 0.645479 0.057253 
761 41.873679 0.000000 -14.933734 94.920326 -0.000025 -0.994972 0.102699 
762 46.622241 0.000000 -10.512965 98.094296 0.000647 0.964265 0.038362 
763 39.499399 0.000000 -3.881811 95.264238 -0.000378 -2.470512 0.096244 
764 39.499399 0.000000 -6.092195 95.999040 -0.000093 -0.951204 0.080753 
765 41.873679 0.000000 -3.881811 96.819504 -0.001121 -0.674042 0.064069 
766 35.937977 0.000000 -2.776618 100.979190 -0.000101 -3.662945 -0.018217 
767 35.937977 0.000000 -3.881811 100.363702 0.000016 -1.352159 -0.007086 
768 37.125118 0.000000 -2.776618 100.865879 -0.000006 -0.553226 -0.017254 
769 34.157267 0.000000 -2.224022 88.831834 -0.000020 -5.611572 0.231044 
770 33.563697 0.000000 -2.224022 84.809227 -0.000211 -7.287474 0.316733 
771 34.157267 0.000000 -2.776618 87.561678 -0.000013 -6.850813 0.259083 
772 34.750837 0.000000 -2.224022 90.573094 0.000140 -3.829614 0.193237 
773 33.860482 0.000000 -1.395128 111.134058 0.014280 0.770959 -0.215802 
774 33.563697 0.000000 -1.395128 112.434187 0.016006 0.143159 -0.239971 
775 33.860482 0.000000 -1.671426 112.110362 0.016026 0.376534 -0.233978 
776 34.157267 0.000000 -1.395128 108.897807 0.012719 1.232895 -0.173634 
777 33.860482 0.000000 -1.118830 110.091957 0.012721 1.034068 -0.196239 
778 35.937977 0.000000 1.644151 107.730343 0.038221 -7.210945 -0.146884 
779 37.125118 0.000000 1.644151 114.772996 0.014369 -8.574876 -0.276877 
780 35.937977 0.000000 2.749343 101.508327 -0.000658 -2.292062 -0.029549 
781 34.157267 0.000000 2.196747 117.696461 -0.010152 -9.044600 -0.328622 
782 34.157267 0.000000 1.644151 116.923166 -0.009073 -8.410291 -0.315753 
783 34.750837 0.000000 2.196747 117.393391 0.000332 -8.546672 -0.323922 
784 34.157267 0.000000 2.749343 98.589260 0.000145 1.988624 0.028703 
785 34.157267 0.000000 1.091555 110.846718 -0.003631 -5.555962 -0.207879 
786 33.563697 0.000000 1.091555 107.127358 -0.015224 -7.729651 -0.134575 
787 34.157267 0.000000 0.538958 97.496005 0.001004 0.102111 0.050341 
788 34.750837 0.000000 1.091555 113.647775 0.000056 -6.615597 -0.258725 
789 33.860482 0.000000 1.920449 115.987221 -0.011767 -8.490994 -0.298922 
790 33.563697 0.000000 1.920449 109.373672 -0.016758 -7.949971 -0.177305 
791 33.860482 0.000000 1.644151 114.155107 -0.012105 -8.083047 -0.266273 
792 34.157267 0.000000 1.920449 116.914453 -0.009312 -8.413547 -0.315594 
793 33.860482 0.000000 2.196747 117.144187 -0.012823 -8.933831 -0.318992 
794 35.344407 0.000000 -1.118830 111.159327 0.002145 2.454160 -0.215817 
795 35.344407 0.000000 -1.671426 110.844689 0.003462 2.409286 -0.209958 
796 35.937977 0.000000 -1.118830 119.577623 -0.004319 3.174934 -0.366683 
797 35.344407 0.000000 -0.566234 110.844689 0.003462 2.409286 -0.209958 
798 39.499399 0.000000 4.959728 103.790519 -0.001325 -1.375584 -0.074944 
799 41.873679 0.000000 4.959728 102.250892 0.003049 -0.397286 -0.044768 
800 39.499399 0.000000 7.170112 101.469886 -0.000176 0.807862 -0.029236 
801 35.937977 0.000000 3.854535 106.576024 -0.000039 -4.648005 -0.127374 
802 37.125118 0.000000 3.854535 98.397412 0.000102 1.206087 0.032309 
803 35.937977 0.000000 4.959728 100.535198 0.000057 1.081578 -0.010575 
804 35.344407 0.000000 2.196747 112.474836 0.004992 -7.836657 -0.235675 
805 35.344407 0.000000 1.644151 110.095909 0.007257 -7.615398 -0.191440 
806 35.937977 0.000000 2.196747 107.603117 0.048779 -7.224145 -0.144421 
807 35.344407 0.000000 2.749343 108.696455 0.000258 -7.347024 -0.165212 
808 35.344407 0.000000 -2.224022 101.153871 -0.000134 -3.280919 -0.021958 
809 35.344407 0.000000 -2.776618 102.668819 -0.000028 -2.019829 -0.052651 
810 35.937977 0.000000 -2.224022 103.095348 -0.000012 -4.078611 -0.059865 
811 38.312258 0.000000 -0.566234 111.647733 0.002323 2.631786 -0.224837 
812 38.312258 0.000000 -1.671426 111.422566 0.001939 2.471200 -0.220717 
813 39.499399 0.000000 -0.566234 111.686060 0.006957 0.981964 -0.226045 
814 38.312258 0.000000 0.538958 108.368094 -0.000084 -0.627926 -0.163658 
815 36.531548 0.000000 -1.118830 119.186720 0.000587 3.391593 -0.359841 
816 36.531548 0.000000 -1.671426 119.114441 0.000536 3.375946 -0.358599 
817 37.125118 0.000000 -1.118830 115.616005 0.005729 3.354681 -0.296975 
818 36.531548 0.000000 -0.566234 118.193619 0.003374 3.421732 -0.342573 
819 35.641192 0.000000 -1.395128 114.407310 -0.000849 2.714472 -0.275479 
820 35.344407 0.000000 -1.395128 110.576122 0.003462 2.387741 -0.204937 
821 35.641192 0.000000 -1.671426 114.239149 -0.000645 2.700067 -0.272432 
822 35.937977 0.000000 -1.395128 119.446762 -0.004203 3.168059 -0.364433 
823 35.641192 0.000000 -1.118830 114.016081 -0.001078 2.697839 -0.268377 
824 35.344407 0.000000 1.091555 112.474836 0.004992 -7.836657 -0.235675 
825 35.344407 0.000000 0.538958 99.611005 0.001735 0.107892 0.007788 
826 35.937977 0.000000 1.091555 107.814593 0.037893 -7.254903 -0.148446 
827 38.312258 0.000000 1.644151 115.085650 0.006086 -8.708611 -0.282367 
828 39.499399 0.000000 1.644151 115.192576 -0.106590 -8.446564 -0.284656 
829 38.312258 0.000000 2.749343 104.381070 0.003181 -3.178873 -0.085745 
830 36.531548 0.000000 2.196747 98.161311 -0.001691 0.246559 0.036922 
831 36.531548 0.000000 1.644151 108.629210 0.051863 -7.599427 -0.163596 
832 37.125118 0.000000 2.196747 102.266616 0.002801 -2.721130 -0.044378 
833 36.531548 0.000000 2.749343 99.789172 0.000866 -1.231926 0.004371 
834 35.641192 0.000000 1.920449 108.106077 0.022889 -7.297298 -0.153984 
835 35.344407 0.000000 1.920449 110.345668 0.007019 -7.638628 -0.196124 
836 35.641192 0.000000 1.644151 109.460657 0.014436 -7.492653 -0.179570 
837 35.937977 0.000000 1.920449 107.746898 0.037430 -7.213838 -0.147199 
838 35.641192 0.000000 2.196747 108.106077 0.022889 -7.297298 -0.153984 
839 38.312258 0.000000 -2.776618 98.293520 -0.000013 1.038283 0.034363 
840 38.312258 0.000000 -3.881811 96.305713 0.000012 -0.749615 0.074493 
841 39.499399 0.000000 -2.776618 97.076443 -0.001052 -2.330020 0.059387 
842 37.718688 0.000000 -1.118830 112.325457 0.003582 2.977589 -0.237237 
843 37.718688 0.000000 -1.671426 112.598159 0.003721 2.986558 -0.242266 
844 38.312258 0.000000 -1.118830 111.719365 0.002256 2.639728 -0.226164 
845 37.718688 0.000000 -0.566234 112.585451 0.003704 2.983760 -0.242033 
846 36.531548 0.000000 -0.013638 104.980221 -0.002273 -0.055908 -0.098388 
847 35.937977 0.000000 -0.013638 116.973793 -0.000109 -4.835331 -0.320245 
848 37.125118 0.000000 -0.013638 115.518838 -0.001061 1.241853 -0.295986 
849 36.531548 0.000000 0.538958 104.980221 -0.002273 -0.055908 -0.098388 
850 36.828333 0.000000 -0.842532 116.795185 0.005625 3.402857 -0.317975 
851 36.531548 0.000000 -0.842532 119.053349 0.000724 3.378984 -0.357541 
852 36.828333 0.000000 -1.118830 116.770903 0.005727 3.403665 -0.317544 
853 37.125118 0.000000 -0.842532 115.266239 0.006244 3.349110 -0.290694 
854 36.828333 0.000000 -0.566234 116.870512 0.005059 3.395884 -0.319313 
855 36.234763 0.000000 -0.842532 119.948455 -0.001507 3.371578 -0.372956 
856 35.937977 0.000000 -0.842532 119.440197 -0.004198 3.167658 -0.364320 
857 36.234763 0.000000 -1.118830 119.339885 -0.001467 3.311292 -0.362524 
858 36.234763 0.000000 -0.566234 120.296402 -0.003107 3.317175 -0.378930 
859 36.531548 0.000000 -2.224022 91.596887 -0.000203 -6.031132 0.174629 
860 36.531548 0.000000 -2.776618 95.960134 0.000052 -3.255950 0.082569 
861 37.125118 0.000000 -2.224022 102.881840 -0.000050 -0.399034 -0.057232 
862 36.828333 0.000000 -1.395128 116.802735 0.005602 3.402772 -0.318109 
863 36.531548 0.000000 -1.395128 119.055165 0.000719 3.378893 -0.357573 
864 36.828333 0.000000 -1.671426 116.883366 0.005043 3.396135 -0.319541 
865 37.125118 0.000000 -1.395128 116.029409 0.005529 3.368640 -0.304367 
866 36.679940 0.000000 -0.980681 117.874039 0.003848 3.401667 -0.336991 
867 36.531548 0.000000 -0.980681 119.030243 0.000796 3.380133 -0.357141 
868 36.679940 0.000000 -1.118830 117.706431 0.004292 3.404852 -0.334050 
869 36.828333 0.000000 -0.980681 116.776678 0.005698 3.403386 -0.317646 
870 36.679940 0.000000 -0.842532 117.430606 0.005191 3.422025 -0.329191 
871 36.531548 0.000000 1.091555 109.802673 0.049070 -7.974963 -0.185410 
872 37.125118 0.000000 1.091555 113.677338 0.023498 -8.591023 -0.256844 
873 37.718688 0.000000 1.091555 115.356803 0.004517 -8.540264 -0.287501 
874 37.718688 0.000000 0.538958 105.931205 -0.014189 -0.013707 -0.116865 
875 38.312258 0.000000 1.091555 115.069860 0.006194 -8.712152 -0.282076 
876 37.718688 0.000000 1.644151 115.220160 0.004133 -8.456178 -0.285143 
877 36.828333 0.000000 1.367853 112.136454 0.034424 -8.421953 -0.228606 
878 36.531548 0.000000 1.367853 108.991816 0.048963 -7.698177 -0.170382 
879 36.828333 0.000000 1.091555 112.079337 0.034044 -8.336946 -0.227661 
880 37.125118 0.000000 1.367853 114.605309 0.015766 -8.577347 -0.273824 
881 36.828333 0.000000 1.644151 112.063844 0.035090 -8.429089 -0.227245 
882 36.234763 0.000000 1.367853 107.618275 0.054346 -7.276556 -0.144645 
883 35.937977 0.000000 1.367853 107.743998 0.038439 -7.220213 -0.147135 
884 36.234763 0.000000 1.091555 106.914599 0.035377 -5.342462 -0.133283 
885 36.234763 0.000000 1.644151 107.624154 0.056505 -7.296882 -0.144732 
886 38.312258 0.000000 3.854535 101.330197 0.001290 -0.088086 -0.026523 
887 39.499399 0.000000 3.854535 102.789389 -0.000457 -1.445830 -0.055223 
888 38.312258 0.000000 4.959728 98.818453 -0.000131 2.320429 0.024238 
889 37.718688 0.000000 2.196747 102.729198 -0.003862 -0.683353 -0.054191 
890 38.312258 0.000000 2.196747 103.950223 -0.005760 -4.594328 -0.076263 
891 37.718688 0.000000 2.749343 105.593312 -0.003179 -3.241258 -0.109347 
892 36.828333 0.000000 1.920449 111.953844 0.035723 -8.402312 -0.225234 
893 36.531548 0.000000 1.920449 109.802673 0.049070 -7.974963 -0.185410 
894 37.125118 0.000000 1.920449 114.495886 0.016678 -8.578960 -0.271829 
895 36.828333 0.000000 2.196747 99.314240 0.003265 -1.270138 0.013898 
896 36.679940 0.000000 1.506002 111.159123 0.041967 -8.376177 -0.210417 
897 36.531548 0.000000 1.506002 108.994374 0.048963 -7.699050 -0.170429 
898 36.679940 0.000000 1.367853 110.904415 0.043301 -8.300839 -0.205743 
899 36.828333 0.000000 1.506002 112.116322 0.034675 -8.430622 -0.228219 
900 36.679940 0.000000 1.644151 111.234517 0.041572 -8.398478 -0.211799 
901 37.718688 0.000000 -0.013638 105.931205 -0.014189 -0.013707 -0.116865 
902 38.312258 0.000000 -0.013638 108.636896 0.000452 -1.128120 -0.168698 
903 37.421903 0.000000 -0.842532 114.355973 0.005455 3.245732 -0.274296 
904 37.421903 0.000000 -1.118830 114.460321 0.005610 3.265976 -0.276179 
905 37.718688 0.000000 -0.842532 112.361472 0.003603 2.979440 -0.237901 
906 37.421903 0.000000 -0.566234 113.373087 0.004780 3.157186 -0.256421 
907 37.421903 0.000000 1.367853 114.616206 0.012602 -8.486465 -0.274145 
908 37.421903 0.000000 1.091555 114.581882 0.013000 -8.490287 -0.273515 
909 37.718688 0.000000 1.367853 115.242333 0.004110 -8.469663 -0.285526 
910 37.421903 0.000000 1.644151 114.790689 0.012045 -8.510368 -0.277285 
911 51.370803 0.000000 -1.671426 100.624642 0.000977 1.109773 -0.012353 
912 51.370803 0.000000 -6.092195 100.146236 0.010632 2.564617 -0.002267 
913 56.119364 0.000000 -1.671426 106.438662 0.004127 -0.138869 -0.126678 
914 51.370803 0.000000 2.749343 101.687329 0.000970 0.526165 -0.033589 
915 44.247960 0.000000 0.538958 137.939532 0.091632 -39.875738 -0.565340 
916 44.247960 0.000000 -1.671426 95.516722 -0.002790 -4.792171 0.092903 
917 46.622241 0.000000 0.538958 126.086735 0.016221 -25.154283 -0.434136 
918 44.247960 0.000000 2.749343 96.839743 -0.001809 0.612982 0.063651 
919 40.686539 0.000000 -0.566234 117.471682 0.021900 0.376700 -0.330780 
920 40.686539 0.000000 -1.671426 118.169648 0.021788 0.535971 -0.342998 
921 41.873679 0.000000 -0.566234 124.122180 0.017351 1.952751 -0.443190 
922 40.686539 0.000000 0.538958 108.413400 -0.238652 -9.112983 -0.157232 
923 38.905828 0.000000 -1.118830 110.829931 0.001406 1.912288 -0.209863 
924 38.905828 0.000000 -1.671426 110.784804 0.001470 1.984796 -0.208995 
925 39.499399 0.000000 -1.118830 111.573145 0.006716 0.987251 -0.223946 
926 38.905828 0.000000 -0.566234 110.784804 0.001470 1.984796 -0.208995 
927 40.686539 0.000000 1.644151 108.156446 -0.253386 -8.610914 -0.153091 
928 41.873679 0.000000 1.644151 116.482689 -0.100654 -10.862118 -0.304270 
929 40.686539 0.000000 2.749343 102.867294 -0.007931 -1.481082 -0.056750 
930 38.905828 0.000000 1.091555 114.112540 0.001346 -8.623255 -0.264772 
931 38.905828 0.000000 0.538958 111.306730 -0.005691 0.524149 -0.219047 
932 39.499399 0.000000 1.091555 115.238891 -0.111600 -8.441406 -0.285500 
933 38.905828 0.000000 1.644151 114.136603 0.000836 -8.624805 -0.265210 
934 44.247960 0.000000 -3.881811 101.440389 0.001776 -0.616305 -0.028676 
935 44.247960 0.000000 -6.092195 98.219959 0.000630 0.143787 0.035737 
936 46.622241 0.000000 -3.881811 98.447540 0.011071 0.610805 0.031190 
937 40.686539 0.000000 -2.776618 101.192991 0.001276 -0.124830 -0.023794 
938 40.686539 0.000000 -3.881811 102.102876 0.000210 1.803776 -0.041538 
939 41.873679 0.000000 -2.776618 100.138934 0.000381 0.590875 -0.002743 
940 40.092969 0.000000 -1.118830 113.599260 0.014332 0.337756 -0.261351 
941 40.092969 0.000000 -1.671426 107.269475 0.011379 0.493933 -0.142656 
942 40.686539 0.000000 -1.118830 116.754797 0.020888 0.320369 -0.318130 
943 40.092969 0.000000 -0.566234 113.651923 0.014328 0.383189 -0.262310 
944 38.905828 0.000000 -0.013638 114.996165 0.001129 2.919848 -0.286039 
945 39.499399 0.000000 -0.013638 111.179467 0.000673 1.009933 -0.216613 
946 39.202614 0.000000 -0.842532 110.904428 0.002716 1.626767 -0.211341 
947 38.905828 0.000000 -0.842532 110.881942 0.001468 1.977652 -0.210814 
948 39.202614 0.000000 -1.118830 110.844590 0.002317 1.649890 -0.210216 
949 39.499399 0.000000 -0.842532 111.580338 0.006722 0.988717 -0.224079 
950 39.202614 0.000000 -0.566234 110.898969 0.002659 1.643106 -0.211234 
951 40.092969 0.000000 1.091555 113.373031 -0.219010 -8.173533 -0.251815 
952 40.092969 0.000000 0.538958 112.021208 -0.252683 -8.050349 -0.226964 
953 40.686539 0.000000 1.091555 108.202538 -0.250743 -8.700974 -0.153837 
954 40.092969 0.000000 1.644151 112.021208 -0.252683 -8.050349 -0.226964 
955 38.905828 0.000000 2.196747 101.529495 0.006253 -1.586112 -0.030237 
956 39.499399 0.000000 2.196747 100.226960 -0.006634 -0.423120 -0.004519 
957 38.905828 0.000000 2.749343 100.047841 -0.003721 -0.126832 -0.000955 
958 39.202614 0.000000 1.367853 114.379272 -0.021909 -8.582796 -0.269698 
959 38.905828 0.000000 1.367853 114.197160 -0.000446 -8.628705 -0.266311 
960 39.202614 0.000000 1.091555 114.407614 -0.028764 -8.564144 -0.270241 
961 39.499399 0.000000 1.367853 115.213227 -0.109030 -8.441871 -0.285036 
962 39.202614 0.000000 1.644151 114.376267 -0.026483 -8.567419 -0.269665 
963 51.370803 0.000000 7.170112 94.835501 -0.005545 6.988086 0.109575 
964 56.119364 0.000000 7.170112 99.877342 -0.003817 1.496501 0.002678 
965 51.370803 0.000000 11.590882 101.901344 -0.012952 0.842435 -0.037792 
966 44.247960 0.000000 4.959728 99.339726 0.000261 1.437613 0.013433 
967 46.622241 0.000000 4.959728 100.160166 -0.008528 0.375886 -0.003188 
968 44.247960 0.000000 7.170112 100.670533 -0.002043 1.372168 -0.013204 
969 43.060820 0.000000 1.644151 99.265053 -0.000750 -7.159980 0.019913 
970 43.060820 0.000000 0.538958 113.369384 -0.036679 -22.840019 -0.214186 
971 44.247960 0.000000 1.644151 90.321280 -0.001525 7.626555 0.203380 
972 43.060820 0.000000 2.749343 104.907711 -0.000051 -12.588772 -0.082163 
973 41.280109 0.000000 1.091555 108.812717 -0.215755 -9.893215 -0.163573 
974 41.280109 0.000000 0.538958 109.103048 -0.199107 -10.460499 -0.168112 
975 41.873679 0.000000 1.091555 115.131585 -0.132334 -9.466662 -0.282114 
976 41.280109 0.000000 1.644151 109.103048 -0.199107 -10.460499 -0.168112 
977 43.060820 0.000000 -0.566234 141.390662 0.040619 5.577669 -0.688210 
978 43.060820 0.000000 -1.671426 100.659279 -0.000601 7.332009 -0.007831 
979 44.247960 0.000000 -0.566234 160.800403 -0.166051 11.465120 -0.719795 
980 43.060820 0.000000 -2.776618 101.427906 0.000675 2.169237 -0.028004 
981 43.060820 0.000000 -3.881811 100.008143 0.002037 0.200091 -0.000159 
982 44.247960 0.000000 -2.776618 101.481819 0.000675 -5.605041 -0.026458 
983 42.467250 0.000000 -1.118830 135.123150 0.030821 3.700173 -0.607922 
984 41.873679 0.000000 -1.118830 124.630984 0.016825 2.076320 -0.451405 
985 42.467250 0.000000 -1.671426 136.785216 0.033438 3.942553 -0.630295 
986 43.060820 0.000000 -1.118830 140.155914 0.038694 5.139284 -0.673225 
987 42.467250 0.000000 -0.566234 133.729420 0.028627 3.496925 -0.588633 
988 42.467250 0.000000 1.091555 112.951038 -0.086357 -13.999183 -0.233430 
989 42.467250 0.000000 0.538958 111.708857 -0.081329 -15.102577 -0.207426 
990 43.060820 0.000000 1.091555 112.960213 -0.038289 -22.617641 -0.207230 
991 42.467250 0.000000 1.644151 103.442784 0.000460 -22.406913 -0.019693 
992 48.996522 0.000000 0.538958 103.136556 0.003404 -1.703119 -0.061990 
993 48.996522 0.000000 -1.671426 112.971719 0.000685 4.421460 -0.248278 
994 51.370803 0.000000 0.538958 101.526692 0.005321 0.590561 -0.030394 
995 48.996522 0.000000 2.749343 100.331244 -0.015602 1.739427 -0.006319 
996 45.435101 0.000000 -0.566234 185.778736 -0.639602 23.771753 -0.719795 
997 45.435101 0.000000 -1.671426 85.968658 -0.032985 -22.593392 0.348618 
998 46.622241 0.000000 -0.566234 205.053797 -0.215189 -26.566211 -0.719795 
999 45.435101 0.000000 0.538958 166.801374 0.101210 -63.235402 -0.719795 
1000 43.654390 0.000000 -1.118830 148.994193 0.004343 8.259224 -0.719795 
1001 43.654390 0.000000 -1.671426 93.000870 -0.000425 -15.815482 0.169538 
1002 44.247960 0.000000 -1.118830 158.091315 -0.157230 11.494531 -0.719795 
1003 43.654390 0.000000 -0.566234 148.881381 0.005978 8.219849 -0.719795 
1004 45.435101 0.000000 1.644151 120.721194 -0.006583 -16.241566 -0.368198 
1005 46.622241 0.000000 1.644151 101.409578 0.020014 -5.379614 -0.025263 
1006 45.435101 0.000000 2.749343 105.721501 -0.029267 -6.589583 -0.108810 
1007 44.841530 0.000000 -0.013638 162.020090 0.084610 -47.000036 -0.719795 
1008 44.247960 0.000000 -0.013638 139.416456 0.085580 -40.085337 -0.586461 
1009 44.841530 0.000000 -0.566234 169.267049 -0.371602 16.744946 -0.719795 
1010 45.435101 0.000000 -0.013638 173.557796 -0.080637 -36.979366 -0.719795 
1011 44.841530 0.000000 0.538958 165.103421 0.095541 -57.565132 -0.719795 
1012 -200.302961 0.000000 -209.447580 99.939083 0.000000 3.489950 0.002438 
1013 -276.279947 0.000000 -209.447580 99.939083 0.000000 3.489950 0.002438 
1014 -200.302961 0.000000 -280.179887 99.939083 0.000000 3.489950 0.002438 
1015 255.558951 0.000000 -209.447580 99.948532 0.001677 3.483115 0.002244 
1016 255.558951 0.000000 -280.179887 99.797379 -0.001955 3.371791 0.005195 
1017 331.535936 0.000000 -209.447580 99.942266 0.000766 3.479800 0.002367 
1018 -200.302961 0.000000 214.946266 99.939083 0.000000 3.489950 0.002438 
1019 -276.279947 0.000000 214.946266 99.939083 0.000000 3.489950 0.002438 
1020 -200.302961 0.000000 285.678573 99.939083 0.000000 3.489950 0.002438 
1021 -86.337483 0.000000 -103.349118 99.939083 0.000000 3.489950 0.002438 
1022 -124.325976 0.000000 -103.349118 99.939083 0.000000 3.489950 0.002438 
1023 -86.337483 0.000000 -138.715272 99.939083 0.000000 3.489950 0.002438 
1024 103.604980 0.000000 214.946266 99.939083 0.000000 3.489950 0.002438 
1025 179.581965 0.000000 214.946266 99.951749 0.001132 3.479871 0.002177 
1026 103.604980 0.000000 285.678573 99.939083 0.000000 3.489950 0.002438 
1027 141.593473 0.000000 -103.349118 99.988811 0.004213 3.469900 0.001429 
1028 141.593473 0.000000 -138.715272 99.636962 0.000588 3.230883 0.008316 
1029 179.581965 0.000000 -103.349118 99.952817 0.002620 3.449079 0.002135 
1030 -86.337483 0.000000 108.847804 99.939083 0.000000 3.489950 0.002438 
1031 -124.325976 0.000000 108.847804 99.939083 0.000000 3.489950 0.002438 
1032 -86.337483 0.000000 144.213958 99.939083 0.000000 3.489950 0.002438 
1033 -29.354744 0.000000 -50.299888 99.939083 0.000000 3.489950 0.002438 
1034 -48.348991 0.000000 -50.299888 99.939083 0.000000 3.489950 0.002438 
1035 -29.354744 0.000000 -67.982965 99.939083 0.000000 3.489950 0.002438 
1036 65.616487 0.000000 108.847804 99.939083 0.000000 3.489950 0.002438 
1037 103.604980 0.000000 108.847804 100.247424 0.000215 3.240131 -0.003899 
1038 65.616487 0.000000 144.213958 99.939083 0.000000 3.489950 0.002438 
1039 84.610734 0.000000 -50.299888 98.929782 0.004118 2.450282 0.022063 
1040 84.610734 0.000000 -67.982965 98.267224 -0.000009 2.094457 0.035232 
1041 103.604980 0.000000 -50.299888 100.005580 0.002703 3.330738 0.000998 
1042 -29.354744 0.000000 55.798574 99.939083 0.000000 3.489950 0.002438 
1043 -48.348991 0.000000 55.798574 99.939083 0.000000 3.489950 0.002438 
1044 -29.354744 0.000000 73.481651 99.939083 0.000000 3.489950 0.002438 
1045 -19.857621 0.000000 -23.775272 99.939083 0.000000 3.489950 0.002438 
1046 -29.354744 0.000000 -23.775272 99.939083 0.000000 3.489950 0.002438 
1047 -19.857621 0.000000 -32.616811 99.939083 0.000000 3.489950 0.002438 
1048 46.622241 0.000000 55.798574 99.207727 0.022115 4.081201 0.017558 
1049 65.616487 0.000000 55.798574 100.118931 -0.000100 3.314956 -0.001281 
1050 46.622241 0.000000 73.481651 99.939083 0.000000 3.489950 0.002438 
1051 -0.863375 0.000000 29.273958 99.939083 0.000000 3.489950 0.002438 
1052 -10.360498 0.000000 29.273958 99.939083 0.000000 3.489950 0.002438 
1053 -0.863375 0.000000 38.115497 99.939083 0.000000 3.489950 0.002438 
1054 56.119364 0.000000 -23.775272 98.837467 -0.000107 2.187525 0.023795 
1055 56.119364 0.000000 -32.616811 98.094493 -0.000009 1.822768 0.038604 
1056 65.616487 0.000000 -23.775272 100.017312 0.004893 2.714111 0.000390 
1057 -19.857621 0.000000 29.273958 99.939083 0.000000 3.489950 0.002438 
1058 -29.354744 0.000000 29.273958 99.939083 0.000000 3.489950 0.002438 
1059 -19.857621 0.000000 38.115497 99.939083 0.000000 3.489950 0.002438 
1060 37.125118 0.000000 29.273958 99.943914 -0.001375 3.445821 0.002311 
1061 46.622241 0.000000 29.273958 101.192331 -0.000092 2.363897 -0.023233 
1062 37.125118 0.000000 38.115497 99.967036 -0.001728 3.469371 0.001864 
1063 13.382310 0.000000 16.011651 100.158385 0.000563 3.314860 -0.002070 
1064 8.633748 0.000000 16.011651 99.939083 0.000000 3.489950 0.002438 
1065 13.382310 0.000000 20.432420 99.939083 0.000000 3.489950 0.002438 
1066 -3.237656 0.000000 4.959728 99.939083 0.000000 3.489950 0.002438 
1067 -5.611936 0.000000 4.959728 99.939083 0.000000 3.489950 0.002438 
1068 -3.237656 0.000000 7.170112 99.939083 0.000000 3.489950 0.002438 
1069 2.104476 0.000000 -1.118830 47.435098 0.242828 -7.766318 1.026009 
1070 2.104476 0.000000 -1.671426 47.336264 0.402057 -7.368570 1.026581 
1071 2.104476 0.000000 -0.566234 47.531424 0.188202 -7.884587 1.024793 
1072 3.291617 0.000000 -0.013638 62.704444 1.290999 18.223552 0.801646 
1073 2.698046 0.000000 -0.013638 55.077855 1.471793 19.122358 0.948056 
1074 3.885187 0.000000 -0.013638 81.182522 7.928677 -10.784942 0.407644 
1075 2.104476 0.000000 -0.013638 20.594414 0.708439 6.714639 1.343137 
1076 2.104476 0.000000 0.538958 19.997946 0.992281 6.907937 1.348178 
1077 4.478757 0.000000 -1.118830 52.816900 0.161528 -3.280369 0.929857 
1078 4.478757 0.000000 -1.671426 48.609655 1.105284 -2.266249 0.998440 
1079 4.478757 0.000000 -0.566234 51.024125 1.108736 -2.682975 0.959496 
1080 5.665897 0.000000 -0.013638 81.853315 -0.259744 5.768717 0.375282 
1081 5.072327 0.000000 -0.013638 68.101013 -0.264433 18.022635 0.694878 
1082 6.259468 0.000000 -0.013638 88.902244 -0.215356 10.254866 0.238167 
1083 4.478757 0.000000 -0.013638 78.973994 1.009948 7.481344 0.437474 
1084 2.104476 0.000000 1.091555 122.922055 1.364483 -14.448847 -0.409499 
1085 1.510906 0.000000 1.091555 101.839245 0.005516 1.930894 -0.036267 
1086 2.104476 0.000000 1.644151 101.269972 0.004933 2.320051 -0.024798 
1087 15.756591 0.000000 9.380497 99.783790 0.018779 3.570842 0.005606 
1088 13.382310 0.000000 9.380497 99.681149 0.001309 3.742030 0.007789 
1089 15.756591 0.000000 11.590882 100.545425 -0.008845 3.013052 -0.009994 
1090 11.008029 0.000000 9.380497 100.587762 0.113096 3.200121 -0.010723 
1091 8.633748 0.000000 9.380497 103.775922 -0.161018 0.567839 -0.074803 
1092 11.008029 0.000000 11.590882 97.163102 0.101678 5.750563 0.060515 
1093 5.072327 0.000000 3.854535 102.190263 0.208062 2.345784 -0.043046 
1094 3.885187 0.000000 3.854535 100.667418 0.002357 2.875389 -0.012509 
1095 5.072327 0.000000 4.959728 107.951265 -0.280761 -2.461373 -0.155195 
1096 6.853038 0.000000 -0.013638 72.677709 -0.346368 14.189674 0.585344 
1097 7.446608 0.000000 -0.013638 93.349029 -0.043779 7.399278 0.140668 
1098 6.853038 0.000000 0.538958 94.068080 -0.228983 6.047222 0.123948 
1099 6.853038 0.000000 1.091555 86.296499 0.315751 15.368397 0.308063 
1100 7.446608 0.000000 1.091555 97.032038 0.063610 2.549337 0.060398 
1101 6.853038 0.000000 1.644151 86.159764 0.321644 15.751957 0.312377 
1102 16.943731 0.000000 1.644151 109.142276 0.007058 -2.194814 -0.177984 
1103 15.756591 0.000000 1.644151 112.282203 -0.037971 -0.387430 -0.237154 
1104 18.130872 0.000000 1.644151 101.578689 0.029393 1.871028 -0.031118 
1105 14.569450 0.000000 1.644151 108.891462 0.011052 5.019659 -0.171448 
1106 16.943731 0.000000 -2.776618 100.425970 -0.027195 4.028841 -0.006897 
1107 16.943731 0.000000 -3.881811 99.793944 -0.019029 3.596063 0.005421 
1108 11.601599 0.000000 -2.224022 99.752119 -0.086086 3.519669 0.006205 
1109 11.601599 0.000000 -2.776618 99.573403 -0.027531 4.068847 0.010207 
1110 12.195170 0.000000 -2.224022 99.752119 -0.086086 3.519669 0.006205 
1111 10.414459 0.000000 3.301939 96.676588 0.075780 15.658630 0.092830 
1112 11.008029 0.000000 3.301939 98.957126 0.059910 4.256485 0.022745 
1113 10.414459 0.000000 3.854535 100.223180 -0.040969 3.259193 -0.003402 
1114 32.376556 0.000000 16.011651 100.199398 0.000403 3.046570 -0.003060 
1115 37.125118 0.000000 16.011651 102.458804 -0.000145 1.091337 -0.048780 
1116 32.376556 0.000000 20.432420 100.716326 0.001217 2.801607 -0.013527 
1117 25.253714 0.000000 9.380497 98.847451 0.002138 3.502596 0.024356 
1118 27.627995 0.000000 9.380497 100.288322 0.000370 2.630632 -0.005073 
1119 25.253714 0.000000 11.590882 101.738201 0.001763 1.859892 -0.034288 
1120 19.318012 0.000000 1.644151 102.414295 0.013787 1.545085 -0.047785 
1121 19.318012 0.000000 6.064920 99.827407 -0.005850 2.748332 0.004211 
1122 18.130872 0.000000 6.064920 100.222500 -0.027682 2.279057 -0.003930 
1123 19.318012 0.000000 7.170112 99.313050 -0.015247 3.364604 0.014903 
1124 19.911582 0.000000 -0.013638 104.965786 0.006361 0.015707 -0.098107 
1125 19.318012 0.000000 -0.013638 102.875342 0.019544 3.430543 -0.055990 
1126 19.911582 0.000000 0.538958 104.965786 0.006361 0.015707 -0.098107 
1127 22.285863 0.000000 -0.013638 104.912881 0.000663 0.573803 -0.097045 
1128 22.879433 0.000000 -0.013638 104.965322 0.002003 -1.352012 -0.097928 
1129 22.285863 0.000000 0.538958 98.957163 -0.006030 -10.774882 0.032736 
1130 19.911582 0.000000 -2.224022 107.886219 -0.010183 2.561444 -0.153913 
1131 19.318012 0.000000 -2.224022 98.371702 -0.004972 1.369827 0.032870 
1132 19.911582 0.000000 -2.776618 99.090024 -0.000996 2.410290 0.018824 
1133 24.660144 0.000000 -1.118830 101.805500 0.021508 -3.689245 -0.034634 
1134 24.660144 0.000000 -1.671426 101.466136 0.026161 -3.593708 -0.027960 
1135 24.660144 0.000000 -0.566234 101.805347 0.022102 -3.653056 -0.034657 
1136 23.473003 0.000000 -0.013638 104.252205 0.000000 -1.596441 -0.083931 
1137 24.066573 0.000000 -0.013638 103.392035 0.001529 -1.824871 -0.066978 
1138 23.473003 0.000000 0.538958 103.634235 -0.004536 -0.242161 -0.072049 
1139 21.989078 0.000000 -0.842532 105.861444 -0.005977 1.847174 -0.115201 
1140 22.285863 0.000000 -0.842532 104.854945 0.001000 0.494588 -0.095923 
1141 21.989078 0.000000 -0.566234 105.815161 -0.006034 1.869135 -0.114296 
1142 20.950330 0.000000 -0.980681 103.827542 -0.011256 3.228487 -0.074864 
1143 20.801937 0.000000 -0.980681 104.724270 -0.011003 3.070276 -0.092518 
1144 20.950330 0.000000 -0.842532 104.449160 -0.011061 3.105764 -0.087120 
1145 30.002275 0.000000 9.380497 101.413695 -0.000172 1.505243 -0.027961 
1146 32.376556 0.000000 9.380497 102.229989 -0.000075 0.599041 -0.044335 
1147 30.002275 0.000000 11.590882 100.376408 -0.000314 2.719249 -0.006786 
1148 24.066573 0.000000 6.064920 97.772059 0.002992 3.654665 0.046145 
1149 25.253714 0.000000 6.064920 99.795692 0.001134 2.169372 0.004560 
1150 24.066573 0.000000 7.170112 97.658964 0.002746 3.817658 0.048556 
1151 21.098722 0.000000 4.407132 110.276256 0.030111 -6.988133 -0.195628 
1152 20.505152 0.000000 4.407132 98.025057 0.011505 2.561031 0.040337 
1153 21.098722 0.000000 4.959728 118.867102 0.009184 -14.246146 -0.340236 
1154 23.473003 0.000000 -2.224022 92.623478 0.001008 -4.693115 0.151943 
1155 23.473003 0.000000 -2.776618 93.357122 0.003680 -2.479536 0.135168 
1156 24.066573 0.000000 -2.224022 94.210331 0.002148 -3.445024 0.118353 
1157 24.660144 0.000000 3.301939 109.379012 0.232116 -6.540133 -0.179175 
1158 24.660144 0.000000 2.749343 109.725606 0.237939 -6.628907 -0.185642 
1159 24.660144 0.000000 3.854535 101.204442 -0.000239 -1.909151 -0.023665 
1160 23.473003 0.000000 4.407132 100.767210 0.002411 -0.613712 -0.015281 
1161 24.066573 0.000000 4.407132 98.296107 0.002497 2.149128 0.034674 
1162 23.473003 0.000000 4.959728 101.396185 0.003917 -0.892322 -0.027757 
1163 51.370803 0.000000 -10.512965 97.735840 0.014698 0.411774 0.045514 
1164 51.370803 0.000000 -14.933734 98.374389 -0.000155 1.434240 0.032835 
1165 56.119364 0.000000 -10.512965 101.203261 0.008566 2.349109 -0.023457 
1166 30.595846 0.000000 -1.118830 92.585877 0.027747 -2.684373 0.151074 
1167 30.595846 0.000000 -1.671426 92.345397 0.019822 -2.735270 0.156033 
1168 30.595846 0.000000 -0.566234 89.217413 0.010241 -1.832631 0.219842 
1169 30.595846 0.000000 2.196747 152.079681 -0.101287 -7.280823 -0.719795 
1170 30.595846 0.000000 1.644151 152.079681 -0.101287 -7.280823 -0.719795 
1171 30.595846 0.000000 2.749343 152.079681 -0.101287 -7.280823 -0.719795 
1172 34.157267 0.000000 -0.013638 97.487136 0.001000 0.102086 0.050520 
1173 33.563697 0.000000 -0.013638 124.723904 -0.000248 -7.789534 -0.449251 
1174 34.750837 0.000000 -0.013638 97.415202 0.000976 0.101890 0.051973 
1175 32.970126 0.000000 -0.013638 99.745083 0.000180 0.093030 0.005102 
1176 32.376556 0.000000 -0.013638 102.846860 0.000163 0.147437 -0.056555 
1177 32.970126 0.000000 0.538958 99.742407 0.000179 0.092891 0.005156 
1178 32.970126 0.000000 1.091555 103.461739 -0.007801 -5.099989 -0.066192 
1179 32.376556 0.000000 1.091555 99.667087 0.000173 0.088963 0.006664 
1180 32.970126 0.000000 -2.224022 111.310403 0.000220 -5.897300 -0.216225 
1181 32.376556 0.000000 -2.224022 100.862097 -0.000170 -8.706425 -0.009702 
1182 32.970126 0.000000 -2.776618 109.498577 -0.000008 -3.993737 -0.183767 
1183 35.344407 0.000000 -0.013638 99.611005 0.001735 0.107892 0.007788 
1184 35.641192 0.000000 -0.842532 114.381862 -0.000818 2.712292 -0.275018 
1185 35.344407 0.000000 -0.842532 111.808678 0.000963 2.523858 -0.227872 
1186 35.641192 0.000000 -0.566234 116.848725 -0.003802 2.923613 -0.319153 
1187 40.686539 0.000000 3.854535 101.544931 -0.003280 -0.398412 -0.030774 
1188 41.873679 0.000000 3.854535 100.475607 0.001093 0.480590 -0.009479 
1189 40.686539 0.000000 4.959728 100.520545 -0.001300 0.826260 -0.010331 
1190 36.234763 0.000000 -1.395128 119.189407 -0.002084 3.261046 -0.359950 
1191 36.234763 0.000000 -1.671426 120.296402 -0.003107 3.317175 -0.378930 
1192 35.641192 0.000000 1.367853 109.737573 0.016205 -7.498720 -0.184813 
1193 35.344407 0.000000 1.367853 110.815791 0.006571 -7.682353 -0.204915 
1194 35.641192 0.000000 1.091555 108.106077 0.022889 -7.297298 -0.153984 
1195 36.234763 0.000000 1.920449 107.619392 0.054756 -7.280416 -0.144661 
1196 36.234763 0.000000 2.196747 99.098482 0.001268 -2.378697 0.018639 
1197 37.718688 0.000000 -2.224022 99.034709 0.000277 1.593666 0.019603 
1198 37.718688 0.000000 -2.776618 97.601785 -0.000424 -0.143556 0.048205 
1199 38.312258 0.000000 -2.224022 94.945859 -0.000679 -3.609617 0.103471 
1200 37.421903 0.000000 -1.395128 114.370181 0.005465 3.247012 -0.274553 
1201 37.421903 0.000000 -1.671426 113.373087 0.004780 3.157186 -0.256421 
1202 37.718688 0.000000 -1.395128 112.382223 0.003618 2.981146 -0.238284 
1203 37.421903 0.000000 1.920449 115.163408 0.006251 -8.425525 -0.284157 
1204 37.718688 0.000000 1.920449 115.339852 0.004669 -8.530207 -0.287208 
1205 37.421903 0.000000 2.196747 104.058042 -0.004184 -2.620987 -0.079722 
1206 48.996522 0.000000 -3.881811 110.829372 0.014628 10.838894 -0.200205 
1207 48.996522 0.000000 -6.092195 92.345869 0.019262 -5.198615 0.158194 
1208 51.370803 0.000000 -3.881811 101.282622 0.006432 3.642468 -0.024275 
1209 41.280109 0.000000 -1.118830 119.312858 0.021604 0.796844 -0.362804 
1210 41.280109 0.000000 -1.671426 120.136994 0.021472 0.984906 -0.376921 
1211 41.280109 0.000000 -0.566234 119.073000 0.021643 0.742110 -0.358670 
1212 41.280109 0.000000 -0.013638 123.799222 -0.001002 -5.163476 -0.436417 
1213 40.686539 0.000000 -0.013638 117.198860 0.001146 1.224543 -0.325874 
1214 41.873679 0.000000 -0.013638 111.795002 0.000175 -45.569952 -0.041514 
1215 40.092969 0.000000 -0.013638 109.871808 -0.001383 -1.741750 -0.191926 
1216 40.092969 0.000000 2.196747 99.338542 0.000284 0.571909 0.013281 
1217 40.686539 0.000000 2.196747 106.335684 0.006432 -5.374618 -0.122063 
1218 40.092969 0.000000 2.749343 100.428986 0.000782 -0.040375 -0.008571 
1219 45.435101 0.000000 -2.776618 82.700327 -0.008969 -8.601068 0.362904 
1220 45.435101 0.000000 -3.881811 91.565501 0.005659 -0.690885 0.171248 
1221 46.622241 0.000000 -2.776618 99.088364 0.004490 -0.048285 0.018269 
1222 48.996522 0.000000 4.959728 112.292342 0.001539 -8.521926 -0.231363 
1223 51.370803 0.000000 4.959728 102.519484 -0.002262 0.527987 -0.050067 
1224 48.996522 0.000000 7.170112 104.225490 -0.013131 -1.672441 -0.083385 
1225 43.060820 0.000000 3.854535 99.651207 -0.000062 0.733305 0.007035 
1226 44.247960 0.000000 3.854535 100.177064 -0.000790 -2.834333 -0.002738 
1227 43.060820 0.000000 4.959728 101.205585 0.001943 0.336138 -0.024035 
1228 45.435101 0.000000 3.854535 105.546003 -0.007534 -4.780293 -0.107290 
1229 46.622241 0.000000 3.854535 94.664286 -0.021416 5.066202 0.110575 
1230 45.435101 0.000000 4.959728 100.892726 -0.001897 -0.865634 -0.017745 
1231 43.654390 0.000000 -0.013638 152.967859 -0.000602 25.895707 -0.719795 
1232 43.060820 0.000000 -0.013638 109.949849 0.000431 -19.159338 -0.161778 
1233 43.654390 0.000000 0.538958 126.106874 0.028072 -30.597106 -0.414105 
1234 42.467250 0.000000 -0.013638 80.400738 0.000156 -8.546399 0.410227 
1235 44.841530 0.000000 -1.118830 161.092203 -0.329372 15.468813 -0.719795 
1236 44.841530 0.000000 -1.671426 96.292172 -0.007043 3.783446 0.076217 
1237 45.435101 0.000000 -1.118830 185.269070 -0.640098 23.891779 -0.719795 
1238 255.558951 0.000000 214.946266 99.931479 -0.000747 3.481638 0.002585 
1239 331.535936 0.000000 214.946266 99.937039 -0.000587 3.478024 0.002471 
1240 255.558951 0.000000 285.678573 100.008552 0.000453 3.430487 0.001006 
1241 141.593473 0.000000 108.847804 99.908778 0.001344 3.461536 0.003025 
1242 179.581965 0.000000 108.847804 99.930651 -0.002028 3.445470 0.002576 
1243 141.593473 0.000000 144.213958 100.526839 -0.000367 3.024881 -0.009616 
1244 84.610734 0.000000 55.798574 100.895261 0.000392 2.603258 -0.017200 
1245 103.604980 0.000000 55.798574 99.932091 -0.003133 3.319061 0.002462 
1246 84.610734 0.000000 73.481651 100.809892 0.000009 2.758452 -0.015416 
1247 3.885187 0.000000 16.011651 99.939083 0.000000 3.489950 0.002438 
1248 -0.863375 0.000000 16.011651 99.939083 0.000000 3.489950 0.002438 
1249 3.885187 0.000000 20.432420 99.939083 0.000000 3.489950 0.002438 
1250 -5.611936 0.000000 16.011651 99.939083 0.000000 3.489950 0.002438 
1251 -10.360498 0.000000 16.011651 99.939083 0.000000 3.489950 0.002438 
1252 -5.611936 0.000000 20.432420 99.939083 0.000000 3.489950 0.002438 
1253 56.119364 0.000000 29.273958 102.488419 0.000010 1.163044 -0.049350 
1254 65.616487 0.000000 29.273958 100.957629 -0.012145 2.244535 -0.018614 
1255 56.119364 0.000000 38.115497 96.678320 0.000005 5.845130 0.070465 
1256 6.259468 0.000000 9.380497 99.939083 0.000000 3.489950 0.002438 
1257 3.885187 0.000000 9.380497 99.939083 0.000000 3.489950 0.002438 
1258 6.259468 0.000000 11.590882 99.939083 0.000000 3.489950 0.002438 
1259 1.510906 0.000000 9.380497 99.939083 0.000000 3.489950 0.002438 
1260 -0.863375 0.000000 9.380497 99.939083 0.000000 3.489950 0.002438 
1261 1.510906 0.000000 11.590882 99.939083 0.000000 3.489950 0.002438 
1262 -3.237656 0.000000 9.380497 99.939083 0.000000 3.489950 0.002438 
1263 -5.611936 0.000000 9.380497 99.939083 0.000000 3.489950 0.002438 
1264 -3.237656 0.000000 11.590882 99.939083 0.000000 3.489950 0.002438 
1265 2.698046 0.000000 3.854535 99.939083 0.000000 3.489950 0.002438 
1266 1.510906 0.000000 3.854535 99.939083 0.000000 3.489950 0.002438 
1267 2.698046 0.000000 4.959728 99.939083 0.000000 3.489950 0.002438 
1268 0.917336 0.000000 1.091555 99.939083 0.000000 3.489950 0.002438 
1269 0.323766 0.000000 1.091555 99.939083 0.000000 3.489950 0.002438 
1270 0.917336 0.000000 1.644151 99.939083 0.000000 3.489950 0.002438 
1271 41.873679 0.000000 16.011651 100.274852 0.000019 2.540213 -0.004851 
1272 46.622241 0.000000 16.011651 100.064537 0.000027 2.653765 -0.000587 
1273 41.873679 0.000000 20.432420 103.313815 -0.000005 0.165326 -0.065753 
1274 16.943731 0.000000 6.064920 101.943165 0.008008 1.305757 -0.038524 
1275 15.756591 0.000000 6.064920 101.563304 -0.002872 1.971420 -0.030775 
1276 16.943731 0.000000 7.170112 100.580867 -0.002635 2.781343 -0.010835 
1277 14.569450 0.000000 6.064920 101.100871 -0.009893 2.483802 -0.021355 
1278 13.382310 0.000000 6.064920 99.308551 0.031196 3.966001 0.015439 
1279 14.569450 0.000000 7.170112 99.968698 0.026989 3.408956 0.001789 
1280 24.660144 0.000000 -0.013638 101.520512 0.024723 -2.375514 -0.029753 
1281 25.253714 0.000000 -0.013638 127.965363 -0.005178 -0.305383 -0.504313 
1282 24.660144 0.000000 0.538958 102.725318 -0.002366 -0.131582 -0.054157 
1283 34.750837 0.000000 9.380497 106.645395 -0.000012 -1.533595 -0.130456 
1284 37.125118 0.000000 9.380497 100.390649 0.000018 1.730098 -0.007509 
1285 34.750837 0.000000 11.590882 114.376319 -0.000046 -9.181254 -0.268797 
1286 26.440854 0.000000 6.064920 101.825500 -0.000534 0.600270 -0.036322 
1287 27.627995 0.000000 6.064920 99.286546 -0.000756 2.411958 0.014879 
1288 26.440854 0.000000 7.170112 100.522945 -0.000388 2.017732 -0.010043 
1289 24.660144 0.000000 -2.224022 95.746485 -0.000196 -7.595312 0.091920 
1290 24.660144 0.000000 -2.776618 96.528215 -0.000368 -3.353687 0.071104 
1291 25.253714 0.000000 -2.224022 96.679159 -0.001712 -2.132753 0.067341 
1292 24.660144 0.000000 4.407132 98.788099 -0.001314 1.249130 0.024460 
1293 25.253714 0.000000 4.407132 100.922093 -0.000694 -0.000162 -0.018404 
1294 24.660144 0.000000 4.959728 100.640327 -0.000556 0.595923 -0.012753 
1295 25.847284 0.000000 -0.013638 127.965363 -0.005178 -0.305383 -0.504313 
1296 26.440854 0.000000 -0.013638 116.139661 -0.002957 -0.038237 -0.307206 
1297 25.847284 0.000000 0.538958 127.965363 -0.005178 -0.305383 -0.504313 
1298 25.847284 0.000000 -2.224022 131.674303 -0.001046 -0.210667 -0.559888 
1299 25.847284 0.000000 -2.776618 130.613923 -0.001736 -8.660245 -0.540068 
1300 26.440854 0.000000 -2.224022 20.612268 -0.002167 -9.509191 1.351276 
1301 28.815135 0.000000 6.064920 100.959491 -0.000886 0.879830 -0.019072 
1302 30.002275 0.000000 6.064920 99.863584 -0.000037 1.540169 0.002967 
1303 28.815135 0.000000 7.170112 104.620135 -0.000781 -1.314240 -0.091202 
1304 25.847284 0.000000 4.407132 103.355048 -0.002048 -2.249217 -0.066086 
1305 26.440854 0.000000 4.407132 98.909454 -0.001544 1.530939 0.022100 
1306 25.847284 0.000000 4.959728 100.098146 -0.001120 1.319704 -0.001789 
1307 31.782986 0.000000 -0.013638 99.558048 0.000163 0.083276 0.008848 
1308 31.189416 0.000000 -0.013638 115.684944 0.000060 -6.507405 -0.295799 
1309 31.782986 0.000000 0.538958 99.548482 0.000162 0.082777 0.009040 
1310 30.595846 0.000000 -0.013638 87.042723 0.000217 -0.690863 0.264302 
1311 30.002275 0.000000 -0.013638 87.105065 0.000240 -0.707140 0.263020 
1312 30.595846 0.000000 0.538958 87.043345 0.000218 -0.691211 0.264290 
1313 30.595846 0.000000 1.091555 86.015520 0.000410 -0.906755 0.285513 
1314 30.002275 0.000000 1.091555 87.117172 0.000242 -0.708162 0.262771 
1315 31.189416 0.000000 1.091555 103.340447 0.000090 -24.004825 -0.010263 
1316 31.782986 0.000000 1.091555 99.568587 0.000164 0.083825 0.008637 
1317 31.782986 0.000000 -2.224022 87.970157 -0.000052 -12.190765 0.262625 
1318 31.189416 0.000000 -2.224022 86.793128 0.000091 -10.175510 0.281725 
1319 31.782986 0.000000 -2.776618 84.407390 -0.000221 -12.435516 0.337513 
1320 30.595846 0.000000 -2.224022 83.702445 0.000267 -9.011566 0.343078 
1321 30.002275 0.000000 -2.224022 102.910825 -0.000031 -5.965884 -0.054404 
1322 30.595846 0.000000 -2.776618 88.925137 0.000247 -3.258902 0.226700 
1323 51.370803 0.000000 16.011651 100.234353 0.000280 2.606023 -0.004008 
1324 56.119364 0.000000 16.011651 102.234856 -0.014845 0.571322 -0.044434 
1325 51.370803 0.000000 20.432420 100.736841 0.000172 2.385227 -0.014150 
1326 39.499399 0.000000 9.380497 101.708166 0.000024 1.191777 -0.033891 
1327 41.873679 0.000000 9.380497 98.849522 -0.000072 3.170596 0.024089 
1328 39.499399 0.000000 11.590882 101.867206 0.000053 0.437840 -0.037165 
1329 38.905828 0.000000 -2.224022 93.758391 -0.000467 -1.730238 0.126620 
1330 38.905828 0.000000 -2.776618 93.049422 0.000278 -2.102307 0.141274 
1331 39.499399 0.000000 -2.224022 100.140481 0.000018 -0.040897 -0.002809 
1332 41.280109 0.000000 2.196747 101.066357 -0.000878 -0.776530 -0.021216 
1333 41.873679 0.000000 2.196747 98.884202 -0.000002 -0.637810 0.022411 
1334 41.280109 0.000000 2.749343 102.614637 0.005081 -1.540905 -0.051745 
1335 40.092969 0.000000 -2.224022 93.700048 -0.000017 0.506493 0.127514 
1336 40.092969 0.000000 -2.776618 93.474867 0.000175 -0.064707 0.132088 
1337 40.686539 0.000000 -2.224022 100.306768 -0.000878 -0.704651 -0.006082 
1338 43.654390 0.000000 1.091555 127.019051 0.038454 -32.011391 -0.423725 
1339 44.247960 0.000000 1.091555 133.667913 0.109133 -39.269527 -0.501293 
1340 43.654390 0.000000 1.644151 104.360850 -0.001091 -9.422312 -0.077950 
1341 42.467250 0.000000 2.196747 97.636663 0.000183 4.181358 0.049308 
1342 43.060820 0.000000 2.196747 98.822012 -0.000082 -8.635477 0.031223 
1343 42.467250 0.000000 2.749343 100.415941 -0.000518 -0.731420 -0.008258 
1344 44.841530 0.000000 1.091555 166.801374 0.101210 -63.235402 -0.719795 
1345 45.435101 0.000000 1.091555 101.942126 -0.005508 -1.319281 -0.038500 
1346 44.841530 0.000000 1.644151 99.114089 -0.010264 0.390095 0.017767 
1347 0.323766 0.000000 3.854535 99.939083 0.000000 3.489950 0.002438 
1348 -0.863375 0.000000 3.854535 99.939083 0.000000 3.489950 0.002438 
1349 0.323766 0.000000 4.959728 99.939083 0.000000 3.489950 0.002438 
1350 12.195170 0.000000 6.064920 100.193750 -0.022655 3.252680 -0.002818 
1351 11.008029 0.000000 6.064920 100.431663 -0.007002 3.195342 -0.007610 
1352 12.195170 0.000000 7.170112 100.711679 -0.009530 2.889443 -0.013384 
1353 9.820889 0.000000 6.064920 98.320584 -0.060003 5.078742 0.036352 
1354 8.633748 0.000000 6.064920 102.020543 0.014456 2.284713 -0.039716 
1355 9.820889 0.000000 7.170112 99.370716 0.065364 4.241868 0.014420 
1356 31.189416 0.000000 6.064920 69.545573 -0.000023 22.432850 0.691886 
1357 32.376556 0.000000 6.064920 102.900184 -0.000005 1.450689 -0.057407 
1358 31.189416 0.000000 7.170112 134.562586 0.000047 -25.641794 -0.566016 
1359 29.408705 0.000000 -0.013638 87.248722 0.000280 -0.732778 0.260064 
1360 28.815135 0.000000 -0.013638 95.261350 0.001616 -1.440038 0.095872 
1361 29.408705 0.000000 0.538958 87.256636 0.000282 -0.734218 0.259902 
1362 29.408705 0.000000 1.091555 87.252883 0.000279 -0.732160 0.259979 
1363 28.815135 0.000000 1.091555 95.261350 0.001616 -1.440038 0.095872 
1364 29.408705 0.000000 -2.224022 77.527926 0.000280 -9.128819 0.470543 
1365 28.815135 0.000000 -2.224022 67.715984 0.000145 -6.612420 0.661674 
1366 29.408705 0.000000 -2.776618 79.677781 0.000325 -12.210516 0.434938 
1367 44.247960 0.000000 9.380497 100.645038 0.000243 1.614317 -0.012624 
1368 46.622241 0.000000 9.380497 100.760456 -0.000313 1.723949 -0.014889 
1369 44.247960 0.000000 11.590882 101.026995 0.000339 1.701610 -0.020207 
1370 33.563697 0.000000 6.064920 95.681792 0.000097 3.306325 0.088263 
1371 34.750837 0.000000 6.064920 105.423973 0.000139 -3.303017 -0.106018 
1372 33.563697 0.000000 7.170112 120.497575 -0.000031 -12.191704 -0.372582 
1373 41.280109 0.000000 -2.224022 96.289596 0.001791 -1.962417 0.075167 
1374 41.280109 0.000000 -2.776618 96.889191 -0.000948 -0.322037 0.062622 
1375 41.873679 0.000000 -2.224022 100.542980 0.000136 2.690318 -0.010128 
1376 48.996522 0.000000 9.380497 102.080279 -0.012889 0.166067 -0.041403 
1377 51.370803 0.000000 9.380497 100.908280 -0.002935 1.313190 -0.017958 
1378 48.996522 0.000000 11.590882 101.161560 -0.000344 1.573057 -0.022927 
1379 43.654390 0.000000 2.196747 94.668251 -0.001075 0.054836 0.107729 
1380 44.247960 0.000000 2.196747 103.660854 -0.001850 -6.343844 -0.068760 
1381 43.654390 0.000000 2.749343 99.995917 -0.001010 -4.926898 0.002511 
1382 42.467250 0.000000 -2.224022 97.658887 -0.000108 -4.646669 0.049284 
1383 42.467250 0.000000 -2.776618 99.087362 0.002059 -1.793051 0.018614 
1384 43.060820 0.000000 -2.224022 101.038132 0.000028 4.787296 -0.018455 
1385 44.841530 0.000000 2.196747 134.717008 -0.008485 -26.650458 -0.565405 
1386 45.435101 0.000000 2.196747 110.639227 -0.039359 -5.607954 -0.203937 
1387 44.841530 0.000000 2.749343 100.727572 -0.005438 -1.917829 -0.014164 
1 11 62 60 61 
2 62 10 24 60 
3 60 24 14 63 
4 61 60 63 6 
5 24 66 64 65 
6 66 23 40 64 
7 64 40 27 67 
8 65 64 67 14 
9 40 70 68 69 
10 69 68 71 27 
11 6 63 92 93 
12 63 14 36 92 
13 92 36 19 94 
14 93 92 94 20 
15 14 67 95 96 
16 67 27 52 95 
17 95 52 35 97 
18 96 95 97 36 
19 27 71 98 99 
20 99 98 100 52 
21 68 112 110 111 
22 112 56 80 110 
23 110 80 43 113 
24 111 110 113 71 
25 80 116 114 115 
26 115 114 117 43 
27 71 113 133 134 
28 113 43 102 133 
29 133 102 76 135 
30 134 133 135 98 
31 43 117 136 137 
32 137 136 138 102 
33 114 141 139 140 
34 141 106 129 139 
35 139 129 83 142 
36 140 139 142 117 
37 12 145 143 144 
38 145 7 146 143 
39 143 146 13 25 
40 144 143 25 10 
41 25 149 147 148 
42 149 13 150 147 
43 147 150 26 41 
44 148 147 41 23 
45 41 153 151 152 
46 153 26 154 151 
47 151 154 42 57 
48 152 151 57 39 
49 39 157 155 156 
50 157 57 158 155 
51 155 158 55 81 
52 156 155 81 56 
53 81 161 159 160 
54 161 55 162 159 
55 159 162 82 107 
56 160 159 107 79 
57 79 165 163 164 
58 165 107 166 163 
59 106 169 167 168 
60 168 167 171 129 
61 56 174 172 173 
62 174 81 160 172 
63 172 160 79 116 
64 173 172 116 80 
65 116 177 175 176 
66 177 79 164 175 
67 175 164 106 141 
68 176 175 141 114 
69 164 180 178 179 
70 180 163 181 178 
71 178 181 130 169 
72 179 178 169 106 
73 169 196 194 195 
74 196 130 197 194 
75 194 197 170 198 
76 195 194 198 167 
77 199 201 124 202 
78 200 199 202 125 
79 129 171 203 204 
80 203 205 132 206 
81 204 203 206 83 
82 167 198 207 208 
83 198 170 209 207 
84 207 209 128 210 
85 208 207 210 171 
86 107 212 211 166 
87 212 82 213 211 
88 163 215 214 181 
89 215 166 216 214 
90 214 216 105 191 
91 181 214 191 130 
92 191 223 221 222 
93 223 105 224 221 
94 221 224 192 225 
95 222 221 225 190 
96 226 227 109 228 
97 205 226 228 132 
98 232 233 126 234 
99 201 232 234 124 
100 235 236 189 237 
101 227 235 237 109 
102 193 240 238 239 
103 240 131 241 238 
104 238 241 227 242 
105 239 238 242 226 
106 166 244 243 216 
107 244 211 245 243 
108 243 245 187 218 
109 216 243 218 105 
110 251 108 252 250 
111 250 252 188 253 
112 218 256 254 255 
113 256 187 257 254 
114 254 257 219 258 
115 255 254 258 217 
116 131 260 259 241 
117 260 220 261 259 
118 259 261 235 262 
119 241 259 262 227 
120 253 188 264 263 
121 263 264 59 265 
122 236 263 265 189 
123 220 267 266 261 
124 267 186 268 266 
125 266 268 236 269 
126 261 266 269 235 
127 57 271 270 158 
128 271 42 272 270 
129 270 272 58 89 
130 158 270 89 55 
131 55 274 273 162 
132 274 89 275 273 
133 273 275 88 183 
134 162 273 183 82 
135 82 277 276 213 
136 277 183 278 276 
137 211 280 279 245 
138 280 213 281 279 
139 279 281 108 251 
140 245 279 251 187 
141 187 283 282 257 
142 283 251 284 282 
143 282 284 250 285 
144 257 282 285 219 
145 108 287 286 252 
146 286 288 246 289 
147 252 286 289 188 
148 213 291 290 281 
149 291 276 292 290 
150 281 290 287 108 
151 306 182 307 305 
152 305 307 248 308 
153 288 305 308 246 
154 287 311 309 310 
155 309 312 288 313 
156 310 309 313 286 
157 183 315 314 278 
158 315 88 316 314 
159 276 318 317 292 
160 318 278 319 317 
161 317 319 182 306 
162 290 322 320 321 
163 322 292 323 320 
164 320 323 247 311 
165 321 320 311 287 
166 247 325 324 312 
167 325 306 326 324 
168 324 326 305 327 
169 312 324 327 288 
170 311 330 328 329 
171 330 247 331 328 
172 328 331 312 332 
173 329 328 332 309 
174 188 289 336 264 
175 289 246 337 336 
176 339 341 333 342 
177 340 339 342 233 
178 264 345 343 344 
179 345 336 346 343 
180 344 343 347 59 
181 246 308 348 337 
182 308 248 349 348 
183 348 349 185 350 
184 337 348 350 249 
185 336 352 351 346 
186 352 337 353 351 
187 351 353 249 354 
188 346 351 354 338 
189 189 265 355 356 
190 265 59 340 355 
191 355 340 233 357 
192 356 355 357 232 
193 59 347 358 359 
194 347 338 360 358 
195 358 360 339 361 
196 359 358 361 340 
197 343 364 362 363 
198 364 346 365 362 
199 362 365 338 366 
200 363 362 366 347 
201 249 350 376 341 
202 350 185 377 376 
203 376 377 334 378 
204 341 376 378 333 
205 182 380 379 307 
206 379 381 301 382 
207 307 379 382 248 
208 278 384 383 319 
209 384 314 385 383 
210 383 385 302 380 
211 319 383 380 182 
212 302 391 390 381 
213 391 184 392 390 
214 390 392 303 393 
215 381 390 393 301 
216 380 396 394 395 
217 396 302 397 394 
218 394 397 381 398 
219 395 394 398 379 
220 185 400 399 377 
221 400 304 401 399 
222 399 401 373 402 
223 377 399 402 334 
224 304 407 406 401 
225 407 91 408 406 
226 406 408 374 409 
227 401 406 409 373 
228 89 411 410 275 
229 411 58 412 410 
230 410 412 90 298 
231 275 410 298 88 
232 88 414 413 316 
233 414 298 415 413 
234 184 417 416 392 
235 392 416 419 303 
236 91 421 420 408 
237 421 389 422 420 
238 420 422 403 423 
239 408 420 423 374 
240 298 437 436 415 
241 437 90 438 436 
242 413 441 439 440 
243 441 415 442 439 
244 316 450 448 449 
245 450 413 440 448 
246 449 448 417 184 
247 440 453 451 452 
248 453 439 454 451 
249 451 454 433 445 
250 452 451 445 387 
251 460 297 461 459 
252 459 461 434 462 
253 445 465 463 464 
254 465 433 466 463 
255 463 466 446 467 
256 417 470 468 469 
257 470 387 444 468 
258 468 444 418 471 
259 469 468 471 416 
260 387 474 472 473 
261 474 445 464 472 
262 473 472 475 444 
263 386 435 476 477 
264 435 388 478 476 
265 476 478 300 479 
266 477 476 479 389 
267 418 447 480 481 
268 447 432 482 480 
269 480 482 435 483 
270 481 480 483 386 
271 467 446 486 484 
272 484 486 432 487 
273 485 484 487 447 
274 464 490 488 489 
275 490 463 491 488 
276 488 491 467 492 
277 444 475 493 494 
278 493 485 447 495 
279 494 493 495 418 
280 472 498 496 497 
281 498 464 489 496 
282 496 489 443 499 
283 497 496 499 475 
284 443 492 500 501 
285 492 467 502 500 
286 500 502 484 503 
287 501 500 503 485 
288 489 506 504 505 
289 506 488 507 504 
290 504 507 492 508 
291 505 504 508 443 
292 415 519 518 442 
293 519 436 520 518 
294 439 522 521 454 
295 522 442 523 521 
296 521 523 297 460 
297 454 521 460 433 
298 433 525 524 466 
299 525 460 526 524 
300 524 526 459 527 
301 466 524 527 446 
302 479 534 532 533 
303 534 300 535 532 
304 532 535 516 536 
305 389 539 537 538 
306 539 479 533 537 
307 537 533 515 540 
308 538 537 540 422 
309 19 38 541 542 
310 38 21 543 541 
311 541 543 9 544 
312 542 541 544 22 
313 35 54 545 546 
314 54 37 547 545 
315 545 547 21 548 
316 546 545 548 38 
317 51 78 549 550 
318 78 53 551 549 
319 549 551 37 552 
320 550 549 552 54 
321 75 123 553 554 
322 123 77 555 553 
323 553 555 53 556 
324 554 553 556 78 
325 121 372 557 558 
326 372 122 559 557 
327 557 559 77 560 
328 558 557 560 123 
329 230 405 561 562 
330 405 370 563 561 
331 561 563 372 564 
332 562 561 564 121 
333 403 517 565 566 
334 517 404 567 565 
335 565 567 370 568 
336 566 565 568 405 
337 515 536 569 570 
338 536 516 571 569 
339 569 571 404 572 
340 570 569 572 517 
341 533 575 573 574 
342 575 532 576 573 
343 573 576 536 577 
344 574 573 577 515 
345 297 579 578 461 
346 579 456 580 578 
347 578 580 455 581 
348 461 578 581 434 
349 388 458 582 478 
350 458 428 583 582 
351 582 583 431 529 
352 478 582 529 300 
353 300 585 584 535 
354 585 529 586 584 
355 584 586 528 587 
356 535 584 587 516 
357 593 299 594 592 
358 592 594 430 595 
359 7 597 596 146 
360 597 16 598 596 
361 596 598 15 32 
362 146 596 32 13 
363 13 600 599 150 
364 600 32 601 599 
365 599 601 31 48 
366 150 599 48 26 
367 26 603 602 154 
368 603 48 604 602 
369 602 604 47 85 
370 154 602 85 42 
371 42 606 605 272 
372 606 85 607 605 
373 605 607 84 294 
374 272 605 294 58 
375 58 609 608 412 
376 609 294 610 608 
377 608 610 293 425 
378 412 608 425 90 
379 90 612 611 438 
380 612 425 613 611 
381 436 615 614 520 
382 615 438 616 614 
383 614 616 299 593 
384 429 619 617 618 
385 619 593 620 617 
386 617 620 592 621 
387 618 617 621 457 
388 626 5 627 625 
389 625 627 513 628 
390 428 595 629 583 
391 595 430 630 629 
392 629 630 5 626 
393 583 629 626 431 
394 431 633 631 632 
395 633 626 634 631 
396 631 634 625 635 
397 632 631 635 530 
398 299 637 636 594 
399 594 636 639 430 
400 430 639 640 630 
401 630 640 642 5 
402 438 644 643 616 
403 644 611 645 643 
404 616 643 637 299 
405 15 647 646 33 
406 647 17 648 646 
407 646 648 8 649 
408 33 646 649 18 
409 31 651 650 49 
410 651 33 652 650 
411 650 652 18 653 
412 49 650 653 34 
413 47 655 654 86 
414 655 49 656 654 
415 654 656 34 657 
416 86 654 657 50 
417 659 86 660 658 
418 658 660 50 661 
419 637 676 674 675 
420 676 589 677 674 
421 674 677 638 678 
422 675 674 678 636 
423 5 642 682 627 
424 642 591 683 682 
425 682 683 622 684 
426 627 682 684 513 
427 640 687 685 686 
428 687 641 688 685 
429 685 688 591 689 
430 686 685 689 642 
431 425 691 690 613 
432 691 293 692 690 
433 611 694 693 645 
434 694 613 695 693 
435 671 702 700 701 
436 702 424 703 700 
437 700 703 672 704 
438 701 700 704 670 
439 18 649 705 45 
440 649 8 706 705 
441 705 706 29 707 
442 45 705 707 28 
443 34 653 708 73 
444 653 18 709 708 
445 708 709 45 710 
446 73 708 710 44 
447 50 657 711 119 
448 657 34 712 711 
449 711 712 73 713 
450 119 711 713 72 
451 661 50 715 714 
452 714 715 119 716 
453 720 721 510 722 
454 591 681 726 683 
455 681 427 727 726 
456 726 727 623 728 
457 683 726 728 622 
458 679 731 729 730 
459 731 680 732 729 
460 729 732 427 733 
461 730 729 733 681 
462 613 735 734 695 
463 735 690 736 734 
464 424 738 737 703 
465 738 697 739 737 
466 737 739 696 740 
467 703 737 740 672 
468 427 725 741 727 
469 725 669 742 741 
470 741 742 720 743 
471 727 741 743 623 
472 680 745 744 732 
473 745 723 746 744 
474 744 746 725 747 
475 732 744 747 427 
476 757 667 758 756 
477 756 758 698 759 
478 739 756 759 696 
479 294 761 760 610 
480 761 84 762 760 
481 760 762 295 663 
482 610 760 663 293 
483 293 764 763 692 
484 764 663 765 763 
485 690 767 766 736 
486 767 692 768 766 
487 734 771 769 770 
488 771 736 772 769 
489 769 772 667 757 
490 770 769 757 697 
491 697 775 773 774 
492 775 757 776 773 
493 773 776 756 777 
494 774 773 777 739 
495 782 724 783 781 
496 781 783 669 784 
497 746 781 784 725 
498 699 787 785 786 
499 787 666 788 785 
500 785 788 724 782 
501 786 785 782 723 
502 723 791 789 790 
503 791 782 792 789 
504 789 792 781 793 
505 790 789 793 746 
506 667 795 794 758 
507 758 794 797 698 
508 798 799 717 800 
509 721 798 800 510 
510 669 780 801 742 
511 780 296 802 801 
512 801 802 721 803 
513 742 801 803 720 
514 724 805 804 783 
515 804 806 780 807 
516 783 804 807 669 
517 736 809 808 772 
518 809 766 810 808 
519 808 810 753 795 
520 772 808 795 667 
521 795 821 819 820 
522 821 753 822 819 
523 819 822 796 823 
524 820 819 823 794 
525 666 825 824 788 
526 825 755 826 824 
527 788 824 805 724 
528 830 832 296 833 
529 806 830 833 780 
530 805 836 834 835 
531 836 778 837 834 
532 834 837 806 838 
533 835 834 838 804 
534 692 840 839 768 
535 840 763 841 839 
536 843 812 844 842 
537 842 844 811 845 
538 752 818 846 847 
539 818 754 848 846 
540 846 848 668 849 
541 847 846 849 755 
542 852 817 853 850 
543 850 853 754 854 
544 851 850 854 818 
545 796 857 855 856 
546 857 815 851 855 
547 855 851 818 858 
548 856 855 858 752 
549 766 860 859 810 
550 860 768 861 859 
551 859 861 426 816 
552 810 859 816 753 
553 816 864 862 863 
554 864 426 865 862 
555 862 865 817 852 
556 863 862 852 815 
557 815 868 866 867 
558 868 852 869 866 
559 866 869 850 870 
560 867 866 870 851 
561 755 849 871 826 
562 849 668 872 871 
563 668 874 873 872 
564 874 814 875 873 
565 873 875 827 876 
566 871 879 877 878 
567 879 872 880 877 
568 877 880 779 881 
569 826 884 882 883 
570 884 871 878 882 
571 882 878 831 885 
572 883 882 885 778 
573 296 829 886 802 
574 829 751 887 886 
575 886 887 798 888 
576 802 886 888 721 
577 876 827 890 889 
578 889 890 829 891 
579 832 889 891 296 
580 831 881 892 893 
581 881 779 894 892 
582 892 894 832 895 
583 893 892 895 830 
584 878 898 896 897 
585 898 877 899 896 
586 896 899 881 900 
587 897 896 900 831 
588 754 845 901 848 
589 845 811 902 901 
590 901 902 814 874 
591 848 901 874 668 
592 817 904 903 853 
593 904 842 905 903 
594 903 905 845 906 
595 853 903 906 754 
596 872 908 907 880 
597 908 873 909 907 
598 907 909 876 910 
599 880 907 910 779 
600 912 658 913 911 
601 911 913 661 914 
602 812 924 923 844 
603 924 749 925 923 
604 844 923 926 811 
605 814 931 930 875 
606 931 748 932 930 
607 875 930 933 827 
608 663 935 934 765 
609 935 295 936 934 
610 763 938 937 841 
611 938 765 939 937 
612 749 941 940 925 
613 941 920 942 940 
614 940 942 919 943 
615 925 940 943 813 
616 811 926 944 902 
617 926 813 945 944 
618 944 945 748 931 
619 902 944 931 814 
620 923 948 946 947 
621 948 925 949 946 
622 946 949 813 950 
623 947 946 950 926 
624 748 952 951 932 
625 952 922 953 951 
626 951 953 927 954 
627 932 951 954 828 
628 827 933 955 890 
629 933 828 956 955 
630 955 956 751 957 
631 890 955 957 829 
632 930 960 958 959 
633 960 932 961 958 
634 958 961 828 962 
635 959 958 962 933 
636 914 661 964 963 
637 963 964 714 965 
638 966 967 718 968 
639 799 966 968 717 
640 922 974 973 953 
641 974 750 975 973 
642 973 975 928 976 
643 953 973 976 927 
644 765 981 980 939 
645 981 934 982 980 
646 980 982 916 978 
647 662 985 983 984 
648 985 978 986 983 
649 983 986 977 987 
650 984 983 987 921 
651 750 989 988 975 
652 989 970 990 988 
653 988 990 969 991 
654 975 988 991 928 
655 664 993 992 917 
656 993 911 994 992 
657 992 994 914 995 
658 917 992 995 87 
659 997 664 998 996 
660 996 998 917 999 
661 978 1001 1000 986 
662 1001 916 1002 1000 
663 1000 1002 979 1003 
664 986 1000 1003 977 
665 999 917 1005 1004 
666 1004 1005 87 1006 
667 979 1009 1007 1008 
668 1009 996 1010 1007 
669 1007 1010 999 1011 
670 1008 1007 1011 915 
671 1 1014 1012 1013 
672 1014 12 144 1012 
673 1012 144 10 62 
674 1013 1012 62 11 
675 16 1016 1015 598 
676 1016 2 1017 1015 
677 1015 1017 17 647 
678 598 1015 647 15 
679 20 94 1018 1019 
680 94 19 542 1018 
681 1018 542 22 1020 
682 1019 1018 1020 4 
683 10 1023 1021 1022 
684 1023 25 148 1021 
685 1021 148 23 66 
686 1022 1021 66 24 
687 21 46 1024 543 
688 46 28 1025 1024 
689 1024 1025 30 1026 
690 543 1024 1026 9 
691 32 1028 1027 601 
692 1028 15 1029 1027 
693 1027 1029 33 651 
694 601 1027 651 31 
695 36 97 1030 1031 
696 97 35 546 1030 
697 1030 546 38 1032 
698 1031 1030 1032 19 
699 23 1035 1033 1034 
700 1035 41 152 1033 
701 1033 152 39 70 
702 1034 1033 70 40 
703 37 74 1036 547 
704 74 44 1037 1036 
705 1036 1037 46 1038 
706 547 1036 1038 21 
707 48 1040 1039 604 
708 1040 31 1041 1039 
709 1039 1041 49 655 
710 604 1039 655 47 
711 52 100 1042 1043 
712 100 51 550 1042 
713 1042 550 54 1044 
714 1043 1042 1044 35 
715 70 1047 1045 1046 
716 1047 39 156 1045 
717 1045 156 56 112 
718 1046 1045 112 68 
719 53 120 1048 551 
720 120 72 1049 1048 
721 1048 1049 74 1050 
722 551 1048 1050 37 
723 76 104 1051 1052 
724 104 75 554 1051 
725 1051 554 78 1053 
726 1052 1051 1053 51 
727 85 1055 1054 607 
728 1055 47 1056 1054 
729 1054 1056 86 659 
730 607 1054 659 84 
731 98 135 1057 1058 
732 135 76 1052 1057 
733 1057 1052 51 1059 
734 1058 1057 1059 100 
735 77 369 1060 555 
736 369 118 1061 1060 
737 1060 1061 120 1062 
738 555 1060 1062 53 
739 103 231 1063 1064 
740 231 121 558 1063 
741 1063 558 123 1065 
742 1064 1063 1065 75 
743 117 142 1066 1067 
744 142 83 200 1066 
745 1066 200 125 1068 
746 1067 1066 1068 136 
747 130 1070 1069 197 
748 1070 191 222 1069 
749 1069 222 190 1071 
750 197 1069 1071 170 
751 190 225 1072 1073 
752 225 192 1074 1072 
753 1072 1074 131 240 
754 1073 1072 240 193 
755 170 1071 1075 209 
756 1071 190 1073 1075 
757 1075 1073 193 1076 
758 209 1075 1076 128 
759 105 1078 1077 224 
760 1078 218 255 1077 
761 1077 255 217 1079 
762 224 1077 1079 192 
763 217 258 1080 1081 
764 258 219 1082 1080 
765 1080 1082 186 267 
766 1081 1080 267 220 
767 192 1079 1083 1074 
768 1079 217 1081 1083 
769 1083 1081 220 260 
770 1074 1083 260 131 
771 128 1076 1084 1085 
772 1076 193 239 1084 
773 1084 239 226 1086 
774 1085 1084 1086 205 
775 229 375 1087 1088 
776 375 230 562 1087 
777 1087 562 121 1089 
778 1088 1087 1089 231 
779 126 335 1090 1091 
780 335 229 1088 1090 
781 1090 1088 231 1092 
782 1091 1090 1092 103 
783 109 237 1093 1094 
784 237 189 356 1093 
785 1093 356 232 1095 
786 1094 1093 1095 201 
787 219 285 1096 1082 
788 285 250 1097 1096 
789 1096 1097 253 1098 
790 1082 1096 1098 186 
791 186 1098 1099 268 
792 1098 253 1100 1099 
793 1099 1100 263 1101 
794 268 1099 1101 236 
795 301 393 1102 1103 
796 393 303 1104 1102 
797 1102 1104 91 407 
798 1103 1102 407 304 
799 248 382 1105 349 
800 382 301 1103 1105 
801 1105 1103 304 400 
802 349 1105 400 185 
803 314 1107 1106 385 
804 1107 316 449 1106 
805 1106 449 184 391 
806 385 1106 391 302 
807 292 1109 1108 323 
808 1109 317 1110 1108 
809 1108 1110 306 325 
810 323 1108 325 247 
811 338 354 1111 360 
812 354 249 1112 1111 
813 1111 1112 341 1113 
814 360 1111 1113 339 
815 122 511 1114 559 
816 511 367 1115 1114 
817 1114 1115 369 1116 
818 559 1114 1116 77 
819 370 514 1117 563 
820 514 371 1118 1117 
821 1117 1118 122 1119 
822 563 1117 1119 372 
823 303 419 1120 1104 
824 419 386 477 1120 
825 1120 477 389 421 
826 1104 1120 421 91 
827 374 423 1121 1122 
828 423 403 566 1121 
829 1121 566 405 1123 
830 1122 1121 1123 230 
831 416 471 1124 1125 
832 471 418 481 1124 
833 1124 481 386 1126 
834 1125 1124 1126 419 
835 432 462 1127 482 
836 462 434 1128 1127 
837 1127 1128 388 1129 
838 482 1127 1129 435 
839 448 1132 1130 1131 
840 1132 440 452 1130 
841 1130 452 387 470 
842 1131 1130 470 417 
843 456 1134 1133 580 
844 1134 429 618 1133 
845 1133 618 457 1135 
846 580 1133 1135 455 
847 434 581 1136 1128 
848 581 455 1137 1136 
849 1136 1137 458 1138 
850 1128 1136 1138 388 
851 446 527 1139 486 
852 527 459 1140 1139 
853 1139 1140 462 1141 
854 486 1139 1141 432 
855 475 499 1142 1143 
856 499 443 501 1142 
857 1142 501 485 1144 
858 1143 1142 1144 493 
859 371 624 1145 1118 
860 624 509 1146 1145 
861 1145 1146 511 1147 
862 1118 1145 1147 122 
863 404 531 1148 567 
864 531 512 1149 1148 
865 1148 1149 514 1150 
866 567 1148 1150 370 
867 422 540 1151 1152 
868 540 515 570 1151 
869 1151 570 517 1153 
870 1152 1151 1153 403 
871 442 1155 1154 523 
872 1155 518 1156 1154 
873 1154 1156 456 579 
874 523 1154 579 297 
875 529 1158 1157 586 
876 1158 431 632 1157 
877 1157 632 530 1159 
878 586 1157 1159 528 
879 516 587 1160 571 
880 587 528 1161 1160 
881 1160 1161 531 1162 
882 571 1160 1162 404 
883 84 1164 1163 762 
884 1164 659 1165 1163 
885 1163 1165 658 912 
886 762 1163 912 295 
887 589 1167 1166 677 
888 1167 671 701 1166 
889 1166 701 670 1168 
890 677 1166 1168 638 
891 641 1170 1169 688 
892 1170 679 730 1169 
893 1169 730 681 1171 
894 688 1169 1171 591 
895 696 759 1172 1173 
896 759 698 1174 1172 
897 1172 1174 666 787 
898 1173 1172 787 699 
899 672 740 1175 1176 
900 740 696 1173 1175 
901 1175 1173 699 1177 
902 1176 1175 1177 590 
903 590 1177 1178 1179 
904 1177 699 786 1178 
905 1178 786 723 745 
906 1179 1178 745 680 
907 695 1182 1180 1181 
908 1182 734 770 1180 
909 1180 770 697 738 
910 1181 1180 738 424 
911 698 797 1183 1174 
912 797 752 847 1183 
913 1183 847 755 825 
914 1174 1183 825 666 
915 794 823 1184 1185 
916 823 796 856 1184 
917 1184 856 752 1186 
918 1185 1184 1186 797 
919 751 929 1187 887 
920 929 665 1188 1187 
921 1187 1188 799 1189 
922 887 1187 1189 798 
923 753 1191 1190 822 
924 1191 816 863 1190 
925 1190 863 815 857 
926 822 1190 857 796 
927 824 1194 1192 1193 
928 1194 826 883 1192 
929 1192 883 778 836 
930 1193 1192 836 805 
931 778 885 1195 837 
932 885 831 893 1195 
933 1195 893 830 1196 
934 837 1195 1196 806 
935 768 1198 1197 861 
936 1198 839 1199 1197 
937 1197 1199 812 843 
938 861 1197 843 426 
939 426 1201 1200 865 
940 1201 843 1202 1200 
941 1200 1202 842 904 
942 865 1200 904 817 
943 779 910 1203 894 
944 910 876 1204 1203 
945 1203 1204 889 1205 
946 894 1203 1205 832 
947 295 1207 1206 936 
948 1207 912 1208 1206 
949 1206 1208 911 993 
950 936 1206 993 664 
951 920 1210 1209 942 
952 1210 662 984 1209 
953 1209 984 921 1211 
954 942 1209 1211 919 
955 919 1211 1212 1213 
956 1211 921 1214 1212 
957 1212 1214 750 974 
958 1213 1212 974 922 
959 813 943 1215 945 
960 943 919 1213 1215 
961 1215 1213 922 952 
962 945 1215 952 748 
963 828 954 1216 956 
964 954 927 1217 1216 
965 1216 1217 929 1218 
966 956 1216 1218 751 
967 934 1220 1219 982 
968 1220 936 1221 1219 
969 1219 1221 664 997 
970 982 1219 997 916 
971 87 995 1222 967 
972 995 914 1223 1222 
973 1222 1223 963 1224 
974 967 1222 1224 718 
975 665 972 1225 1188 
976 972 918 1226 1225 
977 1225 1226 966 1227 
978 1188 1225 1227 799 
979 918 1006 1228 1226 
980 1006 87 1229 1228 
981 1228 1229 967 1230 
982 1226 1228 1230 966 
983 977 1003 1231 1232 
984 1003 979 1008 1231 
985 1231 1008 915 1233 
986 1232 1231 1233 970 
987 921 987 1234 1214 
988 987 977 1232 1234 
989 1234 1232 970 989 
990 1214 1234 989 750 
991 916 1236 1235 1002 
992 1236 997 1237 1235 
993 1235 1237 996 1009 
994 1002 1235 1009 979 
995 28 707 1238 1025 
996 707 29 1239 1238 
997 1238 1239 3 1240 
998 1025 1238 1240 30 
999 44 710 1241 1037 
1000 710 45 1242 1241 
1001 1241 1242 28 1243 
1002 1037 1241 1243 46 
1003 72 713 1244 1049 
1004 713 73 1245 1244 
1005 1244 1245 44 1246 
1006 1049 1244 1246 74 
1007 101 127 1247 1248 
1008 127 103 1064 1247 
1009 1247 1064 75 1249 
1010 1248 1247 1249 104 
1011 102 138 1250 1251 
1012 138 101 1248 1250 
1013 1250 1248 104 1252 
1014 1251 1250 1252 76 
1015 118 716 1253 1061 
1016 716 119 1254 1253 
1017 1253 1254 72 1255 
1018 1061 1253 1255 120 
1019 124 234 1256 1257 
1020 234 126 1091 1256 
1021 1256 1091 103 1258 
1022 1257 1256 1258 127 
1023 125 202 1259 1260 
1024 202 124 1257 1259 
1025 1259 1257 127 1261 
1026 1260 1259 1261 101 
1027 136 1068 1262 1263 
1028 1068 125 1260 1262 
1029 1262 1260 101 1264 
1030 1263 1262 1264 138 
1031 132 228 1265 1266 
1032 228 109 1094 1265 
1033 1265 1094 201 1267 
1034 1266 1265 1267 199 
1035 171 210 1268 1269 
1036 210 128 1085 1268 
1037 1268 1085 205 1270 
1038 1269 1268 1270 203 
1039 367 719 1271 1115 
1040 719 368 1272 1271 
1041 1271 1272 118 1273 
1042 1115 1271 1273 369 
1043 373 409 1274 1275 
1044 409 374 1122 1274 
1045 1274 1122 230 1276 
1046 1275 1274 1276 375 
1047 334 402 1277 1278 
1048 402 373 1275 1277 
1049 1277 1275 375 1279 
1050 1278 1277 1279 229 
1051 455 1135 1280 1137 
1052 1135 457 1281 1280 
1053 1280 1281 428 1282 
1054 1137 1280 1282 458 
1055 509 722 1283 1146 
1056 722 510 1284 1283 
1057 1283 1284 367 1285 
1058 1146 1283 1285 511 
1059 512 628 1286 1149 
1060 628 513 1287 1286 
1061 1286 1287 371 1288 
1062 1149 1286 1288 514 
1063 518 1290 1289 1156 
1064 1290 520 1291 1289 
1065 1289 1291 429 1134 
1066 1156 1289 1134 456 
1067 528 1159 1292 1161 
1068 1159 530 1293 1292 
1069 1292 1293 512 1294 
1070 1161 1292 1294 531 
1071 457 621 1295 1281 
1072 621 592 1296 1295 
1073 1295 1296 595 1297 
1074 1281 1295 1297 428 
1075 520 1299 1298 1291 
1076 1299 614 1300 1298 
1077 1298 1300 593 619 
1078 1291 1298 619 429 
1079 513 684 1301 1287 
1080 684 622 1302 1301 
1081 1301 1302 624 1303 
1082 1287 1301 1303 371 
1083 530 635 1304 1293 
1084 635 625 1305 1304 
1085 1304 1305 628 1306 
1086 1293 1304 1306 512 
1087 670 704 1307 1308 
1088 704 672 1176 1307 
1089 1307 1176 590 1309 
1090 1308 1307 1309 673 
1091 638 1168 1310 1311 
1092 1168 670 1308 1310 
1093 1310 1308 673 1312 
1094 1311 1310 1312 588 
1095 588 1312 1313 1314 
1096 1312 673 1315 1313 
1097 1313 1315 679 1170 
1098 1314 1313 1170 641 
1099 673 1309 1316 1315 
1100 1309 590 1179 1316 
1101 1316 1179 680 731 
1102 1315 1316 731 679 
1103 693 1319 1317 1318 
1104 1319 695 1181 1317 
1105 1317 1181 424 702 
1106 1318 1317 702 671 
1107 645 1322 1320 1321 
1108 1322 693 1318 1320 
1109 1320 1318 671 1167 
1110 1321 1320 1167 589 
1111 368 965 1323 1272 
1112 965 714 1324 1323 
1113 1323 1324 716 1325 
1114 1272 1323 1325 118 
1115 510 800 1326 1284 
1116 800 717 1327 1326 
1117 1326 1327 719 1328 
1118 1284 1326 1328 367 
1119 839 1330 1329 1199 
1120 1330 841 1331 1329 
1121 1329 1331 749 924 
1122 1199 1329 924 812 
1123 927 976 1332 1217 
1124 976 928 1333 1332 
1125 1332 1333 665 1334 
1126 1217 1332 1334 929 
1127 841 1336 1335 1331 
1128 1336 937 1337 1335 
1129 1335 1337 920 941 
1130 1331 1335 941 749 
1131 970 1233 1338 990 
1132 1233 915 1339 1338 
1133 1338 1339 971 1340 
1134 990 1338 1340 969 
1135 928 991 1341 1333 
1136 991 969 1342 1341 
1137 1341 1342 972 1343 
1138 1333 1341 1343 665 
1139 915 1011 1344 1339 
1140 1011 999 1345 1344 
1141 1344 1345 1004 1346 
1142 1339 1344 1346 971 
1143 83 206 1347 1348 
1144 206 132 1266 1347 
1145 1347 1266 199 1349 
1146 1348 1347 1349 200 
1147 333 378 1350 1351 
1148 378 334 1278 1350 
1149 1350 1278 229 1352 
1150 1351 1350 1352 335 
1151 233 342 1353 1354 
1152 342 333 1351 1353 
1153 1353 1351 335 1355 
1154 1354 1353 1355 126 
1155 622 728 1356 1302 
1156 728 623 1357 1356 
1157 1356 1357 509 1358 
1158 1302 1356 1358 624 
1159 636 678 1359 1360 
1160 678 638 1311 1359 
1161 1359 1311 588 1361 
1162 1360 1359 1361 639 
1163 639 1361 1362 1363 
1164 1361 588 1314 1362 
1165 1362 1314 641 687 
1166 1363 1362 687 640 
1167 643 1366 1364 1365 
1168 1366 645 1321 1364 
1169 1364 1321 589 676 
1170 1365 1364 676 637 
1171 717 968 1367 1327 
1172 968 718 1368 1367 
1173 1367 1368 368 1369 
1174 1327 1367 1369 719 
1175 623 743 1370 1357 
1176 743 720 1371 1370 
1177 1370 1371 722 1372 
1178 1357 1370 1372 509 
1179 937 1374 1373 1337 
1180 1374 939 1375 1373 
1181 1373 1375 662 1210 
1182 1337 1373 1210 920 
1183 718 1224 1376 1368 
1184 1224 963 1377 1376 
1185 1376 1377 965 1378 
1186 1368 1376 1378 368 
1187 969 1340 1379 1342 
1188 1340 971 1380 1379 
1189 1379 1380 918 1381 
1190 1342 1379 1381 972 
1191 939 1383 1382 1375 
1192 1383 980 1384 1382 
1193 1382 1384 978 985 
1194 1375 1382 985 662 
1195 971 1346 1385 1380 
1196 1346 1004 1386 1385 
1197 1385 1386 1006 1387 
1198 1380 1385 1387 918 
