2 0.000000 100.000000 178.105148
1387 1198 
1 -276.279947 0.000000 -280.179887 100.000000 0.000000 0.000000 0.000000 
2 331.535936 0.000000 -280.179887 100.001215 0.000216 -0.000894 -0.000024 
3 331.535936 0.000000 285.678573 99.999162 -0.000218 -0.001020 0.000017 
4 -276.279947 0.000000 285.678573 100.000000 0.000000 0.000000 0.000000 
5 27.627995 0.000000 2.749343 137.493894 0.121410 -17.542535 -0.625513 
6 -276.279947 0.000000 2.749343 100.000000 0.000000 0.000000 0.000000 
7 27.627995 0.000000 -280.179887 100.000000 0.000000 0.000000 0.000000 
8 331.535936 0.000000 2.749343 100.000041 -0.000401 -1.498681 0.000224 
9 27.627995 0.000000 285.678573 100.000000 0.000000 0.000000 0.000000 
10 -124.325976 0.000000 -138.715272 100.000000 0.000000 0.000000 0.000000 
11 -276.279947 0.000000 -138.715272 100.000000 0.000000 0.000000 0.000000 
12 -124.325976 0.000000 -280.179887 100.000000 0.000000 0.000000 0.000000 
13 27.627995 0.000000 -138.715272 100.000000 0.000000 0.000000 0.000000 
14 -124.325976 0.000000 2.749343 100.000000 0.000000 0.000000 0.000000 
15 179.581965 0.000000 -138.715272 100.006650 0.002183 -0.003159 -0.000133 
16 179.581965 0.000000 -280.179887 100.000000 0.000000 0.000000 0.000000 
17 331.535936 0.000000 -138.715272 100.000352 0.000274 -0.006441 -0.000007 
18 179.581965 0.000000 2.749343 100.000371 -0.000786 -1.496989 0.000217 
19 -124.325976 0.000000 144.213958 100.000000 0.000000 0.000000 0.000000 
20 -276.279947 0.000000 144.213958 100.000000 0.000000 0.000000 0.000000 
21 27.627995 0.000000 144.213958 100.000000 0.000000 0.000000 0.000000 
22 -124.325976 0.000000 285.678573 100.000000 0.000000 0.000000 0.000000 
23 -48.348991 0.000000 -67.982965 100.000000 0.000000 0.000000 0.000000 
24 -124.325976 0.000000 -67.982965 100.000000 0.000000 0.000000 0.000000 
25 -48.348991 0.000000 -138.715272 100.000000 0.000000 0.000000 0.000000 
26 27.627995 0.000000 -67.982965 100.000000 0.000000 0.000000 0.000000 
27 -48.348991 0.000000 2.749343 100.000000 0.000000 0.000000 0.000000 
28 179.581965 0.000000 144.213958 100.000474 0.000046 -0.005381 -0.000009 
29 331.535936 0.000000 144.213958 99.999761 -0.000328 -0.005903 0.000005 
30 179.581965 0.000000 285.678573 100.000000 0.000000 0.000000 0.000000 
31 103.604980 0.000000 -67.982965 97.749879 -0.207771 -1.765246 0.045540 
32 103.604980 0.000000 -138.715272 100.000000 0.000000 0.000000 0.000000 
33 179.581965 0.000000 -67.982965 100.002194 0.000223 -0.024884 -0.000044 
34 103.604980 0.000000 2.749343 100.005614 -0.003451 -1.490511 0.000110 
35 -48.348991 0.000000 73.481651 100.000000 0.000000 0.000000 0.000000 
36 -124.325976 0.000000 73.481651 100.000000 0.000000 0.000000 0.000000 
37 27.627995 0.000000 73.481651 100.000000 0.000000 0.000000 0.000000 
38 -48.348991 0.000000 144.213958 100.000000 0.000000 0.000000 0.000000 
39 -10.360498 0.000000 -32.616811 100.000000 0.000000 0.000000 0.000000 
40 -48.348991 0.000000 -32.616811 100.000000 0.000000 0.000000 0.000000 
41 -10.360498 0.000000 -67.982965 100.000000 0.000000 0.000000 0.000000 
42 27.627995 0.000000 -32.616811 100.454150 -0.991166 0.357965 -0.008963 
43 -10.360498 0.000000 2.749343 100.000000 0.000000 0.000000 0.000000 
44 103.604980 0.000000 73.481651 100.058520 0.020653 -0.066193 -0.001170 
45 179.581965 0.000000 73.481651 99.998867 -0.001317 -0.020899 0.000023 
46 103.604980 0.000000 144.213958 100.000000 0.000000 0.000000 0.000000 
47 65.616487 0.000000 -32.616811 99.828919 0.194118 -0.245653 0.003433 
48 65.616487 0.000000 -67.982965 100.015239 -0.030886 0.016528 -0.000305 
49 103.604980 0.000000 -32.616811 100.008522 0.007842 -0.101670 -0.000169 
50 65.616487 0.000000 2.749343 100.222920 0.043725 -1.570176 -0.004210 
51 -10.360498 0.000000 38.115497 100.000000 0.000000 0.000000 0.000000 
52 -48.348991 0.000000 38.115497 100.000000 0.000000 0.000000 0.000000 
53 27.627995 0.000000 38.115497 100.000000 0.000000 0.000000 0.000000 
54 -10.360498 0.000000 73.481651 100.000000 0.000000 0.000000 0.000000 
55 8.633748 0.000000 -14.933734 100.000000 0.000000 0.000000 0.000000 
56 -10.360498 0.000000 -14.933734 100.000000 0.000000 0.000000 0.000000 
57 8.633748 0.000000 -32.616811 100.000000 0.000000 0.000000 0.000000 
58 27.627995 0.000000 -14.933734 99.770388 0.024724 -0.136345 0.004596 
59 8.633748 0.000000 2.749343 100.283380 0.004151 1.374389 -0.005476 
60 -200.302961 0.000000 -67.982965 100.000000 0.000000 0.000000 0.000000 
61 -276.279947 0.000000 -67.982965 100.000000 0.000000 0.000000 0.000000 
62 -200.302961 0.000000 -138.715272 100.000000 0.000000 0.000000 0.000000 
63 -200.302961 0.000000 2.749343 100.000000 0.000000 0.000000 0.000000 
64 -86.337483 0.000000 -32.616811 100.000000 0.000000 0.000000 0.000000 
65 -124.325976 0.000000 -32.616811 100.000000 0.000000 0.000000 0.000000 
66 -86.337483 0.000000 -67.982965 100.000000 0.000000 0.000000 0.000000 
67 -86.337483 0.000000 2.749343 100.000000 0.000000 0.000000 0.000000 
68 -29.354744 0.000000 -14.933734 100.000000 0.000000 0.000000 0.000000 
69 -48.348991 0.000000 -14.933734 100.000000 0.000000 0.000000 0.000000 
70 -29.354744 0.000000 -32.616811 100.000000 0.000000 0.000000 0.000000 
71 -29.354744 0.000000 2.749343 100.000000 0.000000 0.000000 0.000000 
72 65.616487 0.000000 38.115497 99.819283 0.111527 0.072738 0.003618 
73 103.604980 0.000000 38.115497 100.001815 0.009030 -0.069266 -0.000036 
74 65.616487 0.000000 73.481651 100.149145 0.157545 -0.117864 -0.002978 
75 8.633748 0.000000 20.432420 100.000000 0.000000 0.000000 0.000000 
76 -10.360498 0.000000 20.432420 100.000000 0.000000 0.000000 0.000000 
77 27.627995 0.000000 20.432420 99.987844 -0.004970 -0.003210 0.000243 
78 8.633748 0.000000 38.115497 100.000000 0.000000 0.000000 0.000000 
79 -0.863375 0.000000 -6.092195 100.000000 0.000000 0.000000 0.000000 
80 -10.360498 0.000000 -6.092195 100.000000 0.000000 0.000000 0.000000 
81 -0.863375 0.000000 -14.933734 100.000000 0.000000 0.000000 0.000000 
82 8.633748 0.000000 -6.092195 99.652901 -0.016151 0.147004 0.006949 
83 -0.863375 0.000000 2.749343 100.000000 0.000000 0.000000 0.000000 
84 46.622241 0.000000 -14.933734 99.109355 -0.135571 -1.064469 0.017964 
85 46.622241 0.000000 -32.616811 100.123373 -1.482191 -0.034448 -0.002247 
86 65.616487 0.000000 -14.933734 100.473320 -0.042432 -0.147275 -0.009454 
87 46.622241 0.000000 2.749343 104.323546 -0.026348 -5.369724 -0.082860 
88 18.130872 0.000000 -6.092195 99.612626 -0.006456 0.053702 0.007754 
89 18.130872 0.000000 -14.933734 99.930977 -0.004215 0.081939 0.001381 
90 27.627995 0.000000 -6.092195 79.761002 0.002867 -9.310125 0.425149 
91 18.130872 0.000000 2.749343 106.181245 -0.033352 2.738180 -0.121022 
92 -200.302961 0.000000 73.481651 100.000000 0.000000 0.000000 0.000000 
93 -276.279947 0.000000 73.481651 100.000000 0.000000 0.000000 0.000000 
94 -200.302961 0.000000 144.213958 100.000000 0.000000 0.000000 0.000000 
95 -86.337483 0.000000 38.115497 100.000000 0.000000 0.000000 0.000000 
96 -124.325976 0.000000 38.115497 100.000000 0.000000 0.000000 0.000000 
97 -86.337483 0.000000 73.481651 100.000000 0.000000 0.000000 0.000000 
98 -29.354744 0.000000 20.432420 100.000000 0.000000 0.000000 0.000000 
99 -48.348991 0.000000 20.432420 100.000000 0.000000 0.000000 0.000000 
100 -29.354744 0.000000 38.115497 100.000000 0.000000 0.000000 0.000000 
101 -0.863375 0.000000 11.590882 100.000000 0.000000 0.000000 0.000000 
102 -10.360498 0.000000 11.590882 100.000000 0.000000 0.000000 0.000000 
103 8.633748 0.000000 11.590882 100.000000 0.000000 0.000000 0.000000 
104 -0.863375 0.000000 20.432420 100.000000 0.000000 0.000000 0.000000 
105 3.885187 0.000000 -1.671426 51.119641 1.054896 -2.233587 0.957538 
106 -0.863375 0.000000 -1.671426 100.000000 0.000000 0.000000 0.000000 
107 3.885187 0.000000 -6.092195 100.000000 0.000000 0.000000 0.000000 
108 8.633748 0.000000 -1.671426 92.798678 -0.237854 1.885214 0.146318 
109 3.885187 0.000000 2.749343 88.284016 0.133395 8.913306 0.247967 
110 -19.857621 0.000000 -6.092195 100.000000 0.000000 0.000000 0.000000 
111 -29.354744 0.000000 -6.092195 100.000000 0.000000 0.000000 0.000000 
112 -19.857621 0.000000 -14.933734 100.000000 0.000000 0.000000 0.000000 
113 -19.857621 0.000000 2.749343 100.000000 0.000000 0.000000 0.000000 
114 -5.611936 0.000000 -1.671426 100.000000 0.000000 0.000000 0.000000 
115 -10.360498 0.000000 -1.671426 100.000000 0.000000 0.000000 0.000000 
116 -5.611936 0.000000 -6.092195 100.000000 0.000000 0.000000 0.000000 
117 -5.611936 0.000000 2.749343 100.000000 0.000000 0.000000 0.000000 
118 46.622241 0.000000 20.432420 100.044372 -0.154887 -0.496217 -0.000860 
119 65.616487 0.000000 20.432420 100.224954 0.043514 -0.338396 -0.004485 
120 46.622241 0.000000 38.115497 99.745659 0.038750 0.199870 0.005094 
121 18.130872 0.000000 11.590882 100.001446 -0.002557 0.037600 -0.000029 
122 27.627995 0.000000 11.590882 98.684071 0.005341 0.656821 0.026436 
123 18.130872 0.000000 20.432420 99.748629 0.923688 0.313766 0.005126 
124 3.885187 0.000000 7.170112 100.000000 0.000000 0.000000 0.000000 
125 -0.863375 0.000000 7.170112 100.000000 0.000000 0.000000 0.000000 
126 8.633748 0.000000 7.170112 102.101316 0.131404 -1.136689 -0.041696 
127 3.885187 0.000000 11.590882 100.000000 0.000000 0.000000 0.000000 
128 1.510906 0.000000 0.538958 122.560738 -0.792584 -12.513973 -0.407083 
129 -0.863375 0.000000 0.538958 100.000000 0.000000 0.000000 0.000000 
130 1.510906 0.000000 -1.671426 141.995305 -1.477382 35.437585 -0.640409 
131 3.885187 0.000000 0.538958 60.865454 1.218484 17.116493 0.830501 
132 1.510906 0.000000 2.749343 100.000000 0.000000 0.000000 0.000000 
133 -19.857621 0.000000 11.590882 100.000000 0.000000 0.000000 0.000000 
134 -29.354744 0.000000 11.590882 100.000000 0.000000 0.000000 0.000000 
135 -19.857621 0.000000 20.432420 100.000000 0.000000 0.000000 0.000000 
136 -5.611936 0.000000 7.170112 100.000000 0.000000 0.000000 0.000000 
137 -10.360498 0.000000 7.170112 100.000000 0.000000 0.000000 0.000000 
138 -5.611936 0.000000 11.590882 100.000000 0.000000 0.000000 0.000000 
139 -3.237656 0.000000 0.538958 100.000000 0.000000 0.000000 0.000000 
140 -5.611936 0.000000 0.538958 100.000000 0.000000 0.000000 0.000000 
141 -3.237656 0.000000 -1.671426 100.000000 0.000000 0.000000 0.000000 
142 -3.237656 0.000000 2.749343 100.000000 0.000000 0.000000 0.000000 
143 -48.348991 0.000000 -209.447580 100.000000 0.000000 0.000000 0.000000 
144 -124.325976 0.000000 -209.447580 100.000000 0.000000 0.000000 0.000000 
145 -48.348991 0.000000 -280.179887 100.000000 0.000000 0.000000 0.000000 
146 27.627995 0.000000 -209.447580 100.000000 0.000000 0.000000 0.000000 
147 -10.360498 0.000000 -103.349118 100.000000 0.000000 0.000000 0.000000 
148 -48.348991 0.000000 -103.349118 100.000000 0.000000 0.000000 0.000000 
149 -10.360498 0.000000 -138.715272 100.000000 0.000000 0.000000 0.000000 
150 27.627995 0.000000 -103.349118 100.000000 0.000000 0.000000 0.000000 
151 8.633748 0.000000 -50.299888 100.000000 0.000000 0.000000 0.000000 
152 -10.360498 0.000000 -50.299888 100.000000 0.000000 0.000000 0.000000 
153 8.633748 0.000000 -67.982965 100.000000 0.000000 0.000000 0.000000 
154 27.627995 0.000000 -50.299888 100.000000 0.000000 0.000000 0.000000 
155 -0.863375 0.000000 -23.775272 100.000000 0.000000 0.000000 0.000000 
156 -10.360498 0.000000 -23.775272 100.000000 0.000000 0.000000 0.000000 
157 -0.863375 0.000000 -32.616811 100.000000 0.000000 0.000000 0.000000 
158 8.633748 0.000000 -23.775272 100.000000 0.000000 0.000000 0.000000 
159 3.885187 0.000000 -10.512965 100.000000 0.000000 0.000000 0.000000 
160 -0.863375 0.000000 -10.512965 100.000000 0.000000 0.000000 0.000000 
161 3.885187 0.000000 -14.933734 100.000000 0.000000 0.000000 0.000000 
162 8.633748 0.000000 -10.512965 99.162601 0.010312 -0.699013 0.016828 
163 1.510906 0.000000 -3.881811 100.000000 0.000000 0.000000 0.000000 
164 -0.863375 0.000000 -3.881811 100.000000 0.000000 0.000000 0.000000 
165 1.510906 0.000000 -6.092195 100.000000 0.000000 0.000000 0.000000 
166 3.885187 0.000000 -3.881811 99.669772 0.405081 -0.899167 0.006707 
167 0.323766 0.000000 -0.566234 8.327485 -0.057248 -2.952205 1.402261 
168 -0.863375 0.000000 -0.566234 100.000000 0.000000 0.000000 0.000000 
169 0.323766 0.000000 -1.671426 100.000000 0.000000 0.000000 0.000000 
170 1.510906 0.000000 -0.566234 91.705524 3.210097 -15.084253 0.195141 
171 0.323766 0.000000 0.538958 100.000000 0.000000 0.000000 0.000000 
172 -5.611936 0.000000 -10.512965 100.000000 0.000000 0.000000 0.000000 
173 -10.360498 0.000000 -10.512965 100.000000 0.000000 0.000000 0.000000 
174 -5.611936 0.000000 -14.933734 100.000000 0.000000 0.000000 0.000000 
175 -3.237656 0.000000 -3.881811 100.000000 0.000000 0.000000 0.000000 
176 -5.611936 0.000000 -3.881811 100.000000 0.000000 0.000000 0.000000 
177 -3.237656 0.000000 -6.092195 100.000000 0.000000 0.000000 0.000000 
178 0.323766 0.000000 -2.776618 100.000000 0.000000 0.000000 0.000000 
179 -0.863375 0.000000 -2.776618 100.000000 0.000000 0.000000 0.000000 
180 0.323766 0.000000 -3.881811 100.000000 0.000000 0.000000 0.000000 
181 1.510906 0.000000 -2.776618 100.000000 0.000000 0.000000 0.000000 
182 13.382310 0.000000 -1.671426 101.430046 -0.179829 2.613876 -0.027835 
183 13.382310 0.000000 -6.092195 99.703371 0.016739 0.199966 0.005940 
184 18.130872 0.000000 -1.671426 96.420546 -0.045088 -2.337565 0.072680 
185 13.382310 0.000000 2.749343 99.875385 0.134027 11.841030 0.016612 
186 6.259468 0.000000 0.538958 91.299342 1.186069 3.272920 0.178020 
187 6.259468 0.000000 -1.671426 84.480069 -0.160232 -1.461695 0.317315 
188 8.633748 0.000000 0.538958 96.202554 0.099940 5.647667 0.079895 
189 6.259468 0.000000 2.749343 96.214684 0.255536 4.892966 0.078814 
190 2.698046 0.000000 -0.566234 65.645027 0.949778 -11.004050 0.713299 
191 2.698046 0.000000 -1.671426 68.322614 1.201780 -8.558839 0.654260 
192 3.885187 0.000000 -0.566234 24.116758 -0.370414 13.073353 1.337240 
193 2.698046 0.000000 0.538958 52.339150 1.447904 17.299607 0.985074 
194 0.917336 0.000000 -1.118830 56.486732 0.831453 -15.900966 0.904576 
195 0.323766 0.000000 -1.118830 12.333336 -0.477795 -4.991767 1.389837 
196 0.917336 0.000000 -1.671426 99.622874 0.008966 -0.375421 0.007563 
197 1.510906 0.000000 -1.118830 65.184606 1.478323 -20.207406 0.765210 
198 0.917336 0.000000 -0.566234 34.897819 0.667753 4.876310 1.196324 
199 1.510906 0.000000 4.959728 100.000000 0.000000 0.000000 0.000000 
200 -0.863375 0.000000 4.959728 100.000000 0.000000 0.000000 0.000000 
201 3.885187 0.000000 4.959728 100.000000 0.000000 0.000000 0.000000 
202 1.510906 0.000000 7.170112 100.000000 0.000000 0.000000 0.000000 
203 0.323766 0.000000 1.644151 100.000000 0.000000 0.000000 0.000000 
204 -0.863375 0.000000 1.644151 100.000000 0.000000 0.000000 0.000000 
205 1.510906 0.000000 1.644151 100.000000 0.000000 0.000000 0.000000 
206 0.323766 0.000000 2.749343 100.000000 0.000000 0.000000 0.000000 
207 0.917336 0.000000 -0.013638 41.664782 1.131254 15.227994 1.142407 
208 0.323766 0.000000 -0.013638 5.327985 0.280813 -1.090452 1.408554 
209 1.510906 0.000000 -0.013638 39.940760 1.791990 20.660750 1.201334 
210 0.917336 0.000000 0.538958 100.000000 0.000000 0.000000 0.000000 
211 6.259468 0.000000 -3.881811 98.250706 -0.122334 1.357306 0.035305 
212 6.259468 0.000000 -6.092195 97.397544 0.024188 -2.250103 0.052854 
213 8.633748 0.000000 -3.881811 98.627668 -0.016071 0.252278 0.027533 
214 2.698046 0.000000 -2.776618 90.105054 0.255527 -8.415654 0.209302 
215 2.698046 0.000000 -3.881811 99.735828 0.002250 -0.227578 0.005292 
216 3.885187 0.000000 -2.776618 103.991033 0.233195 3.811077 -0.077681 
217 5.072327 0.000000 -0.566234 79.507517 -0.004480 11.574331 0.436491 
218 5.072327 0.000000 -1.671426 51.046514 2.664745 -0.861804 0.959031 
219 6.259468 0.000000 -0.566234 84.145048 -0.244474 -0.705986 0.324020 
220 5.072327 0.000000 0.538958 79.628888 1.017354 17.438104 0.456290 
221 3.291617 0.000000 -1.118830 68.317579 1.208076 -8.815809 0.655002 
222 2.698046 0.000000 -1.118830 66.607216 1.032686 -9.887443 0.691253 
223 3.291617 0.000000 -1.671426 68.370259 1.315959 -6.244170 0.648453 
224 3.885187 0.000000 -1.118830 50.904126 1.063894 -2.180683 0.961068 
225 3.291617 0.000000 -0.566234 81.188592 -0.427433 10.322502 0.398277 
226 2.698046 0.000000 1.644151 90.373090 -1.438745 5.794738 0.199742 
227 3.885187 0.000000 1.644151 107.724604 0.968493 -2.821911 -0.150612 
228 2.698046 0.000000 2.749343 100.000000 0.000000 0.000000 0.000000 
229 13.382310 0.000000 7.170112 99.646048 0.028969 0.403900 0.007101 
230 18.130872 0.000000 7.170112 100.897374 -0.002271 -0.879429 -0.017835 
231 13.382310 0.000000 11.590882 99.580342 0.055889 0.540184 0.008430 
232 6.259468 0.000000 4.959728 95.785573 -1.836134 4.016524 0.087062 
233 8.633748 0.000000 4.959728 101.703909 -0.141764 -0.273476 -0.033936 
234 6.259468 0.000000 7.170112 100.000000 0.000000 0.000000 0.000000 
235 5.072327 0.000000 1.644151 79.565448 0.952009 17.731381 0.458950 
236 6.259468 0.000000 1.644151 83.781423 0.229618 17.872405 0.371108 
237 5.072327 0.000000 2.749343 101.168172 0.431638 0.508726 -0.023258 
238 3.291617 0.000000 1.091555 60.922059 1.215670 17.388791 0.830886 
239 2.698046 0.000000 1.091555 46.485905 1.841012 16.579077 1.077458 
240 3.291617 0.000000 0.538958 61.805607 1.229380 15.785721 0.806054 
241 3.885187 0.000000 1.091555 61.294191 1.377482 19.158142 0.833915 
242 3.291617 0.000000 1.644151 113.178639 0.420219 -7.878136 -0.248611 
243 5.072327 0.000000 -2.776618 103.160392 0.109310 7.997370 -0.056617 
244 5.072327 0.000000 -3.881811 105.623051 0.147170 5.927759 -0.107655 
245 6.259468 0.000000 -2.776618 100.727683 -0.350264 3.873320 -0.013032 
246 11.008029 0.000000 0.538958 99.284849 -0.176089 5.302876 0.017172 
247 11.008029 0.000000 -1.671426 99.151492 -0.147977 2.498269 0.017635 
248 13.382310 0.000000 0.538958 100.147839 -0.104891 4.253403 -0.001148 
249 11.008029 0.000000 2.749343 96.899015 0.307212 14.442375 0.084371 
250 7.446608 0.000000 -0.566234 88.190087 -0.027557 10.277167 0.252985 
251 7.446608 0.000000 -1.671426 89.160252 -0.131893 0.554849 0.220668 
252 8.633748 0.000000 -0.566234 95.615057 0.313835 6.247362 0.092622 
253 7.446608 0.000000 0.538958 92.068413 0.113765 9.158597 0.170247 
254 5.665897 0.000000 -1.118830 75.945013 -0.314071 -2.125468 0.492327 
255 5.072327 0.000000 -1.118830 54.433853 -0.396640 -1.356813 0.900793 
256 5.665897 0.000000 -1.671426 75.906645 -0.322419 -2.080392 0.493079 
257 6.259468 0.000000 -1.118830 84.501334 -0.153627 -1.509849 0.316894 
258 5.665897 0.000000 -0.566234 76.479944 0.836443 14.719916 0.509899 
259 4.478757 0.000000 1.091555 67.274834 1.002511 17.393858 0.708140 
260 4.478757 0.000000 0.538958 62.726274 1.147108 15.840160 0.788813 
261 5.072327 0.000000 1.091555 79.511064 0.914634 17.980290 0.461243 
262 4.478757 0.000000 1.644151 61.306713 1.223947 17.003544 0.821599 
263 7.446608 0.000000 1.644151 87.707976 0.320992 16.611378 0.283263 
264 8.633748 0.000000 1.644151 98.471851 -0.001895 4.584807 0.032812 
265 7.446608 0.000000 2.749343 98.109179 -0.443971 3.606366 0.039324 
266 5.665897 0.000000 1.091555 80.745912 0.457935 19.217575 0.441311 
267 5.665897 0.000000 0.538958 85.388367 -0.793797 10.538379 0.311865 
268 6.259468 0.000000 1.091555 83.934399 0.246694 17.039714 0.364254 
269 5.665897 0.000000 1.644151 96.988849 -0.039744 7.626189 0.066674 
270 18.130872 0.000000 -23.775272 100.000000 0.000000 0.000000 0.000000 
271 18.130872 0.000000 -32.616811 100.000000 0.000000 0.000000 0.000000 
272 27.627995 0.000000 -23.775272 99.953278 -0.054323 0.000494 0.000935 
273 13.382310 0.000000 -10.512965 100.356596 0.117701 0.437386 -0.007106 
274 13.382310 0.000000 -14.933734 99.657876 0.042040 -0.322185 0.006858 
275 18.130872 0.000000 -10.512965 99.901588 0.009627 0.081000 0.001969 
276 11.008029 0.000000 -3.881811 99.691774 0.105909 0.847372 0.006242 
277 11.008029 0.000000 -6.092195 100.965023 -0.110622 1.496202 -0.019037 
278 13.382310 0.000000 -3.881811 99.731066 0.023266 0.666498 0.005426 
279 7.446608 0.000000 -2.776618 100.423439 0.271456 3.772893 -0.007038 
280 7.446608 0.000000 -3.881811 98.973236 0.063377 0.309314 0.020591 
281 8.633748 0.000000 -2.776618 96.732739 -0.081356 0.294830 0.065789 
282 6.853038 0.000000 -1.118830 85.711021 -0.166031 -0.438953 0.291717 
283 6.853038 0.000000 -1.671426 85.669498 -0.168111 -0.446033 0.292573 
284 7.446608 0.000000 -1.118830 88.958862 -0.122547 0.108417 0.224779 
285 6.853038 0.000000 -0.566234 72.198434 -0.481521 2.671547 0.568050 
286 9.820889 0.000000 -0.566234 96.123161 -0.126412 2.410446 0.078753 
287 9.820889 0.000000 -1.671426 96.903978 -0.126414 2.184978 0.062812 
288 11.008029 0.000000 -0.566234 98.814075 -0.117160 2.075633 0.024218 
289 9.820889 0.000000 0.538958 98.189398 0.197362 5.682253 0.039671 
290 9.820889 0.000000 -2.776618 99.160237 0.126173 1.444224 0.017038 
291 9.820889 0.000000 -3.881811 98.989446 -0.064598 0.601146 0.020292 
292 11.008029 0.000000 -2.776618 99.121030 0.015894 1.079756 0.017731 
293 37.125118 0.000000 -6.092195 100.529995 0.042710 -1.490634 -0.010367 
294 37.125118 0.000000 -14.933734 95.306640 0.035235 -3.828267 0.096295 
295 46.622241 0.000000 -6.092195 97.969195 0.019943 -2.783271 0.041586 
296 37.125118 0.000000 2.749343 95.916689 -0.001354 0.784102 0.082395 
297 22.879433 0.000000 -1.671426 105.502247 0.009165 -1.830036 -0.108236 
298 22.879433 0.000000 -6.092195 99.852019 0.001923 0.047223 0.002961 
299 27.627995 0.000000 -1.671426 89.560225 -0.114144 7.182801 0.218338 
300 22.879433 0.000000 2.749343 113.567298 -0.021077 -10.366669 -0.252097 
301 15.756591 0.000000 0.538958 101.885109 -0.040735 3.160395 -0.036567 
302 15.756591 0.000000 -1.671426 103.034165 -0.149492 2.358513 -0.059716 
303 18.130872 0.000000 0.538958 101.405007 0.007961 -0.072125 -0.028010 
304 15.756591 0.000000 2.749343 99.743422 0.083440 11.695922 0.018933 
305 12.195170 0.000000 -0.566234 100.481435 -0.184929 2.635433 -0.008925 
306 12.195170 0.000000 -1.671426 100.483111 -0.184336 2.673007 -0.008939 
307 13.382310 0.000000 -0.566234 101.411062 -0.177210 2.564712 -0.027483 
308 12.195170 0.000000 0.538958 100.633192 -0.066590 5.167475 -0.009997 
309 10.414459 0.000000 -1.118830 98.807658 -0.094156 1.508591 0.024140 
310 9.820889 0.000000 -1.118830 96.976645 -0.128730 2.223801 0.061359 
311 10.414459 0.000000 -1.671426 98.808576 -0.125863 2.281183 0.024420 
312 11.008029 0.000000 -1.118830 99.205215 -0.152211 2.545540 0.016581 
313 10.414459 0.000000 -0.566234 98.810211 -0.074738 0.980784 0.023955 
314 15.756591 0.000000 -3.881811 100.225208 -0.020903 0.899749 -0.004421 
315 15.756591 0.000000 -6.092195 99.737983 -0.025437 0.156254 0.005246 
316 18.130872 0.000000 -3.881811 99.822862 -0.017566 0.391050 0.003560 
317 12.195170 0.000000 -2.776618 99.936880 0.024436 1.656642 0.001537 
318 12.195170 0.000000 -3.881811 99.605163 0.006812 0.663449 0.007948 
319 13.382310 0.000000 -2.776618 100.987363 0.013538 2.267046 -0.019197 
320 10.414459 0.000000 -2.224022 98.797168 -0.156074 2.713847 0.024870 
321 9.820889 0.000000 -2.224022 96.123161 -0.126412 2.410446 0.078753 
322 10.414459 0.000000 -2.776618 99.531726 0.178126 1.644148 0.009650 
323 11.008029 0.000000 -2.224022 98.797168 -0.156074 2.713847 0.024870 
324 11.601599 0.000000 -1.118830 100.127748 -0.137868 1.942968 -0.002175 
325 11.601599 0.000000 -1.671426 100.130975 -0.177356 2.569407 -0.001957 
326 12.195170 0.000000 -1.118830 100.553173 -0.185713 2.708192 -0.010319 
327 11.601599 0.000000 -0.566234 100.146726 -0.105127 1.366626 -0.002746 
328 10.711244 0.000000 -1.395128 98.810528 -0.121367 2.207529 0.024347 
329 10.414459 0.000000 -1.395128 98.801195 0.053345 2.096779 0.024485 
330 10.711244 0.000000 -1.671426 98.810830 -0.120953 2.196257 0.024336 
331 11.008029 0.000000 -1.395128 99.194669 -0.150137 2.541951 0.016791 
332 10.711244 0.000000 -1.118830 98.809207 -0.083032 1.244221 0.024035 
333 11.008029 0.000000 4.959728 99.404099 0.005652 0.888848 0.012013 
334 13.382310 0.000000 4.959728 99.581934 0.050792 0.695704 0.008418 
335 11.008029 0.000000 7.170112 99.938625 0.046646 0.470346 0.001250 
336 9.820889 0.000000 1.644151 93.527982 0.240412 15.640417 0.157964 
337 11.008029 0.000000 1.644151 96.682615 0.228524 11.598445 0.080960 
338 9.820889 0.000000 2.749343 98.161697 0.064269 2.605537 0.037606 
339 9.820889 0.000000 3.854535 99.360306 -0.064681 1.154637 0.012947 
340 8.633748 0.000000 3.854535 98.842467 0.026088 2.159337 0.023682 
341 11.008029 0.000000 3.854535 99.038720 0.059430 1.421547 0.019471 
342 9.820889 0.000000 4.959728 99.155336 0.038642 1.159660 0.017060 
343 9.227319 0.000000 2.196747 94.193628 0.204377 13.089837 0.136083 
344 8.633748 0.000000 2.196747 96.752112 -0.116466 4.713999 0.067716 
345 9.227319 0.000000 1.644151 94.275237 0.194617 12.777110 0.133512 
346 9.820889 0.000000 2.196747 94.519149 0.265022 15.303226 0.136241 
347 9.227319 0.000000 2.749343 94.223471 0.200444 12.975477 0.135140 
348 12.195170 0.000000 1.644151 98.662191 0.245337 10.682122 0.038517 
349 13.382310 0.000000 1.644151 101.467372 -0.030496 4.174212 -0.027543 
350 12.195170 0.000000 2.749343 98.722703 0.251053 12.564511 0.041790 
351 10.414459 0.000000 2.196747 96.566201 0.249812 12.193880 0.084844 
352 10.414459 0.000000 1.644151 97.132163 0.195212 8.410112 0.065081 
353 11.008029 0.000000 2.196747 96.947648 0.277937 13.284052 0.079971 
354 10.414459 0.000000 2.749343 96.545106 0.250174 12.301775 0.085556 
355 7.446608 0.000000 3.854535 97.204215 -0.023679 3.514241 0.057522 
356 6.259468 0.000000 3.854535 97.707561 -0.006923 2.723896 0.046834 
357 7.446608 0.000000 4.959728 101.949407 -0.078305 -0.908448 -0.038733 
358 9.227319 0.000000 3.301939 100.623866 0.005639 0.481574 -0.012437 
359 8.633748 0.000000 3.301939 98.946228 0.055022 2.008963 0.021533 
360 9.820889 0.000000 3.301939 99.083158 -0.007283 1.793303 0.018699 
361 9.227319 0.000000 3.854535 99.822291 0.128897 0.987472 0.003655 
362 9.524104 0.000000 2.473045 94.560697 0.245407 14.203647 0.131828 
363 9.227319 0.000000 2.473045 94.200543 0.203285 13.063341 0.135864 
364 9.524104 0.000000 2.196747 94.585422 0.250345 14.293588 0.131597 
365 9.820889 0.000000 2.473045 94.499009 0.265648 15.310062 0.136681 
366 9.524104 0.000000 2.749343 93.527982 0.240412 15.640417 0.157964 
367 37.125118 0.000000 11.590882 118.808998 -0.003021 -14.760160 -0.338106 
368 46.622241 0.000000 11.590882 100.251284 0.259984 -0.823741 -0.004949 
369 37.125118 0.000000 20.432420 99.928713 0.443310 -0.074237 0.001446 
370 22.879433 0.000000 7.170112 106.736385 0.007038 -5.866825 -0.129312 
371 27.627995 0.000000 7.170112 98.299837 0.000627 0.739571 0.034181 
372 22.879433 0.000000 11.590882 99.573435 -0.010844 0.215499 0.008544 
373 15.756591 0.000000 4.959728 99.357572 -0.014462 0.482037 0.012890 
374 18.130872 0.000000 4.959728 98.971929 -0.061301 -0.059081 0.020608 
375 15.756591 0.000000 7.170112 100.391904 -0.033191 -0.205755 -0.007827 
376 12.195170 0.000000 3.854535 99.263386 0.071840 1.196194 0.014901 
377 13.382310 0.000000 3.854535 99.354570 0.135049 13.094463 0.030341 
378 12.195170 0.000000 4.959728 99.535372 0.029837 0.766347 0.009361 
379 14.569450 0.000000 -0.566234 102.325383 -0.092860 2.638456 -0.045583 
380 14.569450 0.000000 -1.671426 102.472075 -0.091712 2.568967 -0.048520 
381 15.756591 0.000000 -0.566234 102.923293 -0.147598 2.345998 -0.057535 
382 14.569450 0.000000 0.538958 99.515203 -0.038048 2.493046 0.010332 
383 14.569450 0.000000 -2.776618 99.301877 0.028783 0.734521 0.014038 
384 14.569450 0.000000 -3.881811 100.188193 0.015985 0.915741 -0.003679 
385 15.756591 0.000000 -2.776618 98.942683 -0.045116 0.395918 0.021210 
386 20.505152 0.000000 0.538958 104.176488 0.009080 -0.058063 -0.082688 
387 20.505152 0.000000 -1.671426 107.300156 -0.017448 2.285442 -0.142799 
388 22.879433 0.000000 0.538958 103.792220 -0.006561 -0.420412 -0.075140 
389 20.505152 0.000000 2.749343 107.607365 0.019173 -6.110555 -0.145830 
390 16.943731 0.000000 -0.566234 103.410683 -0.086047 1.563543 -0.067428 
391 16.943731 0.000000 -1.671426 103.410683 -0.086047 1.563543 -0.067428 
392 18.130872 0.000000 -0.566234 106.794170 -0.042288 1.698393 -0.133276 
393 16.943731 0.000000 0.538958 101.701761 0.011359 1.418844 -0.033706 
394 15.163021 0.000000 -1.118830 103.549072 -0.145352 2.562515 -0.069757 
395 14.569450 0.000000 -1.118830 102.348472 -0.091902 2.627535 -0.046046 
396 15.163021 0.000000 -1.671426 103.912464 -0.163802 2.457588 -0.076942 
397 15.756591 0.000000 -1.118830 102.919208 -0.147696 2.345553 -0.057455 
398 15.163021 0.000000 -0.566234 103.418885 -0.138967 2.656896 -0.067150 
399 14.569450 0.000000 3.854535 99.319241 0.121221 12.250417 0.028873 
400 14.569450 0.000000 2.749343 99.832756 0.118415 11.090235 0.015731 
401 15.756591 0.000000 3.854535 99.429015 0.088920 11.682940 0.025263 
402 14.569450 0.000000 4.959728 99.482982 -0.000346 0.653064 0.010395 
403 20.505152 0.000000 4.959728 95.267779 -0.005866 2.308131 0.096089 
404 22.879433 0.000000 4.959728 99.430827 0.010019 -1.291044 0.011566 
405 20.505152 0.000000 7.170112 99.790404 -0.011860 -0.068326 0.004194 
406 16.943731 0.000000 3.854535 104.207280 -0.012668 9.575501 -0.074650 
407 16.943731 0.000000 2.749343 104.207280 -0.012668 9.575501 -0.074650 
408 18.130872 0.000000 3.854535 105.390098 -0.041981 4.071404 -0.104835 
409 16.943731 0.000000 4.959728 100.810350 -0.054815 -1.606451 -0.015922 
410 22.879433 0.000000 -10.512965 99.856442 0.002325 -0.006339 0.002872 
411 22.879433 0.000000 -14.933734 99.841465 0.016853 -0.052989 0.003172 
412 27.627995 0.000000 -10.512965 100.596862 0.003599 0.580744 -0.011888 
413 20.505152 0.000000 -3.881811 99.249029 -0.009341 -0.366431 0.015057 
414 20.505152 0.000000 -6.092195 99.511175 -0.009651 -0.173299 0.009790 
415 22.879433 0.000000 -3.881811 97.519210 0.007263 -0.999714 0.049974 
416 19.318012 0.000000 -0.566234 107.510694 -0.026484 1.870162 -0.146993 
417 19.318012 0.000000 -1.671426 107.150650 -0.028547 1.828540 -0.140095 
418 20.505152 0.000000 -0.566234 106.327212 -0.012918 1.965899 -0.124176 
419 19.318012 0.000000 0.538958 104.277183 0.026301 1.449342 -0.084462 
420 19.318012 0.000000 3.854535 107.087865 -0.037458 -0.549030 -0.139161 
421 19.318012 0.000000 2.749343 107.278441 -0.034666 -1.072252 -0.142747 
422 20.505152 0.000000 3.854535 108.601194 -0.000942 -4.844038 -0.166073 
423 19.318012 0.000000 4.959728 100.046637 -0.016602 -0.491204 -0.000909 
424 32.376556 0.000000 -1.671426 120.611158 0.041819 -2.460285 -0.384639 
425 32.376556 0.000000 -6.092195 89.464758 0.117045 -6.154181 0.218727 
426 37.125118 0.000000 -1.671426 112.526692 0.071989 1.096331 -0.241580 
427 32.376556 0.000000 2.749343 102.828807 -0.071284 -8.269356 -0.049625 
428 25.253714 0.000000 0.538958 127.169908 -0.004529 -0.376123 -0.491978 
429 25.253714 0.000000 -1.671426 108.872863 0.051562 -2.046903 -0.172927 
430 27.627995 0.000000 0.538958 105.055861 -0.002181 0.069749 -0.099861 
431 25.253714 0.000000 2.749343 113.411043 0.231320 -7.245325 -0.253673 
432 21.692293 0.000000 -0.566234 106.674960 -0.007611 1.746268 -0.130963 
433 21.692293 0.000000 -1.671426 107.551990 -0.004915 1.309774 -0.147944 
434 22.879433 0.000000 -0.566234 105.404251 0.009787 -1.477964 -0.106439 
435 21.692293 0.000000 0.538958 98.531249 -0.001859 -8.801179 0.037398 
436 25.253714 0.000000 -3.881811 105.316258 0.006256 -0.932004 -0.104849 
437 25.253714 0.000000 -6.092195 99.840939 0.008575 0.287364 0.003191 
438 27.627995 0.000000 -3.881811 87.651840 0.000657 -9.955798 0.263383 
439 21.692293 0.000000 -2.776618 100.279799 0.000526 1.089821 -0.005474 
440 20.505152 0.000000 -2.776618 99.753405 -0.001142 -0.042971 0.004935 
441 21.692293 0.000000 -3.881811 99.266535 -0.000053 -0.126556 0.014694 
442 22.879433 0.000000 -2.776618 91.425303 0.007517 -6.601902 0.178971 
443 21.098722 0.000000 -1.118830 105.559798 -0.011039 2.301280 -0.109175 
444 20.505152 0.000000 -1.118830 106.763128 -0.016735 2.306108 -0.132458 
445 21.098722 0.000000 -1.671426 105.488057 -0.011259 2.336985 -0.107766 
446 21.692293 0.000000 -1.118830 106.893588 -0.006939 1.637458 -0.135209 
447 21.098722 0.000000 -0.566234 105.667084 -0.010709 2.247885 -0.111280 
448 19.318012 0.000000 -2.776618 98.687541 -0.014207 -0.949093 0.026414 
449 18.130872 0.000000 -2.776618 99.990038 -0.024164 0.702578 0.000249 
450 19.318012 0.000000 -3.881811 98.256332 -0.016402 -1.030969 0.035111 
451 21.098722 0.000000 -2.224022 101.121900 0.008278 2.130680 -0.021934 
452 20.505152 0.000000 -2.224022 99.084703 0.001566 0.270074 0.018349 
453 21.098722 0.000000 -2.776618 99.766942 0.002834 0.542997 0.004693 
454 21.692293 0.000000 -2.224022 96.615620 0.003237 -0.851727 0.068228 
455 24.066573 0.000000 -0.566234 104.101047 0.010920 -3.128687 -0.080290 
456 24.066573 0.000000 -1.671426 103.771857 0.017087 -4.374727 -0.072946 
457 25.253714 0.000000 -0.566234 106.901321 0.046671 -2.675292 -0.134955 
458 24.066573 0.000000 0.538958 102.781725 -0.002141 -0.228351 -0.055267 
459 22.285863 0.000000 -1.118830 105.664627 0.003469 0.486458 -0.111675 
460 22.285863 0.000000 -1.671426 105.697867 0.004790 0.137168 -0.112340 
461 22.879433 0.000000 -1.118830 105.357828 0.011780 -1.714967 -0.105466 
462 22.285863 0.000000 -0.566234 105.659567 0.005118 0.081348 -0.111598 
463 21.395508 0.000000 -1.395128 105.604638 -0.010901 2.278963 -0.110055 
464 21.098722 0.000000 -1.395128 105.494875 -0.011238 2.333592 -0.107900 
465 21.395508 0.000000 -1.671426 105.567954 -0.011014 2.297221 -0.109335 
466 21.692293 0.000000 -1.395128 106.980565 -0.006671 1.594170 -0.136896 
467 21.395508 0.000000 -1.118830 105.659848 -0.010731 2.251486 -0.111139 
468 19.911582 0.000000 -1.118830 108.116570 -0.015888 1.730706 -0.158631 
469 19.318012 0.000000 -1.118830 107.213005 -0.028190 1.835748 -0.141291 
470 19.911582 0.000000 -1.671426 108.765666 -0.019293 2.015240 -0.170902 
471 19.911582 0.000000 -0.566234 107.888876 -0.014606 1.629641 -0.154310 
472 20.801937 0.000000 -1.395128 105.343101 -0.014984 2.646273 -0.104805 
473 20.505152 0.000000 -1.395128 107.245216 -0.017379 2.295572 -0.141740 
474 20.801937 0.000000 -1.671426 104.586232 -0.014031 2.785820 -0.089976 
475 20.801937 0.000000 -1.118830 105.213839 -0.014822 2.670106 -0.102278 
476 21.692293 0.000000 1.644151 107.407000 -0.001767 -1.576011 -0.145095 
477 20.505152 0.000000 1.644151 104.176488 0.009080 -0.058063 -0.082688 
478 22.879433 0.000000 1.644151 103.792220 -0.006561 -0.420412 -0.075140 
479 21.692293 0.000000 2.749343 114.644322 0.044543 -7.358218 -0.276074 
480 21.098722 0.000000 -0.013638 104.879421 -0.002161 1.058922 -0.096319 
481 20.505152 0.000000 -0.013638 104.176488 0.009080 -0.058063 -0.082688 
482 21.692293 0.000000 -0.013638 87.794527 0.000194 -8.844763 0.257958 
483 21.098722 0.000000 0.538958 103.571392 0.005883 -0.028673 -0.070820 
484 21.395508 0.000000 -0.842532 105.699657 -0.010609 2.231673 -0.111919 
485 21.098722 0.000000 -0.842532 105.644734 -0.010778 2.259008 -0.110842 
486 21.692293 0.000000 -0.842532 106.848366 -0.007078 1.659965 -0.134332 
487 21.395508 0.000000 -0.566234 105.700254 -0.010607 2.231376 -0.111931 
488 21.247115 0.000000 -1.256979 105.593392 -0.010935 2.284561 -0.109834 
489 21.098722 0.000000 -1.256979 105.518442 -0.011166 2.321863 -0.108363 
490 21.247115 0.000000 -1.395128 105.564300 -0.011025 2.299039 -0.109263 
491 21.395508 0.000000 -1.256979 105.631281 -0.010819 2.265703 -0.110578 
492 21.247115 0.000000 -1.118830 105.629422 -0.010825 2.266629 -0.110542 
493 20.801937 0.000000 -0.842532 105.493108 -0.012662 2.236771 -0.107906 
494 20.505152 0.000000 -0.842532 106.393021 -0.013354 2.003762 -0.125434 
495 20.801937 0.000000 -0.566234 105.601393 -0.012202 2.129348 -0.110053 
496 20.950330 0.000000 -1.256979 104.586232 -0.014031 2.785820 -0.089976 
497 20.801937 0.000000 -1.256979 105.213091 -0.014821 2.670244 -0.102263 
498 20.950330 0.000000 -1.395128 104.586232 -0.014031 2.785820 -0.089976 
499 20.950330 0.000000 -1.118830 104.586232 -0.014031 2.785820 -0.089976 
500 21.247115 0.000000 -0.980681 105.663558 -0.010720 2.249639 -0.111211 
501 21.098722 0.000000 -0.980681 105.607819 -0.010891 2.277380 -0.110118 
502 21.395508 0.000000 -0.980681 105.684444 -0.010656 2.239245 -0.111621 
503 21.247115 0.000000 -0.842532 105.686065 -0.010651 2.238438 -0.111653 
504 21.172919 0.000000 -1.187905 105.580467 -0.010975 2.290994 -0.109581 
505 21.098722 0.000000 -1.187905 105.537246 -0.011108 2.312504 -0.108732 
506 21.172919 0.000000 -1.256979 105.561830 -0.011032 2.300269 -0.109215 
507 21.247115 0.000000 -1.187905 105.610974 -0.010881 2.275810 -0.110179 
508 21.172919 0.000000 -1.118830 105.601061 -0.010912 2.280744 -0.109985 
509 32.376556 0.000000 7.170112 105.956674 -0.215880 -5.323330 -0.114762 
510 37.125118 0.000000 7.170112 91.270504 -0.014921 5.653056 0.180846 
511 32.376556 0.000000 11.590882 101.829738 -0.058613 -1.738815 -0.036146 
512 25.253714 0.000000 4.959728 98.582896 0.003167 0.021863 0.028428 
513 27.627995 0.000000 4.959728 98.951922 0.000921 -0.869801 0.021086 
514 25.253714 0.000000 7.170112 100.052908 0.002808 -0.830434 -0.000989 
515 21.692293 0.000000 3.854535 117.478915 0.046767 -6.933003 -0.327314 
516 22.879433 0.000000 3.854535 112.584507 -0.028160 -10.345264 -0.233949 
517 21.692293 0.000000 4.959728 91.932666 0.005506 2.595648 0.164415 
518 24.066573 0.000000 -2.776618 97.292445 0.008304 -2.767506 0.055249 
519 24.066573 0.000000 -3.881811 96.465414 0.009295 -2.219073 0.071713 
520 25.253714 0.000000 -2.776618 97.693209 0.005740 -3.216765 0.047427 
521 22.285863 0.000000 -2.224022 98.818209 0.009718 0.921419 0.023782 
522 22.285863 0.000000 -2.776618 98.163071 0.009569 -0.179237 0.036884 
523 22.879433 0.000000 -2.224022 96.437732 0.009327 -1.812705 0.072102 
524 21.989078 0.000000 -1.395128 106.837845 -0.002433 1.169476 -0.134254 
525 21.989078 0.000000 -1.671426 106.829610 -0.002405 1.167858 -0.134096 
526 22.285863 0.000000 -1.395128 105.681606 0.004929 0.113469 -0.112025 
527 21.989078 0.000000 -1.118830 106.617864 -0.004069 1.380635 -0.129965 
528 24.066573 0.000000 3.854535 101.164291 0.010030 -4.081356 -0.021586 
529 24.066573 0.000000 2.749343 110.955061 0.102187 -8.535399 -0.206359 
530 25.253714 0.000000 3.854535 97.707543 0.004095 -0.422195 0.046086 
531 24.066573 0.000000 4.959728 100.710972 0.004290 -1.896451 -0.013841 
532 22.285863 0.000000 3.301939 115.918858 0.005548 -9.632726 -0.296089 
533 21.692293 0.000000 3.301939 117.495316 0.046780 -6.930543 -0.327606 
534 22.285863 0.000000 2.749343 116.166236 0.006183 -9.461206 -0.300789 
535 22.879433 0.000000 3.301939 113.855364 -0.022261 -10.497478 -0.257176 
536 22.285863 0.000000 3.854535 116.260158 0.007602 -9.379544 -0.302593 
537 21.098722 0.000000 3.301939 113.288630 0.043480 -7.561585 -0.251048 
538 20.505152 0.000000 3.301939 107.824341 0.011305 -5.580390 -0.150546 
539 21.098722 0.000000 2.749343 113.390993 0.043560 -7.546229 -0.252949 
540 21.098722 0.000000 3.854535 112.639776 0.042971 -7.658919 -0.238956 
541 -48.348991 0.000000 214.946266 100.000000 0.000000 0.000000 0.000000 
542 -124.325976 0.000000 214.946266 100.000000 0.000000 0.000000 0.000000 
543 27.627995 0.000000 214.946266 100.000000 0.000000 0.000000 0.000000 
544 -48.348991 0.000000 285.678573 100.000000 0.000000 0.000000 0.000000 
545 -10.360498 0.000000 108.847804 100.000000 0.000000 0.000000 0.000000 
546 -48.348991 0.000000 108.847804 100.000000 0.000000 0.000000 0.000000 
547 27.627995 0.000000 108.847804 100.000000 0.000000 0.000000 0.000000 
548 -10.360498 0.000000 144.213958 100.000000 0.000000 0.000000 0.000000 
549 8.633748 0.000000 55.798574 100.000000 0.000000 0.000000 0.000000 
550 -10.360498 0.000000 55.798574 100.000000 0.000000 0.000000 0.000000 
551 27.627995 0.000000 55.798574 100.000000 0.000000 0.000000 0.000000 
552 8.633748 0.000000 73.481651 100.000000 0.000000 0.000000 0.000000 
553 18.130872 0.000000 29.273958 100.000000 0.000000 0.000000 0.000000 
554 8.633748 0.000000 29.273958 100.000000 0.000000 0.000000 0.000000 
555 27.627995 0.000000 29.273958 100.305025 -0.234762 -0.207336 -0.006087 
556 18.130872 0.000000 38.115497 100.000000 0.000000 0.000000 0.000000 
557 22.879433 0.000000 16.011651 99.995432 -0.020390 0.001484 0.000091 
558 18.130872 0.000000 16.011651 99.962388 -0.052184 0.136245 0.000754 
559 27.627995 0.000000 16.011651 99.874671 -0.003778 0.052816 0.002508 
560 22.879433 0.000000 20.432420 99.966421 0.191337 0.067011 0.000676 
561 20.505152 0.000000 9.380497 100.521328 -0.023640 -0.581679 -0.010381 
562 18.130872 0.000000 9.380497 99.811269 -0.031374 0.194277 0.003780 
563 22.879433 0.000000 9.380497 99.869466 -0.002481 0.088676 0.002612 
564 20.505152 0.000000 11.590882 100.360511 -0.010863 -0.283068 -0.007196 
565 21.692293 0.000000 6.064920 98.257150 0.000574 0.903396 0.035069 
566 20.505152 0.000000 6.064920 100.162434 -0.016984 -0.201831 -0.003243 
567 22.879433 0.000000 6.064920 95.041584 0.010182 1.995229 0.100550 
568 21.692293 0.000000 7.170112 103.644184 -0.009261 -3.142863 -0.071314 
569 22.285863 0.000000 4.407132 99.662392 0.013968 -5.658256 0.009978 
570 21.692293 0.000000 4.407132 93.420492 0.006627 0.554464 0.133232 
571 22.879433 0.000000 4.407132 98.033952 0.011137 -0.654607 0.039527 
572 22.285863 0.000000 4.959728 96.531161 0.012961 -0.429676 0.069882 
573 21.989078 0.000000 3.578237 117.408410 0.037701 -7.551687 -0.325395 
574 21.692293 0.000000 3.578237 117.368339 0.046680 -6.949590 -0.325344 
575 21.989078 0.000000 3.301939 117.333489 0.036231 -7.658211 -0.323947 
576 22.285863 0.000000 3.578237 116.342028 0.011109 -9.276481 -0.304208 
577 21.989078 0.000000 3.854535 118.397906 0.035904 -7.576908 -0.342767 
578 23.473003 0.000000 -1.118830 105.611202 0.010225 -2.357076 -0.110149 
579 23.473003 0.000000 -1.671426 105.800535 0.012271 -3.302791 -0.113333 
580 24.066573 0.000000 -1.118830 104.501067 0.014334 -4.058419 -0.087496 
581 23.473003 0.000000 -0.566234 105.104944 0.008970 -2.271992 -0.100339 
582 24.066573 0.000000 1.644151 102.636858 -0.003593 -0.325526 -0.052402 
583 25.253714 0.000000 1.644151 127.169908 -0.004529 -0.376123 -0.491978 
584 23.473003 0.000000 3.301939 111.949128 -0.008279 -9.889727 -0.222880 
585 23.473003 0.000000 2.749343 112.441172 0.000128 -9.900492 -0.232029 
586 24.066573 0.000000 3.301939 111.912020 0.086758 -8.852163 -0.223808 
587 23.473003 0.000000 3.854535 112.361643 0.015823 -9.653709 -0.230949 
588 30.002275 0.000000 0.538958 85.621355 -0.001863 -0.794569 0.293614 
589 30.002275 0.000000 -1.671426 94.129577 0.044152 -2.714520 0.119514 
590 32.376556 0.000000 0.538958 101.118568 -0.021290 0.058928 -0.022314 
591 30.002275 0.000000 2.749343 117.867256 -0.065195 -13.018253 -0.325056 
592 26.440854 0.000000 -0.566234 94.643667 0.027953 -2.571789 0.108942 
593 26.440854 0.000000 -1.671426 92.334209 0.037317 -3.312396 0.156650 
594 27.627995 0.000000 -0.566234 91.790397 -0.095470 5.977927 0.170579 
595 26.440854 0.000000 0.538958 115.104655 -0.002579 -0.120847 -0.288661 
596 103.604980 0.000000 -209.447580 100.000000 0.000000 0.000000 0.000000 
597 103.604980 0.000000 -280.179887 100.000000 0.000000 0.000000 0.000000 
598 179.581965 0.000000 -209.447580 99.977472 0.000098 -0.018437 0.000451 
599 65.616487 0.000000 -103.349118 100.000000 0.000000 0.000000 0.000000 
600 65.616487 0.000000 -138.715272 100.000000 0.000000 0.000000 0.000000 
601 103.604980 0.000000 -103.349118 99.707407 0.069549 -0.235047 0.005862 
602 46.622241 0.000000 -50.299888 100.060798 0.200080 0.061643 -0.001211 
603 46.622241 0.000000 -67.982965 100.000000 0.000000 0.000000 0.000000 
604 65.616487 0.000000 -50.299888 101.335573 0.122854 0.993532 -0.026532 
605 37.125118 0.000000 -23.775272 99.852255 0.204145 -0.114254 0.002961 
606 37.125118 0.000000 -32.616811 99.972794 -0.107011 0.010854 0.000545 
607 46.622241 0.000000 -23.775272 95.103499 -0.032398 -4.041248 0.100612 
608 32.376556 0.000000 -10.512965 115.685656 -0.025105 8.480464 -0.293513 
609 32.376556 0.000000 -14.933734 98.890229 -0.015753 -0.752430 0.022306 
610 37.125118 0.000000 -10.512965 102.303862 0.039901 0.409408 -0.045815 
611 30.002275 0.000000 -3.881811 83.290406 -0.017524 -14.905911 0.369194 
612 30.002275 0.000000 -6.092195 136.476608 -0.017557 19.309544 -0.608350 
613 32.376556 0.000000 -3.881811 104.800223 0.015917 -5.502331 -0.092058 
614 26.440854 0.000000 -2.776618 -4.050011 -0.000711 -23.542652 1.516451 
615 26.440854 0.000000 -3.881811 64.142872 0.002502 -10.326811 0.739894 
616 27.627995 0.000000 -2.776618 174.988770 0.000116 4.139130 -0.719795 
617 25.847284 0.000000 -1.118830 98.449313 0.064767 -3.817613 0.032607 
618 25.253714 0.000000 -1.118830 104.230020 0.058618 -2.765150 -0.083018 
619 25.847284 0.000000 -1.671426 99.967704 0.061104 -3.635669 0.001969 
620 26.440854 0.000000 -1.118830 92.445496 0.032484 -2.906771 0.154089 
621 25.847284 0.000000 -0.566234 100.229056 0.060473 -3.604352 -0.003283 
622 30.002275 0.000000 4.959728 104.393999 -0.019242 -9.014207 -0.079311 
623 32.376556 0.000000 4.959728 88.524928 -0.079280 4.618443 0.236194 
624 30.002275 0.000000 7.170112 99.808913 -0.019524 -0.696614 0.003872 
625 26.440854 0.000000 3.854535 103.028033 0.002778 -5.285182 -0.057455 
626 26.440854 0.000000 2.749343 107.023040 0.227744 -12.164253 -0.124566 
627 27.627995 0.000000 3.854535 99.891106 0.001665 -3.012949 0.003088 
628 26.440854 0.000000 4.959728 101.137171 0.002624 -2.529612 -0.022055 
629 26.440854 0.000000 1.644151 115.086857 -0.002576 -0.120471 -0.288340 
630 27.627995 0.000000 1.644151 87.932957 -0.000158 -15.453683 0.274104 
631 25.847284 0.000000 3.301939 109.020613 0.253255 -10.374140 -0.166692 
632 25.253714 0.000000 3.301939 111.834635 0.259625 -8.075579 -0.223455 
633 25.847284 0.000000 2.749343 111.943070 0.211746 -8.764227 -0.224513 
634 26.440854 0.000000 3.301939 106.720796 0.228860 -12.169237 -0.118671 
635 25.847284 0.000000 3.854535 99.474904 0.004027 -2.166967 0.010987 
636 28.815135 0.000000 -0.566234 100.777232 -0.000571 -5.638295 -0.012371 
637 28.815135 0.000000 -1.671426 101.764932 -0.000697 -6.248973 -0.031345 
638 30.002275 0.000000 -0.566234 90.059591 0.017878 -1.835695 0.202513 
639 28.815135 0.000000 0.538958 94.106239 0.000286 -1.513733 0.119440 
640 28.815135 0.000000 1.644151 94.106239 0.000286 -1.513733 0.119440 
641 30.002275 0.000000 1.644151 113.049729 -0.052851 -8.190211 -0.245841 
642 28.815135 0.000000 2.749343 89.677718 0.015246 -11.711310 0.225788 
643 28.815135 0.000000 -2.776618 66.380947 0.001270 -10.212326 0.696446 
644 28.815135 0.000000 -3.881811 141.041654 0.002782 6.528401 -0.683456 
645 30.002275 0.000000 -2.776618 109.324956 -0.017202 -1.363054 -0.181700 
646 255.558951 0.000000 -67.982965 100.000438 0.000543 -0.026879 -0.000009 
647 255.558951 0.000000 -138.715272 100.000975 0.000318 -0.006040 -0.000019 
648 331.535936 0.000000 -67.982965 100.000176 0.000523 -0.027112 -0.000003 
649 255.558951 0.000000 2.749343 100.000103 -0.000395 -1.498497 0.000223 
650 141.593473 0.000000 -32.616811 100.003114 0.001434 -0.101019 -0.000061 
651 141.593473 0.000000 -67.982965 100.006779 0.000398 -0.021033 -0.000136 
652 179.581965 0.000000 -32.616811 100.001151 0.001033 -0.103218 -0.000022 
653 141.593473 0.000000 2.749343 100.001007 -0.000438 -1.495174 0.000203 
654 84.610734 0.000000 -14.933734 100.032975 -0.010082 -0.292663 -0.000651 
655 84.610734 0.000000 -32.616811 100.064207 0.001754 -0.064343 -0.001284 
656 103.604980 0.000000 -14.933734 100.008550 -0.000308 -0.321565 -0.000161 
657 84.610734 0.000000 2.749343 100.015146 -0.025587 -1.468665 -0.000087 
658 56.119364 0.000000 -6.092195 119.440043 -0.058122 7.454194 -0.361028 
659 56.119364 0.000000 -14.933734 99.044473 -0.093820 -1.102151 0.019274 
660 65.616487 0.000000 -6.092195 100.189221 0.047871 -0.774721 -0.003723 
661 56.119364 0.000000 2.749343 70.126370 -0.093694 19.510327 0.662349 
662 41.873679 0.000000 -1.671426 113.816020 -0.110328 0.477745 -0.265296 
663 41.873679 0.000000 -6.092195 101.341238 0.088549 -0.220327 -0.026738 
664 46.622241 0.000000 -1.671426 103.898783 0.006106 -1.885402 -0.076911 
665 41.873679 0.000000 2.749343 105.926370 -0.030090 -5.896946 -0.113588 
666 34.750837 0.000000 0.538958 95.567687 0.001636 0.009113 0.089421 
667 34.750837 0.000000 -1.671426 109.115497 0.049583 1.778706 -0.177620 
668 37.125118 0.000000 0.538958 114.359401 0.028420 -5.426313 -0.272856 
669 34.750837 0.000000 2.749343 105.836565 -0.093857 -6.053612 -0.111670 
670 31.189416 0.000000 -0.566234 103.428148 -0.001011 -3.087788 -0.067098 
671 31.189416 0.000000 -1.671426 103.662090 -0.001184 -3.093881 -0.071695 
672 32.376556 0.000000 -0.566234 113.875704 0.023945 -1.735501 -0.266161 
673 31.189416 0.000000 0.538958 88.638517 -0.015839 -27.321619 0.320293 
674 29.408705 0.000000 -1.118830 94.621639 0.053034 -2.970406 0.109630 
675 28.815135 0.000000 -1.118830 100.244571 -0.025285 -4.266081 -0.003074 
676 29.408705 0.000000 -1.671426 96.938425 0.039794 -3.795474 0.063119 
677 30.002275 0.000000 -1.118830 92.131640 0.034011 -2.353601 0.160200 
678 29.408705 0.000000 -0.566234 93.113784 0.026913 -2.978370 0.140446 
679 31.189416 0.000000 1.644151 117.193824 -0.106284 -8.529098 -0.320407 
680 32.376556 0.000000 1.644151 103.553981 -0.060893 -7.732674 -0.064793 
681 31.189416 0.000000 2.749343 103.253163 -0.103045 -8.939260 -0.056923 
682 28.815135 0.000000 3.854535 135.983798 0.001617 -31.356425 -0.569221 
683 30.002275 0.000000 3.854535 105.919223 -0.020551 -4.773096 -0.114548 
684 28.815135 0.000000 4.959728 102.303064 0.001373 -3.769824 -0.044441 
685 29.408705 0.000000 2.196747 100.234104 -0.026781 -14.566271 0.016629 
686 28.815135 0.000000 2.196747 96.184603 0.028223 -10.568742 0.088719 
687 29.408705 0.000000 1.644151 93.523330 -0.015586 -11.037713 0.144466 
688 30.002275 0.000000 2.196747 119.998284 -0.068281 -12.672364 -0.363098 
689 29.408705 0.000000 2.749343 98.116660 -0.026387 -15.455910 0.062561 
690 34.750837 0.000000 -3.881811 88.452266 -0.010441 -9.507231 0.245762 
691 34.750837 0.000000 -6.092195 102.704573 -0.003391 -0.141991 -0.053748 
692 37.125118 0.000000 -3.881811 94.613137 0.068009 -5.144371 0.111706 
693 31.189416 0.000000 -2.776618 92.464946 -0.017036 -6.321097 0.157186 
694 31.189416 0.000000 -3.881811 89.116604 -0.014981 -5.015390 0.224437 
695 32.376556 0.000000 -2.776618 108.579290 0.006803 -5.346720 -0.165206 
696 33.563697 0.000000 -0.566234 115.949682 0.024726 -0.288315 -0.303810 
697 33.563697 0.000000 -1.671426 115.949682 0.024726 -0.288315 -0.303810 
698 34.750837 0.000000 -0.566234 105.913048 0.041805 1.453952 -0.116320 
699 33.563697 0.000000 0.538958 114.689793 -0.003118 -4.535234 -0.279554 
700 31.782986 0.000000 -1.118830 113.305922 0.011630 -2.609505 -0.255446 
701 31.189416 0.000000 -1.118830 104.952294 -0.002135 -3.127484 -0.096935 
702 31.782986 0.000000 -1.671426 110.974139 0.007551 -2.551745 -0.212318 
703 32.376556 0.000000 -1.118830 120.241769 0.043309 -2.235257 -0.378424 
704 31.782986 0.000000 -0.566234 108.518635 0.001891 -2.018187 -0.166202 
705 255.558951 0.000000 73.481651 99.999800 -0.000750 -0.022627 0.000004 
706 331.535936 0.000000 73.481651 99.999913 -0.000743 -0.022825 0.000002 
707 255.558951 0.000000 144.213958 99.999406 -0.000356 -0.005617 0.000012 
708 141.593473 0.000000 38.115497 99.999280 -0.002142 -0.073675 0.000015 
709 179.581965 0.000000 38.115497 99.999656 -0.002469 -0.075481 0.000007 
710 141.593473 0.000000 73.481651 99.982793 -0.003537 -0.008469 0.000344 
711 84.610734 0.000000 20.432420 100.017968 -0.052591 -0.184794 -0.000356 
712 103.604980 0.000000 20.432420 100.005264 0.002778 -0.206294 -0.000101 
713 84.610734 0.000000 38.115497 100.139360 -0.150983 -0.110336 -0.002783 
714 56.119364 0.000000 11.590882 98.441368 0.461043 1.044964 0.031409 
715 65.616487 0.000000 11.590882 100.854543 -0.020689 -0.925742 -0.016973 
716 56.119364 0.000000 20.432420 101.307435 -0.171235 -1.297469 -0.025903 
717 41.873679 0.000000 7.170112 101.325389 -0.157685 -1.949713 -0.026053 
718 46.622241 0.000000 7.170112 99.695370 -0.007116 -1.194845 0.006240 
719 41.873679 0.000000 11.590882 105.411211 -0.102092 -4.445581 -0.104951 
720 34.750837 0.000000 4.959728 97.950635 -0.049500 -0.961039 0.041259 
721 37.125118 0.000000 4.959728 106.551908 -0.042777 -7.190517 -0.124175 
722 34.750837 0.000000 7.170112 98.538414 -0.053231 -0.338479 0.029334 
723 33.563697 0.000000 1.644151 106.947190 -0.082841 -8.047148 -0.130641 
724 34.750837 0.000000 1.644151 114.340412 -0.069487 -8.188742 -0.269516 
725 33.563697 0.000000 2.749343 96.681493 -0.073388 -1.992274 0.067233 
726 31.189416 0.000000 3.854535 132.659005 -0.023685 -24.155295 -0.541773 
727 32.376556 0.000000 3.854535 98.193695 -0.066303 -3.101239 0.037251 
728 31.189416 0.000000 4.959728 95.879336 -0.019089 5.383920 0.086161 
729 31.782986 0.000000 2.196747 99.868251 -0.073115 -8.383114 0.009695 
730 31.189416 0.000000 2.196747 112.186984 -0.105121 -8.676409 -0.229184 
731 31.782986 0.000000 1.644151 100.023688 -0.066397 -6.922995 0.004326 
732 32.376556 0.000000 2.196747 103.768381 -0.067211 -8.848169 -0.067263 
733 31.782986 0.000000 2.749343 100.788999 -0.069649 -7.377312 -0.010360 
734 33.563697 0.000000 -2.776618 91.836437 -0.000748 -4.390698 0.167790 
735 33.563697 0.000000 -3.881811 106.650411 -0.005453 -2.018362 -0.130397 
736 34.750837 0.000000 -2.776618 89.520502 -0.008526 -6.931578 0.218748 
737 32.970126 0.000000 -1.118830 120.281087 0.040198 -1.317586 -0.379326 
738 32.970126 0.000000 -1.671426 120.580904 0.041752 -1.451670 -0.384403 
739 33.563697 0.000000 -1.118830 113.441351 0.016246 0.245292 -0.258470 
740 32.970126 0.000000 -0.566234 112.204777 0.020491 -1.041492 -0.235646 
741 33.563697 0.000000 3.854535 100.257388 -0.055971 -4.070304 -0.003493 
742 34.750837 0.000000 3.854535 96.965000 -0.057470 0.727732 0.061132 
743 33.563697 0.000000 4.959728 100.954658 -0.058027 -3.106632 -0.018100 
744 32.970126 0.000000 2.196747 102.912853 -0.074504 -8.100231 -0.051557 
745 32.970126 0.000000 1.644151 102.379974 -0.069145 -7.455589 -0.041957 
746 33.563697 0.000000 2.196747 106.954114 -0.082850 -8.047741 -0.130774 
747 32.970126 0.000000 2.749343 103.989930 -0.063387 -7.446909 -0.073796 
748 39.499399 0.000000 0.538958 114.784203 -0.108193 -8.762870 -0.276821 
749 39.499399 0.000000 -1.671426 112.833558 0.060617 1.014070 -0.247245 
750 41.873679 0.000000 0.538958 118.649691 -0.028422 -14.719339 -0.335382 
751 39.499399 0.000000 2.749343 98.593992 -0.338888 -0.623715 0.028256 
752 35.937977 0.000000 -0.566234 119.980013 0.060809 3.188482 -0.373582 
753 35.937977 0.000000 -1.671426 119.977323 0.060803 3.188148 -0.373536 
754 37.125118 0.000000 -0.566234 117.318861 0.105140 3.423644 -0.327220 
755 35.937977 0.000000 0.538958 113.794517 0.047443 -4.960328 -0.262950 
756 34.157267 0.000000 -1.118830 109.955790 0.033532 1.157727 -0.193653 
757 34.157267 0.000000 -1.671426 110.593164 0.034606 1.233015 -0.205611 
758 34.750837 0.000000 -1.118830 110.730346 0.058724 2.161666 -0.207913 
759 34.157267 0.000000 -0.566234 106.300656 0.025044 0.877689 -0.123944 
760 41.873679 0.000000 -10.512965 98.540974 0.419070 -1.211969 0.029439 
761 41.873679 0.000000 -14.933734 96.251037 -0.407969 -3.203502 0.076643 
762 46.622241 0.000000 -10.512965 98.845963 -0.974051 -1.582172 0.023489 
763 39.499399 0.000000 -3.881811 95.753337 -0.666646 -4.462968 0.087809 
764 39.499399 0.000000 -6.092195 96.998105 0.093706 -2.590501 0.061108 
765 41.873679 0.000000 -3.881811 97.302806 0.131437 -2.717457 0.055013 
766 35.937977 0.000000 -2.776618 101.923118 0.044351 -5.482927 -0.035366 
767 35.937977 0.000000 -3.881811 102.076032 0.032885 -2.610976 -0.040660 
768 37.125118 0.000000 -2.776618 101.764090 0.008170 -2.788591 -0.034381 
769 34.157267 0.000000 -2.224022 89.499362 0.003478 -7.320783 0.219824 
770 33.563697 0.000000 -2.224022 86.155125 -0.005754 -8.594492 0.291394 
771 34.157267 0.000000 -2.776618 88.861153 -0.006591 -8.374896 0.234932 
772 34.750837 0.000000 -2.224022 92.057382 -0.000121 -5.210758 0.164132 
773 33.860482 0.000000 -1.395128 112.959900 0.029833 0.783125 -0.249601 
774 33.563697 0.000000 -1.395128 113.853677 0.017640 0.157576 -0.265999 
775 33.860482 0.000000 -1.671426 113.737618 0.024470 0.388942 -0.263873 
776 34.157267 0.000000 -1.395128 110.973799 0.035630 1.252408 -0.212728 
777 33.860482 0.000000 -1.118830 111.957255 0.033298 1.042609 -0.231065 
778 35.937977 0.000000 1.644151 106.127768 -0.046183 -7.312855 -0.115786 
779 37.125118 0.000000 1.644151 112.910153 -0.061969 -8.694500 -0.242567 
780 35.937977 0.000000 2.749343 100.937387 -0.001694 -3.433224 -0.017545 
781 34.157267 0.000000 2.196747 115.592745 -0.086069 -9.068146 -0.291034 
782 34.157267 0.000000 1.644151 114.853452 -0.079355 -8.421563 -0.278543 
783 34.750837 0.000000 2.196747 115.164802 -0.072679 -8.621943 -0.283918 
784 34.157267 0.000000 2.749343 98.162038 -0.070048 0.382176 0.036917 
785 34.157267 0.000000 1.091555 108.804579 -0.050309 -5.601575 -0.169254 
786 33.563697 0.000000 1.091555 105.212030 -0.080473 -7.898453 -0.097119 
787 34.157267 0.000000 0.538958 95.647156 0.001827 0.009317 0.087805 
788 34.750837 0.000000 1.091555 111.530652 -0.054961 -6.695244 -0.219494 
789 33.860482 0.000000 1.920449 113.974211 -0.082984 -8.495389 -0.262417 
790 33.563697 0.000000 1.920449 107.413311 -0.083477 -8.087092 -0.139583 
791 33.860482 0.000000 1.644151 112.163432 -0.079762 -8.115181 -0.229528 
792 34.157267 0.000000 1.920449 114.850245 -0.079633 -8.421833 -0.278485 
793 33.860482 0.000000 2.196747 115.108429 -0.087886 -8.929241 -0.282473 
794 35.344407 0.000000 -1.118830 113.076834 0.054232 2.508259 -0.251286 
795 35.344407 0.000000 -1.671426 112.783344 0.056690 2.462587 -0.245910 
796 35.937977 0.000000 -1.118830 120.729106 0.060808 3.220984 -0.386338 
797 35.344407 0.000000 -0.566234 112.783344 0.056690 2.462587 -0.245910 
798 39.499399 0.000000 4.959728 102.933684 0.031257 -3.068112 -0.057367 
799 41.873679 0.000000 4.959728 101.965383 -0.274236 -2.344517 -0.038588 
800 39.499399 0.000000 7.170112 100.656689 -0.042537 -1.210771 -0.012969 
801 35.937977 0.000000 3.854535 105.491494 -0.045845 -5.945314 -0.105077 
802 37.125118 0.000000 3.854535 97.527079 -0.048522 -0.344261 0.049724 
803 35.937977 0.000000 4.959728 99.732192 -0.048566 -0.849683 0.005432 
804 35.344407 0.000000 2.196747 110.465961 -0.067783 -7.925720 -0.198010 
805 35.344407 0.000000 1.644151 108.209094 -0.066879 -7.713035 -0.155405 
806 35.937977 0.000000 2.196747 105.974960 -0.039986 -7.263237 -0.112883 
807 35.344407 0.000000 2.749343 107.677102 -0.102877 -8.435535 -0.144149 
808 35.344407 0.000000 -2.224022 102.531348 0.036645 -4.657885 -0.048236 
809 35.344407 0.000000 -2.776618 103.771778 0.027982 -3.962789 -0.073269 
810 35.937977 0.000000 -2.224022 103.835381 0.046503 -5.886122 -0.072726 
811 38.312258 0.000000 -0.566234 113.546622 0.152500 2.693628 -0.259813 
812 38.312258 0.000000 -1.671426 113.478573 0.164971 2.532068 -0.258636 
813 39.499399 0.000000 -0.566234 112.844607 0.059825 1.006049 -0.247449 
814 38.312258 0.000000 0.538958 108.158788 0.002131 -2.316049 -0.159228 
815 36.531548 0.000000 -1.118830 120.407661 0.075249 3.442094 -0.380767 
816 36.531548 0.000000 -1.671426 120.322474 0.076795 3.423801 -0.379324 
817 37.125118 0.000000 -1.118830 117.228626 0.102426 3.410885 -0.325635 
818 36.531548 0.000000 -0.566234 119.471936 0.086519 3.468585 -0.364723 
819 35.641192 0.000000 -1.395128 116.018362 0.056605 2.764942 -0.304454 
820 35.344407 0.000000 -1.395128 112.546834 0.054686 2.440898 -0.241562 
821 35.641192 0.000000 -1.671426 115.865664 0.056609 2.750670 -0.301731 
822 35.937977 0.000000 -1.395128 120.611441 0.060766 3.214483 -0.384342 
823 35.641192 0.000000 -1.118830 115.665590 0.055612 2.749927 -0.298150 
824 35.344407 0.000000 1.091555 110.465961 -0.067783 -7.925720 -0.198010 
825 35.344407 0.000000 0.538958 97.888446 0.007220 0.015077 0.042418 
826 35.937977 0.000000 1.091555 106.172046 -0.046779 -7.333396 -0.116619 
827 38.312258 0.000000 1.644151 113.021830 -0.063643 -8.647326 -0.244697 
828 39.499399 0.000000 1.644151 114.197234 -0.114120 -8.756258 -0.266134 
829 38.312258 0.000000 2.749343 103.818187 -0.477161 -4.540912 -0.073694 
830 36.531548 0.000000 2.196747 98.126431 0.030856 -1.556389 0.037868 
831 36.531548 0.000000 1.644151 106.843620 -0.044250 -7.584298 -0.129293 
832 37.125118 0.000000 2.196747 101.750299 -0.285616 -3.957825 -0.033330 
833 36.531548 0.000000 2.749343 99.256004 -0.143982 -2.802620 0.015700 
834 35.641192 0.000000 1.920449 106.443695 -0.056142 -7.430098 -0.121759 
835 35.344407 0.000000 1.920449 108.446039 -0.066974 -7.735365 -0.159911 
836 35.641192 0.000000 1.644151 107.664981 -0.061861 -7.605975 -0.145105 
837 35.937977 0.000000 1.920449 106.142673 -0.046682 -7.318234 -0.116069 
838 35.641192 0.000000 2.196747 106.443695 -0.056142 -7.430098 -0.121759 
839 38.312258 0.000000 -2.776618 98.996125 0.086367 -0.966137 0.020216 
840 38.312258 0.000000 -3.881811 96.852639 0.079708 -2.631650 0.064076 
841 39.499399 0.000000 -2.776618 96.599775 0.189163 -5.652789 0.071832 
842 37.718688 0.000000 -1.118830 113.999670 0.123923 3.038263 -0.267921 
843 37.718688 0.000000 -1.671426 114.290170 0.125308 3.048325 -0.273199 
844 38.312258 0.000000 -1.118830 113.586002 0.153433 2.703177 -0.260529 
845 37.718688 0.000000 -0.566234 114.277481 0.125518 3.045554 -0.272970 
846 36.531548 0.000000 -0.013638 103.170907 -0.016270 -0.122220 -0.062942 
847 35.937977 0.000000 -0.013638 117.275830 0.019706 -5.892766 -0.324731 
848 37.125118 0.000000 -0.013638 115.295283 0.097934 0.681351 -0.292054 
849 36.531548 0.000000 0.538958 103.170907 -0.016270 -0.122220 -0.062942 
850 36.828333 0.000000 -0.842532 118.188160 0.099390 3.447290 -0.342464 
851 36.531548 0.000000 -0.842532 120.266045 0.077440 3.426772 -0.378359 
852 36.828333 0.000000 -1.118830 118.161542 0.099888 3.447569 -0.341999 
853 37.125118 0.000000 -0.842532 116.910774 0.105439 3.405073 -0.320020 
854 36.828333 0.000000 -0.566234 118.287767 0.096760 3.443868 -0.344205 
855 36.234763 0.000000 -0.842532 121.128358 0.066478 3.425292 -0.393004 
856 35.937977 0.000000 -0.842532 120.605517 0.060762 3.214098 -0.384242 
857 36.234763 0.000000 -1.118830 120.570635 0.065395 3.365350 -0.383578 
858 36.234763 0.000000 -0.566234 121.414219 0.064313 3.366317 -0.397854 
859 36.531548 0.000000 -2.224022 92.245021 0.058121 -8.080106 0.164529 
860 36.531548 0.000000 -2.776618 97.071679 0.044006 -5.007139 0.061533 
861 37.125118 0.000000 -2.224022 103.793356 0.011575 -3.145005 -0.074243 
862 36.828333 0.000000 -1.395128 118.195802 0.099275 3.447298 -0.342597 
863 36.531548 0.000000 -1.395128 120.267723 0.077421 3.426684 -0.378388 
864 36.828333 0.000000 -1.671426 118.299271 0.096661 3.444108 -0.344405 
865 37.125118 0.000000 -1.395128 117.576196 0.100651 3.421972 -0.331752 
866 36.679940 0.000000 -0.980681 119.142318 0.091357 3.443373 -0.359047 
867 36.531548 0.000000 -0.980681 120.244703 0.077684 3.427896 -0.377994 
868 36.679940 0.000000 -1.118830 118.982572 0.093336 3.445688 -0.356282 
869 36.828333 0.000000 -0.980681 118.168204 0.099749 3.447453 -0.342115 
870 36.679940 0.000000 -0.842532 118.731112 0.096108 3.463023 -0.351913 
871 36.531548 0.000000 1.091555 107.897620 -0.052467 -7.964574 -0.149079 
872 37.125118 0.000000 1.091555 111.734910 -0.065467 -8.688805 -0.220742 
873 37.718688 0.000000 1.091555 113.558318 -0.059788 -8.586898 -0.254664 
874 37.718688 0.000000 0.538958 104.304498 -0.143153 -0.043955 -0.085192 
875 38.312258 0.000000 1.091555 112.998490 -0.063938 -8.649313 -0.244263 
876 37.718688 0.000000 1.644151 113.498862 -0.063287 -8.541799 -0.253634 
877 36.828333 0.000000 1.367853 110.172930 -0.063159 -8.480206 -0.191701 
878 36.531548 0.000000 1.367853 107.188840 -0.047866 -7.706029 -0.135795 
879 36.828333 0.000000 1.091555 110.152323 -0.060106 -8.390115 -0.191442 
880 37.125118 0.000000 1.367853 112.730285 -0.062504 -8.693628 -0.239241 
881 36.828333 0.000000 1.644151 110.092172 -0.063620 -8.486173 -0.190165 
882 36.234763 0.000000 1.367853 105.934866 -0.037131 -7.256532 -0.112112 
883 35.937977 0.000000 1.367853 106.132629 -0.046137 -7.315683 -0.115877 
884 36.234763 0.000000 1.091555 105.238888 -0.033760 -5.388700 -0.100737 
885 36.234763 0.000000 1.644151 105.919318 -0.036024 -7.253932 -0.111813 
886 38.312258 0.000000 3.854535 100.667111 -0.157325 -1.714857 -0.013029 
887 39.499399 0.000000 3.854535 101.941878 -0.082314 -3.080869 -0.037741 
888 38.312258 0.000000 4.959728 98.359859 -0.044435 0.271951 0.032924 
889 37.718688 0.000000 2.196747 101.756524 0.209352 -1.614525 -0.034731 
890 38.312258 0.000000 2.196747 103.777890 0.289083 -5.942754 -0.071524 
891 37.718688 0.000000 2.749343 104.775650 0.173495 -4.446338 -0.092554 
892 36.828333 0.000000 1.920449 109.987632 -0.062900 -8.455898 -0.188232 
893 36.531548 0.000000 1.920449 107.897620 -0.052467 -7.964574 -0.149079 
894 37.125118 0.000000 1.920449 112.612914 -0.062853 -8.693060 -0.237068 
895 36.828333 0.000000 2.196747 98.233844 -0.311277 -1.945039 0.035853 
896 36.679940 0.000000 1.506002 109.153110 -0.064012 -8.412181 -0.172450 
897 36.531548 0.000000 1.506002 107.191076 -0.047880 -7.706845 -0.135837 
898 36.679940 0.000000 1.367853 108.917359 -0.061844 -8.328132 -0.168079 
899 36.828333 0.000000 1.506002 110.147370 -0.063539 -8.488857 -0.191205 
900 36.679940 0.000000 1.644151 109.222892 -0.064653 -8.437060 -0.173742 
901 37.718688 0.000000 -0.013638 104.304498 -0.143153 -0.043955 -0.085192 
902 38.312258 0.000000 -0.013638 109.322224 -0.009536 -2.796201 -0.181133 
903 37.421903 0.000000 -0.842532 115.981770 0.109494 3.301317 -0.303549 
904 37.421903 0.000000 -1.118830 116.119304 0.108524 3.323419 -0.305994 
905 37.718688 0.000000 -0.842532 114.037799 0.124029 3.040236 -0.268614 
906 37.421903 0.000000 -0.566234 115.063996 0.112483 3.217353 -0.287118 
907 37.421903 0.000000 1.367853 112.832347 -0.065293 -8.615361 -0.241241 
908 37.421903 0.000000 1.091555 112.792226 -0.065300 -8.618046 -0.240495 
909 37.718688 0.000000 1.367853 113.508592 -0.062703 -8.547266 -0.253805 
910 37.421903 0.000000 1.644151 112.993131 -0.063912 -8.639125 -0.244179 
911 51.370803 0.000000 -1.671426 100.861469 -0.003259 -2.927053 -0.016350 
912 51.370803 0.000000 -6.092195 101.060984 0.012158 0.187902 -0.021165 
913 56.119364 0.000000 -1.671426 106.312201 -0.040000 -2.089661 -0.123840 
914 51.370803 0.000000 2.749343 101.248479 -0.004449 -1.975806 -0.024516 
915 44.247960 0.000000 0.538958 141.943661 0.180183 -40.911861 -0.619456 
916 44.247960 0.000000 -1.671426 98.433048 0.047709 -9.601851 0.040902 
917 46.622241 0.000000 0.538958 125.341598 0.017461 -26.207787 -0.417965 
918 44.247960 0.000000 2.749343 95.979880 0.004998 -0.045072 0.081047 
919 40.686539 0.000000 -0.566234 118.703073 -0.187635 0.390898 -0.352290 
920 40.686539 0.000000 -1.671426 119.250584 -0.189611 0.549841 -0.361752 
921 41.873679 0.000000 -0.566234 123.617413 -0.189425 1.960996 -0.434948 
922 40.686539 0.000000 0.538958 110.387022 -0.106171 -10.086921 -0.193191 
923 38.905828 0.000000 -1.118830 112.629772 0.194597 1.962036 -0.243261 
924 38.905828 0.000000 -1.671426 112.787877 0.190732 2.034945 -0.246148 
925 39.499399 0.000000 -1.118830 112.650364 0.036020 1.011117 -0.243874 
926 38.905828 0.000000 -0.566234 112.787877 0.190732 2.034945 -0.246148 
927 40.686539 0.000000 1.644151 109.842378 -0.081676 -9.547725 -0.183784 
928 41.873679 0.000000 1.644151 118.649691 -0.028422 -14.719339 -0.335382 
929 40.686539 0.000000 2.749343 102.477621 0.543611 -2.926007 -0.048412 
930 38.905828 0.000000 1.091555 112.578783 -0.074184 -8.693791 -0.236434 
931 38.905828 0.000000 0.538958 111.018603 0.409931 -1.211996 -0.213559 
932 39.499399 0.000000 1.091555 114.250618 -0.113172 -8.756711 -0.267109 
933 38.905828 0.000000 1.644151 112.633905 -0.073199 -8.697252 -0.237451 
934 44.247960 0.000000 -3.881811 99.789041 -0.054165 -3.735238 0.005622 
935 44.247960 0.000000 -6.092195 99.189201 -0.026082 -1.701285 0.016537 
936 46.622241 0.000000 -3.881811 101.937206 0.015960 -0.797136 -0.038510 
937 40.686539 0.000000 -2.776618 102.070960 -0.051672 -2.068441 -0.040806 
938 40.686539 0.000000 -3.881811 103.689303 0.159166 0.423743 -0.073117 
939 41.873679 0.000000 -2.776618 101.546984 -0.000911 -2.371466 -0.030281 
940 40.092969 0.000000 -1.118830 114.802125 -0.004409 0.347428 -0.283197 
941 40.092969 0.000000 -1.671426 108.244988 -0.032707 -0.828189 -0.161285 
942 40.686539 0.000000 -1.118830 118.017176 -0.156556 0.333449 -0.340346 
943 40.092969 0.000000 -0.566234 114.861634 -0.024707 0.395025 -0.284268 
944 38.905828 0.000000 -0.013638 114.201313 -0.078717 1.407660 -0.272167 
945 39.499399 0.000000 -0.013638 110.849262 -0.092424 0.306688 -0.210524 
946 39.202614 0.000000 -0.842532 112.483915 0.137102 1.668261 -0.240660 
947 38.905828 0.000000 -0.842532 112.735841 0.191129 2.028552 -0.245193 
948 39.202614 0.000000 -1.118830 112.436116 0.155213 1.692666 -0.239771 
949 39.499399 0.000000 -0.842532 112.665855 0.038459 1.012660 -0.244159 
950 39.202614 0.000000 -0.566234 112.497786 0.139549 1.684994 -0.240912 
951 40.092969 0.000000 1.091555 113.150150 -0.078111 -8.724066 -0.246956 
952 40.092969 0.000000 0.538958 112.197993 -0.060582 -8.701456 -0.229353 
953 40.686539 0.000000 1.091555 109.940074 -0.086070 -9.644444 -0.185477 
954 40.092969 0.000000 1.644151 112.197993 -0.060582 -8.701456 -0.229353 
955 38.905828 0.000000 2.196747 100.037743 -0.544034 -2.497047 -0.000102 
956 39.499399 0.000000 2.196747 99.391377 0.448275 -1.776522 0.012527 
957 38.905828 0.000000 2.749343 99.463261 0.172642 -1.637835 0.011021 
958 39.202614 0.000000 1.367853 113.035804 -0.086437 -8.716363 -0.244857 
959 38.905828 0.000000 1.367853 112.772626 -0.070719 -8.705962 -0.240007 
960 39.202614 0.000000 1.091555 113.046020 -0.093510 -8.714829 -0.245048 
961 39.499399 0.000000 1.367853 114.225184 -0.115452 -8.757158 -0.266644 
962 39.202614 0.000000 1.644151 112.988356 -0.092665 -8.711771 -0.243987 
963 51.370803 0.000000 7.170112 94.105767 -0.001494 4.533156 0.121431 
964 56.119364 0.000000 7.170112 99.925696 -0.106740 -0.427539 0.001506 
965 51.370803 0.000000 11.590882 101.553992 -0.024215 -1.706287 -0.030685 
966 44.247960 0.000000 4.959728 99.334228 -0.107606 -1.013785 0.013440 
967 46.622241 0.000000 4.959728 99.208986 -0.040601 -0.944180 0.015938 
968 44.247960 0.000000 7.170112 100.099846 0.138630 -0.768267 -0.001936 
969 43.060820 0.000000 1.644151 98.147281 -0.024652 -5.057051 0.039827 
970 43.060820 0.000000 0.538958 121.002617 0.039272 -24.551909 -0.348525 
971 44.247960 0.000000 1.644151 91.041079 -0.011936 5.331103 0.185168 
972 43.060820 0.000000 2.749343 103.854447 -0.072960 -8.482151 -0.069564 
973 41.280109 0.000000 1.091555 111.233418 -0.144236 -10.924849 -0.207657 
974 41.280109 0.000000 0.538958 111.848808 -0.171912 -11.534083 -0.218057 
975 41.873679 0.000000 1.091555 117.832027 -0.049773 -13.740271 -0.322974 
976 41.280109 0.000000 1.644151 111.848808 -0.171912 -11.534083 -0.218057 
977 43.060820 0.000000 -0.566234 136.312702 -0.016989 5.500134 -0.623253 
978 43.060820 0.000000 -1.671426 100.337846 0.008140 0.070718 -0.006751 
979 44.247960 0.000000 -0.566234 166.043263 -0.168792 11.856058 -0.719795 
980 43.060820 0.000000 -2.776618 100.695873 0.005300 -2.433097 -0.013310 
981 43.060820 0.000000 -3.881811 101.375726 -0.175179 -1.614140 -0.027170 
982 44.247960 0.000000 -2.776618 97.617048 -0.061021 -8.568015 0.055508 
983 42.467250 0.000000 -1.118830 130.759312 -0.046469 3.801689 -0.545664 
984 41.873679 0.000000 -1.118830 123.977908 -0.188690 2.083964 -0.440804 
985 42.467250 0.000000 -1.671426 131.823069 -0.021898 4.060646 -0.561143 
986 43.060820 0.000000 -1.118830 135.109004 -0.018305 5.114198 -0.607094 
987 42.467250 0.000000 -0.566234 129.867296 -0.067074 3.584539 -0.532476 
988 42.467250 0.000000 1.091555 117.656239 -0.019262 -17.102484 -0.311958 
989 42.467250 0.000000 0.538958 117.306814 -0.016040 -17.940704 -0.303407 
990 43.060820 0.000000 1.091555 120.682199 0.036542 -24.336344 -0.343600 
991 42.467250 0.000000 1.644151 102.781833 -0.089775 -11.186247 -0.043207 
992 48.996522 0.000000 0.538958 103.011845 0.016983 -3.952973 -0.058314 
993 48.996522 0.000000 -1.671426 112.795434 0.003608 1.371496 -0.246474 
994 51.370803 0.000000 0.538958 101.126678 0.009015 -2.825922 -0.021690 
995 48.996522 0.000000 2.749343 100.215034 0.007014 -0.487093 -0.004275 
996 45.435101 0.000000 -0.566234 188.206121 -0.620794 23.698957 -0.719795 
997 45.435101 0.000000 -1.671426 88.645007 -0.022268 -24.476330 0.302244 
998 46.622241 0.000000 -0.566234 206.217121 -0.183569 -27.310863 -0.719795 
999 45.435101 0.000000 0.538958 169.232275 0.143778 -64.852276 -0.719795 
1000 43.654390 0.000000 -1.118830 148.141622 -0.038042 8.261407 -0.719795 
1001 43.654390 0.000000 -1.671426 100.507114 -0.043620 -11.177431 0.002328 
1002 44.247960 0.000000 -1.118830 162.949436 -0.166309 11.890758 -0.719795 
1003 43.654390 0.000000 -0.566234 147.865460 -0.037065 8.211672 -0.719795 
1004 45.435101 0.000000 1.644151 118.358846 0.010571 -17.754509 -0.322823 
1005 46.622241 0.000000 1.644151 102.116361 -0.018169 -6.852423 -0.037560 
1006 45.435101 0.000000 2.749343 104.042724 0.011791 -7.194603 -0.075185 
1007 44.841530 0.000000 -0.013638 164.357687 0.108909 -49.657316 -0.719795 
1008 44.247960 0.000000 -0.013638 143.455245 0.171177 -41.029341 -0.639994 
1009 44.841530 0.000000 -0.566234 172.423250 -0.360024 16.823156 -0.719795 
1010 45.435101 0.000000 -0.013638 176.337151 -0.052291 -38.531730 -0.719795 
1011 44.841530 0.000000 0.538958 167.538155 0.130139 -59.616572 -0.719795 
1012 -200.302961 0.000000 -209.447580 100.000000 0.000000 0.000000 0.000000 
1013 -276.279947 0.000000 -209.447580 100.000000 0.000000 0.000000 0.000000 
1014 -200.302961 0.000000 -280.179887 100.000000 0.000000 0.000000 0.000000 
1015 255.558951 0.000000 -209.447580 100.002294 0.000329 -0.001535 -0.000046 
1016 255.558951 0.000000 -280.179887 99.782977 -0.027734 -0.174216 0.004346 
1017 331.535936 0.000000 -209.447580 100.000633 0.000216 -0.002526 -0.000013 
1018 -200.302961 0.000000 214.946266 100.000000 0.000000 0.000000 0.000000 
1019 -276.279947 0.000000 214.946266 100.000000 0.000000 0.000000 0.000000 
1020 -200.302961 0.000000 285.678573 100.000000 0.000000 0.000000 0.000000 
1021 -86.337483 0.000000 -103.349118 100.000000 0.000000 0.000000 0.000000 
1022 -124.325976 0.000000 -103.349118 100.000000 0.000000 0.000000 0.000000 
1023 -86.337483 0.000000 -138.715272 100.000000 0.000000 0.000000 0.000000 
1024 103.604980 0.000000 214.946266 100.000000 0.000000 0.000000 0.000000 
1025 179.581965 0.000000 214.946266 100.004736 -0.002193 -0.003662 -0.000095 
1026 103.604980 0.000000 285.678573 100.000000 0.000000 0.000000 0.000000 
1027 141.593473 0.000000 -103.349118 100.008218 -0.002371 -0.006570 -0.000164 
1028 141.593473 0.000000 -138.715272 99.933008 0.013701 -0.059309 0.001340 
1029 179.581965 0.000000 -103.349118 100.003570 0.000669 -0.009206 -0.000071 
1030 -86.337483 0.000000 108.847804 100.000000 0.000000 0.000000 0.000000 
1031 -124.325976 0.000000 108.847804 100.000000 0.000000 0.000000 0.000000 
1032 -86.337483 0.000000 144.213958 100.000000 0.000000 0.000000 0.000000 
1033 -29.354744 0.000000 -50.299888 100.000000 0.000000 0.000000 0.000000 
1034 -48.348991 0.000000 -50.299888 100.000000 0.000000 0.000000 0.000000 
1035 -29.354744 0.000000 -67.982965 100.000000 0.000000 0.000000 0.000000 
1036 65.616487 0.000000 108.847804 100.000000 0.000000 0.000000 0.000000 
1037 103.604980 0.000000 108.847804 100.250192 0.208755 -0.201714 -0.004993 
1038 65.616487 0.000000 144.213958 100.000000 0.000000 0.000000 0.000000 
1039 84.610734 0.000000 -50.299888 98.519407 -2.944541 -1.171603 0.030731 
1040 84.610734 0.000000 -67.982965 99.104040 -0.074710 -0.770818 0.018015 
1041 103.604980 0.000000 -50.299888 100.018413 -0.000214 -0.036757 -0.000368 
1042 -29.354744 0.000000 55.798574 100.000000 0.000000 0.000000 0.000000 
1043 -48.348991 0.000000 55.798574 100.000000 0.000000 0.000000 0.000000 
1044 -29.354744 0.000000 73.481651 100.000000 0.000000 0.000000 0.000000 
1045 -19.857621 0.000000 -23.775272 100.000000 0.000000 0.000000 0.000000 
1046 -29.354744 0.000000 -23.775272 100.000000 0.000000 0.000000 0.000000 
1047 -19.857621 0.000000 -32.616811 100.000000 0.000000 0.000000 0.000000 
1048 46.622241 0.000000 55.798574 98.698972 1.552798 1.043525 0.026449 
1049 65.616487 0.000000 55.798574 100.312304 -0.366560 -0.288127 -0.006220 
1050 46.622241 0.000000 73.481651 100.000000 0.000000 0.000000 0.000000 
1051 -0.863375 0.000000 29.273958 100.000000 0.000000 0.000000 0.000000 
1052 -10.360498 0.000000 29.273958 100.000000 0.000000 0.000000 0.000000 
1053 -0.863375 0.000000 38.115497 100.000000 0.000000 0.000000 0.000000 
1054 56.119364 0.000000 -23.775272 99.805225 0.094219 -0.362399 0.003911 
1055 56.119364 0.000000 -32.616811 98.401057 -0.153040 -1.381113 0.032285 
1056 65.616487 0.000000 -23.775272 99.993161 -0.087173 -0.201635 0.000142 
1057 -19.857621 0.000000 29.273958 100.000000 0.000000 0.000000 0.000000 
1058 -29.354744 0.000000 29.273958 100.000000 0.000000 0.000000 0.000000 
1059 -19.857621 0.000000 38.115497 100.000000 0.000000 0.000000 0.000000 
1060 37.125118 0.000000 29.273958 99.877188 -0.034046 0.081314 0.002458 
1061 46.622241 0.000000 29.273958 101.135164 -0.101827 -0.963658 -0.022553 
1062 37.125118 0.000000 38.115497 99.972776 -0.052372 0.036887 0.000545 
1063 13.382310 0.000000 16.011651 99.736928 -0.070437 0.210035 0.005269 
1064 8.633748 0.000000 16.011651 100.000000 0.000000 0.000000 0.000000 
1065 13.382310 0.000000 20.432420 100.000000 0.000000 0.000000 0.000000 
1066 -3.237656 0.000000 4.959728 100.000000 0.000000 0.000000 0.000000 
1067 -5.611936 0.000000 4.959728 100.000000 0.000000 0.000000 0.000000 
1068 -3.237656 0.000000 7.170112 100.000000 0.000000 0.000000 0.000000 
1069 2.104476 0.000000 -1.118830 49.745664 0.314359 -9.367140 0.993470 
1070 2.104476 0.000000 -1.671426 49.771073 0.497304 -8.360595 0.990152 
1071 2.104476 0.000000 -0.566234 49.809399 0.259557 -9.651955 0.993312 
1072 3.291617 0.000000 -0.013638 60.858218 1.224563 17.081024 0.830452 
1073 2.698046 0.000000 -0.013638 53.144016 1.407789 17.220683 0.970752 
1074 3.885187 0.000000 -0.013638 80.584503 7.851681 -11.434659 0.421756 
1075 2.104476 0.000000 -0.013638 18.695959 0.652116 4.705452 1.352656 
1076 2.104476 0.000000 0.538958 17.934966 0.924006 5.456547 1.359306 
1077 4.478757 0.000000 -1.118830 53.798222 -0.189342 -4.206860 0.914237 
1078 4.478757 0.000000 -1.671426 49.564963 1.203748 -2.874350 0.983608 
1079 4.478757 0.000000 -0.566234 51.997878 1.210693 -3.399992 0.944020 
1080 5.665897 0.000000 -0.013638 81.404658 -0.257483 5.032387 0.383511 
1081 5.072327 0.000000 -0.013638 67.968699 -0.274487 17.252097 0.693539 
1082 6.259468 0.000000 -0.013638 88.579595 -0.223162 9.690268 0.243540 
1083 4.478757 0.000000 -0.013638 78.350713 1.017168 6.253559 0.448044 
1084 2.104476 0.000000 1.091555 122.145645 1.350133 -17.094720 -0.390571 
1085 1.510906 0.000000 1.091555 101.648938 0.005459 -1.352930 -0.032676 
1086 2.104476 0.000000 1.644151 101.154364 0.004884 -1.014727 -0.022926 
1087 15.756591 0.000000 9.380497 99.835472 -0.005722 0.194006 0.003296 
1088 13.382310 0.000000 9.380497 99.746246 0.020668 0.350520 0.005090 
1089 15.756591 0.000000 11.590882 100.593942 -0.032488 -0.410385 -0.011846 
1090 11.008029 0.000000 9.380497 100.536220 0.151074 -0.138092 -0.010707 
1091 8.633748 0.000000 9.380497 104.705230 -2.254830 -3.641700 -0.091314 
1092 11.008029 0.000000 11.590882 97.109139 0.186932 2.364029 0.058746 
1093 5.072327 0.000000 3.854535 101.953101 0.206817 -0.800257 -0.038820 
1094 3.885187 0.000000 3.854535 100.631952 0.002333 -0.533234 -0.012593 
1095 5.072327 0.000000 4.959728 107.905142 -0.279420 -5.848388 -0.151816 
1096 6.853038 0.000000 -0.013638 72.351313 -0.380611 13.701306 0.590048 
1097 7.446608 0.000000 -0.013638 92.615203 -0.060346 6.873188 0.154908 
1098 6.853038 0.000000 0.538958 93.620974 -0.243987 5.573730 0.132502 
1099 6.853038 0.000000 1.091555 85.313324 0.357957 14.406296 0.325138 
1100 7.446608 0.000000 1.091555 96.448876 0.050757 1.960054 0.071935 
1101 6.853038 0.000000 1.644151 85.151101 0.367018 14.884054 0.330246 
1102 16.943731 0.000000 1.644151 108.904802 -0.010072 -3.444554 -0.172865 
1103 15.756591 0.000000 1.644151 111.986447 -0.113076 -0.899546 -0.231628 
1104 18.130872 0.000000 1.644151 100.069709 0.030159 1.502815 -0.001168 
1105 14.569450 0.000000 1.644151 108.910875 0.005537 4.443152 -0.172293 
1106 16.943731 0.000000 -2.776618 100.669785 -0.026803 1.569946 -0.013131 
1107 16.943731 0.000000 -3.881811 99.976486 -0.009107 0.680779 0.000517 
1108 11.601599 0.000000 -2.224022 100.084616 -0.200006 2.889534 -0.000854 
1109 11.601599 0.000000 -2.776618 99.626752 -0.001990 1.461533 0.007686 
1110 12.195170 0.000000 -2.224022 100.084616 -0.200006 2.889534 -0.000854 
1111 10.414459 0.000000 3.301939 96.060759 0.284477 14.779032 0.102668 
1112 11.008029 0.000000 3.301939 98.929167 0.093545 1.914923 0.021839 
1113 10.414459 0.000000 3.854535 100.207189 -0.011167 0.508361 -0.004116 
1114 32.376556 0.000000 16.011651 100.087640 -0.018605 -0.192042 -0.001749 
1115 37.125118 0.000000 16.011651 101.519699 -2.163459 -1.123513 -0.029707 
1116 32.376556 0.000000 20.432420 100.635256 -0.017767 -0.525841 -0.012660 
1117 25.253714 0.000000 9.380497 98.679366 0.003047 0.453500 0.026508 
1118 27.627995 0.000000 9.380497 100.140268 -0.001193 -0.390866 -0.002789 
1119 25.253714 0.000000 11.590882 101.687909 -0.000974 -1.399429 -0.033437 
1120 19.318012 0.000000 1.644151 101.351860 0.024388 1.482283 -0.026739 
1121 19.318012 0.000000 6.064920 99.854707 -0.021224 -0.239582 0.002913 
1122 18.130872 0.000000 6.064920 100.176852 -0.046981 -0.711081 -0.003485 
1123 19.318012 0.000000 7.170112 98.913380 -0.028291 0.519230 0.021811 
1124 19.911582 0.000000 -0.013638 104.176488 0.009080 -0.058063 -0.082688 
1125 19.318012 0.000000 -0.013638 103.308344 0.031761 3.505570 -0.064478 
1126 19.911582 0.000000 0.538958 104.176488 0.009080 -0.058063 -0.082688 
1127 22.285863 0.000000 -0.013638 105.696161 0.004805 0.134681 -0.112307 
1128 22.879433 0.000000 -0.013638 105.284723 0.007165 -1.650724 -0.104064 
1129 22.285863 0.000000 0.538958 99.084662 0.002873 -10.985612 0.030623 
1130 19.911582 0.000000 -2.224022 108.765666 -0.019293 2.015240 -0.170902 
1131 19.318012 0.000000 -2.224022 98.829178 -0.021586 -0.422457 0.023493 
1132 19.911582 0.000000 -2.776618 99.352683 -0.013332 0.121508 0.012966 
1133 24.660144 0.000000 -1.118830 102.804594 0.032971 -4.077383 -0.054127 
1134 24.660144 0.000000 -1.671426 102.477298 0.038352 -3.976474 -0.047735 
1135 24.660144 0.000000 -0.566234 102.807628 0.033643 -4.038927 -0.054217 
1136 23.473003 0.000000 -0.013638 104.268943 0.004450 -1.845431 -0.084178 
1137 24.066573 0.000000 -0.013638 103.218289 0.006337 -2.056108 -0.063473 
1138 23.473003 0.000000 0.538958 102.676451 -0.003695 -0.328778 -0.053184 
1139 21.989078 0.000000 -0.842532 106.555277 -0.003892 1.372637 -0.128760 
1140 22.285863 0.000000 -0.842532 105.642933 0.005260 0.057106 -0.111276 
1141 21.989078 0.000000 -0.566234 106.510950 -0.004036 1.395553 -0.127899 
1142 20.950330 0.000000 -0.980681 104.586232 -0.014031 2.785820 -0.089976 
1143 20.801937 0.000000 -0.980681 105.510192 -0.015167 2.557482 -0.108096 
1144 20.950330 0.000000 -0.842532 105.227392 -0.014786 2.557565 -0.102596 
1145 30.002275 0.000000 9.380497 101.199149 -0.019514 -1.414896 -0.023721 
1146 32.376556 0.000000 9.380497 101.960241 -0.037250 -2.205236 -0.038555 
1147 30.002275 0.000000 11.590882 100.142198 -0.019969 -0.322880 -0.002833 
1148 24.066573 0.000000 6.064920 97.533983 0.003935 1.043526 0.049685 
1149 25.253714 0.000000 6.064920 99.614696 0.002569 -0.476349 0.007735 
1150 24.066573 0.000000 7.170112 97.356652 0.004196 1.067498 0.053274 
1151 21.098722 0.000000 4.407132 109.696318 0.040662 -8.100465 -0.183220 
1152 20.505152 0.000000 4.407132 97.668163 -0.000599 0.643657 0.046906 
1153 21.098722 0.000000 4.959728 118.491724 0.004735 -16.480490 -0.328474 
1154 23.473003 0.000000 -2.224022 93.221184 0.006390 -6.401401 0.141776 
1155 23.473003 0.000000 -2.776618 93.743855 0.007380 -4.515356 0.128814 
1156 24.066573 0.000000 -2.224022 94.808151 0.010258 -4.991109 0.107557 
1157 24.660144 0.000000 3.301939 108.898465 0.211910 -7.340650 -0.169069 
1158 24.660144 0.000000 2.749343 109.248591 0.217158 -7.429796 -0.175619 
1159 24.660144 0.000000 3.854535 100.841398 0.005119 -3.555113 -0.015547 
1160 23.473003 0.000000 4.407132 100.536639 0.008430 -2.668207 -0.010013 
1161 24.066573 0.000000 4.407132 98.111589 0.007911 0.040170 0.037918 
1162 23.473003 0.000000 4.959728 101.135240 0.008178 -3.147320 -0.021672 
1163 51.370803 0.000000 -10.512965 97.798917 0.012225 -2.275744 0.044758 
1164 51.370803 0.000000 -14.933734 99.817398 0.120792 -0.419715 0.003673 
1165 56.119364 0.000000 -10.512965 100.945586 -0.079682 0.004081 -0.018871 
1166 30.595846 0.000000 -1.118830 93.540331 0.019700 -2.784337 0.131596 
1167 30.595846 0.000000 -1.671426 93.222534 0.006511 -2.821992 0.138121 
1168 30.595846 0.000000 -0.566234 88.970542 0.002955 -1.919083 0.224962 
1169 30.595846 0.000000 2.196747 151.797633 -0.114324 -7.510983 -0.719795 
1170 30.595846 0.000000 1.644151 151.797633 -0.114324 -7.510983 -0.719795 
1171 30.595846 0.000000 2.749343 151.797633 -0.114324 -7.510983 -0.719795 
1172 34.157267 0.000000 -0.013638 95.637757 0.001805 0.009293 0.087996 
1173 33.563697 0.000000 -0.013638 124.662697 0.026778 -8.856066 -0.447101 
1174 34.750837 0.000000 -0.013638 95.561528 0.001621 0.009097 0.089546 
1175 32.970126 0.000000 -0.013638 98.104232 -0.017664 0.006287 0.038067 
1176 32.376556 0.000000 -0.013638 101.133937 -0.021308 0.059332 -0.022620 
1177 32.970126 0.000000 0.538958 98.101745 -0.017662 0.006154 0.038117 
1178 32.970126 0.000000 1.091555 101.839723 -0.051212 -5.246618 -0.033957 
1179 32.376556 0.000000 1.091555 98.031743 -0.017584 0.002409 0.039528 
1180 32.970126 0.000000 -2.224022 112.568602 -0.009602 -7.077182 -0.238343 
1181 32.376556 0.000000 -2.224022 102.967310 0.001006 -9.726353 -0.049845 
1182 32.970126 0.000000 -2.776618 110.993857 -0.016565 -5.351890 -0.210822 
1183 35.344407 0.000000 -0.013638 97.888446 0.007220 0.015077 0.042418 
1184 35.641192 0.000000 -0.842532 115.995254 0.056606 2.762782 -0.304042 
1185 35.344407 0.000000 -0.842532 113.663391 0.054768 2.578870 -0.261997 
1186 35.641192 0.000000 -0.566234 118.235276 0.056547 2.972142 -0.343512 
1187 40.686539 0.000000 3.854535 101.008007 0.188371 -2.065320 -0.019690 
1188 41.873679 0.000000 3.854535 100.228979 -0.112553 -1.246337 -0.004421 
1189 40.686539 0.000000 4.959728 98.756408 0.020946 -0.278708 0.024946 
1190 36.234763 0.000000 -1.395128 120.419602 0.064020 3.313449 -0.381032 
1191 36.234763 0.000000 -1.671426 121.414219 0.064313 3.366317 -0.397854 
1192 35.641192 0.000000 1.367853 107.945795 -0.060489 -7.615186 -0.150488 
1193 35.344407 0.000000 1.367853 108.892040 -0.067153 -7.777395 -0.168372 
1194 35.641192 0.000000 1.091555 106.443695 -0.056142 -7.430098 -0.121759 
1195 36.234763 0.000000 1.920449 105.931914 -0.036921 -7.256039 -0.112055 
1196 36.234763 0.000000 2.196747 98.869717 -0.187532 -4.122095 0.024392 
1197 37.718688 0.000000 -2.224022 100.029968 0.049901 -0.267121 -0.000592 
1198 37.718688 0.000000 -2.776618 98.767374 0.100177 -2.159620 0.025193 
1199 38.312258 0.000000 -2.224022 95.092891 -0.921514 -5.402271 0.102297 
1200 37.421903 0.000000 -1.395128 115.995036 0.109451 3.302531 -0.303786 
1201 37.421903 0.000000 -1.671426 115.063996 0.112483 3.217353 -0.287118 
1202 37.718688 0.000000 -1.395128 114.059540 0.124016 3.041992 -0.269009 
1203 37.421903 0.000000 1.920449 113.471970 -0.065192 -8.572556 -0.253096 
1204 37.718688 0.000000 1.920449 113.550750 -0.060262 -8.585641 -0.254527 
1205 37.421903 0.000000 2.196747 103.644209 0.243552 -3.959811 -0.070759 
1206 48.996522 0.000000 -3.881811 110.705536 0.010748 6.549766 -0.204211 
1207 48.996522 0.000000 -6.092195 94.060767 0.064535 -6.501433 0.124713 
1208 51.370803 0.000000 -3.881811 101.333343 0.019197 0.492767 -0.026562 
1209 41.280109 0.000000 -1.118830 120.147362 -0.192848 0.810178 -0.377118 
1210 41.280109 0.000000 -1.671426 120.793846 -0.195181 0.997853 -0.388092 
1211 41.280109 0.000000 -0.566234 119.959208 -0.192169 0.755556 -0.373908 
1212 41.280109 0.000000 -0.013638 125.612616 0.017163 -5.808584 -0.465291 
1213 40.686539 0.000000 -0.013638 117.803173 -0.123020 0.713833 -0.336571 
1214 41.873679 0.000000 -0.013638 118.283402 0.012906 -12.846390 -0.332760 
1215 40.092969 0.000000 -0.013638 110.390600 0.060453 -2.227778 -0.201519 
1216 40.092969 0.000000 2.196747 99.201739 -0.079997 -0.885174 0.016073 
1217 40.686539 0.000000 2.196747 106.114232 -0.551487 -6.464803 -0.116565 
1218 40.092969 0.000000 2.749343 100.552495 -0.120133 -1.816231 -0.010708 
1219 45.435101 0.000000 -2.776618 87.823640 0.017517 -11.317991 0.263245 
1220 45.435101 0.000000 -3.881811 95.719581 0.011997 -3.061016 0.087328 
1221 46.622241 0.000000 -2.776618 102.038979 0.006718 -2.468615 -0.039996 
1222 48.996522 0.000000 4.959728 113.330625 0.010468 -11.489939 -0.245731 
1223 51.370803 0.000000 4.959728 102.112725 -0.000526 -1.952197 -0.041679 
1224 48.996522 0.000000 7.170112 102.268315 -0.015645 -2.918386 -0.044304 
1225 43.060820 0.000000 3.854535 100.576060 -0.066865 -2.108345 -0.011065 
1226 44.247960 0.000000 3.854535 98.405721 -0.004242 -1.902163 0.032363 
1227 43.060820 0.000000 4.959728 100.851684 -0.184813 -1.629854 -0.016735 
1228 45.435101 0.000000 3.854535 104.048155 0.030917 -5.427308 -0.077398 
1229 46.622241 0.000000 3.854535 94.008231 -0.018222 3.088627 0.122228 
1230 45.435101 0.000000 4.959728 101.108157 -0.000719 -2.810245 -0.021330 
1231 43.654390 0.000000 -0.013638 161.208679 0.032854 30.058847 -0.719795 
1232 43.060820 0.000000 -0.013638 124.708345 -0.000531 1.252546 -0.452832 
1233 43.654390 0.000000 0.538958 131.509302 0.127343 -32.388122 -0.496479 
1234 42.467250 0.000000 -0.013638 108.994038 -0.020279 2.786277 -0.174916 
1235 44.841530 0.000000 -1.118830 164.036542 -0.319296 15.365246 -0.719795 
1236 44.841530 0.000000 -1.671426 98.379063 -0.007605 2.114596 0.032988 
1237 45.435101 0.000000 -1.118830 187.648997 -0.621245 23.801233 -0.719795 
1238 255.558951 0.000000 214.946266 99.998757 -0.000323 -0.001926 0.000025 
1239 331.535936 0.000000 214.946266 99.999543 -0.000233 -0.002429 0.000009 
1240 255.558951 0.000000 285.678573 100.059091 0.025260 -0.048256 -0.001181 
1241 141.593473 0.000000 108.847804 100.005737 -0.000039 -0.015663 -0.000115 
1242 179.581965 0.000000 108.847804 99.998291 -0.000260 -0.008702 0.000034 
1243 141.593473 0.000000 144.213958 100.200494 0.049744 -0.163443 -0.004005 
1244 84.610734 0.000000 55.798574 100.497313 -0.139976 -0.398750 -0.009918 
1245 103.604980 0.000000 55.798574 100.028401 0.027587 -0.051113 -0.000568 
1246 84.610734 0.000000 73.481651 100.162545 -0.049930 -0.152928 -0.003247 
1247 3.885187 0.000000 16.011651 100.000000 0.000000 0.000000 0.000000 
1248 -0.863375 0.000000 16.011651 100.000000 0.000000 0.000000 0.000000 
1249 3.885187 0.000000 20.432420 100.000000 0.000000 0.000000 0.000000 
1250 -5.611936 0.000000 16.011651 100.000000 0.000000 0.000000 0.000000 
1251 -10.360498 0.000000 16.011651 100.000000 0.000000 0.000000 0.000000 
1252 -5.611936 0.000000 20.432420 100.000000 0.000000 0.000000 0.000000 
1253 56.119364 0.000000 29.273958 100.797750 -0.208996 -0.777265 -0.015862 
1254 65.616487 0.000000 29.273958 99.759762 -0.077434 0.042287 0.004808 
1255 56.119364 0.000000 38.115497 98.782208 0.255249 0.794052 0.024490 
1256 6.259468 0.000000 9.380497 100.000000 0.000000 0.000000 0.000000 
1257 3.885187 0.000000 9.380497 100.000000 0.000000 0.000000 0.000000 
1258 6.259468 0.000000 11.590882 100.000000 0.000000 0.000000 0.000000 
1259 1.510906 0.000000 9.380497 100.000000 0.000000 0.000000 0.000000 
1260 -0.863375 0.000000 9.380497 100.000000 0.000000 0.000000 0.000000 
1261 1.510906 0.000000 11.590882 100.000000 0.000000 0.000000 0.000000 
1262 -3.237656 0.000000 9.380497 100.000000 0.000000 0.000000 0.000000 
1263 -5.611936 0.000000 9.380497 100.000000 0.000000 0.000000 0.000000 
1264 -3.237656 0.000000 11.590882 100.000000 0.000000 0.000000 0.000000 
1265 2.698046 0.000000 3.854535 100.000000 0.000000 0.000000 0.000000 
1266 1.510906 0.000000 3.854535 100.000000 0.000000 0.000000 0.000000 
1267 2.698046 0.000000 4.959728 100.000000 0.000000 0.000000 0.000000 
1268 0.917336 0.000000 1.091555 100.000000 0.000000 0.000000 0.000000 
1269 0.323766 0.000000 1.091555 100.000000 0.000000 0.000000 0.000000 
1270 0.917336 0.000000 1.644151 100.000000 0.000000 0.000000 0.000000 
1271 41.873679 0.000000 16.011651 99.550892 -0.021461 -0.107271 0.008992 
1272 46.622241 0.000000 16.011651 99.293891 0.016320 0.163113 0.014146 
1273 41.873679 0.000000 20.432420 102.702393 0.803239 -2.668059 -0.052960 
1274 16.943731 0.000000 6.064920 101.912154 0.003095 -1.759724 -0.037774 
1275 15.756591 0.000000 6.064920 101.559159 -0.029281 -1.137401 -0.030946 
1276 16.943731 0.000000 7.170112 100.604354 -0.007248 -0.457130 -0.012050 
1277 14.569450 0.000000 6.064920 101.110241 0.007163 -0.659404 -0.022106 
1278 13.382310 0.000000 6.064920 99.370633 0.049942 0.754640 0.012662 
1279 14.569450 0.000000 7.170112 99.987611 0.043664 0.151709 0.000250 
1280 24.660144 0.000000 -0.013638 101.933761 0.034890 -2.664939 -0.037813 
1281 25.253714 0.000000 -0.013638 127.169908 -0.004529 -0.376123 -0.491978 
1282 24.660144 0.000000 0.538958 101.539851 -0.000775 -0.235432 -0.030684 
1283 34.750837 0.000000 9.380497 106.088910 -0.087879 -4.041492 -0.118427 
1284 37.125118 0.000000 9.380497 99.199755 -0.003910 -0.328173 0.016043 
1285 34.750837 0.000000 11.590882 114.238810 -0.004127 -12.201698 -0.261106 
1286 26.440854 0.000000 6.064920 101.499786 0.002198 -1.899022 -0.029540 
1287 27.627995 0.000000 6.064920 99.015106 0.001077 -0.100521 0.019741 
1288 26.440854 0.000000 7.170112 100.193703 0.003270 -0.683124 -0.003826 
1289 24.660144 0.000000 -2.224022 96.279091 0.006213 -9.420720 0.084352 
1290 24.660144 0.000000 -2.776618 97.222819 0.005906 -5.271195 0.058753 
1291 25.253714 0.000000 -2.224022 97.147714 0.006255 -3.903309 0.058967 
1292 24.660144 0.000000 4.407132 98.558504 0.005451 -0.902799 0.029001 
1293 25.253714 0.000000 4.407132 100.586419 0.003164 -2.001280 -0.011316 
1294 24.660144 0.000000 4.959728 100.255791 0.004831 -1.639998 -0.004845 
1295 25.847284 0.000000 -0.013638 127.169908 -0.004529 -0.376123 -0.491978 
1296 26.440854 0.000000 -0.013638 115.087429 -0.002576 -0.120483 -0.288350 
1297 25.847284 0.000000 0.538958 127.169908 -0.004529 -0.376123 -0.491978 
1298 25.847284 0.000000 -2.224022 132.350895 0.000479 -2.214069 -0.569411 
1299 25.847284 0.000000 -2.776618 131.406421 0.002041 -10.874690 -0.549375 
1300 26.440854 0.000000 -2.224022 21.161524 -0.000364 -11.088597 1.353048 
1301 28.815135 0.000000 6.064920 100.575634 0.001128 -1.499350 -0.011275 
1302 30.002275 0.000000 6.064920 99.503115 -0.019531 -0.808117 0.010014 
1303 28.815135 0.000000 7.170112 104.186582 0.001686 -3.859211 -0.081486 
1304 25.847284 0.000000 4.407132 102.967619 0.002756 -4.212019 -0.057239 
1305 26.440854 0.000000 4.407132 98.685003 0.002779 -0.566047 0.026406 
1306 25.847284 0.000000 4.959728 99.787689 0.002690 -0.928577 0.004335 
1307 31.782986 0.000000 -0.013638 97.930401 -0.017471 -0.003013 0.041571 
1308 31.189416 0.000000 -0.013638 117.758954 -0.017561 -6.899529 -0.332285 
1309 31.782986 0.000000 0.538958 97.921511 -0.017461 -0.003488 0.041751 
1310 30.595846 0.000000 -0.013638 85.549006 -0.001934 -0.777763 0.295102 
1311 30.002275 0.000000 -0.013638 85.618566 -0.001866 -0.793859 0.293671 
1312 30.595846 0.000000 0.538958 85.549781 -0.001933 -0.778108 0.295086 
1313 30.595846 0.000000 1.091555 84.615328 -0.000693 -0.992918 0.314386 
1314 30.002275 0.000000 1.091555 85.631136 -0.001863 -0.794861 0.293412 
1315 31.189416 0.000000 1.091555 101.127647 -0.015774 -23.950549 0.035118 
1316 31.782986 0.000000 1.091555 97.940196 -0.017482 -0.002489 0.041374 
1317 31.782986 0.000000 -2.224022 88.070641 0.008733 -14.417733 0.267548 
1318 31.189416 0.000000 -2.224022 87.366888 -0.016726 -11.885280 0.274304 
1319 31.782986 0.000000 -2.776618 84.673853 0.020871 -14.440239 0.338601 
1320 30.595846 0.000000 -2.224022 84.197139 -0.014302 -10.661307 0.336832 
1321 30.002275 0.000000 -2.224022 103.682583 -0.015603 -7.633999 -0.067474 
1322 30.595846 0.000000 -2.776618 89.568493 -0.014737 -5.015049 0.215121 
1323 51.370803 0.000000 16.011651 99.043871 0.095978 0.516550 0.019190 
1324 56.119364 0.000000 16.011651 101.691278 -0.634265 -1.673406 -0.033382 
1325 51.370803 0.000000 20.432420 100.028138 -0.023050 -0.180735 -0.000559 
1326 39.499399 0.000000 9.380497 100.826321 -0.048741 -1.032193 -0.016390 
1327 41.873679 0.000000 9.380497 98.257018 -0.161511 0.840006 0.035063 
1328 39.499399 0.000000 11.590882 100.827303 -0.053923 -1.812329 -0.016190 
1329 38.905828 0.000000 -2.224022 92.760806 0.258606 -5.011728 0.149476 
1330 38.905828 0.000000 -2.776618 92.821458 0.293002 -4.992275 0.148213 
1331 39.499399 0.000000 -2.224022 100.917434 0.179009 -1.984538 -0.017919 
1332 41.280109 0.000000 2.196747 100.508628 -0.023860 -1.691527 -0.009877 
1333 41.873679 0.000000 2.196747 99.809465 -0.088994 -2.083570 0.004248 
1334 41.280109 0.000000 2.749343 102.495446 -0.423389 -2.863371 -0.048811 
1335 40.092969 0.000000 -2.224022 94.106935 0.010137 -2.768485 0.120008 
1336 40.092969 0.000000 -2.776618 93.953717 -0.003188 -2.893924 0.123215 
1337 40.686539 0.000000 -2.224022 100.625066 0.098974 -3.045607 -0.011563 
1338 43.654390 0.000000 1.091555 131.910301 0.140581 -33.472824 -0.498558 
1339 44.247960 0.000000 1.091555 137.571797 0.206228 -40.572079 -0.556664 
1340 43.654390 0.000000 1.644151 104.301741 0.002601 -9.225036 -0.077133 
1341 42.467250 0.000000 2.196747 101.429081 -0.113318 -2.642301 -0.027804 
1342 43.060820 0.000000 2.196747 96.597228 -0.050419 -3.562800 0.069856 
1343 42.467250 0.000000 2.749343 100.825594 -0.018415 -2.680747 -0.015771 
1344 44.841530 0.000000 1.091555 169.232275 0.143778 -64.852276 -0.719795 
1345 45.435101 0.000000 1.091555 103.228146 -0.010343 -4.989549 -0.061694 
1346 44.841530 0.000000 1.644151 96.649491 0.020458 -0.140814 0.067467 
1347 0.323766 0.000000 3.854535 100.000000 0.000000 0.000000 0.000000 
1348 -0.863375 0.000000 3.854535 100.000000 0.000000 0.000000 0.000000 
1349 0.323766 0.000000 4.959728 100.000000 0.000000 0.000000 0.000000 
1350 12.195170 0.000000 6.064920 100.236394 0.000125 0.037127 -0.004725 
1351 11.008029 0.000000 6.064920 100.502097 0.014562 -0.061050 -0.010030 
1352 12.195170 0.000000 7.170112 100.755951 0.011120 -0.411228 -0.015077 
1353 9.820889 0.000000 6.064920 98.305150 -0.028458 1.857706 0.034372 
1354 8.633748 0.000000 6.064920 101.903134 0.070922 -0.917075 -0.037814 
1355 9.820889 0.000000 7.170112 99.366034 0.105872 0.924305 0.012784 
1356 31.189416 0.000000 6.064920 68.931634 1.337683 19.894466 0.688876 
1357 32.376556 0.000000 6.064920 102.244733 -0.113483 -0.608524 -0.044624 
1358 31.189416 0.000000 7.170112 134.394485 -0.018284 -28.309814 -0.555584 
1359 29.408705 0.000000 -0.013638 85.773647 -0.001765 -0.819169 0.290480 
1360 28.815135 0.000000 -0.013638 94.106239 0.000286 -1.513733 0.119440 
1361 29.408705 0.000000 0.538958 85.782202 -0.001760 -0.820590 0.290304 
1362 29.408705 0.000000 1.091555 85.777541 -0.001769 -0.818551 0.290400 
1363 28.815135 0.000000 1.091555 94.106239 0.000286 -1.513733 0.119440 
1364 29.408705 0.000000 -2.224022 78.082426 0.003534 -11.048928 0.464279 
1365 28.815135 0.000000 -2.224022 67.915515 0.001507 -8.702776 0.662387 
1366 29.408705 0.000000 -2.776618 80.485302 0.002724 -14.144348 0.424803 
1367 44.247960 0.000000 9.380497 99.808522 -0.056943 -0.449244 0.003852 
1368 46.622241 0.000000 9.380497 99.877599 -0.296821 -0.415267 0.002475 
1369 44.247960 0.000000 11.590882 99.818466 0.262623 -0.307159 0.003649 
1370 33.563697 0.000000 6.064920 94.786361 -0.062465 1.323168 0.105510 
1371 34.750837 0.000000 6.064920 104.199907 -0.049669 -5.003962 -0.080792 
1372 33.563697 0.000000 7.170112 119.960592 -0.080967 -14.509162 -0.358829 
1373 41.280109 0.000000 -2.224022 96.592296 -0.093175 -4.009368 0.070312 
1374 41.280109 0.000000 -2.776618 97.196531 0.111084 -2.701892 0.057153 
1375 41.873679 0.000000 -2.224022 101.778822 -0.024913 -1.563990 -0.035193 
1376 48.996522 0.000000 9.380497 101.855959 -0.000872 -2.221190 -0.036481 
1377 51.370803 0.000000 9.380497 100.337608 0.012353 -1.066504 -0.006634 
1378 48.996522 0.000000 11.590882 100.949441 -0.029247 -1.183328 -0.018810 
1379 43.654390 0.000000 2.196747 96.282320 0.003474 -1.497225 0.075145 
1380 44.247960 0.000000 2.196747 101.296046 0.007064 -5.593880 -0.022771 
1381 43.654390 0.000000 2.749343 101.328421 0.000272 -5.551883 -0.023462 
1382 42.467250 0.000000 -2.224022 98.141236 0.080258 -6.978438 0.042330 
1383 42.467250 0.000000 -2.776618 99.704957 -0.105756 -4.358082 0.007814 
1384 43.060820 0.000000 -2.224022 100.514316 0.006741 -1.163404 -0.010140 
1385 44.841530 0.000000 2.196747 130.407375 0.016046 -25.460930 -0.503275 
1386 45.435101 0.000000 2.196747 108.237047 0.018795 -7.256708 -0.156545 
1387 44.841530 0.000000 2.749343 99.339493 -0.017630 -2.402766 0.013812 
1 11 62 60 61 
2 62 10 24 60 
3 60 24 14 63 
4 61 60 63 6 
5 24 66 64 65 
6 66 23 40 64 
7 64 40 27 67 
8 65 64 67 14 
9 40 70 68 69 
10 69 68 71 27 
11 6 63 92 93 
12 63 14 36 92 
13 92 36 19 94 
14 93 92 94 20 
15 14 67 95 96 
16 67 27 52 95 
17 95 52 35 97 
18 96 95 97 36 
19 27 71 98 99 
20 99 98 100 52 
21 68 112 110 111 
22 112 56 80 110 
23 110 80 43 113 
24 111 110 113 71 
25 80 116 114 115 
26 115 114 117 43 
27 71 113 133 134 
28 113 43 102 133 
29 133 102 76 135 
30 134 133 135 98 
31 43 117 136 137 
32 137 136 138 102 
33 114 141 139 140 
34 141 106 129 139 
35 139 129 83 142 
36 140 139 142 117 
37 12 145 143 144 
38 145 7 146 143 
39 143 146 13 25 
40 144 143 25 10 
41 25 149 147 148 
42 149 13 150 147 
43 147 150 26 41 
44 148 147 41 23 
45 41 153 151 152 
46 153 26 154 151 
47 151 154 42 57 
48 152 151 57 39 
49 39 157 155 156 
50 157 57 158 155 
51 155 158 55 81 
52 156 155 81 56 
53 81 161 159 160 
54 161 55 162 159 
55 159 162 82 107 
56 160 159 107 79 
57 79 165 163 164 
58 165 107 166 163 
59 106 169 167 168 
60 168 167 171 129 
61 56 174 172 173 
62 174 81 160 172 
63 172 160 79 116 
64 173 172 116 80 
65 116 177 175 176 
66 177 79 164 175 
67 175 164 106 141 
68 176 175 141 114 
69 164 180 178 179 
70 180 163 181 178 
71 178 181 130 169 
72 179 178 169 106 
73 169 196 194 195 
74 196 130 197 194 
75 194 197 170 198 
76 195 194 198 167 
77 199 201 124 202 
78 200 199 202 125 
79 129 171 203 204 
80 203 205 132 206 
81 204 203 206 83 
82 167 198 207 208 
83 198 170 209 207 
84 207 209 128 210 
85 208 207 210 171 
86 107 212 211 166 
87 212 82 213 211 
88 163 215 214 181 
89 215 166 216 214 
90 214 216 105 191 
91 181 214 191 130 
92 191 223 221 222 
93 223 105 224 221 
94 221 224 192 225 
95 222 221 225 190 
96 226 227 109 228 
97 205 226 228 132 
98 232 233 126 234 
99 201 232 234 124 
100 235 236 189 237 
101 227 235 237 109 
102 193 240 238 239 
103 240 131 241 238 
104 238 241 227 242 
105 239 238 242 226 
106 166 244 243 216 
107 244 211 245 243 
108 243 245 187 218 
109 216 243 218 105 
110 251 108 252 250 
111 250 252 188 253 
112 218 256 254 255 
113 256 187 257 254 
114 254 257 219 258 
115 255 254 258 217 
116 131 260 259 241 
117 260 220 261 259 
118 259 261 235 262 
119 241 259 262 227 
120 253 188 264 263 
121 263 264 59 265 
122 236 263 265 189 
123 220 267 266 261 
124 267 186 268 266 
125 266 268 236 269 
126 261 266 269 235 
127 57 271 270 158 
128 271 42 272 270 
129 270 272 58 89 
130 158 270 89 55 
131 55 274 273 162 
132 274 89 275 273 
133 273 275 88 183 
134 162 273 183 82 
135 82 277 276 213 
136 277 183 278 276 
137 211 280 279 245 
138 280 213 281 279 
139 279 281 108 251 
140 245 279 251 187 
141 187 283 282 257 
142 283 251 284 282 
143 282 284 250 285 
144 257 282 285 219 
145 108 287 286 252 
146 286 288 246 289 
147 252 286 289 188 
148 213 291 290 281 
149 291 276 292 290 
150 281 290 287 108 
151 306 182 307 305 
152 305 307 248 308 
153 288 305 308 246 
154 287 311 309 310 
155 309 312 288 313 
156 310 309 313 286 
157 183 315 314 278 
158 315 88 316 314 
159 276 318 317 292 
160 318 278 319 317 
161 317 319 182 306 
162 290 322 320 321 
163 322 292 323 320 
164 320 323 247 311 
165 321 320 311 287 
166 247 325 324 312 
167 325 306 326 324 
168 324 326 305 327 
169 312 324 327 288 
170 311 330 328 329 
171 330 247 331 328 
172 328 331 312 332 
173 329 328 332 309 
174 188 289 336 264 
175 289 246 337 336 
176 339 341 333 342 
177 340 339 342 233 
178 264 345 343 344 
179 345 336 346 343 
180 344 343 347 59 
181 246 308 348 337 
182 308 248 349 348 
183 348 349 185 350 
184 337 348 350 249 
185 336 352 351 346 
186 352 337 353 351 
187 351 353 249 354 
188 346 351 354 338 
189 189 265 355 356 
190 265 59 340 355 
191 355 340 233 357 
192 356 355 357 232 
193 59 347 358 359 
194 347 338 360 358 
195 358 360 339 361 
196 359 358 361 340 
197 343 364 362 363 
198 364 346 365 362 
199 362 365 338 366 
200 363 362 366 347 
201 249 350 376 341 
202 350 185 377 376 
203 376 377 334 378 
204 341 376 378 333 
205 182 380 379 307 
206 379 381 301 382 
207 307 379 382 248 
208 278 384 383 319 
209 384 314 385 383 
210 383 385 302 380 
211 319 383 380 182 
212 302 391 390 381 
213 391 184 392 390 
214 390 392 303 393 
215 381 390 393 301 
216 380 396 394 395 
217 396 302 397 394 
218 394 397 381 398 
219 395 394 398 379 
220 185 400 399 377 
221 400 304 401 399 
222 399 401 373 402 
223 377 399 402 334 
224 304 407 406 401 
225 407 91 408 406 
226 406 408 374 409 
227 401 406 409 373 
228 89 411 410 275 
229 411 58 412 410 
230 410 412 90 298 
231 275 410 298 88 
232 88 414 413 316 
233 414 298 415 413 
234 184 417 416 392 
235 392 416 419 303 
236 91 421 420 408 
237 421 389 422 420 
238 420 422 403 423 
239 408 420 423 374 
240 298 437 436 415 
241 437 90 438 436 
242 413 441 439 440 
243 441 415 442 439 
244 316 450 448 449 
245 450 413 440 448 
246 449 448 417 184 
247 440 453 451 452 
248 453 439 454 451 
249 451 454 433 445 
250 452 451 445 387 
251 460 297 461 459 
252 459 461 434 462 
253 445 465 463 464 
254 465 433 466 463 
255 463 466 446 467 
256 417 470 468 469 
257 470 387 444 468 
258 468 444 418 471 
259 469 468 471 416 
260 387 474 472 473 
261 474 445 464 472 
262 473 472 475 444 
263 386 435 476 477 
264 435 388 478 476 
265 476 478 300 479 
266 477 476 479 389 
267 418 447 480 481 
268 447 432 482 480 
269 480 482 435 483 
270 481 480 483 386 
271 467 446 486 484 
272 484 486 432 487 
273 485 484 487 447 
274 464 490 488 489 
275 490 463 491 488 
276 488 491 467 492 
277 444 475 493 494 
278 493 485 447 495 
279 494 493 495 418 
280 472 498 496 497 
281 498 464 489 496 
282 496 489 443 499 
283 497 496 499 475 
284 443 492 500 501 
285 492 467 502 500 
286 500 502 484 503 
287 501 500 503 485 
288 489 506 504 505 
289 506 488 507 504 
290 504 507 492 508 
291 505 504 508 443 
292 415 519 518 442 
293 519 436 520 518 
294 439 522 521 454 
295 522 442 523 521 
296 521 523 297 460 
297 454 521 460 433 
298 433 525 524 466 
299 525 460 526 524 
300 524 526 459 527 
301 466 524 527 446 
302 479 534 532 533 
303 534 300 535 532 
304 532 535 516 536 
305 389 539 537 538 
306 539 479 533 537 
307 537 533 515 540 
308 538 537 540 422 
309 19 38 541 542 
310 38 21 543 541 
311 541 543 9 544 
312 542 541 544 22 
313 35 54 545 546 
314 54 37 547 545 
315 545 547 21 548 
316 546 545 548 38 
317 51 78 549 550 
318 78 53 551 549 
319 549 551 37 552 
320 550 549 552 54 
321 75 123 553 554 
322 123 77 555 553 
323 553 555 53 556 
324 554 553 556 78 
325 121 372 557 558 
326 372 122 559 557 
327 557 559 77 560 
328 558 557 560 123 
329 230 405 561 562 
330 405 370 563 561 
331 561 563 372 564 
332 562 561 564 121 
333 403 517 565 566 
334 517 404 567 565 
335 565 567 370 568 
336 566 565 568 405 
337 515 536 569 570 
338 536 516 571 569 
339 569 571 404 572 
340 570 569 572 517 
341 533 575 573 574 
342 575 532 576 573 
343 573 576 536 577 
344 574 573 577 515 
345 297 579 578 461 
346 579 456 580 578 
347 578 580 455 581 
348 461 578 581 434 
349 388 458 582 478 
350 458 428 583 582 
351 582 583 431 529 
352 478 582 529 300 
353 300 585 584 535 
354 585 529 586 584 
355 584 586 528 587 
356 535 584 587 516 
357 593 299 594 592 
358 592 594 430 595 
359 7 597 596 146 
360 597 16 598 596 
361 596 598 15 32 
362 146 596 32 13 
363 13 600 599 150 
364 600 32 601 599 
365 599 601 31 48 
366 150 599 48 26 
367 26 603 602 154 
368 603 48 604 602 
369 602 604 47 85 
370 154 602 85 42 
371 42 606 605 272 
372 606 85 607 605 
373 605 607 84 294 
374 272 605 294 58 
375 58 609 608 412 
376 609 294 610 608 
377 608 610 293 425 
378 412 608 425 90 
379 90 612 611 438 
380 612 425 613 611 
381 436 615 614 520 
382 615 438 616 614 
383 614 616 299 593 
384 429 619 617 618 
385 619 593 620 617 
386 617 620 592 621 
387 618 617 621 457 
388 626 5 627 625 
389 625 627 513 628 
390 428 595 629 583 
391 595 430 630 629 
392 629 630 5 626 
393 583 629 626 431 
394 431 633 631 632 
395 633 626 634 631 
396 631 634 625 635 
397 632 631 635 530 
398 299 637 636 594 
399 594 636 639 430 
400 430 639 640 630 
401 630 640 642 5 
402 438 644 643 616 
403 644 611 645 643 
404 616 643 637 299 
405 15 647 646 33 
406 647 17 648 646 
407 646 648 8 649 
408 33 646 649 18 
409 31 651 650 49 
410 651 33 652 650 
411 650 652 18 653 
412 49 650 653 34 
413 47 655 654 86 
414 655 49 656 654 
415 654 656 34 657 
416 86 654 657 50 
417 659 86 660 658 
418 658 660 50 661 
419 637 676 674 675 
420 676 589 677 674 
421 674 677 638 678 
422 675 674 678 636 
423 5 642 682 627 
424 642 591 683 682 
425 682 683 622 684 
426 627 682 684 513 
427 640 687 685 686 
428 687 641 688 685 
429 685 688 591 689 
430 686 685 689 642 
431 425 691 690 613 
432 691 293 692 690 
433 611 694 693 645 
434 694 613 695 693 
435 671 702 700 701 
436 702 424 703 700 
437 700 703 672 704 
438 701 700 704 670 
439 18 649 705 45 
440 649 8 706 705 
441 705 706 29 707 
442 45 705 707 28 
443 34 653 708 73 
444 653 18 709 708 
445 708 709 45 710 
446 73 708 710 44 
447 50 657 711 119 
448 657 34 712 711 
449 711 712 73 713 
450 119 711 713 72 
451 661 50 715 714 
452 714 715 119 716 
453 720 721 510 722 
454 591 681 726 683 
455 681 427 727 726 
456 726 727 623 728 
457 683 726 728 622 
458 679 731 729 730 
459 731 680 732 729 
460 729 732 427 733 
461 730 729 733 681 
462 613 735 734 695 
463 735 690 736 734 
464 424 738 737 703 
465 738 697 739 737 
466 737 739 696 740 
467 703 737 740 672 
468 427 725 741 727 
469 725 669 742 741 
470 741 742 720 743 
471 727 741 743 623 
472 680 745 744 732 
473 745 723 746 744 
474 744 746 725 747 
475 732 744 747 427 
476 757 667 758 756 
477 756 758 698 759 
478 739 756 759 696 
479 294 761 760 610 
480 761 84 762 760 
481 760 762 295 663 
482 610 760 663 293 
483 293 764 763 692 
484 764 663 765 763 
485 690 767 766 736 
486 767 692 768 766 
487 734 771 769 770 
488 771 736 772 769 
489 769 772 667 757 
490 770 769 757 697 
491 697 775 773 774 
492 775 757 776 773 
493 773 776 756 777 
494 774 773 777 739 
495 782 724 783 781 
496 781 783 669 784 
497 746 781 784 725 
498 699 787 785 786 
499 787 666 788 785 
500 785 788 724 782 
501 786 785 782 723 
502 723 791 789 790 
503 791 782 792 789 
504 789 792 781 793 
505 790 789 793 746 
506 667 795 794 758 
507 758 794 797 698 
508 798 799 717 800 
509 721 798 800 510 
510 669 780 801 742 
511 780 296 802 801 
512 801 802 721 803 
513 742 801 803 720 
514 724 805 804 783 
515 804 806 780 807 
516 783 804 807 669 
517 736 809 808 772 
518 809 766 810 808 
519 808 810 753 795 
520 772 808 795 667 
521 795 821 819 820 
522 821 753 822 819 
523 819 822 796 823 
524 820 819 823 794 
525 666 825 824 788 
526 825 755 826 824 
527 788 824 805 724 
528 830 832 296 833 
529 806 830 833 780 
530 805 836 834 835 
531 836 778 837 834 
532 834 837 806 838 
533 835 834 838 804 
534 692 840 839 768 
535 840 763 841 839 
536 843 812 844 842 
537 842 844 811 845 
538 752 818 846 847 
539 818 754 848 846 
540 846 848 668 849 
541 847 846 849 755 
542 852 817 853 850 
543 850 853 754 854 
544 851 850 854 818 
545 796 857 855 856 
546 857 815 851 855 
547 855 851 818 858 
548 856 855 858 752 
549 766 860 859 810 
550 860 768 861 859 
551 859 861 426 816 
552 810 859 816 753 
553 816 864 862 863 
554 864 426 865 862 
555 862 865 817 852 
556 863 862 852 815 
557 815 868 866 867 
558 868 852 869 866 
559 866 869 850 870 
560 867 866 870 851 
561 755 849 871 826 
562 849 668 872 871 
563 668 874 873 872 
564 874 814 875 873 
565 873 875 827 876 
566 871 879 877 878 
567 879 872 880 877 
568 877 880 779 881 
569 826 884 882 883 
570 884 871 878 882 
571 882 878 831 885 
572 883 882 885 778 
573 296 829 886 802 
574 829 751 887 886 
575 886 887 798 888 
576 802 886 888 721 
577 876 827 890 889 
578 889 890 829 891 
579 832 889 891 296 
580 831 881 892 893 
581 881 779 894 892 
582 892 894 832 895 
583 893 892 895 830 
584 878 898 896 897 
585 898 877 899 896 
586 896 899 881 900 
587 897 896 900 831 
588 754 845 901 848 
589 845 811 902 901 
590 901 902 814 874 
591 848 901 874 668 
592 817 904 903 853 
593 904 842 905 903 
594 903 905 845 906 
595 853 903 906 754 
596 872 908 907 880 
597 908 873 909 907 
598 907 909 876 910 
599 880 907 910 779 
600 912 658 913 911 
601 911 913 661 914 
602 812 924 923 844 
603 924 749 925 923 
604 844 923 926 811 
605 814 931 930 875 
606 931 748 932 930 
607 875 930 933 827 
608 663 935 934 765 
609 935 295 936 934 
610 763 938 937 841 
611 938 765 939 937 
612 749 941 940 925 
613 941 920 942 940 
614 940 942 919 943 
615 925 940 943 813 
616 811 926 944 902 
617 926 813 945 944 
618 944 945 748 931 
619 902 944 931 814 
620 923 948 946 947 
621 948 925 949 946 
622 946 949 813 950 
623 947 946 950 926 
624 748 952 951 932 
625 952 922 953 951 
626 951 953 927 954 
627 932 951 954 828 
628 827 933 955 890 
629 933 828 956 955 
630 955 956 751 957 
631 890 955 957 829 
632 930 960 958 959 
633 960 932 961 958 
634 958 961 828 962 
635 959 958 962 933 
636 914 661 964 963 
637 963 964 714 965 
638 966 967 718 968 
639 799 966 968 717 
640 922 974 973 953 
641 974 750 975 973 
642 973 975 928 976 
643 953 973 976 927 
644 765 981 980 939 
645 981 934 982 980 
646 980 982 916 978 
647 662 985 983 984 
648 985 978 986 983 
649 983 986 977 987 
650 984 983 987 921 
651 750 989 988 975 
652 989 970 990 988 
653 988 990 969 991 
654 975 988 991 928 
655 664 993 992 917 
656 993 911 994 992 
657 992 994 914 995 
658 917 992 995 87 
659 997 664 998 996 
660 996 998 917 999 
661 978 1001 1000 986 
662 1001 916 1002 1000 
663 1000 1002 979 1003 
664 986 1000 1003 977 
665 999 917 1005 1004 
666 1004 1005 87 1006 
667 979 1009 1007 1008 
668 1009 996 1010 1007 
669 1007 1010 999 1011 
670 1008 1007 1011 915 
671 1 1014 1012 1013 
672 1014 12 144 1012 
673 1012 144 10 62 
674 1013 1012 62 11 
675 16 1016 1015 598 
676 1016 2 1017 1015 
677 1015 1017 17 647 
678 598 1015 647 15 
679 20 94 1018 1019 
680 94 19 542 1018 
681 1018 542 22 1020 
682 1019 1018 1020 4 
683 10 1023 1021 1022 
684 1023 25 148 1021 
685 1021 148 23 66 
686 1022 1021 66 24 
687 21 46 1024 543 
688 46 28 1025 1024 
689 1024 1025 30 1026 
690 543 1024 1026 9 
691 32 1028 1027 601 
692 1028 15 1029 1027 
693 1027 1029 33 651 
694 601 1027 651 31 
695 36 97 1030 1031 
696 97 35 546 1030 
697 1030 546 38 1032 
698 1031 1030 1032 19 
699 23 1035 1033 1034 
700 1035 41 152 1033 
701 1033 152 39 70 
702 1034 1033 70 40 
703 37 74 1036 547 
704 74 44 1037 1036 
705 1036 1037 46 1038 
706 547 1036 1038 21 
707 48 1040 1039 604 
708 1040 31 1041 1039 
709 1039 1041 49 655 
710 604 1039 655 47 
711 52 100 1042 1043 
712 100 51 550 1042 
713 1042 550 54 1044 
714 1043 1042 1044 35 
715 70 1047 1045 1046 
716 1047 39 156 1045 
717 1045 156 56 112 
718 1046 1045 112 68 
719 53 120 1048 551 
720 120 72 1049 1048 
721 1048 1049 74 1050 
722 551 1048 1050 37 
723 76 104 1051 1052 
724 104 75 554 1051 
725 1051 554 78 1053 
726 1052 1051 1053 51 
727 85 1055 1054 607 
728 1055 47 1056 1054 
729 1054 1056 86 659 
730 607 1054 659 84 
731 98 135 1057 1058 
732 135 76 1052 1057 
733 1057 1052 51 1059 
734 1058 1057 1059 100 
735 77 369 1060 555 
736 369 118 1061 1060 
737 1060 1061 120 1062 
738 555 1060 1062 53 
739 103 231 1063 1064 
740 231 121 558 1063 
741 1063 558 123 1065 
742 1064 1063 1065 75 
743 117 142 1066 1067 
744 142 83 200 1066 
745 1066 200 125 1068 
746 1067 1066 1068 136 
747 130 1070 1069 197 
748 1070 191 222 1069 
749 1069 222 190 1071 
750 197 1069 1071 170 
751 190 225 1072 1073 
752 225 192 1074 1072 
753 1072 1074 131 240 
754 1073 1072 240 193 
755 170 1071 1075 209 
756 1071 190 1073 1075 
757 1075 1073 193 1076 
758 209 1075 1076 128 
759 105 1078 1077 224 
760 1078 218 255 1077 
761 1077 255 217 1079 
762 224 1077 1079 192 
763 217 258 1080 1081 
764 258 219 1082 1080 
765 1080 1082 186 267 
766 1081 1080 267 220 
767 192 1079 1083 1074 
768 1079 217 1081 1083 
769 1083 1081 220 260 
770 1074 1083 260 131 
771 128 1076 1084 1085 
772 1076 193 239 1084 
773 1084 239 226 1086 
774 1085 1084 1086 205 
775 229 375 1087 1088 
776 375 230 562 1087 
777 1087 562 121 1089 
778 1088 1087 1089 231 
779 126 335 1090 1091 
780 335 229 1088 1090 
781 1090 1088 231 1092 
782 1091 1090 1092 103 
783 109 237 1093 1094 
784 237 189 356 1093 
785 1093 356 232 1095 
786 1094 1093 1095 201 
787 219 285 1096 1082 
788 285 250 1097 1096 
789 1096 1097 253 1098 
790 1082 1096 1098 186 
791 186 1098 1099 268 
792 1098 253 1100 1099 
793 1099 1100 263 1101 
794 268 1099 1101 236 
795 301 393 1102 1103 
796 393 303 1104 1102 
797 1102 1104 91 407 
798 1103 1102 407 304 
799 248 382 1105 349 
800 382 301 1103 1105 
801 1105 1103 304 400 
802 349 1105 400 185 
803 314 1107 1106 385 
804 1107 316 449 1106 
805 1106 449 184 391 
806 385 1106 391 302 
807 292 1109 1108 323 
808 1109 317 1110 1108 
809 1108 1110 306 325 
810 323 1108 325 247 
811 338 354 1111 360 
812 354 249 1112 1111 
813 1111 1112 341 1113 
814 360 1111 1113 339 
815 122 511 1114 559 
816 511 367 1115 1114 
817 1114 1115 369 1116 
818 559 1114 1116 77 
819 370 514 1117 563 
820 514 371 1118 1117 
821 1117 1118 122 1119 
822 563 1117 1119 372 
823 303 419 1120 1104 
824 419 386 477 1120 
825 1120 477 389 421 
826 1104 1120 421 91 
827 374 423 1121 1122 
828 423 403 566 1121 
829 1121 566 405 1123 
830 1122 1121 1123 230 
831 416 471 1124 1125 
832 471 418 481 1124 
833 1124 481 386 1126 
834 1125 1124 1126 419 
835 432 462 1127 482 
836 462 434 1128 1127 
837 1127 1128 388 1129 
838 482 1127 1129 435 
839 448 1132 1130 1131 
840 1132 440 452 1130 
841 1130 452 387 470 
842 1131 1130 470 417 
843 456 1134 1133 580 
844 1134 429 618 1133 
845 1133 618 457 1135 
846 580 1133 1135 455 
847 434 581 1136 1128 
848 581 455 1137 1136 
849 1136 1137 458 1138 
850 1128 1136 1138 388 
851 446 527 1139 486 
852 527 459 1140 1139 
853 1139 1140 462 1141 
854 486 1139 1141 432 
855 475 499 1142 1143 
856 499 443 501 1142 
857 1142 501 485 1144 
858 1143 1142 1144 493 
859 371 624 1145 1118 
860 624 509 1146 1145 
861 1145 1146 511 1147 
862 1118 1145 1147 122 
863 404 531 1148 567 
864 531 512 1149 1148 
865 1148 1149 514 1150 
866 567 1148 1150 370 
867 422 540 1151 1152 
868 540 515 570 1151 
869 1151 570 517 1153 
870 1152 1151 1153 403 
871 442 1155 1154 523 
872 1155 518 1156 1154 
873 1154 1156 456 579 
874 523 1154 579 297 
875 529 1158 1157 586 
876 1158 431 632 1157 
877 1157 632 530 1159 
878 586 1157 1159 528 
879 516 587 1160 571 
880 587 528 1161 1160 
881 1160 1161 531 1162 
882 571 1160 1162 404 
883 84 1164 1163 762 
884 1164 659 1165 1163 
885 1163 1165 658 912 
886 762 1163 912 295 
887 589 1167 1166 677 
888 1167 671 701 1166 
889 1166 701 670 1168 
890 677 1166 1168 638 
891 641 1170 1169 688 
892 1170 679 730 1169 
893 1169 730 681 1171 
894 688 1169 1171 591 
895 696 759 1172 1173 
896 759 698 1174 1172 
897 1172 1174 666 787 
898 1173 1172 787 699 
899 672 740 1175 1176 
900 740 696 1173 1175 
901 1175 1173 699 1177 
902 1176 1175 1177 590 
903 590 1177 1178 1179 
904 1177 699 786 1178 
905 1178 786 723 745 
906 1179 1178 745 680 
907 695 1182 1180 1181 
908 1182 734 770 1180 
909 1180 770 697 738 
910 1181 1180 738 424 
911 698 797 1183 1174 
912 797 752 847 1183 
913 1183 847 755 825 
914 1174 1183 825 666 
915 794 823 1184 1185 
916 823 796 856 1184 
917 1184 856 752 1186 
918 1185 1184 1186 797 
919 751 929 1187 887 
920 929 665 1188 1187 
921 1187 1188 799 1189 
922 887 1187 1189 798 
923 753 1191 1190 822 
924 1191 816 863 1190 
925 1190 863 815 857 
926 822 1190 857 796 
927 824 1194 1192 1193 
928 1194 826 883 1192 
929 1192 883 778 836 
930 1193 1192 836 805 
931 778 885 1195 837 
932 885 831 893 1195 
933 1195 893 830 1196 
934 837 1195 1196 806 
935 768 1198 1197 861 
936 1198 839 1199 1197 
937 1197 1199 812 843 
938 861 1197 843 426 
939 426 1201 1200 865 
940 1201 843 1202 1200 
941 1200 1202 842 904 
942 865 1200 904 817 
943 779 910 1203 894 
944 910 876 1204 1203 
945 1203 1204 889 1205 
946 894 1203 1205 832 
947 295 1207 1206 936 
948 1207 912 1208 1206 
949 1206 1208 911 993 
950 936 1206 993 664 
951 920 1210 1209 942 
952 1210 662 984 1209 
953 1209 984 921 1211 
954 942 1209 1211 919 
955 919 1211 1212 1213 
956 1211 921 1214 1212 
957 1212 1214 750 974 
958 1213 1212 974 922 
959 813 943 1215 945 
960 943 919 1213 1215 
961 1215 1213 922 952 
962 945 1215 952 748 
963 828 954 1216 956 
964 954 927 1217 1216 
965 1216 1217 929 1218 
966 956 1216 1218 751 
967 934 1220 1219 982 
968 1220 936 1221 1219 
969 1219 1221 664 997 
970 982 1219 997 916 
971 87 995 1222 967 
972 995 914 1223 1222 
973 1222 1223 963 1224 
974 967 1222 1224 718 
975 665 972 1225 1188 
976 972 918 1226 1225 
977 1225 1226 966 1227 
978 1188 1225 1227 799 
979 918 1006 1228 1226 
980 1006 87 1229 1228 
981 1228 1229 967 1230 
982 1226 1228 1230 966 
983 977 1003 1231 1232 
984 1003 979 1008 1231 
985 1231 1008 915 1233 
986 1232 1231 1233 970 
987 921 987 1234 1214 
988 987 977 1232 1234 
989 1234 1232 970 989 
990 1214 1234 989 750 
991 916 1236 1235 1002 
992 1236 997 1237 1235 
993 1235 1237 996 1009 
994 1002 1235 1009 979 
995 28 707 1238 1025 
996 707 29 1239 1238 
997 1238 1239 3 1240 
998 1025 1238 1240 30 
999 44 710 1241 1037 
1000 710 45 1242 1241 
1001 1241 1242 28 1243 
1002 1037 1241 1243 46 
1003 72 713 1244 1049 
1004 713 73 1245 1244 
1005 1244 1245 44 1246 
1006 1049 1244 1246 74 
1007 101 127 1247 1248 
1008 127 103 1064 1247 
1009 1247 1064 75 1249 
1010 1248 1247 1249 104 
1011 102 138 1250 1251 
1012 138 101 1248 1250 
1013 1250 1248 104 1252 
1014 1251 1250 1252 76 
1015 118 716 1253 1061 
1016 716 119 1254 1253 
1017 1253 1254 72 1255 
1018 1061 1253 1255 120 
1019 124 234 1256 1257 
1020 234 126 1091 1256 
1021 1256 1091 103 1258 
1022 1257 1256 1258 127 
1023 125 202 1259 1260 
1024 202 124 1257 1259 
1025 1259 1257 127 1261 
1026 1260 1259 1261 101 
1027 136 1068 1262 1263 
1028 1068 125 1260 1262 
1029 1262 1260 101 1264 
1030 1263 1262 1264 138 
1031 132 228 1265 1266 
1032 228 109 1094 1265 
1033 1265 1094 201 1267 
1034 1266 1265 1267 199 
1035 171 210 1268 1269 
1036 210 128 1085 1268 
1037 1268 1085 205 1270 
1038 1269 1268 1270 203 
1039 367 719 1271 1115 
1040 719 368 1272 1271 
1041 1271 1272 118 1273 
1042 1115 1271 1273 369 
1043 373 409 1274 1275 
1044 409 374 1122 1274 
1045 1274 1122 230 1276 
1046 1275 1274 1276 375 
1047 334 402 1277 1278 
1048 402 373 1275 1277 
1049 1277 1275 375 1279 
1050 1278 1277 1279 229 
1051 455 1135 1280 1137 
1052 1135 457 1281 1280 
1053 1280 1281 428 1282 
1054 1137 1280 1282 458 
1055 509 722 1283 1146 
1056 722 510 1284 1283 
1057 1283 1284 367 1285 
1058 1146 1283 1285 511 
1059 512 628 1286 1149 
1060 628 513 1287 1286 
1061 1286 1287 371 1288 
1062 1149 1286 1288 514 
1063 518 1290 1289 1156 
1064 1290 520 1291 1289 
1065 1289 1291 429 1134 
1066 1156 1289 1134 456 
1067 528 1159 1292 1161 
1068 1159 530 1293 1292 
1069 1292 1293 512 1294 
1070 1161 1292 1294 531 
1071 457 621 1295 1281 
1072 621 592 1296 1295 
1073 1295 1296 595 1297 
1074 1281 1295 1297 428 
1075 520 1299 1298 1291 
1076 1299 614 1300 1298 
1077 1298 1300 593 619 
1078 1291 1298 619 429 
1079 513 684 1301 1287 
1080 684 622 1302 1301 
1081 1301 1302 624 1303 
1082 1287 1301 1303 371 
1083 530 635 1304 1293 
1084 635 625 1305 1304 
1085 1304 1305 628 1306 
1086 1293 1304 1306 512 
1087 670 704 1307 1308 
1088 704 672 1176 1307 
1089 1307 1176 590 1309 
1090 1308 1307 1309 673 
1091 638 1168 1310 1311 
1092 1168 670 1308 1310 
1093 1310 1308 673 1312 
1094 1311 1310 1312 588 
1095 588 1312 1313 1314 
1096 1312 673 1315 1313 
1097 1313 1315 679 1170 
1098 1314 1313 1170 641 
1099 673 1309 1316 1315 
1100 1309 590 1179 1316 
1101 1316 1179 680 731 
1102 1315 1316 731 679 
1103 693 1319 1317 1318 
1104 1319 695 1181 1317 
1105 1317 1181 424 702 
1106 1318 1317 702 671 
1107 645 1322 1320 1321 
1108 1322 693 1318 1320 
1109 1320 1318 671 1167 
1110 1321 1320 1167 589 
1111 368 965 1323 1272 
1112 965 714 1324 1323 
1113 1323 1324 716 1325 
1114 1272 1323 1325 118 
1115 510 800 1326 1284 
1116 800 717 1327 1326 
1117 1326 1327 719 1328 
1118 1284 1326 1328 367 
1119 839 1330 1329 1199 
1120 1330 841 1331 1329 
1121 1329 1331 749 924 
1122 1199 1329 924 812 
1123 927 976 1332 1217 
1124 976 928 1333 1332 
1125 1332 1333 665 1334 
1126 1217 1332 1334 929 
1127 841 1336 1335 1331 
1128 1336 937 1337 1335 
1129 1335 1337 920 941 
1130 1331 1335 941 749 
1131 970 1233 1338 990 
1132 1233 915 1339 1338 
1133 1338 1339 971 1340 
1134 990 1338 1340 969 
1135 928 991 1341 1333 
1136 991 969 1342 1341 
1137 1341 1342 972 1343 
1138 1333 1341 1343 665 
1139 915 1011 1344 1339 
1140 1011 999 1345 1344 
1141 1344 1345 1004 1346 
1142 1339 1344 1346 971 
1143 83 206 1347 1348 
1144 206 132 1266 1347 
1145 1347 1266 199 1349 
1146 1348 1347 1349 200 
1147 333 378 1350 1351 
1148 378 334 1278 1350 
1149 1350 1278 229 1352 
1150 1351 1350 1352 335 
1151 233 342 1353 1354 
1152 342 333 1351 1353 
1153 1353 1351 335 1355 
1154 1354 1353 1355 126 
1155 622 728 1356 1302 
1156 728 623 1357 1356 
1157 1356 1357 509 1358 
1158 1302 1356 1358 624 
1159 636 678 1359 1360 
1160 678 638 1311 1359 
1161 1359 1311 588 1361 
1162 1360 1359 1361 639 
1163 639 1361 1362 1363 
1164 1361 588 1314 1362 
1165 1362 1314 641 687 
1166 1363 1362 687 640 
1167 643 1366 1364 1365 
1168 1366 645 1321 1364 
1169 1364 1321 589 676 
1170 1365 1364 676 637 
1171 717 968 1367 1327 
1172 968 718 1368 1367 
1173 1367 1368 368 1369 
1174 1327 1367 1369 719 
1175 623 743 1370 1357 
1176 743 720 1371 1370 
1177 1370 1371 722 1372 
1178 1357 1370 1372 509 
1179 937 1374 1373 1337 
1180 1374 939 1375 1373 
1181 1373 1375 662 1210 
1182 1337 1373 1210 920 
1183 718 1224 1376 1368 
1184 1224 963 1377 1376 
1185 1376 1377 965 1378 
1186 1368 1376 1378 368 
1187 969 1340 1379 1342 
1188 1340 971 1380 1379 
1189 1379 1380 918 1381 
1190 1342 1379 1381 972 
1191 939 1383 1382 1375 
1192 1383 980 1384 1382 
1193 1382 1384 978 985 
1194 1375 1382 985 662 
1195 971 1346 1385 1380 
1196 1346 1004 1386 1385 
1197 1385 1386 1006 1387 
1198 1380 1385 1387 918 
