2 0.000000 100.000000 178.105148
1387 1198 
1 -276.279947 0.000000 -280.179887 99.984770 0.000000 1.745241 0.000609 
2 331.535936 0.000000 -280.179887 99.988367 -0.000617 1.743232 0.000537 
3 331.535936 0.000000 285.678573 99.981649 0.001520 1.742970 0.000671 
4 -276.279947 0.000000 285.678573 99.984770 0.000000 1.745241 0.000609 
5 27.627995 0.000000 2.749343 137.667838 0.125973 -17.249954 -0.628355 
6 -276.279947 0.000000 2.749343 99.984770 0.000000 1.745241 0.000609 
7 27.627995 0.000000 -280.179887 99.984770 0.000000 1.745241 0.000609 
8 331.535936 0.000000 2.749343 100.025268 0.003728 -0.571177 -0.000473 
9 27.627995 0.000000 285.678573 99.984770 0.000000 1.745241 0.000609 
10 -124.325976 0.000000 -138.715272 99.984770 0.000000 1.745241 0.000609 
11 -276.279947 0.000000 -138.715272 99.984770 0.000000 1.745241 0.000609 
12 -124.325976 0.000000 -280.179887 99.984770 0.000000 1.745241 0.000609 
13 27.627995 0.000000 -138.715272 99.984770 0.000000 1.745241 0.000609 
14 -124.325976 0.000000 2.749343 99.984770 0.000000 1.745241 0.000609 
15 179.581965 0.000000 -138.715272 100.006429 -0.001328 1.743248 0.000175 
16 179.581965 0.000000 -280.179887 99.984770 0.000000 1.745241 0.000609 
17 331.535936 0.000000 -138.715272 99.986077 0.000447 1.729020 0.000578 
18 179.581965 0.000000 2.749343 100.039437 0.001222 -1.358971 -0.000604 
19 -124.325976 0.000000 144.213958 99.984770 0.000000 1.745241 0.000609 
20 -276.279947 0.000000 144.213958 99.984770 0.000000 1.745241 0.000609 
21 27.627995 0.000000 144.213958 99.984770 0.000000 1.745241 0.000609 
22 -124.325976 0.000000 285.678573 99.984770 0.000000 1.745241 0.000609 
23 -48.348991 0.000000 -67.982965 99.984770 0.000000 1.745241 0.000609 
24 -124.325976 0.000000 -67.982965 99.984770 0.000000 1.745241 0.000609 
25 -48.348991 0.000000 -138.715272 99.984770 0.000000 1.745241 0.000609 
26 27.627995 0.000000 -67.982965 99.984770 0.000000 1.745241 0.000609 
27 -48.348991 0.000000 2.749343 99.984770 0.000000 1.745241 0.000609 
28 179.581965 0.000000 144.213958 99.966421 -0.013830 1.743126 0.000976 
29 331.535936 0.000000 144.213958 99.984209 -0.000106 1.728018 0.000615 
30 179.581965 0.000000 285.678573 99.984770 0.000000 1.745241 0.000609 
31 103.604980 0.000000 -67.982965 97.912346 -0.124848 0.034862 0.041937 
32 103.604980 0.000000 -138.715272 99.984770 0.000000 1.745241 0.000609 
33 179.581965 0.000000 -67.982965 99.990561 0.002092 1.680281 0.000471 
34 103.604980 0.000000 2.749343 100.037165 0.004508 -0.955646 -0.000652 
35 -48.348991 0.000000 73.481651 99.984770 0.000000 1.745241 0.000609 
36 -124.325976 0.000000 73.481651 99.984770 0.000000 1.745241 0.000609 
37 27.627995 0.000000 73.481651 99.984770 0.000000 1.745241 0.000609 
38 -48.348991 0.000000 144.213958 99.984770 0.000000 1.745241 0.000609 
39 -10.360498 0.000000 -32.616811 99.984770 0.000000 1.745241 0.000609 
40 -48.348991 0.000000 -32.616811 99.984770 0.000000 1.745241 0.000609 
41 -10.360498 0.000000 -67.982965 99.984770 0.000000 1.745241 0.000609 
42 27.627995 0.000000 -32.616811 100.610720 0.009593 2.231542 -0.011704 
43 -10.360498 0.000000 2.749343 99.984770 0.000000 1.745241 0.000609 
44 103.604980 0.000000 73.481651 100.789759 -0.017531 1.018682 -0.015665 
45 179.581965 0.000000 73.481651 99.982289 -0.005974 1.682844 0.000638 
46 103.604980 0.000000 144.213958 99.984770 0.000000 1.745241 0.000609 
47 65.616487 0.000000 -32.616811 99.463450 0.003059 1.118342 0.010870 
48 65.616487 0.000000 -67.982965 100.003797 0.000106 1.764010 0.000235 
49 103.604980 0.000000 -32.616811 100.007721 0.010671 1.491441 0.000068 
50 65.616487 0.000000 2.749343 100.237241 0.000303 -0.677770 -0.004697 
51 -10.360498 0.000000 38.115497 99.984770 0.000000 1.745241 0.000609 
52 -48.348991 0.000000 38.115497 99.984770 0.000000 1.745241 0.000609 
53 27.627995 0.000000 38.115497 99.984770 0.000000 1.745241 0.000609 
54 -10.360498 0.000000 73.481651 99.984770 0.000000 1.745241 0.000609 
55 8.633748 0.000000 -14.933734 99.984770 0.000000 1.745241 0.000609 
56 -10.360498 0.000000 -14.933734 99.984770 0.000000 1.745241 0.000609 
57 8.633748 0.000000 -32.616811 99.984770 0.000000 1.745241 0.000609 
58 27.627995 0.000000 -14.933734 99.680366 -0.002480 1.517686 0.006629 
59 8.633748 0.000000 2.749343 100.343151 -0.021102 2.447503 -0.006262 
60 -200.302961 0.000000 -67.982965 99.984770 0.000000 1.745241 0.000609 
61 -276.279947 0.000000 -67.982965 99.984770 0.000000 1.745241 0.000609 
62 -200.302961 0.000000 -138.715272 99.984770 0.000000 1.745241 0.000609 
63 -200.302961 0.000000 2.749343 99.984770 0.000000 1.745241 0.000609 
64 -86.337483 0.000000 -32.616811 99.984770 0.000000 1.745241 0.000609 
65 -124.325976 0.000000 -32.616811 99.984770 0.000000 1.745241 0.000609 
66 -86.337483 0.000000 -67.982965 99.984770 0.000000 1.745241 0.000609 
67 -86.337483 0.000000 2.749343 99.984770 0.000000 1.745241 0.000609 
68 -29.354744 0.000000 -14.933734 99.984770 0.000000 1.745241 0.000609 
69 -48.348991 0.000000 -14.933734 99.984770 0.000000 1.745241 0.000609 
70 -29.354744 0.000000 -32.616811 99.984770 0.000000 1.745241 0.000609 
71 -29.354744 0.000000 2.749343 99.984770 0.000000 1.745241 0.000609 
72 65.616487 0.000000 38.115497 100.546820 -0.004228 1.160095 -0.010790 
73 103.604980 0.000000 38.115497 99.989334 0.004006 1.528396 0.000447 
74 65.616487 0.000000 73.481651 100.062926 -0.005045 1.685006 -0.000975 
75 8.633748 0.000000 20.432420 99.984770 0.000000 1.745241 0.000609 
76 -10.360498 0.000000 20.432420 99.984770 0.000000 1.745241 0.000609 
77 27.627995 0.000000 20.432420 99.977496 0.000546 1.724865 0.000748 
78 8.633748 0.000000 38.115497 99.984770 0.000000 1.745241 0.000609 
79 -0.863375 0.000000 -6.092195 99.984770 0.000000 1.745241 0.000609 
80 -10.360498 0.000000 -6.092195 99.984770 0.000000 1.745241 0.000609 
81 -0.863375 0.000000 -14.933734 99.984770 0.000000 1.745241 0.000609 
82 8.633748 0.000000 -6.092195 99.609106 -0.038154 1.794838 0.008149 
83 -0.863375 0.000000 2.749343 99.984770 0.000000 1.745241 0.000609 
84 46.622241 0.000000 -14.933734 98.852128 0.004060 0.307855 0.023023 
85 46.622241 0.000000 -32.616811 99.604769 0.000953 1.439724 0.008120 
86 65.616487 0.000000 -14.933734 100.611752 0.003438 1.265084 -0.012060 
87 46.622241 0.000000 2.749343 104.080240 -0.005084 -4.061451 -0.079250 
88 18.130872 0.000000 -6.092195 99.592610 -0.005542 1.679958 0.008439 
89 18.130872 0.000000 -14.933734 99.923474 -0.016478 1.805423 0.001857 
90 27.627995 0.000000 -6.092195 79.568333 -0.000106 -8.047589 0.426283 
91 18.130872 0.000000 2.749343 106.492104 -0.029223 3.718021 -0.126458 
92 -200.302961 0.000000 73.481651 99.984770 0.000000 1.745241 0.000609 
93 -276.279947 0.000000 73.481651 99.984770 0.000000 1.745241 0.000609 
94 -200.302961 0.000000 144.213958 99.984770 0.000000 1.745241 0.000609 
95 -86.337483 0.000000 38.115497 99.984770 0.000000 1.745241 0.000609 
96 -124.325976 0.000000 38.115497 99.984770 0.000000 1.745241 0.000609 
97 -86.337483 0.000000 73.481651 99.984770 0.000000 1.745241 0.000609 
98 -29.354744 0.000000 20.432420 99.984770 0.000000 1.745241 0.000609 
99 -48.348991 0.000000 20.432420 99.984770 0.000000 1.745241 0.000609 
100 -29.354744 0.000000 38.115497 99.984770 0.000000 1.745241 0.000609 
101 -0.863375 0.000000 11.590882 99.984770 0.000000 1.745241 0.000609 
102 -10.360498 0.000000 11.590882 99.984770 0.000000 1.745241 0.000609 
103 8.633748 0.000000 11.590882 99.984770 0.000000 1.745241 0.000609 
104 -0.863375 0.000000 20.432420 99.984770 0.000000 1.745241 0.000609 
105 3.885187 0.000000 -1.671426 50.480702 1.001423 -2.008142 0.967903 
106 -0.863375 0.000000 -1.671426 99.984770 0.000000 1.745241 0.000609 
107 3.885187 0.000000 -6.092195 99.984770 0.000000 1.745241 0.000609 
108 8.633748 0.000000 -1.671426 92.656857 -0.188395 2.091333 0.149311 
109 3.885187 0.000000 2.749343 88.428943 0.133389 10.469644 0.248501 
110 -19.857621 0.000000 -6.092195 99.984770 0.000000 1.745241 0.000609 
111 -29.354744 0.000000 -6.092195 99.984770 0.000000 1.745241 0.000609 
112 -19.857621 0.000000 -14.933734 99.984770 0.000000 1.745241 0.000609 
113 -19.857621 0.000000 2.749343 99.984770 0.000000 1.745241 0.000609 
114 -5.611936 0.000000 -1.671426 99.984770 0.000000 1.745241 0.000609 
115 -10.360498 0.000000 -1.671426 99.984770 0.000000 1.745241 0.000609 
116 -5.611936 0.000000 -6.092195 99.984770 0.000000 1.745241 0.000609 
117 -5.611936 0.000000 2.749343 99.984770 0.000000 1.745241 0.000609 
118 46.622241 0.000000 20.432420 100.488438 -0.006031 0.811960 -0.009693 
119 65.616487 0.000000 20.432420 100.082019 -0.007736 1.133986 -0.001512 
120 46.622241 0.000000 38.115497 99.981218 0.002320 1.725167 0.000673 
121 18.130872 0.000000 11.590882 100.018231 0.016356 1.719428 -0.000069 
122 27.627995 0.000000 11.590882 98.805097 0.001403 2.200756 0.024452 
123 18.130872 0.000000 20.432420 99.198081 0.065645 2.417638 0.016658 
124 3.885187 0.000000 7.170112 99.984770 0.000000 1.745241 0.000609 
125 -0.863375 0.000000 7.170112 99.984770 0.000000 1.745241 0.000609 
126 8.633748 0.000000 7.170112 102.207011 0.056524 0.478099 -0.043892 
127 3.885187 0.000000 11.590882 99.984770 0.000000 1.745241 0.000609 
128 1.510906 0.000000 0.538958 122.702732 -0.795375 -11.027386 -0.411856 
129 -0.863375 0.000000 0.538958 99.984770 0.000000 1.745241 0.000609 
130 1.510906 0.000000 -1.671426 141.582342 -1.482912 36.639981 -0.630597 
131 3.885187 0.000000 0.538958 61.795420 1.252615 17.686337 0.816004 
132 1.510906 0.000000 2.749343 99.984770 0.000000 1.745241 0.000609 
133 -19.857621 0.000000 11.590882 99.984770 0.000000 1.745241 0.000609 
134 -29.354744 0.000000 11.590882 99.984770 0.000000 1.745241 0.000609 
135 -19.857621 0.000000 20.432420 99.984770 0.000000 1.745241 0.000609 
136 -5.611936 0.000000 7.170112 99.984770 0.000000 1.745241 0.000609 
137 -10.360498 0.000000 7.170112 99.984770 0.000000 1.745241 0.000609 
138 -5.611936 0.000000 11.590882 99.984770 0.000000 1.745241 0.000609 
139 -3.237656 0.000000 0.538958 99.984770 0.000000 1.745241 0.000609 
140 -5.611936 0.000000 0.538958 99.984770 0.000000 1.745241 0.000609 
141 -3.237656 0.000000 -1.671426 99.984770 0.000000 1.745241 0.000609 
142 -3.237656 0.000000 2.749343 99.984770 0.000000 1.745241 0.000609 
143 -48.348991 0.000000 -209.447580 99.984770 0.000000 1.745241 0.000609 
144 -124.325976 0.000000 -209.447580 99.984770 0.000000 1.745241 0.000609 
145 -48.348991 0.000000 -280.179887 99.984770 0.000000 1.745241 0.000609 
146 27.627995 0.000000 -209.447580 99.984770 0.000000 1.745241 0.000609 
147 -10.360498 0.000000 -103.349118 99.984770 0.000000 1.745241 0.000609 
148 -48.348991 0.000000 -103.349118 99.984770 0.000000 1.745241 0.000609 
149 -10.360498 0.000000 -138.715272 99.984770 0.000000 1.745241 0.000609 
150 27.627995 0.000000 -103.349118 99.984770 0.000000 1.745241 0.000609 
151 8.633748 0.000000 -50.299888 99.984770 0.000000 1.745241 0.000609 
152 -10.360498 0.000000 -50.299888 99.984770 0.000000 1.745241 0.000609 
153 8.633748 0.000000 -67.982965 99.984770 0.000000 1.745241 0.000609 
154 27.627995 0.000000 -50.299888 99.984770 0.000000 1.745241 0.000609 
155 -0.863375 0.000000 -23.775272 99.984770 0.000000 1.745241 0.000609 
156 -10.360498 0.000000 -23.775272 99.984770 0.000000 1.745241 0.000609 
157 -0.863375 0.000000 -32.616811 99.984770 0.000000 1.745241 0.000609 
158 8.633748 0.000000 -23.775272 99.984770 0.000000 1.745241 0.000609 
159 3.885187 0.000000 -10.512965 99.984770 0.000000 1.745241 0.000609 
160 -0.863375 0.000000 -10.512965 99.984770 0.000000 1.745241 0.000609 
161 3.885187 0.000000 -14.933734 99.984770 0.000000 1.745241 0.000609 
162 8.633748 0.000000 -10.512965 99.140778 -0.047821 1.038100 0.017326 
163 1.510906 0.000000 -3.881811 99.984770 0.000000 1.745241 0.000609 
164 -0.863375 0.000000 -3.881811 99.984770 0.000000 1.745241 0.000609 
165 1.510906 0.000000 -6.092195 99.984770 0.000000 1.745241 0.000609 
166 3.885187 0.000000 -3.881811 99.601503 0.405836 0.746677 0.008050 
167 0.323766 0.000000 -0.566234 8.723892 -0.054100 -1.403488 1.399728 
168 -0.863375 0.000000 -0.566234 99.984770 0.000000 1.745241 0.000609 
169 0.323766 0.000000 -1.671426 99.984770 0.000000 1.745241 0.000609 
170 1.510906 0.000000 -0.566234 91.817870 3.215316 -14.206206 0.189886 
171 0.323766 0.000000 0.538958 99.984770 0.000000 1.745241 0.000609 
172 -5.611936 0.000000 -10.512965 99.984770 0.000000 1.745241 0.000609 
173 -10.360498 0.000000 -10.512965 99.984770 0.000000 1.745241 0.000609 
174 -5.611936 0.000000 -14.933734 99.984770 0.000000 1.745241 0.000609 
175 -3.237656 0.000000 -3.881811 99.984770 0.000000 1.745241 0.000609 
176 -5.611936 0.000000 -3.881811 99.984770 0.000000 1.745241 0.000609 
177 -3.237656 0.000000 -6.092195 99.984770 0.000000 1.745241 0.000609 
178 0.323766 0.000000 -2.776618 99.984770 0.000000 1.745241 0.000609 
179 -0.863375 0.000000 -2.776618 99.984770 0.000000 1.745241 0.000609 
180 0.323766 0.000000 -3.881811 99.984770 0.000000 1.745241 0.000609 
181 1.510906 0.000000 -2.776618 99.984770 0.000000 1.745241 0.000609 
182 13.382310 0.000000 -1.671426 101.257767 -0.137741 3.011768 -0.024191 
183 13.382310 0.000000 -6.092195 99.709066 0.004692 1.859820 0.006170 
184 18.130872 0.000000 -1.671426 96.313544 -0.023656 -1.644828 0.074560 
185 13.382310 0.000000 2.749343 100.090000 0.067038 12.661677 0.014305 
186 6.259468 0.000000 0.538958 91.612048 1.190702 3.597132 0.171848 
187 6.259468 0.000000 -1.671426 84.219297 -0.157569 -1.134929 0.322583 
188 8.633748 0.000000 0.538958 96.269890 0.077901 5.700594 0.078589 
189 6.259468 0.000000 2.749343 96.264748 0.257885 6.256674 0.079402 
190 2.698046 0.000000 -0.566234 64.859320 0.912491 -10.220763 0.725973 
191 2.698046 0.000000 -1.671426 67.505647 1.150826 -8.200578 0.669363 
192 3.885187 0.000000 -0.566234 24.113435 -0.378915 13.535420 1.339533 
193 2.698046 0.000000 0.538958 53.334516 1.484044 18.182418 0.973030 
194 0.917336 0.000000 -1.118830 56.260670 0.848497 -13.130819 0.895867 
195 0.323766 0.000000 -1.118830 11.892852 -0.484770 -3.372490 1.389301 
196 0.917336 0.000000 -1.671426 99.470345 0.009000 1.233143 0.010759 
197 1.510906 0.000000 -1.118830 63.636102 1.247558 -19.361720 0.790217 
198 0.917336 0.000000 -0.566234 35.665440 0.682636 6.503296 1.190061 
199 1.510906 0.000000 4.959728 99.984770 0.000000 1.745241 0.000609 
200 -0.863375 0.000000 4.959728 99.984770 0.000000 1.745241 0.000609 
201 3.885187 0.000000 4.959728 99.984770 0.000000 1.745241 0.000609 
202 1.510906 0.000000 7.170112 99.984770 0.000000 1.745241 0.000609 
203 0.323766 0.000000 1.644151 99.984770 0.000000 1.745241 0.000609 
204 -0.863375 0.000000 1.644151 99.984770 0.000000 1.745241 0.000609 
205 1.510906 0.000000 1.644151 99.984770 0.000000 1.745241 0.000609 
206 0.323766 0.000000 2.749343 99.984770 0.000000 1.745241 0.000609 
207 0.917336 0.000000 -0.013638 42.625496 1.152968 16.495033 1.135374 
208 0.323766 0.000000 -0.013638 6.418601 0.289464 0.254153 1.405936 
209 1.510906 0.000000 -0.013638 41.079426 1.816986 21.532869 1.191591 
210 0.917336 0.000000 0.538958 99.984770 0.000000 1.745241 0.000609 
211 6.259468 0.000000 -3.881811 98.224495 -0.123342 2.914989 0.036516 
212 6.259468 0.000000 -6.092195 97.326175 0.024666 -0.590190 0.053808 
213 8.633748 0.000000 -3.881811 98.648599 -0.034044 1.805188 0.027438 
214 2.698046 0.000000 -2.776618 89.934829 0.255252 -6.887245 0.210134 
215 2.698046 0.000000 -3.881811 99.670789 0.002260 1.474754 0.006807 
216 3.885187 0.000000 -2.776618 103.946703 0.236799 5.312777 -0.075516 
217 5.072327 0.000000 -0.566234 79.723521 -0.000268 11.864388 0.432913 
218 5.072327 0.000000 -1.671426 50.609144 2.232180 -0.755778 0.965876 
219 6.259468 0.000000 -0.566234 83.878552 -0.241571 -0.585309 0.329488 
220 5.072327 0.000000 0.538958 80.390672 1.037697 17.940029 0.442695 
221 3.291617 0.000000 -1.118830 67.503839 1.156021 -8.434878 0.669964 
222 2.698046 0.000000 -1.118830 65.807279 0.992894 -9.277501 0.705029 
223 3.291617 0.000000 -1.671426 67.524357 1.254871 -6.090542 0.664681 
224 3.885187 0.000000 -1.118830 50.269928 1.008689 -1.962292 0.971331 
225 3.291617 0.000000 -0.566234 81.233423 -0.440995 10.802110 0.398642 
226 2.698046 0.000000 1.644151 90.547038 -1.404456 7.291958 0.198378 
227 3.885187 0.000000 1.644151 107.985687 0.965780 -1.622550 -0.156080 
228 2.698046 0.000000 2.749343 99.984770 0.000000 1.745241 0.000609 
229 13.382310 0.000000 7.170112 99.643820 0.010639 2.045386 0.007550 
230 18.130872 0.000000 7.170112 100.936456 0.008399 0.696573 -0.018642 
231 13.382310 0.000000 11.590882 99.590123 0.028011 2.240700 0.008710 
232 6.259468 0.000000 4.959728 95.881374 -1.818672 5.625566 0.086753 
233 8.633748 0.000000 4.959728 101.734543 -0.183645 1.299494 -0.034385 
234 6.259468 0.000000 7.170112 99.984770 0.000000 1.745241 0.000609 
235 5.072327 0.000000 1.644151 80.334741 0.973865 18.206252 0.445102 
236 6.259468 0.000000 1.644151 84.401115 0.221451 18.122035 0.359194 
237 5.072327 0.000000 2.749343 101.487148 0.427863 1.810935 -0.029303 
238 3.291617 0.000000 1.091555 61.857939 1.252520 17.934601 0.816175 
239 2.698046 0.000000 1.091555 47.638251 1.889047 17.082881 1.062058 
240 3.291617 0.000000 0.538958 62.681742 1.262816 16.519547 0.793046 
241 3.885187 0.000000 1.091555 62.268622 1.418950 19.547093 0.817696 
242 3.291617 0.000000 1.644151 113.446000 0.421611 -6.553131 -0.255078 
243 5.072327 0.000000 -2.776618 103.058251 0.106936 9.373870 -0.052297 
244 5.072327 0.000000 -3.881811 105.497724 0.144785 7.461104 -0.103319 
245 6.259468 0.000000 -2.776618 100.647863 -0.347921 5.176862 -0.010269 
246 11.008029 0.000000 0.538958 99.321537 -0.173819 5.420024 0.016562 
247 11.008029 0.000000 -1.671426 98.996780 -0.112881 2.864244 0.020941 
248 13.382310 0.000000 0.538958 100.470605 -0.086739 4.005238 -0.007807 
249 11.008029 0.000000 2.749343 97.199367 0.191878 14.926884 0.079700 
250 7.446608 0.000000 -0.566234 88.307490 -0.023235 10.452850 0.250978 
251 7.446608 0.000000 -1.671426 88.990125 -0.091995 0.718841 0.224193 
252 8.633748 0.000000 -0.566234 95.617129 0.294708 6.305737 0.092657 
253 7.446608 0.000000 0.538958 92.271603 0.121215 9.345953 0.166445 
254 5.665897 0.000000 -1.118830 75.541195 -0.346695 -1.773424 0.500319 
255 5.072327 0.000000 -1.118830 53.990074 -0.271713 -1.194759 0.908358 
256 5.665897 0.000000 -1.671426 75.503012 -0.354476 -1.735847 0.501075 
257 6.259468 0.000000 -1.118830 84.240924 -0.151253 -1.169957 0.322147 
258 5.665897 0.000000 -0.566234 76.535784 0.849036 14.994550 0.509851 
259 4.478757 0.000000 1.091555 68.047678 1.030727 17.762671 0.694725 
260 4.478757 0.000000 0.538958 63.456832 1.173353 16.332271 0.777253 
261 5.072327 0.000000 1.091555 80.286767 0.936190 18.432081 0.447176 
262 4.478757 0.000000 1.644151 62.083202 1.255767 17.305013 0.808494 
263 7.446608 0.000000 1.644151 88.217281 0.274892 16.871807 0.273608 
264 8.633748 0.000000 1.644151 98.656332 0.003247 4.751125 0.029253 
265 7.446608 0.000000 2.749343 98.179720 -0.427973 4.805333 0.038936 
266 5.665897 0.000000 1.091555 81.502411 0.471791 19.498281 0.426815 
267 5.665897 0.000000 0.538958 85.573274 -0.798231 10.922434 0.309028 
268 6.259468 0.000000 1.091555 84.543586 0.243269 17.398154 0.352998 
269 5.665897 0.000000 1.644151 97.227288 -0.032636 8.335141 0.063013 
270 18.130872 0.000000 -23.775272 99.984770 0.000000 1.745241 0.000609 
271 18.130872 0.000000 -32.616811 99.984770 0.000000 1.745241 0.000609 
272 27.627995 0.000000 -23.775272 99.931401 -0.003374 1.729926 0.001672 
273 13.382310 0.000000 -10.512965 100.337640 0.109976 2.148068 -0.006287 
274 13.382310 0.000000 -14.933734 99.622844 0.026584 1.400246 0.007747 
275 18.130872 0.000000 -10.512965 99.891067 0.003968 1.785150 0.002498 
276 11.008029 0.000000 -3.881811 99.704352 0.087684 2.377242 0.006485 
277 11.008029 0.000000 -6.092195 100.955389 -0.122701 3.148059 -0.018088 
278 13.382310 0.000000 -3.881811 99.710396 0.010706 2.167995 0.006268 
279 7.446608 0.000000 -2.776618 100.437736 0.278965 5.115327 -0.006136 
280 7.446608 0.000000 -3.881811 98.997881 0.065455 1.877089 0.020443 
281 8.633748 0.000000 -2.776618 96.793626 -0.100963 1.648658 0.064831 
282 6.853038 0.000000 -1.118830 85.474518 -0.151743 -0.307050 0.296578 
283 6.853038 0.000000 -1.671426 85.432200 -0.154125 -0.314428 0.297450 
284 7.446608 0.000000 -1.118830 88.785711 -0.086130 0.390089 0.228359 
285 6.853038 0.000000 -0.566234 72.579182 -0.468737 2.950410 0.560661 
286 9.820889 0.000000 -0.566234 95.974799 -0.083860 2.644918 0.081890 
287 9.820889 0.000000 -1.671426 96.752474 -0.090576 2.534988 0.066053 
288 11.008029 0.000000 -0.566234 98.653225 -0.086969 2.544052 0.027673 
289 9.820889 0.000000 0.538958 98.201944 0.174234 5.774916 0.039526 
290 9.820889 0.000000 -2.776618 99.198681 0.100443 2.780785 0.016838 
291 9.820889 0.000000 -3.881811 99.018736 -0.080096 2.146565 0.020135 
292 11.008029 0.000000 -2.776618 99.115022 -0.006989 2.384626 0.018309 
293 37.125118 0.000000 -6.092195 99.953294 0.001342 -0.626708 0.000974 
294 37.125118 0.000000 -14.933734 95.198857 0.000931 -2.275783 0.097476 
295 46.622241 0.000000 -6.092195 97.749235 0.009115 -1.945074 0.045617 
296 37.125118 0.000000 2.749343 96.546879 -0.000018 1.481777 0.069775 
297 22.879433 0.000000 -1.671426 105.278537 0.004492 -1.664057 -0.103940 
298 22.879433 0.000000 -6.092195 99.688367 0.000838 1.488367 0.006459 
299 27.627995 0.000000 -1.671426 89.151863 -0.118785 7.278189 0.226931 
300 22.879433 0.000000 2.749343 113.801298 -0.025877 -9.897513 -0.257171 
301 15.756591 0.000000 0.538958 101.927090 -0.003367 3.420230 -0.037233 
302 15.756591 0.000000 -1.671426 102.722164 -0.102425 2.690538 -0.053400 
303 18.130872 0.000000 0.538958 101.917707 0.009992 -0.021467 -0.038185 
304 15.756591 0.000000 2.749343 100.010139 0.056315 12.488972 0.015480 
305 12.195170 0.000000 -0.566234 100.319844 -0.141763 3.021201 -0.005481 
306 12.195170 0.000000 -1.671426 100.322112 -0.142087 3.049603 -0.005510 
307 13.382310 0.000000 -0.566234 101.238112 -0.135189 2.971852 -0.023823 
308 12.195170 0.000000 0.538958 100.662331 -0.063481 5.209775 -0.010536 
309 10.414459 0.000000 -1.118830 98.642545 -0.072988 2.145146 0.027697 
310 9.820889 0.000000 -1.118830 96.825466 -0.092199 2.564865 0.064590 
311 10.414459 0.000000 -1.671426 98.651875 -0.095049 2.687608 0.027777 
312 11.008029 0.000000 -1.118830 99.051080 -0.116311 2.901204 0.019872 
313 10.414459 0.000000 -0.566234 98.638301 -0.057513 1.774978 0.027635 
314 15.756591 0.000000 -3.881811 100.189136 0.014848 2.379720 -0.003216 
315 15.756591 0.000000 -6.092195 99.721271 -0.000330 1.795536 0.005902 
316 18.130872 0.000000 -3.881811 99.734603 -0.016224 1.822524 0.005645 
317 12.195170 0.000000 -2.776618 99.918645 0.005796 2.952527 0.002500 
318 12.195170 0.000000 -3.881811 99.599228 -0.011001 2.179496 0.008500 
319 13.382310 0.000000 -2.776618 100.925771 -0.000755 3.534702 -0.017244 
320 10.414459 0.000000 -2.224022 98.649175 -0.118554 2.989772 0.028007 
321 9.820889 0.000000 -2.224022 95.974799 -0.083860 2.644918 0.081890 
322 10.414459 0.000000 -2.776618 99.532499 0.153978 2.950122 0.010238 
323 11.008029 0.000000 -2.224022 98.649175 -0.118554 2.989772 0.028007 
324 11.601599 0.000000 -1.118830 99.963084 -0.105399 2.504203 0.001367 
325 11.601599 0.000000 -1.671426 99.972001 -0.136216 2.964451 0.001441 
326 12.195170 0.000000 -1.118830 100.392009 -0.143502 3.077547 -0.006889 
327 11.601599 0.000000 -0.566234 99.975548 -0.078401 2.078246 0.000922 
328 10.711244 0.000000 -1.395128 98.652343 -0.091401 2.636169 0.027740 
329 10.414459 0.000000 -1.395128 98.644388 -0.046111 2.557148 0.027858 
330 10.711244 0.000000 -1.671426 98.652417 -0.090992 2.628297 0.027734 
331 11.008029 0.000000 -1.395128 99.040535 -0.115033 2.897940 0.020082 
332 10.711244 0.000000 -1.118830 98.640596 -0.064508 1.959773 0.027659 
333 11.008029 0.000000 4.959728 99.390437 -0.020198 2.439979 0.012808 
334 13.382310 0.000000 4.959728 99.577572 0.030154 2.199355 0.008943 
335 11.008029 0.000000 7.170112 99.951148 0.019489 2.115442 0.001425 
336 9.820889 0.000000 1.644151 93.908908 0.128001 15.988446 0.151262 
337 11.008029 0.000000 1.644151 96.930948 0.134336 12.392374 0.077889 
338 9.820889 0.000000 2.749343 98.251921 0.021264 3.515542 0.036358 
339 9.820889 0.000000 3.854535 99.359740 -0.094772 2.565902 0.013488 
340 8.633748 0.000000 3.854535 98.916270 -0.006618 3.569079 0.023019 
341 11.008029 0.000000 3.854535 99.042652 0.031198 2.786418 0.019974 
342 9.820889 0.000000 4.959728 99.134956 0.010730 2.734935 0.018091 
343 9.227319 0.000000 2.196747 94.518517 0.109472 13.707871 0.131182 
344 8.633748 0.000000 2.196747 96.853621 -0.197433 5.345426 0.066325 
345 9.227319 0.000000 1.644151 94.593263 0.102562 13.428227 0.128810 
346 9.820889 0.000000 2.196747 94.875920 0.149157 15.687963 0.130147 
347 9.227319 0.000000 2.749343 94.545851 0.106629 13.605608 0.130312 
348 12.195170 0.000000 1.644151 98.855345 0.164709 11.623885 0.036752 
349 13.382310 0.000000 1.644151 101.593912 -0.025156 4.254424 -0.029993 
350 12.195170 0.000000 2.749343 98.958835 0.160360 13.281974 0.038891 
351 10.414459 0.000000 2.196747 96.827789 0.149588 12.921921 0.081418 
352 10.414459 0.000000 1.644151 97.303131 0.119394 9.572746 0.063788 
353 11.008029 0.000000 2.196747 97.224801 0.171649 13.895552 0.076040 
354 10.414459 0.000000 2.749343 96.809101 0.149298 13.017860 0.082064 
355 7.446608 0.000000 3.854535 97.283932 -0.020166 4.984521 0.057209 
356 6.259468 0.000000 3.854535 97.804333 -0.008211 4.249734 0.045979 
357 7.446608 0.000000 4.959728 102.019620 -0.151784 0.677891 -0.040158 
358 9.227319 0.000000 3.301939 100.670065 -0.025312 1.748606 -0.013078 
359 8.633748 0.000000 3.301939 98.951924 0.024543 3.342314 0.022143 
360 9.820889 0.000000 3.301939 99.109069 -0.040439 3.039997 0.018789 
361 9.227319 0.000000 3.854535 99.830636 0.103669 2.421895 0.003978 
362 9.524104 0.000000 2.473045 94.897853 0.138259 14.704533 0.126433 
363 9.227319 0.000000 2.473045 94.524850 0.108656 13.684177 0.130980 
364 9.524104 0.000000 2.196747 94.923657 0.142036 14.785017 0.126158 
365 9.820889 0.000000 2.473045 94.856269 0.149728 15.694061 0.130575 
366 9.524104 0.000000 2.749343 93.908908 0.128001 15.988446 0.151262 
367 37.125118 0.000000 11.590882 119.130847 0.001351 -13.434137 -0.346529 
368 46.622241 0.000000 11.590882 100.464826 -0.012422 0.610905 -0.009250 
369 37.125118 0.000000 20.432420 99.919488 0.001634 1.664369 0.001888 
370 22.879433 0.000000 7.170112 106.883452 0.004514 -4.454427 -0.133467 
371 27.627995 0.000000 7.170112 98.460063 -0.001085 2.083999 0.031343 
372 22.879433 0.000000 11.590882 99.690431 -0.008942 1.806786 0.006524 
373 15.756591 0.000000 4.959728 99.371313 0.009762 1.918497 0.012962 
374 18.130872 0.000000 4.959728 99.078136 -0.032815 1.236281 0.018629 
375 15.756591 0.000000 7.170112 100.396061 -0.012196 1.423033 -0.007713 
376 12.195170 0.000000 3.854535 99.257661 0.043724 2.517384 0.015511 
377 13.382310 0.000000 3.854535 99.598827 0.056609 13.754495 0.027188 
378 12.195170 0.000000 4.959728 99.536829 0.007534 2.286790 0.009799 
379 14.569450 0.000000 -0.566234 102.115668 -0.075118 3.014216 -0.041225 
380 14.569450 0.000000 -1.671426 102.274231 -0.082512 2.949281 -0.044403 
381 15.756591 0.000000 -0.566234 102.617584 -0.100125 2.677794 -0.051341 
382 14.569450 0.000000 0.538958 99.526183 -0.035339 2.816569 0.010285 
383 14.569450 0.000000 -2.776618 99.301134 0.015350 2.057739 0.014426 
384 14.569450 0.000000 -3.881811 100.165157 0.004709 2.417747 -0.002719 
385 15.756591 0.000000 -2.776618 98.908144 -0.012096 1.692684 0.022179 
386 20.505152 0.000000 0.538958 104.592164 0.006001 -0.021386 -0.090817 
387 20.505152 0.000000 -1.671426 106.901227 -0.010203 2.540815 -0.135016 
388 22.879433 0.000000 0.538958 104.180588 -0.006732 -0.385391 -0.082755 
389 20.505152 0.000000 2.749343 108.035249 0.017608 -5.379900 -0.154781 
390 16.943731 0.000000 -0.566234 103.148318 -0.055287 1.883203 -0.062160 
391 16.943731 0.000000 -1.671426 103.148318 -0.055287 1.883203 -0.062160 
392 18.130872 0.000000 -0.566234 106.472371 -0.027299 1.990906 -0.126971 
393 16.943731 0.000000 0.538958 101.794210 0.002289 1.997659 -0.035348 
394 15.163021 0.000000 -1.118830 103.230956 -0.108262 2.902637 -0.063321 
395 14.569450 0.000000 -1.118830 102.140636 -0.075825 3.004010 -0.041726 
396 15.163021 0.000000 -1.671426 103.550630 -0.119415 2.791445 -0.069672 
397 15.756591 0.000000 -1.118830 102.613730 -0.100339 2.677335 -0.051265 
398 15.163021 0.000000 -0.566234 103.118161 -0.103087 2.995234 -0.061046 
399 14.569450 0.000000 3.854535 99.542231 0.066617 13.002929 0.026288 
400 14.569450 0.000000 2.749343 100.031953 0.069137 11.996486 0.013821 
401 15.756591 0.000000 3.854535 99.689245 0.059491 12.474298 0.021938 
402 14.569450 0.000000 4.959728 99.483853 -0.017135 2.124371 0.010789 
403 20.505152 0.000000 4.959728 95.495668 0.004555 3.410748 0.092124 
404 22.879433 0.000000 4.959728 99.566101 0.004723 -0.130207 0.008688 
405 20.505152 0.000000 7.170112 99.977082 -0.000642 1.347959 0.000640 
406 16.943731 0.000000 3.854535 104.482553 -0.009638 10.362275 -0.078593 
407 16.943731 0.000000 2.749343 104.482553 -0.009638 10.362275 -0.078593 
408 18.130872 0.000000 3.854535 105.637209 -0.038468 4.805312 -0.109042 
409 16.943731 0.000000 4.959728 100.879731 -0.034069 -0.231082 -0.017554 
410 22.879433 0.000000 -10.512965 99.801763 -0.004559 1.658828 0.004242 
411 22.879433 0.000000 -14.933734 99.827660 -0.000228 1.670851 0.003728 
412 27.627995 0.000000 -10.512965 100.384198 0.002465 2.072946 -0.007250 
413 20.505152 0.000000 -3.881811 99.026187 -0.002383 0.870904 0.019594 
414 20.505152 0.000000 -6.092195 99.369344 -0.007578 1.332044 0.012809 
415 22.879433 0.000000 -3.881811 97.320399 0.003248 0.191400 0.053892 
416 19.318012 0.000000 -0.566234 107.130956 -0.015144 2.133380 -0.139608 
417 19.318012 0.000000 -1.671426 106.782745 -0.016524 2.088824 -0.132922 
418 20.505152 0.000000 -0.566234 106.054143 -0.007997 2.214370 -0.118798 
419 19.318012 0.000000 0.538958 104.169736 0.014794 1.475151 -0.082352 
420 19.318012 0.000000 3.854535 107.482006 -0.034234 0.125361 -0.146754 
421 19.318012 0.000000 2.749343 107.706349 -0.032274 -0.411469 -0.151038 
422 20.505152 0.000000 3.854535 109.062240 -0.002423 -4.253518 -0.175312 
423 19.318012 0.000000 4.959728 100.015223 0.000705 0.826680 -0.000236 
424 32.376556 0.000000 -1.671426 119.530495 0.047319 -2.438702 -0.366169 
425 32.376556 0.000000 -6.092195 89.140696 0.001585 -5.192629 0.224149 
426 37.125118 0.000000 -1.671426 111.882173 0.007580 1.568953 -0.229560 
427 32.376556 0.000000 2.749343 103.436398 0.003445 -7.830718 -0.062326 
428 25.253714 0.000000 0.538958 127.597590 -0.005241 -0.340791 -0.498628 
429 25.253714 0.000000 -1.671426 108.620576 0.043260 -1.926889 -0.168174 
430 27.627995 0.000000 0.538958 105.676924 -0.001667 0.112504 -0.111934 
431 25.253714 0.000000 2.749343 113.670413 0.239586 -6.883032 -0.258844 
432 21.692293 0.000000 -0.566234 106.364576 -0.006876 1.990743 -0.124889 
433 21.692293 0.000000 -1.671426 107.261638 -0.005579 1.563725 -0.142308 
434 22.879433 0.000000 -0.566234 105.102923 0.005406 -1.293333 -0.100623 
435 21.692293 0.000000 0.538958 98.604908 -0.003219 -8.809192 0.035923 
436 25.253714 0.000000 -3.881811 104.868590 0.000717 0.141400 -0.096210 
437 25.253714 0.000000 -6.092195 99.570154 0.001572 1.585019 0.008858 
438 27.627995 0.000000 -3.881811 87.231104 -0.001183 -8.969031 0.269891 
439 21.692293 0.000000 -2.776618 99.961720 0.003969 1.990966 0.001162 
440 20.505152 0.000000 -2.776618 99.490876 0.004274 0.963723 0.010287 
441 21.692293 0.000000 -3.881811 99.088426 0.004132 1.127947 0.018396 
442 22.879433 0.000000 -2.776618 91.351146 0.002551 -5.531305 0.179034 
443 21.098722 0.000000 -1.118830 105.223941 -0.008525 2.533705 -0.102540 
444 20.505152 0.000000 -1.118830 106.372466 -0.010344 2.586720 -0.124794 
445 21.098722 0.000000 -1.671426 105.150563 -0.008631 2.568635 -0.101095 
446 21.692293 0.000000 -1.118830 106.588197 -0.006552 1.884295 -0.129244 
447 21.098722 0.000000 -0.566234 105.333678 -0.008366 2.481469 -0.104700 
448 19.318012 0.000000 -2.776618 98.340200 -0.005140 0.013154 0.033313 
449 18.130872 0.000000 -2.776618 99.850428 -0.019178 1.895278 0.003352 
450 19.318012 0.000000 -3.881811 98.039430 -0.008716 0.235975 0.039379 
451 21.098722 0.000000 -2.224022 100.689013 0.008940 2.794706 -0.012986 
452 20.505152 0.000000 -2.224022 98.918374 0.006291 1.194985 0.021828 
453 21.098722 0.000000 -2.776618 99.337046 0.005278 1.430488 0.013485 
454 21.692293 0.000000 -2.224022 96.433558 0.005978 0.029773 0.071842 
455 24.066573 0.000000 -0.566234 103.857397 0.005090 -2.963224 -0.075605 
456 24.066573 0.000000 -1.671426 103.303807 0.009277 -4.173133 -0.063900 
457 25.253714 0.000000 -0.566234 106.576683 0.038078 -2.532488 -0.128763 
458 24.066573 0.000000 0.538958 103.336722 -0.003413 -0.180741 -0.066204 
459 22.285863 0.000000 -1.118830 105.289030 0.002101 0.703909 -0.104354 
460 22.285863 0.000000 -1.671426 105.322679 0.002702 0.356661 -0.105043 
461 22.879433 0.000000 -1.118830 105.015374 0.006719 -1.519427 -0.098859 
462 22.285863 0.000000 -0.566234 105.282531 0.002937 0.300251 -0.104265 
463 21.395508 0.000000 -1.395128 105.269806 -0.008458 2.511872 -0.103443 
464 21.098722 0.000000 -1.395128 105.157536 -0.008621 2.565315 -0.101232 
465 21.395508 0.000000 -1.671426 105.232284 -0.008513 2.529734 -0.102704 
466 21.692293 0.000000 -1.395128 106.677160 -0.006424 1.841947 -0.130975 
467 21.395508 0.000000 -1.118830 105.326277 -0.008377 2.484991 -0.104554 
468 19.911582 0.000000 -1.118830 107.827120 -0.008311 1.976341 -0.153018 
469 19.318012 0.000000 -1.118830 106.843050 -0.016285 2.096540 -0.134081 
470 19.911582 0.000000 -1.671426 108.344685 -0.010332 2.288685 -0.162786 
471 19.911582 0.000000 -0.566234 107.643667 -0.007560 1.864703 -0.149544 
472 20.801937 0.000000 -1.395128 104.973619 -0.010031 2.877511 -0.097491 
473 20.505152 0.000000 -1.395128 106.847113 -0.010199 2.550267 -0.133970 
474 20.801937 0.000000 -1.671426 104.228138 -0.009964 3.007725 -0.082850 
475 20.801937 0.000000 -1.118830 104.846302 -0.010020 2.899750 -0.094995 
476 21.692293 0.000000 1.644151 107.531616 -0.002777 -1.525092 -0.147499 
477 20.505152 0.000000 1.644151 104.592164 0.006001 -0.021386 -0.090817 
478 22.879433 0.000000 1.644151 104.180588 -0.006732 -0.385391 -0.082755 
479 21.692293 0.000000 2.749343 114.934435 0.042635 -6.816158 -0.281942 
480 21.098722 0.000000 -0.013638 104.959308 -0.002388 1.205690 -0.097845 
481 20.505152 0.000000 -0.013638 104.592164 0.006001 -0.021386 -0.090817 
482 21.692293 0.000000 -0.013638 87.804495 0.000206 -8.799133 0.257657 
483 21.098722 0.000000 0.538958 104.095651 0.003535 0.017829 -0.081105 
484 21.395508 0.000000 -0.842532 105.366996 -0.008318 2.465609 -0.105355 
485 21.098722 0.000000 -0.842532 105.310817 -0.008399 2.492351 -0.104250 
486 21.692293 0.000000 -0.842532 106.541943 -0.006619 1.906313 -0.128344 
487 21.395508 0.000000 -0.566234 105.367606 -0.008317 2.465318 -0.105367 
488 21.247115 0.000000 -1.256979 105.258303 -0.008475 2.517348 -0.103217 
489 21.098722 0.000000 -1.256979 105.181641 -0.008586 2.553841 -0.101707 
490 21.247115 0.000000 -1.395128 105.228547 -0.008518 2.531513 -0.102631 
491 21.395508 0.000000 -1.256979 105.297058 -0.008419 2.498900 -0.103979 
492 21.247115 0.000000 -1.118830 105.295156 -0.008422 2.499806 -0.103942 
493 20.801937 0.000000 -0.842532 105.205835 -0.008441 2.474937 -0.102215 
494 20.505152 0.000000 -0.842532 106.107019 -0.008239 2.253968 -0.119806 
495 20.801937 0.000000 -0.566234 105.332583 -0.008061 2.368671 -0.104729 
496 20.950330 0.000000 -1.256979 104.228138 -0.009964 3.007725 -0.082850 
497 20.801937 0.000000 -1.256979 104.845565 -0.010020 2.899879 -0.094981 
498 20.950330 0.000000 -1.395128 104.228138 -0.009964 3.007725 -0.082850 
499 20.950330 0.000000 -1.118830 104.228138 -0.009964 3.007725 -0.082850 
500 21.247115 0.000000 -0.980681 105.330072 -0.008371 2.483185 -0.104629 
501 21.098722 0.000000 -0.980681 105.273060 -0.008454 2.510324 -0.103507 
502 21.395508 0.000000 -0.980681 105.351434 -0.008340 2.473016 -0.105049 
503 21.247115 0.000000 -0.842532 105.353093 -0.008338 2.472227 -0.105082 
504 21.172919 0.000000 -1.187905 105.245083 -0.008494 2.523642 -0.102956 
505 21.098722 0.000000 -1.187905 105.200875 -0.008558 2.544685 -0.102086 
506 21.172919 0.000000 -1.256979 105.226020 -0.008522 2.532716 -0.102581 
507 21.247115 0.000000 -1.187905 105.276287 -0.008449 2.508788 -0.103571 
508 21.172919 0.000000 -1.118830 105.266148 -0.008464 2.513614 -0.103371 
509 32.376556 0.000000 7.170112 106.251318 0.001908 -4.200481 -0.121454 
510 37.125118 0.000000 7.170112 91.845130 0.001795 6.614836 0.170351 
511 32.376556 0.000000 11.590882 101.987820 0.001558 -0.265878 -0.039568 
512 25.253714 0.000000 4.959728 98.782375 -0.000569 1.124032 0.024544 
513 27.627995 0.000000 4.959728 99.081453 -0.001282 0.276945 0.018415 
514 25.253714 0.000000 7.170112 100.157518 0.002105 0.577502 -0.003116 
515 21.692293 0.000000 3.854535 117.765346 0.045414 -6.398600 -0.332895 
516 22.879433 0.000000 3.854535 112.805336 -0.033954 -9.880417 -0.238821 
517 21.692293 0.000000 4.959728 92.015209 0.006603 3.783098 0.163566 
518 24.066573 0.000000 -2.776618 97.046590 0.000810 -1.763160 0.059750 
519 24.066573 0.000000 -3.881811 96.289280 0.002130 -1.026519 0.074878 
520 25.253714 0.000000 -2.776618 97.373270 -0.001205 -2.281800 0.053360 
521 22.285863 0.000000 -2.224022 98.558466 0.003951 1.679037 0.029207 
522 22.285863 0.000000 -2.776618 97.856132 0.005210 0.708720 0.043121 
523 22.879433 0.000000 -2.224022 96.309099 0.004749 -0.941210 0.074459 
524 21.989078 0.000000 -1.395128 106.515752 -0.003019 1.408958 -0.127988 
525 21.989078 0.000000 -1.671426 106.507151 -0.002990 1.407173 -0.127822 
526 22.285863 0.000000 -1.395128 105.305634 0.002802 0.332711 -0.104713 
527 21.989078 0.000000 -1.118830 106.293911 -0.004086 1.619125 -0.123645 
528 24.066573 0.000000 3.854535 101.308591 -0.002006 -3.190515 -0.025095 
529 24.066573 0.000000 2.749343 111.226753 0.103277 -8.125273 -0.212033 
530 25.253714 0.000000 3.854535 97.834314 -0.001911 0.482264 0.043534 
531 24.066573 0.000000 4.959728 100.829705 0.001966 -0.723600 -0.016511 
532 22.285863 0.000000 3.301939 116.180411 0.003785 -9.144069 -0.301499 
533 21.692293 0.000000 3.301939 117.781726 0.045430 -6.396184 -0.333185 
534 22.285863 0.000000 2.749343 116.428458 0.003979 -8.971277 -0.306183 
535 22.879433 0.000000 3.301939 114.092943 -0.027311 -10.029492 -0.262310 
536 22.285863 0.000000 3.854535 116.523063 0.005490 -8.888387 -0.307989 
537 21.098722 0.000000 3.301939 113.580503 0.041306 -7.015862 -0.257052 
538 20.505152 0.000000 3.301939 108.270428 0.009839 -4.886836 -0.159726 
539 21.098722 0.000000 2.749343 113.682733 0.041406 -7.000783 -0.258943 
540 21.098722 0.000000 3.854535 112.932493 0.040669 -7.111443 -0.245026 
541 -48.348991 0.000000 214.946266 99.984770 0.000000 1.745241 0.000609 
542 -124.325976 0.000000 214.946266 99.984770 0.000000 1.745241 0.000609 
543 27.627995 0.000000 214.946266 99.984770 0.000000 1.745241 0.000609 
544 -48.348991 0.000000 285.678573 99.984770 0.000000 1.745241 0.000609 
545 -10.360498 0.000000 108.847804 99.984770 0.000000 1.745241 0.000609 
546 -48.348991 0.000000 108.847804 99.984770 0.000000 1.745241 0.000609 
547 27.627995 0.000000 108.847804 99.984770 0.000000 1.745241 0.000609 
548 -10.360498 0.000000 144.213958 99.984770 0.000000 1.745241 0.000609 
549 8.633748 0.000000 55.798574 99.984770 0.000000 1.745241 0.000609 
550 -10.360498 0.000000 55.798574 99.984770 0.000000 1.745241 0.000609 
551 27.627995 0.000000 55.798574 99.984770 0.000000 1.745241 0.000609 
552 8.633748 0.000000 73.481651 99.984770 0.000000 1.745241 0.000609 
553 18.130872 0.000000 29.273958 99.984770 0.000000 1.745241 0.000609 
554 8.633748 0.000000 29.273958 99.984770 0.000000 1.745241 0.000609 
555 27.627995 0.000000 29.273958 99.918935 -0.017829 1.844504 0.001962 
556 18.130872 0.000000 38.115497 99.984770 0.000000 1.745241 0.000609 
557 22.879433 0.000000 16.011651 99.983677 -0.005429 1.725568 0.000624 
558 18.130872 0.000000 16.011651 100.017496 -0.004242 1.813180 -0.000021 
559 27.627995 0.000000 16.011651 99.965633 0.000510 1.681599 0.000970 
560 22.879433 0.000000 20.432420 100.393013 -0.007179 1.437095 -0.007648 
561 20.505152 0.000000 9.380497 100.558597 -0.011767 1.050538 -0.011049 
562 18.130872 0.000000 9.380497 99.810727 -0.016822 1.863700 0.004135 
563 22.879433 0.000000 9.380497 99.928116 -0.000541 1.672518 0.001718 
564 20.505152 0.000000 11.590882 100.364766 -0.001640 1.404634 -0.007093 
565 21.692293 0.000000 6.064920 98.433910 0.006721 2.214506 0.031927 
566 20.505152 0.000000 6.064920 100.233606 -0.003467 1.202216 -0.004526 
567 22.879433 0.000000 6.064920 95.130142 0.005102 3.352222 0.099524 
568 21.692293 0.000000 7.170112 103.686952 0.000893 -1.629207 -0.072839 
569 22.285863 0.000000 4.407132 99.829860 0.006972 -4.699110 0.005619 
570 21.692293 0.000000 4.407132 93.390300 0.007908 1.689668 0.134129 
571 22.879433 0.000000 4.407132 98.181978 0.006265 0.347004 0.036512 
572 22.285863 0.000000 4.959728 96.772680 0.005842 0.638386 0.065013 
573 21.989078 0.000000 3.578237 117.688532 0.036552 -7.029031 -0.330910 
574 21.692293 0.000000 3.578237 117.654914 0.045306 -6.414889 -0.330935 
575 21.989078 0.000000 3.301939 117.612705 0.035101 -7.137223 -0.329459 
576 22.285863 0.000000 3.578237 116.606358 0.009577 -8.782819 -0.309619 
577 21.989078 0.000000 3.854535 118.674914 0.035011 -7.060334 -0.348161 
578 23.473003 0.000000 -1.118830 105.319120 0.004910 -2.179043 -0.104547 
579 23.473003 0.000000 -1.671426 105.333407 0.005786 -3.100418 -0.104375 
580 24.066573 0.000000 -1.118830 104.032391 0.007049 -3.857624 -0.078463 
581 23.473003 0.000000 -0.566234 104.888720 0.003961 -2.106692 -0.096192 
582 24.066573 0.000000 1.644151 103.140895 -0.004487 -0.281793 -0.062345 
583 25.253714 0.000000 1.644151 127.597590 -0.005241 -0.340791 -0.498628 
584 23.473003 0.000000 3.301939 112.177746 -0.012962 -9.439874 -0.227866 
585 23.473003 0.000000 2.749343 112.682155 -0.004119 -9.456341 -0.237212 
586 24.066573 0.000000 3.301939 112.193017 0.087057 -8.443377 -0.229627 
587 23.473003 0.000000 3.854535 112.613808 0.012434 -9.221041 -0.236307 
588 30.002275 0.000000 0.538958 86.383237 0.000146 -0.751398 0.277904 
589 30.002275 0.000000 -1.671426 93.592613 0.045408 -2.652683 0.130449 
590 32.376556 0.000000 0.538958 101.999650 0.001667 0.102850 -0.039808 
591 30.002275 0.000000 2.749343 118.245730 -0.059656 -12.874433 -0.332040 
592 26.440854 0.000000 -0.566234 94.585516 0.022309 -2.461742 0.110068 
593 26.440854 0.000000 -1.671426 92.151222 0.030524 -3.189945 0.160314 
594 27.627995 0.000000 -0.566234 91.537184 -0.099447 6.067317 0.175908 
595 26.440854 0.000000 0.538958 115.656118 -0.002989 -0.079752 -0.298565 
596 103.604980 0.000000 -209.447580 99.984770 0.000000 1.745241 0.000609 
597 103.604980 0.000000 -280.179887 99.984770 0.000000 1.745241 0.000609 
598 179.581965 0.000000 -209.447580 99.987271 -0.014869 1.747684 0.000560 
599 65.616487 0.000000 -103.349118 99.984770 0.000000 1.745241 0.000609 
600 65.616487 0.000000 -138.715272 99.984770 0.000000 1.745241 0.000609 
601 103.604980 0.000000 -103.349118 102.966829 0.001558 4.103793 -0.057310 
602 46.622241 0.000000 -50.299888 99.950836 -0.003025 1.726798 0.001282 
603 46.622241 0.000000 -67.982965 99.984770 0.000000 1.745241 0.000609 
604 65.616487 0.000000 -50.299888 99.237011 -0.000193 1.092831 0.015406 
605 37.125118 0.000000 -23.775272 99.728889 0.001771 1.534555 0.005662 
606 37.125118 0.000000 -32.616811 100.019545 0.000699 1.784904 -0.000072 
607 46.622241 0.000000 -23.775272 95.020416 0.016728 -2.363325 0.101153 
608 32.376556 0.000000 -10.512965 115.404853 0.001204 9.843543 -0.286493 
609 32.376556 0.000000 -14.933734 98.750057 0.002293 0.824372 0.025135 
610 37.125118 0.000000 -10.512965 101.788113 0.001351 1.571596 -0.035375 
611 30.002275 0.000000 -3.881811 83.174970 0.001929 -13.804599 0.367640 
612 30.002275 0.000000 -6.092195 135.938888 0.001579 20.270091 -0.598907 
613 32.376556 0.000000 -3.881811 104.121502 0.001957 -4.680754 -0.079549 
614 26.440854 0.000000 -2.776618 -4.118846 -0.000381 -22.437320 1.506497 
615 26.440854 0.000000 -3.881811 64.013676 -0.001062 -9.176681 0.739019 
616 27.627995 0.000000 -2.776618 174.468186 -0.000535 5.111767 -0.719795 
617 25.847284 0.000000 -1.118830 98.239561 0.056321 -3.690988 0.036737 
618 25.253714 0.000000 -1.118830 103.805794 0.048735 -2.614679 -0.074776 
619 25.847284 0.000000 -1.671426 99.791652 0.053066 -3.513871 0.005408 
620 26.440854 0.000000 -1.118830 92.329777 0.026271 -2.789674 0.156387 
621 25.847284 0.000000 -0.566234 100.058805 0.052506 -3.483385 0.000037 
622 30.002275 0.000000 4.959728 104.640110 0.001849 -7.998676 -0.085770 
623 32.376556 0.000000 4.959728 88.897295 0.002053 5.516671 0.229571 
624 30.002275 0.000000 7.170112 100.008421 0.001472 0.580473 -0.000135 
625 26.440854 0.000000 3.854535 103.152443 -0.001496 -4.371713 -0.060754 
626 26.440854 0.000000 2.749343 107.144590 0.236011 -11.892039 -0.127523 
627 27.627995 0.000000 3.854535 100.036905 -0.001379 -2.118814 -0.000289 
628 26.440854 0.000000 4.959728 101.286862 -0.001119 -1.398140 -0.025470 
629 26.440854 0.000000 1.644151 115.638503 -0.002986 -0.079367 -0.298250 
630 27.627995 0.000000 1.644151 87.988501 0.000523 -15.499133 0.273109 
631 25.847284 0.000000 3.301939 109.128910 0.262348 -10.041627 -0.169355 
632 25.253714 0.000000 3.301939 112.073924 0.268974 -7.674484 -0.228435 
633 25.847284 0.000000 2.749343 112.102796 0.219260 -8.479568 -0.227895 
634 26.440854 0.000000 3.301939 106.825062 0.237128 -11.898153 -0.121297 
635 25.847284 0.000000 3.854535 99.609010 -0.002058 -1.272857 0.007989 
636 28.815135 0.000000 -0.566234 100.695457 -0.006103 -5.573551 -0.010809 
637 28.815135 0.000000 -1.671426 101.582395 -0.007206 -6.180057 -0.027796 
638 30.002275 0.000000 -0.566234 90.141017 0.021317 -1.784998 0.200818 
639 28.815135 0.000000 0.538958 94.705010 0.001347 -1.477165 0.107214 
640 28.815135 0.000000 1.644151 94.705010 0.001347 -1.477165 0.107214 
641 30.002275 0.000000 1.644151 113.500865 -0.046932 -8.084254 -0.254286 
642 28.815135 0.000000 2.749343 90.023434 0.013834 -11.563587 0.218214 
643 28.815135 0.000000 -2.776618 66.273311 0.000269 -9.095953 0.695382 
644 28.815135 0.000000 -3.881811 140.463120 -0.000038 7.512723 -0.675715 
645 30.002275 0.000000 -2.776618 108.803111 0.001741 -0.577619 -0.171939 
646 255.558951 0.000000 -67.982965 99.987827 0.000821 1.681922 0.000526 
647 255.558951 0.000000 -138.715272 99.989016 -0.000939 1.731957 0.000520 
648 331.535936 0.000000 -67.982965 99.986357 0.001184 1.680902 0.000555 
649 255.558951 0.000000 2.749343 100.033552 0.002160 -1.041320 -0.000563 
650 141.593473 0.000000 -32.616811 99.992956 -0.000852 1.491026 0.000363 
651 141.593473 0.000000 -67.982965 99.996613 -0.005352 1.682785 0.000351 
652 179.581965 0.000000 -32.616811 99.991082 0.001104 1.499305 0.000403 
653 141.593473 0.000000 2.749343 100.037714 -0.001592 -1.229941 -0.000603 
654 84.610734 0.000000 -14.933734 100.037991 0.009221 1.006499 -0.000659 
655 84.610734 0.000000 -32.616811 100.089284 0.007646 1.536311 -0.001550 
656 103.604980 0.000000 -14.933734 100.008402 0.008168 1.001060 -0.000068 
657 84.610734 0.000000 2.749343 100.048544 0.004583 -0.795011 -0.000908 
658 56.119364 0.000000 -6.092195 119.480416 0.004659 8.469192 -0.360556 
659 56.119364 0.000000 -14.933734 98.836424 0.009261 0.168993 0.023332 
660 65.616487 0.000000 -6.092195 100.232705 0.004317 0.301548 -0.004643 
661 56.119364 0.000000 2.749343 70.370881 -0.001108 20.469481 0.662923 
662 41.873679 0.000000 -1.671426 113.827336 0.008569 1.460539 -0.265350 
663 41.873679 0.000000 -6.092195 100.930912 0.000329 0.718286 -0.018528 
664 46.622241 0.000000 -1.671426 102.977316 0.001197 -0.448710 -0.059110 
665 41.873679 0.000000 2.749343 104.828767 0.000262 -4.257171 -0.093748 
666 34.750837 0.000000 0.538958 96.523977 0.001851 0.055475 0.070009 
667 34.750837 0.000000 -1.671426 107.958971 0.015951 1.759705 -0.155611 
668 37.125118 0.000000 0.538958 114.460566 -0.000119 -5.051847 -0.275006 
669 34.750837 0.000000 2.749343 106.493891 0.002132 -5.340445 -0.125159 
670 31.189416 0.000000 -0.566234 102.539031 0.013677 -3.056769 -0.049580 
671 31.189416 0.000000 -1.671426 102.762295 0.013490 -3.063133 -0.053987 
672 32.376556 0.000000 -0.566234 113.364461 0.033578 -1.707417 -0.256832 
673 31.189416 0.000000 0.538958 89.316597 0.001609 -27.073583 0.303982 
674 29.408705 0.000000 -1.118830 94.141362 0.047320 -2.900297 0.119387 
675 28.815135 0.000000 -1.118830 99.896052 -0.032703 -4.188694 0.003838 
676 29.408705 0.000000 -1.671426 96.527535 0.033919 -3.726170 0.071395 
677 30.002275 0.000000 -1.118830 91.862338 0.035449 -2.296127 0.165694 
678 29.408705 0.000000 -0.566234 93.047539 0.023263 -2.915578 0.141761 
679 31.189416 0.000000 1.644151 117.237803 -0.082728 -8.445247 -0.321295 
680 32.376556 0.000000 1.644151 104.396700 -0.011890 -7.660931 -0.081489 
681 31.189416 0.000000 2.749343 103.248180 -0.076563 -8.867315 -0.056948 
682 28.815135 0.000000 3.854535 136.010905 -0.000402 -30.384775 -0.572873 
683 30.002275 0.000000 3.854535 106.220493 0.002299 -3.974944 -0.121025 
684 28.815135 0.000000 4.959728 102.462730 -0.000478 -2.684666 -0.048277 
685 29.408705 0.000000 2.196747 100.711398 -0.026659 -14.358911 0.006354 
686 28.815135 0.000000 2.196747 96.522939 0.027627 -10.325340 0.081266 
687 29.408705 0.000000 1.644151 94.030253 -0.015631 -10.909503 0.133715 
688 30.002275 0.000000 2.196747 120.363383 -0.062066 -12.530454 -0.369670 
689 29.408705 0.000000 2.749343 98.548666 -0.026700 -15.292112 0.053189 
690 34.750837 0.000000 -3.881811 87.770891 0.001379 -8.735488 0.258221 
691 34.750837 0.000000 -6.092195 102.198921 0.001695 0.876830 -0.043680 
692 37.125118 0.000000 -3.881811 94.033300 0.001051 -4.239296 0.122632 
693 31.189416 0.000000 -2.776618 92.183910 0.001812 -5.457171 0.161826 
694 31.189416 0.000000 -3.881811 88.778835 0.001835 -4.196696 0.230526 
695 32.376556 0.000000 -2.776618 107.578775 0.001934 -4.611570 -0.146715 
696 33.563697 0.000000 -0.566234 115.209752 0.025726 -0.292274 -0.290547 
697 33.563697 0.000000 -1.671426 115.209752 0.025726 -0.292274 -0.290547 
698 34.750837 0.000000 -0.566234 105.308683 0.011706 1.449661 -0.104588 
699 33.563697 0.000000 0.538958 114.990576 -0.000912 -3.719528 -0.285521 
700 31.782986 0.000000 -1.118830 112.397903 0.026505 -2.577778 -0.238757 
701 31.189416 0.000000 -1.118830 103.993609 0.012456 -3.098228 -0.078201 
702 31.782986 0.000000 -1.671426 110.140761 0.022140 -2.520636 -0.196706 
703 32.376556 0.000000 -1.118830 119.278481 0.047818 -2.214291 -0.361903 
704 31.782986 0.000000 -0.566234 108.038718 0.017767 -1.984297 -0.157061 
705 255.558951 0.000000 73.481651 99.984270 -0.002435 1.679512 0.000597 
706 331.535936 0.000000 73.481651 99.985694 -0.001078 1.673556 0.000566 
707 255.558951 0.000000 144.213958 99.981522 0.000691 1.731484 0.000669 
708 141.593473 0.000000 38.115497 99.986668 -0.004777 1.521502 0.000498 
709 179.581965 0.000000 38.115497 99.987546 -0.004185 1.514635 0.000479 
710 141.593473 0.000000 73.481651 99.978346 -0.008509 1.687661 0.000718 
711 84.610734 0.000000 20.432420 100.009352 -0.003186 1.180538 -0.000048 
712 103.604980 0.000000 20.432420 99.996341 -0.002812 1.159177 0.000208 
713 84.610734 0.000000 38.115497 100.226667 -0.005442 1.397808 -0.004336 
714 56.119364 0.000000 11.590882 99.182435 -0.007349 1.579345 0.016633 
715 65.616487 0.000000 11.590882 100.745106 -0.005463 0.345601 -0.014865 
716 56.119364 0.000000 20.432420 100.704091 -0.003393 0.812787 -0.013994 
717 41.873679 0.000000 7.170112 101.890253 0.001955 -1.059457 -0.037532 
718 46.622241 0.000000 7.170112 99.469055 -0.004473 -0.066086 0.010632 
719 41.873679 0.000000 11.590882 105.829871 0.001233 -3.300250 -0.113904 
720 34.750837 0.000000 4.959728 98.414569 0.001944 -0.075758 0.031816 
721 37.125118 0.000000 4.959728 107.093240 0.001635 -6.393564 -0.135617 
722 34.750837 0.000000 7.170112 99.068446 0.001704 0.685330 0.018716 
723 33.563697 0.000000 1.644151 107.933134 -0.011096 -7.977209 -0.149744 
724 34.750837 0.000000 1.644151 115.456600 0.002148 -8.157595 -0.289803 
725 33.563697 0.000000 2.749343 97.133541 0.003154 -1.391037 0.057868 
726 31.189416 0.000000 3.854535 132.909333 0.002015 -23.332007 -0.547750 
727 32.376556 0.000000 3.854535 98.424881 0.002307 -2.160496 0.032085 
728 31.189416 0.000000 4.959728 96.224376 0.001771 6.289935 0.080261 
729 31.782986 0.000000 2.196747 100.834865 -0.034246 -8.295943 -0.009849 
730 31.189416 0.000000 2.196747 112.213378 -0.080514 -8.596834 -0.229789 
731 31.782986 0.000000 1.644151 100.870798 -0.032222 -6.845185 -0.012747 
732 32.376556 0.000000 2.196747 104.630310 -0.015017 -8.771181 -0.084362 
733 31.782986 0.000000 2.749343 101.458668 0.003178 -6.817783 -0.024518 
734 33.563697 0.000000 -2.776618 91.093389 0.001802 -3.649595 0.182387 
735 33.563697 0.000000 -3.881811 105.715490 0.000868 -1.439089 -0.112494 
736 34.750837 0.000000 -2.776618 89.004011 0.000898 -6.072292 0.228116 
737 32.970126 0.000000 -1.118830 119.405982 0.039810 -1.313009 -0.364330 
738 32.970126 0.000000 -1.671426 119.679063 0.041687 -1.445280 -0.369000 
739 33.563697 0.000000 -1.118830 112.762431 0.018467 0.237606 -0.246016 
740 32.970126 0.000000 -0.566234 111.950321 0.028279 -1.018677 -0.230941 
741 33.563697 0.000000 3.854535 101.075342 0.002295 -3.550711 -0.020213 
742 34.750837 0.000000 3.854535 97.484041 0.002079 1.434286 0.050794 
743 33.563697 0.000000 4.959728 101.730882 0.002037 -2.369319 -0.033933 
744 32.970126 0.000000 2.196747 103.796718 -0.008609 -8.001079 -0.069179 
745 32.970126 0.000000 1.644151 103.246225 -0.007807 -7.362478 -0.059249 
746 33.563697 0.000000 2.196747 107.940126 -0.011100 -7.977852 -0.149877 
747 32.970126 0.000000 2.749343 104.325002 0.002865 -6.762109 -0.081300 
748 39.499399 0.000000 0.538958 115.263561 -0.102366 -8.573286 -0.285771 
749 39.499399 0.000000 -1.671426 112.266500 0.008025 1.001682 -0.236794 
750 41.873679 0.000000 0.538958 117.624103 -0.059720 -12.799310 -0.321162 
751 39.499399 0.000000 2.749343 99.187074 0.005287 0.042776 0.016287 
752 35.937977 0.000000 -0.566234 119.364647 0.001466 3.164238 -0.363020 
753 35.937977 0.000000 -1.671426 119.361842 0.001465 3.163905 -0.362972 
754 37.125118 0.000000 -0.566234 116.569997 0.011614 3.399590 -0.313980 
755 35.937977 0.000000 0.538958 114.262328 -0.000662 -3.792951 -0.272289 
756 34.157267 0.000000 -1.118830 109.087224 0.014928 1.152897 -0.177244 
757 34.157267 0.000000 -1.671426 109.583441 0.016151 1.222123 -0.186618 
758 34.750837 0.000000 -1.118830 109.669587 0.012377 2.137938 -0.187980 
759 34.157267 0.000000 -0.566234 105.857598 0.012032 0.883288 -0.115368 
760 41.873679 0.000000 -10.512965 97.835480 0.000884 -0.339753 0.043498 
761 41.873679 0.000000 -14.933734 95.518823 0.000956 -2.186120 0.090923 
762 46.622241 0.000000 -10.512965 98.626944 0.011943 -0.092160 0.027542 
763 39.499399 0.000000 -3.881811 95.506965 0.000722 -3.610592 0.092043 
764 39.499399 0.000000 -6.092195 96.533387 0.001110 -1.763106 0.070144 
765 41.873679 0.000000 -3.881811 97.068385 -0.000569 -1.717048 0.059292 
766 35.937977 0.000000 -2.776618 101.455617 0.000922 -4.572458 -0.026968 
767 35.937977 0.000000 -3.881811 101.225105 0.001129 -1.983439 -0.024048 
768 37.125118 0.000000 -2.776618 101.317312 0.000129 -1.670748 -0.025994 
769 34.157267 0.000000 -2.224022 89.175394 0.001461 -6.477975 0.225169 
770 33.563697 0.000000 -2.224022 85.493769 0.000698 -7.953903 0.303807 
771 34.157267 0.000000 -2.776618 88.221857 0.001139 -7.625906 0.246754 
772 34.750837 0.000000 -2.224022 91.328519 0.001341 -4.528157 0.178364 
773 33.860482 0.000000 -1.395128 112.066503 0.017697 0.777300 -0.233128 
774 33.563697 0.000000 -1.395128 113.164727 0.019660 0.150503 -0.253407 
775 33.860482 0.000000 -1.671426 112.944128 0.019620 0.382919 -0.249349 
776 34.157267 0.000000 -1.395128 109.954594 0.016012 1.242992 -0.193613 
777 33.860482 0.000000 -1.118830 111.044026 0.015931 1.038643 -0.214081 
778 35.937977 0.000000 1.644151 106.955444 0.039729 -7.263501 -0.131886 
779 37.125118 0.000000 1.644151 113.860131 0.015561 -8.635505 -0.260135 
780 35.937977 0.000000 2.749343 101.242679 0.001034 -2.862836 -0.023979 
781 34.157267 0.000000 2.196747 116.657448 -0.005954 -9.058262 -0.310155 
782 34.157267 0.000000 1.644151 115.902504 -0.005170 -8.417698 -0.297496 
783 34.750837 0.000000 2.196747 116.301997 0.002794 -8.586666 -0.304440 
784 34.157267 0.000000 2.749343 98.394372 0.002474 1.183030 0.032365 
785 34.157267 0.000000 1.091555 109.846332 -0.001152 -5.579874 -0.189032 
786 33.563697 0.000000 1.091555 106.181215 -0.010159 -7.816111 -0.116128 
787 34.157267 0.000000 0.538958 96.601258 0.001874 0.055681 0.068443 
788 34.750837 0.000000 1.091555 112.612922 0.002168 -6.657020 -0.239637 
789 33.860482 0.000000 1.920449 114.993023 -0.007333 -8.495127 -0.280978 
790 33.563697 0.000000 1.920449 108.403758 -0.011348 -8.020485 -0.158706 
791 33.860482 0.000000 1.644151 113.171933 -0.007643 -8.100989 -0.248212 
792 34.157267 0.000000 1.920449 115.896373 -0.005362 -8.419474 -0.297384 
793 33.860482 0.000000 2.196747 116.137421 -0.008126 -8.933539 -0.301022 
794 35.344407 0.000000 -1.118830 112.126912 0.005919 2.481510 -0.233788 
795 35.344407 0.000000 -1.671426 111.822757 0.007095 2.436254 -0.228169 
796 35.937977 0.000000 -1.118830 120.156168 0.000560 3.198134 -0.376591 
797 35.344407 0.000000 -0.566234 111.822757 0.007095 2.436254 -0.228169 
798 39.499399 0.000000 4.959728 103.379497 -0.000539 -2.217332 -0.066580 
799 41.873679 0.000000 4.959728 102.122685 0.004426 -1.373029 -0.042063 
800 39.499399 0.000000 7.170112 101.066244 0.000968 -0.196079 -0.021270 
801 35.937977 0.000000 3.854535 106.054600 0.001818 -5.298599 -0.116690 
802 37.125118 0.000000 3.854535 97.974773 0.001537 0.437699 0.040696 
803 35.937977 0.000000 4.959728 100.151719 0.001770 0.113757 -0.003032 
804 35.344407 0.000000 2.196747 111.497643 0.007194 -7.883669 -0.217427 
805 35.344407 0.000000 1.644151 109.181208 0.009363 -7.666597 -0.174030 
806 35.937977 0.000000 2.196747 106.813179 0.050091 -7.244692 -0.129161 
807 35.344407 0.000000 2.749343 108.208814 0.002007 -7.893433 -0.155151 
808 35.344407 0.000000 -2.224022 101.851792 0.000683 -3.969179 -0.035344 
809 35.344407 0.000000 -2.776618 103.226749 0.000993 -2.993029 -0.063188 
810 35.937977 0.000000 -2.224022 103.471789 0.001131 -4.980791 -0.066504 
811 38.312258 0.000000 -0.566234 112.604332 0.005880 2.663001 -0.242530 
812 38.312258 0.000000 -1.671426 112.453629 0.005652 2.501819 -0.239818 
813 39.499399 0.000000 -0.566234 112.279071 0.008062 0.993771 -0.237028 
814 38.312258 0.000000 0.538958 108.285013 -0.000101 -1.445492 -0.161925 
815 36.531548 0.000000 -1.118830 119.805412 0.006277 3.417037 -0.370481 
816 36.531548 0.000000 -1.671426 119.726121 0.006149 3.400064 -0.369129 
817 37.125118 0.000000 -1.118830 116.441051 0.010615 3.383266 -0.311697 
818 36.531548 0.000000 -0.566234 118.842870 0.009222 3.445361 -0.353862 
819 35.641192 0.000000 -1.395128 115.218585 0.003222 2.739959 -0.290126 
820 35.344407 0.000000 -1.395128 111.570857 0.007173 2.414633 -0.223499 
821 35.641192 0.000000 -1.671426 115.058296 0.003405 2.725624 -0.287245 
822 35.937977 0.000000 -1.395128 120.032082 0.000673 3.191449 -0.374472 
823 35.641192 0.000000 -1.118830 114.846970 0.002968 2.724137 -0.283432 
824 35.344407 0.000000 1.091555 111.497643 0.007194 -7.883669 -0.217427 
825 35.344407 0.000000 0.538958 98.780836 0.002531 0.061478 0.024447 
826 35.937977 0.000000 1.091555 107.019331 0.039406 -7.295629 -0.133077 
827 38.312258 0.000000 1.644151 114.082887 0.007858 -8.679397 -0.264152 
828 39.499399 0.000000 1.644151 114.722533 -0.064214 -8.600847 -0.275924 
829 38.312258 0.000000 2.749343 104.112508 0.004686 -3.810466 -0.080069 
830 36.531548 0.000000 2.196747 98.157286 -0.000510 -0.654245 0.037041 
831 36.531548 0.000000 1.644151 107.756925 0.052995 -7.592594 -0.146891 
832 37.125118 0.000000 2.196747 102.022315 0.004840 -3.331455 -0.039180 
833 36.531548 0.000000 2.749343 99.536554 0.002688 -2.017417 0.009688 
834 35.641192 0.000000 1.920449 107.303477 0.024678 -7.365838 -0.138467 
835 35.344407 0.000000 1.920449 109.424407 0.009135 -7.689387 -0.178623 
836 35.641192 0.000000 1.644151 108.591276 0.016403 -7.551593 -0.162936 
837 35.937977 0.000000 1.920449 106.971305 0.038952 -7.267669 -0.132187 
838 35.641192 0.000000 2.196747 107.303477 0.024678 -7.365838 -0.138467 
839 38.312258 0.000000 -2.776618 98.657594 0.000740 0.038576 0.026925 
840 38.312258 0.000000 -3.881811 96.613590 0.001247 -1.684704 0.068490 
841 39.499399 0.000000 -2.776618 96.882509 -0.000413 -3.942735 0.064371 
842 37.718688 0.000000 -1.118830 113.178289 0.007119 3.008418 -0.252925 
843 37.718688 0.000000 -1.671426 113.459787 0.007349 3.017932 -0.258077 
844 38.312258 0.000000 -1.118830 112.659963 0.005749 2.671759 -0.243551 
845 37.718688 0.000000 -0.566234 113.447028 0.007326 3.015146 -0.257845 
846 36.531548 0.000000 -0.013638 104.108602 -0.001319 -0.089236 -0.081358 
847 35.937977 0.000000 -0.013638 117.139319 -0.000640 -5.355213 -0.322774 
848 37.125118 0.000000 -0.013638 115.436808 -0.001939 0.963174 -0.294561 
849 36.531548 0.000000 0.538958 104.108602 -0.001319 -0.089236 -0.081358 
850 36.828333 0.000000 -0.842532 117.504707 0.011205 3.425358 -0.330494 
851 36.531548 0.000000 -0.842532 119.667522 0.006353 3.403069 -0.368120 
852 36.828333 0.000000 -1.118830 117.479194 0.011319 3.425898 -0.330044 
853 37.125118 0.000000 -0.842532 116.108063 0.011051 3.377598 -0.305766 
854 36.828333 0.000000 -0.566234 117.592813 0.010538 3.420188 -0.332046 
855 36.234763 0.000000 -0.842532 120.545313 0.004078 3.398623 -0.383132 
856 35.937977 0.000000 -0.842532 120.025846 0.000677 3.191055 -0.374365 
857 36.234763 0.000000 -1.118830 119.962257 0.003988 3.338515 -0.373208 
858 36.234763 0.000000 -0.566234 120.859855 0.002205 3.341921 -0.388500 
859 36.531548 0.000000 -2.224022 91.938337 0.000623 -7.055593 0.169108 
860 36.531548 0.000000 -2.776618 96.530624 0.000887 -4.130795 0.071666 
861 37.125118 0.000000 -2.224022 103.338997 0.000230 -1.767235 -0.065954 
862 36.828333 0.000000 -1.395128 117.512306 0.011181 3.425320 -0.330627 
863 36.531548 0.000000 -1.395128 119.669264 0.006347 3.402980 -0.368150 
864 36.828333 0.000000 -1.671426 117.604957 0.010525 3.420432 -0.332259 
865 37.125118 0.000000 -1.395128 116.819832 0.010616 3.395731 -0.318415 
866 36.679940 0.000000 -0.980681 118.517715 0.009599 3.422720 -0.348224 
867 36.531548 0.000000 -0.980681 119.645359 0.006430 3.404206 -0.367739 
868 36.679940 0.000000 -1.118830 118.354280 0.010059 3.425471 -0.345375 
869 36.828333 0.000000 -0.980681 117.485437 0.011285 3.425702 -0.330154 
870 36.679940 0.000000 -0.842532 118.091500 0.011046 3.442729 -0.340778 
871 36.531548 0.000000 1.091555 108.868326 0.050112 -7.970713 -0.167654 
872 37.125118 0.000000 1.091555 112.723547 0.024610 -8.641134 -0.239192 
873 37.718688 0.000000 1.091555 114.478764 0.005768 -8.565462 -0.271536 
874 37.718688 0.000000 0.538958 105.144172 -0.008984 -0.028937 -0.101581 
875 38.312258 0.000000 1.091555 114.063546 0.007986 -8.682122 -0.263795 
876 37.718688 0.000000 1.644151 114.379204 0.005374 -8.500740 -0.269809 
877 36.828333 0.000000 1.367853 111.171879 0.035485 -8.452381 -0.210548 
878 36.531548 0.000000 1.367853 108.110705 0.050104 -7.703068 -0.153533 
879 36.828333 0.000000 1.091555 111.133566 0.035128 -8.364637 -0.209954 
880 37.125118 0.000000 1.367853 113.686179 0.016946 -8.636367 -0.256943 
881 36.828333 0.000000 1.644151 111.095077 0.036143 -8.458975 -0.209098 
882 36.234763 0.000000 1.367853 106.799066 0.055555 -7.267087 -0.128858 
883 35.937977 0.000000 1.367853 106.964566 0.039942 -7.269508 -0.132054 
884 36.234763 0.000000 1.091555 106.103220 0.036596 -5.366365 -0.117567 
885 36.234763 0.000000 1.644151 106.793594 0.057674 -7.275771 -0.128741 
886 38.312258 0.000000 3.854535 101.007094 0.002640 -0.900691 -0.020016 
887 39.499399 0.000000 3.854535 102.384409 0.000333 -2.245897 -0.046937 
888 38.312258 0.000000 4.959728 98.595634 0.001110 1.298616 0.028343 
889 37.718688 0.000000 2.196747 102.251678 -0.003392 -1.148984 -0.044671 
890 38.312258 0.000000 2.196747 103.878309 -0.005705 -5.240822 -0.074250 
891 37.718688 0.000000 2.749343 105.194296 -0.002676 -3.843262 -0.101190 
892 36.828333 0.000000 1.920449 110.987894 0.036777 -8.430418 -0.207127 
893 36.531548 0.000000 1.920449 108.868326 0.050112 -7.970713 -0.167654 
894 37.125118 0.000000 1.920449 113.572669 0.017850 -8.636929 -0.254858 
895 36.828333 0.000000 2.196747 98.790218 0.005711 -1.602713 0.024520 
896 36.679940 0.000000 1.506002 110.172719 0.042975 -8.395688 -0.191820 
897 36.531548 0.000000 1.506002 108.113095 0.050104 -7.703913 -0.153578 
898 36.679940 0.000000 1.367853 109.927786 0.044316 -8.315888 -0.187301 
899 36.828333 0.000000 1.506002 111.148954 0.035732 -8.461070 -0.210106 
900 36.679940 0.000000 1.644151 110.245220 0.042579 -8.419309 -0.193155 
901 37.718688 0.000000 -0.013638 105.144172 -0.008984 -0.028937 -0.101581 
902 38.312258 0.000000 -0.013638 108.990796 0.000081 -1.932619 -0.175206 
903 37.421903 0.000000 -0.842532 115.187068 0.009906 3.274016 -0.289308 
904 37.421903 0.000000 -1.118830 115.309096 0.010060 3.295219 -0.291493 
905 37.718688 0.000000 -0.842532 113.215366 0.007153 3.010331 -0.253604 
906 37.421903 0.000000 -0.566234 114.237831 0.008733 3.187822 -0.272180 
907 37.421903 0.000000 1.367853 113.742025 0.013788 -8.552031 -0.258085 
908 37.421903 0.000000 1.091555 113.704791 0.014184 -8.555288 -0.257397 
909 37.718688 0.000000 1.367853 114.395443 0.005353 -8.510261 -0.270092 
910 37.421903 0.000000 1.644151 113.910027 0.013242 -8.575730 -0.261132 
911 51.370803 0.000000 -1.671426 100.758735 -0.000956 -0.916701 -0.015066 
912 51.370803 0.000000 -6.092195 100.628458 0.009570 1.436817 -0.012347 
913 56.119364 0.000000 -1.671426 106.379506 0.002529 -1.207110 -0.125405 
914 51.370803 0.000000 2.749343 101.506057 -0.003141 -0.723308 -0.029967 
915 44.247960 0.000000 0.538958 139.975201 0.122241 -40.407420 -0.593291 
916 44.247960 0.000000 -1.671426 97.011798 -0.000740 -7.225040 0.065584 
917 46.622241 0.000000 0.538958 125.712963 0.015366 -25.698100 -0.426022 
918 44.247960 0.000000 2.749343 96.431393 -0.000420 0.268044 0.071893 
919 40.686539 0.000000 -0.566234 118.169466 0.019376 0.384011 -0.343005 
920 40.686539 0.000000 -1.671426 118.795831 0.019438 0.543387 -0.353891 
921 41.873679 0.000000 -0.566234 123.947816 0.016847 1.958227 -0.440349 
922 40.686539 0.000000 0.538958 109.418863 -0.156054 -9.602061 -0.175641 
923 38.905828 0.000000 -1.118830 111.723094 0.005120 1.937153 -0.226501 
924 38.905828 0.000000 -1.671426 111.780234 0.005357 2.009845 -0.227538 
925 39.499399 0.000000 -1.118830 112.125712 0.007927 0.998941 -0.234191 
926 38.905828 0.000000 -0.566234 111.780234 0.005357 2.009845 -0.227538 
927 40.686539 0.000000 1.644151 109.016099 -0.166116 -9.081077 -0.168813 
928 41.873679 0.000000 1.644151 117.624103 -0.059720 -12.799310 -0.321162 
929 40.686539 0.000000 2.749343 102.692619 -0.008639 -2.205315 -0.053046 
930 38.905828 0.000000 1.091555 113.382074 0.010319 -8.658427 -0.251323 
931 38.905828 0.000000 0.538958 111.179252 -0.006821 -0.318206 -0.216686 
932 39.499399 0.000000 1.091555 114.772166 -0.067711 -8.598496 -0.276829 
933 38.905828 0.000000 1.644151 113.421687 0.010086 -8.661014 -0.252048 
934 44.247960 0.000000 -3.881811 100.601827 0.001896 -2.188048 -0.011546 
935 44.247960 0.000000 -6.092195 98.715922 0.001666 -0.784407 0.025815 
936 46.622241 0.000000 -3.881811 100.197687 0.008610 -0.090059 -0.003951 
937 40.686539 0.000000 -2.776618 101.661043 0.002243 -1.139476 -0.032968 
938 40.686539 0.000000 -3.881811 103.023342 0.001201 1.172092 -0.059905 
939 41.873679 0.000000 -2.776618 100.899110 0.000357 -0.929636 -0.017861 
940 40.092969 0.000000 -1.118830 114.240900 0.012772 0.342270 -0.273034 
941 40.092969 0.000000 -1.671426 107.782494 0.009965 -0.154052 -0.152509 
942 40.686539 0.000000 -1.118830 117.461125 0.018405 0.326979 -0.330597 
943 40.092969 0.000000 -0.566234 114.298136 0.012952 0.388798 -0.274071 
944 38.905828 0.000000 -0.013638 114.615080 0.001300 2.187699 -0.279447 
945 39.499399 0.000000 -0.013638 111.027641 0.000510 0.681094 -0.213826 
946 39.202614 0.000000 -0.842532 111.692663 0.005841 1.647412 -0.226022 
947 38.905828 0.000000 -0.842532 111.803193 0.005206 2.003110 -0.227966 
948 39.202614 0.000000 -1.118830 111.636600 0.005576 1.671189 -0.224974 
949 39.499399 0.000000 -0.842532 112.136974 0.007931 1.000446 -0.234399 
950 39.202614 0.000000 -0.566234 111.696659 0.005818 1.663952 -0.226092 
951 40.092969 0.000000 1.091555 113.282311 -0.142394 -8.448836 -0.249776 
952 40.092969 0.000000 0.538958 112.127843 -0.165719 -8.376319 -0.228507 
953 40.686539 0.000000 1.091555 109.088345 -0.164311 -9.174530 -0.170042 
954 40.092969 0.000000 1.644151 112.127843 -0.165719 -8.376319 -0.228507 
955 38.905828 0.000000 2.196747 100.807981 0.008248 -2.028694 -0.015724 
956 39.499399 0.000000 2.196747 99.826596 -0.007139 -1.091527 0.003589 
957 38.905828 0.000000 2.749343 99.773608 -0.003443 -0.862499 0.004605 
958 39.202614 0.000000 1.367853 113.741784 -0.005498 -8.649456 -0.257946 
959 38.905828 0.000000 1.367853 113.521377 0.009500 -8.667525 -0.253873 
960 39.202614 0.000000 1.091555 113.760237 -0.010475 -8.639128 -0.258298 
961 39.499399 0.000000 1.367853 114.746610 -0.065921 -8.598921 -0.276364 
962 39.202614 0.000000 1.644151 113.715925 -0.008956 -8.639215 -0.257485 
963 51.370803 0.000000 7.170112 94.488310 -0.001806 5.826843 0.115064 
964 56.119364 0.000000 7.170112 99.910703 -0.000750 0.488677 0.001810 
965 51.370803 0.000000 11.590882 101.743518 -0.009280 -0.406681 -0.034715 
966 44.247960 0.000000 4.959728 99.356650 0.001404 0.202031 0.012889 
967 46.622241 0.000000 4.959728 99.676713 -0.007136 -0.282027 0.006478 
968 44.247960 0.000000 7.170112 100.391238 -0.001595 0.296708 -0.007809 
969 43.060820 0.000000 1.644151 98.731723 0.000545 -6.134429 0.029271 
970 43.060820 0.000000 0.538958 117.220835 0.012343 -23.706174 -0.283144 
971 44.247960 0.000000 1.644151 90.707969 0.000062 6.462217 0.193538 
972 43.060820 0.000000 2.749343 104.418161 0.001349 -10.566168 -0.076921 
973 41.280109 0.000000 1.091555 110.044771 -0.140418 -10.411687 -0.186135 
974 41.280109 0.000000 0.538958 110.499851 -0.129049 -11.000343 -0.193675 
975 41.873679 0.000000 1.091555 116.534459 -0.081323 -11.610978 -0.303903 
976 41.280109 0.000000 1.644151 110.499851 -0.129049 -11.000343 -0.193675 
977 43.060820 0.000000 -0.566234 138.890495 0.031799 5.540599 -0.657053 
978 43.060820 0.000000 -1.671426 100.516594 -0.000128 3.713195 -0.008951 
979 44.247960 0.000000 -0.566234 163.441392 -0.171615 11.662054 -0.719795 
980 43.060820 0.000000 -2.776618 101.079852 0.000448 -0.118481 -0.021543 
981 43.060820 0.000000 -3.881811 100.689817 0.003130 -0.716532 -0.013724 
982 44.247960 0.000000 -2.776618 99.591369 0.001138 -7.103945 0.013265 
983 42.467250 0.000000 -1.118830 132.979104 0.027009 3.751874 -0.577912 
984 41.873679 0.000000 -1.118830 124.380178 0.016494 2.081510 -0.447345 
985 42.467250 0.000000 -1.671426 134.336168 0.028961 4.002464 -0.596925 
986 43.060820 0.000000 -1.118830 137.669453 0.031038 5.128216 -0.641453 
987 42.467250 0.000000 -0.566234 131.841135 0.025372 3.541742 -0.561623 
988 42.467250 0.000000 1.091555 115.351314 -0.043732 -15.559303 -0.274064 
989 42.467250 0.000000 0.538958 114.551910 -0.038108 -16.530071 -0.256857 
990 43.060820 0.000000 1.091555 116.855749 0.010509 -23.487080 -0.277218 
991 42.467250 0.000000 1.644151 103.147995 0.002249 -16.833190 -0.035161 
992 48.996522 0.000000 0.538958 103.081640 0.006104 -2.843411 -0.060412 
993 48.996522 0.000000 -1.671426 112.888133 0.000971 2.887694 -0.247653 
994 51.370803 0.000000 0.538958 101.357799 0.003889 -1.140854 -0.026945 
995 48.996522 0.000000 2.749343 100.280184 -0.004733 0.619108 -0.005562 
996 45.435101 0.000000 -0.566234 186.960499 -0.621910 23.730608 -0.719795 
997 45.435101 0.000000 -1.671426 87.314624 -0.017984 -23.551765 0.325326 
998 46.622241 0.000000 -0.566234 205.581461 -0.206254 -26.932688 -0.719795 
999 45.435101 0.000000 0.538958 168.031815 0.119616 -64.049637 -0.719795 
1000 43.654390 0.000000 -1.118830 148.605071 -0.007984 8.262494 -0.719795 
1001 43.654390 0.000000 -1.671426 96.750447 0.000295 -13.519445 0.084675 
1002 44.247960 0.000000 -1.118830 160.540724 -0.164404 11.693997 -0.719795 
1003 43.654390 0.000000 -0.566234 148.410903 -0.006380 8.217952 -0.719795 
1004 45.435101 0.000000 1.644151 119.555885 -0.003211 -17.021802 -0.345954 
1005 46.622241 0.000000 1.644151 101.751155 0.018146 -6.135528 -0.031208 
1006 45.435101 0.000000 2.749343 104.892013 -0.016600 -6.897472 -0.092239 
1007 44.841530 0.000000 -0.013638 163.198755 0.093735 -48.332822 -0.719795 
1008 44.247960 0.000000 -0.013638 141.469198 0.114910 -40.570958 -0.614129 
1009 44.841530 0.000000 -0.566234 170.849519 -0.369247 16.782831 -0.719795 
1010 45.435101 0.000000 -0.013638 174.950699 -0.066169 -37.760650 -0.719795 
1011 44.841530 0.000000 0.538958 166.334049 0.109899 -58.596758 -0.719795 
1012 -200.302961 0.000000 -209.447580 99.984770 0.000000 1.745241 0.000609 
1013 -276.279947 0.000000 -209.447580 99.984770 0.000000 1.745241 0.000609 
1014 -200.302961 0.000000 -280.179887 99.984770 0.000000 1.745241 0.000609 
1015 255.558951 0.000000 -209.447580 99.993204 -0.002455 1.743892 0.000440 
1016 255.558951 0.000000 -280.179887 99.769075 -0.044082 1.570866 0.004869 
1017 331.535936 0.000000 -209.447580 99.986733 -0.000014 1.738892 0.000568 
1018 -200.302961 0.000000 214.946266 99.984770 0.000000 1.745241 0.000609 
1019 -276.279947 0.000000 214.946266 99.984770 0.000000 1.745241 0.000609 
1020 -200.302961 0.000000 285.678573 99.984770 0.000000 1.745241 0.000609 
1021 -86.337483 0.000000 -103.349118 99.984770 0.000000 1.745241 0.000609 
1022 -124.325976 0.000000 -103.349118 99.984770 0.000000 1.745241 0.000609 
1023 -86.337483 0.000000 -138.715272 99.984770 0.000000 1.745241 0.000609 
1024 103.604980 0.000000 214.946266 99.984770 0.000000 1.745241 0.000609 
1025 179.581965 0.000000 214.946266 100.024704 0.033977 1.713556 -0.000200 
1026 103.604980 0.000000 285.678573 99.984770 0.000000 1.745241 0.000609 
1027 141.593473 0.000000 -103.349118 100.012540 -0.013171 1.732042 0.000049 
1028 141.593473 0.000000 -138.715272 99.803724 0.030040 1.587625 0.004180 
1029 179.581965 0.000000 -103.349118 99.994816 0.000022 1.721911 0.000400 
1030 -86.337483 0.000000 108.847804 99.984770 0.000000 1.745241 0.000609 
1031 -124.325976 0.000000 108.847804 99.984770 0.000000 1.745241 0.000609 
1032 -86.337483 0.000000 144.213958 99.984770 0.000000 1.745241 0.000609 
1033 -29.354744 0.000000 -50.299888 99.984770 0.000000 1.745241 0.000609 
1034 -48.348991 0.000000 -50.299888 99.984770 0.000000 1.745241 0.000609 
1035 -29.354744 0.000000 -67.982965 99.984770 0.000000 1.745241 0.000609 
1036 65.616487 0.000000 108.847804 99.984770 0.000000 1.745241 0.000609 
1037 103.604980 0.000000 108.847804 100.312785 -0.025304 1.480322 -0.006033 
1038 65.616487 0.000000 144.213958 99.984770 0.000000 1.745241 0.000609 
1039 84.610734 0.000000 -50.299888 98.952315 0.004603 0.781503 0.021063 
1040 84.610734 0.000000 -67.982965 98.546365 0.041744 0.549471 0.029194 
1041 103.604980 0.000000 -50.299888 100.019901 0.016038 1.636771 -0.000130 
1042 -29.354744 0.000000 55.798574 99.984770 0.000000 1.745241 0.000609 
1043 -48.348991 0.000000 55.798574 99.984770 0.000000 1.745241 0.000609 
1044 -29.354744 0.000000 73.481651 99.984770 0.000000 1.745241 0.000609 
1045 -19.857621 0.000000 -23.775272 99.984770 0.000000 1.745241 0.000609 
1046 -29.354744 0.000000 -23.775272 99.984770 0.000000 1.745241 0.000609 
1047 -19.857621 0.000000 -32.616811 99.984770 0.000000 1.745241 0.000609 
1048 46.622241 0.000000 55.798574 99.237871 0.027972 2.349396 0.015826 
1049 65.616487 0.000000 55.798574 100.124515 -0.001354 1.609059 -0.002231 
1050 46.622241 0.000000 73.481651 99.984770 0.000000 1.745241 0.000609 
1051 -0.863375 0.000000 29.273958 99.984770 0.000000 1.745241 0.000609 
1052 -10.360498 0.000000 29.273958 99.984770 0.000000 1.745241 0.000609 
1053 -0.863375 0.000000 38.115497 99.984770 0.000000 1.745241 0.000609 
1054 56.119364 0.000000 -23.775272 99.444807 0.008187 0.999028 0.011218 
1055 56.119364 0.000000 -32.616811 98.506863 0.005754 0.409739 0.029975 
1056 65.616487 0.000000 -23.775272 99.998542 0.005003 1.221000 0.000178 
1057 -19.857621 0.000000 29.273958 99.984770 0.000000 1.745241 0.000609 
1058 -29.354744 0.000000 29.273958 99.984770 0.000000 1.745241 0.000609 
1059 -19.857621 0.000000 38.115497 99.984770 0.000000 1.745241 0.000609 
1060 37.125118 0.000000 29.273958 99.938826 0.001195 1.749359 0.001530 
1061 46.622241 0.000000 29.273958 101.133991 0.001182 0.727497 -0.022570 
1062 37.125118 0.000000 38.115497 100.015132 0.003196 1.726535 -0.000005 
1063 13.382310 0.000000 16.011651 100.189612 0.000560 1.581696 -0.003541 
1064 8.633748 0.000000 16.011651 99.984770 0.000000 1.745241 0.000609 
1065 13.382310 0.000000 20.432420 99.984770 0.000000 1.745241 0.000609 
1066 -3.237656 0.000000 4.959728 99.984770 0.000000 1.745241 0.000609 
1067 -5.611936 0.000000 4.959728 99.984770 0.000000 1.745241 0.000609 
1068 -3.237656 0.000000 7.170112 99.984770 0.000000 1.745241 0.000609 
1069 2.104476 0.000000 -1.118830 48.563190 0.278549 -8.563183 1.010233 
1070 2.104476 0.000000 -1.671426 48.524239 0.449702 -7.860631 1.008972 
1071 2.104476 0.000000 -0.566234 48.643856 0.223824 -8.764837 1.009510 
1072 3.291617 0.000000 -0.013638 61.787417 1.257926 17.653976 0.815982 
1073 2.698046 0.000000 -0.013638 54.112002 1.439898 18.172099 0.959370 
1074 3.885187 0.000000 -0.013638 80.895833 7.891381 -11.111494 0.414437 
1075 2.104476 0.000000 -0.013638 19.628750 0.680279 5.703906 1.347979 
1076 2.104476 0.000000 0.538958 18.950469 0.958214 6.175581 1.353933 
1077 4.478757 0.000000 -1.118830 53.301496 -0.013959 -3.743946 0.922138 
1078 4.478757 0.000000 -1.671426 49.080327 1.154687 -2.570475 0.991148 
1079 4.478757 0.000000 -0.566234 51.504466 1.159888 -3.041720 0.951874 
1080 5.665897 0.000000 -0.013638 81.641419 -0.258653 5.401374 0.379127 
1081 5.072327 0.000000 -0.013638 68.045216 -0.269501 17.640054 0.693995 
1082 6.259468 0.000000 -0.013638 88.754436 -0.219292 9.974086 0.240569 
1083 4.478757 0.000000 -0.013638 78.674335 1.013713 6.868497 0.442473 
1084 2.104476 0.000000 1.091555 122.552516 1.357515 -15.774186 -0.400511 
1085 1.510906 0.000000 1.091555 101.759590 0.005488 0.289026 -0.035042 
1086 2.104476 0.000000 1.644151 101.227585 0.004909 0.652761 -0.024442 
1087 15.756591 0.000000 9.380497 99.828835 0.019026 1.883089 0.003780 
1088 13.382310 0.000000 9.380497 99.728348 0.000993 2.047414 0.005857 
1089 15.756591 0.000000 11.590882 100.589165 -0.009105 1.304901 -0.011599 
1090 11.008029 0.000000 9.380497 100.576315 0.110395 1.532581 -0.011277 
1091 8.633748 0.000000 9.380497 103.788525 -0.160659 -1.147428 -0.074957 
1092 11.008029 0.000000 11.590882 97.149922 0.101419 4.059216 0.059052 
1093 5.072327 0.000000 3.854535 102.087230 0.207471 0.772881 -0.041482 
1094 3.885187 0.000000 3.854535 100.665017 0.002346 1.171256 -0.013145 
1095 5.072327 0.000000 4.959728 107.944644 -0.280133 -4.155513 -0.154075 
1096 6.853038 0.000000 -0.013638 72.525551 -0.363544 13.947616 0.587475 
1097 7.446608 0.000000 -0.013638 92.996276 -0.052071 7.137318 0.147490 
1098 6.853038 0.000000 0.538958 93.858821 -0.236521 5.811360 0.127927 
1099 6.853038 0.000000 1.091555 85.810399 0.336463 14.888288 0.316471 
1100 7.446608 0.000000 1.091555 96.755192 0.057193 2.255036 0.065857 
1101 6.853038 0.000000 1.644151 85.660947 0.343937 15.318984 0.321186 
1102 16.943731 0.000000 1.644151 109.040848 0.007894 -2.815830 -0.175790 
1103 15.756591 0.000000 1.644151 112.153402 -0.054875 -0.646591 -0.234751 
1104 18.130872 0.000000 1.644151 100.845230 0.027517 1.691652 -0.016590 
1105 14.569450 0.000000 1.644151 108.917407 0.008877 4.731986 -0.172186 
1106 16.943731 0.000000 -2.776618 100.567384 -0.024778 2.805584 -0.010552 
1107 16.943731 0.000000 -3.881811 99.903658 -0.014727 2.143602 0.002387 
1108 11.601599 0.000000 -2.224022 99.931343 -0.153825 3.205187 0.002404 
1109 11.601599 0.000000 -2.776618 99.615219 -0.025621 2.765957 0.008472 
1110 12.195170 0.000000 -2.224022 99.931343 -0.153825 3.205187 0.002404 
1111 10.414459 0.000000 3.301939 96.379996 0.165338 15.220738 0.097502 
1112 11.008029 0.000000 3.301939 98.957906 0.060771 3.086853 0.021856 
1113 10.414459 0.000000 3.854535 100.229898 -0.040682 1.885162 -0.004241 
1114 32.376556 0.000000 16.011651 100.161485 0.002692 1.424841 -0.003026 
1115 37.125118 0.000000 16.011651 102.371025 0.001450 -0.463829 -0.047139 
1116 32.376556 0.000000 20.432420 100.695643 0.003691 1.134333 -0.013764 
1117 25.253714 0.000000 9.380497 98.779564 0.002358 1.978103 0.024871 
1118 27.627995 0.000000 9.380497 100.230036 0.000389 1.120084 -0.004473 
1119 25.253714 0.000000 11.590882 101.728549 0.001070 0.230479 -0.034429 
1120 19.318012 0.000000 1.644151 101.902248 0.014497 1.507483 -0.037658 
1121 19.318012 0.000000 6.064920 99.859890 -0.006279 1.250084 0.002960 
1122 18.130872 0.000000 6.064920 100.219604 -0.028228 0.779094 -0.004329 
1123 19.318012 0.000000 7.170112 99.134319 -0.015654 1.936237 0.017726 
1124 19.911582 0.000000 -0.013638 104.592164 0.006001 -0.021386 -0.090817 
1125 19.318012 0.000000 -0.013638 103.107552 0.019520 3.461550 -0.060551 
1126 19.911582 0.000000 0.538958 104.592164 0.006001 -0.021386 -0.090817 
1127 22.285863 0.000000 -0.013638 105.320891 0.002712 0.354148 -0.105008 
1128 22.879433 0.000000 -0.013638 105.138872 0.003064 -1.501404 -0.101269 
1129 22.285863 0.000000 0.538958 99.039599 -0.005618 -10.874231 0.031287 
1130 19.911582 0.000000 -2.224022 108.344685 -0.010332 2.288685 -0.162786 
1131 19.318012 0.000000 -2.224022 98.616437 -0.006633 0.469532 0.027775 
1132 19.911582 0.000000 -2.776618 99.237903 -0.001987 1.262780 0.015428 
1133 24.660144 0.000000 -1.118830 102.322234 0.023993 -3.883980 -0.044736 
1134 24.660144 0.000000 -1.671426 101.990084 0.028978 -3.785850 -0.038226 
1135 24.660144 0.000000 -0.566234 102.323709 0.024644 -3.846636 -0.044793 
1136 23.473003 0.000000 -0.013638 104.275829 0.000716 -1.720934 -0.084355 
1137 24.066573 0.000000 -0.013638 103.322358 0.002183 -1.940612 -0.065566 
1138 23.473003 0.000000 0.538958 103.176525 -0.004564 -0.285343 -0.063046 
1139 21.989078 0.000000 -0.842532 106.228676 -0.003893 1.609918 -0.122387 
1140 22.285863 0.000000 -0.842532 105.265095 0.003039 0.275752 -0.103927 
1141 21.989078 0.000000 -0.566234 106.183363 -0.003965 1.632366 -0.121503 
1142 20.950330 0.000000 -0.980681 104.228138 -0.009964 3.007725 -0.082850 
1143 20.801937 0.000000 -0.980681 105.138334 -0.010185 2.814362 -0.100734 
1144 20.950330 0.000000 -0.842532 104.859915 -0.010284 2.832128 -0.095297 
1145 30.002275 0.000000 9.380497 101.325740 0.001985 0.041359 -0.026435 
1146 32.376556 0.000000 9.380497 102.111909 0.001767 -0.806454 -0.041969 
1147 30.002275 0.000000 11.590882 100.278291 0.002071 1.194878 -0.005420 
1148 24.066573 0.000000 6.064920 97.666673 0.003025 2.351441 0.047465 
1149 25.253714 0.000000 6.064920 99.720610 0.001170 0.847504 0.005663 
1150 24.066573 0.000000 7.170112 97.524233 0.002866 2.442484 0.050387 
1151 21.098722 0.000000 4.407132 109.992857 0.037783 -7.545038 -0.189584 
1152 20.505152 0.000000 4.407132 97.866536 0.010501 1.597869 0.043123 
1153 21.098722 0.000000 4.959728 118.695003 0.009126 -15.364272 -0.334738 
1154 23.473003 0.000000 -2.224022 92.939517 0.001154 -5.545178 0.146426 
1155 23.473003 0.000000 -2.776618 93.568932 0.003526 -3.495408 0.131500 
1156 24.066573 0.000000 -2.224022 94.525031 0.002053 -4.217165 0.112567 
1157 24.660144 0.000000 3.301939 109.155046 0.218701 -6.941465 -0.174451 
1158 24.660144 0.000000 2.749343 109.503270 0.224232 -7.030388 -0.180956 
1159 24.660144 0.000000 3.854535 101.039583 -0.000206 -2.732238 -0.020007 
1160 23.473003 0.000000 4.407132 100.667487 0.002517 -1.640582 -0.013063 
1161 24.066573 0.000000 4.407132 98.218943 0.002544 1.096352 0.035878 
1162 23.473003 0.000000 4.959728 101.281662 0.003969 -2.019711 -0.025158 
1163 51.370803 0.000000 -10.512965 97.795063 0.014425 -0.867830 0.044379 
1164 51.370803 0.000000 -14.933734 98.890615 0.006164 0.297714 0.022249 
1165 56.119364 0.000000 -10.512965 101.072363 0.007850 1.149531 -0.021265 
1166 30.595846 0.000000 -1.118830 93.077211 0.030104 -2.734848 0.141042 
1167 30.595846 0.000000 -1.671426 92.799239 0.021850 -2.779162 0.146760 
1168 30.595846 0.000000 -0.566234 89.111438 0.011200 -1.876226 0.222042 
1169 30.595846 0.000000 2.196747 151.963148 -0.098031 -7.397579 -0.719795 
1170 30.595846 0.000000 1.644151 151.963148 -0.098031 -7.397579 -0.719795 
1171 30.595846 0.000000 2.749343 151.963148 -0.098031 -7.397579 -0.719795 
1172 34.157267 0.000000 -0.013638 96.592118 0.001872 0.055656 0.068628 
1173 33.563697 0.000000 -0.013638 124.711258 -0.000557 -8.324166 -0.448485 
1174 34.750837 0.000000 -0.013638 96.517988 0.001849 0.055459 0.070130 
1175 32.970126 0.000000 -0.013638 98.949921 0.001529 0.049548 0.021049 
1176 32.376556 0.000000 -0.013638 102.015298 0.001668 0.103262 -0.040118 
1177 32.970126 0.000000 0.538958 98.947340 0.001529 0.049412 0.021101 
1178 32.970126 0.000000 1.091555 102.672571 -0.004838 -5.175198 -0.050540 
1179 32.376556 0.000000 1.091555 98.874684 0.001514 0.045575 0.022561 
1180 32.970126 0.000000 -2.224022 111.958366 0.002139 -6.500300 -0.227674 
1181 32.376556 0.000000 -2.224022 101.929875 0.001397 -9.226681 -0.030124 
1182 32.970126 0.000000 -2.776618 110.266807 0.001312 -4.683589 -0.197747 
1183 35.344407 0.000000 -0.013638 98.780836 0.002531 0.061478 0.024447 
1184 35.641192 0.000000 -0.842532 115.194328 0.003250 2.737790 -0.289690 
1185 35.344407 0.000000 -0.842532 112.744075 0.004759 2.551654 -0.245151 
1186 35.641192 0.000000 -0.566234 117.545698 0.000568 2.948084 -0.331442 
1187 40.686539 0.000000 3.854535 101.298329 -0.003158 -1.233614 -0.025741 
1188 41.873679 0.000000 3.854535 100.354073 0.002049 -0.382524 -0.007061 
1189 40.686539 0.000000 4.959728 99.657619 -0.000664 0.276666 0.006860 
1190 36.234763 0.000000 -1.395128 119.810604 0.003200 3.287440 -0.370633 
1191 36.234763 0.000000 -1.671426 120.859855 0.002205 3.341921 -0.388500 
1192 35.641192 0.000000 1.367853 108.869772 0.018148 -7.559220 -0.168241 
1193 35.344407 0.000000 1.367853 109.882180 0.008707 -7.732285 -0.187244 
1194 35.641192 0.000000 1.091555 107.303477 0.024678 -7.365838 -0.138467 
1195 36.234763 0.000000 1.920449 106.798027 0.055957 -7.268736 -0.128836 
1196 36.234763 0.000000 2.196747 98.997617 0.003564 -3.248644 0.021162 
1197 37.718688 0.000000 -2.224022 99.563895 0.001437 0.665556 0.008775 
1198 37.718688 0.000000 -2.776618 98.216477 0.000441 -1.146437 0.035939 
1199 38.312258 0.000000 -2.224022 95.003607 0.000345 -4.805736 0.103374 
1200 37.421903 0.000000 -1.395128 115.200789 0.009923 3.275262 -0.289554 
1201 37.421903 0.000000 -1.671426 114.237831 0.008733 3.187822 -0.272180 
1202 37.718688 0.000000 -1.395128 113.236632 0.007175 3.012062 -0.253993 
1203 37.421903 0.000000 1.920449 114.335627 0.007481 -8.500098 -0.269015 
1204 37.718688 0.000000 1.920449 114.466218 0.005918 -8.559733 -0.271315 
1205 37.421903 0.000000 2.196747 103.857391 -0.003642 -3.287855 -0.075414 
1206 48.996522 0.000000 -3.881811 110.779341 0.010209 8.708076 -0.202804 
1207 48.996522 0.000000 -6.092195 93.198933 0.017239 -5.860170 0.141502 
1208 51.370803 0.000000 -3.881811 101.308012 0.005209 2.057345 -0.025667 
1209 41.280109 0.000000 -1.118830 119.821764 0.019539 0.804432 -0.371551 
1210 41.280109 0.000000 -1.671426 120.561356 0.019611 0.992618 -0.384150 
1211 41.280109 0.000000 -0.566234 119.606513 0.019517 0.749662 -0.367863 
1212 41.280109 0.000000 -0.013638 124.759097 -0.000996 -5.533704 -0.451771 
1213 40.686539 0.000000 -0.013638 117.545568 0.001563 0.961506 -0.332021 
1214 41.873679 0.000000 -0.013638 115.045976 0.000044 -29.292048 -0.218096 
1215 40.092969 0.000000 -0.013638 110.158521 -0.001485 -1.975960 -0.197249 
1216 40.092969 0.000000 2.196747 99.286633 0.001176 -0.153170 0.014292 
1217 40.686539 0.000000 2.196747 106.236347 0.008379 -5.913544 -0.119584 
1218 40.092969 0.000000 2.749343 100.507819 0.001686 -0.924028 -0.010060 
1219 45.435101 0.000000 -2.776618 85.273129 -0.004404 -9.966251 0.312754 
1220 45.435101 0.000000 -3.881811 93.665847 0.009897 -1.888555 0.128573 
1221 46.622241 0.000000 -2.776618 100.563110 0.003631 -1.261213 -0.011090 
1222 48.996522 0.000000 4.959728 112.822305 0.001392 -10.002760 -0.238936 
1223 51.370803 0.000000 4.959728 102.327075 -0.000482 -0.640976 -0.046251 
1224 48.996522 0.000000 7.170112 103.268897 -0.009556 -2.292967 -0.064371 
1225 43.060820 0.000000 3.854535 100.145999 0.000789 -0.701929 -0.002870 
1226 44.247960 0.000000 3.854535 99.309243 0.000455 -2.386065 0.014411 
1227 43.060820 0.000000 4.959728 101.030419 0.003034 -0.651118 -0.020519 
1228 45.435101 0.000000 3.854535 104.824498 0.000764 -5.120255 -0.092911 
1229 46.622241 0.000000 3.854535 94.337126 -0.012735 4.078736 0.116280 
1230 45.435101 0.000000 4.959728 101.005220 -0.003841 -1.847906 -0.019722 
1231 43.654390 0.000000 -0.013638 157.153797 -0.000531 28.026127 -0.719795 
1232 43.060820 0.000000 -0.013638 117.354639 0.000779 -8.956631 -0.322694 
1233 43.654390 0.000000 0.538958 128.848010 0.075511 -31.509320 -0.456599 
1234 42.467250 0.000000 -0.013638 94.671873 0.000378 -2.885896 0.108552 
1235 44.841530 0.000000 -1.118830 162.569684 -0.326763 15.412789 -0.719795 
1236 44.841530 0.000000 -1.671426 97.343650 -0.004239 2.919187 0.054303 
1237 45.435101 0.000000 -1.118830 186.426901 -0.622453 23.841682 -0.719795 
1238 255.558951 0.000000 214.946266 99.978619 0.001800 1.742185 0.000731 
1239 331.535936 0.000000 214.946266 99.983240 0.000528 1.738569 0.000638 
1240 255.558951 0.000000 285.678573 100.126923 0.280281 1.626545 -0.002266 
1241 141.593473 0.000000 108.847804 99.970831 -0.010698 1.727803 0.000882 
1242 179.581965 0.000000 108.847804 99.977331 -0.006124 1.722222 0.000750 
1243 141.593473 0.000000 144.213958 100.458465 -0.037308 1.360971 -0.008976 
1244 84.610734 0.000000 55.798574 100.640418 -0.012903 1.138804 -0.012662 
1245 103.604980 0.000000 55.798574 100.005941 0.014268 1.624632 0.000145 
1246 84.610734 0.000000 73.481651 100.783072 0.137782 1.075244 -0.015518 
1247 3.885187 0.000000 16.011651 99.984770 0.000000 1.745241 0.000609 
1248 -0.863375 0.000000 16.011651 99.984770 0.000000 1.745241 0.000609 
1249 3.885187 0.000000 20.432420 99.984770 0.000000 1.745241 0.000609 
1250 -5.611936 0.000000 16.011651 99.984770 0.000000 1.745241 0.000609 
1251 -10.360498 0.000000 16.011651 99.984770 0.000000 1.745241 0.000609 
1252 -5.611936 0.000000 20.432420 99.984770 0.000000 1.745241 0.000609 
1253 56.119364 0.000000 29.273958 102.182152 -0.002226 -0.231785 -0.043418 
1254 65.616487 0.000000 29.273958 100.915907 -0.013713 0.745495 -0.018226 
1255 56.119364 0.000000 38.115497 96.627242 -0.000566 4.197845 0.069765 
1256 6.259468 0.000000 9.380497 99.984770 0.000000 1.745241 0.000609 
1257 3.885187 0.000000 9.380497 99.984770 0.000000 1.745241 0.000609 
1258 6.259468 0.000000 11.590882 99.984770 0.000000 1.745241 0.000609 
1259 1.510906 0.000000 9.380497 99.984770 0.000000 1.745241 0.000609 
1260 -0.863375 0.000000 9.380497 99.984770 0.000000 1.745241 0.000609 
1261 1.510906 0.000000 11.590882 99.984770 0.000000 1.745241 0.000609 
1262 -3.237656 0.000000 9.380497 99.984770 0.000000 1.745241 0.000609 
1263 -5.611936 0.000000 9.380497 99.984770 0.000000 1.745241 0.000609 
1264 -3.237656 0.000000 11.590882 99.984770 0.000000 1.745241 0.000609 
1265 2.698046 0.000000 3.854535 99.984770 0.000000 1.745241 0.000609 
1266 1.510906 0.000000 3.854535 99.984770 0.000000 1.745241 0.000609 
1267 2.698046 0.000000 4.959728 99.984770 0.000000 1.745241 0.000609 
1268 0.917336 0.000000 1.091555 99.984770 0.000000 1.745241 0.000609 
1269 0.323766 0.000000 1.091555 99.984770 0.000000 1.745241 0.000609 
1270 0.917336 0.000000 1.644151 99.984770 0.000000 1.745241 0.000609 
1271 41.873679 0.000000 16.011651 99.916550 0.001291 1.220320 0.001818 
1272 46.622241 0.000000 16.011651 99.697790 -0.002781 1.408729 0.006248 
1273 41.873679 0.000000 20.432420 103.253694 0.001328 -1.435471 -0.064377 
1274 16.943731 0.000000 6.064920 101.944431 0.008689 -0.222943 -0.038710 
1275 15.756591 0.000000 6.064920 101.578771 -0.000623 0.417521 -0.031445 
1276 16.943731 0.000000 7.170112 100.609088 -0.000927 1.166366 -0.012030 
1277 14.569450 0.000000 6.064920 101.120675 -0.007941 0.912849 -0.022275 
1278 13.382310 0.000000 6.064920 99.354366 0.031381 2.361333 0.013494 
1279 14.569450 0.000000 7.170112 99.992996 0.027400 1.781224 0.000458 
1280 24.660144 0.000000 -0.013638 101.747478 0.027281 -2.520742 -0.034190 
1281 25.253714 0.000000 -0.013638 127.597590 -0.005241 -0.340791 -0.498628 
1282 24.660144 0.000000 0.538958 102.153715 -0.002356 -0.183427 -0.042857 
1283 34.750837 0.000000 9.380497 106.384139 0.001559 -2.795454 -0.124917 
1284 37.125118 0.000000 9.380497 99.806116 0.001544 0.708629 0.003930 
1285 34.750837 0.000000 11.590882 114.321385 0.001613 -10.692127 -0.265393 
1286 26.440854 0.000000 6.064920 101.679644 -0.000482 -0.650231 -0.033423 
1287 27.627995 0.000000 6.064920 99.168322 -0.000789 1.154013 0.016798 
1288 26.440854 0.000000 7.170112 100.374211 -0.000359 0.667413 -0.007434 
1289 24.660144 0.000000 -2.224022 96.029786 -0.000046 -8.505948 0.087700 
1290 24.660144 0.000000 -2.776618 96.891045 -0.000246 -4.311403 0.064516 
1291 25.253714 0.000000 -2.224022 96.927533 -0.001770 -3.018438 0.062786 
1292 24.660144 0.000000 4.407132 98.689768 -0.001248 0.173453 0.026281 
1293 25.253714 0.000000 4.407132 100.771238 -0.000615 -1.001161 -0.015299 
1294 24.660144 0.000000 4.959728 100.463710 -0.000494 -0.521222 -0.009238 
1295 25.847284 0.000000 -0.013638 127.597590 -0.005241 -0.340791 -0.498628 
1296 26.440854 0.000000 -0.013638 115.639069 -0.002986 -0.079379 -0.298260 
1297 25.847284 0.000000 0.538958 127.597590 -0.005241 -0.340791 -0.498628 
1298 25.847284 0.000000 -2.224022 132.032308 -0.001028 -1.212759 -0.565002 
1299 25.847284 0.000000 -2.776618 131.028037 -0.001839 -9.770629 -0.545061 
1300 26.440854 0.000000 -2.224022 20.887346 -0.002075 -10.302696 1.352072 
1301 28.815135 0.000000 6.064920 100.784320 -0.000890 -0.311274 -0.015649 
1302 30.002275 0.000000 6.064920 99.701480 0.001976 0.362850 0.005988 
1303 28.815135 0.000000 7.170112 104.420567 -0.000791 -2.588357 -0.086837 
1304 25.847284 0.000000 4.407132 103.178504 -0.002047 -3.231762 -0.062096 
1305 26.440854 0.000000 4.407132 98.814461 -0.001561 0.480858 0.023794 
1306 25.847284 0.000000 4.959728 99.959959 -0.001062 0.194697 0.000805 
1307 31.782986 0.000000 -0.013638 98.769500 0.001492 0.040020 0.024675 
1308 31.189416 0.000000 -0.013638 116.742763 0.002036 -6.705504 -0.314506 
1309 31.782986 0.000000 0.538958 98.760272 0.001490 0.039533 0.024860 
1310 30.595846 0.000000 -0.013638 86.314589 0.000125 -0.734495 0.279316 
1311 30.002275 0.000000 -0.013638 86.380603 0.000145 -0.750683 0.277958 
1312 30.595846 0.000000 0.538958 86.315289 0.000126 -0.734841 0.279302 
1313 30.595846 0.000000 1.091555 85.335131 0.000272 -0.950038 0.299545 
1314 30.002275 0.000000 1.091555 86.392946 0.000146 -0.751696 0.277704 
1315 31.189416 0.000000 1.091555 102.250791 0.001114 -23.982219 0.012044 
1316 31.782986 0.000000 1.091555 98.779666 0.001494 0.040557 0.024471 
1317 31.782986 0.000000 -2.224022 88.034209 0.002117 -13.318053 0.264694 
1318 31.189416 0.000000 -2.224022 87.094646 0.002089 -11.034711 0.277640 
1319 31.782986 0.000000 -2.776618 84.554572 0.001260 -13.452480 0.337693 
1320 30.595846 0.000000 -2.224022 83.964521 0.001909 -9.840794 0.339581 
1321 30.002275 0.000000 -2.224022 103.313647 0.001756 -6.804258 -0.061337 
1322 30.595846 0.000000 -2.776618 89.261917 0.001886 -4.140648 0.220516 
1323 51.370803 0.000000 16.011651 99.759164 -0.006027 1.437673 0.005027 
1324 56.119364 0.000000 16.011651 101.916348 -0.013625 -0.515831 -0.038132 
1325 51.370803 0.000000 20.432420 100.306057 -0.001661 1.155172 -0.005984 
1326 39.499399 0.000000 9.380497 101.285203 0.001363 0.075181 -0.025629 
1327 41.873679 0.000000 9.380497 98.540341 0.000931 2.018496 0.029700 
1328 39.499399 0.000000 11.590882 101.356205 0.001417 -0.684353 -0.026995 
1329 38.905828 0.000000 -2.224022 93.215108 -0.000006 -3.280088 0.138579 
1330 38.905828 0.000000 -2.776618 92.872163 0.001161 -3.467060 0.145741 
1331 39.499399 0.000000 -2.224022 100.572065 0.000941 -0.968842 -0.011334 
1332 41.280109 0.000000 2.196747 100.790486 -0.000277 -1.242808 -0.015629 
1333 41.873679 0.000000 2.196747 99.366192 0.000956 -1.369067 0.012883 
1334 41.280109 0.000000 2.749343 102.552747 0.006788 -2.193946 -0.050288 
1335 40.092969 0.000000 -2.224022 93.879049 0.000147 -1.102000 0.123961 
1336 40.092969 0.000000 -2.776618 93.693356 0.000269 -1.458614 0.127854 
1337 40.686539 0.000000 -2.224022 100.472358 -0.000379 -1.915154 -0.009073 
1338 43.654390 0.000000 1.091555 129.504396 0.086553 -32.755543 -0.462337 
1339 44.247960 0.000000 1.091555 135.654204 0.143443 -39.934427 -0.529851 
1340 43.654390 0.000000 1.644151 104.354490 0.000480 -9.342886 -0.077965 
1341 42.467250 0.000000 2.196747 99.552282 0.001276 0.763800 0.009022 
1342 43.060820 0.000000 2.196747 97.731745 0.001245 -6.128056 0.049462 
1343 42.467250 0.000000 2.749343 100.651559 0.000296 -1.718102 -0.012720 
1344 44.841530 0.000000 1.091555 168.031815 0.119616 -64.049637 -0.719795 
1345 45.435101 0.000000 1.091555 102.593983 -0.003229 -3.181350 -0.050591 
1346 44.841530 0.000000 1.644151 97.891991 0.001981 0.116409 0.042347 
1347 0.323766 0.000000 3.854535 99.984770 0.000000 1.745241 0.000609 
1348 -0.863375 0.000000 3.854535 99.984770 0.000000 1.745241 0.000609 
1349 0.323766 0.000000 4.959728 99.984770 0.000000 1.745241 0.000609 
1350 12.195170 0.000000 6.064920 100.229887 -0.022042 1.645999 -0.004325 
1351 11.008029 0.000000 6.064920 100.481654 -0.008275 1.568452 -0.009378 
1352 12.195170 0.000000 7.170112 100.749046 -0.010225 1.239897 -0.014804 
1353 9.820889 0.000000 6.064920 98.327102 -0.061542 3.470124 0.034810 
1354 8.633748 0.000000 6.064920 101.976347 0.015334 0.685707 -0.039301 
1355 9.820889 0.000000 7.170112 99.382586 0.064252 2.584950 0.013040 
1356 31.189416 0.000000 6.064920 69.266268 0.001840 21.343716 0.690587 
1357 32.376556 0.000000 6.064920 102.588597 0.001691 0.407263 -0.051443 
1358 31.189416 0.000000 7.170112 134.501971 0.001956 -26.983140 -0.561246 
1359 29.408705 0.000000 -0.013638 86.530068 0.000178 -0.776161 0.274883 
1360 28.815135 0.000000 -0.013638 94.705010 0.001347 -1.477165 0.107214 
1361 29.408705 0.000000 0.538958 86.538308 0.000180 -0.777591 0.274713 
1362 29.408705 0.000000 1.091555 86.534093 0.000178 -0.775543 0.274799 
1363 28.815135 0.000000 1.091555 94.705010 0.001347 -1.477165 0.107214 
1364 29.408705 0.000000 -2.224022 77.816338 0.000312 -10.091385 0.467075 
1365 28.815135 0.000000 -2.224022 67.826288 0.000147 -7.659403 0.661673 
1366 29.408705 0.000000 -2.776618 80.093116 0.000342 -13.180468 0.429535 
1367 44.247960 0.000000 9.380497 100.246370 -0.023661 0.570298 -0.004892 
1368 46.622241 0.000000 9.380497 100.321894 -0.006400 0.640583 -0.006392 
1369 44.247960 0.000000 11.590882 100.479000 0.001304 0.682818 -0.009523 
1370 33.563697 0.000000 6.064920 95.249959 0.001878 2.307970 0.096452 
1371 34.750837 0.000000 6.064920 104.830220 0.001947 -4.159196 -0.093853 
1372 33.563697 0.000000 7.170112 120.248199 0.001561 -13.360968 -0.366135 
1373 41.280109 0.000000 -2.224022 96.427240 0.002771 -3.038009 0.072940 
1374 41.280109 0.000000 -2.776618 97.047084 -0.000515 -1.550567 0.059666 
1375 41.873679 0.000000 -2.224022 101.204779 0.000519 0.511534 -0.024004 
1376 48.996522 0.000000 9.380497 101.962932 -0.009388 -0.999713 -0.038984 
1377 51.370803 0.000000 9.380497 100.603681 -0.001632 0.191718 -0.012054 
1378 48.996522 0.000000 11.590882 101.038823 -0.005678 0.219579 -0.020723 
1379 43.654390 0.000000 2.196747 95.476512 0.000112 -0.730798 0.091331 
1380 44.247960 0.000000 2.196747 102.493518 -0.000337 -5.980665 -0.046128 
1381 43.654390 0.000000 2.749343 100.668101 0.000209 -5.257155 -0.010602 
1382 42.467250 0.000000 -2.224022 97.890564 0.000468 -5.805453 0.045852 
1383 42.467250 0.000000 -2.776618 99.417543 0.002833 -3.085937 0.012624 
1384 43.060820 0.000000 -2.224022 100.794222 0.000156 1.824575 -0.015527 
1385 44.841530 0.000000 2.196747 132.595484 0.003244 -26.077078 -0.535291 
1386 45.435101 0.000000 2.196747 109.444152 -0.022075 -6.442273 -0.180525 
1387 44.841530 0.000000 2.749343 100.042439 -0.003246 -2.173183 -0.000377 
1 11 62 60 61 
2 62 10 24 60 
3 60 24 14 63 
4 61 60 63 6 
5 24 66 64 65 
6 66 23 40 64 
7 64 40 27 67 
8 65 64 67 14 
9 40 70 68 69 
10 69 68 71 27 
11 6 63 92 93 
12 63 14 36 92 
13 92 36 19 94 
14 93 92 94 20 
15 14 67 95 96 
16 67 27 52 95 
17 95 52 35 97 
18 96 95 97 36 
19 27 71 98 99 
20 99 98 100 52 
21 68 112 110 111 
22 112 56 80 110 
23 110 80 43 113 
24 111 110 113 71 
25 80 116 114 115 
26 115 114 117 43 
27 71 113 133 134 
28 113 43 102 133 
29 133 102 76 135 
30 134 133 135 98 
31 43 117 136 137 
32 137 136 138 102 
33 114 141 139 140 
34 141 106 129 139 
35 139 129 83 142 
36 140 139 142 117 
37 12 145 143 144 
38 145 7 146 143 
39 143 146 13 25 
40 144 143 25 10 
41 25 149 147 148 
42 149 13 150 147 
43 147 150 26 41 
44 148 147 41 23 
45 41 153 151 152 
46 153 26 154 151 
47 151 154 42 57 
48 152 151 57 39 
49 39 157 155 156 
50 157 57 158 155 
51 155 158 55 81 
52 156 155 81 56 
53 81 161 159 160 
54 161 55 162 159 
55 159 162 82 107 
56 160 159 107 79 
57 79 165 163 164 
58 165 107 166 163 
59 106 169 167 168 
60 168 167 171 129 
61 56 174 172 173 
62 174 81 160 172 
63 172 160 79 116 
64 173 172 116 80 
65 116 177 175 176 
66 177 79 164 175 
67 175 164 106 141 
68 176 175 141 114 
69 164 180 178 179 
70 180 163 181 178 
71 178 181 130 169 
72 179 178 169 106 
73 169 196 194 195 
74 196 130 197 194 
75 194 197 170 198 
76 195 194 198 167 
77 199 201 124 202 
78 200 199 202 125 
79 129 171 203 204 
80 203 205 132 206 
81 204 203 206 83 
82 167 198 207 208 
83 198 170 209 207 
84 207 209 128 210 
85 208 207 210 171 
86 107 212 211 166 
87 212 82 213 211 
88 163 215 214 181 
89 215 166 216 214 
90 214 216 105 191 
91 181 214 191 130 
92 191 223 221 222 
93 223 105 224 221 
94 221 224 192 225 
95 222 221 225 190 
96 226 227 109 228 
97 205 226 228 132 
98 232 233 126 234 
99 201 232 234 124 
100 235 236 189 237 
101 227 235 237 109 
102 193 240 238 239 
103 240 131 241 238 
104 238 241 227 242 
105 239 238 242 226 
106 166 244 243 216 
107 244 211 245 243 
108 243 245 187 218 
109 216 243 218 105 
110 251 108 252 250 
111 250 252 188 253 
112 218 256 254 255 
113 256 187 257 254 
114 254 257 219 258 
115 255 254 258 217 
116 131 260 259 241 
117 260 220 261 259 
118 259 261 235 262 
119 241 259 262 227 
120 253 188 264 263 
121 263 264 59 265 
122 236 263 265 189 
123 220 267 266 261 
124 267 186 268 266 
125 266 268 236 269 
126 261 266 269 235 
127 57 271 270 158 
128 271 42 272 270 
129 270 272 58 89 
130 158 270 89 55 
131 55 274 273 162 
132 274 89 275 273 
133 273 275 88 183 
134 162 273 183 82 
135 82 277 276 213 
136 277 183 278 276 
137 211 280 279 245 
138 280 213 281 279 
139 279 281 108 251 
140 245 279 251 187 
141 187 283 282 257 
142 283 251 284 282 
143 282 284 250 285 
144 257 282 285 219 
145 108 287 286 252 
146 286 288 246 289 
147 252 286 289 188 
148 213 291 290 281 
149 291 276 292 290 
150 281 290 287 108 
151 306 182 307 305 
152 305 307 248 308 
153 288 305 308 246 
154 287 311 309 310 
155 309 312 288 313 
156 310 309 313 286 
157 183 315 314 278 
158 315 88 316 314 
159 276 318 317 292 
160 318 278 319 317 
161 317 319 182 306 
162 290 322 320 321 
163 322 292 323 320 
164 320 323 247 311 
165 321 320 311 287 
166 247 325 324 312 
167 325 306 326 324 
168 324 326 305 327 
169 312 324 327 288 
170 311 330 328 329 
171 330 247 331 328 
172 328 331 312 332 
173 329 328 332 309 
174 188 289 336 264 
175 289 246 337 336 
176 339 341 333 342 
177 340 339 342 233 
178 264 345 343 344 
179 345 336 346 343 
180 344 343 347 59 
181 246 308 348 337 
182 308 248 349 348 
183 348 349 185 350 
184 337 348 350 249 
185 336 352 351 346 
186 352 337 353 351 
187 351 353 249 354 
188 346 351 354 338 
189 189 265 355 356 
190 265 59 340 355 
191 355 340 233 357 
192 356 355 357 232 
193 59 347 358 359 
194 347 338 360 358 
195 358 360 339 361 
196 359 358 361 340 
197 343 364 362 363 
198 364 346 365 362 
199 362 365 338 366 
200 363 362 366 347 
201 249 350 376 341 
202 350 185 377 376 
203 376 377 334 378 
204 341 376 378 333 
205 182 380 379 307 
206 379 381 301 382 
207 307 379 382 248 
208 278 384 383 319 
209 384 314 385 383 
210 383 385 302 380 
211 319 383 380 182 
212 302 391 390 381 
213 391 184 392 390 
214 390 392 303 393 
215 381 390 393 301 
216 380 396 394 395 
217 396 302 397 394 
218 394 397 381 398 
219 395 394 398 379 
220 185 400 399 377 
221 400 304 401 399 
222 399 401 373 402 
223 377 399 402 334 
224 304 407 406 401 
225 407 91 408 406 
226 406 408 374 409 
227 401 406 409 373 
228 89 411 410 275 
229 411 58 412 410 
230 410 412 90 298 
231 275 410 298 88 
232 88 414 413 316 
233 414 298 415 413 
234 184 417 416 392 
235 392 416 419 303 
236 91 421 420 408 
237 421 389 422 420 
238 420 422 403 423 
239 408 420 423 374 
240 298 437 436 415 
241 437 90 438 436 
242 413 441 439 440 
243 441 415 442 439 
244 316 450 448 449 
245 450 413 440 448 
246 449 448 417 184 
247 440 453 451 452 
248 453 439 454 451 
249 451 454 433 445 
250 452 451 445 387 
251 460 297 461 459 
252 459 461 434 462 
253 445 465 463 464 
254 465 433 466 463 
255 463 466 446 467 
256 417 470 468 469 
257 470 387 444 468 
258 468 444 418 471 
259 469 468 471 416 
260 387 474 472 473 
261 474 445 464 472 
262 473 472 475 444 
263 386 435 476 477 
264 435 388 478 476 
265 476 478 300 479 
266 477 476 479 389 
267 418 447 480 481 
268 447 432 482 480 
269 480 482 435 483 
270 481 480 483 386 
271 467 446 486 484 
272 484 486 432 487 
273 485 484 487 447 
274 464 490 488 489 
275 490 463 491 488 
276 488 491 467 492 
277 444 475 493 494 
278 493 485 447 495 
279 494 493 495 418 
280 472 498 496 497 
281 498 464 489 496 
282 496 489 443 499 
283 497 496 499 475 
284 443 492 500 501 
285 492 467 502 500 
286 500 502 484 503 
287 501 500 503 485 
288 489 506 504 505 
289 506 488 507 504 
290 504 507 492 508 
291 505 504 508 443 
292 415 519 518 442 
293 519 436 520 518 
294 439 522 521 454 
295 522 442 523 521 
296 521 523 297 460 
297 454 521 460 433 
298 433 525 524 466 
299 525 460 526 524 
300 524 526 459 527 
301 466 524 527 446 
302 479 534 532 533 
303 534 300 535 532 
304 532 535 516 536 
305 389 539 537 538 
306 539 479 533 537 
307 537 533 515 540 
308 538 537 540 422 
309 19 38 541 542 
310 38 21 543 541 
311 541 543 9 544 
312 542 541 544 22 
313 35 54 545 546 
314 54 37 547 545 
315 545 547 21 548 
316 546 545 548 38 
317 51 78 549 550 
318 78 53 551 549 
319 549 551 37 552 
320 550 549 552 54 
321 75 123 553 554 
322 123 77 555 553 
323 553 555 53 556 
324 554 553 556 78 
325 121 372 557 558 
326 372 122 559 557 
327 557 559 77 560 
328 558 557 560 123 
329 230 405 561 562 
330 405 370 563 561 
331 561 563 372 564 
332 562 561 564 121 
333 403 517 565 566 
334 517 404 567 565 
335 565 567 370 568 
336 566 565 568 405 
337 515 536 569 570 
338 536 516 571 569 
339 569 571 404 572 
340 570 569 572 517 
341 533 575 573 574 
342 575 532 576 573 
343 573 576 536 577 
344 574 573 577 515 
345 297 579 578 461 
346 579 456 580 578 
347 578 580 455 581 
348 461 578 581 434 
349 388 458 582 478 
350 458 428 583 582 
351 582 583 431 529 
352 478 582 529 300 
353 300 585 584 535 
354 585 529 586 584 
355 584 586 528 587 
356 535 584 587 516 
357 593 299 594 592 
358 592 594 430 595 
359 7 597 596 146 
360 597 16 598 596 
361 596 598 15 32 
362 146 596 32 13 
363 13 600 599 150 
364 600 32 601 599 
365 599 601 31 48 
366 150 599 48 26 
367 26 603 602 154 
368 603 48 604 602 
369 602 604 47 85 
370 154 602 85 42 
371 42 606 605 272 
372 606 85 607 605 
373 605 607 84 294 
374 272 605 294 58 
375 58 609 608 412 
376 609 294 610 608 
377 608 610 293 425 
378 412 608 425 90 
379 90 612 611 438 
380 612 425 613 611 
381 436 615 614 520 
382 615 438 616 614 
383 614 616 299 593 
384 429 619 617 618 
385 619 593 620 617 
386 617 620 592 621 
387 618 617 621 457 
388 626 5 627 625 
389 625 627 513 628 
390 428 595 629 583 
391 595 430 630 629 
392 629 630 5 626 
393 583 629 626 431 
394 431 633 631 632 
395 633 626 634 631 
396 631 634 625 635 
397 632 631 635 530 
398 299 637 636 594 
399 594 636 639 430 
400 430 639 640 630 
401 630 640 642 5 
402 438 644 643 616 
403 644 611 645 643 
404 616 643 637 299 
405 15 647 646 33 
406 647 17 648 646 
407 646 648 8 649 
408 33 646 649 18 
409 31 651 650 49 
410 651 33 652 650 
411 650 652 18 653 
412 49 650 653 34 
413 47 655 654 86 
414 655 49 656 654 
415 654 656 34 657 
416 86 654 657 50 
417 659 86 660 658 
418 658 660 50 661 
419 637 676 674 675 
420 676 589 677 674 
421 674 677 638 678 
422 675 674 678 636 
423 5 642 682 627 
424 642 591 683 682 
425 682 683 622 684 
426 627 682 684 513 
427 640 687 685 686 
428 687 641 688 685 
429 685 688 591 689 
430 686 685 689 642 
431 425 691 690 613 
432 691 293 692 690 
433 611 694 693 645 
434 694 613 695 693 
435 671 702 700 701 
436 702 424 703 700 
437 700 703 672 704 
438 701 700 704 670 
439 18 649 705 45 
440 649 8 706 705 
441 705 706 29 707 
442 45 705 707 28 
443 34 653 708 73 
444 653 18 709 708 
445 708 709 45 710 
446 73 708 710 44 
447 50 657 711 119 
448 657 34 712 711 
449 711 712 73 713 
450 119 711 713 72 
451 661 50 715 714 
452 714 715 119 716 
453 720 721 510 722 
454 591 681 726 683 
455 681 427 727 726 
456 726 727 623 728 
457 683 726 728 622 
458 679 731 729 730 
459 731 680 732 729 
460 729 732 427 733 
461 730 729 733 681 
462 613 735 734 695 
463 735 690 736 734 
464 424 738 737 703 
465 738 697 739 737 
466 737 739 696 740 
467 703 737 740 672 
468 427 725 741 727 
469 725 669 742 741 
470 741 742 720 743 
471 727 741 743 623 
472 680 745 744 732 
473 745 723 746 744 
474 744 746 725 747 
475 732 744 747 427 
476 757 667 758 756 
477 756 758 698 759 
478 739 756 759 696 
479 294 761 760 610 
480 761 84 762 760 
481 760 762 295 663 
482 610 760 663 293 
483 293 764 763 692 
484 764 663 765 763 
485 690 767 766 736 
486 767 692 768 766 
487 734 771 769 770 
488 771 736 772 769 
489 769 772 667 757 
490 770 769 757 697 
491 697 775 773 774 
492 775 757 776 773 
493 773 776 756 777 
494 774 773 777 739 
495 782 724 783 781 
496 781 783 669 784 
497 746 781 784 725 
498 699 787 785 786 
499 787 666 788 785 
500 785 788 724 782 
501 786 785 782 723 
502 723 791 789 790 
503 791 782 792 789 
504 789 792 781 793 
505 790 789 793 746 
506 667 795 794 758 
507 758 794 797 698 
508 798 799 717 800 
509 721 798 800 510 
510 669 780 801 742 
511 780 296 802 801 
512 801 802 721 803 
513 742 801 803 720 
514 724 805 804 783 
515 804 806 780 807 
516 783 804 807 669 
517 736 809 808 772 
518 809 766 810 808 
519 808 810 753 795 
520 772 808 795 667 
521 795 821 819 820 
522 821 753 822 819 
523 819 822 796 823 
524 820 819 823 794 
525 666 825 824 788 
526 825 755 826 824 
527 788 824 805 724 
528 830 832 296 833 
529 806 830 833 780 
530 805 836 834 835 
531 836 778 837 834 
532 834 837 806 838 
533 835 834 838 804 
534 692 840 839 768 
535 840 763 841 839 
536 843 812 844 842 
537 842 844 811 845 
538 752 818 846 847 
539 818 754 848 846 
540 846 848 668 849 
541 847 846 849 755 
542 852 817 853 850 
543 850 853 754 854 
544 851 850 854 818 
545 796 857 855 856 
546 857 815 851 855 
547 855 851 818 858 
548 856 855 858 752 
549 766 860 859 810 
550 860 768 861 859 
551 859 861 426 816 
552 810 859 816 753 
553 816 864 862 863 
554 864 426 865 862 
555 862 865 817 852 
556 863 862 852 815 
557 815 868 866 867 
558 868 852 869 866 
559 866 869 850 870 
560 867 866 870 851 
561 755 849 871 826 
562 849 668 872 871 
563 668 874 873 872 
564 874 814 875 873 
565 873 875 827 876 
566 871 879 877 878 
567 879 872 880 877 
568 877 880 779 881 
569 826 884 882 883 
570 884 871 878 882 
571 882 878 831 885 
572 883 882 885 778 
573 296 829 886 802 
574 829 751 887 886 
575 886 887 798 888 
576 802 886 888 721 
577 876 827 890 889 
578 889 890 829 891 
579 832 889 891 296 
580 831 881 892 893 
581 881 779 894 892 
582 892 894 832 895 
583 893 892 895 830 
584 878 898 896 897 
585 898 877 899 896 
586 896 899 881 900 
587 897 896 900 831 
588 754 845 901 848 
589 845 811 902 901 
590 901 902 814 874 
591 848 901 874 668 
592 817 904 903 853 
593 904 842 905 903 
594 903 905 845 906 
595 853 903 906 754 
596 872 908 907 880 
597 908 873 909 907 
598 907 909 876 910 
599 880 907 910 779 
600 912 658 913 911 
601 911 913 661 914 
602 812 924 923 844 
603 924 749 925 923 
604 844 923 926 811 
605 814 931 930 875 
606 931 748 932 930 
607 875 930 933 827 
608 663 935 934 765 
609 935 295 936 934 
610 763 938 937 841 
611 938 765 939 937 
612 749 941 940 925 
613 941 920 942 940 
614 940 942 919 943 
615 925 940 943 813 
616 811 926 944 902 
617 926 813 945 944 
618 944 945 748 931 
619 902 944 931 814 
620 923 948 946 947 
621 948 925 949 946 
622 946 949 813 950 
623 947 946 950 926 
624 748 952 951 932 
625 952 922 953 951 
626 951 953 927 954 
627 932 951 954 828 
628 827 933 955 890 
629 933 828 956 955 
630 955 956 751 957 
631 890 955 957 829 
632 930 960 958 959 
633 960 932 961 958 
634 958 961 828 962 
635 959 958 962 933 
636 914 661 964 963 
637 963 964 714 965 
638 966 967 718 968 
639 799 966 968 717 
640 922 974 973 953 
641 974 750 975 973 
642 973 975 928 976 
643 953 973 976 927 
644 765 981 980 939 
645 981 934 982 980 
646 980 982 916 978 
647 662 985 983 984 
648 985 978 986 983 
649 983 986 977 987 
650 984 983 987 921 
651 750 989 988 975 
652 989 970 990 988 
653 988 990 969 991 
654 975 988 991 928 
655 664 993 992 917 
656 993 911 994 992 
657 992 994 914 995 
658 917 992 995 87 
659 997 664 998 996 
660 996 998 917 999 
661 978 1001 1000 986 
662 1001 916 1002 1000 
663 1000 1002 979 1003 
664 986 1000 1003 977 
665 999 917 1005 1004 
666 1004 1005 87 1006 
667 979 1009 1007 1008 
668 1009 996 1010 1007 
669 1007 1010 999 1011 
670 1008 1007 1011 915 
671 1 1014 1012 1013 
672 1014 12 144 1012 
673 1012 144 10 62 
674 1013 1012 62 11 
675 16 1016 1015 598 
676 1016 2 1017 1015 
677 1015 1017 17 647 
678 598 1015 647 15 
679 20 94 1018 1019 
680 94 19 542 1018 
681 1018 542 22 1020 
682 1019 1018 1020 4 
683 10 1023 1021 1022 
684 1023 25 148 1021 
685 1021 148 23 66 
686 1022 1021 66 24 
687 21 46 1024 543 
688 46 28 1025 1024 
689 1024 1025 30 1026 
690 543 1024 1026 9 
691 32 1028 1027 601 
692 1028 15 1029 1027 
693 1027 1029 33 651 
694 601 1027 651 31 
695 36 97 1030 1031 
696 97 35 546 1030 
697 1030 546 38 1032 
698 1031 1030 1032 19 
699 23 1035 1033 1034 
700 1035 41 152 1033 
701 1033 152 39 70 
702 1034 1033 70 40 
703 37 74 1036 547 
704 74 44 1037 1036 
705 1036 1037 46 1038 
706 547 1036 1038 21 
707 48 1040 1039 604 
708 1040 31 1041 1039 
709 1039 1041 49 655 
710 604 1039 655 47 
711 52 100 1042 1043 
712 100 51 550 1042 
713 1042 550 54 1044 
714 1043 1042 1044 35 
715 70 1047 1045 1046 
716 1047 39 156 1045 
717 1045 156 56 112 
718 1046 1045 112 68 
719 53 120 1048 551 
720 120 72 1049 1048 
721 1048 1049 74 1050 
722 551 1048 1050 37 
723 76 104 1051 1052 
724 104 75 554 1051 
725 1051 554 78 1053 
726 1052 1051 1053 51 
727 85 1055 1054 607 
728 1055 47 1056 1054 
729 1054 1056 86 659 
730 607 1054 659 84 
731 98 135 1057 1058 
732 135 76 1052 1057 
733 1057 1052 51 1059 
734 1058 1057 1059 100 
735 77 369 1060 555 
736 369 118 1061 1060 
737 1060 1061 120 1062 
738 555 1060 1062 53 
739 103 231 1063 1064 
740 231 121 558 1063 
741 1063 558 123 1065 
742 1064 1063 1065 75 
743 117 142 1066 1067 
744 142 83 200 1066 
745 1066 200 125 1068 
746 1067 1066 1068 136 
747 130 1070 1069 197 
748 1070 191 222 1069 
749 1069 222 190 1071 
750 197 1069 1071 170 
751 190 225 1072 1073 
752 225 192 1074 1072 
753 1072 1074 131 240 
754 1073 1072 240 193 
755 170 1071 1075 209 
756 1071 190 1073 1075 
757 1075 1073 193 1076 
758 209 1075 1076 128 
759 105 1078 1077 224 
760 1078 218 255 1077 
761 1077 255 217 1079 
762 224 1077 1079 192 
763 217 258 1080 1081 
764 258 219 1082 1080 
765 1080 1082 186 267 
766 1081 1080 267 220 
767 192 1079 1083 1074 
768 1079 217 1081 1083 
769 1083 1081 220 260 
770 1074 1083 260 131 
771 128 1076 1084 1085 
772 1076 193 239 1084 
773 1084 239 226 1086 
774 1085 1084 1086 205 
775 229 375 1087 1088 
776 375 230 562 1087 
777 1087 562 121 1089 
778 1088 1087 1089 231 
779 126 335 1090 1091 
780 335 229 1088 1090 
781 1090 1088 231 1092 
782 1091 1090 1092 103 
783 109 237 1093 1094 
784 237 189 356 1093 
785 1093 356 232 1095 
786 1094 1093 1095 201 
787 219 285 1096 1082 
788 285 250 1097 1096 
789 1096 1097 253 1098 
790 1082 1096 1098 186 
791 186 1098 1099 268 
792 1098 253 1100 1099 
793 1099 1100 263 1101 
794 268 1099 1101 236 
795 301 393 1102 1103 
796 393 303 1104 1102 
797 1102 1104 91 407 
798 1103 1102 407 304 
799 248 382 1105 349 
800 382 301 1103 1105 
801 1105 1103 304 400 
802 349 1105 400 185 
803 314 1107 1106 385 
804 1107 316 449 1106 
805 1106 449 184 391 
806 385 1106 391 302 
807 292 1109 1108 323 
808 1109 317 1110 1108 
809 1108 1110 306 325 
810 323 1108 325 247 
811 338 354 1111 360 
812 354 249 1112 1111 
813 1111 1112 341 1113 
814 360 1111 1113 339 
815 122 511 1114 559 
816 511 367 1115 1114 
817 1114 1115 369 1116 
818 559 1114 1116 77 
819 370 514 1117 563 
820 514 371 1118 1117 
821 1117 1118 122 1119 
822 563 1117 1119 372 
823 303 419 1120 1104 
824 419 386 477 1120 
825 1120 477 389 421 
826 1104 1120 421 91 
827 374 423 1121 1122 
828 423 403 566 1121 
829 1121 566 405 1123 
830 1122 1121 1123 230 
831 416 471 1124 1125 
832 471 418 481 1124 
833 1124 481 386 1126 
834 1125 1124 1126 419 
835 432 462 1127 482 
836 462 434 1128 1127 
837 1127 1128 388 1129 
838 482 1127 1129 435 
839 448 1132 1130 1131 
840 1132 440 452 1130 
841 1130 452 387 470 
842 1131 1130 470 417 
843 456 1134 1133 580 
844 1134 429 618 1133 
845 1133 618 457 1135 
846 580 1133 1135 455 
847 434 581 1136 1128 
848 581 455 1137 1136 
849 1136 1137 458 1138 
850 1128 1136 1138 388 
851 446 527 1139 486 
852 527 459 1140 1139 
853 1139 1140 462 1141 
854 486 1139 1141 432 
855 475 499 1142 1143 
856 499 443 501 1142 
857 1142 501 485 1144 
858 1143 1142 1144 493 
859 371 624 1145 1118 
860 624 509 1146 1145 
861 1145 1146 511 1147 
862 1118 1145 1147 122 
863 404 531 1148 567 
864 531 512 1149 1148 
865 1148 1149 514 1150 
866 567 1148 1150 370 
867 422 540 1151 1152 
868 540 515 570 1151 
869 1151 570 517 1153 
870 1152 1151 1153 403 
871 442 1155 1154 523 
872 1155 518 1156 1154 
873 1154 1156 456 579 
874 523 1154 579 297 
875 529 1158 1157 586 
876 1158 431 632 1157 
877 1157 632 530 1159 
878 586 1157 1159 528 
879 516 587 1160 571 
880 587 528 1161 1160 
881 1160 1161 531 1162 
882 571 1160 1162 404 
883 84 1164 1163 762 
884 1164 659 1165 1163 
885 1163 1165 658 912 
886 762 1163 912 295 
887 589 1167 1166 677 
888 1167 671 701 1166 
889 1166 701 670 1168 
890 677 1166 1168 638 
891 641 1170 1169 688 
892 1170 679 730 1169 
893 1169 730 681 1171 
894 688 1169 1171 591 
895 696 759 1172 1173 
896 759 698 1174 1172 
897 1172 1174 666 787 
898 1173 1172 787 699 
899 672 740 1175 1176 
900 740 696 1173 1175 
901 1175 1173 699 1177 
902 1176 1175 1177 590 
903 590 1177 1178 1179 
904 1177 699 786 1178 
905 1178 786 723 745 
906 1179 1178 745 680 
907 695 1182 1180 1181 
908 1182 734 770 1180 
909 1180 770 697 738 
910 1181 1180 738 424 
911 698 797 1183 1174 
912 797 752 847 1183 
913 1183 847 755 825 
914 1174 1183 825 666 
915 794 823 1184 1185 
916 823 796 856 1184 
917 1184 856 752 1186 
918 1185 1184 1186 797 
919 751 929 1187 887 
920 929 665 1188 1187 
921 1187 1188 799 1189 
922 887 1187 1189 798 
923 753 1191 1190 822 
924 1191 816 863 1190 
925 1190 863 815 857 
926 822 1190 857 796 
927 824 1194 1192 1193 
928 1194 826 883 1192 
929 1192 883 778 836 
930 1193 1192 836 805 
931 778 885 1195 837 
932 885 831 893 1195 
933 1195 893 830 1196 
934 837 1195 1196 806 
935 768 1198 1197 861 
936 1198 839 1199 1197 
937 1197 1199 812 843 
938 861 1197 843 426 
939 426 1201 1200 865 
940 1201 843 1202 1200 
941 1200 1202 842 904 
942 865 1200 904 817 
943 779 910 1203 894 
944 910 876 1204 1203 
945 1203 1204 889 1205 
946 894 1203 1205 832 
947 295 1207 1206 936 
948 1207 912 1208 1206 
949 1206 1208 911 993 
950 936 1206 993 664 
951 920 1210 1209 942 
952 1210 662 984 1209 
953 1209 984 921 1211 
954 942 1209 1211 919 
955 919 1211 1212 1213 
956 1211 921 1214 1212 
957 1212 1214 750 974 
958 1213 1212 974 922 
959 813 943 1215 945 
960 943 919 1213 1215 
961 1215 1213 922 952 
962 945 1215 952 748 
963 828 954 1216 956 
964 954 927 1217 1216 
965 1216 1217 929 1218 
966 956 1216 1218 751 
967 934 1220 1219 982 
968 1220 936 1221 1219 
969 1219 1221 664 997 
970 982 1219 997 916 
971 87 995 1222 967 
972 995 914 1223 1222 
973 1222 1223 963 1224 
974 967 1222 1224 718 
975 665 972 1225 1188 
976 972 918 1226 1225 
977 1225 1226 966 1227 
978 1188 1225 1227 799 
979 918 1006 1228 1226 
980 1006 87 1229 1228 
981 1228 1229 967 1230 
982 1226 1228 1230 966 
983 977 1003 1231 1232 
984 1003 979 1008 1231 
985 1231 1008 915 1233 
986 1232 1231 1233 970 
987 921 987 1234 1214 
988 987 977 1232 1234 
989 1234 1232 970 989 
990 1214 1234 989 750 
991 916 1236 1235 1002 
992 1236 997 1237 1235 
993 1235 1237 996 1009 
994 1002 1235 1009 979 
995 28 707 1238 1025 
996 707 29 1239 1238 
997 1238 1239 3 1240 
998 1025 1238 1240 30 
999 44 710 1241 1037 
1000 710 45 1242 1241 
1001 1241 1242 28 1243 
1002 1037 1241 1243 46 
1003 72 713 1244 1049 
1004 713 73 1245 1244 
1005 1244 1245 44 1246 
1006 1049 1244 1246 74 
1007 101 127 1247 1248 
1008 127 103 1064 1247 
1009 1247 1064 75 1249 
1010 1248 1247 1249 104 
1011 102 138 1250 1251 
1012 138 101 1248 1250 
1013 1250 1248 104 1252 
1014 1251 1250 1252 76 
1015 118 716 1253 1061 
1016 716 119 1254 1253 
1017 1253 1254 72 1255 
1018 1061 1253 1255 120 
1019 124 234 1256 1257 
1020 234 126 1091 1256 
1021 1256 1091 103 1258 
1022 1257 1256 1258 127 
1023 125 202 1259 1260 
1024 202 124 1257 1259 
1025 1259 1257 127 1261 
1026 1260 1259 1261 101 
1027 136 1068 1262 1263 
1028 1068 125 1260 1262 
1029 1262 1260 101 1264 
1030 1263 1262 1264 138 
1031 132 228 1265 1266 
1032 228 109 1094 1265 
1033 1265 1094 201 1267 
1034 1266 1265 1267 199 
1035 171 210 1268 1269 
1036 210 128 1085 1268 
1037 1268 1085 205 1270 
1038 1269 1268 1270 203 
1039 367 719 1271 1115 
1040 719 368 1272 1271 
1041 1271 1272 118 1273 
1042 1115 1271 1273 369 
1043 373 409 1274 1275 
1044 409 374 1122 1274 
1045 1274 1122 230 1276 
1046 1275 1274 1276 375 
1047 334 402 1277 1278 
1048 402 373 1275 1277 
1049 1277 1275 375 1279 
1050 1278 1277 1279 229 
1051 455 1135 1280 1137 
1052 1135 457 1281 1280 
1053 1280 1281 428 1282 
1054 1137 1280 1282 458 
1055 509 722 1283 1146 
1056 722 510 1284 1283 
1057 1283 1284 367 1285 
1058 1146 1283 1285 511 
1059 512 628 1286 1149 
1060 628 513 1287 1286 
1061 1286 1287 371 1288 
1062 1149 1286 1288 514 
1063 518 1290 1289 1156 
1064 1290 520 1291 1289 
1065 1289 1291 429 1134 
1066 1156 1289 1134 456 
1067 528 1159 1292 1161 
1068 1159 530 1293 1292 
1069 1292 1293 512 1294 
1070 1161 1292 1294 531 
1071 457 621 1295 1281 
1072 621 592 1296 1295 
1073 1295 1296 595 1297 
1074 1281 1295 1297 428 
1075 520 1299 1298 1291 
1076 1299 614 1300 1298 
1077 1298 1300 593 619 
1078 1291 1298 619 429 
1079 513 684 1301 1287 
1080 684 622 1302 1301 
1081 1301 1302 624 1303 
1082 1287 1301 1303 371 
1083 530 635 1304 1293 
1084 635 625 1305 1304 
1085 1304 1305 628 1306 
1086 1293 1304 1306 512 
1087 670 704 1307 1308 
1088 704 672 1176 1307 
1089 1307 1176 590 1309 
1090 1308 1307 1309 673 
1091 638 1168 1310 1311 
1092 1168 670 1308 1310 
1093 1310 1308 673 1312 
1094 1311 1310 1312 588 
1095 588 1312 1313 1314 
1096 1312 673 1315 1313 
1097 1313 1315 679 1170 
1098 1314 1313 1170 641 
1099 673 1309 1316 1315 
1100 1309 590 1179 1316 
1101 1316 1179 680 731 
1102 1315 1316 731 679 
1103 693 1319 1317 1318 
1104 1319 695 1181 1317 
1105 1317 1181 424 702 
1106 1318 1317 702 671 
1107 645 1322 1320 1321 
1108 1322 693 1318 1320 
1109 1320 1318 671 1167 
1110 1321 1320 1167 589 
1111 368 965 1323 1272 
1112 965 714 1324 1323 
1113 1323 1324 716 1325 
1114 1272 1323 1325 118 
1115 510 800 1326 1284 
1116 800 717 1327 1326 
1117 1326 1327 719 1328 
1118 1284 1326 1328 367 
1119 839 1330 1329 1199 
1120 1330 841 1331 1329 
1121 1329 1331 749 924 
1122 1199 1329 924 812 
1123 927 976 1332 1217 
1124 976 928 1333 1332 
1125 1332 1333 665 1334 
1126 1217 1332 1334 929 
1127 841 1336 1335 1331 
1128 1336 937 1337 1335 
1129 1335 1337 920 941 
1130 1331 1335 941 749 
1131 970 1233 1338 990 
1132 1233 915 1339 1338 
1133 1338 1339 971 1340 
1134 990 1338 1340 969 
1135 928 991 1341 1333 
1136 991 969 1342 1341 
1137 1341 1342 972 1343 
1138 1333 1341 1343 665 
1139 915 1011 1344 1339 
1140 1011 999 1345 1344 
1141 1344 1345 1004 1346 
1142 1339 1344 1346 971 
1143 83 206 1347 1348 
1144 206 132 1266 1347 
1145 1347 1266 199 1349 
1146 1348 1347 1349 200 
1147 333 378 1350 1351 
1148 378 334 1278 1350 
1149 1350 1278 229 1352 
1150 1351 1350 1352 335 
1151 233 342 1353 1354 
1152 342 333 1351 1353 
1153 1353 1351 335 1355 
1154 1354 1353 1355 126 
1155 622 728 1356 1302 
1156 728 623 1357 1356 
1157 1356 1357 509 1358 
1158 1302 1356 1358 624 
1159 636 678 1359 1360 
1160 678 638 1311 1359 
1161 1359 1311 588 1361 
1162 1360 1359 1361 639 
1163 639 1361 1362 1363 
1164 1361 588 1314 1362 
1165 1362 1314 641 687 
1166 1363 1362 687 640 
1167 643 1366 1364 1365 
1168 1366 645 1321 1364 
1169 1364 1321 589 676 
1170 1365 1364 676 637 
1171 717 968 1367 1327 
1172 968 718 1368 1367 
1173 1367 1368 368 1369 
1174 1327 1367 1369 719 
1175 623 743 1370 1357 
1176 743 720 1371 1370 
1177 1370 1371 722 1372 
1178 1357 1370 1372 509 
1179 937 1374 1373 1337 
1180 1374 939 1375 1373 
1181 1373 1375 662 1210 
1182 1337 1373 1210 920 
1183 718 1224 1376 1368 
1184 1224 963 1377 1376 
1185 1376 1377 965 1378 
1186 1368 1376 1378 368 
1187 969 1340 1379 1342 
1188 1340 971 1380 1379 
1189 1379 1380 918 1381 
1190 1342 1379 1381 972 
1191 939 1383 1382 1375 
1192 1383 980 1384 1382 
1193 1382 1384 978 985 
1194 1375 1382 985 662 
1195 971 1346 1385 1380 
1196 1346 1004 1386 1385 
1197 1385 1386 1006 1387 
1198 1380 1385 1387 918 
