2 0.000000 100.000000 178.105148
1387 1198 
1 -276.279947 0.000000 -280.179887 99.756405 0.000000 6.975647 0.009766 
2 331.535936 0.000000 -280.179887 99.766689 0.000810 6.970139 0.009552 
3 331.535936 0.000000 285.678573 99.748492 -0.000904 6.966870 0.009913 
4 -276.279947 0.000000 285.678573 99.756405 0.000000 6.975647 0.009766 
5 27.627995 0.000000 2.749343 137.957922 0.147874 -16.342355 -0.633720 
6 -276.279947 0.000000 2.749343 99.756405 0.000000 6.975647 0.009766 
7 27.627995 0.000000 -280.179887 99.756405 0.000000 6.975647 0.009766 
8 331.535936 0.000000 2.749343 99.891180 0.007366 5.053287 0.004737 
9 27.627995 0.000000 285.678573 99.756405 0.000000 6.975647 0.009766 
10 -124.325976 0.000000 -138.715272 99.756405 0.000000 6.975647 0.009766 
11 -276.279947 0.000000 -138.715272 99.756405 0.000000 6.975647 0.009766 
12 -124.325976 0.000000 -280.179887 99.756405 0.000000 6.975647 0.009766 
13 27.627995 0.000000 -138.715272 99.756405 0.000000 6.975647 0.009766 
14 -124.325976 0.000000 2.749343 99.756405 0.000000 6.975647 0.009766 
15 179.581965 0.000000 -138.715272 99.800492 0.001658 6.954200 0.008850 
16 179.581965 0.000000 -280.179887 99.756405 0.000000 6.975647 0.009766 
17 331.535936 0.000000 -138.715272 99.762080 0.001206 6.936949 0.009598 
18 179.581965 0.000000 2.749343 100.017471 0.010740 3.264981 0.000717 
19 -124.325976 0.000000 144.213958 99.756405 0.000000 6.975647 0.009766 
20 -276.279947 0.000000 144.213958 99.756405 0.000000 6.975647 0.009766 
21 27.627995 0.000000 144.213958 99.756405 0.000000 6.975647 0.009766 
22 -124.325976 0.000000 285.678573 99.756405 0.000000 6.975647 0.009766 
23 -48.348991 0.000000 -67.982965 99.756405 0.000000 6.975647 0.009766 
24 -124.325976 0.000000 -67.982965 99.756405 0.000000 6.975647 0.009766 
25 -48.348991 0.000000 -138.715272 99.756405 0.000000 6.975647 0.009766 
26 27.627995 0.000000 -67.982965 99.756405 0.000000 6.975647 0.009766 
27 -48.348991 0.000000 2.749343 99.756405 0.000000 6.975647 0.009766 
28 179.581965 0.000000 144.213958 99.723966 -0.001894 6.943214 0.010372 
29 331.535936 0.000000 144.213958 99.758737 -0.001608 6.911379 0.009629 
30 179.581965 0.000000 285.678573 99.756405 0.000000 6.975647 0.009766 
31 103.604980 0.000000 -67.982965 97.943015 0.002314 5.353143 0.044270 
32 103.604980 0.000000 -138.715272 99.756405 0.000000 6.975647 0.009766 
33 179.581965 0.000000 -67.982965 99.779925 0.002393 6.817663 0.009074 
34 103.604980 0.000000 2.749343 100.097043 0.011716 2.240604 -0.001439 
35 -48.348991 0.000000 73.481651 99.756405 0.000000 6.975647 0.009766 
36 -124.325976 0.000000 73.481651 99.756405 0.000000 6.975647 0.009766 
37 27.627995 0.000000 73.481651 99.756405 0.000000 6.975647 0.009766 
38 -48.348991 0.000000 144.213958 99.756405 0.000000 6.975647 0.009766 
39 -10.360498 0.000000 -32.616811 99.756405 0.000000 6.975647 0.009766 
40 -48.348991 0.000000 -32.616811 99.756405 0.000000 6.975647 0.009766 
41 -10.360498 0.000000 -67.982965 99.756405 0.000000 6.975647 0.009766 
42 27.627995 0.000000 -32.616811 100.343193 0.005856 7.425482 -0.001361 
43 -10.360498 0.000000 2.749343 99.756405 0.000000 6.975647 0.009766 
44 103.604980 0.000000 73.481651 99.924459 -0.004238 6.605027 0.005885 
45 179.581965 0.000000 73.481651 99.763670 -0.003234 6.746267 0.009303 
46 103.604980 0.000000 144.213958 99.756405 0.000000 6.975647 0.009766 
47 65.616487 0.000000 -32.616811 98.415346 0.000395 5.373687 0.034756 
48 65.616487 0.000000 -67.982965 99.770651 -0.001072 6.986713 0.009495 
49 103.604980 0.000000 -32.616811 99.857668 0.004653 6.363227 0.006911 
50 65.616487 0.000000 2.749343 100.309346 0.007806 2.484809 -0.005568 
51 -10.360498 0.000000 38.115497 99.756405 0.000000 6.975647 0.009766 
52 -48.348991 0.000000 38.115497 99.756405 0.000000 6.975647 0.009766 
53 27.627995 0.000000 38.115497 99.756405 0.000000 6.975647 0.009766 
54 -10.360498 0.000000 73.481651 99.756405 0.000000 6.975647 0.009766 
55 8.633748 0.000000 -14.933734 99.756405 0.000000 6.975647 0.009766 
56 -10.360498 0.000000 -14.933734 99.756405 0.000000 6.975647 0.009766 
57 8.633748 0.000000 -32.616811 99.756405 0.000000 6.975647 0.009766 
58 27.627995 0.000000 -14.933734 99.233582 -0.002716 6.490578 0.019619 
59 8.633748 0.000000 2.749343 100.341430 -0.004194 5.651849 -0.003641 
60 -200.302961 0.000000 -67.982965 99.756405 0.000000 6.975647 0.009766 
61 -276.279947 0.000000 -67.982965 99.756405 0.000000 6.975647 0.009766 
62 -200.302961 0.000000 -138.715272 99.756405 0.000000 6.975647 0.009766 
63 -200.302961 0.000000 2.749343 99.756405 0.000000 6.975647 0.009766 
64 -86.337483 0.000000 -32.616811 99.756405 0.000000 6.975647 0.009766 
65 -124.325976 0.000000 -32.616811 99.756405 0.000000 6.975647 0.009766 
66 -86.337483 0.000000 -67.982965 99.756405 0.000000 6.975647 0.009766 
67 -86.337483 0.000000 2.749343 99.756405 0.000000 6.975647 0.009766 
68 -29.354744 0.000000 -14.933734 99.756405 0.000000 6.975647 0.009766 
69 -48.348991 0.000000 -14.933734 99.756405 0.000000 6.975647 0.009766 
70 -29.354744 0.000000 -32.616811 99.756405 0.000000 6.975647 0.009766 
71 -29.354744 0.000000 2.749343 99.756405 0.000000 6.975647 0.009766 
72 65.616487 0.000000 38.115497 101.290423 -0.000040 5.447716 -0.022817 
73 103.604980 0.000000 38.115497 99.773437 -0.006485 6.274685 0.008489 
74 65.616487 0.000000 73.481651 99.839820 -0.001604 6.907909 0.007996 
75 8.633748 0.000000 20.432420 99.756405 0.000000 6.975647 0.009766 
76 -10.360498 0.000000 20.432420 99.756405 0.000000 6.975647 0.009766 
77 27.627995 0.000000 20.432420 99.748278 -0.000576 6.916270 0.009846 
78 8.633748 0.000000 38.115497 99.756405 0.000000 6.975647 0.009766 
79 -0.863375 0.000000 -6.092195 99.756405 0.000000 6.975647 0.009766 
80 -10.360498 0.000000 -6.092195 99.756405 0.000000 6.975647 0.009766 
81 -0.863375 0.000000 -14.933734 99.756405 0.000000 6.975647 0.009766 
82 8.633748 0.000000 -6.092195 99.285685 -0.036352 6.718562 0.018876 
83 -0.863375 0.000000 2.749343 99.756405 0.000000 6.975647 0.009766 
84 46.622241 0.000000 -14.933734 97.531850 -0.000034 4.070783 0.051332 
85 46.622241 0.000000 -32.616811 99.205038 0.000234 6.482179 0.020183 
86 65.616487 0.000000 -14.933734 100.599549 0.006068 5.335190 -0.009150 
87 46.622241 0.000000 2.749343 103.272037 -0.016938 -0.048083 -0.064934 
88 18.130872 0.000000 -6.092195 99.340135 -0.005673 6.564280 0.017573 
89 18.130872 0.000000 -14.933734 99.703021 -0.017117 6.986240 0.010854 
90 27.627995 0.000000 -6.092195 78.841246 -0.000303 -4.249072 0.435141 
91 18.130872 0.000000 2.749343 107.216331 -0.049127 6.640122 -0.137700 
92 -200.302961 0.000000 73.481651 99.756405 0.000000 6.975647 0.009766 
93 -276.279947 0.000000 73.481651 99.756405 0.000000 6.975647 0.009766 
94 -200.302961 0.000000 144.213958 99.756405 0.000000 6.975647 0.009766 
95 -86.337483 0.000000 38.115497 99.756405 0.000000 6.975647 0.009766 
96 -124.325976 0.000000 38.115497 99.756405 0.000000 6.975647 0.009766 
97 -86.337483 0.000000 73.481651 99.756405 0.000000 6.975647 0.009766 
98 -29.354744 0.000000 20.432420 99.756405 0.000000 6.975647 0.009766 
99 -48.348991 0.000000 20.432420 99.756405 0.000000 6.975647 0.009766 
100 -29.354744 0.000000 38.115497 99.756405 0.000000 6.975647 0.009766 
101 -0.863375 0.000000 11.590882 99.756405 0.000000 6.975647 0.009766 
102 -10.360498 0.000000 11.590882 99.756405 0.000000 6.975647 0.009766 
103 8.633748 0.000000 11.590882 99.756405 0.000000 6.975647 0.009766 
104 -0.863375 0.000000 20.432420 99.756405 0.000000 6.975647 0.009766 
105 3.885187 0.000000 -1.671426 48.594736 0.839253 -1.332564 0.998040 
106 -0.863375 0.000000 -1.671426 99.756405 0.000000 6.975647 0.009766 
107 3.885187 0.000000 -6.092195 99.756405 0.000000 6.975647 0.009766 
108 8.633748 0.000000 -1.671426 92.090833 -0.000048 2.705750 0.161235 
109 3.885187 0.000000 2.749343 88.702002 0.133127 15.117606 0.256798 
110 -19.857621 0.000000 -6.092195 99.756405 0.000000 6.975647 0.009766 
111 -29.354744 0.000000 -6.092195 99.756405 0.000000 6.975647 0.009766 
112 -19.857621 0.000000 -14.933734 99.756405 0.000000 6.975647 0.009766 
113 -19.857621 0.000000 2.749343 99.756405 0.000000 6.975647 0.009766 
114 -5.611936 0.000000 -1.671426 99.756405 0.000000 6.975647 0.009766 
115 -10.360498 0.000000 -1.671426 99.756405 0.000000 6.975647 0.009766 
116 -5.611936 0.000000 -6.092195 99.756405 0.000000 6.975647 0.009766 
117 -5.611936 0.000000 2.749343 99.756405 0.000000 6.975647 0.009766 
118 46.622241 0.000000 20.432420 101.568797 0.000037 4.741767 -0.029064 
119 65.616487 0.000000 20.432420 99.654787 -0.012516 5.420646 0.009866 
120 46.622241 0.000000 38.115497 99.897973 0.000479 6.816730 0.006702 
121 18.130872 0.000000 11.590882 99.820169 0.015675 6.813324 0.008260 
122 27.627995 0.000000 11.590882 98.982805 0.001275 6.828811 0.025128 
123 18.130872 0.000000 20.432420 99.062367 0.066048 7.566590 0.024605 
124 3.885187 0.000000 7.170112 99.756405 0.000000 6.975647 0.009766 
125 -0.863375 0.000000 7.170112 99.756405 0.000000 6.975647 0.009766 
126 8.633748 0.000000 7.170112 102.344185 0.053680 5.308624 -0.043903 
127 3.885187 0.000000 11.590882 99.756405 0.000000 6.975647 0.009766 
128 1.510906 0.000000 0.538958 122.904297 -0.802289 -6.549263 -0.420549 
129 -0.863375 0.000000 0.538958 99.756405 0.000000 6.975647 0.009766 
130 1.510906 0.000000 -1.671426 140.085189 -1.496782 40.178701 -0.595738 
131 3.885187 0.000000 0.538958 64.491299 1.352950 19.368892 0.773704 
132 1.510906 0.000000 2.749343 99.756405 0.000000 6.975647 0.009766 
133 -19.857621 0.000000 11.590882 99.756405 0.000000 6.975647 0.009766 
134 -29.354744 0.000000 11.590882 99.756405 0.000000 6.975647 0.009766 
135 -19.857621 0.000000 20.432420 99.756405 0.000000 6.975647 0.009766 
136 -5.611936 0.000000 7.170112 99.756405 0.000000 6.975647 0.009766 
137 -10.360498 0.000000 7.170112 99.756405 0.000000 6.975647 0.009766 
138 -5.611936 0.000000 11.590882 99.756405 0.000000 6.975647 0.009766 
139 -3.237656 0.000000 0.538958 99.756405 0.000000 6.975647 0.009766 
140 -5.611936 0.000000 0.538958 99.756405 0.000000 6.975647 0.009766 
141 -3.237656 0.000000 -1.671426 99.756405 0.000000 6.975647 0.009766 
142 -3.237656 0.000000 2.749343 99.756405 0.000000 6.975647 0.009766 
143 -48.348991 0.000000 -209.447580 99.756405 0.000000 6.975647 0.009766 
144 -124.325976 0.000000 -209.447580 99.756405 0.000000 6.975647 0.009766 
145 -48.348991 0.000000 -280.179887 99.756405 0.000000 6.975647 0.009766 
146 27.627995 0.000000 -209.447580 99.756405 0.000000 6.975647 0.009766 
147 -10.360498 0.000000 -103.349118 99.756405 0.000000 6.975647 0.009766 
148 -48.348991 0.000000 -103.349118 99.756405 0.000000 6.975647 0.009766 
149 -10.360498 0.000000 -138.715272 99.756405 0.000000 6.975647 0.009766 
150 27.627995 0.000000 -103.349118 99.756405 0.000000 6.975647 0.009766 
151 8.633748 0.000000 -50.299888 99.756405 0.000000 6.975647 0.009766 
152 -10.360498 0.000000 -50.299888 99.756405 0.000000 6.975647 0.009766 
153 8.633748 0.000000 -67.982965 99.756405 0.000000 6.975647 0.009766 
154 27.627995 0.000000 -50.299888 99.756405 0.000000 6.975647 0.009766 
155 -0.863375 0.000000 -23.775272 99.756405 0.000000 6.975647 0.009766 
156 -10.360498 0.000000 -23.775272 99.756405 0.000000 6.975647 0.009766 
157 -0.863375 0.000000 -32.616811 99.756405 0.000000 6.975647 0.009766 
158 8.633748 0.000000 -23.775272 99.756405 0.000000 6.975647 0.009766 
159 3.885187 0.000000 -10.512965 99.756405 0.000000 6.975647 0.009766 
160 -0.863375 0.000000 -10.512965 99.756405 0.000000 6.975647 0.009766 
161 3.885187 0.000000 -14.933734 99.756405 0.000000 6.975647 0.009766 
162 8.633748 0.000000 -10.512965 98.823057 -0.047911 6.185336 0.027494 
163 1.510906 0.000000 -3.881811 99.756405 0.000000 6.975647 0.009766 
164 -0.863375 0.000000 -3.881811 99.756405 0.000000 6.975647 0.009766 
165 1.510906 0.000000 -6.092195 99.756405 0.000000 6.975647 0.009766 
166 3.885187 0.000000 -3.881811 99.214786 0.407357 5.680843 0.019015 
167 0.323766 0.000000 -0.566234 10.178469 -0.044626 3.311386 1.396261 
168 -0.863375 0.000000 -0.566234 99.756405 0.000000 6.975647 0.009766 
169 0.323766 0.000000 -1.671426 99.756405 0.000000 6.975647 0.009766 
170 1.510906 0.000000 -0.566234 91.987014 3.225085 -11.547139 0.178647 
171 0.323766 0.000000 0.538958 99.756405 0.000000 6.975647 0.009766 
172 -5.611936 0.000000 -10.512965 99.756405 0.000000 6.975647 0.009766 
173 -10.360498 0.000000 -10.512965 99.756405 0.000000 6.975647 0.009766 
174 -5.611936 0.000000 -14.933734 99.756405 0.000000 6.975647 0.009766 
175 -3.237656 0.000000 -3.881811 99.756405 0.000000 6.975647 0.009766 
176 -5.611936 0.000000 -3.881811 99.756405 0.000000 6.975647 0.009766 
177 -3.237656 0.000000 -6.092195 99.756405 0.000000 6.975647 0.009766 
178 0.323766 0.000000 -2.776618 99.756405 0.000000 6.975647 0.009766 
179 -0.863375 0.000000 -2.776618 99.756405 0.000000 6.975647 0.009766 
180 0.323766 0.000000 -3.881811 99.756405 0.000000 6.975647 0.009766 
181 1.510906 0.000000 -2.776618 99.756405 0.000000 6.975647 0.009766 
182 13.382310 0.000000 -1.671426 100.560599 0.035754 4.198765 -0.009448 
183 13.382310 0.000000 -6.092195 99.540985 0.003583 6.829142 0.013892 
184 18.130872 0.000000 -1.671426 95.799687 -0.018734 0.410681 0.084724 
185 13.382310 0.000000 2.749343 100.570160 -0.093208 15.100286 0.011414 
186 6.259468 0.000000 0.538958 92.382444 1.202413 4.562869 0.156915 
187 6.259468 0.000000 -1.671426 83.317499 -0.148475 -0.152963 0.340993 
188 8.633748 0.000000 0.538958 96.296262 0.086102 5.839904 0.078223 
189 6.259468 0.000000 2.749343 96.238989 0.264457 10.334702 0.087095 
190 2.698046 0.000000 -0.566234 62.540909 0.799252 -7.866365 0.763655 
191 2.698046 0.000000 -1.671426 65.106886 0.996043 -7.125228 0.713318 
192 3.885187 0.000000 -0.566234 24.059693 -0.403713 14.896321 1.347146 
193 2.698046 0.000000 0.538958 56.264283 1.590291 20.809821 0.937686 
194 0.917336 0.000000 -1.118830 55.691757 0.898140 -4.802307 0.882351 
195 0.323766 0.000000 -1.118830 10.851890 -0.504578 1.468613 1.392008 
196 0.917336 0.000000 -1.671426 98.831195 0.009085 6.054621 0.027167 
197 1.510906 0.000000 -1.118830 59.131889 0.550574 -16.844150 0.861194 
198 0.917336 0.000000 -0.566234 38.123548 0.726142 11.451304 1.173864 
199 1.510906 0.000000 4.959728 99.756405 0.000000 6.975647 0.009766 
200 -0.863375 0.000000 4.959728 99.756405 0.000000 6.975647 0.009766 
201 3.885187 0.000000 4.959728 99.756405 0.000000 6.975647 0.009766 
202 1.510906 0.000000 7.170112 99.756405 0.000000 6.975647 0.009766 
203 0.323766 0.000000 1.644151 99.756405 0.000000 6.975647 0.009766 
204 -0.863375 0.000000 1.644151 99.756405 0.000000 6.975647 0.009766 
205 1.510906 0.000000 1.644151 99.756405 0.000000 6.975647 0.009766 
206 0.323766 0.000000 2.749343 99.756405 0.000000 6.975647 0.009766 
207 0.917336 0.000000 -0.013638 45.630082 1.216078 20.345590 1.114210 
208 0.323766 0.000000 -0.013638 9.944766 0.315060 4.430586 1.398784 
209 1.510906 0.000000 -0.013638 44.616256 1.888958 24.204385 1.160019 
210 0.917336 0.000000 0.538958 99.756405 0.000000 6.975647 0.009766 
211 6.259468 0.000000 -3.881811 97.966425 -0.126140 7.580819 0.046773 
212 6.259468 0.000000 -6.092195 96.934332 0.026053 4.388613 0.063709 
213 8.633748 0.000000 -3.881811 98.526120 -0.024782 6.447679 0.033822 
214 2.698046 0.000000 -2.776618 89.260060 0.253961 -2.291271 0.219189 
215 2.698046 0.000000 -3.881811 99.293637 0.002287 6.576983 0.018525 
216 3.885187 0.000000 -2.776618 103.623819 0.247174 9.806331 -0.062698 
217 5.072327 0.000000 -0.566234 80.225708 0.012365 12.712527 0.425225 
218 5.072327 0.000000 -1.671426 49.282297 0.930969 -0.437209 0.986765 
219 6.259468 0.000000 -0.566234 82.957660 -0.231525 -0.222412 0.348404 
220 5.072327 0.000000 0.538958 82.574837 1.096969 19.423262 0.403976 
221 3.291617 0.000000 -1.118830 65.113720 0.997927 -7.291108 0.713540 
222 2.698046 0.000000 -1.118830 63.451966 0.871962 -7.444942 0.745513 
223 3.291617 0.000000 -1.671426 65.048088 1.069388 -5.632777 0.711664 
224 3.885187 0.000000 -1.118830 48.397849 0.841311 -1.307866 1.001172 
225 3.291617 0.000000 -0.566234 81.219487 -0.480855 12.220613 0.403096 
226 2.698046 0.000000 1.644151 90.903242 -1.299063 11.768461 0.200704 
227 3.885187 0.000000 1.644151 108.571280 0.955879 1.977053 -0.167139 
228 2.698046 0.000000 2.749343 99.756405 0.000000 6.975647 0.009766 
229 13.382310 0.000000 7.170112 99.457078 0.010943 6.960178 0.015762 
230 18.130872 0.000000 7.170112 100.835095 0.007954 5.455789 -0.013727 
231 13.382310 0.000000 11.590882 99.442160 0.029926 7.330202 0.016597 
232 6.259468 0.000000 4.959728 95.993483 -1.762980 10.440438 0.092673 
233 8.633748 0.000000 4.959728 101.645360 -0.179095 6.004010 -0.029256 
234 6.259468 0.000000 7.170112 99.756405 0.000000 6.975647 0.009766 
235 5.072327 0.000000 1.644151 82.541410 1.037788 19.607959 0.405585 
236 6.259468 0.000000 1.644151 86.152021 0.198067 18.847650 0.325603 
237 5.072327 0.000000 2.749343 102.258249 0.415759 5.712663 -0.041751 
238 3.291617 0.000000 1.091555 64.571447 1.360983 19.544679 0.773179 
239 2.698046 0.000000 1.091555 51.044262 2.029801 18.576102 1.014968 
240 3.291617 0.000000 0.538958 65.215605 1.361126 18.695809 0.755724 
241 3.885187 0.000000 1.091555 65.097076 1.540826 20.684163 0.769891 
242 3.291617 0.000000 1.644151 114.040424 0.425015 -2.567725 -0.268860 
243 5.072327 0.000000 -2.776618 102.563636 0.099623 13.484550 -0.033338 
244 5.072327 0.000000 -3.881811 104.929123 0.137368 12.045631 -0.083840 
245 6.259468 0.000000 -2.776618 100.224591 -0.340259 9.076431 0.003758 
246 11.008029 0.000000 0.538958 99.248020 -0.195142 5.762512 0.018428 
247 11.008029 0.000000 -1.671426 98.373545 0.083559 3.955393 0.034244 
248 13.382310 0.000000 0.538958 101.254658 -0.048938 3.255981 -0.023980 
249 11.008029 0.000000 2.749343 97.940074 -0.067483 16.354523 0.069179 
250 7.446608 0.000000 -0.566234 88.498354 -0.010235 10.960517 0.248292 
251 7.446608 0.000000 -1.671426 88.345342 0.035256 1.209533 0.237580 
252 8.633748 0.000000 -0.566234 95.447955 0.305925 6.460047 0.096317 
253 7.446608 0.000000 0.538958 92.712414 0.143331 9.890750 0.158527 
254 5.665897 0.000000 -1.118830 74.243943 -0.443714 -0.714594 0.526146 
255 5.072327 0.000000 -1.118830 52.635856 0.103603 -0.707397 0.931271 
256 5.665897 0.000000 -1.671426 74.206321 -0.449779 -0.699572 0.526901 
257 6.259468 0.000000 -1.118830 83.340337 -0.143041 -0.148562 0.340523 
258 5.665897 0.000000 -0.566234 76.563587 0.885245 15.790633 0.512584 
259 4.478757 0.000000 1.091555 70.276463 1.113590 18.845594 0.655825 
260 4.478757 0.000000 0.538958 65.563178 1.250053 17.786478 0.743925 
261 5.072327 0.000000 1.091555 82.512646 0.999282 19.764238 0.406968 
262 4.478757 0.000000 1.644151 64.328792 1.348990 18.186032 0.770159 
263 7.446608 0.000000 1.644151 89.623696 0.142931 17.629868 0.247149 
264 8.633748 0.000000 1.644151 99.033114 0.012111 5.231006 0.022155 
265 7.446608 0.000000 2.749343 98.211854 -0.379213 8.391996 0.043154 
266 5.665897 0.000000 1.091555 83.668877 0.512864 20.315729 0.385259 
267 5.665897 0.000000 0.538958 85.971464 -0.810063 12.054191 0.303903 
268 6.259468 0.000000 1.091555 86.264122 0.233760 18.451288 0.321432 
269 5.665897 0.000000 1.644151 97.764653 -0.011260 10.445905 0.056221 
270 18.130872 0.000000 -23.775272 99.756405 0.000000 6.975647 0.009766 
271 18.130872 0.000000 -32.616811 99.756405 0.000000 6.975647 0.009766 
272 27.627995 0.000000 -23.775272 99.717045 -0.004005 6.947250 0.010517 
273 13.382310 0.000000 -10.512965 100.092439 0.115354 7.267639 0.003438 
274 13.382310 0.000000 -14.933734 99.320093 0.027729 6.548602 0.017955 
275 18.130872 0.000000 -10.512965 99.672196 0.003275 6.913957 0.011372 
276 11.008029 0.000000 -3.881811 99.556351 0.089865 6.954048 0.013758 
277 11.008029 0.000000 -6.092195 100.738007 -0.120174 8.088556 -0.008246 
278 13.382310 0.000000 -3.881811 99.464502 0.007271 6.663302 0.015204 
279 7.446608 0.000000 -2.776618 100.297083 0.300974 9.131636 0.002399 
280 7.446608 0.000000 -3.881811 98.890895 0.071568 6.575075 0.026634 
281 8.633748 0.000000 -2.776618 96.796020 -0.096001 5.695351 0.067895 
282 6.853038 0.000000 -1.118830 84.639045 -0.106680 0.089071 0.313779 
283 6.853038 0.000000 -1.671426 84.594462 -0.109991 0.080812 0.314698 
284 7.446608 0.000000 -1.118830 88.133267 0.029660 1.234264 0.241955 
285 6.853038 0.000000 -0.566234 73.588629 -0.429542 3.781331 0.541195 
286 9.820889 0.000000 -0.566234 95.382029 0.125974 3.342957 0.094389 
287 9.820889 0.000000 -1.671426 96.148287 0.101477 3.579063 0.078981 
288 11.008029 0.000000 -0.566234 98.015167 0.101265 3.942461 0.041463 
289 9.820889 0.000000 0.538958 98.056931 0.175473 6.043065 0.042782 
290 9.820889 0.000000 -2.776618 99.129694 0.102450 6.776477 0.022097 
291 9.820889 0.000000 -3.881811 98.922382 -0.078267 6.768871 0.026263 
292 11.008029 0.000000 -2.776618 98.915296 -0.012330 6.289459 0.025768 
293 37.125118 0.000000 -6.092195 98.072877 -0.000033 1.946612 0.039088 
294 37.125118 0.000000 -14.933734 94.608653 -0.000095 2.308783 0.109518 
295 46.622241 0.000000 -6.092195 96.897143 0.004407 0.619135 0.062490 
296 37.125118 0.000000 2.749343 98.270421 -0.000862 3.537574 0.036001 
297 22.879433 0.000000 -1.671426 104.435080 0.000813 -1.164381 -0.087621 
298 22.879433 0.000000 -6.092195 98.997201 0.001674 5.797124 0.023512 
299 27.627995 0.000000 -1.671426 87.784446 -0.129085 7.550884 0.255668 
300 22.879433 0.000000 2.749343 114.281724 -0.028975 -8.473410 -0.268068 
301 15.756591 0.000000 0.538958 101.855314 -0.010083 4.211481 -0.035221 
302 15.756591 0.000000 -1.671426 101.601040 0.032210 3.679842 -0.030580 
303 18.130872 0.000000 0.538958 103.224997 0.014827 0.130387 -0.064007 
304 15.756591 0.000000 2.749343 100.635073 -0.035363 14.846522 0.009331 
305 12.195170 0.000000 -0.566234 99.663212 0.046827 4.171706 0.008491 
306 12.195170 0.000000 -1.671426 99.667225 0.043839 4.172546 0.008411 
307 13.382310 0.000000 -0.566234 100.538973 0.038191 4.186649 -0.009026 
308 12.195170 0.000000 0.538958 100.567148 -0.071893 5.327160 -0.008511 
309 10.414459 0.000000 -1.118830 97.991698 0.081466 4.047531 0.042022 
310 9.820889 0.000000 -1.118830 96.222012 0.102975 3.582113 0.077487 
311 10.414459 0.000000 -1.671426 98.026248 0.097464 3.900109 0.041205 
312 11.008029 0.000000 -1.118830 98.429010 0.081286 3.961425 0.033131 
313 10.414459 0.000000 -0.566234 97.967088 0.078887 4.150022 0.042606 
314 15.756591 0.000000 -3.881811 99.890903 0.031250 6.828006 0.006860 
315 15.756591 0.000000 -6.092195 99.472546 -0.002744 6.699541 0.015091 
316 18.130872 0.000000 -3.881811 99.268221 -0.022282 6.084997 0.018405 
317 12.195170 0.000000 -2.776618 99.678555 -0.000837 6.828967 0.011126 
318 12.195170 0.000000 -3.881811 99.399182 -0.015412 6.718754 0.016593 
319 13.382310 0.000000 -2.776618 100.554678 -0.006627 7.326784 -0.005744 
320 10.414459 0.000000 -2.224022 98.049664 0.099127 3.811118 0.040661 
321 9.820889 0.000000 -2.224022 95.382029 0.125974 3.342957 0.094389 
322 10.414459 0.000000 -2.776618 99.349927 0.155593 6.854567 0.017773 
323 11.008029 0.000000 -2.224022 98.049664 0.099127 3.811118 0.040661 
324 11.601599 0.000000 -1.118830 99.299901 0.051764 4.180960 0.015790 
325 11.601599 0.000000 -1.671426 99.326145 0.050455 4.142786 0.015231 
326 12.195170 0.000000 -1.118830 99.736027 0.041540 4.178743 0.007037 
327 11.601599 0.000000 -0.566234 99.292560 0.058446 4.206120 0.015959 
328 10.711244 0.000000 -1.395128 98.022267 0.097707 3.915266 0.041297 
329 10.414459 0.000000 -1.395128 98.017375 -0.245908 3.927598 0.041411 
330 10.711244 0.000000 -1.671426 98.021659 0.097966 3.917590 0.041311 
331 11.008029 0.000000 -1.395128 98.418576 0.080485 3.959110 0.033339 
332 10.711244 0.000000 -1.118830 97.979263 0.078904 4.098999 0.042317 
333 11.008029 0.000000 4.959728 99.169829 -0.020567 7.081752 0.021717 
334 13.382310 0.000000 4.959728 99.383057 0.025186 6.702209 0.016895 
335 11.008029 0.000000 7.170112 99.810074 0.022927 7.038024 0.008776 
336 9.820889 0.000000 1.644151 94.908150 -0.117452 17.007314 0.134194 
337 11.008029 0.000000 1.644151 97.519341 -0.072650 14.750992 0.072578 
338 9.820889 0.000000 2.749343 98.344128 0.019488 6.233505 0.037217 
339 9.820889 0.000000 3.854535 99.179338 -0.089772 6.786573 0.021111 
340 8.633748 0.000000 3.854535 98.960479 0.002996 7.780426 0.026994 
341 11.008029 0.000000 3.854535 98.876372 0.029943 6.868896 0.027329 
342 9.820889 0.000000 4.959728 98.896131 0.014286 7.446101 0.027773 
343 9.227319 0.000000 2.196747 95.349316 -0.093504 15.538736 0.119837 
344 8.633748 0.000000 2.196747 96.982496 -0.155906 7.221239 0.066176 
345 9.227319 0.000000 1.644151 95.403422 -0.093094 15.358613 0.118114 
346 9.820889 0.000000 2.196747 95.797732 -0.107867 16.816664 0.115031 
347 9.227319 0.000000 2.749343 95.369103 -0.093526 15.472864 0.119206 
348 12.195170 0.000000 1.644151 99.268556 -0.010789 14.426218 0.035840 
349 13.382310 0.000000 1.644151 101.786788 -0.013403 4.489496 -0.033624 
350 12.195170 0.000000 2.749343 99.501475 -0.044792 15.409812 0.034103 
351 10.414459 0.000000 2.196747 97.456039 -0.073058 15.082304 0.074918 
352 10.414459 0.000000 1.644151 97.659755 -0.046496 13.039868 0.064715 
353 11.008029 0.000000 2.196747 97.896713 -0.065199 15.705230 0.067886 
354 10.414459 0.000000 2.749343 97.444583 -0.074859 15.142294 0.075344 
355 7.446608 0.000000 3.854535 97.345239 -0.009595 9.384452 0.062557 
356 6.259468 0.000000 3.854535 97.915834 -0.012056 8.817614 0.049895 
357 7.446608 0.000000 4.959728 102.050261 -0.154346 5.420549 -0.037955 
358 9.227319 0.000000 3.301939 100.623330 -0.015396 5.540225 -0.009404 
359 8.633748 0.000000 3.301939 98.791185 0.032555 7.325232 0.029709 
360 9.820889 0.000000 3.301939 99.007762 -0.038204 6.766683 0.024539 
361 9.227319 0.000000 3.854535 99.676245 0.117293 6.710608 0.011013 
362 9.524104 0.000000 2.473045 95.762025 -0.096980 16.182665 0.113509 
363 9.227319 0.000000 2.473045 95.353901 -0.093594 15.523472 0.119691 
364 9.524104 0.000000 2.196747 95.790819 -0.096328 16.234670 0.113095 
365 9.820889 0.000000 2.473045 95.779651 -0.107438 16.820547 0.115420 
366 9.524104 0.000000 2.749343 94.908150 -0.117452 17.007314 0.134194 
367 37.125118 0.000000 11.590882 119.937842 -0.000042 -9.500614 -0.367121 
368 46.622241 0.000000 11.590882 101.266068 -0.000225 4.231262 -0.023490 
369 37.125118 0.000000 20.432420 99.947560 -0.000218 6.573163 0.005380 
370 22.879433 0.000000 7.170112 107.127166 0.004547 -0.215665 -0.139939 
371 27.627995 0.000000 7.170112 98.747840 -0.001189 6.120730 0.028929 
372 22.879433 0.000000 11.590882 99.835755 -0.008054 6.593927 0.007651 
373 15.756591 0.000000 4.959728 99.218744 -0.001520 6.219947 0.019569 
374 18.130872 0.000000 4.959728 99.203273 -0.024199 5.102253 0.018598 
375 15.756591 0.000000 7.170112 100.206767 -0.016882 6.299226 -0.000172 
376 12.195170 0.000000 3.854535 99.059289 0.037111 6.472156 0.023104 
377 13.382310 0.000000 3.854535 100.167805 -0.130532 15.709918 0.021487 
378 12.195170 0.000000 4.959728 99.357396 0.007005 6.840925 0.017601 
379 14.569450 0.000000 -0.566234 101.301122 0.013557 4.134872 -0.024267 
380 14.569450 0.000000 -1.671426 101.494516 -0.021287 4.083602 -0.028156 
381 15.756591 0.000000 -0.566234 101.515836 0.031849 3.666307 -0.028897 
382 14.569450 0.000000 0.538958 99.377052 -0.031328 3.781120 0.013919 
383 14.569450 0.000000 -2.776618 99.116265 0.004643 6.019457 0.021383 
384 14.569450 0.000000 -3.881811 99.911721 -0.004217 6.914778 0.006562 
385 15.756591 0.000000 -2.776618 98.616008 -0.001926 5.593422 0.030956 
386 20.505152 0.000000 0.538958 105.617030 0.007076 0.089858 -0.110772 
387 20.505152 0.000000 -1.671426 105.489828 -0.011262 3.301809 -0.107299 
388 22.879433 0.000000 0.538958 105.122709 -0.006528 -0.281056 -0.101156 
389 20.505152 0.000000 2.749343 109.165176 -0.002879 -3.177881 -0.177960 
390 16.943731 0.000000 -0.566234 102.171226 -0.006017 2.835806 -0.042427 
391 16.943731 0.000000 -1.671426 102.171226 -0.006017 2.835806 -0.042427 
392 18.130872 0.000000 -0.566234 105.305056 -0.024843 2.862724 -0.103955 
393 16.943731 0.000000 0.538958 101.876125 -0.001126 3.701053 -0.036027 
394 15.163021 0.000000 -1.118830 102.088342 0.028951 3.916821 -0.040077 
395 14.569450 0.000000 -1.118830 101.331602 0.007568 4.126806 -0.024880 
396 15.163021 0.000000 -1.671426 102.275994 0.037904 3.787070 -0.043892 
397 15.756591 0.000000 -1.118830 101.512699 0.031147 3.665806 -0.028835 
398 15.163021 0.000000 -0.566234 102.028124 0.030691 4.003931 -0.038816 
399 14.569450 0.000000 3.854535 100.050456 -0.066885 15.237133 0.022386 
400 14.569450 0.000000 2.749343 100.467643 -0.050789 14.693053 0.012268 
401 15.756591 0.000000 3.854535 100.296615 -0.035152 14.826657 0.016135 
402 14.569450 0.000000 4.959728 99.306347 -0.028756 6.529642 0.018207 
403 20.505152 0.000000 4.959728 95.971809 0.005434 6.738383 0.086021 
404 22.879433 0.000000 4.959728 99.800193 0.004597 3.333886 0.005113 
405 20.505152 0.000000 7.170112 100.334807 -0.000814 5.615019 -0.003550 
406 16.943731 0.000000 3.854535 105.105462 -0.049571 12.700274 -0.085797 
407 16.943731 0.000000 2.749343 105.105462 -0.049571 12.700274 -0.085797 
408 18.130872 0.000000 3.854535 106.174649 -0.064923 6.989857 -0.117119 
409 16.943731 0.000000 4.959728 100.899896 -0.034903 3.864967 -0.016486 
410 22.879433 0.000000 -10.512965 99.450647 -0.005551 6.655063 0.015471 
411 22.879433 0.000000 -14.933734 99.601546 -0.001510 6.846518 0.012698 
412 27.627995 0.000000 -10.512965 99.558975 0.002700 6.544681 0.013146 
413 20.505152 0.000000 -3.881811 98.174421 0.000485 4.600068 0.038825 
414 20.505152 0.000000 -6.092195 98.764953 -0.008470 5.864903 0.028271 
415 22.879433 0.000000 -3.881811 96.536066 0.003376 3.757122 0.071246 
416 19.318012 0.000000 -0.566234 105.786461 -0.016703 2.918273 -0.113279 
417 19.318012 0.000000 -1.671426 105.475275 -0.018661 2.864824 -0.107264 
418 20.505152 0.000000 -0.566234 105.014598 -0.008671 2.955648 -0.098247 
419 19.318012 0.000000 0.538958 103.648880 0.012465 1.587328 -0.072104 
420 19.318012 0.000000 3.854535 108.467155 -0.061893 2.146447 -0.165174 
421 19.318012 0.000000 2.749343 108.795322 -0.060602 1.571585 -0.171604 
422 20.505152 0.000000 3.854535 110.276275 -0.030445 -2.471020 -0.199275 
423 19.318012 0.000000 4.959728 99.720911 -0.004248 4.802362 0.007903 
424 32.376556 0.000000 -1.671426 116.066563 0.035902 -2.369477 -0.305471 
425 32.376556 0.000000 -6.092195 87.999267 0.000155 -2.187298 0.245098 
426 37.125118 0.000000 -1.671426 109.780311 -0.000723 2.973237 -0.189702 
427 32.376556 0.000000 2.749343 105.061592 0.000343 -6.460832 -0.096098 
428 25.253714 0.000000 0.538958 128.583922 -0.005046 -0.234311 -0.513805 
429 25.253714 0.000000 -1.671426 107.609826 0.031867 -1.562080 -0.148988 
430 27.627995 0.000000 0.538958 107.312710 -0.001634 0.240636 -0.143502 
431 25.253714 0.000000 2.749343 114.244581 0.282462 -5.786200 -0.270440 
432 21.692293 0.000000 -0.566234 105.206572 -0.012747 2.721250 -0.102111 
433 21.692293 0.000000 -1.671426 106.161705 -0.012292 2.324117 -0.120835 
434 22.879433 0.000000 -0.566234 104.025547 0.000884 -0.737948 -0.079680 
435 21.692293 0.000000 0.538958 98.625617 -0.003468 -8.854019 0.035585 
436 25.253714 0.000000 -3.881811 103.327964 0.000851 3.352473 -0.064964 
437 25.253714 0.000000 -6.092195 98.568737 0.001042 5.468198 0.031767 
438 27.627995 0.000000 -3.881811 85.824321 -0.001187 -5.976923 0.293649 
439 21.692293 0.000000 -2.776618 98.805997 0.004308 4.683114 0.026174 
440 20.505152 0.000000 -2.776618 98.523859 0.006149 4.006176 0.031255 
441 21.692293 0.000000 -3.881811 98.375858 0.005213 4.899386 0.035053 
442 22.879433 0.000000 -2.776618 90.933511 0.002483 -2.333711 0.184784 
443 21.098722 0.000000 -1.118830 103.992100 -0.013325 3.226214 -0.078095 
444 20.505152 0.000000 -1.118830 104.981120 -0.011329 3.423506 -0.097317 
445 21.098722 0.000000 -1.671426 103.913971 -0.013362 3.258699 -0.076542 
446 21.692293 0.000000 -1.118830 105.444670 -0.012633 2.622252 -0.106792 
447 21.098722 0.000000 -0.566234 104.108940 -0.013269 3.177633 -0.080415 
448 19.318012 0.000000 -2.776618 97.116561 -0.003458 2.924905 0.058901 
449 18.130872 0.000000 -2.776618 99.240161 -0.021844 5.443779 0.018221 
450 19.318012 0.000000 -3.881811 97.196767 -0.006599 4.051265 0.058096 
451 21.098722 0.000000 -2.224022 99.190504 0.010662 4.783627 0.018535 
452 20.505152 0.000000 -2.224022 98.248181 0.008620 3.991386 0.036800 
453 21.098722 0.000000 -2.776618 97.866593 0.007382 4.109403 0.044600 
454 21.692293 0.000000 -2.224022 95.702613 0.006305 2.677045 0.087439 
455 24.066573 0.000000 -0.566234 102.946773 0.001696 -2.463171 -0.057946 
456 24.066573 0.000000 -1.671426 101.723928 0.004756 -3.562442 -0.033104 
457 25.253714 0.000000 -0.566234 105.365638 0.027761 -2.098337 -0.105483 
458 24.066573 0.000000 0.538958 104.786838 -0.003358 -0.038347 -0.094617 
459 22.285863 0.000000 -1.118830 103.966474 -0.004145 1.356018 -0.078400 
460 22.285863 0.000000 -1.671426 104.003435 -0.003446 1.015152 -0.079201 
461 22.879433 0.000000 -1.118830 103.817315 0.001894 -0.931114 -0.075567 
462 22.285863 0.000000 -0.566234 103.958704 -0.003190 0.957026 -0.078335 
463 21.395508 0.000000 -1.395128 104.040934 -0.013302 3.205910 -0.079065 
464 21.098722 0.000000 -1.395128 103.921395 -0.013359 3.255612 -0.076690 
465 21.395508 0.000000 -1.671426 104.000983 -0.013321 3.222521 -0.078271 
466 21.692293 0.000000 -1.395128 105.539392 -0.012588 2.582868 -0.108652 
467 21.395508 0.000000 -1.118830 104.101060 -0.013273 3.180910 -0.080259 
468 19.911582 0.000000 -1.118830 106.742085 -0.005757 2.709377 -0.131870 
469 19.318012 0.000000 -1.118830 105.529168 -0.018322 2.874081 -0.108307 
470 19.911582 0.000000 -1.671426 106.871135 -0.009875 3.104574 -0.134150 
471 19.911582 0.000000 -0.566234 106.689857 -0.004560 2.566254 -0.130931 
472 20.801937 0.000000 -1.395128 103.645217 -0.013114 3.565198 -0.071066 
473 20.505152 0.000000 -1.395128 105.438044 -0.011314 3.309203 -0.106287 
474 20.801937 0.000000 -1.671426 102.931834 -0.013830 3.667061 -0.056944 
475 20.801937 0.000000 -1.118830 103.523381 -0.013236 3.582595 -0.068658 
476 21.692293 0.000000 1.644151 107.750110 -0.003047 -1.400074 -0.151717 
477 20.505152 0.000000 1.644151 105.617030 0.007076 0.089858 -0.110772 
478 22.879433 0.000000 1.644151 105.122709 -0.006528 -0.281056 -0.101156 
479 21.692293 0.000000 2.749343 115.671527 0.027386 -5.179705 -0.296763 
480 21.098722 0.000000 -0.013638 104.978324 -0.004991 1.644471 -0.098100 
481 20.505152 0.000000 -0.013638 105.617030 0.007076 0.089858 -0.110772 
482 21.692293 0.000000 -0.013638 87.630579 -0.000017 -8.686692 0.261026 
483 21.098722 0.000000 0.538958 105.453063 0.003887 0.158451 -0.107586 
484 21.395508 0.000000 -0.842532 104.144415 -0.013253 3.162883 -0.081119 
485 21.098722 0.000000 -0.842532 104.084600 -0.013281 3.187754 -0.079932 
486 21.692293 0.000000 -0.842532 105.395421 -0.012657 2.642729 -0.105824 
487 21.395508 0.000000 -0.566234 104.145064 -0.013252 3.162613 -0.081132 
488 21.247115 0.000000 -1.256979 104.028686 -0.013308 3.211002 -0.078822 
489 21.098722 0.000000 -1.256979 103.947061 -0.013347 3.244941 -0.077200 
490 21.247115 0.000000 -1.395128 103.997004 -0.013323 3.224175 -0.078192 
491 21.395508 0.000000 -1.256979 104.069949 -0.013288 3.193845 -0.079641 
492 21.247115 0.000000 -1.118830 104.067924 -0.013289 3.194687 -0.079601 
493 20.801937 0.000000 -0.842532 104.122012 -0.010289 3.184580 -0.080667 
494 20.505152 0.000000 -0.842532 105.029032 -0.008966 3.000341 -0.098504 
495 20.801937 0.000000 -0.566234 104.304003 -0.009567 3.082084 -0.084293 
496 20.950330 0.000000 -1.256979 102.931834 -0.013830 3.667061 -0.056944 
497 20.801937 0.000000 -1.256979 103.522676 -0.013237 3.582695 -0.068644 
498 20.950330 0.000000 -1.395128 102.931834 -0.013830 3.667061 -0.056944 
499 20.950330 0.000000 -1.118830 102.931834 -0.013830 3.667061 -0.056944 
500 21.247115 0.000000 -0.980681 104.105101 -0.013271 3.179230 -0.080339 
501 21.098722 0.000000 -0.980681 104.044398 -0.013300 3.204469 -0.079134 
502 21.395508 0.000000 -0.980681 104.127846 -0.013260 3.169772 -0.080791 
503 21.247115 0.000000 -0.842532 104.129611 -0.013260 3.169038 -0.080826 
504 21.172919 0.000000 -1.187905 104.014609 -0.013314 3.216855 -0.078542 
505 21.098722 0.000000 -1.187905 103.967540 -0.013337 3.236426 -0.077607 
506 21.172919 0.000000 -1.256979 103.994313 -0.013324 3.225294 -0.078139 
507 21.247115 0.000000 -1.187905 104.047834 -0.013299 3.203041 -0.079202 
508 21.172919 0.000000 -1.118830 104.037038 -0.013304 3.207529 -0.078988 
509 32.376556 0.000000 7.170112 106.943889 0.000200 -0.686319 -0.136376 
510 37.125118 0.000000 7.170112 93.405072 0.000130 9.450851 0.143319 
511 32.376556 0.000000 11.590882 102.277097 -0.000394 4.171905 -0.043617 
512 25.253714 0.000000 4.959728 99.193313 -0.000712 4.427024 0.018146 
513 27.627995 0.000000 4.959728 99.284165 -0.001206 3.717518 0.015736 
514 25.253714 0.000000 7.170112 100.289429 0.002086 4.791881 -0.003496 
515 21.692293 0.000000 3.854535 118.495328 0.034630 -4.785341 -0.347012 
516 22.879433 0.000000 3.854535 113.231845 -0.037024 -8.466655 -0.248823 
517 21.692293 0.000000 4.959728 92.068323 0.005784 7.348003 0.166904 
518 24.066573 0.000000 -2.776618 96.130707 0.000747 1.246255 0.078149 
519 24.066573 0.000000 -3.881811 95.570958 0.002037 2.541321 0.090041 
520 25.253714 0.000000 -2.776618 96.228681 -0.001064 0.514486 0.076025 
521 22.285863 0.000000 -2.224022 97.584535 0.002653 3.934258 0.050154 
522 22.285863 0.000000 -2.776618 96.741011 0.005025 3.358505 0.066793 
523 22.879433 0.000000 -2.224022 95.731629 0.005113 1.660546 0.086381 
524 21.989078 0.000000 -1.395128 105.331870 -0.009606 2.126270 -0.104816 
525 21.989078 0.000000 -1.671426 105.322300 -0.009575 2.123989 -0.104630 
526 22.285863 0.000000 -1.395128 103.984444 -0.003337 0.990475 -0.078834 
527 21.989078 0.000000 -1.118830 105.102983 -0.010347 2.332787 -0.100275 
528 24.066573 0.000000 3.854535 101.548841 -0.002384 -0.516771 -0.030841 
529 24.066573 0.000000 2.749343 111.823090 0.123966 -6.880302 -0.224734 
530 25.253714 0.000000 3.854535 98.023356 -0.001966 3.197994 0.040749 
531 24.066573 0.000000 4.959728 100.997521 0.001792 2.791529 -0.019137 
532 22.285863 0.000000 3.301939 116.793447 0.000024 -7.670184 -0.314352 
533 21.692293 0.000000 3.301939 118.511666 0.034672 -4.783060 -0.347298 
534 22.285863 0.000000 2.749343 117.039958 -0.000113 -7.491492 -0.318937 
535 22.879433 0.000000 3.301939 114.580344 -0.030421 -8.607545 -0.273328 
536 22.285863 0.000000 3.854535 117.138714 0.001316 -7.405148 -0.320786 
537 21.098722 0.000000 3.301939 114.320996 0.023921 -5.368316 -0.272208 
538 20.505152 0.000000 3.301939 109.449099 -0.013017 -2.795859 -0.183534 
539 21.098722 0.000000 2.749343 114.422969 0.024183 -5.354075 -0.274073 
540 21.098722 0.000000 3.854535 113.674613 0.022263 -5.458588 -0.260341 
541 -48.348991 0.000000 214.946266 99.756405 0.000000 6.975647 0.009766 
542 -124.325976 0.000000 214.946266 99.756405 0.000000 6.975647 0.009766 
543 27.627995 0.000000 214.946266 99.756405 0.000000 6.975647 0.009766 
544 -48.348991 0.000000 285.678573 99.756405 0.000000 6.975647 0.009766 
545 -10.360498 0.000000 108.847804 99.756405 0.000000 6.975647 0.009766 
546 -48.348991 0.000000 108.847804 99.756405 0.000000 6.975647 0.009766 
547 27.627995 0.000000 108.847804 99.756405 0.000000 6.975647 0.009766 
548 -10.360498 0.000000 144.213958 99.756405 0.000000 6.975647 0.009766 
549 8.633748 0.000000 55.798574 99.756405 0.000000 6.975647 0.009766 
550 -10.360498 0.000000 55.798574 99.756405 0.000000 6.975647 0.009766 
551 27.627995 0.000000 55.798574 99.756405 0.000000 6.975647 0.009766 
552 8.633748 0.000000 73.481651 99.756405 0.000000 6.975647 0.009766 
553 18.130872 0.000000 29.273958 99.756405 0.000000 6.975647 0.009766 
554 8.633748 0.000000 29.273958 99.756405 0.000000 6.975647 0.009766 
555 27.627995 0.000000 29.273958 99.754814 -0.027137 7.009014 0.009845 
556 18.130872 0.000000 38.115497 99.756405 0.000000 6.975647 0.009766 
557 22.879433 0.000000 16.011651 99.742553 -0.007628 6.902924 0.009943 
558 18.130872 0.000000 16.011651 99.817960 -0.003037 6.966267 0.008516 
559 27.627995 0.000000 16.011651 100.047428 0.001673 6.571021 0.003373 
560 22.879433 0.000000 20.432420 100.159580 -0.006914 6.635024 0.001209 
561 20.505152 0.000000 9.380497 100.462632 -0.009982 5.966707 -0.005702 
562 18.130872 0.000000 9.380497 99.581459 -0.018201 6.907413 0.013187 
563 22.879433 0.000000 9.380497 99.908363 -0.002646 6.427650 0.005976 
564 20.505152 0.000000 11.590882 100.160131 -0.003280 6.492973 0.001011 
565 21.692293 0.000000 6.064920 98.764363 0.008348 6.143841 0.028625 
566 20.505152 0.000000 6.064920 100.245893 -0.000240 5.432116 -0.001972 
567 22.879433 0.000000 6.064920 95.204983 0.003630 7.420151 0.102694 
568 21.692293 0.000000 7.170112 103.632034 0.004443 2.895340 -0.071217 
569 22.285863 0.000000 4.407132 100.148111 0.006428 -1.831828 -0.002626 
570 21.692293 0.000000 4.407132 93.108133 0.007172 5.095587 0.142442 
571 22.879433 0.000000 4.407132 98.459870 0.006092 3.324814 0.032034 
572 22.285863 0.000000 4.959728 97.300633 0.005187 3.843711 0.055823 
573 21.989078 0.000000 3.578237 118.392565 0.028095 -5.452536 -0.344717 
574 21.692293 0.000000 3.578237 118.385173 0.034348 -4.800725 -0.345080 
575 21.989078 0.000000 3.301939 118.312832 0.026908 -5.565966 -0.343232 
576 22.285863 0.000000 3.578237 117.234752 0.005414 -7.294231 -0.322611 
577 21.989078 0.000000 3.854535 119.369005 0.028809 -5.502599 -0.361630 
578 23.473003 0.000000 -1.118830 104.279958 0.001118 -1.642501 -0.084460 
579 23.473003 0.000000 -1.671426 103.779263 0.001492 -2.489985 -0.074316 
580 24.066573 0.000000 -1.118830 102.460063 0.002753 -3.250654 -0.047900 
581 23.473003 0.000000 -0.566234 104.069407 0.000548 -1.608657 -0.080347 
582 24.066573 0.000000 1.644151 104.431056 -0.004404 -0.151146 -0.087667 
583 25.253714 0.000000 1.644151 128.583922 -0.005046 -0.234311 -0.513805 
584 23.473003 0.000000 3.301939 112.628742 -0.012101 -8.073218 -0.238216 
585 23.473003 0.000000 2.749343 113.170713 -0.001801 -8.106689 -0.248182 
586 24.066573 0.000000 3.301939 112.813196 0.104999 -7.202097 -0.242717 
587 23.473003 0.000000 3.854535 113.136793 0.017742 -7.906961 -0.247818 
588 30.002275 0.000000 0.538958 88.475928 0.000428 -0.620159 0.234765 
589 30.002275 0.000000 -1.671426 91.825508 0.037948 -2.462282 0.166538 
590 32.376556 0.000000 0.538958 104.398648 0.000443 0.235185 -0.087030 
591 30.002275 0.000000 2.749343 119.211547 -0.067722 -12.422914 -0.349862 
592 26.440854 0.000000 -0.566234 94.189116 0.012781 -2.125808 0.117989 
593 26.440854 0.000000 -1.671426 91.381014 0.018890 -2.815211 0.175871 
594 27.627995 0.000000 -0.566234 90.621506 -0.108056 6.324313 0.195120 
595 26.440854 0.000000 0.538958 117.050978 -0.002901 0.043664 -0.323377 
596 103.604980 0.000000 -209.447580 99.756405 0.000000 6.975647 0.009766 
597 103.604980 0.000000 -280.179887 99.756405 0.000000 6.975647 0.009766 
598 179.581965 0.000000 -209.447580 99.739481 -0.000367 6.962110 0.010087 
599 65.616487 0.000000 -103.349118 99.756405 0.000000 6.975647 0.009766 
600 65.616487 0.000000 -138.715272 99.756405 0.000000 6.975647 0.009766 
601 103.604980 0.000000 -103.349118 102.683994 0.000020 9.281601 -0.045036 
602 46.622241 0.000000 -50.299888 99.723714 -0.004327 6.952115 0.010390 
603 46.622241 0.000000 -67.982965 99.756405 0.000000 6.975647 0.009766 
604 65.616487 0.000000 -50.299888 98.822900 -0.000031 6.133426 0.027432 
605 37.125118 0.000000 -23.775272 99.307866 0.000700 6.554336 0.018209 
606 37.125118 0.000000 -32.616811 99.788379 -0.001071 6.999806 0.009158 
607 46.622241 0.000000 -23.775272 94.034575 0.000069 2.111451 0.121138 
608 32.376556 0.000000 -10.512965 114.358950 -0.000196 13.931560 -0.259678 
609 32.376556 0.000000 -14.933734 98.139887 0.000754 5.559849 0.040525 
610 37.125118 0.000000 -10.512965 100.010846 0.000061 5.019192 0.002304 
611 30.002275 0.000000 -3.881811 82.669715 0.000278 -10.459393 0.367969 
612 30.002275 0.000000 -6.092195 134.071719 0.000140 23.132693 -0.565497 
613 32.376556 0.000000 -3.881811 101.897501 0.000005 -2.146490 -0.037336 
614 26.440854 0.000000 -2.776618 -4.301215 -0.000983 -19.070440 1.479274 
615 26.440854 0.000000 -3.881811 63.506615 -0.001049 -5.714955 0.740971 
616 27.627995 0.000000 -2.776618 172.590514 -0.000310 8.026121 -0.719795 
617 25.847284 0.000000 -1.118830 97.371670 0.042870 -3.302777 0.053984 
618 25.253714 0.000000 -1.118830 102.298065 0.035927 -2.157075 -0.045266 
619 25.847284 0.000000 -1.671426 99.021789 0.040337 -3.140555 0.020606 
620 26.440854 0.000000 -1.118830 91.764284 0.015661 -2.431847 0.167777 
621 25.847284 0.000000 -0.566234 99.305815 0.039901 -3.112632 0.014884 
622 30.002275 0.000000 4.959728 105.168913 -0.000092 -4.919322 -0.099821 
623 32.376556 0.000000 4.959728 89.842530 0.000126 8.264430 0.214429 
624 30.002275 0.000000 7.170112 100.405421 -0.000535 4.429345 -0.006149 
625 26.440854 0.000000 3.854535 103.334485 -0.001282 -1.623216 -0.065912 
626 26.440854 0.000000 2.749343 107.316739 0.277251 -11.053918 -0.132600 
627 27.627995 0.000000 3.854535 100.290300 -0.001127 0.565399 -0.005770 
628 26.440854 0.000000 4.959728 101.542926 -0.000945 2.001663 -0.030358 
629 26.440854 0.000000 1.644151 117.033965 -0.002898 0.044074 -0.323076 
630 27.627995 0.000000 1.644151 87.985555 0.000536 -15.606092 0.273566 
631 25.847284 0.000000 3.301939 109.266125 0.308287 -9.027953 -0.173658 
632 25.253714 0.000000 3.301939 112.598843 0.316964 -6.460136 -0.239580 
633 25.847284 0.000000 2.749343 112.376739 0.257833 -7.611972 -0.234137 
634 26.440854 0.000000 3.301939 106.946626 0.278501 -11.063411 -0.125402 
635 25.847284 0.000000 3.854535 99.816357 -0.001924 1.421171 0.003877 
636 28.815135 0.000000 -0.566234 100.277382 -0.018417 -5.369698 -0.002669 
637 28.815135 0.000000 -1.671426 100.868252 -0.021464 -5.962705 -0.013816 
638 30.002275 0.000000 -0.566234 90.209497 0.018108 -1.629386 0.199349 
639 28.815135 0.000000 0.538958 96.286603 0.002164 -1.364488 0.075018 
640 28.815135 0.000000 1.644151 96.286603 0.002164 -1.364488 0.075018 
641 30.002275 0.000000 1.644151 114.655591 -0.052058 -7.752718 -0.275806 
642 28.815135 0.000000 2.749343 90.943730 0.011362 -11.104624 0.197942 
643 28.815135 0.000000 -2.776618 65.829450 0.000257 -5.725207 0.696650 
644 28.815135 0.000000 -3.881811 138.472675 0.000186 10.459764 -0.648006 
645 30.002275 0.000000 -2.776618 107.033400 -0.000173 1.799165 -0.137850 
646 255.558951 0.000000 -67.982965 99.770014 0.002165 6.831126 0.009292 
647 255.558951 0.000000 -138.715272 99.766948 0.001315 6.937250 0.009500 
648 331.535936 0.000000 -67.982965 99.766972 0.002016 6.846039 0.009373 
649 255.558951 0.000000 2.749343 99.946133 0.008864 4.271664 0.002905 
650 141.593473 0.000000 -32.616811 99.811343 0.004200 6.407175 0.007897 
651 141.593473 0.000000 -67.982965 99.801384 0.002627 6.819562 0.008646 
652 179.581965 0.000000 -32.616811 99.798700 0.003920 6.461791 0.008222 
653 141.593473 0.000000 2.749343 100.056014 0.011710 2.736158 -0.000372 
654 84.610734 0.000000 -14.933734 99.964306 0.007519 5.177100 0.003398 
655 84.610734 0.000000 -32.616811 99.996133 0.005189 6.401431 0.004181 
656 103.604980 0.000000 -14.933734 99.904611 0.007093 5.290240 0.004714 
657 84.610734 0.000000 2.749343 100.108824 0.010485 2.304517 -0.001646 
658 56.119364 0.000000 -6.092195 119.410016 0.009010 11.605220 -0.354760 
659 56.119364 0.000000 -14.933734 98.249826 0.013487 4.277032 0.037009 
660 65.616487 0.000000 -6.092195 100.320134 0.010248 3.624016 -0.005090 
661 56.119364 0.000000 2.749343 71.278419 -0.000099 23.384521 0.662820 
662 41.873679 0.000000 -1.671426 113.405994 0.009518 4.548828 -0.256157 
663 41.873679 0.000000 -6.092195 99.428104 -0.000469 3.536218 0.012713 
664 46.622241 0.000000 -1.671426 100.126567 0.001140 3.907517 -0.001006 
665 41.873679 0.000000 2.749343 101.437437 -0.000537 0.671184 -0.028611 
666 34.750837 0.000000 0.538958 99.125145 0.000897 0.194634 0.017534 
667 34.750837 0.000000 -1.671426 104.299658 0.009116 1.698803 -0.084828 
668 37.125118 0.000000 0.538958 114.556601 -0.000069 -3.936394 -0.277542 
669 34.750837 0.000000 2.749343 108.245649 0.000140 -3.182224 -0.160466 
670 31.189416 0.000000 -0.566234 99.677248 0.010641 -2.957647 0.007339 
671 31.189416 0.000000 -1.671426 99.868049 0.010440 -2.964814 0.003521 
672 32.376556 0.000000 -0.566234 111.602520 0.025288 -1.619838 -0.224355 
673 31.189416 0.000000 0.538958 91.180036 0.000074 -26.268886 0.258655 
674 29.408705 0.000000 -1.118830 92.550091 0.037286 -2.684933 0.151808 
675 28.815135 0.000000 -1.118830 98.700020 -0.049042 -3.949703 0.027662 
676 29.408705 0.000000 -1.671426 95.139198 0.022921 -3.511815 0.099457 
677 30.002275 0.000000 -1.118830 90.889101 0.029745 -2.119407 0.185588 
678 29.408705 0.000000 -0.566234 92.684729 0.015205 -2.722046 0.149071 
679 31.189416 0.000000 1.644151 117.097599 -0.087866 -8.169985 -0.319154 
680 32.376556 0.000000 1.644151 106.667785 -0.015881 -7.420583 -0.126114 
681 31.189416 0.000000 2.749343 102.966472 -0.080984 -8.624956 -0.051775 
682 28.815135 0.000000 3.854535 135.837957 -0.000292 -27.410804 -0.579583 
683 30.002275 0.000000 3.854535 106.912882 0.000467 -1.555393 -0.135604 
684 28.815135 0.000000 4.959728 102.749059 -0.000404 0.579780 -0.054595 
685 29.408705 0.000000 2.196747 102.019986 -0.033100 -13.715919 -0.021821 
686 28.815135 0.000000 2.196747 97.415581 0.028216 -9.580766 0.061516 
687 29.408705 0.000000 1.644151 95.417701 -0.020376 -10.509605 0.104287 
688 30.002275 0.000000 2.196747 121.281795 -0.070060 -12.084876 -0.386203 
689 29.408705 0.000000 2.749343 99.737730 -0.034063 -14.779565 0.027347 
690 34.750837 0.000000 -3.881811 85.570985 0.000088 -6.374133 0.299475 
691 34.750837 0.000000 -6.092195 100.488825 0.000017 3.958867 -0.008209 
692 37.125118 0.000000 -3.881811 92.090742 -0.000003 -1.560911 0.160693 
693 31.189416 0.000000 -2.776618 91.161077 0.000056 -2.841577 0.180405 
694 31.189416 0.000000 -3.881811 87.595479 0.000313 -1.717947 0.253203 
695 32.376556 0.000000 -2.776618 104.386506 -0.000016 -2.340728 -0.086285 
696 33.563697 0.000000 -0.566234 112.763575 0.017225 -0.304202 -0.246034 
697 33.563697 0.000000 -1.671426 112.763575 0.017225 -0.304202 -0.246034 
698 34.750837 0.000000 -0.566234 103.290081 0.006432 1.433768 -0.065093 
699 33.563697 0.000000 0.538958 115.676529 -0.000221 -1.277427 -0.298805 
700 31.782986 0.000000 -1.118830 109.460393 0.019032 -2.477628 -0.183892 
701 31.189416 0.000000 -1.118830 100.920329 0.009329 -3.004339 -0.017478 
702 31.782986 0.000000 -1.671426 107.427303 0.015867 -2.422393 -0.145182 
703 32.376556 0.000000 -1.118830 116.163229 0.036482 -2.147326 -0.307272 
704 31.782986 0.000000 -0.566234 106.379389 0.012576 -1.878623 -0.125215 
705 255.558951 0.000000 73.481651 99.773734 -0.003426 6.697388 0.009035 
706 331.535936 0.000000 73.481651 99.779001 -0.003752 6.641374 0.008854 
707 255.558951 0.000000 144.213958 99.754130 -0.001615 6.919799 0.009734 
708 141.593473 0.000000 38.115497 99.806199 -0.006708 6.143632 0.007668 
709 179.581965 0.000000 38.115497 99.821015 -0.007262 6.007817 0.007204 
710 141.593473 0.000000 73.481651 99.745302 -0.003297 6.776624 0.009714 
711 84.610734 0.000000 20.432420 99.870984 -0.011720 5.112484 0.005202 
712 103.604980 0.000000 20.432420 99.891562 -0.011917 4.900815 0.004577 
713 84.610734 0.000000 38.115497 100.045252 -0.006300 6.151539 0.002882 
714 56.119364 0.000000 11.590882 98.692138 -0.017115 5.326799 0.029124 
715 65.616487 0.000000 11.590882 100.780591 -0.009868 3.580905 -0.014316 
716 56.119364 0.000000 20.432420 100.599257 0.000144 5.421741 -0.009052 
717 41.873679 0.000000 7.170112 103.407473 0.000861 1.580710 -0.067361 
718 46.622241 0.000000 7.170112 98.690855 -0.003624 3.348328 0.027399 
719 41.873679 0.000000 11.590882 107.124557 -0.000003 0.015370 -0.139893 
720 34.750837 0.000000 4.959728 99.605688 0.000187 2.608054 0.008577 
721 37.125118 0.000000 4.959728 108.517915 0.000096 -4.030968 -0.165120 
722 34.750837 0.000000 7.170112 100.466631 0.000006 3.786130 -0.007898 
723 33.563697 0.000000 1.644151 110.727432 -0.021119 -7.748294 -0.203168 
724 34.750837 0.000000 1.644151 118.561703 -0.000904 -8.043208 -0.345094 
725 33.563697 0.000000 2.749343 98.294423 0.000422 0.435558 0.034254 
726 31.189416 0.000000 3.854535 133.406823 0.000036 -20.807639 -0.561341 
727 32.376556 0.000000 3.854535 98.929302 0.000063 0.716539 0.021515 
728 31.189416 0.000000 4.959728 97.068695 -0.000000 9.012534 0.067467 
729 31.782986 0.000000 2.196747 103.461309 -0.038485 -8.008878 -0.062548 
730 31.189416 0.000000 2.196747 112.022353 -0.085395 -8.333389 -0.226605 
731 31.782986 0.000000 1.644151 103.144733 -0.035917 -6.590622 -0.058275 
732 32.376556 0.000000 2.196747 106.955773 -0.019403 -8.511694 -0.130112 
733 31.782986 0.000000 2.749343 103.267502 0.000165 -5.069271 -0.062394 
734 33.563697 0.000000 -2.776618 88.723773 -0.000072 -1.347465 0.229827 
735 33.563697 0.000000 -3.881811 102.717511 -0.000152 0.362418 -0.053992 
736 34.750837 0.000000 -2.776618 87.298677 0.000081 -3.445248 0.260373 
737 32.970126 0.000000 -1.118830 116.554978 0.029231 -1.297251 -0.314466 
738 32.970126 0.000000 -1.671426 116.747776 0.030851 -1.423794 -0.317859 
739 33.563697 0.000000 -1.118830 110.498756 0.011056 0.213431 -0.203966 
740 32.970126 0.000000 -0.566234 110.954190 0.020975 -0.948274 -0.212418 
741 33.563697 0.000000 3.854535 103.334636 0.000149 -1.959280 -0.065800 
742 34.750837 0.000000 3.854535 98.837238 0.000179 3.574344 0.024613 
743 33.563697 0.000000 4.959728 103.862036 0.000064 -0.116920 -0.076525 
744 32.970126 0.000000 2.196747 106.253895 -0.015632 -7.680748 -0.117731 
745 32.970126 0.000000 1.644151 105.644551 -0.014177 -7.061911 -0.106718 
746 33.563697 0.000000 2.196747 110.734642 -0.021126 -7.749086 -0.203303 
747 32.970126 0.000000 2.749343 105.123557 0.000172 -4.666595 -0.099162 
748 39.499399 0.000000 0.538958 116.445069 -0.277072 -8.000595 -0.307739 
749 39.499399 0.000000 -1.671426 110.382787 0.006594 0.965020 -0.201716 
750 41.873679 0.000000 0.538958 114.062873 -0.180192 -6.969346 -0.265927 
751 39.499399 0.000000 2.749343 100.772228 0.003451 1.983006 -0.015029 
752 35.937977 0.000000 -0.566234 117.385786 -0.010290 3.087523 -0.328565 
753 35.937977 0.000000 -1.671426 117.382645 -0.010289 3.087190 -0.328510 
754 37.125118 0.000000 -0.566234 114.118790 -0.001093 3.321956 -0.269946 
755 35.937977 0.000000 0.538958 115.429658 -0.000430 -0.345798 -0.294496 
756 34.157267 0.000000 -1.118830 106.265052 0.008757 1.135472 -0.123208 
757 34.157267 0.000000 -1.671426 106.342984 0.009456 1.186336 -0.124704 
758 34.750837 0.000000 -1.118830 106.323257 0.005503 2.062592 -0.124064 
759 34.157267 0.000000 -0.566234 104.300784 0.006988 0.897896 -0.085045 
760 41.873679 0.000000 -10.512965 95.709265 -0.000048 2.615208 0.087269 
761 41.873679 0.000000 -14.933734 93.636944 -0.000022 1.387832 0.128985 
762 46.622241 0.000000 -10.512965 96.939280 0.000571 3.072970 0.062583 
763 39.499399 0.000000 -3.881811 94.691918 -0.000339 -0.188506 0.107250 
764 39.499399 0.000000 -6.092195 94.843079 -0.000080 0.673348 0.104215 
765 41.873679 0.000000 -3.881811 96.233387 -0.001018 1.412270 0.076112 
766 35.937977 0.000000 -2.776618 99.934446 -0.000120 -1.840740 0.001650 
767 35.937977 0.000000 -3.881811 98.550073 0.000024 -0.088262 0.029089 
768 37.125118 0.000000 -2.776618 99.871112 -0.000001 1.682262 0.002862 
769 34.157267 0.000000 -2.224022 88.063710 0.000002 -3.873993 0.244966 
770 33.563697 0.000000 -2.224022 83.363200 -0.000210 -5.948062 0.344419 
771 34.157267 0.000000 -2.776618 86.161888 0.000006 -5.294490 0.285754 
772 34.750837 0.000000 -2.224022 88.980239 0.000182 -2.429039 0.225019 
773 33.860482 0.000000 -1.395128 109.168563 0.010687 0.757574 -0.178851 
774 33.563697 0.000000 -1.395128 110.871052 0.012070 0.128341 -0.210939 
775 33.860482 0.000000 -1.671426 110.341204 0.012172 0.363419 -0.201003 
776 34.157267 0.000000 -1.395128 106.685822 0.009373 1.211576 -0.131316 
777 33.860482 0.000000 -1.118830 108.088209 0.009420 1.023973 -0.158261 
778 35.937977 0.000000 1.644151 109.181209 0.039193 -7.099219 -0.174760 
779 37.125118 0.000000 1.644151 116.493122 0.014727 -8.445759 -0.308042 
780 35.937977 0.000000 2.749343 101.946594 -0.000611 -1.148517 -0.038629 
781 34.157267 0.000000 2.196747 119.666051 -0.013191 -9.008931 -0.363085 
782 34.157267 0.000000 1.644151 118.856771 -0.011834 -8.387713 -0.349826 
783 34.750837 0.000000 2.196747 119.467948 -0.000016 -8.458819 -0.360353 
784 34.157267 0.000000 2.749343 98.888824 0.000159 3.597545 0.023592 
785 34.157267 0.000000 1.091555 112.745283 -0.004900 -5.503027 -0.243231 
786 33.563697 0.000000 1.091555 108.920943 -0.019414 -7.549667 -0.169229 
787 34.157267 0.000000 0.538958 99.195492 0.000924 0.194838 0.016122 
788 34.750837 0.000000 1.091555 115.612702 -0.000333 -6.526676 -0.294481 
789 33.860482 0.000000 1.920449 117.868783 -0.015237 -8.474884 -0.332409 
790 33.563697 0.000000 1.920449 111.212715 -0.021577 -7.801652 -0.212205 
791 33.860482 0.000000 1.644151 116.016299 -0.015667 -8.039710 -0.300021 
792 34.157267 0.000000 1.920449 118.842905 -0.012139 -8.393925 -0.349577 
793 33.860482 0.000000 2.196747 119.049821 -0.016616 -8.926156 -0.352505 
794 35.344407 0.000000 -1.118830 109.123636 -0.002349 2.397241 -0.177550 
795 35.344407 0.000000 -1.671426 108.788325 -0.000782 2.353169 -0.171204 
796 35.937977 0.000000 -1.118830 118.311939 -0.011237 3.125649 -0.344781 
797 35.344407 0.000000 -0.566234 108.788325 -0.000782 2.353169 -0.171204 
798 39.499399 0.000000 4.959728 104.517353 -0.001208 0.309029 -0.089347 
799 41.873679 0.000000 4.959728 102.413746 0.002776 1.554345 -0.047771 
800 39.499399 0.000000 7.170112 102.184081 -0.000162 2.814793 -0.042694 
801 35.937977 0.000000 3.854535 107.520914 -0.000030 -3.342606 -0.146505 
802 37.125118 0.000000 3.854535 99.152365 0.000086 2.741626 0.017745 
803 35.937977 0.000000 4.959728 101.209910 0.000052 3.015928 -0.023238 
804 35.344407 0.000000 2.196747 114.325643 0.004998 -7.735428 -0.269823 
805 35.344407 0.000000 1.644151 111.823998 0.007371 -7.506002 -0.224002 
806 35.937977 0.000000 2.196747 109.084171 0.050024 -7.176394 -0.172818 
807 35.344407 0.000000 2.749343 109.571935 0.000203 -6.247591 -0.183161 
808 35.344407 0.000000 -2.224022 99.666301 -0.000130 -1.901467 0.007042 
809 35.344407 0.000000 -2.776618 101.459690 -0.000023 -0.071859 -0.029096 
810 35.937977 0.000000 -2.224022 102.248585 -0.000038 -2.270743 -0.044239 
811 38.312258 0.000000 -0.566234 109.633465 -0.002309 2.566976 -0.187124 
812 38.312258 0.000000 -1.671426 109.259629 -0.003141 2.407729 -0.180122 
813 39.499399 0.000000 -0.566234 110.398496 0.006719 0.957457 -0.202012 
814 38.312258 0.000000 0.538958 108.435215 -0.000070 1.007033 -0.164882 
815 36.531548 0.000000 -1.118830 117.841129 -0.007729 3.337624 -0.336447 
816 36.531548 0.000000 -1.671426 117.782927 -0.007680 3.324644 -0.335432 
817 37.125118 0.000000 -1.118830 113.861126 -0.001237 3.294468 -0.265268 
818 36.531548 0.000000 -0.566234 116.787828 -0.005267 3.371365 -0.317861 
819 35.641192 0.000000 -1.395128 112.681118 -0.006072 2.661038 -0.243945 
820 35.344407 0.000000 -1.395128 108.486690 -0.000876 2.331798 -0.165474 
821 35.641192 0.000000 -1.671426 112.497372 -0.005823 2.646506 -0.240564 
822 35.937977 0.000000 -1.395128 118.167653 -0.011104 3.118403 -0.342266 
823 35.641192 0.000000 -1.118830 112.251037 -0.006237 2.642799 -0.236016 
824 35.344407 0.000000 1.091555 114.325643 0.004998 -7.735428 -0.269823 
825 35.344407 0.000000 0.538958 101.179501 0.001678 0.200581 -0.023523 
826 35.937977 0.000000 1.091555 109.306083 0.038853 -7.166783 -0.177049 
827 38.312258 0.000000 1.644151 116.985174 0.004757 -8.758973 -0.316401 
828 39.499399 0.000000 1.644151 116.026649 -0.189518 -8.130300 -0.300091 
829 38.312258 0.000000 2.749343 104.822595 0.002895 -1.912927 -0.094974 
830 36.531548 0.000000 2.196747 98.079660 -0.001561 2.047412 0.038993 
831 36.531548 0.000000 1.644151 110.273927 0.053179 -7.606065 -0.194813 
832 37.125118 0.000000 2.196747 102.661511 0.002551 -1.498199 -0.052683 
833 36.531548 0.000000 2.749343 100.203010 0.000780 0.339885 -0.004047 
834 35.641192 0.000000 1.920449 109.611953 0.023455 -7.153535 -0.182870 
835 35.344407 0.000000 1.920449 112.086641 0.007122 -7.530089 -0.228859 
836 35.641192 0.000000 1.644151 111.098757 0.014752 -7.367898 -0.210625 
837 35.937977 0.000000 1.920449 109.199140 0.038381 -7.099558 -0.175100 
838 35.641192 0.000000 2.196747 109.611953 0.023455 -7.153535 -0.182870 
839 38.312258 0.000000 -2.776618 97.475734 -0.000025 3.036430 0.051705 
840 38.312258 0.000000 -3.881811 95.602213 0.000024 1.121042 0.088852 
841 39.499399 0.000000 -2.776618 97.375397 -0.000944 0.896786 0.052860 
842 37.718688 0.000000 -1.118830 110.518041 -0.000689 2.913234 -0.203612 
843 37.718688 0.000000 -1.671426 110.772903 -0.000793 2.921109 -0.208384 
844 38.312258 0.000000 -1.118830 109.737013 -0.002284 2.573279 -0.189076 
845 37.718688 0.000000 -0.566234 110.760309 -0.000802 2.918289 -0.208149 
846 36.531548 0.000000 -0.013638 106.626699 -0.003815 0.010789 -0.130308 
847 35.937977 0.000000 -0.013638 116.536124 -0.000117 -3.791647 -0.313164 
848 37.125118 0.000000 -0.013638 115.577386 -0.000971 1.797869 -0.296904 
849 36.531548 0.000000 0.538958 106.626699 -0.003815 0.010789 -0.130308 
850 36.828333 0.000000 -0.842532 115.270164 -0.002617 3.354763 -0.290762 
851 36.531548 0.000000 -0.842532 117.716907 -0.007520 3.327743 -0.334272 
852 36.828333 0.000000 -1.118830 115.248362 -0.002541 3.356104 -0.290369 
853 37.125118 0.000000 -0.842532 113.478133 -0.000596 3.289096 -0.258275 
854 36.828333 0.000000 -0.566234 115.319884 -0.002971 3.344191 -0.291662 
855 36.234763 0.000000 -0.842532 118.645828 -0.009596 3.314429 -0.350505 
856 35.937977 0.000000 -0.842532 118.160439 -0.011098 3.117986 -0.342140 
857 36.234763 0.000000 -1.118830 117.986813 -0.009300 3.253841 -0.339040 
858 36.234763 0.000000 -0.566234 119.060230 -0.010776 3.264672 -0.357715 
859 36.531548 0.000000 -2.224022 90.830582 -0.000200 -3.976974 0.188072 
860 36.531548 0.000000 -2.776618 94.732017 0.000055 -1.503389 0.106672 
861 37.125118 0.000000 -2.224022 101.873790 -0.000049 2.337723 -0.036783 
862 36.828333 0.000000 -1.395128 115.277610 -0.002637 3.354585 -0.290896 
863 36.531548 0.000000 -1.395128 117.718870 -0.007524 3.327651 -0.334307 
864 36.828333 0.000000 -1.671426 115.334145 -0.002994 3.344455 -0.291918 
865 37.125118 0.000000 -1.395128 114.343366 -0.001798 3.311401 -0.274033 
866 36.679940 0.000000 -0.980681 116.479671 -0.004691 3.356470 -0.312397 
867 36.531548 0.000000 -0.980681 117.691938 -0.007459 3.328916 -0.333833 
868 36.679940 0.000000 -1.118830 116.303871 -0.004289 3.360519 -0.309267 
869 36.828333 0.000000 -0.980681 115.253200 -0.002562 3.355660 -0.290456 
870 36.679940 0.000000 -0.842532 116.002219 -0.003541 3.377506 -0.303876 
871 36.531548 0.000000 1.091555 111.570370 0.050307 -7.976093 -0.218663 
872 37.125118 0.000000 1.091555 115.480304 0.024082 -8.482918 -0.289808 
873 37.718688 0.000000 1.091555 117.006775 0.004403 -8.482013 -0.317148 
874 37.718688 0.000000 0.538958 107.407750 -0.025062 0.016781 -0.145331 
875 38.312258 0.000000 1.091555 116.976495 0.004823 -8.764144 -0.316240 
876 37.718688 0.000000 1.644151 116.796137 0.004070 -8.359299 -0.313558 
877 36.828333 0.000000 1.367853 113.962415 0.035285 -8.353350 -0.262393 
878 36.531548 0.000000 1.367853 110.653844 0.050203 -7.681287 -0.201872 
879 36.828333 0.000000 1.091555 113.867758 0.034898 -8.273892 -0.260767 
880 37.125118 0.000000 1.367853 116.338113 0.016158 -8.451446 -0.305263 
881 36.828333 0.000000 1.644151 113.898252 0.035967 -8.361563 -0.261208 
882 36.234763 0.000000 1.367853 109.157825 0.055731 -7.288762 -0.174077 
883 35.937977 0.000000 1.367853 109.203914 0.039416 -7.114997 -0.175172 
884 36.234763 0.000000 1.091555 108.439077 0.035891 -5.289738 -0.162585 
885 36.234763 0.000000 1.644151 109.186389 0.057945 -7.332340 -0.174565 
886 38.312258 0.000000 3.854535 101.883518 0.001175 1.537016 -0.037278 
887 39.499399 0.000000 3.854535 103.505057 -0.000417 0.155452 -0.069515 
888 38.312258 0.000000 4.959728 99.173580 -0.000124 4.361628 0.018484 
889 37.718688 0.000000 2.196747 103.589918 -0.003538 0.248414 -0.071178 
890 38.312258 0.000000 2.196747 103.999052 -0.005256 -3.297434 -0.078187 
891 37.718688 0.000000 2.749343 106.294473 -0.002907 -2.034417 -0.123518 
892 36.828333 0.000000 1.920449 113.782722 0.036616 -8.338369 -0.259122 
893 36.531548 0.000000 1.920449 111.570370 0.050307 -7.976093 -0.218663 
894 37.125118 0.000000 1.920449 116.236963 0.017093 -8.455157 -0.303448 
895 36.828333 0.000000 2.196747 100.271066 0.002977 -0.603833 -0.005382 
896 36.679940 0.000000 1.506002 113.029635 0.043017 -8.329439 -0.245282 
897 36.531548 0.000000 1.506002 110.656735 0.050203 -7.682217 -0.201925 
898 36.679940 0.000000 1.367853 112.755621 0.044386 -8.263089 -0.240309 
899 36.828333 0.000000 1.506002 113.947887 0.035542 -8.361970 -0.262116 
900 36.679940 0.000000 1.644151 113.110743 0.042611 -8.349078 -0.246752 
901 37.718688 0.000000 -0.013638 107.407750 -0.025062 0.016781 -0.145331 
902 38.312258 0.000000 -0.013638 107.830190 0.000421 0.481132 -0.153403 
903 37.421903 0.000000 -0.842532 112.590155 -0.000617 3.186221 -0.242018 
904 37.421903 0.000000 -1.118830 112.659063 -0.000488 3.204529 -0.243278 
905 37.718688 0.000000 -0.842532 110.551902 -0.000699 2.914960 -0.204246 
906 37.421903 0.000000 -0.566234 111.540906 -0.000291 3.093053 -0.222630 
907 37.421903 0.000000 1.367853 116.259157 0.012900 -8.347565 -0.303984 
908 37.421903 0.000000 1.091555 116.230683 0.013308 -8.352514 -0.303468 
909 37.718688 0.000000 1.367853 116.830152 0.004033 -8.380696 -0.314136 
910 37.421903 0.000000 1.644151 116.446430 0.012334 -8.371855 -0.307303 
911 51.370803 0.000000 -1.671426 100.265785 0.007388 5.099051 -0.002720 
912 51.370803 0.000000 -6.092195 99.093992 0.016511 4.805264 0.020497 
913 56.119364 0.000000 -1.671426 106.513375 0.008686 1.942736 -0.127780 
914 51.370803 0.000000 2.749343 101.957288 0.015110 3.108473 -0.038030 
915 44.247960 0.000000 0.538958 133.692847 0.032286 -38.757921 -0.504106 
916 44.247960 0.000000 -1.671426 92.412487 -0.006808 0.070153 0.153829 
917 46.622241 0.000000 0.538958 126.701925 0.015531 -24.050740 -0.447921 
918 44.247960 0.000000 2.749343 97.568847 -0.003381 1.322500 0.049049 
919 40.686539 0.000000 -0.566234 115.968705 0.029698 0.361731 -0.304146 
920 40.686539 0.000000 -1.671426 116.809025 0.029221 0.520645 -0.319078 
921 41.873679 0.000000 -0.566234 124.354930 0.020804 1.939980 -0.446973 
922 40.686539 0.000000 0.538958 106.294515 -0.401876 -8.125329 -0.117864 
923 38.905828 0.000000 -1.118830 108.943180 -0.004112 1.860829 -0.174326 
924 38.905828 0.000000 -1.671426 108.693663 -0.004282 1.932903 -0.169562 
925 39.499399 0.000000 -1.118830 110.366550 0.006320 0.962975 -0.201411 
926 38.905828 0.000000 -0.566234 108.693663 -0.004282 1.932903 -0.169562 
927 40.686539 0.000000 1.644151 106.331311 -0.426073 -7.661891 -0.119244 
928 41.873679 0.000000 1.644151 114.062873 -0.180192 -6.969346 -0.265927 
929 40.686539 0.000000 2.749343 103.122464 -0.007239 -0.031431 -0.061989 
930 38.905828 0.000000 1.091555 115.468578 -0.014613 -8.544978 -0.289514 
931 38.905828 0.000000 0.538958 111.459802 -0.005202 2.207562 -0.221513 
932 39.499399 0.000000 1.091555 116.066261 -0.197547 -8.119529 -0.300814 
933 38.905828 0.000000 1.644151 115.461533 -0.015692 -8.544452 -0.289387 
934 44.247960 0.000000 -3.881811 103.025314 0.003332 2.531340 -0.059462 
935 44.247960 0.000000 -6.092195 97.138633 0.000643 1.999818 0.057980 
936 46.622241 0.000000 -3.881811 94.849703 0.017272 1.996747 0.104460 
937 40.686539 0.000000 -2.776618 100.164794 0.001187 1.904373 -0.002933 
938 40.686539 0.000000 -3.881811 100.169379 0.000197 3.065524 -0.002449 
939 41.873679 0.000000 -2.776618 98.527864 0.000628 3.631264 0.030882 
940 40.092969 0.000000 -1.118830 112.212573 0.019566 0.328418 -0.235871 
941 40.092969 0.000000 -1.671426 106.145654 0.015855 1.789332 -0.120725 
942 40.686539 0.000000 -1.118830 115.235503 0.028500 0.306855 -0.291009 
943 40.092969 0.000000 -0.566234 112.256037 0.019271 0.371622 -0.236672 
944 38.905828 0.000000 -0.013638 115.652903 0.001021 4.380790 -0.297021 
945 39.499399 0.000000 -0.013638 111.381390 0.000592 1.666391 -0.220228 
946 39.202614 0.000000 -0.842532 109.227364 -0.001567 1.584004 -0.179796 
947 38.905828 0.000000 -0.842532 108.938998 -0.004040 1.924947 -0.174225 
948 39.202614 0.000000 -1.118830 109.160033 -0.002297 1.605801 -0.178515 
949 39.499399 0.000000 -0.842532 110.365601 0.006326 0.964360 -0.201393 
950 39.202614 0.000000 -0.566234 109.203009 -0.001691 1.599926 -0.179331 
951 40.092969 0.000000 1.091555 113.448851 -0.370427 -7.615384 -0.253916 
952 40.092969 0.000000 0.538958 111.702963 -0.424824 -7.390923 -0.221874 
953 40.686539 0.000000 1.091555 106.324711 -0.421733 -7.745021 -0.119000 
954 40.092969 0.000000 1.644151 111.702963 -0.424824 -7.390923 -0.221874 
955 38.905828 0.000000 2.196747 102.878999 0.005705 -0.699514 -0.057144 
956 39.499399 0.000000 2.196747 100.935705 -0.006043 0.913831 -0.018592 
957 38.905828 0.000000 2.749343 100.504568 -0.003395 1.344429 -0.009901 
958 39.202614 0.000000 1.367853 115.549139 -0.052820 -8.441602 -0.291104 
959 38.905828 0.000000 1.367853 115.443803 -0.018407 -8.543128 -0.289069 
960 39.202614 0.000000 1.091555 115.597208 -0.063417 -8.406326 -0.292017 
961 39.499399 0.000000 1.367853 116.040427 -0.193424 -8.120078 -0.300351 
962 39.202614 0.000000 1.644151 115.591814 -0.059600 -8.415971 -0.291907 
963 51.370803 0.000000 7.170112 95.433260 -0.004138 9.311882 0.101421 
964 56.119364 0.000000 7.170112 99.763731 -0.004395 3.509232 0.005964 
965 51.370803 0.000000 11.590882 102.124651 -0.022017 3.339837 -0.041203 
966 44.247960 0.000000 4.959728 99.215073 -0.000319 3.907069 0.017270 
967 46.622241 0.000000 4.959728 101.040884 -0.016684 1.694127 -0.020486 
968 44.247960 0.000000 7.170112 101.136888 -0.001900 3.521610 -0.021459 
969 43.060820 0.000000 1.644151 100.227832 -0.001448 -9.189868 0.003889 
970 43.060820 0.000000 0.538958 105.487269 -0.131558 -21.063352 -0.066721 
971 44.247960 0.000000 1.644151 89.452729 -0.003096 10.001020 0.226155 
972 43.060820 0.000000 2.749343 105.767808 -0.000363 -16.601538 -0.088172 
973 41.280109 0.000000 1.091555 106.237332 -0.364272 -8.845528 -0.115637 
974 41.280109 0.000000 0.538958 106.195756 -0.336931 -9.369165 -0.113956 
975 41.873679 0.000000 1.091555 112.188399 -0.232059 -5.157987 -0.233234 
976 41.280109 0.000000 1.644151 106.195756 -0.336931 -9.369165 -0.113956 
977 43.060820 0.000000 -0.566234 146.218399 0.059125 5.644582 -0.719795 
978 43.060820 0.000000 -1.671426 100.856533 -0.001207 14.557633 0.003994 
979 44.247960 0.000000 -0.566234 155.324438 -0.154414 11.057436 -0.719795 
980 43.060820 0.000000 -2.776618 102.026436 0.001286 6.739251 -0.035923 
981 43.060820 0.000000 -3.881811 98.553927 0.002062 2.032980 0.029432 
982 44.247960 0.000000 -2.776618 105.164206 0.000680 -2.588596 -0.101351 
983 42.467250 0.000000 -1.118830 139.272821 0.039687 3.593035 -0.662735 
984 41.873679 0.000000 -1.118830 125.015937 0.019902 2.064004 -0.457612 
985 42.467250 0.000000 -1.671426 141.541320 0.043439 3.818719 -0.690743 
986 43.060820 0.000000 -1.118830 144.964446 0.054919 5.155057 -0.719795 
987 42.467250 0.000000 -0.566234 137.370566 0.036542 3.403787 -0.638231 
988 42.467250 0.000000 1.091555 108.003527 -0.168894 -10.852835 -0.146271 
989 42.467250 0.000000 0.538958 105.872284 -0.164921 -12.218768 -0.101981 
990 43.060820 0.000000 1.091555 104.990901 -0.132708 -20.834730 -0.057660 
991 42.467250 0.000000 1.644151 103.910038 0.000221 -33.517920 0.033000 
992 48.996522 0.000000 0.538958 103.112310 0.013808 0.533119 -0.061762 
993 48.996522 0.000000 -1.671426 113.016354 0.001966 7.468539 -0.246147 
994 51.370803 0.000000 0.538958 101.736511 0.028175 3.984934 -0.033043 
995 48.996522 0.000000 2.749343 100.278843 0.000070 4.052404 -0.003937 
996 45.435101 0.000000 -0.566234 183.206941 -0.674336 23.824036 -0.719795 
997 45.435101 0.000000 -1.671426 83.186941 -0.062526 -20.662665 0.397226 
998 46.622241 0.000000 -0.566234 203.783656 -0.231482 -25.846457 -0.719795 
999 45.435101 0.000000 0.538958 164.165592 0.064777 -61.541782 -0.719795 
1000 43.654390 0.000000 -1.118830 149.574670 0.029535 8.241551 -0.719795 
1001 43.654390 0.000000 -1.671426 85.388417 -0.001106 -20.394058 0.349223 
1002 44.247960 0.000000 -1.118830 153.001002 -0.142312 11.081391 -0.719795 
1003 43.654390 0.000000 -0.566234 149.624369 0.031238 8.212536 -0.719795 
1004 45.435101 0.000000 1.644151 122.923974 -0.016468 -14.585098 -0.409388 
1005 46.622241 0.000000 1.644151 100.623137 0.019939 -3.759167 -0.011044 
1006 45.435101 0.000000 2.749343 107.284045 -0.058747 -5.938695 -0.139797 
1007 44.841530 0.000000 -0.013638 159.494524 0.066991 -44.319892 -0.719795 
1008 44.247960 0.000000 -0.013638 135.136900 0.028722 -39.061191 -0.525719 
1009 44.841530 0.000000 -0.566234 165.901228 -0.375903 16.645219 -0.719795 
1010 45.435101 0.000000 -0.013638 170.590317 -0.109086 -35.389214 -0.719795 
1011 44.841530 0.000000 0.538958 162.470405 0.067285 -55.452874 -0.719795 
1012 -200.302961 0.000000 -209.447580 99.756405 0.000000 6.975647 0.009766 
1013 -276.279947 0.000000 -209.447580 99.756405 0.000000 6.975647 0.009766 
1014 -200.302961 0.000000 -280.179887 99.756405 0.000000 6.975647 0.009766 
1015 255.558951 0.000000 -209.447580 99.775049 0.001088 6.965885 0.009378 
1016 255.558951 0.000000 -280.179887 99.463318 -0.000002 6.734139 0.015324 
1017 331.535936 0.000000 -209.447580 99.762807 0.000916 6.959461 0.009615 
1018 -200.302961 0.000000 214.946266 99.756405 0.000000 6.975647 0.009766 
1019 -276.279947 0.000000 214.946266 99.756405 0.000000 6.975647 0.009766 
1020 -200.302961 0.000000 285.678573 99.756405 0.000000 6.975647 0.009766 
1021 -86.337483 0.000000 -103.349118 99.756405 0.000000 6.975647 0.009766 
1022 -124.325976 0.000000 -103.349118 99.756405 0.000000 6.975647 0.009766 
1023 -86.337483 0.000000 -138.715272 99.756405 0.000000 6.975647 0.009766 
1024 103.604980 0.000000 214.946266 99.756405 0.000000 6.975647 0.009766 
1025 179.581965 0.000000 214.946266 99.770011 0.000745 6.964510 0.009477 
1026 103.604980 0.000000 285.678573 99.756405 0.000000 6.975647 0.009766 
1027 141.593473 0.000000 -103.349118 99.840682 0.002250 6.939874 0.008023 
1028 141.593473 0.000000 -138.715272 99.236015 -0.000004 6.534345 0.019628 
1029 179.581965 0.000000 -103.349118 99.783253 0.001841 6.909700 0.009135 
1030 -86.337483 0.000000 108.847804 99.756405 0.000000 6.975647 0.009766 
1031 -124.325976 0.000000 108.847804 99.756405 0.000000 6.975647 0.009766 
1032 -86.337483 0.000000 144.213958 99.756405 0.000000 6.975647 0.009766 
1033 -29.354744 0.000000 -50.299888 99.756405 0.000000 6.975647 0.009766 
1034 -48.348991 0.000000 -50.299888 99.756405 0.000000 6.975647 0.009766 
1035 -29.354744 0.000000 -67.982965 99.756405 0.000000 6.975647 0.009766 
1036 65.616487 0.000000 108.847804 99.756405 0.000000 6.975647 0.009766 
1037 103.604980 0.000000 108.847804 100.104194 0.000187 6.691983 0.002395 
1038 65.616487 0.000000 144.213958 99.756405 0.000000 6.975647 0.009766 
1039 84.610734 0.000000 -50.299888 98.801720 0.004898 5.792457 0.027444 
1040 84.610734 0.000000 -67.982965 97.652539 -0.000009 5.210346 0.049987 
1041 103.604980 0.000000 -50.299888 99.882726 0.003705 6.717223 0.006873 
1042 -29.354744 0.000000 55.798574 99.756405 0.000000 6.975647 0.009766 
1043 -48.348991 0.000000 55.798574 99.756405 0.000000 6.975647 0.009766 
1044 -29.354744 0.000000 73.481651 99.756405 0.000000 6.975647 0.009766 
1045 -19.857621 0.000000 -23.775272 99.756405 0.000000 6.975647 0.009766 
1046 -29.354744 0.000000 -23.775272 99.756405 0.000000 6.975647 0.009766 
1047 -19.857621 0.000000 -32.616811 99.756405 0.000000 6.975647 0.009766 
1048 46.622241 0.000000 55.798574 99.057730 0.021914 7.539765 0.024657 
1049 65.616487 0.000000 55.798574 100.014099 -0.000104 6.725299 0.004247 
1050 46.622241 0.000000 73.481651 99.756405 0.000000 6.975647 0.009766 
1051 -0.863375 0.000000 29.273958 99.756405 0.000000 6.975647 0.009766 
1052 -10.360498 0.000000 29.273958 99.756405 0.000000 6.975647 0.009766 
1053 -0.863375 0.000000 38.115497 99.756405 0.000000 6.975647 0.009766 
1054 56.119364 0.000000 -23.775272 97.532669 -0.000095 4.561640 0.051755 
1055 56.119364 0.000000 -32.616811 97.180207 -0.000007 4.647079 0.058971 
1056 65.616487 0.000000 -23.775272 99.976034 0.007181 5.710463 0.003745 
1057 -19.857621 0.000000 29.273958 99.756405 0.000000 6.975647 0.009766 
1058 -29.354744 0.000000 29.273958 99.756405 0.000000 6.975647 0.009766 
1059 -19.857621 0.000000 38.115497 99.756405 0.000000 6.975647 0.009766 
1060 37.125118 0.000000 29.273958 99.863142 -0.001163 6.834597 0.007426 
1061 46.622241 0.000000 29.273958 101.216664 -0.000075 5.633809 -0.021144 
1062 37.125118 0.000000 38.115497 99.780258 -0.002024 6.950607 0.009252 
1063 13.382310 0.000000 16.011651 100.004422 0.000568 6.777632 0.004512 
1064 8.633748 0.000000 16.011651 99.756405 0.000000 6.975647 0.009766 
1065 13.382310 0.000000 20.432420 99.756405 0.000000 6.975647 0.009766 
1066 -3.237656 0.000000 4.959728 99.756405 0.000000 6.975647 0.009766 
1067 -5.611936 0.000000 4.959728 99.756405 0.000000 6.975647 0.009766 
1068 -3.237656 0.000000 7.170112 99.756405 0.000000 6.975647 0.009766 
1069 2.104476 0.000000 -1.118830 45.136031 0.171172 -6.165749 1.057822 
1070 2.104476 0.000000 -1.671426 44.917540 0.306412 -6.377880 1.061586 
1071 2.104476 0.000000 -0.566234 45.263582 0.116795 -6.117167 1.055783 
1072 3.291617 0.000000 -0.013638 64.481012 1.355952 19.345907 0.773771 
1073 2.698046 0.000000 -0.013638 56.959022 1.534225 21.005134 0.926343 
1074 3.885187 0.000000 -0.013638 81.681688 7.995983 -10.122005 0.395650 
1075 2.104476 0.000000 -0.013638 22.506755 0.764100 8.729708 1.333710 
1076 2.104476 0.000000 0.538958 22.074433 1.059497 8.366165 1.336210 
1077 4.478757 0.000000 -1.118830 51.799782 0.512302 -2.350359 0.946169 
1078 4.478757 0.000000 -1.671426 47.624240 1.005478 -1.655822 1.013647 
1079 4.478757 0.000000 -0.566234 50.017162 1.005431 -1.963143 0.975462 
1080 5.665897 0.000000 -0.013638 82.202342 -0.261688 6.498072 0.369216 
1081 5.072327 0.000000 -0.013638 68.150512 -0.254057 18.771180 0.697918 
1082 6.259468 0.000000 -0.013638 89.116653 -0.207288 10.806966 0.235074 
1083 4.478757 0.000000 -0.013638 79.501136 1.001495 8.700046 0.429205 
1084 2.104476 0.000000 1.091555 123.548671 1.377169 -11.785345 -0.424690 
1085 1.510906 0.000000 1.091555 101.905473 0.005567 5.212368 -0.035298 
1086 2.104476 0.000000 1.644151 101.262195 0.004975 5.652005 -0.022032 
1087 15.756591 0.000000 9.380497 99.602523 0.018269 6.942581 0.012812 
1088 13.382310 0.000000 9.380497 99.495690 0.001941 7.127321 0.015223 
1089 15.756591 0.000000 11.590882 100.366089 -0.008318 6.426078 -0.003202 
1090 11.008029 0.000000 9.380497 100.518741 0.118395 6.531769 -0.006120 
1091 8.633748 0.000000 9.380497 103.655890 -0.161590 3.997337 -0.070963 
1092 11.008029 0.000000 11.590882 97.100682 0.102104 9.127483 0.067036 
1093 5.072327 0.000000 3.854535 102.302914 0.209053 5.488973 -0.042892 
1094 3.885187 0.000000 3.854535 100.580236 0.002379 6.280509 -0.007673 
1095 5.072327 0.000000 4.959728 107.865853 -0.281760 0.928651 -0.154022 
1096 6.853038 0.000000 -0.013638 72.915826 -0.311702 14.660704 0.582407 
1097 7.446608 0.000000 -0.013638 93.969297 -0.027160 7.916455 0.128810 
1098 6.853038 0.000000 0.538958 94.400611 -0.213700 6.513391 0.117780 
1099 6.853038 0.000000 1.091555 87.189800 0.274043 16.314444 0.292959 
1100 7.446608 0.000000 1.091555 97.497082 0.076385 3.135688 0.051337 
1101 6.853038 0.000000 1.644151 87.078618 0.276772 16.603395 0.296438 
1102 16.943731 0.000000 1.644151 109.245581 0.005380 -0.950932 -0.180280 
1103 15.756591 0.000000 1.644151 112.437441 -0.004136 0.131222 -0.240031 
1104 18.130872 0.000000 1.644151 102.952768 0.033119 2.228142 -0.058170 
1105 14.569450 0.000000 1.644151 108.740407 0.015392 5.590416 -0.168043 
1106 16.943731 0.000000 -2.776618 100.051498 -0.032003 6.471372 0.003161 
1107 16.943731 0.000000 -3.881811 99.483397 -0.027612 6.497284 0.014603 
1108 11.601599 0.000000 -2.224022 99.302755 0.049445 4.145324 0.015703 
1109 11.601599 0.000000 -2.776618 99.398782 -0.031324 6.670495 0.016535 
1110 12.195170 0.000000 -2.224022 99.302755 0.049445 4.145324 0.015703 
1111 10.414459 0.000000 3.301939 97.181446 -0.103375 16.519991 0.085371 
1112 11.008029 0.000000 3.301939 98.865127 0.058133 6.591527 0.027176 
1113 10.414459 0.000000 3.854535 100.118132 -0.041504 6.003890 0.001241 
1114 32.376556 0.000000 16.011651 100.183842 0.000387 6.286321 0.000272 
1115 37.125118 0.000000 16.011651 102.540832 -0.000127 4.199893 -0.048815 
1116 32.376556 0.000000 20.432420 100.665963 0.001731 6.132578 -0.009570 
1117 25.253714 0.000000 9.380497 98.892843 0.001698 6.547952 0.026558 
1118 27.627995 0.000000 9.380497 100.313195 0.000331 5.648917 -0.003079 
1119 25.253714 0.000000 11.590882 101.664532 0.003148 5.116533 -0.030607 
1120 19.318012 0.000000 1.644151 103.344819 0.012356 1.618940 -0.066117 
1121 19.318012 0.000000 6.064920 99.671220 -0.004986 5.741872 0.009897 
1122 18.130872 0.000000 6.064920 100.136713 -0.026565 5.276454 0.000048 
1123 19.318012 0.000000 7.170112 99.579775 -0.014420 6.217782 0.012307 
1124 19.911582 0.000000 -0.013638 105.617030 0.007076 0.089858 -0.110772 
1125 19.318012 0.000000 -0.013638 102.317074 0.019572 3.365321 -0.044997 
1126 19.911582 0.000000 0.538958 105.617030 0.007076 0.089858 -0.110772 
1127 22.285863 0.000000 -0.013638 104.001442 -0.003435 1.012563 -0.079163 
1128 22.879433 0.000000 -0.013638 104.522550 -0.000121 -1.052018 -0.089354 
1129 22.285863 0.000000 0.538958 98.702003 -0.006848 -10.566499 0.037451 
1130 19.911582 0.000000 -2.224022 106.871135 -0.009875 3.104574 -0.134150 
1131 19.318012 0.000000 -2.224022 97.792442 -0.001646 3.168924 0.045391 
1132 19.911582 0.000000 -2.776618 98.703761 0.000988 4.702773 0.028251 
1133 24.660144 0.000000 -1.118830 100.679448 0.016523 -3.296447 -0.012492 
1134 24.660144 0.000000 -1.671426 100.325973 0.020509 -3.206181 -0.005491 
1135 24.660144 0.000000 -0.566234 100.676040 0.017002 -3.262602 -0.012446 
1136 23.473003 0.000000 -0.013638 104.109808 -0.001431 -1.346026 -0.081212 
1137 24.066573 0.000000 -0.013638 103.436954 0.000220 -1.591758 -0.067937 
1138 23.473003 0.000000 0.538958 104.454758 -0.004477 -0.155598 -0.088130 
1139 21.989078 0.000000 -0.842532 105.030708 -0.010138 2.319966 -0.098872 
1140 22.285863 0.000000 -0.842532 103.939277 -0.003079 0.931782 -0.077959 
1141 21.989078 0.000000 -0.566234 104.982523 -0.010166 2.340936 -0.097924 
1142 20.950330 0.000000 -0.980681 102.931834 -0.013830 3.667061 -0.056944 
1143 20.801937 0.000000 -0.980681 103.800831 -0.012629 3.579286 -0.074114 
1144 20.950330 0.000000 -0.842532 103.532597 -0.012604 3.650184 -0.068793 
1145 30.002275 0.000000 9.380497 101.497038 -0.000065 4.430740 -0.027917 
1146 32.376556 0.000000 9.380497 102.372785 -0.000054 3.408699 -0.046072 
1147 30.002275 0.000000 11.590882 100.481020 -0.000341 5.764600 -0.006306 
1148 24.066573 0.000000 6.064920 97.893370 0.002922 6.257472 0.046358 
1149 25.253714 0.000000 6.064920 99.854588 0.001061 4.810801 0.005230 
1150 24.066573 0.000000 7.170112 97.839077 0.002503 6.564165 0.047863 
1151 21.098722 0.000000 4.407132 110.742361 0.014740 -5.868098 -0.205620 
1152 20.505152 0.000000 4.407132 98.252427 0.013504 4.484773 0.037144 
1153 21.098722 0.000000 4.959728 119.102796 0.009291 -11.997346 -0.348723 
1154 23.473003 0.000000 -2.224022 91.906899 0.000717 -2.984934 0.165186 
1155 23.473003 0.000000 -2.776618 92.848251 0.003985 -0.445797 0.144927 
1156 24.066573 0.000000 -2.224022 93.494976 0.002336 -1.897767 0.132070 
1157 24.660144 0.000000 3.301939 109.726938 0.258731 -5.731537 -0.186622 
1158 24.660144 0.000000 2.749343 110.069962 0.265134 -5.819936 -0.193013 
1159 24.660144 0.000000 3.854535 101.441566 -0.000305 -0.261403 -0.028730 
1160 23.473003 0.000000 4.407132 100.874523 0.002197 1.440312 -0.017251 
1161 24.066573 0.000000 4.407132 98.360505 0.002399 4.252506 0.034756 
1162 23.473003 0.000000 4.959728 101.532480 0.003808 1.363000 -0.030361 
1163 51.370803 0.000000 -10.512965 97.523570 0.023239 2.966690 0.050695 
1164 51.370803 0.000000 -14.933734 97.252400 0.000234 3.705230 0.056691 
1165 56.119364 0.000000 -10.512965 101.380018 0.014401 4.751351 -0.025299 
1166 30.595846 0.000000 -1.118830 91.518960 0.025917 -2.580984 0.172896 
1167 30.595846 0.000000 -1.671426 91.353629 0.019428 -2.645004 0.176329 
1168 30.595846 0.000000 -0.566234 89.347716 0.010182 -1.743789 0.217123 
1169 30.595846 0.000000 2.196747 152.174187 -0.104949 -7.040646 -0.719795 
1170 30.595846 0.000000 1.644151 152.174187 -0.104949 -7.040646 -0.719795 
1171 30.595846 0.000000 2.749343 152.174187 -0.104949 -7.040646 -0.719795 
1172 34.157267 0.000000 -0.013638 99.187172 0.000921 0.194814 0.016289 
1173 33.563697 0.000000 -0.013638 124.635280 -0.000270 -6.713675 -0.448828 
1174 34.750837 0.000000 -0.013638 99.119693 0.000895 0.194618 0.017643 
1175 32.970126 0.000000 -0.013638 101.243423 0.000560 0.179877 -0.024795 
1176 32.376556 0.000000 -0.013638 104.415129 0.000442 0.235619 -0.087352 
1177 32.970126 0.000000 0.538958 101.240561 0.000560 0.179731 -0.024738 
1178 32.970126 0.000000 1.091555 104.944799 -0.008992 -4.944930 -0.095425 
1179 32.376556 0.000000 1.091555 101.159986 0.000560 0.175624 -0.023136 
1180 32.970126 0.000000 -2.224022 109.913302 0.000189 -4.686114 -0.191085 
1181 32.376556 0.000000 -2.224022 98.635242 -0.000191 -7.658214 0.033367 
1182 32.970126 0.000000 -2.776618 107.862611 -0.000035 -2.610706 -0.153439 
1183 35.344407 0.000000 -0.013638 101.179501 0.001678 0.200581 -0.023523 
1184 35.641192 0.000000 -0.842532 112.653311 -0.006035 2.658839 -0.243434 
1185 35.344407 0.000000 -0.842532 109.836738 -0.003626 2.465981 -0.191004 
1186 35.641192 0.000000 -0.566234 115.348794 -0.009698 2.872017 -0.292410 
1187 40.686539 0.000000 3.854535 101.945138 -0.002985 1.272172 -0.038571 
1188 41.873679 0.000000 3.854535 100.626761 0.000982 2.206207 -0.012035 
1189 40.686539 0.000000 4.959728 102.153703 -0.001184 1.924870 -0.042501 
1190 36.234763 0.000000 -1.395128 117.838819 -0.009630 3.205299 -0.336471 
1191 36.234763 0.000000 -1.671426 119.060230 -0.010776 3.264672 -0.357715 
1192 35.641192 0.000000 1.367853 111.372262 0.016563 -7.370841 -0.215740 
1193 35.344407 0.000000 1.367853 112.581016 0.006653 -7.575428 -0.237973 
1194 35.641192 0.000000 1.091555 109.611953 0.023455 -7.153535 -0.182870 
1195 36.234763 0.000000 1.920449 109.163249 0.056152 -7.297038 -0.174170 
1196 36.234763 0.000000 2.196747 99.209547 0.001140 -0.637045 0.015877 
1197 37.718688 0.000000 -2.224022 97.886230 0.000280 3.448134 0.043688 
1198 37.718688 0.000000 -2.776618 96.283728 -0.000373 1.862117 0.075245 
1199 38.312258 0.000000 -2.224022 94.743621 -0.000610 -1.214522 0.106351 
1200 37.421903 0.000000 -1.395128 112.605321 -0.000622 3.187568 -0.242297 
1201 37.421903 0.000000 -1.671426 111.540906 -0.000291 3.093053 -0.222630 
1202 37.718688 0.000000 -1.395128 110.571604 -0.000701 2.916614 -0.204615 
1203 37.421903 0.000000 1.920449 116.713098 0.006382 -8.268677 -0.312193 
1204 37.718688 0.000000 1.920449 116.981035 0.004577 -8.463315 -0.316714 
1205 37.421903 0.000000 2.196747 104.364065 -0.003825 -1.285183 -0.086204 
1206 48.996522 0.000000 -3.881811 110.827190 0.016583 15.066083 -0.190802 
1207 48.996522 0.000000 -6.092195 90.558748 0.029204 -3.872169 0.193570 
1208 51.370803 0.000000 -3.881811 101.152056 0.012440 6.775978 -0.018458 
1209 41.280109 0.000000 -1.118830 118.185401 0.028439 0.780933 -0.343249 
1210 41.280109 0.000000 -1.671426 119.177625 0.027876 0.968574 -0.360449 
1211 41.280109 0.000000 -0.566234 117.896623 0.028603 0.726322 -0.338208 
1212 41.280109 0.000000 -0.013638 121.767310 -0.000894 -4.418680 -0.403223 
1213 40.686539 0.000000 -0.013638 116.398773 0.001058 1.749284 -0.311585 
1214 41.873679 0.000000 -0.013638 105.193601 0.000154 -78.070928 0.600711 
1215 40.092969 0.000000 -0.013638 109.198226 -0.001261 -1.271939 -0.179322 
1216 40.092969 0.000000 2.196747 99.351460 0.000258 2.021301 0.013401 
1217 40.686539 0.000000 2.196747 106.437133 0.005853 -4.291981 -0.124978 
1218 40.092969 0.000000 2.749343 100.179641 0.000725 1.726622 -0.003294 
1219 45.435101 0.000000 -2.776618 77.466499 -0.014589 -5.878467 0.465369 
1220 45.435101 0.000000 -3.881811 87.269101 0.003557 1.691058 0.259919 
1221 46.622241 0.000000 -2.776618 96.037611 0.006874 2.363802 0.080465 
1222 48.996522 0.000000 4.959728 111.133555 0.001529 -5.549701 -0.213254 
1223 51.370803 0.000000 4.959728 102.806361 0.005801 2.872161 -0.054966 
1224 48.996522 0.000000 7.170112 106.045532 -0.023197 -0.430761 -0.119062 
1225 43.060820 0.000000 3.854535 98.570937 -0.000207 3.602479 0.029993 
1226 44.247960 0.000000 3.854535 101.806033 -0.001654 -3.715265 -0.034626 
1227 43.060820 0.000000 4.959728 101.463301 0.001726 2.310118 -0.028646 
1228 45.435101 0.000000 3.854535 106.886336 -0.028688 -4.081280 -0.133810 
1229 46.622241 0.000000 3.854535 95.237139 -0.043100 7.047877 0.101459 
1230 45.435101 0.000000 4.959728 100.567179 -0.003739 1.108125 -0.011207 
1231 43.654390 0.000000 -0.013638 144.399488 -0.001047 21.569369 -0.706106 
1232 43.060820 0.000000 -0.013638 94.947086 0.000124 -39.586981 0.279537 
1233 43.654390 0.000000 0.538958 120.431811 -0.064335 -28.716794 -0.321733 
1234 42.467250 0.000000 -0.013638 51.622216 -0.000148 -19.954455 1.013257 
1235 44.841530 0.000000 -1.118830 157.947299 -0.334093 15.559146 -0.719795 
1236 44.841530 0.000000 -1.671426 94.083961 -0.012119 5.504189 0.122936 
1237 45.435101 0.000000 -1.118830 182.745365 -0.674733 23.961667 -0.719795 
1238 255.558951 0.000000 214.946266 99.742117 -0.001223 6.960495 0.010032 
1239 331.535936 0.000000 214.946266 99.753779 -0.001088 6.951849 0.009785 
1240 255.558951 0.000000 285.678573 99.916696 0.000000 6.842561 0.006362 
1241 141.593473 0.000000 108.847804 99.699788 -0.002580 6.920642 0.010827 
1242 179.581965 0.000000 108.847804 99.745025 -0.002219 6.887184 0.009871 
1243 141.593473 0.000000 144.213958 100.482133 -0.000004 6.396991 -0.005563 
1244 84.610734 0.000000 55.798574 101.219992 0.003092 5.594928 -0.021254 
1245 103.604980 0.000000 55.798574 99.725559 -0.004682 6.666457 0.009961 
1246 84.610734 0.000000 73.481651 100.777435 0.000012 6.111466 -0.011823 
1247 3.885187 0.000000 16.011651 99.756405 0.000000 6.975647 0.009766 
1248 -0.863375 0.000000 16.011651 99.756405 0.000000 6.975647 0.009766 
1249 3.885187 0.000000 20.432420 99.756405 0.000000 6.975647 0.009766 
1250 -5.611936 0.000000 16.011651 99.756405 0.000000 6.975647 0.009766 
1251 -10.360498 0.000000 16.011651 99.756405 0.000000 6.975647 0.009766 
1252 -5.611936 0.000000 20.432420 99.756405 0.000000 6.975647 0.009766 
1253 56.119364 0.000000 29.273958 103.007148 0.000010 3.951517 -0.058223 
1254 65.616487 0.000000 29.273958 100.951850 -0.018081 5.236903 -0.016289 
1255 56.119364 0.000000 38.115497 96.691989 0.000006 9.133924 0.075369 
1256 6.259468 0.000000 9.380497 99.756405 0.000000 6.975647 0.009766 
1257 3.885187 0.000000 9.380497 99.756405 0.000000 6.975647 0.009766 
1258 6.259468 0.000000 11.590882 99.756405 0.000000 6.975647 0.009766 
1259 1.510906 0.000000 9.380497 99.756405 0.000000 6.975647 0.009766 
1260 -0.863375 0.000000 9.380497 99.756405 0.000000 6.975647 0.009766 
1261 1.510906 0.000000 11.590882 99.756405 0.000000 6.975647 0.009766 
1262 -3.237656 0.000000 9.380497 99.756405 0.000000 6.975647 0.009766 
1263 -5.611936 0.000000 9.380497 99.756405 0.000000 6.975647 0.009766 
1264 -3.237656 0.000000 11.590882 99.756405 0.000000 6.975647 0.009766 
1265 2.698046 0.000000 3.854535 99.756405 0.000000 6.975647 0.009766 
1266 1.510906 0.000000 3.854535 99.756405 0.000000 6.975647 0.009766 
1267 2.698046 0.000000 4.959728 99.756405 0.000000 6.975647 0.009766 
1268 0.917336 0.000000 1.091555 99.756405 0.000000 6.975647 0.009766 
1269 0.323766 0.000000 1.091555 99.756405 0.000000 6.975647 0.009766 
1270 0.917336 0.000000 1.644151 99.756405 0.000000 6.975647 0.009766 
1271 41.873679 0.000000 16.011651 100.899661 0.000020 5.177161 -0.015309 
1272 46.622241 0.000000 16.011651 100.706442 0.000024 5.141695 -0.011487 
1273 41.873679 0.000000 20.432420 103.339755 -0.000002 3.366025 -0.065188 
1274 16.943731 0.000000 6.064920 101.847509 0.006639 4.361478 -0.034941 
1275 15.756591 0.000000 6.064920 101.439618 -0.007367 5.076908 -0.026172 
1276 16.943731 0.000000 7.170112 100.432549 -0.006048 6.008248 -0.005051 
1277 14.569450 0.000000 6.064920 100.968937 -0.013788 5.622923 -0.016215 
1278 13.382310 0.000000 6.064920 99.126190 0.030799 7.171226 0.022726 
1279 14.569450 0.000000 7.170112 99.828775 0.026141 6.660803 0.007881 
1280 24.660144 0.000000 -0.013638 100.974054 0.019588 -2.082921 -0.019011 
1281 25.253714 0.000000 -0.013638 128.583922 -0.005046 -0.234311 -0.513805 
1282 24.660144 0.000000 0.538958 103.774337 -0.002387 -0.027798 -0.074805 
1283 34.750837 0.000000 9.380497 107.070407 -0.000001 0.990881 -0.138764 
1284 37.125118 0.000000 9.380497 101.467545 0.000022 3.771143 -0.027860 
1285 34.750837 0.000000 11.590882 114.381815 -0.000035 -6.151950 -0.272596 
1286 26.440854 0.000000 6.064920 102.024086 -0.000635 3.100414 -0.039359 
1287 27.627995 0.000000 6.064920 99.432174 -0.000690 4.925353 0.013818 
1288 26.440854 0.000000 7.170112 100.728422 -0.000445 4.716216 -0.012342 
1289 24.660144 0.000000 -2.224022 95.092478 -0.000498 -5.767362 0.102652 
1290 24.660144 0.000000 -2.776618 95.714541 -0.000611 -1.435378 0.086655 
1291 25.253714 0.000000 -2.224022 96.094189 -0.001591 -0.359630 0.078740 
1292 24.660144 0.000000 4.407132 98.894402 -0.001445 3.399082 0.023339 
1293 25.253714 0.000000 4.407132 101.131489 -0.000851 2.001614 -0.022178 
1294 24.660144 0.000000 4.959728 100.901427 -0.000680 2.829447 -0.017202 
1295 25.847284 0.000000 -0.013638 128.583922 -0.005046 -0.234311 -0.513805 
1296 26.440854 0.000000 -0.013638 117.034512 -0.002898 0.044061 -0.323086 
1297 25.847284 0.000000 0.538958 128.583922 -0.005046 -0.234311 -0.513805 
1298 25.847284 0.000000 -2.224022 130.838273 -0.001134 1.793505 -0.547464 
1299 25.847284 0.000000 -2.776618 129.666660 -0.001583 -6.431825 -0.527807 
1300 26.440854 0.000000 -2.224022 20.043204 -0.002260 -7.913540 1.350414 
1301 28.815135 0.000000 6.064920 101.217461 -0.000880 3.260980 -0.023237 
1302 30.002275 0.000000 6.064920 100.096541 -0.000026 3.892657 -0.000416 
1303 28.815135 0.000000 7.170112 104.923586 -0.000761 1.234869 -0.097142 
1304 25.847284 0.000000 4.407132 103.613603 -0.002048 -0.282298 -0.071642 
1305 26.440854 0.000000 4.407132 99.008973 -0.001510 3.629477 0.021199 
1306 25.847284 0.000000 4.959728 100.282957 -0.001237 3.568258 -0.004387 
1307 31.782986 0.000000 -0.013638 101.043339 0.000562 0.169679 -0.020815 
1308 31.189416 0.000000 -0.013638 113.465105 0.000074 -6.105680 -0.255901 
1309 31.782986 0.000000 0.538958 101.033106 0.000562 0.169157 -0.020611 
1310 30.595846 0.000000 -0.013638 88.418838 0.000396 -0.602993 0.235938 
1311 30.002275 0.000000 -0.013638 88.473783 0.000427 -0.619433 0.234809 
1312 30.595846 0.000000 0.538958 88.419303 0.000396 -0.603343 0.235928 
1313 30.595846 0.000000 1.091555 87.297144 0.000694 -0.819384 0.259082 
1314 30.002275 0.000000 1.091555 88.485410 0.000429 -0.620473 0.234569 
1315 31.189416 0.000000 1.091555 105.423905 0.000050 -24.028259 -0.052655 
1316 31.782986 0.000000 1.091555 101.054613 0.000561 0.170253 -0.021039 
1317 31.782986 0.000000 -2.224022 87.761340 -0.000013 -9.926111 0.261042 
1318 31.189416 0.000000 -2.224022 86.110861 0.000107 -8.448326 0.292011 
1319 31.782986 0.000000 -2.776618 84.035761 -0.000196 -10.391074 0.339478 
1320 30.595846 0.000000 -2.224022 83.101859 0.000289 -7.345410 0.352116 
1321 30.002275 0.000000 -2.224022 102.011304 -0.000097 -4.284194 -0.038256 
1322 30.595846 0.000000 -2.776618 88.170442 0.000259 -1.492913 0.241272 
1323 51.370803 0.000000 16.011651 101.092829 0.000237 4.939418 -0.019399 
1324 56.119364 0.000000 16.011651 102.782095 -0.022475 2.741517 -0.054558 
1325 51.370803 0.000000 20.432420 101.506109 0.000157 4.843201 -0.027722 
1326 39.499399 0.000000 9.380497 102.460752 0.000021 3.423592 -0.047802 
1327 41.873679 0.000000 9.380497 99.377301 -0.000066 5.471594 0.015495 
1328 39.499399 0.000000 11.590882 102.795695 0.000053 2.681527 -0.054857 
1329 38.905828 0.000000 -2.224022 94.758714 -0.000450 1.370232 0.106087 
1330 38.905828 0.000000 -2.776618 93.318654 0.000222 0.628528 0.135324 
1331 39.499399 0.000000 -2.224022 99.186121 0.000038 1.814815 0.016639 
1332 41.280109 0.000000 2.196747 101.525512 -0.000836 0.156718 -0.030402 
1333 41.873679 0.000000 2.196747 97.830228 -0.000071 0.825062 0.043662 
1334 41.280109 0.000000 2.749343 102.644603 0.004607 -0.233512 -0.052560 
1335 40.092969 0.000000 -2.224022 93.256446 -0.000008 3.722740 0.138073 
1336 40.092969 0.000000 -2.776618 92.952503 0.000242 2.722950 0.143588 
1337 40.686539 0.000000 -2.224022 99.884022 -0.000777 1.716538 0.002615 
1338 43.654390 0.000000 1.091555 121.852462 -0.055155 -30.468399 -0.339737 
1339 44.247960 0.000000 1.091555 129.516298 0.042592 -37.880790 -0.439052 
1340 43.654390 0.000000 1.644151 104.254322 -0.002486 -9.517375 -0.075682 
1341 42.467250 0.000000 2.196747 93.712184 -0.000031 11.015825 0.140521 
1342 43.060820 0.000000 2.196747 100.894507 -0.000429 -13.634043 0.000619 
1343 42.467250 0.000000 2.749343 99.853105 -0.000612 1.242258 0.003094 
1344 44.841530 0.000000 1.091555 164.165592 0.064777 -61.541782 -0.719795 
1345 45.435101 0.000000 1.091555 100.522729 -0.012102 2.486298 -0.009829 
1346 44.841530 0.000000 1.644151 101.451790 -0.034604 1.008403 -0.028840 
1347 0.323766 0.000000 3.854535 99.756405 0.000000 6.975647 0.009766 
1348 -0.863375 0.000000 3.854535 99.756405 0.000000 6.975647 0.009766 
1349 0.323766 0.000000 4.959728 99.756405 0.000000 6.975647 0.009766 
1350 12.195170 0.000000 6.064920 100.029917 -0.023861 6.462596 0.003583 
1351 11.008029 0.000000 6.064920 100.239916 -0.004449 6.445716 -0.000649 
1352 12.195170 0.000000 7.170112 100.544941 -0.008132 6.185384 -0.007084 
1353 9.820889 0.000000 6.064920 98.217723 -0.056870 8.290835 0.042847 
1354 8.633748 0.000000 6.064920 102.015698 0.012687 5.480153 -0.037208 
1355 9.820889 0.000000 7.170112 99.256180 0.067528 7.551321 0.020676 
1356 31.189416 0.000000 6.064920 70.040469 -0.000029 24.590029 0.696612 
1357 32.376556 0.000000 6.064920 103.429199 0.000014 3.535653 -0.066837 
1358 31.189416 0.000000 7.170112 134.561052 0.000027 -22.936562 -0.573136 
1359 29.408705 0.000000 -0.013638 88.605701 0.000479 -0.645369 0.232096 
1360 28.815135 0.000000 -0.013638 96.286603 0.002164 -1.364488 0.075018 
1361 29.408705 0.000000 0.538958 88.612956 0.000482 -0.646826 0.231947 
1362 29.408705 0.000000 1.091555 88.610130 0.000478 -0.644751 0.232005 
1363 28.815135 0.000000 1.091555 96.286603 0.002164 -1.364488 0.075018 
1364 29.408705 0.000000 -2.224022 76.880365 0.000236 -7.195508 0.479592 
1365 28.815135 0.000000 -2.224022 67.433398 0.000159 -4.512611 0.663811 
1366 29.408705 0.000000 -2.776618 78.774509 0.000300 -10.259563 0.447852 
1367 44.247960 0.000000 9.380497 101.350172 0.000220 3.693115 -0.025583 
1368 46.622241 0.000000 9.380497 101.545132 -0.000390 3.886859 -0.029316 
1369 44.247960 0.000000 11.590882 102.030204 0.000309 3.737493 -0.039057 
1370 33.563697 0.000000 6.064920 96.457762 0.000084 5.299545 0.074305 
1371 34.750837 0.000000 6.064920 106.514655 0.000126 -1.587878 -0.127918 
1372 33.563697 0.000000 7.170112 120.886226 0.000004 -9.842706 -0.382919 
1373 41.280109 0.000000 -2.224022 95.926332 0.001649 0.190228 0.082137 
1374 41.280109 0.000000 -2.776618 96.484878 -0.000866 2.134897 0.071280 
1375 41.873679 0.000000 -2.224022 99.128334 -0.000102 7.044958 0.022500 
1376 48.996522 0.000000 9.380497 102.222056 -0.027769 2.497812 -0.043609 
1377 51.370803 0.000000 9.380497 101.429299 -0.005624 3.552199 -0.027257 
1378 48.996522 0.000000 11.590882 101.314527 -0.000757 4.277351 -0.024416 
1379 43.654390 0.000000 2.196747 92.956528 -0.001927 1.649745 0.142988 
1380 44.247960 0.000000 2.196747 105.882579 -0.003577 -7.019909 -0.111406 
1381 43.654390 0.000000 2.749343 98.533063 -0.001917 -4.239866 0.031267 
1382 42.467250 0.000000 -2.224022 97.106475 -0.000052 -2.325204 0.058777 
1383 42.467250 0.000000 -2.776618 98.336729 0.002049 0.793926 0.033447 
1384 43.060820 0.000000 -2.224022 101.433174 0.000022 10.703980 -0.017302 
1385 44.841530 0.000000 2.196747 138.813282 -0.031510 -27.714938 -0.620787 
1386 45.435101 0.000000 2.196747 112.924152 -0.077834 -3.884890 -0.247765 
1387 44.841530 0.000000 2.749343 101.997291 -0.008908 -1.376114 -0.039578 
1 11 62 60 61 
2 62 10 24 60 
3 60 24 14 63 
4 61 60 63 6 
5 24 66 64 65 
6 66 23 40 64 
7 64 40 27 67 
8 65 64 67 14 
9 40 70 68 69 
10 69 68 71 27 
11 6 63 92 93 
12 63 14 36 92 
13 92 36 19 94 
14 93 92 94 20 
15 14 67 95 96 
16 67 27 52 95 
17 95 52 35 97 
18 96 95 97 36 
19 27 71 98 99 
20 99 98 100 52 
21 68 112 110 111 
22 112 56 80 110 
23 110 80 43 113 
24 111 110 113 71 
25 80 116 114 115 
26 115 114 117 43 
27 71 113 133 134 
28 113 43 102 133 
29 133 102 76 135 
30 134 133 135 98 
31 43 117 136 137 
32 137 136 138 102 
33 114 141 139 140 
34 141 106 129 139 
35 139 129 83 142 
36 140 139 142 117 
37 12 145 143 144 
38 145 7 146 143 
39 143 146 13 25 
40 144 143 25 10 
41 25 149 147 148 
42 149 13 150 147 
43 147 150 26 41 
44 148 147 41 23 
45 41 153 151 152 
46 153 26 154 151 
47 151 154 42 57 
48 152 151 57 39 
49 39 157 155 156 
50 157 57 158 155 
51 155 158 55 81 
52 156 155 81 56 
53 81 161 159 160 
54 161 55 162 159 
55 159 162 82 107 
56 160 159 107 79 
57 79 165 163 164 
58 165 107 166 163 
59 106 169 167 168 
60 168 167 171 129 
61 56 174 172 173 
62 174 81 160 172 
63 172 160 79 116 
64 173 172 116 80 
65 116 177 175 176 
66 177 79 164 175 
67 175 164 106 141 
68 176 175 141 114 
69 164 180 178 179 
70 180 163 181 178 
71 178 181 130 169 
72 179 178 169 106 
73 169 196 194 195 
74 196 130 197 194 
75 194 197 170 198 
76 195 194 198 167 
77 199 201 124 202 
78 200 199 202 125 
79 129 171 203 204 
80 203 205 132 206 
81 204 203 206 83 
82 167 198 207 208 
83 198 170 209 207 
84 207 209 128 210 
85 208 207 210 171 
86 107 212 211 166 
87 212 82 213 211 
88 163 215 214 181 
89 215 166 216 214 
90 214 216 105 191 
91 181 214 191 130 
92 191 223 221 222 
93 223 105 224 221 
94 221 224 192 225 
95 222 221 225 190 
96 226 227 109 228 
97 205 226 228 132 
98 232 233 126 234 
99 201 232 234 124 
100 235 236 189 237 
101 227 235 237 109 
102 193 240 238 239 
103 240 131 241 238 
104 238 241 227 242 
105 239 238 242 226 
106 166 244 243 216 
107 244 211 245 243 
108 243 245 187 218 
109 216 243 218 105 
110 251 108 252 250 
111 250 252 188 253 
112 218 256 254 255 
113 256 187 257 254 
114 254 257 219 258 
115 255 254 258 217 
116 131 260 259 241 
117 260 220 261 259 
118 259 261 235 262 
119 241 259 262 227 
120 253 188 264 263 
121 263 264 59 265 
122 236 263 265 189 
123 220 267 266 261 
124 267 186 268 266 
125 266 268 236 269 
126 261 266 269 235 
127 57 271 270 158 
128 271 42 272 270 
129 270 272 58 89 
130 158 270 89 55 
131 55 274 273 162 
132 274 89 275 273 
133 273 275 88 183 
134 162 273 183 82 
135 82 277 276 213 
136 277 183 278 276 
137 211 280 279 245 
138 280 213 281 279 
139 279 281 108 251 
140 245 279 251 187 
141 187 283 282 257 
142 283 251 284 282 
143 282 284 250 285 
144 257 282 285 219 
145 108 287 286 252 
146 286 288 246 289 
147 252 286 289 188 
148 213 291 290 281 
149 291 276 292 290 
150 281 290 287 108 
151 306 182 307 305 
152 305 307 248 308 
153 288 305 308 246 
154 287 311 309 310 
155 309 312 288 313 
156 310 309 313 286 
157 183 315 314 278 
158 315 88 316 314 
159 276 318 317 292 
160 318 278 319 317 
161 317 319 182 306 
162 290 322 320 321 
163 322 292 323 320 
164 320 323 247 311 
165 321 320 311 287 
166 247 325 324 312 
167 325 306 326 324 
168 324 326 305 327 
169 312 324 327 288 
170 311 330 328 329 
171 330 247 331 328 
172 328 331 312 332 
173 329 328 332 309 
174 188 289 336 264 
175 289 246 337 336 
176 339 341 333 342 
177 340 339 342 233 
178 264 345 343 344 
179 345 336 346 343 
180 344 343 347 59 
181 246 308 348 337 
182 308 248 349 348 
183 348 349 185 350 
184 337 348 350 249 
185 336 352 351 346 
186 352 337 353 351 
187 351 353 249 354 
188 346 351 354 338 
189 189 265 355 356 
190 265 59 340 355 
191 355 340 233 357 
192 356 355 357 232 
193 59 347 358 359 
194 347 338 360 358 
195 358 360 339 361 
196 359 358 361 340 
197 343 364 362 363 
198 364 346 365 362 
199 362 365 338 366 
200 363 362 366 347 
201 249 350 376 341 
202 350 185 377 376 
203 376 377 334 378 
204 341 376 378 333 
205 182 380 379 307 
206 379 381 301 382 
207 307 379 382 248 
208 278 384 383 319 
209 384 314 385 383 
210 383 385 302 380 
211 319 383 380 182 
212 302 391 390 381 
213 391 184 392 390 
214 390 392 303 393 
215 381 390 393 301 
216 380 396 394 395 
217 396 302 397 394 
218 394 397 381 398 
219 395 394 398 379 
220 185 400 399 377 
221 400 304 401 399 
222 399 401 373 402 
223 377 399 402 334 
224 304 407 406 401 
225 407 91 408 406 
226 406 408 374 409 
227 401 406 409 373 
228 89 411 410 275 
229 411 58 412 410 
230 410 412 90 298 
231 275 410 298 88 
232 88 414 413 316 
233 414 298 415 413 
234 184 417 416 392 
235 392 416 419 303 
236 91 421 420 408 
237 421 389 422 420 
238 420 422 403 423 
239 408 420 423 374 
240 298 437 436 415 
241 437 90 438 436 
242 413 441 439 440 
243 441 415 442 439 
244 316 450 448 449 
245 450 413 440 448 
246 449 448 417 184 
247 440 453 451 452 
248 453 439 454 451 
249 451 454 433 445 
250 452 451 445 387 
251 460 297 461 459 
252 459 461 434 462 
253 445 465 463 464 
254 465 433 466 463 
255 463 466 446 467 
256 417 470 468 469 
257 470 387 444 468 
258 468 444 418 471 
259 469 468 471 416 
260 387 474 472 473 
261 474 445 464 472 
262 473 472 475 444 
263 386 435 476 477 
264 435 388 478 476 
265 476 478 300 479 
266 477 476 479 389 
267 418 447 480 481 
268 447 432 482 480 
269 480 482 435 483 
270 481 480 483 386 
271 467 446 486 484 
272 484 486 432 487 
273 485 484 487 447 
274 464 490 488 489 
275 490 463 491 488 
276 488 491 467 492 
277 444 475 493 494 
278 493 485 447 495 
279 494 493 495 418 
280 472 498 496 497 
281 498 464 489 496 
282 496 489 443 499 
283 497 496 499 475 
284 443 492 500 501 
285 492 467 502 500 
286 500 502 484 503 
287 501 500 503 485 
288 489 506 504 505 
289 506 488 507 504 
290 504 507 492 508 
291 505 504 508 443 
292 415 519 518 442 
293 519 436 520 518 
294 439 522 521 454 
295 522 442 523 521 
296 521 523 297 460 
297 454 521 460 433 
298 433 525 524 466 
299 525 460 526 524 
300 524 526 459 527 
301 466 524 527 446 
302 479 534 532 533 
303 534 300 535 532 
304 532 535 516 536 
305 389 539 537 538 
306 539 479 533 537 
307 537 533 515 540 
308 538 537 540 422 
309 19 38 541 542 
310 38 21 543 541 
311 541 543 9 544 
312 542 541 544 22 
313 35 54 545 546 
314 54 37 547 545 
315 545 547 21 548 
316 546 545 548 38 
317 51 78 549 550 
318 78 53 551 549 
319 549 551 37 552 
320 550 549 552 54 
321 75 123 553 554 
322 123 77 555 553 
323 553 555 53 556 
324 554 553 556 78 
325 121 372 557 558 
326 372 122 559 557 
327 557 559 77 560 
328 558 557 560 123 
329 230 405 561 562 
330 405 370 563 561 
331 561 563 372 564 
332 562 561 564 121 
333 403 517 565 566 
334 517 404 567 565 
335 565 567 370 568 
336 566 565 568 405 
337 515 536 569 570 
338 536 516 571 569 
339 569 571 404 572 
340 570 569 572 517 
341 533 575 573 574 
342 575 532 576 573 
343 573 576 536 577 
344 574 573 577 515 
345 297 579 578 461 
346 579 456 580 578 
347 578 580 455 581 
348 461 578 581 434 
349 388 458 582 478 
350 458 428 583 582 
351 582 583 431 529 
352 478 582 529 300 
353 300 585 584 535 
354 585 529 586 584 
355 584 586 528 587 
356 535 584 587 516 
357 593 299 594 592 
358 592 594 430 595 
359 7 597 596 146 
360 597 16 598 596 
361 596 598 15 32 
362 146 596 32 13 
363 13 600 599 150 
364 600 32 601 599 
365 599 601 31 48 
366 150 599 48 26 
367 26 603 602 154 
368 603 48 604 602 
369 602 604 47 85 
370 154 602 85 42 
371 42 606 605 272 
372 606 85 607 605 
373 605 607 84 294 
374 272 605 294 58 
375 58 609 608 412 
376 609 294 610 608 
377 608 610 293 425 
378 412 608 425 90 
379 90 612 611 438 
380 612 425 613 611 
381 436 615 614 520 
382 615 438 616 614 
383 614 616 299 593 
384 429 619 617 618 
385 619 593 620 617 
386 617 620 592 621 
387 618 617 621 457 
388 626 5 627 625 
389 625 627 513 628 
390 428 595 629 583 
391 595 430 630 629 
392 629 630 5 626 
393 583 629 626 431 
394 431 633 631 632 
395 633 626 634 631 
396 631 634 625 635 
397 632 631 635 530 
398 299 637 636 594 
399 594 636 639 430 
400 430 639 640 630 
401 630 640 642 5 
402 438 644 643 616 
403 644 611 645 643 
404 616 643 637 299 
405 15 647 646 33 
406 647 17 648 646 
407 646 648 8 649 
408 33 646 649 18 
409 31 651 650 49 
410 651 33 652 650 
411 650 652 18 653 
412 49 650 653 34 
413 47 655 654 86 
414 655 49 656 654 
415 654 656 34 657 
416 86 654 657 50 
417 659 86 660 658 
418 658 660 50 661 
419 637 676 674 675 
420 676 589 677 674 
421 674 677 638 678 
422 675 674 678 636 
423 5 642 682 627 
424 642 591 683 682 
425 682 683 622 684 
426 627 682 684 513 
427 640 687 685 686 
428 687 641 688 685 
429 685 688 591 689 
430 686 685 689 642 
431 425 691 690 613 
432 691 293 692 690 
433 611 694 693 645 
434 694 613 695 693 
435 671 702 700 701 
436 702 424 703 700 
437 700 703 672 704 
438 701 700 704 670 
439 18 649 705 45 
440 649 8 706 705 
441 705 706 29 707 
442 45 705 707 28 
443 34 653 708 73 
444 653 18 709 708 
445 708 709 45 710 
446 73 708 710 44 
447 50 657 711 119 
448 657 34 712 711 
449 711 712 73 713 
450 119 711 713 72 
451 661 50 715 714 
452 714 715 119 716 
453 720 721 510 722 
454 591 681 726 683 
455 681 427 727 726 
456 726 727 623 728 
457 683 726 728 622 
458 679 731 729 730 
459 731 680 732 729 
460 729 732 427 733 
461 730 729 733 681 
462 613 735 734 695 
463 735 690 736 734 
464 424 738 737 703 
465 738 697 739 737 
466 737 739 696 740 
467 703 737 740 672 
468 427 725 741 727 
469 725 669 742 741 
470 741 742 720 743 
471 727 741 743 623 
472 680 745 744 732 
473 745 723 746 744 
474 744 746 725 747 
475 732 744 747 427 
476 757 667 758 756 
477 756 758 698 759 
478 739 756 759 696 
479 294 761 760 610 
480 761 84 762 760 
481 760 762 295 663 
482 610 760 663 293 
483 293 764 763 692 
484 764 663 765 763 
485 690 767 766 736 
486 767 692 768 766 
487 734 771 769 770 
488 771 736 772 769 
489 769 772 667 757 
490 770 769 757 697 
491 697 775 773 774 
492 775 757 776 773 
493 773 776 756 777 
494 774 773 777 739 
495 782 724 783 781 
496 781 783 669 784 
497 746 781 784 725 
498 699 787 785 786 
499 787 666 788 785 
500 785 788 724 782 
501 786 785 782 723 
502 723 791 789 790 
503 791 782 792 789 
504 789 792 781 793 
505 790 789 793 746 
506 667 795 794 758 
507 758 794 797 698 
508 798 799 717 800 
509 721 798 800 510 
510 669 780 801 742 
511 780 296 802 801 
512 801 802 721 803 
513 742 801 803 720 
514 724 805 804 783 
515 804 806 780 807 
516 783 804 807 669 
517 736 809 808 772 
518 809 766 810 808 
519 808 810 753 795 
520 772 808 795 667 
521 795 821 819 820 
522 821 753 822 819 
523 819 822 796 823 
524 820 819 823 794 
525 666 825 824 788 
526 825 755 826 824 
527 788 824 805 724 
528 830 832 296 833 
529 806 830 833 780 
530 805 836 834 835 
531 836 778 837 834 
532 834 837 806 838 
533 835 834 838 804 
534 692 840 839 768 
535 840 763 841 839 
536 843 812 844 842 
537 842 844 811 845 
538 752 818 846 847 
539 818 754 848 846 
540 846 848 668 849 
541 847 846 849 755 
542 852 817 853 850 
543 850 853 754 854 
544 851 850 854 818 
545 796 857 855 856 
546 857 815 851 855 
547 855 851 818 858 
548 856 855 858 752 
549 766 860 859 810 
550 860 768 861 859 
551 859 861 426 816 
552 810 859 816 753 
553 816 864 862 863 
554 864 426 865 862 
555 862 865 817 852 
556 863 862 852 815 
557 815 868 866 867 
558 868 852 869 866 
559 866 869 850 870 
560 867 866 870 851 
561 755 849 871 826 
562 849 668 872 871 
563 668 874 873 872 
564 874 814 875 873 
565 873 875 827 876 
566 871 879 877 878 
567 879 872 880 877 
568 877 880 779 881 
569 826 884 882 883 
570 884 871 878 882 
571 882 878 831 885 
572 883 882 885 778 
573 296 829 886 802 
574 829 751 887 886 
575 886 887 798 888 
576 802 886 888 721 
577 876 827 890 889 
578 889 890 829 891 
579 832 889 891 296 
580 831 881 892 893 
581 881 779 894 892 
582 892 894 832 895 
583 893 892 895 830 
584 878 898 896 897 
585 898 877 899 896 
586 896 899 881 900 
587 897 896 900 831 
588 754 845 901 848 
589 845 811 902 901 
590 901 902 814 874 
591 848 901 874 668 
592 817 904 903 853 
593 904 842 905 903 
594 903 905 845 906 
595 853 903 906 754 
596 872 908 907 880 
597 908 873 909 907 
598 907 909 876 910 
599 880 907 910 779 
600 912 658 913 911 
601 911 913 661 914 
602 812 924 923 844 
603 924 749 925 923 
604 844 923 926 811 
605 814 931 930 875 
606 931 748 932 930 
607 875 930 933 827 
608 663 935 934 765 
609 935 295 936 934 
610 763 938 937 841 
611 938 765 939 937 
612 749 941 940 925 
613 941 920 942 940 
614 940 942 919 943 
615 925 940 943 813 
616 811 926 944 902 
617 926 813 945 944 
618 944 945 748 931 
619 902 944 931 814 
620 923 948 946 947 
621 948 925 949 946 
622 946 949 813 950 
623 947 946 950 926 
624 748 952 951 932 
625 952 922 953 951 
626 951 953 927 954 
627 932 951 954 828 
628 827 933 955 890 
629 933 828 956 955 
630 955 956 751 957 
631 890 955 957 829 
632 930 960 958 959 
633 960 932 961 958 
634 958 961 828 962 
635 959 958 962 933 
636 914 661 964 963 
637 963 964 714 965 
638 966 967 718 968 
639 799 966 968 717 
640 922 974 973 953 
641 974 750 975 973 
642 973 975 928 976 
643 953 973 976 927 
644 765 981 980 939 
645 981 934 982 980 
646 980 982 916 978 
647 662 985 983 984 
648 985 978 986 983 
649 983 986 977 987 
650 984 983 987 921 
651 750 989 988 975 
652 989 970 990 988 
653 988 990 969 991 
654 975 988 991 928 
655 664 993 992 917 
656 993 911 994 992 
657 992 994 914 995 
658 917 992 995 87 
659 997 664 998 996 
660 996 998 917 999 
661 978 1001 1000 986 
662 1001 916 1002 1000 
663 1000 1002 979 1003 
664 986 1000 1003 977 
665 999 917 1005 1004 
666 1004 1005 87 1006 
667 979 1009 1007 1008 
668 1009 996 1010 1007 
669 1007 1010 999 1011 
670 1008 1007 1011 915 
671 1 1014 1012 1013 
672 1014 12 144 1012 
673 1012 144 10 62 
674 1013 1012 62 11 
675 16 1016 1015 598 
676 1016 2 1017 1015 
677 1015 1017 17 647 
678 598 1015 647 15 
679 20 94 1018 1019 
680 94 19 542 1018 
681 1018 542 22 1020 
682 1019 1018 1020 4 
683 10 1023 1021 1022 
684 1023 25 148 1021 
685 1021 148 23 66 
686 1022 1021 66 24 
687 21 46 1024 543 
688 46 28 1025 1024 
689 1024 1025 30 1026 
690 543 1024 1026 9 
691 32 1028 1027 601 
692 1028 15 1029 1027 
693 1027 1029 33 651 
694 601 1027 651 31 
695 36 97 1030 1031 
696 97 35 546 1030 
697 1030 546 38 1032 
698 1031 1030 1032 19 
699 23 1035 1033 1034 
700 1035 41 152 1033 
701 1033 152 39 70 
702 1034 1033 70 40 
703 37 74 1036 547 
704 74 44 1037 1036 
705 1036 1037 46 1038 
706 547 1036 1038 21 
707 48 1040 1039 604 
708 1040 31 1041 1039 
709 1039 1041 49 655 
710 604 1039 655 47 
711 52 100 1042 1043 
712 100 51 550 1042 
713 1042 550 54 1044 
714 1043 1042 1044 35 
715 70 1047 1045 1046 
716 1047 39 156 1045 
717 1045 156 56 112 
718 1046 1045 112 68 
719 53 120 1048 551 
720 120 72 1049 1048 
721 1048 1049 74 1050 
722 551 1048 1050 37 
723 76 104 1051 1052 
724 104 75 554 1051 
725 1051 554 78 1053 
726 1052 1051 1053 51 
727 85 1055 1054 607 
728 1055 47 1056 1054 
729 1054 1056 86 659 
730 607 1054 659 84 
731 98 135 1057 1058 
732 135 76 1052 1057 
733 1057 1052 51 1059 
734 1058 1057 1059 100 
735 77 369 1060 555 
736 369 118 1061 1060 
737 1060 1061 120 1062 
738 555 1060 1062 53 
739 103 231 1063 1064 
740 231 121 558 1063 
741 1063 558 123 1065 
742 1064 1063 1065 75 
743 117 142 1066 1067 
744 142 83 200 1066 
745 1066 200 125 1068 
746 1067 1066 1068 136 
747 130 1070 1069 197 
748 1070 191 222 1069 
749 1069 222 190 1071 
750 197 1069 1071 170 
751 190 225 1072 1073 
752 225 192 1074 1072 
753 1072 1074 131 240 
754 1073 1072 240 193 
755 170 1071 1075 209 
756 1071 190 1073 1075 
757 1075 1073 193 1076 
758 209 1075 1076 128 
759 105 1078 1077 224 
760 1078 218 255 1077 
761 1077 255 217 1079 
762 224 1077 1079 192 
763 217 258 1080 1081 
764 258 219 1082 1080 
765 1080 1082 186 267 
766 1081 1080 267 220 
767 192 1079 1083 1074 
768 1079 217 1081 1083 
769 1083 1081 220 260 
770 1074 1083 260 131 
771 128 1076 1084 1085 
772 1076 193 239 1084 
773 1084 239 226 1086 
774 1085 1084 1086 205 
775 229 375 1087 1088 
776 375 230 562 1087 
777 1087 562 121 1089 
778 1088 1087 1089 231 
779 126 335 1090 1091 
780 335 229 1088 1090 
781 1090 1088 231 1092 
782 1091 1090 1092 103 
783 109 237 1093 1094 
784 237 189 356 1093 
785 1093 356 232 1095 
786 1094 1093 1095 201 
787 219 285 1096 1082 
788 285 250 1097 1096 
789 1096 1097 253 1098 
790 1082 1096 1098 186 
791 186 1098 1099 268 
792 1098 253 1100 1099 
793 1099 1100 263 1101 
794 268 1099 1101 236 
795 301 393 1102 1103 
796 393 303 1104 1102 
797 1102 1104 91 407 
798 1103 1102 407 304 
799 248 382 1105 349 
800 382 301 1103 1105 
801 1105 1103 304 400 
802 349 1105 400 185 
803 314 1107 1106 385 
804 1107 316 449 1106 
805 1106 449 184 391 
806 385 1106 391 302 
807 292 1109 1108 323 
808 1109 317 1110 1108 
809 1108 1110 306 325 
810 323 1108 325 247 
811 338 354 1111 360 
812 354 249 1112 1111 
813 1111 1112 341 1113 
814 360 1111 1113 339 
815 122 511 1114 559 
816 511 367 1115 1114 
817 1114 1115 369 1116 
818 559 1114 1116 77 
819 370 514 1117 563 
820 514 371 1118 1117 
821 1117 1118 122 1119 
822 563 1117 1119 372 
823 303 419 1120 1104 
824 419 386 477 1120 
825 1120 477 389 421 
826 1104 1120 421 91 
827 374 423 1121 1122 
828 423 403 566 1121 
829 1121 566 405 1123 
830 1122 1121 1123 230 
831 416 471 1124 1125 
832 471 418 481 1124 
833 1124 481 386 1126 
834 1125 1124 1126 419 
835 432 462 1127 482 
836 462 434 1128 1127 
837 1127 1128 388 1129 
838 482 1127 1129 435 
839 448 1132 1130 1131 
840 1132 440 452 1130 
841 1130 452 387 470 
842 1131 1130 470 417 
843 456 1134 1133 580 
844 1134 429 618 1133 
845 1133 618 457 1135 
846 580 1133 1135 455 
847 434 581 1136 1128 
848 581 455 1137 1136 
849 1136 1137 458 1138 
850 1128 1136 1138 388 
851 446 527 1139 486 
852 527 459 1140 1139 
853 1139 1140 462 1141 
854 486 1139 1141 432 
855 475 499 1142 1143 
856 499 443 501 1142 
857 1142 501 485 1144 
858 1143 1142 1144 493 
859 371 624 1145 1118 
860 624 509 1146 1145 
861 1145 1146 511 1147 
862 1118 1145 1147 122 
863 404 531 1148 567 
864 531 512 1149 1148 
865 1148 1149 514 1150 
866 567 1148 1150 370 
867 422 540 1151 1152 
868 540 515 570 1151 
869 1151 570 517 1153 
870 1152 1151 1153 403 
871 442 1155 1154 523 
872 1155 518 1156 1154 
873 1154 1156 456 579 
874 523 1154 579 297 
875 529 1158 1157 586 
876 1158 431 632 1157 
877 1157 632 530 1159 
878 586 1157 1159 528 
879 516 587 1160 571 
880 587 528 1161 1160 
881 1160 1161 531 1162 
882 571 1160 1162 404 
883 84 1164 1163 762 
884 1164 659 1165 1163 
885 1163 1165 658 912 
886 762 1163 912 295 
887 589 1167 1166 677 
888 1167 671 701 1166 
889 1166 701 670 1168 
890 677 1166 1168 638 
891 641 1170 1169 688 
892 1170 679 730 1169 
893 1169 730 681 1171 
894 688 1169 1171 591 
895 696 759 1172 1173 
896 759 698 1174 1172 
897 1172 1174 666 787 
898 1173 1172 787 699 
899 672 740 1175 1176 
900 740 696 1173 1175 
901 1175 1173 699 1177 
902 1176 1175 1177 590 
903 590 1177 1178 1179 
904 1177 699 786 1178 
905 1178 786 723 745 
906 1179 1178 745 680 
907 695 1182 1180 1181 
908 1182 734 770 1180 
909 1180 770 697 738 
910 1181 1180 738 424 
911 698 797 1183 1174 
912 797 752 847 1183 
913 1183 847 755 825 
914 1174 1183 825 666 
915 794 823 1184 1185 
916 823 796 856 1184 
917 1184 856 752 1186 
918 1185 1184 1186 797 
919 751 929 1187 887 
920 929 665 1188 1187 
921 1187 1188 799 1189 
922 887 1187 1189 798 
923 753 1191 1190 822 
924 1191 816 863 1190 
925 1190 863 815 857 
926 822 1190 857 796 
927 824 1194 1192 1193 
928 1194 826 883 1192 
929 1192 883 778 836 
930 1193 1192 836 805 
931 778 885 1195 837 
932 885 831 893 1195 
933 1195 893 830 1196 
934 837 1195 1196 806 
935 768 1198 1197 861 
936 1198 839 1199 1197 
937 1197 1199 812 843 
938 861 1197 843 426 
939 426 1201 1200 865 
940 1201 843 1202 1200 
941 1200 1202 842 904 
942 865 1200 904 817 
943 779 910 1203 894 
944 910 876 1204 1203 
945 1203 1204 889 1205 
946 894 1203 1205 832 
947 295 1207 1206 936 
948 1207 912 1208 1206 
949 1206 1208 911 993 
950 936 1206 993 664 
951 920 1210 1209 942 
952 1210 662 984 1209 
953 1209 984 921 1211 
954 942 1209 1211 919 
955 919 1211 1212 1213 
956 1211 921 1214 1212 
957 1212 1214 750 974 
958 1213 1212 974 922 
959 813 943 1215 945 
960 943 919 1213 1215 
961 1215 1213 922 952 
962 945 1215 952 748 
963 828 954 1216 956 
964 954 927 1217 1216 
965 1216 1217 929 1218 
966 956 1216 1218 751 
967 934 1220 1219 982 
968 1220 936 1221 1219 
969 1219 1221 664 997 
970 982 1219 997 916 
971 87 995 1222 967 
972 995 914 1223 1222 
973 1222 1223 963 1224 
974 967 1222 1224 718 
975 665 972 1225 1188 
976 972 918 1226 1225 
977 1225 1226 966 1227 
978 1188 1225 1227 799 
979 918 1006 1228 1226 
980 1006 87 1229 1228 
981 1228 1229 967 1230 
982 1226 1228 1230 966 
983 977 1003 1231 1232 
984 1003 979 1008 1231 
985 1231 1008 915 1233 
986 1232 1231 1233 970 
987 921 987 1234 1214 
988 987 977 1232 1234 
989 1234 1232 970 989 
990 1214 1234 989 750 
991 916 1236 1235 1002 
992 1236 997 1237 1235 
993 1235 1237 996 1009 
994 1002 1235 1009 979 
995 28 707 1238 1025 
996 707 29 1239 1238 
997 1238 1239 3 1240 
998 1025 1238 1240 30 
999 44 710 1241 1037 
1000 710 45 1242 1241 
1001 1241 1242 28 1243 
1002 1037 1241 1243 46 
1003 72 713 1244 1049 
1004 713 73 1245 1244 
1005 1244 1245 44 1246 
1006 1049 1244 1246 74 
1007 101 127 1247 1248 
1008 127 103 1064 1247 
1009 1247 1064 75 1249 
1010 1248 1247 1249 104 
1011 102 138 1250 1251 
1012 138 101 1248 1250 
1013 1250 1248 104 1252 
1014 1251 1250 1252 76 
1015 118 716 1253 1061 
1016 716 119 1254 1253 
1017 1253 1254 72 1255 
1018 1061 1253 1255 120 
1019 124 234 1256 1257 
1020 234 126 1091 1256 
1021 1256 1091 103 1258 
1022 1257 1256 1258 127 
1023 125 202 1259 1260 
1024 202 124 1257 1259 
1025 1259 1257 127 1261 
1026 1260 1259 1261 101 
1027 136 1068 1262 1263 
1028 1068 125 1260 1262 
1029 1262 1260 101 1264 
1030 1263 1262 1264 138 
1031 132 228 1265 1266 
1032 228 109 1094 1265 
1033 1265 1094 201 1267 
1034 1266 1265 1267 199 
1035 171 210 1268 1269 
1036 210 128 1085 1268 
1037 1268 1085 205 1270 
1038 1269 1268 1270 203 
1039 367 719 1271 1115 
1040 719 368 1272 1271 
1041 1271 1272 118 1273 
1042 1115 1271 1273 369 
1043 373 409 1274 1275 
1044 409 374 1122 1274 
1045 1274 1122 230 1276 
1046 1275 1274 1276 375 
1047 334 402 1277 1278 
1048 402 373 1275 1277 
1049 1277 1275 375 1279 
1050 1278 1277 1279 229 
1051 455 1135 1280 1137 
1052 1135 457 1281 1280 
1053 1280 1281 428 1282 
1054 1137 1280 1282 458 
1055 509 722 1283 1146 
1056 722 510 1284 1283 
1057 1283 1284 367 1285 
1058 1146 1283 1285 511 
1059 512 628 1286 1149 
1060 628 513 1287 1286 
1061 1286 1287 371 1288 
1062 1149 1286 1288 514 
1063 518 1290 1289 1156 
1064 1290 520 1291 1289 
1065 1289 1291 429 1134 
1066 1156 1289 1134 456 
1067 528 1159 1292 1161 
1068 1159 530 1293 1292 
1069 1292 1293 512 1294 
1070 1161 1292 1294 531 
1071 457 621 1295 1281 
1072 621 592 1296 1295 
1073 1295 1296 595 1297 
1074 1281 1295 1297 428 
1075 520 1299 1298 1291 
1076 1299 614 1300 1298 
1077 1298 1300 593 619 
1078 1291 1298 619 429 
1079 513 684 1301 1287 
1080 684 622 1302 1301 
1081 1301 1302 624 1303 
1082 1287 1301 1303 371 
1083 530 635 1304 1293 
1084 635 625 1305 1304 
1085 1304 1305 628 1306 
1086 1293 1304 1306 512 
1087 670 704 1307 1308 
1088 704 672 1176 1307 
1089 1307 1176 590 1309 
1090 1308 1307 1309 673 
1091 638 1168 1310 1311 
1092 1168 670 1308 1310 
1093 1310 1308 673 1312 
1094 1311 1310 1312 588 
1095 588 1312 1313 1314 
1096 1312 673 1315 1313 
1097 1313 1315 679 1170 
1098 1314 1313 1170 641 
1099 673 1309 1316 1315 
1100 1309 590 1179 1316 
1101 1316 1179 680 731 
1102 1315 1316 731 679 
1103 693 1319 1317 1318 
1104 1319 695 1181 1317 
1105 1317 1181 424 702 
1106 1318 1317 702 671 
1107 645 1322 1320 1321 
1108 1322 693 1318 1320 
1109 1320 1318 671 1167 
1110 1321 1320 1167 589 
1111 368 965 1323 1272 
1112 965 714 1324 1323 
1113 1323 1324 716 1325 
1114 1272 1323 1325 118 
1115 510 800 1326 1284 
1116 800 717 1327 1326 
1117 1326 1327 719 1328 
1118 1284 1326 1328 367 
1119 839 1330 1329 1199 
1120 1330 841 1331 1329 
1121 1329 1331 749 924 
1122 1199 1329 924 812 
1123 927 976 1332 1217 
1124 976 928 1333 1332 
1125 1332 1333 665 1334 
1126 1217 1332 1334 929 
1127 841 1336 1335 1331 
1128 1336 937 1337 1335 
1129 1335 1337 920 941 
1130 1331 1335 941 749 
1131 970 1233 1338 990 
1132 1233 915 1339 1338 
1133 1338 1339 971 1340 
1134 990 1338 1340 969 
1135 928 991 1341 1333 
1136 991 969 1342 1341 
1137 1341 1342 972 1343 
1138 1333 1341 1343 665 
1139 915 1011 1344 1339 
1140 1011 999 1345 1344 
1141 1344 1345 1004 1346 
1142 1339 1344 1346 971 
1143 83 206 1347 1348 
1144 206 132 1266 1347 
1145 1347 1266 199 1349 
1146 1348 1347 1349 200 
1147 333 378 1350 1351 
1148 378 334 1278 1350 
1149 1350 1278 229 1352 
1150 1351 1350 1352 335 
1151 233 342 1353 1354 
1152 342 333 1351 1353 
1153 1353 1351 335 1355 
1154 1354 1353 1355 126 
1155 622 728 1356 1302 
1156 728 623 1357 1356 
1157 1356 1357 509 1358 
1158 1302 1356 1358 624 
1159 636 678 1359 1360 
1160 678 638 1311 1359 
1161 1359 1311 588 1361 
1162 1360 1359 1361 639 
1163 639 1361 1362 1363 
1164 1361 588 1314 1362 
1165 1362 1314 641 687 
1166 1363 1362 687 640 
1167 643 1366 1364 1365 
1168 1366 645 1321 1364 
1169 1364 1321 589 676 
1170 1365 1364 676 637 
1171 717 968 1367 1327 
1172 968 718 1368 1367 
1173 1367 1368 368 1369 
1174 1327 1367 1369 719 
1175 623 743 1370 1357 
1176 743 720 1371 1370 
1177 1370 1371 722 1372 
1178 1357 1370 1372 509 
1179 937 1374 1373 1337 
1180 1374 939 1375 1373 
1181 1373 1375 662 1210 
1182 1337 1373 1210 920 
1183 718 1224 1376 1368 
1184 1224 963 1377 1376 
1185 1376 1377 965 1378 
1186 1368 1376 1378 368 
1187 969 1340 1379 1342 
1188 1340 971 1380 1379 
1189 1379 1380 918 1381 
1190 1342 1379 1381 972 
1191 939 1383 1382 1375 
1192 1383 980 1384 1382 
1193 1382 1384 978 985 
1194 1375 1382 985 662 
1195 971 1346 1385 1380 
1196 1346 1004 1386 1385 
1197 1385 1386 1006 1387 
1198 1380 1385 1387 918 
