2 0.000000 100.000000 178.105148
1387 1198 
1 -276.279947 0.000000 -280.179887 99.619470 0.000000 8.715574 0.015276 
2 331.535936 0.000000 -280.179887 99.632324 0.000964 8.709376 0.015006 
3 331.535936 0.000000 285.678573 99.610173 -0.001089 8.704228 0.015443 
4 -276.279947 0.000000 285.678573 99.619470 0.000000 8.715574 0.015276 
5 27.627995 0.000000 2.749343 137.970810 0.155053 -16.029770 -0.634380 
6 -276.279947 0.000000 2.749343 99.619470 0.000000 8.715574 0.015276 
7 27.627995 0.000000 -280.179887 99.619470 0.000000 8.715574 0.015276 
8 331.535936 0.000000 2.749343 99.769350 0.007702 7.008421 0.009552 
9 27.627995 0.000000 285.678573 99.619470 0.000000 8.715574 0.015276 
10 -124.325976 0.000000 -138.715272 99.619470 0.000000 8.715574 0.015276 
11 -276.279947 0.000000 -138.715272 99.619470 0.000000 8.715574 0.015276 
12 -124.325976 0.000000 -280.179887 99.619470 0.000000 8.715574 0.015276 
13 27.627995 0.000000 -138.715272 99.619470 0.000000 8.715574 0.015276 
14 -124.325976 0.000000 2.749343 99.619470 0.000000 8.715574 0.015276 
15 179.581965 0.000000 -138.715272 99.674502 0.001986 8.691451 0.014125 
16 179.581965 0.000000 -280.179887 99.619470 0.000000 8.715574 0.015276 
17 331.535936 0.000000 -138.715272 99.627070 0.001415 8.671485 0.015045 
18 179.581965 0.000000 2.749343 99.962893 0.011385 4.816531 0.003065 
19 -124.325976 0.000000 144.213958 99.619470 0.000000 8.715574 0.015276 
20 -276.279947 0.000000 144.213958 99.619470 0.000000 8.715574 0.015276 
21 27.627995 0.000000 144.213958 99.619470 0.000000 8.715574 0.015276 
22 -124.325976 0.000000 285.678573 99.619470 0.000000 8.715574 0.015276 
23 -48.348991 0.000000 -67.982965 99.619470 0.000000 8.715574 0.015276 
24 -124.325976 0.000000 -67.982965 99.619470 0.000000 8.715574 0.015276 
25 -48.348991 0.000000 -138.715272 99.619470 0.000000 8.715574 0.015276 
26 27.627995 0.000000 -67.982965 99.619470 0.000000 8.715574 0.015276 
27 -48.348991 0.000000 2.749343 99.619470 0.000000 8.715574 0.015276 
28 179.581965 0.000000 144.213958 99.580428 -0.002265 8.674294 0.015989 
29 331.535936 0.000000 144.213958 99.624388 -0.001977 8.630319 0.015027 
30 179.581965 0.000000 285.678573 99.619470 0.000000 8.715574 0.015276 
31 103.604980 0.000000 -67.982965 97.897602 0.002872 7.116611 0.047460 
32 103.604980 0.000000 -138.715272 99.619470 0.000000 8.715574 0.015276 
33 179.581965 0.000000 -67.982965 99.650984 0.002835 8.534930 0.014326 
34 103.604980 0.000000 2.749343 100.095648 0.009477 3.417250 -0.000746 
35 -48.348991 0.000000 73.481651 99.619470 0.000000 8.715574 0.015276 
36 -124.325976 0.000000 73.481651 99.619470 0.000000 8.715574 0.015276 
37 27.627995 0.000000 73.481651 99.619470 0.000000 8.715574 0.015276 
38 -48.348991 0.000000 144.213958 99.619470 0.000000 8.715574 0.015276 
39 -10.360498 0.000000 -32.616811 99.619470 0.000000 8.715574 0.015276 
40 -48.348991 0.000000 -32.616811 99.619470 0.000000 8.715574 0.015276 
41 -10.360498 0.000000 -67.982965 99.619470 0.000000 8.715574 0.015276 
42 27.627995 0.000000 -32.616811 100.192347 0.005955 9.152554 0.004534 
43 -10.360498 0.000000 2.749343 99.619470 0.000000 8.715574 0.015276 
44 103.604980 0.000000 73.481651 99.749956 -0.005393 8.321942 0.011971 
45 179.581965 0.000000 73.481651 99.635404 -0.003919 8.414496 0.014433 
46 103.604980 0.000000 144.213958 99.619470 0.000000 8.715574 0.015276 
47 65.616487 0.000000 -32.616811 98.005852 0.000542 6.789340 0.044799 
48 65.616487 0.000000 -67.982965 99.632469 -0.001189 8.724445 0.015029 
49 103.604980 0.000000 -32.616811 99.754368 0.005610 8.008278 0.011366 
50 65.616487 0.000000 2.749343 100.310993 0.003518 3.793285 -0.004782 
51 -10.360498 0.000000 38.115497 99.619470 0.000000 8.715574 0.015276 
52 -48.348991 0.000000 38.115497 99.619470 0.000000 8.715574 0.015276 
53 27.627995 0.000000 38.115497 99.619470 0.000000 8.715574 0.015276 
54 -10.360498 0.000000 73.481651 99.619470 0.000000 8.715574 0.015276 
55 8.633748 0.000000 -14.933734 99.619470 0.000000 8.715574 0.015276 
56 -10.360498 0.000000 -14.933734 99.619470 0.000000 8.715574 0.015276 
57 8.633748 0.000000 -32.616811 99.619470 0.000000 8.715574 0.015276 
58 27.627995 0.000000 -14.933734 99.024135 -0.002794 8.144933 0.026301 
59 8.633748 0.000000 2.749343 100.279697 0.001447 6.716974 -0.001090 
60 -200.302961 0.000000 -67.982965 99.619470 0.000000 8.715574 0.015276 
61 -276.279947 0.000000 -67.982965 99.619470 0.000000 8.715574 0.015276 
62 -200.302961 0.000000 -138.715272 99.619470 0.000000 8.715574 0.015276 
63 -200.302961 0.000000 2.749343 99.619470 0.000000 8.715574 0.015276 
64 -86.337483 0.000000 -32.616811 99.619470 0.000000 8.715574 0.015276 
65 -124.325976 0.000000 -32.616811 99.619470 0.000000 8.715574 0.015276 
66 -86.337483 0.000000 -67.982965 99.619470 0.000000 8.715574 0.015276 
67 -86.337483 0.000000 2.749343 99.619470 0.000000 8.715574 0.015276 
68 -29.354744 0.000000 -14.933734 99.619470 0.000000 8.715574 0.015276 
69 -48.348991 0.000000 -14.933734 99.619470 0.000000 8.715574 0.015276 
70 -29.354744 0.000000 -32.616811 99.619470 0.000000 8.715574 0.015276 
71 -29.354744 0.000000 2.749343 99.619470 0.000000 8.715574 0.015276 
72 65.616487 0.000000 38.115497 101.476271 -0.000035 6.874647 -0.024793 
73 103.604980 0.000000 38.115497 99.658500 -0.007642 7.815018 0.012986 
74 65.616487 0.000000 73.481651 99.703488 -0.001700 8.646217 0.013462 
75 8.633748 0.000000 20.432420 99.619470 0.000000 8.715574 0.015276 
76 -10.360498 0.000000 20.432420 99.619470 0.000000 8.715574 0.015276 
77 27.627995 0.000000 20.432420 99.611062 -0.000950 8.643228 0.015318 
78 8.633748 0.000000 38.115497 99.619470 0.000000 8.715574 0.015276 
79 -0.863375 0.000000 -6.092195 99.619470 0.000000 8.715574 0.015276 
80 -10.360498 0.000000 -6.092195 99.619470 0.000000 8.715574 0.015276 
81 -0.863375 0.000000 -14.933734 99.619470 0.000000 8.715574 0.015276 
82 8.633748 0.000000 -6.092195 99.117340 -0.035729 8.356379 0.024776 
83 -0.863375 0.000000 2.749343 99.619470 0.000000 8.715574 0.015276 
84 46.622241 0.000000 -14.933734 97.032211 -0.000031 5.323277 0.062674 
85 46.622241 0.000000 -32.616811 99.011266 0.000228 8.159689 0.026586 
86 65.616487 0.000000 -14.933734 100.556108 0.006626 6.726204 -0.006613 
87 46.622241 0.000000 2.749343 102.934741 -0.020983 1.321940 -0.058123 
88 18.130872 0.000000 -6.092195 99.195407 -0.005713 8.189046 0.022920 
89 18.130872 0.000000 -14.933734 99.568758 -0.017319 8.709625 0.016287 
90 27.627995 0.000000 -6.092195 78.550641 -0.000349 -2.979799 0.439888 
91 18.130872 0.000000 2.749343 107.392562 -0.055735 7.610527 -0.139855 
92 -200.302961 0.000000 73.481651 99.619470 0.000000 8.715574 0.015276 
93 -276.279947 0.000000 73.481651 99.619470 0.000000 8.715574 0.015276 
94 -200.302961 0.000000 144.213958 99.619470 0.000000 8.715574 0.015276 
95 -86.337483 0.000000 38.115497 99.619470 0.000000 8.715574 0.015276 
96 -124.325976 0.000000 38.115497 99.619470 0.000000 8.715574 0.015276 
97 -86.337483 0.000000 73.481651 99.619470 0.000000 8.715574 0.015276 
98 -29.354744 0.000000 20.432420 99.619470 0.000000 8.715574 0.015276 
99 -48.348991 0.000000 20.432420 99.619470 0.000000 8.715574 0.015276 
100 -29.354744 0.000000 38.115497 99.619470 0.000000 8.715574 0.015276 
101 -0.863375 0.000000 11.590882 99.619470 0.000000 8.715574 0.015276 
102 -10.360498 0.000000 11.590882 99.619470 0.000000 8.715574 0.015276 
103 8.633748 0.000000 11.590882 99.619470 0.000000 8.715574 0.015276 
104 -0.863375 0.000000 20.432420 99.619470 0.000000 8.715574 0.015276 
105 3.885187 0.000000 -1.671426 47.936310 0.784661 -1.106471 1.008405 
106 -0.863375 0.000000 -1.671426 99.619470 0.000000 8.715574 0.015276 
107 3.885187 0.000000 -6.092195 99.619470 0.000000 8.715574 0.015276 
108 8.633748 0.000000 -1.671426 91.846051 0.062760 2.908992 0.166385 
109 3.885187 0.000000 2.749343 88.739027 0.132958 16.658334 0.261802 
110 -19.857621 0.000000 -6.092195 99.619470 0.000000 8.715574 0.015276 
111 -29.354744 0.000000 -6.092195 99.619470 0.000000 8.715574 0.015276 
112 -19.857621 0.000000 -14.933734 99.619470 0.000000 8.715574 0.015276 
113 -19.857621 0.000000 2.749343 99.619470 0.000000 8.715574 0.015276 
114 -5.611936 0.000000 -1.671426 99.619470 0.000000 8.715574 0.015276 
115 -10.360498 0.000000 -1.671426 99.619470 0.000000 8.715574 0.015276 
116 -5.611936 0.000000 -6.092195 99.619470 0.000000 8.715574 0.015276 
117 -5.611936 0.000000 2.749343 99.619470 0.000000 8.715574 0.015276 
118 46.622241 0.000000 20.432420 101.867121 0.000036 6.049556 -0.033616 
119 65.616487 0.000000 20.432420 99.490310 -0.011385 6.806446 0.014880 
120 46.622241 0.000000 38.115497 99.809381 0.000453 8.510406 0.011095 
121 18.130872 0.000000 11.590882 99.693302 0.015439 8.507825 0.013427 
122 27.627995 0.000000 11.590882 98.981729 0.001232 8.367986 0.027533 
123 18.130872 0.000000 20.432420 98.956752 0.066142 9.278993 0.029678 
124 3.885187 0.000000 7.170112 99.619470 0.000000 8.715574 0.015276 
125 -0.863375 0.000000 7.170112 99.619470 0.000000 8.715574 0.015276 
126 8.633748 0.000000 7.170112 102.327565 0.052698 6.916221 -0.041669 
127 3.885187 0.000000 11.590882 99.619470 0.000000 8.715574 0.015276 
128 1.510906 0.000000 0.538958 122.896606 -0.804105 -5.051946 -0.421592 
129 -0.863375 0.000000 0.538958 99.619470 0.000000 8.715574 0.015276 
130 1.510906 0.000000 -1.671426 139.500546 -1.500493 41.334245 -0.582197 
131 3.885187 0.000000 0.538958 65.351042 1.385582 19.918185 0.760161 
132 1.510906 0.000000 2.749343 99.619470 0.000000 8.715574 0.015276 
133 -19.857621 0.000000 11.590882 99.619470 0.000000 8.715574 0.015276 
134 -29.354744 0.000000 11.590882 99.619470 0.000000 8.715574 0.015276 
135 -19.857621 0.000000 20.432420 99.619470 0.000000 8.715574 0.015276 
136 -5.611936 0.000000 7.170112 99.619470 0.000000 8.715574 0.015276 
137 -10.360498 0.000000 7.170112 99.619470 0.000000 8.715574 0.015276 
138 -5.611936 0.000000 11.590882 99.619470 0.000000 8.715574 0.015276 
139 -3.237656 0.000000 0.538958 99.619470 0.000000 8.715574 0.015276 
140 -5.611936 0.000000 0.538958 99.619470 0.000000 8.715574 0.015276 
141 -3.237656 0.000000 -1.671426 99.619470 0.000000 8.715574 0.015276 
142 -3.237656 0.000000 2.749343 99.619470 0.000000 8.715574 0.015276 
143 -48.348991 0.000000 -209.447580 99.619470 0.000000 8.715574 0.015276 
144 -124.325976 0.000000 -209.447580 99.619470 0.000000 8.715574 0.015276 
145 -48.348991 0.000000 -280.179887 99.619470 0.000000 8.715574 0.015276 
146 27.627995 0.000000 -209.447580 99.619470 0.000000 8.715574 0.015276 
147 -10.360498 0.000000 -103.349118 99.619470 0.000000 8.715574 0.015276 
148 -48.348991 0.000000 -103.349118 99.619470 0.000000 8.715574 0.015276 
149 -10.360498 0.000000 -138.715272 99.619470 0.000000 8.715574 0.015276 
150 27.627995 0.000000 -103.349118 99.619470 0.000000 8.715574 0.015276 
151 8.633748 0.000000 -50.299888 99.619470 0.000000 8.715574 0.015276 
152 -10.360498 0.000000 -50.299888 99.619470 0.000000 8.715574 0.015276 
153 8.633748 0.000000 -67.982965 99.619470 0.000000 8.715574 0.015276 
154 27.627995 0.000000 -50.299888 99.619470 0.000000 8.715574 0.015276 
155 -0.863375 0.000000 -23.775272 99.619470 0.000000 8.715574 0.015276 
156 -10.360498 0.000000 -23.775272 99.619470 0.000000 8.715574 0.015276 
157 -0.863375 0.000000 -32.616811 99.619470 0.000000 8.715574 0.015276 
158 8.633748 0.000000 -23.775272 99.619470 0.000000 8.715574 0.015276 
159 3.885187 0.000000 -10.512965 99.619470 0.000000 8.715574 0.015276 
160 -0.863375 0.000000 -10.512965 99.619470 0.000000 8.715574 0.015276 
161 3.885187 0.000000 -14.933734 99.619470 0.000000 8.715574 0.015276 
162 8.633748 0.000000 -10.512965 98.656894 -0.047911 7.898010 0.033312 
163 1.510906 0.000000 -3.881811 99.619470 0.000000 8.715574 0.015276 
164 -0.863375 0.000000 -3.881811 99.619470 0.000000 8.715574 0.015276 
165 1.510906 0.000000 -6.092195 99.619470 0.000000 8.715574 0.015276 
166 3.885187 0.000000 -3.881811 99.025375 0.407615 7.322773 0.024998 
167 0.323766 0.000000 -0.566234 10.657384 -0.041439 4.881647 1.396801 
168 -0.863375 0.000000 -0.566234 99.619470 0.000000 8.715574 0.015276 
169 0.323766 0.000000 -1.671426 99.619470 0.000000 8.715574 0.015276 
170 1.510906 0.000000 -0.566234 91.987376 3.226375 -10.653369 0.176409 
171 0.323766 0.000000 0.538958 99.619470 0.000000 8.715574 0.015276 
172 -5.611936 0.000000 -10.512965 99.619470 0.000000 8.715574 0.015276 
173 -10.360498 0.000000 -10.512965 99.619470 0.000000 8.715574 0.015276 
174 -5.611936 0.000000 -14.933734 99.619470 0.000000 8.715574 0.015276 
175 -3.237656 0.000000 -3.881811 99.619470 0.000000 8.715574 0.015276 
176 -5.611936 0.000000 -3.881811 99.619470 0.000000 8.715574 0.015276 
177 -3.237656 0.000000 -6.092195 99.619470 0.000000 8.715574 0.015276 
178 0.323766 0.000000 -2.776618 99.619470 0.000000 8.715574 0.015276 
179 -0.863375 0.000000 -2.776618 99.619470 0.000000 8.715574 0.015276 
180 0.323766 0.000000 -3.881811 99.619470 0.000000 8.715574 0.015276 
181 1.510906 0.000000 -2.776618 99.619470 0.000000 8.715574 0.015276 
182 13.382310 0.000000 -1.671426 100.266924 0.093587 4.592034 -0.003232 
183 13.382310 0.000000 -6.092195 99.424294 0.003211 8.482103 0.018801 
184 18.130872 0.000000 -1.671426 95.569956 -0.017082 1.095885 0.089502 
185 13.382310 0.000000 2.749343 100.669047 -0.146587 15.904291 0.011922 
186 6.259468 0.000000 0.538958 92.583083 1.205583 4.882163 0.153134 
187 6.259468 0.000000 -1.671426 82.966079 -0.145350 0.174588 0.348224 
188 8.633748 0.000000 0.538958 96.246426 0.088783 5.882831 0.079289 
189 6.259468 0.000000 2.749343 96.171760 0.266487 11.688298 0.091641 
190 2.698046 0.000000 -0.566234 61.729741 0.761002 -7.076454 0.777063 
191 2.698046 0.000000 -1.671426 64.267357 0.943820 -6.762292 0.728604 
192 3.885187 0.000000 -0.566234 24.027250 -0.411736 15.341059 1.349918 
193 2.698046 0.000000 0.538958 57.207032 1.624750 21.673310 0.926421 
194 0.917336 0.000000 -1.118830 55.468144 0.914146 -2.022076 0.883283 
195 0.323766 0.000000 -1.118830 10.498214 -0.510875 3.082070 1.394797 
196 0.917336 0.000000 -1.671426 98.557840 0.009108 7.658745 0.034932 
197 1.510906 0.000000 -1.118830 57.593890 0.317814 -15.994361 0.884962 
198 0.917336 0.000000 -0.566234 38.920063 0.740207 13.094351 1.170195 
199 1.510906 0.000000 4.959728 99.619470 0.000000 8.715574 0.015276 
200 -0.863375 0.000000 4.959728 99.619470 0.000000 8.715574 0.015276 
201 3.885187 0.000000 4.959728 99.619470 0.000000 8.715574 0.015276 
202 1.510906 0.000000 7.170112 99.619470 0.000000 8.715574 0.015276 
203 0.323766 0.000000 1.644151 99.619470 0.000000 8.715574 0.015276 
204 -0.863375 0.000000 1.644151 99.619470 0.000000 8.715574 0.015276 
205 1.510906 0.000000 1.644151 99.619470 0.000000 8.715574 0.015276 
206 0.323766 0.000000 2.749343 99.619470 0.000000 8.715574 0.015276 
207 0.917336 0.000000 -0.013638 46.604252 1.236382 21.617249 1.107978 
208 0.323766 0.000000 -0.013638 11.114630 0.323404 5.820629 1.396838 
209 1.510906 0.000000 -0.013638 45.768530 1.911806 25.080521 1.149452 
210 0.917336 0.000000 0.538958 99.619470 0.000000 8.715574 0.015276 
211 6.259468 0.000000 -3.881811 97.820678 -0.126996 9.132109 0.052413 
212 6.259468 0.000000 -6.092195 96.744606 0.026500 6.046218 0.069370 
213 8.633748 0.000000 -3.881811 98.425250 -0.021678 7.991881 0.038147 
214 2.698046 0.000000 -2.776618 88.980671 0.253376 -0.757249 0.224401 
215 2.698046 0.000000 -3.881811 99.107367 0.002294 8.274410 0.024839 
216 3.885187 0.000000 -2.776618 103.453002 0.250483 11.298812 -0.056300 
217 5.072327 0.000000 -0.566234 80.344341 0.016570 12.987610 0.423680 
218 5.072327 0.000000 -1.671426 48.809919 0.496486 -0.330711 0.994248 
219 6.259468 0.000000 -0.566234 82.600092 -0.228032 -0.101260 0.355753 
220 5.072327 0.000000 0.538958 83.252916 1.116064 19.906051 0.392089 
221 3.291617 0.000000 -1.118830 64.277068 0.944598 -6.905254 0.728708 
222 2.698046 0.000000 -1.118830 62.627936 0.831103 -6.829306 0.759737 
223 3.291617 0.000000 -1.671426 64.182750 1.006882 -5.476698 0.727901 
224 3.885187 0.000000 -1.118830 47.744175 0.784982 -1.088842 1.011434 
225 3.291617 0.000000 -0.566234 81.165378 -0.493854 12.686193 0.405700 
226 2.698046 0.000000 1.644151 90.966645 -1.263125 13.254059 0.203621 
227 3.885187 0.000000 1.644151 108.700389 0.951994 3.176212 -0.169055 
228 2.698046 0.000000 2.749343 99.619470 0.000000 8.715574 0.015276 
229 13.382310 0.000000 7.170112 99.334213 0.011037 8.594861 0.020813 
230 18.130872 0.000000 7.170112 100.739855 0.007801 7.039515 -0.009861 
231 13.382310 0.000000 11.590882 99.332229 0.030546 9.022925 0.021618 
232 6.259468 0.000000 4.959728 95.972384 -1.743332 12.039680 0.096935 
233 8.633748 0.000000 4.959728 101.553677 -0.177468 7.569166 -0.025348 
234 6.259468 0.000000 7.170112 99.619470 0.000000 8.715574 0.015276 
235 5.072327 0.000000 1.644151 83.227013 1.058470 20.063448 0.393419 
236 6.259468 0.000000 1.644151 86.683445 0.190149 19.078146 0.315452 
237 5.072327 0.000000 2.749343 102.453081 0.411469 7.010286 -0.044016 
238 3.291617 0.000000 1.091555 65.437020 1.396320 20.069695 0.759387 
239 2.698046 0.000000 1.091555 52.149009 2.075499 19.062746 0.999216 
240 3.291617 0.000000 0.538958 66.020880 1.393078 19.410147 0.744007 
241 3.885187 0.000000 1.091555 66.000658 1.580527 21.050752 0.754410 
242 3.291617 0.000000 1.644151 114.169138 0.425890 -1.237137 -0.271604 
243 5.072327 0.000000 -2.776618 102.336200 0.097123 14.847109 -0.024997 
244 5.072327 0.000000 -3.881811 104.675574 0.134811 13.567085 -0.075163 
245 6.259468 0.000000 -2.776618 100.022372 -0.337495 10.371281 0.010359 
246 11.008029 0.000000 0.538958 99.163154 -0.202134 5.873229 0.020267 
247 11.008029 0.000000 -1.671426 98.105859 0.149014 4.316849 0.039952 
248 13.382310 0.000000 0.538958 101.454446 -0.036304 3.004173 -0.028109 
249 11.008029 0.000000 2.749343 98.127448 -0.153930 16.820639 0.066950 
250 7.446608 0.000000 -0.566234 88.508150 -0.005893 11.123095 0.248510 
251 7.446608 0.000000 -1.671426 88.076571 0.077669 1.372428 0.243166 
252 8.633748 0.000000 -0.566234 95.333461 0.309479 6.507558 0.098719 
253 7.446608 0.000000 0.538958 92.802960 0.150617 10.066414 0.157050 
254 5.665897 0.000000 -1.118830 73.766189 -0.475796 -0.361069 0.535703 
255 5.072327 0.000000 -1.118830 52.152301 0.228695 -0.544447 0.939388 
256 5.665897 0.000000 -1.671426 73.728777 -0.481285 -0.353579 0.536454 
257 6.259468 0.000000 -1.118830 82.989306 -0.140214 0.192134 0.347747 
258 5.665897 0.000000 -0.566234 76.526302 0.896778 16.046442 0.514453 
259 4.478757 0.000000 1.091555 70.976927 1.140541 19.195248 0.643561 
260 4.478757 0.000000 0.538958 66.225690 1.274867 18.260590 0.733485 
261 5.072327 0.000000 1.091555 83.204672 1.019710 20.196439 0.394561 
262 4.478757 0.000000 1.644151 65.038492 1.379253 18.468761 0.757925 
263 7.446608 0.000000 1.644151 90.038134 0.098839 17.871925 0.239444 
264 8.633748 0.000000 1.644151 99.098387 0.015060 5.387893 0.021011 
265 7.446608 0.000000 2.749343 98.162724 -0.362720 9.582925 0.046358 
266 5.665897 0.000000 1.091555 84.340386 0.526248 20.575954 0.372388 
267 5.665897 0.000000 0.538958 86.051891 -0.813514 12.424259 0.303325 
268 6.259468 0.000000 1.091555 86.785349 0.230446 18.791242 0.311981 
269 5.665897 0.000000 1.644151 97.884275 -0.004124 11.143414 0.055354 
270 18.130872 0.000000 -23.775272 99.619470 0.000000 8.715574 0.015276 
271 18.130872 0.000000 -32.616811 99.619470 0.000000 8.715574 0.015276 
272 27.627995 0.000000 -23.775272 99.584807 -0.004213 8.682833 0.015916 
273 13.382310 0.000000 -10.512965 99.949683 0.117076 8.970427 0.009084 
274 13.382310 0.000000 -14.933734 99.158619 0.028094 8.261428 0.023783 
275 18.130872 0.000000 -10.512965 99.538475 0.003041 8.620039 0.016740 
276 11.008029 0.000000 -3.881811 99.446327 0.090537 8.476025 0.018348 
277 11.008029 0.000000 -6.092195 100.604128 -0.119258 9.731123 -0.002646 
278 13.382310 0.000000 -3.881811 99.321902 0.006120 8.158289 0.020319 
279 7.446608 0.000000 -2.776618 100.189063 0.308130 10.465380 0.007196 
280 7.446608 0.000000 -3.881811 98.794962 0.073563 8.137701 0.030916 
281 8.633748 0.000000 -2.776618 96.737855 -0.094287 7.041336 0.070876 
282 6.853038 0.000000 -1.118830 84.308938 -0.091587 0.221113 0.320583 
283 6.853038 0.000000 -1.671426 84.263627 -0.095205 0.212565 0.321516 
284 7.446608 0.000000 -1.118830 87.862071 0.068254 1.515021 0.247633 
285 6.853038 0.000000 -0.566234 73.880544 -0.416210 4.056142 0.535619 
286 9.820889 0.000000 -0.566234 95.126325 0.195871 3.573696 0.099770 
287 9.820889 0.000000 -1.671426 95.888308 0.165458 3.925051 0.084541 
288 11.008029 0.000000 -0.566234 97.742755 0.163973 4.406386 0.047366 
289 9.820889 0.000000 0.538958 97.948903 0.175778 6.128824 0.045074 
290 9.820889 0.000000 -2.776618 99.046285 0.103057 8.104785 0.025789 
291 9.820889 0.000000 -3.881811 98.829969 -0.077609 8.306137 0.030492 
292 11.008029 0.000000 -2.776618 98.788425 -0.014104 7.587769 0.030164 
293 37.125118 0.000000 -6.092195 97.386225 -0.000027 2.803656 0.053373 
294 37.125118 0.000000 -14.933734 94.354155 -0.000082 3.836127 0.115724 
295 46.622241 0.000000 -6.092195 96.557799 0.004267 1.477747 0.069552 
296 37.125118 0.000000 2.749343 98.785121 -0.000791 4.221013 0.026175 
297 22.879433 0.000000 -1.671426 104.090275 -0.000415 -0.997031 -0.080906 
298 22.879433 0.000000 -6.092195 98.706429 0.001952 7.230461 0.031278 
299 27.627995 0.000000 -1.671426 87.274901 -0.132328 7.637328 0.266363 
300 22.879433 0.000000 2.749343 114.372325 -0.029991 -7.993324 -0.270351 
301 15.756591 0.000000 0.538958 101.769357 -0.012315 4.472775 -0.033293 
302 15.756591 0.000000 -1.671426 101.165358 0.077087 4.007527 -0.021665 
303 18.130872 0.000000 0.538958 103.598005 0.016430 0.180941 -0.071340 
304 15.756591 0.000000 2.749343 100.782180 -0.065912 15.623654 0.008733 
305 12.195170 0.000000 -0.566234 99.383603 0.109686 4.552823 0.014438 
306 12.195170 0.000000 -1.671426 99.388196 0.105812 4.544472 0.014338 
307 13.382310 0.000000 -0.566234 100.244653 0.095983 4.589195 -0.002789 
308 12.195170 0.000000 0.538958 100.474199 -0.074654 5.363101 -0.006614 
309 10.414459 0.000000 -1.118830 97.715033 0.132922 4.679452 0.048182 
310 9.820889 0.000000 -1.118830 95.962232 0.167997 3.919153 0.083033 
311 10.414459 0.000000 -1.671426 97.757974 0.161601 4.302065 0.046964 
312 11.008029 0.000000 -1.118830 98.161679 0.147128 4.312565 0.038821 
313 10.414459 0.000000 -0.566234 97.683644 0.124323 4.939495 0.049075 
314 15.756591 0.000000 -3.881811 99.730599 0.036699 8.307220 0.012336 
315 15.756591 0.000000 -6.092195 99.328986 -0.003548 8.330784 0.020464 
316 18.130872 0.000000 -3.881811 99.052225 -0.024289 7.502704 0.024712 
317 12.195170 0.000000 -2.776618 99.537772 -0.003049 8.117488 0.015903 
318 12.195170 0.000000 -3.881811 99.271897 -0.016874 8.228354 0.021443 
319 13.382310 0.000000 -2.776618 100.369709 -0.008581 8.586898 -0.000034 
320 10.414459 0.000000 -2.224022 97.790088 0.171656 4.082694 0.046126 
321 9.820889 0.000000 -2.224022 95.126325 0.195871 3.573696 0.099770 
322 10.414459 0.000000 -2.776618 99.228506 0.156037 8.152393 0.022194 
323 11.008029 0.000000 -2.224022 97.790088 0.171656 4.082694 0.046126 
324 11.601599 0.000000 -1.118830 99.018325 0.104140 4.737558 0.021954 
325 11.601599 0.000000 -1.671426 99.050334 0.112672 4.533200 0.021118 
326 12.195170 0.000000 -1.118830 99.456591 0.103220 4.543412 0.012964 
327 11.601599 0.000000 -0.566234 99.004382 0.104045 4.913135 0.022407 
328 10.711244 0.000000 -1.395128 97.752512 0.160708 4.339422 0.047108 
329 10.414459 0.000000 -1.395128 97.748644 -0.312383 4.382210 0.047232 
330 10.711244 0.000000 -1.671426 97.751678 0.160917 4.345143 0.047130 
331 11.008029 0.000000 -1.395128 98.151289 0.145635 4.310567 0.039029 
332 10.711244 0.000000 -1.118830 97.699107 0.126679 4.809865 0.048632 
333 11.008029 0.000000 4.959728 99.035836 -0.020678 8.625324 0.026886 
334 13.382310 0.000000 4.959728 99.257634 0.023514 8.199691 0.021683 
335 11.008029 0.000000 7.170112 99.702215 0.024059 8.675262 0.013538 
336 9.820889 0.000000 1.644151 95.183594 -0.199229 17.336723 0.129709 
337 11.008029 0.000000 1.644151 97.656185 -0.141627 15.528538 0.072247 
338 9.820889 0.000000 2.749343 98.314981 0.018884 7.136044 0.039046 
339 9.820889 0.000000 3.854535 99.058738 -0.088049 8.189906 0.025679 
340 8.633748 0.000000 3.854535 98.914941 0.006200 9.180024 0.030336 
341 11.008029 0.000000 3.854535 98.760665 0.029507 8.226096 0.031757 
342 9.820889 0.000000 4.959728 98.756232 0.015463 9.012588 0.033234 
343 9.227319 0.000000 2.196747 95.568320 -0.161131 16.139814 0.117370 
344 8.633748 0.000000 2.196747 96.966383 -0.141963 7.842371 0.067483 
345 9.227319 0.000000 1.644151 95.615511 -0.158282 15.992987 0.115883 
346 9.820889 0.000000 2.196747 96.046811 -0.193509 17.182814 0.111217 
347 9.227319 0.000000 2.749343 95.585579 -0.160213 16.086117 0.116826 
348 12.195170 0.000000 1.644151 99.345920 -0.069305 15.351925 0.037092 
349 13.382310 0.000000 1.644151 101.789146 -0.009476 4.565179 -0.033604 
350 12.195170 0.000000 2.749343 99.621851 -0.113175 16.109998 0.033909 
351 10.414459 0.000000 2.196747 97.606212 -0.147257 15.793543 0.074147 
352 10.414459 0.000000 1.644151 97.719228 -0.101785 14.188103 0.066773 
353 11.008029 0.000000 2.196747 98.061175 -0.144140 16.299141 0.066503 
354 10.414459 0.000000 2.749343 97.597174 -0.149561 15.841508 0.074493 
355 7.446608 0.000000 3.854535 97.306374 -0.006064 10.845967 0.066441 
356 6.259468 0.000000 3.854535 97.893359 -0.013331 10.335482 0.053366 
357 7.446608 0.000000 4.959728 101.998293 -0.155106 6.998778 -0.035014 
358 9.227319 0.000000 3.301939 100.546438 -0.012080 6.801233 -0.006318 
359 8.633748 0.000000 3.301939 98.677383 0.035207 8.648951 0.034170 
360 9.820889 0.000000 3.301939 98.913647 -0.037435 8.005301 0.028301 
361 9.227319 0.000000 3.854535 99.564022 0.121764 8.136674 0.015407 
362 9.524104 0.000000 2.473045 95.991905 -0.175364 16.665724 0.110466 
363 9.227319 0.000000 2.473045 95.572320 -0.160980 16.127370 0.117244 
364 9.524104 0.000000 2.196747 96.021678 -0.175754 16.708201 0.110003 
365 9.820889 0.000000 2.473045 96.029264 -0.193128 17.185955 0.111593 
366 9.524104 0.000000 2.749343 95.183594 -0.199229 17.336723 0.129709 
367 37.125118 0.000000 11.590882 120.133998 -0.000045 -8.183240 -0.372166 
368 46.622241 0.000000 11.590882 101.471506 -0.000201 5.435494 -0.026437 
369 37.125118 0.000000 20.432420 99.896031 -0.000221 8.206048 0.008840 
370 22.879433 0.000000 7.170112 107.143169 0.004555 1.197961 -0.140122 
371 27.627995 0.000000 7.170112 98.783599 -0.001223 7.463172 0.030070 
372 22.879433 0.000000 11.590882 99.823394 -0.007752 8.186264 0.010268 
373 15.756591 0.000000 4.959728 99.107405 -0.005281 7.650566 0.023827 
374 18.130872 0.000000 4.959728 99.184556 -0.021311 6.388336 0.020473 
375 15.756591 0.000000 7.170112 100.082590 -0.018435 7.921443 0.004630 
376 12.195170 0.000000 3.854535 98.932761 0.034883 7.787019 0.027564 
377 13.382310 0.000000 3.854535 100.296555 -0.192858 16.352426 0.020960 
378 12.195170 0.000000 4.959728 99.237013 0.006824 8.355424 0.022361 
379 14.569450 0.000000 -0.566234 100.967859 0.043119 4.506060 -0.017311 
380 14.569450 0.000000 -1.671426 101.172754 -0.000856 4.459379 -0.021437 
381 15.756591 0.000000 -0.566234 101.086665 0.075839 3.993738 -0.020109 
382 14.569450 0.000000 0.538958 99.266783 -0.029971 4.100459 0.016388 
383 14.569450 0.000000 -2.776618 98.994209 0.001070 7.336887 0.025631 
384 14.569450 0.000000 -3.881811 99.766338 -0.007190 8.410189 0.011791 
385 15.756591 0.000000 -2.776618 98.458486 0.001467 6.890776 0.035793 
386 20.505152 0.000000 0.538958 105.894426 0.007429 0.126894 -0.116151 
387 20.505152 0.000000 -1.671426 104.955016 -0.011608 3.553590 -0.096724 
388 22.879433 0.000000 0.538958 105.372825 -0.006461 -0.246096 -0.106024 
389 20.505152 0.000000 2.749343 109.475503 -0.009709 -2.441617 -0.184193 
390 16.943731 0.000000 -0.566234 101.783222 0.010417 3.151768 -0.034551 
391 16.943731 0.000000 -1.671426 101.783222 0.010417 3.151768 -0.034551 
392 18.130872 0.000000 -0.566234 104.851764 -0.024008 3.151722 -0.094960 
393 16.943731 0.000000 0.538958 101.841378 -0.002264 4.266863 -0.034899 
394 15.163021 0.000000 -1.118830 101.645216 0.074690 4.252647 -0.031013 
395 14.569450 0.000000 -1.118830 101.000160 0.035373 4.498712 -0.017962 
396 15.163021 0.000000 -1.671426 101.788735 0.090341 4.116791 -0.033975 
397 15.756591 0.000000 -1.118830 101.083769 0.074975 3.993222 -0.020051 
398 15.163021 0.000000 -0.566234 101.602565 0.075283 4.337871 -0.030094 
399 14.569450 0.000000 3.854535 100.158998 -0.111363 15.972893 0.022512 
400 14.569450 0.000000 2.749343 100.551748 -0.090750 15.583327 0.013282 
401 15.756591 0.000000 3.854535 100.438070 -0.066690 15.602069 0.015650 
402 14.569450 0.000000 4.959728 99.186642 -0.032614 7.994691 0.022777 
403 20.505152 0.000000 4.959728 96.072064 0.005723 7.843977 0.085689 
404 22.879433 0.000000 4.959728 99.817416 0.004552 4.487052 0.005673 
405 20.505152 0.000000 7.170112 100.392966 -0.000871 7.034526 -0.002923 
406 16.943731 0.000000 3.854535 105.249171 -0.062856 13.472194 -0.086736 
407 16.943731 0.000000 2.749343 105.249171 -0.062856 13.472194 -0.086736 
408 18.130872 0.000000 3.854535 106.289204 -0.073705 7.714087 -0.118370 
409 16.943731 0.000000 4.959728 100.845128 -0.035160 5.228533 -0.014167 
410 22.879433 0.000000 -10.512965 99.272966 -0.005878 8.317100 0.021571 
411 22.879433 0.000000 -14.933734 99.465448 -0.001937 8.568265 0.018121 
412 27.627995 0.000000 -10.512965 99.223145 0.002777 8.031897 0.022102 
413 20.505152 0.000000 -3.881811 97.830587 0.001442 5.840854 0.047107 
414 20.505152 0.000000 -6.092195 98.503236 -0.008763 7.372907 0.035594 
415 22.879433 0.000000 -3.881811 96.215682 0.003417 4.943904 0.078840 
416 19.318012 0.000000 -0.566234 105.273788 -0.017212 3.178252 -0.103170 
417 19.318012 0.000000 -1.671426 104.975138 -0.019363 3.121871 -0.097384 
418 20.505152 0.000000 -0.566234 104.604062 -0.008891 3.201067 -0.090093 
419 19.318012 0.000000 0.538958 103.412105 0.011681 1.623730 -0.067439 
420 19.318012 0.000000 3.854535 108.729641 -0.071078 2.819125 -0.169877 
421 19.318012 0.000000 2.749343 109.092234 -0.070012 2.231931 -0.177021 
422 20.505152 0.000000 3.854535 110.613992 -0.039771 -1.875092 -0.205832 
423 19.318012 0.000000 4.959728 99.561972 -0.005897 6.125225 0.012549 
424 32.376556 0.000000 -1.671426 114.841156 0.032872 -2.344957 -0.283478 
425 32.376556 0.000000 -6.092195 87.565023 0.000138 -1.183787 0.253649 
426 37.125118 0.000000 -1.671426 109.012689 -0.003150 3.439832 -0.174916 
427 32.376556 0.000000 2.749343 105.539371 0.000359 -6.000031 -0.105949 
428 25.253714 0.000000 0.538958 128.834603 -0.005004 -0.198667 -0.517627 
429 25.253714 0.000000 -1.671426 107.207310 0.028052 -1.439460 -0.141298 
430 27.627995 0.000000 0.538958 107.792729 -0.001632 0.283214 -0.152700 
431 25.253714 0.000000 2.749343 114.366454 0.296585 -5.416886 -0.272986 
432 21.692293 0.000000 -0.566234 104.756469 -0.014697 2.963218 -0.093207 
433 21.692293 0.000000 -1.671426 105.730406 -0.014523 2.576287 -0.112364 
434 22.879433 0.000000 -0.566234 103.603004 -0.000624 -0.552276 -0.071412 
435 21.692293 0.000000 0.538958 98.572456 -0.003549 -8.863587 0.036678 
436 25.253714 0.000000 -3.881811 102.751332 0.000874 4.421293 -0.052794 
437 25.253714 0.000000 -6.092195 98.174746 0.000864 6.759811 0.041342 
438 27.627995 0.000000 -3.881811 85.302856 -0.001060 -4.975460 0.303093 
439 21.692293 0.000000 -2.776618 98.360437 0.004418 5.578062 0.036093 
440 20.505152 0.000000 -2.776618 98.141364 0.006771 5.018312 0.039906 
441 21.692293 0.000000 -3.881811 98.078280 0.005571 6.154064 0.042487 
442 22.879433 0.000000 -2.776618 90.738792 0.002459 -1.266010 0.188350 
443 21.098722 0.000000 -1.118830 103.518086 -0.014918 3.455210 -0.068639 
444 20.505152 0.000000 -1.118830 104.453310 -0.011651 3.700494 -0.086822 
445 21.098722 0.000000 -1.671426 103.438419 -0.014932 3.486861 -0.067051 
446 21.692293 0.000000 -1.118830 104.999254 -0.014653 2.866763 -0.097996 
447 21.098722 0.000000 -0.566234 103.637227 -0.014896 3.407877 -0.071013 
448 19.318012 0.000000 -2.776618 96.649387 -0.002895 3.894146 0.069058 
449 18.130872 0.000000 -2.776618 98.976201 -0.022720 6.623795 0.024980 
450 19.318012 0.000000 -3.881811 96.856542 -0.005889 5.321085 0.066234 
451 21.098722 0.000000 -2.224022 98.630399 0.011230 5.444007 0.030497 
452 20.505152 0.000000 -2.224022 97.964799 0.009391 4.921462 0.043373 
453 21.098722 0.000000 -2.776618 97.316607 0.008080 5.000243 0.056564 
454 21.692293 0.000000 -2.224022 95.400526 0.006410 3.558202 0.094170 
455 24.066573 0.000000 -0.566234 102.580461 0.000565 -2.294910 -0.050792 
456 24.066573 0.000000 -1.671426 101.135215 0.003252 -3.356616 -0.021537 
457 25.253714 0.000000 -0.566234 104.897697 0.024309 -1.952269 -0.096425 
458 24.066573 0.000000 0.538958 105.206504 -0.003344 0.009156 -0.102794 
459 22.285863 0.000000 -1.118830 103.462247 -0.006225 1.572676 -0.068440 
460 22.285863 0.000000 -1.671426 103.500288 -0.005494 1.234146 -0.069278 
461 22.879433 0.000000 -1.118830 103.354661 0.000285 -0.734343 -0.066508 
462 22.285863 0.000000 -0.566234 103.454055 -0.005231 1.175483 -0.068383 
463 21.395508 0.000000 -1.395128 103.567882 -0.014909 3.435427 -0.069631 
464 21.098722 0.000000 -1.395128 103.445990 -0.014931 3.483853 -0.067202 
465 21.395508 0.000000 -1.671426 103.527144 -0.014916 3.451611 -0.068820 
466 21.692293 0.000000 -1.395128 105.095841 -0.014636 2.828391 -0.099899 
467 21.395508 0.000000 -1.118830 103.629192 -0.014898 3.411069 -0.070853 
468 19.911582 0.000000 -1.118830 106.315333 -0.004902 2.952190 -0.123505 
469 19.318012 0.000000 -1.118830 105.026860 -0.018990 3.131635 -0.098387 
470 19.911582 0.000000 -1.671426 106.314764 -0.009716 3.374775 -0.123251 
471 19.911582 0.000000 -0.566234 106.306890 -0.003557 2.798655 -0.123422 
472 20.801937 0.000000 -1.395128 103.139195 -0.014134 3.792381 -0.060945 
473 20.505152 0.000000 -1.395128 104.904040 -0.011679 3.560294 -0.095725 
474 20.801937 0.000000 -1.671426 102.436946 -0.015111 3.884731 -0.047006 
475 20.801937 0.000000 -1.118830 103.019261 -0.014301 3.808153 -0.058568 
476 21.692293 0.000000 1.644151 107.757294 -0.003136 -1.357489 -0.151865 
477 20.505152 0.000000 1.644151 105.894426 0.007429 0.126894 -0.116151 
478 22.879433 0.000000 1.644151 105.372825 -0.006461 -0.246096 -0.106024 
479 21.692293 0.000000 2.749343 115.846904 0.022284 -4.630823 -0.300324 
480 21.098722 0.000000 -0.013638 104.920755 -0.005857 1.789802 -0.096931 
481 20.505152 0.000000 -0.013638 105.894426 0.007429 0.126894 -0.116151 
482 21.692293 0.000000 -0.013638 87.519141 -0.000092 -8.643923 0.263246 
483 21.098722 0.000000 0.538958 105.841420 0.004000 0.205243 -0.115122 
484 21.395508 0.000000 -0.842532 103.673400 -0.014890 3.393506 -0.071733 
485 21.098722 0.000000 -0.842532 103.612407 -0.014901 3.417738 -0.070518 
486 21.692293 0.000000 -0.842532 104.949036 -0.014662 2.886715 -0.097006 
487 21.395508 0.000000 -0.566234 103.674062 -0.014890 3.393243 -0.071746 
488 21.247115 0.000000 -1.256979 103.555393 -0.014911 3.440389 -0.069383 
489 21.098722 0.000000 -1.256979 103.472161 -0.014926 3.473455 -0.067724 
490 21.247115 0.000000 -1.395128 103.523087 -0.014917 3.453223 -0.068739 
491 21.395508 0.000000 -1.256979 103.597468 -0.014904 3.423673 -0.070221 
492 21.247115 0.000000 -1.118830 103.595404 -0.014904 3.424493 -0.070180 
493 20.801937 0.000000 -0.842532 103.697253 -0.010899 3.419314 -0.072185 
494 20.505152 0.000000 -0.842532 104.605671 -0.009203 3.247432 -0.090096 
495 20.801937 0.000000 -0.566234 103.897554 -0.010063 3.318137 -0.076183 
496 20.950330 0.000000 -1.256979 102.436946 -0.015111 3.884731 -0.047006 
497 20.801937 0.000000 -1.256979 103.018567 -0.014302 3.808245 -0.058555 
498 20.950330 0.000000 -1.395128 102.436946 -0.015111 3.884731 -0.047006 
499 20.950330 0.000000 -1.118830 102.436946 -0.015111 3.884731 -0.047006 
500 21.247115 0.000000 -0.980681 103.633312 -0.014897 3.409433 -0.070935 
501 21.098722 0.000000 -0.980681 103.571414 -0.014908 3.434024 -0.069702 
502 21.395508 0.000000 -0.980681 103.656505 -0.014893 3.400218 -0.071396 
503 21.247115 0.000000 -0.842532 103.658305 -0.014893 3.399503 -0.071432 
504 21.172919 0.000000 -1.187905 103.541039 -0.014914 3.446091 -0.069097 
505 21.098722 0.000000 -1.187905 103.493043 -0.014922 3.465159 -0.068140 
506 21.172919 0.000000 -1.256979 103.520343 -0.014917 3.454313 -0.068684 
507 21.247115 0.000000 -1.187905 103.574918 -0.014908 3.432632 -0.069772 
508 21.172919 0.000000 -1.118830 103.563909 -0.014910 3.437005 -0.069552 
509 32.376556 0.000000 7.170112 107.109676 0.000203 0.485938 -0.139586 
510 37.125118 0.000000 7.170112 93.868151 0.000123 10.390959 0.135841 
511 32.376556 0.000000 11.590882 102.311251 -0.000387 5.649179 -0.042889 
512 25.253714 0.000000 4.959728 99.269866 -0.000759 5.525827 0.017715 
513 27.627995 0.000000 4.959728 99.291235 -0.001182 4.862629 0.016588 
514 25.253714 0.000000 7.170112 100.272276 0.002078 6.194363 -0.001615 
515 21.692293 0.000000 3.854535 118.666618 0.031013 -4.244429 -0.350352 
516 22.879433 0.000000 3.854535 113.305098 -0.038027 -7.990019 -0.250810 
517 21.692293 0.000000 4.959728 92.029889 0.005508 8.532343 0.169799 
518 24.066573 0.000000 -2.776618 95.766742 0.000726 2.249078 0.085912 
519 24.066573 0.000000 -3.881811 95.273191 0.002005 3.729565 0.096896 
520 25.253714 0.000000 -2.776618 95.788407 -0.001010 1.446715 0.085157 
521 22.285863 0.000000 -2.224022 97.200308 0.002219 4.683947 0.058600 
522 22.285863 0.000000 -2.776618 96.310198 0.004960 4.240100 0.076237 
523 22.879433 0.000000 -2.224022 95.480736 0.005231 2.527170 0.091869 
524 21.989078 0.000000 -1.395128 104.873072 -0.011797 2.364199 -0.095780 
525 21.989078 0.000000 -1.671426 104.863186 -0.011765 2.361753 -0.095588 
526 22.285863 0.000000 -1.395128 103.480660 -0.005382 1.209240 -0.068898 
527 21.989078 0.000000 -1.118830 104.641968 -0.012428 2.569373 -0.091174 
528 24.066573 0.000000 3.854535 101.567067 -0.002510 0.375168 -0.031216 
529 24.066573 0.000000 2.749343 111.953809 0.130789 -6.460912 -0.227630 
530 25.253714 0.000000 3.854535 98.026635 -0.001985 4.101701 0.041362 
531 24.066573 0.000000 4.959728 100.991927 0.001733 3.962043 -0.018246 
532 22.285863 0.000000 3.301939 116.926751 -0.001230 -7.173989 -0.317281 
533 21.692293 0.000000 3.301939 118.682933 0.031064 -4.242193 -0.350637 
534 22.285863 0.000000 2.749343 117.172604 -0.001477 -6.993438 -0.321835 
535 22.879433 0.000000 3.301939 114.673095 -0.031440 -8.128097 -0.275652 
536 22.285863 0.000000 3.854535 117.272685 -0.000077 -6.905995 -0.323698 
537 21.098722 0.000000 3.301939 114.498327 0.018109 -4.815622 -0.275876 
538 20.505152 0.000000 3.301939 109.775514 -0.020631 -2.096858 -0.189994 
539 21.098722 0.000000 2.749343 114.600153 0.018424 -4.801669 -0.277733 
540 21.098722 0.000000 3.854535 113.852880 0.016111 -4.904070 -0.264060 
541 -48.348991 0.000000 214.946266 99.619470 0.000000 8.715574 0.015276 
542 -124.325976 0.000000 214.946266 99.619470 0.000000 8.715574 0.015276 
543 27.627995 0.000000 214.946266 99.619470 0.000000 8.715574 0.015276 
544 -48.348991 0.000000 285.678573 99.619470 0.000000 8.715574 0.015276 
545 -10.360498 0.000000 108.847804 99.619470 0.000000 8.715574 0.015276 
546 -48.348991 0.000000 108.847804 99.619470 0.000000 8.715574 0.015276 
547 27.627995 0.000000 108.847804 99.619470 0.000000 8.715574 0.015276 
548 -10.360498 0.000000 144.213958 99.619470 0.000000 8.715574 0.015276 
549 8.633748 0.000000 55.798574 99.619470 0.000000 8.715574 0.015276 
550 -10.360498 0.000000 55.798574 99.619470 0.000000 8.715574 0.015276 
551 27.627995 0.000000 55.798574 99.619470 0.000000 8.715574 0.015276 
552 8.633748 0.000000 73.481651 99.619470 0.000000 8.715574 0.015276 
553 18.130872 0.000000 29.273958 99.619470 0.000000 8.715574 0.015276 
554 8.633748 0.000000 29.273958 99.619470 0.000000 8.715574 0.015276 
555 27.627995 0.000000 29.273958 99.639542 -0.026861 8.726714 0.014891 
556 18.130872 0.000000 38.115497 99.619470 0.000000 8.715574 0.015276 
557 22.879433 0.000000 16.011651 99.601370 -0.008357 8.625205 0.015482 
558 18.130872 0.000000 16.011651 99.690600 -0.002633 8.680417 0.013781 
559 27.627995 0.000000 16.011651 100.013745 0.002060 8.197487 0.006460 
560 22.879433 0.000000 20.432420 100.020708 -0.006822 8.364329 0.006598 
561 20.505152 0.000000 9.380497 100.369411 -0.009381 7.602468 -0.001621 
562 18.130872 0.000000 9.380497 99.444325 -0.018650 8.585129 0.018576 
563 22.879433 0.000000 9.380497 99.840884 -0.003346 8.009435 0.009628 
564 20.505152 0.000000 11.590882 100.030865 -0.003825 8.185818 0.006097 
565 21.692293 0.000000 6.064920 98.814353 0.008885 7.450434 0.029430 
566 20.505152 0.000000 6.064920 100.188897 0.000836 6.839356 0.000896 
567 22.879433 0.000000 6.064920 95.171892 0.003137 8.772190 0.105721 
568 21.692293 0.000000 7.170112 103.550578 0.005624 4.402370 -0.068571 
569 22.285863 0.000000 4.407132 100.193193 0.006242 -0.874557 -0.003786 
570 21.692293 0.000000 4.407132 92.957271 0.006922 6.228270 0.146949 
571 22.879433 0.000000 4.407132 98.492492 0.006031 4.315850 0.032151 
572 22.285863 0.000000 4.959728 97.417353 0.004965 4.910281 0.054431 
573 21.989078 0.000000 3.578237 118.555257 0.025258 -4.923476 -0.347957 
574 21.692293 0.000000 3.578237 118.556622 0.030673 -4.259502 -0.348429 
575 21.989078 0.000000 3.301939 118.474270 0.024159 -5.038582 -0.346462 
576 22.285863 0.000000 3.578237 117.372911 0.004022 -6.793362 -0.325586 
577 21.989078 0.000000 3.854535 119.527786 0.026723 -4.979761 -0.364765 
578 23.473003 0.000000 -1.118830 103.869987 -0.000147 -1.462565 -0.076480 
579 23.473003 0.000000 -1.671426 103.197892 0.000061 -2.284891 -0.062977 
580 24.066573 0.000000 -1.118830 101.873424 0.001323 -3.046256 -0.036404 
581 23.473003 0.000000 -0.566234 103.732865 -0.000591 -1.441585 -0.073795 
582 24.066573 0.000000 1.644151 104.797615 -0.004380 -0.107492 -0.094827 
583 25.253714 0.000000 1.644151 128.834603 -0.005004 -0.198667 -0.517627 
584 23.473003 0.000000 3.301939 112.710512 -0.011808 -7.612527 -0.240323 
585 23.473003 0.000000 2.749343 113.264682 -0.001028 -7.651649 -0.250496 
586 24.066573 0.000000 3.301939 112.951267 0.110918 -6.783742 -0.245743 
587 23.473003 0.000000 3.854535 113.242257 0.019500 -7.463903 -0.250314 
588 30.002275 0.000000 0.538958 89.119586 0.000561 -0.576025 0.221506 
589 30.002275 0.000000 -1.671426 91.180307 0.035709 -2.397276 0.179748 
590 32.376556 0.000000 0.538958 105.134798 0.000566 0.279167 -0.101392 
591 30.002275 0.000000 2.749343 119.461020 -0.070199 -12.264753 -0.354500 
592 26.440854 0.000000 -0.566234 93.999501 0.009615 -2.012478 0.121810 
593 26.440854 0.000000 -1.671426 91.068460 0.015023 -2.688522 0.182212 
594 27.627995 0.000000 -0.566234 90.260872 -0.110769 6.406252 0.202672 
595 26.440854 0.000000 0.538958 117.444808 -0.002888 0.084789 -0.330318 
596 103.604980 0.000000 -209.447580 99.619470 0.000000 8.715574 0.015276 
597 103.604980 0.000000 -280.179887 99.619470 0.000000 8.715574 0.015276 
598 179.581965 0.000000 -209.447580 99.600385 -0.000351 8.700153 0.015633 
599 65.616487 0.000000 -103.349118 99.619470 0.000000 8.715574 0.015276 
600 65.616487 0.000000 -138.715272 99.619470 0.000000 8.715574 0.015276 
601 103.604980 0.000000 -103.349118 102.500194 0.000016 10.982040 -0.038036 
602 46.622241 0.000000 -50.299888 99.587108 -0.004404 8.690262 0.015883 
603 46.622241 0.000000 -67.982965 99.619470 0.000000 8.715574 0.015276 
604 65.616487 0.000000 -50.299888 98.624734 -0.000030 7.810787 0.033821 
605 37.125118 0.000000 -23.775272 99.106919 0.000702 8.224219 0.024763 
606 37.125118 0.000000 -32.616811 99.650406 -0.001240 8.734452 0.014686 
607 46.622241 0.000000 -23.775272 93.648463 0.000067 3.602639 0.129956 
608 32.376556 0.000000 -10.512965 113.940657 -0.000220 15.286351 -0.248745 
609 32.376556 0.000000 -14.933734 97.876580 0.000699 7.135520 0.047913 
610 37.125118 0.000000 -10.512965 99.357356 0.000060 6.165844 0.016713 
611 30.002275 0.000000 -3.881811 82.450801 0.000287 -9.337553 0.369716 
612 30.002275 0.000000 -6.092195 133.367686 0.000087 24.073339 -0.552627 
613 32.376556 0.000000 -3.881811 101.093870 0.000020 -1.300088 -0.021657 
614 26.440854 0.000000 -2.776618 -4.360124 -0.000909 -17.936136 1.471129 
615 26.440854 0.000000 -3.881811 63.298608 -0.000986 -4.557084 0.743130 
616 27.627995 0.000000 -2.776618 171.859954 -0.000397 8.993262 -0.719795 
617 25.847284 0.000000 -1.118830 97.022947 0.038369 -3.171303 0.060953 
618 25.253714 0.000000 -1.118830 101.733056 0.031645 -2.003147 -0.034132 
619 25.847284 0.000000 -1.671426 98.704755 0.036076 -3.014147 0.026902 
620 26.440854 0.000000 -1.118830 91.519752 0.012136 -2.311030 0.172732 
621 25.847284 0.000000 -0.566234 98.994235 0.035682 -2.987096 0.021064 
622 30.002275 0.000000 4.959728 105.281173 -0.000069 -3.889516 -0.102849 
623 32.376556 0.000000 4.959728 90.102792 0.000138 9.175798 0.210875 
624 30.002275 0.000000 7.170112 100.476614 -0.000511 5.710097 -0.006280 
625 26.440854 0.000000 3.854535 103.332214 -0.001213 -0.705658 -0.066071 
626 26.440854 0.000000 2.749343 107.308763 0.290832 -10.767668 -0.133008 
627 27.627995 0.000000 3.854535 100.313658 -0.001040 1.460213 -0.006057 
628 26.440854 0.000000 4.959728 101.566425 -0.000887 3.134209 -0.030256 
629 26.440854 0.000000 1.644151 117.428007 -0.002885 0.085207 -0.330022 
630 27.627995 0.000000 1.644151 87.930845 0.000562 -15.632279 0.274809 
631 25.847284 0.000000 3.301939 109.245318 0.323418 -8.684392 -0.173791 
632 25.253714 0.000000 3.301939 112.705285 0.332775 -6.051220 -0.241965 
633 25.847284 0.000000 2.749343 112.399648 0.270535 -7.317993 -0.234923 
634 26.440854 0.000000 3.301939 106.922009 0.292125 -10.778282 -0.125488 
635 25.847284 0.000000 3.854535 99.824652 -0.001879 2.318721 0.004047 
636 28.815135 0.000000 -0.566234 100.076846 -0.022507 -5.298471 0.001270 
637 28.815135 0.000000 -1.671426 100.568650 -0.026201 -5.886616 -0.007917 
638 30.002275 0.000000 -0.566234 90.177243 0.017237 -1.576499 0.199993 
639 28.815135 0.000000 0.538958 96.755171 0.002448 -1.326092 0.065509 
640 28.815135 0.000000 1.644151 96.755171 0.002448 -1.326092 0.065509 
641 30.002275 0.000000 1.644151 114.970797 -0.053550 -7.637416 -0.281665 
642 28.815135 0.000000 2.749343 91.195044 0.010539 -10.944799 0.192337 
643 28.815135 0.000000 -2.776618 65.641043 0.000328 -4.597611 0.698571 
644 28.815135 0.000000 -3.881811 137.724895 0.000039 11.436321 -0.637190 
645 30.002275 0.000000 -2.776618 106.378110 -0.000078 2.590749 -0.124901 
646 255.558951 0.000000 -67.982965 99.638042 0.002526 8.554346 0.014620 
647 255.558951 0.000000 -138.715272 99.633182 0.001557 8.671344 0.014922 
648 331.535936 0.000000 -67.982965 99.633776 0.002322 8.574216 0.014740 
649 255.558951 0.000000 2.749343 99.846131 0.009475 6.135767 0.006857 
650 141.593473 0.000000 -32.616811 99.694822 0.004979 8.074663 0.012672 
651 141.593473 0.000000 -67.982965 99.677853 0.003143 8.535100 0.013785 
652 179.581965 0.000000 -32.616811 99.677195 0.004585 8.149169 0.013148 
653 141.593473 0.000000 2.749343 100.030078 0.011645 4.073148 0.001058 
654 84.610734 0.000000 -14.933734 99.903269 0.009072 6.634668 0.006350 
655 84.610734 0.000000 -32.616811 99.920805 0.006355 8.043624 0.008077 
656 103.604980 0.000000 -14.933734 99.825293 0.008452 6.801919 0.008141 
657 84.610734 0.000000 2.749343 100.124479 0.006683 3.307540 -0.001396 
658 56.119364 0.000000 -6.092195 119.336818 0.007617 12.659310 -0.351616 
659 56.119364 0.000000 -14.933734 97.993737 0.015798 5.643967 0.043575 
660 65.616487 0.000000 -6.092195 100.338749 0.011684 4.783425 -0.004491 
661 56.119364 0.000000 2.749343 71.542747 -0.001035 24.469726 0.664864 
662 41.873679 0.000000 -1.671426 113.196000 0.010033 5.575987 -0.251462 
663 41.873679 0.000000 -6.092195 98.866504 -0.000432 4.473842 0.024761 
664 46.622241 0.000000 -1.671426 99.097982 0.001955 5.351787 0.020980 
665 41.873679 0.000000 2.749343 100.244929 -0.000522 2.314110 -0.004362 
666 34.750837 0.000000 0.538958 99.931864 0.000865 0.240915 0.001369 
667 34.750837 0.000000 -1.671426 103.016136 0.007380 1.677461 -0.059625 
668 37.125118 0.000000 0.538958 114.518900 -0.000064 -3.562170 -0.277081 
669 34.750837 0.000000 2.749343 108.763719 0.000129 -2.460579 -0.170691 
670 31.189416 0.000000 -0.566234 98.662410 0.010325 -2.922789 0.027699 
671 31.189416 0.000000 -1.671426 98.842275 0.010121 -2.930219 0.024085 
672 32.376556 0.000000 -0.566234 110.947197 0.023216 -1.589653 -0.212150 
673 31.189416 0.000000 0.538958 91.745343 0.000072 -25.984790 0.244757 
674 29.408705 0.000000 -1.118830 91.963082 0.033996 -2.611468 0.163800 
675 28.815135 0.000000 -1.118830 98.241054 -0.054434 -3.867599 0.036844 
676 29.408705 0.000000 -1.671426 94.618285 0.019299 -3.438192 0.110021 
677 30.002275 0.000000 -1.118830 90.509135 0.028054 -2.059177 0.193369 
678 29.408705 0.000000 -0.566234 92.507199 0.012562 -2.655851 0.152669 
679 31.189416 0.000000 1.644151 116.979647 -0.088937 -8.073156 -0.317179 
680 32.376556 0.000000 1.644151 107.359899 -0.016350 -7.335886 -0.139594 
681 31.189416 0.000000 2.749343 102.809838 -0.081787 -8.538827 -0.048812 
682 28.815135 0.000000 3.854535 135.697764 -0.000299 -26.402530 -0.580448 
683 30.002275 0.000000 3.854535 107.078620 0.000463 -0.747616 -0.138960 
684 28.815135 0.000000 4.959728 102.781921 -0.000383 1.668064 -0.055009 
685 29.408705 0.000000 2.196747 102.394061 -0.035224 -13.493150 -0.029920 
686 28.815135 0.000000 2.196747 97.653777 0.028400 -9.326599 0.056173 
687 29.408705 0.000000 1.644151 95.822046 -0.021931 -10.369848 0.095693 
688 30.002275 0.000000 2.196747 121.514223 -0.072491 -11.928899 -0.390424 
689 29.408705 0.000000 2.749343 100.073329 -0.036492 -14.599638 0.019990 
690 34.750837 0.000000 -3.881811 84.785266 0.000075 -5.582789 0.314555 
691 34.750837 0.000000 -6.092195 99.857458 0.000027 4.984250 0.005343 
692 37.125118 0.000000 -3.881811 91.386950 -0.000009 -0.666728 0.174908 
693 31.189416 0.000000 -2.776618 90.764503 0.000024 -1.967545 0.188078 
694 31.189416 0.000000 -3.881811 87.147528 0.000287 -0.890250 0.262180 
695 32.376556 0.000000 -2.776618 103.258650 -0.000003 -1.581972 -0.064432 
696 33.563697 0.000000 -0.566234 111.879342 0.015002 -0.307997 -0.229703 
697 33.563697 0.000000 -1.671426 111.879342 0.015002 -0.307997 -0.229703 
698 34.750837 0.000000 -0.566234 102.554148 0.005140 1.427595 -0.050583 
699 33.563697 0.000000 0.538958 115.834814 -0.000237 -0.462501 -0.301747 
700 31.782986 0.000000 -1.118830 108.414468 0.017314 -2.442730 -0.164052 
701 31.189416 0.000000 -1.118830 99.834241 0.008994 -2.971197 0.004202 
702 31.782986 0.000000 -1.671426 106.457290 0.014515 -2.388163 -0.126522 
703 32.376556 0.000000 -1.118830 115.054001 0.033455 -2.123695 -0.287396 
704 31.782986 0.000000 -0.566234 105.761421 0.011539 -1.842244 -0.113263 
705 255.558951 0.000000 73.481651 99.650584 -0.004269 8.332093 0.013988 
706 331.535936 0.000000 73.481651 99.661372 -0.004834 8.226840 0.013595 
707 255.558951 0.000000 144.213958 99.618434 -0.001959 8.643118 0.015169 
708 141.593473 0.000000 38.115497 99.706891 -0.008090 7.604747 0.011686 
709 179.581965 0.000000 38.115497 99.734014 -0.008981 7.367331 0.010782 
710 141.593473 0.000000 73.481651 99.611451 -0.003943 8.459834 0.014993 
711 84.610734 0.000000 20.432420 99.805199 -0.013210 6.333646 0.007926 
712 103.604980 0.000000 20.432420 99.845760 -0.013332 5.996182 0.006694 
713 84.610734 0.000000 38.115497 99.943130 -0.007617 7.710946 0.007101 
714 56.119364 0.000000 11.590882 98.485207 -0.022849 6.569643 0.034810 
715 65.616487 0.000000 11.590882 100.795103 -0.009215 4.610068 -0.013771 
716 56.119364 0.000000 20.432420 100.502918 0.000181 6.955426 -0.005236 
717 41.873679 0.000000 7.170112 103.850281 0.000775 2.460281 -0.075724 
718 46.622241 0.000000 7.170112 98.365875 -0.004529 4.489639 0.034860 
719 41.873679 0.000000 11.590882 107.490928 0.000003 1.121093 -0.146814 
720 34.750837 0.000000 4.959728 99.942093 0.000182 3.501497 0.002386 
721 37.125118 0.000000 4.959728 108.926776 0.000094 -3.240583 -0.173401 
722 34.750837 0.000000 7.170112 100.871543 0.000010 4.817906 -0.015103 
723 33.563697 0.000000 1.644151 111.591559 -0.023458 -7.667199 -0.219463 
724 34.750837 0.000000 1.644151 119.524722 -0.001156 -8.000127 -0.361882 
725 33.563697 0.000000 2.749343 98.621539 0.000401 1.044443 0.027761 
726 31.189416 0.000000 3.854535 133.491644 -0.000001 -19.953316 -0.564499 
727 32.376556 0.000000 3.854535 99.037210 0.000071 1.675472 0.019580 
728 31.189416 0.000000 4.959728 97.290991 0.000016 9.915044 0.064732 
729 31.782986 0.000000 2.196747 104.273821 -0.039047 -7.908235 -0.078712 
730 31.189416 0.000000 2.196747 111.890508 -0.086369 -8.240403 -0.224278 
731 31.782986 0.000000 1.644151 103.839929 -0.036379 -6.501687 -0.072093 
732 32.376556 0.000000 2.196747 107.665839 -0.019956 -8.419946 -0.143956 
733 31.782986 0.000000 2.749343 103.807619 0.000169 -4.483131 -0.073558 
734 33.563697 0.000000 -2.776618 87.879606 -0.000068 -0.578817 0.247042 
735 33.563697 0.000000 -3.881811 101.655517 -0.000144 0.963102 -0.032895 
736 34.750837 0.000000 -2.776618 86.676878 0.000056 -2.567019 0.272569 
737 32.970126 0.000000 -1.118830 115.533545 0.026377 -1.291211 -0.296240 
738 32.970126 0.000000 -1.671426 115.699472 0.027923 -1.415768 -0.299187 
739 33.563697 0.000000 -1.118830 109.676708 0.009169 0.205239 -0.188504 
740 32.970126 0.000000 -0.566234 110.554531 0.019163 -0.924225 -0.204943 
741 33.563697 0.000000 3.854535 104.024847 0.000154 -1.427257 -0.079526 
742 34.750837 0.000000 3.854535 99.228158 0.000170 4.285885 0.017321 
743 33.563697 0.000000 4.959728 104.509281 0.000068 0.634317 -0.089160 
744 32.970126 0.000000 2.196747 107.008350 -0.017027 -7.569223 -0.132498 
745 32.970126 0.000000 1.644151 106.379751 -0.015399 -6.957356 -0.121139 
746 33.563697 0.000000 2.196747 111.598837 -0.023466 -7.668041 -0.219598 
747 32.970126 0.000000 2.749343 105.325733 0.000179 -3.964967 -0.103662 
748 39.499399 0.000000 0.538958 116.767647 -0.334871 -7.804714 -0.313725 
749 39.499399 0.000000 -1.671426 109.687539 0.006426 0.952207 -0.188634 
750 41.873679 0.000000 0.538958 112.784940 -0.219812 -5.014735 -0.244378 
751 39.499399 0.000000 2.749343 101.239267 0.003112 2.628878 -0.024037 
752 35.937977 0.000000 -0.566234 116.654636 -0.013715 3.060064 -0.315650 
753 35.937977 0.000000 -1.671426 116.651384 -0.013713 3.059732 -0.315593 
754 37.125118 0.000000 -0.566234 113.232162 -0.004854 3.294050 -0.253767 
755 35.937977 0.000000 0.538958 115.748551 -0.000383 0.803610 -0.300171 
756 34.157267 0.000000 -1.118830 105.259432 0.007214 1.128969 -0.103706 
757 34.157267 0.000000 -1.671426 105.197858 0.007768 1.173680 -0.102499 
758 34.750837 0.000000 -1.118830 105.142860 0.003720 2.036212 -0.101172 
759 34.157267 0.000000 -0.566234 103.718186 0.005776 0.902219 -0.073626 
760 41.873679 0.000000 -10.512965 94.942070 -0.000048 3.599108 0.103540 
761 41.873679 0.000000 -14.933734 92.952423 -0.000022 2.578828 0.143505 
762 46.622241 0.000000 -10.512965 96.317393 0.000509 4.126104 0.075991 
763 39.499399 0.000000 -3.881811 94.362455 -0.000302 0.952779 0.114062 
764 39.499399 0.000000 -6.092195 94.221744 -0.000087 1.485514 0.117073 
765 41.873679 0.000000 -3.881811 95.896317 -0.000909 2.454994 0.083381 
766 35.937977 0.000000 -2.776618 99.366352 -0.000085 -0.928591 0.012777 
767 35.937977 0.000000 -3.881811 97.598238 0.000025 0.543945 0.048305 
768 37.125118 0.000000 -2.776618 99.327899 0.000000 2.799596 0.014253 
769 34.157267 0.000000 -2.224022 87.639350 -0.000014 -3.003240 0.253013 
770 33.563697 0.000000 -2.224022 82.601956 -0.000212 -5.275429 0.359174 
771 34.157267 0.000000 -2.776618 85.422567 -0.000003 -4.513693 0.300093 
772 34.750837 0.000000 -2.224022 88.143142 0.000141 -1.727450 0.241923 
773 33.860482 0.000000 -1.395128 108.135920 0.008897 0.750534 -0.159215 
774 33.563697 0.000000 -1.395128 110.038782 0.010128 0.120872 -0.195329 
775 33.860482 0.000000 -1.671426 109.406183 0.010260 0.356693 -0.183386 
776 34.157267 0.000000 -1.395128 105.531058 0.007696 1.200361 -0.108971 
777 33.860482 0.000000 -1.118830 107.036940 0.007769 1.018456 -0.138116 
778 35.937977 0.000000 1.644151 109.856723 0.039663 -7.040069 -0.187643 
779 37.125118 0.000000 1.644151 117.299971 0.014905 -8.377314 -0.322484 
780 35.937977 0.000000 2.749343 102.119108 -0.000556 -0.576058 -0.042143 
781 34.157267 0.000000 2.196747 120.596233 -0.014692 -8.986950 -0.379105 
782 34.157267 0.000000 1.644151 119.769326 -0.013196 -8.372564 -0.365665 
783 34.750837 0.000000 2.196747 120.450707 -0.000172 -8.410995 -0.377327 
784 34.157267 0.000000 2.749343 98.993420 0.000156 4.400504 0.022141 
785 34.157267 0.000000 1.091555 113.643078 -0.005518 -5.474026 -0.259751 
786 33.563697 0.000000 1.091555 109.767978 -0.021516 -7.456183 -0.185444 
787 34.157267 0.000000 0.538958 99.999856 0.000892 0.241118 0.000009 
788 34.750837 0.000000 1.091555 116.542386 -0.000509 -6.479208 -0.311168 
789 33.860482 0.000000 1.920449 118.755762 -0.016960 -8.462928 -0.347972 
790 33.563697 0.000000 1.920449 112.081433 -0.023980 -7.723885 -0.228517 
791 33.860482 0.000000 1.644151 116.893928 -0.017438 -8.014337 -0.315728 
792 34.157267 0.000000 1.920449 119.752890 -0.013535 -8.380251 -0.365373 
793 33.860482 0.000000 2.196747 119.948299 -0.018497 -8.918210 -0.368072 
794 35.344407 0.000000 -1.118830 108.055945 -0.004616 2.367683 -0.157243 
795 35.344407 0.000000 -1.671426 107.710442 -0.002920 2.324033 -0.150652 
796 35.937977 0.000000 -1.118830 117.625102 -0.014679 3.099578 -0.332769 
797 35.344407 0.000000 -0.566234 107.710442 -0.002920 2.324033 -0.150652 
798 39.499399 0.000000 4.959728 104.833016 -0.001088 1.151401 -0.095395 
799 41.873679 0.000000 4.959728 102.448343 0.002505 2.529683 -0.048071 
800 39.499399 0.000000 7.170112 102.494481 -0.000149 3.817200 -0.048195 
801 35.937977 0.000000 3.854535 107.944270 -0.000010 -2.688233 -0.154965 
802 37.125118 0.000000 3.854535 99.484504 0.000075 3.508341 0.011562 
803 35.937977 0.000000 4.959728 101.500984 0.000051 3.981957 -0.028365 
804 35.344407 0.000000 2.196747 115.198824 0.005012 -7.681243 -0.285739 
805 35.344407 0.000000 1.644151 112.636936 0.007437 -7.447836 -0.239165 
806 35.937977 0.000000 2.196747 109.774825 0.050620 -7.149198 -0.185960 
807 35.344407 0.000000 2.749343 109.959623 0.000188 -5.694896 -0.191060 
808 35.344407 0.000000 -2.224022 98.876971 -0.000116 -1.210670 0.022664 
809 35.344407 0.000000 -2.776618 100.808783 -0.000014 0.902386 -0.016066 
810 35.937977 0.000000 -2.224022 101.778474 -0.000015 -1.365578 -0.035243 
811 38.312258 0.000000 -0.566234 108.576245 -0.004615 2.533396 -0.167093 
812 38.312258 0.000000 -1.671426 108.128238 -0.005670 2.374891 -0.158620 
813 39.499399 0.000000 -0.566234 109.704284 0.006580 0.944764 -0.188951 
814 38.312258 0.000000 0.538958 108.419191 -0.000056 1.824040 -0.164374 
815 36.531548 0.000000 -1.118830 117.114589 -0.011878 3.309115 -0.323674 
816 36.531548 0.000000 -1.671426 117.063444 -0.011774 3.297473 -0.322776 
817 37.125118 0.000000 -1.118830 112.931759 -0.004725 3.262857 -0.248267 
818 36.531548 0.000000 -0.566234 116.031662 -0.009575 3.344641 -0.304419 
819 35.641192 0.000000 -1.395128 111.766565 -0.008689 2.633104 -0.227044 
820 35.344407 0.000000 -1.395128 107.392411 -0.003064 2.302758 -0.144563 
821 35.641192 0.000000 -1.671426 111.575110 -0.008416 2.618515 -0.223492 
822 35.937977 0.000000 -1.395128 117.474170 -0.014539 3.092150 -0.330119 
823 35.641192 0.000000 -1.118830 111.317259 -0.008825 2.614070 -0.218694 
824 35.344407 0.000000 1.091555 115.198824 0.005012 -7.681243 -0.285739 
825 35.344407 0.000000 0.538958 101.917478 0.001661 0.246839 -0.038175 
826 35.937977 0.000000 1.091555 110.001853 0.039316 -7.119406 -0.190290 
827 38.312258 0.000000 1.644151 117.881487 0.004087 -8.780126 -0.332239 
828 39.499399 0.000000 1.644151 116.390519 -0.230911 -7.968409 -0.306806 
829 38.312258 0.000000 2.749343 104.995451 0.002613 -1.278927 -0.098533 
830 36.531548 0.000000 2.196747 97.993976 -0.001424 2.947036 0.041183 
831 36.531548 0.000000 1.644151 111.045874 0.053806 -7.605873 -0.209332 
832 37.125118 0.000000 2.196747 102.812029 0.002295 -0.885944 -0.055795 
833 36.531548 0.000000 2.749343 100.364124 0.000703 1.125774 -0.007151 
834 35.641192 0.000000 1.920449 110.314775 0.023735 -7.078343 -0.196246 
835 35.344407 0.000000 1.920449 112.905905 0.007182 -7.472341 -0.244105 
836 35.641192 0.000000 1.644151 111.867026 0.014913 -7.302115 -0.225055 
837 35.937977 0.000000 1.920449 109.875333 0.038842 -7.039131 -0.187996 
838 35.641192 0.000000 2.196747 110.314775 0.023735 -7.078343 -0.196246 
839 38.312258 0.000000 -2.776618 97.022272 -0.000021 4.034383 0.061616 
840 38.312258 0.000000 -3.881811 95.206766 0.000009 2.056061 0.097213 
841 39.499399 0.000000 -2.776618 97.480382 -0.000867 2.510006 0.051308 
842 37.718688 0.000000 -1.118830 109.563890 -0.002829 2.879724 -0.185663 
843 37.718688 0.000000 -1.671426 109.809711 -0.003053 2.887048 -0.190300 
844 38.312258 0.000000 -1.118830 108.695692 -0.004538 2.538877 -0.169363 
845 37.718688 0.000000 -0.566234 109.797179 -0.003056 2.884219 -0.190065 
846 36.531548 0.000000 -0.013638 107.401232 -0.004586 0.044138 -0.145206 
847 35.937977 0.000000 -0.013638 116.264120 -0.000116 -3.268123 -0.308605 
848 37.125118 0.000000 -0.013638 115.553814 -0.000882 2.075034 -0.296398 
849 36.531548 0.000000 0.538958 107.401232 -0.004586 0.044138 -0.145206 
850 36.828333 0.000000 -0.842532 114.455065 -0.006725 3.329183 -0.276050 
851 36.531548 0.000000 -0.842532 116.994990 -0.011628 3.300602 -0.321565 
852 36.828333 0.000000 -1.118830 114.434512 -0.006661 3.330790 -0.275677 
853 37.125118 0.000000 -0.842532 112.532326 -0.004023 3.257587 -0.240913 
854 36.828333 0.000000 -0.566234 114.491966 -0.006978 3.316816 -0.276726 
855 36.234763 0.000000 -0.842532 117.940410 -0.013634 3.284340 -0.338213 
856 35.937977 0.000000 -0.842532 117.466635 -0.014533 3.091725 -0.329986 
857 36.234763 0.000000 -1.118830 117.256469 -0.013214 3.223628 -0.326221 
858 36.234763 0.000000 -0.566234 118.387832 -0.014597 3.236928 -0.346052 
859 36.531548 0.000000 -2.224022 90.405808 -0.000172 -2.947881 0.195999 
860 36.531548 0.000000 -2.776618 94.074636 0.000050 -0.626194 0.119879 
861 37.125118 0.000000 -2.224022 101.323045 -0.000047 3.705509 -0.025034 
862 36.828333 0.000000 -1.395128 114.462455 -0.006743 3.328958 -0.276184 
863 36.531548 0.000000 -1.395128 116.997026 -0.011633 3.300509 -0.321601 
864 36.828333 0.000000 -1.671426 114.506924 -0.007004 3.317087 -0.276997 
865 37.125118 0.000000 -1.395128 113.448194 -0.005463 3.281268 -0.257731 
866 36.679940 0.000000 -0.980681 115.729342 -0.008940 3.332337 -0.299018 
867 36.531548 0.000000 -0.980681 116.969101 -0.011573 3.301786 -0.321106 
868 36.679940 0.000000 -1.118830 115.549524 -0.008558 3.336816 -0.295791 
869 36.828333 0.000000 -0.980681 114.438879 -0.006677 3.330264 -0.275756 
870 36.679940 0.000000 -0.842532 115.235098 -0.007887 3.353703 -0.290131 
871 36.531548 0.000000 1.091555 112.403220 0.050897 -7.972979 -0.234169 
872 37.125118 0.000000 1.091555 116.329025 0.024366 -8.424960 -0.305135 
873 37.718688 0.000000 1.091555 117.778314 0.004349 -8.448988 -0.330847 
874 37.718688 0.000000 0.538958 108.096916 -0.030543 0.032027 -0.158520 
875 38.312258 0.000000 1.091555 117.876367 0.004133 -8.786109 -0.332141 
876 37.718688 0.000000 1.644151 117.530774 0.004039 -8.307016 -0.326656 
877 36.828333 0.000000 1.367853 114.823315 0.035699 -8.315199 -0.278137 
878 36.531548 0.000000 1.367853 111.434273 0.050795 -7.669296 -0.216522 
879 36.828333 0.000000 1.091555 114.709933 0.035308 -8.238553 -0.276178 
880 37.125118 0.000000 1.367853 117.151370 0.016353 -8.384606 -0.319840 
881 36.828333 0.000000 1.644151 114.763405 0.036388 -8.323948 -0.277038 
882 36.234763 0.000000 1.367853 109.877695 0.056391 -7.291497 -0.187729 
883 35.937977 0.000000 1.367853 109.883943 0.039888 -7.059094 -0.188135 
884 36.234763 0.000000 1.091555 109.151750 0.036128 -5.260927 -0.176177 
885 36.234763 0.000000 1.644151 109.917589 0.058630 -7.346681 -0.188415 
886 38.312258 0.000000 3.854535 102.113574 0.001059 2.349084 -0.041530 
887 39.499399 0.000000 3.854535 103.815609 -0.000380 0.956192 -0.075529 
888 38.312258 0.000000 4.959728 99.305789 -0.000112 5.380469 0.016832 
889 37.718688 0.000000 2.196747 103.972896 -0.003180 0.714345 -0.078652 
890 38.312258 0.000000 2.196747 103.975952 -0.004737 -2.647395 -0.078099 
891 37.718688 0.000000 2.749343 106.596498 -0.002621 -1.429920 -0.129541 
892 36.828333 0.000000 1.920449 114.645162 0.037046 -8.302556 -0.274917 
893 36.531548 0.000000 1.920449 112.403220 0.050897 -7.972979 -0.234169 
894 37.125118 0.000000 1.920449 117.054402 0.017298 -8.389365 -0.318113 
895 36.828333 0.000000 2.196747 100.703598 0.002677 -0.270271 -0.014043 
896 36.679940 0.000000 1.506002 113.913228 0.043519 -8.302230 -0.261561 
897 36.531548 0.000000 1.506002 111.437330 0.050795 -7.670254 -0.216578 
898 36.679940 0.000000 1.367853 113.629686 0.044905 -8.240405 -0.256446 
899 36.828333 0.000000 1.506002 114.811595 0.035959 -8.323791 -0.277913 
900 36.679940 0.000000 1.644151 113.997158 0.043109 -8.320531 -0.263073 
901 37.718688 0.000000 -0.013638 108.096916 -0.030543 0.032027 -0.158520 
902 38.312258 0.000000 -0.013638 107.377598 0.000371 1.285516 -0.144605 
903 37.421903 0.000000 -0.842532 111.655887 -0.003660 3.155010 -0.224736 
904 37.421903 0.000000 -1.118830 111.707049 -0.003546 3.172342 -0.225678 
905 37.718688 0.000000 -0.842532 109.596657 -0.002855 2.881388 -0.186281 
906 37.421903 0.000000 -0.566234 110.573938 -0.002841 3.059574 -0.204586 
907 37.421903 0.000000 1.367853 117.027524 0.013045 -8.274275 -0.317781 
908 37.421903 0.000000 1.091555 117.001987 0.013459 -8.279784 -0.317320 
909 37.718688 0.000000 1.367853 117.570694 0.003994 -8.332359 -0.327330 
910 37.421903 0.000000 1.644151 117.221107 0.012476 -8.298747 -0.321185 
911 51.370803 0.000000 -1.671426 100.056221 0.007224 7.089289 0.003907 
912 51.370803 0.000000 -6.092195 98.522720 0.019892 5.917683 0.033219 
913 56.119364 0.000000 -1.671426 106.528043 0.006919 2.969750 -0.127606 
914 51.370803 0.000000 2.749343 102.079479 0.005264 4.465197 -0.039455 
915 44.247960 0.000000 0.538958 131.488650 0.002624 -38.177713 -0.470802 
916 44.247960 0.000000 -1.671426 90.805294 -0.008848 2.497486 0.187508 
917 46.622241 0.000000 0.538958 126.927820 0.022690 -23.514177 -0.453295 
918 44.247960 0.000000 2.749343 97.887472 -0.004218 1.688648 0.042731 
919 40.686539 0.000000 -0.566234 115.164109 0.033473 0.354078 -0.289722 
920 40.686539 0.000000 -1.671426 116.075196 0.032814 0.512741 -0.306036 
921 41.873679 0.000000 -0.566234 124.414214 0.022440 1.932705 -0.447936 
922 40.686539 0.000000 0.538958 105.182810 -0.483272 -7.627219 -0.096918 
923 38.905828 0.000000 -1.118830 107.950030 -0.006834 1.834247 -0.155417 
924 38.905828 0.000000 -1.671426 107.598444 -0.007137 1.906071 -0.148664 
925 39.499399 0.000000 -1.118830 109.712839 0.006086 0.950395 -0.189112 
926 38.905828 0.000000 -0.566234 107.598444 -0.007137 1.906071 -0.148664 
927 40.686539 0.000000 1.644151 105.367228 -0.512180 -7.183436 -0.101127 
928 41.873679 0.000000 1.644151 112.784940 -0.219812 -5.014735 -0.244378 
929 40.686539 0.000000 2.749343 103.202903 -0.006529 0.693586 -0.063527 
930 38.905828 0.000000 1.091555 116.093822 -0.022608 -8.501910 -0.300821 
931 38.905828 0.000000 0.538958 111.485370 -0.004682 3.048264 -0.221620 
932 39.499399 0.000000 1.091555 116.426751 -0.240445 -7.954836 -0.307469 
933 38.905828 0.000000 1.644151 116.071226 -0.023971 -8.500346 -0.300417 
934 44.247960 0.000000 -3.881811 103.771168 0.004125 4.105676 -0.073148 
935 44.247960 0.000000 -6.092195 96.553553 0.000625 2.927115 0.070309 
936 46.622241 0.000000 -3.881811 92.994181 0.019897 2.679633 0.142708 
937 40.686539 0.000000 -2.776618 99.604937 0.001054 2.918340 0.008765 
938 40.686539 0.000000 -3.881811 99.156822 0.000175 3.695198 0.018277 
939 41.873679 0.000000 -2.776618 97.677183 0.000749 5.150166 0.049424 
940 40.092969 0.000000 -1.118830 111.467956 0.022144 0.323597 -0.222063 
941 40.092969 0.000000 -1.671426 105.535134 0.018052 2.436376 -0.108637 
942 40.686539 0.000000 -1.118830 114.423108 0.032196 0.299954 -0.276342 
943 40.092969 0.000000 -0.566234 111.506795 0.021692 0.365666 -0.222782 
944 38.905828 0.000000 -0.013638 115.928367 0.000934 5.109241 -0.301422 
945 39.499399 0.000000 -0.013638 111.431400 0.000548 1.993886 -0.221059 
946 39.202614 0.000000 -0.842532 108.338935 -0.003702 1.561896 -0.162922 
947 38.905828 0.000000 -0.842532 107.917754 -0.006762 1.897713 -0.154779 
948 39.202614 0.000000 -1.118830 108.267885 -0.004586 1.583020 -0.161562 
949 39.499399 0.000000 -0.842532 109.707819 0.006094 0.951739 -0.189017 
950 39.202614 0.000000 -0.566234 108.305143 -0.003859 1.577603 -0.162274 
951 40.092969 0.000000 1.091555 113.434173 -0.445937 -7.332716 -0.253983 
952 40.092969 0.000000 0.538958 111.491767 -0.510655 -7.057684 -0.218330 
953 40.686539 0.000000 1.091555 105.334147 -0.506995 -7.263040 -0.100375 
954 40.092969 0.000000 1.644151 111.491767 -0.510655 -7.057684 -0.218330 
955 38.905828 0.000000 2.196747 103.506720 0.005143 -0.255766 -0.069543 
956 39.499399 0.000000 2.196747 101.243925 -0.005448 1.582026 -0.024563 
957 38.905828 0.000000 2.749343 100.686952 -0.003059 2.079626 -0.013290 
958 39.202614 0.000000 1.367853 116.081241 -0.068275 -8.367120 -0.300770 
959 38.905828 0.000000 1.367853 116.014361 -0.027400 -8.496411 -0.299402 
960 39.202614 0.000000 1.091555 116.139144 -0.080738 -8.323547 -0.301865 
961 39.499399 0.000000 1.367853 116.400852 -0.235548 -7.955428 -0.307006 
962 39.202614 0.000000 1.644151 116.146730 -0.076155 -8.336372 -0.301984 
963 51.370803 0.000000 7.170112 95.688102 -0.002028 10.472071 0.098663 
964 56.119364 0.000000 7.170112 99.670086 0.001427 4.504507 0.008643 
965 51.370803 0.000000 11.590882 102.189475 -0.026982 4.588040 -0.041528 
966 44.247960 0.000000 4.959728 99.107375 -0.000658 5.140256 0.020566 
967 46.622241 0.000000 4.959728 101.436755 -0.021604 2.355818 -0.028098 
968 44.247960 0.000000 7.170112 101.323831 -0.001737 4.594968 -0.024324 
969 43.060820 0.000000 1.644151 100.653366 -0.001811 -10.189768 -0.002724 
970 43.060820 0.000000 0.538958 101.461664 -0.178807 -20.154540 0.011222 
971 44.247960 0.000000 1.644151 88.968045 -0.003952 11.213636 0.239197 
972 43.060820 0.000000 2.749343 106.138714 -0.000549 -18.591053 -0.088974 
973 41.280109 0.000000 1.091555 104.896220 -0.438348 -8.316874 -0.090288 
974 41.280109 0.000000 0.538958 104.687848 -0.405685 -8.818302 -0.085399 
975 41.873679 0.000000 1.091555 110.649035 -0.281759 -2.994593 -0.206020 
976 41.280109 0.000000 1.644151 104.687848 -0.405685 -8.818302 -0.085399 
977 43.060820 0.000000 -0.566234 148.550802 0.068295 5.674704 -0.719795 
978 43.060820 0.000000 -1.671426 100.909885 -0.001483 18.162742 0.014786 
979 44.247960 0.000000 -0.566234 152.498331 -0.148592 10.847311 -0.719795 
980 43.060820 0.000000 -2.776618 102.277072 0.001588 9.020204 -0.037409 
981 43.060820 0.000000 -3.881811 97.781771 0.001986 2.948720 0.045467 
982 44.247960 0.000000 -2.776618 106.954852 0.000713 -1.074964 -0.136526 
983 42.467250 0.000000 -1.118830 141.279846 0.044059 3.537693 -0.687663 
984 41.873679 0.000000 -1.118830 125.151014 0.021352 2.056899 -0.459784 
985 42.467250 0.000000 -1.671426 143.849846 0.048382 3.754904 -0.717964 
986 43.060820 0.000000 -1.118830 147.290447 0.062956 5.159994 -0.719795 
987 42.467250 0.000000 -0.566234 139.124766 0.040435 3.355550 -0.660932 
988 42.467250 0.000000 1.091555 105.458051 -0.210006 -9.267784 -0.099744 
989 42.467250 0.000000 0.538958 102.880976 -0.206557 -10.763702 -0.046074 
990 43.060820 0.000000 1.091555 100.922112 -0.179728 -19.922948 0.021330 
991 42.467250 0.000000 1.644151 104.081721 0.000051 -39.050777 0.070937 
992 48.996522 0.000000 0.538958 103.034749 0.024468 1.600982 -0.060016 
993 48.996522 0.000000 -1.671426 112.980074 0.002886 8.980013 -0.243447 
994 51.370803 0.000000 0.538958 101.872824 -0.001860 5.656352 -0.034179 
995 48.996522 0.000000 2.749343 100.201755 0.008556 5.248136 -0.001284 
996 45.435101 0.000000 -0.566234 181.821601 -0.691779 23.836054 -0.719795 
997 45.435101 0.000000 -1.671426 81.753459 -0.078476 -19.691631 0.422478 
998 46.622241 0.000000 -0.566234 203.047231 -0.239185 -25.493641 -0.719795 
999 45.435101 0.000000 0.538958 162.767966 0.045856 -60.667390 -0.719795 
1000 43.654390 0.000000 -1.118830 149.774913 0.042047 8.227675 -0.719795 
1001 43.654390 0.000000 -1.671426 81.529759 -0.001466 -22.677713 0.443595 
1002 44.247960 0.000000 -1.118830 150.368896 -0.134853 10.868380 -0.719795 
1003 43.654390 0.000000 -0.566234 149.905739 0.043784 8.203850 -0.719795 
1004 45.435101 0.000000 1.644151 123.960284 -0.022607 -13.707190 -0.428356 
1005 46.622241 0.000000 1.644151 100.150815 0.028796 -2.889650 -0.002182 
1006 45.435101 0.000000 2.749343 108.017097 -0.074547 -5.593753 -0.154226 
1007 44.841530 0.000000 -0.013638 158.153721 0.057822 -42.977662 -0.719795 
1008 44.247960 0.000000 -0.013638 132.917006 0.000302 -38.529525 -0.492613 
1009 44.841530 0.000000 -0.566234 164.123439 -0.377928 16.584071 -0.719795 
1010 45.435101 0.000000 -0.013638 169.022058 -0.123747 -34.584862 -0.719795 
1011 44.841530 0.000000 0.538958 161.075163 0.052578 -54.378078 -0.719795 
1012 -200.302961 0.000000 -209.447580 99.619470 0.000000 8.715574 0.015276 
1013 -276.279947 0.000000 -209.447580 99.619470 0.000000 8.715574 0.015276 
1014 -200.302961 0.000000 -280.179887 99.619470 0.000000 8.715574 0.015276 
1015 255.558951 0.000000 -209.447580 99.642772 0.001298 8.704592 0.014787 
1016 255.558951 0.000000 -280.179887 99.256517 -0.000002 8.417040 0.022072 
1017 331.535936 0.000000 -209.447580 99.627688 0.001085 8.696911 0.015077 
1018 -200.302961 0.000000 214.946266 99.619470 0.000000 8.715574 0.015276 
1019 -276.279947 0.000000 214.946266 99.619470 0.000000 8.715574 0.015276 
1020 -200.302961 0.000000 285.678573 99.619470 0.000000 8.715574 0.015276 
1021 -86.337483 0.000000 -103.349118 99.619470 0.000000 8.715574 0.015276 
1022 -124.325976 0.000000 -103.349118 99.619470 0.000000 8.715574 0.015276 
1023 -86.337483 0.000000 -138.715272 99.619470 0.000000 8.715574 0.015276 
1024 103.604980 0.000000 214.946266 99.619470 0.000000 8.715574 0.015276 
1025 179.581965 0.000000 214.946266 99.633556 0.000726 8.703900 0.014971 
1026 103.604980 0.000000 285.678573 99.619470 0.000000 8.715574 0.015276 
1027 141.593473 0.000000 -103.349118 99.724211 0.002707 8.675297 0.013096 
1028 141.593473 0.000000 -138.715272 98.990166 -0.000003 8.183344 0.027051 
1029 179.581965 0.000000 -103.349118 99.653915 0.002195 8.639369 0.014448 
1030 -86.337483 0.000000 108.847804 99.619470 0.000000 8.715574 0.015276 
1031 -124.325976 0.000000 108.847804 99.619470 0.000000 8.715574 0.015276 
1032 -86.337483 0.000000 144.213958 99.619470 0.000000 8.715574 0.015276 
1033 -29.354744 0.000000 -50.299888 99.619470 0.000000 8.715574 0.015276 
1034 -48.348991 0.000000 -50.299888 99.619470 0.000000 8.715574 0.015276 
1035 -29.354744 0.000000 -67.982965 99.619470 0.000000 8.715574 0.015276 
1036 65.616487 0.000000 108.847804 99.619470 0.000000 8.715574 0.015276 
1037 103.604980 0.000000 108.847804 99.986826 0.000173 8.415115 0.007364 
1038 65.616487 0.000000 144.213958 99.619470 0.000000 8.715574 0.015276 
1039 84.610734 0.000000 -50.299888 98.694347 0.005769 7.463229 0.031872 
1040 84.610734 0.000000 -67.982965 97.300551 -0.000008 6.766166 0.059053 
1041 103.604980 0.000000 -50.299888 99.779604 0.004487 8.415031 0.011532 
1042 -29.354744 0.000000 55.798574 99.619470 0.000000 8.715574 0.015276 
1043 -48.348991 0.000000 55.798574 99.619470 0.000000 8.715574 0.015276 
1044 -29.354744 0.000000 73.481651 99.619470 0.000000 8.715574 0.015276 
1045 -19.857621 0.000000 -23.775272 99.619470 0.000000 8.715574 0.015276 
1046 -29.354744 0.000000 -23.775272 99.619470 0.000000 8.715574 0.015276 
1047 -19.857621 0.000000 -32.616811 99.619470 0.000000 8.715574 0.015276 
1048 46.622241 0.000000 55.798574 98.937457 0.021804 9.265864 0.030043 
1049 65.616487 0.000000 55.798574 99.915970 -0.000105 8.427662 0.008810 
1050 46.622241 0.000000 73.481651 99.619470 0.000000 8.715574 0.015276 
1051 -0.863375 0.000000 29.273958 99.619470 0.000000 8.715574 0.015276 
1052 -10.360498 0.000000 29.273958 99.619470 0.000000 8.715574 0.015276 
1053 -0.863375 0.000000 38.115497 99.619470 0.000000 8.715574 0.015276 
1054 56.119364 0.000000 -23.775272 96.835681 -0.000087 5.746864 0.067151 
1055 56.119364 0.000000 -32.616811 96.678637 -0.000008 6.057367 0.070724 
1056 65.616487 0.000000 -23.775272 99.915614 0.008262 7.212616 0.006906 
1057 -19.857621 0.000000 29.273958 99.619470 0.000000 8.715574 0.015276 
1058 -29.354744 0.000000 29.273958 99.619470 0.000000 8.715574 0.015276 
1059 -19.857621 0.000000 38.115497 99.619470 0.000000 8.715574 0.015276 
1060 37.125118 0.000000 29.273958 99.777119 -0.001057 8.526121 0.011772 
1061 46.622241 0.000000 29.273958 101.182573 -0.000066 7.266449 -0.018388 
1062 37.125118 0.000000 38.115497 99.641262 -0.002172 8.688314 0.014789 
1063 13.382310 0.000000 16.011651 99.881733 0.000571 8.506185 0.009633 
1064 8.633748 0.000000 16.011651 99.619470 0.000000 8.715574 0.015276 
1065 13.382310 0.000000 20.432420 99.619470 0.000000 8.715574 0.015276 
1066 -3.237656 0.000000 4.959728 99.619470 0.000000 8.715574 0.015276 
1067 -5.611936 0.000000 4.959728 99.619470 0.000000 8.715574 0.015276 
1068 -3.237656 0.000000 7.170112 99.619470 0.000000 8.715574 0.015276 
1069 2.104476 0.000000 -1.118830 43.965741 0.135261 -5.362531 1.073820 
1070 2.104476 0.000000 -1.671426 43.687513 0.258443 -5.879551 1.078933 
1071 2.104476 0.000000 -0.566234 44.108848 0.081033 -5.230532 1.071455 
1072 3.291617 0.000000 -0.013638 65.340001 1.387813 19.898340 0.760260 
1073 2.698046 0.000000 -0.013638 57.873754 1.564743 21.937076 0.915964 
1074 3.885187 0.000000 -0.013638 81.894005 8.025977 -9.785831 0.390454 
1075 2.104476 0.000000 -0.013638 23.452832 0.791585 9.733425 1.329136 
1076 2.104476 0.000000 0.538958 23.102793 1.092624 9.091587 1.330014 
1077 4.478757 0.000000 -1.118830 51.267545 0.687481 -1.884209 0.954749 
1078 4.478757 0.000000 -1.671426 47.109771 0.955108 -1.349805 1.021548 
1079 4.478757 0.000000 -0.566234 49.490820 0.953311 -1.602276 0.983789 
1080 5.665897 0.000000 -0.013638 82.339355 -0.262540 6.859856 0.366997 
1081 5.072327 0.000000 -0.013638 68.144181 -0.248751 19.136920 0.700073 
1082 6.259468 0.000000 -0.013638 89.183180 -0.203158 11.078119 0.234384 
1083 4.478757 0.000000 -0.013638 79.728448 0.996809 9.305526 0.425936 
1084 2.104476 0.000000 1.091555 123.805561 1.382882 -10.447997 -0.430922 
1085 1.510906 0.000000 1.091555 101.892026 0.005590 6.850975 -0.033103 
1086 2.104476 0.000000 1.644151 101.212034 0.004994 7.315653 -0.018906 
1087 15.756591 0.000000 9.380497 99.466358 0.018006 8.625539 0.018202 
1088 13.382310 0.000000 9.380497 99.357484 0.002255 8.816966 0.020736 
1089 15.756591 0.000000 11.590882 100.230546 -0.008051 8.129914 0.001995 
1090 11.008029 0.000000 9.380497 100.438294 0.120990 8.194861 -0.002067 
1091 8.633748 0.000000 9.380497 103.548498 -0.161802 5.710523 -0.067270 
1092 11.008029 0.000000 11.590882 97.025101 0.102270 10.812027 0.072101 
1093 5.072327 0.000000 3.854535 102.312499 0.209453 7.058300 -0.041173 
1094 3.885187 0.000000 3.854535 100.490678 0.002388 7.980459 -0.003465 
1095 5.072327 0.000000 4.959728 107.773847 -0.282131 2.623501 -0.151727 
1096 6.853038 0.000000 -0.013638 73.001680 -0.294224 14.889538 0.581604 
1097 7.446608 0.000000 -0.013638 94.236603 -0.018837 8.171503 0.123776 
1098 6.853038 0.000000 0.538958 94.523778 -0.205959 6.743551 0.115590 
1099 6.853038 0.000000 1.091555 87.596715 0.253061 16.780092 0.286268 
1100 7.446608 0.000000 1.091555 97.685125 0.082739 3.427537 0.047736 
1101 6.853038 0.000000 1.644151 87.498362 0.254206 17.021598 0.289313 
1102 16.943731 0.000000 1.644151 109.247352 0.004539 -0.328453 -0.180383 
1103 15.756591 0.000000 1.644151 112.463738 0.012785 0.390539 -0.240505 
1104 18.130872 0.000000 1.644151 103.592893 0.034967 2.405736 -0.070694 
1105 14.569450 0.000000 1.644151 108.615254 0.017555 5.873299 -0.165373 
1106 16.943731 0.000000 -2.776618 99.818536 -0.034393 7.689884 0.009572 
1107 16.943731 0.000000 -3.881811 99.282650 -0.031892 7.945154 0.020762 
1108 11.601599 0.000000 -2.224022 99.032720 0.117198 4.456306 0.021402 
1109 11.601599 0.000000 -2.776618 99.266034 -0.033207 7.968463 0.021134 
1110 12.195170 0.000000 -2.224022 99.032720 0.117198 4.456306 0.021402 
1111 10.414459 0.000000 3.301939 97.389541 -0.192918 16.943194 0.082583 
1112 11.008029 0.000000 3.301939 98.773940 0.057217 7.756223 0.030721 
1113 10.414459 0.000000 3.854535 100.019839 -0.041752 7.373716 0.005050 
1114 32.376556 0.000000 16.011651 100.130270 0.000379 7.903586 0.003644 
1115 37.125118 0.000000 16.011651 102.534995 -0.000118 5.752499 -0.047209 
1116 32.376556 0.000000 20.432420 100.594773 0.001987 7.795521 -0.005842 
1117 25.253714 0.000000 9.380497 98.870340 0.001476 8.067885 0.029278 
1118 27.627995 0.000000 9.380497 100.279778 0.000311 7.155730 -0.000483 
1119 25.253714 0.000000 11.590882 101.581233 0.003839 6.742767 -0.027060 
1120 19.318012 0.000000 1.644151 103.762956 0.011635 1.655156 -0.074323 
1121 19.318012 0.000000 6.064920 99.547567 -0.004552 7.236252 0.014338 
1122 18.130872 0.000000 6.064920 100.048055 -0.025994 6.772975 0.003631 
1123 19.318012 0.000000 7.170112 99.667667 -0.014000 7.641740 0.012531 
1124 19.911582 0.000000 -0.013638 105.894426 0.007429 0.126894 -0.116151 
1125 19.318012 0.000000 -0.013638 101.991168 0.019578 3.331144 -0.038563 
1126 19.911582 0.000000 0.538958 105.894426 0.007429 0.126894 -0.116151 
1127 22.285863 0.000000 -0.013638 103.498229 -0.005482 1.231533 -0.069239 
1128 22.879433 0.000000 -0.013638 104.253422 -0.001184 -0.901508 -0.084118 
1129 22.285863 0.000000 0.538958 98.529340 -0.007255 -10.457501 0.040716 
1130 19.911582 0.000000 -2.224022 106.314764 -0.009716 3.374775 -0.123251 
1131 19.318012 0.000000 -2.224022 97.458098 0.000019 4.067180 0.052821 
1132 19.911582 0.000000 -2.776618 98.465502 0.001979 5.847049 0.034288 
1133 24.660144 0.000000 -1.118830 100.070388 0.014033 -3.098504 -0.000448 
1134 24.660144 0.000000 -1.671426 99.710017 0.017685 -3.010913 0.006714 
1135 24.660144 0.000000 -0.566234 100.065355 0.014454 -3.065845 -0.000368 
1136 23.473003 0.000000 -0.013638 103.991054 -0.002149 -1.220180 -0.078915 
1137 24.066573 0.000000 -0.013638 103.412161 -0.000435 -1.474455 -0.067484 
1138 23.473003 0.000000 0.538958 104.817327 -0.004451 -0.112242 -0.095211 
1139 21.989078 0.000000 -0.842532 104.567389 -0.012214 2.555356 -0.089723 
1140 22.285863 0.000000 -0.842532 103.433976 -0.005117 1.150006 -0.067994 
1141 21.989078 0.000000 -0.566234 104.518275 -0.012228 2.575821 -0.088753 
1142 20.950330 0.000000 -0.980681 102.436946 -0.015111 3.884731 -0.047006 
1143 20.801937 0.000000 -0.980681 103.291687 -0.013437 3.832219 -0.063921 
1144 20.950330 0.000000 -0.842532 103.027015 -0.013370 3.920796 -0.058638 
1145 30.002275 0.000000 9.380497 101.492327 -0.000012 5.891706 -0.026344 
1146 32.376556 0.000000 9.380497 102.397408 -0.000046 4.812205 -0.045444 
1147 30.002275 0.000000 11.590882 100.487396 -0.000355 7.284899 -0.004458 
1148 24.066573 0.000000 6.064920 97.909271 0.002885 7.556248 0.047891 
1149 25.253714 0.000000 6.064920 99.838388 0.001024 6.129549 0.007004 
1150 24.066573 0.000000 7.170112 97.884415 0.002380 7.934652 0.049001 
1151 21.098722 0.000000 4.407132 110.924872 0.007047 -5.305304 -0.209573 
1152 20.505152 0.000000 4.407132 98.321213 0.014497 5.444757 0.036734 
1153 21.098722 0.000000 4.959728 119.166269 0.009340 -10.867317 -0.351724 
1154 23.473003 0.000000 -2.224022 91.506579 0.000572 -2.129330 0.172912 
1155 23.473003 0.000000 -2.776618 92.551353 0.004136 0.571454 0.151020 
1156 24.066573 0.000000 -2.224022 93.094540 0.002429 -1.123123 0.140003 
1157 24.660144 0.000000 3.301939 109.850778 0.271922 -5.324532 -0.189349 
1158 24.660144 0.000000 2.749343 110.191860 0.278613 -5.412702 -0.195701 
1159 24.660144 0.000000 3.854535 101.513764 -0.000339 0.562750 -0.030140 
1160 23.473003 0.000000 4.407132 100.882079 0.002088 2.466842 -0.017006 
1161 24.066573 0.000000 4.407132 98.347730 0.002349 5.302453 0.036042 
1162 23.473003 0.000000 4.959728 101.554214 0.003752 2.490242 -0.030368 
1163 51.370803 0.000000 -10.512965 97.370980 0.027471 4.241368 0.054734 
1164 51.370803 0.000000 -14.933734 96.646980 0.000468 4.839311 0.069973 
1165 56.119364 0.000000 -10.512965 101.435670 0.016763 5.960357 -0.025136 
1166 30.595846 0.000000 -1.118830 90.943561 0.025006 -2.528097 0.184684 
1167 30.595846 0.000000 -1.671426 90.815877 0.019234 -2.598652 0.187349 
1168 30.595846 0.000000 -0.566234 89.371916 0.010171 -1.698566 0.216607 
1169 30.595846 0.000000 2.196747 152.152253 -0.106684 -6.917256 -0.719795 
1170 30.595846 0.000000 1.644151 152.152253 -0.106684 -6.917256 -0.719795 
1171 30.595846 0.000000 2.749343 152.152253 -0.106684 -6.917256 -0.719795 
1172 34.157267 0.000000 -0.013638 99.991815 0.000889 0.241094 0.000170 
1173 33.563697 0.000000 -0.013638 124.534078 -0.000233 -6.172651 -0.447641 
1174 34.750837 0.000000 -0.013638 99.926594 0.000863 0.240900 0.001474 
1175 32.970126 0.000000 -0.013638 101.946306 0.000727 0.223224 -0.038747 
1176 32.376556 0.000000 -0.013638 105.151547 0.000565 0.279609 -0.101718 
1177 32.970126 0.000000 0.538958 101.943352 0.000727 0.223075 -0.038689 
1178 32.970126 0.000000 1.091555 105.638365 -0.009609 -4.865114 -0.109011 
1179 32.376556 0.000000 1.091555 101.860186 0.000731 0.218881 -0.037040 
1180 32.970126 0.000000 -2.224022 109.164555 0.000255 -4.078180 -0.177380 
1181 32.376556 0.000000 -2.224022 97.476720 -0.000183 -7.130428 0.056007 
1182 32.970126 0.000000 -2.776618 106.995321 0.000000 -1.917785 -0.137078 
1183 35.344407 0.000000 -0.013638 101.917478 0.001661 0.246839 -0.038175 
1184 35.641192 0.000000 -0.842532 111.737592 -0.008647 2.630896 -0.226507 
1185 35.344407 0.000000 -0.842532 108.800606 -0.005940 2.435914 -0.171403 
1186 35.641192 0.000000 -0.566234 114.546170 -0.012642 2.844906 -0.277938 
1187 40.686539 0.000000 3.854535 102.098654 -0.002690 2.107077 -0.041339 
1188 41.873679 0.000000 3.854535 100.656350 0.000877 3.068202 -0.012175 
1189 40.686539 0.000000 4.959728 102.923559 -0.001067 2.473532 -0.057483 
1190 36.234763 0.000000 -1.395128 117.109774 -0.013397 3.175961 -0.323654 
1191 36.234763 0.000000 -1.671426 118.387832 -0.014597 3.236928 -0.346052 
1192 35.641192 0.000000 1.367853 112.138704 0.016743 -7.303493 -0.230105 
1193 35.344407 0.000000 1.367853 113.412184 0.006703 -7.518467 -0.253372 
1194 35.641192 0.000000 1.091555 110.314775 0.023735 -7.078343 -0.196246 
1195 36.234763 0.000000 1.920449 109.885271 0.056816 -7.301976 -0.187860 
1196 36.234763 0.000000 2.196747 99.219739 0.001032 0.234144 0.015637 
1197 37.718688 0.000000 -2.224022 97.267332 0.000225 4.374041 0.056951 
1198 37.718688 0.000000 -2.776618 95.580723 -0.000362 2.864357 0.090028 
1199 38.312258 0.000000 -2.224022 94.599132 -0.000539 -0.016229 0.109137 
1200 37.421903 0.000000 -1.395128 111.671526 -0.003672 3.156390 -0.225026 
1201 37.421903 0.000000 -1.671426 110.573938 -0.002841 3.059574 -0.204586 
1202 37.718688 0.000000 -1.395128 109.615826 -0.002866 2.883015 -0.186642 
1203 37.421903 0.000000 1.920449 117.434632 0.006447 -8.186451 -0.325106 
1204 37.718688 0.000000 1.920449 117.748191 0.004532 -8.425977 -0.330345 
1205 37.421903 0.000000 2.196747 104.469395 -0.003448 -0.616571 -0.088383 
1206 48.996522 0.000000 -3.881811 110.772831 0.018182 17.160374 -0.183953 
1207 48.996522 0.000000 -6.092195 89.617613 0.035131 -3.213012 0.212405 
1208 51.370803 0.000000 -3.881811 101.033764 0.019210 8.321618 -0.013788 
1209 41.280109 0.000000 -1.118830 117.567481 0.031735 0.772617 -0.332430 
1210 41.280109 0.000000 -1.671426 118.643263 0.030957 0.959961 -0.351198 
1211 41.280109 0.000000 -0.566234 117.254383 0.031962 0.718092 -0.326927 
1212 41.280109 0.000000 -0.013638 120.695792 -0.000804 -4.044299 -0.385352 
1213 40.686539 0.000000 -0.013638 115.945592 0.000954 2.010846 -0.303432 
1214 41.873679 0.000000 -0.013638 101.844755 0.000144 -94.286085 1.145917 
1215 40.092969 0.000000 -0.013638 108.811526 -0.001133 -1.036470 -0.172034 
1216 40.092969 0.000000 2.196747 99.312485 0.000232 2.745222 0.014532 
1217 40.686539 0.000000 2.196747 106.439227 0.005271 -3.748585 -0.125415 
1218 40.092969 0.000000 2.749343 100.009214 0.000654 2.609477 0.000497 
1219 45.435101 0.000000 -2.776618 74.808570 -0.017995 -4.520410 0.517433 
1220 45.435101 0.000000 -3.881811 85.074203 0.002649 2.875371 0.305814 
1221 46.622241 0.000000 -2.776618 94.453981 0.007955 3.558759 0.113465 
1222 48.996522 0.000000 4.959728 110.499651 0.004738 -4.053067 -0.202592 
1223 51.370803 0.000000 4.959728 102.880020 0.021530 4.055866 -0.055633 
1224 48.996522 0.000000 7.170112 106.907882 -0.028135 0.191648 -0.135722 
1225 43.060820 0.000000 3.854535 97.985734 -0.000292 5.035635 0.043067 
1226 44.247960 0.000000 3.854535 102.567279 -0.002119 -4.147598 -0.049381 
1227 43.060820 0.000000 4.959728 101.545775 0.001528 3.296280 -0.029744 
1228 45.435101 0.000000 3.854535 107.504718 -0.039559 -3.721133 -0.145955 
1229 46.622241 0.000000 3.854535 95.480653 -0.054693 8.044648 0.098097 
1230 45.435101 0.000000 4.959728 100.354584 -0.004756 2.099787 -0.006647 
1231 43.654390 0.000000 -0.013638 140.022012 -0.001288 19.373476 -0.655714 
1232 43.060820 0.000000 -0.013638 87.360953 -0.000055 -49.808087 0.575546 
1233 43.654390 0.000000 0.538958 117.505065 -0.110388 -27.752343 -0.271951 
1234 42.467250 0.000000 -0.013638 37.139244 -0.000279 -25.688053 1.280905 
1235 44.841530 0.000000 -1.118830 156.285078 -0.336357 15.593900 -0.719795 
1236 44.841530 0.000000 -1.671426 92.929963 -0.014771 6.359380 0.147692 
1237 45.435101 0.000000 -1.118830 181.384196 -0.692125 23.982351 -0.719795 
1238 255.558951 0.000000 214.946266 99.602575 -0.001469 8.696058 0.015581 
1239 331.535936 0.000000 214.946266 99.617035 -0.001319 8.684801 0.015270 
1240 255.558951 0.000000 285.678573 99.825273 0.000000 8.545601 0.010836 
1241 141.593473 0.000000 108.847804 99.549223 -0.003098 8.647033 0.016570 
1242 179.581965 0.000000 108.847804 99.608194 -0.002667 8.601891 0.015304 
1243 141.593473 0.000000 144.213958 100.413875 -0.000004 8.080372 -0.001764 
1244 84.610734 0.000000 55.798574 101.336184 0.003841 7.088375 -0.021706 
1245 103.604980 0.000000 55.798574 99.582935 -0.005522 8.327593 0.015343 
1246 84.610734 0.000000 73.481651 100.715150 0.000014 7.785440 -0.008268 
1247 3.885187 0.000000 16.011651 99.619470 0.000000 8.715574 0.015276 
1248 -0.863375 0.000000 16.011651 99.619470 0.000000 8.715574 0.015276 
1249 3.885187 0.000000 20.432420 99.619470 0.000000 8.715574 0.015276 
1250 -5.611936 0.000000 16.011651 99.619470 0.000000 8.715574 0.015276 
1251 -10.360498 0.000000 16.011651 99.619470 0.000000 8.715574 0.015276 
1252 -5.611936 0.000000 20.432420 99.619470 0.000000 8.715574 0.015276 
1253 56.119364 0.000000 29.273958 103.219451 0.000011 5.344194 -0.061173 
1254 65.616487 0.000000 29.273958 100.899730 -0.022707 6.734094 -0.013475 
1255 56.119364 0.000000 38.115497 96.654610 0.000008 10.774425 0.079578 
1256 6.259468 0.000000 9.380497 99.619470 0.000000 8.715574 0.015276 
1257 3.885187 0.000000 9.380497 99.619470 0.000000 8.715574 0.015276 
1258 6.259468 0.000000 11.590882 99.619470 0.000000 8.715574 0.015276 
1259 1.510906 0.000000 9.380497 99.619470 0.000000 8.715574 0.015276 
1260 -0.863375 0.000000 9.380497 99.619470 0.000000 8.715574 0.015276 
1261 1.510906 0.000000 11.590882 99.619470 0.000000 8.715574 0.015276 
1262 -3.237656 0.000000 9.380497 99.619470 0.000000 8.715574 0.015276 
1263 -5.611936 0.000000 9.380497 99.619470 0.000000 8.715574 0.015276 
1264 -3.237656 0.000000 11.590882 99.619470 0.000000 8.715574 0.015276 
1265 2.698046 0.000000 3.854535 99.619470 0.000000 8.715574 0.015276 
1266 1.510906 0.000000 3.854535 99.619470 0.000000 8.715574 0.015276 
1267 2.698046 0.000000 4.959728 99.619470 0.000000 8.715574 0.015276 
1268 0.917336 0.000000 1.091555 99.619470 0.000000 8.715574 0.015276 
1269 0.323766 0.000000 1.091555 99.619470 0.000000 8.715574 0.015276 
1270 0.917336 0.000000 1.644151 99.619470 0.000000 8.715574 0.015276 
1271 41.873679 0.000000 16.011651 101.165955 0.000022 6.493519 -0.019106 
1272 46.622241 0.000000 16.011651 100.981364 0.000021 6.383565 -0.015561 
1273 41.873679 0.000000 20.432420 103.305515 -0.000002 4.965077 -0.063243 
1274 16.943731 0.000000 6.064920 101.753137 0.005952 5.887579 -0.031539 
1275 15.756591 0.000000 6.064920 101.331424 -0.009611 6.627562 -0.022233 
1276 16.943731 0.000000 7.170112 100.312492 -0.007752 7.619198 -0.000454 
1277 14.569450 0.000000 6.064920 100.856835 -0.015729 7.190145 -0.011988 
1278 13.382310 0.000000 6.064920 98.989701 0.030587 8.770806 0.028076 
1279 14.569450 0.000000 7.170112 99.713190 0.025706 8.283929 0.012648 
1280 24.660144 0.000000 -0.013638 100.654669 0.017018 -1.935642 -0.012703 
1281 25.253714 0.000000 -0.013638 128.834603 -0.005004 -0.198667 -0.517627 
1282 24.660144 0.000000 0.538958 104.251458 -0.002404 0.024111 -0.084156 
1283 34.750837 0.000000 9.380497 107.234021 0.000003 2.252887 -0.141542 
1284 37.125118 0.000000 9.380497 101.959643 0.000027 4.790165 -0.036785 
1285 34.750837 0.000000 11.590882 114.332378 -0.000038 -4.634311 -0.272999 
1286 26.440854 0.000000 6.064920 102.076756 -0.000687 4.349290 -0.039500 
1287 27.627995 0.000000 6.064920 99.459543 -0.000658 6.180025 0.014676 
1288 26.440854 0.000000 7.170112 100.785113 -0.000474 6.063546 -0.012035 
1289 24.660144 0.000000 -2.224022 94.721999 -0.000653 -4.850594 0.109166 
1290 24.660144 0.000000 -2.776618 95.263945 -0.000732 -0.475376 0.095622 
1291 25.253714 0.000000 -2.224022 95.757761 -0.001522 0.527262 0.085587 
1292 24.660144 0.000000 4.407132 98.902348 -0.001511 4.472697 0.024038 
1293 25.253714 0.000000 4.407132 101.189969 -0.000930 3.001773 -0.022849 
1294 24.660144 0.000000 4.959728 100.985846 -0.000742 3.945133 -0.018138 
1295 25.847284 0.000000 -0.013638 128.834603 -0.005004 -0.198667 -0.517627 
1296 26.440854 0.000000 -0.013638 117.428547 -0.002885 0.085193 -0.330032 
1297 25.847284 0.000000 0.538958 128.834603 -0.005004 -0.198667 -0.517627 
1298 25.847284 0.000000 -2.224022 130.360652 -0.001310 2.794973 -0.540131 
1299 25.847284 0.000000 -2.776618 129.133945 -0.001637 -5.314511 -0.520515 
1300 26.440854 0.000000 -2.224022 19.749007 -0.002090 -7.111946 1.350352 
1301 28.815135 0.000000 6.064920 101.300190 -0.000878 4.450287 -0.023982 
1302 30.002275 0.000000 6.064920 100.167270 -0.000024 5.067349 -0.000780 
1303 28.815135 0.000000 7.170112 105.027374 -0.000752 2.509081 -0.098723 
1304 25.847284 0.000000 4.407132 103.695537 -0.002049 0.701471 -0.073212 
1305 26.440854 0.000000 4.407132 99.013477 -0.001493 4.677282 0.021993 
1306 25.847284 0.000000 4.959728 100.329531 -0.001296 4.691110 -0.004394 
1307 31.782986 0.000000 -0.013638 101.739788 0.000738 0.212809 -0.034653 
1308 31.189416 0.000000 -0.013638 112.303358 0.000050 -5.901992 -0.234689 
1309 31.782986 0.000000 0.538958 101.729226 0.000738 0.212276 -0.034443 
1310 30.595846 0.000000 -0.013638 89.066382 0.000524 -0.558782 0.222599 
1311 30.002275 0.000000 -0.013638 89.117604 0.000559 -0.575297 0.221547 
1312 30.595846 0.000000 0.538958 89.066769 0.000525 -0.559134 0.222591 
1313 30.595846 0.000000 1.091555 87.897942 0.000871 -0.775325 0.246695 
1314 30.002275 0.000000 1.091555 89.128986 0.000562 -0.576344 0.221313 
1315 31.189416 0.000000 1.091555 106.417379 0.000078 -24.029091 -0.072737 
1316 31.782986 0.000000 1.091555 101.751425 0.000737 0.213395 -0.034884 
1317 31.782986 0.000000 -2.224022 87.616822 -0.000051 -8.789089 0.261523 
1318 31.189416 0.000000 -2.224022 85.730328 0.000078 -7.580702 0.298212 
1319 31.782986 0.000000 -2.776618 83.811493 -0.000231 -9.363934 0.341620 
1320 30.595846 0.000000 -2.224022 82.763513 0.000274 -6.508793 0.357656 
1321 30.002275 0.000000 -2.224022 101.514886 0.000009 -3.441189 -0.029034 
1322 30.595846 0.000000 -2.776618 87.752715 0.000259 -0.608999 0.249660 
1323 51.370803 0.000000 16.011651 101.475834 0.000204 6.104138 -0.025766 
1324 56.119364 0.000000 16.011651 103.008850 -0.027653 3.827317 -0.058349 
1325 51.370803 0.000000 20.432420 101.844342 0.000141 6.070238 -0.033139 
1326 39.499399 0.000000 9.380497 102.790218 0.000022 4.538177 -0.053462 
1327 41.873679 0.000000 9.380497 99.595751 -0.000061 6.619851 0.012507 
1328 39.499399 0.000000 11.590882 103.212953 0.000053 3.802393 -0.062392 
1329 38.905828 0.000000 -2.224022 95.215511 -0.000394 2.920056 0.097495 
1330 38.905828 0.000000 -2.776618 93.410519 0.000231 1.993886 0.133838 
1331 39.499399 0.000000 -2.224022 98.663647 0.000025 2.742093 0.027570 
1332 41.280109 0.000000 2.196747 101.708696 -0.000778 0.623394 -0.034002 
1333 41.873679 0.000000 2.196747 97.258502 -0.000115 1.556270 0.055391 
1334 41.280109 0.000000 2.749343 102.612642 0.004151 0.420472 -0.051917 
1335 40.092969 0.000000 -2.224022 92.991770 -0.000004 5.329574 0.145096 
1336 40.092969 0.000000 -2.776618 92.648576 0.000271 4.115896 0.150866 
1337 40.686539 0.000000 -2.224022 99.627054 -0.000710 2.926577 0.008326 
1338 43.654390 0.000000 1.091555 119.177964 -0.101802 -29.671943 -0.294423 
1339 44.247960 0.000000 1.091555 127.357503 0.009342 -37.160189 -0.405377 
1340 43.654390 0.000000 1.644151 104.139516 -0.003223 -9.531433 -0.073394 
1341 42.467250 0.000000 2.196747 91.705036 -0.000166 14.430269 0.191789 
1342 43.060820 0.000000 2.196747 101.874589 -0.000621 -16.120596 -0.011805 
1343 42.467250 0.000000 2.749343 99.526042 -0.000653 2.228697 0.009989 
1344 44.841530 0.000000 1.091555 162.767966 0.045856 -60.667390 -0.719795 
1345 45.435101 0.000000 1.091555 99.753609 -0.016283 4.422708 0.006895 
1346 44.841530 0.000000 1.644151 102.565404 -0.047173 1.355129 -0.050824 
1347 0.323766 0.000000 3.854535 99.619470 0.000000 8.715574 0.015276 
1348 -0.863375 0.000000 3.854535 99.619470 0.000000 8.715574 0.015276 
1349 0.323766 0.000000 4.959728 99.619470 0.000000 8.715574 0.015276 
1350 12.195170 0.000000 6.064920 99.902274 -0.024453 8.064852 0.008484 
1351 11.008029 0.000000 6.064920 100.098219 -0.003171 8.068209 0.004552 
1352 12.195170 0.000000 7.170112 100.415620 -0.007429 7.830777 -0.002196 
1353 9.820889 0.000000 6.064920 98.121410 -0.055278 9.893334 0.047808 
1354 8.633748 0.000000 6.064920 101.966658 0.011797 7.075613 -0.034282 
1355 9.820889 0.000000 7.170112 99.153550 0.068579 9.202849 0.025559 
1356 31.189416 0.000000 6.064920 70.255718 -0.000001 25.657735 0.700044 
1357 32.376556 0.000000 6.064920 103.646455 0.000020 4.576747 -0.070309 
1358 31.189416 0.000000 7.170112 134.499011 -0.000006 -21.573408 -0.575507 
1359 29.408705 0.000000 -0.013638 89.243594 0.000616 -0.601370 0.218957 
1360 28.815135 0.000000 -0.013638 96.755171 0.002448 -1.326092 0.065509 
1361 29.408705 0.000000 0.538958 89.250516 0.000620 -0.602834 0.218815 
1362 29.408705 0.000000 1.091555 89.248155 0.000616 -0.600751 0.218863 
1363 28.815135 0.000000 1.091555 96.755171 0.002448 -1.326092 0.065509 
1364 29.408705 0.000000 -2.224022 76.521359 0.000247 -6.225375 0.485173 
1365 28.815135 0.000000 -2.224022 67.261027 0.000207 -3.460441 0.665950 
1366 29.408705 0.000000 -2.776618 78.286744 0.000310 -9.279226 0.455363 
1367 44.247960 0.000000 9.380497 101.656419 0.000200 4.731070 -0.030816 
1368 46.622241 0.000000 9.380497 101.891045 -0.000422 4.966795 -0.035255 
1369 44.247960 0.000000 11.590882 102.485158 0.000280 4.753989 -0.047235 
1370 33.563697 0.000000 6.064920 96.801613 0.000095 6.293982 0.068533 
1371 34.750837 0.000000 6.064920 107.011332 0.000139 -0.729377 -0.137668 
1372 33.563697 0.000000 7.170112 121.025477 -0.000013 -8.663596 -0.386828 
1373 41.280109 0.000000 -2.224022 95.700794 0.001499 1.266684 0.086886 
1374 41.280109 0.000000 -2.776618 96.238544 -0.000764 3.362627 0.076989 
1375 41.873679 0.000000 -2.224022 98.375624 -0.000237 9.219546 0.041324 
1376 48.996522 0.000000 9.380497 102.246483 -0.035664 3.663302 -0.043397 
1377 51.370803 0.000000 9.380497 101.639669 -0.005285 4.673339 -0.030536 
1378 48.996522 0.000000 11.590882 101.344691 -0.000981 5.627803 -0.023702 
1379 43.654390 0.000000 2.196747 92.050458 -0.002380 2.461344 0.161923 
1380 44.247960 0.000000 2.196747 106.935515 -0.004512 -7.331090 -0.131412 
1381 43.654390 0.000000 2.749343 97.743540 -0.002395 -3.882478 0.046898 
1382 42.467250 0.000000 -2.224022 96.785920 -0.000014 -1.163180 0.064843 
1383 42.467250 0.000000 -2.776618 97.916564 0.001930 2.087307 0.042299 
1384 43.060820 0.000000 -2.224022 101.583767 0.000031 13.656417 -0.013213 
1385 44.841530 0.000000 2.196747 140.787234 -0.043365 -28.204590 -0.646138 
1386 45.435101 0.000000 2.196747 114.013272 -0.098317 -2.992750 -0.268191 
1387 44.841530 0.000000 2.749343 102.579960 -0.010865 -1.087723 -0.051175 
1 11 62 60 61 
2 62 10 24 60 
3 60 24 14 63 
4 61 60 63 6 
5 24 66 64 65 
6 66 23 40 64 
7 64 40 27 67 
8 65 64 67 14 
9 40 70 68 69 
10 69 68 71 27 
11 6 63 92 93 
12 63 14 36 92 
13 92 36 19 94 
14 93 92 94 20 
15 14 67 95 96 
16 67 27 52 95 
17 95 52 35 97 
18 96 95 97 36 
19 27 71 98 99 
20 99 98 100 52 
21 68 112 110 111 
22 112 56 80 110 
23 110 80 43 113 
24 111 110 113 71 
25 80 116 114 115 
26 115 114 117 43 
27 71 113 133 134 
28 113 43 102 133 
29 133 102 76 135 
30 134 133 135 98 
31 43 117 136 137 
32 137 136 138 102 
33 114 141 139 140 
34 141 106 129 139 
35 139 129 83 142 
36 140 139 142 117 
37 12 145 143 144 
38 145 7 146 143 
39 143 146 13 25 
40 144 143 25 10 
41 25 149 147 148 
42 149 13 150 147 
43 147 150 26 41 
44 148 147 41 23 
45 41 153 151 152 
46 153 26 154 151 
47 151 154 42 57 
48 152 151 57 39 
49 39 157 155 156 
50 157 57 158 155 
51 155 158 55 81 
52 156 155 81 56 
53 81 161 159 160 
54 161 55 162 159 
55 159 162 82 107 
56 160 159 107 79 
57 79 165 163 164 
58 165 107 166 163 
59 106 169 167 168 
60 168 167 171 129 
61 56 174 172 173 
62 174 81 160 172 
63 172 160 79 116 
64 173 172 116 80 
65 116 177 175 176 
66 177 79 164 175 
67 175 164 106 141 
68 176 175 141 114 
69 164 180 178 179 
70 180 163 181 178 
71 178 181 130 169 
72 179 178 169 106 
73 169 196 194 195 
74 196 130 197 194 
75 194 197 170 198 
76 195 194 198 167 
77 199 201 124 202 
78 200 199 202 125 
79 129 171 203 204 
80 203 205 132 206 
81 204 203 206 83 
82 167 198 207 208 
83 198 170 209 207 
84 207 209 128 210 
85 208 207 210 171 
86 107 212 211 166 
87 212 82 213 211 
88 163 215 214 181 
89 215 166 216 214 
90 214 216 105 191 
91 181 214 191 130 
92 191 223 221 222 
93 223 105 224 221 
94 221 224 192 225 
95 222 221 225 190 
96 226 227 109 228 
97 205 226 228 132 
98 232 233 126 234 
99 201 232 234 124 
100 235 236 189 237 
101 227 235 237 109 
102 193 240 238 239 
103 240 131 241 238 
104 238 241 227 242 
105 239 238 242 226 
106 166 244 243 216 
107 244 211 245 243 
108 243 245 187 218 
109 216 243 218 105 
110 251 108 252 250 
111 250 252 188 253 
112 218 256 254 255 
113 256 187 257 254 
114 254 257 219 258 
115 255 254 258 217 
116 131 260 259 241 
117 260 220 261 259 
118 259 261 235 262 
119 241 259 262 227 
120 253 188 264 263 
121 263 264 59 265 
122 236 263 265 189 
123 220 267 266 261 
124 267 186 268 266 
125 266 268 236 269 
126 261 266 269 235 
127 57 271 270 158 
128 271 42 272 270 
129 270 272 58 89 
130 158 270 89 55 
131 55 274 273 162 
132 274 89 275 273 
133 273 275 88 183 
134 162 273 183 82 
135 82 277 276 213 
136 277 183 278 276 
137 211 280 279 245 
138 280 213 281 279 
139 279 281 108 251 
140 245 279 251 187 
141 187 283 282 257 
142 283 251 284 282 
143 282 284 250 285 
144 257 282 285 219 
145 108 287 286 252 
146 286 288 246 289 
147 252 286 289 188 
148 213 291 290 281 
149 291 276 292 290 
150 281 290 287 108 
151 306 182 307 305 
152 305 307 248 308 
153 288 305 308 246 
154 287 311 309 310 
155 309 312 288 313 
156 310 309 313 286 
157 183 315 314 278 
158 315 88 316 314 
159 276 318 317 292 
160 318 278 319 317 
161 317 319 182 306 
162 290 322 320 321 
163 322 292 323 320 
164 320 323 247 311 
165 321 320 311 287 
166 247 325 324 312 
167 325 306 326 324 
168 324 326 305 327 
169 312 324 327 288 
170 311 330 328 329 
171 330 247 331 328 
172 328 331 312 332 
173 329 328 332 309 
174 188 289 336 264 
175 289 246 337 336 
176 339 341 333 342 
177 340 339 342 233 
178 264 345 343 344 
179 345 336 346 343 
180 344 343 347 59 
181 246 308 348 337 
182 308 248 349 348 
183 348 349 185 350 
184 337 348 350 249 
185 336 352 351 346 
186 352 337 353 351 
187 351 353 249 354 
188 346 351 354 338 
189 189 265 355 356 
190 265 59 340 355 
191 355 340 233 357 
192 356 355 357 232 
193 59 347 358 359 
194 347 338 360 358 
195 358 360 339 361 
196 359 358 361 340 
197 343 364 362 363 
198 364 346 365 362 
199 362 365 338 366 
200 363 362 366 347 
201 249 350 376 341 
202 350 185 377 376 
203 376 377 334 378 
204 341 376 378 333 
205 182 380 379 307 
206 379 381 301 382 
207 307 379 382 248 
208 278 384 383 319 
209 384 314 385 383 
210 383 385 302 380 
211 319 383 380 182 
212 302 391 390 381 
213 391 184 392 390 
214 390 392 303 393 
215 381 390 393 301 
216 380 396 394 395 
217 396 302 397 394 
218 394 397 381 398 
219 395 394 398 379 
220 185 400 399 377 
221 400 304 401 399 
222 399 401 373 402 
223 377 399 402 334 
224 304 407 406 401 
225 407 91 408 406 
226 406 408 374 409 
227 401 406 409 373 
228 89 411 410 275 
229 411 58 412 410 
230 410 412 90 298 
231 275 410 298 88 
232 88 414 413 316 
233 414 298 415 413 
234 184 417 416 392 
235 392 416 419 303 
236 91 421 420 408 
237 421 389 422 420 
238 420 422 403 423 
239 408 420 423 374 
240 298 437 436 415 
241 437 90 438 436 
242 413 441 439 440 
243 441 415 442 439 
244 316 450 448 449 
245 450 413 440 448 
246 449 448 417 184 
247 440 453 451 452 
248 453 439 454 451 
249 451 454 433 445 
250 452 451 445 387 
251 460 297 461 459 
252 459 461 434 462 
253 445 465 463 464 
254 465 433 466 463 
255 463 466 446 467 
256 417 470 468 469 
257 470 387 444 468 
258 468 444 418 471 
259 469 468 471 416 
260 387 474 472 473 
261 474 445 464 472 
262 473 472 475 444 
263 386 435 476 477 
264 435 388 478 476 
265 476 478 300 479 
266 477 476 479 389 
267 418 447 480 481 
268 447 432 482 480 
269 480 482 435 483 
270 481 480 483 386 
271 467 446 486 484 
272 484 486 432 487 
273 485 484 487 447 
274 464 490 488 489 
275 490 463 491 488 
276 488 491 467 492 
277 444 475 493 494 
278 493 485 447 495 
279 494 493 495 418 
280 472 498 496 497 
281 498 464 489 496 
282 496 489 443 499 
283 497 496 499 475 
284 443 492 500 501 
285 492 467 502 500 
286 500 502 484 503 
287 501 500 503 485 
288 489 506 504 505 
289 506 488 507 504 
290 504 507 492 508 
291 505 504 508 443 
292 415 519 518 442 
293 519 436 520 518 
294 439 522 521 454 
295 522 442 523 521 
296 521 523 297 460 
297 454 521 460 433 
298 433 525 524 466 
299 525 460 526 524 
300 524 526 459 527 
301 466 524 527 446 
302 479 534 532 533 
303 534 300 535 532 
304 532 535 516 536 
305 389 539 537 538 
306 539 479 533 537 
307 537 533 515 540 
308 538 537 540 422 
309 19 38 541 542 
310 38 21 543 541 
311 541 543 9 544 
312 542 541 544 22 
313 35 54 545 546 
314 54 37 547 545 
315 545 547 21 548 
316 546 545 548 38 
317 51 78 549 550 
318 78 53 551 549 
319 549 551 37 552 
320 550 549 552 54 
321 75 123 553 554 
322 123 77 555 553 
323 553 555 53 556 
324 554 553 556 78 
325 121 372 557 558 
326 372 122 559 557 
327 557 559 77 560 
328 558 557 560 123 
329 230 405 561 562 
330 405 370 563 561 
331 561 563 372 564 
332 562 561 564 121 
333 403 517 565 566 
334 517 404 567 565 
335 565 567 370 568 
336 566 565 568 405 
337 515 536 569 570 
338 536 516 571 569 
339 569 571 404 572 
340 570 569 572 517 
341 533 575 573 574 
342 575 532 576 573 
343 573 576 536 577 
344 574 573 577 515 
345 297 579 578 461 
346 579 456 580 578 
347 578 580 455 581 
348 461 578 581 434 
349 388 458 582 478 
350 458 428 583 582 
351 582 583 431 529 
352 478 582 529 300 
353 300 585 584 535 
354 585 529 586 584 
355 584 586 528 587 
356 535 584 587 516 
357 593 299 594 592 
358 592 594 430 595 
359 7 597 596 146 
360 597 16 598 596 
361 596 598 15 32 
362 146 596 32 13 
363 13 600 599 150 
364 600 32 601 599 
365 599 601 31 48 
366 150 599 48 26 
367 26 603 602 154 
368 603 48 604 602 
369 602 604 47 85 
370 154 602 85 42 
371 42 606 605 272 
372 606 85 607 605 
373 605 607 84 294 
374 272 605 294 58 
375 58 609 608 412 
376 609 294 610 608 
377 608 610 293 425 
378 412 608 425 90 
379 90 612 611 438 
380 612 425 613 611 
381 436 615 614 520 
382 615 438 616 614 
383 614 616 299 593 
384 429 619 617 618 
385 619 593 620 617 
386 617 620 592 621 
387 618 617 621 457 
388 626 5 627 625 
389 625 627 513 628 
390 428 595 629 583 
391 595 430 630 629 
392 629 630 5 626 
393 583 629 626 431 
394 431 633 631 632 
395 633 626 634 631 
396 631 634 625 635 
397 632 631 635 530 
398 299 637 636 594 
399 594 636 639 430 
400 430 639 640 630 
401 630 640 642 5 
402 438 644 643 616 
403 644 611 645 643 
404 616 643 637 299 
405 15 647 646 33 
406 647 17 648 646 
407 646 648 8 649 
408 33 646 649 18 
409 31 651 650 49 
410 651 33 652 650 
411 650 652 18 653 
412 49 650 653 34 
413 47 655 654 86 
414 655 49 656 654 
415 654 656 34 657 
416 86 654 657 50 
417 659 86 660 658 
418 658 660 50 661 
419 637 676 674 675 
420 676 589 677 674 
421 674 677 638 678 
422 675 674 678 636 
423 5 642 682 627 
424 642 591 683 682 
425 682 683 622 684 
426 627 682 684 513 
427 640 687 685 686 
428 687 641 688 685 
429 685 688 591 689 
430 686 685 689 642 
431 425 691 690 613 
432 691 293 692 690 
433 611 694 693 645 
434 694 613 695 693 
435 671 702 700 701 
436 702 424 703 700 
437 700 703 672 704 
438 701 700 704 670 
439 18 649 705 45 
440 649 8 706 705 
441 705 706 29 707 
442 45 705 707 28 
443 34 653 708 73 
444 653 18 709 708 
445 708 709 45 710 
446 73 708 710 44 
447 50 657 711 119 
448 657 34 712 711 
449 711 712 73 713 
450 119 711 713 72 
451 661 50 715 714 
452 714 715 119 716 
453 720 721 510 722 
454 591 681 726 683 
455 681 427 727 726 
456 726 727 623 728 
457 683 726 728 622 
458 679 731 729 730 
459 731 680 732 729 
460 729 732 427 733 
461 730 729 733 681 
462 613 735 734 695 
463 735 690 736 734 
464 424 738 737 703 
465 738 697 739 737 
466 737 739 696 740 
467 703 737 740 672 
468 427 725 741 727 
469 725 669 742 741 
470 741 742 720 743 
471 727 741 743 623 
472 680 745 744 732 
473 745 723 746 744 
474 744 746 725 747 
475 732 744 747 427 
476 757 667 758 756 
477 756 758 698 759 
478 739 756 759 696 
479 294 761 760 610 
480 761 84 762 760 
481 760 762 295 663 
482 610 760 663 293 
483 293 764 763 692 
484 764 663 765 763 
485 690 767 766 736 
486 767 692 768 766 
487 734 771 769 770 
488 771 736 772 769 
489 769 772 667 757 
490 770 769 757 697 
491 697 775 773 774 
492 775 757 776 773 
493 773 776 756 777 
494 774 773 777 739 
495 782 724 783 781 
496 781 783 669 784 
497 746 781 784 725 
498 699 787 785 786 
499 787 666 788 785 
500 785 788 724 782 
501 786 785 782 723 
502 723 791 789 790 
503 791 782 792 789 
504 789 792 781 793 
505 790 789 793 746 
506 667 795 794 758 
507 758 794 797 698 
508 798 799 717 800 
509 721 798 800 510 
510 669 780 801 742 
511 780 296 802 801 
512 801 802 721 803 
513 742 801 803 720 
514 724 805 804 783 
515 804 806 780 807 
516 783 804 807 669 
517 736 809 808 772 
518 809 766 810 808 
519 808 810 753 795 
520 772 808 795 667 
521 795 821 819 820 
522 821 753 822 819 
523 819 822 796 823 
524 820 819 823 794 
525 666 825 824 788 
526 825 755 826 824 
527 788 824 805 724 
528 830 832 296 833 
529 806 830 833 780 
530 805 836 834 835 
531 836 778 837 834 
532 834 837 806 838 
533 835 834 838 804 
534 692 840 839 768 
535 840 763 841 839 
536 843 812 844 842 
537 842 844 811 845 
538 752 818 846 847 
539 818 754 848 846 
540 846 848 668 849 
541 847 846 849 755 
542 852 817 853 850 
543 850 853 754 854 
544 851 850 854 818 
545 796 857 855 856 
546 857 815 851 855 
547 855 851 818 858 
548 856 855 858 752 
549 766 860 859 810 
550 860 768 861 859 
551 859 861 426 816 
552 810 859 816 753 
553 816 864 862 863 
554 864 426 865 862 
555 862 865 817 852 
556 863 862 852 815 
557 815 868 866 867 
558 868 852 869 866 
559 866 869 850 870 
560 867 866 870 851 
561 755 849 871 826 
562 849 668 872 871 
563 668 874 873 872 
564 874 814 875 873 
565 873 875 827 876 
566 871 879 877 878 
567 879 872 880 877 
568 877 880 779 881 
569 826 884 882 883 
570 884 871 878 882 
571 882 878 831 885 
572 883 882 885 778 
573 296 829 886 802 
574 829 751 887 886 
575 886 887 798 888 
576 802 886 888 721 
577 876 827 890 889 
578 889 890 829 891 
579 832 889 891 296 
580 831 881 892 893 
581 881 779 894 892 
582 892 894 832 895 
583 893 892 895 830 
584 878 898 896 897 
585 898 877 899 896 
586 896 899 881 900 
587 897 896 900 831 
588 754 845 901 848 
589 845 811 902 901 
590 901 902 814 874 
591 848 901 874 668 
592 817 904 903 853 
593 904 842 905 903 
594 903 905 845 906 
595 853 903 906 754 
596 872 908 907 880 
597 908 873 909 907 
598 907 909 876 910 
599 880 907 910 779 
600 912 658 913 911 
601 911 913 661 914 
602 812 924 923 844 
603 924 749 925 923 
604 844 923 926 811 
605 814 931 930 875 
606 931 748 932 930 
607 875 930 933 827 
608 663 935 934 765 
609 935 295 936 934 
610 763 938 937 841 
611 938 765 939 937 
612 749 941 940 925 
613 941 920 942 940 
614 940 942 919 943 
615 925 940 943 813 
616 811 926 944 902 
617 926 813 945 944 
618 944 945 748 931 
619 902 944 931 814 
620 923 948 946 947 
621 948 925 949 946 
622 946 949 813 950 
623 947 946 950 926 
624 748 952 951 932 
625 952 922 953 951 
626 951 953 927 954 
627 932 951 954 828 
628 827 933 955 890 
629 933 828 956 955 
630 955 956 751 957 
631 890 955 957 829 
632 930 960 958 959 
633 960 932 961 958 
634 958 961 828 962 
635 959 958 962 933 
636 914 661 964 963 
637 963 964 714 965 
638 966 967 718 968 
639 799 966 968 717 
640 922 974 973 953 
641 974 750 975 973 
642 973 975 928 976 
643 953 973 976 927 
644 765 981 980 939 
645 981 934 982 980 
646 980 982 916 978 
647 662 985 983 984 
648 985 978 986 983 
649 983 986 977 987 
650 984 983 987 921 
651 750 989 988 975 
652 989 970 990 988 
653 988 990 969 991 
654 975 988 991 928 
655 664 993 992 917 
656 993 911 994 992 
657 992 994 914 995 
658 917 992 995 87 
659 997 664 998 996 
660 996 998 917 999 
661 978 1001 1000 986 
662 1001 916 1002 1000 
663 1000 1002 979 1003 
664 986 1000 1003 977 
665 999 917 1005 1004 
666 1004 1005 87 1006 
667 979 1009 1007 1008 
668 1009 996 1010 1007 
669 1007 1010 999 1011 
670 1008 1007 1011 915 
671 1 1014 1012 1013 
672 1014 12 144 1012 
673 1012 144 10 62 
674 1013 1012 62 11 
675 16 1016 1015 598 
676 1016 2 1017 1015 
677 1015 1017 17 647 
678 598 1015 647 15 
679 20 94 1018 1019 
680 94 19 542 1018 
681 1018 542 22 1020 
682 1019 1018 1020 4 
683 10 1023 1021 1022 
684 1023 25 148 1021 
685 1021 148 23 66 
686 1022 1021 66 24 
687 21 46 1024 543 
688 46 28 1025 1024 
689 1024 1025 30 1026 
690 543 1024 1026 9 
691 32 1028 1027 601 
692 1028 15 1029 1027 
693 1027 1029 33 651 
694 601 1027 651 31 
695 36 97 1030 1031 
696 97 35 546 1030 
697 1030 546 38 1032 
698 1031 1030 1032 19 
699 23 1035 1033 1034 
700 1035 41 152 1033 
701 1033 152 39 70 
702 1034 1033 70 40 
703 37 74 1036 547 
704 74 44 1037 1036 
705 1036 1037 46 1038 
706 547 1036 1038 21 
707 48 1040 1039 604 
708 1040 31 1041 1039 
709 1039 1041 49 655 
710 604 1039 655 47 
711 52 100 1042 1043 
712 100 51 550 1042 
713 1042 550 54 1044 
714 1043 1042 1044 35 
715 70 1047 1045 1046 
716 1047 39 156 1045 
717 1045 156 56 112 
718 1046 1045 112 68 
719 53 120 1048 551 
720 120 72 1049 1048 
721 1048 1049 74 1050 
722 551 1048 1050 37 
723 76 104 1051 1052 
724 104 75 554 1051 
725 1051 554 78 1053 
726 1052 1051 1053 51 
727 85 1055 1054 607 
728 1055 47 1056 1054 
729 1054 1056 86 659 
730 607 1054 659 84 
731 98 135 1057 1058 
732 135 76 1052 1057 
733 1057 1052 51 1059 
734 1058 1057 1059 100 
735 77 369 1060 555 
736 369 118 1061 1060 
737 1060 1061 120 1062 
738 555 1060 1062 53 
739 103 231 1063 1064 
740 231 121 558 1063 
741 1063 558 123 1065 
742 1064 1063 1065 75 
743 117 142 1066 1067 
744 142 83 200 1066 
745 1066 200 125 1068 
746 1067 1066 1068 136 
747 130 1070 1069 197 
748 1070 191 222 1069 
749 1069 222 190 1071 
750 197 1069 1071 170 
751 190 225 1072 1073 
752 225 192 1074 1072 
753 1072 1074 131 240 
754 1073 1072 240 193 
755 170 1071 1075 209 
756 1071 190 1073 1075 
757 1075 1073 193 1076 
758 209 1075 1076 128 
759 105 1078 1077 224 
760 1078 218 255 1077 
761 1077 255 217 1079 
762 224 1077 1079 192 
763 217 258 1080 1081 
764 258 219 1082 1080 
765 1080 1082 186 267 
766 1081 1080 267 220 
767 192 1079 1083 1074 
768 1079 217 1081 1083 
769 1083 1081 220 260 
770 1074 1083 260 131 
771 128 1076 1084 1085 
772 1076 193 239 1084 
773 1084 239 226 1086 
774 1085 1084 1086 205 
775 229 375 1087 1088 
776 375 230 562 1087 
777 1087 562 121 1089 
778 1088 1087 1089 231 
779 126 335 1090 1091 
780 335 229 1088 1090 
781 1090 1088 231 1092 
782 1091 1090 1092 103 
783 109 237 1093 1094 
784 237 189 356 1093 
785 1093 356 232 1095 
786 1094 1093 1095 201 
787 219 285 1096 1082 
788 285 250 1097 1096 
789 1096 1097 253 1098 
790 1082 1096 1098 186 
791 186 1098 1099 268 
792 1098 253 1100 1099 
793 1099 1100 263 1101 
794 268 1099 1101 236 
795 301 393 1102 1103 
796 393 303 1104 1102 
797 1102 1104 91 407 
798 1103 1102 407 304 
799 248 382 1105 349 
800 382 301 1103 1105 
801 1105 1103 304 400 
802 349 1105 400 185 
803 314 1107 1106 385 
804 1107 316 449 1106 
805 1106 449 184 391 
806 385 1106 391 302 
807 292 1109 1108 323 
808 1109 317 1110 1108 
809 1108 1110 306 325 
810 323 1108 325 247 
811 338 354 1111 360 
812 354 249 1112 1111 
813 1111 1112 341 1113 
814 360 1111 1113 339 
815 122 511 1114 559 
816 511 367 1115 1114 
817 1114 1115 369 1116 
818 559 1114 1116 77 
819 370 514 1117 563 
820 514 371 1118 1117 
821 1117 1118 122 1119 
822 563 1117 1119 372 
823 303 419 1120 1104 
824 419 386 477 1120 
825 1120 477 389 421 
826 1104 1120 421 91 
827 374 423 1121 1122 
828 423 403 566 1121 
829 1121 566 405 1123 
830 1122 1121 1123 230 
831 416 471 1124 1125 
832 471 418 481 1124 
833 1124 481 386 1126 
834 1125 1124 1126 419 
835 432 462 1127 482 
836 462 434 1128 1127 
837 1127 1128 388 1129 
838 482 1127 1129 435 
839 448 1132 1130 1131 
840 1132 440 452 1130 
841 1130 452 387 470 
842 1131 1130 470 417 
843 456 1134 1133 580 
844 1134 429 618 1133 
845 1133 618 457 1135 
846 580 1133 1135 455 
847 434 581 1136 1128 
848 581 455 1137 1136 
849 1136 1137 458 1138 
850 1128 1136 1138 388 
851 446 527 1139 486 
852 527 459 1140 1139 
853 1139 1140 462 1141 
854 486 1139 1141 432 
855 475 499 1142 1143 
856 499 443 501 1142 
857 1142 501 485 1144 
858 1143 1142 1144 493 
859 371 624 1145 1118 
860 624 509 1146 1145 
861 1145 1146 511 1147 
862 1118 1145 1147 122 
863 404 531 1148 567 
864 531 512 1149 1148 
865 1148 1149 514 1150 
866 567 1148 1150 370 
867 422 540 1151 1152 
868 540 515 570 1151 
869 1151 570 517 1153 
870 1152 1151 1153 403 
871 442 1155 1154 523 
872 1155 518 1156 1154 
873 1154 1156 456 579 
874 523 1154 579 297 
875 529 1158 1157 586 
876 1158 431 632 1157 
877 1157 632 530 1159 
878 586 1157 1159 528 
879 516 587 1160 571 
880 587 528 1161 1160 
881 1160 1161 531 1162 
882 571 1160 1162 404 
883 84 1164 1163 762 
884 1164 659 1165 1163 
885 1163 1165 658 912 
886 762 1163 912 295 
887 589 1167 1166 677 
888 1167 671 701 1166 
889 1166 701 670 1168 
890 677 1166 1168 638 
891 641 1170 1169 688 
892 1170 679 730 1169 
893 1169 730 681 1171 
894 688 1169 1171 591 
895 696 759 1172 1173 
896 759 698 1174 1172 
897 1172 1174 666 787 
898 1173 1172 787 699 
899 672 740 1175 1176 
900 740 696 1173 1175 
901 1175 1173 699 1177 
902 1176 1175 1177 590 
903 590 1177 1178 1179 
904 1177 699 786 1178 
905 1178 786 723 745 
906 1179 1178 745 680 
907 695 1182 1180 1181 
908 1182 734 770 1180 
909 1180 770 697 738 
910 1181 1180 738 424 
911 698 797 1183 1174 
912 797 752 847 1183 
913 1183 847 755 825 
914 1174 1183 825 666 
915 794 823 1184 1185 
916 823 796 856 1184 
917 1184 856 752 1186 
918 1185 1184 1186 797 
919 751 929 1187 887 
920 929 665 1188 1187 
921 1187 1188 799 1189 
922 887 1187 1189 798 
923 753 1191 1190 822 
924 1191 816 863 1190 
925 1190 863 815 857 
926 822 1190 857 796 
927 824 1194 1192 1193 
928 1194 826 883 1192 
929 1192 883 778 836 
930 1193 1192 836 805 
931 778 885 1195 837 
932 885 831 893 1195 
933 1195 893 830 1196 
934 837 1195 1196 806 
935 768 1198 1197 861 
936 1198 839 1199 1197 
937 1197 1199 812 843 
938 861 1197 843 426 
939 426 1201 1200 865 
940 1201 843 1202 1200 
941 1200 1202 842 904 
942 865 1200 904 817 
943 779 910 1203 894 
944 910 876 1204 1203 
945 1203 1204 889 1205 
946 894 1203 1205 832 
947 295 1207 1206 936 
948 1207 912 1208 1206 
949 1206 1208 911 993 
950 936 1206 993 664 
951 920 1210 1209 942 
952 1210 662 984 1209 
953 1209 984 921 1211 
954 942 1209 1211 919 
955 919 1211 1212 1213 
956 1211 921 1214 1212 
957 1212 1214 750 974 
958 1213 1212 974 922 
959 813 943 1215 945 
960 943 919 1213 1215 
961 1215 1213 922 952 
962 945 1215 952 748 
963 828 954 1216 956 
964 954 927 1217 1216 
965 1216 1217 929 1218 
966 956 1216 1218 751 
967 934 1220 1219 982 
968 1220 936 1221 1219 
969 1219 1221 664 997 
970 982 1219 997 916 
971 87 995 1222 967 
972 995 914 1223 1222 
973 1222 1223 963 1224 
974 967 1222 1224 718 
975 665 972 1225 1188 
976 972 918 1226 1225 
977 1225 1226 966 1227 
978 1188 1225 1227 799 
979 918 1006 1228 1226 
980 1006 87 1229 1228 
981 1228 1229 967 1230 
982 1226 1228 1230 966 
983 977 1003 1231 1232 
984 1003 979 1008 1231 
985 1231 1008 915 1233 
986 1232 1231 1233 970 
987 921 987 1234 1214 
988 987 977 1232 1234 
989 1234 1232 970 989 
990 1214 1234 989 750 
991 916 1236 1235 1002 
992 1236 997 1237 1235 
993 1235 1237 996 1009 
994 1002 1235 1009 979 
995 28 707 1238 1025 
996 707 29 1239 1238 
997 1238 1239 3 1240 
998 1025 1238 1240 30 
999 44 710 1241 1037 
1000 710 45 1242 1241 
1001 1241 1242 28 1243 
1002 1037 1241 1243 46 
1003 72 713 1244 1049 
1004 713 73 1245 1244 
1005 1244 1245 44 1246 
1006 1049 1244 1246 74 
1007 101 127 1247 1248 
1008 127 103 1064 1247 
1009 1247 1064 75 1249 
1010 1248 1247 1249 104 
1011 102 138 1250 1251 
1012 138 101 1248 1250 
1013 1250 1248 104 1252 
1014 1251 1250 1252 76 
1015 118 716 1253 1061 
1016 716 119 1254 1253 
1017 1253 1254 72 1255 
1018 1061 1253 1255 120 
1019 124 234 1256 1257 
1020 234 126 1091 1256 
1021 1256 1091 103 1258 
1022 1257 1256 1258 127 
1023 125 202 1259 1260 
1024 202 124 1257 1259 
1025 1259 1257 127 1261 
1026 1260 1259 1261 101 
1027 136 1068 1262 1263 
1028 1068 125 1260 1262 
1029 1262 1260 101 1264 
1030 1263 1262 1264 138 
1031 132 228 1265 1266 
1032 228 109 1094 1265 
1033 1265 1094 201 1267 
1034 1266 1265 1267 199 
1035 171 210 1268 1269 
1036 210 128 1085 1268 
1037 1268 1085 205 1270 
1038 1269 1268 1270 203 
1039 367 719 1271 1115 
1040 719 368 1272 1271 
1041 1271 1272 118 1273 
1042 1115 1271 1273 369 
1043 373 409 1274 1275 
1044 409 374 1122 1274 
1045 1274 1122 230 1276 
1046 1275 1274 1276 375 
1047 334 402 1277 1278 
1048 402 373 1275 1277 
1049 1277 1275 375 1279 
1050 1278 1277 1279 229 
1051 455 1135 1280 1137 
1052 1135 457 1281 1280 
1053 1280 1281 428 1282 
1054 1137 1280 1282 458 
1055 509 722 1283 1146 
1056 722 510 1284 1283 
1057 1283 1284 367 1285 
1058 1146 1283 1285 511 
1059 512 628 1286 1149 
1060 628 513 1287 1286 
1061 1286 1287 371 1288 
1062 1149 1286 1288 514 
1063 518 1290 1289 1156 
1064 1290 520 1291 1289 
1065 1289 1291 429 1134 
1066 1156 1289 1134 456 
1067 528 1159 1292 1161 
1068 1159 530 1293 1292 
1069 1292 1293 512 1294 
1070 1161 1292 1294 531 
1071 457 621 1295 1281 
1072 621 592 1296 1295 
1073 1295 1296 595 1297 
1074 1281 1295 1297 428 
1075 520 1299 1298 1291 
1076 1299 614 1300 1298 
1077 1298 1300 593 619 
1078 1291 1298 619 429 
1079 513 684 1301 1287 
1080 684 622 1302 1301 
1081 1301 1302 624 1303 
1082 1287 1301 1303 371 
1083 530 635 1304 1293 
1084 635 625 1305 1304 
1085 1304 1305 628 1306 
1086 1293 1304 1306 512 
1087 670 704 1307 1308 
1088 704 672 1176 1307 
1089 1307 1176 590 1309 
1090 1308 1307 1309 673 
1091 638 1168 1310 1311 
1092 1168 670 1308 1310 
1093 1310 1308 673 1312 
1094 1311 1310 1312 588 
1095 588 1312 1313 1314 
1096 1312 673 1315 1313 
1097 1313 1315 679 1170 
1098 1314 1313 1170 641 
1099 673 1309 1316 1315 
1100 1309 590 1179 1316 
1101 1316 1179 680 731 
1102 1315 1316 731 679 
1103 693 1319 1317 1318 
1104 1319 695 1181 1317 
1105 1317 1181 424 702 
1106 1318 1317 702 671 
1107 645 1322 1320 1321 
1108 1322 693 1318 1320 
1109 1320 1318 671 1167 
1110 1321 1320 1167 589 
1111 368 965 1323 1272 
1112 965 714 1324 1323 
1113 1323 1324 716 1325 
1114 1272 1323 1325 118 
1115 510 800 1326 1284 
1116 800 717 1327 1326 
1117 1326 1327 719 1328 
1118 1284 1326 1328 367 
1119 839 1330 1329 1199 
1120 1330 841 1331 1329 
1121 1329 1331 749 924 
1122 1199 1329 924 812 
1123 927 976 1332 1217 
1124 976 928 1333 1332 
1125 1332 1333 665 1334 
1126 1217 1332 1334 929 
1127 841 1336 1335 1331 
1128 1336 937 1337 1335 
1129 1335 1337 920 941 
1130 1331 1335 941 749 
1131 970 1233 1338 990 
1132 1233 915 1339 1338 
1133 1338 1339 971 1340 
1134 990 1338 1340 969 
1135 928 991 1341 1333 
1136 991 969 1342 1341 
1137 1341 1342 972 1343 
1138 1333 1341 1343 665 
1139 915 1011 1344 1339 
1140 1011 999 1345 1344 
1141 1344 1345 1004 1346 
1142 1339 1344 1346 971 
1143 83 206 1347 1348 
1144 206 132 1266 1347 
1145 1347 1266 199 1349 
1146 1348 1347 1349 200 
1147 333 378 1350 1351 
1148 378 334 1278 1350 
1149 1350 1278 229 1352 
1150 1351 1350 1352 335 
1151 233 342 1353 1354 
1152 342 333 1351 1353 
1153 1353 1351 335 1355 
1154 1354 1353 1355 126 
1155 622 728 1356 1302 
1156 728 623 1357 1356 
1157 1356 1357 509 1358 
1158 1302 1356 1358 624 
1159 636 678 1359 1360 
1160 678 638 1311 1359 
1161 1359 1311 588 1361 
1162 1360 1359 1361 639 
1163 639 1361 1362 1363 
1164 1361 588 1314 1362 
1165 1362 1314 641 687 
1166 1363 1362 687 640 
1167 643 1366 1364 1365 
1168 1366 645 1321 1364 
1169 1364 1321 589 676 
1170 1365 1364 676 637 
1171 717 968 1367 1327 
1172 968 718 1368 1367 
1173 1367 1368 368 1369 
1174 1327 1367 1369 719 
1175 623 743 1370 1357 
1176 743 720 1371 1370 
1177 1370 1371 722 1372 
1178 1357 1370 1372 509 
1179 937 1374 1373 1337 
1180 1374 939 1375 1373 
1181 1373 1375 662 1210 
1182 1337 1373 1210 920 
1183 718 1224 1376 1368 
1184 1224 963 1377 1376 
1185 1376 1377 965 1378 
1186 1368 1376 1378 368 
1187 969 1340 1379 1342 
1188 1340 971 1380 1379 
1189 1379 1380 918 1381 
1190 1342 1379 1381 972 
1191 939 1383 1382 1375 
1192 1383 980 1384 1382 
1193 1382 1384 978 985 
1194 1375 1382 985 662 
1195 971 1346 1385 1380 
1196 1346 1004 1386 1385 
1197 1385 1386 1006 1387 
1198 1380 1385 1387 918 
