2 0.000000 100.000000 178.105148
1387 1198 
1 -276.279947 0.000000 -280.179887 99.862953 0.000000 5.233596 0.005489 
2 331.535936 0.000000 -280.179887 99.870703 0.000704 5.228882 0.005329 
3 331.535936 0.000000 285.678573 99.856679 -0.000739 5.227040 0.005608 
4 -276.279947 0.000000 285.678573 99.862953 0.000000 5.233596 0.005489 
5 27.627995 0.000000 2.749343 137.903175 0.140618 -16.649991 -0.632498 
6 -276.279947 0.000000 2.749343 99.862953 0.000000 5.233596 0.005489 
7 27.627995 0.000000 -280.179887 99.862953 0.000000 5.233596 0.005489 
8 331.535936 0.000000 2.749343 99.973124 0.007303 3.135525 0.001521 
9 27.627995 0.000000 285.678573 99.862953 0.000000 5.233596 0.005489 
10 -124.325976 0.000000 -138.715272 99.862953 0.000000 5.233596 0.005489 
11 -276.279947 0.000000 -138.715272 99.862953 0.000000 5.233596 0.005489 
12 -124.325976 0.000000 -280.179887 99.862953 0.000000 5.233596 0.005489 
13 27.627995 0.000000 -138.715272 99.862953 0.000000 5.233596 0.005489 
14 -124.325976 0.000000 2.749343 99.862953 0.000000 5.233596 0.005489 
15 179.581965 0.000000 -138.715272 99.896515 0.001472 5.215484 0.004797 
16 179.581965 0.000000 -280.179887 99.862953 0.000000 5.233596 0.005489 
17 331.535936 0.000000 -138.715272 99.866874 0.001031 5.201188 0.005376 
18 179.581965 0.000000 2.749343 100.042535 0.009416 1.826908 -0.000517 
19 -124.325976 0.000000 144.213958 99.862953 0.000000 5.233596 0.005489 
20 -276.279947 0.000000 144.213958 99.862953 0.000000 5.233596 0.005489 
21 27.627995 0.000000 144.213958 99.862953 0.000000 5.233596 0.005489 
22 -124.325976 0.000000 285.678573 99.862953 0.000000 5.233596 0.005489 
23 -48.348991 0.000000 -67.982965 99.862953 0.000000 5.233596 0.005489 
24 -124.325976 0.000000 -67.982965 99.862953 0.000000 5.233596 0.005489 
25 -48.348991 0.000000 -138.715272 99.862953 0.000000 5.233596 0.005489 
26 27.627995 0.000000 -67.982965 99.862953 0.000000 5.233596 0.005489 
27 -48.348991 0.000000 2.749343 99.862953 0.000000 5.233596 0.005489 
28 179.581965 0.000000 144.213958 99.837852 -0.001655 5.209012 0.005966 
29 331.535936 0.000000 144.213958 99.863654 -0.001265 5.187304 0.005426 
30 179.581965 0.000000 285.678573 99.862953 0.000000 5.233596 0.005489 
31 103.604980 0.000000 -67.982965 97.960906 0.002250 3.590911 0.042284 
32 103.604980 0.000000 -138.715272 99.862953 0.000000 5.233596 0.005489 
33 179.581965 0.000000 -67.982965 99.879283 0.002047 5.101909 0.005025 
34 103.604980 0.000000 2.749343 100.087731 0.008046 1.082350 -0.001637 
35 -48.348991 0.000000 73.481651 99.862953 0.000000 5.233596 0.005489 
36 -124.325976 0.000000 73.481651 99.862953 0.000000 5.233596 0.005489 
37 27.627995 0.000000 73.481651 99.862953 0.000000 5.233596 0.005489 
38 -48.348991 0.000000 144.213958 99.862953 0.000000 5.233596 0.005489 
39 -10.360498 0.000000 -32.616811 99.862953 0.000000 5.233596 0.005489 
40 -48.348991 0.000000 -32.616811 99.862953 0.000000 5.233596 0.005489 
41 -10.360498 0.000000 -67.982965 99.862953 0.000000 5.233596 0.005489 
42 27.627995 0.000000 -32.616811 100.463472 0.005755 5.696149 -0.006033 
43 -10.360498 0.000000 2.749343 99.862953 0.000000 5.233596 0.005489 
44 103.604980 0.000000 73.481651 100.071975 -0.003303 4.882703 0.000944 
45 179.581965 0.000000 73.481651 99.864748 -0.002576 5.066815 0.005280 
46 103.604980 0.000000 144.213958 99.862953 0.000000 5.233596 0.005489 
47 65.616487 0.000000 -32.616811 98.794900 0.000261 3.956437 0.025757 
48 65.616487 0.000000 -67.982965 99.878442 -0.000955 5.246852 0.005192 
49 103.604980 0.000000 -32.616811 99.934240 0.003932 4.728318 0.003555 
50 65.616487 0.000000 2.749343 100.292662 0.004362 1.292494 -0.005683 
51 -10.360498 0.000000 38.115497 99.862953 0.000000 5.233596 0.005489 
52 -48.348991 0.000000 38.115497 99.862953 0.000000 5.233596 0.005489 
53 27.627995 0.000000 38.115497 99.862953 0.000000 5.233596 0.005489 
54 -10.360498 0.000000 73.481651 99.862953 0.000000 5.233596 0.005489 
55 8.633748 0.000000 -14.933734 99.862953 0.000000 5.233596 0.005489 
56 -10.360498 0.000000 -14.933734 99.862953 0.000000 5.233596 0.005489 
57 8.633748 0.000000 -32.616811 99.862953 0.000000 5.233596 0.005489 
58 27.627995 0.000000 -14.933734 99.412805 -0.002638 4.834249 0.014118 
59 8.633748 0.000000 2.749343 100.372590 -0.009834 4.585011 -0.005353 
60 -200.302961 0.000000 -67.982965 99.862953 0.000000 5.233596 0.005489 
61 -276.279947 0.000000 -67.982965 99.862953 0.000000 5.233596 0.005489 
62 -200.302961 0.000000 -138.715272 99.862953 0.000000 5.233596 0.005489 
63 -200.302961 0.000000 2.749343 99.862953 0.000000 5.233596 0.005489 
64 -86.337483 0.000000 -32.616811 99.862953 0.000000 5.233596 0.005489 
65 -124.325976 0.000000 -32.616811 99.862953 0.000000 5.233596 0.005489 
66 -86.337483 0.000000 -67.982965 99.862953 0.000000 5.233596 0.005489 
67 -86.337483 0.000000 2.749343 99.862953 0.000000 5.233596 0.005489 
68 -29.354744 0.000000 -14.933734 99.862953 0.000000 5.233596 0.005489 
69 -48.348991 0.000000 -14.933734 99.862953 0.000000 5.233596 0.005489 
70 -29.354744 0.000000 -32.616811 99.862953 0.000000 5.233596 0.005489 
71 -29.354744 0.000000 2.749343 99.862953 0.000000 5.233596 0.005489 
72 65.616487 0.000000 38.115497 101.073692 -0.000042 4.019153 -0.019831 
73 103.604980 0.000000 38.115497 99.866987 -0.005100 4.712785 0.004888 
74 65.616487 0.000000 73.481651 99.945740 -0.001507 5.167496 0.003760 
75 8.633748 0.000000 20.432420 99.862953 0.000000 5.233596 0.005489 
76 -10.360498 0.000000 20.432420 99.862953 0.000000 5.233596 0.005489 
77 27.627995 0.000000 20.432420 99.855109 -0.000202 5.187206 0.005598 
78 8.633748 0.000000 38.115497 99.862953 0.000000 5.233596 0.005489 
79 -0.863375 0.000000 -6.092195 99.862953 0.000000 5.233596 0.005489 
80 -10.360498 0.000000 -6.092195 99.862953 0.000000 5.233596 0.005489 
81 -0.863375 0.000000 -14.933734 99.862953 0.000000 5.233596 0.005489 
82 8.633748 0.000000 -6.092195 99.423788 -0.036964 5.078700 0.014142 
83 -0.863375 0.000000 2.749343 99.862953 0.000000 5.233596 0.005489 
84 46.622241 0.000000 -14.933734 98.001813 -0.000036 2.817084 0.040948 
85 46.622241 0.000000 -32.616811 99.368595 0.000241 4.802698 0.014975 
86 65.616487 0.000000 -14.933734 100.622297 0.005184 3.961247 -0.010873 
87 46.622241 0.000000 2.749343 103.574550 -0.012739 -1.400569 -0.070696 
88 18.130872 0.000000 -6.092195 99.454601 -0.005631 4.937514 0.013380 
89 18.130872 0.000000 -14.933734 99.806913 -0.016909 5.260727 0.006641 
90 27.627995 0.000000 -6.092195 79.107745 -0.000240 -5.517063 0.431292 
91 18.130872 0.000000 2.749343 107.007455 -0.042505 5.667704 -0.134751 
92 -200.302961 0.000000 73.481651 99.862953 0.000000 5.233596 0.005489 
93 -276.279947 0.000000 73.481651 99.862953 0.000000 5.233596 0.005489 
94 -200.302961 0.000000 144.213958 99.862953 0.000000 5.233596 0.005489 
95 -86.337483 0.000000 38.115497 99.862953 0.000000 5.233596 0.005489 
96 -124.325976 0.000000 38.115497 99.862953 0.000000 5.233596 0.005489 
97 -86.337483 0.000000 73.481651 99.862953 0.000000 5.233596 0.005489 
98 -29.354744 0.000000 20.432420 99.862953 0.000000 5.233596 0.005489 
99 -48.348991 0.000000 20.432420 99.862953 0.000000 5.233596 0.005489 
100 -29.354744 0.000000 38.115497 99.862953 0.000000 5.233596 0.005489 
101 -0.863375 0.000000 11.590882 99.862953 0.000000 5.233596 0.005489 
102 -10.360498 0.000000 11.590882 99.862953 0.000000 5.233596 0.005489 
103 8.633748 0.000000 11.590882 99.862953 0.000000 5.233596 0.005489 
104 -0.863375 0.000000 20.432420 99.862953 0.000000 5.233596 0.005489 
105 3.885187 0.000000 -1.671426 49.238396 0.893588 -1.558252 0.987828 
106 -0.863375 0.000000 -1.671426 99.862953 0.000000 5.233596 0.005489 
107 3.885187 0.000000 -6.092195 99.862953 0.000000 5.233596 0.005489 
108 8.633748 0.000000 -1.671426 92.307595 -0.062856 2.501684 0.156673 
109 3.885187 0.000000 2.749343 88.637964 0.133255 13.572269 0.252915 
110 -19.857621 0.000000 -6.092195 99.862953 0.000000 5.233596 0.005489 
111 -29.354744 0.000000 -6.092195 99.862953 0.000000 5.233596 0.005489 
112 -19.857621 0.000000 -14.933734 99.862953 0.000000 5.233596 0.005489 
113 -19.857621 0.000000 2.749343 99.862953 0.000000 5.233596 0.005489 
114 -5.611936 0.000000 -1.671426 99.862953 0.000000 5.233596 0.005489 
115 -10.360498 0.000000 -1.671426 99.862953 0.000000 5.233596 0.005489 
116 -5.611936 0.000000 -6.092195 99.862953 0.000000 5.233596 0.005489 
117 -5.611936 0.000000 2.749343 99.862953 0.000000 5.233596 0.005489 
118 46.622241 0.000000 20.432420 101.239489 0.000038 3.432572 -0.023563 
119 65.616487 0.000000 20.432420 99.805331 -0.010150 4.014424 0.005512 
120 46.622241 0.000000 38.115497 99.956133 0.000504 5.120980 0.003504 
121 18.130872 0.000000 11.590882 99.916630 0.015907 5.116746 0.004291 
122 27.627995 0.000000 11.590882 98.953719 0.001318 5.287567 0.023813 
123 18.130872 0.000000 20.432420 99.137807 0.065934 5.851881 0.020748 
124 3.885187 0.000000 7.170112 99.862953 0.000000 5.233596 0.005489 
125 -0.863375 0.000000 7.170112 99.862953 0.000000 5.233596 0.005489 
126 8.633748 0.000000 7.170112 102.329628 0.054645 3.699411 -0.045017 
127 3.885187 0.000000 11.590882 99.862953 0.000000 5.233596 0.005489 
128 1.510906 0.000000 0.538958 122.874543 -0.800228 -8.044580 -0.418582 
129 -0.863375 0.000000 0.538958 99.862953 0.000000 5.233596 0.005489 
130 1.510906 0.000000 -1.671426 140.627148 -1.492613 39.010908 -0.608295 
131 3.885187 0.000000 0.538958 63.611929 1.319905 18.813705 0.787535 
132 1.510906 0.000000 2.749343 99.862953 0.000000 5.233596 0.005489 
133 -19.857621 0.000000 11.590882 99.862953 0.000000 5.233596 0.005489 
134 -29.354744 0.000000 11.590882 99.862953 0.000000 5.233596 0.005489 
135 -19.857621 0.000000 20.432420 99.862953 0.000000 5.233596 0.005489 
136 -5.611936 0.000000 7.170112 99.862953 0.000000 5.233596 0.005489 
137 -10.360498 0.000000 7.170112 99.862953 0.000000 5.233596 0.005489 
138 -5.611936 0.000000 11.590882 99.862953 0.000000 5.233596 0.005489 
139 -3.237656 0.000000 0.538958 99.862953 0.000000 5.233596 0.005489 
140 -5.611936 0.000000 0.538958 99.862953 0.000000 5.233596 0.005489 
141 -3.237656 0.000000 -1.671426 99.862953 0.000000 5.233596 0.005489 
142 -3.237656 0.000000 2.749343 99.862953 0.000000 5.233596 0.005489 
143 -48.348991 0.000000 -209.447580 99.862953 0.000000 5.233596 0.005489 
144 -124.325976 0.000000 -209.447580 99.862953 0.000000 5.233596 0.005489 
145 -48.348991 0.000000 -280.179887 99.862953 0.000000 5.233596 0.005489 
146 27.627995 0.000000 -209.447580 99.862953 0.000000 5.233596 0.005489 
147 -10.360498 0.000000 -103.349118 99.862953 0.000000 5.233596 0.005489 
148 -48.348991 0.000000 -103.349118 99.862953 0.000000 5.233596 0.005489 
149 -10.360498 0.000000 -138.715272 99.862953 0.000000 5.233596 0.005489 
150 27.627995 0.000000 -103.349118 99.862953 0.000000 5.233596 0.005489 
151 8.633748 0.000000 -50.299888 99.862953 0.000000 5.233596 0.005489 
152 -10.360498 0.000000 -50.299888 99.862953 0.000000 5.233596 0.005489 
153 8.633748 0.000000 -67.982965 99.862953 0.000000 5.233596 0.005489 
154 27.627995 0.000000 -50.299888 99.862953 0.000000 5.233596 0.005489 
155 -0.863375 0.000000 -23.775272 99.862953 0.000000 5.233596 0.005489 
156 -10.360498 0.000000 -23.775272 99.862953 0.000000 5.233596 0.005489 
157 -0.863375 0.000000 -32.616811 99.862953 0.000000 5.233596 0.005489 
158 8.633748 0.000000 -23.775272 99.862953 0.000000 5.233596 0.005489 
159 3.885187 0.000000 -10.512965 99.862953 0.000000 5.233596 0.005489 
160 -0.863375 0.000000 -10.512965 99.862953 0.000000 5.233596 0.005489 
161 3.885187 0.000000 -14.933734 99.862953 0.000000 5.233596 0.005489 
162 8.633748 0.000000 -10.512965 98.959118 -0.047896 4.470778 0.022895 
163 1.510906 0.000000 -3.881811 99.862953 0.000000 5.233596 0.005489 
164 -0.863375 0.000000 -3.881811 99.862953 0.000000 5.233596 0.005489 
165 1.510906 0.000000 -6.092195 99.862953 0.000000 5.233596 0.005489 
166 3.885187 0.000000 -3.881811 99.373975 0.406974 4.037183 0.014200 
167 0.323766 0.000000 -0.566234 9.696478 -0.047799 1.740122 1.396568 
168 -0.863375 0.000000 -0.566234 99.862953 0.000000 5.233596 0.005489 
169 0.323766 0.000000 -1.671426 99.862953 0.000000 5.233596 0.005489 
170 1.510906 0.000000 -0.566234 91.958635 3.222812 -12.437385 0.181639 
171 0.323766 0.000000 0.538958 99.862953 0.000000 5.233596 0.005489 
172 -5.611936 0.000000 -10.512965 99.862953 0.000000 5.233596 0.005489 
173 -10.360498 0.000000 -10.512965 99.862953 0.000000 5.233596 0.005489 
174 -5.611936 0.000000 -14.933734 99.862953 0.000000 5.233596 0.005489 
175 -3.237656 0.000000 -3.881811 99.862953 0.000000 5.233596 0.005489 
176 -5.611936 0.000000 -3.881811 99.862953 0.000000 5.233596 0.005489 
177 -3.237656 0.000000 -6.092195 99.862953 0.000000 5.233596 0.005489 
178 0.323766 0.000000 -2.776618 99.862953 0.000000 5.233596 0.005489 
179 -0.863375 0.000000 -2.776618 99.862953 0.000000 5.233596 0.005489 
180 0.323766 0.000000 -3.881811 99.862953 0.000000 5.233596 0.005489 
181 1.510906 0.000000 -2.776618 99.862953 0.000000 5.233596 0.005489 
182 13.382310 0.000000 -1.671426 100.823672 -0.022090 3.804217 -0.015012 
183 13.382310 0.000000 -6.092195 99.627358 0.003954 5.174103 0.010153 
184 18.130872 0.000000 -1.671426 96.000241 -0.020381 -0.274641 0.080641 
185 13.382310 0.000000 2.749343 100.440655 -0.039799 14.291683 0.011641 
186 6.259468 0.000000 0.538958 92.153674 1.198876 4.242198 0.161295 
187 6.259468 0.000000 -1.671426 83.643567 -0.151554 -0.480466 0.334308 
188 8.633748 0.000000 0.538958 96.316783 0.083394 5.795210 0.077751 
189 6.259468 0.000000 2.749343 96.276902 0.262346 8.977957 0.083541 
190 2.698046 0.000000 -0.566234 63.333049 0.837258 -8.653880 0.750664 
191 2.698046 0.000000 -1.671426 65.926603 1.047963 -7.485994 0.698341 
192 3.885187 0.000000 -0.566234 24.084862 -0.395567 14.447044 1.344490 
193 2.698046 0.000000 0.538958 55.304414 1.555346 19.939997 0.949216 
194 0.917336 0.000000 -1.118830 55.898421 0.881860 -7.581073 0.884135 
195 0.323766 0.000000 -1.118830 11.202286 -0.498127 -0.145293 1.390162 
196 0.917336 0.000000 -1.671426 99.074445 0.009060 4.448653 0.020555 
197 1.510906 0.000000 -1.118830 60.651895 0.783165 -17.688810 0.837458 
198 0.917336 0.000000 -0.566234 37.315437 0.711856 9.804776 1.178399 
199 1.510906 0.000000 4.959728 99.862953 0.000000 5.233596 0.005489 
200 -0.863375 0.000000 4.959728 99.862953 0.000000 5.233596 0.005489 
201 3.885187 0.000000 4.959728 99.862953 0.000000 5.233596 0.005489 
202 1.510906 0.000000 7.170112 99.862953 0.000000 5.233596 0.005489 
203 0.323766 0.000000 1.644151 99.862953 0.000000 5.233596 0.005489 
204 -0.863375 0.000000 1.644151 99.862953 0.000000 5.233596 0.005489 
205 1.510906 0.000000 1.644151 99.862953 0.000000 5.233596 0.005489 
206 0.323766 0.000000 2.749343 99.862953 0.000000 5.233596 0.005489 
207 0.917336 0.000000 -0.013638 44.642027 1.195404 19.067740 1.120858 
208 0.323766 0.000000 -0.013638 8.771896 0.306621 3.039206 1.400950 
209 1.510906 0.000000 -0.013638 43.450405 1.865534 23.320883 1.170574 
210 0.917336 0.000000 0.538958 99.862953 0.000000 5.233596 0.005489 
211 6.259468 0.000000 -3.881811 98.082332 -0.125245 6.027220 0.042247 
212 6.259468 0.000000 -6.092195 97.094533 0.025599 2.729672 0.059232 
213 8.633748 0.000000 -3.881811 98.596981 -0.027878 4.901515 0.030597 
214 2.698046 0.000000 -2.776618 89.512264 0.254469 -3.824590 0.215076 
215 2.698046 0.000000 -3.881811 99.449660 0.002279 4.877553 0.013420 
216 3.885187 0.000000 -2.776618 103.763069 0.243790 8.310861 -0.068030 
217 5.072327 0.000000 -0.566234 80.082657 0.008156 12.433572 0.427279 
218 5.072327 0.000000 -1.671426 49.739707 1.365167 -0.543575 0.979537 
219 6.259468 0.000000 -0.566234 83.289985 -0.234947 -0.343495 0.341575 
220 5.072327 0.000000 0.538958 81.871622 1.077539 18.934562 0.416377 
221 3.291617 0.000000 -1.118830 65.930558 1.050951 -7.674740 0.698685 
222 2.698046 0.000000 -1.118830 64.256690 0.912556 -8.058311 0.731646 
223 3.291617 0.000000 -1.671426 65.893634 1.131567 -5.787142 0.695706 
224 3.885187 0.000000 -1.118830 49.036818 0.897383 -1.526493 0.991060 
225 3.291617 0.000000 -0.566234 81.248865 -0.467710 11.751311 0.401052 
226 2.698046 0.000000 1.644151 90.812153 -1.334605 10.279276 0.198858 
227 3.885187 0.000000 1.644151 108.409093 0.959473 0.777295 -0.164340 
228 2.698046 0.000000 2.749343 99.862953 0.000000 5.233596 0.005489 
229 13.382310 0.000000 7.170112 99.549650 0.010845 5.323374 0.011871 
230 18.130872 0.000000 7.170112 100.899619 0.008105 3.870402 -0.016477 
231 13.382310 0.000000 11.590882 99.521801 0.029296 5.635246 0.012775 
232 6.259468 0.000000 4.959728 95.985344 -1.782090 8.838013 0.089557 
233 8.633748 0.000000 4.959728 101.706076 -0.180667 4.437028 -0.032064 
234 6.259468 0.000000 7.170112 99.862953 0.000000 5.233596 0.005489 
235 5.072327 0.000000 1.644151 81.830681 1.016789 19.146502 0.418259 
236 6.259468 0.000000 1.644151 85.594372 0.205926 18.611417 0.336280 
237 5.072327 0.000000 2.749343 102.032269 0.419923 4.413300 -0.038546 
238 3.291617 0.000000 1.091555 63.686223 1.325230 19.013714 0.787250 
239 2.698046 0.000000 1.091555 49.923986 1.983484 18.083808 1.030707 
240 3.291617 0.000000 0.538958 64.390484 1.328759 17.975781 0.767809 
241 3.885187 0.000000 1.091555 64.173682 1.500655 20.311279 0.785610 
242 3.291617 0.000000 1.644151 113.876964 0.424010 -3.897524 -0.265195 
243 5.072327 0.000000 -2.776618 102.759829 0.102092 12.117880 -0.040663 
244 5.072327 0.000000 -3.881811 105.150709 0.139883 10.520507 -0.091419 
245 6.259468 0.000000 -2.776618 100.396280 -0.342918 7.778814 -0.001877 
246 11.008029 0.000000 0.538958 99.302701 -0.188091 5.650046 0.017199 
247 11.008029 0.000000 -1.671426 98.611297 0.018078 3.592733 0.029173 
248 13.382310 0.000000 0.538958 101.024035 -0.061558 3.506810 -0.019221 
249 11.008029 0.000000 2.749343 97.722884 0.018984 15.883427 0.072047 
250 7.446608 0.000000 -0.566234 88.461628 -0.014573 10.794586 0.248631 
251 7.446608 0.000000 -1.671426 88.587230 -0.007167 1.046270 0.232555 
252 8.633748 0.000000 -0.566234 95.533406 0.302278 6.410565 0.094506 
253 7.446608 0.000000 0.538958 92.593642 0.136000 9.712081 0.160585 
254 5.665897 0.000000 -1.118830 74.699112 -0.411497 -1.067900 0.517060 
255 5.072327 0.000000 -1.118830 53.103420 -0.021522 -0.870132 0.923389 
256 5.665897 0.000000 -1.671426 74.661291 -0.418136 -1.045352 0.517817 
257 6.259468 0.000000 -1.118830 83.666008 -0.145824 -0.489213 0.333847 
258 5.665897 0.000000 -0.566234 76.577587 0.873442 15.530000 0.511194 
259 4.478757 0.000000 1.091555 69.554613 1.086298 18.490206 0.668448 
260 4.478757 0.000000 0.538958 64.880718 1.224858 17.306955 0.754707 
261 5.072327 0.000000 1.091555 81.795502 0.978548 19.326021 0.419878 
262 4.478757 0.000000 1.644151 63.599522 1.318315 17.897770 0.782674 
263 7.446608 0.000000 1.644151 89.181978 0.186979 17.382444 0.255413 
264 8.633748 0.000000 1.644151 98.937664 0.009159 5.072546 0.023910 
265 7.446608 0.000000 2.749343 98.231067 -0.395590 7.198511 0.040850 
266 5.665897 0.000000 1.091555 82.971897 0.499324 20.049320 0.398626 
267 5.665897 0.000000 0.538958 85.864860 -0.806365 11.680453 0.305046 
268 6.259468 0.000000 1.091555 85.716635 0.237002 18.105717 0.331421 
269 5.665897 0.000000 1.644151 97.615249 -0.018392 9.745214 0.057787 
270 18.130872 0.000000 -23.775272 99.862953 0.000000 5.233596 0.005489 
271 18.130872 0.000000 -32.616811 99.862953 0.000000 5.233596 0.005489 
272 27.627995 0.000000 -23.775272 99.818909 -0.003796 5.209551 0.006347 
273 13.382310 0.000000 -10.512965 100.204705 0.113596 5.562637 -0.001002 
274 13.382310 0.000000 -14.933734 99.451314 0.027355 4.833781 0.013344 
275 18.130872 0.000000 -10.512965 99.775555 0.003507 5.205768 0.007213 
276 11.008029 0.000000 -3.881811 99.636046 0.089165 5.429950 0.010253 
277 11.008029 0.000000 -6.092195 100.841197 -0.121053 6.443523 -0.012683 
278 13.382310 0.000000 -3.881811 99.576805 0.008419 5.166287 0.011160 
279 7.446608 0.000000 -2.776618 100.374549 0.293727 7.795109 -0.001419 
280 7.446608 0.000000 -3.881811 98.956704 0.069552 5.010447 0.023464 
281 8.633748 0.000000 -2.776618 96.824706 -0.097685 4.347635 0.065895 
282 6.853038 0.000000 -1.118830 84.943397 -0.121740 -0.042996 0.307509 
283 6.853038 0.000000 -1.671426 84.899556 -0.124742 -0.050964 0.308413 
284 7.446608 0.000000 -1.118830 88.377646 -0.008944 0.953133 0.236850 
285 6.853038 0.000000 -0.566234 73.274351 -0.442744 3.505379 0.547229 
286 9.820889 0.000000 -0.566234 95.608711 0.056040 3.111200 0.089616 
287 9.820889 0.000000 -1.671426 96.379011 0.037464 3.231986 0.074047 
288 11.008029 0.000000 -0.566234 98.257755 0.038526 3.477336 0.036213 
289 9.820889 0.000000 0.538958 98.135120 0.175114 5.955474 0.041094 
290 9.820889 0.000000 -2.776618 99.182905 0.101812 5.446104 0.019376 
291 9.820889 0.000000 -3.881811 98.984660 -0.078901 5.229542 0.023129 
292 11.008029 0.000000 -2.776618 99.012037 -0.010553 4.989234 0.022328 
293 37.125118 0.000000 -6.092195 98.729732 -0.000036 1.089040 0.025595 
294 37.125118 0.000000 -14.933734 94.834315 -0.000100 0.780728 0.104410 
295 46.622241 0.000000 -6.092195 97.208211 0.004649 -0.238281 0.056162 
296 37.125118 0.000000 2.749343 97.725709 -0.000899 2.853098 0.046542 
297 22.879433 0.000000 -1.671426 104.748110 0.002040 -1.331370 -0.093697 
298 22.879433 0.000000 -6.092195 99.257832 0.001396 4.362036 0.016792 
299 27.627995 0.000000 -1.671426 88.267157 -0.125706 7.462225 0.245530 
300 22.879433 0.000000 2.749343 114.156315 -0.027951 -8.950901 -0.265111 
301 15.756591 0.000000 0.538958 101.910258 -0.007847 3.948903 -0.036520 
302 15.756591 0.000000 -1.671426 102.005804 -0.012677 3.351045 -0.038840 
303 18.130872 0.000000 0.538958 102.820524 0.013219 0.079792 -0.056037 
304 15.756591 0.000000 2.749343 100.457320 -0.004803 14.064871 0.010655 
305 12.195170 0.000000 -0.566234 99.912493 -0.016047 3.789319 0.003189 
306 12.195170 0.000000 -1.671426 99.915926 -0.018147 3.799351 0.003128 
307 13.382310 0.000000 -0.566234 100.802696 -0.019614 3.782827 -0.014610 
308 12.195170 0.000000 0.538958 100.629488 -0.069109 5.289612 -0.009796 
309 10.414459 0.000000 -1.118830 98.238545 0.029986 3.414378 0.036556 
310 9.820889 0.000000 -1.118830 96.452513 0.037922 3.243983 0.072564 
311 10.414459 0.000000 -1.671426 98.264693 0.033297 3.496965 0.036087 
312 11.008029 0.000000 -1.118830 98.666390 0.015419 3.609080 0.028076 
313 10.414459 0.000000 -0.566234 98.220720 0.033426 3.359284 0.036877 
314 15.756591 0.000000 -3.881811 100.020784 0.025790 5.346716 0.002445 
315 15.756591 0.000000 -6.092195 99.585803 -0.001940 5.066254 0.010876 
316 18.130872 0.000000 -3.881811 99.453985 -0.020269 4.665442 0.013129 
317 12.195170 0.000000 -2.776618 99.788981 0.001375 5.538370 0.007302 
318 12.195170 0.000000 -3.881811 99.496185 -0.013946 5.207105 0.012821 
319 13.382310 0.000000 -2.776618 100.709035 -0.004671 6.064452 -0.010513 
320 10.414459 0.000000 -2.224022 98.279406 0.026568 3.538383 0.035821 
321 9.820889 0.000000 -2.224022 95.608711 0.056040 3.111200 0.089616 
322 10.414459 0.000000 -2.776618 99.441084 0.155103 5.554649 0.014308 
323 11.008029 0.000000 -2.224022 98.279406 0.026568 3.538383 0.035821 
324 11.601599 0.000000 -1.118830 99.551259 -0.000629 3.623088 0.010305 
325 11.601599 0.000000 -1.671426 99.571731 -0.011778 3.751110 0.009990 
326 12.195170 0.000000 -1.118830 99.985114 -0.020152 3.812801 0.001753 
327 11.601599 0.000000 -0.566234 99.550522 0.012829 3.497823 0.010230 
328 10.711244 0.000000 -1.395128 98.262194 0.034675 3.489919 0.036133 
329 10.414459 0.000000 -1.395128 98.256280 -0.179357 3.471791 0.036242 
330 10.711244 0.000000 -1.671426 98.261814 0.034984 3.488843 0.036140 
331 11.008029 0.000000 -1.395128 98.655917 0.015311 3.606447 0.028285 
332 10.711244 0.000000 -1.118830 98.229603 0.031105 3.386883 0.036717 
333 11.008029 0.000000 4.959728 99.273613 -0.020450 5.536023 0.017651 
334 13.382310 0.000000 4.959728 99.478206 0.026851 5.202688 0.013178 
335 11.008029 0.000000 7.170112 99.887531 0.021787 5.398641 0.005172 
336 9.820889 0.000000 1.644151 94.603818 -0.035638 16.672730 0.139282 
337 11.008029 0.000000 1.644151 97.352812 -0.003649 13.968957 0.073629 
338 9.820889 0.000000 2.749343 98.343328 0.020086 5.329061 0.036160 
339 9.820889 0.000000 3.854535 99.269723 -0.091467 5.381175 0.017559 
340 8.633748 0.000000 3.854535 98.975879 -0.000209 6.378453 0.024662 
341 11.008029 0.000000 3.854535 98.961956 0.030371 5.509606 0.023892 
342 9.820889 0.000000 4.959728 99.005905 0.013105 5.877344 0.023432 
343 9.227319 0.000000 2.196747 95.101289 -0.025847 14.932929 0.122961 
344 8.633748 0.000000 2.196747 96.969069 -0.169802 6.597909 0.065547 
345 9.227319 0.000000 1.644151 95.162294 -0.027879 14.719563 0.121013 
346 9.820889 0.000000 2.196747 95.519493 -0.022191 16.445396 0.119458 
347 9.227319 0.000000 2.749343 95.123598 -0.026810 14.854901 0.122247 
348 12.195170 0.000000 1.644151 99.160974 0.047730 13.496120 0.035366 
349 13.382310 0.000000 1.644151 101.753447 -0.017327 4.412456 -0.033029 
350 12.195170 0.000000 2.749343 99.350808 0.023606 14.704935 0.034998 
351 10.414459 0.000000 2.196747 97.276200 0.001165 14.366474 0.076386 
352 10.414459 0.000000 1.644151 97.570555 0.008808 11.887662 0.063532 
353 11.008029 0.000000 2.196747 97.702450 0.013761 15.106539 0.069937 
354 10.414459 0.000000 2.749343 97.262329 -0.000133 14.438471 0.076890 
355 7.446608 0.000000 3.854535 97.354453 -0.013123 7.920075 0.059726 
356 6.259468 0.000000 3.854535 97.908485 -0.010778 7.297057 0.047509 
357 7.446608 0.000000 4.959728 102.071141 -0.153538 3.840671 -0.039791 
358 9.227319 0.000000 3.301939 100.669572 -0.018707 4.277527 -0.011558 
359 8.633748 0.000000 3.301939 98.874892 0.029893 5.999283 0.026219 
360 9.820889 0.000000 3.301939 99.071716 -0.038961 5.526007 0.021701 
361 9.227319 0.000000 3.854535 99.758104 0.112786 5.282498 0.007645 
362 9.524104 0.000000 2.473045 95.502996 -0.018566 15.694679 0.117185 
363 9.227319 0.000000 2.473045 95.106458 -0.026180 14.914849 0.122795 
364 9.524104 0.000000 2.196747 95.530801 -0.016871 15.756197 0.116819 
365 9.820889 0.000000 2.473045 95.500882 -0.021715 16.450018 0.119860 
366 9.524104 0.000000 2.749343 94.603818 -0.035638 16.672730 0.139282 
367 37.125118 0.000000 11.590882 119.705268 -0.000052 -10.815174 -0.361175 
368 46.622241 0.000000 11.590882 101.029756 -0.000235 3.025782 -0.019645 
369 37.125118 0.000000 20.432420 99.968633 -0.000216 4.938286 0.003069 
370 22.879433 0.000000 7.170112 107.078530 0.004538 -1.629222 -0.138770 
371 27.627995 0.000000 7.170112 98.681985 -0.001154 4.776444 0.028761 
372 22.879433 0.000000 11.590882 99.817707 -0.008352 4.999580 0.006156 
373 15.756591 0.000000 4.959728 99.299857 0.002242 4.787437 0.016341 
374 18.130872 0.000000 4.959728 99.191771 -0.027080 3.814621 0.017666 
375 15.756591 0.000000 7.170112 100.300421 -0.015325 4.675089 -0.003827 
376 12.195170 0.000000 3.854535 99.155636 0.039327 5.155326 0.019611 
377 13.382310 0.000000 3.854535 100.008558 -0.068167 15.062627 0.022701 
378 12.195170 0.000000 4.959728 99.447510 0.007184 5.324344 0.013923 
379 14.569450 0.000000 -0.566234 101.603558 -0.016010 3.762426 -0.030570 
380 14.569450 0.000000 -1.671426 101.785393 -0.041711 3.706583 -0.034222 
381 15.756591 0.000000 -0.566234 101.914115 -0.012150 3.337770 -0.037030 
382 14.569450 0.000000 0.538958 99.457056 -0.032676 3.460626 0.012079 
383 14.569450 0.000000 -2.776618 99.208123 0.008215 4.700189 0.018101 
384 14.569450 0.000000 -3.881811 100.026673 -0.001242 5.417262 0.002403 
385 15.756591 0.000000 -2.776618 98.743486 -0.005318 4.294361 0.027076 
386 20.505152 0.000000 0.538958 105.307449 0.006720 0.052792 -0.104758 
387 20.505152 0.000000 -1.671426 105.992554 -0.010912 3.049033 -0.117204 
388 22.879433 0.000000 0.538958 104.840568 -0.006598 -0.315932 -0.095656 
389 20.505152 0.000000 2.749343 108.821605 0.003952 -3.913164 -0.170983 
390 16.943731 0.000000 -0.566234 102.528137 -0.022449 2.518990 -0.049653 
391 16.943731 0.000000 -1.671426 102.528137 -0.022449 2.518990 -0.049653 
392 18.130872 0.000000 -0.566234 105.726321 -0.025669 2.572863 -0.112286 
393 16.943731 0.000000 0.538958 101.879844 0.000013 3.134125 -0.036479 
394 15.163021 0.000000 -1.118830 102.500408 -0.016796 3.579808 -0.048481 
395 14.569450 0.000000 -1.118830 101.632208 -0.020239 3.753644 -0.031146 
396 15.163021 0.000000 -1.671426 102.732139 -0.014545 3.456203 -0.053146 
397 15.756591 0.000000 -1.118830 101.910738 -0.012689 3.337282 -0.036963 
398 15.163021 0.000000 -0.566234 102.422641 -0.013911 3.668775 -0.046880 
399 14.569450 0.000000 3.854535 99.911447 -0.022387 14.496735 0.022973 
400 14.569450 0.000000 2.749343 100.352945 -0.010813 13.798306 0.012020 
401 15.756591 0.000000 3.854535 100.124618 -0.003603 14.046731 0.017344 
402 14.569450 0.000000 4.959728 99.395802 -0.024890 5.062607 0.014688 
403 20.505152 0.000000 4.959728 95.842302 0.005142 5.630752 0.087204 
404 22.879433 0.000000 4.959728 99.752555 0.004640 2.179720 0.005428 
405 20.505152 0.000000 7.170112 100.246085 -0.000757 4.193802 -0.003165 
406 16.943731 0.000000 3.854535 104.929745 -0.036270 11.924489 -0.084127 
407 16.943731 0.000000 2.749343 104.929745 -0.036270 11.924489 -0.084127 
408 18.130872 0.000000 3.854535 106.027759 -0.056121 6.263502 -0.115148 
409 16.943731 0.000000 4.959728 100.923924 -0.034636 2.500230 -0.017823 
410 22.879433 0.000000 -10.512965 99.598035 -0.005222 4.991002 0.010554 
411 22.879433 0.000000 -14.933734 99.707301 -0.001083 5.122684 0.008495 
412 27.627995 0.000000 -10.512965 99.864489 0.002622 5.055481 0.005274 
413 20.505152 0.000000 -3.881811 98.488362 -0.000471 3.357895 0.031482 
414 20.505152 0.000000 -6.092195 98.996590 -0.008176 4.355118 0.022037 
415 22.879433 0.000000 -3.881811 96.827041 0.003335 2.569204 0.064559 
416 19.318012 0.000000 -0.566234 106.266961 -0.016188 2.657414 -0.122720 
417 19.318012 0.000000 -1.671426 105.943333 -0.017954 2.606914 -0.116479 
418 20.505152 0.000000 -0.566234 105.393186 -0.008449 2.709341 -0.105748 
419 19.318012 0.000000 0.538958 103.854106 0.013246 1.550426 -0.076143 
420 19.318012 0.000000 3.854535 108.171644 -0.052688 1.473122 -0.159755 
421 19.318012 0.000000 2.749343 108.465286 -0.051174 0.910767 -0.165471 
422 20.505152 0.000000 3.854535 109.904984 -0.021110 -3.066188 -0.192005 
423 19.318012 0.000000 4.959728 99.849462 -0.002598 3.478044 0.004225 
424 32.376556 0.000000 -1.671426 117.256801 0.038886 -2.393278 -0.326577 
425 32.376556 0.000000 -6.092195 88.406698 0.000161 -3.190120 0.237331 
426 37.125118 0.000000 -1.671426 110.514556 0.001708 2.505803 -0.203734 
427 32.376556 0.000000 2.749343 104.551744 0.000353 -6.919638 -0.085546 
428 25.253714 0.000000 0.538958 128.294175 -0.005111 -0.269887 -0.509370 
429 25.253714 0.000000 -1.671426 107.979604 0.035675 -1.684214 -0.156029 
430 27.627995 0.000000 0.538958 106.799964 -0.001644 0.197984 -0.133644 
431 25.253714 0.000000 2.749343 114.087913 0.268250 -6.153738 -0.267237 
432 21.692293 0.000000 -0.566234 105.624692 -0.010793 2.478465 -0.110357 
433 21.692293 0.000000 -1.671426 106.560738 -0.010057 2.071248 -0.128647 
434 22.879433 0.000000 -0.566234 104.416447 0.002393 -0.923386 -0.087303 
435 21.692293 0.000000 0.538958 98.648745 -0.003386 -8.841758 0.035095 
436 25.253714 0.000000 -3.881811 103.873178 0.000809 2.282671 -0.076252 
437 25.253714 0.000000 -6.092195 98.932710 0.001219 4.174934 0.023166 
438 27.627995 0.000000 -3.881811 86.319568 -0.001202 -6.976571 0.284969 
439 21.692293 0.000000 -2.776618 99.221479 0.004196 3.786766 0.017047 
440 20.505152 0.000000 -2.776618 98.876349 0.005526 2.992829 0.023438 
441 21.692293 0.000000 -3.881811 98.643465 0.004854 3.643221 0.028563 
442 22.879433 0.000000 -2.776618 91.100516 0.002506 -3.400704 0.182043 
443 21.098722 0.000000 -1.118830 104.434488 -0.011728 2.996250 -0.086895 
444 20.505152 0.000000 -1.118830 105.477002 -0.011004 3.145490 -0.107142 
445 21.098722 0.000000 -1.671426 104.357921 -0.011789 3.029560 -0.085378 
446 21.692293 0.000000 -1.118830 105.858031 -0.010609 2.376953 -0.114930 
447 21.098722 0.000000 -0.566234 104.548994 -0.011638 2.946436 -0.089162 
448 19.318012 0.000000 -2.776618 97.554177 -0.004020 1.954797 0.049560 
449 18.130872 0.000000 -2.776618 99.473898 -0.020962 4.262113 0.012366 
450 19.318012 0.000000 -3.881811 97.507389 -0.007307 2.780218 0.050911 
451 21.098722 0.000000 -2.224022 99.720416 0.010091 4.121817 0.007302 
452 20.505152 0.000000 -2.224022 98.501627 0.007846 3.060096 0.031020 
453 21.098722 0.000000 -2.776618 98.386772 0.006683 3.217322 0.033434 
454 21.692293 0.000000 -2.224022 95.975539 0.006198 1.795078 0.081475 
455 24.066573 0.000000 -0.566234 103.281753 0.002828 -2.630677 -0.064466 
456 24.066573 0.000000 -1.671426 102.281689 0.006264 -3.767178 -0.044019 
457 25.253714 0.000000 -0.566234 105.801519 0.031209 -2.243758 -0.113891 
458 24.066573 0.000000 0.538958 104.335229 -0.003376 -0.085840 -0.085794 
459 22.285863 0.000000 -1.118830 104.439092 -0.002064 1.138959 -0.087705 
460 22.285863 0.000000 -1.671426 104.474961 -0.001397 0.795862 -0.088468 
461 22.879433 0.000000 -1.118830 104.248392 0.003504 -1.127592 -0.083977 
462 22.285863 0.000000 -0.566234 104.431745 -0.001148 0.738291 -0.087631 
463 21.395508 0.000000 -1.395128 104.482347 -0.011691 2.975430 -0.087843 
464 21.098722 0.000000 -1.395128 104.365197 -0.011783 3.026395 -0.085523 
465 21.395508 0.000000 -1.671426 104.443194 -0.011722 2.992463 -0.087068 
466 21.692293 0.000000 -1.395128 105.950861 -0.010536 2.336569 -0.116747 
467 21.395508 0.000000 -1.118830 104.541271 -0.011644 2.949795 -0.089010 
468 19.911582 0.000000 -1.118830 107.136365 -0.006611 2.465748 -0.139575 
469 19.318012 0.000000 -1.118830 105.999381 -0.017648 2.615660 -0.117561 
470 19.911582 0.000000 -1.671426 107.395003 -0.010031 2.833436 -0.144369 
471 19.911582 0.000000 -0.566234 107.040365 -0.005562 2.333081 -0.137786 
472 20.801937 0.000000 -1.395128 104.119711 -0.012090 3.336944 -0.080529 
473 20.505152 0.000000 -1.395128 105.939978 -0.010945 3.057116 -0.116181 
474 20.801937 0.000000 -1.671426 103.395410 -0.012545 3.448290 -0.066230 
475 20.801937 0.000000 -1.118830 103.996011 -0.012167 3.355960 -0.078091 
476 21.692293 0.000000 1.644151 107.710091 -0.002958 -1.442217 -0.150940 
477 20.505152 0.000000 1.644151 105.307449 0.006720 0.052792 -0.104758 
478 22.879433 0.000000 1.644151 104.840568 -0.006598 -0.315932 -0.095656 
479 21.692293 0.000000 2.749343 115.460929 0.032479 -5.726999 -0.292514 
480 21.098722 0.000000 -0.013638 105.003934 -0.004124 1.498646 -0.098642 
481 20.505152 0.000000 -0.013638 105.307449 0.006720 0.052792 -0.104758 
482 21.692293 0.000000 -0.013638 87.715307 0.000057 -8.726821 0.259354 
483 21.098722 0.000000 0.538958 105.032560 0.003771 0.111609 -0.099407 
484 21.395508 0.000000 -0.842532 104.583760 -0.011611 2.931311 -0.089850 
485 21.098722 0.000000 -0.842532 104.525140 -0.011657 2.956813 -0.088690 
486 21.692293 0.000000 -0.842532 105.809766 -0.010647 2.397950 -0.113985 
487 21.395508 0.000000 -0.566234 104.584396 -0.011611 2.931034 -0.089863 
488 21.247115 0.000000 -1.256979 104.470343 -0.011700 2.980652 -0.087606 
489 21.098722 0.000000 -1.256979 104.390350 -0.011763 3.015452 -0.086021 
490 21.247115 0.000000 -1.395128 104.439294 -0.011725 2.994159 -0.086991 
491 21.395508 0.000000 -1.256979 104.510782 -0.011668 2.963059 -0.088406 
492 21.247115 0.000000 -1.118830 104.508798 -0.011670 2.963923 -0.088367 
493 20.801937 0.000000 -0.842532 104.515095 -0.009676 2.948889 -0.088498 
494 20.505152 0.000000 -0.842532 105.420443 -0.008726 2.752349 -0.106256 
495 20.801937 0.000000 -0.566234 104.678720 -0.009068 2.845106 -0.091752 
496 20.950330 0.000000 -1.256979 103.395410 -0.012545 3.448290 -0.066230 
497 20.801937 0.000000 -1.256979 103.995295 -0.012168 3.356070 -0.078077 
498 20.950330 0.000000 -1.395128 103.395410 -0.012545 3.448290 -0.066230 
499 20.950330 0.000000 -1.118830 103.395410 -0.012545 3.448290 -0.066230 
500 21.247115 0.000000 -0.980681 104.545231 -0.011641 2.948073 -0.089088 
501 21.098722 0.000000 -0.980681 104.485741 -0.011688 2.973953 -0.087910 
502 21.395508 0.000000 -0.980681 104.567522 -0.011624 2.938375 -0.089529 
503 21.247115 0.000000 -0.842532 104.569252 -0.011622 2.937623 -0.089563 
504 21.172919 0.000000 -1.187905 104.456548 -0.011711 2.986653 -0.087332 
505 21.098722 0.000000 -1.187905 104.410420 -0.011747 3.006721 -0.086419 
506 21.172919 0.000000 -1.256979 104.436657 -0.011727 2.995307 -0.086938 
507 21.247115 0.000000 -1.187905 104.489109 -0.011685 2.972488 -0.087977 
508 21.172919 0.000000 -1.118830 104.478529 -0.011694 2.977091 -0.087768 
509 32.376556 0.000000 7.170112 106.745534 0.000187 -1.858357 -0.132287 
510 37.125118 0.000000 7.170112 92.913441 0.000128 8.507955 0.151563 
511 32.376556 0.000000 11.590882 102.211780 -0.000401 2.693373 -0.043307 
512 25.253714 0.000000 4.959728 99.086526 -0.000664 3.326897 0.019427 
513 27.627995 0.000000 4.959728 99.246838 -0.001231 2.571299 0.015756 
514 25.253714 0.000000 7.170112 100.276017 0.002093 3.387957 -0.004373 
515 21.692293 0.000000 3.854535 118.287959 0.038237 -5.324784 -0.342991 
516 22.879433 0.000000 3.854535 113.124100 -0.036011 -8.940696 -0.246164 
517 21.692293 0.000000 4.959728 92.078693 0.006059 6.161439 0.164901 
518 24.066573 0.000000 -2.776618 96.465402 0.000768 0.243070 0.071202 
519 24.066573 0.000000 -3.881811 95.839616 0.002069 1.352318 0.084089 
520 25.253714 0.000000 -2.776618 96.639656 -0.001112 -0.417870 0.067683 
521 22.285863 0.000000 -2.224022 97.939043 0.003087 3.183391 0.042441 
522 22.285863 0.000000 -2.776618 97.142356 0.005088 2.475901 0.058126 
523 22.879433 0.000000 -2.224022 95.953365 0.004993 0.793433 0.081651 
524 21.989078 0.000000 -1.395128 105.758650 -0.007413 1.887705 -0.113194 
525 21.989078 0.000000 -1.671426 105.749400 -0.007382 1.885589 -0.113015 
526 22.285863 0.000000 -1.395128 104.456614 -0.001291 0.771420 -0.088113 
527 21.989078 0.000000 -1.118830 105.532047 -0.008262 2.095501 -0.108719 
528 24.066573 0.000000 3.854535 101.499674 -0.002258 -1.408545 -0.029697 
529 24.066573 0.000000 2.749343 111.658299 0.117104 -7.297579 -0.221170 
530 25.253714 0.000000 3.854535 97.990204 -0.001948 2.293332 0.040907 
531 24.066573 0.000000 4.959728 100.972341 0.001851 1.620180 -0.019145 
532 22.285863 0.000000 3.301939 116.624573 0.001278 -8.164029 -0.310747 
533 21.692293 0.000000 3.301939 118.304316 0.038270 -5.322457 -0.343279 
534 22.285863 0.000000 2.749343 116.871669 0.001252 -7.987250 -0.315365 
535 22.879433 0.000000 3.301939 114.452696 -0.029393 -9.084357 -0.270331 
536 22.285863 0.000000 3.854535 116.969071 0.002708 -7.902032 -0.317199 
537 21.098722 0.000000 3.301939 114.108854 0.029726 -5.919365 -0.267850 
538 20.505152 0.000000 3.301939 109.089356 -0.005399 -3.493996 -0.176338 
539 21.098722 0.000000 2.749343 114.210944 0.029933 -5.904840 -0.269724 
540 21.098722 0.000000 3.854535 113.461732 0.028408 -6.011434 -0.255931 
541 -48.348991 0.000000 214.946266 99.862953 0.000000 5.233596 0.005489 
542 -124.325976 0.000000 214.946266 99.862953 0.000000 5.233596 0.005489 
543 27.627995 0.000000 214.946266 99.862953 0.000000 5.233596 0.005489 
544 -48.348991 0.000000 285.678573 99.862953 0.000000 5.233596 0.005489 
545 -10.360498 0.000000 108.847804 99.862953 0.000000 5.233596 0.005489 
546 -48.348991 0.000000 108.847804 99.862953 0.000000 5.233596 0.005489 
547 27.627995 0.000000 108.847804 99.862953 0.000000 5.233596 0.005489 
548 -10.360498 0.000000 144.213958 99.862953 0.000000 5.233596 0.005489 
549 8.633748 0.000000 55.798574 99.862953 0.000000 5.233596 0.005489 
550 -10.360498 0.000000 55.798574 99.862953 0.000000 5.233596 0.005489 
551 27.627995 0.000000 55.798574 99.862953 0.000000 5.233596 0.005489 
552 8.633748 0.000000 73.481651 99.862953 0.000000 5.233596 0.005489 
553 18.130872 0.000000 29.273958 99.862953 0.000000 5.233596 0.005489 
554 8.633748 0.000000 29.273958 99.862953 0.000000 5.233596 0.005489 
555 27.627995 0.000000 29.273958 99.839701 -0.027404 5.289178 0.006014 
556 18.130872 0.000000 38.115497 99.862953 0.000000 5.233596 0.005489 
557 22.879433 0.000000 16.011651 99.853352 -0.006897 5.178541 0.005624 
558 18.130872 0.000000 16.011651 99.914914 -0.003440 5.249996 0.004464 
559 27.627995 0.000000 16.011651 100.050635 0.001286 4.942555 0.001431 
560 22.879433 0.000000 20.432420 100.267941 -0.007005 4.903699 -0.002958 
561 20.505152 0.000000 9.380497 100.525249 -0.010581 4.329132 -0.008631 
562 18.130872 0.000000 9.380497 99.688258 -0.017746 5.227595 0.008987 
563 22.879433 0.000000 9.380497 99.945402 -0.001945 4.843912 0.003442 
564 20.505152 0.000000 11.590882 100.258888 -0.002734 4.798150 -0.002879 
565 21.692293 0.000000 6.064920 98.684277 0.007808 4.835388 0.028773 
566 20.505152 0.000000 6.064920 100.272347 -0.001316 4.023226 -0.003830 
567 22.879433 0.000000 6.064920 95.209058 0.004122 6.065866 0.100652 
568 21.692293 0.000000 7.170112 103.681921 0.003260 1.387429 -0.072809 
569 22.285863 0.000000 4.407132 100.072511 0.006611 -2.788535 -0.000673 
570 21.692293 0.000000 4.407132 93.230621 0.007420 3.961359 0.138803 
571 22.879433 0.000000 4.407132 98.397233 0.006152 2.332790 0.032721 
572 22.285863 0.000000 4.959728 97.154252 0.005407 2.775987 0.058050 
573 21.989078 0.000000 3.578237 118.193822 0.030924 -5.979923 -0.340798 
574 21.692293 0.000000 3.578237 118.177678 0.038012 -5.340474 -0.341051 
575 21.989078 0.000000 3.301939 118.115368 0.029648 -6.091641 -0.339324 
576 22.285863 0.000000 3.578237 117.060890 0.006804 -7.792865 -0.318960 
577 21.989078 0.000000 3.854535 119.173875 0.030886 -6.023746 -0.357820 
578 23.473003 0.000000 -1.118830 104.658201 0.002383 -1.821928 -0.091797 
579 23.473003 0.000000 -1.671426 104.329069 0.002924 -2.694311 -0.084994 
580 24.066573 0.000000 -1.118830 103.015531 0.004186 -3.454055 -0.058741 
581 23.473003 0.000000 -0.566234 104.374281 0.001686 -1.775232 -0.086264 
582 24.066573 0.000000 1.644151 104.032669 -0.004432 -0.194757 -0.079868 
583 25.253714 0.000000 1.644151 128.294175 -0.005111 -0.269887 -0.509370 
584 23.473003 0.000000 3.301939 112.512659 -0.012392 -8.531433 -0.235439 
585 23.473003 0.000000 2.749343 113.042266 -0.002575 -8.559244 -0.245199 
586 24.066573 0.000000 3.301939 112.640754 0.099048 -7.618240 -0.239024 
587 23.473003 0.000000 3.854535 112.996860 0.015978 -8.347594 -0.244653 
588 30.002275 0.000000 0.538958 87.805142 0.000332 -0.664109 0.248588 
589 30.002275 0.000000 -1.671426 92.442697 0.040199 -2.526528 0.153917 
590 32.376556 0.000000 0.538958 103.630608 0.000304 0.191130 -0.071980 
591 30.002275 0.000000 2.749343 118.925806 -0.065238 -12.577282 -0.344576 
592 26.440854 0.000000 -0.566234 94.350003 0.015960 -2.238488 0.114759 
593 26.440854 0.000000 -1.671426 91.665692 0.022772 -2.941041 0.170107 
594 27.627995 0.000000 -0.566234 90.954451 -0.105232 6.240519 0.188142 
595 26.440854 0.000000 0.538958 116.621517 -0.002930 0.002524 -0.315775 
596 103.604980 0.000000 -209.447580 99.862953 0.000000 5.233596 0.005489 
597 103.604980 0.000000 -280.179887 99.862953 0.000000 5.233596 0.005489 
598 179.581965 0.000000 -209.447580 99.848195 -0.000384 5.221947 0.005773 
599 65.616487 0.000000 -103.349118 99.862953 0.000000 5.233596 0.005489 
600 65.616487 0.000000 -138.715272 99.862953 0.000000 5.233596 0.005489 
601 103.604980 0.000000 -103.349118 102.836538 0.000022 7.578352 -0.050834 
602 46.622241 0.000000 -50.299888 99.829944 -0.004249 5.211852 0.006128 
603 46.622241 0.000000 -67.982965 99.862953 0.000000 5.233596 0.005489 
604 65.616487 0.000000 -50.299888 98.990970 -0.000031 4.454201 0.022239 
605 37.125118 0.000000 -23.775272 99.478566 0.000697 4.882461 0.012844 
606 37.125118 0.000000 -32.616811 99.895956 -0.000901 5.263029 0.004858 
607 46.622241 0.000000 -23.775272 94.392046 0.000069 0.619625 0.113401 
608 32.376556 0.000000 -10.512965 114.742550 -0.000187 12.572616 -0.269605 
609 32.376556 0.000000 -14.933734 98.373302 0.000810 3.982487 0.034270 
610 37.125118 0.000000 -10.512965 100.633947 0.000059 3.871066 -0.011175 
611 30.002275 0.000000 -3.881811 82.863410 0.000267 -11.578050 0.367041 
612 30.002275 0.000000 -6.092195 134.735166 0.000086 22.185173 -0.577484 
613 32.376556 0.000000 -3.881811 102.670133 0.000016 -2.992214 -0.052208 
614 26.440854 0.000000 -2.776618 -4.241598 -0.000818 -20.199017 1.487888 
615 26.440854 0.000000 -3.881811 63.695085 -0.001061 -6.871097 0.739568 
616 27.627995 0.000000 -2.776618 173.269096 -0.000364 7.056649 -0.719795 
617 25.847284 0.000000 -1.118830 97.690723 0.047367 -3.433248 0.047626 
618 25.253714 0.000000 -1.118830 102.831939 0.040208 -2.310336 -0.055751 
619 25.847284 0.000000 -1.671426 99.308656 0.044593 -3.266008 0.014925 
620 26.440854 0.000000 -1.118830 91.980818 0.019201 -2.551922 0.163402 
621 25.847284 0.000000 -0.566234 99.587142 0.044115 -3.237222 0.009319 
622 30.002275 0.000000 4.959728 105.024616 -0.000102 -5.947633 -0.095968 
623 32.376556 0.000000 4.959728 89.554745 0.000127 7.350661 0.218731 
624 30.002275 0.000000 7.170112 100.303623 -0.000559 3.147272 -0.005082 
625 26.440854 0.000000 3.854535 103.305271 -0.001353 -2.540263 -0.064973 
626 26.440854 0.000000 2.749343 107.292021 0.263583 -11.336787 -0.131549 
627 27.627995 0.000000 3.854535 100.236375 -0.001211 -0.329560 -0.004714 
628 26.440854 0.000000 4.959728 101.488487 -0.001003 0.868525 -0.029595 
629 26.440854 0.000000 1.644151 116.604297 -0.002926 0.002926 -0.315469 
630 27.627995 0.000000 1.644151 88.013348 0.000529 -15.575177 0.272870 
631 25.847284 0.000000 3.301939 109.253648 0.293061 -9.368748 -0.172874 
632 25.253714 0.000000 3.301939 112.458098 0.301057 -6.867070 -0.236532 
633 25.847284 0.000000 2.749343 112.319615 0.245049 -7.903620 -0.232704 
634 26.440854 0.000000 3.301939 106.938665 0.264789 -11.345156 -0.124674 
635 25.847284 0.000000 3.854535 99.777643 -0.001969 0.523207 0.004477 
636 28.815135 0.000000 -0.566234 100.447335 -0.014324 -5.439312 -0.005995 
637 28.815135 0.000000 -1.671426 101.137105 -0.016725 -6.037001 -0.019094 
638 30.002275 0.000000 -0.566234 90.214163 0.019003 -1.681774 0.199273 
639 28.815135 0.000000 0.538958 95.788585 0.001890 -1.402476 0.085140 
640 28.815135 0.000000 1.644151 95.788585 0.001890 -1.402476 0.085140 
641 30.002275 0.000000 1.644151 114.305476 -0.050539 -7.865648 -0.269293 
642 28.815135 0.000000 2.749343 90.664588 0.012180 -11.261069 0.204125 
643 28.815135 0.000000 -2.776618 65.997567 0.000251 -6.851033 0.695480 
644 28.815135 0.000000 -3.881811 139.178548 0.000139 9.480139 -0.658016 
645 30.002275 0.000000 -2.776618 107.656126 -0.000127 1.007121 -0.150002 
646 255.558951 0.000000 -67.982965 99.872050 0.001863 5.109900 0.005178 
647 255.558951 0.000000 -138.715272 99.870583 0.001117 5.201846 0.005303 
648 331.535936 0.000000 -67.982965 99.870017 0.001760 5.119839 0.005229 
649 255.558951 0.000000 2.749343 100.004923 0.008384 2.532428 0.000543 
650 141.593473 0.000000 -32.616811 99.899590 0.003599 4.752510 0.004272 
651 141.593473 0.000000 -67.982965 99.895646 0.002202 5.105028 0.004700 
652 179.581965 0.000000 -32.616811 99.891030 0.003401 4.788020 0.004478 
653 141.593473 0.000000 2.749343 100.065528 0.009438 1.409690 -0.001112 
654 84.610734 0.000000 -14.933734 100.004991 0.006395 3.750676 0.001308 
655 84.610734 0.000000 -32.616811 100.046641 0.004351 4.767285 0.001340 
656 103.604980 0.000000 -14.933734 99.960316 0.006095 3.817052 0.002252 
657 84.610734 0.000000 2.749343 100.096354 0.006551 1.187039 -0.001786 
658 56.119364 0.000000 -6.092195 119.457113 0.007779 10.554563 -0.357274 
659 56.119364 0.000000 -14.933734 98.475357 0.011180 2.908356 0.031456 
660 65.616487 0.000000 -6.092195 100.294738 0.008604 2.492999 -0.005272 
661 56.119364 0.000000 2.749343 70.987671 -0.001695 22.367152 0.662073 
662 41.873679 0.000000 -1.671426 113.581394 0.008956 3.520335 -0.260037 
663 41.873679 0.000000 -6.092195 99.959486 -0.000497 2.597577 0.001486 
664 46.622241 0.000000 -1.671426 101.114464 0.000684 2.458031 -0.021639 
665 41.873679 0.000000 2.749343 102.599114 -0.000534 -0.971976 -0.051576 
666 34.750837 0.000000 0.538958 98.288094 0.000937 0.148293 0.034364 
667 34.750837 0.000000 -1.671426 105.551490 0.010839 1.719628 -0.109229 
668 37.125118 0.000000 0.538958 114.559462 -0.000077 -4.309494 -0.277350 
669 34.750837 0.000000 2.749343 107.694575 0.000148 -3.902890 -0.149473 
670 31.189416 0.000000 -0.566234 100.661767 0.010945 -2.991602 -0.012329 
671 31.189416 0.000000 -1.671426 100.863449 0.010746 -2.998503 -0.016347 
672 32.376556 0.000000 -0.566234 112.223949 0.027321 -1.649532 -0.235866 
673 31.189416 0.000000 0.538958 90.586617 0.000075 -26.545123 0.273164 
674 29.408705 0.000000 -1.118830 93.108868 0.040593 -2.757571 0.140408 
675 28.815135 0.000000 -1.118830 99.128895 -0.043621 -4.030607 0.019101 
676 29.408705 0.000000 -1.671426 95.631099 0.026555 -3.584368 0.089498 
677 30.002275 0.000000 -1.118830 91.241307 0.031454 -2.178985 0.178382 
678 29.408705 0.000000 -0.566234 92.833950 0.017868 -2.787413 0.146054 
679 31.189416 0.000000 1.644151 117.179969 -0.086768 -8.264286 -0.320498 
680 32.376556 0.000000 1.644151 105.943070 -0.015417 -7.503004 -0.111938 
681 31.189416 0.000000 2.749343 103.091739 -0.080174 -8.708424 -0.054118 
682 28.815135 0.000000 3.854535 135.936982 -0.000323 -28.410873 -0.578036 
683 30.002275 0.000000 3.854535 106.714585 0.000444 -2.362675 -0.131498 
684 28.815135 0.000000 4.959728 102.684895 -0.000428 -0.508660 -0.053336 
685 29.408705 0.000000 2.196747 101.614751 -0.030999 -13.934529 -0.013077 
686 28.815135 0.000000 2.196747 97.147619 0.028020 -9.832000 0.067479 
687 29.408705 0.000000 1.644151 94.984167 -0.018827 -10.646170 0.113490 
688 30.002275 0.000000 2.196747 121.012487 -0.067619 -12.237160 -0.381341 
689 29.408705 0.000000 2.749343 99.371657 -0.031659 -14.955001 0.035333 
690 34.750837 0.000000 -3.881811 86.330607 0.000080 -7.163535 0.285057 
691 34.750837 0.000000 -6.092195 101.089663 0.000014 2.932331 -0.020893 
692 37.125118 0.000000 -3.881811 92.766497 -0.000005 -2.454578 0.147243 
693 31.189416 0.000000 -2.776618 91.529913 0.000054 -3.714669 0.173472 
694 31.189416 0.000000 -3.881811 88.016760 0.000305 -2.545050 0.244935 
695 32.376556 0.000000 -2.776618 105.482713 -0.000018 -3.098696 -0.107280 
696 33.563697 0.000000 -0.566234 113.613532 0.019469 -0.300316 -0.261614 
697 33.563697 0.000000 -1.671426 113.613532 0.019469 -0.300316 -0.261614 
698 34.750837 0.000000 -0.566234 103.994573 0.007717 1.439504 -0.078929 
699 33.563697 0.000000 0.538958 115.483055 -0.000218 -2.092045 -0.295123 
700 31.782986 0.000000 -1.118830 110.473104 0.020705 -2.511775 -0.202954 
701 31.189416 0.000000 -1.118830 101.975736 0.009649 -3.036563 -0.038439 
702 31.782986 0.000000 -1.671426 108.364699 0.017180 -2.455888 -0.163097 
703 32.376556 0.000000 -1.118830 117.237246 0.039466 -2.170306 -0.326309 
704 31.782986 0.000000 -0.566234 106.965016 0.013579 -1.914430 -0.136496 
705 255.558951 0.000000 73.481651 99.871346 -0.002628 5.040132 0.005121 
706 331.535936 0.000000 73.481651 99.873866 -0.002775 5.012860 0.005043 
707 255.558951 0.000000 144.213958 99.860215 -0.001308 5.192542 0.005501 
708 141.593473 0.000000 38.115497 99.887482 -0.005137 4.638238 0.004407 
709 179.581965 0.000000 38.115497 99.895305 -0.005404 4.567642 0.004185 
710 141.593473 0.000000 73.481651 99.851483 -0.002628 5.085769 0.005566 
711 84.610734 0.000000 20.432420 99.928879 -0.009143 3.842344 0.002901 
712 103.604980 0.000000 20.432420 99.934676 -0.009205 3.723762 0.002695 
713 84.610734 0.000000 38.115497 100.128575 -0.005203 4.576252 -0.000479 
714 56.119364 0.000000 11.590882 98.881140 -0.012367 4.077854 0.024122 
715 65.616487 0.000000 11.590882 100.769624 -0.008500 2.524820 -0.014735 
716 56.119364 0.000000 20.432420 100.664946 0.000109 3.886423 -0.011782 
717 41.873679 0.000000 7.170112 102.933116 0.000905 0.700717 -0.058211 
718 46.622241 0.000000 7.170112 98.983319 -0.002767 2.208339 0.020873 
719 41.873679 0.000000 11.590882 106.725531 -0.000005 -1.090324 -0.132106 
720 34.750837 0.000000 4.959728 99.238896 0.000183 1.713862 0.015544 
721 37.125118 0.000000 4.959728 108.075982 0.000106 -4.820102 -0.156066 
722 34.750837 0.000000 7.170112 100.031046 0.000006 2.753260 0.000137 
723 33.563697 0.000000 1.644151 109.829482 -0.018778 -7.827007 -0.186120 
724 34.750837 0.000000 1.644151 117.562510 -0.000635 -8.083822 -0.327492 
725 33.563697 0.000000 2.749343 97.937322 0.000416 -0.173435 0.041435 
726 31.189416 0.000000 3.854535 133.281568 0.000010 -21.655736 -0.557504 
727 32.376556 0.000000 3.854535 98.791240 0.000061 -0.242600 0.024244 
728 31.189416 0.000000 4.959728 96.816744 -0.000012 8.107394 0.070967 
729 31.782986 0.000000 2.196747 102.617155 -0.037910 -8.107062 -0.045684 
730 31.189416 0.000000 2.196747 112.120129 -0.084400 -8.423800 -0.228299 
731 31.782986 0.000000 1.644151 102.418009 -0.035448 -6.677533 -0.043778 
732 32.376556 0.000000 2.196747 106.213016 -0.018853 -8.600832 -0.115567 
733 31.782986 0.000000 2.749343 102.695878 0.000162 -5.653872 -0.050502 
734 33.563697 0.000000 -2.776618 89.540913 -0.000073 -2.115613 0.213312 
735 33.563697 0.000000 -3.881811 103.748402 -0.000149 -0.238258 -0.074291 
736 34.750837 0.000000 -2.776618 87.893896 0.000070 -4.322376 0.248899 
737 32.970126 0.000000 -1.118830 117.541048 0.032088 -1.302899 -0.331883 
738 32.970126 0.000000 -1.671426 117.760668 0.033775 -1.431390 -0.335712 
739 33.563697 0.000000 -1.118830 111.287179 0.012970 0.221558 -0.218702 
740 32.970126 0.000000 -0.566234 111.320111 0.022768 -0.972037 -0.219240 
741 33.563697 0.000000 3.854535 102.612848 0.000147 -2.490629 -0.051341 
742 34.750837 0.000000 3.854535 98.416165 0.000171 2.861768 0.032621 
743 33.563697 0.000000 4.959728 103.183106 0.000064 -0.868086 -0.063112 
744 32.970126 0.000000 2.196747 105.466982 -0.014263 -7.789917 -0.102257 
745 32.970126 0.000000 1.644151 104.877078 -0.012980 -7.164300 -0.091597 
746 33.563697 0.000000 2.196747 109.836621 -0.018784 -7.827750 -0.186254 
747 32.970126 0.000000 2.749343 104.889325 0.000168 -5.366787 -0.093936 
748 39.499399 0.000000 0.538958 116.086818 -0.219182 -8.194025 -0.301089 
749 39.499399 0.000000 -1.671426 111.044484 0.006745 0.977540 -0.214100 
750 41.873679 0.000000 0.538958 115.295526 -0.140462 -8.918670 -0.285874 
751 39.499399 0.000000 2.749343 100.274431 0.003624 1.336570 -0.005307 
752 35.937977 0.000000 -0.566234 118.081303 -0.006856 3.114043 -0.340759 
753 35.937977 0.000000 -1.671426 118.078273 -0.006856 3.113710 -0.340706 
754 37.125118 0.000000 -0.566234 114.970807 0.002673 3.348854 -0.285370 
755 35.937977 0.000000 0.538958 115.075564 -0.000450 -1.495290 -0.287963 
756 34.157267 0.000000 -1.118830 107.238376 0.010299 1.141629 -0.141963 
757 34.157267 0.000000 -1.671426 107.455795 0.011142 1.198631 -0.146125 
758 34.750837 0.000000 -1.118830 107.471350 0.007278 2.088343 -0.146162 
759 34.157267 0.000000 -0.566234 104.851627 0.008201 0.893300 -0.095807 
760 41.873679 0.000000 -10.512965 96.447363 -0.000051 1.630566 0.071841 
761 41.873679 0.000000 -14.933734 94.292975 -0.000023 0.196442 0.115385 
762 46.622241 0.000000 -10.512965 97.531627 0.000610 2.018906 0.050042 
763 39.499399 0.000000 -3.881811 94.992538 -0.000359 -1.329723 0.101312 
764 39.499399 0.000000 -6.092195 95.435575 -0.000085 -0.138972 0.092109 
765 41.873679 0.000000 -3.881811 96.541145 -0.001073 0.369155 0.069675 
766 35.937977 0.000000 -2.776618 100.472110 -0.000114 -2.752286 -0.008680 
767 35.937977 0.000000 -3.881811 99.472000 0.000020 -0.720355 0.010624 
768 37.125118 0.000000 -2.776618 100.383781 -0.000004 0.564547 -0.007637 
769 34.157267 0.000000 -2.224022 88.461240 -0.000007 -4.743523 0.237643 
770 33.563697 0.000000 -2.224022 84.099012 -0.000210 -6.618803 0.330271 
771 34.157267 0.000000 -2.776618 86.874996 -0.000002 -6.073606 0.272083 
772 34.750837 0.000000 -2.224022 89.790312 0.000165 -3.129830 0.208789 
773 33.860482 0.000000 -1.395128 110.168038 0.012485 0.764384 -0.197711 
774 33.563697 0.000000 -1.395128 111.669590 0.014038 0.135771 -0.225818 
775 33.860482 0.000000 -1.671426 111.242681 0.014100 0.370033 -0.217865 
776 34.157267 0.000000 -1.395128 107.808176 0.011048 1.222422 -0.152870 
777 33.860482 0.000000 -1.118830 109.106646 0.011072 1.029178 -0.177635 
778 35.937977 0.000000 1.644151 108.472321 0.038713 -7.156180 -0.161174 
779 37.125118 0.000000 1.644151 115.650707 0.014549 -8.511620 -0.292842 
780 35.937977 0.000000 2.749343 101.742971 -0.000637 -1.720571 -0.034432 
781 34.157267 0.000000 2.196747 118.699364 -0.011674 -9.028150 -0.346261 
782 34.157267 0.000000 1.644151 117.907957 -0.010456 -8.400290 -0.333192 
783 34.750837 0.000000 2.196747 118.448742 0.000157 -8.504048 -0.342555 
784 34.157267 0.000000 2.749343 98.754092 0.000153 2.793504 0.025779 
785 34.157267 0.000000 1.091555 111.813066 -0.004267 -5.530342 -0.225942 
786 33.563697 0.000000 1.091555 108.040635 -0.017320 -7.640831 -0.152274 
787 34.157267 0.000000 0.538958 98.360773 0.000963 0.148497 0.032900 
788 34.750837 0.000000 1.091555 114.647733 -0.000140 -6.572143 -0.277003 
789 33.860482 0.000000 1.920449 116.945843 -0.013504 -8.484241 -0.316062 
790 33.563697 0.000000 1.920449 110.310025 -0.019170 -7.877020 -0.195135 
791 33.860482 0.000000 1.644151 115.103263 -0.013889 -8.062616 -0.283538 
792 34.157267 0.000000 1.920449 117.896665 -0.010728 -8.405025 -0.332988 
793 33.860482 0.000000 2.196747 118.115022 -0.014722 -8.931364 -0.336149 
794 35.344407 0.000000 -1.118830 110.158196 -0.000101 2.426069 -0.197074 
795 35.344407 0.000000 -1.671426 109.833172 0.001341 2.381589 -0.190971 
796 35.937977 0.000000 -1.118830 118.962850 -0.007780 3.150770 -0.356083 
797 35.344407 0.000000 -0.566234 109.833172 0.001341 2.381589 -0.190971 
798 39.499399 0.000000 4.959728 104.169822 -0.001270 -0.533385 -0.082531 
799 41.873679 0.000000 4.959728 102.347919 0.002919 0.578592 -0.046670 
800 39.499399 0.000000 7.170112 101.842514 -0.000169 1.811579 -0.036375 
801 35.937977 0.000000 3.854535 107.064797 -0.000036 -3.995939 -0.137310 
802 37.125118 0.000000 3.854535 98.789958 0.000094 1.974132 0.024660 
803 35.937977 0.000000 4.959728 100.887942 0.000054 2.049043 -0.017309 
804 35.344407 0.000000 2.196747 113.417543 0.004995 -7.787236 -0.253137 
805 35.344407 0.000000 1.644151 110.976884 0.007314 -7.561859 -0.208095 
806 35.937977 0.000000 2.196747 108.360173 0.049408 -7.201375 -0.158972 
807 35.344407 0.000000 2.749343 109.150838 0.000230 -6.798359 -0.174547 
808 35.344407 0.000000 -2.224022 100.425354 -0.000133 -2.591616 -0.007831 
809 35.344407 0.000000 -2.776618 102.079777 -0.000026 -1.046027 -0.041290 
810 35.937977 0.000000 -2.224022 102.687593 -0.000027 -3.175179 -0.052445 
811 38.312258 0.000000 -0.566234 110.657390 0.000006 2.599776 -0.206371 
812 38.312258 0.000000 -1.671426 110.357840 -0.000602 2.439835 -0.200820 
813 39.499399 0.000000 -0.566234 111.059152 0.006840 0.969858 -0.214375 
814 38.312258 0.000000 0.538958 108.418166 -0.000078 0.189625 -0.164643 
815 36.531548 0.000000 -1.118830 118.531923 -0.003572 3.365120 -0.348500 
816 36.531548 0.000000 -1.671426 118.466673 -0.003573 3.350804 -0.347371 
817 37.125118 0.000000 -1.118830 114.755979 0.002247 3.325079 -0.281502 
818 36.531548 0.000000 -0.566234 117.508565 -0.000947 3.397065 -0.330576 
819 35.641192 0.000000 -1.395128 113.561452 -0.003460 2.688164 -0.260088 
820 35.344407 0.000000 -1.395128 109.548027 0.001295 2.360128 -0.185598 
821 35.641192 0.000000 -1.671426 113.385472 -0.003234 2.673693 -0.256875 
822 35.937977 0.000000 -1.395128 118.825255 -0.007655 3.143709 -0.353701 
823 35.641192 0.000000 -1.118830 113.150734 -0.003657 2.670725 -0.252575 
824 35.344407 0.000000 1.091555 113.417543 0.004995 -7.787236 -0.253137 
825 35.344407 0.000000 0.538958 100.410583 0.001706 0.154260 -0.008202 
826 35.937977 0.000000 1.091555 108.576900 0.038378 -7.211950 -0.163102 
827 38.312258 0.000000 1.644151 116.053127 0.005422 -8.735132 -0.299780 
828 39.499399 0.000000 1.644151 115.627297 -0.148078 -8.289702 -0.292709 
829 38.312258 0.000000 2.749343 104.617781 0.003045 -2.546307 -0.090712 
830 36.531548 0.000000 2.196747 98.135434 -0.001630 1.147167 0.037573 
831 36.531548 0.000000 1.644151 109.468270 0.052529 -7.603915 -0.179569 
832 37.125118 0.000000 2.196747 102.479687 0.002683 -2.109995 -0.048878 
833 36.531548 0.000000 2.749343 100.011335 0.000825 -0.446097 -0.000207 
834 35.641192 0.000000 1.920449 108.875622 0.023175 -7.226524 -0.168783 
835 35.344407 0.000000 1.920449 111.233125 0.007071 -7.585521 -0.212867 
836 35.641192 0.000000 1.644151 110.296533 0.014595 -7.431415 -0.195464 
837 35.937977 0.000000 1.920449 108.489567 0.037911 -7.157796 -0.161502 
838 35.641192 0.000000 2.196747 108.875622 0.023175 -7.226524 -0.168783 
839 38.312258 0.000000 -2.776618 97.899529 -0.000020 2.037642 0.042622 
840 38.312258 0.000000 -3.881811 95.968569 0.000019 0.185722 0.081280 
841 39.499399 0.000000 -2.776618 97.240744 -0.000999 -0.716721 0.055552 
842 37.718688 0.000000 -1.118830 111.438659 0.001447 2.945859 -0.220801 
843 37.718688 0.000000 -1.671426 111.702481 0.001464 2.954282 -0.225704 
844 38.312258 0.000000 -1.118830 110.744995 -0.000015 2.606899 -0.208008 
845 37.718688 0.000000 -0.566234 111.689828 0.001452 2.951473 -0.225471 
846 36.531548 0.000000 -0.013638 105.819613 -0.003045 -0.022563 -0.114703 
847 35.937977 0.000000 -0.013638 116.772711 -0.000113 -4.314114 -0.317042 
848 37.125118 0.000000 -0.013638 115.565702 -0.001018 1.520106 -0.296766 
849 36.531548 0.000000 0.538958 105.819613 -0.003045 -0.022563 -0.114703 
850 36.828333 0.000000 -0.842532 116.050292 0.001503 3.379324 -0.304734 
851 36.531548 0.000000 -0.842532 118.403108 -0.003399 3.353873 -0.346262 
852 36.828333 0.000000 -1.118830 116.027246 0.001592 3.380398 -0.304322 
853 37.125118 0.000000 -0.842532 114.389543 0.002825 3.319608 -0.274867 
854 36.828333 0.000000 -0.566234 116.112824 0.001044 3.370550 -0.305855 
855 36.234763 0.000000 -0.842532 119.315260 -0.005552 3.343512 -0.362084 
856 35.937977 0.000000 -0.842532 118.818365 -0.007650 3.143300 -0.353582 
857 36.234763 0.000000 -1.118830 118.681370 -0.005385 3.283065 -0.351138 
858 36.234763 0.000000 -0.566234 119.696495 -0.006943 3.291424 -0.368672 
859 36.531548 0.000000 -2.224022 91.227624 -0.000203 -5.004830 0.180950 
860 36.531548 0.000000 -2.776618 95.360578 0.000054 -2.380061 0.094236 
861 37.125118 0.000000 -2.224022 102.393403 -0.000049 0.969410 -0.047511 
862 36.828333 0.000000 -1.395128 116.057791 0.001483 3.379192 -0.304868 
863 36.531548 0.000000 -1.395128 118.404998 -0.003404 3.353782 -0.346295 
864 36.828333 0.000000 -1.671426 116.126383 0.001024 3.370807 -0.306097 
865 37.125118 0.000000 -1.395128 115.203871 0.001866 3.340528 -0.289576 
866 36.679940 0.000000 -0.980681 117.194650 -0.000422 3.379582 -0.325053 
867 36.531548 0.000000 -0.980681 118.379066 -0.003333 3.355034 -0.345842 
868 36.679940 0.000000 -1.118830 117.022920 0.000001 3.383200 -0.322017 
869 36.828333 0.000000 -0.980681 116.032554 0.001568 3.380037 -0.304417 
870 36.679940 0.000000 -0.842532 116.734136 0.000824 3.400283 -0.316894 
871 36.531548 0.000000 1.091555 110.703415 0.049696 -7.976753 -0.202411 
872 37.125118 0.000000 1.091555 114.596309 0.023793 -8.538278 -0.273713 
873 37.718688 0.000000 1.091555 116.199518 0.004461 -8.512443 -0.302702 
874 37.718688 0.000000 0.538958 106.685763 -0.019626 0.001534 -0.131447 
875 38.312258 0.000000 1.091555 116.040891 0.005510 -8.739489 -0.299554 
876 37.718688 0.000000 1.644151 116.025849 0.004102 -8.409026 -0.299723 
877 36.828333 0.000000 1.367853 113.066690 0.034859 -8.388937 -0.245885 
878 36.531548 0.000000 1.367853 109.839589 0.049590 -7.690913 -0.186493 
879 36.828333 0.000000 1.091555 112.990790 0.034476 -8.306692 -0.244596 
880 37.125118 0.000000 1.367853 115.489334 0.015964 -8.515700 -0.289927 
881 36.828333 0.000000 1.644151 112.998293 0.035533 -8.396613 -0.244612 
882 36.234763 0.000000 1.367853 108.404587 0.055047 -7.283779 -0.159717 
883 35.937977 0.000000 1.367853 108.490504 0.038933 -7.168705 -0.161506 
884 36.234763 0.000000 1.091555 107.693269 0.035639 -5.316917 -0.148287 
885 36.234763 0.000000 1.644151 108.421812 0.057234 -7.315736 -0.160005 
886 38.312258 0.000000 3.854535 101.622355 0.001236 0.724551 -0.032276 
887 39.499399 0.000000 3.854535 103.162956 -0.000438 -0.645309 -0.062747 
888 38.312258 0.000000 4.959728 99.011112 -0.000128 3.341517 0.020953 
889 37.718688 0.000000 2.196747 103.175301 -0.003711 -0.217520 -0.063025 
890 38.312258 0.000000 2.196747 103.990477 -0.005523 -3.946484 -0.077576 
891 37.718688 0.000000 2.749343 105.960051 -0.003051 -2.638258 -0.116788 
892 36.828333 0.000000 1.920449 112.885510 0.036175 -8.371624 -0.242563 
893 36.531548 0.000000 1.920449 110.703415 0.049696 -7.976753 -0.202411 
894 37.125118 0.000000 1.920449 115.384031 0.016887 -8.518362 -0.288022 
895 36.828333 0.000000 2.196747 99.807884 0.003130 -0.937151 0.003932 
896 36.679940 0.000000 1.506002 112.111489 0.042498 -8.354089 -0.228236 
897 36.531548 0.000000 1.506002 109.842314 0.049590 -7.691815 -0.186543 
898 36.679940 0.000000 1.367853 111.847087 0.043850 -8.283235 -0.223410 
899 36.828333 0.000000 1.506002 113.049357 0.035114 -8.397583 -0.245553 
900 36.679940 0.000000 1.644151 112.189752 0.042098 -8.375062 -0.229662 
901 37.718688 0.000000 -0.013638 106.685763 -0.019626 0.001534 -0.131447 
902 38.312258 0.000000 -0.013638 108.250004 0.000438 -0.323497 -0.161432 
903 37.421903 0.000000 -0.842532 113.490285 0.002420 3.216465 -0.258536 
904 37.421903 0.000000 -1.118830 113.576926 0.002562 3.235744 -0.260110 
905 37.718688 0.000000 -0.842532 111.473603 0.001453 2.947648 -0.221451 
906 37.421903 0.000000 -0.566234 112.474061 0.002246 3.125594 -0.239907 
907 37.421903 0.000000 1.367853 115.455296 0.012752 -8.418303 -0.289442 
908 37.421903 0.000000 1.091555 115.423893 0.013156 -8.422689 -0.288869 
909 37.718688 0.000000 1.367853 116.053947 0.004072 -8.426470 -0.300204 
910 37.421903 0.000000 1.644151 115.636202 0.012191 -8.442404 -0.292672 
911 51.370803 0.000000 -1.671426 100.460950 0.003848 3.114958 -0.008245 
912 51.370803 0.000000 -6.092195 99.634939 0.013430 3.687358 0.008675 
913 56.119364 0.000000 -1.671426 106.483005 0.006924 0.909039 -0.127461 
914 51.370803 0.000000 2.749343 101.839093 0.006878 1.800272 -0.036311 
915 44.247960 0.000000 0.538958 135.844259 0.061929 -39.324876 -0.535616 
916 44.247960 0.000000 -1.671426 93.983301 -0.004776 -2.360042 0.122306 
917 46.622241 0.000000 0.538958 126.420857 0.013667 -24.600720 -0.441519 
918 44.247960 0.000000 2.749343 97.219212 -0.002577 0.964226 0.056031 
919 40.686539 0.000000 -0.566234 116.738001 0.025808 0.369272 -0.317830 
920 40.686539 0.000000 -1.671426 117.507280 0.025513 0.528389 -0.331396 
921 41.873679 0.000000 -0.566234 124.257708 0.019084 1.946665 -0.445394 
922 40.686539 0.000000 0.538958 107.371678 -0.320320 -8.620670 -0.137971 
923 38.905828 0.000000 -1.118830 109.903236 -0.001355 1.886845 -0.192473 
924 38.905828 0.000000 -1.671426 109.755886 -0.001407 1.959147 -0.189671 
925 39.499399 0.000000 -1.118830 110.986711 0.006521 0.975262 -0.213021 
926 38.905828 0.000000 -0.566234 109.755886 -0.001407 1.959147 -0.189671 
927 40.686539 0.000000 1.644151 107.261295 -0.339789 -8.137793 -0.136567 
928 41.873679 0.000000 1.644151 115.295526 -0.140462 -8.918670 -0.285874 
929 40.686539 0.000000 2.749343 103.010585 -0.007605 -0.756391 -0.059730 
930 38.905828 0.000000 1.091555 114.808078 -0.006634 -8.585431 -0.277500 
931 38.905828 0.000000 0.538958 111.400237 -0.005462 1.366108 -0.220655 
932 39.499399 0.000000 1.091555 115.670272 -0.154598 -8.281736 -0.293493 
933 38.905828 0.000000 1.644151 114.816588 -0.007428 -8.585943 -0.277653 
934 44.247960 0.000000 -3.881811 102.248300 0.002539 0.957075 -0.044643 
935 44.247960 0.000000 -6.092195 97.694160 0.000637 1.071949 0.046457 
936 46.622241 0.000000 -3.881811 96.667020 0.014341 1.307022 0.067289 
937 40.686539 0.000000 -2.776618 100.694210 0.001236 0.889882 -0.013784 
938 40.686539 0.000000 -3.881811 101.151495 0.000204 2.434986 -0.022387 
939 41.873679 0.000000 -2.776618 99.348486 0.000504 2.111339 0.013499 
940 40.092969 0.000000 -1.118830 112.923086 0.016953 0.333139 -0.248965 
941 40.092969 0.000000 -1.671426 106.723809 0.013621 1.141786 -0.132063 
942 40.686539 0.000000 -1.118830 116.012834 0.024702 0.313660 -0.304936 
943 40.092969 0.000000 -0.566234 112.971158 0.016804 0.377464 -0.249846 
944 38.905828 0.000000 -0.013638 115.342113 0.001077 3.650913 -0.291894 
945 39.499399 0.000000 -0.013638 111.297380 0.000632 1.338387 -0.218746 
946 39.202614 0.000000 -0.842532 110.082608 0.000574 1.605629 -0.195935 
947 38.905828 0.000000 -0.842532 109.927153 -0.001288 1.951596 -0.192903 
948 39.202614 0.000000 -1.118830 110.019015 0.000009 1.628093 -0.194732 
949 39.499399 0.000000 -0.842532 110.989834 0.006527 0.976687 -0.213079 
950 39.202614 0.000000 -0.566234 110.067698 0.000484 1.621762 -0.195650 
951 40.092969 0.000000 1.091555 113.428504 -0.294768 -7.895692 -0.253194 
952 40.092969 0.000000 0.538958 111.879512 -0.338812 -7.721854 -0.224753 
953 40.686539 0.000000 1.091555 107.281095 -0.336296 -8.224410 -0.136822 
954 40.092969 0.000000 1.644151 111.879512 -0.338812 -7.721854 -0.224753 
955 38.905828 0.000000 2.196747 102.219857 0.005995 -1.143007 -0.044043 
956 39.499399 0.000000 2.196747 100.596680 -0.006354 0.245383 -0.011912 
957 38.905828 0.000000 2.749343 100.291498 -0.003567 0.608875 -0.005789 
958 39.202614 0.000000 1.367853 114.981754 -0.037370 -8.513502 -0.280749 
959 38.905828 0.000000 1.367853 114.838003 -0.009427 -8.587231 -0.278041 
960 39.202614 0.000000 1.091555 115.019969 -0.046097 -8.486534 -0.281477 
961 39.499399 0.000000 1.367853 115.644516 -0.151251 -8.282244 -0.293029 
962 39.202614 0.000000 1.644151 115.001596 -0.043048 -8.492995 -0.281136 
963 51.370803 0.000000 7.170112 95.149242 -0.005394 8.150371 0.105054 
964 56.119364 0.000000 7.170112 99.831058 -0.005948 2.503422 0.004008 
965 51.370803 0.000000 11.590882 102.028496 -0.017358 2.091259 -0.039956 
966 44.247960 0.000000 4.959728 99.292528 -0.000022 2.672732 0.014893 
967 46.622241 0.000000 4.959728 100.615148 -0.012351 1.034258 -0.012180 
968 44.247960 0.000000 7.170112 100.919100 -0.001976 2.447235 -0.017753 
969 43.060820 0.000000 1.644151 99.764390 -0.001093 -8.179177 0.011443 
970 43.060820 0.000000 0.538958 109.457435 -0.084200 -21.958808 -0.141961 
971 44.247960 0.000000 1.644151 89.903351 -0.002290 8.805712 0.214234 
972 43.060820 0.000000 2.749343 105.357519 -0.000203 -14.600611 -0.085906 
973 41.280109 0.000000 1.091555 107.543218 -0.290064 -9.371078 -0.140070 
974 41.280109 0.000000 0.538958 107.667940 -0.268066 -9.916678 -0.141534 
975 41.873679 0.000000 1.091555 113.682740 -0.182240 -7.315543 -0.258577 
976 41.280109 0.000000 1.644151 107.667940 -0.268066 -9.916678 -0.141534 
977 43.060820 0.000000 -0.566234 143.832406 0.049896 5.612281 -0.717069 
978 43.060820 0.000000 -1.671426 100.772808 -0.000916 10.947109 -0.003527 
979 44.247960 0.000000 -0.566234 158.093132 -0.160234 11.263467 -0.719795 
980 43.060820 0.000000 -2.776618 101.743403 0.000985 4.455389 -0.032792 
981 43.060820 0.000000 -3.881811 99.296131 0.002053 1.116681 0.014225 
982 44.247960 0.000000 -2.776618 103.339604 0.000672 -4.099268 -0.064663 
983 42.467250 0.000000 -1.118830 137.220744 0.035269 3.647211 -0.636175 
984 41.873679 0.000000 -1.118830 124.842719 0.018369 2.070480 -0.454823 
985 42.467250 0.000000 -1.671426 139.186602 0.038454 3.881287 -0.661543 
986 43.060820 0.000000 -1.118830 142.586838 0.046828 5.148191 -0.702742 
987 42.467250 0.000000 -0.566234 135.572269 0.032597 3.450926 -0.614150 
988 42.467250 0.000000 1.091555 110.501506 -0.127677 -12.430190 -0.190834 
989 42.467250 0.000000 0.538958 108.815313 -0.123180 -13.665291 -0.155786 
990 43.060820 0.000000 1.091555 109.004515 -0.085579 -21.733256 -0.133955 
991 42.467250 0.000000 1.644151 103.696922 0.000345 -27.969104 0.002925 
992 48.996522 0.000000 0.538958 103.146521 0.006715 -0.572165 -0.062432 
993 48.996522 0.000000 -1.671426 113.014471 0.001143 5.949534 -0.247774 
994 51.370803 0.000000 0.538958 101.653718 0.013788 2.309212 -0.032429 
995 48.996522 0.000000 2.749343 100.324691 -0.009392 2.883718 -0.005661 
996 45.435101 0.000000 -0.566234 184.526758 -0.656975 23.802738 -0.719795 
997 45.435101 0.000000 -1.671426 84.592326 -0.047431 -21.630145 0.372596 
998 46.622241 0.000000 -0.566234 204.453389 -0.223482 -26.203904 -0.719795 
999 45.435101 0.000000 0.538958 165.511291 0.083183 -62.398581 -0.719795 
1000 43.654390 0.000000 -1.118830 149.315800 0.016966 8.252148 -0.719795 
1001 43.654390 0.000000 -1.671426 89.212901 -0.000759 -18.106729 0.257788 
1002 44.247960 0.000000 -1.118830 155.576470 -0.149771 11.290209 -0.719795 
1003 43.654390 0.000000 -0.566234 149.284284 0.018636 8.217949 -0.719795 
1004 45.435101 0.000000 1.644151 121.844050 -0.011173 -15.429821 -0.389338 
1005 46.622241 0.000000 1.644151 101.040551 0.017351 -4.588849 -0.018686 
1006 45.435101 0.000000 2.749343 106.518792 -0.043692 -6.270418 -0.124659 
1007 44.841530 0.000000 -0.013638 160.784277 0.075893 -45.661432 -0.719795 
1008 44.247960 0.000000 -0.013638 137.304504 0.057124 -39.580879 -0.556998 
1009 44.841530 0.000000 -0.566234 167.616635 -0.373799 16.698959 -0.719795 
1010 45.435101 0.000000 -0.013638 172.103248 -0.094752 -36.188063 -0.719795 
1011 44.841530 0.000000 0.538958 163.814289 0.081568 -56.516119 -0.719795 
1012 -200.302961 0.000000 -209.447580 99.862953 0.000000 5.233596 0.005489 
1013 -276.279947 0.000000 -209.447580 99.862953 0.000000 5.233596 0.005489 
1014 -200.302961 0.000000 -280.179887 99.862953 0.000000 5.233596 0.005489 
1015 255.558951 0.000000 -209.447580 99.877113 0.000942 5.225348 0.005196 
1016 255.558951 0.000000 -280.179887 99.639826 -0.000002 5.049192 0.009774 
1017 331.535936 0.000000 -209.447580 99.867635 0.000784 5.220188 0.005381 
1018 -200.302961 0.000000 214.946266 99.862953 0.000000 5.233596 0.005489 
1019 -276.279947 0.000000 214.946266 99.862953 0.000000 5.233596 0.005489 
1020 -200.302961 0.000000 285.678573 99.862953 0.000000 5.233596 0.005489 
1021 -86.337483 0.000000 -103.349118 99.862953 0.000000 5.233596 0.005489 
1022 -124.325976 0.000000 -103.349118 99.862953 0.000000 5.233596 0.005489 
1023 -86.337483 0.000000 -138.715272 99.862953 0.000000 5.233596 0.005489 
1024 103.604980 0.000000 214.946266 99.862953 0.000000 5.233596 0.005489 
1025 179.581965 0.000000 214.946266 99.876076 0.000764 5.223000 0.005215 
1026 103.604980 0.000000 285.678573 99.862953 0.000000 5.233596 0.005489 
1027 141.593473 0.000000 -103.349118 99.927581 0.001866 5.203505 0.004162 
1028 141.593473 0.000000 -138.715272 99.451646 -0.000004 4.883366 0.013386 
1029 179.581965 0.000000 -103.349118 99.882736 0.001585 5.179250 0.005035 
1030 -86.337483 0.000000 108.847804 99.862953 0.000000 5.233596 0.005489 
1031 -124.325976 0.000000 108.847804 99.862953 0.000000 5.233596 0.005489 
1032 -86.337483 0.000000 144.213958 99.862953 0.000000 5.233596 0.005489 
1033 -29.354744 0.000000 -50.299888 99.862953 0.000000 5.233596 0.005489 
1034 -48.348991 0.000000 -50.299888 99.862953 0.000000 5.233596 0.005489 
1035 -29.354744 0.000000 -67.982965 99.862953 0.000000 5.233596 0.005489 
1036 65.616487 0.000000 108.847804 99.862953 0.000000 5.233596 0.005489 
1037 103.604980 0.000000 108.847804 100.191069 0.000201 4.966813 -0.001357 
1038 65.616487 0.000000 144.213958 99.862953 0.000000 5.233596 0.005489 
1039 84.610734 0.000000 -50.299888 98.880019 0.004093 4.121166 0.024180 
1040 84.610734 0.000000 -67.982965 97.974795 -0.000009 3.652951 0.042050 
1041 103.604980 0.000000 -50.299888 99.957955 0.003097 5.022204 0.003367 
1042 -29.354744 0.000000 55.798574 99.862953 0.000000 5.233596 0.005489 
1043 -48.348991 0.000000 55.798574 99.862953 0.000000 5.233596 0.005489 
1044 -29.354744 0.000000 73.481651 99.862953 0.000000 5.233596 0.005489 
1045 -19.857621 0.000000 -23.775272 99.862953 0.000000 5.233596 0.005489 
1046 -29.354744 0.000000 -23.775272 99.862953 0.000000 5.233596 0.005489 
1047 -19.857621 0.000000 -32.616811 99.862953 0.000000 5.233596 0.005489 
1048 46.622241 0.000000 55.798574 99.147828 0.022018 5.811368 0.020498 
1049 65.616487 0.000000 55.798574 100.081760 -0.000102 5.020890 0.000885 
1050 46.622241 0.000000 73.481651 99.862953 0.000000 5.233596 0.005489 
1051 -0.863375 0.000000 29.273958 99.862953 0.000000 5.233596 0.005489 
1052 -10.360498 0.000000 29.273958 99.862953 0.000000 5.233596 0.005489 
1053 -0.863375 0.000000 38.115497 99.862953 0.000000 5.233596 0.005489 
1054 56.119364 0.000000 -23.775272 98.199999 -0.000101 3.375074 0.037306 
1055 56.119364 0.000000 -32.616811 97.652208 -0.000008 3.235403 0.048268 
1056 65.616487 0.000000 -23.775272 100.009681 0.006046 4.210559 0.001580 
1057 -19.857621 0.000000 29.273958 99.862953 0.000000 5.233596 0.005489 
1058 -29.354744 0.000000 29.273958 99.862953 0.000000 5.233596 0.005489 
1059 -19.857621 0.000000 38.115497 99.862953 0.000000 5.233596 0.005489 
1060 37.125118 0.000000 29.273958 99.918746 -0.001269 5.140992 0.004274 
1061 46.622241 0.000000 29.273958 101.219917 -0.000084 3.999459 -0.022759 
1062 37.125118 0.000000 38.115497 99.888860 -0.001876 5.210783 0.004946 
1063 13.382310 0.000000 16.011651 100.096649 0.000566 5.047015 0.000613 
1064 8.633748 0.000000 16.011651 99.862953 0.000000 5.233596 0.005489 
1065 13.382310 0.000000 20.432420 99.862953 0.000000 5.233596 0.005489 
1066 -3.237656 0.000000 4.959728 99.862953 0.000000 5.233596 0.005489 
1067 -5.611936 0.000000 4.959728 99.862953 0.000000 5.233596 0.005489 
1068 -3.237656 0.000000 7.170112 99.862953 0.000000 5.233596 0.005489 
1069 2.104476 0.000000 -1.118830 46.292597 0.207032 -6.967092 1.041878 
1070 2.104476 0.000000 -1.671426 46.133909 0.354289 -6.874269 1.044127 
1071 2.104476 0.000000 -0.566234 46.404553 0.152522 -7.001941 1.040223 
1072 3.291617 0.000000 -0.013638 63.602401 1.323678 18.787586 0.787571 
1073 2.698046 0.000000 -0.013638 56.026959 1.503238 20.066799 0.937044 
1074 3.885187 0.000000 -0.013638 81.444501 7.963547 -10.455078 0.401381 
1075 2.104476 0.000000 -0.013638 21.553848 0.736382 7.723342 1.338379 
1076 2.104476 0.000000 0.538958 21.039374 1.026046 7.638206 1.342268 
1077 4.478757 0.000000 -1.118830 52.316279 0.336966 -2.815793 0.937869 
1078 4.478757 0.000000 -1.671426 48.124245 1.055542 -1.961334 1.005942 
1079 4.478757 0.000000 -0.566234 50.528308 1.057245 -2.323413 0.967361 
1080 5.665897 0.000000 -0.013638 82.040309 -0.260756 6.134321 0.371978 
1081 5.072327 0.000000 -0.013638 68.136116 -0.259284 18.399715 0.696186 
1082 6.259468 0.000000 -0.013638 89.022996 -0.211354 10.532521 0.236335 
1083 4.478757 0.000000 -0.013638 79.249623 1.005875 8.091922 0.433051 
1084 2.104476 0.000000 1.091555 123.254140 1.371035 -13.119098 -0.417553 
1085 1.510906 0.000000 1.091555 101.887877 0.005542 3.572175 -0.036352 
1086 2.104476 0.000000 1.644151 101.281509 0.004955 3.986635 -0.023995 
1087 15.756591 0.000000 9.380497 99.708345 0.018527 5.257511 0.008615 
1088 13.382310 0.000000 9.380497 99.603589 0.001625 5.435504 0.010910 
1089 15.756591 0.000000 11.590882 100.471059 -0.008583 4.720284 -0.007197 
1090 11.008029 0.000000 9.380497 100.568569 0.115763 4.866686 -0.009005 
1091 8.633748 0.000000 9.380497 103.731706 -0.161329 2.282935 -0.073473 
1092 11.008029 0.000000 11.590882 97.146687 0.101906 7.440157 0.063175 
1093 5.072327 0.000000 3.854535 102.262165 0.208589 3.917974 -0.043516 
1094 3.885187 0.000000 3.854535 100.639155 0.002368 4.578646 -0.010686 
1095 5.072327 0.000000 4.959728 107.924999 -0.281304 -0.766479 -0.155177 
1096 6.853038 0.000000 -0.013638 72.807815 -0.329085 14.427395 0.583654 
1097 7.446608 0.000000 -0.013638 93.673403 -0.035475 7.659017 0.134441 
1098 6.853038 0.000000 0.538958 94.248695 -0.221375 6.281256 0.120566 
1099 6.853038 0.000000 1.091555 86.756347 0.294942 15.843831 0.300225 
1100 7.446608 0.000000 1.091555 97.279360 0.070008 2.842919 0.055558 
1101 6.853038 0.000000 1.644151 86.632370 0.299254 16.180137 0.304127 
1102 16.943731 0.000000 1.644151 109.210549 0.006220 -1.573118 -0.179481 
1103 15.756591 0.000000 1.644151 112.376918 -0.021057 -0.128130 -0.238915 
1104 18.130872 0.000000 1.644151 102.281293 0.031261 2.049885 -0.044978 
1105 14.569450 0.000000 1.644151 108.832479 0.013224 5.305838 -0.170067 
1106 16.943731 0.000000 -2.776618 100.253996 -0.029604 5.250899 -0.002327 
1107 16.943731 0.000000 -3.881811 99.653846 -0.023324 5.047440 0.009491 
1108 11.601599 0.000000 -2.224022 99.542574 -0.018323 3.833080 0.010637 
1109 11.601599 0.000000 -2.776618 99.501249 -0.029432 5.370492 0.012894 
1110 12.195170 0.000000 -2.224022 99.542574 -0.018323 3.833080 0.010637 
1111 10.414459 0.000000 3.301939 96.943768 -0.013800 16.091759 0.088786 
1112 11.008029 0.000000 3.301939 98.926196 0.059030 5.424828 0.024517 
1113 10.414459 0.000000 3.854535 100.185920 -0.041243 4.632242 -0.001575 
1114 32.376556 0.000000 16.011651 100.206887 0.000395 4.667151 -0.001962 
1115 37.125118 0.000000 16.011651 102.515435 -0.000136 2.646013 -0.049339 
1116 32.376556 0.000000 20.432420 100.706485 0.001474 4.467771 -0.012130 
1117 25.253714 0.000000 9.380497 98.885213 0.001918 5.026035 0.024918 
1118 27.627995 0.000000 9.380497 100.316043 0.000351 4.140398 -0.004609 
1119 25.253714 0.000000 11.590882 101.716859 0.002456 3.488743 -0.033015 
1120 19.318012 0.000000 1.644151 102.895214 0.013074 1.582245 -0.057271 
1121 19.318012 0.000000 6.064920 99.764509 -0.005419 4.245747 0.006522 
1122 18.130872 0.000000 6.064920 100.194867 -0.027128 3.778329 -0.002471 
1123 19.318012 0.000000 7.170112 99.461555 -0.014836 4.791927 0.013097 
1124 19.911582 0.000000 -0.013638 105.307449 0.006720 0.052792 -0.104758 
1125 19.318012 0.000000 -0.013638 102.611828 0.019561 3.398459 -0.050806 
1126 19.911582 0.000000 0.538958 105.307449 0.006720 0.052792 -0.104758 
1127 22.285863 0.000000 -0.013638 104.473036 -0.001386 0.793298 -0.088431 
1128 22.879433 0.000000 -0.013638 104.759871 0.000941 -1.202201 -0.093957 
1129 22.285863 0.000000 0.538958 98.844624 -0.006440 -10.672301 0.034791 
1130 19.911582 0.000000 -2.224022 107.395003 -0.010031 2.833436 -0.144369 
1131 19.318012 0.000000 -2.224022 98.097008 -0.003309 2.269715 0.038741 
1132 19.911582 0.000000 -2.776618 98.911957 -0.000004 3.557070 0.023097 
1133 24.660144 0.000000 -1.118830 101.257863 0.019018 -3.493381 -0.023887 
1134 24.660144 0.000000 -1.671426 100.911391 0.023338 -3.400465 -0.017049 
1135 24.660144 0.000000 -0.566234 101.256083 0.019554 -3.458359 -0.023875 
1136 23.473003 0.000000 -0.013638 104.196865 -0.000716 -1.471459 -0.082884 
1137 24.066573 0.000000 -0.013638 103.430241 0.000875 -1.708575 -0.067769 
1138 23.473003 0.000000 0.538958 104.060354 -0.004507 -0.198909 -0.080410 
1139 21.989078 0.000000 -0.842532 105.462098 -0.008059 2.083882 -0.107364 
1140 22.285863 0.000000 -0.842532 104.412977 -0.001040 0.713288 -0.087268 
1141 21.989078 0.000000 -0.566234 105.414857 -0.008102 2.105351 -0.106438 
1142 20.950330 0.000000 -0.980681 103.395410 -0.012545 3.448290 -0.066230 
1143 20.801937 0.000000 -0.980681 104.278404 -0.011818 3.325279 -0.083645 
1144 20.950330 0.000000 -0.842532 104.006690 -0.011834 3.378479 -0.078286 
1145 30.002275 0.000000 9.380497 101.470825 -0.000119 2.968438 -0.028455 
1146 32.376556 0.000000 9.380497 102.316976 -0.000064 2.004166 -0.045702 
1147 30.002275 0.000000 11.590882 100.444021 -0.000327 4.242562 -0.007082 
1148 24.066573 0.000000 6.064920 97.847629 0.002957 4.956811 0.045776 
1149 25.253714 0.000000 6.064920 99.840354 0.001098 3.490608 0.004416 
1150 24.066573 0.000000 7.170112 97.763919 0.002625 5.191694 0.047715 
1151 21.098722 0.000000 4.407132 110.526128 0.022429 -6.429097 -0.200973 
1152 20.505152 0.000000 4.407132 98.153698 0.012507 3.523433 0.038345 
1153 21.098722 0.000000 4.959728 119.003059 0.009239 -13.123733 -0.344896 
1154 23.473003 0.000000 -2.224022 92.279237 0.000863 -3.839614 0.158196 
1155 23.473003 0.000000 -2.776618 93.116869 0.003833 -1.462895 0.139643 
1156 24.066573 0.000000 -2.224022 93.866945 0.002243 -2.671812 0.124853 
1157 24.660144 0.000000 3.301939 109.569665 0.245461 -6.136779 -0.183231 
1158 24.660144 0.000000 2.749343 109.914526 0.251575 -6.225379 -0.189660 
1159 24.660144 0.000000 3.854535 101.338448 -0.000271 -1.085454 -0.026572 
1160 23.473003 0.000000 4.407132 100.836229 0.002305 0.413357 -0.016676 
1161 24.066573 0.000000 4.407132 98.343296 0.002448 3.201290 0.034300 
1162 23.473003 0.000000 4.959728 101.479798 0.003863 0.235364 -0.029491 
1163 51.370803 0.000000 -10.512965 97.645322 0.018980 1.690110 0.047619 
1164 51.370803 0.000000 -14.933734 97.828246 0.000034 2.570078 0.044313 
1165 56.119364 0.000000 -10.512965 101.305808 0.011308 3.549908 -0.024802 
1166 30.595846 0.000000 -1.118830 92.066423 0.026835 -2.633080 0.161693 
1167 30.595846 0.000000 -1.671426 91.863488 0.019627 -2.690547 0.165890 
1168 30.595846 0.000000 -0.566234 89.296173 0.010212 -1.788483 0.218202 
1169 30.595846 0.000000 2.196747 152.150076 -0.103137 -7.161836 -0.719795 
1170 30.595846 0.000000 1.644151 152.150076 -0.103137 -7.161836 -0.719795 
1171 30.595846 0.000000 2.749343 152.150076 -0.103137 -7.161836 -0.719795 
1172 34.157267 0.000000 -0.013638 98.352177 0.000960 0.148473 0.033074 
1173 33.563697 0.000000 -0.013638 124.698564 -0.000262 -7.252685 -0.449365 
1174 34.750837 0.000000 -0.013638 98.282461 0.000935 0.148277 0.034478 
1175 32.970126 0.000000 -0.013638 100.509597 0.000371 0.136475 -0.010179 
1176 32.376556 0.000000 -0.013638 103.646817 0.000304 0.191557 -0.072298 
1177 32.970126 0.000000 0.538958 100.506827 0.000371 0.136332 -0.010123 
1178 32.970126 0.000000 1.091555 104.219171 -0.008396 -5.023229 -0.081152 
1179 32.376556 0.000000 1.091555 100.428868 0.000368 0.132314 -0.008567 
1180 32.970126 0.000000 -2.224022 110.628679 0.000199 -5.292542 -0.204031 
1181 32.376556 0.000000 -2.224022 99.763825 -0.000182 -8.183597 0.011462 
1182 32.970126 0.000000 -2.776618 108.697123 -0.000025 -3.302758 -0.169000 
1183 35.344407 0.000000 -0.013638 100.410583 0.001706 0.154260 -0.008202 
1184 35.641192 0.000000 -0.842532 113.534821 -0.003426 2.685974 -0.259602 
1185 35.344407 0.000000 -0.842532 110.839527 -0.001330 2.495299 -0.209825 
1186 35.641192 0.000000 -0.566234 116.116391 -0.006751 2.898255 -0.306146 
1187 40.686539 0.000000 3.854535 101.760549 -0.003140 0.436923 -0.035050 
1188 41.873679 0.000000 3.854535 100.566511 0.001040 1.343579 -0.011137 
1189 40.686539 0.000000 4.959728 101.352610 -0.001246 1.375729 -0.026784 
1190 36.234763 0.000000 -1.395128 118.532112 -0.005858 3.233664 -0.348567 
1191 36.234763 0.000000 -1.671426 119.696495 -0.006943 3.291424 -0.368672 
1192 35.641192 0.000000 1.367853 110.571785 0.016386 -7.435920 -0.200644 
1193 35.344407 0.000000 1.367853 111.715447 0.006612 -7.630060 -0.221822 
1194 35.641192 0.000000 1.091555 108.875622 0.023175 -7.226524 -0.168783 
1195 36.234763 0.000000 1.920449 108.407858 0.055462 -7.289848 -0.159771 
1196 36.234763 0.000000 2.196747 99.169126 0.001207 -1.508094 0.016877 
1197 37.718688 0.000000 -2.224022 98.475441 0.000282 2.521262 0.031240 
1198 37.718688 0.000000 -2.776618 96.957495 -0.000397 0.859384 0.061305 
1199 38.312258 0.000000 -2.224022 94.859192 -0.000646 -2.412448 0.104463 
1200 37.421903 0.000000 -1.395128 113.504974 0.002422 3.217779 -0.258804 
1201 37.421903 0.000000 -1.671426 112.474061 0.002246 3.125594 -0.239907 
1202 37.718688 0.000000 -1.395128 111.493832 0.001459 2.949328 -0.221827 
1203 37.421903 0.000000 1.920449 115.955942 0.006318 -8.348378 -0.298546 
1204 37.718688 0.000000 1.920449 116.178169 0.004623 -8.498063 -0.302338 
1205 37.421903 0.000000 2.196747 104.226937 -0.004016 -1.953386 -0.083318 
1206 48.996522 0.000000 -3.881811 110.845897 0.015696 12.958789 -0.196215 
1207 48.996522 0.000000 -6.092195 91.467689 0.023980 -4.534468 0.175510 
1208 51.370803 0.000000 -3.881811 101.232002 0.009181 5.214982 -0.021897 
1209 41.280109 0.000000 -1.118830 118.767296 0.025030 0.789010 -0.353372 
1210 41.280109 0.000000 -1.671426 119.675638 0.024682 0.976890 -0.369022 
1211 41.280109 0.000000 -0.566234 118.502932 0.025131 0.734329 -0.348787 
1212 41.280109 0.000000 -0.013638 122.801902 -0.000950 -4.791782 -0.420240 
1213 40.686539 0.000000 -0.013638 116.816575 0.001106 1.487155 -0.319064 
1214 41.873679 0.000000 -0.013638 108.510682 0.000165 -61.830539 0.220400 
1215 40.092969 0.000000 -0.013638 109.551684 -0.001325 -1.507054 -0.185951 
1216 40.092969 0.000000 2.196747 99.360149 0.000272 1.296792 0.012984 
1217 40.686539 0.000000 2.196747 106.402622 0.006158 -4.834050 -0.123861 
1218 40.092969 0.000000 2.749343 100.319590 0.000756 0.843244 -0.006316 
1219 45.435101 0.000000 -2.776618 80.097598 -0.011623 -7.238634 0.413817 
1220 45.435101 0.000000 -3.881811 89.433128 0.004555 0.502242 0.215044 
1221 46.622241 0.000000 -2.776618 97.581994 0.005718 1.161233 0.048742 
1222 48.996522 0.000000 4.959728 111.730606 0.000608 -7.038954 -0.222828 
1223 51.370803 0.000000 4.959728 102.679694 0.000544 1.698329 -0.052981 
1224 48.996522 0.000000 7.170112 105.151174 -0.018187 -1.052069 -0.101615 
1225 43.060820 0.000000 3.854535 99.126153 -0.000132 2.168222 0.017986 
1226 44.247960 0.000000 3.854535 101.009286 -0.001213 -3.277423 -0.019081 
1227 43.060820 0.000000 4.959728 101.349892 0.001839 1.323305 -0.026743 
1228 45.435101 0.000000 3.854535 106.233347 -0.018022 -4.434297 -0.120922 
1229 46.622241 0.000000 3.854535 94.964672 -0.032029 6.055374 0.105626 
1230 45.435101 0.000000 4.959728 100.746618 -0.002793 0.119531 -0.014906 
1231 43.654390 0.000000 -0.013638 148.715481 -0.000821 23.743535 -0.719795 
1232 43.060820 0.000000 -0.013638 102.478733 0.000280 -29.370005 0.036541 
1233 43.654390 0.000000 0.538958 123.300341 -0.018205 -29.665680 -0.369138 
1234 42.467250 0.000000 -0.013638 66.047047 0.000004 -14.238112 0.717394 
1235 44.841530 0.000000 -1.118830 159.550481 -0.331776 15.517540 -0.719795 
1236 44.841530 0.000000 -1.671426 95.205080 -0.009581 4.645461 0.099104 
1237 45.435101 0.000000 -1.118830 184.041095 -0.657422 23.931614 -0.719795 
1238 255.558951 0.000000 214.946266 99.851603 -0.001038 5.222326 0.005705 
1239 331.535936 0.000000 214.946266 99.860508 -0.000874 5.216007 0.005519 
1240 255.558951 0.000000 285.678573 99.977680 0.000000 5.137440 0.003089 
1241 141.593473 0.000000 108.847804 99.821412 -0.002086 5.190398 0.006277 
1242 179.581965 0.000000 108.847804 99.852735 -0.001838 5.167902 0.005625 
1243 141.593473 0.000000 144.213958 100.519780 -0.000004 4.711664 -0.008178 
1244 84.610734 0.000000 55.798574 101.073002 0.002385 4.099748 -0.019752 
1245 103.604980 0.000000 55.798574 99.842111 -0.003749 4.996606 0.005663 
1246 84.610734 0.000000 73.481651 100.809019 0.000011 4.435632 -0.014205 
1247 3.885187 0.000000 16.011651 99.862953 0.000000 5.233596 0.005489 
1248 -0.863375 0.000000 16.011651 99.862953 0.000000 5.233596 0.005489 
1249 3.885187 0.000000 20.432420 99.862953 0.000000 5.233596 0.005489 
1250 -5.611936 0.000000 16.011651 99.862953 0.000000 5.233596 0.005489 
1251 -10.360498 0.000000 16.011651 99.862953 0.000000 5.233596 0.005489 
1252 -5.611936 0.000000 20.432420 99.862953 0.000000 5.233596 0.005489 
1253 56.119364 0.000000 29.273958 102.763449 0.000010 2.557657 -0.054283 
1254 65.616487 0.000000 29.273958 100.970876 -0.014626 3.740507 -0.017995 
1255 56.119364 0.000000 38.115497 96.699888 0.000005 7.490663 0.072333 
1256 6.259468 0.000000 9.380497 99.862953 0.000000 5.233596 0.005489 
1257 3.885187 0.000000 9.380497 99.862953 0.000000 5.233596 0.005489 
1258 6.259468 0.000000 11.590882 99.862953 0.000000 5.233596 0.005489 
1259 1.510906 0.000000 9.380497 99.862953 0.000000 5.233596 0.005489 
1260 -0.863375 0.000000 9.380497 99.862953 0.000000 5.233596 0.005489 
1261 1.510906 0.000000 11.590882 99.862953 0.000000 5.233596 0.005489 
1262 -3.237656 0.000000 9.380497 99.862953 0.000000 5.233596 0.005489 
1263 -5.611936 0.000000 9.380497 99.862953 0.000000 5.233596 0.005489 
1264 -3.237656 0.000000 11.590882 99.862953 0.000000 5.233596 0.005489 
1265 2.698046 0.000000 3.854535 99.862953 0.000000 5.233596 0.005489 
1266 1.510906 0.000000 3.854535 99.862953 0.000000 5.233596 0.005489 
1267 2.698046 0.000000 4.959728 99.862953 0.000000 5.233596 0.005489 
1268 0.917336 0.000000 1.091555 99.862953 0.000000 5.233596 0.005489 
1269 0.323766 0.000000 1.091555 99.862953 0.000000 5.233596 0.005489 
1270 0.917336 0.000000 1.644151 99.862953 0.000000 5.233596 0.005489 
1271 41.873679 0.000000 16.011651 100.602595 0.000019 3.859260 -0.010558 
1272 46.622241 0.000000 16.011651 100.400800 0.000026 3.898303 -0.006497 
1273 41.873679 0.000000 20.432420 103.342527 -0.000003 1.765942 -0.066024 
1274 16.943731 0.000000 6.064920 101.910858 0.007325 2.834049 -0.037268 
1275 15.756591 0.000000 6.064920 101.516918 -0.005120 3.524703 -0.029018 
1276 16.943731 0.000000 7.170112 100.522016 -0.004342 4.395466 -0.008509 
1277 14.569450 0.000000 6.064920 101.050290 -0.011842 4.053983 -0.019336 
1278 13.382310 0.000000 6.064920 99.232484 0.031003 5.569461 0.018516 
1279 14.569450 0.000000 7.170112 99.913953 0.026569 5.035647 0.004263 
1280 24.660144 0.000000 -0.013638 101.262687 0.022159 -2.229559 -0.024693 
1281 25.253714 0.000000 -0.013638 128.294175 -0.005111 -0.269887 -0.509370 
1282 24.660144 0.000000 0.538958 103.265574 -0.002376 -0.079701 -0.064806 
1283 34.750837 0.000000 9.380497 106.874186 -0.000006 -0.271411 -0.135070 
1284 37.125118 0.000000 9.380497 100.944497 0.000020 2.751015 -0.018103 
1285 34.750837 0.000000 11.590882 114.396486 -0.000040 -7.667770 -0.271197 
1286 26.440854 0.000000 6.064920 101.940325 -0.000585 1.850614 -0.038300 
1287 27.627995 0.000000 6.064920 99.374503 -0.000723 3.669203 0.013886 
1288 26.440854 0.000000 7.170112 100.641024 -0.000417 3.367473 -0.011678 
1289 24.660144 0.000000 -2.224022 95.434015 -0.000346 -6.682359 0.096904 
1290 24.660144 0.000000 -2.776618 96.136009 -0.000489 -2.394912 0.078483 
1291 25.253714 0.000000 -2.224022 96.401351 -0.001652 -1.246392 0.072658 
1292 24.660144 0.000000 4.407132 98.856315 -0.001380 2.324451 0.023479 
1293 25.253714 0.000000 4.407132 101.042188 -0.000772 1.000867 -0.020696 
1294 24.660144 0.000000 4.959728 100.786243 -0.000618 1.712930 -0.015407 
1295 25.847284 0.000000 -0.013638 128.294175 -0.005111 -0.269887 -0.509370 
1296 26.440854 0.000000 -0.013638 116.604851 -0.002927 0.002913 -0.315479 
1297 25.847284 0.000000 0.538958 128.294175 -0.005111 -0.269887 -0.509370 
1298 25.847284 0.000000 -2.224022 131.276256 -0.001081 0.791525 -0.554046 
1299 25.847284 0.000000 -2.776618 130.160090 -0.001651 -7.547195 -0.534321 
1300 26.440854 0.000000 -2.224022 20.330856 -0.002228 -8.712719 1.350723 
1301 28.815135 0.000000 6.064920 101.103884 -0.000883 2.070706 -0.021601 
1302 30.002275 0.000000 6.064920 99.995299 -0.000031 2.716814 0.000832 
1303 28.815135 0.000000 7.170112 104.787825 -0.000771 -0.039701 -0.094636 
1304 25.847284 0.000000 4.407132 103.500095 -0.002048 -1.265960 -0.069267 
1305 26.440854 0.000000 4.407132 98.974296 -0.001527 2.580589 0.021235 
1306 25.847284 0.000000 4.959728 100.205821 -0.001179 2.444341 -0.003519 
1307 31.782986 0.000000 -0.013638 100.316007 0.000364 0.126497 -0.006314 
1308 31.189416 0.000000 -0.013638 114.592417 0.000069 -6.307491 -0.276269 
1309 31.782986 0.000000 0.538958 100.306106 0.000363 0.125986 -0.006116 
1310 30.595846 0.000000 -0.013638 87.744181 0.000304 -0.647026 0.249842 
1311 30.002275 0.000000 -0.013638 87.802833 0.000331 -0.663387 0.248636 
1312 30.595846 0.000000 0.538958 87.744724 0.000304 -0.647375 0.249830 
1313 30.595846 0.000000 1.091555 86.669566 0.000550 -0.863200 0.272025 
1314 30.002275 0.000000 1.091555 87.814702 0.000333 -0.664418 0.248391 
1315 31.189416 0.000000 1.091555 104.398123 0.000066 -24.020192 -0.031828 
1316 31.782986 0.000000 1.091555 100.326915 0.000364 0.127059 -0.006532 
1317 31.782986 0.000000 -2.224022 87.879138 -0.000029 -11.060128 0.261410 
1318 31.189416 0.000000 -2.224022 86.465157 0.000101 -9.313358 0.286516 
1319 31.782986 0.000000 -2.776618 84.234407 -0.000205 -11.415051 0.338109 
1320 30.595846 0.000000 -2.224022 83.414857 0.000280 -8.179755 0.347256 
1321 30.002275 0.000000 -2.224022 102.476665 -0.000074 -5.125847 -0.046712 
1322 30.595846 0.000000 -2.776618 88.561272 0.000254 -2.376301 0.233619 
1323 51.370803 0.000000 16.011651 100.678956 0.000260 3.773265 -0.012148 
1324 56.119364 0.000000 16.011651 102.523951 -0.018259 1.656321 -0.049918 
1325 51.370803 0.000000 20.432420 101.136901 0.000165 3.614742 -0.021394 
1326 39.499399 0.000000 9.380497 102.100030 0.000022 2.308013 -0.041280 
1327 41.873679 0.000000 9.380497 99.128528 -0.000069 4.321730 0.019355 
1328 39.499399 0.000000 11.590882 102.347063 0.000053 1.559898 -0.046451 
1329 38.905828 0.000000 -2.224022 94.272948 -0.000462 -0.180020 0.115793 
1330 38.905828 0.000000 -2.776618 93.198252 0.000248 -0.737010 0.137803 
1331 39.499399 0.000000 -2.224022 99.678464 0.000029 0.887069 0.006514 
1332 41.280109 0.000000 2.196747 101.311381 -0.000859 -0.309974 -0.026140 
1333 41.873679 0.000000 2.196747 98.372183 -0.000036 0.093629 0.032669 
1334 41.280109 0.000000 2.749343 102.645262 0.004856 -0.887365 -0.052503 
1335 40.092969 0.000000 -2.224022 93.492496 -0.000012 2.114887 0.132216 
1336 40.092969 0.000000 -2.776618 93.227893 0.000209 1.329278 0.137331 
1337 40.686539 0.000000 -2.224022 100.110638 -0.000828 0.506011 -0.002187 
1338 43.654390 0.000000 1.091555 124.467353 -0.008428 -31.248627 -0.382851 
1339 44.247960 0.000000 1.091555 131.620880 0.075826 -38.584455 -0.471027 
1340 43.654390 0.000000 1.644151 104.327739 -0.001775 -9.480761 -0.077193 
1341 42.467250 0.000000 2.196747 95.689719 0.000079 7.599046 0.093084 
1342 43.060820 0.000000 2.196747 99.876590 -0.000251 -11.138167 0.014952 
1343 42.467250 0.000000 2.749343 100.149772 -0.000564 0.255448 -0.002988 
1344 44.841530 0.000000 1.091555 165.511291 0.083183 -62.398581 -0.719795 
1345 45.435101 0.000000 1.091555 101.252002 -0.008540 0.570767 -0.024937 
1346 44.841530 0.000000 1.644151 100.300961 -0.022307 0.687036 -0.005968 
1347 0.323766 0.000000 3.854535 99.862953 0.000000 5.233596 0.005489 
1348 -0.863375 0.000000 3.854535 99.862953 0.000000 5.233596 0.005489 
1349 0.323766 0.000000 4.959728 99.862953 0.000000 5.233596 0.005489 
1350 12.195170 0.000000 6.064920 100.127086 -0.023262 4.858376 -0.000183 
1351 11.008029 0.000000 6.064920 100.351076 -0.005727 4.821262 -0.004701 
1352 12.195170 0.000000 7.170112 100.643638 -0.008833 4.538106 -0.010812 
1353 9.820889 0.000000 6.064920 98.284121 -0.058445 6.685808 0.039030 
1354 8.633748 0.000000 6.064920 102.033661 0.013574 3.883024 -0.039018 
1355 9.820889 0.000000 7.170112 99.328576 0.066456 5.897492 0.016964 
1356 31.189416 0.000000 6.064920 69.803675 -0.000028 23.514996 0.693894 
1357 32.376556 0.000000 6.064920 103.180420 0.000004 2.493530 -0.062537 
1358 31.189416 0.000000 7.170112 134.582301 0.000039 -24.292873 -0.569976 
1359 29.408705 0.000000 -0.013638 87.940641 0.000377 -0.689178 0.245801 
1360 28.815135 0.000000 -0.013638 95.788585 0.001890 -1.402476 0.085140 
1361 29.408705 0.000000 0.538958 87.948227 0.000379 -0.690626 0.245645 
1362 29.408705 0.000000 1.091555 87.944937 0.000376 -0.688559 0.245712 
1363 28.815135 0.000000 1.091555 95.788585 0.001890 -1.402476 0.085140 
1364 29.408705 0.000000 -2.224022 77.215904 0.000256 -8.163426 0.474716 
1365 28.815135 0.000000 -2.224022 67.585004 0.000149 -5.563380 0.662387 
1366 29.408705 0.000000 -2.776618 79.238206 0.000311 -11.236776 0.441044 
1367 44.247960 0.000000 9.380497 101.013013 0.000232 2.654091 -0.019520 
1368 46.622241 0.000000 9.380497 101.168231 -0.000351 2.805801 -0.022529 
1369 44.247960 0.000000 11.590882 101.544093 0.000325 2.719935 -0.030050 
1370 33.563697 0.000000 6.064920 96.084436 0.000089 4.303566 0.080881 
1371 34.750837 0.000000 6.064920 105.985479 0.000131 -2.445844 -0.117370 
1372 33.563697 0.000000 7.170112 120.710284 -0.000011 -11.018891 -0.378174 
1373 41.280109 0.000000 -2.224022 96.122610 0.001724 -0.886245 0.078232 
1374 41.280109 0.000000 -2.776618 96.701768 -0.000911 0.906554 0.066492 
1375 41.873679 0.000000 -2.224022 99.850812 0.000016 4.868334 0.005362 
1376 48.996522 0.000000 9.380497 102.166634 -0.020191 1.331950 -0.042944 
1377 51.370803 0.000000 9.380497 101.184996 -0.004764 2.432369 -0.023055 
1378 48.996522 0.000000 11.590882 101.253479 -0.000546 2.925631 -0.024158 
1379 43.654390 0.000000 2.196747 93.828688 -0.001491 0.847971 0.124936 
1380 44.247960 0.000000 2.196747 104.790812 -0.002692 -6.690551 -0.090521 
1381 43.654390 0.000000 2.749343 99.284028 -0.001454 -4.587869 0.016470 
1382 42.467250 0.000000 -2.224022 97.397505 -0.000081 -3.486485 0.053591 
1383 42.467250 0.000000 -2.776618 98.727065 0.002060 -0.499655 0.025553 
1384 43.060820 0.000000 -2.224022 101.251211 0.000021 7.747363 -0.019047 
1385 44.841530 0.000000 2.196747 136.789693 -0.019894 -27.196622 -0.593890 
1386 45.435101 0.000000 2.196747 111.799238 -0.058220 -4.756157 -0.226347 
1387 44.841530 0.000000 2.749343 101.379532 -0.007110 -1.652477 -0.027237 
1 11 62 60 61 
2 62 10 24 60 
3 60 24 14 63 
4 61 60 63 6 
5 24 66 64 65 
6 66 23 40 64 
7 64 40 27 67 
8 65 64 67 14 
9 40 70 68 69 
10 69 68 71 27 
11 6 63 92 93 
12 63 14 36 92 
13 92 36 19 94 
14 93 92 94 20 
15 14 67 95 96 
16 67 27 52 95 
17 95 52 35 97 
18 96 95 97 36 
19 27 71 98 99 
20 99 98 100 52 
21 68 112 110 111 
22 112 56 80 110 
23 110 80 43 113 
24 111 110 113 71 
25 80 116 114 115 
26 115 114 117 43 
27 71 113 133 134 
28 113 43 102 133 
29 133 102 76 135 
30 134 133 135 98 
31 43 117 136 137 
32 137 136 138 102 
33 114 141 139 140 
34 141 106 129 139 
35 139 129 83 142 
36 140 139 142 117 
37 12 145 143 144 
38 145 7 146 143 
39 143 146 13 25 
40 144 143 25 10 
41 25 149 147 148 
42 149 13 150 147 
43 147 150 26 41 
44 148 147 41 23 
45 41 153 151 152 
46 153 26 154 151 
47 151 154 42 57 
48 152 151 57 39 
49 39 157 155 156 
50 157 57 158 155 
51 155 158 55 81 
52 156 155 81 56 
53 81 161 159 160 
54 161 55 162 159 
55 159 162 82 107 
56 160 159 107 79 
57 79 165 163 164 
58 165 107 166 163 
59 106 169 167 168 
60 168 167 171 129 
61 56 174 172 173 
62 174 81 160 172 
63 172 160 79 116 
64 173 172 116 80 
65 116 177 175 176 
66 177 79 164 175 
67 175 164 106 141 
68 176 175 141 114 
69 164 180 178 179 
70 180 163 181 178 
71 178 181 130 169 
72 179 178 169 106 
73 169 196 194 195 
74 196 130 197 194 
75 194 197 170 198 
76 195 194 198 167 
77 199 201 124 202 
78 200 199 202 125 
79 129 171 203 204 
80 203 205 132 206 
81 204 203 206 83 
82 167 198 207 208 
83 198 170 209 207 
84 207 209 128 210 
85 208 207 210 171 
86 107 212 211 166 
87 212 82 213 211 
88 163 215 214 181 
89 215 166 216 214 
90 214 216 105 191 
91 181 214 191 130 
92 191 223 221 222 
93 223 105 224 221 
94 221 224 192 225 
95 222 221 225 190 
96 226 227 109 228 
97 205 226 228 132 
98 232 233 126 234 
99 201 232 234 124 
100 235 236 189 237 
101 227 235 237 109 
102 193 240 238 239 
103 240 131 241 238 
104 238 241 227 242 
105 239 238 242 226 
106 166 244 243 216 
107 244 211 245 243 
108 243 245 187 218 
109 216 243 218 105 
110 251 108 252 250 
111 250 252 188 253 
112 218 256 254 255 
113 256 187 257 254 
114 254 257 219 258 
115 255 254 258 217 
116 131 260 259 241 
117 260 220 261 259 
118 259 261 235 262 
119 241 259 262 227 
120 253 188 264 263 
121 263 264 59 265 
122 236 263 265 189 
123 220 267 266 261 
124 267 186 268 266 
125 266 268 236 269 
126 261 266 269 235 
127 57 271 270 158 
128 271 42 272 270 
129 270 272 58 89 
130 158 270 89 55 
131 55 274 273 162 
132 274 89 275 273 
133 273 275 88 183 
134 162 273 183 82 
135 82 277 276 213 
136 277 183 278 276 
137 211 280 279 245 
138 280 213 281 279 
139 279 281 108 251 
140 245 279 251 187 
141 187 283 282 257 
142 283 251 284 282 
143 282 284 250 285 
144 257 282 285 219 
145 108 287 286 252 
146 286 288 246 289 
147 252 286 289 188 
148 213 291 290 281 
149 291 276 292 290 
150 281 290 287 108 
151 306 182 307 305 
152 305 307 248 308 
153 288 305 308 246 
154 287 311 309 310 
155 309 312 288 313 
156 310 309 313 286 
157 183 315 314 278 
158 315 88 316 314 
159 276 318 317 292 
160 318 278 319 317 
161 317 319 182 306 
162 290 322 320 321 
163 322 292 323 320 
164 320 323 247 311 
165 321 320 311 287 
166 247 325 324 312 
167 325 306 326 324 
168 324 326 305 327 
169 312 324 327 288 
170 311 330 328 329 
171 330 247 331 328 
172 328 331 312 332 
173 329 328 332 309 
174 188 289 336 264 
175 289 246 337 336 
176 339 341 333 342 
177 340 339 342 233 
178 264 345 343 344 
179 345 336 346 343 
180 344 343 347 59 
181 246 308 348 337 
182 308 248 349 348 
183 348 349 185 350 
184 337 348 350 249 
185 336 352 351 346 
186 352 337 353 351 
187 351 353 249 354 
188 346 351 354 338 
189 189 265 355 356 
190 265 59 340 355 
191 355 340 233 357 
192 356 355 357 232 
193 59 347 358 359 
194 347 338 360 358 
195 358 360 339 361 
196 359 358 361 340 
197 343 364 362 363 
198 364 346 365 362 
199 362 365 338 366 
200 363 362 366 347 
201 249 350 376 341 
202 350 185 377 376 
203 376 377 334 378 
204 341 376 378 333 
205 182 380 379 307 
206 379 381 301 382 
207 307 379 382 248 
208 278 384 383 319 
209 384 314 385 383 
210 383 385 302 380 
211 319 383 380 182 
212 302 391 390 381 
213 391 184 392 390 
214 390 392 303 393 
215 381 390 393 301 
216 380 396 394 395 
217 396 302 397 394 
218 394 397 381 398 
219 395 394 398 379 
220 185 400 399 377 
221 400 304 401 399 
222 399 401 373 402 
223 377 399 402 334 
224 304 407 406 401 
225 407 91 408 406 
226 406 408 374 409 
227 401 406 409 373 
228 89 411 410 275 
229 411 58 412 410 
230 410 412 90 298 
231 275 410 298 88 
232 88 414 413 316 
233 414 298 415 413 
234 184 417 416 392 
235 392 416 419 303 
236 91 421 420 408 
237 421 389 422 420 
238 420 422 403 423 
239 408 420 423 374 
240 298 437 436 415 
241 437 90 438 436 
242 413 441 439 440 
243 441 415 442 439 
244 316 450 448 449 
245 450 413 440 448 
246 449 448 417 184 
247 440 453 451 452 
248 453 439 454 451 
249 451 454 433 445 
250 452 451 445 387 
251 460 297 461 459 
252 459 461 434 462 
253 445 465 463 464 
254 465 433 466 463 
255 463 466 446 467 
256 417 470 468 469 
257 470 387 444 468 
258 468 444 418 471 
259 469 468 471 416 
260 387 474 472 473 
261 474 445 464 472 
262 473 472 475 444 
263 386 435 476 477 
264 435 388 478 476 
265 476 478 300 479 
266 477 476 479 389 
267 418 447 480 481 
268 447 432 482 480 
269 480 482 435 483 
270 481 480 483 386 
271 467 446 486 484 
272 484 486 432 487 
273 485 484 487 447 
274 464 490 488 489 
275 490 463 491 488 
276 488 491 467 492 
277 444 475 493 494 
278 493 485 447 495 
279 494 493 495 418 
280 472 498 496 497 
281 498 464 489 496 
282 496 489 443 499 
283 497 496 499 475 
284 443 492 500 501 
285 492 467 502 500 
286 500 502 484 503 
287 501 500 503 485 
288 489 506 504 505 
289 506 488 507 504 
290 504 507 492 508 
291 505 504 508 443 
292 415 519 518 442 
293 519 436 520 518 
294 439 522 521 454 
295 522 442 523 521 
296 521 523 297 460 
297 454 521 460 433 
298 433 525 524 466 
299 525 460 526 524 
300 524 526 459 527 
301 466 524 527 446 
302 479 534 532 533 
303 534 300 535 532 
304 532 535 516 536 
305 389 539 537 538 
306 539 479 533 537 
307 537 533 515 540 
308 538 537 540 422 
309 19 38 541 542 
310 38 21 543 541 
311 541 543 9 544 
312 542 541 544 22 
313 35 54 545 546 
314 54 37 547 545 
315 545 547 21 548 
316 546 545 548 38 
317 51 78 549 550 
318 78 53 551 549 
319 549 551 37 552 
320 550 549 552 54 
321 75 123 553 554 
322 123 77 555 553 
323 553 555 53 556 
324 554 553 556 78 
325 121 372 557 558 
326 372 122 559 557 
327 557 559 77 560 
328 558 557 560 123 
329 230 405 561 562 
330 405 370 563 561 
331 561 563 372 564 
332 562 561 564 121 
333 403 517 565 566 
334 517 404 567 565 
335 565 567 370 568 
336 566 565 568 405 
337 515 536 569 570 
338 536 516 571 569 
339 569 571 404 572 
340 570 569 572 517 
341 533 575 573 574 
342 575 532 576 573 
343 573 576 536 577 
344 574 573 577 515 
345 297 579 578 461 
346 579 456 580 578 
347 578 580 455 581 
348 461 578 581 434 
349 388 458 582 478 
350 458 428 583 582 
351 582 583 431 529 
352 478 582 529 300 
353 300 585 584 535 
354 585 529 586 584 
355 584 586 528 587 
356 535 584 587 516 
357 593 299 594 592 
358 592 594 430 595 
359 7 597 596 146 
360 597 16 598 596 
361 596 598 15 32 
362 146 596 32 13 
363 13 600 599 150 
364 600 32 601 599 
365 599 601 31 48 
366 150 599 48 26 
367 26 603 602 154 
368 603 48 604 602 
369 602 604 47 85 
370 154 602 85 42 
371 42 606 605 272 
372 606 85 607 605 
373 605 607 84 294 
374 272 605 294 58 
375 58 609 608 412 
376 609 294 610 608 
377 608 610 293 425 
378 412 608 425 90 
379 90 612 611 438 
380 612 425 613 611 
381 436 615 614 520 
382 615 438 616 614 
383 614 616 299 593 
384 429 619 617 618 
385 619 593 620 617 
386 617 620 592 621 
387 618 617 621 457 
388 626 5 627 625 
389 625 627 513 628 
390 428 595 629 583 
391 595 430 630 629 
392 629 630 5 626 
393 583 629 626 431 
394 431 633 631 632 
395 633 626 634 631 
396 631 634 625 635 
397 632 631 635 530 
398 299 637 636 594 
399 594 636 639 430 
400 430 639 640 630 
401 630 640 642 5 
402 438 644 643 616 
403 644 611 645 643 
404 616 643 637 299 
405 15 647 646 33 
406 647 17 648 646 
407 646 648 8 649 
408 33 646 649 18 
409 31 651 650 49 
410 651 33 652 650 
411 650 652 18 653 
412 49 650 653 34 
413 47 655 654 86 
414 655 49 656 654 
415 654 656 34 657 
416 86 654 657 50 
417 659 86 660 658 
418 658 660 50 661 
419 637 676 674 675 
420 676 589 677 674 
421 674 677 638 678 
422 675 674 678 636 
423 5 642 682 627 
424 642 591 683 682 
425 682 683 622 684 
426 627 682 684 513 
427 640 687 685 686 
428 687 641 688 685 
429 685 688 591 689 
430 686 685 689 642 
431 425 691 690 613 
432 691 293 692 690 
433 611 694 693 645 
434 694 613 695 693 
435 671 702 700 701 
436 702 424 703 700 
437 700 703 672 704 
438 701 700 704 670 
439 18 649 705 45 
440 649 8 706 705 
441 705 706 29 707 
442 45 705 707 28 
443 34 653 708 73 
444 653 18 709 708 
445 708 709 45 710 
446 73 708 710 44 
447 50 657 711 119 
448 657 34 712 711 
449 711 712 73 713 
450 119 711 713 72 
451 661 50 715 714 
452 714 715 119 716 
453 720 721 510 722 
454 591 681 726 683 
455 681 427 727 726 
456 726 727 623 728 
457 683 726 728 622 
458 679 731 729 730 
459 731 680 732 729 
460 729 732 427 733 
461 730 729 733 681 
462 613 735 734 695 
463 735 690 736 734 
464 424 738 737 703 
465 738 697 739 737 
466 737 739 696 740 
467 703 737 740 672 
468 427 725 741 727 
469 725 669 742 741 
470 741 742 720 743 
471 727 741 743 623 
472 680 745 744 732 
473 745 723 746 744 
474 744 746 725 747 
475 732 744 747 427 
476 757 667 758 756 
477 756 758 698 759 
478 739 756 759 696 
479 294 761 760 610 
480 761 84 762 760 
481 760 762 295 663 
482 610 760 663 293 
483 293 764 763 692 
484 764 663 765 763 
485 690 767 766 736 
486 767 692 768 766 
487 734 771 769 770 
488 771 736 772 769 
489 769 772 667 757 
490 770 769 757 697 
491 697 775 773 774 
492 775 757 776 773 
493 773 776 756 777 
494 774 773 777 739 
495 782 724 783 781 
496 781 783 669 784 
497 746 781 784 725 
498 699 787 785 786 
499 787 666 788 785 
500 785 788 724 782 
501 786 785 782 723 
502 723 791 789 790 
503 791 782 792 789 
504 789 792 781 793 
505 790 789 793 746 
506 667 795 794 758 
507 758 794 797 698 
508 798 799 717 800 
509 721 798 800 510 
510 669 780 801 742 
511 780 296 802 801 
512 801 802 721 803 
513 742 801 803 720 
514 724 805 804 783 
515 804 806 780 807 
516 783 804 807 669 
517 736 809 808 772 
518 809 766 810 808 
519 808 810 753 795 
520 772 808 795 667 
521 795 821 819 820 
522 821 753 822 819 
523 819 822 796 823 
524 820 819 823 794 
525 666 825 824 788 
526 825 755 826 824 
527 788 824 805 724 
528 830 832 296 833 
529 806 830 833 780 
530 805 836 834 835 
531 836 778 837 834 
532 834 837 806 838 
533 835 834 838 804 
534 692 840 839 768 
535 840 763 841 839 
536 843 812 844 842 
537 842 844 811 845 
538 752 818 846 847 
539 818 754 848 846 
540 846 848 668 849 
541 847 846 849 755 
542 852 817 853 850 
543 850 853 754 854 
544 851 850 854 818 
545 796 857 855 856 
546 857 815 851 855 
547 855 851 818 858 
548 856 855 858 752 
549 766 860 859 810 
550 860 768 861 859 
551 859 861 426 816 
552 810 859 816 753 
553 816 864 862 863 
554 864 426 865 862 
555 862 865 817 852 
556 863 862 852 815 
557 815 868 866 867 
558 868 852 869 866 
559 866 869 850 870 
560 867 866 870 851 
561 755 849 871 826 
562 849 668 872 871 
563 668 874 873 872 
564 874 814 875 873 
565 873 875 827 876 
566 871 879 877 878 
567 879 872 880 877 
568 877 880 779 881 
569 826 884 882 883 
570 884 871 878 882 
571 882 878 831 885 
572 883 882 885 778 
573 296 829 886 802 
574 829 751 887 886 
575 886 887 798 888 
576 802 886 888 721 
577 876 827 890 889 
578 889 890 829 891 
579 832 889 891 296 
580 831 881 892 893 
581 881 779 894 892 
582 892 894 832 895 
583 893 892 895 830 
584 878 898 896 897 
585 898 877 899 896 
586 896 899 881 900 
587 897 896 900 831 
588 754 845 901 848 
589 845 811 902 901 
590 901 902 814 874 
591 848 901 874 668 
592 817 904 903 853 
593 904 842 905 903 
594 903 905 845 906 
595 853 903 906 754 
596 872 908 907 880 
597 908 873 909 907 
598 907 909 876 910 
599 880 907 910 779 
600 912 658 913 911 
601 911 913 661 914 
602 812 924 923 844 
603 924 749 925 923 
604 844 923 926 811 
605 814 931 930 875 
606 931 748 932 930 
607 875 930 933 827 
608 663 935 934 765 
609 935 295 936 934 
610 763 938 937 841 
611 938 765 939 937 
612 749 941 940 925 
613 941 920 942 940 
614 940 942 919 943 
615 925 940 943 813 
616 811 926 944 902 
617 926 813 945 944 
618 944 945 748 931 
619 902 944 931 814 
620 923 948 946 947 
621 948 925 949 946 
622 946 949 813 950 
623 947 946 950 926 
624 748 952 951 932 
625 952 922 953 951 
626 951 953 927 954 
627 932 951 954 828 
628 827 933 955 890 
629 933 828 956 955 
630 955 956 751 957 
631 890 955 957 829 
632 930 960 958 959 
633 960 932 961 958 
634 958 961 828 962 
635 959 958 962 933 
636 914 661 964 963 
637 963 964 714 965 
638 966 967 718 968 
639 799 966 968 717 
640 922 974 973 953 
641 974 750 975 973 
642 973 975 928 976 
643 953 973 976 927 
644 765 981 980 939 
645 981 934 982 980 
646 980 982 916 978 
647 662 985 983 984 
648 985 978 986 983 
649 983 986 977 987 
650 984 983 987 921 
651 750 989 988 975 
652 989 970 990 988 
653 988 990 969 991 
654 975 988 991 928 
655 664 993 992 917 
656 993 911 994 992 
657 992 994 914 995 
658 917 992 995 87 
659 997 664 998 996 
660 996 998 917 999 
661 978 1001 1000 986 
662 1001 916 1002 1000 
663 1000 1002 979 1003 
664 986 1000 1003 977 
665 999 917 1005 1004 
666 1004 1005 87 1006 
667 979 1009 1007 1008 
668 1009 996 1010 1007 
669 1007 1010 999 1011 
670 1008 1007 1011 915 
671 1 1014 1012 1013 
672 1014 12 144 1012 
673 1012 144 10 62 
674 1013 1012 62 11 
675 16 1016 1015 598 
676 1016 2 1017 1015 
677 1015 1017 17 647 
678 598 1015 647 15 
679 20 94 1018 1019 
680 94 19 542 1018 
681 1018 542 22 1020 
682 1019 1018 1020 4 
683 10 1023 1021 1022 
684 1023 25 148 1021 
685 1021 148 23 66 
686 1022 1021 66 24 
687 21 46 1024 543 
688 46 28 1025 1024 
689 1024 1025 30 1026 
690 543 1024 1026 9 
691 32 1028 1027 601 
692 1028 15 1029 1027 
693 1027 1029 33 651 
694 601 1027 651 31 
695 36 97 1030 1031 
696 97 35 546 1030 
697 1030 546 38 1032 
698 1031 1030 1032 19 
699 23 1035 1033 1034 
700 1035 41 152 1033 
701 1033 152 39 70 
702 1034 1033 70 40 
703 37 74 1036 547 
704 74 44 1037 1036 
705 1036 1037 46 1038 
706 547 1036 1038 21 
707 48 1040 1039 604 
708 1040 31 1041 1039 
709 1039 1041 49 655 
710 604 1039 655 47 
711 52 100 1042 1043 
712 100 51 550 1042 
713 1042 550 54 1044 
714 1043 1042 1044 35 
715 70 1047 1045 1046 
716 1047 39 156 1045 
717 1045 156 56 112 
718 1046 1045 112 68 
719 53 120 1048 551 
720 120 72 1049 1048 
721 1048 1049 74 1050 
722 551 1048 1050 37 
723 76 104 1051 1052 
724 104 75 554 1051 
725 1051 554 78 1053 
726 1052 1051 1053 51 
727 85 1055 1054 607 
728 1055 47 1056 1054 
729 1054 1056 86 659 
730 607 1054 659 84 
731 98 135 1057 1058 
732 135 76 1052 1057 
733 1057 1052 51 1059 
734 1058 1057 1059 100 
735 77 369 1060 555 
736 369 118 1061 1060 
737 1060 1061 120 1062 
738 555 1060 1062 53 
739 103 231 1063 1064 
740 231 121 558 1063 
741 1063 558 123 1065 
742 1064 1063 1065 75 
743 117 142 1066 1067 
744 142 83 200 1066 
745 1066 200 125 1068 
746 1067 1066 1068 136 
747 130 1070 1069 197 
748 1070 191 222 1069 
749 1069 222 190 1071 
750 197 1069 1071 170 
751 190 225 1072 1073 
752 225 192 1074 1072 
753 1072 1074 131 240 
754 1073 1072 240 193 
755 170 1071 1075 209 
756 1071 190 1073 1075 
757 1075 1073 193 1076 
758 209 1075 1076 128 
759 105 1078 1077 224 
760 1078 218 255 1077 
761 1077 255 217 1079 
762 224 1077 1079 192 
763 217 258 1080 1081 
764 258 219 1082 1080 
765 1080 1082 186 267 
766 1081 1080 267 220 
767 192 1079 1083 1074 
768 1079 217 1081 1083 
769 1083 1081 220 260 
770 1074 1083 260 131 
771 128 1076 1084 1085 
772 1076 193 239 1084 
773 1084 239 226 1086 
774 1085 1084 1086 205 
775 229 375 1087 1088 
776 375 230 562 1087 
777 1087 562 121 1089 
778 1088 1087 1089 231 
779 126 335 1090 1091 
780 335 229 1088 1090 
781 1090 1088 231 1092 
782 1091 1090 1092 103 
783 109 237 1093 1094 
784 237 189 356 1093 
785 1093 356 232 1095 
786 1094 1093 1095 201 
787 219 285 1096 1082 
788 285 250 1097 1096 
789 1096 1097 253 1098 
790 1082 1096 1098 186 
791 186 1098 1099 268 
792 1098 253 1100 1099 
793 1099 1100 263 1101 
794 268 1099 1101 236 
795 301 393 1102 1103 
796 393 303 1104 1102 
797 1102 1104 91 407 
798 1103 1102 407 304 
799 248 382 1105 349 
800 382 301 1103 1105 
801 1105 1103 304 400 
802 349 1105 400 185 
803 314 1107 1106 385 
804 1107 316 449 1106 
805 1106 449 184 391 
806 385 1106 391 302 
807 292 1109 1108 323 
808 1109 317 1110 1108 
809 1108 1110 306 325 
810 323 1108 325 247 
811 338 354 1111 360 
812 354 249 1112 1111 
813 1111 1112 341 1113 
814 360 1111 1113 339 
815 122 511 1114 559 
816 511 367 1115 1114 
817 1114 1115 369 1116 
818 559 1114 1116 77 
819 370 514 1117 563 
820 514 371 1118 1117 
821 1117 1118 122 1119 
822 563 1117 1119 372 
823 303 419 1120 1104 
824 419 386 477 1120 
825 1120 477 389 421 
826 1104 1120 421 91 
827 374 423 1121 1122 
828 423 403 566 1121 
829 1121 566 405 1123 
830 1122 1121 1123 230 
831 416 471 1124 1125 
832 471 418 481 1124 
833 1124 481 386 1126 
834 1125 1124 1126 419 
835 432 462 1127 482 
836 462 434 1128 1127 
837 1127 1128 388 1129 
838 482 1127 1129 435 
839 448 1132 1130 1131 
840 1132 440 452 1130 
841 1130 452 387 470 
842 1131 1130 470 417 
843 456 1134 1133 580 
844 1134 429 618 1133 
845 1133 618 457 1135 
846 580 1133 1135 455 
847 434 581 1136 1128 
848 581 455 1137 1136 
849 1136 1137 458 1138 
850 1128 1136 1138 388 
851 446 527 1139 486 
852 527 459 1140 1139 
853 1139 1140 462 1141 
854 486 1139 1141 432 
855 475 499 1142 1143 
856 499 443 501 1142 
857 1142 501 485 1144 
858 1143 1142 1144 493 
859 371 624 1145 1118 
860 624 509 1146 1145 
861 1145 1146 511 1147 
862 1118 1145 1147 122 
863 404 531 1148 567 
864 531 512 1149 1148 
865 1148 1149 514 1150 
866 567 1148 1150 370 
867 422 540 1151 1152 
868 540 515 570 1151 
869 1151 570 517 1153 
870 1152 1151 1153 403 
871 442 1155 1154 523 
872 1155 518 1156 1154 
873 1154 1156 456 579 
874 523 1154 579 297 
875 529 1158 1157 586 
876 1158 431 632 1157 
877 1157 632 530 1159 
878 586 1157 1159 528 
879 516 587 1160 571 
880 587 528 1161 1160 
881 1160 1161 531 1162 
882 571 1160 1162 404 
883 84 1164 1163 762 
884 1164 659 1165 1163 
885 1163 1165 658 912 
886 762 1163 912 295 
887 589 1167 1166 677 
888 1167 671 701 1166 
889 1166 701 670 1168 
890 677 1166 1168 638 
891 641 1170 1169 688 
892 1170 679 730 1169 
893 1169 730 681 1171 
894 688 1169 1171 591 
895 696 759 1172 1173 
896 759 698 1174 1172 
897 1172 1174 666 787 
898 1173 1172 787 699 
899 672 740 1175 1176 
900 740 696 1173 1175 
901 1175 1173 699 1177 
902 1176 1175 1177 590 
903 590 1177 1178 1179 
904 1177 699 786 1178 
905 1178 786 723 745 
906 1179 1178 745 680 
907 695 1182 1180 1181 
908 1182 734 770 1180 
909 1180 770 697 738 
910 1181 1180 738 424 
911 698 797 1183 1174 
912 797 752 847 1183 
913 1183 847 755 825 
914 1174 1183 825 666 
915 794 823 1184 1185 
916 823 796 856 1184 
917 1184 856 752 1186 
918 1185 1184 1186 797 
919 751 929 1187 887 
920 929 665 1188 1187 
921 1187 1188 799 1189 
922 887 1187 1189 798 
923 753 1191 1190 822 
924 1191 816 863 1190 
925 1190 863 815 857 
926 822 1190 857 796 
927 824 1194 1192 1193 
928 1194 826 883 1192 
929 1192 883 778 836 
930 1193 1192 836 805 
931 778 885 1195 837 
932 885 831 893 1195 
933 1195 893 830 1196 
934 837 1195 1196 806 
935 768 1198 1197 861 
936 1198 839 1199 1197 
937 1197 1199 812 843 
938 861 1197 843 426 
939 426 1201 1200 865 
940 1201 843 1202 1200 
941 1200 1202 842 904 
942 865 1200 904 817 
943 779 910 1203 894 
944 910 876 1204 1203 
945 1203 1204 889 1205 
946 894 1203 1205 832 
947 295 1207 1206 936 
948 1207 912 1208 1206 
949 1206 1208 911 993 
950 936 1206 993 664 
951 920 1210 1209 942 
952 1210 662 984 1209 
953 1209 984 921 1211 
954 942 1209 1211 919 
955 919 1211 1212 1213 
956 1211 921 1214 1212 
957 1212 1214 750 974 
958 1213 1212 974 922 
959 813 943 1215 945 
960 943 919 1213 1215 
961 1215 1213 922 952 
962 945 1215 952 748 
963 828 954 1216 956 
964 954 927 1217 1216 
965 1216 1217 929 1218 
966 956 1216 1218 751 
967 934 1220 1219 982 
968 1220 936 1221 1219 
969 1219 1221 664 997 
970 982 1219 997 916 
971 87 995 1222 967 
972 995 914 1223 1222 
973 1222 1223 963 1224 
974 967 1222 1224 718 
975 665 972 1225 1188 
976 972 918 1226 1225 
977 1225 1226 966 1227 
978 1188 1225 1227 799 
979 918 1006 1228 1226 
980 1006 87 1229 1228 
981 1228 1229 967 1230 
982 1226 1228 1230 966 
983 977 1003 1231 1232 
984 1003 979 1008 1231 
985 1231 1008 915 1233 
986 1232 1231 1233 970 
987 921 987 1234 1214 
988 987 977 1232 1234 
989 1234 1232 970 989 
990 1214 1234 989 750 
991 916 1236 1235 1002 
992 1236 997 1237 1235 
993 1235 1237 996 1009 
994 1002 1235 1009 979 
995 28 707 1238 1025 
996 707 29 1239 1238 
997 1238 1239 3 1240 
998 1025 1238 1240 30 
999 44 710 1241 1037 
1000 710 45 1242 1241 
1001 1241 1242 28 1243 
1002 1037 1241 1243 46 
1003 72 713 1244 1049 
1004 713 73 1245 1244 
1005 1244 1245 44 1246 
1006 1049 1244 1246 74 
1007 101 127 1247 1248 
1008 127 103 1064 1247 
1009 1247 1064 75 1249 
1010 1248 1247 1249 104 
1011 102 138 1250 1251 
1012 138 101 1248 1250 
1013 1250 1248 104 1252 
1014 1251 1250 1252 76 
1015 118 716 1253 1061 
1016 716 119 1254 1253 
1017 1253 1254 72 1255 
1018 1061 1253 1255 120 
1019 124 234 1256 1257 
1020 234 126 1091 1256 
1021 1256 1091 103 1258 
1022 1257 1256 1258 127 
1023 125 202 1259 1260 
1024 202 124 1257 1259 
1025 1259 1257 127 1261 
1026 1260 1259 1261 101 
1027 136 1068 1262 1263 
1028 1068 125 1260 1262 
1029 1262 1260 101 1264 
1030 1263 1262 1264 138 
1031 132 228 1265 1266 
1032 228 109 1094 1265 
1033 1265 1094 201 1267 
1034 1266 1265 1267 199 
1035 171 210 1268 1269 
1036 210 128 1085 1268 
1037 1268 1085 205 1270 
1038 1269 1268 1270 203 
1039 367 719 1271 1115 
1040 719 368 1272 1271 
1041 1271 1272 118 1273 
1042 1115 1271 1273 369 
1043 373 409 1274 1275 
1044 409 374 1122 1274 
1045 1274 1122 230 1276 
1046 1275 1274 1276 375 
1047 334 402 1277 1278 
1048 402 373 1275 1277 
1049 1277 1275 375 1279 
1050 1278 1277 1279 229 
1051 455 1135 1280 1137 
1052 1135 457 1281 1280 
1053 1280 1281 428 1282 
1054 1137 1280 1282 458 
1055 509 722 1283 1146 
1056 722 510 1284 1283 
1057 1283 1284 367 1285 
1058 1146 1283 1285 511 
1059 512 628 1286 1149 
1060 628 513 1287 1286 
1061 1286 1287 371 1288 
1062 1149 1286 1288 514 
1063 518 1290 1289 1156 
1064 1290 520 1291 1289 
1065 1289 1291 429 1134 
1066 1156 1289 1134 456 
1067 528 1159 1292 1161 
1068 1159 530 1293 1292 
1069 1292 1293 512 1294 
1070 1161 1292 1294 531 
1071 457 621 1295 1281 
1072 621 592 1296 1295 
1073 1295 1296 595 1297 
1074 1281 1295 1297 428 
1075 520 1299 1298 1291 
1076 1299 614 1300 1298 
1077 1298 1300 593 619 
1078 1291 1298 619 429 
1079 513 684 1301 1287 
1080 684 622 1302 1301 
1081 1301 1302 624 1303 
1082 1287 1301 1303 371 
1083 530 635 1304 1293 
1084 635 625 1305 1304 
1085 1304 1305 628 1306 
1086 1293 1304 1306 512 
1087 670 704 1307 1308 
1088 704 672 1176 1307 
1089 1307 1176 590 1309 
1090 1308 1307 1309 673 
1091 638 1168 1310 1311 
1092 1168 670 1308 1310 
1093 1310 1308 673 1312 
1094 1311 1310 1312 588 
1095 588 1312 1313 1314 
1096 1312 673 1315 1313 
1097 1313 1315 679 1170 
1098 1314 1313 1170 641 
1099 673 1309 1316 1315 
1100 1309 590 1179 1316 
1101 1316 1179 680 731 
1102 1315 1316 731 679 
1103 693 1319 1317 1318 
1104 1319 695 1181 1317 
1105 1317 1181 424 702 
1106 1318 1317 702 671 
1107 645 1322 1320 1321 
1108 1322 693 1318 1320 
1109 1320 1318 671 1167 
1110 1321 1320 1167 589 
1111 368 965 1323 1272 
1112 965 714 1324 1323 
1113 1323 1324 716 1325 
1114 1272 1323 1325 118 
1115 510 800 1326 1284 
1116 800 717 1327 1326 
1117 1326 1327 719 1328 
1118 1284 1326 1328 367 
1119 839 1330 1329 1199 
1120 1330 841 1331 1329 
1121 1329 1331 749 924 
1122 1199 1329 924 812 
1123 927 976 1332 1217 
1124 976 928 1333 1332 
1125 1332 1333 665 1334 
1126 1217 1332 1334 929 
1127 841 1336 1335 1331 
1128 1336 937 1337 1335 
1129 1335 1337 920 941 
1130 1331 1335 941 749 
1131 970 1233 1338 990 
1132 1233 915 1339 1338 
1133 1338 1339 971 1340 
1134 990 1338 1340 969 
1135 928 991 1341 1333 
1136 991 969 1342 1341 
1137 1341 1342 972 1343 
1138 1333 1341 1343 665 
1139 915 1011 1344 1339 
1140 1011 999 1345 1344 
1141 1344 1345 1004 1346 
1142 1339 1344 1346 971 
1143 83 206 1347 1348 
1144 206 132 1266 1347 
1145 1347 1266 199 1349 
1146 1348 1347 1349 200 
1147 333 378 1350 1351 
1148 378 334 1278 1350 
1149 1350 1278 229 1352 
1150 1351 1350 1352 335 
1151 233 342 1353 1354 
1152 342 333 1351 1353 
1153 1353 1351 335 1355 
1154 1354 1353 1355 126 
1155 622 728 1356 1302 
1156 728 623 1357 1356 
1157 1356 1357 509 1358 
1158 1302 1356 1358 624 
1159 636 678 1359 1360 
1160 678 638 1311 1359 
1161 1359 1311 588 1361 
1162 1360 1359 1361 639 
1163 639 1361 1362 1363 
1164 1361 588 1314 1362 
1165 1362 1314 641 687 
1166 1363 1362 687 640 
1167 643 1366 1364 1365 
1168 1366 645 1321 1364 
1169 1364 1321 589 676 
1170 1365 1364 676 637 
1171 717 968 1367 1327 
1172 968 718 1368 1367 
1173 1367 1368 368 1369 
1174 1327 1367 1369 719 
1175 623 743 1370 1357 
1176 743 720 1371 1370 
1177 1370 1371 722 1372 
1178 1357 1370 1372 509 
1179 937 1374 1373 1337 
1180 1374 939 1375 1373 
1181 1373 1375 662 1210 
1182 1337 1373 1210 920 
1183 718 1224 1376 1368 
1184 1224 963 1377 1376 
1185 1376 1377 965 1378 
1186 1368 1376 1378 368 
1187 969 1340 1379 1342 
1188 1340 971 1380 1379 
1189 1379 1380 918 1381 
1190 1342 1379 1381 972 
1191 939 1383 1382 1375 
1192 1383 980 1384 1382 
1193 1382 1384 978 985 
1194 1375 1382 985 662 
1195 971 1346 1385 1380 
1196 1346 1004 1386 1385 
1197 1385 1386 1006 1387 
1198 1380 1385 1387 918 
