 REPAIRMACH_INVENTORY_BEGIN 
 GEOM;ID=RMUXLHDSMZ;NAME=Fuselage;TYPE=Fuselage;BMIN_X=-5.92119e-16;BMIN_Y=-2.3798;BMIN_Z=-2.3798;BMAX_X=46.93;BMAX_Y=2.3798;BMAX_Z=2.3798;SET_1=true;SET_2=false 
 PARM;GEOM_ID=RMUXLHDSMZ;ID=TTRWWHKVDKP;NAME=Abs_Or_Relitive_flag;GROUP=XForm;VALUE=1 
 PARM;GEOM_ID=RMUXLHDSMZ;ID=WTBYDDBHYQN;NAME=Last_Scale;GROUP=XForm;VALUE=1 
 PARM;GEOM_ID=RMUXLHDSMZ;ID=EZSUXQXSHYF;NAME=Origin;GROUP=XForm;VALUE=0 
 PARM;GEOM_ID=RMUXLHDSMZ;ID=LRCMSFAATMT;NAME=Scale;GROUP=XForm;VALUE=1 
 PARM;GEOM_ID=RMUXLHDSMZ;ID=ABAWUBTCHWC;NAME=X_Location;GROUP=XForm;VALUE=0 
 PARM;GEOM_ID=RMUXLHDSMZ;ID=NNLTBZBGTHY;NAME=X_Rel_Location;GROUP=XForm;VALUE=0 
 PARM;GEOM_ID=RMUXLHDSMZ;ID=CPVFIMYHHCT;NAME=X_Rel_Rotation;GROUP=XForm;VALUE=0 
 PARM;GEOM_ID=RMUXLHDSMZ;ID=CJDNAVYLCKO;NAME=X_Rotation;GROUP=XForm;VALUE=0 
 PARM;GEOM_ID=RMUXLHDSMZ;ID=UWZYPNAKDVR;NAME=Y_Location;GROUP=XForm;VALUE=0 
 PARM;GEOM_ID=RMUXLHDSMZ;ID=LXGFEDKTWXO;NAME=Y_Rel_Location;GROUP=XForm;VALUE=0 
 PARM;GEOM_ID=RMUXLHDSMZ;ID=MQCHGGNYIGU;NAME=Y_Rel_Rotation;GROUP=XForm;VALUE=0 
 PARM;GEOM_ID=RMUXLHDSMZ;ID=WSICSWJVLCE;NAME=Y_Rotation;GROUP=XForm;VALUE=0 
 PARM;GEOM_ID=RMUXLHDSMZ;ID=RGZUNQMTMYP;NAME=Z_Location;GROUP=XForm;VALUE=0 
 PARM;GEOM_ID=RMUXLHDSMZ;ID=ZLSYXIWODYM;NAME=Z_Rel_Location;GROUP=XForm;VALUE=0 
 PARM;GEOM_ID=RMUXLHDSMZ;ID=ZQDBAXDKSGS;NAME=Z_Rel_Rotation;GROUP=XForm;VALUE=0 
 PARM;GEOM_ID=RMUXLHDSMZ;ID=KTKNDPHTPUD;NAME=Z_Rotation;GROUP=XForm;VALUE=0 
 PARM;GEOM_ID=RMUXLHDSMZ;ID=KYYJZLBKCML;NAME=Sym_Ancestor;GROUP=Sym;VALUE=1 
 PARM;GEOM_ID=RMUXLHDSMZ;ID=QBMXLCAEXEC;NAME=Sym_Ancestor_Origin_Flag;GROUP=Sym;VALUE=1 
 PARM;GEOM_ID=RMUXLHDSMZ;ID=FVWZLMXVIFV;NAME=Sym_Axial_Flag;GROUP=Sym;VALUE=0 
 PARM;GEOM_ID=RMUXLHDSMZ;ID=MAMSXWZOIHI;NAME=Sym_Planar_Flag;GROUP=Sym;VALUE=0 
 PARM;GEOM_ID=RMUXLHDSMZ;ID=CZDZKESCAKA;NAME=Sym_Rot_N;GROUP=Sym;VALUE=2 
 PARM;GEOM_ID=RMUXLHDSMZ;ID=TAFUDDCFIRD;NAME=Eta_Attach_Location;GROUP=Attach;VALUE=0 
 PARM;GEOM_ID=RMUXLHDSMZ;ID=OKNUYWYVHWK;NAME=L_01;GROUP=Attach;VALUE=1 
 PARM;GEOM_ID=RMUXLHDSMZ;ID=RFWKUWFJHKF;NAME=L_Attach_Location;GROUP=Attach;VALUE=0 
 PARM;GEOM_ID=RMUXLHDSMZ;ID=FPNIFJKNFBC;NAME=L_Attach_Location0Len;GROUP=Attach;VALUE=0 
 PARM;GEOM_ID=RMUXLHDSMZ;ID=CTSFFSZIMAQ;NAME=M_Attach_Location;GROUP=Attach;VALUE=0.5 
 PARM;GEOM_ID=RMUXLHDSMZ;ID=BPVBFWDUDDG;NAME=N_Attach_Location;GROUP=Attach;VALUE=0.5 
 PARM;GEOM_ID=RMUXLHDSMZ;ID=YSBESNILQMX;NAME=R_01;GROUP=Attach;VALUE=1 
 PARM;GEOM_ID=RMUXLHDSMZ;ID=AUKFRCQGSFI;NAME=R_Attach_Location;GROUP=Attach;VALUE=0 
 PARM;GEOM_ID=RMUXLHDSMZ;ID=WYYDYWBMZPP;NAME=R_Attach_Location0N;GROUP=Attach;VALUE=0 
 PARM;GEOM_ID=RMUXLHDSMZ;ID=KTIHLPKLVNO;NAME=Rots_Attach_Flag;GROUP=Attach;VALUE=0 
 PARM;GEOM_ID=RMUXLHDSMZ;ID=KKZGWMMXPTC;NAME=S_Attach_Location;GROUP=Attach;VALUE=0.5 
 PARM;GEOM_ID=RMUXLHDSMZ;ID=TSABLCDXNIF;NAME=T_Attach_Location;GROUP=Attach;VALUE=0.5 
 PARM;GEOM_ID=RMUXLHDSMZ;ID=KXEWMURXMIP;NAME=Trans_Attach_Flag;GROUP=Attach;VALUE=0 
 PARM;GEOM_ID=RMUXLHDSMZ;ID=VOBAMVBKXPV;NAME=U_01;GROUP=Attach;VALUE=1 
 PARM;GEOM_ID=RMUXLHDSMZ;ID=VPJBNFVAESN;NAME=U_Attach_Location;GROUP=Attach;VALUE=0 
 PARM;GEOM_ID=RMUXLHDSMZ;ID=SHXZOTDWPNV;NAME=U_Attach_Location0N;GROUP=Attach;VALUE=0 
 PARM;GEOM_ID=RMUXLHDSMZ;ID=FIXBZHRWJIP;NAME=V_Attach_Location;GROUP=Attach;VALUE=0 
 PARM;GEOM_ID=RMUXLHDSMZ;ID=QAEYLJZEHXT;NAME=Tess_U;GROUP=Shape;VALUE=77 
 PARM;GEOM_ID=RMUXLHDSMZ;ID=IGLXTQWRCJD;NAME=Tess_W;GROUP=Shape;VALUE=49 
 PARM;GEOM_ID=RMUXLHDSMZ;ID=OABFAJEJOFW;NAME=Wake;GROUP=Shape;VALUE=0 
 PARM;GEOM_ID=RMUXLHDSMZ;ID=MOVPMMKTSJJ;NAME=AutoExtensionFlag;GROUP=EngineModel;VALUE=0 
 PARM;GEOM_ID=RMUXLHDSMZ;ID=LEWQQLBRCZR;NAME=AutoExtensionSet;GROUP=EngineModel;VALUE=1 
 PARM;GEOM_ID=RMUXLHDSMZ;ID=JOGHHUKVNLO;NAME=EngineShowStationsFlag;GROUP=EngineModel;VALUE=1 
 PARM;GEOM_ID=RMUXLHDSMZ;ID=WWHOHTWCZKO;NAME=ExtensionDistance;GROUP=EngineModel;VALUE=10 
 PARM;GEOM_ID=RMUXLHDSMZ;ID=XJYVPHARGSY;NAME=GeomIOType;GROUP=EngineModel;VALUE=0 
 PARM;GEOM_ID=RMUXLHDSMZ;ID=XREPUDRFRCF;NAME=GeomInType;GROUP=EngineModel;VALUE=0 
 PARM;GEOM_ID=RMUXLHDSMZ;ID=GHPVQFCEVQT;NAME=GeomOutType;GROUP=EngineModel;VALUE=1 
 PARM;GEOM_ID=RMUXLHDSMZ;ID=NQVIUAOHYKS;NAME=InletFaceIndex;GROUP=EngineModel;VALUE=0 
 PARM;GEOM_ID=RMUXLHDSMZ;ID=BWPXXVGRVYH;NAME=InletFaceMode;GROUP=EngineModel;VALUE=0 
 PARM;GEOM_ID=RMUXLHDSMZ;ID=RFYWLJCOUZP;NAME=InletFaceU;GROUP=EngineModel;VALUE=0 
 PARM;GEOM_ID=RMUXLHDSMZ;ID=AAUHFOTATMB;NAME=InletLipIndex;GROUP=EngineModel;VALUE=0 
 PARM;GEOM_ID=RMUXLHDSMZ;ID=BZTPIMWWHQI;NAME=InletLipMode;GROUP=EngineModel;VALUE=0 
 PARM;GEOM_ID=RMUXLHDSMZ;ID=DDKSXUMGUGP;NAME=InletLipU;GROUP=EngineModel;VALUE=0 
 PARM;GEOM_ID=RMUXLHDSMZ;ID=KFTVYDVSTRM;NAME=InletModeType;GROUP=EngineModel;VALUE=3 
 PARM;GEOM_ID=RMUXLHDSMZ;ID=DGBPBPGKMWY;NAME=OutletFaceIndex;GROUP=EngineModel;VALUE=0 
 PARM;GEOM_ID=RMUXLHDSMZ;ID=QXPBFCPDLNJ;NAME=OutletFaceMode;GROUP=EngineModel;VALUE=0 
 PARM;GEOM_ID=RMUXLHDSMZ;ID=RORHRIPJOQR;NAME=OutletFaceU;GROUP=EngineModel;VALUE=0 
 PARM;GEOM_ID=RMUXLHDSMZ;ID=ATKUGOUPBCM;NAME=OutletLipIndex;GROUP=EngineModel;VALUE=0 
 PARM;GEOM_ID=RMUXLHDSMZ;ID=KJGNIYHQXMM;NAME=OutletLipMode;GROUP=EngineModel;VALUE=0 
 PARM;GEOM_ID=RMUXLHDSMZ;ID=MWNUEEEXUYJ;NAME=OutletLipU;GROUP=EngineModel;VALUE=0 
 PARM;GEOM_ID=RMUXLHDSMZ;ID=HXUZSWVVYXR;NAME=OutletModeType;GROUP=EngineModel;VALUE=3 
 PARM;GEOM_ID=RMUXLHDSMZ;ID=VLESZWSIWAE;NAME=RotExtensionFlag;GROUP=EngineModel;VALUE=0 
 PARM;GEOM_ID=RMUXLHDSMZ;ID=CVCPRIAQGTN;NAME=Negative_Volume_Flag;GROUP=Negative_Volume_Props;VALUE=0 
 PARM;GEOM_ID=RMUXLHDSMZ;ID=QCIHLFOQRJB;NAME=WakeAngle;GROUP=WakeSettings;VALUE=0 
 PARM;GEOM_ID=RMUXLHDSMZ;ID=NSGFNWRTJQJ;NAME=WakeScale;GROUP=WakeSettings;VALUE=2 
 PARM;GEOM_ID=RMUXLHDSMZ;ID=RSSRHTPNCCI;NAME=CGx;GROUP=Mass_Props;VALUE=0 
 PARM;GEOM_ID=RMUXLHDSMZ;ID=RDZJGCQRVHA;NAME=CGy;GROUP=Mass_Props;VALUE=0 
 PARM;GEOM_ID=RMUXLHDSMZ;ID=AKBLSXIKSQH;NAME=CGz;GROUP=Mass_Props;VALUE=0 
 PARM;GEOM_ID=RMUXLHDSMZ;ID=JCUFVXFZSEC;NAME=Density;GROUP=Mass_Props;VALUE=1 
 PARM;GEOM_ID=RMUXLHDSMZ;ID=OYUXTXOXKWR;NAME=Ixx;GROUP=Mass_Props;VALUE=0 
 PARM;GEOM_ID=RMUXLHDSMZ;ID=EVDZTWTSIZV;NAME=Ixy;GROUP=Mass_Props;VALUE=0 
 PARM;GEOM_ID=RMUXLHDSMZ;ID=LKTLXISTJOC;NAME=Ixz;GROUP=Mass_Props;VALUE=0 
 PARM;GEOM_ID=RMUXLHDSMZ;ID=GLHBLWHUPIJ;NAME=Iyy;GROUP=Mass_Props;VALUE=0 
 PARM;GEOM_ID=RMUXLHDSMZ;ID=JODSRFTLYBM;NAME=Iyz;GROUP=Mass_Props;VALUE=0 
 PARM;GEOM_ID=RMUXLHDSMZ;ID=UKWJMRDNWBN;NAME=Izz;GROUP=Mass_Props;VALUE=0 
 PARM;GEOM_ID=RMUXLHDSMZ;ID=LYCZLJWKTEL;NAME=Mass_Area;GROUP=Mass_Props;VALUE=1 
 PARM;GEOM_ID=RMUXLHDSMZ;ID=KZCUCBVEJPC;NAME=Mass_Prior;GROUP=Mass_Props;VALUE=0 
 PARM;GEOM_ID=RMUXLHDSMZ;ID=ZYIQSIRXQJA;NAME=PointMass;GROUP=Mass_Props;VALUE=0 
 PARM;GEOM_ID=RMUXLHDSMZ;ID=HNDUXBVKYCB;NAME=Shell_Flag;GROUP=Mass_Props;VALUE=0 
 PARM;GEOM_ID=RMUXLHDSMZ;ID=NVLVTUPCJHW;NAME=X_Len;GROUP=BBox;VALUE=46.93 
 PARM;GEOM_ID=RMUXLHDSMZ;ID=HZPJQBJJLPN;NAME=X_Min;GROUP=BBox;VALUE=-5.92119e-16 
 PARM;GEOM_ID=RMUXLHDSMZ;ID=HSGJCSNBDBA;NAME=Y_Len;GROUP=BBox;VALUE=4.7596 
 PARM;GEOM_ID=RMUXLHDSMZ;ID=XZKAILIEZTP;NAME=Y_Min;GROUP=BBox;VALUE=-2.3798 
 PARM;GEOM_ID=RMUXLHDSMZ;ID=STXSSZNXKMA;NAME=Z_Len;GROUP=BBox;VALUE=4.7596 
 PARM;GEOM_ID=RMUXLHDSMZ;ID=QOUVJUDLEIK;NAME=Z_Min;GROUP=BBox;VALUE=-2.3798 
 PARM;GEOM_ID=RMUXLHDSMZ;ID=IBCWVULYZNR;NAME=CapUMaxLength;GROUP=EndCap;VALUE=1 
 PARM;GEOM_ID=RMUXLHDSMZ;ID=WFYABGRTMFN;NAME=CapUMaxOffset;GROUP=EndCap;VALUE=0 
 PARM;GEOM_ID=RMUXLHDSMZ;ID=TLBCYUIEHCF;NAME=CapUMaxOption;GROUP=EndCap;VALUE=0 
 PARM;GEOM_ID=RMUXLHDSMZ;ID=XMJASWJDCZR;NAME=CapUMaxStrength;GROUP=EndCap;VALUE=0.5 
 PARM;GEOM_ID=RMUXLHDSMZ;ID=RSKPJSECSZH;NAME=CapUMaxSweepFlag;GROUP=EndCap;VALUE=0 
 PARM;GEOM_ID=RMUXLHDSMZ;ID=ZOPOXUZUDIP;NAME=CapUMinLength;GROUP=EndCap;VALUE=1 
 PARM;GEOM_ID=RMUXLHDSMZ;ID=ABFBXDFWSIE;NAME=CapUMinOffset;GROUP=EndCap;VALUE=0 
 PARM;GEOM_ID=RMUXLHDSMZ;ID=HOCOROASHWQ;NAME=CapUMinOption;GROUP=EndCap;VALUE=0 
 PARM;GEOM_ID=RMUXLHDSMZ;ID=YZWAMQMSMJQ;NAME=CapUMinStrength;GROUP=EndCap;VALUE=0.5 
 PARM;GEOM_ID=RMUXLHDSMZ;ID=DGXPPPTRGYN;NAME=CapUMinSweepFlag;GROUP=EndCap;VALUE=0 
 PARM;GEOM_ID=RMUXLHDSMZ;ID=MUPZZQYMCYI;NAME=CapUMinTess;GROUP=EndCap;VALUE=3 
 PARM;GEOM_ID=RMUXLHDSMZ;ID=AYGYWBQHAPD;NAME=ExpandedList;GROUP=ParasiteDragProps;VALUE=0 
 PARM;GEOM_ID=RMUXLHDSMZ;ID=VSGCVCLSKTU;NAME=FFBodyEqnType;GROUP=ParasiteDragProps;VALUE=3 
 PARM;GEOM_ID=RMUXLHDSMZ;ID=LNEEHSOIKUL;NAME=FFUser;GROUP=ParasiteDragProps;VALUE=1 
 PARM;GEOM_ID=RMUXLHDSMZ;ID=AEMPNYXYVZO;NAME=FFWingEqnType;GROUP=ParasiteDragProps;VALUE=3 
 PARM;GEOM_ID=RMUXLHDSMZ;ID=RVPYBTSOBJH;NAME=IncorporatedGen;GROUP=ParasiteDragProps;VALUE=0 
 PARM;GEOM_ID=RMUXLHDSMZ;ID=NVDKOPWHZZC;NAME=PercLam;GROUP=ParasiteDragProps;VALUE=0 
 PARM;GEOM_ID=RMUXLHDSMZ;ID=WYBVDRFVBDS;NAME=Q;GROUP=ParasiteDragProps;VALUE=1 
 PARM;GEOM_ID=RMUXLHDSMZ;ID=NQSFAEZJBOX;NAME=Roughness;GROUP=ParasiteDragProps;VALUE=0 
 PARM;GEOM_ID=RMUXLHDSMZ;ID=NPZVOAZDWIU;NAME=TawTwRatio;GROUP=ParasiteDragProps;VALUE=1 
 PARM;GEOM_ID=RMUXLHDSMZ;ID=MERBPHGRFAS;NAME=TeTwRatio;GROUP=ParasiteDragProps;VALUE=1 
 PARM;GEOM_ID=RMUXLHDSMZ;ID=XITVFSFFVUZ;NAME=ActiveXSec;GROUP=Index;VALUE=3 
 PARM;GEOM_ID=RMUXLHDSMZ;ID=YPZYZMBBWNE;NAME=Length;GROUP=Design;VALUE=46.93 
 PARM;GEOM_ID=RMUXLHDSMZ;ID=YCGBYHVAOHS;NAME=OrderPolicy;GROUP=Design;VALUE=0 
 PARM;GEOM_ID=RMUXLHDSMZ;ID=PQBCNCMXUYL;NAME=AftCluster;GROUP=XSec;VALUE=1 
 PARM;GEOM_ID=RMUXLHDSMZ;ID=OCLAMPBEZSR;NAME=AllSym;GROUP=XSec;VALUE=0 
 PARM;GEOM_ID=RMUXLHDSMZ;ID=QEIBDRSINVC;NAME=BottomLAngle;GROUP=XSec;VALUE=18.95 
 PARM;GEOM_ID=RMUXLHDSMZ;ID=ZHQNQPGMLOX;NAME=BottomLAngleSet;GROUP=XSec;VALUE=1 
 PARM;GEOM_ID=RMUXLHDSMZ;ID=PLSSBIPZSPO;NAME=BottomLCurve;GROUP=XSec;VALUE=1.79456 
 PARM;GEOM_ID=RMUXLHDSMZ;ID=MUCYEYYLKSW;NAME=BottomLCurveSet;GROUP=XSec;VALUE=0 
 PARM;GEOM_ID=RMUXLHDSMZ;ID=LVDGNEHWPVA;NAME=BottomLRAngleEq;GROUP=XSec;VALUE=1 
 PARM;GEOM_ID=RMUXLHDSMZ;ID=KASFVEQPFXE;NAME=BottomLRCurveEq;GROUP=XSec;VALUE=0 
 PARM;GEOM_ID=RMUXLHDSMZ;ID=SSXIMRNOVFB;NAME=BottomLRSlewEq;GROUP=XSec;VALUE=0 
 PARM;GEOM_ID=RMUXLHDSMZ;ID=VQTGNSVOJLJ;NAME=BottomLRStrengthEq;GROUP=XSec;VALUE=0 
 PARM;GEOM_ID=RMUXLHDSMZ;ID=VDYGSXHSOZV;NAME=BottomLSlew;GROUP=XSec;VALUE=0 
 PARM;GEOM_ID=RMUXLHDSMZ;ID=TKQQPDJWFWP;NAME=BottomLSlewSet;GROUP=XSec;VALUE=1 
 PARM;GEOM_ID=RMUXLHDSMZ;ID=UGXWJTOXWZE;NAME=BottomLStrength;GROUP=XSec;VALUE=0.75 
 PARM;GEOM_ID=RMUXLHDSMZ;ID=SAMRNTXRLOK;NAME=BottomLStrengthSet;GROUP=XSec;VALUE=1 
 PARM;GEOM_ID=RMUXLHDSMZ;ID=CYKNUGQASKW;NAME=BottomRAngle;GROUP=XSec;VALUE=18.95 
 PARM;GEOM_ID=RMUXLHDSMZ;ID=NSFTZCRKOVS;NAME=BottomRAngleSet;GROUP=XSec;VALUE=1 
 PARM;GEOM_ID=RMUXLHDSMZ;ID=MNWXLFHLAXX;NAME=BottomRCurve;GROUP=XSec;VALUE=1.79456 
 PARM;GEOM_ID=RMUXLHDSMZ;ID=IIXJJLBLLTJ;NAME=BottomRCurveSet;GROUP=XSec;VALUE=0 
 PARM;GEOM_ID=RMUXLHDSMZ;ID=GYUTQGZACOH;NAME=BottomRSlew;GROUP=XSec;VALUE=0 
 PARM;GEOM_ID=RMUXLHDSMZ;ID=ZHLUZXXBHLE;NAME=BottomRSlewSet;GROUP=XSec;VALUE=1 
 PARM;GEOM_ID=RMUXLHDSMZ;ID=JCDGARPSUUI;NAME=BottomRStrength;GROUP=XSec;VALUE=1 
 PARM;GEOM_ID=RMUXLHDSMZ;ID=CWWITSLSCLN;NAME=BottomRStrengthSet;GROUP=XSec;VALUE=1 
 PARM;GEOM_ID=RMUXLHDSMZ;ID=ACMEYCDJWKG;NAME=ContinuityBottom;GROUP=XSec;VALUE=0 
 PARM;GEOM_ID=RMUXLHDSMZ;ID=BHZVBOPPFRG;NAME=ContinuityLeft;GROUP=XSec;VALUE=0 
 PARM;GEOM_ID=RMUXLHDSMZ;ID=LWUJHCDJAYX;NAME=ContinuityRight;GROUP=XSec;VALUE=0 
 PARM;GEOM_ID=RMUXLHDSMZ;ID=GTGYQIHRRFW;NAME=ContinuityTop;GROUP=XSec;VALUE=0 
 PARM;GEOM_ID=RMUXLHDSMZ;ID=WXZMJBETIXC;NAME=FwdCluster;GROUP=XSec;VALUE=1 
 PARM;GEOM_ID=RMUXLHDSMZ;ID=BMHPPGZSMIJ;NAME=LeftLAngle;GROUP=XSec;VALUE=18.9474 
 PARM;GEOM_ID=RMUXLHDSMZ;ID=PXATBFFAYKQ;NAME=LeftLAngleSet;GROUP=XSec;VALUE=1 
 PARM;GEOM_ID=RMUXLHDSMZ;ID=ETJNFXRWMQG;NAME=LeftLCurve;GROUP=XSec;VALUE=1.79449 
 PARM;GEOM_ID=RMUXLHDSMZ;ID=SKSDPADCUVP;NAME=LeftLCurveSet;GROUP=XSec;VALUE=0 
 PARM;GEOM_ID=RMUXLHDSMZ;ID=MHIVVNJVZLW;NAME=LeftLRAngleEq;GROUP=XSec;VALUE=1 
 PARM;GEOM_ID=RMUXLHDSMZ;ID=FGMLMZTWSWF;NAME=LeftLRCurveEq;GROUP=XSec;VALUE=0 
 PARM;GEOM_ID=RMUXLHDSMZ;ID=BWMMRFPNUBJ;NAME=LeftLRSlewEq;GROUP=XSec;VALUE=0 
 PARM;GEOM_ID=RMUXLHDSMZ;ID=RWSQUEFSPNR;NAME=LeftLRStrengthEq;GROUP=XSec;VALUE=0 
 PARM;GEOM_ID=RMUXLHDSMZ;ID=EQOOLOURABS;NAME=LeftLSlew;GROUP=XSec;VALUE=0 
 PARM;GEOM_ID=RMUXLHDSMZ;ID=KIIJHRJIMAV;NAME=LeftLSlewSet;GROUP=XSec;VALUE=1 
 PARM;GEOM_ID=RMUXLHDSMZ;ID=UEWFOXBAURO;NAME=LeftLStrength;GROUP=XSec;VALUE=0.75 
 PARM;GEOM_ID=RMUXLHDSMZ;ID=ETEMUFYZLAE;NAME=LeftLStrengthSet;GROUP=XSec;VALUE=1 
 PARM;GEOM_ID=RMUXLHDSMZ;ID=QOVYIZLZRXQ;NAME=LeftRAngle;GROUP=XSec;VALUE=18.9474 
 PARM;GEOM_ID=RMUXLHDSMZ;ID=SUFTFGPEMYX;NAME=LeftRAngleSet;GROUP=XSec;VALUE=1 
 PARM;GEOM_ID=RMUXLHDSMZ;ID=TBWMOTZMOOE;NAME=LeftRCurve;GROUP=XSec;VALUE=1.79449 
 PARM;GEOM_ID=RMUXLHDSMZ;ID=CZCMKNHBJKA;NAME=LeftRCurveSet;GROUP=XSec;VALUE=0 
 PARM;GEOM_ID=RMUXLHDSMZ;ID=KYMUSKJAULS;NAME=LeftRSlew;GROUP=XSec;VALUE=0 
 PARM;GEOM_ID=RMUXLHDSMZ;ID=IQORFVLMNKA;NAME=LeftRSlewSet;GROUP=XSec;VALUE=1 
 PARM;GEOM_ID=RMUXLHDSMZ;ID=YEFFOBJQCGQ;NAME=LeftRStrength;GROUP=XSec;VALUE=1 
 PARM;GEOM_ID=RMUXLHDSMZ;ID=LHMUHUMQFDL;NAME=LeftRStrengthSet;GROUP=XSec;VALUE=1 
 PARM;GEOM_ID=RMUXLHDSMZ;ID=QMWNLPLSSWK;NAME=RLSym;GROUP=XSec;VALUE=1 
 PARM;GEOM_ID=RMUXLHDSMZ;ID=PIKLETOGDGG;NAME=RefLength;GROUP=XSec;VALUE=46.93 
 PARM;GEOM_ID=RMUXLHDSMZ;ID=EIBGJRXDGYA;NAME=RightLAngle;GROUP=XSec;VALUE=18.9474 
 PARM;GEOM_ID=RMUXLHDSMZ;ID=ILTTQZCOWDV;NAME=RightLAngleSet;GROUP=XSec;VALUE=1 
 PARM;GEOM_ID=RMUXLHDSMZ;ID=CBYJSNTSLTK;NAME=RightLCurve;GROUP=XSec;VALUE=1.79449 
 PARM;GEOM_ID=RMUXLHDSMZ;ID=AJIKYQYOFFB;NAME=RightLCurveSet;GROUP=XSec;VALUE=0 
 PARM;GEOM_ID=RMUXLHDSMZ;ID=ICROHOXIJJI;NAME=RightLRAngleEq;GROUP=XSec;VALUE=1 
 PARM;GEOM_ID=RMUXLHDSMZ;ID=BQJXHMFJRZK;NAME=RightLRCurveEq;GROUP=XSec;VALUE=0 
 PARM;GEOM_ID=RMUXLHDSMZ;ID=XEKMLZKYSEG;NAME=RightLRSlewEq;GROUP=XSec;VALUE=0 
 PARM;GEOM_ID=RMUXLHDSMZ;ID=OBHIDIBWUDJ;NAME=RightLRStrengthEq;GROUP=XSec;VALUE=0 
 PARM;GEOM_ID=RMUXLHDSMZ;ID=IBLDIXJYUKG;NAME=RightLSlew;GROUP=XSec;VALUE=0 
 PARM;GEOM_ID=RMUXLHDSMZ;ID=OPCFAWQKRFP;NAME=RightLSlewSet;GROUP=XSec;VALUE=1 
 PARM;GEOM_ID=RMUXLHDSMZ;ID=KTVQIDQIZIZ;NAME=RightLStrength;GROUP=XSec;VALUE=0.75 
 PARM;GEOM_ID=RMUXLHDSMZ;ID=ZLLAOUMAMXV;NAME=RightLStrengthSet;GROUP=XSec;VALUE=1 
 PARM;GEOM_ID=RMUXLHDSMZ;ID=GWVFNTXWNOS;NAME=RightRAngle;GROUP=XSec;VALUE=18.9474 
 PARM;GEOM_ID=RMUXLHDSMZ;ID=ZXZYTSMHJMM;NAME=RightRAngleSet;GROUP=XSec;VALUE=1 
 PARM;GEOM_ID=RMUXLHDSMZ;ID=LMUNDFMQGMW;NAME=RightRCurve;GROUP=XSec;VALUE=1.79449 
 PARM;GEOM_ID=RMUXLHDSMZ;ID=PAPXDZYRLHP;NAME=RightRCurveSet;GROUP=XSec;VALUE=0 
 PARM;GEOM_ID=RMUXLHDSMZ;ID=SJKPMNIOQUM;NAME=RightRSlew;GROUP=XSec;VALUE=0 
 PARM;GEOM_ID=RMUXLHDSMZ;ID=ZLWGJBYLPSZ;NAME=RightRSlewSet;GROUP=XSec;VALUE=1 
 PARM;GEOM_ID=RMUXLHDSMZ;ID=SYCLRMBGYQT;NAME=RightRStrength;GROUP=XSec;VALUE=1 
 PARM;GEOM_ID=RMUXLHDSMZ;ID=FFMVJIYGMLQ;NAME=RightRStrengthSet;GROUP=XSec;VALUE=1 
 PARM;GEOM_ID=RMUXLHDSMZ;ID=BVYXSICZBBT;NAME=SectTess_U;GROUP=XSec;VALUE=18 
 PARM;GEOM_ID=RMUXLHDSMZ;ID=YOJNYZQCBIC;NAME=Spin;GROUP=XSec;VALUE=0 
 PARM;GEOM_ID=RMUXLHDSMZ;ID=OUEIVNEIUHJ;NAME=TBSym;GROUP=XSec;VALUE=1 
 PARM;GEOM_ID=RMUXLHDSMZ;ID=QWIHENGADWU;NAME=TopLAngle;GROUP=XSec;VALUE=18.95 
 PARM;GEOM_ID=RMUXLHDSMZ;ID=HGENQWLCLUC;NAME=TopLAngleSet;GROUP=XSec;VALUE=1 
 PARM;GEOM_ID=RMUXLHDSMZ;ID=SAGTYUDNHHM;NAME=TopLCurve;GROUP=XSec;VALUE=1.79456 
 PARM;GEOM_ID=RMUXLHDSMZ;ID=NLZDSSWQJSE;NAME=TopLCurveSet;GROUP=XSec;VALUE=0 
 PARM;GEOM_ID=RMUXLHDSMZ;ID=PZTIUZHPFPK;NAME=TopLRAngleEq;GROUP=XSec;VALUE=1 
 PARM;GEOM_ID=RMUXLHDSMZ;ID=SXJWTAJWTIP;NAME=TopLRCurveEq;GROUP=XSec;VALUE=0 
 PARM;GEOM_ID=RMUXLHDSMZ;ID=HJHNSMWTDWW;NAME=TopLRSlewEq;GROUP=XSec;VALUE=0 
 PARM;GEOM_ID=RMUXLHDSMZ;ID=MRSOTRMHNAN;NAME=TopLRStrengthEq;GROUP=XSec;VALUE=0 
 PARM;GEOM_ID=RMUXLHDSMZ;ID=JQVFOTHLHFX;NAME=TopLSlew;GROUP=XSec;VALUE=0 
 PARM;GEOM_ID=RMUXLHDSMZ;ID=URYMZKNYDTL;NAME=TopLSlewSet;GROUP=XSec;VALUE=1 
 PARM;GEOM_ID=RMUXLHDSMZ;ID=WNGANLFYIRB;NAME=TopLStrength;GROUP=XSec;VALUE=0.75 
 PARM;GEOM_ID=RMUXLHDSMZ;ID=IBYWBKLYGFV;NAME=TopLStrengthSet;GROUP=XSec;VALUE=1 
 PARM;GEOM_ID=RMUXLHDSMZ;ID=FZUQOIQAJXX;NAME=TopRAngle;GROUP=XSec;VALUE=18.95 
 PARM;GEOM_ID=RMUXLHDSMZ;ID=MWVZQQMZPHK;NAME=TopRAngleSet;GROUP=XSec;VALUE=1 
 PARM;GEOM_ID=RMUXLHDSMZ;ID=FYCYBKKOJQX;NAME=TopRCurve;GROUP=XSec;VALUE=1.79456 
 PARM;GEOM_ID=RMUXLHDSMZ;ID=HRGQLFFSOIJ;NAME=TopRCurveSet;GROUP=XSec;VALUE=0 
 PARM;GEOM_ID=RMUXLHDSMZ;ID=UNFQVUGLUTC;NAME=TopRSlew;GROUP=XSec;VALUE=0 
 PARM;GEOM_ID=RMUXLHDSMZ;ID=KAJZNMFQGIA;NAME=TopRSlewSet;GROUP=XSec;VALUE=1 
 PARM;GEOM_ID=RMUXLHDSMZ;ID=SLUXQXCLCDS;NAME=TopRStrength;GROUP=XSec;VALUE=1 
 PARM;GEOM_ID=RMUXLHDSMZ;ID=DJVSDYESCWK;NAME=TopRStrengthSet;GROUP=XSec;VALUE=1 
 PARM;GEOM_ID=RMUXLHDSMZ;ID=HTYYAEDXXTO;NAME=XLocPercent;GROUP=XSec;VALUE=0 
 PARM;GEOM_ID=RMUXLHDSMZ;ID=XQSUCLCNJQX;NAME=XRotate;GROUP=XSec;VALUE=0 
 PARM;GEOM_ID=RMUXLHDSMZ;ID=NZRRCSFJEFC;NAME=YLocPercent;GROUP=XSec;VALUE=0 
 PARM;GEOM_ID=RMUXLHDSMZ;ID=OKTISBVDICZ;NAME=YRotate;GROUP=XSec;VALUE=0 
 PARM;GEOM_ID=RMUXLHDSMZ;ID=OGHHDPLFVLH;NAME=ZLocPercent;GROUP=XSec;VALUE=0 
 PARM;GEOM_ID=RMUXLHDSMZ;ID=VBPKJLSKKXB;NAME=ZRotate;GROUP=XSec;VALUE=0 
 PARM;GEOM_ID=RMUXLHDSMZ;ID=UNFAMRHNXHC;NAME=Area;GROUP=XSecCurve;VALUE=0 
 PARM;GEOM_ID=RMUXLHDSMZ;ID=NGJIDNCLGHR;NAME=DeltaX;GROUP=XSecCurve;VALUE=0 
 PARM;GEOM_ID=RMUXLHDSMZ;ID=YNBVEUWDPLU;NAME=DeltaY;GROUP=XSecCurve;VALUE=0 
 PARM;GEOM_ID=RMUXLHDSMZ;ID=JQJENMVFZED;NAME=HWRatio;GROUP=XSecCurve;VALUE=1 
 PARM;GEOM_ID=RMUXLHDSMZ;ID=NWPCNLVWDKU;NAME=Scale;GROUP=XSecCurve;VALUE=1 
 PARM;GEOM_ID=RMUXLHDSMZ;ID=RPLAPYPJAXI;NAME=ShiftLE;GROUP=XSecCurve;VALUE=0 
 PARM;GEOM_ID=RMUXLHDSMZ;ID=XAYRAOKKKBT;NAME=Theta;GROUP=XSecCurve;VALUE=0 
 PARM;GEOM_ID=RMUXLHDSMZ;ID=SGJUHCHHLTP;NAME=LE_Cap_Length;GROUP=Cap;VALUE=1 
 PARM;GEOM_ID=RMUXLHDSMZ;ID=RCGCCPAWSJE;NAME=LE_Cap_Offset;GROUP=Cap;VALUE=0 
 PARM;GEOM_ID=RMUXLHDSMZ;ID=KPZOYUMBYAI;NAME=LE_Cap_Strength;GROUP=Cap;VALUE=0.5 
 PARM;GEOM_ID=RMUXLHDSMZ;ID=YHHJGEMMKFQ;NAME=LE_Cap_Type;GROUP=Cap;VALUE=1 
 PARM;GEOM_ID=RMUXLHDSMZ;ID=ZSYTEBROPSU;NAME=TE_Cap_Length;GROUP=Cap;VALUE=1 
 PARM;GEOM_ID=RMUXLHDSMZ;ID=BEJXGKFGAPN;NAME=TE_Cap_Offset;GROUP=Cap;VALUE=0 
 PARM;GEOM_ID=RMUXLHDSMZ;ID=PMHYXVVGOYW;NAME=TE_Cap_Strength;GROUP=Cap;VALUE=0.5 
 PARM;GEOM_ID=RMUXLHDSMZ;ID=TNHAVLUURTQ;NAME=TE_Cap_Type;GROUP=Cap;VALUE=1 
 PARM;GEOM_ID=RMUXLHDSMZ;ID=JMBETBLDTWF;NAME=LE_Close_AbsRel;GROUP=Close;VALUE=0 
 PARM;GEOM_ID=RMUXLHDSMZ;ID=HCJDTESQRLJ;NAME=LE_Close_Thick;GROUP=Close;VALUE=0 
 PARM;GEOM_ID=RMUXLHDSMZ;ID=OJLCYNGEEKE;NAME=LE_Close_Thick_Chord;GROUP=Close;VALUE=0 
 PARM;GEOM_ID=RMUXLHDSMZ;ID=LGVLDXJQSNP;NAME=LE_Close_Type;GROUP=Close;VALUE=0 
 PARM;GEOM_ID=RMUXLHDSMZ;ID=YNZKSEEKMGF;NAME=TE_Close_AbsRel;GROUP=Close;VALUE=0 
 PARM;GEOM_ID=RMUXLHDSMZ;ID=EISPCVDYPQA;NAME=TE_Close_Thick;GROUP=Close;VALUE=0 
 PARM;GEOM_ID=RMUXLHDSMZ;ID=ZIJQWDBMKSA;NAME=TE_Close_Thick_Chord;GROUP=Close;VALUE=0 
 PARM;GEOM_ID=RMUXLHDSMZ;ID=XBYBSUEMMEZ;NAME=TE_Close_Type;GROUP=Close;VALUE=0 
 PARM;GEOM_ID=RMUXLHDSMZ;ID=DPYVWBZHJQW;NAME=LE_Trim_AbsRel;GROUP=Trim;VALUE=0 
 PARM;GEOM_ID=RMUXLHDSMZ;ID=QIAMGJOKAXS;NAME=LE_Trim_Thick;GROUP=Trim;VALUE=0 
 PARM;GEOM_ID=RMUXLHDSMZ;ID=DPOAOIQDVOL;NAME=LE_Trim_Thick_Chord;GROUP=Trim;VALUE=0 
 PARM;GEOM_ID=RMUXLHDSMZ;ID=RYATJUWWLEM;NAME=LE_Trim_Type;GROUP=Trim;VALUE=0 
 PARM;GEOM_ID=RMUXLHDSMZ;ID=IKECTTXTJYS;NAME=LE_Trim_X;GROUP=Trim;VALUE=0 
 PARM;GEOM_ID=RMUXLHDSMZ;ID=GWFGGBYFPIO;NAME=LE_Trim_X_Chord;GROUP=Trim;VALUE=0 
 PARM;GEOM_ID=RMUXLHDSMZ;ID=WJKZLYNYWKF;NAME=TE_Trim_AbsRel;GROUP=Trim;VALUE=0 
 PARM;GEOM_ID=RMUXLHDSMZ;ID=PQJWZTRVPNU;NAME=TE_Trim_Thick;GROUP=Trim;VALUE=0 
 PARM;GEOM_ID=RMUXLHDSMZ;ID=NIUMALDZYIQ;NAME=TE_Trim_Thick_Chord;GROUP=Trim;VALUE=0 
 PARM;GEOM_ID=RMUXLHDSMZ;ID=ONSHWSPDKRN;NAME=TE_Trim_Type;GROUP=Trim;VALUE=0 
 PARM;GEOM_ID=RMUXLHDSMZ;ID=AJUEJXDLTGM;NAME=TE_Trim_X;GROUP=Trim;VALUE=0 
 PARM;GEOM_ID=RMUXLHDSMZ;ID=XFVFLCDSJUE;NAME=TE_Trim_X_Chord;GROUP=Trim;VALUE=0 
 PARM;GEOM_ID=RMUXLHDSMZ;ID=KUOUXXCXAMB;NAME=TE_Flap_DT;GROUP=Flap;VALUE=0 
 PARM;GEOM_ID=RMUXLHDSMZ;ID=NIVTFADTFZC;NAME=TE_Flap_Deflection;GROUP=Flap;VALUE=0 
 PARM;GEOM_ID=RMUXLHDSMZ;ID=JIPIFHFPLHH;NAME=TE_Flap_Flag;GROUP=Flap;VALUE=0 
 PARM;GEOM_ID=RMUXLHDSMZ;ID=NZOWIIVTBXO;NAME=TE_Flap_T;GROUP=Flap;VALUE=0.2 
 PARM;GEOM_ID=RMUXLHDSMZ;ID=PWUWYASAFHV;NAME=TE_Flap_Type;GROUP=Flap;VALUE=0 
 PARM;GEOM_ID=RMUXLHDSMZ;ID=MSPZMRUVBBO;NAME=TE_Flap_X;GROUP=Flap;VALUE=0 
 PARM;GEOM_ID=RMUXLHDSMZ;ID=AOSVKIHSUOH;NAME=TE_Flap_X_Chord;GROUP=Flap;VALUE=0.2 
 PARM;GEOM_ID=RMUXLHDSMZ;ID=PFIPRSNMYEW;NAME=TE_Flap_Y_Frc;GROUP=Flap;VALUE=0.5 
 PARM;GEOM_ID=RMUXLHDSMZ;ID=TDVJHRGPMEV;NAME=TE_Trim_AbsRel;GROUP=Flap;VALUE=1 
 PARM;GEOM_ID=RMUXLHDSMZ;ID=MHTUWEGOWTE;NAME=XSecFlipImageFlag;GROUP=XSecCurve_Background;VALUE=0 
 PARM;GEOM_ID=RMUXLHDSMZ;ID=YUTSAQKWUFI;NAME=XSecImageFlag;GROUP=XSecCurve_Background;VALUE=0 
 PARM;GEOM_ID=RMUXLHDSMZ;ID=DRXGORENUMV;NAME=XSecImageH;GROUP=XSecCurve_Background;VALUE=1 
 PARM;GEOM_ID=RMUXLHDSMZ;ID=HZMWHRGYVWN;NAME=XSecImagePreserveAR;GROUP=XSecCurve_Background;VALUE=1 
 PARM;GEOM_ID=RMUXLHDSMZ;ID=IXQTQTWJXNA;NAME=XSecImageW;GROUP=XSecCurve_Background;VALUE=1 
 PARM;GEOM_ID=RMUXLHDSMZ;ID=QPMBMUTMQYA;NAME=XSecImageXOffset;GROUP=XSecCurve_Background;VALUE=0 
 PARM;GEOM_ID=RMUXLHDSMZ;ID=ZUGYQNNSMRA;NAME=XSecImageYOffset;GROUP=XSecCurve_Background;VALUE=0 
 PARM;GEOM_ID=RMUXLHDSMZ;ID=HVHNKOKXVUD;NAME=XSecLockImageFlag;GROUP=XSecCurve_Background;VALUE=0 
 PARM;GEOM_ID=RMUXLHDSMZ;ID=NRCTKKKLTRL;NAME=AllSym;GROUP=Chevron;VALUE=1 
 PARM;GEOM_ID=RMUXLHDSMZ;ID=DMTDYUEYJGE;NAME=BottomAmplitude;GROUP=Chevron;VALUE=1 
 PARM;GEOM_ID=RMUXLHDSMZ;ID=UIHFBSHRRCA;NAME=Bottom_Angle;GROUP=Chevron;VALUE=0 
 PARM;GEOM_ID=RMUXLHDSMZ;ID=BWZEOZZKVVR;NAME=Bottom_Slew;GROUP=Chevron;VALUE=0 
 PARM;GEOM_ID=RMUXLHDSMZ;ID=AVXYBRMAUQT;NAME=Chevron_Type;GROUP=Chevron;VALUE=0 
 PARM;GEOM_ID=RMUXLHDSMZ;ID=TTVFUPKJJGQ;NAME=LeftAmplitude;GROUP=Chevron;VALUE=1 
 PARM;GEOM_ID=RMUXLHDSMZ;ID=DWQQBUYPMWO;NAME=Left_Angle;GROUP=Chevron;VALUE=0 
 PARM;GEOM_ID=RMUXLHDSMZ;ID=RVAQPBSJFVP;NAME=Left_Slew;GROUP=Chevron;VALUE=0 
 PARM;GEOM_ID=RMUXLHDSMZ;ID=VPSSCZNITTB;NAME=Number;GROUP=Chevron;VALUE=8 
 PARM;GEOM_ID=RMUXLHDSMZ;ID=SPSMOPRYQAV;NAME=Off_Duty;GROUP=Chevron;VALUE=0 
 PARM;GEOM_ID=RMUXLHDSMZ;ID=PFDOCYCPIMY;NAME=On_Duty;GROUP=Chevron;VALUE=0 
 PARM;GEOM_ID=RMUXLHDSMZ;ID=WIKXFUSNOVT;NAME=Peak_Radius;GROUP=Chevron;VALUE=0 
 PARM;GEOM_ID=RMUXLHDSMZ;ID=WCSPIREWHZP;NAME=RLSym;GROUP=Chevron;VALUE=1 
 PARM;GEOM_ID=RMUXLHDSMZ;ID=XNMNCQDZLJM;NAME=RightAmplitude;GROUP=Chevron;VALUE=1 
 PARM;GEOM_ID=RMUXLHDSMZ;ID=QNKXYMQVSJF;NAME=Right_Angle;GROUP=Chevron;VALUE=0 
 PARM;GEOM_ID=RMUXLHDSMZ;ID=IATXQRYVDDE;NAME=Right_Slew;GROUP=Chevron;VALUE=0 
 PARM;GEOM_ID=RMUXLHDSMZ;ID=HMVTIGXYKEM;NAME=TBSym;GROUP=Chevron;VALUE=1 
 PARM;GEOM_ID=RMUXLHDSMZ;ID=IFKUCXOPFPF;NAME=TopAmplitude;GROUP=Chevron;VALUE=1 
 PARM;GEOM_ID=RMUXLHDSMZ;ID=LGWZKTMFLWX;NAME=Top_Angle;GROUP=Chevron;VALUE=0 
 PARM;GEOM_ID=RMUXLHDSMZ;ID=UHLLWIHXFJW;NAME=Top_Slew;GROUP=Chevron;VALUE=0 
 PARM;GEOM_ID=RMUXLHDSMZ;ID=KVRGJPZTTFH;NAME=Valley_Radius;GROUP=Chevron;VALUE=0 
 PARM;GEOM_ID=RMUXLHDSMZ;ID=TAEKALDSGMX;NAME=W01_Center;GROUP=Chevron;VALUE=0.25 
 PARM;GEOM_ID=RMUXLHDSMZ;ID=KIRYHCVDQTQ;NAME=W01_Center_Guide;GROUP=Chevron;VALUE=5 
 PARM;GEOM_ID=RMUXLHDSMZ;ID=EGIFKSRWMZW;NAME=W01_End;GROUP=Chevron;VALUE=0.5 
 PARM;GEOM_ID=RMUXLHDSMZ;ID=SFMHVHZWCHX;NAME=W01_End_Guide;GROUP=Chevron;VALUE=5 
 PARM;GEOM_ID=RMUXLHDSMZ;ID=NSCPACLBPDX;NAME=W01_Mode;GROUP=Chevron;VALUE=0 
 PARM;GEOM_ID=RMUXLHDSMZ;ID=SUJVXWMBXIL;NAME=W01_Start;GROUP=Chevron;VALUE=0 
 PARM;GEOM_ID=RMUXLHDSMZ;ID=QXMSAJCZWTN;NAME=W01_Start_Guide;GROUP=Chevron;VALUE=5 
 PARM;GEOM_ID=RMUXLHDSMZ;ID=LUNVTZRIZNZ;NAME=W01_Width;GROUP=Chevron;VALUE=0.5 
 PARM;GEOM_ID=RMUXLHDSMZ;ID=JKCZQAFHBEC;NAME=AftCluster;GROUP=XSec;VALUE=1 
 PARM;GEOM_ID=RMUXLHDSMZ;ID=YIESAEMQEGU;NAME=AllSym;GROUP=XSec;VALUE=0 
 PARM;GEOM_ID=RMUXLHDSMZ;ID=APRYCLJOUTB;NAME=BottomLAngle;GROUP=XSec;VALUE=0 
 PARM;GEOM_ID=RMUXLHDSMZ;ID=SOJOUVMVNFV;NAME=BottomLAngleSet;GROUP=XSec;VALUE=1 
 PARM;GEOM_ID=RMUXLHDSMZ;ID=HHRHXVYCAEM;NAME=BottomLCurve;GROUP=XSec;VALUE=-2.72515 
 PARM;GEOM_ID=RMUXLHDSMZ;ID=LAGKREQSOCO;NAME=BottomLCurveSet;GROUP=XSec;VALUE=0 
 PARM;GEOM_ID=RMUXLHDSMZ;ID=IFCKHEVGGJI;NAME=BottomLRAngleEq;GROUP=XSec;VALUE=1 
 PARM;GEOM_ID=RMUXLHDSMZ;ID=ZFMOYJZAFVG;NAME=BottomLRCurveEq;GROUP=XSec;VALUE=0 
 PARM;GEOM_ID=RMUXLHDSMZ;ID=POUOEERLZHL;NAME=BottomLRSlewEq;GROUP=XSec;VALUE=0 
 PARM;GEOM_ID=RMUXLHDSMZ;ID=EXHCOXNQHAW;NAME=BottomLRStrengthEq;GROUP=XSec;VALUE=0 
 PARM;GEOM_ID=RMUXLHDSMZ;ID=EHDRFPHEZTF;NAME=BottomLSlew;GROUP=XSec;VALUE=0 
 PARM;GEOM_ID=RMUXLHDSMZ;ID=EZPARDDBSWF;NAME=BottomLSlewSet;GROUP=XSec;VALUE=1 
 PARM;GEOM_ID=RMUXLHDSMZ;ID=ZNHPIQLWUJS;NAME=BottomLStrength;GROUP=XSec;VALUE=1 
 PARM;GEOM_ID=RMUXLHDSMZ;ID=JBWCNVDBHHV;NAME=BottomLStrengthSet;GROUP=XSec;VALUE=1 
 PARM;GEOM_ID=RMUXLHDSMZ;ID=QKUKHGVZORL;NAME=BottomRAngle;GROUP=XSec;VALUE=0 
 PARM;GEOM_ID=RMUXLHDSMZ;ID=NOAUNOLSVMK;NAME=BottomRAngleSet;GROUP=XSec;VALUE=1 
 PARM;GEOM_ID=RMUXLHDSMZ;ID=YSLHKZBLOMN;NAME=BottomRCurve;GROUP=XSec;VALUE=0.181415 
 PARM;GEOM_ID=RMUXLHDSMZ;ID=ZOLGMWMSJMK;NAME=BottomRCurveSet;GROUP=XSec;VALUE=0 
 PARM;GEOM_ID=RMUXLHDSMZ;ID=QBDNWSZAIML;NAME=BottomRSlew;GROUP=XSec;VALUE=0 
 PARM;GEOM_ID=RMUXLHDSMZ;ID=LFFYPLXKZGD;NAME=BottomRSlewSet;GROUP=XSec;VALUE=1 
 PARM;GEOM_ID=RMUXLHDSMZ;ID=AKVQNLUJBRV;NAME=BottomRStrength;GROUP=XSec;VALUE=1 
 PARM;GEOM_ID=RMUXLHDSMZ;ID=ORBMGHOMUPQ;NAME=BottomRStrengthSet;GROUP=XSec;VALUE=1 
 PARM;GEOM_ID=RMUXLHDSMZ;ID=HOVWICQIBPO;NAME=ContinuityBottom;GROUP=XSec;VALUE=0 
 PARM;GEOM_ID=RMUXLHDSMZ;ID=TXWHCBJUPWM;NAME=ContinuityLeft;GROUP=XSec;VALUE=0 
 PARM;GEOM_ID=RMUXLHDSMZ;ID=VSDGENXSSDV;NAME=ContinuityRight;GROUP=XSec;VALUE=0 
 PARM;GEOM_ID=RMUXLHDSMZ;ID=SBSWNYWORGE;NAME=ContinuityTop;GROUP=XSec;VALUE=0 
 PARM;GEOM_ID=RMUXLHDSMZ;ID=KSKEUBXSAGA;NAME=FwdCluster;GROUP=XSec;VALUE=1 
 PARM;GEOM_ID=RMUXLHDSMZ;ID=ECFRCAZUGMZ;NAME=LeftLAngle;GROUP=XSec;VALUE=0 
 PARM;GEOM_ID=RMUXLHDSMZ;ID=UIMDNMYSNIX;NAME=LeftLAngleSet;GROUP=XSec;VALUE=1 
 PARM;GEOM_ID=RMUXLHDSMZ;ID=TVBCTOYTGMY;NAME=LeftLCurve;GROUP=XSec;VALUE=-2.72512 
 PARM;GEOM_ID=RMUXLHDSMZ;ID=ZLTJJVULQTX;NAME=LeftLCurveSet;GROUP=XSec;VALUE=0 
 PARM;GEOM_ID=RMUXLHDSMZ;ID=FHWVYEKUJLO;NAME=LeftLRAngleEq;GROUP=XSec;VALUE=1 
 PARM;GEOM_ID=RMUXLHDSMZ;ID=PMMSUZNHXLS;NAME=LeftLRCurveEq;GROUP=XSec;VALUE=0 
 PARM;GEOM_ID=RMUXLHDSMZ;ID=GKMHCLGOZJL;NAME=LeftLRSlewEq;GROUP=XSec;VALUE=0 
 PARM;GEOM_ID=RMUXLHDSMZ;ID=PJGRMCBFZDZ;NAME=LeftLRStrengthEq;GROUP=XSec;VALUE=0 
 PARM;GEOM_ID=RMUXLHDSMZ;ID=AZHZISLMDVI;NAME=LeftLSlew;GROUP=XSec;VALUE=0 
 PARM;GEOM_ID=RMUXLHDSMZ;ID=IQSOUXZCBJA;NAME=LeftLSlewSet;GROUP=XSec;VALUE=1 
 PARM;GEOM_ID=RMUXLHDSMZ;ID=MTXZOQJXOJE;NAME=LeftLStrength;GROUP=XSec;VALUE=1 
 PARM;GEOM_ID=RMUXLHDSMZ;ID=WMYBXERJMHX;NAME=LeftLStrengthSet;GROUP=XSec;VALUE=1 
 PARM;GEOM_ID=RMUXLHDSMZ;ID=LHTRCVHDEXF;NAME=LeftRAngle;GROUP=XSec;VALUE=0 
 PARM;GEOM_ID=RMUXLHDSMZ;ID=MTFRUFQQOPN;NAME=LeftRAngleSet;GROUP=XSec;VALUE=1 
 PARM;GEOM_ID=RMUXLHDSMZ;ID=OMYQWZZBRZE;NAME=LeftRCurve;GROUP=XSec;VALUE=0.181414 
 PARM;GEOM_ID=RMUXLHDSMZ;ID=CZXIQEEQPWX;NAME=LeftRCurveSet;GROUP=XSec;VALUE=0 
 PARM;GEOM_ID=RMUXLHDSMZ;ID=BYLOWUGBDOV;NAME=LeftRSlew;GROUP=XSec;VALUE=0 
 PARM;GEOM_ID=RMUXLHDSMZ;ID=NXYABABEIYK;NAME=LeftRSlewSet;GROUP=XSec;VALUE=1 
 PARM;GEOM_ID=RMUXLHDSMZ;ID=PTSOSGSSEEP;NAME=LeftRStrength;GROUP=XSec;VALUE=1 
 PARM;GEOM_ID=RMUXLHDSMZ;ID=SHOBHIDJQLI;NAME=LeftRStrengthSet;GROUP=XSec;VALUE=1 
 PARM;GEOM_ID=RMUXLHDSMZ;ID=XMWSIAAORBX;NAME=RLSym;GROUP=XSec;VALUE=1 
 PARM;GEOM_ID=RMUXLHDSMZ;ID=RMCDGOICVCV;NAME=RefLength;GROUP=XSec;VALUE=46.93 
 PARM;GEOM_ID=RMUXLHDSMZ;ID=AVPXPSGXECM;NAME=RightLAngle;GROUP=XSec;VALUE=0 
 PARM;GEOM_ID=RMUXLHDSMZ;ID=EWYLHKALUCC;NAME=RightLAngleSet;GROUP=XSec;VALUE=1 
 PARM;GEOM_ID=RMUXLHDSMZ;ID=MOPXBBPPAOJ;NAME=RightLCurve;GROUP=XSec;VALUE=-2.72512 
 PARM;GEOM_ID=RMUXLHDSMZ;ID=SCINPGSCANY;NAME=RightLCurveSet;GROUP=XSec;VALUE=0 
 PARM;GEOM_ID=RMUXLHDSMZ;ID=CVTRFUKXXMK;NAME=RightLRAngleEq;GROUP=XSec;VALUE=1 
 PARM;GEOM_ID=RMUXLHDSMZ;ID=NNAYXUWGXWS;NAME=RightLRCurveEq;GROUP=XSec;VALUE=0 
 PARM;GEOM_ID=RMUXLHDSMZ;ID=NBBCOBWUCBU;NAME=RightLRSlewEq;GROUP=XSec;VALUE=0 
 PARM;GEOM_ID=RMUXLHDSMZ;ID=RFVJMIPPOEJ;NAME=RightLRStrengthEq;GROUP=XSec;VALUE=0 
 PARM;GEOM_ID=RMUXLHDSMZ;ID=UNFSITUJXGX;NAME=RightLSlew;GROUP=XSec;VALUE=0 
 PARM;GEOM_ID=RMUXLHDSMZ;ID=IQXCFFNUEGV;NAME=RightLSlewSet;GROUP=XSec;VALUE=1 
 PARM;GEOM_ID=RMUXLHDSMZ;ID=VEMXHOECJLP;NAME=RightLStrength;GROUP=XSec;VALUE=1 
 PARM;GEOM_ID=RMUXLHDSMZ;ID=AGZSVTIXLSJ;NAME=RightLStrengthSet;GROUP=XSec;VALUE=1 
 PARM;GEOM_ID=RMUXLHDSMZ;ID=CVBVPVFXKYJ;NAME=RightRAngle;GROUP=XSec;VALUE=0 
 PARM;GEOM_ID=RMUXLHDSMZ;ID=JDFXGCNESAS;NAME=RightRAngleSet;GROUP=XSec;VALUE=1 
 PARM;GEOM_ID=RMUXLHDSMZ;ID=AOSDYBLLFKQ;NAME=RightRCurve;GROUP=XSec;VALUE=0.181414 
 PARM;GEOM_ID=RMUXLHDSMZ;ID=XUZLQZBWJLX;NAME=RightRCurveSet;GROUP=XSec;VALUE=0 
 PARM;GEOM_ID=RMUXLHDSMZ;ID=PIEGKNEIPAR;NAME=RightRSlew;GROUP=XSec;VALUE=0 
 PARM;GEOM_ID=RMUXLHDSMZ;ID=WKRIRZBOCPZ;NAME=RightRSlewSet;GROUP=XSec;VALUE=1 
 PARM;GEOM_ID=RMUXLHDSMZ;ID=XVLAKVGLEIU;NAME=RightRStrength;GROUP=XSec;VALUE=1 
 PARM;GEOM_ID=RMUXLHDSMZ;ID=YXLCDMGRQPG;NAME=RightRStrengthSet;GROUP=XSec;VALUE=1 
 PARM;GEOM_ID=RMUXLHDSMZ;ID=GHTEAADYJMI;NAME=SectTess_U;GROUP=XSec;VALUE=18 
 PARM;GEOM_ID=RMUXLHDSMZ;ID=PEHDFJTTALX;NAME=Spin;GROUP=XSec;VALUE=0 
 PARM;GEOM_ID=RMUXLHDSMZ;ID=ZOXFNWKDIPQ;NAME=TBSym;GROUP=XSec;VALUE=1 
 PARM;GEOM_ID=RMUXLHDSMZ;ID=YORVKUBFTNZ;NAME=TopLAngle;GROUP=XSec;VALUE=0 
 PARM;GEOM_ID=RMUXLHDSMZ;ID=ABVZUSUYGAM;NAME=TopLAngleSet;GROUP=XSec;VALUE=1 
 PARM;GEOM_ID=RMUXLHDSMZ;ID=YHBHLKMSVFN;NAME=TopLCurve;GROUP=XSec;VALUE=-2.72515 
 PARM;GEOM_ID=RMUXLHDSMZ;ID=OTHOBJNERTL;NAME=TopLCurveSet;GROUP=XSec;VALUE=0 
 PARM;GEOM_ID=RMUXLHDSMZ;ID=DFQADTPMNEJ;NAME=TopLRAngleEq;GROUP=XSec;VALUE=1 
 PARM;GEOM_ID=RMUXLHDSMZ;ID=DCPACHFLRNT;NAME=TopLRCurveEq;GROUP=XSec;VALUE=0 
 PARM;GEOM_ID=RMUXLHDSMZ;ID=NJIYHYOMEEL;NAME=TopLRSlewEq;GROUP=XSec;VALUE=0 
 PARM;GEOM_ID=RMUXLHDSMZ;ID=VRVISCXPIWH;NAME=TopLRStrengthEq;GROUP=XSec;VALUE=0 
 PARM;GEOM_ID=RMUXLHDSMZ;ID=QDCWUNCVAZV;NAME=TopLSlew;GROUP=XSec;VALUE=0 
 PARM;GEOM_ID=RMUXLHDSMZ;ID=EJMCFRUGGQQ;NAME=TopLSlewSet;GROUP=XSec;VALUE=1 
 PARM;GEOM_ID=RMUXLHDSMZ;ID=RSWMDAZCMTC;NAME=TopLStrength;GROUP=XSec;VALUE=1 
 PARM;GEOM_ID=RMUXLHDSMZ;ID=GSIOISHMDYH;NAME=TopLStrengthSet;GROUP=XSec;VALUE=1 
 PARM;GEOM_ID=RMUXLHDSMZ;ID=TQRBEKWCLII;NAME=TopRAngle;GROUP=XSec;VALUE=0 
 PARM;GEOM_ID=RMUXLHDSMZ;ID=KQIGNDRHQVG;NAME=TopRAngleSet;GROUP=XSec;VALUE=1 
 PARM;GEOM_ID=RMUXLHDSMZ;ID=JGNBVQWKTYD;NAME=TopRCurve;GROUP=XSec;VALUE=0.181415 
 PARM;GEOM_ID=RMUXLHDSMZ;ID=YNXCDNDDCAT;NAME=TopRCurveSet;GROUP=XSec;VALUE=0 
 PARM;GEOM_ID=RMUXLHDSMZ;ID=CTYROWFCOWD;NAME=TopRSlew;GROUP=XSec;VALUE=0 
 PARM;GEOM_ID=RMUXLHDSMZ;ID=KQRVUHIQAXY;NAME=TopRSlewSet;GROUP=XSec;VALUE=1 
 PARM;GEOM_ID=RMUXLHDSMZ;ID=BFAFUYZMCGB;NAME=TopRStrength;GROUP=XSec;VALUE=1 
 PARM;GEOM_ID=RMUXLHDSMZ;ID=QTMYBNFXYGA;NAME=TopRStrengthSet;GROUP=XSec;VALUE=1 
 PARM;GEOM_ID=RMUXLHDSMZ;ID=VNAALVQZGHY;NAME=XLocPercent;GROUP=XSec;VALUE=0.377049 
 PARM;GEOM_ID=RMUXLHDSMZ;ID=SCNKABXFJMZ;NAME=XRotate;GROUP=XSec;VALUE=0 
 PARM;GEOM_ID=RMUXLHDSMZ;ID=HZOVXZUHWQO;NAME=YLocPercent;GROUP=XSec;VALUE=0 
 PARM;GEOM_ID=RMUXLHDSMZ;ID=JQUJAETFBZS;NAME=YRotate;GROUP=XSec;VALUE=0 
 PARM;GEOM_ID=RMUXLHDSMZ;ID=FWCVGQNHRIZ;NAME=ZLocPercent;GROUP=XSec;VALUE=0 
 PARM;GEOM_ID=RMUXLHDSMZ;ID=SLVSXMLXOVC;NAME=ZRotate;GROUP=XSec;VALUE=0 
 PARM;GEOM_ID=RMUXLHDSMZ;ID=YUTRXELEMCL;NAME=Area;GROUP=XSecCurve;VALUE=12.7604 
 PARM;GEOM_ID=RMUXLHDSMZ;ID=BWLLKSFTRXN;NAME=DeltaX;GROUP=XSecCurve;VALUE=0 
 PARM;GEOM_ID=RMUXLHDSMZ;ID=DCJVJMXHOVO;NAME=DeltaY;GROUP=XSecCurve;VALUE=0 
 PARM;GEOM_ID=RMUXLHDSMZ;ID=CVKGXGLBGOR;NAME=Ellipse_Height;GROUP=XSecCurve;VALUE=4.03061 
 PARM;GEOM_ID=RMUXLHDSMZ;ID=RDVPCQVZNGK;NAME=Ellipse_Width;GROUP=XSecCurve;VALUE=4.03061 
 PARM;GEOM_ID=RMUXLHDSMZ;ID=CFVAOZBLCUA;NAME=HWRatio;GROUP=XSecCurve;VALUE=0.999999 
 PARM;GEOM_ID=RMUXLHDSMZ;ID=UEESMLIEXJC;NAME=Scale;GROUP=XSecCurve;VALUE=1 
 PARM;GEOM_ID=RMUXLHDSMZ;ID=TZHZTYVHDJY;NAME=ShiftLE;GROUP=XSecCurve;VALUE=0 
 PARM;GEOM_ID=RMUXLHDSMZ;ID=NYTOHDVRRCN;NAME=Theta;GROUP=XSecCurve;VALUE=0 
 PARM;GEOM_ID=RMUXLHDSMZ;ID=NXEFQXRFNPE;NAME=LE_Cap_Length;GROUP=Cap;VALUE=1 
 PARM;GEOM_ID=RMUXLHDSMZ;ID=EOLZWVIYJLK;NAME=LE_Cap_Offset;GROUP=Cap;VALUE=0 
 PARM;GEOM_ID=RMUXLHDSMZ;ID=KRDBUFSKVEB;NAME=LE_Cap_Strength;GROUP=Cap;VALUE=0.5 
 PARM;GEOM_ID=RMUXLHDSMZ;ID=EPGWGCPKLRG;NAME=LE_Cap_Type;GROUP=Cap;VALUE=1 
 PARM;GEOM_ID=RMUXLHDSMZ;ID=DMUCLZBYBAU;NAME=TE_Cap_Length;GROUP=Cap;VALUE=1 
 PARM;GEOM_ID=RMUXLHDSMZ;ID=RBMXRBTXWHI;NAME=TE_Cap_Offset;GROUP=Cap;VALUE=0 
 PARM;GEOM_ID=RMUXLHDSMZ;ID=DEVTJMXXZNV;NAME=TE_Cap_Strength;GROUP=Cap;VALUE=0.5 
 PARM;GEOM_ID=RMUXLHDSMZ;ID=CWVLTYZDTSO;NAME=TE_Cap_Type;GROUP=Cap;VALUE=1 
 PARM;GEOM_ID=RMUXLHDSMZ;ID=JLTQOWYXAML;NAME=LE_Close_AbsRel;GROUP=Close;VALUE=0 
 PARM;GEOM_ID=RMUXLHDSMZ;ID=IMTHIFOTJAP;NAME=LE_Close_Thick;GROUP=Close;VALUE=0 
 PARM;GEOM_ID=RMUXLHDSMZ;ID=RFWSRIGYGSZ;NAME=LE_Close_Thick_Chord;GROUP=Close;VALUE=0 
 PARM;GEOM_ID=RMUXLHDSMZ;ID=EKDURSFMASA;NAME=LE_Close_Type;GROUP=Close;VALUE=0 
 PARM;GEOM_ID=RMUXLHDSMZ;ID=FRJDWXQELBV;NAME=TE_Close_AbsRel;GROUP=Close;VALUE=0 
 PARM;GEOM_ID=RMUXLHDSMZ;ID=FYBNDRGNNCF;NAME=TE_Close_Thick;GROUP=Close;VALUE=0 
 PARM;GEOM_ID=RMUXLHDSMZ;ID=CPNREYDPDLL;NAME=TE_Close_Thick_Chord;GROUP=Close;VALUE=0 
 PARM;GEOM_ID=RMUXLHDSMZ;ID=HLKGFYQHHWF;NAME=TE_Close_Type;GROUP=Close;VALUE=0 
 PARM;GEOM_ID=RMUXLHDSMZ;ID=RSJSAVWAXFN;NAME=LE_Trim_AbsRel;GROUP=Trim;VALUE=0 
 PARM;GEOM_ID=RMUXLHDSMZ;ID=AMNXFZCLIAR;NAME=LE_Trim_Thick;GROUP=Trim;VALUE=0 
 PARM;GEOM_ID=RMUXLHDSMZ;ID=HVYPWFFNYER;NAME=LE_Trim_Thick_Chord;GROUP=Trim;VALUE=0 
 PARM;GEOM_ID=RMUXLHDSMZ;ID=QIDISVUGXWG;NAME=LE_Trim_Type;GROUP=Trim;VALUE=0 
 PARM;GEOM_ID=RMUXLHDSMZ;ID=PQMPGBQESFM;NAME=LE_Trim_X;GROUP=Trim;VALUE=0 
 PARM;GEOM_ID=RMUXLHDSMZ;ID=UBBZAAIDFPQ;NAME=LE_Trim_X_Chord;GROUP=Trim;VALUE=0 
 PARM;GEOM_ID=RMUXLHDSMZ;ID=XJGRRBGHXLO;NAME=TE_Trim_AbsRel;GROUP=Trim;VALUE=0 
 PARM;GEOM_ID=RMUXLHDSMZ;ID=NMSTTCAPEPH;NAME=TE_Trim_Thick;GROUP=Trim;VALUE=0 
 PARM;GEOM_ID=RMUXLHDSMZ;ID=DLYFVDUHRKF;NAME=TE_Trim_Thick_Chord;GROUP=Trim;VALUE=0 
 PARM;GEOM_ID=RMUXLHDSMZ;ID=RSGKFWNFFRO;NAME=TE_Trim_Type;GROUP=Trim;VALUE=0 
 PARM;GEOM_ID=RMUXLHDSMZ;ID=GLZDCWOZHFE;NAME=TE_Trim_X;GROUP=Trim;VALUE=0 
 PARM;GEOM_ID=RMUXLHDSMZ;ID=SAFQEDHZJAW;NAME=TE_Trim_X_Chord;GROUP=Trim;VALUE=0 
 PARM;GEOM_ID=RMUXLHDSMZ;ID=OOIALTLEMUV;NAME=TE_Flap_DT;GROUP=Flap;VALUE=0 
 PARM;GEOM_ID=RMUXLHDSMZ;ID=LYGBPGDFFOF;NAME=TE_Flap_Deflection;GROUP=Flap;VALUE=0 
 PARM;GEOM_ID=RMUXLHDSMZ;ID=NWVHUVSQCNE;NAME=TE_Flap_Flag;GROUP=Flap;VALUE=0 
 PARM;GEOM_ID=RMUXLHDSMZ;ID=EMUTKTZEYNY;NAME=TE_Flap_T;GROUP=Flap;VALUE=0.2 
 PARM;GEOM_ID=RMUXLHDSMZ;ID=KJOWNEPHNMF;NAME=TE_Flap_Type;GROUP=Flap;VALUE=0 
 PARM;GEOM_ID=RMUXLHDSMZ;ID=ICBAEUPYTYD;NAME=TE_Flap_X;GROUP=Flap;VALUE=0 
 PARM;GEOM_ID=RMUXLHDSMZ;ID=OCWNKYRSVYC;NAME=TE_Flap_X_Chord;GROUP=Flap;VALUE=0.2 
 PARM;GEOM_ID=RMUXLHDSMZ;ID=GJERHAVYCAY;NAME=TE_Flap_Y_Frc;GROUP=Flap;VALUE=0.5 
 PARM;GEOM_ID=RMUXLHDSMZ;ID=LIDNFIFLPEJ;NAME=TE_Trim_AbsRel;GROUP=Flap;VALUE=1 
 PARM;GEOM_ID=RMUXLHDSMZ;ID=PZFNYUPYYDT;NAME=XSecFlipImageFlag;GROUP=XSecCurve_Background;VALUE=0 
 PARM;GEOM_ID=RMUXLHDSMZ;ID=HOCHMPNTQSD;NAME=XSecImageFlag;GROUP=XSecCurve_Background;VALUE=0 
 PARM;GEOM_ID=RMUXLHDSMZ;ID=TVKEDGXWUZO;NAME=XSecImageH;GROUP=XSecCurve_Background;VALUE=1 
 PARM;GEOM_ID=RMUXLHDSMZ;ID=RRMJXZGUKVU;NAME=XSecImagePreserveAR;GROUP=XSecCurve_Background;VALUE=1 
 PARM;GEOM_ID=RMUXLHDSMZ;ID=PGDDPLWMVTA;NAME=XSecImageW;GROUP=XSecCurve_Background;VALUE=1 
 PARM;GEOM_ID=RMUXLHDSMZ;ID=AHAXDBJBXIK;NAME=XSecImageXOffset;GROUP=XSecCurve_Background;VALUE=0 
 PARM;GEOM_ID=RMUXLHDSMZ;ID=KWUTHKKXHUW;NAME=XSecImageYOffset;GROUP=XSecCurve_Background;VALUE=0 
 PARM;GEOM_ID=RMUXLHDSMZ;ID=WPPCXCRCNPR;NAME=XSecLockImageFlag;GROUP=XSecCurve_Background;VALUE=0 
 PARM;GEOM_ID=RMUXLHDSMZ;ID=QORHVIEKXMU;NAME=AllSym;GROUP=Chevron;VALUE=1 
 PARM;GEOM_ID=RMUXLHDSMZ;ID=BMHVWZMCXDF;NAME=BottomAmplitude;GROUP=Chevron;VALUE=1 
 PARM;GEOM_ID=RMUXLHDSMZ;ID=PXLNXUIIRKN;NAME=Bottom_Angle;GROUP=Chevron;VALUE=0 
 PARM;GEOM_ID=RMUXLHDSMZ;ID=RSNUCKRDBOR;NAME=Bottom_Slew;GROUP=Chevron;VALUE=0 
 PARM;GEOM_ID=RMUXLHDSMZ;ID=KCKIQTJETXW;NAME=Chevron_Type;GROUP=Chevron;VALUE=0 
 PARM;GEOM_ID=RMUXLHDSMZ;ID=LYPUYJECUUR;NAME=LeftAmplitude;GROUP=Chevron;VALUE=1 
 PARM;GEOM_ID=RMUXLHDSMZ;ID=TFIPJMRCIUQ;NAME=Left_Angle;GROUP=Chevron;VALUE=0 
 PARM;GEOM_ID=RMUXLHDSMZ;ID=XYVEBZMHUKE;NAME=Left_Slew;GROUP=Chevron;VALUE=0 
 PARM;GEOM_ID=RMUXLHDSMZ;ID=HBNCVANOHFR;NAME=Number;GROUP=Chevron;VALUE=8 
 PARM;GEOM_ID=RMUXLHDSMZ;ID=NXVLZLJLVOL;NAME=Off_Duty;GROUP=Chevron;VALUE=0 
 PARM;GEOM_ID=RMUXLHDSMZ;ID=JHQCXOTCIHH;NAME=On_Duty;GROUP=Chevron;VALUE=0 
 PARM;GEOM_ID=RMUXLHDSMZ;ID=CJAUVAMYKKQ;NAME=Peak_Radius;GROUP=Chevron;VALUE=0 
 PARM;GEOM_ID=RMUXLHDSMZ;ID=BUKSTJADPWY;NAME=RLSym;GROUP=Chevron;VALUE=1 
 PARM;GEOM_ID=RMUXLHDSMZ;ID=QRYWVRUXKNS;NAME=RightAmplitude;GROUP=Chevron;VALUE=1 
 PARM;GEOM_ID=RMUXLHDSMZ;ID=ALAGXDCSXFY;NAME=Right_Angle;GROUP=Chevron;VALUE=0 
 PARM;GEOM_ID=RMUXLHDSMZ;ID=RDSSQFAEPCQ;NAME=Right_Slew;GROUP=Chevron;VALUE=0 
 PARM;GEOM_ID=RMUXLHDSMZ;ID=VDNDPEPLQIO;NAME=TBSym;GROUP=Chevron;VALUE=1 
 PARM;GEOM_ID=RMUXLHDSMZ;ID=TXCGKURQBTG;NAME=TopAmplitude;GROUP=Chevron;VALUE=1 
 PARM;GEOM_ID=RMUXLHDSMZ;ID=GEUYJLMAXTL;NAME=Top_Angle;GROUP=Chevron;VALUE=0 
 PARM;GEOM_ID=RMUXLHDSMZ;ID=GPMEJXIKQTH;NAME=Top_Slew;GROUP=Chevron;VALUE=0 
 PARM;GEOM_ID=RMUXLHDSMZ;ID=MYFYDLAJVRO;NAME=Valley_Radius;GROUP=Chevron;VALUE=0 
 PARM;GEOM_ID=RMUXLHDSMZ;ID=SLWTNMNOVFQ;NAME=W01_Center;GROUP=Chevron;VALUE=0.25 
 PARM;GEOM_ID=RMUXLHDSMZ;ID=RWPGEIKWUGR;NAME=W01_Center_Guide;GROUP=Chevron;VALUE=5 
 PARM;GEOM_ID=RMUXLHDSMZ;ID=SNFSGINGIUW;NAME=W01_End;GROUP=Chevron;VALUE=0.5 
 PARM;GEOM_ID=RMUXLHDSMZ;ID=VJFTDAMQWXF;NAME=W01_End_Guide;GROUP=Chevron;VALUE=5 
 PARM;GEOM_ID=RMUXLHDSMZ;ID=ORPTDIWUYVH;NAME=W01_Mode;GROUP=Chevron;VALUE=0 
 PARM;GEOM_ID=RMUXLHDSMZ;ID=MOQZPNFOPQY;NAME=W01_Start;GROUP=Chevron;VALUE=0 
 PARM;GEOM_ID=RMUXLHDSMZ;ID=CLCAJLIQBJY;NAME=W01_Start_Guide;GROUP=Chevron;VALUE=5 
 PARM;GEOM_ID=RMUXLHDSMZ;ID=XHWZRVURUKA;NAME=W01_Width;GROUP=Chevron;VALUE=0.5 
 PARM;GEOM_ID=RMUXLHDSMZ;ID=PIUQPEPMBXG;NAME=AftCluster;GROUP=XSec;VALUE=1 
 PARM;GEOM_ID=RMUXLHDSMZ;ID=VIELYHSCCWI;NAME=AllSym;GROUP=XSec;VALUE=0 
 PARM;GEOM_ID=RMUXLHDSMZ;ID=ACUBDKUZPJY;NAME=BottomLAngle;GROUP=XSec;VALUE=0 
 PARM;GEOM_ID=RMUXLHDSMZ;ID=PKUULMIITZA;NAME=BottomLAngleSet;GROUP=XSec;VALUE=1 
 PARM;GEOM_ID=RMUXLHDSMZ;ID=IBYRSIWCGEK;NAME=BottomLCurve;GROUP=XSec;VALUE=-0.181415 
 PARM;GEOM_ID=RMUXLHDSMZ;ID=GRNBRHHODWL;NAME=BottomLCurveSet;GROUP=XSec;VALUE=0 
 PARM;GEOM_ID=RMUXLHDSMZ;ID=VONZOUMZXAA;NAME=BottomLRAngleEq;GROUP=XSec;VALUE=1 
 PARM;GEOM_ID=RMUXLHDSMZ;ID=HYKMQNELCUI;NAME=BottomLRCurveEq;GROUP=XSec;VALUE=0 
 PARM;GEOM_ID=RMUXLHDSMZ;ID=JLHFPHGRQZT;NAME=BottomLRSlewEq;GROUP=XSec;VALUE=0 
 PARM;GEOM_ID=RMUXLHDSMZ;ID=RRDEGDXCXXE;NAME=BottomLRStrengthEq;GROUP=XSec;VALUE=0 
 PARM;GEOM_ID=RMUXLHDSMZ;ID=FTDLXPVGEFS;NAME=BottomLSlew;GROUP=XSec;VALUE=0 
 PARM;GEOM_ID=RMUXLHDSMZ;ID=TGQXYPMQSTX;NAME=BottomLSlewSet;GROUP=XSec;VALUE=1 
 PARM;GEOM_ID=RMUXLHDSMZ;ID=BJNGYRHJNGE;NAME=BottomLStrength;GROUP=XSec;VALUE=1 
 PARM;GEOM_ID=RMUXLHDSMZ;ID=WEEMEFYQPZD;NAME=BottomLStrengthSet;GROUP=XSec;VALUE=1 
 PARM;GEOM_ID=RMUXLHDSMZ;ID=VGDDQJPPYAX;NAME=BottomRAngle;GROUP=XSec;VALUE=0 
 PARM;GEOM_ID=RMUXLHDSMZ;ID=OEJAUDCINNX;NAME=BottomRAngleSet;GROUP=XSec;VALUE=1 
 PARM;GEOM_ID=RMUXLHDSMZ;ID=NSZMHRFNCIQ;NAME=BottomRCurve;GROUP=XSec;VALUE=-4.2408 
 PARM;GEOM_ID=RMUXLHDSMZ;ID=QNRMWSUQECH;NAME=BottomRCurveSet;GROUP=XSec;VALUE=0 
 PARM;GEOM_ID=RMUXLHDSMZ;ID=GSYTMEKFYVD;NAME=BottomRSlew;GROUP=XSec;VALUE=0 
 PARM;GEOM_ID=RMUXLHDSMZ;ID=BUQXCWCTCKI;NAME=BottomRSlewSet;GROUP=XSec;VALUE=1 
 PARM;GEOM_ID=RMUXLHDSMZ;ID=HKXEAJTSNFY;NAME=BottomRStrength;GROUP=XSec;VALUE=1 
 PARM;GEOM_ID=RMUXLHDSMZ;ID=RBNPCGLIJRG;NAME=BottomRStrengthSet;GROUP=XSec;VALUE=1 
 PARM;GEOM_ID=RMUXLHDSMZ;ID=VCXGBRIEAKO;NAME=ContinuityBottom;GROUP=XSec;VALUE=0 
 PARM;GEOM_ID=RMUXLHDSMZ;ID=CCTWXHETSOP;NAME=ContinuityLeft;GROUP=XSec;VALUE=0 
 PARM;GEOM_ID=RMUXLHDSMZ;ID=SCBMHELYTDK;NAME=ContinuityRight;GROUP=XSec;VALUE=0 
 PARM;GEOM_ID=RMUXLHDSMZ;ID=RAHHONNFPUF;NAME=ContinuityTop;GROUP=XSec;VALUE=0 
 PARM;GEOM_ID=RMUXLHDSMZ;ID=DKKYNVNJMBJ;NAME=FwdCluster;GROUP=XSec;VALUE=1 
 PARM;GEOM_ID=RMUXLHDSMZ;ID=FRTQRDSVRKD;NAME=LeftLAngle;GROUP=XSec;VALUE=0 
 PARM;GEOM_ID=RMUXLHDSMZ;ID=JXZNMHQLBEL;NAME=LeftLAngleSet;GROUP=XSec;VALUE=1 
 PARM;GEOM_ID=RMUXLHDSMZ;ID=TWCPNYMWOFG;NAME=LeftLCurve;GROUP=XSec;VALUE=-0.181414 
 PARM;GEOM_ID=RMUXLHDSMZ;ID=IKPDUZCWIKD;NAME=LeftLCurveSet;GROUP=XSec;VALUE=0 
 PARM;GEOM_ID=RMUXLHDSMZ;ID=CRKAFSBVTMM;NAME=LeftLRAngleEq;GROUP=XSec;VALUE=1 
 PARM;GEOM_ID=RMUXLHDSMZ;ID=NHSBFQEYPXV;NAME=LeftLRCurveEq;GROUP=XSec;VALUE=0 
 PARM;GEOM_ID=RMUXLHDSMZ;ID=GVBITIFYDPG;NAME=LeftLRSlewEq;GROUP=XSec;VALUE=0 
 PARM;GEOM_ID=RMUXLHDSMZ;ID=PJEWMQUEXZH;NAME=LeftLRStrengthEq;GROUP=XSec;VALUE=0 
 PARM;GEOM_ID=RMUXLHDSMZ;ID=RVFASRGLFKX;NAME=LeftLSlew;GROUP=XSec;VALUE=0 
 PARM;GEOM_ID=RMUXLHDSMZ;ID=EKONDONDWGU;NAME=LeftLSlewSet;GROUP=XSec;VALUE=1 
 PARM;GEOM_ID=RMUXLHDSMZ;ID=LAIZELYZRAJ;NAME=LeftLStrength;GROUP=XSec;VALUE=1 
 PARM;GEOM_ID=RMUXLHDSMZ;ID=KLDAQXYGXRE;NAME=LeftLStrengthSet;GROUP=XSec;VALUE=1 
 PARM;GEOM_ID=RMUXLHDSMZ;ID=XQQRFVCDWCE;NAME=LeftRAngle;GROUP=XSec;VALUE=0 
 PARM;GEOM_ID=RMUXLHDSMZ;ID=LUMPPKQDUKO;NAME=LeftRAngleSet;GROUP=XSec;VALUE=1 
 PARM;GEOM_ID=RMUXLHDSMZ;ID=CYBEZUVFZBQ;NAME=LeftRCurve;GROUP=XSec;VALUE=-4.2408 
 PARM;GEOM_ID=RMUXLHDSMZ;ID=UPMFRLQTSCL;NAME=LeftRCurveSet;GROUP=XSec;VALUE=0 
 PARM;GEOM_ID=RMUXLHDSMZ;ID=FVJZRCZVFRH;NAME=LeftRSlew;GROUP=XSec;VALUE=0 
 PARM;GEOM_ID=RMUXLHDSMZ;ID=UVOVBODQZGY;NAME=LeftRSlewSet;GROUP=XSec;VALUE=1 
 PARM;GEOM_ID=RMUXLHDSMZ;ID=VFXQBLTBNWU;NAME=LeftRStrength;GROUP=XSec;VALUE=1 
 PARM;GEOM_ID=RMUXLHDSMZ;ID=WXRFBCGFASQ;NAME=LeftRStrengthSet;GROUP=XSec;VALUE=1 
 PARM;GEOM_ID=RMUXLHDSMZ;ID=VFTZAWFWPCY;NAME=RLSym;GROUP=XSec;VALUE=1 
 PARM;GEOM_ID=RMUXLHDSMZ;ID=PAIYVRIQMPK;NAME=RefLength;GROUP=XSec;VALUE=46.93 
 PARM;GEOM_ID=RMUXLHDSMZ;ID=FYTUKALMQMS;NAME=RightLAngle;GROUP=XSec;VALUE=0 
 PARM;GEOM_ID=RMUXLHDSMZ;ID=WCYBDQGUGKW;NAME=RightLAngleSet;GROUP=XSec;VALUE=1 
 PARM;GEOM_ID=RMUXLHDSMZ;ID=YVZLTTHSVGF;NAME=RightLCurve;GROUP=XSec;VALUE=-0.181414 
 PARM;GEOM_ID=RMUXLHDSMZ;ID=PAMDZDDZEAJ;NAME=RightLCurveSet;GROUP=XSec;VALUE=0 
 PARM;GEOM_ID=RMUXLHDSMZ;ID=RNMDJNGUOFG;NAME=RightLRAngleEq;GROUP=XSec;VALUE=1 
 PARM;GEOM_ID=RMUXLHDSMZ;ID=NSKZWBWMEIX;NAME=RightLRCurveEq;GROUP=XSec;VALUE=0 
 PARM;GEOM_ID=RMUXLHDSMZ;ID=QVMXWMOTPRZ;NAME=RightLRSlewEq;GROUP=XSec;VALUE=0 
 PARM;GEOM_ID=RMUXLHDSMZ;ID=FOMVWMFJEXG;NAME=RightLRStrengthEq;GROUP=XSec;VALUE=0 
 PARM;GEOM_ID=RMUXLHDSMZ;ID=ADWZVRFWBPY;NAME=RightLSlew;GROUP=XSec;VALUE=0 
 PARM;GEOM_ID=RMUXLHDSMZ;ID=UBTPUQFLPYO;NAME=RightLSlewSet;GROUP=XSec;VALUE=1 
 PARM;GEOM_ID=RMUXLHDSMZ;ID=SHXYDOXOQKS;NAME=RightLStrength;GROUP=XSec;VALUE=1 
 PARM;GEOM_ID=RMUXLHDSMZ;ID=GCMJRJWUETT;NAME=RightLStrengthSet;GROUP=XSec;VALUE=1 
 PARM;GEOM_ID=RMUXLHDSMZ;ID=JCGJTXQSHCK;NAME=RightRAngle;GROUP=XSec;VALUE=0 
 PARM;GEOM_ID=RMUXLHDSMZ;ID=MQJMPZKVTBM;NAME=RightRAngleSet;GROUP=XSec;VALUE=1 
 PARM;GEOM_ID=RMUXLHDSMZ;ID=JNFGEWGUURG;NAME=RightRCurve;GROUP=XSec;VALUE=-4.2408 
 PARM;GEOM_ID=RMUXLHDSMZ;ID=RXBZPSBTKNF;NAME=RightRCurveSet;GROUP=XSec;VALUE=0 
 PARM;GEOM_ID=RMUXLHDSMZ;ID=NYUVILGEQEP;NAME=RightRSlew;GROUP=XSec;VALUE=0 
 PARM;GEOM_ID=RMUXLHDSMZ;ID=MJQRIBHHTSZ;NAME=RightRSlewSet;GROUP=XSec;VALUE=1 
 PARM;GEOM_ID=RMUXLHDSMZ;ID=QLFCXPXZZHU;NAME=RightRStrength;GROUP=XSec;VALUE=1 
 PARM;GEOM_ID=RMUXLHDSMZ;ID=XYLTBWNWXLI;NAME=RightRStrengthSet;GROUP=XSec;VALUE=1 
 PARM;GEOM_ID=RMUXLHDSMZ;ID=LTQJGTKSKJB;NAME=SectTess_U;GROUP=XSec;VALUE=18 
 PARM;GEOM_ID=RMUXLHDSMZ;ID=JBSICJRLRGZ;NAME=Spin;GROUP=XSec;VALUE=0 
 PARM;GEOM_ID=RMUXLHDSMZ;ID=ARNOCHRMLFB;NAME=TBSym;GROUP=XSec;VALUE=1 
 PARM;GEOM_ID=RMUXLHDSMZ;ID=ZDEOVCFANOM;NAME=TopLAngle;GROUP=XSec;VALUE=0 
 PARM;GEOM_ID=RMUXLHDSMZ;ID=GRRBVHHMPEB;NAME=TopLAngleSet;GROUP=XSec;VALUE=1 
 PARM;GEOM_ID=RMUXLHDSMZ;ID=HVNUJRXZLLU;NAME=TopLCurve;GROUP=XSec;VALUE=-0.181415 
 PARM;GEOM_ID=RMUXLHDSMZ;ID=IPQACMNBBHF;NAME=TopLCurveSet;GROUP=XSec;VALUE=0 
 PARM;GEOM_ID=RMUXLHDSMZ;ID=BDQGPUHGNNQ;NAME=TopLRAngleEq;GROUP=XSec;VALUE=1 
 PARM;GEOM_ID=RMUXLHDSMZ;ID=JNXGRXQIAJD;NAME=TopLRCurveEq;GROUP=XSec;VALUE=0 
 PARM;GEOM_ID=RMUXLHDSMZ;ID=VBTZDMWJUEY;NAME=TopLRSlewEq;GROUP=XSec;VALUE=0 
 PARM;GEOM_ID=RMUXLHDSMZ;ID=UQIDGALTMOE;NAME=TopLRStrengthEq;GROUP=XSec;VALUE=0 
 PARM;GEOM_ID=RMUXLHDSMZ;ID=ALERWPQWXIQ;NAME=TopLSlew;GROUP=XSec;VALUE=0 
 PARM;GEOM_ID=RMUXLHDSMZ;ID=PBUHYEZYXNV;NAME=TopLSlewSet;GROUP=XSec;VALUE=1 
 PARM;GEOM_ID=RMUXLHDSMZ;ID=CNMOOOOWEFX;NAME=TopLStrength;GROUP=XSec;VALUE=1 
 PARM;GEOM_ID=RMUXLHDSMZ;ID=KKLPYXBZYES;NAME=TopLStrengthSet;GROUP=XSec;VALUE=1 
 PARM;GEOM_ID=RMUXLHDSMZ;ID=XXDEDQEMWWK;NAME=TopRAngle;GROUP=XSec;VALUE=0 
 PARM;GEOM_ID=RMUXLHDSMZ;ID=VHAEDUWEYPV;NAME=TopRAngleSet;GROUP=XSec;VALUE=1 
 PARM;GEOM_ID=RMUXLHDSMZ;ID=YNQYWKLVHAD;NAME=TopRCurve;GROUP=XSec;VALUE=-4.2408 
 PARM;GEOM_ID=RMUXLHDSMZ;ID=JJIECASYAHU;NAME=TopRCurveSet;GROUP=XSec;VALUE=0 
 PARM;GEOM_ID=RMUXLHDSMZ;ID=CWOJFVLKYVI;NAME=TopRSlew;GROUP=XSec;VALUE=0 
 PARM;GEOM_ID=RMUXLHDSMZ;ID=HGVAPCLVCSB;NAME=TopRSlewSet;GROUP=XSec;VALUE=1 
 PARM;GEOM_ID=RMUXLHDSMZ;ID=PGGVYVBUERI;NAME=TopRStrength;GROUP=XSec;VALUE=1 
 PARM;GEOM_ID=RMUXLHDSMZ;ID=AUWWJDFDWPJ;NAME=TopRStrengthSet;GROUP=XSec;VALUE=1 
 PARM;GEOM_ID=RMUXLHDSMZ;ID=JTFLBGWVKLS;NAME=XLocPercent;GROUP=XSec;VALUE=0.633835 
 PARM;GEOM_ID=RMUXLHDSMZ;ID=PXBMCIHMUMB;NAME=XRotate;GROUP=XSec;VALUE=0 
 PARM;GEOM_ID=RMUXLHDSMZ;ID=EREIPNSRRZK;NAME=YLocPercent;GROUP=XSec;VALUE=0 
 PARM;GEOM_ID=RMUXLHDSMZ;ID=TTSECIGSFWE;NAME=YRotate;GROUP=XSec;VALUE=0 
 PARM;GEOM_ID=RMUXLHDSMZ;ID=SNNTUMGOIJF;NAME=ZLocPercent;GROUP=XSec;VALUE=0 
 PARM;GEOM_ID=RMUXLHDSMZ;ID=EHCPGSXUCCD;NAME=ZRotate;GROUP=XSec;VALUE=0 
 PARM;GEOM_ID=RMUXLHDSMZ;ID=UHIAOJPZPCE;NAME=Area;GROUP=XSecCurve;VALUE=17.7936 
 PARM;GEOM_ID=RMUXLHDSMZ;ID=MSQQVTOVYVN;NAME=DeltaX;GROUP=XSecCurve;VALUE=0 
 PARM;GEOM_ID=RMUXLHDSMZ;ID=YNJTMGDRCLZ;NAME=DeltaY;GROUP=XSecCurve;VALUE=0 
 PARM;GEOM_ID=RMUXLHDSMZ;ID=QPRXYRAYUIQ;NAME=Ellipse_Height;GROUP=XSecCurve;VALUE=4.7596 
 PARM;GEOM_ID=RMUXLHDSMZ;ID=YLYUDXCUNXT;NAME=Ellipse_Width;GROUP=XSecCurve;VALUE=4.7596 
 PARM;GEOM_ID=RMUXLHDSMZ;ID=JQUMLVKEFLK;NAME=HWRatio;GROUP=XSecCurve;VALUE=1 
 PARM;GEOM_ID=RMUXLHDSMZ;ID=BXRQHAIRMGF;NAME=Scale;GROUP=XSecCurve;VALUE=1 
 PARM;GEOM_ID=RMUXLHDSMZ;ID=GEZTDXYHHMX;NAME=ShiftLE;GROUP=XSecCurve;VALUE=0 
 PARM;GEOM_ID=RMUXLHDSMZ;ID=RTMMHZQCYKY;NAME=Theta;GROUP=XSecCurve;VALUE=0 
 PARM;GEOM_ID=RMUXLHDSMZ;ID=GOFUOTZTUBO;NAME=LE_Cap_Length;GROUP=Cap;VALUE=1 
 PARM;GEOM_ID=RMUXLHDSMZ;ID=KUZCFPCEJTS;NAME=LE_Cap_Offset;GROUP=Cap;VALUE=0 
 PARM;GEOM_ID=RMUXLHDSMZ;ID=HLCVXDWBGCC;NAME=LE_Cap_Strength;GROUP=Cap;VALUE=0.5 
 PARM;GEOM_ID=RMUXLHDSMZ;ID=BBXYRAHHRCR;NAME=LE_Cap_Type;GROUP=Cap;VALUE=1 
 PARM;GEOM_ID=RMUXLHDSMZ;ID=WTUIYAEMWFN;NAME=TE_Cap_Length;GROUP=Cap;VALUE=1 
 PARM;GEOM_ID=RMUXLHDSMZ;ID=VJUSPNBCNRO;NAME=TE_Cap_Offset;GROUP=Cap;VALUE=0 
 PARM;GEOM_ID=RMUXLHDSMZ;ID=VSCNRMGDWTU;NAME=TE_Cap_Strength;GROUP=Cap;VALUE=0.5 
 PARM;GEOM_ID=RMUXLHDSMZ;ID=LHRKYWJQJFE;NAME=TE_Cap_Type;GROUP=Cap;VALUE=1 
 PARM;GEOM_ID=RMUXLHDSMZ;ID=VNFGLSAKDPG;NAME=LE_Close_AbsRel;GROUP=Close;VALUE=0 
 PARM;GEOM_ID=RMUXLHDSMZ;ID=NNPEANDRIVK;NAME=LE_Close_Thick;GROUP=Close;VALUE=0 
 PARM;GEOM_ID=RMUXLHDSMZ;ID=XGWFTCCJJDI;NAME=LE_Close_Thick_Chord;GROUP=Close;VALUE=0 
 PARM;GEOM_ID=RMUXLHDSMZ;ID=CEJOVOWLUTV;NAME=LE_Close_Type;GROUP=Close;VALUE=0 
 PARM;GEOM_ID=RMUXLHDSMZ;ID=YVMULISDPBE;NAME=TE_Close_AbsRel;GROUP=Close;VALUE=0 
 PARM;GEOM_ID=RMUXLHDSMZ;ID=FDNDJHALTNN;NAME=TE_Close_Thick;GROUP=Close;VALUE=0 
 PARM;GEOM_ID=RMUXLHDSMZ;ID=PKWIBOWSNAH;NAME=TE_Close_Thick_Chord;GROUP=Close;VALUE=0 
 PARM;GEOM_ID=RMUXLHDSMZ;ID=CIWUHYTTSYC;NAME=TE_Close_Type;GROUP=Close;VALUE=0 
 PARM;GEOM_ID=RMUXLHDSMZ;ID=PMDBUUFTOVO;NAME=LE_Trim_AbsRel;GROUP=Trim;VALUE=0 
 PARM;GEOM_ID=RMUXLHDSMZ;ID=UZFQZVXUWEF;NAME=LE_Trim_Thick;GROUP=Trim;VALUE=0 
 PARM;GEOM_ID=RMUXLHDSMZ;ID=WVWEDMQQAJB;NAME=LE_Trim_Thick_Chord;GROUP=Trim;VALUE=0 
 PARM;GEOM_ID=RMUXLHDSMZ;ID=ANOOWRHKYNA;NAME=LE_Trim_Type;GROUP=Trim;VALUE=0 
 PARM;GEOM_ID=RMUXLHDSMZ;ID=CPTQNFYWIJG;NAME=LE_Trim_X;GROUP=Trim;VALUE=0 
 PARM;GEOM_ID=RMUXLHDSMZ;ID=XVONVWXSOXE;NAME=LE_Trim_X_Chord;GROUP=Trim;VALUE=0 
 PARM;GEOM_ID=RMUXLHDSMZ;ID=JVVNDTGOWRL;NAME=TE_Trim_AbsRel;GROUP=Trim;VALUE=0 
 PARM;GEOM_ID=RMUXLHDSMZ;ID=JAHBDWBBDYP;NAME=TE_Trim_Thick;GROUP=Trim;VALUE=0 
 PARM;GEOM_ID=RMUXLHDSMZ;ID=KZCWWRYXVEA;NAME=TE_Trim_Thick_Chord;GROUP=Trim;VALUE=0 
 PARM;GEOM_ID=RMUXLHDSMZ;ID=RHYEQNQBWSD;NAME=TE_Trim_Type;GROUP=Trim;VALUE=0 
 PARM;GEOM_ID=RMUXLHDSMZ;ID=APWGDSPNKJX;NAME=TE_Trim_X;GROUP=Trim;VALUE=0 
 PARM;GEOM_ID=RMUXLHDSMZ;ID=TCZRBKELXJL;NAME=TE_Trim_X_Chord;GROUP=Trim;VALUE=0 
 PARM;GEOM_ID=RMUXLHDSMZ;ID=CGYRKYAWMMF;NAME=TE_Flap_DT;GROUP=Flap;VALUE=0 
 PARM;GEOM_ID=RMUXLHDSMZ;ID=ZPKTOLRMPYK;NAME=TE_Flap_Deflection;GROUP=Flap;VALUE=0 
 PARM;GEOM_ID=RMUXLHDSMZ;ID=VXNVACLROLS;NAME=TE_Flap_Flag;GROUP=Flap;VALUE=0 
 PARM;GEOM_ID=RMUXLHDSMZ;ID=ZXDXSANXSLY;NAME=TE_Flap_T;GROUP=Flap;VALUE=0.2 
 PARM;GEOM_ID=RMUXLHDSMZ;ID=DXDDFSSZKHQ;NAME=TE_Flap_Type;GROUP=Flap;VALUE=0 
 PARM;GEOM_ID=RMUXLHDSMZ;ID=CTMGPTASJZL;NAME=TE_Flap_X;GROUP=Flap;VALUE=0 
 PARM;GEOM_ID=RMUXLHDSMZ;ID=INIKZOYYLKF;NAME=TE_Flap_X_Chord;GROUP=Flap;VALUE=0.2 
 PARM;GEOM_ID=RMUXLHDSMZ;ID=SYRAPFSYBZZ;NAME=TE_Flap_Y_Frc;GROUP=Flap;VALUE=0.5 
 PARM;GEOM_ID=RMUXLHDSMZ;ID=XIZNFNBEOSF;NAME=TE_Trim_AbsRel;GROUP=Flap;VALUE=1 
 PARM;GEOM_ID=RMUXLHDSMZ;ID=TRZLYVUGWXU;NAME=XSecFlipImageFlag;GROUP=XSecCurve_Background;VALUE=0 
 PARM;GEOM_ID=RMUXLHDSMZ;ID=XWUZOJIKAMB;NAME=XSecImageFlag;GROUP=XSecCurve_Background;VALUE=0 
 PARM;GEOM_ID=RMUXLHDSMZ;ID=QMBPMJCYPGM;NAME=XSecImageH;GROUP=XSecCurve_Background;VALUE=1 
 PARM;GEOM_ID=RMUXLHDSMZ;ID=BTTSRMLSRTU;NAME=XSecImagePreserveAR;GROUP=XSecCurve_Background;VALUE=1 
 PARM;GEOM_ID=RMUXLHDSMZ;ID=CLAXQSLZUMO;NAME=XSecImageW;GROUP=XSecCurve_Background;VALUE=1 
 PARM;GEOM_ID=RMUXLHDSMZ;ID=PVYFAWPYPDT;NAME=XSecImageXOffset;GROUP=XSecCurve_Background;VALUE=0 
 PARM;GEOM_ID=RMUXLHDSMZ;ID=VXJZPPONNCM;NAME=XSecImageYOffset;GROUP=XSecCurve_Background;VALUE=0 
 PARM;GEOM_ID=RMUXLHDSMZ;ID=PFDGPBYUBZY;NAME=XSecLockImageFlag;GROUP=XSecCurve_Background;VALUE=0 
 PARM;GEOM_ID=RMUXLHDSMZ;ID=AVXRIXIQRDO;NAME=AllSym;GROUP=Chevron;VALUE=1 
 PARM;GEOM_ID=RMUXLHDSMZ;ID=ORRJHVPWDUP;NAME=BottomAmplitude;GROUP=Chevron;VALUE=1 
 PARM;GEOM_ID=RMUXLHDSMZ;ID=HLWOZERGVET;NAME=Bottom_Angle;GROUP=Chevron;VALUE=0 
 PARM;GEOM_ID=RMUXLHDSMZ;ID=QXCLFLELELO;NAME=Bottom_Slew;GROUP=Chevron;VALUE=0 
 PARM;GEOM_ID=RMUXLHDSMZ;ID=WOKRBOAPQQF;NAME=Chevron_Type;GROUP=Chevron;VALUE=0 
 PARM;GEOM_ID=RMUXLHDSMZ;ID=WMDOXVNZZSA;NAME=LeftAmplitude;GROUP=Chevron;VALUE=1 
 PARM;GEOM_ID=RMUXLHDSMZ;ID=CUWVGWFMVJB;NAME=Left_Angle;GROUP=Chevron;VALUE=0 
 PARM;GEOM_ID=RMUXLHDSMZ;ID=KITCGQNWOMY;NAME=Left_Slew;GROUP=Chevron;VALUE=0 
 PARM;GEOM_ID=RMUXLHDSMZ;ID=CULLZWECURS;NAME=Number;GROUP=Chevron;VALUE=8 
 PARM;GEOM_ID=RMUXLHDSMZ;ID=ISYTZNEZUQE;NAME=Off_Duty;GROUP=Chevron;VALUE=0 
 PARM;GEOM_ID=RMUXLHDSMZ;ID=CNJNZHCKVSS;NAME=On_Duty;GROUP=Chevron;VALUE=0 
 PARM;GEOM_ID=RMUXLHDSMZ;ID=JONYMJJYBNM;NAME=Peak_Radius;GROUP=Chevron;VALUE=0 
 PARM;GEOM_ID=RMUXLHDSMZ;ID=RZJDYNEVHNM;NAME=RLSym;GROUP=Chevron;VALUE=1 
 PARM;GEOM_ID=RMUXLHDSMZ;ID=BLIODSIJAAE;NAME=RightAmplitude;GROUP=Chevron;VALUE=1 
 PARM;GEOM_ID=RMUXLHDSMZ;ID=UILJXYAYBNL;NAME=Right_Angle;GROUP=Chevron;VALUE=0 
 PARM;GEOM_ID=RMUXLHDSMZ;ID=AFBVZANVPJN;NAME=Right_Slew;GROUP=Chevron;VALUE=0 
 PARM;GEOM_ID=RMUXLHDSMZ;ID=PJXLUKFGCLZ;NAME=TBSym;GROUP=Chevron;VALUE=1 
 PARM;GEOM_ID=RMUXLHDSMZ;ID=HFEPAHCDLTS;NAME=TopAmplitude;GROUP=Chevron;VALUE=1 
 PARM;GEOM_ID=RMUXLHDSMZ;ID=SXQUGCGFYRG;NAME=Top_Angle;GROUP=Chevron;VALUE=0 
 PARM;GEOM_ID=RMUXLHDSMZ;ID=QYCHTVPTEIS;NAME=Top_Slew;GROUP=Chevron;VALUE=0 
 PARM;GEOM_ID=RMUXLHDSMZ;ID=OVXWSJFRQDD;NAME=Valley_Radius;GROUP=Chevron;VALUE=0 
 PARM;GEOM_ID=RMUXLHDSMZ;ID=AWEWHSJDZYU;NAME=W01_Center;GROUP=Chevron;VALUE=0.25 
 PARM;GEOM_ID=RMUXLHDSMZ;ID=NDVPZXHNBLZ;NAME=W01_Center_Guide;GROUP=Chevron;VALUE=5 
 PARM;GEOM_ID=RMUXLHDSMZ;ID=RQSVINYIFGO;NAME=W01_End;GROUP=Chevron;VALUE=0.5 
 PARM;GEOM_ID=RMUXLHDSMZ;ID=RCHVRKSWXUY;NAME=W01_End_Guide;GROUP=Chevron;VALUE=5 
 PARM;GEOM_ID=RMUXLHDSMZ;ID=ASJQLPVLPKG;NAME=W01_Mode;GROUP=Chevron;VALUE=0 
 PARM;GEOM_ID=RMUXLHDSMZ;ID=OGNKVFJUCHS;NAME=W01_Start;GROUP=Chevron;VALUE=0 
 PARM;GEOM_ID=RMUXLHDSMZ;ID=TCKKDZRXSEU;NAME=W01_Start_Guide;GROUP=Chevron;VALUE=5 
 PARM;GEOM_ID=RMUXLHDSMZ;ID=IGMUNNGMJZX;NAME=W01_Width;GROUP=Chevron;VALUE=0.5 
 PARM;GEOM_ID=RMUXLHDSMZ;ID=UIPVDXZKNXI;NAME=AftCluster;GROUP=XSec;VALUE=1 
 PARM;GEOM_ID=RMUXLHDSMZ;ID=QCMBCMJWCBE;NAME=AllSym;GROUP=XSec;VALUE=0 
 PARM;GEOM_ID=RMUXLHDSMZ;ID=GQIBTTSLCDG;NAME=BottomLAngle;GROUP=XSec;VALUE=0 
 PARM;GEOM_ID=RMUXLHDSMZ;ID=XSTJNUHGDYX;NAME=BottomLAngleSet;GROUP=XSec;VALUE=1 
 PARM;GEOM_ID=RMUXLHDSMZ;ID=JQCSXEIYXZU;NAME=BottomLCurve;GROUP=XSec;VALUE=37.3151 
 PARM;GEOM_ID=RMUXLHDSMZ;ID=VMWNLDGOCER;NAME=BottomLCurveSet;GROUP=XSec;VALUE=0 
 PARM;GEOM_ID=RMUXLHDSMZ;ID=LNQPBYHHBET;NAME=BottomLRAngleEq;GROUP=XSec;VALUE=0 
 PARM;GEOM_ID=RMUXLHDSMZ;ID=OOTHPWQZKWL;NAME=BottomLRCurveEq;GROUP=XSec;VALUE=0 
 PARM;GEOM_ID=RMUXLHDSMZ;ID=PVKRXTJWHDM;NAME=BottomLRSlewEq;GROUP=XSec;VALUE=0 
 PARM;GEOM_ID=RMUXLHDSMZ;ID=IJYTYADONKG;NAME=BottomLRStrengthEq;GROUP=XSec;VALUE=0 
 PARM;GEOM_ID=RMUXLHDSMZ;ID=XHUCNCKVVBK;NAME=BottomLSlew;GROUP=XSec;VALUE=0 
 PARM;GEOM_ID=RMUXLHDSMZ;ID=JKLXFKNLJAT;NAME=BottomLSlewSet;GROUP=XSec;VALUE=1 
 PARM;GEOM_ID=RMUXLHDSMZ;ID=VVJHBHZFBMX;NAME=BottomLStrength;GROUP=XSec;VALUE=1 
 PARM;GEOM_ID=RMUXLHDSMZ;ID=XJCEUERYUYP;NAME=BottomLStrengthSet;GROUP=XSec;VALUE=1 
 PARM;GEOM_ID=RMUXLHDSMZ;ID=GWQPYLDSZRT;NAME=BottomRAngle;GROUP=XSec;VALUE=-90 
 PARM;GEOM_ID=RMUXLHDSMZ;ID=GMSSIKFYVOS;NAME=BottomRAngleSet;GROUP=XSec;VALUE=1 
 PARM;GEOM_ID=RMUXLHDSMZ;ID=UQVSQALYJJS;NAME=BottomRCurve;GROUP=XSec;VALUE=-7.5 
 PARM;GEOM_ID=RMUXLHDSMZ;ID=DHVLUZKIRJT;NAME=BottomRCurveSet;GROUP=XSec;VALUE=0 
 PARM;GEOM_ID=RMUXLHDSMZ;ID=PWQMMQCDQQC;NAME=BottomRSlew;GROUP=XSec;VALUE=0 
 PARM;GEOM_ID=RMUXLHDSMZ;ID=DOTRKZEAQWL;NAME=BottomRSlewSet;GROUP=XSec;VALUE=1 
 PARM;GEOM_ID=RMUXLHDSMZ;ID=BDSDHPIMFMU;NAME=BottomRStrength;GROUP=XSec;VALUE=0 
 PARM;GEOM_ID=RMUXLHDSMZ;ID=ZBZVZOCASZK;NAME=BottomRStrengthSet;GROUP=XSec;VALUE=1 
 PARM;GEOM_ID=RMUXLHDSMZ;ID=EUPVCNRAZYV;NAME=ContinuityBottom;GROUP=XSec;VALUE=0 
 PARM;GEOM_ID=RMUXLHDSMZ;ID=OAVYFINZUVN;NAME=ContinuityLeft;GROUP=XSec;VALUE=0 
 PARM;GEOM_ID=RMUXLHDSMZ;ID=BZBPXKOETCL;NAME=ContinuityRight;GROUP=XSec;VALUE=0 
 PARM;GEOM_ID=RMUXLHDSMZ;ID=ACBVFHYINVN;NAME=ContinuityTop;GROUP=XSec;VALUE=0 
 PARM;GEOM_ID=RMUXLHDSMZ;ID=DUYEYBSARTN;NAME=FwdCluster;GROUP=XSec;VALUE=1 
 PARM;GEOM_ID=RMUXLHDSMZ;ID=WKVSKDMLWMX;NAME=LeftLAngle;GROUP=XSec;VALUE=0 
 PARM;GEOM_ID=RMUXLHDSMZ;ID=KBUBTSXTHZZ;NAME=LeftLAngleSet;GROUP=XSec;VALUE=1 
 PARM;GEOM_ID=RMUXLHDSMZ;ID=VWTXGUDJSZB;NAME=LeftLCurve;GROUP=XSec;VALUE=37.3151 
 PARM;GEOM_ID=RMUXLHDSMZ;ID=JMGMZVWOAFS;NAME=LeftLCurveSet;GROUP=XSec;VALUE=0 
 PARM;GEOM_ID=RMUXLHDSMZ;ID=AYMTXCQPANV;NAME=LeftLRAngleEq;GROUP=XSec;VALUE=0 
 PARM;GEOM_ID=RMUXLHDSMZ;ID=KRANAZDQSPW;NAME=LeftLRCurveEq;GROUP=XSec;VALUE=0 
 PARM;GEOM_ID=RMUXLHDSMZ;ID=HHBDMZANSCP;NAME=LeftLRSlewEq;GROUP=XSec;VALUE=0 
 PARM;GEOM_ID=RMUXLHDSMZ;ID=JOODTWRPHWV;NAME=LeftLRStrengthEq;GROUP=XSec;VALUE=0 
 PARM;GEOM_ID=RMUXLHDSMZ;ID=YIRYWUKJPGY;NAME=LeftLSlew;GROUP=XSec;VALUE=0 
 PARM;GEOM_ID=RMUXLHDSMZ;ID=QSTSCGRLQGG;NAME=LeftLSlewSet;GROUP=XSec;VALUE=1 
 PARM;GEOM_ID=RMUXLHDSMZ;ID=VJAPGAQFQXM;NAME=LeftLStrength;GROUP=XSec;VALUE=1 
 PARM;GEOM_ID=RMUXLHDSMZ;ID=WZIOYULIJYR;NAME=LeftLStrengthSet;GROUP=XSec;VALUE=1 
 PARM;GEOM_ID=RMUXLHDSMZ;ID=JRJLRRAFFSU;NAME=LeftRAngle;GROUP=XSec;VALUE=-90 
 PARM;GEOM_ID=RMUXLHDSMZ;ID=UQMYXSSMHRY;NAME=LeftRAngleSet;GROUP=XSec;VALUE=1 
 PARM;GEOM_ID=RMUXLHDSMZ;ID=QLHZKUHDMXG;NAME=LeftRCurve;GROUP=XSec;VALUE=-7.5 
 PARM;GEOM_ID=RMUXLHDSMZ;ID=UYHHUCUQSJZ;NAME=LeftRCurveSet;GROUP=XSec;VALUE=0 
 PARM;GEOM_ID=RMUXLHDSMZ;ID=TPMTWIZQDVB;NAME=LeftRSlew;GROUP=XSec;VALUE=0 
 PARM;GEOM_ID=RMUXLHDSMZ;ID=ALKLEIIEEVP;NAME=LeftRSlewSet;GROUP=XSec;VALUE=1 
 PARM;GEOM_ID=RMUXLHDSMZ;ID=HTXIWXKFNGD;NAME=LeftRStrength;GROUP=XSec;VALUE=0 
 PARM;GEOM_ID=RMUXLHDSMZ;ID=LHXYICCWQEL;NAME=LeftRStrengthSet;GROUP=XSec;VALUE=1 
 PARM;GEOM_ID=RMUXLHDSMZ;ID=IOHJIWUJTCT;NAME=RLSym;GROUP=XSec;VALUE=1 
 PARM;GEOM_ID=RMUXLHDSMZ;ID=RFVUPYKJMBD;NAME=RefLength;GROUP=XSec;VALUE=46.93 
 PARM;GEOM_ID=RMUXLHDSMZ;ID=RGZIWVEKVMH;NAME=RightLAngle;GROUP=XSec;VALUE=0 
 PARM;GEOM_ID=RMUXLHDSMZ;ID=VGXPBXIUSIJ;NAME=RightLAngleSet;GROUP=XSec;VALUE=1 
 PARM;GEOM_ID=RMUXLHDSMZ;ID=TFIHADWHLQH;NAME=RightLCurve;GROUP=XSec;VALUE=37.3151 
 PARM;GEOM_ID=RMUXLHDSMZ;ID=VPDAOCEHSUB;NAME=RightLCurveSet;GROUP=XSec;VALUE=0 
 PARM;GEOM_ID=RMUXLHDSMZ;ID=LNOVZIHWVMT;NAME=RightLRAngleEq;GROUP=XSec;VALUE=0 
 PARM;GEOM_ID=RMUXLHDSMZ;ID=SQJZTPACXQY;NAME=RightLRCurveEq;GROUP=XSec;VALUE=0 
 PARM;GEOM_ID=RMUXLHDSMZ;ID=RKXRMXWJHTL;NAME=RightLRSlewEq;GROUP=XSec;VALUE=0 
 PARM;GEOM_ID=RMUXLHDSMZ;ID=ITWCTNPUJFC;NAME=RightLRStrengthEq;GROUP=XSec;VALUE=0 
 PARM;GEOM_ID=RMUXLHDSMZ;ID=MEIMJMUZJUQ;NAME=RightLSlew;GROUP=XSec;VALUE=0 
 PARM;GEOM_ID=RMUXLHDSMZ;ID=RYJILDNIKKZ;NAME=RightLSlewSet;GROUP=XSec;VALUE=1 
 PARM;GEOM_ID=RMUXLHDSMZ;ID=PUHYJVCBXZI;NAME=RightLStrength;GROUP=XSec;VALUE=1 
 PARM;GEOM_ID=RMUXLHDSMZ;ID=KXZIYOYDJFA;NAME=RightLStrengthSet;GROUP=XSec;VALUE=1 
 PARM;GEOM_ID=RMUXLHDSMZ;ID=ZAPGMEJPHGU;NAME=RightRAngle;GROUP=XSec;VALUE=-90 
 PARM;GEOM_ID=RMUXLHDSMZ;ID=EYIQQWIIZLJ;NAME=RightRAngleSet;GROUP=XSec;VALUE=1 
 PARM;GEOM_ID=RMUXLHDSMZ;ID=QBOHNSQPTUK;NAME=RightRCurve;GROUP=XSec;VALUE=-7.5 
 PARM;GEOM_ID=RMUXLHDSMZ;ID=JMXZKYWHCIT;NAME=RightRCurveSet;GROUP=XSec;VALUE=0 
 PARM;GEOM_ID=RMUXLHDSMZ;ID=DDOEOBJHPVT;NAME=RightRSlew;GROUP=XSec;VALUE=0 
 PARM;GEOM_ID=RMUXLHDSMZ;ID=BZWZOMZGLLS;NAME=RightRSlewSet;GROUP=XSec;VALUE=1 
 PARM;GEOM_ID=RMUXLHDSMZ;ID=JJTGMQNWNDW;NAME=RightRStrength;GROUP=XSec;VALUE=0 
 PARM;GEOM_ID=RMUXLHDSMZ;ID=XDQESBRPQTG;NAME=RightRStrengthSet;GROUP=XSec;VALUE=1 
 PARM;GEOM_ID=RMUXLHDSMZ;ID=UQXICSHNCMH;NAME=SectTess_U;GROUP=XSec;VALUE=18 
 PARM;GEOM_ID=RMUXLHDSMZ;ID=QDQNMQBUQKH;NAME=Spin;GROUP=XSec;VALUE=0 
 PARM;GEOM_ID=RMUXLHDSMZ;ID=CCBVJHIECVA;NAME=TBSym;GROUP=XSec;VALUE=1 
 PARM;GEOM_ID=RMUXLHDSMZ;ID=PDCYSAMMOYD;NAME=TopLAngle;GROUP=XSec;VALUE=0 
 PARM;GEOM_ID=RMUXLHDSMZ;ID=ZCQCSSFQLHE;NAME=TopLAngleSet;GROUP=XSec;VALUE=1 
 PARM;GEOM_ID=RMUXLHDSMZ;ID=AHKCZZNTVKD;NAME=TopLCurve;GROUP=XSec;VALUE=37.3151 
 PARM;GEOM_ID=RMUXLHDSMZ;ID=GDCDSLCVRAJ;NAME=TopLCurveSet;GROUP=XSec;VALUE=0 
 PARM;GEOM_ID=RMUXLHDSMZ;ID=VQJHKRXXWSO;NAME=TopLRAngleEq;GROUP=XSec;VALUE=0 
 PARM;GEOM_ID=RMUXLHDSMZ;ID=FELDTTUMBKY;NAME=TopLRCurveEq;GROUP=XSec;VALUE=0 
 PARM;GEOM_ID=RMUXLHDSMZ;ID=JZQWYGEYJBD;NAME=TopLRSlewEq;GROUP=XSec;VALUE=0 
 PARM;GEOM_ID=RMUXLHDSMZ;ID=ZGBRBNGAZNQ;NAME=TopLRStrengthEq;GROUP=XSec;VALUE=0 
 PARM;GEOM_ID=RMUXLHDSMZ;ID=XJMTQLMMTZI;NAME=TopLSlew;GROUP=XSec;VALUE=0 
 PARM;GEOM_ID=RMUXLHDSMZ;ID=RIAPEAWHDCE;NAME=TopLSlewSet;GROUP=XSec;VALUE=1 
 PARM;GEOM_ID=RMUXLHDSMZ;ID=TRRYRZJSVXN;NAME=TopLStrength;GROUP=XSec;VALUE=1 
 PARM;GEOM_ID=RMUXLHDSMZ;ID=ILHIMYVQEBG;NAME=TopLStrengthSet;GROUP=XSec;VALUE=1 
 PARM;GEOM_ID=RMUXLHDSMZ;ID=HMDNFDVLHYY;NAME=TopRAngle;GROUP=XSec;VALUE=-90 
 PARM;GEOM_ID=RMUXLHDSMZ;ID=OWIUFXKFUVT;NAME=TopRAngleSet;GROUP=XSec;VALUE=1 
 PARM;GEOM_ID=RMUXLHDSMZ;ID=FTWDBGCNMFU;NAME=TopRCurve;GROUP=XSec;VALUE=-7.5 
 PARM;GEOM_ID=RMUXLHDSMZ;ID=SGBKORMPSZC;NAME=TopRCurveSet;GROUP=XSec;VALUE=0 
 PARM;GEOM_ID=RMUXLHDSMZ;ID=KOEMBLWXLWO;NAME=TopRSlew;GROUP=XSec;VALUE=0 
 PARM;GEOM_ID=RMUXLHDSMZ;ID=SWEWLAARCRU;NAME=TopRSlewSet;GROUP=XSec;VALUE=1 
 PARM;GEOM_ID=RMUXLHDSMZ;ID=DTWCZHFWCAL;NAME=TopRStrength;GROUP=XSec;VALUE=0 
 PARM;GEOM_ID=RMUXLHDSMZ;ID=OBRYVVNISCO;NAME=TopRStrengthSet;GROUP=XSec;VALUE=1 
 PARM;GEOM_ID=RMUXLHDSMZ;ID=LHYJGGGOPQY;NAME=XLocPercent;GROUP=XSec;VALUE=1 
 PARM;GEOM_ID=RMUXLHDSMZ;ID=PUVSBAFAXLF;NAME=XRotate;GROUP=XSec;VALUE=0 
 PARM;GEOM_ID=RMUXLHDSMZ;ID=CQMIEZKNDHJ;NAME=YLocPercent;GROUP=XSec;VALUE=0 
 PARM;GEOM_ID=RMUXLHDSMZ;ID=EJBXLFQVIGP;NAME=YRotate;GROUP=XSec;VALUE=0 
 PARM;GEOM_ID=RMUXLHDSMZ;ID=KZHDSKSQMBR;NAME=ZLocPercent;GROUP=XSec;VALUE=0 
 PARM;GEOM_ID=RMUXLHDSMZ;ID=SIAAMSKUHBY;NAME=ZRotate;GROUP=XSec;VALUE=0 
 PARM;GEOM_ID=RMUXLHDSMZ;ID=JBJBZPCTTPW;NAME=Area;GROUP=XSecCurve;VALUE=11.5009 
 PARM;GEOM_ID=RMUXLHDSMZ;ID=IOYKFYVEMEQ;NAME=DeltaX;GROUP=XSecCurve;VALUE=0 
 PARM;GEOM_ID=RMUXLHDSMZ;ID=RYNFZFAVWEF;NAME=DeltaY;GROUP=XSecCurve;VALUE=0 
 PARM;GEOM_ID=RMUXLHDSMZ;ID=TWVPUOLSEXJ;NAME=Ellipse_Height;GROUP=XSecCurve;VALUE=3.82653 
 PARM;GEOM_ID=RMUXLHDSMZ;ID=RJHSBAOAWIY;NAME=Ellipse_Width;GROUP=XSecCurve;VALUE=3.82653 
 PARM;GEOM_ID=RMUXLHDSMZ;ID=SEGRUTJEGGA;NAME=HWRatio;GROUP=XSecCurve;VALUE=1 
 PARM;GEOM_ID=RMUXLHDSMZ;ID=RFGORWWSWJH;NAME=Scale;GROUP=XSecCurve;VALUE=1 
 PARM;GEOM_ID=RMUXLHDSMZ;ID=NYHXYBLFXGX;NAME=ShiftLE;GROUP=XSecCurve;VALUE=0 
 PARM;GEOM_ID=RMUXLHDSMZ;ID=QXBYTEFBAFM;NAME=Theta;GROUP=XSecCurve;VALUE=0 
 PARM;GEOM_ID=RMUXLHDSMZ;ID=PNOGHMXPQND;NAME=LE_Cap_Length;GROUP=Cap;VALUE=1 
 PARM;GEOM_ID=RMUXLHDSMZ;ID=JBWXBCTMTMX;NAME=LE_Cap_Offset;GROUP=Cap;VALUE=0 
 PARM;GEOM_ID=RMUXLHDSMZ;ID=WJQWNQECRGQ;NAME=LE_Cap_Strength;GROUP=Cap;VALUE=0.5 
 PARM;GEOM_ID=RMUXLHDSMZ;ID=TVFJEIJRNHR;NAME=LE_Cap_Type;GROUP=Cap;VALUE=1 
 PARM;GEOM_ID=RMUXLHDSMZ;ID=QOWZKBRWDAA;NAME=TE_Cap_Length;GROUP=Cap;VALUE=1 
 PARM;GEOM_ID=RMUXLHDSMZ;ID=OZELTCTTYKW;NAME=TE_Cap_Offset;GROUP=Cap;VALUE=0 
 PARM;GEOM_ID=RMUXLHDSMZ;ID=ELDZEFDIBYW;NAME=TE_Cap_Strength;GROUP=Cap;VALUE=0.5 
 PARM;GEOM_ID=RMUXLHDSMZ;ID=PERXHUUZAEA;NAME=TE_Cap_Type;GROUP=Cap;VALUE=1 
 PARM;GEOM_ID=RMUXLHDSMZ;ID=UCCTXNAFZIH;NAME=LE_Close_AbsRel;GROUP=Close;VALUE=0 
 PARM;GEOM_ID=RMUXLHDSMZ;ID=FHFHKUEFTJG;NAME=LE_Close_Thick;GROUP=Close;VALUE=0 
 PARM;GEOM_ID=RMUXLHDSMZ;ID=YAVQIIIFMOM;NAME=LE_Close_Thick_Chord;GROUP=Close;VALUE=0 
 PARM;GEOM_ID=RMUXLHDSMZ;ID=BQRBZUKOWVQ;NAME=LE_Close_Type;GROUP=Close;VALUE=0 
 PARM;GEOM_ID=RMUXLHDSMZ;ID=GOBAIUNZXIZ;NAME=TE_Close_AbsRel;GROUP=Close;VALUE=0 
 PARM;GEOM_ID=RMUXLHDSMZ;ID=EYHQBHXOMSR;NAME=TE_Close_Thick;GROUP=Close;VALUE=0 
 PARM;GEOM_ID=RMUXLHDSMZ;ID=LZVKDYABODX;NAME=TE_Close_Thick_Chord;GROUP=Close;VALUE=0 
 PARM;GEOM_ID=RMUXLHDSMZ;ID=RBKGWMZHXDX;NAME=TE_Close_Type;GROUP=Close;VALUE=0 
 PARM;GEOM_ID=RMUXLHDSMZ;ID=QIFMBHJBXAY;NAME=LE_Trim_AbsRel;GROUP=Trim;VALUE=0 
 PARM;GEOM_ID=RMUXLHDSMZ;ID=GFBCJQVBNEJ;NAME=LE_Trim_Thick;GROUP=Trim;VALUE=0 
 PARM;GEOM_ID=RMUXLHDSMZ;ID=YZIHSDBUNHD;NAME=LE_Trim_Thick_Chord;GROUP=Trim;VALUE=0 
 PARM;GEOM_ID=RMUXLHDSMZ;ID=IFKHOQHMLQS;NAME=LE_Trim_Type;GROUP=Trim;VALUE=0 
 PARM;GEOM_ID=RMUXLHDSMZ;ID=CYZSPQCASDK;NAME=LE_Trim_X;GROUP=Trim;VALUE=0 
 PARM;GEOM_ID=RMUXLHDSMZ;ID=NNBPTXZUDRI;NAME=LE_Trim_X_Chord;GROUP=Trim;VALUE=0 
 PARM;GEOM_ID=RMUXLHDSMZ;ID=DJDKJMVKBEJ;NAME=TE_Trim_AbsRel;GROUP=Trim;VALUE=0 
 PARM;GEOM_ID=RMUXLHDSMZ;ID=VWZWHPKLGHY;NAME=TE_Trim_Thick;GROUP=Trim;VALUE=0 
 PARM;GEOM_ID=RMUXLHDSMZ;ID=TRYDOBZQQWS;NAME=TE_Trim_Thick_Chord;GROUP=Trim;VALUE=0 
 PARM;GEOM_ID=RMUXLHDSMZ;ID=IBTZPFBVBYJ;NAME=TE_Trim_Type;GROUP=Trim;VALUE=0 
 PARM;GEOM_ID=RMUXLHDSMZ;ID=NHNMEMNPAHN;NAME=TE_Trim_X;GROUP=Trim;VALUE=0 
 PARM;GEOM_ID=RMUXLHDSMZ;ID=QNOWASDAACI;NAME=TE_Trim_X_Chord;GROUP=Trim;VALUE=0 
 PARM;GEOM_ID=RMUXLHDSMZ;ID=NSVLONELKEQ;NAME=TE_Flap_DT;GROUP=Flap;VALUE=0 
 PARM;GEOM_ID=RMUXLHDSMZ;ID=FPTVLXXUKGD;NAME=TE_Flap_Deflection;GROUP=Flap;VALUE=0 
 PARM;GEOM_ID=RMUXLHDSMZ;ID=JFWJKYNGGEQ;NAME=TE_Flap_Flag;GROUP=Flap;VALUE=0 
 PARM;GEOM_ID=RMUXLHDSMZ;ID=RZZEZPKVJEW;NAME=TE_Flap_T;GROUP=Flap;VALUE=0.2 
 PARM;GEOM_ID=RMUXLHDSMZ;ID=VABGGVAMVAC;NAME=TE_Flap_Type;GROUP=Flap;VALUE=0 
 PARM;GEOM_ID=RMUXLHDSMZ;ID=CCMOGFHRQAX;NAME=TE_Flap_X;GROUP=Flap;VALUE=0 
 PARM;GEOM_ID=RMUXLHDSMZ;ID=PMJFTIAGMGW;NAME=TE_Flap_X_Chord;GROUP=Flap;VALUE=0.2 
 PARM;GEOM_ID=RMUXLHDSMZ;ID=TMYJHEYFIET;NAME=TE_Flap_Y_Frc;GROUP=Flap;VALUE=0.5 
 PARM;GEOM_ID=RMUXLHDSMZ;ID=OFRIUIGQLDO;NAME=TE_Trim_AbsRel;GROUP=Flap;VALUE=1 
 PARM;GEOM_ID=RMUXLHDSMZ;ID=LTPGWUXSLQT;NAME=XSecFlipImageFlag;GROUP=XSecCurve_Background;VALUE=0 
 PARM;GEOM_ID=RMUXLHDSMZ;ID=KDDZWQISOET;NAME=XSecImageFlag;GROUP=XSecCurve_Background;VALUE=0 
 PARM;GEOM_ID=RMUXLHDSMZ;ID=NDIFPAEPSYA;NAME=XSecImageH;GROUP=XSecCurve_Background;VALUE=1 
 PARM;GEOM_ID=RMUXLHDSMZ;ID=MWWCYEHRFQM;NAME=XSecImagePreserveAR;GROUP=XSecCurve_Background;VALUE=1 
 PARM;GEOM_ID=RMUXLHDSMZ;ID=LSFQURNEAEW;NAME=XSecImageW;GROUP=XSecCurve_Background;VALUE=1 
 PARM;GEOM_ID=RMUXLHDSMZ;ID=UAKDYLNBCJY;NAME=XSecImageXOffset;GROUP=XSecCurve_Background;VALUE=0 
 PARM;GEOM_ID=RMUXLHDSMZ;ID=NPPSRAVGTMU;NAME=XSecImageYOffset;GROUP=XSecCurve_Background;VALUE=0 
 PARM;GEOM_ID=RMUXLHDSMZ;ID=BQBJJEAIFOK;NAME=XSecLockImageFlag;GROUP=XSecCurve_Background;VALUE=0 
 PARM;GEOM_ID=RMUXLHDSMZ;ID=MFGVJPGPJLH;NAME=AllSym;GROUP=Chevron;VALUE=1 
 PARM;GEOM_ID=RMUXLHDSMZ;ID=XAMJJMGSOXQ;NAME=BottomAmplitude;GROUP=Chevron;VALUE=1 
 PARM;GEOM_ID=RMUXLHDSMZ;ID=SJAVWGTRFZN;NAME=Bottom_Angle;GROUP=Chevron;VALUE=0 
 PARM;GEOM_ID=RMUXLHDSMZ;ID=FVZSRQGVRLP;NAME=Bottom_Slew;GROUP=Chevron;VALUE=0 
 PARM;GEOM_ID=RMUXLHDSMZ;ID=GAZWFRPPCMO;NAME=Chevron_Type;GROUP=Chevron;VALUE=0 
 PARM;GEOM_ID=RMUXLHDSMZ;ID=HQWOYZCXHYB;NAME=LeftAmplitude;GROUP=Chevron;VALUE=1 
 PARM;GEOM_ID=RMUXLHDSMZ;ID=NVSPHIXCSHD;NAME=Left_Angle;GROUP=Chevron;VALUE=0 
 PARM;GEOM_ID=RMUXLHDSMZ;ID=GJXXYFQRFBY;NAME=Left_Slew;GROUP=Chevron;VALUE=0 
 PARM;GEOM_ID=RMUXLHDSMZ;ID=MZQLBXTXBOY;NAME=Number;GROUP=Chevron;VALUE=8 
 PARM;GEOM_ID=RMUXLHDSMZ;ID=FTHZRJMLZLZ;NAME=Off_Duty;GROUP=Chevron;VALUE=0 
 PARM;GEOM_ID=RMUXLHDSMZ;ID=BKXXKIFRDEH;NAME=On_Duty;GROUP=Chevron;VALUE=0 
 PARM;GEOM_ID=RMUXLHDSMZ;ID=XYCHPXHKEXY;NAME=Peak_Radius;GROUP=Chevron;VALUE=0 
 PARM;GEOM_ID=RMUXLHDSMZ;ID=ZGUHSRBMUZM;NAME=RLSym;GROUP=Chevron;VALUE=1 
 PARM;GEOM_ID=RMUXLHDSMZ;ID=IZZIBCFHFWH;NAME=RightAmplitude;GROUP=Chevron;VALUE=1 
 PARM;GEOM_ID=RMUXLHDSMZ;ID=ETDFPIHLUWQ;NAME=Right_Angle;GROUP=Chevron;VALUE=0 
 PARM;GEOM_ID=RMUXLHDSMZ;ID=QQPYWMMOUGJ;NAME=Right_Slew;GROUP=Chevron;VALUE=0 
 PARM;GEOM_ID=RMUXLHDSMZ;ID=LDIVZMLXUAJ;NAME=TBSym;GROUP=Chevron;VALUE=1 
 PARM;GEOM_ID=RMUXLHDSMZ;ID=SJFPWTOQSMH;NAME=TopAmplitude;GROUP=Chevron;VALUE=1 
 PARM;GEOM_ID=RMUXLHDSMZ;ID=EPXQCPQQTWE;NAME=Top_Angle;GROUP=Chevron;VALUE=0 
 PARM;GEOM_ID=RMUXLHDSMZ;ID=EYQQVLOZAGT;NAME=Top_Slew;GROUP=Chevron;VALUE=0 
 PARM;GEOM_ID=RMUXLHDSMZ;ID=OPQUQLLYYXW;NAME=Valley_Radius;GROUP=Chevron;VALUE=0 
 PARM;GEOM_ID=RMUXLHDSMZ;ID=LADLTDALUEW;NAME=W01_Center;GROUP=Chevron;VALUE=0.25 
 PARM;GEOM_ID=RMUXLHDSMZ;ID=JAXEFYRJBBU;NAME=W01_Center_Guide;GROUP=Chevron;VALUE=5 
 PARM;GEOM_ID=RMUXLHDSMZ;ID=CYNNGRGSWQM;NAME=W01_End;GROUP=Chevron;VALUE=0.5 
 PARM;GEOM_ID=RMUXLHDSMZ;ID=TFHLOLRBAFX;NAME=W01_End_Guide;GROUP=Chevron;VALUE=5 
 PARM;GEOM_ID=RMUXLHDSMZ;ID=APLEHOTHKIF;NAME=W01_Mode;GROUP=Chevron;VALUE=0 
 PARM;GEOM_ID=RMUXLHDSMZ;ID=NYTXMNVWPJR;NAME=W01_Start;GROUP=Chevron;VALUE=0 
 PARM;GEOM_ID=RMUXLHDSMZ;ID=PVKANGTJUTM;NAME=W01_Start_Guide;GROUP=Chevron;VALUE=5 
 PARM;GEOM_ID=RMUXLHDSMZ;ID=BZVAKVQNCTW;NAME=W01_Width;GROUP=Chevron;VALUE=0.5 
 PARM;GEOM_ID=RMUXLHDSMZ;ID=MRLQWHGFDYO;NAME=AftCluster;GROUP=XSec;VALUE=1 
 PARM;GEOM_ID=RMUXLHDSMZ;ID=IHPPWRPNVNX;NAME=AllSym;GROUP=XSec;VALUE=0 
 PARM;GEOM_ID=RMUXLHDSMZ;ID=EYUCKKJZURV;NAME=BottomLAngle;GROUP=XSec;VALUE=90 
 PARM;GEOM_ID=RMUXLHDSMZ;ID=KVXRWJLGONC;NAME=BottomLAngleSet;GROUP=XSec;VALUE=1 
 PARM;GEOM_ID=RMUXLHDSMZ;ID=KZSFWNLXSUP;NAME=BottomLCurve;GROUP=XSec;VALUE=9 
 PARM;GEOM_ID=RMUXLHDSMZ;ID=CZBYKVLALTQ;NAME=BottomLCurveSet;GROUP=XSec;VALUE=0 
 PARM;GEOM_ID=RMUXLHDSMZ;ID=KONTRSEGAKW;NAME=BottomLRAngleEq;GROUP=XSec;VALUE=1 
 PARM;GEOM_ID=RMUXLHDSMZ;ID=GCBLKWAOKFE;NAME=BottomLRCurveEq;GROUP=XSec;VALUE=0 
 PARM;GEOM_ID=RMUXLHDSMZ;ID=FJGQTPWZUFE;NAME=BottomLRSlewEq;GROUP=XSec;VALUE=0 
 PARM;GEOM_ID=RMUXLHDSMZ;ID=XMXETWQVHDR;NAME=BottomLRStrengthEq;GROUP=XSec;VALUE=0 
 PARM;GEOM_ID=RMUXLHDSMZ;ID=ZJJOPRVDZMV;NAME=BottomLSlew;GROUP=XSec;VALUE=0 
 PARM;GEOM_ID=RMUXLHDSMZ;ID=SBWWAHCZYZM;NAME=BottomLSlewSet;GROUP=XSec;VALUE=1 
 PARM;GEOM_ID=RMUXLHDSMZ;ID=ECLTNLXUKSV;NAME=BottomLStrength;GROUP=XSec;VALUE=0.75 
 PARM;GEOM_ID=RMUXLHDSMZ;ID=VDCABUJWAXQ;NAME=BottomLStrengthSet;GROUP=XSec;VALUE=1 
 PARM;GEOM_ID=RMUXLHDSMZ;ID=SURRKOSDDQF;NAME=BottomRAngle;GROUP=XSec;VALUE=90 
 PARM;GEOM_ID=RMUXLHDSMZ;ID=NFREYEBIZGP;NAME=BottomRAngleSet;GROUP=XSec;VALUE=1 
 PARM;GEOM_ID=RMUXLHDSMZ;ID=MYEEKZZKQWE;NAME=BottomRCurve;GROUP=XSec;VALUE=9 
 PARM;GEOM_ID=RMUXLHDSMZ;ID=MGWVIKEUYKA;NAME=BottomRCurveSet;GROUP=XSec;VALUE=0 
 PARM;GEOM_ID=RMUXLHDSMZ;ID=ZQXFJDPVNTH;NAME=BottomRSlew;GROUP=XSec;VALUE=0 
 PARM;GEOM_ID=RMUXLHDSMZ;ID=UDXHRMVGPFX;NAME=BottomRSlewSet;GROUP=XSec;VALUE=1 
 PARM;GEOM_ID=RMUXLHDSMZ;ID=UPTVCJUEJAL;NAME=BottomRStrength;GROUP=XSec;VALUE=1 
 PARM;GEOM_ID=RMUXLHDSMZ;ID=XIMPMUZVBVS;NAME=BottomRStrengthSet;GROUP=XSec;VALUE=1 
 PARM;GEOM_ID=RMUXLHDSMZ;ID=XPEZEERAVGR;NAME=ContinuityBottom;GROUP=XSec;VALUE=0 
 PARM;GEOM_ID=RMUXLHDSMZ;ID=NOJUKXSFXAV;NAME=ContinuityLeft;GROUP=XSec;VALUE=0 
 PARM;GEOM_ID=RMUXLHDSMZ;ID=PPXGNKGLYFL;NAME=ContinuityRight;GROUP=XSec;VALUE=0 
 PARM;GEOM_ID=RMUXLHDSMZ;ID=JMXYHEBAISI;NAME=ContinuityTop;GROUP=XSec;VALUE=0 
 PARM;GEOM_ID=RMUXLHDSMZ;ID=WQPTTEZQMUG;NAME=FwdCluster;GROUP=XSec;VALUE=1 
 PARM;GEOM_ID=RMUXLHDSMZ;ID=JVWNHFQZKSI;NAME=LeftLAngle;GROUP=XSec;VALUE=90 
 PARM;GEOM_ID=RMUXLHDSMZ;ID=OLWMKKNHKAS;NAME=LeftLAngleSet;GROUP=XSec;VALUE=1 
 PARM;GEOM_ID=RMUXLHDSMZ;ID=UMVADPQJJPS;NAME=LeftLCurve;GROUP=XSec;VALUE=9 
 PARM;GEOM_ID=RMUXLHDSMZ;ID=JNYISFOXVHA;NAME=LeftLCurveSet;GROUP=XSec;VALUE=0 
 PARM;GEOM_ID=RMUXLHDSMZ;ID=VKOIFYUVOEW;NAME=LeftLRAngleEq;GROUP=XSec;VALUE=1 
 PARM;GEOM_ID=RMUXLHDSMZ;ID=CBSHDSISLDX;NAME=LeftLRCurveEq;GROUP=XSec;VALUE=0 
 PARM;GEOM_ID=RMUXLHDSMZ;ID=NAOJONSHQDJ;NAME=LeftLRSlewEq;GROUP=XSec;VALUE=0 
 PARM;GEOM_ID=RMUXLHDSMZ;ID=EXOMJBPYOWG;NAME=LeftLRStrengthEq;GROUP=XSec;VALUE=0 
 PARM;GEOM_ID=RMUXLHDSMZ;ID=NERTFMFFGAX;NAME=LeftLSlew;GROUP=XSec;VALUE=0 
 PARM;GEOM_ID=RMUXLHDSMZ;ID=DJDBHNIBWVR;NAME=LeftLSlewSet;GROUP=XSec;VALUE=1 
 PARM;GEOM_ID=RMUXLHDSMZ;ID=XVFDWXQKMZI;NAME=LeftLStrength;GROUP=XSec;VALUE=0.75 
 PARM;GEOM_ID=RMUXLHDSMZ;ID=GKJPBVTKANE;NAME=LeftLStrengthSet;GROUP=XSec;VALUE=1 
 PARM;GEOM_ID=RMUXLHDSMZ;ID=ZIRVZVWQBXP;NAME=LeftRAngle;GROUP=XSec;VALUE=90 
 PARM;GEOM_ID=RMUXLHDSMZ;ID=BQTCCZGHKFB;NAME=LeftRAngleSet;GROUP=XSec;VALUE=1 
 PARM;GEOM_ID=RMUXLHDSMZ;ID=HDRHAAZHBIG;NAME=LeftRCurve;GROUP=XSec;VALUE=9 
 PARM;GEOM_ID=RMUXLHDSMZ;ID=ORKMSZNXZGW;NAME=LeftRCurveSet;GROUP=XSec;VALUE=0 
 PARM;GEOM_ID=RMUXLHDSMZ;ID=UXIUGLAKFLY;NAME=LeftRSlew;GROUP=XSec;VALUE=0 
 PARM;GEOM_ID=RMUXLHDSMZ;ID=OBGSGGGRQTS;NAME=LeftRSlewSet;GROUP=XSec;VALUE=1 
 PARM;GEOM_ID=RMUXLHDSMZ;ID=ZZOUDCQNRTE;NAME=LeftRStrength;GROUP=XSec;VALUE=1 
 PARM;GEOM_ID=RMUXLHDSMZ;ID=IIZCJOHGUWL;NAME=LeftRStrengthSet;GROUP=XSec;VALUE=1 
 PARM;GEOM_ID=RMUXLHDSMZ;ID=KEGYDDMMXRB;NAME=RLSym;GROUP=XSec;VALUE=1 
 PARM;GEOM_ID=RMUXLHDSMZ;ID=LECTXJOUCMJ;NAME=RefLength;GROUP=XSec;VALUE=46.93 
 PARM;GEOM_ID=RMUXLHDSMZ;ID=QLXNANCLMSE;NAME=RightLAngle;GROUP=XSec;VALUE=90 
 PARM;GEOM_ID=RMUXLHDSMZ;ID=EFWLRZEMLRU;NAME=RightLAngleSet;GROUP=XSec;VALUE=1 
 PARM;GEOM_ID=RMUXLHDSMZ;ID=KEKFLHPSWBH;NAME=RightLCurve;GROUP=XSec;VALUE=9 
 PARM;GEOM_ID=RMUXLHDSMZ;ID=XKGKCCISFYW;NAME=RightLCurveSet;GROUP=XSec;VALUE=0 
 PARM;GEOM_ID=RMUXLHDSMZ;ID=HNKCUNJYOOC;NAME=RightLRAngleEq;GROUP=XSec;VALUE=1 
 PARM;GEOM_ID=RMUXLHDSMZ;ID=WZRJFMDHAYZ;NAME=RightLRCurveEq;GROUP=XSec;VALUE=0 
 PARM;GEOM_ID=RMUXLHDSMZ;ID=OEHEERLOMUD;NAME=RightLRSlewEq;GROUP=XSec;VALUE=0 
 PARM;GEOM_ID=RMUXLHDSMZ;ID=KGXSODQVAIK;NAME=RightLRStrengthEq;GROUP=XSec;VALUE=0 
 PARM;GEOM_ID=RMUXLHDSMZ;ID=GXPQURVYOOA;NAME=RightLSlew;GROUP=XSec;VALUE=0 
 PARM;GEOM_ID=RMUXLHDSMZ;ID=VRARYFJWWBA;NAME=RightLSlewSet;GROUP=XSec;VALUE=1 
 PARM;GEOM_ID=RMUXLHDSMZ;ID=XKWNZIMRETA;NAME=RightLStrength;GROUP=XSec;VALUE=0.75 
 PARM;GEOM_ID=RMUXLHDSMZ;ID=FVJDMQHFHOC;NAME=RightLStrengthSet;GROUP=XSec;VALUE=1 
 PARM;GEOM_ID=RMUXLHDSMZ;ID=PJAFAXOUKQS;NAME=RightRAngle;GROUP=XSec;VALUE=90 
 PARM;GEOM_ID=RMUXLHDSMZ;ID=BAZZJKMBKPW;NAME=RightRAngleSet;GROUP=XSec;VALUE=1 
 PARM;GEOM_ID=RMUXLHDSMZ;ID=VULYCQSSTZM;NAME=RightRCurve;GROUP=XSec;VALUE=9 
 PARM;GEOM_ID=RMUXLHDSMZ;ID=ZWFCCUIFTPM;NAME=RightRCurveSet;GROUP=XSec;VALUE=0 
 PARM;GEOM_ID=RMUXLHDSMZ;ID=KEWRLXQVCGH;NAME=RightRSlew;GROUP=XSec;VALUE=0 
 PARM;GEOM_ID=RMUXLHDSMZ;ID=DZPEBNYLMCU;NAME=RightRSlewSet;GROUP=XSec;VALUE=1 
 PARM;GEOM_ID=RMUXLHDSMZ;ID=VCVRLIAHGCJ;NAME=RightRStrength;GROUP=XSec;VALUE=1 
 PARM;GEOM_ID=RMUXLHDSMZ;ID=TNBBCMMWDYD;NAME=RightRStrengthSet;GROUP=XSec;VALUE=1 
 PARM;GEOM_ID=RMUXLHDSMZ;ID=MEUZJVNDMRC;NAME=SectTess_U;GROUP=XSec;VALUE=18 
 PARM;GEOM_ID=RMUXLHDSMZ;ID=OJAGZZTSLMG;NAME=Spin;GROUP=XSec;VALUE=0 
 PARM;GEOM_ID=RMUXLHDSMZ;ID=KMGGWRSLIES;NAME=TBSym;GROUP=XSec;VALUE=1 
 PARM;GEOM_ID=RMUXLHDSMZ;ID=OHZWANSDZGW;NAME=TopLAngle;GROUP=XSec;VALUE=90 
 PARM;GEOM_ID=RMUXLHDSMZ;ID=HJSDKXXYDIS;NAME=TopLAngleSet;GROUP=XSec;VALUE=1 
 PARM;GEOM_ID=RMUXLHDSMZ;ID=JCKGMHTLSTS;NAME=TopLCurve;GROUP=XSec;VALUE=9 
 PARM;GEOM_ID=RMUXLHDSMZ;ID=JXZQJLJENTK;NAME=TopLCurveSet;GROUP=XSec;VALUE=0 
 PARM;GEOM_ID=RMUXLHDSMZ;ID=RPGCBBCNKZA;NAME=TopLRAngleEq;GROUP=XSec;VALUE=1 
 PARM;GEOM_ID=RMUXLHDSMZ;ID=FAGIQTPJNMA;NAME=TopLRCurveEq;GROUP=XSec;VALUE=0 
 PARM;GEOM_ID=RMUXLHDSMZ;ID=YHIPBUSIQCY;NAME=TopLRSlewEq;GROUP=XSec;VALUE=0 
 PARM;GEOM_ID=RMUXLHDSMZ;ID=UPEJQUGOISE;NAME=TopLRStrengthEq;GROUP=XSec;VALUE=0 
 PARM;GEOM_ID=RMUXLHDSMZ;ID=AGFYUNCBFFB;NAME=TopLSlew;GROUP=XSec;VALUE=0 
 PARM;GEOM_ID=RMUXLHDSMZ;ID=LZVQBWYFDWC;NAME=TopLSlewSet;GROUP=XSec;VALUE=1 
 PARM;GEOM_ID=RMUXLHDSMZ;ID=KQCKLXHHYCF;NAME=TopLStrength;GROUP=XSec;VALUE=0.75 
 PARM;GEOM_ID=RMUXLHDSMZ;ID=ARQUKWUOTFV;NAME=TopLStrengthSet;GROUP=XSec;VALUE=1 
 PARM;GEOM_ID=RMUXLHDSMZ;ID=FYMTTHIATNS;NAME=TopRAngle;GROUP=XSec;VALUE=90 
 PARM;GEOM_ID=RMUXLHDSMZ;ID=KKOFVCDKPJH;NAME=TopRAngleSet;GROUP=XSec;VALUE=1 
 PARM;GEOM_ID=RMUXLHDSMZ;ID=OZWVIJANTLT;NAME=TopRCurve;GROUP=XSec;VALUE=9 
 PARM;GEOM_ID=RMUXLHDSMZ;ID=UXHQOGMBTKE;NAME=TopRCurveSet;GROUP=XSec;VALUE=0 
 PARM;GEOM_ID=RMUXLHDSMZ;ID=NHVJATUIZLO;NAME=TopRSlew;GROUP=XSec;VALUE=0 
 PARM;GEOM_ID=RMUXLHDSMZ;ID=IDAAMWPFFRM;NAME=TopRSlewSet;GROUP=XSec;VALUE=1 
 PARM;GEOM_ID=RMUXLHDSMZ;ID=ROMIUXLPRFW;NAME=TopRStrength;GROUP=XSec;VALUE=1 
 PARM;GEOM_ID=RMUXLHDSMZ;ID=UZUYMUQWZAF;NAME=TopRStrengthSet;GROUP=XSec;VALUE=1 
 PARM;GEOM_ID=RMUXLHDSMZ;ID=EZNPUMYGVFZ;NAME=XLocPercent;GROUP=XSec;VALUE=1 
 PARM;GEOM_ID=RMUXLHDSMZ;ID=ORTTZHDIVBF;NAME=XRotate;GROUP=XSec;VALUE=0 
 PARM;GEOM_ID=RMUXLHDSMZ;ID=ZYCHPSHHOEQ;NAME=YLocPercent;GROUP=XSec;VALUE=0 
 PARM;GEOM_ID=RMUXLHDSMZ;ID=MKBLYLZLTVB;NAME=YRotate;GROUP=XSec;VALUE=0 
 PARM;GEOM_ID=RMUXLHDSMZ;ID=WOLVWILVHLM;NAME=ZLocPercent;GROUP=XSec;VALUE=0 
 PARM;GEOM_ID=RMUXLHDSMZ;ID=HGEZNBGFMCD;NAME=ZRotate;GROUP=XSec;VALUE=0 
 PARM;GEOM_ID=RMUXLHDSMZ;ID=AOLQCSKYYPB;NAME=Area;GROUP=XSecCurve;VALUE=0 
 PARM;GEOM_ID=RMUXLHDSMZ;ID=KUZJFDJJDNG;NAME=DeltaX;GROUP=XSecCurve;VALUE=0 
 PARM;GEOM_ID=RMUXLHDSMZ;ID=VYLEYBZXRMO;NAME=DeltaY;GROUP=XSecCurve;VALUE=0 
 PARM;GEOM_ID=RMUXLHDSMZ;ID=WAGLVDECWJV;NAME=HWRatio;GROUP=XSecCurve;VALUE=1 
 PARM;GEOM_ID=RMUXLHDSMZ;ID=WQXWGQNYWWW;NAME=Scale;GROUP=XSecCurve;VALUE=1 
 PARM;GEOM_ID=RMUXLHDSMZ;ID=HRBMCHBAZXN;NAME=ShiftLE;GROUP=XSecCurve;VALUE=0 
 PARM;GEOM_ID=RMUXLHDSMZ;ID=FVFRNPPUVCW;NAME=Theta;GROUP=XSecCurve;VALUE=0 
 PARM;GEOM_ID=RMUXLHDSMZ;ID=FVUNMEOBWWZ;NAME=LE_Cap_Length;GROUP=Cap;VALUE=1 
 PARM;GEOM_ID=RMUXLHDSMZ;ID=ATLQGEZCIDZ;NAME=LE_Cap_Offset;GROUP=Cap;VALUE=0 
 PARM;GEOM_ID=RMUXLHDSMZ;ID=NPKVDZNFWTS;NAME=LE_Cap_Strength;GROUP=Cap;VALUE=0.5 
 PARM;GEOM_ID=RMUXLHDSMZ;ID=QRHWQLRNJBR;NAME=LE_Cap_Type;GROUP=Cap;VALUE=1 
 PARM;GEOM_ID=RMUXLHDSMZ;ID=EEAEECCLUZL;NAME=TE_Cap_Length;GROUP=Cap;VALUE=1 
 PARM;GEOM_ID=RMUXLHDSMZ;ID=LTJPNSHVCAV;NAME=TE_Cap_Offset;GROUP=Cap;VALUE=0 
 PARM;GEOM_ID=RMUXLHDSMZ;ID=YOJZBGMIPQL;NAME=TE_Cap_Strength;GROUP=Cap;VALUE=0.5 
 PARM;GEOM_ID=RMUXLHDSMZ;ID=YYTULHYFBNZ;NAME=TE_Cap_Type;GROUP=Cap;VALUE=1 
 PARM;GEOM_ID=RMUXLHDSMZ;ID=BHHUIACGAIG;NAME=LE_Close_AbsRel;GROUP=Close;VALUE=0 
 PARM;GEOM_ID=RMUXLHDSMZ;ID=IFEUXFFZUHR;NAME=LE_Close_Thick;GROUP=Close;VALUE=0 
 PARM;GEOM_ID=RMUXLHDSMZ;ID=RLTLARYOUDS;NAME=LE_Close_Thick_Chord;GROUP=Close;VALUE=0 
 PARM;GEOM_ID=RMUXLHDSMZ;ID=EOAJUXZBYNG;NAME=LE_Close_Type;GROUP=Close;VALUE=0 
 PARM;GEOM_ID=RMUXLHDSMZ;ID=VNSETBVLLPJ;NAME=TE_Close_AbsRel;GROUP=Close;VALUE=0 
 PARM;GEOM_ID=RMUXLHDSMZ;ID=XZTBDRAXYKG;NAME=TE_Close_Thick;GROUP=Close;VALUE=0 
 PARM;GEOM_ID=RMUXLHDSMZ;ID=WZTVTYURJWA;NAME=TE_Close_Thick_Chord;GROUP=Close;VALUE=0 
 PARM;GEOM_ID=RMUXLHDSMZ;ID=HGQLFZPMEJM;NAME=TE_Close_Type;GROUP=Close;VALUE=0 
 PARM;GEOM_ID=RMUXLHDSMZ;ID=TJACGPBOKYF;NAME=LE_Trim_AbsRel;GROUP=Trim;VALUE=0 
 PARM;GEOM_ID=RMUXLHDSMZ;ID=YNYXCYWTCEC;NAME=LE_Trim_Thick;GROUP=Trim;VALUE=0 
 PARM;GEOM_ID=RMUXLHDSMZ;ID=MXPZSUJVPLY;NAME=LE_Trim_Thick_Chord;GROUP=Trim;VALUE=0 
 PARM;GEOM_ID=RMUXLHDSMZ;ID=UVGPPLURIHP;NAME=LE_Trim_Type;GROUP=Trim;VALUE=0 
 PARM;GEOM_ID=RMUXLHDSMZ;ID=IDMLXJDZYPV;NAME=LE_Trim_X;GROUP=Trim;VALUE=0 
 PARM;GEOM_ID=RMUXLHDSMZ;ID=JCFEEGXNSMA;NAME=LE_Trim_X_Chord;GROUP=Trim;VALUE=0 
 PARM;GEOM_ID=RMUXLHDSMZ;ID=WLKDYWGCUOG;NAME=TE_Trim_AbsRel;GROUP=Trim;VALUE=0 
 PARM;GEOM_ID=RMUXLHDSMZ;ID=DZBPEICXDNK;NAME=TE_Trim_Thick;GROUP=Trim;VALUE=0 
 PARM;GEOM_ID=RMUXLHDSMZ;ID=GUGSXQJNEDW;NAME=TE_Trim_Thick_Chord;GROUP=Trim;VALUE=0 
 PARM;GEOM_ID=RMUXLHDSMZ;ID=CWOSGLAKHNV;NAME=TE_Trim_Type;GROUP=Trim;VALUE=0 
 PARM;GEOM_ID=RMUXLHDSMZ;ID=BUHTTQRWNSJ;NAME=TE_Trim_X;GROUP=Trim;VALUE=0 
 PARM;GEOM_ID=RMUXLHDSMZ;ID=QNPXLKIRDOO;NAME=TE_Trim_X_Chord;GROUP=Trim;VALUE=0 
 PARM;GEOM_ID=RMUXLHDSMZ;ID=XCQJTIGRVPH;NAME=TE_Flap_DT;GROUP=Flap;VALUE=0 
 PARM;GEOM_ID=RMUXLHDSMZ;ID=QBSPGBSTDGW;NAME=TE_Flap_Deflection;GROUP=Flap;VALUE=0 
 PARM;GEOM_ID=RMUXLHDSMZ;ID=PKXGJUQTWRF;NAME=TE_Flap_Flag;GROUP=Flap;VALUE=0 
 PARM;GEOM_ID=RMUXLHDSMZ;ID=WPFHYNQJQFY;NAME=TE_Flap_T;GROUP=Flap;VALUE=0.2 
 PARM;GEOM_ID=RMUXLHDSMZ;ID=UPLOMXORJEJ;NAME=TE_Flap_Type;GROUP=Flap;VALUE=0 
 PARM;GEOM_ID=RMUXLHDSMZ;ID=GUVYPVSGUNH;NAME=TE_Flap_X;GROUP=Flap;VALUE=0 
 PARM;GEOM_ID=RMUXLHDSMZ;ID=FHSRAPKBKQX;NAME=TE_Flap_X_Chord;GROUP=Flap;VALUE=0.2 
 PARM;GEOM_ID=RMUXLHDSMZ;ID=HCQLWNSHFEQ;NAME=TE_Flap_Y_Frc;GROUP=Flap;VALUE=0.5 
 PARM;GEOM_ID=RMUXLHDSMZ;ID=ALNZOXYPGUT;NAME=TE_Trim_AbsRel;GROUP=Flap;VALUE=1 
 PARM;GEOM_ID=RMUXLHDSMZ;ID=MOTDBXPCGZG;NAME=XSecFlipImageFlag;GROUP=XSecCurve_Background;VALUE=0 
 PARM;GEOM_ID=RMUXLHDSMZ;ID=BKGLOZDWOVE;NAME=XSecImageFlag;GROUP=XSecCurve_Background;VALUE=0 
 PARM;GEOM_ID=RMUXLHDSMZ;ID=VOCNPMJLRWG;NAME=XSecImageH;GROUP=XSecCurve_Background;VALUE=1 
 PARM;GEOM_ID=RMUXLHDSMZ;ID=SSBTFPHWYQJ;NAME=XSecImagePreserveAR;GROUP=XSecCurve_Background;VALUE=1 
 PARM;GEOM_ID=RMUXLHDSMZ;ID=UWCTKCFXEMF;NAME=XSecImageW;GROUP=XSecCurve_Background;VALUE=1 
 PARM;GEOM_ID=RMUXLHDSMZ;ID=TNDLXIUQYPP;NAME=XSecImageXOffset;GROUP=XSecCurve_Background;VALUE=0 
 PARM;GEOM_ID=RMUXLHDSMZ;ID=RHYTBIMYBFX;NAME=XSecImageYOffset;GROUP=XSecCurve_Background;VALUE=0 
 PARM;GEOM_ID=RMUXLHDSMZ;ID=POHNBJOWWJW;NAME=XSecLockImageFlag;GROUP=XSecCurve_Background;VALUE=0 
 PARM;GEOM_ID=RMUXLHDSMZ;ID=FSAPQTYKODJ;NAME=AllSym;GROUP=Chevron;VALUE=1 
 PARM;GEOM_ID=RMUXLHDSMZ;ID=AQDGYPIPISP;NAME=BottomAmplitude;GROUP=Chevron;VALUE=1 
 PARM;GEOM_ID=RMUXLHDSMZ;ID=CARQUUSDWSI;NAME=Bottom_Angle;GROUP=Chevron;VALUE=0 
 PARM;GEOM_ID=RMUXLHDSMZ;ID=BAYWPVIAUMX;NAME=Bottom_Slew;GROUP=Chevron;VALUE=0 
 PARM;GEOM_ID=RMUXLHDSMZ;ID=VSNTHIMJXUW;NAME=Chevron_Type;GROUP=Chevron;VALUE=0 
 PARM;GEOM_ID=RMUXLHDSMZ;ID=VAEFLKJUUTL;NAME=LeftAmplitude;GROUP=Chevron;VALUE=1 
 PARM;GEOM_ID=RMUXLHDSMZ;ID=JRQJIHUGNZM;NAME=Left_Angle;GROUP=Chevron;VALUE=0 
 PARM;GEOM_ID=RMUXLHDSMZ;ID=ITHSIHJFKKX;NAME=Left_Slew;GROUP=Chevron;VALUE=0 
 PARM;GEOM_ID=RMUXLHDSMZ;ID=RCHUYEWYXNW;NAME=Number;GROUP=Chevron;VALUE=8 
 PARM;GEOM_ID=RMUXLHDSMZ;ID=XQBUVPOFKYC;NAME=Off_Duty;GROUP=Chevron;VALUE=0 
 PARM;GEOM_ID=RMUXLHDSMZ;ID=DMMUFTQHZXJ;NAME=On_Duty;GROUP=Chevron;VALUE=0 
 PARM;GEOM_ID=RMUXLHDSMZ;ID=GUFOUKPSCXN;NAME=Peak_Radius;GROUP=Chevron;VALUE=0 
 PARM;GEOM_ID=RMUXLHDSMZ;ID=NZJSBCWCDIK;NAME=RLSym;GROUP=Chevron;VALUE=1 
 PARM;GEOM_ID=RMUXLHDSMZ;ID=HEILTRVAKYD;NAME=RightAmplitude;GROUP=Chevron;VALUE=1 
 PARM;GEOM_ID=RMUXLHDSMZ;ID=RULZNQCGLER;NAME=Right_Angle;GROUP=Chevron;VALUE=0 
 PARM;GEOM_ID=RMUXLHDSMZ;ID=RYKCQWTHADC;NAME=Right_Slew;GROUP=Chevron;VALUE=0 
 PARM;GEOM_ID=RMUXLHDSMZ;ID=BLISWYLCIHH;NAME=TBSym;GROUP=Chevron;VALUE=1 
 PARM;GEOM_ID=RMUXLHDSMZ;ID=TJMZSTHXQDU;NAME=TopAmplitude;GROUP=Chevron;VALUE=1 
 PARM;GEOM_ID=RMUXLHDSMZ;ID=NZLVKZCARUD;NAME=Top_Angle;GROUP=Chevron;VALUE=0 
 PARM;GEOM_ID=RMUXLHDSMZ;ID=DLGNFTHYJPU;NAME=Top_Slew;GROUP=Chevron;VALUE=0 
 PARM;GEOM_ID=RMUXLHDSMZ;ID=ZIEXFHRYNQA;NAME=Valley_Radius;GROUP=Chevron;VALUE=0 
 PARM;GEOM_ID=RMUXLHDSMZ;ID=HWAXVBHKAZH;NAME=W01_Center;GROUP=Chevron;VALUE=0.25 
 PARM;GEOM_ID=RMUXLHDSMZ;ID=ZEDCYATHYAU;NAME=W01_Center_Guide;GROUP=Chevron;VALUE=5 
 PARM;GEOM_ID=RMUXLHDSMZ;ID=XPQUQLWVBWT;NAME=W01_End;GROUP=Chevron;VALUE=0.5 
 PARM;GEOM_ID=RMUXLHDSMZ;ID=STTVUGFMEDD;NAME=W01_End_Guide;GROUP=Chevron;VALUE=5 
 PARM;GEOM_ID=RMUXLHDSMZ;ID=RODVQNTYWUA;NAME=W01_Mode;GROUP=Chevron;VALUE=0 
 PARM;GEOM_ID=RMUXLHDSMZ;ID=ZOQEGPQYYCX;NAME=W01_Start;GROUP=Chevron;VALUE=0 
 PARM;GEOM_ID=RMUXLHDSMZ;ID=IBMJGIZUBGQ;NAME=W01_Start_Guide;GROUP=Chevron;VALUE=5 
 PARM;GEOM_ID=RMUXLHDSMZ;ID=BYSZUHRDPAO;NAME=W01_Width;GROUP=Chevron;VALUE=0.5 
 GEOM;ID=LQZSHZXSTY;NAME=Wing;TYPE=Wing;BMIN_X=17.32;BMIN_Y=0;BMIN_Z=1.57941;BMAX_X=39.0901;BMAX_Y=16.185;BMAX_Z=2.22059;SET_1=false;SET_2=true 
 PARM;GEOM_ID=LQZSHZXSTY;ID=RBOVBSTVTUC;NAME=Abs_Or_Relitive_flag;GROUP=XForm;VALUE=1 
 PARM;GEOM_ID=LQZSHZXSTY;ID=KDQAYSLSCSW;NAME=Last_Scale;GROUP=XForm;VALUE=1 
 PARM;GEOM_ID=LQZSHZXSTY;ID=DSUBVTYEKTL;NAME=Origin;GROUP=XForm;VALUE=0 
 PARM;GEOM_ID=LQZSHZXSTY;ID=ERICTTIRTEC;NAME=Scale;GROUP=XForm;VALUE=1 
 PARM;GEOM_ID=LQZSHZXSTY;ID=BOOHXHYBMRX;NAME=X_Location;GROUP=XForm;VALUE=17.32 
 PARM;GEOM_ID=LQZSHZXSTY;ID=EXPPMXMJBEI;NAME=X_Rel_Location;GROUP=XForm;VALUE=17.32 
 PARM;GEOM_ID=LQZSHZXSTY;ID=ZVZBWEJFGOR;NAME=X_Rel_Rotation;GROUP=XForm;VALUE=0 
 PARM;GEOM_ID=LQZSHZXSTY;ID=BMORFLBXEAG;NAME=X_Rotation;GROUP=XForm;VALUE=0 
 PARM;GEOM_ID=LQZSHZXSTY;ID=XAWZXTFXVGB;NAME=Y_Location;GROUP=XForm;VALUE=0 
 PARM;GEOM_ID=LQZSHZXSTY;ID=WHEHOWKIQAW;NAME=Y_Rel_Location;GROUP=XForm;VALUE=0 
 PARM;GEOM_ID=LQZSHZXSTY;ID=HZVIABHGDWO;NAME=Y_Rel_Rotation;GROUP=XForm;VALUE=0 
 PARM;GEOM_ID=LQZSHZXSTY;ID=ZQGBDOROHZM;NAME=Y_Rotation;GROUP=XForm;VALUE=0 
 PARM;GEOM_ID=LQZSHZXSTY;ID=YEXIHAJRKHW;NAME=Z_Location;GROUP=XForm;VALUE=1.9 
 PARM;GEOM_ID=LQZSHZXSTY;ID=AQPSBUAYWYO;NAME=Z_Rel_Location;GROUP=XForm;VALUE=1.9 
 PARM;GEOM_ID=LQZSHZXSTY;ID=LKRLUJUQANB;NAME=Z_Rel_Rotation;GROUP=XForm;VALUE=0 
 PARM;GEOM_ID=LQZSHZXSTY;ID=JMGVYTNVIQQ;NAME=Z_Rotation;GROUP=XForm;VALUE=0 
 PARM;GEOM_ID=LQZSHZXSTY;ID=SNLOZQRSBCK;NAME=Sym_Ancestor;GROUP=Sym;VALUE=1 
 PARM;GEOM_ID=LQZSHZXSTY;ID=WZLQJUCZUVE;NAME=Sym_Ancestor_Origin_Flag;GROUP=Sym;VALUE=1 
 PARM;GEOM_ID=LQZSHZXSTY;ID=OHCEJDRFAZB;NAME=Sym_Axial_Flag;GROUP=Sym;VALUE=0 
 PARM;GEOM_ID=LQZSHZXSTY;ID=BHXHWNASFEO;NAME=Sym_Planar_Flag;GROUP=Sym;VALUE=2 
 PARM;GEOM_ID=LQZSHZXSTY;ID=JMWYSDIXFKM;NAME=Sym_Rot_N;GROUP=Sym;VALUE=2 
 PARM;GEOM_ID=LQZSHZXSTY;ID=AMMTQNNESJY;NAME=Eta_Attach_Location;GROUP=Attach;VALUE=0 
 PARM;GEOM_ID=LQZSHZXSTY;ID=VXJQWBRRHMP;NAME=L_01;GROUP=Attach;VALUE=1 
 PARM;GEOM_ID=LQZSHZXSTY;ID=WSBLAKDOWXF;NAME=L_Attach_Location;GROUP=Attach;VALUE=0 
 PARM;GEOM_ID=LQZSHZXSTY;ID=JTIBSABYWRW;NAME=L_Attach_Location0Len;GROUP=Attach;VALUE=0 
 PARM;GEOM_ID=LQZSHZXSTY;ID=ROROOUKEMAW;NAME=M_Attach_Location;GROUP=Attach;VALUE=0.5 
 PARM;GEOM_ID=LQZSHZXSTY;ID=WPFIBLXVQUA;NAME=N_Attach_Location;GROUP=Attach;VALUE=0.5 
 PARM;GEOM_ID=LQZSHZXSTY;ID=JQZBFZBKWII;NAME=R_01;GROUP=Attach;VALUE=1 
 PARM;GEOM_ID=LQZSHZXSTY;ID=FIXHKRIQZGB;NAME=R_Attach_Location;GROUP=Attach;VALUE=0 
 PARM;GEOM_ID=LQZSHZXSTY;ID=BQHHOIKBJKT;NAME=R_Attach_Location0N;GROUP=Attach;VALUE=0 
 PARM;GEOM_ID=LQZSHZXSTY;ID=VQYNYBCJUVF;NAME=Rots_Attach_Flag;GROUP=Attach;VALUE=0 
 PARM;GEOM_ID=LQZSHZXSTY;ID=LOAJUZNKFBA;NAME=S_Attach_Location;GROUP=Attach;VALUE=0.5 
 PARM;GEOM_ID=LQZSHZXSTY;ID=PZIERHMKTLD;NAME=T_Attach_Location;GROUP=Attach;VALUE=0.5 
 PARM;GEOM_ID=LQZSHZXSTY;ID=DOSYFNNIVYT;NAME=Trans_Attach_Flag;GROUP=Attach;VALUE=0 
 PARM;GEOM_ID=LQZSHZXSTY;ID=KSMVGSNNGXO;NAME=U_01;GROUP=Attach;VALUE=1 
 PARM;GEOM_ID=LQZSHZXSTY;ID=YIVZPSNIBCM;NAME=U_Attach_Location;GROUP=Attach;VALUE=0 
 PARM;GEOM_ID=LQZSHZXSTY;ID=AQAGAVQOPOR;NAME=U_Attach_Location0N;GROUP=Attach;VALUE=0 
 PARM;GEOM_ID=LQZSHZXSTY;ID=XGVSRGITYFD;NAME=V_Attach_Location;GROUP=Attach;VALUE=0 
 PARM;GEOM_ID=LQZSHZXSTY;ID=YQFAZYTDEEX;NAME=Tess_U;GROUP=Shape;VALUE=24 
 PARM;GEOM_ID=LQZSHZXSTY;ID=NYPUQSWICQH;NAME=Tess_W;GROUP=Shape;VALUE=81 
 PARM;GEOM_ID=LQZSHZXSTY;ID=MFKGGFOQAHI;NAME=Wake;GROUP=Shape;VALUE=0 
 PARM;GEOM_ID=LQZSHZXSTY;ID=APPSHVWMYPS;NAME=Negative_Volume_Flag;GROUP=Negative_Volume_Props;VALUE=0 
 PARM;GEOM_ID=LQZSHZXSTY;ID=DBDDZPNSXEW;NAME=WakeAngle;GROUP=WakeSettings;VALUE=0 
 PARM;GEOM_ID=LQZSHZXSTY;ID=WBDXWIXUERY;NAME=WakeScale;GROUP=WakeSettings;VALUE=2 
 PARM;GEOM_ID=LQZSHZXSTY;ID=MRVSKMWYUFK;NAME=CGx;GROUP=Mass_Props;VALUE=0 
 PARM;GEOM_ID=LQZSHZXSTY;ID=BOOQOTOYVHX;NAME=CGy;GROUP=Mass_Props;VALUE=0 
 PARM;GEOM_ID=LQZSHZXSTY;ID=XTKTIEVVXDC;NAME=CGz;GROUP=Mass_Props;VALUE=0 
 PARM;GEOM_ID=LQZSHZXSTY;ID=SGCVKGWXNEA;NAME=Density;GROUP=Mass_Props;VALUE=1 
 PARM;GEOM_ID=LQZSHZXSTY;ID=AMZYAUUMUKN;NAME=Ixx;GROUP=Mass_Props;VALUE=0 
 PARM;GEOM_ID=LQZSHZXSTY;ID=OBWKEOGBVXY;NAME=Ixy;GROUP=Mass_Props;VALUE=0 
 PARM;GEOM_ID=LQZSHZXSTY;ID=EPTEDDVSXSU;NAME=Ixz;GROUP=Mass_Props;VALUE=0 
 PARM;GEOM_ID=LQZSHZXSTY;ID=RXOCRBCRRAR;NAME=Iyy;GROUP=Mass_Props;VALUE=0 
 PARM;GEOM_ID=LQZSHZXSTY;ID=ZXFJVZAWNMJ;NAME=Iyz;GROUP=Mass_Props;VALUE=0 
 PARM;GEOM_ID=LQZSHZXSTY;ID=EOYOVPKPQUV;NAME=Izz;GROUP=Mass_Props;VALUE=0 
 PARM;GEOM_ID=LQZSHZXSTY;ID=VXZFLVACXAJ;NAME=Mass_Area;GROUP=Mass_Props;VALUE=1 
 PARM;GEOM_ID=LQZSHZXSTY;ID=OPVBQPWCWVV;NAME=Mass_Prior;GROUP=Mass_Props;VALUE=0 
 PARM;GEOM_ID=LQZSHZXSTY;ID=BCKFAGJKCNK;NAME=PointMass;GROUP=Mass_Props;VALUE=0 
 PARM;GEOM_ID=LQZSHZXSTY;ID=UVRELQQSXQB;NAME=Shell_Flag;GROUP=Mass_Props;VALUE=0 
 PARM;GEOM_ID=LQZSHZXSTY;ID=JXDSWYLWDLC;NAME=CorrectAirfoilthicknessFlag;GROUP=WingGeom;VALUE=1 
 PARM;GEOM_ID=LQZSHZXSTY;ID=TKXQCGEYBDC;NAME=CurvedArea;GROUP=WingGeom;VALUE=349.272 
 PARM;GEOM_ID=LQZSHZXSTY;ID=SHGRPSDHKBO;NAME=LECluster;GROUP=WingGeom;VALUE=0.25 
 PARM;GEOM_ID=LQZSHZXSTY;ID=IHTXSXINIOA;NAME=MAC;GROUP=WingGeom;VALUE=14.2456 
 PARM;GEOM_ID=LQZSHZXSTY;ID=CSIYYHYIGWU;NAME=MaxGrowth;GROUP=WingGeom;VALUE=1.16076 
 PARM;GEOM_ID=LQZSHZXSTY;ID=LXBLLVNDGQA;NAME=RelativeDihedralFlag;GROUP=WingGeom;VALUE=0 
 PARM;GEOM_ID=LQZSHZXSTY;ID=UZNCLFDZWKG;NAME=RelativeTwistFlag;GROUP=WingGeom;VALUE=0 
 PARM;GEOM_ID=LQZSHZXSTY;ID=LWSZGEWEQZJ;NAME=RotateAirfoilMatchDideralFlag;GROUP=WingGeom;VALUE=1 
 PARM;GEOM_ID=LQZSHZXSTY;ID=FYIYZMQGRPE;NAME=SmallPanelW;GROUP=WingGeom;VALUE=0.000417854 
 PARM;GEOM_ID=LQZSHZXSTY;ID=YFIRHGNLZQI;NAME=TECluster;GROUP=WingGeom;VALUE=0.25 
 PARM;GEOM_ID=LQZSHZXSTY;ID=YVPURSFDKJU;NAME=TotalAR;GROUP=WingGeom;VALUE=3 
 PARM;GEOM_ID=LQZSHZXSTY;ID=XWRIRQZIWUQ;NAME=TotalArea;GROUP=WingGeom;VALUE=349.272 
 PARM;GEOM_ID=LQZSHZXSTY;ID=DRIKALIKMGQ;NAME=TotalChord;GROUP=WingGeom;VALUE=10.79 
 PARM;GEOM_ID=LQZSHZXSTY;ID=AQIMMZSKSBU;NAME=TotalProjectedSpan;GROUP=WingGeom;VALUE=32.37 
 PARM;GEOM_ID=LQZSHZXSTY;ID=SZFLKPHJQRU;NAME=TotalSpan;GROUP=WingGeom;VALUE=32.37 
 PARM;GEOM_ID=LQZSHZXSTY;ID=NGKMIPURBOD;NAME=TwistAllInXZPlaneFlag;GROUP=WingGeom;VALUE=0 
 PARM;GEOM_ID=LQZSHZXSTY;ID=RDREPFSPONL;NAME=X_Len;GROUP=BBox;VALUE=21.7701 
 PARM;GEOM_ID=LQZSHZXSTY;ID=UPOPTZYHOFF;NAME=X_Min;GROUP=BBox;VALUE=17.32 
 PARM;GEOM_ID=LQZSHZXSTY;ID=ZJIQHNQWAAW;NAME=Y_Len;GROUP=BBox;VALUE=32.37 
 PARM;GEOM_ID=LQZSHZXSTY;ID=KMFJSWQMFWX;NAME=Y_Min;GROUP=BBox;VALUE=-16.185 
 PARM;GEOM_ID=LQZSHZXSTY;ID=EBJIEVNLCNL;NAME=Z_Len;GROUP=BBox;VALUE=0.641174 
 PARM;GEOM_ID=LQZSHZXSTY;ID=SWPYJNXXWEJ;NAME=Z_Min;GROUP=BBox;VALUE=1.57941 
 PARM;GEOM_ID=LQZSHZXSTY;ID=AVDXGDDILQM;NAME=CapUMaxLength;GROUP=EndCap;VALUE=1 
 PARM;GEOM_ID=LQZSHZXSTY;ID=DMPFPWXFUQK;NAME=CapUMaxOffset;GROUP=EndCap;VALUE=0 
 PARM;GEOM_ID=LQZSHZXSTY;ID=UTWENMJZDRG;NAME=CapUMaxOption;GROUP=EndCap;VALUE=1 
 PARM;GEOM_ID=LQZSHZXSTY;ID=GIJVLFVCPFP;NAME=CapUMaxStrength;GROUP=EndCap;VALUE=0.5 
 PARM;GEOM_ID=LQZSHZXSTY;ID=RWGUYLRDVKO;NAME=CapUMaxSweepFlag;GROUP=EndCap;VALUE=0 
 PARM;GEOM_ID=LQZSHZXSTY;ID=MKHIUMMLXBZ;NAME=CapUMinLength;GROUP=EndCap;VALUE=1 
 PARM;GEOM_ID=LQZSHZXSTY;ID=LDLRUQIUHKL;NAME=CapUMinOffset;GROUP=EndCap;VALUE=0 
 PARM;GEOM_ID=LQZSHZXSTY;ID=AUSPFYNYHTG;NAME=CapUMinOption;GROUP=EndCap;VALUE=1 
 PARM;GEOM_ID=LQZSHZXSTY;ID=UEBSXJKCKPZ;NAME=CapUMinStrength;GROUP=EndCap;VALUE=0.5 
 PARM;GEOM_ID=LQZSHZXSTY;ID=LRAONFWMUAS;NAME=CapUMinSweepFlag;GROUP=EndCap;VALUE=0 
 PARM;GEOM_ID=LQZSHZXSTY;ID=DVITGHPYHBO;NAME=CapUMinTess;GROUP=EndCap;VALUE=3 
 PARM;GEOM_ID=LQZSHZXSTY;ID=EBACYGMVBNK;NAME=ExpandedList;GROUP=ParasiteDragProps;VALUE=0 
 PARM;GEOM_ID=LQZSHZXSTY;ID=YFVBTFNFTVK;NAME=FFBodyEqnType;GROUP=ParasiteDragProps;VALUE=3 
 PARM;GEOM_ID=LQZSHZXSTY;ID=HNBRKBZCURS;NAME=FFUser;GROUP=ParasiteDragProps;VALUE=1 
 PARM;GEOM_ID=LQZSHZXSTY;ID=KHPPOKIGUIJ;NAME=FFWingEqnType;GROUP=ParasiteDragProps;VALUE=3 
 PARM;GEOM_ID=LQZSHZXSTY;ID=XMIJXVTJOCX;NAME=IncorporatedGen;GROUP=ParasiteDragProps;VALUE=0 
 PARM;GEOM_ID=LQZSHZXSTY;ID=DZOGRQYATSA;NAME=PercLam;GROUP=ParasiteDragProps;VALUE=0 
 PARM;GEOM_ID=LQZSHZXSTY;ID=BZAEHAYXNFU;NAME=Q;GROUP=ParasiteDragProps;VALUE=1 
 PARM;GEOM_ID=LQZSHZXSTY;ID=CGEEBKZDAKE;NAME=Roughness;GROUP=ParasiteDragProps;VALUE=0 
 PARM;GEOM_ID=LQZSHZXSTY;ID=PEMPQHWCBOE;NAME=TawTwRatio;GROUP=ParasiteDragProps;VALUE=1 
 PARM;GEOM_ID=LQZSHZXSTY;ID=WSNAOYJZRYA;NAME=TeTwRatio;GROUP=ParasiteDragProps;VALUE=1 
 PARM;GEOM_ID=LQZSHZXSTY;ID=YLZFTZGUKHO;NAME=ActiveAirfoil;GROUP=Index;VALUE=1 
 PARM;GEOM_ID=LQZSHZXSTY;ID=UBWOVRCTSFT;NAME=ActiveXSec;GROUP=Index;VALUE=0 
 PARM;GEOM_ID=LQZSHZXSTY;ID=TRXBOWAUUMB;NAME=Area;GROUP=XSec;VALUE=11.1832 
 PARM;GEOM_ID=LQZSHZXSTY;ID=FYDBJKPZQNS;NAME=Aspect;GROUP=XSec;VALUE=0.0894201 
 PARM;GEOM_ID=LQZSHZXSTY;ID=HPBUOGLTDRI;NAME=Avg_Chord;GROUP=XSec;VALUE=11.1832 
 PARM;GEOM_ID=LQZSHZXSTY;ID=ESRORDVNDBA;NAME=Dihedral;GROUP=XSec;VALUE=0 
 PARM;GEOM_ID=LQZSHZXSTY;ID=NEJGHSXITYE;NAME=InCluster;GROUP=XSec;VALUE=1 
 PARM;GEOM_ID=LQZSHZXSTY;ID=JYVIUINUZIR;NAME=InLEDihedral;GROUP=XSec;VALUE=1.16592e-14 
 PARM;GEOM_ID=LQZSHZXSTY;ID=LEXXIXDLIDE;NAME=InLEMode;GROUP=XSec;VALUE=0 
 PARM;GEOM_ID=LQZSHZXSTY;ID=LDCNODOVNOW;NAME=InLEStrength;GROUP=XSec;VALUE=1 
 PARM;GEOM_ID=LQZSHZXSTY;ID=FGHZBUIRAJL;NAME=InLESweep;GROUP=XSec;VALUE=53.1 
 PARM;GEOM_ID=LQZSHZXSTY;ID=NKXGOVCXBSP;NAME=InTEDihedral;GROUP=XSec;VALUE=-7.01672e-15 
 PARM;GEOM_ID=LQZSHZXSTY;ID=AKACEWBSKGM;NAME=InTEMode;GROUP=XSec;VALUE=0 
 PARM;GEOM_ID=LQZSHZXSTY;ID=TUUEAAZRAOM;NAME=InTEStrength;GROUP=XSec;VALUE=1 
 PARM;GEOM_ID=LQZSHZXSTY;ID=NPBMEBGGKDK;NAME=InTESweep;GROUP=XSec;VALUE=1.4289 
 PARM;GEOM_ID=LQZSHZXSTY;ID=ICPOQOSEZSO;NAME=OutCluster;GROUP=XSec;VALUE=1 
 PARM;GEOM_ID=LQZSHZXSTY;ID=HTUNZWGARRW;NAME=OutLEDihedral;GROUP=XSec;VALUE=-1.16592e-14 
 PARM;GEOM_ID=LQZSHZXSTY;ID=DRHFPISRPGU;NAME=OutLEMode;GROUP=XSec;VALUE=0 
 PARM;GEOM_ID=LQZSHZXSTY;ID=BJCDZCBOIZI;NAME=OutLEStrength;GROUP=XSec;VALUE=1 
 PARM;GEOM_ID=LQZSHZXSTY;ID=CNESMFNVWEZ;NAME=OutLESweep;GROUP=XSec;VALUE=53.1 
 PARM;GEOM_ID=LQZSHZXSTY;ID=KOUDKDKTXOX;NAME=OutTEDihedral;GROUP=XSec;VALUE=7.01672e-15 
 PARM;GEOM_ID=LQZSHZXSTY;ID=QGGKRBUXTPO;NAME=OutTEMode;GROUP=XSec;VALUE=0 
 PARM;GEOM_ID=LQZSHZXSTY;ID=RJKQTRQDQAA;NAME=OutTEStrength;GROUP=XSec;VALUE=1 
 PARM;GEOM_ID=LQZSHZXSTY;ID=GZSYYEQTIBZ;NAME=OutTESweep;GROUP=XSec;VALUE=1.4289 
 PARM;GEOM_ID=LQZSHZXSTY;ID=OLAQRATPOGQ;NAME=ProjectedSpan;GROUP=XSec;VALUE=0 
 PARM;GEOM_ID=LQZSHZXSTY;ID=XTOEMSDNZCL;NAME=Root_Chord;GROUP=XSec;VALUE=1 
 PARM;GEOM_ID=LQZSHZXSTY;ID=SSQVETTIXWS;NAME=RotateMatchDideralFlag;GROUP=XSec;VALUE=0 
 PARM;GEOM_ID=LQZSHZXSTY;ID=PYXYXKQJGIB;NAME=Sec_Sweep;GROUP=XSec;VALUE=87.189 
 PARM;GEOM_ID=LQZSHZXSTY;ID=WVQYIZNSVWF;NAME=Sec_Sweep_Location;GROUP=XSec;VALUE=1 
 PARM;GEOM_ID=LQZSHZXSTY;ID=WCEVLKHEGQK;NAME=SectTess_U;GROUP=XSec;VALUE=18 
 PARM;GEOM_ID=LQZSHZXSTY;ID=WXRQUYIDKAZ;NAME=Span;GROUP=XSec;VALUE=1 
 PARM;GEOM_ID=LQZSHZXSTY;ID=JXFGXIJIVEF;NAME=Sweep;GROUP=XSec;VALUE=0 
 PARM;GEOM_ID=LQZSHZXSTY;ID=FXVPJRJDLFP;NAME=Sweep_Location;GROUP=XSec;VALUE=0 
 PARM;GEOM_ID=LQZSHZXSTY;ID=LBPTKDQMPOR;NAME=Taper;GROUP=XSec;VALUE=21.3663 
 PARM;GEOM_ID=LQZSHZXSTY;ID=PAYVVVQGGDV;NAME=Tip_Chord;GROUP=XSec;VALUE=21.3663 
 PARM;GEOM_ID=LQZSHZXSTY;ID=QAGUWOURKVR;NAME=Twist;GROUP=XSec;VALUE=0 
 PARM;GEOM_ID=LQZSHZXSTY;ID=UTPVPTFJZUI;NAME=TwistInXZPlaneFlag;GROUP=XSec;VALUE=0 
 PARM;GEOM_ID=LQZSHZXSTY;ID=SHINGOLDNTK;NAME=Twist_Location;GROUP=XSec;VALUE=0.25 
 PARM;GEOM_ID=LQZSHZXSTY;ID=SYNWFIHUIXF;NAME=Area;GROUP=XSecCurve;VALUE=9.44069 
 PARM;GEOM_ID=LQZSHZXSTY;ID=DTODUNESEKA;NAME=Camber;GROUP=XSecCurve;VALUE=0 
 PARM;GEOM_ID=LQZSHZXSTY;ID=CXAUSZTGPUU;NAME=CamberInputFlag;GROUP=XSecCurve;VALUE=0 
 PARM;GEOM_ID=LQZSHZXSTY;ID=YZOAEVBMDXD;NAME=CamberLoc;GROUP=XSecCurve;VALUE=0.2 
 PARM;GEOM_ID=LQZSHZXSTY;ID=YIALNYJFBWS;NAME=Chord;GROUP=XSecCurve;VALUE=21.3663 
 PARM;GEOM_ID=LQZSHZXSTY;ID=DONEEXZZBFT;NAME=DeltaX;GROUP=XSecCurve;VALUE=0 
 PARM;GEOM_ID=LQZSHZXSTY;ID=JLMGUJECSDP;NAME=DeltaY;GROUP=XSecCurve;VALUE=0 
 PARM;GEOM_ID=LQZSHZXSTY;ID=YBUCFLNEQBN;NAME=FitDegree;GROUP=XSecCurve;VALUE=7 
 PARM;GEOM_ID=LQZSHZXSTY;ID=SMEONVZPHXZ;NAME=HWRatio;GROUP=XSecCurve;VALUE=0.03 
 PARM;GEOM_ID=LQZSHZXSTY;ID=OEBOUDEFZPL;NAME=IdealCl;GROUP=XSecCurve;VALUE=0 
 PARM;GEOM_ID=LQZSHZXSTY;ID=RFZYATLUPHA;NAME=Invert;GROUP=XSecCurve;VALUE=0 
 PARM;GEOM_ID=LQZSHZXSTY;ID=MTDSIEYWKEH;NAME=LERadIndx;GROUP=XSecCurve;VALUE=6 
 PARM;GEOM_ID=LQZSHZXSTY;ID=KJKKRKXUUGS;NAME=Scale;GROUP=XSecCurve;VALUE=1 
 PARM;GEOM_ID=LQZSHZXSTY;ID=KBHXREQAPJM;NAME=SharpTEFlag;GROUP=XSecCurve;VALUE=1 
 PARM;GEOM_ID=LQZSHZXSTY;ID=GSNSQXQBQUS;NAME=ShiftLE;GROUP=XSecCurve;VALUE=0 
 PARM;GEOM_ID=LQZSHZXSTY;ID=JGXFCZKIUXI;NAME=Theta;GROUP=XSecCurve;VALUE=0 
 PARM;GEOM_ID=LQZSHZXSTY;ID=ZCMCBRICWBA;NAME=ThickChord;GROUP=XSecCurve;VALUE=0.03 
 PARM;GEOM_ID=LQZSHZXSTY;ID=UBCLFEOBUWL;NAME=ThickLoc;GROUP=XSecCurve;VALUE=0.3 
 PARM;GEOM_ID=LQZSHZXSTY;ID=ZPJGURSSZQP;NAME=LE_Cap_Length;GROUP=Cap;VALUE=1 
 PARM;GEOM_ID=LQZSHZXSTY;ID=HRQIGJAOAZT;NAME=LE_Cap_Offset;GROUP=Cap;VALUE=0 
 PARM;GEOM_ID=LQZSHZXSTY;ID=QQUICERJPYP;NAME=LE_Cap_Strength;GROUP=Cap;VALUE=0.5 
 PARM;GEOM_ID=LQZSHZXSTY;ID=NOXPWKKOEXT;NAME=LE_Cap_Type;GROUP=Cap;VALUE=1 
 PARM;GEOM_ID=LQZSHZXSTY;ID=AUWXTSNXOJO;NAME=TE_Cap_Length;GROUP=Cap;VALUE=1 
 PARM;GEOM_ID=LQZSHZXSTY;ID=MZWLCKSMTZQ;NAME=TE_Cap_Offset;GROUP=Cap;VALUE=0 
 PARM;GEOM_ID=LQZSHZXSTY;ID=ITMSUZWUPWE;NAME=TE_Cap_Strength;GROUP=Cap;VALUE=0.5 
 PARM;GEOM_ID=LQZSHZXSTY;ID=YRSDIRDYZID;NAME=TE_Cap_Type;GROUP=Cap;VALUE=1 
 PARM;GEOM_ID=LQZSHZXSTY;ID=YECISCYLORZ;NAME=LE_Close_AbsRel;GROUP=Close;VALUE=0 
 PARM;GEOM_ID=LQZSHZXSTY;ID=AEFHOHEQSZQ;NAME=LE_Close_Thick;GROUP=Close;VALUE=0 
 PARM;GEOM_ID=LQZSHZXSTY;ID=XCJZDQLBDAG;NAME=LE_Close_Thick_Chord;GROUP=Close;VALUE=0 
 PARM;GEOM_ID=LQZSHZXSTY;ID=XUOOUPNYFGU;NAME=LE_Close_Type;GROUP=Close;VALUE=0 
 PARM;GEOM_ID=LQZSHZXSTY;ID=MIQSCTYKZHP;NAME=TE_Close_AbsRel;GROUP=Close;VALUE=0 
 PARM;GEOM_ID=LQZSHZXSTY;ID=MJEPLHLWVDA;NAME=TE_Close_Thick;GROUP=Close;VALUE=0 
 PARM;GEOM_ID=LQZSHZXSTY;ID=KMWQIZJVYXM;NAME=TE_Close_Thick_Chord;GROUP=Close;VALUE=0 
 PARM;GEOM_ID=LQZSHZXSTY;ID=LULTGTGZSPO;NAME=TE_Close_Type;GROUP=Close;VALUE=0 
 PARM;GEOM_ID=LQZSHZXSTY;ID=XCLPQIRWDTM;NAME=LE_Trim_AbsRel;GROUP=Trim;VALUE=0 
 PARM;GEOM_ID=LQZSHZXSTY;ID=QHLYMXRYMWW;NAME=LE_Trim_Thick;GROUP=Trim;VALUE=0 
 PARM;GEOM_ID=LQZSHZXSTY;ID=XYRGEIVSNQH;NAME=LE_Trim_Thick_Chord;GROUP=Trim;VALUE=0 
 PARM;GEOM_ID=LQZSHZXSTY;ID=NPILUZWQNTT;NAME=LE_Trim_Type;GROUP=Trim;VALUE=0 
 PARM;GEOM_ID=LQZSHZXSTY;ID=JTLHZASMLWP;NAME=LE_Trim_X;GROUP=Trim;VALUE=0 
 PARM;GEOM_ID=LQZSHZXSTY;ID=EWEVBYFCFQU;NAME=LE_Trim_X_Chord;GROUP=Trim;VALUE=0 
 PARM;GEOM_ID=LQZSHZXSTY;ID=IXEKXSYLDIG;NAME=TE_Trim_AbsRel;GROUP=Trim;VALUE=0 
 PARM;GEOM_ID=LQZSHZXSTY;ID=EQORWFIAXAG;NAME=TE_Trim_Thick;GROUP=Trim;VALUE=0 
 PARM;GEOM_ID=LQZSHZXSTY;ID=JJIOSPODKZP;NAME=TE_Trim_Thick_Chord;GROUP=Trim;VALUE=0 
 PARM;GEOM_ID=LQZSHZXSTY;ID=HATKSYVCMQH;NAME=TE_Trim_Type;GROUP=Trim;VALUE=0 
 PARM;GEOM_ID=LQZSHZXSTY;ID=PYOYBOCIBVN;NAME=TE_Trim_X;GROUP=Trim;VALUE=0 
 PARM;GEOM_ID=LQZSHZXSTY;ID=QHSODXWNFEX;NAME=TE_Trim_X_Chord;GROUP=Trim;VALUE=0 
 PARM;GEOM_ID=LQZSHZXSTY;ID=DVWAQDFXDXG;NAME=TE_Flap_DT;GROUP=Flap;VALUE=0 
 PARM;GEOM_ID=LQZSHZXSTY;ID=BMZRGJTQSKU;NAME=TE_Flap_Deflection;GROUP=Flap;VALUE=0 
 PARM;GEOM_ID=LQZSHZXSTY;ID=YBOKCDVGQFZ;NAME=TE_Flap_Flag;GROUP=Flap;VALUE=0 
 PARM;GEOM_ID=LQZSHZXSTY;ID=ESZQDQLRSRF;NAME=TE_Flap_T;GROUP=Flap;VALUE=0.2 
 PARM;GEOM_ID=LQZSHZXSTY;ID=IXXEPBPQSWA;NAME=TE_Flap_Type;GROUP=Flap;VALUE=0 
 PARM;GEOM_ID=LQZSHZXSTY;ID=WUTVSBKWVIF;NAME=TE_Flap_X;GROUP=Flap;VALUE=0 
 PARM;GEOM_ID=LQZSHZXSTY;ID=LMMENJHLSZA;NAME=TE_Flap_X_Chord;GROUP=Flap;VALUE=0.2 
 PARM;GEOM_ID=LQZSHZXSTY;ID=JDDOQVASOYM;NAME=TE_Flap_Y_Frc;GROUP=Flap;VALUE=0.5 
 PARM;GEOM_ID=LQZSHZXSTY;ID=RMGUVBYUYQW;NAME=TE_Trim_AbsRel;GROUP=Flap;VALUE=1 
 PARM;GEOM_ID=LQZSHZXSTY;ID=KJESAYJTWEY;NAME=XSecFlipImageFlag;GROUP=XSecCurve_Background;VALUE=0 
 PARM;GEOM_ID=LQZSHZXSTY;ID=VBKUXUNBWMT;NAME=XSecImageFlag;GROUP=XSecCurve_Background;VALUE=0 
 PARM;GEOM_ID=LQZSHZXSTY;ID=WISQRWAPDGH;NAME=XSecImageH;GROUP=XSecCurve_Background;VALUE=1 
 PARM;GEOM_ID=LQZSHZXSTY;ID=HXMMIWXTGZS;NAME=XSecImagePreserveAR;GROUP=XSecCurve_Background;VALUE=1 
 PARM;GEOM_ID=LQZSHZXSTY;ID=KZAQHOQSVUW;NAME=XSecImageW;GROUP=XSecCurve_Background;VALUE=1 
 PARM;GEOM_ID=LQZSHZXSTY;ID=NYJGRYMZZZO;NAME=XSecImageXOffset;GROUP=XSecCurve_Background;VALUE=0 
 PARM;GEOM_ID=LQZSHZXSTY;ID=GXYIZRRMEWQ;NAME=XSecImageYOffset;GROUP=XSecCurve_Background;VALUE=0 
 PARM;GEOM_ID=LQZSHZXSTY;ID=LKCMFLFWJYC;NAME=XSecLockImageFlag;GROUP=XSecCurve_Background;VALUE=0 
 PARM;GEOM_ID=LQZSHZXSTY;ID=OKNAZMRVXTN;NAME=AllSym;GROUP=Chevron;VALUE=1 
 PARM;GEOM_ID=LQZSHZXSTY;ID=AZXTXJWCNZE;NAME=BottomAmplitude;GROUP=Chevron;VALUE=1 
 PARM;GEOM_ID=LQZSHZXSTY;ID=GFDCDPMBQLU;NAME=Bottom_Angle;GROUP=Chevron;VALUE=0 
 PARM;GEOM_ID=LQZSHZXSTY;ID=KYUGMACXIOC;NAME=Bottom_Slew;GROUP=Chevron;VALUE=0 
 PARM;GEOM_ID=LQZSHZXSTY;ID=YZBZZWBHUBR;NAME=Chevron_Type;GROUP=Chevron;VALUE=0 
 PARM;GEOM_ID=LQZSHZXSTY;ID=VQPUVTBCKBR;NAME=LeftAmplitude;GROUP=Chevron;VALUE=1 
 PARM;GEOM_ID=LQZSHZXSTY;ID=GXSJJAMHARD;NAME=Left_Angle;GROUP=Chevron;VALUE=0 
 PARM;GEOM_ID=LQZSHZXSTY;ID=KYYPLSMEBFQ;NAME=Left_Slew;GROUP=Chevron;VALUE=0 
 PARM;GEOM_ID=LQZSHZXSTY;ID=SJLJTPHIUPJ;NAME=Number;GROUP=Chevron;VALUE=8 
 PARM;GEOM_ID=LQZSHZXSTY;ID=RMVIZDTRIXI;NAME=Off_Duty;GROUP=Chevron;VALUE=0 
 PARM;GEOM_ID=LQZSHZXSTY;ID=YFOYWXMCQSF;NAME=On_Duty;GROUP=Chevron;VALUE=0 
 PARM;GEOM_ID=LQZSHZXSTY;ID=RNHMJYTZSYD;NAME=Peak_Radius;GROUP=Chevron;VALUE=0 
 PARM;GEOM_ID=LQZSHZXSTY;ID=HDZRWZXKFXM;NAME=RLSym;GROUP=Chevron;VALUE=1 
 PARM;GEOM_ID=LQZSHZXSTY;ID=JXASFQGROLF;NAME=RightAmplitude;GROUP=Chevron;VALUE=1 
 PARM;GEOM_ID=LQZSHZXSTY;ID=JINJVKGYPBB;NAME=Right_Angle;GROUP=Chevron;VALUE=0 
 PARM;GEOM_ID=LQZSHZXSTY;ID=WUPXYGIPVGR;NAME=Right_Slew;GROUP=Chevron;VALUE=0 
 PARM;GEOM_ID=LQZSHZXSTY;ID=IQMJHLJYVRS;NAME=TBSym;GROUP=Chevron;VALUE=1 
 PARM;GEOM_ID=LQZSHZXSTY;ID=AGCOJTOHILS;NAME=TopAmplitude;GROUP=Chevron;VALUE=1 
 PARM;GEOM_ID=LQZSHZXSTY;ID=JCXXQANXNYG;NAME=Top_Angle;GROUP=Chevron;VALUE=0 
 PARM;GEOM_ID=LQZSHZXSTY;ID=NEGAHFRNYCS;NAME=Top_Slew;GROUP=Chevron;VALUE=0 
 PARM;GEOM_ID=LQZSHZXSTY;ID=WEDQTKIJAOG;NAME=Valley_Radius;GROUP=Chevron;VALUE=0 
 PARM;GEOM_ID=LQZSHZXSTY;ID=UOVGCHGWZHC;NAME=W01_Center;GROUP=Chevron;VALUE=0.25 
 PARM;GEOM_ID=LQZSHZXSTY;ID=ZYYSHIWNJRR;NAME=W01_Center_Guide;GROUP=Chevron;VALUE=5 
 PARM;GEOM_ID=LQZSHZXSTY;ID=BKKVEAYLQZY;NAME=W01_End;GROUP=Chevron;VALUE=0.5 
 PARM;GEOM_ID=LQZSHZXSTY;ID=BYECEPXULWE;NAME=W01_End_Guide;GROUP=Chevron;VALUE=5 
 PARM;GEOM_ID=LQZSHZXSTY;ID=PVZREGIIMXM;NAME=W01_Mode;GROUP=Chevron;VALUE=0 
 PARM;GEOM_ID=LQZSHZXSTY;ID=PPSBRYQVMCJ;NAME=W01_Start;GROUP=Chevron;VALUE=0 
 PARM;GEOM_ID=LQZSHZXSTY;ID=QHIDPIOTNDP;NAME=W01_Start_Guide;GROUP=Chevron;VALUE=5 
 PARM;GEOM_ID=LQZSHZXSTY;ID=QNNTWNRWUOL;NAME=W01_Width;GROUP=Chevron;VALUE=0.5 
 PARM;GEOM_ID=LQZSHZXSTY;ID=MPDPOLURQHG;NAME=Area;GROUP=XSec;VALUE=174.636 
 PARM;GEOM_ID=LQZSHZXSTY;ID=RWCERQBPOVQ;NAME=Aspect;GROUP=XSec;VALUE=1.5 
 PARM;GEOM_ID=LQZSHZXSTY;ID=XEASWNGBNEU;NAME=Avg_Chord;GROUP=XSec;VALUE=10.79 
 PARM;GEOM_ID=LQZSHZXSTY;ID=MESOCBCSJRN;NAME=Dihedral;GROUP=XSec;VALUE=0 
 PARM;GEOM_ID=LQZSHZXSTY;ID=FUULYWHUCPZ;NAME=InCluster;GROUP=XSec;VALUE=1 
 PARM;GEOM_ID=LQZSHZXSTY;ID=ZOZCQDQBMRU;NAME=InLEDihedral;GROUP=XSec;VALUE=1.16592e-14 
 PARM;GEOM_ID=LQZSHZXSTY;ID=KKCJIUGFPJT;NAME=InLEMode;GROUP=XSec;VALUE=0 
 PARM;GEOM_ID=LQZSHZXSTY;ID=ZBLAPALBUNI;NAME=InLEStrength;GROUP=XSec;VALUE=1 
 PARM;GEOM_ID=LQZSHZXSTY;ID=YYMSMQMNGWX;NAME=InLESweep;GROUP=XSec;VALUE=53.1 
 PARM;GEOM_ID=LQZSHZXSTY;ID=YNOQMWAKJZZ;NAME=InTEDihedral;GROUP=XSec;VALUE=-7.01672e-15 
 PARM;GEOM_ID=LQZSHZXSTY;ID=ALFCYOERPYT;NAME=InTEMode;GROUP=XSec;VALUE=0 
 PARM;GEOM_ID=LQZSHZXSTY;ID=DNCGZPBUHSL;NAME=InTEStrength;GROUP=XSec;VALUE=1 
 PARM;GEOM_ID=LQZSHZXSTY;ID=HXUNNMNCVZO;NAME=InTESweep;GROUP=XSec;VALUE=1.4289 
 PARM;GEOM_ID=LQZSHZXSTY;ID=GJNQHBAGVIJ;NAME=OutCluster;GROUP=XSec;VALUE=1 
 PARM;GEOM_ID=LQZSHZXSTY;ID=UVJOHWQZZBJ;NAME=OutLEDihedral;GROUP=XSec;VALUE=-1.16592e-14 
 PARM;GEOM_ID=LQZSHZXSTY;ID=WUXKOMJXYSQ;NAME=OutLEMode;GROUP=XSec;VALUE=0 
 PARM;GEOM_ID=LQZSHZXSTY;ID=QVJSZIIXJHB;NAME=OutLEStrength;GROUP=XSec;VALUE=1 
 PARM;GEOM_ID=LQZSHZXSTY;ID=PPRQHMGQSIC;NAME=OutLESweep;GROUP=XSec;VALUE=53.1 
 PARM;GEOM_ID=LQZSHZXSTY;ID=BTDDPHBBWPP;NAME=OutTEDihedral;GROUP=XSec;VALUE=7.01672e-15 
 PARM;GEOM_ID=LQZSHZXSTY;ID=MZZZMQJALCP;NAME=OutTEMode;GROUP=XSec;VALUE=0 
 PARM;GEOM_ID=LQZSHZXSTY;ID=RQJINYMDKAK;NAME=OutTEStrength;GROUP=XSec;VALUE=1 
 PARM;GEOM_ID=LQZSHZXSTY;ID=ETPHEHPIZDN;NAME=OutTESweep;GROUP=XSec;VALUE=1.4289 
 PARM;GEOM_ID=LQZSHZXSTY;ID=FEDIYFTKQXA;NAME=ProjectedSpan;GROUP=XSec;VALUE=16.185 
 PARM;GEOM_ID=LQZSHZXSTY;ID=BOSJBCSXMYZ;NAME=Root_Chord;GROUP=XSec;VALUE=21.3663 
 PARM;GEOM_ID=LQZSHZXSTY;ID=QXXXBNEFRHG;NAME=RotateMatchDideralFlag;GROUP=XSec;VALUE=0 
 PARM;GEOM_ID=LQZSHZXSTY;ID=UGHBSHYIHIC;NAME=Sec_Sweep;GROUP=XSec;VALUE=1.4289 
 PARM;GEOM_ID=LQZSHZXSTY;ID=VHLFLDXXJTV;NAME=Sec_Sweep_Location;GROUP=XSec;VALUE=1 
 PARM;GEOM_ID=LQZSHZXSTY;ID=YBZFBNOSBHS;NAME=SectTess_U;GROUP=XSec;VALUE=18 
 PARM;GEOM_ID=LQZSHZXSTY;ID=DXKQLYJYWBV;NAME=Span;GROUP=XSec;VALUE=16.185 
 PARM;GEOM_ID=LQZSHZXSTY;ID=RBRWYNHBPPS;NAME=Sweep;GROUP=XSec;VALUE=53.1 
 PARM;GEOM_ID=LQZSHZXSTY;ID=UUJHBXUIPPX;NAME=Sweep_Location;GROUP=XSec;VALUE=0 
 PARM;GEOM_ID=LQZSHZXSTY;ID=YPNUDSPBNKS;NAME=Taper;GROUP=XSec;VALUE=0.01 
 PARM;GEOM_ID=LQZSHZXSTY;ID=DUCFAWGUMKW;NAME=Tip_Chord;GROUP=XSec;VALUE=0.213663 
 PARM;GEOM_ID=LQZSHZXSTY;ID=AQIPJZRONPO;NAME=Twist;GROUP=XSec;VALUE=0 
 PARM;GEOM_ID=LQZSHZXSTY;ID=DAKDAUCACFC;NAME=TwistInXZPlaneFlag;GROUP=XSec;VALUE=0 
 PARM;GEOM_ID=LQZSHZXSTY;ID=RJNBXEORSOJ;NAME=Twist_Location;GROUP=XSec;VALUE=0.25 
 PARM;GEOM_ID=LQZSHZXSTY;ID=DXSNRVQTGXG;NAME=Area;GROUP=XSecCurve;VALUE=0.00309912 
 PARM;GEOM_ID=LQZSHZXSTY;ID=GACAKXTUOVX;NAME=Camber;GROUP=XSecCurve;VALUE=0 
 PARM;GEOM_ID=LQZSHZXSTY;ID=NZCQCWAQTXE;NAME=CamberInputFlag;GROUP=XSecCurve;VALUE=0 
 PARM;GEOM_ID=LQZSHZXSTY;ID=AOHQPDDBFAI;NAME=CamberLoc;GROUP=XSecCurve;VALUE=0.2 
 PARM;GEOM_ID=LQZSHZXSTY;ID=ESREBWVLEYN;NAME=Chord;GROUP=XSecCurve;VALUE=0.213663 
 PARM;GEOM_ID=LQZSHZXSTY;ID=RAADZNPOOFR;NAME=DeltaX;GROUP=XSecCurve;VALUE=0 
 PARM;GEOM_ID=LQZSHZXSTY;ID=KNAUBEVNNJG;NAME=DeltaY;GROUP=XSecCurve;VALUE=0 
 PARM;GEOM_ID=LQZSHZXSTY;ID=UXGHFPSWJQZ;NAME=FitDegree;GROUP=XSecCurve;VALUE=7 
 PARM;GEOM_ID=LQZSHZXSTY;ID=FGOLSHJEOVM;NAME=HWRatio;GROUP=XSecCurve;VALUE=0.1 
 PARM;GEOM_ID=LQZSHZXSTY;ID=GFUSRDKRTWH;NAME=IdealCl;GROUP=XSecCurve;VALUE=0 
 PARM;GEOM_ID=LQZSHZXSTY;ID=VGHBBGHGZLA;NAME=Invert;GROUP=XSecCurve;VALUE=0 
 PARM;GEOM_ID=LQZSHZXSTY;ID=ZECXPYRNWTZ;NAME=Scale;GROUP=XSecCurve;VALUE=1 
 PARM;GEOM_ID=LQZSHZXSTY;ID=OPIZETEVSWP;NAME=SharpTEFlag;GROUP=XSecCurve;VALUE=1 
 PARM;GEOM_ID=LQZSHZXSTY;ID=LUXHWUUTIJZ;NAME=ShiftLE;GROUP=XSecCurve;VALUE=0 
 PARM;GEOM_ID=LQZSHZXSTY;ID=MOIXKBVFCHV;NAME=Theta;GROUP=XSecCurve;VALUE=0 
 PARM;GEOM_ID=LQZSHZXSTY;ID=GVCFGIEPQUQ;NAME=ThickChord;GROUP=XSecCurve;VALUE=0.1 
 PARM;GEOM_ID=LQZSHZXSTY;ID=FAOYNHXGDVF;NAME=LE_Cap_Length;GROUP=Cap;VALUE=1 
 PARM;GEOM_ID=LQZSHZXSTY;ID=FFMZJITMSZY;NAME=LE_Cap_Offset;GROUP=Cap;VALUE=0 
 PARM;GEOM_ID=LQZSHZXSTY;ID=AVAYHKZEUCA;NAME=LE_Cap_Strength;GROUP=Cap;VALUE=0.5 
 PARM;GEOM_ID=LQZSHZXSTY;ID=EWLPIITKCFF;NAME=LE_Cap_Type;GROUP=Cap;VALUE=1 
 PARM;GEOM_ID=LQZSHZXSTY;ID=PTTTNACAGBM;NAME=TE_Cap_Length;GROUP=Cap;VALUE=1 
 PARM;GEOM_ID=LQZSHZXSTY;ID=BGTBUZBDSLT;NAME=TE_Cap_Offset;GROUP=Cap;VALUE=0 
 PARM;GEOM_ID=LQZSHZXSTY;ID=SVMSVRNUWXQ;NAME=TE_Cap_Strength;GROUP=Cap;VALUE=0.5 
 PARM;GEOM_ID=LQZSHZXSTY;ID=CGVFJLGDENI;NAME=TE_Cap_Type;GROUP=Cap;VALUE=1 
 PARM;GEOM_ID=LQZSHZXSTY;ID=RWKMJSJOGBH;NAME=LE_Close_AbsRel;GROUP=Close;VALUE=0 
 PARM;GEOM_ID=LQZSHZXSTY;ID=CWXSYNLIXJR;NAME=LE_Close_Thick;GROUP=Close;VALUE=0 
 PARM;GEOM_ID=LQZSHZXSTY;ID=UOWIEZWLVJY;NAME=LE_Close_Thick_Chord;GROUP=Close;VALUE=0 
 PARM;GEOM_ID=LQZSHZXSTY;ID=FRSCJLOCWQT;NAME=LE_Close_Type;GROUP=Close;VALUE=0 
 PARM;GEOM_ID=LQZSHZXSTY;ID=JGYQGCJIXJN;NAME=TE_Close_AbsRel;GROUP=Close;VALUE=0 
 PARM;GEOM_ID=LQZSHZXSTY;ID=WZVBJGOUDEX;NAME=TE_Close_Thick;GROUP=Close;VALUE=0 
 PARM;GEOM_ID=LQZSHZXSTY;ID=RCAJSZJDVHV;NAME=TE_Close_Thick_Chord;GROUP=Close;VALUE=0 
 PARM;GEOM_ID=LQZSHZXSTY;ID=VGYKTYGJYLA;NAME=TE_Close_Type;GROUP=Close;VALUE=0 
 PARM;GEOM_ID=LQZSHZXSTY;ID=DMTCJCTKALV;NAME=LE_Trim_AbsRel;GROUP=Trim;VALUE=0 
 PARM;GEOM_ID=LQZSHZXSTY;ID=LTEPVGEBGIM;NAME=LE_Trim_Thick;GROUP=Trim;VALUE=0 
 PARM;GEOM_ID=LQZSHZXSTY;ID=NHNBLNGNYJT;NAME=LE_Trim_Thick_Chord;GROUP=Trim;VALUE=0 
 PARM;GEOM_ID=LQZSHZXSTY;ID=VSPPRXEWOAE;NAME=LE_Trim_Type;GROUP=Trim;VALUE=0 
 PARM;GEOM_ID=LQZSHZXSTY;ID=FZTYDLEALAM;NAME=LE_Trim_X;GROUP=Trim;VALUE=0 
 PARM;GEOM_ID=LQZSHZXSTY;ID=SBQBFPYCUMP;NAME=LE_Trim_X_Chord;GROUP=Trim;VALUE=0 
 PARM;GEOM_ID=LQZSHZXSTY;ID=WQRASGEHOYY;NAME=TE_Trim_AbsRel;GROUP=Trim;VALUE=0 
 PARM;GEOM_ID=LQZSHZXSTY;ID=NORDLDUISMZ;NAME=TE_Trim_Thick;GROUP=Trim;VALUE=0 
 PARM;GEOM_ID=LQZSHZXSTY;ID=JCVECAOATNR;NAME=TE_Trim_Thick_Chord;GROUP=Trim;VALUE=0 
 PARM;GEOM_ID=LQZSHZXSTY;ID=RLSTDQDGOGU;NAME=TE_Trim_Type;GROUP=Trim;VALUE=0 
 PARM;GEOM_ID=LQZSHZXSTY;ID=EUJZYKTADIJ;NAME=TE_Trim_X;GROUP=Trim;VALUE=0 
 PARM;GEOM_ID=LQZSHZXSTY;ID=MBVVZYEPWEU;NAME=TE_Trim_X_Chord;GROUP=Trim;VALUE=0 
 PARM;GEOM_ID=LQZSHZXSTY;ID=XZRSGQPBSEU;NAME=TE_Flap_DT;GROUP=Flap;VALUE=0 
 PARM;GEOM_ID=LQZSHZXSTY;ID=GRMNCFGCSUC;NAME=TE_Flap_Deflection;GROUP=Flap;VALUE=0 
 PARM;GEOM_ID=LQZSHZXSTY;ID=FNUJXSMTVRI;NAME=TE_Flap_Flag;GROUP=Flap;VALUE=0 
 PARM;GEOM_ID=LQZSHZXSTY;ID=ENNSTHUFXGH;NAME=TE_Flap_T;GROUP=Flap;VALUE=0.2 
 PARM;GEOM_ID=LQZSHZXSTY;ID=WBYSSFSNZCP;NAME=TE_Flap_Type;GROUP=Flap;VALUE=0 
 PARM;GEOM_ID=LQZSHZXSTY;ID=UEJLXKPSGZF;NAME=TE_Flap_X;GROUP=Flap;VALUE=0 
 PARM;GEOM_ID=LQZSHZXSTY;ID=BJTLFAZTLYD;NAME=TE_Flap_X_Chord;GROUP=Flap;VALUE=0.2 
 PARM;GEOM_ID=LQZSHZXSTY;ID=CFVGGJHBTLO;NAME=TE_Flap_Y_Frc;GROUP=Flap;VALUE=0.5 
 PARM;GEOM_ID=LQZSHZXSTY;ID=UHLUVDBFNAD;NAME=TE_Trim_AbsRel;GROUP=Flap;VALUE=1 
 PARM;GEOM_ID=LQZSHZXSTY;ID=LBQVTGAFUYF;NAME=XSecFlipImageFlag;GROUP=XSecCurve_Background;VALUE=0 
 PARM;GEOM_ID=LQZSHZXSTY;ID=KRKHXTDRYUM;NAME=XSecImageFlag;GROUP=XSecCurve_Background;VALUE=0 
 PARM;GEOM_ID=LQZSHZXSTY;ID=WYFIQPSBDIS;NAME=XSecImageH;GROUP=XSecCurve_Background;VALUE=1 
 PARM;GEOM_ID=LQZSHZXSTY;ID=MTKNXZHNEYK;NAME=XSecImagePreserveAR;GROUP=XSecCurve_Background;VALUE=1 
 PARM;GEOM_ID=LQZSHZXSTY;ID=GNGFGUYYZOG;NAME=XSecImageW;GROUP=XSecCurve_Background;VALUE=1 
 PARM;GEOM_ID=LQZSHZXSTY;ID=PDDGCSPAQWU;NAME=XSecImageXOffset;GROUP=XSecCurve_Background;VALUE=0 
 PARM;GEOM_ID=LQZSHZXSTY;ID=MESDHJLYHBI;NAME=XSecImageYOffset;GROUP=XSecCurve_Background;VALUE=0 
 PARM;GEOM_ID=LQZSHZXSTY;ID=LKWYOLNIURW;NAME=XSecLockImageFlag;GROUP=XSecCurve_Background;VALUE=0 
 PARM;GEOM_ID=LQZSHZXSTY;ID=MBPJRWDXATE;NAME=AllSym;GROUP=Chevron;VALUE=1 
 PARM;GEOM_ID=LQZSHZXSTY;ID=LECNTJAGHIO;NAME=BottomAmplitude;GROUP=Chevron;VALUE=1 
 PARM;GEOM_ID=LQZSHZXSTY;ID=EFFGTDEZHVH;NAME=Bottom_Angle;GROUP=Chevron;VALUE=0 
 PARM;GEOM_ID=LQZSHZXSTY;ID=NWXXATRODFU;NAME=Bottom_Slew;GROUP=Chevron;VALUE=0 
 PARM;GEOM_ID=LQZSHZXSTY;ID=AORWXPADWNM;NAME=Chevron_Type;GROUP=Chevron;VALUE=0 
 PARM;GEOM_ID=LQZSHZXSTY;ID=JCBDJSPIUTB;NAME=LeftAmplitude;GROUP=Chevron;VALUE=1 
 PARM;GEOM_ID=LQZSHZXSTY;ID=UKZERJVEQRM;NAME=Left_Angle;GROUP=Chevron;VALUE=0 
 PARM;GEOM_ID=LQZSHZXSTY;ID=TBWYDKWNINC;NAME=Left_Slew;GROUP=Chevron;VALUE=0 
 PARM;GEOM_ID=LQZSHZXSTY;ID=IDEJRCUFJHA;NAME=Number;GROUP=Chevron;VALUE=8 
 PARM;GEOM_ID=LQZSHZXSTY;ID=ZHAPHSEERFV;NAME=Off_Duty;GROUP=Chevron;VALUE=0 
 PARM;GEOM_ID=LQZSHZXSTY;ID=QHBNGNOWUSN;NAME=On_Duty;GROUP=Chevron;VALUE=0 
 PARM;GEOM_ID=LQZSHZXSTY;ID=FCROELBVOHA;NAME=Peak_Radius;GROUP=Chevron;VALUE=0 
 PARM;GEOM_ID=LQZSHZXSTY;ID=RZVRXBCNLFO;NAME=RLSym;GROUP=Chevron;VALUE=1 
 PARM;GEOM_ID=LQZSHZXSTY;ID=WELJTXLTGCE;NAME=RightAmplitude;GROUP=Chevron;VALUE=1 
 PARM;GEOM_ID=LQZSHZXSTY;ID=VMFDSKMNHRR;NAME=Right_Angle;GROUP=Chevron;VALUE=0 
 PARM;GEOM_ID=LQZSHZXSTY;ID=EEXJZTEHUVQ;NAME=Right_Slew;GROUP=Chevron;VALUE=0 
 PARM;GEOM_ID=LQZSHZXSTY;ID=FETWISIKGBH;NAME=TBSym;GROUP=Chevron;VALUE=1 
 PARM;GEOM_ID=LQZSHZXSTY;ID=CMNOEXVKESZ;NAME=TopAmplitude;GROUP=Chevron;VALUE=1 
 PARM;GEOM_ID=LQZSHZXSTY;ID=ATIMYZVWVHO;NAME=Top_Angle;GROUP=Chevron;VALUE=0 
 PARM;GEOM_ID=LQZSHZXSTY;ID=MCIJITGBKBC;NAME=Top_Slew;GROUP=Chevron;VALUE=0 
 PARM;GEOM_ID=LQZSHZXSTY;ID=IMKWZWPSGST;NAME=Valley_Radius;GROUP=Chevron;VALUE=0 
 PARM;GEOM_ID=LQZSHZXSTY;ID=CHRPEISHIZE;NAME=W01_Center;GROUP=Chevron;VALUE=0.25 
 PARM;GEOM_ID=LQZSHZXSTY;ID=JGAHDZXXLWG;NAME=W01_Center_Guide;GROUP=Chevron;VALUE=5 
 PARM;GEOM_ID=LQZSHZXSTY;ID=RZLFAWBKTBK;NAME=W01_End;GROUP=Chevron;VALUE=0.5 
 PARM;GEOM_ID=LQZSHZXSTY;ID=ZSGCRNFKCWT;NAME=W01_End_Guide;GROUP=Chevron;VALUE=5 
 PARM;GEOM_ID=LQZSHZXSTY;ID=JDLFUXTITRX;NAME=W01_Mode;GROUP=Chevron;VALUE=0 
 PARM;GEOM_ID=LQZSHZXSTY;ID=AKYYTQHJCGV;NAME=W01_Start;GROUP=Chevron;VALUE=0 
 PARM;GEOM_ID=LQZSHZXSTY;ID=BGQSOZOYWLZ;NAME=W01_Start_Guide;GROUP=Chevron;VALUE=5 
 PARM;GEOM_ID=LQZSHZXSTY;ID=VKHOZJVIKWT;NAME=W01_Width;GROUP=Chevron;VALUE=0.5 
 WING_TERMINAL;GEOM_ID=LQZSHZXSTY;XSEC_COUNT=2;TIP_ID=DUCFAWGUMKW;TIP=0.213663;ROOT_ID=BOSJBCSXMYZ;ROOT=21.3663;SPAN_ID=DXKQLYJYWBV;SPAN=16.185 
 GEOM;ID=NDDSSVUXPL;NAME=GO;TYPE=Wing;BMIN_X=41.04;BMIN_Y=0;BMIN_Z=-0.06945;BMAX_X=45.67;BMAX_Y=8.09;BMAX_Z=0.06945;SET_1=false;SET_2=true 
 PARM;GEOM_ID=NDDSSVUXPL;ID=PJEEKMNVQOC;NAME=Abs_Or_Relitive_flag;GROUP=XForm;VALUE=1 
 PARM;GEOM_ID=NDDSSVUXPL;ID=FYBAJPSSSGM;NAME=Last_Scale;GROUP=XForm;VALUE=1 
 PARM;GEOM_ID=NDDSSVUXPL;ID=FRKHCYYVSBE;NAME=Origin;GROUP=XForm;VALUE=0 
 PARM;GEOM_ID=NDDSSVUXPL;ID=UKYDIEQTEVZ;NAME=Scale;GROUP=XForm;VALUE=1 
 PARM;GEOM_ID=NDDSSVUXPL;ID=NZGTKOKXYCF;NAME=X_Location;GROUP=XForm;VALUE=41.04 
 PARM;GEOM_ID=NDDSSVUXPL;ID=PGBFSIUFHOJ;NAME=X_Rel_Location;GROUP=XForm;VALUE=41.04 
 PARM;GEOM_ID=NDDSSVUXPL;ID=RMERDHBFFZM;NAME=X_Rel_Rotation;GROUP=XForm;VALUE=0 
 PARM;GEOM_ID=NDDSSVUXPL;ID=VUNNCHETTXD;NAME=X_Rotation;GROUP=XForm;VALUE=0 
 PARM;GEOM_ID=NDDSSVUXPL;ID=ILBGPTAGHPV;NAME=Y_Location;GROUP=XForm;VALUE=0 
 PARM;GEOM_ID=NDDSSVUXPL;ID=IOHULEFXDWZ;NAME=Y_Rel_Location;GROUP=XForm;VALUE=0 
 PARM;GEOM_ID=NDDSSVUXPL;ID=FUXGVIJOJUW;NAME=Y_Rel_Rotation;GROUP=XForm;VALUE=0 
 PARM;GEOM_ID=NDDSSVUXPL;ID=ACYNLMWHROR;NAME=Y_Rotation;GROUP=XForm;VALUE=0 
 PARM;GEOM_ID=NDDSSVUXPL;ID=IYCGZFPAFDP;NAME=Z_Location;GROUP=XForm;VALUE=0 
 PARM;GEOM_ID=NDDSSVUXPL;ID=ZSNHTTLPMAB;NAME=Z_Rel_Location;GROUP=XForm;VALUE=0 
 PARM;GEOM_ID=NDDSSVUXPL;ID=YOHQOZBEOTB;NAME=Z_Rel_Rotation;GROUP=XForm;VALUE=0 
 PARM;GEOM_ID=NDDSSVUXPL;ID=YJZQEPMWUBV;NAME=Z_Rotation;GROUP=XForm;VALUE=0 
 PARM;GEOM_ID=NDDSSVUXPL;ID=XJUIUKDAFHC;NAME=Sym_Ancestor;GROUP=Sym;VALUE=1 
 PARM;GEOM_ID=NDDSSVUXPL;ID=DNSYGCELAWK;NAME=Sym_Ancestor_Origin_Flag;GROUP=Sym;VALUE=1 
 PARM;GEOM_ID=NDDSSVUXPL;ID=IUPLBWYXUCG;NAME=Sym_Axial_Flag;GROUP=Sym;VALUE=0 
 PARM;GEOM_ID=NDDSSVUXPL;ID=GZTPXUQPEZE;NAME=Sym_Planar_Flag;GROUP=Sym;VALUE=2 
 PARM;GEOM_ID=NDDSSVUXPL;ID=ITHRYMCWFJR;NAME=Sym_Rot_N;GROUP=Sym;VALUE=2 
 PARM;GEOM_ID=NDDSSVUXPL;ID=MOQHUKKJQEV;NAME=Eta_Attach_Location;GROUP=Attach;VALUE=0 
 PARM;GEOM_ID=NDDSSVUXPL;ID=YFKOEELVZQI;NAME=L_01;GROUP=Attach;VALUE=1 
 PARM;GEOM_ID=NDDSSVUXPL;ID=PWTCNILNFYT;NAME=L_Attach_Location;GROUP=Attach;VALUE=0 
 PARM;GEOM_ID=NDDSSVUXPL;ID=NYAYADTLPYE;NAME=L_Attach_Location0Len;GROUP=Attach;VALUE=0 
 PARM;GEOM_ID=NDDSSVUXPL;ID=KSKAKHTHJXK;NAME=M_Attach_Location;GROUP=Attach;VALUE=0.5 
 PARM;GEOM_ID=NDDSSVUXPL;ID=AQLJKNZHHNM;NAME=N_Attach_Location;GROUP=Attach;VALUE=0.5 
 PARM;GEOM_ID=NDDSSVUXPL;ID=QAEJZMNYUOQ;NAME=R_01;GROUP=Attach;VALUE=1 
 PARM;GEOM_ID=NDDSSVUXPL;ID=FEKKPTETPTG;NAME=R_Attach_Location;GROUP=Attach;VALUE=0 
 PARM;GEOM_ID=NDDSSVUXPL;ID=KMFUJHTTGBR;NAME=R_Attach_Location0N;GROUP=Attach;VALUE=0 
 PARM;GEOM_ID=NDDSSVUXPL;ID=YABMAWKAZYH;NAME=Rots_Attach_Flag;GROUP=Attach;VALUE=0 
 PARM;GEOM_ID=NDDSSVUXPL;ID=ASXDZMURNTY;NAME=S_Attach_Location;GROUP=Attach;VALUE=0.5 
 PARM;GEOM_ID=NDDSSVUXPL;ID=XQNSHJAVLYT;NAME=T_Attach_Location;GROUP=Attach;VALUE=0.5 
 PARM;GEOM_ID=NDDSSVUXPL;ID=ERFPRFXRYQN;NAME=Trans_Attach_Flag;GROUP=Attach;VALUE=0 
 PARM;GEOM_ID=NDDSSVUXPL;ID=OQHSGGFBEWJ;NAME=U_01;GROUP=Attach;VALUE=1 
 PARM;GEOM_ID=NDDSSVUXPL;ID=ZRSJYWMXDXV;NAME=U_Attach_Location;GROUP=Attach;VALUE=0 
 PARM;GEOM_ID=NDDSSVUXPL;ID=IXXRYXMEXPM;NAME=U_Attach_Location0N;GROUP=Attach;VALUE=0 
 PARM;GEOM_ID=NDDSSVUXPL;ID=SVETLTUQIIB;NAME=V_Attach_Location;GROUP=Attach;VALUE=0 
 PARM;GEOM_ID=NDDSSVUXPL;ID=GZRZAWHHMCJ;NAME=Tess_U;GROUP=Shape;VALUE=24 
 PARM;GEOM_ID=NDDSSVUXPL;ID=KXUVIDFKEQK;NAME=Tess_W;GROUP=Shape;VALUE=81 
 PARM;GEOM_ID=NDDSSVUXPL;ID=ABENYZUIJIT;NAME=Wake;GROUP=Shape;VALUE=0 
 PARM;GEOM_ID=NDDSSVUXPL;ID=RRLWWMGMSLL;NAME=Negative_Volume_Flag;GROUP=Negative_Volume_Props;VALUE=0 
 PARM;GEOM_ID=NDDSSVUXPL;ID=FGLUPDFJMCW;NAME=WakeAngle;GROUP=WakeSettings;VALUE=0 
 PARM;GEOM_ID=NDDSSVUXPL;ID=QZMTNECJPIC;NAME=WakeScale;GROUP=WakeSettings;VALUE=2 
 PARM;GEOM_ID=NDDSSVUXPL;ID=APLXXIYPDVH;NAME=CGx;GROUP=Mass_Props;VALUE=0 
 PARM;GEOM_ID=NDDSSVUXPL;ID=JYWTNTNUKGB;NAME=CGy;GROUP=Mass_Props;VALUE=0 
 PARM;GEOM_ID=NDDSSVUXPL;ID=GUJILBNTCCM;NAME=CGz;GROUP=Mass_Props;VALUE=0 
 PARM;GEOM_ID=NDDSSVUXPL;ID=JVKNJYQREAD;NAME=Density;GROUP=Mass_Props;VALUE=1 
 PARM;GEOM_ID=NDDSSVUXPL;ID=YEPZVCUTRBC;NAME=Ixx;GROUP=Mass_Props;VALUE=0 
 PARM;GEOM_ID=NDDSSVUXPL;ID=TRFBJKEEPNE;NAME=Ixy;GROUP=Mass_Props;VALUE=0 
 PARM;GEOM_ID=NDDSSVUXPL;ID=MKJVVVCZZBN;NAME=Ixz;GROUP=Mass_Props;VALUE=0 
 PARM;GEOM_ID=NDDSSVUXPL;ID=GYYSCMMPNOM;NAME=Iyy;GROUP=Mass_Props;VALUE=0 
 PARM;GEOM_ID=NDDSSVUXPL;ID=OIPGEBHYVZD;NAME=Iyz;GROUP=Mass_Props;VALUE=0 
 PARM;GEOM_ID=NDDSSVUXPL;ID=JSVGCOWKVXC;NAME=Izz;GROUP=Mass_Props;VALUE=0 
 PARM;GEOM_ID=NDDSSVUXPL;ID=WGZLPBPRXLX;NAME=Mass_Area;GROUP=Mass_Props;VALUE=1 
 PARM;GEOM_ID=NDDSSVUXPL;ID=AGZGVIEWFDA;NAME=Mass_Prior;GROUP=Mass_Props;VALUE=0 
 PARM;GEOM_ID=NDDSSVUXPL;ID=WKDOTYDICPU;NAME=PointMass;GROUP=Mass_Props;VALUE=0 
 PARM;GEOM_ID=NDDSSVUXPL;ID=YIFQECMCZGL;NAME=Shell_Flag;GROUP=Mass_Props;VALUE=0 
 PARM;GEOM_ID=NDDSSVUXPL;ID=HGCNFYIPVBD;NAME=CorrectAirfoilthicknessFlag;GROUP=WingGeom;VALUE=1 
 PARM;GEOM_ID=NDDSSVUXPL;ID=PORATIMEPYO;NAME=CurvedArea;GROUP=WingGeom;VALUE=52.4232 
 PARM;GEOM_ID=NDDSSVUXPL;ID=ZNLSGRDRUAW;NAME=LECluster;GROUP=WingGeom;VALUE=0.25 
 PARM;GEOM_ID=NDDSSVUXPL;ID=GGVLGSLNORW;NAME=MAC;GROUP=WingGeom;VALUE=3.43878 
 PARM;GEOM_ID=NDDSSVUXPL;ID=CDJKJMTFZEM;NAME=MaxGrowth;GROUP=WingGeom;VALUE=1.16076 
 PARM;GEOM_ID=NDDSSVUXPL;ID=FUIVTLLQLMU;NAME=RelativeDihedralFlag;GROUP=WingGeom;VALUE=0 
 PARM;GEOM_ID=NDDSSVUXPL;ID=HVMXZXHMDRP;NAME=RelativeTwistFlag;GROUP=WingGeom;VALUE=0 
 PARM;GEOM_ID=NDDSSVUXPL;ID=FDJXDQKWAKZ;NAME=RotateAirfoilMatchDideralFlag;GROUP=WingGeom;VALUE=1 
 PARM;GEOM_ID=NDDSSVUXPL;ID=POLBGJVZOMZ;NAME=SmallPanelW;GROUP=WingGeom;VALUE=0.0124635 
 PARM;GEOM_ID=NDDSSVUXPL;ID=KBONUCDEXMV;NAME=TECluster;GROUP=WingGeom;VALUE=0.25 
 PARM;GEOM_ID=NDDSSVUXPL;ID=WHQJJMHFAQN;NAME=TotalAR;GROUP=WingGeom;VALUE=4.99383 
 PARM;GEOM_ID=NDDSSVUXPL;ID=PZWCOONFLXE;NAME=TotalArea;GROUP=WingGeom;VALUE=52.4232 
 PARM;GEOM_ID=NDDSSVUXPL;ID=CHGWVZCSPKX;NAME=TotalChord;GROUP=WingGeom;VALUE=3.24 
 PARM;GEOM_ID=NDDSSVUXPL;ID=WSYPRELBHAF;NAME=TotalProjectedSpan;GROUP=WingGeom;VALUE=16.18 
 PARM;GEOM_ID=NDDSSVUXPL;ID=ZZMXGZWBCHP;NAME=TotalSpan;GROUP=WingGeom;VALUE=16.18 
 PARM;GEOM_ID=NDDSSVUXPL;ID=YWQAGQLEQRK;NAME=TwistAllInXZPlaneFlag;GROUP=WingGeom;VALUE=0 
 PARM;GEOM_ID=NDDSSVUXPL;ID=SDUKFEPUBYA;NAME=X_Len;GROUP=BBox;VALUE=4.63 
 PARM;GEOM_ID=NDDSSVUXPL;ID=ZSENXWPPCIN;NAME=X_Min;GROUP=BBox;VALUE=41.04 
 PARM;GEOM_ID=NDDSSVUXPL;ID=QXYFOTPOQZP;NAME=Y_Len;GROUP=BBox;VALUE=16.18 
 PARM;GEOM_ID=NDDSSVUXPL;ID=TWVVGTPIUTG;NAME=Y_Min;GROUP=BBox;VALUE=-8.09 
 PARM;GEOM_ID=NDDSSVUXPL;ID=JGIDXGRDKCR;NAME=Z_Len;GROUP=BBox;VALUE=0.1389 
 PARM;GEOM_ID=NDDSSVUXPL;ID=KAOXJMHRSPH;NAME=Z_Min;GROUP=BBox;VALUE=-0.06945 
 PARM;GEOM_ID=NDDSSVUXPL;ID=LSRSXMCMGKT;NAME=CapUMaxLength;GROUP=EndCap;VALUE=1 
 PARM;GEOM_ID=NDDSSVUXPL;ID=HIVHBJRNRMM;NAME=CapUMaxOffset;GROUP=EndCap;VALUE=0 
 PARM;GEOM_ID=NDDSSVUXPL;ID=NPYCYSJCYYN;NAME=CapUMaxOption;GROUP=EndCap;VALUE=1 
 PARM;GEOM_ID=NDDSSVUXPL;ID=AVYCKCEYSTK;NAME=CapUMaxStrength;GROUP=EndCap;VALUE=0.5 
 PARM;GEOM_ID=NDDSSVUXPL;ID=DERBYYDBPYH;NAME=CapUMaxSweepFlag;GROUP=EndCap;VALUE=0 
 PARM;GEOM_ID=NDDSSVUXPL;ID=BYTFFBHEARV;NAME=CapUMinLength;GROUP=EndCap;VALUE=1 
 PARM;GEOM_ID=NDDSSVUXPL;ID=OHBPMJPDNED;NAME=CapUMinOffset;GROUP=EndCap;VALUE=0 
 PARM;GEOM_ID=NDDSSVUXPL;ID=WJGNKUBTTII;NAME=CapUMinOption;GROUP=EndCap;VALUE=1 
 PARM;GEOM_ID=NDDSSVUXPL;ID=QXSLLGRSXRE;NAME=CapUMinStrength;GROUP=EndCap;VALUE=0.5 
 PARM;GEOM_ID=NDDSSVUXPL;ID=EOAXOZKGKRB;NAME=CapUMinSweepFlag;GROUP=EndCap;VALUE=0 
 PARM;GEOM_ID=NDDSSVUXPL;ID=WAAERCVMFGA;NAME=CapUMinTess;GROUP=EndCap;VALUE=3 
 PARM;GEOM_ID=NDDSSVUXPL;ID=QQDQPKXOWWI;NAME=ExpandedList;GROUP=ParasiteDragProps;VALUE=0 
 PARM;GEOM_ID=NDDSSVUXPL;ID=UTSAZUWBRUY;NAME=FFBodyEqnType;GROUP=ParasiteDragProps;VALUE=3 
 PARM;GEOM_ID=NDDSSVUXPL;ID=VUWMNQPCAPE;NAME=FFUser;GROUP=ParasiteDragProps;VALUE=1 
 PARM;GEOM_ID=NDDSSVUXPL;ID=IEXBNOHQDXP;NAME=FFWingEqnType;GROUP=ParasiteDragProps;VALUE=3 
 PARM;GEOM_ID=NDDSSVUXPL;ID=PDBPCUUYLUW;NAME=IncorporatedGen;GROUP=ParasiteDragProps;VALUE=0 
 PARM;GEOM_ID=NDDSSVUXPL;ID=AIIDGBBQXLZ;NAME=PercLam;GROUP=ParasiteDragProps;VALUE=0 
 PARM;GEOM_ID=NDDSSVUXPL;ID=TLVMULQQUKQ;NAME=Q;GROUP=ParasiteDragProps;VALUE=1 
 PARM;GEOM_ID=NDDSSVUXPL;ID=KAOKVESXQLP;NAME=Roughness;GROUP=ParasiteDragProps;VALUE=0 
 PARM;GEOM_ID=NDDSSVUXPL;ID=SYTNBSURNDQ;NAME=TawTwRatio;GROUP=ParasiteDragProps;VALUE=1 
 PARM;GEOM_ID=NDDSSVUXPL;ID=WQYAUUMHRTU;NAME=TeTwRatio;GROUP=ParasiteDragProps;VALUE=1 
 PARM;GEOM_ID=NDDSSVUXPL;ID=KZQVWGKELRX;NAME=ActiveAirfoil;GROUP=Index;VALUE=1 
 PARM;GEOM_ID=NDDSSVUXPL;ID=XUDZPYGSQLT;NAME=ActiveXSec;GROUP=Index;VALUE=1 
 PARM;GEOM_ID=NDDSSVUXPL;ID=CZCZADSLOCH;NAME=Area;GROUP=XSec;VALUE=2.815 
 PARM;GEOM_ID=NDDSSVUXPL;ID=ELEYBXGPCKU;NAME=Aspect;GROUP=XSec;VALUE=0.35524 
 PARM;GEOM_ID=NDDSSVUXPL;ID=EBSKTENNSTW;NAME=Avg_Chord;GROUP=XSec;VALUE=2.815 
 PARM;GEOM_ID=NDDSSVUXPL;ID=QBOHVXTHIFQ;NAME=Dihedral;GROUP=XSec;VALUE=0 
 PARM;GEOM_ID=NDDSSVUXPL;ID=HNJAHJIWRVH;NAME=InCluster;GROUP=XSec;VALUE=1 
 PARM;GEOM_ID=NDDSSVUXPL;ID=XJRULOMDAJN;NAME=InLEDihedral;GROUP=XSec;VALUE=7.05408e-15 
 PARM;GEOM_ID=NDDSSVUXPL;ID=KPASOZHOAHN;NAME=InLEMode;GROUP=XSec;VALUE=0 
 PARM;GEOM_ID=NDDSSVUXPL;ID=VDAJXGKARQR;NAME=InLEStrength;GROUP=XSec;VALUE=1 
 PARM;GEOM_ID=NDDSSVUXPL;ID=EMSCLLXJOSL;NAME=InLESweep;GROUP=XSec;VALUE=5.9 
 PARM;GEOM_ID=NDDSSVUXPL;ID=PDYEFXWWWWO;NAME=InTEDihedral;GROUP=XSec;VALUE=-7.22259e-15 
 PARM;GEOM_ID=NDDSSVUXPL;ID=COKYOGXKIHO;NAME=InTEMode;GROUP=XSec;VALUE=0 
 PARM;GEOM_ID=NDDSSVUXPL;ID=ILHEIYHUESA;NAME=InTEStrength;GROUP=XSec;VALUE=1 
 PARM;GEOM_ID=NDDSSVUXPL;ID=SYUZZHKHZTN;NAME=InTESweep;GROUP=XSec;VALUE=-13.5117 
 PARM;GEOM_ID=NDDSSVUXPL;ID=WXZHKQVPMTC;NAME=OutCluster;GROUP=XSec;VALUE=1 
 PARM;GEOM_ID=NDDSSVUXPL;ID=ZXLRSJAHIWY;NAME=OutLEDihedral;GROUP=XSec;VALUE=-7.05408e-15 
 PARM;GEOM_ID=NDDSSVUXPL;ID=YTUTTAMXNFY;NAME=OutLEMode;GROUP=XSec;VALUE=0 
 PARM;GEOM_ID=NDDSSVUXPL;ID=FIBWGLNRRXX;NAME=OutLEStrength;GROUP=XSec;VALUE=1 
 PARM;GEOM_ID=NDDSSVUXPL;ID=MUCEYROVNUD;NAME=OutLESweep;GROUP=XSec;VALUE=5.9 
 PARM;GEOM_ID=NDDSSVUXPL;ID=TWSTKOWBFDR;NAME=OutTEDihedral;GROUP=XSec;VALUE=7.22259e-15 
 PARM;GEOM_ID=NDDSSVUXPL;ID=OJIXSVASRBQ;NAME=OutTEMode;GROUP=XSec;VALUE=0 
 PARM;GEOM_ID=NDDSSVUXPL;ID=YNPNHMRCCHP;NAME=OutTEStrength;GROUP=XSec;VALUE=1 
 PARM;GEOM_ID=NDDSSVUXPL;ID=SQXQRUOOHDF;NAME=OutTESweep;GROUP=XSec;VALUE=-13.5117 
 PARM;GEOM_ID=NDDSSVUXPL;ID=GDRNASMYOAW;NAME=ProjectedSpan;GROUP=XSec;VALUE=0 
 PARM;GEOM_ID=NDDSSVUXPL;ID=YJYQTXWFHZO;NAME=Root_Chord;GROUP=XSec;VALUE=1 
 PARM;GEOM_ID=NDDSSVUXPL;ID=DUSUVIARBNN;NAME=RotateMatchDideralFlag;GROUP=XSec;VALUE=0 
 PARM;GEOM_ID=NDDSSVUXPL;ID=ZZTEVTJBBHK;NAME=Sec_Sweep;GROUP=XSec;VALUE=74.5981 
 PARM;GEOM_ID=NDDSSVUXPL;ID=NBUDALVGHZJ;NAME=Sec_Sweep_Location;GROUP=XSec;VALUE=1 
 PARM;GEOM_ID=NDDSSVUXPL;ID=QKUKYVLIUSL;NAME=SectTess_U;GROUP=XSec;VALUE=18 
 PARM;GEOM_ID=NDDSSVUXPL;ID=PQFTXBQXMKW;NAME=Span;GROUP=XSec;VALUE=1 
 PARM;GEOM_ID=NDDSSVUXPL;ID=ZSKWPWDINZM;NAME=Sweep;GROUP=XSec;VALUE=0 
 PARM;GEOM_ID=NDDSSVUXPL;ID=FGTMSBTNRQH;NAME=Sweep_Location;GROUP=XSec;VALUE=0 
 PARM;GEOM_ID=NDDSSVUXPL;ID=NXKNOXHBCIC;NAME=Taper;GROUP=XSec;VALUE=4.63 
 PARM;GEOM_ID=NDDSSVUXPL;ID=YBOKDTFYFMI;NAME=Tip_Chord;GROUP=XSec;VALUE=4.63 
 PARM;GEOM_ID=NDDSSVUXPL;ID=XUJTXGQKJMG;NAME=Twist;GROUP=XSec;VALUE=0 
 PARM;GEOM_ID=NDDSSVUXPL;ID=DMOQTZELVGS;NAME=TwistInXZPlaneFlag;GROUP=XSec;VALUE=0 
 PARM;GEOM_ID=NDDSSVUXPL;ID=CJPQMZJIZOT;NAME=Twist_Location;GROUP=XSec;VALUE=0.25 
 PARM;GEOM_ID=NDDSSVUXPL;ID=OWWRDPYTPLR;NAME=Area;GROUP=XSecCurve;VALUE=0.428738 
 PARM;GEOM_ID=NDDSSVUXPL;ID=TVAZHXEIGRA;NAME=Chord;GROUP=XSecCurve;VALUE=4.63 
 PARM;GEOM_ID=NDDSSVUXPL;ID=YZHGVWGZETA;NAME=DeltaX;GROUP=XSecCurve;VALUE=0 
 PARM;GEOM_ID=NDDSSVUXPL;ID=GZLUVMZFIOW;NAME=DeltaY;GROUP=XSecCurve;VALUE=0 
 PARM;GEOM_ID=NDDSSVUXPL;ID=MBTZGTMRFEY;NAME=FitDegree;GROUP=XSecCurve;VALUE=7 
 PARM;GEOM_ID=NDDSSVUXPL;ID=VFLVGGGNDKQ;NAME=HWRatio;GROUP=XSecCurve;VALUE=0.03 
 PARM;GEOM_ID=NDDSSVUXPL;ID=XHAOMHLFYFL;NAME=Invert;GROUP=XSecCurve;VALUE=0 
 PARM;GEOM_ID=NDDSSVUXPL;ID=CXVDCJOOCJE;NAME=Scale;GROUP=XSecCurve;VALUE=1 
 PARM;GEOM_ID=NDDSSVUXPL;ID=DMLCMTQVIGJ;NAME=ShiftLE;GROUP=XSecCurve;VALUE=0 
 PARM;GEOM_ID=NDDSSVUXPL;ID=SIVJMHFLGUI;NAME=Theta;GROUP=XSecCurve;VALUE=0 
 PARM;GEOM_ID=NDDSSVUXPL;ID=FEXRYLQTAAZ;NAME=ThickChord;GROUP=XSecCurve;VALUE=0.03 
 PARM;GEOM_ID=NDDSSVUXPL;ID=YVURHVEJEWX;NAME=LE_Cap_Length;GROUP=Cap;VALUE=1 
 PARM;GEOM_ID=NDDSSVUXPL;ID=VQPBQWSZLJG;NAME=LE_Cap_Offset;GROUP=Cap;VALUE=0 
 PARM;GEOM_ID=NDDSSVUXPL;ID=VAIRTMUFPES;NAME=LE_Cap_Strength;GROUP=Cap;VALUE=0.5 
 PARM;GEOM_ID=NDDSSVUXPL;ID=QXCWKHGBBDU;NAME=LE_Cap_Type;GROUP=Cap;VALUE=1 
 PARM;GEOM_ID=NDDSSVUXPL;ID=WXTMVYHMXXG;NAME=TE_Cap_Length;GROUP=Cap;VALUE=1 
 PARM;GEOM_ID=NDDSSVUXPL;ID=SKSHCWVTGLV;NAME=TE_Cap_Offset;GROUP=Cap;VALUE=0 
 PARM;GEOM_ID=NDDSSVUXPL;ID=RNPGLLMANKJ;NAME=TE_Cap_Strength;GROUP=Cap;VALUE=0.5 
 PARM;GEOM_ID=NDDSSVUXPL;ID=JZHTTOZEWMO;NAME=TE_Cap_Type;GROUP=Cap;VALUE=1 
 PARM;GEOM_ID=NDDSSVUXPL;ID=FSVMXTCIKQU;NAME=LE_Close_AbsRel;GROUP=Close;VALUE=0 
 PARM;GEOM_ID=NDDSSVUXPL;ID=YFFKHYQPYLZ;NAME=LE_Close_Thick;GROUP=Close;VALUE=0 
 PARM;GEOM_ID=NDDSSVUXPL;ID=GUIJOESVTJT;NAME=LE_Close_Thick_Chord;GROUP=Close;VALUE=0 
 PARM;GEOM_ID=NDDSSVUXPL;ID=NYQILQOTUJJ;NAME=LE_Close_Type;GROUP=Close;VALUE=0 
 PARM;GEOM_ID=NDDSSVUXPL;ID=AYNFCALRVYH;NAME=TE_Close_AbsRel;GROUP=Close;VALUE=0 
 PARM;GEOM_ID=NDDSSVUXPL;ID=BRBHRIPDSFE;NAME=TE_Close_Thick;GROUP=Close;VALUE=0 
 PARM;GEOM_ID=NDDSSVUXPL;ID=UWJVWSHUAAX;NAME=TE_Close_Thick_Chord;GROUP=Close;VALUE=0 
 PARM;GEOM_ID=NDDSSVUXPL;ID=SJDCUVAOEIE;NAME=TE_Close_Type;GROUP=Close;VALUE=0 
 PARM;GEOM_ID=NDDSSVUXPL;ID=UEAPWCDFJQN;NAME=LE_Trim_AbsRel;GROUP=Trim;VALUE=0 
 PARM;GEOM_ID=NDDSSVUXPL;ID=HWJQNNPDPVL;NAME=LE_Trim_Thick;GROUP=Trim;VALUE=0 
 PARM;GEOM_ID=NDDSSVUXPL;ID=PVARQNMTCEU;NAME=LE_Trim_Thick_Chord;GROUP=Trim;VALUE=0 
 PARM;GEOM_ID=NDDSSVUXPL;ID=LKTDCJLJAXL;NAME=LE_Trim_Type;GROUP=Trim;VALUE=0 
 PARM;GEOM_ID=NDDSSVUXPL;ID=OHAFLLVUWMP;NAME=LE_Trim_X;GROUP=Trim;VALUE=0 
 PARM;GEOM_ID=NDDSSVUXPL;ID=XRJSXXGJYOY;NAME=LE_Trim_X_Chord;GROUP=Trim;VALUE=0 
 PARM;GEOM_ID=NDDSSVUXPL;ID=TBTWTLFJWHH;NAME=TE_Trim_AbsRel;GROUP=Trim;VALUE=0 
 PARM;GEOM_ID=NDDSSVUXPL;ID=NKXSFUEQSOX;NAME=TE_Trim_Thick;GROUP=Trim;VALUE=0 
 PARM;GEOM_ID=NDDSSVUXPL;ID=JHIQZPPSRIP;NAME=TE_Trim_Thick_Chord;GROUP=Trim;VALUE=0 
 PARM;GEOM_ID=NDDSSVUXPL;ID=QTFEJKKOJXG;NAME=TE_Trim_Type;GROUP=Trim;VALUE=0 
 PARM;GEOM_ID=NDDSSVUXPL;ID=FRGLXTMFQWY;NAME=TE_Trim_X;GROUP=Trim;VALUE=0 
 PARM;GEOM_ID=NDDSSVUXPL;ID=MDGAJXHJNJM;NAME=TE_Trim_X_Chord;GROUP=Trim;VALUE=0 
 PARM;GEOM_ID=NDDSSVUXPL;ID=EDQFLNQYZKX;NAME=TE_Flap_DT;GROUP=Flap;VALUE=0 
 PARM;GEOM_ID=NDDSSVUXPL;ID=XFDCUDTXCLQ;NAME=TE_Flap_Deflection;GROUP=Flap;VALUE=0 
 PARM;GEOM_ID=NDDSSVUXPL;ID=DHYKLPNNTWG;NAME=TE_Flap_Flag;GROUP=Flap;VALUE=0 
 PARM;GEOM_ID=NDDSSVUXPL;ID=LXUDSXCXLTG;NAME=TE_Flap_T;GROUP=Flap;VALUE=0.2 
 PARM;GEOM_ID=NDDSSVUXPL;ID=GECXJHZQDIM;NAME=TE_Flap_Type;GROUP=Flap;VALUE=0 
 PARM;GEOM_ID=NDDSSVUXPL;ID=HCEJHFNVIJW;NAME=TE_Flap_X;GROUP=Flap;VALUE=0 
 PARM;GEOM_ID=NDDSSVUXPL;ID=JOKZPEMWBGA;NAME=TE_Flap_X_Chord;GROUP=Flap;VALUE=0.2 
 PARM;GEOM_ID=NDDSSVUXPL;ID=HBRJRVQMEZW;NAME=TE_Flap_Y_Frc;GROUP=Flap;VALUE=0.5 
 PARM;GEOM_ID=NDDSSVUXPL;ID=IXGPHPDPGPU;NAME=TE_Trim_AbsRel;GROUP=Flap;VALUE=1 
 PARM;GEOM_ID=NDDSSVUXPL;ID=HLWXLHBYYSQ;NAME=XSecFlipImageFlag;GROUP=XSecCurve_Background;VALUE=0 
 PARM;GEOM_ID=NDDSSVUXPL;ID=ALACRNSTQVG;NAME=XSecImageFlag;GROUP=XSecCurve_Background;VALUE=0 
 PARM;GEOM_ID=NDDSSVUXPL;ID=QOVLUXADIOW;NAME=XSecImageH;GROUP=XSecCurve_Background;VALUE=1 
 PARM;GEOM_ID=NDDSSVUXPL;ID=UUAKGCOTZGW;NAME=XSecImagePreserveAR;GROUP=XSecCurve_Background;VALUE=1 
 PARM;GEOM_ID=NDDSSVUXPL;ID=IQQZUFBIHDJ;NAME=XSecImageW;GROUP=XSecCurve_Background;VALUE=1 
 PARM;GEOM_ID=NDDSSVUXPL;ID=OFJYQKYJOQX;NAME=XSecImageXOffset;GROUP=XSecCurve_Background;VALUE=0 
 PARM;GEOM_ID=NDDSSVUXPL;ID=VVWXTCZCYFK;NAME=XSecImageYOffset;GROUP=XSecCurve_Background;VALUE=0 
 PARM;GEOM_ID=NDDSSVUXPL;ID=KTEJVZFPNYM;NAME=XSecLockImageFlag;GROUP=XSecCurve_Background;VALUE=0 
 PARM;GEOM_ID=NDDSSVUXPL;ID=LDEPGJYRITF;NAME=AllSym;GROUP=Chevron;VALUE=1 
 PARM;GEOM_ID=NDDSSVUXPL;ID=CBBKHWRWNLP;NAME=BottomAmplitude;GROUP=Chevron;VALUE=1 
 PARM;GEOM_ID=NDDSSVUXPL;ID=AKOBCQZQFBP;NAME=Bottom_Angle;GROUP=Chevron;VALUE=0 
 PARM;GEOM_ID=NDDSSVUXPL;ID=EXRTIFAMTSP;NAME=Bottom_Slew;GROUP=Chevron;VALUE=0 
 PARM;GEOM_ID=NDDSSVUXPL;ID=DWIXVZSLQJJ;NAME=Chevron_Type;GROUP=Chevron;VALUE=0 
 PARM;GEOM_ID=NDDSSVUXPL;ID=AUSTBZJTROP;NAME=LeftAmplitude;GROUP=Chevron;VALUE=1 
 PARM;GEOM_ID=NDDSSVUXPL;ID=ETCWCTJJQQT;NAME=Left_Angle;GROUP=Chevron;VALUE=0 
 PARM;GEOM_ID=NDDSSVUXPL;ID=DSFHVGWKQHL;NAME=Left_Slew;GROUP=Chevron;VALUE=0 
 PARM;GEOM_ID=NDDSSVUXPL;ID=NZBKXMJYKZQ;NAME=Number;GROUP=Chevron;VALUE=8 
 PARM;GEOM_ID=NDDSSVUXPL;ID=ZFKYLXONYMQ;NAME=Off_Duty;GROUP=Chevron;VALUE=0 
 PARM;GEOM_ID=NDDSSVUXPL;ID=BQZBNNEMBIK;NAME=On_Duty;GROUP=Chevron;VALUE=0 
 PARM;GEOM_ID=NDDSSVUXPL;ID=ILGZKSBOGIS;NAME=Peak_Radius;GROUP=Chevron;VALUE=0 
 PARM;GEOM_ID=NDDSSVUXPL;ID=NHYKHMCSTKL;NAME=RLSym;GROUP=Chevron;VALUE=1 
 PARM;GEOM_ID=NDDSSVUXPL;ID=HDHPGWDYFWR;NAME=RightAmplitude;GROUP=Chevron;VALUE=1 
 PARM;GEOM_ID=NDDSSVUXPL;ID=CSJQNZDRGKZ;NAME=Right_Angle;GROUP=Chevron;VALUE=0 
 PARM;GEOM_ID=NDDSSVUXPL;ID=QCWMGDKZXZZ;NAME=Right_Slew;GROUP=Chevron;VALUE=0 
 PARM;GEOM_ID=NDDSSVUXPL;ID=AGZVFRGNYKX;NAME=TBSym;GROUP=Chevron;VALUE=1 
 PARM;GEOM_ID=NDDSSVUXPL;ID=XQYTEJGXQNI;NAME=TopAmplitude;GROUP=Chevron;VALUE=1 
 PARM;GEOM_ID=NDDSSVUXPL;ID=GKHMTOIQNTS;NAME=Top_Angle;GROUP=Chevron;VALUE=0 
 PARM;GEOM_ID=NDDSSVUXPL;ID=MUUAYEKEPEL;NAME=Top_Slew;GROUP=Chevron;VALUE=0 
 PARM;GEOM_ID=NDDSSVUXPL;ID=IABODPNJIOG;NAME=Valley_Radius;GROUP=Chevron;VALUE=0 
 PARM;GEOM_ID=NDDSSVUXPL;ID=XXUQLWYDDNT;NAME=W01_Center;GROUP=Chevron;VALUE=0.25 
 PARM;GEOM_ID=NDDSSVUXPL;ID=GAMWGEXVEIR;NAME=W01_Center_Guide;GROUP=Chevron;VALUE=5 
 PARM;GEOM_ID=NDDSSVUXPL;ID=WFTNGEJGWXP;NAME=W01_End;GROUP=Chevron;VALUE=0.5 
 PARM;GEOM_ID=NDDSSVUXPL;ID=UKFDQQYLAZS;NAME=W01_End_Guide;GROUP=Chevron;VALUE=5 
 PARM;GEOM_ID=NDDSSVUXPL;ID=WCVYKRYQGYY;NAME=W01_Mode;GROUP=Chevron;VALUE=0 
 PARM;GEOM_ID=NDDSSVUXPL;ID=PVCJOKLDQHN;NAME=W01_Start;GROUP=Chevron;VALUE=0 
 PARM;GEOM_ID=NDDSSVUXPL;ID=CBLKBZWPOYK;NAME=W01_Start_Guide;GROUP=Chevron;VALUE=5 
 PARM;GEOM_ID=NDDSSVUXPL;ID=BMLWCMBELFT;NAME=W01_Width;GROUP=Chevron;VALUE=0.5 
 PARM;GEOM_ID=NDDSSVUXPL;ID=NZKFHGKUIAN;NAME=Area;GROUP=XSec;VALUE=26.2116 
 PARM;GEOM_ID=NDDSSVUXPL;ID=XPNBFJJJBLW;NAME=Aspect;GROUP=XSec;VALUE=2.49691 
 PARM;GEOM_ID=NDDSSVUXPL;ID=TBLJSVGCCOL;NAME=Avg_Chord;GROUP=XSec;VALUE=3.24 
 PARM;GEOM_ID=NDDSSVUXPL;ID=ZURDZOYQVCR;NAME=Dihedral;GROUP=XSec;VALUE=0 
 PARM;GEOM_ID=NDDSSVUXPL;ID=YPOFERIOSBY;NAME=InCluster;GROUP=XSec;VALUE=1 
 PARM;GEOM_ID=NDDSSVUXPL;ID=APAWMSUCLNG;NAME=InLEDihedral;GROUP=XSec;VALUE=7.05408e-15 
 PARM;GEOM_ID=NDDSSVUXPL;ID=GKACURXEASX;NAME=InLEMode;GROUP=XSec;VALUE=0 
 PARM;GEOM_ID=NDDSSVUXPL;ID=IRBDKNDFITP;NAME=InLEStrength;GROUP=XSec;VALUE=1 
 PARM;GEOM_ID=NDDSSVUXPL;ID=MKNBLSDXRVT;NAME=InLESweep;GROUP=XSec;VALUE=5.9 
 PARM;GEOM_ID=NDDSSVUXPL;ID=SNQIPAWWAEJ;NAME=InTEDihedral;GROUP=XSec;VALUE=-7.22259e-15 
 PARM;GEOM_ID=NDDSSVUXPL;ID=ECPNFJDXWNY;NAME=InTEMode;GROUP=XSec;VALUE=0 
 PARM;GEOM_ID=NDDSSVUXPL;ID=TMBOZFNFCCL;NAME=InTEStrength;GROUP=XSec;VALUE=1 
 PARM;GEOM_ID=NDDSSVUXPL;ID=UYTIOMYMBBP;NAME=InTESweep;GROUP=XSec;VALUE=-13.5117 
 PARM;GEOM_ID=NDDSSVUXPL;ID=TJTMMMEGUWU;NAME=OutCluster;GROUP=XSec;VALUE=1 
 PARM;GEOM_ID=NDDSSVUXPL;ID=XBQMLLCCOCH;NAME=OutLEDihedral;GROUP=XSec;VALUE=-7.05408e-15 
 PARM;GEOM_ID=NDDSSVUXPL;ID=VONQPYPFNHZ;NAME=OutLEMode;GROUP=XSec;VALUE=0 
 PARM;GEOM_ID=NDDSSVUXPL;ID=CGBWMNBQTFL;NAME=OutLEStrength;GROUP=XSec;VALUE=1 
 PARM;GEOM_ID=NDDSSVUXPL;ID=XALGCBHHDHH;NAME=OutLESweep;GROUP=XSec;VALUE=5.9 
 PARM;GEOM_ID=NDDSSVUXPL;ID=HMHTKBVIWTG;NAME=OutTEDihedral;GROUP=XSec;VALUE=7.22259e-15 
 PARM;GEOM_ID=NDDSSVUXPL;ID=ANXKZAMOWSN;NAME=OutTEMode;GROUP=XSec;VALUE=0 
 PARM;GEOM_ID=NDDSSVUXPL;ID=YTMAVMKHERX;NAME=OutTEStrength;GROUP=XSec;VALUE=1 
 PARM;GEOM_ID=NDDSSVUXPL;ID=PPGHLLKWORU;NAME=OutTESweep;GROUP=XSec;VALUE=-13.5117 
 PARM;GEOM_ID=NDDSSVUXPL;ID=GSUPXTCUUEO;NAME=ProjectedSpan;GROUP=XSec;VALUE=8.09 
 PARM;GEOM_ID=NDDSSVUXPL;ID=OSPORIJPGGV;NAME=Root_Chord;GROUP=XSec;VALUE=4.63 
 PARM;GEOM_ID=NDDSSVUXPL;ID=BQJSRZESVDC;NAME=RotateMatchDideralFlag;GROUP=XSec;VALUE=0 
 PARM;GEOM_ID=NDDSSVUXPL;ID=VUWZRSZRRHP;NAME=Sec_Sweep;GROUP=XSec;VALUE=-13.5117 
 PARM;GEOM_ID=NDDSSVUXPL;ID=OLRSGPRCZXC;NAME=Sec_Sweep_Location;GROUP=XSec;VALUE=1 
 PARM;GEOM_ID=NDDSSVUXPL;ID=OMIDEJUPRFZ;NAME=SectTess_U;GROUP=XSec;VALUE=18 
 PARM;GEOM_ID=NDDSSVUXPL;ID=YJUOIQODUVA;NAME=Span;GROUP=XSec;VALUE=8.09 
 PARM;GEOM_ID=NDDSSVUXPL;ID=OKBKHCPUGTN;NAME=Sweep;GROUP=XSec;VALUE=5.9 
 PARM;GEOM_ID=NDDSSVUXPL;ID=DURXNPZSXAH;NAME=Sweep_Location;GROUP=XSec;VALUE=0 
 PARM;GEOM_ID=NDDSSVUXPL;ID=EWUZCPYRDWT;NAME=Taper;GROUP=XSec;VALUE=0.399568 
 PARM;GEOM_ID=NDDSSVUXPL;ID=UBFWJZSECBZ;NAME=Tip_Chord;GROUP=XSec;VALUE=1.85 
 PARM;GEOM_ID=NDDSSVUXPL;ID=JJLXUTEGSHZ;NAME=Twist;GROUP=XSec;VALUE=0 
 PARM;GEOM_ID=NDDSSVUXPL;ID=MIAEYNCJSGZ;NAME=TwistInXZPlaneFlag;GROUP=XSec;VALUE=0 
 PARM;GEOM_ID=NDDSSVUXPL;ID=JZEGXZDGSYL;NAME=Twist_Location;GROUP=XSec;VALUE=0.25 
 PARM;GEOM_ID=NDDSSVUXPL;ID=YHMZMDGQMVH;NAME=Area;GROUP=XSecCurve;VALUE=0.06845 
 PARM;GEOM_ID=NDDSSVUXPL;ID=MWMIOYQZFYL;NAME=Chord;GROUP=XSecCurve;VALUE=1.85 
 PARM;GEOM_ID=NDDSSVUXPL;ID=LDTJHWVFKHA;NAME=DeltaX;GROUP=XSecCurve;VALUE=0 
 PARM;GEOM_ID=NDDSSVUXPL;ID=EDMTOOMKMNP;NAME=DeltaY;GROUP=XSecCurve;VALUE=0 
 PARM;GEOM_ID=NDDSSVUXPL;ID=BTNEMDJYIFH;NAME=FitDegree;GROUP=XSecCurve;VALUE=7 
 PARM;GEOM_ID=NDDSSVUXPL;ID=ORQVVZEKPSP;NAME=HWRatio;GROUP=XSecCurve;VALUE=0.03 
 PARM;GEOM_ID=NDDSSVUXPL;ID=LYJUGIMNJGD;NAME=Invert;GROUP=XSecCurve;VALUE=0 
 PARM;GEOM_ID=NDDSSVUXPL;ID=PMCYBCTXETH;NAME=Scale;GROUP=XSecCurve;VALUE=1 
 PARM;GEOM_ID=NDDSSVUXPL;ID=PSFTFGEVIVP;NAME=ShiftLE;GROUP=XSecCurve;VALUE=0 
 PARM;GEOM_ID=NDDSSVUXPL;ID=NHQBWPASYIW;NAME=Theta;GROUP=XSecCurve;VALUE=0 
 PARM;GEOM_ID=NDDSSVUXPL;ID=ISMKYWOCZGQ;NAME=ThickChord;GROUP=XSecCurve;VALUE=0.03 
 PARM;GEOM_ID=NDDSSVUXPL;ID=KERSPZQKHNK;NAME=LE_Cap_Length;GROUP=Cap;VALUE=1 
 PARM;GEOM_ID=NDDSSVUXPL;ID=LCPUGXLYLQW;NAME=LE_Cap_Offset;GROUP=Cap;VALUE=0 
 PARM;GEOM_ID=NDDSSVUXPL;ID=HLQNIXBDGAD;NAME=LE_Cap_Strength;GROUP=Cap;VALUE=0.5 
 PARM;GEOM_ID=NDDSSVUXPL;ID=XBKUJINYWHG;NAME=LE_Cap_Type;GROUP=Cap;VALUE=1 
 PARM;GEOM_ID=NDDSSVUXPL;ID=WBBQQVSKNJI;NAME=TE_Cap_Length;GROUP=Cap;VALUE=1 
 PARM;GEOM_ID=NDDSSVUXPL;ID=QPLKSDIJXUY;NAME=TE_Cap_Offset;GROUP=Cap;VALUE=0 
 PARM;GEOM_ID=NDDSSVUXPL;ID=WIKYLWFFHAA;NAME=TE_Cap_Strength;GROUP=Cap;VALUE=0.5 
 PARM;GEOM_ID=NDDSSVUXPL;ID=YRAYTVIVPNX;NAME=TE_Cap_Type;GROUP=Cap;VALUE=1 
 PARM;GEOM_ID=NDDSSVUXPL;ID=HFLOITZLWXS;NAME=LE_Close_AbsRel;GROUP=Close;VALUE=0 
 PARM;GEOM_ID=NDDSSVUXPL;ID=ZUODILDKRNG;NAME=LE_Close_Thick;GROUP=Close;VALUE=0 
 PARM;GEOM_ID=NDDSSVUXPL;ID=YFAESDQXTDO;NAME=LE_Close_Thick_Chord;GROUP=Close;VALUE=0 
 PARM;GEOM_ID=NDDSSVUXPL;ID=JUSJDHLJFMZ;NAME=LE_Close_Type;GROUP=Close;VALUE=0 
 PARM;GEOM_ID=NDDSSVUXPL;ID=VXCYPGBJXIL;NAME=TE_Close_AbsRel;GROUP=Close;VALUE=0 
 PARM;GEOM_ID=NDDSSVUXPL;ID=QGHBTXOLDFK;NAME=TE_Close_Thick;GROUP=Close;VALUE=0 
 PARM;GEOM_ID=NDDSSVUXPL;ID=VPAUPYZLKSS;NAME=TE_Close_Thick_Chord;GROUP=Close;VALUE=0 
 PARM;GEOM_ID=NDDSSVUXPL;ID=LIEGKEAWSBL;NAME=TE_Close_Type;GROUP=Close;VALUE=0 
 PARM;GEOM_ID=NDDSSVUXPL;ID=UUUUWMRAUQY;NAME=LE_Trim_AbsRel;GROUP=Trim;VALUE=0 
 PARM;GEOM_ID=NDDSSVUXPL;ID=HQZQUNEBTOM;NAME=LE_Trim_Thick;GROUP=Trim;VALUE=0 
 PARM;GEOM_ID=NDDSSVUXPL;ID=SDWZBSYOSKC;NAME=LE_Trim_Thick_Chord;GROUP=Trim;VALUE=0 
 PARM;GEOM_ID=NDDSSVUXPL;ID=KFMWJCFEOWI;NAME=LE_Trim_Type;GROUP=Trim;VALUE=0 
 PARM;GEOM_ID=NDDSSVUXPL;ID=CFLMNDSVPXO;NAME=LE_Trim_X;GROUP=Trim;VALUE=0 
 PARM;GEOM_ID=NDDSSVUXPL;ID=HFQCFXHMRKU;NAME=LE_Trim_X_Chord;GROUP=Trim;VALUE=0 
 PARM;GEOM_ID=NDDSSVUXPL;ID=QEDUYTOBYPS;NAME=TE_Trim_AbsRel;GROUP=Trim;VALUE=0 
 PARM;GEOM_ID=NDDSSVUXPL;ID=ENHBAGSVAFC;NAME=TE_Trim_Thick;GROUP=Trim;VALUE=0 
 PARM;GEOM_ID=NDDSSVUXPL;ID=KRBXCICSCXO;NAME=TE_Trim_Thick_Chord;GROUP=Trim;VALUE=0 
 PARM;GEOM_ID=NDDSSVUXPL;ID=YSKIFXQLNYV;NAME=TE_Trim_Type;GROUP=Trim;VALUE=0 
 PARM;GEOM_ID=NDDSSVUXPL;ID=RMTEIEECFAP;NAME=TE_Trim_X;GROUP=Trim;VALUE=0 
 PARM;GEOM_ID=NDDSSVUXPL;ID=MEAYYTYQDDZ;NAME=TE_Trim_X_Chord;GROUP=Trim;VALUE=0 
 PARM;GEOM_ID=NDDSSVUXPL;ID=WUYTXKXJKKQ;NAME=TE_Flap_DT;GROUP=Flap;VALUE=0 
 PARM;GEOM_ID=NDDSSVUXPL;ID=BBELPBJUWAV;NAME=TE_Flap_Deflection;GROUP=Flap;VALUE=0 
 PARM;GEOM_ID=NDDSSVUXPL;ID=MKKPKKJEDJW;NAME=TE_Flap_Flag;GROUP=Flap;VALUE=0 
 PARM;GEOM_ID=NDDSSVUXPL;ID=TXGTVFLHETW;NAME=TE_Flap_T;GROUP=Flap;VALUE=0.2 
 PARM;GEOM_ID=NDDSSVUXPL;ID=SOFTVXGMLJG;NAME=TE_Flap_Type;GROUP=Flap;VALUE=0 
 PARM;GEOM_ID=NDDSSVUXPL;ID=GABEMRJTCOR;NAME=TE_Flap_X;GROUP=Flap;VALUE=0 
 PARM;GEOM_ID=NDDSSVUXPL;ID=LGSFXTOVLNT;NAME=TE_Flap_X_Chord;GROUP=Flap;VALUE=0.2 
 PARM;GEOM_ID=NDDSSVUXPL;ID=AVVNFAKSCTB;NAME=TE_Flap_Y_Frc;GROUP=Flap;VALUE=0.5 
 PARM;GEOM_ID=NDDSSVUXPL;ID=FQOWLCMHZZA;NAME=TE_Trim_AbsRel;GROUP=Flap;VALUE=1 
 PARM;GEOM_ID=NDDSSVUXPL;ID=QXSNPGCJIDX;NAME=XSecFlipImageFlag;GROUP=XSecCurve_Background;VALUE=0 
 PARM;GEOM_ID=NDDSSVUXPL;ID=SSSVALNMVCT;NAME=XSecImageFlag;GROUP=XSecCurve_Background;VALUE=0 
 PARM;GEOM_ID=NDDSSVUXPL;ID=WSBMPBDMVUC;NAME=XSecImageH;GROUP=XSecCurve_Background;VALUE=1 
 PARM;GEOM_ID=NDDSSVUXPL;ID=LREKCHZEHKC;NAME=XSecImagePreserveAR;GROUP=XSecCurve_Background;VALUE=1 
 PARM;GEOM_ID=NDDSSVUXPL;ID=JKXIRMBCTYP;NAME=XSecImageW;GROUP=XSecCurve_Background;VALUE=1 
 PARM;GEOM_ID=NDDSSVUXPL;ID=HDXYUSMLFGG;NAME=XSecImageXOffset;GROUP=XSecCurve_Background;VALUE=0 
 PARM;GEOM_ID=NDDSSVUXPL;ID=MFAEOUVBTES;NAME=XSecImageYOffset;GROUP=XSecCurve_Background;VALUE=0 
 PARM;GEOM_ID=NDDSSVUXPL;ID=NMBPTBVPPGA;NAME=XSecLockImageFlag;GROUP=XSecCurve_Background;VALUE=0 
 PARM;GEOM_ID=NDDSSVUXPL;ID=CJDYMGPSMVP;NAME=AllSym;GROUP=Chevron;VALUE=1 
 PARM;GEOM_ID=NDDSSVUXPL;ID=ZFEFVNOWLMZ;NAME=BottomAmplitude;GROUP=Chevron;VALUE=1 
 PARM;GEOM_ID=NDDSSVUXPL;ID=YCWIINRGILT;NAME=Bottom_Angle;GROUP=Chevron;VALUE=0 
 PARM;GEOM_ID=NDDSSVUXPL;ID=SLJXYNERFPL;NAME=Bottom_Slew;GROUP=Chevron;VALUE=0 
 PARM;GEOM_ID=NDDSSVUXPL;ID=QWDCQKAOEFG;NAME=Chevron_Type;GROUP=Chevron;VALUE=0 
 PARM;GEOM_ID=NDDSSVUXPL;ID=ABNVTLIYUXX;NAME=LeftAmplitude;GROUP=Chevron;VALUE=1 
 PARM;GEOM_ID=NDDSSVUXPL;ID=TMSJRLPBDXV;NAME=Left_Angle;GROUP=Chevron;VALUE=0 
 PARM;GEOM_ID=NDDSSVUXPL;ID=VOFFJKFEWZU;NAME=Left_Slew;GROUP=Chevron;VALUE=0 
 PARM;GEOM_ID=NDDSSVUXPL;ID=JCMTUZMCAYP;NAME=Number;GROUP=Chevron;VALUE=8 
 PARM;GEOM_ID=NDDSSVUXPL;ID=WWVNTEOFOKV;NAME=Off_Duty;GROUP=Chevron;VALUE=0 
 PARM;GEOM_ID=NDDSSVUXPL;ID=SCOUNOPATGW;NAME=On_Duty;GROUP=Chevron;VALUE=0 
 PARM;GEOM_ID=NDDSSVUXPL;ID=ERAKYLIUMEQ;NAME=Peak_Radius;GROUP=Chevron;VALUE=0 
 PARM;GEOM_ID=NDDSSVUXPL;ID=VEGBRNNSRXF;NAME=RLSym;GROUP=Chevron;VALUE=1 
 PARM;GEOM_ID=NDDSSVUXPL;ID=DBBGLJRQZJH;NAME=RightAmplitude;GROUP=Chevron;VALUE=1 
 PARM;GEOM_ID=NDDSSVUXPL;ID=HPPCMYTAKFE;NAME=Right_Angle;GROUP=Chevron;VALUE=0 
 PARM;GEOM_ID=NDDSSVUXPL;ID=KLKGEXLZHBU;NAME=Right_Slew;GROUP=Chevron;VALUE=0 
 PARM;GEOM_ID=NDDSSVUXPL;ID=ONACLSCCWGP;NAME=TBSym;GROUP=Chevron;VALUE=1 
 PARM;GEOM_ID=NDDSSVUXPL;ID=LKZAEPKZSCR;NAME=TopAmplitude;GROUP=Chevron;VALUE=1 
 PARM;GEOM_ID=NDDSSVUXPL;ID=NVZVVOIGJPN;NAME=Top_Angle;GROUP=Chevron;VALUE=0 
 PARM;GEOM_ID=NDDSSVUXPL;ID=RKILQAPHWSW;NAME=Top_Slew;GROUP=Chevron;VALUE=0 
 PARM;GEOM_ID=NDDSSVUXPL;ID=VVBJAHNVEFS;NAME=Valley_Radius;GROUP=Chevron;VALUE=0 
 PARM;GEOM_ID=NDDSSVUXPL;ID=RQOFEPUHHBQ;NAME=W01_Center;GROUP=Chevron;VALUE=0.25 
 PARM;GEOM_ID=NDDSSVUXPL;ID=OJVZURVKNZF;NAME=W01_Center_Guide;GROUP=Chevron;VALUE=5 
 PARM;GEOM_ID=NDDSSVUXPL;ID=SIHFQFOQMAF;NAME=W01_End;GROUP=Chevron;VALUE=0.5 
 PARM;GEOM_ID=NDDSSVUXPL;ID=UNCJLKEGMQO;NAME=W01_End_Guide;GROUP=Chevron;VALUE=5 
 PARM;GEOM_ID=NDDSSVUXPL;ID=PEPBZKQLWLQ;NAME=W01_Mode;GROUP=Chevron;VALUE=0 
 PARM;GEOM_ID=NDDSSVUXPL;ID=AKZCUPRRCMY;NAME=W01_Start;GROUP=Chevron;VALUE=0 
 PARM;GEOM_ID=NDDSSVUXPL;ID=BUATAUWJUHT;NAME=W01_Start_Guide;GROUP=Chevron;VALUE=5 
 PARM;GEOM_ID=NDDSSVUXPL;ID=KIHMJZXTMMV;NAME=W01_Width;GROUP=Chevron;VALUE=0.5 
 WING_TERMINAL;GEOM_ID=NDDSSVUXPL;XSEC_COUNT=2;TIP_ID=UBFWJZSECBZ;TIP=1.85;ROOT_ID=OSPORIJPGGV;ROOT=4.63;SPAN_ID=YJUOIQODUVA;SPAN=8.09 
 GEOM;ID=MKRWRTCFOU;NAME=VO_upper;TYPE=Wing;BMIN_X=35.9112;BMIN_Y=7.99119;BMIN_Z=1.92;BMAX_X=43.832;BMAX_Y=8.22881;BMAX_Z=5.82;SET_1=false;SET_2=true 
 PARM;GEOM_ID=MKRWRTCFOU;ID=LVMDRTLSPGM;NAME=Abs_Or_Relitive_flag;GROUP=XForm;VALUE=1 
 PARM;GEOM_ID=MKRWRTCFOU;ID=BNGLEROCXEH;NAME=Last_Scale;GROUP=XForm;VALUE=1 
 PARM;GEOM_ID=MKRWRTCFOU;ID=UQXKKEGHCSV;NAME=Origin;GROUP=XForm;VALUE=0 
 PARM;GEOM_ID=MKRWRTCFOU;ID=WLGRPMNECGY;NAME=Scale;GROUP=XForm;VALUE=1 
 PARM;GEOM_ID=MKRWRTCFOU;ID=JXIBIJGXXVF;NAME=X_Location;GROUP=XForm;VALUE=35.9112 
 PARM;GEOM_ID=MKRWRTCFOU;ID=HTHVFETZXYW;NAME=X_Rel_Location;GROUP=XForm;VALUE=35.9112 
 PARM;GEOM_ID=MKRWRTCFOU;ID=LLTKPRFSEOH;NAME=X_Rel_Rotation;GROUP=XForm;VALUE=90 
 PARM;GEOM_ID=MKRWRTCFOU;ID=NHBOOKJRCFW;NAME=X_Rotation;GROUP=XForm;VALUE=90 
 PARM;GEOM_ID=MKRWRTCFOU;ID=EFDRTOIEPAU;NAME=Y_Location;GROUP=XForm;VALUE=8.11 
 PARM;GEOM_ID=MKRWRTCFOU;ID=XSUAHMMTXNQ;NAME=Y_Rel_Location;GROUP=XForm;VALUE=8.11 
 PARM;GEOM_ID=MKRWRTCFOU;ID=UPIIRWNFYYJ;NAME=Y_Rel_Rotation;GROUP=XForm;VALUE=0 
 PARM;GEOM_ID=MKRWRTCFOU;ID=FKCZLPGKZJO;NAME=Y_Rotation;GROUP=XForm;VALUE=0 
 PARM;GEOM_ID=MKRWRTCFOU;ID=XCVBWORXTWC;NAME=Z_Location;GROUP=XForm;VALUE=1.92 
 PARM;GEOM_ID=MKRWRTCFOU;ID=JCPGIOAKQKK;NAME=Z_Rel_Location;GROUP=XForm;VALUE=1.92 
 PARM;GEOM_ID=MKRWRTCFOU;ID=JFULJMJHWAC;NAME=Z_Rel_Rotation;GROUP=XForm;VALUE=0 
 PARM;GEOM_ID=MKRWRTCFOU;ID=ITIRZSNJMRA;NAME=Z_Rotation;GROUP=XForm;VALUE=0 
 PARM;GEOM_ID=MKRWRTCFOU;ID=SMPBEXENJVH;NAME=Sym_Ancestor;GROUP=Sym;VALUE=1 
 PARM;GEOM_ID=MKRWRTCFOU;ID=ITXTTXWRLLT;NAME=Sym_Ancestor_Origin_Flag;GROUP=Sym;VALUE=1 
 PARM;GEOM_ID=MKRWRTCFOU;ID=UTZINTSKJJA;NAME=Sym_Axial_Flag;GROUP=Sym;VALUE=0 
 PARM;GEOM_ID=MKRWRTCFOU;ID=QQAVELDPDSU;NAME=Sym_Planar_Flag;GROUP=Sym;VALUE=2 
 PARM;GEOM_ID=MKRWRTCFOU;ID=MHFZBVZGMHG;NAME=Sym_Rot_N;GROUP=Sym;VALUE=2 
 PARM;GEOM_ID=MKRWRTCFOU;ID=IKNJULIEFSR;NAME=Eta_Attach_Location;GROUP=Attach;VALUE=0 
 PARM;GEOM_ID=MKRWRTCFOU;ID=ULJDRFELZAR;NAME=L_01;GROUP=Attach;VALUE=1 
 PARM;GEOM_ID=MKRWRTCFOU;ID=KNWDKVYRRYH;NAME=L_Attach_Location;GROUP=Attach;VALUE=0 
 PARM;GEOM_ID=MKRWRTCFOU;ID=ZFHBLKJRWKT;NAME=L_Attach_Location0Len;GROUP=Attach;VALUE=0 
 PARM;GEOM_ID=MKRWRTCFOU;ID=AIWFMGKAONY;NAME=M_Attach_Location;GROUP=Attach;VALUE=0.5 
 PARM;GEOM_ID=MKRWRTCFOU;ID=YWWWJEPRUAE;NAME=N_Attach_Location;GROUP=Attach;VALUE=0.5 
 PARM;GEOM_ID=MKRWRTCFOU;ID=CGSQXEFODEA;NAME=R_01;GROUP=Attach;VALUE=1 
 PARM;GEOM_ID=MKRWRTCFOU;ID=EUOMSFJBXYO;NAME=R_Attach_Location;GROUP=Attach;VALUE=0 
 PARM;GEOM_ID=MKRWRTCFOU;ID=ORUGELUPBUX;NAME=R_Attach_Location0N;GROUP=Attach;VALUE=0 
 PARM;GEOM_ID=MKRWRTCFOU;ID=RHFSENTEMWE;NAME=Rots_Attach_Flag;GROUP=Attach;VALUE=0 
 PARM;GEOM_ID=MKRWRTCFOU;ID=QWECIMFJBGB;NAME=S_Attach_Location;GROUP=Attach;VALUE=0.5 
 PARM;GEOM_ID=MKRWRTCFOU;ID=RFQRVZIRGGB;NAME=T_Attach_Location;GROUP=Attach;VALUE=0.5 
 PARM;GEOM_ID=MKRWRTCFOU;ID=FNYEOCFMZVT;NAME=Trans_Attach_Flag;GROUP=Attach;VALUE=0 
 PARM;GEOM_ID=MKRWRTCFOU;ID=THQGDMOHEFA;NAME=U_01;GROUP=Attach;VALUE=1 
 PARM;GEOM_ID=MKRWRTCFOU;ID=ZXKFFRIAOYN;NAME=U_Attach_Location;GROUP=Attach;VALUE=0 
 PARM;GEOM_ID=MKRWRTCFOU;ID=CJCGJXCHXUE;NAME=U_Attach_Location0N;GROUP=Attach;VALUE=0 
 PARM;GEOM_ID=MKRWRTCFOU;ID=VNACBAPQZIU;NAME=V_Attach_Location;GROUP=Attach;VALUE=0 
 PARM;GEOM_ID=MKRWRTCFOU;ID=XSIJVOIINEO;NAME=Tess_U;GROUP=Shape;VALUE=24 
 PARM;GEOM_ID=MKRWRTCFOU;ID=UJDKIZPHGXM;NAME=Tess_W;GROUP=Shape;VALUE=81 
 PARM;GEOM_ID=MKRWRTCFOU;ID=XZZPTZRDCAA;NAME=Wake;GROUP=Shape;VALUE=0 
 PARM;GEOM_ID=MKRWRTCFOU;ID=ECLVPADOMWN;NAME=Negative_Volume_Flag;GROUP=Negative_Volume_Props;VALUE=0 
 PARM;GEOM_ID=MKRWRTCFOU;ID=HLFXSUPGGOZ;NAME=WakeAngle;GROUP=WakeSettings;VALUE=0 
 PARM;GEOM_ID=MKRWRTCFOU;ID=DITGYFKDHEZ;NAME=WakeScale;GROUP=WakeSettings;VALUE=2 
 PARM;GEOM_ID=MKRWRTCFOU;ID=UKTZIXUDYRI;NAME=CGx;GROUP=Mass_Props;VALUE=0 
 PARM;GEOM_ID=MKRWRTCFOU;ID=XJFJEKCNNOT;NAME=CGy;GROUP=Mass_Props;VALUE=0 
 PARM;GEOM_ID=MKRWRTCFOU;ID=TAEVCDRYKVE;NAME=CGz;GROUP=Mass_Props;VALUE=0 
 PARM;GEOM_ID=MKRWRTCFOU;ID=OBLOUTHWUOG;NAME=Density;GROUP=Mass_Props;VALUE=1 
 PARM;GEOM_ID=MKRWRTCFOU;ID=YYURXKRVOQF;NAME=Ixx;GROUP=Mass_Props;VALUE=0 
 PARM;GEOM_ID=MKRWRTCFOU;ID=CFYQGBDLAOR;NAME=Ixy;GROUP=Mass_Props;VALUE=0 
 PARM;GEOM_ID=MKRWRTCFOU;ID=USBDUXXHRRA;NAME=Ixz;GROUP=Mass_Props;VALUE=0 
 PARM;GEOM_ID=MKRWRTCFOU;ID=MMJCRXJQJAA;NAME=Iyy;GROUP=Mass_Props;VALUE=0 
 PARM;GEOM_ID=MKRWRTCFOU;ID=GHXFXFGGXRD;NAME=Iyz;GROUP=Mass_Props;VALUE=0 
 PARM;GEOM_ID=MKRWRTCFOU;ID=AEDBIMGRYWR;NAME=Izz;GROUP=Mass_Props;VALUE=0 
 PARM;GEOM_ID=MKRWRTCFOU;ID=GCLLZOYDZBB;NAME=Mass_Area;GROUP=Mass_Props;VALUE=1 
 PARM;GEOM_ID=MKRWRTCFOU;ID=DNKUBRJUQKJ;NAME=Mass_Prior;GROUP=Mass_Props;VALUE=0 
 PARM;GEOM_ID=MKRWRTCFOU;ID=XKGZJMHIDMD;NAME=PointMass;GROUP=Mass_Props;VALUE=0 
 PARM;GEOM_ID=MKRWRTCFOU;ID=YSFLQTNTPEJ;NAME=Shell_Flag;GROUP=Mass_Props;VALUE=0 
 PARM;GEOM_ID=MKRWRTCFOU;ID=JBMIGOMYWQB;NAME=CorrectAirfoilthicknessFlag;GROUP=WingGeom;VALUE=1 
 PARM;GEOM_ID=MKRWRTCFOU;ID=AJEJZZEBQGB;NAME=CurvedArea;GROUP=WingGeom;VALUE=31.2 
 PARM;GEOM_ID=MKRWRTCFOU;ID=CNVXGTVARKJ;NAME=LECluster;GROUP=WingGeom;VALUE=0.25 
 PARM;GEOM_ID=MKRWRTCFOU;ID=BVRDTOMUCIZ;NAME=MAC;GROUP=WingGeom;VALUE=5.28105 
 PARM;GEOM_ID=MKRWRTCFOU;ID=ZIUDPQXFLPW;NAME=MaxGrowth;GROUP=WingGeom;VALUE=1.16076 
 PARM;GEOM_ID=MKRWRTCFOU;ID=QBVZZRRJJPI;NAME=RelativeDihedralFlag;GROUP=WingGeom;VALUE=0 
 PARM;GEOM_ID=MKRWRTCFOU;ID=PLXNLQXYGYU;NAME=RelativeTwistFlag;GROUP=WingGeom;VALUE=0 
 PARM;GEOM_ID=MKRWRTCFOU;ID=ICFIWTWJREI;NAME=RotateAirfoilMatchDideralFlag;GROUP=WingGeom;VALUE=1 
 PARM;GEOM_ID=MKRWRTCFOU;ID=ORJGUIYONJD;NAME=SmallPanelW;GROUP=WingGeom;VALUE=0.000534245 
 PARM;GEOM_ID=MKRWRTCFOU;ID=MQRACVCHJYY;NAME=TECluster;GROUP=WingGeom;VALUE=0.25 
 PARM;GEOM_ID=MKRWRTCFOU;ID=LSHZRIHFMZZ;NAME=TotalAR;GROUP=WingGeom;VALUE=1.95 
 PARM;GEOM_ID=MKRWRTCFOU;ID=AZAORPJRXSW;NAME=TotalArea;GROUP=WingGeom;VALUE=31.2 
 PARM;GEOM_ID=MKRWRTCFOU;ID=HFHKPTIMFZI;NAME=TotalChord;GROUP=WingGeom;VALUE=4 
 PARM;GEOM_ID=MKRWRTCFOU;ID=NKVJPUYFKGR;NAME=TotalProjectedSpan;GROUP=WingGeom;VALUE=7.8 
 PARM;GEOM_ID=MKRWRTCFOU;ID=NIPTXVJZWNU;NAME=TotalSpan;GROUP=WingGeom;VALUE=7.8 
 PARM;GEOM_ID=MKRWRTCFOU;ID=ZFMDIAZOHLQ;NAME=TwistAllInXZPlaneFlag;GROUP=WingGeom;VALUE=0 
 PARM;GEOM_ID=MKRWRTCFOU;ID=GSYIIRITLSK;NAME=X_Len;GROUP=BBox;VALUE=7.92079 
 PARM;GEOM_ID=MKRWRTCFOU;ID=BJHTWOOAHAI;NAME=X_Min;GROUP=BBox;VALUE=35.9112 
 PARM;GEOM_ID=MKRWRTCFOU;ID=EDYJFEJJXSJ;NAME=Y_Len;GROUP=BBox;VALUE=16.4576 
 PARM;GEOM_ID=MKRWRTCFOU;ID=WBAZSWBFXDV;NAME=Y_Min;GROUP=BBox;VALUE=-8.22881 
 PARM;GEOM_ID=MKRWRTCFOU;ID=HUYITKGYGXK;NAME=Z_Len;GROUP=BBox;VALUE=3.9 
 PARM;GEOM_ID=MKRWRTCFOU;ID=XGBORQWTOKK;NAME=Z_Min;GROUP=BBox;VALUE=1.92 
 PARM;GEOM_ID=MKRWRTCFOU;ID=CLDENDFAMBT;NAME=CapUMaxLength;GROUP=EndCap;VALUE=1 
 PARM;GEOM_ID=MKRWRTCFOU;ID=ZSKBAEYMLPZ;NAME=CapUMaxOffset;GROUP=EndCap;VALUE=0 
 PARM;GEOM_ID=MKRWRTCFOU;ID=OFCTVOWEPQM;NAME=CapUMaxOption;GROUP=EndCap;VALUE=1 
 PARM;GEOM_ID=MKRWRTCFOU;ID=XASGLJMECZL;NAME=CapUMaxStrength;GROUP=EndCap;VALUE=0.5 
 PARM;GEOM_ID=MKRWRTCFOU;ID=BYTXHYOQQFF;NAME=CapUMaxSweepFlag;GROUP=EndCap;VALUE=0 
 PARM;GEOM_ID=MKRWRTCFOU;ID=HUIFSLJUPWF;NAME=CapUMinLength;GROUP=EndCap;VALUE=1 
 PARM;GEOM_ID=MKRWRTCFOU;ID=KGKWBRMDSQE;NAME=CapUMinOffset;GROUP=EndCap;VALUE=0 
 PARM;GEOM_ID=MKRWRTCFOU;ID=QLKAMNXDWWJ;NAME=CapUMinOption;GROUP=EndCap;VALUE=1 
 PARM;GEOM_ID=MKRWRTCFOU;ID=WMJRQISCZKM;NAME=CapUMinStrength;GROUP=EndCap;VALUE=0.5 
 PARM;GEOM_ID=MKRWRTCFOU;ID=NRYKHZDRPQG;NAME=CapUMinSweepFlag;GROUP=EndCap;VALUE=0 
 PARM;GEOM_ID=MKRWRTCFOU;ID=DGGLHZRYQQO;NAME=CapUMinTess;GROUP=EndCap;VALUE=3 
 PARM;GEOM_ID=MKRWRTCFOU;ID=OEAPYAZZCOR;NAME=ExpandedList;GROUP=ParasiteDragProps;VALUE=0 
 PARM;GEOM_ID=MKRWRTCFOU;ID=CDAPCOFHOJI;NAME=FFBodyEqnType;GROUP=ParasiteDragProps;VALUE=3 
 PARM;GEOM_ID=MKRWRTCFOU;ID=PRUNBDBQTRY;NAME=FFUser;GROUP=ParasiteDragProps;VALUE=1 
 PARM;GEOM_ID=MKRWRTCFOU;ID=QUVJLTQTNWT;NAME=FFWingEqnType;GROUP=ParasiteDragProps;VALUE=3 
 PARM;GEOM_ID=MKRWRTCFOU;ID=KOWTXWGCDAJ;NAME=IncorporatedGen;GROUP=ParasiteDragProps;VALUE=0 
 PARM;GEOM_ID=MKRWRTCFOU;ID=FKBXLWMUIWV;NAME=PercLam;GROUP=ParasiteDragProps;VALUE=0 
 PARM;GEOM_ID=MKRWRTCFOU;ID=FTRXERFCVPI;NAME=Q;GROUP=ParasiteDragProps;VALUE=1 
 PARM;GEOM_ID=MKRWRTCFOU;ID=STVWSGHXLDH;NAME=Roughness;GROUP=ParasiteDragProps;VALUE=0 
 PARM;GEOM_ID=MKRWRTCFOU;ID=MWOVKAPDSSJ;NAME=TawTwRatio;GROUP=ParasiteDragProps;VALUE=1 
 PARM;GEOM_ID=MKRWRTCFOU;ID=VGMFEBFXSDM;NAME=TeTwRatio;GROUP=ParasiteDragProps;VALUE=1 
 PARM;GEOM_ID=MKRWRTCFOU;ID=PMWORGBVONB;NAME=ActiveAirfoil;GROUP=Index;VALUE=1 
 PARM;GEOM_ID=MKRWRTCFOU;ID=LFAGFMSRIBT;NAME=ActiveXSec;GROUP=Index;VALUE=1 
 PARM;GEOM_ID=MKRWRTCFOU;ID=VDUCMZRZXKM;NAME=Area;GROUP=XSec;VALUE=4.4604 
 PARM;GEOM_ID=MKRWRTCFOU;ID=BJQNGEDSEBF;NAME=Aspect;GROUP=XSec;VALUE=0.224195 
 PARM;GEOM_ID=MKRWRTCFOU;ID=CGDQCLZJMGJ;NAME=Avg_Chord;GROUP=XSec;VALUE=4.4604 
 PARM;GEOM_ID=MKRWRTCFOU;ID=IVXOPTMTCME;NAME=Dihedral;GROUP=XSec;VALUE=0 
 PARM;GEOM_ID=MKRWRTCFOU;ID=YMUFEZMXUCV;NAME=InCluster;GROUP=XSec;VALUE=1 
 PARM;GEOM_ID=MKRWRTCFOU;ID=BXHWDIOLARQ;NAME=InLEDihedral;GROUP=XSec;VALUE=1.58445e-14 
 PARM;GEOM_ID=MKRWRTCFOU;ID=PZTMUTXAYCG;NAME=InLEMode;GROUP=XSec;VALUE=0 
 PARM;GEOM_ID=MKRWRTCFOU;ID=PTXYWOXXGHO;NAME=InLEStrength;GROUP=XSec;VALUE=1 
 PARM;GEOM_ID=MKRWRTCFOU;ID=IQGZBSVOGDK;NAME=InLESweep;GROUP=XSec;VALUE=63.3929 
 PARM;GEOM_ID=MKRWRTCFOU;ID=CTUKMXRJIPS;NAME=InTEDihedral;GROUP=XSec;VALUE=-7.04024e-15 
 PARM;GEOM_ID=MKRWRTCFOU;ID=WOLIMJFBKIN;NAME=InTEMode;GROUP=XSec;VALUE=0 
 PARM;GEOM_ID=MKRWRTCFOU;ID=LIMBIOCVSNF;NAME=InTEStrength;GROUP=XSec;VALUE=1 
 PARM;GEOM_ID=MKRWRTCFOU;ID=FDRYKCRFWOC;NAME=InTESweep;GROUP=XSec;VALUE=-0.821016 
 PARM;GEOM_ID=MKRWRTCFOU;ID=JRUIYNTIVJK;NAME=OutCluster;GROUP=XSec;VALUE=1 
 PARM;GEOM_ID=MKRWRTCFOU;ID=GIIABMBMBMG;NAME=OutLEDihedral;GROUP=XSec;VALUE=-1.58445e-14 
 PARM;GEOM_ID=MKRWRTCFOU;ID=FEJJXWIBJSX;NAME=OutLEMode;GROUP=XSec;VALUE=0 
 PARM;GEOM_ID=MKRWRTCFOU;ID=JHFGMHMBWHA;NAME=OutLEStrength;GROUP=XSec;VALUE=1 
 PARM;GEOM_ID=MKRWRTCFOU;ID=QWAELGAVVSU;NAME=OutLESweep;GROUP=XSec;VALUE=63.3929 
 PARM;GEOM_ID=MKRWRTCFOU;ID=HUQTXSEUJWH;NAME=OutTEDihedral;GROUP=XSec;VALUE=7.04024e-15 
 PARM;GEOM_ID=MKRWRTCFOU;ID=UYKSGPXACZR;NAME=OutTEMode;GROUP=XSec;VALUE=0 
 PARM;GEOM_ID=MKRWRTCFOU;ID=SJXYEVSPCZW;NAME=OutTEStrength;GROUP=XSec;VALUE=1 
 PARM;GEOM_ID=MKRWRTCFOU;ID=LIRXBWBGXLX;NAME=OutTESweep;GROUP=XSec;VALUE=-0.821016 
 PARM;GEOM_ID=MKRWRTCFOU;ID=VOMOWPIDRGC;NAME=ProjectedSpan;GROUP=XSec;VALUE=0 
 PARM;GEOM_ID=MKRWRTCFOU;ID=CGMALLOLJDH;NAME=Root_Chord;GROUP=XSec;VALUE=1 
 PARM;GEOM_ID=MKRWRTCFOU;ID=PQHITYZNNCF;NAME=RotateMatchDideralFlag;GROUP=XSec;VALUE=0 
 PARM;GEOM_ID=MKRWRTCFOU;ID=GIIBYGMPRSS;NAME=Sec_Sweep;GROUP=XSec;VALUE=81.7781 
 PARM;GEOM_ID=MKRWRTCFOU;ID=BAHFXOQPQDK;NAME=Sec_Sweep_Location;GROUP=XSec;VALUE=1 
 PARM;GEOM_ID=MKRWRTCFOU;ID=DUPTSXTWAOI;NAME=SectTess_U;GROUP=XSec;VALUE=18 
 PARM;GEOM_ID=MKRWRTCFOU;ID=SPRLPOOKCTT;NAME=Span;GROUP=XSec;VALUE=1 
 PARM;GEOM_ID=MKRWRTCFOU;ID=IPXHEFRJCWH;NAME=Sweep;GROUP=XSec;VALUE=0 
 PARM;GEOM_ID=MKRWRTCFOU;ID=WJFWUZUQIZM;NAME=Sweep_Location;GROUP=XSec;VALUE=0 
 PARM;GEOM_ID=MKRWRTCFOU;ID=FHVBAKPIEXH;NAME=Taper;GROUP=XSec;VALUE=7.92079 
 PARM;GEOM_ID=MKRWRTCFOU;ID=FFJYLYQSLQV;NAME=Tip_Chord;GROUP=XSec;VALUE=7.92079 
 PARM;GEOM_ID=MKRWRTCFOU;ID=AKQHGUCPRNW;NAME=Twist;GROUP=XSec;VALUE=0 
 PARM;GEOM_ID=MKRWRTCFOU;ID=WGSKJAZSBDA;NAME=TwistInXZPlaneFlag;GROUP=XSec;VALUE=0 
 PARM;GEOM_ID=MKRWRTCFOU;ID=TDTQFRHNNXY;NAME=Twist_Location;GROUP=XSec;VALUE=0.25 
 PARM;GEOM_ID=MKRWRTCFOU;ID=PXKOZPNLJHG;NAME=Area;GROUP=XSecCurve;VALUE=1.25478 
 PARM;GEOM_ID=MKRWRTCFOU;ID=IPIBJUYGSVE;NAME=Chord;GROUP=XSecCurve;VALUE=7.92079 
 PARM;GEOM_ID=MKRWRTCFOU;ID=ZENHULJESGT;NAME=DeltaX;GROUP=XSecCurve;VALUE=0 
 PARM;GEOM_ID=MKRWRTCFOU;ID=QQPHAIVSKXY;NAME=DeltaY;GROUP=XSecCurve;VALUE=0 
 PARM;GEOM_ID=MKRWRTCFOU;ID=VEMQCZFZZMK;NAME=FitDegree;GROUP=XSecCurve;VALUE=7 
 PARM;GEOM_ID=MKRWRTCFOU;ID=NNVAQETCVWU;NAME=HWRatio;GROUP=XSecCurve;VALUE=0.03 
 PARM;GEOM_ID=MKRWRTCFOU;ID=VOJJWNSJDPQ;NAME=Invert;GROUP=XSecCurve;VALUE=0 
 PARM;GEOM_ID=MKRWRTCFOU;ID=CBSAZBIRYQH;NAME=Scale;GROUP=XSecCurve;VALUE=1 
 PARM;GEOM_ID=MKRWRTCFOU;ID=MCOAWJJHERV;NAME=ShiftLE;GROUP=XSecCurve;VALUE=0 
 PARM;GEOM_ID=MKRWRTCFOU;ID=MUBBJNHMKWR;NAME=Theta;GROUP=XSecCurve;VALUE=0 
 PARM;GEOM_ID=MKRWRTCFOU;ID=XKPBDQRZAYI;NAME=ThickChord;GROUP=XSecCurve;VALUE=0.03 
 PARM;GEOM_ID=MKRWRTCFOU;ID=JRNJJHKKKHW;NAME=LE_Cap_Length;GROUP=Cap;VALUE=1 
 PARM;GEOM_ID=MKRWRTCFOU;ID=BSTEFLSCNBR;NAME=LE_Cap_Offset;GROUP=Cap;VALUE=0 
 PARM;GEOM_ID=MKRWRTCFOU;ID=CPROXAQZKLS;NAME=LE_Cap_Strength;GROUP=Cap;VALUE=0.5 
 PARM;GEOM_ID=MKRWRTCFOU;ID=ODIORYHWWJP;NAME=LE_Cap_Type;GROUP=Cap;VALUE=1 
 PARM;GEOM_ID=MKRWRTCFOU;ID=JMQVQELRPFD;NAME=TE_Cap_Length;GROUP=Cap;VALUE=1 
 PARM;GEOM_ID=MKRWRTCFOU;ID=UHFQDGXQIHD;NAME=TE_Cap_Offset;GROUP=Cap;VALUE=0 
 PARM;GEOM_ID=MKRWRTCFOU;ID=KJDYSJOPXWP;NAME=TE_Cap_Strength;GROUP=Cap;VALUE=0.5 
 PARM;GEOM_ID=MKRWRTCFOU;ID=YRQBHZXWGZB;NAME=TE_Cap_Type;GROUP=Cap;VALUE=1 
 PARM;GEOM_ID=MKRWRTCFOU;ID=NXEUCRDNMBF;NAME=LE_Close_AbsRel;GROUP=Close;VALUE=0 
 PARM;GEOM_ID=MKRWRTCFOU;ID=CADOGIEOLPX;NAME=LE_Close_Thick;GROUP=Close;VALUE=0 
 PARM;GEOM_ID=MKRWRTCFOU;ID=XAGRUJABAZJ;NAME=LE_Close_Thick_Chord;GROUP=Close;VALUE=0 
 PARM;GEOM_ID=MKRWRTCFOU;ID=DGUJBTWMFBP;NAME=LE_Close_Type;GROUP=Close;VALUE=0 
 PARM;GEOM_ID=MKRWRTCFOU;ID=BHJJFIKMZVM;NAME=TE_Close_AbsRel;GROUP=Close;VALUE=0 
 PARM;GEOM_ID=MKRWRTCFOU;ID=OAKUHJXGIJT;NAME=TE_Close_Thick;GROUP=Close;VALUE=0 
 PARM;GEOM_ID=MKRWRTCFOU;ID=ZJYGGVYJGMR;NAME=TE_Close_Thick_Chord;GROUP=Close;VALUE=0 
 PARM;GEOM_ID=MKRWRTCFOU;ID=VHJXBXBTYPF;NAME=TE_Close_Type;GROUP=Close;VALUE=0 
 PARM;GEOM_ID=MKRWRTCFOU;ID=TKUSDOZBKEV;NAME=LE_Trim_AbsRel;GROUP=Trim;VALUE=0 
 PARM;GEOM_ID=MKRWRTCFOU;ID=EMBFQKSPZOO;NAME=LE_Trim_Thick;GROUP=Trim;VALUE=0 
 PARM;GEOM_ID=MKRWRTCFOU;ID=UAFSZBLCUTW;NAME=LE_Trim_Thick_Chord;GROUP=Trim;VALUE=0 
 PARM;GEOM_ID=MKRWRTCFOU;ID=HNFZOWIIVZH;NAME=LE_Trim_Type;GROUP=Trim;VALUE=0 
 PARM;GEOM_ID=MKRWRTCFOU;ID=HZCKJHUDRPM;NAME=LE_Trim_X;GROUP=Trim;VALUE=0 
 PARM;GEOM_ID=MKRWRTCFOU;ID=IHFGDOZDELX;NAME=LE_Trim_X_Chord;GROUP=Trim;VALUE=0 
 PARM;GEOM_ID=MKRWRTCFOU;ID=CDPPCBXWXRL;NAME=TE_Trim_AbsRel;GROUP=Trim;VALUE=0 
 PARM;GEOM_ID=MKRWRTCFOU;ID=AZVQEOOQVFJ;NAME=TE_Trim_Thick;GROUP=Trim;VALUE=0 
 PARM;GEOM_ID=MKRWRTCFOU;ID=HLCMPEESMYY;NAME=TE_Trim_Thick_Chord;GROUP=Trim;VALUE=0 
 PARM;GEOM_ID=MKRWRTCFOU;ID=FKRHSJPNBEB;NAME=TE_Trim_Type;GROUP=Trim;VALUE=0 
 PARM;GEOM_ID=MKRWRTCFOU;ID=RKKKGKDREUU;NAME=TE_Trim_X;GROUP=Trim;VALUE=0 
 PARM;GEOM_ID=MKRWRTCFOU;ID=FOXNEQSJWLB;NAME=TE_Trim_X_Chord;GROUP=Trim;VALUE=0 
 PARM;GEOM_ID=MKRWRTCFOU;ID=AOYFCJVOZRQ;NAME=TE_Flap_DT;GROUP=Flap;VALUE=0 
 PARM;GEOM_ID=MKRWRTCFOU;ID=UESFIQIGJGH;NAME=TE_Flap_Deflection;GROUP=Flap;VALUE=0 
 PARM;GEOM_ID=MKRWRTCFOU;ID=VVQFNPBRUUA;NAME=TE_Flap_Flag;GROUP=Flap;VALUE=0 
 PARM;GEOM_ID=MKRWRTCFOU;ID=ESFPNNBOZFV;NAME=TE_Flap_T;GROUP=Flap;VALUE=0.2 
 PARM;GEOM_ID=MKRWRTCFOU;ID=CSMNDAZMEVH;NAME=TE_Flap_Type;GROUP=Flap;VALUE=0 
 PARM;GEOM_ID=MKRWRTCFOU;ID=OCVITHMKGBU;NAME=TE_Flap_X;GROUP=Flap;VALUE=0 
 PARM;GEOM_ID=MKRWRTCFOU;ID=BCNYXJUNEJQ;NAME=TE_Flap_X_Chord;GROUP=Flap;VALUE=0.2 
 PARM;GEOM_ID=MKRWRTCFOU;ID=PFXGUXHROUR;NAME=TE_Flap_Y_Frc;GROUP=Flap;VALUE=0.5 
 PARM;GEOM_ID=MKRWRTCFOU;ID=LPPBIZRYPVH;NAME=TE_Trim_AbsRel;GROUP=Flap;VALUE=1 
 PARM;GEOM_ID=MKRWRTCFOU;ID=TUHDRFVGBMA;NAME=XSecFlipImageFlag;GROUP=XSecCurve_Background;VALUE=0 
 PARM;GEOM_ID=MKRWRTCFOU;ID=MBBCTSCNCIE;NAME=XSecImageFlag;GROUP=XSecCurve_Background;VALUE=0 
 PARM;GEOM_ID=MKRWRTCFOU;ID=RLAHBYEWJCF;NAME=XSecImageH;GROUP=XSecCurve_Background;VALUE=1 
 PARM;GEOM_ID=MKRWRTCFOU;ID=IQINJUKIVCS;NAME=XSecImagePreserveAR;GROUP=XSecCurve_Background;VALUE=1 
 PARM;GEOM_ID=MKRWRTCFOU;ID=LNAJOAOSMOZ;NAME=XSecImageW;GROUP=XSecCurve_Background;VALUE=1 
 PARM;GEOM_ID=MKRWRTCFOU;ID=OAOEEPIIMYP;NAME=XSecImageXOffset;GROUP=XSecCurve_Background;VALUE=0 
 PARM;GEOM_ID=MKRWRTCFOU;ID=YGVQCJIYMRH;NAME=XSecImageYOffset;GROUP=XSecCurve_Background;VALUE=0 
 PARM;GEOM_ID=MKRWRTCFOU;ID=HBDWDETGTKK;NAME=XSecLockImageFlag;GROUP=XSecCurve_Background;VALUE=0 
 PARM;GEOM_ID=MKRWRTCFOU;ID=QQMDVRVJFPP;NAME=AllSym;GROUP=Chevron;VALUE=1 
 PARM;GEOM_ID=MKRWRTCFOU;ID=MBKODSDYTBC;NAME=BottomAmplitude;GROUP=Chevron;VALUE=1 
 PARM;GEOM_ID=MKRWRTCFOU;ID=RZHKZJRPYBO;NAME=Bottom_Angle;GROUP=Chevron;VALUE=0 
 PARM;GEOM_ID=MKRWRTCFOU;ID=YREEBQNQTFQ;NAME=Bottom_Slew;GROUP=Chevron;VALUE=0 
 PARM;GEOM_ID=MKRWRTCFOU;ID=FKUVSQUYZFY;NAME=Chevron_Type;GROUP=Chevron;VALUE=0 
 PARM;GEOM_ID=MKRWRTCFOU;ID=KVXKPBTUREB;NAME=LeftAmplitude;GROUP=Chevron;VALUE=1 
 PARM;GEOM_ID=MKRWRTCFOU;ID=XZAAYKMFURO;NAME=Left_Angle;GROUP=Chevron;VALUE=0 
 PARM;GEOM_ID=MKRWRTCFOU;ID=BRYWNKETASN;NAME=Left_Slew;GROUP=Chevron;VALUE=0 
 PARM;GEOM_ID=MKRWRTCFOU;ID=MMRYQGYCILD;NAME=Number;GROUP=Chevron;VALUE=8 
 PARM;GEOM_ID=MKRWRTCFOU;ID=ZAMHOXSERVE;NAME=Off_Duty;GROUP=Chevron;VALUE=0 
 PARM;GEOM_ID=MKRWRTCFOU;ID=KWNYVKRLYLM;NAME=On_Duty;GROUP=Chevron;VALUE=0 
 PARM;GEOM_ID=MKRWRTCFOU;ID=QZUUNPMLOQS;NAME=Peak_Radius;GROUP=Chevron;VALUE=0 
 PARM;GEOM_ID=MKRWRTCFOU;ID=ATWEFFIDRRJ;NAME=RLSym;GROUP=Chevron;VALUE=1 
 PARM;GEOM_ID=MKRWRTCFOU;ID=QGIPZEDGVIP;NAME=RightAmplitude;GROUP=Chevron;VALUE=1 
 PARM;GEOM_ID=MKRWRTCFOU;ID=QIUIDTLAPGW;NAME=Right_Angle;GROUP=Chevron;VALUE=0 
 PARM;GEOM_ID=MKRWRTCFOU;ID=YTRERBZQLXH;NAME=Right_Slew;GROUP=Chevron;VALUE=0 
 PARM;GEOM_ID=MKRWRTCFOU;ID=YACWJAKXBXM;NAME=TBSym;GROUP=Chevron;VALUE=1 
 PARM;GEOM_ID=MKRWRTCFOU;ID=ZPISMHJUCAX;NAME=TopAmplitude;GROUP=Chevron;VALUE=1 
 PARM;GEOM_ID=MKRWRTCFOU;ID=FZVJSDJHUZP;NAME=Top_Angle;GROUP=Chevron;VALUE=0 
 PARM;GEOM_ID=MKRWRTCFOU;ID=HSKQZKMGLAA;NAME=Top_Slew;GROUP=Chevron;VALUE=0 
 PARM;GEOM_ID=MKRWRTCFOU;ID=BTQXLOMPJRX;NAME=Valley_Radius;GROUP=Chevron;VALUE=0 
 PARM;GEOM_ID=MKRWRTCFOU;ID=IEYMJGMAXZK;NAME=W01_Center;GROUP=Chevron;VALUE=0.25 
 PARM;GEOM_ID=MKRWRTCFOU;ID=YSOIJFVZOSJ;NAME=W01_Center_Guide;GROUP=Chevron;VALUE=5 
 PARM;GEOM_ID=MKRWRTCFOU;ID=BXCHXRYYIWQ;NAME=W01_End;GROUP=Chevron;VALUE=0.5 
 PARM;GEOM_ID=MKRWRTCFOU;ID=FXMLKZWZTKF;NAME=W01_End_Guide;GROUP=Chevron;VALUE=5 
 PARM;GEOM_ID=MKRWRTCFOU;ID=PZNCXEQZTZB;NAME=W01_Mode;GROUP=Chevron;VALUE=0 
 PARM;GEOM_ID=MKRWRTCFOU;ID=QYNXQOZSKMA;NAME=W01_Start;GROUP=Chevron;VALUE=0 
 PARM;GEOM_ID=MKRWRTCFOU;ID=USBFIYULHWC;NAME=W01_Start_Guide;GROUP=Chevron;VALUE=5 
 PARM;GEOM_ID=MKRWRTCFOU;ID=LPAJHVHNYKL;NAME=W01_Width;GROUP=Chevron;VALUE=0.5 
 PARM;GEOM_ID=MKRWRTCFOU;ID=AWTNHFAXGQS;NAME=Area;GROUP=XSec;VALUE=15.6 
 PARM;GEOM_ID=MKRWRTCFOU;ID=QGJEPEYCDKR;NAME=Aspect;GROUP=XSec;VALUE=0.975 
 PARM;GEOM_ID=MKRWRTCFOU;ID=ABYZJBDNZAB;NAME=Avg_Chord;GROUP=XSec;VALUE=4 
 PARM;GEOM_ID=MKRWRTCFOU;ID=NIPSAQNSPJD;NAME=Dihedral;GROUP=XSec;VALUE=0 
 PARM;GEOM_ID=MKRWRTCFOU;ID=MNOONMKGNEP;NAME=InCluster;GROUP=XSec;VALUE=1 
 PARM;GEOM_ID=MKRWRTCFOU;ID=ZSXXJAMRZWX;NAME=InLEDihedral;GROUP=XSec;VALUE=1.58445e-14 
 PARM;GEOM_ID=MKRWRTCFOU;ID=LZDYHPEGZJG;NAME=InLEMode;GROUP=XSec;VALUE=0 
 PARM;GEOM_ID=MKRWRTCFOU;ID=JDJPOBEJGUX;NAME=InLEStrength;GROUP=XSec;VALUE=1 
 PARM;GEOM_ID=MKRWRTCFOU;ID=KMJICEPHUCP;NAME=InLESweep;GROUP=XSec;VALUE=63.3929 
 PARM;GEOM_ID=MKRWRTCFOU;ID=RNLSJYWPUQJ;NAME=InTEDihedral;GROUP=XSec;VALUE=-7.04024e-15 
 PARM;GEOM_ID=MKRWRTCFOU;ID=WOPBJAVJODZ;NAME=InTEMode;GROUP=XSec;VALUE=0 
 PARM;GEOM_ID=MKRWRTCFOU;ID=FTWXEQGZAVK;NAME=InTEStrength;GROUP=XSec;VALUE=1 
 PARM;GEOM_ID=MKRWRTCFOU;ID=BCYHPMXHSRO;NAME=InTESweep;GROUP=XSec;VALUE=-0.821016 
 PARM;GEOM_ID=MKRWRTCFOU;ID=KIQGTUAFMBQ;NAME=OutCluster;GROUP=XSec;VALUE=1 
 PARM;GEOM_ID=MKRWRTCFOU;ID=HFAYZJFCXPJ;NAME=OutLEDihedral;GROUP=XSec;VALUE=-1.58445e-14 
 PARM;GEOM_ID=MKRWRTCFOU;ID=HIFMAQSLOKG;NAME=OutLEMode;GROUP=XSec;VALUE=0 
 PARM;GEOM_ID=MKRWRTCFOU;ID=ROURQINVHIB;NAME=OutLEStrength;GROUP=XSec;VALUE=1 
 PARM;GEOM_ID=MKRWRTCFOU;ID=UUYPOHQZRDJ;NAME=OutLESweep;GROUP=XSec;VALUE=63.3929 
 PARM;GEOM_ID=MKRWRTCFOU;ID=BYWLVAZHPYJ;NAME=OutTEDihedral;GROUP=XSec;VALUE=7.04024e-15 
 PARM;GEOM_ID=MKRWRTCFOU;ID=MIKRMWNAIBC;NAME=OutTEMode;GROUP=XSec;VALUE=0 
 PARM;GEOM_ID=MKRWRTCFOU;ID=LWEAUJBMXZD;NAME=OutTEStrength;GROUP=XSec;VALUE=1 
 PARM;GEOM_ID=MKRWRTCFOU;ID=TKFKSOKXEMU;NAME=OutTESweep;GROUP=XSec;VALUE=-0.821016 
 PARM;GEOM_ID=MKRWRTCFOU;ID=LXBATACOSKC;NAME=ProjectedSpan;GROUP=XSec;VALUE=3.9 
 PARM;GEOM_ID=MKRWRTCFOU;ID=GNHVMJMHVSV;NAME=Root_Chord;GROUP=XSec;VALUE=7.92079 
 PARM;GEOM_ID=MKRWRTCFOU;ID=UKVRTUOWQQZ;NAME=RotateMatchDideralFlag;GROUP=XSec;VALUE=0 
 PARM;GEOM_ID=MKRWRTCFOU;ID=UJNLNKAEOKX;NAME=Sec_Sweep;GROUP=XSec;VALUE=-0.821016 
 PARM;GEOM_ID=MKRWRTCFOU;ID=GHXXBGJHXPF;NAME=Sec_Sweep_Location;GROUP=XSec;VALUE=1 
 PARM;GEOM_ID=MKRWRTCFOU;ID=YQQFKTRMEWA;NAME=SectTess_U;GROUP=XSec;VALUE=18 
 PARM;GEOM_ID=MKRWRTCFOU;ID=SCXTEKKNZWU;NAME=Span;GROUP=XSec;VALUE=3.9 
 PARM;GEOM_ID=MKRWRTCFOU;ID=DTTKVCYPUXP;NAME=Sweep;GROUP=XSec;VALUE=63.3929 
 PARM;GEOM_ID=MKRWRTCFOU;ID=QAKZTOKGFTT;NAME=Sweep_Location;GROUP=XSec;VALUE=0 
 PARM;GEOM_ID=MKRWRTCFOU;ID=RHWLVPRWFPW;NAME=Taper;GROUP=XSec;VALUE=0.01 
 PARM;GEOM_ID=MKRWRTCFOU;ID=GOAQMBPVLJM;NAME=Tip_Chord;GROUP=XSec;VALUE=0.0792079 
 PARM;GEOM_ID=MKRWRTCFOU;ID=CLRAQKTWVVN;NAME=Twist;GROUP=XSec;VALUE=0 
 PARM;GEOM_ID=MKRWRTCFOU;ID=NRXTQGDCFWQ;NAME=TwistInXZPlaneFlag;GROUP=XSec;VALUE=0 
 PARM;GEOM_ID=MKRWRTCFOU;ID=WHIGKBPHQZA;NAME=Twist_Location;GROUP=XSec;VALUE=0.25 
 PARM;GEOM_ID=MKRWRTCFOU;ID=YCMVOJNCQVN;NAME=Area;GROUP=XSecCurve;VALUE=0 
 PARM;GEOM_ID=MKRWRTCFOU;ID=CLSROHQJBPW;NAME=Chord;GROUP=XSecCurve;VALUE=0.0792079 
 PARM;GEOM_ID=MKRWRTCFOU;ID=MBIAKOEBOLT;NAME=DeltaX;GROUP=XSecCurve;VALUE=0 
 PARM;GEOM_ID=MKRWRTCFOU;ID=HTVQHELMEWA;NAME=DeltaY;GROUP=XSecCurve;VALUE=0 
 PARM;GEOM_ID=MKRWRTCFOU;ID=WVRCGAIUKWD;NAME=FitDegree;GROUP=XSecCurve;VALUE=7 
 PARM;GEOM_ID=MKRWRTCFOU;ID=RVYWGHNGLBC;NAME=HWRatio;GROUP=XSecCurve;VALUE=0 
 PARM;GEOM_ID=MKRWRTCFOU;ID=LYLQZLZJNHZ;NAME=Invert;GROUP=XSecCurve;VALUE=0 
 PARM;GEOM_ID=MKRWRTCFOU;ID=WPHBFJVRTLT;NAME=Scale;GROUP=XSecCurve;VALUE=1 
 PARM;GEOM_ID=MKRWRTCFOU;ID=IWSNGNWVMHB;NAME=ShiftLE;GROUP=XSecCurve;VALUE=0 
 PARM;GEOM_ID=MKRWRTCFOU;ID=NNVJYLSSTCQ;NAME=Theta;GROUP=XSecCurve;VALUE=0 
 PARM;GEOM_ID=MKRWRTCFOU;ID=SJNRGLDMGYG;NAME=ThickChord;GROUP=XSecCurve;VALUE=0 
 PARM;GEOM_ID=MKRWRTCFOU;ID=YXWEZDPUUPC;NAME=LE_Cap_Length;GROUP=Cap;VALUE=1 
 PARM;GEOM_ID=MKRWRTCFOU;ID=JYQAYKLZNDG;NAME=LE_Cap_Offset;GROUP=Cap;VALUE=0 
 PARM;GEOM_ID=MKRWRTCFOU;ID=DMQHWIVCAZV;NAME=LE_Cap_Strength;GROUP=Cap;VALUE=0.5 
 PARM;GEOM_ID=MKRWRTCFOU;ID=EZRZGLBAWWN;NAME=LE_Cap_Type;GROUP=Cap;VALUE=1 
 PARM;GEOM_ID=MKRWRTCFOU;ID=SKQOJHZPJYF;NAME=TE_Cap_Length;GROUP=Cap;VALUE=1 
 PARM;GEOM_ID=MKRWRTCFOU;ID=KJKJBWFFBXL;NAME=TE_Cap_Offset;GROUP=Cap;VALUE=0 
 PARM;GEOM_ID=MKRWRTCFOU;ID=DFSYWZIKJBU;NAME=TE_Cap_Strength;GROUP=Cap;VALUE=0.5 
 PARM;GEOM_ID=MKRWRTCFOU;ID=UIKHRMPUTOC;NAME=TE_Cap_Type;GROUP=Cap;VALUE=1 
 PARM;GEOM_ID=MKRWRTCFOU;ID=TCEQCGWORGV;NAME=LE_Close_AbsRel;GROUP=Close;VALUE=0 
 PARM;GEOM_ID=MKRWRTCFOU;ID=TIWUJLXBEPE;NAME=LE_Close_Thick;GROUP=Close;VALUE=0 
 PARM;GEOM_ID=MKRWRTCFOU;ID=XKZWXJMUDTX;NAME=LE_Close_Thick_Chord;GROUP=Close;VALUE=0 
 PARM;GEOM_ID=MKRWRTCFOU;ID=VIODVVUQZDD;NAME=LE_Close_Type;GROUP=Close;VALUE=0 
 PARM;GEOM_ID=MKRWRTCFOU;ID=KDDLMTMKEMM;NAME=TE_Close_AbsRel;GROUP=Close;VALUE=0 
 PARM;GEOM_ID=MKRWRTCFOU;ID=RDGNNARLPQU;NAME=TE_Close_Thick;GROUP=Close;VALUE=0 
 PARM;GEOM_ID=MKRWRTCFOU;ID=IWUJDBWLXGN;NAME=TE_Close_Thick_Chord;GROUP=Close;VALUE=0 
 PARM;GEOM_ID=MKRWRTCFOU;ID=WYNISEERDWD;NAME=TE_Close_Type;GROUP=Close;VALUE=0 
 PARM;GEOM_ID=MKRWRTCFOU;ID=CYLXLDLNGDD;NAME=LE_Trim_AbsRel;GROUP=Trim;VALUE=0 
 PARM;GEOM_ID=MKRWRTCFOU;ID=HHOWDRTSZYB;NAME=LE_Trim_Thick;GROUP=Trim;VALUE=0 
 PARM;GEOM_ID=MKRWRTCFOU;ID=SJFCCFPWRCF;NAME=LE_Trim_Thick_Chord;GROUP=Trim;VALUE=4.45873e-16 
 PARM;GEOM_ID=MKRWRTCFOU;ID=SGYOGADEWBV;NAME=LE_Trim_Type;GROUP=Trim;VALUE=0 
 PARM;GEOM_ID=MKRWRTCFOU;ID=YDKZIZYHGTT;NAME=LE_Trim_X;GROUP=Trim;VALUE=0 
 PARM;GEOM_ID=MKRWRTCFOU;ID=OOEBQNJQNMY;NAME=LE_Trim_X_Chord;GROUP=Trim;VALUE=0 
 PARM;GEOM_ID=MKRWRTCFOU;ID=TZVBJMQIOLH;NAME=TE_Trim_AbsRel;GROUP=Trim;VALUE=0 
 PARM;GEOM_ID=MKRWRTCFOU;ID=XKCEBGPJORV;NAME=TE_Trim_Thick;GROUP=Trim;VALUE=0 
 PARM;GEOM_ID=MKRWRTCFOU;ID=WLNIDDNQZTJ;NAME=TE_Trim_Thick_Chord;GROUP=Trim;VALUE=0 
 PARM;GEOM_ID=MKRWRTCFOU;ID=ESLNKNHFNAJ;NAME=TE_Trim_Type;GROUP=Trim;VALUE=0 
 PARM;GEOM_ID=MKRWRTCFOU;ID=IAFBWQKLWUP;NAME=TE_Trim_X;GROUP=Trim;VALUE=0 
 PARM;GEOM_ID=MKRWRTCFOU;ID=IJFHARFQMIH;NAME=TE_Trim_X_Chord;GROUP=Trim;VALUE=0 
 PARM;GEOM_ID=MKRWRTCFOU;ID=RPPJCHVCNQP;NAME=TE_Flap_DT;GROUP=Flap;VALUE=0 
 PARM;GEOM_ID=MKRWRTCFOU;ID=EQBOPDCXSYE;NAME=TE_Flap_Deflection;GROUP=Flap;VALUE=0 
 PARM;GEOM_ID=MKRWRTCFOU;ID=SKVPZWRRYWJ;NAME=TE_Flap_Flag;GROUP=Flap;VALUE=0 
 PARM;GEOM_ID=MKRWRTCFOU;ID=OIKRSRMXYFB;NAME=TE_Flap_T;GROUP=Flap;VALUE=0.2 
 PARM;GEOM_ID=MKRWRTCFOU;ID=UPVZKIYZESS;NAME=TE_Flap_Type;GROUP=Flap;VALUE=0 
 PARM;GEOM_ID=MKRWRTCFOU;ID=IHAGVLJUYJI;NAME=TE_Flap_X;GROUP=Flap;VALUE=0 
 PARM;GEOM_ID=MKRWRTCFOU;ID=YKQCKUSSZEU;NAME=TE_Flap_X_Chord;GROUP=Flap;VALUE=0.2 
 PARM;GEOM_ID=MKRWRTCFOU;ID=CVQLTPZOIJA;NAME=TE_Flap_Y_Frc;GROUP=Flap;VALUE=0.5 
 PARM;GEOM_ID=MKRWRTCFOU;ID=FESFUWUERDE;NAME=TE_Trim_AbsRel;GROUP=Flap;VALUE=1 
 PARM;GEOM_ID=MKRWRTCFOU;ID=HWGANDXNDGG;NAME=XSecFlipImageFlag;GROUP=XSecCurve_Background;VALUE=0 
 PARM;GEOM_ID=MKRWRTCFOU;ID=BFHZVYRBEKF;NAME=XSecImageFlag;GROUP=XSecCurve_Background;VALUE=0 
 PARM;GEOM_ID=MKRWRTCFOU;ID=JRPENWMOVUR;NAME=XSecImageH;GROUP=XSecCurve_Background;VALUE=1 
 PARM;GEOM_ID=MKRWRTCFOU;ID=KXLESKOJMOK;NAME=XSecImagePreserveAR;GROUP=XSecCurve_Background;VALUE=1 
 PARM;GEOM_ID=MKRWRTCFOU;ID=XAXZPKKYJYA;NAME=XSecImageW;GROUP=XSecCurve_Background;VALUE=1 
 PARM;GEOM_ID=MKRWRTCFOU;ID=LQBVORLXLOD;NAME=XSecImageXOffset;GROUP=XSecCurve_Background;VALUE=0 
 PARM;GEOM_ID=MKRWRTCFOU;ID=JEZCTGLMNKO;NAME=XSecImageYOffset;GROUP=XSecCurve_Background;VALUE=0 
 PARM;GEOM_ID=MKRWRTCFOU;ID=VJDAYOHGGVH;NAME=XSecLockImageFlag;GROUP=XSecCurve_Background;VALUE=0 
 PARM;GEOM_ID=MKRWRTCFOU;ID=UCPBPACFTWY;NAME=AllSym;GROUP=Chevron;VALUE=1 
 PARM;GEOM_ID=MKRWRTCFOU;ID=MAAXASKDZBB;NAME=BottomAmplitude;GROUP=Chevron;VALUE=1 
 PARM;GEOM_ID=MKRWRTCFOU;ID=XOPTXBOUGRE;NAME=Bottom_Angle;GROUP=Chevron;VALUE=0 
 PARM;GEOM_ID=MKRWRTCFOU;ID=XMKZKJENZON;NAME=Bottom_Slew;GROUP=Chevron;VALUE=0 
 PARM;GEOM_ID=MKRWRTCFOU;ID=ZAVIQGNPSFL;NAME=Chevron_Type;GROUP=Chevron;VALUE=0 
 PARM;GEOM_ID=MKRWRTCFOU;ID=LYBTDVLORDN;NAME=LeftAmplitude;GROUP=Chevron;VALUE=1 
 PARM;GEOM_ID=MKRWRTCFOU;ID=IXNKFQSGJDL;NAME=Left_Angle;GROUP=Chevron;VALUE=0 
 PARM;GEOM_ID=MKRWRTCFOU;ID=QFFZSXNZXVZ;NAME=Left_Slew;GROUP=Chevron;VALUE=0 
 PARM;GEOM_ID=MKRWRTCFOU;ID=AWDBXSAZRQE;NAME=Number;GROUP=Chevron;VALUE=8 
 PARM;GEOM_ID=MKRWRTCFOU;ID=BWORIZDNQDE;NAME=Off_Duty;GROUP=Chevron;VALUE=0 
 PARM;GEOM_ID=MKRWRTCFOU;ID=YDQVZFKXIAM;NAME=On_Duty;GROUP=Chevron;VALUE=0 
 PARM;GEOM_ID=MKRWRTCFOU;ID=YFECPIDYNRH;NAME=Peak_Radius;GROUP=Chevron;VALUE=0 
 PARM;GEOM_ID=MKRWRTCFOU;ID=DGZKRBDGVWE;NAME=RLSym;GROUP=Chevron;VALUE=1 
 PARM;GEOM_ID=MKRWRTCFOU;ID=XIEHNKBXNLB;NAME=RightAmplitude;GROUP=Chevron;VALUE=1 
 PARM;GEOM_ID=MKRWRTCFOU;ID=UZVUVQTCWTI;NAME=Right_Angle;GROUP=Chevron;VALUE=0 
 PARM;GEOM_ID=MKRWRTCFOU;ID=VHDEJHCUNYB;NAME=Right_Slew;GROUP=Chevron;VALUE=0 
 PARM;GEOM_ID=MKRWRTCFOU;ID=SDEPQWZIDLG;NAME=TBSym;GROUP=Chevron;VALUE=1 
 PARM;GEOM_ID=MKRWRTCFOU;ID=PWBXZKXRGST;NAME=TopAmplitude;GROUP=Chevron;VALUE=1 
 PARM;GEOM_ID=MKRWRTCFOU;ID=XSFXTVMFWRP;NAME=Top_Angle;GROUP=Chevron;VALUE=0 
 PARM;GEOM_ID=MKRWRTCFOU;ID=HFHHMEMQEEL;NAME=Top_Slew;GROUP=Chevron;VALUE=0 
 PARM;GEOM_ID=MKRWRTCFOU;ID=MIHYORTYNSX;NAME=Valley_Radius;GROUP=Chevron;VALUE=0 
 PARM;GEOM_ID=MKRWRTCFOU;ID=HLWVGONFTHK;NAME=W01_Center;GROUP=Chevron;VALUE=0.25 
 PARM;GEOM_ID=MKRWRTCFOU;ID=SPGXEHHJTSG;NAME=W01_Center_Guide;GROUP=Chevron;VALUE=5 
 PARM;GEOM_ID=MKRWRTCFOU;ID=KHWFJUNPQAT;NAME=W01_End;GROUP=Chevron;VALUE=0.5 
 PARM;GEOM_ID=MKRWRTCFOU;ID=RGYQOAPLPDJ;NAME=W01_End_Guide;GROUP=Chevron;VALUE=5 
 PARM;GEOM_ID=MKRWRTCFOU;ID=DKYMBXYKPDR;NAME=W01_Mode;GROUP=Chevron;VALUE=0 
 PARM;GEOM_ID=MKRWRTCFOU;ID=OPWMSDZXECH;NAME=W01_Start;GROUP=Chevron;VALUE=0 
 PARM;GEOM_ID=MKRWRTCFOU;ID=LVHQVOANMTE;NAME=W01_Start_Guide;GROUP=Chevron;VALUE=5 
 PARM;GEOM_ID=MKRWRTCFOU;ID=KDOOMAPXRWQ;NAME=W01_Width;GROUP=Chevron;VALUE=0.5 
 WING_TERMINAL;GEOM_ID=MKRWRTCFOU;XSEC_COUNT=2;TIP_ID=GOAQMBPVLJM;TIP=0.0792079;ROOT_ID=GNHVMJMHVSV;ROOT=7.92079;SPAN_ID=SCXTEKKNZWU;SPAN=3.9 
 GEOM;ID=RGIJJLNZJJ;NAME=VO_lower;TYPE=Wing;BMIN_X=35.9112;BMIN_Y=7.99119;BMIN_Z=-2.02;BMAX_X=43.832;BMAX_Y=8.22881;BMAX_Z=1.88;SET_1=false;SET_2=true 
 PARM;GEOM_ID=RGIJJLNZJJ;ID=QICDNGLXWEP;NAME=Abs_Or_Relitive_flag;GROUP=XForm;VALUE=1 
 PARM;GEOM_ID=RGIJJLNZJJ;ID=AIELOQNOCFJ;NAME=Last_Scale;GROUP=XForm;VALUE=1 
 PARM;GEOM_ID=RGIJJLNZJJ;ID=XTLEVJPJXIR;NAME=Origin;GROUP=XForm;VALUE=0 
 PARM;GEOM_ID=RGIJJLNZJJ;ID=HKGZVMPATUZ;NAME=Scale;GROUP=XForm;VALUE=1 
 PARM;GEOM_ID=RGIJJLNZJJ;ID=BQUURLVBGVE;NAME=X_Location;GROUP=XForm;VALUE=35.9112 
 PARM;GEOM_ID=RGIJJLNZJJ;ID=FCRMJYXMCCD;NAME=X_Rel_Location;GROUP=XForm;VALUE=35.9112 
 PARM;GEOM_ID=RGIJJLNZJJ;ID=WXHSOTPASGZ;NAME=X_Rel_Rotation;GROUP=XForm;VALUE=-90 
 PARM;GEOM_ID=RGIJJLNZJJ;ID=HMZSKWFKWUL;NAME=X_Rotation;GROUP=XForm;VALUE=-90 
 PARM;GEOM_ID=RGIJJLNZJJ;ID=VMIVUFVGWLQ;NAME=Y_Location;GROUP=XForm;VALUE=8.11 
 PARM;GEOM_ID=RGIJJLNZJJ;ID=FZMJGEFEDYD;NAME=Y_Rel_Location;GROUP=XForm;VALUE=8.11 
 PARM;GEOM_ID=RGIJJLNZJJ;ID=GEHTXZLAXCE;NAME=Y_Rel_Rotation;GROUP=XForm;VALUE=0 
 PARM;GEOM_ID=RGIJJLNZJJ;ID=PYBZDHBPWYY;NAME=Y_Rotation;GROUP=XForm;VALUE=0 
 PARM;GEOM_ID=RGIJJLNZJJ;ID=KNJVYVCOOBX;NAME=Z_Location;GROUP=XForm;VALUE=1.88 
 PARM;GEOM_ID=RGIJJLNZJJ;ID=FFFUOIRLSZI;NAME=Z_Rel_Location;GROUP=XForm;VALUE=1.88 
 PARM;GEOM_ID=RGIJJLNZJJ;ID=UHIDCDPGTFE;NAME=Z_Rel_Rotation;GROUP=XForm;VALUE=0 
 PARM;GEOM_ID=RGIJJLNZJJ;ID=FKPXAQYOBJN;NAME=Z_Rotation;GROUP=XForm;VALUE=0 
 PARM;GEOM_ID=RGIJJLNZJJ;ID=DRVRKMIMAHZ;NAME=Sym_Ancestor;GROUP=Sym;VALUE=1 
 PARM;GEOM_ID=RGIJJLNZJJ;ID=DBJPENFHQJE;NAME=Sym_Ancestor_Origin_Flag;GROUP=Sym;VALUE=1 
 PARM;GEOM_ID=RGIJJLNZJJ;ID=QVMSGQPISLE;NAME=Sym_Axial_Flag;GROUP=Sym;VALUE=0 
 PARM;GEOM_ID=RGIJJLNZJJ;ID=HDQYNGGLGEU;NAME=Sym_Planar_Flag;GROUP=Sym;VALUE=2 
 PARM;GEOM_ID=RGIJJLNZJJ;ID=AJSEJAGIWRF;NAME=Sym_Rot_N;GROUP=Sym;VALUE=2 
 PARM;GEOM_ID=RGIJJLNZJJ;ID=LXINTNFCUYI;NAME=Eta_Attach_Location;GROUP=Attach;VALUE=0 
 PARM;GEOM_ID=RGIJJLNZJJ;ID=OWRRKXFXXXY;NAME=L_01;GROUP=Attach;VALUE=1 
 PARM;GEOM_ID=RGIJJLNZJJ;ID=DTJITQJRGEP;NAME=L_Attach_Location;GROUP=Attach;VALUE=0 
 PARM;GEOM_ID=RGIJJLNZJJ;ID=LJKXGRGULXM;NAME=L_Attach_Location0Len;GROUP=Attach;VALUE=0 
 PARM;GEOM_ID=RGIJJLNZJJ;ID=INTMMTOSOOX;NAME=M_Attach_Location;GROUP=Attach;VALUE=0.5 
 PARM;GEOM_ID=RGIJJLNZJJ;ID=GRFLHDABQRA;NAME=N_Attach_Location;GROUP=Attach;VALUE=0.5 
 PARM;GEOM_ID=RGIJJLNZJJ;ID=FPNASKBCWNW;NAME=R_01;GROUP=Attach;VALUE=1 
 PARM;GEOM_ID=RGIJJLNZJJ;ID=MFFQWZQTFPR;NAME=R_Attach_Location;GROUP=Attach;VALUE=0 
 PARM;GEOM_ID=RGIJJLNZJJ;ID=OXVJNBDYNUZ;NAME=R_Attach_Location0N;GROUP=Attach;VALUE=0 
 PARM;GEOM_ID=RGIJJLNZJJ;ID=LWAVRGABIWM;NAME=Rots_Attach_Flag;GROUP=Attach;VALUE=0 
 PARM;GEOM_ID=RGIJJLNZJJ;ID=TZYBGTSANMZ;NAME=S_Attach_Location;GROUP=Attach;VALUE=0.5 
 PARM;GEOM_ID=RGIJJLNZJJ;ID=OBZABOEZUGE;NAME=T_Attach_Location;GROUP=Attach;VALUE=0.5 
 PARM;GEOM_ID=RGIJJLNZJJ;ID=QIDMXWTKOPF;NAME=Trans_Attach_Flag;GROUP=Attach;VALUE=0 
 PARM;GEOM_ID=RGIJJLNZJJ;ID=HAUNDBJKXWC;NAME=U_01;GROUP=Attach;VALUE=1 
 PARM;GEOM_ID=RGIJJLNZJJ;ID=TSUYZQQYETY;NAME=U_Attach_Location;GROUP=Attach;VALUE=0 
 PARM;GEOM_ID=RGIJJLNZJJ;ID=TDKQQVMWMPQ;NAME=U_Attach_Location0N;GROUP=Attach;VALUE=0 
 PARM;GEOM_ID=RGIJJLNZJJ;ID=AATHLFHXRBL;NAME=V_Attach_Location;GROUP=Attach;VALUE=0 
 PARM;GEOM_ID=RGIJJLNZJJ;ID=CODFASFGXRA;NAME=Tess_U;GROUP=Shape;VALUE=24 
 PARM;GEOM_ID=RGIJJLNZJJ;ID=LSYDBTYAHJZ;NAME=Tess_W;GROUP=Shape;VALUE=81 
 PARM;GEOM_ID=RGIJJLNZJJ;ID=MICXCYKCJDO;NAME=Wake;GROUP=Shape;VALUE=0 
 PARM;GEOM_ID=RGIJJLNZJJ;ID=VKXWQUSNBPY;NAME=Negative_Volume_Flag;GROUP=Negative_Volume_Props;VALUE=0 
 PARM;GEOM_ID=RGIJJLNZJJ;ID=JCVTMKCVPFW;NAME=WakeAngle;GROUP=WakeSettings;VALUE=0 
 PARM;GEOM_ID=RGIJJLNZJJ;ID=CBNUCSCKMIK;NAME=WakeScale;GROUP=WakeSettings;VALUE=2 
 PARM;GEOM_ID=RGIJJLNZJJ;ID=UWORTWKQKLJ;NAME=CGx;GROUP=Mass_Props;VALUE=0 
 PARM;GEOM_ID=RGIJJLNZJJ;ID=BHNSMAJELBS;NAME=CGy;GROUP=Mass_Props;VALUE=0 
 PARM;GEOM_ID=RGIJJLNZJJ;ID=VFHQGZTCPZP;NAME=CGz;GROUP=Mass_Props;VALUE=0 
 PARM;GEOM_ID=RGIJJLNZJJ;ID=NJCKMDNKVOS;NAME=Density;GROUP=Mass_Props;VALUE=1 
 PARM;GEOM_ID=RGIJJLNZJJ;ID=ZLGGFUFGGFW;NAME=Ixx;GROUP=Mass_Props;VALUE=0 
 PARM;GEOM_ID=RGIJJLNZJJ;ID=DUGSITWSQVH;NAME=Ixy;GROUP=Mass_Props;VALUE=0 
 PARM;GEOM_ID=RGIJJLNZJJ;ID=KTEGQDPDSAH;NAME=Ixz;GROUP=Mass_Props;VALUE=0 
 PARM;GEOM_ID=RGIJJLNZJJ;ID=BKIZXLLVTHJ;NAME=Iyy;GROUP=Mass_Props;VALUE=0 
 PARM;GEOM_ID=RGIJJLNZJJ;ID=GMSYFCLSZRP;NAME=Iyz;GROUP=Mass_Props;VALUE=0 
 PARM;GEOM_ID=RGIJJLNZJJ;ID=YXQPDTUPSLK;NAME=Izz;GROUP=Mass_Props;VALUE=0 
 PARM;GEOM_ID=RGIJJLNZJJ;ID=CFJZUWYJXEY;NAME=Mass_Area;GROUP=Mass_Props;VALUE=1 
 PARM;GEOM_ID=RGIJJLNZJJ;ID=TVDYDFENQVP;NAME=Mass_Prior;GROUP=Mass_Props;VALUE=0 
 PARM;GEOM_ID=RGIJJLNZJJ;ID=PREDZQACNTC;NAME=PointMass;GROUP=Mass_Props;VALUE=0 
 PARM;GEOM_ID=RGIJJLNZJJ;ID=INNQAFJCKCQ;NAME=Shell_Flag;GROUP=Mass_Props;VALUE=0 
 PARM;GEOM_ID=RGIJJLNZJJ;ID=YEWNHVHNAYK;NAME=CorrectAirfoilthicknessFlag;GROUP=WingGeom;VALUE=1 
 PARM;GEOM_ID=RGIJJLNZJJ;ID=WAVVBMQTISS;NAME=CurvedArea;GROUP=WingGeom;VALUE=31.2 
 PARM;GEOM_ID=RGIJJLNZJJ;ID=YSKLLCUQGLC;NAME=LECluster;GROUP=WingGeom;VALUE=0.25 
 PARM;GEOM_ID=RGIJJLNZJJ;ID=QSGLATODOKM;NAME=MAC;GROUP=WingGeom;VALUE=5.28105 
 PARM;GEOM_ID=RGIJJLNZJJ;ID=IUZWIJEHXUX;NAME=MaxGrowth;GROUP=WingGeom;VALUE=1.16076 
 PARM;GEOM_ID=RGIJJLNZJJ;ID=KBOJERKMVOM;NAME=RelativeDihedralFlag;GROUP=WingGeom;VALUE=0 
 PARM;GEOM_ID=RGIJJLNZJJ;ID=ZADUHFPSYEC;NAME=RelativeTwistFlag;GROUP=WingGeom;VALUE=0 
 PARM;GEOM_ID=RGIJJLNZJJ;ID=DYYTFUFRWEO;NAME=RotateAirfoilMatchDideralFlag;GROUP=WingGeom;VALUE=1 
 PARM;GEOM_ID=RGIJJLNZJJ;ID=FQTFNPDWXIR;NAME=SmallPanelW;GROUP=WingGeom;VALUE=0.000534245 
 PARM;GEOM_ID=RGIJJLNZJJ;ID=KJKSTEZIOWB;NAME=TECluster;GROUP=WingGeom;VALUE=0.25 
 PARM;GEOM_ID=RGIJJLNZJJ;ID=RFXWEQBPAVR;NAME=TotalAR;GROUP=WingGeom;VALUE=1.95 
 PARM;GEOM_ID=RGIJJLNZJJ;ID=CQKXEWRTWOK;NAME=TotalArea;GROUP=WingGeom;VALUE=31.2 
 PARM;GEOM_ID=RGIJJLNZJJ;ID=DFVIAAZTXFW;NAME=TotalChord;GROUP=WingGeom;VALUE=4 
 PARM;GEOM_ID=RGIJJLNZJJ;ID=AFPDPAZTXZG;NAME=TotalProjectedSpan;GROUP=WingGeom;VALUE=7.8 
 PARM;GEOM_ID=RGIJJLNZJJ;ID=GXKLPAAIOMK;NAME=TotalSpan;GROUP=WingGeom;VALUE=7.8 
 PARM;GEOM_ID=RGIJJLNZJJ;ID=GWIUBRSNHSW;NAME=TwistAllInXZPlaneFlag;GROUP=WingGeom;VALUE=0 
 PARM;GEOM_ID=RGIJJLNZJJ;ID=KNUOXNCCJJN;NAME=X_Len;GROUP=BBox;VALUE=7.92079 
 PARM;GEOM_ID=RGIJJLNZJJ;ID=ILJQAENUVRM;NAME=X_Min;GROUP=BBox;VALUE=35.9112 
 PARM;GEOM_ID=RGIJJLNZJJ;ID=ATGRCDGOMHV;NAME=Y_Len;GROUP=BBox;VALUE=16.4576 
 PARM;GEOM_ID=RGIJJLNZJJ;ID=WIZVAMZNVXY;NAME=Y_Min;GROUP=BBox;VALUE=-8.22881 
 PARM;GEOM_ID=RGIJJLNZJJ;ID=TJSCMTXHYOP;NAME=Z_Len;GROUP=BBox;VALUE=3.9 
 PARM;GEOM_ID=RGIJJLNZJJ;ID=JJPUDQORZJJ;NAME=Z_Min;GROUP=BBox;VALUE=-2.02 
 PARM;GEOM_ID=RGIJJLNZJJ;ID=URVHDYEWBLR;NAME=CapUMaxLength;GROUP=EndCap;VALUE=1 
 PARM;GEOM_ID=RGIJJLNZJJ;ID=KEWEONJJNJT;NAME=CapUMaxOffset;GROUP=EndCap;VALUE=0 
 PARM;GEOM_ID=RGIJJLNZJJ;ID=GPJTMFOZTEZ;NAME=CapUMaxOption;GROUP=EndCap;VALUE=1 
 PARM;GEOM_ID=RGIJJLNZJJ;ID=KNLIQGNLGQN;NAME=CapUMaxStrength;GROUP=EndCap;VALUE=0.5 
 PARM;GEOM_ID=RGIJJLNZJJ;ID=ZPVXGJDSGCA;NAME=CapUMaxSweepFlag;GROUP=EndCap;VALUE=0 
 PARM;GEOM_ID=RGIJJLNZJJ;ID=HJWDAHHFRXH;NAME=CapUMinLength;GROUP=EndCap;VALUE=1 
 PARM;GEOM_ID=RGIJJLNZJJ;ID=STBNCKVKKBS;NAME=CapUMinOffset;GROUP=EndCap;VALUE=0 
 PARM;GEOM_ID=RGIJJLNZJJ;ID=ZZHCXYUGHIB;NAME=CapUMinOption;GROUP=EndCap;VALUE=1 
 PARM;GEOM_ID=RGIJJLNZJJ;ID=AWGHGCMWZPE;NAME=CapUMinStrength;GROUP=EndCap;VALUE=0.5 
 PARM;GEOM_ID=RGIJJLNZJJ;ID=VOTZLTLMZQW;NAME=CapUMinSweepFlag;GROUP=EndCap;VALUE=0 
 PARM;GEOM_ID=RGIJJLNZJJ;ID=HZQZLABVORY;NAME=CapUMinTess;GROUP=EndCap;VALUE=3 
 PARM;GEOM_ID=RGIJJLNZJJ;ID=GQTTOLIJDZE;NAME=ExpandedList;GROUP=ParasiteDragProps;VALUE=0 
 PARM;GEOM_ID=RGIJJLNZJJ;ID=XJAGPBHBYTU;NAME=FFBodyEqnType;GROUP=ParasiteDragProps;VALUE=3 
 PARM;GEOM_ID=RGIJJLNZJJ;ID=GCMSKITJZSX;NAME=FFUser;GROUP=ParasiteDragProps;VALUE=1 
 PARM;GEOM_ID=RGIJJLNZJJ;ID=ACBHCZSQTPQ;NAME=FFWingEqnType;GROUP=ParasiteDragProps;VALUE=3 
 PARM;GEOM_ID=RGIJJLNZJJ;ID=TKLAOMANJKJ;NAME=IncorporatedGen;GROUP=ParasiteDragProps;VALUE=0 
 PARM;GEOM_ID=RGIJJLNZJJ;ID=QORMSMOHRWK;NAME=PercLam;GROUP=ParasiteDragProps;VALUE=0 
 PARM;GEOM_ID=RGIJJLNZJJ;ID=CNZILWHCIBL;NAME=Q;GROUP=ParasiteDragProps;VALUE=1 
 PARM;GEOM_ID=RGIJJLNZJJ;ID=ADJPMLIWTMR;NAME=Roughness;GROUP=ParasiteDragProps;VALUE=0 
 PARM;GEOM_ID=RGIJJLNZJJ;ID=UEWRGXZHUUQ;NAME=TawTwRatio;GROUP=ParasiteDragProps;VALUE=1 
 PARM;GEOM_ID=RGIJJLNZJJ;ID=XCDVFOFUERA;NAME=TeTwRatio;GROUP=ParasiteDragProps;VALUE=1 
 PARM;GEOM_ID=RGIJJLNZJJ;ID=ZCWLVFXWPAO;NAME=ActiveAirfoil;GROUP=Index;VALUE=1 
 PARM;GEOM_ID=RGIJJLNZJJ;ID=PTXOEUDLYYH;NAME=ActiveXSec;GROUP=Index;VALUE=1 
 PARM;GEOM_ID=RGIJJLNZJJ;ID=CRCIEJSZEBS;NAME=Area;GROUP=XSec;VALUE=4.4604 
 PARM;GEOM_ID=RGIJJLNZJJ;ID=SMBPXVZFULW;NAME=Aspect;GROUP=XSec;VALUE=0.224195 
 PARM;GEOM_ID=RGIJJLNZJJ;ID=XSVZUJBVJER;NAME=Avg_Chord;GROUP=XSec;VALUE=4.4604 
 PARM;GEOM_ID=RGIJJLNZJJ;ID=SHGKRHPWQGB;NAME=Dihedral;GROUP=XSec;VALUE=0 
 PARM;GEOM_ID=RGIJJLNZJJ;ID=EAHANJJZTJV;NAME=InCluster;GROUP=XSec;VALUE=1 
 PARM;GEOM_ID=RGIJJLNZJJ;ID=KOZHQTUTRLK;NAME=InLEDihedral;GROUP=XSec;VALUE=1.58445e-14 
 PARM;GEOM_ID=RGIJJLNZJJ;ID=RVPZZRADJML;NAME=InLEMode;GROUP=XSec;VALUE=0 
 PARM;GEOM_ID=RGIJJLNZJJ;ID=LDIATAAVWZW;NAME=InLEStrength;GROUP=XSec;VALUE=1 
 PARM;GEOM_ID=RGIJJLNZJJ;ID=ZYNQIZSWJWH;NAME=InLESweep;GROUP=XSec;VALUE=63.3929 
 PARM;GEOM_ID=RGIJJLNZJJ;ID=GABRGVDCTNA;NAME=InTEDihedral;GROUP=XSec;VALUE=-7.04024e-15 
 PARM;GEOM_ID=RGIJJLNZJJ;ID=XPBWYDZUUFI;NAME=InTEMode;GROUP=XSec;VALUE=0 
 PARM;GEOM_ID=RGIJJLNZJJ;ID=QPSXYECMQLV;NAME=InTEStrength;GROUP=XSec;VALUE=1 
 PARM;GEOM_ID=RGIJJLNZJJ;ID=YIIWCATYJTN;NAME=InTESweep;GROUP=XSec;VALUE=-0.821016 
 PARM;GEOM_ID=RGIJJLNZJJ;ID=WZAKIMXTGOG;NAME=OutCluster;GROUP=XSec;VALUE=1 
 PARM;GEOM_ID=RGIJJLNZJJ;ID=AWUYRBXLIXF;NAME=OutLEDihedral;GROUP=XSec;VALUE=-1.58445e-14 
 PARM;GEOM_ID=RGIJJLNZJJ;ID=LPUKHOAZZXI;NAME=OutLEMode;GROUP=XSec;VALUE=0 
 PARM;GEOM_ID=RGIJJLNZJJ;ID=BENJFBIZZEK;NAME=OutLEStrength;GROUP=XSec;VALUE=1 
 PARM;GEOM_ID=RGIJJLNZJJ;ID=YBJQNKPOWCU;NAME=OutLESweep;GROUP=XSec;VALUE=63.3929 
 PARM;GEOM_ID=RGIJJLNZJJ;ID=DCQNDAZAKIU;NAME=OutTEDihedral;GROUP=XSec;VALUE=7.04024e-15 
 PARM;GEOM_ID=RGIJJLNZJJ;ID=YSKIJOMDQEQ;NAME=OutTEMode;GROUP=XSec;VALUE=0 
 PARM;GEOM_ID=RGIJJLNZJJ;ID=HIRBTCTIRXB;NAME=OutTEStrength;GROUP=XSec;VALUE=1 
 PARM;GEOM_ID=RGIJJLNZJJ;ID=NSYKLLDVZAU;NAME=OutTESweep;GROUP=XSec;VALUE=-0.821016 
 PARM;GEOM_ID=RGIJJLNZJJ;ID=NPSEIFEDEAQ;NAME=ProjectedSpan;GROUP=XSec;VALUE=0 
 PARM;GEOM_ID=RGIJJLNZJJ;ID=FLCYXIFVZKB;NAME=Root_Chord;GROUP=XSec;VALUE=1 
 PARM;GEOM_ID=RGIJJLNZJJ;ID=SRVISTEPPCQ;NAME=RotateMatchDideralFlag;GROUP=XSec;VALUE=0 
 PARM;GEOM_ID=RGIJJLNZJJ;ID=LFVBAMOXTIW;NAME=Sec_Sweep;GROUP=XSec;VALUE=81.7781 
 PARM;GEOM_ID=RGIJJLNZJJ;ID=KUMBWORXWPM;NAME=Sec_Sweep_Location;GROUP=XSec;VALUE=1 
 PARM;GEOM_ID=RGIJJLNZJJ;ID=LVQIUBNDWZJ;NAME=SectTess_U;GROUP=XSec;VALUE=18 
 PARM;GEOM_ID=RGIJJLNZJJ;ID=RNMRUDNXLON;NAME=Span;GROUP=XSec;VALUE=1 
 PARM;GEOM_ID=RGIJJLNZJJ;ID=FCWXNQYFLDF;NAME=Sweep;GROUP=XSec;VALUE=0 
 PARM;GEOM_ID=RGIJJLNZJJ;ID=TYEUFYYLLBR;NAME=Sweep_Location;GROUP=XSec;VALUE=0 
 PARM;GEOM_ID=RGIJJLNZJJ;ID=HAUGGPMYHAV;NAME=Taper;GROUP=XSec;VALUE=7.92079 
 PARM;GEOM_ID=RGIJJLNZJJ;ID=HIDLUDLXVVH;NAME=Tip_Chord;GROUP=XSec;VALUE=7.92079 
 PARM;GEOM_ID=RGIJJLNZJJ;ID=AWSLGQUGYER;NAME=Twist;GROUP=XSec;VALUE=0 
 PARM;GEOM_ID=RGIJJLNZJJ;ID=OFTZIIPRAFS;NAME=TwistInXZPlaneFlag;GROUP=XSec;VALUE=0 
 PARM;GEOM_ID=RGIJJLNZJJ;ID=CWSHFHITJBT;NAME=Twist_Location;GROUP=XSec;VALUE=0.25 
 PARM;GEOM_ID=RGIJJLNZJJ;ID=KVKMNJMVKSE;NAME=Area;GROUP=XSecCurve;VALUE=1.25478 
 PARM;GEOM_ID=RGIJJLNZJJ;ID=WQSRZAVKWZC;NAME=Chord;GROUP=XSecCurve;VALUE=7.92079 
 PARM;GEOM_ID=RGIJJLNZJJ;ID=HCFGYXNQJMW;NAME=DeltaX;GROUP=XSecCurve;VALUE=0 
 PARM;GEOM_ID=RGIJJLNZJJ;ID=BGFQYZAXIBQ;NAME=DeltaY;GROUP=XSecCurve;VALUE=0 
 PARM;GEOM_ID=RGIJJLNZJJ;ID=BQFVUCMSTCG;NAME=FitDegree;GROUP=XSecCurve;VALUE=7 
 PARM;GEOM_ID=RGIJJLNZJJ;ID=RAOFUBVLASE;NAME=HWRatio;GROUP=XSecCurve;VALUE=0.03 
 PARM;GEOM_ID=RGIJJLNZJJ;ID=SDZWMLYZVTJ;NAME=Invert;GROUP=XSecCurve;VALUE=0 
 PARM;GEOM_ID=RGIJJLNZJJ;ID=TGPADZSHUFY;NAME=Scale;GROUP=XSecCurve;VALUE=1 
 PARM;GEOM_ID=RGIJJLNZJJ;ID=ICJUNLYUXPH;NAME=ShiftLE;GROUP=XSecCurve;VALUE=0 
 PARM;GEOM_ID=RGIJJLNZJJ;ID=YPFTJLQTGZG;NAME=Theta;GROUP=XSecCurve;VALUE=0 
 PARM;GEOM_ID=RGIJJLNZJJ;ID=EUHMOCPRVRP;NAME=ThickChord;GROUP=XSecCurve;VALUE=0.03 
 PARM;GEOM_ID=RGIJJLNZJJ;ID=FIOYXCVEPIV;NAME=LE_Cap_Length;GROUP=Cap;VALUE=1 
 PARM;GEOM_ID=RGIJJLNZJJ;ID=VJVIJWCMAZV;NAME=LE_Cap_Offset;GROUP=Cap;VALUE=0 
 PARM;GEOM_ID=RGIJJLNZJJ;ID=OHNZOQSTSKF;NAME=LE_Cap_Strength;GROUP=Cap;VALUE=0.5 
 PARM;GEOM_ID=RGIJJLNZJJ;ID=YZISGDOMFAP;NAME=LE_Cap_Type;GROUP=Cap;VALUE=1 
 PARM;GEOM_ID=RGIJJLNZJJ;ID=RNURBIHUTMK;NAME=TE_Cap_Length;GROUP=Cap;VALUE=1 
 PARM;GEOM_ID=RGIJJLNZJJ;ID=PMXFHIHMYXR;NAME=TE_Cap_Offset;GROUP=Cap;VALUE=0 
 PARM;GEOM_ID=RGIJJLNZJJ;ID=GJIIKNUNNWU;NAME=TE_Cap_Strength;GROUP=Cap;VALUE=0.5 
 PARM;GEOM_ID=RGIJJLNZJJ;ID=ETJCDQWSPOW;NAME=TE_Cap_Type;GROUP=Cap;VALUE=1 
 PARM;GEOM_ID=RGIJJLNZJJ;ID=CTOICSELAJC;NAME=LE_Close_AbsRel;GROUP=Close;VALUE=0 
 PARM;GEOM_ID=RGIJJLNZJJ;ID=TORGMMZWHGF;NAME=LE_Close_Thick;GROUP=Close;VALUE=0 
 PARM;GEOM_ID=RGIJJLNZJJ;ID=IYCBZISSQPO;NAME=LE_Close_Thick_Chord;GROUP=Close;VALUE=0 
 PARM;GEOM_ID=RGIJJLNZJJ;ID=OJLHRQGXYED;NAME=LE_Close_Type;GROUP=Close;VALUE=0 
 PARM;GEOM_ID=RGIJJLNZJJ;ID=JSYNQYDLLKB;NAME=TE_Close_AbsRel;GROUP=Close;VALUE=0 
 PARM;GEOM_ID=RGIJJLNZJJ;ID=JHHWMZUNKRW;NAME=TE_Close_Thick;GROUP=Close;VALUE=0 
 PARM;GEOM_ID=RGIJJLNZJJ;ID=FTRIYFMSDTY;NAME=TE_Close_Thick_Chord;GROUP=Close;VALUE=0 
 PARM;GEOM_ID=RGIJJLNZJJ;ID=ADUODRGEJBX;NAME=TE_Close_Type;GROUP=Close;VALUE=0 
 PARM;GEOM_ID=RGIJJLNZJJ;ID=VVYDHBZOMQL;NAME=LE_Trim_AbsRel;GROUP=Trim;VALUE=0 
 PARM;GEOM_ID=RGIJJLNZJJ;ID=EYTTVCPNVHI;NAME=LE_Trim_Thick;GROUP=Trim;VALUE=0 
 PARM;GEOM_ID=RGIJJLNZJJ;ID=OHBGBFWVSKG;NAME=LE_Trim_Thick_Chord;GROUP=Trim;VALUE=0 
 PARM;GEOM_ID=RGIJJLNZJJ;ID=EKWLRJWFADF;NAME=LE_Trim_Type;GROUP=Trim;VALUE=0 
 PARM;GEOM_ID=RGIJJLNZJJ;ID=PBKTQINUSGI;NAME=LE_Trim_X;GROUP=Trim;VALUE=0 
 PARM;GEOM_ID=RGIJJLNZJJ;ID=LUCGSCRELOB;NAME=LE_Trim_X_Chord;GROUP=Trim;VALUE=0 
 PARM;GEOM_ID=RGIJJLNZJJ;ID=AUWHPOAEKXA;NAME=TE_Trim_AbsRel;GROUP=Trim;VALUE=0 
 PARM;GEOM_ID=RGIJJLNZJJ;ID=WLFNFGGCAKP;NAME=TE_Trim_Thick;GROUP=Trim;VALUE=0 
 PARM;GEOM_ID=RGIJJLNZJJ;ID=ZSCRUDVXREG;NAME=TE_Trim_Thick_Chord;GROUP=Trim;VALUE=0 
 PARM;GEOM_ID=RGIJJLNZJJ;ID=ZLXDXFGQIVD;NAME=TE_Trim_Type;GROUP=Trim;VALUE=0 
 PARM;GEOM_ID=RGIJJLNZJJ;ID=DEMIRYKZJCJ;NAME=TE_Trim_X;GROUP=Trim;VALUE=0 
 PARM;GEOM_ID=RGIJJLNZJJ;ID=GDZVEVFNYZD;NAME=TE_Trim_X_Chord;GROUP=Trim;VALUE=0 
 PARM;GEOM_ID=RGIJJLNZJJ;ID=NBMZWIXAJCO;NAME=TE_Flap_DT;GROUP=Flap;VALUE=0 
 PARM;GEOM_ID=RGIJJLNZJJ;ID=NXJREODTKLK;NAME=TE_Flap_Deflection;GROUP=Flap;VALUE=0 
 PARM;GEOM_ID=RGIJJLNZJJ;ID=RDEOXUWCOMA;NAME=TE_Flap_Flag;GROUP=Flap;VALUE=0 
 PARM;GEOM_ID=RGIJJLNZJJ;ID=HUVAHTSDSSK;NAME=TE_Flap_T;GROUP=Flap;VALUE=0.2 
 PARM;GEOM_ID=RGIJJLNZJJ;ID=DKFAUYYJNJM;NAME=TE_Flap_Type;GROUP=Flap;VALUE=0 
 PARM;GEOM_ID=RGIJJLNZJJ;ID=KOMNDHUBHZW;NAME=TE_Flap_X;GROUP=Flap;VALUE=0 
 PARM;GEOM_ID=RGIJJLNZJJ;ID=QNGNXOZSMEF;NAME=TE_Flap_X_Chord;GROUP=Flap;VALUE=0.2 
 PARM;GEOM_ID=RGIJJLNZJJ;ID=RVBIOPGJVEU;NAME=TE_Flap_Y_Frc;GROUP=Flap;VALUE=0.5 
 PARM;GEOM_ID=RGIJJLNZJJ;ID=VINOLNVFDSM;NAME=TE_Trim_AbsRel;GROUP=Flap;VALUE=1 
 PARM;GEOM_ID=RGIJJLNZJJ;ID=HYHMIJLHFNT;NAME=XSecFlipImageFlag;GROUP=XSecCurve_Background;VALUE=0 
 PARM;GEOM_ID=RGIJJLNZJJ;ID=FYWKIGXAXVI;NAME=XSecImageFlag;GROUP=XSecCurve_Background;VALUE=0 
 PARM;GEOM_ID=RGIJJLNZJJ;ID=IGJJAOGYXPO;NAME=XSecImageH;GROUP=XSecCurve_Background;VALUE=1 
 PARM;GEOM_ID=RGIJJLNZJJ;ID=KHFSEDHAQFS;NAME=XSecImagePreserveAR;GROUP=XSecCurve_Background;VALUE=1 
 PARM;GEOM_ID=RGIJJLNZJJ;ID=WSETWYELLRO;NAME=XSecImageW;GROUP=XSecCurve_Background;VALUE=1 
 PARM;GEOM_ID=RGIJJLNZJJ;ID=JIFOENCXGRB;NAME=XSecImageXOffset;GROUP=XSecCurve_Background;VALUE=0 
 PARM;GEOM_ID=RGIJJLNZJJ;ID=NDGUSDIRXDC;NAME=XSecImageYOffset;GROUP=XSecCurve_Background;VALUE=0 
 PARM;GEOM_ID=RGIJJLNZJJ;ID=ERXRJVBGUDU;NAME=XSecLockImageFlag;GROUP=XSecCurve_Background;VALUE=0 
 PARM;GEOM_ID=RGIJJLNZJJ;ID=BNUHLXOSMKP;NAME=AllSym;GROUP=Chevron;VALUE=1 
 PARM;GEOM_ID=RGIJJLNZJJ;ID=CXRYGNMDCGC;NAME=BottomAmplitude;GROUP=Chevron;VALUE=1 
 PARM;GEOM_ID=RGIJJLNZJJ;ID=DSDNAIZXKTA;NAME=Bottom_Angle;GROUP=Chevron;VALUE=0 
 PARM;GEOM_ID=RGIJJLNZJJ;ID=YBKAWDOQCMS;NAME=Bottom_Slew;GROUP=Chevron;VALUE=0 
 PARM;GEOM_ID=RGIJJLNZJJ;ID=KLWMJQPRTVU;NAME=Chevron_Type;GROUP=Chevron;VALUE=0 
 PARM;GEOM_ID=RGIJJLNZJJ;ID=OFMSVJOOVKL;NAME=LeftAmplitude;GROUP=Chevron;VALUE=1 
 PARM;GEOM_ID=RGIJJLNZJJ;ID=QKALPOKZWUO;NAME=Left_Angle;GROUP=Chevron;VALUE=0 
 PARM;GEOM_ID=RGIJJLNZJJ;ID=TDSALSSBOAN;NAME=Left_Slew;GROUP=Chevron;VALUE=0 
 PARM;GEOM_ID=RGIJJLNZJJ;ID=CXBESTRJHRI;NAME=Number;GROUP=Chevron;VALUE=8 
 PARM;GEOM_ID=RGIJJLNZJJ;ID=QDJSMMROCYS;NAME=Off_Duty;GROUP=Chevron;VALUE=0 
 PARM;GEOM_ID=RGIJJLNZJJ;ID=OEGCLLPNYGK;NAME=On_Duty;GROUP=Chevron;VALUE=0 
 PARM;GEOM_ID=RGIJJLNZJJ;ID=QVMRYZBOQRX;NAME=Peak_Radius;GROUP=Chevron;VALUE=0 
 PARM;GEOM_ID=RGIJJLNZJJ;ID=ORBRVVIMQGR;NAME=RLSym;GROUP=Chevron;VALUE=1 
 PARM;GEOM_ID=RGIJJLNZJJ;ID=ADHGFPUWWVI;NAME=RightAmplitude;GROUP=Chevron;VALUE=1 
 PARM;GEOM_ID=RGIJJLNZJJ;ID=WOJZENBQANE;NAME=Right_Angle;GROUP=Chevron;VALUE=0 
 PARM;GEOM_ID=RGIJJLNZJJ;ID=OBPXPAFPIGT;NAME=Right_Slew;GROUP=Chevron;VALUE=0 
 PARM;GEOM_ID=RGIJJLNZJJ;ID=LKKSKNAABSI;NAME=TBSym;GROUP=Chevron;VALUE=1 
 PARM;GEOM_ID=RGIJJLNZJJ;ID=HIUUCMSDKBU;NAME=TopAmplitude;GROUP=Chevron;VALUE=1 
 PARM;GEOM_ID=RGIJJLNZJJ;ID=GLEWQEOLQMP;NAME=Top_Angle;GROUP=Chevron;VALUE=0 
 PARM;GEOM_ID=RGIJJLNZJJ;ID=ITNFSYJILWC;NAME=Top_Slew;GROUP=Chevron;VALUE=0 
 PARM;GEOM_ID=RGIJJLNZJJ;ID=XDDBGNHUBMT;NAME=Valley_Radius;GROUP=Chevron;VALUE=0 
 PARM;GEOM_ID=RGIJJLNZJJ;ID=NHPHVXQFOGL;NAME=W01_Center;GROUP=Chevron;VALUE=0.25 
 PARM;GEOM_ID=RGIJJLNZJJ;ID=FBZZLORKHSW;NAME=W01_Center_Guide;GROUP=Chevron;VALUE=5 
 PARM;GEOM_ID=RGIJJLNZJJ;ID=RROXFIPCWZD;NAME=W01_End;GROUP=Chevron;VALUE=0.5 
 PARM;GEOM_ID=RGIJJLNZJJ;ID=YBWTLUEWVJE;NAME=W01_End_Guide;GROUP=Chevron;VALUE=5 
 PARM;GEOM_ID=RGIJJLNZJJ;ID=IHRUAPTAUYQ;NAME=W01_Mode;GROUP=Chevron;VALUE=0 
 PARM;GEOM_ID=RGIJJLNZJJ;ID=HBKYJUHRMYN;NAME=W01_Start;GROUP=Chevron;VALUE=0 
 PARM;GEOM_ID=RGIJJLNZJJ;ID=CSEQKPACAFG;NAME=W01_Start_Guide;GROUP=Chevron;VALUE=5 
 PARM;GEOM_ID=RGIJJLNZJJ;ID=MZXTBAOVUFO;NAME=W01_Width;GROUP=Chevron;VALUE=0.5 
 PARM;GEOM_ID=RGIJJLNZJJ;ID=JAOYVNVPKVR;NAME=Area;GROUP=XSec;VALUE=15.6 
 PARM;GEOM_ID=RGIJJLNZJJ;ID=XESIRBFZQHA;NAME=Aspect;GROUP=XSec;VALUE=0.975 
 PARM;GEOM_ID=RGIJJLNZJJ;ID=NSUANIOUGBY;NAME=Avg_Chord;GROUP=XSec;VALUE=4 
 PARM;GEOM_ID=RGIJJLNZJJ;ID=PNFFNEOBONT;NAME=Dihedral;GROUP=XSec;VALUE=0 
 PARM;GEOM_ID=RGIJJLNZJJ;ID=IRLEEUENGNO;NAME=InCluster;GROUP=XSec;VALUE=1 
 PARM;GEOM_ID=RGIJJLNZJJ;ID=JNDBKAEOFXU;NAME=InLEDihedral;GROUP=XSec;VALUE=1.58445e-14 
 PARM;GEOM_ID=RGIJJLNZJJ;ID=KXWGWOBFBAT;NAME=InLEMode;GROUP=XSec;VALUE=0 
 PARM;GEOM_ID=RGIJJLNZJJ;ID=XHOZMJBVQOF;NAME=InLEStrength;GROUP=XSec;VALUE=1 
 PARM;GEOM_ID=RGIJJLNZJJ;ID=VSWIDZLWMSN;NAME=InLESweep;GROUP=XSec;VALUE=63.3929 
 PARM;GEOM_ID=RGIJJLNZJJ;ID=UXFPVGDAJIU;NAME=InTEDihedral;GROUP=XSec;VALUE=-7.04024e-15 
 PARM;GEOM_ID=RGIJJLNZJJ;ID=NHTJSIJVBRG;NAME=InTEMode;GROUP=XSec;VALUE=0 
 PARM;GEOM_ID=RGIJJLNZJJ;ID=HHURSALDTON;NAME=InTEStrength;GROUP=XSec;VALUE=1 
 PARM;GEOM_ID=RGIJJLNZJJ;ID=KKDHSJXSWXX;NAME=InTESweep;GROUP=XSec;VALUE=-0.821016 
 PARM;GEOM_ID=RGIJJLNZJJ;ID=DCCYAOOKWGR;NAME=OutCluster;GROUP=XSec;VALUE=1 
 PARM;GEOM_ID=RGIJJLNZJJ;ID=FVZZEJPAFQR;NAME=OutLEDihedral;GROUP=XSec;VALUE=-1.58445e-14 
 PARM;GEOM_ID=RGIJJLNZJJ;ID=VLZVESNZJIB;NAME=OutLEMode;GROUP=XSec;VALUE=0 
 PARM;GEOM_ID=RGIJJLNZJJ;ID=LUTHSFLASWV;NAME=OutLEStrength;GROUP=XSec;VALUE=1 
 PARM;GEOM_ID=RGIJJLNZJJ;ID=PUCGRTGHWMA;NAME=OutLESweep;GROUP=XSec;VALUE=63.3929 
 PARM;GEOM_ID=RGIJJLNZJJ;ID=PZDLZEWBCMJ;NAME=OutTEDihedral;GROUP=XSec;VALUE=7.04024e-15 
 PARM;GEOM_ID=RGIJJLNZJJ;ID=AJXHMTPLPHQ;NAME=OutTEMode;GROUP=XSec;VALUE=0 
 PARM;GEOM_ID=RGIJJLNZJJ;ID=IEVWKHOTMMF;NAME=OutTEStrength;GROUP=XSec;VALUE=1 
 PARM;GEOM_ID=RGIJJLNZJJ;ID=KUZCEXJGKQA;NAME=OutTESweep;GROUP=XSec;VALUE=-0.821016 
 PARM;GEOM_ID=RGIJJLNZJJ;ID=YHYKKCMBTJX;NAME=ProjectedSpan;GROUP=XSec;VALUE=3.9 
 PARM;GEOM_ID=RGIJJLNZJJ;ID=NVLHSPMBLCP;NAME=Root_Chord;GROUP=XSec;VALUE=7.92079 
 PARM;GEOM_ID=RGIJJLNZJJ;ID=UKKRTXBQSSZ;NAME=RotateMatchDideralFlag;GROUP=XSec;VALUE=0 
 PARM;GEOM_ID=RGIJJLNZJJ;ID=UPNQRESBUSB;NAME=Sec_Sweep;GROUP=XSec;VALUE=-0.821016 
 PARM;GEOM_ID=RGIJJLNZJJ;ID=TZCKRLNORNP;NAME=Sec_Sweep_Location;GROUP=XSec;VALUE=1 
 PARM;GEOM_ID=RGIJJLNZJJ;ID=JGNFMBRRDHA;NAME=SectTess_U;GROUP=XSec;VALUE=18 
 PARM;GEOM_ID=RGIJJLNZJJ;ID=GGHGMNRMIMG;NAME=Span;GROUP=XSec;VALUE=3.9 
 PARM;GEOM_ID=RGIJJLNZJJ;ID=XSNNGQIBKCF;NAME=Sweep;GROUP=XSec;VALUE=63.3929 
 PARM;GEOM_ID=RGIJJLNZJJ;ID=YNCNGTPAUKJ;NAME=Sweep_Location;GROUP=XSec;VALUE=0 
 PARM;GEOM_ID=RGIJJLNZJJ;ID=HDVTSIYOTXQ;NAME=Taper;GROUP=XSec;VALUE=0.01 
 PARM;GEOM_ID=RGIJJLNZJJ;ID=SIODFLYXDSX;NAME=Tip_Chord;GROUP=XSec;VALUE=0.0792079 
 PARM;GEOM_ID=RGIJJLNZJJ;ID=XXREOVFRSLU;NAME=Twist;GROUP=XSec;VALUE=0 
 PARM;GEOM_ID=RGIJJLNZJJ;ID=RJNEJSISFST;NAME=TwistInXZPlaneFlag;GROUP=XSec;VALUE=0 
 PARM;GEOM_ID=RGIJJLNZJJ;ID=VOFQIQGNAYH;NAME=Twist_Location;GROUP=XSec;VALUE=0.25 
 PARM;GEOM_ID=RGIJJLNZJJ;ID=OWHOLLFDCWP;NAME=Area;GROUP=XSecCurve;VALUE=0 
 PARM;GEOM_ID=RGIJJLNZJJ;ID=JJGPLKGLJMG;NAME=Chord;GROUP=XSecCurve;VALUE=0.0792079 
 PARM;GEOM_ID=RGIJJLNZJJ;ID=BOFOZNGYNKK;NAME=DeltaX;GROUP=XSecCurve;VALUE=0 
 PARM;GEOM_ID=RGIJJLNZJJ;ID=THVDDUQVFTJ;NAME=DeltaY;GROUP=XSecCurve;VALUE=0 
 PARM;GEOM_ID=RGIJJLNZJJ;ID=BVUTKJLVPVB;NAME=FitDegree;GROUP=XSecCurve;VALUE=7 
 PARM;GEOM_ID=RGIJJLNZJJ;ID=GMLDEHGNCVR;NAME=HWRatio;GROUP=XSecCurve;VALUE=0 
 PARM;GEOM_ID=RGIJJLNZJJ;ID=SJHYXGEBIKK;NAME=Invert;GROUP=XSecCurve;VALUE=0 
 PARM;GEOM_ID=RGIJJLNZJJ;ID=VUZLIRRRBNN;NAME=Scale;GROUP=XSecCurve;VALUE=1 
 PARM;GEOM_ID=RGIJJLNZJJ;ID=OTXCMQYMLCX;NAME=ShiftLE;GROUP=XSecCurve;VALUE=0 
 PARM;GEOM_ID=RGIJJLNZJJ;ID=MLVSXRIFELQ;NAME=Theta;GROUP=XSecCurve;VALUE=0 
 PARM;GEOM_ID=RGIJJLNZJJ;ID=DNEXDQKXKJA;NAME=ThickChord;GROUP=XSecCurve;VALUE=0 
 PARM;GEOM_ID=RGIJJLNZJJ;ID=RQEYDFOLBLE;NAME=LE_Cap_Length;GROUP=Cap;VALUE=1 
 PARM;GEOM_ID=RGIJJLNZJJ;ID=AMDHSXXXNNZ;NAME=LE_Cap_Offset;GROUP=Cap;VALUE=0 
 PARM;GEOM_ID=RGIJJLNZJJ;ID=RMPNPTHLJXG;NAME=LE_Cap_Strength;GROUP=Cap;VALUE=0.5 
 PARM;GEOM_ID=RGIJJLNZJJ;ID=BSRGHKQCNWY;NAME=LE_Cap_Type;GROUP=Cap;VALUE=1 
 PARM;GEOM_ID=RGIJJLNZJJ;ID=DKPTXWJIVNW;NAME=TE_Cap_Length;GROUP=Cap;VALUE=1 
 PARM;GEOM_ID=RGIJJLNZJJ;ID=BUXFDWNUBZG;NAME=TE_Cap_Offset;GROUP=Cap;VALUE=0 
 PARM;GEOM_ID=RGIJJLNZJJ;ID=SXYQHGFVYVU;NAME=TE_Cap_Strength;GROUP=Cap;VALUE=0.5 
 PARM;GEOM_ID=RGIJJLNZJJ;ID=LARQQCMEOFG;NAME=TE_Cap_Type;GROUP=Cap;VALUE=1 
 PARM;GEOM_ID=RGIJJLNZJJ;ID=RQHGOONHHOR;NAME=LE_Close_AbsRel;GROUP=Close;VALUE=0 
 PARM;GEOM_ID=RGIJJLNZJJ;ID=DONIRQZQONO;NAME=LE_Close_Thick;GROUP=Close;VALUE=0 
 PARM;GEOM_ID=RGIJJLNZJJ;ID=OURBMVJPOJT;NAME=LE_Close_Thick_Chord;GROUP=Close;VALUE=0 
 PARM;GEOM_ID=RGIJJLNZJJ;ID=LVRQLKKREIV;NAME=LE_Close_Type;GROUP=Close;VALUE=0 
 PARM;GEOM_ID=RGIJJLNZJJ;ID=EFLNQRASZPJ;NAME=TE_Close_AbsRel;GROUP=Close;VALUE=0 
 PARM;GEOM_ID=RGIJJLNZJJ;ID=HXRFOMINXGJ;NAME=TE_Close_Thick;GROUP=Close;VALUE=0 
 PARM;GEOM_ID=RGIJJLNZJJ;ID=LDIACMIOKOS;NAME=TE_Close_Thick_Chord;GROUP=Close;VALUE=0 
 PARM;GEOM_ID=RGIJJLNZJJ;ID=CARCHRKGJLP;NAME=TE_Close_Type;GROUP=Close;VALUE=0 
 PARM;GEOM_ID=RGIJJLNZJJ;ID=TBVNXZWXODB;NAME=LE_Trim_AbsRel;GROUP=Trim;VALUE=0 
 PARM;GEOM_ID=RGIJJLNZJJ;ID=ARWZREHFPNK;NAME=LE_Trim_Thick;GROUP=Trim;VALUE=0 
 PARM;GEOM_ID=RGIJJLNZJJ;ID=KYDDTUNHSQL;NAME=LE_Trim_Thick_Chord;GROUP=Trim;VALUE=4.45873e-16 
 PARM;GEOM_ID=RGIJJLNZJJ;ID=NFCJRLKPQPK;NAME=LE_Trim_Type;GROUP=Trim;VALUE=0 
 PARM;GEOM_ID=RGIJJLNZJJ;ID=KRHFIXHEDVL;NAME=LE_Trim_X;GROUP=Trim;VALUE=0 
 PARM;GEOM_ID=RGIJJLNZJJ;ID=BLYYGPEUMJY;NAME=LE_Trim_X_Chord;GROUP=Trim;VALUE=0 
 PARM;GEOM_ID=RGIJJLNZJJ;ID=DZFIWZFTXIK;NAME=TE_Trim_AbsRel;GROUP=Trim;VALUE=0 
 PARM;GEOM_ID=RGIJJLNZJJ;ID=HPPSCVXJFMG;NAME=TE_Trim_Thick;GROUP=Trim;VALUE=0 
 PARM;GEOM_ID=RGIJJLNZJJ;ID=UGLKHDMRENJ;NAME=TE_Trim_Thick_Chord;GROUP=Trim;VALUE=0 
 PARM;GEOM_ID=RGIJJLNZJJ;ID=GYHSDHXTNUG;NAME=TE_Trim_Type;GROUP=Trim;VALUE=0 
 PARM;GEOM_ID=RGIJJLNZJJ;ID=AZKAXWTHAXS;NAME=TE_Trim_X;GROUP=Trim;VALUE=0 
 PARM;GEOM_ID=RGIJJLNZJJ;ID=KKMGUPTUILZ;NAME=TE_Trim_X_Chord;GROUP=Trim;VALUE=0 
 PARM;GEOM_ID=RGIJJLNZJJ;ID=XOLAFYQCNII;NAME=TE_Flap_DT;GROUP=Flap;VALUE=0 
 PARM;GEOM_ID=RGIJJLNZJJ;ID=EXWEELKCSYG;NAME=TE_Flap_Deflection;GROUP=Flap;VALUE=0 
 PARM;GEOM_ID=RGIJJLNZJJ;ID=DTJWRAGPBRE;NAME=TE_Flap_Flag;GROUP=Flap;VALUE=0 
 PARM;GEOM_ID=RGIJJLNZJJ;ID=ALREGUXZNWI;NAME=TE_Flap_T;GROUP=Flap;VALUE=0.2 
 PARM;GEOM_ID=RGIJJLNZJJ;ID=UCANYPVHGPE;NAME=TE_Flap_Type;GROUP=Flap;VALUE=0 
 PARM;GEOM_ID=RGIJJLNZJJ;ID=ICORGCBQDFB;NAME=TE_Flap_X;GROUP=Flap;VALUE=0 
 PARM;GEOM_ID=RGIJJLNZJJ;ID=SRWWIVWHJBC;NAME=TE_Flap_X_Chord;GROUP=Flap;VALUE=0.2 
 PARM;GEOM_ID=RGIJJLNZJJ;ID=HXMDDXNWABI;NAME=TE_Flap_Y_Frc;GROUP=Flap;VALUE=0.5 
 PARM;GEOM_ID=RGIJJLNZJJ;ID=JDBDWKWAFXK;NAME=TE_Trim_AbsRel;GROUP=Flap;VALUE=1 
 PARM;GEOM_ID=RGIJJLNZJJ;ID=SBZNTARCAME;NAME=XSecFlipImageFlag;GROUP=XSecCurve_Background;VALUE=0 
 PARM;GEOM_ID=RGIJJLNZJJ;ID=BKEUZNBVBNN;NAME=XSecImageFlag;GROUP=XSecCurve_Background;VALUE=0 
 PARM;GEOM_ID=RGIJJLNZJJ;ID=XQSIRMWTADF;NAME=XSecImageH;GROUP=XSecCurve_Background;VALUE=1 
 PARM;GEOM_ID=RGIJJLNZJJ;ID=SOAERSFZNBY;NAME=XSecImagePreserveAR;GROUP=XSecCurve_Background;VALUE=1 
 PARM;GEOM_ID=RGIJJLNZJJ;ID=QSKOLWHZTYR;NAME=XSecImageW;GROUP=XSecCurve_Background;VALUE=1 
 PARM;GEOM_ID=RGIJJLNZJJ;ID=XGCZJSFMWGY;NAME=XSecImageXOffset;GROUP=XSecCurve_Background;VALUE=0 
 PARM;GEOM_ID=RGIJJLNZJJ;ID=AGAXZWCZFQI;NAME=XSecImageYOffset;GROUP=XSecCurve_Background;VALUE=0 
 PARM;GEOM_ID=RGIJJLNZJJ;ID=LIPJWZKPWVT;NAME=XSecLockImageFlag;GROUP=XSecCurve_Background;VALUE=0 
 PARM;GEOM_ID=RGIJJLNZJJ;ID=ZQIHPENZDJQ;NAME=AllSym;GROUP=Chevron;VALUE=1 
 PARM;GEOM_ID=RGIJJLNZJJ;ID=UXYLOXFHFOH;NAME=BottomAmplitude;GROUP=Chevron;VALUE=1 
 PARM;GEOM_ID=RGIJJLNZJJ;ID=BRUHQCGOFYD;NAME=Bottom_Angle;GROUP=Chevron;VALUE=0 
 PARM;GEOM_ID=RGIJJLNZJJ;ID=GMRRCVPZASY;NAME=Bottom_Slew;GROUP=Chevron;VALUE=0 
 PARM;GEOM_ID=RGIJJLNZJJ;ID=CSEBYCQAOOK;NAME=Chevron_Type;GROUP=Chevron;VALUE=0 
 PARM;GEOM_ID=RGIJJLNZJJ;ID=WZDDUIXJCDH;NAME=LeftAmplitude;GROUP=Chevron;VALUE=1 
 PARM;GEOM_ID=RGIJJLNZJJ;ID=CNVESPNSPAR;NAME=Left_Angle;GROUP=Chevron;VALUE=0 
 PARM;GEOM_ID=RGIJJLNZJJ;ID=USUUNNEEKBF;NAME=Left_Slew;GROUP=Chevron;VALUE=0 
 PARM;GEOM_ID=RGIJJLNZJJ;ID=EQNSKWQLCFE;NAME=Number;GROUP=Chevron;VALUE=8 
 PARM;GEOM_ID=RGIJJLNZJJ;ID=RVAEPOJWEGQ;NAME=Off_Duty;GROUP=Chevron;VALUE=0 
 PARM;GEOM_ID=RGIJJLNZJJ;ID=HPAOVYJATVJ;NAME=On_Duty;GROUP=Chevron;VALUE=0 
 PARM;GEOM_ID=RGIJJLNZJJ;ID=JKCRRCQBMGK;NAME=Peak_Radius;GROUP=Chevron;VALUE=0 
 PARM;GEOM_ID=RGIJJLNZJJ;ID=YKBKEJFATET;NAME=RLSym;GROUP=Chevron;VALUE=1 
 PARM;GEOM_ID=RGIJJLNZJJ;ID=SWPYESLHWWO;NAME=RightAmplitude;GROUP=Chevron;VALUE=1 
 PARM;GEOM_ID=RGIJJLNZJJ;ID=ZFGBNCMNXXH;NAME=Right_Angle;GROUP=Chevron;VALUE=0 
 PARM;GEOM_ID=RGIJJLNZJJ;ID=EFZANACMHMB;NAME=Right_Slew;GROUP=Chevron;VALUE=0 
 PARM;GEOM_ID=RGIJJLNZJJ;ID=UTHUBDBNYZS;NAME=TBSym;GROUP=Chevron;VALUE=1 
 PARM;GEOM_ID=RGIJJLNZJJ;ID=HRIUGRLRXQC;NAME=TopAmplitude;GROUP=Chevron;VALUE=1 
 PARM;GEOM_ID=RGIJJLNZJJ;ID=HBAGCXZEIHF;NAME=Top_Angle;GROUP=Chevron;VALUE=0 
 PARM;GEOM_ID=RGIJJLNZJJ;ID=AXLIFQPKRCB;NAME=Top_Slew;GROUP=Chevron;VALUE=0 
 PARM;GEOM_ID=RGIJJLNZJJ;ID=VOAIKDGOZRM;NAME=Valley_Radius;GROUP=Chevron;VALUE=0 
 PARM;GEOM_ID=RGIJJLNZJJ;ID=TGPHMNEOPUI;NAME=W01_Center;GROUP=Chevron;VALUE=0.25 
 PARM;GEOM_ID=RGIJJLNZJJ;ID=KSHMQKRBYIJ;NAME=W01_Center_Guide;GROUP=Chevron;VALUE=5 
 PARM;GEOM_ID=RGIJJLNZJJ;ID=UYNZRFPICXZ;NAME=W01_End;GROUP=Chevron;VALUE=0.5 
 PARM;GEOM_ID=RGIJJLNZJJ;ID=JPMNRNRNHHR;NAME=W01_End_Guide;GROUP=Chevron;VALUE=5 
 PARM;GEOM_ID=RGIJJLNZJJ;ID=XTBRVMIFBNH;NAME=W01_Mode;GROUP=Chevron;VALUE=0 
 PARM;GEOM_ID=RGIJJLNZJJ;ID=FEXBDGXWKEW;NAME=W01_Start;GROUP=Chevron;VALUE=0 
 PARM;GEOM_ID=RGIJJLNZJJ;ID=YBSPVCPVAIP;NAME=W01_Start_Guide;GROUP=Chevron;VALUE=5 
 PARM;GEOM_ID=RGIJJLNZJJ;ID=YWLFTCBUCLA;NAME=W01_Width;GROUP=Chevron;VALUE=0.5 
 WING_TERMINAL;GEOM_ID=RGIJJLNZJJ;XSEC_COUNT=2;TIP_ID=SIODFLYXDSX;TIP=0.0792079;ROOT_ID=NVLHSPMBLCP;ROOT=7.92079;SPAN_ID=GGHGMNRMIMG;SPAN=3.9 
 REPAIRMACH_INVENTORY_END 
