Results_Name,VSPAERO_Wrapper
Results_Timestamp,1788934244
Results_Date,9,9,2026
Results_Time,9,10,44
Analysis_Duration_Sec,1.790599999999999881e+01
ResultsVec,VSPAERO_History,VSPAERO_Polar,VSPAERO_Load,CpSlice_Wrapper
Results_Name,VSPAERO_History
Results_Timestamp,1788934243
Results_Date,9,9,2026
Results_Time,9,10,43
Alpha,1.000000000000000000e+00,1.000000000000000000e+00,1.000000000000000000e+00,1.000000000000000000e+00,1.000000000000000000e+00,1.000000000000000000e+00
Beta,0.000000000000000000e+00,0.000000000000000000e+00,0.000000000000000000e+00,0.000000000000000000e+00,0.000000000000000000e+00,0.000000000000000000e+00
CDi,0.000000000000000000e+00,9.379670620000000233e-04,9.312161520000000530e-04,9.318049689999999751e-04,9.317932529999999524e-04,9.317906729999999617e-04
CDiw,0.000000000000000000e+00,0.000000000000000000e+00,0.000000000000000000e+00,0.000000000000000000e+00,0.000000000000000000e+00,0.000000000000000000e+00
CDo,8.620749288999999746e-03,8.638621980000000394e-03,8.640862626999999685e-03,8.640849784999999825e-03,8.640852572000000398e-03,8.640852446000000034e-03
CDtot,8.620749288999999746e-03,9.576589042999999329e-03,9.572078778999999413e-03,9.572654753999999475e-03,9.572645825000000025e-03,9.572643118000000867e-03
CDwtot,8.620749288999999746e-03,8.638621980000000394e-03,8.640862626999999685e-03,8.640849784999999825e-03,8.640852572000000398e-03,8.640852446000000034e-03
CFxi,0.000000000000000000e+00,5.238358999999999697e-05,2.661809999999999931e-07,-1.066299999999999926e-08,2.690000000000000017e-10,2.400000000000000113e-11
CFxiw,0.000000000000000000e+00,0.000000000000000000e+00,0.000000000000000000e+00,0.000000000000000000e+00,0.000000000000000000e+00,0.000000000000000000e+00
CFxo,8.622055551999999526e-03,8.639930964000000144e-03,8.642171953000000670e-03,8.642159108999999950e-03,8.642161896000000523e-03,8.642161770000000159e-03
CFxtot,8.622055551999999526e-03,8.692314555000000414e-03,8.642438133000000453e-03,8.642148444999999193e-03,8.642162164999999882e-03,8.642161794000000063e-03
CFxwtot,8.622055551999999526e-03,8.639930964000000144e-03,8.642171953000000670e-03,8.642159108999999950e-03,8.642161896000000523e-03,8.642161770000000159e-03
CFyi,0.000000000000000000e+00,-1.013758799999999981e-05,-3.231460999999999925e-04,-4.214469090000000167e-04,-4.328406369999999851e-04,-4.331815190000000253e-04
CFyiw,0.000000000000000000e+00,0.000000000000000000e+00,0.000000000000000000e+00,0.000000000000000000e+00,0.000000000000000000e+00,0.000000000000000000e+00
CFyo,0.000000000000000000e+00,-2.400000000000000113e-11,7.999999999999999839e-12,4.999999999999999697e-12,4.999999999999999697e-12,4.999999999999999697e-12
CFytot,0.000000000000000000e+00,-1.013761200000000048e-05,-3.231460930000000205e-04,-4.214469029999999864e-04,-4.328406320000000051e-04,-4.331815139999999910e-04
CFywtot,0.000000000000000000e+00,-2.400000000000000113e-11,7.999999999999999839e-12,4.999999999999999697e-12,4.999999999999999697e-12,4.999999999999999697e-12
CFzi,0.000000000000000000e+00,5.074322864900000091e-02,5.334221474100000332e-02,5.339181355099999887e-02,5.339051594799999745e-02,5.339038211799999878e-02
CFziw,0.000000000000000000e+00,0.000000000000000000e+00,0.000000000000000000e+00,0.000000000000000000e+00,0.000000000000000000e+00,0.000000000000000000e+00
CFzo,3.963969999999999992e-07,3.964530000000000098e-07,3.964559999999999867e-07,3.964559999999999867e-07,3.964559999999999867e-07,3.964559999999999867e-07
CFztot,3.963969999999999992e-07,5.074362510199999926e-02,5.334261119800000339e-02,5.339221000799999894e-02,5.339091240399999883e-02,5.339077857499999885e-02
CFzwtot,3.963969999999999992e-07,3.964530000000000098e-07,3.964559999999999867e-07,3.964559999999999867e-07,3.964559999999999867e-07,3.964559999999999867e-07
CLi,0.000000000000000000e+00,5.073458598999999736e-02,5.333408581799999743e-02,5.338368190500000082e-02,5.338238430899999720e-02,5.338225050400000060e-02
CLiw,0.000000000000000000e+00,0.000000000000000000e+00,0.000000000000000000e+00,0.000000000000000000e+00,0.000000000000000000e+00,0.000000000000000000e+00
CLo,-1.500792809999999995e-04,-1.503911940000000013e-04,-1.504303009999999980e-04,-1.504300769999999986e-04,-1.504301259999999926e-04,-1.504301240000000006e-04
CLtot,-1.500792809999999995e-04,5.058419479600000102e-02,5.318365551700000166e-02,5.323325182799999722e-02,5.323195418300000203e-02,5.323182038000000282e-02
CLwtot,-1.500792809999999995e-04,-1.503911940000000013e-04,-1.504303009999999980e-04,-1.504300769999999986e-04,-1.504301259999999926e-04,-1.504301240000000006e-04
CMxi,0.000000000000000000e+00,4.137981500000000083e-05,9.554580699999999497e-05,1.073682510000000060e-04,1.068473600000000002e-04,1.067562610000000065e-04
CMxo,0.000000000000000000e+00,0.000000000000000000e+00,-0.000000000000000000e+00,-0.000000000000000000e+00,-0.000000000000000000e+00,-0.000000000000000000e+00
CMxtot,0.000000000000000000e+00,4.137981500000000083e-05,9.554580699999999497e-05,1.073682510000000060e-04,1.068473600000000002e-04,1.067562610000000065e-04
CMyi,0.000000000000000000e+00,-5.473588400900000067e-02,-5.910459043400000112e-02,-5.925027570000000049e-02,-5.924248911200000189e-02,-5.924225076200000106e-02
CMyo,5.827171639999999524e-04,5.826070719999999975e-04,5.825821250000000426e-04,5.825836250000000121e-04,5.825832450000000126e-04,5.825832559999999686e-04
CMytot,5.827171639999999524e-04,-5.415327693599999992e-02,-5.852200830899999956e-02,-5.866769207499999972e-02,-5.865990586799999656e-02,-5.865966750599999752e-02
CMzi,0.000000000000000000e+00,5.363921000000000376e-06,-1.880394490000000015e-04,-2.606459659999999846e-04,-2.691616579999999933e-04,-2.694148490000000153e-04
CMzo,-0.000000000000000000e+00,-1.416400000000000031e-08,1.610000000000000127e-10,1.548000000000000031e-09,2.047999999999999959e-09,2.067999999999999890e-09
CMztot,-0.000000000000000000e+00,5.349756999999999879e-06,-1.880392879999999943e-04,-2.606444179999999901e-04,-2.691596099999999910e-04,-2.694127809999999844e-04
CSi,0.000000000000000000e+00,-1.013758799999999981e-05,-3.231460999999999925e-04,-4.214469090000000167e-04,-4.328406369999999851e-04,-4.331815190000000253e-04
CSiw,0.000000000000000000e+00,0.000000000000000000e+00,0.000000000000000000e+00,0.000000000000000000e+00,0.000000000000000000e+00,0.000000000000000000e+00
CSo,0.000000000000000000e+00,-2.400000000000000113e-11,7.999999999999999839e-12,4.999999999999999697e-12,4.999999999999999697e-12,4.999999999999999697e-12
CStot,0.000000000000000000e+00,-1.013761200000000048e-05,-3.231460930000000205e-04,-4.214469029999999864e-04,-4.328406320000000051e-04,-4.331815139999999910e-04
CSwtot,0.000000000000000000e+00,-2.400000000000000113e-11,7.999999999999999839e-12,4.999999999999999697e-12,4.999999999999999697e-12,4.999999999999999697e-12
E,0.000000000000000000e+00,2.575949536170000220e-01,2.867318308760000156e-01,2.870838246260000171e-01,2.870734778719999936e-01,2.870728338290000070e-01
Ew,0.000000000000000000e+00,0.000000000000000000e+00,0.000000000000000000e+00,0.000000000000000000e+00,0.000000000000000000e+00,0.000000000000000000e+00
FC_AoA_,1.000000000000000000e+00
FC_Beta_,0.000000000000000000e+00
FC_Bref_,3.727034100000000194e+01
FC_Cref_,1.236139999999999972e+01
FC_Mach_,1.199999999999999956e+00
FC_Pitch_Rate,0.000000000000000000e+00
FC_ReCref_,1.000000000000000000e+07
FC_Rho_,2.377000000000000206e-03
FC_Roll__Rate,0.000000000000000000e+00
FC_Sref_,4.096313739999999939e+02
FC_Vinf_,1.000000000000000000e+02
FC_Xcg_,2.046778000000000119e+01
FC_Yaw___Rate,0.000000000000000000e+00
FC_Ycg_,0.000000000000000000e+00
FC_Zcg_,0.000000000000000000e+00
L/D,0.000000000000000000e+00,5.297772073581000107e+00,5.571839414147000014e+00,5.576685180540000175e+00,5.576554829615999687e+00,5.576542428639999827e+00
L/Dw,0.000000000000000000e+00,0.000000000000000000e+00,0.000000000000000000e+00,0.000000000000000000e+00,0.000000000000000000e+00,0.000000000000000000e+00
Mach,1.199999999999999956e+00,1.199999999999999956e+00,1.199999999999999956e+00,1.199999999999999956e+00,1.199999999999999956e+00,1.199999999999999956e+00
T/QS,0.000000000000000000e+00,0.000000000000000000e+00,0.000000000000000000e+00,0.000000000000000000e+00,0.000000000000000000e+00,0.000000000000000000e+00
WakeIter,1,2,3,4,5,6
WallTime,1.442999999998999971e+00,3.699000000000999933e+00,5.896999999996999975e+00,8.148000000000999776e+00,1.022699999999900022e+01,1.232699999999699969e+01
log10( L2Residual ),-1.819568930530000017e-01,-5.578035066480000470e-01,-1.574404361460000068e+00,-2.794442600658999964e+00,-3.807683761943999823e+00,-4.858536163909000116e+00
log10( MaxResidual ),2.412597247190000072e-01,7.626850937029999722e-01,-7.100810904599999529e-02,-1.447188532910999914e+00,-2.256606895507000221e+00,-3.244669059182999860e+00
Results_Name,VSPAERO_Polar
Results_Timestamp,1788934243
Results_Date,9,9,2026
Results_Time,9,10,43
Alpha,1.000000000000000000e+00
Beta,0.000000000000000000e+00
CDi,9.317906729999999617e-04
CDiw,0.000000000000000000e+00
CDo,8.640852446000000034e-03
CDtot,9.572643118000000867e-03
CDwtot,8.640852446000000034e-03
CFix,2.400000000000000113e-11
CFiy,-4.331815190000000253e-04
CFiz,5.339038211799999878e-02
CFox,8.642161770000000159e-03
CFoy,4.999999999999999697e-12
CFoz,3.964559999999999867e-07
CFxtot,8.642161794000000063e-03
CFytot,-4.331815139999999910e-04
CFztot,5.339077857499999885e-02
CLi,5.338225050400000060e-02
CLiw,0.000000000000000000e+00
CLo,-1.504301240000000006e-04
CLtot,5.323182038000000282e-02
CLwtot,-1.504301240000000006e-04
CMix,1.067562610000000065e-04
CMiy,-5.924225076200000106e-02
CMiz,-2.694148490000000153e-04
CMox,-0.000000000000000000e+00
CMoy,5.825832559999999686e-04
CMoz,2.067999999999999890e-09
CMxtot,1.067562610000000065e-04
CMytot,-5.865966750599999752e-02
CMztot,-2.694127809999999844e-04
CSi,-4.331815190000000253e-04
CSiw,0.000000000000000000e+00
CSo,4.999999999999999697e-12
CStot,-4.331815139999999910e-04
CSwtot,4.999999999999999697e-12
E,2.854571823679999953e-01
Ew,2.854571823679999953e-01
L_D,5.560827842623999651e+00
L_Dw,5.560827842623999651e+00
Mach,1.199999999999999956e+00
Re_1e6,1.000000000000000000e+01
StallFactor,1.000000000000000000e+00
Results_Name,VSPAERO_Load
Results_Timestamp,1788934243
Results_Date,9,9,2026
Results_Time,9,10,43
Angle ,0.000000000000000000e+00,0.000000000000000000e+00,0.000000000000000000e+00,0.000000000000000000e+00,0.000000000000000000e+00,0.000000000000000000e+00,0.000000000000000000e+00,0.000000000000000000e+00,0.000000000000000000e+00,0.000000000000000000e+00,0.000000000000000000e+00,0.000000000000000000e+00,0.000000000000000000e+00,0.000000000000000000e+00,0.000000000000000000e+00,0.000000000000000000e+00,0.000000000000000000e+00,0.000000000000000000e+00,0.000000000000000000e+00,0.000000000000000000e+00,0.000000000000000000e+00,0.000000000000000000e+00,0.000000000000000000e+00,0.000000000000000000e+00,0.000000000000000000e+00,0.000000000000000000e+00,0.000000000000000000e+00,0.000000000000000000e+00,0.000000000000000000e+00,0.000000000000000000e+00,0.000000000000000000e+00,0.000000000000000000e+00,0.000000000000000000e+00,0.000000000000000000e+00,0.000000000000000000e+00,0.000000000000000000e+00,0.000000000000000000e+00,0.000000000000000000e+00,0.000000000000000000e+00,0.000000000000000000e+00,0.000000000000000000e+00,0.000000000000000000e+00,0.000000000000000000e+00,0.000000000000000000e+00,0.000000000000000000e+00,0.000000000000000000e+00,0.000000000000000000e+00,0.000000000000000000e+00,0.000000000000000000e+00,0.000000000000000000e+00,0.000000000000000000e+00,0.000000000000000000e+00,0.000000000000000000e+00,0.000000000000000000e+00,0.000000000000000000e+00,0.000000000000000000e+00,0.000000000000000000e+00,0.000000000000000000e+00,0.000000000000000000e+00,0.000000000000000000e+00,0.000000000000000000e+00,0.000000000000000000e+00,0.000000000000000000e+00,0.000000000000000000e+00,0.000000000000000000e+00,0.000000000000000000e+00,0.000000000000000000e+00,0.000000000000000000e+00,0.000000000000000000e+00,0.000000000000000000e+00,0.000000000000000000e+00,0.000000000000000000e+00,0.000000000000000000e+00,0.000000000000000000e+00,0.000000000000000000e+00,0.000000000000000000e+00,0.000000000000000000e+00,0.000000000000000000e+00,0.000000000000000000e+00,0.000000000000000000e+00,0.000000000000000000e+00,0.000000000000000000e+00,0.000000000000000000e+00,0.000000000000000000e+00,0.000000000000000000e+00,0.000000000000000000e+00,0.000000000000000000e+00,0.000000000000000000e+00,0.000000000000000000e+00,0.000000000000000000e+00,0.000000000000000000e+00,0.000000000000000000e+00
CP,0.000000000000000000e+00,0.000000000000000000e+00,0.000000000000000000e+00,0.000000000000000000e+00,0.000000000000000000e+00,0.000000000000000000e+00,0.000000000000000000e+00,0.000000000000000000e+00,0.000000000000000000e+00,0.000000000000000000e+00,0.000000000000000000e+00,0.000000000000000000e+00,0.000000000000000000e+00,0.000000000000000000e+00,0.000000000000000000e+00,0.000000000000000000e+00,0.000000000000000000e+00,0.000000000000000000e+00,0.000000000000000000e+00,0.000000000000000000e+00,0.000000000000000000e+00,0.000000000000000000e+00,0.000000000000000000e+00,0.000000000000000000e+00,0.000000000000000000e+00,0.000000000000000000e+00,0.000000000000000000e+00,0.000000000000000000e+00,0.000000000000000000e+00,0.000000000000000000e+00,0.000000000000000000e+00,0.000000000000000000e+00,0.000000000000000000e+00,0.000000000000000000e+00,0.000000000000000000e+00,0.000000000000000000e+00,0.000000000000000000e+00,0.000000000000000000e+00,0.000000000000000000e+00,0.000000000000000000e+00,0.000000000000000000e+00,0.000000000000000000e+00,0.000000000000000000e+00,0.000000000000000000e+00,0.000000000000000000e+00,0.000000000000000000e+00,0.000000000000000000e+00,0.000000000000000000e+00,0.000000000000000000e+00,0.000000000000000000e+00,0.000000000000000000e+00,0.000000000000000000e+00,0.000000000000000000e+00,0.000000000000000000e+00,0.000000000000000000e+00,0.000000000000000000e+00,0.000000000000000000e+00,0.000000000000000000e+00,0.000000000000000000e+00,0.000000000000000000e+00,0.000000000000000000e+00,0.000000000000000000e+00,0.000000000000000000e+00,0.000000000000000000e+00,0.000000000000000000e+00,0.000000000000000000e+00,0.000000000000000000e+00,0.000000000000000000e+00,0.000000000000000000e+00,0.000000000000000000e+00,0.000000000000000000e+00,0.000000000000000000e+00,0.000000000000000000e+00,0.000000000000000000e+00,0.000000000000000000e+00,0.000000000000000000e+00,0.000000000000000000e+00,0.000000000000000000e+00,0.000000000000000000e+00,0.000000000000000000e+00,0.000000000000000000e+00,0.000000000000000000e+00,0.000000000000000000e+00,0.000000000000000000e+00,0.000000000000000000e+00,0.000000000000000000e+00,0.000000000000000000e+00,0.000000000000000000e+00,0.000000000000000000e+00,0.000000000000000000e+00,0.000000000000000000e+00,0.000000000000000000e+00
CP_h,0.000000000000000000e+00,0.000000000000000000e+00,0.000000000000000000e+00,0.000000000000000000e+00,0.000000000000000000e+00,0.000000000000000000e+00,0.000000000000000000e+00,0.000000000000000000e+00,0.000000000000000000e+00,0.000000000000000000e+00,0.000000000000000000e+00,0.000000000000000000e+00,0.000000000000000000e+00,0.000000000000000000e+00,0.000000000000000000e+00,0.000000000000000000e+00,0.000000000000000000e+00,0.000000000000000000e+00,0.000000000000000000e+00,0.000000000000000000e+00,0.000000000000000000e+00,0.000000000000000000e+00,0.000000000000000000e+00,0.000000000000000000e+00,0.000000000000000000e+00,0.000000000000000000e+00,0.000000000000000000e+00,0.000000000000000000e+00,0.000000000000000000e+00,0.000000000000000000e+00,0.000000000000000000e+00,0.000000000000000000e+00,0.000000000000000000e+00,0.000000000000000000e+00,0.000000000000000000e+00,0.000000000000000000e+00,0.000000000000000000e+00,0.000000000000000000e+00,0.000000000000000000e+00,0.000000000000000000e+00,0.000000000000000000e+00,0.000000000000000000e+00,0.000000000000000000e+00,0.000000000000000000e+00,0.000000000000000000e+00,0.000000000000000000e+00,0.000000000000000000e+00,0.000000000000000000e+00,0.000000000000000000e+00,0.000000000000000000e+00,0.000000000000000000e+00,0.000000000000000000e+00,0.000000000000000000e+00,0.000000000000000000e+00,0.000000000000000000e+00,0.000000000000000000e+00,0.000000000000000000e+00,0.000000000000000000e+00,0.000000000000000000e+00,0.000000000000000000e+00,0.000000000000000000e+00,0.000000000000000000e+00,0.000000000000000000e+00,0.000000000000000000e+00,0.000000000000000000e+00,0.000000000000000000e+00,0.000000000000000000e+00,0.000000000000000000e+00,0.000000000000000000e+00,0.000000000000000000e+00,0.000000000000000000e+00,0.000000000000000000e+00,0.000000000000000000e+00,0.000000000000000000e+00,0.000000000000000000e+00,0.000000000000000000e+00,0.000000000000000000e+00,0.000000000000000000e+00,0.000000000000000000e+00,0.000000000000000000e+00,0.000000000000000000e+00,0.000000000000000000e+00,0.000000000000000000e+00,0.000000000000000000e+00,0.000000000000000000e+00,0.000000000000000000e+00,0.000000000000000000e+00,0.000000000000000000e+00,0.000000000000000000e+00,0.000000000000000000e+00,0.000000000000000000e+00,0.000000000000000000e+00
CQ,0.000000000000000000e+00,0.000000000000000000e+00,0.000000000000000000e+00,0.000000000000000000e+00,0.000000000000000000e+00,0.000000000000000000e+00,0.000000000000000000e+00,0.000000000000000000e+00,0.000000000000000000e+00,0.000000000000000000e+00,0.000000000000000000e+00,0.000000000000000000e+00,0.000000000000000000e+00,0.000000000000000000e+00,0.000000000000000000e+00,0.000000000000000000e+00,0.000000000000000000e+00,0.000000000000000000e+00,0.000000000000000000e+00,0.000000000000000000e+00,0.000000000000000000e+00,0.000000000000000000e+00,0.000000000000000000e+00,0.000000000000000000e+00,0.000000000000000000e+00,0.000000000000000000e+00,0.000000000000000000e+00,0.000000000000000000e+00,0.000000000000000000e+00,0.000000000000000000e+00,0.000000000000000000e+00,0.000000000000000000e+00,0.000000000000000000e+00,0.000000000000000000e+00,0.000000000000000000e+00,0.000000000000000000e+00,0.000000000000000000e+00,0.000000000000000000e+00,0.000000000000000000e+00,0.000000000000000000e+00,0.000000000000000000e+00,0.000000000000000000e+00,0.000000000000000000e+00,0.000000000000000000e+00,0.000000000000000000e+00,0.000000000000000000e+00,0.000000000000000000e+00,0.000000000000000000e+00,0.000000000000000000e+00,0.000000000000000000e+00,0.000000000000000000e+00,0.000000000000000000e+00,0.000000000000000000e+00,0.000000000000000000e+00,0.000000000000000000e+00,0.000000000000000000e+00,0.000000000000000000e+00,0.000000000000000000e+00,0.000000000000000000e+00,0.000000000000000000e+00,0.000000000000000000e+00,0.000000000000000000e+00,0.000000000000000000e+00,0.000000000000000000e+00,0.000000000000000000e+00,0.000000000000000000e+00,0.000000000000000000e+00,0.000000000000000000e+00,0.000000000000000000e+00,0.000000000000000000e+00,0.000000000000000000e+00,0.000000000000000000e+00,0.000000000000000000e+00,0.000000000000000000e+00,0.000000000000000000e+00,0.000000000000000000e+00,0.000000000000000000e+00,0.000000000000000000e+00,0.000000000000000000e+00,0.000000000000000000e+00,0.000000000000000000e+00,0.000000000000000000e+00,0.000000000000000000e+00,0.000000000000000000e+00,0.000000000000000000e+00,0.000000000000000000e+00,0.000000000000000000e+00,0.000000000000000000e+00,0.000000000000000000e+00,0.000000000000000000e+00,0.000000000000000000e+00,0.000000000000000000e+00
CQ_h,0.000000000000000000e+00,0.000000000000000000e+00,0.000000000000000000e+00,0.000000000000000000e+00,0.000000000000000000e+00,0.000000000000000000e+00,0.000000000000000000e+00,0.000000000000000000e+00,0.000000000000000000e+00,0.000000000000000000e+00,0.000000000000000000e+00,0.000000000000000000e+00,0.000000000000000000e+00,0.000000000000000000e+00,0.000000000000000000e+00,0.000000000000000000e+00,0.000000000000000000e+00,0.000000000000000000e+00,0.000000000000000000e+00,0.000000000000000000e+00,0.000000000000000000e+00,0.000000000000000000e+00,0.000000000000000000e+00,0.000000000000000000e+00,0.000000000000000000e+00,0.000000000000000000e+00,0.000000000000000000e+00,0.000000000000000000e+00,0.000000000000000000e+00,0.000000000000000000e+00,0.000000000000000000e+00,0.000000000000000000e+00,0.000000000000000000e+00,0.000000000000000000e+00,0.000000000000000000e+00,0.000000000000000000e+00,0.000000000000000000e+00,0.000000000000000000e+00,0.000000000000000000e+00,0.000000000000000000e+00,0.000000000000000000e+00,0.000000000000000000e+00,0.000000000000000000e+00,0.000000000000000000e+00,0.000000000000000000e+00,0.000000000000000000e+00,0.000000000000000000e+00,0.000000000000000000e+00,0.000000000000000000e+00,0.000000000000000000e+00,0.000000000000000000e+00,0.000000000000000000e+00,0.000000000000000000e+00,0.000000000000000000e+00,0.000000000000000000e+00,0.000000000000000000e+00,0.000000000000000000e+00,0.000000000000000000e+00,0.000000000000000000e+00,0.000000000000000000e+00,0.000000000000000000e+00,0.000000000000000000e+00,0.000000000000000000e+00,0.000000000000000000e+00,0.000000000000000000e+00,0.000000000000000000e+00,0.000000000000000000e+00,0.000000000000000000e+00,0.000000000000000000e+00,0.000000000000000000e+00,0.000000000000000000e+00,0.000000000000000000e+00,0.000000000000000000e+00,0.000000000000000000e+00,0.000000000000000000e+00,0.000000000000000000e+00,0.000000000000000000e+00,0.000000000000000000e+00,0.000000000000000000e+00,0.000000000000000000e+00,0.000000000000000000e+00,0.000000000000000000e+00,0.000000000000000000e+00,0.000000000000000000e+00,0.000000000000000000e+00,0.000000000000000000e+00,0.000000000000000000e+00,0.000000000000000000e+00,0.000000000000000000e+00,0.000000000000000000e+00,0.000000000000000000e+00,0.000000000000000000e+00
CT,0.000000000000000000e+00,0.000000000000000000e+00,0.000000000000000000e+00,0.000000000000000000e+00,0.000000000000000000e+00,0.000000000000000000e+00,0.000000000000000000e+00,0.000000000000000000e+00,0.000000000000000000e+00,0.000000000000000000e+00,0.000000000000000000e+00,0.000000000000000000e+00,0.000000000000000000e+00,0.000000000000000000e+00,0.000000000000000000e+00,0.000000000000000000e+00,0.000000000000000000e+00,0.000000000000000000e+00,0.000000000000000000e+00,0.000000000000000000e+00,0.000000000000000000e+00,0.000000000000000000e+00,0.000000000000000000e+00,0.000000000000000000e+00,0.000000000000000000e+00,0.000000000000000000e+00,0.000000000000000000e+00,0.000000000000000000e+00,0.000000000000000000e+00,0.000000000000000000e+00,0.000000000000000000e+00,0.000000000000000000e+00,0.000000000000000000e+00,0.000000000000000000e+00,0.000000000000000000e+00,0.000000000000000000e+00,0.000000000000000000e+00,0.000000000000000000e+00,0.000000000000000000e+00,0.000000000000000000e+00,0.000000000000000000e+00,0.000000000000000000e+00,0.000000000000000000e+00,0.000000000000000000e+00,0.000000000000000000e+00,0.000000000000000000e+00,0.000000000000000000e+00,0.000000000000000000e+00,0.000000000000000000e+00,0.000000000000000000e+00,0.000000000000000000e+00,0.000000000000000000e+00,0.000000000000000000e+00,0.000000000000000000e+00,0.000000000000000000e+00,0.000000000000000000e+00,0.000000000000000000e+00,0.000000000000000000e+00,0.000000000000000000e+00,0.000000000000000000e+00,0.000000000000000000e+00,0.000000000000000000e+00,0.000000000000000000e+00,0.000000000000000000e+00,0.000000000000000000e+00,0.000000000000000000e+00,0.000000000000000000e+00,0.000000000000000000e+00,0.000000000000000000e+00,0.000000000000000000e+00,0.000000000000000000e+00,0.000000000000000000e+00,0.000000000000000000e+00,0.000000000000000000e+00,0.000000000000000000e+00,0.000000000000000000e+00,0.000000000000000000e+00,0.000000000000000000e+00,0.000000000000000000e+00,0.000000000000000000e+00,0.000000000000000000e+00,0.000000000000000000e+00,0.000000000000000000e+00,0.000000000000000000e+00,0.000000000000000000e+00,0.000000000000000000e+00,0.000000000000000000e+00,0.000000000000000000e+00,0.000000000000000000e+00,0.000000000000000000e+00,0.000000000000000000e+00,0.000000000000000000e+00
CT_h,0.000000000000000000e+00,0.000000000000000000e+00,0.000000000000000000e+00,0.000000000000000000e+00,0.000000000000000000e+00,0.000000000000000000e+00,0.000000000000000000e+00,0.000000000000000000e+00,0.000000000000000000e+00,0.000000000000000000e+00,0.000000000000000000e+00,0.000000000000000000e+00,0.000000000000000000e+00,0.000000000000000000e+00,0.000000000000000000e+00,0.000000000000000000e+00,0.000000000000000000e+00,0.000000000000000000e+00,0.000000000000000000e+00,0.000000000000000000e+00,0.000000000000000000e+00,0.000000000000000000e+00,0.000000000000000000e+00,0.000000000000000000e+00,0.000000000000000000e+00,0.000000000000000000e+00,0.000000000000000000e+00,0.000000000000000000e+00,0.000000000000000000e+00,0.000000000000000000e+00,0.000000000000000000e+00,0.000000000000000000e+00,0.000000000000000000e+00,0.000000000000000000e+00,0.000000000000000000e+00,0.000000000000000000e+00,0.000000000000000000e+00,0.000000000000000000e+00,0.000000000000000000e+00,0.000000000000000000e+00,0.000000000000000000e+00,0.000000000000000000e+00,0.000000000000000000e+00,0.000000000000000000e+00,0.000000000000000000e+00,0.000000000000000000e+00,0.000000000000000000e+00,0.000000000000000000e+00,0.000000000000000000e+00,0.000000000000000000e+00,0.000000000000000000e+00,0.000000000000000000e+00,0.000000000000000000e+00,0.000000000000000000e+00,0.000000000000000000e+00,0.000000000000000000e+00,0.000000000000000000e+00,0.000000000000000000e+00,0.000000000000000000e+00,0.000000000000000000e+00,0.000000000000000000e+00,0.000000000000000000e+00,0.000000000000000000e+00,0.000000000000000000e+00,0.000000000000000000e+00,0.000000000000000000e+00,0.000000000000000000e+00,0.000000000000000000e+00,0.000000000000000000e+00,0.000000000000000000e+00,0.000000000000000000e+00,0.000000000000000000e+00,0.000000000000000000e+00,0.000000000000000000e+00,0.000000000000000000e+00,0.000000000000000000e+00,0.000000000000000000e+00,0.000000000000000000e+00,0.000000000000000000e+00,0.000000000000000000e+00,0.000000000000000000e+00,0.000000000000000000e+00,0.000000000000000000e+00,0.000000000000000000e+00,0.000000000000000000e+00,0.000000000000000000e+00,0.000000000000000000e+00,0.000000000000000000e+00,0.000000000000000000e+00,0.000000000000000000e+00,0.000000000000000000e+00,0.000000000000000000e+00
Chord,2.949975999999999843e+01,2.769772000000000034e+01,2.589566999999999908e+01,2.409362000000000137e+01,2.229157999999999973e+01,2.048952999999999847e+01,1.868749000000000038e+01,1.688543999999999912e+01,1.508423999999999943e+01,9.303879999999999484e+00,1.368985999999999947e+01,1.270485000000000042e+01,1.171986000000000061e+01,1.073489000000000004e+01,9.749940000000000495e+00,8.764989999999999171e+00,7.780050000000000132e+00,6.795099999999999696e+00,5.810150000000000148e+00,2.949975999999999843e+01,2.769772000000000034e+01,2.589566999999999908e+01,2.409362000000000137e+01,2.229157999999999973e+01,2.048952999999999847e+01,1.868749000000000038e+01,1.688543999999999912e+01,1.508423999999999943e+01,9.303879999999999484e+00,1.368985999999999947e+01,1.270485000000000042e+01,1.171986000000000061e+01,1.073489000000000004e+01,9.749940000000000495e+00,8.764989999999999171e+00,7.780050000000000132e+00,6.795099999999999696e+00,5.810150000000000148e+00,7.916559999999999597e+00,7.441189999999999749e+00,6.965819999999999901e+00,6.490459999999999674e+00,6.015089999999999826e+00,5.539719999999999978e+00,5.064359999999999751e+00,4.588989999999999903e+00,4.113620000000000054e+00,7.916559999999999597e+00,7.441189999999999749e+00,6.965819999999999901e+00,6.490459999999999674e+00,6.015089999999999826e+00,5.539719999999999978e+00,5.064359999999999751e+00,4.588989999999999903e+00,4.113620000000000054e+00,1.722101999999999933e+01,1.616425999999999874e+01,1.528688000000000002e+01,1.440950999999999915e+01,1.353214000000000006e+01,1.265475999999999956e+01,1.177739000000000047e+01,1.090001999999999960e+01,1.002264000000000088e+01,9.172719999999999985e+00,8.350260000000000460e+00,7.527790000000000425e+00,6.705330000000000013e+00,5.882859999999999978e+00,5.060389999999999944e+00,4.237930000000000419e+00,3.415459999999999940e+00,2.592989999999999906e+00,1.722101999999999933e+01,1.616425999999999874e+01,1.528688000000000002e+01,1.440950999999999915e+01,1.353214000000000006e+01,1.265475999999999956e+01,1.177739000000000047e+01,1.090001999999999960e+01,1.002264000000000088e+01,9.172719999999999985e+00,8.350260000000000460e+00,7.527790000000000425e+00,6.705330000000000013e+00,5.882859999999999978e+00,5.060389999999999944e+00,4.237930000000000419e+00,3.415459999999999940e+00,2.592989999999999906e+00
Diameter,0.000000000000000000e+00,0.000000000000000000e+00,0.000000000000000000e+00,0.000000000000000000e+00,0.000000000000000000e+00,0.000000000000000000e+00,0.000000000000000000e+00,0.000000000000000000e+00,0.000000000000000000e+00,0.000000000000000000e+00,0.000000000000000000e+00,0.000000000000000000e+00,0.000000000000000000e+00,0.000000000000000000e+00,0.000000000000000000e+00,0.000000000000000000e+00,0.000000000000000000e+00,0.000000000000000000e+00,0.000000000000000000e+00,0.000000000000000000e+00,0.000000000000000000e+00,0.000000000000000000e+00,0.000000000000000000e+00,0.000000000000000000e+00,0.000000000000000000e+00,0.000000000000000000e+00,0.000000000000000000e+00,0.000000000000000000e+00,0.000000000000000000e+00,0.000000000000000000e+00,0.000000000000000000e+00,0.000000000000000000e+00,0.000000000000000000e+00,0.000000000000000000e+00,0.000000000000000000e+00,0.000000000000000000e+00,0.000000000000000000e+00,0.000000000000000000e+00,0.000000000000000000e+00,0.000000000000000000e+00,0.000000000000000000e+00,0.000000000000000000e+00,0.000000000000000000e+00,0.000000000000000000e+00,0.000000000000000000e+00,0.000000000000000000e+00,0.000000000000000000e+00,0.000000000000000000e+00,0.000000000000000000e+00,0.000000000000000000e+00,0.000000000000000000e+00,0.000000000000000000e+00,0.000000000000000000e+00,0.000000000000000000e+00,0.000000000000000000e+00,0.000000000000000000e+00,0.000000000000000000e+00,0.000000000000000000e+00,0.000000000000000000e+00,0.000000000000000000e+00,0.000000000000000000e+00,0.000000000000000000e+00,0.000000000000000000e+00,0.000000000000000000e+00,0.000000000000000000e+00,0.000000000000000000e+00,0.000000000000000000e+00,0.000000000000000000e+00,0.000000000000000000e+00,0.000000000000000000e+00,0.000000000000000000e+00,0.000000000000000000e+00,0.000000000000000000e+00,0.000000000000000000e+00,0.000000000000000000e+00,0.000000000000000000e+00,0.000000000000000000e+00,0.000000000000000000e+00,0.000000000000000000e+00,0.000000000000000000e+00,0.000000000000000000e+00,0.000000000000000000e+00,0.000000000000000000e+00,0.000000000000000000e+00,0.000000000000000000e+00,0.000000000000000000e+00,0.000000000000000000e+00,0.000000000000000000e+00,0.000000000000000000e+00,0.000000000000000000e+00,0.000000000000000000e+00,0.000000000000000000e+00
ETAP,0.000000000000000000e+00,0.000000000000000000e+00,0.000000000000000000e+00,0.000000000000000000e+00,0.000000000000000000e+00,0.000000000000000000e+00,0.000000000000000000e+00,0.000000000000000000e+00,0.000000000000000000e+00,0.000000000000000000e+00,0.000000000000000000e+00,0.000000000000000000e+00,0.000000000000000000e+00,0.000000000000000000e+00,0.000000000000000000e+00,0.000000000000000000e+00,0.000000000000000000e+00,0.000000000000000000e+00,0.000000000000000000e+00,0.000000000000000000e+00,0.000000000000000000e+00,0.000000000000000000e+00,0.000000000000000000e+00,0.000000000000000000e+00,0.000000000000000000e+00,0.000000000000000000e+00,0.000000000000000000e+00,0.000000000000000000e+00,0.000000000000000000e+00,0.000000000000000000e+00,0.000000000000000000e+00,0.000000000000000000e+00,0.000000000000000000e+00,0.000000000000000000e+00,0.000000000000000000e+00,0.000000000000000000e+00,0.000000000000000000e+00,0.000000000000000000e+00,0.000000000000000000e+00,0.000000000000000000e+00,0.000000000000000000e+00,0.000000000000000000e+00,0.000000000000000000e+00,0.000000000000000000e+00,0.000000000000000000e+00,0.000000000000000000e+00,0.000000000000000000e+00,0.000000000000000000e+00,0.000000000000000000e+00,0.000000000000000000e+00,0.000000000000000000e+00,0.000000000000000000e+00,0.000000000000000000e+00,0.000000000000000000e+00,0.000000000000000000e+00,0.000000000000000000e+00,0.000000000000000000e+00,0.000000000000000000e+00,0.000000000000000000e+00,0.000000000000000000e+00,0.000000000000000000e+00,0.000000000000000000e+00,0.000000000000000000e+00,0.000000000000000000e+00,0.000000000000000000e+00,0.000000000000000000e+00,0.000000000000000000e+00,0.000000000000000000e+00,0.000000000000000000e+00,0.000000000000000000e+00,0.000000000000000000e+00,0.000000000000000000e+00,0.000000000000000000e+00,0.000000000000000000e+00,0.000000000000000000e+00,0.000000000000000000e+00,0.000000000000000000e+00,0.000000000000000000e+00,0.000000000000000000e+00,0.000000000000000000e+00,0.000000000000000000e+00,0.000000000000000000e+00,0.000000000000000000e+00,0.000000000000000000e+00,0.000000000000000000e+00,0.000000000000000000e+00,0.000000000000000000e+00,0.000000000000000000e+00,0.000000000000000000e+00,0.000000000000000000e+00,0.000000000000000000e+00,0.000000000000000000e+00
FC_AoA_,1.000000000000000000e+00
FC_Beta_,0.000000000000000000e+00
FC_Bref_,3.727034100000000194e+01
FC_Cref_,1.236139999999999972e+01
FC_Mach_,1.199999999999999956e+00
FC_Pitch_Rate,0.000000000000000000e+00
FC_Rho_,2.377000000000000206e-03
FC_Roll__Rate,0.000000000000000000e+00
FC_Sref_,4.096313739999999939e+02
FC_Vinf_,1.000000000000000000e+02
FC_Xcg_,2.046778000000000119e+01
FC_Yaw___Rate,0.000000000000000000e+00
FC_Ycg_,0.000000000000000000e+00
FC_Zcg_,0.000000000000000000e+00
FOM,0.000000000000000000e+00,0.000000000000000000e+00,0.000000000000000000e+00,0.000000000000000000e+00,0.000000000000000000e+00,0.000000000000000000e+00,0.000000000000000000e+00,0.000000000000000000e+00,0.000000000000000000e+00,0.000000000000000000e+00,0.000000000000000000e+00,0.000000000000000000e+00,0.000000000000000000e+00,0.000000000000000000e+00,0.000000000000000000e+00,0.000000000000000000e+00,0.000000000000000000e+00,0.000000000000000000e+00,0.000000000000000000e+00,0.000000000000000000e+00,0.000000000000000000e+00,0.000000000000000000e+00,0.000000000000000000e+00,0.000000000000000000e+00,0.000000000000000000e+00,0.000000000000000000e+00,0.000000000000000000e+00,0.000000000000000000e+00,0.000000000000000000e+00,0.000000000000000000e+00,0.000000000000000000e+00,0.000000000000000000e+00,0.000000000000000000e+00,0.000000000000000000e+00,0.000000000000000000e+00,0.000000000000000000e+00,0.000000000000000000e+00,0.000000000000000000e+00,0.000000000000000000e+00,0.000000000000000000e+00,0.000000000000000000e+00,0.000000000000000000e+00,0.000000000000000000e+00,0.000000000000000000e+00,0.000000000000000000e+00,0.000000000000000000e+00,0.000000000000000000e+00,0.000000000000000000e+00,0.000000000000000000e+00,0.000000000000000000e+00,0.000000000000000000e+00,0.000000000000000000e+00,0.000000000000000000e+00,0.000000000000000000e+00,0.000000000000000000e+00,0.000000000000000000e+00,0.000000000000000000e+00,0.000000000000000000e+00,0.000000000000000000e+00,0.000000000000000000e+00,0.000000000000000000e+00,0.000000000000000000e+00,0.000000000000000000e+00,0.000000000000000000e+00,0.000000000000000000e+00,0.000000000000000000e+00,0.000000000000000000e+00,0.000000000000000000e+00,0.000000000000000000e+00,0.000000000000000000e+00,0.000000000000000000e+00,0.000000000000000000e+00,0.000000000000000000e+00,0.000000000000000000e+00,0.000000000000000000e+00,0.000000000000000000e+00,0.000000000000000000e+00,0.000000000000000000e+00,0.000000000000000000e+00,0.000000000000000000e+00,0.000000000000000000e+00,0.000000000000000000e+00,0.000000000000000000e+00,0.000000000000000000e+00,0.000000000000000000e+00,0.000000000000000000e+00,0.000000000000000000e+00,0.000000000000000000e+00,0.000000000000000000e+00,0.000000000000000000e+00,0.000000000000000000e+00,0.000000000000000000e+00
IsARotor,0,0,0,0,0,0,0,0,0,0,0,0,0,0,0,0,0,0,0,0,0,0,0,0,0,0,0,0,0,0,0,0,0,0,0,0,0,0,0,0,0,0,0,0,0,0,0,0,0,0,0,0,0,0,0,0,0,0,0,0,0,0,0,0,0,0,0,0,0,0,0,0,0,0,0,0,0,0,0,0,0,0,0,0,0,0,0,0,0,0,0,0
Iter,6,6,6,6,6,6,6,6,6,6,6,6,6,6,6,6,6,6,6,6,6,6,6,6,6,6,6,6,6,6,6,6,6,6,6,6,6,6,6,6,6,6,6,6,6,6,6,6,6,6,6,6,6,6,6,6,6,6,6,6,6,6,6,6,6,6,6,6,6,6,6,6,6,6,6,6,6,6,6,6,6,6,6,6,6,6,6,6,6,6,6,6
J,0.000000000000000000e+00,0.000000000000000000e+00,0.000000000000000000e+00,0.000000000000000000e+00,0.000000000000000000e+00,0.000000000000000000e+00,0.000000000000000000e+00,0.000000000000000000e+00,0.000000000000000000e+00,0.000000000000000000e+00,0.000000000000000000e+00,0.000000000000000000e+00,0.000000000000000000e+00,0.000000000000000000e+00,0.000000000000000000e+00,0.000000000000000000e+00,0.000000000000000000e+00,0.000000000000000000e+00,0.000000000000000000e+00,0.000000000000000000e+00,0.000000000000000000e+00,0.000000000000000000e+00,0.000000000000000000e+00,0.000000000000000000e+00,0.000000000000000000e+00,0.000000000000000000e+00,0.000000000000000000e+00,0.000000000000000000e+00,0.000000000000000000e+00,0.000000000000000000e+00,0.000000000000000000e+00,0.000000000000000000e+00,0.000000000000000000e+00,0.000000000000000000e+00,0.000000000000000000e+00,0.000000000000000000e+00,0.000000000000000000e+00,0.000000000000000000e+00,0.000000000000000000e+00,0.000000000000000000e+00,0.000000000000000000e+00,0.000000000000000000e+00,0.000000000000000000e+00,0.000000000000000000e+00,0.000000000000000000e+00,0.000000000000000000e+00,0.000000000000000000e+00,0.000000000000000000e+00,0.000000000000000000e+00,0.000000000000000000e+00,0.000000000000000000e+00,0.000000000000000000e+00,0.000000000000000000e+00,0.000000000000000000e+00,0.000000000000000000e+00,0.000000000000000000e+00,0.000000000000000000e+00,0.000000000000000000e+00,0.000000000000000000e+00,0.000000000000000000e+00,0.000000000000000000e+00,0.000000000000000000e+00,0.000000000000000000e+00,0.000000000000000000e+00,0.000000000000000000e+00,0.000000000000000000e+00,0.000000000000000000e+00,0.000000000000000000e+00,0.000000000000000000e+00,0.000000000000000000e+00,0.000000000000000000e+00,0.000000000000000000e+00,0.000000000000000000e+00,0.000000000000000000e+00,0.000000000000000000e+00,0.000000000000000000e+00,0.000000000000000000e+00,0.000000000000000000e+00,0.000000000000000000e+00,0.000000000000000000e+00,0.000000000000000000e+00,0.000000000000000000e+00,0.000000000000000000e+00,0.000000000000000000e+00,0.000000000000000000e+00,0.000000000000000000e+00,0.000000000000000000e+00,0.000000000000000000e+00,0.000000000000000000e+00,0.000000000000000000e+00,0.000000000000000000e+00,0.000000000000000000e+00
Moment,0.000000000000000000e+00,0.000000000000000000e+00,0.000000000000000000e+00,0.000000000000000000e+00,0.000000000000000000e+00,0.000000000000000000e+00,0.000000000000000000e+00,0.000000000000000000e+00,0.000000000000000000e+00,0.000000000000000000e+00,0.000000000000000000e+00,0.000000000000000000e+00,0.000000000000000000e+00,0.000000000000000000e+00,0.000000000000000000e+00,0.000000000000000000e+00,0.000000000000000000e+00,0.000000000000000000e+00,0.000000000000000000e+00,0.000000000000000000e+00,0.000000000000000000e+00,0.000000000000000000e+00,0.000000000000000000e+00,0.000000000000000000e+00,0.000000000000000000e+00,0.000000000000000000e+00,0.000000000000000000e+00,0.000000000000000000e+00,0.000000000000000000e+00,0.000000000000000000e+00,0.000000000000000000e+00,0.000000000000000000e+00,0.000000000000000000e+00,0.000000000000000000e+00,0.000000000000000000e+00,0.000000000000000000e+00,0.000000000000000000e+00,0.000000000000000000e+00,0.000000000000000000e+00,0.000000000000000000e+00,0.000000000000000000e+00,0.000000000000000000e+00,0.000000000000000000e+00,0.000000000000000000e+00,0.000000000000000000e+00,0.000000000000000000e+00,0.000000000000000000e+00,0.000000000000000000e+00,0.000000000000000000e+00,0.000000000000000000e+00,0.000000000000000000e+00,0.000000000000000000e+00,0.000000000000000000e+00,0.000000000000000000e+00,0.000000000000000000e+00,0.000000000000000000e+00,0.000000000000000000e+00,0.000000000000000000e+00,0.000000000000000000e+00,0.000000000000000000e+00,0.000000000000000000e+00,0.000000000000000000e+00,0.000000000000000000e+00,0.000000000000000000e+00,0.000000000000000000e+00,0.000000000000000000e+00,0.000000000000000000e+00,0.000000000000000000e+00,0.000000000000000000e+00,0.000000000000000000e+00,0.000000000000000000e+00,0.000000000000000000e+00,0.000000000000000000e+00,0.000000000000000000e+00,0.000000000000000000e+00,0.000000000000000000e+00,0.000000000000000000e+00,0.000000000000000000e+00,0.000000000000000000e+00,0.000000000000000000e+00,0.000000000000000000e+00,0.000000000000000000e+00,0.000000000000000000e+00,0.000000000000000000e+00,0.000000000000000000e+00,0.000000000000000000e+00,0.000000000000000000e+00,0.000000000000000000e+00,0.000000000000000000e+00,0.000000000000000000e+00,0.000000000000000000e+00,0.000000000000000000e+00
Momenti,0.000000000000000000e+00,0.000000000000000000e+00,0.000000000000000000e+00,0.000000000000000000e+00,0.000000000000000000e+00,0.000000000000000000e+00,0.000000000000000000e+00,0.000000000000000000e+00,0.000000000000000000e+00,0.000000000000000000e+00,0.000000000000000000e+00,0.000000000000000000e+00,0.000000000000000000e+00,0.000000000000000000e+00,0.000000000000000000e+00,0.000000000000000000e+00,0.000000000000000000e+00,0.000000000000000000e+00,0.000000000000000000e+00,0.000000000000000000e+00,0.000000000000000000e+00,0.000000000000000000e+00,0.000000000000000000e+00,0.000000000000000000e+00,0.000000000000000000e+00,0.000000000000000000e+00,0.000000000000000000e+00,0.000000000000000000e+00,0.000000000000000000e+00,0.000000000000000000e+00,0.000000000000000000e+00,0.000000000000000000e+00,0.000000000000000000e+00,0.000000000000000000e+00,0.000000000000000000e+00,0.000000000000000000e+00,0.000000000000000000e+00,0.000000000000000000e+00,0.000000000000000000e+00,0.000000000000000000e+00,0.000000000000000000e+00,0.000000000000000000e+00,0.000000000000000000e+00,0.000000000000000000e+00,0.000000000000000000e+00,0.000000000000000000e+00,0.000000000000000000e+00,0.000000000000000000e+00,0.000000000000000000e+00,0.000000000000000000e+00,0.000000000000000000e+00,0.000000000000000000e+00,0.000000000000000000e+00,0.000000000000000000e+00,0.000000000000000000e+00,0.000000000000000000e+00,0.000000000000000000e+00,0.000000000000000000e+00,0.000000000000000000e+00,0.000000000000000000e+00,0.000000000000000000e+00,0.000000000000000000e+00,0.000000000000000000e+00,0.000000000000000000e+00,0.000000000000000000e+00,0.000000000000000000e+00,0.000000000000000000e+00,0.000000000000000000e+00,0.000000000000000000e+00,0.000000000000000000e+00,0.000000000000000000e+00,0.000000000000000000e+00,0.000000000000000000e+00,0.000000000000000000e+00,0.000000000000000000e+00,0.000000000000000000e+00,0.000000000000000000e+00,0.000000000000000000e+00,0.000000000000000000e+00,0.000000000000000000e+00,0.000000000000000000e+00,0.000000000000000000e+00,0.000000000000000000e+00,0.000000000000000000e+00,0.000000000000000000e+00,0.000000000000000000e+00,0.000000000000000000e+00,0.000000000000000000e+00,0.000000000000000000e+00,0.000000000000000000e+00,0.000000000000000000e+00,0.000000000000000000e+00
Momento,0.000000000000000000e+00,0.000000000000000000e+00,0.000000000000000000e+00,0.000000000000000000e+00,0.000000000000000000e+00,0.000000000000000000e+00,0.000000000000000000e+00,0.000000000000000000e+00,0.000000000000000000e+00,0.000000000000000000e+00,0.000000000000000000e+00,0.000000000000000000e+00,0.000000000000000000e+00,0.000000000000000000e+00,0.000000000000000000e+00,0.000000000000000000e+00,0.000000000000000000e+00,0.000000000000000000e+00,0.000000000000000000e+00,0.000000000000000000e+00,0.000000000000000000e+00,0.000000000000000000e+00,0.000000000000000000e+00,0.000000000000000000e+00,0.000000000000000000e+00,0.000000000000000000e+00,0.000000000000000000e+00,0.000000000000000000e+00,0.000000000000000000e+00,0.000000000000000000e+00,0.000000000000000000e+00,0.000000000000000000e+00,0.000000000000000000e+00,0.000000000000000000e+00,0.000000000000000000e+00,0.000000000000000000e+00,0.000000000000000000e+00,0.000000000000000000e+00,0.000000000000000000e+00,0.000000000000000000e+00,0.000000000000000000e+00,0.000000000000000000e+00,0.000000000000000000e+00,0.000000000000000000e+00,0.000000000000000000e+00,0.000000000000000000e+00,0.000000000000000000e+00,0.000000000000000000e+00,0.000000000000000000e+00,0.000000000000000000e+00,0.000000000000000000e+00,0.000000000000000000e+00,0.000000000000000000e+00,0.000000000000000000e+00,0.000000000000000000e+00,0.000000000000000000e+00,0.000000000000000000e+00,0.000000000000000000e+00,0.000000000000000000e+00,0.000000000000000000e+00,0.000000000000000000e+00,0.000000000000000000e+00,0.000000000000000000e+00,0.000000000000000000e+00,0.000000000000000000e+00,0.000000000000000000e+00,0.000000000000000000e+00,0.000000000000000000e+00,0.000000000000000000e+00,0.000000000000000000e+00,0.000000000000000000e+00,0.000000000000000000e+00,0.000000000000000000e+00,0.000000000000000000e+00,0.000000000000000000e+00,0.000000000000000000e+00,0.000000000000000000e+00,0.000000000000000000e+00,0.000000000000000000e+00,0.000000000000000000e+00,0.000000000000000000e+00,0.000000000000000000e+00,0.000000000000000000e+00,0.000000000000000000e+00,0.000000000000000000e+00,0.000000000000000000e+00,0.000000000000000000e+00,0.000000000000000000e+00,0.000000000000000000e+00,0.000000000000000000e+00,0.000000000000000000e+00,0.000000000000000000e+00
Power,0.000000000000000000e+00,0.000000000000000000e+00,0.000000000000000000e+00,0.000000000000000000e+00,0.000000000000000000e+00,0.000000000000000000e+00,0.000000000000000000e+00,0.000000000000000000e+00,0.000000000000000000e+00,0.000000000000000000e+00,0.000000000000000000e+00,0.000000000000000000e+00,0.000000000000000000e+00,0.000000000000000000e+00,0.000000000000000000e+00,0.000000000000000000e+00,0.000000000000000000e+00,0.000000000000000000e+00,0.000000000000000000e+00,0.000000000000000000e+00,0.000000000000000000e+00,0.000000000000000000e+00,0.000000000000000000e+00,0.000000000000000000e+00,0.000000000000000000e+00,0.000000000000000000e+00,0.000000000000000000e+00,0.000000000000000000e+00,0.000000000000000000e+00,0.000000000000000000e+00,0.000000000000000000e+00,0.000000000000000000e+00,0.000000000000000000e+00,0.000000000000000000e+00,0.000000000000000000e+00,0.000000000000000000e+00,0.000000000000000000e+00,0.000000000000000000e+00,0.000000000000000000e+00,0.000000000000000000e+00,0.000000000000000000e+00,0.000000000000000000e+00,0.000000000000000000e+00,0.000000000000000000e+00,0.000000000000000000e+00,0.000000000000000000e+00,0.000000000000000000e+00,0.000000000000000000e+00,0.000000000000000000e+00,0.000000000000000000e+00,0.000000000000000000e+00,0.000000000000000000e+00,0.000000000000000000e+00,0.000000000000000000e+00,0.000000000000000000e+00,0.000000000000000000e+00,0.000000000000000000e+00,0.000000000000000000e+00,0.000000000000000000e+00,0.000000000000000000e+00,0.000000000000000000e+00,0.000000000000000000e+00,0.000000000000000000e+00,0.000000000000000000e+00,0.000000000000000000e+00,0.000000000000000000e+00,0.000000000000000000e+00,0.000000000000000000e+00,0.000000000000000000e+00,0.000000000000000000e+00,0.000000000000000000e+00,0.000000000000000000e+00,0.000000000000000000e+00,0.000000000000000000e+00,0.000000000000000000e+00,0.000000000000000000e+00,0.000000000000000000e+00,0.000000000000000000e+00,0.000000000000000000e+00,0.000000000000000000e+00,0.000000000000000000e+00,0.000000000000000000e+00,0.000000000000000000e+00,0.000000000000000000e+00,0.000000000000000000e+00,0.000000000000000000e+00,0.000000000000000000e+00,0.000000000000000000e+00,0.000000000000000000e+00,0.000000000000000000e+00,0.000000000000000000e+00,0.000000000000000000e+00
Poweri,0.000000000000000000e+00,0.000000000000000000e+00,0.000000000000000000e+00,0.000000000000000000e+00,0.000000000000000000e+00,0.000000000000000000e+00,0.000000000000000000e+00,0.000000000000000000e+00,0.000000000000000000e+00,0.000000000000000000e+00,0.000000000000000000e+00,0.000000000000000000e+00,0.000000000000000000e+00,0.000000000000000000e+00,0.000000000000000000e+00,0.000000000000000000e+00,0.000000000000000000e+00,0.000000000000000000e+00,0.000000000000000000e+00,0.000000000000000000e+00,0.000000000000000000e+00,0.000000000000000000e+00,0.000000000000000000e+00,0.000000000000000000e+00,0.000000000000000000e+00,0.000000000000000000e+00,0.000000000000000000e+00,0.000000000000000000e+00,0.000000000000000000e+00,0.000000000000000000e+00,0.000000000000000000e+00,0.000000000000000000e+00,0.000000000000000000e+00,0.000000000000000000e+00,0.000000000000000000e+00,0.000000000000000000e+00,0.000000000000000000e+00,0.000000000000000000e+00,0.000000000000000000e+00,0.000000000000000000e+00,0.000000000000000000e+00,0.000000000000000000e+00,0.000000000000000000e+00,0.000000000000000000e+00,0.000000000000000000e+00,0.000000000000000000e+00,0.000000000000000000e+00,0.000000000000000000e+00,0.000000000000000000e+00,0.000000000000000000e+00,0.000000000000000000e+00,0.000000000000000000e+00,0.000000000000000000e+00,0.000000000000000000e+00,0.000000000000000000e+00,0.000000000000000000e+00,0.000000000000000000e+00,0.000000000000000000e+00,0.000000000000000000e+00,0.000000000000000000e+00,0.000000000000000000e+00,0.000000000000000000e+00,0.000000000000000000e+00,0.000000000000000000e+00,0.000000000000000000e+00,0.000000000000000000e+00,0.000000000000000000e+00,0.000000000000000000e+00,0.000000000000000000e+00,0.000000000000000000e+00,0.000000000000000000e+00,0.000000000000000000e+00,0.000000000000000000e+00,0.000000000000000000e+00,0.000000000000000000e+00,0.000000000000000000e+00,0.000000000000000000e+00,0.000000000000000000e+00,0.000000000000000000e+00,0.000000000000000000e+00,0.000000000000000000e+00,0.000000000000000000e+00,0.000000000000000000e+00,0.000000000000000000e+00,0.000000000000000000e+00,0.000000000000000000e+00,0.000000000000000000e+00,0.000000000000000000e+00,0.000000000000000000e+00,0.000000000000000000e+00,0.000000000000000000e+00,0.000000000000000000e+00
Powero,0.000000000000000000e+00,0.000000000000000000e+00,0.000000000000000000e+00,0.000000000000000000e+00,0.000000000000000000e+00,0.000000000000000000e+00,0.000000000000000000e+00,0.000000000000000000e+00,0.000000000000000000e+00,0.000000000000000000e+00,0.000000000000000000e+00,0.000000000000000000e+00,0.000000000000000000e+00,0.000000000000000000e+00,0.000000000000000000e+00,0.000000000000000000e+00,0.000000000000000000e+00,0.000000000000000000e+00,0.000000000000000000e+00,0.000000000000000000e+00,0.000000000000000000e+00,0.000000000000000000e+00,0.000000000000000000e+00,0.000000000000000000e+00,0.000000000000000000e+00,0.000000000000000000e+00,0.000000000000000000e+00,0.000000000000000000e+00,0.000000000000000000e+00,0.000000000000000000e+00,0.000000000000000000e+00,0.000000000000000000e+00,0.000000000000000000e+00,0.000000000000000000e+00,0.000000000000000000e+00,0.000000000000000000e+00,0.000000000000000000e+00,0.000000000000000000e+00,0.000000000000000000e+00,0.000000000000000000e+00,0.000000000000000000e+00,0.000000000000000000e+00,0.000000000000000000e+00,0.000000000000000000e+00,0.000000000000000000e+00,0.000000000000000000e+00,0.000000000000000000e+00,0.000000000000000000e+00,0.000000000000000000e+00,0.000000000000000000e+00,0.000000000000000000e+00,0.000000000000000000e+00,0.000000000000000000e+00,0.000000000000000000e+00,0.000000000000000000e+00,0.000000000000000000e+00,0.000000000000000000e+00,0.000000000000000000e+00,0.000000000000000000e+00,0.000000000000000000e+00,0.000000000000000000e+00,0.000000000000000000e+00,0.000000000000000000e+00,0.000000000000000000e+00,0.000000000000000000e+00,0.000000000000000000e+00,0.000000000000000000e+00,0.000000000000000000e+00,0.000000000000000000e+00,0.000000000000000000e+00,0.000000000000000000e+00,0.000000000000000000e+00,0.000000000000000000e+00,0.000000000000000000e+00,0.000000000000000000e+00,0.000000000000000000e+00,0.000000000000000000e+00,0.000000000000000000e+00,0.000000000000000000e+00,0.000000000000000000e+00,0.000000000000000000e+00,0.000000000000000000e+00,0.000000000000000000e+00,0.000000000000000000e+00,0.000000000000000000e+00,0.000000000000000000e+00,0.000000000000000000e+00,0.000000000000000000e+00,0.000000000000000000e+00,0.000000000000000000e+00,0.000000000000000000e+00,0.000000000000000000e+00
RPM,0.000000000000000000e+00,0.000000000000000000e+00,0.000000000000000000e+00,0.000000000000000000e+00,0.000000000000000000e+00,0.000000000000000000e+00,0.000000000000000000e+00,0.000000000000000000e+00,0.000000000000000000e+00,0.000000000000000000e+00,0.000000000000000000e+00,0.000000000000000000e+00,0.000000000000000000e+00,0.000000000000000000e+00,0.000000000000000000e+00,0.000000000000000000e+00,0.000000000000000000e+00,0.000000000000000000e+00,0.000000000000000000e+00,0.000000000000000000e+00,0.000000000000000000e+00,0.000000000000000000e+00,0.000000000000000000e+00,0.000000000000000000e+00,0.000000000000000000e+00,0.000000000000000000e+00,0.000000000000000000e+00,0.000000000000000000e+00,0.000000000000000000e+00,0.000000000000000000e+00,0.000000000000000000e+00,0.000000000000000000e+00,0.000000000000000000e+00,0.000000000000000000e+00,0.000000000000000000e+00,0.000000000000000000e+00,0.000000000000000000e+00,0.000000000000000000e+00,0.000000000000000000e+00,0.000000000000000000e+00,0.000000000000000000e+00,0.000000000000000000e+00,0.000000000000000000e+00,0.000000000000000000e+00,0.000000000000000000e+00,0.000000000000000000e+00,0.000000000000000000e+00,0.000000000000000000e+00,0.000000000000000000e+00,0.000000000000000000e+00,0.000000000000000000e+00,0.000000000000000000e+00,0.000000000000000000e+00,0.000000000000000000e+00,0.000000000000000000e+00,0.000000000000000000e+00,0.000000000000000000e+00,0.000000000000000000e+00,0.000000000000000000e+00,0.000000000000000000e+00,0.000000000000000000e+00,0.000000000000000000e+00,0.000000000000000000e+00,0.000000000000000000e+00,0.000000000000000000e+00,0.000000000000000000e+00,0.000000000000000000e+00,0.000000000000000000e+00,0.000000000000000000e+00,0.000000000000000000e+00,0.000000000000000000e+00,0.000000000000000000e+00,0.000000000000000000e+00,0.000000000000000000e+00,0.000000000000000000e+00,0.000000000000000000e+00,0.000000000000000000e+00,0.000000000000000000e+00,0.000000000000000000e+00,0.000000000000000000e+00,0.000000000000000000e+00,0.000000000000000000e+00,0.000000000000000000e+00,0.000000000000000000e+00,0.000000000000000000e+00,0.000000000000000000e+00,0.000000000000000000e+00,0.000000000000000000e+00,0.000000000000000000e+00,0.000000000000000000e+00,0.000000000000000000e+00,0.000000000000000000e+00
SoverB,3.100999999999999937e-02,6.201999999999999874e-02,9.303000000000000158e-02,1.240399999999999975e-01,1.550499999999999934e-01,1.860600000000000032e-01,2.170700000000000129e-01,2.480799999999999950e-01,2.733400000000000274e-01,2.790900000000000047e-01,3.592000000000000193e-01,4.393000000000000238e-01,5.193999999999999728e-01,5.995000000000000329e-01,6.795999999999999819e-01,7.597000000000000419e-01,8.397999999999999909e-01,9.199000000000000510e-01,1.000000000000000000e+00,3.100999999999999937e-02,6.201999999999999874e-02,9.303000000000000158e-02,1.240399999999999975e-01,1.550499999999999934e-01,1.860600000000000032e-01,2.170700000000000129e-01,2.480799999999999950e-01,2.733400000000000274e-01,2.790900000000000047e-01,3.592000000000000193e-01,4.393000000000000238e-01,5.193999999999999728e-01,5.995000000000000329e-01,6.795999999999999819e-01,7.597000000000000419e-01,8.397999999999999909e-01,9.199000000000000510e-01,1.000000000000000000e+00,1.111100000000000004e-01,2.222200000000000009e-01,3.333300000000000152e-01,4.444400000000000017e-01,5.555600000000000538e-01,6.666699999999999848e-01,7.777800000000000269e-01,8.888899999999999579e-01,1.000000000000000000e+00,1.111100000000000004e-01,2.222200000000000009e-01,3.333300000000000152e-01,4.444400000000000017e-01,5.555600000000000538e-01,6.666699999999999848e-01,7.777800000000000269e-01,8.888899999999999579e-01,1.000000000000000000e+00,2.925000000000000169e-02,5.850000000000000339e-02,8.774999999999999467e-02,1.170100000000000029e-01,1.462600000000000011e-01,1.755099999999999993e-01,2.047700000000000076e-01,2.340200000000000058e-01,2.632700000000000040e-01,3.451299999999999923e-01,4.269899999999999807e-01,5.088500000000000245e-01,5.907099999999999573e-01,6.725700000000000012e-01,7.544199999999999795e-01,8.362800000000000233e-01,9.181399999999999562e-01,1.000000000000000000e+00,2.925000000000000169e-02,5.850000000000000339e-02,8.774999999999999467e-02,1.170100000000000029e-01,1.462600000000000011e-01,1.755099999999999993e-01,2.047700000000000076e-01,2.340200000000000058e-01,2.632700000000000040e-01,3.451299999999999923e-01,4.269899999999999807e-01,5.088500000000000245e-01,5.907099999999999573e-01,6.725700000000000012e-01,7.544199999999999795e-01,8.362800000000000233e-01,9.181399999999999562e-01,1.000000000000000000e+00
StallFact,1.000000000000000000e+00,1.000000000000000000e+00,1.000000000000000000e+00,1.000000000000000000e+00,1.000000000000000000e+00,1.000000000000000000e+00,1.000000000000000000e+00,1.000000000000000000e+00,1.000000000000000000e+00,1.000000000000000000e+00,1.000000000000000000e+00,1.000000000000000000e+00,1.000000000000000000e+00,1.000000000000000000e+00,1.000000000000000000e+00,1.000000000000000000e+00,1.000000000000000000e+00,1.000000000000000000e+00,1.000000000000000000e+00,1.000000000000000000e+00,1.000000000000000000e+00,1.000000000000000000e+00,1.000000000000000000e+00,1.000000000000000000e+00,1.000000000000000000e+00,1.000000000000000000e+00,1.000000000000000000e+00,1.000000000000000000e+00,1.000000000000000000e+00,1.000000000000000000e+00,1.000000000000000000e+00,1.000000000000000000e+00,1.000000000000000000e+00,1.000000000000000000e+00,1.000000000000000000e+00,1.000000000000000000e+00,1.000000000000000000e+00,1.000000000000000000e+00,1.000000000000000000e+00,1.000000000000000000e+00,1.000000000000000000e+00,1.000000000000000000e+00,1.000000000000000000e+00,1.000000000000000000e+00,1.000000000000000000e+00,1.000000000000000000e+00,1.000000000000000000e+00,1.000000000000000000e+00,1.000000000000000000e+00,1.000000000000000000e+00,1.000000000000000000e+00,1.000000000000000000e+00,1.000000000000000000e+00,1.000000000000000000e+00,1.000000000000000000e+00,1.000000000000000000e+00,1.000000000000000000e+00,1.000000000000000000e+00,1.000000000000000000e+00,1.000000000000000000e+00,1.000000000000000000e+00,1.000000000000000000e+00,1.000000000000000000e+00,1.000000000000000000e+00,1.000000000000000000e+00,1.000000000000000000e+00,1.000000000000000000e+00,1.000000000000000000e+00,1.000000000000000000e+00,1.000000000000000000e+00,1.000000000000000000e+00,1.000000000000000000e+00,1.000000000000000000e+00,1.000000000000000000e+00,1.000000000000000000e+00,1.000000000000000000e+00,1.000000000000000000e+00,1.000000000000000000e+00,1.000000000000000000e+00,1.000000000000000000e+00,1.000000000000000000e+00,1.000000000000000000e+00,1.000000000000000000e+00,1.000000000000000000e+00,1.000000000000000000e+00,1.000000000000000000e+00,1.000000000000000000e+00,1.000000000000000000e+00,1.000000000000000000e+00,1.000000000000000000e+00,1.000000000000000000e+00,1.000000000000000000e+00
Thrust,0.000000000000000000e+00,0.000000000000000000e+00,0.000000000000000000e+00,0.000000000000000000e+00,0.000000000000000000e+00,0.000000000000000000e+00,0.000000000000000000e+00,0.000000000000000000e+00,0.000000000000000000e+00,0.000000000000000000e+00,0.000000000000000000e+00,0.000000000000000000e+00,0.000000000000000000e+00,0.000000000000000000e+00,0.000000000000000000e+00,0.000000000000000000e+00,0.000000000000000000e+00,0.000000000000000000e+00,0.000000000000000000e+00,0.000000000000000000e+00,0.000000000000000000e+00,0.000000000000000000e+00,0.000000000000000000e+00,0.000000000000000000e+00,0.000000000000000000e+00,0.000000000000000000e+00,0.000000000000000000e+00,0.000000000000000000e+00,0.000000000000000000e+00,0.000000000000000000e+00,0.000000000000000000e+00,0.000000000000000000e+00,0.000000000000000000e+00,0.000000000000000000e+00,0.000000000000000000e+00,0.000000000000000000e+00,0.000000000000000000e+00,0.000000000000000000e+00,0.000000000000000000e+00,0.000000000000000000e+00,0.000000000000000000e+00,0.000000000000000000e+00,0.000000000000000000e+00,0.000000000000000000e+00,0.000000000000000000e+00,0.000000000000000000e+00,0.000000000000000000e+00,0.000000000000000000e+00,0.000000000000000000e+00,0.000000000000000000e+00,0.000000000000000000e+00,0.000000000000000000e+00,0.000000000000000000e+00,0.000000000000000000e+00,0.000000000000000000e+00,0.000000000000000000e+00,0.000000000000000000e+00,0.000000000000000000e+00,0.000000000000000000e+00,0.000000000000000000e+00,0.000000000000000000e+00,0.000000000000000000e+00,0.000000000000000000e+00,0.000000000000000000e+00,0.000000000000000000e+00,0.000000000000000000e+00,0.000000000000000000e+00,0.000000000000000000e+00,0.000000000000000000e+00,0.000000000000000000e+00,0.000000000000000000e+00,0.000000000000000000e+00,0.000000000000000000e+00,0.000000000000000000e+00,0.000000000000000000e+00,0.000000000000000000e+00,0.000000000000000000e+00,0.000000000000000000e+00,0.000000000000000000e+00,0.000000000000000000e+00,0.000000000000000000e+00,0.000000000000000000e+00,0.000000000000000000e+00,0.000000000000000000e+00,0.000000000000000000e+00,0.000000000000000000e+00,0.000000000000000000e+00,0.000000000000000000e+00,0.000000000000000000e+00,0.000000000000000000e+00,0.000000000000000000e+00,0.000000000000000000e+00
Thrusti,0.000000000000000000e+00,0.000000000000000000e+00,0.000000000000000000e+00,0.000000000000000000e+00,0.000000000000000000e+00,0.000000000000000000e+00,0.000000000000000000e+00,0.000000000000000000e+00,0.000000000000000000e+00,0.000000000000000000e+00,0.000000000000000000e+00,0.000000000000000000e+00,0.000000000000000000e+00,0.000000000000000000e+00,0.000000000000000000e+00,0.000000000000000000e+00,0.000000000000000000e+00,0.000000000000000000e+00,0.000000000000000000e+00,0.000000000000000000e+00,0.000000000000000000e+00,0.000000000000000000e+00,0.000000000000000000e+00,0.000000000000000000e+00,0.000000000000000000e+00,0.000000000000000000e+00,0.000000000000000000e+00,0.000000000000000000e+00,0.000000000000000000e+00,0.000000000000000000e+00,0.000000000000000000e+00,0.000000000000000000e+00,0.000000000000000000e+00,0.000000000000000000e+00,0.000000000000000000e+00,0.000000000000000000e+00,0.000000000000000000e+00,0.000000000000000000e+00,0.000000000000000000e+00,0.000000000000000000e+00,0.000000000000000000e+00,0.000000000000000000e+00,0.000000000000000000e+00,0.000000000000000000e+00,0.000000000000000000e+00,0.000000000000000000e+00,0.000000000000000000e+00,0.000000000000000000e+00,0.000000000000000000e+00,0.000000000000000000e+00,0.000000000000000000e+00,0.000000000000000000e+00,0.000000000000000000e+00,0.000000000000000000e+00,0.000000000000000000e+00,0.000000000000000000e+00,0.000000000000000000e+00,0.000000000000000000e+00,0.000000000000000000e+00,0.000000000000000000e+00,0.000000000000000000e+00,0.000000000000000000e+00,0.000000000000000000e+00,0.000000000000000000e+00,0.000000000000000000e+00,0.000000000000000000e+00,0.000000000000000000e+00,0.000000000000000000e+00,0.000000000000000000e+00,0.000000000000000000e+00,0.000000000000000000e+00,0.000000000000000000e+00,0.000000000000000000e+00,0.000000000000000000e+00,0.000000000000000000e+00,0.000000000000000000e+00,0.000000000000000000e+00,0.000000000000000000e+00,0.000000000000000000e+00,0.000000000000000000e+00,0.000000000000000000e+00,0.000000000000000000e+00,0.000000000000000000e+00,0.000000000000000000e+00,0.000000000000000000e+00,0.000000000000000000e+00,0.000000000000000000e+00,0.000000000000000000e+00,0.000000000000000000e+00,0.000000000000000000e+00,0.000000000000000000e+00,0.000000000000000000e+00
Thrusto,0.000000000000000000e+00,0.000000000000000000e+00,0.000000000000000000e+00,0.000000000000000000e+00,0.000000000000000000e+00,0.000000000000000000e+00,0.000000000000000000e+00,0.000000000000000000e+00,0.000000000000000000e+00,0.000000000000000000e+00,0.000000000000000000e+00,0.000000000000000000e+00,0.000000000000000000e+00,0.000000000000000000e+00,0.000000000000000000e+00,0.000000000000000000e+00,0.000000000000000000e+00,0.000000000000000000e+00,0.000000000000000000e+00,0.000000000000000000e+00,0.000000000000000000e+00,0.000000000000000000e+00,0.000000000000000000e+00,0.000000000000000000e+00,0.000000000000000000e+00,0.000000000000000000e+00,0.000000000000000000e+00,0.000000000000000000e+00,0.000000000000000000e+00,0.000000000000000000e+00,0.000000000000000000e+00,0.000000000000000000e+00,0.000000000000000000e+00,0.000000000000000000e+00,0.000000000000000000e+00,0.000000000000000000e+00,0.000000000000000000e+00,0.000000000000000000e+00,0.000000000000000000e+00,0.000000000000000000e+00,0.000000000000000000e+00,0.000000000000000000e+00,0.000000000000000000e+00,0.000000000000000000e+00,0.000000000000000000e+00,0.000000000000000000e+00,0.000000000000000000e+00,0.000000000000000000e+00,0.000000000000000000e+00,0.000000000000000000e+00,0.000000000000000000e+00,0.000000000000000000e+00,0.000000000000000000e+00,0.000000000000000000e+00,0.000000000000000000e+00,0.000000000000000000e+00,0.000000000000000000e+00,0.000000000000000000e+00,0.000000000000000000e+00,0.000000000000000000e+00,0.000000000000000000e+00,0.000000000000000000e+00,0.000000000000000000e+00,0.000000000000000000e+00,0.000000000000000000e+00,0.000000000000000000e+00,0.000000000000000000e+00,0.000000000000000000e+00,0.000000000000000000e+00,0.000000000000000000e+00,0.000000000000000000e+00,0.000000000000000000e+00,0.000000000000000000e+00,0.000000000000000000e+00,0.000000000000000000e+00,0.000000000000000000e+00,0.000000000000000000e+00,0.000000000000000000e+00,0.000000000000000000e+00,0.000000000000000000e+00,0.000000000000000000e+00,0.000000000000000000e+00,0.000000000000000000e+00,0.000000000000000000e+00,0.000000000000000000e+00,0.000000000000000000e+00,0.000000000000000000e+00,0.000000000000000000e+00,0.000000000000000000e+00,0.000000000000000000e+00,0.000000000000000000e+00,0.000000000000000000e+00
TrailVort,1,2,3,4,5,6,7,8,9,10,11,12,13,14,15,16,17,18,19,1,2,3,4,5,6,7,8,9,10,11,12,13,14,15,16,17,18,19,1,2,3,4,5,6,7,8,9,1,2,3,4,5,6,7,8,9,1,2,3,4,5,6,7,8,9,10,11,12,13,14,15,16,17,18,1,2,3,4,5,6,7,8,9,10,11,12,13,14,15,16,17,18
Unsteady,0
V/Vref,1.000000000000000000e+00,1.000000000000000000e+00,1.000000000000000000e+00,1.000000000000000000e+00,1.000000000000000000e+00,1.000000000000000000e+00,1.000000000000000000e+00,1.000000000000000000e+00,1.000000000000000000e+00,1.000000000000000000e+00,1.000000000000000000e+00,1.000000000000000000e+00,1.000000000000000000e+00,1.000000000000000000e+00,1.000000000000000000e+00,1.000000000000000000e+00,1.000000000000000000e+00,1.000000000000000000e+00,1.000000000000000000e+00,1.000000000000000000e+00,1.000000000000000000e+00,1.000000000000000000e+00,1.000000000000000000e+00,1.000000000000000000e+00,1.000000000000000000e+00,1.000000000000000000e+00,1.000000000000000000e+00,1.000000000000000000e+00,1.000000000000000000e+00,1.000000000000000000e+00,1.000000000000000000e+00,1.000000000000000000e+00,1.000000000000000000e+00,1.000000000000000000e+00,1.000000000000000000e+00,1.000000000000000000e+00,1.000000000000000000e+00,1.000000000000000000e+00,1.000000000000000000e+00,1.000000000000000000e+00,1.000000000000000000e+00,1.000000000000000000e+00,1.000000000000000000e+00,1.000000000000000000e+00,1.000000000000000000e+00,1.000000000000000000e+00,1.000000000000000000e+00,1.000000000000000000e+00,1.000000000000000000e+00,1.000000000000000000e+00,1.000000000000000000e+00,1.000000000000000000e+00,1.000000000000000000e+00,1.000000000000000000e+00,1.000000000000000000e+00,1.000000000000000000e+00,1.000000000000000000e+00,1.000000000000000000e+00,1.000000000000000000e+00,1.000000000000000000e+00,1.000000000000000000e+00,1.000000000000000000e+00,1.000000000000000000e+00,1.000000000000000000e+00,1.000000000000000000e+00,1.000000000000000000e+00,1.000000000000000000e+00,1.000000000000000000e+00,1.000000000000000000e+00,1.000000000000000000e+00,1.000000000000000000e+00,1.000000000000000000e+00,1.000000000000000000e+00,1.000000000000000000e+00,1.000000000000000000e+00,1.000000000000000000e+00,1.000000000000000000e+00,1.000000000000000000e+00,1.000000000000000000e+00,1.000000000000000000e+00,1.000000000000000000e+00,1.000000000000000000e+00,1.000000000000000000e+00,1.000000000000000000e+00,1.000000000000000000e+00,1.000000000000000000e+00,1.000000000000000000e+00,1.000000000000000000e+00,1.000000000000000000e+00,1.000000000000000000e+00,1.000000000000000000e+00,1.000000000000000000e+00
VortexSheet,1,1,1,1,1,1,1,1,1,1,1,1,1,1,1,1,1,1,1,2,2,2,2,2,2,2,2,2,2,2,2,2,2,2,2,2,2,2,3,3,3,3,3,3,3,3,3,4,4,4,4,4,4,4,4,4,5,5,5,5,5,5,5,5,5,5,5,5,5,5,5,5,5,5,6,6,6,6,6,6,6,6,6,6,6,6,6,6,6,6,6,6
Xavg,4.078603999999999985e+01,4.077788000000000324e+01,4.076971000000000345e+01,4.076154999999999973e+01,4.075337999999999994e+01,4.074522000000000332e+01,4.073705000000000354e+01,4.072888999999999982e+01,4.072147999999999968e+01,4.071739999999999782e+01,4.085244999999999749e+01,4.112407000000000323e+01,4.139567999999999870e+01,4.166729000000000127e+01,4.193889000000000067e+01,4.221049000000000007e+01,4.248208999999999946e+01,4.275368999999999886e+01,4.302530000000000143e+01,4.078603999999999985e+01,4.077788000000000324e+01,4.076971000000000345e+01,4.076154999999999973e+01,4.075337999999999994e+01,4.074522000000000332e+01,4.073705000000000354e+01,4.072888999999999982e+01,4.072147999999999968e+01,4.071739999999999782e+01,4.085244999999999749e+01,4.112407000000000323e+01,4.139567999999999870e+01,4.166729000000000127e+01,4.193889000000000067e+01,4.221049000000000007e+01,4.248208999999999946e+01,4.275368999999999886e+01,4.302530000000000143e+01,5.236139000000000010e+01,5.270192999999999728e+01,5.304247999999999763e+01,5.338302000000000191e+01,5.372355999999999909e+01,5.406410000000000338e+01,5.440464000000000055e+01,5.474517999999999773e+01,5.508572000000000202e+01,5.236139000000000010e+01,5.270192999999999728e+01,5.304247999999999763e+01,5.338302000000000191e+01,5.372355999999999909e+01,5.406410000000000338e+01,5.440464000000000055e+01,5.474517999999999773e+01,5.508572000000000202e+01,4.877049000000000234e+01,4.878936000000000206e+01,4.880823000000000178e+01,4.882710999999999757e+01,4.884597999999999729e+01,4.886484999999999701e+01,4.888371999999999673e+01,4.890258999999999645e+01,4.892146999999999935e+01,4.894178000000000139e+01,4.896354000000000184e+01,4.898530000000000229e+01,4.900704999999999956e+01,4.902881000000000000e+01,4.905057000000000045e+01,4.907233000000000089e+01,4.909409000000000134e+01,4.911583999999999861e+01,4.877049000000000234e+01,4.878936000000000206e+01,4.880823000000000178e+01,4.882710999999999757e+01,4.884597999999999729e+01,4.886484999999999701e+01,4.888371999999999673e+01,4.890258999999999645e+01,4.892146999999999935e+01,4.894178000000000139e+01,4.896354000000000184e+01,4.898530000000000229e+01,4.900704999999999956e+01,4.902881000000000000e+01,4.905057000000000045e+01,4.907233000000000089e+01,4.909409000000000134e+01,4.911583999999999861e+01
Yavg,1.265079999999999982e+00,1.795239999999999947e+00,2.325390000000000068e+00,2.855550000000000033e+00,3.385709999999999997e+00,3.915869999999999962e+00,4.446019999999999861e+00,4.976180000000000270e+00,5.457169999999999632e+00,5.722240000000000215e+00,6.456170000000000186e+00,7.825660000000000061e+00,9.195119999999999294e+00,1.056456000000000017e+01,1.193397000000000041e+01,1.330336999999999925e+01,1.467276999999999987e+01,1.604216999999999871e+01,1.741158000000000072e+01,-1.265079999999999982e+00,-1.795239999999999947e+00,-2.325390000000000068e+00,-2.855550000000000033e+00,-3.385709999999999997e+00,-3.915869999999999962e+00,-4.446019999999999861e+00,-4.976180000000000270e+00,-5.457169999999999632e+00,-5.722240000000000215e+00,-6.456170000000000186e+00,-7.825660000000000061e+00,-9.195119999999999294e+00,-1.056456000000000017e+01,-1.193397000000000041e+01,-1.330336999999999925e+01,-1.467276999999999987e+01,-1.604216999999999871e+01,-1.741158000000000072e+01,6.249410000000000132e+00,6.944969999999999644e+00,7.640520000000000422e+00,8.336069999999999425e+00,9.031620000000000203e+00,9.727169999999999206e+00,1.042271999999999998e+01,1.111827000000000076e+01,1.181381999999999977e+01,-6.249410000000000132e+00,-6.944969999999999644e+00,-7.640520000000000422e+00,-8.336069999999999425e+00,-9.031620000000000203e+00,-9.727169999999999206e+00,-1.042271999999999998e+01,-1.111827000000000076e+01,-1.181381999999999977e+01,5.670189999999999841e+00,5.699080000000000368e+00,5.727979999999999627e+00,5.756879999999999775e+00,5.785779999999999923e+00,5.814669999999999561e+00,5.843569999999999709e+00,5.872469999999999857e+00,5.901370000000000005e+00,5.956249999999999822e+00,6.037110000000000198e+00,6.117969999999999686e+00,6.198830000000000062e+00,6.279690000000000438e+00,6.360560000000000436e+00,6.441419999999999924e+00,6.522280000000000300e+00,6.603139999999999787e+00,-5.670189999999999841e+00,-5.699080000000000368e+00,-5.727979999999999627e+00,-5.756879999999999775e+00,-5.785779999999999923e+00,-5.814669999999999561e+00,-5.843569999999999709e+00,-5.872469999999999857e+00,-5.901370000000000005e+00,-5.956249999999999822e+00,-6.037110000000000198e+00,-6.117969999999999686e+00,-6.198830000000000062e+00,-6.279690000000000438e+00,-6.360560000000000436e+00,-6.441419999999999924e+00,-6.522280000000000300e+00,-6.603139999999999787e+00
Zavg,3.959400000000000142e-01,3.681599999999999873e-01,3.403800000000000159e-01,3.125899999999999790e-01,2.848100000000000076e-01,2.570200000000000262e-01,2.292399999999999993e-01,2.014499999999999902e-01,1.762499999999999900e-01,1.623499999999999943e-01,1.238900000000000001e-01,5.211999999999999966e-02,-1.965000000000000080e-02,-9.142000000000000126e-02,-1.631900000000000017e-01,-2.349600000000000022e-01,-3.067199999999999926e-01,-3.784899999999999931e-01,-4.502599999999999936e-01,3.959400000000000142e-01,3.681599999999999873e-01,3.403800000000000159e-01,3.125899999999999790e-01,2.848100000000000076e-01,2.570200000000000262e-01,2.292399999999999993e-01,2.014499999999999902e-01,1.762499999999999900e-01,1.623499999999999943e-01,1.238900000000000001e-01,5.211999999999999966e-02,-1.965000000000000080e-02,-9.142000000000000126e-02,-1.631900000000000017e-01,-2.349600000000000022e-01,-3.067199999999999926e-01,-3.784899999999999931e-01,-4.502599999999999936e-01,6.069999999999999701e-02,1.814999999999999947e-02,-2.438999999999999849e-02,-6.693000000000000338e-02,-1.094699999999999979e-01,-1.520100000000000062e-01,-1.945500000000000007e-01,-2.371000000000000052e-01,-2.796399999999999997e-01,6.069999999999999701e-02,1.814999999999999947e-02,-2.438999999999999849e-02,-6.693000000000000338e-02,-1.094699999999999979e-01,-1.520100000000000062e-01,-1.945500000000000007e-01,-2.371000000000000052e-01,-2.796399999999999997e-01,1.374700000000000089e-01,4.124099999999999988e-01,6.873500000000000165e-01,9.622899999999999787e-01,1.237230000000000052e+00,1.512170000000000014e+00,1.787109999999999976e+00,2.062050000000000161e+00,2.336990000000000123e+00,2.859140000000000015e+00,3.628490000000000215e+00,4.397840000000000416e+00,5.167189999999999728e+00,5.936550000000000438e+00,6.705899999999999750e+00,7.475249999999999950e+00,8.244600000000000151e+00,9.013949999999999463e+00,1.374700000000000089e-01,4.124099999999999988e-01,6.873500000000000165e-01,9.622899999999999787e-01,1.237230000000000052e+00,1.512170000000000014e+00,1.787109999999999976e+00,2.062050000000000161e+00,2.336990000000000123e+00,2.859140000000000015e+00,3.628490000000000215e+00,4.397840000000000416e+00,5.167189999999999728e+00,5.936550000000000438e+00,6.705899999999999750e+00,7.475249999999999950e+00,8.244600000000000151e+00,9.013949999999999463e+00
cd,4.799999999999999580e-03,4.910000000000000302e-03,5.020000000000000157e-03,5.120000000000000419e-03,5.219999999999999814e-03,5.340000000000000129e-03,5.459999999999999576e-03,5.610000000000000403e-03,5.879999999999999810e-03,6.029999999999999770e-03,6.049999999999999822e-03,6.210000000000000242e-03,6.369999999999999794e-03,6.559999999999999859e-03,6.749999999999999924e-03,6.899999999999999883e-03,6.980000000000000093e-03,6.989999999999999686e-03,6.819999999999999674e-03,4.799999999999999580e-03,4.910000000000000302e-03,5.020000000000000157e-03,5.120000000000000419e-03,5.219999999999999814e-03,5.340000000000000129e-03,5.459999999999999576e-03,5.610000000000000403e-03,5.879999999999999810e-03,5.980000000000000072e-03,6.060000000000000282e-03,6.210000000000000242e-03,6.369999999999999794e-03,6.559999999999999859e-03,6.749999999999999924e-03,6.899999999999999883e-03,6.980000000000000093e-03,6.989999999999999686e-03,6.819999999999999674e-03,5.629999999999999588e-03,5.740000000000000310e-03,5.799999999999999600e-03,5.870000000000000218e-03,5.930000000000000375e-03,5.969999999999999613e-03,5.989999999999999665e-03,6.009999999999999717e-03,6.029999999999999770e-03,5.599999999999999943e-03,5.700000000000000205e-03,5.760000000000000363e-03,5.839999999999999705e-03,5.890000000000000270e-03,5.930000000000000375e-03,5.950000000000000427e-03,5.980000000000000072e-03,6.000000000000000125e-03,4.959999999999999999e-03,5.000000000000000104e-03,5.029999999999999749e-03,5.069999999999999854e-03,5.109999999999999959e-03,5.150000000000000064e-03,5.199999999999999761e-03,5.250000000000000326e-03,5.300000000000000024e-03,5.360000000000000181e-03,5.420000000000000338e-03,5.499999999999999681e-03,5.579999999999999891e-03,5.680000000000000153e-03,5.790000000000000008e-03,5.930000000000000375e-03,6.100000000000000387e-03,6.329999999999999689e-03,4.969999999999999592e-03,5.000000000000000104e-03,5.029999999999999749e-03,5.069999999999999854e-03,5.109999999999999959e-03,5.150000000000000064e-03,5.190000000000000169e-03,5.239999999999999866e-03,5.300000000000000024e-03,5.360000000000000181e-03,5.420000000000000338e-03,5.490000000000000088e-03,5.570000000000000298e-03,5.669999999999999693e-03,5.780000000000000415e-03,5.919999999999999915e-03,6.089999999999999927e-03,6.320000000000000097e-03
cd*c/cref,1.145491999288106473e-02,1.100165071917420453e-02,1.051630587150322732e-02,9.979398320578578008e-03,9.413338909832220242e-03,8.851270098856117360e-03,8.254218405682203774e-03,7.663154529422234497e-03,7.175184946688886387e-03,4.538514763699904100e-03,6.700183878848673703e-03,6.382539073244132555e-03,6.039405585127898685e-03,5.696836798420891294e-03,5.324000113255780361e-03,4.892522772501496642e-03,4.393090507547689309e-03,3.842424725354732975e-03,3.205561101493358423e-03,1.145491999288106473e-02,1.100165071917420453e-02,1.051630587150322732e-02,9.979398320578578008e-03,9.413338909832220242e-03,8.851270098856117360e-03,8.254218405682203774e-03,7.663154529422234497e-03,7.175184946688886387e-03,4.500881971297749674e-03,6.711258562945944528e-03,6.382539073244132555e-03,6.039405585127898685e-03,5.696836798420891294e-03,5.324000113255780361e-03,4.892522772501496642e-03,4.393090507547689309e-03,3.842424725354732975e-03,3.205561101493358423e-03,3.605597488957560954e-03,3.455306890805248578e-03,3.268380280550746246e-03,3.082094277347225981e-03,2.885553715598556876e-03,2.675435500833238910e-03,2.454051838788486647e-03,2.231125107188505936e-03,2.006660135583348322e-03,3.586384713705567055e-03,3.431228097141100428e-03,3.245839726891775866e-03,3.066342517837784918e-03,2.866089609591146708e-03,2.657509634831006513e-03,2.437664180432637124e-03,2.219988043425501906e-03,1.996676751824227186e-03,6.909917905738831821e-03,6.538199556684517674e-03,6.220412445192291702e-03,5.910027642500040139e-03,5.593964712734804216e-03,5.272219489701813686e-03,4.954327826945168281e-03,4.629338505347291126e-03,4.297247237367935770e-03,3.977363340721924885e-03,3.661268885401330452e-03,3.349365363146569654e-03,3.026820699920721152e-03,2.703144045172876930e-03,2.370254024625042481e-03,2.033016074231074749e-03,1.685432556182956841e-03,1.327812925720387545e-03,6.923849191839110719e-03,6.538199556684517674e-03,6.220412445192291702e-03,5.910027642500040139e-03,5.593964712734804216e-03,5.272219489701813686e-03,4.944800273431811978e-03,4.620520717718058085e-03,4.297247237367935770e-03,3.977363340721924885e-03,3.661268885401330452e-03,3.343275607940848857e-03,3.021396290064232593e-03,2.698384988755318792e-03,2.366160321646415630e-03,2.029587716601679703e-03,1.682669551992492865e-03,1.325715274968854640e-03
cdi,1.399999999999999877e-04,2.200000000000000078e-04,2.799999999999999755e-04,3.400000000000000244e-04,4.000000000000000192e-04,4.699999999999999859e-04,5.400000000000000069e-04,6.199999999999999999e-04,8.199999999999999824e-04,6.300000000000000261e-04,9.300000000000000541e-04,1.030000000000000100e-03,1.129999999999999928e-03,1.260000000000000052e-03,1.379999999999999933e-03,1.449999999999999900e-03,1.449999999999999900e-03,1.360000000000000098e-03,1.100000000000000066e-03,1.399999999999999877e-04,2.200000000000000078e-04,2.799999999999999755e-04,3.400000000000000244e-04,4.000000000000000192e-04,4.699999999999999859e-04,5.400000000000000069e-04,6.199999999999999999e-04,8.199999999999999824e-04,5.800000000000000034e-04,9.300000000000000541e-04,1.030000000000000100e-03,1.129999999999999928e-03,1.260000000000000052e-03,1.379999999999999933e-03,1.449999999999999900e-03,1.449999999999999900e-03,1.360000000000000098e-03,1.100000000000000066e-03,1.499999999999999869e-04,2.200000000000000078e-04,2.300000000000000070e-04,2.599999999999999772e-04,2.500000000000000052e-04,2.400000000000000061e-04,1.900000000000000105e-04,1.399999999999999877e-04,6.999999999999999387e-05,1.200000000000000030e-04,1.800000000000000113e-04,2.000000000000000096e-04,2.200000000000000078e-04,2.100000000000000087e-04,2.000000000000000096e-04,1.499999999999999869e-04,1.100000000000000039e-04,4.000000000000000327e-05,-0.000000000000000000e+00,-1.000000000000000082e-05,-1.000000000000000082e-05,-1.000000000000000082e-05,-1.000000000000000082e-05,-1.000000000000000082e-05,-1.000000000000000082e-05,-1.000000000000000082e-05,-1.000000000000000082e-05,-2.000000000000000164e-05,-2.000000000000000164e-05,-1.000000000000000082e-05,-1.000000000000000082e-05,-1.000000000000000082e-05,-1.000000000000000082e-05,-1.000000000000000082e-05,-1.000000000000000082e-05,-1.000000000000000082e-05,-0.000000000000000000e+00,-1.000000000000000082e-05,-1.000000000000000082e-05,-1.000000000000000082e-05,-1.000000000000000082e-05,-1.000000000000000082e-05,-2.000000000000000164e-05,-2.000000000000000164e-05,-2.000000000000000164e-05,-2.000000000000000164e-05,-2.000000000000000164e-05,-2.000000000000000164e-05,-2.000000000000000164e-05,-2.000000000000000164e-05,-2.000000000000000164e-05,-2.000000000000000164e-05,-2.000000000000000164e-05,-2.000000000000000164e-05
cdi*c/cref,3.341018331256977213e-04,4.929456534049542248e-04,5.865668613587456766e-04,6.626944197259211416e-04,7.213286520944230855e-04,7.790443719966993986e-04,8.163512708916466701e-04,8.469083437151131780e-04,1.000621029980422808e-03,4.741731842671542576e-04,1.029945621046159804e-03,1.058617591858527661e-03,1.071354522950474864e-03,1.094209507013768710e-03,1.088462245376737268e-03,1.028138843496691169e-03,9.126047615965829102e-04,7.475962269645833064e-04,5.170259841118321226e-04,3.341018331256977213e-04,4.929456534049542248e-04,5.865668613587456766e-04,6.626944197259211416e-04,7.213286520944230855e-04,7.790443719966993986e-04,8.163512708916466701e-04,8.469083437151131780e-04,1.000621029980422808e-03,4.365403918649991269e-04,1.029945621046159804e-03,1.058617591858527661e-03,1.071354522950474864e-03,1.094209507013768710e-03,1.088462245376737268e-03,1.028138843496691169e-03,9.126047615965829102e-04,7.475962269645833064e-04,5.170259841118321226e-04,9.606387625997054030e-05,1.324333651528143956e-04,1.296081835390813363e-04,1.365152490818191927e-04,1.216506625463135370e-04,1.075551960133965500e-04,7.784137719028589762e-05,5.197296422735288600e-05,2.329456210461598045e-05,7.685110100797643766e-05,1.083545714886663397e-04,1.127027682948533347e-04,1.155129030692316329e-04,1.021865565389033689e-04,8.962933001116378713e-05,6.145371883443622569e-05,4.083590046434869953e-05,1.331117834549484791e-05,-0.000000000000000000e+00,-1.307639911336903566e-05,-1.236662513954730200e-05,-1.165685925542414523e-05,-1.094709337130098677e-05,-1.023731939747925142e-05,-9.527553513356092952e-06,-8.817787629232936181e-06,-8.108013655411200831e-06,-1.484090798776837740e-05,-1.351021728930380126e-05,-6.089755205721036526e-06,-5.424409856488748459e-06,-4.759056417557882659e-06,-4.093702978627016860e-06,-3.428357629394729639e-06,-2.763004190463863840e-06,-2.097650751532998041e-06,-0.000000000000000000e+00,-1.307639911336903566e-05,-1.236662513954730200e-05,-1.165685925542414523e-05,-1.094709337130098677e-05,-1.023731939747925142e-05,-1.905510702671218590e-05,-1.763557525846587236e-05,-1.621602731082240166e-05,-1.484090798776837740e-05,-1.351021728930380126e-05,-1.217951041144207305e-05,-1.084881971297749692e-05,-9.518112835115765318e-06,-8.187405957254033720e-06,-6.856715258789459279e-06,-5.526008380927727680e-06,-4.195301503065996081e-06
cdo,4.660000000000000080e-03,4.689999999999999725e-03,4.729999999999999830e-03,4.769999999999999934e-03,4.819999999999999632e-03,4.870000000000000197e-03,4.930000000000000354e-03,4.989999999999999644e-03,5.060000000000000261e-03,5.400000000000000286e-03,5.130000000000000011e-03,5.179999999999999709e-03,5.239999999999999866e-03,5.300000000000000024e-03,5.369999999999999774e-03,5.449999999999999983e-03,5.530000000000000193e-03,5.619999999999999996e-03,5.720000000000000258e-03,4.660000000000000080e-03,4.689999999999999725e-03,4.729999999999999830e-03,4.769999999999999934e-03,4.819999999999999632e-03,4.870000000000000197e-03,4.930000000000000354e-03,4.989999999999999644e-03,5.060000000000000261e-03,5.400000000000000286e-03,5.130000000000000011e-03,5.179999999999999709e-03,5.239999999999999866e-03,5.300000000000000024e-03,5.369999999999999774e-03,5.449999999999999983e-03,5.530000000000000193e-03,5.619999999999999996e-03,5.720000000000000258e-03,5.479999999999999628e-03,5.519999999999999733e-03,5.570000000000000298e-03,5.619999999999999996e-03,5.669999999999999693e-03,5.729999999999999850e-03,5.799999999999999600e-03,5.879999999999999810e-03,5.960000000000000020e-03,5.479999999999999628e-03,5.519999999999999733e-03,5.570000000000000298e-03,5.619999999999999996e-03,5.669999999999999693e-03,5.729999999999999850e-03,5.799999999999999600e-03,5.870000000000000218e-03,5.960000000000000020e-03,4.969999999999999592e-03,5.009999999999999697e-03,5.040000000000000209e-03,5.080000000000000314e-03,5.120000000000000419e-03,5.159999999999999656e-03,5.210000000000000221e-03,5.259999999999999919e-03,5.320000000000000076e-03,5.369999999999999774e-03,5.440000000000000391e-03,5.510000000000000141e-03,5.590000000000000351e-03,5.689999999999999745e-03,5.799999999999999600e-03,5.939999999999999968e-03,6.109999999999999980e-03,6.340000000000000149e-03,4.969999999999999592e-03,5.009999999999999697e-03,5.040000000000000209e-03,5.080000000000000314e-03,5.120000000000000419e-03,5.159999999999999656e-03,5.210000000000000221e-03,5.259999999999999919e-03,5.320000000000000076e-03,5.380000000000000233e-03,5.440000000000000391e-03,5.510000000000000141e-03,5.590000000000000351e-03,5.689999999999999745e-03,5.799999999999999600e-03,5.939999999999999968e-03,6.109999999999999980e-03,6.340000000000000149e-03
cdo*c/cref,1.112081815975536798e-02,1.050870506576924955e-02,9.908790193667383131e-03,9.297212888507775178e-03,8.692010257737796397e-03,8.072225726859416986e-03,7.452984750918181973e-03,6.816246185707120452e-03,6.174563916708463579e-03,4.064341579432750873e-03,5.681312941899784724e-03,5.323921481385603810e-03,4.968051062177424038e-03,4.602627291407122151e-03,4.235537867879043093e-03,3.864383929004805256e-03,3.480485745951106182e-03,3.089331467309527728e-03,2.688535117381526951e-03,1.112081815975536798e-02,1.050870506576924955e-02,9.908790193667383131e-03,9.297212888507775178e-03,8.692010257737796397e-03,8.072225726859416986e-03,7.452984750918181973e-03,6.816246185707120452e-03,6.174563916708463579e-03,4.064341579432750873e-03,5.681312941899784724e-03,5.323921481385603810e-03,4.968051062177424038e-03,4.602627291407122151e-03,4.235537867879043093e-03,3.864383929004805256e-03,3.480485745951106182e-03,3.089331467309527728e-03,2.688535117381526951e-03,3.509533612697590590e-03,3.322873525652433966e-03,3.138772097011665371e-03,2.950829614768553637e-03,2.759037026550390567e-03,2.567880304819842360e-03,2.376210461598200763e-03,2.182864497548821225e-03,1.983365573478732338e-03,3.509533612697590590e-03,3.322873525652433966e-03,3.138772097011665371e-03,2.950829614768553637e-03,2.759037026550390567e-03,2.567880304819842360e-03,2.376210461598200763e-03,2.179152142961153504e-03,1.983365573478732338e-03,6.923849191839110719e-03,6.551275955797885783e-03,6.232779070331839234e-03,5.921684501755465277e-03,5.604911806106105225e-03,5.282456809099292383e-03,4.963855380458524584e-03,4.638156292976523300e-03,4.313463264678758964e-03,3.984783794715809208e-03,3.674779102690634187e-03,3.355455118352290884e-03,3.032245109777210144e-03,2.707903101590434635e-03,2.374347727603669331e-03,2.036444431860469362e-03,1.688195560373420600e-03,1.329910576471920666e-03,6.923849191839110719e-03,6.551275955797885783e-03,6.232779070331839234e-03,5.921684501755465277e-03,5.604911806106105225e-03,5.282456809099292383e-03,4.963855380458524584e-03,4.638156292976523300e-03,4.313463264678758964e-03,3.992204248709693530e-03,3.674779102690634187e-03,3.355455118352290884e-03,3.032245109777210144e-03,2.707903101590434635e-03,2.374347727603669331e-03,2.036444431860469362e-03,1.688195560373420600e-03,1.329910576471920666e-03
cl,7.870000000000000259e-03,1.252999999999999947e-02,1.619999999999999912e-02,1.958999999999999977e-02,2.299000000000000002e-02,2.658999999999999905e-02,3.058999999999999914e-02,3.522000000000000131e-02,4.669000000000000233e-02,3.599000000000000116e-02,5.290999999999999870e-02,5.874999999999999667e-02,6.461999999999999689e-02,7.220000000000000029e-02,7.871000000000000218e-02,8.305999999999999495e-02,8.283999999999999697e-02,7.803000000000000214e-02,6.263000000000000511e-02,7.870000000000000259e-03,1.252999999999999947e-02,1.619999999999999912e-02,1.958999999999999977e-02,2.299000000000000002e-02,2.658999999999999905e-02,3.064000000000000057e-02,3.540000000000000091e-02,4.696999999999999786e-02,3.302000000000000074e-02,5.299000000000000238e-02,5.875999999999999973e-02,6.461999999999999689e-02,7.220000000000000029e-02,7.871000000000000218e-02,8.305999999999999495e-02,8.283999999999999697e-02,7.803000000000000214e-02,6.263000000000000511e-02,8.750000000000000833e-03,1.247000000000000018e-02,1.328000000000000014e-02,1.456999999999999962e-02,1.439000000000000001e-02,1.348000000000000066e-02,1.072000000000000036e-02,7.779999999999999589e-03,3.950000000000000386e-03,6.749999999999999924e-03,1.034000000000000023e-02,1.119000000000000029e-02,1.242000000000000048e-02,1.220000000000000077e-02,1.132000000000000020e-02,8.680000000000000215e-03,5.950000000000000427e-03,2.399999999999999790e-03,-3.400000000000000244e-04,-4.800000000000000122e-04,-5.900000000000000296e-04,-6.599999999999999964e-04,-7.200000000000000453e-04,-7.799999999999999859e-04,-8.300000000000000086e-04,-8.800000000000000313e-04,-9.399999999999999719e-04,-9.799999999999999684e-04,-9.700000000000000505e-04,-9.300000000000000541e-04,-8.599999999999999789e-04,-8.199999999999999824e-04,-8.000000000000000383e-04,-7.399999999999999894e-04,-7.200000000000000453e-04,-6.300000000000000261e-04,-2.999999999999999737e-04,-5.400000000000000069e-04,-6.899999999999999667e-04,-7.900000000000000121e-04,-8.700000000000000051e-04,-9.399999999999999719e-04,-1.020000000000000073e-03,-1.090000000000000040e-03,-1.170000000000000033e-03,-1.250000000000000026e-03,-1.280000000000000105e-03,-1.270000000000000078e-03,-1.229999999999999974e-03,-1.229999999999999974e-03,-1.250000000000000026e-03,-1.229999999999999974e-03,-1.219999999999999947e-03,-1.059999999999999961e-03
cl*c/cref,1.878129590499458268e-02,2.807549562347307071e-02,3.393708269289885671e-02,3.818289318361998280e-02,4.145836427912696215e-02,4.407402096040901468e-02,4.624478773439901630e-02,4.810985784781659363e-02,5.697438523144628120e-02,2.708808397107123969e-02,5.859615355865840230e-02,6.038231409872668598e-02,6.126630909120326512e-02,6.269994159237626818e-02,6.208178502435000162e-02,5.889462920057598333e-02,5.213805410390408984e-02,4.289333352209296485e-02,2.943757944084004000e-02,1.878129590499458268e-02,2.807549562347307071e-02,3.393708269289885671e-02,3.818289318361998280e-02,4.145836427912696215e-02,4.407402096040901468e-02,4.632037581503713891e-02,4.835573446373388207e-02,5.731606070509812773e-02,2.485269610238322741e-02,5.868475103143656890e-02,6.039259193942434628e-02,6.126630909120326512e-02,6.269994159237626818e-02,6.208178502435000162e-02,5.889462920057598333e-02,5.213805410390408984e-02,4.289333352209296485e-02,2.943757944084004000e-02,5.603726115164949471e-03,7.506563924798161612e-03,7.483463814778261447e-03,7.650104535085021883e-03,7.002212136165806775e-03,6.041016842752439629e-03,4.391892439367709421e-03,2.888211869205753284e-03,1.314478861617616231e-03,4.322874431698675059e-03,6.224368162182277245e-03,6.305719886097044258e-03,6.521228436908440423e-03,5.936552332260100831e-03,5.073020078631870246e-03,3.556121863219376816e-03,2.208850979662497875e-03,7.986707007296907660e-04,-4.736637274095167167e-04,-6.276671574417136846e-04,-7.296308832332907505e-04,-7.693527108579935108e-04,-7.881907227336711150e-04,-7.985109130033814446e-04,-7.907869416085556947e-04,-7.759653113724983026e-04,-7.621532836086528442e-04,-7.272044914006504891e-04,-6.552455385312344095e-04,-5.663472341320563300e-04,-4.664992476580323132e-04,-3.902426262397463205e-04,-3.274962382901612946e-04,-2.536984645752099628e-04,-1.989363017133981965e-04,-1.321519973465788613e-04,-4.179385830083970615e-04,-7.061255521219278681e-04,-8.532971346287636892e-04,-9.208918811785074023e-04,-9.523971233031858132e-04,-9.623080233630494943e-04,-9.718104583623215489e-04,-9.611388515863898913e-04,-9.486375976831104735e-04,-9.275567492355236195e-04,-8.646539065154432808e-04,-7.733989111265715533e-04,-6.672024123481159249e-04,-5.853639393596194807e-04,-5.117128723283770634e-04,-4.216879884155516796e-04,-3.370865112365913682e-04,-2.223509796624977550e-04
cli,7.950000000000000469e-03,1.260999999999999968e-02,1.627999999999999933e-02,1.966999999999999998e-02,2.307000000000000023e-02,2.667999999999999886e-02,3.067999999999999894e-02,3.531000000000000111e-02,4.676999999999999907e-02,3.608999999999999708e-02,5.299999999999999850e-02,5.884000000000000341e-02,6.471000000000000363e-02,7.228999999999999315e-02,7.879999999999999505e-02,8.315999999999999781e-02,8.293999999999999984e-02,7.813000000000000500e-02,6.272999999999999410e-02,7.950000000000000469e-03,1.260999999999999968e-02,1.627999999999999933e-02,1.966999999999999998e-02,2.307000000000000023e-02,2.666999999999999926e-02,3.072000000000000078e-02,3.549000000000000071e-02,4.705999999999999767e-02,3.311999999999999666e-02,5.308000000000000218e-02,5.884999999999999953e-02,6.471999999999999975e-02,7.228999999999999315e-02,7.879999999999999505e-02,8.315999999999999781e-02,8.293999999999999984e-02,7.813000000000000500e-02,6.272999999999999410e-02,8.850000000000000228e-03,1.256999999999999958e-02,1.336999999999999994e-02,1.467000000000000075e-02,1.448999999999999941e-02,1.358000000000000006e-02,1.081999999999999976e-02,7.879999999999999852e-03,4.060000000000000241e-03,6.850000000000000186e-03,1.043000000000000003e-02,1.128999999999999969e-02,1.251999999999999988e-02,1.230000000000000017e-02,1.141999999999999960e-02,8.779999999999999610e-03,6.049999999999999822e-03,2.510000000000000078e-03,-2.700000000000000035e-04,-3.899999999999999929e-04,-5.000000000000000104e-04,-5.699999999999999772e-04,-6.300000000000000261e-04,-6.899999999999999667e-04,-7.399999999999999894e-04,-7.900000000000000121e-04,-8.400000000000000348e-04,-8.899999999999999491e-04,-8.800000000000000313e-04,-8.300000000000000086e-04,-7.600000000000000418e-04,-7.200000000000000453e-04,-6.999999999999999929e-04,-6.400000000000000524e-04,-6.099999999999999737e-04,-5.199999999999999544e-04,-2.300000000000000070e-04,-4.499999999999999877e-04,-5.999999999999999474e-04,-6.999999999999999929e-04,-7.799999999999999859e-04,-8.499999999999999526e-04,-9.300000000000000541e-04,-9.899999999999999946e-04,-1.069999999999999988e-03,-1.149999999999999981e-03,-1.180000000000000059e-03,-1.180000000000000059e-03,-1.129999999999999928e-03,-1.129999999999999928e-03,-1.149999999999999981e-03,-1.129999999999999928e-03,-1.119999999999999902e-03,-9.499999999999999981e-04
cli*c/cref,1.897221123820926753e-02,2.825474858834759948e-02,3.410467322471564394e-02,3.833882128237902503e-02,4.160263000954584484e-02,4.422319966994029544e-02,4.638084627954762451e-02,4.823279615577523438e-02,5.707200679534680382e-02,2.716334955587554681e-02,5.869582571553383366e-02,6.047481466500559399e-02,6.135163821250021188e-02,6.277809941430581575e-02,6.215277169252673983e-02,5.896553532771368206e-02,5.220099236332454568e-02,4.294830383289918729e-02,2.948458180303201864e-02,1.897221123820926753e-02,2.825474858834759948e-02,3.410467322471564394e-02,3.833882128237902503e-02,4.160263000954584484e-02,4.420662425777015236e-02,4.644131674405812399e-02,4.847867277169252975e-02,5.742588496448621654e-02,2.492796168718753452e-02,5.878442318831200025e-02,6.048509250570324736e-02,6.136111922597764501e-02,6.277809941430581575e-02,6.215277169252673983e-02,5.896553532771368206e-02,5.220099236332454568e-02,4.294830383289918729e-02,2.948458180303201864e-02,5.667768699338262758e-03,7.566760908958531338e-03,7.534180060510944910e-03,7.702610400116491514e-03,7.050872401184331978e-03,6.085831507758021272e-03,4.432861585257333661e-03,2.925335415082433964e-03,1.351084602067727063e-03,4.386917015871988346e-03,6.278545447926609825e-03,6.362071270244470424e-03,6.573734301939909187e-03,5.985212597278626034e-03,5.117834743637451889e-03,3.597091009109000623e-03,2.245974525539178555e-03,8.352764411798017062e-04,-3.761447247075573879e-04,-5.099795654213923552e-04,-6.183312569773650189e-04,-6.644409775591761597e-04,-6.896668823919621443e-04,-7.063750384260681801e-04,-7.050389599883509191e-04,-6.966052227094019075e-04,-6.810731470545408834e-04,-6.604204054556927789e-04,-5.944495607293672759e-04,-5.054496820748459766e-04,-4.122551490931448286e-04,-3.426520620641675379e-04,-2.865592085038911599e-04,-2.194148882812626969e-04,-1.685432556182956841e-04,-1.090778390797158778e-04,-3.204195803064377869e-04,-5.884379601016065386e-04,-7.419975083728379576e-04,-8.159801478796900511e-04,-8.538732829614769509e-04,-8.701721487857362299e-04,-8.860624767421166649e-04,-8.729609752940605634e-04,-8.675574611289984042e-04,-8.533522092966816953e-04,-7.971028200689242796e-04,-7.185911142750822135e-04,-6.129583137832284945e-04,-5.377733751840405897e-04,-4.707758425421068745e-04,-3.874044121216044137e-04,-3.094564693319526959e-04,-1.992768213956347986e-04
clo,-8.000000000000000654e-05,-8.000000000000000654e-05,-8.000000000000000654e-05,-8.000000000000000654e-05,-8.000000000000000654e-05,-8.000000000000000654e-05,-9.000000000000000567e-05,-9.000000000000000567e-05,-9.000000000000000567e-05,-9.000000000000000567e-05,-9.000000000000000567e-05,-9.000000000000000567e-05,-9.000000000000000567e-05,-9.000000000000000567e-05,-9.000000000000000567e-05,-1.000000000000000048e-04,-1.000000000000000048e-04,-1.000000000000000048e-04,-1.000000000000000048e-04,-8.000000000000000654e-05,-8.000000000000000654e-05,-8.000000000000000654e-05,-8.000000000000000654e-05,-8.000000000000000654e-05,-8.000000000000000654e-05,-9.000000000000000567e-05,-9.000000000000000567e-05,-9.000000000000000567e-05,-9.000000000000000567e-05,-9.000000000000000567e-05,-9.000000000000000567e-05,-9.000000000000000567e-05,-9.000000000000000567e-05,-9.000000000000000567e-05,-1.000000000000000048e-04,-1.000000000000000048e-04,-1.000000000000000048e-04,-1.000000000000000048e-04,-1.000000000000000048e-04,-1.000000000000000048e-04,-1.000000000000000048e-04,-1.000000000000000048e-04,-1.000000000000000048e-04,-1.000000000000000048e-04,-1.000000000000000048e-04,-1.000000000000000048e-04,-1.000000000000000048e-04,-1.000000000000000048e-04,-1.000000000000000048e-04,-1.000000000000000048e-04,-1.000000000000000048e-04,-1.000000000000000048e-04,-1.000000000000000048e-04,-1.000000000000000048e-04,-1.000000000000000048e-04,-1.000000000000000048e-04,-6.999999999999999387e-05,-9.000000000000000567e-05,-9.000000000000000567e-05,-9.000000000000000567e-05,-9.000000000000000567e-05,-9.000000000000000567e-05,-9.000000000000000567e-05,-9.000000000000000567e-05,-9.000000000000000567e-05,-9.000000000000000567e-05,-9.000000000000000567e-05,-1.000000000000000048e-04,-1.000000000000000048e-04,-1.000000000000000048e-04,-1.000000000000000048e-04,-1.000000000000000048e-04,-1.100000000000000039e-04,-1.100000000000000039e-04,-6.999999999999999387e-05,-9.000000000000000567e-05,-9.000000000000000567e-05,-9.000000000000000567e-05,-9.000000000000000567e-05,-9.000000000000000567e-05,-9.000000000000000567e-05,-9.000000000000000567e-05,-9.000000000000000567e-05,-9.000000000000000567e-05,-9.000000000000000567e-05,-1.000000000000000048e-04,-1.000000000000000048e-04,-1.000000000000000048e-04,-1.000000000000000048e-04,-1.000000000000000048e-04,-1.100000000000000039e-04,-1.100000000000000039e-04
clo*c/cref,-1.909153332146844393e-04,-1.792529648745287967e-04,-1.675905318167844984e-04,-1.559280987590402814e-04,-1.442657304188846117e-04,-1.326032973611403405e-04,-1.360585451486077783e-04,-1.229383079586454631e-04,-1.098242593880952017e-04,-6.773902632387917579e-05,-9.967215687543481972e-05,-9.250056627890046533e-05,-8.532912129694049147e-05,-7.815782192955491171e-05,-7.098666817674373960e-05,-7.090612713770284674e-05,-6.293825942045400362e-05,-5.497031080621936117e-05,-4.700236219198473226e-05,-1.909153332146844393e-04,-1.792529648745287967e-04,-1.675905318167844984e-04,-1.559280987590402814e-04,-1.442657304188846117e-04,-1.326032973611403405e-04,-1.360585451486077783e-04,-1.229383079586454631e-04,-1.098242593880952017e-04,-6.773902632387917579e-05,-9.967215687543481972e-05,-9.250056627890046533e-05,-8.532912129694049147e-05,-7.815782192955491171e-05,-7.098666817674373960e-05,-7.090612713770284674e-05,-6.293825942045400362e-05,-5.497031080621936117e-05,-4.700236219198473226e-05,-6.404258417331370708e-05,-6.019698416037018722e-05,-5.635138414742666736e-05,-5.250586503146892651e-05,-4.866026501852541343e-05,-4.481466500558189356e-05,-4.096914588962415272e-05,-3.712354587668063963e-05,-3.327794586373711977e-05,-6.404258417331370708e-05,-6.019698416037018722e-05,-5.635138414742666736e-05,-5.250586503146892651e-05,-4.866026501852541343e-05,-4.481466500558189356e-05,-4.096914588962415272e-05,-3.712354587668063963e-05,-3.327794586373711977e-05,-9.751900270195931525e-05,-1.176875920203213159e-04,-1.112996262559257045e-04,-1.049117332988172969e-04,-9.852384034170888938e-05,-9.213587457731325090e-05,-8.574798162020484335e-05,-7.936008866309642224e-05,-7.297212289870081087e-05,-6.678408594495769659e-05,-6.079597780186710653e-05,-6.089755205721036018e-05,-5.424409856488747781e-05,-4.759056417557882320e-05,-4.093702978627016182e-05,-3.428357629394729301e-05,-3.039304609510249885e-05,-2.307415826686297675e-05,-9.751900270195931525e-05,-1.176875920203213159e-04,-1.112996262559257045e-04,-1.049117332988172969e-04,-9.852384034170888938e-05,-9.213587457731325090e-05,-8.574798162020484335e-05,-7.936008866309642224e-05,-7.297212289870081087e-05,-6.678408594495769659e-05,-6.079597780186710653e-05,-6.089755205721036018e-05,-5.424409856488747781e-05,-4.759056417557882320e-05,-4.093702978627016182e-05,-3.428357629394729301e-05,-3.039304609510249885e-05,-2.307415826686297675e-05
cmx,3.400000000000000244e-04,8.099999999999999561e-04,1.449999999999999900e-03,2.320000000000000014e-03,3.490000000000000047e-03,5.080000000000000314e-03,7.280000000000000013e-03,1.038999999999999993e-02,1.699000000000000163e-02,2.216999999999999874e-02,2.496999999999999914e-02,3.624000000000000138e-02,5.079000000000000181e-02,7.119000000000000328e-02,9.654000000000000081e-02,1.263499999999999901e-01,1.566099999999999992e-01,1.847100000000000131e-01,1.882999999999999952e-01,-3.400000000000000244e-04,-8.099999999999999561e-04,-1.449999999999999900e-03,-2.320000000000000014e-03,-3.490000000000000047e-03,-5.080000000000000314e-03,-7.289999999999999605e-03,-1.043999999999999963e-02,-1.710000000000000062e-02,-2.035000000000000003e-02,-2.501000000000000098e-02,-3.624000000000000138e-02,-5.079000000000000181e-02,-7.119000000000000328e-02,-9.654000000000000081e-02,-1.263499999999999901e-01,-1.566099999999999992e-01,-1.847100000000000131e-01,-1.882999999999999952e-01,6.989999999999999686e-03,1.173000000000000084e-02,1.467000000000000075e-02,1.884999999999999870e-02,2.178000000000000075e-02,2.387999999999999845e-02,2.230000000000000038e-02,1.912000000000000158e-02,1.166000000000000023e-02,-5.409999999999999878e-03,-9.740000000000000394e-03,-1.238999999999999997e-02,-1.609000000000000014e-02,-1.847999999999999990e-02,-2.007000000000000103e-02,-1.808999999999999844e-02,-1.468000000000000034e-02,-7.210000000000000263e-03,-1.000000000000000048e-04,-2.300000000000000070e-04,-4.000000000000000192e-04,-5.900000000000000296e-04,-8.199999999999999824e-04,-1.100000000000000066e-03,-1.440000000000000091e-03,-1.850000000000000082e-03,-2.370000000000000145e-03,-3.220000000000000206e-03,-4.250000000000000305e-03,-5.300000000000000024e-03,-6.270000000000000399e-03,-7.709999999999999840e-03,-9.740000000000000394e-03,-1.169000000000000074e-02,-1.520999999999999956e-02,-1.863000000000000073e-02,9.000000000000000567e-05,2.700000000000000035e-04,4.800000000000000122e-04,7.200000000000000453e-04,1.010000000000000047e-03,1.360000000000000098e-03,1.799999999999999951e-03,2.320000000000000014e-03,3.010000000000000089e-03,4.159999999999999636e-03,5.749999999999999903e-03,7.510000000000000182e-03,9.320000000000000159e-03,1.201999999999999943e-02,1.589000000000000135e-02,2.068000000000000047e-02,2.775000000000000036e-02,3.389999999999999958e-02
cmx*c/cref,8.113901661624088602e-04,1.814936269354604009e-03,3.037578389179218779e-03,4.521914864012167509e-03,6.293592489523840497e-03,8.420309382432411213e-03,1.100562454090960735e-02,1.419254466322584889e-02,2.073237963337486167e-02,1.668638015111556863e-02,2.765348619088452489e-02,3.724689468830392342e-02,4.815406745190674992e-02,6.182283714627793275e-02,7.614503273092045055e-02,8.958989163848754544e-02,9.856760807837301741e-02,1.015356610901677892e-01,8.850544800750724528e-02,-8.113901661624088602e-04,-1.814936269354604009e-03,-3.037578389179218779e-03,-4.521914864012167509e-03,-6.293592489523840497e-03,-8.420309382432411213e-03,-1.102074215703722875e-02,-1.426084372320287307e-02,-2.086660928373808982e-02,-1.531654650767712463e-02,-2.769778492727360819e-02,-3.724689468830392342e-02,-4.815406745190674992e-02,-6.182283714627793275e-02,-7.614503273092045055e-02,-8.958989163848754544e-02,-9.856760807837301741e-02,-1.015356610901677892e-01,-8.850544800750724528e-02,4.476576633714627121e-03,7.061106242011423208e-03,8.266748054427492873e-03,9.897355558431891048e-03,1.059820572103483544e-02,1.070174200333295564e-02,9.136119533386185751e-03,7.098021971621338438e-03,3.880208487711748165e-03,-3.464703803776271202e-03,-5.863186257220056284e-03,-6.981936495866163453e-03,-8.448193683563349696e-03,-8.992416975423496786e-03,-8.994303266620286980e-03,-7.411318491433008943e-03,-5.449736534696717621e-03,-2.399339896775446335e-03,-1.393128610027990295e-04,-3.007571796074878117e-04,-4.946650055818920802e-04,-6.877546960700244840e-04,-8.976616564466808777e-04,-1.126105133722717653e-03,-1.371967705923277494e-03,-1.631290711408093109e-03,-1.921599236332454655e-03,-2.389386186030708920e-03,-2.870921173977057823e-03,-3.227570259032148947e-03,-3.401104980018445148e-03,-3.669232497937126997e-03,-3.987266701182714049e-03,-4.007750068762438479e-03,-4.202529373695536308e-03,-3.907923350105975240e-03,1.253815749025191293e-04,3.530627760609639340e-04,5.935980066982703878e-04,8.392938663905383755e-04,1.105656430501399719e-03,1.392275438057178098e-03,1.714959632404096596e-03,2.045726729982040842e-03,2.440512110278771508e-03,3.086908861455822228e-03,3.884187470674842733e-03,4.573406159496497952e-03,5.055549986247512805e-03,5.720385813904573652e-03,6.504894033038329665e-03,7.089843577588300291e-03,7.667336628537221692e-03,7.111036047696862351e-03
cmxi,3.400000000000000244e-04,8.099999999999999561e-04,1.449999999999999900e-03,2.320000000000000014e-03,3.490000000000000047e-03,5.080000000000000314e-03,7.280000000000000013e-03,1.038999999999999993e-02,1.699000000000000163e-02,2.216999999999999874e-02,2.496999999999999914e-02,3.624000000000000138e-02,5.079000000000000181e-02,7.119000000000000328e-02,9.654000000000000081e-02,1.263499999999999901e-01,1.566099999999999992e-01,1.847100000000000131e-01,1.882999999999999952e-01,-3.400000000000000244e-04,-8.099999999999999561e-04,-1.449999999999999900e-03,-2.320000000000000014e-03,-3.490000000000000047e-03,-5.080000000000000314e-03,-7.289999999999999605e-03,-1.043999999999999963e-02,-1.710000000000000062e-02,-2.035000000000000003e-02,-2.501000000000000098e-02,-3.624000000000000138e-02,-5.079000000000000181e-02,-7.119000000000000328e-02,-9.654000000000000081e-02,-1.263499999999999901e-01,-1.566099999999999992e-01,-1.847100000000000131e-01,-1.882999999999999952e-01,6.989999999999999686e-03,1.173000000000000084e-02,1.467000000000000075e-02,1.884999999999999870e-02,2.178000000000000075e-02,2.387999999999999845e-02,2.230000000000000038e-02,1.912000000000000158e-02,1.166000000000000023e-02,-5.409999999999999878e-03,-9.740000000000000394e-03,-1.238999999999999997e-02,-1.609000000000000014e-02,-1.847999999999999990e-02,-2.007000000000000103e-02,-1.808999999999999844e-02,-1.468000000000000034e-02,-7.210000000000000263e-03,-1.100000000000000039e-04,-2.300000000000000070e-04,-4.000000000000000192e-04,-5.900000000000000296e-04,-8.199999999999999824e-04,-1.100000000000000066e-03,-1.440000000000000091e-03,-1.850000000000000082e-03,-2.370000000000000145e-03,-3.220000000000000206e-03,-4.250000000000000305e-03,-5.300000000000000024e-03,-6.270000000000000399e-03,-7.709999999999999840e-03,-9.740000000000000394e-03,-1.169000000000000074e-02,-1.520999999999999956e-02,-1.863000000000000073e-02,1.000000000000000048e-04,2.700000000000000035e-04,4.800000000000000122e-04,7.200000000000000453e-04,1.010000000000000047e-03,1.360000000000000098e-03,1.799999999999999951e-03,2.320000000000000014e-03,3.010000000000000089e-03,4.159999999999999636e-03,5.749999999999999903e-03,7.510000000000000182e-03,9.320000000000000159e-03,1.201999999999999943e-02,1.589000000000000135e-02,2.068000000000000047e-02,2.775000000000000036e-02,3.389999999999999958e-02
cmxi*c/cref,8.113901661624088602e-04,1.814936269354604009e-03,3.037578389179218779e-03,4.521914864012167509e-03,6.293592489523840497e-03,8.420309382432411213e-03,1.100562454090960735e-02,1.419254466322584889e-02,2.073237963337486167e-02,1.668638015111556863e-02,2.765348619088452489e-02,3.724689468830392342e-02,4.815406745190674992e-02,6.182283714627793275e-02,7.614503273092045055e-02,8.958989163848754544e-02,9.856760807837301741e-02,1.015356610901677892e-01,8.850544800750724528e-02,-8.113901661624088602e-04,-1.814936269354604009e-03,-3.037578389179218779e-03,-4.521914864012167509e-03,-6.293592489523840497e-03,-8.420309382432411213e-03,-1.102074215703722875e-02,-1.426084372320287307e-02,-2.086660928373808982e-02,-1.531654650767712463e-02,-2.769778492727360819e-02,-3.724689468830392342e-02,-4.815406745190674992e-02,-6.182283714627793275e-02,-7.614503273092045055e-02,-8.958989163848754544e-02,-9.856760807837301741e-02,-1.015356610901677892e-01,-8.850544800750724528e-02,4.476576633714627121e-03,7.061106242011423208e-03,8.266748054427492873e-03,9.897355558431891048e-03,1.059820572103483544e-02,1.070174200333295564e-02,9.136119533386185751e-03,7.098021971621338438e-03,3.880208487711748165e-03,-3.464703803776271202e-03,-5.863186257220056284e-03,-6.981936495866163453e-03,-8.448193683563349696e-03,-8.992416975423496786e-03,-8.994303266620286980e-03,-7.411318491433008943e-03,-5.449736534696717621e-03,-2.399339896775446335e-03,-1.532441471030789298e-04,-3.007571796074878117e-04,-4.946650055818920802e-04,-6.877546960700244840e-04,-8.976616564466808777e-04,-1.126105133722717653e-03,-1.371967705923277494e-03,-1.631290711408093109e-03,-1.921599236332454655e-03,-2.389386186030708920e-03,-2.870921173977057823e-03,-3.227570259032148947e-03,-3.401104980018445148e-03,-3.669232497937126997e-03,-3.987266701182714049e-03,-4.007750068762438479e-03,-4.202529373695536308e-03,-3.907923350105975240e-03,1.393128610027990295e-04,3.530627760609639340e-04,5.935980066982703878e-04,8.392938663905383755e-04,1.105656430501399719e-03,1.392275438057178098e-03,1.714959632404096596e-03,2.045726729982040842e-03,2.440512110278771508e-03,3.086908861455822228e-03,3.884187470674842733e-03,4.573406159496497952e-03,5.055549986247512805e-03,5.720385813904573652e-03,6.504894033038329665e-03,7.089843577588300291e-03,7.667336628537221692e-03,7.111036047696862351e-03
cmxo,0.000000000000000000e+00,0.000000000000000000e+00,0.000000000000000000e+00,0.000000000000000000e+00,0.000000000000000000e+00,0.000000000000000000e+00,0.000000000000000000e+00,0.000000000000000000e+00,0.000000000000000000e+00,0.000000000000000000e+00,0.000000000000000000e+00,0.000000000000000000e+00,0.000000000000000000e+00,0.000000000000000000e+00,0.000000000000000000e+00,0.000000000000000000e+00,0.000000000000000000e+00,0.000000000000000000e+00,0.000000000000000000e+00,-0.000000000000000000e+00,-0.000000000000000000e+00,-0.000000000000000000e+00,-0.000000000000000000e+00,-0.000000000000000000e+00,-0.000000000000000000e+00,-0.000000000000000000e+00,-0.000000000000000000e+00,-0.000000000000000000e+00,-0.000000000000000000e+00,-0.000000000000000000e+00,-0.000000000000000000e+00,0.000000000000000000e+00,0.000000000000000000e+00,0.000000000000000000e+00,0.000000000000000000e+00,0.000000000000000000e+00,0.000000000000000000e+00,0.000000000000000000e+00,0.000000000000000000e+00,0.000000000000000000e+00,0.000000000000000000e+00,0.000000000000000000e+00,0.000000000000000000e+00,0.000000000000000000e+00,0.000000000000000000e+00,0.000000000000000000e+00,0.000000000000000000e+00,-0.000000000000000000e+00,-0.000000000000000000e+00,0.000000000000000000e+00,0.000000000000000000e+00,0.000000000000000000e+00,0.000000000000000000e+00,0.000000000000000000e+00,0.000000000000000000e+00,0.000000000000000000e+00,1.000000000000000082e-05,0.000000000000000000e+00,0.000000000000000000e+00,0.000000000000000000e+00,0.000000000000000000e+00,0.000000000000000000e+00,0.000000000000000000e+00,0.000000000000000000e+00,0.000000000000000000e+00,0.000000000000000000e+00,0.000000000000000000e+00,0.000000000000000000e+00,0.000000000000000000e+00,0.000000000000000000e+00,0.000000000000000000e+00,0.000000000000000000e+00,0.000000000000000000e+00,0.000000000000000000e+00,-1.000000000000000082e-05,-0.000000000000000000e+00,-0.000000000000000000e+00,-0.000000000000000000e+00,-0.000000000000000000e+00,-0.000000000000000000e+00,-0.000000000000000000e+00,-0.000000000000000000e+00,-0.000000000000000000e+00,-0.000000000000000000e+00,-0.000000000000000000e+00,-0.000000000000000000e+00,-0.000000000000000000e+00,-0.000000000000000000e+00,-0.000000000000000000e+00,-0.000000000000000000e+00,-0.000000000000000000e+00,-0.000000000000000000e+00
cmxo*c/cref,0.000000000000000000e+00,0.000000000000000000e+00,0.000000000000000000e+00,0.000000000000000000e+00,0.000000000000000000e+00,0.000000000000000000e+00,0.000000000000000000e+00,0.000000000000000000e+00,0.000000000000000000e+00,0.000000000000000000e+00,0.000000000000000000e+00,0.000000000000000000e+00,0.000000000000000000e+00,0.000000000000000000e+00,0.000000000000000000e+00,0.000000000000000000e+00,0.000000000000000000e+00,0.000000000000000000e+00,0.000000000000000000e+00,-0.000000000000000000e+00,-0.000000000000000000e+00,-0.000000000000000000e+00,-0.000000000000000000e+00,-0.000000000000000000e+00,-0.000000000000000000e+00,-0.000000000000000000e+00,-0.000000000000000000e+00,-0.000000000000000000e+00,-0.000000000000000000e+00,-0.000000000000000000e+00,-0.000000000000000000e+00,0.000000000000000000e+00,0.000000000000000000e+00,0.000000000000000000e+00,0.000000000000000000e+00,0.000000000000000000e+00,0.000000000000000000e+00,0.000000000000000000e+00,0.000000000000000000e+00,0.000000000000000000e+00,0.000000000000000000e+00,0.000000000000000000e+00,0.000000000000000000e+00,0.000000000000000000e+00,0.000000000000000000e+00,0.000000000000000000e+00,0.000000000000000000e+00,-0.000000000000000000e+00,-0.000000000000000000e+00,0.000000000000000000e+00,0.000000000000000000e+00,0.000000000000000000e+00,0.000000000000000000e+00,0.000000000000000000e+00,0.000000000000000000e+00,0.000000000000000000e+00,1.393128610027990363e-05,0.000000000000000000e+00,0.000000000000000000e+00,0.000000000000000000e+00,0.000000000000000000e+00,0.000000000000000000e+00,0.000000000000000000e+00,0.000000000000000000e+00,0.000000000000000000e+00,0.000000000000000000e+00,0.000000000000000000e+00,0.000000000000000000e+00,0.000000000000000000e+00,0.000000000000000000e+00,0.000000000000000000e+00,0.000000000000000000e+00,0.000000000000000000e+00,0.000000000000000000e+00,-1.393128610027990363e-05,-0.000000000000000000e+00,-0.000000000000000000e+00,-0.000000000000000000e+00,-0.000000000000000000e+00,-0.000000000000000000e+00,-0.000000000000000000e+00,-0.000000000000000000e+00,-0.000000000000000000e+00,-0.000000000000000000e+00,-0.000000000000000000e+00,-0.000000000000000000e+00,-0.000000000000000000e+00,-0.000000000000000000e+00,-0.000000000000000000e+00,-0.000000000000000000e+00,-0.000000000000000000e+00,-0.000000000000000000e+00
cmy,-1.330000000000000019e-03,-2.729999999999999788e-03,-4.270000000000000358e-03,-6.139999999999999625e-03,-8.519999999999999796e-03,-1.159999999999999920e-02,-1.566999999999999990e-02,-2.125000000000000153e-02,-3.221000000000000252e-02,-5.956000000000000183e-02,-4.610999999999999821e-02,-5.854000000000000176e-02,-7.401000000000000634e-02,-9.639000000000000346e-02,-1.219400000000000067e-01,-1.491399999999999948e-01,-1.723800000000000054e-01,-1.918600000000000028e-01,-1.859500000000000042e-01,-1.330000000000000019e-03,-2.729999999999999788e-03,-4.270000000000000358e-03,-6.139999999999999625e-03,-8.510000000000000203e-03,-1.158999999999999961e-02,-1.572000000000000133e-02,-2.145999999999999991e-02,-3.257000000000000173e-02,-5.324000000000000260e-02,-4.621999999999999720e-02,-5.854000000000000176e-02,-7.402000000000000246e-02,-9.639000000000000346e-02,-1.219400000000000067e-01,-1.491399999999999948e-01,-1.723800000000000054e-01,-1.918600000000000028e-01,-1.859500000000000042e-01,-2.835999999999999979e-02,-4.361000000000000293e-02,-5.145999999999999880e-02,-6.196999999999999731e-02,-6.769000000000000017e-02,-6.983999999999999930e-02,-6.230000000000000121e-02,-5.066999999999999976e-02,-2.875000000000000125e-02,-2.162999999999999992e-02,-3.579000000000000237e-02,-4.308000000000000024e-02,-5.242999999999999744e-02,-5.693000000000000144e-02,-5.809000000000000274e-02,-5.002000000000000196e-02,-3.830000000000000071e-02,-1.676000000000000059e-02,3.299999999999999982e-04,5.199999999999999544e-04,7.900000000000000121e-04,1.049999999999999935e-03,1.330000000000000019e-03,1.649999999999999991e-03,2.020000000000000094e-03,2.449999999999999921e-03,2.959999999999999958e-03,3.690000000000000138e-03,4.570000000000000277e-03,5.579999999999999891e-03,6.749999999999999924e-03,8.470000000000000098e-03,1.089999999999999997e-02,1.404999999999999999e-02,1.919999999999999832e-02,2.724999999999999992e-02,2.500000000000000052e-04,5.400000000000000069e-04,8.899999999999999491e-04,1.199999999999999895e-03,1.529999999999999893e-03,1.899999999999999996e-03,2.340000000000000066e-03,2.830000000000000050e-03,3.449999999999999942e-03,4.329999999999999648e-03,5.440000000000000391e-03,6.700000000000000226e-03,8.120000000000000481e-03,1.021000000000000033e-02,1.315999999999999982e-02,1.710000000000000062e-02,2.313000000000000125e-02,3.169999999999999901e-02
cmy*c/cref,-3.173967414694128623e-03,-6.117007426343294696e-03,-8.945144635720873871e-03,-1.196748157975633872e-02,-1.536430028961120915e-02,-1.922747811736534584e-02,-2.368930447198537570e-02,-2.902710049023573755e-02,-3.930488216545052066e-02,-4.482818230944714960e-02,-5.106536837251443584e-02,-6.016647944407592374e-02,-7.016898074651739536e-02,-8.370702728655331215e-02,-9.617904797191258182e-02,-1.057493980131700151e-01,-1.084929715889786095e-01,-1.054660383128124684e-01,-8.740089249599561350e-02,-3.173967414694128623e-03,-6.117007426343294696e-03,-8.945144635720873871e-03,-1.196748157975633872e-02,-1.534626707330885055e-02,-1.921090270519520277e-02,-2.376489255262349137e-02,-2.931395654213923840e-02,-3.974417920300289675e-02,-4.007139734981474827e-02,-5.118718989758441057e-02,-6.016647944407592374e-02,-7.017846175999482849e-02,-8.370702728655331215e-02,-9.617904797191258182e-02,-1.057493980131700151e-01,-1.084929715889786095e-01,-1.054660383128124684e-01,-8.740089249599561350e-02,-1.816247687155176510e-02,-2.625190479233743823e-02,-2.899842228226576224e-02,-3.253788456000129142e-02,-3.293813339103984772e-02,-3.129856203989839214e-02,-2.552377788923584911e-02,-1.881050069571407746e-02,-9.567409435824422367e-03,-1.385241095668775235e-02,-2.154450063099648885e-02,-2.427617629071140634e-02,-2.752882503599915487e-02,-2.770228887504651641e-02,-2.603283890174252352e-02,-2.049276677399000310e-02,-1.421831807076868320e-02,-5.577383726762341273e-03,4.597324413092367893e-04,6.799727538951898069e-04,9.769633860242368448e-04,1.223970221819534968e-03,1.455963418383031133e-03,1.689157700584076154e-03,1.924565809697930925e-03,2.160357969162069076e-03,2.399972042001715256e-03,2.738147523743265574e-03,3.087084650605918888e-03,3.398083404792337763e-03,3.661476653129904640e-03,4.030920785671526438e-03,4.462136246703447828e-03,4.816842469299594844e-03,5.304968045690617272e-03,5.716098297927419032e-03,3.482821525069975874e-04,7.061255521219278681e-04,1.100629637419709567e-03,1.398823110650897076e-03,1.674905285809050876e-03,1.945090685521057468e-03,2.229447522125325900e-03,2.495433899072920739e-03,2.797264711116864006e-03,3.213056579351853542e-03,3.674779102690634187e-03,4.080135987833094328e-03,4.404620803468863206e-03,4.858996602326597428e-03,5.387313119873153415e-03,5.862491546264987294e-03,6.390828692542916550e-03,6.649552882359603331e-03
cmyi,-1.389999999999999960e-03,-2.789999999999999945e-03,-4.340000000000000108e-03,-6.210000000000000242e-03,-8.580000000000000820e-03,-1.166000000000000023e-02,-1.573000000000000093e-02,-2.130999999999999908e-02,-3.227000000000000007e-02,-5.965000000000000163e-02,-4.615999999999999964e-02,-5.856000000000000094e-02,-7.401000000000000634e-02,-9.633999999999999508e-02,-1.218500000000000000e-01,-1.489999999999999936e-01,-1.721600000000000075e-01,-1.915499999999999980e-01,-1.855100000000000082e-01,-1.389999999999999960e-03,-2.789999999999999945e-03,-4.340000000000000108e-03,-6.210000000000000242e-03,-8.580000000000000820e-03,-1.165000000000000063e-02,-1.577999999999999889e-02,-2.152000000000000093e-02,-3.262999999999999928e-02,-5.333000000000000240e-02,-4.626000000000000251e-02,-5.856000000000000094e-02,-7.401000000000000634e-02,-9.633999999999999508e-02,-1.218500000000000000e-01,-1.489999999999999936e-01,-1.721600000000000075e-01,-1.915499999999999980e-01,-1.855100000000000082e-01,-2.840000000000000163e-02,-4.363000000000000211e-02,-5.143999999999999961e-02,-6.192000000000000282e-02,-6.758000000000000118e-02,-6.969000000000000195e-02,-6.208000000000000324e-02,-5.036999999999999811e-02,-2.835000000000000020e-02,-2.168000000000000135e-02,-3.579999999999999849e-02,-4.306000000000000105e-02,-5.236999999999999988e-02,-5.682000000000000245e-02,-5.793999999999999845e-02,-4.979999999999999705e-02,-3.799999999999999906e-02,-1.634999999999999995e-02,3.200000000000000262e-04,4.000000000000000192e-04,5.599999999999999509e-04,7.100000000000000191e-04,8.599999999999999789e-04,1.030000000000000100e-03,1.229999999999999974e-03,1.449999999999999900e-03,1.719999999999999958e-03,2.020000000000000094e-03,2.210000000000000159e-03,2.360000000000000119e-03,2.439999999999999895e-03,2.729999999999999788e-03,3.210000000000000180e-03,3.579999999999999849e-03,4.449999999999999963e-03,5.219999999999999814e-03,2.400000000000000061e-04,4.099999999999999912e-04,6.700000000000000226e-04,8.599999999999999789e-04,1.059999999999999961e-03,1.289999999999999914e-03,1.549999999999999946e-03,1.840000000000000056e-03,2.210000000000000159e-03,2.650000000000000012e-03,3.079999999999999839e-03,3.480000000000000020e-03,3.810000000000000019e-03,4.470000000000000015e-03,5.470000000000000036e-03,6.629999999999999609e-03,8.380000000000000296e-03,9.660000000000000184e-03
cmyi*c/cref,-3.317153914605141824e-03,-6.251447149999191273e-03,-9.091786351060560101e-03,-1.210391866617050068e-02,-1.547249958742537464e-02,-1.932693059038620431e-02,-2.378001016875111451e-02,-2.910905936220816240e-02,-3.937809833837591089e-02,-4.489592133577103433e-02,-5.112074179300078736e-02,-6.018703512547123741e-02,-7.016898074651739536e-02,-8.366360627437022246e-02,-9.610806130373583667e-02,-1.056501294351772369e-01,-1.083545074182536150e-01,-1.052956303493131768e-01,-8.719408210235088386e-02,-3.317153914605141824e-03,-6.251447149999191273e-03,-9.091786351060560101e-03,-1.210391866617050068e-02,-1.547249958742537464e-02,-1.931035517821606123e-02,-2.385559824938922671e-02,-2.939591541411167019e-02,-3.981739537592829392e-02,-4.013913637613862606e-02,-5.123148863397349734e-02,-6.018703512547123741e-02,-7.016898074651739536e-02,-8.366360627437022246e-02,-9.610806130373583667e-02,-1.056501294351772369e-01,-1.083545074182536150e-01,-1.052956303493131768e-01,-8.719408210235088386e-02,-1.818809390522109146e-02,-2.626394418916951079e-02,-2.898715200543627510e-02,-3.251163162748555574e-02,-3.288460709951947225e-02,-3.123134004239002184e-02,-2.543364576827867457e-02,-1.869913005808403542e-02,-9.434297652369473888e-03,-1.388443224877441116e-02,-2.155052032941252513e-02,-2.426490601388192267e-02,-2.749732151698027621e-02,-2.764876258352614094e-02,-2.596561690423414975e-02,-2.040263465303282855e-02,-1.410694743313864116e-02,-5.440944148721018649e-03,4.458011552089569162e-04,5.230559645347614400e-04,6.925310078146488038e-04,8.276370071351142133e-04,9.414500299318848044e-04,1.054443897940362867e-03,1.171889082142799467e-03,1.278579206238775580e-03,1.394578348730726421e-03,1.498931706764606046e-03,1.492879010468070112e-03,1.437182228550164427e-03,1.323556004983254299e-03,1.299222401993301761e-03,1.314078656139272246e-03,1.227352031323312997e-03,1.229536864756419290e-03,1.094973692300224913e-03,3.343508664067176600e-04,5.361323636481304163e-04,8.285638843496691665e-04,1.002489895966476212e-03,1.160391897357904547e-03,1.320614202274823096e-03,1.476770794570194442e-03,1.622472923778860068e-03,1.791871017845875387e-03,1.966420308379309909e-03,2.080573462552785195e-03,2.119234811590920559e-03,2.066700155322212865e-03,2.127298218648373401e-03,2.239255529308978050e-03,2.273001108288705448e-03,2.315397511608717918e-03,2.026330625980875873e-03
cmyo,6.000000000000000152e-05,6.000000000000000152e-05,6.000000000000000152e-05,6.000000000000000152e-05,6.000000000000000152e-05,6.000000000000000152e-05,6.000000000000000152e-05,6.000000000000000152e-05,6.000000000000000152e-05,9.000000000000000567e-05,5.000000000000000240e-05,2.000000000000000164e-05,-1.000000000000000082e-05,-5.000000000000000240e-05,-9.000000000000000567e-05,-1.499999999999999869e-04,-2.200000000000000078e-04,-3.099999999999999999e-04,-4.400000000000000157e-04,6.000000000000000152e-05,6.000000000000000152e-05,6.000000000000000152e-05,6.000000000000000152e-05,6.000000000000000152e-05,6.000000000000000152e-05,6.000000000000000152e-05,6.000000000000000152e-05,6.000000000000000152e-05,9.000000000000000567e-05,5.000000000000000240e-05,2.000000000000000164e-05,-1.000000000000000082e-05,-5.000000000000000240e-05,-9.000000000000000567e-05,-1.499999999999999869e-04,-2.200000000000000078e-04,-3.099999999999999999e-04,-4.400000000000000157e-04,4.000000000000000327e-05,1.000000000000000082e-05,-2.000000000000000164e-05,-6.000000000000000152e-05,-1.000000000000000048e-04,-1.600000000000000131e-04,-2.200000000000000078e-04,-2.999999999999999737e-04,-4.099999999999999912e-04,4.000000000000000327e-05,1.000000000000000082e-05,-2.000000000000000164e-05,-6.000000000000000152e-05,-1.000000000000000048e-04,-1.600000000000000131e-04,-2.200000000000000078e-04,-2.999999999999999737e-04,-4.099999999999999912e-04,1.000000000000000082e-05,1.299999999999999886e-04,2.300000000000000070e-04,3.400000000000000244e-04,4.699999999999999859e-04,6.199999999999999999e-04,7.900000000000000121e-04,1.000000000000000021e-03,1.240000000000000000e-03,1.680000000000000070e-03,2.360000000000000119e-03,3.220000000000000206e-03,4.309999999999999595e-03,5.740000000000000310e-03,7.689999999999999787e-03,1.047000000000000014e-02,1.474999999999999922e-02,2.203000000000000097e-02,1.000000000000000082e-05,1.299999999999999886e-04,2.300000000000000070e-04,3.400000000000000244e-04,4.699999999999999859e-04,6.199999999999999999e-04,7.900000000000000121e-04,1.000000000000000021e-03,1.240000000000000000e-03,1.680000000000000070e-03,2.360000000000000119e-03,3.220000000000000206e-03,4.309999999999999595e-03,5.740000000000000310e-03,7.689999999999999787e-03,1.047000000000000014e-02,1.474999999999999922e-02,2.203000000000000097e-02
cmyo*c/cref,1.431864999110133362e-04,1.344397236558966043e-04,1.256928988625883670e-04,1.169460740692801975e-04,1.081992978141634520e-04,9.945247302085524180e-05,9.070569676573852342e-05,8.195887197243031323e-05,7.321617292539680567e-05,6.773902632387917579e-05,5.537342048635267988e-05,2.055568139531121678e-05,-9.481013477437832198e-06,-4.342101218308606583e-05,-7.098666817674373960e-05,-1.063591907065542566e-04,-1.384641707249988161e-04,-1.704079634992800040e-04,-2.068103936447328111e-04,1.431864999110133362e-04,1.344397236558966043e-04,1.256928988625883670e-04,1.169460740692801975e-04,1.081992978141634520e-04,9.945247302085524180e-05,9.070569676573852342e-05,8.195887197243031323e-05,7.321617292539680567e-05,6.773902632387917579e-05,5.537342048635267988e-05,2.055568139531121678e-05,-9.481013477437832198e-06,-4.342101218308606583e-05,-7.098666817674373960e-05,-1.063591907065542566e-04,-1.384641707249988161e-04,-1.704079634992800040e-04,-2.068103936447328111e-04,2.561703366932548148e-05,6.019698416037019061e-06,-1.127027682948533381e-05,-3.150351901888135320e-05,-4.866026501852541343e-05,-7.170346400893103783e-05,-9.013212095717313462e-05,-1.113706376300418918e-04,-1.364395780413221911e-04,2.561703366932548148e-05,6.019698416037019061e-06,-1.127027682948533381e-05,-3.150351901888135320e-05,-4.866026501852541343e-05,-7.170346400893103783e-05,-9.013212095717313462e-05,-1.113706376300418918e-04,-1.364395780413221911e-04,1.393128610027990363e-05,1.699931884737974517e-04,2.844323782095879325e-04,3.963332146844209176e-04,5.145133884511463290e-04,6.347138026437135032e-04,7.526767275551313500e-04,8.817787629232934962e-04,1.005393693270988835e-03,1.246636270972543634e-03,1.594205640137848559e-03,1.960901176242173770e-03,2.337920648146649908e-03,2.731698383678224460e-03,3.148057590564175365e-03,3.589490437976281846e-03,4.075431180934198198e-03,4.621124605627194119e-03,1.393128610027990363e-05,1.699931884737974517e-04,2.844323782095879325e-04,3.963332146844209176e-04,5.145133884511463290e-04,6.347138026437135032e-04,7.526767275551313500e-04,8.817787629232934962e-04,1.005393693270988835e-03,1.246636270972543634e-03,1.594205640137848559e-03,1.960901176242173770e-03,2.337920648146649908e-03,2.731698383678224460e-03,3.148057590564175365e-03,3.589490437976281846e-03,4.075431180934198198e-03,4.621124605627194119e-03
cmz,-1.299999999999999886e-04,-1.600000000000000131e-04,-2.000000000000000096e-04,-2.400000000000000061e-04,-2.799999999999999755e-04,-3.200000000000000262e-04,-3.499999999999999964e-04,-3.499999999999999964e-04,-1.600000000000000131e-04,-2.000000000000000096e-04,-0.000000000000000000e+00,-1.200000000000000030e-04,-2.300000000000000070e-04,-1.700000000000000122e-04,-1.900000000000000105e-04,-4.600000000000000139e-04,-1.410000000000000012e-03,-3.239999999999999825e-03,-7.429999999999999973e-03,1.299999999999999886e-04,1.600000000000000131e-04,2.000000000000000096e-04,2.400000000000000061e-04,2.799999999999999755e-04,3.200000000000000262e-04,3.400000000000000244e-04,3.400000000000000244e-04,1.399999999999999877e-04,5.299999999999999807e-04,-1.000000000000000082e-05,1.200000000000000030e-04,2.300000000000000070e-04,1.700000000000000122e-04,1.900000000000000105e-04,4.600000000000000139e-04,1.410000000000000012e-03,3.239999999999999825e-03,7.429999999999999973e-03,-2.589999999999999854e-03,-2.480000000000000000e-03,-2.959999999999999958e-03,-3.429999999999999889e-03,-4.389999999999999805e-03,-5.810000000000000060e-03,-8.139999999999999666e-03,-1.115999999999999978e-02,-1.537999999999999957e-02,3.000000000000000062e-03,2.959999999999999958e-03,3.469999999999999994e-03,4.009999999999999676e-03,5.040000000000000209e-03,6.519999999999999754e-03,8.890000000000000333e-03,1.191000000000000045e-02,1.611999999999999891e-02,1.369999999999999907e-03,1.990000000000000015e-03,3.480000000000000020e-03,4.729999999999999830e-03,5.989999999999999665e-03,7.440000000000000432e-03,9.159999999999999740e-03,1.098000000000000018e-02,1.327000000000000055e-02,1.569999999999999868e-02,1.708000000000000143e-02,1.799999999999999864e-02,1.806999999999999926e-02,1.991000000000000061e-02,2.323000000000000065e-02,2.503999999999999976e-02,3.070000000000000159e-02,3.350000000000000200e-02,-6.199999999999999999e-04,-2.139999999999999975e-03,-4.440000000000000370e-03,-6.190000000000000190e-03,-7.910000000000000364e-03,-9.860000000000000708e-03,-1.217999999999999985e-02,-1.464000000000000024e-02,-1.789999999999999925e-02,-2.172999999999999932e-02,-2.534000000000000141e-02,-2.860000000000000042e-02,-3.104000000000000162e-02,-3.640999999999999792e-02,-4.472999999999999893e-02,-5.403000000000000164e-02,-6.805999999999999550e-02,-7.578999999999999626e-02
cmz*c/cref,-3.102374164738621698e-04,-3.585059297490575934e-04,-4.189763295419612595e-04,-4.677842962771207899e-04,-5.049300564660960189e-04,-5.304131894445613619e-04,-5.291165644668079787e-04,-4.780934198391767888e-04,-1.952431278010581485e-04,-1.505311696086203876e-04,-0.000000000000000000e+00,-1.233340883718672871e-04,-2.180633099810701388e-04,-1.476314414224926170e-04,-1.498607439286812491e-04,-3.261681848334331167e-04,-8.874294578284014010e-04,-1.781038070121507104e-03,-3.492275510864465728e-03,3.102374164738621698e-04,3.585059297490575934e-04,4.189763295419612595e-04,4.677842962771207899e-04,5.049300564660960189e-04,5.304131894445613619e-04,5.139989483391849525e-04,4.644336078437717795e-04,1.708377368259258392e-04,3.989075994628439961e-04,-1.107468409727053665e-05,1.233340883718672871e-04,2.180633099810701388e-04,1.476314414224926170e-04,1.498607439286812491e-04,3.261681848334331167e-04,8.874294578284014010e-04,1.781038070121507104e-03,3.492275510864465728e-03,-1.658702930088824714e-03,-1.492885207177180578e-03,-1.668000970763829126e-03,-1.800951170579384022e-03,-2.136185634313265622e-03,-2.603732036824308021e-03,-3.334888475415406089e-03,-4.142987719837559236e-03,-5.118148073842769021e-03,1.921277525199410969e-03,1.781830731146957303e-03,1.955393029915705044e-03,2.105485187761903503e-03,2.452477356933680745e-03,2.921916158363939246e-03,3.642157069587587462e-03,4.421414313912663471e-03,5.364404873234422839e-03,1.908586195738346631e-03,2.602203423560438007e-03,4.303585548562460610e-03,5.513694427815619276e-03,6.557308929409290388e-03,7.616565631724562038e-03,8.727239018234181009e-03,9.681930816897763026e-03,1.075933412073066392e-02,1.165011277039817474e-02,1.153772556506544623e-02,1.096155937029786274e-02,9.801908610675166486e-03,9.475281327357743671e-03,9.509672019350559613e-03,8.584607504004401757e-03,8.482422864724061332e-03,7.027130017635543555e-03,-8.637397382173539776e-04,-2.798349410260973519e-03,-5.490781561959002036e-03,-7.215595879107545435e-03,-8.659150856699080606e-03,-1.009399692591454040e-02,-1.160456017926772034e-02,-1.290924108919701621e-02,-1.451334444318604783e-02,-1.612464652871034229e-02,-1.711744530554791532e-02,-1.741669988836216237e-02,-1.683736819454107261e-02,-1.732772441632824886e-02,-1.831113342339864281e-02,-1.852341627161972412e-02,-1.880500652029705455e-02,-1.589809504586859115e-02
cmzi,6.999999999999999387e-05,1.499999999999999869e-04,2.300000000000000070e-04,3.299999999999999982e-04,4.499999999999999877e-04,6.099999999999999737e-04,8.199999999999999824e-04,1.119999999999999902e-03,1.690000000000000096e-03,3.129999999999999970e-03,2.419999999999999842e-03,3.069999999999999812e-03,3.880000000000000202e-03,5.049999999999999802e-03,6.389999999999999847e-03,7.810000000000000102e-03,9.020000000000000240e-03,1.004000000000000031e-02,9.719999999999999474e-03,-6.999999999999999387e-05,-1.499999999999999869e-04,-2.300000000000000070e-04,-3.299999999999999982e-04,-4.499999999999999877e-04,-6.099999999999999737e-04,-8.300000000000000086e-04,-1.129999999999999928e-03,-1.709999999999999932e-03,-2.799999999999999972e-03,-2.419999999999999842e-03,-3.069999999999999812e-03,-3.880000000000000202e-03,-5.049999999999999802e-03,-6.389999999999999847e-03,-7.810000000000000102e-03,-9.020000000000000240e-03,-1.004000000000000031e-02,-9.719999999999999474e-03,1.740000000000000010e-03,2.670000000000000064e-03,3.150000000000000022e-03,3.789999999999999966e-03,4.129999999999999991e-03,4.259999999999999898e-03,3.799999999999999992e-03,3.079999999999999839e-03,1.729999999999999984e-03,-1.330000000000000019e-03,-2.190000000000000106e-03,-2.629999999999999959e-03,-3.200000000000000153e-03,-3.480000000000000020e-03,-3.540000000000000178e-03,-3.050000000000000194e-03,-2.320000000000000014e-03,-1.000000000000000021e-03,3.000000000000000062e-03,3.759999999999999887e-03,5.369999999999999774e-03,6.760000000000000384e-03,8.179999999999999771e-03,9.820000000000000603e-03,1.174000000000000044e-02,1.382000000000000069e-02,1.640000000000000138e-02,1.918999999999999873e-02,2.101000000000000090e-02,2.247000000000000039e-02,2.324000000000000024e-02,2.597999999999999962e-02,3.053000000000000158e-02,3.406000000000000000e-02,4.236000000000000182e-02,4.963999999999999663e-02,-2.259999999999999856e-03,-3.910000000000000281e-03,-6.329999999999999689e-03,-8.219999999999999876e-03,-1.009999999999999960e-02,-1.222999999999999955e-02,-1.477000000000000014e-02,-1.747999999999999901e-02,-2.103000000000000008e-02,-2.521999999999999936e-02,-2.927000000000000088e-02,-3.307999999999999829e-02,-3.620999999999999913e-02,-4.247999999999999693e-02,-5.201999999999999680e-02,-6.304999999999999494e-02,-7.971999999999999920e-02,-9.192999999999999783e-02
cmzi*c/cref,1.670509165628488607e-04,3.360993091397414430e-04,4.818227789732554430e-04,6.432034073810410793e-04,8.114947336062258492e-04,1.011100142378695008e-03,1.239644522465092923e-03,1.529898943485365594e-03,2.062255537398676591e-03,2.355812804374909225e-03,2.680073551539469308e-03,3.155297094180271270e-03,3.678633229245878954e-03,4.385522230491691910e-03,5.040053440548805837e-03,5.537768529454592352e-03,5.677030999724950837e-03,5.519019204944423419e-03,4.568629605060915699e-03,-1.670509165628488607e-04,-3.360993091397414430e-04,-4.818227789732554430e-04,-6.432034073810410793e-04,-8.114947336062258492e-04,-1.011100142378695008e-03,-1.254762138592716058e-03,-1.543558755480770603e-03,-2.086660928373808548e-03,-2.107436374520685590e-03,-2.680073551539469308e-03,-3.155297094180271270e-03,-3.678633229245878954e-03,-4.385522230491691910e-03,-5.040053440548805837e-03,-5.537768529454592352e-03,-5.677030999724950837e-03,-5.519019204944423419e-03,-4.568629605060915699e-03,1.114340964615658305e-03,1.607259477081883969e-03,1.775068600643939839e-03,1.989972284692672223e-03,2.009668945265099312e-03,1.909104729237788654e-03,1.556827543805717898e-03,1.143405213001763478e-03,5.757084634426521720e-04,-8.517663695050721592e-04,-1.318313953112107027e-03,-1.482041403077321217e-03,-1.680187681007005648e-03,-1.693377222644684406e-03,-1.586439141197599221e-03,-1.249558949633536743e-03,-8.612662643389907636e-04,-3.327794586373711977e-04,4.179385830083971048e-03,4.916726066626756798e-03,6.640877699936899997e-03,7.880036856666721920e-03,8.954722377724206109e-03,1.005304764832462387e-02,1.118534782468005341e-02,1.218618250359991724e-02,1.329714239487436896e-02,1.423985121426375733e-02,1.419248326241364343e-02,1.368367994725516734e-02,1.260632850647984936e-02,1.236402857281537759e-02,1.249807519374828216e-02,1.167698608571844827e-02,1.170408575080492640e-02,1.041273833060980120e-02,-3.148470658663257617e-03,-5.112872053327293179e-03,-7.828073713333440556e-03,-9.581938307958646345e-03,-1.105656430501399633e-02,-1.252024162311712180e-02,-1.407219653922694991e-02,-1.541349277589916869e-02,-1.705115271732975460e-02,-1.871438497257592315e-02,-1.977220300289611252e-02,-2.014491022052518690e-02,-1.964178809034575549e-02,-2.021647166178588279e-02,-2.129544289481773850e-02,-2.161579485333376544e-02,-2.202666940637791962e-02,-1.928370335884284706e-02
cmzo,-2.000000000000000096e-04,-2.999999999999999737e-04,-4.200000000000000174e-04,-5.699999999999999772e-04,-7.299999999999999632e-04,-9.300000000000000541e-04,-1.170000000000000033e-03,-1.469999999999999953e-03,-1.850000000000000082e-03,-3.320000000000000034e-03,-2.419999999999999842e-03,-3.190000000000000127e-03,-4.109999999999999938e-03,-5.219999999999999814e-03,-6.579999999999999911e-03,-8.269999999999999574e-03,-1.043000000000000003e-02,-1.327000000000000055e-02,-1.714999999999999858e-02,2.000000000000000096e-04,2.999999999999999737e-04,4.200000000000000174e-04,5.699999999999999772e-04,7.299999999999999632e-04,9.300000000000000541e-04,1.170000000000000033e-03,1.469999999999999953e-03,1.850000000000000082e-03,3.320000000000000034e-03,2.419999999999999842e-03,3.190000000000000127e-03,4.109999999999999938e-03,5.219999999999999814e-03,6.579999999999999911e-03,8.269999999999999574e-03,1.043000000000000003e-02,1.327000000000000055e-02,1.714999999999999858e-02,-4.320000000000000055e-03,-5.150000000000000064e-03,-6.109999999999999980e-03,-7.219999999999999855e-03,-8.519999999999999796e-03,-1.007000000000000083e-02,-1.193999999999999923e-02,-1.423999999999999919e-02,-1.711999999999999980e-02,4.320000000000000055e-03,5.150000000000000064e-03,6.109999999999999980e-03,7.219999999999999855e-03,8.519999999999999796e-03,1.007000000000000083e-02,1.193999999999999923e-02,1.423999999999999919e-02,1.711999999999999980e-02,-1.629999999999999939e-03,-1.770000000000000089e-03,-1.889999999999999970e-03,-2.030000000000000120e-03,-2.190000000000000106e-03,-2.370000000000000145e-03,-2.579999999999999828e-03,-2.830000000000000050e-03,-3.129999999999999970e-03,-3.490000000000000047e-03,-3.930000000000000333e-03,-4.479999999999999608e-03,-5.170000000000000116e-03,-6.069999999999999875e-03,-7.289999999999999605e-03,-9.020000000000000240e-03,-1.166999999999999982e-02,-1.614000000000000157e-02,1.629999999999999939e-03,1.770000000000000089e-03,1.889999999999999970e-03,2.030000000000000120e-03,2.190000000000000106e-03,2.370000000000000145e-03,2.579999999999999828e-03,2.830000000000000050e-03,3.129999999999999970e-03,3.490000000000000047e-03,3.930000000000000333e-03,4.479999999999999608e-03,5.170000000000000116e-03,6.069999999999999875e-03,7.289999999999999605e-03,9.029999999999999832e-03,1.166999999999999982e-02,1.614000000000000157e-02
cmzo*c/cref,-4.772883330367110846e-04,-6.721986182794828860e-04,-8.798502920381186775e-04,-1.110987703658161815e-03,-1.316424790072321868e-03,-1.541513331823256370e-03,-1.768761086931901119e-03,-2.007992363324542437e-03,-2.257498665199734848e-03,-2.498817415503098473e-03,-2.680073551539469308e-03,-3.278631182552138937e-03,-3.896696539226948957e-03,-4.533153671914184717e-03,-5.189914184477486571e-03,-5.863936714288024710e-03,-6.564460457553352238e-03,-7.294560243985308799e-03,-8.060905115925380560e-03,4.772883330367110846e-04,6.721986182794828860e-04,8.798502920381186775e-04,1.110987703658161815e-03,1.316424790072321868e-03,1.541513331823256370e-03,1.768761086931901119e-03,2.007992363324542437e-03,2.257498665199734848e-03,2.498817415503098473e-03,2.680073551539469308e-03,3.278631182552138937e-03,3.896696539226948957e-03,4.533153671914184717e-03,5.189914184477486571e-03,5.863936714288024710e-03,6.564460457553352238e-03,7.294560243985308799e-03,8.060905115925380560e-03,-2.766639636287151864e-03,-3.100144684259064330e-03,-3.443069571407769182e-03,-3.790923455272056028e-03,-4.145854579578365368e-03,-4.512836766062096674e-03,-4.891716019221123771e-03,-5.286392932839322281e-03,-5.697184331871794905e-03,2.766639636287151864e-03,3.100144684259064330e-03,3.443069571407769182e-03,3.790923455272056028e-03,4.145854579578365368e-03,4.512836766062096674e-03,4.891716019221123771e-03,5.286392932839322281e-03,5.697184331871794905e-03,-2.270799634345624200e-03,-2.314522643066319225e-03,-2.337292151374439821e-03,-2.366342428851101343e-03,-2.397413448314916155e-03,-2.426244697202582269e-03,-2.458108806445871968e-03,-2.495433899072920739e-03,-2.537808274143705470e-03,-2.589738443865581725e-03,-2.654757697348197193e-03,-2.728210332163023659e-03,-2.804419895804682438e-03,-2.888747245457634356e-03,-2.984309471419094827e-03,-3.092378581714046084e-03,-3.224425890271328827e-03,-3.385608312974258943e-03,2.270799634345624200e-03,2.314522643066319225e-03,2.337292151374439821e-03,2.366342428851101343e-03,2.397413448314916155e-03,2.426244697202582269e-03,2.458108806445871968e-03,2.495433899072920739e-03,2.537808274143705470e-03,2.589738443865581725e-03,2.654757697348197193e-03,2.728210332163023659e-03,2.804419895804682438e-03,2.888747245457634356e-03,2.984309471419094827e-03,3.095806939343440697e-03,3.224425890271328827e-03,3.385608312974258943e-03
cs,4.200000000000000174e-04,6.599999999999999964e-04,8.499999999999999526e-04,1.030000000000000100e-03,1.209999999999999921e-03,1.399999999999999986e-03,1.610000000000000103e-03,1.850000000000000082e-03,2.439999999999999895e-03,1.889999999999999970e-03,2.779999999999999919e-03,3.079999999999999839e-03,3.389999999999999784e-03,3.789999999999999966e-03,4.129999999999999991e-03,4.360000000000000160e-03,4.349999999999999700e-03,4.100000000000000346e-03,3.289999999999999956e-03,-4.200000000000000174e-04,-6.599999999999999964e-04,-8.499999999999999526e-04,-1.030000000000000100e-03,-1.209999999999999921e-03,-1.399999999999999986e-03,-1.610000000000000103e-03,-1.860000000000000108e-03,-2.449999999999999921e-03,-1.740000000000000010e-03,-2.779999999999999919e-03,-3.079999999999999839e-03,-3.389999999999999784e-03,-3.789999999999999966e-03,-4.129999999999999991e-03,-4.360000000000000160e-03,-4.349999999999999700e-03,-4.100000000000000346e-03,-3.289999999999999956e-03,5.400000000000000069e-04,7.699999999999999597e-04,8.199999999999999824e-04,8.999999999999999754e-04,8.899999999999999491e-04,8.300000000000000086e-04,6.599999999999999964e-04,4.800000000000000122e-04,2.500000000000000052e-04,-4.200000000000000174e-04,-6.400000000000000524e-04,-6.899999999999999667e-04,-7.699999999999999597e-04,-7.500000000000000156e-04,-6.999999999999999929e-04,-5.400000000000000069e-04,-3.699999999999999947e-04,-1.499999999999999869e-04,2.560000000000000209e-03,3.739999999999999835e-03,4.729999999999999830e-03,5.440000000000000391e-03,6.009999999999999717e-03,6.539999999999999807e-03,7.069999999999999896e-03,7.530000000000000235e-03,8.040000000000000271e-03,8.479999999999999691e-03,8.330000000000000598e-03,7.919999999999999957e-03,7.230000000000000315e-03,6.879999999999999831e-03,6.680000000000000174e-03,6.080000000000000335e-03,5.819999999999999653e-03,4.980000000000000052e-03,-2.200000000000000133e-03,-4.309999999999999595e-03,-5.709999999999999798e-03,-6.640000000000000069e-03,-7.389999999999999868e-03,-8.099999999999999561e-03,-8.829999999999999308e-03,-9.459999999999999659e-03,-1.020000000000000073e-02,-1.095999999999999926e-02,-1.127000000000000050e-02,-1.120999999999999948e-02,-1.073999999999999955e-02,-1.072000000000000036e-02,-1.089999999999999997e-02,-1.074999999999999914e-02,-1.060999999999999964e-02,-9.069999999999999937e-03
cs*c/cref,1.002305499377093272e-03,1.478836960214862566e-03,1.780649400553335109e-03,2.007574271522643596e-03,2.182019172585629267e-03,2.320557703819955443e-03,2.433936196547316876e-03,2.527065219149934525e-03,2.977457698966136466e-03,1.422519552801462719e-03,3.078762179041208587e-03,3.165574934877926801e-03,3.214063568851424808e-03,3.291312723477923200e-03,3.257499328555018333e-03,3.091507143203844031e-03,2.737814284789748948e-03,2.253782743054994018e-03,1.546377716116297592e-03,-1.002305499377093272e-03,-1.478836960214862566e-03,-1.780649400553335109e-03,-2.007574271522643596e-03,-2.182019172585629267e-03,-2.320557703819955443e-03,-2.433936196547316876e-03,-2.540725031145339534e-03,-2.989660394453702661e-03,-1.309621175594997272e-03,-3.078762179041208587e-03,-3.165574934877926801e-03,-3.214063568851424808e-03,-3.291312723477923200e-03,-3.257499328555018333e-03,-3.091507143203844031e-03,-2.737814284789748948e-03,-2.253782743054994018e-03,-1.546377716116297592e-03,3.458299545358939830e-04,4.635167780348503847e-04,4.620813500088986371e-04,4.725527852832202844e-04,4.330763586648761314e-04,3.719617195463297173e-04,2.703963628715194039e-04,1.781930202080670648e-04,8.319486465934279942e-05,-2.689788535279175725e-04,-3.852606986263692199e-04,-3.888245506172439817e-04,-4.042951607423106745e-04,-3.649519876389405973e-04,-3.137026550390732346e-04,-2.212333878039704287e-04,-1.373571197437183382e-04,-4.991691879560567288e-05,3.566409241671655329e-03,4.890573268400018846e-03,5.849413691005872669e-03,6.341331434950734681e-03,6.579203116151892405e-03,6.695206885951428960e-03,6.735980333942757914e-03,6.639794084812400236e-03,6.518842978950604994e-03,6.292544986813791881e-03,5.627005500995033681e-03,4.823086122931060163e-03,3.921848326241365000e-03,3.274230815279822755e-03,2.734593589722846951e-03,2.084441438671995675e-03,1.608068438849968558e-03,1.044630074263433028e-03,-3.064882942061578595e-03,-5.635928017862053101e-03,-7.061342954681508292e-03,-7.740154545601631540e-03,-8.089902001391428149e-03,-8.292228711958192500e-03,-8.412829752293429081e-03,-8.341627097254356374e-03,-8.270173928519424997e-03,-8.132817577297070041e-03,-7.613007442522691862e-03,-6.826615585613280378e-03,-5.825816185868915031e-03,-5.101708479622049479e-03,-4.462136246703447828e-03,-3.685484451599333605e-03,-2.931547446082159118e-03,-1.902569231640429065e-03
csi,4.200000000000000174e-04,6.599999999999999964e-04,8.499999999999999526e-04,1.030000000000000100e-03,1.209999999999999921e-03,1.399999999999999986e-03,1.610000000000000103e-03,1.850000000000000082e-03,2.449999999999999921e-03,1.889999999999999970e-03,2.779999999999999919e-03,3.079999999999999839e-03,3.389999999999999784e-03,3.789999999999999966e-03,4.129999999999999991e-03,4.360000000000000160e-03,4.349999999999999700e-03,4.100000000000000346e-03,3.289999999999999956e-03,-4.200000000000000174e-04,-6.599999999999999964e-04,-8.499999999999999526e-04,-1.030000000000000100e-03,-1.209999999999999921e-03,-1.399999999999999986e-03,-1.610000000000000103e-03,-1.860000000000000108e-03,-2.469999999999999973e-03,-1.740000000000000010e-03,-2.779999999999999919e-03,-3.079999999999999839e-03,-3.389999999999999784e-03,-3.789999999999999966e-03,-4.129999999999999991e-03,-4.360000000000000160e-03,-4.349999999999999700e-03,-4.100000000000000346e-03,-3.289999999999999956e-03,5.400000000000000069e-04,7.699999999999999597e-04,8.199999999999999824e-04,8.999999999999999754e-04,8.899999999999999491e-04,8.300000000000000086e-04,6.599999999999999964e-04,4.800000000000000122e-04,2.500000000000000052e-04,-4.200000000000000174e-04,-6.400000000000000524e-04,-6.899999999999999667e-04,-7.699999999999999597e-04,-7.500000000000000156e-04,-6.999999999999999929e-04,-5.400000000000000069e-04,-3.699999999999999947e-04,-1.499999999999999869e-04,2.560000000000000209e-03,3.739999999999999835e-03,4.729999999999999830e-03,5.440000000000000391e-03,6.009999999999999717e-03,6.539999999999999807e-03,7.069999999999999896e-03,7.530000000000000235e-03,8.040000000000000271e-03,8.479999999999999691e-03,8.330000000000000598e-03,7.919999999999999957e-03,7.230000000000000315e-03,6.879999999999999831e-03,6.680000000000000174e-03,6.080000000000000335e-03,5.819999999999999653e-03,4.980000000000000052e-03,-2.200000000000000133e-03,-4.309999999999999595e-03,-5.709999999999999798e-03,-6.640000000000000069e-03,-7.389999999999999868e-03,-8.099999999999999561e-03,-8.829999999999999308e-03,-9.459999999999999659e-03,-1.020000000000000073e-02,-1.095999999999999926e-02,-1.127000000000000050e-02,-1.120999999999999948e-02,-1.073999999999999955e-02,-1.072000000000000036e-02,-1.089999999999999997e-02,-1.074999999999999914e-02,-1.060999999999999964e-02,-9.069999999999999937e-03
csi*c/cref,1.002305499377093272e-03,1.478836960214862566e-03,1.780649400553335109e-03,2.007574271522643596e-03,2.182019172585629267e-03,2.320557703819955443e-03,2.433936196547316876e-03,2.527065219149934525e-03,2.989660394453702661e-03,1.422519552801462719e-03,3.078762179041208587e-03,3.165574934877926801e-03,3.214063568851424808e-03,3.291312723477923200e-03,3.257499328555018333e-03,3.091507143203844031e-03,2.737814284789748948e-03,2.253782743054994018e-03,1.546377716116297592e-03,-1.002305499377093272e-03,-1.478836960214862566e-03,-1.780649400553335109e-03,-2.007574271522643596e-03,-2.182019172585629267e-03,-2.320557703819955443e-03,-2.433936196547316876e-03,-2.540725031145339534e-03,-3.014065785428835052e-03,-1.309621175594997272e-03,-3.078762179041208587e-03,-3.165574934877926801e-03,-3.214063568851424808e-03,-3.291312723477923200e-03,-3.257499328555018333e-03,-3.091507143203844031e-03,-2.737814284789748948e-03,-2.253782743054994018e-03,-1.546377716116297592e-03,3.458299545358939830e-04,4.635167780348503847e-04,4.620813500088986371e-04,4.725527852832202844e-04,4.330763586648761314e-04,3.719617195463297173e-04,2.703963628715194039e-04,1.781930202080670648e-04,8.319486465934279942e-05,-2.689788535279175725e-04,-3.852606986263692199e-04,-3.888245506172439817e-04,-4.042951607423106745e-04,-3.649519876389405973e-04,-3.137026550390732346e-04,-2.212333878039704287e-04,-1.373571197437183382e-04,-4.991691879560567288e-05,3.566409241671655329e-03,4.890573268400018846e-03,5.849413691005872669e-03,6.341331434950734681e-03,6.579203116151892405e-03,6.695206885951428960e-03,6.735980333942757914e-03,6.639794084812400236e-03,6.518842978950604994e-03,6.292544986813791881e-03,5.627005500995033681e-03,4.823086122931060163e-03,3.921848326241365000e-03,3.274230815279822755e-03,2.734593589722846951e-03,2.084441438671995675e-03,1.608068438849968558e-03,1.044630074263433028e-03,-3.064882942061578595e-03,-5.635928017862053101e-03,-7.061342954681508292e-03,-7.740154545601631540e-03,-8.089902001391428149e-03,-8.292228711958192500e-03,-8.412829752293429081e-03,-8.341627097254356374e-03,-8.270173928519424997e-03,-8.132817577297070041e-03,-7.613007442522691862e-03,-6.826615585613280378e-03,-5.825816185868915031e-03,-5.101708479622049479e-03,-4.462136246703447828e-03,-3.685484451599333605e-03,-2.931547446082159118e-03,-1.902569231640429065e-03
cso,0.000000000000000000e+00,0.000000000000000000e+00,0.000000000000000000e+00,0.000000000000000000e+00,0.000000000000000000e+00,0.000000000000000000e+00,0.000000000000000000e+00,0.000000000000000000e+00,-2.000000000000000164e-05,0.000000000000000000e+00,0.000000000000000000e+00,0.000000000000000000e+00,0.000000000000000000e+00,0.000000000000000000e+00,0.000000000000000000e+00,0.000000000000000000e+00,0.000000000000000000e+00,0.000000000000000000e+00,0.000000000000000000e+00,0.000000000000000000e+00,0.000000000000000000e+00,0.000000000000000000e+00,0.000000000000000000e+00,0.000000000000000000e+00,0.000000000000000000e+00,0.000000000000000000e+00,0.000000000000000000e+00,2.000000000000000164e-05,0.000000000000000000e+00,0.000000000000000000e+00,0.000000000000000000e+00,0.000000000000000000e+00,0.000000000000000000e+00,0.000000000000000000e+00,0.000000000000000000e+00,0.000000000000000000e+00,0.000000000000000000e+00,0.000000000000000000e+00,0.000000000000000000e+00,0.000000000000000000e+00,0.000000000000000000e+00,0.000000000000000000e+00,0.000000000000000000e+00,0.000000000000000000e+00,0.000000000000000000e+00,0.000000000000000000e+00,0.000000000000000000e+00,0.000000000000000000e+00,0.000000000000000000e+00,0.000000000000000000e+00,0.000000000000000000e+00,0.000000000000000000e+00,0.000000000000000000e+00,0.000000000000000000e+00,0.000000000000000000e+00,0.000000000000000000e+00,0.000000000000000000e+00,0.000000000000000000e+00,0.000000000000000000e+00,0.000000000000000000e+00,0.000000000000000000e+00,0.000000000000000000e+00,0.000000000000000000e+00,0.000000000000000000e+00,0.000000000000000000e+00,0.000000000000000000e+00,0.000000000000000000e+00,0.000000000000000000e+00,0.000000000000000000e+00,0.000000000000000000e+00,0.000000000000000000e+00,0.000000000000000000e+00,0.000000000000000000e+00,0.000000000000000000e+00,-0.000000000000000000e+00,0.000000000000000000e+00,0.000000000000000000e+00,0.000000000000000000e+00,0.000000000000000000e+00,0.000000000000000000e+00,0.000000000000000000e+00,0.000000000000000000e+00,0.000000000000000000e+00,0.000000000000000000e+00,0.000000000000000000e+00,0.000000000000000000e+00,0.000000000000000000e+00,0.000000000000000000e+00,0.000000000000000000e+00,0.000000000000000000e+00,0.000000000000000000e+00,0.000000000000000000e+00
cso*c/cref,0.000000000000000000e+00,0.000000000000000000e+00,0.000000000000000000e+00,0.000000000000000000e+00,0.000000000000000000e+00,0.000000000000000000e+00,0.000000000000000000e+00,0.000000000000000000e+00,-2.440539097513226856e-05,0.000000000000000000e+00,0.000000000000000000e+00,0.000000000000000000e+00,0.000000000000000000e+00,0.000000000000000000e+00,0.000000000000000000e+00,0.000000000000000000e+00,0.000000000000000000e+00,0.000000000000000000e+00,0.000000000000000000e+00,0.000000000000000000e+00,0.000000000000000000e+00,0.000000000000000000e+00,0.000000000000000000e+00,0.000000000000000000e+00,0.000000000000000000e+00,0.000000000000000000e+00,0.000000000000000000e+00,2.440539097513226856e-05,0.000000000000000000e+00,0.000000000000000000e+00,0.000000000000000000e+00,0.000000000000000000e+00,0.000000000000000000e+00,0.000000000000000000e+00,0.000000000000000000e+00,0.000000000000000000e+00,0.000000000000000000e+00,0.000000000000000000e+00,0.000000000000000000e+00,0.000000000000000000e+00,0.000000000000000000e+00,0.000000000000000000e+00,0.000000000000000000e+00,0.000000000000000000e+00,0.000000000000000000e+00,0.000000000000000000e+00,0.000000000000000000e+00,0.000000000000000000e+00,0.000000000000000000e+00,0.000000000000000000e+00,0.000000000000000000e+00,0.000000000000000000e+00,0.000000000000000000e+00,0.000000000000000000e+00,0.000000000000000000e+00,0.000000000000000000e+00,0.000000000000000000e+00,0.000000000000000000e+00,0.000000000000000000e+00,0.000000000000000000e+00,0.000000000000000000e+00,0.000000000000000000e+00,0.000000000000000000e+00,0.000000000000000000e+00,0.000000000000000000e+00,0.000000000000000000e+00,0.000000000000000000e+00,0.000000000000000000e+00,0.000000000000000000e+00,0.000000000000000000e+00,0.000000000000000000e+00,0.000000000000000000e+00,0.000000000000000000e+00,0.000000000000000000e+00,-0.000000000000000000e+00,0.000000000000000000e+00,0.000000000000000000e+00,0.000000000000000000e+00,0.000000000000000000e+00,0.000000000000000000e+00,0.000000000000000000e+00,0.000000000000000000e+00,0.000000000000000000e+00,0.000000000000000000e+00,0.000000000000000000e+00,0.000000000000000000e+00,0.000000000000000000e+00,0.000000000000000000e+00,0.000000000000000000e+00,0.000000000000000000e+00,0.000000000000000000e+00,0.000000000000000000e+00
cx,4.660000000000000080e-03,4.689999999999999725e-03,4.729999999999999830e-03,4.769999999999999934e-03,4.819999999999999632e-03,4.870000000000000197e-03,4.930000000000000354e-03,4.989999999999999644e-03,5.060000000000000261e-03,5.400000000000000286e-03,5.130000000000000011e-03,5.179999999999999709e-03,5.239999999999999866e-03,5.300000000000000024e-03,5.369999999999999774e-03,5.449999999999999983e-03,5.530000000000000193e-03,5.619999999999999996e-03,5.720000000000000258e-03,4.660000000000000080e-03,4.689999999999999725e-03,4.729999999999999830e-03,4.769999999999999934e-03,4.819999999999999632e-03,4.870000000000000197e-03,4.930000000000000354e-03,4.989999999999999644e-03,5.060000000000000261e-03,5.400000000000000286e-03,5.130000000000000011e-03,5.179999999999999709e-03,5.239999999999999866e-03,5.300000000000000024e-03,5.369999999999999774e-03,5.449999999999999983e-03,5.530000000000000193e-03,5.619999999999999996e-03,5.720000000000000258e-03,5.479999999999999628e-03,5.519999999999999733e-03,5.570000000000000298e-03,5.619999999999999996e-03,5.669999999999999693e-03,5.729999999999999850e-03,5.799999999999999600e-03,5.879999999999999810e-03,5.960000000000000020e-03,5.479999999999999628e-03,5.519999999999999733e-03,5.570000000000000298e-03,5.619999999999999996e-03,5.669999999999999693e-03,5.729999999999999850e-03,5.799999999999999600e-03,5.879999999999999810e-03,5.960000000000000020e-03,4.969999999999999592e-03,5.009999999999999697e-03,5.040000000000000209e-03,5.080000000000000314e-03,5.120000000000000419e-03,5.159999999999999656e-03,5.210000000000000221e-03,5.259999999999999919e-03,5.320000000000000076e-03,5.380000000000000233e-03,5.440000000000000391e-03,5.510000000000000141e-03,5.590000000000000351e-03,5.689999999999999745e-03,5.799999999999999600e-03,5.939999999999999968e-03,6.109999999999999980e-03,6.340000000000000149e-03,4.969999999999999592e-03,5.009999999999999697e-03,5.040000000000000209e-03,5.080000000000000314e-03,5.120000000000000419e-03,5.159999999999999656e-03,5.210000000000000221e-03,5.259999999999999919e-03,5.320000000000000076e-03,5.380000000000000233e-03,5.440000000000000391e-03,5.510000000000000141e-03,5.590000000000000351e-03,5.689999999999999745e-03,5.799999999999999600e-03,5.939999999999999968e-03,6.109999999999999980e-03,6.340000000000000149e-03
cx*c/cref,1.112081815975536798e-02,1.050870506576924955e-02,9.908790193667383131e-03,9.297212888507775178e-03,8.692010257737796397e-03,8.072225726859416986e-03,7.452984750918181973e-03,6.816246185707120452e-03,6.174563916708463579e-03,4.064341579432750873e-03,5.681312941899784724e-03,5.323921481385603810e-03,4.968051062177424038e-03,4.602627291407122151e-03,4.235537867879043093e-03,3.864383929004805256e-03,3.480485745951106182e-03,3.089331467309527728e-03,2.688535117381526951e-03,1.112081815975536798e-02,1.050870506576924955e-02,9.908790193667383131e-03,9.297212888507775178e-03,8.692010257737796397e-03,8.072225726859416986e-03,7.452984750918181973e-03,6.816246185707120452e-03,6.174563916708463579e-03,4.064341579432750873e-03,5.681312941899784724e-03,5.323921481385603810e-03,4.968051062177424038e-03,4.602627291407122151e-03,4.235537867879043093e-03,3.864383929004805256e-03,3.480485745951106182e-03,3.089331467309527728e-03,2.688535117381526951e-03,3.509533612697590590e-03,3.322873525652433966e-03,3.138772097011665371e-03,2.950829614768553637e-03,2.759037026550390567e-03,2.567880304819842360e-03,2.376210461598200763e-03,2.182864497548821225e-03,1.983365573478732338e-03,3.509533612697590590e-03,3.322873525652433966e-03,3.138772097011665371e-03,2.950829614768553637e-03,2.759037026550390567e-03,2.567880304819842360e-03,2.376210461598200763e-03,2.182864497548821225e-03,1.983365573478732338e-03,6.923849191839110719e-03,6.551275955797885783e-03,6.232779070331839234e-03,5.921684501755465277e-03,5.604911806106105225e-03,5.282456809099292383e-03,4.963855380458524584e-03,4.638156292976523300e-03,4.313463264678758964e-03,3.992204248709693530e-03,3.674779102690634187e-03,3.355455118352290884e-03,3.032245109777210144e-03,2.707903101590434635e-03,2.374347727603669331e-03,2.036444431860469362e-03,1.688195560373420600e-03,1.329910576471920666e-03,6.923849191839110719e-03,6.551275955797885783e-03,6.232779070331839234e-03,5.921684501755465277e-03,5.604911806106105225e-03,5.282456809099292383e-03,4.963855380458524584e-03,4.638156292976523300e-03,4.313463264678758964e-03,3.992204248709693530e-03,3.674779102690634187e-03,3.355455118352290884e-03,3.032245109777210144e-03,2.707903101590434635e-03,2.374347727603669331e-03,2.036444431860469362e-03,1.688195560373420600e-03,1.329910576471920666e-03
cxi,0.000000000000000000e+00,0.000000000000000000e+00,0.000000000000000000e+00,0.000000000000000000e+00,0.000000000000000000e+00,0.000000000000000000e+00,-0.000000000000000000e+00,0.000000000000000000e+00,0.000000000000000000e+00,-0.000000000000000000e+00,-0.000000000000000000e+00,-0.000000000000000000e+00,-0.000000000000000000e+00,-0.000000000000000000e+00,0.000000000000000000e+00,0.000000000000000000e+00,0.000000000000000000e+00,-0.000000000000000000e+00,-0.000000000000000000e+00,0.000000000000000000e+00,-0.000000000000000000e+00,-0.000000000000000000e+00,-0.000000000000000000e+00,-0.000000000000000000e+00,-0.000000000000000000e+00,-0.000000000000000000e+00,0.000000000000000000e+00,0.000000000000000000e+00,-0.000000000000000000e+00,-0.000000000000000000e+00,-0.000000000000000000e+00,-0.000000000000000000e+00,-0.000000000000000000e+00,0.000000000000000000e+00,0.000000000000000000e+00,0.000000000000000000e+00,-0.000000000000000000e+00,-0.000000000000000000e+00,0.000000000000000000e+00,0.000000000000000000e+00,-0.000000000000000000e+00,-0.000000000000000000e+00,0.000000000000000000e+00,-0.000000000000000000e+00,0.000000000000000000e+00,0.000000000000000000e+00,-0.000000000000000000e+00,0.000000000000000000e+00,0.000000000000000000e+00,-0.000000000000000000e+00,-0.000000000000000000e+00,0.000000000000000000e+00,0.000000000000000000e+00,0.000000000000000000e+00,0.000000000000000000e+00,0.000000000000000000e+00,0.000000000000000000e+00,0.000000000000000000e+00,0.000000000000000000e+00,0.000000000000000000e+00,0.000000000000000000e+00,0.000000000000000000e+00,0.000000000000000000e+00,0.000000000000000000e+00,0.000000000000000000e+00,0.000000000000000000e+00,0.000000000000000000e+00,0.000000000000000000e+00,-0.000000000000000000e+00,-0.000000000000000000e+00,-0.000000000000000000e+00,-0.000000000000000000e+00,-0.000000000000000000e+00,0.000000000000000000e+00,-0.000000000000000000e+00,0.000000000000000000e+00,0.000000000000000000e+00,0.000000000000000000e+00,-0.000000000000000000e+00,-0.000000000000000000e+00,-0.000000000000000000e+00,-0.000000000000000000e+00,0.000000000000000000e+00,-0.000000000000000000e+00,0.000000000000000000e+00,-0.000000000000000000e+00,-0.000000000000000000e+00,0.000000000000000000e+00,0.000000000000000000e+00,-0.000000000000000000e+00,-0.000000000000000000e+00,0.000000000000000000e+00
cxi*c/cref,0.000000000000000000e+00,0.000000000000000000e+00,0.000000000000000000e+00,0.000000000000000000e+00,0.000000000000000000e+00,0.000000000000000000e+00,-0.000000000000000000e+00,0.000000000000000000e+00,0.000000000000000000e+00,-0.000000000000000000e+00,-0.000000000000000000e+00,-0.000000000000000000e+00,-0.000000000000000000e+00,-0.000000000000000000e+00,0.000000000000000000e+00,0.000000000000000000e+00,0.000000000000000000e+00,-0.000000000000000000e+00,-0.000000000000000000e+00,0.000000000000000000e+00,-0.000000000000000000e+00,-0.000000000000000000e+00,-0.000000000000000000e+00,-0.000000000000000000e+00,-0.000000000000000000e+00,-0.000000000000000000e+00,0.000000000000000000e+00,0.000000000000000000e+00,-0.000000000000000000e+00,-0.000000000000000000e+00,-0.000000000000000000e+00,-0.000000000000000000e+00,-0.000000000000000000e+00,0.000000000000000000e+00,0.000000000000000000e+00,0.000000000000000000e+00,-0.000000000000000000e+00,-0.000000000000000000e+00,0.000000000000000000e+00,0.000000000000000000e+00,-0.000000000000000000e+00,-0.000000000000000000e+00,0.000000000000000000e+00,-0.000000000000000000e+00,0.000000000000000000e+00,0.000000000000000000e+00,-0.000000000000000000e+00,0.000000000000000000e+00,0.000000000000000000e+00,-0.000000000000000000e+00,-0.000000000000000000e+00,0.000000000000000000e+00,0.000000000000000000e+00,0.000000000000000000e+00,0.000000000000000000e+00,0.000000000000000000e+00,0.000000000000000000e+00,0.000000000000000000e+00,0.000000000000000000e+00,0.000000000000000000e+00,0.000000000000000000e+00,0.000000000000000000e+00,0.000000000000000000e+00,0.000000000000000000e+00,0.000000000000000000e+00,0.000000000000000000e+00,0.000000000000000000e+00,0.000000000000000000e+00,-0.000000000000000000e+00,-0.000000000000000000e+00,-0.000000000000000000e+00,-0.000000000000000000e+00,-0.000000000000000000e+00,0.000000000000000000e+00,-0.000000000000000000e+00,0.000000000000000000e+00,0.000000000000000000e+00,0.000000000000000000e+00,-0.000000000000000000e+00,-0.000000000000000000e+00,-0.000000000000000000e+00,-0.000000000000000000e+00,0.000000000000000000e+00,-0.000000000000000000e+00,0.000000000000000000e+00,-0.000000000000000000e+00,-0.000000000000000000e+00,0.000000000000000000e+00,0.000000000000000000e+00,-0.000000000000000000e+00,-0.000000000000000000e+00,0.000000000000000000e+00
cxo,4.660000000000000080e-03,4.689999999999999725e-03,4.729999999999999830e-03,4.769999999999999934e-03,4.819999999999999632e-03,4.870000000000000197e-03,4.930000000000000354e-03,4.989999999999999644e-03,5.060000000000000261e-03,5.400000000000000286e-03,5.130000000000000011e-03,5.179999999999999709e-03,5.239999999999999866e-03,5.300000000000000024e-03,5.369999999999999774e-03,5.449999999999999983e-03,5.530000000000000193e-03,5.619999999999999996e-03,5.720000000000000258e-03,4.660000000000000080e-03,4.689999999999999725e-03,4.729999999999999830e-03,4.769999999999999934e-03,4.819999999999999632e-03,4.870000000000000197e-03,4.930000000000000354e-03,4.989999999999999644e-03,5.060000000000000261e-03,5.400000000000000286e-03,5.130000000000000011e-03,5.179999999999999709e-03,5.239999999999999866e-03,5.300000000000000024e-03,5.369999999999999774e-03,5.449999999999999983e-03,5.530000000000000193e-03,5.619999999999999996e-03,5.720000000000000258e-03,5.479999999999999628e-03,5.519999999999999733e-03,5.570000000000000298e-03,5.619999999999999996e-03,5.669999999999999693e-03,5.729999999999999850e-03,5.799999999999999600e-03,5.879999999999999810e-03,5.960000000000000020e-03,5.479999999999999628e-03,5.519999999999999733e-03,5.570000000000000298e-03,5.619999999999999996e-03,5.669999999999999693e-03,5.729999999999999850e-03,5.799999999999999600e-03,5.879999999999999810e-03,5.960000000000000020e-03,4.969999999999999592e-03,5.009999999999999697e-03,5.040000000000000209e-03,5.080000000000000314e-03,5.120000000000000419e-03,5.159999999999999656e-03,5.210000000000000221e-03,5.259999999999999919e-03,5.320000000000000076e-03,5.380000000000000233e-03,5.440000000000000391e-03,5.510000000000000141e-03,5.590000000000000351e-03,5.689999999999999745e-03,5.799999999999999600e-03,5.939999999999999968e-03,6.109999999999999980e-03,6.340000000000000149e-03,4.969999999999999592e-03,5.009999999999999697e-03,5.040000000000000209e-03,5.080000000000000314e-03,5.120000000000000419e-03,5.159999999999999656e-03,5.210000000000000221e-03,5.259999999999999919e-03,5.320000000000000076e-03,5.380000000000000233e-03,5.440000000000000391e-03,5.510000000000000141e-03,5.590000000000000351e-03,5.689999999999999745e-03,5.799999999999999600e-03,5.939999999999999968e-03,6.109999999999999980e-03,6.340000000000000149e-03
cxo*c/cref,1.112081815975536798e-02,1.050870506576924955e-02,9.908790193667383131e-03,9.297212888507775178e-03,8.692010257737796397e-03,8.072225726859416986e-03,7.452984750918181973e-03,6.816246185707120452e-03,6.174563916708463579e-03,4.064341579432750873e-03,5.681312941899784724e-03,5.323921481385603810e-03,4.968051062177424038e-03,4.602627291407122151e-03,4.235537867879043093e-03,3.864383929004805256e-03,3.480485745951106182e-03,3.089331467309527728e-03,2.688535117381526951e-03,1.112081815975536798e-02,1.050870506576924955e-02,9.908790193667383131e-03,9.297212888507775178e-03,8.692010257737796397e-03,8.072225726859416986e-03,7.452984750918181973e-03,6.816246185707120452e-03,6.174563916708463579e-03,4.064341579432750873e-03,5.681312941899784724e-03,5.323921481385603810e-03,4.968051062177424038e-03,4.602627291407122151e-03,4.235537867879043093e-03,3.864383929004805256e-03,3.480485745951106182e-03,3.089331467309527728e-03,2.688535117381526951e-03,3.509533612697590590e-03,3.322873525652433966e-03,3.138772097011665371e-03,2.950829614768553637e-03,2.759037026550390567e-03,2.567880304819842360e-03,2.376210461598200763e-03,2.182864497548821225e-03,1.983365573478732338e-03,3.509533612697590590e-03,3.322873525652433966e-03,3.138772097011665371e-03,2.950829614768553637e-03,2.759037026550390567e-03,2.567880304819842360e-03,2.376210461598200763e-03,2.182864497548821225e-03,1.983365573478732338e-03,6.923849191839110719e-03,6.551275955797885783e-03,6.232779070331839234e-03,5.921684501755465277e-03,5.604911806106105225e-03,5.282456809099292383e-03,4.963855380458524584e-03,4.638156292976523300e-03,4.313463264678758964e-03,3.992204248709693530e-03,3.674779102690634187e-03,3.355455118352290884e-03,3.032245109777210144e-03,2.707903101590434635e-03,2.374347727603669331e-03,2.036444431860469362e-03,1.688195560373420600e-03,1.329910576471920666e-03,6.923849191839110719e-03,6.551275955797885783e-03,6.232779070331839234e-03,5.921684501755465277e-03,5.604911806106105225e-03,5.282456809099292383e-03,4.963855380458524584e-03,4.638156292976523300e-03,4.313463264678758964e-03,3.992204248709693530e-03,3.674779102690634187e-03,3.355455118352290884e-03,3.032245109777210144e-03,2.707903101590434635e-03,2.374347727603669331e-03,2.036444431860469362e-03,1.688195560373420600e-03,1.329910576471920666e-03
cy,4.200000000000000174e-04,6.599999999999999964e-04,8.499999999999999526e-04,1.030000000000000100e-03,1.209999999999999921e-03,1.399999999999999986e-03,1.610000000000000103e-03,1.850000000000000082e-03,2.439999999999999895e-03,1.889999999999999970e-03,2.779999999999999919e-03,3.079999999999999839e-03,3.389999999999999784e-03,3.789999999999999966e-03,4.129999999999999991e-03,4.360000000000000160e-03,4.349999999999999700e-03,4.100000000000000346e-03,3.289999999999999956e-03,-4.200000000000000174e-04,-6.599999999999999964e-04,-8.499999999999999526e-04,-1.030000000000000100e-03,-1.209999999999999921e-03,-1.399999999999999986e-03,-1.610000000000000103e-03,-1.860000000000000108e-03,-2.449999999999999921e-03,-1.740000000000000010e-03,-2.779999999999999919e-03,-3.079999999999999839e-03,-3.389999999999999784e-03,-3.789999999999999966e-03,-4.129999999999999991e-03,-4.360000000000000160e-03,-4.349999999999999700e-03,-4.100000000000000346e-03,-3.289999999999999956e-03,5.400000000000000069e-04,7.699999999999999597e-04,8.199999999999999824e-04,8.999999999999999754e-04,8.899999999999999491e-04,8.300000000000000086e-04,6.599999999999999964e-04,4.800000000000000122e-04,2.500000000000000052e-04,-4.200000000000000174e-04,-6.400000000000000524e-04,-6.899999999999999667e-04,-7.699999999999999597e-04,-7.500000000000000156e-04,-6.999999999999999929e-04,-5.400000000000000069e-04,-3.699999999999999947e-04,-1.499999999999999869e-04,2.560000000000000209e-03,3.739999999999999835e-03,4.729999999999999830e-03,5.440000000000000391e-03,6.009999999999999717e-03,6.539999999999999807e-03,7.069999999999999896e-03,7.530000000000000235e-03,8.040000000000000271e-03,8.479999999999999691e-03,8.330000000000000598e-03,7.919999999999999957e-03,7.230000000000000315e-03,6.879999999999999831e-03,6.680000000000000174e-03,6.080000000000000335e-03,5.819999999999999653e-03,4.980000000000000052e-03,-2.200000000000000133e-03,-4.309999999999999595e-03,-5.709999999999999798e-03,-6.640000000000000069e-03,-7.389999999999999868e-03,-8.099999999999999561e-03,-8.829999999999999308e-03,-9.459999999999999659e-03,-1.020000000000000073e-02,-1.095999999999999926e-02,-1.127000000000000050e-02,-1.120999999999999948e-02,-1.073999999999999955e-02,-1.072000000000000036e-02,-1.089999999999999997e-02,-1.074999999999999914e-02,-1.060999999999999964e-02,-9.069999999999999937e-03
cy*c/cref,1.002305499377093272e-03,1.478836960214862566e-03,1.780649400553335109e-03,2.007574271522643596e-03,2.182019172585629267e-03,2.320557703819955443e-03,2.433936196547316876e-03,2.527065219149934525e-03,2.977457698966136466e-03,1.422519552801462719e-03,3.078762179041208587e-03,3.165574934877926801e-03,3.214063568851424808e-03,3.291312723477923200e-03,3.257499328555018333e-03,3.091507143203844031e-03,2.737814284789748948e-03,2.253782743054994018e-03,1.546377716116297592e-03,-1.002305499377093272e-03,-1.478836960214862566e-03,-1.780649400553335109e-03,-2.007574271522643596e-03,-2.182019172585629267e-03,-2.320557703819955443e-03,-2.433936196547316876e-03,-2.540725031145339534e-03,-2.989660394453702661e-03,-1.309621175594997272e-03,-3.078762179041208587e-03,-3.165574934877926801e-03,-3.214063568851424808e-03,-3.291312723477923200e-03,-3.257499328555018333e-03,-3.091507143203844031e-03,-2.737814284789748948e-03,-2.253782743054994018e-03,-1.546377716116297592e-03,3.458299545358939830e-04,4.635167780348503847e-04,4.620813500088986371e-04,4.725527852832202844e-04,4.330763586648761314e-04,3.719617195463297173e-04,2.703963628715194039e-04,1.781930202080670648e-04,8.319486465934279942e-05,-2.689788535279175725e-04,-3.852606986263692199e-04,-3.888245506172439817e-04,-4.042951607423106745e-04,-3.649519876389405973e-04,-3.137026550390732346e-04,-2.212333878039704287e-04,-1.373571197437183382e-04,-4.991691879560567288e-05,3.566409241671655329e-03,4.890573268400018846e-03,5.849413691005872669e-03,6.341331434950734681e-03,6.579203116151892405e-03,6.695206885951428960e-03,6.735980333942757914e-03,6.639794084812400236e-03,6.518842978950604994e-03,6.292544986813791881e-03,5.627005500995033681e-03,4.823086122931060163e-03,3.921848326241365000e-03,3.274230815279822755e-03,2.734593589722846951e-03,2.084441438671995675e-03,1.608068438849968558e-03,1.044630074263433028e-03,-3.064882942061578595e-03,-5.635928017862053101e-03,-7.061342954681508292e-03,-7.740154545601631540e-03,-8.089902001391428149e-03,-8.292228711958192500e-03,-8.412829752293429081e-03,-8.341627097254356374e-03,-8.270173928519424997e-03,-8.132817577297070041e-03,-7.613007442522691862e-03,-6.826615585613280378e-03,-5.825816185868915031e-03,-5.101708479622049479e-03,-4.462136246703447828e-03,-3.685484451599333605e-03,-2.931547446082159118e-03,-1.902569231640429065e-03
cyi,4.200000000000000174e-04,6.599999999999999964e-04,8.499999999999999526e-04,1.030000000000000100e-03,1.209999999999999921e-03,1.399999999999999986e-03,1.610000000000000103e-03,1.850000000000000082e-03,2.449999999999999921e-03,1.889999999999999970e-03,2.779999999999999919e-03,3.079999999999999839e-03,3.389999999999999784e-03,3.789999999999999966e-03,4.129999999999999991e-03,4.360000000000000160e-03,4.349999999999999700e-03,4.100000000000000346e-03,3.289999999999999956e-03,-4.200000000000000174e-04,-6.599999999999999964e-04,-8.499999999999999526e-04,-1.030000000000000100e-03,-1.209999999999999921e-03,-1.399999999999999986e-03,-1.610000000000000103e-03,-1.860000000000000108e-03,-2.469999999999999973e-03,-1.740000000000000010e-03,-2.779999999999999919e-03,-3.079999999999999839e-03,-3.389999999999999784e-03,-3.789999999999999966e-03,-4.129999999999999991e-03,-4.360000000000000160e-03,-4.349999999999999700e-03,-4.100000000000000346e-03,-3.289999999999999956e-03,5.400000000000000069e-04,7.699999999999999597e-04,8.199999999999999824e-04,8.999999999999999754e-04,8.899999999999999491e-04,8.300000000000000086e-04,6.599999999999999964e-04,4.800000000000000122e-04,2.500000000000000052e-04,-4.200000000000000174e-04,-6.400000000000000524e-04,-6.899999999999999667e-04,-7.699999999999999597e-04,-7.500000000000000156e-04,-6.999999999999999929e-04,-5.400000000000000069e-04,-3.699999999999999947e-04,-1.499999999999999869e-04,2.560000000000000209e-03,3.739999999999999835e-03,4.729999999999999830e-03,5.440000000000000391e-03,6.009999999999999717e-03,6.539999999999999807e-03,7.069999999999999896e-03,7.530000000000000235e-03,8.040000000000000271e-03,8.479999999999999691e-03,8.330000000000000598e-03,7.919999999999999957e-03,7.230000000000000315e-03,6.879999999999999831e-03,6.680000000000000174e-03,6.080000000000000335e-03,5.819999999999999653e-03,4.980000000000000052e-03,-2.200000000000000133e-03,-4.309999999999999595e-03,-5.709999999999999798e-03,-6.640000000000000069e-03,-7.389999999999999868e-03,-8.099999999999999561e-03,-8.829999999999999308e-03,-9.459999999999999659e-03,-1.020000000000000073e-02,-1.095999999999999926e-02,-1.127000000000000050e-02,-1.120999999999999948e-02,-1.073999999999999955e-02,-1.072000000000000036e-02,-1.089999999999999997e-02,-1.074999999999999914e-02,-1.060999999999999964e-02,-9.069999999999999937e-03
cyi*c/cref,1.002305499377093272e-03,1.478836960214862566e-03,1.780649400553335109e-03,2.007574271522643596e-03,2.182019172585629267e-03,2.320557703819955443e-03,2.433936196547316876e-03,2.527065219149934525e-03,2.989660394453702661e-03,1.422519552801462719e-03,3.078762179041208587e-03,3.165574934877926801e-03,3.214063568851424808e-03,3.291312723477923200e-03,3.257499328555018333e-03,3.091507143203844031e-03,2.737814284789748948e-03,2.253782743054994018e-03,1.546377716116297592e-03,-1.002305499377093272e-03,-1.478836960214862566e-03,-1.780649400553335109e-03,-2.007574271522643596e-03,-2.182019172585629267e-03,-2.320557703819955443e-03,-2.433936196547316876e-03,-2.540725031145339534e-03,-3.014065785428835052e-03,-1.309621175594997272e-03,-3.078762179041208587e-03,-3.165574934877926801e-03,-3.214063568851424808e-03,-3.291312723477923200e-03,-3.257499328555018333e-03,-3.091507143203844031e-03,-2.737814284789748948e-03,-2.253782743054994018e-03,-1.546377716116297592e-03,3.458299545358939830e-04,4.635167780348503847e-04,4.620813500088986371e-04,4.725527852832202844e-04,4.330763586648761314e-04,3.719617195463297173e-04,2.703963628715194039e-04,1.781930202080670648e-04,8.319486465934279942e-05,-2.689788535279175725e-04,-3.852606986263692199e-04,-3.888245506172439817e-04,-4.042951607423106745e-04,-3.649519876389405973e-04,-3.137026550390732346e-04,-2.212333878039704287e-04,-1.373571197437183382e-04,-4.991691879560567288e-05,3.566409241671655329e-03,4.890573268400018846e-03,5.849413691005872669e-03,6.341331434950734681e-03,6.579203116151892405e-03,6.695206885951428960e-03,6.735980333942757914e-03,6.639794084812400236e-03,6.518842978950604994e-03,6.292544986813791881e-03,5.627005500995033681e-03,4.823086122931060163e-03,3.921848326241365000e-03,3.274230815279822755e-03,2.734593589722846951e-03,2.084441438671995675e-03,1.608068438849968558e-03,1.044630074263433028e-03,-3.064882942061578595e-03,-5.635928017862053101e-03,-7.061342954681508292e-03,-7.740154545601631540e-03,-8.089902001391428149e-03,-8.292228711958192500e-03,-8.412829752293429081e-03,-8.341627097254356374e-03,-8.270173928519424997e-03,-8.132817577297070041e-03,-7.613007442522691862e-03,-6.826615585613280378e-03,-5.825816185868915031e-03,-5.101708479622049479e-03,-4.462136246703447828e-03,-3.685484451599333605e-03,-2.931547446082159118e-03,-1.902569231640429065e-03
cyo,0.000000000000000000e+00,0.000000000000000000e+00,0.000000000000000000e+00,0.000000000000000000e+00,0.000000000000000000e+00,0.000000000000000000e+00,0.000000000000000000e+00,0.000000000000000000e+00,-2.000000000000000164e-05,0.000000000000000000e+00,0.000000000000000000e+00,0.000000000000000000e+00,0.000000000000000000e+00,0.000000000000000000e+00,0.000000000000000000e+00,0.000000000000000000e+00,0.000000000000000000e+00,0.000000000000000000e+00,0.000000000000000000e+00,0.000000000000000000e+00,0.000000000000000000e+00,0.000000000000000000e+00,0.000000000000000000e+00,0.000000000000000000e+00,0.000000000000000000e+00,0.000000000000000000e+00,0.000000000000000000e+00,2.000000000000000164e-05,0.000000000000000000e+00,0.000000000000000000e+00,0.000000000000000000e+00,0.000000000000000000e+00,0.000000000000000000e+00,0.000000000000000000e+00,0.000000000000000000e+00,0.000000000000000000e+00,0.000000000000000000e+00,0.000000000000000000e+00,0.000000000000000000e+00,0.000000000000000000e+00,0.000000000000000000e+00,0.000000000000000000e+00,0.000000000000000000e+00,0.000000000000000000e+00,0.000000000000000000e+00,0.000000000000000000e+00,0.000000000000000000e+00,0.000000000000000000e+00,0.000000000000000000e+00,0.000000000000000000e+00,0.000000000000000000e+00,0.000000000000000000e+00,0.000000000000000000e+00,0.000000000000000000e+00,0.000000000000000000e+00,0.000000000000000000e+00,0.000000000000000000e+00,0.000000000000000000e+00,0.000000000000000000e+00,0.000000000000000000e+00,0.000000000000000000e+00,0.000000000000000000e+00,0.000000000000000000e+00,0.000000000000000000e+00,0.000000000000000000e+00,0.000000000000000000e+00,0.000000000000000000e+00,0.000000000000000000e+00,0.000000000000000000e+00,0.000000000000000000e+00,0.000000000000000000e+00,0.000000000000000000e+00,0.000000000000000000e+00,0.000000000000000000e+00,-0.000000000000000000e+00,0.000000000000000000e+00,0.000000000000000000e+00,0.000000000000000000e+00,0.000000000000000000e+00,0.000000000000000000e+00,0.000000000000000000e+00,0.000000000000000000e+00,0.000000000000000000e+00,0.000000000000000000e+00,0.000000000000000000e+00,0.000000000000000000e+00,0.000000000000000000e+00,0.000000000000000000e+00,0.000000000000000000e+00,0.000000000000000000e+00,0.000000000000000000e+00,0.000000000000000000e+00
cyo*c/cref,0.000000000000000000e+00,0.000000000000000000e+00,0.000000000000000000e+00,0.000000000000000000e+00,0.000000000000000000e+00,0.000000000000000000e+00,0.000000000000000000e+00,0.000000000000000000e+00,-2.440539097513226856e-05,0.000000000000000000e+00,0.000000000000000000e+00,0.000000000000000000e+00,0.000000000000000000e+00,0.000000000000000000e+00,0.000000000000000000e+00,0.000000000000000000e+00,0.000000000000000000e+00,0.000000000000000000e+00,0.000000000000000000e+00,0.000000000000000000e+00,0.000000000000000000e+00,0.000000000000000000e+00,0.000000000000000000e+00,0.000000000000000000e+00,0.000000000000000000e+00,0.000000000000000000e+00,0.000000000000000000e+00,2.440539097513226856e-05,0.000000000000000000e+00,0.000000000000000000e+00,0.000000000000000000e+00,0.000000000000000000e+00,0.000000000000000000e+00,0.000000000000000000e+00,0.000000000000000000e+00,0.000000000000000000e+00,0.000000000000000000e+00,0.000000000000000000e+00,0.000000000000000000e+00,0.000000000000000000e+00,0.000000000000000000e+00,0.000000000000000000e+00,0.000000000000000000e+00,0.000000000000000000e+00,0.000000000000000000e+00,0.000000000000000000e+00,0.000000000000000000e+00,0.000000000000000000e+00,0.000000000000000000e+00,0.000000000000000000e+00,0.000000000000000000e+00,0.000000000000000000e+00,0.000000000000000000e+00,0.000000000000000000e+00,0.000000000000000000e+00,0.000000000000000000e+00,0.000000000000000000e+00,0.000000000000000000e+00,0.000000000000000000e+00,0.000000000000000000e+00,0.000000000000000000e+00,0.000000000000000000e+00,0.000000000000000000e+00,0.000000000000000000e+00,0.000000000000000000e+00,0.000000000000000000e+00,0.000000000000000000e+00,0.000000000000000000e+00,0.000000000000000000e+00,0.000000000000000000e+00,0.000000000000000000e+00,0.000000000000000000e+00,0.000000000000000000e+00,0.000000000000000000e+00,-0.000000000000000000e+00,0.000000000000000000e+00,0.000000000000000000e+00,0.000000000000000000e+00,0.000000000000000000e+00,0.000000000000000000e+00,0.000000000000000000e+00,0.000000000000000000e+00,0.000000000000000000e+00,0.000000000000000000e+00,0.000000000000000000e+00,0.000000000000000000e+00,0.000000000000000000e+00,0.000000000000000000e+00,0.000000000000000000e+00,0.000000000000000000e+00,0.000000000000000000e+00,0.000000000000000000e+00
cz,7.950000000000000469e-03,1.260999999999999968e-02,1.627999999999999933e-02,1.966999999999999998e-02,2.307999999999999982e-02,2.667999999999999886e-02,3.067999999999999894e-02,3.531000000000000111e-02,4.678000000000000214e-02,3.608999999999999708e-02,5.301000000000000156e-02,5.884999999999999953e-02,6.471999999999999975e-02,7.230000000000000315e-02,7.881000000000000505e-02,8.316999999999999393e-02,8.294999999999999596e-02,7.814000000000000112e-02,6.274000000000000410e-02,7.950000000000000469e-03,1.260999999999999968e-02,1.627999999999999933e-02,1.966999999999999998e-02,2.307000000000000023e-02,2.667999999999999886e-02,3.073000000000000037e-02,3.549999999999999684e-02,4.705999999999999767e-02,3.311999999999999666e-02,5.308000000000000218e-02,5.886000000000000260e-02,6.471999999999999975e-02,7.230000000000000315e-02,7.881000000000000505e-02,8.316999999999999393e-02,8.294999999999999596e-02,7.814000000000000112e-02,6.274000000000000410e-02,8.850000000000000228e-03,1.256999999999999958e-02,1.337999999999999953e-02,1.467000000000000075e-02,1.448999999999999941e-02,1.358999999999999965e-02,1.081999999999999976e-02,7.879999999999999852e-03,4.060000000000000241e-03,6.850000000000000186e-03,1.043999999999999963e-02,1.128999999999999969e-02,1.251999999999999988e-02,1.230000000000000017e-02,1.141999999999999960e-02,8.779999999999999610e-03,6.049999999999999822e-03,2.510000000000000078e-03,-2.500000000000000052e-04,-3.899999999999999929e-04,-5.000000000000000104e-04,-5.699999999999999772e-04,-6.300000000000000261e-04,-6.899999999999999667e-04,-7.399999999999999894e-04,-7.900000000000000121e-04,-8.400000000000000348e-04,-8.899999999999999491e-04,-8.800000000000000313e-04,-8.300000000000000086e-04,-7.600000000000000418e-04,-7.200000000000000453e-04,-6.999999999999999929e-04,-6.400000000000000524e-04,-6.099999999999999737e-04,-5.199999999999999544e-04,-2.200000000000000078e-04,-4.499999999999999877e-04,-5.999999999999999474e-04,-6.999999999999999929e-04,-7.799999999999999859e-04,-8.499999999999999526e-04,-9.300000000000000541e-04,-9.899999999999999946e-04,-1.069999999999999988e-03,-1.149999999999999981e-03,-1.180000000000000059e-03,-1.180000000000000059e-03,-1.129999999999999928e-03,-1.129999999999999928e-03,-1.149999999999999981e-03,-1.129999999999999928e-03,-1.119999999999999902e-03,-9.499999999999999981e-04
cz*c/cref,1.897221123820926753e-02,2.825474858834759948e-02,3.410467322471564394e-02,3.833882128237902503e-02,4.162066322584821038e-02,4.422319966994029544e-02,4.638084627954762451e-02,4.823279615577523438e-02,5.708420949083437002e-02,2.716334955587554681e-02,5.870690039963110535e-02,6.048509250570324736e-02,6.136111922597764501e-02,6.278678361674244757e-02,6.216065910010194068e-02,5.897262594042745193e-02,5.220728618926659403e-02,4.295380086397980468e-02,2.948928203925122241e-02,1.897221123820926753e-02,2.825474858834759948e-02,3.410467322471564394e-02,3.833882128237902503e-02,4.160263000954584484e-02,4.422319966994029544e-02,4.645643436018574018e-02,4.849233258368793043e-02,5.742588496448621654e-02,2.492796168718753452e-02,5.878442318831200025e-02,6.049537034640090766e-02,6.136111922597764501e-02,6.278678361674244757e-02,6.216065910010194068e-02,5.897262594042745193e-02,5.220728618926659403e-02,4.295380086397980468e-02,2.948928203925122241e-02,5.667768699338262758e-03,7.566760908958531338e-03,7.539815198925687613e-03,7.702610400116491514e-03,7.050872401184331978e-03,6.090312974258578829e-03,4.432861585257333661e-03,2.925335415082433964e-03,1.351084602067727063e-03,4.386917015871988346e-03,6.284565146342646971e-03,6.362071270244470424e-03,6.573734301939909187e-03,5.985212597278626034e-03,5.117834743637451889e-03,3.597091009109000623e-03,2.245974525539178555e-03,8.352764411798017062e-04,-3.482821525069975874e-04,-5.099795654213923552e-04,-6.183312569773650189e-04,-6.644409775591761597e-04,-6.896668823919621443e-04,-7.063750384260681801e-04,-7.050389599883509191e-04,-6.966052227094019075e-04,-6.810731470545408834e-04,-6.604204054556927789e-04,-5.944495607293672759e-04,-5.054496820748459766e-04,-4.122551490931448286e-04,-3.426520620641675379e-04,-2.865592085038911599e-04,-2.194148882812626969e-04,-1.685432556182956841e-04,-1.090778390797158778e-04,-3.064882942061578595e-04,-5.884379601016065386e-04,-7.419975083728379576e-04,-8.159801478796900511e-04,-8.538732829614769509e-04,-8.701721487857362299e-04,-8.860624767421166649e-04,-8.729609752940605634e-04,-8.675574611289984042e-04,-8.533522092966816953e-04,-7.971028200689242796e-04,-7.185911142750822135e-04,-6.129583137832284945e-04,-5.377733751840405897e-04,-4.707758425421068745e-04,-3.874044121216044137e-04,-3.094564693319526959e-04,-1.992768213956347986e-04
czi,7.950000000000000469e-03,1.260999999999999968e-02,1.627999999999999933e-02,1.966999999999999998e-02,2.307999999999999982e-02,2.667999999999999886e-02,3.067999999999999894e-02,3.531000000000000111e-02,4.678000000000000214e-02,3.608999999999999708e-02,5.301000000000000156e-02,5.884999999999999953e-02,6.471999999999999975e-02,7.230000000000000315e-02,7.881000000000000505e-02,8.316999999999999393e-02,8.294999999999999596e-02,7.814000000000000112e-02,6.274000000000000410e-02,7.950000000000000469e-03,1.260999999999999968e-02,1.627999999999999933e-02,1.966999999999999998e-02,2.307000000000000023e-02,2.667999999999999886e-02,3.073000000000000037e-02,3.549999999999999684e-02,4.705999999999999767e-02,3.311999999999999666e-02,5.308000000000000218e-02,5.886000000000000260e-02,6.471999999999999975e-02,7.230000000000000315e-02,7.881000000000000505e-02,8.316999999999999393e-02,8.294999999999999596e-02,7.814000000000000112e-02,6.274000000000000410e-02,8.850000000000000228e-03,1.256999999999999958e-02,1.337999999999999953e-02,1.467000000000000075e-02,1.448999999999999941e-02,1.358999999999999965e-02,1.081999999999999976e-02,7.879999999999999852e-03,4.060000000000000241e-03,6.850000000000000186e-03,1.043999999999999963e-02,1.128999999999999969e-02,1.251999999999999988e-02,1.230000000000000017e-02,1.141999999999999960e-02,8.779999999999999610e-03,6.049999999999999822e-03,2.510000000000000078e-03,-2.700000000000000035e-04,-3.899999999999999929e-04,-5.000000000000000104e-04,-5.699999999999999772e-04,-6.300000000000000261e-04,-6.899999999999999667e-04,-7.399999999999999894e-04,-7.900000000000000121e-04,-8.400000000000000348e-04,-8.899999999999999491e-04,-8.800000000000000313e-04,-8.300000000000000086e-04,-7.600000000000000418e-04,-7.200000000000000453e-04,-6.999999999999999929e-04,-6.400000000000000524e-04,-6.099999999999999737e-04,-5.199999999999999544e-04,-2.300000000000000070e-04,-4.499999999999999877e-04,-5.999999999999999474e-04,-6.999999999999999929e-04,-7.799999999999999859e-04,-8.499999999999999526e-04,-9.300000000000000541e-04,-9.899999999999999946e-04,-1.069999999999999988e-03,-1.149999999999999981e-03,-1.180000000000000059e-03,-1.180000000000000059e-03,-1.129999999999999928e-03,-1.129999999999999928e-03,-1.149999999999999981e-03,-1.129999999999999928e-03,-1.119999999999999902e-03,-9.499999999999999981e-04
czi*c/cref,1.897221123820926753e-02,2.825474858834759948e-02,3.410467322471564394e-02,3.833882128237902503e-02,4.162066322584821038e-02,4.422319966994029544e-02,4.638084627954762451e-02,4.823279615577523438e-02,5.708420949083437002e-02,2.716334955587554681e-02,5.870690039963110535e-02,6.048509250570324736e-02,6.136111922597764501e-02,6.278678361674244757e-02,6.216065910010194068e-02,5.897262594042745193e-02,5.220728618926659403e-02,4.295380086397980468e-02,2.948928203925122241e-02,1.897221123820926753e-02,2.825474858834759948e-02,3.410467322471564394e-02,3.833882128237902503e-02,4.160263000954584484e-02,4.422319966994029544e-02,4.645643436018574018e-02,4.849233258368793043e-02,5.742588496448621654e-02,2.492796168718753452e-02,5.878442318831200025e-02,6.049537034640090766e-02,6.136111922597764501e-02,6.278678361674244757e-02,6.216065910010194068e-02,5.897262594042745193e-02,5.220728618926659403e-02,4.295380086397980468e-02,2.948928203925122241e-02,5.667768699338262758e-03,7.566760908958531338e-03,7.539815198925687613e-03,7.702610400116491514e-03,7.050872401184331978e-03,6.090312974258578829e-03,4.432861585257333661e-03,2.925335415082433964e-03,1.351084602067727063e-03,4.386917015871988346e-03,6.284565146342646971e-03,6.362071270244470424e-03,6.573734301939909187e-03,5.985212597278626034e-03,5.117834743637451889e-03,3.597091009109000623e-03,2.245974525539178555e-03,8.352764411798017062e-04,-3.761447247075573879e-04,-5.099795654213923552e-04,-6.183312569773650189e-04,-6.644409775591761597e-04,-6.896668823919621443e-04,-7.063750384260681801e-04,-7.050389599883509191e-04,-6.966052227094019075e-04,-6.810731470545408834e-04,-6.604204054556927789e-04,-5.944495607293672759e-04,-5.054496820748459766e-04,-4.122551490931448286e-04,-3.426520620641675379e-04,-2.865592085038911599e-04,-2.194148882812626969e-04,-1.685432556182956841e-04,-1.090778390797158778e-04,-3.204195803064377869e-04,-5.884379601016065386e-04,-7.419975083728379576e-04,-8.159801478796900511e-04,-8.538732829614769509e-04,-8.701721487857362299e-04,-8.860624767421166649e-04,-8.729609752940605634e-04,-8.675574611289984042e-04,-8.533522092966816953e-04,-7.971028200689242796e-04,-7.185911142750822135e-04,-6.129583137832284945e-04,-5.377733751840405897e-04,-4.707758425421068745e-04,-3.874044121216044137e-04,-3.094564693319526959e-04,-1.992768213956347986e-04
czo,0.000000000000000000e+00,0.000000000000000000e+00,0.000000000000000000e+00,0.000000000000000000e+00,0.000000000000000000e+00,0.000000000000000000e+00,0.000000000000000000e+00,0.000000000000000000e+00,0.000000000000000000e+00,0.000000000000000000e+00,0.000000000000000000e+00,0.000000000000000000e+00,0.000000000000000000e+00,0.000000000000000000e+00,0.000000000000000000e+00,0.000000000000000000e+00,0.000000000000000000e+00,0.000000000000000000e+00,0.000000000000000000e+00,0.000000000000000000e+00,0.000000000000000000e+00,0.000000000000000000e+00,0.000000000000000000e+00,0.000000000000000000e+00,0.000000000000000000e+00,0.000000000000000000e+00,0.000000000000000000e+00,0.000000000000000000e+00,0.000000000000000000e+00,0.000000000000000000e+00,0.000000000000000000e+00,0.000000000000000000e+00,0.000000000000000000e+00,0.000000000000000000e+00,0.000000000000000000e+00,0.000000000000000000e+00,0.000000000000000000e+00,0.000000000000000000e+00,0.000000000000000000e+00,0.000000000000000000e+00,0.000000000000000000e+00,0.000000000000000000e+00,0.000000000000000000e+00,0.000000000000000000e+00,0.000000000000000000e+00,0.000000000000000000e+00,0.000000000000000000e+00,0.000000000000000000e+00,0.000000000000000000e+00,0.000000000000000000e+00,0.000000000000000000e+00,0.000000000000000000e+00,0.000000000000000000e+00,0.000000000000000000e+00,0.000000000000000000e+00,0.000000000000000000e+00,2.000000000000000164e-05,0.000000000000000000e+00,0.000000000000000000e+00,0.000000000000000000e+00,0.000000000000000000e+00,0.000000000000000000e+00,0.000000000000000000e+00,0.000000000000000000e+00,0.000000000000000000e+00,0.000000000000000000e+00,0.000000000000000000e+00,0.000000000000000000e+00,0.000000000000000000e+00,0.000000000000000000e+00,0.000000000000000000e+00,0.000000000000000000e+00,0.000000000000000000e+00,0.000000000000000000e+00,2.000000000000000164e-05,0.000000000000000000e+00,0.000000000000000000e+00,0.000000000000000000e+00,0.000000000000000000e+00,0.000000000000000000e+00,0.000000000000000000e+00,0.000000000000000000e+00,0.000000000000000000e+00,0.000000000000000000e+00,0.000000000000000000e+00,0.000000000000000000e+00,0.000000000000000000e+00,0.000000000000000000e+00,0.000000000000000000e+00,0.000000000000000000e+00,0.000000000000000000e+00,0.000000000000000000e+00
czo*c/cref,0.000000000000000000e+00,0.000000000000000000e+00,0.000000000000000000e+00,0.000000000000000000e+00,0.000000000000000000e+00,0.000000000000000000e+00,0.000000000000000000e+00,0.000000000000000000e+00,0.000000000000000000e+00,0.000000000000000000e+00,0.000000000000000000e+00,0.000000000000000000e+00,0.000000000000000000e+00,0.000000000000000000e+00,0.000000000000000000e+00,0.000000000000000000e+00,0.000000000000000000e+00,0.000000000000000000e+00,0.000000000000000000e+00,0.000000000000000000e+00,0.000000000000000000e+00,0.000000000000000000e+00,0.000000000000000000e+00,0.000000000000000000e+00,0.000000000000000000e+00,0.000000000000000000e+00,0.000000000000000000e+00,0.000000000000000000e+00,0.000000000000000000e+00,0.000000000000000000e+00,0.000000000000000000e+00,0.000000000000000000e+00,0.000000000000000000e+00,0.000000000000000000e+00,0.000000000000000000e+00,0.000000000000000000e+00,0.000000000000000000e+00,0.000000000000000000e+00,0.000000000000000000e+00,0.000000000000000000e+00,0.000000000000000000e+00,0.000000000000000000e+00,0.000000000000000000e+00,0.000000000000000000e+00,0.000000000000000000e+00,0.000000000000000000e+00,0.000000000000000000e+00,0.000000000000000000e+00,0.000000000000000000e+00,0.000000000000000000e+00,0.000000000000000000e+00,0.000000000000000000e+00,0.000000000000000000e+00,0.000000000000000000e+00,0.000000000000000000e+00,0.000000000000000000e+00,2.786257220055980726e-05,0.000000000000000000e+00,0.000000000000000000e+00,0.000000000000000000e+00,0.000000000000000000e+00,0.000000000000000000e+00,0.000000000000000000e+00,0.000000000000000000e+00,0.000000000000000000e+00,0.000000000000000000e+00,0.000000000000000000e+00,0.000000000000000000e+00,0.000000000000000000e+00,0.000000000000000000e+00,0.000000000000000000e+00,0.000000000000000000e+00,0.000000000000000000e+00,0.000000000000000000e+00,2.786257220055980726e-05,0.000000000000000000e+00,0.000000000000000000e+00,0.000000000000000000e+00,0.000000000000000000e+00,0.000000000000000000e+00,0.000000000000000000e+00,0.000000000000000000e+00,0.000000000000000000e+00,0.000000000000000000e+00,0.000000000000000000e+00,0.000000000000000000e+00,0.000000000000000000e+00,0.000000000000000000e+00,0.000000000000000000e+00,0.000000000000000000e+00,0.000000000000000000e+00,0.000000000000000000e+00
dArea,1.566098000000000035e+01,1.470429999999999993e+01,1.374761999999999951e+01,1.279094000000000086e+01,1.183426000000000045e+01,1.087758000000000003e+01,9.920909999999999229e+00,8.964230000000000587e+00,6.522160000000000402e+00,9.162299999999999889e-01,1.877415999999999840e+01,1.742284000000000077e+01,1.607170999999999950e+01,1.472076000000000029e+01,1.336993999999999971e+01,1.201923000000000030e+01,1.066859999999999964e+01,9.318020000000000636e+00,7.967450000000000365e+00,1.566098000000000035e+01,1.470429999999999993e+01,1.374761999999999951e+01,1.279094000000000086e+01,1.183426000000000045e+01,1.087758000000000003e+01,9.920909999999999229e+00,8.964230000000000587e+00,6.522160000000000402e+00,9.162299999999999889e-01,1.877415999999999840e+01,1.742284000000000077e+01,1.607170999999999950e+01,1.472076000000000029e+01,1.336993999999999971e+01,1.201923000000000030e+01,1.066859999999999964e+01,9.318020000000000636e+00,7.967450000000000365e+00,5.516650000000000276e+00,5.185399999999999565e+00,4.854140000000000121e+00,4.522879999999999789e+00,4.191620000000000346e+00,3.860360000000000014e+00,3.529100000000000126e+00,3.197839999999999794e+00,2.866579999999999906e+00,5.516650000000000276e+00,5.185399999999999565e+00,4.854140000000000121e+00,4.522879999999999789e+00,4.191620000000000346e+00,3.860360000000000014e+00,3.529100000000000126e+00,3.197839999999999794e+00,2.866579999999999906e+00,4.759769999999999612e+00,4.468689999999999607e+00,4.226140000000000008e+00,3.983579999999999899e+00,3.741029999999999855e+00,3.498470000000000191e+00,3.255920000000000147e+00,3.013360000000000039e+00,2.770809999999999995e+00,7.095919999999999561e+00,6.459670000000000023e+00,5.823419999999999597e+00,5.187170000000000059e+00,4.550910000000000011e+00,3.914660000000000029e+00,3.278410000000000046e+00,2.642160000000000064e+00,2.005910000000000082e+00,4.759769999999999612e+00,4.468689999999999607e+00,4.226140000000000008e+00,3.983579999999999899e+00,3.741029999999999855e+00,3.498470000000000191e+00,3.255920000000000147e+00,3.013360000000000039e+00,2.770809999999999995e+00,7.095919999999999561e+00,6.459670000000000023e+00,5.823419999999999597e+00,5.187170000000000059e+00,4.550910000000000011e+00,3.914660000000000029e+00,3.278410000000000046e+00,2.642160000000000064e+00,2.005910000000000082e+00
dSpan,5.308800000000000185e-01,5.308800000000000185e-01,5.308800000000000185e-01,5.308800000000000185e-01,5.308800000000000185e-01,5.308800000000000185e-01,5.308800000000000185e-01,5.308800000000000185e-01,4.323799999999999866e-01,9.847999999999999809e-02,1.371390000000000109e+00,1.371350000000000069e+00,1.371320000000000094e+00,1.371299999999999963e+00,1.371280000000000054e+00,1.371280000000000054e+00,1.371280000000000054e+00,1.371280000000000054e+00,1.371299999999999963e+00,5.308800000000000185e-01,5.308800000000000185e-01,5.308800000000000185e-01,5.308800000000000185e-01,5.308800000000000185e-01,5.308800000000000185e-01,5.308800000000000185e-01,5.308800000000000185e-01,4.323799999999999866e-01,9.847999999999999809e-02,1.371390000000000109e+00,1.371350000000000069e+00,1.371320000000000094e+00,1.371299999999999963e+00,1.371280000000000054e+00,1.371280000000000054e+00,1.371280000000000054e+00,1.371280000000000054e+00,1.371299999999999963e+00,6.968499999999999694e-01,6.968499999999999694e-01,6.968499999999999694e-01,6.968499999999999694e-01,6.968499999999999694e-01,6.968499999999999694e-01,6.968499999999999694e-01,6.968499999999999694e-01,6.968499999999999694e-01,6.968499999999999694e-01,6.968499999999999694e-01,6.968499999999999694e-01,6.968499999999999694e-01,6.968499999999999694e-01,6.968499999999999694e-01,6.968499999999999694e-01,6.968499999999999694e-01,6.968499999999999694e-01,2.763900000000000245e-01,2.764599999999999835e-01,2.764599999999999835e-01,2.764599999999999835e-01,2.764599999999999835e-01,2.764599999999999835e-01,2.764599999999999835e-01,2.764599999999999835e-01,2.764599999999999835e-01,7.735899999999999999e-01,7.735899999999999999e-01,7.735899999999999999e-01,7.735899999999999999e-01,7.735899999999999999e-01,7.735899999999999999e-01,7.735899999999999999e-01,7.735899999999999999e-01,7.735899999999999999e-01,2.763900000000000245e-01,2.764599999999999835e-01,2.764599999999999835e-01,2.764599999999999835e-01,2.764599999999999835e-01,2.764599999999999835e-01,2.764599999999999835e-01,2.764599999999999835e-01,2.764599999999999835e-01,7.735899999999999999e-01,7.735899999999999999e-01,7.735899999999999999e-01,7.735899999999999999e-01,7.735899999999999999e-01,7.735899999999999999e-01,7.735899999999999999e-01,7.735899999999999999e-01,7.735899999999999999e-01
roverR,inf,inf,inf,inf,inf,inf,inf,inf,inf,inf,inf,inf,inf,inf,inf,inf,inf,inf,inf,inf,inf,inf,inf,inf,inf,inf,inf,inf,inf,inf,inf,inf,inf,inf,inf,inf,inf,inf,inf,inf,inf,inf,inf,inf,inf,inf,inf,inf,inf,inf,inf,inf,inf,inf,inf,inf,inf,inf,inf,inf,inf,inf,inf,inf,inf,inf,inf,inf,inf,inf,inf,inf,inf,inf,inf,inf,inf,inf,inf,inf,inf,inf,inf,inf,inf,inf,inf,inf,inf,inf,inf,inf
Results_Name,CpSlice_Wrapper
Results_Timestamp,1788934244
Results_Date,9,9,2026
Results_Time,9,10,44
CpSlice_Case_ID_Vec,NVYYEAC
Num_Cuts,1
