Results_Name,VSPAERO_Wrapper
Results_Timestamp,1789028353
Results_Date,9,10,2026
Results_Time,11,19,13
Analysis_Duration_Sec,1.873699999999999832e+01
ResultsVec,VSPAERO_History,VSPAERO_Polar,VSPAERO_Load,CpSlice_Wrapper
Results_Name,VSPAERO_History
Results_Timestamp,1789028352
Results_Date,9,10,2026
Results_Time,11,19,12
Alpha,1.000000000000000000e+00,1.000000000000000000e+00,1.000000000000000000e+00,1.000000000000000000e+00,1.000000000000000000e+00,1.000000000000000000e+00,1.000000000000000000e+00
Beta,0.000000000000000000e+00,0.000000000000000000e+00,0.000000000000000000e+00,0.000000000000000000e+00,0.000000000000000000e+00,0.000000000000000000e+00,0.000000000000000000e+00
CDi,0.000000000000000000e+00,1.527538534999999973e-03,1.307870446999999988e-03,1.302149387000000030e-03,1.301521534999999959e-03,1.301526187000000018e-03,1.301529428000000078e-03
CDiw,0.000000000000000000e+00,0.000000000000000000e+00,0.000000000000000000e+00,0.000000000000000000e+00,0.000000000000000000e+00,0.000000000000000000e+00,0.000000000000000000e+00
CDo,7.148232806000000272e-03,7.180168389999999970e-03,7.182894807000000242e-03,7.182939200000000232e-03,7.182931051000000268e-03,7.182930784000000034e-03,7.182930813999999914e-03
CDtot,7.148232806000000272e-03,8.707706924999999293e-03,8.490765254000000664e-03,8.485088587000000696e-03,8.484452584999999797e-03,8.484456971000000486e-03,8.484460242000000860e-03
CDwtot,7.148232806000000272e-03,7.180168389999999970e-03,7.182894807000000242e-03,7.182939200000000232e-03,7.182931051000000268e-03,7.182930784000000034e-03,7.182930813999999914e-03
CFxi,0.000000000000000000e+00,2.785896320000000076e-04,7.157937000000000074e-06,4.167219999999999909e-07,-1.862799999999999978e-08,-2.816000000000000202e-09,1.899999999999999901e-10
CFxiw,0.000000000000000000e+00,0.000000000000000000e+00,0.000000000000000000e+00,0.000000000000000000e+00,0.000000000000000000e+00,0.000000000000000000e+00,0.000000000000000000e+00
CFxo,7.149321682000000025e-03,7.181262130999999799e-03,7.183988962999999714e-03,7.184033363000000109e-03,7.184025212999999715e-03,7.184024946000000349e-03,7.184024976000000229e-03
CFxtot,7.149321682000000025e-03,7.459851762000000407e-03,7.191146899999999696e-03,7.184450085999999867e-03,7.184006583999999994e-03,7.184022130000000325e-03,7.184025166000000337e-03
CFxwtot,7.149321682000000025e-03,7.181262130999999799e-03,7.183988962999999714e-03,7.184033363000000109e-03,7.184025212999999715e-03,7.184024946000000349e-03,7.184024976000000229e-03
CFyi,0.000000000000000000e+00,5.983429999999999733e-05,2.824535999999999955e-06,-1.131030000000000037e-07,1.347700000000000051e-08,1.540000000000000110e-10,8.999999999999999617e-12
CFyiw,0.000000000000000000e+00,0.000000000000000000e+00,0.000000000000000000e+00,0.000000000000000000e+00,0.000000000000000000e+00,0.000000000000000000e+00,0.000000000000000000e+00
CFyo,0.000000000000000000e+00,0.000000000000000000e+00,0.000000000000000000e+00,0.000000000000000000e+00,0.000000000000000000e+00,0.000000000000000000e+00,0.000000000000000000e+00
CFytot,0.000000000000000000e+00,5.983429999999999733e-05,2.824535999999999955e-06,-1.131030000000000037e-07,1.347700000000000051e-08,1.540000000000000110e-10,8.999999999999999617e-12
CFywtot,0.000000000000000000e+00,0.000000000000000000e+00,0.000000000000000000e+00,0.000000000000000000e+00,0.000000000000000000e+00,0.000000000000000000e+00,0.000000000000000000e+00
CFzi,0.000000000000000000e+00,7.156556538599999351e-02,7.452918341500000543e-02,7.458757808999999517e-02,7.457654420800000072e-02,7.457590485100000499e-02,7.457591837799999734e-02
CFziw,0.000000000000000000e+00,0.000000000000000000e+00,0.000000000000000000e+00,0.000000000000000000e+00,0.000000000000000000e+00,0.000000000000000000e+00,0.000000000000000000e+00
CFzo,0.000000000000000000e+00,0.000000000000000000e+00,0.000000000000000000e+00,0.000000000000000000e+00,0.000000000000000000e+00,0.000000000000000000e+00,0.000000000000000000e+00
CFztot,0.000000000000000000e+00,7.156556538599999351e-02,7.452918341500000543e-02,7.458757808999999517e-02,7.457654420800000072e-02,7.457590485100000499e-02,7.457591837799999734e-02
CFzwtot,0.000000000000000000e+00,0.000000000000000000e+00,0.000000000000000000e+00,0.000000000000000000e+00,0.000000000000000000e+00,0.000000000000000000e+00,0.000000000000000000e+00
CLi,0.000000000000000000e+00,7.154980354400000686e-02,7.451770733599999419e-02,7.457621076800000082e-02,7.456518616399999966e-02,7.456454662900000030e-02,7.456456010100000198e-02
CLiw,0.000000000000000000e+00,0.000000000000000000e+00,0.000000000000000000e+00,0.000000000000000000e+00,0.000000000000000000e+00,0.000000000000000000e+00,0.000000000000000000e+00
CLo,-1.247728679999999916e-04,-1.253303049999999954e-04,-1.253778950000000042e-04,-1.253786699999999974e-04,-1.253785279999999956e-04,-1.253785229999999885e-04,-1.253785240000000116e-04
CLtot,-1.247728679999999916e-04,7.142447323799999692e-02,7.439232944099999356e-02,7.445083209800000545e-02,7.443980763599999939e-02,7.443916810499999481e-02,7.443918157699999649e-02
CLwtot,-1.247728679999999916e-04,-1.253303049999999954e-04,-1.253778950000000042e-04,-1.253786699999999974e-04,-1.253785279999999956e-04,-1.253785229999999885e-04,-1.253785240000000116e-04
CMxi,0.000000000000000000e+00,-8.495039999999999814e-07,-2.662858000000000060e-06,-1.315880000000000001e-07,-1.053300000000000075e-08,-6.999999999999999609e-10,-1.499999999999999990e-11
CMxo,0.000000000000000000e+00,0.000000000000000000e+00,0.000000000000000000e+00,0.000000000000000000e+00,0.000000000000000000e+00,0.000000000000000000e+00,0.000000000000000000e+00
CMxtot,0.000000000000000000e+00,-8.495039999999999814e-07,-2.662858000000000060e-06,-1.315880000000000001e-07,-1.053300000000000075e-08,-6.999999999999999609e-10,-1.499999999999999990e-11
CMyi,0.000000000000000000e+00,-1.373862239500000040e-02,-1.603851158500000165e-02,-1.604244154500000102e-02,-1.603117821599999923e-02,-1.603058333000000057e-02,-1.603058571200000060e-02
CMyo,8.201728890000000056e-04,8.240500579999999846e-04,8.242757029999999742e-04,8.242939339999999851e-04,8.242938599999999555e-04,8.242938259999999830e-04,8.242938279999999750e-04
CMytot,8.201728890000000056e-04,-1.291457233599999956e-02,-1.521423588200000038e-02,-1.521814761100000017e-02,-1.520688435600000069e-02,-1.520628950300000060e-02,-1.520629188400000019e-02
CMzi,0.000000000000000000e+00,2.689744899999999835e-05,1.307253999999999961e-06,-4.399999999999999695e-08,6.236000000000000386e-09,4.199999999999999714e-11,1.999999999999999960e-12
CMzo,0.000000000000000000e+00,-5.367000000000000181e-09,1.813999999999999940e-09,9.899999999999999417e-11,3.999999999999999920e-12,0.000000000000000000e+00,-0.000000000000000000e+00
CMztot,0.000000000000000000e+00,2.689208200000000034e-05,1.309068000000000059e-06,-4.390099999999999719e-08,6.239999999999999959e-09,4.199999999999999714e-11,1.999999999999999960e-12
CSi,0.000000000000000000e+00,5.983429999999999733e-05,2.824535999999999955e-06,-1.131030000000000037e-07,1.347700000000000051e-08,1.540000000000000110e-10,8.999999999999999617e-12
CSiw,0.000000000000000000e+00,0.000000000000000000e+00,0.000000000000000000e+00,0.000000000000000000e+00,0.000000000000000000e+00,0.000000000000000000e+00,0.000000000000000000e+00
CSo,0.000000000000000000e+00,0.000000000000000000e+00,0.000000000000000000e+00,0.000000000000000000e+00,0.000000000000000000e+00,0.000000000000000000e+00,0.000000000000000000e+00
CStot,0.000000000000000000e+00,5.983429999999999733e-05,2.824535999999999955e-06,-1.131030000000000037e-07,1.347700000000000051e-08,1.540000000000000110e-10,8.999999999999999617e-12
CSwtot,0.000000000000000000e+00,0.000000000000000000e+00,0.000000000000000000e+00,0.000000000000000000e+00,0.000000000000000000e+00,0.000000000000000000e+00,0.000000000000000000e+00
E,0.000000000000000000e+00,3.555933898679999872e-01,4.504879781539999906e-01,4.531779579499999877e-01,4.532625290549999741e-01,4.532531338399999887e-01,4.532521688899999734e-01
Ew,0.000000000000000000e+00,0.000000000000000000e+00,0.000000000000000000e+00,0.000000000000000000e+00,0.000000000000000000e+00,0.000000000000000000e+00,0.000000000000000000e+00
FC_AoA_,1.000000000000000000e+00
FC_Beta_,0.000000000000000000e+00
FC_Bref_,3.236999999999999744e+01
FC_Cref_,1.438667000000000051e+01
FC_Mach_,1.199999999999999956e+00
FC_Pitch_Rate,0.000000000000000000e+00
FC_ReCref_,1.000000000000000000e+07
FC_Rho_,2.377000000000000206e-03
FC_Roll__Rate,0.000000000000000000e+00
FC_Sref_,3.492722999999999729e+02
FC_Vinf_,1.000000000000000000e+02
FC_Xcg_,2.955000000000000071e+01
FC_Yaw___Rate,0.000000000000000000e+00
FC_Ycg_,0.000000000000000000e+00
FC_Zcg_,0.000000000000000000e+00
L/D,0.000000000000000000e+00,8.216836437290000461e+00,8.776324054270000730e+00,8.789090414602000578e+00,8.788449863269999440e+00,8.788369943322999589e+00,8.788368142535999183e+00
L/Dw,0.000000000000000000e+00,0.000000000000000000e+00,0.000000000000000000e+00,0.000000000000000000e+00,0.000000000000000000e+00,0.000000000000000000e+00,0.000000000000000000e+00
Mach,1.199999999999999956e+00,1.199999999999999956e+00,1.199999999999999956e+00,1.199999999999999956e+00,1.199999999999999956e+00,1.199999999999999956e+00,1.199999999999999956e+00
T/QS,0.000000000000000000e+00,0.000000000000000000e+00,0.000000000000000000e+00,0.000000000000000000e+00,0.000000000000000000e+00,0.000000000000000000e+00,0.000000000000000000e+00
WakeIter,1,2,3,4,5,6,7
WallTime,1.063000000001999901e+00,3.418000000005000150e+00,5.715000000004000213e+00,7.741000000001999837e+00,9.598000000004999421e+00,1.162400000000300082e+01,1.368500000000499917e+01
log10( L2Residual ),-2.117532928939999948e-01,-1.692805215850000100e-01,-1.168026738200000025e+00,-2.356373983440000153e+00,-3.371639042940000053e+00,-4.285611045612999881e+00,-5.433357091226000080e+00
log10( MaxResidual ),2.418553184230000097e-01,1.121927735007999916e+00,2.246164102669999940e-01,-8.077331948199999445e-01,-1.906653960621000010e+00,-2.908679028784999954e+00,-4.044376397984000171e+00
Results_Name,VSPAERO_Polar
Results_Timestamp,1789028352
Results_Date,9,10,2026
Results_Time,11,19,12
Alpha,1.000000000000000000e+00
Beta,0.000000000000000000e+00
CDi,1.301529428000000078e-03
CDiw,0.000000000000000000e+00
CDo,7.182930813999999914e-03
CDtot,8.484460242000000860e-03
CDwtot,7.182930813999999914e-03
CFix,1.899999999999999901e-10
CFiy,8.999999999999999617e-12
CFiz,7.457591837799999734e-02
CFox,7.184024976000000229e-03
CFoy,0.000000000000000000e+00
CFoz,0.000000000000000000e+00
CFxtot,7.184025166000000337e-03
CFytot,8.999999999999999617e-12
CFztot,7.457591837799999734e-02
CLi,7.456456010100000198e-02
CLiw,0.000000000000000000e+00
CLo,-1.253785240000000116e-04
CLtot,7.443918157699999649e-02
CLwtot,-1.253785240000000116e-04
CMix,-1.499999999999999990e-11
CMiy,-1.603058571200000060e-02
CMiz,1.999999999999999960e-12
CMox,0.000000000000000000e+00
CMoy,8.242938279999999750e-04
CMoz,-0.000000000000000000e+00
CMxtot,-1.499999999999999990e-11
CMytot,-1.520629188400000019e-02
CMztot,1.999999999999999960e-12
CSi,8.999999999999999617e-12
CSiw,0.000000000000000000e+00
CSo,0.000000000000000000e+00
CStot,8.999999999999999617e-12
CSwtot,0.000000000000000000e+00
E,4.517291850440000034e-01
Ew,4.517291850440000034e-01
L_D,8.773590711780000717e+00
L_Dw,8.773590711780000717e+00
Mach,1.199999999999999956e+00
Re_1e6,1.000000000000000000e+01
StallFactor,1.000000000000000000e+00
Results_Name,VSPAERO_Load
Results_Timestamp,1789028352
Results_Date,9,10,2026
Results_Time,11,19,12
Angle ,0.000000000000000000e+00,0.000000000000000000e+00,0.000000000000000000e+00,0.000000000000000000e+00,0.000000000000000000e+00,0.000000000000000000e+00,0.000000000000000000e+00,0.000000000000000000e+00,0.000000000000000000e+00,0.000000000000000000e+00,0.000000000000000000e+00,0.000000000000000000e+00,0.000000000000000000e+00,0.000000000000000000e+00,0.000000000000000000e+00,0.000000000000000000e+00,0.000000000000000000e+00,0.000000000000000000e+00,0.000000000000000000e+00,0.000000000000000000e+00,0.000000000000000000e+00,0.000000000000000000e+00,0.000000000000000000e+00,0.000000000000000000e+00,0.000000000000000000e+00,0.000000000000000000e+00,0.000000000000000000e+00,0.000000000000000000e+00,0.000000000000000000e+00,0.000000000000000000e+00,0.000000000000000000e+00,0.000000000000000000e+00,0.000000000000000000e+00,0.000000000000000000e+00,0.000000000000000000e+00,0.000000000000000000e+00,0.000000000000000000e+00,0.000000000000000000e+00,0.000000000000000000e+00,0.000000000000000000e+00,0.000000000000000000e+00,0.000000000000000000e+00,0.000000000000000000e+00,0.000000000000000000e+00,0.000000000000000000e+00,0.000000000000000000e+00,0.000000000000000000e+00,0.000000000000000000e+00,0.000000000000000000e+00,0.000000000000000000e+00,0.000000000000000000e+00,0.000000000000000000e+00,0.000000000000000000e+00,0.000000000000000000e+00,0.000000000000000000e+00,0.000000000000000000e+00,0.000000000000000000e+00,0.000000000000000000e+00,0.000000000000000000e+00,0.000000000000000000e+00,0.000000000000000000e+00,0.000000000000000000e+00,0.000000000000000000e+00,0.000000000000000000e+00,0.000000000000000000e+00,0.000000000000000000e+00
CP,0.000000000000000000e+00,0.000000000000000000e+00,0.000000000000000000e+00,0.000000000000000000e+00,0.000000000000000000e+00,0.000000000000000000e+00,0.000000000000000000e+00,0.000000000000000000e+00,0.000000000000000000e+00,0.000000000000000000e+00,0.000000000000000000e+00,0.000000000000000000e+00,0.000000000000000000e+00,0.000000000000000000e+00,0.000000000000000000e+00,0.000000000000000000e+00,0.000000000000000000e+00,0.000000000000000000e+00,0.000000000000000000e+00,0.000000000000000000e+00,0.000000000000000000e+00,0.000000000000000000e+00,0.000000000000000000e+00,0.000000000000000000e+00,0.000000000000000000e+00,0.000000000000000000e+00,0.000000000000000000e+00,0.000000000000000000e+00,0.000000000000000000e+00,0.000000000000000000e+00,0.000000000000000000e+00,0.000000000000000000e+00,0.000000000000000000e+00,0.000000000000000000e+00,0.000000000000000000e+00,0.000000000000000000e+00,0.000000000000000000e+00,0.000000000000000000e+00,0.000000000000000000e+00,0.000000000000000000e+00,0.000000000000000000e+00,0.000000000000000000e+00,0.000000000000000000e+00,0.000000000000000000e+00,0.000000000000000000e+00,0.000000000000000000e+00,0.000000000000000000e+00,0.000000000000000000e+00,0.000000000000000000e+00,0.000000000000000000e+00,0.000000000000000000e+00,0.000000000000000000e+00,0.000000000000000000e+00,0.000000000000000000e+00,0.000000000000000000e+00,0.000000000000000000e+00,0.000000000000000000e+00,0.000000000000000000e+00,0.000000000000000000e+00,0.000000000000000000e+00,0.000000000000000000e+00,0.000000000000000000e+00,0.000000000000000000e+00,0.000000000000000000e+00,0.000000000000000000e+00,0.000000000000000000e+00
CP_h,0.000000000000000000e+00,0.000000000000000000e+00,0.000000000000000000e+00,0.000000000000000000e+00,0.000000000000000000e+00,0.000000000000000000e+00,0.000000000000000000e+00,0.000000000000000000e+00,0.000000000000000000e+00,0.000000000000000000e+00,0.000000000000000000e+00,0.000000000000000000e+00,0.000000000000000000e+00,0.000000000000000000e+00,0.000000000000000000e+00,0.000000000000000000e+00,0.000000000000000000e+00,0.000000000000000000e+00,0.000000000000000000e+00,0.000000000000000000e+00,0.000000000000000000e+00,0.000000000000000000e+00,0.000000000000000000e+00,0.000000000000000000e+00,0.000000000000000000e+00,0.000000000000000000e+00,0.000000000000000000e+00,0.000000000000000000e+00,0.000000000000000000e+00,0.000000000000000000e+00,0.000000000000000000e+00,0.000000000000000000e+00,0.000000000000000000e+00,0.000000000000000000e+00,0.000000000000000000e+00,0.000000000000000000e+00,0.000000000000000000e+00,0.000000000000000000e+00,0.000000000000000000e+00,0.000000000000000000e+00,0.000000000000000000e+00,0.000000000000000000e+00,0.000000000000000000e+00,0.000000000000000000e+00,0.000000000000000000e+00,0.000000000000000000e+00,0.000000000000000000e+00,0.000000000000000000e+00,0.000000000000000000e+00,0.000000000000000000e+00,0.000000000000000000e+00,0.000000000000000000e+00,0.000000000000000000e+00,0.000000000000000000e+00,0.000000000000000000e+00,0.000000000000000000e+00,0.000000000000000000e+00,0.000000000000000000e+00,0.000000000000000000e+00,0.000000000000000000e+00,0.000000000000000000e+00,0.000000000000000000e+00,0.000000000000000000e+00,0.000000000000000000e+00,0.000000000000000000e+00,0.000000000000000000e+00
CQ,0.000000000000000000e+00,0.000000000000000000e+00,0.000000000000000000e+00,0.000000000000000000e+00,0.000000000000000000e+00,0.000000000000000000e+00,0.000000000000000000e+00,0.000000000000000000e+00,0.000000000000000000e+00,0.000000000000000000e+00,0.000000000000000000e+00,0.000000000000000000e+00,0.000000000000000000e+00,0.000000000000000000e+00,0.000000000000000000e+00,0.000000000000000000e+00,0.000000000000000000e+00,0.000000000000000000e+00,0.000000000000000000e+00,0.000000000000000000e+00,0.000000000000000000e+00,0.000000000000000000e+00,0.000000000000000000e+00,0.000000000000000000e+00,0.000000000000000000e+00,0.000000000000000000e+00,0.000000000000000000e+00,0.000000000000000000e+00,0.000000000000000000e+00,0.000000000000000000e+00,0.000000000000000000e+00,0.000000000000000000e+00,0.000000000000000000e+00,0.000000000000000000e+00,0.000000000000000000e+00,0.000000000000000000e+00,0.000000000000000000e+00,0.000000000000000000e+00,0.000000000000000000e+00,0.000000000000000000e+00,0.000000000000000000e+00,0.000000000000000000e+00,0.000000000000000000e+00,0.000000000000000000e+00,0.000000000000000000e+00,0.000000000000000000e+00,0.000000000000000000e+00,0.000000000000000000e+00,0.000000000000000000e+00,0.000000000000000000e+00,0.000000000000000000e+00,0.000000000000000000e+00,0.000000000000000000e+00,0.000000000000000000e+00,0.000000000000000000e+00,0.000000000000000000e+00,0.000000000000000000e+00,0.000000000000000000e+00,0.000000000000000000e+00,0.000000000000000000e+00,0.000000000000000000e+00,0.000000000000000000e+00,0.000000000000000000e+00,0.000000000000000000e+00,0.000000000000000000e+00,0.000000000000000000e+00
CQ_h,0.000000000000000000e+00,0.000000000000000000e+00,0.000000000000000000e+00,0.000000000000000000e+00,0.000000000000000000e+00,0.000000000000000000e+00,0.000000000000000000e+00,0.000000000000000000e+00,0.000000000000000000e+00,0.000000000000000000e+00,0.000000000000000000e+00,0.000000000000000000e+00,0.000000000000000000e+00,0.000000000000000000e+00,0.000000000000000000e+00,0.000000000000000000e+00,0.000000000000000000e+00,0.000000000000000000e+00,0.000000000000000000e+00,0.000000000000000000e+00,0.000000000000000000e+00,0.000000000000000000e+00,0.000000000000000000e+00,0.000000000000000000e+00,0.000000000000000000e+00,0.000000000000000000e+00,0.000000000000000000e+00,0.000000000000000000e+00,0.000000000000000000e+00,0.000000000000000000e+00,0.000000000000000000e+00,0.000000000000000000e+00,0.000000000000000000e+00,0.000000000000000000e+00,0.000000000000000000e+00,0.000000000000000000e+00,0.000000000000000000e+00,0.000000000000000000e+00,0.000000000000000000e+00,0.000000000000000000e+00,0.000000000000000000e+00,0.000000000000000000e+00,0.000000000000000000e+00,0.000000000000000000e+00,0.000000000000000000e+00,0.000000000000000000e+00,0.000000000000000000e+00,0.000000000000000000e+00,0.000000000000000000e+00,0.000000000000000000e+00,0.000000000000000000e+00,0.000000000000000000e+00,0.000000000000000000e+00,0.000000000000000000e+00,0.000000000000000000e+00,0.000000000000000000e+00,0.000000000000000000e+00,0.000000000000000000e+00,0.000000000000000000e+00,0.000000000000000000e+00,0.000000000000000000e+00,0.000000000000000000e+00,0.000000000000000000e+00,0.000000000000000000e+00,0.000000000000000000e+00,0.000000000000000000e+00
CT,0.000000000000000000e+00,0.000000000000000000e+00,0.000000000000000000e+00,0.000000000000000000e+00,0.000000000000000000e+00,0.000000000000000000e+00,0.000000000000000000e+00,0.000000000000000000e+00,0.000000000000000000e+00,0.000000000000000000e+00,0.000000000000000000e+00,0.000000000000000000e+00,0.000000000000000000e+00,0.000000000000000000e+00,0.000000000000000000e+00,0.000000000000000000e+00,0.000000000000000000e+00,0.000000000000000000e+00,0.000000000000000000e+00,0.000000000000000000e+00,0.000000000000000000e+00,0.000000000000000000e+00,0.000000000000000000e+00,0.000000000000000000e+00,0.000000000000000000e+00,0.000000000000000000e+00,0.000000000000000000e+00,0.000000000000000000e+00,0.000000000000000000e+00,0.000000000000000000e+00,0.000000000000000000e+00,0.000000000000000000e+00,0.000000000000000000e+00,0.000000000000000000e+00,0.000000000000000000e+00,0.000000000000000000e+00,0.000000000000000000e+00,0.000000000000000000e+00,0.000000000000000000e+00,0.000000000000000000e+00,0.000000000000000000e+00,0.000000000000000000e+00,0.000000000000000000e+00,0.000000000000000000e+00,0.000000000000000000e+00,0.000000000000000000e+00,0.000000000000000000e+00,0.000000000000000000e+00,0.000000000000000000e+00,0.000000000000000000e+00,0.000000000000000000e+00,0.000000000000000000e+00,0.000000000000000000e+00,0.000000000000000000e+00,0.000000000000000000e+00,0.000000000000000000e+00,0.000000000000000000e+00,0.000000000000000000e+00,0.000000000000000000e+00,0.000000000000000000e+00,0.000000000000000000e+00,0.000000000000000000e+00,0.000000000000000000e+00,0.000000000000000000e+00,0.000000000000000000e+00,0.000000000000000000e+00
CT_h,0.000000000000000000e+00,0.000000000000000000e+00,0.000000000000000000e+00,0.000000000000000000e+00,0.000000000000000000e+00,0.000000000000000000e+00,0.000000000000000000e+00,0.000000000000000000e+00,0.000000000000000000e+00,0.000000000000000000e+00,0.000000000000000000e+00,0.000000000000000000e+00,0.000000000000000000e+00,0.000000000000000000e+00,0.000000000000000000e+00,0.000000000000000000e+00,0.000000000000000000e+00,0.000000000000000000e+00,0.000000000000000000e+00,0.000000000000000000e+00,0.000000000000000000e+00,0.000000000000000000e+00,0.000000000000000000e+00,0.000000000000000000e+00,0.000000000000000000e+00,0.000000000000000000e+00,0.000000000000000000e+00,0.000000000000000000e+00,0.000000000000000000e+00,0.000000000000000000e+00,0.000000000000000000e+00,0.000000000000000000e+00,0.000000000000000000e+00,0.000000000000000000e+00,0.000000000000000000e+00,0.000000000000000000e+00,0.000000000000000000e+00,0.000000000000000000e+00,0.000000000000000000e+00,0.000000000000000000e+00,0.000000000000000000e+00,0.000000000000000000e+00,0.000000000000000000e+00,0.000000000000000000e+00,0.000000000000000000e+00,0.000000000000000000e+00,0.000000000000000000e+00,0.000000000000000000e+00,0.000000000000000000e+00,0.000000000000000000e+00,0.000000000000000000e+00,0.000000000000000000e+00,0.000000000000000000e+00,0.000000000000000000e+00,0.000000000000000000e+00,0.000000000000000000e+00,0.000000000000000000e+00,0.000000000000000000e+00,0.000000000000000000e+00,0.000000000000000000e+00,0.000000000000000000e+00,0.000000000000000000e+00,0.000000000000000000e+00,0.000000000000000000e+00,0.000000000000000000e+00,0.000000000000000000e+00
Chord,3.739110000000000156e+00,6.089409999999999989e+00,8.439700000000000202e+00,1.078999999999999915e+01,1.314029999999999987e+01,1.549058999999999919e+01,1.784089000000000169e+01,2.019118999999999886e+01,2.019118999999999886e+01,1.784089000000000169e+01,1.549058999999999919e+01,1.314029999999999987e+01,1.078999999999999915e+01,8.439700000000000202e+00,6.089409999999999989e+00,3.739110000000000156e+00,2.004440000000000222e+00,2.313330000000000108e+00,2.622219999999999995e+00,2.931109999999999882e+00,3.240000000000000213e+00,3.548890000000000100e+00,3.857779999999999987e+00,4.166669999999999874e+00,4.475559999999999761e+00,4.475559999999999761e+00,4.166669999999999874e+00,3.857779999999999987e+00,3.548890000000000100e+00,3.240000000000000213e+00,2.931109999999999882e+00,2.622219999999999995e+00,2.313330000000000108e+00,2.004440000000000222e+00,7.485149999999999970e+00,6.613859999999999850e+00,5.742569999999999730e+00,4.871290000000000120e+00,4.000000000000000000e+00,3.128709999999999880e+00,2.257429999999999826e+00,1.386139999999999928e+00,7.485149999999999970e+00,6.613859999999999850e+00,5.742569999999999730e+00,4.871290000000000120e+00,4.000000000000000000e+00,3.128709999999999880e+00,2.257429999999999826e+00,1.386139999999999928e+00,7.485149999999999970e+00,6.613859999999999850e+00,5.742569999999999730e+00,4.871290000000000120e+00,4.000000000000000000e+00,3.128709999999999880e+00,2.257429999999999826e+00,1.386139999999999928e+00,7.485149999999999970e+00,6.613859999999999850e+00,5.742569999999999730e+00,4.871290000000000120e+00,4.000000000000000000e+00,3.128709999999999880e+00,2.257429999999999826e+00,1.386139999999999928e+00
Diameter,0.000000000000000000e+00,0.000000000000000000e+00,0.000000000000000000e+00,0.000000000000000000e+00,0.000000000000000000e+00,0.000000000000000000e+00,0.000000000000000000e+00,0.000000000000000000e+00,0.000000000000000000e+00,0.000000000000000000e+00,0.000000000000000000e+00,0.000000000000000000e+00,0.000000000000000000e+00,0.000000000000000000e+00,0.000000000000000000e+00,0.000000000000000000e+00,0.000000000000000000e+00,0.000000000000000000e+00,0.000000000000000000e+00,0.000000000000000000e+00,0.000000000000000000e+00,0.000000000000000000e+00,0.000000000000000000e+00,0.000000000000000000e+00,0.000000000000000000e+00,0.000000000000000000e+00,0.000000000000000000e+00,0.000000000000000000e+00,0.000000000000000000e+00,0.000000000000000000e+00,0.000000000000000000e+00,0.000000000000000000e+00,0.000000000000000000e+00,0.000000000000000000e+00,0.000000000000000000e+00,0.000000000000000000e+00,0.000000000000000000e+00,0.000000000000000000e+00,0.000000000000000000e+00,0.000000000000000000e+00,0.000000000000000000e+00,0.000000000000000000e+00,0.000000000000000000e+00,0.000000000000000000e+00,0.000000000000000000e+00,0.000000000000000000e+00,0.000000000000000000e+00,0.000000000000000000e+00,0.000000000000000000e+00,0.000000000000000000e+00,0.000000000000000000e+00,0.000000000000000000e+00,0.000000000000000000e+00,0.000000000000000000e+00,0.000000000000000000e+00,0.000000000000000000e+00,0.000000000000000000e+00,0.000000000000000000e+00,0.000000000000000000e+00,0.000000000000000000e+00,0.000000000000000000e+00,0.000000000000000000e+00,0.000000000000000000e+00,0.000000000000000000e+00,0.000000000000000000e+00,0.000000000000000000e+00
ETAP,0.000000000000000000e+00,0.000000000000000000e+00,0.000000000000000000e+00,0.000000000000000000e+00,0.000000000000000000e+00,0.000000000000000000e+00,0.000000000000000000e+00,0.000000000000000000e+00,0.000000000000000000e+00,0.000000000000000000e+00,0.000000000000000000e+00,0.000000000000000000e+00,0.000000000000000000e+00,0.000000000000000000e+00,0.000000000000000000e+00,0.000000000000000000e+00,0.000000000000000000e+00,0.000000000000000000e+00,0.000000000000000000e+00,0.000000000000000000e+00,0.000000000000000000e+00,0.000000000000000000e+00,0.000000000000000000e+00,0.000000000000000000e+00,0.000000000000000000e+00,0.000000000000000000e+00,0.000000000000000000e+00,0.000000000000000000e+00,0.000000000000000000e+00,0.000000000000000000e+00,0.000000000000000000e+00,0.000000000000000000e+00,0.000000000000000000e+00,0.000000000000000000e+00,0.000000000000000000e+00,0.000000000000000000e+00,0.000000000000000000e+00,0.000000000000000000e+00,0.000000000000000000e+00,0.000000000000000000e+00,0.000000000000000000e+00,0.000000000000000000e+00,0.000000000000000000e+00,0.000000000000000000e+00,0.000000000000000000e+00,0.000000000000000000e+00,0.000000000000000000e+00,0.000000000000000000e+00,0.000000000000000000e+00,0.000000000000000000e+00,0.000000000000000000e+00,0.000000000000000000e+00,0.000000000000000000e+00,0.000000000000000000e+00,0.000000000000000000e+00,0.000000000000000000e+00,0.000000000000000000e+00,0.000000000000000000e+00,0.000000000000000000e+00,0.000000000000000000e+00,0.000000000000000000e+00,0.000000000000000000e+00,0.000000000000000000e+00,0.000000000000000000e+00,0.000000000000000000e+00,0.000000000000000000e+00
FC_AoA_,1.000000000000000000e+00
FC_Beta_,0.000000000000000000e+00
FC_Bref_,3.236999999999999744e+01
FC_Cref_,1.438667000000000051e+01
FC_Mach_,1.199999999999999956e+00
FC_Pitch_Rate,0.000000000000000000e+00
FC_Rho_,2.377000000000000206e-03
FC_Roll__Rate,0.000000000000000000e+00
FC_Sref_,3.492722999999999729e+02
FC_Vinf_,1.000000000000000000e+02
FC_Xcg_,2.955000000000000071e+01
FC_Yaw___Rate,0.000000000000000000e+00
FC_Ycg_,0.000000000000000000e+00
FC_Zcg_,0.000000000000000000e+00
FOM,0.000000000000000000e+00,0.000000000000000000e+00,0.000000000000000000e+00,0.000000000000000000e+00,0.000000000000000000e+00,0.000000000000000000e+00,0.000000000000000000e+00,0.000000000000000000e+00,0.000000000000000000e+00,0.000000000000000000e+00,0.000000000000000000e+00,0.000000000000000000e+00,0.000000000000000000e+00,0.000000000000000000e+00,0.000000000000000000e+00,0.000000000000000000e+00,0.000000000000000000e+00,0.000000000000000000e+00,0.000000000000000000e+00,0.000000000000000000e+00,0.000000000000000000e+00,0.000000000000000000e+00,0.000000000000000000e+00,0.000000000000000000e+00,0.000000000000000000e+00,0.000000000000000000e+00,0.000000000000000000e+00,0.000000000000000000e+00,0.000000000000000000e+00,0.000000000000000000e+00,0.000000000000000000e+00,0.000000000000000000e+00,0.000000000000000000e+00,0.000000000000000000e+00,0.000000000000000000e+00,0.000000000000000000e+00,0.000000000000000000e+00,0.000000000000000000e+00,0.000000000000000000e+00,0.000000000000000000e+00,0.000000000000000000e+00,0.000000000000000000e+00,0.000000000000000000e+00,0.000000000000000000e+00,0.000000000000000000e+00,0.000000000000000000e+00,0.000000000000000000e+00,0.000000000000000000e+00,0.000000000000000000e+00,0.000000000000000000e+00,0.000000000000000000e+00,0.000000000000000000e+00,0.000000000000000000e+00,0.000000000000000000e+00,0.000000000000000000e+00,0.000000000000000000e+00,0.000000000000000000e+00,0.000000000000000000e+00,0.000000000000000000e+00,0.000000000000000000e+00,0.000000000000000000e+00,0.000000000000000000e+00,0.000000000000000000e+00,0.000000000000000000e+00,0.000000000000000000e+00,0.000000000000000000e+00
IsARotor,0,0,0,0,0,0,0,0,0,0,0,0,0,0,0,0,0,0,0,0,0,0,0,0,0,0,0,0,0,0,0,0,0,0,0,0,0,0,0,0,0,0,0,0,0,0,0,0,0,0,0,0,0,0,0,0,0,0,0,0,0,0,0,0,0,0
Iter,7,7,7,7,7,7,7,7,7,7,7,7,7,7,7,7,7,7,7,7,7,7,7,7,7,7,7,7,7,7,7,7,7,7,7,7,7,7,7,7,7,7,7,7,7,7,7,7,7,7,7,7,7,7,7,7,7,7,7,7,7,7,7,7,7,7
J,0.000000000000000000e+00,0.000000000000000000e+00,0.000000000000000000e+00,0.000000000000000000e+00,0.000000000000000000e+00,0.000000000000000000e+00,0.000000000000000000e+00,0.000000000000000000e+00,0.000000000000000000e+00,0.000000000000000000e+00,0.000000000000000000e+00,0.000000000000000000e+00,0.000000000000000000e+00,0.000000000000000000e+00,0.000000000000000000e+00,0.000000000000000000e+00,0.000000000000000000e+00,0.000000000000000000e+00,0.000000000000000000e+00,0.000000000000000000e+00,0.000000000000000000e+00,0.000000000000000000e+00,0.000000000000000000e+00,0.000000000000000000e+00,0.000000000000000000e+00,0.000000000000000000e+00,0.000000000000000000e+00,0.000000000000000000e+00,0.000000000000000000e+00,0.000000000000000000e+00,0.000000000000000000e+00,0.000000000000000000e+00,0.000000000000000000e+00,0.000000000000000000e+00,0.000000000000000000e+00,0.000000000000000000e+00,0.000000000000000000e+00,0.000000000000000000e+00,0.000000000000000000e+00,0.000000000000000000e+00,0.000000000000000000e+00,0.000000000000000000e+00,0.000000000000000000e+00,0.000000000000000000e+00,0.000000000000000000e+00,0.000000000000000000e+00,0.000000000000000000e+00,0.000000000000000000e+00,0.000000000000000000e+00,0.000000000000000000e+00,0.000000000000000000e+00,0.000000000000000000e+00,0.000000000000000000e+00,0.000000000000000000e+00,0.000000000000000000e+00,0.000000000000000000e+00,0.000000000000000000e+00,0.000000000000000000e+00,0.000000000000000000e+00,0.000000000000000000e+00,0.000000000000000000e+00,0.000000000000000000e+00,0.000000000000000000e+00,0.000000000000000000e+00,0.000000000000000000e+00,0.000000000000000000e+00
Moment,0.000000000000000000e+00,0.000000000000000000e+00,0.000000000000000000e+00,0.000000000000000000e+00,0.000000000000000000e+00,0.000000000000000000e+00,0.000000000000000000e+00,0.000000000000000000e+00,0.000000000000000000e+00,0.000000000000000000e+00,0.000000000000000000e+00,0.000000000000000000e+00,0.000000000000000000e+00,0.000000000000000000e+00,0.000000000000000000e+00,0.000000000000000000e+00,0.000000000000000000e+00,0.000000000000000000e+00,0.000000000000000000e+00,0.000000000000000000e+00,0.000000000000000000e+00,0.000000000000000000e+00,0.000000000000000000e+00,0.000000000000000000e+00,0.000000000000000000e+00,0.000000000000000000e+00,0.000000000000000000e+00,0.000000000000000000e+00,0.000000000000000000e+00,0.000000000000000000e+00,0.000000000000000000e+00,0.000000000000000000e+00,0.000000000000000000e+00,0.000000000000000000e+00,0.000000000000000000e+00,0.000000000000000000e+00,0.000000000000000000e+00,0.000000000000000000e+00,0.000000000000000000e+00,0.000000000000000000e+00,0.000000000000000000e+00,0.000000000000000000e+00,0.000000000000000000e+00,0.000000000000000000e+00,0.000000000000000000e+00,0.000000000000000000e+00,0.000000000000000000e+00,0.000000000000000000e+00,0.000000000000000000e+00,0.000000000000000000e+00,0.000000000000000000e+00,0.000000000000000000e+00,0.000000000000000000e+00,0.000000000000000000e+00,0.000000000000000000e+00,0.000000000000000000e+00,0.000000000000000000e+00,0.000000000000000000e+00,0.000000000000000000e+00,0.000000000000000000e+00,0.000000000000000000e+00,0.000000000000000000e+00,0.000000000000000000e+00,0.000000000000000000e+00,0.000000000000000000e+00,0.000000000000000000e+00
Momenti,0.000000000000000000e+00,0.000000000000000000e+00,0.000000000000000000e+00,0.000000000000000000e+00,0.000000000000000000e+00,0.000000000000000000e+00,0.000000000000000000e+00,0.000000000000000000e+00,0.000000000000000000e+00,0.000000000000000000e+00,0.000000000000000000e+00,0.000000000000000000e+00,0.000000000000000000e+00,0.000000000000000000e+00,0.000000000000000000e+00,0.000000000000000000e+00,0.000000000000000000e+00,0.000000000000000000e+00,0.000000000000000000e+00,0.000000000000000000e+00,0.000000000000000000e+00,0.000000000000000000e+00,0.000000000000000000e+00,0.000000000000000000e+00,0.000000000000000000e+00,0.000000000000000000e+00,0.000000000000000000e+00,0.000000000000000000e+00,0.000000000000000000e+00,0.000000000000000000e+00,0.000000000000000000e+00,0.000000000000000000e+00,0.000000000000000000e+00,0.000000000000000000e+00,0.000000000000000000e+00,0.000000000000000000e+00,0.000000000000000000e+00,0.000000000000000000e+00,0.000000000000000000e+00,0.000000000000000000e+00,0.000000000000000000e+00,0.000000000000000000e+00,0.000000000000000000e+00,0.000000000000000000e+00,0.000000000000000000e+00,0.000000000000000000e+00,0.000000000000000000e+00,0.000000000000000000e+00,0.000000000000000000e+00,0.000000000000000000e+00,0.000000000000000000e+00,0.000000000000000000e+00,0.000000000000000000e+00,0.000000000000000000e+00,0.000000000000000000e+00,0.000000000000000000e+00,0.000000000000000000e+00,0.000000000000000000e+00,0.000000000000000000e+00,0.000000000000000000e+00,0.000000000000000000e+00,0.000000000000000000e+00,0.000000000000000000e+00,0.000000000000000000e+00,0.000000000000000000e+00,0.000000000000000000e+00
Momento,0.000000000000000000e+00,0.000000000000000000e+00,0.000000000000000000e+00,0.000000000000000000e+00,0.000000000000000000e+00,0.000000000000000000e+00,0.000000000000000000e+00,0.000000000000000000e+00,0.000000000000000000e+00,0.000000000000000000e+00,0.000000000000000000e+00,0.000000000000000000e+00,0.000000000000000000e+00,0.000000000000000000e+00,0.000000000000000000e+00,0.000000000000000000e+00,0.000000000000000000e+00,0.000000000000000000e+00,0.000000000000000000e+00,0.000000000000000000e+00,0.000000000000000000e+00,0.000000000000000000e+00,0.000000000000000000e+00,0.000000000000000000e+00,0.000000000000000000e+00,0.000000000000000000e+00,0.000000000000000000e+00,0.000000000000000000e+00,0.000000000000000000e+00,0.000000000000000000e+00,0.000000000000000000e+00,0.000000000000000000e+00,0.000000000000000000e+00,0.000000000000000000e+00,0.000000000000000000e+00,0.000000000000000000e+00,0.000000000000000000e+00,0.000000000000000000e+00,0.000000000000000000e+00,0.000000000000000000e+00,0.000000000000000000e+00,0.000000000000000000e+00,0.000000000000000000e+00,0.000000000000000000e+00,0.000000000000000000e+00,0.000000000000000000e+00,0.000000000000000000e+00,0.000000000000000000e+00,0.000000000000000000e+00,0.000000000000000000e+00,0.000000000000000000e+00,0.000000000000000000e+00,0.000000000000000000e+00,0.000000000000000000e+00,0.000000000000000000e+00,0.000000000000000000e+00,0.000000000000000000e+00,0.000000000000000000e+00,0.000000000000000000e+00,0.000000000000000000e+00,0.000000000000000000e+00,0.000000000000000000e+00,0.000000000000000000e+00,0.000000000000000000e+00,0.000000000000000000e+00,0.000000000000000000e+00
Power,0.000000000000000000e+00,0.000000000000000000e+00,0.000000000000000000e+00,0.000000000000000000e+00,0.000000000000000000e+00,0.000000000000000000e+00,0.000000000000000000e+00,0.000000000000000000e+00,0.000000000000000000e+00,0.000000000000000000e+00,0.000000000000000000e+00,0.000000000000000000e+00,0.000000000000000000e+00,0.000000000000000000e+00,0.000000000000000000e+00,0.000000000000000000e+00,0.000000000000000000e+00,0.000000000000000000e+00,0.000000000000000000e+00,0.000000000000000000e+00,0.000000000000000000e+00,0.000000000000000000e+00,0.000000000000000000e+00,0.000000000000000000e+00,0.000000000000000000e+00,0.000000000000000000e+00,0.000000000000000000e+00,0.000000000000000000e+00,0.000000000000000000e+00,0.000000000000000000e+00,0.000000000000000000e+00,0.000000000000000000e+00,0.000000000000000000e+00,0.000000000000000000e+00,0.000000000000000000e+00,0.000000000000000000e+00,0.000000000000000000e+00,0.000000000000000000e+00,0.000000000000000000e+00,0.000000000000000000e+00,0.000000000000000000e+00,0.000000000000000000e+00,0.000000000000000000e+00,0.000000000000000000e+00,0.000000000000000000e+00,0.000000000000000000e+00,0.000000000000000000e+00,0.000000000000000000e+00,0.000000000000000000e+00,0.000000000000000000e+00,0.000000000000000000e+00,0.000000000000000000e+00,0.000000000000000000e+00,0.000000000000000000e+00,0.000000000000000000e+00,0.000000000000000000e+00,0.000000000000000000e+00,0.000000000000000000e+00,0.000000000000000000e+00,0.000000000000000000e+00,0.000000000000000000e+00,0.000000000000000000e+00,0.000000000000000000e+00,0.000000000000000000e+00,0.000000000000000000e+00,0.000000000000000000e+00
Poweri,0.000000000000000000e+00,0.000000000000000000e+00,0.000000000000000000e+00,0.000000000000000000e+00,0.000000000000000000e+00,0.000000000000000000e+00,0.000000000000000000e+00,0.000000000000000000e+00,0.000000000000000000e+00,0.000000000000000000e+00,0.000000000000000000e+00,0.000000000000000000e+00,0.000000000000000000e+00,0.000000000000000000e+00,0.000000000000000000e+00,0.000000000000000000e+00,0.000000000000000000e+00,0.000000000000000000e+00,0.000000000000000000e+00,0.000000000000000000e+00,0.000000000000000000e+00,0.000000000000000000e+00,0.000000000000000000e+00,0.000000000000000000e+00,0.000000000000000000e+00,0.000000000000000000e+00,0.000000000000000000e+00,0.000000000000000000e+00,0.000000000000000000e+00,0.000000000000000000e+00,0.000000000000000000e+00,0.000000000000000000e+00,0.000000000000000000e+00,0.000000000000000000e+00,0.000000000000000000e+00,0.000000000000000000e+00,0.000000000000000000e+00,0.000000000000000000e+00,0.000000000000000000e+00,0.000000000000000000e+00,0.000000000000000000e+00,0.000000000000000000e+00,0.000000000000000000e+00,0.000000000000000000e+00,0.000000000000000000e+00,0.000000000000000000e+00,0.000000000000000000e+00,0.000000000000000000e+00,0.000000000000000000e+00,0.000000000000000000e+00,0.000000000000000000e+00,0.000000000000000000e+00,0.000000000000000000e+00,0.000000000000000000e+00,0.000000000000000000e+00,0.000000000000000000e+00,0.000000000000000000e+00,0.000000000000000000e+00,0.000000000000000000e+00,0.000000000000000000e+00,0.000000000000000000e+00,0.000000000000000000e+00,0.000000000000000000e+00,0.000000000000000000e+00,0.000000000000000000e+00,0.000000000000000000e+00
Powero,0.000000000000000000e+00,0.000000000000000000e+00,0.000000000000000000e+00,0.000000000000000000e+00,0.000000000000000000e+00,0.000000000000000000e+00,0.000000000000000000e+00,0.000000000000000000e+00,0.000000000000000000e+00,0.000000000000000000e+00,0.000000000000000000e+00,0.000000000000000000e+00,0.000000000000000000e+00,0.000000000000000000e+00,0.000000000000000000e+00,0.000000000000000000e+00,0.000000000000000000e+00,0.000000000000000000e+00,0.000000000000000000e+00,0.000000000000000000e+00,0.000000000000000000e+00,0.000000000000000000e+00,0.000000000000000000e+00,0.000000000000000000e+00,0.000000000000000000e+00,0.000000000000000000e+00,0.000000000000000000e+00,0.000000000000000000e+00,0.000000000000000000e+00,0.000000000000000000e+00,0.000000000000000000e+00,0.000000000000000000e+00,0.000000000000000000e+00,0.000000000000000000e+00,0.000000000000000000e+00,0.000000000000000000e+00,0.000000000000000000e+00,0.000000000000000000e+00,0.000000000000000000e+00,0.000000000000000000e+00,0.000000000000000000e+00,0.000000000000000000e+00,0.000000000000000000e+00,0.000000000000000000e+00,0.000000000000000000e+00,0.000000000000000000e+00,0.000000000000000000e+00,0.000000000000000000e+00,0.000000000000000000e+00,0.000000000000000000e+00,0.000000000000000000e+00,0.000000000000000000e+00,0.000000000000000000e+00,0.000000000000000000e+00,0.000000000000000000e+00,0.000000000000000000e+00,0.000000000000000000e+00,0.000000000000000000e+00,0.000000000000000000e+00,0.000000000000000000e+00,0.000000000000000000e+00,0.000000000000000000e+00,0.000000000000000000e+00,0.000000000000000000e+00,0.000000000000000000e+00,0.000000000000000000e+00
RPM,0.000000000000000000e+00,0.000000000000000000e+00,0.000000000000000000e+00,0.000000000000000000e+00,0.000000000000000000e+00,0.000000000000000000e+00,0.000000000000000000e+00,0.000000000000000000e+00,0.000000000000000000e+00,0.000000000000000000e+00,0.000000000000000000e+00,0.000000000000000000e+00,0.000000000000000000e+00,0.000000000000000000e+00,0.000000000000000000e+00,0.000000000000000000e+00,0.000000000000000000e+00,0.000000000000000000e+00,0.000000000000000000e+00,0.000000000000000000e+00,0.000000000000000000e+00,0.000000000000000000e+00,0.000000000000000000e+00,0.000000000000000000e+00,0.000000000000000000e+00,0.000000000000000000e+00,0.000000000000000000e+00,0.000000000000000000e+00,0.000000000000000000e+00,0.000000000000000000e+00,0.000000000000000000e+00,0.000000000000000000e+00,0.000000000000000000e+00,0.000000000000000000e+00,0.000000000000000000e+00,0.000000000000000000e+00,0.000000000000000000e+00,0.000000000000000000e+00,0.000000000000000000e+00,0.000000000000000000e+00,0.000000000000000000e+00,0.000000000000000000e+00,0.000000000000000000e+00,0.000000000000000000e+00,0.000000000000000000e+00,0.000000000000000000e+00,0.000000000000000000e+00,0.000000000000000000e+00,0.000000000000000000e+00,0.000000000000000000e+00,0.000000000000000000e+00,0.000000000000000000e+00,0.000000000000000000e+00,0.000000000000000000e+00,0.000000000000000000e+00,0.000000000000000000e+00,0.000000000000000000e+00,0.000000000000000000e+00,0.000000000000000000e+00,0.000000000000000000e+00,0.000000000000000000e+00,0.000000000000000000e+00,0.000000000000000000e+00,0.000000000000000000e+00,0.000000000000000000e+00,0.000000000000000000e+00
SoverB,6.250000000000000000e-02,1.250000000000000000e-01,1.875000000000000000e-01,2.500000000000000000e-01,3.125000000000000000e-01,3.750000000000000000e-01,4.375000000000000000e-01,5.000000000000000000e-01,5.625000000000000000e-01,6.250000000000000000e-01,6.875000000000000000e-01,7.500000000000000000e-01,8.125000000000000000e-01,8.750000000000000000e-01,9.375000000000000000e-01,1.000000000000000000e+00,5.555999999999999828e-02,1.111100000000000004e-01,1.666700000000000126e-01,2.222200000000000009e-01,2.777800000000000269e-01,3.333300000000000152e-01,3.888900000000000134e-01,4.444400000000000017e-01,5.000000000000000000e-01,5.555600000000000538e-01,6.111100000000000421e-01,6.666699999999999848e-01,7.222199999999999731e-01,7.777800000000000269e-01,8.333300000000000152e-01,8.888899999999999579e-01,9.444399999999999462e-01,1.000000000000000000e+00,1.250000000000000000e-01,2.500000000000000000e-01,3.750000000000000000e-01,5.000000000000000000e-01,6.250000000000000000e-01,7.500000000000000000e-01,8.750000000000000000e-01,1.000000000000000000e+00,1.250000000000000000e-01,2.500000000000000000e-01,3.750000000000000000e-01,5.000000000000000000e-01,6.250000000000000000e-01,7.500000000000000000e-01,8.750000000000000000e-01,1.000000000000000000e+00,1.250000000000000000e-01,2.500000000000000000e-01,3.750000000000000000e-01,5.000000000000000000e-01,6.250000000000000000e-01,7.500000000000000000e-01,8.750000000000000000e-01,1.000000000000000000e+00,1.250000000000000000e-01,2.500000000000000000e-01,3.750000000000000000e-01,5.000000000000000000e-01,6.250000000000000000e-01,7.500000000000000000e-01,8.750000000000000000e-01,1.000000000000000000e+00
StallFact,1.000000000000000000e+00,1.000000000000000000e+00,1.000000000000000000e+00,1.000000000000000000e+00,1.000000000000000000e+00,1.000000000000000000e+00,1.000000000000000000e+00,1.000000000000000000e+00,1.000000000000000000e+00,1.000000000000000000e+00,1.000000000000000000e+00,1.000000000000000000e+00,1.000000000000000000e+00,1.000000000000000000e+00,1.000000000000000000e+00,1.000000000000000000e+00,1.000000000000000000e+00,1.000000000000000000e+00,1.000000000000000000e+00,1.000000000000000000e+00,1.000000000000000000e+00,1.000000000000000000e+00,1.000000000000000000e+00,1.000000000000000000e+00,1.000000000000000000e+00,1.000000000000000000e+00,1.000000000000000000e+00,1.000000000000000000e+00,1.000000000000000000e+00,1.000000000000000000e+00,1.000000000000000000e+00,1.000000000000000000e+00,1.000000000000000000e+00,1.000000000000000000e+00,1.000000000000000000e+00,1.000000000000000000e+00,1.000000000000000000e+00,1.000000000000000000e+00,1.000000000000000000e+00,1.000000000000000000e+00,1.000000000000000000e+00,1.000000000000000000e+00,1.000000000000000000e+00,1.000000000000000000e+00,1.000000000000000000e+00,1.000000000000000000e+00,1.000000000000000000e+00,1.000000000000000000e+00,1.000000000000000000e+00,1.000000000000000000e+00,1.000000000000000000e+00,1.000000000000000000e+00,1.000000000000000000e+00,1.000000000000000000e+00,1.000000000000000000e+00,1.000000000000000000e+00,1.000000000000000000e+00,1.000000000000000000e+00,1.000000000000000000e+00,1.000000000000000000e+00,1.000000000000000000e+00,1.000000000000000000e+00,1.000000000000000000e+00,1.000000000000000000e+00,1.000000000000000000e+00,1.000000000000000000e+00
Thrust,0.000000000000000000e+00,0.000000000000000000e+00,0.000000000000000000e+00,0.000000000000000000e+00,0.000000000000000000e+00,0.000000000000000000e+00,0.000000000000000000e+00,0.000000000000000000e+00,0.000000000000000000e+00,0.000000000000000000e+00,0.000000000000000000e+00,0.000000000000000000e+00,0.000000000000000000e+00,0.000000000000000000e+00,0.000000000000000000e+00,0.000000000000000000e+00,0.000000000000000000e+00,0.000000000000000000e+00,0.000000000000000000e+00,0.000000000000000000e+00,0.000000000000000000e+00,0.000000000000000000e+00,0.000000000000000000e+00,0.000000000000000000e+00,0.000000000000000000e+00,0.000000000000000000e+00,0.000000000000000000e+00,0.000000000000000000e+00,0.000000000000000000e+00,0.000000000000000000e+00,0.000000000000000000e+00,0.000000000000000000e+00,0.000000000000000000e+00,0.000000000000000000e+00,0.000000000000000000e+00,0.000000000000000000e+00,0.000000000000000000e+00,0.000000000000000000e+00,0.000000000000000000e+00,0.000000000000000000e+00,0.000000000000000000e+00,0.000000000000000000e+00,0.000000000000000000e+00,0.000000000000000000e+00,0.000000000000000000e+00,0.000000000000000000e+00,0.000000000000000000e+00,0.000000000000000000e+00,0.000000000000000000e+00,0.000000000000000000e+00,0.000000000000000000e+00,0.000000000000000000e+00,0.000000000000000000e+00,0.000000000000000000e+00,0.000000000000000000e+00,0.000000000000000000e+00,0.000000000000000000e+00,0.000000000000000000e+00,0.000000000000000000e+00,0.000000000000000000e+00,0.000000000000000000e+00,0.000000000000000000e+00,0.000000000000000000e+00,0.000000000000000000e+00,0.000000000000000000e+00,0.000000000000000000e+00
Thrusti,0.000000000000000000e+00,0.000000000000000000e+00,0.000000000000000000e+00,0.000000000000000000e+00,0.000000000000000000e+00,0.000000000000000000e+00,0.000000000000000000e+00,0.000000000000000000e+00,0.000000000000000000e+00,0.000000000000000000e+00,0.000000000000000000e+00,0.000000000000000000e+00,0.000000000000000000e+00,0.000000000000000000e+00,0.000000000000000000e+00,0.000000000000000000e+00,0.000000000000000000e+00,0.000000000000000000e+00,0.000000000000000000e+00,0.000000000000000000e+00,0.000000000000000000e+00,0.000000000000000000e+00,0.000000000000000000e+00,0.000000000000000000e+00,0.000000000000000000e+00,0.000000000000000000e+00,0.000000000000000000e+00,0.000000000000000000e+00,0.000000000000000000e+00,0.000000000000000000e+00,0.000000000000000000e+00,0.000000000000000000e+00,0.000000000000000000e+00,0.000000000000000000e+00,0.000000000000000000e+00,0.000000000000000000e+00,0.000000000000000000e+00,0.000000000000000000e+00,0.000000000000000000e+00,0.000000000000000000e+00,0.000000000000000000e+00,0.000000000000000000e+00,0.000000000000000000e+00,0.000000000000000000e+00,0.000000000000000000e+00,0.000000000000000000e+00,0.000000000000000000e+00,0.000000000000000000e+00,0.000000000000000000e+00,0.000000000000000000e+00,0.000000000000000000e+00,0.000000000000000000e+00,0.000000000000000000e+00,0.000000000000000000e+00,0.000000000000000000e+00,0.000000000000000000e+00,0.000000000000000000e+00,0.000000000000000000e+00,0.000000000000000000e+00,0.000000000000000000e+00,0.000000000000000000e+00,0.000000000000000000e+00,0.000000000000000000e+00,0.000000000000000000e+00,0.000000000000000000e+00,0.000000000000000000e+00
Thrusto,0.000000000000000000e+00,0.000000000000000000e+00,0.000000000000000000e+00,0.000000000000000000e+00,0.000000000000000000e+00,0.000000000000000000e+00,0.000000000000000000e+00,0.000000000000000000e+00,0.000000000000000000e+00,0.000000000000000000e+00,0.000000000000000000e+00,0.000000000000000000e+00,0.000000000000000000e+00,0.000000000000000000e+00,0.000000000000000000e+00,0.000000000000000000e+00,0.000000000000000000e+00,0.000000000000000000e+00,0.000000000000000000e+00,0.000000000000000000e+00,0.000000000000000000e+00,0.000000000000000000e+00,0.000000000000000000e+00,0.000000000000000000e+00,0.000000000000000000e+00,0.000000000000000000e+00,0.000000000000000000e+00,0.000000000000000000e+00,0.000000000000000000e+00,0.000000000000000000e+00,0.000000000000000000e+00,0.000000000000000000e+00,0.000000000000000000e+00,0.000000000000000000e+00,0.000000000000000000e+00,0.000000000000000000e+00,0.000000000000000000e+00,0.000000000000000000e+00,0.000000000000000000e+00,0.000000000000000000e+00,0.000000000000000000e+00,0.000000000000000000e+00,0.000000000000000000e+00,0.000000000000000000e+00,0.000000000000000000e+00,0.000000000000000000e+00,0.000000000000000000e+00,0.000000000000000000e+00,0.000000000000000000e+00,0.000000000000000000e+00,0.000000000000000000e+00,0.000000000000000000e+00,0.000000000000000000e+00,0.000000000000000000e+00,0.000000000000000000e+00,0.000000000000000000e+00,0.000000000000000000e+00,0.000000000000000000e+00,0.000000000000000000e+00,0.000000000000000000e+00,0.000000000000000000e+00,0.000000000000000000e+00,0.000000000000000000e+00,0.000000000000000000e+00,0.000000000000000000e+00,0.000000000000000000e+00
TrailVort,1,2,3,4,5,6,7,8,9,10,11,12,13,14,15,16,1,2,3,4,5,6,7,8,9,10,11,12,13,14,15,16,17,18,1,2,3,4,5,6,7,8,1,2,3,4,5,6,7,8,1,2,3,4,5,6,7,8,1,2,3,4,5,6,7,8
Unsteady,0
V/Vref,1.000000000000000000e+00,1.000000000000000000e+00,1.000000000000000000e+00,1.000000000000000000e+00,1.000000000000000000e+00,1.000000000000000000e+00,1.000000000000000000e+00,1.000000000000000000e+00,1.000000000000000000e+00,1.000000000000000000e+00,1.000000000000000000e+00,1.000000000000000000e+00,1.000000000000000000e+00,1.000000000000000000e+00,1.000000000000000000e+00,1.000000000000000000e+00,1.000000000000000000e+00,1.000000000000000000e+00,1.000000000000000000e+00,1.000000000000000000e+00,1.000000000000000000e+00,1.000000000000000000e+00,1.000000000000000000e+00,1.000000000000000000e+00,1.000000000000000000e+00,1.000000000000000000e+00,1.000000000000000000e+00,1.000000000000000000e+00,1.000000000000000000e+00,1.000000000000000000e+00,1.000000000000000000e+00,1.000000000000000000e+00,1.000000000000000000e+00,1.000000000000000000e+00,1.000000000000000000e+00,1.000000000000000000e+00,1.000000000000000000e+00,1.000000000000000000e+00,1.000000000000000000e+00,1.000000000000000000e+00,1.000000000000000000e+00,1.000000000000000000e+00,1.000000000000000000e+00,1.000000000000000000e+00,1.000000000000000000e+00,1.000000000000000000e+00,1.000000000000000000e+00,1.000000000000000000e+00,1.000000000000000000e+00,1.000000000000000000e+00,1.000000000000000000e+00,1.000000000000000000e+00,1.000000000000000000e+00,1.000000000000000000e+00,1.000000000000000000e+00,1.000000000000000000e+00,1.000000000000000000e+00,1.000000000000000000e+00,1.000000000000000000e+00,1.000000000000000000e+00,1.000000000000000000e+00,1.000000000000000000e+00,1.000000000000000000e+00,1.000000000000000000e+00,1.000000000000000000e+00,1.000000000000000000e+00
VortexSheet,1,1,1,1,1,1,1,1,1,1,1,1,1,1,1,1,2,2,2,2,2,2,2,2,2,2,2,2,2,2,2,2,2,2,3,3,3,3,3,3,3,3,4,4,4,4,4,4,4,4,5,5,5,5,5,5,5,5,6,6,6,6,6,6,6,6
Xavg,3.902277000000000129e+01,3.897791000000000139e+01,3.893305999999999756e+01,3.888819999999999766e+01,3.884333999999999776e+01,3.879847999999999786e+01,3.875361999999999796e+01,3.870877000000000123e+01,3.870877000000000123e+01,3.875361999999999796e+01,3.879847999999999786e+01,3.884333999999999776e+01,3.888819999999999766e+01,3.893305999999999756e+01,3.897791000000000139e+01,3.902277000000000129e+01,4.383402000000000243e+01,4.405002000000000351e+01,4.426601000000000141e+01,4.448201000000000249e+01,4.469800999999999647e+01,4.491400999999999755e+01,4.513000999999999863e+01,4.534599999999999653e+01,4.556199999999999761e+01,4.556199999999999761e+01,4.534599999999999653e+01,4.513000999999999863e+01,4.491400999999999755e+01,4.469800999999999647e+01,4.448201000000000249e+01,4.426601000000000141e+01,4.405002000000000351e+01,4.383402000000000243e+01,4.382892999999999972e+01,4.382271999999999679e+01,4.381651000000000096e+01,4.381029999999999802e+01,4.380409000000000219e+01,4.379787999999999926e+01,4.379167000000000343e+01,4.378546000000000049e+01,4.382892999999999972e+01,4.382271999999999679e+01,4.381651000000000096e+01,4.381029999999999802e+01,4.380409000000000219e+01,4.379787999999999926e+01,4.379167000000000343e+01,4.378546000000000049e+01,4.382892999999999972e+01,4.382271999999999679e+01,4.381651000000000096e+01,4.381029999999999802e+01,4.380409000000000219e+01,4.379787999999999926e+01,4.379167000000000343e+01,4.378546000000000049e+01,4.382892999999999972e+01,4.382271999999999679e+01,4.381651000000000096e+01,4.381029999999999802e+01,4.380409000000000219e+01,4.379787999999999926e+01,4.379167000000000343e+01,4.378546000000000049e+01
Yavg,1.348750000000000071e+01,1.168917000000000073e+01,9.890829999999999345e+00,8.092499999999999361e+00,6.294170000000000265e+00,4.495829999999999771e+00,2.697499999999999787e+00,8.991700000000000248e-01,-8.991700000000000248e-01,-2.697499999999999787e+00,-4.495829999999999771e+00,-6.294170000000000265e+00,-8.092499999999999361e+00,-9.890829999999999345e+00,-1.168917000000000073e+01,-1.348750000000000071e+01,7.640559999999999796e+00,6.741670000000000051e+00,5.842780000000000307e+00,4.943889999999999674e+00,4.044999999999999929e+00,3.146110000000000184e+00,2.247219999999999995e+00,1.348330000000000028e+00,4.494400000000000062e-01,-4.494400000000000062e-01,-1.348330000000000028e+00,-2.247219999999999995e+00,-3.146110000000000184e+00,-4.044999999999999929e+00,-4.943889999999999674e+00,-5.842780000000000307e+00,-6.741670000000000051e+00,-7.640559999999999796e+00,8.109999999999999432e+00,8.109999999999999432e+00,8.109999999999999432e+00,8.109999999999999432e+00,8.109999999999999432e+00,8.109999999999999432e+00,8.109999999999999432e+00,8.109999999999999432e+00,8.109999999999999432e+00,8.109999999999999432e+00,8.109999999999999432e+00,8.109999999999999432e+00,8.109999999999999432e+00,8.109999999999999432e+00,8.109999999999999432e+00,8.109999999999999432e+00,-8.109999999999999432e+00,-8.109999999999999432e+00,-8.109999999999999432e+00,-8.109999999999999432e+00,-8.109999999999999432e+00,-8.109999999999999432e+00,-8.109999999999999432e+00,-8.109999999999999432e+00,-8.109999999999999432e+00,-8.109999999999999432e+00,-8.109999999999999432e+00,-8.109999999999999432e+00,-8.109999999999999432e+00,-8.109999999999999432e+00,-8.109999999999999432e+00,-8.109999999999999432e+00
Zavg,1.899999999999999911e+00,1.899999999999999911e+00,1.899999999999999911e+00,1.899999999999999911e+00,1.899999999999999911e+00,1.899999999999999911e+00,1.899999999999999911e+00,1.899999999999999911e+00,1.899999999999999911e+00,1.899999999999999911e+00,1.899999999999999911e+00,1.899999999999999911e+00,1.899999999999999911e+00,1.899999999999999911e+00,1.899999999999999911e+00,1.899999999999999911e+00,0.000000000000000000e+00,0.000000000000000000e+00,0.000000000000000000e+00,0.000000000000000000e+00,0.000000000000000000e+00,0.000000000000000000e+00,0.000000000000000000e+00,0.000000000000000000e+00,0.000000000000000000e+00,0.000000000000000000e+00,0.000000000000000000e+00,0.000000000000000000e+00,0.000000000000000000e+00,0.000000000000000000e+00,0.000000000000000000e+00,0.000000000000000000e+00,0.000000000000000000e+00,0.000000000000000000e+00,2.136670000000000069e+00,2.569999999999999840e+00,3.003330000000000055e+00,3.436669999999999892e+00,3.870000000000000107e+00,4.303329999999999878e+00,4.736670000000000158e+00,5.169999999999999929e+00,1.663329999999999975e+00,1.229999999999999982e+00,7.966699999999999893e-01,3.633299999999999863e-01,-7.000000000000000666e-02,-5.033300000000000551e-01,-9.366700000000000026e-01,-1.370000000000000107e+00,2.136670000000000069e+00,2.569999999999999840e+00,3.003330000000000055e+00,3.436669999999999892e+00,3.870000000000000107e+00,4.303329999999999878e+00,4.736670000000000158e+00,5.169999999999999929e+00,1.663329999999999975e+00,1.229999999999999982e+00,7.966699999999999893e-01,3.633299999999999863e-01,-7.000000000000000666e-02,-5.033300000000000551e-01,-9.366700000000000026e-01,-1.370000000000000107e+00
cd,8.659999999999999296e-03,7.709999999999999840e-03,7.170000000000000158e-03,6.930000000000000396e-03,6.429999999999999952e-03,6.150000000000000085e-03,5.939999999999999968e-03,5.760000000000000363e-03,5.760000000000000363e-03,5.939999999999999968e-03,6.150000000000000085e-03,6.429999999999999952e-03,6.930000000000000396e-03,7.170000000000000158e-03,7.709999999999999840e-03,8.659999999999999296e-03,7.599999999999999985e-03,7.510000000000000182e-03,7.440000000000000432e-03,7.380000000000000275e-03,7.309999999999999658e-03,7.230000000000000315e-03,7.150000000000000105e-03,7.060000000000000303e-03,6.989999999999999686e-03,6.989999999999999686e-03,7.060000000000000303e-03,7.150000000000000105e-03,7.230000000000000315e-03,7.309999999999999658e-03,7.380000000000000275e-03,7.440000000000000432e-03,7.510000000000000182e-03,7.599999999999999985e-03,5.619999999999999996e-03,5.709999999999999798e-03,5.819999999999999653e-03,5.950000000000000427e-03,6.100000000000000387e-03,6.309999999999999637e-03,6.590000000000000371e-03,7.060000000000000303e-03,5.619999999999999996e-03,5.709999999999999798e-03,5.819999999999999653e-03,5.950000000000000427e-03,6.130000000000000032e-03,6.320000000000000097e-03,6.610000000000000424e-03,7.069999999999999896e-03,5.619999999999999996e-03,5.709999999999999798e-03,5.819999999999999653e-03,5.950000000000000427e-03,6.100000000000000387e-03,6.309999999999999637e-03,6.590000000000000371e-03,7.060000000000000303e-03,5.619999999999999996e-03,5.709999999999999798e-03,5.819999999999999653e-03,5.950000000000000427e-03,6.130000000000000032e-03,6.320000000000000097e-03,6.610000000000000424e-03,7.069999999999999896e-03
cd*c/cref,2.250742708354330941e-03,3.263392508481809985e-03,4.206160911454840008e-03,5.197498795760241604e-03,5.872945511365729350e-03,6.621902671014209298e-03,7.366185962422159249e-03,8.083959276191085563e-03,8.083959276191085563e-03,7.366185962422159249e-03,6.621902671014209298e-03,5.872945511365729350e-03,5.197498795760241604e-03,4.206160911454840008e-03,3.263392508481809985e-03,2.250742708354330941e-03,1.058879087377412797e-03,1.207583707696082646e-03,1.356068972180497767e-03,1.503585735962526372e-03,1.646273946646444140e-03,1.783489487143306894e-03,1.917269736499134123e-03,2.044718492882647513e-03,2.174524361787682006e-03,2.174524361787682006e-03,2.044718492882647513e-03,1.917269736499134123e-03,1.783489487143306894e-03,1.646273946646444140e-03,1.503585735962526372e-03,1.356068972180497767e-03,1.207583707696082646e-03,1.058879087377412797e-03,2.923994433736229297e-03,2.625009164733742902e-03,2.323105861189559123e-03,2.014654920144828658e-03,1.696014435585163453e-03,1.372253627837435397e-03,1.034044966625355302e-03,6.802233178351905487e-04,2.923994433736229297e-03,2.625009164733742902e-03,2.323105861189559123e-03,2.014654920144828658e-03,1.704355490186401732e-03,1.374428356249222201e-03,1.037183191106767679e-03,6.811868069539372310e-04,2.923994433736229297e-03,2.625009164733742902e-03,2.323105861189559123e-03,2.014654920144828658e-03,1.696014435585163453e-03,1.372253627837435397e-03,1.034044966625355302e-03,6.802233178351905487e-04,2.923994433736229297e-03,2.625009164733742902e-03,2.323105861189559123e-03,2.014654920144828658e-03,1.704355490186401732e-03,1.374428356249222201e-03,1.037183191106767679e-03,6.811868069539372310e-04
cdi,2.380000000000000171e-03,1.860000000000000108e-03,1.580000000000000024e-03,1.510000000000000057e-03,1.160000000000000007e-03,1.000000000000000021e-03,8.800000000000000313e-04,7.799999999999999859e-04,7.799999999999999859e-04,8.800000000000000313e-04,1.000000000000000021e-03,1.160000000000000007e-03,1.510000000000000057e-03,1.580000000000000024e-03,1.860000000000000108e-03,2.380000000000000171e-03,8.899999999999999491e-04,9.200000000000000278e-04,9.700000000000000505e-04,1.000000000000000021e-03,1.010000000000000047e-03,1.010000000000000047e-03,1.000000000000000021e-03,9.799999999999999684e-04,9.600000000000000243e-04,9.600000000000000243e-04,9.799999999999999684e-04,1.000000000000000021e-03,1.010000000000000047e-03,1.010000000000000047e-03,1.000000000000000021e-03,9.700000000000000505e-04,9.200000000000000278e-04,8.899999999999999491e-04,0.000000000000000000e+00,0.000000000000000000e+00,-0.000000000000000000e+00,-0.000000000000000000e+00,-0.000000000000000000e+00,-0.000000000000000000e+00,-0.000000000000000000e+00,-0.000000000000000000e+00,0.000000000000000000e+00,-0.000000000000000000e+00,-0.000000000000000000e+00,-0.000000000000000000e+00,-0.000000000000000000e+00,-0.000000000000000000e+00,-0.000000000000000000e+00,-0.000000000000000000e+00,0.000000000000000000e+00,0.000000000000000000e+00,-0.000000000000000000e+00,-0.000000000000000000e+00,-0.000000000000000000e+00,-0.000000000000000000e+00,-0.000000000000000000e+00,-0.000000000000000000e+00,-0.000000000000000000e+00,-0.000000000000000000e+00,-0.000000000000000000e+00,-0.000000000000000000e+00,-0.000000000000000000e+00,-0.000000000000000000e+00,-0.000000000000000000e+00,-0.000000000000000000e+00
cdi*c/cref,6.185643932890656435e-04,7.872775701395806928e-04,9.268806471546230108e-04,1.132499737604323892e-03,1.059504944507658891e-03,1.076732141628326637e-03,1.091286809247727328e-03,1.094702818650876170e-03,1.094702818650876170e-03,1.091286809247727328e-03,1.076732141628326637e-03,1.059504944507658891e-03,1.132499737604323892e-03,9.268806471546230108e-04,7.872775701395806928e-04,6.185643932890656435e-04,1.240003141797233128e-04,1.479330241119036033e-04,1.767993149213821025e-04,2.037379046019683422e-04,2.274605589757741088e-04,2.491458343035601441e-04,2.681496134963824089e-04,2.838277794652966745e-04,2.986471226489520589e-04,2.986471226489520589e-04,2.838277794652966745e-04,2.681496134963824089e-04,2.491458343035601441e-04,2.274605589757741088e-04,2.037379046019683422e-04,1.767993149213821025e-04,1.479330241119036033e-04,1.240003141797233128e-04,0.000000000000000000e+00,0.000000000000000000e+00,-0.000000000000000000e+00,-0.000000000000000000e+00,-0.000000000000000000e+00,-0.000000000000000000e+00,-0.000000000000000000e+00,-0.000000000000000000e+00,0.000000000000000000e+00,-0.000000000000000000e+00,-0.000000000000000000e+00,-0.000000000000000000e+00,-0.000000000000000000e+00,-0.000000000000000000e+00,-0.000000000000000000e+00,-0.000000000000000000e+00,0.000000000000000000e+00,0.000000000000000000e+00,-0.000000000000000000e+00,-0.000000000000000000e+00,-0.000000000000000000e+00,-0.000000000000000000e+00,-0.000000000000000000e+00,-0.000000000000000000e+00,-0.000000000000000000e+00,-0.000000000000000000e+00,-0.000000000000000000e+00,-0.000000000000000000e+00,-0.000000000000000000e+00,-0.000000000000000000e+00,-0.000000000000000000e+00,-0.000000000000000000e+00
cdo,6.270000000000000399e-03,5.850000000000000165e-03,5.590000000000000351e-03,5.409999999999999878e-03,5.259999999999999919e-03,5.150000000000000064e-03,5.060000000000000261e-03,4.980000000000000052e-03,4.980000000000000052e-03,5.060000000000000261e-03,5.150000000000000064e-03,5.259999999999999919e-03,5.409999999999999878e-03,5.590000000000000351e-03,5.850000000000000165e-03,6.270000000000000399e-03,6.720000000000000279e-03,6.590000000000000371e-03,6.479999999999999649e-03,6.380000000000000254e-03,6.300000000000000044e-03,6.219999999999999835e-03,6.150000000000000085e-03,6.089999999999999927e-03,6.029999999999999770e-03,6.029999999999999770e-03,6.089999999999999927e-03,6.150000000000000085e-03,6.219999999999999835e-03,6.300000000000000044e-03,6.380000000000000254e-03,6.479999999999999649e-03,6.590000000000000371e-03,6.720000000000000279e-03,5.619999999999999996e-03,5.709999999999999798e-03,5.819999999999999653e-03,5.950000000000000427e-03,6.100000000000000387e-03,6.309999999999999637e-03,6.590000000000000371e-03,7.060000000000000303e-03,5.619999999999999996e-03,5.709999999999999798e-03,5.819999999999999653e-03,5.950000000000000427e-03,6.130000000000000032e-03,6.320000000000000097e-03,6.610000000000000424e-03,7.069999999999999896e-03,5.619999999999999996e-03,5.709999999999999798e-03,5.819999999999999653e-03,5.950000000000000427e-03,6.100000000000000387e-03,6.309999999999999637e-03,6.590000000000000371e-03,7.060000000000000303e-03,5.619999999999999996e-03,5.709999999999999798e-03,5.819999999999999653e-03,5.950000000000000427e-03,6.130000000000000032e-03,6.320000000000000097e-03,6.610000000000000424e-03,7.069999999999999896e-03
cdo*c/cref,1.629579305009429095e-03,2.476114938342229184e-03,3.279280264300216997e-03,4.057499059893636927e-03,4.804306903543349022e-03,5.545170529385882660e-03,6.274899153174431921e-03,6.989256457540208960e-03,6.989256457540208960e-03,6.274899153174431921e-03,5.545170529385882660e-03,4.804306903543349022e-03,4.057499059893636927e-03,3.279280264300216997e-03,2.476114938342229184e-03,1.629579305009429095e-03,9.362720351547649872e-04,1.059650683584179151e-03,1.181092330608820391e-03,1.299847831360558112e-03,1.418813387670670194e-03,1.534343652839746750e-03,1.649120123002751660e-03,1.763786915248629315e-03,1.875877239138730055e-03,1.875877239138730055e-03,1.763786915248629315e-03,1.649120123002751660e-03,1.534343652839746750e-03,1.418813387670670194e-03,1.299847831360558112e-03,1.181092330608820391e-03,1.059650683584179151e-03,9.362720351547649872e-04,2.923994433736229297e-03,2.625009164733742902e-03,2.323105861189559123e-03,2.014654920144828658e-03,1.696014435585163453e-03,1.372253627837435397e-03,1.034044966625355302e-03,6.802233178351905487e-04,2.923994433736229297e-03,2.625009164733742902e-03,2.323105861189559123e-03,2.014654920144828658e-03,1.704355490186401732e-03,1.374428356249222201e-03,1.037183191106767679e-03,6.811868069539372310e-04,2.923994433736229297e-03,2.625009164733742902e-03,2.323105861189559123e-03,2.014654920144828658e-03,1.696014435585163453e-03,1.372253627837435397e-03,1.034044966625355302e-03,6.802233178351905487e-04,2.923994433736229297e-03,2.625009164733742902e-03,2.323105861189559123e-03,2.014654920144828658e-03,1.704355490186401732e-03,1.374428356249222201e-03,1.037183191106767679e-03,6.811868069539372310e-04
cl,1.363399999999999890e-01,1.066000000000000003e-01,9.052000000000000324e-02,8.655000000000000193e-02,6.650999999999999968e-02,5.709000000000000186e-02,5.029999999999999749e-02,4.483999999999999792e-02,4.483999999999999792e-02,5.029999999999999749e-02,5.709000000000000186e-02,6.650999999999999968e-02,8.655000000000000193e-02,9.052000000000000324e-02,1.066000000000000003e-01,1.363399999999999890e-01,5.066999999999999976e-02,5.260000000000000092e-02,5.528000000000000275e-02,5.714000000000000329e-02,5.804000000000000131e-02,5.777999999999999803e-02,5.691000000000000225e-02,5.577000000000000013e-02,5.478000000000000230e-02,5.478000000000000230e-02,5.577000000000000013e-02,5.691000000000000225e-02,5.777999999999999803e-02,5.804000000000000131e-02,5.714000000000000329e-02,5.528000000000000275e-02,5.260000000000000092e-02,5.066999999999999976e-02,-1.000000000000000048e-04,-1.000000000000000048e-04,-1.000000000000000048e-04,-1.000000000000000048e-04,-1.100000000000000039e-04,-1.100000000000000039e-04,-1.200000000000000030e-04,-1.200000000000000030e-04,-1.000000000000000048e-04,-1.000000000000000048e-04,-1.000000000000000048e-04,-1.000000000000000048e-04,-1.100000000000000039e-04,-1.100000000000000039e-04,-1.200000000000000030e-04,-1.200000000000000030e-04,-1.000000000000000048e-04,-1.000000000000000048e-04,-1.000000000000000048e-04,-1.000000000000000048e-04,-1.100000000000000039e-04,-1.100000000000000039e-04,-1.200000000000000030e-04,-1.200000000000000030e-04,-1.000000000000000048e-04,-1.000000000000000048e-04,-1.000000000000000048e-04,-1.000000000000000048e-04,-1.100000000000000039e-04,-1.100000000000000039e-04,-1.200000000000000030e-04,-1.200000000000000030e-04
cl*c/cref,3.543490310127361126e-02,4.512031665423617971e-02,5.310204821546612303e-02,6.491248496003591828e-02,6.074799470621067982e-02,6.147063796556116733e-02,6.237696193768258596e-02,6.293137742090421094e-02,6.293137742090421094e-02,6.237696193768258596e-02,6.147063796556116733e-02,6.074799470621067982e-02,6.491248496003591828e-02,5.310204821546612303e-02,4.512031665423617971e-02,3.543490310127361126e-02,7.059658336501776869e-03,8.457909856832750151e-03,1.007573827716907490e-02,1.164158386895647150e-02,1.307109984450884055e-02,1.425311515451455936e-02,1.526039450407912224e-02,1.615211761304040372e-02,1.704155143615582874e-02,1.704155143615582874e-02,1.615211761304040372e-02,1.526039450407912224e-02,1.425311515451455936e-02,1.307109984450884055e-02,1.164158386895647150e-02,1.007573827716907490e-02,8.457909856832750151e-03,7.059658336501776869e-03,-5.202837070705034714e-05,-4.597213948745609721e-05,-3.991590826786184728e-05,-3.385974655705594377e-05,-3.058386687120786119e-05,-2.392201252965418627e-05,-1.882934688847384306e-05,-1.156186942496074484e-05,-5.202837070705034714e-05,-4.597213948745609721e-05,-3.991590826786184728e-05,-3.385974655705594377e-05,-3.058386687120786119e-05,-2.392201252965418627e-05,-1.882934688847384306e-05,-1.156186942496074484e-05,-5.202837070705034714e-05,-4.597213948745609721e-05,-3.991590826786184728e-05,-3.385974655705594377e-05,-3.058386687120786119e-05,-2.392201252965418627e-05,-1.882934688847384306e-05,-1.156186942496074484e-05,-5.202837070705034714e-05,-4.597213948745609721e-05,-3.991590826786184728e-05,-3.385974655705594377e-05,-3.058386687120786119e-05,-2.392201252965418627e-05,-1.882934688847384306e-05,-1.156186942496074484e-05
cli,1.364499999999999880e-01,1.067000000000000032e-01,9.062000000000000610e-02,8.663999999999999480e-02,6.661000000000000254e-02,5.718000000000000166e-02,5.038999999999999729e-02,4.492000000000000159e-02,4.492000000000000159e-02,5.038999999999999729e-02,5.718000000000000166e-02,6.661000000000000254e-02,8.663999999999999480e-02,9.062000000000000610e-02,1.067000000000000032e-01,1.364499999999999880e-01,5.079000000000000181e-02,5.272000000000000297e-02,5.539999999999999786e-02,5.725000000000000228e-02,5.815000000000000030e-02,5.788999999999999702e-02,5.702000000000000124e-02,5.587999999999999912e-02,5.489000000000000129e-02,5.489000000000000129e-02,5.587999999999999912e-02,5.702000000000000124e-02,5.788999999999999702e-02,5.815000000000000030e-02,5.725000000000000228e-02,5.539999999999999786e-02,5.272000000000000297e-02,5.079000000000000181e-02,-0.000000000000000000e+00,-0.000000000000000000e+00,-0.000000000000000000e+00,-0.000000000000000000e+00,-0.000000000000000000e+00,0.000000000000000000e+00,0.000000000000000000e+00,0.000000000000000000e+00,0.000000000000000000e+00,0.000000000000000000e+00,0.000000000000000000e+00,0.000000000000000000e+00,0.000000000000000000e+00,-0.000000000000000000e+00,-0.000000000000000000e+00,-0.000000000000000000e+00,-0.000000000000000000e+00,-0.000000000000000000e+00,-0.000000000000000000e+00,-0.000000000000000000e+00,-0.000000000000000000e+00,0.000000000000000000e+00,0.000000000000000000e+00,0.000000000000000000e+00,0.000000000000000000e+00,0.000000000000000000e+00,0.000000000000000000e+00,0.000000000000000000e+00,0.000000000000000000e+00,-0.000000000000000000e+00,-0.000000000000000000e+00,-0.000000000000000000e+00
cli*c/cref,3.546349221188781209e-02,4.516264340531895433e-02,5.316071154756452088e-02,6.497998494439644057e-02,6.083933133935789245e-02,6.156754385830771892e-02,6.248857081590110385e-02,6.304365463307352868e-02,6.304365463307352868e-02,6.248857081590110385e-02,6.156754385830771892e-02,6.083933133935789245e-02,6.497998494439644057e-02,5.316071154756452088e-02,4.516264340531895433e-02,3.546349221188781209e-02,7.076377479986683226e-03,8.477205468673433206e-03,1.009761035736553292e-02,1.166399503846268781e-02,1.309587277667451956e-02,1.428024984933969933e-02,1.528989096156372490e-02,1.618397583318446908e-02,1.707577141895935333e-02,1.707577141895935333e-02,1.618397583318446908e-02,1.528989096156372490e-02,1.428024984933969933e-02,1.309587277667451956e-02,1.166399503846268781e-02,1.009761035736553292e-02,8.477205468673433206e-03,7.076377479986683226e-03,-0.000000000000000000e+00,-0.000000000000000000e+00,-0.000000000000000000e+00,-0.000000000000000000e+00,-0.000000000000000000e+00,0.000000000000000000e+00,0.000000000000000000e+00,0.000000000000000000e+00,0.000000000000000000e+00,0.000000000000000000e+00,0.000000000000000000e+00,0.000000000000000000e+00,0.000000000000000000e+00,-0.000000000000000000e+00,-0.000000000000000000e+00,-0.000000000000000000e+00,-0.000000000000000000e+00,-0.000000000000000000e+00,-0.000000000000000000e+00,-0.000000000000000000e+00,-0.000000000000000000e+00,0.000000000000000000e+00,0.000000000000000000e+00,0.000000000000000000e+00,0.000000000000000000e+00,0.000000000000000000e+00,0.000000000000000000e+00,0.000000000000000000e+00,0.000000000000000000e+00,-0.000000000000000000e+00,-0.000000000000000000e+00,-0.000000000000000000e+00
clo,-1.100000000000000039e-04,-1.000000000000000048e-04,-1.000000000000000048e-04,-9.000000000000000567e-05,-9.000000000000000567e-05,-9.000000000000000567e-05,-9.000000000000000567e-05,-9.000000000000000567e-05,-9.000000000000000567e-05,-9.000000000000000567e-05,-9.000000000000000567e-05,-9.000000000000000567e-05,-9.000000000000000567e-05,-1.000000000000000048e-04,-1.000000000000000048e-04,-1.100000000000000039e-04,-1.200000000000000030e-04,-1.100000000000000039e-04,-1.100000000000000039e-04,-1.100000000000000039e-04,-1.100000000000000039e-04,-1.100000000000000039e-04,-1.100000000000000039e-04,-1.100000000000000039e-04,-1.100000000000000039e-04,-1.100000000000000039e-04,-1.100000000000000039e-04,-1.100000000000000039e-04,-1.100000000000000039e-04,-1.100000000000000039e-04,-1.100000000000000039e-04,-1.100000000000000039e-04,-1.100000000000000039e-04,-1.200000000000000030e-04,-1.000000000000000048e-04,-1.000000000000000048e-04,-1.000000000000000048e-04,-1.000000000000000048e-04,-1.100000000000000039e-04,-1.100000000000000039e-04,-1.200000000000000030e-04,-1.200000000000000030e-04,-1.000000000000000048e-04,-1.000000000000000048e-04,-1.000000000000000048e-04,-1.000000000000000048e-04,-1.100000000000000039e-04,-1.100000000000000039e-04,-1.200000000000000030e-04,-1.200000000000000030e-04,-1.000000000000000048e-04,-1.000000000000000048e-04,-1.000000000000000048e-04,-1.000000000000000048e-04,-1.100000000000000039e-04,-1.100000000000000039e-04,-1.200000000000000030e-04,-1.200000000000000030e-04,-1.000000000000000048e-04,-1.000000000000000048e-04,-1.000000000000000048e-04,-1.000000000000000048e-04,-1.100000000000000039e-04,-1.100000000000000039e-04,-1.200000000000000030e-04,-1.200000000000000030e-04
clo*c/cref,-2.858911061420050812e-05,-4.232675108277315261e-05,-5.866333209839386668e-05,-6.749998436052261682e-05,-8.220296983249077464e-05,-9.690589274654940984e-05,-1.116088782185175677e-04,-1.263118636904857119e-04,-1.263118636904857119e-04,-1.116088782185175677e-04,-9.690589274654940984e-05,-8.220296983249077464e-05,-6.749998436052261682e-05,-5.866333209839386668e-05,-4.232675108277315261e-05,-2.858911061420050812e-05,-1.671914348490651618e-05,-1.768764418729282199e-05,-2.004940684675467110e-05,-2.241116950621651683e-05,-2.477293216567836933e-05,-2.713469482514021505e-05,-2.949645748460206417e-05,-3.185822014406391328e-05,-3.421998280352576239e-05,-3.421998280352576239e-05,-3.185822014406391328e-05,-2.949645748460206417e-05,-2.713469482514021505e-05,-2.477293216567836933e-05,-2.241116950621651683e-05,-2.004940684675467110e-05,-1.768764418729282199e-05,-1.671914348490651618e-05,-5.202837070705034714e-05,-4.597213948745609721e-05,-3.991590826786184728e-05,-3.385974655705594377e-05,-3.058386687120786119e-05,-2.392201252965418627e-05,-1.882934688847384306e-05,-1.156186942496074484e-05,-5.202837070705034714e-05,-4.597213948745609721e-05,-3.991590826786184728e-05,-3.385974655705594377e-05,-3.058386687120786119e-05,-2.392201252965418627e-05,-1.882934688847384306e-05,-1.156186942496074484e-05,-5.202837070705034714e-05,-4.597213948745609721e-05,-3.991590826786184728e-05,-3.385974655705594377e-05,-3.058386687120786119e-05,-2.392201252965418627e-05,-1.882934688847384306e-05,-1.156186942496074484e-05,-5.202837070705034714e-05,-4.597213948745609721e-05,-3.991590826786184728e-05,-3.385974655705594377e-05,-3.058386687120786119e-05,-2.392201252965418627e-05,-1.882934688847384306e-05,-1.156186942496074484e-05
cmx,4.922699999999999854e-01,2.048500000000000043e-01,1.062199999999999950e-01,6.499000000000000610e-02,3.191000000000000086e-02,1.660000000000000017e-02,7.620000000000000037e-03,2.000000000000000042e-03,-2.000000000000000042e-03,-7.620000000000000037e-03,-1.660000000000000017e-02,-3.191000000000000086e-02,-6.499000000000000610e-02,-1.062199999999999950e-01,-2.048500000000000043e-01,-4.922699999999999854e-01,1.937200000000000033e-01,1.536599999999999910e-01,1.234500000000000042e-01,9.657999999999999918e-02,7.260999999999999399e-02,5.131999999999999756e-02,3.321999999999999953e-02,1.808999999999999844e-02,5.510000000000000141e-03,-5.510000000000000141e-03,-1.808999999999999844e-02,-3.321999999999999953e-02,-5.131999999999999756e-02,-7.260999999999999399e-02,-9.657999999999999918e-02,-1.234500000000000042e-01,-1.536599999999999910e-01,-1.937200000000000033e-01,1.800000000000000113e-04,1.389999999999999960e-03,3.289999999999999956e-03,6.219999999999999835e-03,1.102000000000000028e-02,1.998000000000000123e-02,3.882000000000000034e-02,9.334000000000000630e-02,-5.900000000000000296e-04,-1.039999999999999909e-03,-1.399999999999999986e-03,-1.389999999999999960e-03,1.129999999999999928e-03,7.969999999999999654e-03,1.984000000000000000e-02,5.267999999999999766e-02,-1.800000000000000113e-04,-1.389999999999999960e-03,-3.289999999999999956e-03,-6.219999999999999835e-03,-1.102000000000000028e-02,-1.998000000000000123e-02,-3.882000000000000034e-02,-9.334000000000000630e-02,5.900000000000000296e-04,1.039999999999999909e-03,1.399999999999999986e-03,1.389999999999999960e-03,-1.129999999999999928e-03,-7.969999999999999654e-03,-1.984000000000000000e-02,-5.267999999999999766e-02
cmx*c/cref,1.279414680186589381e-01,8.670634959306079692e-02,6.231219135491395528e-02,4.874248870655961685e-02,2.914551963727533834e-02,1.787375355103022409e-02,9.449551689167820512e-03,2.806930304233015532e-03,-2.806930304233015532e-03,-9.449551689167820512e-03,-1.787375355103022409e-02,-2.914551963727533834e-02,-4.874248870655961685e-02,-6.231219135491395528e-02,-8.670634959306079692e-02,-1.279414680186589381e-01,2.699027063246742242e-02,2.470803096199468071e-02,2.250090250210785500e-02,1.967700682645810023e-02,1.635238731409005553e-02,1.265956853114723508e-02,8.907930160349823365e-03,5.239229112782873947e-03,1.714110047703881236e-03,-1.714110047703881236e-03,-5.239229112782873947e-03,-8.907930160349823365e-03,-1.265956853114723508e-02,-1.635238731409005553e-02,-1.967700682645810023e-02,-2.250090250210785500e-02,-2.470803096199468071e-02,-2.699027063246742242e-02,9.365106727269062079e-05,6.390127388756397086e-04,1.313233382012654604e-03,2.106076235848879617e-03,3.063947390188278413e-03,4.345107366749915122e-03,6.091293718421288833e-03,8.993207434381965751e-03,-3.069673871715970326e-04,-4.781102506695433514e-04,-5.588227157500658213e-04,-4.706504771430775730e-04,3.141797233133171072e-04,1.733258544194034995e-03,3.113118685561008792e-03,5.075660677557766905e-03,-9.365106727269062079e-05,-6.390127388756397086e-04,-1.313233382012654604e-03,-2.106076235848879617e-03,-3.063947390188278413e-03,-4.345107366749915122e-03,-6.091293718421288833e-03,-8.993207434381965751e-03,3.069673871715970326e-04,4.781102506695433514e-04,5.588227157500658213e-04,4.706504771430775730e-04,-3.141797233133171072e-04,-1.733258544194034995e-03,-3.113118685561008792e-03,-5.075660677557766905e-03
cmxi,4.922699999999999854e-01,2.048500000000000043e-01,1.062199999999999950e-01,6.499000000000000610e-02,3.191000000000000086e-02,1.660000000000000017e-02,7.620000000000000037e-03,2.000000000000000042e-03,-2.000000000000000042e-03,-7.620000000000000037e-03,-1.660000000000000017e-02,-3.191000000000000086e-02,-6.499000000000000610e-02,-1.062199999999999950e-01,-2.048500000000000043e-01,-4.922699999999999854e-01,1.937200000000000033e-01,1.536599999999999910e-01,1.234500000000000042e-01,9.657999999999999918e-02,7.260999999999999399e-02,5.131999999999999756e-02,3.321999999999999953e-02,1.808999999999999844e-02,5.510000000000000141e-03,-5.510000000000000141e-03,-1.808999999999999844e-02,-3.321999999999999953e-02,-5.131999999999999756e-02,-7.260999999999999399e-02,-9.657999999999999918e-02,-1.234500000000000042e-01,-1.536599999999999910e-01,-1.937200000000000033e-01,1.800000000000000113e-04,1.389999999999999960e-03,3.289999999999999956e-03,6.219999999999999835e-03,1.102000000000000028e-02,1.998000000000000123e-02,3.882000000000000034e-02,9.334000000000000630e-02,-5.900000000000000296e-04,-1.039999999999999909e-03,-1.399999999999999986e-03,-1.389999999999999960e-03,1.129999999999999928e-03,7.969999999999999654e-03,1.984000000000000000e-02,5.267999999999999766e-02,-1.800000000000000113e-04,-1.389999999999999960e-03,-3.289999999999999956e-03,-6.219999999999999835e-03,-1.102000000000000028e-02,-1.998000000000000123e-02,-3.882000000000000034e-02,-9.334000000000000630e-02,5.900000000000000296e-04,1.039999999999999909e-03,1.399999999999999986e-03,1.389999999999999960e-03,-1.129999999999999928e-03,-7.969999999999999654e-03,-1.984000000000000000e-02,-5.267999999999999766e-02
cmxi*c/cref,1.279414680186589381e-01,8.670634959306079692e-02,6.231219135491395528e-02,4.874248870655961685e-02,2.914551963727533834e-02,1.787375355103022409e-02,9.449551689167820512e-03,2.806930304233015532e-03,-2.806930304233015532e-03,-9.449551689167820512e-03,-1.787375355103022409e-02,-2.914551963727533834e-02,-4.874248870655961685e-02,-6.231219135491395528e-02,-8.670634959306079692e-02,-1.279414680186589381e-01,2.699027063246742242e-02,2.470803096199468071e-02,2.250090250210785500e-02,1.967700682645810023e-02,1.635238731409005553e-02,1.265956853114723508e-02,8.907930160349823365e-03,5.239229112782873947e-03,1.714110047703881236e-03,-1.714110047703881236e-03,-5.239229112782873947e-03,-8.907930160349823365e-03,-1.265956853114723508e-02,-1.635238731409005553e-02,-1.967700682645810023e-02,-2.250090250210785500e-02,-2.470803096199468071e-02,-2.699027063246742242e-02,9.365106727269062079e-05,6.390127388756397086e-04,1.313233382012654604e-03,2.106076235848879617e-03,3.063947390188278413e-03,4.345107366749915122e-03,6.091293718421288833e-03,8.993207434381965751e-03,-3.069673871715970326e-04,-4.781102506695433514e-04,-5.588227157500658213e-04,-4.706504771430775730e-04,3.141797233133171072e-04,1.733258544194034995e-03,3.113118685561008792e-03,5.075660677557766905e-03,-9.365106727269062079e-05,-6.390127388756397086e-04,-1.313233382012654604e-03,-2.106076235848879617e-03,-3.063947390188278413e-03,-4.345107366749915122e-03,-6.091293718421288833e-03,-8.993207434381965751e-03,3.069673871715970326e-04,4.781102506695433514e-04,5.588227157500658213e-04,4.706504771430775730e-04,-3.141797233133171072e-04,-1.733258544194034995e-03,-3.113118685561008792e-03,-5.075660677557766905e-03
cmxo,0.000000000000000000e+00,0.000000000000000000e+00,0.000000000000000000e+00,0.000000000000000000e+00,0.000000000000000000e+00,0.000000000000000000e+00,0.000000000000000000e+00,0.000000000000000000e+00,-0.000000000000000000e+00,-0.000000000000000000e+00,-0.000000000000000000e+00,-0.000000000000000000e+00,-0.000000000000000000e+00,-0.000000000000000000e+00,-0.000000000000000000e+00,-0.000000000000000000e+00,0.000000000000000000e+00,0.000000000000000000e+00,0.000000000000000000e+00,0.000000000000000000e+00,0.000000000000000000e+00,0.000000000000000000e+00,0.000000000000000000e+00,0.000000000000000000e+00,0.000000000000000000e+00,-0.000000000000000000e+00,-0.000000000000000000e+00,-0.000000000000000000e+00,-0.000000000000000000e+00,-0.000000000000000000e+00,-0.000000000000000000e+00,-0.000000000000000000e+00,-0.000000000000000000e+00,-0.000000000000000000e+00,0.000000000000000000e+00,0.000000000000000000e+00,0.000000000000000000e+00,0.000000000000000000e+00,0.000000000000000000e+00,0.000000000000000000e+00,0.000000000000000000e+00,0.000000000000000000e+00,0.000000000000000000e+00,0.000000000000000000e+00,0.000000000000000000e+00,0.000000000000000000e+00,0.000000000000000000e+00,0.000000000000000000e+00,0.000000000000000000e+00,0.000000000000000000e+00,-0.000000000000000000e+00,-0.000000000000000000e+00,-0.000000000000000000e+00,-0.000000000000000000e+00,-0.000000000000000000e+00,-0.000000000000000000e+00,-0.000000000000000000e+00,-0.000000000000000000e+00,-0.000000000000000000e+00,-0.000000000000000000e+00,-0.000000000000000000e+00,-0.000000000000000000e+00,0.000000000000000000e+00,0.000000000000000000e+00,0.000000000000000000e+00,0.000000000000000000e+00
cmxo*c/cref,0.000000000000000000e+00,0.000000000000000000e+00,0.000000000000000000e+00,0.000000000000000000e+00,0.000000000000000000e+00,0.000000000000000000e+00,0.000000000000000000e+00,0.000000000000000000e+00,-0.000000000000000000e+00,-0.000000000000000000e+00,-0.000000000000000000e+00,-0.000000000000000000e+00,-0.000000000000000000e+00,-0.000000000000000000e+00,-0.000000000000000000e+00,-0.000000000000000000e+00,0.000000000000000000e+00,0.000000000000000000e+00,0.000000000000000000e+00,0.000000000000000000e+00,0.000000000000000000e+00,0.000000000000000000e+00,0.000000000000000000e+00,0.000000000000000000e+00,0.000000000000000000e+00,-0.000000000000000000e+00,-0.000000000000000000e+00,-0.000000000000000000e+00,-0.000000000000000000e+00,-0.000000000000000000e+00,-0.000000000000000000e+00,-0.000000000000000000e+00,-0.000000000000000000e+00,-0.000000000000000000e+00,0.000000000000000000e+00,0.000000000000000000e+00,0.000000000000000000e+00,0.000000000000000000e+00,0.000000000000000000e+00,0.000000000000000000e+00,0.000000000000000000e+00,0.000000000000000000e+00,0.000000000000000000e+00,0.000000000000000000e+00,0.000000000000000000e+00,0.000000000000000000e+00,0.000000000000000000e+00,0.000000000000000000e+00,0.000000000000000000e+00,0.000000000000000000e+00,-0.000000000000000000e+00,-0.000000000000000000e+00,-0.000000000000000000e+00,-0.000000000000000000e+00,-0.000000000000000000e+00,-0.000000000000000000e+00,-0.000000000000000000e+00,-0.000000000000000000e+00,-0.000000000000000000e+00,-0.000000000000000000e+00,-0.000000000000000000e+00,-0.000000000000000000e+00,0.000000000000000000e+00,0.000000000000000000e+00,0.000000000000000000e+00,0.000000000000000000e+00
cmy,-2.531999999999999806e-01,-9.540999999999999481e-02,-4.354000000000000231e-02,-2.548999999999999877e-02,-6.239999999999999887e-03,6.899999999999999667e-04,3.870000000000000176e-03,5.150000000000000064e-03,5.150000000000000064e-03,3.870000000000000176e-03,6.899999999999999667e-04,-6.239999999999999887e-03,-2.548999999999999877e-02,-4.354000000000000231e-02,-9.540999999999999481e-02,-2.531999999999999806e-01,-3.381000000000000116e-01,-3.039600000000000080e-01,-2.815599999999999770e-01,-2.607999999999999763e-01,-2.405899999999999983e-01,-2.195999999999999897e-01,-1.999700000000000089e-01,-1.823200000000000098e-01,-1.679200000000000137e-01,-1.679200000000000137e-01,-1.823200000000000098e-01,-1.999700000000000089e-01,-2.195999999999999897e-01,-2.405899999999999983e-01,-2.607999999999999763e-01,-2.815599999999999770e-01,-3.039600000000000080e-01,-3.381000000000000116e-01,1.610000000000000103e-03,2.220000000000000185e-03,3.040000000000000167e-03,4.199999999999999740e-03,5.910000000000000323e-03,8.680000000000000215e-03,1.383999999999999987e-02,2.631999999999999965e-02,1.250000000000000026e-03,1.059999999999999961e-03,8.099999999999999561e-04,4.400000000000000157e-04,-1.100000000000000039e-04,-1.020000000000000073e-03,-2.739999999999999814e-03,-6.989999999999999686e-03,1.610000000000000103e-03,2.220000000000000185e-03,3.040000000000000167e-03,4.199999999999999740e-03,5.910000000000000323e-03,8.680000000000000215e-03,1.383999999999999987e-02,2.631999999999999965e-02,1.250000000000000026e-03,1.059999999999999961e-03,8.099999999999999561e-04,4.400000000000000157e-04,-1.100000000000000039e-04,-1.020000000000000073e-03,-2.739999999999999814e-03,-6.989999999999999686e-03
cmy*c/cref,-6.580693461377788711e-02,-4.038395320807386391e-02,-2.554201479564068705e-02,-1.911749557055246115e-02,-5.699405908386026391e-03,7.429451777235453625e-04,4.799181763396255518e-03,7.227845533400015232e-03,7.227845533400015232e-03,4.799181763396255518e-03,7.429451777235453625e-04,-5.699405908386026391e-03,-1.911749557055246115e-02,-2.554201479564068705e-02,-4.038395320807386391e-02,-6.580693461377788711e-02,-4.710618676872411342e-02,-4.887578479245023588e-02,-5.131919083429312828e-02,-5.313484552019333979e-02,-5.418290681582325907e-02,-5.417071803273446062e-02,-5.362187821087158884e-02,-5.280355178787030090e-02,-5.223835920334587296e-02,-5.223835920334587296e-02,-5.280355178787030090e-02,-5.362187821087158884e-02,-5.417071803273446062e-02,-5.418290681582325907e-02,-5.313484552019333979e-02,-5.131919083429312828e-02,-4.887578479245023588e-02,-4.710618676872411342e-02,8.376567683835105639e-04,1.020581496621525376e-03,1.213443611343000125e-03,1.422109355396349462e-03,1.643187756443986172e-03,1.887664261430893912e-03,2.171651341137316449e-03,2.535903360541390088e-03,6.503546338381292410e-04,4.873046785670345749e-04,3.233188569696809379e-04,1.489828848510461445e-04,-3.058386687120786119e-05,-2.218222980022479239e-04,-4.299367539534860810e-04,-6.734788940039633390e-04,8.376567683835105639e-04,1.020581496621525376e-03,1.213443611343000125e-03,1.422109355396349462e-03,1.643187756443986172e-03,1.887664261430893912e-03,2.171651341137316449e-03,2.535903360541390088e-03,6.503546338381292410e-04,4.873046785670345749e-04,3.233188569696809379e-04,1.489828848510461445e-04,-3.058386687120786119e-05,-2.218222980022479239e-04,-4.299367539534860810e-04,-6.734788940039633390e-04
cmyi,-2.563900000000000068e-01,-9.722999999999999698e-02,-4.479999999999999954e-02,-2.644000000000000170e-02,-7.000000000000000146e-03,6.000000000000000152e-05,3.330000000000000061e-03,4.680000000000000132e-03,4.680000000000000132e-03,3.330000000000000061e-03,6.000000000000000152e-05,-7.000000000000000146e-03,-2.644000000000000170e-02,-4.479999999999999954e-02,-9.722999999999999698e-02,-2.563900000000000068e-01,-3.381000000000000116e-01,-3.039600000000000080e-01,-2.815599999999999770e-01,-2.607999999999999763e-01,-2.405899999999999983e-01,-2.195999999999999897e-01,-1.999700000000000089e-01,-1.823200000000000098e-01,-1.679200000000000137e-01,-1.679200000000000137e-01,-1.823200000000000098e-01,-1.999700000000000089e-01,-2.195999999999999897e-01,-2.405899999999999983e-01,-2.607999999999999763e-01,-2.815599999999999770e-01,-3.039600000000000080e-01,-3.381000000000000116e-01,0.000000000000000000e+00,0.000000000000000000e+00,0.000000000000000000e+00,0.000000000000000000e+00,0.000000000000000000e+00,-0.000000000000000000e+00,-0.000000000000000000e+00,-0.000000000000000000e+00,-0.000000000000000000e+00,-0.000000000000000000e+00,-0.000000000000000000e+00,-0.000000000000000000e+00,-0.000000000000000000e+00,0.000000000000000000e+00,0.000000000000000000e+00,0.000000000000000000e+00,0.000000000000000000e+00,0.000000000000000000e+00,0.000000000000000000e+00,0.000000000000000000e+00,0.000000000000000000e+00,-0.000000000000000000e+00,-0.000000000000000000e+00,-0.000000000000000000e+00,-0.000000000000000000e+00,-0.000000000000000000e+00,-0.000000000000000000e+00,-0.000000000000000000e+00,-0.000000000000000000e+00,0.000000000000000000e+00,0.000000000000000000e+00,0.000000000000000000e+00
cmyi*c/cref,-6.663601882158971812e-02,-4.115430007778033555e-02,-2.628117278008045010e-02,-1.982999540546908843e-02,-6.393564320304837359e-03,6.460392849769960204e-05,4.129528494085149895e-03,6.568216911905257020e-03,6.568216911905257020e-03,4.129528494085149895e-03,6.460392849769960204e-05,-6.393564320304837359e-03,-1.982999540546908843e-02,-2.628117278008045010e-02,-4.115430007778033555e-02,-6.663601882158971812e-02,-4.710618676872411342e-02,-4.887578479245023588e-02,-5.131919083429312828e-02,-5.313484552019333979e-02,-5.418290681582325907e-02,-5.417071803273446062e-02,-5.362187821087158884e-02,-5.280355178787030090e-02,-5.223835920334587296e-02,-5.223835920334587296e-02,-5.280355178787030090e-02,-5.362187821087158884e-02,-5.417071803273446062e-02,-5.418290681582325907e-02,-5.313484552019333979e-02,-5.131919083429312828e-02,-4.887578479245023588e-02,-4.710618676872411342e-02,0.000000000000000000e+00,0.000000000000000000e+00,0.000000000000000000e+00,0.000000000000000000e+00,0.000000000000000000e+00,-0.000000000000000000e+00,-0.000000000000000000e+00,-0.000000000000000000e+00,-0.000000000000000000e+00,-0.000000000000000000e+00,-0.000000000000000000e+00,-0.000000000000000000e+00,-0.000000000000000000e+00,0.000000000000000000e+00,0.000000000000000000e+00,0.000000000000000000e+00,0.000000000000000000e+00,0.000000000000000000e+00,0.000000000000000000e+00,0.000000000000000000e+00,0.000000000000000000e+00,-0.000000000000000000e+00,-0.000000000000000000e+00,-0.000000000000000000e+00,-0.000000000000000000e+00,-0.000000000000000000e+00,-0.000000000000000000e+00,-0.000000000000000000e+00,-0.000000000000000000e+00,0.000000000000000000e+00,0.000000000000000000e+00,0.000000000000000000e+00
cmyo,3.190000000000000127e-03,1.820000000000000003e-03,1.260000000000000052e-03,9.499999999999999981e-04,7.600000000000000418e-04,6.300000000000000261e-04,5.400000000000000069e-04,4.699999999999999859e-04,4.699999999999999859e-04,5.400000000000000069e-04,6.300000000000000261e-04,7.600000000000000418e-04,9.499999999999999981e-04,1.260000000000000052e-03,1.820000000000000003e-03,3.190000000000000127e-03,0.000000000000000000e+00,0.000000000000000000e+00,0.000000000000000000e+00,0.000000000000000000e+00,0.000000000000000000e+00,0.000000000000000000e+00,0.000000000000000000e+00,0.000000000000000000e+00,0.000000000000000000e+00,0.000000000000000000e+00,0.000000000000000000e+00,0.000000000000000000e+00,0.000000000000000000e+00,0.000000000000000000e+00,0.000000000000000000e+00,0.000000000000000000e+00,0.000000000000000000e+00,0.000000000000000000e+00,1.610000000000000103e-03,2.220000000000000185e-03,3.040000000000000167e-03,4.199999999999999740e-03,5.910000000000000323e-03,8.680000000000000215e-03,1.383999999999999987e-02,2.631999999999999965e-02,1.250000000000000026e-03,1.059999999999999961e-03,8.099999999999999561e-04,4.400000000000000157e-04,-1.100000000000000039e-04,-1.020000000000000073e-03,-2.739999999999999814e-03,-6.989999999999999686e-03,1.610000000000000103e-03,2.220000000000000185e-03,3.040000000000000167e-03,4.199999999999999740e-03,5.910000000000000323e-03,8.680000000000000215e-03,1.383999999999999987e-02,2.631999999999999965e-02,1.250000000000000026e-03,1.059999999999999961e-03,8.099999999999999561e-04,4.400000000000000157e-04,-1.100000000000000039e-04,-1.020000000000000073e-03,-2.739999999999999814e-03,-6.989999999999999686e-03
cmyo*c/cref,8.290842078118147458e-04,7.703468697064713233e-04,7.391579844397627242e-04,7.124998349166275979e-04,6.941584119188109678e-04,6.783412492258458553e-04,6.696532693111054060e-04,6.596286214947586456e-04,6.596286214947586456e-04,6.696532693111054060e-04,6.783412492258458553e-04,6.941584119188109678e-04,7.124998349166275979e-04,7.391579844397627242e-04,7.703468697064713233e-04,8.290842078118147458e-04,0.000000000000000000e+00,0.000000000000000000e+00,0.000000000000000000e+00,0.000000000000000000e+00,0.000000000000000000e+00,0.000000000000000000e+00,0.000000000000000000e+00,0.000000000000000000e+00,0.000000000000000000e+00,0.000000000000000000e+00,0.000000000000000000e+00,0.000000000000000000e+00,0.000000000000000000e+00,0.000000000000000000e+00,0.000000000000000000e+00,0.000000000000000000e+00,0.000000000000000000e+00,0.000000000000000000e+00,8.376567683835105639e-04,1.020581496621525376e-03,1.213443611343000125e-03,1.422109355396349462e-03,1.643187756443986172e-03,1.887664261430893912e-03,2.171651341137316449e-03,2.535903360541390088e-03,6.503546338381292410e-04,4.873046785670345749e-04,3.233188569696809379e-04,1.489828848510461445e-04,-3.058386687120786119e-05,-2.218222980022479239e-04,-4.299367539534860810e-04,-6.734788940039633390e-04,8.376567683835105639e-04,1.020581496621525376e-03,1.213443611343000125e-03,1.422109355396349462e-03,1.643187756443986172e-03,1.887664261430893912e-03,2.171651341137316449e-03,2.535903360541390088e-03,6.503546338381292410e-04,4.873046785670345749e-04,3.233188569696809379e-04,1.489828848510461445e-04,-3.058386687120786119e-05,-2.218222980022479239e-04,-4.299367539534860810e-04,-6.734788940039633390e-04
cmz,-2.263000000000000081e-02,-1.122000000000000081e-02,-6.550000000000000266e-03,-4.060000000000000241e-03,-2.520000000000000104e-03,-1.490000000000000005e-03,-7.600000000000000418e-04,-2.200000000000000078e-04,2.200000000000000078e-04,7.600000000000000418e-04,1.490000000000000005e-03,2.520000000000000104e-03,4.060000000000000241e-03,6.550000000000000266e-03,1.122000000000000081e-02,2.263000000000000081e-02,-2.560000000000000123e-02,-1.919999999999999832e-02,-1.443999999999999971e-02,-1.077000000000000006e-02,-7.860000000000000667e-03,-5.519999999999999733e-03,-3.579999999999999849e-03,-1.969999999999999963e-03,-6.099999999999999737e-04,6.099999999999999737e-04,1.969999999999999963e-03,3.579999999999999849e-03,5.519999999999999733e-03,7.860000000000000667e-03,1.077000000000000006e-02,1.443999999999999971e-02,1.919999999999999832e-02,2.560000000000000123e-02,-6.610000000000000424e-03,-1.220000000000000077e-02,-1.956000000000000100e-02,-2.977000000000000132e-02,-4.522000000000000325e-02,-7.258000000000000562e-02,-1.275300000000000045e-01,-2.810500000000000220e-01,-2.220000000000000185e-03,2.190000000000000106e-03,1.205999999999999954e-02,3.618999999999999995e-02,1.881400000000000017e-01,1.925699999999999912e-01,2.579699999999999771e-01,4.805800000000000072e-01,6.610000000000000424e-03,1.220000000000000077e-02,1.956000000000000100e-02,2.977000000000000132e-02,4.522000000000000325e-02,7.258000000000000562e-02,1.275300000000000045e-01,2.810500000000000220e-01,2.220000000000000185e-03,-2.190000000000000106e-03,-1.205999999999999954e-02,-3.618999999999999995e-02,-1.881400000000000017e-01,-1.925699999999999912e-01,-2.579699999999999771e-01,-4.805699999999999972e-01
cmz*c/cref,-5.881559756357795585e-03,-4.749061471487147669e-03,-3.842448252444798183e-03,-3.044999294485798216e-03,-2.301683155309741744e-03,-1.604330891026206759e-03,-9.424749716230372380e-04,-3.087623334656317041e-04,3.087623334656317041e-04,9.424749716230372380e-04,1.604330891026206759e-03,2.301683155309741744e-03,3.044999294485798216e-03,3.842448252444798183e-03,4.749061471487147669e-03,5.881559756357795585e-03,-3.566750610113390407e-03,-3.087297894509292290e-03,-2.631940316973976294e-03,-2.194257232563198972e-03,-1.770138607474836152e-03,-1.361668322134308934e-03,-9.599756163170488927e-04,-5.705517607618718805e-04,-1.897653591831882885e-04,1.897653591831882885e-04,5.705517607618718805e-04,9.599756163170488927e-04,1.361668322134308934e-03,1.770138607474836152e-03,2.194257232563198972e-03,2.631940316973976294e-03,3.087297894509292290e-03,3.566750610113390407e-03,-3.439075303736027853e-03,-5.608601017469643304e-03,-7.807551657193777077e-03,-1.008004655003555405e-02,-1.257274963560017778e-02,-1.578417881274819107e-02,-2.001088840572557911e-02,-2.707886168237681399e-02,-1.155029829696517778e-03,1.006789854775288432e-03,4.813858537104137927e-03,1.225384227899854565e-02,5.230953375590043086e-02,4.187874502577732666e-02,4.047838847349664176e-02,4.630336006873028709e-02,3.439075303736027853e-03,5.608601017469643304e-03,7.807551657193777077e-03,1.008004655003555405e-02,1.257274963560017778e-02,1.578417881274819107e-02,2.001088840572557911e-02,2.707886168237681399e-02,1.155029829696517778e-03,-1.006789854775288432e-03,-4.813858537104137927e-03,-1.225384227899854565e-02,-5.230953375590043086e-02,-4.187874502577732666e-02,-4.047838847349664176e-02,-4.630239657961154193e-02
cmzi,0.000000000000000000e+00,0.000000000000000000e+00,0.000000000000000000e+00,0.000000000000000000e+00,-0.000000000000000000e+00,0.000000000000000000e+00,-0.000000000000000000e+00,-0.000000000000000000e+00,0.000000000000000000e+00,0.000000000000000000e+00,-0.000000000000000000e+00,0.000000000000000000e+00,-0.000000000000000000e+00,-0.000000000000000000e+00,-0.000000000000000000e+00,-0.000000000000000000e+00,0.000000000000000000e+00,0.000000000000000000e+00,0.000000000000000000e+00,0.000000000000000000e+00,0.000000000000000000e+00,0.000000000000000000e+00,-0.000000000000000000e+00,-0.000000000000000000e+00,0.000000000000000000e+00,-0.000000000000000000e+00,0.000000000000000000e+00,0.000000000000000000e+00,-0.000000000000000000e+00,-0.000000000000000000e+00,-0.000000000000000000e+00,-0.000000000000000000e+00,-0.000000000000000000e+00,-0.000000000000000000e+00,-5.199999999999999544e-04,-5.190000000000000169e-03,-1.133999999999999939e-02,-1.986999999999999877e-02,-3.284000000000000113e-02,-5.621999999999999914e-02,-1.038400000000000017e-01,-2.397600000000000009e-01,3.870000000000000176e-03,9.199999999999999845e-03,2.027999999999999942e-02,4.608999999999999903e-02,2.005699999999999983e-01,2.089499999999999968e-01,2.817100000000000160e-01,5.219399999999999595e-01,5.199999999999999544e-04,5.190000000000000169e-03,1.133999999999999939e-02,1.986999999999999877e-02,3.284000000000000113e-02,5.621999999999999914e-02,1.038400000000000017e-01,2.397600000000000009e-01,-3.870000000000000176e-03,-9.199999999999999845e-03,-2.027999999999999942e-02,-4.608999999999999903e-02,-2.005699999999999983e-01,-2.089499999999999968e-01,-2.817100000000000160e-01,-5.219399999999999595e-01
cmzi*c/cref,0.000000000000000000e+00,0.000000000000000000e+00,0.000000000000000000e+00,0.000000000000000000e+00,-0.000000000000000000e+00,0.000000000000000000e+00,-0.000000000000000000e+00,-0.000000000000000000e+00,0.000000000000000000e+00,0.000000000000000000e+00,-0.000000000000000000e+00,0.000000000000000000e+00,-0.000000000000000000e+00,-0.000000000000000000e+00,-0.000000000000000000e+00,-0.000000000000000000e+00,0.000000000000000000e+00,0.000000000000000000e+00,0.000000000000000000e+00,0.000000000000000000e+00,0.000000000000000000e+00,0.000000000000000000e+00,-0.000000000000000000e+00,-0.000000000000000000e+00,0.000000000000000000e+00,-0.000000000000000000e+00,0.000000000000000000e+00,0.000000000000000000e+00,-0.000000000000000000e+00,-0.000000000000000000e+00,-0.000000000000000000e+00,-0.000000000000000000e+00,-0.000000000000000000e+00,-0.000000000000000000e+00,-2.705475276766617482e-04,-2.385954039398971091e-03,-4.526463997575533131e-03,-6.727931640887014828e-03,-9.130674436822420331e-03,-1.222632313106507447e-02,-1.629366150749269812e-02,-2.310061511107156657e-02,2.013497946362848273e-03,4.229436832845960212e-03,8.094946196722381873e-03,1.560595718814708315e-02,5.576551071234691487e-02,4.544095016428401773e-02,4.420346093293305717e-02,5.028835106386675413e-02,2.705475276766617482e-04,2.385954039398971091e-03,4.526463997575533131e-03,6.727931640887014828e-03,9.130674436822420331e-03,1.222632313106507447e-02,1.629366150749269812e-02,2.310061511107156657e-02,-2.013497946362848273e-03,-4.229436832845960212e-03,-8.094946196722381873e-03,-1.560595718814708315e-02,-5.576551071234691487e-02,-4.544095016428401773e-02,-4.420346093293305717e-02,-5.028835106386675413e-02
cmzo,-2.263000000000000081e-02,-1.122000000000000081e-02,-6.550000000000000266e-03,-4.060000000000000241e-03,-2.520000000000000104e-03,-1.490000000000000005e-03,-7.600000000000000418e-04,-2.200000000000000078e-04,2.200000000000000078e-04,7.600000000000000418e-04,1.490000000000000005e-03,2.520000000000000104e-03,4.060000000000000241e-03,6.550000000000000266e-03,1.122000000000000081e-02,2.263000000000000081e-02,-2.560000000000000123e-02,-1.919999999999999832e-02,-1.443999999999999971e-02,-1.077000000000000006e-02,-7.860000000000000667e-03,-5.519999999999999733e-03,-3.579999999999999849e-03,-1.969999999999999963e-03,-6.099999999999999737e-04,6.099999999999999737e-04,1.969999999999999963e-03,3.579999999999999849e-03,5.519999999999999733e-03,7.860000000000000667e-03,1.077000000000000006e-02,1.443999999999999971e-02,1.919999999999999832e-02,2.560000000000000123e-02,-6.089999999999999927e-03,-7.009999999999999738e-03,-8.219999999999999876e-03,-9.900000000000000813e-03,-1.238000000000000038e-02,-1.634999999999999995e-02,-2.368999999999999925e-02,-4.129000000000000031e-02,-6.089999999999999927e-03,-7.009999999999999738e-03,-8.219999999999999876e-03,-9.900000000000000813e-03,-1.242000000000000048e-02,-1.638999999999999832e-02,-2.373000000000000109e-02,-4.136999999999999705e-02,6.089999999999999927e-03,7.009999999999999738e-03,8.219999999999999876e-03,9.900000000000000813e-03,1.238000000000000038e-02,1.634999999999999995e-02,2.368999999999999925e-02,4.129000000000000031e-02,6.089999999999999927e-03,7.009999999999999738e-03,8.219999999999999876e-03,9.900000000000000813e-03,1.242000000000000048e-02,1.638999999999999832e-02,2.373000000000000109e-02,4.136999999999999705e-02
cmzo*c/cref,-5.881559756357795585e-03,-4.749061471487147669e-03,-3.842448252444798183e-03,-3.044999294485798216e-03,-2.301683155309741744e-03,-1.604330891026206759e-03,-9.424749716230372380e-04,-3.087623334656317041e-04,3.087623334656317041e-04,9.424749716230372380e-04,1.604330891026206759e-03,2.301683155309741744e-03,3.044999294485798216e-03,3.842448252444798183e-03,4.749061471487147669e-03,5.881559756357795585e-03,-3.566750610113390407e-03,-3.087297894509292290e-03,-2.631940316973976294e-03,-2.194257232563198972e-03,-1.770138607474836152e-03,-1.361668322134308934e-03,-9.599756163170488927e-04,-5.705517607618718805e-04,-1.897653591831882885e-04,1.897653591831882885e-04,5.705517607618718805e-04,9.599756163170488927e-04,1.361668322134308934e-03,1.770138607474836152e-03,2.194257232563198972e-03,2.631940316973976294e-03,3.087297894509292290e-03,3.566750610113390407e-03,-3.168527776059365617e-03,-3.222646978070671780e-03,-3.281087659618243512e-03,-3.352114909148538359e-03,-3.442075198777757878e-03,-3.555680953271326758e-03,-3.717226898232877958e-03,-3.978246571305243083e-03,-3.168527776059365617e-03,-3.222646978070671780e-03,-3.281087659618243512e-03,-3.352114909148538359e-03,-3.453196604912742249e-03,-3.564379866918473104e-03,-3.723503347195702712e-03,-3.985954484255216541e-03,3.168527776059365617e-03,3.222646978070671780e-03,3.281087659618243512e-03,3.352114909148538359e-03,3.442075198777757878e-03,3.555680953271326758e-03,3.717226898232877958e-03,3.978246571305243083e-03,3.168527776059365617e-03,3.222646978070671780e-03,3.281087659618243512e-03,3.352114909148538359e-03,3.453196604912742249e-03,3.564379866918473104e-03,3.723503347195702712e-03,3.985954484255216541e-03
cs,0.000000000000000000e+00,0.000000000000000000e+00,0.000000000000000000e+00,0.000000000000000000e+00,-0.000000000000000000e+00,0.000000000000000000e+00,-0.000000000000000000e+00,-0.000000000000000000e+00,0.000000000000000000e+00,0.000000000000000000e+00,-0.000000000000000000e+00,0.000000000000000000e+00,-0.000000000000000000e+00,-0.000000000000000000e+00,-0.000000000000000000e+00,-0.000000000000000000e+00,0.000000000000000000e+00,0.000000000000000000e+00,0.000000000000000000e+00,0.000000000000000000e+00,0.000000000000000000e+00,-0.000000000000000000e+00,0.000000000000000000e+00,-0.000000000000000000e+00,0.000000000000000000e+00,-0.000000000000000000e+00,0.000000000000000000e+00,0.000000000000000000e+00,-0.000000000000000000e+00,0.000000000000000000e+00,-0.000000000000000000e+00,-0.000000000000000000e+00,-0.000000000000000000e+00,-0.000000000000000000e+00,-6.400000000000000524e-04,-3.559999999999999797e-03,-6.279999999999999992e-03,-8.810000000000000123e-03,-1.139000000000000082e-02,-1.452999999999999951e-02,-1.849999999999999908e-02,-2.503000000000000017e-02,2.619999999999999933e-03,5.590000000000000351e-03,1.010999999999999920e-02,1.830999999999999989e-02,6.133999999999999869e-02,4.970000000000000112e-02,4.782000000000000139e-02,5.330000000000000016e-02,6.400000000000000524e-04,3.559999999999999797e-03,6.279999999999999992e-03,8.810000000000000123e-03,1.139000000000000082e-02,1.452999999999999951e-02,1.849999999999999908e-02,2.503000000000000017e-02,-2.619999999999999933e-03,-5.590000000000000351e-03,-1.010999999999999920e-02,-1.830999999999999989e-02,-6.133999999999999869e-02,-4.970000000000000112e-02,-4.782000000000000139e-02,-5.330000000000000016e-02
cs*c/cref,0.000000000000000000e+00,0.000000000000000000e+00,0.000000000000000000e+00,0.000000000000000000e+00,-0.000000000000000000e+00,0.000000000000000000e+00,-0.000000000000000000e+00,-0.000000000000000000e+00,0.000000000000000000e+00,0.000000000000000000e+00,-0.000000000000000000e+00,0.000000000000000000e+00,-0.000000000000000000e+00,-0.000000000000000000e+00,-0.000000000000000000e+00,-0.000000000000000000e+00,0.000000000000000000e+00,0.000000000000000000e+00,0.000000000000000000e+00,0.000000000000000000e+00,0.000000000000000000e+00,-0.000000000000000000e+00,0.000000000000000000e+00,-0.000000000000000000e+00,0.000000000000000000e+00,-0.000000000000000000e+00,0.000000000000000000e+00,0.000000000000000000e+00,-0.000000000000000000e+00,0.000000000000000000e+00,-0.000000000000000000e+00,-0.000000000000000000e+00,-0.000000000000000000e+00,-0.000000000000000000e+00,-3.329815725251222434e-04,-1.636608165753436917e-03,-2.506719039221723660e-03,-2.983043671676628705e-03,-3.166820396936886883e-03,-3.159880382326138958e-03,-2.902857645306383856e-03,-2.411613264223061784e-03,1.363143312524719031e-03,2.569842597348795561e-03,4.035498325880832078e-03,6.199719594596943099e-03,1.705467630799900255e-02,1.080840020658011859e-02,7.503494735056826480e-03,5.135397002920064242e-03,3.329815725251222434e-04,1.636608165753436917e-03,2.506719039221723660e-03,2.983043671676628705e-03,3.166820396936886883e-03,3.159880382326138958e-03,2.902857645306383856e-03,2.411613264223061784e-03,-1.363143312524719031e-03,-2.569842597348795561e-03,-4.035498325880832078e-03,-6.199719594596943099e-03,-1.705467630799900255e-02,-1.080840020658011859e-02,-7.503494735056826480e-03,-5.135397002920064242e-03
csi,0.000000000000000000e+00,0.000000000000000000e+00,0.000000000000000000e+00,0.000000000000000000e+00,-0.000000000000000000e+00,0.000000000000000000e+00,-0.000000000000000000e+00,-0.000000000000000000e+00,0.000000000000000000e+00,0.000000000000000000e+00,-0.000000000000000000e+00,0.000000000000000000e+00,-0.000000000000000000e+00,-0.000000000000000000e+00,-0.000000000000000000e+00,-0.000000000000000000e+00,0.000000000000000000e+00,0.000000000000000000e+00,0.000000000000000000e+00,0.000000000000000000e+00,0.000000000000000000e+00,-0.000000000000000000e+00,0.000000000000000000e+00,-0.000000000000000000e+00,0.000000000000000000e+00,-0.000000000000000000e+00,0.000000000000000000e+00,0.000000000000000000e+00,-0.000000000000000000e+00,0.000000000000000000e+00,-0.000000000000000000e+00,-0.000000000000000000e+00,-0.000000000000000000e+00,-0.000000000000000000e+00,-6.400000000000000524e-04,-3.559999999999999797e-03,-6.279999999999999992e-03,-8.810000000000000123e-03,-1.139000000000000082e-02,-1.452999999999999951e-02,-1.849999999999999908e-02,-2.503000000000000017e-02,2.619999999999999933e-03,5.590000000000000351e-03,1.010999999999999920e-02,1.830999999999999989e-02,6.133999999999999869e-02,4.970000000000000112e-02,4.782000000000000139e-02,5.330000000000000016e-02,6.400000000000000524e-04,3.559999999999999797e-03,6.279999999999999992e-03,8.810000000000000123e-03,1.139000000000000082e-02,1.452999999999999951e-02,1.849999999999999908e-02,2.503000000000000017e-02,-2.619999999999999933e-03,-5.590000000000000351e-03,-1.010999999999999920e-02,-1.830999999999999989e-02,-6.133999999999999869e-02,-4.970000000000000112e-02,-4.782000000000000139e-02,-5.330000000000000016e-02
csi*c/cref,0.000000000000000000e+00,0.000000000000000000e+00,0.000000000000000000e+00,0.000000000000000000e+00,-0.000000000000000000e+00,0.000000000000000000e+00,-0.000000000000000000e+00,-0.000000000000000000e+00,0.000000000000000000e+00,0.000000000000000000e+00,-0.000000000000000000e+00,0.000000000000000000e+00,-0.000000000000000000e+00,-0.000000000000000000e+00,-0.000000000000000000e+00,-0.000000000000000000e+00,0.000000000000000000e+00,0.000000000000000000e+00,0.000000000000000000e+00,0.000000000000000000e+00,0.000000000000000000e+00,-0.000000000000000000e+00,0.000000000000000000e+00,-0.000000000000000000e+00,0.000000000000000000e+00,-0.000000000000000000e+00,0.000000000000000000e+00,0.000000000000000000e+00,-0.000000000000000000e+00,0.000000000000000000e+00,-0.000000000000000000e+00,-0.000000000000000000e+00,-0.000000000000000000e+00,-0.000000000000000000e+00,-3.329815725251222434e-04,-1.636608165753436917e-03,-2.506719039221723660e-03,-2.983043671676628705e-03,-3.166820396936886883e-03,-3.159880382326138958e-03,-2.902857645306383856e-03,-2.411613264223061784e-03,1.363143312524719031e-03,2.569842597348795561e-03,4.035498325880832078e-03,6.199719594596943099e-03,1.705467630799900255e-02,1.080840020658011859e-02,7.503494735056826480e-03,5.135397002920064242e-03,3.329815725251222434e-04,1.636608165753436917e-03,2.506719039221723660e-03,2.983043671676628705e-03,3.166820396936886883e-03,3.159880382326138958e-03,2.902857645306383856e-03,2.411613264223061784e-03,-1.363143312524719031e-03,-2.569842597348795561e-03,-4.035498325880832078e-03,-6.199719594596943099e-03,-1.705467630799900255e-02,-1.080840020658011859e-02,-7.503494735056826480e-03,-5.135397002920064242e-03
cso,0.000000000000000000e+00,0.000000000000000000e+00,0.000000000000000000e+00,0.000000000000000000e+00,0.000000000000000000e+00,0.000000000000000000e+00,0.000000000000000000e+00,0.000000000000000000e+00,0.000000000000000000e+00,0.000000000000000000e+00,0.000000000000000000e+00,0.000000000000000000e+00,0.000000000000000000e+00,0.000000000000000000e+00,0.000000000000000000e+00,0.000000000000000000e+00,0.000000000000000000e+00,0.000000000000000000e+00,0.000000000000000000e+00,0.000000000000000000e+00,0.000000000000000000e+00,0.000000000000000000e+00,0.000000000000000000e+00,0.000000000000000000e+00,0.000000000000000000e+00,0.000000000000000000e+00,0.000000000000000000e+00,0.000000000000000000e+00,0.000000000000000000e+00,0.000000000000000000e+00,0.000000000000000000e+00,0.000000000000000000e+00,0.000000000000000000e+00,0.000000000000000000e+00,0.000000000000000000e+00,0.000000000000000000e+00,0.000000000000000000e+00,0.000000000000000000e+00,0.000000000000000000e+00,0.000000000000000000e+00,0.000000000000000000e+00,0.000000000000000000e+00,0.000000000000000000e+00,0.000000000000000000e+00,0.000000000000000000e+00,0.000000000000000000e+00,0.000000000000000000e+00,0.000000000000000000e+00,0.000000000000000000e+00,0.000000000000000000e+00,0.000000000000000000e+00,0.000000000000000000e+00,0.000000000000000000e+00,0.000000000000000000e+00,0.000000000000000000e+00,0.000000000000000000e+00,0.000000000000000000e+00,0.000000000000000000e+00,0.000000000000000000e+00,0.000000000000000000e+00,0.000000000000000000e+00,0.000000000000000000e+00,0.000000000000000000e+00,0.000000000000000000e+00,0.000000000000000000e+00,0.000000000000000000e+00
cso*c/cref,0.000000000000000000e+00,0.000000000000000000e+00,0.000000000000000000e+00,0.000000000000000000e+00,0.000000000000000000e+00,0.000000000000000000e+00,0.000000000000000000e+00,0.000000000000000000e+00,0.000000000000000000e+00,0.000000000000000000e+00,0.000000000000000000e+00,0.000000000000000000e+00,0.000000000000000000e+00,0.000000000000000000e+00,0.000000000000000000e+00,0.000000000000000000e+00,0.000000000000000000e+00,0.000000000000000000e+00,0.000000000000000000e+00,0.000000000000000000e+00,0.000000000000000000e+00,0.000000000000000000e+00,0.000000000000000000e+00,0.000000000000000000e+00,0.000000000000000000e+00,0.000000000000000000e+00,0.000000000000000000e+00,0.000000000000000000e+00,0.000000000000000000e+00,0.000000000000000000e+00,0.000000000000000000e+00,0.000000000000000000e+00,0.000000000000000000e+00,0.000000000000000000e+00,0.000000000000000000e+00,0.000000000000000000e+00,0.000000000000000000e+00,0.000000000000000000e+00,0.000000000000000000e+00,0.000000000000000000e+00,0.000000000000000000e+00,0.000000000000000000e+00,0.000000000000000000e+00,0.000000000000000000e+00,0.000000000000000000e+00,0.000000000000000000e+00,0.000000000000000000e+00,0.000000000000000000e+00,0.000000000000000000e+00,0.000000000000000000e+00,0.000000000000000000e+00,0.000000000000000000e+00,0.000000000000000000e+00,0.000000000000000000e+00,0.000000000000000000e+00,0.000000000000000000e+00,0.000000000000000000e+00,0.000000000000000000e+00,0.000000000000000000e+00,0.000000000000000000e+00,0.000000000000000000e+00,0.000000000000000000e+00,0.000000000000000000e+00,0.000000000000000000e+00,0.000000000000000000e+00,0.000000000000000000e+00
cx,6.270000000000000399e-03,5.850000000000000165e-03,5.590000000000000351e-03,5.409999999999999878e-03,5.259999999999999919e-03,5.150000000000000064e-03,5.060000000000000261e-03,4.980000000000000052e-03,4.980000000000000052e-03,5.060000000000000261e-03,5.150000000000000064e-03,5.259999999999999919e-03,5.409999999999999878e-03,5.590000000000000351e-03,5.850000000000000165e-03,6.270000000000000399e-03,6.720000000000000279e-03,6.590000000000000371e-03,6.479999999999999649e-03,6.380000000000000254e-03,6.300000000000000044e-03,6.219999999999999835e-03,6.150000000000000085e-03,6.089999999999999927e-03,6.029999999999999770e-03,6.029999999999999770e-03,6.089999999999999927e-03,6.150000000000000085e-03,6.219999999999999835e-03,6.300000000000000044e-03,6.380000000000000254e-03,6.479999999999999649e-03,6.590000000000000371e-03,6.720000000000000279e-03,5.619999999999999996e-03,5.709999999999999798e-03,5.819999999999999653e-03,5.950000000000000427e-03,6.100000000000000387e-03,6.309999999999999637e-03,6.590000000000000371e-03,7.060000000000000303e-03,5.619999999999999996e-03,5.709999999999999798e-03,5.819999999999999653e-03,5.950000000000000427e-03,6.130000000000000032e-03,6.320000000000000097e-03,6.610000000000000424e-03,7.069999999999999896e-03,5.619999999999999996e-03,5.709999999999999798e-03,5.819999999999999653e-03,5.950000000000000427e-03,6.100000000000000387e-03,6.309999999999999637e-03,6.590000000000000371e-03,7.060000000000000303e-03,5.619999999999999996e-03,5.709999999999999798e-03,5.819999999999999653e-03,5.950000000000000427e-03,6.130000000000000032e-03,6.320000000000000097e-03,6.610000000000000424e-03,7.069999999999999896e-03
cx*c/cref,1.629579305009429095e-03,2.476114938342229184e-03,3.279280264300216997e-03,4.057499059893636927e-03,4.804306903543349022e-03,5.545170529385882660e-03,6.274899153174431921e-03,6.989256457540208960e-03,6.989256457540208960e-03,6.274899153174431921e-03,5.545170529385882660e-03,4.804306903543349022e-03,4.057499059893636927e-03,3.279280264300216997e-03,2.476114938342229184e-03,1.629579305009429095e-03,9.362720351547649872e-04,1.059650683584179151e-03,1.181092330608820391e-03,1.299847831360558112e-03,1.418813387670670194e-03,1.534343652839746750e-03,1.649120123002751660e-03,1.763786915248629315e-03,1.875877239138730055e-03,1.875877239138730055e-03,1.763786915248629315e-03,1.649120123002751660e-03,1.534343652839746750e-03,1.418813387670670194e-03,1.299847831360558112e-03,1.181092330608820391e-03,1.059650683584179151e-03,9.362720351547649872e-04,2.923994433736229297e-03,2.625009164733742902e-03,2.323105861189559123e-03,2.014654920144828658e-03,1.696014435585163453e-03,1.372253627837435397e-03,1.034044966625355302e-03,6.802233178351905487e-04,2.923994433736229297e-03,2.625009164733742902e-03,2.323105861189559123e-03,2.014654920144828658e-03,1.704355490186401732e-03,1.374428356249222201e-03,1.037183191106767679e-03,6.811868069539372310e-04,2.923994433736229297e-03,2.625009164733742902e-03,2.323105861189559123e-03,2.014654920144828658e-03,1.696014435585163453e-03,1.372253627837435397e-03,1.034044966625355302e-03,6.802233178351905487e-04,2.923994433736229297e-03,2.625009164733742902e-03,2.323105861189559123e-03,2.014654920144828658e-03,1.704355490186401732e-03,1.374428356249222201e-03,1.037183191106767679e-03,6.811868069539372310e-04
cxi,-0.000000000000000000e+00,-0.000000000000000000e+00,-0.000000000000000000e+00,-0.000000000000000000e+00,-0.000000000000000000e+00,-0.000000000000000000e+00,0.000000000000000000e+00,0.000000000000000000e+00,0.000000000000000000e+00,0.000000000000000000e+00,-0.000000000000000000e+00,-0.000000000000000000e+00,-0.000000000000000000e+00,-0.000000000000000000e+00,-0.000000000000000000e+00,-0.000000000000000000e+00,-0.000000000000000000e+00,-0.000000000000000000e+00,-0.000000000000000000e+00,-0.000000000000000000e+00,-0.000000000000000000e+00,-0.000000000000000000e+00,0.000000000000000000e+00,-0.000000000000000000e+00,0.000000000000000000e+00,0.000000000000000000e+00,-0.000000000000000000e+00,-0.000000000000000000e+00,0.000000000000000000e+00,-0.000000000000000000e+00,-0.000000000000000000e+00,-0.000000000000000000e+00,-0.000000000000000000e+00,-0.000000000000000000e+00,0.000000000000000000e+00,0.000000000000000000e+00,0.000000000000000000e+00,-0.000000000000000000e+00,-0.000000000000000000e+00,-0.000000000000000000e+00,-0.000000000000000000e+00,-0.000000000000000000e+00,-0.000000000000000000e+00,-0.000000000000000000e+00,-0.000000000000000000e+00,-0.000000000000000000e+00,-0.000000000000000000e+00,-0.000000000000000000e+00,-0.000000000000000000e+00,-0.000000000000000000e+00,0.000000000000000000e+00,0.000000000000000000e+00,0.000000000000000000e+00,-0.000000000000000000e+00,-0.000000000000000000e+00,-0.000000000000000000e+00,-0.000000000000000000e+00,-0.000000000000000000e+00,-0.000000000000000000e+00,-0.000000000000000000e+00,-0.000000000000000000e+00,-0.000000000000000000e+00,-0.000000000000000000e+00,-0.000000000000000000e+00,-0.000000000000000000e+00,-0.000000000000000000e+00
cxi*c/cref,-0.000000000000000000e+00,-0.000000000000000000e+00,-0.000000000000000000e+00,-0.000000000000000000e+00,-0.000000000000000000e+00,-0.000000000000000000e+00,0.000000000000000000e+00,0.000000000000000000e+00,0.000000000000000000e+00,0.000000000000000000e+00,-0.000000000000000000e+00,-0.000000000000000000e+00,-0.000000000000000000e+00,-0.000000000000000000e+00,-0.000000000000000000e+00,-0.000000000000000000e+00,-0.000000000000000000e+00,-0.000000000000000000e+00,-0.000000000000000000e+00,-0.000000000000000000e+00,-0.000000000000000000e+00,-0.000000000000000000e+00,0.000000000000000000e+00,-0.000000000000000000e+00,0.000000000000000000e+00,0.000000000000000000e+00,-0.000000000000000000e+00,-0.000000000000000000e+00,0.000000000000000000e+00,-0.000000000000000000e+00,-0.000000000000000000e+00,-0.000000000000000000e+00,-0.000000000000000000e+00,-0.000000000000000000e+00,0.000000000000000000e+00,0.000000000000000000e+00,0.000000000000000000e+00,-0.000000000000000000e+00,-0.000000000000000000e+00,-0.000000000000000000e+00,-0.000000000000000000e+00,-0.000000000000000000e+00,-0.000000000000000000e+00,-0.000000000000000000e+00,-0.000000000000000000e+00,-0.000000000000000000e+00,-0.000000000000000000e+00,-0.000000000000000000e+00,-0.000000000000000000e+00,-0.000000000000000000e+00,0.000000000000000000e+00,0.000000000000000000e+00,0.000000000000000000e+00,-0.000000000000000000e+00,-0.000000000000000000e+00,-0.000000000000000000e+00,-0.000000000000000000e+00,-0.000000000000000000e+00,-0.000000000000000000e+00,-0.000000000000000000e+00,-0.000000000000000000e+00,-0.000000000000000000e+00,-0.000000000000000000e+00,-0.000000000000000000e+00,-0.000000000000000000e+00,-0.000000000000000000e+00
cxo,6.270000000000000399e-03,5.850000000000000165e-03,5.590000000000000351e-03,5.409999999999999878e-03,5.259999999999999919e-03,5.150000000000000064e-03,5.060000000000000261e-03,4.980000000000000052e-03,4.980000000000000052e-03,5.060000000000000261e-03,5.150000000000000064e-03,5.259999999999999919e-03,5.409999999999999878e-03,5.590000000000000351e-03,5.850000000000000165e-03,6.270000000000000399e-03,6.720000000000000279e-03,6.590000000000000371e-03,6.479999999999999649e-03,6.380000000000000254e-03,6.300000000000000044e-03,6.219999999999999835e-03,6.150000000000000085e-03,6.089999999999999927e-03,6.029999999999999770e-03,6.029999999999999770e-03,6.089999999999999927e-03,6.150000000000000085e-03,6.219999999999999835e-03,6.300000000000000044e-03,6.380000000000000254e-03,6.479999999999999649e-03,6.590000000000000371e-03,6.720000000000000279e-03,5.619999999999999996e-03,5.709999999999999798e-03,5.819999999999999653e-03,5.950000000000000427e-03,6.100000000000000387e-03,6.309999999999999637e-03,6.590000000000000371e-03,7.060000000000000303e-03,5.619999999999999996e-03,5.709999999999999798e-03,5.819999999999999653e-03,5.950000000000000427e-03,6.130000000000000032e-03,6.320000000000000097e-03,6.610000000000000424e-03,7.069999999999999896e-03,5.619999999999999996e-03,5.709999999999999798e-03,5.819999999999999653e-03,5.950000000000000427e-03,6.100000000000000387e-03,6.309999999999999637e-03,6.590000000000000371e-03,7.060000000000000303e-03,5.619999999999999996e-03,5.709999999999999798e-03,5.819999999999999653e-03,5.950000000000000427e-03,6.130000000000000032e-03,6.320000000000000097e-03,6.610000000000000424e-03,7.069999999999999896e-03
cxo*c/cref,1.629579305009429095e-03,2.476114938342229184e-03,3.279280264300216997e-03,4.057499059893636927e-03,4.804306903543349022e-03,5.545170529385882660e-03,6.274899153174431921e-03,6.989256457540208960e-03,6.989256457540208960e-03,6.274899153174431921e-03,5.545170529385882660e-03,4.804306903543349022e-03,4.057499059893636927e-03,3.279280264300216997e-03,2.476114938342229184e-03,1.629579305009429095e-03,9.362720351547649872e-04,1.059650683584179151e-03,1.181092330608820391e-03,1.299847831360558112e-03,1.418813387670670194e-03,1.534343652839746750e-03,1.649120123002751660e-03,1.763786915248629315e-03,1.875877239138730055e-03,1.875877239138730055e-03,1.763786915248629315e-03,1.649120123002751660e-03,1.534343652839746750e-03,1.418813387670670194e-03,1.299847831360558112e-03,1.181092330608820391e-03,1.059650683584179151e-03,9.362720351547649872e-04,2.923994433736229297e-03,2.625009164733742902e-03,2.323105861189559123e-03,2.014654920144828658e-03,1.696014435585163453e-03,1.372253627837435397e-03,1.034044966625355302e-03,6.802233178351905487e-04,2.923994433736229297e-03,2.625009164733742902e-03,2.323105861189559123e-03,2.014654920144828658e-03,1.704355490186401732e-03,1.374428356249222201e-03,1.037183191106767679e-03,6.811868069539372310e-04,2.923994433736229297e-03,2.625009164733742902e-03,2.323105861189559123e-03,2.014654920144828658e-03,1.696014435585163453e-03,1.372253627837435397e-03,1.034044966625355302e-03,6.802233178351905487e-04,2.923994433736229297e-03,2.625009164733742902e-03,2.323105861189559123e-03,2.014654920144828658e-03,1.704355490186401732e-03,1.374428356249222201e-03,1.037183191106767679e-03,6.811868069539372310e-04
cy,0.000000000000000000e+00,0.000000000000000000e+00,0.000000000000000000e+00,0.000000000000000000e+00,-0.000000000000000000e+00,0.000000000000000000e+00,-0.000000000000000000e+00,-0.000000000000000000e+00,0.000000000000000000e+00,0.000000000000000000e+00,-0.000000000000000000e+00,0.000000000000000000e+00,-0.000000000000000000e+00,-0.000000000000000000e+00,-0.000000000000000000e+00,-0.000000000000000000e+00,0.000000000000000000e+00,0.000000000000000000e+00,0.000000000000000000e+00,0.000000000000000000e+00,0.000000000000000000e+00,-0.000000000000000000e+00,0.000000000000000000e+00,-0.000000000000000000e+00,0.000000000000000000e+00,-0.000000000000000000e+00,0.000000000000000000e+00,0.000000000000000000e+00,-0.000000000000000000e+00,0.000000000000000000e+00,-0.000000000000000000e+00,-0.000000000000000000e+00,-0.000000000000000000e+00,-0.000000000000000000e+00,-6.400000000000000524e-04,-3.559999999999999797e-03,-6.279999999999999992e-03,-8.810000000000000123e-03,-1.139000000000000082e-02,-1.452999999999999951e-02,-1.849999999999999908e-02,-2.503000000000000017e-02,2.619999999999999933e-03,5.590000000000000351e-03,1.010999999999999920e-02,1.830999999999999989e-02,6.133999999999999869e-02,4.970000000000000112e-02,4.782000000000000139e-02,5.330000000000000016e-02,6.400000000000000524e-04,3.559999999999999797e-03,6.279999999999999992e-03,8.810000000000000123e-03,1.139000000000000082e-02,1.452999999999999951e-02,1.849999999999999908e-02,2.503000000000000017e-02,-2.619999999999999933e-03,-5.590000000000000351e-03,-1.010999999999999920e-02,-1.830999999999999989e-02,-6.133999999999999869e-02,-4.970000000000000112e-02,-4.782000000000000139e-02,-5.330000000000000016e-02
cy*c/cref,0.000000000000000000e+00,0.000000000000000000e+00,0.000000000000000000e+00,0.000000000000000000e+00,-0.000000000000000000e+00,0.000000000000000000e+00,-0.000000000000000000e+00,-0.000000000000000000e+00,0.000000000000000000e+00,0.000000000000000000e+00,-0.000000000000000000e+00,0.000000000000000000e+00,-0.000000000000000000e+00,-0.000000000000000000e+00,-0.000000000000000000e+00,-0.000000000000000000e+00,0.000000000000000000e+00,0.000000000000000000e+00,0.000000000000000000e+00,0.000000000000000000e+00,0.000000000000000000e+00,-0.000000000000000000e+00,0.000000000000000000e+00,-0.000000000000000000e+00,0.000000000000000000e+00,-0.000000000000000000e+00,0.000000000000000000e+00,0.000000000000000000e+00,-0.000000000000000000e+00,0.000000000000000000e+00,-0.000000000000000000e+00,-0.000000000000000000e+00,-0.000000000000000000e+00,-0.000000000000000000e+00,-3.329815725251222434e-04,-1.636608165753436917e-03,-2.506719039221723660e-03,-2.983043671676628705e-03,-3.166820396936886883e-03,-3.159880382326138958e-03,-2.902857645306383856e-03,-2.411613264223061784e-03,1.363143312524719031e-03,2.569842597348795561e-03,4.035498325880832078e-03,6.199719594596943099e-03,1.705467630799900255e-02,1.080840020658011859e-02,7.503494735056826480e-03,5.135397002920064242e-03,3.329815725251222434e-04,1.636608165753436917e-03,2.506719039221723660e-03,2.983043671676628705e-03,3.166820396936886883e-03,3.159880382326138958e-03,2.902857645306383856e-03,2.411613264223061784e-03,-1.363143312524719031e-03,-2.569842597348795561e-03,-4.035498325880832078e-03,-6.199719594596943099e-03,-1.705467630799900255e-02,-1.080840020658011859e-02,-7.503494735056826480e-03,-5.135397002920064242e-03
cyi,0.000000000000000000e+00,0.000000000000000000e+00,0.000000000000000000e+00,0.000000000000000000e+00,-0.000000000000000000e+00,0.000000000000000000e+00,-0.000000000000000000e+00,-0.000000000000000000e+00,0.000000000000000000e+00,0.000000000000000000e+00,-0.000000000000000000e+00,0.000000000000000000e+00,-0.000000000000000000e+00,-0.000000000000000000e+00,-0.000000000000000000e+00,-0.000000000000000000e+00,0.000000000000000000e+00,0.000000000000000000e+00,0.000000000000000000e+00,0.000000000000000000e+00,0.000000000000000000e+00,-0.000000000000000000e+00,0.000000000000000000e+00,-0.000000000000000000e+00,0.000000000000000000e+00,-0.000000000000000000e+00,0.000000000000000000e+00,0.000000000000000000e+00,-0.000000000000000000e+00,0.000000000000000000e+00,-0.000000000000000000e+00,-0.000000000000000000e+00,-0.000000000000000000e+00,-0.000000000000000000e+00,-6.400000000000000524e-04,-3.559999999999999797e-03,-6.279999999999999992e-03,-8.810000000000000123e-03,-1.139000000000000082e-02,-1.452999999999999951e-02,-1.849999999999999908e-02,-2.503000000000000017e-02,2.619999999999999933e-03,5.590000000000000351e-03,1.010999999999999920e-02,1.830999999999999989e-02,6.133999999999999869e-02,4.970000000000000112e-02,4.782000000000000139e-02,5.330000000000000016e-02,6.400000000000000524e-04,3.559999999999999797e-03,6.279999999999999992e-03,8.810000000000000123e-03,1.139000000000000082e-02,1.452999999999999951e-02,1.849999999999999908e-02,2.503000000000000017e-02,-2.619999999999999933e-03,-5.590000000000000351e-03,-1.010999999999999920e-02,-1.830999999999999989e-02,-6.133999999999999869e-02,-4.970000000000000112e-02,-4.782000000000000139e-02,-5.330000000000000016e-02
cyi*c/cref,0.000000000000000000e+00,0.000000000000000000e+00,0.000000000000000000e+00,0.000000000000000000e+00,-0.000000000000000000e+00,0.000000000000000000e+00,-0.000000000000000000e+00,-0.000000000000000000e+00,0.000000000000000000e+00,0.000000000000000000e+00,-0.000000000000000000e+00,0.000000000000000000e+00,-0.000000000000000000e+00,-0.000000000000000000e+00,-0.000000000000000000e+00,-0.000000000000000000e+00,0.000000000000000000e+00,0.000000000000000000e+00,0.000000000000000000e+00,0.000000000000000000e+00,0.000000000000000000e+00,-0.000000000000000000e+00,0.000000000000000000e+00,-0.000000000000000000e+00,0.000000000000000000e+00,-0.000000000000000000e+00,0.000000000000000000e+00,0.000000000000000000e+00,-0.000000000000000000e+00,0.000000000000000000e+00,-0.000000000000000000e+00,-0.000000000000000000e+00,-0.000000000000000000e+00,-0.000000000000000000e+00,-3.329815725251222434e-04,-1.636608165753436917e-03,-2.506719039221723660e-03,-2.983043671676628705e-03,-3.166820396936886883e-03,-3.159880382326138958e-03,-2.902857645306383856e-03,-2.411613264223061784e-03,1.363143312524719031e-03,2.569842597348795561e-03,4.035498325880832078e-03,6.199719594596943099e-03,1.705467630799900255e-02,1.080840020658011859e-02,7.503494735056826480e-03,5.135397002920064242e-03,3.329815725251222434e-04,1.636608165753436917e-03,2.506719039221723660e-03,2.983043671676628705e-03,3.166820396936886883e-03,3.159880382326138958e-03,2.902857645306383856e-03,2.411613264223061784e-03,-1.363143312524719031e-03,-2.569842597348795561e-03,-4.035498325880832078e-03,-6.199719594596943099e-03,-1.705467630799900255e-02,-1.080840020658011859e-02,-7.503494735056826480e-03,-5.135397002920064242e-03
cyo,0.000000000000000000e+00,0.000000000000000000e+00,0.000000000000000000e+00,0.000000000000000000e+00,0.000000000000000000e+00,0.000000000000000000e+00,0.000000000000000000e+00,0.000000000000000000e+00,0.000000000000000000e+00,0.000000000000000000e+00,0.000000000000000000e+00,0.000000000000000000e+00,0.000000000000000000e+00,0.000000000000000000e+00,0.000000000000000000e+00,0.000000000000000000e+00,0.000000000000000000e+00,0.000000000000000000e+00,0.000000000000000000e+00,0.000000000000000000e+00,0.000000000000000000e+00,0.000000000000000000e+00,0.000000000000000000e+00,0.000000000000000000e+00,0.000000000000000000e+00,0.000000000000000000e+00,0.000000000000000000e+00,0.000000000000000000e+00,0.000000000000000000e+00,0.000000000000000000e+00,0.000000000000000000e+00,0.000000000000000000e+00,0.000000000000000000e+00,0.000000000000000000e+00,0.000000000000000000e+00,0.000000000000000000e+00,0.000000000000000000e+00,0.000000000000000000e+00,0.000000000000000000e+00,0.000000000000000000e+00,0.000000000000000000e+00,0.000000000000000000e+00,0.000000000000000000e+00,0.000000000000000000e+00,0.000000000000000000e+00,0.000000000000000000e+00,0.000000000000000000e+00,0.000000000000000000e+00,0.000000000000000000e+00,0.000000000000000000e+00,0.000000000000000000e+00,0.000000000000000000e+00,0.000000000000000000e+00,0.000000000000000000e+00,0.000000000000000000e+00,0.000000000000000000e+00,0.000000000000000000e+00,0.000000000000000000e+00,0.000000000000000000e+00,0.000000000000000000e+00,0.000000000000000000e+00,0.000000000000000000e+00,0.000000000000000000e+00,0.000000000000000000e+00,0.000000000000000000e+00,0.000000000000000000e+00
cyo*c/cref,0.000000000000000000e+00,0.000000000000000000e+00,0.000000000000000000e+00,0.000000000000000000e+00,0.000000000000000000e+00,0.000000000000000000e+00,0.000000000000000000e+00,0.000000000000000000e+00,0.000000000000000000e+00,0.000000000000000000e+00,0.000000000000000000e+00,0.000000000000000000e+00,0.000000000000000000e+00,0.000000000000000000e+00,0.000000000000000000e+00,0.000000000000000000e+00,0.000000000000000000e+00,0.000000000000000000e+00,0.000000000000000000e+00,0.000000000000000000e+00,0.000000000000000000e+00,0.000000000000000000e+00,0.000000000000000000e+00,0.000000000000000000e+00,0.000000000000000000e+00,0.000000000000000000e+00,0.000000000000000000e+00,0.000000000000000000e+00,0.000000000000000000e+00,0.000000000000000000e+00,0.000000000000000000e+00,0.000000000000000000e+00,0.000000000000000000e+00,0.000000000000000000e+00,0.000000000000000000e+00,0.000000000000000000e+00,0.000000000000000000e+00,0.000000000000000000e+00,0.000000000000000000e+00,0.000000000000000000e+00,0.000000000000000000e+00,0.000000000000000000e+00,0.000000000000000000e+00,0.000000000000000000e+00,0.000000000000000000e+00,0.000000000000000000e+00,0.000000000000000000e+00,0.000000000000000000e+00,0.000000000000000000e+00,0.000000000000000000e+00,0.000000000000000000e+00,0.000000000000000000e+00,0.000000000000000000e+00,0.000000000000000000e+00,0.000000000000000000e+00,0.000000000000000000e+00,0.000000000000000000e+00,0.000000000000000000e+00,0.000000000000000000e+00,0.000000000000000000e+00,0.000000000000000000e+00,0.000000000000000000e+00,0.000000000000000000e+00,0.000000000000000000e+00,0.000000000000000000e+00,0.000000000000000000e+00
cz,1.364700000000000080e-01,1.067199999999999954e-01,9.063000000000000222e-02,8.666000000000000092e-02,6.661999999999999866e-02,5.718999999999999778e-02,5.040000000000000036e-02,4.492999999999999772e-02,4.492999999999999772e-02,5.040000000000000036e-02,5.718999999999999778e-02,6.661999999999999866e-02,8.666000000000000092e-02,9.063000000000000222e-02,1.067199999999999954e-01,1.364700000000000080e-01,5.079999999999999793e-02,5.272999999999999909e-02,5.539999999999999786e-02,5.725999999999999840e-02,5.816000000000000336e-02,5.790000000000000008e-02,5.702999999999999736e-02,5.589000000000000218e-02,5.489999999999999741e-02,5.489999999999999741e-02,5.589000000000000218e-02,5.702999999999999736e-02,5.790000000000000008e-02,5.816000000000000336e-02,5.725999999999999840e-02,5.539999999999999786e-02,5.272999999999999909e-02,5.079999999999999793e-02,-0.000000000000000000e+00,-0.000000000000000000e+00,-0.000000000000000000e+00,-0.000000000000000000e+00,-0.000000000000000000e+00,0.000000000000000000e+00,0.000000000000000000e+00,0.000000000000000000e+00,0.000000000000000000e+00,0.000000000000000000e+00,0.000000000000000000e+00,0.000000000000000000e+00,0.000000000000000000e+00,-0.000000000000000000e+00,-0.000000000000000000e+00,-0.000000000000000000e+00,-0.000000000000000000e+00,-0.000000000000000000e+00,-0.000000000000000000e+00,-0.000000000000000000e+00,-0.000000000000000000e+00,0.000000000000000000e+00,0.000000000000000000e+00,0.000000000000000000e+00,0.000000000000000000e+00,0.000000000000000000e+00,0.000000000000000000e+00,0.000000000000000000e+00,0.000000000000000000e+00,-0.000000000000000000e+00,-0.000000000000000000e+00,-0.000000000000000000e+00
cz*c/cref,3.546869023199948623e-02,4.517110875553550370e-02,5.316657788077435581e-02,6.499498494092099954e-02,6.084846500267260955e-02,6.157831117972399626e-02,6.250097180236983962e-02,6.305768928459469513e-02,6.305768928459469513e-02,6.250097180236983962e-02,6.157831117972399626e-02,6.084846500267260955e-02,6.499498494092099954e-02,5.316657788077435581e-02,4.517110875553550370e-02,3.546869023199948623e-02,7.077770741943758756e-03,8.478813436326821870e-03,1.009761035736553292e-02,1.166603241750870622e-02,1.309812486141685370e-02,1.428271663977834921e-02,1.529257245769868705e-02,1.618687203501574870e-02,1.707888232648694521e-02,1.707888232648694521e-02,1.618687203501574870e-02,1.529257245769868705e-02,1.428271663977834921e-02,1.309812486141685370e-02,1.166603241750870622e-02,1.009761035736553292e-02,8.478813436326821870e-03,7.077770741943758756e-03,-0.000000000000000000e+00,-0.000000000000000000e+00,-0.000000000000000000e+00,-0.000000000000000000e+00,-0.000000000000000000e+00,0.000000000000000000e+00,0.000000000000000000e+00,0.000000000000000000e+00,0.000000000000000000e+00,0.000000000000000000e+00,0.000000000000000000e+00,0.000000000000000000e+00,0.000000000000000000e+00,-0.000000000000000000e+00,-0.000000000000000000e+00,-0.000000000000000000e+00,-0.000000000000000000e+00,-0.000000000000000000e+00,-0.000000000000000000e+00,-0.000000000000000000e+00,-0.000000000000000000e+00,0.000000000000000000e+00,0.000000000000000000e+00,0.000000000000000000e+00,0.000000000000000000e+00,0.000000000000000000e+00,0.000000000000000000e+00,0.000000000000000000e+00,0.000000000000000000e+00,-0.000000000000000000e+00,-0.000000000000000000e+00,-0.000000000000000000e+00
czi,1.364700000000000080e-01,1.067199999999999954e-01,9.063000000000000222e-02,8.666000000000000092e-02,6.661999999999999866e-02,5.718999999999999778e-02,5.040000000000000036e-02,4.492999999999999772e-02,4.492999999999999772e-02,5.040000000000000036e-02,5.718999999999999778e-02,6.661999999999999866e-02,8.666000000000000092e-02,9.063000000000000222e-02,1.067199999999999954e-01,1.364700000000000080e-01,5.079999999999999793e-02,5.272999999999999909e-02,5.539999999999999786e-02,5.725999999999999840e-02,5.816000000000000336e-02,5.790000000000000008e-02,5.702999999999999736e-02,5.589000000000000218e-02,5.489999999999999741e-02,5.489999999999999741e-02,5.589000000000000218e-02,5.702999999999999736e-02,5.790000000000000008e-02,5.816000000000000336e-02,5.725999999999999840e-02,5.539999999999999786e-02,5.272999999999999909e-02,5.079999999999999793e-02,-0.000000000000000000e+00,-0.000000000000000000e+00,-0.000000000000000000e+00,-0.000000000000000000e+00,-0.000000000000000000e+00,0.000000000000000000e+00,0.000000000000000000e+00,0.000000000000000000e+00,0.000000000000000000e+00,0.000000000000000000e+00,0.000000000000000000e+00,0.000000000000000000e+00,0.000000000000000000e+00,-0.000000000000000000e+00,-0.000000000000000000e+00,-0.000000000000000000e+00,-0.000000000000000000e+00,-0.000000000000000000e+00,-0.000000000000000000e+00,-0.000000000000000000e+00,-0.000000000000000000e+00,0.000000000000000000e+00,0.000000000000000000e+00,0.000000000000000000e+00,0.000000000000000000e+00,0.000000000000000000e+00,0.000000000000000000e+00,0.000000000000000000e+00,0.000000000000000000e+00,-0.000000000000000000e+00,-0.000000000000000000e+00,-0.000000000000000000e+00
czi*c/cref,3.546869023199948623e-02,4.517110875553550370e-02,5.316657788077435581e-02,6.499498494092099954e-02,6.084846500267260955e-02,6.157831117972399626e-02,6.250097180236983962e-02,6.305768928459469513e-02,6.305768928459469513e-02,6.250097180236983962e-02,6.157831117972399626e-02,6.084846500267260955e-02,6.499498494092099954e-02,5.316657788077435581e-02,4.517110875553550370e-02,3.546869023199948623e-02,7.077770741943758756e-03,8.478813436326821870e-03,1.009761035736553292e-02,1.166603241750870622e-02,1.309812486141685370e-02,1.428271663977834921e-02,1.529257245769868705e-02,1.618687203501574870e-02,1.707888232648694521e-02,1.707888232648694521e-02,1.618687203501574870e-02,1.529257245769868705e-02,1.428271663977834921e-02,1.309812486141685370e-02,1.166603241750870622e-02,1.009761035736553292e-02,8.478813436326821870e-03,7.077770741943758756e-03,-0.000000000000000000e+00,-0.000000000000000000e+00,-0.000000000000000000e+00,-0.000000000000000000e+00,-0.000000000000000000e+00,0.000000000000000000e+00,0.000000000000000000e+00,0.000000000000000000e+00,0.000000000000000000e+00,0.000000000000000000e+00,0.000000000000000000e+00,0.000000000000000000e+00,0.000000000000000000e+00,-0.000000000000000000e+00,-0.000000000000000000e+00,-0.000000000000000000e+00,-0.000000000000000000e+00,-0.000000000000000000e+00,-0.000000000000000000e+00,-0.000000000000000000e+00,-0.000000000000000000e+00,0.000000000000000000e+00,0.000000000000000000e+00,0.000000000000000000e+00,0.000000000000000000e+00,0.000000000000000000e+00,0.000000000000000000e+00,0.000000000000000000e+00,0.000000000000000000e+00,-0.000000000000000000e+00,-0.000000000000000000e+00,-0.000000000000000000e+00
czo,0.000000000000000000e+00,0.000000000000000000e+00,0.000000000000000000e+00,0.000000000000000000e+00,0.000000000000000000e+00,0.000000000000000000e+00,0.000000000000000000e+00,0.000000000000000000e+00,0.000000000000000000e+00,0.000000000000000000e+00,0.000000000000000000e+00,0.000000000000000000e+00,0.000000000000000000e+00,0.000000000000000000e+00,0.000000000000000000e+00,0.000000000000000000e+00,0.000000000000000000e+00,0.000000000000000000e+00,0.000000000000000000e+00,0.000000000000000000e+00,0.000000000000000000e+00,0.000000000000000000e+00,0.000000000000000000e+00,0.000000000000000000e+00,0.000000000000000000e+00,0.000000000000000000e+00,0.000000000000000000e+00,0.000000000000000000e+00,0.000000000000000000e+00,0.000000000000000000e+00,0.000000000000000000e+00,0.000000000000000000e+00,0.000000000000000000e+00,0.000000000000000000e+00,0.000000000000000000e+00,0.000000000000000000e+00,0.000000000000000000e+00,0.000000000000000000e+00,0.000000000000000000e+00,0.000000000000000000e+00,0.000000000000000000e+00,0.000000000000000000e+00,0.000000000000000000e+00,0.000000000000000000e+00,0.000000000000000000e+00,0.000000000000000000e+00,0.000000000000000000e+00,0.000000000000000000e+00,0.000000000000000000e+00,0.000000000000000000e+00,0.000000000000000000e+00,0.000000000000000000e+00,0.000000000000000000e+00,0.000000000000000000e+00,0.000000000000000000e+00,0.000000000000000000e+00,0.000000000000000000e+00,0.000000000000000000e+00,0.000000000000000000e+00,0.000000000000000000e+00,0.000000000000000000e+00,0.000000000000000000e+00,0.000000000000000000e+00,0.000000000000000000e+00,0.000000000000000000e+00,0.000000000000000000e+00
czo*c/cref,0.000000000000000000e+00,0.000000000000000000e+00,0.000000000000000000e+00,0.000000000000000000e+00,0.000000000000000000e+00,0.000000000000000000e+00,0.000000000000000000e+00,0.000000000000000000e+00,0.000000000000000000e+00,0.000000000000000000e+00,0.000000000000000000e+00,0.000000000000000000e+00,0.000000000000000000e+00,0.000000000000000000e+00,0.000000000000000000e+00,0.000000000000000000e+00,0.000000000000000000e+00,0.000000000000000000e+00,0.000000000000000000e+00,0.000000000000000000e+00,0.000000000000000000e+00,0.000000000000000000e+00,0.000000000000000000e+00,0.000000000000000000e+00,0.000000000000000000e+00,0.000000000000000000e+00,0.000000000000000000e+00,0.000000000000000000e+00,0.000000000000000000e+00,0.000000000000000000e+00,0.000000000000000000e+00,0.000000000000000000e+00,0.000000000000000000e+00,0.000000000000000000e+00,0.000000000000000000e+00,0.000000000000000000e+00,0.000000000000000000e+00,0.000000000000000000e+00,0.000000000000000000e+00,0.000000000000000000e+00,0.000000000000000000e+00,0.000000000000000000e+00,0.000000000000000000e+00,0.000000000000000000e+00,0.000000000000000000e+00,0.000000000000000000e+00,0.000000000000000000e+00,0.000000000000000000e+00,0.000000000000000000e+00,0.000000000000000000e+00,0.000000000000000000e+00,0.000000000000000000e+00,0.000000000000000000e+00,0.000000000000000000e+00,0.000000000000000000e+00,0.000000000000000000e+00,0.000000000000000000e+00,0.000000000000000000e+00,0.000000000000000000e+00,0.000000000000000000e+00,0.000000000000000000e+00,0.000000000000000000e+00,0.000000000000000000e+00,0.000000000000000000e+00,0.000000000000000000e+00,0.000000000000000000e+00
dArea,6.724160000000000359e+00,1.095077999999999996e+01,1.517740000000000045e+01,1.940401999999999916e+01,2.363063000000000002e+01,2.785725000000000051e+01,3.208386999999999745e+01,3.631049000000000149e+01,3.631049000000000149e+01,3.208386999999999745e+01,2.785725000000000051e+01,2.363063000000000002e+01,1.940401999999999916e+01,1.517740000000000045e+01,1.095077999999999996e+01,6.724160000000000359e+00,1.801770000000000094e+00,2.079429999999999890e+00,2.357089999999999907e+00,2.634739999999999860e+00,2.912399999999999878e+00,3.190059999999999896e+00,3.467709999999999848e+00,3.745369999999999866e+00,4.023030000000000328e+00,4.023030000000000328e+00,3.745369999999999866e+00,3.467709999999999848e+00,3.190059999999999896e+00,2.912399999999999878e+00,2.634739999999999860e+00,2.357089999999999907e+00,2.079429999999999890e+00,1.801770000000000094e+00,3.243559999999999999e+00,2.866010000000000169e+00,2.488449999999999829e+00,2.110889999999999933e+00,1.733330000000000037e+00,1.355779999999999985e+00,9.782199999999999784e-01,6.006599999999999717e-01,3.243559999999999999e+00,2.866010000000000169e+00,2.488449999999999829e+00,2.110889999999999933e+00,1.733330000000000037e+00,1.355779999999999985e+00,9.782199999999999784e-01,6.006599999999999717e-01,3.243559999999999999e+00,2.866010000000000169e+00,2.488449999999999829e+00,2.110889999999999933e+00,1.733330000000000037e+00,1.355779999999999985e+00,9.782199999999999784e-01,6.006599999999999717e-01,3.243559999999999999e+00,2.866010000000000169e+00,2.488449999999999829e+00,2.110889999999999933e+00,1.733330000000000037e+00,1.355779999999999985e+00,9.782199999999999784e-01,6.006599999999999717e-01
dSpan,1.798329999999999984e+00,1.798329999999999984e+00,1.798329999999999984e+00,1.798329999999999984e+00,1.798329999999999984e+00,1.798329999999999984e+00,1.798329999999999984e+00,1.798329999999999984e+00,1.798329999999999984e+00,1.798329999999999984e+00,1.798329999999999984e+00,1.798329999999999984e+00,1.798329999999999984e+00,1.798329999999999984e+00,1.798329999999999984e+00,1.798329999999999984e+00,8.988899999999999668e-01,8.988899999999999668e-01,8.988899999999999668e-01,8.988899999999999668e-01,8.988899999999999668e-01,8.988899999999999668e-01,8.988899999999999668e-01,8.988899999999999668e-01,8.988899999999999668e-01,8.988899999999999668e-01,8.988899999999999668e-01,8.988899999999999668e-01,8.988899999999999668e-01,8.988899999999999668e-01,8.988899999999999668e-01,8.988899999999999668e-01,8.988899999999999668e-01,8.988899999999999668e-01,4.333299999999999930e-01,4.333299999999999930e-01,4.333299999999999930e-01,4.333299999999999930e-01,4.333299999999999930e-01,4.333299999999999930e-01,4.333299999999999930e-01,4.333299999999999930e-01,4.333299999999999930e-01,4.333299999999999930e-01,4.333299999999999930e-01,4.333299999999999930e-01,4.333299999999999930e-01,4.333299999999999930e-01,4.333299999999999930e-01,4.333299999999999930e-01,4.333299999999999930e-01,4.333299999999999930e-01,4.333299999999999930e-01,4.333299999999999930e-01,4.333299999999999930e-01,4.333299999999999930e-01,4.333299999999999930e-01,4.333299999999999930e-01,4.333299999999999930e-01,4.333299999999999930e-01,4.333299999999999930e-01,4.333299999999999930e-01,4.333299999999999930e-01,4.333299999999999930e-01,4.333299999999999930e-01,4.333299999999999930e-01
roverR,inf,inf,inf,inf,inf,inf,inf,inf,inf,inf,inf,inf,inf,inf,inf,inf,inf,inf,inf,inf,inf,inf,inf,inf,inf,inf,inf,inf,inf,inf,inf,inf,inf,inf,inf,inf,inf,inf,inf,inf,inf,inf,inf,inf,inf,inf,inf,inf,inf,inf,inf,inf,inf,inf,inf,inf,inf,inf,inf,inf,inf,inf,inf,inf,inf,inf
Results_Name,CpSlice_Wrapper
Results_Timestamp,1789028353
Results_Date,9,10,2026
Results_Time,11,19,13
CpSlice_Case_ID_Vec,KAQEFFQ
Num_Cuts,1
