 REPAIRMACH_INVENTORY_BEGIN 
 GEOM;ID=ZGNJFWTPXL;NAME=Fuselage;TYPE=Fuselage;BMIN_X=-2.96059e-16;BMIN_Y=-1.68109;BMIN_Z=-1.50042;BMAX_X=46.6596;BMAX_Y=1.68109;BMAX_Z=4.03125;SET_1=true;SET_2=false 
 PARM;GEOM_ID=ZGNJFWTPXL;ID=FBVDKVLSXGE;NAME=Abs_Or_Relitive_flag;GROUP=XForm;VALUE=1 
 PARM;GEOM_ID=ZGNJFWTPXL;ID=BNJAXASAMUM;NAME=Last_Scale;GROUP=XForm;VALUE=1 
 PARM;GEOM_ID=ZGNJFWTPXL;ID=PMYGIPGMFDQ;NAME=Origin;GROUP=XForm;VALUE=0 
 PARM;GEOM_ID=ZGNJFWTPXL;ID=FIUOTNPRFGJ;NAME=Scale;GROUP=XForm;VALUE=1 
 PARM;GEOM_ID=ZGNJFWTPXL;ID=UMDMEPQPQVN;NAME=X_Location;GROUP=XForm;VALUE=0 
 PARM;GEOM_ID=ZGNJFWTPXL;ID=ZLCAAFSUKHG;NAME=X_Rel_Location;GROUP=XForm;VALUE=0 
 PARM;GEOM_ID=ZGNJFWTPXL;ID=RGKKBWNKDWO;NAME=X_Rel_Rotation;GROUP=XForm;VALUE=0 
 PARM;GEOM_ID=ZGNJFWTPXL;ID=CRXWCJGNVYH;NAME=X_Rotation;GROUP=XForm;VALUE=0 
 PARM;GEOM_ID=ZGNJFWTPXL;ID=ARHNNEWNGSD;NAME=Y_Location;GROUP=XForm;VALUE=0 
 PARM;GEOM_ID=ZGNJFWTPXL;ID=WQGAUVPJXTJ;NAME=Y_Rel_Location;GROUP=XForm;VALUE=0 
 PARM;GEOM_ID=ZGNJFWTPXL;ID=UHNYKKBFIZA;NAME=Y_Rel_Rotation;GROUP=XForm;VALUE=0 
 PARM;GEOM_ID=ZGNJFWTPXL;ID=BCBUWFDSBHS;NAME=Y_Rotation;GROUP=XForm;VALUE=0 
 PARM;GEOM_ID=ZGNJFWTPXL;ID=LNVQJSOFYKS;NAME=Z_Location;GROUP=XForm;VALUE=0 
 PARM;GEOM_ID=ZGNJFWTPXL;ID=PAYWNGPYGNS;NAME=Z_Rel_Location;GROUP=XForm;VALUE=0 
 PARM;GEOM_ID=ZGNJFWTPXL;ID=HUETMFMEKDR;NAME=Z_Rel_Rotation;GROUP=XForm;VALUE=0 
 PARM;GEOM_ID=ZGNJFWTPXL;ID=OITMENWEVFN;NAME=Z_Rotation;GROUP=XForm;VALUE=0 
 PARM;GEOM_ID=ZGNJFWTPXL;ID=UBQRKYWMKXP;NAME=Sym_Ancestor;GROUP=Sym;VALUE=1 
 PARM;GEOM_ID=ZGNJFWTPXL;ID=AXZIHINTIHF;NAME=Sym_Ancestor_Origin_Flag;GROUP=Sym;VALUE=1 
 PARM;GEOM_ID=ZGNJFWTPXL;ID=GPYHOVLWZSY;NAME=Sym_Axial_Flag;GROUP=Sym;VALUE=0 
 PARM;GEOM_ID=ZGNJFWTPXL;ID=TYVNRIQLZQP;NAME=Sym_Planar_Flag;GROUP=Sym;VALUE=0 
 PARM;GEOM_ID=ZGNJFWTPXL;ID=CNTLKEMJPGN;NAME=Sym_Rot_N;GROUP=Sym;VALUE=2 
 PARM;GEOM_ID=ZGNJFWTPXL;ID=CTUNRLPJJOO;NAME=Eta_Attach_Location;GROUP=Attach;VALUE=0 
 PARM;GEOM_ID=ZGNJFWTPXL;ID=LZASBSZORCC;NAME=L_01;GROUP=Attach;VALUE=1 
 PARM;GEOM_ID=ZGNJFWTPXL;ID=OKWFRFMRIWH;NAME=L_Attach_Location;GROUP=Attach;VALUE=0 
 PARM;GEOM_ID=ZGNJFWTPXL;ID=VFREOSDSGNE;NAME=L_Attach_Location0Len;GROUP=Attach;VALUE=0 
 PARM;GEOM_ID=ZGNJFWTPXL;ID=YVUGLGOPZDS;NAME=M_Attach_Location;GROUP=Attach;VALUE=0.5 
 PARM;GEOM_ID=ZGNJFWTPXL;ID=ZBNESZTQFDK;NAME=N_Attach_Location;GROUP=Attach;VALUE=0.5 
 PARM;GEOM_ID=ZGNJFWTPXL;ID=PLDRYMAHSVS;NAME=R_01;GROUP=Attach;VALUE=1 
 PARM;GEOM_ID=ZGNJFWTPXL;ID=TPXHKTNGRJJ;NAME=R_Attach_Location;GROUP=Attach;VALUE=0 
 PARM;GEOM_ID=ZGNJFWTPXL;ID=MSKJOIOHARD;NAME=R_Attach_Location0N;GROUP=Attach;VALUE=0 
 PARM;GEOM_ID=ZGNJFWTPXL;ID=LCYWIUECQHK;NAME=Rots_Attach_Flag;GROUP=Attach;VALUE=0 
 PARM;GEOM_ID=ZGNJFWTPXL;ID=LBRULXIGWUL;NAME=S_Attach_Location;GROUP=Attach;VALUE=0.5 
 PARM;GEOM_ID=ZGNJFWTPXL;ID=FPNEUAGASTY;NAME=T_Attach_Location;GROUP=Attach;VALUE=0.5 
 PARM;GEOM_ID=ZGNJFWTPXL;ID=UFDKUWZBGGH;NAME=Trans_Attach_Flag;GROUP=Attach;VALUE=0 
 PARM;GEOM_ID=ZGNJFWTPXL;ID=WAAHDFERSEV;NAME=U_01;GROUP=Attach;VALUE=1 
 PARM;GEOM_ID=ZGNJFWTPXL;ID=ZUOEINTKRTC;NAME=U_Attach_Location;GROUP=Attach;VALUE=0 
 PARM;GEOM_ID=ZGNJFWTPXL;ID=PXPQRLYFWAH;NAME=U_Attach_Location0N;GROUP=Attach;VALUE=0 
 PARM;GEOM_ID=ZGNJFWTPXL;ID=ETDKWGZTYGR;NAME=V_Attach_Location;GROUP=Attach;VALUE=0 
 PARM;GEOM_ID=ZGNJFWTPXL;ID=YNPSBVWPRFX;NAME=Tess_U;GROUP=Shape;VALUE=45 
 PARM;GEOM_ID=ZGNJFWTPXL;ID=WUAQPELLBLJ;NAME=Tess_W;GROUP=Shape;VALUE=33 
 PARM;GEOM_ID=ZGNJFWTPXL;ID=SXBCSDSULOT;NAME=Wake;GROUP=Shape;VALUE=0 
 PARM;GEOM_ID=ZGNJFWTPXL;ID=BYQOBSFQYRU;NAME=AutoExtensionFlag;GROUP=EngineModel;VALUE=0 
 PARM;GEOM_ID=ZGNJFWTPXL;ID=UESCIGZAOZJ;NAME=AutoExtensionSet;GROUP=EngineModel;VALUE=1 
 PARM;GEOM_ID=ZGNJFWTPXL;ID=MBGPOMXHAQR;NAME=EngineShowStationsFlag;GROUP=EngineModel;VALUE=1 
 PARM;GEOM_ID=ZGNJFWTPXL;ID=MOBKSXITUDI;NAME=ExtensionDistance;GROUP=EngineModel;VALUE=10 
 PARM;GEOM_ID=ZGNJFWTPXL;ID=AGBUCISMOCO;NAME=GeomIOType;GROUP=EngineModel;VALUE=0 
 PARM;GEOM_ID=ZGNJFWTPXL;ID=SWJDALGHTZI;NAME=GeomInType;GROUP=EngineModel;VALUE=0 
 PARM;GEOM_ID=ZGNJFWTPXL;ID=CDEFVRBGXFB;NAME=GeomOutType;GROUP=EngineModel;VALUE=1 
 PARM;GEOM_ID=ZGNJFWTPXL;ID=UFGWBONQQQQ;NAME=InletFaceIndex;GROUP=EngineModel;VALUE=0 
 PARM;GEOM_ID=ZGNJFWTPXL;ID=CGJNSKGSXMJ;NAME=InletFaceMode;GROUP=EngineModel;VALUE=0 
 PARM;GEOM_ID=ZGNJFWTPXL;ID=BNQKAJIUGRZ;NAME=InletFaceU;GROUP=EngineModel;VALUE=0 
 PARM;GEOM_ID=ZGNJFWTPXL;ID=PMWFWHSOSWA;NAME=InletLipIndex;GROUP=EngineModel;VALUE=0 
 PARM;GEOM_ID=ZGNJFWTPXL;ID=UWCASMZWMEN;NAME=InletLipMode;GROUP=EngineModel;VALUE=0 
 PARM;GEOM_ID=ZGNJFWTPXL;ID=YGISJDLVWFR;NAME=InletLipU;GROUP=EngineModel;VALUE=0 
 PARM;GEOM_ID=ZGNJFWTPXL;ID=GIAEHBGDJCC;NAME=InletModeType;GROUP=EngineModel;VALUE=3 
 PARM;GEOM_ID=ZGNJFWTPXL;ID=BQNMPDNJYWG;NAME=OutletFaceIndex;GROUP=EngineModel;VALUE=0 
 PARM;GEOM_ID=ZGNJFWTPXL;ID=LZWIFFTILLJ;NAME=OutletFaceMode;GROUP=EngineModel;VALUE=0 
 PARM;GEOM_ID=ZGNJFWTPXL;ID=BIZHYYCDIHI;NAME=OutletFaceU;GROUP=EngineModel;VALUE=0 
 PARM;GEOM_ID=ZGNJFWTPXL;ID=LCUYPOTEYEV;NAME=OutletLipIndex;GROUP=EngineModel;VALUE=0 
 PARM;GEOM_ID=ZGNJFWTPXL;ID=XWELGAZOUXP;NAME=OutletLipMode;GROUP=EngineModel;VALUE=0 
 PARM;GEOM_ID=ZGNJFWTPXL;ID=APQMHTBONFY;NAME=OutletLipU;GROUP=EngineModel;VALUE=0 
 PARM;GEOM_ID=ZGNJFWTPXL;ID=AKKKMSYLCDX;NAME=OutletModeType;GROUP=EngineModel;VALUE=3 
 PARM;GEOM_ID=ZGNJFWTPXL;ID=WJLNXIXJFBC;NAME=RotExtensionFlag;GROUP=EngineModel;VALUE=0 
 PARM;GEOM_ID=ZGNJFWTPXL;ID=LFAUGSASDBJ;NAME=Negative_Volume_Flag;GROUP=Negative_Volume_Props;VALUE=0 
 PARM;GEOM_ID=ZGNJFWTPXL;ID=SECNDAGZHBL;NAME=WakeAngle;GROUP=WakeSettings;VALUE=0 
 PARM;GEOM_ID=ZGNJFWTPXL;ID=UEXETBORRHD;NAME=WakeScale;GROUP=WakeSettings;VALUE=2 
 PARM;GEOM_ID=ZGNJFWTPXL;ID=APXANMNZUBI;NAME=CGx;GROUP=Mass_Props;VALUE=0 
 PARM;GEOM_ID=ZGNJFWTPXL;ID=QYKRWEXEVML;NAME=CGy;GROUP=Mass_Props;VALUE=0 
 PARM;GEOM_ID=ZGNJFWTPXL;ID=JOULZAKNYNQ;NAME=CGz;GROUP=Mass_Props;VALUE=0 
 PARM;GEOM_ID=ZGNJFWTPXL;ID=DGDRGKBNXXU;NAME=Density;GROUP=Mass_Props;VALUE=1 
 PARM;GEOM_ID=ZGNJFWTPXL;ID=SZFXGNMCOUG;NAME=Ixx;GROUP=Mass_Props;VALUE=0 
 PARM;GEOM_ID=ZGNJFWTPXL;ID=KWLLWFNRMHB;NAME=Ixy;GROUP=Mass_Props;VALUE=0 
 PARM;GEOM_ID=ZGNJFWTPXL;ID=SGHDIVUMRUA;NAME=Ixz;GROUP=Mass_Props;VALUE=0 
 PARM;GEOM_ID=ZGNJFWTPXL;ID=FIZOQZNRUCA;NAME=Iyy;GROUP=Mass_Props;VALUE=0 
 PARM;GEOM_ID=ZGNJFWTPXL;ID=ZIXKDKLFXVE;NAME=Iyz;GROUP=Mass_Props;VALUE=0 
 PARM;GEOM_ID=ZGNJFWTPXL;ID=XTFHKETASDT;NAME=Izz;GROUP=Mass_Props;VALUE=0 
 PARM;GEOM_ID=ZGNJFWTPXL;ID=QAYYUPRVWXL;NAME=Mass_Area;GROUP=Mass_Props;VALUE=1 
 PARM;GEOM_ID=ZGNJFWTPXL;ID=NGBKLYORCGS;NAME=Mass_Prior;GROUP=Mass_Props;VALUE=0 
 PARM;GEOM_ID=ZGNJFWTPXL;ID=AFOFJCVJTLR;NAME=PointMass;GROUP=Mass_Props;VALUE=0 
 PARM;GEOM_ID=ZGNJFWTPXL;ID=IFGXXOJJHMA;NAME=Shell_Flag;GROUP=Mass_Props;VALUE=0 
 PARM;GEOM_ID=ZGNJFWTPXL;ID=CWGNJMQLCZM;NAME=X_Len;GROUP=BBox;VALUE=46.6596 
 PARM;GEOM_ID=ZGNJFWTPXL;ID=JEOVJGNHCKG;NAME=X_Min;GROUP=BBox;VALUE=-2.96059e-16 
 PARM;GEOM_ID=ZGNJFWTPXL;ID=BALXBSIXYQE;NAME=Y_Len;GROUP=BBox;VALUE=3.36219 
 PARM;GEOM_ID=ZGNJFWTPXL;ID=DJBOZIBRIPE;NAME=Y_Min;GROUP=BBox;VALUE=-1.68109 
 PARM;GEOM_ID=ZGNJFWTPXL;ID=PBBBXRBXFRL;NAME=Z_Len;GROUP=BBox;VALUE=5.53167 
 PARM;GEOM_ID=ZGNJFWTPXL;ID=EEGYJHIBAUX;NAME=Z_Min;GROUP=BBox;VALUE=-1.50042 
 PARM;GEOM_ID=ZGNJFWTPXL;ID=PXTALTXWPBM;NAME=CapUMaxLength;GROUP=EndCap;VALUE=1 
 PARM;GEOM_ID=ZGNJFWTPXL;ID=UZWXXYPGNKO;NAME=CapUMaxOffset;GROUP=EndCap;VALUE=0 
 PARM;GEOM_ID=ZGNJFWTPXL;ID=IIIOALPURMG;NAME=CapUMaxOption;GROUP=EndCap;VALUE=0 
 PARM;GEOM_ID=ZGNJFWTPXL;ID=OFIZKWQSIQS;NAME=CapUMaxStrength;GROUP=EndCap;VALUE=0.5 
 PARM;GEOM_ID=ZGNJFWTPXL;ID=DKGLLDCVYWZ;NAME=CapUMaxSweepFlag;GROUP=EndCap;VALUE=0 
 PARM;GEOM_ID=ZGNJFWTPXL;ID=RPFDUGMEWIF;NAME=CapUMinLength;GROUP=EndCap;VALUE=1 
 PARM;GEOM_ID=ZGNJFWTPXL;ID=AZOYGFOHUYT;NAME=CapUMinOffset;GROUP=EndCap;VALUE=0 
 PARM;GEOM_ID=ZGNJFWTPXL;ID=BSJXNYZJGJN;NAME=CapUMinOption;GROUP=EndCap;VALUE=0 
 PARM;GEOM_ID=ZGNJFWTPXL;ID=GTCRPOHGZJF;NAME=CapUMinStrength;GROUP=EndCap;VALUE=0.5 
 PARM;GEOM_ID=ZGNJFWTPXL;ID=FBELUWVWGHB;NAME=CapUMinSweepFlag;GROUP=EndCap;VALUE=0 
 PARM;GEOM_ID=ZGNJFWTPXL;ID=XVRVHBOJCKW;NAME=CapUMinTess;GROUP=EndCap;VALUE=3 
 PARM;GEOM_ID=ZGNJFWTPXL;ID=WAAXZAAQMDE;NAME=ExpandedList;GROUP=ParasiteDragProps;VALUE=0 
 PARM;GEOM_ID=ZGNJFWTPXL;ID=AFJVVUYDSDE;NAME=FFBodyEqnType;GROUP=ParasiteDragProps;VALUE=3 
 PARM;GEOM_ID=ZGNJFWTPXL;ID=TXRWMCIFAQK;NAME=FFUser;GROUP=ParasiteDragProps;VALUE=1 
 PARM;GEOM_ID=ZGNJFWTPXL;ID=PLNJZNDLEIQ;NAME=FFWingEqnType;GROUP=ParasiteDragProps;VALUE=3 
 PARM;GEOM_ID=ZGNJFWTPXL;ID=VPEZJDAKOGZ;NAME=IncorporatedGen;GROUP=ParasiteDragProps;VALUE=0 
 PARM;GEOM_ID=ZGNJFWTPXL;ID=TOZHIZQQQXI;NAME=PercLam;GROUP=ParasiteDragProps;VALUE=0 
 PARM;GEOM_ID=ZGNJFWTPXL;ID=PDUHHZORFMM;NAME=Q;GROUP=ParasiteDragProps;VALUE=1 
 PARM;GEOM_ID=ZGNJFWTPXL;ID=VEKSLAOOCEF;NAME=Roughness;GROUP=ParasiteDragProps;VALUE=0 
 PARM;GEOM_ID=ZGNJFWTPXL;ID=LMVPJXVHWNK;NAME=TawTwRatio;GROUP=ParasiteDragProps;VALUE=1 
 PARM;GEOM_ID=ZGNJFWTPXL;ID=FOWMXJOVYCU;NAME=TeTwRatio;GROUP=ParasiteDragProps;VALUE=1 
 PARM;GEOM_ID=ZGNJFWTPXL;ID=YFXNIFQAXII;NAME=ActiveXSec;GROUP=Index;VALUE=6 
 PARM;GEOM_ID=ZGNJFWTPXL;ID=VBNLZOOEBKF;NAME=Length;GROUP=Design;VALUE=46.6596 
 PARM;GEOM_ID=ZGNJFWTPXL;ID=VNUCGSDQCZL;NAME=OrderPolicy;GROUP=Design;VALUE=0 
 PARM;GEOM_ID=ZGNJFWTPXL;ID=NMXGFHPGXEP;NAME=AftCluster;GROUP=XSec;VALUE=1 
 PARM;GEOM_ID=ZGNJFWTPXL;ID=KOPLXGCBXHM;NAME=AllSym;GROUP=XSec;VALUE=0 
 PARM;GEOM_ID=ZGNJFWTPXL;ID=VMPMLJYJCRC;NAME=BottomLAngle;GROUP=XSec;VALUE=33.16 
 PARM;GEOM_ID=ZGNJFWTPXL;ID=YWVSKNVRDKE;NAME=BottomLAngleSet;GROUP=XSec;VALUE=1 
 PARM;GEOM_ID=ZGNJFWTPXL;ID=SPGSUNFBRIG;NAME=BottomLCurve;GROUP=XSec;VALUE=1.56322 
 PARM;GEOM_ID=ZGNJFWTPXL;ID=MRLUNIQMZUA;NAME=BottomLCurveSet;GROUP=XSec;VALUE=0 
 PARM;GEOM_ID=ZGNJFWTPXL;ID=LGYFRBNNCJQ;NAME=BottomLRAngleEq;GROUP=XSec;VALUE=1 
 PARM;GEOM_ID=ZGNJFWTPXL;ID=IJFCFLUWPNX;NAME=BottomLRCurveEq;GROUP=XSec;VALUE=0 
 PARM;GEOM_ID=ZGNJFWTPXL;ID=RFJQEMASWNZ;NAME=BottomLRSlewEq;GROUP=XSec;VALUE=0 
 PARM;GEOM_ID=ZGNJFWTPXL;ID=YUMEAGMWYPU;NAME=BottomLRStrengthEq;GROUP=XSec;VALUE=0 
 PARM;GEOM_ID=ZGNJFWTPXL;ID=IVRQQSQEZUZ;NAME=BottomLSlew;GROUP=XSec;VALUE=0 
 PARM;GEOM_ID=ZGNJFWTPXL;ID=FSGDITZZTMP;NAME=BottomLSlewSet;GROUP=XSec;VALUE=1 
 PARM;GEOM_ID=ZGNJFWTPXL;ID=STKSJUDYHNI;NAME=BottomLStrength;GROUP=XSec;VALUE=0.75 
 PARM;GEOM_ID=ZGNJFWTPXL;ID=LSNZNFSCUYM;NAME=BottomLStrengthSet;GROUP=XSec;VALUE=1 
 PARM;GEOM_ID=ZGNJFWTPXL;ID=HHASXCNPNUZ;NAME=BottomRAngle;GROUP=XSec;VALUE=33.16 
 PARM;GEOM_ID=ZGNJFWTPXL;ID=AATCMTEBJMR;NAME=BottomRAngleSet;GROUP=XSec;VALUE=1 
 PARM;GEOM_ID=ZGNJFWTPXL;ID=ZOLVWOFPCVC;NAME=BottomRCurve;GROUP=XSec;VALUE=1.56322 
 PARM;GEOM_ID=ZGNJFWTPXL;ID=ZAZPFWZPNVA;NAME=BottomRCurveSet;GROUP=XSec;VALUE=0 
 PARM;GEOM_ID=ZGNJFWTPXL;ID=KGBHSMCLKVU;NAME=BottomRSlew;GROUP=XSec;VALUE=0 
 PARM;GEOM_ID=ZGNJFWTPXL;ID=PRWMBDSGXDW;NAME=BottomRSlewSet;GROUP=XSec;VALUE=1 
 PARM;GEOM_ID=ZGNJFWTPXL;ID=WTCFZJAMDTB;NAME=BottomRStrength;GROUP=XSec;VALUE=1 
 PARM;GEOM_ID=ZGNJFWTPXL;ID=YQHACCSJMMD;NAME=BottomRStrengthSet;GROUP=XSec;VALUE=1 
 PARM;GEOM_ID=ZGNJFWTPXL;ID=MNTHUSAGUFV;NAME=ContinuityBottom;GROUP=XSec;VALUE=0 
 PARM;GEOM_ID=ZGNJFWTPXL;ID=HWQLOYQBWEW;NAME=ContinuityLeft;GROUP=XSec;VALUE=0 
 PARM;GEOM_ID=ZGNJFWTPXL;ID=SOWKNEEGWRX;NAME=ContinuityRight;GROUP=XSec;VALUE=0 
 PARM;GEOM_ID=ZGNJFWTPXL;ID=NEFOHDROQRU;NAME=ContinuityTop;GROUP=XSec;VALUE=0 
 PARM;GEOM_ID=ZGNJFWTPXL;ID=TASBVLPFKKZ;NAME=FwdCluster;GROUP=XSec;VALUE=1 
 PARM;GEOM_ID=ZGNJFWTPXL;ID=CZBUBJKKCYO;NAME=LeftLAngle;GROUP=XSec;VALUE=33.16 
 PARM;GEOM_ID=ZGNJFWTPXL;ID=WGNJXPANQMV;NAME=LeftLAngleSet;GROUP=XSec;VALUE=1 
 PARM;GEOM_ID=ZGNJFWTPXL;ID=SOOQKVOICDG;NAME=LeftLCurve;GROUP=XSec;VALUE=1.36702 
 PARM;GEOM_ID=ZGNJFWTPXL;ID=PQLUHBDMLCD;NAME=LeftLCurveSet;GROUP=XSec;VALUE=0 
 PARM;GEOM_ID=ZGNJFWTPXL;ID=IYIOHPVWJDX;NAME=LeftLRAngleEq;GROUP=XSec;VALUE=1 
 PARM;GEOM_ID=ZGNJFWTPXL;ID=QWWZVLVYQEV;NAME=LeftLRCurveEq;GROUP=XSec;VALUE=0 
 PARM;GEOM_ID=ZGNJFWTPXL;ID=RVUGEAYYJUW;NAME=LeftLRSlewEq;GROUP=XSec;VALUE=0 
 PARM;GEOM_ID=ZGNJFWTPXL;ID=UESJUDXJIIB;NAME=LeftLRStrengthEq;GROUP=XSec;VALUE=0 
 PARM;GEOM_ID=ZGNJFWTPXL;ID=RFKKHBYSICJ;NAME=LeftLSlew;GROUP=XSec;VALUE=0 
 PARM;GEOM_ID=ZGNJFWTPXL;ID=GGJINYXEQTG;NAME=LeftLSlewSet;GROUP=XSec;VALUE=1 
 PARM;GEOM_ID=ZGNJFWTPXL;ID=INWHGHJHTYN;NAME=LeftLStrength;GROUP=XSec;VALUE=0.75 
 PARM;GEOM_ID=ZGNJFWTPXL;ID=DUXOHPTENRU;NAME=LeftLStrengthSet;GROUP=XSec;VALUE=1 
 PARM;GEOM_ID=ZGNJFWTPXL;ID=CWHGHQCTWHH;NAME=LeftRAngle;GROUP=XSec;VALUE=33.16 
 PARM;GEOM_ID=ZGNJFWTPXL;ID=HPTHTJLMJWQ;NAME=LeftRAngleSet;GROUP=XSec;VALUE=1 
 PARM;GEOM_ID=ZGNJFWTPXL;ID=SEDZFKPDVAY;NAME=LeftRCurve;GROUP=XSec;VALUE=1.36702 
 PARM;GEOM_ID=ZGNJFWTPXL;ID=ATAXDHMUGPH;NAME=LeftRCurveSet;GROUP=XSec;VALUE=0 
 PARM;GEOM_ID=ZGNJFWTPXL;ID=LBECREHTBWU;NAME=LeftRSlew;GROUP=XSec;VALUE=0 
 PARM;GEOM_ID=ZGNJFWTPXL;ID=OXGIHQAEDGZ;NAME=LeftRSlewSet;GROUP=XSec;VALUE=1 
 PARM;GEOM_ID=ZGNJFWTPXL;ID=JOUSPWFMCFW;NAME=LeftRStrength;GROUP=XSec;VALUE=1 
 PARM;GEOM_ID=ZGNJFWTPXL;ID=NDFARHONXAI;NAME=LeftRStrengthSet;GROUP=XSec;VALUE=1 
 PARM;GEOM_ID=ZGNJFWTPXL;ID=LPUGPTVKWLG;NAME=RLSym;GROUP=XSec;VALUE=1 
 PARM;GEOM_ID=ZGNJFWTPXL;ID=ARMFIGMGZOA;NAME=RefLength;GROUP=XSec;VALUE=46.6596 
 PARM;GEOM_ID=ZGNJFWTPXL;ID=DFYLHKKRTIM;NAME=RightLAngle;GROUP=XSec;VALUE=33.16 
 PARM;GEOM_ID=ZGNJFWTPXL;ID=LTHSUZTQUFG;NAME=RightLAngleSet;GROUP=XSec;VALUE=1 
 PARM;GEOM_ID=ZGNJFWTPXL;ID=HUDNMXIXZLQ;NAME=RightLCurve;GROUP=XSec;VALUE=1.36178 
 PARM;GEOM_ID=ZGNJFWTPXL;ID=OPVBWKNVGUK;NAME=RightLCurveSet;GROUP=XSec;VALUE=0 
 PARM;GEOM_ID=ZGNJFWTPXL;ID=CBKWBVHUXJZ;NAME=RightLRAngleEq;GROUP=XSec;VALUE=1 
 PARM;GEOM_ID=ZGNJFWTPXL;ID=JLXBAVVCRIM;NAME=RightLRCurveEq;GROUP=XSec;VALUE=0 
 PARM;GEOM_ID=ZGNJFWTPXL;ID=TJCAWELJLVC;NAME=RightLRSlewEq;GROUP=XSec;VALUE=0 
 PARM;GEOM_ID=ZGNJFWTPXL;ID=ZAMCRMEMYUH;NAME=RightLRStrengthEq;GROUP=XSec;VALUE=0 
 PARM;GEOM_ID=ZGNJFWTPXL;ID=DQBVOLCHWVM;NAME=RightLSlew;GROUP=XSec;VALUE=0 
 PARM;GEOM_ID=ZGNJFWTPXL;ID=NIJJIVDEOLP;NAME=RightLSlewSet;GROUP=XSec;VALUE=1 
 PARM;GEOM_ID=ZGNJFWTPXL;ID=RELMBFPMBSZ;NAME=RightLStrength;GROUP=XSec;VALUE=0.75 
 PARM;GEOM_ID=ZGNJFWTPXL;ID=WNEGPKPSIZC;NAME=RightLStrengthSet;GROUP=XSec;VALUE=1 
 PARM;GEOM_ID=ZGNJFWTPXL;ID=XMWTEQTWCPL;NAME=RightRAngle;GROUP=XSec;VALUE=33.16 
 PARM;GEOM_ID=ZGNJFWTPXL;ID=CQYLGGKDKKG;NAME=RightRAngleSet;GROUP=XSec;VALUE=1 
 PARM;GEOM_ID=ZGNJFWTPXL;ID=JOFWEYYXXTH;NAME=RightRCurve;GROUP=XSec;VALUE=1.36178 
 PARM;GEOM_ID=ZGNJFWTPXL;ID=FSAMUENGSVI;NAME=RightRCurveSet;GROUP=XSec;VALUE=0 
 PARM;GEOM_ID=ZGNJFWTPXL;ID=QWFCSBDNZAF;NAME=RightRSlew;GROUP=XSec;VALUE=0 
 PARM;GEOM_ID=ZGNJFWTPXL;ID=ZTGDKNGSBEV;NAME=RightRSlewSet;GROUP=XSec;VALUE=1 
 PARM;GEOM_ID=ZGNJFWTPXL;ID=DLPGGTKUBBL;NAME=RightRStrength;GROUP=XSec;VALUE=1 
 PARM;GEOM_ID=ZGNJFWTPXL;ID=GOOIRUMRUFZ;NAME=RightRStrengthSet;GROUP=XSec;VALUE=1 
 PARM;GEOM_ID=ZGNJFWTPXL;ID=YQLFJUUHRGV;NAME=SectTess_U;GROUP=XSec;VALUE=10 
 PARM;GEOM_ID=ZGNJFWTPXL;ID=MENBYQPATFO;NAME=Spin;GROUP=XSec;VALUE=0 
 PARM;GEOM_ID=ZGNJFWTPXL;ID=ARKZTWXXRJX;NAME=TBSym;GROUP=XSec;VALUE=1 
 PARM;GEOM_ID=ZGNJFWTPXL;ID=HPWDSAXLNZW;NAME=TopLAngle;GROUP=XSec;VALUE=33.16 
 PARM;GEOM_ID=ZGNJFWTPXL;ID=VXRLSVEELNB;NAME=TopLAngleSet;GROUP=XSec;VALUE=1 
 PARM;GEOM_ID=ZGNJFWTPXL;ID=AWKIWJEIKLU;NAME=TopLCurve;GROUP=XSec;VALUE=1.33513 
 PARM;GEOM_ID=ZGNJFWTPXL;ID=SOLBRABLGQL;NAME=TopLCurveSet;GROUP=XSec;VALUE=0 
 PARM;GEOM_ID=ZGNJFWTPXL;ID=REGLTZMBPVE;NAME=TopLRAngleEq;GROUP=XSec;VALUE=1 
 PARM;GEOM_ID=ZGNJFWTPXL;ID=AFBEDOVQHEL;NAME=TopLRCurveEq;GROUP=XSec;VALUE=0 
 PARM;GEOM_ID=ZGNJFWTPXL;ID=JMZCMKYDDXC;NAME=TopLRSlewEq;GROUP=XSec;VALUE=0 
 PARM;GEOM_ID=ZGNJFWTPXL;ID=DWPPPIZYFUG;NAME=TopLRStrengthEq;GROUP=XSec;VALUE=0 
 PARM;GEOM_ID=ZGNJFWTPXL;ID=TJIZEFJOOPF;NAME=TopLSlew;GROUP=XSec;VALUE=0 
 PARM;GEOM_ID=ZGNJFWTPXL;ID=NENFTZDJDZI;NAME=TopLSlewSet;GROUP=XSec;VALUE=1 
 PARM;GEOM_ID=ZGNJFWTPXL;ID=TATDZQQPMKP;NAME=TopLStrength;GROUP=XSec;VALUE=0.75 
 PARM;GEOM_ID=ZGNJFWTPXL;ID=CASZMDRCHEL;NAME=TopLStrengthSet;GROUP=XSec;VALUE=1 
 PARM;GEOM_ID=ZGNJFWTPXL;ID=UUNSBTNXBBP;NAME=TopRAngle;GROUP=XSec;VALUE=33.16 
 PARM;GEOM_ID=ZGNJFWTPXL;ID=LYOYZUFCIQD;NAME=TopRAngleSet;GROUP=XSec;VALUE=1 
 PARM;GEOM_ID=ZGNJFWTPXL;ID=YDPIEZPWHYI;NAME=TopRCurve;GROUP=XSec;VALUE=1.33513 
 PARM;GEOM_ID=ZGNJFWTPXL;ID=BCMEMEMVBXX;NAME=TopRCurveSet;GROUP=XSec;VALUE=0 
 PARM;GEOM_ID=ZGNJFWTPXL;ID=VAJQFKVAUPM;NAME=TopRSlew;GROUP=XSec;VALUE=0 
 PARM;GEOM_ID=ZGNJFWTPXL;ID=WKDWKDHFQQP;NAME=TopRSlewSet;GROUP=XSec;VALUE=1 
 PARM;GEOM_ID=ZGNJFWTPXL;ID=WAGTJGUJZOV;NAME=TopRStrength;GROUP=XSec;VALUE=1 
 PARM;GEOM_ID=ZGNJFWTPXL;ID=CNLFRTWXECA;NAME=TopRStrengthSet;GROUP=XSec;VALUE=1 
 PARM;GEOM_ID=ZGNJFWTPXL;ID=ZRJKNONAUFS;NAME=XLocPercent;GROUP=XSec;VALUE=0 
 PARM;GEOM_ID=ZGNJFWTPXL;ID=FUJFQLPGBQH;NAME=XRotate;GROUP=XSec;VALUE=0 
 PARM;GEOM_ID=ZGNJFWTPXL;ID=HAQWMHSUIGE;NAME=YLocPercent;GROUP=XSec;VALUE=0 
 PARM;GEOM_ID=ZGNJFWTPXL;ID=TZIMENGTSOL;NAME=YRotate;GROUP=XSec;VALUE=-5.78571 
 PARM;GEOM_ID=ZGNJFWTPXL;ID=OYHXZESUFKO;NAME=ZLocPercent;GROUP=XSec;VALUE=-0.0160722 
 PARM;GEOM_ID=ZGNJFWTPXL;ID=AGOXRBRBULY;NAME=ZRotate;GROUP=XSec;VALUE=0 
 PARM;GEOM_ID=ZGNJFWTPXL;ID=DTMQQNBMYAX;NAME=Area;GROUP=XSecCurve;VALUE=0 
 PARM;GEOM_ID=ZGNJFWTPXL;ID=TSLQGXSJQEE;NAME=DeltaX;GROUP=XSecCurve;VALUE=0 
 PARM;GEOM_ID=ZGNJFWTPXL;ID=ZNJIUZEFXPF;NAME=DeltaY;GROUP=XSecCurve;VALUE=0 
 PARM;GEOM_ID=ZGNJFWTPXL;ID=IKUGUXJBUOO;NAME=HWRatio;GROUP=XSecCurve;VALUE=1 
 PARM;GEOM_ID=ZGNJFWTPXL;ID=TGISWQWCIJZ;NAME=Scale;GROUP=XSecCurve;VALUE=1 
 PARM;GEOM_ID=ZGNJFWTPXL;ID=SSGKSYWOHNH;NAME=ShiftLE;GROUP=XSecCurve;VALUE=0 
 PARM;GEOM_ID=ZGNJFWTPXL;ID=SZUDNWYZWYQ;NAME=Theta;GROUP=XSecCurve;VALUE=0 
 PARM;GEOM_ID=ZGNJFWTPXL;ID=RETERCCZPZJ;NAME=LE_Cap_Length;GROUP=Cap;VALUE=1 
 PARM;GEOM_ID=ZGNJFWTPXL;ID=QMKGSZOMFJQ;NAME=LE_Cap_Offset;GROUP=Cap;VALUE=0 
 PARM;GEOM_ID=ZGNJFWTPXL;ID=LZNZNRBAXHO;NAME=LE_Cap_Strength;GROUP=Cap;VALUE=0.5 
 PARM;GEOM_ID=ZGNJFWTPXL;ID=NWTYKTGAWLP;NAME=LE_Cap_Type;GROUP=Cap;VALUE=1 
 PARM;GEOM_ID=ZGNJFWTPXL;ID=BDIKTJWPQYD;NAME=TE_Cap_Length;GROUP=Cap;VALUE=1 
 PARM;GEOM_ID=ZGNJFWTPXL;ID=TVSWOISENVD;NAME=TE_Cap_Offset;GROUP=Cap;VALUE=0 
 PARM;GEOM_ID=ZGNJFWTPXL;ID=TXHZWRHPODX;NAME=TE_Cap_Strength;GROUP=Cap;VALUE=0.5 
 PARM;GEOM_ID=ZGNJFWTPXL;ID=UMXONLLTFBW;NAME=TE_Cap_Type;GROUP=Cap;VALUE=1 
 PARM;GEOM_ID=ZGNJFWTPXL;ID=DKBUTICREDB;NAME=LE_Close_AbsRel;GROUP=Close;VALUE=0 
 PARM;GEOM_ID=ZGNJFWTPXL;ID=QIWITIJUVFO;NAME=LE_Close_Thick;GROUP=Close;VALUE=0 
 PARM;GEOM_ID=ZGNJFWTPXL;ID=DCPHITIBHAY;NAME=LE_Close_Thick_Chord;GROUP=Close;VALUE=0 
 PARM;GEOM_ID=ZGNJFWTPXL;ID=UHQTABNCZUS;NAME=LE_Close_Type;GROUP=Close;VALUE=0 
 PARM;GEOM_ID=ZGNJFWTPXL;ID=FOWHETBWHUU;NAME=TE_Close_AbsRel;GROUP=Close;VALUE=0 
 PARM;GEOM_ID=ZGNJFWTPXL;ID=UHYSUQWTKCJ;NAME=TE_Close_Thick;GROUP=Close;VALUE=0 
 PARM;GEOM_ID=ZGNJFWTPXL;ID=FSOYTLBNMQN;NAME=TE_Close_Thick_Chord;GROUP=Close;VALUE=0 
 PARM;GEOM_ID=ZGNJFWTPXL;ID=QKUVQFARFTR;NAME=TE_Close_Type;GROUP=Close;VALUE=0 
 PARM;GEOM_ID=ZGNJFWTPXL;ID=GIFNRJWMDTG;NAME=LE_Trim_AbsRel;GROUP=Trim;VALUE=0 
 PARM;GEOM_ID=ZGNJFWTPXL;ID=OIFNKSNSATM;NAME=LE_Trim_Thick;GROUP=Trim;VALUE=0 
 PARM;GEOM_ID=ZGNJFWTPXL;ID=MUMTTMLAHLL;NAME=LE_Trim_Thick_Chord;GROUP=Trim;VALUE=0 
 PARM;GEOM_ID=ZGNJFWTPXL;ID=XAETDAJSVWK;NAME=LE_Trim_Type;GROUP=Trim;VALUE=0 
 PARM;GEOM_ID=ZGNJFWTPXL;ID=QVKBLIENTIZ;NAME=LE_Trim_X;GROUP=Trim;VALUE=0 
 PARM;GEOM_ID=ZGNJFWTPXL;ID=MZYYBUUKIDR;NAME=LE_Trim_X_Chord;GROUP=Trim;VALUE=0 
 PARM;GEOM_ID=ZGNJFWTPXL;ID=HGUBUTYFZJD;NAME=TE_Trim_AbsRel;GROUP=Trim;VALUE=0 
 PARM;GEOM_ID=ZGNJFWTPXL;ID=XVPCKZHITCS;NAME=TE_Trim_Thick;GROUP=Trim;VALUE=0 
 PARM;GEOM_ID=ZGNJFWTPXL;ID=IOQKHTQPMLI;NAME=TE_Trim_Thick_Chord;GROUP=Trim;VALUE=0 
 PARM;GEOM_ID=ZGNJFWTPXL;ID=RVZRCNMITEQ;NAME=TE_Trim_Type;GROUP=Trim;VALUE=0 
 PARM;GEOM_ID=ZGNJFWTPXL;ID=KIVZJXLMLDH;NAME=TE_Trim_X;GROUP=Trim;VALUE=0 
 PARM;GEOM_ID=ZGNJFWTPXL;ID=CYVBRMSGZES;NAME=TE_Trim_X_Chord;GROUP=Trim;VALUE=0 
 PARM;GEOM_ID=ZGNJFWTPXL;ID=GAHLJGPNTTI;NAME=TE_Flap_DT;GROUP=Flap;VALUE=0 
 PARM;GEOM_ID=ZGNJFWTPXL;ID=YEONSJKAAXU;NAME=TE_Flap_Deflection;GROUP=Flap;VALUE=0 
 PARM;GEOM_ID=ZGNJFWTPXL;ID=ELHWGIIBTCV;NAME=TE_Flap_Flag;GROUP=Flap;VALUE=0 
 PARM;GEOM_ID=ZGNJFWTPXL;ID=FEUYOUZASYF;NAME=TE_Flap_T;GROUP=Flap;VALUE=0.2 
 PARM;GEOM_ID=ZGNJFWTPXL;ID=STENINWTRDM;NAME=TE_Flap_Type;GROUP=Flap;VALUE=0 
 PARM;GEOM_ID=ZGNJFWTPXL;ID=FOMBYPTCHUA;NAME=TE_Flap_X;GROUP=Flap;VALUE=0 
 PARM;GEOM_ID=ZGNJFWTPXL;ID=YRMNSZACAEU;NAME=TE_Flap_X_Chord;GROUP=Flap;VALUE=0.2 
 PARM;GEOM_ID=ZGNJFWTPXL;ID=KVBLEUSVDVZ;NAME=TE_Flap_Y_Frc;GROUP=Flap;VALUE=0.5 
 PARM;GEOM_ID=ZGNJFWTPXL;ID=TSHJBSEJITS;NAME=TE_Trim_AbsRel;GROUP=Flap;VALUE=1 
 PARM;GEOM_ID=ZGNJFWTPXL;ID=LWZNIPBRDRA;NAME=XSecFlipImageFlag;GROUP=XSecCurve_Background;VALUE=0 
 PARM;GEOM_ID=ZGNJFWTPXL;ID=KPTNDDJFIZK;NAME=XSecImageFlag;GROUP=XSecCurve_Background;VALUE=0 
 PARM;GEOM_ID=ZGNJFWTPXL;ID=OPYTELQZLVB;NAME=XSecImageH;GROUP=XSecCurve_Background;VALUE=1 
 PARM;GEOM_ID=ZGNJFWTPXL;ID=KEAZRDSXDUG;NAME=XSecImagePreserveAR;GROUP=XSecCurve_Background;VALUE=1 
 PARM;GEOM_ID=ZGNJFWTPXL;ID=KNTSLANUPTI;NAME=XSecImageW;GROUP=XSecCurve_Background;VALUE=1 
 PARM;GEOM_ID=ZGNJFWTPXL;ID=PEPKJKVHTJK;NAME=XSecImageXOffset;GROUP=XSecCurve_Background;VALUE=0 
 PARM;GEOM_ID=ZGNJFWTPXL;ID=ILPKNXYTEYW;NAME=XSecImageYOffset;GROUP=XSecCurve_Background;VALUE=0 
 PARM;GEOM_ID=ZGNJFWTPXL;ID=GBEIKNOYCVW;NAME=XSecLockImageFlag;GROUP=XSecCurve_Background;VALUE=0 
 PARM;GEOM_ID=ZGNJFWTPXL;ID=XIYZWQCJSXC;NAME=AllSym;GROUP=Chevron;VALUE=1 
 PARM;GEOM_ID=ZGNJFWTPXL;ID=EJYZBWXCWRM;NAME=BottomAmplitude;GROUP=Chevron;VALUE=1 
 PARM;GEOM_ID=ZGNJFWTPXL;ID=XZFSEJXQOGQ;NAME=Bottom_Angle;GROUP=Chevron;VALUE=0 
 PARM;GEOM_ID=ZGNJFWTPXL;ID=VXGUTIJGPOM;NAME=Bottom_Slew;GROUP=Chevron;VALUE=0 
 PARM;GEOM_ID=ZGNJFWTPXL;ID=OEHVVNHDUXV;NAME=Chevron_Type;GROUP=Chevron;VALUE=0 
 PARM;GEOM_ID=ZGNJFWTPXL;ID=RQUAXHUCXME;NAME=LeftAmplitude;GROUP=Chevron;VALUE=1 
 PARM;GEOM_ID=ZGNJFWTPXL;ID=QFESCFXZQTN;NAME=Left_Angle;GROUP=Chevron;VALUE=0 
 PARM;GEOM_ID=ZGNJFWTPXL;ID=EORGODPHMOM;NAME=Left_Slew;GROUP=Chevron;VALUE=0 
 PARM;GEOM_ID=ZGNJFWTPXL;ID=PFLHKYUNXOM;NAME=Number;GROUP=Chevron;VALUE=8 
 PARM;GEOM_ID=ZGNJFWTPXL;ID=EOVVLCDDVOQ;NAME=Off_Duty;GROUP=Chevron;VALUE=0 
 PARM;GEOM_ID=ZGNJFWTPXL;ID=QWHVMUMSNFL;NAME=On_Duty;GROUP=Chevron;VALUE=0 
 PARM;GEOM_ID=ZGNJFWTPXL;ID=LXKBCGCJXGG;NAME=Peak_Radius;GROUP=Chevron;VALUE=0 
 PARM;GEOM_ID=ZGNJFWTPXL;ID=VHKJNWZGZIO;NAME=RLSym;GROUP=Chevron;VALUE=1 
 PARM;GEOM_ID=ZGNJFWTPXL;ID=BZAAJDRQGTY;NAME=RightAmplitude;GROUP=Chevron;VALUE=1 
 PARM;GEOM_ID=ZGNJFWTPXL;ID=AYISVGCWEET;NAME=Right_Angle;GROUP=Chevron;VALUE=0 
 PARM;GEOM_ID=ZGNJFWTPXL;ID=RKQDLGJAXSC;NAME=Right_Slew;GROUP=Chevron;VALUE=0 
 PARM;GEOM_ID=ZGNJFWTPXL;ID=DFSWVAUAPEG;NAME=TBSym;GROUP=Chevron;VALUE=1 
 PARM;GEOM_ID=ZGNJFWTPXL;ID=KQPMNWBVAPD;NAME=TopAmplitude;GROUP=Chevron;VALUE=1 
 PARM;GEOM_ID=ZGNJFWTPXL;ID=NIODEWSWHVE;NAME=Top_Angle;GROUP=Chevron;VALUE=0 
 PARM;GEOM_ID=ZGNJFWTPXL;ID=ZXYOPHCNQPO;NAME=Top_Slew;GROUP=Chevron;VALUE=0 
 PARM;GEOM_ID=ZGNJFWTPXL;ID=CYZQYUXLDPX;NAME=Valley_Radius;GROUP=Chevron;VALUE=0 
 PARM;GEOM_ID=ZGNJFWTPXL;ID=DMRSHKWOVZX;NAME=W01_Center;GROUP=Chevron;VALUE=0.25 
 PARM;GEOM_ID=ZGNJFWTPXL;ID=PXWHBCRQAJE;NAME=W01_Center_Guide;GROUP=Chevron;VALUE=5 
 PARM;GEOM_ID=ZGNJFWTPXL;ID=NSNNSGSMNKR;NAME=W01_End;GROUP=Chevron;VALUE=0.5 
 PARM;GEOM_ID=ZGNJFWTPXL;ID=BLZTRRQVOPU;NAME=W01_End_Guide;GROUP=Chevron;VALUE=5 
 PARM;GEOM_ID=ZGNJFWTPXL;ID=YDWPPXJDEZP;NAME=W01_Mode;GROUP=Chevron;VALUE=0 
 PARM;GEOM_ID=ZGNJFWTPXL;ID=DLBDACOAHNX;NAME=W01_Start;GROUP=Chevron;VALUE=0 
 PARM;GEOM_ID=ZGNJFWTPXL;ID=VSCTXPMPIHH;NAME=W01_Start_Guide;GROUP=Chevron;VALUE=5 
 PARM;GEOM_ID=ZGNJFWTPXL;ID=GRLHUGWHGBE;NAME=W01_Width;GROUP=Chevron;VALUE=0.5 
 PARM;GEOM_ID=ZGNJFWTPXL;ID=HWOGHHYJIHA;NAME=AftCluster;GROUP=XSec;VALUE=1 
 PARM;GEOM_ID=ZGNJFWTPXL;ID=NDYVFNUNLNR;NAME=AllSym;GROUP=XSec;VALUE=0 
 PARM;GEOM_ID=ZGNJFWTPXL;ID=JCFAQSFFZVI;NAME=BottomLAngle;GROUP=XSec;VALUE=9.47368 
 PARM;GEOM_ID=ZGNJFWTPXL;ID=KXGWCWJDZGD;NAME=BottomLAngleSet;GROUP=XSec;VALUE=1 
 PARM;GEOM_ID=ZGNJFWTPXL;ID=GETAZLAECCO;NAME=BottomLCurve;GROUP=XSec;VALUE=-0.683193 
 PARM;GEOM_ID=ZGNJFWTPXL;ID=WKPBKHOEONX;NAME=BottomLCurveSet;GROUP=XSec;VALUE=0 
 PARM;GEOM_ID=ZGNJFWTPXL;ID=FIUUQKJNWRI;NAME=BottomLRAngleEq;GROUP=XSec;VALUE=1 
 PARM;GEOM_ID=ZGNJFWTPXL;ID=TGRMKCOPAQE;NAME=BottomLRCurveEq;GROUP=XSec;VALUE=0 
 PARM;GEOM_ID=ZGNJFWTPXL;ID=DXYJRGHVCTW;NAME=BottomLRSlewEq;GROUP=XSec;VALUE=1 
 PARM;GEOM_ID=ZGNJFWTPXL;ID=UEUTEKWLTQO;NAME=BottomLRStrengthEq;GROUP=XSec;VALUE=1 
 PARM;GEOM_ID=ZGNJFWTPXL;ID=PWEIEMIACQH;NAME=BottomLSlew;GROUP=XSec;VALUE=0 
 PARM;GEOM_ID=ZGNJFWTPXL;ID=MYXPLNDMXNG;NAME=BottomLSlewSet;GROUP=XSec;VALUE=1 
 PARM;GEOM_ID=ZGNJFWTPXL;ID=TWOLVLLVXXM;NAME=BottomLStrength;GROUP=XSec;VALUE=1 
 PARM;GEOM_ID=ZGNJFWTPXL;ID=RNAQUZMYNEF;NAME=BottomLStrengthSet;GROUP=XSec;VALUE=1 
 PARM;GEOM_ID=ZGNJFWTPXL;ID=MSABILOGODE;NAME=BottomRAngle;GROUP=XSec;VALUE=9.47368 
 PARM;GEOM_ID=ZGNJFWTPXL;ID=RLXEMMYKERO;NAME=BottomRAngleSet;GROUP=XSec;VALUE=1 
 PARM;GEOM_ID=ZGNJFWTPXL;ID=NXEVCNGKFSQ;NAME=BottomRCurve;GROUP=XSec;VALUE=3.26729 
 PARM;GEOM_ID=ZGNJFWTPXL;ID=XVOQFGRURZE;NAME=BottomRCurveSet;GROUP=XSec;VALUE=0 
 PARM;GEOM_ID=ZGNJFWTPXL;ID=IVFPFVQBNSR;NAME=BottomRSlew;GROUP=XSec;VALUE=0 
 PARM;GEOM_ID=ZGNJFWTPXL;ID=KOFDGMZJOJB;NAME=BottomRSlewSet;GROUP=XSec;VALUE=1 
 PARM;GEOM_ID=ZGNJFWTPXL;ID=NCHEOMHEFQP;NAME=BottomRStrength;GROUP=XSec;VALUE=1 
 PARM;GEOM_ID=ZGNJFWTPXL;ID=ZIILVBVNVTW;NAME=BottomRStrengthSet;GROUP=XSec;VALUE=1 
 PARM;GEOM_ID=ZGNJFWTPXL;ID=WDPGQLWQHNL;NAME=ContinuityBottom;GROUP=XSec;VALUE=0 
 PARM;GEOM_ID=ZGNJFWTPXL;ID=PYBBFRJOGKH;NAME=ContinuityLeft;GROUP=XSec;VALUE=0 
 PARM;GEOM_ID=ZGNJFWTPXL;ID=DUUWHFBNSLJ;NAME=ContinuityRight;GROUP=XSec;VALUE=0 
 PARM;GEOM_ID=ZGNJFWTPXL;ID=JYHQSSZVSAT;NAME=ContinuityTop;GROUP=XSec;VALUE=0 
 PARM;GEOM_ID=ZGNJFWTPXL;ID=FMJIRODIGJL;NAME=FwdCluster;GROUP=XSec;VALUE=1 
 PARM;GEOM_ID=ZGNJFWTPXL;ID=CFHKPSXWQIH;NAME=LeftLAngle;GROUP=XSec;VALUE=0 
 PARM;GEOM_ID=ZGNJFWTPXL;ID=UYVYXRUOQDH;NAME=LeftLAngleSet;GROUP=XSec;VALUE=1 
 PARM;GEOM_ID=ZGNJFWTPXL;ID=AMRHOYOHBMT;NAME=LeftLCurve;GROUP=XSec;VALUE=-0.812936 
 PARM;GEOM_ID=ZGNJFWTPXL;ID=AJJQPQDRWFR;NAME=LeftLCurveSet;GROUP=XSec;VALUE=0 
 PARM;GEOM_ID=ZGNJFWTPXL;ID=LQEEITELLOF;NAME=LeftLRAngleEq;GROUP=XSec;VALUE=1 
 PARM;GEOM_ID=ZGNJFWTPXL;ID=TRXGRAMBMHU;NAME=LeftLRCurveEq;GROUP=XSec;VALUE=0 
 PARM;GEOM_ID=ZGNJFWTPXL;ID=WQRUVMPZQPA;NAME=LeftLRSlewEq;GROUP=XSec;VALUE=1 
 PARM;GEOM_ID=ZGNJFWTPXL;ID=XDWLBSWSUEC;NAME=LeftLRStrengthEq;GROUP=XSec;VALUE=1 
 PARM;GEOM_ID=ZGNJFWTPXL;ID=QAMROMRMCCN;NAME=LeftLSlew;GROUP=XSec;VALUE=2.36842 
 PARM;GEOM_ID=ZGNJFWTPXL;ID=OKFSKQMHJAD;NAME=LeftLSlewSet;GROUP=XSec;VALUE=1 
 PARM;GEOM_ID=ZGNJFWTPXL;ID=WVSZKRHJWEX;NAME=LeftLStrength;GROUP=XSec;VALUE=1 
 PARM;GEOM_ID=ZGNJFWTPXL;ID=USNKZNQVZAT;NAME=LeftLStrengthSet;GROUP=XSec;VALUE=1 
 PARM;GEOM_ID=ZGNJFWTPXL;ID=TCSCPJWZKGT;NAME=LeftRAngle;GROUP=XSec;VALUE=0 
 PARM;GEOM_ID=ZGNJFWTPXL;ID=SCJRDFGUZDQ;NAME=LeftRAngleSet;GROUP=XSec;VALUE=1 
 PARM;GEOM_ID=ZGNJFWTPXL;ID=UEXSARJOBQU;NAME=LeftRCurve;GROUP=XSec;VALUE=3.56497 
 PARM;GEOM_ID=ZGNJFWTPXL;ID=THIGGTDCBKX;NAME=LeftRCurveSet;GROUP=XSec;VALUE=0 
 PARM;GEOM_ID=ZGNJFWTPXL;ID=FFCUSSEXKGQ;NAME=LeftRSlew;GROUP=XSec;VALUE=2.36842 
 PARM;GEOM_ID=ZGNJFWTPXL;ID=VWWNQAJECLU;NAME=LeftRSlewSet;GROUP=XSec;VALUE=1 
 PARM;GEOM_ID=ZGNJFWTPXL;ID=KOJCUVJJHYH;NAME=LeftRStrength;GROUP=XSec;VALUE=1 
 PARM;GEOM_ID=ZGNJFWTPXL;ID=YWBWLSAKJEB;NAME=LeftRStrengthSet;GROUP=XSec;VALUE=1 
 PARM;GEOM_ID=ZGNJFWTPXL;ID=XTWEMNVYAXU;NAME=RLSym;GROUP=XSec;VALUE=0 
 PARM;GEOM_ID=ZGNJFWTPXL;ID=FSGYKAERXFZ;NAME=RefLength;GROUP=XSec;VALUE=46.6596 
 PARM;GEOM_ID=ZGNJFWTPXL;ID=MMQSONXFZJN;NAME=RightLAngle;GROUP=XSec;VALUE=0 
 PARM;GEOM_ID=ZGNJFWTPXL;ID=DOWILUPUGZP;NAME=RightLAngleSet;GROUP=XSec;VALUE=1 
 PARM;GEOM_ID=ZGNJFWTPXL;ID=FJDMHXEOGIP;NAME=RightLCurve;GROUP=XSec;VALUE=-0.801441 
 PARM;GEOM_ID=ZGNJFWTPXL;ID=GJJBLAHPIVQ;NAME=RightLCurveSet;GROUP=XSec;VALUE=0 
 PARM;GEOM_ID=ZGNJFWTPXL;ID=OGDINOGMTEG;NAME=RightLRAngleEq;GROUP=XSec;VALUE=1 
 PARM;GEOM_ID=ZGNJFWTPXL;ID=PBBGIJCAQCO;NAME=RightLRCurveEq;GROUP=XSec;VALUE=0 
 PARM;GEOM_ID=ZGNJFWTPXL;ID=CMQINQESXME;NAME=RightLRSlewEq;GROUP=XSec;VALUE=1 
 PARM;GEOM_ID=ZGNJFWTPXL;ID=JLEYBRJUVBQ;NAME=RightLRStrengthEq;GROUP=XSec;VALUE=1 
 PARM;GEOM_ID=ZGNJFWTPXL;ID=ADLYMELOPXF;NAME=RightLSlew;GROUP=XSec;VALUE=0 
 PARM;GEOM_ID=ZGNJFWTPXL;ID=ZPPYBZOESXF;NAME=RightLSlewSet;GROUP=XSec;VALUE=1 
 PARM;GEOM_ID=ZGNJFWTPXL;ID=OUDTHPCRDTC;NAME=RightLStrength;GROUP=XSec;VALUE=1 
 PARM;GEOM_ID=ZGNJFWTPXL;ID=DHDUUOGDMCH;NAME=RightLStrengthSet;GROUP=XSec;VALUE=1 
 PARM;GEOM_ID=ZGNJFWTPXL;ID=QOTZOTDOSHU;NAME=RightRAngle;GROUP=XSec;VALUE=0 
 PARM;GEOM_ID=ZGNJFWTPXL;ID=OQJSSEQPELE;NAME=RightRAngleSet;GROUP=XSec;VALUE=1 
 PARM;GEOM_ID=ZGNJFWTPXL;ID=GCBMCMLHZQS;NAME=RightRCurve;GROUP=XSec;VALUE=3.60848 
 PARM;GEOM_ID=ZGNJFWTPXL;ID=JQNNBFRLSLH;NAME=RightRCurveSet;GROUP=XSec;VALUE=0 
 PARM;GEOM_ID=ZGNJFWTPXL;ID=AARWFFRRMCP;NAME=RightRSlew;GROUP=XSec;VALUE=0 
 PARM;GEOM_ID=ZGNJFWTPXL;ID=MYBXPDWTZNA;NAME=RightRSlewSet;GROUP=XSec;VALUE=1 
 PARM;GEOM_ID=ZGNJFWTPXL;ID=BEQCXTCKGKM;NAME=RightRStrength;GROUP=XSec;VALUE=1 
 PARM;GEOM_ID=ZGNJFWTPXL;ID=LYUTFHLKBWP;NAME=RightRStrengthSet;GROUP=XSec;VALUE=1 
 PARM;GEOM_ID=ZGNJFWTPXL;ID=SJOBVUUMORK;NAME=SectTess_U;GROUP=XSec;VALUE=10 
 PARM;GEOM_ID=ZGNJFWTPXL;ID=BRIMTUYKZHV;NAME=Spin;GROUP=XSec;VALUE=0 
 PARM;GEOM_ID=ZGNJFWTPXL;ID=YSDNZTVQDVJ;NAME=TBSym;GROUP=XSec;VALUE=0 
 PARM;GEOM_ID=ZGNJFWTPXL;ID=ICGOOGZZXZB;NAME=TopLAngle;GROUP=XSec;VALUE=4.73684 
 PARM;GEOM_ID=ZGNJFWTPXL;ID=VALUKKKGATW;NAME=TopLAngleSet;GROUP=XSec;VALUE=1 
 PARM;GEOM_ID=ZGNJFWTPXL;ID=MEWEWKALVFQ;NAME=TopLCurve;GROUP=XSec;VALUE=-0.59113 
 PARM;GEOM_ID=ZGNJFWTPXL;ID=TPIPUWKUKEM;NAME=TopLCurveSet;GROUP=XSec;VALUE=0 
 PARM;GEOM_ID=ZGNJFWTPXL;ID=UUSNCPHZTYA;NAME=TopLRAngleEq;GROUP=XSec;VALUE=1 
 PARM;GEOM_ID=ZGNJFWTPXL;ID=WKLIBEGBXMQ;NAME=TopLRCurveEq;GROUP=XSec;VALUE=0 
 PARM;GEOM_ID=ZGNJFWTPXL;ID=KVXPOXCCTJU;NAME=TopLRSlewEq;GROUP=XSec;VALUE=1 
 PARM;GEOM_ID=ZGNJFWTPXL;ID=IJSHCNKCJNB;NAME=TopLRStrengthEq;GROUP=XSec;VALUE=1 
 PARM;GEOM_ID=ZGNJFWTPXL;ID=DTZXEIPBTDX;NAME=TopLSlew;GROUP=XSec;VALUE=0 
 PARM;GEOM_ID=ZGNJFWTPXL;ID=FVUKBVVPSUV;NAME=TopLSlewSet;GROUP=XSec;VALUE=1 
 PARM;GEOM_ID=ZGNJFWTPXL;ID=ZSKLYINIRVE;NAME=TopLStrength;GROUP=XSec;VALUE=1 
 PARM;GEOM_ID=ZGNJFWTPXL;ID=QLERGGOTVBL;NAME=TopLStrengthSet;GROUP=XSec;VALUE=1 
 PARM;GEOM_ID=ZGNJFWTPXL;ID=KBCKLXFMBRF;NAME=TopRAngle;GROUP=XSec;VALUE=4.73684 
 PARM;GEOM_ID=ZGNJFWTPXL;ID=PZUTFDXWOLY;NAME=TopRAngleSet;GROUP=XSec;VALUE=1 
 PARM;GEOM_ID=ZGNJFWTPXL;ID=QDAIHOJHGRI;NAME=TopRCurve;GROUP=XSec;VALUE=3.86392 
 PARM;GEOM_ID=ZGNJFWTPXL;ID=JUYETOXRCPC;NAME=TopRCurveSet;GROUP=XSec;VALUE=0 
 PARM;GEOM_ID=ZGNJFWTPXL;ID=FEEZYPMEQLZ;NAME=TopRSlew;GROUP=XSec;VALUE=0 
 PARM;GEOM_ID=ZGNJFWTPXL;ID=LFMHPHROUTV;NAME=TopRSlewSet;GROUP=XSec;VALUE=1 
 PARM;GEOM_ID=ZGNJFWTPXL;ID=SHXBLAYHJWL;NAME=TopRStrength;GROUP=XSec;VALUE=1 
 PARM;GEOM_ID=ZGNJFWTPXL;ID=OQFIWHRFRAJ;NAME=TopRStrengthSet;GROUP=XSec;VALUE=1 
 PARM;GEOM_ID=ZGNJFWTPXL;ID=RPQDFNEXXQI;NAME=XLocPercent;GROUP=XSec;VALUE=0.135119 
 PARM;GEOM_ID=ZGNJFWTPXL;ID=ZFGWNPZVQPH;NAME=XRotate;GROUP=XSec;VALUE=0 
 PARM;GEOM_ID=ZGNJFWTPXL;ID=QYYZVOQOYFR;NAME=YLocPercent;GROUP=XSec;VALUE=0 
 PARM;GEOM_ID=ZGNJFWTPXL;ID=WALHYPHEBLM;NAME=YRotate;GROUP=XSec;VALUE=-8.35714 
 PARM;GEOM_ID=ZGNJFWTPXL;ID=BQVAHZNHEXJ;NAME=ZLocPercent;GROUP=XSec;VALUE=0.00153689 
 PARM;GEOM_ID=ZGNJFWTPXL;ID=ABWTASTUMAJ;NAME=ZRotate;GROUP=XSec;VALUE=0 
 PARM;GEOM_ID=ZGNJFWTPXL;ID=XWYTBCXBULX;NAME=Area;GROUP=XSecCurve;VALUE=6.9215 
 PARM;GEOM_ID=ZGNJFWTPXL;ID=VPOJSEBAPIX;NAME=Circle_Diameter;GROUP=XSecCurve;VALUE=2.96851 
 PARM;GEOM_ID=ZGNJFWTPXL;ID=IXUBRNDZXTW;NAME=DeltaX;GROUP=XSecCurve;VALUE=0 
 PARM;GEOM_ID=ZGNJFWTPXL;ID=PRWDQMNASAI;NAME=DeltaY;GROUP=XSecCurve;VALUE=0 
 PARM;GEOM_ID=ZGNJFWTPXL;ID=WJCMQHWBBXD;NAME=HWRatio;GROUP=XSecCurve;VALUE=1 
 PARM;GEOM_ID=ZGNJFWTPXL;ID=BHMGVSEWENB;NAME=Scale;GROUP=XSecCurve;VALUE=1 
 PARM;GEOM_ID=ZGNJFWTPXL;ID=JKSRAYKYTJA;NAME=ShiftLE;GROUP=XSecCurve;VALUE=0 
 PARM;GEOM_ID=ZGNJFWTPXL;ID=YZCEVCYCORG;NAME=Theta;GROUP=XSecCurve;VALUE=0 
 PARM;GEOM_ID=ZGNJFWTPXL;ID=KGPQTEJHCBP;NAME=LE_Cap_Length;GROUP=Cap;VALUE=1 
 PARM;GEOM_ID=ZGNJFWTPXL;ID=TGZLJPAOOPZ;NAME=LE_Cap_Offset;GROUP=Cap;VALUE=0 
 PARM;GEOM_ID=ZGNJFWTPXL;ID=YSFVDBZNHYR;NAME=LE_Cap_Strength;GROUP=Cap;VALUE=0.5 
 PARM;GEOM_ID=ZGNJFWTPXL;ID=SZIVXWSXRNV;NAME=LE_Cap_Type;GROUP=Cap;VALUE=1 
 PARM;GEOM_ID=ZGNJFWTPXL;ID=JREATLUDXRK;NAME=TE_Cap_Length;GROUP=Cap;VALUE=1 
 PARM;GEOM_ID=ZGNJFWTPXL;ID=DRODIMFEDJF;NAME=TE_Cap_Offset;GROUP=Cap;VALUE=0 
 PARM;GEOM_ID=ZGNJFWTPXL;ID=XAALCKEOBPD;NAME=TE_Cap_Strength;GROUP=Cap;VALUE=0.5 
 PARM;GEOM_ID=ZGNJFWTPXL;ID=MNDHGQEOBCC;NAME=TE_Cap_Type;GROUP=Cap;VALUE=1 
 PARM;GEOM_ID=ZGNJFWTPXL;ID=ENFIOFAXWAV;NAME=LE_Close_AbsRel;GROUP=Close;VALUE=0 
 PARM;GEOM_ID=ZGNJFWTPXL;ID=LEJCHVETBDF;NAME=LE_Close_Thick;GROUP=Close;VALUE=0 
 PARM;GEOM_ID=ZGNJFWTPXL;ID=COGAAFRZJXP;NAME=LE_Close_Thick_Chord;GROUP=Close;VALUE=0 
 PARM;GEOM_ID=ZGNJFWTPXL;ID=MNHJPDDFKNS;NAME=LE_Close_Type;GROUP=Close;VALUE=0 
 PARM;GEOM_ID=ZGNJFWTPXL;ID=QVIEGVXICBP;NAME=TE_Close_AbsRel;GROUP=Close;VALUE=0 
 PARM;GEOM_ID=ZGNJFWTPXL;ID=GBHHWCVBDGE;NAME=TE_Close_Thick;GROUP=Close;VALUE=0 
 PARM;GEOM_ID=ZGNJFWTPXL;ID=GBCNVBWYIXE;NAME=TE_Close_Thick_Chord;GROUP=Close;VALUE=0 
 PARM;GEOM_ID=ZGNJFWTPXL;ID=UNCEGFJSXDU;NAME=TE_Close_Type;GROUP=Close;VALUE=0 
 PARM;GEOM_ID=ZGNJFWTPXL;ID=DAPNREKNORJ;NAME=LE_Trim_AbsRel;GROUP=Trim;VALUE=0 
 PARM;GEOM_ID=ZGNJFWTPXL;ID=JGDHEJBLNGX;NAME=LE_Trim_Thick;GROUP=Trim;VALUE=0 
 PARM;GEOM_ID=ZGNJFWTPXL;ID=JMDGSQPYCBX;NAME=LE_Trim_Thick_Chord;GROUP=Trim;VALUE=0 
 PARM;GEOM_ID=ZGNJFWTPXL;ID=TWRAERMUJXN;NAME=LE_Trim_Type;GROUP=Trim;VALUE=0 
 PARM;GEOM_ID=ZGNJFWTPXL;ID=PXFDQKOIHHG;NAME=LE_Trim_X;GROUP=Trim;VALUE=0 
 PARM;GEOM_ID=ZGNJFWTPXL;ID=XQMGFLKHHFA;NAME=LE_Trim_X_Chord;GROUP=Trim;VALUE=0 
 PARM;GEOM_ID=ZGNJFWTPXL;ID=WNAZHYHPUDG;NAME=TE_Trim_AbsRel;GROUP=Trim;VALUE=0 
 PARM;GEOM_ID=ZGNJFWTPXL;ID=JESBWJGQQHY;NAME=TE_Trim_Thick;GROUP=Trim;VALUE=0 
 PARM;GEOM_ID=ZGNJFWTPXL;ID=WQZGBSSGZHI;NAME=TE_Trim_Thick_Chord;GROUP=Trim;VALUE=0 
 PARM;GEOM_ID=ZGNJFWTPXL;ID=ERWOJRWWFOT;NAME=TE_Trim_Type;GROUP=Trim;VALUE=0 
 PARM;GEOM_ID=ZGNJFWTPXL;ID=PHZQCYLZUFD;NAME=TE_Trim_X;GROUP=Trim;VALUE=0 
 PARM;GEOM_ID=ZGNJFWTPXL;ID=XDZMXTGOBMC;NAME=TE_Trim_X_Chord;GROUP=Trim;VALUE=0 
 PARM;GEOM_ID=ZGNJFWTPXL;ID=SAZHSMLWKUX;NAME=TE_Flap_DT;GROUP=Flap;VALUE=0 
 PARM;GEOM_ID=ZGNJFWTPXL;ID=AQNZABHOOSD;NAME=TE_Flap_Deflection;GROUP=Flap;VALUE=0 
 PARM;GEOM_ID=ZGNJFWTPXL;ID=WIRXUJTVIGJ;NAME=TE_Flap_Flag;GROUP=Flap;VALUE=0 
 PARM;GEOM_ID=ZGNJFWTPXL;ID=XGTXWBLXUSL;NAME=TE_Flap_T;GROUP=Flap;VALUE=0.2 
 PARM;GEOM_ID=ZGNJFWTPXL;ID=QXWPIKVQHXY;NAME=TE_Flap_Type;GROUP=Flap;VALUE=0 
 PARM;GEOM_ID=ZGNJFWTPXL;ID=RUSCOPFQRXX;NAME=TE_Flap_X;GROUP=Flap;VALUE=0 
 PARM;GEOM_ID=ZGNJFWTPXL;ID=NSOLMSNASLY;NAME=TE_Flap_X_Chord;GROUP=Flap;VALUE=0.2 
 PARM;GEOM_ID=ZGNJFWTPXL;ID=MHGFLQDXTGF;NAME=TE_Flap_Y_Frc;GROUP=Flap;VALUE=0.5 
 PARM;GEOM_ID=ZGNJFWTPXL;ID=WAIIBAJPDLX;NAME=TE_Trim_AbsRel;GROUP=Flap;VALUE=1 
 PARM;GEOM_ID=ZGNJFWTPXL;ID=SDGNNUAPZAZ;NAME=XSecFlipImageFlag;GROUP=XSecCurve_Background;VALUE=0 
 PARM;GEOM_ID=ZGNJFWTPXL;ID=PCFKSYLRFPI;NAME=XSecImageFlag;GROUP=XSecCurve_Background;VALUE=0 
 PARM;GEOM_ID=ZGNJFWTPXL;ID=DRERYIQOOOD;NAME=XSecImageH;GROUP=XSecCurve_Background;VALUE=1 
 PARM;GEOM_ID=ZGNJFWTPXL;ID=ZCUBYDXBDNM;NAME=XSecImagePreserveAR;GROUP=XSecCurve_Background;VALUE=1 
 PARM;GEOM_ID=ZGNJFWTPXL;ID=SAFLHUDRUUL;NAME=XSecImageW;GROUP=XSecCurve_Background;VALUE=1 
 PARM;GEOM_ID=ZGNJFWTPXL;ID=UBPCVVMKAJL;NAME=XSecImageXOffset;GROUP=XSecCurve_Background;VALUE=0 
 PARM;GEOM_ID=ZGNJFWTPXL;ID=FGUWXXWNXJY;NAME=XSecImageYOffset;GROUP=XSecCurve_Background;VALUE=0 
 PARM;GEOM_ID=ZGNJFWTPXL;ID=BQSPNGXUPLH;NAME=XSecLockImageFlag;GROUP=XSecCurve_Background;VALUE=0 
 PARM;GEOM_ID=ZGNJFWTPXL;ID=NKZMKAWPJWO;NAME=AllSym;GROUP=Chevron;VALUE=1 
 PARM;GEOM_ID=ZGNJFWTPXL;ID=SNYERXEYHRK;NAME=BottomAmplitude;GROUP=Chevron;VALUE=1 
 PARM;GEOM_ID=ZGNJFWTPXL;ID=KCYKHXMQBGK;NAME=Bottom_Angle;GROUP=Chevron;VALUE=0 
 PARM;GEOM_ID=ZGNJFWTPXL;ID=JCQXTAMFHWR;NAME=Bottom_Slew;GROUP=Chevron;VALUE=0 
 PARM;GEOM_ID=ZGNJFWTPXL;ID=HGGVQGJCOUJ;NAME=Chevron_Type;GROUP=Chevron;VALUE=0 
 PARM;GEOM_ID=ZGNJFWTPXL;ID=SWJCHXPVTFW;NAME=LeftAmplitude;GROUP=Chevron;VALUE=1 
 PARM;GEOM_ID=ZGNJFWTPXL;ID=SQRTLVJFBLQ;NAME=Left_Angle;GROUP=Chevron;VALUE=0 
 PARM;GEOM_ID=ZGNJFWTPXL;ID=WTIPEBREMVS;NAME=Left_Slew;GROUP=Chevron;VALUE=0 
 PARM;GEOM_ID=ZGNJFWTPXL;ID=UNXWGCEODQB;NAME=Number;GROUP=Chevron;VALUE=8 
 PARM;GEOM_ID=ZGNJFWTPXL;ID=IYJQALAOVWD;NAME=Off_Duty;GROUP=Chevron;VALUE=0 
 PARM;GEOM_ID=ZGNJFWTPXL;ID=FVGDCRCYUTR;NAME=On_Duty;GROUP=Chevron;VALUE=0 
 PARM;GEOM_ID=ZGNJFWTPXL;ID=FRCZDJCUOSN;NAME=Peak_Radius;GROUP=Chevron;VALUE=0 
 PARM;GEOM_ID=ZGNJFWTPXL;ID=WHUSIWBDHQI;NAME=RLSym;GROUP=Chevron;VALUE=1 
 PARM;GEOM_ID=ZGNJFWTPXL;ID=XOBXTLKBSFJ;NAME=RightAmplitude;GROUP=Chevron;VALUE=1 
 PARM;GEOM_ID=ZGNJFWTPXL;ID=VKVUTGTLULS;NAME=Right_Angle;GROUP=Chevron;VALUE=0 
 PARM;GEOM_ID=ZGNJFWTPXL;ID=AKJHEOSZNBD;NAME=Right_Slew;GROUP=Chevron;VALUE=0 
 PARM;GEOM_ID=ZGNJFWTPXL;ID=PSFRLCZQLKC;NAME=TBSym;GROUP=Chevron;VALUE=1 
 PARM;GEOM_ID=ZGNJFWTPXL;ID=GWGQLJVOPSN;NAME=TopAmplitude;GROUP=Chevron;VALUE=1 
 PARM;GEOM_ID=ZGNJFWTPXL;ID=UKLRAPADAOO;NAME=Top_Angle;GROUP=Chevron;VALUE=0 
 PARM;GEOM_ID=ZGNJFWTPXL;ID=IBXCPXOIHIN;NAME=Top_Slew;GROUP=Chevron;VALUE=0 
 PARM;GEOM_ID=ZGNJFWTPXL;ID=UFFODMPUUVI;NAME=Valley_Radius;GROUP=Chevron;VALUE=0 
 PARM;GEOM_ID=ZGNJFWTPXL;ID=LROWMIZLPFS;NAME=W01_Center;GROUP=Chevron;VALUE=0.25 
 PARM;GEOM_ID=ZGNJFWTPXL;ID=XXYLLFWTUVM;NAME=W01_Center_Guide;GROUP=Chevron;VALUE=5 
 PARM;GEOM_ID=ZGNJFWTPXL;ID=WZJGBFRLBWT;NAME=W01_End;GROUP=Chevron;VALUE=0.5 
 PARM;GEOM_ID=ZGNJFWTPXL;ID=KYAJHSKQLWO;NAME=W01_End_Guide;GROUP=Chevron;VALUE=5 
 PARM;GEOM_ID=ZGNJFWTPXL;ID=JUQVSUDTDDT;NAME=W01_Mode;GROUP=Chevron;VALUE=0 
 PARM;GEOM_ID=ZGNJFWTPXL;ID=KNPJXARJFRE;NAME=W01_Start;GROUP=Chevron;VALUE=0 
 PARM;GEOM_ID=ZGNJFWTPXL;ID=KNONXEFDQRJ;NAME=W01_Start_Guide;GROUP=Chevron;VALUE=5 
 PARM;GEOM_ID=ZGNJFWTPXL;ID=HGCMOZFNITB;NAME=W01_Width;GROUP=Chevron;VALUE=0.5 
 PARM;GEOM_ID=ZGNJFWTPXL;ID=ASZVCGKPOHT;NAME=AftCluster;GROUP=XSec;VALUE=1 
 PARM;GEOM_ID=ZGNJFWTPXL;ID=TFEWPQMBXAH;NAME=AllSym;GROUP=XSec;VALUE=0 
 PARM;GEOM_ID=ZGNJFWTPXL;ID=TUWCULHHTNK;NAME=BottomLAngle;GROUP=XSec;VALUE=0 
 PARM;GEOM_ID=ZGNJFWTPXL;ID=PYMKFMBTRZK;NAME=BottomLAngleSet;GROUP=XSec;VALUE=1 
 PARM;GEOM_ID=ZGNJFWTPXL;ID=KJPVIKRNLPF;NAME=BottomLCurve;GROUP=XSec;VALUE=3.73485 
 PARM;GEOM_ID=ZGNJFWTPXL;ID=BJTQSABPBPW;NAME=BottomLCurveSet;GROUP=XSec;VALUE=0 
 PARM;GEOM_ID=ZGNJFWTPXL;ID=ECKUYDCBWMC;NAME=BottomLRAngleEq;GROUP=XSec;VALUE=1 
 PARM;GEOM_ID=ZGNJFWTPXL;ID=MEIBIUEUWPO;NAME=BottomLRCurveEq;GROUP=XSec;VALUE=0 
 PARM;GEOM_ID=ZGNJFWTPXL;ID=WXPRFHYHQFW;NAME=BottomLRSlewEq;GROUP=XSec;VALUE=0 
 PARM;GEOM_ID=ZGNJFWTPXL;ID=ALSNNDGVFKQ;NAME=BottomLRStrengthEq;GROUP=XSec;VALUE=0 
 PARM;GEOM_ID=ZGNJFWTPXL;ID=KLKFWRDDHHK;NAME=BottomLSlew;GROUP=XSec;VALUE=0 
 PARM;GEOM_ID=ZGNJFWTPXL;ID=QFALOBKWAXO;NAME=BottomLSlewSet;GROUP=XSec;VALUE=1 
 PARM;GEOM_ID=ZGNJFWTPXL;ID=UCZSRCBKGMG;NAME=BottomLStrength;GROUP=XSec;VALUE=1 
 PARM;GEOM_ID=ZGNJFWTPXL;ID=IHJUKDILZSF;NAME=BottomLStrengthSet;GROUP=XSec;VALUE=1 
 PARM;GEOM_ID=ZGNJFWTPXL;ID=KPSRWZJJHZU;NAME=BottomRAngle;GROUP=XSec;VALUE=0 
 PARM;GEOM_ID=ZGNJFWTPXL;ID=ISUWQXDJWBP;NAME=BottomRAngleSet;GROUP=XSec;VALUE=1 
 PARM;GEOM_ID=ZGNJFWTPXL;ID=ZFEGNKGYCTI;NAME=BottomRCurve;GROUP=XSec;VALUE=-1.80761 
 PARM;GEOM_ID=ZGNJFWTPXL;ID=YLDWATPPYFF;NAME=BottomRCurveSet;GROUP=XSec;VALUE=0 
 PARM;GEOM_ID=ZGNJFWTPXL;ID=HUXDCSEFJJL;NAME=BottomRSlew;GROUP=XSec;VALUE=0 
 PARM;GEOM_ID=ZGNJFWTPXL;ID=FSQKAREQQCW;NAME=BottomRSlewSet;GROUP=XSec;VALUE=1 
 PARM;GEOM_ID=ZGNJFWTPXL;ID=SNLYWZZIDUC;NAME=BottomRStrength;GROUP=XSec;VALUE=1 
 PARM;GEOM_ID=ZGNJFWTPXL;ID=RMLFGVNONXE;NAME=BottomRStrengthSet;GROUP=XSec;VALUE=1 
 PARM;GEOM_ID=ZGNJFWTPXL;ID=OGXMDFIHZMV;NAME=ContinuityBottom;GROUP=XSec;VALUE=0 
 PARM;GEOM_ID=ZGNJFWTPXL;ID=AXLIBZXSTFQ;NAME=ContinuityLeft;GROUP=XSec;VALUE=0 
 PARM;GEOM_ID=ZGNJFWTPXL;ID=AYHPNIFLGOT;NAME=ContinuityRight;GROUP=XSec;VALUE=0 
 PARM;GEOM_ID=ZGNJFWTPXL;ID=DIQYHPRPMUD;NAME=ContinuityTop;GROUP=XSec;VALUE=0 
 PARM;GEOM_ID=ZGNJFWTPXL;ID=MIQYIWDIBZK;NAME=FwdCluster;GROUP=XSec;VALUE=1 
 PARM;GEOM_ID=ZGNJFWTPXL;ID=BTIYSFXETGL;NAME=LeftLAngle;GROUP=XSec;VALUE=0 
 PARM;GEOM_ID=ZGNJFWTPXL;ID=IGIAXWIHVBT;NAME=LeftLAngleSet;GROUP=XSec;VALUE=1 
 PARM;GEOM_ID=ZGNJFWTPXL;ID=YECDJLXFSZJ;NAME=LeftLCurve;GROUP=XSec;VALUE=-4.1478 
 PARM;GEOM_ID=ZGNJFWTPXL;ID=AOZIEGHWQSN;NAME=LeftLCurveSet;GROUP=XSec;VALUE=0 
 PARM;GEOM_ID=ZGNJFWTPXL;ID=UQFYPKIJDNG;NAME=LeftLRAngleEq;GROUP=XSec;VALUE=1 
 PARM;GEOM_ID=ZGNJFWTPXL;ID=GILAHJITPRZ;NAME=LeftLRCurveEq;GROUP=XSec;VALUE=0 
 PARM;GEOM_ID=ZGNJFWTPXL;ID=YBCTCKCBVWC;NAME=LeftLRSlewEq;GROUP=XSec;VALUE=0 
 PARM;GEOM_ID=ZGNJFWTPXL;ID=FPHDIOXLGNK;NAME=LeftLRStrengthEq;GROUP=XSec;VALUE=0 
 PARM;GEOM_ID=ZGNJFWTPXL;ID=VQNTFMYCVEI;NAME=LeftLSlew;GROUP=XSec;VALUE=-14.2105 
 PARM;GEOM_ID=ZGNJFWTPXL;ID=FKCSHZPKOSL;NAME=LeftLSlewSet;GROUP=XSec;VALUE=1 
 PARM;GEOM_ID=ZGNJFWTPXL;ID=ZNNXVSWWTKI;NAME=LeftLStrength;GROUP=XSec;VALUE=1 
 PARM;GEOM_ID=ZGNJFWTPXL;ID=LRHDVWBAHON;NAME=LeftLStrengthSet;GROUP=XSec;VALUE=1 
 PARM;GEOM_ID=ZGNJFWTPXL;ID=THQGGGNITYT;NAME=LeftRAngle;GROUP=XSec;VALUE=0 
 PARM;GEOM_ID=ZGNJFWTPXL;ID=LUSSXUSSCEL;NAME=LeftRAngleSet;GROUP=XSec;VALUE=1 
 PARM;GEOM_ID=ZGNJFWTPXL;ID=FSSAFSXMUXQ;NAME=LeftRCurve;GROUP=XSec;VALUE=-0.21214 
 PARM;GEOM_ID=ZGNJFWTPXL;ID=NVHRHFWGBWN;NAME=LeftRCurveSet;GROUP=XSec;VALUE=0 
 PARM;GEOM_ID=ZGNJFWTPXL;ID=SMRPRAMXBDO;NAME=LeftRSlew;GROUP=XSec;VALUE=0 
 PARM;GEOM_ID=ZGNJFWTPXL;ID=YRNVMJWTNFZ;NAME=LeftRSlewSet;GROUP=XSec;VALUE=1 
 PARM;GEOM_ID=ZGNJFWTPXL;ID=RVDNLDYPEMW;NAME=LeftRStrength;GROUP=XSec;VALUE=1 
 PARM;GEOM_ID=ZGNJFWTPXL;ID=MUTWYNNAMLK;NAME=LeftRStrengthSet;GROUP=XSec;VALUE=1 
 PARM;GEOM_ID=ZGNJFWTPXL;ID=FILNCPBNRWM;NAME=RLSym;GROUP=XSec;VALUE=1 
 PARM;GEOM_ID=ZGNJFWTPXL;ID=UFWOROFJVLW;NAME=RefLength;GROUP=XSec;VALUE=46.6596 
 PARM;GEOM_ID=ZGNJFWTPXL;ID=TAIPQSYJXGN;NAME=RightLAngle;GROUP=XSec;VALUE=0 
 PARM;GEOM_ID=ZGNJFWTPXL;ID=BEEOKJBTNVY;NAME=RightLAngleSet;GROUP=XSec;VALUE=1 
 PARM;GEOM_ID=ZGNJFWTPXL;ID=TJVLIUCBIAV;NAME=RightLCurve;GROUP=XSec;VALUE=-4.17535 
 PARM;GEOM_ID=ZGNJFWTPXL;ID=UIJQXKUBUEH;NAME=RightLCurveSet;GROUP=XSec;VALUE=0 
 PARM;GEOM_ID=ZGNJFWTPXL;ID=FVIAFKIYHLY;NAME=RightLRAngleEq;GROUP=XSec;VALUE=1 
 PARM;GEOM_ID=ZGNJFWTPXL;ID=LOHXRSXHTNY;NAME=RightLRCurveEq;GROUP=XSec;VALUE=0 
 PARM;GEOM_ID=ZGNJFWTPXL;ID=ULNYBARGBKQ;NAME=RightLRSlewEq;GROUP=XSec;VALUE=0 
 PARM;GEOM_ID=ZGNJFWTPXL;ID=LYXLTBEFALR;NAME=RightLRStrengthEq;GROUP=XSec;VALUE=0 
 PARM;GEOM_ID=ZGNJFWTPXL;ID=QOBUEKKQRRK;NAME=RightLSlew;GROUP=XSec;VALUE=-14.2105 
 PARM;GEOM_ID=ZGNJFWTPXL;ID=VZBOXLVGHXF;NAME=RightLSlewSet;GROUP=XSec;VALUE=1 
 PARM;GEOM_ID=ZGNJFWTPXL;ID=LQAVSFQVBLY;NAME=RightLStrength;GROUP=XSec;VALUE=1 
 PARM;GEOM_ID=ZGNJFWTPXL;ID=NRXBCHDKKSZ;NAME=RightLStrengthSet;GROUP=XSec;VALUE=1 
 PARM;GEOM_ID=ZGNJFWTPXL;ID=RIPDKDIXKWH;NAME=RightRAngle;GROUP=XSec;VALUE=0 
 PARM;GEOM_ID=ZGNJFWTPXL;ID=VOFJXITIJNO;NAME=RightRAngleSet;GROUP=XSec;VALUE=1 
 PARM;GEOM_ID=ZGNJFWTPXL;ID=OHOJROTZMJP;NAME=RightRCurve;GROUP=XSec;VALUE=-0.21214 
 PARM;GEOM_ID=ZGNJFWTPXL;ID=BYMQWZFNUCR;NAME=RightRCurveSet;GROUP=XSec;VALUE=0 
 PARM;GEOM_ID=ZGNJFWTPXL;ID=XVNBCDBOLXM;NAME=RightRSlew;GROUP=XSec;VALUE=0 
 PARM;GEOM_ID=ZGNJFWTPXL;ID=TJUCDNTBNFX;NAME=RightRSlewSet;GROUP=XSec;VALUE=1 
 PARM;GEOM_ID=ZGNJFWTPXL;ID=VJEXPFFGUXC;NAME=RightRStrength;GROUP=XSec;VALUE=1 
 PARM;GEOM_ID=ZGNJFWTPXL;ID=EQQHKEZZOPK;NAME=RightRStrengthSet;GROUP=XSec;VALUE=1 
 PARM;GEOM_ID=ZGNJFWTPXL;ID=RZKXJQYCHGN;NAME=SectTess_U;GROUP=XSec;VALUE=10 
 PARM;GEOM_ID=ZGNJFWTPXL;ID=VJIQWPRRSSH;NAME=Spin;GROUP=XSec;VALUE=0 
 PARM;GEOM_ID=ZGNJFWTPXL;ID=ITAFWAEAUXO;NAME=TBSym;GROUP=XSec;VALUE=0 
 PARM;GEOM_ID=ZGNJFWTPXL;ID=BNSDVMVUJZS;NAME=TopLAngle;GROUP=XSec;VALUE=9.47368 
 PARM;GEOM_ID=ZGNJFWTPXL;ID=RORKCRMWDOP;NAME=TopLAngleSet;GROUP=XSec;VALUE=1 
 PARM;GEOM_ID=ZGNJFWTPXL;ID=QWJZUJZUDQO;NAME=TopLCurve;GROUP=XSec;VALUE=-4.39075 
 PARM;GEOM_ID=ZGNJFWTPXL;ID=QFEFBVUHRAU;NAME=TopLCurveSet;GROUP=XSec;VALUE=0 
 PARM;GEOM_ID=ZGNJFWTPXL;ID=WDSODUAMCRS;NAME=TopLRAngleEq;GROUP=XSec;VALUE=1 
 PARM;GEOM_ID=ZGNJFWTPXL;ID=MQJWYGRTAEY;NAME=TopLRCurveEq;GROUP=XSec;VALUE=0 
 PARM;GEOM_ID=ZGNJFWTPXL;ID=HNGYWGHFCEG;NAME=TopLRSlewEq;GROUP=XSec;VALUE=0 
 PARM;GEOM_ID=ZGNJFWTPXL;ID=KNVFIYEFFGY;NAME=TopLRStrengthEq;GROUP=XSec;VALUE=0 
 PARM;GEOM_ID=ZGNJFWTPXL;ID=KVZQZGRSLTA;NAME=TopLSlew;GROUP=XSec;VALUE=0 
 PARM;GEOM_ID=ZGNJFWTPXL;ID=BXUXZBFRMEF;NAME=TopLSlewSet;GROUP=XSec;VALUE=1 
 PARM;GEOM_ID=ZGNJFWTPXL;ID=IRYCIBQQPTE;NAME=TopLStrength;GROUP=XSec;VALUE=1 
 PARM;GEOM_ID=ZGNJFWTPXL;ID=JDUWGNFUMNE;NAME=TopLStrengthSet;GROUP=XSec;VALUE=1 
 PARM;GEOM_ID=ZGNJFWTPXL;ID=NRSXJZIIOSF;NAME=TopRAngle;GROUP=XSec;VALUE=9.47368 
 PARM;GEOM_ID=ZGNJFWTPXL;ID=XKSTAHLBDOG;NAME=TopRAngleSet;GROUP=XSec;VALUE=1 
 PARM;GEOM_ID=ZGNJFWTPXL;ID=JEVMWFOMHNU;NAME=TopRCurve;GROUP=XSec;VALUE=-2.07369 
 PARM;GEOM_ID=ZGNJFWTPXL;ID=WRMNMPLJWWG;NAME=TopRCurveSet;GROUP=XSec;VALUE=0 
 PARM;GEOM_ID=ZGNJFWTPXL;ID=RTVIXAOPAKF;NAME=TopRSlew;GROUP=XSec;VALUE=0 
 PARM;GEOM_ID=ZGNJFWTPXL;ID=YRTQKXCBVJJ;NAME=TopRSlewSet;GROUP=XSec;VALUE=1 
 PARM;GEOM_ID=ZGNJFWTPXL;ID=KICYDKTBIRP;NAME=TopRStrength;GROUP=XSec;VALUE=1 
 PARM;GEOM_ID=ZGNJFWTPXL;ID=ZVPVQYSGBUP;NAME=TopRStrengthSet;GROUP=XSec;VALUE=1 
 PARM;GEOM_ID=ZGNJFWTPXL;ID=MCSDZUOUNHH;NAME=XLocPercent;GROUP=XSec;VALUE=0.351844 
 PARM;GEOM_ID=ZGNJFWTPXL;ID=WFYHKJUYODK;NAME=XRotate;GROUP=XSec;VALUE=0 
 PARM;GEOM_ID=ZGNJFWTPXL;ID=UPPKPUVKQPC;NAME=YLocPercent;GROUP=XSec;VALUE=0 
 PARM;GEOM_ID=ZGNJFWTPXL;ID=CNHGKHPLWZR;NAME=YRotate;GROUP=XSec;VALUE=0 
 PARM;GEOM_ID=ZGNJFWTPXL;ID=HHOGMQQXLLQ;NAME=ZLocPercent;GROUP=XSec;VALUE=-0.00685 
 PARM;GEOM_ID=ZGNJFWTPXL;ID=YDXPEMSHFWA;NAME=ZRotate;GROUP=XSec;VALUE=0 
 PARM;GEOM_ID=ZGNJFWTPXL;ID=PXSBRBNXNMJ;NAME=AbsoluteFlag;GROUP=XSecCurve;VALUE=0 
 PARM;GEOM_ID=ZGNJFWTPXL;ID=UEENBGAABDR;NAME=Area;GROUP=XSecCurve;VALUE=11.4607 
 PARM;GEOM_ID=ZGNJFWTPXL;ID=XWWGVVGZXQO;NAME=CloseFlag;GROUP=XSecCurve;VALUE=1 
 PARM;GEOM_ID=ZGNJFWTPXL;ID=HBFYKMIXBAZ;NAME=ConvType;GROUP=XSecCurve;VALUE=2 
 PARM;GEOM_ID=ZGNJFWTPXL;ID=EONEDDAJRNB;NAME=CurveType;GROUP=XSecCurve;VALUE=2 
 PARM;GEOM_ID=ZGNJFWTPXL;ID=EUNZURLJZAJ;NAME=DeltaX;GROUP=XSecCurve;VALUE=0 
 PARM;GEOM_ID=ZGNJFWTPXL;ID=ASRMSWKHCVC;NAME=DeltaY;GROUP=XSecCurve;VALUE=0 
 PARM;GEOM_ID=ZGNJFWTPXL;ID=CDJRZZPSHCX;NAME=Depth;GROUP=XSecCurve;VALUE=1 
 PARM;GEOM_ID=ZGNJFWTPXL;ID=IOZWMRPVIEB;NAME=FixedU_0;GROUP=XSecCurve;VALUE=0 
 PARM;GEOM_ID=ZGNJFWTPXL;ID=QODXRZGMXJT;NAME=FixedU_1;GROUP=XSecCurve;VALUE=0 
 PARM;GEOM_ID=ZGNJFWTPXL;ID=FNVIMCKAOCW;NAME=FixedU_10;GROUP=XSecCurve;VALUE=0 
 PARM;GEOM_ID=ZGNJFWTPXL;ID=MBAKFZQWNRT;NAME=FixedU_11;GROUP=XSecCurve;VALUE=0 
 PARM;GEOM_ID=ZGNJFWTPXL;ID=EATSCUQNMIN;NAME=FixedU_12;GROUP=XSecCurve;VALUE=0 
 PARM;GEOM_ID=ZGNJFWTPXL;ID=MAUCKQYVFVA;NAME=FixedU_2;GROUP=XSecCurve;VALUE=0 
 PARM;GEOM_ID=ZGNJFWTPXL;ID=MNIXUZJRIOW;NAME=FixedU_3;GROUP=XSecCurve;VALUE=0 
 PARM;GEOM_ID=ZGNJFWTPXL;ID=KIGKRQHULGE;NAME=FixedU_4;GROUP=XSecCurve;VALUE=0 
 PARM;GEOM_ID=ZGNJFWTPXL;ID=BQGVGHFMURZ;NAME=FixedU_5;GROUP=XSecCurve;VALUE=0 
 PARM;GEOM_ID=ZGNJFWTPXL;ID=FDMFQTMJFSZ;NAME=FixedU_6;GROUP=XSecCurve;VALUE=0 
 PARM;GEOM_ID=ZGNJFWTPXL;ID=HUTWEOEAXGG;NAME=FixedU_7;GROUP=XSecCurve;VALUE=0 
 PARM;GEOM_ID=ZGNJFWTPXL;ID=TCWUMOKPZPG;NAME=FixedU_8;GROUP=XSecCurve;VALUE=0 
 PARM;GEOM_ID=ZGNJFWTPXL;ID=DMRTILMEXVC;NAME=FixedU_9;GROUP=XSecCurve;VALUE=0 
 PARM;GEOM_ID=ZGNJFWTPXL;ID=QQEAIPKUZSD;NAME=G1_0;GROUP=XSecCurve;VALUE=0 
 PARM;GEOM_ID=ZGNJFWTPXL;ID=YZHEAMGZSZC;NAME=G1_1;GROUP=XSecCurve;VALUE=0 
 PARM;GEOM_ID=ZGNJFWTPXL;ID=PZRINWSJYOO;NAME=G1_10;GROUP=XSecCurve;VALUE=0 
 PARM;GEOM_ID=ZGNJFWTPXL;ID=VSNDMCKOQUV;NAME=G1_11;GROUP=XSecCurve;VALUE=0 
 PARM;GEOM_ID=ZGNJFWTPXL;ID=VORXBLBDQBJ;NAME=G1_12;GROUP=XSecCurve;VALUE=0 
 PARM;GEOM_ID=ZGNJFWTPXL;ID=UKKHTRSMMAH;NAME=G1_2;GROUP=XSecCurve;VALUE=0 
 PARM;GEOM_ID=ZGNJFWTPXL;ID=AZDONJSBJDC;NAME=G1_3;GROUP=XSecCurve;VALUE=0 
 PARM;GEOM_ID=ZGNJFWTPXL;ID=EFETARXLRSX;NAME=G1_4;GROUP=XSecCurve;VALUE=0 
 PARM;GEOM_ID=ZGNJFWTPXL;ID=JHJJUTBCIFC;NAME=G1_5;GROUP=XSecCurve;VALUE=0 
 PARM;GEOM_ID=ZGNJFWTPXL;ID=IPACIBMBQWQ;NAME=G1_6;GROUP=XSecCurve;VALUE=0 
 PARM;GEOM_ID=ZGNJFWTPXL;ID=GFQJRBDCBON;NAME=G1_7;GROUP=XSecCurve;VALUE=0 
 PARM;GEOM_ID=ZGNJFWTPXL;ID=WMICZIMIQIY;NAME=G1_8;GROUP=XSecCurve;VALUE=0 
 PARM;GEOM_ID=ZGNJFWTPXL;ID=IEDNSUSMQRE;NAME=G1_9;GROUP=XSecCurve;VALUE=0 
 PARM;GEOM_ID=ZGNJFWTPXL;ID=DXGDVIEVVVI;NAME=HWRatio;GROUP=XSecCurve;VALUE=0.61535 
 PARM;GEOM_ID=ZGNJFWTPXL;ID=WWFINCZDBQI;NAME=Height;GROUP=XSecCurve;VALUE=3.77895 
 PARM;GEOM_ID=ZGNJFWTPXL;ID=SSJVAIPTZWO;NAME=R_0;GROUP=XSecCurve;VALUE=0 
 PARM;GEOM_ID=ZGNJFWTPXL;ID=DWTEXGALJAY;NAME=R_1;GROUP=XSecCurve;VALUE=0 
 PARM;GEOM_ID=ZGNJFWTPXL;ID=OQUBBFHHNFK;NAME=R_10;GROUP=XSecCurve;VALUE=0 
 PARM;GEOM_ID=ZGNJFWTPXL;ID=KYVGUXDPTGL;NAME=R_11;GROUP=XSecCurve;VALUE=0 
 PARM;GEOM_ID=ZGNJFWTPXL;ID=FLJTYUFSKLI;NAME=R_12;GROUP=XSecCurve;VALUE=0 
 PARM;GEOM_ID=ZGNJFWTPXL;ID=NHXVMVZLCAP;NAME=R_2;GROUP=XSecCurve;VALUE=0 
 PARM;GEOM_ID=ZGNJFWTPXL;ID=YAOMKKGHEYA;NAME=R_3;GROUP=XSecCurve;VALUE=0 
 PARM;GEOM_ID=ZGNJFWTPXL;ID=ZTWQFXTPNCB;NAME=R_4;GROUP=XSecCurve;VALUE=0 
 PARM;GEOM_ID=ZGNJFWTPXL;ID=PUPZFYKNFXW;NAME=R_5;GROUP=XSecCurve;VALUE=0 
 PARM;GEOM_ID=ZGNJFWTPXL;ID=ZUJZYRUZCCR;NAME=R_6;GROUP=XSecCurve;VALUE=0 
 PARM;GEOM_ID=ZGNJFWTPXL;ID=OELSPGIBFFT;NAME=R_7;GROUP=XSecCurve;VALUE=0 
 PARM;GEOM_ID=ZGNJFWTPXL;ID=KAPOXAVKCPM;NAME=R_8;GROUP=XSecCurve;VALUE=0 
 PARM;GEOM_ID=ZGNJFWTPXL;ID=VXFSRPCFKXJ;NAME=R_9;GROUP=XSecCurve;VALUE=0 
 PARM;GEOM_ID=ZGNJFWTPXL;ID=QZLTOYQSJVC;NAME=Scale;GROUP=XSecCurve;VALUE=1 
 PARM;GEOM_ID=ZGNJFWTPXL;ID=CNMBNWUZLMN;NAME=ShapeType;GROUP=XSecCurve;VALUE=0 
 PARM;GEOM_ID=ZGNJFWTPXL;ID=YNWMSFMIEBY;NAME=ShiftLE;GROUP=XSecCurve;VALUE=0 
 PARM;GEOM_ID=ZGNJFWTPXL;ID=ZABURSYPLTD;NAME=SplitU;GROUP=XSecCurve;VALUE=0.5 
 PARM;GEOM_ID=ZGNJFWTPXL;ID=IVDVTVSYNWO;NAME=SymType;GROUP=XSecCurve;VALUE=1 
 PARM;GEOM_ID=ZGNJFWTPXL;ID=LFCGVKOKGWH;NAME=Theta;GROUP=XSecCurve;VALUE=0 
 PARM;GEOM_ID=ZGNJFWTPXL;ID=MJXQIPXIBHX;NAME=U_0;GROUP=XSecCurve;VALUE=0 
 PARM;GEOM_ID=ZGNJFWTPXL;ID=PMYOZSKZQKK;NAME=U_1;GROUP=XSecCurve;VALUE=0.0833333 
 PARM;GEOM_ID=ZGNJFWTPXL;ID=YHTBTRVIGIB;NAME=U_10;GROUP=XSecCurve;VALUE=0.833333 
 PARM;GEOM_ID=ZGNJFWTPXL;ID=RSMYWXCBNLF;NAME=U_11;GROUP=XSecCurve;VALUE=0.916667 
 PARM;GEOM_ID=ZGNJFWTPXL;ID=DEWFLJPCOMF;NAME=U_12;GROUP=XSecCurve;VALUE=1 
 PARM;GEOM_ID=ZGNJFWTPXL;ID=CEWFISEDMRK;NAME=U_2;GROUP=XSecCurve;VALUE=0.166667 
 PARM;GEOM_ID=ZGNJFWTPXL;ID=LBOFQLHFEIT;NAME=U_3;GROUP=XSecCurve;VALUE=0.25 
 PARM;GEOM_ID=ZGNJFWTPXL;ID=PWTCGHJFWQG;NAME=U_4;GROUP=XSecCurve;VALUE=0.333333 
 PARM;GEOM_ID=ZGNJFWTPXL;ID=JZDPTTWCOOB;NAME=U_5;GROUP=XSecCurve;VALUE=0.416667 
 PARM;GEOM_ID=ZGNJFWTPXL;ID=WZVMWMTOSOD;NAME=U_6;GROUP=XSecCurve;VALUE=0.5 
 PARM;GEOM_ID=ZGNJFWTPXL;ID=CJIRQZCXZFB;NAME=U_7;GROUP=XSecCurve;VALUE=0.583333 
 PARM;GEOM_ID=ZGNJFWTPXL;ID=DGPQIRHNPJY;NAME=U_8;GROUP=XSecCurve;VALUE=0.666667 
 PARM;GEOM_ID=ZGNJFWTPXL;ID=FQZRWMXIOES;NAME=U_9;GROUP=XSecCurve;VALUE=0.75 
 PARM;GEOM_ID=ZGNJFWTPXL;ID=NULFBWVUUNK;NAME=View;GROUP=XSecCurve;VALUE=4 
 PARM;GEOM_ID=ZGNJFWTPXL;ID=JIFPVYINWPC;NAME=Width;GROUP=XSecCurve;VALUE=6.14115 
 PARM;GEOM_ID=ZGNJFWTPXL;ID=QKRYOIFLRUI;NAME=X_0;GROUP=XSecCurve;VALUE=0.273026 
 PARM;GEOM_ID=ZGNJFWTPXL;ID=QMWXMLLZVKT;NAME=X_1;GROUP=XSecCurve;VALUE=0.269737 
 PARM;GEOM_ID=ZGNJFWTPXL;ID=OIDBNBGXZIV;NAME=X_10;GROUP=XSecCurve;VALUE=0.309211 
 PARM;GEOM_ID=ZGNJFWTPXL;ID=UITNAOTKWNF;NAME=X_11;GROUP=XSecCurve;VALUE=0.125 
 PARM;GEOM_ID=ZGNJFWTPXL;ID=IEMNNMOLMJD;NAME=X_12;GROUP=XSecCurve;VALUE=0.273026 
 PARM;GEOM_ID=ZGNJFWTPXL;ID=NKZACCTKFRJ;NAME=X_2;GROUP=XSecCurve;VALUE=0.226974 
 PARM;GEOM_ID=ZGNJFWTPXL;ID=VBWARBFICUV;NAME=X_3;GROUP=XSecCurve;VALUE=0 
 PARM;GEOM_ID=ZGNJFWTPXL;ID=JUKNMDJTDVI;NAME=X_4;GROUP=XSecCurve;VALUE=-0.226974 
 PARM;GEOM_ID=ZGNJFWTPXL;ID=ZVXSGDZOKRW;NAME=X_5;GROUP=XSecCurve;VALUE=-0.269737 
 PARM;GEOM_ID=ZGNJFWTPXL;ID=SWLYWGRJTHO;NAME=X_6;GROUP=XSecCurve;VALUE=-0.273026 
 PARM;GEOM_ID=ZGNJFWTPXL;ID=GAINVSOYATR;NAME=X_7;GROUP=XSecCurve;VALUE=-0.125 
 PARM;GEOM_ID=ZGNJFWTPXL;ID=GSBZLUVUUIB;NAME=X_8;GROUP=XSecCurve;VALUE=-0.309211 
 PARM;GEOM_ID=ZGNJFWTPXL;ID=CUABPBGQAFM;NAME=X_9;GROUP=XSecCurve;VALUE=0 
 PARM;GEOM_ID=ZGNJFWTPXL;ID=TCYXMISVSMI;NAME=Y_0;GROUP=XSecCurve;VALUE=0.231668 
 PARM;GEOM_ID=ZGNJFWTPXL;ID=MMEIPQAWNRB;NAME=Y_1;GROUP=XSecCurve;VALUE=-0.224519 
 PARM;GEOM_ID=ZGNJFWTPXL;ID=KRKXNCNRTDJ;NAME=Y_10;GROUP=XSecCurve;VALUE=0.813503 
 PARM;GEOM_ID=ZGNJFWTPXL;ID=KBONHGMMGQW;NAME=Y_11;GROUP=XSecCurve;VALUE=0.5378 
 PARM;GEOM_ID=ZGNJFWTPXL;ID=FQOGAMYQGFG;NAME=Y_12;GROUP=XSecCurve;VALUE=0.231668 
 PARM;GEOM_ID=ZGNJFWTPXL;ID=EKDZGVFVUKQ;NAME=Y_2;GROUP=XSecCurve;VALUE=0.0213828 
 PARM;GEOM_ID=ZGNJFWTPXL;ID=UOTJXMNFTQL;NAME=Y_3;GROUP=XSecCurve;VALUE=-0.244051 
 PARM;GEOM_ID=ZGNJFWTPXL;ID=XEPPAQTTVIE;NAME=Y_4;GROUP=XSecCurve;VALUE=0.0213828 
 PARM;GEOM_ID=ZGNJFWTPXL;ID=INYRVWGOYZF;NAME=Y_5;GROUP=XSecCurve;VALUE=-0.224519 
 PARM;GEOM_ID=ZGNJFWTPXL;ID=VLWUVYOEXWR;NAME=Y_6;GROUP=XSecCurve;VALUE=0.231668 
 PARM;GEOM_ID=ZGNJFWTPXL;ID=OANZKIERJQW;NAME=Y_7;GROUP=XSecCurve;VALUE=0.5378 
 PARM;GEOM_ID=ZGNJFWTPXL;ID=WULWYLLDXOI;NAME=Y_8;GROUP=XSecCurve;VALUE=0.813503 
 PARM;GEOM_ID=ZGNJFWTPXL;ID=MFYYCOFJUYJ;NAME=Y_9;GROUP=XSecCurve;VALUE=1.06433 
 PARM;GEOM_ID=ZGNJFWTPXL;ID=CAIWQGAIZEY;NAME=Z_0;GROUP=XSecCurve;VALUE=0 
 PARM;GEOM_ID=ZGNJFWTPXL;ID=RXDEXQWCKMX;NAME=Z_1;GROUP=XSecCurve;VALUE=0 
 PARM;GEOM_ID=ZGNJFWTPXL;ID=NXTLGCOWRDN;NAME=Z_10;GROUP=XSecCurve;VALUE=0 
 PARM;GEOM_ID=ZGNJFWTPXL;ID=OFFCENNWLFX;NAME=Z_11;GROUP=XSecCurve;VALUE=0 
 PARM;GEOM_ID=ZGNJFWTPXL;ID=MQAHZGLLEGR;NAME=Z_12;GROUP=XSecCurve;VALUE=0 
 PARM;GEOM_ID=ZGNJFWTPXL;ID=IORQJLOZXME;NAME=Z_2;GROUP=XSecCurve;VALUE=0 
 PARM;GEOM_ID=ZGNJFWTPXL;ID=FUNQHMQGNWL;NAME=Z_3;GROUP=XSecCurve;VALUE=0 
 PARM;GEOM_ID=ZGNJFWTPXL;ID=VNVPLKYTRAC;NAME=Z_4;GROUP=XSecCurve;VALUE=0 
 PARM;GEOM_ID=ZGNJFWTPXL;ID=JVQXMFDJERJ;NAME=Z_5;GROUP=XSecCurve;VALUE=0 
 PARM;GEOM_ID=ZGNJFWTPXL;ID=OPCQHMUDJIY;NAME=Z_6;GROUP=XSecCurve;VALUE=0 
 PARM;GEOM_ID=ZGNJFWTPXL;ID=GDBNRPZIPZX;NAME=Z_7;GROUP=XSecCurve;VALUE=0 
 PARM;GEOM_ID=ZGNJFWTPXL;ID=QNMRDQNUDKH;NAME=Z_8;GROUP=XSecCurve;VALUE=0 
 PARM;GEOM_ID=ZGNJFWTPXL;ID=FNSFZJPUALT;NAME=Z_9;GROUP=XSecCurve;VALUE=0 
 PARM;GEOM_ID=ZGNJFWTPXL;ID=IASWBELRUPO;NAME=LE_Cap_Length;GROUP=Cap;VALUE=1 
 PARM;GEOM_ID=ZGNJFWTPXL;ID=BLRVBRNHFMW;NAME=LE_Cap_Offset;GROUP=Cap;VALUE=0 
 PARM;GEOM_ID=ZGNJFWTPXL;ID=LTRYBNBJQSW;NAME=LE_Cap_Strength;GROUP=Cap;VALUE=0.5 
 PARM;GEOM_ID=ZGNJFWTPXL;ID=XYLAWTYRRHJ;NAME=LE_Cap_Type;GROUP=Cap;VALUE=1 
 PARM;GEOM_ID=ZGNJFWTPXL;ID=DHFOZPHWAEK;NAME=TE_Cap_Length;GROUP=Cap;VALUE=1 
 PARM;GEOM_ID=ZGNJFWTPXL;ID=STJVDEWXWSW;NAME=TE_Cap_Offset;GROUP=Cap;VALUE=0 
 PARM;GEOM_ID=ZGNJFWTPXL;ID=YWQIWSFOXQG;NAME=TE_Cap_Strength;GROUP=Cap;VALUE=0.5 
 PARM;GEOM_ID=ZGNJFWTPXL;ID=UAPZJFMJLXK;NAME=TE_Cap_Type;GROUP=Cap;VALUE=1 
 PARM;GEOM_ID=ZGNJFWTPXL;ID=PJWXLYQVKSN;NAME=LE_Close_AbsRel;GROUP=Close;VALUE=0 
 PARM;GEOM_ID=ZGNJFWTPXL;ID=NZMQIEQTBGW;NAME=LE_Close_Thick;GROUP=Close;VALUE=0 
 PARM;GEOM_ID=ZGNJFWTPXL;ID=UCOSIWZCRSV;NAME=LE_Close_Thick_Chord;GROUP=Close;VALUE=0 
 PARM;GEOM_ID=ZGNJFWTPXL;ID=BIDEWVIDSIW;NAME=LE_Close_Type;GROUP=Close;VALUE=0 
 PARM;GEOM_ID=ZGNJFWTPXL;ID=IJSKTZDXEYV;NAME=TE_Close_AbsRel;GROUP=Close;VALUE=0 
 PARM;GEOM_ID=ZGNJFWTPXL;ID=JFQKABVWXNL;NAME=TE_Close_Thick;GROUP=Close;VALUE=0 
 PARM;GEOM_ID=ZGNJFWTPXL;ID=HTPLRPMQVLO;NAME=TE_Close_Thick_Chord;GROUP=Close;VALUE=0 
 PARM;GEOM_ID=ZGNJFWTPXL;ID=HSATAXALCTX;NAME=TE_Close_Type;GROUP=Close;VALUE=0 
 PARM;GEOM_ID=ZGNJFWTPXL;ID=MONZQKJXYNQ;NAME=LE_Trim_AbsRel;GROUP=Trim;VALUE=0 
 PARM;GEOM_ID=ZGNJFWTPXL;ID=EKXCHDZJCDI;NAME=LE_Trim_Thick;GROUP=Trim;VALUE=0 
 PARM;GEOM_ID=ZGNJFWTPXL;ID=VOZORGAQXXY;NAME=LE_Trim_Thick_Chord;GROUP=Trim;VALUE=0 
 PARM;GEOM_ID=ZGNJFWTPXL;ID=CAUELEKTJGD;NAME=LE_Trim_Type;GROUP=Trim;VALUE=0 
 PARM;GEOM_ID=ZGNJFWTPXL;ID=ITTYCMCMTYT;NAME=LE_Trim_X;GROUP=Trim;VALUE=0 
 PARM;GEOM_ID=ZGNJFWTPXL;ID=NLGONENPUIF;NAME=LE_Trim_X_Chord;GROUP=Trim;VALUE=0 
 PARM;GEOM_ID=ZGNJFWTPXL;ID=ITXFTVTAPVA;NAME=TE_Trim_AbsRel;GROUP=Trim;VALUE=0 
 PARM;GEOM_ID=ZGNJFWTPXL;ID=HLHKPIQDRVN;NAME=TE_Trim_Thick;GROUP=Trim;VALUE=0 
 PARM;GEOM_ID=ZGNJFWTPXL;ID=AFSQYQKPUES;NAME=TE_Trim_Thick_Chord;GROUP=Trim;VALUE=0 
 PARM;GEOM_ID=ZGNJFWTPXL;ID=LDNSTMNYSDU;NAME=TE_Trim_Type;GROUP=Trim;VALUE=0 
 PARM;GEOM_ID=ZGNJFWTPXL;ID=EBIYOZQRZGP;NAME=TE_Trim_X;GROUP=Trim;VALUE=0 
 PARM;GEOM_ID=ZGNJFWTPXL;ID=BTWHFKVSKJV;NAME=TE_Trim_X_Chord;GROUP=Trim;VALUE=0 
 PARM;GEOM_ID=ZGNJFWTPXL;ID=EPOQMHHUHKJ;NAME=TE_Flap_DT;GROUP=Flap;VALUE=0 
 PARM;GEOM_ID=ZGNJFWTPXL;ID=MLTSOWIZOTY;NAME=TE_Flap_Deflection;GROUP=Flap;VALUE=0 
 PARM;GEOM_ID=ZGNJFWTPXL;ID=GGFMBUQOQIM;NAME=TE_Flap_Flag;GROUP=Flap;VALUE=0 
 PARM;GEOM_ID=ZGNJFWTPXL;ID=NLVWKELQWUV;NAME=TE_Flap_T;GROUP=Flap;VALUE=0.2 
 PARM;GEOM_ID=ZGNJFWTPXL;ID=YTWWREYSWIU;NAME=TE_Flap_Type;GROUP=Flap;VALUE=0 
 PARM;GEOM_ID=ZGNJFWTPXL;ID=IXGLXZGTIMK;NAME=TE_Flap_X;GROUP=Flap;VALUE=0 
 PARM;GEOM_ID=ZGNJFWTPXL;ID=UQZWWXUBAVS;NAME=TE_Flap_X_Chord;GROUP=Flap;VALUE=0.2 
 PARM;GEOM_ID=ZGNJFWTPXL;ID=AUNIBOANFPT;NAME=TE_Flap_Y_Frc;GROUP=Flap;VALUE=0.5 
 PARM;GEOM_ID=ZGNJFWTPXL;ID=YKPJZVPLNSD;NAME=TE_Trim_AbsRel;GROUP=Flap;VALUE=1 
 PARM;GEOM_ID=ZGNJFWTPXL;ID=GNIJRAOWFRW;NAME=XSecFlipImageFlag;GROUP=XSecCurve_Background;VALUE=0 
 PARM;GEOM_ID=ZGNJFWTPXL;ID=GVOFONWTCZU;NAME=XSecImageFlag;GROUP=XSecCurve_Background;VALUE=1 
 PARM;GEOM_ID=ZGNJFWTPXL;ID=HPYUXVHRLIG;NAME=XSecImageH;GROUP=XSecCurve_Background;VALUE=4.97848 
 PARM;GEOM_ID=ZGNJFWTPXL;ID=DUILAENMLDF;NAME=XSecImagePreserveAR;GROUP=XSecCurve_Background;VALUE=1 
 PARM;GEOM_ID=ZGNJFWTPXL;ID=IKNYMKZPAFU;NAME=XSecImageW;GROUP=XSecCurve_Background;VALUE=4.97848 
 PARM;GEOM_ID=ZGNJFWTPXL;ID=SSZDXTXZLJE;NAME=XSecImageXOffset;GROUP=XSecCurve_Background;VALUE=-0.0488942 
 PARM;GEOM_ID=ZGNJFWTPXL;ID=KRJRWNAVVUN;NAME=XSecImageYOffset;GROUP=XSecCurve_Background;VALUE=-0.288079 
 PARM;GEOM_ID=ZGNJFWTPXL;ID=ZBSIZQSCCUY;NAME=XSecLineThickness;GROUP=XSecCurve_Background;VALUE=1.5 
 PARM;GEOM_ID=ZGNJFWTPXL;ID=EBMFICMBWRG;NAME=XSecLockImageFlag;GROUP=XSecCurve_Background;VALUE=0 
 PARM;GEOM_ID=ZGNJFWTPXL;ID=GTMQQQLERMN;NAME=XSecPointColorFlag;GROUP=XSecCurve_Background;VALUE=0 
 PARM;GEOM_ID=ZGNJFWTPXL;ID=QUMRFZVIUQQ;NAME=XSecPointColorWheel;GROUP=XSecCurve_Background;VALUE=-1 
 PARM;GEOM_ID=ZGNJFWTPXL;ID=FYJJESFDLYR;NAME=XSecPointSize;GROUP=XSecCurve_Background;VALUE=8 
 PARM;GEOM_ID=ZGNJFWTPXL;ID=FOUYETQHOVQ;NAME=AllSym;GROUP=Chevron;VALUE=1 
 PARM;GEOM_ID=ZGNJFWTPXL;ID=GEGERRFLIZF;NAME=BottomAmplitude;GROUP=Chevron;VALUE=1 
 PARM;GEOM_ID=ZGNJFWTPXL;ID=OLCXNNGISFA;NAME=Bottom_Angle;GROUP=Chevron;VALUE=0 
 PARM;GEOM_ID=ZGNJFWTPXL;ID=IMVPCURXBMP;NAME=Bottom_Slew;GROUP=Chevron;VALUE=0 
 PARM;GEOM_ID=ZGNJFWTPXL;ID=GDQBBMYEWPW;NAME=Chevron_Type;GROUP=Chevron;VALUE=0 
 PARM;GEOM_ID=ZGNJFWTPXL;ID=PXISWVCGFCO;NAME=LeftAmplitude;GROUP=Chevron;VALUE=1 
 PARM;GEOM_ID=ZGNJFWTPXL;ID=OESEZHFKWXV;NAME=Left_Angle;GROUP=Chevron;VALUE=0 
 PARM;GEOM_ID=ZGNJFWTPXL;ID=ISQHAXVNQLL;NAME=Left_Slew;GROUP=Chevron;VALUE=0 
 PARM;GEOM_ID=ZGNJFWTPXL;ID=MOZYLTIXCJD;NAME=Number;GROUP=Chevron;VALUE=8 
 PARM;GEOM_ID=ZGNJFWTPXL;ID=NTIXVZYESCI;NAME=Off_Duty;GROUP=Chevron;VALUE=0 
 PARM;GEOM_ID=ZGNJFWTPXL;ID=RSXHAHUBVXR;NAME=On_Duty;GROUP=Chevron;VALUE=0 
 PARM;GEOM_ID=ZGNJFWTPXL;ID=EWPVNBSMIGP;NAME=Peak_Radius;GROUP=Chevron;VALUE=0 
 PARM;GEOM_ID=ZGNJFWTPXL;ID=XBUWXDVOVPM;NAME=RLSym;GROUP=Chevron;VALUE=1 
 PARM;GEOM_ID=ZGNJFWTPXL;ID=UOXVPYVGZDU;NAME=RightAmplitude;GROUP=Chevron;VALUE=1 
 PARM;GEOM_ID=ZGNJFWTPXL;ID=ODNSKSEFQOW;NAME=Right_Angle;GROUP=Chevron;VALUE=0 
 PARM;GEOM_ID=ZGNJFWTPXL;ID=GCXIHCQMLSO;NAME=Right_Slew;GROUP=Chevron;VALUE=0 
 PARM;GEOM_ID=ZGNJFWTPXL;ID=MMVWEGLPBOF;NAME=TBSym;GROUP=Chevron;VALUE=1 
 PARM;GEOM_ID=ZGNJFWTPXL;ID=KKFHLEVHUQB;NAME=TopAmplitude;GROUP=Chevron;VALUE=1 
 PARM;GEOM_ID=ZGNJFWTPXL;ID=KDKGDKWORMI;NAME=Top_Angle;GROUP=Chevron;VALUE=0 
 PARM;GEOM_ID=ZGNJFWTPXL;ID=IFQNANKSNRH;NAME=Top_Slew;GROUP=Chevron;VALUE=0 
 PARM;GEOM_ID=ZGNJFWTPXL;ID=CQHTNHRFBQS;NAME=Valley_Radius;GROUP=Chevron;VALUE=0 
 PARM;GEOM_ID=ZGNJFWTPXL;ID=BEBEBTFGZFK;NAME=W01_Center;GROUP=Chevron;VALUE=0.25 
 PARM;GEOM_ID=ZGNJFWTPXL;ID=HMHRIBXERIV;NAME=W01_Center_Guide;GROUP=Chevron;VALUE=5 
 PARM;GEOM_ID=ZGNJFWTPXL;ID=AGHDAJUCCKU;NAME=W01_End;GROUP=Chevron;VALUE=0.5 
 PARM;GEOM_ID=ZGNJFWTPXL;ID=KNTCFOBOWLT;NAME=W01_End_Guide;GROUP=Chevron;VALUE=5 
 PARM;GEOM_ID=ZGNJFWTPXL;ID=FJTCLWJMQPL;NAME=W01_Mode;GROUP=Chevron;VALUE=0 
 PARM;GEOM_ID=ZGNJFWTPXL;ID=UVBLKXBJLUB;NAME=W01_Start;GROUP=Chevron;VALUE=0 
 PARM;GEOM_ID=ZGNJFWTPXL;ID=XPBJWFJJGUI;NAME=W01_Start_Guide;GROUP=Chevron;VALUE=5 
 PARM;GEOM_ID=ZGNJFWTPXL;ID=TFZYUOSRCQN;NAME=W01_Width;GROUP=Chevron;VALUE=0.5 
 PARM;GEOM_ID=ZGNJFWTPXL;ID=HORTVKEXNJJ;NAME=AftCluster;GROUP=XSec;VALUE=1 
 PARM;GEOM_ID=ZGNJFWTPXL;ID=NUCDYQWKNZE;NAME=AllSym;GROUP=XSec;VALUE=0 
 PARM;GEOM_ID=ZGNJFWTPXL;ID=BHOGKFTAJQQ;NAME=BottomLAngle;GROUP=XSec;VALUE=0 
 PARM;GEOM_ID=ZGNJFWTPXL;ID=HNBKISMOQFE;NAME=BottomLAngleSet;GROUP=XSec;VALUE=1 
 PARM;GEOM_ID=ZGNJFWTPXL;ID=WGJPCSLNHEX;NAME=BottomLCurve;GROUP=XSec;VALUE=3.80602 
 PARM;GEOM_ID=ZGNJFWTPXL;ID=JSVKAYDHWMX;NAME=BottomLCurveSet;GROUP=XSec;VALUE=0 
 PARM;GEOM_ID=ZGNJFWTPXL;ID=KVMJMPLEFYI;NAME=BottomLRAngleEq;GROUP=XSec;VALUE=1 
 PARM;GEOM_ID=ZGNJFWTPXL;ID=NCICZFJUYAA;NAME=BottomLRCurveEq;GROUP=XSec;VALUE=0 
 PARM;GEOM_ID=ZGNJFWTPXL;ID=WWMTUBWWVLR;NAME=BottomLRSlewEq;GROUP=XSec;VALUE=0 
 PARM;GEOM_ID=ZGNJFWTPXL;ID=HNGQJPLWTYC;NAME=BottomLRStrengthEq;GROUP=XSec;VALUE=0 
 PARM;GEOM_ID=ZGNJFWTPXL;ID=HEXPFVZATIE;NAME=BottomLSlew;GROUP=XSec;VALUE=0 
 PARM;GEOM_ID=ZGNJFWTPXL;ID=AVTYVOUBKDV;NAME=BottomLSlewSet;GROUP=XSec;VALUE=1 
 PARM;GEOM_ID=ZGNJFWTPXL;ID=QDMFYGHIKKC;NAME=BottomLStrength;GROUP=XSec;VALUE=0 
 PARM;GEOM_ID=ZGNJFWTPXL;ID=DUNYLBXCZUZ;NAME=BottomLStrengthSet;GROUP=XSec;VALUE=1 
 PARM;GEOM_ID=ZGNJFWTPXL;ID=UFIZWCKTSZE;NAME=BottomRAngle;GROUP=XSec;VALUE=0 
 PARM;GEOM_ID=ZGNJFWTPXL;ID=WIFABLXOSNI;NAME=BottomRAngleSet;GROUP=XSec;VALUE=1 
 PARM;GEOM_ID=ZGNJFWTPXL;ID=TSSXEJUYCGQ;NAME=BottomRCurve;GROUP=XSec;VALUE=4.72137 
 PARM;GEOM_ID=ZGNJFWTPXL;ID=HSBZKCCCKRD;NAME=BottomRCurveSet;GROUP=XSec;VALUE=0 
 PARM;GEOM_ID=ZGNJFWTPXL;ID=AGBMJVHOMXS;NAME=BottomRSlew;GROUP=XSec;VALUE=0 
 PARM;GEOM_ID=ZGNJFWTPXL;ID=KQMKHLPIHBT;NAME=BottomRSlewSet;GROUP=XSec;VALUE=1 
 PARM;GEOM_ID=ZGNJFWTPXL;ID=JEQPFATLWJG;NAME=BottomRStrength;GROUP=XSec;VALUE=1 
 PARM;GEOM_ID=ZGNJFWTPXL;ID=PIFKOUMLUKT;NAME=BottomRStrengthSet;GROUP=XSec;VALUE=1 
 PARM;GEOM_ID=ZGNJFWTPXL;ID=XMOKSXHBHOI;NAME=ContinuityBottom;GROUP=XSec;VALUE=0 
 PARM;GEOM_ID=ZGNJFWTPXL;ID=ZPSEDHORIFU;NAME=ContinuityLeft;GROUP=XSec;VALUE=0 
 PARM;GEOM_ID=ZGNJFWTPXL;ID=IIXEPEXHZUB;NAME=ContinuityRight;GROUP=XSec;VALUE=0 
 PARM;GEOM_ID=ZGNJFWTPXL;ID=SOKQXWMLKEG;NAME=ContinuityTop;GROUP=XSec;VALUE=0 
 PARM;GEOM_ID=ZGNJFWTPXL;ID=UEHJPRREUXS;NAME=FwdCluster;GROUP=XSec;VALUE=1 
 PARM;GEOM_ID=ZGNJFWTPXL;ID=PLCSTXYRLIT;NAME=LeftLAngle;GROUP=XSec;VALUE=0 
 PARM;GEOM_ID=ZGNJFWTPXL;ID=GSNGIWTBUJI;NAME=LeftLAngleSet;GROUP=XSec;VALUE=1 
 PARM;GEOM_ID=ZGNJFWTPXL;ID=ZOKHPGJESXB;NAME=LeftLCurve;GROUP=XSec;VALUE=0.21214 
 PARM;GEOM_ID=ZGNJFWTPXL;ID=QETQIWTIUOG;NAME=LeftLCurveSet;GROUP=XSec;VALUE=0 
 PARM;GEOM_ID=ZGNJFWTPXL;ID=BRLNHDYLEGR;NAME=LeftLRAngleEq;GROUP=XSec;VALUE=1 
 PARM;GEOM_ID=ZGNJFWTPXL;ID=COXICLOBZCW;NAME=LeftLRCurveEq;GROUP=XSec;VALUE=0 
 PARM;GEOM_ID=ZGNJFWTPXL;ID=THONUNEUEHU;NAME=LeftLRSlewEq;GROUP=XSec;VALUE=0 
 PARM;GEOM_ID=ZGNJFWTPXL;ID=SWDRRWUVOSF;NAME=LeftLRStrengthEq;GROUP=XSec;VALUE=0 
 PARM;GEOM_ID=ZGNJFWTPXL;ID=NELZYSNISJE;NAME=LeftLSlew;GROUP=XSec;VALUE=0 
 PARM;GEOM_ID=ZGNJFWTPXL;ID=TUBWYCRQBWC;NAME=LeftLSlewSet;GROUP=XSec;VALUE=1 
 PARM;GEOM_ID=ZGNJFWTPXL;ID=IGWGFGJTBHE;NAME=LeftLStrength;GROUP=XSec;VALUE=1 
 PARM;GEOM_ID=ZGNJFWTPXL;ID=PMHMLUBUPOG;NAME=LeftLStrengthSet;GROUP=XSec;VALUE=1 
 PARM;GEOM_ID=ZGNJFWTPXL;ID=CBVMDYUJAWY;NAME=LeftRAngle;GROUP=XSec;VALUE=0 
 PARM;GEOM_ID=ZGNJFWTPXL;ID=GBCEJPWRKWA;NAME=LeftRAngleSet;GROUP=XSec;VALUE=1 
 PARM;GEOM_ID=ZGNJFWTPXL;ID=RAZRYDTQDDQ;NAME=LeftRCurve;GROUP=XSec;VALUE=-4.76666 
 PARM;GEOM_ID=ZGNJFWTPXL;ID=IXDVSTCKAUV;NAME=LeftRCurveSet;GROUP=XSec;VALUE=0 
 PARM;GEOM_ID=ZGNJFWTPXL;ID=INNMCMPUTYE;NAME=LeftRSlew;GROUP=XSec;VALUE=0 
 PARM;GEOM_ID=ZGNJFWTPXL;ID=DYSSFURCFAE;NAME=LeftRSlewSet;GROUP=XSec;VALUE=1 
 PARM;GEOM_ID=ZGNJFWTPXL;ID=XQZALUCNWTG;NAME=LeftRStrength;GROUP=XSec;VALUE=1 
 PARM;GEOM_ID=ZGNJFWTPXL;ID=DDBNIVOLQUH;NAME=LeftRStrengthSet;GROUP=XSec;VALUE=1 
 PARM;GEOM_ID=ZGNJFWTPXL;ID=FSKENTGDAFW;NAME=RLSym;GROUP=XSec;VALUE=1 
 PARM;GEOM_ID=ZGNJFWTPXL;ID=IBGDJBGCUUD;NAME=RefLength;GROUP=XSec;VALUE=46.6596 
 PARM;GEOM_ID=ZGNJFWTPXL;ID=OCPNFCZCQJJ;NAME=RightLAngle;GROUP=XSec;VALUE=0 
 PARM;GEOM_ID=ZGNJFWTPXL;ID=UAFORKMQLRL;NAME=RightLAngleSet;GROUP=XSec;VALUE=1 
 PARM;GEOM_ID=ZGNJFWTPXL;ID=ABMSSPWHXLK;NAME=RightLCurve;GROUP=XSec;VALUE=0.21214 
 PARM;GEOM_ID=ZGNJFWTPXL;ID=CHQOFQVGXKK;NAME=RightLCurveSet;GROUP=XSec;VALUE=0 
 PARM;GEOM_ID=ZGNJFWTPXL;ID=ZQOUAAOQYGL;NAME=RightLRAngleEq;GROUP=XSec;VALUE=1 
 PARM;GEOM_ID=ZGNJFWTPXL;ID=EGQCRLPRTJO;NAME=RightLRCurveEq;GROUP=XSec;VALUE=0 
 PARM;GEOM_ID=ZGNJFWTPXL;ID=SLZMIPMNIGX;NAME=RightLRSlewEq;GROUP=XSec;VALUE=0 
 PARM;GEOM_ID=ZGNJFWTPXL;ID=VOQWETSKIPZ;NAME=RightLRStrengthEq;GROUP=XSec;VALUE=0 
 PARM;GEOM_ID=ZGNJFWTPXL;ID=IZIHOKNZJBD;NAME=RightLSlew;GROUP=XSec;VALUE=0 
 PARM;GEOM_ID=ZGNJFWTPXL;ID=WOYZKDQPKHN;NAME=RightLSlewSet;GROUP=XSec;VALUE=1 
 PARM;GEOM_ID=ZGNJFWTPXL;ID=PGQZGOUCBHM;NAME=RightLStrength;GROUP=XSec;VALUE=1 
 PARM;GEOM_ID=ZGNJFWTPXL;ID=EBTWXWTGSNI;NAME=RightLStrengthSet;GROUP=XSec;VALUE=1 
 PARM;GEOM_ID=ZGNJFWTPXL;ID=EKRNJOWFGJZ;NAME=RightRAngle;GROUP=XSec;VALUE=0 
 PARM;GEOM_ID=ZGNJFWTPXL;ID=KEHSREKDHIT;NAME=RightRAngleSet;GROUP=XSec;VALUE=1 
 PARM;GEOM_ID=ZGNJFWTPXL;ID=QPBUVSIGBVP;NAME=RightRCurve;GROUP=XSec;VALUE=-4.76666 
 PARM;GEOM_ID=ZGNJFWTPXL;ID=OLOCAFKWNAI;NAME=RightRCurveSet;GROUP=XSec;VALUE=0 
 PARM;GEOM_ID=ZGNJFWTPXL;ID=VNYRMNYYFVH;NAME=RightRSlew;GROUP=XSec;VALUE=0 
 PARM;GEOM_ID=ZGNJFWTPXL;ID=WPTTWOJPRPL;NAME=RightRSlewSet;GROUP=XSec;VALUE=1 
 PARM;GEOM_ID=ZGNJFWTPXL;ID=ISMXEIFQQMH;NAME=RightRStrength;GROUP=XSec;VALUE=1 
 PARM;GEOM_ID=ZGNJFWTPXL;ID=XMKIOUSGQCT;NAME=RightRStrengthSet;GROUP=XSec;VALUE=1 
 PARM;GEOM_ID=ZGNJFWTPXL;ID=EWOOMAXNPVK;NAME=SectTess_U;GROUP=XSec;VALUE=10 
 PARM;GEOM_ID=ZGNJFWTPXL;ID=OMEQVETKUYD;NAME=Spin;GROUP=XSec;VALUE=0 
 PARM;GEOM_ID=ZGNJFWTPXL;ID=ROGFDTUHAGN;NAME=TBSym;GROUP=XSec;VALUE=0 
 PARM;GEOM_ID=ZGNJFWTPXL;ID=TRKXLOBGZYK;NAME=TopLAngle;GROUP=XSec;VALUE=-7.10316 
 PARM;GEOM_ID=ZGNJFWTPXL;ID=DQHPQJDDJIX;NAME=TopLAngleSet;GROUP=XSec;VALUE=1 
 PARM;GEOM_ID=ZGNJFWTPXL;ID=PHACNPPMMDH;NAME=TopLCurve;GROUP=XSec;VALUE=3.87692 
 PARM;GEOM_ID=ZGNJFWTPXL;ID=DMCRBUBGUWZ;NAME=TopLCurveSet;GROUP=XSec;VALUE=0 
 PARM;GEOM_ID=ZGNJFWTPXL;ID=QLSUOVQGANP;NAME=TopLRAngleEq;GROUP=XSec;VALUE=0 
 PARM;GEOM_ID=ZGNJFWTPXL;ID=XZGEZWUDAUO;NAME=TopLRCurveEq;GROUP=XSec;VALUE=0 
 PARM;GEOM_ID=ZGNJFWTPXL;ID=EVSNENMHLIU;NAME=TopLRSlewEq;GROUP=XSec;VALUE=0 
 PARM;GEOM_ID=ZGNJFWTPXL;ID=SWEEQPOTEYF;NAME=TopLRStrengthEq;GROUP=XSec;VALUE=0 
 PARM;GEOM_ID=ZGNJFWTPXL;ID=AYGWMGSZXOX;NAME=TopLSlew;GROUP=XSec;VALUE=0 
 PARM;GEOM_ID=ZGNJFWTPXL;ID=FGGKGEDPJXG;NAME=TopLSlewSet;GROUP=XSec;VALUE=1 
 PARM;GEOM_ID=ZGNJFWTPXL;ID=CQDVVCGVTUN;NAME=TopLStrength;GROUP=XSec;VALUE=0 
 PARM;GEOM_ID=ZGNJFWTPXL;ID=JJHATWLPDSW;NAME=TopLStrengthSet;GROUP=XSec;VALUE=1 
 PARM;GEOM_ID=ZGNJFWTPXL;ID=FWWSDBTVOVN;NAME=TopRAngle;GROUP=XSec;VALUE=-9.47368 
 PARM;GEOM_ID=ZGNJFWTPXL;ID=GMAXAHALIBQ;NAME=TopRAngleSet;GROUP=XSec;VALUE=1 
 PARM;GEOM_ID=ZGNJFWTPXL;ID=ZBOKSOFVGRZ;NAME=TopRCurve;GROUP=XSec;VALUE=-4.83555 
 PARM;GEOM_ID=ZGNJFWTPXL;ID=MXYOWSKHLEN;NAME=TopRCurveSet;GROUP=XSec;VALUE=0 
 PARM;GEOM_ID=ZGNJFWTPXL;ID=LOWESTRZOFV;NAME=TopRSlew;GROUP=XSec;VALUE=0 
 PARM;GEOM_ID=ZGNJFWTPXL;ID=YIBIGMCHJVR;NAME=TopRSlewSet;GROUP=XSec;VALUE=1 
 PARM;GEOM_ID=ZGNJFWTPXL;ID=KLQBPYUAGFT;NAME=TopRStrength;GROUP=XSec;VALUE=1 
 PARM;GEOM_ID=ZGNJFWTPXL;ID=GUHVRJOWGRU;NAME=TopRStrengthSet;GROUP=XSec;VALUE=1 
 PARM;GEOM_ID=ZGNJFWTPXL;ID=RVZPKUEXTMI;NAME=XLocPercent;GROUP=XSec;VALUE=0.476104 
 PARM;GEOM_ID=ZGNJFWTPXL;ID=UYVBUVIUMGI;NAME=XRotate;GROUP=XSec;VALUE=0 
 PARM;GEOM_ID=ZGNJFWTPXL;ID=THKFOGDLLIX;NAME=YLocPercent;GROUP=XSec;VALUE=0 
 PARM;GEOM_ID=ZGNJFWTPXL;ID=LZAUFFTCATB;NAME=YRotate;GROUP=XSec;VALUE=0 
 PARM;GEOM_ID=ZGNJFWTPXL;ID=BCZZTVQJSSW;NAME=ZLocPercent;GROUP=XSec;VALUE=0.00614754 
 PARM;GEOM_ID=ZGNJFWTPXL;ID=CUXVNHFGTJB;NAME=ZRotate;GROUP=XSec;VALUE=0 
 PARM;GEOM_ID=ZGNJFWTPXL;ID=UASTFHTOBUF;NAME=AbsoluteFlag;GROUP=XSecCurve;VALUE=0 
 PARM;GEOM_ID=ZGNJFWTPXL;ID=GKHEBJLGVRA;NAME=Area;GROUP=XSecCurve;VALUE=10.8336 
 PARM;GEOM_ID=ZGNJFWTPXL;ID=VBPWICSCQNJ;NAME=CloseFlag;GROUP=XSecCurve;VALUE=1 
 PARM;GEOM_ID=ZGNJFWTPXL;ID=BAPFVWWGCYD;NAME=ConvType;GROUP=XSecCurve;VALUE=2 
 PARM;GEOM_ID=ZGNJFWTPXL;ID=WMJBJQZLWWW;NAME=CurveType;GROUP=XSecCurve;VALUE=2 
 PARM;GEOM_ID=ZGNJFWTPXL;ID=OGXZLRJHNVN;NAME=DeltaX;GROUP=XSecCurve;VALUE=0 
 PARM;GEOM_ID=ZGNJFWTPXL;ID=DBERZGOJOTJ;NAME=DeltaY;GROUP=XSecCurve;VALUE=0 
 PARM;GEOM_ID=ZGNJFWTPXL;ID=BTPAXEYYIJI;NAME=Depth;GROUP=XSecCurve;VALUE=1 
 PARM;GEOM_ID=ZGNJFWTPXL;ID=CDFKOOKWHAQ;NAME=FixedU_0;GROUP=XSecCurve;VALUE=0 
 PARM;GEOM_ID=ZGNJFWTPXL;ID=DJRQVWYIUML;NAME=FixedU_1;GROUP=XSecCurve;VALUE=0 
 PARM;GEOM_ID=ZGNJFWTPXL;ID=ALEWRJKCCZB;NAME=FixedU_10;GROUP=XSecCurve;VALUE=0 
 PARM;GEOM_ID=ZGNJFWTPXL;ID=LKXCZMOWCNK;NAME=FixedU_11;GROUP=XSecCurve;VALUE=0 
 PARM;GEOM_ID=ZGNJFWTPXL;ID=GBGRHAHTRYP;NAME=FixedU_12;GROUP=XSecCurve;VALUE=0 
 PARM;GEOM_ID=ZGNJFWTPXL;ID=ZHFSZTACVJN;NAME=FixedU_2;GROUP=XSecCurve;VALUE=0 
 PARM;GEOM_ID=ZGNJFWTPXL;ID=FRAABDOLMVX;NAME=FixedU_3;GROUP=XSecCurve;VALUE=0 
 PARM;GEOM_ID=ZGNJFWTPXL;ID=TZPWGVNEAKA;NAME=FixedU_4;GROUP=XSecCurve;VALUE=0 
 PARM;GEOM_ID=ZGNJFWTPXL;ID=RKOLOADSSZR;NAME=FixedU_5;GROUP=XSecCurve;VALUE=0 
 PARM;GEOM_ID=ZGNJFWTPXL;ID=ANQGZLGNHUY;NAME=FixedU_6;GROUP=XSecCurve;VALUE=0 
 PARM;GEOM_ID=ZGNJFWTPXL;ID=ZZAERJCQXJR;NAME=FixedU_7;GROUP=XSecCurve;VALUE=0 
 PARM;GEOM_ID=ZGNJFWTPXL;ID=ORYLEMKEAGR;NAME=FixedU_8;GROUP=XSecCurve;VALUE=0 
 PARM;GEOM_ID=ZGNJFWTPXL;ID=OKFMAHMJTAG;NAME=FixedU_9;GROUP=XSecCurve;VALUE=0 
 PARM;GEOM_ID=ZGNJFWTPXL;ID=ZSJDHAWJGAB;NAME=G1_0;GROUP=XSecCurve;VALUE=0 
 PARM;GEOM_ID=ZGNJFWTPXL;ID=BJMNRDNXZST;NAME=G1_1;GROUP=XSecCurve;VALUE=0 
 PARM;GEOM_ID=ZGNJFWTPXL;ID=MXHRERGYXBN;NAME=G1_10;GROUP=XSecCurve;VALUE=0 
 PARM;GEOM_ID=ZGNJFWTPXL;ID=TPXONVVWEEO;NAME=G1_11;GROUP=XSecCurve;VALUE=0 
 PARM;GEOM_ID=ZGNJFWTPXL;ID=LTYVLVIJQHZ;NAME=G1_12;GROUP=XSecCurve;VALUE=0 
 PARM;GEOM_ID=ZGNJFWTPXL;ID=KSYUXBIQKBY;NAME=G1_2;GROUP=XSecCurve;VALUE=0 
 PARM;GEOM_ID=ZGNJFWTPXL;ID=VIZSIVJWLPN;NAME=G1_3;GROUP=XSecCurve;VALUE=0 
 PARM;GEOM_ID=ZGNJFWTPXL;ID=GWRFWQLGKUL;NAME=G1_4;GROUP=XSecCurve;VALUE=0 
 PARM;GEOM_ID=ZGNJFWTPXL;ID=FUNAYCCAUSF;NAME=G1_5;GROUP=XSecCurve;VALUE=0 
 PARM;GEOM_ID=ZGNJFWTPXL;ID=ZQIYSMYPTUS;NAME=G1_6;GROUP=XSecCurve;VALUE=0 
 PARM;GEOM_ID=ZGNJFWTPXL;ID=REDSPTCMTPP;NAME=G1_7;GROUP=XSecCurve;VALUE=0 
 PARM;GEOM_ID=ZGNJFWTPXL;ID=VPYQVHBMGZZ;NAME=G1_8;GROUP=XSecCurve;VALUE=0 
 PARM;GEOM_ID=ZGNJFWTPXL;ID=CILAIADJTEJ;NAME=G1_9;GROUP=XSecCurve;VALUE=0 
 PARM;GEOM_ID=ZGNJFWTPXL;ID=CPGGUHDBNKX;NAME=HWRatio;GROUP=XSecCurve;VALUE=0.297106 
 PARM;GEOM_ID=ZGNJFWTPXL;ID=FBICJFMCZXL;NAME=Height;GROUP=XSecCurve;VALUE=2.65088 
 PARM;GEOM_ID=ZGNJFWTPXL;ID=DPIONIAVOFM;NAME=R_0;GROUP=XSecCurve;VALUE=0 
 PARM;GEOM_ID=ZGNJFWTPXL;ID=VBYERARHKCX;NAME=R_1;GROUP=XSecCurve;VALUE=0 
 PARM;GEOM_ID=ZGNJFWTPXL;ID=TEYTHRJZWMS;NAME=R_10;GROUP=XSecCurve;VALUE=0 
 PARM;GEOM_ID=ZGNJFWTPXL;ID=TEFATNPEZRJ;NAME=R_11;GROUP=XSecCurve;VALUE=0 
 PARM;GEOM_ID=ZGNJFWTPXL;ID=ARBFXAILCWV;NAME=R_12;GROUP=XSecCurve;VALUE=0 
 PARM;GEOM_ID=ZGNJFWTPXL;ID=IXOTVDMBGPJ;NAME=R_2;GROUP=XSecCurve;VALUE=0 
 PARM;GEOM_ID=ZGNJFWTPXL;ID=WUAZYNCXIBB;NAME=R_3;GROUP=XSecCurve;VALUE=0 
 PARM;GEOM_ID=ZGNJFWTPXL;ID=KCLIPLCEYZV;NAME=R_4;GROUP=XSecCurve;VALUE=0 
 PARM;GEOM_ID=ZGNJFWTPXL;ID=UZMRFXEGGOX;NAME=R_5;GROUP=XSecCurve;VALUE=0 
 PARM;GEOM_ID=ZGNJFWTPXL;ID=YCJCGRUNSDN;NAME=R_6;GROUP=XSecCurve;VALUE=0 
 PARM;GEOM_ID=ZGNJFWTPXL;ID=DTXJRWMRHRF;NAME=R_7;GROUP=XSecCurve;VALUE=0 
 PARM;GEOM_ID=ZGNJFWTPXL;ID=XTUFXUZZJCC;NAME=R_8;GROUP=XSecCurve;VALUE=0 
 PARM;GEOM_ID=ZGNJFWTPXL;ID=VDRSAVTLETR;NAME=R_9;GROUP=XSecCurve;VALUE=0 
 PARM;GEOM_ID=ZGNJFWTPXL;ID=WYYLBWWLYNJ;NAME=Scale;GROUP=XSecCurve;VALUE=1 
 PARM;GEOM_ID=ZGNJFWTPXL;ID=ATRMJNZPFZF;NAME=ShapeType;GROUP=XSecCurve;VALUE=0 
 PARM;GEOM_ID=ZGNJFWTPXL;ID=WSDDOPTYUSG;NAME=ShiftLE;GROUP=XSecCurve;VALUE=0 
 PARM;GEOM_ID=ZGNJFWTPXL;ID=UQBRVSOFDDE;NAME=SplitU;GROUP=XSecCurve;VALUE=0.5 
 PARM;GEOM_ID=ZGNJFWTPXL;ID=KJBODFSJSUY;NAME=SymType;GROUP=XSecCurve;VALUE=1 
 PARM;GEOM_ID=ZGNJFWTPXL;ID=HGCPLMWIKPF;NAME=Theta;GROUP=XSecCurve;VALUE=0 
 PARM;GEOM_ID=ZGNJFWTPXL;ID=GQQDXIJPQPA;NAME=U_0;GROUP=XSecCurve;VALUE=0 
 PARM;GEOM_ID=ZGNJFWTPXL;ID=UFOMEDZHUFG;NAME=U_1;GROUP=XSecCurve;VALUE=0.0833333 
 PARM;GEOM_ID=ZGNJFWTPXL;ID=LNLREAWNBMM;NAME=U_10;GROUP=XSecCurve;VALUE=0.833333 
 PARM;GEOM_ID=ZGNJFWTPXL;ID=MGMEHUMGWWK;NAME=U_11;GROUP=XSecCurve;VALUE=0.916667 
 PARM;GEOM_ID=ZGNJFWTPXL;ID=SUYNTEJBKTS;NAME=U_12;GROUP=XSecCurve;VALUE=1 
 PARM;GEOM_ID=ZGNJFWTPXL;ID=XLSSLSAYVOR;NAME=U_2;GROUP=XSecCurve;VALUE=0.166667 
 PARM;GEOM_ID=ZGNJFWTPXL;ID=YRSCSYSATGE;NAME=U_3;GROUP=XSecCurve;VALUE=0.25 
 PARM;GEOM_ID=ZGNJFWTPXL;ID=IUPJTCONXZQ;NAME=U_4;GROUP=XSecCurve;VALUE=0.333333 
 PARM;GEOM_ID=ZGNJFWTPXL;ID=GLODXAUZEXQ;NAME=U_5;GROUP=XSecCurve;VALUE=0.416667 
 PARM;GEOM_ID=ZGNJFWTPXL;ID=YBEDQSEIWTD;NAME=U_6;GROUP=XSecCurve;VALUE=0.5 
 PARM;GEOM_ID=ZGNJFWTPXL;ID=DIHWGRSWADM;NAME=U_7;GROUP=XSecCurve;VALUE=0.583333 
 PARM;GEOM_ID=ZGNJFWTPXL;ID=GJQHXKYCJXD;NAME=U_8;GROUP=XSecCurve;VALUE=0.666667 
 PARM;GEOM_ID=ZGNJFWTPXL;ID=WUNSVAMKWVY;NAME=U_9;GROUP=XSecCurve;VALUE=0.75 
 PARM;GEOM_ID=ZGNJFWTPXL;ID=XSVUMSSLYLM;NAME=View;GROUP=XSecCurve;VALUE=4 
 PARM;GEOM_ID=ZGNJFWTPXL;ID=LJFIOUDLKFA;NAME=Width;GROUP=XSecCurve;VALUE=8.92236 
 PARM;GEOM_ID=ZGNJFWTPXL;ID=YWCABAUKWNN;NAME=X_0;GROUP=XSecCurve;VALUE=0.1875 
 PARM;GEOM_ID=ZGNJFWTPXL;ID=HFNOCRLFTLD;NAME=X_1;GROUP=XSecCurve;VALUE=0.180206 
 PARM;GEOM_ID=ZGNJFWTPXL;ID=KRVYLGBSSRB;NAME=X_10;GROUP=XSecCurve;VALUE=0.174342 
 PARM;GEOM_ID=ZGNJFWTPXL;ID=ICGCJAERXMV;NAME=X_11;GROUP=XSecCurve;VALUE=0.134868 
 PARM;GEOM_ID=ZGNJFWTPXL;ID=NILGBBHAOYM;NAME=X_12;GROUP=XSecCurve;VALUE=0.1875 
 PARM;GEOM_ID=ZGNJFWTPXL;ID=YAVYILGOOYX;NAME=X_2;GROUP=XSecCurve;VALUE=0.191648 
 PARM;GEOM_ID=ZGNJFWTPXL;ID=GLFFLPVKNSQ;NAME=X_3;GROUP=XSecCurve;VALUE=0 
 PARM;GEOM_ID=ZGNJFWTPXL;ID=QBHDDDUDTJA;NAME=X_4;GROUP=XSecCurve;VALUE=-0.191648 
 PARM;GEOM_ID=ZGNJFWTPXL;ID=UPVABDVUERE;NAME=X_5;GROUP=XSecCurve;VALUE=-0.180206 
 PARM;GEOM_ID=ZGNJFWTPXL;ID=IQISAXJOHAP;NAME=X_6;GROUP=XSecCurve;VALUE=-0.1875 
 PARM;GEOM_ID=ZGNJFWTPXL;ID=ONXISIRLVDC;NAME=X_7;GROUP=XSecCurve;VALUE=-0.134868 
 PARM;GEOM_ID=ZGNJFWTPXL;ID=ZVGLLLCHTTB;NAME=X_8;GROUP=XSecCurve;VALUE=-0.174342 
 PARM;GEOM_ID=ZGNJFWTPXL;ID=SYTGCUSNYYR;NAME=X_9;GROUP=XSecCurve;VALUE=0 
 PARM;GEOM_ID=ZGNJFWTPXL;ID=WTAHAGTUFVL;NAME=Y_0;GROUP=XSecCurve;VALUE=0.132546 
 PARM;GEOM_ID=ZGNJFWTPXL;ID=IZEWAEWVHGZ;NAME=Y_1;GROUP=XSecCurve;VALUE=-0.24069 
 PARM;GEOM_ID=ZGNJFWTPXL;ID=VLOBPAXLLMQ;NAME=Y_10;GROUP=XSecCurve;VALUE=0.907427 
 PARM;GEOM_ID=ZGNJFWTPXL;ID=FPPPKGRJTEJ;NAME=Y_11;GROUP=XSecCurve;VALUE=0.591357 
 PARM;GEOM_ID=ZGNJFWTPXL;ID=KWVQHGJGHWM;NAME=Y_12;GROUP=XSecCurve;VALUE=0.132546 
 PARM;GEOM_ID=ZGNJFWTPXL;ID=KBQBPGQWMTG;NAME=Y_2;GROUP=XSecCurve;VALUE=-0.192552 
 PARM;GEOM_ID=ZGNJFWTPXL;ID=ZERAYCCWMPD;NAME=Y_3;GROUP=XSecCurve;VALUE=-0.537273 
 PARM;GEOM_ID=ZGNJFWTPXL;ID=EVURLFTNZXU;NAME=Y_4;GROUP=XSecCurve;VALUE=-0.192552 
 PARM;GEOM_ID=ZGNJFWTPXL;ID=JPFKUVFSLBY;NAME=Y_5;GROUP=XSecCurve;VALUE=-0.24069 
 PARM;GEOM_ID=ZGNJFWTPXL;ID=EYVCDTKIJBK;NAME=Y_6;GROUP=XSecCurve;VALUE=0.132546 
 PARM;GEOM_ID=ZGNJFWTPXL;ID=PKFROHSSLUP;NAME=Y_7;GROUP=XSecCurve;VALUE=0.591357 
 PARM;GEOM_ID=ZGNJFWTPXL;ID=KRVAQXDVUZT;NAME=Y_8;GROUP=XSecCurve;VALUE=0.907427 
 PARM;GEOM_ID=ZGNJFWTPXL;ID=SEQJQIQVOAA;NAME=Y_9;GROUP=XSecCurve;VALUE=1.19043 
 PARM;GEOM_ID=ZGNJFWTPXL;ID=TXLFNXMSFQL;NAME=Z_0;GROUP=XSecCurve;VALUE=0 
 PARM;GEOM_ID=ZGNJFWTPXL;ID=AGVNSGACZCK;NAME=Z_1;GROUP=XSecCurve;VALUE=0 
 PARM;GEOM_ID=ZGNJFWTPXL;ID=KOTKZCNQMPS;NAME=Z_10;GROUP=XSecCurve;VALUE=0 
 PARM;GEOM_ID=ZGNJFWTPXL;ID=RVDEGVTYMDV;NAME=Z_11;GROUP=XSecCurve;VALUE=0 
 PARM;GEOM_ID=ZGNJFWTPXL;ID=LGFZBJQHBDV;NAME=Z_12;GROUP=XSecCurve;VALUE=0 
 PARM;GEOM_ID=ZGNJFWTPXL;ID=QOTZVMELLAM;NAME=Z_2;GROUP=XSecCurve;VALUE=0 
 PARM;GEOM_ID=ZGNJFWTPXL;ID=TTLNBVAEFUI;NAME=Z_3;GROUP=XSecCurve;VALUE=0 
 PARM;GEOM_ID=ZGNJFWTPXL;ID=YZYIZJRWYTM;NAME=Z_4;GROUP=XSecCurve;VALUE=0 
 PARM;GEOM_ID=ZGNJFWTPXL;ID=HXLXWYHCPCO;NAME=Z_5;GROUP=XSecCurve;VALUE=0 
 PARM;GEOM_ID=ZGNJFWTPXL;ID=CPRBEPBJPCZ;NAME=Z_6;GROUP=XSecCurve;VALUE=0 
 PARM;GEOM_ID=ZGNJFWTPXL;ID=JHASKVOPION;NAME=Z_7;GROUP=XSecCurve;VALUE=0 
 PARM;GEOM_ID=ZGNJFWTPXL;ID=GAIFWQVWITY;NAME=Z_8;GROUP=XSecCurve;VALUE=0 
 PARM;GEOM_ID=ZGNJFWTPXL;ID=EZHBFPGJQCF;NAME=Z_9;GROUP=XSecCurve;VALUE=0 
 PARM;GEOM_ID=ZGNJFWTPXL;ID=THSRZOSVSZD;NAME=LE_Cap_Length;GROUP=Cap;VALUE=1 
 PARM;GEOM_ID=ZGNJFWTPXL;ID=XUNRNOUIHIF;NAME=LE_Cap_Offset;GROUP=Cap;VALUE=0 
 PARM;GEOM_ID=ZGNJFWTPXL;ID=GUYIPWSPSVO;NAME=LE_Cap_Strength;GROUP=Cap;VALUE=0.5 
 PARM;GEOM_ID=ZGNJFWTPXL;ID=QCAJKEBAZEI;NAME=LE_Cap_Type;GROUP=Cap;VALUE=1 
 PARM;GEOM_ID=ZGNJFWTPXL;ID=CKJTVYONFRF;NAME=TE_Cap_Length;GROUP=Cap;VALUE=1 
 PARM;GEOM_ID=ZGNJFWTPXL;ID=JRFVYDSYMUJ;NAME=TE_Cap_Offset;GROUP=Cap;VALUE=0 
 PARM;GEOM_ID=ZGNJFWTPXL;ID=FZDHITKMFKB;NAME=TE_Cap_Strength;GROUP=Cap;VALUE=0.5 
 PARM;GEOM_ID=ZGNJFWTPXL;ID=AYOCEWDXOPC;NAME=TE_Cap_Type;GROUP=Cap;VALUE=1 
 PARM;GEOM_ID=ZGNJFWTPXL;ID=NVCAZNJSSIZ;NAME=LE_Close_AbsRel;GROUP=Close;VALUE=0 
 PARM;GEOM_ID=ZGNJFWTPXL;ID=GXUIYPAKOUD;NAME=LE_Close_Thick;GROUP=Close;VALUE=0 
 PARM;GEOM_ID=ZGNJFWTPXL;ID=NDXHDUTTKIM;NAME=LE_Close_Thick_Chord;GROUP=Close;VALUE=0 
 PARM;GEOM_ID=ZGNJFWTPXL;ID=LCMNDGNCMIT;NAME=LE_Close_Type;GROUP=Close;VALUE=0 
 PARM;GEOM_ID=ZGNJFWTPXL;ID=DUIWQRPBBTX;NAME=TE_Close_AbsRel;GROUP=Close;VALUE=0 
 PARM;GEOM_ID=ZGNJFWTPXL;ID=JNFNPEBMWEE;NAME=TE_Close_Thick;GROUP=Close;VALUE=0 
 PARM;GEOM_ID=ZGNJFWTPXL;ID=VFNLMJQLSII;NAME=TE_Close_Thick_Chord;GROUP=Close;VALUE=0 
 PARM;GEOM_ID=ZGNJFWTPXL;ID=TLTXAXEKRZM;NAME=TE_Close_Type;GROUP=Close;VALUE=0 
 PARM;GEOM_ID=ZGNJFWTPXL;ID=SYBYNKJZWMN;NAME=LE_Trim_AbsRel;GROUP=Trim;VALUE=0 
 PARM;GEOM_ID=ZGNJFWTPXL;ID=KWKIVOUSEHL;NAME=LE_Trim_Thick;GROUP=Trim;VALUE=0 
 PARM;GEOM_ID=ZGNJFWTPXL;ID=XCSUSDAWYJF;NAME=LE_Trim_Thick_Chord;GROUP=Trim;VALUE=0 
 PARM;GEOM_ID=ZGNJFWTPXL;ID=JNRMFOOEJBY;NAME=LE_Trim_Type;GROUP=Trim;VALUE=0 
 PARM;GEOM_ID=ZGNJFWTPXL;ID=MTZCQTDRWUD;NAME=LE_Trim_X;GROUP=Trim;VALUE=0 
 PARM;GEOM_ID=ZGNJFWTPXL;ID=AOAILERTMDW;NAME=LE_Trim_X_Chord;GROUP=Trim;VALUE=0 
 PARM;GEOM_ID=ZGNJFWTPXL;ID=URMQFEHKXUA;NAME=TE_Trim_AbsRel;GROUP=Trim;VALUE=0 
 PARM;GEOM_ID=ZGNJFWTPXL;ID=SHNSRURKIRL;NAME=TE_Trim_Thick;GROUP=Trim;VALUE=0 
 PARM;GEOM_ID=ZGNJFWTPXL;ID=YMORXLJFIBR;NAME=TE_Trim_Thick_Chord;GROUP=Trim;VALUE=0 
 PARM;GEOM_ID=ZGNJFWTPXL;ID=WBCFTDQMXBR;NAME=TE_Trim_Type;GROUP=Trim;VALUE=0 
 PARM;GEOM_ID=ZGNJFWTPXL;ID=RGEOYNYIBYZ;NAME=TE_Trim_X;GROUP=Trim;VALUE=0 
 PARM;GEOM_ID=ZGNJFWTPXL;ID=WVAAPSNDECE;NAME=TE_Trim_X_Chord;GROUP=Trim;VALUE=0 
 PARM;GEOM_ID=ZGNJFWTPXL;ID=LRTVVAVJVXR;NAME=TE_Flap_DT;GROUP=Flap;VALUE=0 
 PARM;GEOM_ID=ZGNJFWTPXL;ID=UTRAOSGBDCR;NAME=TE_Flap_Deflection;GROUP=Flap;VALUE=0 
 PARM;GEOM_ID=ZGNJFWTPXL;ID=XPBNBTSTWDS;NAME=TE_Flap_Flag;GROUP=Flap;VALUE=0 
 PARM;GEOM_ID=ZGNJFWTPXL;ID=RKMPTUOWRRM;NAME=TE_Flap_T;GROUP=Flap;VALUE=0.2 
 PARM;GEOM_ID=ZGNJFWTPXL;ID=GUGEUKFWDDU;NAME=TE_Flap_Type;GROUP=Flap;VALUE=0 
 PARM;GEOM_ID=ZGNJFWTPXL;ID=MEDBQLSTUIE;NAME=TE_Flap_X;GROUP=Flap;VALUE=0 
 PARM;GEOM_ID=ZGNJFWTPXL;ID=YNYNMFIPZJC;NAME=TE_Flap_X_Chord;GROUP=Flap;VALUE=0.2 
 PARM;GEOM_ID=ZGNJFWTPXL;ID=UHTACUXJJHV;NAME=TE_Flap_Y_Frc;GROUP=Flap;VALUE=0.5 
 PARM;GEOM_ID=ZGNJFWTPXL;ID=SKAZYZYGAJJ;NAME=TE_Trim_AbsRel;GROUP=Flap;VALUE=1 
 PARM;GEOM_ID=ZGNJFWTPXL;ID=HSZZLTCYVMJ;NAME=XSecFlipImageFlag;GROUP=XSecCurve_Background;VALUE=0 
 PARM;GEOM_ID=ZGNJFWTPXL;ID=NKBRCLSJLCS;NAME=XSecImageFlag;GROUP=XSecCurve_Background;VALUE=1 
 PARM;GEOM_ID=ZGNJFWTPXL;ID=ZRUAFSNPPMT;NAME=XSecImageH;GROUP=XSecCurve_Background;VALUE=5.06788 
 PARM;GEOM_ID=ZGNJFWTPXL;ID=ZGVKCLJVVYS;NAME=XSecImagePreserveAR;GROUP=XSecCurve_Background;VALUE=1 
 PARM;GEOM_ID=ZGNJFWTPXL;ID=VVMQVAZQETT;NAME=XSecImageW;GROUP=XSecCurve_Background;VALUE=5.06788 
 PARM;GEOM_ID=ZGNJFWTPXL;ID=MQSXLLQVIUZ;NAME=XSecImageXOffset;GROUP=XSecCurve_Background;VALUE=3.45323 
 PARM;GEOM_ID=ZGNJFWTPXL;ID=LXQLMTCACBZ;NAME=XSecImageYOffset;GROUP=XSecCurve_Background;VALUE=-0.354305 
 PARM;GEOM_ID=ZGNJFWTPXL;ID=FLFGVLEEEXW;NAME=XSecLineThickness;GROUP=XSecCurve_Background;VALUE=1.5 
 PARM;GEOM_ID=ZGNJFWTPXL;ID=XTQGWVETWET;NAME=XSecLockImageFlag;GROUP=XSecCurve_Background;VALUE=0 
 PARM;GEOM_ID=ZGNJFWTPXL;ID=RKWEIDGDPAO;NAME=XSecPointColorFlag;GROUP=XSecCurve_Background;VALUE=0 
 PARM;GEOM_ID=ZGNJFWTPXL;ID=UCHLHRNWUEK;NAME=XSecPointColorWheel;GROUP=XSecCurve_Background;VALUE=-1 
 PARM;GEOM_ID=ZGNJFWTPXL;ID=QUCSGGGCVTW;NAME=XSecPointSize;GROUP=XSecCurve_Background;VALUE=8 
 PARM;GEOM_ID=ZGNJFWTPXL;ID=KRBLMXWEGTK;NAME=AllSym;GROUP=Chevron;VALUE=1 
 PARM;GEOM_ID=ZGNJFWTPXL;ID=ZCKBEXLKVCZ;NAME=BottomAmplitude;GROUP=Chevron;VALUE=1 
 PARM;GEOM_ID=ZGNJFWTPXL;ID=BMESZCSMBGT;NAME=Bottom_Angle;GROUP=Chevron;VALUE=0 
 PARM;GEOM_ID=ZGNJFWTPXL;ID=KTKVKFLFOVL;NAME=Bottom_Slew;GROUP=Chevron;VALUE=0 
 PARM;GEOM_ID=ZGNJFWTPXL;ID=WHNPGUTQYJQ;NAME=Chevron_Type;GROUP=Chevron;VALUE=0 
 PARM;GEOM_ID=ZGNJFWTPXL;ID=DFWQIZXPBOE;NAME=LeftAmplitude;GROUP=Chevron;VALUE=1 
 PARM;GEOM_ID=ZGNJFWTPXL;ID=ACWUDWBLXPM;NAME=Left_Angle;GROUP=Chevron;VALUE=0 
 PARM;GEOM_ID=ZGNJFWTPXL;ID=ASCFDERVVKC;NAME=Left_Slew;GROUP=Chevron;VALUE=0 
 PARM;GEOM_ID=ZGNJFWTPXL;ID=PSBLDQKIOMW;NAME=Number;GROUP=Chevron;VALUE=8 
 PARM;GEOM_ID=ZGNJFWTPXL;ID=IIACMWJCMEU;NAME=Off_Duty;GROUP=Chevron;VALUE=0 
 PARM;GEOM_ID=ZGNJFWTPXL;ID=KGWOFJFWYTC;NAME=On_Duty;GROUP=Chevron;VALUE=0 
 PARM;GEOM_ID=ZGNJFWTPXL;ID=XUNZHAIFEQB;NAME=Peak_Radius;GROUP=Chevron;VALUE=0 
 PARM;GEOM_ID=ZGNJFWTPXL;ID=KWWNSFJZBJK;NAME=RLSym;GROUP=Chevron;VALUE=1 
 PARM;GEOM_ID=ZGNJFWTPXL;ID=NZCXRDQQWHY;NAME=RightAmplitude;GROUP=Chevron;VALUE=1 
 PARM;GEOM_ID=ZGNJFWTPXL;ID=RJBRUHLXIGL;NAME=Right_Angle;GROUP=Chevron;VALUE=0 
 PARM;GEOM_ID=ZGNJFWTPXL;ID=YVOSKEDBVBZ;NAME=Right_Slew;GROUP=Chevron;VALUE=0 
 PARM;GEOM_ID=ZGNJFWTPXL;ID=UXIJGYXUBSU;NAME=TBSym;GROUP=Chevron;VALUE=1 
 PARM;GEOM_ID=ZGNJFWTPXL;ID=EUAWMTTGHII;NAME=TopAmplitude;GROUP=Chevron;VALUE=1 
 PARM;GEOM_ID=ZGNJFWTPXL;ID=JUJVGYCEPEB;NAME=Top_Angle;GROUP=Chevron;VALUE=0 
 PARM;GEOM_ID=ZGNJFWTPXL;ID=PVTSUDRYKKH;NAME=Top_Slew;GROUP=Chevron;VALUE=0 
 PARM;GEOM_ID=ZGNJFWTPXL;ID=SJQAMBBICUQ;NAME=Valley_Radius;GROUP=Chevron;VALUE=0 
 PARM;GEOM_ID=ZGNJFWTPXL;ID=FKTNCLSDNVC;NAME=W01_Center;GROUP=Chevron;VALUE=0.25 
 PARM;GEOM_ID=ZGNJFWTPXL;ID=SPGOJSRJGZQ;NAME=W01_Center_Guide;GROUP=Chevron;VALUE=5 
 PARM;GEOM_ID=ZGNJFWTPXL;ID=KHWHGJTXNCM;NAME=W01_End;GROUP=Chevron;VALUE=0.5 
 PARM;GEOM_ID=ZGNJFWTPXL;ID=VUAJAJTCLNJ;NAME=W01_End_Guide;GROUP=Chevron;VALUE=5 
 PARM;GEOM_ID=ZGNJFWTPXL;ID=ASLAMIVZRGH;NAME=W01_Mode;GROUP=Chevron;VALUE=0 
 PARM;GEOM_ID=ZGNJFWTPXL;ID=YFRKTDWKPRG;NAME=W01_Start;GROUP=Chevron;VALUE=0 
 PARM;GEOM_ID=ZGNJFWTPXL;ID=AYSLJHACALD;NAME=W01_Start_Guide;GROUP=Chevron;VALUE=5 
 PARM;GEOM_ID=ZGNJFWTPXL;ID=KBTPOOIXIWA;NAME=W01_Width;GROUP=Chevron;VALUE=0.5 
 PARM;GEOM_ID=ZGNJFWTPXL;ID=BRSZIJBHWBA;NAME=AftCluster;GROUP=XSec;VALUE=1 
 PARM;GEOM_ID=ZGNJFWTPXL;ID=ZPGUPCFHHNT;NAME=AllSym;GROUP=XSec;VALUE=0 
 PARM;GEOM_ID=ZGNJFWTPXL;ID=FVMPPSNGRZC;NAME=BottomLAngle;GROUP=XSec;VALUE=0 
 PARM;GEOM_ID=ZGNJFWTPXL;ID=VHGTMXPBLQB;NAME=BottomLAngleSet;GROUP=XSec;VALUE=1 
 PARM;GEOM_ID=ZGNJFWTPXL;ID=VTKMTODTKRE;NAME=BottomLCurve;GROUP=XSec;VALUE=-3.97004 
 PARM;GEOM_ID=ZGNJFWTPXL;ID=ONGZPAYUIJD;NAME=BottomLCurveSet;GROUP=XSec;VALUE=0 
 PARM;GEOM_ID=ZGNJFWTPXL;ID=QCXCECHRFLM;NAME=BottomLRAngleEq;GROUP=XSec;VALUE=1 
 PARM;GEOM_ID=ZGNJFWTPXL;ID=NZIMKZVBAAT;NAME=BottomLRCurveEq;GROUP=XSec;VALUE=0 
 PARM;GEOM_ID=ZGNJFWTPXL;ID=LSZHKHYRCDV;NAME=BottomLRSlewEq;GROUP=XSec;VALUE=0 
 PARM;GEOM_ID=ZGNJFWTPXL;ID=SKMFMWALPCP;NAME=BottomLRStrengthEq;GROUP=XSec;VALUE=0 
 PARM;GEOM_ID=ZGNJFWTPXL;ID=CDRUITAOMPA;NAME=BottomLSlew;GROUP=XSec;VALUE=0 
 PARM;GEOM_ID=ZGNJFWTPXL;ID=DXCFSWWVXHY;NAME=BottomLSlewSet;GROUP=XSec;VALUE=1 
 PARM;GEOM_ID=ZGNJFWTPXL;ID=XAXKUSBARTQ;NAME=BottomLStrength;GROUP=XSec;VALUE=1 
 PARM;GEOM_ID=ZGNJFWTPXL;ID=TMKNQBQFDGO;NAME=BottomLStrengthSet;GROUP=XSec;VALUE=1 
 PARM;GEOM_ID=ZGNJFWTPXL;ID=ZPZSLZBYNZU;NAME=BottomRAngle;GROUP=XSec;VALUE=0 
 PARM;GEOM_ID=ZGNJFWTPXL;ID=JYXHIDCGCWD;NAME=BottomRAngleSet;GROUP=XSec;VALUE=1 
 PARM;GEOM_ID=ZGNJFWTPXL;ID=NFAADMZUMUD;NAME=BottomRCurve;GROUP=XSec;VALUE=-0.110381 
 PARM;GEOM_ID=ZGNJFWTPXL;ID=TGHZPZKMSKK;NAME=BottomRCurveSet;GROUP=XSec;VALUE=0 
 PARM;GEOM_ID=ZGNJFWTPXL;ID=MHHNJIDEEHR;NAME=BottomRSlew;GROUP=XSec;VALUE=0 
 PARM;GEOM_ID=ZGNJFWTPXL;ID=UQIFKROEUBD;NAME=BottomRSlewSet;GROUP=XSec;VALUE=1 
 PARM;GEOM_ID=ZGNJFWTPXL;ID=IPMRGODRYAT;NAME=BottomRStrength;GROUP=XSec;VALUE=1 
 PARM;GEOM_ID=ZGNJFWTPXL;ID=SBMNYEHZWYJ;NAME=BottomRStrengthSet;GROUP=XSec;VALUE=1 
 PARM;GEOM_ID=ZGNJFWTPXL;ID=HGEGLTHVHST;NAME=ContinuityBottom;GROUP=XSec;VALUE=0 
 PARM;GEOM_ID=ZGNJFWTPXL;ID=IOJXXDCXDRE;NAME=ContinuityLeft;GROUP=XSec;VALUE=0 
 PARM;GEOM_ID=ZGNJFWTPXL;ID=NGHLYJQNBML;NAME=ContinuityRight;GROUP=XSec;VALUE=0 
 PARM;GEOM_ID=ZGNJFWTPXL;ID=NWMMJITZAOH;NAME=ContinuityTop;GROUP=XSec;VALUE=0 
 PARM;GEOM_ID=ZGNJFWTPXL;ID=LZCZYMIZGFG;NAME=FwdCluster;GROUP=XSec;VALUE=1 
 PARM;GEOM_ID=ZGNJFWTPXL;ID=NDFQAFOYXMQ;NAME=LeftLAngle;GROUP=XSec;VALUE=0 
 PARM;GEOM_ID=ZGNJFWTPXL;ID=GELVQBSUWUJ;NAME=LeftLAngleSet;GROUP=XSec;VALUE=1 
 PARM;GEOM_ID=ZGNJFWTPXL;ID=YLOXNULEPWV;NAME=LeftLCurve;GROUP=XSec;VALUE=4.01251 
 PARM;GEOM_ID=ZGNJFWTPXL;ID=UUXWXNYVLJF;NAME=LeftLCurveSet;GROUP=XSec;VALUE=0 
 PARM;GEOM_ID=ZGNJFWTPXL;ID=GGSFFXQSFLW;NAME=LeftLRAngleEq;GROUP=XSec;VALUE=1 
 PARM;GEOM_ID=ZGNJFWTPXL;ID=FIFFBEFELTI;NAME=LeftLRCurveEq;GROUP=XSec;VALUE=0 
 PARM;GEOM_ID=ZGNJFWTPXL;ID=MDTEPKMUTON;NAME=LeftLRSlewEq;GROUP=XSec;VALUE=0 
 PARM;GEOM_ID=ZGNJFWTPXL;ID=JSNIYRVTAFO;NAME=LeftLRStrengthEq;GROUP=XSec;VALUE=0 
 PARM;GEOM_ID=ZGNJFWTPXL;ID=BHWKSJFNCKQ;NAME=LeftLSlew;GROUP=XSec;VALUE=0 
 PARM;GEOM_ID=ZGNJFWTPXL;ID=HRXCWJQPBVF;NAME=LeftLSlewSet;GROUP=XSec;VALUE=1 
 PARM;GEOM_ID=ZGNJFWTPXL;ID=CIKBMQSZEEC;NAME=LeftLStrength;GROUP=XSec;VALUE=1 
 PARM;GEOM_ID=ZGNJFWTPXL;ID=YGHHUZONPUK;NAME=LeftLStrengthSet;GROUP=XSec;VALUE=1 
 PARM;GEOM_ID=ZGNJFWTPXL;ID=PCYLYSSCVHC;NAME=LeftRAngle;GROUP=XSec;VALUE=0 
 PARM;GEOM_ID=ZGNJFWTPXL;ID=TLFYCPRWHPC;NAME=LeftRAngleSet;GROUP=XSec;VALUE=1 
 PARM;GEOM_ID=ZGNJFWTPXL;ID=ISBRIVGCQAI;NAME=LeftRCurve;GROUP=XSec;VALUE=0.137137 
 PARM;GEOM_ID=ZGNJFWTPXL;ID=WIRLUIVFUCF;NAME=LeftRCurveSet;GROUP=XSec;VALUE=0 
 PARM;GEOM_ID=ZGNJFWTPXL;ID=YAKIMLSUIFS;NAME=LeftRSlew;GROUP=XSec;VALUE=0 
 PARM;GEOM_ID=ZGNJFWTPXL;ID=WDFDZQTDYNO;NAME=LeftRSlewSet;GROUP=XSec;VALUE=1 
 PARM;GEOM_ID=ZGNJFWTPXL;ID=POESYVZRZZA;NAME=LeftRStrength;GROUP=XSec;VALUE=1 
 PARM;GEOM_ID=ZGNJFWTPXL;ID=XVILGKXRVJN;NAME=LeftRStrengthSet;GROUP=XSec;VALUE=1 
 PARM;GEOM_ID=ZGNJFWTPXL;ID=NILTKOJJMDN;NAME=RLSym;GROUP=XSec;VALUE=1 
 PARM;GEOM_ID=ZGNJFWTPXL;ID=TMGCMYYJTJC;NAME=RefLength;GROUP=XSec;VALUE=46.6596 
 PARM;GEOM_ID=ZGNJFWTPXL;ID=YPWIBVREDTI;NAME=RightLAngle;GROUP=XSec;VALUE=0 
 PARM;GEOM_ID=ZGNJFWTPXL;ID=VJUUQWJWJDB;NAME=RightLAngleSet;GROUP=XSec;VALUE=1 
 PARM;GEOM_ID=ZGNJFWTPXL;ID=CZERXENSJXH;NAME=RightLCurve;GROUP=XSec;VALUE=4.01251 
 PARM;GEOM_ID=ZGNJFWTPXL;ID=MTKSLXCOZDL;NAME=RightLCurveSet;GROUP=XSec;VALUE=0 
 PARM;GEOM_ID=ZGNJFWTPXL;ID=HXYXKPNWFIG;NAME=RightLRAngleEq;GROUP=XSec;VALUE=1 
 PARM;GEOM_ID=ZGNJFWTPXL;ID=EOZLRBGMSIK;NAME=RightLRCurveEq;GROUP=XSec;VALUE=0 
 PARM;GEOM_ID=ZGNJFWTPXL;ID=EPBOPMDUQUH;NAME=RightLRSlewEq;GROUP=XSec;VALUE=0 
 PARM;GEOM_ID=ZGNJFWTPXL;ID=LKXCWQFNJDC;NAME=RightLRStrengthEq;GROUP=XSec;VALUE=0 
 PARM;GEOM_ID=ZGNJFWTPXL;ID=BMNAHRRZZVZ;NAME=RightLSlew;GROUP=XSec;VALUE=0 
 PARM;GEOM_ID=ZGNJFWTPXL;ID=SJZCLJGXWQW;NAME=RightLSlewSet;GROUP=XSec;VALUE=1 
 PARM;GEOM_ID=ZGNJFWTPXL;ID=FVZABONZTOF;NAME=RightLStrength;GROUP=XSec;VALUE=1 
 PARM;GEOM_ID=ZGNJFWTPXL;ID=DWXVSUIYNCA;NAME=RightLStrengthSet;GROUP=XSec;VALUE=1 
 PARM;GEOM_ID=ZGNJFWTPXL;ID=NVBBWUSBINY;NAME=RightRAngle;GROUP=XSec;VALUE=0 
 PARM;GEOM_ID=ZGNJFWTPXL;ID=IIIXKGIVQKP;NAME=RightRAngleSet;GROUP=XSec;VALUE=1 
 PARM;GEOM_ID=ZGNJFWTPXL;ID=BAXTKGCYJHS;NAME=RightRCurve;GROUP=XSec;VALUE=0 
 PARM;GEOM_ID=ZGNJFWTPXL;ID=LQYGXLMCVYF;NAME=RightRCurveSet;GROUP=XSec;VALUE=0 
 PARM;GEOM_ID=ZGNJFWTPXL;ID=IIGXTDTVSGX;NAME=RightRSlew;GROUP=XSec;VALUE=0 
 PARM;GEOM_ID=ZGNJFWTPXL;ID=GFOLBNTOJPC;NAME=RightRSlewSet;GROUP=XSec;VALUE=1 
 PARM;GEOM_ID=ZGNJFWTPXL;ID=ZXROUOTPBDR;NAME=RightRStrength;GROUP=XSec;VALUE=1 
 PARM;GEOM_ID=ZGNJFWTPXL;ID=USJIBAHNAXB;NAME=RightRStrengthSet;GROUP=XSec;VALUE=1 
 PARM;GEOM_ID=ZGNJFWTPXL;ID=HUMTIUAVVIS;NAME=SectTess_U;GROUP=XSec;VALUE=10 
 PARM;GEOM_ID=ZGNJFWTPXL;ID=GFRJRMUJXTJ;NAME=Spin;GROUP=XSec;VALUE=0 
 PARM;GEOM_ID=ZGNJFWTPXL;ID=PDLYXRTHFJD;NAME=TBSym;GROUP=XSec;VALUE=0 
 PARM;GEOM_ID=ZGNJFWTPXL;ID=JQOTVSNWQKG;NAME=TopLAngle;GROUP=XSec;VALUE=-4.73684 
 PARM;GEOM_ID=ZGNJFWTPXL;ID=XHVWQVEXGUK;NAME=TopLAngleSet;GROUP=XSec;VALUE=1 
 PARM;GEOM_ID=ZGNJFWTPXL;ID=CUOVRVZLMNG;NAME=TopLCurve;GROUP=XSec;VALUE=4.07845 
 PARM;GEOM_ID=ZGNJFWTPXL;ID=WHOILVLDVNX;NAME=TopLCurveSet;GROUP=XSec;VALUE=0 
 PARM;GEOM_ID=ZGNJFWTPXL;ID=BIOUQIWUOKS;NAME=TopLRAngleEq;GROUP=XSec;VALUE=1 
 PARM;GEOM_ID=ZGNJFWTPXL;ID=NCMHBNPLNWB;NAME=TopLRCurveEq;GROUP=XSec;VALUE=0 
 PARM;GEOM_ID=ZGNJFWTPXL;ID=INJAPTWEOIP;NAME=TopLRSlewEq;GROUP=XSec;VALUE=0 
 PARM;GEOM_ID=ZGNJFWTPXL;ID=VLXFENUWBKB;NAME=TopLRStrengthEq;GROUP=XSec;VALUE=0 
 PARM;GEOM_ID=ZGNJFWTPXL;ID=CPGXEQZQCRP;NAME=TopLSlew;GROUP=XSec;VALUE=0 
 PARM;GEOM_ID=ZGNJFWTPXL;ID=MUOHSCECCJD;NAME=TopLSlewSet;GROUP=XSec;VALUE=1 
 PARM;GEOM_ID=ZGNJFWTPXL;ID=YNPEHGRNYJA;NAME=TopLStrength;GROUP=XSec;VALUE=1 
 PARM;GEOM_ID=ZGNJFWTPXL;ID=DUBHSZXWTNE;NAME=TopLStrengthSet;GROUP=XSec;VALUE=1 
 PARM;GEOM_ID=ZGNJFWTPXL;ID=SWQDGKKZTYO;NAME=TopRAngle;GROUP=XSec;VALUE=-4.73684 
 PARM;GEOM_ID=ZGNJFWTPXL;ID=QTUCSIHWEOA;NAME=TopRAngleSet;GROUP=XSec;VALUE=1 
 PARM;GEOM_ID=ZGNJFWTPXL;ID=BODEGNTHDZC;NAME=TopRCurve;GROUP=XSec;VALUE=-0.0421835 
 PARM;GEOM_ID=ZGNJFWTPXL;ID=RTNJWOQUNCG;NAME=TopRCurveSet;GROUP=XSec;VALUE=0 
 PARM;GEOM_ID=ZGNJFWTPXL;ID=TSKMCCKNFLZ;NAME=TopRSlew;GROUP=XSec;VALUE=0 
 PARM;GEOM_ID=ZGNJFWTPXL;ID=JPXNMOCFMPX;NAME=TopRSlewSet;GROUP=XSec;VALUE=1 
 PARM;GEOM_ID=ZGNJFWTPXL;ID=NGNSBZWOZPU;NAME=TopRStrength;GROUP=XSec;VALUE=1 
 PARM;GEOM_ID=ZGNJFWTPXL;ID=XNIZUJTGXPX;NAME=TopRStrengthSet;GROUP=XSec;VALUE=1 
 PARM;GEOM_ID=ZGNJFWTPXL;ID=LJSUGVRVOGA;NAME=XLocPercent;GROUP=XSec;VALUE=0.711005 
 PARM;GEOM_ID=ZGNJFWTPXL;ID=TYGJJCNUKWN;NAME=XRotate;GROUP=XSec;VALUE=0 
 PARM;GEOM_ID=ZGNJFWTPXL;ID=QZQZBWQIWLU;NAME=YLocPercent;GROUP=XSec;VALUE=0 
 PARM;GEOM_ID=ZGNJFWTPXL;ID=HUEUNHISMZL;NAME=YRotate;GROUP=XSec;VALUE=0 
 PARM;GEOM_ID=ZGNJFWTPXL;ID=CVIBTZBQLCB;NAME=ZLocPercent;GROUP=XSec;VALUE=-0.013832 
 PARM;GEOM_ID=ZGNJFWTPXL;ID=CACSTFIJDTK;NAME=ZRotate;GROUP=XSec;VALUE=0 
 PARM;GEOM_ID=ZGNJFWTPXL;ID=AKNFXBMUMQE;NAME=AbsoluteFlag;GROUP=XSecCurve;VALUE=0 
 PARM;GEOM_ID=ZGNJFWTPXL;ID=GJOHLBVWUDS;NAME=Area;GROUP=XSecCurve;VALUE=7.62766 
 PARM;GEOM_ID=ZGNJFWTPXL;ID=TQKKKPDCTXQ;NAME=CloseFlag;GROUP=XSecCurve;VALUE=1 
 PARM;GEOM_ID=ZGNJFWTPXL;ID=ANHCNDKNAQW;NAME=ConvType;GROUP=XSecCurve;VALUE=2 
 PARM;GEOM_ID=ZGNJFWTPXL;ID=IWXEUXKLDWH;NAME=CurveType;GROUP=XSecCurve;VALUE=2 
 PARM;GEOM_ID=ZGNJFWTPXL;ID=IINILZONRIJ;NAME=DeltaX;GROUP=XSecCurve;VALUE=0 
 PARM;GEOM_ID=ZGNJFWTPXL;ID=EGURGULASIE;NAME=DeltaY;GROUP=XSecCurve;VALUE=0 
 PARM;GEOM_ID=ZGNJFWTPXL;ID=MRWXCJLNCUS;NAME=Depth;GROUP=XSecCurve;VALUE=1 
 PARM;GEOM_ID=ZGNJFWTPXL;ID=SNKVHRTZLCW;NAME=FixedU_0;GROUP=XSecCurve;VALUE=0 
 PARM;GEOM_ID=ZGNJFWTPXL;ID=JLDXGZARGFZ;NAME=FixedU_1;GROUP=XSecCurve;VALUE=0 
 PARM;GEOM_ID=ZGNJFWTPXL;ID=HSIUKFGTICB;NAME=FixedU_10;GROUP=XSecCurve;VALUE=0 
 PARM;GEOM_ID=ZGNJFWTPXL;ID=JDIEZTWWGPK;NAME=FixedU_11;GROUP=XSecCurve;VALUE=0 
 PARM;GEOM_ID=ZGNJFWTPXL;ID=MXTBXFPHKDH;NAME=FixedU_12;GROUP=XSecCurve;VALUE=0 
 PARM;GEOM_ID=ZGNJFWTPXL;ID=DSAIUTWQSKL;NAME=FixedU_2;GROUP=XSecCurve;VALUE=0 
 PARM;GEOM_ID=ZGNJFWTPXL;ID=KEFPOGSQKIG;NAME=FixedU_3;GROUP=XSecCurve;VALUE=0 
 PARM;GEOM_ID=ZGNJFWTPXL;ID=DKJJWMBCCPJ;NAME=FixedU_4;GROUP=XSecCurve;VALUE=0 
 PARM;GEOM_ID=ZGNJFWTPXL;ID=INFFZBVUITX;NAME=FixedU_5;GROUP=XSecCurve;VALUE=0 
 PARM;GEOM_ID=ZGNJFWTPXL;ID=TVURSGHXHCA;NAME=FixedU_6;GROUP=XSecCurve;VALUE=0 
 PARM;GEOM_ID=ZGNJFWTPXL;ID=MYEHQNFFMAJ;NAME=FixedU_7;GROUP=XSecCurve;VALUE=0 
 PARM;GEOM_ID=ZGNJFWTPXL;ID=MRKXCOPXNVS;NAME=FixedU_8;GROUP=XSecCurve;VALUE=0 
 PARM;GEOM_ID=ZGNJFWTPXL;ID=LDCNDYSFIIM;NAME=FixedU_9;GROUP=XSecCurve;VALUE=0 
 PARM;GEOM_ID=ZGNJFWTPXL;ID=BNOXFBIJNSO;NAME=G1_0;GROUP=XSecCurve;VALUE=0 
 PARM;GEOM_ID=ZGNJFWTPXL;ID=KDDHLYBNDKA;NAME=G1_1;GROUP=XSecCurve;VALUE=0 
 PARM;GEOM_ID=ZGNJFWTPXL;ID=JHIAZDMZYJK;NAME=G1_10;GROUP=XSecCurve;VALUE=0 
 PARM;GEOM_ID=ZGNJFWTPXL;ID=KJAWNQWYVCP;NAME=G1_11;GROUP=XSecCurve;VALUE=0 
 PARM;GEOM_ID=ZGNJFWTPXL;ID=ENNRHGPZKUZ;NAME=G1_12;GROUP=XSecCurve;VALUE=0 
 PARM;GEOM_ID=ZGNJFWTPXL;ID=YXOZBWJKTGE;NAME=G1_2;GROUP=XSecCurve;VALUE=0 
 PARM;GEOM_ID=ZGNJFWTPXL;ID=FWACYOYNEPL;NAME=G1_3;GROUP=XSecCurve;VALUE=0 
 PARM;GEOM_ID=ZGNJFWTPXL;ID=YLNAXDNKLSX;NAME=G1_4;GROUP=XSecCurve;VALUE=0 
 PARM;GEOM_ID=ZGNJFWTPXL;ID=NETLDRUODBS;NAME=G1_5;GROUP=XSecCurve;VALUE=0 
 PARM;GEOM_ID=ZGNJFWTPXL;ID=BZDFBUGPCVL;NAME=G1_6;GROUP=XSecCurve;VALUE=0 
 PARM;GEOM_ID=ZGNJFWTPXL;ID=SXCITZLPLDP;NAME=G1_7;GROUP=XSecCurve;VALUE=0 
 PARM;GEOM_ID=ZGNJFWTPXL;ID=MMAANFZQUNA;NAME=G1_8;GROUP=XSecCurve;VALUE=0 
 PARM;GEOM_ID=ZGNJFWTPXL;ID=ZYIZEUEUKEI;NAME=G1_9;GROUP=XSecCurve;VALUE=0 
 PARM;GEOM_ID=ZGNJFWTPXL;ID=KJARZDGNFOA;NAME=HWRatio;GROUP=XSecCurve;VALUE=0.228789 
 PARM;GEOM_ID=ZGNJFWTPXL;ID=MICBTKBJMSK;NAME=Height;GROUP=XSecCurve;VALUE=2.2227 
 PARM;GEOM_ID=ZGNJFWTPXL;ID=HRJJIRRUZDQ;NAME=R_0;GROUP=XSecCurve;VALUE=0 
 PARM;GEOM_ID=ZGNJFWTPXL;ID=DMAQDGXGCLI;NAME=R_1;GROUP=XSecCurve;VALUE=0 
 PARM;GEOM_ID=ZGNJFWTPXL;ID=LRAHSKCWIDD;NAME=R_10;GROUP=XSecCurve;VALUE=0 
 PARM;GEOM_ID=ZGNJFWTPXL;ID=UMSGWBLIVNG;NAME=R_11;GROUP=XSecCurve;VALUE=0 
 PARM;GEOM_ID=ZGNJFWTPXL;ID=NXPYVOYEMYO;NAME=R_12;GROUP=XSecCurve;VALUE=0 
 PARM;GEOM_ID=ZGNJFWTPXL;ID=XSYROZXSBFV;NAME=R_2;GROUP=XSecCurve;VALUE=0 
 PARM;GEOM_ID=ZGNJFWTPXL;ID=GBATDPZKJWT;NAME=R_3;GROUP=XSecCurve;VALUE=0 
 PARM;GEOM_ID=ZGNJFWTPXL;ID=UVUIYUOYGLT;NAME=R_4;GROUP=XSecCurve;VALUE=0 
 PARM;GEOM_ID=ZGNJFWTPXL;ID=ICBJZLDVSCQ;NAME=R_5;GROUP=XSecCurve;VALUE=0 
 PARM;GEOM_ID=ZGNJFWTPXL;ID=TRGZJKQIIUB;NAME=R_6;GROUP=XSecCurve;VALUE=0 
 PARM;GEOM_ID=ZGNJFWTPXL;ID=UEWLRQJGKVN;NAME=R_7;GROUP=XSecCurve;VALUE=0 
 PARM;GEOM_ID=ZGNJFWTPXL;ID=BQHISNXOZYJ;NAME=R_8;GROUP=XSecCurve;VALUE=0 
 PARM;GEOM_ID=ZGNJFWTPXL;ID=QALECXLPOHR;NAME=R_9;GROUP=XSecCurve;VALUE=0 
 PARM;GEOM_ID=ZGNJFWTPXL;ID=YYMNOCUPTLL;NAME=Scale;GROUP=XSecCurve;VALUE=1 
 PARM;GEOM_ID=ZGNJFWTPXL;ID=QNGSLBWLREH;NAME=ShapeType;GROUP=XSecCurve;VALUE=0 
 PARM;GEOM_ID=ZGNJFWTPXL;ID=GCPEBBZOTQZ;NAME=ShiftLE;GROUP=XSecCurve;VALUE=0 
 PARM;GEOM_ID=ZGNJFWTPXL;ID=EMSXEHLSPGJ;NAME=SplitU;GROUP=XSecCurve;VALUE=0.5 
 PARM;GEOM_ID=ZGNJFWTPXL;ID=EINCRTCMETS;NAME=SymType;GROUP=XSecCurve;VALUE=1 
 PARM;GEOM_ID=ZGNJFWTPXL;ID=VOWDSGCMSUF;NAME=Theta;GROUP=XSecCurve;VALUE=0 
 PARM;GEOM_ID=ZGNJFWTPXL;ID=KAQFWSBUTAR;NAME=U_0;GROUP=XSecCurve;VALUE=0 
 PARM;GEOM_ID=ZGNJFWTPXL;ID=VINBWOXSUIS;NAME=U_1;GROUP=XSecCurve;VALUE=0.0833333 
 PARM;GEOM_ID=ZGNJFWTPXL;ID=LSXRYNWMKTG;NAME=U_10;GROUP=XSecCurve;VALUE=0.833333 
 PARM;GEOM_ID=ZGNJFWTPXL;ID=QFLMICWXCHL;NAME=U_11;GROUP=XSecCurve;VALUE=0.916667 
 PARM;GEOM_ID=ZGNJFWTPXL;ID=HKINGZKZGOR;NAME=U_12;GROUP=XSecCurve;VALUE=1 
 PARM;GEOM_ID=ZGNJFWTPXL;ID=ISCWFXWGVTT;NAME=U_2;GROUP=XSecCurve;VALUE=0.166667 
 PARM;GEOM_ID=ZGNJFWTPXL;ID=AEWRLSJXWND;NAME=U_3;GROUP=XSecCurve;VALUE=0.25 
 PARM;GEOM_ID=ZGNJFWTPXL;ID=MARFGIRWGRO;NAME=U_4;GROUP=XSecCurve;VALUE=0.333333 
 PARM;GEOM_ID=ZGNJFWTPXL;ID=TGITAITKQEL;NAME=U_5;GROUP=XSecCurve;VALUE=0.416667 
 PARM;GEOM_ID=ZGNJFWTPXL;ID=CDEPKGVZLLD;NAME=U_6;GROUP=XSecCurve;VALUE=0.5 
 PARM;GEOM_ID=ZGNJFWTPXL;ID=JIVKRJNTUTB;NAME=U_7;GROUP=XSecCurve;VALUE=0.583333 
 PARM;GEOM_ID=ZGNJFWTPXL;ID=MSTDWABXQSR;NAME=U_8;GROUP=XSecCurve;VALUE=0.666667 
 PARM;GEOM_ID=ZGNJFWTPXL;ID=NBSJJCQJQQC;NAME=U_9;GROUP=XSecCurve;VALUE=0.75 
 PARM;GEOM_ID=ZGNJFWTPXL;ID=KGIWYEUBQPE;NAME=View;GROUP=XSecCurve;VALUE=4 
 PARM;GEOM_ID=ZGNJFWTPXL;ID=TWCLAZYUTFR;NAME=Width;GROUP=XSecCurve;VALUE=9.71504 
 PARM;GEOM_ID=ZGNJFWTPXL;ID=QMIMIGFBIFW;NAME=X_0;GROUP=XSecCurve;VALUE=0.154605 
 PARM;GEOM_ID=ZGNJFWTPXL;ID=WYMUAHVLTXC;NAME=X_1;GROUP=XSecCurve;VALUE=0.138158 
 PARM;GEOM_ID=ZGNJFWTPXL;ID=AFFVEPLUNWI;NAME=X_10;GROUP=XSecCurve;VALUE=0.141447 
 PARM;GEOM_ID=ZGNJFWTPXL;ID=DNMBIDHUHZG;NAME=X_11;GROUP=XSecCurve;VALUE=0.131579 
 PARM;GEOM_ID=ZGNJFWTPXL;ID=ANDEROPZEPR;NAME=X_12;GROUP=XSecCurve;VALUE=0.154605 
 PARM;GEOM_ID=ZGNJFWTPXL;ID=HGLCUXZKPCX;NAME=X_2;GROUP=XSecCurve;VALUE=0.1875 
 PARM;GEOM_ID=ZGNJFWTPXL;ID=YHQJIRPNTXG;NAME=X_3;GROUP=XSecCurve;VALUE=0 
 PARM;GEOM_ID=ZGNJFWTPXL;ID=MQOJRWMNFFP;NAME=X_4;GROUP=XSecCurve;VALUE=-0.1875 
 PARM;GEOM_ID=ZGNJFWTPXL;ID=CEELVUXLCVI;NAME=X_5;GROUP=XSecCurve;VALUE=-0.138158 
 PARM;GEOM_ID=ZGNJFWTPXL;ID=PVVGYVLZWWY;NAME=X_6;GROUP=XSecCurve;VALUE=-0.154605 
 PARM;GEOM_ID=ZGNJFWTPXL;ID=PBNIOQMAIAJ;NAME=X_7;GROUP=XSecCurve;VALUE=-0.131579 
 PARM;GEOM_ID=ZGNJFWTPXL;ID=WRKMDLGMCXZ;NAME=X_8;GROUP=XSecCurve;VALUE=-0.141447 
 PARM;GEOM_ID=ZGNJFWTPXL;ID=WQPXDTGOJOJ;NAME=X_9;GROUP=XSecCurve;VALUE=0 
 PARM;GEOM_ID=ZGNJFWTPXL;ID=WUFVNMCEKXN;NAME=Y_0;GROUP=XSecCurve;VALUE=0.292767 
 PARM;GEOM_ID=ZGNJFWTPXL;ID=OMENJNKWFDM;NAME=Y_1;GROUP=XSecCurve;VALUE=-0.143778 
 PARM;GEOM_ID=ZGNJFWTPXL;ID=BAUPUGCPMDQ;NAME=Y_10;GROUP=XSecCurve;VALUE=1.02469 
 PARM;GEOM_ID=ZGNJFWTPXL;ID=PFGVBPXNXTX;NAME=Y_11;GROUP=XSecCurve;VALUE=0.546355 
 PARM;GEOM_ID=ZGNJFWTPXL;ID=ECHTZZCEDWI;NAME=Y_12;GROUP=XSecCurve;VALUE=0.292767 
 PARM;GEOM_ID=ZGNJFWTPXL;ID=QZULALWERDW;NAME=Y_2;GROUP=XSecCurve;VALUE=-0.316311 
 PARM;GEOM_ID=ZGNJFWTPXL;ID=YRBAUSOAJHU;NAME=Y_3;GROUP=XSecCurve;VALUE=-0.235576 
 PARM;GEOM_ID=ZGNJFWTPXL;ID=RZEXZMSIIPN;NAME=Y_4;GROUP=XSecCurve;VALUE=-0.316311 
 PARM;GEOM_ID=ZGNJFWTPXL;ID=PFPODEAQSPW;NAME=Y_5;GROUP=XSecCurve;VALUE=-0.143778 
 PARM;GEOM_ID=ZGNJFWTPXL;ID=LXXYTBVKJGM;NAME=Y_6;GROUP=XSecCurve;VALUE=0.292767 
 PARM;GEOM_ID=ZGNJFWTPXL;ID=TUEMEPZTAYJ;NAME=Y_7;GROUP=XSecCurve;VALUE=0.546355 
 PARM;GEOM_ID=ZGNJFWTPXL;ID=HSDDHPDYDEH;NAME=Y_8;GROUP=XSecCurve;VALUE=1.02469 
 PARM;GEOM_ID=ZGNJFWTPXL;ID=ITLMKTTYSCO;NAME=Y_9;GROUP=XSecCurve;VALUE=1.14179 
 PARM;GEOM_ID=ZGNJFWTPXL;ID=DMSCRWFPJXT;NAME=Z_0;GROUP=XSecCurve;VALUE=0 
 PARM;GEOM_ID=ZGNJFWTPXL;ID=QDOYDGVOGFB;NAME=Z_1;GROUP=XSecCurve;VALUE=0 
 PARM;GEOM_ID=ZGNJFWTPXL;ID=MUQNKXHEWDT;NAME=Z_10;GROUP=XSecCurve;VALUE=0 
 PARM;GEOM_ID=ZGNJFWTPXL;ID=WKFKJLKEREC;NAME=Z_11;GROUP=XSecCurve;VALUE=0 
 PARM;GEOM_ID=ZGNJFWTPXL;ID=LCFLMEHEGYN;NAME=Z_12;GROUP=XSecCurve;VALUE=0 
 PARM;GEOM_ID=ZGNJFWTPXL;ID=LBPMMOHMOEP;NAME=Z_2;GROUP=XSecCurve;VALUE=0 
 PARM;GEOM_ID=ZGNJFWTPXL;ID=ARMIRKFXXHG;NAME=Z_3;GROUP=XSecCurve;VALUE=0 
 PARM;GEOM_ID=ZGNJFWTPXL;ID=UFZKOVARQAE;NAME=Z_4;GROUP=XSecCurve;VALUE=0 
 PARM;GEOM_ID=ZGNJFWTPXL;ID=UMLLBIMWKCA;NAME=Z_5;GROUP=XSecCurve;VALUE=0 
 PARM;GEOM_ID=ZGNJFWTPXL;ID=COONDUEILDU;NAME=Z_6;GROUP=XSecCurve;VALUE=0 
 PARM;GEOM_ID=ZGNJFWTPXL;ID=EDBMHRTCRDM;NAME=Z_7;GROUP=XSecCurve;VALUE=0 
 PARM;GEOM_ID=ZGNJFWTPXL;ID=XLGFWXXUZWU;NAME=Z_8;GROUP=XSecCurve;VALUE=0 
 PARM;GEOM_ID=ZGNJFWTPXL;ID=VPQRZEELOPX;NAME=Z_9;GROUP=XSecCurve;VALUE=0 
 PARM;GEOM_ID=ZGNJFWTPXL;ID=WWOSEMXDFKR;NAME=LE_Cap_Length;GROUP=Cap;VALUE=1 
 PARM;GEOM_ID=ZGNJFWTPXL;ID=RLPVBLCDJRF;NAME=LE_Cap_Offset;GROUP=Cap;VALUE=0 
 PARM;GEOM_ID=ZGNJFWTPXL;ID=LODVPWASGFO;NAME=LE_Cap_Strength;GROUP=Cap;VALUE=0.5 
 PARM;GEOM_ID=ZGNJFWTPXL;ID=FEYIEXGBKWI;NAME=LE_Cap_Type;GROUP=Cap;VALUE=1 
 PARM;GEOM_ID=ZGNJFWTPXL;ID=PFCXRNQEIBO;NAME=TE_Cap_Length;GROUP=Cap;VALUE=1 
 PARM;GEOM_ID=ZGNJFWTPXL;ID=ACDVAQYZISK;NAME=TE_Cap_Offset;GROUP=Cap;VALUE=0 
 PARM;GEOM_ID=ZGNJFWTPXL;ID=MXAHSVYCLLT;NAME=TE_Cap_Strength;GROUP=Cap;VALUE=0.5 
 PARM;GEOM_ID=ZGNJFWTPXL;ID=FMFJJNUWNMS;NAME=TE_Cap_Type;GROUP=Cap;VALUE=1 
 PARM;GEOM_ID=ZGNJFWTPXL;ID=WMZLBWNXXLR;NAME=LE_Close_AbsRel;GROUP=Close;VALUE=0 
 PARM;GEOM_ID=ZGNJFWTPXL;ID=OPIONEQGAYN;NAME=LE_Close_Thick;GROUP=Close;VALUE=0 
 PARM;GEOM_ID=ZGNJFWTPXL;ID=NRXRFEYVRMQ;NAME=LE_Close_Thick_Chord;GROUP=Close;VALUE=0 
 PARM;GEOM_ID=ZGNJFWTPXL;ID=FBSBDUZECQE;NAME=LE_Close_Type;GROUP=Close;VALUE=0 
 PARM;GEOM_ID=ZGNJFWTPXL;ID=QHEYDCDGUCH;NAME=TE_Close_AbsRel;GROUP=Close;VALUE=0 
 PARM;GEOM_ID=ZGNJFWTPXL;ID=OQITIVXFYWT;NAME=TE_Close_Thick;GROUP=Close;VALUE=0 
 PARM;GEOM_ID=ZGNJFWTPXL;ID=HFZSTMBOMCY;NAME=TE_Close_Thick_Chord;GROUP=Close;VALUE=0 
 PARM;GEOM_ID=ZGNJFWTPXL;ID=TTGJFTKZPIM;NAME=TE_Close_Type;GROUP=Close;VALUE=0 
 PARM;GEOM_ID=ZGNJFWTPXL;ID=TKDPAVAWVOM;NAME=LE_Trim_AbsRel;GROUP=Trim;VALUE=0 
 PARM;GEOM_ID=ZGNJFWTPXL;ID=NZXKUYLGSZU;NAME=LE_Trim_Thick;GROUP=Trim;VALUE=0 
 PARM;GEOM_ID=ZGNJFWTPXL;ID=ZBHSCASJBEW;NAME=LE_Trim_Thick_Chord;GROUP=Trim;VALUE=0 
 PARM;GEOM_ID=ZGNJFWTPXL;ID=XMIYORTPQWQ;NAME=LE_Trim_Type;GROUP=Trim;VALUE=0 
 PARM;GEOM_ID=ZGNJFWTPXL;ID=CCATLVFJWHV;NAME=LE_Trim_X;GROUP=Trim;VALUE=0 
 PARM;GEOM_ID=ZGNJFWTPXL;ID=ANHEWEPMRYA;NAME=LE_Trim_X_Chord;GROUP=Trim;VALUE=0 
 PARM;GEOM_ID=ZGNJFWTPXL;ID=VCYUGKEDICV;NAME=TE_Trim_AbsRel;GROUP=Trim;VALUE=0 
 PARM;GEOM_ID=ZGNJFWTPXL;ID=MFFHSZERGWP;NAME=TE_Trim_Thick;GROUP=Trim;VALUE=0 
 PARM;GEOM_ID=ZGNJFWTPXL;ID=DZXOPBIQEHJ;NAME=TE_Trim_Thick_Chord;GROUP=Trim;VALUE=0 
 PARM;GEOM_ID=ZGNJFWTPXL;ID=GYVFQZMCMDH;NAME=TE_Trim_Type;GROUP=Trim;VALUE=0 
 PARM;GEOM_ID=ZGNJFWTPXL;ID=JFELOGOSLZS;NAME=TE_Trim_X;GROUP=Trim;VALUE=0 
 PARM;GEOM_ID=ZGNJFWTPXL;ID=DMNJRKDOEXA;NAME=TE_Trim_X_Chord;GROUP=Trim;VALUE=0 
 PARM;GEOM_ID=ZGNJFWTPXL;ID=KUONMPYFTQU;NAME=TE_Flap_DT;GROUP=Flap;VALUE=0 
 PARM;GEOM_ID=ZGNJFWTPXL;ID=UDTBUZDBBKL;NAME=TE_Flap_Deflection;GROUP=Flap;VALUE=0 
 PARM;GEOM_ID=ZGNJFWTPXL;ID=ERUYFCDLPNR;NAME=TE_Flap_Flag;GROUP=Flap;VALUE=0 
 PARM;GEOM_ID=ZGNJFWTPXL;ID=EUFTPZYGNME;NAME=TE_Flap_T;GROUP=Flap;VALUE=0.2 
 PARM;GEOM_ID=ZGNJFWTPXL;ID=BIDNKMWTYRF;NAME=TE_Flap_Type;GROUP=Flap;VALUE=0 
 PARM;GEOM_ID=ZGNJFWTPXL;ID=GMHVHQZWHPJ;NAME=TE_Flap_X;GROUP=Flap;VALUE=0 
 PARM;GEOM_ID=ZGNJFWTPXL;ID=RIJVAJRRURC;NAME=TE_Flap_X_Chord;GROUP=Flap;VALUE=0.2 
 PARM;GEOM_ID=ZGNJFWTPXL;ID=ORAIYFEMPYY;NAME=TE_Flap_Y_Frc;GROUP=Flap;VALUE=0.5 
 PARM;GEOM_ID=ZGNJFWTPXL;ID=YXFBIFTVRLV;NAME=TE_Trim_AbsRel;GROUP=Flap;VALUE=1 
 PARM;GEOM_ID=ZGNJFWTPXL;ID=TAJQZFJBAUT;NAME=XSecFlipImageFlag;GROUP=XSecCurve_Background;VALUE=0 
 PARM;GEOM_ID=ZGNJFWTPXL;ID=WSYZXIRRABT;NAME=XSecImageFlag;GROUP=XSecCurve_Background;VALUE=1 
 PARM;GEOM_ID=ZGNJFWTPXL;ID=MPNGWSNOILU;NAME=XSecImageH;GROUP=XSecCurve_Background;VALUE=4.39735 
 PARM;GEOM_ID=ZGNJFWTPXL;ID=MGHNPJXKGHQ;NAME=XSecImagePreserveAR;GROUP=XSecCurve_Background;VALUE=1 
 PARM;GEOM_ID=ZGNJFWTPXL;ID=EDCLHPXBULC;NAME=XSecImageW;GROUP=XSecCurve_Background;VALUE=4.39735 
 PARM;GEOM_ID=ZGNJFWTPXL;ID=NOSIKTQCKYS;NAME=XSecImageXOffset;GROUP=XSecCurve_Background;VALUE=0.180258 
 PARM;GEOM_ID=ZGNJFWTPXL;ID=YMXXXGMOETJ;NAME=XSecImageYOffset;GROUP=XSecCurve_Background;VALUE=0.559189 
 PARM;GEOM_ID=ZGNJFWTPXL;ID=WIINEOPRZZL;NAME=XSecLineThickness;GROUP=XSecCurve_Background;VALUE=1.5 
 PARM;GEOM_ID=ZGNJFWTPXL;ID=RBQPCRBACHG;NAME=XSecLockImageFlag;GROUP=XSecCurve_Background;VALUE=0 
 PARM;GEOM_ID=ZGNJFWTPXL;ID=HSBJHJEYPEG;NAME=XSecPointColorFlag;GROUP=XSecCurve_Background;VALUE=0 
 PARM;GEOM_ID=ZGNJFWTPXL;ID=CZZTLPWMKVB;NAME=XSecPointColorWheel;GROUP=XSecCurve_Background;VALUE=-1 
 PARM;GEOM_ID=ZGNJFWTPXL;ID=XKIRKDPTISJ;NAME=XSecPointSize;GROUP=XSecCurve_Background;VALUE=8 
 PARM;GEOM_ID=ZGNJFWTPXL;ID=JMWFCQPFFRS;NAME=AllSym;GROUP=Chevron;VALUE=1 
 PARM;GEOM_ID=ZGNJFWTPXL;ID=OSIXFHCVCZO;NAME=BottomAmplitude;GROUP=Chevron;VALUE=1 
 PARM;GEOM_ID=ZGNJFWTPXL;ID=ZLDIBYQBMDS;NAME=Bottom_Angle;GROUP=Chevron;VALUE=0 
 PARM;GEOM_ID=ZGNJFWTPXL;ID=MJNGGLRMJUE;NAME=Bottom_Slew;GROUP=Chevron;VALUE=0 
 PARM;GEOM_ID=ZGNJFWTPXL;ID=IVMTBUYAUBE;NAME=Chevron_Type;GROUP=Chevron;VALUE=0 
 PARM;GEOM_ID=ZGNJFWTPXL;ID=OJXLGXZCFKW;NAME=LeftAmplitude;GROUP=Chevron;VALUE=1 
 PARM;GEOM_ID=ZGNJFWTPXL;ID=BCLKQYEVLQT;NAME=Left_Angle;GROUP=Chevron;VALUE=0 
 PARM;GEOM_ID=ZGNJFWTPXL;ID=OYYLVHWUUHZ;NAME=Left_Slew;GROUP=Chevron;VALUE=0 
 PARM;GEOM_ID=ZGNJFWTPXL;ID=ALRVFARRIUG;NAME=Number;GROUP=Chevron;VALUE=8 
 PARM;GEOM_ID=ZGNJFWTPXL;ID=HEYBBTVDTCP;NAME=Off_Duty;GROUP=Chevron;VALUE=0 
 PARM;GEOM_ID=ZGNJFWTPXL;ID=BZFHSYHCTYC;NAME=On_Duty;GROUP=Chevron;VALUE=0 
 PARM;GEOM_ID=ZGNJFWTPXL;ID=WRXHWWRGXBD;NAME=Peak_Radius;GROUP=Chevron;VALUE=0 
 PARM;GEOM_ID=ZGNJFWTPXL;ID=LDESCHTGEAQ;NAME=RLSym;GROUP=Chevron;VALUE=1 
 PARM;GEOM_ID=ZGNJFWTPXL;ID=LRNEGHBZXAU;NAME=RightAmplitude;GROUP=Chevron;VALUE=1 
 PARM;GEOM_ID=ZGNJFWTPXL;ID=FDLIXNFURDP;NAME=Right_Angle;GROUP=Chevron;VALUE=0 
 PARM;GEOM_ID=ZGNJFWTPXL;ID=WHWOBBSEBKF;NAME=Right_Slew;GROUP=Chevron;VALUE=0 
 PARM;GEOM_ID=ZGNJFWTPXL;ID=HEBRRSNIIXW;NAME=TBSym;GROUP=Chevron;VALUE=1 
 PARM;GEOM_ID=ZGNJFWTPXL;ID=JJBTOSXOIIG;NAME=TopAmplitude;GROUP=Chevron;VALUE=1 
 PARM;GEOM_ID=ZGNJFWTPXL;ID=OCTUNEUONRM;NAME=Top_Angle;GROUP=Chevron;VALUE=0 
 PARM;GEOM_ID=ZGNJFWTPXL;ID=TACTUYMQSRS;NAME=Top_Slew;GROUP=Chevron;VALUE=0 
 PARM;GEOM_ID=ZGNJFWTPXL;ID=JGNFBUTGWUN;NAME=Valley_Radius;GROUP=Chevron;VALUE=0 
 PARM;GEOM_ID=ZGNJFWTPXL;ID=YMOGYFMJXZT;NAME=W01_Center;GROUP=Chevron;VALUE=0.25 
 PARM;GEOM_ID=ZGNJFWTPXL;ID=ZHTVYHYBCAH;NAME=W01_Center_Guide;GROUP=Chevron;VALUE=5 
 PARM;GEOM_ID=ZGNJFWTPXL;ID=DCLDRDCIFGE;NAME=W01_End;GROUP=Chevron;VALUE=0.5 
 PARM;GEOM_ID=ZGNJFWTPXL;ID=RAMRRBGRKCP;NAME=W01_End_Guide;GROUP=Chevron;VALUE=5 
 PARM;GEOM_ID=ZGNJFWTPXL;ID=PRZQDMFTJRH;NAME=W01_Mode;GROUP=Chevron;VALUE=0 
 PARM;GEOM_ID=ZGNJFWTPXL;ID=NPRFDWAEMQS;NAME=W01_Start;GROUP=Chevron;VALUE=0 
 PARM;GEOM_ID=ZGNJFWTPXL;ID=WHWRKICSFUC;NAME=W01_Start_Guide;GROUP=Chevron;VALUE=5 
 PARM;GEOM_ID=ZGNJFWTPXL;ID=YJXKYMLBZHK;NAME=W01_Width;GROUP=Chevron;VALUE=0.5 
 PARM;GEOM_ID=ZGNJFWTPXL;ID=BIUZKEOSUUY;NAME=AftCluster;GROUP=XSec;VALUE=1 
 PARM;GEOM_ID=ZGNJFWTPXL;ID=ATGJTCLYASH;NAME=AllSym;GROUP=XSec;VALUE=0 
 PARM;GEOM_ID=ZGNJFWTPXL;ID=KEYZYMEQQPT;NAME=BottomLAngle;GROUP=XSec;VALUE=0 
 PARM;GEOM_ID=ZGNJFWTPXL;ID=YOWZNWBZLMZ;NAME=BottomLAngleSet;GROUP=XSec;VALUE=1 
 PARM;GEOM_ID=ZGNJFWTPXL;ID=BWXNHZCQBRO;NAME=BottomLCurve;GROUP=XSec;VALUE=0.110381 
 PARM;GEOM_ID=ZGNJFWTPXL;ID=CVJIHGBIMFN;NAME=BottomLCurveSet;GROUP=XSec;VALUE=0 
 PARM;GEOM_ID=ZGNJFWTPXL;ID=WESXIUAOTIM;NAME=BottomLRAngleEq;GROUP=XSec;VALUE=1 
 PARM;GEOM_ID=ZGNJFWTPXL;ID=GDLQNSUKZFM;NAME=BottomLRCurveEq;GROUP=XSec;VALUE=0 
 PARM;GEOM_ID=ZGNJFWTPXL;ID=ZXGRHERVQRD;NAME=BottomLRSlewEq;GROUP=XSec;VALUE=0 
 PARM;GEOM_ID=ZGNJFWTPXL;ID=EGBVYZOLQPO;NAME=BottomLRStrengthEq;GROUP=XSec;VALUE=0 
 PARM;GEOM_ID=ZGNJFWTPXL;ID=LNXTMBSNYHB;NAME=BottomLSlew;GROUP=XSec;VALUE=0 
 PARM;GEOM_ID=ZGNJFWTPXL;ID=ORNTBAQTFNH;NAME=BottomLSlewSet;GROUP=XSec;VALUE=1 
 PARM;GEOM_ID=ZGNJFWTPXL;ID=NXTBJZKUWAX;NAME=BottomLStrength;GROUP=XSec;VALUE=1 
 PARM;GEOM_ID=ZGNJFWTPXL;ID=ZYQUVHHZJDF;NAME=BottomLStrengthSet;GROUP=XSec;VALUE=1 
 PARM;GEOM_ID=ZGNJFWTPXL;ID=RTBTXPUGKCD;NAME=BottomRAngle;GROUP=XSec;VALUE=0 
 PARM;GEOM_ID=ZGNJFWTPXL;ID=ZSJGUMFJQCE;NAME=BottomRAngleSet;GROUP=XSec;VALUE=1 
 PARM;GEOM_ID=ZGNJFWTPXL;ID=YEOVCZUNPXL;NAME=BottomRCurve;GROUP=XSec;VALUE=-0.449758 
 PARM;GEOM_ID=ZGNJFWTPXL;ID=AYKDJUJDSFS;NAME=BottomRCurveSet;GROUP=XSec;VALUE=0 
 PARM;GEOM_ID=ZGNJFWTPXL;ID=YXLXXHHHPXI;NAME=BottomRSlew;GROUP=XSec;VALUE=0 
 PARM;GEOM_ID=ZGNJFWTPXL;ID=ATPGCTMVMGO;NAME=BottomRSlewSet;GROUP=XSec;VALUE=1 
 PARM;GEOM_ID=ZGNJFWTPXL;ID=DORSHHKCADJ;NAME=BottomRStrength;GROUP=XSec;VALUE=1 
 PARM;GEOM_ID=ZGNJFWTPXL;ID=LMWLRYXTXIZ;NAME=BottomRStrengthSet;GROUP=XSec;VALUE=1 
 PARM;GEOM_ID=ZGNJFWTPXL;ID=QBVOUGNLUWZ;NAME=ContinuityBottom;GROUP=XSec;VALUE=0 
 PARM;GEOM_ID=ZGNJFWTPXL;ID=IMABMYURQCM;NAME=ContinuityLeft;GROUP=XSec;VALUE=0 
 PARM;GEOM_ID=ZGNJFWTPXL;ID=FFNNDPEAHLS;NAME=ContinuityRight;GROUP=XSec;VALUE=0 
 PARM;GEOM_ID=ZGNJFWTPXL;ID=NXKLDTJIVLX;NAME=ContinuityTop;GROUP=XSec;VALUE=0 
 PARM;GEOM_ID=ZGNJFWTPXL;ID=CWJTJMTNAHD;NAME=FwdCluster;GROUP=XSec;VALUE=1 
 PARM;GEOM_ID=ZGNJFWTPXL;ID=KXISAIIRCRR;NAME=LeftLAngle;GROUP=XSec;VALUE=0 
 PARM;GEOM_ID=ZGNJFWTPXL;ID=PCNNQQNXDNE;NAME=LeftLAngleSet;GROUP=XSec;VALUE=1 
 PARM;GEOM_ID=ZGNJFWTPXL;ID=EOTWXOTACTP;NAME=LeftLCurve;GROUP=XSec;VALUE=-0.137137 
 PARM;GEOM_ID=ZGNJFWTPXL;ID=QYOLYQQFRWO;NAME=LeftLCurveSet;GROUP=XSec;VALUE=0 
 PARM;GEOM_ID=ZGNJFWTPXL;ID=YYCOOABXEDX;NAME=LeftLRAngleEq;GROUP=XSec;VALUE=1 
 PARM;GEOM_ID=ZGNJFWTPXL;ID=UHGKYMTJENP;NAME=LeftLRCurveEq;GROUP=XSec;VALUE=0 
 PARM;GEOM_ID=ZGNJFWTPXL;ID=TODBUFGHNAI;NAME=LeftLRSlewEq;GROUP=XSec;VALUE=0 
 PARM;GEOM_ID=ZGNJFWTPXL;ID=COEATLUNRAD;NAME=LeftLRStrengthEq;GROUP=XSec;VALUE=0 
 PARM;GEOM_ID=ZGNJFWTPXL;ID=TNLZKDTPEUT;NAME=LeftLSlew;GROUP=XSec;VALUE=0 
 PARM;GEOM_ID=ZGNJFWTPXL;ID=VPXTGNARMAD;NAME=LeftLSlewSet;GROUP=XSec;VALUE=1 
 PARM;GEOM_ID=ZGNJFWTPXL;ID=MHIJQXSGMRV;NAME=LeftLStrength;GROUP=XSec;VALUE=1 
 PARM;GEOM_ID=ZGNJFWTPXL;ID=ATYXIYABEEV;NAME=LeftLStrengthSet;GROUP=XSec;VALUE=1 
 PARM;GEOM_ID=ZGNJFWTPXL;ID=NCGFYRUGAST;NAME=LeftRAngle;GROUP=XSec;VALUE=0 
 PARM;GEOM_ID=ZGNJFWTPXL;ID=UGHEQSHVTXE;NAME=LeftRAngleSet;GROUP=XSec;VALUE=1 
 PARM;GEOM_ID=ZGNJFWTPXL;ID=ZVSSCOPOZLN;NAME=LeftRCurve;GROUP=XSec;VALUE=-0.519698 
 PARM;GEOM_ID=ZGNJFWTPXL;ID=VWSIEGBPMFR;NAME=LeftRCurveSet;GROUP=XSec;VALUE=0 
 PARM;GEOM_ID=ZGNJFWTPXL;ID=QKSNEGFJKSY;NAME=LeftRSlew;GROUP=XSec;VALUE=0 
 PARM;GEOM_ID=ZGNJFWTPXL;ID=GRULNZXCPOV;NAME=LeftRSlewSet;GROUP=XSec;VALUE=1 
 PARM;GEOM_ID=ZGNJFWTPXL;ID=OIFHQVOKMTD;NAME=LeftRStrength;GROUP=XSec;VALUE=1 
 PARM;GEOM_ID=ZGNJFWTPXL;ID=LZGCNHJCTJK;NAME=LeftRStrengthSet;GROUP=XSec;VALUE=1 
 PARM;GEOM_ID=ZGNJFWTPXL;ID=HLRWTROWQAQ;NAME=RLSym;GROUP=XSec;VALUE=1 
 PARM;GEOM_ID=ZGNJFWTPXL;ID=VUMVLNBPBRV;NAME=RefLength;GROUP=XSec;VALUE=46.6596 
 PARM;GEOM_ID=ZGNJFWTPXL;ID=YZJSLFDHDUR;NAME=RightLAngle;GROUP=XSec;VALUE=0 
 PARM;GEOM_ID=ZGNJFWTPXL;ID=FRKDHDGAPYY;NAME=RightLAngleSet;GROUP=XSec;VALUE=1 
 PARM;GEOM_ID=ZGNJFWTPXL;ID=FWOYJTRRAHA;NAME=RightLCurve;GROUP=XSec;VALUE=0 
 PARM;GEOM_ID=ZGNJFWTPXL;ID=ZPUBJYQTYNT;NAME=RightLCurveSet;GROUP=XSec;VALUE=0 
 PARM;GEOM_ID=ZGNJFWTPXL;ID=METYKFXJJUK;NAME=RightLRAngleEq;GROUP=XSec;VALUE=1 
 PARM;GEOM_ID=ZGNJFWTPXL;ID=MWTXFWIYZEV;NAME=RightLRCurveEq;GROUP=XSec;VALUE=0 
 PARM;GEOM_ID=ZGNJFWTPXL;ID=YMGGBPLZJIQ;NAME=RightLRSlewEq;GROUP=XSec;VALUE=0 
 PARM;GEOM_ID=ZGNJFWTPXL;ID=VWPWKQWUXZO;NAME=RightLRStrengthEq;GROUP=XSec;VALUE=0 
 PARM;GEOM_ID=ZGNJFWTPXL;ID=FVEKETHJKPM;NAME=RightLSlew;GROUP=XSec;VALUE=0 
 PARM;GEOM_ID=ZGNJFWTPXL;ID=ZXVDJCJBEXX;NAME=RightLSlewSet;GROUP=XSec;VALUE=1 
 PARM;GEOM_ID=ZGNJFWTPXL;ID=HWKNRKPQORL;NAME=RightLStrength;GROUP=XSec;VALUE=1 
 PARM;GEOM_ID=ZGNJFWTPXL;ID=IEUZPMYZGWC;NAME=RightLStrengthSet;GROUP=XSec;VALUE=1 
 PARM;GEOM_ID=ZGNJFWTPXL;ID=XVVERSSHICB;NAME=RightRAngle;GROUP=XSec;VALUE=0 
 PARM;GEOM_ID=ZGNJFWTPXL;ID=UYYWCDUDAYL;NAME=RightRAngleSet;GROUP=XSec;VALUE=1 
 PARM;GEOM_ID=ZGNJFWTPXL;ID=BFJVNGASOKX;NAME=RightRCurve;GROUP=XSec;VALUE=-0.519698 
 PARM;GEOM_ID=ZGNJFWTPXL;ID=SHRJFFVVMRK;NAME=RightRCurveSet;GROUP=XSec;VALUE=0 
 PARM;GEOM_ID=ZGNJFWTPXL;ID=ZZEQRWJVONP;NAME=RightRSlew;GROUP=XSec;VALUE=0 
 PARM;GEOM_ID=ZGNJFWTPXL;ID=QDITZVQATOI;NAME=RightRSlewSet;GROUP=XSec;VALUE=1 
 PARM;GEOM_ID=ZGNJFWTPXL;ID=LTCRGIABFXG;NAME=RightRStrength;GROUP=XSec;VALUE=1 
 PARM;GEOM_ID=ZGNJFWTPXL;ID=ZLUXHFFFTLQ;NAME=RightRStrengthSet;GROUP=XSec;VALUE=1 
 PARM;GEOM_ID=ZGNJFWTPXL;ID=UAWLONTMZRN;NAME=SectTess_U;GROUP=XSec;VALUE=10 
 PARM;GEOM_ID=ZGNJFWTPXL;ID=UPWRZXUOADG;NAME=Spin;GROUP=XSec;VALUE=0 
 PARM;GEOM_ID=ZGNJFWTPXL;ID=XUNUSEARPHO;NAME=TBSym;GROUP=XSec;VALUE=0 
 PARM;GEOM_ID=ZGNJFWTPXL;ID=PNXZVEMNHWW;NAME=TopLAngle;GROUP=XSec;VALUE=-4.73684 
 PARM;GEOM_ID=ZGNJFWTPXL;ID=UEIMFKMUALS;NAME=TopLAngleSet;GROUP=XSec;VALUE=1 
 PARM;GEOM_ID=ZGNJFWTPXL;ID=SKGLIVKOEBI;NAME=TopLCurve;GROUP=XSec;VALUE=0.0421835 
 PARM;GEOM_ID=ZGNJFWTPXL;ID=BPCXWSIUUOT;NAME=TopLCurveSet;GROUP=XSec;VALUE=0 
 PARM;GEOM_ID=ZGNJFWTPXL;ID=AFQKLYREBII;NAME=TopLRAngleEq;GROUP=XSec;VALUE=1 
 PARM;GEOM_ID=ZGNJFWTPXL;ID=POEUAXJGVHJ;NAME=TopLRCurveEq;GROUP=XSec;VALUE=0 
 PARM;GEOM_ID=ZGNJFWTPXL;ID=HECKAPAWRYV;NAME=TopLRSlewEq;GROUP=XSec;VALUE=0 
 PARM;GEOM_ID=ZGNJFWTPXL;ID=DYJIXEDWUBC;NAME=TopLRStrengthEq;GROUP=XSec;VALUE=0 
 PARM;GEOM_ID=ZGNJFWTPXL;ID=XFQINUJBEAZ;NAME=TopLSlew;GROUP=XSec;VALUE=0 
 PARM;GEOM_ID=ZGNJFWTPXL;ID=EYNDASOVMBG;NAME=TopLSlewSet;GROUP=XSec;VALUE=1 
 PARM;GEOM_ID=ZGNJFWTPXL;ID=GHRGSSGHLCC;NAME=TopLStrength;GROUP=XSec;VALUE=1 
 PARM;GEOM_ID=ZGNJFWTPXL;ID=KWTPCYEVKLQ;NAME=TopLStrengthSet;GROUP=XSec;VALUE=1 
 PARM;GEOM_ID=ZGNJFWTPXL;ID=XDTBYIFGDKR;NAME=TopRAngle;GROUP=XSec;VALUE=-4.73684 
 PARM;GEOM_ID=ZGNJFWTPXL;ID=LCXWBLYNZKO;NAME=TopRAngleSet;GROUP=XSec;VALUE=1 
 PARM;GEOM_ID=ZGNJFWTPXL;ID=IOPKIIRBCOC;NAME=TopRCurve;GROUP=XSec;VALUE=-0.0845855 
 PARM;GEOM_ID=ZGNJFWTPXL;ID=ABINAXQUJEU;NAME=TopRCurveSet;GROUP=XSec;VALUE=0 
 PARM;GEOM_ID=ZGNJFWTPXL;ID=GGIGLYITOVY;NAME=TopRSlew;GROUP=XSec;VALUE=0 
 PARM;GEOM_ID=ZGNJFWTPXL;ID=WIRNCTSEMFN;NAME=TopRSlewSet;GROUP=XSec;VALUE=1 
 PARM;GEOM_ID=ZGNJFWTPXL;ID=HWSCPHLYVUY;NAME=TopRStrength;GROUP=XSec;VALUE=1 
 PARM;GEOM_ID=ZGNJFWTPXL;ID=DSZTVWTQTZT;NAME=TopRStrengthSet;GROUP=XSec;VALUE=1 
 PARM;GEOM_ID=ZGNJFWTPXL;ID=ODZEIFPCEPE;NAME=XLocPercent;GROUP=XSec;VALUE=0.855502 
 PARM;GEOM_ID=ZGNJFWTPXL;ID=FMSMYGHPPEO;NAME=XRotate;GROUP=XSec;VALUE=0 
 PARM;GEOM_ID=ZGNJFWTPXL;ID=DHDWIHNIZYQ;NAME=YLocPercent;GROUP=XSec;VALUE=0 
 PARM;GEOM_ID=ZGNJFWTPXL;ID=KCNTAMPJSGS;NAME=YRotate;GROUP=XSec;VALUE=0 
 PARM;GEOM_ID=ZGNJFWTPXL;ID=EJINRGJVUVX;NAME=ZLocPercent;GROUP=XSec;VALUE=-0.013832 
 PARM;GEOM_ID=ZGNJFWTPXL;ID=YJUZPRJVBVW;NAME=ZRotate;GROUP=XSec;VALUE=0 
 PARM;GEOM_ID=ZGNJFWTPXL;ID=AXYQYXWOLCF;NAME=AbsoluteFlag;GROUP=XSecCurve;VALUE=0 
 PARM;GEOM_ID=ZGNJFWTPXL;ID=JRNEFQTZJMW;NAME=Area;GROUP=XSecCurve;VALUE=5.82097 
 PARM;GEOM_ID=ZGNJFWTPXL;ID=TMBKMTJRPNS;NAME=CloseFlag;GROUP=XSecCurve;VALUE=1 
 PARM;GEOM_ID=ZGNJFWTPXL;ID=YYQJKFQCCBZ;NAME=ConvType;GROUP=XSecCurve;VALUE=2 
 PARM;GEOM_ID=ZGNJFWTPXL;ID=XCIWLFNCALD;NAME=CurveType;GROUP=XSecCurve;VALUE=2 
 PARM;GEOM_ID=ZGNJFWTPXL;ID=YMSZRMACTVA;NAME=DeltaX;GROUP=XSecCurve;VALUE=0 
 PARM;GEOM_ID=ZGNJFWTPXL;ID=FAOTFQLDBYS;NAME=DeltaY;GROUP=XSecCurve;VALUE=0 
 PARM;GEOM_ID=ZGNJFWTPXL;ID=CNKBHZIOGCT;NAME=Depth;GROUP=XSecCurve;VALUE=1 
 PARM;GEOM_ID=ZGNJFWTPXL;ID=YXVICORNOKU;NAME=FixedU_0;GROUP=XSecCurve;VALUE=0 
 PARM;GEOM_ID=ZGNJFWTPXL;ID=QHYBFKDNDTH;NAME=FixedU_1;GROUP=XSecCurve;VALUE=0 
 PARM;GEOM_ID=ZGNJFWTPXL;ID=VNSQUVOTQYL;NAME=FixedU_10;GROUP=XSecCurve;VALUE=0 
 PARM;GEOM_ID=ZGNJFWTPXL;ID=IISUBSSZUYP;NAME=FixedU_11;GROUP=XSecCurve;VALUE=0 
 PARM;GEOM_ID=ZGNJFWTPXL;ID=LPTHPIRILUT;NAME=FixedU_12;GROUP=XSecCurve;VALUE=0 
 PARM;GEOM_ID=ZGNJFWTPXL;ID=YULVYZYLCVQ;NAME=FixedU_2;GROUP=XSecCurve;VALUE=0 
 PARM;GEOM_ID=ZGNJFWTPXL;ID=EXPUKJTSXBT;NAME=FixedU_3;GROUP=XSecCurve;VALUE=0 
 PARM;GEOM_ID=ZGNJFWTPXL;ID=QTPWULGBDXO;NAME=FixedU_4;GROUP=XSecCurve;VALUE=0 
 PARM;GEOM_ID=ZGNJFWTPXL;ID=VNMGTQLDZHP;NAME=FixedU_5;GROUP=XSecCurve;VALUE=0 
 PARM;GEOM_ID=ZGNJFWTPXL;ID=TQZMUEIMLPQ;NAME=FixedU_6;GROUP=XSecCurve;VALUE=0 
 PARM;GEOM_ID=ZGNJFWTPXL;ID=KHGUKKHZEYN;NAME=FixedU_7;GROUP=XSecCurve;VALUE=0 
 PARM;GEOM_ID=ZGNJFWTPXL;ID=BHQFLAJRZKI;NAME=FixedU_8;GROUP=XSecCurve;VALUE=0 
 PARM;GEOM_ID=ZGNJFWTPXL;ID=DWXNWBEYAUL;NAME=FixedU_9;GROUP=XSecCurve;VALUE=0 
 PARM;GEOM_ID=ZGNJFWTPXL;ID=FLHESUOAZXZ;NAME=G1_0;GROUP=XSecCurve;VALUE=0 
 PARM;GEOM_ID=ZGNJFWTPXL;ID=LLUDHFOHTNX;NAME=G1_1;GROUP=XSecCurve;VALUE=0 
 PARM;GEOM_ID=ZGNJFWTPXL;ID=BQJYWFGQJLH;NAME=G1_10;GROUP=XSecCurve;VALUE=0 
 PARM;GEOM_ID=ZGNJFWTPXL;ID=VLHEOSIKMKX;NAME=G1_11;GROUP=XSecCurve;VALUE=0 
 PARM;GEOM_ID=ZGNJFWTPXL;ID=RKNFVZTVJQO;NAME=G1_12;GROUP=XSecCurve;VALUE=0 
 PARM;GEOM_ID=ZGNJFWTPXL;ID=VHWNZHQNFZF;NAME=G1_2;GROUP=XSecCurve;VALUE=0 
 PARM;GEOM_ID=ZGNJFWTPXL;ID=LWYEPQQCJNE;NAME=G1_3;GROUP=XSecCurve;VALUE=0 
 PARM;GEOM_ID=ZGNJFWTPXL;ID=WBNLYIUDVMG;NAME=G1_4;GROUP=XSecCurve;VALUE=0 
 PARM;GEOM_ID=ZGNJFWTPXL;ID=IOXRAPBONFH;NAME=G1_5;GROUP=XSecCurve;VALUE=0 
 PARM;GEOM_ID=ZGNJFWTPXL;ID=PUEPHPYEIYE;NAME=G1_6;GROUP=XSecCurve;VALUE=0 
 PARM;GEOM_ID=ZGNJFWTPXL;ID=LGVSHZVCOGW;NAME=G1_7;GROUP=XSecCurve;VALUE=0 
 PARM;GEOM_ID=ZGNJFWTPXL;ID=FEISJJNDIGU;NAME=G1_8;GROUP=XSecCurve;VALUE=0 
 PARM;GEOM_ID=ZGNJFWTPXL;ID=AYBXACTWLJM;NAME=G1_9;GROUP=XSecCurve;VALUE=0 
 PARM;GEOM_ID=ZGNJFWTPXL;ID=DVYMQJGVTAK;NAME=HWRatio;GROUP=XSecCurve;VALUE=0.174598 
 PARM;GEOM_ID=ZGNJFWTPXL;ID=HSYUVHPKHTJ;NAME=Height;GROUP=XSecCurve;VALUE=1.69623 
 PARM;GEOM_ID=ZGNJFWTPXL;ID=TSJKNFCVWAO;NAME=R_0;GROUP=XSecCurve;VALUE=0 
 PARM;GEOM_ID=ZGNJFWTPXL;ID=IRIJFQQJJAL;NAME=R_1;GROUP=XSecCurve;VALUE=0 
 PARM;GEOM_ID=ZGNJFWTPXL;ID=WXDKTDSVBYX;NAME=R_10;GROUP=XSecCurve;VALUE=0 
 PARM;GEOM_ID=ZGNJFWTPXL;ID=ONBNCRWINTN;NAME=R_11;GROUP=XSecCurve;VALUE=0 
 PARM;GEOM_ID=ZGNJFWTPXL;ID=FUYXGTBUSJY;NAME=R_12;GROUP=XSecCurve;VALUE=0 
 PARM;GEOM_ID=ZGNJFWTPXL;ID=XDOAVATDHSE;NAME=R_2;GROUP=XSecCurve;VALUE=0 
 PARM;GEOM_ID=ZGNJFWTPXL;ID=HOHQCPLLYJP;NAME=R_3;GROUP=XSecCurve;VALUE=0 
 PARM;GEOM_ID=ZGNJFWTPXL;ID=VNHWYRCWBRG;NAME=R_4;GROUP=XSecCurve;VALUE=0 
 PARM;GEOM_ID=ZGNJFWTPXL;ID=LUAQJCWWXAP;NAME=R_5;GROUP=XSecCurve;VALUE=0 
 PARM;GEOM_ID=ZGNJFWTPXL;ID=MUXVYYDYBAP;NAME=R_6;GROUP=XSecCurve;VALUE=0 
 PARM;GEOM_ID=ZGNJFWTPXL;ID=VZPZNYZHYXZ;NAME=R_7;GROUP=XSecCurve;VALUE=0 
 PARM;GEOM_ID=ZGNJFWTPXL;ID=ZZZCTJYFPCJ;NAME=R_8;GROUP=XSecCurve;VALUE=0 
 PARM;GEOM_ID=ZGNJFWTPXL;ID=RMULJMZDDLU;NAME=R_9;GROUP=XSecCurve;VALUE=0 
 PARM;GEOM_ID=ZGNJFWTPXL;ID=EWWVXKHSQOI;NAME=Scale;GROUP=XSecCurve;VALUE=1 
 PARM;GEOM_ID=ZGNJFWTPXL;ID=BIVDIRMTAJS;NAME=ShapeType;GROUP=XSecCurve;VALUE=0 
 PARM;GEOM_ID=ZGNJFWTPXL;ID=ZWOEKZSIIJE;NAME=ShiftLE;GROUP=XSecCurve;VALUE=0 
 PARM;GEOM_ID=ZGNJFWTPXL;ID=ZDNZUITERDQ;NAME=SplitU;GROUP=XSecCurve;VALUE=0.5 
 PARM;GEOM_ID=ZGNJFWTPXL;ID=XXZAEBSRBKC;NAME=SymType;GROUP=XSecCurve;VALUE=1 
 PARM;GEOM_ID=ZGNJFWTPXL;ID=UHRBVKTMQFR;NAME=Theta;GROUP=XSecCurve;VALUE=0 
 PARM;GEOM_ID=ZGNJFWTPXL;ID=QURQKYTHBFU;NAME=U_0;GROUP=XSecCurve;VALUE=0 
 PARM;GEOM_ID=ZGNJFWTPXL;ID=MABYBNPQYFA;NAME=U_1;GROUP=XSecCurve;VALUE=0.0833333 
 PARM;GEOM_ID=ZGNJFWTPXL;ID=EESRXBCIPMY;NAME=U_10;GROUP=XSecCurve;VALUE=0.833333 
 PARM;GEOM_ID=ZGNJFWTPXL;ID=ZUCMDGLPSRZ;NAME=U_11;GROUP=XSecCurve;VALUE=0.916667 
 PARM;GEOM_ID=ZGNJFWTPXL;ID=YJGLYLJAAOG;NAME=U_12;GROUP=XSecCurve;VALUE=1 
 PARM;GEOM_ID=ZGNJFWTPXL;ID=UVRZSYKOSNZ;NAME=U_2;GROUP=XSecCurve;VALUE=0.166667 
 PARM;GEOM_ID=ZGNJFWTPXL;ID=IUEUZKVAKRB;NAME=U_3;GROUP=XSecCurve;VALUE=0.25 
 PARM;GEOM_ID=ZGNJFWTPXL;ID=BBMTEEPFTBS;NAME=U_4;GROUP=XSecCurve;VALUE=0.333333 
 PARM;GEOM_ID=ZGNJFWTPXL;ID=NEOPCYHSCBN;NAME=U_5;GROUP=XSecCurve;VALUE=0.416667 
 PARM;GEOM_ID=ZGNJFWTPXL;ID=XDIRQKSBMHI;NAME=U_6;GROUP=XSecCurve;VALUE=0.5 
 PARM;GEOM_ID=ZGNJFWTPXL;ID=DCGLPLMNVOW;NAME=U_7;GROUP=XSecCurve;VALUE=0.583333 
 PARM;GEOM_ID=ZGNJFWTPXL;ID=KRQAWHNCQXO;NAME=U_8;GROUP=XSecCurve;VALUE=0.666667 
 PARM;GEOM_ID=ZGNJFWTPXL;ID=WEZCLRAYERR;NAME=U_9;GROUP=XSecCurve;VALUE=0.75 
 PARM;GEOM_ID=ZGNJFWTPXL;ID=MFSZLYHHOPE;NAME=View;GROUP=XSecCurve;VALUE=4 
 PARM;GEOM_ID=ZGNJFWTPXL;ID=LWDJDMXDSGF;NAME=Width;GROUP=XSecCurve;VALUE=9.71504 
 PARM;GEOM_ID=ZGNJFWTPXL;ID=LWJHDMGCPAS;NAME=X_0;GROUP=XSecCurve;VALUE=0.154605 
 PARM;GEOM_ID=ZGNJFWTPXL;ID=ORKVPQEDWZC;NAME=X_1;GROUP=XSecCurve;VALUE=0.138158 
 PARM;GEOM_ID=ZGNJFWTPXL;ID=DSCMQVOZDIK;NAME=X_10;GROUP=XSecCurve;VALUE=0.141447 
 PARM;GEOM_ID=ZGNJFWTPXL;ID=VGJFFVQOGAU;NAME=X_11;GROUP=XSecCurve;VALUE=0.131579 
 PARM;GEOM_ID=ZGNJFWTPXL;ID=WXCPTVTALXO;NAME=X_12;GROUP=XSecCurve;VALUE=0.154605 
 PARM;GEOM_ID=ZGNJFWTPXL;ID=OZVRFPBDOKY;NAME=X_2;GROUP=XSecCurve;VALUE=0.1875 
 PARM;GEOM_ID=ZGNJFWTPXL;ID=RIHHOXZCGGT;NAME=X_3;GROUP=XSecCurve;VALUE=0 
 PARM;GEOM_ID=ZGNJFWTPXL;ID=WKPMWFSMUTR;NAME=X_4;GROUP=XSecCurve;VALUE=-0.1875 
 PARM;GEOM_ID=ZGNJFWTPXL;ID=PQVUUANROYH;NAME=X_5;GROUP=XSecCurve;VALUE=-0.138158 
 PARM;GEOM_ID=ZGNJFWTPXL;ID=BEKFRQMXAAF;NAME=X_6;GROUP=XSecCurve;VALUE=-0.154605 
 PARM;GEOM_ID=ZGNJFWTPXL;ID=WCALIHOXURT;NAME=X_7;GROUP=XSecCurve;VALUE=-0.131579 
 PARM;GEOM_ID=ZGNJFWTPXL;ID=KGQEYQZVKWJ;NAME=X_8;GROUP=XSecCurve;VALUE=-0.141447 
 PARM;GEOM_ID=ZGNJFWTPXL;ID=UUQSWXLOMHQ;NAME=X_9;GROUP=XSecCurve;VALUE=0 
 PARM;GEOM_ID=ZGNJFWTPXL;ID=PLWIEOALYKX;NAME=Y_0;GROUP=XSecCurve;VALUE=0.292767 
 PARM;GEOM_ID=ZGNJFWTPXL;ID=TLYIMYZQHWU;NAME=Y_1;GROUP=XSecCurve;VALUE=-0.143778 
 PARM;GEOM_ID=ZGNJFWTPXL;ID=FPZRANOBKWI;NAME=Y_10;GROUP=XSecCurve;VALUE=1.02469 
 PARM;GEOM_ID=ZGNJFWTPXL;ID=JCQZKSURLGA;NAME=Y_11;GROUP=XSecCurve;VALUE=0.546355 
 PARM;GEOM_ID=ZGNJFWTPXL;ID=CIPWKREJMJO;NAME=Y_12;GROUP=XSecCurve;VALUE=0.292767 
 PARM;GEOM_ID=ZGNJFWTPXL;ID=IHIMJOTHFRE;NAME=Y_2;GROUP=XSecCurve;VALUE=-0.316311 
 PARM;GEOM_ID=ZGNJFWTPXL;ID=DZFUSQXRPHH;NAME=Y_3;GROUP=XSecCurve;VALUE=-0.235576 
 PARM;GEOM_ID=ZGNJFWTPXL;ID=HCADNHDFIVY;NAME=Y_4;GROUP=XSecCurve;VALUE=-0.316311 
 PARM;GEOM_ID=ZGNJFWTPXL;ID=HQUYDRJGGTT;NAME=Y_5;GROUP=XSecCurve;VALUE=-0.143778 
 PARM;GEOM_ID=ZGNJFWTPXL;ID=HFJKDYVYXUT;NAME=Y_6;GROUP=XSecCurve;VALUE=0.292767 
 PARM;GEOM_ID=ZGNJFWTPXL;ID=VRYILDPVWSI;NAME=Y_7;GROUP=XSecCurve;VALUE=0.546355 
 PARM;GEOM_ID=ZGNJFWTPXL;ID=URKLMYCKDVA;NAME=Y_8;GROUP=XSecCurve;VALUE=1.02469 
 PARM;GEOM_ID=ZGNJFWTPXL;ID=NNEZVLRFLQK;NAME=Y_9;GROUP=XSecCurve;VALUE=1.14179 
 PARM;GEOM_ID=ZGNJFWTPXL;ID=ZZBOMNRLJAA;NAME=Z_0;GROUP=XSecCurve;VALUE=0 
 PARM;GEOM_ID=ZGNJFWTPXL;ID=BSUMYRMCZJG;NAME=Z_1;GROUP=XSecCurve;VALUE=0 
 PARM;GEOM_ID=ZGNJFWTPXL;ID=VLMFBCTEKLP;NAME=Z_10;GROUP=XSecCurve;VALUE=0 
 PARM;GEOM_ID=ZGNJFWTPXL;ID=BOHIJAAYEGJ;NAME=Z_11;GROUP=XSecCurve;VALUE=0 
 PARM;GEOM_ID=ZGNJFWTPXL;ID=DRGARWTAKRF;NAME=Z_12;GROUP=XSecCurve;VALUE=0 
 PARM;GEOM_ID=ZGNJFWTPXL;ID=QCRHZBSSPOZ;NAME=Z_2;GROUP=XSecCurve;VALUE=0 
 PARM;GEOM_ID=ZGNJFWTPXL;ID=ZNLKZIQFNVB;NAME=Z_3;GROUP=XSecCurve;VALUE=0 
 PARM;GEOM_ID=ZGNJFWTPXL;ID=KXEAHRQXHPM;NAME=Z_4;GROUP=XSecCurve;VALUE=0 
 PARM;GEOM_ID=ZGNJFWTPXL;ID=COJRJYXMYRA;NAME=Z_5;GROUP=XSecCurve;VALUE=0 
 PARM;GEOM_ID=ZGNJFWTPXL;ID=ZACLSJTTZZL;NAME=Z_6;GROUP=XSecCurve;VALUE=0 
 PARM;GEOM_ID=ZGNJFWTPXL;ID=TKAMPIQECCP;NAME=Z_7;GROUP=XSecCurve;VALUE=0 
 PARM;GEOM_ID=ZGNJFWTPXL;ID=QBJGTIDUOVC;NAME=Z_8;GROUP=XSecCurve;VALUE=0 
 PARM;GEOM_ID=ZGNJFWTPXL;ID=RFDGCIUEZTJ;NAME=Z_9;GROUP=XSecCurve;VALUE=0 
 PARM;GEOM_ID=ZGNJFWTPXL;ID=DHCHDAFLNLA;NAME=LE_Cap_Length;GROUP=Cap;VALUE=1 
 PARM;GEOM_ID=ZGNJFWTPXL;ID=JEZKTXUJVVQ;NAME=LE_Cap_Offset;GROUP=Cap;VALUE=0 
 PARM;GEOM_ID=ZGNJFWTPXL;ID=DBWESRCHHCR;NAME=LE_Cap_Strength;GROUP=Cap;VALUE=0.5 
 PARM;GEOM_ID=ZGNJFWTPXL;ID=VLOVZMZGZBU;NAME=LE_Cap_Type;GROUP=Cap;VALUE=1 
 PARM;GEOM_ID=ZGNJFWTPXL;ID=RSKHEQWBULF;NAME=TE_Cap_Length;GROUP=Cap;VALUE=1 
 PARM;GEOM_ID=ZGNJFWTPXL;ID=VEYVMAFSQET;NAME=TE_Cap_Offset;GROUP=Cap;VALUE=0 
 PARM;GEOM_ID=ZGNJFWTPXL;ID=JWWPVHJXYXN;NAME=TE_Cap_Strength;GROUP=Cap;VALUE=0.5 
 PARM;GEOM_ID=ZGNJFWTPXL;ID=YVFCQZZNFIL;NAME=TE_Cap_Type;GROUP=Cap;VALUE=1 
 PARM;GEOM_ID=ZGNJFWTPXL;ID=GTRFHIYWYPU;NAME=LE_Close_AbsRel;GROUP=Close;VALUE=0 
 PARM;GEOM_ID=ZGNJFWTPXL;ID=SXXTMZVCOAB;NAME=LE_Close_Thick;GROUP=Close;VALUE=0 
 PARM;GEOM_ID=ZGNJFWTPXL;ID=TSAVFNFIOGN;NAME=LE_Close_Thick_Chord;GROUP=Close;VALUE=0 
 PARM;GEOM_ID=ZGNJFWTPXL;ID=JPNSSRRWYKB;NAME=LE_Close_Type;GROUP=Close;VALUE=0 
 PARM;GEOM_ID=ZGNJFWTPXL;ID=WATRDFPGCRY;NAME=TE_Close_AbsRel;GROUP=Close;VALUE=0 
 PARM;GEOM_ID=ZGNJFWTPXL;ID=VYMVFVQEJPC;NAME=TE_Close_Thick;GROUP=Close;VALUE=0 
 PARM;GEOM_ID=ZGNJFWTPXL;ID=ZGMGBBBYYOJ;NAME=TE_Close_Thick_Chord;GROUP=Close;VALUE=0 
 PARM;GEOM_ID=ZGNJFWTPXL;ID=RMXPVJSDEGS;NAME=TE_Close_Type;GROUP=Close;VALUE=0 
 PARM;GEOM_ID=ZGNJFWTPXL;ID=IAGWGUYEWVC;NAME=LE_Trim_AbsRel;GROUP=Trim;VALUE=0 
 PARM;GEOM_ID=ZGNJFWTPXL;ID=DVUJYQYPMTC;NAME=LE_Trim_Thick;GROUP=Trim;VALUE=0 
 PARM;GEOM_ID=ZGNJFWTPXL;ID=VLHPXYYMSPI;NAME=LE_Trim_Thick_Chord;GROUP=Trim;VALUE=0 
 PARM;GEOM_ID=ZGNJFWTPXL;ID=YLFBZGRSVKA;NAME=LE_Trim_Type;GROUP=Trim;VALUE=0 
 PARM;GEOM_ID=ZGNJFWTPXL;ID=UZMEWEPPPEO;NAME=LE_Trim_X;GROUP=Trim;VALUE=0 
 PARM;GEOM_ID=ZGNJFWTPXL;ID=AXUUZHDZTIV;NAME=LE_Trim_X_Chord;GROUP=Trim;VALUE=0 
 PARM;GEOM_ID=ZGNJFWTPXL;ID=FMUDYIQPZSR;NAME=TE_Trim_AbsRel;GROUP=Trim;VALUE=0 
 PARM;GEOM_ID=ZGNJFWTPXL;ID=MYMMRYBHWAG;NAME=TE_Trim_Thick;GROUP=Trim;VALUE=0 
 PARM;GEOM_ID=ZGNJFWTPXL;ID=QYFJAOKJCSS;NAME=TE_Trim_Thick_Chord;GROUP=Trim;VALUE=0 
 PARM;GEOM_ID=ZGNJFWTPXL;ID=BSGLZSMIVHA;NAME=TE_Trim_Type;GROUP=Trim;VALUE=0 
 PARM;GEOM_ID=ZGNJFWTPXL;ID=NRJEENQARQL;NAME=TE_Trim_X;GROUP=Trim;VALUE=0 
 PARM;GEOM_ID=ZGNJFWTPXL;ID=KOQYTNJHAVV;NAME=TE_Trim_X_Chord;GROUP=Trim;VALUE=0 
 PARM;GEOM_ID=ZGNJFWTPXL;ID=SBYVWQGJVYO;NAME=TE_Flap_DT;GROUP=Flap;VALUE=0 
 PARM;GEOM_ID=ZGNJFWTPXL;ID=YLZGVFBPTAO;NAME=TE_Flap_Deflection;GROUP=Flap;VALUE=0 
 PARM;GEOM_ID=ZGNJFWTPXL;ID=QEVXNGSISRX;NAME=TE_Flap_Flag;GROUP=Flap;VALUE=0 
 PARM;GEOM_ID=ZGNJFWTPXL;ID=JPTNQHFPQRJ;NAME=TE_Flap_T;GROUP=Flap;VALUE=0.2 
 PARM;GEOM_ID=ZGNJFWTPXL;ID=HZOISFCEXBF;NAME=TE_Flap_Type;GROUP=Flap;VALUE=0 
 PARM;GEOM_ID=ZGNJFWTPXL;ID=VTHFXHILRZT;NAME=TE_Flap_X;GROUP=Flap;VALUE=0 
 PARM;GEOM_ID=ZGNJFWTPXL;ID=RARKHFBQEAE;NAME=TE_Flap_X_Chord;GROUP=Flap;VALUE=0.2 
 PARM;GEOM_ID=ZGNJFWTPXL;ID=ZQFOOCUUDWX;NAME=TE_Flap_Y_Frc;GROUP=Flap;VALUE=0.5 
 PARM;GEOM_ID=ZGNJFWTPXL;ID=WYSBXEJEBQK;NAME=TE_Trim_AbsRel;GROUP=Flap;VALUE=1 
 PARM;GEOM_ID=ZGNJFWTPXL;ID=WBQEKELIHAD;NAME=XSecFlipImageFlag;GROUP=XSecCurve_Background;VALUE=0 
 PARM;GEOM_ID=ZGNJFWTPXL;ID=QUICUKYICGR;NAME=XSecImageFlag;GROUP=XSecCurve_Background;VALUE=1 
 PARM;GEOM_ID=ZGNJFWTPXL;ID=LFMWDEWEQXZ;NAME=XSecImageH;GROUP=XSecCurve_Background;VALUE=4.39735 
 PARM;GEOM_ID=ZGNJFWTPXL;ID=SOYUNYHJARY;NAME=XSecImagePreserveAR;GROUP=XSecCurve_Background;VALUE=1 
 PARM;GEOM_ID=ZGNJFWTPXL;ID=RHZRMYNNODT;NAME=XSecImageW;GROUP=XSecCurve_Background;VALUE=4.39735 
 PARM;GEOM_ID=ZGNJFWTPXL;ID=TJSHMOBDEJX;NAME=XSecImageXOffset;GROUP=XSecCurve_Background;VALUE=0.180258 
 PARM;GEOM_ID=ZGNJFWTPXL;ID=BHUGNMHAMLI;NAME=XSecImageYOffset;GROUP=XSecCurve_Background;VALUE=0.559189 
 PARM;GEOM_ID=ZGNJFWTPXL;ID=MUAEJYTOHEU;NAME=XSecLineThickness;GROUP=XSecCurve_Background;VALUE=1.5 
 PARM;GEOM_ID=ZGNJFWTPXL;ID=BOWGBXPNMYA;NAME=XSecLockImageFlag;GROUP=XSecCurve_Background;VALUE=0 
 PARM;GEOM_ID=ZGNJFWTPXL;ID=VKNINBPTNKJ;NAME=XSecPointColorFlag;GROUP=XSecCurve_Background;VALUE=0 
 PARM;GEOM_ID=ZGNJFWTPXL;ID=KWLUCXSPNBM;NAME=XSecPointColorWheel;GROUP=XSecCurve_Background;VALUE=-1 
 PARM;GEOM_ID=ZGNJFWTPXL;ID=DIWFPYUGHNO;NAME=XSecPointSize;GROUP=XSecCurve_Background;VALUE=8 
 PARM;GEOM_ID=ZGNJFWTPXL;ID=AVFUFAUDYFO;NAME=AllSym;GROUP=Chevron;VALUE=1 
 PARM;GEOM_ID=ZGNJFWTPXL;ID=JVICXKPKVUN;NAME=BottomAmplitude;GROUP=Chevron;VALUE=1 
 PARM;GEOM_ID=ZGNJFWTPXL;ID=LCEOEAAIDCE;NAME=Bottom_Angle;GROUP=Chevron;VALUE=0 
 PARM;GEOM_ID=ZGNJFWTPXL;ID=FSQZVJXYZPF;NAME=Bottom_Slew;GROUP=Chevron;VALUE=0 
 PARM;GEOM_ID=ZGNJFWTPXL;ID=EREGXMRCNLC;NAME=Chevron_Type;GROUP=Chevron;VALUE=0 
 PARM;GEOM_ID=ZGNJFWTPXL;ID=SBRPBLHTIZX;NAME=LeftAmplitude;GROUP=Chevron;VALUE=1 
 PARM;GEOM_ID=ZGNJFWTPXL;ID=SVAVYYABARQ;NAME=Left_Angle;GROUP=Chevron;VALUE=0 
 PARM;GEOM_ID=ZGNJFWTPXL;ID=VUFDWQCEHDD;NAME=Left_Slew;GROUP=Chevron;VALUE=0 
 PARM;GEOM_ID=ZGNJFWTPXL;ID=EEEQDVXMXHD;NAME=Number;GROUP=Chevron;VALUE=8 
 PARM;GEOM_ID=ZGNJFWTPXL;ID=UNOYLWDXTZV;NAME=Off_Duty;GROUP=Chevron;VALUE=0 
 PARM;GEOM_ID=ZGNJFWTPXL;ID=SWDDVCLEBYB;NAME=On_Duty;GROUP=Chevron;VALUE=0 
 PARM;GEOM_ID=ZGNJFWTPXL;ID=ALRWUGEVZAQ;NAME=Peak_Radius;GROUP=Chevron;VALUE=0 
 PARM;GEOM_ID=ZGNJFWTPXL;ID=IPJFSFOEIFA;NAME=RLSym;GROUP=Chevron;VALUE=1 
 PARM;GEOM_ID=ZGNJFWTPXL;ID=ZKIRKRAZNBD;NAME=RightAmplitude;GROUP=Chevron;VALUE=1 
 PARM;GEOM_ID=ZGNJFWTPXL;ID=CAYKFEIBKIH;NAME=Right_Angle;GROUP=Chevron;VALUE=0 
 PARM;GEOM_ID=ZGNJFWTPXL;ID=IBRIDUSDWPN;NAME=Right_Slew;GROUP=Chevron;VALUE=0 
 PARM;GEOM_ID=ZGNJFWTPXL;ID=FFLJCHZUKTJ;NAME=TBSym;GROUP=Chevron;VALUE=1 
 PARM;GEOM_ID=ZGNJFWTPXL;ID=ODWJPOLPDOU;NAME=TopAmplitude;GROUP=Chevron;VALUE=1 
 PARM;GEOM_ID=ZGNJFWTPXL;ID=YYSYQMEHAAZ;NAME=Top_Angle;GROUP=Chevron;VALUE=0 
 PARM;GEOM_ID=ZGNJFWTPXL;ID=LAQBUVJXJUW;NAME=Top_Slew;GROUP=Chevron;VALUE=0 
 PARM;GEOM_ID=ZGNJFWTPXL;ID=XARPZDLQMFY;NAME=Valley_Radius;GROUP=Chevron;VALUE=0 
 PARM;GEOM_ID=ZGNJFWTPXL;ID=UAGKKZQQTOK;NAME=W01_Center;GROUP=Chevron;VALUE=0.25 
 PARM;GEOM_ID=ZGNJFWTPXL;ID=IPUDUDSUGXP;NAME=W01_Center_Guide;GROUP=Chevron;VALUE=5 
 PARM;GEOM_ID=ZGNJFWTPXL;ID=EESQMLQMELZ;NAME=W01_End;GROUP=Chevron;VALUE=0.5 
 PARM;GEOM_ID=ZGNJFWTPXL;ID=EZOXBGQNGXB;NAME=W01_End_Guide;GROUP=Chevron;VALUE=5 
 PARM;GEOM_ID=ZGNJFWTPXL;ID=SECQHQKMOUS;NAME=W01_Mode;GROUP=Chevron;VALUE=0 
 PARM;GEOM_ID=ZGNJFWTPXL;ID=RSHSVVFPVPO;NAME=W01_Start;GROUP=Chevron;VALUE=0 
 PARM;GEOM_ID=ZGNJFWTPXL;ID=ZPYPYZPRJIM;NAME=W01_Start_Guide;GROUP=Chevron;VALUE=5 
 PARM;GEOM_ID=ZGNJFWTPXL;ID=SLHGKLPBCWB;NAME=W01_Width;GROUP=Chevron;VALUE=0.5 
 PARM;GEOM_ID=ZGNJFWTPXL;ID=MULISKDRUHL;NAME=AftCluster;GROUP=XSec;VALUE=1 
 PARM;GEOM_ID=ZGNJFWTPXL;ID=RSCTSLQIREL;NAME=AllSym;GROUP=XSec;VALUE=0 
 PARM;GEOM_ID=ZGNJFWTPXL;ID=SHTDQHXJWMC;NAME=BottomLAngle;GROUP=XSec;VALUE=-7.10526 
 PARM;GEOM_ID=ZGNJFWTPXL;ID=ICHWGGCDKEX;NAME=BottomLAngleSet;GROUP=XSec;VALUE=1 
 PARM;GEOM_ID=ZGNJFWTPXL;ID=BKYUOOCZHRO;NAME=BottomLCurve;GROUP=XSec;VALUE=-0.758776 
 PARM;GEOM_ID=ZGNJFWTPXL;ID=RQGCETNIDXS;NAME=BottomLCurveSet;GROUP=XSec;VALUE=0 
 PARM;GEOM_ID=ZGNJFWTPXL;ID=ZJFZMJDEXYM;NAME=BottomLRAngleEq;GROUP=XSec;VALUE=1 
 PARM;GEOM_ID=ZGNJFWTPXL;ID=MPWETERALCB;NAME=BottomLRCurveEq;GROUP=XSec;VALUE=0 
 PARM;GEOM_ID=ZGNJFWTPXL;ID=CSMFPHWZGKR;NAME=BottomLRSlewEq;GROUP=XSec;VALUE=0 
 PARM;GEOM_ID=ZGNJFWTPXL;ID=XHCJKUSLOCS;NAME=BottomLRStrengthEq;GROUP=XSec;VALUE=0 
 PARM;GEOM_ID=ZGNJFWTPXL;ID=ZJYUPHYGXCE;NAME=BottomLSlew;GROUP=XSec;VALUE=0 
 PARM;GEOM_ID=ZGNJFWTPXL;ID=LCGHXXLMBPW;NAME=BottomLSlewSet;GROUP=XSec;VALUE=1 
 PARM;GEOM_ID=ZGNJFWTPXL;ID=TDFGDECQNDR;NAME=BottomLStrength;GROUP=XSec;VALUE=1 
 PARM;GEOM_ID=ZGNJFWTPXL;ID=QPLBDVJGWKJ;NAME=BottomLStrengthSet;GROUP=XSec;VALUE=1 
 PARM;GEOM_ID=ZGNJFWTPXL;ID=JYMIKBRRSMA;NAME=BottomRAngle;GROUP=XSec;VALUE=-7.10526 
 PARM;GEOM_ID=ZGNJFWTPXL;ID=GNSRIYCIKNO;NAME=BottomRAngleSet;GROUP=XSec;VALUE=1 
 PARM;GEOM_ID=ZGNJFWTPXL;ID=GLFFYXBEKDD;NAME=BottomRCurve;GROUP=XSec;VALUE=-0.758776 
 PARM;GEOM_ID=ZGNJFWTPXL;ID=MNNGUIJVAAJ;NAME=BottomRCurveSet;GROUP=XSec;VALUE=0 
 PARM;GEOM_ID=ZGNJFWTPXL;ID=APCRQALPUJF;NAME=BottomRSlew;GROUP=XSec;VALUE=0 
 PARM;GEOM_ID=ZGNJFWTPXL;ID=ULMFCYBLJFW;NAME=BottomRSlewSet;GROUP=XSec;VALUE=1 
 PARM;GEOM_ID=ZGNJFWTPXL;ID=TQWRBXHFQSQ;NAME=BottomRStrength;GROUP=XSec;VALUE=1 
 PARM;GEOM_ID=ZGNJFWTPXL;ID=NBCJGZKWPOX;NAME=BottomRStrengthSet;GROUP=XSec;VALUE=1 
 PARM;GEOM_ID=ZGNJFWTPXL;ID=FWWHMUAGLZJ;NAME=ContinuityBottom;GROUP=XSec;VALUE=0 
 PARM;GEOM_ID=ZGNJFWTPXL;ID=SHIJOSOHZIT;NAME=ContinuityLeft;GROUP=XSec;VALUE=0 
 PARM;GEOM_ID=ZGNJFWTPXL;ID=WHVQBXYZGXQ;NAME=ContinuityRight;GROUP=XSec;VALUE=0 
 PARM;GEOM_ID=ZGNJFWTPXL;ID=UIDWJTQCMIO;NAME=ContinuityTop;GROUP=XSec;VALUE=0 
 PARM;GEOM_ID=ZGNJFWTPXL;ID=YCZTEFLAZYA;NAME=FwdCluster;GROUP=XSec;VALUE=1 
 PARM;GEOM_ID=ZGNJFWTPXL;ID=BIUIGBNGTMJ;NAME=LeftLAngle;GROUP=XSec;VALUE=-28.4211 
 PARM;GEOM_ID=ZGNJFWTPXL;ID=QYVCDQVAWDF;NAME=LeftLAngleSet;GROUP=XSec;VALUE=1 
 PARM;GEOM_ID=ZGNJFWTPXL;ID=PKPCTXGVPSK;NAME=LeftLCurve;GROUP=XSec;VALUE=-0.942024 
 PARM;GEOM_ID=ZGNJFWTPXL;ID=UFVSXQNTXSB;NAME=LeftLCurveSet;GROUP=XSec;VALUE=0 
 PARM;GEOM_ID=ZGNJFWTPXL;ID=UIKZBFNXPDL;NAME=LeftLRAngleEq;GROUP=XSec;VALUE=1 
 PARM;GEOM_ID=ZGNJFWTPXL;ID=IGOURVMOGZU;NAME=LeftLRCurveEq;GROUP=XSec;VALUE=0 
 PARM;GEOM_ID=ZGNJFWTPXL;ID=MHSUYVQGJEW;NAME=LeftLRSlewEq;GROUP=XSec;VALUE=0 
 PARM;GEOM_ID=ZGNJFWTPXL;ID=PDXVVETWMJW;NAME=LeftLRStrengthEq;GROUP=XSec;VALUE=0 
 PARM;GEOM_ID=ZGNJFWTPXL;ID=LZMJLSSSFWO;NAME=LeftLSlew;GROUP=XSec;VALUE=0 
 PARM;GEOM_ID=ZGNJFWTPXL;ID=QLBAHJPZKOC;NAME=LeftLSlewSet;GROUP=XSec;VALUE=1 
 PARM;GEOM_ID=ZGNJFWTPXL;ID=KKTNSHTXXEQ;NAME=LeftLStrength;GROUP=XSec;VALUE=1 
 PARM;GEOM_ID=ZGNJFWTPXL;ID=WFZDVZEBBUC;NAME=LeftLStrengthSet;GROUP=XSec;VALUE=1 
 PARM;GEOM_ID=ZGNJFWTPXL;ID=FTBIMYHZATN;NAME=LeftRAngle;GROUP=XSec;VALUE=-28.4211 
 PARM;GEOM_ID=ZGNJFWTPXL;ID=EWMYMHCOZTU;NAME=LeftRAngleSet;GROUP=XSec;VALUE=1 
 PARM;GEOM_ID=ZGNJFWTPXL;ID=JWJACCCGNDY;NAME=LeftRCurve;GROUP=XSec;VALUE=-0.942024 
 PARM;GEOM_ID=ZGNJFWTPXL;ID=AMTWXEXATTW;NAME=LeftRCurveSet;GROUP=XSec;VALUE=0 
 PARM;GEOM_ID=ZGNJFWTPXL;ID=ISMVVPOASCH;NAME=LeftRSlew;GROUP=XSec;VALUE=0 
 PARM;GEOM_ID=ZGNJFWTPXL;ID=MXBCYKSWYIE;NAME=LeftRSlewSet;GROUP=XSec;VALUE=1 
 PARM;GEOM_ID=ZGNJFWTPXL;ID=DYOWLSIBKPP;NAME=LeftRStrength;GROUP=XSec;VALUE=1 
 PARM;GEOM_ID=ZGNJFWTPXL;ID=VSGWEWTYQSP;NAME=LeftRStrengthSet;GROUP=XSec;VALUE=1 
 PARM;GEOM_ID=ZGNJFWTPXL;ID=DNQRWXANJBK;NAME=RLSym;GROUP=XSec;VALUE=1 
 PARM;GEOM_ID=ZGNJFWTPXL;ID=HYNGHBZIJIE;NAME=RefLength;GROUP=XSec;VALUE=46.6596 
 PARM;GEOM_ID=ZGNJFWTPXL;ID=XGAYATGLDQG;NAME=RightLAngle;GROUP=XSec;VALUE=-28.4211 
 PARM;GEOM_ID=ZGNJFWTPXL;ID=DPGZEFVZGDF;NAME=RightLAngleSet;GROUP=XSec;VALUE=1 
 PARM;GEOM_ID=ZGNJFWTPXL;ID=CQDGDOUELHW;NAME=RightLCurve;GROUP=XSec;VALUE=-0.942024 
 PARM;GEOM_ID=ZGNJFWTPXL;ID=UQEKRPVJNTD;NAME=RightLCurveSet;GROUP=XSec;VALUE=0 
 PARM;GEOM_ID=ZGNJFWTPXL;ID=TOUOVVGMQHL;NAME=RightLRAngleEq;GROUP=XSec;VALUE=1 
 PARM;GEOM_ID=ZGNJFWTPXL;ID=WHTIINOJYAO;NAME=RightLRCurveEq;GROUP=XSec;VALUE=0 
 PARM;GEOM_ID=ZGNJFWTPXL;ID=QVKYIJUIIFS;NAME=RightLRSlewEq;GROUP=XSec;VALUE=0 
 PARM;GEOM_ID=ZGNJFWTPXL;ID=KJAKJXBQGEJ;NAME=RightLRStrengthEq;GROUP=XSec;VALUE=0 
 PARM;GEOM_ID=ZGNJFWTPXL;ID=LGTHWDEKSES;NAME=RightLSlew;GROUP=XSec;VALUE=0 
 PARM;GEOM_ID=ZGNJFWTPXL;ID=UPFOYSGTWVD;NAME=RightLSlewSet;GROUP=XSec;VALUE=1 
 PARM;GEOM_ID=ZGNJFWTPXL;ID=IZJMVCWZISK;NAME=RightLStrength;GROUP=XSec;VALUE=1 
 PARM;GEOM_ID=ZGNJFWTPXL;ID=OVJUQCEYIIA;NAME=RightLStrengthSet;GROUP=XSec;VALUE=1 
 PARM;GEOM_ID=ZGNJFWTPXL;ID=ZTLZBFMTSRM;NAME=RightRAngle;GROUP=XSec;VALUE=-28.4211 
 PARM;GEOM_ID=ZGNJFWTPXL;ID=IHRYNBKMFWP;NAME=RightRAngleSet;GROUP=XSec;VALUE=1 
 PARM;GEOM_ID=ZGNJFWTPXL;ID=KVFHVJKJUFB;NAME=RightRCurve;GROUP=XSec;VALUE=-0.942024 
 PARM;GEOM_ID=ZGNJFWTPXL;ID=CJNQONDMZAN;NAME=RightRCurveSet;GROUP=XSec;VALUE=0 
 PARM;GEOM_ID=ZGNJFWTPXL;ID=FHDMNGQPSIQ;NAME=RightRSlew;GROUP=XSec;VALUE=0 
 PARM;GEOM_ID=ZGNJFWTPXL;ID=IVLCOUAUWVG;NAME=RightRSlewSet;GROUP=XSec;VALUE=1 
 PARM;GEOM_ID=ZGNJFWTPXL;ID=XHIIQBAPTTC;NAME=RightRStrength;GROUP=XSec;VALUE=1 
 PARM;GEOM_ID=ZGNJFWTPXL;ID=ZTRUFGKDSFU;NAME=RightRStrengthSet;GROUP=XSec;VALUE=1 
 PARM;GEOM_ID=ZGNJFWTPXL;ID=LURUSCHJYPI;NAME=SectTess_U;GROUP=XSec;VALUE=10 
 PARM;GEOM_ID=ZGNJFWTPXL;ID=OFWIXBIZEKQ;NAME=Spin;GROUP=XSec;VALUE=0 
 PARM;GEOM_ID=ZGNJFWTPXL;ID=HPQQJLJYAYJ;NAME=TBSym;GROUP=XSec;VALUE=0 
 PARM;GEOM_ID=ZGNJFWTPXL;ID=IVURLYMYHUO;NAME=TopLAngle;GROUP=XSec;VALUE=-33.1579 
 PARM;GEOM_ID=ZGNJFWTPXL;ID=BUJQMENVHNY;NAME=TopLAngleSet;GROUP=XSec;VALUE=1 
 PARM;GEOM_ID=ZGNJFWTPXL;ID=THXICDQEAOS;NAME=TopLCurve;GROUP=XSec;VALUE=-0.91163 
 PARM;GEOM_ID=ZGNJFWTPXL;ID=DUOJOISEMPI;NAME=TopLCurveSet;GROUP=XSec;VALUE=0 
 PARM;GEOM_ID=ZGNJFWTPXL;ID=WSSAROFGJDK;NAME=TopLRAngleEq;GROUP=XSec;VALUE=1 
 PARM;GEOM_ID=ZGNJFWTPXL;ID=WNKHMQQUOYL;NAME=TopLRCurveEq;GROUP=XSec;VALUE=0 
 PARM;GEOM_ID=ZGNJFWTPXL;ID=FHIXFKMWYDY;NAME=TopLRSlewEq;GROUP=XSec;VALUE=0 
 PARM;GEOM_ID=ZGNJFWTPXL;ID=KTKNPXWUBNY;NAME=TopLRStrengthEq;GROUP=XSec;VALUE=0 
 PARM;GEOM_ID=ZGNJFWTPXL;ID=FIETTMLVTGC;NAME=TopLSlew;GROUP=XSec;VALUE=0 
 PARM;GEOM_ID=ZGNJFWTPXL;ID=CYWWTRHZCNG;NAME=TopLSlewSet;GROUP=XSec;VALUE=1 
 PARM;GEOM_ID=ZGNJFWTPXL;ID=OHOYVMEBFNT;NAME=TopLStrength;GROUP=XSec;VALUE=1 
 PARM;GEOM_ID=ZGNJFWTPXL;ID=NUQJFQIGJJG;NAME=TopLStrengthSet;GROUP=XSec;VALUE=1 
 PARM;GEOM_ID=ZGNJFWTPXL;ID=ZMXEAPTFBZW;NAME=TopRAngle;GROUP=XSec;VALUE=-33.1579 
 PARM;GEOM_ID=ZGNJFWTPXL;ID=XPIGDRNJGYI;NAME=TopRAngleSet;GROUP=XSec;VALUE=1 
 PARM;GEOM_ID=ZGNJFWTPXL;ID=CNGWJKVOILA;NAME=TopRCurve;GROUP=XSec;VALUE=-0.91163 
 PARM;GEOM_ID=ZGNJFWTPXL;ID=AMSLWAVNKSP;NAME=TopRCurveSet;GROUP=XSec;VALUE=0 
 PARM;GEOM_ID=ZGNJFWTPXL;ID=FMVHHFRSULT;NAME=TopRSlew;GROUP=XSec;VALUE=0 
 PARM;GEOM_ID=ZGNJFWTPXL;ID=HDYOOKYHOLM;NAME=TopRSlewSet;GROUP=XSec;VALUE=1 
 PARM;GEOM_ID=ZGNJFWTPXL;ID=LNATCRFAMEX;NAME=TopRStrength;GROUP=XSec;VALUE=1 
 PARM;GEOM_ID=ZGNJFWTPXL;ID=YBUJXQGBMDD;NAME=TopRStrengthSet;GROUP=XSec;VALUE=1 
 PARM;GEOM_ID=ZGNJFWTPXL;ID=JRPLCIUUOFC;NAME=XLocPercent;GROUP=XSec;VALUE=1 
 PARM;GEOM_ID=ZGNJFWTPXL;ID=UQULKYPKSXY;NAME=XRotate;GROUP=XSec;VALUE=0 
 PARM;GEOM_ID=ZGNJFWTPXL;ID=ILVUVDQHOBC;NAME=YLocPercent;GROUP=XSec;VALUE=0 
 PARM;GEOM_ID=ZGNJFWTPXL;ID=NRWDCKUHNDM;NAME=YRotate;GROUP=XSec;VALUE=0 
 PARM;GEOM_ID=ZGNJFWTPXL;ID=WOUQCLXQVXO;NAME=ZLocPercent;GROUP=XSec;VALUE=-0.0143443 
 PARM;GEOM_ID=ZGNJFWTPXL;ID=KRAPXOMDMXQ;NAME=ZRotate;GROUP=XSec;VALUE=0 
 PARM;GEOM_ID=ZGNJFWTPXL;ID=JHVCEVTKOTB;NAME=Area;GROUP=XSecCurve;VALUE=0 
 PARM;GEOM_ID=ZGNJFWTPXL;ID=MENNWKXBKGU;NAME=DeltaX;GROUP=XSecCurve;VALUE=0 
 PARM;GEOM_ID=ZGNJFWTPXL;ID=IHBZJFXZVFI;NAME=DeltaY;GROUP=XSecCurve;VALUE=0 
 PARM;GEOM_ID=ZGNJFWTPXL;ID=FGWBHIWCCIL;NAME=HWRatio;GROUP=XSecCurve;VALUE=1 
 PARM;GEOM_ID=ZGNJFWTPXL;ID=DTJOUFWPLFU;NAME=Scale;GROUP=XSecCurve;VALUE=1 
 PARM;GEOM_ID=ZGNJFWTPXL;ID=ROMFYYXSFGA;NAME=ShiftLE;GROUP=XSecCurve;VALUE=0 
 PARM;GEOM_ID=ZGNJFWTPXL;ID=RABNHMIWWQA;NAME=Theta;GROUP=XSecCurve;VALUE=0 
 PARM;GEOM_ID=ZGNJFWTPXL;ID=WIYZGSGZBLT;NAME=LE_Cap_Length;GROUP=Cap;VALUE=1 
 PARM;GEOM_ID=ZGNJFWTPXL;ID=SAQGQGPXYDU;NAME=LE_Cap_Offset;GROUP=Cap;VALUE=0 
 PARM;GEOM_ID=ZGNJFWTPXL;ID=USOECHEBWAR;NAME=LE_Cap_Strength;GROUP=Cap;VALUE=0.5 
 PARM;GEOM_ID=ZGNJFWTPXL;ID=JAJXVNKVZIG;NAME=LE_Cap_Type;GROUP=Cap;VALUE=1 
 PARM;GEOM_ID=ZGNJFWTPXL;ID=GMVCUPFLRNO;NAME=TE_Cap_Length;GROUP=Cap;VALUE=1 
 PARM;GEOM_ID=ZGNJFWTPXL;ID=AMMZVIQSXYK;NAME=TE_Cap_Offset;GROUP=Cap;VALUE=0 
 PARM;GEOM_ID=ZGNJFWTPXL;ID=RNTCZKVKSXO;NAME=TE_Cap_Strength;GROUP=Cap;VALUE=0.5 
 PARM;GEOM_ID=ZGNJFWTPXL;ID=PQHROZSDMTJ;NAME=TE_Cap_Type;GROUP=Cap;VALUE=1 
 PARM;GEOM_ID=ZGNJFWTPXL;ID=ABGISYZEIMG;NAME=LE_Close_AbsRel;GROUP=Close;VALUE=0 
 PARM;GEOM_ID=ZGNJFWTPXL;ID=NETSEJSVOFY;NAME=LE_Close_Thick;GROUP=Close;VALUE=0 
 PARM;GEOM_ID=ZGNJFWTPXL;ID=RVNNFTCOMGX;NAME=LE_Close_Thick_Chord;GROUP=Close;VALUE=0 
 PARM;GEOM_ID=ZGNJFWTPXL;ID=VKFSIQNISUQ;NAME=LE_Close_Type;GROUP=Close;VALUE=0 
 PARM;GEOM_ID=ZGNJFWTPXL;ID=XLAOPOJDPYB;NAME=TE_Close_AbsRel;GROUP=Close;VALUE=0 
 PARM;GEOM_ID=ZGNJFWTPXL;ID=UGTKZDDZIFK;NAME=TE_Close_Thick;GROUP=Close;VALUE=0 
 PARM;GEOM_ID=ZGNJFWTPXL;ID=JWRSOVLQWVD;NAME=TE_Close_Thick_Chord;GROUP=Close;VALUE=0 
 PARM;GEOM_ID=ZGNJFWTPXL;ID=FHMHXNKGQIW;NAME=TE_Close_Type;GROUP=Close;VALUE=0 
 PARM;GEOM_ID=ZGNJFWTPXL;ID=NIUNXJUMCZB;NAME=LE_Trim_AbsRel;GROUP=Trim;VALUE=0 
 PARM;GEOM_ID=ZGNJFWTPXL;ID=UCTKWSDAUTX;NAME=LE_Trim_Thick;GROUP=Trim;VALUE=0 
 PARM;GEOM_ID=ZGNJFWTPXL;ID=WCTFMJZPMWY;NAME=LE_Trim_Thick_Chord;GROUP=Trim;VALUE=0 
 PARM;GEOM_ID=ZGNJFWTPXL;ID=CVJYBMSEVNM;NAME=LE_Trim_Type;GROUP=Trim;VALUE=0 
 PARM;GEOM_ID=ZGNJFWTPXL;ID=KRFHZMKUXNY;NAME=LE_Trim_X;GROUP=Trim;VALUE=0 
 PARM;GEOM_ID=ZGNJFWTPXL;ID=FOOIWRGZXAF;NAME=LE_Trim_X_Chord;GROUP=Trim;VALUE=0 
 PARM;GEOM_ID=ZGNJFWTPXL;ID=ODHLBNRHIHJ;NAME=TE_Trim_AbsRel;GROUP=Trim;VALUE=0 
 PARM;GEOM_ID=ZGNJFWTPXL;ID=QGTRJGLLXZM;NAME=TE_Trim_Thick;GROUP=Trim;VALUE=0 
 PARM;GEOM_ID=ZGNJFWTPXL;ID=KWOJGSIJESE;NAME=TE_Trim_Thick_Chord;GROUP=Trim;VALUE=0 
 PARM;GEOM_ID=ZGNJFWTPXL;ID=TRWSWPQXHWV;NAME=TE_Trim_Type;GROUP=Trim;VALUE=0 
 PARM;GEOM_ID=ZGNJFWTPXL;ID=ZWIZMJMRYIH;NAME=TE_Trim_X;GROUP=Trim;VALUE=0 
 PARM;GEOM_ID=ZGNJFWTPXL;ID=SAZTRUSNDQN;NAME=TE_Trim_X_Chord;GROUP=Trim;VALUE=0 
 PARM;GEOM_ID=ZGNJFWTPXL;ID=STQQUYFXNVT;NAME=TE_Flap_DT;GROUP=Flap;VALUE=0 
 PARM;GEOM_ID=ZGNJFWTPXL;ID=GKUHDDHZCWL;NAME=TE_Flap_Deflection;GROUP=Flap;VALUE=0 
 PARM;GEOM_ID=ZGNJFWTPXL;ID=IASBUPCLMMF;NAME=TE_Flap_Flag;GROUP=Flap;VALUE=0 
 PARM;GEOM_ID=ZGNJFWTPXL;ID=QLSAITONFMV;NAME=TE_Flap_T;GROUP=Flap;VALUE=0.2 
 PARM;GEOM_ID=ZGNJFWTPXL;ID=VDIGTDSHBED;NAME=TE_Flap_Type;GROUP=Flap;VALUE=0 
 PARM;GEOM_ID=ZGNJFWTPXL;ID=ADKTGEVUZRS;NAME=TE_Flap_X;GROUP=Flap;VALUE=0 
 PARM;GEOM_ID=ZGNJFWTPXL;ID=EGCXOFHBYSV;NAME=TE_Flap_X_Chord;GROUP=Flap;VALUE=0.2 
 PARM;GEOM_ID=ZGNJFWTPXL;ID=RZAWHLORDQB;NAME=TE_Flap_Y_Frc;GROUP=Flap;VALUE=0.5 
 PARM;GEOM_ID=ZGNJFWTPXL;ID=FMTJDRKKMUC;NAME=TE_Trim_AbsRel;GROUP=Flap;VALUE=1 
 PARM;GEOM_ID=ZGNJFWTPXL;ID=HUYFRMNLBIH;NAME=XSecFlipImageFlag;GROUP=XSecCurve_Background;VALUE=0 
 PARM;GEOM_ID=ZGNJFWTPXL;ID=EMICTTRGISS;NAME=XSecImageFlag;GROUP=XSecCurve_Background;VALUE=1 
 PARM;GEOM_ID=ZGNJFWTPXL;ID=YMOVNZKPYUQ;NAME=XSecImageH;GROUP=XSecCurve_Background;VALUE=4.39735 
 PARM;GEOM_ID=ZGNJFWTPXL;ID=XVPJZXJCTAH;NAME=XSecImagePreserveAR;GROUP=XSecCurve_Background;VALUE=1 
 PARM;GEOM_ID=ZGNJFWTPXL;ID=OGKDBCENGLL;NAME=XSecImageW;GROUP=XSecCurve_Background;VALUE=4.39735 
 PARM;GEOM_ID=ZGNJFWTPXL;ID=KRHOLLFMAIP;NAME=XSecImageXOffset;GROUP=XSecCurve_Background;VALUE=0.165341 
 PARM;GEOM_ID=ZGNJFWTPXL;ID=RRLHLHQKPLQ;NAME=XSecImageYOffset;GROUP=XSecCurve_Background;VALUE=1.47907 
 PARM;GEOM_ID=ZGNJFWTPXL;ID=XCEXITLQNLJ;NAME=XSecLockImageFlag;GROUP=XSecCurve_Background;VALUE=0 
 PARM;GEOM_ID=ZGNJFWTPXL;ID=FKVAUIEIKXJ;NAME=AllSym;GROUP=Chevron;VALUE=1 
 PARM;GEOM_ID=ZGNJFWTPXL;ID=GOQHAVTGOMO;NAME=BottomAmplitude;GROUP=Chevron;VALUE=1 
 PARM;GEOM_ID=ZGNJFWTPXL;ID=MOZZDYEYXFF;NAME=Bottom_Angle;GROUP=Chevron;VALUE=0 
 PARM;GEOM_ID=ZGNJFWTPXL;ID=ELLSKVKHMEE;NAME=Bottom_Slew;GROUP=Chevron;VALUE=0 
 PARM;GEOM_ID=ZGNJFWTPXL;ID=EVPFHOSETSF;NAME=Chevron_Type;GROUP=Chevron;VALUE=0 
 PARM;GEOM_ID=ZGNJFWTPXL;ID=JQULUYUWFWN;NAME=LeftAmplitude;GROUP=Chevron;VALUE=1 
 PARM;GEOM_ID=ZGNJFWTPXL;ID=XIXDGMLKCCW;NAME=Left_Angle;GROUP=Chevron;VALUE=0 
 PARM;GEOM_ID=ZGNJFWTPXL;ID=BEMVYYUFWKX;NAME=Left_Slew;GROUP=Chevron;VALUE=0 
 PARM;GEOM_ID=ZGNJFWTPXL;ID=QGJAWWJNBHJ;NAME=Number;GROUP=Chevron;VALUE=8 
 PARM;GEOM_ID=ZGNJFWTPXL;ID=HPVMXWFTMRC;NAME=Off_Duty;GROUP=Chevron;VALUE=0 
 PARM;GEOM_ID=ZGNJFWTPXL;ID=KSZSLESBWFU;NAME=On_Duty;GROUP=Chevron;VALUE=0 
 PARM;GEOM_ID=ZGNJFWTPXL;ID=JJZIMXEYZGL;NAME=Peak_Radius;GROUP=Chevron;VALUE=0 
 PARM;GEOM_ID=ZGNJFWTPXL;ID=WNGVJGKFERZ;NAME=RLSym;GROUP=Chevron;VALUE=1 
 PARM;GEOM_ID=ZGNJFWTPXL;ID=YPRPEMGGFAU;NAME=RightAmplitude;GROUP=Chevron;VALUE=1 
 PARM;GEOM_ID=ZGNJFWTPXL;ID=BHBZSGRDKRW;NAME=Right_Angle;GROUP=Chevron;VALUE=0 
 PARM;GEOM_ID=ZGNJFWTPXL;ID=NUHMDIFWTML;NAME=Right_Slew;GROUP=Chevron;VALUE=0 
 PARM;GEOM_ID=ZGNJFWTPXL;ID=VZUZBMAXJQE;NAME=TBSym;GROUP=Chevron;VALUE=1 
 PARM;GEOM_ID=ZGNJFWTPXL;ID=ZJUCMOSOYGZ;NAME=TopAmplitude;GROUP=Chevron;VALUE=1 
 PARM;GEOM_ID=ZGNJFWTPXL;ID=TEICVGRMDAD;NAME=Top_Angle;GROUP=Chevron;VALUE=0 
 PARM;GEOM_ID=ZGNJFWTPXL;ID=FWHUDCRFWLP;NAME=Top_Slew;GROUP=Chevron;VALUE=0 
 PARM;GEOM_ID=ZGNJFWTPXL;ID=RXXYBITDKHD;NAME=Valley_Radius;GROUP=Chevron;VALUE=0 
 PARM;GEOM_ID=ZGNJFWTPXL;ID=EYOTXTJLHSO;NAME=W01_Center;GROUP=Chevron;VALUE=0.25 
 PARM;GEOM_ID=ZGNJFWTPXL;ID=IJUDVNITNPR;NAME=W01_Center_Guide;GROUP=Chevron;VALUE=5 
 PARM;GEOM_ID=ZGNJFWTPXL;ID=OAQDJNOMSOO;NAME=W01_End;GROUP=Chevron;VALUE=0.5 
 PARM;GEOM_ID=ZGNJFWTPXL;ID=UQEOECHETBR;NAME=W01_End_Guide;GROUP=Chevron;VALUE=5 
 PARM;GEOM_ID=ZGNJFWTPXL;ID=ZWUNSHITZNP;NAME=W01_Mode;GROUP=Chevron;VALUE=0 
 PARM;GEOM_ID=ZGNJFWTPXL;ID=YJQXRUAZRAQ;NAME=W01_Start;GROUP=Chevron;VALUE=0 
 PARM;GEOM_ID=ZGNJFWTPXL;ID=IZUWBNEPBFS;NAME=W01_Start_Guide;GROUP=Chevron;VALUE=5 
 PARM;GEOM_ID=ZGNJFWTPXL;ID=MLAPEQRCMII;NAME=W01_Width;GROUP=Chevron;VALUE=0.5 
 GEOM;ID=BJTILEQDFM;NAME=Gondola;TYPE=Fuselage;BMIN_X=21.148;BMIN_Y=-4.52397;BMIN_Z=-3.98941;BMAX_X=51.148;BMAX_Y=-1.20378;BMAX_Z=-0.410593;SET_1=true;SET_2=false 
 PARM;GEOM_ID=BJTILEQDFM;ID=LUGFERUWMOZ;NAME=Abs_Or_Relitive_flag;GROUP=XForm;VALUE=1 
 PARM;GEOM_ID=BJTILEQDFM;ID=UVXLRQXYVOU;NAME=Last_Scale;GROUP=XForm;VALUE=1 
 PARM;GEOM_ID=BJTILEQDFM;ID=XLSPBCKEQAP;NAME=Origin;GROUP=XForm;VALUE=0 
 PARM;GEOM_ID=BJTILEQDFM;ID=ZLBTNZZHEBZ;NAME=Scale;GROUP=XForm;VALUE=1 
 PARM;GEOM_ID=BJTILEQDFM;ID=PYPYFHBNCMO;NAME=X_Location;GROUP=XForm;VALUE=21.148 
 PARM;GEOM_ID=BJTILEQDFM;ID=BJOOMUPVVIK;NAME=X_Rel_Location;GROUP=XForm;VALUE=21.148 
 PARM;GEOM_ID=BJTILEQDFM;ID=ALSREMAXHSP;NAME=X_Rel_Rotation;GROUP=XForm;VALUE=-13.814 
 PARM;GEOM_ID=BJTILEQDFM;ID=XIODWOPYCTI;NAME=X_Rotation;GROUP=XForm;VALUE=-13.814 
 PARM;GEOM_ID=BJTILEQDFM;ID=ENNECAXDLNY;NAME=Y_Location;GROUP=XForm;VALUE=-2.86388 
 PARM;GEOM_ID=BJTILEQDFM;ID=IXZMUYMDSFA;NAME=Y_Rel_Location;GROUP=XForm;VALUE=-2.86388 
 PARM;GEOM_ID=BJTILEQDFM;ID=JRRYJTTQWCE;NAME=Y_Rel_Rotation;GROUP=XForm;VALUE=0 
 PARM;GEOM_ID=BJTILEQDFM;ID=ORNRWGNCBFV;NAME=Y_Rotation;GROUP=XForm;VALUE=0 
 PARM;GEOM_ID=BJTILEQDFM;ID=UUJMTHTLTZE;NAME=Z_Location;GROUP=XForm;VALUE=-2.2 
 PARM;GEOM_ID=BJTILEQDFM;ID=HMLDIDZVZLT;NAME=Z_Rel_Location;GROUP=XForm;VALUE=-2.2 
 PARM;GEOM_ID=BJTILEQDFM;ID=DTZMZGDMBJY;NAME=Z_Rel_Rotation;GROUP=XForm;VALUE=0 
 PARM;GEOM_ID=BJTILEQDFM;ID=FPHLELENBTO;NAME=Z_Rotation;GROUP=XForm;VALUE=0 
 PARM;GEOM_ID=BJTILEQDFM;ID=IYBGIDJWIZQ;NAME=Sym_Ancestor;GROUP=Sym;VALUE=1 
 PARM;GEOM_ID=BJTILEQDFM;ID=VAJFWTXTYLL;NAME=Sym_Ancestor_Origin_Flag;GROUP=Sym;VALUE=1 
 PARM;GEOM_ID=BJTILEQDFM;ID=PJXKIYIMUIR;NAME=Sym_Axial_Flag;GROUP=Sym;VALUE=0 
 PARM;GEOM_ID=BJTILEQDFM;ID=OLTLPNGRFLM;NAME=Sym_Planar_Flag;GROUP=Sym;VALUE=2 
 PARM;GEOM_ID=BJTILEQDFM;ID=BNFDWFQKVXN;NAME=Sym_Rot_N;GROUP=Sym;VALUE=2 
 PARM;GEOM_ID=BJTILEQDFM;ID=JYHNEBCUCCC;NAME=Eta_Attach_Location;GROUP=Attach;VALUE=0 
 PARM;GEOM_ID=BJTILEQDFM;ID=HEMIHDJVHYL;NAME=L_01;GROUP=Attach;VALUE=1 
 PARM;GEOM_ID=BJTILEQDFM;ID=IPOCGZLITJT;NAME=L_Attach_Location;GROUP=Attach;VALUE=0 
 PARM;GEOM_ID=BJTILEQDFM;ID=SHNXWCFWRYH;NAME=L_Attach_Location0Len;GROUP=Attach;VALUE=0 
 PARM;GEOM_ID=BJTILEQDFM;ID=EYOPFEFCDFR;NAME=M_Attach_Location;GROUP=Attach;VALUE=0.5 
 PARM;GEOM_ID=BJTILEQDFM;ID=EPFXEWYVTXF;NAME=N_Attach_Location;GROUP=Attach;VALUE=0.5 
 PARM;GEOM_ID=BJTILEQDFM;ID=YKPHCYYLEZU;NAME=R_01;GROUP=Attach;VALUE=1 
 PARM;GEOM_ID=BJTILEQDFM;ID=VCQYCENWQOO;NAME=R_Attach_Location;GROUP=Attach;VALUE=0 
 PARM;GEOM_ID=BJTILEQDFM;ID=IGEATJZOEDZ;NAME=R_Attach_Location0N;GROUP=Attach;VALUE=0 
 PARM;GEOM_ID=BJTILEQDFM;ID=FKMQLNQVHBC;NAME=Rots_Attach_Flag;GROUP=Attach;VALUE=0 
 PARM;GEOM_ID=BJTILEQDFM;ID=CSZDZZTMXAL;NAME=S_Attach_Location;GROUP=Attach;VALUE=0.5 
 PARM;GEOM_ID=BJTILEQDFM;ID=VHOADQJYCJI;NAME=T_Attach_Location;GROUP=Attach;VALUE=0.5 
 PARM;GEOM_ID=BJTILEQDFM;ID=FSQWHKAQROM;NAME=Trans_Attach_Flag;GROUP=Attach;VALUE=0 
 PARM;GEOM_ID=BJTILEQDFM;ID=AQELTAWBJZR;NAME=U_01;GROUP=Attach;VALUE=1 
 PARM;GEOM_ID=BJTILEQDFM;ID=CGZFZORREEX;NAME=U_Attach_Location;GROUP=Attach;VALUE=0 
 PARM;GEOM_ID=BJTILEQDFM;ID=MJSDQCRZDWC;NAME=U_Attach_Location0N;GROUP=Attach;VALUE=0 
 PARM;GEOM_ID=BJTILEQDFM;ID=EIEMEKMCVFU;NAME=V_Attach_Location;GROUP=Attach;VALUE=0 
 PARM;GEOM_ID=BJTILEQDFM;ID=SXNTMIECANN;NAME=Tess_U;GROUP=Shape;VALUE=45 
 PARM;GEOM_ID=BJTILEQDFM;ID=XAHRCJRSWNE;NAME=Tess_W;GROUP=Shape;VALUE=33 
 PARM;GEOM_ID=BJTILEQDFM;ID=CYYTBBATABA;NAME=Wake;GROUP=Shape;VALUE=0 
 PARM;GEOM_ID=BJTILEQDFM;ID=EMDWBFLNXAP;NAME=AutoExtensionFlag;GROUP=EngineModel;VALUE=0 
 PARM;GEOM_ID=BJTILEQDFM;ID=JXHWVVCIVOA;NAME=AutoExtensionSet;GROUP=EngineModel;VALUE=1 
 PARM;GEOM_ID=BJTILEQDFM;ID=LERPTXYDRVL;NAME=EngineShowStationsFlag;GROUP=EngineModel;VALUE=1 
 PARM;GEOM_ID=BJTILEQDFM;ID=UYNYAQYKPWQ;NAME=ExtensionDistance;GROUP=EngineModel;VALUE=10 
 PARM;GEOM_ID=BJTILEQDFM;ID=YHXIXGQEEGF;NAME=GeomIOType;GROUP=EngineModel;VALUE=0 
 PARM;GEOM_ID=BJTILEQDFM;ID=SCQHEKETCSL;NAME=GeomInType;GROUP=EngineModel;VALUE=0 
 PARM;GEOM_ID=BJTILEQDFM;ID=HXNQAULEQBI;NAME=GeomOutType;GROUP=EngineModel;VALUE=1 
 PARM;GEOM_ID=BJTILEQDFM;ID=CNDFJSCHVSM;NAME=InletFaceIndex;GROUP=EngineModel;VALUE=0 
 PARM;GEOM_ID=BJTILEQDFM;ID=JSGSXGUTVMX;NAME=InletFaceMode;GROUP=EngineModel;VALUE=0 
 PARM;GEOM_ID=BJTILEQDFM;ID=VOLXOLBISPT;NAME=InletFaceU;GROUP=EngineModel;VALUE=0 
 PARM;GEOM_ID=BJTILEQDFM;ID=FVQHHOIQRDL;NAME=InletLipIndex;GROUP=EngineModel;VALUE=0 
 PARM;GEOM_ID=BJTILEQDFM;ID=BPJMZWXCDIU;NAME=InletLipMode;GROUP=EngineModel;VALUE=0 
 PARM;GEOM_ID=BJTILEQDFM;ID=HDIZHAOWDWQ;NAME=InletLipU;GROUP=EngineModel;VALUE=0 
 PARM;GEOM_ID=BJTILEQDFM;ID=WQJUINPKZAI;NAME=InletModeType;GROUP=EngineModel;VALUE=3 
 PARM;GEOM_ID=BJTILEQDFM;ID=VHOMSFHQRGF;NAME=OutletFaceIndex;GROUP=EngineModel;VALUE=0 
 PARM;GEOM_ID=BJTILEQDFM;ID=AGXIAKNHYHL;NAME=OutletFaceMode;GROUP=EngineModel;VALUE=0 
 PARM;GEOM_ID=BJTILEQDFM;ID=VMHOVFWLYCQ;NAME=OutletFaceU;GROUP=EngineModel;VALUE=0 
 PARM;GEOM_ID=BJTILEQDFM;ID=CGYZVKXJOWZ;NAME=OutletLipIndex;GROUP=EngineModel;VALUE=0 
 PARM;GEOM_ID=BJTILEQDFM;ID=VOHONLEVSHR;NAME=OutletLipMode;GROUP=EngineModel;VALUE=0 
 PARM;GEOM_ID=BJTILEQDFM;ID=YKJIWYFAJVN;NAME=OutletLipU;GROUP=EngineModel;VALUE=0 
 PARM;GEOM_ID=BJTILEQDFM;ID=DFKSCLACNFS;NAME=OutletModeType;GROUP=EngineModel;VALUE=3 
 PARM;GEOM_ID=BJTILEQDFM;ID=XYLWAWULUBZ;NAME=RotExtensionFlag;GROUP=EngineModel;VALUE=0 
 PARM;GEOM_ID=BJTILEQDFM;ID=PDPMBIZUFDY;NAME=Negative_Volume_Flag;GROUP=Negative_Volume_Props;VALUE=0 
 PARM;GEOM_ID=BJTILEQDFM;ID=PVOCCRGOPAX;NAME=WakeAngle;GROUP=WakeSettings;VALUE=0 
 PARM;GEOM_ID=BJTILEQDFM;ID=JANBFKZZCQW;NAME=WakeScale;GROUP=WakeSettings;VALUE=2 
 PARM;GEOM_ID=BJTILEQDFM;ID=SHYRKOTINAD;NAME=CGx;GROUP=Mass_Props;VALUE=0 
 PARM;GEOM_ID=BJTILEQDFM;ID=WVEHHJIBIJC;NAME=CGy;GROUP=Mass_Props;VALUE=0 
 PARM;GEOM_ID=BJTILEQDFM;ID=UBWDVNTDAKI;NAME=CGz;GROUP=Mass_Props;VALUE=0 
 PARM;GEOM_ID=BJTILEQDFM;ID=GMWKNFOJTCS;NAME=Density;GROUP=Mass_Props;VALUE=1 
 PARM;GEOM_ID=BJTILEQDFM;ID=YEUEICCZTXN;NAME=Ixx;GROUP=Mass_Props;VALUE=0 
 PARM;GEOM_ID=BJTILEQDFM;ID=WEWZCYCWURY;NAME=Ixy;GROUP=Mass_Props;VALUE=0 
 PARM;GEOM_ID=BJTILEQDFM;ID=AZRZKVQAWFH;NAME=Ixz;GROUP=Mass_Props;VALUE=0 
 PARM;GEOM_ID=BJTILEQDFM;ID=JLSKUXDRCOM;NAME=Iyy;GROUP=Mass_Props;VALUE=0 
 PARM;GEOM_ID=BJTILEQDFM;ID=JRPEPWAKMNN;NAME=Iyz;GROUP=Mass_Props;VALUE=0 
 PARM;GEOM_ID=BJTILEQDFM;ID=KDBZWSGTFUC;NAME=Izz;GROUP=Mass_Props;VALUE=0 
 PARM;GEOM_ID=BJTILEQDFM;ID=QRIZVAHYHYP;NAME=Mass_Area;GROUP=Mass_Props;VALUE=1 
 PARM;GEOM_ID=BJTILEQDFM;ID=PTUCXLJTEKY;NAME=Mass_Prior;GROUP=Mass_Props;VALUE=0 
 PARM;GEOM_ID=BJTILEQDFM;ID=CHQEICOGBJY;NAME=PointMass;GROUP=Mass_Props;VALUE=0 
 PARM;GEOM_ID=BJTILEQDFM;ID=NVKVNOEXHOI;NAME=Shell_Flag;GROUP=Mass_Props;VALUE=0 
 PARM;GEOM_ID=BJTILEQDFM;ID=XLFIBLYGTXV;NAME=X_Len;GROUP=BBox;VALUE=30 
 PARM;GEOM_ID=BJTILEQDFM;ID=OWJIMEREMVR;NAME=X_Min;GROUP=BBox;VALUE=21.148 
 PARM;GEOM_ID=BJTILEQDFM;ID=KSSRBTVISJE;NAME=Y_Len;GROUP=BBox;VALUE=9.64773 
 PARM;GEOM_ID=BJTILEQDFM;ID=XFZUMBKCCWV;NAME=Y_Min;GROUP=BBox;VALUE=-4.82386 
 PARM;GEOM_ID=BJTILEQDFM;ID=XHYUZUFENGG;NAME=Z_Len;GROUP=BBox;VALUE=4.12921 
 PARM;GEOM_ID=BJTILEQDFM;ID=IJXPCELEBZU;NAME=Z_Min;GROUP=BBox;VALUE=-4.2646 
 PARM;GEOM_ID=BJTILEQDFM;ID=JPIWJKMQYLU;NAME=CapUMaxLength;GROUP=EndCap;VALUE=1 
 PARM;GEOM_ID=BJTILEQDFM;ID=HBCRPCYKUZU;NAME=CapUMaxOffset;GROUP=EndCap;VALUE=0 
 PARM;GEOM_ID=BJTILEQDFM;ID=IOFDXMCAXYX;NAME=CapUMaxOption;GROUP=EndCap;VALUE=0 
 PARM;GEOM_ID=BJTILEQDFM;ID=GYRPXUOMYYV;NAME=CapUMaxStrength;GROUP=EndCap;VALUE=0.5 
 PARM;GEOM_ID=BJTILEQDFM;ID=EXWPFWXRFBV;NAME=CapUMaxSweepFlag;GROUP=EndCap;VALUE=0 
 PARM;GEOM_ID=BJTILEQDFM;ID=PIFPAYFGCCO;NAME=CapUMinLength;GROUP=EndCap;VALUE=1 
 PARM;GEOM_ID=BJTILEQDFM;ID=RHMMBBHUWQC;NAME=CapUMinOffset;GROUP=EndCap;VALUE=0 
 PARM;GEOM_ID=BJTILEQDFM;ID=IGFSVEVBUEE;NAME=CapUMinOption;GROUP=EndCap;VALUE=0 
 PARM;GEOM_ID=BJTILEQDFM;ID=ZLEYLIGMXBP;NAME=CapUMinStrength;GROUP=EndCap;VALUE=0.5 
 PARM;GEOM_ID=BJTILEQDFM;ID=UZCEEPASICQ;NAME=CapUMinSweepFlag;GROUP=EndCap;VALUE=0 
 PARM;GEOM_ID=BJTILEQDFM;ID=RLMQIYFMQJH;NAME=CapUMinTess;GROUP=EndCap;VALUE=3 
 PARM;GEOM_ID=BJTILEQDFM;ID=IXVSBMLQLUP;NAME=ExpandedList;GROUP=ParasiteDragProps;VALUE=0 
 PARM;GEOM_ID=BJTILEQDFM;ID=MYSECNXFIDW;NAME=FFBodyEqnType;GROUP=ParasiteDragProps;VALUE=3 
 PARM;GEOM_ID=BJTILEQDFM;ID=LSGAVWFBLGQ;NAME=FFUser;GROUP=ParasiteDragProps;VALUE=1 
 PARM;GEOM_ID=BJTILEQDFM;ID=VXFWPFVQQKJ;NAME=FFWingEqnType;GROUP=ParasiteDragProps;VALUE=3 
 PARM;GEOM_ID=BJTILEQDFM;ID=MCWMFHVIZQP;NAME=IncorporatedGen;GROUP=ParasiteDragProps;VALUE=0 
 PARM;GEOM_ID=BJTILEQDFM;ID=DPMCMAEXFIC;NAME=PercLam;GROUP=ParasiteDragProps;VALUE=0 
 PARM;GEOM_ID=BJTILEQDFM;ID=YDANQKZBJPW;NAME=Q;GROUP=ParasiteDragProps;VALUE=1 
 PARM;GEOM_ID=BJTILEQDFM;ID=YDKHNZTTIWT;NAME=Roughness;GROUP=ParasiteDragProps;VALUE=0 
 PARM;GEOM_ID=BJTILEQDFM;ID=FUWMOPSVXBA;NAME=TawTwRatio;GROUP=ParasiteDragProps;VALUE=1 
 PARM;GEOM_ID=BJTILEQDFM;ID=IZNCEHYDBVN;NAME=TeTwRatio;GROUP=ParasiteDragProps;VALUE=1 
 PARM;GEOM_ID=BJTILEQDFM;ID=XGCWIVQWRGR;NAME=ActiveXSec;GROUP=Index;VALUE=6 
 PARM;GEOM_ID=BJTILEQDFM;ID=WOHHIBWYWEB;NAME=Length;GROUP=Design;VALUE=30 
 PARM;GEOM_ID=BJTILEQDFM;ID=YEWMFRIYTNH;NAME=OrderPolicy;GROUP=Design;VALUE=0 
 PARM;GEOM_ID=BJTILEQDFM;ID=EDUXTELPNFD;NAME=AftCluster;GROUP=XSec;VALUE=1 
 PARM;GEOM_ID=BJTILEQDFM;ID=QSFZSIYPRVC;NAME=AllSym;GROUP=XSec;VALUE=0 
 PARM;GEOM_ID=BJTILEQDFM;ID=SVRSREBNTRL;NAME=BottomLAngle;GROUP=XSec;VALUE=80 
 PARM;GEOM_ID=BJTILEQDFM;ID=FGPXPNSMSGZ;NAME=BottomLAngleSet;GROUP=XSec;VALUE=1 
 PARM;GEOM_ID=BJTILEQDFM;ID=MZSDTVXHBZU;NAME=BottomLCurve;GROUP=XSec;VALUE=1.12174 
 PARM;GEOM_ID=BJTILEQDFM;ID=QOVOVACJOTL;NAME=BottomLCurveSet;GROUP=XSec;VALUE=0 
 PARM;GEOM_ID=BJTILEQDFM;ID=WVXUUMAIWMA;NAME=BottomLRAngleEq;GROUP=XSec;VALUE=1 
 PARM;GEOM_ID=BJTILEQDFM;ID=AYWQECUOCAB;NAME=BottomLRCurveEq;GROUP=XSec;VALUE=0 
 PARM;GEOM_ID=BJTILEQDFM;ID=IMOJITZNYRX;NAME=BottomLRSlewEq;GROUP=XSec;VALUE=0 
 PARM;GEOM_ID=BJTILEQDFM;ID=OYZXXXZHMJG;NAME=BottomLRStrengthEq;GROUP=XSec;VALUE=0 
 PARM;GEOM_ID=BJTILEQDFM;ID=LZQEJAKQDXA;NAME=BottomLSlew;GROUP=XSec;VALUE=0 
 PARM;GEOM_ID=BJTILEQDFM;ID=KMOVJSFQCDD;NAME=BottomLSlewSet;GROUP=XSec;VALUE=1 
 PARM;GEOM_ID=BJTILEQDFM;ID=EILCKNDWJJW;NAME=BottomLStrength;GROUP=XSec;VALUE=0.75 
 PARM;GEOM_ID=BJTILEQDFM;ID=SDPQTDYDJYF;NAME=BottomLStrengthSet;GROUP=XSec;VALUE=1 
 PARM;GEOM_ID=BJTILEQDFM;ID=URQSDJHJXKM;NAME=BottomRAngle;GROUP=XSec;VALUE=80 
 PARM;GEOM_ID=BJTILEQDFM;ID=TTPPZYYVOVF;NAME=BottomRAngleSet;GROUP=XSec;VALUE=1 
 PARM;GEOM_ID=BJTILEQDFM;ID=GZCIMUZFHOG;NAME=BottomRCurve;GROUP=XSec;VALUE=1.12174 
 PARM;GEOM_ID=BJTILEQDFM;ID=IVXSBDLRVEF;NAME=BottomRCurveSet;GROUP=XSec;VALUE=0 
 PARM;GEOM_ID=BJTILEQDFM;ID=JRWKCQITBTH;NAME=BottomRSlew;GROUP=XSec;VALUE=0 
 PARM;GEOM_ID=BJTILEQDFM;ID=YNONKLGCMSZ;NAME=BottomRSlewSet;GROUP=XSec;VALUE=1 
 PARM;GEOM_ID=BJTILEQDFM;ID=KLBSGPUPCXP;NAME=BottomRStrength;GROUP=XSec;VALUE=1 
 PARM;GEOM_ID=BJTILEQDFM;ID=OHYITVXFICP;NAME=BottomRStrengthSet;GROUP=XSec;VALUE=1 
 PARM;GEOM_ID=BJTILEQDFM;ID=CNBYWBPZGOK;NAME=ContinuityBottom;GROUP=XSec;VALUE=0 
 PARM;GEOM_ID=BJTILEQDFM;ID=QTEIJZLQECK;NAME=ContinuityLeft;GROUP=XSec;VALUE=0 
 PARM;GEOM_ID=BJTILEQDFM;ID=GWUOTBGRXAT;NAME=ContinuityRight;GROUP=XSec;VALUE=0 
 PARM;GEOM_ID=BJTILEQDFM;ID=GGWSYQWECVK;NAME=ContinuityTop;GROUP=XSec;VALUE=0 
 PARM;GEOM_ID=BJTILEQDFM;ID=QYQVEVVPDMK;NAME=FwdCluster;GROUP=XSec;VALUE=1 
 PARM;GEOM_ID=BJTILEQDFM;ID=OPSCVNKMPIE;NAME=LeftLAngle;GROUP=XSec;VALUE=15 
 PARM;GEOM_ID=BJTILEQDFM;ID=JOUZRODDWGG;NAME=LeftLAngleSet;GROUP=XSec;VALUE=1 
 PARM;GEOM_ID=BJTILEQDFM;ID=SURDEWCBNXF;NAME=LeftLCurve;GROUP=XSec;VALUE=1.07252 
 PARM;GEOM_ID=BJTILEQDFM;ID=ICFMTEENCIZ;NAME=LeftLCurveSet;GROUP=XSec;VALUE=0 
 PARM;GEOM_ID=BJTILEQDFM;ID=APDZFSESFWK;NAME=LeftLRAngleEq;GROUP=XSec;VALUE=1 
 PARM;GEOM_ID=BJTILEQDFM;ID=MKLXTGRWFJA;NAME=LeftLRCurveEq;GROUP=XSec;VALUE=0 
 PARM;GEOM_ID=BJTILEQDFM;ID=LHWUANYBJKS;NAME=LeftLRSlewEq;GROUP=XSec;VALUE=0 
 PARM;GEOM_ID=BJTILEQDFM;ID=CHNWRHQJAZO;NAME=LeftLRStrengthEq;GROUP=XSec;VALUE=0 
 PARM;GEOM_ID=BJTILEQDFM;ID=QEIWHUQLJNN;NAME=LeftLSlew;GROUP=XSec;VALUE=60 
 PARM;GEOM_ID=BJTILEQDFM;ID=UAITRYIIIVO;NAME=LeftLSlewSet;GROUP=XSec;VALUE=1 
 PARM;GEOM_ID=BJTILEQDFM;ID=JAQDIVEHUMM;NAME=LeftLStrength;GROUP=XSec;VALUE=0.75 
 PARM;GEOM_ID=BJTILEQDFM;ID=YMKYDHTNKSO;NAME=LeftLStrengthSet;GROUP=XSec;VALUE=1 
 PARM;GEOM_ID=BJTILEQDFM;ID=MSEVHVCASQZ;NAME=LeftRAngle;GROUP=XSec;VALUE=15 
 PARM;GEOM_ID=BJTILEQDFM;ID=YAPTDUJGASD;NAME=LeftRAngleSet;GROUP=XSec;VALUE=1 
 PARM;GEOM_ID=BJTILEQDFM;ID=PUDUAJUXADJ;NAME=LeftRCurve;GROUP=XSec;VALUE=1.07252 
 PARM;GEOM_ID=BJTILEQDFM;ID=BWDBMLFARXK;NAME=LeftRCurveSet;GROUP=XSec;VALUE=0 
 PARM;GEOM_ID=BJTILEQDFM;ID=PXDVHRICBME;NAME=LeftRSlew;GROUP=XSec;VALUE=0 
 PARM;GEOM_ID=BJTILEQDFM;ID=ENJTULBNDTR;NAME=LeftRSlewSet;GROUP=XSec;VALUE=1 
 PARM;GEOM_ID=BJTILEQDFM;ID=KCKZPMIEAGL;NAME=LeftRStrength;GROUP=XSec;VALUE=1 
 PARM;GEOM_ID=BJTILEQDFM;ID=YIULMBQTEEM;NAME=LeftRStrengthSet;GROUP=XSec;VALUE=1 
 PARM;GEOM_ID=BJTILEQDFM;ID=DGRNEIBDEIJ;NAME=RLSym;GROUP=XSec;VALUE=1 
 PARM;GEOM_ID=BJTILEQDFM;ID=PWLYREXAXTY;NAME=RefLength;GROUP=XSec;VALUE=30 
 PARM;GEOM_ID=BJTILEQDFM;ID=FSYPFIRBFDV;NAME=RightLAngle;GROUP=XSec;VALUE=15 
 PARM;GEOM_ID=BJTILEQDFM;ID=KUPYXTRKZTC;NAME=RightLAngleSet;GROUP=XSec;VALUE=1 
 PARM;GEOM_ID=BJTILEQDFM;ID=CTEECXOBEXH;NAME=RightLCurve;GROUP=XSec;VALUE=1.07252 
 PARM;GEOM_ID=BJTILEQDFM;ID=JIXDMQHJLMF;NAME=RightLCurveSet;GROUP=XSec;VALUE=0 
 PARM;GEOM_ID=BJTILEQDFM;ID=KETWZPXAIWS;NAME=RightLRAngleEq;GROUP=XSec;VALUE=1 
 PARM;GEOM_ID=BJTILEQDFM;ID=KKYVNSPAPBP;NAME=RightLRCurveEq;GROUP=XSec;VALUE=0 
 PARM;GEOM_ID=BJTILEQDFM;ID=PTQQLFGUILK;NAME=RightLRSlewEq;GROUP=XSec;VALUE=0 
 PARM;GEOM_ID=BJTILEQDFM;ID=DGNWOZIBOUJ;NAME=RightLRStrengthEq;GROUP=XSec;VALUE=0 
 PARM;GEOM_ID=BJTILEQDFM;ID=GZRQILGCWHE;NAME=RightLSlew;GROUP=XSec;VALUE=60 
 PARM;GEOM_ID=BJTILEQDFM;ID=DHFTKUMKZBN;NAME=RightLSlewSet;GROUP=XSec;VALUE=1 
 PARM;GEOM_ID=BJTILEQDFM;ID=XROXEIBKRRA;NAME=RightLStrength;GROUP=XSec;VALUE=0.75 
 PARM;GEOM_ID=BJTILEQDFM;ID=HPFHETVOEET;NAME=RightLStrengthSet;GROUP=XSec;VALUE=1 
 PARM;GEOM_ID=BJTILEQDFM;ID=QSFEBPUQTGB;NAME=RightRAngle;GROUP=XSec;VALUE=15 
 PARM;GEOM_ID=BJTILEQDFM;ID=DKETOLTIHCJ;NAME=RightRAngleSet;GROUP=XSec;VALUE=1 
 PARM;GEOM_ID=BJTILEQDFM;ID=XWIYGXMNEGP;NAME=RightRCurve;GROUP=XSec;VALUE=1.07252 
 PARM;GEOM_ID=BJTILEQDFM;ID=GZLWAELAVIV;NAME=RightRCurveSet;GROUP=XSec;VALUE=0 
 PARM;GEOM_ID=BJTILEQDFM;ID=KWRULOMTTXK;NAME=RightRSlew;GROUP=XSec;VALUE=0 
 PARM;GEOM_ID=BJTILEQDFM;ID=QUHKGOGYLYQ;NAME=RightRSlewSet;GROUP=XSec;VALUE=1 
 PARM;GEOM_ID=BJTILEQDFM;ID=YYHKANVHFUJ;NAME=RightRStrength;GROUP=XSec;VALUE=1 
 PARM;GEOM_ID=BJTILEQDFM;ID=NGIBJJTSHUF;NAME=RightRStrengthSet;GROUP=XSec;VALUE=1 
 PARM;GEOM_ID=BJTILEQDFM;ID=TXQBABMINST;NAME=SectTess_U;GROUP=XSec;VALUE=10 
 PARM;GEOM_ID=BJTILEQDFM;ID=JBHPHSDJNNN;NAME=Spin;GROUP=XSec;VALUE=0 
 PARM;GEOM_ID=BJTILEQDFM;ID=NPTQEMTXYLA;NAME=TBSym;GROUP=XSec;VALUE=0 
 PARM;GEOM_ID=BJTILEQDFM;ID=IBIYJYUINNJ;NAME=TopLAngle;GROUP=XSec;VALUE=-42.3684 
 PARM;GEOM_ID=BJTILEQDFM;ID=PKZWLPEYEES;NAME=TopLAngleSet;GROUP=XSec;VALUE=1 
 PARM;GEOM_ID=BJTILEQDFM;ID=LPXXKQLUWXQ;NAME=TopLCurve;GROUP=XSec;VALUE=-1.08289 
 PARM;GEOM_ID=BJTILEQDFM;ID=VRXOWPGRVQA;NAME=TopLCurveSet;GROUP=XSec;VALUE=0 
 PARM;GEOM_ID=BJTILEQDFM;ID=JHSOSDVLPAD;NAME=TopLRAngleEq;GROUP=XSec;VALUE=1 
 PARM;GEOM_ID=BJTILEQDFM;ID=MLBUYUMHXYD;NAME=TopLRCurveEq;GROUP=XSec;VALUE=0 
 PARM;GEOM_ID=BJTILEQDFM;ID=AOVLWZORWSK;NAME=TopLRSlewEq;GROUP=XSec;VALUE=0 
 PARM;GEOM_ID=BJTILEQDFM;ID=ISPRMQCCWOL;NAME=TopLRStrengthEq;GROUP=XSec;VALUE=0 
 PARM;GEOM_ID=BJTILEQDFM;ID=JDTIWODOSAV;NAME=TopLSlew;GROUP=XSec;VALUE=0 
 PARM;GEOM_ID=BJTILEQDFM;ID=JOKAKOEQRXV;NAME=TopLSlewSet;GROUP=XSec;VALUE=1 
 PARM;GEOM_ID=BJTILEQDFM;ID=YOROKOUNHQA;NAME=TopLStrength;GROUP=XSec;VALUE=0.75 
 PARM;GEOM_ID=BJTILEQDFM;ID=FFNWLCUXHSR;NAME=TopLStrengthSet;GROUP=XSec;VALUE=1 
 PARM;GEOM_ID=BJTILEQDFM;ID=ODIUAVTUYDD;NAME=TopRAngle;GROUP=XSec;VALUE=-42.3684 
 PARM;GEOM_ID=BJTILEQDFM;ID=WSBEMFAQQXP;NAME=TopRAngleSet;GROUP=XSec;VALUE=1 
 PARM;GEOM_ID=BJTILEQDFM;ID=HMSKSVFPSZS;NAME=TopRCurve;GROUP=XSec;VALUE=-1.08289 
 PARM;GEOM_ID=BJTILEQDFM;ID=KICKMEDRNBE;NAME=TopRCurveSet;GROUP=XSec;VALUE=0 
 PARM;GEOM_ID=BJTILEQDFM;ID=MMBDIAIYVBC;NAME=TopRSlew;GROUP=XSec;VALUE=0 
 PARM;GEOM_ID=BJTILEQDFM;ID=KYHPDJAXTXE;NAME=TopRSlewSet;GROUP=XSec;VALUE=1 
 PARM;GEOM_ID=BJTILEQDFM;ID=HXEPOBGVRRC;NAME=TopRStrength;GROUP=XSec;VALUE=1 
 PARM;GEOM_ID=BJTILEQDFM;ID=QFUZSYQYMNV;NAME=TopRStrengthSet;GROUP=XSec;VALUE=1 
 PARM;GEOM_ID=BJTILEQDFM;ID=FVAYZKJETPJ;NAME=XLocPercent;GROUP=XSec;VALUE=0 
 PARM;GEOM_ID=BJTILEQDFM;ID=RKJKJCMHVVP;NAME=XRotate;GROUP=XSec;VALUE=0 
 PARM;GEOM_ID=BJTILEQDFM;ID=AQYHIPCNFZJ;NAME=YLocPercent;GROUP=XSec;VALUE=0 
 PARM;GEOM_ID=BJTILEQDFM;ID=PJFSUWYGAQX;NAME=YRotate;GROUP=XSec;VALUE=-60 
 PARM;GEOM_ID=BJTILEQDFM;ID=ORAJTOIVNKR;NAME=ZLocPercent;GROUP=XSec;VALUE=0 
 PARM;GEOM_ID=BJTILEQDFM;ID=CVXSDXOAMTZ;NAME=ZRotate;GROUP=XSec;VALUE=0 
 PARM;GEOM_ID=BJTILEQDFM;ID=ENYUZJQBWDA;NAME=Area;GROUP=XSecCurve;VALUE=0 
 PARM;GEOM_ID=BJTILEQDFM;ID=ZCLEICAITJS;NAME=DeltaX;GROUP=XSecCurve;VALUE=0 
 PARM;GEOM_ID=BJTILEQDFM;ID=WDFNGKPYQGO;NAME=DeltaY;GROUP=XSecCurve;VALUE=0 
 PARM;GEOM_ID=BJTILEQDFM;ID=TAJBCHBPFOX;NAME=HWRatio;GROUP=XSecCurve;VALUE=1 
 PARM;GEOM_ID=BJTILEQDFM;ID=WTGGHVDUQCJ;NAME=Scale;GROUP=XSecCurve;VALUE=1 
 PARM;GEOM_ID=BJTILEQDFM;ID=NLIRCXWYGRL;NAME=ShiftLE;GROUP=XSecCurve;VALUE=0 
 PARM;GEOM_ID=BJTILEQDFM;ID=SQMTNDODOLG;NAME=Theta;GROUP=XSecCurve;VALUE=0 
 PARM;GEOM_ID=BJTILEQDFM;ID=EBLUNMKXFMB;NAME=LE_Cap_Length;GROUP=Cap;VALUE=1 
 PARM;GEOM_ID=BJTILEQDFM;ID=DELKLANUYQR;NAME=LE_Cap_Offset;GROUP=Cap;VALUE=0 
 PARM;GEOM_ID=BJTILEQDFM;ID=ZZBJJBVUAIT;NAME=LE_Cap_Strength;GROUP=Cap;VALUE=0.5 
 PARM;GEOM_ID=BJTILEQDFM;ID=YSCLAOGOCZY;NAME=LE_Cap_Type;GROUP=Cap;VALUE=1 
 PARM;GEOM_ID=BJTILEQDFM;ID=ZMLFWRQTYVN;NAME=TE_Cap_Length;GROUP=Cap;VALUE=1 
 PARM;GEOM_ID=BJTILEQDFM;ID=ANTBIASJHKU;NAME=TE_Cap_Offset;GROUP=Cap;VALUE=0 
 PARM;GEOM_ID=BJTILEQDFM;ID=RPOARPHMOBA;NAME=TE_Cap_Strength;GROUP=Cap;VALUE=0.5 
 PARM;GEOM_ID=BJTILEQDFM;ID=ENCWSSLGSJN;NAME=TE_Cap_Type;GROUP=Cap;VALUE=1 
 PARM;GEOM_ID=BJTILEQDFM;ID=BKHEWZKVMLR;NAME=LE_Close_AbsRel;GROUP=Close;VALUE=0 
 PARM;GEOM_ID=BJTILEQDFM;ID=XITPCMMAKXI;NAME=LE_Close_Thick;GROUP=Close;VALUE=0 
 PARM;GEOM_ID=BJTILEQDFM;ID=ZPRZVIZAUEU;NAME=LE_Close_Thick_Chord;GROUP=Close;VALUE=0 
 PARM;GEOM_ID=BJTILEQDFM;ID=OSPPBNSNCLQ;NAME=LE_Close_Type;GROUP=Close;VALUE=0 
 PARM;GEOM_ID=BJTILEQDFM;ID=BKAFGKKMODL;NAME=TE_Close_AbsRel;GROUP=Close;VALUE=0 
 PARM;GEOM_ID=BJTILEQDFM;ID=YGBYCSIBLIM;NAME=TE_Close_Thick;GROUP=Close;VALUE=0 
 PARM;GEOM_ID=BJTILEQDFM;ID=IUURRWBZMCJ;NAME=TE_Close_Thick_Chord;GROUP=Close;VALUE=0 
 PARM;GEOM_ID=BJTILEQDFM;ID=CIYRQQOWYFT;NAME=TE_Close_Type;GROUP=Close;VALUE=0 
 PARM;GEOM_ID=BJTILEQDFM;ID=CMFMPKOJKOQ;NAME=LE_Trim_AbsRel;GROUP=Trim;VALUE=0 
 PARM;GEOM_ID=BJTILEQDFM;ID=PUMXTRSGJIZ;NAME=LE_Trim_Thick;GROUP=Trim;VALUE=0 
 PARM;GEOM_ID=BJTILEQDFM;ID=DNOGWJPKHNE;NAME=LE_Trim_Thick_Chord;GROUP=Trim;VALUE=0 
 PARM;GEOM_ID=BJTILEQDFM;ID=KTXRPKFVNSI;NAME=LE_Trim_Type;GROUP=Trim;VALUE=0 
 PARM;GEOM_ID=BJTILEQDFM;ID=OFGGFAXJGGY;NAME=LE_Trim_X;GROUP=Trim;VALUE=0 
 PARM;GEOM_ID=BJTILEQDFM;ID=ATMGFUYQGOB;NAME=LE_Trim_X_Chord;GROUP=Trim;VALUE=0 
 PARM;GEOM_ID=BJTILEQDFM;ID=LRJDTLWJDOJ;NAME=TE_Trim_AbsRel;GROUP=Trim;VALUE=0 
 PARM;GEOM_ID=BJTILEQDFM;ID=UHOMQLZMUJD;NAME=TE_Trim_Thick;GROUP=Trim;VALUE=0 
 PARM;GEOM_ID=BJTILEQDFM;ID=QQFJKLNEZXO;NAME=TE_Trim_Thick_Chord;GROUP=Trim;VALUE=0 
 PARM;GEOM_ID=BJTILEQDFM;ID=FPXFBPRUUGP;NAME=TE_Trim_Type;GROUP=Trim;VALUE=0 
 PARM;GEOM_ID=BJTILEQDFM;ID=RWXFVZEKUOJ;NAME=TE_Trim_X;GROUP=Trim;VALUE=0 
 PARM;GEOM_ID=BJTILEQDFM;ID=COGVQJOQQHH;NAME=TE_Trim_X_Chord;GROUP=Trim;VALUE=0 
 PARM;GEOM_ID=BJTILEQDFM;ID=XFJSMODWGLI;NAME=TE_Flap_DT;GROUP=Flap;VALUE=0 
 PARM;GEOM_ID=BJTILEQDFM;ID=NKHQDZIOVOI;NAME=TE_Flap_Deflection;GROUP=Flap;VALUE=0 
 PARM;GEOM_ID=BJTILEQDFM;ID=DDVWKQRURVB;NAME=TE_Flap_Flag;GROUP=Flap;VALUE=0 
 PARM;GEOM_ID=BJTILEQDFM;ID=NKUPBSFGPQA;NAME=TE_Flap_T;GROUP=Flap;VALUE=0.2 
 PARM;GEOM_ID=BJTILEQDFM;ID=JNGQWWGKXNS;NAME=TE_Flap_Type;GROUP=Flap;VALUE=0 
 PARM;GEOM_ID=BJTILEQDFM;ID=KERDUZRKCUN;NAME=TE_Flap_X;GROUP=Flap;VALUE=0 
 PARM;GEOM_ID=BJTILEQDFM;ID=FZSZCYCPOLH;NAME=TE_Flap_X_Chord;GROUP=Flap;VALUE=0.2 
 PARM;GEOM_ID=BJTILEQDFM;ID=OKXOINSOJEN;NAME=TE_Flap_Y_Frc;GROUP=Flap;VALUE=0.5 
 PARM;GEOM_ID=BJTILEQDFM;ID=FVBNXJKMLCV;NAME=TE_Trim_AbsRel;GROUP=Flap;VALUE=1 
 PARM;GEOM_ID=BJTILEQDFM;ID=GZRZLEPBULI;NAME=XSecFlipImageFlag;GROUP=XSecCurve_Background;VALUE=0 
 PARM;GEOM_ID=BJTILEQDFM;ID=JYBWJPCCBFP;NAME=XSecImageFlag;GROUP=XSecCurve_Background;VALUE=0 
 PARM;GEOM_ID=BJTILEQDFM;ID=CMCCFQZCHNR;NAME=XSecImageH;GROUP=XSecCurve_Background;VALUE=1 
 PARM;GEOM_ID=BJTILEQDFM;ID=MEUQOKLORPN;NAME=XSecImagePreserveAR;GROUP=XSecCurve_Background;VALUE=1 
 PARM;GEOM_ID=BJTILEQDFM;ID=HOMKTRWHENG;NAME=XSecImageW;GROUP=XSecCurve_Background;VALUE=1 
 PARM;GEOM_ID=BJTILEQDFM;ID=WRZSKKZXWLZ;NAME=XSecImageXOffset;GROUP=XSecCurve_Background;VALUE=0 
 PARM;GEOM_ID=BJTILEQDFM;ID=ABDXGYHEZIE;NAME=XSecImageYOffset;GROUP=XSecCurve_Background;VALUE=0 
 PARM;GEOM_ID=BJTILEQDFM;ID=UATOQYPNIYX;NAME=XSecLockImageFlag;GROUP=XSecCurve_Background;VALUE=0 
 PARM;GEOM_ID=BJTILEQDFM;ID=VBBUPWKZLGW;NAME=AllSym;GROUP=Chevron;VALUE=1 
 PARM;GEOM_ID=BJTILEQDFM;ID=BIHOMAWDLZA;NAME=BottomAmplitude;GROUP=Chevron;VALUE=1 
 PARM;GEOM_ID=BJTILEQDFM;ID=IWGZDWIXLGU;NAME=Bottom_Angle;GROUP=Chevron;VALUE=0 
 PARM;GEOM_ID=BJTILEQDFM;ID=BQZJARNSSDQ;NAME=Bottom_Slew;GROUP=Chevron;VALUE=0 
 PARM;GEOM_ID=BJTILEQDFM;ID=KIQTKPTCBMP;NAME=Chevron_Type;GROUP=Chevron;VALUE=0 
 PARM;GEOM_ID=BJTILEQDFM;ID=EGVUJKPGODY;NAME=LeftAmplitude;GROUP=Chevron;VALUE=1 
 PARM;GEOM_ID=BJTILEQDFM;ID=CJLBUAMZSNH;NAME=Left_Angle;GROUP=Chevron;VALUE=0 
 PARM;GEOM_ID=BJTILEQDFM;ID=FKHATJTSUDG;NAME=Left_Slew;GROUP=Chevron;VALUE=0 
 PARM;GEOM_ID=BJTILEQDFM;ID=LJJSGEOJDZL;NAME=Number;GROUP=Chevron;VALUE=8 
 PARM;GEOM_ID=BJTILEQDFM;ID=TKNLPSNKEAN;NAME=Off_Duty;GROUP=Chevron;VALUE=0 
 PARM;GEOM_ID=BJTILEQDFM;ID=TBSAKBACRKR;NAME=On_Duty;GROUP=Chevron;VALUE=0 
 PARM;GEOM_ID=BJTILEQDFM;ID=RZYKZEEIOYP;NAME=Peak_Radius;GROUP=Chevron;VALUE=0 
 PARM;GEOM_ID=BJTILEQDFM;ID=FCXMZYDHUST;NAME=RLSym;GROUP=Chevron;VALUE=1 
 PARM;GEOM_ID=BJTILEQDFM;ID=KKUGBZFGXDP;NAME=RightAmplitude;GROUP=Chevron;VALUE=1 
 PARM;GEOM_ID=BJTILEQDFM;ID=GNWJTSRPVMR;NAME=Right_Angle;GROUP=Chevron;VALUE=0 
 PARM;GEOM_ID=BJTILEQDFM;ID=XYBDGAFBMHA;NAME=Right_Slew;GROUP=Chevron;VALUE=0 
 PARM;GEOM_ID=BJTILEQDFM;ID=DQOFUKJSMVW;NAME=TBSym;GROUP=Chevron;VALUE=1 
 PARM;GEOM_ID=BJTILEQDFM;ID=MNUFNAKGEHE;NAME=TopAmplitude;GROUP=Chevron;VALUE=1 
 PARM;GEOM_ID=BJTILEQDFM;ID=USFFFOHANRQ;NAME=Top_Angle;GROUP=Chevron;VALUE=0 
 PARM;GEOM_ID=BJTILEQDFM;ID=VGOZBVSBSEK;NAME=Top_Slew;GROUP=Chevron;VALUE=0 
 PARM;GEOM_ID=BJTILEQDFM;ID=DZMWTFTQIWZ;NAME=Valley_Radius;GROUP=Chevron;VALUE=0 
 PARM;GEOM_ID=BJTILEQDFM;ID=LGFAZZNPRPJ;NAME=W01_Center;GROUP=Chevron;VALUE=0.25 
 PARM;GEOM_ID=BJTILEQDFM;ID=EPZCQPEMKCO;NAME=W01_Center_Guide;GROUP=Chevron;VALUE=5 
 PARM;GEOM_ID=BJTILEQDFM;ID=MRMYBVXZHUX;NAME=W01_End;GROUP=Chevron;VALUE=0.5 
 PARM;GEOM_ID=BJTILEQDFM;ID=QYJZXURLFVG;NAME=W01_End_Guide;GROUP=Chevron;VALUE=5 
 PARM;GEOM_ID=BJTILEQDFM;ID=VVOYPZIAIOX;NAME=W01_Mode;GROUP=Chevron;VALUE=0 
 PARM;GEOM_ID=BJTILEQDFM;ID=OQPDUSLOZSU;NAME=W01_Start;GROUP=Chevron;VALUE=0 
 PARM;GEOM_ID=BJTILEQDFM;ID=TILXPZUNHQJ;NAME=W01_Start_Guide;GROUP=Chevron;VALUE=5 
 PARM;GEOM_ID=BJTILEQDFM;ID=STKLWWXQHHQ;NAME=W01_Width;GROUP=Chevron;VALUE=0.5 
 PARM;GEOM_ID=BJTILEQDFM;ID=CADNRWPXSMY;NAME=AftCluster;GROUP=XSec;VALUE=1 
 PARM;GEOM_ID=BJTILEQDFM;ID=EUBSIKVXNQH;NAME=AllSym;GROUP=XSec;VALUE=0 
 PARM;GEOM_ID=BJTILEQDFM;ID=GFBXUORSBGH;NAME=BottomLAngle;GROUP=XSec;VALUE=0 
 PARM;GEOM_ID=BJTILEQDFM;ID=RCHYKFCGOYO;NAME=BottomLAngleSet;GROUP=XSec;VALUE=1 
 PARM;GEOM_ID=BJTILEQDFM;ID=GGLJLULKMYP;NAME=BottomLCurve;GROUP=XSec;VALUE=-0.759563 
 PARM;GEOM_ID=BJTILEQDFM;ID=QCKVNUMWFDC;NAME=BottomLCurveSet;GROUP=XSec;VALUE=0 
 PARM;GEOM_ID=BJTILEQDFM;ID=COZXNMBVJFU;NAME=BottomLRAngleEq;GROUP=XSec;VALUE=1 
 PARM;GEOM_ID=BJTILEQDFM;ID=ZGALRHJEEHE;NAME=BottomLRCurveEq;GROUP=XSec;VALUE=0 
 PARM;GEOM_ID=BJTILEQDFM;ID=DKTDYMJMEQQ;NAME=BottomLRSlewEq;GROUP=XSec;VALUE=0 
 PARM;GEOM_ID=BJTILEQDFM;ID=JESIHKKQHAZ;NAME=BottomLRStrengthEq;GROUP=XSec;VALUE=0 
 PARM;GEOM_ID=BJTILEQDFM;ID=WQCTAPNTXJY;NAME=BottomLSlew;GROUP=XSec;VALUE=0 
 PARM;GEOM_ID=BJTILEQDFM;ID=WMHGCEGXOVE;NAME=BottomLSlewSet;GROUP=XSec;VALUE=1 
 PARM;GEOM_ID=BJTILEQDFM;ID=OZBLODFLVJQ;NAME=BottomLStrength;GROUP=XSec;VALUE=1 
 PARM;GEOM_ID=BJTILEQDFM;ID=TFIHTWPGCBN;NAME=BottomLStrengthSet;GROUP=XSec;VALUE=1 
 PARM;GEOM_ID=BJTILEQDFM;ID=XNALTQXQYXF;NAME=BottomRAngle;GROUP=XSec;VALUE=0 
 PARM;GEOM_ID=BJTILEQDFM;ID=KUBFTSKTUCZ;NAME=BottomRAngleSet;GROUP=XSec;VALUE=1 
 PARM;GEOM_ID=BJTILEQDFM;ID=THIRHQGAHDU;NAME=BottomRCurve;GROUP=XSec;VALUE=0.0953954 
 PARM;GEOM_ID=BJTILEQDFM;ID=DOBGQIIDDCT;NAME=BottomRCurveSet;GROUP=XSec;VALUE=0 
 PARM;GEOM_ID=BJTILEQDFM;ID=LQCTXQBMAXV;NAME=BottomRSlew;GROUP=XSec;VALUE=0 
 PARM;GEOM_ID=BJTILEQDFM;ID=XSWPZGMMSJV;NAME=BottomRSlewSet;GROUP=XSec;VALUE=1 
 PARM;GEOM_ID=BJTILEQDFM;ID=PZYFZRLUFJK;NAME=BottomRStrength;GROUP=XSec;VALUE=1 
 PARM;GEOM_ID=BJTILEQDFM;ID=RPLPLRQDPVG;NAME=BottomRStrengthSet;GROUP=XSec;VALUE=1 
 PARM;GEOM_ID=BJTILEQDFM;ID=IPDFSZTEFDG;NAME=ContinuityBottom;GROUP=XSec;VALUE=0 
 PARM;GEOM_ID=BJTILEQDFM;ID=YHLBBZZZIKE;NAME=ContinuityLeft;GROUP=XSec;VALUE=0 
 PARM;GEOM_ID=BJTILEQDFM;ID=JNKKYPZENSP;NAME=ContinuityRight;GROUP=XSec;VALUE=0 
 PARM;GEOM_ID=BJTILEQDFM;ID=TIXOTIFVVPO;NAME=ContinuityTop;GROUP=XSec;VALUE=0 
 PARM;GEOM_ID=BJTILEQDFM;ID=XYOYQKNNLTD;NAME=FwdCluster;GROUP=XSec;VALUE=1 
 PARM;GEOM_ID=BJTILEQDFM;ID=JUACTLLPOFJ;NAME=LeftLAngle;GROUP=XSec;VALUE=0 
 PARM;GEOM_ID=BJTILEQDFM;ID=DOKEAEBCMRK;NAME=LeftLAngleSet;GROUP=XSec;VALUE=1 
 PARM;GEOM_ID=BJTILEQDFM;ID=QWEACHZLQVX;NAME=LeftLCurve;GROUP=XSec;VALUE=-0.83552 
 PARM;GEOM_ID=BJTILEQDFM;ID=WOBBCRXXFPP;NAME=LeftLCurveSet;GROUP=XSec;VALUE=0 
 PARM;GEOM_ID=BJTILEQDFM;ID=JTZEWULYGMB;NAME=LeftLRAngleEq;GROUP=XSec;VALUE=1 
 PARM;GEOM_ID=BJTILEQDFM;ID=FNJQYRAFJPA;NAME=LeftLRCurveEq;GROUP=XSec;VALUE=0 
 PARM;GEOM_ID=BJTILEQDFM;ID=UKPLGOVNJUI;NAME=LeftLRSlewEq;GROUP=XSec;VALUE=0 
 PARM;GEOM_ID=BJTILEQDFM;ID=PLSHGGPCCBY;NAME=LeftLRStrengthEq;GROUP=XSec;VALUE=0 
 PARM;GEOM_ID=BJTILEQDFM;ID=FWEVLOWUHMQ;NAME=LeftLSlew;GROUP=XSec;VALUE=0 
 PARM;GEOM_ID=BJTILEQDFM;ID=LVGTUAPXEAU;NAME=LeftLSlewSet;GROUP=XSec;VALUE=1 
 PARM;GEOM_ID=BJTILEQDFM;ID=UQOUKHUHHLW;NAME=LeftLStrength;GROUP=XSec;VALUE=1 
 PARM;GEOM_ID=BJTILEQDFM;ID=YZCTKGJREBA;NAME=LeftLStrengthSet;GROUP=XSec;VALUE=1 
 PARM;GEOM_ID=BJTILEQDFM;ID=WZTOJAWXUAL;NAME=LeftRAngle;GROUP=XSec;VALUE=0 
 PARM;GEOM_ID=BJTILEQDFM;ID=TQMUYPKQQEY;NAME=LeftRAngleSet;GROUP=XSec;VALUE=1 
 PARM;GEOM_ID=BJTILEQDFM;ID=ACJGUXJWQWG;NAME=LeftRCurve;GROUP=XSec;VALUE=0.104945 
 PARM;GEOM_ID=BJTILEQDFM;ID=RARUEIERKNF;NAME=LeftRCurveSet;GROUP=XSec;VALUE=0 
 PARM;GEOM_ID=BJTILEQDFM;ID=YBQGTBHGWIV;NAME=LeftRSlew;GROUP=XSec;VALUE=0 
 PARM;GEOM_ID=BJTILEQDFM;ID=VBOENCPLWLT;NAME=LeftRSlewSet;GROUP=XSec;VALUE=1 
 PARM;GEOM_ID=BJTILEQDFM;ID=WSVWTSXIXYF;NAME=LeftRStrength;GROUP=XSec;VALUE=1 
 PARM;GEOM_ID=BJTILEQDFM;ID=KUOODDGOLRN;NAME=LeftRStrengthSet;GROUP=XSec;VALUE=1 
 PARM;GEOM_ID=BJTILEQDFM;ID=BHFBIFSSBOT;NAME=RLSym;GROUP=XSec;VALUE=1 
 PARM;GEOM_ID=BJTILEQDFM;ID=MVRXDHVKGJQ;NAME=RefLength;GROUP=XSec;VALUE=30 
 PARM;GEOM_ID=BJTILEQDFM;ID=RGBBCAHLKZP;NAME=RightLAngle;GROUP=XSec;VALUE=0 
 PARM;GEOM_ID=BJTILEQDFM;ID=NPDOTJXZVON;NAME=RightLAngleSet;GROUP=XSec;VALUE=1 
 PARM;GEOM_ID=BJTILEQDFM;ID=TYVLADLZSAQ;NAME=RightLCurve;GROUP=XSec;VALUE=-0.83552 
 PARM;GEOM_ID=BJTILEQDFM;ID=MKCIJKYBFKF;NAME=RightLCurveSet;GROUP=XSec;VALUE=0 
 PARM;GEOM_ID=BJTILEQDFM;ID=JMHKTEHJSJP;NAME=RightLRAngleEq;GROUP=XSec;VALUE=1 
 PARM;GEOM_ID=BJTILEQDFM;ID=SVWWPCYAUBS;NAME=RightLRCurveEq;GROUP=XSec;VALUE=0 
 PARM;GEOM_ID=BJTILEQDFM;ID=FLZCYKMGYDI;NAME=RightLRSlewEq;GROUP=XSec;VALUE=0 
 PARM;GEOM_ID=BJTILEQDFM;ID=WGBVVELFRTP;NAME=RightLRStrengthEq;GROUP=XSec;VALUE=0 
 PARM;GEOM_ID=BJTILEQDFM;ID=COIGKHZYRWB;NAME=RightLSlew;GROUP=XSec;VALUE=0 
 PARM;GEOM_ID=BJTILEQDFM;ID=TVGGBFAROPI;NAME=RightLSlewSet;GROUP=XSec;VALUE=1 
 PARM;GEOM_ID=BJTILEQDFM;ID=KKXHIBKYKJX;NAME=RightLStrength;GROUP=XSec;VALUE=1 
 PARM;GEOM_ID=BJTILEQDFM;ID=XECHGNBRCYJ;NAME=RightLStrengthSet;GROUP=XSec;VALUE=1 
 PARM;GEOM_ID=BJTILEQDFM;ID=DBEGYEAAJFV;NAME=RightRAngle;GROUP=XSec;VALUE=0 
 PARM;GEOM_ID=BJTILEQDFM;ID=YJPQWPYWBKE;NAME=RightRAngleSet;GROUP=XSec;VALUE=1 
 PARM;GEOM_ID=BJTILEQDFM;ID=WFSQJMGXLLM;NAME=RightRCurve;GROUP=XSec;VALUE=0.104945 
 PARM;GEOM_ID=BJTILEQDFM;ID=EZKGMHSSHPN;NAME=RightRCurveSet;GROUP=XSec;VALUE=0 
 PARM;GEOM_ID=BJTILEQDFM;ID=FGSPIDIUZUO;NAME=RightRSlew;GROUP=XSec;VALUE=0 
 PARM;GEOM_ID=BJTILEQDFM;ID=VPNNLDDEYFY;NAME=RightRSlewSet;GROUP=XSec;VALUE=1 
 PARM;GEOM_ID=BJTILEQDFM;ID=TCOUKUKAAHS;NAME=RightRStrength;GROUP=XSec;VALUE=1 
 PARM;GEOM_ID=BJTILEQDFM;ID=SMDQMRHJDAL;NAME=RightRStrengthSet;GROUP=XSec;VALUE=1 
 PARM;GEOM_ID=BJTILEQDFM;ID=JVGHVOEYATQ;NAME=SectTess_U;GROUP=XSec;VALUE=10 
 PARM;GEOM_ID=BJTILEQDFM;ID=LJSEEUYNHIL;NAME=Spin;GROUP=XSec;VALUE=0 
 PARM;GEOM_ID=BJTILEQDFM;ID=TTVPQYFVHAQ;NAME=TBSym;GROUP=XSec;VALUE=1 
 PARM;GEOM_ID=BJTILEQDFM;ID=YEDVXGFZVDH;NAME=TopLAngle;GROUP=XSec;VALUE=0 
 PARM;GEOM_ID=BJTILEQDFM;ID=HTKAMCVQPUQ;NAME=TopLAngleSet;GROUP=XSec;VALUE=1 
 PARM;GEOM_ID=BJTILEQDFM;ID=FKHLOAWSUCW;NAME=TopLCurve;GROUP=XSec;VALUE=-0.751562 
 PARM;GEOM_ID=BJTILEQDFM;ID=AJBWFCYMPLI;NAME=TopLCurveSet;GROUP=XSec;VALUE=0 
 PARM;GEOM_ID=BJTILEQDFM;ID=NJBSWCSMXCW;NAME=TopLRAngleEq;GROUP=XSec;VALUE=1 
 PARM;GEOM_ID=BJTILEQDFM;ID=PBABVTMFCGO;NAME=TopLRCurveEq;GROUP=XSec;VALUE=0 
 PARM;GEOM_ID=BJTILEQDFM;ID=CBUBEYXRRVV;NAME=TopLRSlewEq;GROUP=XSec;VALUE=0 
 PARM;GEOM_ID=BJTILEQDFM;ID=ECJFRTNUTAX;NAME=TopLRStrengthEq;GROUP=XSec;VALUE=0 
 PARM;GEOM_ID=BJTILEQDFM;ID=HRJGFKNTIQV;NAME=TopLSlew;GROUP=XSec;VALUE=0 
 PARM;GEOM_ID=BJTILEQDFM;ID=UMTVAAZSPHB;NAME=TopLSlewSet;GROUP=XSec;VALUE=1 
 PARM;GEOM_ID=BJTILEQDFM;ID=VQPQTTTBNTN;NAME=TopLStrength;GROUP=XSec;VALUE=1 
 PARM;GEOM_ID=BJTILEQDFM;ID=CPMZRSHVZOA;NAME=TopLStrengthSet;GROUP=XSec;VALUE=1 
 PARM;GEOM_ID=BJTILEQDFM;ID=FRXJSHFXIVH;NAME=TopRAngle;GROUP=XSec;VALUE=0 
 PARM;GEOM_ID=BJTILEQDFM;ID=FOQBBPOHNUL;NAME=TopRAngleSet;GROUP=XSec;VALUE=1 
 PARM;GEOM_ID=BJTILEQDFM;ID=AIDWVOXIXOE;NAME=TopRCurve;GROUP=XSec;VALUE=0.144564 
 PARM;GEOM_ID=BJTILEQDFM;ID=ANRIDDDPGDJ;NAME=TopRCurveSet;GROUP=XSec;VALUE=0 
 PARM;GEOM_ID=BJTILEQDFM;ID=XRXNWQZNZKE;NAME=TopRSlew;GROUP=XSec;VALUE=0 
 PARM;GEOM_ID=BJTILEQDFM;ID=FGLKIHJWPRT;NAME=TopRSlewSet;GROUP=XSec;VALUE=1 
 PARM;GEOM_ID=BJTILEQDFM;ID=ZJZKGFMEWHR;NAME=TopRStrength;GROUP=XSec;VALUE=1 
 PARM;GEOM_ID=BJTILEQDFM;ID=FHXRLHIKJCC;NAME=TopRStrengthSet;GROUP=XSec;VALUE=1 
 PARM;GEOM_ID=BJTILEQDFM;ID=BOUPWGBYWKV;NAME=XLocPercent;GROUP=XSec;VALUE=0.25 
 PARM;GEOM_ID=BJTILEQDFM;ID=TOKQXXEJBRH;NAME=XRotate;GROUP=XSec;VALUE=0 
 PARM;GEOM_ID=BJTILEQDFM;ID=HIWPICUBOMZ;NAME=YLocPercent;GROUP=XSec;VALUE=0 
 PARM;GEOM_ID=BJTILEQDFM;ID=OONRKBYRXOC;NAME=YRotate;GROUP=XSec;VALUE=0 
 PARM;GEOM_ID=BJTILEQDFM;ID=OTILNVMACBR;NAME=ZLocPercent;GROUP=XSec;VALUE=-0.00102459 
 PARM;GEOM_ID=BJTILEQDFM;ID=KSSFVVVMEDA;NAME=ZRotate;GROUP=XSec;VALUE=0 
 PARM;GEOM_ID=BJTILEQDFM;ID=PHNYBUVXRRB;NAME=Area;GROUP=XSecCurve;VALUE=5.10948 
 PARM;GEOM_ID=BJTILEQDFM;ID=COIUVZGGKWM;NAME=DeltaX;GROUP=XSecCurve;VALUE=0 
 PARM;GEOM_ID=BJTILEQDFM;ID=AJCSDVJGEKU;NAME=DeltaY;GROUP=XSecCurve;VALUE=0 
 PARM;GEOM_ID=BJTILEQDFM;ID=KBGDJAMWFAW;NAME=Ellipse_Height;GROUP=XSecCurve;VALUE=2.5 
 PARM;GEOM_ID=BJTILEQDFM;ID=WRHYOUTSXKA;NAME=Ellipse_Width;GROUP=XSecCurve;VALUE=2.60204 
 PARM;GEOM_ID=BJTILEQDFM;ID=YJNKRVQVPXH;NAME=HWRatio;GROUP=XSecCurve;VALUE=0.960784 
 PARM;GEOM_ID=BJTILEQDFM;ID=GOHVZTWIJUH;NAME=Scale;GROUP=XSecCurve;VALUE=1 
 PARM;GEOM_ID=BJTILEQDFM;ID=VAWUWLSEDHE;NAME=ShiftLE;GROUP=XSecCurve;VALUE=0 
 PARM;GEOM_ID=BJTILEQDFM;ID=VHBUQBCJQHO;NAME=Theta;GROUP=XSecCurve;VALUE=0 
 PARM;GEOM_ID=BJTILEQDFM;ID=HPNYDHWLYQD;NAME=LE_Cap_Length;GROUP=Cap;VALUE=1 
 PARM;GEOM_ID=BJTILEQDFM;ID=ELPXHXRVFGA;NAME=LE_Cap_Offset;GROUP=Cap;VALUE=0 
 PARM;GEOM_ID=BJTILEQDFM;ID=KESEPZLYZZO;NAME=LE_Cap_Strength;GROUP=Cap;VALUE=0.5 
 PARM;GEOM_ID=BJTILEQDFM;ID=FVEQFKITTPN;NAME=LE_Cap_Type;GROUP=Cap;VALUE=1 
 PARM;GEOM_ID=BJTILEQDFM;ID=VZHGQCCHBKQ;NAME=TE_Cap_Length;GROUP=Cap;VALUE=1 
 PARM;GEOM_ID=BJTILEQDFM;ID=TKYBKNCCUCX;NAME=TE_Cap_Offset;GROUP=Cap;VALUE=0 
 PARM;GEOM_ID=BJTILEQDFM;ID=PQVVQJDOMXC;NAME=TE_Cap_Strength;GROUP=Cap;VALUE=0.5 
 PARM;GEOM_ID=BJTILEQDFM;ID=TRLLCIZMVXC;NAME=TE_Cap_Type;GROUP=Cap;VALUE=1 
 PARM;GEOM_ID=BJTILEQDFM;ID=GQZKREJHEAN;NAME=LE_Close_AbsRel;GROUP=Close;VALUE=0 
 PARM;GEOM_ID=BJTILEQDFM;ID=UEBVOYRHTNF;NAME=LE_Close_Thick;GROUP=Close;VALUE=0 
 PARM;GEOM_ID=BJTILEQDFM;ID=UCSKATKLUCK;NAME=LE_Close_Thick_Chord;GROUP=Close;VALUE=0 
 PARM;GEOM_ID=BJTILEQDFM;ID=DXTPPFCERUM;NAME=LE_Close_Type;GROUP=Close;VALUE=0 
 PARM;GEOM_ID=BJTILEQDFM;ID=QIXIEVOVNBL;NAME=TE_Close_AbsRel;GROUP=Close;VALUE=0 
 PARM;GEOM_ID=BJTILEQDFM;ID=XLOYCMKFPLN;NAME=TE_Close_Thick;GROUP=Close;VALUE=0 
 PARM;GEOM_ID=BJTILEQDFM;ID=EPEWOLQTFAI;NAME=TE_Close_Thick_Chord;GROUP=Close;VALUE=0 
 PARM;GEOM_ID=BJTILEQDFM;ID=HCEUEQSUYYK;NAME=TE_Close_Type;GROUP=Close;VALUE=0 
 PARM;GEOM_ID=BJTILEQDFM;ID=RZCUGUWTWOP;NAME=LE_Trim_AbsRel;GROUP=Trim;VALUE=0 
 PARM;GEOM_ID=BJTILEQDFM;ID=ZWPDKWIYDFN;NAME=LE_Trim_Thick;GROUP=Trim;VALUE=0 
 PARM;GEOM_ID=BJTILEQDFM;ID=ETUIETRZSRI;NAME=LE_Trim_Thick_Chord;GROUP=Trim;VALUE=0 
 PARM;GEOM_ID=BJTILEQDFM;ID=HMYIAZLGSQU;NAME=LE_Trim_Type;GROUP=Trim;VALUE=0 
 PARM;GEOM_ID=BJTILEQDFM;ID=QZGNVGMYYSY;NAME=LE_Trim_X;GROUP=Trim;VALUE=0 
 PARM;GEOM_ID=BJTILEQDFM;ID=RJTWINHWKIF;NAME=LE_Trim_X_Chord;GROUP=Trim;VALUE=0 
 PARM;GEOM_ID=BJTILEQDFM;ID=YHFMINMSBEU;NAME=TE_Trim_AbsRel;GROUP=Trim;VALUE=0 
 PARM;GEOM_ID=BJTILEQDFM;ID=EPDTYKCVHJF;NAME=TE_Trim_Thick;GROUP=Trim;VALUE=0 
 PARM;GEOM_ID=BJTILEQDFM;ID=FHZYRBMCWYG;NAME=TE_Trim_Thick_Chord;GROUP=Trim;VALUE=0 
 PARM;GEOM_ID=BJTILEQDFM;ID=PWBGMPEIUSA;NAME=TE_Trim_Type;GROUP=Trim;VALUE=0 
 PARM;GEOM_ID=BJTILEQDFM;ID=PEFTUSYABPW;NAME=TE_Trim_X;GROUP=Trim;VALUE=0 
 PARM;GEOM_ID=BJTILEQDFM;ID=GFQBTIOMFTJ;NAME=TE_Trim_X_Chord;GROUP=Trim;VALUE=0 
 PARM;GEOM_ID=BJTILEQDFM;ID=XZQAEFDJGJU;NAME=TE_Flap_DT;GROUP=Flap;VALUE=0 
 PARM;GEOM_ID=BJTILEQDFM;ID=GUIISCSMWYF;NAME=TE_Flap_Deflection;GROUP=Flap;VALUE=0 
 PARM;GEOM_ID=BJTILEQDFM;ID=CDGHJJUPCYP;NAME=TE_Flap_Flag;GROUP=Flap;VALUE=0 
 PARM;GEOM_ID=BJTILEQDFM;ID=HCMBWROEORM;NAME=TE_Flap_T;GROUP=Flap;VALUE=0.2 
 PARM;GEOM_ID=BJTILEQDFM;ID=AZOAXPUXCDO;NAME=TE_Flap_Type;GROUP=Flap;VALUE=0 
 PARM;GEOM_ID=BJTILEQDFM;ID=PKEAAOAOBWC;NAME=TE_Flap_X;GROUP=Flap;VALUE=0 
 PARM;GEOM_ID=BJTILEQDFM;ID=CLFXBSVFQCQ;NAME=TE_Flap_X_Chord;GROUP=Flap;VALUE=0.2 
 PARM;GEOM_ID=BJTILEQDFM;ID=TAXLRSORKBY;NAME=TE_Flap_Y_Frc;GROUP=Flap;VALUE=0.5 
 PARM;GEOM_ID=BJTILEQDFM;ID=GGRZHNDPQZB;NAME=TE_Trim_AbsRel;GROUP=Flap;VALUE=1 
 PARM;GEOM_ID=BJTILEQDFM;ID=UTWVOUJFQEL;NAME=XSecFlipImageFlag;GROUP=XSecCurve_Background;VALUE=0 
 PARM;GEOM_ID=BJTILEQDFM;ID=LKDOYDIVZSO;NAME=XSecImageFlag;GROUP=XSecCurve_Background;VALUE=0 
 PARM;GEOM_ID=BJTILEQDFM;ID=TPVSKMHVQDR;NAME=XSecImageH;GROUP=XSecCurve_Background;VALUE=1 
 PARM;GEOM_ID=BJTILEQDFM;ID=OJHNCRVUNJD;NAME=XSecImagePreserveAR;GROUP=XSecCurve_Background;VALUE=1 
 PARM;GEOM_ID=BJTILEQDFM;ID=YHSLGGZXJRK;NAME=XSecImageW;GROUP=XSecCurve_Background;VALUE=1 
 PARM;GEOM_ID=BJTILEQDFM;ID=APVKAHYBCKC;NAME=XSecImageXOffset;GROUP=XSecCurve_Background;VALUE=0 
 PARM;GEOM_ID=BJTILEQDFM;ID=SFTRWMKCXKX;NAME=XSecImageYOffset;GROUP=XSecCurve_Background;VALUE=0 
 PARM;GEOM_ID=BJTILEQDFM;ID=SRAAQPCXUMT;NAME=XSecLockImageFlag;GROUP=XSecCurve_Background;VALUE=0 
 PARM;GEOM_ID=BJTILEQDFM;ID=GAHRKFGBUNC;NAME=AllSym;GROUP=Chevron;VALUE=1 
 PARM;GEOM_ID=BJTILEQDFM;ID=GUANXBFNBTG;NAME=BottomAmplitude;GROUP=Chevron;VALUE=1 
 PARM;GEOM_ID=BJTILEQDFM;ID=OWFGWJQVCLR;NAME=Bottom_Angle;GROUP=Chevron;VALUE=0 
 PARM;GEOM_ID=BJTILEQDFM;ID=YVRJMZYLOPS;NAME=Bottom_Slew;GROUP=Chevron;VALUE=0 
 PARM;GEOM_ID=BJTILEQDFM;ID=EPNCYPDUJEE;NAME=Chevron_Type;GROUP=Chevron;VALUE=0 
 PARM;GEOM_ID=BJTILEQDFM;ID=IYCMCVJAXEI;NAME=LeftAmplitude;GROUP=Chevron;VALUE=1 
 PARM;GEOM_ID=BJTILEQDFM;ID=ATIIBVCVPYA;NAME=Left_Angle;GROUP=Chevron;VALUE=0 
 PARM;GEOM_ID=BJTILEQDFM;ID=ZOSDDLDWWIL;NAME=Left_Slew;GROUP=Chevron;VALUE=0 
 PARM;GEOM_ID=BJTILEQDFM;ID=XSTSNJFKJRW;NAME=Number;GROUP=Chevron;VALUE=8 
 PARM;GEOM_ID=BJTILEQDFM;ID=DRMRYUOLMRF;NAME=Off_Duty;GROUP=Chevron;VALUE=0 
 PARM;GEOM_ID=BJTILEQDFM;ID=MKNTCKBSSHH;NAME=On_Duty;GROUP=Chevron;VALUE=0 
 PARM;GEOM_ID=BJTILEQDFM;ID=EEIHYGHYUIY;NAME=Peak_Radius;GROUP=Chevron;VALUE=0 
 PARM;GEOM_ID=BJTILEQDFM;ID=YAHKAUKITZA;NAME=RLSym;GROUP=Chevron;VALUE=1 
 PARM;GEOM_ID=BJTILEQDFM;ID=NCTABCXOSMS;NAME=RightAmplitude;GROUP=Chevron;VALUE=1 
 PARM;GEOM_ID=BJTILEQDFM;ID=OIDZJEQIEWD;NAME=Right_Angle;GROUP=Chevron;VALUE=0 
 PARM;GEOM_ID=BJTILEQDFM;ID=GNMWOIGYVFM;NAME=Right_Slew;GROUP=Chevron;VALUE=0 
 PARM;GEOM_ID=BJTILEQDFM;ID=ENGNMCFKUAD;NAME=TBSym;GROUP=Chevron;VALUE=1 
 PARM;GEOM_ID=BJTILEQDFM;ID=ZEEENOPJPAX;NAME=TopAmplitude;GROUP=Chevron;VALUE=1 
 PARM;GEOM_ID=BJTILEQDFM;ID=JHKVKKUBQCP;NAME=Top_Angle;GROUP=Chevron;VALUE=0 
 PARM;GEOM_ID=BJTILEQDFM;ID=SZRBPDCHGLC;NAME=Top_Slew;GROUP=Chevron;VALUE=0 
 PARM;GEOM_ID=BJTILEQDFM;ID=HGMLXSOIRZV;NAME=Valley_Radius;GROUP=Chevron;VALUE=0 
 PARM;GEOM_ID=BJTILEQDFM;ID=MFJJWKUQBUU;NAME=W01_Center;GROUP=Chevron;VALUE=0.25 
 PARM;GEOM_ID=BJTILEQDFM;ID=LQFPVMCOEYX;NAME=W01_Center_Guide;GROUP=Chevron;VALUE=5 
 PARM;GEOM_ID=BJTILEQDFM;ID=PHLTPIVBAIL;NAME=W01_End;GROUP=Chevron;VALUE=0.5 
 PARM;GEOM_ID=BJTILEQDFM;ID=UXSDQOOSPLV;NAME=W01_End_Guide;GROUP=Chevron;VALUE=5 
 PARM;GEOM_ID=BJTILEQDFM;ID=IXMZVIKFUNZ;NAME=W01_Mode;GROUP=Chevron;VALUE=0 
 PARM;GEOM_ID=BJTILEQDFM;ID=YDMJHEWMEWK;NAME=W01_Start;GROUP=Chevron;VALUE=0 
 PARM;GEOM_ID=BJTILEQDFM;ID=QQTMOVYIOPG;NAME=W01_Start_Guide;GROUP=Chevron;VALUE=5 
 PARM;GEOM_ID=BJTILEQDFM;ID=XQZHOGNKNYM;NAME=W01_Width;GROUP=Chevron;VALUE=0.5 
 PARM;GEOM_ID=BJTILEQDFM;ID=MJLQQCLNHRY;NAME=AftCluster;GROUP=XSec;VALUE=1 
 PARM;GEOM_ID=BJTILEQDFM;ID=RAYUNYWTMHC;NAME=AllSym;GROUP=XSec;VALUE=0 
 PARM;GEOM_ID=BJTILEQDFM;ID=VCBXJQBMSWX;NAME=BottomLAngle;GROUP=XSec;VALUE=0 
 PARM;GEOM_ID=BJTILEQDFM;ID=QYUELHJHSCD;NAME=BottomLAngleSet;GROUP=XSec;VALUE=1 
 PARM;GEOM_ID=BJTILEQDFM;ID=SIEDWTWWADV;NAME=BottomLCurve;GROUP=XSec;VALUE=-0.0954043 
 PARM;GEOM_ID=BJTILEQDFM;ID=PHDIFYMPULS;NAME=BottomLCurveSet;GROUP=XSec;VALUE=0 
 PARM;GEOM_ID=BJTILEQDFM;ID=DVFQIEVMTEC;NAME=BottomLRAngleEq;GROUP=XSec;VALUE=1 
 PARM;GEOM_ID=BJTILEQDFM;ID=FWLXQRAXFOM;NAME=BottomLRCurveEq;GROUP=XSec;VALUE=0 
 PARM;GEOM_ID=BJTILEQDFM;ID=DOYZGELRSMK;NAME=BottomLRSlewEq;GROUP=XSec;VALUE=0 
 PARM;GEOM_ID=BJTILEQDFM;ID=LACPQIOLBJG;NAME=BottomLRStrengthEq;GROUP=XSec;VALUE=0 
 PARM;GEOM_ID=BJTILEQDFM;ID=UYBLHXOMRFV;NAME=BottomLSlew;GROUP=XSec;VALUE=0 
 PARM;GEOM_ID=BJTILEQDFM;ID=HTHYIQBDDVL;NAME=BottomLSlewSet;GROUP=XSec;VALUE=1 
 PARM;GEOM_ID=BJTILEQDFM;ID=SJFKUSRPOCH;NAME=BottomLStrength;GROUP=XSec;VALUE=1 
 PARM;GEOM_ID=BJTILEQDFM;ID=FMTDDVVEWWN;NAME=BottomLStrengthSet;GROUP=XSec;VALUE=1 
 PARM;GEOM_ID=BJTILEQDFM;ID=YNVEJDXLCRQ;NAME=BottomRAngle;GROUP=XSec;VALUE=0 
 PARM;GEOM_ID=BJTILEQDFM;ID=MNIWKHPCIBO;NAME=BottomRAngleSet;GROUP=XSec;VALUE=1 
 PARM;GEOM_ID=BJTILEQDFM;ID=QPJDYBMRHSU;NAME=BottomRCurve;GROUP=XSec;VALUE=0.143319 
 PARM;GEOM_ID=BJTILEQDFM;ID=OBURWJLVZBK;NAME=BottomRCurveSet;GROUP=XSec;VALUE=0 
 PARM;GEOM_ID=BJTILEQDFM;ID=VPZKGHRMLBR;NAME=BottomRSlew;GROUP=XSec;VALUE=0 
 PARM;GEOM_ID=BJTILEQDFM;ID=AHXOLYTYJNG;NAME=BottomRSlewSet;GROUP=XSec;VALUE=1 
 PARM;GEOM_ID=BJTILEQDFM;ID=ZCJCZQLEXVJ;NAME=BottomRStrength;GROUP=XSec;VALUE=1 
 PARM;GEOM_ID=BJTILEQDFM;ID=SMVZNHLVVEG;NAME=BottomRStrengthSet;GROUP=XSec;VALUE=1 
 PARM;GEOM_ID=BJTILEQDFM;ID=GLONDCMKLRD;NAME=ContinuityBottom;GROUP=XSec;VALUE=0 
 PARM;GEOM_ID=BJTILEQDFM;ID=NFBLSTGZIIL;NAME=ContinuityLeft;GROUP=XSec;VALUE=0 
 PARM;GEOM_ID=BJTILEQDFM;ID=PIUJBWMIKIT;NAME=ContinuityRight;GROUP=XSec;VALUE=0 
 PARM;GEOM_ID=BJTILEQDFM;ID=UPEIRGXAUMC;NAME=ContinuityTop;GROUP=XSec;VALUE=0 
 PARM;GEOM_ID=BJTILEQDFM;ID=BDXEHMZWCAS;NAME=FwdCluster;GROUP=XSec;VALUE=1 
 PARM;GEOM_ID=BJTILEQDFM;ID=UDZEMXSYJDW;NAME=LeftLAngle;GROUP=XSec;VALUE=0 
 PARM;GEOM_ID=BJTILEQDFM;ID=ZDTQQDUZSNP;NAME=LeftLAngleSet;GROUP=XSec;VALUE=1 
 PARM;GEOM_ID=BJTILEQDFM;ID=MNHGUMZTVEJ;NAME=LeftLCurve;GROUP=XSec;VALUE=-0.104955 
 PARM;GEOM_ID=BJTILEQDFM;ID=MQXCSOVZOHX;NAME=LeftLCurveSet;GROUP=XSec;VALUE=0 
 PARM;GEOM_ID=BJTILEQDFM;ID=AWUKVPHHNVI;NAME=LeftLRAngleEq;GROUP=XSec;VALUE=1 
 PARM;GEOM_ID=BJTILEQDFM;ID=BHPBWCTCCNL;NAME=LeftLRCurveEq;GROUP=XSec;VALUE=0 
 PARM;GEOM_ID=BJTILEQDFM;ID=JETKZPNZEHG;NAME=LeftLRSlewEq;GROUP=XSec;VALUE=0 
 PARM;GEOM_ID=BJTILEQDFM;ID=JNJYTQXRDWH;NAME=LeftLRStrengthEq;GROUP=XSec;VALUE=0 
 PARM;GEOM_ID=BJTILEQDFM;ID=BEICBTQBCWA;NAME=LeftLSlew;GROUP=XSec;VALUE=0 
 PARM;GEOM_ID=BJTILEQDFM;ID=JDRITYKIWEP;NAME=LeftLSlewSet;GROUP=XSec;VALUE=1 
 PARM;GEOM_ID=BJTILEQDFM;ID=DGMXCCMQRZJ;NAME=LeftLStrength;GROUP=XSec;VALUE=1 
 PARM;GEOM_ID=BJTILEQDFM;ID=LVGRWKEYUMI;NAME=LeftLStrengthSet;GROUP=XSec;VALUE=1 
 PARM;GEOM_ID=BJTILEQDFM;ID=BQQBCVONXOC;NAME=LeftRAngle;GROUP=XSec;VALUE=0 
 PARM;GEOM_ID=BJTILEQDFM;ID=MCUYFOARJSA;NAME=LeftRAngleSet;GROUP=XSec;VALUE=1 
 PARM;GEOM_ID=BJTILEQDFM;ID=ETVATNWUFHC;NAME=LeftRCurve;GROUP=XSec;VALUE=0.144236 
 PARM;GEOM_ID=BJTILEQDFM;ID=WRAZZWAFGQB;NAME=LeftRCurveSet;GROUP=XSec;VALUE=0 
 PARM;GEOM_ID=BJTILEQDFM;ID=GIVZBQSBQJT;NAME=LeftRSlew;GROUP=XSec;VALUE=0 
 PARM;GEOM_ID=BJTILEQDFM;ID=QNIYJBYNUQL;NAME=LeftRSlewSet;GROUP=XSec;VALUE=1 
 PARM;GEOM_ID=BJTILEQDFM;ID=ETQERKEHBGJ;NAME=LeftRStrength;GROUP=XSec;VALUE=1 
 PARM;GEOM_ID=BJTILEQDFM;ID=PZONULGSCTO;NAME=LeftRStrengthSet;GROUP=XSec;VALUE=1 
 PARM;GEOM_ID=BJTILEQDFM;ID=FSUCSDVWNKV;NAME=RLSym;GROUP=XSec;VALUE=1 
 PARM;GEOM_ID=BJTILEQDFM;ID=XIBZROHVZYA;NAME=RefLength;GROUP=XSec;VALUE=30 
 PARM;GEOM_ID=BJTILEQDFM;ID=PHBZBTCWYSF;NAME=RightLAngle;GROUP=XSec;VALUE=0 
 PARM;GEOM_ID=BJTILEQDFM;ID=NCZYJSYLFZS;NAME=RightLAngleSet;GROUP=XSec;VALUE=1 
 PARM;GEOM_ID=BJTILEQDFM;ID=ZXQBPRKWNCF;NAME=RightLCurve;GROUP=XSec;VALUE=-0.104955 
 PARM;GEOM_ID=BJTILEQDFM;ID=PPTKIHRSPXY;NAME=RightLCurveSet;GROUP=XSec;VALUE=0 
 PARM;GEOM_ID=BJTILEQDFM;ID=KHKZQXHAADS;NAME=RightLRAngleEq;GROUP=XSec;VALUE=1 
 PARM;GEOM_ID=BJTILEQDFM;ID=IGIXJNIJITD;NAME=RightLRCurveEq;GROUP=XSec;VALUE=0 
 PARM;GEOM_ID=BJTILEQDFM;ID=FYZSBIHEZSJ;NAME=RightLRSlewEq;GROUP=XSec;VALUE=0 
 PARM;GEOM_ID=BJTILEQDFM;ID=ZRPGBAPBRNJ;NAME=RightLRStrengthEq;GROUP=XSec;VALUE=0 
 PARM;GEOM_ID=BJTILEQDFM;ID=OCINFPVRCOJ;NAME=RightLSlew;GROUP=XSec;VALUE=0 
 PARM;GEOM_ID=BJTILEQDFM;ID=PNRQTSFJUXT;NAME=RightLSlewSet;GROUP=XSec;VALUE=1 
 PARM;GEOM_ID=BJTILEQDFM;ID=LUIIFPSBXMX;NAME=RightLStrength;GROUP=XSec;VALUE=1 
 PARM;GEOM_ID=BJTILEQDFM;ID=VBAXBEWMOUH;NAME=RightLStrengthSet;GROUP=XSec;VALUE=1 
 PARM;GEOM_ID=BJTILEQDFM;ID=TGPVAILREPV;NAME=RightRAngle;GROUP=XSec;VALUE=0 
 PARM;GEOM_ID=BJTILEQDFM;ID=DNLZTVCGOUQ;NAME=RightRAngleSet;GROUP=XSec;VALUE=1 
 PARM;GEOM_ID=BJTILEQDFM;ID=OWALFHZBLZD;NAME=RightRCurve;GROUP=XSec;VALUE=0.144236 
 PARM;GEOM_ID=BJTILEQDFM;ID=HPJSQJVBLMJ;NAME=RightRCurveSet;GROUP=XSec;VALUE=0 
 PARM;GEOM_ID=BJTILEQDFM;ID=MJWWGRSHTQX;NAME=RightRSlew;GROUP=XSec;VALUE=0 
 PARM;GEOM_ID=BJTILEQDFM;ID=DOMVGZPYXGS;NAME=RightRSlewSet;GROUP=XSec;VALUE=1 
 PARM;GEOM_ID=BJTILEQDFM;ID=BVZOHQXWMHZ;NAME=RightRStrength;GROUP=XSec;VALUE=1 
 PARM;GEOM_ID=BJTILEQDFM;ID=JMRMUBTMBCO;NAME=RightRStrengthSet;GROUP=XSec;VALUE=1 
 PARM;GEOM_ID=BJTILEQDFM;ID=HYDZJTPKMTE;NAME=SectTess_U;GROUP=XSec;VALUE=10 
 PARM;GEOM_ID=BJTILEQDFM;ID=CZPGPGULGBH;NAME=Spin;GROUP=XSec;VALUE=0 
 PARM;GEOM_ID=BJTILEQDFM;ID=JZDWGOPEZJF;NAME=TBSym;GROUP=XSec;VALUE=1 
 PARM;GEOM_ID=BJTILEQDFM;ID=KKIVOTZVLGI;NAME=TopLAngle;GROUP=XSec;VALUE=0 
 PARM;GEOM_ID=BJTILEQDFM;ID=AGHZGLIBSOG;NAME=TopLAngleSet;GROUP=XSec;VALUE=1 
 PARM;GEOM_ID=BJTILEQDFM;ID=XSIPMCCBBQV;NAME=TopLCurve;GROUP=XSec;VALUE=-0.144579 
 PARM;GEOM_ID=BJTILEQDFM;ID=GKCJQVPIPMP;NAME=TopLCurveSet;GROUP=XSec;VALUE=0 
 PARM;GEOM_ID=BJTILEQDFM;ID=CRJUYMHQBHB;NAME=TopLRAngleEq;GROUP=XSec;VALUE=1 
 PARM;GEOM_ID=BJTILEQDFM;ID=FOGRSHULEYR;NAME=TopLRCurveEq;GROUP=XSec;VALUE=0 
 PARM;GEOM_ID=BJTILEQDFM;ID=QHTUICSOPAB;NAME=TopLRSlewEq;GROUP=XSec;VALUE=0 
 PARM;GEOM_ID=BJTILEQDFM;ID=OUZQUCELUHS;NAME=TopLRStrengthEq;GROUP=XSec;VALUE=0 
 PARM;GEOM_ID=BJTILEQDFM;ID=HUAAZABBIVN;NAME=TopLSlew;GROUP=XSec;VALUE=0 
 PARM;GEOM_ID=BJTILEQDFM;ID=DANWFDZEBAK;NAME=TopLSlewSet;GROUP=XSec;VALUE=1 
 PARM;GEOM_ID=BJTILEQDFM;ID=VZSVNJEIWBW;NAME=TopLStrength;GROUP=XSec;VALUE=1 
 PARM;GEOM_ID=BJTILEQDFM;ID=AXYCGAHUNXT;NAME=TopLStrengthSet;GROUP=XSec;VALUE=1 
 PARM;GEOM_ID=BJTILEQDFM;ID=NBZLCZNOJAX;NAME=TopRAngle;GROUP=XSec;VALUE=0 
 PARM;GEOM_ID=BJTILEQDFM;ID=TMVUUGZHFZA;NAME=TopRAngleSet;GROUP=XSec;VALUE=1 
 PARM;GEOM_ID=BJTILEQDFM;ID=MNQIFOPYVIP;NAME=TopRCurve;GROUP=XSec;VALUE=0.143319 
 PARM;GEOM_ID=BJTILEQDFM;ID=AZEKBHAFJDN;NAME=TopRCurveSet;GROUP=XSec;VALUE=0 
 PARM;GEOM_ID=BJTILEQDFM;ID=DUFCGSAPHMB;NAME=TopRSlew;GROUP=XSec;VALUE=0 
 PARM;GEOM_ID=BJTILEQDFM;ID=REFFZUCEJGF;NAME=TopRSlewSet;GROUP=XSec;VALUE=1 
 PARM;GEOM_ID=BJTILEQDFM;ID=MNUJXAWKSXE;NAME=TopRStrength;GROUP=XSec;VALUE=1 
 PARM;GEOM_ID=BJTILEQDFM;ID=PPNHUAROFET;NAME=TopRStrengthSet;GROUP=XSec;VALUE=1 
 PARM;GEOM_ID=BJTILEQDFM;ID=CSNHWNPGVCA;NAME=XLocPercent;GROUP=XSec;VALUE=0.5 
 PARM;GEOM_ID=BJTILEQDFM;ID=VKAUDHPGPET;NAME=XRotate;GROUP=XSec;VALUE=0 
 PARM;GEOM_ID=BJTILEQDFM;ID=XUBGCPUFYHG;NAME=YLocPercent;GROUP=XSec;VALUE=0 
 PARM;GEOM_ID=BJTILEQDFM;ID=RWUXXBNHLYO;NAME=YRotate;GROUP=XSec;VALUE=0 
 PARM;GEOM_ID=BJTILEQDFM;ID=GWLQAFGMPTO;NAME=ZLocPercent;GROUP=XSec;VALUE=0 
 PARM;GEOM_ID=BJTILEQDFM;ID=QDELRUZUPWC;NAME=ZRotate;GROUP=XSec;VALUE=0 
 PARM;GEOM_ID=BJTILEQDFM;ID=ZFCEELTRADC;NAME=Area;GROUP=XSecCurve;VALUE=6.28366 
 PARM;GEOM_ID=BJTILEQDFM;ID=ONVQSDNUDGR;NAME=DeltaX;GROUP=XSecCurve;VALUE=0 
 PARM;GEOM_ID=BJTILEQDFM;ID=ATQUZGMCHSH;NAME=DeltaY;GROUP=XSecCurve;VALUE=0 
 PARM;GEOM_ID=BJTILEQDFM;ID=TWBAVMGVHYD;NAME=Ellipse_Height;GROUP=XSecCurve;VALUE=2.8 
 PARM;GEOM_ID=BJTILEQDFM;ID=VJGMBBBUXAR;NAME=Ellipse_Width;GROUP=XSecCurve;VALUE=2.85714 
 PARM;GEOM_ID=BJTILEQDFM;ID=TNZGJPTNZGR;NAME=HWRatio;GROUP=XSecCurve;VALUE=0.98 
 PARM;GEOM_ID=BJTILEQDFM;ID=DSBIADSYBRY;NAME=Scale;GROUP=XSecCurve;VALUE=1 
 PARM;GEOM_ID=BJTILEQDFM;ID=ULQOSIVPXZH;NAME=ShiftLE;GROUP=XSecCurve;VALUE=0 
 PARM;GEOM_ID=BJTILEQDFM;ID=UIMORMAXYES;NAME=Theta;GROUP=XSecCurve;VALUE=0 
 PARM;GEOM_ID=BJTILEQDFM;ID=LMRDFSKVPUZ;NAME=LE_Cap_Length;GROUP=Cap;VALUE=1 
 PARM;GEOM_ID=BJTILEQDFM;ID=GOIBVONYHTN;NAME=LE_Cap_Offset;GROUP=Cap;VALUE=0 
 PARM;GEOM_ID=BJTILEQDFM;ID=EUYPRLICBEW;NAME=LE_Cap_Strength;GROUP=Cap;VALUE=0.5 
 PARM;GEOM_ID=BJTILEQDFM;ID=MMURMDOVAGX;NAME=LE_Cap_Type;GROUP=Cap;VALUE=1 
 PARM;GEOM_ID=BJTILEQDFM;ID=ZUDRFBIRAHH;NAME=TE_Cap_Length;GROUP=Cap;VALUE=1 
 PARM;GEOM_ID=BJTILEQDFM;ID=HCWVLXQTETT;NAME=TE_Cap_Offset;GROUP=Cap;VALUE=0 
 PARM;GEOM_ID=BJTILEQDFM;ID=HFYGMEDYELG;NAME=TE_Cap_Strength;GROUP=Cap;VALUE=0.5 
 PARM;GEOM_ID=BJTILEQDFM;ID=XMTFXWDDFTM;NAME=TE_Cap_Type;GROUP=Cap;VALUE=1 
 PARM;GEOM_ID=BJTILEQDFM;ID=HAMHSXMTSHK;NAME=LE_Close_AbsRel;GROUP=Close;VALUE=0 
 PARM;GEOM_ID=BJTILEQDFM;ID=CCWTNJQYRKX;NAME=LE_Close_Thick;GROUP=Close;VALUE=0 
 PARM;GEOM_ID=BJTILEQDFM;ID=FHBQBWNPKFH;NAME=LE_Close_Thick_Chord;GROUP=Close;VALUE=0 
 PARM;GEOM_ID=BJTILEQDFM;ID=CCUQYXVDDBU;NAME=LE_Close_Type;GROUP=Close;VALUE=0 
 PARM;GEOM_ID=BJTILEQDFM;ID=MMMXFZFJIGM;NAME=TE_Close_AbsRel;GROUP=Close;VALUE=0 
 PARM;GEOM_ID=BJTILEQDFM;ID=FHLLQSYGVWD;NAME=TE_Close_Thick;GROUP=Close;VALUE=0 
 PARM;GEOM_ID=BJTILEQDFM;ID=PQSXVECLHYT;NAME=TE_Close_Thick_Chord;GROUP=Close;VALUE=0 
 PARM;GEOM_ID=BJTILEQDFM;ID=XQRHUNLFQYZ;NAME=TE_Close_Type;GROUP=Close;VALUE=0 
 PARM;GEOM_ID=BJTILEQDFM;ID=EPJWWRAJOBG;NAME=LE_Trim_AbsRel;GROUP=Trim;VALUE=0 
 PARM;GEOM_ID=BJTILEQDFM;ID=OFSMMPNXOLY;NAME=LE_Trim_Thick;GROUP=Trim;VALUE=0 
 PARM;GEOM_ID=BJTILEQDFM;ID=CCUJRSTSPCU;NAME=LE_Trim_Thick_Chord;GROUP=Trim;VALUE=0 
 PARM;GEOM_ID=BJTILEQDFM;ID=JPKAYCWTZJI;NAME=LE_Trim_Type;GROUP=Trim;VALUE=0 
 PARM;GEOM_ID=BJTILEQDFM;ID=AVZDMGWEKVU;NAME=LE_Trim_X;GROUP=Trim;VALUE=0 
 PARM;GEOM_ID=BJTILEQDFM;ID=TCOPMEPXBDE;NAME=LE_Trim_X_Chord;GROUP=Trim;VALUE=0 
 PARM;GEOM_ID=BJTILEQDFM;ID=KUHRIRXLJOR;NAME=TE_Trim_AbsRel;GROUP=Trim;VALUE=0 
 PARM;GEOM_ID=BJTILEQDFM;ID=OKQUJFDVUDK;NAME=TE_Trim_Thick;GROUP=Trim;VALUE=0 
 PARM;GEOM_ID=BJTILEQDFM;ID=JIYKWHXMVKB;NAME=TE_Trim_Thick_Chord;GROUP=Trim;VALUE=0 
 PARM;GEOM_ID=BJTILEQDFM;ID=VPLHKJQLIPF;NAME=TE_Trim_Type;GROUP=Trim;VALUE=0 
 PARM;GEOM_ID=BJTILEQDFM;ID=HWMFCSHAPUP;NAME=TE_Trim_X;GROUP=Trim;VALUE=0 
 PARM;GEOM_ID=BJTILEQDFM;ID=HMMNEAZYCZA;NAME=TE_Trim_X_Chord;GROUP=Trim;VALUE=0 
 PARM;GEOM_ID=BJTILEQDFM;ID=CONOOYHXNCT;NAME=TE_Flap_DT;GROUP=Flap;VALUE=0 
 PARM;GEOM_ID=BJTILEQDFM;ID=CGOSQYAFOUD;NAME=TE_Flap_Deflection;GROUP=Flap;VALUE=0 
 PARM;GEOM_ID=BJTILEQDFM;ID=UGLMRPLEYPH;NAME=TE_Flap_Flag;GROUP=Flap;VALUE=0 
 PARM;GEOM_ID=BJTILEQDFM;ID=SBRGOZSBWCM;NAME=TE_Flap_T;GROUP=Flap;VALUE=0.2 
 PARM;GEOM_ID=BJTILEQDFM;ID=MTTRILVTGHI;NAME=TE_Flap_Type;GROUP=Flap;VALUE=0 
 PARM;GEOM_ID=BJTILEQDFM;ID=FUZWOCSJSMG;NAME=TE_Flap_X;GROUP=Flap;VALUE=0 
 PARM;GEOM_ID=BJTILEQDFM;ID=OJOTQHJZKEF;NAME=TE_Flap_X_Chord;GROUP=Flap;VALUE=0.2 
 PARM;GEOM_ID=BJTILEQDFM;ID=DOUFTFQYUOF;NAME=TE_Flap_Y_Frc;GROUP=Flap;VALUE=0.5 
 PARM;GEOM_ID=BJTILEQDFM;ID=BJCOPPCGGQR;NAME=TE_Trim_AbsRel;GROUP=Flap;VALUE=1 
 PARM;GEOM_ID=BJTILEQDFM;ID=ZXXVLMGFBZI;NAME=XSecFlipImageFlag;GROUP=XSecCurve_Background;VALUE=0 
 PARM;GEOM_ID=BJTILEQDFM;ID=SIGPOTALMDN;NAME=XSecImageFlag;GROUP=XSecCurve_Background;VALUE=0 
 PARM;GEOM_ID=BJTILEQDFM;ID=NMQJFEHGBCV;NAME=XSecImageH;GROUP=XSecCurve_Background;VALUE=1 
 PARM;GEOM_ID=BJTILEQDFM;ID=RPEVNFNMGJP;NAME=XSecImagePreserveAR;GROUP=XSecCurve_Background;VALUE=1 
 PARM;GEOM_ID=BJTILEQDFM;ID=WVLLSMMLRIV;NAME=XSecImageW;GROUP=XSecCurve_Background;VALUE=1 
 PARM;GEOM_ID=BJTILEQDFM;ID=WLWWGSGPZLV;NAME=XSecImageXOffset;GROUP=XSecCurve_Background;VALUE=0 
 PARM;GEOM_ID=BJTILEQDFM;ID=NRXLCIOVHWS;NAME=XSecImageYOffset;GROUP=XSecCurve_Background;VALUE=0 
 PARM;GEOM_ID=BJTILEQDFM;ID=UKINJYRVTVU;NAME=XSecLockImageFlag;GROUP=XSecCurve_Background;VALUE=0 
 PARM;GEOM_ID=BJTILEQDFM;ID=IGHGWKTUQRK;NAME=AllSym;GROUP=Chevron;VALUE=1 
 PARM;GEOM_ID=BJTILEQDFM;ID=MJAORBGSEPN;NAME=BottomAmplitude;GROUP=Chevron;VALUE=1 
 PARM;GEOM_ID=BJTILEQDFM;ID=JLUDJJAOPKX;NAME=Bottom_Angle;GROUP=Chevron;VALUE=0 
 PARM;GEOM_ID=BJTILEQDFM;ID=MUDJWEUAMRJ;NAME=Bottom_Slew;GROUP=Chevron;VALUE=0 
 PARM;GEOM_ID=BJTILEQDFM;ID=QUQIBIBJWDL;NAME=Chevron_Type;GROUP=Chevron;VALUE=0 
 PARM;GEOM_ID=BJTILEQDFM;ID=UBWGALBWVLN;NAME=LeftAmplitude;GROUP=Chevron;VALUE=1 
 PARM;GEOM_ID=BJTILEQDFM;ID=AFLODRNEQDM;NAME=Left_Angle;GROUP=Chevron;VALUE=0 
 PARM;GEOM_ID=BJTILEQDFM;ID=QSVUQXZROKG;NAME=Left_Slew;GROUP=Chevron;VALUE=0 
 PARM;GEOM_ID=BJTILEQDFM;ID=LXKMWKQJANV;NAME=Number;GROUP=Chevron;VALUE=8 
 PARM;GEOM_ID=BJTILEQDFM;ID=SQOUBQZGJSA;NAME=Off_Duty;GROUP=Chevron;VALUE=0 
 PARM;GEOM_ID=BJTILEQDFM;ID=DKDSOKFLNOA;NAME=On_Duty;GROUP=Chevron;VALUE=0 
 PARM;GEOM_ID=BJTILEQDFM;ID=WTOOEMRYIPI;NAME=Peak_Radius;GROUP=Chevron;VALUE=0 
 PARM;GEOM_ID=BJTILEQDFM;ID=LSBMPKZVLNE;NAME=RLSym;GROUP=Chevron;VALUE=1 
 PARM;GEOM_ID=BJTILEQDFM;ID=QXDHPHCNPJZ;NAME=RightAmplitude;GROUP=Chevron;VALUE=1 
 PARM;GEOM_ID=BJTILEQDFM;ID=TBIJPEKXBLC;NAME=Right_Angle;GROUP=Chevron;VALUE=0 
 PARM;GEOM_ID=BJTILEQDFM;ID=YWAWSYBIVCI;NAME=Right_Slew;GROUP=Chevron;VALUE=0 
 PARM;GEOM_ID=BJTILEQDFM;ID=GBNHTPYZSHD;NAME=TBSym;GROUP=Chevron;VALUE=1 
 PARM;GEOM_ID=BJTILEQDFM;ID=HODVAKUUYUQ;NAME=TopAmplitude;GROUP=Chevron;VALUE=1 
 PARM;GEOM_ID=BJTILEQDFM;ID=TFZYATHZPYX;NAME=Top_Angle;GROUP=Chevron;VALUE=0 
 PARM;GEOM_ID=BJTILEQDFM;ID=EZLAOKGDFRH;NAME=Top_Slew;GROUP=Chevron;VALUE=0 
 PARM;GEOM_ID=BJTILEQDFM;ID=NXYLCRYWPYY;NAME=Valley_Radius;GROUP=Chevron;VALUE=0 
 PARM;GEOM_ID=BJTILEQDFM;ID=JPAZSYLABCM;NAME=W01_Center;GROUP=Chevron;VALUE=0.25 
 PARM;GEOM_ID=BJTILEQDFM;ID=PGEUGWRXTGU;NAME=W01_Center_Guide;GROUP=Chevron;VALUE=5 
 PARM;GEOM_ID=BJTILEQDFM;ID=DGCEKVPSGIX;NAME=W01_End;GROUP=Chevron;VALUE=0.5 
 PARM;GEOM_ID=BJTILEQDFM;ID=VSMNYANMXUL;NAME=W01_End_Guide;GROUP=Chevron;VALUE=5 
 PARM;GEOM_ID=BJTILEQDFM;ID=ZSQSPPUBDZC;NAME=W01_Mode;GROUP=Chevron;VALUE=0 
 PARM;GEOM_ID=BJTILEQDFM;ID=UXWIWQLTOSJ;NAME=W01_Start;GROUP=Chevron;VALUE=0 
 PARM;GEOM_ID=BJTILEQDFM;ID=APRRAHWGJYB;NAME=W01_Start_Guide;GROUP=Chevron;VALUE=5 
 PARM;GEOM_ID=BJTILEQDFM;ID=HZPFKEUOZRH;NAME=W01_Width;GROUP=Chevron;VALUE=0.5 
 PARM;GEOM_ID=BJTILEQDFM;ID=WVIWQKJSZST;NAME=AftCluster;GROUP=XSec;VALUE=1 
 PARM;GEOM_ID=BJTILEQDFM;ID=FEYWDWWDNJX;NAME=AllSym;GROUP=XSec;VALUE=0 
 PARM;GEOM_ID=BJTILEQDFM;ID=PCYJMIUDFVB;NAME=BottomLAngle;GROUP=XSec;VALUE=0 
 PARM;GEOM_ID=BJTILEQDFM;ID=GAQRNJTTXLS;NAME=BottomLAngleSet;GROUP=XSec;VALUE=1 
 PARM;GEOM_ID=BJTILEQDFM;ID=CAUQAEGYWXD;NAME=BottomLCurve;GROUP=XSec;VALUE=-0.267429 
 PARM;GEOM_ID=BJTILEQDFM;ID=ZCGRZDIUGZM;NAME=BottomLCurveSet;GROUP=XSec;VALUE=0 
 PARM;GEOM_ID=BJTILEQDFM;ID=KIEDZHOZGCB;NAME=BottomLRAngleEq;GROUP=XSec;VALUE=1 
 PARM;GEOM_ID=BJTILEQDFM;ID=QZKYWCGYDZL;NAME=BottomLRCurveEq;GROUP=XSec;VALUE=0 
 PARM;GEOM_ID=BJTILEQDFM;ID=SOQQDJYNNUY;NAME=BottomLRSlewEq;GROUP=XSec;VALUE=0 
 PARM;GEOM_ID=BJTILEQDFM;ID=LPKSTSRPNNV;NAME=BottomLRStrengthEq;GROUP=XSec;VALUE=0 
 PARM;GEOM_ID=BJTILEQDFM;ID=OSBLZAWKXGW;NAME=BottomLSlew;GROUP=XSec;VALUE=0 
 PARM;GEOM_ID=BJTILEQDFM;ID=NVDLWAOCKAB;NAME=BottomLSlewSet;GROUP=XSec;VALUE=1 
 PARM;GEOM_ID=BJTILEQDFM;ID=FAHPKZFYOCR;NAME=BottomLStrength;GROUP=XSec;VALUE=1 
 PARM;GEOM_ID=BJTILEQDFM;ID=RHSILRMMNLR;NAME=BottomLStrengthSet;GROUP=XSec;VALUE=1 
 PARM;GEOM_ID=BJTILEQDFM;ID=SLVRZJNKKEL;NAME=BottomRAngle;GROUP=XSec;VALUE=0 
 PARM;GEOM_ID=BJTILEQDFM;ID=ANAIXCEOLAX;NAME=BottomRAngleSet;GROUP=XSec;VALUE=1 
 PARM;GEOM_ID=BJTILEQDFM;ID=YZLTARGGRWU;NAME=BottomRCurve;GROUP=XSec;VALUE=1.9581 
 PARM;GEOM_ID=BJTILEQDFM;ID=WWAVVXXNYNJ;NAME=BottomRCurveSet;GROUP=XSec;VALUE=0 
 PARM;GEOM_ID=BJTILEQDFM;ID=RJTBJKYEFKT;NAME=BottomRSlew;GROUP=XSec;VALUE=0 
 PARM;GEOM_ID=BJTILEQDFM;ID=CVTYSDXRNWU;NAME=BottomRSlewSet;GROUP=XSec;VALUE=1 
 PARM;GEOM_ID=BJTILEQDFM;ID=VDXBZPOMGAM;NAME=BottomRStrength;GROUP=XSec;VALUE=1 
 PARM;GEOM_ID=BJTILEQDFM;ID=DLFHIDVCUOP;NAME=BottomRStrengthSet;GROUP=XSec;VALUE=1 
 PARM;GEOM_ID=BJTILEQDFM;ID=MNLUMHOLMZU;NAME=ContinuityBottom;GROUP=XSec;VALUE=0 
 PARM;GEOM_ID=BJTILEQDFM;ID=OQQADVRWQHN;NAME=ContinuityLeft;GROUP=XSec;VALUE=0 
 PARM;GEOM_ID=BJTILEQDFM;ID=NSKMNFULFCW;NAME=ContinuityRight;GROUP=XSec;VALUE=0 
 PARM;GEOM_ID=BJTILEQDFM;ID=SHEVWWTVOVR;NAME=ContinuityTop;GROUP=XSec;VALUE=0 
 PARM;GEOM_ID=BJTILEQDFM;ID=NONGFTOKYTM;NAME=FwdCluster;GROUP=XSec;VALUE=1 
 PARM;GEOM_ID=BJTILEQDFM;ID=OLUEKXKYMOJ;NAME=LeftLAngle;GROUP=XSec;VALUE=0 
 PARM;GEOM_ID=BJTILEQDFM;ID=BBXWOZTMSRL;NAME=LeftLAngleSet;GROUP=XSec;VALUE=1 
 PARM;GEOM_ID=BJTILEQDFM;ID=BMMPDJOXJFJ;NAME=LeftLCurve;GROUP=XSec;VALUE=-0.267987 
 PARM;GEOM_ID=BJTILEQDFM;ID=SCLELOVIVQU;NAME=LeftLCurveSet;GROUP=XSec;VALUE=0 
 PARM;GEOM_ID=BJTILEQDFM;ID=BLWFTOKFYGM;NAME=LeftLRAngleEq;GROUP=XSec;VALUE=1 
 PARM;GEOM_ID=BJTILEQDFM;ID=SMVBGHIYDJW;NAME=LeftLRCurveEq;GROUP=XSec;VALUE=0 
 PARM;GEOM_ID=BJTILEQDFM;ID=VFDECFPSOKV;NAME=LeftLRSlewEq;GROUP=XSec;VALUE=0 
 PARM;GEOM_ID=BJTILEQDFM;ID=OLTRHXEWBXK;NAME=LeftLRStrengthEq;GROUP=XSec;VALUE=0 
 PARM;GEOM_ID=BJTILEQDFM;ID=JUYRTQLZCVB;NAME=LeftLSlew;GROUP=XSec;VALUE=0 
 PARM;GEOM_ID=BJTILEQDFM;ID=CHLWLUHRXGO;NAME=LeftLSlewSet;GROUP=XSec;VALUE=1 
 PARM;GEOM_ID=BJTILEQDFM;ID=SSOHVKFFEHI;NAME=LeftLStrength;GROUP=XSec;VALUE=1 
 PARM;GEOM_ID=BJTILEQDFM;ID=BFJTAOYYKRY;NAME=LeftLStrengthSet;GROUP=XSec;VALUE=1 
 PARM;GEOM_ID=BJTILEQDFM;ID=QHFKVZLHBZJ;NAME=LeftRAngle;GROUP=XSec;VALUE=0 
 PARM;GEOM_ID=BJTILEQDFM;ID=OQYEMMUSIXB;NAME=LeftRAngleSet;GROUP=XSec;VALUE=1 
 PARM;GEOM_ID=BJTILEQDFM;ID=RDHIQNVXRBC;NAME=LeftRCurve;GROUP=XSec;VALUE=1.94859 
 PARM;GEOM_ID=BJTILEQDFM;ID=HYTJCJOIFRW;NAME=LeftRCurveSet;GROUP=XSec;VALUE=0 
 PARM;GEOM_ID=BJTILEQDFM;ID=SCUCQBFGGKK;NAME=LeftRSlew;GROUP=XSec;VALUE=0 
 PARM;GEOM_ID=BJTILEQDFM;ID=UFUZTYRFRZK;NAME=LeftRSlewSet;GROUP=XSec;VALUE=1 
 PARM;GEOM_ID=BJTILEQDFM;ID=TACWPADIKBF;NAME=LeftRStrength;GROUP=XSec;VALUE=1 
 PARM;GEOM_ID=BJTILEQDFM;ID=BFSTIZEXXLW;NAME=LeftRStrengthSet;GROUP=XSec;VALUE=1 
 PARM;GEOM_ID=BJTILEQDFM;ID=CQXEMUFWBNY;NAME=RLSym;GROUP=XSec;VALUE=1 
 PARM;GEOM_ID=BJTILEQDFM;ID=OKTOGJJSADN;NAME=RefLength;GROUP=XSec;VALUE=30 
 PARM;GEOM_ID=BJTILEQDFM;ID=AAHVNHYJVFN;NAME=RightLAngle;GROUP=XSec;VALUE=0 
 PARM;GEOM_ID=BJTILEQDFM;ID=FTKHWAEUGIZ;NAME=RightLAngleSet;GROUP=XSec;VALUE=1 
 PARM;GEOM_ID=BJTILEQDFM;ID=HSUNNGCOEIX;NAME=RightLCurve;GROUP=XSec;VALUE=-0.267987 
 PARM;GEOM_ID=BJTILEQDFM;ID=YUKDKFYAAYB;NAME=RightLCurveSet;GROUP=XSec;VALUE=0 
 PARM;GEOM_ID=BJTILEQDFM;ID=VSDADCADOQQ;NAME=RightLRAngleEq;GROUP=XSec;VALUE=1 
 PARM;GEOM_ID=BJTILEQDFM;ID=QSMKTKXMKTB;NAME=RightLRCurveEq;GROUP=XSec;VALUE=0 
 PARM;GEOM_ID=BJTILEQDFM;ID=SYWBNAAZGVT;NAME=RightLRSlewEq;GROUP=XSec;VALUE=0 
 PARM;GEOM_ID=BJTILEQDFM;ID=TYGOZJJJVDW;NAME=RightLRStrengthEq;GROUP=XSec;VALUE=0 
 PARM;GEOM_ID=BJTILEQDFM;ID=TVGKOAYYLEP;NAME=RightLSlew;GROUP=XSec;VALUE=0 
 PARM;GEOM_ID=BJTILEQDFM;ID=RKEYZNIXNXB;NAME=RightLSlewSet;GROUP=XSec;VALUE=1 
 PARM;GEOM_ID=BJTILEQDFM;ID=YPMZHDIYMUB;NAME=RightLStrength;GROUP=XSec;VALUE=1 
 PARM;GEOM_ID=BJTILEQDFM;ID=AMCSAQXHBDR;NAME=RightLStrengthSet;GROUP=XSec;VALUE=1 
 PARM;GEOM_ID=BJTILEQDFM;ID=FUCDDCQKKUY;NAME=RightRAngle;GROUP=XSec;VALUE=0 
 PARM;GEOM_ID=BJTILEQDFM;ID=BRVNAFXKTBD;NAME=RightRAngleSet;GROUP=XSec;VALUE=1 
 PARM;GEOM_ID=BJTILEQDFM;ID=QKOSUSLJRMH;NAME=RightRCurve;GROUP=XSec;VALUE=1.94859 
 PARM;GEOM_ID=BJTILEQDFM;ID=VTVCUOIJHFS;NAME=RightRCurveSet;GROUP=XSec;VALUE=0 
 PARM;GEOM_ID=BJTILEQDFM;ID=SJRLBOPQYDN;NAME=RightRSlew;GROUP=XSec;VALUE=0 
 PARM;GEOM_ID=BJTILEQDFM;ID=RXFFAIPVTWI;NAME=RightRSlewSet;GROUP=XSec;VALUE=1 
 PARM;GEOM_ID=BJTILEQDFM;ID=ATJZXXTRAZO;NAME=RightRStrength;GROUP=XSec;VALUE=1 
 PARM;GEOM_ID=BJTILEQDFM;ID=VLLEWOMCZYP;NAME=RightRStrengthSet;GROUP=XSec;VALUE=1 
 PARM;GEOM_ID=BJTILEQDFM;ID=ETDKESPAJCM;NAME=SectTess_U;GROUP=XSec;VALUE=10 
 PARM;GEOM_ID=BJTILEQDFM;ID=VIQUHVHXIRW;NAME=Spin;GROUP=XSec;VALUE=0 
 PARM;GEOM_ID=BJTILEQDFM;ID=SJGFNESTVWE;NAME=TBSym;GROUP=XSec;VALUE=1 
 PARM;GEOM_ID=BJTILEQDFM;ID=IRKELZPEBDB;NAME=TopLAngle;GROUP=XSec;VALUE=0 
 PARM;GEOM_ID=BJTILEQDFM;ID=KIDXAGCHOHK;NAME=TopLAngleSet;GROUP=XSec;VALUE=1 
 PARM;GEOM_ID=BJTILEQDFM;ID=HYGHBGEMLBU;NAME=TopLCurve;GROUP=XSec;VALUE=-0.267429 
 PARM;GEOM_ID=BJTILEQDFM;ID=CKVATOJNCPZ;NAME=TopLCurveSet;GROUP=XSec;VALUE=0 
 PARM;GEOM_ID=BJTILEQDFM;ID=PEDVDUMMRHD;NAME=TopLRAngleEq;GROUP=XSec;VALUE=1 
 PARM;GEOM_ID=BJTILEQDFM;ID=SGLOQRGHLXD;NAME=TopLRCurveEq;GROUP=XSec;VALUE=0 
 PARM;GEOM_ID=BJTILEQDFM;ID=PJFGKPVDDVP;NAME=TopLRSlewEq;GROUP=XSec;VALUE=0 
 PARM;GEOM_ID=BJTILEQDFM;ID=WZNSKNABHCJ;NAME=TopLRStrengthEq;GROUP=XSec;VALUE=0 
 PARM;GEOM_ID=BJTILEQDFM;ID=QCELBPLAJEI;NAME=TopLSlew;GROUP=XSec;VALUE=0 
 PARM;GEOM_ID=BJTILEQDFM;ID=HZOYYBSYTWN;NAME=TopLSlewSet;GROUP=XSec;VALUE=1 
 PARM;GEOM_ID=BJTILEQDFM;ID=MRXKSXVYLLK;NAME=TopLStrength;GROUP=XSec;VALUE=1 
 PARM;GEOM_ID=BJTILEQDFM;ID=ZCDRBMHIIBG;NAME=TopLStrengthSet;GROUP=XSec;VALUE=1 
 PARM;GEOM_ID=BJTILEQDFM;ID=NMINCALWLIK;NAME=TopRAngle;GROUP=XSec;VALUE=0 
 PARM;GEOM_ID=BJTILEQDFM;ID=VQIVTTVNLRZ;NAME=TopRAngleSet;GROUP=XSec;VALUE=1 
 PARM;GEOM_ID=BJTILEQDFM;ID=XOHKAKVBJQM;NAME=TopRCurve;GROUP=XSec;VALUE=1.9581 
 PARM;GEOM_ID=BJTILEQDFM;ID=UKZMLUHOXSS;NAME=TopRCurveSet;GROUP=XSec;VALUE=0 
 PARM;GEOM_ID=BJTILEQDFM;ID=OFFMRYDWZKL;NAME=TopRSlew;GROUP=XSec;VALUE=0 
 PARM;GEOM_ID=BJTILEQDFM;ID=HUUCXLQRATC;NAME=TopRSlewSet;GROUP=XSec;VALUE=1 
 PARM;GEOM_ID=BJTILEQDFM;ID=VHLCUWREAQU;NAME=TopRStrength;GROUP=XSec;VALUE=1 
 PARM;GEOM_ID=BJTILEQDFM;ID=DDNECSFSTAZ;NAME=TopRStrengthSet;GROUP=XSec;VALUE=1 
 PARM;GEOM_ID=BJTILEQDFM;ID=DSHBTDKKBBJ;NAME=XLocPercent;GROUP=XSec;VALUE=0.75 
 PARM;GEOM_ID=BJTILEQDFM;ID=MQYOXPXGBMT;NAME=XRotate;GROUP=XSec;VALUE=0 
 PARM;GEOM_ID=BJTILEQDFM;ID=XVVRJBBJKGC;NAME=YLocPercent;GROUP=XSec;VALUE=0 
 PARM;GEOM_ID=BJTILEQDFM;ID=IHWZCXIMCHZ;NAME=YRotate;GROUP=XSec;VALUE=0 
 PARM;GEOM_ID=BJTILEQDFM;ID=JPCLJATHSRZ;NAME=ZLocPercent;GROUP=XSec;VALUE=0 
 PARM;GEOM_ID=BJTILEQDFM;ID=FWXCCTCWRGZ;NAME=ZRotate;GROUP=XSec;VALUE=0 
 PARM;GEOM_ID=BJTILEQDFM;ID=AJBGSMMKPWB;NAME=Area;GROUP=XSecCurve;VALUE=7.21339 
 PARM;GEOM_ID=BJTILEQDFM;ID=RFNLCVDOYMZ;NAME=DeltaX;GROUP=XSecCurve;VALUE=0 
 PARM;GEOM_ID=BJTILEQDFM;ID=MDIHDWVNIYB;NAME=DeltaY;GROUP=XSecCurve;VALUE=0 
 PARM;GEOM_ID=BJTILEQDFM;ID=SMWOWVEGUDH;NAME=Ellipse_Height;GROUP=XSecCurve;VALUE=3 
 PARM;GEOM_ID=BJTILEQDFM;ID=YBKXWNBEAKM;NAME=Ellipse_Width;GROUP=XSecCurve;VALUE=3.06122 
 PARM;GEOM_ID=BJTILEQDFM;ID=EKYEBAKECGW;NAME=HWRatio;GROUP=XSecCurve;VALUE=0.98 
 PARM;GEOM_ID=BJTILEQDFM;ID=XJVLLDFWKTF;NAME=Scale;GROUP=XSecCurve;VALUE=1 
 PARM;GEOM_ID=BJTILEQDFM;ID=FONKIUVELLX;NAME=ShiftLE;GROUP=XSecCurve;VALUE=0 
 PARM;GEOM_ID=BJTILEQDFM;ID=VQKONJZNSJD;NAME=Theta;GROUP=XSecCurve;VALUE=0 
 PARM;GEOM_ID=BJTILEQDFM;ID=VESUIVWPZQE;NAME=LE_Cap_Length;GROUP=Cap;VALUE=1 
 PARM;GEOM_ID=BJTILEQDFM;ID=AVXSWSOQHSZ;NAME=LE_Cap_Offset;GROUP=Cap;VALUE=0 
 PARM;GEOM_ID=BJTILEQDFM;ID=NZUNPNFBKSQ;NAME=LE_Cap_Strength;GROUP=Cap;VALUE=0.5 
 PARM;GEOM_ID=BJTILEQDFM;ID=CTZGGICLNJE;NAME=LE_Cap_Type;GROUP=Cap;VALUE=1 
 PARM;GEOM_ID=BJTILEQDFM;ID=DZKGMQOETBT;NAME=TE_Cap_Length;GROUP=Cap;VALUE=1 
 PARM;GEOM_ID=BJTILEQDFM;ID=KWWIPNJLWDP;NAME=TE_Cap_Offset;GROUP=Cap;VALUE=0 
 PARM;GEOM_ID=BJTILEQDFM;ID=MXPASRNLFWG;NAME=TE_Cap_Strength;GROUP=Cap;VALUE=0.5 
 PARM;GEOM_ID=BJTILEQDFM;ID=OVSEQFCPHSH;NAME=TE_Cap_Type;GROUP=Cap;VALUE=1 
 PARM;GEOM_ID=BJTILEQDFM;ID=DCPARONCKTX;NAME=LE_Close_AbsRel;GROUP=Close;VALUE=0 
 PARM;GEOM_ID=BJTILEQDFM;ID=TSBNXBKIZCP;NAME=LE_Close_Thick;GROUP=Close;VALUE=0 
 PARM;GEOM_ID=BJTILEQDFM;ID=DAMCPDTOADW;NAME=LE_Close_Thick_Chord;GROUP=Close;VALUE=0 
 PARM;GEOM_ID=BJTILEQDFM;ID=MFCEUTPENSX;NAME=LE_Close_Type;GROUP=Close;VALUE=0 
 PARM;GEOM_ID=BJTILEQDFM;ID=QPGBIUTEPRR;NAME=TE_Close_AbsRel;GROUP=Close;VALUE=0 
 PARM;GEOM_ID=BJTILEQDFM;ID=EUZTCTSWCVV;NAME=TE_Close_Thick;GROUP=Close;VALUE=0 
 PARM;GEOM_ID=BJTILEQDFM;ID=KSQFFAPEZLV;NAME=TE_Close_Thick_Chord;GROUP=Close;VALUE=0 
 PARM;GEOM_ID=BJTILEQDFM;ID=YCYYRRIFTJG;NAME=TE_Close_Type;GROUP=Close;VALUE=0 
 PARM;GEOM_ID=BJTILEQDFM;ID=EAQTZBOSHKR;NAME=LE_Trim_AbsRel;GROUP=Trim;VALUE=0 
 PARM;GEOM_ID=BJTILEQDFM;ID=LROKEKHOIFS;NAME=LE_Trim_Thick;GROUP=Trim;VALUE=0 
 PARM;GEOM_ID=BJTILEQDFM;ID=WOCIMIRMMYG;NAME=LE_Trim_Thick_Chord;GROUP=Trim;VALUE=0 
 PARM;GEOM_ID=BJTILEQDFM;ID=IZFJAQAQZKA;NAME=LE_Trim_Type;GROUP=Trim;VALUE=0 
 PARM;GEOM_ID=BJTILEQDFM;ID=XSNWTJRAKXZ;NAME=LE_Trim_X;GROUP=Trim;VALUE=0 
 PARM;GEOM_ID=BJTILEQDFM;ID=CADRASYBJRN;NAME=LE_Trim_X_Chord;GROUP=Trim;VALUE=0 
 PARM;GEOM_ID=BJTILEQDFM;ID=MKNDBMTOFKO;NAME=TE_Trim_AbsRel;GROUP=Trim;VALUE=0 
 PARM;GEOM_ID=BJTILEQDFM;ID=FVWBAPBCFGZ;NAME=TE_Trim_Thick;GROUP=Trim;VALUE=0 
 PARM;GEOM_ID=BJTILEQDFM;ID=EWGSZZNPEOU;NAME=TE_Trim_Thick_Chord;GROUP=Trim;VALUE=0 
 PARM;GEOM_ID=BJTILEQDFM;ID=WCMHSRSORVX;NAME=TE_Trim_Type;GROUP=Trim;VALUE=0 
 PARM;GEOM_ID=BJTILEQDFM;ID=ZQBVGTNPEXD;NAME=TE_Trim_X;GROUP=Trim;VALUE=0 
 PARM;GEOM_ID=BJTILEQDFM;ID=CRXDPIOTRCK;NAME=TE_Trim_X_Chord;GROUP=Trim;VALUE=0 
 PARM;GEOM_ID=BJTILEQDFM;ID=QLNDPMKAFSP;NAME=TE_Flap_DT;GROUP=Flap;VALUE=0 
 PARM;GEOM_ID=BJTILEQDFM;ID=DMMCYTLYPOE;NAME=TE_Flap_Deflection;GROUP=Flap;VALUE=0 
 PARM;GEOM_ID=BJTILEQDFM;ID=OQXXJRXDIEP;NAME=TE_Flap_Flag;GROUP=Flap;VALUE=0 
 PARM;GEOM_ID=BJTILEQDFM;ID=NANCGIKIBVI;NAME=TE_Flap_T;GROUP=Flap;VALUE=0.2 
 PARM;GEOM_ID=BJTILEQDFM;ID=KYTQJMABTGB;NAME=TE_Flap_Type;GROUP=Flap;VALUE=0 
 PARM;GEOM_ID=BJTILEQDFM;ID=FIUDTHYZDDN;NAME=TE_Flap_X;GROUP=Flap;VALUE=0 
 PARM;GEOM_ID=BJTILEQDFM;ID=TFUNODVSUOA;NAME=TE_Flap_X_Chord;GROUP=Flap;VALUE=0.2 
 PARM;GEOM_ID=BJTILEQDFM;ID=FGFVLRZOBLJ;NAME=TE_Flap_Y_Frc;GROUP=Flap;VALUE=0.5 
 PARM;GEOM_ID=BJTILEQDFM;ID=WCNMPNBOVMP;NAME=TE_Trim_AbsRel;GROUP=Flap;VALUE=1 
 PARM;GEOM_ID=BJTILEQDFM;ID=ZKYYJFERLYV;NAME=XSecFlipImageFlag;GROUP=XSecCurve_Background;VALUE=0 
 PARM;GEOM_ID=BJTILEQDFM;ID=HQJLUWSUVWI;NAME=XSecImageFlag;GROUP=XSecCurve_Background;VALUE=0 
 PARM;GEOM_ID=BJTILEQDFM;ID=IGBGDJVUBJV;NAME=XSecImageH;GROUP=XSecCurve_Background;VALUE=1 
 PARM;GEOM_ID=BJTILEQDFM;ID=OOHRDFBUFTA;NAME=XSecImagePreserveAR;GROUP=XSecCurve_Background;VALUE=1 
 PARM;GEOM_ID=BJTILEQDFM;ID=SYBDZRFSBQE;NAME=XSecImageW;GROUP=XSecCurve_Background;VALUE=1 
 PARM;GEOM_ID=BJTILEQDFM;ID=GXKNIXRGRUZ;NAME=XSecImageXOffset;GROUP=XSecCurve_Background;VALUE=0 
 PARM;GEOM_ID=BJTILEQDFM;ID=JPRZOMBTEGW;NAME=XSecImageYOffset;GROUP=XSecCurve_Background;VALUE=0 
 PARM;GEOM_ID=BJTILEQDFM;ID=URBMNEGAQKZ;NAME=XSecLockImageFlag;GROUP=XSecCurve_Background;VALUE=0 
 PARM;GEOM_ID=BJTILEQDFM;ID=UBBHMODPRTT;NAME=AllSym;GROUP=Chevron;VALUE=1 
 PARM;GEOM_ID=BJTILEQDFM;ID=VAYCDRLJXJI;NAME=BottomAmplitude;GROUP=Chevron;VALUE=1 
 PARM;GEOM_ID=BJTILEQDFM;ID=MSUNGBYUGUR;NAME=Bottom_Angle;GROUP=Chevron;VALUE=0 
 PARM;GEOM_ID=BJTILEQDFM;ID=FSSWVRKBAKE;NAME=Bottom_Slew;GROUP=Chevron;VALUE=0 
 PARM;GEOM_ID=BJTILEQDFM;ID=IPTWSSBTGMN;NAME=Chevron_Type;GROUP=Chevron;VALUE=0 
 PARM;GEOM_ID=BJTILEQDFM;ID=OCNEYLXZPFV;NAME=LeftAmplitude;GROUP=Chevron;VALUE=1 
 PARM;GEOM_ID=BJTILEQDFM;ID=KQXHQZYFOXV;NAME=Left_Angle;GROUP=Chevron;VALUE=0 
 PARM;GEOM_ID=BJTILEQDFM;ID=GYSRBQVIMYF;NAME=Left_Slew;GROUP=Chevron;VALUE=0 
 PARM;GEOM_ID=BJTILEQDFM;ID=PWBWGZNZRPV;NAME=Number;GROUP=Chevron;VALUE=8 
 PARM;GEOM_ID=BJTILEQDFM;ID=KWCITPEDFPG;NAME=Off_Duty;GROUP=Chevron;VALUE=0 
 PARM;GEOM_ID=BJTILEQDFM;ID=AYVYZAASLHW;NAME=On_Duty;GROUP=Chevron;VALUE=0 
 PARM;GEOM_ID=BJTILEQDFM;ID=PBOUAGFAWOE;NAME=Peak_Radius;GROUP=Chevron;VALUE=0 
 PARM;GEOM_ID=BJTILEQDFM;ID=SNXIMZUGPGZ;NAME=RLSym;GROUP=Chevron;VALUE=1 
 PARM;GEOM_ID=BJTILEQDFM;ID=YYUXIYOMNYG;NAME=RightAmplitude;GROUP=Chevron;VALUE=1 
 PARM;GEOM_ID=BJTILEQDFM;ID=LUOKEBAZZZK;NAME=Right_Angle;GROUP=Chevron;VALUE=0 
 PARM;GEOM_ID=BJTILEQDFM;ID=GORWVICNAPV;NAME=Right_Slew;GROUP=Chevron;VALUE=0 
 PARM;GEOM_ID=BJTILEQDFM;ID=TMYARGDVJCT;NAME=TBSym;GROUP=Chevron;VALUE=1 
 PARM;GEOM_ID=BJTILEQDFM;ID=KCPGVHSOBBW;NAME=TopAmplitude;GROUP=Chevron;VALUE=1 
 PARM;GEOM_ID=BJTILEQDFM;ID=PAMWWPGPFEP;NAME=Top_Angle;GROUP=Chevron;VALUE=0 
 PARM;GEOM_ID=BJTILEQDFM;ID=FMMLSQETJRD;NAME=Top_Slew;GROUP=Chevron;VALUE=0 
 PARM;GEOM_ID=BJTILEQDFM;ID=XDFWSBJSAVE;NAME=Valley_Radius;GROUP=Chevron;VALUE=0 
 PARM;GEOM_ID=BJTILEQDFM;ID=IGGKFTSLSLV;NAME=W01_Center;GROUP=Chevron;VALUE=0.25 
 PARM;GEOM_ID=BJTILEQDFM;ID=HFVDLPKOBIK;NAME=W01_Center_Guide;GROUP=Chevron;VALUE=5 
 PARM;GEOM_ID=BJTILEQDFM;ID=TYLCCCADOML;NAME=W01_End;GROUP=Chevron;VALUE=0.5 
 PARM;GEOM_ID=BJTILEQDFM;ID=HMFPMZRWUXV;NAME=W01_End_Guide;GROUP=Chevron;VALUE=5 
 PARM;GEOM_ID=BJTILEQDFM;ID=PDGWJHPZBTS;NAME=W01_Mode;GROUP=Chevron;VALUE=0 
 PARM;GEOM_ID=BJTILEQDFM;ID=IYBCKCLEILV;NAME=W01_Start;GROUP=Chevron;VALUE=0 
 PARM;GEOM_ID=BJTILEQDFM;ID=TDCDMXNWYON;NAME=W01_Start_Guide;GROUP=Chevron;VALUE=5 
 PARM;GEOM_ID=BJTILEQDFM;ID=PTJDMNNNJVE;NAME=W01_Width;GROUP=Chevron;VALUE=0.5 
 PARM;GEOM_ID=BJTILEQDFM;ID=CRJNXWYWIGI;NAME=AftCluster;GROUP=XSec;VALUE=1 
 PARM;GEOM_ID=BJTILEQDFM;ID=TCRBBPQSQAX;NAME=AllSym;GROUP=XSec;VALUE=0 
 PARM;GEOM_ID=BJTILEQDFM;ID=WYPOYHVGGCF;NAME=BottomLAngle;GROUP=XSec;VALUE=0 
 PARM;GEOM_ID=BJTILEQDFM;ID=FODTRETJUHY;NAME=BottomLAngleSet;GROUP=XSec;VALUE=1 
 PARM;GEOM_ID=BJTILEQDFM;ID=IIJAPEAVKAC;NAME=BottomLCurve;GROUP=XSec;VALUE=-120.047 
 PARM;GEOM_ID=BJTILEQDFM;ID=QBOVVCXGMQF;NAME=BottomLCurveSet;GROUP=XSec;VALUE=0 
 PARM;GEOM_ID=BJTILEQDFM;ID=GWHXQIIPLGS;NAME=BottomLRAngleEq;GROUP=XSec;VALUE=1 
 PARM;GEOM_ID=BJTILEQDFM;ID=LBRKOADZKBU;NAME=BottomLRCurveEq;GROUP=XSec;VALUE=0 
 PARM;GEOM_ID=BJTILEQDFM;ID=NKGNUEUBRDA;NAME=BottomLRSlewEq;GROUP=XSec;VALUE=0 
 PARM;GEOM_ID=BJTILEQDFM;ID=XLCUIKDPHDA;NAME=BottomLRStrengthEq;GROUP=XSec;VALUE=0 
 PARM;GEOM_ID=BJTILEQDFM;ID=IWCCHKCOGJB;NAME=BottomLSlew;GROUP=XSec;VALUE=0 
 PARM;GEOM_ID=BJTILEQDFM;ID=YCMZAQGVLEF;NAME=BottomLSlewSet;GROUP=XSec;VALUE=1 
 PARM;GEOM_ID=BJTILEQDFM;ID=BWQSNCIMNRX;NAME=BottomLStrength;GROUP=XSec;VALUE=0.75 
 PARM;GEOM_ID=BJTILEQDFM;ID=TLKGUWTRIQP;NAME=BottomLStrengthSet;GROUP=XSec;VALUE=1 
 PARM;GEOM_ID=BJTILEQDFM;ID=PBCFWBAVNIY;NAME=BottomRAngle;GROUP=XSec;VALUE=0 
 PARM;GEOM_ID=BJTILEQDFM;ID=BWMODNZVEGY;NAME=BottomRAngleSet;GROUP=XSec;VALUE=1 
 PARM;GEOM_ID=BJTILEQDFM;ID=VBKGWYHRQLL;NAME=BottomRCurve;GROUP=XSec;VALUE=0 
 PARM;GEOM_ID=BJTILEQDFM;ID=TZPQVAPPZUF;NAME=BottomRCurveSet;GROUP=XSec;VALUE=0 
 PARM;GEOM_ID=BJTILEQDFM;ID=YLKGMMHUPMO;NAME=BottomRSlew;GROUP=XSec;VALUE=0 
 PARM;GEOM_ID=BJTILEQDFM;ID=NAMUCTIZVWR;NAME=BottomRSlewSet;GROUP=XSec;VALUE=1 
 PARM;GEOM_ID=BJTILEQDFM;ID=DLJIPOSWURD;NAME=BottomRStrength;GROUP=XSec;VALUE=1 
 PARM;GEOM_ID=BJTILEQDFM;ID=STQALIEZBEE;NAME=BottomRStrengthSet;GROUP=XSec;VALUE=1 
 PARM;GEOM_ID=BJTILEQDFM;ID=GRXMMFJSMFM;NAME=ContinuityBottom;GROUP=XSec;VALUE=0 
 PARM;GEOM_ID=BJTILEQDFM;ID=NUPWJOKQSIZ;NAME=ContinuityLeft;GROUP=XSec;VALUE=0 
 PARM;GEOM_ID=BJTILEQDFM;ID=IPLVCPTSXVS;NAME=ContinuityRight;GROUP=XSec;VALUE=0 
 PARM;GEOM_ID=BJTILEQDFM;ID=LWGSXDFBULY;NAME=ContinuityTop;GROUP=XSec;VALUE=0 
 PARM;GEOM_ID=BJTILEQDFM;ID=KQHCPNROZRB;NAME=FwdCluster;GROUP=XSec;VALUE=1 
 PARM;GEOM_ID=BJTILEQDFM;ID=ODJXDNFISHF;NAME=LeftLAngle;GROUP=XSec;VALUE=0 
 PARM;GEOM_ID=BJTILEQDFM;ID=JLQMIGRQJYW;NAME=LeftLAngleSet;GROUP=XSec;VALUE=1 
 PARM;GEOM_ID=BJTILEQDFM;ID=NEDFRQRFQNL;NAME=LeftLCurve;GROUP=XSec;VALUE=-119.901 
 PARM;GEOM_ID=BJTILEQDFM;ID=XDOOCAMBRCX;NAME=LeftLCurveSet;GROUP=XSec;VALUE=0 
 PARM;GEOM_ID=BJTILEQDFM;ID=DBJNTPSHOMD;NAME=LeftLRAngleEq;GROUP=XSec;VALUE=1 
 PARM;GEOM_ID=BJTILEQDFM;ID=VOSPCULWLNQ;NAME=LeftLRCurveEq;GROUP=XSec;VALUE=0 
 PARM;GEOM_ID=BJTILEQDFM;ID=LDKOTWPANFI;NAME=LeftLRSlewEq;GROUP=XSec;VALUE=0 
 PARM;GEOM_ID=BJTILEQDFM;ID=QOTKPIXZPZB;NAME=LeftLRStrengthEq;GROUP=XSec;VALUE=0 
 PARM;GEOM_ID=BJTILEQDFM;ID=LBMTNGFQMGQ;NAME=LeftLSlew;GROUP=XSec;VALUE=0 
 PARM;GEOM_ID=BJTILEQDFM;ID=RDDYHZLQBVF;NAME=LeftLSlewSet;GROUP=XSec;VALUE=1 
 PARM;GEOM_ID=BJTILEQDFM;ID=NMLDEIKAAGZ;NAME=LeftLStrength;GROUP=XSec;VALUE=0.75 
 PARM;GEOM_ID=BJTILEQDFM;ID=ZSLUUSWIKGP;NAME=LeftLStrengthSet;GROUP=XSec;VALUE=1 
 PARM;GEOM_ID=BJTILEQDFM;ID=YNPRENETPGN;NAME=LeftRAngle;GROUP=XSec;VALUE=0 
 PARM;GEOM_ID=BJTILEQDFM;ID=OQJHSNGUWMR;NAME=LeftRAngleSet;GROUP=XSec;VALUE=1 
 PARM;GEOM_ID=BJTILEQDFM;ID=VKXUQPTANDG;NAME=LeftRCurve;GROUP=XSec;VALUE=-0.5 
 PARM;GEOM_ID=BJTILEQDFM;ID=XZKQLHKZSZW;NAME=LeftRCurveSet;GROUP=XSec;VALUE=0 
 PARM;GEOM_ID=BJTILEQDFM;ID=BOTFXAXENRL;NAME=LeftRSlew;GROUP=XSec;VALUE=0 
 PARM;GEOM_ID=BJTILEQDFM;ID=DTLSPKJHCNQ;NAME=LeftRSlewSet;GROUP=XSec;VALUE=1 
 PARM;GEOM_ID=BJTILEQDFM;ID=MYTLKGODAKL;NAME=LeftRStrength;GROUP=XSec;VALUE=1 
 PARM;GEOM_ID=BJTILEQDFM;ID=QAQDIBUDSON;NAME=LeftRStrengthSet;GROUP=XSec;VALUE=1 
 PARM;GEOM_ID=BJTILEQDFM;ID=TNEXTJIHTKN;NAME=RLSym;GROUP=XSec;VALUE=1 
 PARM;GEOM_ID=BJTILEQDFM;ID=DPMAXSANYMV;NAME=RefLength;GROUP=XSec;VALUE=30 
 PARM;GEOM_ID=BJTILEQDFM;ID=PKMGVYZIXOE;NAME=RightLAngle;GROUP=XSec;VALUE=0 
 PARM;GEOM_ID=BJTILEQDFM;ID=CGKDZBFIPXZ;NAME=RightLAngleSet;GROUP=XSec;VALUE=1 
 PARM;GEOM_ID=BJTILEQDFM;ID=XYGJMFLNHAL;NAME=RightLCurve;GROUP=XSec;VALUE=-119.901 
 PARM;GEOM_ID=BJTILEQDFM;ID=MGGDVVPUWTO;NAME=RightLCurveSet;GROUP=XSec;VALUE=0 
 PARM;GEOM_ID=BJTILEQDFM;ID=HFHTGWHKGVO;NAME=RightLRAngleEq;GROUP=XSec;VALUE=1 
 PARM;GEOM_ID=BJTILEQDFM;ID=DUQQLNJPWAX;NAME=RightLRCurveEq;GROUP=XSec;VALUE=0 
 PARM;GEOM_ID=BJTILEQDFM;ID=IZFKHECZLXU;NAME=RightLRSlewEq;GROUP=XSec;VALUE=0 
 PARM;GEOM_ID=BJTILEQDFM;ID=KNGXGPUJEBD;NAME=RightLRStrengthEq;GROUP=XSec;VALUE=0 
 PARM;GEOM_ID=BJTILEQDFM;ID=IEPSEVUVNGY;NAME=RightLSlew;GROUP=XSec;VALUE=0 
 PARM;GEOM_ID=BJTILEQDFM;ID=EKVQIIAMGHG;NAME=RightLSlewSet;GROUP=XSec;VALUE=1 
 PARM;GEOM_ID=BJTILEQDFM;ID=HFECAUBPEAR;NAME=RightLStrength;GROUP=XSec;VALUE=0.75 
 PARM;GEOM_ID=BJTILEQDFM;ID=QMIVVWFHKGO;NAME=RightLStrengthSet;GROUP=XSec;VALUE=1 
 PARM;GEOM_ID=BJTILEQDFM;ID=AWPVKDYWJCT;NAME=RightRAngle;GROUP=XSec;VALUE=0 
 PARM;GEOM_ID=BJTILEQDFM;ID=GTGNNUSYHPH;NAME=RightRAngleSet;GROUP=XSec;VALUE=1 
 PARM;GEOM_ID=BJTILEQDFM;ID=DFILUVKLABC;NAME=RightRCurve;GROUP=XSec;VALUE=-0.5 
 PARM;GEOM_ID=BJTILEQDFM;ID=SHCHAHZRBSV;NAME=RightRCurveSet;GROUP=XSec;VALUE=0 
 PARM;GEOM_ID=BJTILEQDFM;ID=TJBCQYJTYKR;NAME=RightRSlew;GROUP=XSec;VALUE=0 
 PARM;GEOM_ID=BJTILEQDFM;ID=UPJMIBXHXGU;NAME=RightRSlewSet;GROUP=XSec;VALUE=1 
 PARM;GEOM_ID=BJTILEQDFM;ID=YCKKWHZUNAZ;NAME=RightRStrength;GROUP=XSec;VALUE=1 
 PARM;GEOM_ID=BJTILEQDFM;ID=UDOOZKVWGYT;NAME=RightRStrengthSet;GROUP=XSec;VALUE=1 
 PARM;GEOM_ID=BJTILEQDFM;ID=GODCBTNWLIO;NAME=SectTess_U;GROUP=XSec;VALUE=10 
 PARM;GEOM_ID=BJTILEQDFM;ID=UTNVCSQBCGB;NAME=Spin;GROUP=XSec;VALUE=0 
 PARM;GEOM_ID=BJTILEQDFM;ID=ISARVKIGZCM;NAME=TBSym;GROUP=XSec;VALUE=1 
 PARM;GEOM_ID=BJTILEQDFM;ID=NUHOSATFKOR;NAME=TopLAngle;GROUP=XSec;VALUE=0 
 PARM;GEOM_ID=BJTILEQDFM;ID=GUFRQWCWVPW;NAME=TopLAngleSet;GROUP=XSec;VALUE=1 
 PARM;GEOM_ID=BJTILEQDFM;ID=IIUCCQIYXGZ;NAME=TopLCurve;GROUP=XSec;VALUE=-120.047 
 PARM;GEOM_ID=BJTILEQDFM;ID=OUWKCTWXEAQ;NAME=TopLCurveSet;GROUP=XSec;VALUE=0 
 PARM;GEOM_ID=BJTILEQDFM;ID=XFROZWCYTNA;NAME=TopLRAngleEq;GROUP=XSec;VALUE=1 
 PARM;GEOM_ID=BJTILEQDFM;ID=RUJKWBTDLVE;NAME=TopLRCurveEq;GROUP=XSec;VALUE=0 
 PARM;GEOM_ID=BJTILEQDFM;ID=CNKWPEAGCQN;NAME=TopLRSlewEq;GROUP=XSec;VALUE=0 
 PARM;GEOM_ID=BJTILEQDFM;ID=ZYXIZBHMZJC;NAME=TopLRStrengthEq;GROUP=XSec;VALUE=0 
 PARM;GEOM_ID=BJTILEQDFM;ID=UKZCMVQNQZR;NAME=TopLSlew;GROUP=XSec;VALUE=0 
 PARM;GEOM_ID=BJTILEQDFM;ID=KZSTDMZYMRR;NAME=TopLSlewSet;GROUP=XSec;VALUE=1 
 PARM;GEOM_ID=BJTILEQDFM;ID=LIQRWYBZHJK;NAME=TopLStrength;GROUP=XSec;VALUE=0.75 
 PARM;GEOM_ID=BJTILEQDFM;ID=LQCXBYQMGMY;NAME=TopLStrengthSet;GROUP=XSec;VALUE=1 
 PARM;GEOM_ID=BJTILEQDFM;ID=SHKLSQXSOGT;NAME=TopRAngle;GROUP=XSec;VALUE=0 
 PARM;GEOM_ID=BJTILEQDFM;ID=PMEZRMBFRVZ;NAME=TopRAngleSet;GROUP=XSec;VALUE=1 
 PARM;GEOM_ID=BJTILEQDFM;ID=PTLMWVKWMQT;NAME=TopRCurve;GROUP=XSec;VALUE=0 
 PARM;GEOM_ID=BJTILEQDFM;ID=GXPXCYXKVGG;NAME=TopRCurveSet;GROUP=XSec;VALUE=0 
 PARM;GEOM_ID=BJTILEQDFM;ID=LNWZTFJRTNO;NAME=TopRSlew;GROUP=XSec;VALUE=0 
 PARM;GEOM_ID=BJTILEQDFM;ID=BJVUUKSSRXU;NAME=TopRSlewSet;GROUP=XSec;VALUE=1 
 PARM;GEOM_ID=BJTILEQDFM;ID=BKYRCJTAXGB;NAME=TopRStrength;GROUP=XSec;VALUE=1 
 PARM;GEOM_ID=BJTILEQDFM;ID=FJTYQIENKPF;NAME=TopRStrengthSet;GROUP=XSec;VALUE=1 
 PARM;GEOM_ID=BJTILEQDFM;ID=ZKVKAXTLKBV;NAME=XLocPercent;GROUP=XSec;VALUE=0.984957 
 PARM;GEOM_ID=BJTILEQDFM;ID=TCJMPOJPAAS;NAME=XRotate;GROUP=XSec;VALUE=0 
 PARM;GEOM_ID=BJTILEQDFM;ID=QSPPPMBXOON;NAME=YLocPercent;GROUP=XSec;VALUE=0 
 PARM;GEOM_ID=BJTILEQDFM;ID=WXEMNPZZPOL;NAME=YRotate;GROUP=XSec;VALUE=0 
 PARM;GEOM_ID=BJTILEQDFM;ID=OZEYJNTNGGC;NAME=ZLocPercent;GROUP=XSec;VALUE=0 
 PARM;GEOM_ID=BJTILEQDFM;ID=VUQXIUKBBKD;NAME=ZRotate;GROUP=XSec;VALUE=0 
 PARM;GEOM_ID=BJTILEQDFM;ID=SFMVEPPZACE;NAME=Area;GROUP=XSecCurve;VALUE=8.67569 
 PARM;GEOM_ID=BJTILEQDFM;ID=ZDPEOCKDQUP;NAME=DeltaX;GROUP=XSecCurve;VALUE=0 
 PARM;GEOM_ID=BJTILEQDFM;ID=VRINKHIZVLK;NAME=DeltaY;GROUP=XSecCurve;VALUE=0 
 PARM;GEOM_ID=BJTILEQDFM;ID=RDOANRKVXSA;NAME=Ellipse_Height;GROUP=XSecCurve;VALUE=3.46939 
 PARM;GEOM_ID=BJTILEQDFM;ID=NTZPGDDRWMK;NAME=Ellipse_Width;GROUP=XSecCurve;VALUE=3.18367 
 PARM;GEOM_ID=BJTILEQDFM;ID=GNAXOWMCWFW;NAME=HWRatio;GROUP=XSecCurve;VALUE=1.08974 
 PARM;GEOM_ID=BJTILEQDFM;ID=NEUDVAOTEUW;NAME=Scale;GROUP=XSecCurve;VALUE=1 
 PARM;GEOM_ID=BJTILEQDFM;ID=KGSXIQWFFSH;NAME=ShiftLE;GROUP=XSecCurve;VALUE=0 
 PARM;GEOM_ID=BJTILEQDFM;ID=NDNNUEGFDDN;NAME=Theta;GROUP=XSecCurve;VALUE=0 
 PARM;GEOM_ID=BJTILEQDFM;ID=FTFNLEPLAJC;NAME=LE_Cap_Length;GROUP=Cap;VALUE=1 
 PARM;GEOM_ID=BJTILEQDFM;ID=GGNWVVUZQBP;NAME=LE_Cap_Offset;GROUP=Cap;VALUE=0 
 PARM;GEOM_ID=BJTILEQDFM;ID=PYDSNBGQHIO;NAME=LE_Cap_Strength;GROUP=Cap;VALUE=0.5 
 PARM;GEOM_ID=BJTILEQDFM;ID=KPXXSWDJPLQ;NAME=LE_Cap_Type;GROUP=Cap;VALUE=1 
 PARM;GEOM_ID=BJTILEQDFM;ID=COURJLUCWCA;NAME=TE_Cap_Length;GROUP=Cap;VALUE=1 
 PARM;GEOM_ID=BJTILEQDFM;ID=ROJCAJELKEJ;NAME=TE_Cap_Offset;GROUP=Cap;VALUE=0 
 PARM;GEOM_ID=BJTILEQDFM;ID=HENURZSFPXS;NAME=TE_Cap_Strength;GROUP=Cap;VALUE=0.5 
 PARM;GEOM_ID=BJTILEQDFM;ID=AQFEILIJNGL;NAME=TE_Cap_Type;GROUP=Cap;VALUE=1 
 PARM;GEOM_ID=BJTILEQDFM;ID=CFNORUFHNOA;NAME=LE_Close_AbsRel;GROUP=Close;VALUE=0 
 PARM;GEOM_ID=BJTILEQDFM;ID=MXOEPTJDWYL;NAME=LE_Close_Thick;GROUP=Close;VALUE=0 
 PARM;GEOM_ID=BJTILEQDFM;ID=KBFQWSESYRU;NAME=LE_Close_Thick_Chord;GROUP=Close;VALUE=0 
 PARM;GEOM_ID=BJTILEQDFM;ID=AJMYZZGULPY;NAME=LE_Close_Type;GROUP=Close;VALUE=0 
 PARM;GEOM_ID=BJTILEQDFM;ID=MELUXJTCXNI;NAME=TE_Close_AbsRel;GROUP=Close;VALUE=0 
 PARM;GEOM_ID=BJTILEQDFM;ID=BRZURPBMWUW;NAME=TE_Close_Thick;GROUP=Close;VALUE=0 
 PARM;GEOM_ID=BJTILEQDFM;ID=LPSIQLFMKHD;NAME=TE_Close_Thick_Chord;GROUP=Close;VALUE=0 
 PARM;GEOM_ID=BJTILEQDFM;ID=FTFXWXCNKSV;NAME=TE_Close_Type;GROUP=Close;VALUE=0 
 PARM;GEOM_ID=BJTILEQDFM;ID=XBXJRGEUUBQ;NAME=LE_Trim_AbsRel;GROUP=Trim;VALUE=0 
 PARM;GEOM_ID=BJTILEQDFM;ID=BWZEFIJJOJA;NAME=LE_Trim_Thick;GROUP=Trim;VALUE=0 
 PARM;GEOM_ID=BJTILEQDFM;ID=JIIGEEKKCDE;NAME=LE_Trim_Thick_Chord;GROUP=Trim;VALUE=0 
 PARM;GEOM_ID=BJTILEQDFM;ID=SCKXKQILOBO;NAME=LE_Trim_Type;GROUP=Trim;VALUE=0 
 PARM;GEOM_ID=BJTILEQDFM;ID=RIBZFNUFRUM;NAME=LE_Trim_X;GROUP=Trim;VALUE=0 
 PARM;GEOM_ID=BJTILEQDFM;ID=QMLAHZIRJCL;NAME=LE_Trim_X_Chord;GROUP=Trim;VALUE=0 
 PARM;GEOM_ID=BJTILEQDFM;ID=MYQMGWWIHZK;NAME=TE_Trim_AbsRel;GROUP=Trim;VALUE=0 
 PARM;GEOM_ID=BJTILEQDFM;ID=SCORTSGCHID;NAME=TE_Trim_Thick;GROUP=Trim;VALUE=0 
 PARM;GEOM_ID=BJTILEQDFM;ID=ANNISZJDCKK;NAME=TE_Trim_Thick_Chord;GROUP=Trim;VALUE=0 
 PARM;GEOM_ID=BJTILEQDFM;ID=PXILDZKZGYI;NAME=TE_Trim_Type;GROUP=Trim;VALUE=0 
 PARM;GEOM_ID=BJTILEQDFM;ID=MXHBKQFVRVB;NAME=TE_Trim_X;GROUP=Trim;VALUE=0 
 PARM;GEOM_ID=BJTILEQDFM;ID=ULUXIFKJQDC;NAME=TE_Trim_X_Chord;GROUP=Trim;VALUE=0 
 PARM;GEOM_ID=BJTILEQDFM;ID=HIECOVKOPQO;NAME=TE_Flap_DT;GROUP=Flap;VALUE=0 
 PARM;GEOM_ID=BJTILEQDFM;ID=WBBZMFFQBHA;NAME=TE_Flap_Deflection;GROUP=Flap;VALUE=0 
 PARM;GEOM_ID=BJTILEQDFM;ID=AUOSPRGXCTF;NAME=TE_Flap_Flag;GROUP=Flap;VALUE=0 
 PARM;GEOM_ID=BJTILEQDFM;ID=GFNXCXIKXCR;NAME=TE_Flap_T;GROUP=Flap;VALUE=0.2 
 PARM;GEOM_ID=BJTILEQDFM;ID=LUNHBVCWXIA;NAME=TE_Flap_Type;GROUP=Flap;VALUE=0 
 PARM;GEOM_ID=BJTILEQDFM;ID=IYTYBMDSSDU;NAME=TE_Flap_X;GROUP=Flap;VALUE=0 
 PARM;GEOM_ID=BJTILEQDFM;ID=IEPYYCQXUIO;NAME=TE_Flap_X_Chord;GROUP=Flap;VALUE=0.2 
 PARM;GEOM_ID=BJTILEQDFM;ID=MMFNTHGQPFN;NAME=TE_Flap_Y_Frc;GROUP=Flap;VALUE=0.5 
 PARM;GEOM_ID=BJTILEQDFM;ID=DAOLXLYFEIM;NAME=TE_Trim_AbsRel;GROUP=Flap;VALUE=1 
 PARM;GEOM_ID=BJTILEQDFM;ID=LTQWNSXQTXJ;NAME=XSecFlipImageFlag;GROUP=XSecCurve_Background;VALUE=0 
 PARM;GEOM_ID=BJTILEQDFM;ID=JGBVTEDGQRF;NAME=XSecImageFlag;GROUP=XSecCurve_Background;VALUE=0 
 PARM;GEOM_ID=BJTILEQDFM;ID=ZQSKLEDULOA;NAME=XSecImageH;GROUP=XSecCurve_Background;VALUE=1 
 PARM;GEOM_ID=BJTILEQDFM;ID=VCBWQNLXCUC;NAME=XSecImagePreserveAR;GROUP=XSecCurve_Background;VALUE=1 
 PARM;GEOM_ID=BJTILEQDFM;ID=IHLZCXAJDWW;NAME=XSecImageW;GROUP=XSecCurve_Background;VALUE=1 
 PARM;GEOM_ID=BJTILEQDFM;ID=VXICFNZWOOS;NAME=XSecImageXOffset;GROUP=XSecCurve_Background;VALUE=0 
 PARM;GEOM_ID=BJTILEQDFM;ID=SOGPDZZHEJS;NAME=XSecImageYOffset;GROUP=XSecCurve_Background;VALUE=0 
 PARM;GEOM_ID=BJTILEQDFM;ID=VYARVFGLDAQ;NAME=XSecLockImageFlag;GROUP=XSecCurve_Background;VALUE=0 
 PARM;GEOM_ID=BJTILEQDFM;ID=NGVWFCPULRW;NAME=AllSym;GROUP=Chevron;VALUE=1 
 PARM;GEOM_ID=BJTILEQDFM;ID=EWXQYQIPIKS;NAME=BottomAmplitude;GROUP=Chevron;VALUE=1 
 PARM;GEOM_ID=BJTILEQDFM;ID=BTVCXLWUMPO;NAME=Bottom_Angle;GROUP=Chevron;VALUE=0 
 PARM;GEOM_ID=BJTILEQDFM;ID=XADLUJGCLNL;NAME=Bottom_Slew;GROUP=Chevron;VALUE=0 
 PARM;GEOM_ID=BJTILEQDFM;ID=FTZFWNESPZQ;NAME=Chevron_Type;GROUP=Chevron;VALUE=0 
 PARM;GEOM_ID=BJTILEQDFM;ID=QLNDUYINTPM;NAME=LeftAmplitude;GROUP=Chevron;VALUE=1 
 PARM;GEOM_ID=BJTILEQDFM;ID=PIAOQCMCGAH;NAME=Left_Angle;GROUP=Chevron;VALUE=0 
 PARM;GEOM_ID=BJTILEQDFM;ID=SXEIYWDTVMW;NAME=Left_Slew;GROUP=Chevron;VALUE=0 
 PARM;GEOM_ID=BJTILEQDFM;ID=DTZOTWKPAAI;NAME=Number;GROUP=Chevron;VALUE=8 
 PARM;GEOM_ID=BJTILEQDFM;ID=YCEMMSFZSNU;NAME=Off_Duty;GROUP=Chevron;VALUE=0 
 PARM;GEOM_ID=BJTILEQDFM;ID=LEJNLUHMFWO;NAME=On_Duty;GROUP=Chevron;VALUE=0 
 PARM;GEOM_ID=BJTILEQDFM;ID=NABFLGFYYFT;NAME=Peak_Radius;GROUP=Chevron;VALUE=0 
 PARM;GEOM_ID=BJTILEQDFM;ID=SKLVSHAKUEA;NAME=RLSym;GROUP=Chevron;VALUE=1 
 PARM;GEOM_ID=BJTILEQDFM;ID=UKLXFXHHWRI;NAME=RightAmplitude;GROUP=Chevron;VALUE=1 
 PARM;GEOM_ID=BJTILEQDFM;ID=SUJCEAKSQAL;NAME=Right_Angle;GROUP=Chevron;VALUE=0 
 PARM;GEOM_ID=BJTILEQDFM;ID=RUTWKXKIJWF;NAME=Right_Slew;GROUP=Chevron;VALUE=0 
 PARM;GEOM_ID=BJTILEQDFM;ID=DNAIQZWFPME;NAME=TBSym;GROUP=Chevron;VALUE=1 
 PARM;GEOM_ID=BJTILEQDFM;ID=PQJLYCUAVBX;NAME=TopAmplitude;GROUP=Chevron;VALUE=1 
 PARM;GEOM_ID=BJTILEQDFM;ID=IFQCDRDVWQM;NAME=Top_Angle;GROUP=Chevron;VALUE=0 
 PARM;GEOM_ID=BJTILEQDFM;ID=QDUISJIPYOP;NAME=Top_Slew;GROUP=Chevron;VALUE=0 
 PARM;GEOM_ID=BJTILEQDFM;ID=FNCBKHNXVNQ;NAME=Valley_Radius;GROUP=Chevron;VALUE=0 
 PARM;GEOM_ID=BJTILEQDFM;ID=PEQQQAHTMHV;NAME=W01_Center;GROUP=Chevron;VALUE=0.25 
 PARM;GEOM_ID=BJTILEQDFM;ID=BAIVRDDRZBK;NAME=W01_Center_Guide;GROUP=Chevron;VALUE=5 
 PARM;GEOM_ID=BJTILEQDFM;ID=YIAAYNIYGCJ;NAME=W01_End;GROUP=Chevron;VALUE=0.5 
 PARM;GEOM_ID=BJTILEQDFM;ID=XBFTJBORVGH;NAME=W01_End_Guide;GROUP=Chevron;VALUE=5 
 PARM;GEOM_ID=BJTILEQDFM;ID=YWTCADYCTJW;NAME=W01_Mode;GROUP=Chevron;VALUE=0 
 PARM;GEOM_ID=BJTILEQDFM;ID=CVJXGRPESVI;NAME=W01_Start;GROUP=Chevron;VALUE=0 
 PARM;GEOM_ID=BJTILEQDFM;ID=DSMVBTHELGH;NAME=W01_Start_Guide;GROUP=Chevron;VALUE=5 
 PARM;GEOM_ID=BJTILEQDFM;ID=TQVIBVEJHLF;NAME=W01_Width;GROUP=Chevron;VALUE=0.5 
 PARM;GEOM_ID=BJTILEQDFM;ID=VMAZCPEVBXR;NAME=AftCluster;GROUP=XSec;VALUE=1 
 PARM;GEOM_ID=BJTILEQDFM;ID=MCGQXPXPKZX;NAME=AllSym;GROUP=XSec;VALUE=0 
 PARM;GEOM_ID=BJTILEQDFM;ID=QUVZINRCDQW;NAME=BottomLAngle;GROUP=XSec;VALUE=0 
 PARM;GEOM_ID=BJTILEQDFM;ID=NPYDRHZCOCB;NAME=BottomLAngleSet;GROUP=XSec;VALUE=1 
 PARM;GEOM_ID=BJTILEQDFM;ID=FJKGHSYBBMF;NAME=BottomLCurve;GROUP=XSec;VALUE=0 
 PARM;GEOM_ID=BJTILEQDFM;ID=TCMLZVXVCNW;NAME=BottomLCurveSet;GROUP=XSec;VALUE=0 
 PARM;GEOM_ID=BJTILEQDFM;ID=OZYJXRNNVWE;NAME=BottomLRAngleEq;GROUP=XSec;VALUE=1 
 PARM;GEOM_ID=BJTILEQDFM;ID=HGATKEDOIMK;NAME=BottomLRCurveEq;GROUP=XSec;VALUE=0 
 PARM;GEOM_ID=BJTILEQDFM;ID=NTUHITUOYZT;NAME=BottomLRSlewEq;GROUP=XSec;VALUE=0 
 PARM;GEOM_ID=BJTILEQDFM;ID=MMUVLRWMRUV;NAME=BottomLRStrengthEq;GROUP=XSec;VALUE=0 
 PARM;GEOM_ID=BJTILEQDFM;ID=URZJKYJJQPU;NAME=BottomLSlew;GROUP=XSec;VALUE=0 
 PARM;GEOM_ID=BJTILEQDFM;ID=LXUTRWYJLIJ;NAME=BottomLSlewSet;GROUP=XSec;VALUE=1 
 PARM;GEOM_ID=BJTILEQDFM;ID=KGPKWDGYAZL;NAME=BottomLStrength;GROUP=XSec;VALUE=0.75 
 PARM;GEOM_ID=BJTILEQDFM;ID=GDRQONSMSUK;NAME=BottomLStrengthSet;GROUP=XSec;VALUE=1 
 PARM;GEOM_ID=BJTILEQDFM;ID=CXTNLFLRAON;NAME=BottomRAngle;GROUP=XSec;VALUE=0 
 PARM;GEOM_ID=BJTILEQDFM;ID=SYCZCCAIRDS;NAME=BottomRAngleSet;GROUP=XSec;VALUE=1 
 PARM;GEOM_ID=BJTILEQDFM;ID=PHZCDGTKMQB;NAME=BottomRCurve;GROUP=XSec;VALUE=-33.9887 
 PARM;GEOM_ID=BJTILEQDFM;ID=CDUILXANQOU;NAME=BottomRCurveSet;GROUP=XSec;VALUE=0 
 PARM;GEOM_ID=BJTILEQDFM;ID=PQGSUSQXIZB;NAME=BottomRSlew;GROUP=XSec;VALUE=0 
 PARM;GEOM_ID=BJTILEQDFM;ID=GQCBVOGFWNL;NAME=BottomRSlewSet;GROUP=XSec;VALUE=1 
 PARM;GEOM_ID=BJTILEQDFM;ID=RRRVKZYJULD;NAME=BottomRStrength;GROUP=XSec;VALUE=1 
 PARM;GEOM_ID=BJTILEQDFM;ID=QORVUQOYTOR;NAME=BottomRStrengthSet;GROUP=XSec;VALUE=1 
 PARM;GEOM_ID=BJTILEQDFM;ID=UYHBXFTBCBV;NAME=ContinuityBottom;GROUP=XSec;VALUE=0 
 PARM;GEOM_ID=BJTILEQDFM;ID=XEUSMNADQVJ;NAME=ContinuityLeft;GROUP=XSec;VALUE=0 
 PARM;GEOM_ID=BJTILEQDFM;ID=RGLPMPGOGTI;NAME=ContinuityRight;GROUP=XSec;VALUE=0 
 PARM;GEOM_ID=BJTILEQDFM;ID=WDXRSMSCIPO;NAME=ContinuityTop;GROUP=XSec;VALUE=0 
 PARM;GEOM_ID=BJTILEQDFM;ID=HYEGIQXPNZA;NAME=FwdCluster;GROUP=XSec;VALUE=1 
 PARM;GEOM_ID=BJTILEQDFM;ID=FOGCYTVDUEJ;NAME=LeftLAngle;GROUP=XSec;VALUE=0 
 PARM;GEOM_ID=BJTILEQDFM;ID=BUKUFEULRJQ;NAME=LeftLAngleSet;GROUP=XSec;VALUE=1 
 PARM;GEOM_ID=BJTILEQDFM;ID=IAIIRRNOGVL;NAME=LeftLCurve;GROUP=XSec;VALUE=1 
 PARM;GEOM_ID=BJTILEQDFM;ID=LPINESWNAKE;NAME=LeftLCurveSet;GROUP=XSec;VALUE=0 
 PARM;GEOM_ID=BJTILEQDFM;ID=LHPFSUDJUHQ;NAME=LeftLRAngleEq;GROUP=XSec;VALUE=1 
 PARM;GEOM_ID=BJTILEQDFM;ID=RNJQJQUCQGU;NAME=LeftLRCurveEq;GROUP=XSec;VALUE=0 
 PARM;GEOM_ID=BJTILEQDFM;ID=RLHPJOXWJSN;NAME=LeftLRSlewEq;GROUP=XSec;VALUE=0 
 PARM;GEOM_ID=BJTILEQDFM;ID=GLMNFLWQKKR;NAME=LeftLRStrengthEq;GROUP=XSec;VALUE=0 
 PARM;GEOM_ID=BJTILEQDFM;ID=ABKMFEAGSON;NAME=LeftLSlew;GROUP=XSec;VALUE=0 
 PARM;GEOM_ID=BJTILEQDFM;ID=ZGGRNQRZQTW;NAME=LeftLSlewSet;GROUP=XSec;VALUE=1 
 PARM;GEOM_ID=BJTILEQDFM;ID=AOXFIQVYTCD;NAME=LeftLStrength;GROUP=XSec;VALUE=0.75 
 PARM;GEOM_ID=BJTILEQDFM;ID=MJJEPUIHKLO;NAME=LeftLStrengthSet;GROUP=XSec;VALUE=1 
 PARM;GEOM_ID=BJTILEQDFM;ID=GCJHEVSAYXO;NAME=LeftRAngle;GROUP=XSec;VALUE=0 
 PARM;GEOM_ID=BJTILEQDFM;ID=DPLRNKOTKOS;NAME=LeftRAngleSet;GROUP=XSec;VALUE=1 
 PARM;GEOM_ID=BJTILEQDFM;ID=FYORQKNENGL;NAME=LeftRCurve;GROUP=XSec;VALUE=-30.2577 
 PARM;GEOM_ID=BJTILEQDFM;ID=NLOOZMAITHJ;NAME=LeftRCurveSet;GROUP=XSec;VALUE=0 
 PARM;GEOM_ID=BJTILEQDFM;ID=DURAUQRKPYL;NAME=LeftRSlew;GROUP=XSec;VALUE=0 
 PARM;GEOM_ID=BJTILEQDFM;ID=TGSXOEBCYTA;NAME=LeftRSlewSet;GROUP=XSec;VALUE=1 
 PARM;GEOM_ID=BJTILEQDFM;ID=ZAVFMHCIGCJ;NAME=LeftRStrength;GROUP=XSec;VALUE=1 
 PARM;GEOM_ID=BJTILEQDFM;ID=AKGZDORFXCC;NAME=LeftRStrengthSet;GROUP=XSec;VALUE=1 
 PARM;GEOM_ID=BJTILEQDFM;ID=IUBKAJMAGRS;NAME=RLSym;GROUP=XSec;VALUE=1 
 PARM;GEOM_ID=BJTILEQDFM;ID=UXFQUUTVAPD;NAME=RefLength;GROUP=XSec;VALUE=30 
 PARM;GEOM_ID=BJTILEQDFM;ID=EZFIXPQXNUZ;NAME=RightLAngle;GROUP=XSec;VALUE=0 
 PARM;GEOM_ID=BJTILEQDFM;ID=OFLJBWPRBTD;NAME=RightLAngleSet;GROUP=XSec;VALUE=1 
 PARM;GEOM_ID=BJTILEQDFM;ID=ZAHCNEFMPII;NAME=RightLCurve;GROUP=XSec;VALUE=1 
 PARM;GEOM_ID=BJTILEQDFM;ID=RLUPICRSQJT;NAME=RightLCurveSet;GROUP=XSec;VALUE=0 
 PARM;GEOM_ID=BJTILEQDFM;ID=LJNZEIQBCVB;NAME=RightLRAngleEq;GROUP=XSec;VALUE=1 
 PARM;GEOM_ID=BJTILEQDFM;ID=TXVQMMFNXFH;NAME=RightLRCurveEq;GROUP=XSec;VALUE=0 
 PARM;GEOM_ID=BJTILEQDFM;ID=ARNIZXRRPRM;NAME=RightLRSlewEq;GROUP=XSec;VALUE=0 
 PARM;GEOM_ID=BJTILEQDFM;ID=OVYJBQMLCNO;NAME=RightLRStrengthEq;GROUP=XSec;VALUE=0 
 PARM;GEOM_ID=BJTILEQDFM;ID=PHSFELXAONT;NAME=RightLSlew;GROUP=XSec;VALUE=0 
 PARM;GEOM_ID=BJTILEQDFM;ID=KZTHXUFGLVR;NAME=RightLSlewSet;GROUP=XSec;VALUE=1 
 PARM;GEOM_ID=BJTILEQDFM;ID=TKDLWOPQWHU;NAME=RightLStrength;GROUP=XSec;VALUE=0.75 
 PARM;GEOM_ID=BJTILEQDFM;ID=OAJKSCZONIM;NAME=RightLStrengthSet;GROUP=XSec;VALUE=1 
 PARM;GEOM_ID=BJTILEQDFM;ID=HCHJJOZPWNB;NAME=RightRAngle;GROUP=XSec;VALUE=0 
 PARM;GEOM_ID=BJTILEQDFM;ID=YGDYVDIHUQB;NAME=RightRAngleSet;GROUP=XSec;VALUE=1 
 PARM;GEOM_ID=BJTILEQDFM;ID=ELFSFJOBQXR;NAME=RightRCurve;GROUP=XSec;VALUE=-30.2577 
 PARM;GEOM_ID=BJTILEQDFM;ID=IEUVOUFCUWI;NAME=RightRCurveSet;GROUP=XSec;VALUE=0 
 PARM;GEOM_ID=BJTILEQDFM;ID=MNBBXWMTCTD;NAME=RightRSlew;GROUP=XSec;VALUE=0 
 PARM;GEOM_ID=BJTILEQDFM;ID=NVKINCWPKAJ;NAME=RightRSlewSet;GROUP=XSec;VALUE=1 
 PARM;GEOM_ID=BJTILEQDFM;ID=VFPDGTPUFXP;NAME=RightRStrength;GROUP=XSec;VALUE=1 
 PARM;GEOM_ID=BJTILEQDFM;ID=EADSKKIFYFR;NAME=RightRStrengthSet;GROUP=XSec;VALUE=1 
 PARM;GEOM_ID=BJTILEQDFM;ID=AKYJLAHYOLK;NAME=SectTess_U;GROUP=XSec;VALUE=10 
 PARM;GEOM_ID=BJTILEQDFM;ID=VPXVWLJUSCV;NAME=Spin;GROUP=XSec;VALUE=0 
 PARM;GEOM_ID=BJTILEQDFM;ID=FVPCJFERFVP;NAME=TBSym;GROUP=XSec;VALUE=1 
 PARM;GEOM_ID=BJTILEQDFM;ID=QTYOJELXCAY;NAME=TopLAngle;GROUP=XSec;VALUE=0 
 PARM;GEOM_ID=BJTILEQDFM;ID=YTTZZPQZUXJ;NAME=TopLAngleSet;GROUP=XSec;VALUE=1 
 PARM;GEOM_ID=BJTILEQDFM;ID=FHYLBQQDJOP;NAME=TopLCurve;GROUP=XSec;VALUE=0 
 PARM;GEOM_ID=BJTILEQDFM;ID=PTVVIMAVFZD;NAME=TopLCurveSet;GROUP=XSec;VALUE=0 
 PARM;GEOM_ID=BJTILEQDFM;ID=SBDAIVTTOJH;NAME=TopLRAngleEq;GROUP=XSec;VALUE=1 
 PARM;GEOM_ID=BJTILEQDFM;ID=FDYGVBNBALH;NAME=TopLRCurveEq;GROUP=XSec;VALUE=0 
 PARM;GEOM_ID=BJTILEQDFM;ID=EVGDLTIUJDB;NAME=TopLRSlewEq;GROUP=XSec;VALUE=0 
 PARM;GEOM_ID=BJTILEQDFM;ID=HEFFGMLPMQZ;NAME=TopLRStrengthEq;GROUP=XSec;VALUE=0 
 PARM;GEOM_ID=BJTILEQDFM;ID=GDYTREFRWMN;NAME=TopLSlew;GROUP=XSec;VALUE=0 
 PARM;GEOM_ID=BJTILEQDFM;ID=ZVBUGMMFNVN;NAME=TopLSlewSet;GROUP=XSec;VALUE=1 
 PARM;GEOM_ID=BJTILEQDFM;ID=JYBJVYKPEZL;NAME=TopLStrength;GROUP=XSec;VALUE=0.75 
 PARM;GEOM_ID=BJTILEQDFM;ID=YZUAFFOSUII;NAME=TopLStrengthSet;GROUP=XSec;VALUE=1 
 PARM;GEOM_ID=BJTILEQDFM;ID=QMENHKNWSYR;NAME=TopRAngle;GROUP=XSec;VALUE=0 
 PARM;GEOM_ID=BJTILEQDFM;ID=RUGMBSLGKLH;NAME=TopRAngleSet;GROUP=XSec;VALUE=1 
 PARM;GEOM_ID=BJTILEQDFM;ID=GLHNUTATYYL;NAME=TopRCurve;GROUP=XSec;VALUE=-33.9887 
 PARM;GEOM_ID=BJTILEQDFM;ID=RROWVQPCVZF;NAME=TopRCurveSet;GROUP=XSec;VALUE=0 
 PARM;GEOM_ID=BJTILEQDFM;ID=UIQBQCPIGHM;NAME=TopRSlew;GROUP=XSec;VALUE=0 
 PARM;GEOM_ID=BJTILEQDFM;ID=JNFQUHDSHBX;NAME=TopRSlewSet;GROUP=XSec;VALUE=1 
 PARM;GEOM_ID=BJTILEQDFM;ID=DTQVYUTVAAB;NAME=TopRStrength;GROUP=XSec;VALUE=1 
 PARM;GEOM_ID=BJTILEQDFM;ID=CBFEFALDFLY;NAME=TopRStrengthSet;GROUP=XSec;VALUE=1 
 PARM;GEOM_ID=BJTILEQDFM;ID=SNURLETJREM;NAME=XLocPercent;GROUP=XSec;VALUE=0.992603 
 PARM;GEOM_ID=BJTILEQDFM;ID=CAAOAKRAXUM;NAME=XRotate;GROUP=XSec;VALUE=0 
 PARM;GEOM_ID=BJTILEQDFM;ID=SAPUJRVBOEX;NAME=YLocPercent;GROUP=XSec;VALUE=0 
 PARM;GEOM_ID=BJTILEQDFM;ID=PXCBGCDIKOR;NAME=YRotate;GROUP=XSec;VALUE=0 
 PARM;GEOM_ID=BJTILEQDFM;ID=XTOHZDVGRXK;NAME=ZLocPercent;GROUP=XSec;VALUE=0 
 PARM;GEOM_ID=BJTILEQDFM;ID=FIYXROTXEDK;NAME=ZRotate;GROUP=XSec;VALUE=0 
 PARM;GEOM_ID=BJTILEQDFM;ID=BYHTBEUKURF;NAME=Area;GROUP=XSecCurve;VALUE=8.67569 
 PARM;GEOM_ID=BJTILEQDFM;ID=KSIBSCOUULS;NAME=DeltaX;GROUP=XSecCurve;VALUE=0 
 PARM;GEOM_ID=BJTILEQDFM;ID=FCORFNVRCDA;NAME=DeltaY;GROUP=XSecCurve;VALUE=0 
 PARM;GEOM_ID=BJTILEQDFM;ID=KLPYRGTDLTF;NAME=Ellipse_Height;GROUP=XSecCurve;VALUE=3.46939 
 PARM;GEOM_ID=BJTILEQDFM;ID=ROPDEGUAHSG;NAME=Ellipse_Width;GROUP=XSecCurve;VALUE=3.18367 
 PARM;GEOM_ID=BJTILEQDFM;ID=WLUJPKKGBFU;NAME=HWRatio;GROUP=XSecCurve;VALUE=1.08974 
 PARM;GEOM_ID=BJTILEQDFM;ID=HEWIWHPZENH;NAME=Scale;GROUP=XSecCurve;VALUE=1 
 PARM;GEOM_ID=BJTILEQDFM;ID=UZHOYBFDQGJ;NAME=ShiftLE;GROUP=XSecCurve;VALUE=0 
 PARM;GEOM_ID=BJTILEQDFM;ID=ZEPQLCCDWYY;NAME=Theta;GROUP=XSecCurve;VALUE=0 
 PARM;GEOM_ID=BJTILEQDFM;ID=SRKUNYCMGRY;NAME=LE_Cap_Length;GROUP=Cap;VALUE=1 
 PARM;GEOM_ID=BJTILEQDFM;ID=EUJKLLGNZQE;NAME=LE_Cap_Offset;GROUP=Cap;VALUE=0 
 PARM;GEOM_ID=BJTILEQDFM;ID=UDUROWESIQR;NAME=LE_Cap_Strength;GROUP=Cap;VALUE=0.5 
 PARM;GEOM_ID=BJTILEQDFM;ID=UGBXJNOWEER;NAME=LE_Cap_Type;GROUP=Cap;VALUE=1 
 PARM;GEOM_ID=BJTILEQDFM;ID=HABDXWLPFVA;NAME=TE_Cap_Length;GROUP=Cap;VALUE=1 
 PARM;GEOM_ID=BJTILEQDFM;ID=OHEYJLZBCIW;NAME=TE_Cap_Offset;GROUP=Cap;VALUE=0 
 PARM;GEOM_ID=BJTILEQDFM;ID=FROZCPLWNKG;NAME=TE_Cap_Strength;GROUP=Cap;VALUE=0.5 
 PARM;GEOM_ID=BJTILEQDFM;ID=IPMZOJHAPWG;NAME=TE_Cap_Type;GROUP=Cap;VALUE=1 
 PARM;GEOM_ID=BJTILEQDFM;ID=QRIHKRZACYY;NAME=LE_Close_AbsRel;GROUP=Close;VALUE=0 
 PARM;GEOM_ID=BJTILEQDFM;ID=RBSOSVBLYJS;NAME=LE_Close_Thick;GROUP=Close;VALUE=0 
 PARM;GEOM_ID=BJTILEQDFM;ID=GSDWIKMUDHG;NAME=LE_Close_Thick_Chord;GROUP=Close;VALUE=0 
 PARM;GEOM_ID=BJTILEQDFM;ID=PDIUKGPDVXM;NAME=LE_Close_Type;GROUP=Close;VALUE=0 
 PARM;GEOM_ID=BJTILEQDFM;ID=PDDMMZISHLX;NAME=TE_Close_AbsRel;GROUP=Close;VALUE=0 
 PARM;GEOM_ID=BJTILEQDFM;ID=ANLRUZTUFIY;NAME=TE_Close_Thick;GROUP=Close;VALUE=0 
 PARM;GEOM_ID=BJTILEQDFM;ID=MHUUZUEROCQ;NAME=TE_Close_Thick_Chord;GROUP=Close;VALUE=0 
 PARM;GEOM_ID=BJTILEQDFM;ID=AXVCJHTZFYO;NAME=TE_Close_Type;GROUP=Close;VALUE=0 
 PARM;GEOM_ID=BJTILEQDFM;ID=NFNVIVZBCTT;NAME=LE_Trim_AbsRel;GROUP=Trim;VALUE=0 
 PARM;GEOM_ID=BJTILEQDFM;ID=IKCLYEMKBGR;NAME=LE_Trim_Thick;GROUP=Trim;VALUE=0 
 PARM;GEOM_ID=BJTILEQDFM;ID=KUKVVHXNUXP;NAME=LE_Trim_Thick_Chord;GROUP=Trim;VALUE=0 
 PARM;GEOM_ID=BJTILEQDFM;ID=FJCUOIYICMG;NAME=LE_Trim_Type;GROUP=Trim;VALUE=0 
 PARM;GEOM_ID=BJTILEQDFM;ID=WNOCWMAMMCY;NAME=LE_Trim_X;GROUP=Trim;VALUE=0 
 PARM;GEOM_ID=BJTILEQDFM;ID=BPOASMPRATX;NAME=LE_Trim_X_Chord;GROUP=Trim;VALUE=0 
 PARM;GEOM_ID=BJTILEQDFM;ID=RTWHIVICDNX;NAME=TE_Trim_AbsRel;GROUP=Trim;VALUE=0 
 PARM;GEOM_ID=BJTILEQDFM;ID=CHISDTFOPUM;NAME=TE_Trim_Thick;GROUP=Trim;VALUE=0 
 PARM;GEOM_ID=BJTILEQDFM;ID=RFKQTTLWLCP;NAME=TE_Trim_Thick_Chord;GROUP=Trim;VALUE=0 
 PARM;GEOM_ID=BJTILEQDFM;ID=HWHAXRNNZZX;NAME=TE_Trim_Type;GROUP=Trim;VALUE=0 
 PARM;GEOM_ID=BJTILEQDFM;ID=LUXBVMHETLS;NAME=TE_Trim_X;GROUP=Trim;VALUE=0 
 PARM;GEOM_ID=BJTILEQDFM;ID=UEPCLWGNCQI;NAME=TE_Trim_X_Chord;GROUP=Trim;VALUE=0 
 PARM;GEOM_ID=BJTILEQDFM;ID=UQJHQISSVJF;NAME=TE_Flap_DT;GROUP=Flap;VALUE=0 
 PARM;GEOM_ID=BJTILEQDFM;ID=MRZBAPKMVNK;NAME=TE_Flap_Deflection;GROUP=Flap;VALUE=0 
 PARM;GEOM_ID=BJTILEQDFM;ID=OFCTNTEJJSX;NAME=TE_Flap_Flag;GROUP=Flap;VALUE=0 
 PARM;GEOM_ID=BJTILEQDFM;ID=QAIGMPLYFAW;NAME=TE_Flap_T;GROUP=Flap;VALUE=0.2 
 PARM;GEOM_ID=BJTILEQDFM;ID=LGNFSDNKVPS;NAME=TE_Flap_Type;GROUP=Flap;VALUE=0 
 PARM;GEOM_ID=BJTILEQDFM;ID=QRNTODSARXA;NAME=TE_Flap_X;GROUP=Flap;VALUE=0 
 PARM;GEOM_ID=BJTILEQDFM;ID=FNWUDUGUTVS;NAME=TE_Flap_X_Chord;GROUP=Flap;VALUE=0.2 
 PARM;GEOM_ID=BJTILEQDFM;ID=JYPZSKKPLUA;NAME=TE_Flap_Y_Frc;GROUP=Flap;VALUE=0.5 
 PARM;GEOM_ID=BJTILEQDFM;ID=MYYEXXGMMYD;NAME=TE_Trim_AbsRel;GROUP=Flap;VALUE=1 
 PARM;GEOM_ID=BJTILEQDFM;ID=EGCSMXAGLRQ;NAME=XSecFlipImageFlag;GROUP=XSecCurve_Background;VALUE=0 
 PARM;GEOM_ID=BJTILEQDFM;ID=AFSLIDNWSEQ;NAME=XSecImageFlag;GROUP=XSecCurve_Background;VALUE=0 
 PARM;GEOM_ID=BJTILEQDFM;ID=ECWBTKDZBAG;NAME=XSecImageH;GROUP=XSecCurve_Background;VALUE=1 
 PARM;GEOM_ID=BJTILEQDFM;ID=HZIHTFXFQBI;NAME=XSecImagePreserveAR;GROUP=XSecCurve_Background;VALUE=1 
 PARM;GEOM_ID=BJTILEQDFM;ID=EECNIZHZQHS;NAME=XSecImageW;GROUP=XSecCurve_Background;VALUE=1 
 PARM;GEOM_ID=BJTILEQDFM;ID=QRUKWJEHHNW;NAME=XSecImageXOffset;GROUP=XSecCurve_Background;VALUE=0 
 PARM;GEOM_ID=BJTILEQDFM;ID=JSDEQSAIVMN;NAME=XSecImageYOffset;GROUP=XSecCurve_Background;VALUE=0 
 PARM;GEOM_ID=BJTILEQDFM;ID=AYRDRNVEZQU;NAME=XSecLockImageFlag;GROUP=XSecCurve_Background;VALUE=0 
 PARM;GEOM_ID=BJTILEQDFM;ID=YHUJXQPJSMY;NAME=AllSym;GROUP=Chevron;VALUE=1 
 PARM;GEOM_ID=BJTILEQDFM;ID=ZPYEGXVMSYZ;NAME=BottomAmplitude;GROUP=Chevron;VALUE=1 
 PARM;GEOM_ID=BJTILEQDFM;ID=LZHZVVVSXGP;NAME=Bottom_Angle;GROUP=Chevron;VALUE=0 
 PARM;GEOM_ID=BJTILEQDFM;ID=SSZTJKSCMLS;NAME=Bottom_Slew;GROUP=Chevron;VALUE=0 
 PARM;GEOM_ID=BJTILEQDFM;ID=CMAMDXMOVZU;NAME=Chevron_Type;GROUP=Chevron;VALUE=0 
 PARM;GEOM_ID=BJTILEQDFM;ID=STLOVCQSYVL;NAME=LeftAmplitude;GROUP=Chevron;VALUE=1 
 PARM;GEOM_ID=BJTILEQDFM;ID=THYIDYMDKZJ;NAME=Left_Angle;GROUP=Chevron;VALUE=0 
 PARM;GEOM_ID=BJTILEQDFM;ID=IBMOBXXRTMD;NAME=Left_Slew;GROUP=Chevron;VALUE=0 
 PARM;GEOM_ID=BJTILEQDFM;ID=SLZPDJYDWNP;NAME=Number;GROUP=Chevron;VALUE=8 
 PARM;GEOM_ID=BJTILEQDFM;ID=GIDTYVTSUGF;NAME=Off_Duty;GROUP=Chevron;VALUE=0 
 PARM;GEOM_ID=BJTILEQDFM;ID=XPMNIBMJSAI;NAME=On_Duty;GROUP=Chevron;VALUE=0 
 PARM;GEOM_ID=BJTILEQDFM;ID=LCAQZXGAMNK;NAME=Peak_Radius;GROUP=Chevron;VALUE=0 
 PARM;GEOM_ID=BJTILEQDFM;ID=WFFASHZZDVS;NAME=RLSym;GROUP=Chevron;VALUE=1 
 PARM;GEOM_ID=BJTILEQDFM;ID=EVCSMVIXRPX;NAME=RightAmplitude;GROUP=Chevron;VALUE=1 
 PARM;GEOM_ID=BJTILEQDFM;ID=EUROHORCQOE;NAME=Right_Angle;GROUP=Chevron;VALUE=0 
 PARM;GEOM_ID=BJTILEQDFM;ID=ZVHMRSTAXSU;NAME=Right_Slew;GROUP=Chevron;VALUE=0 
 PARM;GEOM_ID=BJTILEQDFM;ID=HKTUPEPCWSB;NAME=TBSym;GROUP=Chevron;VALUE=1 
 PARM;GEOM_ID=BJTILEQDFM;ID=OBWXJIQVPCZ;NAME=TopAmplitude;GROUP=Chevron;VALUE=1 
 PARM;GEOM_ID=BJTILEQDFM;ID=HBCQCCCVZHU;NAME=Top_Angle;GROUP=Chevron;VALUE=0 
 PARM;GEOM_ID=BJTILEQDFM;ID=TAGQOIKLHHN;NAME=Top_Slew;GROUP=Chevron;VALUE=0 
 PARM;GEOM_ID=BJTILEQDFM;ID=INBNCOYIEWQ;NAME=Valley_Radius;GROUP=Chevron;VALUE=0 
 PARM;GEOM_ID=BJTILEQDFM;ID=IXXEUONPGNG;NAME=W01_Center;GROUP=Chevron;VALUE=0.25 
 PARM;GEOM_ID=BJTILEQDFM;ID=SKEYMXIQIBV;NAME=W01_Center_Guide;GROUP=Chevron;VALUE=5 
 PARM;GEOM_ID=BJTILEQDFM;ID=RQLMFNLBXVN;NAME=W01_End;GROUP=Chevron;VALUE=0.5 
 PARM;GEOM_ID=BJTILEQDFM;ID=GKUBNEMPAUA;NAME=W01_End_Guide;GROUP=Chevron;VALUE=5 
 PARM;GEOM_ID=BJTILEQDFM;ID=BFMYCQAPIEE;NAME=W01_Mode;GROUP=Chevron;VALUE=0 
 PARM;GEOM_ID=BJTILEQDFM;ID=IAYNFSCTVLS;NAME=W01_Start;GROUP=Chevron;VALUE=0 
 PARM;GEOM_ID=BJTILEQDFM;ID=DIJSKXTQILD;NAME=W01_Start_Guide;GROUP=Chevron;VALUE=5 
 PARM;GEOM_ID=BJTILEQDFM;ID=LAPFCDZAYIY;NAME=W01_Width;GROUP=Chevron;VALUE=0.5 
 PARM;GEOM_ID=BJTILEQDFM;ID=PTKBLUGSTOH;NAME=AftCluster;GROUP=XSec;VALUE=1 
 PARM;GEOM_ID=BJTILEQDFM;ID=WCGLGNIQXSI;NAME=AllSym;GROUP=XSec;VALUE=1 
 PARM;GEOM_ID=BJTILEQDFM;ID=HELERKSMUNU;NAME=BottomLAngle;GROUP=XSec;VALUE=-90 
 PARM;GEOM_ID=BJTILEQDFM;ID=LDBJCSSWJZS;NAME=BottomLAngleSet;GROUP=XSec;VALUE=1 
 PARM;GEOM_ID=BJTILEQDFM;ID=CJHNGDONPQR;NAME=BottomLCurve;GROUP=XSec;VALUE=2.99339 
 PARM;GEOM_ID=BJTILEQDFM;ID=FKXOAQOITTM;NAME=BottomLCurveSet;GROUP=XSec;VALUE=0 
 PARM;GEOM_ID=BJTILEQDFM;ID=QHSPDUMIGNH;NAME=BottomLRAngleEq;GROUP=XSec;VALUE=1 
 PARM;GEOM_ID=BJTILEQDFM;ID=QMAKRNNKSVK;NAME=BottomLRCurveEq;GROUP=XSec;VALUE=0 
 PARM;GEOM_ID=BJTILEQDFM;ID=ZDNTWKEMHVJ;NAME=BottomLRSlewEq;GROUP=XSec;VALUE=0 
 PARM;GEOM_ID=BJTILEQDFM;ID=TNNWNNROWEA;NAME=BottomLRStrengthEq;GROUP=XSec;VALUE=0 
 PARM;GEOM_ID=BJTILEQDFM;ID=XLJOEGOENGS;NAME=BottomLSlew;GROUP=XSec;VALUE=0 
 PARM;GEOM_ID=BJTILEQDFM;ID=PARNZKLXOIT;NAME=BottomLSlewSet;GROUP=XSec;VALUE=1 
 PARM;GEOM_ID=BJTILEQDFM;ID=VUEWEIFAGIK;NAME=BottomLStrength;GROUP=XSec;VALUE=0.75 
 PARM;GEOM_ID=BJTILEQDFM;ID=NKBHUUWWWEU;NAME=BottomLStrengthSet;GROUP=XSec;VALUE=1 
 PARM;GEOM_ID=BJTILEQDFM;ID=UYODFERQFCM;NAME=BottomRAngle;GROUP=XSec;VALUE=-90 
 PARM;GEOM_ID=BJTILEQDFM;ID=WPYMBBSILGN;NAME=BottomRAngleSet;GROUP=XSec;VALUE=1 
 PARM;GEOM_ID=BJTILEQDFM;ID=OGTXNWISYBD;NAME=BottomRCurve;GROUP=XSec;VALUE=2.99339 
 PARM;GEOM_ID=BJTILEQDFM;ID=EVEEJAEJWLA;NAME=BottomRCurveSet;GROUP=XSec;VALUE=0 
 PARM;GEOM_ID=BJTILEQDFM;ID=LSJOIMDZDNR;NAME=BottomRSlew;GROUP=XSec;VALUE=0 
 PARM;GEOM_ID=BJTILEQDFM;ID=WCMKTISUGME;NAME=BottomRSlewSet;GROUP=XSec;VALUE=1 
 PARM;GEOM_ID=BJTILEQDFM;ID=HDJKQIBIZTV;NAME=BottomRStrength;GROUP=XSec;VALUE=1 
 PARM;GEOM_ID=BJTILEQDFM;ID=RMTNVYPHJOC;NAME=BottomRStrengthSet;GROUP=XSec;VALUE=1 
 PARM;GEOM_ID=BJTILEQDFM;ID=NRUUVVKARWL;NAME=ContinuityBottom;GROUP=XSec;VALUE=0 
 PARM;GEOM_ID=BJTILEQDFM;ID=UPJELSPWQKK;NAME=ContinuityLeft;GROUP=XSec;VALUE=0 
 PARM;GEOM_ID=BJTILEQDFM;ID=CPYMZVGMUSB;NAME=ContinuityRight;GROUP=XSec;VALUE=0 
 PARM;GEOM_ID=BJTILEQDFM;ID=EBUHGIKJUDJ;NAME=ContinuityTop;GROUP=XSec;VALUE=0 
 PARM;GEOM_ID=BJTILEQDFM;ID=UOFKMSNYABF;NAME=FwdCluster;GROUP=XSec;VALUE=1 
 PARM;GEOM_ID=BJTILEQDFM;ID=NWWBJLJXMYQ;NAME=LeftLAngle;GROUP=XSec;VALUE=-90 
 PARM;GEOM_ID=BJTILEQDFM;ID=FRCMYFSYDUN;NAME=LeftLAngleSet;GROUP=XSec;VALUE=1 
 PARM;GEOM_ID=BJTILEQDFM;ID=VGOWVOKYFBO;NAME=LeftLCurve;GROUP=XSec;VALUE=2.51146 
 PARM;GEOM_ID=BJTILEQDFM;ID=VSCYWZKEDQL;NAME=LeftLCurveSet;GROUP=XSec;VALUE=0 
 PARM;GEOM_ID=BJTILEQDFM;ID=AOKPDPEQBDZ;NAME=LeftLRAngleEq;GROUP=XSec;VALUE=1 
 PARM;GEOM_ID=BJTILEQDFM;ID=AOHBWFZDZEO;NAME=LeftLRCurveEq;GROUP=XSec;VALUE=0 
 PARM;GEOM_ID=BJTILEQDFM;ID=TUIBYKFZIGY;NAME=LeftLRSlewEq;GROUP=XSec;VALUE=0 
 PARM;GEOM_ID=BJTILEQDFM;ID=TTSAFVZYKXU;NAME=LeftLRStrengthEq;GROUP=XSec;VALUE=0 
 PARM;GEOM_ID=BJTILEQDFM;ID=XRFSUXJYBDN;NAME=LeftLSlew;GROUP=XSec;VALUE=0 
 PARM;GEOM_ID=BJTILEQDFM;ID=HVQJHMHITRI;NAME=LeftLSlewSet;GROUP=XSec;VALUE=1 
 PARM;GEOM_ID=BJTILEQDFM;ID=UGMGOVMHKTE;NAME=LeftLStrength;GROUP=XSec;VALUE=0.75 
 PARM;GEOM_ID=BJTILEQDFM;ID=TQIDCZXYVUC;NAME=LeftLStrengthSet;GROUP=XSec;VALUE=1 
 PARM;GEOM_ID=BJTILEQDFM;ID=CAGZWRTRBZW;NAME=LeftRAngle;GROUP=XSec;VALUE=-90 
 PARM;GEOM_ID=BJTILEQDFM;ID=CDGWTLLAMJP;NAME=LeftRAngleSet;GROUP=XSec;VALUE=1 
 PARM;GEOM_ID=BJTILEQDFM;ID=LHZRRWFJHOD;NAME=LeftRCurve;GROUP=XSec;VALUE=2.51146 
 PARM;GEOM_ID=BJTILEQDFM;ID=WTDKRCFFMHJ;NAME=LeftRCurveSet;GROUP=XSec;VALUE=0 
 PARM;GEOM_ID=BJTILEQDFM;ID=QJOKUFVNSDZ;NAME=LeftRSlew;GROUP=XSec;VALUE=0 
 PARM;GEOM_ID=BJTILEQDFM;ID=XYOMXXCQZHP;NAME=LeftRSlewSet;GROUP=XSec;VALUE=1 
 PARM;GEOM_ID=BJTILEQDFM;ID=WTFCNEPNLJD;NAME=LeftRStrength;GROUP=XSec;VALUE=1 
 PARM;GEOM_ID=BJTILEQDFM;ID=JBRCDLYAEKC;NAME=LeftRStrengthSet;GROUP=XSec;VALUE=1 
 PARM;GEOM_ID=BJTILEQDFM;ID=KGIWGCTUSBO;NAME=RLSym;GROUP=XSec;VALUE=1 
 PARM;GEOM_ID=BJTILEQDFM;ID=WBNVECPGBFW;NAME=RefLength;GROUP=XSec;VALUE=30 
 PARM;GEOM_ID=BJTILEQDFM;ID=TQTSMTDMRSY;NAME=RightLAngle;GROUP=XSec;VALUE=-90 
 PARM;GEOM_ID=BJTILEQDFM;ID=BSCFKLMINDI;NAME=RightLAngleSet;GROUP=XSec;VALUE=1 
 PARM;GEOM_ID=BJTILEQDFM;ID=QVKYGFZFYVD;NAME=RightLCurve;GROUP=XSec;VALUE=2.51146 
 PARM;GEOM_ID=BJTILEQDFM;ID=RWBEYOHOFDR;NAME=RightLCurveSet;GROUP=XSec;VALUE=0 
 PARM;GEOM_ID=BJTILEQDFM;ID=KXWEYMGZEMR;NAME=RightLRAngleEq;GROUP=XSec;VALUE=1 
 PARM;GEOM_ID=BJTILEQDFM;ID=FYUPMEJHZDF;NAME=RightLRCurveEq;GROUP=XSec;VALUE=0 
 PARM;GEOM_ID=BJTILEQDFM;ID=UAZJBIGKCYV;NAME=RightLRSlewEq;GROUP=XSec;VALUE=0 
 PARM;GEOM_ID=BJTILEQDFM;ID=DWHOJDBNSIW;NAME=RightLRStrengthEq;GROUP=XSec;VALUE=0 
 PARM;GEOM_ID=BJTILEQDFM;ID=XLKMHHRFWOB;NAME=RightLSlew;GROUP=XSec;VALUE=0 
 PARM;GEOM_ID=BJTILEQDFM;ID=FLKCBXIRAVA;NAME=RightLSlewSet;GROUP=XSec;VALUE=1 
 PARM;GEOM_ID=BJTILEQDFM;ID=XUEFIDBVIIC;NAME=RightLStrength;GROUP=XSec;VALUE=0.75 
 PARM;GEOM_ID=BJTILEQDFM;ID=IFYRZWSLUGN;NAME=RightLStrengthSet;GROUP=XSec;VALUE=1 
 PARM;GEOM_ID=BJTILEQDFM;ID=ZSPNOWUTVCQ;NAME=RightRAngle;GROUP=XSec;VALUE=-90 
 PARM;GEOM_ID=BJTILEQDFM;ID=GTQUHYJKOHM;NAME=RightRAngleSet;GROUP=XSec;VALUE=1 
 PARM;GEOM_ID=BJTILEQDFM;ID=UFARMMERZOR;NAME=RightRCurve;GROUP=XSec;VALUE=2.51146 
 PARM;GEOM_ID=BJTILEQDFM;ID=SFMJIUGANDT;NAME=RightRCurveSet;GROUP=XSec;VALUE=0 
 PARM;GEOM_ID=BJTILEQDFM;ID=SVNCPSRYGQE;NAME=RightRSlew;GROUP=XSec;VALUE=0 
 PARM;GEOM_ID=BJTILEQDFM;ID=VWUSVJVZOAI;NAME=RightRSlewSet;GROUP=XSec;VALUE=1 
 PARM;GEOM_ID=BJTILEQDFM;ID=VNJNZSJHGKL;NAME=RightRStrength;GROUP=XSec;VALUE=1 
 PARM;GEOM_ID=BJTILEQDFM;ID=ZFJICBAGJLW;NAME=RightRStrengthSet;GROUP=XSec;VALUE=1 
 PARM;GEOM_ID=BJTILEQDFM;ID=TREGZWUVSHB;NAME=SectTess_U;GROUP=XSec;VALUE=10 
 PARM;GEOM_ID=BJTILEQDFM;ID=XVWJCIQJOSF;NAME=Spin;GROUP=XSec;VALUE=0 
 PARM;GEOM_ID=BJTILEQDFM;ID=GLRVGUWKGOW;NAME=TBSym;GROUP=XSec;VALUE=1 
 PARM;GEOM_ID=BJTILEQDFM;ID=MUGNVCIGQPT;NAME=TopLAngle;GROUP=XSec;VALUE=-90 
 PARM;GEOM_ID=BJTILEQDFM;ID=FGPZZRRPDFT;NAME=TopLAngleSet;GROUP=XSec;VALUE=1 
 PARM;GEOM_ID=BJTILEQDFM;ID=KTJVQFYELXX;NAME=TopLCurve;GROUP=XSec;VALUE=2.99339 
 PARM;GEOM_ID=BJTILEQDFM;ID=GCMGTVSRQTA;NAME=TopLCurveSet;GROUP=XSec;VALUE=0 
 PARM;GEOM_ID=BJTILEQDFM;ID=QGSYTBSPDRW;NAME=TopLRAngleEq;GROUP=XSec;VALUE=1 
 PARM;GEOM_ID=BJTILEQDFM;ID=MKSRTPYMHIP;NAME=TopLRCurveEq;GROUP=XSec;VALUE=0 
 PARM;GEOM_ID=BJTILEQDFM;ID=YDYCGLBNIDB;NAME=TopLRSlewEq;GROUP=XSec;VALUE=0 
 PARM;GEOM_ID=BJTILEQDFM;ID=SKSSLBRKVUT;NAME=TopLRStrengthEq;GROUP=XSec;VALUE=0 
 PARM;GEOM_ID=BJTILEQDFM;ID=BQFFNUPOKMW;NAME=TopLSlew;GROUP=XSec;VALUE=0 
 PARM;GEOM_ID=BJTILEQDFM;ID=NSXMRNUGHDI;NAME=TopLSlewSet;GROUP=XSec;VALUE=1 
 PARM;GEOM_ID=BJTILEQDFM;ID=GJRCZXDIRBU;NAME=TopLStrength;GROUP=XSec;VALUE=0.75 
 PARM;GEOM_ID=BJTILEQDFM;ID=BSCJVLNEUEY;NAME=TopLStrengthSet;GROUP=XSec;VALUE=1 
 PARM;GEOM_ID=BJTILEQDFM;ID=RHWZSVUODSW;NAME=TopRAngle;GROUP=XSec;VALUE=-90 
 PARM;GEOM_ID=BJTILEQDFM;ID=TTDKBXUDYHN;NAME=TopRAngleSet;GROUP=XSec;VALUE=1 
 PARM;GEOM_ID=BJTILEQDFM;ID=DOOLRYFCRIC;NAME=TopRCurve;GROUP=XSec;VALUE=2.99339 
 PARM;GEOM_ID=BJTILEQDFM;ID=LSAAMIVXABC;NAME=TopRCurveSet;GROUP=XSec;VALUE=0 
 PARM;GEOM_ID=BJTILEQDFM;ID=WFRHIWWRFGZ;NAME=TopRSlew;GROUP=XSec;VALUE=0 
 PARM;GEOM_ID=BJTILEQDFM;ID=XMLXBPCABGW;NAME=TopRSlewSet;GROUP=XSec;VALUE=1 
 PARM;GEOM_ID=BJTILEQDFM;ID=XKMJPIHTNUX;NAME=TopRStrength;GROUP=XSec;VALUE=1 
 PARM;GEOM_ID=BJTILEQDFM;ID=VZWGELATWLB;NAME=TopRStrengthSet;GROUP=XSec;VALUE=1 
 PARM;GEOM_ID=BJTILEQDFM;ID=TJSZKQUZWZU;NAME=XLocPercent;GROUP=XSec;VALUE=1 
 PARM;GEOM_ID=BJTILEQDFM;ID=RKVGCUAMAUZ;NAME=XRotate;GROUP=XSec;VALUE=0 
 PARM;GEOM_ID=BJTILEQDFM;ID=BABFTBDTHAB;NAME=YLocPercent;GROUP=XSec;VALUE=0 
 PARM;GEOM_ID=BJTILEQDFM;ID=SQZCDPVNLFM;NAME=YRotate;GROUP=XSec;VALUE=0 
 PARM;GEOM_ID=BJTILEQDFM;ID=LHQJIYEXGQV;NAME=ZLocPercent;GROUP=XSec;VALUE=0 
 PARM;GEOM_ID=BJTILEQDFM;ID=QRVOYDPMCZE;NAME=ZRotate;GROUP=XSec;VALUE=0 
 PARM;GEOM_ID=BJTILEQDFM;ID=VBQRVHOYWJP;NAME=Area;GROUP=XSecCurve;VALUE=0 
 PARM;GEOM_ID=BJTILEQDFM;ID=FLRXLHXMCYW;NAME=DeltaX;GROUP=XSecCurve;VALUE=0 
 PARM;GEOM_ID=BJTILEQDFM;ID=KHUYURRFFZL;NAME=DeltaY;GROUP=XSecCurve;VALUE=0 
 PARM;GEOM_ID=BJTILEQDFM;ID=LCAVKEHLWXG;NAME=HWRatio;GROUP=XSecCurve;VALUE=1 
 PARM;GEOM_ID=BJTILEQDFM;ID=CZORYPZHWUA;NAME=Scale;GROUP=XSecCurve;VALUE=1 
 PARM;GEOM_ID=BJTILEQDFM;ID=YNHQLXCPCPY;NAME=ShiftLE;GROUP=XSecCurve;VALUE=0 
 PARM;GEOM_ID=BJTILEQDFM;ID=WEEWQGFLPLS;NAME=Theta;GROUP=XSecCurve;VALUE=0 
 PARM;GEOM_ID=BJTILEQDFM;ID=CGDJFLJGKEH;NAME=LE_Cap_Length;GROUP=Cap;VALUE=1 
 PARM;GEOM_ID=BJTILEQDFM;ID=DLELMKHDHJX;NAME=LE_Cap_Offset;GROUP=Cap;VALUE=0 
 PARM;GEOM_ID=BJTILEQDFM;ID=LIVDEBSBTPI;NAME=LE_Cap_Strength;GROUP=Cap;VALUE=0.5 
 PARM;GEOM_ID=BJTILEQDFM;ID=TOEVBQEADGX;NAME=LE_Cap_Type;GROUP=Cap;VALUE=1 
 PARM;GEOM_ID=BJTILEQDFM;ID=QCSFHSQKLBR;NAME=TE_Cap_Length;GROUP=Cap;VALUE=1 
 PARM;GEOM_ID=BJTILEQDFM;ID=BHZBGJEKVSQ;NAME=TE_Cap_Offset;GROUP=Cap;VALUE=0 
 PARM;GEOM_ID=BJTILEQDFM;ID=REUZRKCZDDO;NAME=TE_Cap_Strength;GROUP=Cap;VALUE=0.5 
 PARM;GEOM_ID=BJTILEQDFM;ID=LPELFRJJISO;NAME=TE_Cap_Type;GROUP=Cap;VALUE=1 
 PARM;GEOM_ID=BJTILEQDFM;ID=DJNMXVVGOBM;NAME=LE_Close_AbsRel;GROUP=Close;VALUE=0 
 PARM;GEOM_ID=BJTILEQDFM;ID=QXCYHMNWHVG;NAME=LE_Close_Thick;GROUP=Close;VALUE=0 
 PARM;GEOM_ID=BJTILEQDFM;ID=CDTEFLGOCCW;NAME=LE_Close_Thick_Chord;GROUP=Close;VALUE=0 
 PARM;GEOM_ID=BJTILEQDFM;ID=RYFJPLVHMWO;NAME=LE_Close_Type;GROUP=Close;VALUE=0 
 PARM;GEOM_ID=BJTILEQDFM;ID=KIYSTFPLLFR;NAME=TE_Close_AbsRel;GROUP=Close;VALUE=0 
 PARM;GEOM_ID=BJTILEQDFM;ID=GCRPJXQFMJO;NAME=TE_Close_Thick;GROUP=Close;VALUE=0 
 PARM;GEOM_ID=BJTILEQDFM;ID=RIEYLBZOUXR;NAME=TE_Close_Thick_Chord;GROUP=Close;VALUE=0 
 PARM;GEOM_ID=BJTILEQDFM;ID=SIIVPBDLKWO;NAME=TE_Close_Type;GROUP=Close;VALUE=0 
 PARM;GEOM_ID=BJTILEQDFM;ID=HMPEXBREWMB;NAME=LE_Trim_AbsRel;GROUP=Trim;VALUE=0 
 PARM;GEOM_ID=BJTILEQDFM;ID=SIWHCSOHVPV;NAME=LE_Trim_Thick;GROUP=Trim;VALUE=0 
 PARM;GEOM_ID=BJTILEQDFM;ID=YCGFMBFHLQM;NAME=LE_Trim_Thick_Chord;GROUP=Trim;VALUE=0 
 PARM;GEOM_ID=BJTILEQDFM;ID=XDEWMOTVFOH;NAME=LE_Trim_Type;GROUP=Trim;VALUE=0 
 PARM;GEOM_ID=BJTILEQDFM;ID=CAAMGDHJDNI;NAME=LE_Trim_X;GROUP=Trim;VALUE=0 
 PARM;GEOM_ID=BJTILEQDFM;ID=RWTEJENVFWJ;NAME=LE_Trim_X_Chord;GROUP=Trim;VALUE=0 
 PARM;GEOM_ID=BJTILEQDFM;ID=FZHMFWZOYSG;NAME=TE_Trim_AbsRel;GROUP=Trim;VALUE=0 
 PARM;GEOM_ID=BJTILEQDFM;ID=GCJNEGEBINP;NAME=TE_Trim_Thick;GROUP=Trim;VALUE=0 
 PARM;GEOM_ID=BJTILEQDFM;ID=IQXVNTSCTHL;NAME=TE_Trim_Thick_Chord;GROUP=Trim;VALUE=0 
 PARM;GEOM_ID=BJTILEQDFM;ID=GEYHXLMEVVW;NAME=TE_Trim_Type;GROUP=Trim;VALUE=0 
 PARM;GEOM_ID=BJTILEQDFM;ID=AOGFJKAPLLX;NAME=TE_Trim_X;GROUP=Trim;VALUE=0 
 PARM;GEOM_ID=BJTILEQDFM;ID=ZHPFQORNTDB;NAME=TE_Trim_X_Chord;GROUP=Trim;VALUE=0 
 PARM;GEOM_ID=BJTILEQDFM;ID=RGDNXIZYNQK;NAME=TE_Flap_DT;GROUP=Flap;VALUE=0 
 PARM;GEOM_ID=BJTILEQDFM;ID=UBVMBXQPOWR;NAME=TE_Flap_Deflection;GROUP=Flap;VALUE=0 
 PARM;GEOM_ID=BJTILEQDFM;ID=YCTENNVRLFG;NAME=TE_Flap_Flag;GROUP=Flap;VALUE=0 
 PARM;GEOM_ID=BJTILEQDFM;ID=CHOSTYYCYKE;NAME=TE_Flap_T;GROUP=Flap;VALUE=0.2 
 PARM;GEOM_ID=BJTILEQDFM;ID=SCGRFSICIOP;NAME=TE_Flap_Type;GROUP=Flap;VALUE=0 
 PARM;GEOM_ID=BJTILEQDFM;ID=TLXPQAJLBJL;NAME=TE_Flap_X;GROUP=Flap;VALUE=0 
 PARM;GEOM_ID=BJTILEQDFM;ID=CHLQSYNRARV;NAME=TE_Flap_X_Chord;GROUP=Flap;VALUE=0.2 
 PARM;GEOM_ID=BJTILEQDFM;ID=ACTQSNVWOCM;NAME=TE_Flap_Y_Frc;GROUP=Flap;VALUE=0.5 
 PARM;GEOM_ID=BJTILEQDFM;ID=IUAECBKQQVA;NAME=TE_Trim_AbsRel;GROUP=Flap;VALUE=1 
 PARM;GEOM_ID=BJTILEQDFM;ID=WOGWYQCRYVT;NAME=XSecFlipImageFlag;GROUP=XSecCurve_Background;VALUE=0 
 PARM;GEOM_ID=BJTILEQDFM;ID=KJPMLGWNWHW;NAME=XSecImageFlag;GROUP=XSecCurve_Background;VALUE=0 
 PARM;GEOM_ID=BJTILEQDFM;ID=ICSRTDCAXBG;NAME=XSecImageH;GROUP=XSecCurve_Background;VALUE=1 
 PARM;GEOM_ID=BJTILEQDFM;ID=ZFTTNSXACEX;NAME=XSecImagePreserveAR;GROUP=XSecCurve_Background;VALUE=1 
 PARM;GEOM_ID=BJTILEQDFM;ID=MRUUUIZFYGI;NAME=XSecImageW;GROUP=XSecCurve_Background;VALUE=1 
 PARM;GEOM_ID=BJTILEQDFM;ID=OLZVGVSLGWZ;NAME=XSecImageXOffset;GROUP=XSecCurve_Background;VALUE=0 
 PARM;GEOM_ID=BJTILEQDFM;ID=BGQISALZNFS;NAME=XSecImageYOffset;GROUP=XSecCurve_Background;VALUE=0 
 PARM;GEOM_ID=BJTILEQDFM;ID=YWSWMPGKNIP;NAME=XSecLockImageFlag;GROUP=XSecCurve_Background;VALUE=0 
 PARM;GEOM_ID=BJTILEQDFM;ID=OVGXZPELWXO;NAME=AllSym;GROUP=Chevron;VALUE=1 
 PARM;GEOM_ID=BJTILEQDFM;ID=ACYDAAYZKXF;NAME=BottomAmplitude;GROUP=Chevron;VALUE=1 
 PARM;GEOM_ID=BJTILEQDFM;ID=EDKFZTLWXJB;NAME=Bottom_Angle;GROUP=Chevron;VALUE=0 
 PARM;GEOM_ID=BJTILEQDFM;ID=WOBBFXMNFFE;NAME=Bottom_Slew;GROUP=Chevron;VALUE=0 
 PARM;GEOM_ID=BJTILEQDFM;ID=IOWIXCISONP;NAME=Chevron_Type;GROUP=Chevron;VALUE=0 
 PARM;GEOM_ID=BJTILEQDFM;ID=HPBGVTLXTON;NAME=LeftAmplitude;GROUP=Chevron;VALUE=1 
 PARM;GEOM_ID=BJTILEQDFM;ID=KDFPTGZQADD;NAME=Left_Angle;GROUP=Chevron;VALUE=0 
 PARM;GEOM_ID=BJTILEQDFM;ID=INDUEXOJFZT;NAME=Left_Slew;GROUP=Chevron;VALUE=0 
 PARM;GEOM_ID=BJTILEQDFM;ID=MXAHSQHLRTV;NAME=Number;GROUP=Chevron;VALUE=8 
 PARM;GEOM_ID=BJTILEQDFM;ID=DTMUGKUIKJA;NAME=Off_Duty;GROUP=Chevron;VALUE=0 
 PARM;GEOM_ID=BJTILEQDFM;ID=DFUBMZKSSJY;NAME=On_Duty;GROUP=Chevron;VALUE=0 
 PARM;GEOM_ID=BJTILEQDFM;ID=VZBQTNZEJMG;NAME=Peak_Radius;GROUP=Chevron;VALUE=0 
 PARM;GEOM_ID=BJTILEQDFM;ID=MRSZRRFORWF;NAME=RLSym;GROUP=Chevron;VALUE=1 
 PARM;GEOM_ID=BJTILEQDFM;ID=EFBUBAEHPJJ;NAME=RightAmplitude;GROUP=Chevron;VALUE=1 
 PARM;GEOM_ID=BJTILEQDFM;ID=TTSEQCYITJM;NAME=Right_Angle;GROUP=Chevron;VALUE=0 
 PARM;GEOM_ID=BJTILEQDFM;ID=NONNRXRGWFP;NAME=Right_Slew;GROUP=Chevron;VALUE=0 
 PARM;GEOM_ID=BJTILEQDFM;ID=ZQVTCWVUAUA;NAME=TBSym;GROUP=Chevron;VALUE=1 
 PARM;GEOM_ID=BJTILEQDFM;ID=OGYQJFAZXZD;NAME=TopAmplitude;GROUP=Chevron;VALUE=1 
 PARM;GEOM_ID=BJTILEQDFM;ID=FXEDTFYHJOH;NAME=Top_Angle;GROUP=Chevron;VALUE=0 
 PARM;GEOM_ID=BJTILEQDFM;ID=VZGPEKUKXNT;NAME=Top_Slew;GROUP=Chevron;VALUE=0 
 PARM;GEOM_ID=BJTILEQDFM;ID=GCLWWXASMWX;NAME=Valley_Radius;GROUP=Chevron;VALUE=0 
 PARM;GEOM_ID=BJTILEQDFM;ID=JATOPKYCUNC;NAME=W01_Center;GROUP=Chevron;VALUE=0.25 
 PARM;GEOM_ID=BJTILEQDFM;ID=RPECAVLWACS;NAME=W01_Center_Guide;GROUP=Chevron;VALUE=5 
 PARM;GEOM_ID=BJTILEQDFM;ID=GHONGHDZLHH;NAME=W01_End;GROUP=Chevron;VALUE=0.5 
 PARM;GEOM_ID=BJTILEQDFM;ID=DCJAOJJVRNO;NAME=W01_End_Guide;GROUP=Chevron;VALUE=5 
 PARM;GEOM_ID=BJTILEQDFM;ID=CUGPVLDHHNB;NAME=W01_Mode;GROUP=Chevron;VALUE=0 
 PARM;GEOM_ID=BJTILEQDFM;ID=DTBYRMOHAIQ;NAME=W01_Start;GROUP=Chevron;VALUE=0 
 PARM;GEOM_ID=BJTILEQDFM;ID=CJPESCAEDVG;NAME=W01_Start_Guide;GROUP=Chevron;VALUE=5 
 PARM;GEOM_ID=BJTILEQDFM;ID=QSWJEWAREIE;NAME=W01_Width;GROUP=Chevron;VALUE=0.5 
 GEOM;ID=MALYAAKVUW;NAME=Wing;TYPE=Wing;BMIN_X=10.3893;BMIN_Y=1;BMIN_Z=-0.698813;BMAX_X=43.1611;BMAX_Y=18.1074;BMAX_Z=1.32436;SET_1=false;SET_2=true 
 PARM;GEOM_ID=MALYAAKVUW;ID=IKZPKYXOWNN;NAME=Abs_Or_Relitive_flag;GROUP=XForm;VALUE=1 
 PARM;GEOM_ID=MALYAAKVUW;ID=IBFOFXJGDJP;NAME=Last_Scale;GROUP=XForm;VALUE=1 
 PARM;GEOM_ID=MALYAAKVUW;ID=AOVGUVUMEUH;NAME=Origin;GROUP=XForm;VALUE=0 
 PARM;GEOM_ID=MALYAAKVUW;ID=XLICHLAVSZN;NAME=Scale;GROUP=XForm;VALUE=1 
 PARM;GEOM_ID=MALYAAKVUW;ID=TOFJRSFCBQC;NAME=X_Location;GROUP=XForm;VALUE=10.3893 
 PARM;GEOM_ID=MALYAAKVUW;ID=QAOGXTAEZOH;NAME=X_Rel_Location;GROUP=XForm;VALUE=10.3893 
 PARM;GEOM_ID=MALYAAKVUW;ID=KMYNXVEFEVA;NAME=X_Rel_Rotation;GROUP=XForm;VALUE=0 
 PARM;GEOM_ID=MALYAAKVUW;ID=NHXYWYLSIKS;NAME=X_Rotation;GROUP=XForm;VALUE=0 
 PARM;GEOM_ID=MALYAAKVUW;ID=YLFKCQJTGWX;NAME=Y_Location;GROUP=XForm;VALUE=1 
 PARM;GEOM_ID=MALYAAKVUW;ID=RONDRUXSNCQ;NAME=Y_Rel_Location;GROUP=XForm;VALUE=1 
 PARM;GEOM_ID=MALYAAKVUW;ID=DZBGKQYQYQC;NAME=Y_Rel_Rotation;GROUP=XForm;VALUE=0 
 PARM;GEOM_ID=MALYAAKVUW;ID=PRTTFVROPVI;NAME=Y_Rotation;GROUP=XForm;VALUE=0 
 PARM;GEOM_ID=MALYAAKVUW;ID=NAZINRDNGBZ;NAME=Z_Location;GROUP=XForm;VALUE=0.409836 
 PARM;GEOM_ID=MALYAAKVUW;ID=HQPKPXRZRUL;NAME=Z_Rel_Location;GROUP=XForm;VALUE=0.409836 
 PARM;GEOM_ID=MALYAAKVUW;ID=UWXPNXAHXHE;NAME=Z_Rel_Rotation;GROUP=XForm;VALUE=0 
 PARM;GEOM_ID=MALYAAKVUW;ID=WUBSKICMEIC;NAME=Z_Rotation;GROUP=XForm;VALUE=0 
 PARM;GEOM_ID=MALYAAKVUW;ID=KKFGJNCPOAY;NAME=Sym_Ancestor;GROUP=Sym;VALUE=1 
 PARM;GEOM_ID=MALYAAKVUW;ID=WBYNAOEXBFS;NAME=Sym_Ancestor_Origin_Flag;GROUP=Sym;VALUE=1 
 PARM;GEOM_ID=MALYAAKVUW;ID=NEREJKHNMED;NAME=Sym_Axial_Flag;GROUP=Sym;VALUE=0 
 PARM;GEOM_ID=MALYAAKVUW;ID=WCQUOENYFPN;NAME=Sym_Planar_Flag;GROUP=Sym;VALUE=2 
 PARM;GEOM_ID=MALYAAKVUW;ID=KLHUVFNGLIL;NAME=Sym_Rot_N;GROUP=Sym;VALUE=2 
 PARM;GEOM_ID=MALYAAKVUW;ID=LXBJQCPZNXW;NAME=Eta_Attach_Location;GROUP=Attach;VALUE=0 
 PARM;GEOM_ID=MALYAAKVUW;ID=UDRQEYJZVMV;NAME=L_01;GROUP=Attach;VALUE=1 
 PARM;GEOM_ID=MALYAAKVUW;ID=UQUXLVFOIEI;NAME=L_Attach_Location;GROUP=Attach;VALUE=0 
 PARM;GEOM_ID=MALYAAKVUW;ID=AUOKWJBBRDQ;NAME=L_Attach_Location0Len;GROUP=Attach;VALUE=0 
 PARM;GEOM_ID=MALYAAKVUW;ID=QJAKBNSIEDO;NAME=M_Attach_Location;GROUP=Attach;VALUE=0.5 
 PARM;GEOM_ID=MALYAAKVUW;ID=ZOQZZXGUTCJ;NAME=N_Attach_Location;GROUP=Attach;VALUE=0.5 
 PARM;GEOM_ID=MALYAAKVUW;ID=DXNWTWPGCFJ;NAME=R_01;GROUP=Attach;VALUE=1 
 PARM;GEOM_ID=MALYAAKVUW;ID=QXEZITJNNEB;NAME=R_Attach_Location;GROUP=Attach;VALUE=0 
 PARM;GEOM_ID=MALYAAKVUW;ID=JFDLBYJUKPT;NAME=R_Attach_Location0N;GROUP=Attach;VALUE=0 
 PARM;GEOM_ID=MALYAAKVUW;ID=IJLVWKCHSLS;NAME=Rots_Attach_Flag;GROUP=Attach;VALUE=0 
 PARM;GEOM_ID=MALYAAKVUW;ID=XIIIXSQLCXH;NAME=S_Attach_Location;GROUP=Attach;VALUE=0.5 
 PARM;GEOM_ID=MALYAAKVUW;ID=WDDUZJZXZJR;NAME=T_Attach_Location;GROUP=Attach;VALUE=0.5 
 PARM;GEOM_ID=MALYAAKVUW;ID=GRJJETEOSDW;NAME=Trans_Attach_Flag;GROUP=Attach;VALUE=0 
 PARM;GEOM_ID=MALYAAKVUW;ID=PXJKJYKCNIZ;NAME=U_01;GROUP=Attach;VALUE=1 
 PARM;GEOM_ID=MALYAAKVUW;ID=DRCDVRJBHDX;NAME=U_Attach_Location;GROUP=Attach;VALUE=0 
 PARM;GEOM_ID=MALYAAKVUW;ID=KVSEHYVYCZG;NAME=U_Attach_Location0N;GROUP=Attach;VALUE=0 
 PARM;GEOM_ID=MALYAAKVUW;ID=NEKENBEYTTQ;NAME=V_Attach_Location;GROUP=Attach;VALUE=0 
 PARM;GEOM_ID=MALYAAKVUW;ID=XPTTJVKHMLU;NAME=Tess_U;GROUP=Shape;VALUE=16 
 PARM;GEOM_ID=MALYAAKVUW;ID=ZRCZJLXGNHS;NAME=Tess_W;GROUP=Shape;VALUE=49 
 PARM;GEOM_ID=MALYAAKVUW;ID=OUDTBWJJQOD;NAME=Wake;GROUP=Shape;VALUE=0 
 PARM;GEOM_ID=MALYAAKVUW;ID=QWYPFZZGVJG;NAME=Negative_Volume_Flag;GROUP=Negative_Volume_Props;VALUE=0 
 PARM;GEOM_ID=MALYAAKVUW;ID=VNSAFNCBHAU;NAME=WakeAngle;GROUP=WakeSettings;VALUE=0 
 PARM;GEOM_ID=MALYAAKVUW;ID=JWFLAEQZMKD;NAME=WakeScale;GROUP=WakeSettings;VALUE=2 
 PARM;GEOM_ID=MALYAAKVUW;ID=SONIQLKTWIZ;NAME=CGx;GROUP=Mass_Props;VALUE=0 
 PARM;GEOM_ID=MALYAAKVUW;ID=ZMPPCZQUBSK;NAME=CGy;GROUP=Mass_Props;VALUE=0 
 PARM;GEOM_ID=MALYAAKVUW;ID=MVESEGWNODG;NAME=CGz;GROUP=Mass_Props;VALUE=0 
 PARM;GEOM_ID=MALYAAKVUW;ID=FVZEOLRPKMB;NAME=Density;GROUP=Mass_Props;VALUE=1 
 PARM;GEOM_ID=MALYAAKVUW;ID=MSUKNTKALNP;NAME=Ixx;GROUP=Mass_Props;VALUE=0 
 PARM;GEOM_ID=MALYAAKVUW;ID=ISIFOLECZYO;NAME=Ixy;GROUP=Mass_Props;VALUE=0 
 PARM;GEOM_ID=MALYAAKVUW;ID=WCUMAOURXCY;NAME=Ixz;GROUP=Mass_Props;VALUE=0 
 PARM;GEOM_ID=MALYAAKVUW;ID=UVSHHCFXLXQ;NAME=Iyy;GROUP=Mass_Props;VALUE=0 
 PARM;GEOM_ID=MALYAAKVUW;ID=EVBDRZUFHTL;NAME=Iyz;GROUP=Mass_Props;VALUE=0 
 PARM;GEOM_ID=MALYAAKVUW;ID=SSYLLJUWKUI;NAME=Izz;GROUP=Mass_Props;VALUE=0 
 PARM;GEOM_ID=MALYAAKVUW;ID=PZPVYUUTTRF;NAME=Mass_Area;GROUP=Mass_Props;VALUE=1 
 PARM;GEOM_ID=MALYAAKVUW;ID=LBMJVYUAXMH;NAME=Mass_Prior;GROUP=Mass_Props;VALUE=0 
 PARM;GEOM_ID=MALYAAKVUW;ID=UFEMHCYRBAK;NAME=PointMass;GROUP=Mass_Props;VALUE=0 
 PARM;GEOM_ID=MALYAAKVUW;ID=FLERLUMKNAR;NAME=Shell_Flag;GROUP=Mass_Props;VALUE=0 
 PARM;GEOM_ID=MALYAAKVUW;ID=ZTQVSVKJBQL;NAME=CorrectAirfoilthicknessFlag;GROUP=WingGeom;VALUE=1 
 PARM;GEOM_ID=MALYAAKVUW;ID=RGWJRCLBUTN;NAME=CurvedArea;GROUP=WingGeom;VALUE=453.682 
 PARM;GEOM_ID=MALYAAKVUW;ID=PHGOQNNOSKG;NAME=LECluster;GROUP=WingGeom;VALUE=0.25 
 PARM;GEOM_ID=MALYAAKVUW;ID=YPMGTKOXCFA;NAME=MAC;GROUP=WingGeom;VALUE=16.4566 
 PARM;GEOM_ID=MALYAAKVUW;ID=YXQHRUHILOR;NAME=MaxGrowth;GROUP=WingGeom;VALUE=1.27852 
 PARM;GEOM_ID=MALYAAKVUW;ID=JKKMWGPXWUL;NAME=RelativeDihedralFlag;GROUP=WingGeom;VALUE=0 
 PARM;GEOM_ID=MALYAAKVUW;ID=HVKCOBJHRUB;NAME=RelativeTwistFlag;GROUP=WingGeom;VALUE=0 
 PARM;GEOM_ID=MALYAAKVUW;ID=QZSSNADRNVQ;NAME=RotateAirfoilMatchDideralFlag;GROUP=WingGeom;VALUE=1 
 PARM;GEOM_ID=MALYAAKVUW;ID=PXYYWPEWXGH;NAME=SmallPanelW;GROUP=WingGeom;VALUE=0.0353488 
 PARM;GEOM_ID=MALYAAKVUW;ID=ZKBQIKVHXHR;NAME=TECluster;GROUP=WingGeom;VALUE=0.25 
 PARM;GEOM_ID=MALYAAKVUW;ID=HWREAVMNQKL;NAME=TotalAR;GROUP=WingGeom;VALUE=2.57699 
 PARM;GEOM_ID=MALYAAKVUW;ID=KQLVSHPWTVW;NAME=TotalArea;GROUP=WingGeom;VALUE=453.682 
 PARM;GEOM_ID=MALYAAKVUW;ID=JHNGEYTYLTN;NAME=TotalChord;GROUP=WingGeom;VALUE=16.0208 
 PARM;GEOM_ID=MALYAAKVUW;ID=LGZVUUUTGNA;NAME=TotalProjectedSpan;GROUP=WingGeom;VALUE=34.1926 
 PARM;GEOM_ID=MALYAAKVUW;ID=WCZFNZXCCSN;NAME=TotalSpan;GROUP=WingGeom;VALUE=34.2395 
 PARM;GEOM_ID=MALYAAKVUW;ID=JIGQEDGYHEC;NAME=TwistAllInXZPlaneFlag;GROUP=WingGeom;VALUE=0 
 PARM;GEOM_ID=MALYAAKVUW;ID=NSPUFERHWRA;NAME=X_Len;GROUP=BBox;VALUE=32.7718 
 PARM;GEOM_ID=MALYAAKVUW;ID=YAPFTADBDFI;NAME=X_Min;GROUP=BBox;VALUE=10.3893 
 PARM;GEOM_ID=MALYAAKVUW;ID=OYAHTZAMNTD;NAME=Y_Len;GROUP=BBox;VALUE=36.2149 
 PARM;GEOM_ID=MALYAAKVUW;ID=AKHCFDWLPRZ;NAME=Y_Min;GROUP=BBox;VALUE=-18.1074 
 PARM;GEOM_ID=MALYAAKVUW;ID=DLBFFMVSLII;NAME=Z_Len;GROUP=BBox;VALUE=2.02318 
 PARM;GEOM_ID=MALYAAKVUW;ID=BOLSXCUVDSO;NAME=Z_Min;GROUP=BBox;VALUE=-0.698813 
 PARM;GEOM_ID=MALYAAKVUW;ID=YZHTCTLVKXQ;NAME=CapUMaxLength;GROUP=EndCap;VALUE=1 
 PARM;GEOM_ID=MALYAAKVUW;ID=MWGMMEPPAGA;NAME=CapUMaxOffset;GROUP=EndCap;VALUE=0 
 PARM;GEOM_ID=MALYAAKVUW;ID=JCFNYSKCHHA;NAME=CapUMaxOption;GROUP=EndCap;VALUE=1 
 PARM;GEOM_ID=MALYAAKVUW;ID=IYBUBWLOKPL;NAME=CapUMaxStrength;GROUP=EndCap;VALUE=0.5 
 PARM;GEOM_ID=MALYAAKVUW;ID=ZZMQGTOEIIG;NAME=CapUMaxSweepFlag;GROUP=EndCap;VALUE=0 
 PARM;GEOM_ID=MALYAAKVUW;ID=GGABTWTVSPO;NAME=CapUMinLength;GROUP=EndCap;VALUE=1 
 PARM;GEOM_ID=MALYAAKVUW;ID=HNAMVTVLULP;NAME=CapUMinOffset;GROUP=EndCap;VALUE=0 
 PARM;GEOM_ID=MALYAAKVUW;ID=GJEVOCYEXGY;NAME=CapUMinOption;GROUP=EndCap;VALUE=1 
 PARM;GEOM_ID=MALYAAKVUW;ID=OWFNCYYLNRH;NAME=CapUMinStrength;GROUP=EndCap;VALUE=0.5 
 PARM;GEOM_ID=MALYAAKVUW;ID=KKZQZYLPSDY;NAME=CapUMinSweepFlag;GROUP=EndCap;VALUE=0 
 PARM;GEOM_ID=MALYAAKVUW;ID=FNOIQEEXLZI;NAME=CapUMinTess;GROUP=EndCap;VALUE=3 
 PARM;GEOM_ID=MALYAAKVUW;ID=OKZXYVZMOAR;NAME=ExpandedList;GROUP=ParasiteDragProps;VALUE=0 
 PARM;GEOM_ID=MALYAAKVUW;ID=GNJRXUPPQRD;NAME=FFBodyEqnType;GROUP=ParasiteDragProps;VALUE=3 
 PARM;GEOM_ID=MALYAAKVUW;ID=MHSZURVSKFN;NAME=FFUser;GROUP=ParasiteDragProps;VALUE=1 
 PARM;GEOM_ID=MALYAAKVUW;ID=NHYKKGDPGQY;NAME=FFWingEqnType;GROUP=ParasiteDragProps;VALUE=3 
 PARM;GEOM_ID=MALYAAKVUW;ID=OFAXDRTLLZQ;NAME=IncorporatedGen;GROUP=ParasiteDragProps;VALUE=0 
 PARM;GEOM_ID=MALYAAKVUW;ID=OIGUIVPLXLK;NAME=PercLam;GROUP=ParasiteDragProps;VALUE=0 
 PARM;GEOM_ID=MALYAAKVUW;ID=GYIVBTZJDPG;NAME=Q;GROUP=ParasiteDragProps;VALUE=1 
 PARM;GEOM_ID=MALYAAKVUW;ID=NHVMVQGADTZ;NAME=Roughness;GROUP=ParasiteDragProps;VALUE=0 
 PARM;GEOM_ID=MALYAAKVUW;ID=SLHZSMHKHFF;NAME=TawTwRatio;GROUP=ParasiteDragProps;VALUE=1 
 PARM;GEOM_ID=MALYAAKVUW;ID=UNBXARDWRHC;NAME=TeTwRatio;GROUP=ParasiteDragProps;VALUE=1 
 PARM;GEOM_ID=MALYAAKVUW;ID=AYNNNMALNGS;NAME=ActiveAirfoil;GROUP=Index;VALUE=1 
 PARM;GEOM_ID=MALYAAKVUW;ID=VEWGGZAFEAV;NAME=ActiveXSec;GROUP=Index;VALUE=1 
 PARM;GEOM_ID=MALYAAKVUW;ID=FANECUTZYLF;NAME=Area;GROUP=XSec;VALUE=15.7004 
 PARM;GEOM_ID=MALYAAKVUW;ID=VFRKLBKHGSD;NAME=Aspect;GROUP=XSec;VALUE=0.0636927 
 PARM;GEOM_ID=MALYAAKVUW;ID=ASEJHZZIMOM;NAME=Avg_Chord;GROUP=XSec;VALUE=15.7004 
 PARM;GEOM_ID=MALYAAKVUW;ID=LRNSXAHPOFH;NAME=Dihedral;GROUP=XSec;VALUE=0 
 PARM;GEOM_ID=MALYAAKVUW;ID=QANSLHOEDLW;NAME=InCluster;GROUP=XSec;VALUE=1 
 PARM;GEOM_ID=MALYAAKVUW;ID=IPCAWGLOEZO;NAME=InLEDihedral;GROUP=XSec;VALUE=3 
 PARM;GEOM_ID=MALYAAKVUW;ID=AKSAXCQXNAZ;NAME=InLEMode;GROUP=XSec;VALUE=0 
 PARM;GEOM_ID=MALYAAKVUW;ID=FIHVLDHZNHY;NAME=InLEStrength;GROUP=XSec;VALUE=1 
 PARM;GEOM_ID=MALYAAKVUW;ID=OYWSFNFEYZN;NAME=InLESweep;GROUP=XSec;VALUE=73.5143 
 PARM;GEOM_ID=MALYAAKVUW;ID=WGGQIPXIWHG;NAME=InTEDihedral;GROUP=XSec;VALUE=3 
 PARM;GEOM_ID=MALYAAKVUW;ID=DIQLRAKVVTN;NAME=InTEMode;GROUP=XSec;VALUE=0 
 PARM;GEOM_ID=MALYAAKVUW;ID=PIEHCJKMDLI;NAME=InTEStrength;GROUP=XSec;VALUE=1 
 PARM;GEOM_ID=MALYAAKVUW;ID=BSGPXMUSKGP;NAME=InTESweep;GROUP=XSec;VALUE=-0.881143 
 PARM;GEOM_ID=MALYAAKVUW;ID=TXHSTVEDXFE;NAME=OutCluster;GROUP=XSec;VALUE=1 
 PARM;GEOM_ID=MALYAAKVUW;ID=LBQDOUEHGFE;NAME=OutLEDihedral;GROUP=XSec;VALUE=-3 
 PARM;GEOM_ID=MALYAAKVUW;ID=HDIWNKJOQQY;NAME=OutLEMode;GROUP=XSec;VALUE=0 
 PARM;GEOM_ID=MALYAAKVUW;ID=EHUQJSGJLOU;NAME=OutLEStrength;GROUP=XSec;VALUE=1 
 PARM;GEOM_ID=MALYAAKVUW;ID=MOESIUWCJNM;NAME=OutLESweep;GROUP=XSec;VALUE=73.5143 
 PARM;GEOM_ID=MALYAAKVUW;ID=JTHWEGJUZDD;NAME=OutTEDihedral;GROUP=XSec;VALUE=-3 
 PARM;GEOM_ID=MALYAAKVUW;ID=SWPECVFBSWA;NAME=OutTEMode;GROUP=XSec;VALUE=0 
 PARM;GEOM_ID=MALYAAKVUW;ID=DLLIRMLFJRD;NAME=OutTEStrength;GROUP=XSec;VALUE=1 
 PARM;GEOM_ID=MALYAAKVUW;ID=JEJYOHDTBJP;NAME=OutTESweep;GROUP=XSec;VALUE=-0.881143 
 PARM;GEOM_ID=MALYAAKVUW;ID=LVUKOAOONGN;NAME=ProjectedSpan;GROUP=XSec;VALUE=0 
 PARM;GEOM_ID=MALYAAKVUW;ID=IOHVDNUWOFH;NAME=Root_Chord;GROUP=XSec;VALUE=1 
 PARM;GEOM_ID=MALYAAKVUW;ID=IANXUCTEINJ;NAME=RotateMatchDideralFlag;GROUP=XSec;VALUE=0 
 PARM;GEOM_ID=MALYAAKVUW;ID=SCAOITGRACJ;NAME=Sec_Sweep;GROUP=XSec;VALUE=88.052 
 PARM;GEOM_ID=MALYAAKVUW;ID=GQGYWHYLTQU;NAME=Sec_Sweep_Location;GROUP=XSec;VALUE=1 
 PARM;GEOM_ID=MALYAAKVUW;ID=IXRGQBSBQCJ;NAME=SectTess_U;GROUP=XSec;VALUE=10 
 PARM;GEOM_ID=MALYAAKVUW;ID=YAJPNXHFSQD;NAME=Span;GROUP=XSec;VALUE=1 
 PARM;GEOM_ID=MALYAAKVUW;ID=EXTHVYKKAQT;NAME=Sweep;GROUP=XSec;VALUE=0 
 PARM;GEOM_ID=MALYAAKVUW;ID=ZFFZEEKWOIW;NAME=Sweep_Location;GROUP=XSec;VALUE=0 
 PARM;GEOM_ID=MALYAAKVUW;ID=LNCPHQCSBPO;NAME=Taper;GROUP=XSec;VALUE=30.4008 
 PARM;GEOM_ID=MALYAAKVUW;ID=SGQXOZWWSFL;NAME=Tip_Chord;GROUP=XSec;VALUE=30.4008 
 PARM;GEOM_ID=MALYAAKVUW;ID=IVPXRUGHBLW;NAME=Twist;GROUP=XSec;VALUE=0 
 PARM;GEOM_ID=MALYAAKVUW;ID=MJJJCFHVIOF;NAME=TwistInXZPlaneFlag;GROUP=XSec;VALUE=0 
 PARM;GEOM_ID=MALYAAKVUW;ID=DQHTKGAVFJO;NAME=Twist_Location;GROUP=XSec;VALUE=0.25 
 PARM;GEOM_ID=MALYAAKVUW;ID=FMMFGBNSPJQ;NAME=Area;GROUP=XSecCurve;VALUE=37.6442 
 PARM;GEOM_ID=MALYAAKVUW;ID=YUVQOLQUUMA;NAME=Camber;GROUP=XSecCurve;VALUE=0 
 PARM;GEOM_ID=MALYAAKVUW;ID=EPILCAQGDKW;NAME=CamberInputFlag;GROUP=XSecCurve;VALUE=0 
 PARM;GEOM_ID=MALYAAKVUW;ID=YHHMYKCTIXT;NAME=CamberLoc;GROUP=XSecCurve;VALUE=0.2 
 PARM;GEOM_ID=MALYAAKVUW;ID=RWJWYBBPYRC;NAME=Chord;GROUP=XSecCurve;VALUE=30.4008 
 PARM;GEOM_ID=MALYAAKVUW;ID=CFIVRWOUECK;NAME=DeltaX;GROUP=XSecCurve;VALUE=0 
 PARM;GEOM_ID=MALYAAKVUW;ID=SSRQMLNYALB;NAME=DeltaY;GROUP=XSecCurve;VALUE=0 
 PARM;GEOM_ID=MALYAAKVUW;ID=RTDZMASHQEY;NAME=FitDegree;GROUP=XSecCurve;VALUE=7 
 PARM;GEOM_ID=MALYAAKVUW;ID=KUFSZLHEIAL;NAME=HWRatio;GROUP=XSecCurve;VALUE=0.06 
 PARM;GEOM_ID=MALYAAKVUW;ID=HTGYVXVOXAW;NAME=IdealCl;GROUP=XSecCurve;VALUE=0 
 PARM;GEOM_ID=MALYAAKVUW;ID=NTWDZOXVSDG;NAME=Invert;GROUP=XSecCurve;VALUE=0 
 PARM;GEOM_ID=MALYAAKVUW;ID=VYICQQEBIFX;NAME=Scale;GROUP=XSecCurve;VALUE=1 
 PARM;GEOM_ID=MALYAAKVUW;ID=ADYXTMQOCNR;NAME=SharpTEFlag;GROUP=XSecCurve;VALUE=1 
 PARM;GEOM_ID=MALYAAKVUW;ID=EJGKXORVPTO;NAME=ShiftLE;GROUP=XSecCurve;VALUE=0 
 PARM;GEOM_ID=MALYAAKVUW;ID=QTLTISIGNHD;NAME=Theta;GROUP=XSecCurve;VALUE=0 
 PARM;GEOM_ID=MALYAAKVUW;ID=MZZKMFBWJFO;NAME=ThickChord;GROUP=XSecCurve;VALUE=0.06 
 PARM;GEOM_ID=MALYAAKVUW;ID=IYLUYABFBHS;NAME=LE_Cap_Length;GROUP=Cap;VALUE=1 
 PARM;GEOM_ID=MALYAAKVUW;ID=XCRALQNNNRL;NAME=LE_Cap_Offset;GROUP=Cap;VALUE=0 
 PARM;GEOM_ID=MALYAAKVUW;ID=USXWIVINBGT;NAME=LE_Cap_Strength;GROUP=Cap;VALUE=0.5 
 PARM;GEOM_ID=MALYAAKVUW;ID=NEQAXETJIDA;NAME=LE_Cap_Type;GROUP=Cap;VALUE=1 
 PARM;GEOM_ID=MALYAAKVUW;ID=NGWQXVXYOUW;NAME=TE_Cap_Length;GROUP=Cap;VALUE=1 
 PARM;GEOM_ID=MALYAAKVUW;ID=ERFYAAKQKUO;NAME=TE_Cap_Offset;GROUP=Cap;VALUE=0 
 PARM;GEOM_ID=MALYAAKVUW;ID=MJRWGLNRZXK;NAME=TE_Cap_Strength;GROUP=Cap;VALUE=0.5 
 PARM;GEOM_ID=MALYAAKVUW;ID=YSILADZTRGB;NAME=TE_Cap_Type;GROUP=Cap;VALUE=1 
 PARM;GEOM_ID=MALYAAKVUW;ID=UAJUDVMXZKY;NAME=LE_Close_AbsRel;GROUP=Close;VALUE=0 
 PARM;GEOM_ID=MALYAAKVUW;ID=WPXMAAKEYDE;NAME=LE_Close_Thick;GROUP=Close;VALUE=0 
 PARM;GEOM_ID=MALYAAKVUW;ID=PSDIROAMTWR;NAME=LE_Close_Thick_Chord;GROUP=Close;VALUE=0 
 PARM;GEOM_ID=MALYAAKVUW;ID=CJBDKIQIBWJ;NAME=LE_Close_Type;GROUP=Close;VALUE=0 
 PARM;GEOM_ID=MALYAAKVUW;ID=OLCXASGTEZQ;NAME=TE_Close_AbsRel;GROUP=Close;VALUE=0 
 PARM;GEOM_ID=MALYAAKVUW;ID=BKCHAPBPKDQ;NAME=TE_Close_Thick;GROUP=Close;VALUE=0 
 PARM;GEOM_ID=MALYAAKVUW;ID=OPTVOPACQVT;NAME=TE_Close_Thick_Chord;GROUP=Close;VALUE=0 
 PARM;GEOM_ID=MALYAAKVUW;ID=BASEVADJZMG;NAME=TE_Close_Type;GROUP=Close;VALUE=0 
 PARM;GEOM_ID=MALYAAKVUW;ID=VQKEOETLTEZ;NAME=LE_Trim_AbsRel;GROUP=Trim;VALUE=0 
 PARM;GEOM_ID=MALYAAKVUW;ID=FSEWIYFAZDZ;NAME=LE_Trim_Thick;GROUP=Trim;VALUE=0 
 PARM;GEOM_ID=MALYAAKVUW;ID=CCMZBFUUIEC;NAME=LE_Trim_Thick_Chord;GROUP=Trim;VALUE=0 
 PARM;GEOM_ID=MALYAAKVUW;ID=WUFJCAWCRBC;NAME=LE_Trim_Type;GROUP=Trim;VALUE=0 
 PARM;GEOM_ID=MALYAAKVUW;ID=LTXMQTXBDBZ;NAME=LE_Trim_X;GROUP=Trim;VALUE=0 
 PARM;GEOM_ID=MALYAAKVUW;ID=PENNVKOHCEJ;NAME=LE_Trim_X_Chord;GROUP=Trim;VALUE=0 
 PARM;GEOM_ID=MALYAAKVUW;ID=MIARJDVZTKR;NAME=TE_Trim_AbsRel;GROUP=Trim;VALUE=0 
 PARM;GEOM_ID=MALYAAKVUW;ID=DSYBFMXHXRV;NAME=TE_Trim_Thick;GROUP=Trim;VALUE=0 
 PARM;GEOM_ID=MALYAAKVUW;ID=FELZBJODVKJ;NAME=TE_Trim_Thick_Chord;GROUP=Trim;VALUE=0 
 PARM;GEOM_ID=MALYAAKVUW;ID=AMOUUCLKMZS;NAME=TE_Trim_Type;GROUP=Trim;VALUE=0 
 PARM;GEOM_ID=MALYAAKVUW;ID=CCMRDESXTCW;NAME=TE_Trim_X;GROUP=Trim;VALUE=0 
 PARM;GEOM_ID=MALYAAKVUW;ID=RPQFFXENUKC;NAME=TE_Trim_X_Chord;GROUP=Trim;VALUE=0 
 PARM;GEOM_ID=MALYAAKVUW;ID=SBUWGNLIKVC;NAME=TE_Flap_DT;GROUP=Flap;VALUE=0 
 PARM;GEOM_ID=MALYAAKVUW;ID=LSLCBHWRYYN;NAME=TE_Flap_Deflection;GROUP=Flap;VALUE=0 
 PARM;GEOM_ID=MALYAAKVUW;ID=CUGSSYWTHFG;NAME=TE_Flap_Flag;GROUP=Flap;VALUE=0 
 PARM;GEOM_ID=MALYAAKVUW;ID=OERAOEKOJET;NAME=TE_Flap_T;GROUP=Flap;VALUE=0.2 
 PARM;GEOM_ID=MALYAAKVUW;ID=TBCBYTOOVEB;NAME=TE_Flap_Type;GROUP=Flap;VALUE=0 
 PARM;GEOM_ID=MALYAAKVUW;ID=AEJVHVDTENT;NAME=TE_Flap_X;GROUP=Flap;VALUE=6.27309 
 PARM;GEOM_ID=MALYAAKVUW;ID=WSPRXRDIWNV;NAME=TE_Flap_X_Chord;GROUP=Flap;VALUE=0.2 
 PARM;GEOM_ID=MALYAAKVUW;ID=CXMWABHHVTQ;NAME=TE_Flap_Y_Frc;GROUP=Flap;VALUE=0.5 
 PARM;GEOM_ID=MALYAAKVUW;ID=JHGIQVMZJWP;NAME=TE_Trim_AbsRel;GROUP=Flap;VALUE=1 
 PARM;GEOM_ID=MALYAAKVUW;ID=FPONNWSGCYN;NAME=XSecFlipImageFlag;GROUP=XSecCurve_Background;VALUE=0 
 PARM;GEOM_ID=MALYAAKVUW;ID=YCHJYVMVPZJ;NAME=XSecImageFlag;GROUP=XSecCurve_Background;VALUE=0 
 PARM;GEOM_ID=MALYAAKVUW;ID=MFYKHQIIMWA;NAME=XSecImageH;GROUP=XSecCurve_Background;VALUE=1 
 PARM;GEOM_ID=MALYAAKVUW;ID=OMPTCRBMRCG;NAME=XSecImagePreserveAR;GROUP=XSecCurve_Background;VALUE=1 
 PARM;GEOM_ID=MALYAAKVUW;ID=CCNAVEQFHQT;NAME=XSecImageW;GROUP=XSecCurve_Background;VALUE=1 
 PARM;GEOM_ID=MALYAAKVUW;ID=UYVBOVPIPPB;NAME=XSecImageXOffset;GROUP=XSecCurve_Background;VALUE=0 
 PARM;GEOM_ID=MALYAAKVUW;ID=OQMOEEPBSTK;NAME=XSecImageYOffset;GROUP=XSecCurve_Background;VALUE=0 
 PARM;GEOM_ID=MALYAAKVUW;ID=DHODBRZVNNW;NAME=XSecLockImageFlag;GROUP=XSecCurve_Background;VALUE=0 
 PARM;GEOM_ID=MALYAAKVUW;ID=BJZNMYGYRWN;NAME=AllSym;GROUP=Chevron;VALUE=1 
 PARM;GEOM_ID=MALYAAKVUW;ID=EVLNBNMPFST;NAME=BottomAmplitude;GROUP=Chevron;VALUE=1 
 PARM;GEOM_ID=MALYAAKVUW;ID=UJYHOOWDNPZ;NAME=Bottom_Angle;GROUP=Chevron;VALUE=0 
 PARM;GEOM_ID=MALYAAKVUW;ID=BAMRUGVGPXD;NAME=Bottom_Slew;GROUP=Chevron;VALUE=0 
 PARM;GEOM_ID=MALYAAKVUW;ID=VDFUKRLRDLJ;NAME=Chevron_Type;GROUP=Chevron;VALUE=0 
 PARM;GEOM_ID=MALYAAKVUW;ID=FMVDWGXVZSH;NAME=LeftAmplitude;GROUP=Chevron;VALUE=1 
 PARM;GEOM_ID=MALYAAKVUW;ID=LVWWDZOABOV;NAME=Left_Angle;GROUP=Chevron;VALUE=0 
 PARM;GEOM_ID=MALYAAKVUW;ID=MHPKCKOUBDT;NAME=Left_Slew;GROUP=Chevron;VALUE=0 
 PARM;GEOM_ID=MALYAAKVUW;ID=OIEVUNGEEKG;NAME=Number;GROUP=Chevron;VALUE=8 
 PARM;GEOM_ID=MALYAAKVUW;ID=UMPKBXXACJR;NAME=Off_Duty;GROUP=Chevron;VALUE=0 
 PARM;GEOM_ID=MALYAAKVUW;ID=SAWWLQIJQAJ;NAME=On_Duty;GROUP=Chevron;VALUE=0 
 PARM;GEOM_ID=MALYAAKVUW;ID=YGJYAGNZVBD;NAME=Peak_Radius;GROUP=Chevron;VALUE=0 
 PARM;GEOM_ID=MALYAAKVUW;ID=VBPXACFEZQW;NAME=RLSym;GROUP=Chevron;VALUE=1 
 PARM;GEOM_ID=MALYAAKVUW;ID=JKQWGPLFWYW;NAME=RightAmplitude;GROUP=Chevron;VALUE=1 
 PARM;GEOM_ID=MALYAAKVUW;ID=QIOSNLCPBZA;NAME=Right_Angle;GROUP=Chevron;VALUE=0 
 PARM;GEOM_ID=MALYAAKVUW;ID=POAIFXFVEBZ;NAME=Right_Slew;GROUP=Chevron;VALUE=0 
 PARM;GEOM_ID=MALYAAKVUW;ID=TIECKNMJWMG;NAME=TBSym;GROUP=Chevron;VALUE=1 
 PARM;GEOM_ID=MALYAAKVUW;ID=CNXUMFHQQJD;NAME=TopAmplitude;GROUP=Chevron;VALUE=1 
 PARM;GEOM_ID=MALYAAKVUW;ID=WUTWCCWKKCU;NAME=Top_Angle;GROUP=Chevron;VALUE=0 
 PARM;GEOM_ID=MALYAAKVUW;ID=JJIERNUGNCS;NAME=Top_Slew;GROUP=Chevron;VALUE=0 
 PARM;GEOM_ID=MALYAAKVUW;ID=BDUHRHANJDF;NAME=Valley_Radius;GROUP=Chevron;VALUE=0 
 PARM;GEOM_ID=MALYAAKVUW;ID=IGLXOSNFNDL;NAME=W01_Center;GROUP=Chevron;VALUE=0.25 
 PARM;GEOM_ID=MALYAAKVUW;ID=STMDNIHOIST;NAME=W01_Center_Guide;GROUP=Chevron;VALUE=5 
 PARM;GEOM_ID=MALYAAKVUW;ID=DNNHVZEBNIB;NAME=W01_End;GROUP=Chevron;VALUE=0.5 
 PARM;GEOM_ID=MALYAAKVUW;ID=KSIPORFKGHJ;NAME=W01_End_Guide;GROUP=Chevron;VALUE=5 
 PARM;GEOM_ID=MALYAAKVUW;ID=VGZCFQZALFU;NAME=W01_Mode;GROUP=Chevron;VALUE=0 
 PARM;GEOM_ID=MALYAAKVUW;ID=RHLHZVTRCKA;NAME=W01_Start;GROUP=Chevron;VALUE=0 
 PARM;GEOM_ID=MALYAAKVUW;ID=WHBWYMHVOIR;NAME=W01_Start_Guide;GROUP=Chevron;VALUE=5 
 PARM;GEOM_ID=MALYAAKVUW;ID=HDIPRGBSEPO;NAME=W01_Width;GROUP=Chevron;VALUE=0.5 
 PARM;GEOM_ID=MALYAAKVUW;ID=URGFXDZKSSD;NAME=Area;GROUP=XSec;VALUE=106.508 
 PARM;GEOM_ID=MALYAAKVUW;ID=PXKYTSVLTIE;NAME=Aspect;GROUP=XSec;VALUE=0.214339 
 PARM;GEOM_ID=MALYAAKVUW;ID=SKDRLHNVIVP;NAME=Avg_Chord;GROUP=XSec;VALUE=22.2916 
 PARM;GEOM_ID=MALYAAKVUW;ID=UDRRUXVNQYJ;NAME=Dihedral;GROUP=XSec;VALUE=-3 
 PARM;GEOM_ID=MALYAAKVUW;ID=WGOTMTHAYCT;NAME=InCluster;GROUP=XSec;VALUE=1 
 PARM;GEOM_ID=MALYAAKVUW;ID=SOWKQNIAWSS;NAME=InLEDihedral;GROUP=XSec;VALUE=2.47262e-14 
 PARM;GEOM_ID=MALYAAKVUW;ID=TQKYUOKEMML;NAME=InLEMode;GROUP=XSec;VALUE=0 
 PARM;GEOM_ID=MALYAAKVUW;ID=IEMMIWMHICW;NAME=InLEStrength;GROUP=XSec;VALUE=1 
 PARM;GEOM_ID=MALYAAKVUW;ID=XTCNWSIJNVZ;NAME=InLESweep;GROUP=XSec;VALUE=73.5143 
 PARM;GEOM_ID=MALYAAKVUW;ID=EXNRJESJMSA;NAME=InTEDihedral;GROUP=XSec;VALUE=-7.06967e-15 
 PARM;GEOM_ID=MALYAAKVUW;ID=MADPYCHSRHZ;NAME=InTEMode;GROUP=XSec;VALUE=0 
 PARM;GEOM_ID=MALYAAKVUW;ID=ZQGVNAVKRGN;NAME=InTEStrength;GROUP=XSec;VALUE=1 
 PARM;GEOM_ID=MALYAAKVUW;ID=FXTKBUSYMEU;NAME=InTESweep;GROUP=XSec;VALUE=-0.881143 
 PARM;GEOM_ID=MALYAAKVUW;ID=TQHLTSWDXTP;NAME=OutCluster;GROUP=XSec;VALUE=1 
 PARM;GEOM_ID=MALYAAKVUW;ID=KBVQZYGUPSE;NAME=OutLEDihedral;GROUP=XSec;VALUE=-9.48462e-15 
 PARM;GEOM_ID=MALYAAKVUW;ID=ZNRRKWTEDYT;NAME=OutLEMode;GROUP=XSec;VALUE=0 
 PARM;GEOM_ID=MALYAAKVUW;ID=NRBSMIJBVNM;NAME=OutLEStrength;GROUP=XSec;VALUE=1 
 PARM;GEOM_ID=MALYAAKVUW;ID=TLQMNUSWZYT;NAME=OutLESweep;GROUP=XSec;VALUE=42.5 
 PARM;GEOM_ID=MALYAAKVUW;ID=GHOGUYXQWZC;NAME=OutTEDihedral;GROUP=XSec;VALUE=7.18389e-15 
 PARM;GEOM_ID=MALYAAKVUW;ID=VNOJCNSJPWJ;NAME=OutTEMode;GROUP=XSec;VALUE=0 
 PARM;GEOM_ID=MALYAAKVUW;ID=ZMWHFLVZOLR;NAME=OutTEStrength;GROUP=XSec;VALUE=1 
 PARM;GEOM_ID=MALYAAKVUW;ID=EKATEOBQHHG;NAME=OutTESweep;GROUP=XSec;VALUE=11.2032 
 PARM;GEOM_ID=MALYAAKVUW;ID=WUPEQKIWHAS;NAME=ProjectedSpan;GROUP=XSec;VALUE=4.77142 
 PARM;GEOM_ID=MALYAAKVUW;ID=TTLAUQRYTBL;NAME=Root_Chord;GROUP=XSec;VALUE=30.4008 
 PARM;GEOM_ID=MALYAAKVUW;ID=LALJFZNOIYI;NAME=RotateMatchDideralFlag;GROUP=XSec;VALUE=0 
 PARM;GEOM_ID=MALYAAKVUW;ID=XZSWAFAQAQL;NAME=Sec_Sweep;GROUP=XSec;VALUE=-0.881143 
 PARM;GEOM_ID=MALYAAKVUW;ID=UFDHIXLKDPH;NAME=Sec_Sweep_Location;GROUP=XSec;VALUE=1 
 PARM;GEOM_ID=MALYAAKVUW;ID=YXQEKVHVGJD;NAME=SectTess_U;GROUP=XSec;VALUE=10 
 PARM;GEOM_ID=MALYAAKVUW;ID=PCHKDKBGEBG;NAME=Span;GROUP=XSec;VALUE=4.77796 
 PARM;GEOM_ID=MALYAAKVUW;ID=PUILHGYTNQD;NAME=Sweep;GROUP=XSec;VALUE=73.5143 
 PARM;GEOM_ID=MALYAAKVUW;ID=FHUSUHBFAVG;NAME=Sweep_Location;GROUP=XSec;VALUE=0 
 PARM;GEOM_ID=MALYAAKVUW;ID=ODMOXAXLXHQ;NAME=Taper;GROUP=XSec;VALUE=0.466514 
 PARM;GEOM_ID=MALYAAKVUW;ID=WJUXALVOIMR;NAME=Tip_Chord;GROUP=XSec;VALUE=14.1824 
 PARM;GEOM_ID=MALYAAKVUW;ID=ASVLVEXHNLL;NAME=Twist;GROUP=XSec;VALUE=0 
 PARM;GEOM_ID=MALYAAKVUW;ID=LSBBCMGRBVS;NAME=TwistInXZPlaneFlag;GROUP=XSec;VALUE=0 
 PARM;GEOM_ID=MALYAAKVUW;ID=IDHJTXFTXMC;NAME=Twist_Location;GROUP=XSec;VALUE=0.289286 
 PARM;GEOM_ID=MALYAAKVUW;ID=BZFURIRZSNA;NAME=Area;GROUP=XSecCurve;VALUE=10.9236 
 PARM;GEOM_ID=MALYAAKVUW;ID=TCISSZFADGI;NAME=Camber;GROUP=XSecCurve;VALUE=0 
 PARM;GEOM_ID=MALYAAKVUW;ID=SXJEUBAIZZV;NAME=CamberInputFlag;GROUP=XSecCurve;VALUE=0 
 PARM;GEOM_ID=MALYAAKVUW;ID=GOICWDQZMFJ;NAME=CamberLoc;GROUP=XSecCurve;VALUE=0.2 
 PARM;GEOM_ID=MALYAAKVUW;ID=TDPOUMROQJH;NAME=Chord;GROUP=XSecCurve;VALUE=14.1824 
 PARM;GEOM_ID=MALYAAKVUW;ID=ZOZXJEZKFMD;NAME=DeltaX;GROUP=XSecCurve;VALUE=0 
 PARM;GEOM_ID=MALYAAKVUW;ID=ILZEFTOZTWN;NAME=DeltaY;GROUP=XSecCurve;VALUE=0 
 PARM;GEOM_ID=MALYAAKVUW;ID=VQAIAKQCNHU;NAME=FitDegree;GROUP=XSecCurve;VALUE=7 
 PARM;GEOM_ID=MALYAAKVUW;ID=UHGKPBKRENS;NAME=HWRatio;GROUP=XSecCurve;VALUE=0.08 
 PARM;GEOM_ID=MALYAAKVUW;ID=GUZAIVMTUDO;NAME=IdealCl;GROUP=XSecCurve;VALUE=0 
 PARM;GEOM_ID=MALYAAKVUW;ID=YPCYWUNDRDO;NAME=Invert;GROUP=XSecCurve;VALUE=0 
 PARM;GEOM_ID=MALYAAKVUW;ID=AOLIPLGVXTU;NAME=Scale;GROUP=XSecCurve;VALUE=1 
 PARM;GEOM_ID=MALYAAKVUW;ID=VLFRKBSAHKE;NAME=SharpTEFlag;GROUP=XSecCurve;VALUE=1 
 PARM;GEOM_ID=MALYAAKVUW;ID=NNURZZMGNLY;NAME=ShiftLE;GROUP=XSecCurve;VALUE=0 
 PARM;GEOM_ID=MALYAAKVUW;ID=YEOLWFKMYTC;NAME=Theta;GROUP=XSecCurve;VALUE=0 
 PARM;GEOM_ID=MALYAAKVUW;ID=LIYEYOMPBHD;NAME=ThickChord;GROUP=XSecCurve;VALUE=0.08 
 PARM;GEOM_ID=MALYAAKVUW;ID=XIEWOJSNYTH;NAME=LE_Cap_Length;GROUP=Cap;VALUE=1 
 PARM;GEOM_ID=MALYAAKVUW;ID=AGWFGJLWTBJ;NAME=LE_Cap_Offset;GROUP=Cap;VALUE=0 
 PARM;GEOM_ID=MALYAAKVUW;ID=IIQLMWFQSBC;NAME=LE_Cap_Strength;GROUP=Cap;VALUE=0.5 
 PARM;GEOM_ID=MALYAAKVUW;ID=HMUZGBUBJBC;NAME=LE_Cap_Type;GROUP=Cap;VALUE=1 
 PARM;GEOM_ID=MALYAAKVUW;ID=TJBHTGITHDJ;NAME=TE_Cap_Length;GROUP=Cap;VALUE=1 
 PARM;GEOM_ID=MALYAAKVUW;ID=WKFNGZVZRVK;NAME=TE_Cap_Offset;GROUP=Cap;VALUE=0 
 PARM;GEOM_ID=MALYAAKVUW;ID=BUIQAVKLOBD;NAME=TE_Cap_Strength;GROUP=Cap;VALUE=0.5 
 PARM;GEOM_ID=MALYAAKVUW;ID=ZCXOFSQUZVU;NAME=TE_Cap_Type;GROUP=Cap;VALUE=1 
 PARM;GEOM_ID=MALYAAKVUW;ID=FYTIBTXHXOV;NAME=LE_Close_AbsRel;GROUP=Close;VALUE=0 
 PARM;GEOM_ID=MALYAAKVUW;ID=NSXVBAXUFPJ;NAME=LE_Close_Thick;GROUP=Close;VALUE=0 
 PARM;GEOM_ID=MALYAAKVUW;ID=LULFAVWFAPQ;NAME=LE_Close_Thick_Chord;GROUP=Close;VALUE=0 
 PARM;GEOM_ID=MALYAAKVUW;ID=FCTOPRCKAMD;NAME=LE_Close_Type;GROUP=Close;VALUE=0 
 PARM;GEOM_ID=MALYAAKVUW;ID=VXXYRAAUSUJ;NAME=TE_Close_AbsRel;GROUP=Close;VALUE=0 
 PARM;GEOM_ID=MALYAAKVUW;ID=WRXHXNJYYCH;NAME=TE_Close_Thick;GROUP=Close;VALUE=0 
 PARM;GEOM_ID=MALYAAKVUW;ID=BXDAJYCWLTW;NAME=TE_Close_Thick_Chord;GROUP=Close;VALUE=0 
 PARM;GEOM_ID=MALYAAKVUW;ID=JLHLJRFHPNG;NAME=TE_Close_Type;GROUP=Close;VALUE=0 
 PARM;GEOM_ID=MALYAAKVUW;ID=XAOFEFQXNFZ;NAME=LE_Trim_AbsRel;GROUP=Trim;VALUE=0 
 PARM;GEOM_ID=MALYAAKVUW;ID=DPBFNQHSUHW;NAME=LE_Trim_Thick;GROUP=Trim;VALUE=0 
 PARM;GEOM_ID=MALYAAKVUW;ID=PIDLCNXYLTH;NAME=LE_Trim_Thick_Chord;GROUP=Trim;VALUE=0 
 PARM;GEOM_ID=MALYAAKVUW;ID=KIBNNHTSDWH;NAME=LE_Trim_Type;GROUP=Trim;VALUE=0 
 PARM;GEOM_ID=MALYAAKVUW;ID=SONGKBZJQIR;NAME=LE_Trim_X;GROUP=Trim;VALUE=0 
 PARM;GEOM_ID=MALYAAKVUW;ID=LMKYLHRKULA;NAME=LE_Trim_X_Chord;GROUP=Trim;VALUE=0 
 PARM;GEOM_ID=MALYAAKVUW;ID=INEBACYWVSI;NAME=TE_Trim_AbsRel;GROUP=Trim;VALUE=0 
 PARM;GEOM_ID=MALYAAKVUW;ID=SAKTFNYPVFK;NAME=TE_Trim_Thick;GROUP=Trim;VALUE=0 
 PARM;GEOM_ID=MALYAAKVUW;ID=CZJNHXNPFYU;NAME=TE_Trim_Thick_Chord;GROUP=Trim;VALUE=0 
 PARM;GEOM_ID=MALYAAKVUW;ID=ZHXKZPYUHCM;NAME=TE_Trim_Type;GROUP=Trim;VALUE=0 
 PARM;GEOM_ID=MALYAAKVUW;ID=GKQCABPRGZB;NAME=TE_Trim_X;GROUP=Trim;VALUE=0 
 PARM;GEOM_ID=MALYAAKVUW;ID=HOCGZBCNGWV;NAME=TE_Trim_X_Chord;GROUP=Trim;VALUE=0 
 PARM;GEOM_ID=MALYAAKVUW;ID=YQTEBJAKXZO;NAME=TE_Flap_DT;GROUP=Flap;VALUE=0 
 PARM;GEOM_ID=MALYAAKVUW;ID=NWLXADMNEPQ;NAME=TE_Flap_Deflection;GROUP=Flap;VALUE=0 
 PARM;GEOM_ID=MALYAAKVUW;ID=STFGKGDTRWT;NAME=TE_Flap_Flag;GROUP=Flap;VALUE=0 
 PARM;GEOM_ID=MALYAAKVUW;ID=YCOVDYSSNFY;NAME=TE_Flap_T;GROUP=Flap;VALUE=0.2 
 PARM;GEOM_ID=MALYAAKVUW;ID=TNXNQLUNQWD;NAME=TE_Flap_Type;GROUP=Flap;VALUE=0 
 PARM;GEOM_ID=MALYAAKVUW;ID=OTJHCAYOTLT;NAME=TE_Flap_X;GROUP=Flap;VALUE=3.05347 
 PARM;GEOM_ID=MALYAAKVUW;ID=GUQFCZGWIKT;NAME=TE_Flap_X_Chord;GROUP=Flap;VALUE=0.2 
 PARM;GEOM_ID=MALYAAKVUW;ID=EOQJHCPHPQN;NAME=TE_Flap_Y_Frc;GROUP=Flap;VALUE=0.5 
 PARM;GEOM_ID=MALYAAKVUW;ID=NYVTYMJITBE;NAME=TE_Trim_AbsRel;GROUP=Flap;VALUE=1 
 PARM;GEOM_ID=MALYAAKVUW;ID=QRLGNCEIXZS;NAME=XSecFlipImageFlag;GROUP=XSecCurve_Background;VALUE=0 
 PARM;GEOM_ID=MALYAAKVUW;ID=KDXQUJXJZST;NAME=XSecImageFlag;GROUP=XSecCurve_Background;VALUE=0 
 PARM;GEOM_ID=MALYAAKVUW;ID=KGCXUSGVXML;NAME=XSecImageH;GROUP=XSecCurve_Background;VALUE=1 
 PARM;GEOM_ID=MALYAAKVUW;ID=ZKNLZRIWKFH;NAME=XSecImagePreserveAR;GROUP=XSecCurve_Background;VALUE=1 
 PARM;GEOM_ID=MALYAAKVUW;ID=GSBJCIYZHEP;NAME=XSecImageW;GROUP=XSecCurve_Background;VALUE=1 
 PARM;GEOM_ID=MALYAAKVUW;ID=UNNPHPVOGTJ;NAME=XSecImageXOffset;GROUP=XSecCurve_Background;VALUE=0 
 PARM;GEOM_ID=MALYAAKVUW;ID=GQTSDOQHINL;NAME=XSecImageYOffset;GROUP=XSecCurve_Background;VALUE=0 
 PARM;GEOM_ID=MALYAAKVUW;ID=LZQBTLSMFLO;NAME=XSecLockImageFlag;GROUP=XSecCurve_Background;VALUE=0 
 PARM;GEOM_ID=MALYAAKVUW;ID=ZWVOMCWNIQY;NAME=AllSym;GROUP=Chevron;VALUE=1 
 PARM;GEOM_ID=MALYAAKVUW;ID=RLCWBNLBKZG;NAME=BottomAmplitude;GROUP=Chevron;VALUE=1 
 PARM;GEOM_ID=MALYAAKVUW;ID=MNWIJNCBBXC;NAME=Bottom_Angle;GROUP=Chevron;VALUE=0 
 PARM;GEOM_ID=MALYAAKVUW;ID=KOBIMTUMDCO;NAME=Bottom_Slew;GROUP=Chevron;VALUE=0 
 PARM;GEOM_ID=MALYAAKVUW;ID=BQSUKTSWGSU;NAME=Chevron_Type;GROUP=Chevron;VALUE=0 
 PARM;GEOM_ID=MALYAAKVUW;ID=VDQGICJSGZP;NAME=LeftAmplitude;GROUP=Chevron;VALUE=1 
 PARM;GEOM_ID=MALYAAKVUW;ID=NDMAZFSRWRE;NAME=Left_Angle;GROUP=Chevron;VALUE=0 
 PARM;GEOM_ID=MALYAAKVUW;ID=HCQSBBENDIS;NAME=Left_Slew;GROUP=Chevron;VALUE=0 
 PARM;GEOM_ID=MALYAAKVUW;ID=AJKCACZULBI;NAME=Number;GROUP=Chevron;VALUE=8 
 PARM;GEOM_ID=MALYAAKVUW;ID=RJYUCJMPVLX;NAME=Off_Duty;GROUP=Chevron;VALUE=0 
 PARM;GEOM_ID=MALYAAKVUW;ID=AXCOAWPRKJC;NAME=On_Duty;GROUP=Chevron;VALUE=0 
 PARM;GEOM_ID=MALYAAKVUW;ID=MPVPMEENRNX;NAME=Peak_Radius;GROUP=Chevron;VALUE=0 
 PARM;GEOM_ID=MALYAAKVUW;ID=MGOICCSCUVE;NAME=RLSym;GROUP=Chevron;VALUE=1 
 PARM;GEOM_ID=MALYAAKVUW;ID=AASBRJYMRAB;NAME=RightAmplitude;GROUP=Chevron;VALUE=1 
 PARM;GEOM_ID=MALYAAKVUW;ID=YWNZXZHHZRQ;NAME=Right_Angle;GROUP=Chevron;VALUE=0 
 PARM;GEOM_ID=MALYAAKVUW;ID=YBNSQWXWFZW;NAME=Right_Slew;GROUP=Chevron;VALUE=0 
 PARM;GEOM_ID=MALYAAKVUW;ID=XLZCXZPZDQX;NAME=TBSym;GROUP=Chevron;VALUE=1 
 PARM;GEOM_ID=MALYAAKVUW;ID=PBAKCLPYAXO;NAME=TopAmplitude;GROUP=Chevron;VALUE=1 
 PARM;GEOM_ID=MALYAAKVUW;ID=BJUILFPIKKV;NAME=Top_Angle;GROUP=Chevron;VALUE=0 
 PARM;GEOM_ID=MALYAAKVUW;ID=BHJBKWBSVZC;NAME=Top_Slew;GROUP=Chevron;VALUE=0 
 PARM;GEOM_ID=MALYAAKVUW;ID=CDCEDMHOFOS;NAME=Valley_Radius;GROUP=Chevron;VALUE=0 
 PARM;GEOM_ID=MALYAAKVUW;ID=NDHQSQXQELI;NAME=W01_Center;GROUP=Chevron;VALUE=0.25 
 PARM;GEOM_ID=MALYAAKVUW;ID=UMNKRTAJHOQ;NAME=W01_Center_Guide;GROUP=Chevron;VALUE=5 
 PARM;GEOM_ID=MALYAAKVUW;ID=MWZUPHKDPGX;NAME=W01_End;GROUP=Chevron;VALUE=0.5 
 PARM;GEOM_ID=MALYAAKVUW;ID=MFPESYKCTHB;NAME=W01_End_Guide;GROUP=Chevron;VALUE=5 
 PARM;GEOM_ID=MALYAAKVUW;ID=LQKPFMSBSSQ;NAME=W01_Mode;GROUP=Chevron;VALUE=0 
 PARM;GEOM_ID=MALYAAKVUW;ID=ZPMKUAUKAEA;NAME=W01_Start;GROUP=Chevron;VALUE=0 
 PARM;GEOM_ID=MALYAAKVUW;ID=ZWBQPUTYKFH;NAME=W01_Start_Guide;GROUP=Chevron;VALUE=5 
 PARM;GEOM_ID=MALYAAKVUW;ID=OWPMULMMZLN;NAME=W01_Width;GROUP=Chevron;VALUE=0.5 
 PARM;GEOM_ID=MALYAAKVUW;ID=XOYVWJQLCGH;NAME=Area;GROUP=XSec;VALUE=120.333 
 PARM;GEOM_ID=MALYAAKVUW;ID=RTBTJCMXNLV;NAME=Aspect;GROUP=XSec;VALUE=1.26582 
 PARM;GEOM_ID=MALYAAKVUW;ID=SWHZDDKSLXU;NAME=Avg_Chord;GROUP=XSec;VALUE=9.75002 
 PARM;GEOM_ID=MALYAAKVUW;ID=YWVSPDGFFCK;NAME=Dihedral;GROUP=XSec;VALUE=-3 
 PARM;GEOM_ID=MALYAAKVUW;ID=KMYDVVANNHO;NAME=InCluster;GROUP=XSec;VALUE=1.00008 
 PARM;GEOM_ID=MALYAAKVUW;ID=PNRCLVXRGCA;NAME=InLEDihedral;GROUP=XSec;VALUE=9.48462e-15 
 PARM;GEOM_ID=MALYAAKVUW;ID=USQLQNUEVRP;NAME=InLEMode;GROUP=XSec;VALUE=0 
 PARM;GEOM_ID=MALYAAKVUW;ID=KDXXQQSXLYC;NAME=InLEStrength;GROUP=XSec;VALUE=1 
 PARM;GEOM_ID=MALYAAKVUW;ID=GTMEHZTNOZP;NAME=InLESweep;GROUP=XSec;VALUE=42.5 
 PARM;GEOM_ID=MALYAAKVUW;ID=PEIAFVZOENF;NAME=InTEDihedral;GROUP=XSec;VALUE=-7.18389e-15 
 PARM;GEOM_ID=MALYAAKVUW;ID=BQYYDAXSKPR;NAME=InTEMode;GROUP=XSec;VALUE=0 
 PARM;GEOM_ID=MALYAAKVUW;ID=EXEBHAIWOSU;NAME=InTEStrength;GROUP=XSec;VALUE=1 
 PARM;GEOM_ID=MALYAAKVUW;ID=TQGPJQHLEAC;NAME=InTESweep;GROUP=XSec;VALUE=11.2032 
 PARM;GEOM_ID=MALYAAKVUW;ID=OPGHWROZBZB;NAME=OutCluster;GROUP=XSec;VALUE=1 
 PARM;GEOM_ID=MALYAAKVUW;ID=QUWAMUVKGQT;NAME=OutLEDihedral;GROUP=XSec;VALUE=-9.48462e-15 
 PARM;GEOM_ID=MALYAAKVUW;ID=CVRDMTZJZVZ;NAME=OutLEMode;GROUP=XSec;VALUE=0 
 PARM;GEOM_ID=MALYAAKVUW;ID=LTJVBKUSMAC;NAME=OutLEStrength;GROUP=XSec;VALUE=1 
 PARM;GEOM_ID=MALYAAKVUW;ID=YVCEWJIUDUL;NAME=OutLESweep;GROUP=XSec;VALUE=42.5 
 PARM;GEOM_ID=MALYAAKVUW;ID=KKWCBGMGTNQ;NAME=OutTEDihedral;GROUP=XSec;VALUE=7.18389e-15 
 PARM;GEOM_ID=MALYAAKVUW;ID=XGLJLKCUDNJ;NAME=OutTEMode;GROUP=XSec;VALUE=0 
 PARM;GEOM_ID=MALYAAKVUW;ID=PATILBRNQRR;NAME=OutTEStrength;GROUP=XSec;VALUE=1 
 PARM;GEOM_ID=MALYAAKVUW;ID=PPEZIBERDUN;NAME=OutTESweep;GROUP=XSec;VALUE=11.2032 
 PARM;GEOM_ID=MALYAAKVUW;ID=JNHWLKGSODW;NAME=ProjectedSpan;GROUP=XSec;VALUE=12.3249 
 PARM;GEOM_ID=MALYAAKVUW;ID=YAYAQQJKGWH;NAME=Root_Chord;GROUP=XSec;VALUE=14.1824 
 PARM;GEOM_ID=MALYAAKVUW;ID=CXJLDYCKZAL;NAME=RotateMatchDideralFlag;GROUP=XSec;VALUE=0 
 PARM;GEOM_ID=MALYAAKVUW;ID=IXREJTRZIHR;NAME=Sec_Sweep;GROUP=XSec;VALUE=11.2032 
 PARM;GEOM_ID=MALYAAKVUW;ID=HWGQSAVLHOM;NAME=Sec_Sweep_Location;GROUP=XSec;VALUE=1 
 PARM;GEOM_ID=MALYAAKVUW;ID=RYFECTATTFF;NAME=SectTess_U;GROUP=XSec;VALUE=10 
 PARM;GEOM_ID=MALYAAKVUW;ID=AODOBOSPZIX;NAME=Span;GROUP=XSec;VALUE=12.3418 
 PARM;GEOM_ID=MALYAAKVUW;ID=YXLQIWULEBO;NAME=Sweep;GROUP=XSec;VALUE=42.5 
 PARM;GEOM_ID=MALYAAKVUW;ID=UVHZGCHLDCC;NAME=Sweep_Location;GROUP=XSec;VALUE=0 
 PARM;GEOM_ID=MALYAAKVUW;ID=QUFSMSBQBTR;NAME=Taper;GROUP=XSec;VALUE=0.374949 
 PARM;GEOM_ID=MALYAAKVUW;ID=KXFTDQDXPXD;NAME=Tip_Chord;GROUP=XSec;VALUE=5.31767 
 PARM;GEOM_ID=MALYAAKVUW;ID=RVZSBYKDLIG;NAME=Twist;GROUP=XSec;VALUE=0 
 PARM;GEOM_ID=MALYAAKVUW;ID=VZAQNWHZCXD;NAME=TwistInXZPlaneFlag;GROUP=XSec;VALUE=0 
 PARM;GEOM_ID=MALYAAKVUW;ID=WHIMYXOHRPX;NAME=Twist_Location;GROUP=XSec;VALUE=0.25 
 PARM;GEOM_ID=MALYAAKVUW;ID=OOBYQWLKGRG;NAME=Area;GROUP=XSecCurve;VALUE=1.53571 
 PARM;GEOM_ID=MALYAAKVUW;ID=TIDWDWJHLYP;NAME=Camber;GROUP=XSecCurve;VALUE=0 
 PARM;GEOM_ID=MALYAAKVUW;ID=HXTOLNLOZFJ;NAME=CamberInputFlag;GROUP=XSecCurve;VALUE=0 
 PARM;GEOM_ID=MALYAAKVUW;ID=YUXEZICEGKI;NAME=CamberLoc;GROUP=XSecCurve;VALUE=0.2 
 PARM;GEOM_ID=MALYAAKVUW;ID=CEBCRVORKNU;NAME=Chord;GROUP=XSecCurve;VALUE=5.31767 
 PARM;GEOM_ID=MALYAAKVUW;ID=RCOKOCJTMSL;NAME=DeltaX;GROUP=XSecCurve;VALUE=0 
 PARM;GEOM_ID=MALYAAKVUW;ID=KZNCEHCWMZV;NAME=DeltaY;GROUP=XSecCurve;VALUE=0 
 PARM;GEOM_ID=MALYAAKVUW;ID=LEQTKCRLYYZ;NAME=FitDegree;GROUP=XSecCurve;VALUE=7 
 PARM;GEOM_ID=MALYAAKVUW;ID=RAGTOQNUIDE;NAME=HWRatio;GROUP=XSecCurve;VALUE=0.08 
 PARM;GEOM_ID=MALYAAKVUW;ID=FIWWBGMDRRZ;NAME=IdealCl;GROUP=XSecCurve;VALUE=0 
 PARM;GEOM_ID=MALYAAKVUW;ID=SMARKCXUOIS;NAME=Invert;GROUP=XSecCurve;VALUE=0 
 PARM;GEOM_ID=MALYAAKVUW;ID=ZAPGUJMUMYT;NAME=Scale;GROUP=XSecCurve;VALUE=1 
 PARM;GEOM_ID=MALYAAKVUW;ID=SIVEIVMIMWK;NAME=SharpTEFlag;GROUP=XSecCurve;VALUE=1 
 PARM;GEOM_ID=MALYAAKVUW;ID=GVGTMLRFGFE;NAME=ShiftLE;GROUP=XSecCurve;VALUE=0 
 PARM;GEOM_ID=MALYAAKVUW;ID=YBKSZUKIAPG;NAME=Theta;GROUP=XSecCurve;VALUE=0 
 PARM;GEOM_ID=MALYAAKVUW;ID=SRWBRZIOXPO;NAME=ThickChord;GROUP=XSecCurve;VALUE=0.08 
 PARM;GEOM_ID=MALYAAKVUW;ID=FLQTIXKBHED;NAME=LE_Cap_Length;GROUP=Cap;VALUE=1 
 PARM;GEOM_ID=MALYAAKVUW;ID=XAZGIKIVOSX;NAME=LE_Cap_Offset;GROUP=Cap;VALUE=0 
 PARM;GEOM_ID=MALYAAKVUW;ID=QBBRUBMVEGG;NAME=LE_Cap_Strength;GROUP=Cap;VALUE=0.5 
 PARM;GEOM_ID=MALYAAKVUW;ID=AGQKXFQTZFS;NAME=LE_Cap_Type;GROUP=Cap;VALUE=1 
 PARM;GEOM_ID=MALYAAKVUW;ID=SPKPVZVOPUL;NAME=TE_Cap_Length;GROUP=Cap;VALUE=1 
 PARM;GEOM_ID=MALYAAKVUW;ID=FIWLSMBEQQM;NAME=TE_Cap_Offset;GROUP=Cap;VALUE=0 
 PARM;GEOM_ID=MALYAAKVUW;ID=RJZSNCTEGMX;NAME=TE_Cap_Strength;GROUP=Cap;VALUE=0.5 
 PARM;GEOM_ID=MALYAAKVUW;ID=PSBQRHFVTMT;NAME=TE_Cap_Type;GROUP=Cap;VALUE=1 
 PARM;GEOM_ID=MALYAAKVUW;ID=ZTOWECBCBNJ;NAME=LE_Close_AbsRel;GROUP=Close;VALUE=0 
 PARM;GEOM_ID=MALYAAKVUW;ID=QAIEUWZXVOL;NAME=LE_Close_Thick;GROUP=Close;VALUE=0 
 PARM;GEOM_ID=MALYAAKVUW;ID=IJERDUPLVBL;NAME=LE_Close_Thick_Chord;GROUP=Close;VALUE=0 
 PARM;GEOM_ID=MALYAAKVUW;ID=LXZOGQRSVZU;NAME=LE_Close_Type;GROUP=Close;VALUE=0 
 PARM;GEOM_ID=MALYAAKVUW;ID=UDPKZMAIWXH;NAME=TE_Close_AbsRel;GROUP=Close;VALUE=0 
 PARM;GEOM_ID=MALYAAKVUW;ID=HRPNTVMBKIR;NAME=TE_Close_Thick;GROUP=Close;VALUE=0 
 PARM;GEOM_ID=MALYAAKVUW;ID=SVGPITEAQMC;NAME=TE_Close_Thick_Chord;GROUP=Close;VALUE=0 
 PARM;GEOM_ID=MALYAAKVUW;ID=ESKYGXQVGSY;NAME=TE_Close_Type;GROUP=Close;VALUE=0 
 PARM;GEOM_ID=MALYAAKVUW;ID=HITOPHSBFRQ;NAME=LE_Trim_AbsRel;GROUP=Trim;VALUE=0 
 PARM;GEOM_ID=MALYAAKVUW;ID=YRJXZCFUOCE;NAME=LE_Trim_Thick;GROUP=Trim;VALUE=0 
 PARM;GEOM_ID=MALYAAKVUW;ID=FBPXNTFJCWX;NAME=LE_Trim_Thick_Chord;GROUP=Trim;VALUE=0 
 PARM;GEOM_ID=MALYAAKVUW;ID=MFGNVZFJPEH;NAME=LE_Trim_Type;GROUP=Trim;VALUE=0 
 PARM;GEOM_ID=MALYAAKVUW;ID=XUECGHJDCAZ;NAME=LE_Trim_X;GROUP=Trim;VALUE=0 
 PARM;GEOM_ID=MALYAAKVUW;ID=DBKUSIFCPTU;NAME=LE_Trim_X_Chord;GROUP=Trim;VALUE=0 
 PARM;GEOM_ID=MALYAAKVUW;ID=GFWGTCXQMHX;NAME=TE_Trim_AbsRel;GROUP=Trim;VALUE=0 
 PARM;GEOM_ID=MALYAAKVUW;ID=SFJGLWTYFJP;NAME=TE_Trim_Thick;GROUP=Trim;VALUE=0 
 PARM;GEOM_ID=MALYAAKVUW;ID=RICYTFRSGQX;NAME=TE_Trim_Thick_Chord;GROUP=Trim;VALUE=0 
 PARM;GEOM_ID=MALYAAKVUW;ID=DVYTJHSTYNP;NAME=TE_Trim_Type;GROUP=Trim;VALUE=0 
 PARM;GEOM_ID=MALYAAKVUW;ID=CHPUFIOQBUU;NAME=TE_Trim_X;GROUP=Trim;VALUE=0 
 PARM;GEOM_ID=MALYAAKVUW;ID=XOAYRHLKGVJ;NAME=TE_Trim_X_Chord;GROUP=Trim;VALUE=0 
 PARM;GEOM_ID=MALYAAKVUW;ID=VQHMHOTVIWE;NAME=TE_Flap_DT;GROUP=Flap;VALUE=0 
 PARM;GEOM_ID=MALYAAKVUW;ID=HBRJNRFJPLV;NAME=TE_Flap_Deflection;GROUP=Flap;VALUE=0 
 PARM;GEOM_ID=MALYAAKVUW;ID=SZSFKOXUHIJ;NAME=TE_Flap_Flag;GROUP=Flap;VALUE=0 
 PARM;GEOM_ID=MALYAAKVUW;ID=NWXPPHSHTXH;NAME=TE_Flap_T;GROUP=Flap;VALUE=0.2 
 PARM;GEOM_ID=MALYAAKVUW;ID=EGEAKFCKYXJ;NAME=TE_Flap_Type;GROUP=Flap;VALUE=0 
 PARM;GEOM_ID=MALYAAKVUW;ID=FZLFXHDVEKW;NAME=TE_Flap_X;GROUP=Flap;VALUE=3.4969 
 PARM;GEOM_ID=MALYAAKVUW;ID=MAHKMJDFCTK;NAME=TE_Flap_X_Chord;GROUP=Flap;VALUE=0.557045 
 PARM;GEOM_ID=MALYAAKVUW;ID=OSCRDVJDSZZ;NAME=TE_Flap_Y_Frc;GROUP=Flap;VALUE=0.5 
 PARM;GEOM_ID=MALYAAKVUW;ID=JOLQETSWJOS;NAME=TE_Trim_AbsRel;GROUP=Flap;VALUE=1 
 PARM;GEOM_ID=MALYAAKVUW;ID=CBCVYJRWCOT;NAME=XSecFlipImageFlag;GROUP=XSecCurve_Background;VALUE=0 
 PARM;GEOM_ID=MALYAAKVUW;ID=XUUVOIFRAXY;NAME=XSecImageFlag;GROUP=XSecCurve_Background;VALUE=0 
 PARM;GEOM_ID=MALYAAKVUW;ID=BHQZFSNQZET;NAME=XSecImageH;GROUP=XSecCurve_Background;VALUE=1 
 PARM;GEOM_ID=MALYAAKVUW;ID=UFPRUGVLPWU;NAME=XSecImagePreserveAR;GROUP=XSecCurve_Background;VALUE=1 
 PARM;GEOM_ID=MALYAAKVUW;ID=YUOWGPTHQOJ;NAME=XSecImageW;GROUP=XSecCurve_Background;VALUE=1 
 PARM;GEOM_ID=MALYAAKVUW;ID=WFNQQDLCARI;NAME=XSecImageXOffset;GROUP=XSecCurve_Background;VALUE=0 
 PARM;GEOM_ID=MALYAAKVUW;ID=LVNATEHHINX;NAME=XSecImageYOffset;GROUP=XSecCurve_Background;VALUE=0 
 PARM;GEOM_ID=MALYAAKVUW;ID=RBFAVCBEKAB;NAME=XSecLockImageFlag;GROUP=XSecCurve_Background;VALUE=0 
 PARM;GEOM_ID=MALYAAKVUW;ID=BJSQNVUFJDA;NAME=AllSym;GROUP=Chevron;VALUE=1 
 PARM;GEOM_ID=MALYAAKVUW;ID=WIJWTFSTRTR;NAME=BottomAmplitude;GROUP=Chevron;VALUE=1 
 PARM;GEOM_ID=MALYAAKVUW;ID=RYCBCYCOHVT;NAME=Bottom_Angle;GROUP=Chevron;VALUE=0 
 PARM;GEOM_ID=MALYAAKVUW;ID=COWCCTKQQEL;NAME=Bottom_Slew;GROUP=Chevron;VALUE=0 
 PARM;GEOM_ID=MALYAAKVUW;ID=TRLLPYYOZVZ;NAME=Chevron_Type;GROUP=Chevron;VALUE=0 
 PARM;GEOM_ID=MALYAAKVUW;ID=MVYAHTVKNMV;NAME=LeftAmplitude;GROUP=Chevron;VALUE=1 
 PARM;GEOM_ID=MALYAAKVUW;ID=BOJAKZXPSXC;NAME=Left_Angle;GROUP=Chevron;VALUE=0 
 PARM;GEOM_ID=MALYAAKVUW;ID=WUCBDZQQAMQ;NAME=Left_Slew;GROUP=Chevron;VALUE=0 
 PARM;GEOM_ID=MALYAAKVUW;ID=ISMTSPFXHJZ;NAME=Number;GROUP=Chevron;VALUE=8 
 PARM;GEOM_ID=MALYAAKVUW;ID=FJEJOCATVAG;NAME=Off_Duty;GROUP=Chevron;VALUE=0 
 PARM;GEOM_ID=MALYAAKVUW;ID=RZQLFWCAHUB;NAME=On_Duty;GROUP=Chevron;VALUE=0 
 PARM;GEOM_ID=MALYAAKVUW;ID=EZVLXKXVHIQ;NAME=Peak_Radius;GROUP=Chevron;VALUE=0 
 PARM;GEOM_ID=MALYAAKVUW;ID=BMMRZRWLDSE;NAME=RLSym;GROUP=Chevron;VALUE=1 
 PARM;GEOM_ID=MALYAAKVUW;ID=EFDGPRBQLFG;NAME=RightAmplitude;GROUP=Chevron;VALUE=1 
 PARM;GEOM_ID=MALYAAKVUW;ID=HPPFEMJWPAH;NAME=Right_Angle;GROUP=Chevron;VALUE=0 
 PARM;GEOM_ID=MALYAAKVUW;ID=KVCUIOLJEJP;NAME=Right_Slew;GROUP=Chevron;VALUE=0 
 PARM;GEOM_ID=MALYAAKVUW;ID=UEQZCQKVYDW;NAME=TBSym;GROUP=Chevron;VALUE=1 
 PARM;GEOM_ID=MALYAAKVUW;ID=RSFXFBSBZAJ;NAME=TopAmplitude;GROUP=Chevron;VALUE=1 
 PARM;GEOM_ID=MALYAAKVUW;ID=THSPOYPWXAC;NAME=Top_Angle;GROUP=Chevron;VALUE=0 
 PARM;GEOM_ID=MALYAAKVUW;ID=YNWECTARGPT;NAME=Top_Slew;GROUP=Chevron;VALUE=0 
 PARM;GEOM_ID=MALYAAKVUW;ID=MXYFNGWQUSR;NAME=Valley_Radius;GROUP=Chevron;VALUE=0 
 PARM;GEOM_ID=MALYAAKVUW;ID=SMTDSLPBITK;NAME=W01_Center;GROUP=Chevron;VALUE=0.25 
 PARM;GEOM_ID=MALYAAKVUW;ID=MHTJCOVZXIO;NAME=W01_Center_Guide;GROUP=Chevron;VALUE=5 
 PARM;GEOM_ID=MALYAAKVUW;ID=QPPRLARGQIM;NAME=W01_End;GROUP=Chevron;VALUE=0.5 
 PARM;GEOM_ID=MALYAAKVUW;ID=WHTJNLBFHUA;NAME=W01_End_Guide;GROUP=Chevron;VALUE=5 
 PARM;GEOM_ID=MALYAAKVUW;ID=WYELFZXQTLR;NAME=W01_Mode;GROUP=Chevron;VALUE=0 
 PARM;GEOM_ID=MALYAAKVUW;ID=GUFENAFEYJD;NAME=W01_Start;GROUP=Chevron;VALUE=0 
 PARM;GEOM_ID=MALYAAKVUW;ID=GYFDRHWJXYA;NAME=W01_Start_Guide;GROUP=Chevron;VALUE=5 
 PARM;GEOM_ID=MALYAAKVUW;ID=ZVOLHHNXYMX;NAME=W01_Width;GROUP=Chevron;VALUE=0.5 
 WING_TERMINAL;GEOM_ID=MALYAAKVUW;XSEC_COUNT=3;TIP_ID=KXFTDQDXPXD;TIP=5.31767;ROOT_ID=YAYAQQJKGWH;ROOT=14.1824;SPAN_ID=AODOBOSPZIX;SPAN=12.3418 
 GEOM;ID=SKENFXYHVR;NAME=GO;TYPE=Wing;BMIN_X=44.0369;BMIN_Y=5.90164;BMIN_Z=-0.494456;BMAX_X=55.256;BMAX_Y=12.1734;BMAX_Z=0.408958;SET_1=false;SET_2=true 
 PARM;GEOM_ID=SKENFXYHVR;ID=REKUFZIGHLO;NAME=Abs_Or_Relitive_flag;GROUP=XForm;VALUE=1 
 PARM;GEOM_ID=SKENFXYHVR;ID=OHEKBIXSGJF;NAME=Last_Scale;GROUP=XForm;VALUE=1 
 PARM;GEOM_ID=SKENFXYHVR;ID=SNFNATNROII;NAME=Origin;GROUP=XForm;VALUE=0 
 PARM;GEOM_ID=SKENFXYHVR;ID=HIEFQPJKDML;NAME=Scale;GROUP=XForm;VALUE=1 
 PARM;GEOM_ID=SKENFXYHVR;ID=VJOLKXOGXER;NAME=X_Location;GROUP=XForm;VALUE=44.0369 
 PARM;GEOM_ID=SKENFXYHVR;ID=QJGSUZEPLXH;NAME=X_Rel_Location;GROUP=XForm;VALUE=44.0369 
 PARM;GEOM_ID=SKENFXYHVR;ID=JEOYYBYJFZQ;NAME=X_Rel_Rotation;GROUP=XForm;VALUE=0 
 PARM;GEOM_ID=SKENFXYHVR;ID=GNFMRSKNSSW;NAME=X_Rotation;GROUP=XForm;VALUE=0 
 PARM;GEOM_ID=SKENFXYHVR;ID=NJGFTIVFTWQ;NAME=Y_Location;GROUP=XForm;VALUE=5.90164 
 PARM;GEOM_ID=SKENFXYHVR;ID=JCXDFKUJXGU;NAME=Y_Rel_Location;GROUP=XForm;VALUE=5.90164 
 PARM;GEOM_ID=SKENFXYHVR;ID=KCNVHEXEMDU;NAME=Y_Rel_Rotation;GROUP=XForm;VALUE=0 
 PARM;GEOM_ID=SKENFXYHVR;ID=UIAZHGKHLHA;NAME=Y_Rotation;GROUP=XForm;VALUE=0 
 PARM;GEOM_ID=SKENFXYHVR;ID=LFDMADAZGNX;NAME=Z_Location;GROUP=XForm;VALUE=0.0819672 
 PARM;GEOM_ID=SKENFXYHVR;ID=SELQGZAXJIE;NAME=Z_Rel_Location;GROUP=XForm;VALUE=0.0819672 
 PARM;GEOM_ID=SKENFXYHVR;ID=GHKQUHXGJMB;NAME=Z_Rel_Rotation;GROUP=XForm;VALUE=0 
 PARM;GEOM_ID=SKENFXYHVR;ID=XICHKHZFFCV;NAME=Z_Rotation;GROUP=XForm;VALUE=0 
 PARM;GEOM_ID=SKENFXYHVR;ID=VVJMTTOQEOI;NAME=Sym_Ancestor;GROUP=Sym;VALUE=1 
 PARM;GEOM_ID=SKENFXYHVR;ID=PBFGPACPBVR;NAME=Sym_Ancestor_Origin_Flag;GROUP=Sym;VALUE=1 
 PARM;GEOM_ID=SKENFXYHVR;ID=DVMZNSJWTVZ;NAME=Sym_Axial_Flag;GROUP=Sym;VALUE=0 
 PARM;GEOM_ID=SKENFXYHVR;ID=IPUHIBCWKZG;NAME=Sym_Planar_Flag;GROUP=Sym;VALUE=2 
 PARM;GEOM_ID=SKENFXYHVR;ID=DUSVVWFMKZB;NAME=Sym_Rot_N;GROUP=Sym;VALUE=2 
 PARM;GEOM_ID=SKENFXYHVR;ID=LFILEECVESQ;NAME=Eta_Attach_Location;GROUP=Attach;VALUE=0 
 PARM;GEOM_ID=SKENFXYHVR;ID=HNNZSNHOJPT;NAME=L_01;GROUP=Attach;VALUE=1 
 PARM;GEOM_ID=SKENFXYHVR;ID=HWMXTWHRYBS;NAME=L_Attach_Location;GROUP=Attach;VALUE=0 
 PARM;GEOM_ID=SKENFXYHVR;ID=NYOVUZROKMA;NAME=L_Attach_Location0Len;GROUP=Attach;VALUE=0 
 PARM;GEOM_ID=SKENFXYHVR;ID=LQKQGTXJFLI;NAME=M_Attach_Location;GROUP=Attach;VALUE=0.5 
 PARM;GEOM_ID=SKENFXYHVR;ID=BFPCGOIGJVE;NAME=N_Attach_Location;GROUP=Attach;VALUE=0.5 
 PARM;GEOM_ID=SKENFXYHVR;ID=ADFWTMMVEZD;NAME=R_01;GROUP=Attach;VALUE=1 
 PARM;GEOM_ID=SKENFXYHVR;ID=RICKRCSSGBQ;NAME=R_Attach_Location;GROUP=Attach;VALUE=0 
 PARM;GEOM_ID=SKENFXYHVR;ID=QNNDFQRUCJA;NAME=R_Attach_Location0N;GROUP=Attach;VALUE=0 
 PARM;GEOM_ID=SKENFXYHVR;ID=CCEZVXDHUMX;NAME=Rots_Attach_Flag;GROUP=Attach;VALUE=0 
 PARM;GEOM_ID=SKENFXYHVR;ID=SFHRGBVVQKU;NAME=S_Attach_Location;GROUP=Attach;VALUE=0.5 
 PARM;GEOM_ID=SKENFXYHVR;ID=UQJAUWIJSQC;NAME=T_Attach_Location;GROUP=Attach;VALUE=0.5 
 PARM;GEOM_ID=SKENFXYHVR;ID=WVNDYUSFGKQ;NAME=Trans_Attach_Flag;GROUP=Attach;VALUE=0 
 PARM;GEOM_ID=SKENFXYHVR;ID=PUZVSAHIYWT;NAME=U_01;GROUP=Attach;VALUE=1 
 PARM;GEOM_ID=SKENFXYHVR;ID=XLXGENCTPOC;NAME=U_Attach_Location;GROUP=Attach;VALUE=0 
 PARM;GEOM_ID=SKENFXYHVR;ID=VMEOXUYKMMK;NAME=U_Attach_Location0N;GROUP=Attach;VALUE=0 
 PARM;GEOM_ID=SKENFXYHVR;ID=CIUBFVTTSRV;NAME=V_Attach_Location;GROUP=Attach;VALUE=0 
 PARM;GEOM_ID=SKENFXYHVR;ID=QYEIHWNTRXW;NAME=Tess_U;GROUP=Shape;VALUE=16 
 PARM;GEOM_ID=SKENFXYHVR;ID=ERBETLHLMEB;NAME=Tess_W;GROUP=Shape;VALUE=49 
 PARM;GEOM_ID=SKENFXYHVR;ID=BKRIPRQEIER;NAME=Wake;GROUP=Shape;VALUE=0 
 PARM;GEOM_ID=SKENFXYHVR;ID=XFOHISPJODA;NAME=Negative_Volume_Flag;GROUP=Negative_Volume_Props;VALUE=0 
 PARM;GEOM_ID=SKENFXYHVR;ID=IYEIZSNVYBU;NAME=WakeAngle;GROUP=WakeSettings;VALUE=0 
 PARM;GEOM_ID=SKENFXYHVR;ID=ABRNYWWCGIC;NAME=WakeScale;GROUP=WakeSettings;VALUE=2 
 PARM;GEOM_ID=SKENFXYHVR;ID=VDHKAEDUTGR;NAME=CGx;GROUP=Mass_Props;VALUE=0 
 PARM;GEOM_ID=SKENFXYHVR;ID=ESKQOLZSGMZ;NAME=CGy;GROUP=Mass_Props;VALUE=0 
 PARM;GEOM_ID=SKENFXYHVR;ID=CTVXWXSGRFY;NAME=CGz;GROUP=Mass_Props;VALUE=0 
 PARM;GEOM_ID=SKENFXYHVR;ID=ZPSARXPJBMT;NAME=Density;GROUP=Mass_Props;VALUE=1 
 PARM;GEOM_ID=SKENFXYHVR;ID=GSORPOIDVVP;NAME=Ixx;GROUP=Mass_Props;VALUE=0 
 PARM;GEOM_ID=SKENFXYHVR;ID=GRTKCYEKQGO;NAME=Ixy;GROUP=Mass_Props;VALUE=0 
 PARM;GEOM_ID=SKENFXYHVR;ID=DOPWYBXBQWV;NAME=Ixz;GROUP=Mass_Props;VALUE=0 
 PARM;GEOM_ID=SKENFXYHVR;ID=RQPXJDMRYCG;NAME=Iyy;GROUP=Mass_Props;VALUE=0 
 PARM;GEOM_ID=SKENFXYHVR;ID=VGDUWRWTAEP;NAME=Iyz;GROUP=Mass_Props;VALUE=0 
 PARM;GEOM_ID=SKENFXYHVR;ID=GASONAHDXZX;NAME=Izz;GROUP=Mass_Props;VALUE=0 
 PARM;GEOM_ID=SKENFXYHVR;ID=HAZSCSSPTIS;NAME=Mass_Area;GROUP=Mass_Props;VALUE=1 
 PARM;GEOM_ID=SKENFXYHVR;ID=EZQPCWDDQLV;NAME=Mass_Prior;GROUP=Mass_Props;VALUE=0 
 PARM;GEOM_ID=SKENFXYHVR;ID=WOELATLGHLB;NAME=PointMass;GROUP=Mass_Props;VALUE=0 
 PARM;GEOM_ID=SKENFXYHVR;ID=DYIZMFPOXCG;NAME=Shell_Flag;GROUP=Mass_Props;VALUE=0 
 PARM;GEOM_ID=SKENFXYHVR;ID=QOKFYKZJVPH;NAME=CorrectAirfoilthicknessFlag;GROUP=WingGeom;VALUE=1 
 PARM;GEOM_ID=SKENFXYHVR;ID=BQSZYNVUWWW;NAME=CurvedArea;GROUP=WingGeom;VALUE=75.4491 
 PARM;GEOM_ID=SKENFXYHVR;ID=NCAKNLZRNCW;NAME=LECluster;GROUP=WingGeom;VALUE=0.25 
 PARM;GEOM_ID=SKENFXYHVR;ID=BYMYFUFTHIS;NAME=MAC;GROUP=WingGeom;VALUE=6.26867 
 PARM;GEOM_ID=SKENFXYHVR;ID=LLYIVQEGSIE;NAME=MaxGrowth;GROUP=WingGeom;VALUE=1.27852 
 PARM;GEOM_ID=SKENFXYHVR;ID=AGPHTJNLXEB;NAME=RelativeDihedralFlag;GROUP=WingGeom;VALUE=0 
 PARM;GEOM_ID=SKENFXYHVR;ID=PRQBAQMCVDL;NAME=RelativeTwistFlag;GROUP=WingGeom;VALUE=0 
 PARM;GEOM_ID=SKENFXYHVR;ID=UTVNJFAEMOX;NAME=RotateAirfoilMatchDideralFlag;GROUP=WingGeom;VALUE=1 
 PARM;GEOM_ID=SKENFXYHVR;ID=UWXQDCXAXZD;NAME=SmallPanelW;GROUP=WingGeom;VALUE=0.0202859 
 PARM;GEOM_ID=SKENFXYHVR;ID=ELYUVFGGITH;NAME=TECluster;GROUP=WingGeom;VALUE=0.25 
 PARM;GEOM_ID=SKENFXYHVR;ID=XGZPDJKNWDB;NAME=TotalAR;GROUP=WingGeom;VALUE=2.07753 
 PARM;GEOM_ID=SKENFXYHVR;ID=LKTSDOCJEQK;NAME=TotalArea;GROUP=WingGeom;VALUE=75.4491 
 PARM;GEOM_ID=SKENFXYHVR;ID=SYVBYDWBKJY;NAME=TotalChord;GROUP=WingGeom;VALUE=6.01509 
 PARM;GEOM_ID=SKENFXYHVR;ID=XXMDPEVXMEW;NAME=TotalProjectedSpan;GROUP=WingGeom;VALUE=12.5199 
 PARM;GEOM_ID=SKENFXYHVR;ID=SNAEQYFLXZP;NAME=TotalSpan;GROUP=WingGeom;VALUE=12.5433 
 PARM;GEOM_ID=SKENFXYHVR;ID=BEJFOCGPRCU;NAME=TwistAllInXZPlaneFlag;GROUP=WingGeom;VALUE=0 
 PARM;GEOM_ID=SKENFXYHVR;ID=USHECEZNLRA;NAME=X_Len;GROUP=BBox;VALUE=11.2191 
 PARM;GEOM_ID=SKENFXYHVR;ID=JHCVGHILEGH;NAME=X_Min;GROUP=BBox;VALUE=44.0369 
 PARM;GEOM_ID=SKENFXYHVR;ID=EFYSGYAWBDT;NAME=Y_Len;GROUP=BBox;VALUE=24.3469 
 PARM;GEOM_ID=SKENFXYHVR;ID=KNOACNGXMTI;NAME=Y_Min;GROUP=BBox;VALUE=-12.1734 
 PARM;GEOM_ID=SKENFXYHVR;ID=UFHJPMDNZFO;NAME=Z_Len;GROUP=BBox;VALUE=0.903414 
 PARM;GEOM_ID=SKENFXYHVR;ID=TUKKBHQEZPZ;NAME=Z_Min;GROUP=BBox;VALUE=-0.494456 
 PARM;GEOM_ID=SKENFXYHVR;ID=CFYJMKGPRLY;NAME=CapUMaxLength;GROUP=EndCap;VALUE=1 
 PARM;GEOM_ID=SKENFXYHVR;ID=ETZUVGRKXHK;NAME=CapUMaxOffset;GROUP=EndCap;VALUE=0 
 PARM;GEOM_ID=SKENFXYHVR;ID=VBRNKPXJCNN;NAME=CapUMaxOption;GROUP=EndCap;VALUE=1 
 PARM;GEOM_ID=SKENFXYHVR;ID=WKMSQRACAQU;NAME=CapUMaxStrength;GROUP=EndCap;VALUE=0.5 
 PARM;GEOM_ID=SKENFXYHVR;ID=HLANODZJSLO;NAME=CapUMaxSweepFlag;GROUP=EndCap;VALUE=0 
 PARM;GEOM_ID=SKENFXYHVR;ID=BPTTWYTFLOK;NAME=CapUMinLength;GROUP=EndCap;VALUE=1 
 PARM;GEOM_ID=SKENFXYHVR;ID=NSORDGDEECU;NAME=CapUMinOffset;GROUP=EndCap;VALUE=0 
 PARM;GEOM_ID=SKENFXYHVR;ID=KODULMCKALV;NAME=CapUMinOption;GROUP=EndCap;VALUE=1 
 PARM;GEOM_ID=SKENFXYHVR;ID=NNULNWZPKJN;NAME=CapUMinStrength;GROUP=EndCap;VALUE=0.5 
 PARM;GEOM_ID=SKENFXYHVR;ID=UXXJWRBXGRS;NAME=CapUMinSweepFlag;GROUP=EndCap;VALUE=0 
 PARM;GEOM_ID=SKENFXYHVR;ID=YDGQZUHTFMB;NAME=CapUMinTess;GROUP=EndCap;VALUE=3 
 PARM;GEOM_ID=SKENFXYHVR;ID=SAEDJVQBTDV;NAME=ExpandedList;GROUP=ParasiteDragProps;VALUE=0 
 PARM;GEOM_ID=SKENFXYHVR;ID=BJYGOJAWHCV;NAME=FFBodyEqnType;GROUP=ParasiteDragProps;VALUE=3 
 PARM;GEOM_ID=SKENFXYHVR;ID=BXMHRLRKQIW;NAME=FFUser;GROUP=ParasiteDragProps;VALUE=1 
 PARM;GEOM_ID=SKENFXYHVR;ID=DAASNVYDUBV;NAME=FFWingEqnType;GROUP=ParasiteDragProps;VALUE=3 
 PARM;GEOM_ID=SKENFXYHVR;ID=QOFTCNKUETA;NAME=IncorporatedGen;GROUP=ParasiteDragProps;VALUE=0 
 PARM;GEOM_ID=SKENFXYHVR;ID=WLWOIQUVQDP;NAME=PercLam;GROUP=ParasiteDragProps;VALUE=0 
 PARM;GEOM_ID=SKENFXYHVR;ID=QHJVLOJWPLU;NAME=Q;GROUP=ParasiteDragProps;VALUE=1 
 PARM;GEOM_ID=SKENFXYHVR;ID=BVYEUKEOPGD;NAME=Roughness;GROUP=ParasiteDragProps;VALUE=0 
 PARM;GEOM_ID=SKENFXYHVR;ID=QCGPCVFEGYQ;NAME=TawTwRatio;GROUP=ParasiteDragProps;VALUE=1 
 PARM;GEOM_ID=SKENFXYHVR;ID=AUTBCBFIOUC;NAME=TeTwRatio;GROUP=ParasiteDragProps;VALUE=1 
 PARM;GEOM_ID=SKENFXYHVR;ID=GUIBSKMWOCS;NAME=ActiveAirfoil;GROUP=Index;VALUE=1 
 PARM;GEOM_ID=SKENFXYHVR;ID=RXPXXNWEFZV;NAME=ActiveXSec;GROUP=Index;VALUE=0 
 PARM;GEOM_ID=SKENFXYHVR;ID=SJONTVEVVXT;NAME=Area;GROUP=XSec;VALUE=4.57712 
 PARM;GEOM_ID=SKENFXYHVR;ID=AGPWXBDWJAG;NAME=Aspect;GROUP=XSec;VALUE=0.218478 
 PARM;GEOM_ID=SKENFXYHVR;ID=XRNFNJDQWAJ;NAME=Avg_Chord;GROUP=XSec;VALUE=4.57712 
 PARM;GEOM_ID=SKENFXYHVR;ID=TJLNZOCYJFO;NAME=Dihedral;GROUP=XSec;VALUE=0 
 PARM;GEOM_ID=SKENFXYHVR;ID=SCILVNMGZOS;NAME=InCluster;GROUP=XSec;VALUE=1 
 PARM;GEOM_ID=SKENFXYHVR;ID=QMKDBFUFXGF;NAME=InLEDihedral;GROUP=XSec;VALUE=3.5 
 PARM;GEOM_ID=SKENFXYHVR;ID=TGZPJTSTZEX;NAME=InLEMode;GROUP=XSec;VALUE=0 
 PARM;GEOM_ID=SKENFXYHVR;ID=YHTFODVIXOI;NAME=InLEStrength;GROUP=XSec;VALUE=1 
 PARM;GEOM_ID=SKENFXYHVR;ID=UBAQJAPAOMK;NAME=InLESweep;GROUP=XSec;VALUE=49.5 
 PARM;GEOM_ID=SKENFXYHVR;ID=YURWZQYXGPQ;NAME=InTEDihedral;GROUP=XSec;VALUE=3.5 
 PARM;GEOM_ID=SKENFXYHVR;ID=PKBGSBOCNDX;NAME=InTEMode;GROUP=XSec;VALUE=0 
 PARM;GEOM_ID=SKENFXYHVR;ID=TOUHZZFRKJJ;NAME=InTEStrength;GROUP=XSec;VALUE=1 
 PARM;GEOM_ID=SKENFXYHVR;ID=BEWGPUMPGMV;NAME=InTESweep;GROUP=XSec;VALUE=26.0441 
 PARM;GEOM_ID=SKENFXYHVR;ID=CQQTSYLWJGQ;NAME=OutCluster;GROUP=XSec;VALUE=1 
 PARM;GEOM_ID=SKENFXYHVR;ID=NHYGKQPQVME;NAME=OutLEDihedral;GROUP=XSec;VALUE=-3.5 
 PARM;GEOM_ID=SKENFXYHVR;ID=VVHZCRTYTUQ;NAME=OutLEMode;GROUP=XSec;VALUE=0 
 PARM;GEOM_ID=SKENFXYHVR;ID=ZMROUIYBYBL;NAME=OutLEStrength;GROUP=XSec;VALUE=1 
 PARM;GEOM_ID=SKENFXYHVR;ID=BAJHIEPPEUM;NAME=OutLESweep;GROUP=XSec;VALUE=49.5 
 PARM;GEOM_ID=SKENFXYHVR;ID=EREZXFIQFWB;NAME=OutTEDihedral;GROUP=XSec;VALUE=-3.5 
 PARM;GEOM_ID=SKENFXYHVR;ID=XEZZMRWPQXA;NAME=OutTEMode;GROUP=XSec;VALUE=0 
 PARM;GEOM_ID=SKENFXYHVR;ID=DYTYDRWXRFP;NAME=OutTEStrength;GROUP=XSec;VALUE=1 
 PARM;GEOM_ID=SKENFXYHVR;ID=YLKRHEAHUYE;NAME=OutTESweep;GROUP=XSec;VALUE=26.0441 
 PARM;GEOM_ID=SKENFXYHVR;ID=HOAJVKOTEXA;NAME=ProjectedSpan;GROUP=XSec;VALUE=0 
 PARM;GEOM_ID=SKENFXYHVR;ID=PZJVLPSSTXH;NAME=Root_Chord;GROUP=XSec;VALUE=1 
 PARM;GEOM_ID=SKENFXYHVR;ID=KTOTPAWIMRF;NAME=RotateMatchDideralFlag;GROUP=XSec;VALUE=0 
 PARM;GEOM_ID=SKENFXYHVR;ID=TXATAPWVXSH;NAME=Sec_Sweep;GROUP=XSec;VALUE=82.0429 
 PARM;GEOM_ID=SKENFXYHVR;ID=OZXUOLZBIMZ;NAME=Sec_Sweep_Location;GROUP=XSec;VALUE=1 
 PARM;GEOM_ID=SKENFXYHVR;ID=XNWMMHJZTKQ;NAME=SectTess_U;GROUP=XSec;VALUE=10 
 PARM;GEOM_ID=SKENFXYHVR;ID=BGFAXUPKMOU;NAME=Span;GROUP=XSec;VALUE=1 
 PARM;GEOM_ID=SKENFXYHVR;ID=NOOOXPQUMRM;NAME=Sweep;GROUP=XSec;VALUE=0 
 PARM;GEOM_ID=SKENFXYHVR;ID=SLAFQYZGZUJ;NAME=Sweep_Location;GROUP=XSec;VALUE=0 
 PARM;GEOM_ID=SKENFXYHVR;ID=PWPHVZXRVQD;NAME=Taper;GROUP=XSec;VALUE=8.15424 
 PARM;GEOM_ID=SKENFXYHVR;ID=ZMGLUSGTBZV;NAME=Tip_Chord;GROUP=XSec;VALUE=8.15424 
 PARM;GEOM_ID=SKENFXYHVR;ID=SYSWOLGVRTU;NAME=Twist;GROUP=XSec;VALUE=0 
 PARM;GEOM_ID=SKENFXYHVR;ID=SOBMODKCYAF;NAME=TwistInXZPlaneFlag;GROUP=XSec;VALUE=0 
 PARM;GEOM_ID=SKENFXYHVR;ID=OBUZPDBKURB;NAME=Twist_Location;GROUP=XSec;VALUE=0.25 
 PARM;GEOM_ID=SKENFXYHVR;ID=WVWGPENCJJB;NAME=Area;GROUP=XSecCurve;VALUE=3.61106 
 PARM;GEOM_ID=SKENFXYHVR;ID=BECRTJISMGP;NAME=Camber;GROUP=XSecCurve;VALUE=0 
 PARM;GEOM_ID=SKENFXYHVR;ID=ZQGPIMUNADN;NAME=CamberInputFlag;GROUP=XSecCurve;VALUE=0 
 PARM;GEOM_ID=SKENFXYHVR;ID=RGYUXFIDXYZ;NAME=CamberLoc;GROUP=XSecCurve;VALUE=0.2 
 PARM;GEOM_ID=SKENFXYHVR;ID=ROWJQLHMQKI;NAME=Chord;GROUP=XSecCurve;VALUE=8.15424 
 PARM;GEOM_ID=SKENFXYHVR;ID=WJGKLQXLODA;NAME=DeltaX;GROUP=XSecCurve;VALUE=0 
 PARM;GEOM_ID=SKENFXYHVR;ID=UJMMUUEKBVF;NAME=DeltaY;GROUP=XSecCurve;VALUE=0 
 PARM;GEOM_ID=SKENFXYHVR;ID=QGWRHCZGVCU;NAME=FitDegree;GROUP=XSecCurve;VALUE=7 
 PARM;GEOM_ID=SKENFXYHVR;ID=LYMRMEBXZKG;NAME=HWRatio;GROUP=XSecCurve;VALUE=0.08 
 PARM;GEOM_ID=SKENFXYHVR;ID=HIGLCYSAUCF;NAME=IdealCl;GROUP=XSecCurve;VALUE=0 
 PARM;GEOM_ID=SKENFXYHVR;ID=FRLSIAUQEHR;NAME=Invert;GROUP=XSecCurve;VALUE=0 
 PARM;GEOM_ID=SKENFXYHVR;ID=DBHGQDOEQDJ;NAME=Scale;GROUP=XSecCurve;VALUE=1 
 PARM;GEOM_ID=SKENFXYHVR;ID=FBXILBHSLNR;NAME=SharpTEFlag;GROUP=XSecCurve;VALUE=1 
 PARM;GEOM_ID=SKENFXYHVR;ID=COATZANWQRO;NAME=ShiftLE;GROUP=XSecCurve;VALUE=0 
 PARM;GEOM_ID=SKENFXYHVR;ID=MYALUPWZVVR;NAME=Theta;GROUP=XSecCurve;VALUE=0 
 PARM;GEOM_ID=SKENFXYHVR;ID=PJBMKLMHPPM;NAME=ThickChord;GROUP=XSecCurve;VALUE=0.08 
 PARM;GEOM_ID=SKENFXYHVR;ID=KDNJOXMDVYE;NAME=LE_Cap_Length;GROUP=Cap;VALUE=1 
 PARM;GEOM_ID=SKENFXYHVR;ID=AVBSTUXQMAF;NAME=LE_Cap_Offset;GROUP=Cap;VALUE=0 
 PARM;GEOM_ID=SKENFXYHVR;ID=QGOMGIMTFML;NAME=LE_Cap_Strength;GROUP=Cap;VALUE=0.5 
 PARM;GEOM_ID=SKENFXYHVR;ID=CNNXVZNDYLM;NAME=LE_Cap_Type;GROUP=Cap;VALUE=1 
 PARM;GEOM_ID=SKENFXYHVR;ID=GQVSISFYPVK;NAME=TE_Cap_Length;GROUP=Cap;VALUE=1 
 PARM;GEOM_ID=SKENFXYHVR;ID=LIAXQXGJLKG;NAME=TE_Cap_Offset;GROUP=Cap;VALUE=0 
 PARM;GEOM_ID=SKENFXYHVR;ID=XLECSPZSNGH;NAME=TE_Cap_Strength;GROUP=Cap;VALUE=0.5 
 PARM;GEOM_ID=SKENFXYHVR;ID=QVIVUQDTFSB;NAME=TE_Cap_Type;GROUP=Cap;VALUE=1 
 PARM;GEOM_ID=SKENFXYHVR;ID=WOMNJVKLZDK;NAME=LE_Close_AbsRel;GROUP=Close;VALUE=0 
 PARM;GEOM_ID=SKENFXYHVR;ID=KYHNJENLXNK;NAME=LE_Close_Thick;GROUP=Close;VALUE=0 
 PARM;GEOM_ID=SKENFXYHVR;ID=LZLSPFRLQME;NAME=LE_Close_Thick_Chord;GROUP=Close;VALUE=0 
 PARM;GEOM_ID=SKENFXYHVR;ID=PCOPXPPLORQ;NAME=LE_Close_Type;GROUP=Close;VALUE=0 
 PARM;GEOM_ID=SKENFXYHVR;ID=YWQOBTNXQDD;NAME=TE_Close_AbsRel;GROUP=Close;VALUE=0 
 PARM;GEOM_ID=SKENFXYHVR;ID=JLOAJNCQXWK;NAME=TE_Close_Thick;GROUP=Close;VALUE=0 
 PARM;GEOM_ID=SKENFXYHVR;ID=ZIIWRLWHFTD;NAME=TE_Close_Thick_Chord;GROUP=Close;VALUE=0 
 PARM;GEOM_ID=SKENFXYHVR;ID=NJYOBCUWMVV;NAME=TE_Close_Type;GROUP=Close;VALUE=0 
 PARM;GEOM_ID=SKENFXYHVR;ID=YCQEEFDTVTE;NAME=LE_Trim_AbsRel;GROUP=Trim;VALUE=0 
 PARM;GEOM_ID=SKENFXYHVR;ID=OGTRBIDQXCM;NAME=LE_Trim_Thick;GROUP=Trim;VALUE=0 
 PARM;GEOM_ID=SKENFXYHVR;ID=LXTABCHAPFD;NAME=LE_Trim_Thick_Chord;GROUP=Trim;VALUE=0 
 PARM;GEOM_ID=SKENFXYHVR;ID=JBVLDKOKQTW;NAME=LE_Trim_Type;GROUP=Trim;VALUE=0 
 PARM;GEOM_ID=SKENFXYHVR;ID=OSBLSCWEJCE;NAME=LE_Trim_X;GROUP=Trim;VALUE=0 
 PARM;GEOM_ID=SKENFXYHVR;ID=UWVEPKYCFDG;NAME=LE_Trim_X_Chord;GROUP=Trim;VALUE=0 
 PARM;GEOM_ID=SKENFXYHVR;ID=PNPEBNAQVOZ;NAME=TE_Trim_AbsRel;GROUP=Trim;VALUE=0 
 PARM;GEOM_ID=SKENFXYHVR;ID=OMEDOKLPECC;NAME=TE_Trim_Thick;GROUP=Trim;VALUE=0 
 PARM;GEOM_ID=SKENFXYHVR;ID=SOJUEBBDKZF;NAME=TE_Trim_Thick_Chord;GROUP=Trim;VALUE=0 
 PARM;GEOM_ID=SKENFXYHVR;ID=MVQBQWIVQMW;NAME=TE_Trim_Type;GROUP=Trim;VALUE=0 
 PARM;GEOM_ID=SKENFXYHVR;ID=QZTYDPGBHBF;NAME=TE_Trim_X;GROUP=Trim;VALUE=0 
 PARM;GEOM_ID=SKENFXYHVR;ID=REAGTTFXBQO;NAME=TE_Trim_X_Chord;GROUP=Trim;VALUE=0 
 PARM;GEOM_ID=SKENFXYHVR;ID=MBXXULJYEWK;NAME=TE_Flap_DT;GROUP=Flap;VALUE=0 
 PARM;GEOM_ID=SKENFXYHVR;ID=OCEAYZKNWDU;NAME=TE_Flap_Deflection;GROUP=Flap;VALUE=0 
 PARM;GEOM_ID=SKENFXYHVR;ID=FGVALUKVLIH;NAME=TE_Flap_Flag;GROUP=Flap;VALUE=0 
 PARM;GEOM_ID=SKENFXYHVR;ID=JCVZYUJMSCW;NAME=TE_Flap_T;GROUP=Flap;VALUE=0.2 
 PARM;GEOM_ID=SKENFXYHVR;ID=ELOMLXNFFRR;NAME=TE_Flap_Type;GROUP=Flap;VALUE=0 
 PARM;GEOM_ID=SKENFXYHVR;ID=MDRIMNRFKTF;NAME=TE_Flap_X;GROUP=Flap;VALUE=0 
 PARM;GEOM_ID=SKENFXYHVR;ID=IBAOWLAFSLZ;NAME=TE_Flap_X_Chord;GROUP=Flap;VALUE=0.2 
 PARM;GEOM_ID=SKENFXYHVR;ID=FEZBKAECIUD;NAME=TE_Flap_Y_Frc;GROUP=Flap;VALUE=0.5 
 PARM;GEOM_ID=SKENFXYHVR;ID=LIKVKOKGXFB;NAME=TE_Trim_AbsRel;GROUP=Flap;VALUE=1 
 PARM;GEOM_ID=SKENFXYHVR;ID=LPBHCDSZVSA;NAME=XSecFlipImageFlag;GROUP=XSecCurve_Background;VALUE=0 
 PARM;GEOM_ID=SKENFXYHVR;ID=PSZBJGDBSNJ;NAME=XSecImageFlag;GROUP=XSecCurve_Background;VALUE=0 
 PARM;GEOM_ID=SKENFXYHVR;ID=MIVXYCAAFVC;NAME=XSecImageH;GROUP=XSecCurve_Background;VALUE=1 
 PARM;GEOM_ID=SKENFXYHVR;ID=JXKOVUZLDQO;NAME=XSecImagePreserveAR;GROUP=XSecCurve_Background;VALUE=1 
 PARM;GEOM_ID=SKENFXYHVR;ID=SQARRPPUXND;NAME=XSecImageW;GROUP=XSecCurve_Background;VALUE=1 
 PARM;GEOM_ID=SKENFXYHVR;ID=TXQIFSFIDXP;NAME=XSecImageXOffset;GROUP=XSecCurve_Background;VALUE=0 
 PARM;GEOM_ID=SKENFXYHVR;ID=FANAWELFJAX;NAME=XSecImageYOffset;GROUP=XSecCurve_Background;VALUE=0 
 PARM;GEOM_ID=SKENFXYHVR;ID=HFCGRUEIDEM;NAME=XSecLockImageFlag;GROUP=XSecCurve_Background;VALUE=0 
 PARM;GEOM_ID=SKENFXYHVR;ID=GFOEKWDXPDC;NAME=AllSym;GROUP=Chevron;VALUE=1 
 PARM;GEOM_ID=SKENFXYHVR;ID=VGNODRMWBGI;NAME=BottomAmplitude;GROUP=Chevron;VALUE=1 
 PARM;GEOM_ID=SKENFXYHVR;ID=BQMVKGJCBBO;NAME=Bottom_Angle;GROUP=Chevron;VALUE=0 
 PARM;GEOM_ID=SKENFXYHVR;ID=TXHYJXAMBKW;NAME=Bottom_Slew;GROUP=Chevron;VALUE=0 
 PARM;GEOM_ID=SKENFXYHVR;ID=KRCNKKIZPIW;NAME=Chevron_Type;GROUP=Chevron;VALUE=0 
 PARM;GEOM_ID=SKENFXYHVR;ID=LHIYNSPADZJ;NAME=LeftAmplitude;GROUP=Chevron;VALUE=1 
 PARM;GEOM_ID=SKENFXYHVR;ID=VKDNZKPTRML;NAME=Left_Angle;GROUP=Chevron;VALUE=0 
 PARM;GEOM_ID=SKENFXYHVR;ID=UVQHZTIEUVT;NAME=Left_Slew;GROUP=Chevron;VALUE=0 
 PARM;GEOM_ID=SKENFXYHVR;ID=SAVXJAQIFMT;NAME=Number;GROUP=Chevron;VALUE=8 
 PARM;GEOM_ID=SKENFXYHVR;ID=ZTXAJJCPLMP;NAME=Off_Duty;GROUP=Chevron;VALUE=0 
 PARM;GEOM_ID=SKENFXYHVR;ID=GXGMMYIJKBJ;NAME=On_Duty;GROUP=Chevron;VALUE=0 
 PARM;GEOM_ID=SKENFXYHVR;ID=VRIVHOFOBKD;NAME=Peak_Radius;GROUP=Chevron;VALUE=0 
 PARM;GEOM_ID=SKENFXYHVR;ID=KWMWDJMBQXI;NAME=RLSym;GROUP=Chevron;VALUE=1 
 PARM;GEOM_ID=SKENFXYHVR;ID=DCJXABSCRAE;NAME=RightAmplitude;GROUP=Chevron;VALUE=1 
 PARM;GEOM_ID=SKENFXYHVR;ID=QTZZUTOEQWG;NAME=Right_Angle;GROUP=Chevron;VALUE=0 
 PARM;GEOM_ID=SKENFXYHVR;ID=PZFLVUBKGDP;NAME=Right_Slew;GROUP=Chevron;VALUE=0 
 PARM;GEOM_ID=SKENFXYHVR;ID=BZYOGSKDRHJ;NAME=TBSym;GROUP=Chevron;VALUE=1 
 PARM;GEOM_ID=SKENFXYHVR;ID=NCVJVVDPKDL;NAME=TopAmplitude;GROUP=Chevron;VALUE=1 
 PARM;GEOM_ID=SKENFXYHVR;ID=HGRPESJVXZL;NAME=Top_Angle;GROUP=Chevron;VALUE=0 
 PARM;GEOM_ID=SKENFXYHVR;ID=OSKXMEKGZDZ;NAME=Top_Slew;GROUP=Chevron;VALUE=0 
 PARM;GEOM_ID=SKENFXYHVR;ID=FCVSMKMCYSP;NAME=Valley_Radius;GROUP=Chevron;VALUE=0 
 PARM;GEOM_ID=SKENFXYHVR;ID=MWLLTJTKJTW;NAME=W01_Center;GROUP=Chevron;VALUE=0.25 
 PARM;GEOM_ID=SKENFXYHVR;ID=TYXETMAVUGY;NAME=W01_Center_Guide;GROUP=Chevron;VALUE=5 
 PARM;GEOM_ID=SKENFXYHVR;ID=REIQYUWWPFQ;NAME=W01_End;GROUP=Chevron;VALUE=0.5 
 PARM;GEOM_ID=SKENFXYHVR;ID=QPANIOZLWXH;NAME=W01_End_Guide;GROUP=Chevron;VALUE=5 
 PARM;GEOM_ID=SKENFXYHVR;ID=HKPPRGZFLMX;NAME=W01_Mode;GROUP=Chevron;VALUE=0 
 PARM;GEOM_ID=SKENFXYHVR;ID=FTWGSZTLFMZ;NAME=W01_Start;GROUP=Chevron;VALUE=0 
 PARM;GEOM_ID=SKENFXYHVR;ID=GKCWMTRZSJE;NAME=W01_Start_Guide;GROUP=Chevron;VALUE=5 
 PARM;GEOM_ID=SKENFXYHVR;ID=LTOCPNWMNUK;NAME=W01_Width;GROUP=Chevron;VALUE=0.5 
 PARM;GEOM_ID=SKENFXYHVR;ID=YKZFVJRKVXE;NAME=Area;GROUP=XSec;VALUE=37.7246 
 PARM;GEOM_ID=SKENFXYHVR;ID=YTUCZICSVPM;NAME=Aspect;GROUP=XSec;VALUE=1.04265 
 PARM;GEOM_ID=SKENFXYHVR;ID=IFJQDNKLTFQ;NAME=Avg_Chord;GROUP=XSec;VALUE=6.01509 
 PARM;GEOM_ID=SKENFXYHVR;ID=FRLZPVPGXEJ;NAME=Dihedral;GROUP=XSec;VALUE=-3.5 
 PARM;GEOM_ID=SKENFXYHVR;ID=DXRXBJJKVXM;NAME=InCluster;GROUP=XSec;VALUE=1 
 PARM;GEOM_ID=SKENFXYHVR;ID=OOYYDABYXPZ;NAME=InLEDihedral;GROUP=XSec;VALUE=1.09486e-14 
 PARM;GEOM_ID=SKENFXYHVR;ID=LUZHGDBCLVO;NAME=InLEMode;GROUP=XSec;VALUE=0 
 PARM;GEOM_ID=SKENFXYHVR;ID=TBMRMVDKLNO;NAME=InLEStrength;GROUP=XSec;VALUE=1 
 PARM;GEOM_ID=SKENFXYHVR;ID=KCBODLSZQDX;NAME=InLESweep;GROUP=XSec;VALUE=49.5 
 PARM;GEOM_ID=SKENFXYHVR;ID=USKHWMWCIGK;NAME=InTEDihedral;GROUP=XSec;VALUE=-7.73705e-15 
 PARM;GEOM_ID=SKENFXYHVR;ID=FDNKULIWCWM;NAME=InTEMode;GROUP=XSec;VALUE=0 
 PARM;GEOM_ID=SKENFXYHVR;ID=TACNZNNYJEW;NAME=InTEStrength;GROUP=XSec;VALUE=1 
 PARM;GEOM_ID=SKENFXYHVR;ID=BZBUMXEWOYJ;NAME=InTESweep;GROUP=XSec;VALUE=26.0441 
 PARM;GEOM_ID=SKENFXYHVR;ID=CKLDAZDAEWT;NAME=OutCluster;GROUP=XSec;VALUE=1 
 PARM;GEOM_ID=SKENFXYHVR;ID=IFPPABVDTQU;NAME=OutLEDihedral;GROUP=XSec;VALUE=-1.09486e-14 
 PARM;GEOM_ID=SKENFXYHVR;ID=LERTSIRRGMJ;NAME=OutLEMode;GROUP=XSec;VALUE=0 
 PARM;GEOM_ID=SKENFXYHVR;ID=HOPHLTRWKYA;NAME=OutLEStrength;GROUP=XSec;VALUE=1 
 PARM;GEOM_ID=SKENFXYHVR;ID=HCVIANSIPCE;NAME=OutLESweep;GROUP=XSec;VALUE=49.5 
 PARM;GEOM_ID=SKENFXYHVR;ID=VGNBOTVROKO;NAME=OutTEDihedral;GROUP=XSec;VALUE=7.73705e-15 
 PARM;GEOM_ID=SKENFXYHVR;ID=EJLHGWGNLTJ;NAME=OutTEMode;GROUP=XSec;VALUE=0 
 PARM;GEOM_ID=SKENFXYHVR;ID=CFZOAEVAJXL;NAME=OutTEStrength;GROUP=XSec;VALUE=1 
 PARM;GEOM_ID=SKENFXYHVR;ID=YSSDKKUPVBC;NAME=OutTESweep;GROUP=XSec;VALUE=26.0441 
 PARM;GEOM_ID=SKENFXYHVR;ID=NSKNTLINAIE;NAME=ProjectedSpan;GROUP=XSec;VALUE=6.25996 
 PARM;GEOM_ID=SKENFXYHVR;ID=CECFIOTJJSV;NAME=Root_Chord;GROUP=XSec;VALUE=8.15424 
 PARM;GEOM_ID=SKENFXYHVR;ID=NSVZQORPHVI;NAME=RotateMatchDideralFlag;GROUP=XSec;VALUE=0 
 PARM;GEOM_ID=SKENFXYHVR;ID=VPNFXHRYMVR;NAME=Sec_Sweep;GROUP=XSec;VALUE=26.0441 
 PARM;GEOM_ID=SKENFXYHVR;ID=HEEPYYQAJMM;NAME=Sec_Sweep_Location;GROUP=XSec;VALUE=1 
 PARM;GEOM_ID=SKENFXYHVR;ID=IAKVGNJYLWJ;NAME=SectTess_U;GROUP=XSec;VALUE=10 
 PARM;GEOM_ID=SKENFXYHVR;ID=ZBNQXIXPOUJ;NAME=Span;GROUP=XSec;VALUE=6.27165 
 PARM;GEOM_ID=SKENFXYHVR;ID=ECBSOKTUCAE;NAME=Sweep;GROUP=XSec;VALUE=49.5 
 PARM;GEOM_ID=SKENFXYHVR;ID=LZEFYXJTUOW;NAME=Sweep_Location;GROUP=XSec;VALUE=0 
 PARM;GEOM_ID=SKENFXYHVR;ID=WEYYQSKFSUW;NAME=Taper;GROUP=XSec;VALUE=0.475328 
 PARM;GEOM_ID=SKENFXYHVR;ID=YELQWAVXPQP;NAME=Tip_Chord;GROUP=XSec;VALUE=3.87594 
 PARM;GEOM_ID=SKENFXYHVR;ID=XZLMPIPQMZD;NAME=Twist;GROUP=XSec;VALUE=0 
 PARM;GEOM_ID=SKENFXYHVR;ID=GMZURDNGHUT;NAME=TwistInXZPlaneFlag;GROUP=XSec;VALUE=0 
 PARM;GEOM_ID=SKENFXYHVR;ID=VWHDGUOQYFV;NAME=Twist_Location;GROUP=XSec;VALUE=0 
 PARM;GEOM_ID=SKENFXYHVR;ID=GWUEGFIWPVT;NAME=Area;GROUP=XSecCurve;VALUE=1.01984 
 PARM;GEOM_ID=SKENFXYHVR;ID=UQYIUQTWFSA;NAME=Camber;GROUP=XSecCurve;VALUE=0 
 PARM;GEOM_ID=SKENFXYHVR;ID=KJUSOXPILLJ;NAME=CamberInputFlag;GROUP=XSecCurve;VALUE=0 
 PARM;GEOM_ID=SKENFXYHVR;ID=QKBWENWXNXI;NAME=CamberLoc;GROUP=XSecCurve;VALUE=0.2 
 PARM;GEOM_ID=SKENFXYHVR;ID=GZHBBHAMFDF;NAME=Chord;GROUP=XSecCurve;VALUE=3.87594 
 PARM;GEOM_ID=SKENFXYHVR;ID=VVOPFEBQZVD;NAME=DeltaX;GROUP=XSecCurve;VALUE=0 
 PARM;GEOM_ID=SKENFXYHVR;ID=WLNFODRHKNW;NAME=DeltaY;GROUP=XSecCurve;VALUE=0 
 PARM;GEOM_ID=SKENFXYHVR;ID=OOBKZJLERAO;NAME=FitDegree;GROUP=XSecCurve;VALUE=7 
 PARM;GEOM_ID=SKENFXYHVR;ID=MIJGJOQMRIV;NAME=HWRatio;GROUP=XSecCurve;VALUE=0.1 
 PARM;GEOM_ID=SKENFXYHVR;ID=WNGJJPYOUNC;NAME=IdealCl;GROUP=XSecCurve;VALUE=0 
 PARM;GEOM_ID=SKENFXYHVR;ID=TMCKWLDNXLK;NAME=Invert;GROUP=XSecCurve;VALUE=0 
 PARM;GEOM_ID=SKENFXYHVR;ID=KKTQQRDRJLZ;NAME=Scale;GROUP=XSecCurve;VALUE=1 
 PARM;GEOM_ID=SKENFXYHVR;ID=NWTXGHVLSSQ;NAME=SharpTEFlag;GROUP=XSecCurve;VALUE=1 
 PARM;GEOM_ID=SKENFXYHVR;ID=KPGREWXERZF;NAME=ShiftLE;GROUP=XSecCurve;VALUE=0 
 PARM;GEOM_ID=SKENFXYHVR;ID=CTEFOZCKWWJ;NAME=Theta;GROUP=XSecCurve;VALUE=0 
 PARM;GEOM_ID=SKENFXYHVR;ID=MRIJLGWDHTG;NAME=ThickChord;GROUP=XSecCurve;VALUE=0.1 
 PARM;GEOM_ID=SKENFXYHVR;ID=BSSGFVCMPRP;NAME=LE_Cap_Length;GROUP=Cap;VALUE=1 
 PARM;GEOM_ID=SKENFXYHVR;ID=CMHQIRDSAWX;NAME=LE_Cap_Offset;GROUP=Cap;VALUE=0 
 PARM;GEOM_ID=SKENFXYHVR;ID=TCRCRFKXRCQ;NAME=LE_Cap_Strength;GROUP=Cap;VALUE=0.5 
 PARM;GEOM_ID=SKENFXYHVR;ID=WYKCBWJXEWD;NAME=LE_Cap_Type;GROUP=Cap;VALUE=1 
 PARM;GEOM_ID=SKENFXYHVR;ID=HIMQMADLSKE;NAME=TE_Cap_Length;GROUP=Cap;VALUE=1 
 PARM;GEOM_ID=SKENFXYHVR;ID=PQFBNDADYIO;NAME=TE_Cap_Offset;GROUP=Cap;VALUE=0 
 PARM;GEOM_ID=SKENFXYHVR;ID=QASJFUIRXIU;NAME=TE_Cap_Strength;GROUP=Cap;VALUE=0.5 
 PARM;GEOM_ID=SKENFXYHVR;ID=UINVNKTTIWD;NAME=TE_Cap_Type;GROUP=Cap;VALUE=1 
 PARM;GEOM_ID=SKENFXYHVR;ID=AADXUZRMYYA;NAME=LE_Close_AbsRel;GROUP=Close;VALUE=0 
 PARM;GEOM_ID=SKENFXYHVR;ID=LKMYTWYKXCV;NAME=LE_Close_Thick;GROUP=Close;VALUE=0 
 PARM;GEOM_ID=SKENFXYHVR;ID=RYXRESOTOUU;NAME=LE_Close_Thick_Chord;GROUP=Close;VALUE=0 
 PARM;GEOM_ID=SKENFXYHVR;ID=FCRRUHHLVAS;NAME=LE_Close_Type;GROUP=Close;VALUE=0 
 PARM;GEOM_ID=SKENFXYHVR;ID=EPMNRLCKGQB;NAME=TE_Close_AbsRel;GROUP=Close;VALUE=0 
 PARM;GEOM_ID=SKENFXYHVR;ID=RWVTLHDNOTQ;NAME=TE_Close_Thick;GROUP=Close;VALUE=0 
 PARM;GEOM_ID=SKENFXYHVR;ID=NMEYPTPRXID;NAME=TE_Close_Thick_Chord;GROUP=Close;VALUE=0 
 PARM;GEOM_ID=SKENFXYHVR;ID=SUEOSOEUCTH;NAME=TE_Close_Type;GROUP=Close;VALUE=0 
 PARM;GEOM_ID=SKENFXYHVR;ID=HOYGENFMTCP;NAME=LE_Trim_AbsRel;GROUP=Trim;VALUE=0 
 PARM;GEOM_ID=SKENFXYHVR;ID=UZNIHYBCDYM;NAME=LE_Trim_Thick;GROUP=Trim;VALUE=0 
 PARM;GEOM_ID=SKENFXYHVR;ID=EUCNFNFKIAU;NAME=LE_Trim_Thick_Chord;GROUP=Trim;VALUE=0 
 PARM;GEOM_ID=SKENFXYHVR;ID=NJFUEQIDNJO;NAME=LE_Trim_Type;GROUP=Trim;VALUE=0 
 PARM;GEOM_ID=SKENFXYHVR;ID=VBTFRGRAOYQ;NAME=LE_Trim_X;GROUP=Trim;VALUE=0 
 PARM;GEOM_ID=SKENFXYHVR;ID=VDEDFWYEMUN;NAME=LE_Trim_X_Chord;GROUP=Trim;VALUE=0 
 PARM;GEOM_ID=SKENFXYHVR;ID=VOWRUXDNQWM;NAME=TE_Trim_AbsRel;GROUP=Trim;VALUE=0 
 PARM;GEOM_ID=SKENFXYHVR;ID=QNSZIDSMYFZ;NAME=TE_Trim_Thick;GROUP=Trim;VALUE=0 
 PARM;GEOM_ID=SKENFXYHVR;ID=BJTRLWMPDHA;NAME=TE_Trim_Thick_Chord;GROUP=Trim;VALUE=0 
 PARM;GEOM_ID=SKENFXYHVR;ID=ZQJXUPSKNBE;NAME=TE_Trim_Type;GROUP=Trim;VALUE=0 
 PARM;GEOM_ID=SKENFXYHVR;ID=YGXKWLOJYLB;NAME=TE_Trim_X;GROUP=Trim;VALUE=0 
 PARM;GEOM_ID=SKENFXYHVR;ID=DOVLVASRSGJ;NAME=TE_Trim_X_Chord;GROUP=Trim;VALUE=0 
 PARM;GEOM_ID=SKENFXYHVR;ID=QXYHFZPBMNF;NAME=TE_Flap_DT;GROUP=Flap;VALUE=0 
 PARM;GEOM_ID=SKENFXYHVR;ID=KGHUODWPDFF;NAME=TE_Flap_Deflection;GROUP=Flap;VALUE=0 
 PARM;GEOM_ID=SKENFXYHVR;ID=LNCBTUHNYMX;NAME=TE_Flap_Flag;GROUP=Flap;VALUE=0 
 PARM;GEOM_ID=SKENFXYHVR;ID=CABQXDLEYBF;NAME=TE_Flap_T;GROUP=Flap;VALUE=0.2 
 PARM;GEOM_ID=SKENFXYHVR;ID=CEPKUTTQEDH;NAME=TE_Flap_Type;GROUP=Flap;VALUE=0 
 PARM;GEOM_ID=SKENFXYHVR;ID=GZVTOEXJDMX;NAME=TE_Flap_X;GROUP=Flap;VALUE=0 
 PARM;GEOM_ID=SKENFXYHVR;ID=DZTDGZFFXUF;NAME=TE_Flap_X_Chord;GROUP=Flap;VALUE=0.2 
 PARM;GEOM_ID=SKENFXYHVR;ID=PULRRNZOIQF;NAME=TE_Flap_Y_Frc;GROUP=Flap;VALUE=0.5 
 PARM;GEOM_ID=SKENFXYHVR;ID=DMIQBCPVUOB;NAME=TE_Trim_AbsRel;GROUP=Flap;VALUE=1 
 PARM;GEOM_ID=SKENFXYHVR;ID=AXHRRAUZKAA;NAME=XSecFlipImageFlag;GROUP=XSecCurve_Background;VALUE=0 
 PARM;GEOM_ID=SKENFXYHVR;ID=ZAORKUWOMUE;NAME=XSecImageFlag;GROUP=XSecCurve_Background;VALUE=0 
 PARM;GEOM_ID=SKENFXYHVR;ID=VHCDVCBHNQP;NAME=XSecImageH;GROUP=XSecCurve_Background;VALUE=1 
 PARM;GEOM_ID=SKENFXYHVR;ID=GJVFCNIPVDL;NAME=XSecImagePreserveAR;GROUP=XSecCurve_Background;VALUE=1 
 PARM;GEOM_ID=SKENFXYHVR;ID=BGOSSLZZWAG;NAME=XSecImageW;GROUP=XSecCurve_Background;VALUE=1 
 PARM;GEOM_ID=SKENFXYHVR;ID=WDZSJVSWASP;NAME=XSecImageXOffset;GROUP=XSecCurve_Background;VALUE=0 
 PARM;GEOM_ID=SKENFXYHVR;ID=EQQYVRYNLXD;NAME=XSecImageYOffset;GROUP=XSecCurve_Background;VALUE=0 
 PARM;GEOM_ID=SKENFXYHVR;ID=AIHOCOHWLMJ;NAME=XSecLockImageFlag;GROUP=XSecCurve_Background;VALUE=0 
 PARM;GEOM_ID=SKENFXYHVR;ID=JCCXQVFZRYJ;NAME=AllSym;GROUP=Chevron;VALUE=1 
 PARM;GEOM_ID=SKENFXYHVR;ID=HSIBLCQHSPH;NAME=BottomAmplitude;GROUP=Chevron;VALUE=1 
 PARM;GEOM_ID=SKENFXYHVR;ID=QLISZFIDDTZ;NAME=Bottom_Angle;GROUP=Chevron;VALUE=0 
 PARM;GEOM_ID=SKENFXYHVR;ID=DSIFHUOKTVH;NAME=Bottom_Slew;GROUP=Chevron;VALUE=0 
 PARM;GEOM_ID=SKENFXYHVR;ID=CNSHFQLKCJB;NAME=Chevron_Type;GROUP=Chevron;VALUE=0 
 PARM;GEOM_ID=SKENFXYHVR;ID=QIAQZKEQDCR;NAME=LeftAmplitude;GROUP=Chevron;VALUE=1 
 PARM;GEOM_ID=SKENFXYHVR;ID=HBWQNEBMPCV;NAME=Left_Angle;GROUP=Chevron;VALUE=0 
 PARM;GEOM_ID=SKENFXYHVR;ID=AHPZJRMELTX;NAME=Left_Slew;GROUP=Chevron;VALUE=0 
 PARM;GEOM_ID=SKENFXYHVR;ID=YHOFHXJDLJZ;NAME=Number;GROUP=Chevron;VALUE=8 
 PARM;GEOM_ID=SKENFXYHVR;ID=PPRKEZXMEDQ;NAME=Off_Duty;GROUP=Chevron;VALUE=0 
 PARM;GEOM_ID=SKENFXYHVR;ID=BNMKKFNYNDH;NAME=On_Duty;GROUP=Chevron;VALUE=0 
 PARM;GEOM_ID=SKENFXYHVR;ID=TGDIULVEZEH;NAME=Peak_Radius;GROUP=Chevron;VALUE=0 
 PARM;GEOM_ID=SKENFXYHVR;ID=SPQIRMZRKWC;NAME=RLSym;GROUP=Chevron;VALUE=1 
 PARM;GEOM_ID=SKENFXYHVR;ID=QPZSPXXNSBJ;NAME=RightAmplitude;GROUP=Chevron;VALUE=1 
 PARM;GEOM_ID=SKENFXYHVR;ID=EYLCXSDZFSH;NAME=Right_Angle;GROUP=Chevron;VALUE=0 
 PARM;GEOM_ID=SKENFXYHVR;ID=KOZRRSQYZXA;NAME=Right_Slew;GROUP=Chevron;VALUE=0 
 PARM;GEOM_ID=SKENFXYHVR;ID=KKMXCGQCLOF;NAME=TBSym;GROUP=Chevron;VALUE=1 
 PARM;GEOM_ID=SKENFXYHVR;ID=BNUAATDVJAM;NAME=TopAmplitude;GROUP=Chevron;VALUE=1 
 PARM;GEOM_ID=SKENFXYHVR;ID=IBXNFGQYBAH;NAME=Top_Angle;GROUP=Chevron;VALUE=0 
 PARM;GEOM_ID=SKENFXYHVR;ID=KWJTASEYKZD;NAME=Top_Slew;GROUP=Chevron;VALUE=0 
 PARM;GEOM_ID=SKENFXYHVR;ID=MXYOSNCYBET;NAME=Valley_Radius;GROUP=Chevron;VALUE=0 
 PARM;GEOM_ID=SKENFXYHVR;ID=JEDOCOQZRFN;NAME=W01_Center;GROUP=Chevron;VALUE=0.25 
 PARM;GEOM_ID=SKENFXYHVR;ID=DADWDJSUBBQ;NAME=W01_Center_Guide;GROUP=Chevron;VALUE=5 
 PARM;GEOM_ID=SKENFXYHVR;ID=GLDBEOLMRVU;NAME=W01_End;GROUP=Chevron;VALUE=0.5 
 PARM;GEOM_ID=SKENFXYHVR;ID=FYUXYQOXRZK;NAME=W01_End_Guide;GROUP=Chevron;VALUE=5 
 PARM;GEOM_ID=SKENFXYHVR;ID=JIPQPJTCWYM;NAME=W01_Mode;GROUP=Chevron;VALUE=0 
 PARM;GEOM_ID=SKENFXYHVR;ID=CKSTLTYCNJZ;NAME=W01_Start;GROUP=Chevron;VALUE=0 
 PARM;GEOM_ID=SKENFXYHVR;ID=VILQLBZWYLT;NAME=W01_Start_Guide;GROUP=Chevron;VALUE=5 
 PARM;GEOM_ID=SKENFXYHVR;ID=JEYCTQOALIR;NAME=W01_Width;GROUP=Chevron;VALUE=0.5 
 WING_TERMINAL;GEOM_ID=SKENFXYHVR;XSEC_COUNT=2;TIP_ID=YELQWAVXPQP;TIP=3.87594;ROOT_ID=CECFIOTJJSV;ROOT=8.15424;SPAN_ID=ZBNQXIXPOUJ;SPAN=6.27165 
 GEOM;ID=KZXEIOUXLJ;NAME=VO;TYPE=Wing;BMIN_X=31.2807;BMIN_Y=4.95222;BMIN_Z=-4.30781e-17;BMAX_X=49.1267;BMAX_Y=6.80637;BMAX_Z=9.41574;SET_1=false;SET_2=true 
 PARM;GEOM_ID=KZXEIOUXLJ;ID=MDXBEMMTCPQ;NAME=Abs_Or_Relitive_flag;GROUP=XForm;VALUE=1 
 PARM;GEOM_ID=KZXEIOUXLJ;ID=UWYWNOTXMUO;NAME=Last_Scale;GROUP=XForm;VALUE=1 
 PARM;GEOM_ID=KZXEIOUXLJ;ID=SEJJFIGIWDF;NAME=Origin;GROUP=XForm;VALUE=0 
 PARM;GEOM_ID=KZXEIOUXLJ;ID=KKAHUVNPDAE;NAME=Scale;GROUP=XForm;VALUE=1 
 PARM;GEOM_ID=KZXEIOUXLJ;ID=PPMJPJHMLTD;NAME=X_Location;GROUP=XForm;VALUE=31.2807 
 PARM;GEOM_ID=KZXEIOUXLJ;ID=AYPBANAYCDZ;NAME=X_Rel_Location;GROUP=XForm;VALUE=31.2807 
 PARM;GEOM_ID=KZXEIOUXLJ;ID=ASUZEQSJKUC;NAME=X_Rel_Rotation;GROUP=XForm;VALUE=90 
 PARM;GEOM_ID=KZXEIOUXLJ;ID=YERTBEYMXXX;NAME=X_Rotation;GROUP=XForm;VALUE=90 
 PARM;GEOM_ID=KZXEIOUXLJ;ID=QBBQYEXJSSR;NAME=Y_Location;GROUP=XForm;VALUE=5.65574 
 PARM;GEOM_ID=KZXEIOUXLJ;ID=HBHCYEXCNCU;NAME=Y_Rel_Location;GROUP=XForm;VALUE=5.65574 
 PARM;GEOM_ID=KZXEIOUXLJ;ID=FFLZURMKLEL;NAME=Y_Rel_Rotation;GROUP=XForm;VALUE=0 
 PARM;GEOM_ID=KZXEIOUXLJ;ID=FXWFPQLYIFA;NAME=Y_Rotation;GROUP=XForm;VALUE=0 
 PARM;GEOM_ID=KZXEIOUXLJ;ID=RKRUIFTZATN;NAME=Z_Location;GROUP=XForm;VALUE=0 
 PARM;GEOM_ID=KZXEIOUXLJ;ID=WLNAALAWSKO;NAME=Z_Rel_Location;GROUP=XForm;VALUE=0 
 PARM;GEOM_ID=KZXEIOUXLJ;ID=MBITGKEXLNC;NAME=Z_Rel_Rotation;GROUP=XForm;VALUE=0 
 PARM;GEOM_ID=KZXEIOUXLJ;ID=CLUWNDVYGFD;NAME=Z_Rotation;GROUP=XForm;VALUE=0 
 PARM;GEOM_ID=KZXEIOUXLJ;ID=NVXBLDYJEPO;NAME=Sym_Ancestor;GROUP=Sym;VALUE=1 
 PARM;GEOM_ID=KZXEIOUXLJ;ID=RSEHRDCHPIP;NAME=Sym_Ancestor_Origin_Flag;GROUP=Sym;VALUE=1 
 PARM;GEOM_ID=KZXEIOUXLJ;ID=SEYNMEGAXFE;NAME=Sym_Axial_Flag;GROUP=Sym;VALUE=0 
 PARM;GEOM_ID=KZXEIOUXLJ;ID=RRBBZZGWHVJ;NAME=Sym_Planar_Flag;GROUP=Sym;VALUE=2 
 PARM;GEOM_ID=KZXEIOUXLJ;ID=SXXGQNZMJDA;NAME=Sym_Rot_N;GROUP=Sym;VALUE=2 
 PARM;GEOM_ID=KZXEIOUXLJ;ID=QMOIKIEEATN;NAME=Eta_Attach_Location;GROUP=Attach;VALUE=0 
 PARM;GEOM_ID=KZXEIOUXLJ;ID=ZZCBTQKGVKJ;NAME=L_01;GROUP=Attach;VALUE=1 
 PARM;GEOM_ID=KZXEIOUXLJ;ID=ULFLTYVSYGR;NAME=L_Attach_Location;GROUP=Attach;VALUE=0 
 PARM;GEOM_ID=KZXEIOUXLJ;ID=ANCMBLEFNKN;NAME=L_Attach_Location0Len;GROUP=Attach;VALUE=0 
 PARM;GEOM_ID=KZXEIOUXLJ;ID=DPFWIANOZWO;NAME=M_Attach_Location;GROUP=Attach;VALUE=0.5 
 PARM;GEOM_ID=KZXEIOUXLJ;ID=UCCHHYNEFGE;NAME=N_Attach_Location;GROUP=Attach;VALUE=0.5 
 PARM;GEOM_ID=KZXEIOUXLJ;ID=XRSTOMYWXGJ;NAME=R_01;GROUP=Attach;VALUE=1 
 PARM;GEOM_ID=KZXEIOUXLJ;ID=NKDJKVRLBXV;NAME=R_Attach_Location;GROUP=Attach;VALUE=0 
 PARM;GEOM_ID=KZXEIOUXLJ;ID=WPJTWQSCJTQ;NAME=R_Attach_Location0N;GROUP=Attach;VALUE=0 
 PARM;GEOM_ID=KZXEIOUXLJ;ID=NCROONPVJZU;NAME=Rots_Attach_Flag;GROUP=Attach;VALUE=0 
 PARM;GEOM_ID=KZXEIOUXLJ;ID=MVUMSEJRXYN;NAME=S_Attach_Location;GROUP=Attach;VALUE=0.5 
 PARM;GEOM_ID=KZXEIOUXLJ;ID=VTDIADOYFYN;NAME=T_Attach_Location;GROUP=Attach;VALUE=0.5 
 PARM;GEOM_ID=KZXEIOUXLJ;ID=XJKOWWULPBH;NAME=Trans_Attach_Flag;GROUP=Attach;VALUE=0 
 PARM;GEOM_ID=KZXEIOUXLJ;ID=WOKWLXIWVFG;NAME=U_01;GROUP=Attach;VALUE=1 
 PARM;GEOM_ID=KZXEIOUXLJ;ID=UVPQDOIHMKR;NAME=U_Attach_Location;GROUP=Attach;VALUE=0 
 PARM;GEOM_ID=KZXEIOUXLJ;ID=CQUUYJEAUQX;NAME=U_Attach_Location0N;GROUP=Attach;VALUE=0 
 PARM;GEOM_ID=KZXEIOUXLJ;ID=FPUFWKYZMKS;NAME=V_Attach_Location;GROUP=Attach;VALUE=0 
 PARM;GEOM_ID=KZXEIOUXLJ;ID=XHTBVKWCCRP;NAME=Tess_U;GROUP=Shape;VALUE=16 
 PARM;GEOM_ID=KZXEIOUXLJ;ID=VZYUTTBSNAZ;NAME=Tess_W;GROUP=Shape;VALUE=49 
 PARM;GEOM_ID=KZXEIOUXLJ;ID=DJHCEBTBEJG;NAME=Wake;GROUP=Shape;VALUE=0 
 PARM;GEOM_ID=KZXEIOUXLJ;ID=BANTOFNCRVC;NAME=Negative_Volume_Flag;GROUP=Negative_Volume_Props;VALUE=0 
 PARM;GEOM_ID=KZXEIOUXLJ;ID=BNFLYRUIJCK;NAME=WakeAngle;GROUP=WakeSettings;VALUE=0 
 PARM;GEOM_ID=KZXEIOUXLJ;ID=SJXEXEPSPXN;NAME=WakeScale;GROUP=WakeSettings;VALUE=2 
 PARM;GEOM_ID=KZXEIOUXLJ;ID=NMTBHIKUYHA;NAME=CGx;GROUP=Mass_Props;VALUE=0 
 PARM;GEOM_ID=KZXEIOUXLJ;ID=PANMFTPHGPG;NAME=CGy;GROUP=Mass_Props;VALUE=0 
 PARM;GEOM_ID=KZXEIOUXLJ;ID=NMEHOOPGESX;NAME=CGz;GROUP=Mass_Props;VALUE=0 
 PARM;GEOM_ID=KZXEIOUXLJ;ID=EJCHNJPNSEN;NAME=Density;GROUP=Mass_Props;VALUE=1 
 PARM;GEOM_ID=KZXEIOUXLJ;ID=WZEALJWMANB;NAME=Ixx;GROUP=Mass_Props;VALUE=0 
 PARM;GEOM_ID=KZXEIOUXLJ;ID=HHDNCDLTPDS;NAME=Ixy;GROUP=Mass_Props;VALUE=0 
 PARM;GEOM_ID=KZXEIOUXLJ;ID=EYMWNZFMPTM;NAME=Ixz;GROUP=Mass_Props;VALUE=0 
 PARM;GEOM_ID=KZXEIOUXLJ;ID=VWLAVIEJXUU;NAME=Iyy;GROUP=Mass_Props;VALUE=0 
 PARM;GEOM_ID=KZXEIOUXLJ;ID=AKZNWILDPCX;NAME=Iyz;GROUP=Mass_Props;VALUE=0 
 PARM;GEOM_ID=KZXEIOUXLJ;ID=MBZBNJHUKBN;NAME=Izz;GROUP=Mass_Props;VALUE=0 
 PARM;GEOM_ID=KZXEIOUXLJ;ID=LYQTKXTRQXU;NAME=Mass_Area;GROUP=Mass_Props;VALUE=1 
 PARM;GEOM_ID=KZXEIOUXLJ;ID=BZKABRNUGBT;NAME=Mass_Prior;GROUP=Mass_Props;VALUE=0 
 PARM;GEOM_ID=KZXEIOUXLJ;ID=JRSIWDKWUVM;NAME=PointMass;GROUP=Mass_Props;VALUE=0 
 PARM;GEOM_ID=KZXEIOUXLJ;ID=TWHWAYXUHYH;NAME=Shell_Flag;GROUP=Mass_Props;VALUE=0 
 PARM;GEOM_ID=KZXEIOUXLJ;ID=IMZTUZPKHCF;NAME=CorrectAirfoilthicknessFlag;GROUP=WingGeom;VALUE=1 
 PARM;GEOM_ID=KZXEIOUXLJ;ID=CPPFYBWHRNM;NAME=CurvedArea;GROUP=WingGeom;VALUE=149.255 
 PARM;GEOM_ID=KZXEIOUXLJ;ID=QMUCLYTXVYL;NAME=LECluster;GROUP=WingGeom;VALUE=0.25 
 PARM;GEOM_ID=KZXEIOUXLJ;ID=JAUACWASDRN;NAME=MAC;GROUP=WingGeom;VALUE=9.93316 
 PARM;GEOM_ID=KZXEIOUXLJ;ID=XOMQKWVMUWU;NAME=MaxGrowth;GROUP=WingGeom;VALUE=1.27852 
 PARM;GEOM_ID=KZXEIOUXLJ;ID=KIFBNNKRRER;NAME=RelativeDihedralFlag;GROUP=WingGeom;VALUE=0 
 PARM;GEOM_ID=KZXEIOUXLJ;ID=XOGTDWDJPLC;NAME=RelativeTwistFlag;GROUP=WingGeom;VALUE=0 
 PARM;GEOM_ID=KZXEIOUXLJ;ID=YZAWUUGLLRP;NAME=RotateAirfoilMatchDideralFlag;GROUP=WingGeom;VALUE=1 
 PARM;GEOM_ID=KZXEIOUXLJ;ID=ESILNIZFNYF;NAME=SmallPanelW;GROUP=WingGeom;VALUE=0.0114952 
 PARM;GEOM_ID=KZXEIOUXLJ;ID=ZELVBUUOSOS;NAME=TECluster;GROUP=WingGeom;VALUE=0.25 
 PARM;GEOM_ID=KZXEIOUXLJ;ID=CBGXNSMKGMA;NAME=TotalAR;GROUP=WingGeom;VALUE=2.36734 
 PARM;GEOM_ID=KZXEIOUXLJ;ID=BPSYXPQRAAH;NAME=TotalArea;GROUP=WingGeom;VALUE=149.255 
 PARM;GEOM_ID=KZXEIOUXLJ;ID=FVLNOQSGYDL;NAME=TotalChord;GROUP=WingGeom;VALUE=9.7075 
 PARM;GEOM_ID=KZXEIOUXLJ;ID=AFGZZGRNZEN;NAME=TotalProjectedSpan;GROUP=WingGeom;VALUE=18.7973 
 PARM;GEOM_ID=KZXEIOUXLJ;ID=HCFIMXDOOQD;NAME=TotalSpan;GROUP=WingGeom;VALUE=18.9008 
 PARM;GEOM_ID=KZXEIOUXLJ;ID=QBMBOVUFPTG;NAME=TwistAllInXZPlaneFlag;GROUP=WingGeom;VALUE=0 
 PARM;GEOM_ID=KZXEIOUXLJ;ID=CZBUHDHLPIR;NAME=X_Len;GROUP=BBox;VALUE=17.846 
 PARM;GEOM_ID=KZXEIOUXLJ;ID=EPBUBMMTYCO;NAME=X_Min;GROUP=BBox;VALUE=31.2807 
 PARM;GEOM_ID=KZXEIOUXLJ;ID=EKMRRORXFSX;NAME=Y_Len;GROUP=BBox;VALUE=13.6127 
 PARM;GEOM_ID=KZXEIOUXLJ;ID=IEUNXCCENVQ;NAME=Y_Min;GROUP=BBox;VALUE=-6.80637 
 PARM;GEOM_ID=KZXEIOUXLJ;ID=XXBEFXJJYKQ;NAME=Z_Len;GROUP=BBox;VALUE=9.41574 
 PARM;GEOM_ID=KZXEIOUXLJ;ID=BYAGEGJTEZL;NAME=Z_Min;GROUP=BBox;VALUE=0 
 PARM;GEOM_ID=KZXEIOUXLJ;ID=AGHVXDOYDRM;NAME=CapUMaxLength;GROUP=EndCap;VALUE=1 
 PARM;GEOM_ID=KZXEIOUXLJ;ID=RSUBBGGVEGF;NAME=CapUMaxOffset;GROUP=EndCap;VALUE=0 
 PARM;GEOM_ID=KZXEIOUXLJ;ID=VDBTGXLNJZJ;NAME=CapUMaxOption;GROUP=EndCap;VALUE=1 
 PARM;GEOM_ID=KZXEIOUXLJ;ID=VNGIIZORMYR;NAME=CapUMaxStrength;GROUP=EndCap;VALUE=0.5 
 PARM;GEOM_ID=KZXEIOUXLJ;ID=LKQZAEPFGMO;NAME=CapUMaxSweepFlag;GROUP=EndCap;VALUE=0 
 PARM;GEOM_ID=KZXEIOUXLJ;ID=DDIYILAPHON;NAME=CapUMinLength;GROUP=EndCap;VALUE=1 
 PARM;GEOM_ID=KZXEIOUXLJ;ID=YMVJBPDVQFW;NAME=CapUMinOffset;GROUP=EndCap;VALUE=0 
 PARM;GEOM_ID=KZXEIOUXLJ;ID=ZXUZZEPRHGF;NAME=CapUMinOption;GROUP=EndCap;VALUE=1 
 PARM;GEOM_ID=KZXEIOUXLJ;ID=BZVRUTHGBXW;NAME=CapUMinStrength;GROUP=EndCap;VALUE=0.5 
 PARM;GEOM_ID=KZXEIOUXLJ;ID=VCHHZEYWPEO;NAME=CapUMinSweepFlag;GROUP=EndCap;VALUE=0 
 PARM;GEOM_ID=KZXEIOUXLJ;ID=MALWPOACOPD;NAME=CapUMinTess;GROUP=EndCap;VALUE=3 
 PARM;GEOM_ID=KZXEIOUXLJ;ID=LYZALZKXMVI;NAME=ExpandedList;GROUP=ParasiteDragProps;VALUE=0 
 PARM;GEOM_ID=KZXEIOUXLJ;ID=JWVKOJCWCEU;NAME=FFBodyEqnType;GROUP=ParasiteDragProps;VALUE=3 
 PARM;GEOM_ID=KZXEIOUXLJ;ID=VMCLFPYIFZD;NAME=FFUser;GROUP=ParasiteDragProps;VALUE=1 
 PARM;GEOM_ID=KZXEIOUXLJ;ID=NKQAWTDDEGP;NAME=FFWingEqnType;GROUP=ParasiteDragProps;VALUE=3 
 PARM;GEOM_ID=KZXEIOUXLJ;ID=WDEPAOEKBSL;NAME=IncorporatedGen;GROUP=ParasiteDragProps;VALUE=0 
 PARM;GEOM_ID=KZXEIOUXLJ;ID=FVSIVPMPAVH;NAME=PercLam;GROUP=ParasiteDragProps;VALUE=0 
 PARM;GEOM_ID=KZXEIOUXLJ;ID=WNTVHVQMUUJ;NAME=Q;GROUP=ParasiteDragProps;VALUE=1 
 PARM;GEOM_ID=KZXEIOUXLJ;ID=YJMFDLQSRNY;NAME=Roughness;GROUP=ParasiteDragProps;VALUE=0 
 PARM;GEOM_ID=KZXEIOUXLJ;ID=PUEHITBBISJ;NAME=TawTwRatio;GROUP=ParasiteDragProps;VALUE=1 
 PARM;GEOM_ID=KZXEIOUXLJ;ID=MKQYDUNXXSA;NAME=TeTwRatio;GROUP=ParasiteDragProps;VALUE=1 
 PARM;GEOM_ID=KZXEIOUXLJ;ID=WQFYRUOWWDM;NAME=ActiveAirfoil;GROUP=Index;VALUE=1 
 PARM;GEOM_ID=KZXEIOUXLJ;ID=HRXKJBSOTTS;NAME=ActiveXSec;GROUP=Index;VALUE=1 
 PARM;GEOM_ID=KZXEIOUXLJ;ID=XKZKMROIRFK;NAME=Area;GROUP=XSec;VALUE=9.24016 
 PARM;GEOM_ID=KZXEIOUXLJ;ID=FQSTAXJWOYD;NAME=Aspect;GROUP=XSec;VALUE=0.108223 
 PARM;GEOM_ID=KZXEIOUXLJ;ID=JNGVSEJTOZD;NAME=Avg_Chord;GROUP=XSec;VALUE=9.24016 
 PARM;GEOM_ID=KZXEIOUXLJ;ID=FVMISGSNCHS;NAME=Dihedral;GROUP=XSec;VALUE=0 
 PARM;GEOM_ID=KZXEIOUXLJ;ID=ZZUJVUTMIWL;NAME=InCluster;GROUP=XSec;VALUE=1 
 PARM;GEOM_ID=KZXEIOUXLJ;ID=MLKGGJFAKWQ;NAME=InLEDihedral;GROUP=XSec;VALUE=6 
 PARM;GEOM_ID=KZXEIOUXLJ;ID=ROUPWMYBGOT;NAME=InLEMode;GROUP=XSec;VALUE=0 
 PARM;GEOM_ID=KZXEIOUXLJ;ID=JFTCKEXHJVA;NAME=InLEStrength;GROUP=XSec;VALUE=1 
 PARM;GEOM_ID=KZXEIOUXLJ;ID=CBDANLQPUYU;NAME=InLESweep;GROUP=XSec;VALUE=72.8571 
 PARM;GEOM_ID=KZXEIOUXLJ;ID=DFWNAMMJAYO;NAME=InTEDihedral;GROUP=XSec;VALUE=6 
 PARM;GEOM_ID=KZXEIOUXLJ;ID=FNBBCPLUBUB;NAME=InTEMode;GROUP=XSec;VALUE=0 
 PARM;GEOM_ID=KZXEIOUXLJ;ID=RJKYWGGVFYR;NAME=InTEStrength;GROUP=XSec;VALUE=1 
 PARM;GEOM_ID=KZXEIOUXLJ;ID=HPFGCTEEMHL;NAME=InTESweep;GROUP=XSec;VALUE=3.90524 
 PARM;GEOM_ID=KZXEIOUXLJ;ID=NZBQDIJSRZL;NAME=OutCluster;GROUP=XSec;VALUE=1 
 PARM;GEOM_ID=KZXEIOUXLJ;ID=WSPLKICXSDP;NAME=OutLEDihedral;GROUP=XSec;VALUE=-6 
 PARM;GEOM_ID=KZXEIOUXLJ;ID=QYYQZRWUBAR;NAME=OutLEMode;GROUP=XSec;VALUE=0 
 PARM;GEOM_ID=KZXEIOUXLJ;ID=PWZRMVHOIJP;NAME=OutLEStrength;GROUP=XSec;VALUE=1 
 PARM;GEOM_ID=KZXEIOUXLJ;ID=BZKLZEYIMXF;NAME=OutLESweep;GROUP=XSec;VALUE=72.8571 
 PARM;GEOM_ID=KZXEIOUXLJ;ID=BXHFTSVZUEM;NAME=OutTEDihedral;GROUP=XSec;VALUE=-6 
 PARM;GEOM_ID=KZXEIOUXLJ;ID=RMMDCIZYLKY;NAME=OutTEMode;GROUP=XSec;VALUE=0 
 PARM;GEOM_ID=KZXEIOUXLJ;ID=BXXTQBBAWMB;NAME=OutTEStrength;GROUP=XSec;VALUE=1 
 PARM;GEOM_ID=KZXEIOUXLJ;ID=VHSBXFNVUPM;NAME=OutTESweep;GROUP=XSec;VALUE=3.90524 
 PARM;GEOM_ID=KZXEIOUXLJ;ID=OYDWWEYNPKP;NAME=ProjectedSpan;GROUP=XSec;VALUE=0 
 PARM;GEOM_ID=KZXEIOUXLJ;ID=PCKAIUWYMMM;NAME=Root_Chord;GROUP=XSec;VALUE=1 
 PARM;GEOM_ID=KZXEIOUXLJ;ID=OCMXPRHLFFK;NAME=RotateMatchDideralFlag;GROUP=XSec;VALUE=0 
 PARM;GEOM_ID=KZXEIOUXLJ;ID=CPBMIVXBAZK;NAME=Sec_Sweep;GROUP=XSec;VALUE=86.5276 
 PARM;GEOM_ID=KZXEIOUXLJ;ID=SFNWEGIKREW;NAME=Sec_Sweep_Location;GROUP=XSec;VALUE=1 
 PARM;GEOM_ID=KZXEIOUXLJ;ID=BTEUVCQTLVK;NAME=SectTess_U;GROUP=XSec;VALUE=10 
 PARM;GEOM_ID=KZXEIOUXLJ;ID=NMUQLWGWNDQ;NAME=Span;GROUP=XSec;VALUE=1 
 PARM;GEOM_ID=KZXEIOUXLJ;ID=PLAEZMHYWIK;NAME=Sweep;GROUP=XSec;VALUE=0 
 PARM;GEOM_ID=KZXEIOUXLJ;ID=RDQUUHJJQPQ;NAME=Sweep_Location;GROUP=XSec;VALUE=0 
 PARM;GEOM_ID=KZXEIOUXLJ;ID=SPJZWKVWPLR;NAME=Taper;GROUP=XSec;VALUE=17.4803 
 PARM;GEOM_ID=KZXEIOUXLJ;ID=CTPSKZDEPVF;NAME=Tip_Chord;GROUP=XSec;VALUE=17.4803 
 PARM;GEOM_ID=KZXEIOUXLJ;ID=PCZCCVBFVOW;NAME=Twist;GROUP=XSec;VALUE=0 
 PARM;GEOM_ID=KZXEIOUXLJ;ID=SXYARHQXRJL;NAME=TwistInXZPlaneFlag;GROUP=XSec;VALUE=0 
 PARM;GEOM_ID=KZXEIOUXLJ;ID=XPLTVDVKRAZ;NAME=Twist_Location;GROUP=XSec;VALUE=0.25 
 PARM;GEOM_ID=KZXEIOUXLJ;ID=OWCSVYVIZXJ;NAME=Area;GROUP=XSecCurve;VALUE=16.5946 
 PARM;GEOM_ID=KZXEIOUXLJ;ID=XAGZDLBWBNP;NAME=Camber;GROUP=XSecCurve;VALUE=0 
 PARM;GEOM_ID=KZXEIOUXLJ;ID=HWGJCQCCAXU;NAME=CamberInputFlag;GROUP=XSecCurve;VALUE=0 
 PARM;GEOM_ID=KZXEIOUXLJ;ID=LSYLXMGMOYD;NAME=CamberLoc;GROUP=XSecCurve;VALUE=0.2 
 PARM;GEOM_ID=KZXEIOUXLJ;ID=IDNIZZYRTMO;NAME=Chord;GROUP=XSecCurve;VALUE=17.4803 
 PARM;GEOM_ID=KZXEIOUXLJ;ID=NNEXTIXWDIM;NAME=DeltaX;GROUP=XSecCurve;VALUE=0 
 PARM;GEOM_ID=KZXEIOUXLJ;ID=GACSEKQTVWW;NAME=DeltaY;GROUP=XSecCurve;VALUE=0 
 PARM;GEOM_ID=KZXEIOUXLJ;ID=TCOMONZASUI;NAME=FitDegree;GROUP=XSecCurve;VALUE=7 
 PARM;GEOM_ID=KZXEIOUXLJ;ID=NNEAMAXNVXK;NAME=HWRatio;GROUP=XSecCurve;VALUE=0.08 
 PARM;GEOM_ID=KZXEIOUXLJ;ID=NECTORZOWMS;NAME=IdealCl;GROUP=XSecCurve;VALUE=0 
 PARM;GEOM_ID=KZXEIOUXLJ;ID=USXVKXGCHKO;NAME=Invert;GROUP=XSecCurve;VALUE=0 
 PARM;GEOM_ID=KZXEIOUXLJ;ID=JNEUXWMOFOU;NAME=Scale;GROUP=XSecCurve;VALUE=1 
 PARM;GEOM_ID=KZXEIOUXLJ;ID=KEDCEIXZYSF;NAME=SharpTEFlag;GROUP=XSecCurve;VALUE=1 
 PARM;GEOM_ID=KZXEIOUXLJ;ID=ZUQASTJTFTK;NAME=ShiftLE;GROUP=XSecCurve;VALUE=0 
 PARM;GEOM_ID=KZXEIOUXLJ;ID=WPGCNAWTPGG;NAME=Theta;GROUP=XSecCurve;VALUE=0 
 PARM;GEOM_ID=KZXEIOUXLJ;ID=KRDSGUOSQFQ;NAME=ThickChord;GROUP=XSecCurve;VALUE=0.08 
 PARM;GEOM_ID=KZXEIOUXLJ;ID=KWXVLDQANXE;NAME=LE_Cap_Length;GROUP=Cap;VALUE=1 
 PARM;GEOM_ID=KZXEIOUXLJ;ID=HLQFHPYUBSV;NAME=LE_Cap_Offset;GROUP=Cap;VALUE=0 
 PARM;GEOM_ID=KZXEIOUXLJ;ID=WQALRCWAGRJ;NAME=LE_Cap_Strength;GROUP=Cap;VALUE=0.5 
 PARM;GEOM_ID=KZXEIOUXLJ;ID=GTBVVTXFAGH;NAME=LE_Cap_Type;GROUP=Cap;VALUE=1 
 PARM;GEOM_ID=KZXEIOUXLJ;ID=JJVCBDUZNDI;NAME=TE_Cap_Length;GROUP=Cap;VALUE=1 
 PARM;GEOM_ID=KZXEIOUXLJ;ID=MDSLJOTGWVI;NAME=TE_Cap_Offset;GROUP=Cap;VALUE=0 
 PARM;GEOM_ID=KZXEIOUXLJ;ID=YKLIZAJGPAC;NAME=TE_Cap_Strength;GROUP=Cap;VALUE=0.5 
 PARM;GEOM_ID=KZXEIOUXLJ;ID=IRNPYVVSIIG;NAME=TE_Cap_Type;GROUP=Cap;VALUE=1 
 PARM;GEOM_ID=KZXEIOUXLJ;ID=KPSIPJHYKRD;NAME=LE_Close_AbsRel;GROUP=Close;VALUE=0 
 PARM;GEOM_ID=KZXEIOUXLJ;ID=LRLMZOQZXSX;NAME=LE_Close_Thick;GROUP=Close;VALUE=0 
 PARM;GEOM_ID=KZXEIOUXLJ;ID=DYGPLIUNHWV;NAME=LE_Close_Thick_Chord;GROUP=Close;VALUE=0 
 PARM;GEOM_ID=KZXEIOUXLJ;ID=TFKYVGUQSEQ;NAME=LE_Close_Type;GROUP=Close;VALUE=0 
 PARM;GEOM_ID=KZXEIOUXLJ;ID=SLJWQFDNEOX;NAME=TE_Close_AbsRel;GROUP=Close;VALUE=0 
 PARM;GEOM_ID=KZXEIOUXLJ;ID=RCEEMINEKOR;NAME=TE_Close_Thick;GROUP=Close;VALUE=0 
 PARM;GEOM_ID=KZXEIOUXLJ;ID=KPPESZOOPJE;NAME=TE_Close_Thick_Chord;GROUP=Close;VALUE=0 
 PARM;GEOM_ID=KZXEIOUXLJ;ID=YPDRFLPZMCS;NAME=TE_Close_Type;GROUP=Close;VALUE=0 
 PARM;GEOM_ID=KZXEIOUXLJ;ID=OPYFFWMEMMS;NAME=LE_Trim_AbsRel;GROUP=Trim;VALUE=0 
 PARM;GEOM_ID=KZXEIOUXLJ;ID=EQKZPEJSWUF;NAME=LE_Trim_Thick;GROUP=Trim;VALUE=0 
 PARM;GEOM_ID=KZXEIOUXLJ;ID=EKSDZRUUBFZ;NAME=LE_Trim_Thick_Chord;GROUP=Trim;VALUE=0 
 PARM;GEOM_ID=KZXEIOUXLJ;ID=UJQAZRNPAYX;NAME=LE_Trim_Type;GROUP=Trim;VALUE=0 
 PARM;GEOM_ID=KZXEIOUXLJ;ID=VBXVOWCCULS;NAME=LE_Trim_X;GROUP=Trim;VALUE=0 
 PARM;GEOM_ID=KZXEIOUXLJ;ID=AIELEVVKZLK;NAME=LE_Trim_X_Chord;GROUP=Trim;VALUE=0 
 PARM;GEOM_ID=KZXEIOUXLJ;ID=HFMTFLIPKUK;NAME=TE_Trim_AbsRel;GROUP=Trim;VALUE=0 
 PARM;GEOM_ID=KZXEIOUXLJ;ID=MQWRWURUEIK;NAME=TE_Trim_Thick;GROUP=Trim;VALUE=0 
 PARM;GEOM_ID=KZXEIOUXLJ;ID=BEMOELPAEHZ;NAME=TE_Trim_Thick_Chord;GROUP=Trim;VALUE=0 
 PARM;GEOM_ID=KZXEIOUXLJ;ID=NKKHHDAFKCW;NAME=TE_Trim_Type;GROUP=Trim;VALUE=0 
 PARM;GEOM_ID=KZXEIOUXLJ;ID=BYMQZXKCHBO;NAME=TE_Trim_X;GROUP=Trim;VALUE=0 
 PARM;GEOM_ID=KZXEIOUXLJ;ID=FWITJCQZGJJ;NAME=TE_Trim_X_Chord;GROUP=Trim;VALUE=0 
 PARM;GEOM_ID=KZXEIOUXLJ;ID=FDEHGGHPJNE;NAME=TE_Flap_DT;GROUP=Flap;VALUE=0 
 PARM;GEOM_ID=KZXEIOUXLJ;ID=HRGRUKYTYDB;NAME=TE_Flap_Deflection;GROUP=Flap;VALUE=0 
 PARM;GEOM_ID=KZXEIOUXLJ;ID=KDWYJSRSBBW;NAME=TE_Flap_Flag;GROUP=Flap;VALUE=0 
 PARM;GEOM_ID=KZXEIOUXLJ;ID=OAYSTGZYLKD;NAME=TE_Flap_T;GROUP=Flap;VALUE=0.2 
 PARM;GEOM_ID=KZXEIOUXLJ;ID=DSMRATTWKWA;NAME=TE_Flap_Type;GROUP=Flap;VALUE=0 
 PARM;GEOM_ID=KZXEIOUXLJ;ID=RMVKFIHZNPK;NAME=TE_Flap_X;GROUP=Flap;VALUE=0 
 PARM;GEOM_ID=KZXEIOUXLJ;ID=ACILFTCRIPD;NAME=TE_Flap_X_Chord;GROUP=Flap;VALUE=0.2 
 PARM;GEOM_ID=KZXEIOUXLJ;ID=HUUBLWMTCPY;NAME=TE_Flap_Y_Frc;GROUP=Flap;VALUE=0.5 
 PARM;GEOM_ID=KZXEIOUXLJ;ID=IDJKWMAGCRL;NAME=TE_Trim_AbsRel;GROUP=Flap;VALUE=1 
 PARM;GEOM_ID=KZXEIOUXLJ;ID=PAIHRZSQJHF;NAME=XSecFlipImageFlag;GROUP=XSecCurve_Background;VALUE=0 
 PARM;GEOM_ID=KZXEIOUXLJ;ID=YJCJCZJHYQS;NAME=XSecImageFlag;GROUP=XSecCurve_Background;VALUE=0 
 PARM;GEOM_ID=KZXEIOUXLJ;ID=NUUJFXEBGPN;NAME=XSecImageH;GROUP=XSecCurve_Background;VALUE=1 
 PARM;GEOM_ID=KZXEIOUXLJ;ID=ZZWCDBVGPET;NAME=XSecImagePreserveAR;GROUP=XSecCurve_Background;VALUE=1 
 PARM;GEOM_ID=KZXEIOUXLJ;ID=RDDDDBLOURM;NAME=XSecImageW;GROUP=XSecCurve_Background;VALUE=1 
 PARM;GEOM_ID=KZXEIOUXLJ;ID=AZTEPAZUNQO;NAME=XSecImageXOffset;GROUP=XSecCurve_Background;VALUE=0 
 PARM;GEOM_ID=KZXEIOUXLJ;ID=GKUTTDWVNGU;NAME=XSecImageYOffset;GROUP=XSecCurve_Background;VALUE=0 
 PARM;GEOM_ID=KZXEIOUXLJ;ID=MSTCKDNOJZT;NAME=XSecLockImageFlag;GROUP=XSecCurve_Background;VALUE=0 
 PARM;GEOM_ID=KZXEIOUXLJ;ID=EFNCDZNQJZW;NAME=AllSym;GROUP=Chevron;VALUE=1 
 PARM;GEOM_ID=KZXEIOUXLJ;ID=SXFIGKZJPQA;NAME=BottomAmplitude;GROUP=Chevron;VALUE=1 
 PARM;GEOM_ID=KZXEIOUXLJ;ID=OUFHPLUENBK;NAME=Bottom_Angle;GROUP=Chevron;VALUE=0 
 PARM;GEOM_ID=KZXEIOUXLJ;ID=NPDEFJNMTMM;NAME=Bottom_Slew;GROUP=Chevron;VALUE=0 
 PARM;GEOM_ID=KZXEIOUXLJ;ID=TCGOONKYXXD;NAME=Chevron_Type;GROUP=Chevron;VALUE=0 
 PARM;GEOM_ID=KZXEIOUXLJ;ID=EQBKSPPZQIP;NAME=LeftAmplitude;GROUP=Chevron;VALUE=1 
 PARM;GEOM_ID=KZXEIOUXLJ;ID=UIMSVHMPMBV;NAME=Left_Angle;GROUP=Chevron;VALUE=0 
 PARM;GEOM_ID=KZXEIOUXLJ;ID=WSICZHZBLDF;NAME=Left_Slew;GROUP=Chevron;VALUE=0 
 PARM;GEOM_ID=KZXEIOUXLJ;ID=OUHMVQFPAOH;NAME=Number;GROUP=Chevron;VALUE=8 
 PARM;GEOM_ID=KZXEIOUXLJ;ID=XPHLYYSCLDZ;NAME=Off_Duty;GROUP=Chevron;VALUE=0 
 PARM;GEOM_ID=KZXEIOUXLJ;ID=QURUGWNSHUK;NAME=On_Duty;GROUP=Chevron;VALUE=0 
 PARM;GEOM_ID=KZXEIOUXLJ;ID=LZMXDJHOQSB;NAME=Peak_Radius;GROUP=Chevron;VALUE=0 
 PARM;GEOM_ID=KZXEIOUXLJ;ID=KGNXRRJCSVP;NAME=RLSym;GROUP=Chevron;VALUE=1 
 PARM;GEOM_ID=KZXEIOUXLJ;ID=FHNKTOLIGEG;NAME=RightAmplitude;GROUP=Chevron;VALUE=1 
 PARM;GEOM_ID=KZXEIOUXLJ;ID=YXSCOVNZZFB;NAME=Right_Angle;GROUP=Chevron;VALUE=0 
 PARM;GEOM_ID=KZXEIOUXLJ;ID=CWGPDJPIHGU;NAME=Right_Slew;GROUP=Chevron;VALUE=0 
 PARM;GEOM_ID=KZXEIOUXLJ;ID=ZXWLYWLZRNM;NAME=TBSym;GROUP=Chevron;VALUE=1 
 PARM;GEOM_ID=KZXEIOUXLJ;ID=JBIGDWDLOES;NAME=TopAmplitude;GROUP=Chevron;VALUE=1 
 PARM;GEOM_ID=KZXEIOUXLJ;ID=BFYPKAWMCCJ;NAME=Top_Angle;GROUP=Chevron;VALUE=0 
 PARM;GEOM_ID=KZXEIOUXLJ;ID=FYQJDMLEUAJ;NAME=Top_Slew;GROUP=Chevron;VALUE=0 
 PARM;GEOM_ID=KZXEIOUXLJ;ID=CFKLOMRKROG;NAME=Valley_Radius;GROUP=Chevron;VALUE=0 
 PARM;GEOM_ID=KZXEIOUXLJ;ID=QEIBDQBOJTW;NAME=W01_Center;GROUP=Chevron;VALUE=0.25 
 PARM;GEOM_ID=KZXEIOUXLJ;ID=KYCNVYUKQNH;NAME=W01_Center_Guide;GROUP=Chevron;VALUE=5 
 PARM;GEOM_ID=KZXEIOUXLJ;ID=NGVLUPTGMSE;NAME=W01_End;GROUP=Chevron;VALUE=0.5 
 PARM;GEOM_ID=KZXEIOUXLJ;ID=KXLVYYYXTEF;NAME=W01_End_Guide;GROUP=Chevron;VALUE=5 
 PARM;GEOM_ID=KZXEIOUXLJ;ID=CRXKRYMOGIK;NAME=W01_Mode;GROUP=Chevron;VALUE=0 
 PARM;GEOM_ID=KZXEIOUXLJ;ID=TPKTUPEUKIM;NAME=W01_Start;GROUP=Chevron;VALUE=0 
 PARM;GEOM_ID=KZXEIOUXLJ;ID=RYOUHHGRUBE;NAME=W01_Start_Guide;GROUP=Chevron;VALUE=5 
 PARM;GEOM_ID=KZXEIOUXLJ;ID=NXWTYVYGLAM;NAME=W01_Width;GROUP=Chevron;VALUE=0.5 
 PARM;GEOM_ID=KZXEIOUXLJ;ID=BIOVTSBRUMK;NAME=Area;GROUP=XSec;VALUE=33.6692 
 PARM;GEOM_ID=KZXEIOUXLJ;ID=QOGYPPDFYMW;NAME=Aspect;GROUP=XSec;VALUE=0.183866 
 PARM;GEOM_ID=KZXEIOUXLJ;ID=MKZQTKGYPBX;NAME=Avg_Chord;GROUP=XSec;VALUE=13.5321 
 PARM;GEOM_ID=KZXEIOUXLJ;ID=GLVLCSRGUZH;NAME=Dihedral;GROUP=XSec;VALUE=-6 
 PARM;GEOM_ID=KZXEIOUXLJ;ID=FEBQPAQEZOW;NAME=InCluster;GROUP=XSec;VALUE=1 
 PARM;GEOM_ID=KZXEIOUXLJ;ID=VFBRHRBHCLQ;NAME=InLEDihedral;GROUP=XSec;VALUE=2.38052e-14 
 PARM;GEOM_ID=KZXEIOUXLJ;ID=VTVHHFXVKYR;NAME=InLEMode;GROUP=XSec;VALUE=0 
 PARM;GEOM_ID=KZXEIOUXLJ;ID=HWIYVNBIHQI;NAME=InLEStrength;GROUP=XSec;VALUE=1 
 PARM;GEOM_ID=KZXEIOUXLJ;ID=SYQMFMMCCJR;NAME=InLESweep;GROUP=XSec;VALUE=72.8571 
 PARM;GEOM_ID=KZXEIOUXLJ;ID=RBVZFEFSBPH;NAME=InTEDihedral;GROUP=XSec;VALUE=-7.03304e-15 
 PARM;GEOM_ID=KZXEIOUXLJ;ID=MEEFRBLPWCZ;NAME=InTEMode;GROUP=XSec;VALUE=0 
 PARM;GEOM_ID=KZXEIOUXLJ;ID=EKGUZSOLOAJ;NAME=InTEStrength;GROUP=XSec;VALUE=1 
 PARM;GEOM_ID=KZXEIOUXLJ;ID=QAVMYOZKAGX;NAME=InTESweep;GROUP=XSec;VALUE=3.90524 
 PARM;GEOM_ID=KZXEIOUXLJ;ID=PCLFFHMTSXW;NAME=OutCluster;GROUP=XSec;VALUE=1 
 PARM;GEOM_ID=KZXEIOUXLJ;ID=WHFHBBRQLWY;NAME=OutLEDihedral;GROUP=XSec;VALUE=-1.0386e-14 
 PARM;GEOM_ID=KZXEIOUXLJ;ID=FPFTVBMMFBJ;NAME=OutLEMode;GROUP=XSec;VALUE=0 
 PARM;GEOM_ID=KZXEIOUXLJ;ID=QMIQYBBTQLI;NAME=OutLEStrength;GROUP=XSec;VALUE=1 
 PARM;GEOM_ID=KZXEIOUXLJ;ID=TTRWQSPIQAR;NAME=OutLESweep;GROUP=XSec;VALUE=47.5 
 PARM;GEOM_ID=KZXEIOUXLJ;ID=EHFYMOWPMZW;NAME=OutTEDihedral;GROUP=XSec;VALUE=7.01948e-15 
 PARM;GEOM_ID=KZXEIOUXLJ;ID=VUDLXWIDNFI;NAME=OutTEMode;GROUP=XSec;VALUE=0 
 PARM;GEOM_ID=KZXEIOUXLJ;ID=DWHOKBSMIET;NAME=OutTEStrength;GROUP=XSec;VALUE=1 
 PARM;GEOM_ID=KZXEIOUXLJ;ID=BDJJSDEUWKF;NAME=OutTESweep;GROUP=XSec;VALUE=1.61106 
 PARM;GEOM_ID=KZXEIOUXLJ;ID=UXMJXTESOKZ;NAME=ProjectedSpan;GROUP=XSec;VALUE=2.47447 
 PARM;GEOM_ID=KZXEIOUXLJ;ID=GRUFCLUIUEV;NAME=Root_Chord;GROUP=XSec;VALUE=17.4803 
 PARM;GEOM_ID=KZXEIOUXLJ;ID=ZJZZYDIQUKS;NAME=RotateMatchDideralFlag;GROUP=XSec;VALUE=0 
 PARM;GEOM_ID=KZXEIOUXLJ;ID=PNXTUOOSCHL;NAME=Sec_Sweep;GROUP=XSec;VALUE=3.90524 
 PARM;GEOM_ID=KZXEIOUXLJ;ID=NCRPGFRXBQP;NAME=Sec_Sweep_Location;GROUP=XSec;VALUE=1 
 PARM;GEOM_ID=KZXEIOUXLJ;ID=ZARILEGUEZA;NAME=SectTess_U;GROUP=XSec;VALUE=10 
 PARM;GEOM_ID=KZXEIOUXLJ;ID=MXSABUFUJDZ;NAME=Span;GROUP=XSec;VALUE=2.4881 
 PARM;GEOM_ID=KZXEIOUXLJ;ID=HTKSSFFYJTF;NAME=Sweep;GROUP=XSec;VALUE=72.8571 
 PARM;GEOM_ID=KZXEIOUXLJ;ID=VPQIOOLZFQW;NAME=Sweep_Location;GROUP=XSec;VALUE=0 
 PARM;GEOM_ID=KZXEIOUXLJ;ID=MPGCGWATDHQ;NAME=Taper;GROUP=XSec;VALUE=0.548271 
 PARM;GEOM_ID=KZXEIOUXLJ;ID=AZHTKDDAQNS;NAME=Tip_Chord;GROUP=XSec;VALUE=9.58396 
 PARM;GEOM_ID=KZXEIOUXLJ;ID=WXTNGQWAZSH;NAME=Twist;GROUP=XSec;VALUE=0 
 PARM;GEOM_ID=KZXEIOUXLJ;ID=TQYJJUCYGYD;NAME=TwistInXZPlaneFlag;GROUP=XSec;VALUE=0 
 PARM;GEOM_ID=KZXEIOUXLJ;ID=ZGXRHJJCHIO;NAME=Twist_Location;GROUP=XSec;VALUE=0.25 
 PARM;GEOM_ID=KZXEIOUXLJ;ID=GJGGSULDKOX;NAME=Area;GROUP=XSecCurve;VALUE=6.70473 
 PARM;GEOM_ID=KZXEIOUXLJ;ID=XLEVQPRRCTJ;NAME=Chord;GROUP=XSecCurve;VALUE=9.58396 
 PARM;GEOM_ID=KZXEIOUXLJ;ID=KETMEPCLVFK;NAME=DeltaX;GROUP=XSecCurve;VALUE=0 
 PARM;GEOM_ID=KZXEIOUXLJ;ID=DPWKPARDJSL;NAME=DeltaY;GROUP=XSecCurve;VALUE=0 
 PARM;GEOM_ID=KZXEIOUXLJ;ID=BLKVXTOHBHR;NAME=FitDegree;GROUP=XSecCurve;VALUE=7 
 PARM;GEOM_ID=KZXEIOUXLJ;ID=PVMQSCEMWSJ;NAME=HWRatio;GROUP=XSecCurve;VALUE=0.1 
 PARM;GEOM_ID=KZXEIOUXLJ;ID=ASHEOQAFWVZ;NAME=IdealCl;GROUP=XSecCurve;VALUE=0 
 PARM;GEOM_ID=KZXEIOUXLJ;ID=YCFYJZCZAMA;NAME=Invert;GROUP=XSecCurve;VALUE=0 
 PARM;GEOM_ID=KZXEIOUXLJ;ID=EBBNEIVTISY;NAME=Scale;GROUP=XSecCurve;VALUE=1 
 PARM;GEOM_ID=KZXEIOUXLJ;ID=PFIPLZMMONE;NAME=SharpTEFlag;GROUP=XSecCurve;VALUE=1 
 PARM;GEOM_ID=KZXEIOUXLJ;ID=WFAHTXJIOGX;NAME=ShiftLE;GROUP=XSecCurve;VALUE=0 
 PARM;GEOM_ID=KZXEIOUXLJ;ID=LLBHTRDTUGL;NAME=Theta;GROUP=XSecCurve;VALUE=0 
 PARM;GEOM_ID=KZXEIOUXLJ;ID=NIHVGQIOCHK;NAME=ThickChord;GROUP=XSecCurve;VALUE=0.1 
 PARM;GEOM_ID=KZXEIOUXLJ;ID=YNNEFKEOZJU;NAME=LE_Cap_Length;GROUP=Cap;VALUE=1 
 PARM;GEOM_ID=KZXEIOUXLJ;ID=PEFIJWPOICZ;NAME=LE_Cap_Offset;GROUP=Cap;VALUE=0 
 PARM;GEOM_ID=KZXEIOUXLJ;ID=MRDRVSSUBVC;NAME=LE_Cap_Strength;GROUP=Cap;VALUE=0.5 
 PARM;GEOM_ID=KZXEIOUXLJ;ID=HZNQQARLNNA;NAME=LE_Cap_Type;GROUP=Cap;VALUE=1 
 PARM;GEOM_ID=KZXEIOUXLJ;ID=IRUEUUNJDRD;NAME=TE_Cap_Length;GROUP=Cap;VALUE=1 
 PARM;GEOM_ID=KZXEIOUXLJ;ID=JLUGIMSNQDM;NAME=TE_Cap_Offset;GROUP=Cap;VALUE=0 
 PARM;GEOM_ID=KZXEIOUXLJ;ID=GLOZUXREBAE;NAME=TE_Cap_Strength;GROUP=Cap;VALUE=0.5 
 PARM;GEOM_ID=KZXEIOUXLJ;ID=UBHACOMLOCC;NAME=TE_Cap_Type;GROUP=Cap;VALUE=1 
 PARM;GEOM_ID=KZXEIOUXLJ;ID=KUJMKFIJBAR;NAME=LE_Close_AbsRel;GROUP=Close;VALUE=0 
 PARM;GEOM_ID=KZXEIOUXLJ;ID=MHYUGRTRNEV;NAME=LE_Close_Thick;GROUP=Close;VALUE=0 
 PARM;GEOM_ID=KZXEIOUXLJ;ID=RMKZIARIRPB;NAME=LE_Close_Thick_Chord;GROUP=Close;VALUE=0 
 PARM;GEOM_ID=KZXEIOUXLJ;ID=FEPJJPCODNB;NAME=LE_Close_Type;GROUP=Close;VALUE=0 
 PARM;GEOM_ID=KZXEIOUXLJ;ID=MIPUYZPXDOZ;NAME=TE_Close_AbsRel;GROUP=Close;VALUE=0 
 PARM;GEOM_ID=KZXEIOUXLJ;ID=BLUOJPVTJEW;NAME=TE_Close_Thick;GROUP=Close;VALUE=0 
 PARM;GEOM_ID=KZXEIOUXLJ;ID=VSRZJAIKICG;NAME=TE_Close_Thick_Chord;GROUP=Close;VALUE=0 
 PARM;GEOM_ID=KZXEIOUXLJ;ID=BBVKRAZVLLS;NAME=TE_Close_Type;GROUP=Close;VALUE=0 
 PARM;GEOM_ID=KZXEIOUXLJ;ID=KPZFYQNQFVO;NAME=LE_Trim_AbsRel;GROUP=Trim;VALUE=0 
 PARM;GEOM_ID=KZXEIOUXLJ;ID=WPZZTTBNIHX;NAME=LE_Trim_Thick;GROUP=Trim;VALUE=0 
 PARM;GEOM_ID=KZXEIOUXLJ;ID=CKMPETPABMU;NAME=LE_Trim_Thick_Chord;GROUP=Trim;VALUE=0 
 PARM;GEOM_ID=KZXEIOUXLJ;ID=LQTXMJSOFGK;NAME=LE_Trim_Type;GROUP=Trim;VALUE=0 
 PARM;GEOM_ID=KZXEIOUXLJ;ID=ONEOOPKJJZZ;NAME=LE_Trim_X;GROUP=Trim;VALUE=0 
 PARM;GEOM_ID=KZXEIOUXLJ;ID=SQVIFZFJMLC;NAME=LE_Trim_X_Chord;GROUP=Trim;VALUE=0 
 PARM;GEOM_ID=KZXEIOUXLJ;ID=ZAQPAFSIMTY;NAME=TE_Trim_AbsRel;GROUP=Trim;VALUE=0 
 PARM;GEOM_ID=KZXEIOUXLJ;ID=GEGCCAXGBMC;NAME=TE_Trim_Thick;GROUP=Trim;VALUE=0 
 PARM;GEOM_ID=KZXEIOUXLJ;ID=IGUKGHIXCPG;NAME=TE_Trim_Thick_Chord;GROUP=Trim;VALUE=0 
 PARM;GEOM_ID=KZXEIOUXLJ;ID=VQBYWMONHYP;NAME=TE_Trim_Type;GROUP=Trim;VALUE=0 
 PARM;GEOM_ID=KZXEIOUXLJ;ID=KSARYDPHBQN;NAME=TE_Trim_X;GROUP=Trim;VALUE=0 
 PARM;GEOM_ID=KZXEIOUXLJ;ID=ETIWDXFOQTI;NAME=TE_Trim_X_Chord;GROUP=Trim;VALUE=0 
 PARM;GEOM_ID=KZXEIOUXLJ;ID=LIJHNFSPGQO;NAME=TE_Flap_DT;GROUP=Flap;VALUE=0 
 PARM;GEOM_ID=KZXEIOUXLJ;ID=XPLPZFPZWXM;NAME=TE_Flap_Deflection;GROUP=Flap;VALUE=0 
 PARM;GEOM_ID=KZXEIOUXLJ;ID=UTFEWZCTNJD;NAME=TE_Flap_Flag;GROUP=Flap;VALUE=0 
 PARM;GEOM_ID=KZXEIOUXLJ;ID=KIIFZEQNNXU;NAME=TE_Flap_T;GROUP=Flap;VALUE=0.2 
 PARM;GEOM_ID=KZXEIOUXLJ;ID=RQMOMZWFSDW;NAME=TE_Flap_Type;GROUP=Flap;VALUE=0 
 PARM;GEOM_ID=KZXEIOUXLJ;ID=OVRTYAHICXS;NAME=TE_Flap_X;GROUP=Flap;VALUE=0 
 PARM;GEOM_ID=KZXEIOUXLJ;ID=GSNZTFIBQOC;NAME=TE_Flap_X_Chord;GROUP=Flap;VALUE=0.2 
 PARM;GEOM_ID=KZXEIOUXLJ;ID=DZILMJQLCDO;NAME=TE_Flap_Y_Frc;GROUP=Flap;VALUE=0.5 
 PARM;GEOM_ID=KZXEIOUXLJ;ID=GDNOGTMRXFV;NAME=TE_Trim_AbsRel;GROUP=Flap;VALUE=1 
 PARM;GEOM_ID=KZXEIOUXLJ;ID=QHILZGIAOJX;NAME=XSecFlipImageFlag;GROUP=XSecCurve_Background;VALUE=0 
 PARM;GEOM_ID=KZXEIOUXLJ;ID=OERTYZPQRWI;NAME=XSecImageFlag;GROUP=XSecCurve_Background;VALUE=0 
 PARM;GEOM_ID=KZXEIOUXLJ;ID=RHAIVUNXCXQ;NAME=XSecImageH;GROUP=XSecCurve_Background;VALUE=1 
 PARM;GEOM_ID=KZXEIOUXLJ;ID=SXFAEMPMDKX;NAME=XSecImagePreserveAR;GROUP=XSecCurve_Background;VALUE=1 
 PARM;GEOM_ID=KZXEIOUXLJ;ID=HPIFOCTCBYK;NAME=XSecImageW;GROUP=XSecCurve_Background;VALUE=1 
 PARM;GEOM_ID=KZXEIOUXLJ;ID=LYPFRJDCUUZ;NAME=XSecImageXOffset;GROUP=XSecCurve_Background;VALUE=0 
 PARM;GEOM_ID=KZXEIOUXLJ;ID=VYAQFJQBXBE;NAME=XSecImageYOffset;GROUP=XSecCurve_Background;VALUE=0 
 PARM;GEOM_ID=KZXEIOUXLJ;ID=MTLMOCLTMYY;NAME=XSecLockImageFlag;GROUP=XSecCurve_Background;VALUE=0 
 PARM;GEOM_ID=KZXEIOUXLJ;ID=MYULCHLFLSK;NAME=AllSym;GROUP=Chevron;VALUE=1 
 PARM;GEOM_ID=KZXEIOUXLJ;ID=YJOFMJZLVRN;NAME=BottomAmplitude;GROUP=Chevron;VALUE=1 
 PARM;GEOM_ID=KZXEIOUXLJ;ID=VBBDHOARJUD;NAME=Bottom_Angle;GROUP=Chevron;VALUE=0 
 PARM;GEOM_ID=KZXEIOUXLJ;ID=SYYACXGOKAH;NAME=Bottom_Slew;GROUP=Chevron;VALUE=0 
 PARM;GEOM_ID=KZXEIOUXLJ;ID=LHOQNYJHNVQ;NAME=Chevron_Type;GROUP=Chevron;VALUE=0 
 PARM;GEOM_ID=KZXEIOUXLJ;ID=HBMKOIKNECQ;NAME=LeftAmplitude;GROUP=Chevron;VALUE=1 
 PARM;GEOM_ID=KZXEIOUXLJ;ID=LSZTZFVKCBF;NAME=Left_Angle;GROUP=Chevron;VALUE=0 
 PARM;GEOM_ID=KZXEIOUXLJ;ID=YERYVGNAJYN;NAME=Left_Slew;GROUP=Chevron;VALUE=0 
 PARM;GEOM_ID=KZXEIOUXLJ;ID=VKXUNYCAKJQ;NAME=Number;GROUP=Chevron;VALUE=8 
 PARM;GEOM_ID=KZXEIOUXLJ;ID=VWVXPLNUULT;NAME=Off_Duty;GROUP=Chevron;VALUE=0 
 PARM;GEOM_ID=KZXEIOUXLJ;ID=MWZZLAVBUBW;NAME=On_Duty;GROUP=Chevron;VALUE=0 
 PARM;GEOM_ID=KZXEIOUXLJ;ID=FXZRASOSYPA;NAME=Peak_Radius;GROUP=Chevron;VALUE=0 
 PARM;GEOM_ID=KZXEIOUXLJ;ID=ZHIJECAGUVS;NAME=RLSym;GROUP=Chevron;VALUE=1 
 PARM;GEOM_ID=KZXEIOUXLJ;ID=DBPOTSKPVEW;NAME=RightAmplitude;GROUP=Chevron;VALUE=1 
 PARM;GEOM_ID=KZXEIOUXLJ;ID=FLVQPQYCQFW;NAME=Right_Angle;GROUP=Chevron;VALUE=0 
 PARM;GEOM_ID=KZXEIOUXLJ;ID=XHSAYWTSTCL;NAME=Right_Slew;GROUP=Chevron;VALUE=0 
 PARM;GEOM_ID=KZXEIOUXLJ;ID=ODGDAWMGBOH;NAME=TBSym;GROUP=Chevron;VALUE=1 
 PARM;GEOM_ID=KZXEIOUXLJ;ID=EFWSSKKUCTI;NAME=TopAmplitude;GROUP=Chevron;VALUE=1 
 PARM;GEOM_ID=KZXEIOUXLJ;ID=ZXGMQBZJCJJ;NAME=Top_Angle;GROUP=Chevron;VALUE=0 
 PARM;GEOM_ID=KZXEIOUXLJ;ID=QSTLDKBNDVU;NAME=Top_Slew;GROUP=Chevron;VALUE=0 
 PARM;GEOM_ID=KZXEIOUXLJ;ID=UABMSTKHKVA;NAME=Valley_Radius;GROUP=Chevron;VALUE=0 
 PARM;GEOM_ID=KZXEIOUXLJ;ID=UYUBVWCVCFF;NAME=W01_Center;GROUP=Chevron;VALUE=0.25 
 PARM;GEOM_ID=KZXEIOUXLJ;ID=ARLONMAXTCA;NAME=W01_Center_Guide;GROUP=Chevron;VALUE=5 
 PARM;GEOM_ID=KZXEIOUXLJ;ID=SQFSPCWRYDD;NAME=W01_End;GROUP=Chevron;VALUE=0.5 
 PARM;GEOM_ID=KZXEIOUXLJ;ID=QTDTPYFSHJF;NAME=W01_End_Guide;GROUP=Chevron;VALUE=5 
 PARM;GEOM_ID=KZXEIOUXLJ;ID=EESCAXYQXVL;NAME=W01_Mode;GROUP=Chevron;VALUE=0 
 PARM;GEOM_ID=KZXEIOUXLJ;ID=HWBJJSRUYJJ;NAME=W01_Start;GROUP=Chevron;VALUE=0 
 PARM;GEOM_ID=KZXEIOUXLJ;ID=OTHEROVJCGR;NAME=W01_Start_Guide;GROUP=Chevron;VALUE=5 
 PARM;GEOM_ID=KZXEIOUXLJ;ID=USFKVMULJWB;NAME=W01_Width;GROUP=Chevron;VALUE=0.5 
 PARM;GEOM_ID=KZXEIOUXLJ;ID=VAHCFLBLNKX;NAME=Area;GROUP=XSec;VALUE=40.9582 
 PARM;GEOM_ID=KZXEIOUXLJ;ID=YYSWTDUQMEK;NAME=Aspect;GROUP=XSec;VALUE=1.18349 
 PARM;GEOM_ID=KZXEIOUXLJ;ID=PYFCANFCJWR;NAME=Avg_Chord;GROUP=XSec;VALUE=5.88286 
 PARM;GEOM_ID=KZXEIOUXLJ;ID=HVYWTDAHDJB;NAME=Dihedral;GROUP=XSec;VALUE=-6 
 PARM;GEOM_ID=KZXEIOUXLJ;ID=ETRRZQRTXAK;NAME=InCluster;GROUP=XSec;VALUE=1 
 PARM;GEOM_ID=KZXEIOUXLJ;ID=BAWEEAYSHPW;NAME=InLEDihedral;GROUP=XSec;VALUE=1.0386e-14 
 PARM;GEOM_ID=KZXEIOUXLJ;ID=JSZZOSVHFFM;NAME=InLEMode;GROUP=XSec;VALUE=0 
 PARM;GEOM_ID=KZXEIOUXLJ;ID=TAFYNPHURPP;NAME=InLEStrength;GROUP=XSec;VALUE=1 
 PARM;GEOM_ID=KZXEIOUXLJ;ID=GODKITRRQDB;NAME=InLESweep;GROUP=XSec;VALUE=47.5 
 PARM;GEOM_ID=KZXEIOUXLJ;ID=PXDEZQJOAOK;NAME=InTEDihedral;GROUP=XSec;VALUE=-7.08067e-15 
 PARM;GEOM_ID=KZXEIOUXLJ;ID=QVYTEKFOUJZ;NAME=InTEMode;GROUP=XSec;VALUE=0 
 PARM;GEOM_ID=KZXEIOUXLJ;ID=UTGLBONTTGL;NAME=InTEStrength;GROUP=XSec;VALUE=1 
 PARM;GEOM_ID=KZXEIOUXLJ;ID=BYWLESCTLKC;NAME=InTESweep;GROUP=XSec;VALUE=1.61106 
 PARM;GEOM_ID=KZXEIOUXLJ;ID=UEDZKZOOKDH;NAME=OutCluster;GROUP=XSec;VALUE=1 
 PARM;GEOM_ID=KZXEIOUXLJ;ID=XWCQJIDGBZJ;NAME=OutLEDihedral;GROUP=XSec;VALUE=-1.0386e-14 
 PARM;GEOM_ID=KZXEIOUXLJ;ID=EFLKGIXYIXI;NAME=OutLEMode;GROUP=XSec;VALUE=0 
 PARM;GEOM_ID=KZXEIOUXLJ;ID=LRYLHXHUOND;NAME=OutLEStrength;GROUP=XSec;VALUE=1 
 PARM;GEOM_ID=KZXEIOUXLJ;ID=SFRTFLSWQYY;NAME=OutLESweep;GROUP=XSec;VALUE=47.5 
 PARM;GEOM_ID=KZXEIOUXLJ;ID=PMLSXKQXMRC;NAME=OutTEDihedral;GROUP=XSec;VALUE=7.08067e-15 
 PARM;GEOM_ID=KZXEIOUXLJ;ID=PWVSTBFACQL;NAME=OutTEMode;GROUP=XSec;VALUE=0 
 PARM;GEOM_ID=KZXEIOUXLJ;ID=HCVBLZDYWFV;NAME=OutTEStrength;GROUP=XSec;VALUE=1 
 PARM;GEOM_ID=KZXEIOUXLJ;ID=SBZWBOSYKSK;NAME=OutTESweep;GROUP=XSec;VALUE=1.61106 
 PARM;GEOM_ID=KZXEIOUXLJ;ID=RXKMWQCLVLX;NAME=ProjectedSpan;GROUP=XSec;VALUE=6.92416 
 PARM;GEOM_ID=KZXEIOUXLJ;ID=KQTIBPGODFG;NAME=Root_Chord;GROUP=XSec;VALUE=9.58396 
 PARM;GEOM_ID=KZXEIOUXLJ;ID=RVSUOXVDJVZ;NAME=RotateMatchDideralFlag;GROUP=XSec;VALUE=0 
 PARM;GEOM_ID=KZXEIOUXLJ;ID=BWUYDMNILNG;NAME=Sec_Sweep;GROUP=XSec;VALUE=1.61106 
 PARM;GEOM_ID=KZXEIOUXLJ;ID=LOCLFXTTDIO;NAME=Sec_Sweep_Location;GROUP=XSec;VALUE=1 
 PARM;GEOM_ID=KZXEIOUXLJ;ID=NSFMDJAGSPX;NAME=SectTess_U;GROUP=XSec;VALUE=10 
 PARM;GEOM_ID=KZXEIOUXLJ;ID=NPFMKMDOVKN;NAME=Span;GROUP=XSec;VALUE=6.9623 
 PARM;GEOM_ID=KZXEIOUXLJ;ID=BGAIGJYFJZM;NAME=Sweep;GROUP=XSec;VALUE=47.5 
 PARM;GEOM_ID=KZXEIOUXLJ;ID=KXWPUWGOQRG;NAME=Sweep_Location;GROUP=XSec;VALUE=0 
 PARM;GEOM_ID=KZXEIOUXLJ;ID=BZLMAXZADOY;NAME=Taper;GROUP=XSec;VALUE=0.227647 
 PARM;GEOM_ID=KZXEIOUXLJ;ID=ZUDYPMYMQPS;NAME=Tip_Chord;GROUP=XSec;VALUE=2.18176 
 PARM;GEOM_ID=KZXEIOUXLJ;ID=VZXXYAZFVCK;NAME=Twist;GROUP=XSec;VALUE=0 
 PARM;GEOM_ID=KZXEIOUXLJ;ID=JSVZHAJCGDW;NAME=TwistInXZPlaneFlag;GROUP=XSec;VALUE=0 
 PARM;GEOM_ID=KZXEIOUXLJ;ID=LQWVXPNRLQA;NAME=Twist_Location;GROUP=XSec;VALUE=0.25 
 PARM;GEOM_ID=KZXEIOUXLJ;ID=GBEVHZATDIX;NAME=Area;GROUP=XSecCurve;VALUE=0.52119 
 PARM;GEOM_ID=KZXEIOUXLJ;ID=FZBZYKSNFHS;NAME=Chord;GROUP=XSecCurve;VALUE=2.18176 
 PARM;GEOM_ID=KZXEIOUXLJ;ID=GAQSVIZGXHP;NAME=DeltaX;GROUP=XSecCurve;VALUE=0 
 PARM;GEOM_ID=KZXEIOUXLJ;ID=OTPJYHVHFJJ;NAME=DeltaY;GROUP=XSecCurve;VALUE=0 
 PARM;GEOM_ID=KZXEIOUXLJ;ID=FPNOCHCIAOW;NAME=FitDegree;GROUP=XSecCurve;VALUE=7 
 PARM;GEOM_ID=KZXEIOUXLJ;ID=KYGGXRBVMHD;NAME=HWRatio;GROUP=XSecCurve;VALUE=0.15 
 PARM;GEOM_ID=KZXEIOUXLJ;ID=RISSUWALXSA;NAME=IdealCl;GROUP=XSecCurve;VALUE=0 
 PARM;GEOM_ID=KZXEIOUXLJ;ID=EDVMTTYLFZQ;NAME=Invert;GROUP=XSecCurve;VALUE=0 
 PARM;GEOM_ID=KZXEIOUXLJ;ID=HFZXZVTDVJC;NAME=Scale;GROUP=XSecCurve;VALUE=1 
 PARM;GEOM_ID=KZXEIOUXLJ;ID=ABUMDPCVDVW;NAME=SharpTEFlag;GROUP=XSecCurve;VALUE=1 
 PARM;GEOM_ID=KZXEIOUXLJ;ID=OVKOHCUQSTC;NAME=ShiftLE;GROUP=XSecCurve;VALUE=0 
 PARM;GEOM_ID=KZXEIOUXLJ;ID=QDTVODVIAYB;NAME=Theta;GROUP=XSecCurve;VALUE=0 
 PARM;GEOM_ID=KZXEIOUXLJ;ID=POAZWQWHSOB;NAME=ThickChord;GROUP=XSecCurve;VALUE=0.15 
 PARM;GEOM_ID=KZXEIOUXLJ;ID=FIBKZTWRQAS;NAME=LE_Cap_Length;GROUP=Cap;VALUE=1 
 PARM;GEOM_ID=KZXEIOUXLJ;ID=QYXMDXFSRGO;NAME=LE_Cap_Offset;GROUP=Cap;VALUE=0 
 PARM;GEOM_ID=KZXEIOUXLJ;ID=FQYRIBSYNHQ;NAME=LE_Cap_Strength;GROUP=Cap;VALUE=0.5 
 PARM;GEOM_ID=KZXEIOUXLJ;ID=FNMISGLFMLC;NAME=LE_Cap_Type;GROUP=Cap;VALUE=1 
 PARM;GEOM_ID=KZXEIOUXLJ;ID=HHFIZIWIQID;NAME=TE_Cap_Length;GROUP=Cap;VALUE=1 
 PARM;GEOM_ID=KZXEIOUXLJ;ID=EOQUSLHFRZA;NAME=TE_Cap_Offset;GROUP=Cap;VALUE=0 
 PARM;GEOM_ID=KZXEIOUXLJ;ID=UUGLBEBGHQH;NAME=TE_Cap_Strength;GROUP=Cap;VALUE=0.5 
 PARM;GEOM_ID=KZXEIOUXLJ;ID=TKMEWBAWMOU;NAME=TE_Cap_Type;GROUP=Cap;VALUE=1 
 PARM;GEOM_ID=KZXEIOUXLJ;ID=EEJCXFJAXRH;NAME=LE_Close_AbsRel;GROUP=Close;VALUE=0 
 PARM;GEOM_ID=KZXEIOUXLJ;ID=QOQDFLSQGQG;NAME=LE_Close_Thick;GROUP=Close;VALUE=0 
 PARM;GEOM_ID=KZXEIOUXLJ;ID=UIOZYTJAIBD;NAME=LE_Close_Thick_Chord;GROUP=Close;VALUE=0 
 PARM;GEOM_ID=KZXEIOUXLJ;ID=PDDCJNCDMEA;NAME=LE_Close_Type;GROUP=Close;VALUE=0 
 PARM;GEOM_ID=KZXEIOUXLJ;ID=UPPVJCTKYIE;NAME=TE_Close_AbsRel;GROUP=Close;VALUE=0 
 PARM;GEOM_ID=KZXEIOUXLJ;ID=YZNBXGXLMWX;NAME=TE_Close_Thick;GROUP=Close;VALUE=0 
 PARM;GEOM_ID=KZXEIOUXLJ;ID=SPTKAEQZMQT;NAME=TE_Close_Thick_Chord;GROUP=Close;VALUE=0 
 PARM;GEOM_ID=KZXEIOUXLJ;ID=FKMXSDAHJMM;NAME=TE_Close_Type;GROUP=Close;VALUE=0 
 PARM;GEOM_ID=KZXEIOUXLJ;ID=OVEMCWHTMRS;NAME=LE_Trim_AbsRel;GROUP=Trim;VALUE=0 
 PARM;GEOM_ID=KZXEIOUXLJ;ID=BMADFRJAJOL;NAME=LE_Trim_Thick;GROUP=Trim;VALUE=0 
 PARM;GEOM_ID=KZXEIOUXLJ;ID=AUOLPPLGVBM;NAME=LE_Trim_Thick_Chord;GROUP=Trim;VALUE=0 
 PARM;GEOM_ID=KZXEIOUXLJ;ID=ADPUDQRABPC;NAME=LE_Trim_Type;GROUP=Trim;VALUE=0 
 PARM;GEOM_ID=KZXEIOUXLJ;ID=BILEGLLWUXJ;NAME=LE_Trim_X;GROUP=Trim;VALUE=0 
 PARM;GEOM_ID=KZXEIOUXLJ;ID=OQQNNMKZJQQ;NAME=LE_Trim_X_Chord;GROUP=Trim;VALUE=0 
 PARM;GEOM_ID=KZXEIOUXLJ;ID=IESSUAVTNYI;NAME=TE_Trim_AbsRel;GROUP=Trim;VALUE=0 
 PARM;GEOM_ID=KZXEIOUXLJ;ID=HBYYAFUWWSV;NAME=TE_Trim_Thick;GROUP=Trim;VALUE=0 
 PARM;GEOM_ID=KZXEIOUXLJ;ID=QQNHINYYXZV;NAME=TE_Trim_Thick_Chord;GROUP=Trim;VALUE=0 
 PARM;GEOM_ID=KZXEIOUXLJ;ID=AMSBXPCJWMV;NAME=TE_Trim_Type;GROUP=Trim;VALUE=0 
 PARM;GEOM_ID=KZXEIOUXLJ;ID=CWITPDGOYJE;NAME=TE_Trim_X;GROUP=Trim;VALUE=0 
 PARM;GEOM_ID=KZXEIOUXLJ;ID=NJBBIQIACRE;NAME=TE_Trim_X_Chord;GROUP=Trim;VALUE=0 
 PARM;GEOM_ID=KZXEIOUXLJ;ID=IPFUQFYEDCF;NAME=TE_Flap_DT;GROUP=Flap;VALUE=0 
 PARM;GEOM_ID=KZXEIOUXLJ;ID=NLCQRJGYFJE;NAME=TE_Flap_Deflection;GROUP=Flap;VALUE=0 
 PARM;GEOM_ID=KZXEIOUXLJ;ID=HOJMXTQHNKB;NAME=TE_Flap_Flag;GROUP=Flap;VALUE=0 
 PARM;GEOM_ID=KZXEIOUXLJ;ID=AKBCHTAUYPT;NAME=TE_Flap_T;GROUP=Flap;VALUE=0.2 
 PARM;GEOM_ID=KZXEIOUXLJ;ID=BQUCXKZNLMM;NAME=TE_Flap_Type;GROUP=Flap;VALUE=0 
 PARM;GEOM_ID=KZXEIOUXLJ;ID=CQPZPGBHSLS;NAME=TE_Flap_X;GROUP=Flap;VALUE=0 
 PARM;GEOM_ID=KZXEIOUXLJ;ID=UFQJTBCNUME;NAME=TE_Flap_X_Chord;GROUP=Flap;VALUE=0.2 
 PARM;GEOM_ID=KZXEIOUXLJ;ID=DXQCALHUMIO;NAME=TE_Flap_Y_Frc;GROUP=Flap;VALUE=0.5 
 PARM;GEOM_ID=KZXEIOUXLJ;ID=LBETVIVUFHS;NAME=TE_Trim_AbsRel;GROUP=Flap;VALUE=1 
 PARM;GEOM_ID=KZXEIOUXLJ;ID=YQMXZEPXVRE;NAME=XSecFlipImageFlag;GROUP=XSecCurve_Background;VALUE=0 
 PARM;GEOM_ID=KZXEIOUXLJ;ID=THRTBLNOBKS;NAME=XSecImageFlag;GROUP=XSecCurve_Background;VALUE=0 
 PARM;GEOM_ID=KZXEIOUXLJ;ID=EMLFUXYTCAS;NAME=XSecImageH;GROUP=XSecCurve_Background;VALUE=1 
 PARM;GEOM_ID=KZXEIOUXLJ;ID=YZVOONQLWGQ;NAME=XSecImagePreserveAR;GROUP=XSecCurve_Background;VALUE=1 
 PARM;GEOM_ID=KZXEIOUXLJ;ID=ZKAKPXUAKVK;NAME=XSecImageW;GROUP=XSecCurve_Background;VALUE=1 
 PARM;GEOM_ID=KZXEIOUXLJ;ID=DJEIFAFUKXD;NAME=XSecImageXOffset;GROUP=XSecCurve_Background;VALUE=0 
 PARM;GEOM_ID=KZXEIOUXLJ;ID=FLIONICFVDY;NAME=XSecImageYOffset;GROUP=XSecCurve_Background;VALUE=0 
 PARM;GEOM_ID=KZXEIOUXLJ;ID=KHGSSFFCXMC;NAME=XSecLockImageFlag;GROUP=XSecCurve_Background;VALUE=0 
 PARM;GEOM_ID=KZXEIOUXLJ;ID=RTYVWDRCOAQ;NAME=AllSym;GROUP=Chevron;VALUE=1 
 PARM;GEOM_ID=KZXEIOUXLJ;ID=HEWZHBUBJWT;NAME=BottomAmplitude;GROUP=Chevron;VALUE=1 
 PARM;GEOM_ID=KZXEIOUXLJ;ID=HMZFSBIBTIW;NAME=Bottom_Angle;GROUP=Chevron;VALUE=0 
 PARM;GEOM_ID=KZXEIOUXLJ;ID=IGYFHGIVHBH;NAME=Bottom_Slew;GROUP=Chevron;VALUE=0 
 PARM;GEOM_ID=KZXEIOUXLJ;ID=COONIKIDXNW;NAME=Chevron_Type;GROUP=Chevron;VALUE=0 
 PARM;GEOM_ID=KZXEIOUXLJ;ID=TROOTDWNIIE;NAME=LeftAmplitude;GROUP=Chevron;VALUE=1 
 PARM;GEOM_ID=KZXEIOUXLJ;ID=CSLLTOHLIBP;NAME=Left_Angle;GROUP=Chevron;VALUE=0 
 PARM;GEOM_ID=KZXEIOUXLJ;ID=ISTPNNGMAWD;NAME=Left_Slew;GROUP=Chevron;VALUE=0 
 PARM;GEOM_ID=KZXEIOUXLJ;ID=LKJQUCJHSGX;NAME=Number;GROUP=Chevron;VALUE=8 
 PARM;GEOM_ID=KZXEIOUXLJ;ID=ZMWFEPFFZDN;NAME=Off_Duty;GROUP=Chevron;VALUE=0 
 PARM;GEOM_ID=KZXEIOUXLJ;ID=FSCQNGYXCWF;NAME=On_Duty;GROUP=Chevron;VALUE=0 
 PARM;GEOM_ID=KZXEIOUXLJ;ID=XTXJIHRRDET;NAME=Peak_Radius;GROUP=Chevron;VALUE=0 
 PARM;GEOM_ID=KZXEIOUXLJ;ID=WFNSOGSDBMF;NAME=RLSym;GROUP=Chevron;VALUE=1 
 PARM;GEOM_ID=KZXEIOUXLJ;ID=DNMWQLWEWNW;NAME=RightAmplitude;GROUP=Chevron;VALUE=1 
 PARM;GEOM_ID=KZXEIOUXLJ;ID=DGXZHMONPQR;NAME=Right_Angle;GROUP=Chevron;VALUE=0 
 PARM;GEOM_ID=KZXEIOUXLJ;ID=RNQWXZCSOST;NAME=Right_Slew;GROUP=Chevron;VALUE=0 
 PARM;GEOM_ID=KZXEIOUXLJ;ID=GDPMPBTHQLW;NAME=TBSym;GROUP=Chevron;VALUE=1 
 PARM;GEOM_ID=KZXEIOUXLJ;ID=AAMAMJSAPFS;NAME=TopAmplitude;GROUP=Chevron;VALUE=1 
 PARM;GEOM_ID=KZXEIOUXLJ;ID=SSEJSVVSGLZ;NAME=Top_Angle;GROUP=Chevron;VALUE=0 
 PARM;GEOM_ID=KZXEIOUXLJ;ID=GMGDSQAPMPY;NAME=Top_Slew;GROUP=Chevron;VALUE=0 
 PARM;GEOM_ID=KZXEIOUXLJ;ID=QWODUCDZUPX;NAME=Valley_Radius;GROUP=Chevron;VALUE=0 
 PARM;GEOM_ID=KZXEIOUXLJ;ID=RZFXMNMGFGG;NAME=W01_Center;GROUP=Chevron;VALUE=0.25 
 PARM;GEOM_ID=KZXEIOUXLJ;ID=CMDJIAODRDS;NAME=W01_Center_Guide;GROUP=Chevron;VALUE=5 
 PARM;GEOM_ID=KZXEIOUXLJ;ID=YLOJNEHVRZU;NAME=W01_End;GROUP=Chevron;VALUE=0.5 
 PARM;GEOM_ID=KZXEIOUXLJ;ID=YXXYXPADNSV;NAME=W01_End_Guide;GROUP=Chevron;VALUE=5 
 PARM;GEOM_ID=KZXEIOUXLJ;ID=TUNPLMJAPMM;NAME=W01_Mode;GROUP=Chevron;VALUE=0 
 PARM;GEOM_ID=KZXEIOUXLJ;ID=KMRSPWZJGPS;NAME=W01_Start;GROUP=Chevron;VALUE=0 
 PARM;GEOM_ID=KZXEIOUXLJ;ID=DWBEJEGUPTT;NAME=W01_Start_Guide;GROUP=Chevron;VALUE=5 
 PARM;GEOM_ID=KZXEIOUXLJ;ID=VYXFJUCMQUU;NAME=W01_Width;GROUP=Chevron;VALUE=0.5 
 WING_TERMINAL;GEOM_ID=KZXEIOUXLJ;XSEC_COUNT=3;TIP_ID=ZUDYPMYMQPS;TIP=2.18176;ROOT_ID=KQTIBPGODFG;ROOT=9.58396;SPAN_ID=NPFMKMDOVKN;SPAN=6.9623 
 REPAIRMACH_INVENTORY_END 
