2 0.000000 100.000000 5791.461216
1828 1597 
1 -276.279947 0.000000 -280.204020 99.999876 0.000090 -0.000073 0.000002 
2 331.535936 0.000000 -280.204020 99.999873 0.000327 -0.000263 0.000003 
3 331.535936 0.000000 285.678573 100.000040 -0.000222 -0.000502 -0.000001 
4 -276.279947 0.000000 285.678573 100.000034 0.000008 0.000142 -0.000001 
5 27.627995 0.000000 2.737277 102.447395 -0.214113 -10.819572 -0.061258 
6 -276.279947 0.000000 2.737277 99.999635 0.000126 0.000134 0.000007 
7 27.627995 0.000000 -280.204020 99.999987 0.000312 -0.000183 0.000000 
8 331.535936 0.000000 2.737277 99.999605 -0.012487 -0.419648 -0.000010 
9 27.627995 0.000000 285.678573 100.000476 -0.000005 -0.000170 -0.000010 
10 -124.325976 0.000000 -138.733371 99.999321 0.000487 -0.000736 0.000014 
11 -276.279947 0.000000 -138.733371 99.999723 0.000123 -0.000066 0.000006 
12 -124.325976 0.000000 -280.204020 99.999880 0.000188 -0.000204 0.000002 
13 27.627995 0.000000 -138.733371 100.000904 0.001584 -0.000874 -0.000018 
14 -124.325976 0.000000 2.737277 99.997097 0.001066 0.000541 0.000058 
15 179.581965 0.000000 -138.733371 99.999296 0.000962 -0.000552 0.000014 
16 179.581965 0.000000 -280.204020 99.999882 0.000340 -0.000140 0.000002 
17 331.535936 0.000000 -138.733371 99.999705 0.000728 -0.001241 0.000006 
18 179.581965 0.000000 2.737277 99.996617 -0.011649 -0.420617 0.000050 
19 -124.325976 0.000000 144.207925 99.999969 0.000307 0.000963 0.000001 
20 -276.279947 0.000000 144.207925 99.999876 0.000065 0.000246 0.000002 
21 27.627995 0.000000 144.207925 100.002706 0.000828 -0.000622 -0.000054 
22 -124.325976 0.000000 285.678573 100.000217 0.000023 0.000189 -0.000004 
23 -48.348991 0.000000 -67.998047 99.995318 0.003678 -0.006026 0.000094 
24 -124.325976 0.000000 -67.998047 99.998082 0.000847 -0.000898 0.000038 
25 -48.348991 0.000000 -138.733371 99.999696 0.001044 -0.001649 0.000006 
26 27.627995 0.000000 -67.998047 100.018021 -0.000300 -0.010869 -0.000360 
27 -48.348991 0.000000 2.737277 99.973010 0.012849 0.004531 0.000540 
28 179.581965 0.000000 144.207925 100.000027 -0.000167 -0.002505 -0.000001 
29 331.535936 0.000000 144.207925 99.999874 -0.000499 -0.001689 0.000003 
30 179.581965 0.000000 285.678573 100.000234 -0.000127 -0.000548 -0.000005 
31 103.604980 0.000000 -67.998047 99.996069 0.004233 0.002538 0.000079 
32 103.604980 0.000000 -138.733371 99.999814 0.001333 0.000274 0.000004 
33 179.581965 0.000000 -67.998047 99.997835 0.002123 -0.003994 0.000043 
34 103.604980 0.000000 2.737277 99.963247 -0.023773 -0.413862 0.000718 
35 -48.348991 0.000000 73.472601 99.999255 0.002998 0.007277 0.000015 
36 -124.325976 0.000000 73.472601 99.998751 0.000706 0.001569 0.000025 
37 27.627995 0.000000 73.472601 100.014378 0.002872 -0.005615 -0.000288 
38 -48.348991 0.000000 144.207925 100.001032 0.000653 0.001444 -0.000021 
39 -10.360498 0.000000 -32.630385 99.976622 0.042202 -0.080576 0.000467 
40 -48.348991 0.000000 -32.630385 99.981068 0.005400 -0.005967 0.000379 
41 -10.360498 0.000000 -67.998047 99.996100 0.017994 -0.013990 0.000078 
42 27.627995 0.000000 -32.630385 100.121736 -0.049732 -0.074123 -0.002437 
43 -10.360498 0.000000 2.737277 99.575642 0.037975 0.079188 0.008468 
44 103.604980 0.000000 73.472601 99.999696 0.001756 -0.014519 0.000006 
45 179.581965 0.000000 73.472601 99.998689 -0.000481 -0.007774 0.000026 
46 103.604980 0.000000 144.207925 100.001233 0.000323 -0.002943 -0.000025 
47 65.616487 0.000000 -32.630385 99.978614 -0.011264 0.066659 0.000427 
48 65.616487 0.000000 -67.998047 100.010103 0.000460 0.011177 -0.000202 
49 103.604980 0.000000 -32.630385 99.983981 -0.010807 0.001545 0.000320 
50 65.616487 0.000000 2.737277 99.345210 0.035564 -0.906795 0.012971 
51 -10.360498 0.000000 38.104939 99.974171 0.025291 0.026141 0.000516 
52 -48.348991 0.000000 38.104939 99.991838 -0.008589 0.016594 0.000163 
53 27.627995 0.000000 38.104939 100.102555 -0.071393 -0.032919 -0.002053 
54 -10.360498 0.000000 73.472601 100.010159 -0.013694 0.010505 -0.000203 
55 8.633748 0.000000 -14.946554 99.875434 -0.020987 -0.341069 0.002478 
56 -10.360498 0.000000 -14.946554 99.871185 -0.064066 -0.188319 0.002571 
57 8.633748 0.000000 -32.630385 100.031077 -0.025129 -0.130332 -0.000623 
58 27.627995 0.000000 -14.946554 100.374748 -0.025532 -0.572219 -0.007542 
59 8.633748 0.000000 2.737277 100.746009 -0.194639 18.214655 -0.048157 
60 -200.302961 0.000000 -67.998047 99.999237 0.000293 -0.000122 0.000015 
61 -276.279947 0.000000 -67.998047 99.999641 0.000133 0.000010 0.000007 
62 -200.302961 0.000000 -138.733371 99.999539 0.000231 -0.000237 0.000009 
63 -200.302961 0.000000 2.737277 99.999139 0.000304 0.000238 0.000017 
64 -86.337483 0.000000 -32.630385 99.994069 0.002367 -0.001193 0.000119 
65 -124.325976 0.000000 -32.630385 99.997311 0.001020 -0.000411 0.000054 
66 -86.337483 0.000000 -67.998047 99.996599 0.001675 -0.001985 0.000068 
67 -86.337483 0.000000 2.737277 99.993073 0.002654 0.001686 0.000139 
68 -29.354744 0.000000 -14.946554 99.942076 0.073292 -0.028304 0.001158 
69 -48.348991 0.000000 -14.946554 99.974779 0.009981 -0.005243 0.000504 
70 -29.354744 0.000000 -32.630385 99.976479 0.037334 -0.032578 0.000470 
71 -29.354744 0.000000 2.737277 99.925296 0.090117 0.003478 0.001493 
72 65.616487 0.000000 38.104939 99.973275 0.020389 -0.077010 0.000534 
73 103.604980 0.000000 38.104939 99.984171 -0.022100 -0.035732 0.000316 
74 65.616487 0.000000 73.472601 100.001785 -0.014259 -0.014978 -0.000036 
75 8.633748 0.000000 20.421108 100.177342 0.070573 0.279950 -0.003558 
76 -10.360498 0.000000 20.421108 99.944493 0.077954 0.136245 0.001107 
77 27.627995 0.000000 20.421108 100.134451 0.075435 -0.068821 -0.002692 
78 8.633748 0.000000 38.104939 100.069849 0.041878 0.044117 -0.001398 
79 -0.863375 0.000000 -6.104639 99.359135 -0.030277 -1.135410 0.012647 
80 -10.360498 0.000000 -6.104639 99.668354 0.021786 -0.164727 0.006619 
81 -0.863375 0.000000 -14.946554 99.929444 -0.017086 -0.418697 0.001393 
82 8.633748 0.000000 -6.104639 100.010715 -0.208106 -0.661345 -0.000262 
83 -0.863375 0.000000 2.737277 97.476640 0.043513 1.830997 0.049495 
84 46.622241 0.000000 -14.946554 99.896544 0.038720 0.434325 0.002049 
85 46.622241 0.000000 -32.630385 100.187520 -0.117344 0.073333 -0.003756 
86 65.616487 0.000000 -14.946554 99.702160 0.050867 0.278614 0.005940 
87 46.622241 0.000000 2.737277 98.863390 -0.101132 -3.587168 0.021315 
88 18.130872 0.000000 -6.104639 99.028883 -0.046199 -1.064992 0.019214 
89 18.130872 0.000000 -14.946554 99.985291 -0.135237 -0.492515 0.000268 
90 27.627995 0.000000 -6.104639 100.431449 -0.117379 -3.316575 -0.009749 
91 18.130872 0.000000 2.737277 -4.474299 -0.005981 0.244867 0.997992 
92 -200.302961 0.000000 73.472601 99.999457 0.000234 0.000512 0.000011 
93 -276.279947 0.000000 73.472601 99.999736 0.000100 0.000232 0.000005 
94 -200.302961 0.000000 144.207925 99.999839 0.000136 0.000472 0.000003 
95 -86.337483 0.000000 38.104939 99.995548 0.002164 0.003920 0.000089 
96 -124.325976 0.000000 38.104939 99.997746 0.000936 0.001362 0.000045 
97 -86.337483 0.000000 73.472601 99.998514 0.001399 0.003616 0.000030 
98 -29.354744 0.000000 20.421108 99.954788 0.078334 0.023292 0.000903 
99 -48.348991 0.000000 20.421108 99.980570 0.011927 0.011907 0.000389 
100 -29.354744 0.000000 38.104939 99.988194 0.015734 0.025269 0.000236 
101 -0.863375 0.000000 11.579192 99.687290 0.085691 0.498681 0.006219 
102 -10.360498 0.000000 11.579192 99.789239 -0.011625 0.162279 0.004208 
103 8.633748 0.000000 11.579192 100.177047 -0.008019 0.938134 -0.003632 
104 -0.863375 0.000000 20.421108 99.955654 0.002249 0.224269 0.000882 
105 3.885187 0.000000 -1.683681 105.767488 -0.094997 -2.834450 -0.119480 
106 -0.863375 0.000000 -1.683681 95.512545 -0.007295 -2.748224 0.086980 
107 3.885187 0.000000 -6.104639 99.992733 -0.116565 -1.324413 -0.000031 
108 8.633748 0.000000 -1.683681 103.067767 -0.158971 2.652971 -0.063003 
109 3.885187 0.000000 2.737277 98.368002 -0.068791 7.312639 0.027026 
110 -19.857621 0.000000 -6.104639 99.850109 0.104988 -0.052458 0.002994 
111 -29.354744 0.000000 -6.104639 99.927655 0.086307 -0.016623 0.001446 
112 -19.857621 0.000000 -14.946554 99.903386 0.079658 -0.075247 0.001930 
113 -19.857621 0.000000 2.737277 99.834638 0.115668 0.007805 0.003303 
114 -5.611936 0.000000 -1.683681 99.052877 -0.038624 -0.270517 0.018845 
115 -10.360498 0.000000 -1.683681 99.566121 0.027368 -0.054815 0.008658 
116 -5.611936 0.000000 -6.104639 99.425380 -0.108546 -0.451843 0.011438 
117 -5.611936 0.000000 2.737277 99.082756 -0.022689 0.132884 0.018259 
118 46.622241 0.000000 20.421108 100.210369 -0.117435 -0.408006 -0.004230 
119 65.616487 0.000000 20.421108 99.924799 0.014881 -0.282335 0.001495 
120 46.622241 0.000000 38.104939 100.049335 -0.002662 -0.088318 -0.000988 
121 18.130872 0.000000 11.579192 100.410317 0.076353 0.241829 -0.008230 
122 27.627995 0.000000 11.579192 100.625304 -0.140062 -0.418906 -0.012565 
123 18.130872 0.000000 20.421108 100.391176 0.027904 0.127900 -0.007841 
124 3.885187 0.000000 7.158235 99.679238 -0.080841 1.750548 0.006098 
125 -0.863375 0.000000 7.158235 99.283346 0.014506 0.875709 0.014205 
126 8.633748 0.000000 7.158235 99.795140 -0.106104 1.893391 0.003733 
127 3.885187 0.000000 11.579192 99.841735 -0.032670 0.752675 0.003106 
128 1.510906 0.000000 0.526798 86.162750 -0.026482 34.713251 0.137097 
129 -0.863375 0.000000 0.526798 94.404417 0.042493 1.583752 0.108530 
130 1.510906 0.000000 -1.683681 99.228022 -0.092223 -11.509612 0.002132 
131 3.885187 0.000000 0.526798 95.902101 -0.015466 27.397503 0.005216 
132 1.510906 0.000000 2.737277 96.817115 -0.126839 4.320547 0.060776 
133 -19.857621 0.000000 11.579192 99.879346 0.118713 0.050677 0.002410 
134 -29.354744 0.000000 11.579192 99.937891 0.095141 0.015772 0.001241 
135 -19.857621 0.000000 20.421108 99.939515 0.096467 0.059613 0.001208 
136 -5.611936 0.000000 7.158235 99.491135 0.090215 0.400215 0.010135 
137 -10.360498 0.000000 7.158235 99.686990 -0.020205 0.168338 0.006248 
138 -5.611936 0.000000 11.579192 99.757109 -0.030125 0.369358 0.004838 
139 -3.237656 0.000000 0.526798 98.016707 0.029119 0.119138 0.039271 
140 -5.611936 0.000000 0.526798 98.988019 -0.011201 -0.028545 0.020137 
141 -3.237656 0.000000 -1.683681 98.228893 -0.005619 -0.623412 0.035070 
142 -3.237656 0.000000 2.737277 98.542699 0.025838 0.545596 0.028904 
143 -48.348991 0.000000 -209.468695 99.999927 0.000448 -0.000535 0.000001 
144 -124.325976 0.000000 -209.468695 99.999752 0.000286 -0.000388 0.000005 
145 -48.348991 0.000000 -280.204020 99.999942 0.000255 -0.000235 0.000001 
146 27.627995 0.000000 -209.468695 100.000119 0.000579 -0.000342 -0.000002 
147 -10.360498 0.000000 -103.365709 100.000214 0.002858 -0.003959 -0.000004 
148 -48.348991 0.000000 -103.365709 99.998466 0.001855 -0.002964 0.000031 
149 -10.360498 0.000000 -138.733371 100.000400 0.001385 -0.001666 -0.000008 
150 27.627995 0.000000 -103.365709 100.002085 0.003455 -0.001965 -0.000042 
151 8.633748 0.000000 -50.314216 100.037611 -0.013481 -0.054002 -0.000753 
152 -10.360498 0.000000 -50.314216 99.996437 0.010115 -0.035715 0.000071 
153 8.633748 0.000000 -67.998047 100.011588 0.004009 -0.018162 -0.000232 
154 27.627995 0.000000 -50.314216 100.047681 -0.012479 -0.031275 -0.000954 
155 -0.863375 0.000000 -23.788470 99.983972 -0.040660 -0.176104 0.000317 
156 -10.360498 0.000000 -23.788470 99.937480 0.021207 -0.116210 0.001249 
157 -0.863375 0.000000 -32.630385 100.018951 -0.044706 -0.131188 -0.000381 
158 8.633748 0.000000 -23.788470 100.047811 -0.025247 -0.234598 -0.000962 
159 3.885187 0.000000 -10.525596 99.820949 -0.063420 -0.496584 0.003553 
160 -0.863375 0.000000 -10.525596 99.692569 0.047880 -0.541944 0.006110 
161 3.885187 0.000000 -14.946554 99.917056 -0.188871 -0.394283 0.001639 
162 8.633748 0.000000 -10.525596 99.908957 -0.101676 -0.533878 0.001790 
163 1.510906 0.000000 -3.894160 99.016220 -0.286970 -2.856007 0.018755 
164 -0.863375 0.000000 -3.894160 98.529334 -0.031936 -1.907626 0.028833 
165 1.510906 0.000000 -6.104639 99.861940 -0.138178 -1.417744 0.002556 
166 3.885187 0.000000 -3.894160 100.506568 -0.154593 -2.576536 -0.010823 
167 0.323766 0.000000 -0.578441 75.692950 -0.199920 3.272476 0.425983 
168 -0.863375 0.000000 -0.578441 93.068861 0.036287 -0.861620 0.133744 
169 0.323766 0.000000 -1.683681 93.996880 -0.179189 -8.297778 0.109570 
170 1.510906 0.000000 -0.578441 -0.177799 0.022727 -0.065861 0.999996 
171 0.323766 0.000000 0.526798 89.664072 -0.216307 7.213694 0.190827 
172 -5.611936 0.000000 -10.525596 99.716685 -0.095029 -0.325442 0.005647 
173 -10.360498 0.000000 -10.525596 99.775058 -0.039453 -0.170319 0.004491 
174 -5.611936 0.000000 -14.946554 99.852685 -0.027409 -0.253241 0.002938 
175 -3.237656 0.000000 -3.894160 98.907774 -0.003851 -0.802468 0.021661 
176 -5.611936 0.000000 -3.894160 99.256707 -0.041015 -0.406480 0.014794 
177 -3.237656 0.000000 -6.104639 99.355248 -0.014329 -0.706035 0.012804 
178 0.323766 0.000000 -2.788920 97.541821 -0.105301 -4.026622 0.046937 
179 -0.863375 0.000000 -2.788920 97.521517 -0.020872 -2.416456 0.048371 
180 0.323766 0.000000 -3.894160 98.649454 -0.067966 -2.476875 0.026215 
181 1.510906 0.000000 -2.788920 98.781967 -0.128151 -4.974618 0.021736 
182 13.382310 0.000000 -1.683681 102.454219 -0.211453 3.227835 -0.050733 
183 13.382310 0.000000 -6.104639 99.503199 -0.147505 -0.471336 0.009887 
184 18.130872 0.000000 -1.683681 99.556866 -0.096378 1.238399 0.008689 
185 13.382310 0.000000 2.737277 101.483249 -0.147750 13.501850 -0.048117 
186 6.259468 0.000000 0.526798 -2.097862 0.038697 -1.005885 0.999459 
187 6.259468 0.000000 -1.683681 103.477910 -0.159148 -1.062542 -0.070883 
188 8.633748 0.000000 0.526798 3.388956 -0.023031 0.187337 0.998848 
189 6.259468 0.000000 2.737277 99.846007 -0.117962 7.479726 -0.002519 
190 2.698046 0.000000 -0.578441 -1.028069 -0.021085 -0.240455 0.999888 
191 2.698046 0.000000 -1.683681 106.157591 -0.166715 -7.506500 -0.132581 
192 3.885187 0.000000 -0.578441 -1.541827 0.013747 -0.396488 0.999747 
193 2.698046 0.000000 0.526798 91.737106 -0.048306 31.076371 0.061856 
194 0.917336 0.000000 -1.131061 100.041776 -0.178006 -25.739978 -0.067094 
195 0.323766 0.000000 -1.131061 92.259242 -0.239103 -34.222241 0.031701 
196 0.917336 0.000000 -1.683681 96.154046 -0.183923 -10.903203 0.063549 
197 1.510906 0.000000 -1.131061 104.137117 -0.143164 -18.107290 -0.117243 
198 0.917336 0.000000 -0.578441 79.432666 -0.087015 24.959204 0.306748 
199 -2.050515 0.000000 -0.578441 96.733488 -0.013615 -0.447334 0.064243 
200 -3.237656 0.000000 -0.578441 97.998102 0.002466 -0.268277 0.039630 
201 -2.050515 0.000000 -1.683681 97.289673 -0.020536 -1.143662 0.053341 
202 -2.050515 0.000000 0.526798 96.875246 0.010098 0.376485 0.061504 
203 -0.269805 0.000000 -1.131061 90.324176 -0.148508 -5.047792 0.181604 
204 -0.863375 0.000000 -1.131061 94.045636 -0.019001 -2.254205 0.115034 
205 -0.269805 0.000000 -1.683681 94.266664 -0.158813 -4.617079 0.109245 
206 -0.269805 0.000000 -0.578441 85.932394 -0.095462 -0.869571 0.261486 
207 1.510906 0.000000 4.947756 98.947714 -0.097963 2.414828 0.020351 
208 -0.863375 0.000000 4.947756 98.758337 0.006534 1.208114 0.024533 
209 3.885187 0.000000 4.947756 99.025820 -0.045602 2.751294 0.018632 
210 1.510906 0.000000 7.158235 99.441595 -0.081855 1.418574 0.010935 
211 0.323766 0.000000 1.632037 94.913678 -0.130432 4.425333 0.097179 
212 -0.863375 0.000000 1.632037 96.273323 0.002267 1.985862 0.072750 
213 1.510906 0.000000 1.632037 94.634583 -0.054838 7.970652 0.098076 
214 0.323766 0.000000 2.737277 97.022910 -0.088087 3.264633 0.057589 
215 0.917336 0.000000 -0.025822 78.840162 -0.116166 35.102105 0.255206 
216 0.323766 0.000000 -0.025822 70.381346 -0.195694 42.193156 0.326617 
217 1.510906 0.000000 -0.025822 84.071669 -0.046374 34.197884 0.176246 
218 0.917336 0.000000 0.526798 88.072024 -0.171848 12.980813 0.207479 
219 0.620551 0.000000 -0.854751 92.933651 -0.160546 -23.759792 0.079878 
220 0.323766 0.000000 -0.854751 82.251105 -0.191043 -16.062810 0.297671 
221 0.620551 0.000000 -1.131061 97.223275 -0.195467 -29.512744 -0.032341 
222 0.917336 0.000000 -0.854751 98.341667 -0.187525 -27.289694 -0.041585 
223 0.620551 0.000000 -0.578441 82.208561 -0.182117 2.163950 0.323704 
224 6.259468 0.000000 -3.894160 100.722539 -0.139097 -1.222413 -0.014654 
225 6.259468 0.000000 -6.104639 100.114045 -0.166409 -0.953493 -0.002376 
226 8.633748 0.000000 -3.894160 100.221840 -0.154631 -0.463096 -0.004466 
227 2.698046 0.000000 -2.788920 100.505794 -0.081987 -4.812327 -0.012458 
228 2.698046 0.000000 -3.894160 99.672777 -0.087866 -2.778327 0.005761 
229 3.885187 0.000000 -2.788920 101.336668 -0.142350 -3.621060 -0.028225 
230 2.104476 0.000000 -1.131061 105.501394 -0.170654 -12.895310 -0.129686 
231 2.104476 0.000000 -1.683681 105.493633 -0.167781 -11.886803 -0.127023 
232 2.698046 0.000000 -1.131061 106.257874 -0.162451 -8.646873 -0.136553 
233 2.104476 0.000000 -0.578441 -0.756664 0.030198 -0.178599 0.999939 
234 2.698046 0.000000 1.632037 95.412828 -0.117725 11.844463 0.075609 
235 3.885187 0.000000 1.632037 96.931832 -0.072451 15.093144 0.037641 
236 2.698046 0.000000 2.737277 97.544884 -0.070799 6.157928 0.044707 
237 2.104476 0.000000 -0.025822 87.881402 -0.001413 33.743878 0.113821 
238 2.698046 0.000000 -0.025822 -1.165111 -0.041890 -0.267064 0.999857 
239 2.104476 0.000000 0.526798 89.040940 -0.028027 32.875734 0.099090 
240 2.104476 0.000000 1.079418 92.487252 -0.068895 15.209573 0.121477 
241 1.510906 0.000000 1.079418 92.178496 -0.059306 11.726692 0.136561 
242 2.698046 0.000000 1.079418 91.931832 -0.034544 31.490526 0.055688 
243 2.104476 0.000000 1.632037 94.898009 -0.065159 9.965867 0.089505 
244 1.807691 0.000000 0.250488 86.914910 -0.041989 33.581533 0.131808 
245 1.510906 0.000000 0.250488 84.564757 -0.048432 34.733783 0.164236 
246 1.807691 0.000000 -0.025822 86.540034 -0.037790 32.427291 0.145929 
247 2.104476 0.000000 0.250488 88.376098 -0.025271 32.714030 0.111946 
248 1.807691 0.000000 0.526798 87.254784 -0.014693 34.345270 0.120700 
249 5.072327 0.000000 -0.578441 -2.244710 -0.032509 -0.652831 0.999453 
250 5.072327 0.000000 -1.683681 104.816841 -0.098267 -0.528170 -0.098686 
251 6.259468 0.000000 -0.578441 -2.544806 0.021034 -0.144866 0.999350 
252 5.072327 0.000000 0.526798 -2.527784 -0.055641 -0.283419 0.999353 
253 3.291617 0.000000 -1.131061 106.257307 -0.134663 -5.236969 -0.131806 
254 3.291617 0.000000 -1.683681 106.214177 -0.331182 -4.797728 -0.130458 
255 3.885187 0.000000 -1.131061 105.888012 -0.097844 -3.153336 -0.122222 
256 3.291617 0.000000 -0.578441 -1.257930 0.009522 -0.316698 0.999832 
257 5.072327 0.000000 -2.788920 101.597075 -0.139170 -2.394462 -0.032772 
258 5.072327 0.000000 -3.894160 100.757387 -0.141984 -1.921190 -0.015576 
259 6.259468 0.000000 -2.788920 101.519803 -0.126489 -1.128836 -0.030756 
260 3.291617 0.000000 -2.236301 101.757087 -0.139027 -5.192945 -0.038149 
261 2.698046 0.000000 -2.236301 101.148838 -0.089561 -6.231350 -0.026993 
262 3.291617 0.000000 -2.788920 101.015750 -0.100669 -4.281052 -0.022252 
263 3.885187 0.000000 -2.236301 102.079893 -0.111415 -4.164220 -0.043766 
264 2.994831 0.000000 -1.407371 106.162089 -0.151728 -6.344963 -0.131067 
265 2.698046 0.000000 -1.407371 106.186619 -0.166251 -8.064436 -0.134066 
266 2.994831 0.000000 -1.683681 106.173334 -0.152374 -6.408890 -0.131387 
267 3.291617 0.000000 -1.407371 106.186812 -0.135989 -4.937417 -0.130004 
268 2.994831 0.000000 -1.131061 106.219709 -0.150723 -6.854902 -0.132964 
269 13.382310 0.000000 7.158235 100.229483 0.043446 1.954483 -0.004977 
270 18.130872 0.000000 7.158235 101.927499 -0.071907 1.025081 -0.039027 
271 13.382310 0.000000 11.579192 100.474040 0.130972 0.813727 -0.009571 
272 6.259468 0.000000 4.947756 99.493403 -0.028358 3.039083 0.009183 
273 8.633748 0.000000 4.947756 99.444460 -0.267981 3.105315 0.010108 
274 6.259468 0.000000 7.158235 99.775009 -0.026497 1.870009 0.004145 
275 5.072327 0.000000 1.632037 99.095543 -0.119125 24.556317 -0.042295 
276 6.259468 0.000000 1.632037 99.625426 -0.152830 21.296846 -0.037880 
277 5.072327 0.000000 2.737277 99.417490 -0.087133 7.805174 0.005523 
278 3.291617 0.000000 1.079418 94.875150 -0.032320 28.875124 0.016493 
279 3.291617 0.000000 0.526798 94.667438 -0.039192 28.447377 0.022882 
280 3.885187 0.000000 1.079418 96.385911 -0.038999 27.470915 -0.004490 
281 3.291617 0.000000 1.632037 96.099442 -0.061273 13.531298 0.058180 
282 4.478757 0.000000 -1.131061 105.463147 -0.085453 -1.474564 -0.112466 
283 4.478757 0.000000 -1.683681 105.460782 -0.086828 -1.483293 -0.112418 
284 5.072327 0.000000 -1.131061 104.981120 -0.098517 -0.686847 -0.102152 
285 4.478757 0.000000 -0.578441 -1.861960 0.033411 -0.545577 0.999623 
286 4.478757 0.000000 1.079418 97.915919 -0.070745 26.078460 -0.026762 
287 4.478757 0.000000 0.526798 -1.952011 0.046039 -0.119248 0.999617 
288 5.072327 0.000000 1.079418 99.035993 -0.109084 24.325419 -0.039987 
289 4.478757 0.000000 1.632037 98.354050 -0.073878 25.723526 -0.033522 
290 11.008029 0.000000 0.526798 3.988562 -0.090886 0.608340 0.998371 
291 11.008029 0.000000 -1.683681 102.568607 -0.238385 3.389915 -0.053187 
292 13.382310 0.000000 0.526798 2.546043 -0.042846 0.643233 0.999310 
293 11.008029 0.000000 2.737277 101.463450 -0.200084 15.697291 -0.054128 
294 7.446608 0.000000 1.632037 100.424031 -0.216796 18.481392 -0.042659 
295 7.446608 0.000000 0.526798 1.193165 -0.059455 -0.494220 0.999833 
296 8.633748 0.000000 1.632037 100.957618 -0.146963 13.804088 -0.038301 
297 7.446608 0.000000 2.737277 99.103240 -0.102552 7.565082 0.012131 
298 5.665897 0.000000 1.079418 99.411019 -0.149111 23.213132 -0.042142 
299 5.665897 0.000000 0.526798 -2.764231 0.001941 -0.578073 0.999202 
300 6.259468 0.000000 1.079418 99.754297 -0.157942 20.985179 -0.039132 
301 5.665897 0.000000 1.632037 99.354767 -0.153564 23.082426 -0.040419 
302 5.072327 0.000000 3.842516 99.340121 -0.101010 4.487421 0.011139 
303 3.885187 0.000000 3.842516 98.890102 -0.015751 4.292304 0.020232 
304 6.259468 0.000000 3.842516 99.612591 -0.040556 4.447546 0.005755 
305 5.072327 0.000000 4.947756 99.358294 -0.070852 2.851855 0.011979 
306 4.478757 0.000000 2.184657 98.564578 -0.091906 10.791482 0.016856 
307 3.885187 0.000000 2.184657 97.876934 -0.058801 10.135370 0.031738 
308 5.072327 0.000000 2.184657 99.254711 -0.126663 11.382398 0.001893 
309 4.478757 0.000000 2.737277 98.838544 -0.063441 7.621808 0.017285 
310 4.775542 0.000000 1.355728 98.648339 -0.098430 24.791192 -0.034611 
311 4.478757 0.000000 1.355728 97.998621 -0.072586 26.013821 -0.028045 
312 4.775542 0.000000 1.079418 98.398691 -0.082857 25.196587 -0.031718 
313 5.072327 0.000000 1.355728 99.135366 -0.120444 24.320650 -0.041933 
314 4.775542 0.000000 1.632037 98.506289 -0.086203 25.261758 -0.034165 
315 7.446608 0.000000 -0.578441 0.815669 -0.061226 0.733932 0.999879 
316 7.446608 0.000000 -1.683681 103.445400 -0.203557 1.459042 -0.070312 
317 8.633748 0.000000 -0.578441 3.219994 -0.006998 0.962720 0.998870 
318 5.665897 0.000000 -1.131061 104.651884 -0.150944 -0.446973 -0.095224 
319 5.665897 0.000000 -1.683681 104.573203 -0.153295 -0.467897 -0.093580 
320 6.259468 0.000000 -1.131061 103.511919 -0.168096 -0.913832 -0.071558 
321 5.665897 0.000000 -0.578441 -2.631480 -0.026227 -0.553048 0.999277 
322 18.130872 0.000000 -23.788470 100.062855 -0.126173 -0.223824 -0.001264 
323 18.130872 0.000000 -32.630385 100.072448 -0.035832 -0.113677 -0.001451 
324 27.627995 0.000000 -23.788470 100.240185 -0.019860 -0.278579 -0.004817 
325 13.382310 0.000000 -10.525596 99.943227 -0.139494 -0.539180 0.001104 
326 13.382310 0.000000 -14.946554 99.962877 -0.179992 -0.409709 0.000722 
327 18.130872 0.000000 -10.525596 99.700713 -0.131720 -0.812042 0.005909 
328 11.008029 0.000000 -3.894160 99.700423 -0.231849 -0.382331 0.005963 
329 11.008029 0.000000 -6.104639 99.867425 -0.225324 -0.585429 0.002610 
330 13.382310 0.000000 -3.894160 99.274639 -0.127569 -0.190274 0.014449 
331 7.446608 0.000000 -2.788920 100.999764 -0.100401 -0.163238 -0.020099 
332 7.446608 0.000000 -3.894160 100.456945 -0.093824 -0.726603 -0.009213 
333 8.633748 0.000000 -2.788920 100.347327 -0.152729 0.087504 -0.006962 
334 5.665897 0.000000 -2.236301 102.142021 -0.161290 -1.810789 -0.043630 
335 5.072327 0.000000 -2.236301 102.183441 -0.150250 -2.522236 -0.044784 
336 5.665897 0.000000 -2.788920 101.577121 -0.168284 -1.824658 -0.032127 
337 6.259468 0.000000 -2.236301 102.198757 -0.124809 -0.956830 -0.044552 
338 6.853038 0.000000 -1.131061 103.613324 -0.168655 0.232148 -0.073580 
339 6.853038 0.000000 -1.683681 103.676393 -0.154147 -0.115360 -0.074883 
340 7.446608 0.000000 -1.131061 103.430879 -0.204591 1.463774 -0.070013 
341 6.853038 0.000000 -0.578441 -1.173950 0.007049 0.619503 0.999824 
342 5.962682 0.000000 -1.407371 104.119885 -0.154629 -0.744032 -0.084153 
343 5.665897 0.000000 -1.407371 104.622295 -0.144348 -0.464983 -0.094606 
344 5.962682 0.000000 -1.683681 104.055498 -0.156316 -0.746437 -0.082813 
345 6.259468 0.000000 -1.407371 103.489841 -0.154531 -1.102257 -0.071139 
346 5.962682 0.000000 -1.131061 104.064292 -0.156224 -0.741112 -0.082995 
347 5.665897 0.000000 2.184657 100.052797 -0.091419 11.312769 -0.013855 
348 6.259468 0.000000 2.184657 100.112930 -0.118660 10.890448 -0.014121 
349 5.665897 0.000000 2.737277 99.814777 -0.064500 7.732582 -0.002279 
350 5.369112 0.000000 1.355728 99.544337 -0.147031 23.945533 -0.048249 
351 5.369112 0.000000 1.079418 99.839619 -0.143527 23.124794 -0.050273 
352 5.665897 0.000000 1.355728 99.403288 -0.150846 22.949290 -0.040771 
353 5.369112 0.000000 1.632037 99.468659 -0.149950 23.850724 -0.046289 
354 11.008029 0.000000 4.947756 99.468239 -0.175016 3.708092 0.009229 
355 13.382310 0.000000 4.947756 99.745832 -0.056407 4.457031 0.003090 
356 11.008029 0.000000 7.158235 99.930033 -0.163180 2.050509 0.000976 
357 7.446608 0.000000 3.842516 99.430262 -0.030360 4.405188 0.009422 
358 8.633748 0.000000 3.842516 99.168465 -0.152140 4.630010 0.014416 
359 7.446608 0.000000 4.947756 99.505106 -0.091480 2.996293 0.008975 
360 6.853038 0.000000 2.184657 100.028946 -0.195916 19.817255 -0.039855 
361 6.853038 0.000000 1.632037 99.981377 -0.179524 19.924494 -0.039329 
362 7.446608 0.000000 2.184657 100.575759 -0.220391 17.783924 -0.043180 
363 6.853038 0.000000 2.737277 99.610835 -0.082504 7.269707 0.002483 
364 9.820889 0.000000 -0.578441 102.626854 -0.184559 3.227328 -0.054272 
365 9.820889 0.000000 -1.683681 103.047198 -0.186885 3.182341 -0.062889 
366 11.008029 0.000000 -0.578441 102.090161 -0.227142 3.442400 -0.043430 
367 9.820889 0.000000 0.526798 4.124072 -0.007301 0.527679 0.998271 
368 8.040178 0.000000 -1.131061 103.328862 -0.160881 2.111879 -0.068134 
369 8.040178 0.000000 -1.683681 103.416780 -0.163922 2.299472 -0.070034 
370 8.633748 0.000000 -1.131061 102.912342 -0.154398 2.498106 -0.059721 
371 8.040178 0.000000 -0.578441 2.461828 -0.051945 0.851308 0.999321 
372 9.820889 0.000000 1.632037 101.069852 -0.136819 14.583106 -0.042780 
373 11.008029 0.000000 1.632037 3.725183 -0.092269 1.217271 0.998463 
374 9.820889 0.000000 2.737277 101.131582 -0.159227 16.839504 -0.051119 
375 37.125118 0.000000 -6.104639 100.765227 -0.029746 -0.218239 -0.015368 
376 37.125118 0.000000 -14.946554 100.614298 0.080379 -0.229101 -0.012330 
377 46.622241 0.000000 -6.104639 100.817723 0.280368 1.413763 -0.016629 
378 37.125118 0.000000 2.737277 100.953894 -0.013755 -3.027512 -0.020085 
379 22.879433 0.000000 -1.683681 94.560789 -0.123026 -1.422049 0.105622 
380 22.879433 0.000000 -6.104639 98.473061 -0.042533 -2.734127 0.029558 
381 27.627995 0.000000 -1.683681 103.182628 -0.241343 -3.064351 -0.065610 
382 22.879433 0.000000 2.737277 99.877589 -0.191564 -11.477103 -0.010729 
383 15.756591 0.000000 0.526798 -2.634450 0.051756 0.303920 0.999296 
384 15.756591 0.000000 -1.683681 100.795372 -0.154765 1.432865 -0.016178 
385 18.130872 0.000000 0.526798 -4.615552 0.007665 0.306641 0.997860 
386 15.756591 0.000000 2.737277 -3.505024 0.015792 2.921923 0.997918 
387 12.195170 0.000000 1.632037 3.781211 0.001535 1.395427 0.998376 
388 12.195170 0.000000 0.526798 3.788974 -0.021461 0.637653 0.998524 
389 13.382310 0.000000 1.632037 2.587948 -0.004346 1.778278 0.999014 
390 12.195170 0.000000 2.737277 101.486268 -0.206500 14.307818 -0.050422 
391 9.820889 0.000000 3.842516 98.866435 -0.266384 5.255796 0.019773 
392 11.008029 0.000000 3.842516 98.682328 -0.120388 6.128086 0.022423 
393 9.820889 0.000000 4.947756 99.442915 -0.203304 3.387022 0.009959 
394 10.414459 0.000000 2.184657 101.360898 -0.120872 12.684729 -0.043495 
395 9.820889 0.000000 2.184657 101.213004 -0.151088 16.052313 -0.050177 
396 10.414459 0.000000 1.632037 101.439166 -0.120012 10.875256 -0.040819 
397 11.008029 0.000000 2.184657 101.380024 0.777020 12.617530 -0.043772 
398 10.414459 0.000000 2.737277 101.286140 -0.155227 15.252347 -0.049154 
399 9.227319 0.000000 2.184657 101.084618 -0.148798 16.086887 -0.047691 
400 8.633748 0.000000 2.184657 100.750879 -0.176072 17.181660 -0.044598 
401 9.227319 0.000000 1.632037 101.135471 -0.137437 13.833044 -0.041976 
402 9.227319 0.000000 2.737277 101.064552 -0.151991 17.298005 -0.051329 
403 37.125118 0.000000 11.579192 100.373685 0.101235 -0.560273 -0.007520 
404 46.622241 0.000000 11.579192 100.827594 0.111293 -1.078107 -0.016738 
405 37.125118 0.000000 20.421108 100.268975 -0.068977 -0.245651 -0.005393 
406 22.879433 0.000000 7.158235 100.915813 -0.266056 -1.123938 -0.018534 
407 27.627995 0.000000 7.158235 100.144717 0.036024 -1.144307 -0.003028 
408 22.879433 0.000000 11.579192 100.436228 -0.010875 -0.006177 -0.008744 
409 15.756591 0.000000 4.947756 101.873727 0.020469 5.274097 -0.040607 
410 18.130872 0.000000 4.947756 103.022645 -0.116003 0.949115 -0.061458 
411 15.756591 0.000000 7.158235 101.087180 -0.009696 1.931418 -0.022235 
412 12.195170 0.000000 3.842516 98.669105 -0.077018 7.099139 0.021400 
413 13.382310 0.000000 3.842516 101.769546 -0.191842 16.396224 -0.062591 
414 12.195170 0.000000 4.947756 99.494935 -0.048591 3.990001 0.008484 
415 10.414459 0.000000 3.289897 101.500441 -0.185930 18.299980 -0.063726 
416 9.820889 0.000000 3.289897 98.509899 -0.216478 7.123021 0.024502 
417 11.008029 0.000000 3.289897 101.458777 -0.229735 15.736300 -0.054157 
418 10.414459 0.000000 3.842516 98.771304 -0.155061 5.661154 0.021216 
419 10.117674 0.000000 2.460967 101.239870 -0.154762 16.419027 -0.051912 
420 9.820889 0.000000 2.460967 101.222477 -0.146910 16.160593 -0.050718 
421 10.117674 0.000000 2.184657 101.299622 -0.138051 14.577946 -0.047415 
422 10.414459 0.000000 2.460967 101.373177 -0.166864 16.647984 -0.055370 
423 10.117674 0.000000 2.737277 101.217592 -0.146006 15.199424 -0.047604 
424 9.227319 0.000000 3.289897 98.602339 -0.123437 6.623321 0.023370 
425 8.633748 0.000000 3.289897 98.890835 -0.125558 6.082289 0.018359 
426 9.227319 0.000000 3.842516 99.055506 -0.267184 4.905201 0.016387 
427 9.524104 0.000000 2.460967 101.126371 -0.140542 16.086450 -0.048534 
428 9.227319 0.000000 2.460967 100.970570 -0.148359 16.292422 -0.046052 
429 9.524104 0.000000 2.184657 101.240541 -0.128591 15.120486 -0.047829 
430 9.524104 0.000000 2.737277 101.139019 -0.136430 15.700689 -0.047563 
431 10.414459 0.000000 1.079418 4.302553 -0.193251 0.921686 0.998060 
432 9.820889 0.000000 1.079418 4.218078 0.005515 0.843930 0.998150 
433 10.414459 0.000000 0.526798 4.085226 -0.206634 0.640720 0.998286 
434 11.008029 0.000000 1.079418 4.038986 -0.105345 1.009884 0.998266 
435 10.117674 0.000000 1.908347 101.278715 -0.123700 12.655230 -0.041755 
436 9.820889 0.000000 1.908347 101.258616 -0.122806 13.054425 -0.042374 
437 10.117674 0.000000 1.632037 101.159336 -0.146918 13.507655 -0.041569 
438 10.414459 0.000000 1.908347 101.399803 -0.117054 11.503567 -0.041427 
439 9.969281 0.000000 2.322812 101.235950 -0.150468 16.223030 -0.051193 
440 9.820889 0.000000 2.322812 101.230818 -0.149230 16.319061 -0.051401 
441 9.969281 0.000000 2.184657 101.219179 -0.152107 15.958135 -0.050001 
442 10.117674 0.000000 2.322812 101.233031 -0.155680 16.380134 -0.051646 
443 9.969281 0.000000 2.460967 101.229200 -0.147969 16.094593 -0.050641 
444 9.227319 0.000000 1.079418 4.022874 0.013282 0.323025 0.998371 
445 8.633748 0.000000 1.079418 3.815320 -0.046932 0.140936 0.998542 
446 9.227319 0.000000 0.526798 3.864500 0.006408 0.350925 0.998494 
447 9.524104 0.000000 1.908347 101.285113 -0.109686 13.160702 -0.043189 
448 9.227319 0.000000 1.908347 101.117158 -0.132832 14.279357 -0.042860 
449 9.524104 0.000000 1.632037 101.341194 -0.111502 12.276116 -0.042075 
450 9.672496 0.000000 2.322812 101.199799 -0.146952 16.139150 -0.050189 
451 9.524104 0.000000 2.322812 101.150048 -0.145861 16.641579 -0.050830 
452 9.672496 0.000000 2.184657 101.273257 -0.135926 15.045469 -0.048266 
453 9.672496 0.000000 2.460967 101.206020 -0.151040 16.717046 -0.052214 
454 10.117674 0.000000 3.013587 101.212549 -0.164733 16.484994 -0.051576 
455 9.820889 0.000000 3.013587 101.220901 -0.168028 17.073604 -0.053721 
456 10.414459 0.000000 3.013587 101.324770 -0.181181 16.728225 -0.054658 
457 10.117674 0.000000 3.289897 101.500441 -0.185930 18.299980 -0.063726 
458 9.969281 0.000000 2.599122 101.226086 -0.154131 16.449934 -0.051734 
459 9.820889 0.000000 2.599122 101.207803 -0.146025 15.883002 -0.049531 
460 10.117674 0.000000 2.599122 101.177271 -0.146217 15.490852 -0.047683 
461 9.969281 0.000000 2.737277 101.145806 -0.145293 15.347013 -0.046603 
462 9.895085 0.000000 2.391890 101.236606 -0.148075 16.304524 -0.051471 
463 9.820889 0.000000 2.391890 101.229249 -0.147675 16.282503 -0.051250 
464 9.895085 0.000000 2.322812 101.238885 -0.149870 16.348507 -0.051661 
465 9.969281 0.000000 2.391890 101.234940 -0.148902 16.198245 -0.051092 
466 9.895085 0.000000 2.460967 101.228707 -0.147341 16.168425 -0.050869 
467 9.524104 0.000000 3.013587 101.055366 -0.153076 17.225244 -0.050892 
468 9.227319 0.000000 3.013587 101.054722 -0.153044 17.220144 -0.050861 
469 9.524104 0.000000 3.289897 98.560401 -0.260272 6.960671 0.023733 
470 9.672496 0.000000 2.599122 101.120534 -0.141020 15.703671 -0.047199 
471 9.524104 0.000000 2.599122 101.117613 -0.139415 15.774942 -0.047364 
472 9.672496 0.000000 2.737277 101.121022 -0.158303 16.898192 -0.051104 
473 9.746692 0.000000 2.391890 101.215336 -0.147226 16.186316 -0.050656 
474 9.672496 0.000000 2.391890 101.207182 -0.151403 16.764803 -0.052398 
475 9.746692 0.000000 2.322812 101.215222 -0.148264 16.207319 -0.050722 
476 9.746692 0.000000 2.460967 101.211569 -0.146448 16.098417 -0.050296 
477 9.969281 0.000000 2.046502 101.197653 -0.150669 15.588363 -0.048398 
478 9.820889 0.000000 2.046502 101.284515 -0.137774 14.666779 -0.047369 
479 9.969281 0.000000 1.908347 101.116985 -0.138899 14.235055 -0.042730 
480 10.117674 0.000000 2.046502 101.272061 -0.122961 12.893092 -0.042228 
481 9.895085 0.000000 2.253735 101.232019 -0.151851 16.245951 -0.051188 
482 9.820889 0.000000 2.253735 101.224414 -0.150815 16.228462 -0.050977 
483 9.895085 0.000000 2.184657 101.219570 -0.152192 16.049876 -0.050302 
484 9.969281 0.000000 2.253735 101.229889 -0.151898 16.130681 -0.050771 
485 9.857987 0.000000 2.357351 101.236228 -0.148531 16.347360 -0.051603 
486 9.820889 0.000000 2.357351 101.230974 -0.148350 16.315787 -0.051394 
487 9.857987 0.000000 2.322812 101.236261 -0.149539 16.352282 -0.051620 
488 9.895085 0.000000 2.357351 101.238810 -0.148820 16.343586 -0.051643 
489 9.857987 0.000000 2.391890 101.234101 -0.147812 16.309077 -0.051435 
490 9.820889 0.000000 -2.788920 99.881527 -0.145890 0.181995 0.002363 
491 9.820889 0.000000 -3.894160 99.900170 -0.287694 -0.353598 0.001975 
492 11.008029 0.000000 -2.788920 99.577993 -0.227886 0.091472 0.008416 
493 12.195170 0.000000 -0.578441 101.172653 -0.219512 3.512444 -0.024829 
494 12.195170 0.000000 -1.683681 102.824660 -0.261590 3.382475 -0.058442 
495 13.382310 0.000000 -0.578441 100.763602 -0.213518 3.436927 -0.016516 
496 10.414459 0.000000 -1.131061 102.327727 -0.180234 3.180836 -0.048111 
497 9.820889 0.000000 -1.131061 102.808222 -0.179319 3.046330 -0.057884 
498 10.414459 0.000000 -1.683681 102.666846 -0.191006 3.311801 -0.055149 
499 11.008029 0.000000 -1.131061 102.748861 -0.244887 3.242558 -0.056790 
500 10.414459 0.000000 -0.578441 102.038688 -0.189244 3.401866 -0.042350 
501 15.756591 0.000000 -3.894160 98.943306 -0.068814 -0.549206 0.020992 
502 15.756591 0.000000 -6.104639 99.096640 -0.067358 -0.458718 0.017964 
503 18.130872 0.000000 -3.894160 97.778509 -0.060784 -0.586745 0.043902 
504 12.195170 0.000000 -2.788920 99.388334 -0.203283 0.187194 0.012188 
505 12.195170 0.000000 -3.894160 99.611716 -0.230750 -0.327971 0.007735 
506 13.382310 0.000000 -2.788920 99.295803 -0.129511 -0.006931 0.014033 
507 11.601599 0.000000 -1.131061 102.257164 -0.292291 3.329750 -0.046770 
508 11.601599 0.000000 -1.683681 102.351580 -0.317107 3.458095 -0.048790 
509 12.195170 0.000000 -1.131061 102.275056 -0.252470 3.349114 -0.047147 
510 11.601599 0.000000 -0.578441 101.726049 0.306714 3.391980 -0.035979 
511 14.569450 0.000000 -0.578441 100.161585 -0.173582 2.818599 -0.004032 
512 14.569450 0.000000 -1.683681 102.690135 -0.172248 2.487970 -0.055148 
513 15.756591 0.000000 -0.578441 98.947024 -0.155003 1.767044 0.020634 
514 14.569450 0.000000 0.526798 0.322361 0.090061 0.489985 0.999965 
515 14.569450 0.000000 -2.788920 99.115975 -0.048756 -0.200548 0.017598 
516 14.569450 0.000000 -3.894160 99.207272 -0.074993 -0.366337 0.015778 
517 15.756591 0.000000 -2.788920 99.002267 -0.130477 -0.423208 0.019835 
518 13.975880 0.000000 -1.131061 101.787771 -0.179778 3.062283 -0.037016 
519 13.382310 0.000000 -1.131061 101.776893 -0.207323 3.280029 -0.036934 
520 13.975880 0.000000 -1.683681 102.104808 -0.173953 2.961473 -0.043419 
521 14.569450 0.000000 -1.131061 101.483490 -0.172351 2.690112 -0.030617 
522 13.975880 0.000000 -0.578441 99.964419 -0.168118 3.203960 -0.000318 
523 14.569450 0.000000 3.842516 101.588397 -0.106191 15.412058 -0.055775 
524 14.569450 0.000000 2.737277 101.400351 -0.102571 13.299470 -0.045892 
525 15.756591 0.000000 3.842516 102.219421 -0.124209 14.127677 -0.064842 
526 14.569450 0.000000 4.947756 100.636358 -0.047812 5.172537 -0.015443 
527 14.569450 0.000000 1.632037 0.267072 0.036486 1.887330 0.999637 
528 15.756591 0.000000 1.632037 -2.957936 0.011647 1.633979 0.998858 
529 13.975880 0.000000 3.289897 101.484084 -0.120695 15.278762 -0.053247 
530 13.382310 0.000000 3.289897 101.569648 -0.159851 15.405084 -0.055374 
531 13.975880 0.000000 2.737277 101.396932 -0.119368 12.143721 -0.042882 
532 14.569450 0.000000 3.289897 101.499279 -0.102534 14.385334 -0.050905 
533 13.975880 0.000000 3.842516 101.505517 -0.110794 15.759025 -0.055173 
534 20.505152 0.000000 0.526798 -5.761512 0.015056 -0.485783 0.996657 
535 20.505152 0.000000 -1.683681 95.634376 -0.069943 -0.634531 0.085366 
536 22.879433 0.000000 0.526798 -2.905198 0.082680 0.626916 0.999116 
537 20.505152 0.000000 2.737277 -5.272052 -0.116158 2.730033 0.996474 
538 16.943731 0.000000 -0.578441 -5.336332 -0.043773 0.439962 0.997133 
539 16.943731 0.000000 -1.683681 100.377877 -0.127746 0.885826 -0.007652 
540 18.130872 0.000000 -0.578441 -4.326617 0.032789 0.483445 0.998105 
541 16.943731 0.000000 0.526798 -4.630681 -0.039242 0.352782 0.997843 
542 22.879433 0.000000 -10.525596 99.590269 -0.095870 -1.300308 0.008008 
543 22.879433 0.000000 -14.946554 100.180057 -0.044139 -0.638411 -0.003645 
544 27.627995 0.000000 -10.525596 100.501379 -0.049037 -1.181515 -0.010193 
545 20.505152 0.000000 -3.894160 96.408109 -0.012214 -1.489886 0.070326 
546 20.505152 0.000000 -6.104639 98.528206 -0.013769 -1.587336 0.028967 
547 22.879433 0.000000 -3.894160 96.465070 -0.154663 -3.272536 0.068376 
548 16.943731 0.000000 -2.788920 98.577543 -0.134539 -0.232283 0.028240 
549 16.943731 0.000000 -3.894160 98.598610 -0.129586 -0.640909 0.027789 
550 18.130872 0.000000 -2.788920 97.792876 -0.167405 -0.182223 0.043649 
551 16.350161 0.000000 -1.131061 99.343032 -0.151611 0.352061 0.013082 
552 15.756591 0.000000 -1.131061 99.978505 -0.152206 1.100526 0.000306 
553 16.350161 0.000000 -1.683681 99.620701 -0.146916 0.192729 0.007566 
554 16.943731 0.000000 -1.131061 99.790250 -0.144023 0.739696 0.004134 
555 16.350161 0.000000 -0.578441 -5.154316 0.055463 -1.422026 0.997141 
556 20.505152 0.000000 4.947756 102.229297 -0.196086 -1.865903 -0.045435 
557 22.879433 0.000000 4.947756 100.935550 -0.249681 -4.202754 -0.020571 
558 20.505152 0.000000 7.158235 101.518832 -0.075920 -0.396399 -0.030624 
559 16.943731 0.000000 3.842516 106.503861 -0.094557 7.891921 -0.140536 
560 16.943731 0.000000 2.737277 -5.903948 0.006587 0.462645 0.996493 
561 18.130872 0.000000 3.842516 107.622043 -0.115175 -0.654728 -0.158295 
562 16.943731 0.000000 4.947756 103.038499 -0.032833 3.591113 -0.062983 
563 16.943731 0.000000 1.632037 -5.096531 0.040174 0.663317 0.997358 
564 18.130872 0.000000 1.632037 -4.787671 -0.003541 0.300840 0.997699 
565 16.350161 0.000000 3.289897 103.040339 -0.107424 12.519033 -0.077405 
566 15.756591 0.000000 3.289897 102.040490 -0.126281 13.417009 -0.059229 
567 16.350161 0.000000 2.737277 -5.857859 0.016399 1.737603 0.996267 
568 16.943731 0.000000 3.289897 106.411961 -0.093750 8.076782 -0.138875 
569 16.350161 0.000000 3.842516 103.821753 -0.100585 12.235796 -0.092868 
570 16.350161 0.000000 -2.236301 98.926391 -0.134941 -0.327503 0.021344 
571 15.756591 0.000000 -2.236301 98.991786 -0.081396 -0.477601 0.020039 
572 16.350161 0.000000 -2.788920 98.851028 -0.123689 -0.408798 0.022829 
573 16.943731 0.000000 -2.236301 98.672678 -0.146266 0.102800 0.026367 
574 19.318012 0.000000 -0.578441 -4.408246 -0.002062 -0.777542 0.997996 
575 19.318012 0.000000 -1.683681 98.366613 -0.077374 1.335282 0.032222 
576 20.505152 0.000000 -0.578441 -5.059807 -0.011738 -2.254198 0.996932 
577 19.318012 0.000000 0.526798 -4.972278 0.021288 -0.143598 0.997526 
578 17.537301 0.000000 -1.131061 99.833390 -0.120070 1.045633 0.003219 
579 17.537301 0.000000 -1.683681 99.916155 -0.117145 1.105930 0.001553 
580 18.130872 0.000000 -1.131061 99.425398 -0.103357 1.207265 0.011312 
581 17.537301 0.000000 -0.578441 -4.585187 0.018694 0.641451 0.997856 
582 16.646946 0.000000 -1.407371 99.583143 -0.152667 0.467936 0.008296 
583 16.350161 0.000000 -1.407371 99.518778 -0.153041 0.328060 0.009588 
584 16.646946 0.000000 -1.683681 99.397092 -0.160354 0.489631 0.011995 
585 16.943731 0.000000 -1.407371 99.903918 -0.143504 0.694367 0.001870 
586 16.646946 0.000000 -1.131061 99.432892 -0.155949 0.493324 0.011283 
587 19.318012 0.000000 3.842516 106.775680 -0.139231 -4.794351 -0.142405 
588 19.318012 0.000000 2.737277 -4.060453 -0.032795 1.447429 0.998142 
589 20.505152 0.000000 3.842516 105.416562 -0.175225 -7.780967 -0.117323 
590 19.318012 0.000000 4.947756 102.525443 -0.061731 -0.769122 -0.051206 
591 17.537301 0.000000 3.289897 107.841062 -0.117416 3.021495 -0.163884 
592 17.537301 0.000000 2.737277 -5.089573 -0.030752 -0.000741 0.997410 
593 18.130872 0.000000 3.289897 107.539406 -0.107288 -0.478644 -0.156496 
594 17.537301 0.000000 3.842516 107.810855 -0.116399 2.608202 -0.163000 
595 -48.348991 0.000000 214.943249 100.000645 0.000160 0.000340 -0.000013 
596 -124.325976 0.000000 214.943249 100.000226 0.000109 0.000434 -0.000005 
597 27.627995 0.000000 214.943249 100.000970 0.000143 -0.000296 -0.000019 
598 -48.348991 0.000000 285.678573 100.000382 0.000022 0.000083 -0.000008 
599 -10.360498 0.000000 108.840263 100.004025 0.002010 0.002880 -0.000081 
600 -48.348991 0.000000 108.840263 100.001323 0.001362 0.003428 -0.000026 
601 27.627995 0.000000 108.840263 100.006205 0.002209 -0.001129 -0.000124 
602 -10.360498 0.000000 144.207925 100.002073 0.000818 0.000890 -0.000041 
603 8.633748 0.000000 55.788770 100.017716 0.018013 0.009164 -0.000354 
604 -10.360498 0.000000 55.788770 100.007185 0.011216 0.018759 -0.000144 
605 27.627995 0.000000 55.788770 100.026196 0.010161 -0.013543 -0.000524 
606 8.633748 0.000000 73.472601 100.011704 0.005624 0.003566 -0.000234 
607 18.130872 0.000000 29.263023 100.123946 -0.018098 0.049740 -0.002481 
608 8.633748 0.000000 29.263023 100.067009 -0.002685 0.101833 -0.001342 
609 27.627995 0.000000 29.263023 100.142788 -0.012404 -0.040278 -0.002858 
610 18.130872 0.000000 38.104939 100.088681 0.020257 0.008700 -0.001774 
611 13.382310 0.000000 16.000150 100.292627 -0.110093 0.443730 -0.005882 
612 8.633748 0.000000 16.000150 100.102918 -0.014288 0.454688 -0.002080 
613 18.130872 0.000000 16.000150 100.421614 -0.108945 0.239369 -0.008457 
614 13.382310 0.000000 20.421108 100.127712 0.102915 0.142511 -0.002559 
615 15.756591 0.000000 9.368714 100.758365 -0.031352 0.801909 -0.015289 
616 13.382310 0.000000 9.368714 100.612756 -0.005088 1.234697 -0.012445 
617 18.130872 0.000000 9.368714 101.007815 -0.075168 0.448359 -0.020279 
618 15.756591 0.000000 11.579192 100.566411 0.040416 0.631958 -0.011400 
619 16.943731 0.000000 6.052995 101.896606 -0.028798 2.383512 -0.038860 
620 15.756591 0.000000 6.052995 101.427428 0.014185 3.005025 -0.029655 
621 18.130872 0.000000 6.052995 101.984045 -0.032733 1.164874 -0.040210 
622 16.943731 0.000000 7.158235 101.482707 -0.003833 1.618542 -0.030136 
623 16.350161 0.000000 4.395136 103.810800 -0.130494 7.032332 -0.082615 
624 15.756591 0.000000 4.395136 102.178986 -0.058769 7.998593 -0.050453 
625 16.943731 0.000000 4.395136 104.741744 -0.062542 4.764245 -0.099353 
626 16.350161 0.000000 4.947756 102.564481 -0.012514 4.707355 -0.054163 
627 16.646946 0.000000 3.566206 104.865028 -0.094487 10.679516 -0.111074 
628 16.350161 0.000000 3.566206 103.449019 -0.106004 12.678418 -0.086245 
629 16.646946 0.000000 3.289897 105.088291 -0.093968 10.318551 -0.115003 
630 16.943731 0.000000 3.566206 106.708006 -0.098092 7.139413 -0.143758 
631 16.646946 0.000000 3.842516 105.160132 -0.093341 10.218732 -0.116308 
632 19.318012 0.000000 -2.788920 96.892246 -0.080122 -0.282620 0.061181 
633 19.318012 0.000000 -3.894160 97.020459 -0.152400 -0.958873 0.058609 
634 20.505152 0.000000 -2.788920 95.855259 -0.001631 -0.975334 0.081082 
635 18.724442 0.000000 -1.131061 98.864232 -0.090027 1.260775 0.022427 
636 18.724442 0.000000 -1.683681 98.880106 -0.088594 1.251774 0.022115 
637 19.318012 0.000000 -1.131061 98.323585 -0.080064 1.316407 0.033073 
638 18.724442 0.000000 -0.578441 97.756056 -0.083289 1.314985 0.044202 
639 19.318012 0.000000 1.632037 -4.780680 0.041915 0.969651 0.997620 
640 20.505152 0.000000 1.632037 -5.921682 -0.082594 1.299274 0.996324 
641 18.724442 0.000000 3.289897 107.040220 -0.116770 -2.815297 -0.146555 
642 18.724442 0.000000 2.737277 -4.260513 -0.021603 0.695571 0.998136 
643 19.318012 0.000000 3.289897 106.594454 -0.139631 -4.712106 -0.138460 
644 18.724442 0.000000 3.842516 107.240488 -0.118072 -2.758499 -0.150815 
645 32.376556 0.000000 -1.683681 102.710807 -0.069553 -1.617904 -0.055213 
646 32.376556 0.000000 -6.104639 100.675693 -0.142732 -1.610898 -0.013821 
647 37.125118 0.000000 -1.683681 101.140781 -0.118089 1.807651 -0.023274 
648 32.376556 0.000000 2.737277 99.254360 -0.103558 -3.462909 0.013657 
649 25.253714 0.000000 0.526798 3.776943 -0.061620 -0.133510 0.998571 
650 25.253714 0.000000 -1.683681 99.729048 -0.212247 -2.905444 0.004563 
651 27.627995 0.000000 0.526798 6.957057 -0.016551 -0.676795 0.995114 
652 25.253714 0.000000 2.737277 101.772677 -0.254309 -10.458651 -0.046713 
653 21.692293 0.000000 -0.578441 95.167007 -0.101137 1.131117 0.094195 
654 21.692293 0.000000 -1.683681 96.346752 -0.104364 -0.676986 0.071683 
655 22.879433 0.000000 -0.578441 93.915426 -0.130946 -1.457384 0.117775 
656 21.692293 0.000000 0.526798 -6.405823 0.110390 -0.067978 0.995895 
657 19.911582 0.000000 -1.131061 97.336396 -0.102798 1.333728 0.052384 
658 19.911582 0.000000 -1.683681 97.234034 -0.109907 1.328401 0.054377 
659 20.505152 0.000000 -1.131061 96.642220 -0.121003 1.294707 0.065859 
660 19.911582 0.000000 -0.578441 -4.591508 0.017734 -1.483992 0.997672 
661 32.376556 0.000000 7.158235 100.201286 -0.299538 -1.199146 -0.004183 
662 37.125118 0.000000 7.158235 100.623201 -0.098803 -1.196699 -0.012647 
663 32.376556 0.000000 11.579192 100.514871 -0.210223 -0.528789 -0.010356 
664 25.253714 0.000000 4.947756 99.973329 -0.236494 -3.377711 -0.000613 
665 27.627995 0.000000 4.947756 99.862798 -0.214944 -2.695873 0.002011 
666 25.253714 0.000000 7.158235 100.459493 -0.099093 -1.418483 -0.009413 
667 21.692293 0.000000 3.842516 104.387097 -0.076826 -10.059518 -0.099787 
668 21.692293 0.000000 2.737277 -10.831375 -0.007564 1.969272 0.987880 
669 22.879433 0.000000 3.842516 100.357038 -0.201440 -12.878260 -0.023743 
670 21.692293 0.000000 4.947756 101.939314 -0.254967 -3.206900 -0.040197 
671 19.911582 0.000000 3.289897 105.874172 -0.165843 -6.230418 -0.124819 
672 19.911582 0.000000 2.737277 -4.416923 -0.035300 2.061069 0.997624 
673 20.505152 0.000000 3.289897 105.188021 -0.159502 -7.842926 -0.112606 
674 19.911582 0.000000 3.842516 106.096541 -0.167495 -6.435589 -0.129792 
675 25.253714 0.000000 -3.894160 98.703943 -0.286711 -5.133064 0.023110 
676 25.253714 0.000000 -6.104639 99.413698 -0.220896 -3.639215 0.010362 
677 27.627995 0.000000 -3.894160 101.384103 -0.064594 -4.835618 -0.030212 
678 21.692293 0.000000 -2.788920 95.261297 -0.074300 -1.486592 0.092307 
679 21.692293 0.000000 -3.894160 96.147013 -0.041886 -2.122382 0.075125 
680 22.879433 0.000000 -2.788920 95.175986 -0.037716 -2.172031 0.093681 
681 21.098722 0.000000 -1.131061 95.934344 -0.100573 1.213541 0.079512 
682 21.098722 0.000000 -1.683681 95.832587 -0.092390 -1.096352 0.081490 
683 21.692293 0.000000 -1.131061 94.786676 -0.107436 1.229214 0.101396 
684 21.098722 0.000000 -0.578441 -6.507391 -0.007625 -3.017569 0.994855 
685 21.098722 0.000000 -2.236301 95.422701 -0.082319 -0.949814 0.089360 
686 20.505152 0.000000 -2.236301 95.757326 -0.026541 -0.669771 0.083009 
687 21.098722 0.000000 -2.788920 95.379882 -0.025130 -1.336445 0.090089 
688 21.692293 0.000000 -2.236301 95.224930 -0.092145 -0.753975 0.093164 
689 24.066573 0.000000 -0.578441 96.658537 -0.256012 -2.770207 0.064939 
690 24.066573 0.000000 -1.683681 97.429493 -0.257360 -2.120617 0.050293 
691 25.253714 0.000000 -0.578441 99.020314 -0.212900 -3.568466 0.018220 
692 24.066573 0.000000 0.526798 1.028893 -0.058244 0.028877 0.999894 
693 22.285863 0.000000 -1.131061 93.096410 -0.137220 0.924191 0.133219 
694 22.285863 0.000000 -1.683681 95.633936 -0.059030 1.765342 0.085103 
695 22.879433 0.000000 -1.131061 93.922440 -0.134693 -1.205793 0.117710 
696 22.285863 0.000000 -0.578441 92.649950 -0.135874 1.261793 0.141438 
697 21.395508 0.000000 -1.407371 95.696128 -0.096324 1.172565 0.084087 
698 21.098722 0.000000 -1.407371 95.939858 -0.101566 1.210838 0.079407 
699 21.395508 0.000000 -1.683681 95.986613 -0.088627 -1.127351 0.078529 
700 21.692293 0.000000 -1.407371 95.332990 -0.099118 1.136336 0.091032 
701 21.395508 0.000000 -1.131061 95.562329 -0.097278 1.158062 0.086649 
702 20.801937 0.000000 -1.407371 96.293112 -0.112882 1.251127 0.072606 
703 20.505152 0.000000 -1.407371 96.916687 -0.120641 1.305523 0.060544 
704 20.801937 0.000000 -1.683681 95.792095 -0.104812 -1.007687 0.082285 
705 20.801937 0.000000 -1.131061 96.300140 -0.113140 1.251796 0.072470 
706 21.692293 0.000000 1.632037 -6.917198 -0.000081 0.486205 0.995192 
707 22.879433 0.000000 1.632037 -3.239330 0.063605 -1.372383 0.998762 
708 21.098722 0.000000 -0.025822 -6.587459 -0.012843 -1.505053 0.995434 
709 20.505152 0.000000 -0.025822 -5.606458 -0.005195 -1.498051 0.996632 
710 21.692293 0.000000 -0.025822 -7.465060 0.068936 -0.569567 0.994394 
711 21.098722 0.000000 0.526798 -6.326513 -0.016758 -0.396786 0.995982 
712 21.395508 0.000000 -0.854751 95.540946 -0.097773 1.160986 0.087057 
713 21.098722 0.000000 -0.854751 95.827842 -0.098793 1.219803 0.081553 
714 21.692293 0.000000 -0.854751 95.095152 -0.104783 1.187721 0.095549 
715 21.395508 0.000000 -0.578441 -8.056324 0.031098 -2.973710 0.992625 
716 21.247115 0.000000 -1.269216 95.722698 -0.096362 1.178916 0.083577 
717 21.098722 0.000000 -1.269216 95.916827 -0.100389 1.210006 0.079849 
718 21.247115 0.000000 -1.407371 95.718048 -0.096355 1.177805 0.083666 
719 21.395508 0.000000 -1.269216 95.560705 -0.097412 1.159756 0.086680 
720 21.247115 0.000000 -1.131061 95.724734 -0.099655 1.182834 0.083537 
721 21.098722 0.000000 3.289897 104.719241 -0.104787 -8.891574 -0.104519 
722 21.098722 0.000000 2.737277 -7.314674 0.060612 3.166173 0.993647 
723 21.692293 0.000000 3.289897 103.717987 -0.061691 -10.459471 -0.086683 
724 21.098722 0.000000 3.842516 104.736460 -0.108885 -9.210231 -0.105457 
725 24.066573 0.000000 3.842516 101.437109 -0.255898 -12.605982 -0.044846 
726 24.066573 0.000000 2.737277 101.123749 -0.249490 -10.794681 -0.034260 
727 25.253714 0.000000 3.842516 99.652759 -0.318783 -6.073438 0.003234 
728 24.066573 0.000000 4.947756 100.136755 -0.238388 -3.941939 -0.004297 
729 22.285863 0.000000 3.289897 100.420847 -0.031089 -12.481536 -0.024014 
730 22.285863 0.000000 2.737277 -8.596644 0.136986 -3.791497 0.991170 
731 22.879433 0.000000 3.289897 100.116729 -0.151557 -12.732962 -0.018551 
732 22.285863 0.000000 3.842516 100.077570 -0.062244 -13.715642 -0.020364 
733 22.879433 0.000000 16.000150 100.482522 -0.129520 -0.061942 -0.009676 
734 27.627995 0.000000 16.000150 100.433298 -0.094187 -0.168287 -0.008688 
735 22.879433 0.000000 20.421108 100.335382 0.018427 0.015572 -0.006719 
736 20.505152 0.000000 9.368714 101.269653 -0.041036 0.089338 -0.025555 
737 22.879433 0.000000 9.368714 101.020717 -0.144713 -0.335780 -0.020532 
738 20.505152 0.000000 11.579192 100.431869 -0.001855 0.142792 -0.008658 
739 21.692293 0.000000 6.052995 101.557396 -0.150422 -1.690973 -0.031679 
740 20.505152 0.000000 6.052995 101.737678 -0.028091 -0.998744 -0.035155 
741 22.879433 0.000000 6.052995 101.040686 -0.302427 -2.120365 -0.021381 
742 21.692293 0.000000 7.158235 101.235570 -0.062807 -0.934793 -0.024952 
743 21.098722 0.000000 4.395136 102.968814 -0.121818 -3.331830 -0.061369 
744 20.505152 0.000000 4.395136 102.885134 -0.186899 -2.730503 -0.059284 
745 21.692293 0.000000 4.395136 103.054217 -0.069956 -4.537807 -0.064077 
746 21.098722 0.000000 4.947756 102.175646 -0.252466 -2.479991 -0.044608 
747 21.395508 0.000000 3.566206 104.382830 -0.081144 -9.916289 -0.099411 
748 21.098722 0.000000 3.566206 104.718469 -0.104360 -9.231483 -0.105119 
749 21.395508 0.000000 3.289897 104.356341 -0.081594 -9.903208 -0.098833 
750 21.692293 0.000000 3.566206 103.762407 -0.063084 -10.442872 -0.087569 
751 21.395508 0.000000 3.842516 104.535854 -0.087976 -9.678333 -0.102142 
752 24.066573 0.000000 -2.788920 95.913754 -0.230023 -3.499936 0.078825 
753 24.066573 0.000000 -3.894160 97.273034 -0.214960 -4.427499 0.051831 
754 25.253714 0.000000 -2.788920 97.947790 -0.226870 -4.351720 0.038724 
755 22.285863 0.000000 -2.236301 94.920465 -0.026003 -0.673123 0.098965 
756 22.285863 0.000000 -2.788920 95.125073 -0.045475 -1.691769 0.094836 
757 22.879433 0.000000 -2.236301 94.660206 -0.102681 -1.179009 0.103804 
758 21.989078 0.000000 -1.407371 93.225317 -0.130398 1.287296 0.130737 
759 21.989078 0.000000 -1.683681 96.577916 -0.087694 0.601174 0.067234 
760 22.285863 0.000000 -1.407371 92.807720 -0.141161 0.843606 0.138600 
761 21.989078 0.000000 -1.131061 93.805083 -0.126776 1.241827 0.119905 
762 22.285863 0.000000 4.395136 102.334644 -0.099222 -5.963528 -0.050795 
763 22.879433 0.000000 4.395136 100.884888 -0.156783 -6.205540 -0.021629 
764 22.285863 0.000000 4.947756 101.446685 -0.074691 -3.854631 -0.030629 
765 21.989078 0.000000 3.566206 101.828073 -0.028192 -11.666671 -0.050507 
766 21.989078 0.000000 3.289897 101.682348 -0.033333 -11.779167 -0.047805 
767 22.285863 0.000000 3.566206 100.597567 -0.027120 -12.561748 -0.027767 
768 21.989078 0.000000 3.842516 106.368122 -0.115034 -8.708442 -0.139003 
769 23.473003 0.000000 -1.131061 95.230241 -0.201215 -1.970405 0.092728 
770 23.473003 0.000000 -1.683681 95.574883 -0.202348 -1.703758 0.086250 
771 24.066573 0.000000 -1.131061 97.004652 -0.257852 -2.434098 0.058411 
772 23.473003 0.000000 -0.578441 95.080185 -0.200128 -2.077690 0.095540 
773 22.582648 0.000000 -1.407371 93.787662 -0.142824 -0.788787 0.120323 
774 22.582648 0.000000 -1.683681 94.602438 -0.014397 1.072867 0.104923 
775 22.879433 0.000000 -1.407371 93.966690 -0.138239 -0.935427 0.116937 
776 22.582648 0.000000 -1.131061 93.232500 -0.143684 -0.169381 0.130765 
777 22.285863 0.000000 -0.025822 -5.940718 0.033216 1.713373 0.996177 
778 22.879433 0.000000 -0.025822 -2.745948 0.082788 1.712340 0.998952 
779 22.285863 0.000000 0.526798 -5.151347 0.050838 0.601044 0.997310 
780 21.989078 0.000000 -0.854751 93.636332 -0.124306 1.263084 0.123063 
781 22.285863 0.000000 -0.854751 93.015839 -0.136798 0.723468 0.134751 
782 21.989078 0.000000 -0.578441 93.535587 -0.125628 1.507418 0.124881 
783 22.137470 0.000000 -1.269216 93.322826 -0.134822 1.162179 0.128948 
784 21.989078 0.000000 -1.269216 93.810617 -0.125667 1.189805 0.119814 
785 22.137470 0.000000 -1.407371 93.183749 -0.134765 1.035017 0.131570 
786 22.285863 0.000000 -1.269216 93.130136 -0.137026 0.919760 0.132591 
787 22.137470 0.000000 -1.131061 92.772015 -0.131295 1.503651 0.139107 
788 22.582648 0.000000 -0.854751 93.192996 -0.140328 -0.115469 0.131503 
789 22.879433 0.000000 -0.854751 93.861338 -0.135014 -1.237245 0.118850 
790 22.582648 0.000000 -0.578441 -4.081615 0.040446 3.524194 0.997092 
791 22.434255 0.000000 -1.269216 93.212566 -0.142348 0.146874 0.131138 
792 22.434255 0.000000 -1.407371 92.877055 -0.148341 0.251520 0.137377 
793 22.582648 0.000000 -1.269216 93.430436 -0.144069 -0.365477 0.127060 
794 22.434255 0.000000 -1.131061 93.158415 -0.146446 -0.079166 0.132148 
795 22.137470 0.000000 -0.992906 93.250396 -0.134200 1.185219 0.130294 
796 21.989078 0.000000 -0.992906 93.765306 -0.125643 1.204231 0.120660 
797 22.285863 0.000000 -0.992906 93.011065 -0.137352 0.730361 0.134839 
798 22.137470 0.000000 -0.854751 93.147621 -0.133784 1.117821 0.132225 
799 22.211667 0.000000 -1.200139 93.264564 -0.135620 1.110552 0.130047 
800 22.137470 0.000000 -1.200139 93.351602 -0.134766 1.198928 0.128402 
801 22.211667 0.000000 -1.269216 93.142687 -0.135658 1.000406 0.132342 
802 22.285863 0.000000 -1.200139 93.114418 -0.137269 0.912344 0.132885 
803 22.211667 0.000000 -1.131061 92.492700 -0.130410 1.565070 0.144263 
804 24.066573 0.000000 1.632037 0.938180 -0.044645 -1.466168 0.999697 
805 25.253714 0.000000 1.632037 3.636074 -0.053647 -1.221663 0.998528 
806 22.285863 0.000000 2.184657 -6.786508 0.044955 -1.448011 0.995184 
807 21.692293 0.000000 2.184657 -8.392847 0.049198 0.798759 0.992892 
808 22.285863 0.000000 1.632037 -5.605163 0.066850 -0.676406 0.996812 
809 22.879433 0.000000 2.184657 -3.379073 0.013941 -2.412025 0.998276 
810 21.989078 0.000000 3.013587 100.911114 -0.019202 -12.167113 -0.033109 
811 21.692293 0.000000 3.013587 103.957062 -0.067974 -10.384318 -0.091491 
812 21.989078 0.000000 2.737277 -11.669064 0.067375 -0.885539 0.986304 
813 22.285863 0.000000 3.013587 99.995027 -0.033515 -12.607301 -0.015795 
814 23.473003 0.000000 3.289897 100.616142 -0.225346 -12.035378 -0.026851 
815 23.473003 0.000000 2.737277 100.455352 -0.223312 -10.926889 -0.021072 
816 24.066573 0.000000 3.289897 101.359843 -0.256913 -11.764998 -0.041230 
817 23.473003 0.000000 3.842516 100.864508 -0.227027 -12.750331 -0.033627 
818 22.582648 0.000000 3.566206 100.176894 -0.111715 -13.418033 -0.021547 
819 22.582648 0.000000 3.289897 99.988092 -0.097747 -12.845039 -0.016262 
820 22.879433 0.000000 3.566206 100.095260 -0.147672 -12.712890 -0.018070 
821 22.582648 0.000000 3.842516 100.077570 -0.062244 -13.715642 -0.020364 
822 22.137470 0.000000 3.428052 100.358577 -0.010389 -12.368606 -0.022483 
823 21.989078 0.000000 3.428052 101.763854 -0.024562 -11.685344 -0.049243 
824 22.137470 0.000000 3.289897 100.672712 -0.022704 -12.413753 -0.028910 
825 22.285863 0.000000 3.428052 100.441310 -0.031601 -12.501724 -0.024475 
826 22.137470 0.000000 3.566206 100.984415 -0.016664 -12.190614 -0.034646 
827 22.582648 0.000000 3.013587 100.029388 -0.120147 -12.478900 -0.016162 
828 22.582648 0.000000 2.737277 -5.932148 0.042099 -3.844363 0.995003 
829 22.879433 0.000000 3.013587 100.059442 -0.164875 -12.385821 -0.016533 
830 22.434255 0.000000 3.428052 100.063659 -0.062150 -13.139382 -0.018538 
831 22.434255 0.000000 3.289897 100.057045 -0.062824 -12.947477 -0.017905 
832 22.582648 0.000000 3.428052 100.026446 -0.083130 -13.162687 -0.017855 
833 22.434255 0.000000 3.566206 100.035873 -0.032988 -13.088347 -0.017848 
834 21.989078 0.000000 4.118826 103.938543 -0.119010 -6.808037 -0.084958 
835 21.692293 0.000000 4.118826 104.017059 -0.019887 -5.449946 -0.084925 
836 22.285863 0.000000 4.118826 103.041468 -0.113041 -7.970760 -0.068109 
837 21.989078 0.000000 4.395136 102.814057 -0.091457 -5.364274 -0.059951 
838 22.137470 0.000000 3.704361 100.762930 -0.024947 -12.399241 -0.030691 
839 21.989078 0.000000 3.704361 102.118102 -0.026772 -11.380785 -0.055763 
840 22.285863 0.000000 3.704361 100.038572 -0.026320 -12.940466 -0.017517 
841 22.137470 0.000000 3.842516 105.907083 -0.126220 -10.784982 -0.133264 
842 22.211667 0.000000 3.497129 100.246065 -0.012603 -12.463996 -0.020462 
843 22.137470 0.000000 3.497129 101.021095 -0.014772 -12.149531 -0.035287 
844 22.211667 0.000000 3.428052 100.060495 -0.010994 -12.519749 -0.016885 
845 22.285863 0.000000 3.497129 100.558139 -0.027345 -12.593711 -0.027054 
846 22.211667 0.000000 3.566206 100.862109 -0.019341 -12.303983 -0.032455 
847 30.002275 0.000000 0.526798 7.369797 0.064373 -0.524119 0.994541 
848 30.002275 0.000000 -1.683681 102.748228 -0.042173 -2.652954 -0.056424 
849 32.376556 0.000000 0.526798 2.610995 0.064831 -0.068830 0.999317 
850 30.002275 0.000000 2.737277 101.740429 -0.179240 -11.041162 -0.047305 
851 26.440854 0.000000 -0.578441 101.544397 -0.254834 -4.002830 -0.032735 
852 26.440854 0.000000 -1.683681 101.777002 -0.259436 -3.177082 -0.036872 
853 27.627995 0.000000 -0.578441 103.175976 -0.237625 -3.917209 -0.066068 
854 26.440854 0.000000 0.526798 5.399048 -0.030869 -0.583311 0.997051 
855 24.660144 0.000000 -1.131061 98.470928 -0.227670 -2.394709 0.029769 
856 24.660144 0.000000 -1.683681 97.960973 -0.229261 -2.909273 0.039513 
857 25.253714 0.000000 -1.131061 99.358031 -0.215211 -3.011874 0.011886 
858 24.660144 0.000000 -0.578441 97.423112 -0.232262 -3.588537 0.049581 
859 30.002275 0.000000 4.947756 99.680596 -0.200306 -1.781011 0.006057 
860 32.376556 0.000000 4.947756 100.024616 -0.270606 -1.421459 -0.000702 
861 30.002275 0.000000 7.158235 99.966778 0.008811 -0.929365 0.000578 
862 26.440854 0.000000 3.842516 99.581902 -0.334447 -5.096070 0.005736 
863 26.440854 0.000000 2.737277 102.357378 -0.223937 -11.014297 -0.059840 
864 27.627995 0.000000 3.842516 99.668541 -0.325780 -4.377091 0.004692 
865 26.440854 0.000000 4.947756 99.811475 -0.122274 -3.119528 0.002792 
866 24.660144 0.000000 3.289897 101.672087 -0.258458 -11.460599 -0.046863 
867 24.660144 0.000000 2.737277 101.348760 -0.240984 -10.010553 -0.037184 
868 25.253714 0.000000 3.289897 101.798272 -0.259567 -11.140414 -0.048706 
869 24.660144 0.000000 3.842516 102.169578 -0.271184 -12.463479 -0.059403 
870 103.604980 0.000000 -209.468695 99.999951 0.000590 -0.000103 0.000001 
871 103.604980 0.000000 -280.204020 99.999948 0.000338 -0.000121 0.000001 
872 179.581965 0.000000 -209.468695 99.999755 0.000536 -0.000211 0.000005 
873 65.616487 0.000000 -103.365709 100.000948 0.003078 0.000886 -0.000019 
874 65.616487 0.000000 -138.733371 100.000562 0.001537 0.000072 -0.000011 
875 103.604980 0.000000 -103.365709 99.999369 0.002303 0.001170 0.000013 
876 46.622241 0.000000 -50.314216 100.055892 -0.004279 0.016324 -0.001118 
877 46.622241 0.000000 -67.998047 100.016424 -0.001983 0.001079 -0.000329 
878 65.616487 0.000000 -50.314216 100.028078 -0.001435 0.029605 -0.000562 
879 37.125118 0.000000 -23.788470 100.132771 -0.076107 -0.055630 -0.002658 
880 37.125118 0.000000 -32.630385 100.169785 -0.090186 -0.028605 -0.003399 
881 46.622241 0.000000 -23.788470 100.086834 0.015290 0.116096 -0.001739 
882 32.376556 0.000000 -10.525596 100.631729 -0.229427 -0.835893 -0.012750 
883 32.376556 0.000000 -14.946554 100.367835 0.014489 -0.525185 -0.007398 
884 37.125118 0.000000 -10.525596 100.110718 -0.059648 -0.393795 -0.002231 
885 30.002275 0.000000 -3.894160 101.167484 -0.142771 -3.843134 -0.024965 
886 30.002275 0.000000 -6.104639 100.546251 -0.147648 -2.666044 -0.011668 
887 32.376556 0.000000 -3.894160 101.243087 -0.217933 -3.009122 -0.025927 
888 28.815135 0.000000 -0.578441 103.540862 -0.233176 -3.751875 -0.073484 
889 28.815135 0.000000 -1.683681 103.248735 -0.211022 -2.725575 -0.066777 
890 30.002275 0.000000 -0.578441 102.801731 -0.085268 -2.536445 -0.057464 
891 28.815135 0.000000 0.526798 7.310719 -0.011103 -0.565237 0.994623 
892 28.815135 0.000000 1.632037 101.896103 -0.166129 -7.377290 -0.043727 
893 27.627995 0.000000 1.632037 102.081578 -0.188221 -7.303858 -0.047403 
894 30.002275 0.000000 1.632037 101.418084 -0.130638 -8.939156 -0.036555 
895 28.815135 0.000000 2.737277 101.995317 -0.192542 -10.127884 -0.050566 
896 255.558951 0.000000 -67.998047 99.999161 0.001676 -0.004823 0.000017 
897 255.558951 0.000000 -138.733371 99.999508 0.000795 -0.001067 0.000010 
898 331.535936 0.000000 -67.998047 99.999612 0.001552 -0.004945 0.000008 
899 255.558951 0.000000 2.737277 99.999046 -0.012324 -0.420041 0.000001 
900 141.593473 0.000000 -32.630385 99.992983 0.005621 -0.015647 0.000140 
901 141.593473 0.000000 -67.998047 99.996640 0.002793 -0.002049 0.000067 
902 179.581965 0.000000 -32.630385 99.996928 0.004502 -0.016661 0.000061 
903 141.593473 0.000000 2.737277 99.991523 -0.010297 -0.422429 0.000152 
904 84.610734 0.000000 -14.946554 99.913860 0.064375 -0.015214 0.001722 
905 84.610734 0.000000 -32.630385 99.972724 0.013049 0.026235 0.000545 
906 103.604980 0.000000 -14.946554 99.970890 -0.024256 -0.032084 0.000582 
907 84.610734 0.000000 2.737277 99.886684 0.040402 -0.442747 0.002245 
908 56.119364 0.000000 -6.104639 97.432726 -0.124503 1.535624 0.050449 
909 56.119364 0.000000 -14.946554 99.504510 0.012120 0.467583 0.009863 
910 65.616487 0.000000 -6.104639 99.229066 0.003143 -0.138448 0.015357 
911 56.119364 0.000000 2.737277 98.110701 -0.116397 -2.349367 0.036876 
912 41.873679 0.000000 -1.683681 105.135120 -0.196737 3.550930 -0.106604 
913 41.873679 0.000000 -6.104639 100.492895 0.014990 1.013654 -0.009985 
914 46.622241 0.000000 -1.683681 95.688919 0.103044 4.648265 0.082201 
915 41.873679 0.000000 2.737277 101.334792 0.135218 -5.384958 -0.029776 
916 34.750837 0.000000 0.526798 -1.815548 -0.014857 0.011939 0.999670 
917 34.750837 0.000000 -1.683681 104.003124 0.001718 0.917529 -0.081749 
918 37.125118 0.000000 0.526798 -2.714797 0.038398 0.097037 0.999262 
919 34.750837 0.000000 2.737277 100.518518 -0.344699 -2.977541 -0.011296 
920 31.189416 0.000000 -0.578441 102.364511 -0.026494 -2.074230 -0.048280 
921 31.189416 0.000000 -1.683681 102.362698 -0.027181 -2.071930 -0.048242 
922 32.376556 0.000000 -0.578441 102.403017 -0.077977 -1.107103 -0.048761 
923 31.189416 0.000000 0.526798 6.077417 0.053322 -0.554837 0.996275 
924 34.750837 0.000000 -3.894160 101.513549 0.144668 -1.129669 -0.030630 
925 34.750837 0.000000 -6.104639 100.881462 -0.040155 -0.898687 -0.017788 
926 37.125118 0.000000 -3.894160 100.352127 0.117881 -0.056384 -0.007057 
927 31.189416 0.000000 -2.788920 101.311129 0.154448 -4.483226 -0.028407 
928 30.002275 0.000000 -2.788920 101.488049 -0.117616 -4.226981 -0.031771 
929 31.189416 0.000000 -3.894160 101.032309 0.027277 -3.580816 -0.022035 
930 32.376556 0.000000 -2.788920 102.047662 0.004215 -3.827541 -0.042838 
931 30.595846 0.000000 -1.131061 102.511814 0.056007 -2.238096 -0.051368 
932 30.002275 0.000000 -1.131061 102.834577 -0.052301 -2.603985 -0.058173 
933 30.595846 0.000000 -1.683681 102.507923 0.058220 -2.493864 -0.051410 
934 31.189416 0.000000 -1.131061 102.316708 -0.004128 -1.985787 -0.047265 
935 30.595846 0.000000 -0.578441 102.513937 0.058129 -2.517261 -0.051545 
936 31.189416 0.000000 1.632037 100.829812 -0.038950 -9.256799 -0.025234 
937 32.376556 0.000000 1.632037 99.676064 -0.079095 -8.697731 -0.001097 
938 31.189416 0.000000 2.737277 101.099325 -0.052770 -11.341463 -0.034971 
939 255.558951 0.000000 73.472601 99.999421 -0.000964 -0.006445 0.000012 
940 331.535936 0.000000 73.472601 99.999721 -0.001110 -0.006099 0.000006 
941 255.558951 0.000000 144.207925 99.999845 -0.000398 -0.001950 0.000003 
942 141.593473 0.000000 38.104939 99.994763 -0.000565 -0.029681 0.000105 
943 179.581965 0.000000 38.104939 99.997407 -0.001669 -0.026370 0.000052 
944 141.593473 0.000000 73.472601 99.998104 0.000206 -0.009633 0.000038 
945 84.610734 0.000000 20.421108 99.938475 0.029908 -0.157835 0.001228 
946 103.604980 0.000000 20.421108 99.970779 -0.043575 -0.115187 0.000583 
947 84.610734 0.000000 38.104939 99.974754 -0.016658 -0.049783 0.000505 
948 56.119364 0.000000 11.579192 99.880029 -0.240118 -1.170342 0.002255 
949 65.616487 0.000000 11.579192 99.723556 0.169129 -0.695550 0.005470 
950 56.119364 0.000000 20.421108 100.056787 0.086299 -0.439676 -0.001156 
951 41.873679 0.000000 7.158235 100.698984 0.049797 -1.629956 -0.014294 
952 46.622241 0.000000 7.158235 100.264764 -0.065953 -1.926577 -0.005674 
953 41.873679 0.000000 11.579192 100.616409 0.340071 -0.696788 -0.012426 
954 34.750837 0.000000 4.947756 100.046716 -0.235037 -1.409773 -0.001139 
955 37.125118 0.000000 4.947756 100.372423 0.062824 -1.250135 -0.007619 
956 34.750837 0.000000 7.158235 100.292785 -0.107112 -0.920946 -0.005950 
957 31.189416 0.000000 3.842516 99.859753 -0.199459 -2.382186 0.002232 
958 30.002275 0.000000 3.842516 99.760947 -0.021952 -3.099619 0.003815 
959 32.376556 0.000000 3.842516 100.121677 -0.199317 -2.244982 -0.002943 
960 31.189416 0.000000 4.947756 99.645649 -0.395610 -1.611231 0.006799 
961 30.595846 0.000000 2.184657 101.390310 -0.072060 -10.899247 -0.039879 
962 30.002275 0.000000 2.184657 101.607436 -0.142293 -10.278812 -0.042975 
963 30.595846 0.000000 1.632037 101.338953 -0.061854 -7.595882 -0.032728 
964 31.189416 0.000000 2.184657 100.935726 -0.044921 -10.200033 -0.029206 
965 30.595846 0.000000 2.737277 101.245223 -0.070299 -10.585354 -0.036265 
966 33.563697 0.000000 -0.578441 -1.436020 -0.150024 -1.009717 0.999690 
967 33.563697 0.000000 -1.683681 105.051277 -0.302169 -1.512324 -0.103815 
968 34.750837 0.000000 -0.578441 -2.042518 -0.035027 -0.062963 0.999582 
969 33.563697 0.000000 0.526798 -0.812784 -0.101501 -0.158193 0.999930 
970 33.563697 0.000000 -2.788920 102.727199 -0.165916 -2.129112 -0.055744 
971 33.563697 0.000000 -3.894160 101.562474 0.213342 -2.024214 -0.031908 
972 34.750837 0.000000 -2.788920 102.530843 0.184864 -0.585964 -0.051295 
973 32.970126 0.000000 -1.131061 103.478275 -0.186542 -0.422580 -0.070797 
974 32.376556 0.000000 -1.131061 102.774468 -0.110542 -1.116433 -0.056385 
975 32.970126 0.000000 -1.683681 103.340787 -0.205128 -0.492181 -0.067960 
976 33.563697 0.000000 -1.131061 104.241964 -0.207373 0.532059 -0.086671 
977 32.970126 0.000000 -0.578441 0.109452 0.015921 -1.867905 0.999650 
978 33.563697 0.000000 1.632037 99.598581 -0.173084 -7.621252 0.002201 
979 34.750837 0.000000 1.632037 100.725710 -0.132723 -7.807572 -0.020664 
980 33.563697 0.000000 2.737277 100.316919 -0.383846 -3.272786 -0.007434 
981 33.563697 0.000000 3.842516 100.338977 -0.453366 -2.209973 -0.007300 
982 34.750837 0.000000 3.842516 100.705015 -0.363530 -1.775800 -0.014479 
983 33.563697 0.000000 4.947756 100.049281 -0.450524 -1.568092 -0.001252 
984 32.970126 0.000000 2.184657 99.101550 -0.051118 -8.216428 0.011137 
985 32.376556 0.000000 2.184657 99.692364 -0.085472 -9.341470 -0.002584 
986 32.970126 0.000000 1.632037 99.148394 -0.071390 -8.186681 0.010257 
987 33.563697 0.000000 2.184657 99.309911 -0.150148 -7.764677 0.007723 
988 32.970126 0.000000 2.737277 99.897466 -0.276522 -3.473261 0.000836 
989 39.499399 0.000000 0.526798 -2.073537 -0.009763 0.103105 0.999569 
990 39.499399 0.000000 -1.683681 101.792252 -0.128420 0.860047 -0.036242 
991 41.873679 0.000000 0.526798 -3.606934 -0.044658 -0.069957 0.998698 
992 39.499399 0.000000 2.737277 101.018275 0.120239 -3.883614 -0.021979 
993 35.937977 0.000000 -0.578441 -2.481339 0.037276 0.074052 0.999384 
994 35.937977 0.000000 -1.683681 102.432333 0.007710 1.795047 -0.049561 
995 37.125118 0.000000 -0.578441 101.438918 -0.079433 2.836753 -0.029791 
996 35.937977 0.000000 0.526798 -2.581086 -0.045829 -0.004179 0.999334 
997 34.157267 0.000000 -1.131061 104.598378 -0.261065 1.500416 -0.094314 
998 34.157267 0.000000 -1.683681 104.660435 -0.281987 -0.124925 -0.095390 
999 34.750837 0.000000 -1.131061 104.295804 -0.241209 2.108122 -0.088212 
1000 34.157267 0.000000 -0.578441 -1.773446 -0.052695 -0.332076 0.999674 
1001 35.937977 0.000000 1.632037 100.919965 -0.087938 -8.160361 -0.025144 
1002 37.125118 0.000000 1.632037 100.940166 -0.026779 -8.257311 -0.025710 
1003 35.937977 0.000000 2.737277 100.665957 -0.164302 -2.969901 -0.014248 
1004 34.157267 0.000000 2.184657 100.419353 -0.180815 -8.056690 -0.014899 
1005 34.157267 0.000000 1.632037 100.381656 -0.176525 -7.691682 -0.013567 
1006 34.750837 0.000000 2.184657 100.759101 -0.130531 -8.186371 -0.021943 
1007 34.157267 0.000000 2.737277 100.474887 -0.435560 -3.243635 -0.010591 
1008 41.873679 0.000000 -10.525596 100.035180 0.147683 0.533527 -0.000734 
1009 41.873679 0.000000 -14.946554 100.357761 0.111072 0.162393 -0.007172 
1010 46.622241 0.000000 -10.525596 100.388165 0.030517 0.889595 -0.007858 
1011 39.499399 0.000000 -3.894160 100.859609 -0.096293 0.464998 -0.017289 
1012 39.499399 0.000000 -6.104639 100.604715 0.072397 0.633794 -0.012172 
1013 41.873679 0.000000 -3.894160 101.424026 -0.034247 2.184492 -0.029161 
1014 35.937977 0.000000 -2.788920 101.741783 0.093663 0.276949 -0.035148 
1015 35.937977 0.000000 -3.894160 101.150162 0.125143 -0.363401 -0.023150 
1016 37.125118 0.000000 -2.788920 100.978181 -0.135809 0.667360 -0.019706 
1017 34.157267 0.000000 -2.236301 103.568848 -0.143868 -1.025021 -0.072758 
1018 33.563697 0.000000 -2.236301 103.617951 -0.165988 -1.809386 -0.073998 
1019 34.157267 0.000000 -2.788920 102.708623 0.253509 -1.341969 -0.055093 
1020 34.750837 0.000000 -2.236301 103.165806 0.010637 -0.079488 -0.064319 
1021 35.344407 0.000000 -1.131061 103.638357 -0.115494 2.581150 -0.074758 
1022 35.344407 0.000000 -1.683681 103.246411 -0.110181 1.432512 -0.066189 
1023 35.937977 0.000000 -1.131061 102.770096 -0.119261 2.846173 -0.056981 
1024 35.344407 0.000000 -0.578441 -2.285899 0.124909 0.161502 0.999473 
1025 34.454052 0.000000 -1.407371 104.479255 -0.240731 1.821139 -0.091929 
1026 34.157267 0.000000 -1.407371 104.595893 -0.259323 1.515681 -0.094267 
1027 34.454052 0.000000 -1.683681 103.910018 -0.262920 0.505770 -0.079762 
1028 34.750837 0.000000 -1.407371 104.301276 -0.240753 2.102439 -0.088323 
1029 34.454052 0.000000 -1.131061 104.544869 -0.231289 1.819867 -0.093300 
1030 34.157267 0.000000 1.079418 -1.633133 -0.058321 -0.034132 0.999733 
1031 33.563697 0.000000 1.079418 -1.154590 -0.189716 0.323889 0.999853 
1032 34.157267 0.000000 0.526798 -1.386352 -0.071293 -0.096625 0.999806 
1033 34.750837 0.000000 1.079418 -1.957603 -0.004312 -0.031456 0.999617 
1034 39.499399 0.000000 4.947756 101.061424 0.007373 -1.991533 -0.021738 
1035 41.873679 0.000000 4.947756 100.669642 0.038787 -2.631624 -0.014130 
1036 39.499399 0.000000 7.158235 100.919985 -0.025422 -1.126525 -0.018611 
1037 35.937977 0.000000 3.842516 100.823616 -0.023438 -1.747459 -0.016846 
1038 37.125118 0.000000 3.842516 100.877493 -0.095123 -1.795787 -0.017950 
1039 35.937977 0.000000 4.947756 100.432041 0.027151 -1.303946 -0.008830 
1040 35.344407 0.000000 2.184657 100.458605 -0.122898 -4.772201 -0.011472 
1041 35.344407 0.000000 1.632037 100.889844 -0.133015 -7.897512 -0.024115 
1042 35.937977 0.000000 2.184657 100.375703 -0.324822 -4.485527 -0.009551 
1043 35.344407 0.000000 2.737277 100.620338 -0.412391 -2.868400 -0.013285 
1044 34.454052 0.000000 1.908347 100.524943 -0.158448 -7.848199 -0.016688 
1045 34.157267 0.000000 1.908347 100.347711 -0.183458 -7.837211 -0.013112 
1046 34.454052 0.000000 1.632037 100.600077 -0.147767 -7.882666 -0.018253 
1047 34.750837 0.000000 1.908347 100.720796 -0.133045 -7.790057 -0.020538 
1048 34.454052 0.000000 2.184657 100.665310 -0.134197 -8.126883 -0.019957 
1049 38.312258 0.000000 -0.578441 -2.701846 -0.051960 -0.314717 0.999260 
1050 38.312258 0.000000 -1.683681 100.947539 -0.055306 1.352156 -0.019224 
1051 39.499399 0.000000 -0.578441 102.495322 -0.041051 0.412582 -0.050546 
1052 38.312258 0.000000 0.526798 -1.932303 -0.005196 0.064335 0.999626 
1053 36.531548 0.000000 -1.131061 102.038370 -0.192748 2.919459 -0.042039 
1054 36.531548 0.000000 -1.683681 101.574643 0.109768 1.906281 -0.032105 
1055 37.125118 0.000000 -1.131061 101.463316 -0.071449 2.818286 -0.030275 
1056 36.531548 0.000000 -0.578441 -2.720602 0.067602 -0.115807 0.999258 
1057 38.312258 0.000000 -2.788920 100.627793 0.085405 0.900275 -0.012677 
1058 38.312258 0.000000 -3.894160 100.309030 0.106268 0.434298 -0.006210 
1059 39.499399 0.000000 -2.788920 101.457611 -0.121908 1.051697 -0.029477 
1060 37.718688 0.000000 -1.131061 101.212972 0.020289 2.568737 -0.025066 
1061 37.718688 0.000000 -1.683681 100.927946 0.074509 1.686086 -0.018930 
1062 38.312258 0.000000 -1.131061 101.222298 0.046840 2.060804 -0.025020 
1063 37.718688 0.000000 -0.578441 -2.657717 0.026532 -0.351667 0.999281 
1064 36.531548 0.000000 -0.025822 -2.864668 0.040056 -0.067850 0.999179 
1065 35.937977 0.000000 -0.025822 -2.627617 0.039369 0.003894 0.999309 
1066 37.125118 0.000000 -0.025822 -2.847928 0.129704 -0.075435 0.999187 
1067 36.531548 0.000000 0.526798 -2.813118 0.050017 -0.035019 0.999208 
1068 36.828333 0.000000 -0.854751 101.707677 -0.141617 2.878262 -0.035276 
1069 36.531548 0.000000 -0.854751 102.013795 -0.172613 2.898184 -0.041524 
1070 36.828333 0.000000 -1.131061 101.704842 -0.140961 2.877824 -0.035218 
1071 37.125118 0.000000 -0.854751 101.444297 -0.064708 2.786617 -0.029871 
1072 36.828333 0.000000 -0.578441 -3.121839 0.197536 -0.044647 0.999021 
1073 36.234763 0.000000 -0.854751 102.338534 -0.169054 2.894291 -0.048158 
1074 35.937977 0.000000 -0.854751 102.956623 -0.094952 2.786252 -0.060784 
1075 36.234763 0.000000 -1.131061 102.357556 -0.166929 2.892747 -0.048547 
1076 36.234763 0.000000 -0.578441 -2.853502 -0.049693 -0.247203 0.999179 
1077 36.531548 0.000000 -2.236301 101.515297 0.049651 1.092513 -0.030655 
1078 35.937977 0.000000 -2.236301 102.027472 0.111209 0.861476 -0.041036 
1079 36.531548 0.000000 -2.788920 101.304316 0.148147 0.581702 -0.026292 
1080 37.125118 0.000000 -2.236301 101.150819 0.066074 1.313207 -0.023322 
1081 36.828333 0.000000 -1.407371 101.712884 -0.142822 2.879066 -0.035382 
1082 36.531548 0.000000 -1.407371 102.019065 -0.171211 2.897198 -0.041631 
1083 36.828333 0.000000 -1.683681 101.476552 0.100618 1.899153 -0.030111 
1084 37.125118 0.000000 -1.407371 101.367289 -0.046686 2.774068 -0.028302 
1085 36.679940 0.000000 -0.992906 101.894678 -0.160117 2.890133 -0.039090 
1086 36.531548 0.000000 -0.992906 102.035648 -0.181714 2.920748 -0.041984 
1087 36.679940 0.000000 -1.131061 101.938870 -0.167321 2.909884 -0.040003 
1088 36.828333 0.000000 -0.992906 101.704407 -0.140860 2.877757 -0.035209 
1089 36.679940 0.000000 -0.854751 101.748478 -0.151057 2.884563 -0.036110 
1090 38.312258 0.000000 1.632037 101.171335 -0.006090 -8.250167 -0.030370 
1091 39.499399 0.000000 1.632037 101.589709 0.059862 -8.253280 -0.038859 
1092 38.312258 0.000000 2.737277 101.044091 0.070420 -3.071161 -0.021935 
1093 36.531548 0.000000 1.079418 100.895847 -0.073477 -8.461847 -0.025158 
1094 35.937977 0.000000 1.079418 -2.305981 -0.068241 -0.115496 0.999466 
1095 37.125118 0.000000 1.079418 100.867929 -0.079449 -8.483244 -0.024631 
1096 36.531548 0.000000 1.632037 100.896909 -0.068816 -8.320234 -0.024942 
1097 37.718688 0.000000 1.079418 101.143402 0.087702 -7.879652 -0.029208 
1098 37.718688 0.000000 0.526798 -2.196601 0.040565 0.090908 0.999517 
1099 38.312258 0.000000 1.079418 101.173587 -0.006483 -8.215653 -0.030359 
1100 37.718688 0.000000 1.632037 101.135704 0.064887 -8.269275 -0.029682 
1101 36.531548 0.000000 2.184657 100.515764 -0.003128 -4.527166 -0.012391 
1102 37.125118 0.000000 2.184657 100.661431 -0.036730 -4.332709 -0.015150 
1103 36.531548 0.000000 2.737277 100.884026 -0.211902 -2.942814 -0.018629 
1104 36.828333 0.000000 1.355728 100.898525 -0.059691 -8.048432 -0.024529 
1105 36.531548 0.000000 1.355728 100.897127 -0.063539 -8.170097 -0.024698 
1106 36.828333 0.000000 1.079418 -3.053532 -0.002504 -0.115061 0.999066 
1107 37.125118 0.000000 1.355728 100.957568 -0.014160 -8.195115 -0.025959 
1108 36.828333 0.000000 1.632037 100.896452 -0.061674 -8.098983 -0.024569 
1109 35.344407 0.000000 1.079418 -2.159415 -0.005847 -0.099061 0.999533 
1110 35.344407 0.000000 0.526798 -2.170075 0.001784 0.112722 0.999528 
1111 36.234763 0.000000 1.355728 100.906503 -0.065397 -7.967837 -0.024561 
1112 35.937977 0.000000 1.355728 100.920421 -0.085809 -7.981349 -0.024864 
1113 36.234763 0.000000 1.079418 -2.948407 -0.066895 -0.053911 0.999130 
1114 36.234763 0.000000 1.632037 100.905646 -0.067266 -8.055257 -0.024684 
1115 38.312258 0.000000 3.842516 100.940494 -0.110941 -1.853344 -0.019243 
1116 39.499399 0.000000 3.842516 101.150148 -0.015088 -2.797836 -0.023918 
1117 38.312258 0.000000 4.947756 100.688406 0.008198 -1.469935 -0.014032 
1118 37.718688 0.000000 2.184657 100.756253 -0.158839 -4.320764 -0.017052 
1119 38.312258 0.000000 2.184657 100.837256 0.094606 -4.118865 -0.018513 
1120 37.718688 0.000000 2.737277 101.012007 0.048393 -3.008232 -0.021248 
1121 36.828333 0.000000 1.908347 100.882065 -0.076425 -8.472410 -0.024898 
1122 36.531548 0.000000 1.908347 100.895847 -0.073477 -8.461847 -0.025158 
1123 37.125118 0.000000 1.908347 100.867929 -0.079449 -8.483244 -0.024631 
1124 36.828333 0.000000 2.184657 100.660940 -0.027983 -4.415105 -0.015212 
1125 36.679940 0.000000 1.493883 100.890593 -0.065573 -8.209538 -0.024631 
1126 36.531548 0.000000 1.493883 100.896822 -0.065839 -8.236217 -0.024801 
1127 36.679940 0.000000 1.355728 100.890671 -0.063949 -8.163824 -0.024558 
1128 36.828333 0.000000 1.493883 100.896160 -0.061933 -8.104746 -0.024573 
1129 36.679940 0.000000 1.632037 100.890983 -0.065951 -8.222334 -0.024660 
1130 51.370803 0.000000 -1.683681 101.364371 -0.048050 -3.307867 -0.028568 
1131 51.370803 0.000000 -6.104639 100.293373 -0.062747 4.831625 -0.008211 
1132 56.119364 0.000000 -1.683681 95.745319 -0.049457 -0.679507 0.083237 
1133 51.370803 0.000000 2.737277 99.978319 -0.022094 -4.366655 -0.001473 
1134 44.247960 0.000000 0.526798 96.520314 0.070273 -30.697934 -0.025854 
1135 44.247960 0.000000 -1.683681 101.548027 0.024285 8.369633 -0.038205 
1136 46.622241 0.000000 0.526798 92.486856 0.107082 -4.933602 0.142183 
1137 44.247960 0.000000 2.737277 99.013076 0.231620 -5.982131 0.016057 
1138 40.686539 0.000000 -0.578441 104.510066 -0.053300 0.574696 -0.092269 
1139 40.686539 0.000000 -1.683681 103.903347 0.050019 1.687290 -0.079876 
1140 41.873679 0.000000 -0.578441 -4.900074 -0.189248 -0.359862 0.997582 
1141 40.686539 0.000000 0.526798 -2.154712 0.014235 -0.051986 0.999535 
1142 38.905828 0.000000 -1.131061 101.536996 0.042303 1.477628 -0.031195 
1143 38.905828 0.000000 -1.683681 101.194875 -0.164206 1.182843 -0.024183 
1144 39.499399 0.000000 -1.131061 102.250943 -0.019892 0.657386 -0.045569 
1145 38.905828 0.000000 -0.578441 -2.570958 -0.136083 0.196181 0.999333 
1146 38.905828 0.000000 -0.025822 -2.167994 -0.030991 0.041598 0.999530 
1147 38.312258 0.000000 -0.025822 -2.206728 0.047038 -0.032042 0.999513 
1148 39.499399 0.000000 -0.025822 -2.357873 0.039505 0.141667 0.999442 
1149 38.905828 0.000000 0.526798 -1.953863 -0.030840 -0.089683 0.999617 
1150 38.609043 0.000000 -0.854751 101.393433 0.052844 1.779398 -0.028380 
1151 38.312258 0.000000 -0.854751 101.228738 0.047501 2.052049 -0.025147 
1152 38.609043 0.000000 -1.131061 101.404517 0.052952 1.824942 -0.028621 
1153 38.905828 0.000000 -0.854751 101.536078 0.042482 1.480030 -0.031177 
1154 38.609043 0.000000 -0.578441 101.413357 0.066443 1.801049 -0.028792 
1155 40.686539 0.000000 1.632037 102.723326 0.051367 -9.705787 -0.064629 
1156 41.873679 0.000000 1.632037 101.325509 -0.075326 -9.705917 -0.036107 
1157 40.686539 0.000000 2.737277 101.571675 -0.012447 -4.334943 -0.033560 
1158 38.905828 0.000000 1.079418 101.253463 0.052054 -8.165030 -0.031893 
1159 39.499399 0.000000 1.079418 101.662650 0.043980 -8.084080 -0.040065 
1160 38.905828 0.000000 1.632037 101.225281 0.046449 -8.364669 -0.031653 
1161 38.905828 0.000000 2.184657 100.800430 0.012589 -4.279931 -0.017904 
1162 39.499399 0.000000 2.184657 100.849925 0.065790 -4.939976 -0.019512 
1163 38.905828 0.000000 2.737277 101.090310 0.341298 -3.367313 -0.023071 
1164 38.609043 0.000000 1.355728 101.183528 0.005700 -8.314966 -0.030725 
1165 38.312258 0.000000 1.355728 101.179268 -0.006775 -8.174772 -0.030407 
1166 38.609043 0.000000 1.079418 101.205475 -0.007095 -7.943562 -0.030565 
1167 38.905828 0.000000 1.355728 101.244149 0.040991 -8.122605 -0.031636 
1168 38.609043 0.000000 1.632037 101.198990 -0.005427 -8.029195 -0.030570 
1169 44.247960 0.000000 -3.894160 100.750304 0.079336 3.690697 -0.016425 
1170 44.247960 0.000000 -6.104639 100.129996 0.110008 1.509390 -0.002831 
1171 46.622241 0.000000 -3.894160 99.637406 0.135153 2.701068 0.006507 
1172 40.686539 0.000000 -2.788920 102.449970 -0.133043 1.986651 -0.049996 
1173 40.686539 0.000000 -3.894160 101.391421 -0.079415 1.209522 -0.028169 
1174 41.873679 0.000000 -2.788920 102.757224 -0.088271 3.414092 -0.057071 
1175 40.092969 0.000000 -1.131061 103.343040 -0.009629 0.236090 -0.067984 
1176 40.092969 0.000000 -1.683681 102.781980 0.131560 1.016958 -0.056519 
1177 40.686539 0.000000 -1.131061 104.516852 -0.038724 0.604747 -0.092414 
1178 40.092969 0.000000 -0.578441 103.396040 0.001353 0.142163 -0.069076 
1179 40.092969 0.000000 1.079418 102.167483 0.011171 -8.314885 -0.050733 
1180 40.092969 0.000000 0.526798 -1.998943 -0.045453 -0.091988 0.999599 
1181 40.686539 0.000000 1.079418 102.757293 0.035996 -9.691803 -0.065299 
1182 40.092969 0.000000 1.632037 102.314849 -0.003147 -8.540308 -0.054127 
1183 51.370803 0.000000 7.158235 99.904277 -0.028274 -2.217555 0.001422 
1184 56.119364 0.000000 7.158235 99.077388 -0.075922 -1.672335 0.018087 
1185 51.370803 0.000000 11.579192 100.463746 -0.150923 -1.292058 -0.009466 
1186 44.247960 0.000000 4.947756 100.558888 0.077498 -2.557775 -0.011864 
1187 46.622241 0.000000 4.947756 100.362020 0.140819 -2.737204 -0.008005 
1188 44.247960 0.000000 7.158235 100.052753 0.029809 -1.873436 -0.001406 
1189 43.060820 0.000000 1.632037 100.209908 0.191217 -11.487887 -0.017403 
1190 43.060820 0.000000 0.526798 101.651842 0.277737 -23.011904 -0.086272 
1191 44.247960 0.000000 1.632037 97.563414 0.392982 -10.991468 0.036041 
1192 43.060820 0.000000 2.737277 100.486948 -0.094634 -5.891929 -0.013235 
1193 41.280109 0.000000 1.079418 103.465695 -0.018176 -12.080736 -0.085109 
1194 41.280109 0.000000 0.526798 -2.613207 -0.005364 -0.055627 0.999317 
1195 41.873679 0.000000 1.079418 103.874017 -0.061701 -15.141904 -0.101909 
1196 41.280109 0.000000 1.632037 103.333651 0.013413 -11.553207 -0.081132 
1197 40.686539 0.000000 3.842516 101.171423 0.049932 -3.392805 -0.024717 
1198 41.873679 0.000000 3.842516 101.184219 0.023520 -3.597524 -0.025119 
1199 40.686539 0.000000 4.947756 100.662363 -0.054539 -2.554834 -0.013944 
1200 41.280109 0.000000 2.184657 101.725470 0.011747 -6.038299 -0.038453 
1201 40.686539 0.000000 2.184657 101.616593 -0.073314 -5.403375 -0.035513 
1202 41.873679 0.000000 2.184657 101.434826 -0.102854 -6.971005 -0.033763 
1203 41.280109 0.000000 2.737277 101.591854 -0.075193 -4.670761 -0.034273 
1204 40.983324 0.000000 1.355728 103.022654 0.023555 -10.483379 -0.072357 
1205 40.686539 0.000000 1.355728 102.666071 0.037737 -9.393866 -0.062857 
1206 40.983324 0.000000 1.079418 103.035256 0.023152 -10.531750 -0.072718 
1207 41.280109 0.000000 1.355728 103.398648 -0.014666 -11.798471 -0.083048 
1208 40.983324 0.000000 1.632037 103.024926 0.032611 -10.618714 -0.072689 
1209 40.092969 0.000000 2.184657 101.335407 -0.013069 -4.802072 -0.029192 
1210 40.092969 0.000000 2.737277 101.334429 -0.076901 -4.297102 -0.028714 
1211 40.389754 0.000000 1.355728 102.502559 0.021285 -8.918288 -0.058631 
1212 40.092969 0.000000 1.355728 102.182051 0.009449 -8.352719 -0.051094 
1213 40.389754 0.000000 1.079418 102.511018 0.022216 -8.932540 -0.058830 
1214 40.389754 0.000000 1.632037 102.499813 0.021538 -9.068054 -0.058844 
1215 43.060820 0.000000 -0.578441 105.523112 0.117237 5.164999 -0.116182 
1216 43.060820 0.000000 -1.683681 104.262828 0.210182 6.371645 -0.091138 
1217 44.247960 0.000000 -0.578441 102.929670 0.058718 8.122990 -0.066050 
1218 41.280109 0.000000 -0.025822 -3.487158 -0.023528 -0.103852 0.998783 
1219 40.686539 0.000000 -0.025822 -2.876646 0.080303 -0.159186 0.999169 
1220 41.280109 0.000000 -0.578441 105.282246 0.041438 1.187494 -0.108576 
1221 41.873679 0.000000 -0.025822 -4.029490 -0.194444 -0.281142 0.998365 
1222 40.983324 0.000000 0.803108 103.142418 0.009081 -10.900539 -0.075718 
1223 40.686539 0.000000 0.803108 102.742910 0.039956 -9.413766 -0.064473 
1224 40.983324 0.000000 0.526798 -2.271463 0.061717 -0.150683 0.999481 
1225 41.280109 0.000000 0.803108 103.272989 -0.003720 -11.274474 -0.079242 
1226 40.834932 0.000000 1.217573 102.915619 0.035940 -10.168294 -0.069502 
1227 40.686539 0.000000 1.217573 102.723171 0.048731 -9.690979 -0.064597 
1228 40.834932 0.000000 1.079418 102.978084 0.027046 -10.341104 -0.071143 
1229 40.983324 0.000000 1.217573 103.031907 0.023862 -10.526183 -0.072637 
1230 40.834932 0.000000 1.355728 102.919771 0.035247 -10.165893 -0.069583 
1231 41.280109 0.000000 -1.131061 105.496133 0.005248 1.346126 -0.113125 
1232 41.280109 0.000000 -1.683681 104.577717 0.024550 2.311911 -0.094184 
1233 41.873679 0.000000 -1.131061 106.368837 0.032569 2.577676 -0.132098 
1234 43.060820 0.000000 -2.788920 102.256904 0.085365 5.301953 -0.048459 
1235 43.060820 0.000000 -3.894160 101.180661 0.087871 3.430675 -0.024930 
1236 44.247960 0.000000 -2.788920 100.952565 0.019384 6.057659 -0.022812 
1237 42.467250 0.000000 -1.131061 106.280503 0.087867 3.695331 -0.130921 
1238 42.467250 0.000000 -1.683681 104.973712 -0.066162 4.754585 -0.104209 
1239 43.060820 0.000000 -1.131061 105.763680 0.110967 4.911843 -0.121009 
1240 42.467250 0.000000 -0.578441 106.155357 0.080798 4.008857 -0.128504 
1241 42.467250 0.000000 -0.025822 -4.335867 -0.066396 -0.011601 0.998120 
1242 43.060820 0.000000 -0.025822 -4.846406 0.132019 0.221290 0.997645 
1243 42.467250 0.000000 0.526798 102.929255 0.097626 -20.239814 -0.100409 
1244 42.170465 0.000000 -0.854751 106.345982 0.068260 3.099078 -0.131908 
1245 41.873679 0.000000 -0.854751 106.313519 0.022209 2.451188 -0.130857 
1246 42.170465 0.000000 -1.131061 106.346848 0.069240 3.080368 -0.131915 
1247 42.467250 0.000000 -0.854751 106.282427 0.088154 3.701352 -0.130966 
1248 42.170465 0.000000 -0.578441 106.349794 0.082082 2.931634 -0.131888 
1249 42.467250 0.000000 1.079418 103.420841 0.032771 -18.580165 -0.104109 
1250 43.060820 0.000000 1.079418 102.206924 0.213979 -22.227022 -0.094034 
1251 42.467250 0.000000 1.632037 101.058952 -0.197995 -10.612780 -0.032558 
1252 48.996522 0.000000 0.526798 100.587661 -0.016495 -2.225091 -0.012283 
1253 48.996522 0.000000 -1.683681 103.337181 -0.034543 0.032651 -0.067858 
1254 51.370803 0.000000 0.526798 99.997417 -0.034133 -6.422710 -0.004074 
1255 48.996522 0.000000 2.737277 100.000124 -0.067330 -3.218081 -0.001039 
1256 45.435101 0.000000 1.632037 96.314384 0.107263 -7.401131 0.066875 
1257 45.435101 0.000000 0.526798 86.231276 0.048292 -36.702584 0.121709 
1258 46.622241 0.000000 1.632037 96.881889 0.058146 -4.424717 0.059432 
1259 45.435101 0.000000 2.737277 98.263777 0.348657 -4.743382 0.032161 
1260 43.654390 0.000000 1.079418 99.950760 0.152356 -27.212619 -0.073070 
1261 43.654390 0.000000 0.526798 99.846371 0.149459 -26.566397 -0.067509 
1262 44.247960 0.000000 1.079418 96.283246 0.068998 -17.049969 0.043883 
1263 43.654390 0.000000 1.632037 98.883677 0.324442 -11.761428 0.008358 
1264 42.764035 0.000000 0.803108 102.830817 0.120836 -20.421316 -0.099122 
1265 42.467250 0.000000 0.803108 103.387500 0.036465 -18.685317 -0.103812 
1266 42.764035 0.000000 0.526798 102.930337 0.097739 -20.244234 -0.100449 
1267 43.060820 0.000000 0.803108 102.096227 0.232883 -22.522381 -0.093095 
1268 42.764035 0.000000 1.079418 102.955623 0.100391 -20.347468 -0.101389 
1269 45.435101 0.000000 -0.578441 97.796289 0.063338 4.471808 0.041588 
1270 45.435101 0.000000 -1.683681 97.573560 0.101455 8.688156 0.040391 
1271 46.622241 0.000000 -0.578441 93.251996 0.087183 0.011028 0.130406 
1272 43.654390 0.000000 -1.131061 104.914953 0.013911 6.621588 -0.105099 
1273 43.654390 0.000000 -1.683681 103.182604 0.017908 7.448245 -0.070213 
1274 44.247960 0.000000 -1.131061 103.347068 0.049892 8.069496 -0.074574 
1275 43.654390 0.000000 -0.578441 105.193791 0.013715 6.477113 -0.110769 
1276 56.119364 0.000000 -23.788470 99.995427 -0.018984 0.226641 0.000086 
1277 56.119364 0.000000 -32.630385 100.094462 -0.008861 0.098087 -0.001891 
1278 65.616487 0.000000 -23.788470 100.074024 0.039349 0.257140 -0.001488 
1279 51.370803 0.000000 -10.525596 99.462806 -0.043429 1.379852 0.010524 
1280 51.370803 0.000000 -14.946554 99.731313 0.007865 0.631865 0.005327 
1281 56.119364 0.000000 -10.525596 98.933993 0.017485 0.879276 0.021129 
1282 48.996522 0.000000 -3.894160 103.676404 -0.032226 2.461356 -0.075486 
1283 48.996522 0.000000 -6.104639 101.551300 0.058785 2.559759 -0.031922 
1284 51.370803 0.000000 -3.894160 101.221824 -0.023996 7.453987 -0.030142 
1285 45.435101 0.000000 -2.788920 99.023067 0.058068 5.637568 0.016265 
1286 45.435101 0.000000 -3.894160 99.811481 0.130611 3.316629 0.002665 
1287 46.622241 0.000000 -2.788920 98.426400 0.128514 3.719183 0.029839 
1288 44.841530 0.000000 -1.131061 102.186099 0.098590 9.593088 -0.053404 
1289 44.841530 0.000000 -1.683681 99.575585 0.048801 8.973821 0.000417 
1290 45.435101 0.000000 -1.131061 103.456418 0.094580 11.680397 -0.083967 
1291 44.841530 0.000000 -0.578441 101.827969 0.097500 9.566553 -0.046046 
1292 44.841530 0.000000 -0.025822 89.573472 0.033462 -31.818399 0.096418 
1293 44.247960 0.000000 -0.025822 96.100072 0.070874 -31.992616 -0.025876 
1294 45.435101 0.000000 -0.025822 85.224639 0.043818 -32.893076 0.165480 
1295 44.841530 0.000000 0.526798 91.858454 0.037070 -32.873467 0.048136 
1296 47.809381 0.000000 -0.578441 97.365818 0.098497 0.110364 0.051988 
1297 47.809381 0.000000 -1.683681 98.956899 0.109270 1.370087 0.020564 
1298 48.996522 0.000000 -0.578441 101.869890 0.047574 -1.243855 -0.037902 
1299 47.809381 0.000000 0.526798 97.620849 0.084405 -1.739800 0.046714 
1300 46.028671 0.000000 -1.131061 104.703566 0.110959 18.809509 -0.131665 
1301 46.028671 0.000000 -1.683681 95.875180 0.065618 7.004652 0.075888 
1302 46.622241 0.000000 -1.131061 100.427543 0.097426 16.227304 -0.034903 
1303 46.028671 0.000000 -0.578441 94.868982 0.072036 1.428033 0.099783 
1304 46.028671 0.000000 -0.025822 81.855437 0.054624 -33.105072 0.220374 
1305 46.622241 0.000000 -0.025822 79.518741 0.078647 -33.586867 0.254869 
1306 46.028671 0.000000 0.526798 89.836005 0.086673 -10.003575 0.182941 
1307 -200.302961 0.000000 -209.468695 99.999753 0.000172 -0.000196 0.000005 
1308 -276.279947 0.000000 -209.468695 99.999813 0.000106 -0.000083 0.000004 
1309 -200.302961 0.000000 -280.204020 99.999862 0.000131 -0.000133 0.000003 
1310 255.558951 0.000000 -209.468695 99.999745 0.000489 -0.000396 0.000005 
1311 255.558951 0.000000 -280.204020 99.999859 0.000333 -0.000205 0.000003 
1312 331.535936 0.000000 -209.468695 99.999804 0.000463 -0.000508 0.000004 
1313 -200.302961 0.000000 214.943249 100.000035 0.000061 0.000312 -0.000001 
1314 -276.279947 0.000000 214.943249 99.999980 0.000032 0.000200 0.000000 
1315 -200.302961 0.000000 285.678573 100.000096 0.000015 0.000182 -0.000002 
1316 -86.337483 0.000000 -103.365709 99.998573 0.001094 -0.001829 0.000029 
1317 -124.325976 0.000000 -103.365709 99.998827 0.000650 -0.000914 0.000023 
1318 -86.337483 0.000000 -138.733371 99.999351 0.000722 -0.001188 0.000013 
1319 103.604980 0.000000 214.943249 100.000695 0.000014 -0.000968 -0.000014 
1320 179.581965 0.000000 214.943249 100.000262 -0.000139 -0.001092 -0.000005 
1321 103.604980 0.000000 285.678573 100.000398 -0.000061 -0.000431 -0.000008 
1322 141.593473 0.000000 -103.365709 99.998536 0.001712 -0.000323 0.000029 
1323 141.593473 0.000000 -138.733371 99.999372 0.001120 -0.000104 0.000013 
1324 179.581965 0.000000 -103.365709 99.998732 0.001373 -0.001321 0.000025 
1325 -86.337483 0.000000 108.840263 99.999764 0.000815 0.002167 0.000005 
1326 -124.325976 0.000000 108.840263 99.999535 0.000480 0.001324 0.000009 
1327 -86.337483 0.000000 144.207925 100.000305 0.000460 0.001296 -0.000006 
1328 -29.354744 0.000000 -50.314216 99.988724 0.004264 -0.018741 0.000225 
1329 -48.348991 0.000000 -50.314216 99.989420 0.011203 -0.006961 0.000212 
1330 -29.354744 0.000000 -67.998047 99.994405 0.007417 -0.009315 0.000112 
1331 65.616487 0.000000 108.840263 100.004479 0.001631 -0.005494 -0.000090 
1332 103.604980 0.000000 108.840263 100.001102 0.000785 -0.005942 -0.000022 
1333 65.616487 0.000000 144.207925 100.002260 0.000629 -0.002235 -0.000045 
1334 84.610734 0.000000 -50.314216 100.001738 -0.018487 0.021520 -0.000035 
1335 84.610734 0.000000 -67.998047 99.998199 0.005980 0.006004 0.000036 
1336 103.604980 0.000000 -50.314216 99.991144 0.006465 0.002126 0.000177 
1337 -29.354744 0.000000 55.788770 100.001420 -0.013199 0.018384 -0.000028 
1338 -48.348991 0.000000 55.788770 99.997386 0.011816 0.012598 0.000052 
1339 -29.354744 0.000000 73.472601 100.001331 0.004690 0.009512 -0.000027 
1340 -19.857621 0.000000 -23.788470 99.958589 0.057036 -0.086812 0.000827 
1341 -29.354744 0.000000 -23.788470 99.961699 0.048015 -0.034249 0.000766 
1342 -19.857621 0.000000 -32.630385 99.972271 0.043766 -0.050532 0.000554 
1343 46.622241 0.000000 55.788770 100.012029 0.007664 -0.032383 -0.000241 
1344 65.616487 0.000000 55.788770 100.000394 0.003789 -0.036713 -0.000008 
1345 46.622241 0.000000 73.472601 100.005944 0.034514 -0.012323 -0.000119 
1346 -0.863375 0.000000 29.263023 99.998949 0.040035 0.105644 0.000020 
1347 -10.360498 0.000000 29.263023 99.999684 0.093513 0.095888 0.000005 
1348 -0.863375 0.000000 38.104939 100.037076 0.058200 0.060265 -0.000742 
1349 -19.857621 0.000000 29.263023 99.968743 0.052349 0.043263 0.000625 
1350 -29.354744 0.000000 29.263023 99.973399 0.032633 0.024761 0.000532 
1351 -19.857621 0.000000 38.104939 99.985544 0.025059 0.031228 0.000289 
1352 3.885187 0.000000 16.000150 99.983952 0.064024 0.448963 0.000300 
1353 -0.863375 0.000000 16.000150 99.932658 0.035532 0.371052 0.001332 
1354 3.885187 0.000000 20.421108 100.062032 0.086119 0.267331 -0.001249 
1355 -5.611936 0.000000 16.000150 99.870339 -0.028413 0.241709 0.002586 
1356 -10.360498 0.000000 16.000150 99.871243 -0.040876 0.149258 0.002571 
1357 -5.611936 0.000000 20.421108 99.931227 0.002029 0.178482 0.001372 
1358 37.125118 0.000000 29.263023 100.134564 -0.006532 -0.139028 -0.002695 
1359 46.622241 0.000000 29.263023 100.049945 -0.046345 -0.170764 -0.001002 
1360 37.125118 0.000000 38.104939 100.059645 -0.040102 -0.055830 -0.001194 
1361 -3.237656 0.000000 4.947756 99.018306 0.040911 0.590804 0.019502 
1362 -5.611936 0.000000 4.947756 99.215781 0.030563 0.175899 0.015620 
1363 -3.237656 0.000000 7.158235 99.305450 0.043393 0.486415 0.013819 
1364 -2.050515 0.000000 1.632037 97.438080 0.034983 0.858121 0.050508 
1365 -3.237656 0.000000 1.632037 98.263832 0.051606 0.436182 0.034403 
1366 -2.050515 0.000000 2.737277 98.090993 0.019658 1.063825 0.037703 
1367 -0.269805 0.000000 -0.025822 89.126095 -0.072488 3.000886 0.204753 
1368 -0.863375 0.000000 -0.025822 93.391493 0.039404 0.719918 0.127751 
1369 -0.269805 0.000000 0.526798 92.182875 -0.091015 3.682789 0.148875 
1370 -2.050515 0.000000 -2.788920 98.059745 -0.023107 -1.347732 0.038247 
1371 -3.237656 0.000000 -2.788920 98.598499 0.006715 -0.833914 0.027764 
1372 -2.050515 0.000000 -3.894160 98.711560 -0.019479 -1.301428 0.025433 
1373 3.291617 0.000000 -0.025822 -1.325495 0.016968 -0.236597 0.999819 
1374 3.885187 0.000000 -0.025822 -1.628496 0.017219 -0.282950 0.999727 
1375 2.698046 0.000000 3.842516 98.103156 -0.065677 3.608852 0.036274 
1376 1.510906 0.000000 3.842516 97.891502 -0.100129 2.966564 0.040844 
1377 2.698046 0.000000 4.947756 98.946491 -0.132815 2.585838 0.020289 
1378 0.917336 0.000000 1.079418 92.242302 -0.164682 8.036831 0.142674 
1379 0.323766 0.000000 1.079418 93.034451 -0.219668 5.478785 0.131453 
1380 0.917336 0.000000 1.632037 94.508606 -0.210190 5.759764 0.103490 
1381 2.104476 0.000000 -2.236301 100.167611 -0.075290 -7.019741 -0.008283 
1382 1.510906 0.000000 -2.236301 98.886610 -0.069385 -7.387866 0.016685 
1383 2.104476 0.000000 -2.788920 99.806366 -0.073764 -5.121000 0.001246 
1384 3.291617 0.000000 2.184657 97.249990 -0.048557 9.278758 0.045634 
1385 2.698046 0.000000 2.184657 96.726214 -0.100928 8.287993 0.057534 
1386 3.291617 0.000000 2.737277 97.941467 -0.030588 6.768835 0.036165 
1387 2.104476 0.000000 2.184657 96.318162 -0.056749 7.127426 0.067201 
1388 1.510906 0.000000 2.184657 95.899205 -0.049003 5.617324 0.077179 
1389 2.104476 0.000000 2.737277 97.057781 -0.060797 5.206934 0.055267 
1390 5.665897 0.000000 -0.025822 -2.568597 -0.006012 -0.510554 0.999314 
1391 5.072327 0.000000 -0.025822 -2.348444 -0.019919 -0.505651 0.999423 
1392 6.259468 0.000000 -0.025822 -2.124301 0.030050 -0.492883 0.999524 
1393 4.478757 0.000000 -0.025822 -1.975958 0.034141 -0.403309 0.999593 
1394 4.478757 0.000000 -2.236301 102.190787 -0.069268 -3.284996 -0.045375 
1395 4.478757 0.000000 -2.788920 101.537843 -0.099283 -2.995337 -0.031892 
1396 11.008029 0.000000 9.368714 100.314733 -0.033252 1.285992 -0.006470 
1397 8.633748 0.000000 9.368714 100.121563 -0.034504 1.333810 -0.002611 
1398 11.008029 0.000000 11.579192 100.291697 0.033256 0.893350 -0.005922 
1399 6.853038 0.000000 1.079418 99.859081 -0.212792 21.009066 -0.041326 
1400 6.853038 0.000000 0.526798 -0.435990 -0.003455 -0.867200 0.999906 
1401 7.446608 0.000000 1.079418 1.452348 -0.063221 -1.105513 0.999666 
1402 8.040178 0.000000 1.079418 2.825638 -0.040917 -0.171139 0.999198 
1403 8.040178 0.000000 0.526798 2.482661 -0.046332 -0.080525 0.999383 
1404 8.040178 0.000000 1.632037 100.714923 -0.205909 16.454727 -0.041430 
1405 8.040178 0.000000 2.184657 100.666348 -0.210991 17.647204 -0.044518 
1406 8.040178 0.000000 2.737277 100.699576 -0.222823 19.614778 -0.052519 
1407 8.040178 0.000000 -0.025822 2.271470 -0.048110 0.297161 0.999475 
1408 7.446608 0.000000 -0.025822 0.930047 -0.062275 0.076569 0.999913 
1409 8.633748 0.000000 -0.025822 3.249735 -0.030080 0.404722 0.998927 
1410 6.853038 0.000000 -0.025822 -0.744644 0.007794 -0.143154 0.999942 
1411 6.853038 0.000000 -2.236301 101.898828 -0.105664 -0.068860 -0.038339 
1412 6.853038 0.000000 -2.788920 101.269239 -0.102351 -0.649424 -0.025589 
1413 7.446608 0.000000 -2.236301 101.272135 -0.091440 0.490996 -0.025629 
1414 8.040178 0.000000 3.289897 99.174786 -0.112715 5.730013 0.013152 
1415 7.446608 0.000000 3.289897 99.359241 -0.138265 5.540850 0.009702 
1416 8.040178 0.000000 3.842516 99.350645 -0.111794 4.436158 0.010976 
1417 9.227319 0.000000 -1.131061 103.022282 -0.167075 2.814327 -0.062154 
1418 9.227319 0.000000 -1.683681 102.969561 -0.168223 2.966732 -0.061156 
1419 9.227319 0.000000 -0.578441 3.348883 -0.013068 0.426622 0.998860 
1420 10.414459 0.000000 -0.025822 4.082953 -0.212374 0.416569 0.998311 
1421 9.820889 0.000000 -0.025822 4.102902 -0.006721 0.429523 0.998298 
1422 11.008029 0.000000 -0.025822 4.029213 -0.120319 0.191075 0.998371 
1423 9.227319 0.000000 -0.025822 3.773980 -0.002258 0.414950 0.998558 
1424 32.376556 0.000000 16.000150 100.326139 -0.027682 -0.255775 -0.006540 
1425 37.125118 0.000000 16.000150 100.211801 0.035438 -0.257303 -0.004247 
1426 32.376556 0.000000 20.421108 100.254014 -0.015160 -0.195331 -0.005091 
1427 25.253714 0.000000 9.368714 100.166925 -0.043982 -0.389774 -0.003357 
1428 27.627995 0.000000 9.368714 100.023426 -0.018184 -0.431799 -0.000487 
1429 25.253714 0.000000 11.579192 100.594686 0.055876 -0.161523 -0.011932 
1430 14.569450 0.000000 6.052995 100.634711 0.042682 3.046362 -0.013663 
1431 13.382310 0.000000 6.052995 100.117002 0.007569 2.849930 -0.003154 
1432 14.569450 0.000000 7.158235 100.545034 0.032206 1.906870 -0.011294 
1433 9.672496 0.000000 2.046502 101.242147 -0.120605 13.520651 -0.043279 
1434 9.524104 0.000000 2.046502 101.245839 -0.122242 14.284588 -0.045478 
1435 9.672496 0.000000 1.908347 101.271445 -0.122971 13.689716 -0.044333 
1436 9.746692 0.000000 2.253735 101.209951 -0.149085 16.139754 -0.050397 
1437 9.672496 0.000000 2.253735 101.195324 -0.147285 16.090618 -0.049942 
1438 9.746692 0.000000 2.184657 101.243712 0.459179 15.530959 -0.049171 
1439 12.788740 0.000000 -1.131061 102.304097 -0.214129 3.319614 -0.047719 
1440 12.788740 0.000000 -1.683681 102.476085 -0.214812 3.311762 -0.051236 
1441 12.788740 0.000000 -0.578441 101.189078 -0.217728 3.474208 -0.025135 
1442 11.601599 0.000000 -0.025822 4.083853 -0.107104 0.165361 0.998328 
1443 12.195170 0.000000 -0.025822 3.933441 -0.055067 0.024154 0.998452 
1444 11.601599 0.000000 0.526798 3.997221 -0.111137 0.708165 0.998351 
1445 15.163021 0.000000 -1.131061 100.882221 -0.168266 1.985677 -0.018119 
1446 15.163021 0.000000 -1.683681 101.618667 -0.168333 1.876586 -0.032990 
1447 15.163021 0.000000 -0.578441 99.910794 -0.180145 2.578390 0.001115 
1448 15.163021 0.000000 -2.236301 98.965561 -0.113474 -0.402500 0.020564 
1449 14.569450 0.000000 -2.236301 98.994508 -0.110447 -0.072864 0.020007 
1450 15.163021 0.000000 -2.788920 99.111726 -0.112816 -0.364716 0.017672 
1451 13.975880 0.000000 -2.236301 99.121227 -0.111112 0.201983 0.017493 
1452 13.382310 0.000000 -2.236301 99.159404 -0.182835 0.352814 0.016725 
1453 13.975880 0.000000 -2.788920 99.199220 -0.085106 -0.099655 0.015950 
1454 15.163021 0.000000 3.289897 101.713533 -0.114080 13.810031 -0.053637 
1455 15.163021 0.000000 2.737277 101.525169 -0.100480 13.017464 -0.047682 
1456 15.163021 0.000000 3.842516 101.749001 -0.117572 14.846225 -0.057328 
1457 15.163021 0.000000 4.395136 101.036458 -0.043475 7.730468 -0.026813 
1458 14.569450 0.000000 4.395136 100.210786 -0.084891 7.201114 -0.009406 
1459 15.163021 0.000000 4.947756 101.201630 -0.044793 5.426343 -0.027122 
1460 13.975880 0.000000 4.395136 99.871885 -0.115999 6.772731 -0.002028 
1461 13.382310 0.000000 4.395136 99.551534 -0.019151 6.142047 0.005177 
1462 13.975880 0.000000 4.947756 100.187273 -0.119392 4.954683 -0.006205 
1463 17.537301 0.000000 -2.236301 98.249811 -0.095422 0.246556 0.034690 
1464 17.537301 0.000000 -2.788920 98.237292 -0.035880 -0.110129 0.034942 
1465 18.130872 0.000000 -2.236301 97.678753 -0.051584 0.388225 0.045871 
1466 19.318012 0.000000 6.052995 101.902327 -0.112485 -0.093056 -0.038411 
1467 19.318012 0.000000 7.158235 101.690398 -0.077538 0.232356 -0.034100 
1468 17.537301 0.000000 4.395136 104.723969 -0.069295 2.349036 -0.097263 
1469 18.130872 0.000000 4.395136 104.254246 -0.086072 0.443874 -0.086915 
1470 17.537301 0.000000 4.947756 103.077612 -0.118701 2.067895 -0.062928 
1471 19.911582 0.000000 -0.025822 -5.051969 -0.013272 -1.158362 0.997314 
1472 19.318012 0.000000 -0.025822 -4.742100 -0.001690 -0.759664 0.997694 
1473 19.911582 0.000000 0.526798 -5.294211 -0.023667 -0.311944 0.997187 
1474 18.724442 0.000000 -0.025822 -4.525432 0.003904 -0.355688 0.997939 
1475 18.130872 0.000000 -0.025822 -4.403343 0.023694 0.077811 0.998060 
1476 18.724442 0.000000 0.526798 -4.712256 0.035489 0.011002 0.997779 
1477 19.911582 0.000000 4.395136 102.879198 -0.185717 -2.236396 -0.058917 
1478 19.318012 0.000000 4.395136 103.206299 -0.158878 -1.680583 -0.065439 
1479 19.911582 0.000000 4.947756 102.194868 -0.160484 -1.274462 -0.044544 
1480 18.724442 0.000000 4.395136 103.760731 -0.085547 -0.850801 -0.076702 
1481 18.724442 0.000000 4.947756 102.784094 -0.085279 -0.053117 -0.056458 
1482 19.911582 0.000000 -2.236301 96.208707 -0.073568 -0.341932 0.074376 
1483 19.318012 0.000000 -2.236301 96.615576 -0.093068 0.021816 0.066542 
1484 19.911582 0.000000 -2.788920 96.342242 -0.057263 -0.611111 0.071780 
1485 18.724442 0.000000 -2.236301 97.177298 -0.088379 0.246813 0.055650 
1486 18.724442 0.000000 -2.788920 97.335290 -0.082930 -0.058354 0.052583 
1487 26.440854 0.000000 1.632037 6.072760 0.049760 -1.170541 0.996175 
1488 30.002275 0.000000 9.368714 100.462899 -0.126825 -0.758841 -0.009339 
1489 32.376556 0.000000 9.368714 100.762624 -0.151571 -0.904315 -0.015395 
1490 30.002275 0.000000 11.579192 100.688921 -0.239177 -0.685741 -0.013879 
1491 24.066573 0.000000 6.052995 100.571959 -0.136603 -2.355994 -0.012029 
1492 25.253714 0.000000 6.052995 100.294205 -0.149280 -2.141170 -0.006353 
1493 24.066573 0.000000 7.158235 100.782483 -0.251978 -1.443198 -0.015926 
1494 26.440854 0.000000 -2.788920 100.053003 -0.087326 -4.788956 -0.003355 
1495 26.440854 0.000000 -3.894160 100.235267 -0.212055 -5.239504 -0.007461 
1496 27.627995 0.000000 -2.788920 101.687206 -0.171145 -4.765467 -0.036303 
1497 20.801937 0.000000 -0.854751 96.228120 -0.115422 1.267157 0.073853 
1498 20.505152 0.000000 -0.854751 96.519845 -0.120036 1.292879 0.068223 
1499 20.801937 0.000000 -0.578441 -5.993829 0.028603 -2.914951 0.995558 
1500 23.473003 0.000000 -0.025822 -0.414913 -0.079503 1.257822 0.999824 
1501 24.066573 0.000000 -0.025822 1.265379 -0.056966 0.694700 0.999791 
1502 23.473003 0.000000 0.526798 -0.693384 -0.038490 0.349924 0.999940 
1503 22.285863 0.000000 1.079418 -5.130771 0.085176 -0.026621 0.997367 
1504 21.692293 0.000000 1.079418 -6.325362 0.028136 0.298528 0.995990 
1505 22.879433 0.000000 1.079418 -2.954760 0.082091 -0.374061 0.999112 
1506 21.098722 0.000000 2.184657 -7.014006 0.052033 1.961197 0.994695 
1507 20.505152 0.000000 2.184657 -5.683375 -0.046929 2.111892 0.996324 
1508 21.098722 0.000000 1.632037 -6.599540 0.048147 1.121802 0.995519 
1509 21.395508 0.000000 3.013587 104.548515 -0.088925 -9.645889 -0.102344 
1510 21.098722 0.000000 3.013587 -6.987989 0.005610 4.017380 0.993503 
1511 21.395508 0.000000 2.737277 -8.917710 0.046025 3.121595 0.991073 
1512 23.473003 0.000000 4.395136 100.156075 -0.290480 -5.801975 -0.006499 
1513 24.066573 0.000000 4.395136 100.041458 -0.201528 -5.341182 -0.003686 
1514 23.473003 0.000000 4.947756 100.412885 -0.311651 -4.072566 -0.009943 
1515 21.395508 0.000000 4.118826 103.760370 -0.119883 -4.543247 -0.078687 
1516 21.098722 0.000000 4.118826 103.293906 -0.185045 -4.077231 -0.068629 
1517 21.395508 0.000000 4.395136 103.098922 -0.112656 -3.870549 -0.064438 
1518 23.473003 0.000000 -2.236301 94.703300 -0.158863 -1.753485 0.102818 
1519 23.473003 0.000000 -2.788920 95.317224 -0.175875 -2.846627 0.090649 
1520 24.066573 0.000000 -2.236301 95.367880 -0.269079 -2.437961 0.089895 
1521 22.582648 0.000000 4.118826 101.828296 -0.109494 -8.216152 -0.043652 
1522 22.879433 0.000000 4.118826 100.971244 -0.204373 -7.931859 -0.025815 
1523 22.582648 0.000000 4.395136 101.640961 -0.223278 -6.269253 -0.037024 
1524 22.434255 0.000000 -0.992906 93.097896 -0.141764 0.056608 0.133276 
1525 22.582648 0.000000 -0.992906 93.222043 -0.141527 -0.144637 0.130961 
1526 22.434255 0.000000 -0.854751 92.990578 -0.141317 0.164277 0.135271 
1527 23.473003 0.000000 1.079418 -0.849508 -0.047059 -0.543461 0.999898 
1528 24.066573 0.000000 1.079418 0.929145 -0.003190 -0.719013 0.999862 
1529 23.473003 0.000000 1.632037 -0.784373 -0.086974 -1.363070 0.999752 
1530 23.473003 0.000000 2.184657 -0.782999 -0.026259 -2.459769 0.999334 
1531 24.066573 0.000000 2.184657 0.609289 -0.101836 -2.017880 0.999555 
1532 22.434255 0.000000 3.704361 100.077570 -0.062244 -13.715642 -0.020364 
1533 22.582648 0.000000 3.704361 100.170241 -0.108401 -13.437969 -0.021467 
1534 22.434255 0.000000 3.842516 100.077570 -0.062244 -13.715642 -0.020364 
1535 28.815135 0.000000 3.842516 99.748000 -0.084156 -3.633441 0.003713 
1536 28.815135 0.000000 4.947756 99.716404 -0.221110 -2.145281 0.005199 
1537 28.815135 0.000000 -2.788920 101.939580 -0.000621 -4.305547 -0.041022 
1538 28.815135 0.000000 -3.894160 101.518698 -0.069318 -4.181224 -0.032353 
1539 31.782986 0.000000 -1.131061 102.398941 -0.059579 -1.630353 -0.048820 
1540 31.782986 0.000000 -1.683681 102.384800 -0.058504 -1.888237 -0.048622 
1541 31.782986 0.000000 -0.578441 102.081603 -0.041559 -1.488971 -0.042287 
1542 31.782986 0.000000 2.184657 100.291286 -0.061551 -10.103701 -0.016043 
1543 31.782986 0.000000 1.632037 100.320167 -0.052514 -8.933641 -0.014395 
1544 31.782986 0.000000 2.737277 100.776577 -0.034329 -11.076673 -0.027861 
1545 34.157267 0.000000 -0.025822 -1.469628 -0.123023 -0.202309 0.999778 
1546 33.563697 0.000000 -0.025822 -0.925029 -0.096131 -0.611165 0.999876 
1547 34.750837 0.000000 -0.025822 -1.899854 -0.017532 0.033781 0.999639 
1548 32.970126 0.000000 -0.025822 0.410569 0.008412 -0.856252 0.999910 
1549 32.376556 0.000000 -0.025822 2.467454 0.049667 -1.211778 0.999244 
1550 32.970126 0.000000 0.526798 0.502385 0.015307 0.008967 0.999975 
1551 32.970126 0.000000 -2.236301 103.222584 -0.137777 -3.057315 -0.066427 
1552 32.376556 0.000000 -2.236301 102.451283 0.088672 -3.993140 -0.051222 
1553 32.970126 0.000000 -2.788920 102.462035 0.016655 -3.023336 -0.050761 
1554 32.970126 0.000000 1.079418 0.385445 0.071153 0.917223 0.999901 
1555 32.376556 0.000000 1.079418 2.927943 0.000890 1.030256 0.999037 
1556 35.344407 0.000000 -0.025822 -2.212604 0.034985 0.165279 0.999508 
1557 35.344407 0.000000 -2.236301 102.599683 0.318165 0.550773 -0.052710 
1558 35.344407 0.000000 -2.788920 102.123413 0.225282 -0.155806 -0.042927 
1559 37.718688 0.000000 -0.025822 -2.437926 0.046225 -0.084889 0.999405 
1560 36.234763 0.000000 -1.407371 102.340552 -0.168828 2.894127 -0.048199 
1561 35.937977 0.000000 -1.407371 102.964978 -0.093878 2.783969 -0.060955 
1562 36.234763 0.000000 -1.683681 102.097189 0.340433 1.830591 -0.042730 
1563 37.718688 0.000000 -2.236301 100.947741 0.222313 1.291272 -0.019216 
1564 37.718688 0.000000 -2.788920 100.860474 0.045603 0.782415 -0.017345 
1565 38.312258 0.000000 -2.236301 100.834337 -0.068578 1.030724 -0.016863 
1566 36.234763 0.000000 1.908347 100.901133 -0.073995 -8.435233 -0.025220 
1567 35.937977 0.000000 1.908347 100.923999 -0.095921 -8.379085 -0.025587 
1568 36.234763 0.000000 2.184657 100.498846 -0.093923 -4.434845 -0.011969 
1569 40.092969 0.000000 -0.025822 -2.765634 -0.070370 -0.143039 0.999233 
1570 40.389754 0.000000 0.803108 102.518548 0.024038 -9.121509 -0.059326 
1571 40.092969 0.000000 0.803108 102.314849 -0.003147 -8.540308 -0.054127 
1572 40.389754 0.000000 0.526798 -2.330033 0.069597 -0.090070 0.999456 
1573 48.996522 0.000000 4.947756 100.337171 0.008826 -2.641641 -0.007453 
1574 51.370803 0.000000 4.947756 99.938012 -0.008925 -2.920173 0.000387 
1575 48.996522 0.000000 7.158235 100.149699 -0.073359 -2.112208 -0.003443 
1576 43.060820 0.000000 3.842516 100.754737 -0.136666 -3.712335 -0.016532 
1577 44.247960 0.000000 3.842516 100.204492 -0.166747 -3.694326 -0.005462 
1578 43.060820 0.000000 4.947756 100.772278 0.010190 -2.635214 -0.016200 
1579 45.435101 0.000000 3.842516 99.801166 0.147987 -3.431226 0.002793 
1580 46.622241 0.000000 3.842516 99.819903 0.134928 -3.209622 0.002567 
1581 45.435101 0.000000 4.947756 100.378572 -0.128236 -2.674242 -0.008303 
1582 42.467250 0.000000 2.184657 100.694314 0.128177 -7.510924 -0.019578 
1583 43.060820 0.000000 2.184657 100.040860 -0.089026 -8.059782 -0.007314 
1584 42.467250 0.000000 2.737277 100.929607 0.058386 -5.567666 -0.021779 
1585 43.654390 0.000000 -0.025822 -4.951811 0.162897 0.221294 0.997540 
1586 47.809381 0.000000 1.632037 98.552638 0.035514 -2.942878 0.027872 
1587 48.996522 0.000000 1.632037 100.257298 -0.020805 -3.082137 -0.006103 
1588 47.809381 0.000000 2.737277 99.373976 -0.052104 -3.056601 0.011547 
1589 44.841530 0.000000 1.079418 94.661924 0.138298 -14.087378 0.084065 
1590 45.435101 0.000000 1.079418 93.938577 0.076828 -10.329910 0.106883 
1591 44.841530 0.000000 1.632037 96.730578 0.039196 -9.429134 0.055429 
1592 46.028671 0.000000 1.079418 94.221292 0.188599 -7.100500 0.107190 
1593 46.622241 0.000000 1.079418 95.177426 0.121966 -4.781527 0.091838 
1594 46.028671 0.000000 1.632037 96.556712 0.110338 -5.589867 0.064554 
1595 47.809381 0.000000 -2.788920 100.692177 0.089683 2.145586 -0.014353 
1596 47.809381 0.000000 -3.894160 100.842224 0.170756 2.114369 -0.017365 
1597 48.996522 0.000000 -2.788920 103.985210 -0.033470 1.597750 -0.081548 
1598 255.558951 0.000000 214.943249 100.000050 -0.000247 -0.000965 -0.000001 
1599 331.535936 0.000000 214.943249 99.999985 -0.000310 -0.000842 0.000000 
1600 255.558951 0.000000 285.678573 100.000107 -0.000182 -0.000544 -0.000002 
1601 141.593473 0.000000 108.840263 99.999922 0.000144 -0.005052 0.000002 
1602 179.581965 0.000000 108.840263 99.999572 -0.000233 -0.004096 0.000009 
1603 141.593473 0.000000 144.207925 100.000428 0.000041 -0.002853 -0.000009 
1604 84.610734 0.000000 55.788770 99.993435 -0.021090 -0.026755 0.000131 
1605 103.604980 0.000000 55.788770 99.995584 0.002519 -0.022701 0.000088 
1606 84.610734 0.000000 73.472601 100.001911 0.003112 -0.016387 -0.000038 
1607 56.119364 0.000000 29.263023 99.976328 0.029257 -0.147033 0.000471 
1608 65.616487 0.000000 29.263023 99.984421 -0.031599 -0.155045 0.000309 
1609 56.119364 0.000000 38.104939 100.023392 -0.028732 -0.095260 -0.000469 
1610 6.259468 0.000000 9.368714 99.991270 -0.098905 1.312765 0.000001 
1611 3.885187 0.000000 9.368714 99.844685 -0.039804 1.163389 0.002968 
1612 6.259468 0.000000 11.579192 100.060225 -0.025244 0.867128 -0.001280 
1613 1.510906 0.000000 9.368714 99.550237 0.031705 0.747208 0.008919 
1614 -0.863375 0.000000 9.368714 99.410909 0.095047 0.590502 0.011711 
1615 1.510906 0.000000 11.579192 99.731726 0.069664 0.621279 0.005319 
1616 -3.237656 0.000000 9.368714 99.507757 0.099914 0.407502 0.009803 
1617 -5.611936 0.000000 9.368714 99.651668 0.003784 0.421690 0.006937 
1618 -3.237656 0.000000 11.579192 99.705378 0.087687 0.417171 0.005866 
1619 0.917336 0.000000 -2.236301 97.202831 -0.160386 -6.442260 0.051008 
1620 0.323766 0.000000 -2.236301 96.399066 -0.169401 -5.606817 0.067575 
1621 0.917336 0.000000 -2.788920 97.932857 -0.250742 -4.544632 0.038844 
1622 -0.269805 0.000000 -2.236301 96.283482 -0.053533 -3.811095 0.071496 
1623 -0.863375 0.000000 -2.236301 96.704625 -0.004618 -2.686424 0.064100 
1624 -0.269805 0.000000 -2.788920 97.415113 -0.054395 -3.112760 0.050060 
1625 0.323766 0.000000 3.842516 98.036273 -0.017198 2.460755 0.038283 
1626 -0.863375 0.000000 3.842516 98.354538 0.023969 1.650084 0.032366 
1627 0.323766 0.000000 4.947756 98.987842 -0.053672 2.127314 0.019688 
1628 -0.269805 0.000000 1.079418 94.203534 -0.050999 3.575667 0.111291 
1629 -0.863375 0.000000 1.079418 95.439487 -0.009410 1.927296 0.088759 
1630 -0.269805 0.000000 1.632037 95.569807 -0.031897 3.294692 0.085556 
1631 0.917336 0.000000 2.184657 95.931124 -0.194502 4.543055 0.077654 
1632 0.323766 0.000000 2.184657 96.132291 -0.134306 3.667149 0.074512 
1633 0.917336 0.000000 2.737277 96.841639 -0.132460 3.685468 0.060810 
1634 -0.269805 0.000000 2.184657 96.541163 -0.032980 2.943844 0.067114 
1635 -0.863375 0.000000 2.184657 96.945751 -0.010145 1.931086 0.059779 
1636 -0.269805 0.000000 2.737277 97.231842 0.078835 2.626773 0.053906 
1637 8.040178 0.000000 -2.236301 100.739252 -0.200458 0.802635 -0.014908 
1638 8.040178 0.000000 -2.788920 100.647391 -0.205511 0.018469 -0.012994 
1639 8.633748 0.000000 -2.236301 100.427983 -0.186537 0.928360 -0.008668 
1640 12.195170 0.000000 6.052995 99.826362 -0.045897 2.640901 0.002772 
1641 11.008029 0.000000 6.052995 99.798178 -0.103004 2.670090 0.003318 
1642 12.195170 0.000000 7.158235 100.103753 0.049669 2.115922 -0.002524 
1643 9.820889 0.000000 6.052995 99.685576 -0.154219 2.513622 0.005644 
1644 8.633748 0.000000 6.052995 99.673085 -0.127073 2.372846 0.005963 
1645 9.820889 0.000000 7.158235 99.882529 -0.116126 1.902772 0.001985 
1646 6.853038 0.000000 3.289897 99.580941 -0.036890 5.456071 0.005387 
1647 6.259468 0.000000 3.289897 99.691804 -0.099678 5.635608 0.002977 
1648 6.853038 0.000000 3.842516 99.563333 -0.091444 4.325302 0.006843 
1649 11.601599 0.000000 1.079418 4.025721 -0.048739 1.196997 0.998236 
1650 12.195170 0.000000 1.079418 3.753381 -0.032942 1.149772 0.998459 
1651 11.601599 0.000000 1.632037 4.291515 -0.013861 1.620124 0.997896 
1652 11.601599 0.000000 2.184657 101.566598 -0.186494 11.723698 -0.045325 
1653 12.195170 0.000000 2.184657 101.495426 1.509922 10.720164 -0.041852 
1654 11.601599 0.000000 2.737277 101.548829 -0.220646 15.344286 -0.054766 
1655 41.873679 0.000000 16.000150 100.297194 -0.107217 -0.493270 -0.005978 
1656 46.622241 0.000000 16.000150 100.236915 -0.062132 -0.650472 -0.004787 
1657 41.873679 0.000000 20.421108 100.280528 -0.048086 -0.353773 -0.005631 
1658 11.601599 0.000000 3.289897 101.529400 -0.232082 16.062464 -0.056628 
1659 12.195170 0.000000 3.289897 101.435367 -0.219740 15.260385 -0.052206 
1660 11.601599 0.000000 3.842516 98.784491 -0.129158 6.363065 0.020112 
1661 12.788740 0.000000 3.289897 101.552768 -0.200961 15.410851 -0.055050 
1662 12.788740 0.000000 2.737277 101.541147 -0.189202 13.801610 -0.050112 
1663 12.788740 0.000000 3.842516 101.769546 -0.191842 16.396224 -0.062591 
1664 12.788740 0.000000 4.395136 99.301154 0.004570 5.570193 0.010825 
1665 12.195170 0.000000 4.395136 99.238622 -0.078652 5.092710 0.012575 
1666 12.788740 0.000000 4.947756 99.583748 -0.006350 4.270356 0.006484 
1667 11.601599 0.000000 4.395136 99.182569 -0.063518 4.915504 0.013865 
1668 11.008029 0.000000 4.395136 99.113940 -0.049666 4.649719 0.015480 
1669 11.601599 0.000000 4.947756 99.477923 -0.004856 3.925757 0.008873 
1670 9.227319 0.000000 -2.236301 100.178839 -0.134422 0.816247 -0.003648 
1671 9.227319 0.000000 -2.788920 100.123367 -0.123914 0.184466 -0.002474 
1672 9.820889 0.000000 -2.236301 104.199975 -0.200772 2.946547 -0.086636 
1673 12.788740 0.000000 -0.025822 3.395885 -0.069429 0.099189 0.998845 
1674 13.382310 0.000000 -0.025822 2.690878 -0.034520 -0.030784 0.999276 
1675 12.788740 0.000000 0.526798 3.330296 -0.071844 0.702731 0.998841 
1676 12.788740 0.000000 -2.236301 99.190806 -0.197167 0.670995 0.016069 
1677 12.195170 0.000000 -2.236301 99.274809 -0.199076 0.702759 0.014398 
1678 12.788740 0.000000 -2.788920 99.257171 -0.150432 0.286702 0.014791 
1679 11.601599 0.000000 -2.236301 99.274050 -0.302958 0.502482 0.014432 
1680 11.008029 0.000000 -2.236301 99.569474 -0.281485 0.592340 0.008549 
1681 11.601599 0.000000 -2.788920 99.488218 -0.354749 0.021062 0.010197 
1682 13.975880 0.000000 -0.025822 1.654094 0.053516 -0.198717 0.999722 
1683 14.569450 0.000000 -0.025822 0.471057 0.105373 -0.495534 0.999952 
1684 13.975880 0.000000 0.526798 1.502223 0.061786 0.557017 0.999743 
1685 17.537301 0.000000 -0.025822 -4.693997 0.014502 0.255138 0.997790 
1686 16.943731 0.000000 -0.025822 -4.773143 -0.061345 0.112976 0.997720 
1687 17.537301 0.000000 0.526798 -4.764027 0.030382 0.321434 0.997720 
1688 16.350161 0.000000 -0.025822 -4.217009 0.073357 -0.544395 0.998192 
1689 15.756591 0.000000 -0.025822 -2.668518 0.054651 -0.800560 0.999224 
1690 16.350161 0.000000 0.526798 -4.001951 0.061250 0.178807 0.998395 
1691 19.911582 0.000000 2.184657 -4.847583 0.025631 1.713609 0.997356 
1692 19.318012 0.000000 2.184657 -4.477622 -0.026540 1.315651 0.997822 
1693 19.911582 0.000000 1.632037 -5.150003 -0.024851 1.206422 0.997202 
1694 18.724442 0.000000 2.184657 -4.394792 -0.041034 0.881930 0.997991 
1695 18.130872 0.000000 2.184657 -4.698855 0.009558 0.343688 0.997780 
1696 18.724442 0.000000 1.632037 -4.607197 -0.021829 0.766531 0.997819 
1697 34.750837 0.000000 9.368714 100.812116 -0.133926 -0.858565 -0.016384 
1698 37.125118 0.000000 9.368714 100.850609 0.077288 -0.771847 -0.017145 
1699 34.750837 0.000000 11.579192 100.454969 -0.101300 -0.547805 -0.009151 
1700 26.440854 0.000000 6.052995 100.222039 -0.086240 -1.992052 -0.004843 
1701 27.627995 0.000000 6.052995 100.032892 -0.030787 -1.660054 -0.000934 
1702 26.440854 0.000000 7.158235 100.441956 -0.177643 -1.391106 -0.009055 
1703 24.660144 0.000000 -0.025822 2.852714 -0.069194 0.400148 0.999170 
1704 25.253714 0.000000 -0.025822 3.847274 -0.019887 0.361986 0.998507 
1705 24.660144 0.000000 0.526798 2.446918 0.012957 -0.196322 0.999397 
1706 21.098722 0.000000 1.079418 -6.326675 0.036973 0.388077 0.995982 
1707 20.505152 0.000000 1.079418 -5.822444 -0.030091 0.511301 0.996584 
1708 24.660144 0.000000 4.395136 99.851958 -0.301482 -4.806802 0.000639 
1709 25.253714 0.000000 4.395136 99.993339 -0.267989 -4.429139 -0.001836 
1710 24.660144 0.000000 4.947756 100.077252 -0.180755 -3.736350 -0.002945 
1711 24.660144 0.000000 -2.236301 96.253956 -0.243171 -3.060583 0.072575 
1712 24.660144 0.000000 -2.788920 96.990608 -0.256278 -3.967193 0.057702 
1713 25.253714 0.000000 -2.236301 97.560161 -0.247694 -3.293281 0.047111 
1714 24.660144 0.000000 1.079418 2.406909 -0.001485 -0.754967 0.999364 
1715 25.253714 0.000000 1.079418 3.639649 -0.085260 -0.588992 0.998640 
1716 24.660144 0.000000 1.632037 2.488132 -0.048660 -1.265572 0.999221 
1717 24.660144 0.000000 2.184657 101.030967 -0.228683 -9.012448 -0.028853 
1718 25.253714 0.000000 2.184657 101.565452 -0.252549 -9.059802 -0.039768 
1719 28.815135 0.000000 6.052995 99.977478 0.065140 -1.485944 0.000229 
1720 30.002275 0.000000 6.052995 99.790601 0.010921 -1.196573 0.004040 
1721 28.815135 0.000000 7.158235 99.908424 0.016381 -0.880140 0.001753 
1722 31.782986 0.000000 -0.025822 4.441267 0.047821 -0.905262 0.997945 
1723 31.189416 0.000000 -0.025822 5.942383 0.083562 -1.150156 0.996336 
1724 31.782986 0.000000 0.526798 4.523518 -0.037975 -0.085706 0.997953 
1725 30.595846 0.000000 -0.025822 6.961149 0.011134 -1.006641 0.995053 
1726 30.002275 0.000000 -0.025822 7.320815 0.029929 -1.101985 0.994519 
1727 30.595846 0.000000 0.526798 6.988241 -0.067850 -0.433962 0.995097 
1728 31.782986 0.000000 -2.236301 101.752365 0.018909 -4.443844 -0.037329 
1729 31.189416 0.000000 -2.236301 101.467698 0.147622 -4.480339 -0.031579 
1730 31.782986 0.000000 -2.788920 101.593857 0.024446 -4.203650 -0.033898 
1731 30.595846 0.000000 -2.236301 101.161109 -0.050188 -4.405718 -0.025298 
1732 30.002275 0.000000 -2.236301 101.450632 -0.173141 -4.178135 -0.030972 
1733 30.595846 0.000000 -2.788920 101.149199 -0.171594 -4.335033 -0.024998 
1734 30.595846 0.000000 1.079418 7.282644 -0.018730 -0.033676 0.994696 
1735 30.002275 0.000000 1.079418 7.331845 -0.036470 -0.104736 0.994623 
1736 31.189416 0.000000 1.079418 6.251332 -0.190027 -0.130789 0.996087 
1737 31.782986 0.000000 1.079418 4.697095 -0.020519 0.615915 0.997756 
1738 51.370803 0.000000 16.000150 100.139554 -0.218255 -0.702674 -0.002847 
1739 56.119364 0.000000 16.000150 100.009511 -0.070193 -0.689483 -0.000238 
1740 51.370803 0.000000 20.421108 100.123970 -0.032742 -0.428277 -0.002499 
1741 39.499399 0.000000 9.368714 100.497212 0.068990 -0.806419 -0.010034 
1742 41.873679 0.000000 9.368714 100.530788 0.185073 -0.993550 -0.010746 
1743 39.499399 0.000000 11.579192 100.427548 0.136591 -0.441830 -0.008591 
1744 38.905828 0.000000 -2.236301 101.077950 -0.252725 1.036092 -0.021789 
1745 38.905828 0.000000 -2.788920 100.902728 -0.174961 0.810394 -0.018205 
1746 39.499399 0.000000 -2.236301 101.646947 -0.089730 1.091326 -0.033330 
1747 40.092969 0.000000 -2.236301 102.457288 -0.098833 1.304926 -0.049921 
1748 40.092969 0.000000 -2.788920 101.996656 -0.066695 1.285020 -0.040497 
1749 40.686539 0.000000 -2.236301 103.129287 -0.150107 1.973042 -0.063957 
1750 43.654390 0.000000 2.184657 99.250493 0.057801 -8.138054 0.008311 
1751 44.247960 0.000000 2.184657 98.463555 0.297854 -7.860973 0.024304 
1752 43.654390 0.000000 2.737277 99.868961 0.079971 -6.007262 -0.000990 
1753 44.841530 0.000000 2.184657 97.722944 0.298514 -6.974123 0.040150 
1754 45.435101 0.000000 2.184657 97.687064 -0.010917 -5.771963 0.042392 
1755 44.841530 0.000000 2.737277 98.534837 0.212775 -5.443754 0.026121 
1756 -2.050515 0.000000 3.842516 98.569988 0.033401 0.966500 0.028302 
1757 -3.237656 0.000000 3.842516 98.802494 0.020010 0.595570 0.023771 
1758 -2.050515 0.000000 4.947756 98.883874 0.019023 0.871199 0.022122 
1759 47.809381 0.000000 3.842516 100.238850 0.074285 -2.910683 -0.005630 
1760 48.996522 0.000000 3.842516 100.408567 -0.058524 -3.019740 -0.009100 
1761 47.809381 0.000000 4.947756 100.358792 0.076734 -2.638899 -0.007886 
1762 7.446608 0.000000 6.052995 99.673292 -0.004926 2.277305 0.006005 
1763 6.259468 0.000000 6.052995 99.567079 -0.058734 2.229854 0.008142 
1764 7.446608 0.000000 7.158235 99.763952 -0.137924 1.846316 0.004373 
1765 5.072327 0.000000 6.052995 99.482166 -0.077112 2.070731 0.009900 
1766 3.885187 0.000000 6.052995 99.466762 -0.051706 2.095436 0.010197 
1767 5.072327 0.000000 7.158235 99.745777 0.034273 1.790507 0.004757 
1768 5.665897 0.000000 3.289897 99.600205 -0.056365 5.786781 0.004631 
1769 5.072327 0.000000 3.289897 99.423040 -0.077414 5.789438 0.008154 
1770 5.665897 0.000000 3.842516 99.548646 -0.097157 4.542394 0.006942 
1771 12.788740 0.000000 1.079418 3.259501 -0.047160 1.293337 0.998770 
1772 13.382310 0.000000 1.079418 2.515452 -0.019166 1.248650 0.999211 
1773 12.788740 0.000000 1.632037 3.182318 -0.018449 1.801576 0.998663 
1774 12.788740 0.000000 2.184657 101.327257 -0.186997 12.312987 -0.041886 
1775 13.382310 0.000000 2.184657 101.479827 -0.161781 11.237776 -0.042447 
1776 10.414459 0.000000 4.395136 99.151747 -0.139932 4.381776 0.014971 
1777 9.820889 0.000000 4.395136 99.189416 -0.219244 4.136873 0.014430 
1778 10.414459 0.000000 4.947756 99.404410 -0.164074 3.603092 0.010575 
1779 9.227319 0.000000 4.395136 99.246027 -0.327299 3.894460 0.013495 
1780 8.633748 0.000000 4.395136 99.319592 -0.140387 3.740512 0.012161 
1781 9.227319 0.000000 4.947756 99.407954 -0.227838 3.230619 0.010757 
1782 10.414459 0.000000 -2.236301 99.691509 -0.328578 0.863531 0.006075 
1783 10.414459 0.000000 -2.788920 99.716441 -0.312710 0.138476 0.005651 
1784 15.163021 0.000000 -0.025822 -0.914421 0.077963 -0.726392 0.999863 
1785 15.163021 0.000000 0.526798 -1.020659 0.093928 0.413042 0.999878 
1786 13.975880 0.000000 1.079418 1.478837 0.054307 1.223765 0.999631 
1787 14.569450 0.000000 1.079418 0.267078 0.059426 1.285941 0.999827 
1788 13.975880 0.000000 1.632037 1.483985 0.030906 1.789610 0.999459 
1789 15.163021 0.000000 1.079418 -1.131993 0.100914 1.317773 0.999697 
1790 15.756591 0.000000 1.079418 -2.740161 0.034604 1.094115 0.999129 
1791 15.163021 0.000000 1.632037 -1.244688 0.077765 1.885321 0.999489 
1792 15.163021 0.000000 2.184657 -1.295902 0.048460 2.514313 0.999200 
1793 14.569450 0.000000 2.184657 0.148817 -0.010809 2.445865 0.999400 
1794 15.756591 0.000000 2.184657 -3.279091 -0.020072 2.163635 0.998457 
1795 13.975880 0.000000 2.184657 1.523801 -0.008586 2.041548 0.999351 
1796 16.350161 0.000000 1.079418 -4.109059 0.042044 0.750522 0.998255 
1797 16.943731 0.000000 1.079418 -4.805850 -0.023753 0.499463 0.997665 
1798 16.350161 0.000000 1.632037 -4.433310 0.034422 1.164371 0.997899 
1799 17.537301 0.000000 1.079418 -4.764368 0.028119 0.248949 0.997724 
1800 18.130872 0.000000 1.079418 -4.624379 -0.004657 0.418689 0.997844 
1801 17.537301 0.000000 1.632037 -4.919760 0.027854 0.357379 0.997567 
1802 17.537301 0.000000 2.184657 -5.080495 0.014313 0.185965 0.997415 
1803 16.943731 0.000000 2.184657 -5.424428 0.052739 0.654059 0.997015 
1804 16.350161 0.000000 2.184657 -4.957772 0.043115 1.441730 0.997334 
1805 18.724442 0.000000 1.079418 -4.751966 0.012906 0.406666 0.997725 
1806 19.318012 0.000000 1.079418 -4.927308 -0.012764 0.515437 0.997546 
1807 19.911582 0.000000 1.079418 -5.377998 0.021037 0.424378 0.997090 
1808 31.189416 0.000000 6.052995 99.968507 -0.085927 -1.342980 0.000449 
1809 32.376556 0.000000 6.052995 100.071443 -0.216096 -1.436084 -0.001640 
1810 31.189416 0.000000 7.158235 100.166855 -0.273397 -0.956833 -0.003439 
1811 44.247960 0.000000 9.368714 100.567514 0.148234 -1.217939 -0.011533 
1812 46.622241 0.000000 9.368714 100.021104 0.143230 -1.600988 -0.000680 
1813 44.247960 0.000000 11.579192 100.852833 0.168678 -0.869054 -0.017208 
1814 33.563697 0.000000 6.052995 100.122628 -0.114041 -1.225656 -0.002606 
1815 34.750837 0.000000 6.052995 100.182486 -0.018853 -1.089024 -0.003772 
1816 33.563697 0.000000 7.158235 100.356566 0.006664 -0.994625 -0.007243 
1817 41.280109 0.000000 -2.236301 103.511296 -0.184048 2.693446 -0.072188 
1818 41.280109 0.000000 -2.788920 102.621089 -0.167189 2.642803 -0.053810 
1819 41.873679 0.000000 -2.236301 103.843859 -0.348109 3.688301 -0.079727 
1820 48.996522 0.000000 9.368714 99.947554 0.127653 -1.688057 0.000762 
1821 51.370803 0.000000 9.368714 99.882657 0.020565 -1.637661 0.002077 
1822 48.996522 0.000000 11.579192 100.632336 -0.066679 -1.240876 -0.012841 
1823 42.467250 0.000000 -2.236301 103.774663 -0.061736 4.794110 -0.079217 
1824 42.467250 0.000000 -2.788920 102.810386 -0.034729 4.435156 -0.058965 
1825 43.060820 0.000000 -2.236301 103.035755 0.094695 6.145357 -0.065414 
1826 46.028671 0.000000 2.184657 97.814528 0.098083 -4.663454 0.041056 
1827 46.622241 0.000000 2.184657 98.218347 -0.101033 -3.931816 0.033769 
1828 46.028671 0.000000 2.737277 98.499726 0.054118 -4.087881 0.028109 
1 11 62 60 61 
2 62 10 24 60 
3 60 24 14 63 
4 61 60 63 6 
5 24 66 64 65 
6 66 23 40 64 
7 64 40 27 67 
8 65 64 67 14 
9 40 70 68 69 
10 69 68 71 27 
11 6 63 92 93 
12 63 14 36 92 
13 92 36 19 94 
14 93 92 94 20 
15 14 67 95 96 
16 67 27 52 95 
17 95 52 35 97 
18 96 95 97 36 
19 27 71 98 99 
20 99 98 100 52 
21 68 112 110 111 
22 112 56 80 110 
23 110 80 43 113 
24 111 110 113 71 
25 80 116 114 115 
26 115 114 117 43 
27 71 113 133 134 
28 113 43 102 133 
29 133 102 76 135 
30 134 133 135 98 
31 43 117 136 137 
32 137 136 138 102 
33 114 141 139 140 
34 140 139 142 117 
35 12 145 143 144 
36 145 7 146 143 
37 143 146 13 25 
38 144 143 25 10 
39 25 149 147 148 
40 149 13 150 147 
41 147 150 26 41 
42 148 147 41 23 
43 41 153 151 152 
44 153 26 154 151 
45 151 154 42 57 
46 152 151 57 39 
47 39 157 155 156 
48 157 57 158 155 
49 155 158 55 81 
50 156 155 81 56 
51 81 161 159 160 
52 161 55 162 159 
53 159 162 82 107 
54 160 159 107 79 
55 79 165 163 164 
56 165 107 166 163 
57 56 174 172 173 
58 174 81 160 172 
59 172 160 79 116 
60 173 172 116 80 
61 116 177 175 176 
62 177 79 164 175 
63 176 175 141 114 
64 164 180 178 179 
65 180 163 181 178 
66 169 196 194 195 
67 196 130 197 194 
68 194 197 170 198 
69 141 201 199 200 
70 201 106 168 199 
71 199 168 129 202 
72 200 199 202 139 
73 106 205 203 204 
74 205 169 195 203 
75 203 195 167 206 
76 204 203 206 168 
77 207 209 124 210 
78 208 207 210 125 
79 167 198 215 216 
80 198 170 217 215 
81 215 217 128 218 
82 216 215 218 171 
83 195 221 219 220 
84 221 194 222 219 
85 219 222 198 223 
86 220 219 223 167 
87 107 225 224 166 
88 225 82 226 224 
89 163 228 227 181 
90 228 166 229 227 
91 130 231 230 197 
92 231 191 232 230 
93 230 232 190 233 
94 197 230 233 170 
95 170 233 237 217 
96 233 190 238 237 
97 237 238 193 239 
98 128 239 240 241 
99 239 193 242 240 
100 240 242 234 243 
101 241 240 243 213 
102 217 246 244 245 
103 246 237 247 244 
104 244 247 239 248 
105 245 244 248 128 
106 254 105 255 253 
107 253 255 192 256 
108 232 253 256 190 
109 166 258 257 229 
110 258 224 259 257 
111 227 262 260 261 
112 262 229 263 260 
113 260 263 105 254 
114 261 260 254 191 
115 191 266 264 265 
116 266 254 267 264 
117 264 267 253 268 
118 265 264 268 232 
119 193 279 278 242 
120 279 131 280 278 
121 278 280 235 281 
122 242 278 281 234 
123 105 283 282 255 
124 283 250 284 282 
125 282 284 249 285 
126 255 282 285 192 
127 131 287 286 280 
128 287 252 288 286 
129 280 286 289 235 
130 252 299 298 288 
131 299 186 300 298 
132 298 300 276 301 
133 109 277 302 303 
134 302 304 272 305 
135 303 302 305 209 
136 235 289 306 307 
137 289 275 308 306 
138 306 308 277 309 
139 307 306 309 109 
140 286 312 310 311 
141 312 288 313 310 
142 310 313 275 314 
143 311 310 314 289 
144 250 319 318 284 
145 318 320 251 321 
146 284 318 321 249 
147 57 323 322 158 
148 323 42 324 322 
149 322 324 58 89 
150 158 322 89 55 
151 55 326 325 162 
152 326 89 327 325 
153 325 327 88 183 
154 162 325 183 82 
155 82 329 328 226 
156 329 183 330 328 
157 224 332 331 259 
158 332 226 333 331 
159 257 336 334 335 
160 336 259 337 334 
161 334 337 187 319 
162 335 334 319 250 
163 187 339 338 320 
164 339 316 340 338 
165 338 340 315 341 
166 320 338 341 251 
167 319 344 342 343 
168 344 187 345 342 
169 342 345 320 346 
170 343 342 346 318 
171 275 301 347 308 
172 301 276 348 347 
173 347 348 189 349 
174 308 347 349 277 
175 288 351 350 313 
176 351 298 352 350 
177 350 352 301 353 
178 313 350 353 275 
179 357 358 273 359 
180 304 357 359 272 
181 276 361 360 348 
182 361 294 362 360 
183 360 362 297 363 
184 348 360 363 189 
185 316 369 368 340 
186 369 108 370 368 
187 368 370 317 371 
188 340 368 371 315 
189 396 373 397 394 
190 394 397 293 398 
191 296 401 399 400 
192 400 399 402 59 
193 398 293 417 415 
194 415 417 392 418 
195 416 415 418 391 
196 421 394 422 419 
197 419 422 398 423 
198 59 402 424 425 
199 424 416 391 426 
200 425 424 426 358 
201 399 429 427 428 
202 428 427 430 402 
203 367 433 431 432 
204 433 290 434 431 
205 431 434 373 396 
206 432 431 396 372 
207 372 437 435 436 
208 437 396 438 435 
209 435 438 394 421 
210 441 421 442 439 
211 439 442 419 443 
212 188 446 444 445 
213 446 367 432 444 
214 444 432 372 401 
215 445 444 401 296 
216 401 449 447 448 
217 449 372 436 447 
218 448 447 429 399 
219 429 452 450 451 
220 451 450 453 427 
221 374 423 454 455 
222 423 398 456 454 
223 454 456 415 457 
224 455 454 457 416 
225 420 443 458 459 
226 443 419 460 458 
227 458 460 423 461 
228 459 458 461 374 
229 464 439 465 462 
230 462 465 443 466 
231 463 462 466 420 
232 402 430 467 468 
233 430 374 455 467 
234 467 455 416 469 
235 468 467 469 424 
236 427 453 470 471 
237 453 420 459 470 
238 470 459 374 472 
239 471 470 472 430 
240 450 475 473 474 
241 475 440 463 473 
242 473 463 420 476 
243 474 473 476 453 
244 436 479 477 478 
245 479 435 480 477 
246 477 480 421 441 
247 478 477 441 395 
248 395 483 481 482 
249 483 441 484 481 
250 481 484 439 464 
251 482 481 464 440 
252 440 487 485 486 
253 487 464 488 485 
254 485 488 462 489 
255 486 485 489 463 
256 226 491 490 333 
257 491 328 492 490 
258 365 498 496 497 
259 498 291 499 496 
260 496 499 366 500 
261 497 496 500 364 
262 183 502 501 330 
263 502 88 503 501 
264 328 505 504 492 
265 505 330 506 504 
266 291 508 507 499 
267 508 494 509 507 
268 507 509 493 510 
269 499 507 510 366 
270 330 516 515 506 
271 516 501 517 515 
272 182 520 518 519 
273 520 512 521 518 
274 518 521 511 522 
275 519 518 522 495 
276 185 531 529 530 
277 531 524 532 529 
278 529 532 523 533 
279 530 529 533 413 
280 89 543 542 327 
281 543 58 544 542 
282 542 544 90 380 
283 327 542 380 88 
284 88 546 545 503 
285 546 380 547 545 
286 501 549 548 517 
287 549 503 550 548 
288 384 553 551 552 
289 551 554 538 555 
290 552 551 555 513 
291 386 567 565 566 
292 567 560 568 565 
293 566 565 569 525 
294 517 572 570 571 
295 572 548 573 570 
296 570 573 539 553 
297 571 570 553 384 
298 539 579 578 554 
299 579 184 580 578 
300 578 580 540 581 
301 554 578 581 538 
302 553 584 582 583 
303 584 539 585 582 
304 582 585 554 586 
305 583 582 586 551 
306 560 592 591 568 
307 592 91 593 591 
308 591 593 561 594 
309 568 591 594 559 
310 19 38 595 596 
311 38 21 597 595 
312 595 597 9 598 
313 596 595 598 22 
314 35 54 599 600 
315 54 37 601 599 
316 599 601 21 602 
317 600 599 602 38 
318 51 78 603 604 
319 78 53 605 603 
320 603 605 37 606 
321 604 603 606 54 
322 75 123 607 608 
323 123 77 609 607 
324 607 609 53 610 
325 608 607 610 78 
326 103 271 611 612 
327 271 121 613 611 
328 611 613 123 614 
329 612 611 614 75 
330 269 411 615 616 
331 411 270 617 615 
332 615 617 121 618 
333 616 615 618 271 
334 409 562 619 620 
335 562 410 621 619 
336 619 621 270 622 
337 620 619 622 411 
338 525 569 623 624 
339 569 559 625 623 
340 623 625 562 626 
341 624 623 626 409 
342 565 629 627 628 
343 629 568 630 627 
344 627 630 559 631 
345 628 627 631 569 
346 503 633 632 550 
347 633 545 634 632 
348 184 636 635 580 
349 636 575 637 635 
350 635 637 574 638 
351 580 635 638 540 
352 91 642 641 593 
353 642 588 643 641 
354 641 643 587 644 
355 593 641 644 561 
356 575 658 657 637 
357 658 535 659 657 
358 657 659 576 660 
359 637 657 660 574 
360 588 672 671 643 
361 672 537 673 671 
362 671 673 589 674 
363 643 671 674 587 
364 380 676 675 547 
365 676 90 677 675 
366 545 679 678 634 
367 679 547 680 678 
368 634 687 685 686 
369 687 678 688 685 
370 685 688 654 682 
371 686 685 682 535 
372 682 699 697 698 
373 699 654 700 697 
374 697 700 683 701 
375 535 704 702 703 
376 704 682 698 702 
377 702 698 681 705 
378 703 702 705 659 
379 576 684 708 709 
380 684 653 710 708 
381 708 710 656 711 
382 709 708 711 534 
383 681 701 712 713 
384 701 683 714 712 
385 712 714 653 715 
386 713 712 715 684 
387 698 718 716 717 
388 718 697 719 716 
389 716 719 701 720 
390 717 716 720 681 
391 537 722 721 673 
392 673 721 724 589 
393 121 408 733 613 
394 408 122 734 733 
395 733 734 77 735 
396 613 733 735 123 
397 270 558 736 617 
398 558 406 737 736 
399 736 737 408 738 
400 617 736 738 121 
401 556 670 739 740 
402 670 557 741 739 
403 739 741 406 742 
404 740 739 742 558 
405 589 724 743 744 
406 743 745 670 746 
407 744 743 746 556 
408 721 749 747 748 
409 749 723 750 747 
410 747 750 667 751 
411 748 747 751 724 
412 547 753 752 680 
413 753 675 754 752 
414 678 756 755 688 
415 756 680 757 755 
416 755 757 379 694 
417 688 755 694 654 
418 654 759 758 700 
419 759 694 760 758 
420 700 758 761 683 
421 762 763 557 764 
422 745 762 764 670 
423 723 766 765 750 
424 750 765 768 667 
425 379 770 769 695 
426 770 690 771 769 
427 769 771 689 772 
428 695 769 772 655 
429 694 774 773 760 
430 774 379 775 773 
431 773 775 695 776 
432 653 696 777 710 
433 696 655 778 777 
434 777 778 536 779 
435 710 777 779 656 
436 683 761 780 714 
437 780 781 696 782 
438 714 780 782 653 
439 758 785 783 784 
440 785 760 786 783 
441 784 783 787 761 
442 776 695 789 788 
443 788 789 655 790 
444 781 788 790 696 
445 760 792 791 786 
446 792 773 793 791 
447 791 793 776 794 
448 786 791 794 693 
449 761 787 795 796 
450 787 693 797 795 
451 795 797 781 798 
452 796 795 798 780 
453 783 801 799 800 
454 801 786 802 799 
455 799 802 693 803 
456 800 799 803 787 
457 706 808 806 807 
458 808 707 809 806 
459 806 809 382 730 
460 807 806 730 668 
461 668 812 810 811 
462 812 730 813 810 
463 810 813 729 766 
464 811 810 766 723 
465 382 815 814 731 
466 815 726 816 814 
467 814 816 725 817 
468 731 814 817 669 
469 819 731 820 818 
470 818 820 669 821 
471 766 824 822 823 
472 824 729 825 822 
473 823 822 826 765 
474 730 828 827 813 
475 828 382 829 827 
476 827 829 731 819 
477 813 827 819 729 
478 729 831 830 825 
479 831 819 832 830 
480 830 832 818 833 
481 825 830 833 767 
482 667 768 834 835 
483 768 732 836 834 
484 834 836 762 837 
485 835 834 837 745 
486 765 826 838 839 
487 826 767 840 838 
488 838 840 732 841 
489 839 838 841 768 
490 822 844 842 843 
491 844 825 845 842 
492 842 845 767 846 
493 843 842 846 826 
494 650 852 851 691 
495 852 381 853 851 
496 851 853 651 854 
497 691 851 854 649 
498 690 856 855 771 
499 856 650 857 855 
500 855 857 691 858 
501 771 855 858 689 
502 652 863 862 727 
503 863 5 864 862 
504 862 864 665 865 
505 727 862 865 664 
506 726 867 866 816 
507 867 652 868 866 
508 866 868 727 869 
509 816 866 869 725 
510 7 871 870 146 
511 871 16 872 870 
512 870 872 15 32 
513 146 870 32 13 
514 13 874 873 150 
515 874 32 875 873 
516 873 875 31 48 
517 150 873 48 26 
518 26 877 876 154 
519 877 48 878 876 
520 876 878 47 85 
521 154 876 85 42 
522 42 880 879 324 
523 880 85 881 879 
524 879 881 84 376 
525 324 879 376 58 
526 58 883 882 544 
527 883 376 884 882 
528 882 884 375 646 
529 544 882 646 90 
530 90 886 885 677 
531 886 646 887 885 
532 381 889 888 853 
533 889 848 890 888 
534 888 890 847 891 
535 853 888 891 651 
536 651 891 892 893 
537 891 847 894 892 
538 892 894 850 895 
539 893 892 895 5 
540 15 897 896 33 
541 897 17 898 896 
542 896 898 8 899 
543 33 896 899 18 
544 31 901 900 49 
545 901 33 902 900 
546 900 902 18 903 
547 49 900 903 34 
548 47 905 904 86 
549 905 49 906 904 
550 904 906 34 907 
551 86 904 907 50 
552 909 86 910 908 
553 908 910 50 911 
554 646 925 924 887 
555 925 375 926 924 
556 885 929 927 928 
557 929 887 930 927 
558 848 933 931 932 
559 933 921 934 931 
560 931 934 920 935 
561 932 931 935 890 
562 18 899 939 45 
563 899 8 940 939 
564 939 940 29 941 
565 45 939 941 28 
566 34 903 942 73 
567 903 18 943 942 
568 942 943 45 944 
569 73 942 944 44 
570 50 907 945 119 
571 907 34 946 945 
572 945 946 73 947 
573 119 945 947 72 
574 911 50 949 948 
575 948 949 119 950 
576 954 955 662 956 
577 850 938 957 958 
578 938 648 959 957 
579 957 959 860 960 
580 958 957 960 859 
581 894 963 961 962 
582 963 936 964 961 
583 961 964 938 965 
584 962 961 965 850 
585 887 971 970 930 
586 971 924 972 970 
587 645 975 973 974 
588 975 967 976 973 
589 973 976 966 977 
590 974 973 977 922 
591 648 980 981 959 
592 980 919 982 981 
593 981 982 954 983 
594 959 981 983 860 
595 937 986 984 985 
596 986 978 987 984 
597 984 987 980 988 
598 985 984 988 648 
599 967 998 997 976 
600 997 999 968 1000 
601 976 997 1000 966 
602 978 1005 1004 987 
603 1004 1006 919 1007 
604 987 1004 1007 980 
605 376 1009 1008 884 
606 1009 84 1010 1008 
607 1008 1010 377 913 
608 884 1008 913 375 
609 375 1012 1011 926 
610 1012 913 1013 1011 
611 924 1015 1014 972 
612 1015 926 1016 1014 
613 970 1019 1017 1018 
614 1019 972 1020 1017 
615 1017 1020 917 998 
616 1018 1017 998 967 
617 917 1022 1021 999 
618 1022 994 1023 1021 
619 1021 1023 993 1024 
620 999 1021 1024 968 
621 998 1027 1025 1026 
622 1027 917 1028 1025 
623 1025 1028 999 1029 
624 1026 1025 1029 997 
625 969 1032 1030 1031 
626 1032 916 1033 1030 
627 1030 1033 979 1005 
628 1031 1030 1005 978 
629 1034 1035 951 1036 
630 955 1034 1036 662 
631 919 1003 1037 982 
632 1003 378 1038 1037 
633 1037 1038 955 1039 
634 982 1037 1039 954 
635 979 1041 1040 1006 
636 1041 1001 1042 1040 
637 1040 1042 1003 1043 
638 1006 1040 1043 919 
639 1005 1046 1044 1045 
640 1046 979 1047 1044 
641 1044 1047 1006 1048 
642 1045 1044 1048 1004 
643 926 1058 1057 1016 
644 1058 1011 1059 1057 
645 647 1061 1060 1055 
646 1061 1050 1062 1060 
647 1060 1062 1049 1063 
648 1055 1060 1063 995 
649 993 1056 1064 1065 
650 1056 995 1066 1064 
651 1064 1066 918 1067 
652 1065 1064 1067 996 
653 1070 1055 1071 1068 
654 1068 1071 995 1072 
655 1069 1068 1072 1056 
656 1023 1075 1073 1074 
657 1075 1053 1069 1073 
658 1073 1069 1056 1076 
659 1074 1073 1076 993 
660 1014 1079 1077 1078 
661 1079 1016 1080 1077 
662 1077 1080 647 1054 
663 1078 1077 1054 994 
664 1054 1083 1081 1082 
665 1083 647 1084 1081 
666 1081 1084 1055 1070 
667 1082 1081 1070 1053 
668 1053 1087 1085 1086 
669 1087 1070 1088 1085 
670 1085 1088 1068 1089 
671 1086 1085 1089 1069 
672 996 1067 1093 1094 
673 1067 918 1095 1093 
674 918 1098 1097 1095 
675 1098 1052 1099 1097 
676 1097 1099 1090 1100 
677 1095 1097 1100 1002 
678 1101 1102 378 1103 
679 1042 1101 1103 1003 
680 1093 1106 1104 1105 
681 1106 1095 1107 1104 
682 1104 1107 1002 1108 
683 916 1110 1109 1033 
684 1110 996 1094 1109 
685 1109 1094 1001 1041 
686 1033 1109 1041 979 
687 1094 1113 1111 1112 
688 1113 1093 1105 1111 
689 1111 1105 1096 1114 
690 1112 1111 1114 1001 
691 378 1092 1115 1038 
692 1092 992 1116 1115 
693 1115 1116 1034 1117 
694 1038 1115 1117 955 
695 1002 1100 1118 1102 
696 1100 1090 1119 1118 
697 1118 1119 1092 1120 
698 1102 1118 1120 378 
699 1096 1108 1121 1122 
700 1108 1002 1123 1121 
701 1121 1123 1102 1124 
702 1122 1121 1124 1101 
703 1105 1127 1125 1126 
704 1127 1104 1128 1125 
705 1125 1128 1108 1129 
706 1126 1125 1129 1096 
707 1131 908 1132 1130 
708 1130 1132 911 1133 
709 1050 1143 1142 1062 
710 1143 990 1144 1142 
711 1142 1144 1051 1145 
712 1049 1145 1146 1147 
713 1145 1051 1148 1146 
714 1146 1148 989 1149 
715 1147 1146 1149 1052 
716 1062 1152 1150 1151 
717 1152 1142 1153 1150 
718 1150 1153 1145 1154 
719 1151 1150 1154 1049 
720 1052 1149 1158 1099 
721 1149 989 1159 1158 
722 1158 1159 1091 1160 
723 1090 1160 1161 1119 
724 1160 1091 1162 1161 
725 1161 1162 992 1163 
726 1119 1161 1163 1092 
727 1099 1166 1164 1165 
728 1166 1158 1167 1164 
729 1164 1167 1160 1168 
730 1165 1164 1168 1090 
731 913 1170 1169 1013 
732 1170 377 1171 1169 
733 1011 1173 1172 1059 
734 1173 1013 1174 1172 
735 990 1176 1175 1144 
736 1176 1139 1177 1175 
737 1175 1177 1138 1178 
738 1144 1175 1178 1051 
739 989 1180 1179 1159 
740 1159 1179 1182 1091 
741 1133 911 1184 1183 
742 1183 1184 948 1185 
743 1186 1187 952 1188 
744 1035 1186 1188 951 
745 1194 991 1195 1193 
746 1193 1195 1156 1196 
747 992 1157 1197 1116 
748 1157 915 1198 1197 
749 1197 1198 1035 1199 
750 1116 1197 1199 1034 
751 1155 1196 1200 1201 
752 1196 1156 1202 1200 
753 1200 1202 915 1203 
754 1201 1200 1203 1157 
755 1206 1193 1207 1204 
756 1204 1207 1196 1208 
757 1205 1204 1208 1155 
758 1091 1182 1209 1162 
759 1182 1155 1201 1209 
760 1209 1201 1157 1210 
761 1162 1209 1210 992 
762 1179 1213 1211 1212 
763 1213 1181 1205 1211 
764 1211 1205 1155 1214 
765 1212 1211 1214 1182 
766 1138 1220 1218 1219 
767 1220 1140 1221 1218 
768 1218 1221 991 1194 
769 1219 1218 1194 1141 
770 1141 1224 1222 1223 
771 1224 1194 1225 1222 
772 1222 1225 1193 1206 
773 1223 1222 1206 1181 
774 1181 1228 1226 1227 
775 1228 1206 1229 1226 
776 1226 1229 1204 1230 
777 1227 1226 1230 1205 
778 1139 1232 1231 1177 
779 1232 912 1233 1231 
780 1231 1233 1140 1220 
781 1177 1231 1220 1138 
782 1013 1235 1234 1174 
783 1235 1169 1236 1234 
784 1234 1236 1135 1216 
785 912 1238 1237 1233 
786 1238 1216 1239 1237 
787 1237 1239 1215 1240 
788 1140 1240 1241 1221 
789 1240 1215 1242 1241 
790 1241 1242 1190 1243 
791 1221 1241 1243 991 
792 1233 1246 1244 1245 
793 1246 1237 1247 1244 
794 1244 1247 1240 1248 
795 1245 1244 1248 1140 
796 991 1243 1249 1195 
797 1249 1250 1189 1251 
798 1195 1249 1251 1156 
799 1253 1130 1254 1252 
800 1252 1254 1133 1255 
801 1190 1261 1260 1250 
802 1261 1134 1262 1260 
803 1260 1262 1191 1263 
804 1250 1260 1263 1189 
805 1243 1266 1264 1265 
806 1266 1190 1267 1264 
807 1264 1267 1250 1268 
808 1265 1264 1268 1249 
809 1216 1273 1272 1239 
810 1273 1135 1274 1272 
811 1272 1274 1217 1275 
812 1239 1272 1275 1215 
813 85 1277 1276 881 
814 1277 47 1278 1276 
815 1276 1278 86 909 
816 881 1276 909 84 
817 84 1280 1279 1010 
818 1280 909 1281 1279 
819 1279 1281 908 1131 
820 1010 1279 1131 377 
821 377 1283 1282 1171 
822 1283 1131 1284 1282 
823 1282 1284 1130 1253 
824 1169 1286 1285 1236 
825 1286 1171 1287 1285 
826 1285 1287 914 1270 
827 1236 1285 1270 1135 
828 1135 1289 1288 1274 
829 1289 1270 1290 1288 
830 1288 1290 1269 1291 
831 1274 1288 1291 1217 
832 1217 1291 1292 1293 
833 1291 1269 1294 1292 
834 1292 1294 1257 1295 
835 1293 1292 1295 1134 
836 914 1297 1296 1271 
837 1297 1253 1298 1296 
838 1296 1298 1252 1299 
839 1271 1296 1299 1136 
840 1270 1301 1300 1290 
841 1301 914 1302 1300 
842 1300 1302 1271 1303 
843 1290 1300 1303 1269 
844 1269 1303 1304 1294 
845 1303 1271 1305 1304 
846 1304 1305 1136 1306 
847 1294 1304 1306 1257 
848 1 1309 1307 1308 
849 1309 12 144 1307 
850 1307 144 10 62 
851 1308 1307 62 11 
852 16 1311 1310 872 
853 1311 2 1312 1310 
854 1310 1312 17 897 
855 872 1310 897 15 
856 20 94 1313 1314 
857 94 19 596 1313 
858 1313 596 22 1315 
859 1314 1313 1315 4 
860 10 1318 1316 1317 
861 1318 25 148 1316 
862 1316 148 23 66 
863 1317 1316 66 24 
864 21 46 1319 597 
865 46 28 1320 1319 
866 1319 1320 30 1321 
867 597 1319 1321 9 
868 32 1323 1322 875 
869 1323 15 1324 1322 
870 1322 1324 33 901 
871 875 1322 901 31 
872 36 97 1325 1326 
873 97 35 600 1325 
874 1325 600 38 1327 
875 1326 1325 1327 19 
876 23 1330 1328 1329 
877 1330 41 152 1328 
878 1328 152 39 70 
879 1329 1328 70 40 
880 37 74 1331 601 
881 74 44 1332 1331 
882 1331 1332 46 1333 
883 601 1331 1333 21 
884 48 1335 1334 878 
885 1335 31 1336 1334 
886 1334 1336 49 905 
887 878 1334 905 47 
888 52 100 1337 1338 
889 100 51 604 1337 
890 1337 604 54 1339 
891 1338 1337 1339 35 
892 70 1342 1340 1341 
893 1342 39 156 1340 
894 1340 156 56 112 
895 1341 1340 112 68 
896 53 120 1343 605 
897 120 72 1344 1343 
898 1343 1344 74 1345 
899 605 1343 1345 37 
900 76 104 1346 1347 
901 104 75 608 1346 
902 1346 608 78 1348 
903 1347 1346 1348 51 
904 98 135 1349 1350 
905 135 76 1347 1349 
906 1349 1347 51 1351 
907 1350 1349 1351 100 
908 101 127 1352 1353 
909 127 103 612 1352 
910 1352 612 75 1354 
911 1353 1352 1354 104 
912 102 138 1355 1356 
913 138 101 1353 1355 
914 1355 1353 104 1357 
915 1356 1355 1357 76 
916 77 405 1358 609 
917 405 118 1359 1358 
918 1358 1359 120 1360 
919 609 1358 1360 53 
920 117 142 1361 1362 
921 1361 208 125 1363 
922 1362 1361 1363 136 
923 139 202 1364 1365 
924 202 129 212 1364 
925 1364 212 83 1366 
926 1365 1364 1366 142 
927 168 206 1367 1368 
928 206 167 216 1367 
929 1367 216 171 1369 
930 1368 1367 1369 129 
931 175 1372 1370 1371 
932 1372 164 179 1370 
933 1370 179 106 201 
934 1371 1370 201 141 
935 190 256 1373 238 
936 256 192 1374 1373 
937 1373 1374 131 279 
938 238 1373 279 193 
939 132 236 1375 1376 
940 236 109 303 1375 
941 1375 303 209 1377 
942 1376 1375 1377 207 
943 171 218 1378 1379 
944 218 128 241 1378 
945 1378 241 213 1380 
946 1379 1378 1380 211 
947 181 1383 1381 1382 
948 1383 227 261 1381 
949 1381 261 191 231 
950 1382 1381 231 130 
951 234 281 1384 1385 
952 281 235 307 1384 
953 1384 307 109 1386 
954 1385 1384 1386 236 
955 213 243 1387 1388 
956 243 234 1385 1387 
957 1387 1385 236 1389 
958 1388 1387 1389 132 
959 249 321 1390 1391 
960 321 251 1392 1390 
961 1390 1392 186 299 
962 1391 1390 299 252 
963 192 285 1393 1374 
964 285 249 1391 1393 
965 1393 1391 252 287 
966 1374 1393 287 131 
967 229 1395 1394 263 
968 1395 257 335 1394 
969 1394 335 250 283 
970 263 1394 283 105 
971 126 356 1396 1397 
972 356 269 616 1396 
973 1396 616 271 1398 
974 1397 1396 1398 103 
975 186 1400 1399 300 
976 1400 295 1401 1399 
977 1399 1401 294 361 
978 300 1399 361 276 
979 295 1403 1402 1401 
980 1403 188 445 1402 
981 1402 445 296 1404 
982 1401 1402 1404 294 
983 294 1404 1405 362 
984 1404 296 400 1405 
985 1405 400 59 1406 
986 362 1405 1406 297 
987 315 371 1407 1408 
988 371 317 1409 1407 
989 1407 1409 188 1403 
990 1408 1407 1403 295 
991 251 341 1410 1392 
992 341 315 1408 1410 
993 1410 1408 295 1400 
994 1392 1410 1400 186 
995 259 1412 1411 337 
996 1412 331 1413 1411 
997 1411 1413 316 339 
998 337 1411 339 187 
999 297 1406 1414 1415 
1000 1406 59 425 1414 
1001 1414 425 358 1416 
1002 1415 1414 1416 357 
1003 108 1418 1417 370 
1004 1418 365 497 1417 
1005 1417 497 364 1419 
1006 370 1417 1419 317 
1007 364 500 1420 1421 
1008 500 366 1422 1420 
1009 1420 1422 290 433 
1010 1421 1420 433 367 
1011 317 1419 1423 1409 
1012 1419 364 1421 1423 
1013 1423 1421 367 446 
1014 1409 1423 446 188 
1015 122 663 1424 734 
1016 663 403 1425 1424 
1017 1424 1425 405 1426 
1018 734 1424 1426 77 
1019 406 666 1427 737 
1020 666 407 1428 1427 
1021 1427 1428 122 1429 
1022 737 1427 1429 408 
1023 355 526 1430 1431 
1024 526 409 620 1430 
1025 1430 620 411 1432 
1026 1431 1430 1432 269 
1027 447 1435 1433 1434 
1028 1435 436 478 1433 
1029 1433 478 395 452 
1030 1434 1433 452 429 
1031 452 1438 1436 1437 
1032 1438 395 482 1436 
1033 1436 482 440 475 
1034 1437 1436 475 450 
1035 494 1440 1439 509 
1036 1440 182 519 1439 
1037 1439 519 495 1441 
1038 509 1439 1441 493 
1039 366 510 1442 1422 
1040 510 493 1443 1442 
1041 1442 1443 388 1444 
1042 1422 1442 1444 290 
1043 512 1446 1445 521 
1044 1446 384 552 1445 
1045 1445 552 513 1447 
1046 521 1445 1447 511 
1047 515 1450 1448 1449 
1048 1450 517 571 1448 
1049 1448 571 384 1446 
1050 1449 1448 1446 512 
1051 506 1453 1451 1452 
1052 1453 515 1449 1451 
1053 1451 1449 512 520 
1054 1452 1451 520 182 
1055 524 1455 1454 532 
1056 1455 386 566 1454 
1057 1454 566 525 1456 
1058 532 1454 1456 523 
1059 523 1456 1457 1458 
1060 1456 525 624 1457 
1061 1457 624 409 1459 
1062 1458 1457 1459 526 
1063 413 533 1460 1461 
1064 533 523 1458 1460 
1065 1460 1458 526 1462 
1066 1461 1460 1462 355 
1067 548 1464 1463 573 
1068 1464 550 1465 1463 
1069 1463 1465 184 579 
1070 573 1463 579 539 
1071 410 590 1466 621 
1072 590 556 740 1466 
1073 1466 740 558 1467 
1074 621 1466 1467 270 
1075 559 594 1468 625 
1076 594 561 1469 1468 
1077 1468 1469 410 1470 
1078 625 1468 1470 562 
1079 574 660 1471 1472 
1080 660 576 709 1471 
1081 1471 709 534 1473 
1082 1472 1471 1473 577 
1083 540 638 1474 1475 
1084 638 574 1472 1474 
1085 1474 1472 577 1476 
1086 1475 1474 1476 385 
1087 587 674 1477 1478 
1088 674 589 744 1477 
1089 1477 744 556 1479 
1090 1478 1477 1479 590 
1091 561 644 1480 1469 
1092 644 587 1478 1480 
1093 1480 1478 590 1481 
1094 1469 1480 1481 410 
1095 632 1484 1482 1483 
1096 1484 634 686 1482 
1097 1482 686 535 658 
1098 1483 1482 658 575 
1099 550 1486 1485 1465 
1100 1486 632 1483 1485 
1101 1485 1483 575 636 
1102 1465 1485 636 184 
1103 649 854 1487 805 
1104 854 651 893 1487 
1105 1487 893 5 863 
1106 805 1487 863 652 
1107 407 861 1488 1428 
1108 861 661 1489 1488 
1109 1488 1489 663 1490 
1110 1428 1488 1490 122 
1111 557 728 1491 741 
1112 728 664 1492 1491 
1113 1491 1492 666 1493 
1114 741 1491 1493 406 
1115 675 1495 1494 754 
1116 1495 677 1496 1494 
1117 1494 1496 381 852 
1118 754 1494 852 650 
1119 659 705 1497 1498 
1120 705 681 713 1497 
1121 1497 713 684 1499 
1122 1498 1497 1499 576 
1123 655 772 1500 778 
1124 772 689 1501 1500 
1125 1500 1501 692 1502 
1126 778 1500 1502 536 
1127 656 779 1503 1504 
1128 779 536 1505 1503 
1129 1503 1505 707 808 
1130 1504 1503 808 706 
1131 640 1508 1506 1507 
1132 1508 706 807 1506 
1133 1506 807 668 722 
1134 1507 1506 722 537 
1135 722 1511 1509 1510 
1136 1511 668 811 1509 
1137 1509 811 723 749 
1138 1510 1509 749 721 
1139 669 817 1512 763 
1140 817 725 1513 1512 
1141 1512 1513 728 1514 
1142 763 1512 1514 557 
1143 724 751 1515 1516 
1144 751 667 835 1515 
1145 1515 835 745 1517 
1146 1516 1515 1517 743 
1147 680 1519 1518 757 
1148 1519 752 1520 1518 
1149 1518 1520 690 770 
1150 757 1518 770 379 
1151 732 821 1521 836 
1152 821 669 1522 1521 
1153 1521 1522 763 1523 
1154 836 1521 1523 762 
1155 693 794 1524 797 
1156 794 776 1525 1524 
1157 1524 1525 788 1526 
1158 797 1524 1526 781 
1159 536 1502 1527 1505 
1160 1502 692 1528 1527 
1161 1527 1528 804 1529 
1162 1505 1527 1529 707 
1163 707 1529 1530 809 
1164 1529 804 1531 1530 
1165 1530 1531 726 815 
1166 809 1530 815 382 
1167 767 833 1532 840 
1168 833 818 1533 1532 
1169 1532 1533 821 1534 
1170 840 1532 1534 732 
1171 5 895 1535 864 
1172 895 850 958 1535 
1173 1535 958 859 1536 
1174 864 1535 1536 665 
1175 677 1538 1537 1496 
1176 1538 885 928 1537 
1177 1537 928 848 889 
1178 1496 1537 889 381 
1179 921 1540 1539 934 
1180 1540 645 974 1539 
1181 1539 974 922 1541 
1182 934 1539 1541 920 
1183 936 1543 1542 964 
1184 1543 937 985 1542 
1185 1542 985 648 1544 
1186 964 1542 1544 938 
1187 966 1000 1545 1546 
1188 1000 968 1547 1545 
1189 1545 1547 916 1032 
1190 1546 1545 1032 969 
1191 922 977 1548 1549 
1192 977 966 1546 1548 
1193 1548 1546 969 1550 
1194 1549 1548 1550 849 
1195 930 1553 1551 1552 
1196 1553 970 1018 1551 
1197 1551 1018 967 975 
1198 1552 1551 975 645 
1199 849 1550 1554 1555 
1200 1550 969 1031 1554 
1201 1554 1031 978 986 
1202 1555 1554 986 937 
1203 968 1024 1556 1547 
1204 1024 993 1065 1556 
1205 1556 1065 996 1110 
1206 1547 1556 1110 916 
1207 972 1558 1557 1020 
1208 1558 1014 1078 1557 
1209 1557 1078 994 1022 
1210 1020 1557 1022 917 
1211 995 1063 1559 1066 
1212 1063 1049 1147 1559 
1213 1559 1147 1052 1098 
1214 1066 1559 1098 918 
1215 994 1562 1560 1561 
1216 1562 1054 1082 1560 
1217 1560 1082 1053 1075 
1218 1561 1560 1075 1023 
1219 1016 1564 1563 1080 
1220 1564 1057 1565 1563 
1221 1563 1565 1050 1061 
1222 1080 1563 1061 647 
1223 1001 1114 1566 1567 
1224 1114 1096 1122 1566 
1225 1566 1122 1101 1568 
1226 1567 1566 1568 1042 
1227 1051 1178 1569 1148 
1228 1178 1138 1219 1569 
1229 1569 1219 1141 1180 
1230 1148 1569 1180 989 
1231 1180 1572 1570 1571 
1232 1572 1141 1223 1570 
1233 1570 1223 1181 1213 
1234 1571 1570 1213 1179 
1235 1255 1133 1574 1573 
1236 1573 1574 1183 1575 
1237 1187 1573 1575 952 
1238 915 1192 1576 1198 
1239 1192 1137 1577 1576 
1240 1576 1577 1186 1578 
1241 1198 1576 1578 1035 
1242 1137 1259 1579 1577 
1243 1259 87 1580 1579 
1244 1579 1580 1187 1581 
1245 1577 1579 1581 1186 
1246 1156 1251 1582 1202 
1247 1251 1189 1583 1582 
1248 1582 1583 1192 1584 
1249 1202 1582 1584 915 
1250 1215 1275 1585 1242 
1251 1275 1217 1293 1585 
1252 1585 1293 1134 1261 
1253 1242 1585 1261 1190 
1254 1136 1299 1586 1258 
1255 1299 1252 1587 1586 
1256 1586 1587 1255 1588 
1257 1258 1586 1588 87 
1258 1134 1295 1589 1262 
1259 1295 1257 1590 1589 
1260 1589 1590 1256 1591 
1261 1262 1589 1591 1191 
1262 1257 1306 1592 1590 
1263 1306 1136 1593 1592 
1264 1592 1593 1258 1594 
1265 1590 1592 1594 1256 
1266 1171 1596 1595 1287 
1267 1596 1282 1597 1595 
1268 1595 1597 1253 1297 
1269 1287 1595 1297 914 
1270 28 941 1598 1320 
1271 941 29 1599 1598 
1272 1598 1599 3 1600 
1273 1320 1598 1600 30 
1274 44 944 1601 1332 
1275 944 45 1602 1601 
1276 1601 1602 28 1603 
1277 1332 1601 1603 46 
1278 72 947 1604 1344 
1279 947 73 1605 1604 
1280 1604 1605 44 1606 
1281 1344 1604 1606 74 
1282 118 950 1607 1359 
1283 950 119 1608 1607 
1284 1607 1608 72 1609 
1285 1359 1607 1609 120 
1286 124 274 1610 1611 
1287 274 126 1397 1610 
1288 1610 1397 103 1612 
1289 1611 1610 1612 127 
1290 125 210 1613 1614 
1291 210 124 1611 1613 
1292 1613 1611 127 1615 
1293 1614 1613 1615 101 
1294 136 1363 1616 1617 
1295 1363 125 1614 1616 
1296 1616 1614 101 1618 
1297 1617 1616 1618 138 
1298 178 1621 1619 1620 
1299 1621 181 1382 1619 
1300 1619 1382 130 196 
1301 1620 1619 196 169 
1302 179 1624 1622 1623 
1303 1624 178 1620 1622 
1304 1622 1620 169 205 
1305 1623 1622 205 106 
1306 83 214 1625 1626 
1307 214 132 1376 1625 
1308 1625 1376 207 1627 
1309 1626 1625 1627 208 
1310 129 1369 1628 1629 
1311 1369 171 1379 1628 
1312 1628 1379 211 1630 
1313 1629 1628 1630 212 
1314 211 1380 1631 1632 
1315 1380 213 1388 1631 
1316 1631 1388 132 1633 
1317 1632 1631 1633 214 
1318 212 1630 1634 1635 
1319 1630 211 1632 1634 
1320 1634 1632 214 1636 
1321 1635 1634 1636 83 
1322 331 1638 1637 1413 
1323 1638 333 1639 1637 
1324 1637 1639 108 369 
1325 1413 1637 369 316 
1326 354 414 1640 1641 
1327 414 355 1431 1640 
1328 1640 1431 269 1642 
1329 1641 1640 1642 356 
1330 273 393 1643 1644 
1331 393 354 1641 1643 
1332 1643 1641 356 1645 
1333 1644 1643 1645 126 
1334 189 363 1646 1647 
1335 363 297 1415 1646 
1336 1646 1415 357 1648 
1337 1647 1646 1648 304 
1338 290 1444 1649 434 
1339 1444 388 1650 1649 
1340 1649 1650 387 1651 
1341 434 1649 1651 373 
1342 373 1651 1652 397 
1343 1651 387 1653 1652 
1344 1652 1653 390 1654 
1345 397 1652 1654 293 
1346 403 953 1655 1425 
1347 953 404 1656 1655 
1348 1655 1656 118 1657 
1349 1425 1655 1657 405 
1350 293 1654 1658 417 
1351 1654 390 1659 1658 
1352 1658 1659 412 1660 
1353 417 1658 1660 392 
1354 390 1662 1661 1659 
1355 1662 185 530 1661 
1356 1661 530 413 1663 
1357 1659 1661 1663 412 
1358 412 1663 1664 1665 
1359 1663 413 1461 1664 
1360 1664 1461 355 1666 
1361 1665 1664 1666 414 
1362 392 1660 1667 1668 
1363 1660 412 1665 1667 
1364 1667 1665 414 1669 
1365 1668 1667 1669 354 
1366 333 1671 1670 1639 
1367 1671 490 1672 1670 
1368 1670 1672 365 1418 
1369 1639 1670 1418 108 
1370 493 1441 1673 1443 
1371 1441 495 1674 1673 
1372 1673 1674 292 1675 
1373 1443 1673 1675 388 
1374 504 1678 1676 1677 
1375 1678 506 1452 1676 
1376 1676 1452 182 1440 
1377 1677 1676 1440 494 
1378 492 1681 1679 1680 
1379 1681 504 1677 1679 
1380 1679 1677 494 508 
1381 1680 1679 508 291 
1382 495 522 1682 1674 
1383 522 511 1683 1682 
1384 1682 1683 514 1684 
1385 1674 1682 1684 292 
1386 538 581 1685 1686 
1387 581 540 1475 1685 
1388 1685 1475 385 1687 
1389 1686 1685 1687 541 
1390 513 555 1688 1689 
1391 555 538 1686 1688 
1392 1688 1686 541 1690 
1393 1689 1688 1690 383 
1394 639 1693 1691 1692 
1395 1693 640 1507 1691 
1396 1691 1507 537 672 
1397 1692 1691 672 588 
1398 564 1696 1694 1695 
1399 1696 639 1692 1694 
1400 1694 1692 588 642 
1401 1695 1694 642 91 
1402 661 956 1697 1489 
1403 956 662 1698 1697 
1404 1697 1698 403 1699 
1405 1489 1697 1699 663 
1406 664 865 1700 1492 
1407 865 665 1701 1700 
1408 1700 1701 407 1702 
1409 1492 1700 1702 666 
1410 689 858 1703 1501 
1411 858 691 1704 1703 
1412 1703 1704 649 1705 
1413 1501 1703 1705 692 
1414 534 711 1706 1707 
1415 711 656 1504 1706 
1416 1706 1504 706 1508 
1417 1707 1706 1508 640 
1418 725 869 1708 1513 
1419 869 727 1709 1708 
1420 1708 1709 664 1710 
1421 1513 1708 1710 728 
1422 752 1712 1711 1520 
1423 1712 754 1713 1711 
1424 1711 1713 650 856 
1425 1520 1711 856 690 
1426 692 1705 1714 1528 
1427 1705 649 1715 1714 
1428 1714 1715 805 1716 
1429 1528 1714 1716 804 
1430 804 1716 1717 1531 
1431 1716 805 1718 1717 
1432 1717 1718 652 867 
1433 1531 1717 867 726 
1434 665 1536 1719 1701 
1435 1536 859 1720 1719 
1436 1719 1720 861 1721 
1437 1701 1719 1721 407 
1438 920 1541 1722 1723 
1439 1541 922 1549 1722 
1440 1722 1549 849 1724 
1441 1723 1722 1724 923 
1442 890 935 1725 1726 
1443 935 920 1723 1725 
1444 1725 1723 923 1727 
1445 1726 1725 1727 847 
1446 927 1730 1728 1729 
1447 1730 930 1552 1728 
1448 1728 1552 645 1540 
1449 1729 1728 1540 921 
1450 928 1733 1731 1732 
1451 1733 927 1729 1731 
1452 1731 1729 921 933 
1453 1732 1731 933 848 
1454 847 1727 1734 1735 
1455 1727 923 1736 1734 
1456 1734 1736 936 963 
1457 1735 1734 963 894 
1458 923 1724 1737 1736 
1459 1724 849 1555 1737 
1460 1737 1555 937 1543 
1461 1736 1737 1543 936 
1462 404 1185 1738 1656 
1463 1185 948 1739 1738 
1464 1738 1739 950 1740 
1465 1656 1738 1740 118 
1466 662 1036 1741 1698 
1467 1036 951 1742 1741 
1468 1741 1742 953 1743 
1469 1698 1741 1743 403 
1470 1057 1745 1744 1565 
1471 1745 1059 1746 1744 
1472 1744 1746 990 1143 
1473 1565 1744 1143 1050 
1474 1059 1748 1747 1746 
1475 1748 1172 1749 1747 
1476 1747 1749 1139 1176 
1477 1746 1747 1176 990 
1478 1189 1263 1750 1583 
1479 1263 1191 1751 1750 
1480 1750 1751 1137 1752 
1481 1583 1750 1752 1192 
1482 1191 1591 1753 1751 
1483 1591 1256 1754 1753 
1484 1753 1754 1259 1755 
1485 1751 1753 1755 1137 
1486 142 1366 1756 1757 
1487 1366 83 1626 1756 
1488 1756 1626 208 1758 
1489 1757 1756 1758 1361 
1490 87 1588 1759 1580 
1491 1588 1255 1760 1759 
1492 1759 1760 1573 1761 
1493 1580 1759 1761 1187 
1494 272 359 1762 1763 
1495 359 273 1644 1762 
1496 1762 1644 126 1764 
1497 1763 1762 1764 274 
1498 209 305 1765 1766 
1499 305 272 1763 1765 
1500 1765 1763 274 1767 
1501 1766 1765 1767 124 
1502 277 349 1768 1769 
1503 349 189 1647 1768 
1504 1768 1647 304 1770 
1505 1769 1768 1770 302 
1506 388 1675 1771 1650 
1507 1675 292 1772 1771 
1508 1771 1772 389 1773 
1509 1650 1771 1773 387 
1510 387 1773 1774 1653 
1511 1773 389 1775 1774 
1512 1774 1775 185 1662 
1513 1653 1774 1662 390 
1514 391 418 1776 1777 
1515 418 392 1668 1776 
1516 1776 1668 354 1778 
1517 1777 1776 1778 393 
1518 358 426 1779 1780 
1519 426 391 1777 1779 
1520 1779 1777 393 1781 
1521 1780 1779 1781 273 
1522 490 1783 1782 1672 
1523 1783 492 1680 1782 
1524 1782 1680 291 498 
1525 1672 1782 498 365 
1526 511 1447 1784 1683 
1527 1447 513 1689 1784 
1528 1784 1689 383 1785 
1529 1683 1784 1785 514 
1530 292 1684 1786 1772 
1531 1684 514 1787 1786 
1532 1786 1787 527 1788 
1533 1772 1786 1788 389 
1534 514 1785 1789 1787 
1535 1785 383 1790 1789 
1536 1789 1790 528 1791 
1537 1787 1789 1791 527 
1538 527 1791 1792 1793 
1539 1791 528 1794 1792 
1540 1792 1794 386 1455 
1541 1793 1792 1455 524 
1542 389 1788 1795 1775 
1543 1788 527 1793 1795 
1544 1795 1793 524 531 
1545 1775 1795 531 185 
1546 383 1690 1796 1790 
1547 1690 541 1797 1796 
1548 1796 1797 563 1798 
1549 1790 1796 1798 528 
1550 541 1687 1799 1797 
1551 1687 385 1800 1799 
1552 1799 1800 564 1801 
1553 1797 1799 1801 563 
1554 563 1801 1802 1803 
1555 1801 564 1695 1802 
1556 1802 1695 91 592 
1557 1803 1802 592 560 
1558 528 1798 1804 1794 
1559 1798 563 1803 1804 
1560 1804 1803 560 567 
1561 1794 1804 567 386 
1562 385 1476 1805 1800 
1563 1476 577 1806 1805 
1564 1805 1806 639 1696 
1565 1800 1805 1696 564 
1566 577 1473 1807 1806 
1567 1473 534 1707 1807 
1568 1807 1707 640 1693 
1569 1806 1807 1693 639 
1570 859 960 1808 1720 
1571 960 860 1809 1808 
1572 1808 1809 661 1810 
1573 1720 1808 1810 861 
1574 951 1188 1811 1742 
1575 1188 952 1812 1811 
1576 1811 1812 404 1813 
1577 1742 1811 1813 953 
1578 860 983 1814 1809 
1579 983 954 1815 1814 
1580 1814 1815 956 1816 
1581 1809 1814 1816 661 
1582 1172 1818 1817 1749 
1583 1818 1174 1819 1817 
1584 1817 1819 912 1232 
1585 1749 1817 1232 1139 
1586 952 1575 1820 1812 
1587 1575 1183 1821 1820 
1588 1820 1821 1185 1822 
1589 1812 1820 1822 404 
1590 1174 1824 1823 1819 
1591 1824 1234 1825 1823 
1592 1823 1825 1216 1238 
1593 1819 1823 1238 912 
1594 1256 1594 1826 1754 
1595 1594 1258 1827 1826 
1596 1826 1827 87 1828 
1597 1754 1826 1828 1259 
