Results_Name,VSPAERO_Wrapper
Results_Timestamp,1788934822
Results_Date,9,9,2026
Results_Time,9,20,22
Analysis_Duration_Sec,9.197499999999999432e+01
ResultsVec,VSPAERO_History,VSPAERO_Polar,VSPAERO_Load,CpSlice_Wrapper
Results_Name,VSPAERO_History
Results_Timestamp,1788934821
Results_Date,9,9,2026
Results_Time,9,20,21
Alpha,5.000000000000000000e+00,5.000000000000000000e+00,5.000000000000000000e+00,5.000000000000000000e+00,5.000000000000000000e+00,5.000000000000000000e+00,5.000000000000000000e+00
Beta,0.000000000000000000e+00,0.000000000000000000e+00,0.000000000000000000e+00,0.000000000000000000e+00,0.000000000000000000e+00,0.000000000000000000e+00,0.000000000000000000e+00
CDi,0.000000000000000000e+00,1.456597106299999979e-02,1.457295132799999934e-02,1.460375818999999978e-02,1.460355176500000018e-02,1.460369686799999935e-02,1.460369820700000050e-02
CDiw,0.000000000000000000e+00,0.000000000000000000e+00,0.000000000000000000e+00,0.000000000000000000e+00,0.000000000000000000e+00,0.000000000000000000e+00,0.000000000000000000e+00
CDo,8.587644521000000267e-03,8.757366448999999442e-03,8.760155405999999617e-03,8.760585300000000089e-03,8.760579960000000610e-03,8.760581645999999945e-03,8.760581680999999371e-03
CDtot,8.587644521000000267e-03,2.332333751200000097e-02,2.333310673399999896e-02,2.336434349000000160e-02,2.336413172500000079e-02,2.336427851299999886e-02,2.336427988800000161e-02
CDwtot,8.587644521000000267e-03,8.757366448999999442e-03,8.760155405999999617e-03,8.760585300000000089e-03,8.760579960000000610e-03,8.760581645999999945e-03,8.760581680999999371e-03
CFxi,0.000000000000000000e+00,7.282999499999999861e-05,-9.149451000000000366e-06,2.342449999999999909e-07,-4.110099999999999859e-08,-3.399999999999999891e-11,2.830000000000000050e-10
CFxiw,0.000000000000000000e+00,0.000000000000000000e+00,0.000000000000000000e+00,0.000000000000000000e+00,0.000000000000000000e+00,0.000000000000000000e+00,0.000000000000000000e+00
CFxo,8.620441265000000630e-03,8.790811469999999794e-03,8.793611080999999899e-03,8.794042616999999881e-03,8.794037257000000482e-03,8.794038949000000660e-03,8.794038984000000087e-03
CFxtot,8.620441265000000630e-03,8.863641465999999233e-03,8.784461630000000437e-03,8.794276861999999334e-03,8.793996155999999481e-03,8.794038914999999929e-03,8.794039267000000257e-03
CFxwtot,8.620441265000000630e-03,8.790811469999999794e-03,8.793611080999999899e-03,8.794042616999999881e-03,8.794037257000000482e-03,8.794038949000000660e-03,8.794038984000000087e-03
CFyi,0.000000000000000000e+00,5.369522200000000068e-05,-1.329105369999999953e-04,-1.760688290000000033e-04,-1.765335939999999968e-04,-1.767921340000000040e-04,-1.767814259999999922e-04
CFyiw,0.000000000000000000e+00,0.000000000000000000e+00,0.000000000000000000e+00,0.000000000000000000e+00,0.000000000000000000e+00,0.000000000000000000e+00,0.000000000000000000e+00
CFyo,0.000000000000000000e+00,-7.499999999999999950e-11,-5.999999999999999960e-11,-5.999999999999999960e-11,-5.999999999999999960e-11,-5.999999999999999960e-11,-5.999999999999999960e-11
CFytot,0.000000000000000000e+00,5.369514599999999942e-05,-1.329105960000000035e-04,-1.760688890000000075e-04,-1.765336540000000010e-04,-1.767921940000000082e-04,-1.767814859999999964e-04
CFywtot,0.000000000000000000e+00,-7.499999999999999950e-11,-5.999999999999999960e-11,-5.999999999999999960e-11,-5.999999999999999960e-11,-5.999999999999999960e-11,-5.999999999999999960e-11
CFzi,0.000000000000000000e+00,1.662933244669999866e-01,1.673104433810000125e-01,1.675566563429999878e-01,1.675574351030000020e-01,1.675586305700000056e-01,1.675586423190000007e-01
CFziw,0.000000000000000000e+00,0.000000000000000000e+00,0.000000000000000000e+00,0.000000000000000000e+00,0.000000000000000000e+00,0.000000000000000000e+00,0.000000000000000000e+00
CFzo,7.615000000000000360e-08,7.653400000000000227e-08,7.653500000000000340e-08,7.653500000000000340e-08,7.653500000000000340e-08,7.653500000000000340e-08,7.653500000000000340e-08
CFztot,7.615000000000000360e-08,1.662934010019999909e-01,1.673105199159999890e-01,1.675567328789999977e-01,1.675575116380000062e-01,1.675587071050000099e-01,1.675587188550000106e-01
CFzwtot,7.615000000000000360e-08,7.653400000000000227e-08,7.653500000000000340e-08,7.653500000000000340e-08,7.653500000000000340e-08,7.653500000000000340e-08,7.653500000000000340e-08
CLi,0.000000000000000000e+00,1.656541806100000069e-01,1.666745740589999913e-01,1.669190322630000056e-01,1.669198320580000117e-01,1.669210193959999866e-01,1.669210310729999924e-01
CLiw,0.000000000000000000e+00,0.000000000000000000e+00,0.000000000000000000e+00,0.000000000000000000e+00,0.000000000000000000e+00,0.000000000000000000e+00,0.000000000000000000e+00
CLo,-7.512451010000000245e-04,-7.660934600000000308e-04,-7.663374609999999655e-04,-7.663750719999999498e-04,-7.663746049999999727e-04,-7.663747520000000358e-04,-7.663747560000000198e-04
CLtot,-7.512451010000000245e-04,1.648880871500000012e-01,1.659082365969999917e-01,1.661526571910000027e-01,1.661534574530000030e-01,1.661546446440000102e-01,1.661546563179999991e-01
CLwtot,-7.512451010000000245e-04,-7.660934600000000308e-04,-7.663374609999999655e-04,-7.663750719999999498e-04,-7.663746049999999727e-04,-7.663747520000000358e-04,-7.663747560000000198e-04
CMxi,0.000000000000000000e+00,4.260678800000000058e-05,4.108301000000000360e-06,2.600704300000000117e-05,2.764250100000000112e-05,2.781376999999999916e-05,2.783330400000000093e-05
CMxo,0.000000000000000000e+00,9.999999999999999799e-13,9.999999999999999799e-13,9.999999999999999799e-13,9.999999999999999799e-13,9.999999999999999799e-13,9.999999999999999799e-13
CMxtot,0.000000000000000000e+00,4.260678900000000336e-05,4.108301999999999752e-06,2.600704400000000056e-05,2.764250200000000052e-05,2.781377099999999855e-05,2.783330500000000032e-05
CMyi,0.000000000000000000e+00,-2.063346846009999902e-01,-2.075558520240000093e-01,-2.081189315080000102e-01,-2.081253622860000096e-01,-2.081285339600000006e-01,-2.081285991629999998e-01
CMyo,5.830652509999999884e-04,5.821104049999999488e-04,5.822251719999999801e-04,5.822230779999999989e-04,5.822233549999999763e-04,5.822232870000000312e-04,5.822232880000000272e-04
CMytot,5.830652509999999884e-04,-2.057525741950000098e-01,-2.069736268519999922e-01,-2.075367084299999942e-01,-2.075431389309999874e-01,-2.075463106730000007e-01,-2.075463758749999943e-01
CMzi,0.000000000000000000e+00,4.165529699999999922e-05,-8.589496300000000223e-05,-1.172692329999999955e-04,-1.176762079999999985e-04,-1.178715540000000058e-04,-1.178630280000000029e-04
CMzo,0.000000000000000000e+00,-7.445900000000000520e-08,-2.198200000000000123e-08,-5.017499999999999765e-08,-5.293499999999999722e-08,-5.316499999999999994e-08,-5.319700000000000314e-08
CMztot,0.000000000000000000e+00,4.158083799999999730e-05,-8.591694500000000042e-05,-1.173194070000000062e-04,-1.177291429999999950e-04,-1.179247190000000048e-04,-1.179162249999999960e-04
CSi,0.000000000000000000e+00,5.369522200000000068e-05,-1.329105369999999953e-04,-1.760688290000000033e-04,-1.765335939999999968e-04,-1.767921340000000040e-04,-1.767814259999999922e-04
CSiw,0.000000000000000000e+00,0.000000000000000000e+00,0.000000000000000000e+00,0.000000000000000000e+00,0.000000000000000000e+00,0.000000000000000000e+00,0.000000000000000000e+00
CSo,0.000000000000000000e+00,-7.499999999999999950e-11,-5.999999999999999960e-11,-5.999999999999999960e-11,-5.999999999999999960e-11,-5.999999999999999960e-11,-5.999999999999999960e-11
CStot,0.000000000000000000e+00,5.369514599999999942e-05,-1.329105960000000035e-04,-1.760688890000000075e-04,-1.765336540000000010e-04,-1.767921940000000082e-04,-1.767814859999999964e-04
CSwtot,0.000000000000000000e+00,-7.499999999999999950e-11,-5.999999999999999960e-11,-5.999999999999999960e-11,-5.999999999999999960e-11,-5.999999999999999960e-11,-5.999999999999999960e-11
E,0.000000000000000000e+00,1.768406309280000088e-01,1.789401886110000006e-01,1.790868841200000117e-01,1.790911317810000014e-01,1.790919001400000099e-01,1.790919087760000084e-01
Ew,0.000000000000000000e+00,0.000000000000000000e+00,0.000000000000000000e+00,0.000000000000000000e+00,0.000000000000000000e+00,0.000000000000000000e+00,0.000000000000000000e+00
FC_AoA_,5.000000000000000000e+00
FC_Beta_,0.000000000000000000e+00
FC_Bref_,3.727034100000000194e+01
FC_Cref_,1.236139999999999972e+01
FC_Mach_,2.200000000000000178e+00
FC_Pitch_Rate,0.000000000000000000e+00
FC_ReCref_,1.000000000000000000e+07
FC_Rho_,2.377000000000000206e-03
FC_Roll__Rate,0.000000000000000000e+00
FC_Sref_,4.096313739999999939e+02
FC_Vinf_,1.000000000000000000e+02
FC_Xcg_,2.046778000000000119e+01
FC_Yaw___Rate,0.000000000000000000e+00
FC_Ycg_,0.000000000000000000e+00
FC_Zcg_,0.000000000000000000e+00
L/D,0.000000000000000000e+00,7.102507542999999757e+00,7.143265402203000214e+00,7.144178150695999818e+00,7.144277134769000170e+00,7.144283068714999629e+00,7.144283148188000254e+00
L/Dw,0.000000000000000000e+00,0.000000000000000000e+00,0.000000000000000000e+00,0.000000000000000000e+00,0.000000000000000000e+00,0.000000000000000000e+00,0.000000000000000000e+00
Mach,2.200000000000000178e+00,2.200000000000000178e+00,2.200000000000000178e+00,2.200000000000000178e+00,2.200000000000000178e+00,2.200000000000000178e+00,2.200000000000000178e+00
T/QS,0.000000000000000000e+00,0.000000000000000000e+00,0.000000000000000000e+00,0.000000000000000000e+00,0.000000000000000000e+00,0.000000000000000000e+00,0.000000000000000000e+00
WakeIter,1,2,3,4,5,6,7
WallTime,9.959999999999000764e+00,2.159399999999699915e+01,3.351899999999999835e+01,4.603300000000299974e+01,5.816200000000399939e+01,7.054800000000300031e+01,8.376600000000300383e+01
log10( L2Residual ),5.653140787989999749e-01,-6.624220923500000191e-02,-1.082919325011999945e+00,-2.040163360484000155e+00,-3.095570304758000102e+00,-4.068982147006999561e+00,-5.193602204301999592e+00
log10( MaxResidual ),9.397004146290000026e-01,1.312051806991999969e+00,5.222301035120000545e-01,-3.909946694870000128e-01,-1.602127691611999971e+00,-2.498458908447000137e+00,-3.544592939615000216e+00
Results_Name,VSPAERO_Polar
Results_Timestamp,1788934821
Results_Date,9,9,2026
Results_Time,9,20,21
Alpha,5.000000000000000000e+00
Beta,0.000000000000000000e+00
CDi,1.460369820700000050e-02
CDiw,0.000000000000000000e+00
CDo,8.760581680999999371e-03
CDtot,2.336427988800000161e-02
CDwtot,8.760581680999999371e-03
CFix,2.830000000000000050e-10
CFiy,-1.767814259999999922e-04
CFiz,1.675586423190000007e-01
CFox,8.794038984000000087e-03
CFoy,-5.999999999999999960e-11
CFoz,7.653500000000000340e-08
CFxtot,8.794039267000000257e-03
CFytot,-1.767814859999999964e-04
CFztot,1.675587188550000106e-01
CLi,1.669210310729999924e-01
CLiw,0.000000000000000000e+00
CLo,-7.663747560000000198e-04
CLtot,1.661546563179999991e-01
CLwtot,-7.663747560000000198e-04
CMix,2.783330400000000093e-05
CMiy,-2.081285991629999998e-01
CMiz,-1.178630280000000029e-04
CMox,9.999999999999999799e-13
CMoy,5.822232880000000272e-04
CMoz,-5.319700000000000314e-08
CMxtot,2.783330500000000032e-05
CMytot,-2.075463758749999943e-01
CMztot,-1.179162249999999960e-04
CSi,-1.767814259999999922e-04
CSiw,0.000000000000000000e+00
CSo,-5.999999999999999960e-11
CStot,-1.767814859999999964e-04
CSwtot,-5.999999999999999960e-11
E,1.774511755560000126e-01
Ew,1.774511755560000126e-01
L_D,7.111482019320000347e+00
L_Dw,7.111482019320000347e+00
Mach,2.200000000000000178e+00
Re_1e6,1.000000000000000000e+01
StallFactor,1.000000000000000000e+00
Results_Name,VSPAERO_Load
Results_Timestamp,1788934821
Results_Date,9,9,2026
Results_Time,9,20,21
Angle ,0.000000000000000000e+00,0.000000000000000000e+00,0.000000000000000000e+00,0.000000000000000000e+00,0.000000000000000000e+00,0.000000000000000000e+00,0.000000000000000000e+00,0.000000000000000000e+00,0.000000000000000000e+00,0.000000000000000000e+00,0.000000000000000000e+00,0.000000000000000000e+00,0.000000000000000000e+00,0.000000000000000000e+00,0.000000000000000000e+00,0.000000000000000000e+00,0.000000000000000000e+00,0.000000000000000000e+00,0.000000000000000000e+00,0.000000000000000000e+00,0.000000000000000000e+00,0.000000000000000000e+00,0.000000000000000000e+00,0.000000000000000000e+00,0.000000000000000000e+00,0.000000000000000000e+00,0.000000000000000000e+00,0.000000000000000000e+00,0.000000000000000000e+00,0.000000000000000000e+00,0.000000000000000000e+00,0.000000000000000000e+00,0.000000000000000000e+00,0.000000000000000000e+00,0.000000000000000000e+00,0.000000000000000000e+00,0.000000000000000000e+00,0.000000000000000000e+00,0.000000000000000000e+00,0.000000000000000000e+00,0.000000000000000000e+00,0.000000000000000000e+00,0.000000000000000000e+00,0.000000000000000000e+00,0.000000000000000000e+00,0.000000000000000000e+00,0.000000000000000000e+00,0.000000000000000000e+00,0.000000000000000000e+00,0.000000000000000000e+00,0.000000000000000000e+00,0.000000000000000000e+00,0.000000000000000000e+00,0.000000000000000000e+00,0.000000000000000000e+00,0.000000000000000000e+00,0.000000000000000000e+00,0.000000000000000000e+00,0.000000000000000000e+00,0.000000000000000000e+00,0.000000000000000000e+00,0.000000000000000000e+00,0.000000000000000000e+00,0.000000000000000000e+00,0.000000000000000000e+00,0.000000000000000000e+00,0.000000000000000000e+00,0.000000000000000000e+00,0.000000000000000000e+00,0.000000000000000000e+00,0.000000000000000000e+00,0.000000000000000000e+00,0.000000000000000000e+00,0.000000000000000000e+00,0.000000000000000000e+00,0.000000000000000000e+00,0.000000000000000000e+00,0.000000000000000000e+00,0.000000000000000000e+00,0.000000000000000000e+00,0.000000000000000000e+00,0.000000000000000000e+00,0.000000000000000000e+00,0.000000000000000000e+00,0.000000000000000000e+00,0.000000000000000000e+00,0.000000000000000000e+00,0.000000000000000000e+00,0.000000000000000000e+00,0.000000000000000000e+00,0.000000000000000000e+00,0.000000000000000000e+00,0.000000000000000000e+00,0.000000000000000000e+00,0.000000000000000000e+00,0.000000000000000000e+00,0.000000000000000000e+00,0.000000000000000000e+00,0.000000000000000000e+00,0.000000000000000000e+00,0.000000000000000000e+00,0.000000000000000000e+00,0.000000000000000000e+00,0.000000000000000000e+00,0.000000000000000000e+00,0.000000000000000000e+00,0.000000000000000000e+00,0.000000000000000000e+00,0.000000000000000000e+00,0.000000000000000000e+00,0.000000000000000000e+00,0.000000000000000000e+00,0.000000000000000000e+00,0.000000000000000000e+00,0.000000000000000000e+00,0.000000000000000000e+00,0.000000000000000000e+00,0.000000000000000000e+00,0.000000000000000000e+00,0.000000000000000000e+00,0.000000000000000000e+00,0.000000000000000000e+00,0.000000000000000000e+00,0.000000000000000000e+00,0.000000000000000000e+00,0.000000000000000000e+00,0.000000000000000000e+00,0.000000000000000000e+00,0.000000000000000000e+00,0.000000000000000000e+00,0.000000000000000000e+00,0.000000000000000000e+00
CP,0.000000000000000000e+00,0.000000000000000000e+00,0.000000000000000000e+00,0.000000000000000000e+00,0.000000000000000000e+00,0.000000000000000000e+00,0.000000000000000000e+00,0.000000000000000000e+00,0.000000000000000000e+00,0.000000000000000000e+00,0.000000000000000000e+00,0.000000000000000000e+00,0.000000000000000000e+00,0.000000000000000000e+00,0.000000000000000000e+00,0.000000000000000000e+00,0.000000000000000000e+00,0.000000000000000000e+00,0.000000000000000000e+00,0.000000000000000000e+00,0.000000000000000000e+00,0.000000000000000000e+00,0.000000000000000000e+00,0.000000000000000000e+00,0.000000000000000000e+00,0.000000000000000000e+00,0.000000000000000000e+00,0.000000000000000000e+00,0.000000000000000000e+00,0.000000000000000000e+00,0.000000000000000000e+00,0.000000000000000000e+00,0.000000000000000000e+00,0.000000000000000000e+00,0.000000000000000000e+00,0.000000000000000000e+00,0.000000000000000000e+00,0.000000000000000000e+00,0.000000000000000000e+00,0.000000000000000000e+00,0.000000000000000000e+00,0.000000000000000000e+00,0.000000000000000000e+00,0.000000000000000000e+00,0.000000000000000000e+00,0.000000000000000000e+00,0.000000000000000000e+00,0.000000000000000000e+00,0.000000000000000000e+00,0.000000000000000000e+00,0.000000000000000000e+00,0.000000000000000000e+00,0.000000000000000000e+00,0.000000000000000000e+00,0.000000000000000000e+00,0.000000000000000000e+00,0.000000000000000000e+00,0.000000000000000000e+00,0.000000000000000000e+00,0.000000000000000000e+00,0.000000000000000000e+00,0.000000000000000000e+00,0.000000000000000000e+00,0.000000000000000000e+00,0.000000000000000000e+00,0.000000000000000000e+00,0.000000000000000000e+00,0.000000000000000000e+00,0.000000000000000000e+00,0.000000000000000000e+00,0.000000000000000000e+00,0.000000000000000000e+00,0.000000000000000000e+00,0.000000000000000000e+00,0.000000000000000000e+00,0.000000000000000000e+00,0.000000000000000000e+00,0.000000000000000000e+00,0.000000000000000000e+00,0.000000000000000000e+00,0.000000000000000000e+00,0.000000000000000000e+00,0.000000000000000000e+00,0.000000000000000000e+00,0.000000000000000000e+00,0.000000000000000000e+00,0.000000000000000000e+00,0.000000000000000000e+00,0.000000000000000000e+00,0.000000000000000000e+00,0.000000000000000000e+00,0.000000000000000000e+00,0.000000000000000000e+00,0.000000000000000000e+00,0.000000000000000000e+00,0.000000000000000000e+00,0.000000000000000000e+00,0.000000000000000000e+00,0.000000000000000000e+00,0.000000000000000000e+00,0.000000000000000000e+00,0.000000000000000000e+00,0.000000000000000000e+00,0.000000000000000000e+00,0.000000000000000000e+00,0.000000000000000000e+00,0.000000000000000000e+00,0.000000000000000000e+00,0.000000000000000000e+00,0.000000000000000000e+00,0.000000000000000000e+00,0.000000000000000000e+00,0.000000000000000000e+00,0.000000000000000000e+00,0.000000000000000000e+00,0.000000000000000000e+00,0.000000000000000000e+00,0.000000000000000000e+00,0.000000000000000000e+00,0.000000000000000000e+00,0.000000000000000000e+00,0.000000000000000000e+00,0.000000000000000000e+00,0.000000000000000000e+00,0.000000000000000000e+00,0.000000000000000000e+00,0.000000000000000000e+00,0.000000000000000000e+00,0.000000000000000000e+00,0.000000000000000000e+00,0.000000000000000000e+00,0.000000000000000000e+00
CP_h,0.000000000000000000e+00,0.000000000000000000e+00,0.000000000000000000e+00,0.000000000000000000e+00,0.000000000000000000e+00,0.000000000000000000e+00,0.000000000000000000e+00,0.000000000000000000e+00,0.000000000000000000e+00,0.000000000000000000e+00,0.000000000000000000e+00,0.000000000000000000e+00,0.000000000000000000e+00,0.000000000000000000e+00,0.000000000000000000e+00,0.000000000000000000e+00,0.000000000000000000e+00,0.000000000000000000e+00,0.000000000000000000e+00,0.000000000000000000e+00,0.000000000000000000e+00,0.000000000000000000e+00,0.000000000000000000e+00,0.000000000000000000e+00,0.000000000000000000e+00,0.000000000000000000e+00,0.000000000000000000e+00,0.000000000000000000e+00,0.000000000000000000e+00,0.000000000000000000e+00,0.000000000000000000e+00,0.000000000000000000e+00,0.000000000000000000e+00,0.000000000000000000e+00,0.000000000000000000e+00,0.000000000000000000e+00,0.000000000000000000e+00,0.000000000000000000e+00,0.000000000000000000e+00,0.000000000000000000e+00,0.000000000000000000e+00,0.000000000000000000e+00,0.000000000000000000e+00,0.000000000000000000e+00,0.000000000000000000e+00,0.000000000000000000e+00,0.000000000000000000e+00,0.000000000000000000e+00,0.000000000000000000e+00,0.000000000000000000e+00,0.000000000000000000e+00,0.000000000000000000e+00,0.000000000000000000e+00,0.000000000000000000e+00,0.000000000000000000e+00,0.000000000000000000e+00,0.000000000000000000e+00,0.000000000000000000e+00,0.000000000000000000e+00,0.000000000000000000e+00,0.000000000000000000e+00,0.000000000000000000e+00,0.000000000000000000e+00,0.000000000000000000e+00,0.000000000000000000e+00,0.000000000000000000e+00,0.000000000000000000e+00,0.000000000000000000e+00,0.000000000000000000e+00,0.000000000000000000e+00,0.000000000000000000e+00,0.000000000000000000e+00,0.000000000000000000e+00,0.000000000000000000e+00,0.000000000000000000e+00,0.000000000000000000e+00,0.000000000000000000e+00,0.000000000000000000e+00,0.000000000000000000e+00,0.000000000000000000e+00,0.000000000000000000e+00,0.000000000000000000e+00,0.000000000000000000e+00,0.000000000000000000e+00,0.000000000000000000e+00,0.000000000000000000e+00,0.000000000000000000e+00,0.000000000000000000e+00,0.000000000000000000e+00,0.000000000000000000e+00,0.000000000000000000e+00,0.000000000000000000e+00,0.000000000000000000e+00,0.000000000000000000e+00,0.000000000000000000e+00,0.000000000000000000e+00,0.000000000000000000e+00,0.000000000000000000e+00,0.000000000000000000e+00,0.000000000000000000e+00,0.000000000000000000e+00,0.000000000000000000e+00,0.000000000000000000e+00,0.000000000000000000e+00,0.000000000000000000e+00,0.000000000000000000e+00,0.000000000000000000e+00,0.000000000000000000e+00,0.000000000000000000e+00,0.000000000000000000e+00,0.000000000000000000e+00,0.000000000000000000e+00,0.000000000000000000e+00,0.000000000000000000e+00,0.000000000000000000e+00,0.000000000000000000e+00,0.000000000000000000e+00,0.000000000000000000e+00,0.000000000000000000e+00,0.000000000000000000e+00,0.000000000000000000e+00,0.000000000000000000e+00,0.000000000000000000e+00,0.000000000000000000e+00,0.000000000000000000e+00,0.000000000000000000e+00,0.000000000000000000e+00,0.000000000000000000e+00,0.000000000000000000e+00,0.000000000000000000e+00,0.000000000000000000e+00,0.000000000000000000e+00
CQ,0.000000000000000000e+00,0.000000000000000000e+00,0.000000000000000000e+00,0.000000000000000000e+00,0.000000000000000000e+00,0.000000000000000000e+00,0.000000000000000000e+00,0.000000000000000000e+00,0.000000000000000000e+00,0.000000000000000000e+00,0.000000000000000000e+00,0.000000000000000000e+00,0.000000000000000000e+00,0.000000000000000000e+00,0.000000000000000000e+00,0.000000000000000000e+00,0.000000000000000000e+00,0.000000000000000000e+00,0.000000000000000000e+00,0.000000000000000000e+00,0.000000000000000000e+00,0.000000000000000000e+00,0.000000000000000000e+00,0.000000000000000000e+00,0.000000000000000000e+00,0.000000000000000000e+00,0.000000000000000000e+00,0.000000000000000000e+00,0.000000000000000000e+00,0.000000000000000000e+00,0.000000000000000000e+00,0.000000000000000000e+00,0.000000000000000000e+00,0.000000000000000000e+00,0.000000000000000000e+00,0.000000000000000000e+00,0.000000000000000000e+00,0.000000000000000000e+00,0.000000000000000000e+00,0.000000000000000000e+00,0.000000000000000000e+00,0.000000000000000000e+00,0.000000000000000000e+00,0.000000000000000000e+00,0.000000000000000000e+00,0.000000000000000000e+00,0.000000000000000000e+00,0.000000000000000000e+00,0.000000000000000000e+00,0.000000000000000000e+00,0.000000000000000000e+00,0.000000000000000000e+00,0.000000000000000000e+00,0.000000000000000000e+00,0.000000000000000000e+00,0.000000000000000000e+00,0.000000000000000000e+00,0.000000000000000000e+00,0.000000000000000000e+00,0.000000000000000000e+00,0.000000000000000000e+00,0.000000000000000000e+00,0.000000000000000000e+00,0.000000000000000000e+00,0.000000000000000000e+00,0.000000000000000000e+00,0.000000000000000000e+00,0.000000000000000000e+00,0.000000000000000000e+00,0.000000000000000000e+00,0.000000000000000000e+00,0.000000000000000000e+00,0.000000000000000000e+00,0.000000000000000000e+00,0.000000000000000000e+00,0.000000000000000000e+00,0.000000000000000000e+00,0.000000000000000000e+00,0.000000000000000000e+00,0.000000000000000000e+00,0.000000000000000000e+00,0.000000000000000000e+00,0.000000000000000000e+00,0.000000000000000000e+00,0.000000000000000000e+00,0.000000000000000000e+00,0.000000000000000000e+00,0.000000000000000000e+00,0.000000000000000000e+00,0.000000000000000000e+00,0.000000000000000000e+00,0.000000000000000000e+00,0.000000000000000000e+00,0.000000000000000000e+00,0.000000000000000000e+00,0.000000000000000000e+00,0.000000000000000000e+00,0.000000000000000000e+00,0.000000000000000000e+00,0.000000000000000000e+00,0.000000000000000000e+00,0.000000000000000000e+00,0.000000000000000000e+00,0.000000000000000000e+00,0.000000000000000000e+00,0.000000000000000000e+00,0.000000000000000000e+00,0.000000000000000000e+00,0.000000000000000000e+00,0.000000000000000000e+00,0.000000000000000000e+00,0.000000000000000000e+00,0.000000000000000000e+00,0.000000000000000000e+00,0.000000000000000000e+00,0.000000000000000000e+00,0.000000000000000000e+00,0.000000000000000000e+00,0.000000000000000000e+00,0.000000000000000000e+00,0.000000000000000000e+00,0.000000000000000000e+00,0.000000000000000000e+00,0.000000000000000000e+00,0.000000000000000000e+00,0.000000000000000000e+00,0.000000000000000000e+00,0.000000000000000000e+00,0.000000000000000000e+00,0.000000000000000000e+00,0.000000000000000000e+00,0.000000000000000000e+00
CQ_h,0.000000000000000000e+00,0.000000000000000000e+00,0.000000000000000000e+00,0.000000000000000000e+00,0.000000000000000000e+00,0.000000000000000000e+00,0.000000000000000000e+00,0.000000000000000000e+00,0.000000000000000000e+00,0.000000000000000000e+00,0.000000000000000000e+00,0.000000000000000000e+00,0.000000000000000000e+00,0.000000000000000000e+00,0.000000000000000000e+00,0.000000000000000000e+00,0.000000000000000000e+00,0.000000000000000000e+00,0.000000000000000000e+00,0.000000000000000000e+00,0.000000000000000000e+00,0.000000000000000000e+00,0.000000000000000000e+00,0.000000000000000000e+00,0.000000000000000000e+00,0.000000000000000000e+00,0.000000000000000000e+00,0.000000000000000000e+00,0.000000000000000000e+00,0.000000000000000000e+00,0.000000000000000000e+00,0.000000000000000000e+00,0.000000000000000000e+00,0.000000000000000000e+00,0.000000000000000000e+00,0.000000000000000000e+00,0.000000000000000000e+00,0.000000000000000000e+00,0.000000000000000000e+00,0.000000000000000000e+00,0.000000000000000000e+00,0.000000000000000000e+00,0.000000000000000000e+00,0.000000000000000000e+00,0.000000000000000000e+00,0.000000000000000000e+00,0.000000000000000000e+00,0.000000000000000000e+00,0.000000000000000000e+00,0.000000000000000000e+00,0.000000000000000000e+00,0.000000000000000000e+00,0.000000000000000000e+00,0.000000000000000000e+00,0.000000000000000000e+00,0.000000000000000000e+00,0.000000000000000000e+00,0.000000000000000000e+00,0.000000000000000000e+00,0.000000000000000000e+00,0.000000000000000000e+00,0.000000000000000000e+00,0.000000000000000000e+00,0.000000000000000000e+00,0.000000000000000000e+00,0.000000000000000000e+00,0.000000000000000000e+00,0.000000000000000000e+00,0.000000000000000000e+00,0.000000000000000000e+00,0.000000000000000000e+00,0.000000000000000000e+00,0.000000000000000000e+00,0.000000000000000000e+00,0.000000000000000000e+00,0.000000000000000000e+00,0.000000000000000000e+00,0.000000000000000000e+00,0.000000000000000000e+00,0.000000000000000000e+00,0.000000000000000000e+00,0.000000000000000000e+00,0.000000000000000000e+00,0.000000000000000000e+00,0.000000000000000000e+00,0.000000000000000000e+00,0.000000000000000000e+00,0.000000000000000000e+00,0.000000000000000000e+00,0.000000000000000000e+00,0.000000000000000000e+00,0.000000000000000000e+00,0.000000000000000000e+00,0.000000000000000000e+00,0.000000000000000000e+00,0.000000000000000000e+00,0.000000000000000000e+00,0.000000000000000000e+00,0.000000000000000000e+00,0.000000000000000000e+00,0.000000000000000000e+00,0.000000000000000000e+00,0.000000000000000000e+00,0.000000000000000000e+00,0.000000000000000000e+00,0.000000000000000000e+00,0.000000000000000000e+00,0.000000000000000000e+00,0.000000000000000000e+00,0.000000000000000000e+00,0.000000000000000000e+00,0.000000000000000000e+00,0.000000000000000000e+00,0.000000000000000000e+00,0.000000000000000000e+00,0.000000000000000000e+00,0.000000000000000000e+00,0.000000000000000000e+00,0.000000000000000000e+00,0.000000000000000000e+00,0.000000000000000000e+00,0.000000000000000000e+00,0.000000000000000000e+00,0.000000000000000000e+00,0.000000000000000000e+00,0.000000000000000000e+00,0.000000000000000000e+00,0.000000000000000000e+00,0.000000000000000000e+00,0.000000000000000000e+00,0.000000000000000000e+00,0.000000000000000000e+00
CT,0.000000000000000000e+00,0.000000000000000000e+00,0.000000000000000000e+00,0.000000000000000000e+00,0.000000000000000000e+00,0.000000000000000000e+00,0.000000000000000000e+00,0.000000000000000000e+00,0.000000000000000000e+00,0.000000000000000000e+00,0.000000000000000000e+00,0.000000000000000000e+00,0.000000000000000000e+00,0.000000000000000000e+00,0.000000000000000000e+00,0.000000000000000000e+00,0.000000000000000000e+00,0.000000000000000000e+00,0.000000000000000000e+00,0.000000000000000000e+00,0.000000000000000000e+00,0.000000000000000000e+00,0.000000000000000000e+00,0.000000000000000000e+00,0.000000000000000000e+00,0.000000000000000000e+00,0.000000000000000000e+00,0.000000000000000000e+00,0.000000000000000000e+00,0.000000000000000000e+00,0.000000000000000000e+00,0.000000000000000000e+00,0.000000000000000000e+00,0.000000000000000000e+00,0.000000000000000000e+00,0.000000000000000000e+00,0.000000000000000000e+00,0.000000000000000000e+00,0.000000000000000000e+00,0.000000000000000000e+00,0.000000000000000000e+00,0.000000000000000000e+00,0.000000000000000000e+00,0.000000000000000000e+00,0.000000000000000000e+00,0.000000000000000000e+00,0.000000000000000000e+00,0.000000000000000000e+00,0.000000000000000000e+00,0.000000000000000000e+00,0.000000000000000000e+00,0.000000000000000000e+00,0.000000000000000000e+00,0.000000000000000000e+00,0.000000000000000000e+00,0.000000000000000000e+00,0.000000000000000000e+00,0.000000000000000000e+00,0.000000000000000000e+00,0.000000000000000000e+00,0.000000000000000000e+00,0.000000000000000000e+00,0.000000000000000000e+00,0.000000000000000000e+00,0.000000000000000000e+00,0.000000000000000000e+00,0.000000000000000000e+00,0.000000000000000000e+00,0.000000000000000000e+00,0.000000000000000000e+00,0.000000000000000000e+00,0.000000000000000000e+00,0.000000000000000000e+00,0.000000000000000000e+00,0.000000000000000000e+00,0.000000000000000000e+00,0.000000000000000000e+00,0.000000000000000000e+00,0.000000000000000000e+00,0.000000000000000000e+00,0.000000000000000000e+00,0.000000000000000000e+00,0.000000000000000000e+00,0.000000000000000000e+00,0.000000000000000000e+00,0.000000000000000000e+00,0.000000000000000000e+00,0.000000000000000000e+00,0.000000000000000000e+00,0.000000000000000000e+00,0.000000000000000000e+00,0.000000000000000000e+00,0.000000000000000000e+00,0.000000000000000000e+00,0.000000000000000000e+00,0.000000000000000000e+00,0.000000000000000000e+00,0.000000000000000000e+00,0.000000000000000000e+00,0.000000000000000000e+00,0.000000000000000000e+00,0.000000000000000000e+00,0.000000000000000000e+00,0.000000000000000000e+00,0.000000000000000000e+00,0.000000000000000000e+00,0.000000000000000000e+00,0.000000000000000000e+00,0.000000000000000000e+00,0.000000000000000000e+00,0.000000000000000000e+00,0.000000000000000000e+00,0.000000000000000000e+00,0.000000000000000000e+00,0.000000000000000000e+00,0.000000000000000000e+00,0.000000000000000000e+00,0.000000000000000000e+00,0.000000000000000000e+00,0.000000000000000000e+00,0.000000000000000000e+00,0.000000000000000000e+00,0.000000000000000000e+00,0.000000000000000000e+00,0.000000000000000000e+00,0.000000000000000000e+00,0.000000000000000000e+00,0.000000000000000000e+00,0.000000000000000000e+00,0.000000000000000000e+00,0.000000000000000000e+00,0.000000000000000000e+00
CT_h,0.000000000000000000e+00,0.000000000000000000e+00,0.000000000000000000e+00,0.000000000000000000e+00,0.000000000000000000e+00,0.000000000000000000e+00,0.000000000000000000e+00,0.000000000000000000e+00,0.000000000000000000e+00,0.000000000000000000e+00,0.000000000000000000e+00,0.000000000000000000e+00,0.000000000000000000e+00,0.000000000000000000e+00,0.000000000000000000e+00,0.000000000000000000e+00,0.000000000000000000e+00,0.000000000000000000e+00,0.000000000000000000e+00,0.000000000000000000e+00,0.000000000000000000e+00,0.000000000000000000e+00,0.000000000000000000e+00,0.000000000000000000e+00,0.000000000000000000e+00,0.000000000000000000e+00,0.000000000000000000e+00,0.000000000000000000e+00,0.000000000000000000e+00,0.000000000000000000e+00,0.000000000000000000e+00,0.000000000000000000e+00,0.000000000000000000e+00,0.000000000000000000e+00,0.000000000000000000e+00,0.000000000000000000e+00,0.000000000000000000e+00,0.000000000000000000e+00,0.000000000000000000e+00,0.000000000000000000e+00,0.000000000000000000e+00,0.000000000000000000e+00,0.000000000000000000e+00,0.000000000000000000e+00,0.000000000000000000e+00,0.000000000000000000e+00,0.000000000000000000e+00,0.000000000000000000e+00,0.000000000000000000e+00,0.000000000000000000e+00,0.000000000000000000e+00,0.000000000000000000e+00,0.000000000000000000e+00,0.000000000000000000e+00,0.000000000000000000e+00,0.000000000000000000e+00,0.000000000000000000e+00,0.000000000000000000e+00,0.000000000000000000e+00,0.000000000000000000e+00,0.000000000000000000e+00,0.000000000000000000e+00,0.000000000000000000e+00,0.000000000000000000e+00,0.000000000000000000e+00,0.000000000000000000e+00,0.000000000000000000e+00,0.000000000000000000e+00,0.000000000000000000e+00,0.000000000000000000e+00,0.000000000000000000e+00,0.000000000000000000e+00,0.000000000000000000e+00,0.000000000000000000e+00,0.000000000000000000e+00,0.000000000000000000e+00,0.000000000000000000e+00,0.000000000000000000e+00,0.000000000000000000e+00,0.000000000000000000e+00,0.000000000000000000e+00,0.000000000000000000e+00,0.000000000000000000e+00,0.000000000000000000e+00,0.000000000000000000e+00,0.000000000000000000e+00,0.000000000000000000e+00,0.000000000000000000e+00,0.000000000000000000e+00,0.000000000000000000e+00,0.000000000000000000e+00,0.000000000000000000e+00,0.000000000000000000e+00,0.000000000000000000e+00,0.000000000000000000e+00,0.000000000000000000e+00,0.000000000000000000e+00,0.000000000000000000e+00,0.000000000000000000e+00,0.000000000000000000e+00,0.000000000000000000e+00,0.000000000000000000e+00,0.000000000000000000e+00,0.000000000000000000e+00,0.000000000000000000e+00,0.000000000000000000e+00,0.000000000000000000e+00,0.000000000000000000e+00,0.000000000000000000e+00,0.000000000000000000e+00,0.000000000000000000e+00,0.000000000000000000e+00,0.000000000000000000e+00,0.000000000000000000e+00,0.000000000000000000e+00,0.000000000000000000e+00,0.000000000000000000e+00,0.000000000000000000e+00,0.000000000000000000e+00,0.000000000000000000e+00,0.000000000000000000e+00,0.000000000000000000e+00,0.000000000000000000e+00,0.000000000000000000e+00,0.000000000000000000e+00,0.000000000000000000e+00,0.000000000000000000e+00,0.000000000000000000e+00,0.000000000000000000e+00,0.000000000000000000e+00,0.000000000000000000e+00,0.000000000000000000e+00
Chord,2.977700000000000102e+01,2.852943000000000140e+01,2.728186000000000178e+01,2.603428999999999860e+01,2.478671999999999898e+01,2.353914999999999935e+01,2.229157999999999973e+01,2.104401000000000010e+01,1.979644000000000048e+01,1.854887000000000086e+01,1.730130000000000123e+01,1.605373000000000161e+01,1.480700000000000038e+01,8.801230000000000331e+00,1.384140000000000015e+01,1.315947000000000067e+01,1.247753999999999941e+01,1.179562999999999917e+01,1.111373000000000033e+01,1.043182999999999971e+01,9.749940000000000495e+00,9.068049999999999500e+00,8.386169999999999902e+00,7.704279999999999795e+00,7.022400000000000198e+00,6.340510000000000090e+00,5.658610000000000362e+00,2.977700000000000102e+01,2.852943000000000140e+01,2.728186000000000178e+01,2.603428999999999860e+01,2.478671999999999898e+01,2.353914999999999935e+01,2.229157999999999973e+01,2.104401000000000010e+01,1.979644000000000048e+01,1.854887000000000086e+01,1.730130000000000123e+01,1.605373000000000161e+01,1.480700000000000038e+01,8.801230000000000331e+00,1.384140000000000015e+01,1.315947000000000067e+01,1.247753999999999941e+01,1.179562999999999917e+01,1.111373000000000033e+01,1.043182999999999971e+01,9.749940000000000495e+00,9.068049999999999500e+00,8.386169999999999902e+00,7.704279999999999795e+00,7.022400000000000198e+00,6.340510000000000090e+00,5.658610000000000362e+00,7.989690000000000403e+00,7.660590000000000011e+00,7.331489999999999618e+00,7.002390000000000114e+00,6.673289999999999722e+00,6.344190000000000218e+00,6.015089999999999826e+00,5.685990000000000322e+00,5.356889999999999930e+00,5.027790000000000425e+00,4.698690000000000033e+00,4.369589999999999641e+00,4.040490000000000137e+00,7.989690000000000403e+00,7.660590000000000011e+00,7.331489999999999618e+00,7.002390000000000114e+00,6.673289999999999722e+00,6.344190000000000218e+00,6.015089999999999826e+00,5.685990000000000322e+00,5.356889999999999930e+00,5.027790000000000425e+00,4.698690000000000033e+00,4.369589999999999641e+00,4.040490000000000137e+00,1.721802999999999884e+01,1.656919999999999860e+01,1.596177999999999919e+01,1.535436999999999941e+01,1.474695999999999962e+01,1.413954999999999984e+01,1.353214000000000006e+01,1.292472000000000065e+01,1.231731000000000087e+01,1.170989999999999931e+01,1.110248999999999953e+01,1.049507999999999974e+01,9.887660000000000338e+00,9.299260000000000304e+00,8.729860000000000397e+00,8.160460000000000491e+00,7.591059999999999697e+00,7.021659999999999791e+00,6.452259999999999884e+00,5.882859999999999978e+00,5.313460000000000072e+00,4.744060000000000166e+00,4.174660000000000259e+00,3.605259999999999909e+00,3.035860000000000003e+00,2.466460000000000097e+00,1.721802999999999884e+01,1.656919999999999860e+01,1.596177999999999919e+01,1.535436999999999941e+01,1.474695999999999962e+01,1.413954999999999984e+01,1.353214000000000006e+01,1.292472000000000065e+01,1.231731000000000087e+01,1.170989999999999931e+01,1.110248999999999953e+01,1.049507999999999974e+01,9.887660000000000338e+00,9.299260000000000304e+00,8.729860000000000397e+00,8.160460000000000491e+00,7.591059999999999697e+00,7.021659999999999791e+00,6.452259999999999884e+00,5.882859999999999978e+00,5.313460000000000072e+00,4.744060000000000166e+00,4.174660000000000259e+00,3.605259999999999909e+00,3.035860000000000003e+00,2.466460000000000097e+00
Diameter,0.000000000000000000e+00,0.000000000000000000e+00,0.000000000000000000e+00,0.000000000000000000e+00,0.000000000000000000e+00,0.000000000000000000e+00,0.000000000000000000e+00,0.000000000000000000e+00,0.000000000000000000e+00,0.000000000000000000e+00,0.000000000000000000e+00,0.000000000000000000e+00,0.000000000000000000e+00,0.000000000000000000e+00,0.000000000000000000e+00,0.000000000000000000e+00,0.000000000000000000e+00,0.000000000000000000e+00,0.000000000000000000e+00,0.000000000000000000e+00,0.000000000000000000e+00,0.000000000000000000e+00,0.000000000000000000e+00,0.000000000000000000e+00,0.000000000000000000e+00,0.000000000000000000e+00,0.000000000000000000e+00,0.000000000000000000e+00,0.000000000000000000e+00,0.000000000000000000e+00,0.000000000000000000e+00,0.000000000000000000e+00,0.000000000000000000e+00,0.000000000000000000e+00,0.000000000000000000e+00,0.000000000000000000e+00,0.000000000000000000e+00,0.000000000000000000e+00,0.000000000000000000e+00,0.000000000000000000e+00,0.000000000000000000e+00,0.000000000000000000e+00,0.000000000000000000e+00,0.000000000000000000e+00,0.000000000000000000e+00,0.000000000000000000e+00,0.000000000000000000e+00,0.000000000000000000e+00,0.000000000000000000e+00,0.000000000000000000e+00,0.000000000000000000e+00,0.000000000000000000e+00,0.000000000000000000e+00,0.000000000000000000e+00,0.000000000000000000e+00,0.000000000000000000e+00,0.000000000000000000e+00,0.000000000000000000e+00,0.000000000000000000e+00,0.000000000000000000e+00,0.000000000000000000e+00,0.000000000000000000e+00,0.000000000000000000e+00,0.000000000000000000e+00,0.000000000000000000e+00,0.000000000000000000e+00,0.000000000000000000e+00,0.000000000000000000e+00,0.000000000000000000e+00,0.000000000000000000e+00,0.000000000000000000e+00,0.000000000000000000e+00,0.000000000000000000e+00,0.000000000000000000e+00,0.000000000000000000e+00,0.000000000000000000e+00,0.000000000000000000e+00,0.000000000000000000e+00,0.000000000000000000e+00,0.000000000000000000e+00,0.000000000000000000e+00,0.000000000000000000e+00,0.000000000000000000e+00,0.000000000000000000e+00,0.000000000000000000e+00,0.000000000000000000e+00,0.000000000000000000e+00,0.000000000000000000e+00,0.000000000000000000e+00,0.000000000000000000e+00,0.000000000000000000e+00,0.000000000000000000e+00,0.000000000000000000e+00,0.000000000000000000e+00,0.000000000000000000e+00,0.000000000000000000e+00,0.000000000000000000e+00,0.000000000000000000e+00,0.000000000000000000e+00,0.000000000000000000e+00,0.000000000000000000e+00,0.000000000000000000e+00,0.000000000000000000e+00,0.000000000000000000e+00,0.000000000000000000e+00,0.000000000000000000e+00,0.000000000000000000e+00,0.000000000000000000e+00,0.000000000000000000e+00,0.000000000000000000e+00,0.000000000000000000e+00,0.000000000000000000e+00,0.000000000000000000e+00,0.000000000000000000e+00,0.000000000000000000e+00,0.000000000000000000e+00,0.000000000000000000e+00,0.000000000000000000e+00,0.000000000000000000e+00,0.000000000000000000e+00,0.000000000000000000e+00,0.000000000000000000e+00,0.000000000000000000e+00,0.000000000000000000e+00,0.000000000000000000e+00,0.000000000000000000e+00,0.000000000000000000e+00,0.000000000000000000e+00,0.000000000000000000e+00,0.000000000000000000e+00,0.000000000000000000e+00,0.000000000000000000e+00
ETAP,0.000000000000000000e+00,0.000000000000000000e+00,0.000000000000000000e+00,0.000000000000000000e+00,0.000000000000000000e+00,0.000000000000000000e+00,0.000000000000000000e+00,0.000000000000000000e+00,0.000000000000000000e+00,0.000000000000000000e+00,0.000000000000000000e+00,0.000000000000000000e+00,0.000000000000000000e+00,0.000000000000000000e+00,0.000000000000000000e+00,0.000000000000000000e+00,0.000000000000000000e+00,0.000000000000000000e+00,0.000000000000000000e+00,0.000000000000000000e+00,0.000000000000000000e+00,0.000000000000000000e+00,0.000000000000000000e+00,0.000000000000000000e+00,0.000000000000000000e+00,0.000000000000000000e+00,0.000000000000000000e+00,0.000000000000000000e+00,0.000000000000000000e+00,0.000000000000000000e+00,0.000000000000000000e+00,0.000000000000000000e+00,0.000000000000000000e+00,0.000000000000000000e+00,0.000000000000000000e+00,0.000000000000000000e+00,0.000000000000000000e+00,0.000000000000000000e+00,0.000000000000000000e+00,0.000000000000000000e+00,0.000000000000000000e+00,0.000000000000000000e+00,0.000000000000000000e+00,0.000000000000000000e+00,0.000000000000000000e+00,0.000000000000000000e+00,0.000000000000000000e+00,0.000000000000000000e+00,0.000000000000000000e+00,0.000000000000000000e+00,0.000000000000000000e+00,0.000000000000000000e+00,0.000000000000000000e+00,0.000000000000000000e+00,0.000000000000000000e+00,0.000000000000000000e+00,0.000000000000000000e+00,0.000000000000000000e+00,0.000000000000000000e+00,0.000000000000000000e+00,0.000000000000000000e+00,0.000000000000000000e+00,0.000000000000000000e+00,0.000000000000000000e+00,0.000000000000000000e+00,0.000000000000000000e+00,0.000000000000000000e+00,0.000000000000000000e+00,0.000000000000000000e+00,0.000000000000000000e+00,0.000000000000000000e+00,0.000000000000000000e+00,0.000000000000000000e+00,0.000000000000000000e+00,0.000000000000000000e+00,0.000000000000000000e+00,0.000000000000000000e+00,0.000000000000000000e+00,0.000000000000000000e+00,0.000000000000000000e+00,0.000000000000000000e+00,0.000000000000000000e+00,0.000000000000000000e+00,0.000000000000000000e+00,0.000000000000000000e+00,0.000000000000000000e+00,0.000000000000000000e+00,0.000000000000000000e+00,0.000000000000000000e+00,0.000000000000000000e+00,0.000000000000000000e+00,0.000000000000000000e+00,0.000000000000000000e+00,0.000000000000000000e+00,0.000000000000000000e+00,0.000000000000000000e+00,0.000000000000000000e+00,0.000000000000000000e+00,0.000000000000000000e+00,0.000000000000000000e+00,0.000000000000000000e+00,0.000000000000000000e+00,0.000000000000000000e+00,0.000000000000000000e+00,0.000000000000000000e+00,0.000000000000000000e+00,0.000000000000000000e+00,0.000000000000000000e+00,0.000000000000000000e+00,0.000000000000000000e+00,0.000000000000000000e+00,0.000000000000000000e+00,0.000000000000000000e+00,0.000000000000000000e+00,0.000000000000000000e+00,0.000000000000000000e+00,0.000000000000000000e+00,0.000000000000000000e+00,0.000000000000000000e+00,0.000000000000000000e+00,0.000000000000000000e+00,0.000000000000000000e+00,0.000000000000000000e+00,0.000000000000000000e+00,0.000000000000000000e+00,0.000000000000000000e+00,0.000000000000000000e+00,0.000000000000000000e+00,0.000000000000000000e+00,0.000000000000000000e+00,0.000000000000000000e+00,0.000000000000000000e+00
FC_AoA_,5.000000000000000000e+00
FC_Beta_,0.000000000000000000e+00
FC_Bref_,3.727034100000000194e+01
FC_Cref_,1.236139999999999972e+01
FC_Mach_,2.200000000000000178e+00
FC_Pitch_Rate,0.000000000000000000e+00
FC_Rho_,2.377000000000000206e-03
FC_Roll__Rate,0.000000000000000000e+00
FC_Sref_,4.096313739999999939e+02
FC_Vinf_,1.000000000000000000e+02
FC_Xcg_,2.046778000000000119e+01
FC_Yaw___Rate,0.000000000000000000e+00
FC_Ycg_,0.000000000000000000e+00
FC_Zcg_,0.000000000000000000e+00
FOM,0.000000000000000000e+00,0.000000000000000000e+00,0.000000000000000000e+00,0.000000000000000000e+00,0.000000000000000000e+00,0.000000000000000000e+00,0.000000000000000000e+00,0.000000000000000000e+00,0.000000000000000000e+00,0.000000000000000000e+00,0.000000000000000000e+00,0.000000000000000000e+00,0.000000000000000000e+00,0.000000000000000000e+00,0.000000000000000000e+00,0.000000000000000000e+00,0.000000000000000000e+00,0.000000000000000000e+00,0.000000000000000000e+00,0.000000000000000000e+00,0.000000000000000000e+00,0.000000000000000000e+00,0.000000000000000000e+00,0.000000000000000000e+00,0.000000000000000000e+00,0.000000000000000000e+00,0.000000000000000000e+00,0.000000000000000000e+00,0.000000000000000000e+00,0.000000000000000000e+00,0.000000000000000000e+00,0.000000000000000000e+00,0.000000000000000000e+00,0.000000000000000000e+00,0.000000000000000000e+00,0.000000000000000000e+00,0.000000000000000000e+00,0.000000000000000000e+00,0.000000000000000000e+00,0.000000000000000000e+00,0.000000000000000000e+00,0.000000000000000000e+00,0.000000000000000000e+00,0.000000000000000000e+00,0.000000000000000000e+00,0.000000000000000000e+00,0.000000000000000000e+00,0.000000000000000000e+00,0.000000000000000000e+00,0.000000000000000000e+00,0.000000000000000000e+00,0.000000000000000000e+00,0.000000000000000000e+00,0.000000000000000000e+00,0.000000000000000000e+00,0.000000000000000000e+00,0.000000000000000000e+00,0.000000000000000000e+00,0.000000000000000000e+00,0.000000000000000000e+00,0.000000000000000000e+00,0.000000000000000000e+00,0.000000000000000000e+00,0.000000000000000000e+00,0.000000000000000000e+00,0.000000000000000000e+00,0.000000000000000000e+00,0.000000000000000000e+00,0.000000000000000000e+00,0.000000000000000000e+00,0.000000000000000000e+00,0.000000000000000000e+00,0.000000000000000000e+00,0.000000000000000000e+00,0.000000000000000000e+00,0.000000000000000000e+00,0.000000000000000000e+00,0.000000000000000000e+00,0.000000000000000000e+00,0.000000000000000000e+00,0.000000000000000000e+00,0.000000000000000000e+00,0.000000000000000000e+00,0.000000000000000000e+00,0.000000000000000000e+00,0.000000000000000000e+00,0.000000000000000000e+00,0.000000000000000000e+00,0.000000000000000000e+00,0.000000000000000000e+00,0.000000000000000000e+00,0.000000000000000000e+00,0.000000000000000000e+00,0.000000000000000000e+00,0.000000000000000000e+00,0.000000000000000000e+00,0.000000000000000000e+00,0.000000000000000000e+00,0.000000000000000000e+00,0.000000000000000000e+00,0.000000000000000000e+00,0.000000000000000000e+00,0.000000000000000000e+00,0.000000000000000000e+00,0.000000000000000000e+00,0.000000000000000000e+00,0.000000000000000000e+00,0.000000000000000000e+00,0.000000000000000000e+00,0.000000000000000000e+00,0.000000000000000000e+00,0.000000000000000000e+00,0.000000000000000000e+00,0.000000000000000000e+00,0.000000000000000000e+00,0.000000000000000000e+00,0.000000000000000000e+00,0.000000000000000000e+00,0.000000000000000000e+00,0.000000000000000000e+00,0.000000000000000000e+00,0.000000000000000000e+00,0.000000000000000000e+00,0.000000000000000000e+00,0.000000000000000000e+00,0.000000000000000000e+00,0.000000000000000000e+00,0.000000000000000000e+00,0.000000000000000000e+00,0.000000000000000000e+00,0.000000000000000000e+00,0.000000000000000000e+00
IsARotor,0,0,0,0,0,0,0,0,0,0,0,0,0,0,0,0,0,0,0,0,0,0,0,0,0,0,0,0,0,0,0,0,0,0,0,0,0,0,0,0,0,0,0,0,0,0,0,0,0,0,0,0,0,0,0,0,0,0,0,0,0,0,0,0,0,0,0,0,0,0,0,0,0,0,0,0,0,0,0,0,0,0,0,0,0,0,0,0,0,0,0,0,0,0,0,0,0,0,0,0,0,0,0,0,0,0,0,0,0,0,0,0,0,0,0,0,0,0,0,0,0,0,0,0,0,0,0,0,0,0,0,0
Iter,7,7,7,7,7,7,7,7,7,7,7,7,7,7,7,7,7,7,7,7,7,7,7,7,7,7,7,7,7,7,7,7,7,7,7,7,7,7,7,7,7,7,7,7,7,7,7,7,7,7,7,7,7,7,7,7,7,7,7,7,7,7,7,7,7,7,7,7,7,7,7,7,7,7,7,7,7,7,7,7,7,7,7,7,7,7,7,7,7,7,7,7,7,7,7,7,7,7,7,7,7,7,7,7,7,7,7,7,7,7,7,7,7,7,7,7,7,7,7,7,7,7,7,7,7,7,7,7,7,7,7,7
J,0.000000000000000000e+00,0.000000000000000000e+00,0.000000000000000000e+00,0.000000000000000000e+00,0.000000000000000000e+00,0.000000000000000000e+00,0.000000000000000000e+00,0.000000000000000000e+00,0.000000000000000000e+00,0.000000000000000000e+00,0.000000000000000000e+00,0.000000000000000000e+00,0.000000000000000000e+00,0.000000000000000000e+00,0.000000000000000000e+00,0.000000000000000000e+00,0.000000000000000000e+00,0.000000000000000000e+00,0.000000000000000000e+00,0.000000000000000000e+00,0.000000000000000000e+00,0.000000000000000000e+00,0.000000000000000000e+00,0.000000000000000000e+00,0.000000000000000000e+00,0.000000000000000000e+00,0.000000000000000000e+00,0.000000000000000000e+00,0.000000000000000000e+00,0.000000000000000000e+00,0.000000000000000000e+00,0.000000000000000000e+00,0.000000000000000000e+00,0.000000000000000000e+00,0.000000000000000000e+00,0.000000000000000000e+00,0.000000000000000000e+00,0.000000000000000000e+00,0.000000000000000000e+00,0.000000000000000000e+00,0.000000000000000000e+00,0.000000000000000000e+00,0.000000000000000000e+00,0.000000000000000000e+00,0.000000000000000000e+00,0.000000000000000000e+00,0.000000000000000000e+00,0.000000000000000000e+00,0.000000000000000000e+00,0.000000000000000000e+00,0.000000000000000000e+00,0.000000000000000000e+00,0.000000000000000000e+00,0.000000000000000000e+00,0.000000000000000000e+00,0.000000000000000000e+00,0.000000000000000000e+00,0.000000000000000000e+00,0.000000000000000000e+00,0.000000000000000000e+00,0.000000000000000000e+00,0.000000000000000000e+00,0.000000000000000000e+00,0.000000000000000000e+00,0.000000000000000000e+00,0.000000000000000000e+00,0.000000000000000000e+00,0.000000000000000000e+00,0.000000000000000000e+00,0.000000000000000000e+00,0.000000000000000000e+00,0.000000000000000000e+00,0.000000000000000000e+00,0.000000000000000000e+00,0.000000000000000000e+00,0.000000000000000000e+00,0.000000000000000000e+00,0.000000000000000000e+00,0.000000000000000000e+00,0.000000000000000000e+00,0.000000000000000000e+00,0.000000000000000000e+00,0.000000000000000000e+00,0.000000000000000000e+00,0.000000000000000000e+00,0.000000000000000000e+00,0.000000000000000000e+00,0.000000000000000000e+00,0.000000000000000000e+00,0.000000000000000000e+00,0.000000000000000000e+00,0.000000000000000000e+00,0.000000000000000000e+00,0.000000000000000000e+00,0.000000000000000000e+00,0.000000000000000000e+00,0.000000000000000000e+00,0.000000000000000000e+00,0.000000000000000000e+00,0.000000000000000000e+00,0.000000000000000000e+00,0.000000000000000000e+00,0.000000000000000000e+00,0.000000000000000000e+00,0.000000000000000000e+00,0.000000000000000000e+00,0.000000000000000000e+00,0.000000000000000000e+00,0.000000000000000000e+00,0.000000000000000000e+00,0.000000000000000000e+00,0.000000000000000000e+00,0.000000000000000000e+00,0.000000000000000000e+00,0.000000000000000000e+00,0.000000000000000000e+00,0.000000000000000000e+00,0.000000000000000000e+00,0.000000000000000000e+00,0.000000000000000000e+00,0.000000000000000000e+00,0.000000000000000000e+00,0.000000000000000000e+00,0.000000000000000000e+00,0.000000000000000000e+00,0.000000000000000000e+00,0.000000000000000000e+00,0.000000000000000000e+00,0.000000000000000000e+00,0.000000000000000000e+00,0.000000000000000000e+00,0.000000000000000000e+00
Moment,0.000000000000000000e+00,0.000000000000000000e+00,0.000000000000000000e+00,0.000000000000000000e+00,0.000000000000000000e+00,0.000000000000000000e+00,0.000000000000000000e+00,0.000000000000000000e+00,0.000000000000000000e+00,0.000000000000000000e+00,0.000000000000000000e+00,0.000000000000000000e+00,0.000000000000000000e+00,0.000000000000000000e+00,0.000000000000000000e+00,0.000000000000000000e+00,0.000000000000000000e+00,0.000000000000000000e+00,0.000000000000000000e+00,0.000000000000000000e+00,0.000000000000000000e+00,0.000000000000000000e+00,0.000000000000000000e+00,0.000000000000000000e+00,0.000000000000000000e+00,0.000000000000000000e+00,0.000000000000000000e+00,0.000000000000000000e+00,0.000000000000000000e+00,0.000000000000000000e+00,0.000000000000000000e+00,0.000000000000000000e+00,0.000000000000000000e+00,0.000000000000000000e+00,0.000000000000000000e+00,0.000000000000000000e+00,0.000000000000000000e+00,0.000000000000000000e+00,0.000000000000000000e+00,0.000000000000000000e+00,0.000000000000000000e+00,0.000000000000000000e+00,0.000000000000000000e+00,0.000000000000000000e+00,0.000000000000000000e+00,0.000000000000000000e+00,0.000000000000000000e+00,0.000000000000000000e+00,0.000000000000000000e+00,0.000000000000000000e+00,0.000000000000000000e+00,0.000000000000000000e+00,0.000000000000000000e+00,0.000000000000000000e+00,0.000000000000000000e+00,0.000000000000000000e+00,0.000000000000000000e+00,0.000000000000000000e+00,0.000000000000000000e+00,0.000000000000000000e+00,0.000000000000000000e+00,0.000000000000000000e+00,0.000000000000000000e+00,0.000000000000000000e+00,0.000000000000000000e+00,0.000000000000000000e+00,0.000000000000000000e+00,0.000000000000000000e+00,0.000000000000000000e+00,0.000000000000000000e+00,0.000000000000000000e+00,0.000000000000000000e+00,0.000000000000000000e+00,0.000000000000000000e+00,0.000000000000000000e+00,0.000000000000000000e+00,0.000000000000000000e+00,0.000000000000000000e+00,0.000000000000000000e+00,0.000000000000000000e+00,0.000000000000000000e+00,0.000000000000000000e+00,0.000000000000000000e+00,0.000000000000000000e+00,0.000000000000000000e+00,0.000000000000000000e+00,0.000000000000000000e+00,0.000000000000000000e+00,0.000000000000000000e+00,0.000000000000000000e+00,0.000000000000000000e+00,0.000000000000000000e+00,0.000000000000000000e+00,0.000000000000000000e+00,0.000000000000000000e+00,0.000000000000000000e+00,0.000000000000000000e+00,0.000000000000000000e+00,0.000000000000000000e+00,0.000000000000000000e+00,0.000000000000000000e+00,0.000000000000000000e+00,0.000000000000000000e+00,0.000000000000000000e+00,0.000000000000000000e+00,0.000000000000000000e+00,0.000000000000000000e+00,0.000000000000000000e+00,0.000000000000000000e+00,0.000000000000000000e+00,0.000000000000000000e+00,0.000000000000000000e+00,0.000000000000000000e+00,0.000000000000000000e+00,0.000000000000000000e+00,0.000000000000000000e+00,0.000000000000000000e+00,0.000000000000000000e+00,0.000000000000000000e+00,0.000000000000000000e+00,0.000000000000000000e+00,0.000000000000000000e+00,0.000000000000000000e+00,0.000000000000000000e+00,0.000000000000000000e+00,0.000000000000000000e+00,0.000000000000000000e+00,0.000000000000000000e+00,0.000000000000000000e+00,0.000000000000000000e+00,0.000000000000000000e+00,0.000000000000000000e+00
Momenti,0.000000000000000000e+00,0.000000000000000000e+00,0.000000000000000000e+00,0.000000000000000000e+00,0.000000000000000000e+00,0.000000000000000000e+00,0.000000000000000000e+00,0.000000000000000000e+00,0.000000000000000000e+00,0.000000000000000000e+00,0.000000000000000000e+00,0.000000000000000000e+00,0.000000000000000000e+00,0.000000000000000000e+00,0.000000000000000000e+00,0.000000000000000000e+00,0.000000000000000000e+00,0.000000000000000000e+00,0.000000000000000000e+00,0.000000000000000000e+00,0.000000000000000000e+00,0.000000000000000000e+00,0.000000000000000000e+00,0.000000000000000000e+00,0.000000000000000000e+00,0.000000000000000000e+00,0.000000000000000000e+00,0.000000000000000000e+00,0.000000000000000000e+00,0.000000000000000000e+00,0.000000000000000000e+00,0.000000000000000000e+00,0.000000000000000000e+00,0.000000000000000000e+00,0.000000000000000000e+00,0.000000000000000000e+00,0.000000000000000000e+00,0.000000000000000000e+00,0.000000000000000000e+00,0.000000000000000000e+00,0.000000000000000000e+00,0.000000000000000000e+00,0.000000000000000000e+00,0.000000000000000000e+00,0.000000000000000000e+00,0.000000000000000000e+00,0.000000000000000000e+00,0.000000000000000000e+00,0.000000000000000000e+00,0.000000000000000000e+00,0.000000000000000000e+00,0.000000000000000000e+00,0.000000000000000000e+00,0.000000000000000000e+00,0.000000000000000000e+00,0.000000000000000000e+00,0.000000000000000000e+00,0.000000000000000000e+00,0.000000000000000000e+00,0.000000000000000000e+00,0.000000000000000000e+00,0.000000000000000000e+00,0.000000000000000000e+00,0.000000000000000000e+00,0.000000000000000000e+00,0.000000000000000000e+00,0.000000000000000000e+00,0.000000000000000000e+00,0.000000000000000000e+00,0.000000000000000000e+00,0.000000000000000000e+00,0.000000000000000000e+00,0.000000000000000000e+00,0.000000000000000000e+00,0.000000000000000000e+00,0.000000000000000000e+00,0.000000000000000000e+00,0.000000000000000000e+00,0.000000000000000000e+00,0.000000000000000000e+00,0.000000000000000000e+00,0.000000000000000000e+00,0.000000000000000000e+00,0.000000000000000000e+00,0.000000000000000000e+00,0.000000000000000000e+00,0.000000000000000000e+00,0.000000000000000000e+00,0.000000000000000000e+00,0.000000000000000000e+00,0.000000000000000000e+00,0.000000000000000000e+00,0.000000000000000000e+00,0.000000000000000000e+00,0.000000000000000000e+00,0.000000000000000000e+00,0.000000000000000000e+00,0.000000000000000000e+00,0.000000000000000000e+00,0.000000000000000000e+00,0.000000000000000000e+00,0.000000000000000000e+00,0.000000000000000000e+00,0.000000000000000000e+00,0.000000000000000000e+00,0.000000000000000000e+00,0.000000000000000000e+00,0.000000000000000000e+00,0.000000000000000000e+00,0.000000000000000000e+00,0.000000000000000000e+00,0.000000000000000000e+00,0.000000000000000000e+00,0.000000000000000000e+00,0.000000000000000000e+00,0.000000000000000000e+00,0.000000000000000000e+00,0.000000000000000000e+00,0.000000000000000000e+00,0.000000000000000000e+00,0.000000000000000000e+00,0.000000000000000000e+00,0.000000000000000000e+00,0.000000000000000000e+00,0.000000000000000000e+00,0.000000000000000000e+00,0.000000000000000000e+00,0.000000000000000000e+00,0.000000000000000000e+00,0.000000000000000000e+00,0.000000000000000000e+00,0.000000000000000000e+00
Momento,0.000000000000000000e+00,0.000000000000000000e+00,0.000000000000000000e+00,0.000000000000000000e+00,0.000000000000000000e+00,0.000000000000000000e+00,0.000000000000000000e+00,0.000000000000000000e+00,0.000000000000000000e+00,0.000000000000000000e+00,0.000000000000000000e+00,0.000000000000000000e+00,0.000000000000000000e+00,0.000000000000000000e+00,0.000000000000000000e+00,0.000000000000000000e+00,0.000000000000000000e+00,0.000000000000000000e+00,0.000000000000000000e+00,0.000000000000000000e+00,0.000000000000000000e+00,0.000000000000000000e+00,0.000000000000000000e+00,0.000000000000000000e+00,0.000000000000000000e+00,0.000000000000000000e+00,0.000000000000000000e+00,0.000000000000000000e+00,0.000000000000000000e+00,0.000000000000000000e+00,0.000000000000000000e+00,0.000000000000000000e+00,0.000000000000000000e+00,0.000000000000000000e+00,0.000000000000000000e+00,0.000000000000000000e+00,0.000000000000000000e+00,0.000000000000000000e+00,0.000000000000000000e+00,0.000000000000000000e+00,0.000000000000000000e+00,0.000000000000000000e+00,0.000000000000000000e+00,0.000000000000000000e+00,0.000000000000000000e+00,0.000000000000000000e+00,0.000000000000000000e+00,0.000000000000000000e+00,0.000000000000000000e+00,0.000000000000000000e+00,0.000000000000000000e+00,0.000000000000000000e+00,0.000000000000000000e+00,0.000000000000000000e+00,0.000000000000000000e+00,0.000000000000000000e+00,0.000000000000000000e+00,0.000000000000000000e+00,0.000000000000000000e+00,0.000000000000000000e+00,0.000000000000000000e+00,0.000000000000000000e+00,0.000000000000000000e+00,0.000000000000000000e+00,0.000000000000000000e+00,0.000000000000000000e+00,0.000000000000000000e+00,0.000000000000000000e+00,0.000000000000000000e+00,0.000000000000000000e+00,0.000000000000000000e+00,0.000000000000000000e+00,0.000000000000000000e+00,0.000000000000000000e+00,0.000000000000000000e+00,0.000000000000000000e+00,0.000000000000000000e+00,0.000000000000000000e+00,0.000000000000000000e+00,0.000000000000000000e+00,0.000000000000000000e+00,0.000000000000000000e+00,0.000000000000000000e+00,0.000000000000000000e+00,0.000000000000000000e+00,0.000000000000000000e+00,0.000000000000000000e+00,0.000000000000000000e+00,0.000000000000000000e+00,0.000000000000000000e+00,0.000000000000000000e+00,0.000000000000000000e+00,0.000000000000000000e+00,0.000000000000000000e+00,0.000000000000000000e+00,0.000000000000000000e+00,0.000000000000000000e+00,0.000000000000000000e+00,0.000000000000000000e+00,0.000000000000000000e+00,0.000000000000000000e+00,0.000000000000000000e+00,0.000000000000000000e+00,0.000000000000000000e+00,0.000000000000000000e+00,0.000000000000000000e+00,0.000000000000000000e+00,0.000000000000000000e+00,0.000000000000000000e+00,0.000000000000000000e+00,0.000000000000000000e+00,0.000000000000000000e+00,0.000000000000000000e+00,0.000000000000000000e+00,0.000000000000000000e+00,0.000000000000000000e+00,0.000000000000000000e+00,0.000000000000000000e+00,0.000000000000000000e+00,0.000000000000000000e+00,0.000000000000000000e+00,0.000000000000000000e+00,0.000000000000000000e+00,0.000000000000000000e+00,0.000000000000000000e+00,0.000000000000000000e+00,0.000000000000000000e+00,0.000000000000000000e+00,0.000000000000000000e+00,0.000000000000000000e+00,0.000000000000000000e+00,0.000000000000000000e+00
Power,0.000000000000000000e+00,0.000000000000000000e+00,0.000000000000000000e+00,0.000000000000000000e+00,0.000000000000000000e+00,0.000000000000000000e+00,0.000000000000000000e+00,0.000000000000000000e+00,0.000000000000000000e+00,0.000000000000000000e+00,0.000000000000000000e+00,0.000000000000000000e+00,0.000000000000000000e+00,0.000000000000000000e+00,0.000000000000000000e+00,0.000000000000000000e+00,0.000000000000000000e+00,0.000000000000000000e+00,0.000000000000000000e+00,0.000000000000000000e+00,0.000000000000000000e+00,0.000000000000000000e+00,0.000000000000000000e+00,0.000000000000000000e+00,0.000000000000000000e+00,0.000000000000000000e+00,0.000000000000000000e+00,0.000000000000000000e+00,0.000000000000000000e+00,0.000000000000000000e+00,0.000000000000000000e+00,0.000000000000000000e+00,0.000000000000000000e+00,0.000000000000000000e+00,0.000000000000000000e+00,0.000000000000000000e+00,0.000000000000000000e+00,0.000000000000000000e+00,0.000000000000000000e+00,0.000000000000000000e+00,0.000000000000000000e+00,0.000000000000000000e+00,0.000000000000000000e+00,0.000000000000000000e+00,0.000000000000000000e+00,0.000000000000000000e+00,0.000000000000000000e+00,0.000000000000000000e+00,0.000000000000000000e+00,0.000000000000000000e+00,0.000000000000000000e+00,0.000000000000000000e+00,0.000000000000000000e+00,0.000000000000000000e+00,0.000000000000000000e+00,0.000000000000000000e+00,0.000000000000000000e+00,0.000000000000000000e+00,0.000000000000000000e+00,0.000000000000000000e+00,0.000000000000000000e+00,0.000000000000000000e+00,0.000000000000000000e+00,0.000000000000000000e+00,0.000000000000000000e+00,0.000000000000000000e+00,0.000000000000000000e+00,0.000000000000000000e+00,0.000000000000000000e+00,0.000000000000000000e+00,0.000000000000000000e+00,0.000000000000000000e+00,0.000000000000000000e+00,0.000000000000000000e+00,0.000000000000000000e+00,0.000000000000000000e+00,0.000000000000000000e+00,0.000000000000000000e+00,0.000000000000000000e+00,0.000000000000000000e+00,0.000000000000000000e+00,0.000000000000000000e+00,0.000000000000000000e+00,0.000000000000000000e+00,0.000000000000000000e+00,0.000000000000000000e+00,0.000000000000000000e+00,0.000000000000000000e+00,0.000000000000000000e+00,0.000000000000000000e+00,0.000000000000000000e+00,0.000000000000000000e+00,0.000000000000000000e+00,0.000000000000000000e+00,0.000000000000000000e+00,0.000000000000000000e+00,0.000000000000000000e+00,0.000000000000000000e+00,0.000000000000000000e+00,0.000000000000000000e+00,0.000000000000000000e+00,0.000000000000000000e+00,0.000000000000000000e+00,0.000000000000000000e+00,0.000000000000000000e+00,0.000000000000000000e+00,0.000000000000000000e+00,0.000000000000000000e+00,0.000000000000000000e+00,0.000000000000000000e+00,0.000000000000000000e+00,0.000000000000000000e+00,0.000000000000000000e+00,0.000000000000000000e+00,0.000000000000000000e+00,0.000000000000000000e+00,0.000000000000000000e+00,0.000000000000000000e+00,0.000000000000000000e+00,0.000000000000000000e+00,0.000000000000000000e+00,0.000000000000000000e+00,0.000000000000000000e+00,0.000000000000000000e+00,0.000000000000000000e+00,0.000000000000000000e+00,0.000000000000000000e+00,0.000000000000000000e+00,0.000000000000000000e+00,0.000000000000000000e+00,0.000000000000000000e+00,0.000000000000000000e+00
Poweri,0.000000000000000000e+00,0.000000000000000000e+00,0.000000000000000000e+00,0.000000000000000000e+00,0.000000000000000000e+00,0.000000000000000000e+00,0.000000000000000000e+00,0.000000000000000000e+00,0.000000000000000000e+00,0.000000000000000000e+00,0.000000000000000000e+00,0.000000000000000000e+00,0.000000000000000000e+00,0.000000000000000000e+00,0.000000000000000000e+00,0.000000000000000000e+00,0.000000000000000000e+00,0.000000000000000000e+00,0.000000000000000000e+00,0.000000000000000000e+00,0.000000000000000000e+00,0.000000000000000000e+00,0.000000000000000000e+00,0.000000000000000000e+00,0.000000000000000000e+00,0.000000000000000000e+00,0.000000000000000000e+00,0.000000000000000000e+00,0.000000000000000000e+00,0.000000000000000000e+00,0.000000000000000000e+00,0.000000000000000000e+00,0.000000000000000000e+00,0.000000000000000000e+00,0.000000000000000000e+00,0.000000000000000000e+00,0.000000000000000000e+00,0.000000000000000000e+00,0.000000000000000000e+00,0.000000000000000000e+00,0.000000000000000000e+00,0.000000000000000000e+00,0.000000000000000000e+00,0.000000000000000000e+00,0.000000000000000000e+00,0.000000000000000000e+00,0.000000000000000000e+00,0.000000000000000000e+00,0.000000000000000000e+00,0.000000000000000000e+00,0.000000000000000000e+00,0.000000000000000000e+00,0.000000000000000000e+00,0.000000000000000000e+00,0.000000000000000000e+00,0.000000000000000000e+00,0.000000000000000000e+00,0.000000000000000000e+00,0.000000000000000000e+00,0.000000000000000000e+00,0.000000000000000000e+00,0.000000000000000000e+00,0.000000000000000000e+00,0.000000000000000000e+00,0.000000000000000000e+00,0.000000000000000000e+00,0.000000000000000000e+00,0.000000000000000000e+00,0.000000000000000000e+00,0.000000000000000000e+00,0.000000000000000000e+00,0.000000000000000000e+00,0.000000000000000000e+00,0.000000000000000000e+00,0.000000000000000000e+00,0.000000000000000000e+00,0.000000000000000000e+00,0.000000000000000000e+00,0.000000000000000000e+00,0.000000000000000000e+00,0.000000000000000000e+00,0.000000000000000000e+00,0.000000000000000000e+00,0.000000000000000000e+00,0.000000000000000000e+00,0.000000000000000000e+00,0.000000000000000000e+00,0.000000000000000000e+00,0.000000000000000000e+00,0.000000000000000000e+00,0.000000000000000000e+00,0.000000000000000000e+00,0.000000000000000000e+00,0.000000000000000000e+00,0.000000000000000000e+00,0.000000000000000000e+00,0.000000000000000000e+00,0.000000000000000000e+00,0.000000000000000000e+00,0.000000000000000000e+00,0.000000000000000000e+00,0.000000000000000000e+00,0.000000000000000000e+00,0.000000000000000000e+00,0.000000000000000000e+00,0.000000000000000000e+00,0.000000000000000000e+00,0.000000000000000000e+00,0.000000000000000000e+00,0.000000000000000000e+00,0.000000000000000000e+00,0.000000000000000000e+00,0.000000000000000000e+00,0.000000000000000000e+00,0.000000000000000000e+00,0.000000000000000000e+00,0.000000000000000000e+00,0.000000000000000000e+00,0.000000000000000000e+00,0.000000000000000000e+00,0.000000000000000000e+00,0.000000000000000000e+00,0.000000000000000000e+00,0.000000000000000000e+00,0.000000000000000000e+00,0.000000000000000000e+00,0.000000000000000000e+00,0.000000000000000000e+00,0.000000000000000000e+00,0.000000000000000000e+00,0.000000000000000000e+00,0.000000000000000000e+00
Powero,0.000000000000000000e+00,0.000000000000000000e+00,0.000000000000000000e+00,0.000000000000000000e+00,0.000000000000000000e+00,0.000000000000000000e+00,0.000000000000000000e+00,0.000000000000000000e+00,0.000000000000000000e+00,0.000000000000000000e+00,0.000000000000000000e+00,0.000000000000000000e+00,0.000000000000000000e+00,0.000000000000000000e+00,0.000000000000000000e+00,0.000000000000000000e+00,0.000000000000000000e+00,0.000000000000000000e+00,0.000000000000000000e+00,0.000000000000000000e+00,0.000000000000000000e+00,0.000000000000000000e+00,0.000000000000000000e+00,0.000000000000000000e+00,0.000000000000000000e+00,0.000000000000000000e+00,0.000000000000000000e+00,0.000000000000000000e+00,0.000000000000000000e+00,0.000000000000000000e+00,0.000000000000000000e+00,0.000000000000000000e+00,0.000000000000000000e+00,0.000000000000000000e+00,0.000000000000000000e+00,0.000000000000000000e+00,0.000000000000000000e+00,0.000000000000000000e+00,0.000000000000000000e+00,0.000000000000000000e+00,0.000000000000000000e+00,0.000000000000000000e+00,0.000000000000000000e+00,0.000000000000000000e+00,0.000000000000000000e+00,0.000000000000000000e+00,0.000000000000000000e+00,0.000000000000000000e+00,0.000000000000000000e+00,0.000000000000000000e+00,0.000000000000000000e+00,0.000000000000000000e+00,0.000000000000000000e+00,0.000000000000000000e+00,0.000000000000000000e+00,0.000000000000000000e+00,0.000000000000000000e+00,0.000000000000000000e+00,0.000000000000000000e+00,0.000000000000000000e+00,0.000000000000000000e+00,0.000000000000000000e+00,0.000000000000000000e+00,0.000000000000000000e+00,0.000000000000000000e+00,0.000000000000000000e+00,0.000000000000000000e+00,0.000000000000000000e+00,0.000000000000000000e+00,0.000000000000000000e+00,0.000000000000000000e+00,0.000000000000000000e+00,0.000000000000000000e+00,0.000000000000000000e+00,0.000000000000000000e+00,0.000000000000000000e+00,0.000000000000000000e+00,0.000000000000000000e+00,0.000000000000000000e+00,0.000000000000000000e+00,0.000000000000000000e+00,0.000000000000000000e+00,0.000000000000000000e+00,0.000000000000000000e+00,0.000000000000000000e+00,0.000000000000000000e+00,0.000000000000000000e+00,0.000000000000000000e+00,0.000000000000000000e+00,0.000000000000000000e+00,0.000000000000000000e+00,0.000000000000000000e+00,0.000000000000000000e+00,0.000000000000000000e+00,0.000000000000000000e+00,0.000000000000000000e+00,0.000000000000000000e+00,0.000000000000000000e+00,0.000000000000000000e+00,0.000000000000000000e+00,0.000000000000000000e+00,0.000000000000000000e+00,0.000000000000000000e+00,0.000000000000000000e+00,0.000000000000000000e+00,0.000000000000000000e+00,0.000000000000000000e+00,0.000000000000000000e+00,0.000000000000000000e+00,0.000000000000000000e+00,0.000000000000000000e+00,0.000000000000000000e+00,0.000000000000000000e+00,0.000000000000000000e+00,0.000000000000000000e+00,0.000000000000000000e+00,0.000000000000000000e+00,0.000000000000000000e+00,0.000000000000000000e+00,0.000000000000000000e+00,0.000000000000000000e+00,0.000000000000000000e+00,0.000000000000000000e+00,0.000000000000000000e+00,0.000000000000000000e+00,0.000000000000000000e+00,0.000000000000000000e+00,0.000000000000000000e+00,0.000000000000000000e+00,0.000000000000000000e+00,0.000000000000000000e+00,0.000000000000000000e+00
RPM,0.000000000000000000e+00,0.000000000000000000e+00,0.000000000000000000e+00,0.000000000000000000e+00,0.000000000000000000e+00,0.000000000000000000e+00,0.000000000000000000e+00,0.000000000000000000e+00,0.000000000000000000e+00,0.000000000000000000e+00,0.000000000000000000e+00,0.000000000000000000e+00,0.000000000000000000e+00,0.000000000000000000e+00,0.000000000000000000e+00,0.000000000000000000e+00,0.000000000000000000e+00,0.000000000000000000e+00,0.000000000000000000e+00,0.000000000000000000e+00,0.000000000000000000e+00,0.000000000000000000e+00,0.000000000000000000e+00,0.000000000000000000e+00,0.000000000000000000e+00,0.000000000000000000e+00,0.000000000000000000e+00,0.000000000000000000e+00,0.000000000000000000e+00,0.000000000000000000e+00,0.000000000000000000e+00,0.000000000000000000e+00,0.000000000000000000e+00,0.000000000000000000e+00,0.000000000000000000e+00,0.000000000000000000e+00,0.000000000000000000e+00,0.000000000000000000e+00,0.000000000000000000e+00,0.000000000000000000e+00,0.000000000000000000e+00,0.000000000000000000e+00,0.000000000000000000e+00,0.000000000000000000e+00,0.000000000000000000e+00,0.000000000000000000e+00,0.000000000000000000e+00,0.000000000000000000e+00,0.000000000000000000e+00,0.000000000000000000e+00,0.000000000000000000e+00,0.000000000000000000e+00,0.000000000000000000e+00,0.000000000000000000e+00,0.000000000000000000e+00,0.000000000000000000e+00,0.000000000000000000e+00,0.000000000000000000e+00,0.000000000000000000e+00,0.000000000000000000e+00,0.000000000000000000e+00,0.000000000000000000e+00,0.000000000000000000e+00,0.000000000000000000e+00,0.000000000000000000e+00,0.000000000000000000e+00,0.000000000000000000e+00,0.000000000000000000e+00,0.000000000000000000e+00,0.000000000000000000e+00,0.000000000000000000e+00,0.000000000000000000e+00,0.000000000000000000e+00,0.000000000000000000e+00,0.000000000000000000e+00,0.000000000000000000e+00,0.000000000000000000e+00,0.000000000000000000e+00,0.000000000000000000e+00,0.000000000000000000e+00,0.000000000000000000e+00,0.000000000000000000e+00,0.000000000000000000e+00,0.000000000000000000e+00,0.000000000000000000e+00,0.000000000000000000e+00,0.000000000000000000e+00,0.000000000000000000e+00,0.000000000000000000e+00,0.000000000000000000e+00,0.000000000000000000e+00,0.000000000000000000e+00,0.000000000000000000e+00,0.000000000000000000e+00,0.000000000000000000e+00,0.000000000000000000e+00,0.000000000000000000e+00,0.000000000000000000e+00,0.000000000000000000e+00,0.000000000000000000e+00,0.000000000000000000e+00,0.000000000000000000e+00,0.000000000000000000e+00,0.000000000000000000e+00,0.000000000000000000e+00,0.000000000000000000e+00,0.000000000000000000e+00,0.000000000000000000e+00,0.000000000000000000e+00,0.000000000000000000e+00,0.000000000000000000e+00,0.000000000000000000e+00,0.000000000000000000e+00,0.000000000000000000e+00,0.000000000000000000e+00,0.000000000000000000e+00,0.000000000000000000e+00,0.000000000000000000e+00,0.000000000000000000e+00,0.000000000000000000e+00,0.000000000000000000e+00,0.000000000000000000e+00,0.000000000000000000e+00,0.000000000000000000e+00,0.000000000000000000e+00,0.000000000000000000e+00,0.000000000000000000e+00,0.000000000000000000e+00,0.000000000000000000e+00,0.000000000000000000e+00,0.000000000000000000e+00,0.000000000000000000e+00
SoverB,2.146999999999999950e-02,4.293999999999999900e-02,6.440999999999999504e-02,8.587000000000000188e-02,1.073400000000000049e-01,1.288100000000000078e-01,1.502799999999999969e-01,1.717500000000000138e-01,1.932200000000000029e-01,2.146899999999999920e-01,2.361499999999999988e-01,2.576200000000000156e-01,2.733400000000000274e-01,2.790900000000000047e-01,3.345500000000000140e-01,3.900100000000000233e-01,4.454600000000000226e-01,5.009200000000000319e-01,5.563700000000000312e-01,6.118200000000000305e-01,6.672799999999999843e-01,7.227299999999999836e-01,7.781900000000000484e-01,8.336400000000000476e-01,8.890900000000000469e-01,9.445500000000000007e-01,1.000000000000000000e+00,2.146999999999999950e-02,4.293999999999999900e-02,6.440999999999999504e-02,8.587000000000000188e-02,1.073400000000000049e-01,1.288100000000000078e-01,1.502799999999999969e-01,1.717500000000000138e-01,1.932200000000000029e-01,2.146899999999999920e-01,2.361499999999999988e-01,2.576200000000000156e-01,2.733400000000000274e-01,2.790900000000000047e-01,3.345500000000000140e-01,3.900100000000000233e-01,4.454600000000000226e-01,5.009200000000000319e-01,5.563700000000000312e-01,6.118200000000000305e-01,6.672799999999999843e-01,7.227299999999999836e-01,7.781900000000000484e-01,8.336400000000000476e-01,8.890900000000000469e-01,9.445500000000000007e-01,1.000000000000000000e+00,7.692000000000000226e-02,1.538499999999999868e-01,2.307700000000000029e-01,3.076900000000000190e-01,3.846200000000000174e-01,4.615400000000000058e-01,5.384600000000000497e-01,6.153800000000000381e-01,6.923099999999999810e-01,7.692299999999999693e-01,8.461499999999999577e-01,9.230800000000000116e-01,1.000000000000000000e+00,7.692000000000000226e-02,1.538499999999999868e-01,2.307700000000000029e-01,3.076900000000000190e-01,3.846200000000000174e-01,4.615400000000000058e-01,5.384600000000000497e-01,6.153800000000000381e-01,6.923099999999999810e-01,7.692299999999999693e-01,8.461499999999999577e-01,9.230800000000000116e-01,1.000000000000000000e+00,2.025000000000000064e-02,4.050000000000000128e-02,6.076000000000000151e-02,8.100999999999999868e-02,1.012600000000000028e-01,1.215100000000000069e-01,1.417599999999999971e-01,1.620199999999999974e-01,1.822699999999999876e-01,2.025200000000000056e-01,2.227699999999999958e-01,2.430299999999999960e-01,2.632800000000000140e-01,3.199500000000000122e-01,3.766200000000000103e-01,4.332900000000000085e-01,4.899600000000000066e-01,5.466299999999999493e-01,6.032999999999999474e-01,6.599699999999999456e-01,7.166500000000000092e-01,7.733200000000000074e-01,8.299900000000000055e-01,8.866600000000000037e-01,9.433300000000000018e-01,1.000000000000000000e+00,2.025000000000000064e-02,4.050000000000000128e-02,6.076000000000000151e-02,8.100999999999999868e-02,1.012600000000000028e-01,1.215100000000000069e-01,1.417599999999999971e-01,1.620199999999999974e-01,1.822699999999999876e-01,2.025200000000000056e-01,2.227699999999999958e-01,2.430299999999999960e-01,2.632800000000000140e-01,3.199500000000000122e-01,3.766200000000000103e-01,4.332900000000000085e-01,4.899600000000000066e-01,5.466299999999999493e-01,6.032999999999999474e-01,6.599699999999999456e-01,7.166500000000000092e-01,7.733200000000000074e-01,8.299900000000000055e-01,8.866600000000000037e-01,9.433300000000000018e-01,1.000000000000000000e+00
StallFact,1.000000000000000000e+00,1.000000000000000000e+00,1.000000000000000000e+00,1.000000000000000000e+00,1.000000000000000000e+00,1.000000000000000000e+00,1.000000000000000000e+00,1.000000000000000000e+00,1.000000000000000000e+00,1.000000000000000000e+00,1.000000000000000000e+00,1.000000000000000000e+00,1.000000000000000000e+00,1.000000000000000000e+00,1.000000000000000000e+00,1.000000000000000000e+00,1.000000000000000000e+00,1.000000000000000000e+00,1.000000000000000000e+00,1.000000000000000000e+00,1.000000000000000000e+00,1.000000000000000000e+00,1.000000000000000000e+00,1.000000000000000000e+00,1.000000000000000000e+00,1.000000000000000000e+00,1.000000000000000000e+00,1.000000000000000000e+00,1.000000000000000000e+00,1.000000000000000000e+00,1.000000000000000000e+00,1.000000000000000000e+00,1.000000000000000000e+00,1.000000000000000000e+00,1.000000000000000000e+00,1.000000000000000000e+00,1.000000000000000000e+00,1.000000000000000000e+00,1.000000000000000000e+00,1.000000000000000000e+00,1.000000000000000000e+00,1.000000000000000000e+00,1.000000000000000000e+00,1.000000000000000000e+00,1.000000000000000000e+00,1.000000000000000000e+00,1.000000000000000000e+00,1.000000000000000000e+00,1.000000000000000000e+00,1.000000000000000000e+00,1.000000000000000000e+00,1.000000000000000000e+00,1.000000000000000000e+00,1.000000000000000000e+00,1.000000000000000000e+00,1.000000000000000000e+00,1.000000000000000000e+00,1.000000000000000000e+00,1.000000000000000000e+00,1.000000000000000000e+00,1.000000000000000000e+00,1.000000000000000000e+00,1.000000000000000000e+00,1.000000000000000000e+00,1.000000000000000000e+00,1.000000000000000000e+00,1.000000000000000000e+00,1.000000000000000000e+00,1.000000000000000000e+00,1.000000000000000000e+00,1.000000000000000000e+00,1.000000000000000000e+00,1.000000000000000000e+00,1.000000000000000000e+00,1.000000000000000000e+00,1.000000000000000000e+00,1.000000000000000000e+00,1.000000000000000000e+00,1.000000000000000000e+00,1.000000000000000000e+00,1.000000000000000000e+00,1.000000000000000000e+00,1.000000000000000000e+00,1.000000000000000000e+00,1.000000000000000000e+00,1.000000000000000000e+00,1.000000000000000000e+00,1.000000000000000000e+00,1.000000000000000000e+00,1.000000000000000000e+00,1.000000000000000000e+00,1.000000000000000000e+00,1.000000000000000000e+00,1.000000000000000000e+00,1.000000000000000000e+00,1.000000000000000000e+00,1.000000000000000000e+00,1.000000000000000000e+00,1.000000000000000000e+00,1.000000000000000000e+00,1.000000000000000000e+00,1.000000000000000000e+00,1.000000000000000000e+00,1.000000000000000000e+00,1.000000000000000000e+00,1.000000000000000000e+00,1.000000000000000000e+00,1.000000000000000000e+00,1.000000000000000000e+00,1.000000000000000000e+00,1.000000000000000000e+00,1.000000000000000000e+00,1.000000000000000000e+00,1.000000000000000000e+00,1.000000000000000000e+00,1.000000000000000000e+00,1.000000000000000000e+00,1.000000000000000000e+00,1.000000000000000000e+00,1.000000000000000000e+00,1.000000000000000000e+00,1.000000000000000000e+00,1.000000000000000000e+00,1.000000000000000000e+00,1.000000000000000000e+00,1.000000000000000000e+00,1.000000000000000000e+00,1.000000000000000000e+00,1.000000000000000000e+00,1.000000000000000000e+00,1.000000000000000000e+00,1.000000000000000000e+00
Thrust,0.000000000000000000e+00,0.000000000000000000e+00,0.000000000000000000e+00,0.000000000000000000e+00,0.000000000000000000e+00,0.000000000000000000e+00,0.000000000000000000e+00,0.000000000000000000e+00,0.000000000000000000e+00,0.000000000000000000e+00,0.000000000000000000e+00,0.000000000000000000e+00,0.000000000000000000e+00,0.000000000000000000e+00,0.000000000000000000e+00,0.000000000000000000e+00,0.000000000000000000e+00,0.000000000000000000e+00,0.000000000000000000e+00,0.000000000000000000e+00,0.000000000000000000e+00,0.000000000000000000e+00,0.000000000000000000e+00,0.000000000000000000e+00,0.000000000000000000e+00,0.000000000000000000e+00,0.000000000000000000e+00,0.000000000000000000e+00,0.000000000000000000e+00,0.000000000000000000e+00,0.000000000000000000e+00,0.000000000000000000e+00,0.000000000000000000e+00,0.000000000000000000e+00,0.000000000000000000e+00,0.000000000000000000e+00,0.000000000000000000e+00,0.000000000000000000e+00,0.000000000000000000e+00,0.000000000000000000e+00,0.000000000000000000e+00,0.000000000000000000e+00,0.000000000000000000e+00,0.000000000000000000e+00,0.000000000000000000e+00,0.000000000000000000e+00,0.000000000000000000e+00,0.000000000000000000e+00,0.000000000000000000e+00,0.000000000000000000e+00,0.000000000000000000e+00,0.000000000000000000e+00,0.000000000000000000e+00,0.000000000000000000e+00,0.000000000000000000e+00,0.000000000000000000e+00,0.000000000000000000e+00,0.000000000000000000e+00,0.000000000000000000e+00,0.000000000000000000e+00,0.000000000000000000e+00,0.000000000000000000e+00,0.000000000000000000e+00,0.000000000000000000e+00,0.000000000000000000e+00,0.000000000000000000e+00,0.000000000000000000e+00,0.000000000000000000e+00,0.000000000000000000e+00,0.000000000000000000e+00,0.000000000000000000e+00,0.000000000000000000e+00,0.000000000000000000e+00,0.000000000000000000e+00,0.000000000000000000e+00,0.000000000000000000e+00,0.000000000000000000e+00,0.000000000000000000e+00,0.000000000000000000e+00,0.000000000000000000e+00,0.000000000000000000e+00,0.000000000000000000e+00,0.000000000000000000e+00,0.000000000000000000e+00,0.000000000000000000e+00,0.000000000000000000e+00,0.000000000000000000e+00,0.000000000000000000e+00,0.000000000000000000e+00,0.000000000000000000e+00,0.000000000000000000e+00,0.000000000000000000e+00,0.000000000000000000e+00,0.000000000000000000e+00,0.000000000000000000e+00,0.000000000000000000e+00,0.000000000000000000e+00,0.000000000000000000e+00,0.000000000000000000e+00,0.000000000000000000e+00,0.000000000000000000e+00,0.000000000000000000e+00,0.000000000000000000e+00,0.000000000000000000e+00,0.000000000000000000e+00,0.000000000000000000e+00,0.000000000000000000e+00,0.000000000000000000e+00,0.000000000000000000e+00,0.000000000000000000e+00,0.000000000000000000e+00,0.000000000000000000e+00,0.000000000000000000e+00,0.000000000000000000e+00,0.000000000000000000e+00,0.000000000000000000e+00,0.000000000000000000e+00,0.000000000000000000e+00,0.000000000000000000e+00,0.000000000000000000e+00,0.000000000000000000e+00,0.000000000000000000e+00,0.000000000000000000e+00,0.000000000000000000e+00,0.000000000000000000e+00,0.000000000000000000e+00,0.000000000000000000e+00,0.000000000000000000e+00,0.000000000000000000e+00,0.000000000000000000e+00,0.000000000000000000e+00,0.000000000000000000e+00
Thrusti,0.000000000000000000e+00,0.000000000000000000e+00,0.000000000000000000e+00,0.000000000000000000e+00,0.000000000000000000e+00,0.000000000000000000e+00,0.000000000000000000e+00,0.000000000000000000e+00,0.000000000000000000e+00,0.000000000000000000e+00,0.000000000000000000e+00,0.000000000000000000e+00,0.000000000000000000e+00,0.000000000000000000e+00,0.000000000000000000e+00,0.000000000000000000e+00,0.000000000000000000e+00,0.000000000000000000e+00,0.000000000000000000e+00,0.000000000000000000e+00,0.000000000000000000e+00,0.000000000000000000e+00,0.000000000000000000e+00,0.000000000000000000e+00,0.000000000000000000e+00,0.000000000000000000e+00,0.000000000000000000e+00,0.000000000000000000e+00,0.000000000000000000e+00,0.000000000000000000e+00,0.000000000000000000e+00,0.000000000000000000e+00,0.000000000000000000e+00,0.000000000000000000e+00,0.000000000000000000e+00,0.000000000000000000e+00,0.000000000000000000e+00,0.000000000000000000e+00,0.000000000000000000e+00,0.000000000000000000e+00,0.000000000000000000e+00,0.000000000000000000e+00,0.000000000000000000e+00,0.000000000000000000e+00,0.000000000000000000e+00,0.000000000000000000e+00,0.000000000000000000e+00,0.000000000000000000e+00,0.000000000000000000e+00,0.000000000000000000e+00,0.000000000000000000e+00,0.000000000000000000e+00,0.000000000000000000e+00,0.000000000000000000e+00,0.000000000000000000e+00,0.000000000000000000e+00,0.000000000000000000e+00,0.000000000000000000e+00,0.000000000000000000e+00,0.000000000000000000e+00,0.000000000000000000e+00,0.000000000000000000e+00,0.000000000000000000e+00,0.000000000000000000e+00,0.000000000000000000e+00,0.000000000000000000e+00,0.000000000000000000e+00,0.000000000000000000e+00,0.000000000000000000e+00,0.000000000000000000e+00,0.000000000000000000e+00,0.000000000000000000e+00,0.000000000000000000e+00,0.000000000000000000e+00,0.000000000000000000e+00,0.000000000000000000e+00,0.000000000000000000e+00,0.000000000000000000e+00,0.000000000000000000e+00,0.000000000000000000e+00,0.000000000000000000e+00,0.000000000000000000e+00,0.000000000000000000e+00,0.000000000000000000e+00,0.000000000000000000e+00,0.000000000000000000e+00,0.000000000000000000e+00,0.000000000000000000e+00,0.000000000000000000e+00,0.000000000000000000e+00,0.000000000000000000e+00,0.000000000000000000e+00,0.000000000000000000e+00,0.000000000000000000e+00,0.000000000000000000e+00,0.000000000000000000e+00,0.000000000000000000e+00,0.000000000000000000e+00,0.000000000000000000e+00,0.000000000000000000e+00,0.000000000000000000e+00,0.000000000000000000e+00,0.000000000000000000e+00,0.000000000000000000e+00,0.000000000000000000e+00,0.000000000000000000e+00,0.000000000000000000e+00,0.000000000000000000e+00,0.000000000000000000e+00,0.000000000000000000e+00,0.000000000000000000e+00,0.000000000000000000e+00,0.000000000000000000e+00,0.000000000000000000e+00,0.000000000000000000e+00,0.000000000000000000e+00,0.000000000000000000e+00,0.000000000000000000e+00,0.000000000000000000e+00,0.000000000000000000e+00,0.000000000000000000e+00,0.000000000000000000e+00,0.000000000000000000e+00,0.000000000000000000e+00,0.000000000000000000e+00,0.000000000000000000e+00,0.000000000000000000e+00,0.000000000000000000e+00,0.000000000000000000e+00,0.000000000000000000e+00,0.000000000000000000e+00,0.000000000000000000e+00
Thrusto,0.000000000000000000e+00,0.000000000000000000e+00,0.000000000000000000e+00,0.000000000000000000e+00,0.000000000000000000e+00,0.000000000000000000e+00,0.000000000000000000e+00,0.000000000000000000e+00,0.000000000000000000e+00,0.000000000000000000e+00,0.000000000000000000e+00,0.000000000000000000e+00,0.000000000000000000e+00,0.000000000000000000e+00,0.000000000000000000e+00,0.000000000000000000e+00,0.000000000000000000e+00,0.000000000000000000e+00,0.000000000000000000e+00,0.000000000000000000e+00,0.000000000000000000e+00,0.000000000000000000e+00,0.000000000000000000e+00,0.000000000000000000e+00,0.000000000000000000e+00,0.000000000000000000e+00,0.000000000000000000e+00,0.000000000000000000e+00,0.000000000000000000e+00,0.000000000000000000e+00,0.000000000000000000e+00,0.000000000000000000e+00,0.000000000000000000e+00,0.000000000000000000e+00,0.000000000000000000e+00,0.000000000000000000e+00,0.000000000000000000e+00,0.000000000000000000e+00,0.000000000000000000e+00,0.000000000000000000e+00,0.000000000000000000e+00,0.000000000000000000e+00,0.000000000000000000e+00,0.000000000000000000e+00,0.000000000000000000e+00,0.000000000000000000e+00,0.000000000000000000e+00,0.000000000000000000e+00,0.000000000000000000e+00,0.000000000000000000e+00,0.000000000000000000e+00,0.000000000000000000e+00,0.000000000000000000e+00,0.000000000000000000e+00,0.000000000000000000e+00,0.000000000000000000e+00,0.000000000000000000e+00,0.000000000000000000e+00,0.000000000000000000e+00,0.000000000000000000e+00,0.000000000000000000e+00,0.000000000000000000e+00,0.000000000000000000e+00,0.000000000000000000e+00,0.000000000000000000e+00,0.000000000000000000e+00,0.000000000000000000e+00,0.000000000000000000e+00,0.000000000000000000e+00,0.000000000000000000e+00,0.000000000000000000e+00,0.000000000000000000e+00,0.000000000000000000e+00,0.000000000000000000e+00,0.000000000000000000e+00,0.000000000000000000e+00,0.000000000000000000e+00,0.000000000000000000e+00,0.000000000000000000e+00,0.000000000000000000e+00,0.000000000000000000e+00,0.000000000000000000e+00,0.000000000000000000e+00,0.000000000000000000e+00,0.000000000000000000e+00,0.000000000000000000e+00,0.000000000000000000e+00,0.000000000000000000e+00,0.000000000000000000e+00,0.000000000000000000e+00,0.000000000000000000e+00,0.000000000000000000e+00,0.000000000000000000e+00,0.000000000000000000e+00,0.000000000000000000e+00,0.000000000000000000e+00,0.000000000000000000e+00,0.000000000000000000e+00,0.000000000000000000e+00,0.000000000000000000e+00,0.000000000000000000e+00,0.000000000000000000e+00,0.000000000000000000e+00,0.000000000000000000e+00,0.000000000000000000e+00,0.000000000000000000e+00,0.000000000000000000e+00,0.000000000000000000e+00,0.000000000000000000e+00,0.000000000000000000e+00,0.000000000000000000e+00,0.000000000000000000e+00,0.000000000000000000e+00,0.000000000000000000e+00,0.000000000000000000e+00,0.000000000000000000e+00,0.000000000000000000e+00,0.000000000000000000e+00,0.000000000000000000e+00,0.000000000000000000e+00,0.000000000000000000e+00,0.000000000000000000e+00,0.000000000000000000e+00,0.000000000000000000e+00,0.000000000000000000e+00,0.000000000000000000e+00,0.000000000000000000e+00,0.000000000000000000e+00,0.000000000000000000e+00,0.000000000000000000e+00,0.000000000000000000e+00,0.000000000000000000e+00
TrailVort,1,2,3,4,5,6,7,8,9,10,11,12,13,14,15,16,17,18,19,20,21,22,23,24,25,26,27,1,2,3,4,5,6,7,8,9,10,11,12,13,14,15,16,17,18,19,20,21,22,23,24,25,26,27,1,2,3,4,5,6,7,8,9,10,11,12,13,1,2,3,4,5,6,7,8,9,10,11,12,13,1,2,3,4,5,6,7,8,9,10,11,12,13,14,15,16,17,18,19,20,21,22,23,24,25,26,1,2,3,4,5,6,7,8,9,10,11,12,13,14,15,16,17,18,19,20,21,22,23,24,25,26
Unsteady,0
V/Vref,1.000000000000000000e+00,1.000000000000000000e+00,1.000000000000000000e+00,1.000000000000000000e+00,1.000000000000000000e+00,1.000000000000000000e+00,1.000000000000000000e+00,1.000000000000000000e+00,1.000000000000000000e+00,1.000000000000000000e+00,1.000000000000000000e+00,1.000000000000000000e+00,1.000000000000000000e+00,1.000000000000000000e+00,1.000000000000000000e+00,1.000000000000000000e+00,1.000000000000000000e+00,1.000000000000000000e+00,1.000000000000000000e+00,1.000000000000000000e+00,1.000000000000000000e+00,1.000000000000000000e+00,1.000000000000000000e+00,1.000000000000000000e+00,1.000000000000000000e+00,1.000000000000000000e+00,1.000000000000000000e+00,1.000000000000000000e+00,1.000000000000000000e+00,1.000000000000000000e+00,1.000000000000000000e+00,1.000000000000000000e+00,1.000000000000000000e+00,1.000000000000000000e+00,1.000000000000000000e+00,1.000000000000000000e+00,1.000000000000000000e+00,1.000000000000000000e+00,1.000000000000000000e+00,1.000000000000000000e+00,1.000000000000000000e+00,1.000000000000000000e+00,1.000000000000000000e+00,1.000000000000000000e+00,1.000000000000000000e+00,1.000000000000000000e+00,1.000000000000000000e+00,1.000000000000000000e+00,1.000000000000000000e+00,1.000000000000000000e+00,1.000000000000000000e+00,1.000000000000000000e+00,1.000000000000000000e+00,1.000000000000000000e+00,1.000000000000000000e+00,1.000000000000000000e+00,1.000000000000000000e+00,1.000000000000000000e+00,1.000000000000000000e+00,1.000000000000000000e+00,1.000000000000000000e+00,1.000000000000000000e+00,1.000000000000000000e+00,1.000000000000000000e+00,1.000000000000000000e+00,1.000000000000000000e+00,1.000000000000000000e+00,1.000000000000000000e+00,1.000000000000000000e+00,1.000000000000000000e+00,1.000000000000000000e+00,1.000000000000000000e+00,1.000000000000000000e+00,1.000000000000000000e+00,1.000000000000000000e+00,1.000000000000000000e+00,1.000000000000000000e+00,1.000000000000000000e+00,1.000000000000000000e+00,1.000000000000000000e+00,1.000000000000000000e+00,1.000000000000000000e+00,1.000000000000000000e+00,1.000000000000000000e+00,1.000000000000000000e+00,1.000000000000000000e+00,1.000000000000000000e+00,1.000000000000000000e+00,1.000000000000000000e+00,1.000000000000000000e+00,1.000000000000000000e+00,1.000000000000000000e+00,1.000000000000000000e+00,1.000000000000000000e+00,1.000000000000000000e+00,1.000000000000000000e+00,1.000000000000000000e+00,1.000000000000000000e+00,1.000000000000000000e+00,1.000000000000000000e+00,1.000000000000000000e+00,1.000000000000000000e+00,1.000000000000000000e+00,1.000000000000000000e+00,1.000000000000000000e+00,1.000000000000000000e+00,1.000000000000000000e+00,1.000000000000000000e+00,1.000000000000000000e+00,1.000000000000000000e+00,1.000000000000000000e+00,1.000000000000000000e+00,1.000000000000000000e+00,1.000000000000000000e+00,1.000000000000000000e+00,1.000000000000000000e+00,1.000000000000000000e+00,1.000000000000000000e+00,1.000000000000000000e+00,1.000000000000000000e+00,1.000000000000000000e+00,1.000000000000000000e+00,1.000000000000000000e+00,1.000000000000000000e+00,1.000000000000000000e+00,1.000000000000000000e+00,1.000000000000000000e+00,1.000000000000000000e+00,1.000000000000000000e+00,1.000000000000000000e+00,1.000000000000000000e+00,1.000000000000000000e+00
VortexSheet,1,1,1,1,1,1,1,1,1,1,1,1,1,1,1,1,1,1,1,1,1,1,1,1,1,1,1,2,2,2,2,2,2,2,2,2,2,2,2,2,2,2,2,2,2,2,2,2,2,2,2,2,2,2,3,3,3,3,3,3,3,3,3,3,3,3,3,4,4,4,4,4,4,4,4,4,4,4,4,4,5,5,5,5,5,5,5,5,5,5,5,5,5,5,5,5,5,5,5,5,5,5,5,5,5,5,6,6,6,6,6,6,6,6,6,6,6,6,6,6,6,6,6,6,6,6,6,6,6,6,6,6
Xavg,4.078730000000000189e+01,4.078164999999999907e+01,4.077600000000000335e+01,4.077033999999999736e+01,4.076469000000000165e+01,4.075903999999999883e+01,4.075337999999999994e+01,4.074772999999999712e+01,4.074208000000000141e+01,4.073642999999999859e+01,4.073076999999999970e+01,4.072511999999999688e+01,4.072023000000000081e+01,4.071739999999999782e+01,4.081067000000000178e+01,4.099871000000000265e+01,4.118675000000000352e+01,4.137478999999999729e+01,4.156282999999999817e+01,4.175086000000000297e+01,4.193889000000000067e+01,4.212691999999999837e+01,4.231495000000000317e+01,4.250298000000000087e+01,4.269102000000000174e+01,4.287904999999999944e+01,4.306707999999999714e+01,4.078730000000000189e+01,4.078164999999999907e+01,4.077600000000000335e+01,4.077033999999999736e+01,4.076469000000000165e+01,4.075903999999999883e+01,4.075337999999999994e+01,4.074772999999999712e+01,4.074208000000000141e+01,4.073642999999999859e+01,4.073076999999999970e+01,4.072511999999999688e+01,4.072023000000000081e+01,4.071739999999999782e+01,4.081067000000000178e+01,4.099871000000000265e+01,4.118675000000000352e+01,4.137478999999999729e+01,4.156282999999999817e+01,4.175086000000000297e+01,4.193889000000000067e+01,4.212691999999999837e+01,4.231495000000000317e+01,4.250298000000000087e+01,4.269102000000000174e+01,4.287904999999999944e+01,4.306707999999999714e+01,5.230899999999999750e+01,5.254475999999999658e+01,5.278052000000000277e+01,5.301628000000000185e+01,5.325204000000000093e+01,5.348780000000000001e+01,5.372355999999999909e+01,5.395931999999999817e+01,5.419507000000000119e+01,5.443083000000000027e+01,5.466658999999999935e+01,5.490234999999999843e+01,5.513810999999999751e+01,5.230899999999999750e+01,5.254475999999999658e+01,5.278052000000000277e+01,5.301628000000000185e+01,5.325204000000000093e+01,5.348780000000000001e+01,5.372355999999999909e+01,5.395931999999999817e+01,5.419507000000000119e+01,5.443083000000000027e+01,5.466658999999999935e+01,5.490234999999999843e+01,5.513810999999999751e+01,4.876758999999999844e+01,4.878065000000000140e+01,4.879372000000000043e+01,4.880678000000000338e+01,4.881985000000000241e+01,4.883290999999999826e+01,4.884597999999999729e+01,4.885904000000000025e+01,4.887210999999999927e+01,4.888517000000000223e+01,4.889824000000000126e+01,4.891129999999999711e+01,4.892437000000000324e+01,4.893842999999999677e+01,4.895349999999999824e+01,4.896855999999999653e+01,4.898362000000000194e+01,4.899869000000000341e+01,4.901375000000000171e+01,4.902881000000000000e+01,4.904388000000000147e+01,4.905893999999999977e+01,4.907399999999999807e+01,4.908906000000000347e+01,4.910412999999999784e+01,4.911919000000000324e+01,4.876758999999999844e+01,4.878065000000000140e+01,4.879372000000000043e+01,4.880678000000000338e+01,4.881985000000000241e+01,4.883290999999999826e+01,4.884597999999999729e+01,4.885904000000000025e+01,4.887210999999999927e+01,4.888517000000000223e+01,4.889824000000000126e+01,4.891129999999999711e+01,4.892437000000000324e+01,4.893842999999999677e+01,4.895349999999999824e+01,4.896855999999999653e+01,4.898362000000000194e+01,4.899869000000000341e+01,4.901375000000000171e+01,4.902881000000000000e+01,4.904388000000000147e+01,4.905893999999999977e+01,4.907399999999999807e+01,4.908906000000000347e+01,4.910412999999999784e+01,4.911919000000000324e+01
Yavg,1.183519999999999905e+00,1.550550000000000095e+00,1.917580000000000062e+00,2.284609999999999808e+00,2.651639999999999997e+00,3.018679999999999808e+00,3.385709999999999997e+00,3.752740000000000187e+00,4.119769999999999932e+00,4.486799999999999677e+00,4.853839999999999932e+00,5.220869999999999678e+00,5.538730000000000153e+00,5.722240000000000215e+00,6.245479999999999698e+00,7.193599999999999994e+00,8.141700000000000159e+00,9.089779999999999305e+00,1.003785000000000061e+01,1.098592000000000013e+01,1.193397000000000041e+01,1.288202000000000069e+01,1.383005999999999958e+01,1.477810999999999986e+01,1.572615000000000052e+01,1.667419999999999902e+01,1.762226000000000070e+01,-1.183519999999999905e+00,-1.550550000000000095e+00,-1.917580000000000062e+00,-2.284609999999999808e+00,-2.651639999999999997e+00,-3.018679999999999808e+00,-3.385709999999999997e+00,-3.752740000000000187e+00,-4.119769999999999932e+00,-4.486799999999999677e+00,-4.853839999999999932e+00,-5.220869999999999678e+00,-5.538730000000000153e+00,-5.722240000000000215e+00,-6.245479999999999698e+00,-7.193599999999999994e+00,-8.141700000000000159e+00,-9.089779999999999305e+00,-1.003785000000000061e+01,-1.098592000000000013e+01,-1.193397000000000041e+01,-1.288202000000000069e+01,-1.383005999999999958e+01,-1.477810999999999986e+01,-1.572615000000000052e+01,-1.667419999999999902e+01,-1.762226000000000070e+01,6.142409999999999926e+00,6.623940000000000161e+00,7.105480000000000018e+00,7.587010000000000254e+00,8.068550000000000111e+00,8.550079999999999458e+00,9.031620000000000203e+00,9.513149999999999551e+00,9.994690000000000296e+00,1.047621999999999964e+01,1.095776000000000039e+01,1.143928999999999974e+01,1.192083000000000048e+01,-6.142409999999999926e+00,-6.623940000000000161e+00,-7.105480000000000018e+00,-7.587010000000000254e+00,-8.068550000000000111e+00,-8.550079999999999458e+00,-9.031620000000000203e+00,-9.513149999999999551e+00,-9.994690000000000296e+00,-1.047621999999999964e+01,-1.095776000000000039e+01,-1.143928999999999974e+01,-1.192083000000000048e+01,5.665740000000000443e+00,5.685749999999999638e+00,5.705750000000000099e+00,5.725760000000000183e+00,5.745759999999999756e+00,5.765769999999999840e+00,5.785779999999999923e+00,5.805780000000000385e+00,5.825789999999999580e+00,5.845790000000000042e+00,5.865800000000000125e+00,5.885810000000000208e+00,5.905809999999999782e+00,5.943810000000000038e+00,5.999789999999999957e+00,6.055769999999999875e+00,6.111749999999999794e+00,6.167729999999999713e+00,6.223709999999999631e+00,6.279690000000000438e+00,6.335679999999999978e+00,6.391659999999999897e+00,6.447639999999999816e+00,6.503619999999999735e+00,6.559599999999999653e+00,6.615579999999999572e+00,-5.665740000000000443e+00,-5.685749999999999638e+00,-5.705750000000000099e+00,-5.725760000000000183e+00,-5.745759999999999756e+00,-5.765769999999999840e+00,-5.785779999999999923e+00,-5.805780000000000385e+00,-5.825789999999999580e+00,-5.845790000000000042e+00,-5.865800000000000125e+00,-5.885810000000000208e+00,-5.905809999999999782e+00,-5.943810000000000038e+00,-5.999789999999999957e+00,-6.055769999999999875e+00,-6.111749999999999794e+00,-6.167729999999999713e+00,-6.223709999999999631e+00,-6.279690000000000438e+00,-6.335679999999999978e+00,-6.391659999999999897e+00,-6.447639999999999816e+00,-6.503619999999999735e+00,-6.559599999999999653e+00,-6.615579999999999572e+00
Zavg,4.002200000000000202e-01,3.809799999999999853e-01,3.617500000000000160e-01,3.425099999999999811e-01,3.232800000000000118e-01,3.040399999999999769e-01,2.848100000000000076e-01,2.655699999999999728e-01,2.463400000000000034e-01,2.270999999999999963e-01,2.078699999999999992e-01,1.886299999999999921e-01,1.719700000000000117e-01,1.623499999999999943e-01,1.349299999999999944e-01,8.523999999999999633e-02,3.556000000000000133e-02,-1.413000000000000020e-02,-6.382000000000000173e-02,-1.135000000000000037e-01,-1.631900000000000017e-01,-2.128700000000000037e-01,-2.625600000000000156e-01,-3.122400000000000175e-01,-3.619299999999999740e-01,-4.116099999999999759e-01,-4.612999999999999878e-01,4.002200000000000202e-01,3.809799999999999853e-01,3.617500000000000160e-01,3.425099999999999811e-01,3.232800000000000118e-01,3.040399999999999769e-01,2.848100000000000076e-01,2.655699999999999728e-01,2.463400000000000034e-01,2.270999999999999963e-01,2.078699999999999992e-01,1.886299999999999921e-01,1.719700000000000117e-01,1.623499999999999943e-01,1.349299999999999944e-01,8.523999999999999633e-02,3.556000000000000133e-02,-1.413000000000000020e-02,-6.382000000000000173e-02,-1.135000000000000037e-01,-1.631900000000000017e-01,-2.128700000000000037e-01,-2.625600000000000156e-01,-3.122400000000000175e-01,-3.619299999999999740e-01,-4.116099999999999759e-01,-4.612999999999999878e-01,6.723999999999999422e-02,3.778999999999999720e-02,8.340000000000000191e-03,-2.111000000000000029e-02,-5.056999999999999690e-02,-8.001999999999999391e-02,-1.094699999999999979e-01,-1.389199999999999879e-01,-1.683699999999999919e-01,-1.978300000000000058e-01,-2.272800000000000098e-01,-2.567300000000000137e-01,-2.861799999999999899e-01,6.723999999999999422e-02,3.778999999999999720e-02,8.340000000000000191e-03,-2.111000000000000029e-02,-5.056999999999999690e-02,-8.001999999999999391e-02,-1.094699999999999979e-01,-1.389199999999999879e-01,-1.683699999999999919e-01,-1.978300000000000058e-01,-2.272800000000000098e-01,-2.567300000000000137e-01,-2.861799999999999899e-01,9.517000000000000459e-02,2.855199999999999960e-01,4.758600000000000052e-01,6.662000000000000144e-01,8.565500000000000336e-01,1.046890000000000098e+00,1.237230000000000052e+00,1.427580000000000071e+00,1.617920000000000025e+00,1.808259999999999978e+00,1.998609999999999998e+00,2.188950000000000173e+00,2.379290000000000127e+00,2.740779999999999994e+00,3.273410000000000153e+00,3.806029999999999802e+00,4.338659999999999961e+00,4.871290000000000120e+00,5.403920000000000279e+00,5.936550000000000438e+00,6.469170000000000087e+00,7.001800000000000246e+00,7.534430000000000405e+00,8.067059999999999675e+00,8.599679999999999325e+00,9.132310000000000372e+00,9.517000000000000459e-02,2.855199999999999960e-01,4.758600000000000052e-01,6.662000000000000144e-01,8.565500000000000336e-01,1.046890000000000098e+00,1.237230000000000052e+00,1.427580000000000071e+00,1.617920000000000025e+00,1.808259999999999978e+00,1.998609999999999998e+00,2.188950000000000173e+00,2.379290000000000127e+00,2.740779999999999994e+00,3.273410000000000153e+00,3.806029999999999802e+00,4.338659999999999961e+00,4.871290000000000120e+00,5.403920000000000279e+00,5.936550000000000438e+00,6.469170000000000087e+00,7.001800000000000246e+00,7.534430000000000405e+00,8.067059999999999675e+00,8.599679999999999325e+00,9.132310000000000372e+00
cd,6.069999999999999875e-03,7.539999999999999827e-03,8.449999999999999178e-03,9.249999999999999542e-03,9.990000000000000616e-03,1.068999999999999985e-02,1.141000000000000000e-02,1.217000000000000026e-02,1.298999999999999981e-02,1.383999999999999987e-02,1.474999999999999922e-02,1.575000000000000011e-02,1.853000000000000133e-02,1.439000000000000001e-02,1.952999999999999875e-02,2.040000000000000147e-02,2.157999999999999849e-02,2.232999999999999916e-02,2.355000000000000149e-02,2.376999999999999946e-02,2.512999999999999956e-02,2.478999999999999954e-02,2.353999999999999843e-02,2.309999999999999901e-02,2.308999999999999941e-02,2.222000000000000017e-02,1.858999999999999889e-02,6.069999999999999875e-03,7.539999999999999827e-03,8.449999999999999178e-03,9.249999999999999542e-03,9.990000000000000616e-03,1.068999999999999985e-02,1.141000000000000000e-02,1.217000000000000026e-02,1.298999999999999981e-02,1.383999999999999987e-02,1.474999999999999922e-02,1.575000000000000011e-02,1.935999999999999874e-02,1.561000000000000061e-02,1.940000000000000058e-02,2.040000000000000147e-02,2.157999999999999849e-02,2.232999999999999916e-02,2.355000000000000149e-02,2.376999999999999946e-02,2.512999999999999956e-02,2.478999999999999954e-02,2.353999999999999843e-02,2.309999999999999901e-02,2.308999999999999941e-02,2.222000000000000017e-02,1.858999999999999889e-02,8.659999999999999296e-03,1.078999999999999924e-02,1.233000000000000068e-02,1.349000000000000025e-02,1.471000000000000085e-02,1.557000000000000051e-02,1.654999999999999874e-02,1.746999999999999942e-02,1.824999999999999886e-02,1.913000000000000117e-02,1.884999999999999870e-02,1.728999999999999981e-02,1.310000000000000053e-02,8.540000000000000716e-03,1.069999999999999944e-02,1.217999999999999985e-02,1.342999999999999923e-02,1.456999999999999962e-02,1.541999999999999968e-02,1.648000000000000159e-02,1.723999999999999838e-02,1.808999999999999844e-02,1.895000000000000157e-02,1.864000000000000032e-02,1.737000000000000002e-02,1.299999999999999940e-02,4.810000000000000039e-03,4.890000000000000249e-03,4.939999999999999947e-03,4.950000000000000407e-03,4.969999999999999592e-03,5.000000000000000104e-03,5.020000000000000157e-03,5.040000000000000209e-03,5.060000000000000261e-03,5.089999999999999906e-03,5.120000000000000419e-03,5.150000000000000064e-03,5.170000000000000116e-03,5.190000000000000169e-03,5.230000000000000274e-03,5.199999999999999761e-03,5.230000000000000274e-03,5.290000000000000431e-03,5.360000000000000181e-03,5.449999999999999983e-03,5.559999999999999838e-03,5.709999999999999798e-03,5.930000000000000375e-03,6.089999999999999927e-03,6.289999999999999584e-03,6.440000000000000412e-03,4.749999999999999882e-03,4.899999999999999842e-03,4.930000000000000354e-03,4.950000000000000407e-03,4.959999999999999999e-03,4.980000000000000052e-03,5.000000000000000104e-03,5.020000000000000157e-03,5.049999999999999802e-03,5.080000000000000314e-03,5.100000000000000366e-03,5.130000000000000011e-03,5.159999999999999656e-03,5.170000000000000116e-03,5.210000000000000221e-03,5.199999999999999761e-03,5.230000000000000274e-03,5.290000000000000431e-03,5.360000000000000181e-03,5.449999999999999983e-03,5.559999999999999838e-03,5.709999999999999798e-03,5.930000000000000375e-03,6.089999999999999927e-03,6.289999999999999584e-03,6.440000000000000412e-03
cd*c/cref,1.462183814131085523e-02,1.740190449301859399e-02,1.864932103159836277e-02,1.948138418787515730e-02,2.003165764395618831e-02,2.035639276295565098e-02,2.057589980099341562e-02,2.071817121847040200e-02,2.080312550358373591e-02,2.076757978869707422e-02,2.064443954568252748e-02,2.045449928810652573e-02,2.219600611581212801e-02,1.024557895545812058e-02,2.186827883573057643e-02,2.171705373177795773e-02,2.178275221253255997e-02,2.130797627291406912e-02,2.117303392010613794e-02,2.005958864691701274e-02,1.982105523646189235e-02,1.818539643567880504e-02,1.596990970278447386e-02,1.439714498357791070e-02,1.311722102674454417e-02,1.139726343294448878e-02,8.509841919200091670e-03,1.462183814131085523e-02,1.740190449301859399e-02,1.864932103159836277e-02,1.948138418787515730e-02,2.003165764395618831e-02,2.035639276295565098e-02,2.057589980099341562e-02,2.071817121847040200e-02,2.080312550358373591e-02,2.076757978869707422e-02,2.064443954568252748e-02,2.045449928810652573e-02,2.319021470060025555e-02,1.111421038879091550e-02,2.172271425566683206e-02,2.171705373177795773e-02,2.178275221253255997e-02,2.130797627291406912e-02,2.117303392010613794e-02,2.005958864691701274e-02,1.982105523646189235e-02,1.818539643567880504e-02,1.596990970278447386e-02,1.439714498357791070e-02,1.311722102674454417e-02,1.139726343294448878e-02,8.509841919200091670e-03,5.597320319704887810e-03,6.686764128658565128e-03,7.312866803112916779e-03,7.641710574853981600e-03,7.941179469962950099e-03,7.990926456550230539e-03,8.053273860565954984e-03,8.035841029333247801e-03,7.908751638163961234e-03,7.780803363696669334e-03,7.165070825311048615e-03,6.111784352905011083e-03,4.281911353082984949e-03,5.519759299108515684e-03,6.630989451033054115e-03,7.223902486773342915e-03,7.607722240199330833e-03,7.865600603491514076e-03,7.913942579319495352e-03,8.019211675052989249e-03,7.930045755335155683e-03,7.839414637500605534e-03,7.707591413593930553e-03,7.085247755108645129e-03,6.140063285711974336e-03,4.249225006876244069e-03,6.699785161874867445e-03,6.554547866746485325e-03,6.378823854903166099e-03,6.148505145048295713e-03,5.929133528564724601e-03,5.719234876308508519e-03,5.495440872393095137e-03,5.269677285744333965e-03,5.041952254598994383e-03,4.821734674066043697e-03,4.598568835245198452e-03,4.372454738136457783e-03,4.135389373371948542e-03,3.904344119598104120e-03,3.693527254194509460e-03,3.432814406135227623e-03,3.211710955069814032e-03,3.004884673257074423e-03,2.797750546054654508e-03,2.593685747569045817e-03,2.389926513178119039e-03,2.191384681346773052e-03,2.002664245150225994e-03,1.776176921707897259e-03,1.544773197210671774e-03,1.284967916255440367e-03,6.616211958192437168e-03,6.567951850114064037e-03,6.365911256006601474e-03,6.148505145048295713e-03,5.917203682430791783e-03,5.696357936803274694e-03,5.473546685650493120e-03,5.248765867943760988e-03,5.031987922080023365e-03,4.812261717928390317e-03,4.580605675732522634e-03,4.355474331386412906e-03,4.127390554467940190e-03,3.889298477518727919e-03,3.679402866989176651e-03,3.432814406135227623e-03,3.211710955069814032e-03,3.004884673257074423e-03,2.797750546054654508e-03,2.593685747569045817e-03,2.389926513178119039e-03,2.191384681346773052e-03,2.002664245150225994e-03,1.776176921707897259e-03,1.544773197210671774e-03,1.284967916255440367e-03
cdi,1.430000000000000064e-03,2.880000000000000181e-03,3.759999999999999887e-03,4.519999999999999712e-03,5.230000000000000274e-03,5.899999999999999863e-03,6.579999999999999911e-03,7.300000000000000065e-03,8.059999999999999457e-03,8.869999999999999413e-03,9.730000000000000801e-03,1.065999999999999934e-02,1.336999999999999994e-02,8.580000000000000820e-03,1.427999999999999929e-02,1.510000000000000057e-02,1.620999999999999872e-02,1.691000000000000142e-02,1.805000000000000007e-02,1.822999999999999968e-02,1.950999999999999956e-02,1.913000000000000117e-02,1.786000000000000087e-02,1.737999999999999962e-02,1.729999999999999941e-02,1.638999999999999832e-02,1.277000000000000010e-02,1.430000000000000064e-03,2.880000000000000181e-03,3.759999999999999887e-03,4.519999999999999712e-03,5.230000000000000274e-03,5.899999999999999863e-03,6.579999999999999911e-03,7.300000000000000065e-03,8.059999999999999457e-03,8.869999999999999413e-03,9.730000000000000801e-03,1.065999999999999934e-02,1.420000000000000082e-02,9.830000000000000196e-03,1.414999999999999938e-02,1.510000000000000057e-02,1.620999999999999872e-02,1.691000000000000142e-02,1.805000000000000007e-02,1.822999999999999968e-02,1.950999999999999956e-02,1.913000000000000117e-02,1.786000000000000087e-02,1.737999999999999962e-02,1.729999999999999941e-02,1.638999999999999832e-02,1.277000000000000010e-02,3.200000000000000153e-03,5.290000000000000431e-03,6.779999999999999569e-03,7.900000000000000772e-03,9.069999999999999937e-03,9.879999999999999893e-03,1.080000000000000057e-02,1.166000000000000023e-02,1.238000000000000038e-02,1.319999999999999993e-02,1.286999999999999950e-02,1.128999999999999969e-02,7.100000000000000408e-03,3.079999999999999839e-03,5.199999999999999761e-03,6.640000000000000069e-03,7.839999999999999747e-03,8.930000000000000437e-03,9.730000000000000801e-03,1.073999999999999955e-02,1.144000000000000052e-02,1.222999999999999955e-02,1.302999999999999992e-02,1.267000000000000071e-02,1.136000000000000031e-02,6.989999999999999686e-03,-1.399999999999999877e-04,-8.000000000000000654e-05,-6.000000000000000152e-05,-6.999999999999999387e-05,-8.000000000000000654e-05,-6.999999999999999387e-05,-8.000000000000000654e-05,-9.000000000000000567e-05,-1.000000000000000048e-04,-1.000000000000000048e-04,-1.100000000000000039e-04,-1.200000000000000030e-04,-1.299999999999999886e-04,-1.600000000000000131e-04,-1.600000000000000131e-04,-2.400000000000000061e-04,-2.700000000000000035e-04,-2.599999999999999772e-04,-2.400000000000000061e-04,-2.200000000000000078e-04,-1.800000000000000113e-04,-1.200000000000000030e-04,0.000000000000000000e+00,5.000000000000000240e-05,1.000000000000000048e-04,8.000000000000000654e-05,-2.000000000000000096e-04,-6.999999999999999387e-05,-6.999999999999999387e-05,-8.000000000000000654e-05,-9.000000000000000567e-05,-1.000000000000000048e-04,-1.000000000000000048e-04,-1.100000000000000039e-04,-1.100000000000000039e-04,-1.200000000000000030e-04,-1.299999999999999886e-04,-1.299999999999999886e-04,-1.499999999999999869e-04,-1.700000000000000122e-04,-1.800000000000000113e-04,-2.400000000000000061e-04,-2.599999999999999772e-04,-2.599999999999999772e-04,-2.400000000000000061e-04,-2.200000000000000078e-04,-1.800000000000000113e-04,-1.200000000000000030e-04,0.000000000000000000e+00,5.000000000000000240e-05,1.000000000000000048e-04,8.000000000000000654e-05
cdi*c/cref,3.444683450094649952e-03,6.646881291763070618e-03,8.298396104001164869e-03,9.519552057210348139e-03,1.048704399178086721e-02,1.123505306842267036e-02,1.186585632695325888e-02,1.242749793712686311e-02,1.290786694063779209e-02,1.330985785590628814e-02,1.361833198505023844e-02,1.384412459753749623e-02,1.601514310676784361e-02,6.108899752455224964e-03,1.598970925623311237e-02,1.607487800734544794e-02,1.636229904379762901e-02,1.613604472794343686e-02,1.622816400245926868e-02,1.538436268545633791e-02,1.538833217920300422e-02,1.403334545439836878e-02,1.211650753150937503e-02,1.083213765431099984e-02,9.827974177682141307e-03,8.406892334201625586e-03,5.845652571715178464e-03,3.444683450094649952e-03,6.646881291763070618e-03,8.298396104001164869e-03,9.519552057210348139e-03,1.048704399178086721e-02,1.123505306842267036e-02,1.186585632695325888e-02,1.242749793712686311e-02,1.290786694063779209e-02,1.330985785590628814e-02,1.361833198505023844e-02,1.384412459753749623e-02,1.700935169155597462e-02,6.998890975132267267e-03,1.584414467616936453e-02,1.607487800734544794e-02,1.636229904379762901e-02,1.613604472794343686e-02,1.622816400245926868e-02,1.538436268545633791e-02,1.538833217920300422e-02,1.403334545439836878e-02,1.211650753150937503e-02,1.083213765431099984e-02,9.827974177682141307e-03,8.406892334201625586e-03,5.845652571715178464e-03,2.068293882569935665e-03,3.278311607099519426e-03,4.021187098548708108e-03,4.475130729529018699e-03,4.896430849256556798e-03,5.070671380264371760e-03,5.255308622000744515e-03,5.363360412251039905e-03,5.364950426327115378e-03,5.368876340867539780e-03,4.892013873833061209e-03,3.990864392382739365e-03,2.320730580678564275e-03,1.990732861973563105e-03,3.222536929474007546e-03,3.938153736631773601e-03,4.441142394874367065e-03,4.820851982785121642e-03,4.993687503033637440e-03,5.226112462989629046e-03,5.262164932774605550e-03,5.299946988205218867e-03,5.299731721326063349e-03,4.815991902211724102e-03,4.015608458588833078e-03,2.284775599851149828e-03,-1.950041419256718224e-04,-1.072318669406377987e-04,-7.747559337939068005e-05,-8.694855760674356977e-05,-9.543876907146439366e-05,-8.006928826831912253e-05,-8.757674697040789414e-05,-9.410138010257738256e-05,-9.964332518970343377e-05,-9.472956137654310463e-05,-9.879737731972106389e-05,-1.018824405002669709e-04,-1.039846457520992803e-04,-1.203651366350089885e-04,-1.129950976426618577e-04,-1.584375879754720633e-04,-1.658053456728202178e-04,-1.476880935816331241e-04,-1.252724125099098868e-04,-1.046992411862734083e-04,-7.737172164965133356e-05,-4.605361852217386865e-05,0.000000000000000000e+00,1.458273334735547950e-05,2.455919232449399041e-05,1.596233436342162152e-05,-2.785773456081026421e-04,-9.382788357305805690e-05,-9.038819227595577984e-05,-9.936978012199265697e-05,-1.073686152053974412e-04,-1.143846975261701867e-04,-1.094709337130098711e-04,-1.150127979031501433e-04,-1.096076577086737880e-04,-1.136754736518517201e-04,-1.167605368323976000e-04,-1.103726438752892060e-04,-1.199822835601145480e-04,-1.278879576746970621e-04,-1.271194848479945984e-04,-1.584375879754720633e-04,-1.596644069441972337e-04,-1.476880935816331241e-04,-1.252724125099098868e-04,-1.046992411862734083e-04,-7.737172164965133356e-05,-4.605361852217386865e-05,0.000000000000000000e+00,1.458273334735547950e-05,2.455919232449399041e-05,1.596233436342162152e-05
cdo,4.640000000000000027e-03,4.669999999999999672e-03,4.689999999999999725e-03,4.729999999999999830e-03,4.760000000000000342e-03,4.799999999999999580e-03,4.830000000000000092e-03,4.879999999999999789e-03,4.919999999999999894e-03,4.969999999999999592e-03,5.029999999999999749e-03,5.089999999999999906e-03,5.159999999999999656e-03,5.810000000000000060e-03,5.250000000000000326e-03,5.309999999999999616e-03,5.369999999999999774e-03,5.420000000000000338e-03,5.490000000000000088e-03,5.539999999999999786e-03,5.629999999999999588e-03,5.660000000000000100e-03,5.680000000000000153e-03,5.720000000000000258e-03,5.790000000000000008e-03,5.830000000000000113e-03,5.830000000000000113e-03,4.640000000000000027e-03,4.669999999999999672e-03,4.689999999999999725e-03,4.729999999999999830e-03,4.760000000000000342e-03,4.799999999999999580e-03,4.830000000000000092e-03,4.879999999999999789e-03,4.919999999999999894e-03,4.969999999999999592e-03,5.029999999999999749e-03,5.089999999999999906e-03,5.159999999999999656e-03,5.790000000000000008e-03,5.250000000000000326e-03,5.309999999999999616e-03,5.369999999999999774e-03,5.420000000000000338e-03,5.490000000000000088e-03,5.539999999999999786e-03,5.629999999999999588e-03,5.660000000000000100e-03,5.680000000000000153e-03,5.720000000000000258e-03,5.790000000000000008e-03,5.830000000000000113e-03,5.830000000000000113e-03,5.459999999999999576e-03,5.499999999999999681e-03,5.550000000000000246e-03,5.590000000000000351e-03,5.640000000000000048e-03,5.689999999999999745e-03,5.749999999999999903e-03,5.799999999999999600e-03,5.859999999999999758e-03,5.930000000000000375e-03,5.980000000000000072e-03,6.000000000000000125e-03,6.009999999999999717e-03,5.459999999999999576e-03,5.499999999999999681e-03,5.550000000000000246e-03,5.590000000000000351e-03,5.640000000000000048e-03,5.689999999999999745e-03,5.749999999999999903e-03,5.799999999999999600e-03,5.859999999999999758e-03,5.930000000000000375e-03,5.969999999999999613e-03,6.000000000000000125e-03,6.009999999999999717e-03,4.950000000000000407e-03,4.969999999999999592e-03,5.000000000000000104e-03,5.020000000000000157e-03,5.049999999999999802e-03,5.069999999999999854e-03,5.100000000000000366e-03,5.130000000000000011e-03,5.159999999999999656e-03,5.190000000000000169e-03,5.230000000000000274e-03,5.270000000000000379e-03,5.309999999999999616e-03,5.349999999999999721e-03,5.389999999999999826e-03,5.440000000000000391e-03,5.490000000000000088e-03,5.550000000000000246e-03,5.610000000000000403e-03,5.669999999999999693e-03,5.749999999999999903e-03,5.830000000000000113e-03,5.930000000000000375e-03,6.040000000000000230e-03,6.179999999999999730e-03,6.360000000000000202e-03,4.950000000000000407e-03,4.969999999999999592e-03,5.000000000000000104e-03,5.020000000000000157e-03,5.049999999999999802e-03,5.069999999999999854e-03,5.100000000000000366e-03,5.130000000000000011e-03,5.159999999999999656e-03,5.190000000000000169e-03,5.230000000000000274e-03,5.270000000000000379e-03,5.309999999999999616e-03,5.349999999999999721e-03,5.389999999999999826e-03,5.440000000000000391e-03,5.490000000000000088e-03,5.550000000000000246e-03,5.610000000000000403e-03,5.669999999999999693e-03,5.749999999999999903e-03,5.830000000000000113e-03,5.930000000000000375e-03,6.040000000000000230e-03,6.179999999999999730e-03,6.360000000000000202e-03
cdo*c/cref,1.117715469121620571e-02,1.077810265018525580e-02,1.035092492759719790e-02,9.961832130664810894e-03,9.544613652175321095e-03,9.140382157360816065e-03,8.710043474040158468e-03,8.307697251120424106e-03,7.879243839694533708e-03,7.457721932790784339e-03,7.040103790832753262e-03,6.610374690569029502e-03,6.180863009044283533e-03,4.136679203002896488e-03,5.878569579497467529e-03,5.652821339006909064e-03,5.420453168734932700e-03,5.171931544970634863e-03,4.935879245069329201e-03,4.675225961460675699e-03,4.440610464834080298e-03,4.152050981280437127e-03,3.853402171275097966e-03,3.565007329266911724e-03,3.289246849062404596e-03,2.990371098742860591e-03,2.668766992411863125e-03,1.117715469121620571e-02,1.077810265018525580e-02,1.035092492759719790e-02,9.961832130664810894e-03,9.544613652175321095e-03,9.140382157360816065e-03,8.710043474040158468e-03,8.307697251120424106e-03,7.879243839694533708e-03,7.457721932790784339e-03,7.040103790832753262e-03,6.610374690569029502e-03,6.180863009044283533e-03,4.122439343440064026e-03,5.878569579497467529e-03,5.652821339006909064e-03,5.420453168734932700e-03,5.171931544970634863e-03,4.935879245069329201e-03,4.675225961460675699e-03,4.440610464834080298e-03,4.152050981280437127e-03,3.853402171275097966e-03,3.565007329266911724e-03,3.289246849062404596e-03,2.990371098742860591e-03,2.668766992411863125e-03,3.529026437134952145e-03,3.408452521559046568e-03,3.291679704564208237e-03,3.166579845324963768e-03,3.044748620706392433e-03,2.920255076285857478e-03,2.797965238565210903e-03,2.667880822560551434e-03,2.539467649295387101e-03,2.411927022829129554e-03,2.273056951477987839e-03,2.120919960522270852e-03,1.964449407025094241e-03,3.529026437134952145e-03,3.408452521559046568e-03,3.291679704564208237e-03,3.166579845324963768e-03,3.044748620706392433e-03,2.920255076285857478e-03,2.797965238565210903e-03,2.667880822560551434e-03,2.539467649295387101e-03,2.411927022829129554e-03,2.269255852896921027e-03,2.120919960522270852e-03,1.964449407025094241e-03,6.894789303800540406e-03,6.661779733687121959e-03,6.456299448282556454e-03,6.235453702655039364e-03,6.024572297636189740e-03,5.799304164576827778e-03,5.583017619363503208e-03,5.363778665846911063e-03,5.141595579788696760e-03,4.916464235442587032e-03,4.697366212564919354e-03,4.474337178636724442e-03,4.247372838028055063e-03,4.024709256233112431e-03,3.806522351837171060e-03,3.591251994110700174e-03,3.371375362014011022e-03,3.152572766838707304e-03,2.928242642419144094e-03,2.698384988755318792e-03,2.471596663808306449e-03,2.237438299868947395e-03,2.002664245150225994e-03,1.761594188360541798e-03,1.517758085653728379e-03,1.269005581892018860e-03,6.894789303800540406e-03,6.661779733687121959e-03,6.456299448282556454e-03,6.235453702655039364e-03,6.024572297636189740e-03,5.799304164576827778e-03,5.583017619363503208e-03,5.363778665846911063e-03,5.141595579788696760e-03,4.916464235442587032e-03,4.697366212564919354e-03,4.474337178636724442e-03,4.247372838028055063e-03,4.024709256233112431e-03,3.806522351837171060e-03,3.591251994110700174e-03,3.371375362014011022e-03,3.152572766838707304e-03,2.928242642419144094e-03,2.698384988755318792e-03,2.471596663808306449e-03,2.237438299868947395e-03,2.002664245150225994e-03,1.761594188360541798e-03,1.517758085653728379e-03,1.269005581892018860e-03
cl,1.598000000000000115e-02,3.246000000000000274e-02,4.252000000000000224e-02,5.127000000000000307e-02,5.931999999999999773e-02,6.700000000000000400e-02,7.474999999999999700e-02,8.297000000000000208e-02,9.174999999999999822e-02,1.009300000000000058e-01,1.107400000000000051e-01,1.214299999999999963e-01,1.523400000000000032e-01,9.761000000000000232e-02,1.627500000000000058e-01,1.721100000000000130e-01,1.847799999999999998e-01,1.927999999999999992e-01,2.058500000000000052e-01,2.079100000000000115e-01,2.224700000000000011e-01,2.181599999999999928e-01,2.036499999999999977e-01,1.981400000000000106e-01,1.972299999999999887e-01,1.867800000000000016e-01,1.454100000000000115e-01,1.598000000000000115e-02,3.246000000000000274e-02,4.252000000000000224e-02,5.127000000000000307e-02,5.931999999999999773e-02,6.700000000000000400e-02,7.474999999999999700e-02,8.297000000000000208e-02,9.174999999999999822e-02,1.009300000000000058e-01,1.107400000000000051e-01,1.214299999999999963e-01,1.618900000000000061e-01,1.118200000000000027e-01,1.612300000000000122e-01,1.721100000000000130e-01,1.847799999999999998e-01,1.927999999999999992e-01,2.058500000000000052e-01,2.079100000000000115e-01,2.224700000000000011e-01,2.181599999999999928e-01,2.036499999999999977e-01,1.981400000000000106e-01,1.972299999999999887e-01,1.867800000000000016e-01,1.454100000000000115e-01,3.606999999999999790e-02,5.997000000000000247e-02,7.702000000000000512e-02,8.981000000000000094e-02,1.031699999999999978e-01,1.124099999999999960e-01,1.229699999999999960e-01,1.327800000000000091e-01,1.410299999999999887e-01,1.503599999999999937e-01,1.465799999999999881e-01,1.284700000000000009e-01,8.057999999999999885e-02,3.472999999999999698e-02,5.895999999999999852e-02,7.538999999999999868e-02,8.913999999999999702e-02,1.016200000000000020e-01,1.107400000000000051e-01,1.222099999999999992e-01,1.302999999999999992e-01,1.392500000000000127e-01,1.483700000000000019e-01,1.443200000000000038e-01,1.293400000000000105e-01,7.938000000000000611e-02,-2.069999999999999792e-03,-1.399999999999999986e-03,-1.139999999999999954e-03,-1.280000000000000105e-03,-1.309999999999999967e-03,-1.289999999999999914e-03,-1.389999999999999960e-03,-1.500000000000000031e-03,-1.569999999999999998e-03,-1.649999999999999991e-03,-1.740000000000000010e-03,-1.809999999999999977e-03,-1.969999999999999963e-03,-2.289999999999999935e-03,-2.360000000000000119e-03,-3.259999999999999877e-03,-3.520000000000000125e-03,-3.459999999999999968e-03,-3.259999999999999877e-03,-3.059999999999999786e-03,-2.609999999999999907e-03,-1.850000000000000082e-03,-5.000000000000000104e-04,6.999999999999999387e-05,6.400000000000000524e-04,3.699999999999999947e-04,-2.759999999999999867e-03,-1.240000000000000000e-03,-1.250000000000000026e-03,-1.309999999999999967e-03,-1.440000000000000091e-03,-1.569999999999999998e-03,-1.639999999999999965e-03,-1.680000000000000070e-03,-1.740000000000000010e-03,-1.809999999999999977e-03,-1.889999999999999970e-03,-1.990000000000000015e-03,-2.150000000000000001e-03,-2.459999999999999947e-03,-2.569999999999999802e-03,-3.210000000000000180e-03,-3.500000000000000073e-03,-3.459999999999999968e-03,-3.259999999999999877e-03,-3.059999999999999786e-03,-2.609999999999999907e-03,-1.850000000000000082e-03,-5.000000000000000104e-04,6.999999999999999387e-05,6.400000000000000524e-04,3.699999999999999947e-04
cl*c/cref,3.849373533742133507e-02,7.491589122591293948e-02,9.384250062290680483e-02,1.079795207905253490e-01,1.189467398838319340e-01,1.275845009464947333e-01,1.347982918601453028e-01,1.412478772388240933e-01,1.469350858317019226e-01,1.514502765948840812e-01,1.549942532399243011e-01,1.577009427653825735e-01,1.824791997670167087e-01,6.949763459640494190e-02,1.822356569644215107e-01,1.832216724400149155e-01,1.865160775640299640e-01,1.839757199022764300e-01,1.850729950086559827e-01,1.754559981312796280e-01,1.754711563253353312e-01,1.600373572572685865e-01,1.381593929894671946e-01,1.234913552833821482e-01,1.120445865355056969e-01,9.580471935217693691e-02,6.656353488278028696e-02,3.849373533742133507e-02,7.491589122591293948e-02,9.384250062290680483e-02,1.079795207905253490e-01,1.189467398838319340e-01,1.275845009464947333e-01,1.347982918601453028e-01,1.412478772388240933e-01,1.469350858317019226e-01,1.514502765948840812e-01,1.549942532399243011e-01,1.577009427653825735e-01,1.939185877004223069e-01,7.961505481579757293e-02,1.805336711052146215e-01,1.832216724400149155e-01,1.865160775640299640e-01,1.839757199022764300e-01,1.850729950086559827e-01,1.754559981312796280e-01,1.754711563253353312e-01,1.600373572572685865e-01,1.381593929894671946e-01,1.234913552833821482e-01,1.120445865355056969e-01,9.580471935217693691e-02,6.656353488278028696e-02,2.331355010759299240e-02,3.716452685779927934e-02,4.568021096315951629e-02,5.087487225556976134e-02,5.569622609898555038e-02,5.769171759671234967e-02,5.983752789328069394e-02,6.107607165855001574e-02,6.111623252220621527e-02,6.115638231915478812e-02,5.571650300127817257e-02,4.541243122138269306e-02,2.633865777339136627e-02,2.244745204426682947e-02,3.653861103111297887e-02,4.471346539226948164e-02,5.049533585192616386e-02,5.485946007733751711e-02,5.683463043021017708e-02,5.946770987913990725e-02,5.993532261717929299e-02,6.034485838982640155e-02,6.034698353746340005e-02,5.485745472195706351e-02,4.571996461565842190e-02,2.594642161891048612e-02,-2.883275527043861926e-03,-1.876557671461161246e-03,-1.472036274208422812e-03,-1.589916481951882512e-03,-1.562809843545229400e-03,-1.475562598087595215e-03,-1.521645978610837186e-03,-1.568356335042956403e-03,-1.564400205478343837e-03,-1.563037762712961125e-03,-1.562794877602860337e-03,-1.536726810879026663e-03,-1.575767324089504635e-03,-1.722726018088565963e-03,-1.666677690229262290e-03,-2.152110570000162135e-03,-2.161610432475286059e-03,-1.965387706894040996e-03,-1.701616936592942504e-03,-1.456271263772711873e-03,-1.121889963919944343e-03,-7.099932855501805236e-04,-1.688587053246396244e-04,2.041582668629766758e-05,1.571788308767615495e-04,7.382579643082499532e-05,-3.844367369391815756e-03,-1.662093937579885812e-03,-1.614074862070639113e-03,-1.627180149497629760e-03,-1.717897843286359059e-03,-1.795839751160871814e-03,-1.795323312893361755e-03,-1.756559095248111249e-03,-1.733793858300839872e-03,-1.714605060915430157e-03,-1.697518573947934609e-03,-1.689550471629427302e-03,-1.719746064361641963e-03,-1.850613975763263025e-03,-1.814983755885255911e-03,-2.119102739171938813e-03,-2.149328555018040036e-03,-1.965387706894040996e-03,-1.701616936592942504e-03,-1.456271263772711873e-03,-1.121889963919944343e-03,-7.099932855501805236e-04,-1.688587053246396244e-04,2.041582668629766758e-05,1.571788308767615495e-04,7.382579643082499532e-05
cli,1.637999999999999873e-02,3.287000000000000338e-02,4.293000000000000288e-02,5.167999999999999677e-02,5.972999999999999837e-02,6.740999999999999770e-02,7.517000000000000071e-02,8.340000000000000191e-02,9.217999999999999805e-02,1.013600000000000056e-01,1.111800000000000010e-01,1.218700000000000061e-01,1.527900000000000091e-01,9.811999999999999889e-02,1.632099999999999940e-01,1.725700000000000012e-01,1.852499999999999980e-01,1.932699999999999974e-01,2.063300000000000134e-01,2.084000000000000019e-01,2.229599999999999915e-01,2.186599999999999933e-01,2.041499999999999981e-01,1.986400000000000110e-01,1.977399999999999991e-01,1.872900000000000120e-01,1.459199999999999942e-01,1.637999999999999873e-02,3.287000000000000338e-02,4.293000000000000288e-02,5.167999999999999677e-02,5.972999999999999837e-02,6.740999999999999770e-02,7.517000000000000071e-02,8.340000000000000191e-02,9.217999999999999805e-02,1.013600000000000056e-01,1.111800000000000010e-01,1.218800000000000022e-01,1.623400000000000121e-01,1.123200000000000032e-01,1.616799999999999904e-01,1.725700000000000012e-01,1.852499999999999980e-01,1.932699999999999974e-01,2.063300000000000134e-01,2.084000000000000019e-01,2.229599999999999915e-01,2.186599999999999933e-01,2.041499999999999981e-01,1.986400000000000110e-01,1.977399999999999991e-01,1.872900000000000120e-01,1.459199999999999942e-01,3.654999999999999916e-02,6.044999999999999679e-02,7.750999999999999557e-02,9.030000000000000526e-02,1.036600000000000021e-01,1.129000000000000004e-01,1.234699999999999964e-01,1.332899999999999918e-01,1.415399999999999991e-01,1.508799999999999863e-01,1.471000000000000085e-01,1.289899999999999936e-01,8.110000000000000542e-02,3.520999999999999824e-02,5.943999999999999978e-02,7.587000000000000688e-02,8.963000000000000134e-02,1.021100000000000063e-01,1.112299999999999955e-01,1.227099999999999996e-01,1.308100000000000096e-01,1.397599999999999953e-01,1.488899999999999946e-01,1.448399999999999965e-01,1.298600000000000032e-01,7.990999999999999492e-02,-1.639999999999999965e-03,-9.600000000000000243e-04,-6.999999999999999929e-04,-8.400000000000000348e-04,-8.700000000000000051e-04,-8.400000000000000348e-04,-9.499999999999999981e-04,-1.059999999999999961e-03,-1.110000000000000092e-03,-1.199999999999999895e-03,-1.280000000000000105e-03,-1.350000000000000071e-03,-1.510000000000000057e-03,-1.820000000000000003e-03,-1.889999999999999970e-03,-2.779999999999999919e-03,-3.040000000000000167e-03,-2.980000000000000010e-03,-2.769999999999999893e-03,-2.560000000000000209e-03,-2.109999999999999896e-03,-1.340000000000000045e-03,2.000000000000000164e-05,5.900000000000000296e-04,1.180000000000000059e-03,9.300000000000000541e-04,-2.330000000000000040e-03,-8.099999999999999561e-04,-8.099999999999999561e-04,-8.700000000000000051e-04,-9.899999999999999946e-04,-1.119999999999999902e-03,-1.190000000000000085e-03,-1.229999999999999974e-03,-1.289999999999999914e-03,-1.360000000000000098e-03,-1.430000000000000064e-03,-1.529999999999999893e-03,-1.690000000000000096e-03,-2.000000000000000042e-03,-2.099999999999999870e-03,-2.729999999999999788e-03,-3.020000000000000115e-03,-2.980000000000000010e-03,-2.769999999999999893e-03,-2.560000000000000209e-03,-2.109999999999999896e-03,-1.340000000000000045e-03,2.000000000000000164e-05,5.900000000000000296e-04,1.180000000000000059e-03,9.300000000000000541e-04
cli*c/cref,3.945728315562962302e-02,7.586214863203198655e-02,9.474737892148139828e-02,1.088430199815554750e-01,1.197688599673176202e-01,1.283652419224359520e-01,1.355556869448444335e-01,1.419799079392301822e-01,1.476237189315126042e-01,1.520955120940993832e-01,1.556100873687446540e-01,1.582723700470820560e-01,1.830182285178054702e-01,6.986075101525718312e-02,1.827507316323393471e-01,1.837113707104373606e-01,1.869904933907162725e-01,1.844242084310838414e-01,1.855045472923778915e-01,1.758695108968239829e-01,1.758576392965198187e-01,1.604041462132120843e-01,1.384986009270794405e-01,1.238029817981781966e-01,1.123343129418997999e-01,9.606631270729852623e-02,6.679699477405472152e-02,3.945728315562962302e-02,7.586214863203198655e-02,9.474737892148139828e-02,1.088430199815554750e-01,1.197688599673176202e-01,1.283652419224359520e-01,1.355556869448444335e-01,1.419799079392301822e-01,1.476237189315126042e-01,1.520955120940993832e-01,1.556100873687446540e-01,1.582853570307570512e-01,1.944576164512110683e-01,7.997105130486839575e-02,1.810375484977429505e-01,1.837113707104373606e-01,1.869904933907162725e-01,1.844242084310838414e-01,1.855045472923778915e-01,1.758695108968239829e-01,1.758576392965198187e-01,1.604041462132120843e-01,1.384986009270794405e-01,1.238029817981781966e-01,1.123343129418997999e-01,9.606631270729852623e-02,6.679699477405472152e-02,2.362379418997848438e-02,3.746199180513534038e-02,4.597082772986878230e-02,5.115244365524941605e-02,5.596075213163557299e-02,5.794319826233274712e-02,6.008082921837332169e-02,6.131066117915447145e-02,6.133724421182066427e-02,6.136788350834047889e-02,5.591416012749365200e-02,4.559624428462795420e-02,2.650862677366641953e-02,2.275769612665232144e-02,3.683607597844903991e-02,4.499815120455612216e-02,5.077290725160581164e-02,5.512398610998754667e-02,5.708611109583056759e-02,5.971101120423253500e-02,6.016991213778375563e-02,6.056587007944083667e-02,6.055848472664908388e-02,5.505511184817253600e-02,4.590377767890368305e-02,2.611965925380620515e-02,-2.284334233986441177e-03,-1.286782403287653476e-03,-9.038819227595579339e-04,-1.043382691280922946e-03,-1.037896613652175256e-03,-9.608314592198294703e-04,-1.039973870273593667e-03,-1.108305143430355884e-03,-1.106040909605708221e-03,-1.136754736518517201e-03,-1.149642208811299613e-03,-1.146177455628003385e-03,-1.207821654505153398e-03,-1.369153429223227180e-03,-1.334754590903943026e-03,-1.835235394049217900e-03,-1.866845373501383257e-03,-1.692732764897179843e-03,-1.445852427718543167e-03,-1.218318442894817961e-03,-9.069685148931350398e-04,-5.142654068309415174e-04,6.754348212985585350e-06,1.720762534987946388e-04,2.897984694290290882e-04,1.855621369747763392e-04,-3.245426076334395442e-03,-1.085722652773957620e-03,-1.045920510621774126e-03,-1.080646358826670194e-03,-1.181054767259371880e-03,-1.281108612293105960e-03,-1.302704111184817444e-03,-1.286052194735224242e-03,-1.285398894947174190e-03,-1.288322034720986234e-03,-1.284365905156373885e-03,-1.299001116378403807e-03,-1.351800394777290725e-03,-1.504564207937612343e-03,-1.483060656559936647e-03,-1.802227563220994578e-03,-1.854563496044137234e-03,-1.692732764897179843e-03,-1.445852427718543167e-03,-1.218318442894817961e-03,-9.069685148931350398e-04,-5.142654068309415174e-04,6.754348212985585350e-06,1.720762534987946388e-04,2.897984694290290882e-04,1.855621369747763392e-04
clo,-4.099999999999999912e-04,-4.099999999999999912e-04,-4.099999999999999912e-04,-4.099999999999999912e-04,-4.200000000000000174e-04,-4.200000000000000174e-04,-4.200000000000000174e-04,-4.299999999999999894e-04,-4.299999999999999894e-04,-4.299999999999999894e-04,-4.400000000000000157e-04,-4.499999999999999877e-04,-4.499999999999999877e-04,-5.100000000000000366e-04,-4.600000000000000139e-04,-4.600000000000000139e-04,-4.699999999999999859e-04,-4.699999999999999859e-04,-4.800000000000000122e-04,-4.800000000000000122e-04,-4.899999999999999842e-04,-5.000000000000000104e-04,-5.000000000000000104e-04,-5.000000000000000104e-04,-5.100000000000000366e-04,-5.100000000000000366e-04,-5.100000000000000366e-04,-4.099999999999999912e-04,-4.099999999999999912e-04,-4.099999999999999912e-04,-4.099999999999999912e-04,-4.200000000000000174e-04,-4.200000000000000174e-04,-4.200000000000000174e-04,-4.299999999999999894e-04,-4.299999999999999894e-04,-4.299999999999999894e-04,-4.400000000000000157e-04,-4.499999999999999877e-04,-4.499999999999999877e-04,-5.100000000000000366e-04,-4.600000000000000139e-04,-4.600000000000000139e-04,-4.699999999999999859e-04,-4.699999999999999859e-04,-4.800000000000000122e-04,-4.800000000000000122e-04,-4.899999999999999842e-04,-5.000000000000000104e-04,-5.000000000000000104e-04,-5.000000000000000104e-04,-5.100000000000000366e-04,-5.100000000000000366e-04,-5.100000000000000366e-04,-4.800000000000000122e-04,-4.800000000000000122e-04,-4.899999999999999842e-04,-4.899999999999999842e-04,-4.899999999999999842e-04,-5.000000000000000104e-04,-5.000000000000000104e-04,-5.100000000000000366e-04,-5.100000000000000366e-04,-5.199999999999999544e-04,-5.199999999999999544e-04,-5.299999999999999807e-04,-5.299999999999999807e-04,-4.800000000000000122e-04,-4.800000000000000122e-04,-4.899999999999999842e-04,-4.899999999999999842e-04,-4.899999999999999842e-04,-5.000000000000000104e-04,-5.000000000000000104e-04,-5.100000000000000366e-04,-5.100000000000000366e-04,-5.199999999999999544e-04,-5.199999999999999544e-04,-5.299999999999999807e-04,-5.299999999999999807e-04,-4.299999999999999894e-04,-4.400000000000000157e-04,-4.400000000000000157e-04,-4.400000000000000157e-04,-4.400000000000000157e-04,-4.400000000000000157e-04,-4.499999999999999877e-04,-4.499999999999999877e-04,-4.499999999999999877e-04,-4.499999999999999877e-04,-4.600000000000000139e-04,-4.600000000000000139e-04,-4.600000000000000139e-04,-4.699999999999999859e-04,-4.699999999999999859e-04,-4.800000000000000122e-04,-4.800000000000000122e-04,-4.899999999999999842e-04,-4.899999999999999842e-04,-5.000000000000000104e-04,-5.000000000000000104e-04,-5.100000000000000366e-04,-5.199999999999999544e-04,-5.299999999999999807e-04,-5.400000000000000069e-04,-5.599999999999999509e-04,-4.299999999999999894e-04,-4.400000000000000157e-04,-4.400000000000000157e-04,-4.400000000000000157e-04,-4.400000000000000157e-04,-4.400000000000000157e-04,-4.499999999999999877e-04,-4.499999999999999877e-04,-4.499999999999999877e-04,-4.499999999999999877e-04,-4.600000000000000139e-04,-4.600000000000000139e-04,-4.600000000000000139e-04,-4.699999999999999859e-04,-4.699999999999999859e-04,-4.800000000000000122e-04,-4.800000000000000122e-04,-4.899999999999999842e-04,-4.899999999999999842e-04,-5.000000000000000104e-04,-5.000000000000000104e-04,-5.100000000000000366e-04,-5.199999999999999544e-04,-5.299999999999999807e-04,-5.400000000000000069e-04,-5.599999999999999509e-04
clo*c/cref,-9.876365136635009093e-04,-9.462574061190481573e-04,-9.048782985745951885e-04,-8.634991910301421112e-04,-8.421717928389989456e-04,-7.997834387690714057e-04,-7.573950846991441910e-04,-7.320307004061028496e-04,-6.886330998107010638e-04,-6.452354992152992781e-04,-6.158341288203601945e-04,-5.844142653744721855e-04,-5.390287507887456166e-04,-3.631164188522336290e-04,-5.150746679178733753e-04,-4.896982704224440942e-04,-4.744158266862977084e-04,-4.484885288074166171e-04,-4.315522837219085204e-04,-4.050737295128383104e-04,-3.864829711844936693e-04,-3.667889559435015480e-04,-3.392079376122445790e-04,-3.116265147960587149e-04,-2.897264063940978144e-04,-2.615933551215881832e-04,-2.334598912744511494e-04,-9.876365136635009093e-04,-9.462574061190481573e-04,-9.048782985745951885e-04,-8.634991910301421112e-04,-8.421717928389989456e-04,-7.997834387690714057e-04,-7.573950846991441910e-04,-7.320307004061028496e-04,-6.886330998107010638e-04,-6.452354992152992781e-04,-6.158341288203601945e-04,-5.844142653744721855e-04,-5.390287507887456166e-04,-3.631164188522336290e-04,-5.150746679178733753e-04,-4.896982704224440942e-04,-4.744158266862977084e-04,-4.484885288074166171e-04,-4.315522837219085204e-04,-4.050737295128383104e-04,-3.864829711844936693e-04,-3.667889559435015480e-04,-3.392079376122445790e-04,-3.116265147960587149e-04,-2.897264063940978144e-04,-2.615933551215881832e-04,-2.334598912744511494e-04,-3.102440823854903497e-04,-2.974649473360622401e-04,-2.906167667092724024e-04,-2.775713996796479416e-04,-2.645260326500234265e-04,-2.566129241024479673e-04,-2.433013250926270739e-04,-2.345895206044623172e-04,-2.210116896144449642e-04,-2.115011891856909370e-04,-1.976571262154772058e-04,-1.873479298461339353e-04,-1.732376348957237987e-04,-3.102440823854903497e-04,-2.974649473360622401e-04,-2.906167667092724024e-04,-2.775713996796479416e-04,-2.645260326500234265e-04,-2.566129241024479673e-04,-2.433013250926270739e-04,-2.345895206044623172e-04,-2.210116896144449642e-04,-2.115011891856909370e-04,-1.976571262154772058e-04,-1.873479298461339353e-04,-1.732376348957237987e-04,-5.989412930574206399e-04,-5.897752681735078792e-04,-5.681543514488649870e-04,-5.465337906709595659e-04,-5.249132298930541448e-04,-5.032926691151488321e-04,-4.926192017085444198e-04,-4.705069005128868992e-04,-4.483949633536654655e-04,-4.262830261944439776e-04,-4.131526687915608323e-04,-3.905493552510233861e-04,-3.679456695843513455e-04,-3.535725888653388918e-04,-3.319230993253191554e-04,-3.168751759509441266e-04,-2.947650589739026395e-04,-2.783352532884624127e-04,-2.557645088743993374e-04,-2.379528208778941025e-04,-2.149214490268092765e-04,-1.957278787192389519e-04,-1.756130535376251801e-04,-1.545769734819680695e-04,-1.326196385522675388e-04,-1.117363405439513303e-04,-5.989412930574206399e-04,-5.897752681735078792e-04,-5.681543514488649870e-04,-5.465337906709595659e-04,-5.249132298930541448e-04,-5.032926691151488321e-04,-4.926192017085444198e-04,-4.705069005128868992e-04,-4.483949633536654655e-04,-4.262830261944439776e-04,-4.131526687915608323e-04,-3.905493552510233861e-04,-3.679456695843513455e-04,-3.535725888653388918e-04,-3.319230993253191554e-04,-3.168751759509441266e-04,-2.947650589739026395e-04,-2.783352532884624127e-04,-2.557645088743993374e-04,-2.379528208778941025e-04,-2.149214490268092765e-04,-1.957278787192389519e-04,-1.756130535376251801e-04,-1.545769734819680695e-04,-1.326196385522675388e-04,-1.117363405439513303e-04
cmx,6.700000000000000226e-04,1.770000000000000089e-03,3.000000000000000062e-03,4.519999999999999712e-03,6.369999999999999794e-03,8.630000000000000518e-03,1.141000000000000000e-02,1.486999999999999954e-02,1.919999999999999832e-02,2.454999999999999891e-02,3.124000000000000041e-02,3.971000000000000224e-02,5.754000000000000087e-02,6.438000000000000667e-02,7.378999999999999448e-02,9.464000000000000190e-02,1.213100000000000012e-01,1.495199999999999863e-01,1.871299999999999908e-01,2.204299999999999871e-01,2.741500000000000048e-01,3.120700000000000141e-01,3.382999999999999896e-01,3.828900000000000081e-01,4.450500000000000012e-01,4.950700000000000101e-01,4.569500000000000228e-01,-6.700000000000000226e-04,-1.770000000000000089e-03,-3.000000000000000062e-03,-4.519999999999999712e-03,-6.369999999999999794e-03,-8.630000000000000518e-03,-1.141000000000000000e-02,-1.486999999999999954e-02,-1.919999999999999832e-02,-2.454999999999999891e-02,-3.124000000000000041e-02,-3.971000000000000224e-02,-6.121999999999999664e-02,-7.323000000000000342e-02,-7.315000000000000668e-02,-9.464000000000000190e-02,-1.213100000000000012e-01,-1.495199999999999863e-01,-1.871299999999999908e-01,-2.204299999999999871e-01,-2.741500000000000048e-01,-3.120700000000000141e-01,-3.382999999999999896e-01,-3.828900000000000081e-01,-4.450500000000000012e-01,-4.950700000000000101e-01,-4.569500000000000228e-01,2.825000000000000080e-02,5.245999999999999969e-02,7.541000000000000481e-02,9.822999999999999787e-02,1.258700000000000097e-01,1.528299999999999936e-01,1.862300000000000066e-01,2.240499999999999992e-01,2.653599999999999848e-01,3.159399999999999986e-01,3.447799999999999754e-01,3.394099999999999895e-01,2.400700000000000056e-01,-2.724000000000000032e-02,-5.158999999999999697e-02,-7.381999999999999673e-02,-9.750999999999999945e-02,-1.239800000000000069e-01,-1.505700000000000094e-01,-1.850900000000000045e-01,-2.198900000000000021e-01,-2.620299999999999851e-01,-3.117800000000000016e-01,-3.394800000000000040e-01,-3.416899999999999937e-01,-2.365099999999999980e-01,-7.100000000000000191e-04,-4.699999999999999859e-04,-4.499999999999999877e-04,-6.599999999999999964e-04,-8.199999999999999824e-04,-9.399999999999999719e-04,-1.229999999999999974e-03,-1.590000000000000050e-03,-1.930000000000000075e-03,-2.370000000000000145e-03,-2.880000000000000181e-03,-3.449999999999999942e-03,-4.380000000000000213e-03,-6.279999999999999992e-03,-8.040000000000000271e-03,-1.444999999999999930e-02,-1.902999999999999831e-02,-2.233999999999999875e-02,-2.485000000000000056e-02,-2.745999999999999830e-02,-2.705000000000000113e-02,-2.070999999999999924e-02,3.099999999999999999e-04,1.376999999999999925e-02,3.447999999999999676e-02,3.486000000000000210e-02,9.799999999999999684e-04,4.000000000000000192e-04,5.199999999999999544e-04,6.899999999999999667e-04,9.399999999999999719e-04,1.250000000000000026e-03,1.549999999999999946e-03,1.850000000000000082e-03,2.239999999999999804e-03,2.680000000000000090e-03,3.220000000000000206e-03,3.910000000000000281e-03,4.890000000000000249e-03,6.890000000000000291e-03,8.959999999999999215e-03,1.417000000000000030e-02,1.893999999999999850e-02,2.233999999999999875e-02,2.485000000000000056e-02,2.745999999999999830e-02,2.705000000000000113e-02,2.070999999999999924e-02,-3.099999999999999999e-04,-1.376999999999999925e-02,-3.447999999999999676e-02,-3.486000000000000210e-02
cmx*c/cref,1.613942595498891889e-03,4.085062460562720321e-03,6.621060721277526213e-03,9.519552057210348139e-03,1.277293885805814988e-02,1.643364542042163520e-02,2.057589980099341562e-02,2.531464305822965152e-02,3.074826864271037324e-02,3.683844536217580762e-02,4.372422314624557077e-02,5.157131217337842383e-02,6.892380960085428554e-02,4.583810793275843593e-02,8.262469509926058386e-02,1.007500963321306814e-01,1.224497530538612294e-01,1.426766060154998628e-01,1.682424559435015399e-01,1.860216712427394670e-01,2.162332786739366297e-01,2.289276589625770519e-01,2.295080905884446520e-01,2.386373525005258123e-01,2.528288964033200692e-01,2.539353378824404928e-01,2.091754849369812930e-01,-1.613942595498891889e-03,-4.085062460562720321e-03,-6.621060721277526213e-03,-9.519552057210348139e-03,-1.277293885805814988e-02,-1.643364542042163520e-02,-2.057589980099341562e-02,-2.531464305822965152e-02,-3.074826864271037324e-02,-3.683844536217580762e-02,-4.372422314624557077e-02,-5.157131217337842383e-02,-7.333186694063779931e-02,-5.213924578931190129e-02,-8.190806947433139362e-02,-1.007500963321306814e-01,-1.224497530538612294e-01,-1.426766060154998628e-01,-1.682424559435015399e-01,-1.860216712427394670e-01,-2.162332786739366297e-01,-2.289276589625770519e-01,-2.295080905884446520e-01,-2.386373525005258123e-01,-2.528288964033200692e-01,-2.539353378824404928e-01,-2.091754849369812930e-01,1.825915693206271381e-02,3.251043986927047019e-02,4.472532730111476729e-02,5.564456855210575537e-02,6.795079944828255614e-02,7.843630638115424436e-02,9.062001154399987324e-02,1.030583962577054508e-01,1.149954156001747330e-01,1.285032417525523163e-01,1.310542768780235123e-01,1.199769073001439867e-01,7.847011133852153930e-02,-1.760635167537657683e-02,-3.197128465222385391e-02,-4.378230554791528312e-02,-5.523670853624994270e-02,-6.693048475091818716e-02,-7.727641596421118420e-02,-9.006528452278868280e-02,-1.011448817366965014e-01,-1.135523392738686521e-01,-1.268112322390667901e-01,-1.290396946300580994e-01,-1.207828568851424533e-01,-7.730647741356158620e-02,-9.889495769087642846e-04,-6.299872182762470503e-04,-5.810669503454300461e-04,-8.198006860064393489e-04,-9.782473829825098690e-04,-1.075216156745999576e-03,-1.346492484670021262e-03,-1.662457715145533718e-03,-1.923116176161276426e-03,-2.245090604624071663e-03,-2.586694969825424455e-03,-2.929120164382675341e-03,-3.503482679955345538e-03,-4.724331612924102114e-03,-5.678003656543757771e-03,-9.539263109356545603e-03,-1.168620640056951265e-02,-1.268981542543724632e-02,-1.297091437863025394e-02,-1.306836892261394392e-02,-1.162725039235038178e-02,-7.948086996618506511e-03,1.046923973012765606e-04,4.016084763861698347e-03,8.468009513485526968e-03,6.955587198860971147e-03,1.365028993479702702e-03,5.361593347031890205e-04,6.714551426213857853e-04,8.570643535521865969e-04,1.121405536589706493e-03,1.429808719077127130e-03,1.696799472551652893e-03,1.934306146552979607e-03,2.232010484249356743e-03,2.538752244891355047e-03,2.892068681540925935e-03,3.319669519633698836e-03,3.911422444059734632e-03,5.183223696345074308e-03,6.327725467989063490e-03,9.354419256718496389e-03,1.163093795201190599e-02,1.268981542543724632e-02,1.297091437863025394e-02,1.306836892261394392e-02,1.162725039235038178e-02,7.948086996618506511e-03,-1.046923973012765606e-04,-4.016084763861698347e-03,-8.468009513485526968e-03,-6.955587198860971147e-03
cmxi,6.700000000000000226e-04,1.770000000000000089e-03,3.000000000000000062e-03,4.519999999999999712e-03,6.369999999999999794e-03,8.630000000000000518e-03,1.141000000000000000e-02,1.486999999999999954e-02,1.919999999999999832e-02,2.454999999999999891e-02,3.124000000000000041e-02,3.971000000000000224e-02,5.754000000000000087e-02,6.438000000000000667e-02,7.378999999999999448e-02,9.464000000000000190e-02,1.213100000000000012e-01,1.495199999999999863e-01,1.871299999999999908e-01,2.204299999999999871e-01,2.741500000000000048e-01,3.120700000000000141e-01,3.382999999999999896e-01,3.828900000000000081e-01,4.450500000000000012e-01,4.950700000000000101e-01,4.569500000000000228e-01,-6.700000000000000226e-04,-1.770000000000000089e-03,-3.000000000000000062e-03,-4.519999999999999712e-03,-6.369999999999999794e-03,-8.630000000000000518e-03,-1.141000000000000000e-02,-1.486999999999999954e-02,-1.919999999999999832e-02,-2.454999999999999891e-02,-3.124000000000000041e-02,-3.971000000000000224e-02,-6.121999999999999664e-02,-7.323000000000000342e-02,-7.315000000000000668e-02,-9.464000000000000190e-02,-1.213100000000000012e-01,-1.495199999999999863e-01,-1.871299999999999908e-01,-2.204299999999999871e-01,-2.741500000000000048e-01,-3.120700000000000141e-01,-3.382999999999999896e-01,-3.828900000000000081e-01,-4.450500000000000012e-01,-4.950700000000000101e-01,-4.569500000000000228e-01,2.825000000000000080e-02,5.245999999999999969e-02,7.541000000000000481e-02,9.822999999999999787e-02,1.258700000000000097e-01,1.528299999999999936e-01,1.862300000000000066e-01,2.240499999999999992e-01,2.653599999999999848e-01,3.159399999999999986e-01,3.447799999999999754e-01,3.394099999999999895e-01,2.400700000000000056e-01,-2.724000000000000032e-02,-5.158999999999999697e-02,-7.381999999999999673e-02,-9.750999999999999945e-02,-1.239800000000000069e-01,-1.505700000000000094e-01,-1.850900000000000045e-01,-2.198900000000000021e-01,-2.620299999999999851e-01,-3.117800000000000016e-01,-3.394800000000000040e-01,-3.416899999999999937e-01,-2.365099999999999980e-01,-7.100000000000000191e-04,-4.699999999999999859e-04,-4.499999999999999877e-04,-6.599999999999999964e-04,-8.199999999999999824e-04,-9.399999999999999719e-04,-1.229999999999999974e-03,-1.590000000000000050e-03,-1.930000000000000075e-03,-2.370000000000000145e-03,-2.880000000000000181e-03,-3.449999999999999942e-03,-4.380000000000000213e-03,-6.279999999999999992e-03,-8.040000000000000271e-03,-1.444999999999999930e-02,-1.902999999999999831e-02,-2.233999999999999875e-02,-2.485000000000000056e-02,-2.745999999999999830e-02,-2.705000000000000113e-02,-2.070999999999999924e-02,3.099999999999999999e-04,1.376999999999999925e-02,3.447999999999999676e-02,3.486000000000000210e-02,9.799999999999999684e-04,4.000000000000000192e-04,5.199999999999999544e-04,6.899999999999999667e-04,9.399999999999999719e-04,1.250000000000000026e-03,1.549999999999999946e-03,1.850000000000000082e-03,2.239999999999999804e-03,2.680000000000000090e-03,3.220000000000000206e-03,3.910000000000000281e-03,4.890000000000000249e-03,6.890000000000000291e-03,8.959999999999999215e-03,1.417000000000000030e-02,1.893999999999999850e-02,2.233999999999999875e-02,2.485000000000000056e-02,2.745999999999999830e-02,2.705000000000000113e-02,2.070999999999999924e-02,-3.099999999999999999e-04,-1.376999999999999925e-02,-3.447999999999999676e-02,-3.486000000000000210e-02
cmxi*c/cref,1.613942595498891889e-03,4.085062460562720321e-03,6.621060721277526213e-03,9.519552057210348139e-03,1.277293885805814988e-02,1.643364542042163520e-02,2.057589980099341562e-02,2.531464305822965152e-02,3.074826864271037324e-02,3.683844536217580762e-02,4.372422314624557077e-02,5.157131217337842383e-02,6.892380960085428554e-02,4.583810793275843593e-02,8.262469509926058386e-02,1.007500963321306814e-01,1.224497530538612294e-01,1.426766060154998628e-01,1.682424559435015399e-01,1.860216712427394670e-01,2.162332786739366297e-01,2.289276589625770519e-01,2.295080905884446520e-01,2.386373525005258123e-01,2.528288964033200692e-01,2.539353378824404928e-01,2.091754849369812930e-01,-1.613942595498891889e-03,-4.085062460562720321e-03,-6.621060721277526213e-03,-9.519552057210348139e-03,-1.277293885805814988e-02,-1.643364542042163520e-02,-2.057589980099341562e-02,-2.531464305822965152e-02,-3.074826864271037324e-02,-3.683844536217580762e-02,-4.372422314624557077e-02,-5.157131217337842383e-02,-7.333186694063779931e-02,-5.213924578931190129e-02,-8.190806947433139362e-02,-1.007500963321306814e-01,-1.224497530538612294e-01,-1.426766060154998628e-01,-1.682424559435015399e-01,-1.860216712427394670e-01,-2.162332786739366297e-01,-2.289276589625770519e-01,-2.295080905884446520e-01,-2.386373525005258123e-01,-2.528288964033200692e-01,-2.539353378824404928e-01,-2.091754849369812930e-01,1.825915693206271381e-02,3.251043986927047019e-02,4.472532730111476729e-02,5.564456855210575537e-02,6.795079944828255614e-02,7.843630638115424436e-02,9.062001154399987324e-02,1.030583962577054508e-01,1.149954156001747330e-01,1.285032417525523163e-01,1.310542768780235123e-01,1.199769073001439867e-01,7.847011133852153930e-02,-1.760635167537657683e-02,-3.197128465222385391e-02,-4.378230554791528312e-02,-5.523670853624994270e-02,-6.693048475091818716e-02,-7.727641596421118420e-02,-9.006528452278868280e-02,-1.011448817366965014e-01,-1.135523392738686521e-01,-1.268112322390667901e-01,-1.290396946300580994e-01,-1.207828568851424533e-01,-7.730647741356158620e-02,-9.889495769087642846e-04,-6.299872182762470503e-04,-5.810669503454300461e-04,-8.198006860064393489e-04,-9.782473829825098690e-04,-1.075216156745999576e-03,-1.346492484670021262e-03,-1.662457715145533718e-03,-1.923116176161276426e-03,-2.245090604624071663e-03,-2.586694969825424455e-03,-2.929120164382675341e-03,-3.503482679955345538e-03,-4.724331612924102114e-03,-5.678003656543757771e-03,-9.539263109356545603e-03,-1.168620640056951265e-02,-1.268981542543724632e-02,-1.297091437863025394e-02,-1.306836892261394392e-02,-1.162725039235038178e-02,-7.948086996618506511e-03,1.046923973012765606e-04,4.016084763861698347e-03,8.468009513485526968e-03,6.955587198860971147e-03,1.365028993479702702e-03,5.361593347031890205e-04,6.714551426213857853e-04,8.570643535521865969e-04,1.121405536589706493e-03,1.429808719077127130e-03,1.696799472551652893e-03,1.934306146552979607e-03,2.232010484249356743e-03,2.538752244891355047e-03,2.892068681540925935e-03,3.319669519633698836e-03,3.911422444059734632e-03,5.183223696345074308e-03,6.327725467989063490e-03,9.354419256718496389e-03,1.163093795201190599e-02,1.268981542543724632e-02,1.297091437863025394e-02,1.306836892261394392e-02,1.162725039235038178e-02,7.948086996618506511e-03,-1.046923973012765606e-04,-4.016084763861698347e-03,-8.468009513485526968e-03,-6.955587198860971147e-03
cmxo,0.000000000000000000e+00,0.000000000000000000e+00,0.000000000000000000e+00,0.000000000000000000e+00,0.000000000000000000e+00,0.000000000000000000e+00,0.000000000000000000e+00,0.000000000000000000e+00,0.000000000000000000e+00,0.000000000000000000e+00,0.000000000000000000e+00,0.000000000000000000e+00,0.000000000000000000e+00,0.000000000000000000e+00,0.000000000000000000e+00,0.000000000000000000e+00,0.000000000000000000e+00,0.000000000000000000e+00,0.000000000000000000e+00,0.000000000000000000e+00,0.000000000000000000e+00,0.000000000000000000e+00,0.000000000000000000e+00,0.000000000000000000e+00,0.000000000000000000e+00,0.000000000000000000e+00,0.000000000000000000e+00,-0.000000000000000000e+00,-0.000000000000000000e+00,-0.000000000000000000e+00,-0.000000000000000000e+00,-0.000000000000000000e+00,-0.000000000000000000e+00,-0.000000000000000000e+00,-0.000000000000000000e+00,-0.000000000000000000e+00,-0.000000000000000000e+00,-0.000000000000000000e+00,-0.000000000000000000e+00,-0.000000000000000000e+00,-0.000000000000000000e+00,-0.000000000000000000e+00,-0.000000000000000000e+00,-0.000000000000000000e+00,0.000000000000000000e+00,0.000000000000000000e+00,0.000000000000000000e+00,0.000000000000000000e+00,0.000000000000000000e+00,0.000000000000000000e+00,0.000000000000000000e+00,0.000000000000000000e+00,0.000000000000000000e+00,0.000000000000000000e+00,0.000000000000000000e+00,0.000000000000000000e+00,0.000000000000000000e+00,0.000000000000000000e+00,0.000000000000000000e+00,0.000000000000000000e+00,0.000000000000000000e+00,0.000000000000000000e+00,0.000000000000000000e+00,0.000000000000000000e+00,0.000000000000000000e+00,0.000000000000000000e+00,0.000000000000000000e+00,-0.000000000000000000e+00,-0.000000000000000000e+00,-0.000000000000000000e+00,0.000000000000000000e+00,0.000000000000000000e+00,0.000000000000000000e+00,0.000000000000000000e+00,0.000000000000000000e+00,0.000000000000000000e+00,0.000000000000000000e+00,0.000000000000000000e+00,0.000000000000000000e+00,0.000000000000000000e+00,0.000000000000000000e+00,0.000000000000000000e+00,0.000000000000000000e+00,0.000000000000000000e+00,0.000000000000000000e+00,0.000000000000000000e+00,0.000000000000000000e+00,0.000000000000000000e+00,0.000000000000000000e+00,0.000000000000000000e+00,0.000000000000000000e+00,0.000000000000000000e+00,0.000000000000000000e+00,0.000000000000000000e+00,0.000000000000000000e+00,0.000000000000000000e+00,0.000000000000000000e+00,0.000000000000000000e+00,0.000000000000000000e+00,0.000000000000000000e+00,0.000000000000000000e+00,0.000000000000000000e+00,0.000000000000000000e+00,0.000000000000000000e+00,0.000000000000000000e+00,0.000000000000000000e+00,-0.000000000000000000e+00,-0.000000000000000000e+00,-0.000000000000000000e+00,-0.000000000000000000e+00,-0.000000000000000000e+00,-0.000000000000000000e+00,-0.000000000000000000e+00,-0.000000000000000000e+00,-0.000000000000000000e+00,-0.000000000000000000e+00,-0.000000000000000000e+00,-0.000000000000000000e+00,-0.000000000000000000e+00,-0.000000000000000000e+00,-0.000000000000000000e+00,-0.000000000000000000e+00,-0.000000000000000000e+00,-0.000000000000000000e+00,-0.000000000000000000e+00,-0.000000000000000000e+00,-0.000000000000000000e+00,-0.000000000000000000e+00,-0.000000000000000000e+00,-0.000000000000000000e+00,-0.000000000000000000e+00,-0.000000000000000000e+00
cmxo*c/cref,0.000000000000000000e+00,0.000000000000000000e+00,0.000000000000000000e+00,0.000000000000000000e+00,0.000000000000000000e+00,0.000000000000000000e+00,0.000000000000000000e+00,0.000000000000000000e+00,0.000000000000000000e+00,0.000000000000000000e+00,0.000000000000000000e+00,0.000000000000000000e+00,0.000000000000000000e+00,0.000000000000000000e+00,0.000000000000000000e+00,0.000000000000000000e+00,0.000000000000000000e+00,0.000000000000000000e+00,0.000000000000000000e+00,0.000000000000000000e+00,0.000000000000000000e+00,0.000000000000000000e+00,0.000000000000000000e+00,0.000000000000000000e+00,0.000000000000000000e+00,0.000000000000000000e+00,0.000000000000000000e+00,-0.000000000000000000e+00,-0.000000000000000000e+00,-0.000000000000000000e+00,-0.000000000000000000e+00,-0.000000000000000000e+00,-0.000000000000000000e+00,-0.000000000000000000e+00,-0.000000000000000000e+00,-0.000000000000000000e+00,-0.000000000000000000e+00,-0.000000000000000000e+00,-0.000000000000000000e+00,-0.000000000000000000e+00,-0.000000000000000000e+00,-0.000000000000000000e+00,-0.000000000000000000e+00,-0.000000000000000000e+00,0.000000000000000000e+00,0.000000000000000000e+00,0.000000000000000000e+00,0.000000000000000000e+00,0.000000000000000000e+00,0.000000000000000000e+00,0.000000000000000000e+00,0.000000000000000000e+00,0.000000000000000000e+00,0.000000000000000000e+00,0.000000000000000000e+00,0.000000000000000000e+00,0.000000000000000000e+00,0.000000000000000000e+00,0.000000000000000000e+00,0.000000000000000000e+00,0.000000000000000000e+00,0.000000000000000000e+00,0.000000000000000000e+00,0.000000000000000000e+00,0.000000000000000000e+00,0.000000000000000000e+00,0.000000000000000000e+00,-0.000000000000000000e+00,-0.000000000000000000e+00,-0.000000000000000000e+00,0.000000000000000000e+00,0.000000000000000000e+00,0.000000000000000000e+00,0.000000000000000000e+00,0.000000000000000000e+00,0.000000000000000000e+00,0.000000000000000000e+00,0.000000000000000000e+00,0.000000000000000000e+00,0.000000000000000000e+00,0.000000000000000000e+00,0.000000000000000000e+00,0.000000000000000000e+00,0.000000000000000000e+00,0.000000000000000000e+00,0.000000000000000000e+00,0.000000000000000000e+00,0.000000000000000000e+00,0.000000000000000000e+00,0.000000000000000000e+00,0.000000000000000000e+00,0.000000000000000000e+00,0.000000000000000000e+00,0.000000000000000000e+00,0.000000000000000000e+00,0.000000000000000000e+00,0.000000000000000000e+00,0.000000000000000000e+00,0.000000000000000000e+00,0.000000000000000000e+00,0.000000000000000000e+00,0.000000000000000000e+00,0.000000000000000000e+00,0.000000000000000000e+00,0.000000000000000000e+00,0.000000000000000000e+00,-0.000000000000000000e+00,-0.000000000000000000e+00,-0.000000000000000000e+00,-0.000000000000000000e+00,-0.000000000000000000e+00,-0.000000000000000000e+00,-0.000000000000000000e+00,-0.000000000000000000e+00,-0.000000000000000000e+00,-0.000000000000000000e+00,-0.000000000000000000e+00,-0.000000000000000000e+00,-0.000000000000000000e+00,-0.000000000000000000e+00,-0.000000000000000000e+00,-0.000000000000000000e+00,-0.000000000000000000e+00,-0.000000000000000000e+00,-0.000000000000000000e+00,-0.000000000000000000e+00,-0.000000000000000000e+00,-0.000000000000000000e+00,-0.000000000000000000e+00,-0.000000000000000000e+00,-0.000000000000000000e+00,-0.000000000000000000e+00
cmy,-2.999999999999999737e-04,-3.910000000000000281e-03,-6.760000000000000384e-03,-1.005999999999999950e-02,-1.387999999999999998e-02,-1.832999999999999907e-02,-2.375000000000000028e-02,-3.058999999999999914e-02,-3.912000000000000199e-02,-4.939000000000000334e-02,-6.189000000000000057e-02,-7.746000000000000107e-02,-9.823999999999999400e-02,-1.621400000000000063e-01,-1.396499999999999964e-01,-1.633999999999999897e-01,-1.983099999999999863e-01,-2.307700000000000029e-01,-2.794300000000000117e-01,-3.135200000000000209e-01,-3.816599999999999993e-01,-4.176400000000000112e-01,-4.299799999999999733e-01,-4.670699999999999852e-01,-5.250399999999999512e-01,-5.630399999999999849e-01,-4.973699999999999788e-01,-2.999999999999999737e-04,-3.910000000000000281e-03,-6.760000000000000384e-03,-1.005999999999999950e-02,-1.387999999999999998e-02,-1.832999999999999907e-02,-2.375000000000000028e-02,-3.058999999999999914e-02,-3.912000000000000199e-02,-4.939000000000000334e-02,-6.189000000000000057e-02,-7.746999999999999720e-02,-1.111199999999999966e-01,-1.951299999999999979e-01,-1.374499999999999889e-01,-1.633999999999999897e-01,-1.983099999999999863e-01,-2.307700000000000029e-01,-2.794300000000000117e-01,-3.135200000000000209e-01,-3.816599999999999993e-01,-4.176400000000000112e-01,-4.299799999999999733e-01,-4.670699999999999852e-01,-5.250399999999999512e-01,-5.630399999999999849e-01,-4.973699999999999788e-01,-1.191399999999999959e-01,-2.122699999999999865e-01,-2.913299999999999779e-01,-3.619100000000000095e-01,-4.461100000000000065e-01,-5.194600000000000328e-01,-6.103300000000000392e-01,-7.108799999999999564e-01,-8.162199999999999456e-01,-9.443500000000000227e-01,-9.970799999999999663e-01,-9.484900000000000553e-01,-6.457000000000000517e-01,-1.149899999999999950e-01,-2.093200000000000061e-01,-2.854300000000000170e-01,-3.602400000000000047e-01,-4.394000000000000128e-01,-5.117500000000000382e-01,-6.074399999999999800e-01,-6.972699999999999454e-01,-8.057100000000000373e-01,-9.313900000000000512e-01,-9.806300000000000017e-01,-9.555299999999999905e-01,-6.355600000000000138e-01,1.899999999999999996e-03,9.899999999999999946e-04,7.600000000000000418e-04,1.049999999999999935e-03,1.199999999999999895e-03,1.240000000000000000e-03,1.549999999999999946e-03,1.910000000000000022e-03,2.190000000000000106e-03,2.550000000000000183e-03,2.929999999999999879e-03,3.340000000000000087e-03,4.080000000000000293e-03,5.290000000000000431e-03,6.239999999999999887e-03,1.031999999999999931e-02,1.274999999999999918e-02,1.435999999999999950e-02,1.564000000000000112e-02,1.720000000000000001e-02,1.779999999999999985e-02,1.659000000000000058e-02,1.085999999999999986e-02,9.369999999999999857e-03,7.239999999999999908e-03,1.375000000000000007e-02,2.799999999999999972e-03,8.300000000000000086e-04,8.999999999999999754e-04,1.090000000000000040e-03,1.399999999999999986e-03,1.740000000000000010e-03,2.010000000000000068e-03,2.239999999999999804e-03,2.540000000000000157e-03,2.880000000000000181e-03,3.279999999999999930e-03,3.799999999999999992e-03,4.570000000000000277e-03,5.810000000000000060e-03,6.939999999999999988e-03,1.013999999999999971e-02,1.269999999999999948e-02,1.434999999999999991e-02,1.564000000000000112e-02,1.720000000000000001e-02,1.779999999999999985e-02,1.659000000000000058e-02,1.085999999999999986e-02,9.369999999999999857e-03,7.239999999999999908e-03,1.375000000000000007e-02
cmy*c/cref,-7.226608636562201855e-04,-9.024064531525557986e-03,-1.491945682527869195e-02,-2.118732161405665823e-02,-2.783177258239358243e-02,-3.490483436342161488e-02,-4.282888871810636849e-02,-5.207632354749461984e-02,-6.264959735952238540e-02,-7.411204954940379952e-02,-8.662266871066384710e-02,-1.005971755464591388e-01,-1.176759655055252679e-01,-1.154425414758846330e-01,-1.563699508146326467e-01,-1.739493421457116717e-01,-2.001731970003397809e-01,-2.202078676444415573e-01,-2.512263638341935557e-01,-2.645806576601356097e-01,-3.010307975148446280e-01,-3.063714791204879551e-01,-2.917052580290258046e-01,-2.911027925315902709e-01,-2.982704949277589779e-01,-2.887990640542333343e-01,-2.276783257317132603e-01,-7.226608636562201855e-04,-9.024064531525557986e-03,-1.491945682527869195e-02,-2.118732161405665823e-02,-2.783177258239358243e-02,-3.490483436342161488e-02,-4.282888871810636849e-02,-5.207632354749461984e-02,-6.264959735952238540e-02,-7.411204954940379952e-02,-8.662266871066384710e-02,-1.006101625301341340e-01,-1.331041661947675869e-01,-1.389311898247771460e-01,-1.539065502289384546e-01,-1.739493421457116717e-01,-2.001731970003397809e-01,-2.202078676444415573e-01,-2.512263638341935557e-01,-2.645806576601356097e-01,-3.010307975148446280e-01,-3.063714791204879551e-01,-2.917052580290258046e-01,-2.911027925315902709e-01,-2.982704949277589779e-01,-2.887990640542333343e-01,-2.276783257317132603e-01,-7.700516661543191366e-02,-1.315476757729706903e-01,-1.727864951947190308e-01,-2.050119699144110075e-01,-2.408320580112285059e-01,-2.666002991085152374e-01,-2.969881954875661645e-01,-3.269901929554904774e-01,-3.537140417590240449e-01,-3.840983615528985595e-01,-3.789999373210154454e-01,-3.352785622259614740e-01,-2.110557374569224098e-01,-7.432284798647402491e-02,-1.297195057841344923e-01,-1.692872320853625046e-01,-2.040659612665232381e-01,-2.372096709110618484e-01,-2.626433278188555209e-01,-2.955819138285307734e-01,-3.207298726115165310e-01,-3.491594675279499072e-01,-3.788271011455013881e-01,-3.727471301551604221e-01,-3.377671083129742402e-01,-2.077413419515589110e-01,2.646484783276974694e-03,1.326994353390392647e-03,9.813575161389486139e-04,1.304228364101153465e-03,1.431581536071965810e-03,1.418370249324510217e-03,1.696799472551652893e-03,1.997040399954697672e-03,2.182188821654505555e-03,2.415603815101849405e-03,2.631602868607115300e-03,2.835727927257430687e-03,3.263518112835116225e-03,3.979572329994985128e-03,4.406808808063811950e-03,6.812816282945297584e-03,7.829696878994287651e-03,8.156927014739429743e-03,8.163585548562462060e-03,8.185577038199557537e-03,7.651203585354409559e-03,6.366912760690537215e-03,3.667611079651172685e-03,2.732804229294416489e-03,1.778085524293364795e-03,2.743526218713091078e-03,3.900082838513436664e-03,1.112530619509116995e-03,1.162133900690860092e-03,1.353913254162149868e-03,1.670178458750626706e-03,1.990293736955361069e-03,2.200365767631498430e-03,2.342078793664147899e-03,2.530940459818467343e-03,2.728211367644441717e-03,2.945958160078955123e-03,3.226277282508453748e-03,3.655460239131490350e-03,4.370759024058763764e-03,4.901162360250457643e-03,6.693988091963694147e-03,7.798992185351173029e-03,8.151246703447828645e-03,8.163585548562462060e-03,8.185577038199557537e-03,7.651203585354409559e-03,6.366912760690537215e-03,3.667611079651172685e-03,2.732804229294416489e-03,1.778085524293364795e-03,2.743526218713091078e-03
cmyi,-3.600000000000000227e-04,-3.969999999999999571e-03,-6.830000000000000134e-03,-1.013000000000000012e-02,-1.393999999999999927e-02,-1.839999999999999969e-02,-2.381000000000000130e-02,-3.065000000000000016e-02,-3.917999999999999955e-02,-4.945000000000000090e-02,-6.196000000000000119e-02,-7.752000000000000557e-02,-9.829000000000000237e-02,-1.622500000000000053e-01,-1.397100000000000009e-01,-1.634400000000000019e-01,-1.983300000000000063e-01,-2.307700000000000029e-01,-2.793999999999999817e-01,-3.134600000000000164e-01,-3.815700000000000203e-01,-4.174999999999999822e-01,-4.298000000000000154e-01,-4.668399999999999772e-01,-5.247500000000000497e-01,-5.626600000000000490e-01,-4.968899999999999983e-01,-3.600000000000000227e-04,-3.969999999999999571e-03,-6.830000000000000134e-03,-1.013000000000000012e-02,-1.393999999999999927e-02,-1.839999999999999969e-02,-2.381000000000000130e-02,-3.065000000000000016e-02,-3.917999999999999955e-02,-4.945000000000000090e-02,-6.196000000000000119e-02,-7.753000000000000169e-02,-1.111800000000000010e-01,-1.952399999999999969e-01,-1.375000000000000111e-01,-1.634400000000000019e-01,-1.983300000000000063e-01,-2.307700000000000029e-01,-2.793999999999999817e-01,-3.134600000000000164e-01,-3.815700000000000203e-01,-4.174999999999999822e-01,-4.298000000000000154e-01,-4.668399999999999772e-01,-5.247500000000000497e-01,-5.626600000000000490e-01,-4.968899999999999983e-01,-1.191900000000000043e-01,-2.122999999999999887e-01,-2.913299999999999779e-01,-3.618899999999999895e-01,-4.460600000000000120e-01,-5.193799999999999528e-01,-6.102300000000000502e-01,-7.107299999999999729e-01,-8.160399999999999876e-01,-9.441199999999999593e-01,-9.967899999999999539e-01,-9.481300000000000283e-01,-6.452799999999999647e-01,-1.150299999999999934e-01,-2.093500000000000083e-01,-2.854300000000000170e-01,-3.602199999999999847e-01,-4.393599999999999728e-01,-5.116800000000000237e-01,-6.073300000000000365e-01,-6.971300000000000274e-01,-8.055200000000000138e-01,-9.311500000000000332e-01,-9.803399999999999892e-01,-9.551800000000000290e-01,-6.351299999999999724e-01,1.879999999999999944e-03,9.100000000000000016e-04,6.099999999999999737e-04,8.300000000000000086e-04,9.100000000000000016e-04,8.599999999999999789e-04,1.090000000000000040e-03,1.340000000000000045e-03,1.510000000000000057e-03,1.750000000000000036e-03,1.979999999999999989e-03,2.239999999999999804e-03,2.799999999999999972e-03,3.710000000000000190e-03,4.210000000000000200e-03,7.769999999999999997e-03,9.599999999999999159e-03,1.048999999999999932e-02,1.093000000000000048e-02,1.145999999999999970e-02,1.077000000000000006e-02,7.950000000000000469e-03,1.200000000000000030e-04,-4.199999999999999740e-03,-1.034000000000000023e-02,-9.879999999999999893e-03,2.769999999999999893e-03,7.399999999999999894e-04,7.500000000000000156e-04,8.800000000000000313e-04,1.100000000000000066e-03,1.369999999999999907e-03,1.539999999999999919e-03,1.670000000000000043e-03,1.860000000000000108e-03,2.069999999999999792e-03,2.330000000000000040e-03,2.690000000000000117e-03,3.289999999999999956e-03,4.230000000000000253e-03,4.910000000000000302e-03,7.590000000000000392e-03,9.539999999999999869e-03,1.048999999999999932e-02,1.093000000000000048e-02,1.145999999999999970e-02,1.077000000000000006e-02,7.950000000000000469e-03,1.200000000000000030e-04,-4.199999999999999740e-03,-1.034000000000000023e-02,-9.879999999999999893e-03
cmyi*c/cref,-8.671930363874642660e-04,-9.162541225103952580e-03,-1.507394824210850012e-02,-2.133474830520814755e-02,-2.795208283851343886e-02,-3.503813160321646303e-02,-4.293708801592053398e-02,-5.217846736615593811e-02,-6.274568569903085646e-02,-7.420208240975942338e-02,-8.672064232206708190e-02,-1.006750974485090822e-01,-1.177358575889462522e-01,-1.155208607034802076e-01,-1.564371344669697461e-01,-1.739919246040092793e-01,-2.001933849078583461e-01,-2.202078676444415573e-01,-2.511993918164608930e-01,-2.645300234439464937e-01,-3.009598108466678967e-01,-3.062687782128237779e-01,-2.915831431714854260e-01,-2.909594443347840453e-01,-2.981057485398094786e-01,-2.886041513582603968e-01,-2.274585987752196781e-01,-8.671930363874642660e-04,-9.162541225103952580e-03,-1.507394824210850012e-02,-2.133474830520814755e-02,-2.795208283851343886e-02,-3.503813160321646303e-02,-4.293708801592053398e-02,-5.217846736615593811e-02,-6.274568569903085646e-02,-7.420208240975942338e-02,-8.672064232206708190e-02,-1.006880844321840635e-01,-1.331760366948727681e-01,-1.390095090523727206e-01,-1.539625366058860745e-01,-1.739919246040092793e-01,-2.001933849078583461e-01,-2.202078676444415573e-01,-2.511993918164608930e-01,-2.645300234439464937e-01,-3.009598108466678967e-01,-3.062687782128237779e-01,-2.915831431714854260e-01,-2.909594443347840453e-01,-2.981057485398094786e-01,-2.886041513582603968e-01,-2.274585987752196781e-01,-7.703748370734707362e-02,-1.315662673321791876e-01,-1.727864951947190308e-01,-2.050006404695261242e-01,-2.408050655589172862e-01,-2.665592410406588120e-01,-2.969395352225476237e-01,-3.269211960376656734e-01,-3.536360376332777777e-01,-3.840048129499895047e-01,-3.788897054621644944e-01,-3.351513070283301254e-01,-2.109184548028540662e-01,-7.434870166000615010e-02,-1.297380973433429896e-01,-1.692872320853625046e-01,-2.040546318216383270e-01,-2.371880769492128449e-01,-2.626074020094811279e-01,-2.955283875370103841e-01,-3.206654754882133362e-01,-3.490771298396621591e-01,-3.787294852120310362e-01,-3.726368982963094711e-01,-3.376433879819438211e-01,-2.076007906628699051e-01,2.618627048716164456e-03,1.219762486449754929e-03,7.876685326904718596e-04,1.030961468765673791e-03,1.085615998187907391e-03,9.837083987250634046e-04,1.193233177471807573e-03,1.401064992638374317e-03,1.504614210364521847e-03,1.657767324089504243e-03,1.778352791754979042e-03,1.901805556004983275e-03,2.239669293122138662e-03,2.790966605724270848e-03,2.973183506722540132e-03,5.129416910705907745e-03,5.895301179478051705e-03,5.958646544889736364e-03,5.705114453055480130e-03,5.453878654521332643e-03,4.629408012037471501e-03,3.051052227094019215e-03,4.052608927791351040e-05,-1.224949601177860014e-03,-2.539420486352678748e-03,-1.971348293882570126e-03,3.858296236672221092e-03,9.918947692008994819e-04,9.684449172423834464e-04,1.093067581341919132e-03,1.312283074732635470e-03,1.567070356108531386e-03,1.685852379180351884e-03,1.746103386347824761e-03,1.853365848528484069e-03,1.960901920494442091e-03,2.092708083226818647e-03,2.283864707880984765e-03,2.631611419418512787e-03,3.182153299788049918e-03,3.467537058909185826e-03,5.010588719724304307e-03,5.858455547106314505e-03,5.958646544889736364e-03,5.705114453055480130e-03,5.453878654521332643e-03,4.629408012037471501e-03,3.051052227094019215e-03,4.052608927791351040e-05,-1.224949601177860014e-03,-2.539420486352678748e-03,-1.971348293882570126e-03
cmyo,6.000000000000000152e-05,6.000000000000000152e-05,6.000000000000000152e-05,6.000000000000000152e-05,6.000000000000000152e-05,6.000000000000000152e-05,6.000000000000000152e-05,6.000000000000000152e-05,6.000000000000000152e-05,6.000000000000000152e-05,6.000000000000000152e-05,6.000000000000000152e-05,6.000000000000000152e-05,1.100000000000000039e-04,5.000000000000000240e-05,3.000000000000000076e-05,2.000000000000000164e-05,-1.000000000000000082e-05,-3.000000000000000076e-05,-6.000000000000000152e-05,-9.000000000000000567e-05,-1.299999999999999886e-04,-1.800000000000000113e-04,-2.300000000000000070e-04,-2.999999999999999737e-04,-3.800000000000000209e-04,-4.800000000000000122e-04,6.000000000000000152e-05,6.000000000000000152e-05,6.000000000000000152e-05,6.000000000000000152e-05,6.000000000000000152e-05,6.000000000000000152e-05,6.000000000000000152e-05,6.000000000000000152e-05,6.000000000000000152e-05,6.000000000000000152e-05,6.000000000000000152e-05,6.000000000000000152e-05,6.000000000000000152e-05,1.100000000000000039e-04,5.000000000000000240e-05,3.000000000000000076e-05,2.000000000000000164e-05,-1.000000000000000082e-05,-3.000000000000000076e-05,-6.000000000000000152e-05,-9.000000000000000567e-05,-1.299999999999999886e-04,-1.800000000000000113e-04,-2.300000000000000070e-04,-2.999999999999999737e-04,-3.800000000000000209e-04,-4.800000000000000122e-04,5.000000000000000240e-05,3.000000000000000076e-05,1.000000000000000082e-05,-2.000000000000000164e-05,-4.000000000000000327e-05,-6.999999999999999387e-05,-1.000000000000000048e-04,-1.399999999999999877e-04,-1.900000000000000105e-04,-2.300000000000000070e-04,-2.900000000000000017e-04,-3.499999999999999964e-04,-4.299999999999999894e-04,5.000000000000000240e-05,3.000000000000000076e-05,1.000000000000000082e-05,-2.000000000000000164e-05,-4.000000000000000327e-05,-6.999999999999999387e-05,-1.000000000000000048e-04,-1.399999999999999877e-04,-1.800000000000000113e-04,-2.300000000000000070e-04,-2.900000000000000017e-04,-3.499999999999999964e-04,-4.299999999999999894e-04,2.000000000000000164e-05,9.000000000000000567e-05,1.499999999999999869e-04,2.200000000000000078e-04,2.900000000000000017e-04,3.800000000000000209e-04,4.699999999999999859e-04,5.699999999999999772e-04,6.800000000000000488e-04,8.099999999999999561e-04,9.399999999999999719e-04,1.100000000000000066e-03,1.280000000000000105e-03,1.580000000000000024e-03,2.030000000000000120e-03,2.550000000000000183e-03,3.150000000000000022e-03,3.860000000000000150e-03,4.709999999999999777e-03,5.749999999999999903e-03,7.020000000000000198e-03,8.640000000000000110e-03,1.073999999999999955e-02,1.357000000000000046e-02,1.757999999999999841e-02,2.363000000000000170e-02,2.000000000000000164e-05,9.000000000000000567e-05,1.499999999999999869e-04,2.200000000000000078e-04,2.900000000000000017e-04,3.800000000000000209e-04,4.699999999999999859e-04,5.699999999999999772e-04,6.800000000000000488e-04,8.099999999999999561e-04,9.399999999999999719e-04,1.100000000000000066e-03,1.280000000000000105e-03,1.580000000000000024e-03,2.030000000000000120e-03,2.550000000000000183e-03,3.150000000000000022e-03,3.860000000000000150e-03,4.709999999999999777e-03,5.749999999999999903e-03,7.020000000000000198e-03,8.640000000000000110e-03,1.073999999999999955e-02,1.357000000000000046e-02,1.757999999999999841e-02,2.363000000000000170e-02
cmyo*c/cref,1.445321727312440534e-04,1.384766935783973045e-04,1.324212144255505286e-04,1.263657352727037256e-04,1.203102561198569903e-04,1.142547769670102008e-04,1.081992978141634520e-04,1.021438186613166896e-04,9.608833950846992723e-05,9.003286035562315130e-05,8.397738120277638892e-05,7.792190204992962654e-05,7.187050010516608854e-05,7.831922759557979994e-05,5.598637694759493240e-05,3.193684372320287630e-05,2.018790751856586188e-05,-9.542309123562057449e-06,-2.697201773261928253e-05,-5.063421618910478881e-05,-7.098666817674373960e-05,-9.536512854531038839e-05,-1.221148575404080582e-04,-1.433481968061869991e-04,-1.704272978788810530e-04,-1.949126959729480485e-04,-2.197269564936010962e-04,1.445321727312440534e-04,1.384766935783973045e-04,1.324212144255505286e-04,1.263657352727037256e-04,1.203102561198569903e-04,1.142547769670102008e-04,1.081992978141634520e-04,1.021438186613166896e-04,9.608833950846992723e-05,9.003286035562315130e-05,8.397738120277638892e-05,7.792190204992962654e-05,7.187050010516608854e-05,7.831922759557979994e-05,5.598637694759493240e-05,3.193684372320287630e-05,2.018790751856586188e-05,-9.542309123562057449e-06,-2.697201773261928253e-05,-5.063421618910478881e-05,-7.098666817674373960e-05,-9.536512854531038839e-05,-1.221148575404080582e-04,-1.433481968061869991e-04,-1.704272978788810530e-04,-1.949126959729480485e-04,-2.197269564936010962e-04,3.231709191515524476e-05,1.859155920850389000e-05,5.930954422638213591e-06,-1.132944488488359097e-05,-2.159396184898150953e-05,-3.592580937434271325e-05,-4.866026501852541343e-05,-6.439712330318572296e-05,-8.233768828773440534e-05,-9.354860290905561303e-05,-1.102318588509392151e-04,-1.237203310304658033e-04,-1.405512886889834613e-04,3.231709191515524476e-05,1.859155920850389000e-05,5.930954422638213591e-06,-1.132944488488359097e-05,-2.159396184898150953e-05,-3.592580937434271325e-05,-4.866026501852541343e-05,-6.439712330318572296e-05,-7.800412574627470122e-05,-9.354860290905561303e-05,-1.102318588509392151e-04,-1.237203310304658033e-04,-1.405512886889834613e-04,2.785773456081026421e-05,1.206358503082175269e-04,1.936889834484766730e-04,2.732668953354797830e-04,3.459655378840584185e-04,4.346618505994467039e-04,5.145133884511463290e-04,5.959754073163233551e-04,6.775746112899833822e-04,7.673094471499990838e-04,8.442684970957981330e-04,9.339223712524471945e-04,1.023848819712977563e-03,1.188605724270713629e-03,1.433625301341272251e-03,1.683399372239390707e-03,1.934395699516235946e-03,2.192600158558091848e-03,2.458471095506981497e-03,2.736457440095782165e-03,3.017497144336402266e-03,3.315860533596518434e-03,3.627084990373258700e-03,3.957753830472276503e-03,4.317506010646042676e-03,4.714874512595661205e-03,2.785773456081026421e-05,1.206358503082175269e-04,1.936889834484766730e-04,2.732668953354797830e-04,3.459655378840584185e-04,4.346618505994467039e-04,5.145133884511463290e-04,5.959754073163233551e-04,6.775746112899833822e-04,7.673094471499990838e-04,8.442684970957981330e-04,9.339223712524471945e-04,1.023848819712977563e-03,1.188605724270713629e-03,1.433625301341272251e-03,1.683399372239390707e-03,1.934395699516235946e-03,2.192600158558091848e-03,2.458471095506981497e-03,2.736457440095782165e-03,3.017497144336402266e-03,3.315860533596518434e-03,3.627084990373258700e-03,3.957753830472276503e-03,4.317506010646042676e-03,4.714874512595661205e-03
cmz,-1.700000000000000122e-04,-5.000000000000000240e-05,3.000000000000000076e-05,1.100000000000000039e-04,2.200000000000000078e-04,3.499999999999999964e-04,5.100000000000000366e-04,7.299999999999999632e-04,1.030000000000000100e-03,1.379999999999999933e-03,1.830000000000000029e-03,2.399999999999999790e-03,3.190000000000000127e-03,4.709999999999999777e-03,4.939999999999999947e-03,5.649999999999999641e-03,6.879999999999999831e-03,7.900000000000000772e-03,9.660000000000000184e-03,1.056999999999999953e-02,1.307999999999999961e-02,1.380999999999999936e-02,1.312999999999999931e-02,1.345000000000000015e-02,1.450000000000000074e-02,1.409000000000000009e-02,7.830000000000000154e-03,1.700000000000000122e-04,5.000000000000000240e-05,-3.000000000000000076e-05,-1.100000000000000039e-04,-2.200000000000000078e-04,-3.499999999999999964e-04,-5.100000000000000366e-04,-7.299999999999999632e-04,-1.030000000000000100e-03,-1.379999999999999933e-03,-1.830000000000000029e-03,-2.399999999999999790e-03,-3.870000000000000176e-03,-6.459999999999999597e-03,-4.830000000000000092e-03,-5.649999999999999641e-03,-6.879999999999999831e-03,-7.900000000000000772e-03,-9.660000000000000184e-03,-1.056999999999999953e-02,-1.307999999999999961e-02,-1.380999999999999936e-02,-1.312999999999999931e-02,-1.345000000000000015e-02,-1.450000000000000074e-02,-1.409000000000000009e-02,-7.830000000000000154e-03,3.079999999999999839e-03,8.210000000000000284e-03,1.242000000000000048e-02,1.604999999999999830e-02,2.043000000000000024e-02,2.407000000000000112e-02,2.866000000000000145e-02,3.371999999999999997e-02,3.892999999999999933e-02,4.533999999999999836e-02,4.698000000000000093e-02,4.222000000000000058e-02,2.166999999999999829e-02,-2.820000000000000024e-03,-8.030000000000000679e-03,-1.205999999999999954e-02,-1.594999999999999890e-02,-2.002999999999999919e-02,-2.359999999999999945e-02,-2.849000000000000143e-02,-3.289999999999999869e-02,-3.828999999999999765e-02,-4.454999999999999932e-02,-4.598000000000000004e-02,-4.263999999999999735e-02,-2.105999999999999886e-02,1.623000000000000137e-02,6.910000000000000343e-03,4.009999999999999676e-03,6.049999999999999822e-03,6.660000000000000121e-03,6.130000000000000032e-03,8.139999999999999666e-03,1.043000000000000003e-02,1.191000000000000045e-02,1.400000000000000029e-02,1.607000000000000095e-02,1.830999999999999989e-02,2.346000000000000169e-02,3.187999999999999862e-02,3.633000000000000118e-02,6.987999999999999767e-02,8.691999999999999726e-02,9.493999999999999662e-02,9.853000000000000647e-02,1.029299999999999937e-01,9.561000000000000054e-02,6.779000000000000303e-02,-8.040000000000000271e-03,-5.093999999999999917e-02,-1.118100000000000066e-01,-1.110799999999999982e-01,-2.476000000000000076e-02,-5.329999999999999669e-03,-5.309999999999999616e-03,-6.450000000000000004e-03,-8.529999999999999388e-03,-1.093000000000000048e-02,-1.248999999999999937e-02,-1.355999999999999914e-02,-1.528000000000000018e-02,-1.710000000000000062e-02,-1.942999999999999935e-02,-2.266999999999999918e-02,-2.809999999999999998e-02,-3.678000000000000019e-02,-4.302999999999999881e-02,-6.816999999999999449e-02,-8.637000000000000233e-02,-9.492000000000000437e-02,-9.853000000000000647e-02,-1.029299999999999937e-01,-9.561000000000000054e-02,-6.779000000000000303e-02,8.040000000000000271e-03,5.093999999999999917e-02,1.118100000000000066e-01,1.110799999999999982e-01
cmz*c/cref,-4.095078227385248043e-04,-1.153972446486644114e-04,6.621060721277526430e-05,2.316705146666235104e-04,4.411376057728089509e-04,6.664861989742261895e-04,9.196940314203893825e-04,1.242749793712686311e-03,1.649516494895400445e-03,2.070755788179332643e-03,2.561310126684679910e-03,3.116876081997184845e-03,3.821114922257997423e-03,3.353486927047098515e-03,5.531454042422378863e-03,6.014772234536541057e-03,6.944640186386655430e-03,7.538424207614025097e-03,8.684989709903409225e-03,8.920061085313960719e-03,1.031672910835342363e-02,1.013071096315951158e-02,8.907600441697541283e-03,8.382753248013978878e-03,8.237319397479250793e-03,7.227157595417994101e-03,3.584295977801867615e-03,4.095078227385248043e-04,1.153972446486644114e-04,-6.621060721277526430e-05,-2.316705146666235104e-04,-4.411376057728089509e-04,-6.664861989742261895e-04,-9.196940314203893825e-04,-1.242749793712686311e-03,-1.649516494895400445e-03,-2.070755788179332643e-03,-2.561310126684679910e-03,-3.116876081997184845e-03,-4.635647256783213301e-03,-4.599474638794958867e-03,-5.408284013137669953e-03,-6.014772234536541057e-03,-6.944640186386655430e-03,-7.538424207614025097e-03,-8.684989709903409225e-03,-8.920061085313960719e-03,-1.031672910835342363e-02,-1.013071096315951158e-02,-8.907600441697541283e-03,-8.382753248013978878e-03,-8.237319397479250793e-03,-7.227157595417994101e-03,-3.584295977801867615e-03,1.990732861973563105e-03,5.087890036727231793e-03,7.366245392916660577e-03,9.091879520119080377e-03,1.102911601436730449e-02,1.235334616629184604e-02,1.394603195430938435e-02,1.551050712702444975e-02,1.687055897390263293e-02,1.844127676476774516e-02,1.785756113385215255e-02,1.492420678887504751e-02,7.083131223000631305e-03,-1.822683984014755818e-03,-4.976340681476208033e-03,-7.152731033701684518e-03,-9.035232295694662144e-03,-1.081317639587748951e-02,-1.211213001763554280e-02,-1.386330950377788994e-02,-1.513332397624864677e-02,-1.659321097124921013e-02,-1.811995765042794665e-02,-1.747745127574546614e-02,-1.507267118611160459e-02,-6.883744511139515063e-03,2.260655159609752801e-02,9.262152506997588935e-03,5.177952157522609962e-03,7.514839621725694085e-03,7.945277525199410593e-03,7.011781958354231827e-03,8.910934004239002074e-03,1.090530438299868940e-02,1.186752003009368048e-02,1.326213859271603394e-02,1.443339866843561421e-02,1.554556237966573523e-02,1.876522914880192003e-02,2.398275347452553941e-02,2.565694935848690864e-02,4.613174436552494595e-02,5.337703942919086453e-02,5.392887540246249500e-02,5.142954501917259419e-02,4.898496770592327548e-02,4.109727948290646526e-02,2.601645666348472233e-02,-2.715247981620205319e-03,-1.485688873428576105e-02,-2.745963293801673144e-02,-2.216370126361091875e-02,-3.448787538628310390e-02,-7.144323134919992012e-03,-6.856590014076074588e-03,-8.011688522335658549e-03,-1.017615875224488903e-02,-1.250224743961040122e-02,-1.367291962075493222e-02,-1.417794126878832439e-02,-1.522550008898668553e-02,-1.619875499538887126e-02,-1.745120946656527477e-02,-1.924729105117543512e-02,-2.247668112026146234e-02,-2.766893578397269099e-02,-3.038861907227336998e-02,-4.500287655119970115e-02,-5.303928779911660368e-02,-5.391751477987929975e-02,-5.142954501917259419e-02,-4.898496770592327548e-02,-4.109727948290646526e-02,-2.601645666348472233e-02,2.715247981620205319e-03,1.485688873428576105e-02,2.745963293801673144e-02,2.216370126361091875e-02
cmzi,2.000000000000000164e-05,2.100000000000000087e-04,3.600000000000000227e-04,5.299999999999999807e-04,7.299999999999999632e-04,9.600000000000000243e-04,1.250000000000000026e-03,1.610000000000000103e-03,2.050000000000000173e-03,2.589999999999999854e-03,3.249999999999999851e-03,4.060000000000000241e-03,5.150000000000000064e-03,8.500000000000000611e-03,7.320000000000000118e-03,8.569999999999999493e-03,1.038999999999999993e-02,1.209000000000000005e-02,1.464000000000000024e-02,1.643000000000000016e-02,2.000000000000000042e-02,2.188000000000000014e-02,2.251999999999999835e-02,2.446999999999999870e-02,2.750000000000000014e-02,2.948999999999999885e-02,2.604000000000000065e-02,-2.000000000000000164e-05,-2.100000000000000087e-04,-3.600000000000000227e-04,-5.299999999999999807e-04,-7.299999999999999632e-04,-9.600000000000000243e-04,-1.250000000000000026e-03,-1.610000000000000103e-03,-2.050000000000000173e-03,-2.589999999999999854e-03,-3.249999999999999851e-03,-4.060000000000000241e-03,-5.830000000000000113e-03,-1.022999999999999951e-02,-7.210000000000000263e-03,-8.569999999999999493e-03,-1.038999999999999993e-02,-1.209000000000000005e-02,-1.464000000000000024e-02,-1.643000000000000016e-02,-2.000000000000000042e-02,-2.188000000000000014e-02,-2.251999999999999835e-02,-2.446999999999999870e-02,-2.750000000000000014e-02,-2.948999999999999885e-02,-2.604000000000000065e-02,7.289999999999999605e-03,1.298000000000000022e-02,1.781999999999999904e-02,2.213000000000000037e-02,2.727999999999999869e-02,3.176999999999999963e-02,3.731999999999999901e-02,4.347000000000000169e-02,4.991000000000000297e-02,5.773999999999999966e-02,6.097000000000000336e-02,5.798999999999999988e-02,3.946999999999999814e-02,-7.040000000000000251e-03,-1.280000000000000061e-02,-1.745999999999999983e-02,-2.203000000000000097e-02,-2.687000000000000152e-02,-3.130000000000000143e-02,-3.715000000000000246e-02,-4.263999999999999735e-02,-4.927000000000000129e-02,-5.695000000000000062e-02,-5.995999999999999941e-02,-5.841999999999999971e-02,-3.885000000000000259e-02,1.787000000000000047e-02,8.619999999999999191e-03,5.799999999999999600e-03,7.929999999999999549e-03,8.630000000000000518e-03,8.200000000000000691e-03,1.033000000000000064e-02,1.274999999999999918e-02,1.435999999999999950e-02,1.660000000000000017e-02,1.884999999999999870e-02,2.127000000000000071e-02,2.664000000000000049e-02,3.531000000000000111e-02,4.005000000000000226e-02,7.392999999999999572e-02,9.135999999999999677e-02,9.983000000000000207e-02,1.039599999999999969e-01,1.090099999999999958e-01,1.024899999999999978e-01,7.567999999999999727e-02,1.149999999999999981e-03,-4.000000000000000083e-02,-9.840000000000000135e-02,-9.396000000000000185e-02,-2.639999999999999986e-02,-7.049999999999999843e-03,-7.110000000000000001e-03,-8.330000000000000598e-03,-1.051000000000000024e-02,-1.299999999999999940e-02,-1.468000000000000034e-02,-1.586999999999999869e-02,-1.772999999999999923e-02,-1.969999999999999876e-02,-2.221000000000000058e-02,-2.563000000000000000e-02,-3.128000000000000225e-02,-4.021000000000000268e-02,-4.674999999999999989e-02,-7.222000000000000641e-02,-9.081000000000000183e-02,-9.980999999999999595e-02,-1.039599999999999969e-01,-1.090099999999999958e-01,-1.024899999999999978e-01,-7.567999999999999727e-02,-1.149999999999999981e-03,4.000000000000000083e-02,9.840000000000000135e-02,9.396000000000000185e-02
cmzi*c/cref,4.817739091041468445e-05,4.846684275243905659e-04,7.945272865533031716e-04,1.116230661575549508e-03,1.463774782791593199e-03,1.828076431472163213e-03,2.254152037795071912e-03,2.740859134078664407e-03,3.283018266539389045e-03,3.886418472017732616e-03,4.548774815150387514e-03,5.272715372045238234e-03,6.168884592360089278e-03,6.051940314203894250e-03,8.196405585127897880e-03,9.123291690261620818e-03,1.048761795589496330e-02,1.153665173038652576e-02,1.316234465351821120e-02,1.386533619978319587e-02,1.577481515038749865e-02,1.605068471208762754e-02,1.527792551005549386e-02,1.525100163411911153e-02,1.562250230556409651e-02,1.512625106379536163e-02,1.192018738977785805e-02,-4.817739091041468445e-05,-4.846684275243905659e-04,-7.945272865533031716e-04,-1.116230661575549508e-03,-1.463774782791593199e-03,-1.828076431472163213e-03,-2.254152037795071912e-03,-2.740859134078664407e-03,-3.283018266539389045e-03,-3.886418472017732616e-03,-4.548774815150387514e-03,-5.272715372045238234e-03,-6.983416926885305590e-03,-7.283688166388920839e-03,-8.073235555843188971e-03,-9.123291690261620818e-03,-1.048761795589496330e-02,-1.153665173038652576e-02,-1.316234465351821120e-02,-1.386533619978319587e-02,-1.577481515038749865e-02,-1.605068471208762754e-02,-1.527792551005549386e-02,-1.525100163411911153e-02,-1.562250230556409651e-02,-1.512625106379536163e-02,-1.192018738977785805e-02,4.711832001229634449e-03,8.043947950879350162e-03,1.056896078114129452e-02,1.253603076512369366e-02,1.472708198100538754e-02,1.630518519746954401e-02,1.816001090491368292e-02,1.999530678563916919e-02,2.162881064442538984e-02,2.348476666073422148e-02,2.317529804876470451e-02,2.049869141844774811e-02,1.290130084780041243e-02,-4.550246541653858896e-03,-7.932398595628326401e-03,-1.035544642192631933e-02,-1.247938354069927543e-02,-1.450574387205332862e-02,-1.606396904881324250e-02,-1.807728845438219198e-02,-1.961352384034171017e-02,-2.135146264177196704e-02,-2.316344754639442297e-02,-2.279138709207694999e-02,-2.065069068228517907e-02,-1.269864550131862349e-02,2.489088583008396832e-02,1.155423366285372039e-02,7.489307360007764654e-03,9.850029454592521341e-03,1.029545721358422240e-02,9.379545197145955360e-03,1.130834745255391953e-02,1.333102884786512878e-02,1.430878149724141256e-02,1.572510718850615372e-02,1.693027784069765437e-02,1.805866257867232150e-02,2.130885356027634528e-02,2.656308109113854343e-02,2.828408537867879713e-02,4.880537866261103197e-02,5.610361622469946241e-02,5.670654762405552551e-02,5.426383335220930082e-02,5.187847400779847101e-02,4.405459862151536038e-02,2.904448208131765394e-02,3.883750222466711335e-04,-1.166618667788438257e-02,-2.416624524730208445e-02,-1.874776170983869297e-02,-3.677220962026954421e-02,-9.449808274143704778e-03,-9.180857815457795640e-03,-1.034687835520248581e-02,-1.253826828676363365e-02,-1.487001067840212215e-02,-1.607033306906984968e-02,-1.659321002475447684e-02,-1.766676155613441934e-02,-1.866172359117898930e-02,-1.994808863882731667e-02,-2.176039125018201792e-02,-2.502030553173589106e-02,-3.024926340058569502e-02,-3.301575509246525847e-02,-4.767651084828580105e-02,-5.576586459462520157e-02,-5.669518700147231638e-02,-5.426383335220930082e-02,-5.187847400779847101e-02,-4.405459862151536038e-02,-2.904448208131765394e-02,-3.883750222466711335e-04,1.166618667788438257e-02,2.416624524730208445e-02,1.874776170983869297e-02
cmzo,-1.900000000000000105e-04,-2.500000000000000052e-04,-3.299999999999999982e-04,-4.200000000000000174e-04,-5.100000000000000366e-04,-6.199999999999999999e-04,-7.399999999999999894e-04,-8.700000000000000051e-04,-1.030000000000000100e-03,-1.209999999999999921e-03,-1.420000000000000038e-03,-1.660000000000000017e-03,-1.959999999999999937e-03,-3.789999999999999966e-03,-2.380000000000000171e-03,-2.909999999999999826e-03,-3.520000000000000125e-03,-4.199999999999999740e-03,-4.980000000000000052e-03,-5.859999999999999758e-03,-6.910000000000000343e-03,-8.080000000000000376e-03,-9.400000000000000369e-03,-1.102000000000000028e-02,-1.301000000000000073e-02,-1.540000000000000049e-02,-1.821000000000000049e-02,1.900000000000000105e-04,2.500000000000000052e-04,3.299999999999999982e-04,4.200000000000000174e-04,5.100000000000000366e-04,6.199999999999999999e-04,7.399999999999999894e-04,8.700000000000000051e-04,1.030000000000000100e-03,1.209999999999999921e-03,1.420000000000000038e-03,1.660000000000000017e-03,1.959999999999999937e-03,3.779999999999999940e-03,2.380000000000000171e-03,2.909999999999999826e-03,3.520000000000000125e-03,4.199999999999999740e-03,4.980000000000000052e-03,5.859999999999999758e-03,6.910000000000000343e-03,8.080000000000000376e-03,9.400000000000000369e-03,1.102000000000000028e-02,1.301000000000000073e-02,1.540000000000000049e-02,1.821000000000000049e-02,-4.210000000000000200e-03,-4.780000000000000394e-03,-5.400000000000000286e-03,-6.080000000000000335e-03,-6.850000000000000186e-03,-7.700000000000000247e-03,-8.659999999999999296e-03,-9.749999999999999986e-03,-1.098000000000000018e-02,-1.240999999999999916e-02,-1.399000000000000070e-02,-1.576999999999999930e-02,-1.779000000000000026e-02,4.210000000000000200e-03,4.780000000000000394e-03,5.400000000000000286e-03,6.080000000000000335e-03,6.850000000000000186e-03,7.700000000000000247e-03,8.659999999999999296e-03,9.740000000000000394e-03,1.098000000000000018e-02,1.239999999999999956e-02,1.397999999999999937e-02,1.577999999999999889e-02,1.779000000000000026e-02,-1.629999999999999939e-03,-1.709999999999999932e-03,-1.789999999999999925e-03,-1.879999999999999944e-03,-1.969999999999999963e-03,-2.079999999999999818e-03,-2.190000000000000106e-03,-2.309999999999999987e-03,-2.449999999999999921e-03,-2.599999999999999881e-03,-2.769999999999999893e-03,-2.959999999999999958e-03,-3.180000000000000101e-03,-3.429999999999999889e-03,-3.720000000000000216e-03,-4.049999999999999781e-03,-4.440000000000000370e-03,-4.890000000000000249e-03,-5.429999999999999931e-03,-6.080000000000000335e-03,-6.879999999999999831e-03,-7.879999999999999852e-03,-9.190000000000000252e-03,-1.094000000000000007e-02,-1.341000000000000004e-02,-1.711999999999999980e-02,1.629999999999999939e-03,1.709999999999999932e-03,1.789999999999999925e-03,1.879999999999999944e-03,1.969999999999999963e-03,2.079999999999999818e-03,2.190000000000000106e-03,2.309999999999999987e-03,2.449999999999999921e-03,2.599999999999999881e-03,2.769999999999999893e-03,2.959999999999999958e-03,3.180000000000000101e-03,3.429999999999999889e-03,3.720000000000000216e-03,4.049999999999999781e-03,4.440000000000000370e-03,4.890000000000000249e-03,5.429999999999999931e-03,6.080000000000000335e-03,6.879999999999999831e-03,7.879999999999999852e-03,9.190000000000000252e-03,1.094000000000000007e-02,1.341000000000000004e-02,1.711999999999999980e-02
cmzo*c/cref,-4.576852136489395159e-04,-5.769862232433220842e-04,-7.283166793405278531e-04,-8.845601469089261603e-04,-1.022637177018784465e-03,-1.180632695325772039e-03,-1.334458006374682638e-03,-1.481085370589092006e-03,-1.649516494895400445e-03,-1.815662683838400191e-03,-1.987464688465708038e-03,-2.155839290048052956e-03,-2.347769670102092289e-03,-2.698453387156794867e-03,-2.664951542705519018e-03,-3.097873841150678743e-03,-3.553071723267591311e-03,-4.007769831896062888e-03,-4.477354943614801110e-03,-4.945275114469234283e-03,-5.450198634458881114e-03,-5.927309528046985007e-03,-6.377109227110197565e-03,-6.868248386105133517e-03,-7.390863818014142654e-03,-7.899093468377367533e-03,-8.335891411975991303e-03,4.576852136489395159e-04,5.769862232433220842e-04,7.283166793405278531e-04,8.845601469089261603e-04,1.022637177018784465e-03,1.180632695325772039e-03,1.334458006374682638e-03,1.481085370589092006e-03,1.649516494895400445e-03,1.815662683838400191e-03,1.987464688465708038e-03,2.155839290048052956e-03,2.347769670102092289e-03,2.691333457375378636e-03,2.664951542705519018e-03,3.097873841150678743e-03,3.553071723267591311e-03,4.007769831896062888e-03,4.477354943614801110e-03,4.945275114469234283e-03,5.450198634458881114e-03,5.927309528046985007e-03,6.377109227110197565e-03,6.868248386105133517e-03,7.390863818014142654e-03,7.899093468377367533e-03,8.335891411975991303e-03,-2.721099139256071778e-03,-2.962255100554953263e-03,-3.202715388224635241e-03,-3.444151245004611547e-03,-3.697965966638083052e-03,-3.951839031177698837e-03,-4.213978950604300305e-03,-4.484799658614720304e-03,-4.758251670522756042e-03,-5.047557226527739534e-03,-5.317736914912551092e-03,-5.574484629572701473e-03,-5.814900990179106693e-03,2.721099139256071778e-03,2.962255100554953263e-03,3.202715388224635241e-03,3.444151245004611547e-03,3.697965966638083052e-03,3.951839031177698837e-03,4.213978950604300305e-03,4.480199864093064276e-03,4.758251670522756042e-03,5.043489895966476316e-03,5.313935816331483847e-03,5.578019496173571880e-03,5.814900990179106693e-03,-2.270405366706036276e-03,-2.292081155856132754e-03,-2.311355202485155125e-03,-2.335189832866827256e-03,-2.350179688384810509e-03,-2.379201708544339579e-03,-2.397413448314916155e-03,-2.415268755966152887e-03,-2.441261467147734249e-03,-2.462968595790120639e-03,-2.487897592505703120e-03,-2.513100199006584965e-03,-2.543624411474428720e-03,-2.580327616613004894e-03,-2.627136020191888060e-03,-2.673634297086090791e-03,-2.726576795508599185e-03,-2.777672221593023138e-03,-2.834288333036711401e-03,-2.893506301875192494e-03,-2.957319138608895549e-03,-3.024187616289417298e-03,-3.103623003866876236e-03,-3.190702056401378481e-03,-3.293387690714643951e-03,-3.415939553772226640e-03,2.270405366706036276e-03,2.292081155856132754e-03,2.311355202485155125e-03,2.335189832866827256e-03,2.350179688384810509e-03,2.379201708544339579e-03,2.397413448314916155e-03,2.415268755966152887e-03,2.441261467147734249e-03,2.462968595790120639e-03,2.487897592505703120e-03,2.513100199006584965e-03,2.543624411474428720e-03,2.580327616613004894e-03,2.627136020191888060e-03,2.673634297086090791e-03,2.726576795508599185e-03,2.777672221593023138e-03,2.834288333036711401e-03,2.893506301875192494e-03,2.957319138608895549e-03,3.024187616289417298e-03,3.103623003866876236e-03,3.190702056401378481e-03,3.293387690714643951e-03,3.415939553772226640e-03
cs,8.599999999999999789e-04,1.729999999999999984e-03,2.259999999999999856e-03,2.720000000000000195e-03,3.139999999999999996e-03,3.550000000000000204e-03,3.950000000000000386e-03,4.389999999999999805e-03,4.850000000000000144e-03,5.329999999999999669e-03,5.850000000000000165e-03,6.409999999999999899e-03,8.019999999999999352e-03,5.159999999999999656e-03,8.590000000000000413e-03,9.079999999999999530e-03,9.749999999999999986e-03,1.017000000000000022e-02,1.085000000000000027e-02,1.095999999999999926e-02,1.173000000000000084e-02,1.149999999999999981e-02,1.073999999999999955e-02,1.044999999999999922e-02,1.039999999999999952e-02,9.849999999999999381e-03,7.680000000000000195e-03,-8.599999999999999789e-04,-1.729999999999999984e-03,-2.259999999999999856e-03,-2.720000000000000195e-03,-3.139999999999999996e-03,-3.550000000000000204e-03,-3.950000000000000386e-03,-4.389999999999999805e-03,-4.850000000000000144e-03,-5.329999999999999669e-03,-5.850000000000000165e-03,-6.409999999999999899e-03,-8.519999999999999796e-03,-5.910000000000000323e-03,-8.510000000000000203e-03,-9.079999999999999530e-03,-9.749999999999999986e-03,-1.017000000000000022e-02,-1.085000000000000027e-02,-1.095999999999999926e-02,-1.173000000000000084e-02,-1.149999999999999981e-02,-1.073999999999999955e-02,-1.044999999999999922e-02,-1.039999999999999952e-02,-9.849999999999999381e-03,-7.680000000000000195e-03,2.239999999999999804e-03,3.710000000000000190e-03,4.760000000000000342e-03,5.539999999999999786e-03,6.360000000000000202e-03,6.930000000000000396e-03,7.579999999999999932e-03,8.179999999999999771e-03,8.689999999999999808e-03,9.259999999999999135e-03,9.029999999999999832e-03,7.919999999999999957e-03,4.980000000000000052e-03,-2.160000000000000028e-03,-3.650000000000000033e-03,-4.660000000000000080e-03,-5.499999999999999681e-03,-6.270000000000000399e-03,-6.830000000000000134e-03,-7.530000000000000235e-03,-8.030000000000000679e-03,-8.580000000000000820e-03,-9.140000000000000555e-03,-8.890000000000000333e-03,-7.969999999999999654e-03,-4.910000000000000302e-03,1.567999999999999949e-02,9.190000000000000252e-03,6.729999999999999871e-03,7.979999999999999247e-03,8.340000000000000191e-03,8.049999999999999864e-03,9.039999999999999425e-03,1.008000000000000042e-02,1.064999999999999974e-02,1.144000000000000052e-02,1.221999999999999996e-02,1.288000000000000082e-02,1.442000000000000053e-02,1.738999999999999921e-02,1.801000000000000170e-02,2.658999999999999905e-02,2.902000000000000066e-02,2.842000000000000082e-02,2.646000000000000088e-02,2.447999999999999829e-02,2.012999999999999859e-02,1.277999999999999969e-02,-1.800000000000000113e-04,-5.680000000000000153e-03,-1.128000000000000010e-02,-8.840000000000000635e-03,-2.230000000000000038e-02,-7.700000000000000247e-03,-7.709999999999999840e-03,-8.309999999999999679e-03,-9.499999999999999764e-03,-1.071000000000000077e-02,-1.136999999999999990e-02,-1.170999999999999992e-02,-1.234999999999999987e-02,-1.297000000000000063e-02,-1.366999999999999986e-02,-1.460999999999999972e-02,-1.612999999999999851e-02,-1.906000000000000055e-02,-2.006000000000000144e-02,-2.607999999999999902e-02,-2.886999999999999983e-02,-2.841000000000000122e-02,-2.646000000000000088e-02,-2.447999999999999829e-02,-2.012999999999999859e-02,-1.277999999999999969e-02,1.800000000000000113e-04,5.680000000000000153e-03,1.128000000000000010e-02,8.840000000000000635e-03
cs*c/cref,2.071627809147831133e-03,3.992744664843788857e-03,4.987865743362402196e-03,5.728579999029236210e-03,6.296236736939181747e-03,6.760074303881437839e-03,7.123120439432428092e-03,7.473522732053003957e-03,7.767140776934651665e-03,7.997919094924522271e-03,8.187794667270698740e-03,8.324656535667480581e-03,9.606690180723867489e-03,3.673883767210834109e-03,9.618459559596809205e-03,9.666218033556070108e-03,9.841604915300856266e-03,9.704528378662610408e-03,9.754879746630640280e-03,9.249183490543141928e-03,9.251929085702268948e-03,8.436145986700534574e-03,7.286186499911012811e-03,6.512994159237625938e-03,5.908146326467876575e-03,5.052342250877731381e-03,3.515631303897617538e-03,-2.071627809147831133e-03,-3.992744664843788857e-03,-4.987865743362402196e-03,-5.728579999029236210e-03,-6.296236736939181747e-03,-6.760074303881437839e-03,-7.123120439432428092e-03,-7.473522732053003957e-03,-7.767140776934651665e-03,-7.997919094924522271e-03,-8.187794667270698740e-03,-8.324656535667480581e-03,-1.020561101493358547e-02,-4.207878500817060531e-03,-9.528881356480656956e-03,-9.666218033556070108e-03,-9.841604915300856266e-03,-9.704528378662610408e-03,-9.754879746630640280e-03,-9.249183490543141928e-03,-9.251929085702268948e-03,-8.436145986700534574e-03,-7.286186499911012811e-03,-6.512994159237625938e-03,-5.908146326467876575e-03,-5.052342250877731381e-03,-3.515631303897617538e-03,1.447805717798954749e-03,2.299156155451647764e-03,2.823134305175789300e-03,3.138256233112754652e-03,3.433439933988059571e-03,3.556655128059929127e-03,3.688448088404226201e-03,3.762631918714709131e-03,3.765865848528483772e-03,3.766348099729803934e-03,3.432392018703383282e-03,2.799614347889397593e-03,1.627780041095669081e-03,-1.396098370734706520e-03,-2.261973037034640133e-03,-2.763824760949407013e-03,-3.115597343342987185e-03,-3.384853519827851504e-03,-3.505332543239439002e-03,-3.664117955894963599e-03,-3.693635000889867841e-03,-3.718196660572427488e-03,-3.717540132994645325e-03,-3.379176638568447046e-03,-2.817288680893749626e-03,-1.604899598750950855e-03,2.184046389567524324e-02,1.231826071480576594e-02,8.690179057388320791e-03,9.912135567168765815e-03,9.949491675700162033e-03,9.207968150856699063e-03,9.896172407656091130e-03,1.053935457148866793e-02,1.061201413270341544e-02,1.083706182147653116e-02,1.097549046224537660e-02,1.093538194702865438e-02,1.153429685957901331e-02,1.308218578801753802e-02,1.271901067840212549e-02,1.755356443444917522e-02,1.782100419046386136e-02,1.614344469073082308e-02,1.381128347921756552e-02,1.165017011018169499e-02,8.652737537819340033e-03,4.904710372611516787e-03,-6.078913391687026561e-05,-1.656598508259582436e-03,-2.770276894202922113e-03,-1.763837947158089026e-03,-3.106137403530343996e-02,-1.032106719303638696e-02,-9.955613749251702657e-03,-1.032203591017198663e-02,-1.133335382723639657e-02,-1.225060110505282740e-02,-1.244684516316922097e-02,-1.224363512223534609e-02,-1.230595066092837406e-02,-1.228642411053764046e-02,-1.227781952691442587e-02,-1.240418713090750240e-02,-1.290209489216431749e-02,-1.433849690164544499e-02,-1.416676036694873055e-02,-1.721688456000129708e-02,-1.772889010953451749e-02,-1.613776437943922198e-02,-1.381128347921756552e-02,-1.165017011018169499e-02,-8.652737537819340033e-03,-4.904710372611516787e-03,6.078913391687026561e-05,1.656598508259582436e-03,2.770276894202922113e-03,1.763837947158089026e-03
csi,8.599999999999999789e-04,1.729999999999999984e-03,2.259999999999999856e-03,2.720000000000000195e-03,3.139999999999999996e-03,3.550000000000000204e-03,3.950000000000000386e-03,4.389999999999999805e-03,4.850000000000000144e-03,5.329999999999999669e-03,5.850000000000000165e-03,6.409999999999999899e-03,8.040000000000000271e-03,5.159999999999999656e-03,8.590000000000000413e-03,9.079999999999999530e-03,9.749999999999999986e-03,1.017000000000000022e-02,1.085000000000000027e-02,1.095999999999999926e-02,1.173000000000000084e-02,1.149999999999999981e-02,1.073999999999999955e-02,1.044999999999999922e-02,1.039999999999999952e-02,9.849999999999999381e-03,7.680000000000000195e-03,-8.599999999999999789e-04,-1.729999999999999984e-03,-2.259999999999999856e-03,-2.720000000000000195e-03,-3.139999999999999996e-03,-3.550000000000000204e-03,-3.950000000000000386e-03,-4.389999999999999805e-03,-4.850000000000000144e-03,-5.329999999999999669e-03,-5.850000000000000165e-03,-6.409999999999999899e-03,-8.540000000000000716e-03,-5.910000000000000323e-03,-8.510000000000000203e-03,-9.079999999999999530e-03,-9.749999999999999986e-03,-1.017000000000000022e-02,-1.085000000000000027e-02,-1.095999999999999926e-02,-1.173000000000000084e-02,-1.149999999999999981e-02,-1.073999999999999955e-02,-1.044999999999999922e-02,-1.039999999999999952e-02,-9.849999999999999381e-03,-7.680000000000000195e-03,2.239999999999999804e-03,3.710000000000000190e-03,4.760000000000000342e-03,5.539999999999999786e-03,6.360000000000000202e-03,6.930000000000000396e-03,7.579999999999999932e-03,8.179999999999999771e-03,8.689999999999999808e-03,9.259999999999999135e-03,9.029999999999999832e-03,7.919999999999999957e-03,4.980000000000000052e-03,-2.160000000000000028e-03,-3.650000000000000033e-03,-4.660000000000000080e-03,-5.499999999999999681e-03,-6.270000000000000399e-03,-6.830000000000000134e-03,-7.530000000000000235e-03,-8.030000000000000679e-03,-8.580000000000000820e-03,-9.140000000000000555e-03,-8.890000000000000333e-03,-7.969999999999999654e-03,-4.910000000000000302e-03,1.567999999999999949e-02,9.190000000000000252e-03,6.729999999999999871e-03,7.979999999999999247e-03,8.340000000000000191e-03,8.049999999999999864e-03,9.039999999999999425e-03,1.008000000000000042e-02,1.064999999999999974e-02,1.144000000000000052e-02,1.221999999999999996e-02,1.288000000000000082e-02,1.442000000000000053e-02,1.738999999999999921e-02,1.801000000000000170e-02,2.658999999999999905e-02,2.902000000000000066e-02,2.842000000000000082e-02,2.646000000000000088e-02,2.447999999999999829e-02,2.012999999999999859e-02,1.277999999999999969e-02,-1.800000000000000113e-04,-5.680000000000000153e-03,-1.128000000000000010e-02,-8.840000000000000635e-03,-2.230000000000000038e-02,-7.700000000000000247e-03,-7.709999999999999840e-03,-8.309999999999999679e-03,-9.499999999999999764e-03,-1.071000000000000077e-02,-1.136999999999999990e-02,-1.170999999999999992e-02,-1.234999999999999987e-02,-1.297000000000000063e-02,-1.366999999999999986e-02,-1.460999999999999972e-02,-1.612999999999999851e-02,-1.906000000000000055e-02,-2.006000000000000144e-02,-2.607999999999999902e-02,-2.886999999999999983e-02,-2.841000000000000122e-02,-2.646000000000000088e-02,-2.447999999999999829e-02,-2.012999999999999859e-02,-1.277999999999999969e-02,1.800000000000000113e-04,5.680000000000000153e-03,1.128000000000000010e-02,8.840000000000000635e-03
csi*c/cref,2.071627809147831133e-03,3.992744664843788857e-03,4.987865743362402196e-03,5.728579999029236210e-03,6.296236736939181747e-03,6.760074303881437839e-03,7.123120439432428092e-03,7.473522732053003957e-03,7.767140776934651665e-03,7.997919094924522271e-03,8.187794667270698740e-03,8.324656535667480581e-03,9.630647014092256000e-03,3.673883767210834109e-03,9.618459559596809205e-03,9.666218033556070108e-03,9.841604915300856266e-03,9.704528378662610408e-03,9.754879746630640280e-03,9.249183490543141928e-03,9.251929085702268948e-03,8.436145986700534574e-03,7.286186499911012811e-03,6.512994159237625938e-03,5.908146326467876575e-03,5.052342250877731381e-03,3.515631303897617538e-03,-2.071627809147831133e-03,-3.992744664843788857e-03,-4.987865743362402196e-03,-5.728579999029236210e-03,-6.296236736939181747e-03,-6.760074303881437839e-03,-7.123120439432428092e-03,-7.473522732053003957e-03,-7.767140776934651665e-03,-7.997919094924522271e-03,-8.187794667270698740e-03,-8.324656535667480581e-03,-1.022956784830197398e-02,-4.207878500817060531e-03,-9.528881356480656956e-03,-9.666218033556070108e-03,-9.841604915300856266e-03,-9.704528378662610408e-03,-9.754879746630640280e-03,-9.249183490543141928e-03,-9.251929085702268948e-03,-8.436145986700534574e-03,-7.286186499911012811e-03,-6.512994159237625938e-03,-5.908146326467876575e-03,-5.052342250877731381e-03,-3.515631303897617538e-03,1.447805717798954749e-03,2.299156155451647764e-03,2.823134305175789300e-03,3.138256233112754652e-03,3.433439933988059571e-03,3.556655128059929127e-03,3.688448088404226201e-03,3.762631918714709131e-03,3.765865848528483772e-03,3.766348099729803934e-03,3.432392018703383282e-03,2.799614347889397593e-03,1.627780041095669081e-03,-1.396098370734706520e-03,-2.261973037034640133e-03,-2.763824760949407013e-03,-3.115597343342987185e-03,-3.384853519827851504e-03,-3.505332543239439002e-03,-3.664117955894963599e-03,-3.693635000889867841e-03,-3.718196660572427488e-03,-3.717540132994645325e-03,-3.379176638568447046e-03,-2.817288680893749626e-03,-1.604899598750950855e-03,2.184046389567524324e-02,1.231826071480576594e-02,8.690179057388320791e-03,9.912135567168765815e-03,9.949491675700162033e-03,9.207968150856699063e-03,9.896172407656091130e-03,1.053935457148866793e-02,1.061201413270341544e-02,1.083706182147653116e-02,1.097549046224537660e-02,1.093538194702865438e-02,1.153429685957901331e-02,1.308218578801753802e-02,1.271901067840212549e-02,1.755356443444917522e-02,1.782100419046386136e-02,1.614344469073082308e-02,1.381128347921756552e-02,1.165017011018169499e-02,8.652737537819340033e-03,4.904710372611516787e-03,-6.078913391687026561e-05,-1.656598508259582436e-03,-2.770276894202922113e-03,-1.763837947158089026e-03,-3.106137403530343996e-02,-1.032106719303638696e-02,-9.955613749251702657e-03,-1.032203591017198663e-02,-1.133335382723639657e-02,-1.225060110505282740e-02,-1.244684516316922097e-02,-1.224363512223534609e-02,-1.230595066092837406e-02,-1.228642411053764046e-02,-1.227781952691442587e-02,-1.240418713090750240e-02,-1.290209489216431749e-02,-1.433849690164544499e-02,-1.416676036694873055e-02,-1.721688456000129708e-02,-1.772889010953451749e-02,-1.613776437943922198e-02,-1.381128347921756552e-02,-1.165017011018169499e-02,-8.652737537819340033e-03,-4.904710372611516787e-03,6.078913391687026561e-05,1.656598508259582436e-03,2.770276894202922113e-03,1.763837947158089026e-03
cso,0.000000000000000000e+00,0.000000000000000000e+00,0.000000000000000000e+00,0.000000000000000000e+00,0.000000000000000000e+00,0.000000000000000000e+00,0.000000000000000000e+00,0.000000000000000000e+00,0.000000000000000000e+00,0.000000000000000000e+00,0.000000000000000000e+00,0.000000000000000000e+00,-2.000000000000000164e-05,0.000000000000000000e+00,0.000000000000000000e+00,0.000000000000000000e+00,0.000000000000000000e+00,0.000000000000000000e+00,0.000000000000000000e+00,0.000000000000000000e+00,0.000000000000000000e+00,0.000000000000000000e+00,0.000000000000000000e+00,0.000000000000000000e+00,0.000000000000000000e+00,0.000000000000000000e+00,0.000000000000000000e+00,0.000000000000000000e+00,0.000000000000000000e+00,0.000000000000000000e+00,0.000000000000000000e+00,0.000000000000000000e+00,0.000000000000000000e+00,0.000000000000000000e+00,0.000000000000000000e+00,0.000000000000000000e+00,0.000000000000000000e+00,0.000000000000000000e+00,0.000000000000000000e+00,2.000000000000000164e-05,0.000000000000000000e+00,0.000000000000000000e+00,0.000000000000000000e+00,0.000000000000000000e+00,0.000000000000000000e+00,0.000000000000000000e+00,0.000000000000000000e+00,0.000000000000000000e+00,0.000000000000000000e+00,0.000000000000000000e+00,0.000000000000000000e+00,0.000000000000000000e+00,0.000000000000000000e+00,0.000000000000000000e+00,0.000000000000000000e+00,0.000000000000000000e+00,0.000000000000000000e+00,0.000000000000000000e+00,0.000000000000000000e+00,0.000000000000000000e+00,0.000000000000000000e+00,0.000000000000000000e+00,0.000000000000000000e+00,0.000000000000000000e+00,0.000000000000000000e+00,0.000000000000000000e+00,0.000000000000000000e+00,0.000000000000000000e+00,0.000000000000000000e+00,0.000000000000000000e+00,0.000000000000000000e+00,0.000000000000000000e+00,0.000000000000000000e+00,0.000000000000000000e+00,0.000000000000000000e+00,0.000000000000000000e+00,0.000000000000000000e+00,0.000000000000000000e+00,0.000000000000000000e+00,0.000000000000000000e+00,0.000000000000000000e+00,0.000000000000000000e+00,0.000000000000000000e+00,0.000000000000000000e+00,0.000000000000000000e+00,0.000000000000000000e+00,0.000000000000000000e+00,0.000000000000000000e+00,0.000000000000000000e+00,0.000000000000000000e+00,0.000000000000000000e+00,0.000000000000000000e+00,0.000000000000000000e+00,0.000000000000000000e+00,0.000000000000000000e+00,0.000000000000000000e+00,0.000000000000000000e+00,0.000000000000000000e+00,0.000000000000000000e+00,0.000000000000000000e+00,0.000000000000000000e+00,0.000000000000000000e+00,0.000000000000000000e+00,0.000000000000000000e+00,0.000000000000000000e+00,0.000000000000000000e+00,-0.000000000000000000e+00,0.000000000000000000e+00,0.000000000000000000e+00,0.000000000000000000e+00,0.000000000000000000e+00,0.000000000000000000e+00,0.000000000000000000e+00,0.000000000000000000e+00,0.000000000000000000e+00,0.000000000000000000e+00,0.000000000000000000e+00,0.000000000000000000e+00,0.000000000000000000e+00,0.000000000000000000e+00,0.000000000000000000e+00,0.000000000000000000e+00,0.000000000000000000e+00,0.000000000000000000e+00,0.000000000000000000e+00,0.000000000000000000e+00,0.000000000000000000e+00,0.000000000000000000e+00,0.000000000000000000e+00,0.000000000000000000e+00,0.000000000000000000e+00,0.000000000000000000e+00
cso*c/cref,0.000000000000000000e+00,0.000000000000000000e+00,0.000000000000000000e+00,0.000000000000000000e+00,0.000000000000000000e+00,0.000000000000000000e+00,0.000000000000000000e+00,0.000000000000000000e+00,0.000000000000000000e+00,0.000000000000000000e+00,0.000000000000000000e+00,0.000000000000000000e+00,-2.395683336838869731e-05,0.000000000000000000e+00,0.000000000000000000e+00,0.000000000000000000e+00,0.000000000000000000e+00,0.000000000000000000e+00,0.000000000000000000e+00,0.000000000000000000e+00,0.000000000000000000e+00,0.000000000000000000e+00,0.000000000000000000e+00,0.000000000000000000e+00,0.000000000000000000e+00,0.000000000000000000e+00,0.000000000000000000e+00,0.000000000000000000e+00,0.000000000000000000e+00,0.000000000000000000e+00,0.000000000000000000e+00,0.000000000000000000e+00,0.000000000000000000e+00,0.000000000000000000e+00,0.000000000000000000e+00,0.000000000000000000e+00,0.000000000000000000e+00,0.000000000000000000e+00,0.000000000000000000e+00,2.395683336838869731e-05,0.000000000000000000e+00,0.000000000000000000e+00,0.000000000000000000e+00,0.000000000000000000e+00,0.000000000000000000e+00,0.000000000000000000e+00,0.000000000000000000e+00,0.000000000000000000e+00,0.000000000000000000e+00,0.000000000000000000e+00,0.000000000000000000e+00,0.000000000000000000e+00,0.000000000000000000e+00,0.000000000000000000e+00,0.000000000000000000e+00,0.000000000000000000e+00,0.000000000000000000e+00,0.000000000000000000e+00,0.000000000000000000e+00,0.000000000000000000e+00,0.000000000000000000e+00,0.000000000000000000e+00,0.000000000000000000e+00,0.000000000000000000e+00,0.000000000000000000e+00,0.000000000000000000e+00,0.000000000000000000e+00,0.000000000000000000e+00,0.000000000000000000e+00,0.000000000000000000e+00,0.000000000000000000e+00,0.000000000000000000e+00,0.000000000000000000e+00,0.000000000000000000e+00,0.000000000000000000e+00,0.000000000000000000e+00,0.000000000000000000e+00,0.000000000000000000e+00,0.000000000000000000e+00,0.000000000000000000e+00,0.000000000000000000e+00,0.000000000000000000e+00,0.000000000000000000e+00,0.000000000000000000e+00,0.000000000000000000e+00,0.000000000000000000e+00,0.000000000000000000e+00,0.000000000000000000e+00,0.000000000000000000e+00,0.000000000000000000e+00,0.000000000000000000e+00,0.000000000000000000e+00,0.000000000000000000e+00,0.000000000000000000e+00,0.000000000000000000e+00,0.000000000000000000e+00,0.000000000000000000e+00,0.000000000000000000e+00,0.000000000000000000e+00,0.000000000000000000e+00,0.000000000000000000e+00,0.000000000000000000e+00,0.000000000000000000e+00,0.000000000000000000e+00,0.000000000000000000e+00,0.000000000000000000e+00,-0.000000000000000000e+00,0.000000000000000000e+00,0.000000000000000000e+00,0.000000000000000000e+00,0.000000000000000000e+00,0.000000000000000000e+00,0.000000000000000000e+00,0.000000000000000000e+00,0.000000000000000000e+00,0.000000000000000000e+00,0.000000000000000000e+00,0.000000000000000000e+00,0.000000000000000000e+00,0.000000000000000000e+00,0.000000000000000000e+00,0.000000000000000000e+00,0.000000000000000000e+00,0.000000000000000000e+00,0.000000000000000000e+00,0.000000000000000000e+00,0.000000000000000000e+00,0.000000000000000000e+00,0.000000000000000000e+00,0.000000000000000000e+00,0.000000000000000000e+00,0.000000000000000000e+00
cx,4.649999999999999620e-03,4.680000000000000132e-03,4.709999999999999777e-03,4.740000000000000289e-03,4.780000000000000394e-03,4.810000000000000039e-03,4.850000000000000144e-03,4.890000000000000249e-03,4.939999999999999947e-03,4.989999999999999644e-03,5.049999999999999802e-03,5.109999999999999959e-03,5.179999999999999709e-03,5.830000000000000113e-03,5.270000000000000379e-03,5.329999999999999669e-03,5.389999999999999826e-03,5.440000000000000391e-03,5.519999999999999733e-03,5.559999999999999838e-03,5.649999999999999641e-03,5.680000000000000153e-03,5.700000000000000205e-03,5.740000000000000310e-03,5.810000000000000060e-03,5.850000000000000165e-03,5.850000000000000165e-03,4.649999999999999620e-03,4.680000000000000132e-03,4.709999999999999777e-03,4.740000000000000289e-03,4.780000000000000394e-03,4.810000000000000039e-03,4.850000000000000144e-03,4.890000000000000249e-03,4.939999999999999947e-03,4.989999999999999644e-03,5.049999999999999802e-03,5.109999999999999959e-03,5.179999999999999709e-03,5.810000000000000060e-03,5.270000000000000379e-03,5.329999999999999669e-03,5.389999999999999826e-03,5.440000000000000391e-03,5.519999999999999733e-03,5.559999999999999838e-03,5.649999999999999641e-03,5.680000000000000153e-03,5.700000000000000205e-03,5.740000000000000310e-03,5.810000000000000060e-03,5.850000000000000165e-03,5.850000000000000165e-03,5.479999999999999628e-03,5.519999999999999733e-03,5.570000000000000298e-03,5.610000000000000403e-03,5.669999999999999693e-03,5.709999999999999798e-03,5.769999999999999955e-03,5.830000000000000113e-03,5.890000000000000270e-03,5.950000000000000427e-03,6.000000000000000125e-03,6.029999999999999770e-03,6.029999999999999770e-03,5.479999999999999628e-03,5.519999999999999733e-03,5.570000000000000298e-03,5.610000000000000403e-03,5.660000000000000100e-03,5.709999999999999798e-03,5.769999999999999955e-03,5.819999999999999653e-03,5.879999999999999810e-03,5.950000000000000427e-03,5.989999999999999665e-03,6.029999999999999770e-03,6.029999999999999770e-03,4.969999999999999592e-03,4.989999999999999644e-03,5.020000000000000157e-03,5.040000000000000209e-03,5.069999999999999854e-03,5.089999999999999906e-03,5.120000000000000419e-03,5.150000000000000064e-03,5.179999999999999709e-03,5.210000000000000221e-03,5.250000000000000326e-03,5.290000000000000431e-03,5.329999999999999669e-03,5.369999999999999774e-03,5.409999999999999878e-03,5.459999999999999576e-03,5.510000000000000141e-03,5.570000000000000298e-03,5.629999999999999588e-03,5.689999999999999745e-03,5.769999999999999955e-03,5.850000000000000165e-03,5.950000000000000427e-03,6.069999999999999875e-03,6.210000000000000242e-03,6.380000000000000254e-03,4.969999999999999592e-03,4.989999999999999644e-03,5.020000000000000157e-03,5.040000000000000209e-03,5.069999999999999854e-03,5.089999999999999906e-03,5.120000000000000419e-03,5.150000000000000064e-03,5.179999999999999709e-03,5.210000000000000221e-03,5.250000000000000326e-03,5.290000000000000431e-03,5.329999999999999669e-03,5.369999999999999774e-03,5.409999999999999878e-03,5.459999999999999576e-03,5.510000000000000141e-03,5.570000000000000298e-03,5.629999999999999588e-03,5.689999999999999745e-03,5.769999999999999955e-03,5.850000000000000165e-03,5.950000000000000427e-03,6.069999999999999875e-03,6.210000000000000242e-03,6.380000000000000254e-03
cx*c/cref,1.120124338667141325e-02,1.080118209911498824e-02,1.039506533240571427e-02,9.982893086543594835e-03,9.584717070881940484e-03,9.159424620188651514e-03,8.746109906644879139e-03,8.324721220897311064e-03,7.911273286197357396e-03,7.487732886242658668e-03,7.068096251233679100e-03,6.636348657919005981e-03,6.204819842412672044e-03,4.150919062565729817e-03,5.900964130276505591e-03,5.674112568155711099e-03,5.440641076253498708e-03,5.191016163217759306e-03,4.962851262801947633e-03,4.692104033523710610e-03,4.456385279984468109e-03,4.166722539518177837e-03,3.866970488779587940e-03,3.577472389858753730e-03,3.300608668920996299e-03,3.000629661688805627e-03,2.677922282265763395e-03,1.120124338667141325e-02,1.080118209911498824e-02,1.039506533240571427e-02,9.982893086543594835e-03,9.584717070881940484e-03,9.159424620188651514e-03,8.746109906644879139e-03,8.324721220897311064e-03,7.911273286197357396e-03,7.487732886242658668e-03,7.068096251233679100e-03,6.636348657919005981e-03,6.204819842412672044e-03,4.136679203002896488e-03,5.900964130276505591e-03,5.674112568155711099e-03,5.440641076253498708e-03,5.191016163217759306e-03,4.962851262801947633e-03,4.692104033523710610e-03,4.456385279984468109e-03,4.166722539518177837e-03,3.866970488779587940e-03,3.577472389858753730e-03,3.300608668920996299e-03,3.000629661688805627e-03,2.677922282265763395e-03,3.541953273901014311e-03,3.420846894364715490e-03,3.303541613409484781e-03,3.177909290209847502e-03,3.060944092093128600e-03,2.930519593249955590e-03,2.807697291568916204e-03,2.681680206125519952e-03,2.552468336919766403e-03,2.420061683951656422e-03,2.280659148640121897e-03,2.131524560324882071e-03,1.970986676266442677e-03,3.541953273901014311e-03,3.420846894364715490e-03,3.303541613409484781e-03,3.177909290209847502e-03,3.055545601630883356e-03,2.930519593249955590e-03,2.807697291568916204e-03,2.677080411603863924e-03,2.548134774378306346e-03,2.420061683951656422e-03,2.276858050059054651e-03,2.131524560324882071e-03,1.970986676266442677e-03,6.922647038361349342e-03,6.688587700422281984e-03,6.482124646075686572e-03,6.260296147685537674e-03,6.048431989904055374e-03,5.822181104082061603e-03,5.604911806106105225e-03,5.384690083647483173e-03,5.161524244826637929e-03,4.935410147717895525e-03,4.715329372077596039e-03,4.491317585386769319e-03,4.263370475836070900e-03,4.039754898312489066e-03,3.820646739042503869e-03,3.604455126441989156e-03,3.383657239471257044e-03,3.163933389421909933e-03,2.938682010128302463e-03,2.707903101590434635e-03,2.480193521769378899e-03,2.245113902955976019e-03,2.009418593363211658e-03,1.770343828368954988e-03,1.525125843351076696e-03,1.272996165482874129e-03,6.922647038361349342e-03,6.688587700422281984e-03,6.482124646075686572e-03,6.260296147685537674e-03,6.048431989904055374e-03,5.822181104082061603e-03,5.604911806106105225e-03,5.384690083647483173e-03,5.161524244826637929e-03,4.935410147717895525e-03,4.715329372077596039e-03,4.491317585386769319e-03,4.263370475836070900e-03,4.039754898312489066e-03,3.820646739042503869e-03,3.604455126441989156e-03,3.383657239471257044e-03,3.163933389421909933e-03,2.938682010128302463e-03,2.707903101590434635e-03,2.480193521769378899e-03,2.245113902955976019e-03,2.009418593363211658e-03,1.770343828368954988e-03,1.525125843351076696e-03,1.272996165482874129e-03
cxi,-0.000000000000000000e+00,-0.000000000000000000e+00,-0.000000000000000000e+00,-0.000000000000000000e+00,-0.000000000000000000e+00,-0.000000000000000000e+00,-0.000000000000000000e+00,-0.000000000000000000e+00,-0.000000000000000000e+00,-0.000000000000000000e+00,-0.000000000000000000e+00,-0.000000000000000000e+00,-0.000000000000000000e+00,0.000000000000000000e+00,0.000000000000000000e+00,0.000000000000000000e+00,0.000000000000000000e+00,0.000000000000000000e+00,0.000000000000000000e+00,0.000000000000000000e+00,0.000000000000000000e+00,0.000000000000000000e+00,0.000000000000000000e+00,0.000000000000000000e+00,0.000000000000000000e+00,0.000000000000000000e+00,0.000000000000000000e+00,-0.000000000000000000e+00,-0.000000000000000000e+00,-0.000000000000000000e+00,-0.000000000000000000e+00,-0.000000000000000000e+00,-0.000000000000000000e+00,-0.000000000000000000e+00,-0.000000000000000000e+00,-0.000000000000000000e+00,-0.000000000000000000e+00,-0.000000000000000000e+00,-0.000000000000000000e+00,-0.000000000000000000e+00,0.000000000000000000e+00,0.000000000000000000e+00,0.000000000000000000e+00,0.000000000000000000e+00,0.000000000000000000e+00,0.000000000000000000e+00,0.000000000000000000e+00,0.000000000000000000e+00,0.000000000000000000e+00,0.000000000000000000e+00,0.000000000000000000e+00,0.000000000000000000e+00,0.000000000000000000e+00,0.000000000000000000e+00,0.000000000000000000e+00,0.000000000000000000e+00,0.000000000000000000e+00,0.000000000000000000e+00,0.000000000000000000e+00,0.000000000000000000e+00,0.000000000000000000e+00,-0.000000000000000000e+00,-0.000000000000000000e+00,-0.000000000000000000e+00,0.000000000000000000e+00,0.000000000000000000e+00,0.000000000000000000e+00,0.000000000000000000e+00,0.000000000000000000e+00,0.000000000000000000e+00,0.000000000000000000e+00,0.000000000000000000e+00,0.000000000000000000e+00,0.000000000000000000e+00,0.000000000000000000e+00,0.000000000000000000e+00,0.000000000000000000e+00,-0.000000000000000000e+00,0.000000000000000000e+00,0.000000000000000000e+00,-0.000000000000000000e+00,-0.000000000000000000e+00,0.000000000000000000e+00,-0.000000000000000000e+00,-0.000000000000000000e+00,-0.000000000000000000e+00,-0.000000000000000000e+00,0.000000000000000000e+00,0.000000000000000000e+00,0.000000000000000000e+00,0.000000000000000000e+00,-0.000000000000000000e+00,-0.000000000000000000e+00,-0.000000000000000000e+00,-0.000000000000000000e+00,-0.000000000000000000e+00,0.000000000000000000e+00,0.000000000000000000e+00,0.000000000000000000e+00,0.000000000000000000e+00,0.000000000000000000e+00,0.000000000000000000e+00,0.000000000000000000e+00,0.000000000000000000e+00,-0.000000000000000000e+00,-0.000000000000000000e+00,-0.000000000000000000e+00,-0.000000000000000000e+00,0.000000000000000000e+00,0.000000000000000000e+00,-0.000000000000000000e+00,-0.000000000000000000e+00,-0.000000000000000000e+00,-0.000000000000000000e+00,-0.000000000000000000e+00,-0.000000000000000000e+00,-0.000000000000000000e+00,-0.000000000000000000e+00,-0.000000000000000000e+00,-0.000000000000000000e+00,-0.000000000000000000e+00,-0.000000000000000000e+00,0.000000000000000000e+00,0.000000000000000000e+00,0.000000000000000000e+00,0.000000000000000000e+00,0.000000000000000000e+00,0.000000000000000000e+00,0.000000000000000000e+00,0.000000000000000000e+00,0.000000000000000000e+00,-0.000000000000000000e+00
cxi*c/cref,-0.000000000000000000e+00,-0.000000000000000000e+00,-0.000000000000000000e+00,-0.000000000000000000e+00,-0.000000000000000000e+00,-0.000000000000000000e+00,-0.000000000000000000e+00,-0.000000000000000000e+00,-0.000000000000000000e+00,-0.000000000000000000e+00,-0.000000000000000000e+00,-0.000000000000000000e+00,-0.000000000000000000e+00,0.000000000000000000e+00,0.000000000000000000e+00,0.000000000000000000e+00,0.000000000000000000e+00,0.000000000000000000e+00,0.000000000000000000e+00,0.000000000000000000e+00,0.000000000000000000e+00,0.000000000000000000e+00,0.000000000000000000e+00,0.000000000000000000e+00,0.000000000000000000e+00,0.000000000000000000e+00,0.000000000000000000e+00,-0.000000000000000000e+00,-0.000000000000000000e+00,-0.000000000000000000e+00,-0.000000000000000000e+00,-0.000000000000000000e+00,-0.000000000000000000e+00,-0.000000000000000000e+00,-0.000000000000000000e+00,-0.000000000000000000e+00,-0.000000000000000000e+00,-0.000000000000000000e+00,-0.000000000000000000e+00,-0.000000000000000000e+00,0.000000000000000000e+00,0.000000000000000000e+00,0.000000000000000000e+00,0.000000000000000000e+00,0.000000000000000000e+00,0.000000000000000000e+00,0.000000000000000000e+00,0.000000000000000000e+00,0.000000000000000000e+00,0.000000000000000000e+00,0.000000000000000000e+00,0.000000000000000000e+00,0.000000000000000000e+00,0.000000000000000000e+00,0.000000000000000000e+00,0.000000000000000000e+00,0.000000000000000000e+00,0.000000000000000000e+00,0.000000000000000000e+00,0.000000000000000000e+00,0.000000000000000000e+00,-0.000000000000000000e+00,-0.000000000000000000e+00,-0.000000000000000000e+00,0.000000000000000000e+00,0.000000000000000000e+00,0.000000000000000000e+00,0.000000000000000000e+00,0.000000000000000000e+00,0.000000000000000000e+00,0.000000000000000000e+00,0.000000000000000000e+00,0.000000000000000000e+00,0.000000000000000000e+00,0.000000000000000000e+00,0.000000000000000000e+00,0.000000000000000000e+00,-0.000000000000000000e+00,0.000000000000000000e+00,0.000000000000000000e+00,-0.000000000000000000e+00,-0.000000000000000000e+00,0.000000000000000000e+00,-0.000000000000000000e+00,-0.000000000000000000e+00,-0.000000000000000000e+00,-0.000000000000000000e+00,0.000000000000000000e+00,0.000000000000000000e+00,0.000000000000000000e+00,0.000000000000000000e+00,-0.000000000000000000e+00,-0.000000000000000000e+00,-0.000000000000000000e+00,-0.000000000000000000e+00,-0.000000000000000000e+00,0.000000000000000000e+00,0.000000000000000000e+00,0.000000000000000000e+00,0.000000000000000000e+00,0.000000000000000000e+00,0.000000000000000000e+00,0.000000000000000000e+00,0.000000000000000000e+00,-0.000000000000000000e+00,-0.000000000000000000e+00,-0.000000000000000000e+00,-0.000000000000000000e+00,0.000000000000000000e+00,0.000000000000000000e+00,-0.000000000000000000e+00,-0.000000000000000000e+00,-0.000000000000000000e+00,-0.000000000000000000e+00,-0.000000000000000000e+00,-0.000000000000000000e+00,-0.000000000000000000e+00,-0.000000000000000000e+00,-0.000000000000000000e+00,-0.000000000000000000e+00,-0.000000000000000000e+00,-0.000000000000000000e+00,0.000000000000000000e+00,0.000000000000000000e+00,0.000000000000000000e+00,0.000000000000000000e+00,0.000000000000000000e+00,0.000000000000000000e+00,0.000000000000000000e+00,0.000000000000000000e+00,0.000000000000000000e+00,-0.000000000000000000e+00
cxo,4.649999999999999620e-03,4.680000000000000132e-03,4.709999999999999777e-03,4.740000000000000289e-03,4.780000000000000394e-03,4.810000000000000039e-03,4.850000000000000144e-03,4.890000000000000249e-03,4.939999999999999947e-03,4.989999999999999644e-03,5.049999999999999802e-03,5.109999999999999959e-03,5.179999999999999709e-03,5.830000000000000113e-03,5.270000000000000379e-03,5.329999999999999669e-03,5.389999999999999826e-03,5.440000000000000391e-03,5.519999999999999733e-03,5.559999999999999838e-03,5.649999999999999641e-03,5.680000000000000153e-03,5.700000000000000205e-03,5.740000000000000310e-03,5.810000000000000060e-03,5.850000000000000165e-03,5.850000000000000165e-03,4.649999999999999620e-03,4.680000000000000132e-03,4.709999999999999777e-03,4.740000000000000289e-03,4.780000000000000394e-03,4.810000000000000039e-03,4.850000000000000144e-03,4.890000000000000249e-03,4.939999999999999947e-03,4.989999999999999644e-03,5.049999999999999802e-03,5.109999999999999959e-03,5.179999999999999709e-03,5.810000000000000060e-03,5.270000000000000379e-03,5.329999999999999669e-03,5.389999999999999826e-03,5.440000000000000391e-03,5.519999999999999733e-03,5.559999999999999838e-03,5.649999999999999641e-03,5.680000000000000153e-03,5.700000000000000205e-03,5.740000000000000310e-03,5.810000000000000060e-03,5.850000000000000165e-03,5.850000000000000165e-03,5.479999999999999628e-03,5.519999999999999733e-03,5.570000000000000298e-03,5.610000000000000403e-03,5.669999999999999693e-03,5.709999999999999798e-03,5.769999999999999955e-03,5.830000000000000113e-03,5.890000000000000270e-03,5.950000000000000427e-03,6.000000000000000125e-03,6.029999999999999770e-03,6.029999999999999770e-03,5.479999999999999628e-03,5.519999999999999733e-03,5.570000000000000298e-03,5.610000000000000403e-03,5.660000000000000100e-03,5.709999999999999798e-03,5.769999999999999955e-03,5.819999999999999653e-03,5.879999999999999810e-03,5.950000000000000427e-03,5.989999999999999665e-03,6.029999999999999770e-03,6.029999999999999770e-03,4.969999999999999592e-03,4.989999999999999644e-03,5.020000000000000157e-03,5.040000000000000209e-03,5.069999999999999854e-03,5.089999999999999906e-03,5.120000000000000419e-03,5.150000000000000064e-03,5.179999999999999709e-03,5.210000000000000221e-03,5.250000000000000326e-03,5.290000000000000431e-03,5.329999999999999669e-03,5.369999999999999774e-03,5.409999999999999878e-03,5.459999999999999576e-03,5.510000000000000141e-03,5.570000000000000298e-03,5.629999999999999588e-03,5.689999999999999745e-03,5.769999999999999955e-03,5.850000000000000165e-03,5.950000000000000427e-03,6.069999999999999875e-03,6.210000000000000242e-03,6.380000000000000254e-03,4.969999999999999592e-03,4.989999999999999644e-03,5.020000000000000157e-03,5.040000000000000209e-03,5.069999999999999854e-03,5.089999999999999906e-03,5.120000000000000419e-03,5.150000000000000064e-03,5.179999999999999709e-03,5.210000000000000221e-03,5.250000000000000326e-03,5.290000000000000431e-03,5.329999999999999669e-03,5.369999999999999774e-03,5.409999999999999878e-03,5.459999999999999576e-03,5.510000000000000141e-03,5.570000000000000298e-03,5.629999999999999588e-03,5.689999999999999745e-03,5.769999999999999955e-03,5.850000000000000165e-03,5.950000000000000427e-03,6.069999999999999875e-03,6.210000000000000242e-03,6.380000000000000254e-03
cxo*c/cref,1.120124338667141325e-02,1.080118209911498824e-02,1.039506533240571427e-02,9.982893086543594835e-03,9.584717070881940484e-03,9.159424620188651514e-03,8.746109906644879139e-03,8.324721220897311064e-03,7.911273286197357396e-03,7.487732886242658668e-03,7.068096251233679100e-03,6.636348657919005981e-03,6.204819842412672044e-03,4.150919062565729817e-03,5.900964130276505591e-03,5.674112568155711099e-03,5.440641076253498708e-03,5.191016163217759306e-03,4.962851262801947633e-03,4.692104033523710610e-03,4.456385279984468109e-03,4.166722539518177837e-03,3.866970488779587940e-03,3.577472389858753730e-03,3.300608668920996299e-03,3.000629661688805627e-03,2.677922282265763395e-03,1.120124338667141325e-02,1.080118209911498824e-02,1.039506533240571427e-02,9.982893086543594835e-03,9.584717070881940484e-03,9.159424620188651514e-03,8.746109906644879139e-03,8.324721220897311064e-03,7.911273286197357396e-03,7.487732886242658668e-03,7.068096251233679100e-03,6.636348657919005981e-03,6.204819842412672044e-03,4.136679203002896488e-03,5.900964130276505591e-03,5.674112568155711099e-03,5.440641076253498708e-03,5.191016163217759306e-03,4.962851262801947633e-03,4.692104033523710610e-03,4.456385279984468109e-03,4.166722539518177837e-03,3.866970488779587940e-03,3.577472389858753730e-03,3.300608668920996299e-03,3.000629661688805627e-03,2.677922282265763395e-03,3.541953273901014311e-03,3.420846894364715490e-03,3.303541613409484781e-03,3.177909290209847502e-03,3.060944092093128600e-03,2.930519593249955590e-03,2.807697291568916204e-03,2.681680206125519952e-03,2.552468336919766403e-03,2.420061683951656422e-03,2.280659148640121897e-03,2.131524560324882071e-03,1.970986676266442677e-03,3.541953273901014311e-03,3.420846894364715490e-03,3.303541613409484781e-03,3.177909290209847502e-03,3.055545601630883356e-03,2.930519593249955590e-03,2.807697291568916204e-03,2.677080411603863924e-03,2.548134774378306346e-03,2.420061683951656422e-03,2.276858050059054651e-03,2.131524560324882071e-03,1.970986676266442677e-03,6.922647038361349342e-03,6.688587700422281984e-03,6.482124646075686572e-03,6.260296147685537674e-03,6.048431989904055374e-03,5.822181104082061603e-03,5.604911806106105225e-03,5.384690083647483173e-03,5.161524244826637929e-03,4.935410147717895525e-03,4.715329372077596039e-03,4.491317585386769319e-03,4.263370475836070900e-03,4.039754898312489066e-03,3.820646739042503869e-03,3.604455126441989156e-03,3.383657239471257044e-03,3.163933389421909933e-03,2.938682010128302463e-03,2.707903101590434635e-03,2.480193521769378899e-03,2.245113902955976019e-03,2.009418593363211658e-03,1.770343828368954988e-03,1.525125843351076696e-03,1.272996165482874129e-03,6.922647038361349342e-03,6.688587700422281984e-03,6.482124646075686572e-03,6.260296147685537674e-03,6.048431989904055374e-03,5.822181104082061603e-03,5.604911806106105225e-03,5.384690083647483173e-03,5.161524244826637929e-03,4.935410147717895525e-03,4.715329372077596039e-03,4.491317585386769319e-03,4.263370475836070900e-03,4.039754898312489066e-03,3.820646739042503869e-03,3.604455126441989156e-03,3.383657239471257044e-03,3.163933389421909933e-03,2.938682010128302463e-03,2.707903101590434635e-03,2.480193521769378899e-03,2.245113902955976019e-03,2.009418593363211658e-03,1.770343828368954988e-03,1.525125843351076696e-03,1.272996165482874129e-03
cy,8.599999999999999789e-04,1.729999999999999984e-03,2.259999999999999856e-03,2.720000000000000195e-03,3.139999999999999996e-03,3.550000000000000204e-03,3.950000000000000386e-03,4.389999999999999805e-03,4.850000000000000144e-03,5.329999999999999669e-03,5.850000000000000165e-03,6.409999999999999899e-03,8.019999999999999352e-03,5.159999999999999656e-03,8.590000000000000413e-03,9.079999999999999530e-03,9.749999999999999986e-03,1.017000000000000022e-02,1.085000000000000027e-02,1.095999999999999926e-02,1.173000000000000084e-02,1.149999999999999981e-02,1.073999999999999955e-02,1.044999999999999922e-02,1.039999999999999952e-02,9.849999999999999381e-03,7.680000000000000195e-03,-8.599999999999999789e-04,-1.729999999999999984e-03,-2.259999999999999856e-03,-2.720000000000000195e-03,-3.139999999999999996e-03,-3.550000000000000204e-03,-3.950000000000000386e-03,-4.389999999999999805e-03,-4.850000000000000144e-03,-5.329999999999999669e-03,-5.850000000000000165e-03,-6.409999999999999899e-03,-8.519999999999999796e-03,-5.910000000000000323e-03,-8.510000000000000203e-03,-9.079999999999999530e-03,-9.749999999999999986e-03,-1.017000000000000022e-02,-1.085000000000000027e-02,-1.095999999999999926e-02,-1.173000000000000084e-02,-1.149999999999999981e-02,-1.073999999999999955e-02,-1.044999999999999922e-02,-1.039999999999999952e-02,-9.849999999999999381e-03,-7.680000000000000195e-03,2.239999999999999804e-03,3.710000000000000190e-03,4.760000000000000342e-03,5.539999999999999786e-03,6.360000000000000202e-03,6.930000000000000396e-03,7.579999999999999932e-03,8.179999999999999771e-03,8.689999999999999808e-03,9.259999999999999135e-03,9.029999999999999832e-03,7.919999999999999957e-03,4.980000000000000052e-03,-2.160000000000000028e-03,-3.650000000000000033e-03,-4.660000000000000080e-03,-5.499999999999999681e-03,-6.270000000000000399e-03,-6.830000000000000134e-03,-7.530000000000000235e-03,-8.030000000000000679e-03,-8.580000000000000820e-03,-9.140000000000000555e-03,-8.890000000000000333e-03,-7.969999999999999654e-03,-4.910000000000000302e-03,1.567999999999999949e-02,9.190000000000000252e-03,6.729999999999999871e-03,7.979999999999999247e-03,8.340000000000000191e-03,8.049999999999999864e-03,9.039999999999999425e-03,1.008000000000000042e-02,1.064999999999999974e-02,1.144000000000000052e-02,1.221999999999999996e-02,1.288000000000000082e-02,1.442000000000000053e-02,1.738999999999999921e-02,1.801000000000000170e-02,2.658999999999999905e-02,2.902000000000000066e-02,2.842000000000000082e-02,2.646000000000000088e-02,2.447999999999999829e-02,2.012999999999999859e-02,1.277999999999999969e-02,-1.800000000000000113e-04,-5.680000000000000153e-03,-1.128000000000000010e-02,-8.840000000000000635e-03,-2.230000000000000038e-02,-7.700000000000000247e-03,-7.709999999999999840e-03,-8.309999999999999679e-03,-9.499999999999999764e-03,-1.071000000000000077e-02,-1.136999999999999990e-02,-1.170999999999999992e-02,-1.234999999999999987e-02,-1.297000000000000063e-02,-1.366999999999999986e-02,-1.460999999999999972e-02,-1.612999999999999851e-02,-1.906000000000000055e-02,-2.006000000000000144e-02,-2.607999999999999902e-02,-2.886999999999999983e-02,-2.841000000000000122e-02,-2.646000000000000088e-02,-2.447999999999999829e-02,-2.012999999999999859e-02,-1.277999999999999969e-02,1.800000000000000113e-04,5.680000000000000153e-03,1.128000000000000010e-02,8.840000000000000635e-03
cy*c/cref,2.071627809147831133e-03,3.992744664843788857e-03,4.987865743362402196e-03,5.728579999029236210e-03,6.296236736939181747e-03,6.760074303881437839e-03,7.123120439432428092e-03,7.473522732053003957e-03,7.767140776934651665e-03,7.997919094924522271e-03,8.187794667270698740e-03,8.324656535667480581e-03,9.606690180723867489e-03,3.673883767210834109e-03,9.618459559596809205e-03,9.666218033556070108e-03,9.841604915300856266e-03,9.704528378662610408e-03,9.754879746630640280e-03,9.249183490543141928e-03,9.251929085702268948e-03,8.436145986700534574e-03,7.286186499911012811e-03,6.512994159237625938e-03,5.908146326467876575e-03,5.052342250877731381e-03,3.515631303897617538e-03,-2.071627809147831133e-03,-3.992744664843788857e-03,-4.987865743362402196e-03,-5.728579999029236210e-03,-6.296236736939181747e-03,-6.760074303881437839e-03,-7.123120439432428092e-03,-7.473522732053003957e-03,-7.767140776934651665e-03,-7.997919094924522271e-03,-8.187794667270698740e-03,-8.324656535667480581e-03,-1.020561101493358547e-02,-4.207878500817060531e-03,-9.528881356480656956e-03,-9.666218033556070108e-03,-9.841604915300856266e-03,-9.704528378662610408e-03,-9.754879746630640280e-03,-9.249183490543141928e-03,-9.251929085702268948e-03,-8.436145986700534574e-03,-7.286186499911012811e-03,-6.512994159237625938e-03,-5.908146326467876575e-03,-5.052342250877731381e-03,-3.515631303897617538e-03,1.447805717798954749e-03,2.299156155451647764e-03,2.823134305175789300e-03,3.138256233112754652e-03,3.433439933988059571e-03,3.556655128059929127e-03,3.688448088404226201e-03,3.762631918714709131e-03,3.765865848528483772e-03,3.766348099729803934e-03,3.432392018703383282e-03,2.799614347889397593e-03,1.627780041095669081e-03,-1.396098370734706520e-03,-2.261973037034640133e-03,-2.763824760949407013e-03,-3.115597343342987185e-03,-3.384853519827851504e-03,-3.505332543239439002e-03,-3.664117955894963599e-03,-3.693635000889867841e-03,-3.718196660572427488e-03,-3.717540132994645325e-03,-3.379176638568447046e-03,-2.817288680893749626e-03,-1.604899598750950855e-03,2.184046389567524324e-02,1.231826071480576594e-02,8.690179057388320791e-03,9.912135567168765815e-03,9.949491675700162033e-03,9.207968150856699063e-03,9.896172407656091130e-03,1.053935457148866793e-02,1.061201413270341544e-02,1.083706182147653116e-02,1.097549046224537660e-02,1.093538194702865438e-02,1.153429685957901331e-02,1.308218578801753802e-02,1.271901067840212549e-02,1.755356443444917522e-02,1.782100419046386136e-02,1.614344469073082308e-02,1.381128347921756552e-02,1.165017011018169499e-02,8.652737537819340033e-03,4.904710372611516787e-03,-6.078913391687026561e-05,-1.656598508259582436e-03,-2.770276894202922113e-03,-1.763837947158089026e-03,-3.106137403530343996e-02,-1.032106719303638696e-02,-9.955613749251702657e-03,-1.032203591017198663e-02,-1.133335382723639657e-02,-1.225060110505282740e-02,-1.244684516316922097e-02,-1.224363512223534609e-02,-1.230595066092837406e-02,-1.228642411053764046e-02,-1.227781952691442587e-02,-1.240418713090750240e-02,-1.290209489216431749e-02,-1.433849690164544499e-02,-1.416676036694873055e-02,-1.721688456000129708e-02,-1.772889010953451749e-02,-1.613776437943922198e-02,-1.381128347921756552e-02,-1.165017011018169499e-02,-8.652737537819340033e-03,-4.904710372611516787e-03,6.078913391687026561e-05,1.656598508259582436e-03,2.770276894202922113e-03,1.763837947158089026e-03
cyi,8.599999999999999789e-04,1.729999999999999984e-03,2.259999999999999856e-03,2.720000000000000195e-03,3.139999999999999996e-03,3.550000000000000204e-03,3.950000000000000386e-03,4.389999999999999805e-03,4.850000000000000144e-03,5.329999999999999669e-03,5.850000000000000165e-03,6.409999999999999899e-03,8.040000000000000271e-03,5.159999999999999656e-03,8.590000000000000413e-03,9.079999999999999530e-03,9.749999999999999986e-03,1.017000000000000022e-02,1.085000000000000027e-02,1.095999999999999926e-02,1.173000000000000084e-02,1.149999999999999981e-02,1.073999999999999955e-02,1.044999999999999922e-02,1.039999999999999952e-02,9.849999999999999381e-03,7.680000000000000195e-03,-8.599999999999999789e-04,-1.729999999999999984e-03,-2.259999999999999856e-03,-2.720000000000000195e-03,-3.139999999999999996e-03,-3.550000000000000204e-03,-3.950000000000000386e-03,-4.389999999999999805e-03,-4.850000000000000144e-03,-5.329999999999999669e-03,-5.850000000000000165e-03,-6.409999999999999899e-03,-8.540000000000000716e-03,-5.910000000000000323e-03,-8.510000000000000203e-03,-9.079999999999999530e-03,-9.749999999999999986e-03,-1.017000000000000022e-02,-1.085000000000000027e-02,-1.095999999999999926e-02,-1.173000000000000084e-02,-1.149999999999999981e-02,-1.073999999999999955e-02,-1.044999999999999922e-02,-1.039999999999999952e-02,-9.849999999999999381e-03,-7.680000000000000195e-03,2.239999999999999804e-03,3.710000000000000190e-03,4.760000000000000342e-03,5.539999999999999786e-03,6.360000000000000202e-03,6.930000000000000396e-03,7.579999999999999932e-03,8.179999999999999771e-03,8.689999999999999808e-03,9.259999999999999135e-03,9.029999999999999832e-03,7.919999999999999957e-03,4.980000000000000052e-03,-2.160000000000000028e-03,-3.650000000000000033e-03,-4.660000000000000080e-03,-5.499999999999999681e-03,-6.270000000000000399e-03,-6.830000000000000134e-03,-7.530000000000000235e-03,-8.030000000000000679e-03,-8.580000000000000820e-03,-9.140000000000000555e-03,-8.890000000000000333e-03,-7.969999999999999654e-03,-4.910000000000000302e-03,1.567999999999999949e-02,9.190000000000000252e-03,6.729999999999999871e-03,7.979999999999999247e-03,8.340000000000000191e-03,8.049999999999999864e-03,9.039999999999999425e-03,1.008000000000000042e-02,1.064999999999999974e-02,1.144000000000000052e-02,1.221999999999999996e-02,1.288000000000000082e-02,1.442000000000000053e-02,1.738999999999999921e-02,1.801000000000000170e-02,2.658999999999999905e-02,2.902000000000000066e-02,2.842000000000000082e-02,2.646000000000000088e-02,2.447999999999999829e-02,2.012999999999999859e-02,1.277999999999999969e-02,-1.800000000000000113e-04,-5.680000000000000153e-03,-1.128000000000000010e-02,-8.840000000000000635e-03,-2.230000000000000038e-02,-7.700000000000000247e-03,-7.709999999999999840e-03,-8.309999999999999679e-03,-9.499999999999999764e-03,-1.071000000000000077e-02,-1.136999999999999990e-02,-1.170999999999999992e-02,-1.234999999999999987e-02,-1.297000000000000063e-02,-1.366999999999999986e-02,-1.460999999999999972e-02,-1.612999999999999851e-02,-1.906000000000000055e-02,-2.006000000000000144e-02,-2.607999999999999902e-02,-2.886999999999999983e-02,-2.841000000000000122e-02,-2.646000000000000088e-02,-2.447999999999999829e-02,-2.012999999999999859e-02,-1.277999999999999969e-02,1.800000000000000113e-04,5.680000000000000153e-03,1.128000000000000010e-02,8.840000000000000635e-03
cyi*c/cref,2.071627809147831133e-03,3.992744664843788857e-03,4.987865743362402196e-03,5.728579999029236210e-03,6.296236736939181747e-03,6.760074303881437839e-03,7.123120439432428092e-03,7.473522732053003957e-03,7.767140776934651665e-03,7.997919094924522271e-03,8.187794667270698740e-03,8.324656535667480581e-03,9.630647014092256000e-03,3.673883767210834109e-03,9.618459559596809205e-03,9.666218033556070108e-03,9.841604915300856266e-03,9.704528378662610408e-03,9.754879746630640280e-03,9.249183490543141928e-03,9.251929085702268948e-03,8.436145986700534574e-03,7.286186499911012811e-03,6.512994159237625938e-03,5.908146326467876575e-03,5.052342250877731381e-03,3.515631303897617538e-03,-2.071627809147831133e-03,-3.992744664843788857e-03,-4.987865743362402196e-03,-5.728579999029236210e-03,-6.296236736939181747e-03,-6.760074303881437839e-03,-7.123120439432428092e-03,-7.473522732053003957e-03,-7.767140776934651665e-03,-7.997919094924522271e-03,-8.187794667270698740e-03,-8.324656535667480581e-03,-1.022956784830197398e-02,-4.207878500817060531e-03,-9.528881356480656956e-03,-9.666218033556070108e-03,-9.841604915300856266e-03,-9.704528378662610408e-03,-9.754879746630640280e-03,-9.249183490543141928e-03,-9.251929085702268948e-03,-8.436145986700534574e-03,-7.286186499911012811e-03,-6.512994159237625938e-03,-5.908146326467876575e-03,-5.052342250877731381e-03,-3.515631303897617538e-03,1.447805717798954749e-03,2.299156155451647764e-03,2.823134305175789300e-03,3.138256233112754652e-03,3.433439933988059571e-03,3.556655128059929127e-03,3.688448088404226201e-03,3.762631918714709131e-03,3.765865848528483772e-03,3.766348099729803934e-03,3.432392018703383282e-03,2.799614347889397593e-03,1.627780041095669081e-03,-1.396098370734706520e-03,-2.261973037034640133e-03,-2.763824760949407013e-03,-3.115597343342987185e-03,-3.384853519827851504e-03,-3.505332543239439002e-03,-3.664117955894963599e-03,-3.693635000889867841e-03,-3.718196660572427488e-03,-3.717540132994645325e-03,-3.379176638568447046e-03,-2.817288680893749626e-03,-1.604899598750950855e-03,2.184046389567524324e-02,1.231826071480576594e-02,8.690179057388320791e-03,9.912135567168765815e-03,9.949491675700162033e-03,9.207968150856699063e-03,9.896172407656091130e-03,1.053935457148866793e-02,1.061201413270341544e-02,1.083706182147653116e-02,1.097549046224537660e-02,1.093538194702865438e-02,1.153429685957901331e-02,1.308218578801753802e-02,1.271901067840212549e-02,1.755356443444917522e-02,1.782100419046386136e-02,1.614344469073082308e-02,1.381128347921756552e-02,1.165017011018169499e-02,8.652737537819340033e-03,4.904710372611516787e-03,-6.078913391687026561e-05,-1.656598508259582436e-03,-2.770276894202922113e-03,-1.763837947158089026e-03,-3.106137403530343996e-02,-1.032106719303638696e-02,-9.955613749251702657e-03,-1.032203591017198663e-02,-1.133335382723639657e-02,-1.225060110505282740e-02,-1.244684516316922097e-02,-1.224363512223534609e-02,-1.230595066092837406e-02,-1.228642411053764046e-02,-1.227781952691442587e-02,-1.240418713090750240e-02,-1.290209489216431749e-02,-1.433849690164544499e-02,-1.416676036694873055e-02,-1.721688456000129708e-02,-1.772889010953451749e-02,-1.613776437943922198e-02,-1.381128347921756552e-02,-1.165017011018169499e-02,-8.652737537819340033e-03,-4.904710372611516787e-03,6.078913391687026561e-05,1.656598508259582436e-03,2.770276894202922113e-03,1.763837947158089026e-03
cyo,0.000000000000000000e+00,0.000000000000000000e+00,0.000000000000000000e+00,0.000000000000000000e+00,0.000000000000000000e+00,0.000000000000000000e+00,0.000000000000000000e+00,0.000000000000000000e+00,0.000000000000000000e+00,0.000000000000000000e+00,0.000000000000000000e+00,0.000000000000000000e+00,-2.000000000000000164e-05,0.000000000000000000e+00,0.000000000000000000e+00,0.000000000000000000e+00,0.000000000000000000e+00,0.000000000000000000e+00,0.000000000000000000e+00,0.000000000000000000e+00,0.000000000000000000e+00,0.000000000000000000e+00,0.000000000000000000e+00,0.000000000000000000e+00,0.000000000000000000e+00,0.000000000000000000e+00,0.000000000000000000e+00,0.000000000000000000e+00,0.000000000000000000e+00,0.000000000000000000e+00,0.000000000000000000e+00,0.000000000000000000e+00,0.000000000000000000e+00,0.000000000000000000e+00,0.000000000000000000e+00,0.000000000000000000e+00,0.000000000000000000e+00,0.000000000000000000e+00,0.000000000000000000e+00,2.000000000000000164e-05,0.000000000000000000e+00,0.000000000000000000e+00,0.000000000000000000e+00,0.000000000000000000e+00,0.000000000000000000e+00,0.000000000000000000e+00,0.000000000000000000e+00,0.000000000000000000e+00,0.000000000000000000e+00,0.000000000000000000e+00,0.000000000000000000e+00,0.000000000000000000e+00,0.000000000000000000e+00,0.000000000000000000e+00,0.000000000000000000e+00,0.000000000000000000e+00,0.000000000000000000e+00,0.000000000000000000e+00,0.000000000000000000e+00,0.000000000000000000e+00,0.000000000000000000e+00,0.000000000000000000e+00,0.000000000000000000e+00,0.000000000000000000e+00,0.000000000000000000e+00,0.000000000000000000e+00,0.000000000000000000e+00,0.000000000000000000e+00,0.000000000000000000e+00,0.000000000000000000e+00,0.000000000000000000e+00,0.000000000000000000e+00,0.000000000000000000e+00,0.000000000000000000e+00,0.000000000000000000e+00,0.000000000000000000e+00,0.000000000000000000e+00,0.000000000000000000e+00,0.000000000000000000e+00,0.000000000000000000e+00,0.000000000000000000e+00,0.000000000000000000e+00,0.000000000000000000e+00,0.000000000000000000e+00,0.000000000000000000e+00,0.000000000000000000e+00,0.000000000000000000e+00,0.000000000000000000e+00,0.000000000000000000e+00,0.000000000000000000e+00,0.000000000000000000e+00,0.000000000000000000e+00,0.000000000000000000e+00,0.000000000000000000e+00,0.000000000000000000e+00,0.000000000000000000e+00,0.000000000000000000e+00,0.000000000000000000e+00,0.000000000000000000e+00,0.000000000000000000e+00,0.000000000000000000e+00,0.000000000000000000e+00,0.000000000000000000e+00,0.000000000000000000e+00,0.000000000000000000e+00,0.000000000000000000e+00,-0.000000000000000000e+00,0.000000000000000000e+00,0.000000000000000000e+00,0.000000000000000000e+00,0.000000000000000000e+00,0.000000000000000000e+00,0.000000000000000000e+00,0.000000000000000000e+00,0.000000000000000000e+00,0.000000000000000000e+00,0.000000000000000000e+00,0.000000000000000000e+00,0.000000000000000000e+00,0.000000000000000000e+00,0.000000000000000000e+00,0.000000000000000000e+00,0.000000000000000000e+00,0.000000000000000000e+00,0.000000000000000000e+00,0.000000000000000000e+00,0.000000000000000000e+00,0.000000000000000000e+00,0.000000000000000000e+00,0.000000000000000000e+00,0.000000000000000000e+00,0.000000000000000000e+00
cyo*c/cref,0.000000000000000000e+00,0.000000000000000000e+00,0.000000000000000000e+00,0.000000000000000000e+00,0.000000000000000000e+00,0.000000000000000000e+00,0.000000000000000000e+00,0.000000000000000000e+00,0.000000000000000000e+00,0.000000000000000000e+00,0.000000000000000000e+00,0.000000000000000000e+00,-2.395683336838869731e-05,0.000000000000000000e+00,0.000000000000000000e+00,0.000000000000000000e+00,0.000000000000000000e+00,0.000000000000000000e+00,0.000000000000000000e+00,0.000000000000000000e+00,0.000000000000000000e+00,0.000000000000000000e+00,0.000000000000000000e+00,0.000000000000000000e+00,0.000000000000000000e+00,0.000000000000000000e+00,0.000000000000000000e+00,0.000000000000000000e+00,0.000000000000000000e+00,0.000000000000000000e+00,0.000000000000000000e+00,0.000000000000000000e+00,0.000000000000000000e+00,0.000000000000000000e+00,0.000000000000000000e+00,0.000000000000000000e+00,0.000000000000000000e+00,0.000000000000000000e+00,0.000000000000000000e+00,2.395683336838869731e-05,0.000000000000000000e+00,0.000000000000000000e+00,0.000000000000000000e+00,0.000000000000000000e+00,0.000000000000000000e+00,0.000000000000000000e+00,0.000000000000000000e+00,0.000000000000000000e+00,0.000000000000000000e+00,0.000000000000000000e+00,0.000000000000000000e+00,0.000000000000000000e+00,0.000000000000000000e+00,0.000000000000000000e+00,0.000000000000000000e+00,0.000000000000000000e+00,0.000000000000000000e+00,0.000000000000000000e+00,0.000000000000000000e+00,0.000000000000000000e+00,0.000000000000000000e+00,0.000000000000000000e+00,0.000000000000000000e+00,0.000000000000000000e+00,0.000000000000000000e+00,0.000000000000000000e+00,0.000000000000000000e+00,0.000000000000000000e+00,0.000000000000000000e+00,0.000000000000000000e+00,0.000000000000000000e+00,0.000000000000000000e+00,0.000000000000000000e+00,0.000000000000000000e+00,0.000000000000000000e+00,0.000000000000000000e+00,0.000000000000000000e+00,0.000000000000000000e+00,0.000000000000000000e+00,0.000000000000000000e+00,0.000000000000000000e+00,0.000000000000000000e+00,0.000000000000000000e+00,0.000000000000000000e+00,0.000000000000000000e+00,0.000000000000000000e+00,0.000000000000000000e+00,0.000000000000000000e+00,0.000000000000000000e+00,0.000000000000000000e+00,0.000000000000000000e+00,0.000000000000000000e+00,0.000000000000000000e+00,0.000000000000000000e+00,0.000000000000000000e+00,0.000000000000000000e+00,0.000000000000000000e+00,0.000000000000000000e+00,0.000000000000000000e+00,0.000000000000000000e+00,0.000000000000000000e+00,0.000000000000000000e+00,0.000000000000000000e+00,0.000000000000000000e+00,0.000000000000000000e+00,0.000000000000000000e+00,-0.000000000000000000e+00,0.000000000000000000e+00,0.000000000000000000e+00,0.000000000000000000e+00,0.000000000000000000e+00,0.000000000000000000e+00,0.000000000000000000e+00,0.000000000000000000e+00,0.000000000000000000e+00,0.000000000000000000e+00,0.000000000000000000e+00,0.000000000000000000e+00,0.000000000000000000e+00,0.000000000000000000e+00,0.000000000000000000e+00,0.000000000000000000e+00,0.000000000000000000e+00,0.000000000000000000e+00,0.000000000000000000e+00,0.000000000000000000e+00,0.000000000000000000e+00,0.000000000000000000e+00,0.000000000000000000e+00,0.000000000000000000e+00,0.000000000000000000e+00,0.000000000000000000e+00
cz,1.643999999999999975e-02,3.298999999999999849e-02,4.309999999999999942e-02,5.188000000000000250e-02,5.995999999999999941e-02,6.766999999999999404e-02,7.545999999999999930e-02,8.372000000000000275e-02,9.253000000000000114e-02,1.017499999999999932e-01,1.116000000000000048e-01,1.223400000000000043e-01,1.533700000000000063e-01,9.848999999999999422e-02,1.638300000000000034e-01,1.732299999999999951e-01,1.859599999999999864e-01,1.940099999999999880e-01,2.071199999999999986e-01,2.091999999999999971e-01,2.238199999999999912e-01,2.194899999999999907e-01,2.049300000000000010e-01,1.993900000000000117e-01,1.984899999999999998e-01,1.880100000000000104e-01,1.464799999999999991e-01,1.643999999999999975e-02,3.298999999999999849e-02,4.309999999999999942e-02,5.188000000000000250e-02,5.995999999999999941e-02,6.766999999999999404e-02,7.545999999999999930e-02,8.372000000000000275e-02,9.253000000000000114e-02,1.017499999999999932e-01,1.116000000000000048e-01,1.223500000000000004e-01,1.629599999999999937e-01,1.127500000000000030e-01,1.622999999999999998e-01,1.732299999999999951e-01,1.859599999999999864e-01,1.940099999999999880e-01,2.071199999999999986e-01,2.091999999999999971e-01,2.238199999999999912e-01,2.194899999999999907e-01,2.049300000000000010e-01,1.993900000000000117e-01,1.984899999999999998e-01,1.880100000000000104e-01,1.464799999999999991e-01,3.669000000000000039e-02,6.067999999999999783e-02,7.779999999999999416e-02,9.063999999999999835e-02,1.040599999999999997e-01,1.133399999999999963e-01,1.239399999999999946e-01,1.338000000000000023e-01,1.420800000000000118e-01,1.514600000000000113e-01,1.476600000000000135e-01,1.294899999999999940e-01,8.140999999999999626e-02,3.534000000000000336e-02,5.967000000000000082e-02,7.616000000000000547e-02,8.996999999999999442e-02,1.024999999999999939e-01,1.116599999999999954e-01,1.231799999999999978e-01,1.313100000000000100e-01,1.403000000000000080e-01,1.494600000000000095e-01,1.453899999999999915e-01,1.303600000000000037e-01,8.021000000000000352e-02,-1.639999999999999965e-03,-9.700000000000000505e-04,-7.100000000000000191e-04,-8.400000000000000348e-04,-8.800000000000000313e-04,-8.499999999999999526e-04,-9.499999999999999981e-04,-1.059999999999999961e-03,-1.119999999999999902e-03,-1.199999999999999895e-03,-1.280000000000000105e-03,-1.350000000000000071e-03,-1.520000000000000084e-03,-1.830000000000000029e-03,-1.889999999999999970e-03,-2.789999999999999945e-03,-3.050000000000000194e-03,-2.990000000000000036e-03,-2.779999999999999919e-03,-2.569999999999999802e-03,-2.119999999999999923e-03,-1.340000000000000045e-03,2.000000000000000164e-05,5.999999999999999474e-04,1.190000000000000085e-03,9.300000000000000541e-04,-2.340000000000000066e-03,-8.099999999999999561e-04,-8.099999999999999561e-04,-8.700000000000000051e-04,-1.000000000000000021e-03,-1.129999999999999928e-03,-1.199999999999999895e-03,-1.229999999999999974e-03,-1.299999999999999940e-03,-1.360000000000000098e-03,-1.440000000000000091e-03,-1.539999999999999919e-03,-1.699999999999999905e-03,-2.000000000000000042e-03,-2.109999999999999896e-03,-2.739999999999999814e-03,-3.030000000000000141e-03,-2.990000000000000036e-03,-2.779999999999999919e-03,-2.569999999999999802e-03,-2.119999999999999923e-03,-1.340000000000000045e-03,2.000000000000000164e-05,5.999999999999999474e-04,1.190000000000000085e-03,9.300000000000000541e-04
cz*c/cref,3.960181532836086482e-02,7.613910201918877574e-02,9.512257236235378832e-02,1.092642390991311607e-01,1.202300492824437406e-01,1.288603459559596598e-01,1.360786502176128954e-01,1.425246749720905648e-01,1.481842342453120187e-01,1.526807256864109175e-01,1.561979290371640905e-01,1.588827582798064963e-01,1.837129766854887214e-01,7.012418841716958062e-02,1.834449627064895505e-01,1.844139812723478156e-01,1.877071641076253627e-01,1.851303393062274372e-01,1.862148104260035186e-01,1.765446337793453724e-01,1.765359563479864946e-01,1.610130158800782973e-01,1.390277653097545529e-01,1.242704215703722831e-01,1.127603811865970085e-01,9.643562097335253713e-02,6.705334288996392389e-02,3.960181532836086482e-02,7.613910201918877574e-02,9.512257236235378832e-02,1.092642390991311607e-01,1.202300492824437406e-01,1.288603459559596598e-01,1.360786502176128954e-01,1.425246749720905648e-01,1.481842342453120187e-01,1.526807256864109175e-01,1.561979290371640905e-01,1.588957452634814915e-01,1.952002782856311069e-01,8.027720828546928977e-02,1.817317795718931261e-01,1.844139812723478156e-01,1.877071641076253627e-01,1.851303393062274372e-01,1.862148104260035186e-01,1.765446337793453724e-01,1.765359563479864946e-01,1.610130158800782973e-01,1.390277653097545529e-01,1.242704215703722831e-01,1.127603811865970085e-01,9.643562097335253713e-02,6.705334288996392389e-02,2.371428204734091910e-02,3.760452709240053731e-02,4.614282540812528893e-02,5.134504421829243215e-02,5.617669175012538624e-02,5.816901763554289950e-02,6.030953246396038997e-02,6.154525069975893409e-02,6.157125658905949345e-02,6.160378868089375765e-02,5.612702164803340388e-02,4.577298761467147453e-02,2.660995444690731140e-02,2.284172056563172834e-02,3.697861126571423684e-02,4.517014888281262880e-02,5.096550781464882773e-02,5.533452723801510903e-02,5.730679821055867373e-02,5.993971444981960328e-02,6.039990186386656745e-02,6.079988245667966584e-02,6.079032256864110029e-02,5.526417227013121630e-02,4.608052100894721032e-02,2.621771829242642779e-02,-2.284334233986441177e-03,-1.300186386655233272e-03,-9.167945216561229930e-04,-1.043382691280922946e-03,-1.049826459786108290e-03,-9.722699289724464917e-04,-1.039973870273593667e-03,-1.108305143430355884e-03,-1.116005242124678372e-03,-1.136754736518517201e-03,-1.149642208811299613e-03,-1.146177455628003385e-03,-1.215820473409160883e-03,-1.376676250262915280e-03,-1.334754590903943026e-03,-1.841836960214862607e-03,-1.872986312230006268e-03,-1.698413076188781158e-03,-1.451072111573122785e-03,-1.223077499312375666e-03,-9.112669438736712649e-04,-5.142654068309415174e-04,6.754348212985585350e-06,1.749928001682657201e-04,2.922543886614784731e-04,1.855621369747763392e-04,-3.259354943614800777e-03,-1.085722652773957620e-03,-1.045920510621774126e-03,-1.080646358826670194e-03,-1.192984613393304914e-03,-1.292547082045722873e-03,-1.313651204556118236e-03,-1.286052194735224242e-03,-1.295363227466144558e-03,-1.288322034720986234e-03,-1.293347484912712227e-03,-1.307491319753426029e-03,-1.359799213681298210e-03,-1.504564207937612343e-03,-1.490122850162603051e-03,-1.808829129386639069e-03,-1.860704434772760246e-03,-1.698413076188781158e-03,-1.451072111573122785e-03,-1.223077499312375666e-03,-9.112669438736712649e-04,-5.142654068309415174e-04,6.754348212985585350e-06,1.749928001682657201e-04,2.922543886614784731e-04,1.855621369747763392e-04
czi,1.643999999999999975e-02,3.298999999999999849e-02,4.309999999999999942e-02,5.188000000000000250e-02,5.995999999999999941e-02,6.766999999999999404e-02,7.545999999999999930e-02,8.372000000000000275e-02,9.253000000000000114e-02,1.017499999999999932e-01,1.116000000000000048e-01,1.223400000000000043e-01,1.533700000000000063e-01,9.848999999999999422e-02,1.638300000000000034e-01,1.732299999999999951e-01,1.859599999999999864e-01,1.940099999999999880e-01,2.071199999999999986e-01,2.091999999999999971e-01,2.238199999999999912e-01,2.194899999999999907e-01,2.049300000000000010e-01,1.993900000000000117e-01,1.984899999999999998e-01,1.880100000000000104e-01,1.464799999999999991e-01,1.643999999999999975e-02,3.298999999999999849e-02,4.309999999999999942e-02,5.188000000000000250e-02,5.995999999999999941e-02,6.766999999999999404e-02,7.545999999999999930e-02,8.372000000000000275e-02,9.253000000000000114e-02,1.017499999999999932e-01,1.116000000000000048e-01,1.223500000000000004e-01,1.629599999999999937e-01,1.127500000000000030e-01,1.622999999999999998e-01,1.732299999999999951e-01,1.859599999999999864e-01,1.940099999999999880e-01,2.071199999999999986e-01,2.091999999999999971e-01,2.238199999999999912e-01,2.194899999999999907e-01,2.049300000000000010e-01,1.993900000000000117e-01,1.984899999999999998e-01,1.880100000000000104e-01,1.464799999999999991e-01,3.669000000000000039e-02,6.067999999999999783e-02,7.779999999999999416e-02,9.063999999999999835e-02,1.040599999999999997e-01,1.133399999999999963e-01,1.239399999999999946e-01,1.338000000000000023e-01,1.420800000000000118e-01,1.514600000000000113e-01,1.476600000000000135e-01,1.294899999999999940e-01,8.140999999999999626e-02,3.534000000000000336e-02,5.967000000000000082e-02,7.616000000000000547e-02,8.996999999999999442e-02,1.024999999999999939e-01,1.116599999999999954e-01,1.231799999999999978e-01,1.313100000000000100e-01,1.403000000000000080e-01,1.494600000000000095e-01,1.453899999999999915e-01,1.303600000000000037e-01,8.021000000000000352e-02,-1.649999999999999991e-03,-9.700000000000000505e-04,-7.100000000000000191e-04,-8.400000000000000348e-04,-8.800000000000000313e-04,-8.499999999999999526e-04,-9.499999999999999981e-04,-1.059999999999999961e-03,-1.119999999999999902e-03,-1.199999999999999895e-03,-1.280000000000000105e-03,-1.350000000000000071e-03,-1.520000000000000084e-03,-1.830000000000000029e-03,-1.889999999999999970e-03,-2.789999999999999945e-03,-3.050000000000000194e-03,-2.990000000000000036e-03,-2.779999999999999919e-03,-2.569999999999999802e-03,-2.119999999999999923e-03,-1.340000000000000045e-03,2.000000000000000164e-05,5.999999999999999474e-04,1.190000000000000085e-03,9.300000000000000541e-04,-2.340000000000000066e-03,-8.099999999999999561e-04,-8.099999999999999561e-04,-8.700000000000000051e-04,-1.000000000000000021e-03,-1.129999999999999928e-03,-1.199999999999999895e-03,-1.229999999999999974e-03,-1.299999999999999940e-03,-1.360000000000000098e-03,-1.440000000000000091e-03,-1.539999999999999919e-03,-1.699999999999999905e-03,-2.000000000000000042e-03,-2.109999999999999896e-03,-2.739999999999999814e-03,-3.030000000000000141e-03,-2.990000000000000036e-03,-2.779999999999999919e-03,-2.569999999999999802e-03,-2.119999999999999923e-03,-1.340000000000000045e-03,2.000000000000000164e-05,5.999999999999999474e-04,1.190000000000000085e-03,9.300000000000000541e-04
czi*c/cref,3.960181532836086482e-02,7.613910201918877574e-02,9.512257236235378832e-02,1.092642390991311607e-01,1.202300492824437406e-01,1.288603459559596598e-01,1.360786502176128954e-01,1.425246749720905648e-01,1.481842342453120187e-01,1.526807256864109175e-01,1.561979290371640905e-01,1.588827582798064963e-01,1.837129766854887214e-01,7.012418841716958062e-02,1.834449627064895505e-01,1.844139812723478156e-01,1.877071641076253627e-01,1.851303393062274372e-01,1.862148104260035186e-01,1.765446337793453724e-01,1.765359563479864946e-01,1.610130158800782973e-01,1.390277653097545529e-01,1.242704215703722831e-01,1.127603811865970085e-01,9.643562097335253713e-02,6.705334288996392389e-02,3.960181532836086482e-02,7.613910201918877574e-02,9.512257236235378832e-02,1.092642390991311607e-01,1.202300492824437406e-01,1.288603459559596598e-01,1.360786502176128954e-01,1.425246749720905648e-01,1.481842342453120187e-01,1.526807256864109175e-01,1.561979290371640905e-01,1.588957452634814915e-01,1.952002782856311069e-01,8.027720828546928977e-02,1.817317795718931261e-01,1.844139812723478156e-01,1.877071641076253627e-01,1.851303393062274372e-01,1.862148104260035186e-01,1.765446337793453724e-01,1.765359563479864946e-01,1.610130158800782973e-01,1.390277653097545529e-01,1.242704215703722831e-01,1.127603811865970085e-01,9.643562097335253713e-02,6.705334288996392389e-02,2.371428204734091910e-02,3.760452709240053731e-02,4.614282540812528893e-02,5.134504421829243215e-02,5.617669175012538624e-02,5.816901763554289950e-02,6.030953246396038997e-02,6.154525069975893409e-02,6.157125658905949345e-02,6.160378868089375765e-02,5.612702164803340388e-02,4.577298761467147453e-02,2.660995444690731140e-02,2.284172056563172834e-02,3.697861126571423684e-02,4.517014888281262880e-02,5.096550781464882773e-02,5.533452723801510903e-02,5.730679821055867373e-02,5.993971444981960328e-02,6.039990186386656745e-02,6.079988245667966584e-02,6.079032256864110029e-02,5.526417227013121630e-02,4.608052100894721032e-02,2.621771829242642779e-02,-2.298263101266846513e-03,-1.300186386655233272e-03,-9.167945216561229930e-04,-1.043382691280922946e-03,-1.049826459786108290e-03,-9.722699289724464917e-04,-1.039973870273593667e-03,-1.108305143430355884e-03,-1.116005242124678372e-03,-1.136754736518517201e-03,-1.149642208811299613e-03,-1.146177455628003385e-03,-1.215820473409160883e-03,-1.376676250262915280e-03,-1.334754590903943026e-03,-1.841836960214862607e-03,-1.872986312230006268e-03,-1.698413076188781158e-03,-1.451072111573122785e-03,-1.223077499312375666e-03,-9.112669438736712649e-04,-5.142654068309415174e-04,6.754348212985585350e-06,1.749928001682657201e-04,2.922543886614784731e-04,1.855621369747763392e-04,-3.259354943614800777e-03,-1.085722652773957620e-03,-1.045920510621774126e-03,-1.080646358826670194e-03,-1.192984613393304914e-03,-1.292547082045722873e-03,-1.313651204556118236e-03,-1.286052194735224242e-03,-1.295363227466144558e-03,-1.288322034720986234e-03,-1.293347484912712227e-03,-1.307491319753426029e-03,-1.359799213681298210e-03,-1.504564207937612343e-03,-1.490122850162603051e-03,-1.808829129386639069e-03,-1.860704434772760246e-03,-1.698413076188781158e-03,-1.451072111573122785e-03,-1.223077499312375666e-03,-9.112669438736712649e-04,-5.142654068309415174e-04,6.754348212985585350e-06,1.749928001682657201e-04,2.922543886614784731e-04,1.855621369747763392e-04
czo,0.000000000000000000e+00,0.000000000000000000e+00,0.000000000000000000e+00,0.000000000000000000e+00,0.000000000000000000e+00,0.000000000000000000e+00,0.000000000000000000e+00,0.000000000000000000e+00,0.000000000000000000e+00,0.000000000000000000e+00,0.000000000000000000e+00,0.000000000000000000e+00,0.000000000000000000e+00,0.000000000000000000e+00,0.000000000000000000e+00,0.000000000000000000e+00,0.000000000000000000e+00,0.000000000000000000e+00,0.000000000000000000e+00,0.000000000000000000e+00,0.000000000000000000e+00,0.000000000000000000e+00,0.000000000000000000e+00,0.000000000000000000e+00,0.000000000000000000e+00,0.000000000000000000e+00,0.000000000000000000e+00,0.000000000000000000e+00,0.000000000000000000e+00,0.000000000000000000e+00,0.000000000000000000e+00,0.000000000000000000e+00,0.000000000000000000e+00,0.000000000000000000e+00,0.000000000000000000e+00,0.000000000000000000e+00,0.000000000000000000e+00,0.000000000000000000e+00,0.000000000000000000e+00,0.000000000000000000e+00,0.000000000000000000e+00,0.000000000000000000e+00,0.000000000000000000e+00,0.000000000000000000e+00,0.000000000000000000e+00,0.000000000000000000e+00,0.000000000000000000e+00,0.000000000000000000e+00,0.000000000000000000e+00,0.000000000000000000e+00,0.000000000000000000e+00,0.000000000000000000e+00,0.000000000000000000e+00,0.000000000000000000e+00,0.000000000000000000e+00,0.000000000000000000e+00,0.000000000000000000e+00,0.000000000000000000e+00,0.000000000000000000e+00,0.000000000000000000e+00,0.000000000000000000e+00,0.000000000000000000e+00,0.000000000000000000e+00,0.000000000000000000e+00,0.000000000000000000e+00,0.000000000000000000e+00,0.000000000000000000e+00,0.000000000000000000e+00,0.000000000000000000e+00,0.000000000000000000e+00,0.000000000000000000e+00,0.000000000000000000e+00,0.000000000000000000e+00,0.000000000000000000e+00,0.000000000000000000e+00,0.000000000000000000e+00,0.000000000000000000e+00,0.000000000000000000e+00,0.000000000000000000e+00,0.000000000000000000e+00,0.000000000000000000e+00,0.000000000000000000e+00,0.000000000000000000e+00,0.000000000000000000e+00,0.000000000000000000e+00,0.000000000000000000e+00,0.000000000000000000e+00,0.000000000000000000e+00,0.000000000000000000e+00,0.000000000000000000e+00,0.000000000000000000e+00,0.000000000000000000e+00,0.000000000000000000e+00,0.000000000000000000e+00,0.000000000000000000e+00,0.000000000000000000e+00,0.000000000000000000e+00,0.000000000000000000e+00,0.000000000000000000e+00,0.000000000000000000e+00,0.000000000000000000e+00,0.000000000000000000e+00,0.000000000000000000e+00,0.000000000000000000e+00,0.000000000000000000e+00,0.000000000000000000e+00,0.000000000000000000e+00,0.000000000000000000e+00,0.000000000000000000e+00,0.000000000000000000e+00,0.000000000000000000e+00,0.000000000000000000e+00,0.000000000000000000e+00,0.000000000000000000e+00,0.000000000000000000e+00,0.000000000000000000e+00,0.000000000000000000e+00,0.000000000000000000e+00,0.000000000000000000e+00,0.000000000000000000e+00,0.000000000000000000e+00,0.000000000000000000e+00,0.000000000000000000e+00,0.000000000000000000e+00,0.000000000000000000e+00,0.000000000000000000e+00,0.000000000000000000e+00,0.000000000000000000e+00,0.000000000000000000e+00,0.000000000000000000e+00,0.000000000000000000e+00,0.000000000000000000e+00
czo*c/cref,0.000000000000000000e+00,0.000000000000000000e+00,0.000000000000000000e+00,0.000000000000000000e+00,0.000000000000000000e+00,0.000000000000000000e+00,0.000000000000000000e+00,0.000000000000000000e+00,0.000000000000000000e+00,0.000000000000000000e+00,0.000000000000000000e+00,0.000000000000000000e+00,0.000000000000000000e+00,0.000000000000000000e+00,0.000000000000000000e+00,0.000000000000000000e+00,0.000000000000000000e+00,0.000000000000000000e+00,0.000000000000000000e+00,0.000000000000000000e+00,0.000000000000000000e+00,0.000000000000000000e+00,0.000000000000000000e+00,0.000000000000000000e+00,0.000000000000000000e+00,0.000000000000000000e+00,0.000000000000000000e+00,0.000000000000000000e+00,0.000000000000000000e+00,0.000000000000000000e+00,0.000000000000000000e+00,0.000000000000000000e+00,0.000000000000000000e+00,0.000000000000000000e+00,0.000000000000000000e+00,0.000000000000000000e+00,0.000000000000000000e+00,0.000000000000000000e+00,0.000000000000000000e+00,0.000000000000000000e+00,0.000000000000000000e+00,0.000000000000000000e+00,0.000000000000000000e+00,0.000000000000000000e+00,0.000000000000000000e+00,0.000000000000000000e+00,0.000000000000000000e+00,0.000000000000000000e+00,0.000000000000000000e+00,0.000000000000000000e+00,0.000000000000000000e+00,0.000000000000000000e+00,0.000000000000000000e+00,0.000000000000000000e+00,0.000000000000000000e+00,0.000000000000000000e+00,0.000000000000000000e+00,0.000000000000000000e+00,0.000000000000000000e+00,0.000000000000000000e+00,0.000000000000000000e+00,0.000000000000000000e+00,0.000000000000000000e+00,0.000000000000000000e+00,0.000000000000000000e+00,0.000000000000000000e+00,0.000000000000000000e+00,0.000000000000000000e+00,0.000000000000000000e+00,0.000000000000000000e+00,0.000000000000000000e+00,0.000000000000000000e+00,0.000000000000000000e+00,0.000000000000000000e+00,0.000000000000000000e+00,0.000000000000000000e+00,0.000000000000000000e+00,0.000000000000000000e+00,0.000000000000000000e+00,0.000000000000000000e+00,0.000000000000000000e+00,0.000000000000000000e+00,0.000000000000000000e+00,0.000000000000000000e+00,0.000000000000000000e+00,0.000000000000000000e+00,0.000000000000000000e+00,0.000000000000000000e+00,0.000000000000000000e+00,0.000000000000000000e+00,0.000000000000000000e+00,0.000000000000000000e+00,0.000000000000000000e+00,0.000000000000000000e+00,0.000000000000000000e+00,0.000000000000000000e+00,0.000000000000000000e+00,0.000000000000000000e+00,0.000000000000000000e+00,0.000000000000000000e+00,0.000000000000000000e+00,0.000000000000000000e+00,0.000000000000000000e+00,0.000000000000000000e+00,0.000000000000000000e+00,0.000000000000000000e+00,0.000000000000000000e+00,0.000000000000000000e+00,0.000000000000000000e+00,0.000000000000000000e+00,0.000000000000000000e+00,0.000000000000000000e+00,0.000000000000000000e+00,0.000000000000000000e+00,0.000000000000000000e+00,0.000000000000000000e+00,0.000000000000000000e+00,0.000000000000000000e+00,0.000000000000000000e+00,0.000000000000000000e+00,0.000000000000000000e+00,0.000000000000000000e+00,0.000000000000000000e+00,0.000000000000000000e+00,0.000000000000000000e+00,0.000000000000000000e+00,0.000000000000000000e+00,0.000000000000000000e+00,0.000000000000000000e+00,0.000000000000000000e+00,0.000000000000000000e+00,0.000000000000000000e+00
dArea,1.094411000000000023e+01,1.048558000000000057e+01,1.002706000000000053e+01,9.568530000000000868e+00,9.109999999999999432e+00,8.651479999999999393e+00,8.192949999999999733e+00,7.734420000000000073e+00,7.275900000000000034e+00,6.817370000000000374e+00,6.358850000000000335e+00,5.900319999999999787e+00,3.983709999999999862e+00,8.667300000000000004e-01,1.314142999999999972e+01,1.249372999999999934e+01,1.184609000000000023e+01,1.119852000000000025e+01,1.055100000000000016e+01,9.903539999999999566e+00,9.256109999999999616e+00,8.608719999999999928e+00,7.961369999999999614e+00,7.314029999999999809e+00,6.666710000000000136e+00,6.019389999999999574e+00,5.372080000000000410e+00,1.094411000000000023e+01,1.048558000000000057e+01,1.002706000000000053e+01,9.568530000000000868e+00,9.109999999999999432e+00,8.651479999999999393e+00,8.192949999999999733e+00,7.734420000000000073e+00,7.275900000000000034e+00,6.817370000000000374e+00,6.358850000000000335e+00,5.900319999999999787e+00,3.983709999999999862e+00,8.667300000000000004e-01,1.314142999999999972e+01,1.249372999999999934e+01,1.184609000000000023e+01,1.119852000000000025e+01,1.055100000000000016e+01,9.903539999999999566e+00,9.256109999999999616e+00,8.608719999999999928e+00,7.961369999999999614e+00,7.314029999999999809e+00,6.666710000000000136e+00,6.019389999999999574e+00,5.372080000000000410e+00,3.854499999999999815e+00,3.695739999999999803e+00,3.536970000000000169e+00,3.378200000000000092e+00,3.219430000000000014e+00,3.060659999999999936e+00,2.901889999999999858e+00,2.743119999999999781e+00,2.584350000000000147e+00,2.425580000000000069e+00,2.266809999999999992e+00,2.108039999999999914e+00,1.949270000000000058e+00,3.854499999999999815e+00,3.695739999999999803e+00,3.536970000000000169e+00,3.378200000000000092e+00,3.219430000000000014e+00,3.060659999999999936e+00,2.901889999999999858e+00,2.743119999999999781e+00,2.584350000000000147e+00,2.425580000000000069e+00,2.266809999999999992e+00,2.108039999999999914e+00,1.949270000000000058e+00,3.295230000000000103e+00,3.171209999999999862e+00,3.054959999999999898e+00,2.938699999999999868e+00,2.822449999999999903e+00,2.706199999999999939e+00,2.589939999999999909e+00,2.473689999999999944e+00,2.357429999999999914e+00,2.241179999999999950e+00,2.124929999999999986e+00,2.008669999999999956e+00,1.892419999999999991e+00,4.980330000000000368e+00,4.675379999999999647e+00,4.370429999999999815e+00,4.065479999999999983e+00,3.760530000000000150e+00,3.455579999999999874e+00,3.150630000000000042e+00,2.845680000000000209e+00,2.540739999999999998e+00,2.235790000000000166e+00,1.930839999999999890e+00,1.625890000000000057e+00,1.320940000000000003e+00,3.295230000000000103e+00,3.171209999999999862e+00,3.054959999999999898e+00,2.938699999999999868e+00,2.822449999999999903e+00,2.706199999999999939e+00,2.589939999999999909e+00,2.473689999999999944e+00,2.357429999999999914e+00,2.241179999999999950e+00,2.124929999999999986e+00,2.008669999999999956e+00,1.892419999999999991e+00,4.980330000000000368e+00,4.675379999999999647e+00,4.370429999999999815e+00,4.065479999999999983e+00,3.760530000000000150e+00,3.455579999999999874e+00,3.150630000000000042e+00,2.845680000000000209e+00,2.540739999999999998e+00,2.235790000000000166e+00,1.930839999999999890e+00,1.625890000000000057e+00,1.320940000000000003e+00
dSpan,3.675399999999999778e-01,3.675399999999999778e-01,3.675399999999999778e-01,3.675399999999999778e-01,3.675399999999999778e-01,3.675399999999999778e-01,3.675399999999999778e-01,3.675399999999999778e-01,3.675399999999999778e-01,3.675399999999999778e-01,3.675399999999999778e-01,3.675399999999999778e-01,2.690400000000000014e-01,9.847999999999999809e-02,9.494299999999999962e-01,9.494099999999999762e-01,9.493899999999999562e-01,9.493800000000000017e-01,9.493700000000000472e-01,9.493599999999999817e-01,9.493500000000000272e-01,9.493500000000000272e-01,9.493399999999999617e-01,9.493500000000000272e-01,9.493500000000000272e-01,9.493599999999999817e-01,9.493599999999999817e-01,3.675399999999999778e-01,3.675399999999999778e-01,3.675399999999999778e-01,3.675399999999999778e-01,3.675399999999999778e-01,3.675399999999999778e-01,3.675399999999999778e-01,3.675399999999999778e-01,3.675399999999999778e-01,3.675399999999999778e-01,3.675399999999999778e-01,3.675399999999999778e-01,2.690400000000000014e-01,9.847999999999999809e-02,9.494299999999999962e-01,9.494099999999999762e-01,9.493899999999999562e-01,9.493800000000000017e-01,9.493700000000000472e-01,9.493599999999999817e-01,9.493500000000000272e-01,9.493500000000000272e-01,9.493399999999999617e-01,9.493500000000000272e-01,9.493500000000000272e-01,9.493599999999999817e-01,9.493599999999999817e-01,4.824300000000000255e-01,4.824300000000000255e-01,4.824300000000000255e-01,4.824300000000000255e-01,4.824300000000000255e-01,4.824300000000000255e-01,4.824300000000000255e-01,4.824300000000000255e-01,4.824300000000000255e-01,4.824300000000000255e-01,4.824300000000000255e-01,4.824300000000000255e-01,4.824300000000000255e-01,4.824300000000000255e-01,4.824300000000000255e-01,4.824300000000000255e-01,4.824300000000000255e-01,4.824300000000000255e-01,4.824300000000000255e-01,4.824300000000000255e-01,4.824300000000000255e-01,4.824300000000000255e-01,4.824300000000000255e-01,4.824300000000000255e-01,4.824300000000000255e-01,4.824300000000000255e-01,1.913799999999999946e-01,1.913900000000000046e-01,1.913900000000000046e-01,1.913900000000000046e-01,1.913900000000000046e-01,1.913900000000000046e-01,1.913900000000000046e-01,1.913900000000000046e-01,1.913900000000000046e-01,1.913900000000000046e-01,1.913900000000000046e-01,1.913900000000000046e-01,1.913900000000000046e-01,5.355600000000000360e-01,5.355600000000000360e-01,5.355600000000000360e-01,5.355600000000000360e-01,5.355600000000000360e-01,5.355600000000000360e-01,5.355600000000000360e-01,5.355600000000000360e-01,5.355600000000000360e-01,5.355600000000000360e-01,5.355600000000000360e-01,5.355600000000000360e-01,5.355600000000000360e-01,1.913799999999999946e-01,1.913900000000000046e-01,1.913900000000000046e-01,1.913900000000000046e-01,1.913900000000000046e-01,1.913900000000000046e-01,1.913900000000000046e-01,1.913900000000000046e-01,1.913900000000000046e-01,1.913900000000000046e-01,1.913900000000000046e-01,1.913900000000000046e-01,1.913900000000000046e-01,5.355600000000000360e-01,5.355600000000000360e-01,5.355600000000000360e-01,5.355600000000000360e-01,5.355600000000000360e-01,5.355600000000000360e-01,5.355600000000000360e-01,5.355600000000000360e-01,5.355600000000000360e-01,5.355600000000000360e-01,5.355600000000000360e-01,5.355600000000000360e-01,5.355600000000000360e-01
roverR,inf,inf,inf,inf,inf,inf,inf,inf,inf,inf,inf,inf,inf,inf,inf,inf,inf,inf,inf,inf,inf,inf,inf,inf,inf,inf,inf,inf,inf,inf,inf,inf,inf,inf,inf,inf,inf,inf,inf,inf,inf,inf,inf,inf,inf,inf,inf,inf,inf,inf,inf,inf,inf,inf,inf,inf,inf,inf,inf,inf,inf,inf,inf,inf,inf,inf,inf,inf,inf,inf,inf,inf,inf,inf,inf,inf,inf,inf,inf,inf,inf,inf,inf,inf,inf,inf,inf,inf,inf,inf,inf,inf,inf,inf,inf,inf,inf,inf,inf,inf,inf,inf,inf,inf,inf,inf,inf,inf,inf,inf,inf,inf,inf,inf,inf,inf,inf,inf,inf,inf,inf,inf,inf,inf,inf,inf,inf,inf,inf,inf,inf,inf
Results_Name,CpSlice_Wrapper
Results_Timestamp,1788934822
Results_Date,9,9,2026
Results_Time,9,20,22
CpSlice_Case_ID_Vec,SENTYQC
Num_Cuts,1
