Results_Name,VSPAERO_Wrapper
Results_Timestamp,1789027849
Results_Date,9,10,2026
Results_Time,11,10,49
Analysis_Duration_Sec,3.111799999999999855e+01
ResultsVec,VSPAERO_History,VSPAERO_Polar,VSPAERO_Load,CpSlice_Wrapper
Results_Name,VSPAERO_History
Results_Timestamp,1789027848
Results_Date,9,10,2026
Results_Time,11,10,48
Alpha,5.000000000000000000e+00,5.000000000000000000e+00,5.000000000000000000e+00,5.000000000000000000e+00,5.000000000000000000e+00,5.000000000000000000e+00,5.000000000000000000e+00,5.000000000000000000e+00
Beta,0.000000000000000000e+00,0.000000000000000000e+00,0.000000000000000000e+00,0.000000000000000000e+00,0.000000000000000000e+00,0.000000000000000000e+00,0.000000000000000000e+00,0.000000000000000000e+00
CDi,0.000000000000000000e+00,1.039030982499999922e-02,1.029050823699999978e-02,1.028355957600000058e-02,1.026718023999999979e-02,1.026512043299999954e-02,1.025901214700000036e-02,1.024792136199999953e-02
CDiw,0.000000000000000000e+00,9.542018451999999262e-03,9.484080930999999950e-03,9.467370282999999428e-03,9.456632095000000460e-03,9.449626888999999516e-03,9.439519821999999699e-03,9.424185956999999933e-03
CDo,7.241321991999999722e-03,7.807211476999999927e-03,7.804451149000000282e-03,7.803951792000000248e-03,7.803687903000000418e-03,7.803594474999999905e-03,7.803426686999999883e-03,7.803211212000000022e-03
CDtot,7.241321991999999722e-03,1.819752130300000131e-02,1.809495938699999876e-02,1.808751136700000040e-02,1.807086814199999891e-02,1.806871490899999988e-02,1.806243883400000111e-02,1.805113257400000129e-02
CDwtot,7.241321991999999722e-03,1.734922993000000135e-02,1.728853207999999850e-02,1.727132207500000141e-02,1.726031999799999828e-02,1.725322136399999942e-02,1.724294650900000045e-02,1.722739716999999865e-02
CFxi,0.000000000000000000e+00,-1.570062773899999833e-02,-1.568741558400000083e-02,-1.567942197599999851e-02,-1.568660999599999842e-02,-1.568469979400000103e-02,-1.568380436800000111e-02,-1.568385280100000057e-02
CFxiw,0.000000000000000000e+00,-1.657397288700000054e-02,-1.652325306200000052e-02,-1.652040456000000018e-02,-1.651995073200000080e-02,-1.652069333900000117e-02,-1.652270552299999959e-02,-1.652626578899999907e-02
CFxo,7.268982666000000162e-03,7.837033756999999337e-03,7.834262885000000190e-03,7.833761620000000842e-03,7.833496723000000703e-03,7.833402939000000745e-03,7.833234508999999818e-03,7.833018211999999772e-03
CFxtot,7.268982666000000162e-03,-7.863593982999999427e-03,-7.853152699999999334e-03,-7.845660355999999405e-03,-7.853113272999999450e-03,-7.851296855000000283e-03,-7.850569858999999553e-03,-7.850834589000000793e-03
CFxwtot,7.268982666000000162e-03,-8.736939130999999900e-03,-8.688990177000000328e-03,-8.686642939999999341e-03,-8.686454009000000101e-03,-8.687290401000000856e-03,-8.689471013999999771e-03,-8.693247576999999296e-03
CFyi,0.000000000000000000e+00,-2.694807209999999938e-04,-4.777434600000000014e-05,-7.220615799999999837e-05,-7.067114699999999688e-05,-4.809843700000000137e-05,-3.915361100000000076e-05,-2.891134100000000099e-05
CFyiw,0.000000000000000000e+00,-2.171771939999999951e-04,-2.323380700000000020e-05,-4.496494900000000113e-05,-4.248135800000000134e-05,-2.033547199999999875e-05,-1.158232199999999939e-05,-1.133831000000000063e-06
CFyo,0.000000000000000000e+00,0.000000000000000000e+00,0.000000000000000000e+00,0.000000000000000000e+00,0.000000000000000000e+00,0.000000000000000000e+00,0.000000000000000000e+00,0.000000000000000000e+00
CFytot,0.000000000000000000e+00,-2.694807209999999938e-04,-4.777434600000000014e-05,-7.220615799999999837e-05,-7.067114699999999688e-05,-4.809843700000000137e-05,-3.915361100000000076e-05,-2.891134100000000099e-05
CFywtot,0.000000000000000000e+00,-2.171771939999999951e-04,-2.323380700000000020e-05,-4.496494900000000113e-05,-4.248135800000000134e-05,-2.033547199999999875e-05,-1.158232199999999939e-05,-1.133831000000000063e-06
CFzi,0.000000000000000000e+00,2.986744317169999774e-01,2.973783212930000142e-01,2.972072269780000053e-01,2.971014546210000162e-01,2.970559872829999781e-01,2.969756677950000090e-01,2.968489688889999756e-01
CFziw,0.000000000000000000e+00,2.989237604730000109e-01,2.976792717069999816e-01,2.974549800030000246e-01,2.973265858310000231e-01,2.972546981520000076e-01,2.971617319259999834e-01,2.970264895879999867e-01
CFzo,0.000000000000000000e+00,0.000000000000000000e+00,0.000000000000000000e+00,0.000000000000000000e+00,0.000000000000000000e+00,0.000000000000000000e+00,0.000000000000000000e+00,0.000000000000000000e+00
CFztot,0.000000000000000000e+00,2.986744317169999774e-01,2.973783212930000142e-01,2.972072269780000053e-01,2.971014546210000162e-01,2.970559872829999781e-01,2.969756677950000090e-01,2.968489688889999756e-01
CFzwtot,0.000000000000000000e+00,2.989237604730000109e-01,2.976792717069999816e-01,2.974549800030000246e-01,2.973265858310000231e-01,2.972546981520000076e-01,2.971617319259999834e-01,2.970264895879999867e-01
CLi,0.000000000000000000e+00,2.989062852039999774e-01,2.976139553570000262e-01,2.974428154189999729e-01,2.973380720339999783e-01,2.972926112279999922e-01,2.972125193380000252e-01,2.970863067819999870e-01
CLiw,0.000000000000000000e+00,2.992307822340000145e-01,2.979866085999999803e-01,2.977629221299999962e-01,2.976349769830000103e-01,2.975634275810000173e-01,2.974709904919999870e-01,2.973365730900000004e-01
CLo,-6.335335829999999818e-04,-6.830424979999999858e-04,-6.828010010000000202e-04,-6.827573120000000363e-04,-6.827342250000000218e-04,-6.827260510000000490e-04,-6.827113720000000481e-04,-6.826925200000000249e-04
CLtot,-6.335335829999999818e-04,2.982232427059999802e-01,2.969311543559999822e-01,2.967600581059999798e-01,2.966553378089999971e-01,2.966098851769999878e-01,2.965298079659999808e-01,2.964036142609999813e-01
CLwtot,-6.335335829999999818e-04,2.985477397360000174e-01,2.973038075989999918e-01,2.970801648170000031e-01,2.969522427579999735e-01,2.968807015289999796e-01,2.967882791199999981e-01,2.966538805699999726e-01
CMxi,0.000000000000000000e+00,-9.293904099999999785e-05,-2.175033800000000141e-05,-1.210566099999999997e-05,-1.482789099999999948e-05,-1.478137899999999968e-05,-1.522404799999999990e-05,-1.622834100000000062e-05
CMxo,0.000000000000000000e+00,0.000000000000000000e+00,0.000000000000000000e+00,0.000000000000000000e+00,0.000000000000000000e+00,0.000000000000000000e+00,0.000000000000000000e+00,0.000000000000000000e+00
CMxtot,0.000000000000000000e+00,-9.293904099999999785e-05,-2.175033800000000141e-05,-1.210566099999999997e-05,-1.482789099999999948e-05,-1.478137899999999968e-05,-1.522404799999999990e-05,-1.622834100000000062e-05
CMyi,0.000000000000000000e+00,-2.791795506100000143e-02,-2.651504179199999992e-02,-2.643885836600000025e-02,-2.636412940499999885e-02,-2.632748223999999831e-02,-2.626710680100000084e-02,-2.615121726600000071e-02
CMyo,8.359790350000000092e-04,9.088415459999999542e-04,9.087485579999999598e-04,9.087339380000000483e-04,9.087297400000000176e-04,9.087359149999999549e-04,9.087240710000000100e-04,9.087142569999999767e-04
CMytot,8.359790350000000092e-04,-2.700911351499999877e-02,-2.560629323399999865e-02,-2.553012442800000129e-02,-2.545539966499999959e-02,-2.541874632500000161e-02,-2.535838273099999887e-02,-2.524250300900000160e-02
CMzi,0.000000000000000000e+00,-1.022908260000000044e-04,-1.507355799999999924e-05,-2.403644899999999982e-05,-2.349705099999999832e-05,-1.530724399999999842e-05,-1.221183100000000034e-05,-8.227907999999999828e-06
CMzo,0.000000000000000000e+00,2.965010000000000158e-07,1.278739999999999974e-07,9.105300000000000145e-08,9.997400000000000570e-08,9.569299999999999536e-08,9.345099999999999421e-08,9.653399999999999607e-08
CMztot,0.000000000000000000e+00,-1.019943259999999980e-04,-1.494568399999999946e-05,-2.394539599999999851e-05,-2.339707700000000042e-05,-1.521155099999999947e-05,-1.211837999999999933e-05,-8.131374000000000322e-06
CSi,0.000000000000000000e+00,-2.694807209999999938e-04,-4.777434600000000014e-05,-7.220615799999999837e-05,-7.067114699999999688e-05,-4.809843700000000137e-05,-3.915361100000000076e-05,-2.891134100000000099e-05
CSiw,0.000000000000000000e+00,-2.171771939999999951e-04,-2.323380700000000020e-05,-4.496494900000000113e-05,-4.248135800000000134e-05,-2.033547199999999875e-05,-1.158232199999999939e-05,-1.133831000000000063e-06
CSo,0.000000000000000000e+00,0.000000000000000000e+00,0.000000000000000000e+00,0.000000000000000000e+00,0.000000000000000000e+00,0.000000000000000000e+00,0.000000000000000000e+00,0.000000000000000000e+00
CStot,0.000000000000000000e+00,-2.694807209999999938e-04,-4.777434600000000014e-05,-7.220615799999999837e-05,-7.067114699999999688e-05,-4.809843700000000137e-05,-3.915361100000000076e-05,-2.891134100000000099e-05
CSwtot,0.000000000000000000e+00,-2.171771939999999951e-04,-2.323380700000000020e-05,-4.496494900000000113e-05,-4.248135800000000134e-05,-2.033547199999999875e-05,-1.158232199999999939e-05,-1.133831000000000063e-06
E,0.000000000000000000e+00,9.123690816470000353e-01,9.132690118280000213e-01,9.128353730720000225e-01,9.136478130799999819e-01,9.135517315379999559e-01,9.136032103400000270e-01,9.138153492220000285e-01
Ew,0.000000000000000000e+00,9.956375023250000345e-01,9.934069787560000364e-01,9.936669272089999616e-01,9.939405357280000075e-01,9.941991949009999496e-01,9.946454475439999721e-01,9.953636564710000023e-01
FC_AoA_,5.000000000000000000e+00
FC_Beta_,0.000000000000000000e+00
FC_Bref_,3.236999999999999744e+01
FC_Cref_,1.438667000000000051e+01
FC_Mach_,1.000000000000000021e-03
FC_Pitch_Rate,0.000000000000000000e+00
FC_ReCref_,1.000000000000000000e+07
FC_Rho_,2.377000000000000206e-03
FC_Roll__Rate,0.000000000000000000e+00
FC_Sref_,3.492722999999999729e+02
FC_Vinf_,1.000000000000000000e+02
FC_Xcg_,2.955000000000000071e+01
FC_Yaw___Rate,0.000000000000000000e+00
FC_Ycg_,0.000000000000000000e+00
FC_Zcg_,0.000000000000000000e+00
L/D,0.000000000000000000e+00,1.642565931010799929e+01,1.644734033377299909e+01,1.644465119478000048e+01,1.645400042157600140e+01,1.645344523553200133e+01,1.645472807207000088e+01,1.645804248366500033e+01
L/Dw,0.000000000000000000e+00,1.724749648537000013e+01,1.723608500826900070e+01,1.724030857852499921e+01,1.724388522490999875e+01,1.724683299978000051e+01,1.725174930718999988e+01,1.725951808959100120e+01
Mach,1.000000000000000021e-03,1.000000000000000021e-03,1.000000000000000021e-03,1.000000000000000021e-03,1.000000000000000021e-03,1.000000000000000021e-03,1.000000000000000021e-03,1.000000000000000021e-03
T/QS,0.000000000000000000e+00,0.000000000000000000e+00,0.000000000000000000e+00,0.000000000000000000e+00,0.000000000000000000e+00,0.000000000000000000e+00,0.000000000000000000e+00,0.000000000000000000e+00
WakeIter,1,2,3,4,5,6,7,8
WallTime,1.756999999997999939e+00,5.270000000003999929e+00,8.482000000003999673e+00,1.159400000000499986e+01,1.471599999999999930e+01,1.773100000000000165e+01,2.080000000000299920e+01,2.465400000000200009e+01
log10( L2Residual ),5.233364780829999896e-01,-8.057235811659999580e-01,-6.490413705240000164e-01,-7.775791287040000332e-01,-9.040373458079999924e-01,-1.030702518805000079e+00,-1.155042003211999901e+00,-1.269078366857999907e+00
log10( MaxResidual ),9.402960083300000438e-01,4.594374562719999999e-01,4.940448760260000016e-01,3.986468767249999878e-01,3.262456552299999868e-01,1.618645371830000068e-01,-6.620485246500000531e-02,-4.119106209919999873e-01
Results_Name,VSPAERO_Polar
Results_Timestamp,1789027848
Results_Date,9,10,2026
Results_Time,11,10,48
Alpha,5.000000000000000000e+00
Beta,0.000000000000000000e+00
CDi,1.024792136199999953e-02
CDiw,9.424185956999999933e-03
CDo,7.803211212000000022e-03
CDtot,1.805113257400000129e-02
CDwtot,1.722739716999999865e-02
CFix,-1.568385280100000057e-02
CFiy,-2.891134100000000099e-05
CFiz,2.968489688889999756e-01
CFox,7.833018211999999772e-03
CFoy,0.000000000000000000e+00
CFoz,0.000000000000000000e+00
CFxtot,-7.850834589000000793e-03
CFytot,-2.891134100000000099e-05
CFztot,2.968489688889999756e-01
CLi,2.970863067819999870e-01
CLiw,2.973365730900000004e-01
CLo,-6.826925200000000249e-04
CLtot,2.964036142609999813e-01
CLwtot,2.966538805699999726e-01
CMix,-1.622834100000000062e-05
CMiy,-2.615121726600000071e-02
CMiz,-8.227907999999999828e-06
CMox,0.000000000000000000e+00
CMoy,9.087142569999999767e-04
CMoz,9.653399999999999607e-08
CMxtot,-1.622834100000000062e-05
CMytot,-2.524250300900000160e-02
CMztot,-8.131374000000000322e-06
CSi,-2.891134100000000099e-05
CSiw,-1.133831000000000063e-06
CSo,0.000000000000000000e+00
CStot,-2.891134100000000099e-05
CSwtot,-1.133831000000000063e-06
E,9.096203520600000259e-01
Ew,9.096203520600000259e-01
L_D,1.642022255644500106e+01
L_Dw,1.642022255644500106e+01
Mach,0.000000000000000000e+00
Re_1e6,1.000000000000000000e+01
StallFactor,1.000000000000000000e+00
Results_Name,VSPAERO_Load
Results_Timestamp,1789027848
Results_Date,9,10,2026
Results_Time,11,10,48
Angle ,0.000000000000000000e+00,0.000000000000000000e+00,0.000000000000000000e+00,0.000000000000000000e+00,0.000000000000000000e+00,0.000000000000000000e+00,0.000000000000000000e+00,0.000000000000000000e+00,0.000000000000000000e+00,0.000000000000000000e+00,0.000000000000000000e+00,0.000000000000000000e+00,0.000000000000000000e+00,0.000000000000000000e+00,0.000000000000000000e+00,0.000000000000000000e+00,0.000000000000000000e+00,0.000000000000000000e+00,0.000000000000000000e+00,0.000000000000000000e+00,0.000000000000000000e+00,0.000000000000000000e+00,0.000000000000000000e+00,0.000000000000000000e+00,0.000000000000000000e+00,0.000000000000000000e+00,0.000000000000000000e+00,0.000000000000000000e+00,0.000000000000000000e+00,0.000000000000000000e+00,0.000000000000000000e+00,0.000000000000000000e+00,0.000000000000000000e+00,0.000000000000000000e+00,0.000000000000000000e+00,0.000000000000000000e+00,0.000000000000000000e+00,0.000000000000000000e+00,0.000000000000000000e+00,0.000000000000000000e+00,0.000000000000000000e+00,0.000000000000000000e+00,0.000000000000000000e+00,0.000000000000000000e+00,0.000000000000000000e+00,0.000000000000000000e+00,0.000000000000000000e+00,0.000000000000000000e+00,0.000000000000000000e+00,0.000000000000000000e+00,0.000000000000000000e+00,0.000000000000000000e+00,0.000000000000000000e+00,0.000000000000000000e+00,0.000000000000000000e+00,0.000000000000000000e+00,0.000000000000000000e+00,0.000000000000000000e+00,0.000000000000000000e+00,0.000000000000000000e+00,0.000000000000000000e+00,0.000000000000000000e+00,0.000000000000000000e+00,0.000000000000000000e+00,0.000000000000000000e+00,0.000000000000000000e+00,0.000000000000000000e+00,0.000000000000000000e+00,0.000000000000000000e+00,0.000000000000000000e+00,0.000000000000000000e+00,0.000000000000000000e+00,0.000000000000000000e+00,0.000000000000000000e+00,0.000000000000000000e+00,0.000000000000000000e+00,0.000000000000000000e+00,0.000000000000000000e+00,0.000000000000000000e+00,0.000000000000000000e+00,0.000000000000000000e+00,0.000000000000000000e+00,0.000000000000000000e+00,0.000000000000000000e+00,0.000000000000000000e+00,0.000000000000000000e+00,0.000000000000000000e+00,0.000000000000000000e+00,0.000000000000000000e+00,0.000000000000000000e+00,0.000000000000000000e+00,0.000000000000000000e+00,0.000000000000000000e+00,0.000000000000000000e+00,0.000000000000000000e+00,0.000000000000000000e+00,0.000000000000000000e+00,0.000000000000000000e+00,0.000000000000000000e+00,0.000000000000000000e+00,0.000000000000000000e+00,0.000000000000000000e+00,0.000000000000000000e+00,0.000000000000000000e+00
CP,0.000000000000000000e+00,0.000000000000000000e+00,0.000000000000000000e+00,0.000000000000000000e+00,0.000000000000000000e+00,0.000000000000000000e+00,0.000000000000000000e+00,0.000000000000000000e+00,0.000000000000000000e+00,0.000000000000000000e+00,0.000000000000000000e+00,0.000000000000000000e+00,0.000000000000000000e+00,0.000000000000000000e+00,0.000000000000000000e+00,0.000000000000000000e+00,0.000000000000000000e+00,0.000000000000000000e+00,0.000000000000000000e+00,0.000000000000000000e+00,0.000000000000000000e+00,0.000000000000000000e+00,0.000000000000000000e+00,0.000000000000000000e+00,0.000000000000000000e+00,0.000000000000000000e+00,0.000000000000000000e+00,0.000000000000000000e+00,0.000000000000000000e+00,0.000000000000000000e+00,0.000000000000000000e+00,0.000000000000000000e+00,0.000000000000000000e+00,0.000000000000000000e+00,0.000000000000000000e+00,0.000000000000000000e+00,0.000000000000000000e+00,0.000000000000000000e+00,0.000000000000000000e+00,0.000000000000000000e+00,0.000000000000000000e+00,0.000000000000000000e+00,0.000000000000000000e+00,0.000000000000000000e+00,0.000000000000000000e+00,0.000000000000000000e+00,0.000000000000000000e+00,0.000000000000000000e+00,0.000000000000000000e+00,0.000000000000000000e+00,0.000000000000000000e+00,0.000000000000000000e+00,0.000000000000000000e+00,0.000000000000000000e+00,0.000000000000000000e+00,0.000000000000000000e+00,0.000000000000000000e+00,0.000000000000000000e+00,0.000000000000000000e+00,0.000000000000000000e+00,0.000000000000000000e+00,0.000000000000000000e+00,0.000000000000000000e+00,0.000000000000000000e+00,0.000000000000000000e+00,0.000000000000000000e+00,0.000000000000000000e+00,0.000000000000000000e+00,0.000000000000000000e+00,0.000000000000000000e+00,0.000000000000000000e+00,0.000000000000000000e+00,0.000000000000000000e+00,0.000000000000000000e+00,0.000000000000000000e+00,0.000000000000000000e+00,0.000000000000000000e+00,0.000000000000000000e+00,0.000000000000000000e+00,0.000000000000000000e+00,0.000000000000000000e+00,0.000000000000000000e+00,0.000000000000000000e+00,0.000000000000000000e+00,0.000000000000000000e+00,0.000000000000000000e+00,0.000000000000000000e+00,0.000000000000000000e+00,0.000000000000000000e+00,0.000000000000000000e+00,0.000000000000000000e+00,0.000000000000000000e+00,0.000000000000000000e+00,0.000000000000000000e+00,0.000000000000000000e+00,0.000000000000000000e+00,0.000000000000000000e+00,0.000000000000000000e+00,0.000000000000000000e+00,0.000000000000000000e+00,0.000000000000000000e+00,0.000000000000000000e+00,0.000000000000000000e+00,0.000000000000000000e+00
CP_h,0.000000000000000000e+00,0.000000000000000000e+00,0.000000000000000000e+00,0.000000000000000000e+00,0.000000000000000000e+00,0.000000000000000000e+00,0.000000000000000000e+00,0.000000000000000000e+00,0.000000000000000000e+00,0.000000000000000000e+00,0.000000000000000000e+00,0.000000000000000000e+00,0.000000000000000000e+00,0.000000000000000000e+00,0.000000000000000000e+00,0.000000000000000000e+00,0.000000000000000000e+00,0.000000000000000000e+00,0.000000000000000000e+00,0.000000000000000000e+00,0.000000000000000000e+00,0.000000000000000000e+00,0.000000000000000000e+00,0.000000000000000000e+00,0.000000000000000000e+00,0.000000000000000000e+00,0.000000000000000000e+00,0.000000000000000000e+00,0.000000000000000000e+00,0.000000000000000000e+00,0.000000000000000000e+00,0.000000000000000000e+00,0.000000000000000000e+00,0.000000000000000000e+00,0.000000000000000000e+00,0.000000000000000000e+00,0.000000000000000000e+00,0.000000000000000000e+00,0.000000000000000000e+00,0.000000000000000000e+00,0.000000000000000000e+00,0.000000000000000000e+00,0.000000000000000000e+00,0.000000000000000000e+00,0.000000000000000000e+00,0.000000000000000000e+00,0.000000000000000000e+00,0.000000000000000000e+00,0.000000000000000000e+00,0.000000000000000000e+00,0.000000000000000000e+00,0.000000000000000000e+00,0.000000000000000000e+00,0.000000000000000000e+00,0.000000000000000000e+00,0.000000000000000000e+00,0.000000000000000000e+00,0.000000000000000000e+00,0.000000000000000000e+00,0.000000000000000000e+00,0.000000000000000000e+00,0.000000000000000000e+00,0.000000000000000000e+00,0.000000000000000000e+00,0.000000000000000000e+00,0.000000000000000000e+00,0.000000000000000000e+00,0.000000000000000000e+00,0.000000000000000000e+00,0.000000000000000000e+00,0.000000000000000000e+00,0.000000000000000000e+00,0.000000000000000000e+00,0.000000000000000000e+00,0.000000000000000000e+00,0.000000000000000000e+00,0.000000000000000000e+00,0.000000000000000000e+00,0.000000000000000000e+00,0.000000000000000000e+00,0.000000000000000000e+00,0.000000000000000000e+00,0.000000000000000000e+00,0.000000000000000000e+00,0.000000000000000000e+00,0.000000000000000000e+00,0.000000000000000000e+00,0.000000000000000000e+00,0.000000000000000000e+00,0.000000000000000000e+00,0.000000000000000000e+00,0.000000000000000000e+00,0.000000000000000000e+00,0.000000000000000000e+00,0.000000000000000000e+00,0.000000000000000000e+00,0.000000000000000000e+00,0.000000000000000000e+00,0.000000000000000000e+00,0.000000000000000000e+00,0.000000000000000000e+00,0.000000000000000000e+00,0.000000000000000000e+00,0.000000000000000000e+00
CQ,0.000000000000000000e+00,0.000000000000000000e+00,0.000000000000000000e+00,0.000000000000000000e+00,0.000000000000000000e+00,0.000000000000000000e+00,0.000000000000000000e+00,0.000000000000000000e+00,0.000000000000000000e+00,0.000000000000000000e+00,0.000000000000000000e+00,0.000000000000000000e+00,0.000000000000000000e+00,0.000000000000000000e+00,0.000000000000000000e+00,0.000000000000000000e+00,0.000000000000000000e+00,0.000000000000000000e+00,0.000000000000000000e+00,0.000000000000000000e+00,0.000000000000000000e+00,0.000000000000000000e+00,0.000000000000000000e+00,0.000000000000000000e+00,0.000000000000000000e+00,0.000000000000000000e+00,0.000000000000000000e+00,0.000000000000000000e+00,0.000000000000000000e+00,0.000000000000000000e+00,0.000000000000000000e+00,0.000000000000000000e+00,0.000000000000000000e+00,0.000000000000000000e+00,0.000000000000000000e+00,0.000000000000000000e+00,0.000000000000000000e+00,0.000000000000000000e+00,0.000000000000000000e+00,0.000000000000000000e+00,0.000000000000000000e+00,0.000000000000000000e+00,0.000000000000000000e+00,0.000000000000000000e+00,0.000000000000000000e+00,0.000000000000000000e+00,0.000000000000000000e+00,0.000000000000000000e+00,0.000000000000000000e+00,0.000000000000000000e+00,0.000000000000000000e+00,0.000000000000000000e+00,0.000000000000000000e+00,0.000000000000000000e+00,0.000000000000000000e+00,0.000000000000000000e+00,0.000000000000000000e+00,0.000000000000000000e+00,0.000000000000000000e+00,0.000000000000000000e+00,0.000000000000000000e+00,0.000000000000000000e+00,0.000000000000000000e+00,0.000000000000000000e+00,0.000000000000000000e+00,0.000000000000000000e+00,0.000000000000000000e+00,0.000000000000000000e+00,0.000000000000000000e+00,0.000000000000000000e+00,0.000000000000000000e+00,0.000000000000000000e+00,0.000000000000000000e+00,0.000000000000000000e+00,0.000000000000000000e+00,0.000000000000000000e+00,0.000000000000000000e+00,0.000000000000000000e+00,0.000000000000000000e+00,0.000000000000000000e+00,0.000000000000000000e+00,0.000000000000000000e+00,0.000000000000000000e+00,0.000000000000000000e+00,0.000000000000000000e+00,0.000000000000000000e+00,0.000000000000000000e+00,0.000000000000000000e+00,0.000000000000000000e+00,0.000000000000000000e+00,0.000000000000000000e+00,0.000000000000000000e+00,0.000000000000000000e+00,0.000000000000000000e+00,0.000000000000000000e+00,0.000000000000000000e+00,0.000000000000000000e+00,0.000000000000000000e+00,0.000000000000000000e+00,0.000000000000000000e+00,0.000000000000000000e+00,0.000000000000000000e+00,0.000000000000000000e+00,0.000000000000000000e+00
CQ_h,0.000000000000000000e+00,0.000000000000000000e+00,0.000000000000000000e+00,0.000000000000000000e+00,0.000000000000000000e+00,0.000000000000000000e+00,0.000000000000000000e+00,0.000000000000000000e+00,0.000000000000000000e+00,0.000000000000000000e+00,0.000000000000000000e+00,0.000000000000000000e+00,0.000000000000000000e+00,0.000000000000000000e+00,0.000000000000000000e+00,0.000000000000000000e+00,0.000000000000000000e+00,0.000000000000000000e+00,0.000000000000000000e+00,0.000000000000000000e+00,0.000000000000000000e+00,0.000000000000000000e+00,0.000000000000000000e+00,0.000000000000000000e+00,0.000000000000000000e+00,0.000000000000000000e+00,0.000000000000000000e+00,0.000000000000000000e+00,0.000000000000000000e+00,0.000000000000000000e+00,0.000000000000000000e+00,0.000000000000000000e+00,0.000000000000000000e+00,0.000000000000000000e+00,0.000000000000000000e+00,0.000000000000000000e+00,0.000000000000000000e+00,0.000000000000000000e+00,0.000000000000000000e+00,0.000000000000000000e+00,0.000000000000000000e+00,0.000000000000000000e+00,0.000000000000000000e+00,0.000000000000000000e+00,0.000000000000000000e+00,0.000000000000000000e+00,0.000000000000000000e+00,0.000000000000000000e+00,0.000000000000000000e+00,0.000000000000000000e+00,0.000000000000000000e+00,0.000000000000000000e+00,0.000000000000000000e+00,0.000000000000000000e+00,0.000000000000000000e+00,0.000000000000000000e+00,0.000000000000000000e+00,0.000000000000000000e+00,0.000000000000000000e+00,0.000000000000000000e+00,0.000000000000000000e+00,0.000000000000000000e+00,0.000000000000000000e+00,0.000000000000000000e+00,0.000000000000000000e+00,0.000000000000000000e+00,0.000000000000000000e+00,0.000000000000000000e+00,0.000000000000000000e+00,0.000000000000000000e+00,0.000000000000000000e+00,0.000000000000000000e+00,0.000000000000000000e+00,0.000000000000000000e+00,0.000000000000000000e+00,0.000000000000000000e+00,0.000000000000000000e+00,0.000000000000000000e+00,0.000000000000000000e+00,0.000000000000000000e+00,0.000000000000000000e+00,0.000000000000000000e+00,0.000000000000000000e+00,0.000000000000000000e+00,0.000000000000000000e+00,0.000000000000000000e+00,0.000000000000000000e+00,0.000000000000000000e+00,0.000000000000000000e+00,0.000000000000000000e+00,0.000000000000000000e+00,0.000000000000000000e+00,0.000000000000000000e+00,0.000000000000000000e+00,0.000000000000000000e+00,0.000000000000000000e+00,0.000000000000000000e+00,0.000000000000000000e+00,0.000000000000000000e+00,0.000000000000000000e+00,0.000000000000000000e+00,0.000000000000000000e+00,0.000000000000000000e+00,0.000000000000000000e+00
CT,0.000000000000000000e+00,0.000000000000000000e+00,0.000000000000000000e+00,0.000000000000000000e+00,0.000000000000000000e+00,0.000000000000000000e+00,0.000000000000000000e+00,0.000000000000000000e+00,0.000000000000000000e+00,0.000000000000000000e+00,0.000000000000000000e+00,0.000000000000000000e+00,0.000000000000000000e+00,0.000000000000000000e+00,0.000000000000000000e+00,0.000000000000000000e+00,0.000000000000000000e+00,0.000000000000000000e+00,0.000000000000000000e+00,0.000000000000000000e+00,0.000000000000000000e+00,0.000000000000000000e+00,0.000000000000000000e+00,0.000000000000000000e+00,0.000000000000000000e+00,0.000000000000000000e+00,0.000000000000000000e+00,0.000000000000000000e+00,0.000000000000000000e+00,0.000000000000000000e+00,0.000000000000000000e+00,0.000000000000000000e+00,0.000000000000000000e+00,0.000000000000000000e+00,0.000000000000000000e+00,0.000000000000000000e+00,0.000000000000000000e+00,0.000000000000000000e+00,0.000000000000000000e+00,0.000000000000000000e+00,0.000000000000000000e+00,0.000000000000000000e+00,0.000000000000000000e+00,0.000000000000000000e+00,0.000000000000000000e+00,0.000000000000000000e+00,0.000000000000000000e+00,0.000000000000000000e+00,0.000000000000000000e+00,0.000000000000000000e+00,0.000000000000000000e+00,0.000000000000000000e+00,0.000000000000000000e+00,0.000000000000000000e+00,0.000000000000000000e+00,0.000000000000000000e+00,0.000000000000000000e+00,0.000000000000000000e+00,0.000000000000000000e+00,0.000000000000000000e+00,0.000000000000000000e+00,0.000000000000000000e+00,0.000000000000000000e+00,0.000000000000000000e+00,0.000000000000000000e+00,0.000000000000000000e+00,0.000000000000000000e+00,0.000000000000000000e+00,0.000000000000000000e+00,0.000000000000000000e+00,0.000000000000000000e+00,0.000000000000000000e+00,0.000000000000000000e+00,0.000000000000000000e+00,0.000000000000000000e+00,0.000000000000000000e+00,0.000000000000000000e+00,0.000000000000000000e+00,0.000000000000000000e+00,0.000000000000000000e+00,0.000000000000000000e+00,0.000000000000000000e+00,0.000000000000000000e+00,0.000000000000000000e+00,0.000000000000000000e+00,0.000000000000000000e+00,0.000000000000000000e+00,0.000000000000000000e+00,0.000000000000000000e+00,0.000000000000000000e+00,0.000000000000000000e+00,0.000000000000000000e+00,0.000000000000000000e+00,0.000000000000000000e+00,0.000000000000000000e+00,0.000000000000000000e+00,0.000000000000000000e+00,0.000000000000000000e+00,0.000000000000000000e+00,0.000000000000000000e+00,0.000000000000000000e+00,0.000000000000000000e+00,0.000000000000000000e+00,0.000000000000000000e+00
CT_h,0.000000000000000000e+00,0.000000000000000000e+00,0.000000000000000000e+00,0.000000000000000000e+00,0.000000000000000000e+00,0.000000000000000000e+00,0.000000000000000000e+00,0.000000000000000000e+00,0.000000000000000000e+00,0.000000000000000000e+00,0.000000000000000000e+00,0.000000000000000000e+00,0.000000000000000000e+00,0.000000000000000000e+00,0.000000000000000000e+00,0.000000000000000000e+00,0.000000000000000000e+00,0.000000000000000000e+00,0.000000000000000000e+00,0.000000000000000000e+00,0.000000000000000000e+00,0.000000000000000000e+00,0.000000000000000000e+00,0.000000000000000000e+00,0.000000000000000000e+00,0.000000000000000000e+00,0.000000000000000000e+00,0.000000000000000000e+00,0.000000000000000000e+00,0.000000000000000000e+00,0.000000000000000000e+00,0.000000000000000000e+00,0.000000000000000000e+00,0.000000000000000000e+00,0.000000000000000000e+00,0.000000000000000000e+00,0.000000000000000000e+00,0.000000000000000000e+00,0.000000000000000000e+00,0.000000000000000000e+00,0.000000000000000000e+00,0.000000000000000000e+00,0.000000000000000000e+00,0.000000000000000000e+00,0.000000000000000000e+00,0.000000000000000000e+00,0.000000000000000000e+00,0.000000000000000000e+00,0.000000000000000000e+00,0.000000000000000000e+00,0.000000000000000000e+00,0.000000000000000000e+00,0.000000000000000000e+00,0.000000000000000000e+00,0.000000000000000000e+00,0.000000000000000000e+00,0.000000000000000000e+00,0.000000000000000000e+00,0.000000000000000000e+00,0.000000000000000000e+00,0.000000000000000000e+00,0.000000000000000000e+00,0.000000000000000000e+00,0.000000000000000000e+00,0.000000000000000000e+00,0.000000000000000000e+00,0.000000000000000000e+00,0.000000000000000000e+00,0.000000000000000000e+00,0.000000000000000000e+00,0.000000000000000000e+00,0.000000000000000000e+00,0.000000000000000000e+00,0.000000000000000000e+00,0.000000000000000000e+00,0.000000000000000000e+00,0.000000000000000000e+00,0.000000000000000000e+00,0.000000000000000000e+00,0.000000000000000000e+00,0.000000000000000000e+00,0.000000000000000000e+00,0.000000000000000000e+00,0.000000000000000000e+00,0.000000000000000000e+00,0.000000000000000000e+00,0.000000000000000000e+00,0.000000000000000000e+00,0.000000000000000000e+00,0.000000000000000000e+00,0.000000000000000000e+00,0.000000000000000000e+00,0.000000000000000000e+00,0.000000000000000000e+00,0.000000000000000000e+00,0.000000000000000000e+00,0.000000000000000000e+00,0.000000000000000000e+00,0.000000000000000000e+00,0.000000000000000000e+00,0.000000000000000000e+00,0.000000000000000000e+00,0.000000000000000000e+00,0.000000000000000000e+00
Chord,1.020529999999999937e+00,2.654360000000000053e+00,4.281489999999999796e+00,5.908610000000000362e+00,7.535739999999999661e+00,9.162869999999999848e+00,1.078999999999999915e+01,1.241713000000000022e+01,1.404425999999999952e+01,1.567139000000000060e+01,1.729851000000000028e+01,1.892564000000000135e+01,2.055276999999999887e+01,2.055276999999999887e+01,1.892564000000000135e+01,1.729851000000000028e+01,1.567139000000000060e+01,1.404425999999999952e+01,1.241713000000000022e+01,1.078999999999999915e+01,9.162869999999999848e+00,7.535739999999999661e+00,5.908610000000000362e+00,4.281489999999999796e+00,2.654360000000000053e+00,1.020529999999999937e+00,1.956919999999999993e+00,2.170770000000000088e+00,2.384619999999999962e+00,2.598460000000000214e+00,2.812310000000000088e+00,3.026149999999999896e+00,3.240000000000000213e+00,3.453850000000000087e+00,3.667689999999999895e+00,3.881540000000000212e+00,4.095379999999999576e+00,4.309230000000000338e+00,4.523080000000000211e+00,4.523080000000000211e+00,4.309230000000000338e+00,4.095379999999999576e+00,3.881540000000000212e+00,3.667689999999999895e+00,3.453850000000000087e+00,3.240000000000000213e+00,3.026149999999999896e+00,2.812310000000000088e+00,2.598460000000000214e+00,2.384619999999999962e+00,2.170770000000000088e+00,1.956919999999999993e+00,7.619189999999999685e+00,7.015990000000000393e+00,6.412799999999999834e+00,5.809599999999999653e+00,5.206400000000000361e+00,4.603200000000000180e+00,4.000000000000000000e+00,3.396799999999999820e+00,2.793600000000000083e+00,2.190399999999999903e+00,1.587199999999999944e+00,9.840100000000000513e-01,3.808099999999999818e-01,7.619189999999999685e+00,7.015990000000000393e+00,6.412799999999999834e+00,5.809599999999999653e+00,5.206400000000000361e+00,4.603200000000000180e+00,4.000000000000000000e+00,3.396799999999999820e+00,2.793600000000000083e+00,2.190399999999999903e+00,1.587199999999999944e+00,9.840100000000000513e-01,3.808099999999999818e-01,7.619189999999999685e+00,7.015990000000000393e+00,6.412799999999999834e+00,5.809599999999999653e+00,5.206400000000000361e+00,4.603200000000000180e+00,4.000000000000000000e+00,3.396799999999999820e+00,2.793600000000000083e+00,2.190399999999999903e+00,1.587199999999999944e+00,9.840100000000000513e-01,3.808099999999999818e-01,7.619189999999999685e+00,7.015990000000000393e+00,6.412799999999999834e+00,5.809599999999999653e+00,5.206400000000000361e+00,4.603200000000000180e+00,4.000000000000000000e+00,3.396799999999999820e+00,2.793600000000000083e+00,2.190399999999999903e+00,1.587199999999999944e+00,9.840100000000000513e-01,3.808099999999999818e-01
Diameter,0.000000000000000000e+00,0.000000000000000000e+00,0.000000000000000000e+00,0.000000000000000000e+00,0.000000000000000000e+00,0.000000000000000000e+00,0.000000000000000000e+00,0.000000000000000000e+00,0.000000000000000000e+00,0.000000000000000000e+00,0.000000000000000000e+00,0.000000000000000000e+00,0.000000000000000000e+00,0.000000000000000000e+00,0.000000000000000000e+00,0.000000000000000000e+00,0.000000000000000000e+00,0.000000000000000000e+00,0.000000000000000000e+00,0.000000000000000000e+00,0.000000000000000000e+00,0.000000000000000000e+00,0.000000000000000000e+00,0.000000000000000000e+00,0.000000000000000000e+00,0.000000000000000000e+00,0.000000000000000000e+00,0.000000000000000000e+00,0.000000000000000000e+00,0.000000000000000000e+00,0.000000000000000000e+00,0.000000000000000000e+00,0.000000000000000000e+00,0.000000000000000000e+00,0.000000000000000000e+00,0.000000000000000000e+00,0.000000000000000000e+00,0.000000000000000000e+00,0.000000000000000000e+00,0.000000000000000000e+00,0.000000000000000000e+00,0.000000000000000000e+00,0.000000000000000000e+00,0.000000000000000000e+00,0.000000000000000000e+00,0.000000000000000000e+00,0.000000000000000000e+00,0.000000000000000000e+00,0.000000000000000000e+00,0.000000000000000000e+00,0.000000000000000000e+00,0.000000000000000000e+00,0.000000000000000000e+00,0.000000000000000000e+00,0.000000000000000000e+00,0.000000000000000000e+00,0.000000000000000000e+00,0.000000000000000000e+00,0.000000000000000000e+00,0.000000000000000000e+00,0.000000000000000000e+00,0.000000000000000000e+00,0.000000000000000000e+00,0.000000000000000000e+00,0.000000000000000000e+00,0.000000000000000000e+00,0.000000000000000000e+00,0.000000000000000000e+00,0.000000000000000000e+00,0.000000000000000000e+00,0.000000000000000000e+00,0.000000000000000000e+00,0.000000000000000000e+00,0.000000000000000000e+00,0.000000000000000000e+00,0.000000000000000000e+00,0.000000000000000000e+00,0.000000000000000000e+00,0.000000000000000000e+00,0.000000000000000000e+00,0.000000000000000000e+00,0.000000000000000000e+00,0.000000000000000000e+00,0.000000000000000000e+00,0.000000000000000000e+00,0.000000000000000000e+00,0.000000000000000000e+00,0.000000000000000000e+00,0.000000000000000000e+00,0.000000000000000000e+00,0.000000000000000000e+00,0.000000000000000000e+00,0.000000000000000000e+00,0.000000000000000000e+00,0.000000000000000000e+00,0.000000000000000000e+00,0.000000000000000000e+00,0.000000000000000000e+00,0.000000000000000000e+00,0.000000000000000000e+00,0.000000000000000000e+00,0.000000000000000000e+00,0.000000000000000000e+00,0.000000000000000000e+00
ETAP,0.000000000000000000e+00,0.000000000000000000e+00,0.000000000000000000e+00,0.000000000000000000e+00,0.000000000000000000e+00,0.000000000000000000e+00,0.000000000000000000e+00,0.000000000000000000e+00,0.000000000000000000e+00,0.000000000000000000e+00,0.000000000000000000e+00,0.000000000000000000e+00,0.000000000000000000e+00,0.000000000000000000e+00,0.000000000000000000e+00,0.000000000000000000e+00,0.000000000000000000e+00,0.000000000000000000e+00,0.000000000000000000e+00,0.000000000000000000e+00,0.000000000000000000e+00,0.000000000000000000e+00,0.000000000000000000e+00,0.000000000000000000e+00,0.000000000000000000e+00,0.000000000000000000e+00,0.000000000000000000e+00,0.000000000000000000e+00,0.000000000000000000e+00,0.000000000000000000e+00,0.000000000000000000e+00,0.000000000000000000e+00,0.000000000000000000e+00,0.000000000000000000e+00,0.000000000000000000e+00,0.000000000000000000e+00,0.000000000000000000e+00,0.000000000000000000e+00,0.000000000000000000e+00,0.000000000000000000e+00,0.000000000000000000e+00,0.000000000000000000e+00,0.000000000000000000e+00,0.000000000000000000e+00,0.000000000000000000e+00,0.000000000000000000e+00,0.000000000000000000e+00,0.000000000000000000e+00,0.000000000000000000e+00,0.000000000000000000e+00,0.000000000000000000e+00,0.000000000000000000e+00,0.000000000000000000e+00,0.000000000000000000e+00,0.000000000000000000e+00,0.000000000000000000e+00,0.000000000000000000e+00,0.000000000000000000e+00,0.000000000000000000e+00,0.000000000000000000e+00,0.000000000000000000e+00,0.000000000000000000e+00,0.000000000000000000e+00,0.000000000000000000e+00,0.000000000000000000e+00,0.000000000000000000e+00,0.000000000000000000e+00,0.000000000000000000e+00,0.000000000000000000e+00,0.000000000000000000e+00,0.000000000000000000e+00,0.000000000000000000e+00,0.000000000000000000e+00,0.000000000000000000e+00,0.000000000000000000e+00,0.000000000000000000e+00,0.000000000000000000e+00,0.000000000000000000e+00,0.000000000000000000e+00,0.000000000000000000e+00,0.000000000000000000e+00,0.000000000000000000e+00,0.000000000000000000e+00,0.000000000000000000e+00,0.000000000000000000e+00,0.000000000000000000e+00,0.000000000000000000e+00,0.000000000000000000e+00,0.000000000000000000e+00,0.000000000000000000e+00,0.000000000000000000e+00,0.000000000000000000e+00,0.000000000000000000e+00,0.000000000000000000e+00,0.000000000000000000e+00,0.000000000000000000e+00,0.000000000000000000e+00,0.000000000000000000e+00,0.000000000000000000e+00,0.000000000000000000e+00,0.000000000000000000e+00,0.000000000000000000e+00,0.000000000000000000e+00,0.000000000000000000e+00
FC_AoA_,5.000000000000000000e+00
FC_Beta_,0.000000000000000000e+00
FC_Bref_,3.236999999999999744e+01
FC_Cref_,1.438667000000000051e+01
FC_Mach_,1.000000000000000021e-03
FC_Pitch_Rate,0.000000000000000000e+00
FC_Rho_,2.377000000000000206e-03
FC_Roll__Rate,0.000000000000000000e+00
FC_Sref_,3.492722999999999729e+02
FC_Vinf_,1.000000000000000000e+02
FC_Xcg_,2.955000000000000071e+01
FC_Yaw___Rate,0.000000000000000000e+00
FC_Ycg_,0.000000000000000000e+00
FC_Zcg_,0.000000000000000000e+00
FOM,0.000000000000000000e+00,0.000000000000000000e+00,0.000000000000000000e+00,0.000000000000000000e+00,0.000000000000000000e+00,0.000000000000000000e+00,0.000000000000000000e+00,0.000000000000000000e+00,0.000000000000000000e+00,0.000000000000000000e+00,0.000000000000000000e+00,0.000000000000000000e+00,0.000000000000000000e+00,0.000000000000000000e+00,0.000000000000000000e+00,0.000000000000000000e+00,0.000000000000000000e+00,0.000000000000000000e+00,0.000000000000000000e+00,0.000000000000000000e+00,0.000000000000000000e+00,0.000000000000000000e+00,0.000000000000000000e+00,0.000000000000000000e+00,0.000000000000000000e+00,0.000000000000000000e+00,0.000000000000000000e+00,0.000000000000000000e+00,0.000000000000000000e+00,0.000000000000000000e+00,0.000000000000000000e+00,0.000000000000000000e+00,0.000000000000000000e+00,0.000000000000000000e+00,0.000000000000000000e+00,0.000000000000000000e+00,0.000000000000000000e+00,0.000000000000000000e+00,0.000000000000000000e+00,0.000000000000000000e+00,0.000000000000000000e+00,0.000000000000000000e+00,0.000000000000000000e+00,0.000000000000000000e+00,0.000000000000000000e+00,0.000000000000000000e+00,0.000000000000000000e+00,0.000000000000000000e+00,0.000000000000000000e+00,0.000000000000000000e+00,0.000000000000000000e+00,0.000000000000000000e+00,0.000000000000000000e+00,0.000000000000000000e+00,0.000000000000000000e+00,0.000000000000000000e+00,0.000000000000000000e+00,0.000000000000000000e+00,0.000000000000000000e+00,0.000000000000000000e+00,0.000000000000000000e+00,0.000000000000000000e+00,0.000000000000000000e+00,0.000000000000000000e+00,0.000000000000000000e+00,0.000000000000000000e+00,0.000000000000000000e+00,0.000000000000000000e+00,0.000000000000000000e+00,0.000000000000000000e+00,0.000000000000000000e+00,0.000000000000000000e+00,0.000000000000000000e+00,0.000000000000000000e+00,0.000000000000000000e+00,0.000000000000000000e+00,0.000000000000000000e+00,0.000000000000000000e+00,0.000000000000000000e+00,0.000000000000000000e+00,0.000000000000000000e+00,0.000000000000000000e+00,0.000000000000000000e+00,0.000000000000000000e+00,0.000000000000000000e+00,0.000000000000000000e+00,0.000000000000000000e+00,0.000000000000000000e+00,0.000000000000000000e+00,0.000000000000000000e+00,0.000000000000000000e+00,0.000000000000000000e+00,0.000000000000000000e+00,0.000000000000000000e+00,0.000000000000000000e+00,0.000000000000000000e+00,0.000000000000000000e+00,0.000000000000000000e+00,0.000000000000000000e+00,0.000000000000000000e+00,0.000000000000000000e+00,0.000000000000000000e+00,0.000000000000000000e+00,0.000000000000000000e+00
IsARotor,0,0,0,0,0,0,0,0,0,0,0,0,0,0,0,0,0,0,0,0,0,0,0,0,0,0,0,0,0,0,0,0,0,0,0,0,0,0,0,0,0,0,0,0,0,0,0,0,0,0,0,0,0,0,0,0,0,0,0,0,0,0,0,0,0,0,0,0,0,0,0,0,0,0,0,0,0,0,0,0,0,0,0,0,0,0,0,0,0,0,0,0,0,0,0,0,0,0,0,0,0,0,0,0
Iter,8,8,8,8,8,8,8,8,8,8,8,8,8,8,8,8,8,8,8,8,8,8,8,8,8,8,8,8,8,8,8,8,8,8,8,8,8,8,8,8,8,8,8,8,8,8,8,8,8,8,8,8,8,8,8,8,8,8,8,8,8,8,8,8,8,8,8,8,8,8,8,8,8,8,8,8,8,8,8,8,8,8,8,8,8,8,8,8,8,8,8,8,8,8,8,8,8,8,8,8,8,8,8,8
J,0.000000000000000000e+00,0.000000000000000000e+00,0.000000000000000000e+00,0.000000000000000000e+00,0.000000000000000000e+00,0.000000000000000000e+00,0.000000000000000000e+00,0.000000000000000000e+00,0.000000000000000000e+00,0.000000000000000000e+00,0.000000000000000000e+00,0.000000000000000000e+00,0.000000000000000000e+00,0.000000000000000000e+00,0.000000000000000000e+00,0.000000000000000000e+00,0.000000000000000000e+00,0.000000000000000000e+00,0.000000000000000000e+00,0.000000000000000000e+00,0.000000000000000000e+00,0.000000000000000000e+00,0.000000000000000000e+00,0.000000000000000000e+00,0.000000000000000000e+00,0.000000000000000000e+00,0.000000000000000000e+00,0.000000000000000000e+00,0.000000000000000000e+00,0.000000000000000000e+00,0.000000000000000000e+00,0.000000000000000000e+00,0.000000000000000000e+00,0.000000000000000000e+00,0.000000000000000000e+00,0.000000000000000000e+00,0.000000000000000000e+00,0.000000000000000000e+00,0.000000000000000000e+00,0.000000000000000000e+00,0.000000000000000000e+00,0.000000000000000000e+00,0.000000000000000000e+00,0.000000000000000000e+00,0.000000000000000000e+00,0.000000000000000000e+00,0.000000000000000000e+00,0.000000000000000000e+00,0.000000000000000000e+00,0.000000000000000000e+00,0.000000000000000000e+00,0.000000000000000000e+00,0.000000000000000000e+00,0.000000000000000000e+00,0.000000000000000000e+00,0.000000000000000000e+00,0.000000000000000000e+00,0.000000000000000000e+00,0.000000000000000000e+00,0.000000000000000000e+00,0.000000000000000000e+00,0.000000000000000000e+00,0.000000000000000000e+00,0.000000000000000000e+00,0.000000000000000000e+00,0.000000000000000000e+00,0.000000000000000000e+00,0.000000000000000000e+00,0.000000000000000000e+00,0.000000000000000000e+00,0.000000000000000000e+00,0.000000000000000000e+00,0.000000000000000000e+00,0.000000000000000000e+00,0.000000000000000000e+00,0.000000000000000000e+00,0.000000000000000000e+00,0.000000000000000000e+00,0.000000000000000000e+00,0.000000000000000000e+00,0.000000000000000000e+00,0.000000000000000000e+00,0.000000000000000000e+00,0.000000000000000000e+00,0.000000000000000000e+00,0.000000000000000000e+00,0.000000000000000000e+00,0.000000000000000000e+00,0.000000000000000000e+00,0.000000000000000000e+00,0.000000000000000000e+00,0.000000000000000000e+00,0.000000000000000000e+00,0.000000000000000000e+00,0.000000000000000000e+00,0.000000000000000000e+00,0.000000000000000000e+00,0.000000000000000000e+00,0.000000000000000000e+00,0.000000000000000000e+00,0.000000000000000000e+00,0.000000000000000000e+00,0.000000000000000000e+00,0.000000000000000000e+00
Moment,0.000000000000000000e+00,0.000000000000000000e+00,0.000000000000000000e+00,0.000000000000000000e+00,0.000000000000000000e+00,0.000000000000000000e+00,0.000000000000000000e+00,0.000000000000000000e+00,0.000000000000000000e+00,0.000000000000000000e+00,0.000000000000000000e+00,0.000000000000000000e+00,0.000000000000000000e+00,0.000000000000000000e+00,0.000000000000000000e+00,0.000000000000000000e+00,0.000000000000000000e+00,0.000000000000000000e+00,0.000000000000000000e+00,0.000000000000000000e+00,0.000000000000000000e+00,0.000000000000000000e+00,0.000000000000000000e+00,0.000000000000000000e+00,0.000000000000000000e+00,0.000000000000000000e+00,0.000000000000000000e+00,0.000000000000000000e+00,0.000000000000000000e+00,0.000000000000000000e+00,0.000000000000000000e+00,0.000000000000000000e+00,0.000000000000000000e+00,0.000000000000000000e+00,0.000000000000000000e+00,0.000000000000000000e+00,0.000000000000000000e+00,0.000000000000000000e+00,0.000000000000000000e+00,0.000000000000000000e+00,0.000000000000000000e+00,0.000000000000000000e+00,0.000000000000000000e+00,0.000000000000000000e+00,0.000000000000000000e+00,0.000000000000000000e+00,0.000000000000000000e+00,0.000000000000000000e+00,0.000000000000000000e+00,0.000000000000000000e+00,0.000000000000000000e+00,0.000000000000000000e+00,0.000000000000000000e+00,0.000000000000000000e+00,0.000000000000000000e+00,0.000000000000000000e+00,0.000000000000000000e+00,0.000000000000000000e+00,0.000000000000000000e+00,0.000000000000000000e+00,0.000000000000000000e+00,0.000000000000000000e+00,0.000000000000000000e+00,0.000000000000000000e+00,0.000000000000000000e+00,0.000000000000000000e+00,0.000000000000000000e+00,0.000000000000000000e+00,0.000000000000000000e+00,0.000000000000000000e+00,0.000000000000000000e+00,0.000000000000000000e+00,0.000000000000000000e+00,0.000000000000000000e+00,0.000000000000000000e+00,0.000000000000000000e+00,0.000000000000000000e+00,0.000000000000000000e+00,0.000000000000000000e+00,0.000000000000000000e+00,0.000000000000000000e+00,0.000000000000000000e+00,0.000000000000000000e+00,0.000000000000000000e+00,0.000000000000000000e+00,0.000000000000000000e+00,0.000000000000000000e+00,0.000000000000000000e+00,0.000000000000000000e+00,0.000000000000000000e+00,0.000000000000000000e+00,0.000000000000000000e+00,0.000000000000000000e+00,0.000000000000000000e+00,0.000000000000000000e+00,0.000000000000000000e+00,0.000000000000000000e+00,0.000000000000000000e+00,0.000000000000000000e+00,0.000000000000000000e+00,0.000000000000000000e+00,0.000000000000000000e+00,0.000000000000000000e+00,0.000000000000000000e+00
Momenti,0.000000000000000000e+00,0.000000000000000000e+00,0.000000000000000000e+00,0.000000000000000000e+00,0.000000000000000000e+00,0.000000000000000000e+00,0.000000000000000000e+00,0.000000000000000000e+00,0.000000000000000000e+00,0.000000000000000000e+00,0.000000000000000000e+00,0.000000000000000000e+00,0.000000000000000000e+00,0.000000000000000000e+00,0.000000000000000000e+00,0.000000000000000000e+00,0.000000000000000000e+00,0.000000000000000000e+00,0.000000000000000000e+00,0.000000000000000000e+00,0.000000000000000000e+00,0.000000000000000000e+00,0.000000000000000000e+00,0.000000000000000000e+00,0.000000000000000000e+00,0.000000000000000000e+00,0.000000000000000000e+00,0.000000000000000000e+00,0.000000000000000000e+00,0.000000000000000000e+00,0.000000000000000000e+00,0.000000000000000000e+00,0.000000000000000000e+00,0.000000000000000000e+00,0.000000000000000000e+00,0.000000000000000000e+00,0.000000000000000000e+00,0.000000000000000000e+00,0.000000000000000000e+00,0.000000000000000000e+00,0.000000000000000000e+00,0.000000000000000000e+00,0.000000000000000000e+00,0.000000000000000000e+00,0.000000000000000000e+00,0.000000000000000000e+00,0.000000000000000000e+00,0.000000000000000000e+00,0.000000000000000000e+00,0.000000000000000000e+00,0.000000000000000000e+00,0.000000000000000000e+00,0.000000000000000000e+00,0.000000000000000000e+00,0.000000000000000000e+00,0.000000000000000000e+00,0.000000000000000000e+00,0.000000000000000000e+00,0.000000000000000000e+00,0.000000000000000000e+00,0.000000000000000000e+00,0.000000000000000000e+00,0.000000000000000000e+00,0.000000000000000000e+00,0.000000000000000000e+00,0.000000000000000000e+00,0.000000000000000000e+00,0.000000000000000000e+00,0.000000000000000000e+00,0.000000000000000000e+00,0.000000000000000000e+00,0.000000000000000000e+00,0.000000000000000000e+00,0.000000000000000000e+00,0.000000000000000000e+00,0.000000000000000000e+00,0.000000000000000000e+00,0.000000000000000000e+00,0.000000000000000000e+00,0.000000000000000000e+00,0.000000000000000000e+00,0.000000000000000000e+00,0.000000000000000000e+00,0.000000000000000000e+00,0.000000000000000000e+00,0.000000000000000000e+00,0.000000000000000000e+00,0.000000000000000000e+00,0.000000000000000000e+00,0.000000000000000000e+00,0.000000000000000000e+00,0.000000000000000000e+00,0.000000000000000000e+00,0.000000000000000000e+00,0.000000000000000000e+00,0.000000000000000000e+00,0.000000000000000000e+00,0.000000000000000000e+00,0.000000000000000000e+00,0.000000000000000000e+00,0.000000000000000000e+00,0.000000000000000000e+00,0.000000000000000000e+00,0.000000000000000000e+00
Momento,0.000000000000000000e+00,0.000000000000000000e+00,0.000000000000000000e+00,0.000000000000000000e+00,0.000000000000000000e+00,0.000000000000000000e+00,0.000000000000000000e+00,0.000000000000000000e+00,0.000000000000000000e+00,0.000000000000000000e+00,0.000000000000000000e+00,0.000000000000000000e+00,0.000000000000000000e+00,0.000000000000000000e+00,0.000000000000000000e+00,0.000000000000000000e+00,0.000000000000000000e+00,0.000000000000000000e+00,0.000000000000000000e+00,0.000000000000000000e+00,0.000000000000000000e+00,0.000000000000000000e+00,0.000000000000000000e+00,0.000000000000000000e+00,0.000000000000000000e+00,0.000000000000000000e+00,0.000000000000000000e+00,0.000000000000000000e+00,0.000000000000000000e+00,0.000000000000000000e+00,0.000000000000000000e+00,0.000000000000000000e+00,0.000000000000000000e+00,0.000000000000000000e+00,0.000000000000000000e+00,0.000000000000000000e+00,0.000000000000000000e+00,0.000000000000000000e+00,0.000000000000000000e+00,0.000000000000000000e+00,0.000000000000000000e+00,0.000000000000000000e+00,0.000000000000000000e+00,0.000000000000000000e+00,0.000000000000000000e+00,0.000000000000000000e+00,0.000000000000000000e+00,0.000000000000000000e+00,0.000000000000000000e+00,0.000000000000000000e+00,0.000000000000000000e+00,0.000000000000000000e+00,0.000000000000000000e+00,0.000000000000000000e+00,0.000000000000000000e+00,0.000000000000000000e+00,0.000000000000000000e+00,0.000000000000000000e+00,0.000000000000000000e+00,0.000000000000000000e+00,0.000000000000000000e+00,0.000000000000000000e+00,0.000000000000000000e+00,0.000000000000000000e+00,0.000000000000000000e+00,0.000000000000000000e+00,0.000000000000000000e+00,0.000000000000000000e+00,0.000000000000000000e+00,0.000000000000000000e+00,0.000000000000000000e+00,0.000000000000000000e+00,0.000000000000000000e+00,0.000000000000000000e+00,0.000000000000000000e+00,0.000000000000000000e+00,0.000000000000000000e+00,0.000000000000000000e+00,0.000000000000000000e+00,0.000000000000000000e+00,0.000000000000000000e+00,0.000000000000000000e+00,0.000000000000000000e+00,0.000000000000000000e+00,0.000000000000000000e+00,0.000000000000000000e+00,0.000000000000000000e+00,0.000000000000000000e+00,0.000000000000000000e+00,0.000000000000000000e+00,0.000000000000000000e+00,0.000000000000000000e+00,0.000000000000000000e+00,0.000000000000000000e+00,0.000000000000000000e+00,0.000000000000000000e+00,0.000000000000000000e+00,0.000000000000000000e+00,0.000000000000000000e+00,0.000000000000000000e+00,0.000000000000000000e+00,0.000000000000000000e+00,0.000000000000000000e+00,0.000000000000000000e+00
Power,0.000000000000000000e+00,0.000000000000000000e+00,0.000000000000000000e+00,0.000000000000000000e+00,0.000000000000000000e+00,0.000000000000000000e+00,0.000000000000000000e+00,0.000000000000000000e+00,0.000000000000000000e+00,0.000000000000000000e+00,0.000000000000000000e+00,0.000000000000000000e+00,0.000000000000000000e+00,0.000000000000000000e+00,0.000000000000000000e+00,0.000000000000000000e+00,0.000000000000000000e+00,0.000000000000000000e+00,0.000000000000000000e+00,0.000000000000000000e+00,0.000000000000000000e+00,0.000000000000000000e+00,0.000000000000000000e+00,0.000000000000000000e+00,0.000000000000000000e+00,0.000000000000000000e+00,0.000000000000000000e+00,0.000000000000000000e+00,0.000000000000000000e+00,0.000000000000000000e+00,0.000000000000000000e+00,0.000000000000000000e+00,0.000000000000000000e+00,0.000000000000000000e+00,0.000000000000000000e+00,0.000000000000000000e+00,0.000000000000000000e+00,0.000000000000000000e+00,0.000000000000000000e+00,0.000000000000000000e+00,0.000000000000000000e+00,0.000000000000000000e+00,0.000000000000000000e+00,0.000000000000000000e+00,0.000000000000000000e+00,0.000000000000000000e+00,0.000000000000000000e+00,0.000000000000000000e+00,0.000000000000000000e+00,0.000000000000000000e+00,0.000000000000000000e+00,0.000000000000000000e+00,0.000000000000000000e+00,0.000000000000000000e+00,0.000000000000000000e+00,0.000000000000000000e+00,0.000000000000000000e+00,0.000000000000000000e+00,0.000000000000000000e+00,0.000000000000000000e+00,0.000000000000000000e+00,0.000000000000000000e+00,0.000000000000000000e+00,0.000000000000000000e+00,0.000000000000000000e+00,0.000000000000000000e+00,0.000000000000000000e+00,0.000000000000000000e+00,0.000000000000000000e+00,0.000000000000000000e+00,0.000000000000000000e+00,0.000000000000000000e+00,0.000000000000000000e+00,0.000000000000000000e+00,0.000000000000000000e+00,0.000000000000000000e+00,0.000000000000000000e+00,0.000000000000000000e+00,0.000000000000000000e+00,0.000000000000000000e+00,0.000000000000000000e+00,0.000000000000000000e+00,0.000000000000000000e+00,0.000000000000000000e+00,0.000000000000000000e+00,0.000000000000000000e+00,0.000000000000000000e+00,0.000000000000000000e+00,0.000000000000000000e+00,0.000000000000000000e+00,0.000000000000000000e+00,0.000000000000000000e+00,0.000000000000000000e+00,0.000000000000000000e+00,0.000000000000000000e+00,0.000000000000000000e+00,0.000000000000000000e+00,0.000000000000000000e+00,0.000000000000000000e+00,0.000000000000000000e+00,0.000000000000000000e+00,0.000000000000000000e+00,0.000000000000000000e+00,0.000000000000000000e+00
Poweri,0.000000000000000000e+00,0.000000000000000000e+00,0.000000000000000000e+00,0.000000000000000000e+00,0.000000000000000000e+00,0.000000000000000000e+00,0.000000000000000000e+00,0.000000000000000000e+00,0.000000000000000000e+00,0.000000000000000000e+00,0.000000000000000000e+00,0.000000000000000000e+00,0.000000000000000000e+00,0.000000000000000000e+00,0.000000000000000000e+00,0.000000000000000000e+00,0.000000000000000000e+00,0.000000000000000000e+00,0.000000000000000000e+00,0.000000000000000000e+00,0.000000000000000000e+00,0.000000000000000000e+00,0.000000000000000000e+00,0.000000000000000000e+00,0.000000000000000000e+00,0.000000000000000000e+00,0.000000000000000000e+00,0.000000000000000000e+00,0.000000000000000000e+00,0.000000000000000000e+00,0.000000000000000000e+00,0.000000000000000000e+00,0.000000000000000000e+00,0.000000000000000000e+00,0.000000000000000000e+00,0.000000000000000000e+00,0.000000000000000000e+00,0.000000000000000000e+00,0.000000000000000000e+00,0.000000000000000000e+00,0.000000000000000000e+00,0.000000000000000000e+00,0.000000000000000000e+00,0.000000000000000000e+00,0.000000000000000000e+00,0.000000000000000000e+00,0.000000000000000000e+00,0.000000000000000000e+00,0.000000000000000000e+00,0.000000000000000000e+00,0.000000000000000000e+00,0.000000000000000000e+00,0.000000000000000000e+00,0.000000000000000000e+00,0.000000000000000000e+00,0.000000000000000000e+00,0.000000000000000000e+00,0.000000000000000000e+00,0.000000000000000000e+00,0.000000000000000000e+00,0.000000000000000000e+00,0.000000000000000000e+00,0.000000000000000000e+00,0.000000000000000000e+00,0.000000000000000000e+00,0.000000000000000000e+00,0.000000000000000000e+00,0.000000000000000000e+00,0.000000000000000000e+00,0.000000000000000000e+00,0.000000000000000000e+00,0.000000000000000000e+00,0.000000000000000000e+00,0.000000000000000000e+00,0.000000000000000000e+00,0.000000000000000000e+00,0.000000000000000000e+00,0.000000000000000000e+00,0.000000000000000000e+00,0.000000000000000000e+00,0.000000000000000000e+00,0.000000000000000000e+00,0.000000000000000000e+00,0.000000000000000000e+00,0.000000000000000000e+00,0.000000000000000000e+00,0.000000000000000000e+00,0.000000000000000000e+00,0.000000000000000000e+00,0.000000000000000000e+00,0.000000000000000000e+00,0.000000000000000000e+00,0.000000000000000000e+00,0.000000000000000000e+00,0.000000000000000000e+00,0.000000000000000000e+00,0.000000000000000000e+00,0.000000000000000000e+00,0.000000000000000000e+00,0.000000000000000000e+00,0.000000000000000000e+00,0.000000000000000000e+00,0.000000000000000000e+00,0.000000000000000000e+00
Powero,0.000000000000000000e+00,0.000000000000000000e+00,0.000000000000000000e+00,0.000000000000000000e+00,0.000000000000000000e+00,0.000000000000000000e+00,0.000000000000000000e+00,0.000000000000000000e+00,0.000000000000000000e+00,0.000000000000000000e+00,0.000000000000000000e+00,0.000000000000000000e+00,0.000000000000000000e+00,0.000000000000000000e+00,0.000000000000000000e+00,0.000000000000000000e+00,0.000000000000000000e+00,0.000000000000000000e+00,0.000000000000000000e+00,0.000000000000000000e+00,0.000000000000000000e+00,0.000000000000000000e+00,0.000000000000000000e+00,0.000000000000000000e+00,0.000000000000000000e+00,0.000000000000000000e+00,0.000000000000000000e+00,0.000000000000000000e+00,0.000000000000000000e+00,0.000000000000000000e+00,0.000000000000000000e+00,0.000000000000000000e+00,0.000000000000000000e+00,0.000000000000000000e+00,0.000000000000000000e+00,0.000000000000000000e+00,0.000000000000000000e+00,0.000000000000000000e+00,0.000000000000000000e+00,0.000000000000000000e+00,0.000000000000000000e+00,0.000000000000000000e+00,0.000000000000000000e+00,0.000000000000000000e+00,0.000000000000000000e+00,0.000000000000000000e+00,0.000000000000000000e+00,0.000000000000000000e+00,0.000000000000000000e+00,0.000000000000000000e+00,0.000000000000000000e+00,0.000000000000000000e+00,0.000000000000000000e+00,0.000000000000000000e+00,0.000000000000000000e+00,0.000000000000000000e+00,0.000000000000000000e+00,0.000000000000000000e+00,0.000000000000000000e+00,0.000000000000000000e+00,0.000000000000000000e+00,0.000000000000000000e+00,0.000000000000000000e+00,0.000000000000000000e+00,0.000000000000000000e+00,0.000000000000000000e+00,0.000000000000000000e+00,0.000000000000000000e+00,0.000000000000000000e+00,0.000000000000000000e+00,0.000000000000000000e+00,0.000000000000000000e+00,0.000000000000000000e+00,0.000000000000000000e+00,0.000000000000000000e+00,0.000000000000000000e+00,0.000000000000000000e+00,0.000000000000000000e+00,0.000000000000000000e+00,0.000000000000000000e+00,0.000000000000000000e+00,0.000000000000000000e+00,0.000000000000000000e+00,0.000000000000000000e+00,0.000000000000000000e+00,0.000000000000000000e+00,0.000000000000000000e+00,0.000000000000000000e+00,0.000000000000000000e+00,0.000000000000000000e+00,0.000000000000000000e+00,0.000000000000000000e+00,0.000000000000000000e+00,0.000000000000000000e+00,0.000000000000000000e+00,0.000000000000000000e+00,0.000000000000000000e+00,0.000000000000000000e+00,0.000000000000000000e+00,0.000000000000000000e+00,0.000000000000000000e+00,0.000000000000000000e+00,0.000000000000000000e+00,0.000000000000000000e+00
RPM,0.000000000000000000e+00,0.000000000000000000e+00,0.000000000000000000e+00,0.000000000000000000e+00,0.000000000000000000e+00,0.000000000000000000e+00,0.000000000000000000e+00,0.000000000000000000e+00,0.000000000000000000e+00,0.000000000000000000e+00,0.000000000000000000e+00,0.000000000000000000e+00,0.000000000000000000e+00,0.000000000000000000e+00,0.000000000000000000e+00,0.000000000000000000e+00,0.000000000000000000e+00,0.000000000000000000e+00,0.000000000000000000e+00,0.000000000000000000e+00,0.000000000000000000e+00,0.000000000000000000e+00,0.000000000000000000e+00,0.000000000000000000e+00,0.000000000000000000e+00,0.000000000000000000e+00,0.000000000000000000e+00,0.000000000000000000e+00,0.000000000000000000e+00,0.000000000000000000e+00,0.000000000000000000e+00,0.000000000000000000e+00,0.000000000000000000e+00,0.000000000000000000e+00,0.000000000000000000e+00,0.000000000000000000e+00,0.000000000000000000e+00,0.000000000000000000e+00,0.000000000000000000e+00,0.000000000000000000e+00,0.000000000000000000e+00,0.000000000000000000e+00,0.000000000000000000e+00,0.000000000000000000e+00,0.000000000000000000e+00,0.000000000000000000e+00,0.000000000000000000e+00,0.000000000000000000e+00,0.000000000000000000e+00,0.000000000000000000e+00,0.000000000000000000e+00,0.000000000000000000e+00,0.000000000000000000e+00,0.000000000000000000e+00,0.000000000000000000e+00,0.000000000000000000e+00,0.000000000000000000e+00,0.000000000000000000e+00,0.000000000000000000e+00,0.000000000000000000e+00,0.000000000000000000e+00,0.000000000000000000e+00,0.000000000000000000e+00,0.000000000000000000e+00,0.000000000000000000e+00,0.000000000000000000e+00,0.000000000000000000e+00,0.000000000000000000e+00,0.000000000000000000e+00,0.000000000000000000e+00,0.000000000000000000e+00,0.000000000000000000e+00,0.000000000000000000e+00,0.000000000000000000e+00,0.000000000000000000e+00,0.000000000000000000e+00,0.000000000000000000e+00,0.000000000000000000e+00,0.000000000000000000e+00,0.000000000000000000e+00,0.000000000000000000e+00,0.000000000000000000e+00,0.000000000000000000e+00,0.000000000000000000e+00,0.000000000000000000e+00,0.000000000000000000e+00,0.000000000000000000e+00,0.000000000000000000e+00,0.000000000000000000e+00,0.000000000000000000e+00,0.000000000000000000e+00,0.000000000000000000e+00,0.000000000000000000e+00,0.000000000000000000e+00,0.000000000000000000e+00,0.000000000000000000e+00,0.000000000000000000e+00,0.000000000000000000e+00,0.000000000000000000e+00,0.000000000000000000e+00,0.000000000000000000e+00,0.000000000000000000e+00,0.000000000000000000e+00,0.000000000000000000e+00
SoverB,3.846000000000000113e-02,7.692000000000000226e-02,1.153799999999999965e-01,1.538499999999999868e-01,1.923100000000000087e-01,2.307700000000000029e-01,2.692300000000000249e-01,3.076900000000000190e-01,3.461500000000000132e-01,3.846200000000000174e-01,4.230800000000000116e-01,4.615400000000000058e-01,5.000000000000000000e-01,5.384600000000000497e-01,5.769199999999999884e-01,6.153800000000000381e-01,6.538500000000000423e-01,6.923099999999999810e-01,7.307700000000000307e-01,7.692299999999999693e-01,8.076900000000000190e-01,8.461499999999999577e-01,8.846199999999999619e-01,9.230800000000000116e-01,9.615399999999999503e-01,1.000000000000000000e+00,3.846000000000000113e-02,7.692000000000000226e-02,1.153799999999999965e-01,1.538499999999999868e-01,1.923100000000000087e-01,2.307700000000000029e-01,2.692300000000000249e-01,3.076900000000000190e-01,3.461500000000000132e-01,3.846200000000000174e-01,4.230800000000000116e-01,4.615400000000000058e-01,5.000000000000000000e-01,5.384600000000000497e-01,5.769199999999999884e-01,6.153800000000000381e-01,6.538500000000000423e-01,6.923099999999999810e-01,7.307700000000000307e-01,7.692299999999999693e-01,8.076900000000000190e-01,8.461499999999999577e-01,8.846199999999999619e-01,9.230800000000000116e-01,9.615399999999999503e-01,1.000000000000000000e+00,7.692000000000000226e-02,1.538499999999999868e-01,2.307700000000000029e-01,3.076900000000000190e-01,3.846200000000000174e-01,4.615400000000000058e-01,5.384600000000000497e-01,6.153800000000000381e-01,6.923099999999999810e-01,7.692299999999999693e-01,8.461499999999999577e-01,9.230800000000000116e-01,1.000000000000000000e+00,7.692000000000000226e-02,1.538499999999999868e-01,2.307700000000000029e-01,3.076900000000000190e-01,3.846200000000000174e-01,4.615400000000000058e-01,5.384600000000000497e-01,6.153800000000000381e-01,6.923099999999999810e-01,7.692299999999999693e-01,8.461499999999999577e-01,9.230800000000000116e-01,1.000000000000000000e+00,7.692000000000000226e-02,1.538499999999999868e-01,2.307700000000000029e-01,3.076900000000000190e-01,3.846200000000000174e-01,4.615400000000000058e-01,5.384600000000000497e-01,6.153800000000000381e-01,6.923099999999999810e-01,7.692299999999999693e-01,8.461499999999999577e-01,9.230800000000000116e-01,1.000000000000000000e+00,7.692000000000000226e-02,1.538499999999999868e-01,2.307700000000000029e-01,3.076900000000000190e-01,3.846200000000000174e-01,4.615400000000000058e-01,5.384600000000000497e-01,6.153800000000000381e-01,6.923099999999999810e-01,7.692299999999999693e-01,8.461499999999999577e-01,9.230800000000000116e-01,1.000000000000000000e+00
StallFact,1.000000000000000000e+00,1.000000000000000000e+00,1.000000000000000000e+00,1.000000000000000000e+00,1.000000000000000000e+00,1.000000000000000000e+00,1.000000000000000000e+00,1.000000000000000000e+00,1.000000000000000000e+00,1.000000000000000000e+00,1.000000000000000000e+00,1.000000000000000000e+00,1.000000000000000000e+00,1.000000000000000000e+00,1.000000000000000000e+00,1.000000000000000000e+00,1.000000000000000000e+00,1.000000000000000000e+00,1.000000000000000000e+00,1.000000000000000000e+00,1.000000000000000000e+00,1.000000000000000000e+00,1.000000000000000000e+00,1.000000000000000000e+00,1.000000000000000000e+00,1.000000000000000000e+00,1.000000000000000000e+00,1.000000000000000000e+00,1.000000000000000000e+00,1.000000000000000000e+00,1.000000000000000000e+00,1.000000000000000000e+00,1.000000000000000000e+00,1.000000000000000000e+00,1.000000000000000000e+00,1.000000000000000000e+00,1.000000000000000000e+00,1.000000000000000000e+00,1.000000000000000000e+00,1.000000000000000000e+00,1.000000000000000000e+00,1.000000000000000000e+00,1.000000000000000000e+00,1.000000000000000000e+00,1.000000000000000000e+00,1.000000000000000000e+00,1.000000000000000000e+00,1.000000000000000000e+00,1.000000000000000000e+00,1.000000000000000000e+00,1.000000000000000000e+00,1.000000000000000000e+00,1.000000000000000000e+00,1.000000000000000000e+00,1.000000000000000000e+00,1.000000000000000000e+00,1.000000000000000000e+00,1.000000000000000000e+00,1.000000000000000000e+00,1.000000000000000000e+00,1.000000000000000000e+00,1.000000000000000000e+00,1.000000000000000000e+00,1.000000000000000000e+00,1.000000000000000000e+00,1.000000000000000000e+00,1.000000000000000000e+00,1.000000000000000000e+00,1.000000000000000000e+00,1.000000000000000000e+00,1.000000000000000000e+00,1.000000000000000000e+00,1.000000000000000000e+00,1.000000000000000000e+00,1.000000000000000000e+00,1.000000000000000000e+00,1.000000000000000000e+00,1.000000000000000000e+00,1.000000000000000000e+00,1.000000000000000000e+00,1.000000000000000000e+00,1.000000000000000000e+00,1.000000000000000000e+00,1.000000000000000000e+00,1.000000000000000000e+00,1.000000000000000000e+00,1.000000000000000000e+00,1.000000000000000000e+00,1.000000000000000000e+00,1.000000000000000000e+00,1.000000000000000000e+00,1.000000000000000000e+00,1.000000000000000000e+00,1.000000000000000000e+00,1.000000000000000000e+00,1.000000000000000000e+00,1.000000000000000000e+00,1.000000000000000000e+00,1.000000000000000000e+00,1.000000000000000000e+00,1.000000000000000000e+00,1.000000000000000000e+00,1.000000000000000000e+00,1.000000000000000000e+00
Thrust,0.000000000000000000e+00,0.000000000000000000e+00,0.000000000000000000e+00,0.000000000000000000e+00,0.000000000000000000e+00,0.000000000000000000e+00,0.000000000000000000e+00,0.000000000000000000e+00,0.000000000000000000e+00,0.000000000000000000e+00,0.000000000000000000e+00,0.000000000000000000e+00,0.000000000000000000e+00,0.000000000000000000e+00,0.000000000000000000e+00,0.000000000000000000e+00,0.000000000000000000e+00,0.000000000000000000e+00,0.000000000000000000e+00,0.000000000000000000e+00,0.000000000000000000e+00,0.000000000000000000e+00,0.000000000000000000e+00,0.000000000000000000e+00,0.000000000000000000e+00,0.000000000000000000e+00,0.000000000000000000e+00,0.000000000000000000e+00,0.000000000000000000e+00,0.000000000000000000e+00,0.000000000000000000e+00,0.000000000000000000e+00,0.000000000000000000e+00,0.000000000000000000e+00,0.000000000000000000e+00,0.000000000000000000e+00,0.000000000000000000e+00,0.000000000000000000e+00,0.000000000000000000e+00,0.000000000000000000e+00,0.000000000000000000e+00,0.000000000000000000e+00,0.000000000000000000e+00,0.000000000000000000e+00,0.000000000000000000e+00,0.000000000000000000e+00,0.000000000000000000e+00,0.000000000000000000e+00,0.000000000000000000e+00,0.000000000000000000e+00,0.000000000000000000e+00,0.000000000000000000e+00,0.000000000000000000e+00,0.000000000000000000e+00,0.000000000000000000e+00,0.000000000000000000e+00,0.000000000000000000e+00,0.000000000000000000e+00,0.000000000000000000e+00,0.000000000000000000e+00,0.000000000000000000e+00,0.000000000000000000e+00,0.000000000000000000e+00,0.000000000000000000e+00,0.000000000000000000e+00,0.000000000000000000e+00,0.000000000000000000e+00,0.000000000000000000e+00,0.000000000000000000e+00,0.000000000000000000e+00,0.000000000000000000e+00,0.000000000000000000e+00,0.000000000000000000e+00,0.000000000000000000e+00,0.000000000000000000e+00,0.000000000000000000e+00,0.000000000000000000e+00,0.000000000000000000e+00,0.000000000000000000e+00,0.000000000000000000e+00,0.000000000000000000e+00,0.000000000000000000e+00,0.000000000000000000e+00,0.000000000000000000e+00,0.000000000000000000e+00,0.000000000000000000e+00,0.000000000000000000e+00,0.000000000000000000e+00,0.000000000000000000e+00,0.000000000000000000e+00,0.000000000000000000e+00,0.000000000000000000e+00,0.000000000000000000e+00,0.000000000000000000e+00,0.000000000000000000e+00,0.000000000000000000e+00,0.000000000000000000e+00,0.000000000000000000e+00,0.000000000000000000e+00,0.000000000000000000e+00,0.000000000000000000e+00,0.000000000000000000e+00,0.000000000000000000e+00,0.000000000000000000e+00
Thrusti,0.000000000000000000e+00,0.000000000000000000e+00,0.000000000000000000e+00,0.000000000000000000e+00,0.000000000000000000e+00,0.000000000000000000e+00,0.000000000000000000e+00,0.000000000000000000e+00,0.000000000000000000e+00,0.000000000000000000e+00,0.000000000000000000e+00,0.000000000000000000e+00,0.000000000000000000e+00,0.000000000000000000e+00,0.000000000000000000e+00,0.000000000000000000e+00,0.000000000000000000e+00,0.000000000000000000e+00,0.000000000000000000e+00,0.000000000000000000e+00,0.000000000000000000e+00,0.000000000000000000e+00,0.000000000000000000e+00,0.000000000000000000e+00,0.000000000000000000e+00,0.000000000000000000e+00,0.000000000000000000e+00,0.000000000000000000e+00,0.000000000000000000e+00,0.000000000000000000e+00,0.000000000000000000e+00,0.000000000000000000e+00,0.000000000000000000e+00,0.000000000000000000e+00,0.000000000000000000e+00,0.000000000000000000e+00,0.000000000000000000e+00,0.000000000000000000e+00,0.000000000000000000e+00,0.000000000000000000e+00,0.000000000000000000e+00,0.000000000000000000e+00,0.000000000000000000e+00,0.000000000000000000e+00,0.000000000000000000e+00,0.000000000000000000e+00,0.000000000000000000e+00,0.000000000000000000e+00,0.000000000000000000e+00,0.000000000000000000e+00,0.000000000000000000e+00,0.000000000000000000e+00,0.000000000000000000e+00,0.000000000000000000e+00,0.000000000000000000e+00,0.000000000000000000e+00,0.000000000000000000e+00,0.000000000000000000e+00,0.000000000000000000e+00,0.000000000000000000e+00,0.000000000000000000e+00,0.000000000000000000e+00,0.000000000000000000e+00,0.000000000000000000e+00,0.000000000000000000e+00,0.000000000000000000e+00,0.000000000000000000e+00,0.000000000000000000e+00,0.000000000000000000e+00,0.000000000000000000e+00,0.000000000000000000e+00,0.000000000000000000e+00,0.000000000000000000e+00,0.000000000000000000e+00,0.000000000000000000e+00,0.000000000000000000e+00,0.000000000000000000e+00,0.000000000000000000e+00,0.000000000000000000e+00,0.000000000000000000e+00,0.000000000000000000e+00,0.000000000000000000e+00,0.000000000000000000e+00,0.000000000000000000e+00,0.000000000000000000e+00,0.000000000000000000e+00,0.000000000000000000e+00,0.000000000000000000e+00,0.000000000000000000e+00,0.000000000000000000e+00,0.000000000000000000e+00,0.000000000000000000e+00,0.000000000000000000e+00,0.000000000000000000e+00,0.000000000000000000e+00,0.000000000000000000e+00,0.000000000000000000e+00,0.000000000000000000e+00,0.000000000000000000e+00,0.000000000000000000e+00,0.000000000000000000e+00,0.000000000000000000e+00,0.000000000000000000e+00,0.000000000000000000e+00
Thrusto,0.000000000000000000e+00,0.000000000000000000e+00,0.000000000000000000e+00,0.000000000000000000e+00,0.000000000000000000e+00,0.000000000000000000e+00,0.000000000000000000e+00,0.000000000000000000e+00,0.000000000000000000e+00,0.000000000000000000e+00,0.000000000000000000e+00,0.000000000000000000e+00,0.000000000000000000e+00,0.000000000000000000e+00,0.000000000000000000e+00,0.000000000000000000e+00,0.000000000000000000e+00,0.000000000000000000e+00,0.000000000000000000e+00,0.000000000000000000e+00,0.000000000000000000e+00,0.000000000000000000e+00,0.000000000000000000e+00,0.000000000000000000e+00,0.000000000000000000e+00,0.000000000000000000e+00,0.000000000000000000e+00,0.000000000000000000e+00,0.000000000000000000e+00,0.000000000000000000e+00,0.000000000000000000e+00,0.000000000000000000e+00,0.000000000000000000e+00,0.000000000000000000e+00,0.000000000000000000e+00,0.000000000000000000e+00,0.000000000000000000e+00,0.000000000000000000e+00,0.000000000000000000e+00,0.000000000000000000e+00,0.000000000000000000e+00,0.000000000000000000e+00,0.000000000000000000e+00,0.000000000000000000e+00,0.000000000000000000e+00,0.000000000000000000e+00,0.000000000000000000e+00,0.000000000000000000e+00,0.000000000000000000e+00,0.000000000000000000e+00,0.000000000000000000e+00,0.000000000000000000e+00,0.000000000000000000e+00,0.000000000000000000e+00,0.000000000000000000e+00,0.000000000000000000e+00,0.000000000000000000e+00,0.000000000000000000e+00,0.000000000000000000e+00,0.000000000000000000e+00,0.000000000000000000e+00,0.000000000000000000e+00,0.000000000000000000e+00,0.000000000000000000e+00,0.000000000000000000e+00,0.000000000000000000e+00,0.000000000000000000e+00,0.000000000000000000e+00,0.000000000000000000e+00,0.000000000000000000e+00,0.000000000000000000e+00,0.000000000000000000e+00,0.000000000000000000e+00,0.000000000000000000e+00,0.000000000000000000e+00,0.000000000000000000e+00,0.000000000000000000e+00,0.000000000000000000e+00,0.000000000000000000e+00,0.000000000000000000e+00,0.000000000000000000e+00,0.000000000000000000e+00,0.000000000000000000e+00,0.000000000000000000e+00,0.000000000000000000e+00,0.000000000000000000e+00,0.000000000000000000e+00,0.000000000000000000e+00,0.000000000000000000e+00,0.000000000000000000e+00,0.000000000000000000e+00,0.000000000000000000e+00,0.000000000000000000e+00,0.000000000000000000e+00,0.000000000000000000e+00,0.000000000000000000e+00,0.000000000000000000e+00,0.000000000000000000e+00,0.000000000000000000e+00,0.000000000000000000e+00,0.000000000000000000e+00,0.000000000000000000e+00,0.000000000000000000e+00,0.000000000000000000e+00
TrailVort,1,2,3,4,5,6,7,8,9,10,11,12,13,14,15,16,17,18,19,20,21,22,23,24,25,26,1,2,3,4,5,6,7,8,9,10,11,12,13,14,15,16,17,18,19,20,21,22,23,24,25,26,1,2,3,4,5,6,7,8,9,10,11,12,13,1,2,3,4,5,6,7,8,9,10,11,12,13,1,2,3,4,5,6,7,8,9,10,11,12,13,1,2,3,4,5,6,7,8,9,10,11,12,13
Unsteady,0
V/Vref,1.000000000000000000e+00,1.000000000000000000e+00,1.000000000000000000e+00,1.000000000000000000e+00,1.000000000000000000e+00,1.000000000000000000e+00,1.000000000000000000e+00,1.000000000000000000e+00,1.000000000000000000e+00,1.000000000000000000e+00,1.000000000000000000e+00,1.000000000000000000e+00,1.000000000000000000e+00,1.000000000000000000e+00,1.000000000000000000e+00,1.000000000000000000e+00,1.000000000000000000e+00,1.000000000000000000e+00,1.000000000000000000e+00,1.000000000000000000e+00,1.000000000000000000e+00,1.000000000000000000e+00,1.000000000000000000e+00,1.000000000000000000e+00,1.000000000000000000e+00,1.000000000000000000e+00,1.000000000000000000e+00,1.000000000000000000e+00,1.000000000000000000e+00,1.000000000000000000e+00,1.000000000000000000e+00,1.000000000000000000e+00,1.000000000000000000e+00,1.000000000000000000e+00,1.000000000000000000e+00,1.000000000000000000e+00,1.000000000000000000e+00,1.000000000000000000e+00,1.000000000000000000e+00,1.000000000000000000e+00,1.000000000000000000e+00,1.000000000000000000e+00,1.000000000000000000e+00,1.000000000000000000e+00,1.000000000000000000e+00,1.000000000000000000e+00,1.000000000000000000e+00,1.000000000000000000e+00,1.000000000000000000e+00,1.000000000000000000e+00,1.000000000000000000e+00,1.000000000000000000e+00,1.000000000000000000e+00,1.000000000000000000e+00,1.000000000000000000e+00,1.000000000000000000e+00,1.000000000000000000e+00,1.000000000000000000e+00,1.000000000000000000e+00,1.000000000000000000e+00,1.000000000000000000e+00,1.000000000000000000e+00,1.000000000000000000e+00,1.000000000000000000e+00,1.000000000000000000e+00,1.000000000000000000e+00,1.000000000000000000e+00,1.000000000000000000e+00,1.000000000000000000e+00,1.000000000000000000e+00,1.000000000000000000e+00,1.000000000000000000e+00,1.000000000000000000e+00,1.000000000000000000e+00,1.000000000000000000e+00,1.000000000000000000e+00,1.000000000000000000e+00,1.000000000000000000e+00,1.000000000000000000e+00,1.000000000000000000e+00,1.000000000000000000e+00,1.000000000000000000e+00,1.000000000000000000e+00,1.000000000000000000e+00,1.000000000000000000e+00,1.000000000000000000e+00,1.000000000000000000e+00,1.000000000000000000e+00,1.000000000000000000e+00,1.000000000000000000e+00,1.000000000000000000e+00,1.000000000000000000e+00,1.000000000000000000e+00,1.000000000000000000e+00,1.000000000000000000e+00,1.000000000000000000e+00,1.000000000000000000e+00,1.000000000000000000e+00,1.000000000000000000e+00,1.000000000000000000e+00,1.000000000000000000e+00,1.000000000000000000e+00,1.000000000000000000e+00,1.000000000000000000e+00
VortexSheet,1,1,1,1,1,1,1,1,1,1,1,1,1,1,1,1,1,1,1,1,1,1,1,1,1,1,2,2,2,2,2,2,2,2,2,2,2,2,2,2,2,2,2,2,2,2,2,2,2,2,2,2,3,3,3,3,3,3,3,3,3,3,3,3,3,4,4,4,4,4,4,4,4,4,4,4,4,4,5,5,5,5,5,5,5,5,5,5,5,5,5,6,6,6,6,6,6,6,6,6,6,6,6,6
Xavg,3.907453000000000287e+01,3.904348000000000241e+01,3.901241999999999877e+01,3.898136000000000223e+01,3.895031000000000176e+01,3.891924999999999812e+01,3.888819999999999766e+01,3.885714000000000112e+01,3.882609000000000066e+01,3.879502999999999702e+01,3.876397999999999655e+01,3.873292000000000002e+01,3.870186000000000348e+01,3.870186000000000348e+01,3.873292000000000002e+01,3.876397999999999655e+01,3.879502999999999702e+01,3.882609000000000066e+01,3.885714000000000112e+01,3.888819999999999766e+01,3.891924999999999812e+01,3.895031000000000176e+01,3.898136000000000223e+01,3.901241999999999877e+01,3.904348000000000241e+01,3.907453000000000287e+01,4.380078999999999922e+01,4.395033000000000101e+01,4.409985999999999962e+01,4.424940000000000140e+01,4.439894000000000318e+01,4.454847000000000179e+01,4.469800999999999647e+01,4.484754999999999825e+01,4.499707999999999686e+01,4.514661999999999864e+01,4.529616000000000042e+01,4.544568999999999903e+01,4.559523000000000081e+01,4.559523000000000081e+01,4.544568999999999903e+01,4.529616000000000042e+01,4.514661999999999864e+01,4.499707999999999686e+01,4.484754999999999825e+01,4.469800999999999647e+01,4.454847000000000179e+01,4.439894000000000318e+01,4.424940000000000140e+01,4.409985999999999962e+01,4.395033000000000101e+01,4.380078999999999922e+01,4.382988999999999891e+01,4.382558999999999827e+01,4.382128999999999763e+01,4.381698999999999700e+01,4.381269000000000347e+01,4.380839000000000283e+01,4.380409000000000219e+01,4.379979000000000156e+01,4.379549000000000092e+01,4.379120000000000346e+01,4.378690000000000282e+01,4.378260000000000218e+01,4.377830000000000155e+01,4.382988999999999891e+01,4.382558999999999827e+01,4.382128999999999763e+01,4.381698999999999700e+01,4.381269000000000347e+01,4.380839000000000283e+01,4.380409000000000219e+01,4.379979000000000156e+01,4.379549000000000092e+01,4.379120000000000346e+01,4.378690000000000282e+01,4.378260000000000218e+01,4.377830000000000155e+01,4.382988999999999891e+01,4.382558999999999827e+01,4.382128999999999763e+01,4.381698999999999700e+01,4.381269000000000347e+01,4.380839000000000283e+01,4.380409000000000219e+01,4.379979000000000156e+01,4.379549000000000092e+01,4.379120000000000346e+01,4.378690000000000282e+01,4.378260000000000218e+01,4.377830000000000155e+01,4.382988999999999891e+01,4.382558999999999827e+01,4.382128999999999763e+01,4.381698999999999700e+01,4.381269000000000347e+01,4.380839000000000283e+01,4.380409000000000219e+01,4.379979000000000156e+01,4.379549000000000092e+01,4.379120000000000346e+01,4.378690000000000282e+01,4.378260000000000218e+01,4.377830000000000155e+01
Yavg,1.556250000000000000e+01,1.431750000000000078e+01,1.307249999999999979e+01,1.182750000000000057e+01,1.058249999999999957e+01,9.337500000000000355e+00,8.092499999999999361e+00,6.847500000000000142e+00,5.602500000000000036e+00,4.357499999999999929e+00,3.112499999999999822e+00,1.867499999999999938e+00,6.225000000000000533e-01,-6.225000000000000533e-01,-1.867499999999999938e+00,-3.112499999999999822e+00,-4.357499999999999929e+00,-5.602500000000000036e+00,-6.847500000000000142e+00,-8.092499999999999361e+00,-9.337500000000000355e+00,-1.058249999999999957e+01,-1.182750000000000057e+01,-1.307249999999999979e+01,-1.431750000000000078e+01,-1.556250000000000000e+01,7.778850000000000264e+00,7.156539999999999679e+00,6.534229999999999983e+00,5.911920000000000286e+00,5.289620000000000211e+00,4.667309999999999626e+00,4.044999999999999929e+00,3.422689999999999788e+00,2.800380000000000091e+00,2.178080000000000016e+00,1.555770000000000097e+00,9.334599999999999564e-01,3.111499999999999821e-01,-3.111499999999999821e-01,-9.334599999999999564e-01,-1.555770000000000097e+00,-2.178080000000000016e+00,-2.800380000000000091e+00,-3.422689999999999788e+00,-4.044999999999999929e+00,-4.667309999999999626e+00,-5.289620000000000211e+00,-5.911920000000000286e+00,-6.534229999999999983e+00,-7.156539999999999679e+00,-7.778850000000000264e+00,8.109999999999999432e+00,8.109999999999999432e+00,8.109999999999999432e+00,8.109999999999999432e+00,8.109999999999999432e+00,8.109999999999999432e+00,8.109999999999999432e+00,8.109999999999999432e+00,8.109999999999999432e+00,8.109999999999999432e+00,8.109999999999999432e+00,8.109999999999999432e+00,8.109999999999999432e+00,8.109999999999999432e+00,8.109999999999999432e+00,8.109999999999999432e+00,8.109999999999999432e+00,8.109999999999999432e+00,8.109999999999999432e+00,8.109999999999999432e+00,8.109999999999999432e+00,8.109999999999999432e+00,8.109999999999999432e+00,8.109999999999999432e+00,8.109999999999999432e+00,8.109999999999999432e+00,-8.109999999999999432e+00,-8.109999999999999432e+00,-8.109999999999999432e+00,-8.109999999999999432e+00,-8.109999999999999432e+00,-8.109999999999999432e+00,-8.109999999999999432e+00,-8.109999999999999432e+00,-8.109999999999999432e+00,-8.109999999999999432e+00,-8.109999999999999432e+00,-8.109999999999999432e+00,-8.109999999999999432e+00,-8.109999999999999432e+00,-8.109999999999999432e+00,-8.109999999999999432e+00,-8.109999999999999432e+00,-8.109999999999999432e+00,-8.109999999999999432e+00,-8.109999999999999432e+00,-8.109999999999999432e+00,-8.109999999999999432e+00,-8.109999999999999432e+00,-8.109999999999999432e+00,-8.109999999999999432e+00,-8.109999999999999432e+00
Zavg,1.899999999999999911e+00,1.899999999999999911e+00,1.899999999999999911e+00,1.899999999999999911e+00,1.899999999999999911e+00,1.899999999999999911e+00,1.899999999999999911e+00,1.899999999999999911e+00,1.899999999999999911e+00,1.899999999999999911e+00,1.899999999999999911e+00,1.899999999999999911e+00,1.899999999999999911e+00,1.899999999999999911e+00,1.899999999999999911e+00,1.899999999999999911e+00,1.899999999999999911e+00,1.899999999999999911e+00,1.899999999999999911e+00,1.899999999999999911e+00,1.899999999999999911e+00,1.899999999999999911e+00,1.899999999999999911e+00,1.899999999999999911e+00,1.899999999999999911e+00,1.899999999999999911e+00,0.000000000000000000e+00,0.000000000000000000e+00,0.000000000000000000e+00,0.000000000000000000e+00,0.000000000000000000e+00,0.000000000000000000e+00,0.000000000000000000e+00,0.000000000000000000e+00,0.000000000000000000e+00,0.000000000000000000e+00,0.000000000000000000e+00,0.000000000000000000e+00,0.000000000000000000e+00,0.000000000000000000e+00,0.000000000000000000e+00,0.000000000000000000e+00,0.000000000000000000e+00,0.000000000000000000e+00,0.000000000000000000e+00,0.000000000000000000e+00,0.000000000000000000e+00,0.000000000000000000e+00,0.000000000000000000e+00,0.000000000000000000e+00,0.000000000000000000e+00,0.000000000000000000e+00,2.069999999999999840e+00,2.370000000000000107e+00,2.669999999999999929e+00,2.970000000000000195e+00,3.270000000000000018e+00,3.569999999999999840e+00,3.870000000000000107e+00,4.169999999999999929e+00,4.469999999999999751e+00,4.769999999999999574e+00,5.070000000000000284e+00,5.370000000000000107e+00,5.669999999999999929e+00,1.729999999999999982e+00,1.429999999999999938e+00,1.129999999999999893e+00,8.299999999999999600e-01,5.300000000000000266e-01,2.300000000000000100e-01,-7.000000000000000666e-02,-3.699999999999999956e-01,-6.700000000000000400e-01,-9.699999999999999734e-01,-1.270000000000000018e+00,-1.570000000000000062e+00,-1.870000000000000107e+00,2.069999999999999840e+00,2.370000000000000107e+00,2.669999999999999929e+00,2.970000000000000195e+00,3.270000000000000018e+00,3.569999999999999840e+00,3.870000000000000107e+00,4.169999999999999929e+00,4.469999999999999751e+00,4.769999999999999574e+00,5.070000000000000284e+00,5.370000000000000107e+00,5.669999999999999929e+00,1.729999999999999982e+00,1.429999999999999938e+00,1.129999999999999893e+00,8.299999999999999600e-01,5.300000000000000266e-01,2.300000000000000100e-01,-7.000000000000000666e-02,-3.699999999999999956e-01,-6.700000000000000400e-01,-9.699999999999999734e-01,-1.270000000000000018e+00,-1.570000000000000062e+00,-1.870000000000000107e+00
cd,-3.454999999999999738e-02,-9.679999999999999369e-03,-2.100000000000000087e-04,5.230000000000000274e-03,1.021999999999999992e-02,1.350999999999999944e-02,1.991000000000000061e-02,1.618999999999999953e-02,1.641000000000000097e-02,1.640000000000000138e-02,1.716000000000000164e-02,1.771000000000000005e-02,1.890999999999999973e-02,1.890999999999999973e-02,1.771000000000000005e-02,1.714999999999999858e-02,1.637999999999999873e-02,1.637999999999999873e-02,1.614000000000000157e-02,1.985999999999999918e-02,1.349000000000000025e-02,1.017999999999999981e-02,5.179999999999999709e-03,-2.799999999999999755e-04,-9.799999999999999684e-03,-3.477999999999999842e-02,1.660999999999999976e-02,1.439000000000000001e-02,1.507999999999999965e-02,1.524999999999999967e-02,1.636999999999999914e-02,1.609000000000000014e-02,1.584999999999999951e-02,1.564000000000000112e-02,1.644999999999999934e-02,1.606000000000000136e-02,1.549999999999999989e-02,1.511999999999999976e-02,1.495999999999999934e-02,1.495999999999999934e-02,1.511999999999999976e-02,1.549999999999999989e-02,1.607000000000000095e-02,1.645999999999999894e-02,1.564000000000000112e-02,1.585999999999999910e-02,1.609999999999999973e-02,1.637999999999999873e-02,1.524999999999999967e-02,1.510000000000000057e-02,1.443000000000000012e-02,1.670999999999999916e-02,4.799999999999999580e-03,5.369999999999999774e-03,5.320000000000000076e-03,5.250000000000000326e-03,5.069999999999999854e-03,4.959999999999999999e-03,4.789999999999999987e-03,4.510000000000000120e-03,4.129999999999999991e-03,3.989999999999999623e-03,3.239999999999999825e-03,2.289999999999999935e-03,-7.100000000000000191e-04,5.830000000000000113e-03,5.440000000000000391e-03,5.340000000000000129e-03,5.179999999999999709e-03,4.930000000000000354e-03,3.279999999999999930e-03,2.210000000000000159e-03,3.670000000000000085e-03,2.729999999999999788e-03,1.729999999999999984e-03,-6.300000000000000261e-04,-3.930000000000000333e-03,-1.362000000000000016e-02,4.789999999999999987e-03,5.369999999999999774e-03,5.320000000000000076e-03,5.250000000000000326e-03,5.069999999999999854e-03,4.959999999999999999e-03,4.789999999999999987e-03,4.510000000000000120e-03,4.129999999999999991e-03,3.989999999999999623e-03,3.239999999999999825e-03,2.289999999999999935e-03,-7.100000000000000191e-04,5.839999999999999705e-03,5.440000000000000391e-03,5.340000000000000129e-03,5.179999999999999709e-03,4.930000000000000354e-03,3.259999999999999877e-03,2.190000000000000106e-03,3.690000000000000138e-03,2.729999999999999788e-03,1.719999999999999958e-03,-6.599999999999999964e-04,-3.969999999999999571e-03,-1.370999999999999996e-02
cd*c/cref,-2.450832020196472977e-03,-1.785973043101704441e-03,-6.249624826314913964e-05,2.147962683511890104e-03,5.353237601196107059e-03,8.604518884495159642e-03,1.493249654020006000e-02,1.397358351168129925e-02,1.601943372580312205e-02,1.786450902119809600e-02,2.063315774950005843e-02,2.329747498204935707e-02,2.701479082372779811e-02,2.701479082372779811e-02,2.329747498204935707e-02,2.062113376479755150e-02,1.784272303458687634e-02,1.599014774092962290e-02,1.393042852863101908e-02,1.489499654888865737e-02,8.591780884666151349e-03,5.332285594929194426e-03,2.127427667417129686e-03,-8.332833101753217716e-05,-1.808113204793047836e-03,-2.467147255063193486e-03,2.259344323599554206e-03,2.171272455682934227e-03,2.499540866649474589e-03,2.754391043931639707e-03,3.200011865150169822e-03,3.384435279324541235e-03,3.569554316600019161e-03,3.754740603628219792e-03,4.193708516286256786e-03,4.333006345457288133e-03,4.412305974905936408e-03,4.528883862631171396e-03,4.703331403305976988e-03,4.703331403305976988e-03,4.528883862631171396e-03,4.412305974905936408e-03,4.335704356880362188e-03,4.196257883165457545e-03,3.754740603628219792e-03,3.571806401342353301e-03,3.386538719523002512e-03,3.201966667755637343e-03,2.754391043931639707e-03,2.502855907586675529e-03,2.177307959381844654e-03,2.272946637408100341e-03,2.542083192288416629e-03,2.618803816310515120e-03,2.371368495975788651e-03,2.120045847996791365e-03,1.834785117056275065e-03,1.587015758337405238e-03,1.331788384664415103e-03,1.064844609628218253e-03,8.019623721125180215e-04,6.074856794518813160e-04,3.574508903033154876e-04,1.566299150533097706e-04,-1.879344559929434506e-05,3.087571877300306512e-03,2.652940923785698877e-03,2.380283415133592397e-03,2.091778570023500490e-03,1.784120439267739087e-03,1.049478162771509985e-03,6.144576889579034251e-04,8.665143497418094929e-04,5.301107205489525133e-04,2.633960464791365629e-04,-6.950433978120023671e-05,-2.688015572748940810e-04,-3.605165198061816749e-04,2.536787185637815866e-03,2.618803816310515120e-03,2.371368495975788651e-03,2.120045847996791365e-03,1.834785117056275065e-03,1.587015758337405238e-03,1.331788384664415103e-03,1.064844609628218253e-03,8.019623721125180215e-04,6.074856794518813160e-04,3.574508903033154876e-04,1.566299150533097706e-04,-1.879344559929434506e-05,3.092867883950906841e-03,2.652940923785698877e-03,2.380283415133592397e-03,2.091778570023500490e-03,1.784120439267739087e-03,1.043078905681439801e-03,6.088969858904111311e-04,8.712364987867240052e-04,5.301107205489525133e-04,2.618735259792571426e-04,-7.281407024697167591e-05,-2.715374509876156053e-04,-3.628987875582048565e-04
cdi,-4.542999999999999816e-02,-1.791999999999999843e-02,-7.530000000000000235e-03,-1.559999999999999972e-03,3.769999999999999914e-03,7.289999999999999605e-03,1.370000000000000037e-02,1.037000000000000074e-02,1.080000000000000057e-02,1.093000000000000048e-02,1.180999999999999932e-02,1.246000000000000059e-02,1.375000000000000007e-02,1.375000000000000007e-02,1.246000000000000059e-02,1.179999999999999973e-02,1.090999999999999956e-02,1.077000000000000006e-02,1.033000000000000064e-02,1.365000000000000067e-02,7.270000000000000420e-03,3.720000000000000216e-03,-1.610000000000000103e-03,-7.599999999999999985e-03,-1.805000000000000007e-02,-4.567000000000000226e-02,9.870000000000000301e-03,7.740000000000000352e-03,8.500000000000000611e-03,8.720000000000000320e-03,9.910000000000000406e-03,9.690000000000000696e-03,9.509999999999999357e-03,9.350000000000000672e-03,1.021999999999999992e-02,9.879999999999999893e-03,9.360000000000000264e-03,9.029999999999999832e-03,8.909999999999999518e-03,8.920000000000000845e-03,9.029999999999999832e-03,9.369999999999999857e-03,9.879999999999999893e-03,1.021999999999999992e-02,9.360000000000000264e-03,9.520000000000000684e-03,9.700000000000000289e-03,9.919999999999999998e-03,8.729999999999999913e-03,8.510000000000000203e-03,7.769999999999999997e-03,9.969999999999999696e-03,-7.900000000000000121e-04,-2.900000000000000017e-04,-4.000000000000000192e-04,-5.500000000000000331e-04,-8.199999999999999824e-04,-1.030000000000000100e-03,-1.309999999999999967e-03,-1.729999999999999984e-03,-2.299999999999999961e-03,-2.670000000000000064e-03,-3.729999999999999809e-03,-5.210000000000000221e-03,-9.490000000000000172e-03,2.400000000000000061e-04,-2.100000000000000087e-04,-3.800000000000000209e-04,-6.199999999999999999e-04,-9.600000000000000243e-04,-2.710000000000000169e-03,-3.939999999999999926e-03,-2.619999999999999933e-03,-3.739999999999999835e-03,-4.969999999999999592e-03,-7.669999999999999735e-03,-1.150999999999999940e-02,-2.256000000000000019e-02,-8.000000000000000383e-04,-2.900000000000000017e-04,-4.000000000000000192e-04,-5.500000000000000331e-04,-8.199999999999999824e-04,-1.030000000000000100e-03,-1.309999999999999967e-03,-1.729999999999999984e-03,-2.299999999999999961e-03,-2.670000000000000064e-03,-3.729999999999999809e-03,-5.210000000000000221e-03,-9.490000000000000172e-03,2.500000000000000052e-04,-2.100000000000000087e-04,-3.800000000000000209e-04,-6.099999999999999737e-04,-9.499999999999999981e-04,-2.729999999999999788e-03,-3.959999999999999978e-03,-2.609999999999999907e-03,-3.739999999999999835e-03,-4.989999999999999644e-03,-7.700000000000000247e-03,-1.156000000000000083e-02,-2.264999999999999999e-02
cdi*c/cref,-3.222613565196115210e-03,-3.306264145907287285e-03,-2.240936902007204835e-03,-6.406925021565101647e-04,1.974726590656489429e-03,4.643000937673553812e-03,1.027499761932399933e-02,8.950343484628479201e-03,1.054295455445909344e-02,1.190604168303019406e-02,1.420032593365942036e-02,1.639110888065132762e-02,1.964322442232983509e-02,1.964322442232983509e-02,1.639110888065132762e-02,1.418830194895691517e-02,1.188425569641897439e-02,1.051366856958559429e-02,8.915819498188254713e-03,1.023749762801259670e-02,4.630262937844546386e-03,1.948536582822849072e-03,-6.612275182512701490e-04,-2.261768984761588185e-03,-3.330249321072909548e-03,-3.239638158100519201e-03,1.342548372903527984e-03,1.167869965739118214e-03,1.408892398310380469e-03,1.574969829710419576e-03,1.937209382018215522e-03,2.038233552309186205e-03,2.141732589960011323e-03,2.244681882603826936e-03,2.605452950543801945e-03,2.665635285997385029e-03,2.664463479039971914e-03,2.704750084626949668e-03,2.801248850498412688e-03,2.804392788602227092e-03,2.704750084626949668e-03,2.667310128056040158e-03,2.665635285997385029e-03,2.605452950543801945e-03,2.247082611890034373e-03,2.143984674702346330e-03,2.040336992507647482e-03,1.939164184623682827e-03,1.576775987772014017e-03,1.410549918778980722e-03,1.172396593513300818e-03,1.356150686712074335e-03,-4.183845253974686389e-04,-1.414251595400464387e-04,-1.782983831560743524e-04,-2.221000412187114728e-04,-2.967502556185691478e-04,-3.295617401386144300e-04,-3.642260509207481873e-04,-4.084658923851036379e-04,-4.466134275687145931e-04,-4.065129734678003337e-04,-4.115098212442489900e-04,-3.563501560819842665e-04,-2.511968996300046860e-04,1.271041596144208369e-04,-1.024113224255508774e-04,-1.693834639982706334e-04,-2.503673191920020229e-04,-3.474149334071053425e-04,-8.670993357045098451e-04,-1.095458504295990709e-03,-6.186015248837986244e-04,-7.262322691769533458e-04,-7.566926884400627679e-04,-8.461877557488980137e-04,-7.872534158356312480e-04,-5.971551165071555239e-04,-4.236805320480695105e-04,-1.414251595400464387e-04,-1.782983831560743524e-04,-2.221000412187114728e-04,-2.967502556185691478e-04,-3.295617401386144300e-04,-3.642260509207481873e-04,-4.084658923851036379e-04,-4.466134275687145931e-04,-4.065129734678003337e-04,-4.115098212442489900e-04,-3.563501560819842665e-04,-2.511968996300046860e-04,1.324001662650217085e-04,-1.024113224255508774e-04,-1.693834639982706334e-04,-2.463291366243890407e-04,-3.437960278507813596e-04,-8.734985927945799209e-04,-1.101019207363483111e-03,-6.162404503613413140e-04,-7.262322691769533458e-04,-7.597377294398216085e-04,-8.494974862146694936e-04,-7.906732829765332482e-04,-5.995373842591787596e-04
cdo,1.088000000000000078e-02,8.240000000000000796e-03,7.320000000000000118e-03,6.799999999999999621e-03,6.459999999999999597e-03,6.230000000000000294e-03,6.210000000000000242e-03,5.810000000000000060e-03,5.610000000000000403e-03,5.470000000000000036e-03,5.349999999999999721e-03,5.250000000000000326e-03,5.159999999999999656e-03,5.159999999999999656e-03,5.250000000000000326e-03,5.349999999999999721e-03,5.470000000000000036e-03,5.610000000000000403e-03,5.810000000000000060e-03,6.210000000000000242e-03,6.230000000000000294e-03,6.459999999999999597e-03,6.799999999999999621e-03,7.320000000000000118e-03,8.250000000000000389e-03,1.089000000000000037e-02,6.740000000000000331e-03,6.660000000000000121e-03,6.590000000000000371e-03,6.519999999999999754e-03,6.459999999999999597e-03,6.400000000000000307e-03,6.340000000000000149e-03,6.289999999999999584e-03,6.239999999999999887e-03,6.190000000000000190e-03,6.139999999999999625e-03,6.089999999999999927e-03,6.049999999999999822e-03,6.049999999999999822e-03,6.089999999999999927e-03,6.139999999999999625e-03,6.190000000000000190e-03,6.239999999999999887e-03,6.289999999999999584e-03,6.340000000000000149e-03,6.400000000000000307e-03,6.459999999999999597e-03,6.519999999999999754e-03,6.590000000000000371e-03,6.660000000000000121e-03,6.740000000000000331e-03,5.590000000000000351e-03,5.649999999999999641e-03,5.720000000000000258e-03,5.799999999999999600e-03,5.890000000000000270e-03,5.989999999999999665e-03,6.109999999999999980e-03,6.250000000000000347e-03,6.420000000000000359e-03,6.649999999999999661e-03,6.980000000000000093e-03,7.499999999999999722e-03,8.779999999999999610e-03,5.590000000000000351e-03,5.649999999999999641e-03,5.720000000000000258e-03,5.799999999999999600e-03,5.879999999999999810e-03,5.989999999999999665e-03,6.159999999999999677e-03,6.289999999999999584e-03,6.470000000000000057e-03,6.700000000000000226e-03,7.029999999999999791e-03,7.579999999999999932e-03,8.940000000000000030e-03,5.590000000000000351e-03,5.649999999999999641e-03,5.720000000000000258e-03,5.799999999999999600e-03,5.890000000000000270e-03,5.989999999999999665e-03,6.109999999999999980e-03,6.250000000000000347e-03,6.420000000000000359e-03,6.649999999999999661e-03,6.980000000000000093e-03,7.499999999999999722e-03,8.779999999999999610e-03,5.590000000000000351e-03,5.649999999999999641e-03,5.720000000000000258e-03,5.799999999999999600e-03,5.879999999999999810e-03,5.989999999999999665e-03,6.159999999999999677e-03,6.289999999999999584e-03,6.470000000000000057e-03,6.700000000000000226e-03,7.029999999999999791e-03,7.579999999999999932e-03,8.940000000000000030e-03
cdo*c/cref,7.717815449996420166e-04,1.520291102805583277e-03,2.178440653744055655e-03,2.792762188887351789e-03,3.383749012106345138e-03,3.967886946736110844e-03,4.657498920876060669e-03,5.014609030442764362e-03,5.476479171344028618e-03,5.958467338167901077e-03,6.432831815840635466e-03,6.906366101398031185e-03,7.371566401397960412e-03,7.371566401397960412e-03,6.906366101398031185e-03,6.432831815840635466e-03,5.958467338167901077e-03,5.476479171344028618e-03,5.014609030442764362e-03,4.657498920876060669e-03,3.967886946736110844e-03,3.383749012106345138e-03,2.792762188887351789e-03,2.178440653744055655e-03,1.522136116279861930e-03,7.724909030373254982e-04,9.167959506960262229e-04,1.004911365868543620e-03,1.092305988807695024e-03,1.177615056159625473e-03,1.262802483131954734e-03,1.346201727015355031e-03,1.427821726640007838e-03,1.510058721024392639e-03,1.590804932621656034e-03,1.670069070882977159e-03,1.747842495865964494e-03,1.824133778004221945e-03,1.902082552807564083e-03,1.902082552807564083e-03,1.824133778004221945e-03,1.747842495865964494e-03,1.670069070882977159e-03,1.590804932621656034e-03,1.510058721024392639e-03,1.427821726640007838e-03,1.346201727015355031e-03,1.262802483131954734e-03,1.177615056159625473e-03,1.092305988807695024e-03,1.004911365868543620e-03,9.167959506960262229e-04,2.960467717685885593e-03,2.755352246211249714e-03,2.549666879131863139e-03,2.342145889215502350e-03,2.131535372674844483e-03,1.916577498476019614e-03,1.698794787118909329e-03,1.475671576535779201e-03,1.246634002170064412e-03,1.012476132419802338e-03,7.700639550361549528e-04,5.129800711352940643e-04,2.324034540307103307e-04,2.960467717685885593e-03,2.755352246211249714e-03,2.549666879131863139e-03,2.342145889215502350e-03,2.127916467118520175e-03,1.916577498476019614e-03,1.712696544787640227e-03,1.485115874625608009e-03,1.256342989725905968e-03,1.020088734919199439e-03,7.755801724791073831e-04,5.184518585607372212e-04,2.366385967009738489e-04,2.960467717685885593e-03,2.755352246211249714e-03,2.549666879131863139e-03,2.342145889215502350e-03,2.131535372674844483e-03,1.916577498476019614e-03,1.698794787118909329e-03,1.475671576535779201e-03,1.246634002170064412e-03,1.012476132419802338e-03,7.700639550361549528e-04,5.129800711352940643e-04,2.324034540307103307e-04,2.960467717685885593e-03,2.755352246211249714e-03,2.549666879131863139e-03,2.342145889215502350e-03,2.127916467118520175e-03,1.916577498476019614e-03,1.712696544787640227e-03,1.485115874625608009e-03,1.256342989725905968e-03,1.020088734919199439e-03,7.755801724791073831e-04,5.184518585607372212e-04,2.366385967009738489e-04
cl,7.614999999999999547e-01,5.436699999999999866e-01,4.571200000000000263e-01,4.053300000000000236e-01,3.711099999999999954e-01,3.504900000000000237e-01,3.712900000000000089e-01,2.984100000000000086e-01,2.647399999999999753e-01,2.402199999999999891e-01,2.207600000000000118e-01,2.035599999999999909e-01,1.882900000000000129e-01,1.882999999999999952e-01,2.035800000000000110e-01,2.207899999999999863e-01,2.402499999999999913e-01,2.647800000000000153e-01,2.984600000000000031e-01,3.713500000000000134e-01,3.506500000000000172e-01,3.713600000000000234e-01,4.056699999999999751e-01,4.575699999999999767e-01,5.443900000000000405e-01,7.626899999999999791e-01,1.125199999999999950e-01,9.041000000000000425e-02,1.018000000000000016e-01,1.103999999999999981e-01,1.150599999999999956e-01,1.167699999999999988e-01,1.169899999999999968e-01,1.167300000000000004e-01,1.145499999999999990e-01,1.119499999999999940e-01,1.087199999999999972e-01,1.053700000000000053e-01,1.016100000000000059e-01,1.016100000000000059e-01,1.053700000000000053e-01,1.087199999999999972e-01,1.119600000000000040e-01,1.145599999999999952e-01,1.167699999999999988e-01,1.170599999999999974e-01,1.168700000000000017e-01,1.152699999999999975e-01,1.107199999999999990e-01,1.022499999999999937e-01,9.093999999999999306e-02,1.137800000000000061e-01,-8.049999999999999864e-03,-8.199999999999999824e-04,1.000000000000000082e-05,6.099999999999999737e-04,1.270000000000000078e-03,1.920000000000000049e-03,2.850000000000000103e-03,3.989999999999999623e-03,5.629999999999999588e-03,6.879999999999999831e-03,9.860000000000000708e-03,1.507000000000000006e-02,3.361000000000000099e-02,3.449999999999999942e-03,-3.899999999999999929e-04,-4.499999999999999877e-04,-1.129999999999999928e-03,-1.850000000000000082e-03,-1.867999999999999869e-02,-2.157999999999999849e-02,-4.150000000000000043e-03,-6.839999999999999726e-03,-9.270000000000000462e-03,-1.400000000000000029e-02,-2.191999999999999851e-02,-4.855000000000000288e-02,-8.229999999999999469e-03,-8.199999999999999824e-04,1.000000000000000082e-05,5.999999999999999474e-04,1.270000000000000078e-03,1.920000000000000049e-03,2.850000000000000103e-03,3.989999999999999623e-03,5.629999999999999588e-03,6.879999999999999831e-03,9.849999999999999381e-03,1.506000000000000047e-02,3.359000000000000180e-02,3.629999999999999980e-03,-3.899999999999999929e-04,-4.499999999999999877e-04,-1.129999999999999928e-03,-1.850000000000000082e-03,-1.898999999999999994e-02,-2.190999999999999892e-02,-4.120000000000000398e-03,-6.839999999999999726e-03,-9.289999999999999647e-03,-1.404999999999999999e-02,-2.199999999999999872e-02,-4.875000000000000167e-02
cl*c/cref,5.401761456959809637e-02,1.003078475561057503e-01,1.360394524097654212e-01,1.664691614737809633e-01,1.943874761428460995e-01,2.232270780034573687e-01,2.784674354802049168e-01,2.575575698406928349e-01,2.584390545136573958e-01,2.616714851873296332e-01,2.654414862925194019e-01,2.677828349715396516e-01,2.689907437440353100e-01,2.690050297254333311e-01,2.678091449376402422e-01,2.654775582466268880e-01,2.617041641672464558e-01,2.584781024934887372e-01,2.576007248237430769e-01,2.785124354697786075e-01,2.233289820020894212e-01,1.945184261820143146e-01,1.666087995832253033e-01,1.361733729417578531e-01,1.004406885262538185e-01,5.410202817608243675e-02,1.530532349737638749e-02,1.364174723546171704e-02,1.687355837035255449e-02,1.993998500000347673e-02,2.249195877850816011e-02,2.456187119743484526e-02,2.634713940057011039e-02,2.802371295789782973e-02,2.920299760125171298e-02,3.020423788131652160e-02,3.094876810269505882e-02,3.156140824110096471e-02,3.194555507285563867e-02,3.194555507285563867e-02,3.156140824110096471e-02,3.094876810269505882e-02,3.020693589273959825e-02,2.920554696813091461e-02,2.803331587504265948e-02,2.636290399376645111e-02,2.458290559941946063e-02,2.253300963322297720e-02,1.999778205797449887e-02,1.694814679143957434e-02,1.372171765947227499e-02,1.547671265136407390e-02,-4.263285353733698921e-03,-3.998918304235796022e-04,4.457459578901858641e-06,2.463291366243890407e-04,4.596010056531498432e-04,6.143286806467375709e-04,7.924001871176582440e-04,9.420687344604412568e-04,1.093231998787766533e-03,1.047494103917028570e-03,1.087798079750213224e-03,1.030747956267850755e-03,8.896446571722294852e-04,1.827122294457299507e-03,-1.901924559331658938e-04,-2.005856810505836092e-04,-4.563146301402617295e-04,-6.694975279199425876e-04,-5.976906122125550704e-03,-5.999998609824233088e-03,-9.798459268197572472e-04,-1.328189497639133913e-03,-1.411376503388205679e-03,-1.544540884026671806e-03,-1.499269754571419359e-03,-1.285101104008085212e-03,-4.358613473444514393e-03,-3.998918304235796022e-04,4.457459578901858641e-06,2.422909540567761127e-04,4.596010056531498432e-04,6.143286806467375709e-04,7.924001871176582440e-04,9.420687344604412568e-04,1.093231998787766533e-03,1.047494103917028570e-03,1.086694836261622695e-03,1.030063982839670442e-03,8.891152643384465318e-04,1.922450414168115195e-03,-1.901924559331658938e-04,-2.005856810505836092e-04,-4.563146301402617295e-04,-6.694975279199425876e-04,-6.076094607021638450e-03,-6.091750210437856319e-03,-9.727627032523856413e-04,-1.328189497639133913e-03,-1.414421544387964519e-03,-1.550057101469624237e-03,-1.504741541996862516e-03,-1.290395032345914529e-03
cli,7.624499999999999611e-01,5.443900000000000405e-01,4.577600000000000002e-01,4.059200000000000030e-01,3.716700000000000004e-01,3.510400000000000187e-01,3.718299999999999939e-01,2.989100000000000090e-01,2.652300000000000213e-01,2.406999999999999973e-01,2.212300000000000100e-01,2.040200000000000069e-01,1.887399999999999911e-01,1.887500000000000011e-01,2.040399999999999991e-01,2.212500000000000022e-01,2.407299999999999995e-01,2.652700000000000058e-01,2.989700000000000135e-01,3.718899999999999983e-01,3.512000000000000122e-01,3.719199999999999728e-01,4.062600000000000100e-01,4.582100000000000062e-01,5.451200000000000490e-01,7.636399999999999855e-01,1.131100000000000022e-01,9.099999999999999756e-02,1.023799999999999988e-01,1.109699999999999992e-01,1.156200000000000006e-01,1.173300000000000037e-01,1.175500000000000017e-01,1.172799999999999954e-01,1.150899999999999979e-01,1.124900000000000067e-01,1.092599999999999960e-01,1.058999999999999941e-01,1.021399999999999947e-01,1.021399999999999947e-01,1.058999999999999941e-01,1.092599999999999960e-01,1.125000000000000028e-01,1.151100000000000040e-01,1.173199999999999937e-01,1.176200000000000023e-01,1.174300000000000066e-01,1.158399999999999985e-01,1.112900000000000000e-01,1.028300000000000047e-01,9.152000000000000413e-02,1.143699999999999994e-01,-7.570000000000000340e-03,-3.200000000000000262e-04,5.100000000000000366e-04,1.110000000000000092e-03,1.789999999999999925e-03,2.439999999999999895e-03,3.380000000000000192e-03,4.539999999999999765e-03,6.190000000000000190e-03,7.459999999999999618e-03,1.047000000000000014e-02,1.573000000000000093e-02,3.438000000000000084e-02,3.939999999999999926e-03,1.100000000000000039e-04,5.000000000000000240e-05,-6.199999999999999999e-04,-1.330000000000000019e-03,-1.814999999999999947e-02,-2.103999999999999967e-02,-3.599999999999999901e-03,-6.279999999999999992e-03,-8.680000000000000215e-03,-1.337999999999999953e-02,-2.125000000000000153e-02,-4.775999999999999690e-02,-7.740000000000000352e-03,-3.200000000000000262e-04,5.100000000000000366e-04,1.110000000000000092e-03,1.789999999999999925e-03,2.439999999999999895e-03,3.380000000000000192e-03,4.539999999999999765e-03,6.190000000000000190e-03,7.459999999999999618e-03,1.046000000000000055e-02,1.572000000000000133e-02,3.436000000000000165e-02,4.120000000000000398e-03,1.000000000000000048e-04,5.000000000000000240e-05,-6.199999999999999999e-04,-1.330000000000000019e-03,-1.846000000000000071e-02,-2.137999999999999970e-02,-3.569999999999999823e-03,-6.279999999999999992e-03,-8.699999999999999400e-03,-1.342999999999999923e-02,-2.134000000000000133e-02,-4.796999999999999875e-02
cli*c/cref,5.408500358317803319e-02,1.004406885262538185e-01,1.362299171663769182e-01,1.667114746636991218e-01,1.946808042305828712e-01,2.235773729987551028e-01,2.788724353863680228e-01,2.579891196711956436e-01,2.589173922665912175e-01,2.621943488659988497e-01,2.660066135735371651e-01,2.683879641918526238e-01,2.696336129069478726e-01,2.696478988883459493e-01,2.684142741579531588e-01,2.660306615429421928e-01,2.622270278459156723e-01,2.589564402464225590e-01,2.580409056508559673e-01,2.789174353759417135e-01,2.236792769973871553e-01,1.948117542697510585e-01,1.668511127731434895e-01,1.363638376983693778e-01,1.005753745098761642e-01,5.416941718966236663e-02,1.538557714884681259e-02,1.373077091502064064e-02,1.696969455753137915e-02,2.004293600951436230e-02,2.260142772441433440e-02,2.467966384854869064e-02,2.647325614614083611e-02,2.815575306863923183e-02,2.934066341272858688e-02,3.034993049816253619e-02,3.110248714956274918e-02,3.172015879977784641e-02,3.211218379235778603e-02,3.211218379235778603e-02,3.172015879977784641e-02,3.110248714956274918e-02,3.035262850958560937e-02,2.934576214648699360e-02,2.816535598578406158e-02,2.648902073933717682e-02,2.470069825053330601e-02,2.264443338173461814e-02,2.010073306748538791e-02,1.704428297861840247e-02,1.380923246310647445e-02,1.555696630283449726e-02,-4.009077034504857952e-03,-1.560553484579822996e-04,2.273304385239947932e-04,4.482382650050358735e-04,6.477840945819984732e-04,7.807093649885622506e-04,9.397588184062052831e-04,1.071927833195589859e-03,1.201972659413192823e-03,1.135800292910033862e-03,1.155095932554232483e-03,1.075890202527756854e-03,9.100262812728725920e-04,2.086626620336742323e-03,5.364402603243140872e-05,2.228729789450929405e-05,-2.503673191920020229e-04,-4.813144389910939034e-04,-5.807325809238691149e-03,-5.849859627001939739e-03,-8.499868280846087538e-04,-1.219448837013707839e-03,-1.321547793895320967e-03,-1.476139787734062018e-03,-1.453443534883333164e-03,-1.264190087073658935e-03,-4.099109147565072227e-03,-1.560553484579822996e-04,2.273304385239947932e-04,4.482382650050358735e-04,6.477840945819984732e-04,7.807093649885622506e-04,9.397588184062052831e-04,1.071927833195589859e-03,1.201972659413192823e-03,1.135800292910033862e-03,1.153992689065641954e-03,1.075206229099576324e-03,9.094968884390897471e-04,2.181954740047558228e-03,4.876729639311946864e-05,2.228729789450929405e-05,-2.503673191920020229e-04,-4.813144389910939034e-04,-5.906514294134778895e-03,-5.944391579149309497e-03,-8.429036045172370395e-04,-1.219448837013707839e-03,-1.324592834895079591e-03,-1.481656005177014448e-03,-1.459599295736956634e-03,-1.269748711828379891e-03
clo,-9.499999999999999981e-04,-7.200000000000000453e-04,-6.400000000000000524e-04,-5.900000000000000296e-04,-5.599999999999999509e-04,-5.400000000000000069e-04,-5.400000000000000069e-04,-5.100000000000000366e-04,-4.899999999999999842e-04,-4.800000000000000122e-04,-4.699999999999999859e-04,-4.600000000000000139e-04,-4.499999999999999877e-04,-4.499999999999999877e-04,-4.600000000000000139e-04,-4.699999999999999859e-04,-4.800000000000000122e-04,-4.899999999999999842e-04,-5.100000000000000366e-04,-5.400000000000000069e-04,-5.400000000000000069e-04,-5.599999999999999509e-04,-5.900000000000000296e-04,-6.400000000000000524e-04,-7.200000000000000453e-04,-9.499999999999999981e-04,-5.900000000000000296e-04,-5.800000000000000034e-04,-5.800000000000000034e-04,-5.699999999999999772e-04,-5.699999999999999772e-04,-5.599999999999999509e-04,-5.500000000000000331e-04,-5.500000000000000331e-04,-5.500000000000000331e-04,-5.400000000000000069e-04,-5.400000000000000069e-04,-5.299999999999999807e-04,-5.299999999999999807e-04,-5.299999999999999807e-04,-5.299999999999999807e-04,-5.400000000000000069e-04,-5.400000000000000069e-04,-5.500000000000000331e-04,-5.500000000000000331e-04,-5.500000000000000331e-04,-5.599999999999999509e-04,-5.699999999999999772e-04,-5.699999999999999772e-04,-5.800000000000000034e-04,-5.800000000000000034e-04,-5.900000000000000296e-04,-4.899999999999999842e-04,-4.899999999999999842e-04,-5.000000000000000104e-04,-5.100000000000000366e-04,-5.199999999999999544e-04,-5.199999999999999544e-04,-5.299999999999999807e-04,-5.500000000000000331e-04,-5.599999999999999509e-04,-5.800000000000000034e-04,-6.099999999999999737e-04,-6.599999999999999964e-04,-7.699999999999999597e-04,-4.899999999999999842e-04,-4.899999999999999842e-04,-5.000000000000000104e-04,-5.100000000000000366e-04,-5.100000000000000366e-04,-5.199999999999999544e-04,-5.400000000000000069e-04,-5.500000000000000331e-04,-5.699999999999999772e-04,-5.900000000000000296e-04,-6.199999999999999999e-04,-6.599999999999999964e-04,-7.799999999999999859e-04,-4.899999999999999842e-04,-4.899999999999999842e-04,-5.000000000000000104e-04,-5.100000000000000366e-04,-5.199999999999999544e-04,-5.199999999999999544e-04,-5.299999999999999807e-04,-5.500000000000000331e-04,-5.599999999999999509e-04,-5.800000000000000034e-04,-6.099999999999999737e-04,-6.599999999999999964e-04,-7.699999999999999597e-04,-4.899999999999999842e-04,-4.899999999999999842e-04,-5.000000000000000104e-04,-5.100000000000000366e-04,-5.100000000000000366e-04,-5.199999999999999544e-04,-5.400000000000000069e-04,-5.500000000000000331e-04,-5.699999999999999772e-04,-5.900000000000000296e-04,-6.199999999999999999e-04,-6.599999999999999964e-04,-7.799999999999999859e-04
clo*c/cref,-6.738901357993196659e-05,-1.328409701480606634e-04,-1.904647566115021541e-04,-2.423131899181673156e-04,-2.933280877367729599e-04,-3.439259953832262263e-04,-4.049999061631357009e-04,-4.401808271128760503e-04,-4.783377529337921484e-04,-5.228636786692125553e-04,-5.651272810177754681e-04,-6.051292203129702727e-04,-6.428691629126127762e-04,-6.428691629126127762e-04,-6.051292203129702727e-04,-5.651272810177754681e-04,-5.228636786692125553e-04,-4.783377529337921484e-04,-4.401808271128760503e-04,-4.049999061631357009e-04,-3.439259953832262263e-04,-2.933280877367729599e-04,-2.423131899181673156e-04,-1.904647566115021541e-04,-1.328409701480606634e-04,-6.738901357993196659e-05,-8.025365147042366038e-05,-8.751480363419749384e-05,-9.613618717882594885e-05,-1.029510095108875041e-04,-1.114237485116430687e-04,-1.177926511138435597e-04,-1.238646608283918500e-04,-1.320401107414015797e-04,-1.402151783560754718e-04,-1.456926168460109295e-04,-1.537190468676906873e-04,-1.587505586768863113e-04,-1.666287195021502331e-04,-1.666287195021502331e-04,-1.587505586768863113e-04,-1.537190468676906873e-04,-1.456926168460109295e-04,-1.402151783560754718e-04,-1.320401107414015797e-04,-1.238646608283918500e-04,-1.177926511138435597e-04,-1.114237485116430687e-04,-1.029510095108875041e-04,-9.613618717882594885e-05,-8.751480363419749384e-05,-8.025365147042366038e-05,-2.595043258794425454e-04,-2.389597523262853760e-04,-2.228729789450929202e-04,-2.059473109482597337e-04,-1.881830889288487114e-04,-1.663806843418247339e-04,-1.473586312885469577e-04,-1.298590987351485747e-04,-1.087406606254261545e-04,-8.830618899300531868e-05,-6.729785280401927273e-05,-4.514224625990587522e-05,-2.038162410064316100e-05,-2.595043258794425454e-04,-2.389597523262853760e-04,-2.228729789450929202e-04,-2.059473109482597337e-04,-1.845641833725247284e-04,-1.663806843418247339e-04,-1.501389828222931318e-04,-1.298590987351485747e-04,-1.106824581365944927e-04,-8.982870949288472540e-05,-6.840109629260974794e-05,-4.514224625990587522e-05,-2.064632051753463089e-05,-2.595043258794425454e-04,-2.389597523262853760e-04,-2.228729789450929202e-04,-2.059473109482597337e-04,-1.881830889288487114e-04,-1.663806843418247339e-04,-1.473586312885469577e-04,-1.298590987351485747e-04,-1.087406606254261545e-04,-8.830618899300531868e-05,-6.729785280401927273e-05,-4.514224625990587522e-05,-2.038162410064316100e-05,-2.595043258794425454e-04,-2.389597523262853760e-04,-2.228729789450929202e-04,-2.059473109482597337e-04,-1.845641833725247284e-04,-1.663806843418247339e-04,-1.501389828222931318e-04,-1.298590987351485747e-04,-1.106824581365944927e-04,-8.982870949288472540e-05,-6.840109629260974794e-05,-4.514224625990587522e-05,-2.064632051753463089e-05
cmx,1.113002999999999965e+01,2.844969999999999999e+00,1.360610000000000097e+00,7.929500000000000437e-01,5.107599999999999918e-01,3.517799999999999816e-01,2.748200000000000087e-01,1.612500000000000044e-01,1.035200000000000009e-01,6.529999999999999694e-02,3.871000000000000135e-02,1.942999999999999935e-02,5.380000000000000233e-03,-5.380000000000000233e-03,-1.942999999999999935e-02,-3.871999999999999748e-02,-6.529999999999999694e-02,-1.035299999999999970e-01,-1.612699999999999967e-01,-2.748399999999999732e-01,-3.519100000000000006e-01,-5.110700000000000243e-01,-7.935799999999999521e-01,-1.361869999999999914e+00,-2.848590000000000177e+00,-1.114667000000000030e+01,4.566899999999999848e-01,3.011199999999999988e-01,2.815099999999999825e-01,2.532599999999999851e-01,2.182699999999999918e-01,1.815700000000000092e-01,1.472299999999999998e-01,1.165800000000000031e-01,8.822000000000000675e-02,6.336999999999999578e-02,4.166000000000000258e-02,2.301999999999999880e-02,7.049999999999999843e-03,-7.049999999999999843e-03,-2.301999999999999880e-02,-4.166000000000000258e-02,-6.336999999999999578e-02,-8.823000000000000287e-02,-1.166200000000000014e-01,-1.473099999999999965e-01,-1.817300000000000026e-01,-2.186700000000000033e-01,-2.539799999999999836e-01,-2.827399999999999913e-01,-3.028500000000000081e-01,-4.618099999999999983e-01,-1.401999999999999948e-02,5.559999999999999838e-03,1.430999999999999980e-02,2.325999999999999943e-02,3.499000000000000027e-02,4.993999999999999828e-02,7.131999999999999451e-02,1.029700000000000060e-01,1.547199999999999964e-01,2.372900000000000009e-01,4.113600000000000034e-01,8.782100000000000461e-01,3.833779999999999966e+00,1.670000000000000043e-03,-5.290000000000000431e-03,-4.839999999999999684e-03,-5.619999999999999996e-03,-6.590000000000000371e-03,-3.520999999999999824e-02,-4.130000000000000338e-02,2.949999999999999931e-03,9.379999999999999449e-03,2.540999999999999856e-02,5.104999999999999816e-02,1.179899999999999977e-01,3.449900000000000189e-01,1.416000000000000071e-02,-5.590000000000000351e-03,-1.433000000000000072e-02,-2.326999999999999902e-02,-3.499000000000000027e-02,-4.993000000000000216e-02,-7.127000000000000002e-02,-1.028899999999999954e-01,-1.546099999999999974e-01,-2.371199999999999974e-01,-4.110199999999999965e-01,-8.774899999999999922e-01,-3.830729999999999968e+00,-1.930000000000000075e-03,5.230000000000000274e-03,4.819999999999999632e-03,5.610000000000000403e-03,6.590000000000000371e-03,3.576000000000000012e-02,4.195999999999999730e-02,-3.079999999999999839e-03,-9.490000000000000172e-03,-2.552000000000000102e-02,-5.113999999999999796e-02,-1.180500000000000022e-01,-3.437500000000000000e-01
cmx*c/cref,7.895176240158423564e-01,5.249007983918446696e-01,4.049191445205874151e-01,3.256648202467979369e-01,2.675361680222038685e-01,2.240486789924283628e-01,2.061149522439869597e-01,1.391748203371593329e-01,1.010561718034819617e-01,7.113124628562411678e-02,4.654484478340018688e-02,2.556013206669785487e-02,7.685857992155238107e-03,-7.685857992155238107e-03,-2.556013206669785487e-02,-4.655686876810269381e-02,-7.113124628562411678e-02,-1.010659337984397971e-01,-1.391920823303794408e-01,-2.061299522405115048e-01,-2.241314759913169419e-01,-2.676985460707724251e-01,-3.259235614495918920e-01,-4.052941220101662911e-01,-5.255686932695335933e-01,-7.906979957905477807e-01,6.212040693225046734e-02,4.543527184539577352e-02,4.666085871157119036e-02,4.574275906794275648e-02,4.266747646953742562e-02,3.819216368346532026e-02,3.315744366138932697e-02,2.798770201860472165e-02,2.249051460831450258e-02,1.709729838802168805e-02,1.185913980094072985e-02,6.895165774984759501e-03,2.216476363188979535e-03,-2.216476363188979535e-03,-6.895165774984759501e-03,-1.185913980094072985e-02,-1.709729838802168805e-02,-2.249306397519370421e-02,-2.799730493574955140e-02,-3.317546033932800009e-02,-3.822581872664070068e-02,-4.274566857375611956e-02,-4.587280244837756149e-02,-4.686473372920904601e-02,-4.569630738037364082e-02,-6.281684539924804744e-02,-7.425001324142417418e-03,2.711461679457442212e-03,6.378624657408559287e-03,9.392812652267688162e-03,1.266255054157772522e-02,1.597894495390524486e-02,1.982946713867767691e-02,2.431198435774226813e-02,3.004349109279631433e-02,3.612788894163833364e-02,4.538302414665797840e-02,6.006723043623021091e-02,1.014787829150178428e-01,8.844331106503450137e-04,-2.579789979196019708e-03,-2.157410436188499179e-03,-2.269458602998469972e-03,-2.384858761617525240e-03,-1.126589210706855672e-02,-1.148285183437167990e-02,6.965169841248876987e-04,1.821406065475888189e-03,3.868724590193560291e-03,5.632058009254399880e-03,8.070202479100445359e-03,9.131761686338810829e-03,7.499145417250829837e-03,-2.726091868375378046e-03,-6.387539576566363467e-03,-9.396850834835301577e-03,-1.266255054157772522e-02,-1.597574532536021052e-02,-1.981556538100894688e-02,-2.429309576156260878e-02,-3.002213132017346464e-02,-3.610200609314038328e-02,-4.534551386804590301e-02,-6.001798434940121968e-02,-1.013980505078659472e-01,-1.022129283565967675e-03,2.550529601360148040e-03,2.148495517030695433e-03,2.265420420430856990e-03,2.384858761617525240e-03,1.144187167704548667e-02,1.166635503559892637e-02,-7.272109529168318664e-04,-1.842765838098739829e-03,-3.885472315692234131e-03,-5.641987200651714211e-03,-8.074306319669528539e-03,-9.098939330644269241e-03
cmxi,1.113002999999999965e+01,2.844969999999999999e+00,1.360610000000000097e+00,7.929500000000000437e-01,5.107599999999999918e-01,3.517799999999999816e-01,2.748200000000000087e-01,1.612500000000000044e-01,1.035200000000000009e-01,6.529999999999999694e-02,3.871000000000000135e-02,1.942999999999999935e-02,5.380000000000000233e-03,-5.380000000000000233e-03,-1.942999999999999935e-02,-3.871999999999999748e-02,-6.529999999999999694e-02,-1.035299999999999970e-01,-1.612699999999999967e-01,-2.748399999999999732e-01,-3.519100000000000006e-01,-5.110700000000000243e-01,-7.935799999999999521e-01,-1.361869999999999914e+00,-2.848590000000000177e+00,-1.114667000000000030e+01,4.566899999999999848e-01,3.011199999999999988e-01,2.815099999999999825e-01,2.532599999999999851e-01,2.182699999999999918e-01,1.815700000000000092e-01,1.472299999999999998e-01,1.165800000000000031e-01,8.822000000000000675e-02,6.336999999999999578e-02,4.166000000000000258e-02,2.301999999999999880e-02,7.049999999999999843e-03,-7.049999999999999843e-03,-2.301999999999999880e-02,-4.166000000000000258e-02,-6.336999999999999578e-02,-8.823000000000000287e-02,-1.166200000000000014e-01,-1.473099999999999965e-01,-1.817300000000000026e-01,-2.186700000000000033e-01,-2.539799999999999836e-01,-2.827399999999999913e-01,-3.028500000000000081e-01,-4.618099999999999983e-01,-1.401999999999999948e-02,5.559999999999999838e-03,1.430999999999999980e-02,2.325999999999999943e-02,3.499000000000000027e-02,4.993999999999999828e-02,7.131999999999999451e-02,1.029700000000000060e-01,1.547199999999999964e-01,2.372900000000000009e-01,4.113600000000000034e-01,8.782100000000000461e-01,3.833779999999999966e+00,1.670000000000000043e-03,-5.290000000000000431e-03,-4.839999999999999684e-03,-5.619999999999999996e-03,-6.590000000000000371e-03,-3.520999999999999824e-02,-4.130000000000000338e-02,2.949999999999999931e-03,9.379999999999999449e-03,2.540999999999999856e-02,5.104999999999999816e-02,1.179899999999999977e-01,3.449900000000000189e-01,1.416000000000000071e-02,-5.590000000000000351e-03,-1.433000000000000072e-02,-2.326999999999999902e-02,-3.499000000000000027e-02,-4.993000000000000216e-02,-7.127000000000000002e-02,-1.028899999999999954e-01,-1.546099999999999974e-01,-2.371199999999999974e-01,-4.110199999999999965e-01,-8.774899999999999922e-01,-3.830729999999999968e+00,-1.930000000000000075e-03,5.230000000000000274e-03,4.819999999999999632e-03,5.610000000000000403e-03,6.590000000000000371e-03,3.576000000000000012e-02,4.195999999999999730e-02,-3.079999999999999839e-03,-9.490000000000000172e-03,-2.552000000000000102e-02,-5.113999999999999796e-02,-1.180500000000000022e-01,-3.437500000000000000e-01
cmxi*c/cref,7.895176240158423564e-01,5.249007983918446696e-01,4.049191445205874151e-01,3.256648202467979369e-01,2.675361680222038685e-01,2.240486789924283628e-01,2.061149522439869597e-01,1.391748203371593329e-01,1.010561718034819617e-01,7.113124628562411678e-02,4.654484478340018688e-02,2.556013206669785487e-02,7.685857992155238107e-03,-7.685857992155238107e-03,-2.556013206669785487e-02,-4.655686876810269381e-02,-7.113124628562411678e-02,-1.010659337984397971e-01,-1.391920823303794408e-01,-2.061299522405115048e-01,-2.241314759913169419e-01,-2.676985460707724251e-01,-3.259235614495918920e-01,-4.052941220101662911e-01,-5.255686932695335933e-01,-7.906979957905477807e-01,6.212040693225046734e-02,4.543527184539577352e-02,4.666085871157119036e-02,4.574275906794275648e-02,4.266747646953742562e-02,3.819216368346532026e-02,3.315744366138932697e-02,2.798770201860472165e-02,2.249051460831450258e-02,1.709729838802168805e-02,1.185913980094072985e-02,6.895165774984759501e-03,2.216476363188979535e-03,-2.216476363188979535e-03,-6.895165774984759501e-03,-1.185913980094072985e-02,-1.709729838802168805e-02,-2.249306397519370421e-02,-2.799730493574955140e-02,-3.317546033932800009e-02,-3.822581872664070068e-02,-4.274566857375611956e-02,-4.587280244837756149e-02,-4.686473372920904601e-02,-4.569630738037364082e-02,-6.281684539924804744e-02,-7.425001324142417418e-03,2.711461679457442212e-03,6.378624657408559287e-03,9.392812652267688162e-03,1.266255054157772522e-02,1.597894495390524486e-02,1.982946713867767691e-02,2.431198435774226813e-02,3.004349109279631433e-02,3.612788894163833364e-02,4.538302414665797840e-02,6.006723043623021091e-02,1.014787829150178428e-01,8.844331106503450137e-04,-2.579789979196019708e-03,-2.157410436188499179e-03,-2.269458602998469972e-03,-2.384858761617525240e-03,-1.126589210706855672e-02,-1.148285183437167990e-02,6.965169841248876987e-04,1.821406065475888189e-03,3.868724590193560291e-03,5.632058009254399880e-03,8.070202479100445359e-03,9.131761686338810829e-03,7.499145417250829837e-03,-2.726091868375378046e-03,-6.387539576566363467e-03,-9.396850834835301577e-03,-1.266255054157772522e-02,-1.597574532536021052e-02,-1.981556538100894688e-02,-2.429309576156260878e-02,-3.002213132017346464e-02,-3.610200609314038328e-02,-4.534551386804590301e-02,-6.001798434940121968e-02,-1.013980505078659472e-01,-1.022129283565967675e-03,2.550529601360148040e-03,2.148495517030695433e-03,2.265420420430856990e-03,2.384858761617525240e-03,1.144187167704548667e-02,1.166635503559892637e-02,-7.272109529168318664e-04,-1.842765838098739829e-03,-3.885472315692234131e-03,-5.641987200651714211e-03,-8.074306319669528539e-03,-9.098939330644269241e-03
cmxo,0.000000000000000000e+00,0.000000000000000000e+00,0.000000000000000000e+00,0.000000000000000000e+00,0.000000000000000000e+00,0.000000000000000000e+00,0.000000000000000000e+00,0.000000000000000000e+00,0.000000000000000000e+00,0.000000000000000000e+00,0.000000000000000000e+00,0.000000000000000000e+00,0.000000000000000000e+00,-0.000000000000000000e+00,-0.000000000000000000e+00,-0.000000000000000000e+00,-0.000000000000000000e+00,-0.000000000000000000e+00,-0.000000000000000000e+00,-0.000000000000000000e+00,-0.000000000000000000e+00,-0.000000000000000000e+00,-0.000000000000000000e+00,-0.000000000000000000e+00,-0.000000000000000000e+00,-0.000000000000000000e+00,0.000000000000000000e+00,0.000000000000000000e+00,0.000000000000000000e+00,0.000000000000000000e+00,0.000000000000000000e+00,0.000000000000000000e+00,0.000000000000000000e+00,0.000000000000000000e+00,0.000000000000000000e+00,0.000000000000000000e+00,0.000000000000000000e+00,0.000000000000000000e+00,0.000000000000000000e+00,-0.000000000000000000e+00,-0.000000000000000000e+00,-0.000000000000000000e+00,-0.000000000000000000e+00,-0.000000000000000000e+00,-0.000000000000000000e+00,-0.000000000000000000e+00,-0.000000000000000000e+00,-0.000000000000000000e+00,-0.000000000000000000e+00,-0.000000000000000000e+00,-0.000000000000000000e+00,-0.000000000000000000e+00,0.000000000000000000e+00,0.000000000000000000e+00,0.000000000000000000e+00,0.000000000000000000e+00,0.000000000000000000e+00,0.000000000000000000e+00,0.000000000000000000e+00,0.000000000000000000e+00,0.000000000000000000e+00,0.000000000000000000e+00,0.000000000000000000e+00,0.000000000000000000e+00,0.000000000000000000e+00,0.000000000000000000e+00,0.000000000000000000e+00,0.000000000000000000e+00,0.000000000000000000e+00,0.000000000000000000e+00,0.000000000000000000e+00,0.000000000000000000e+00,0.000000000000000000e+00,0.000000000000000000e+00,0.000000000000000000e+00,0.000000000000000000e+00,0.000000000000000000e+00,0.000000000000000000e+00,-0.000000000000000000e+00,-0.000000000000000000e+00,-0.000000000000000000e+00,-0.000000000000000000e+00,-0.000000000000000000e+00,-0.000000000000000000e+00,-0.000000000000000000e+00,-0.000000000000000000e+00,-0.000000000000000000e+00,-0.000000000000000000e+00,-0.000000000000000000e+00,-0.000000000000000000e+00,-0.000000000000000000e+00,-0.000000000000000000e+00,-0.000000000000000000e+00,-0.000000000000000000e+00,-0.000000000000000000e+00,-0.000000000000000000e+00,-0.000000000000000000e+00,0.000000000000000000e+00,0.000000000000000000e+00,0.000000000000000000e+00,0.000000000000000000e+00,0.000000000000000000e+00,0.000000000000000000e+00,0.000000000000000000e+00
cmxo*c/cref,0.000000000000000000e+00,0.000000000000000000e+00,0.000000000000000000e+00,0.000000000000000000e+00,0.000000000000000000e+00,0.000000000000000000e+00,0.000000000000000000e+00,0.000000000000000000e+00,0.000000000000000000e+00,0.000000000000000000e+00,0.000000000000000000e+00,0.000000000000000000e+00,0.000000000000000000e+00,-0.000000000000000000e+00,-0.000000000000000000e+00,-0.000000000000000000e+00,-0.000000000000000000e+00,-0.000000000000000000e+00,-0.000000000000000000e+00,-0.000000000000000000e+00,-0.000000000000000000e+00,-0.000000000000000000e+00,-0.000000000000000000e+00,-0.000000000000000000e+00,-0.000000000000000000e+00,-0.000000000000000000e+00,0.000000000000000000e+00,0.000000000000000000e+00,0.000000000000000000e+00,0.000000000000000000e+00,0.000000000000000000e+00,0.000000000000000000e+00,0.000000000000000000e+00,0.000000000000000000e+00,0.000000000000000000e+00,0.000000000000000000e+00,0.000000000000000000e+00,0.000000000000000000e+00,0.000000000000000000e+00,-0.000000000000000000e+00,-0.000000000000000000e+00,-0.000000000000000000e+00,-0.000000000000000000e+00,-0.000000000000000000e+00,-0.000000000000000000e+00,-0.000000000000000000e+00,-0.000000000000000000e+00,-0.000000000000000000e+00,-0.000000000000000000e+00,-0.000000000000000000e+00,-0.000000000000000000e+00,-0.000000000000000000e+00,0.000000000000000000e+00,0.000000000000000000e+00,0.000000000000000000e+00,0.000000000000000000e+00,0.000000000000000000e+00,0.000000000000000000e+00,0.000000000000000000e+00,0.000000000000000000e+00,0.000000000000000000e+00,0.000000000000000000e+00,0.000000000000000000e+00,0.000000000000000000e+00,0.000000000000000000e+00,0.000000000000000000e+00,0.000000000000000000e+00,0.000000000000000000e+00,0.000000000000000000e+00,0.000000000000000000e+00,0.000000000000000000e+00,0.000000000000000000e+00,0.000000000000000000e+00,0.000000000000000000e+00,0.000000000000000000e+00,0.000000000000000000e+00,0.000000000000000000e+00,0.000000000000000000e+00,-0.000000000000000000e+00,-0.000000000000000000e+00,-0.000000000000000000e+00,-0.000000000000000000e+00,-0.000000000000000000e+00,-0.000000000000000000e+00,-0.000000000000000000e+00,-0.000000000000000000e+00,-0.000000000000000000e+00,-0.000000000000000000e+00,-0.000000000000000000e+00,-0.000000000000000000e+00,-0.000000000000000000e+00,-0.000000000000000000e+00,-0.000000000000000000e+00,-0.000000000000000000e+00,-0.000000000000000000e+00,-0.000000000000000000e+00,-0.000000000000000000e+00,0.000000000000000000e+00,0.000000000000000000e+00,0.000000000000000000e+00,0.000000000000000000e+00,0.000000000000000000e+00,0.000000000000000000e+00,0.000000000000000000e+00
cmy,-6.686770000000000103e+00,-1.571539999999999937e+00,-6.837299999999999489e-01,-3.535400000000000209e-01,-1.953499999999999959e-01,-1.111000000000000043e-01,-8.468000000000000527e-02,-1.750000000000000167e-02,1.180999999999999932e-02,2.840000000000000163e-02,3.758999999999999841e-02,4.209999999999999853e-02,4.297000000000000125e-02,4.297999999999999737e-02,4.211000000000000160e-02,3.760000000000000148e-02,2.841000000000000122e-02,1.182000000000000065e-02,-1.747999999999999901e-02,-8.465000000000000302e-02,-1.111300000000000066e-01,-1.954899999999999971e-01,-3.538499999999999979e-01,-6.844000000000000083e-01,-1.573690000000000033e+00,-6.697479999999999656e+00,-7.600500000000000034e-01,-5.406699999999999839e-01,-5.512599999999999723e-01,-5.468499999999999472e-01,-5.264499999999999735e-01,-4.956099999999999950e-01,-4.625699999999999812e-01,-4.328600000000000225e-01,-4.002000000000000002e-01,-3.694000000000000061e-01,-3.394400000000000195e-01,-3.123900000000000010e-01,-2.868999999999999884e-01,-2.868899999999999784e-01,-3.123900000000000010e-01,-3.394400000000000195e-01,-3.694200000000000261e-01,-4.002399999999999847e-01,-4.329999999999999960e-01,-4.628399999999999737e-01,-4.960399999999999809e-01,-5.274400000000000199e-01,-5.484200000000000186e-01,-5.536900000000000155e-01,-5.437699999999999756e-01,-7.685499999999999554e-01,1.714999999999999858e-02,2.729999999999999788e-03,1.869999999999999917e-03,1.240000000000000000e-03,1.800000000000000113e-04,-1.250000000000000026e-03,-4.120000000000000398e-03,-9.209999999999999437e-03,-1.917999999999999913e-02,-3.282000000000000195e-02,-7.367999999999999550e-02,-2.008300000000000085e-01,-1.274180000000000090e+00,-8.290000000000000493e-03,7.100000000000000191e-04,3.499999999999999964e-04,1.399999999999999986e-03,2.870000000000000155e-03,5.269000000000000072e-02,7.013999999999999402e-02,1.183999999999999983e-02,2.699000000000000010e-02,4.966000000000000275e-02,1.120600000000000068e-01,3.034299999999999775e-01,1.854360000000000008e+00,1.748999999999999860e-02,2.729999999999999788e-03,1.879999999999999944e-03,1.250000000000000026e-03,1.900000000000000105e-04,-1.250000000000000026e-03,-4.120000000000000398e-03,-9.209999999999999437e-03,-1.918999999999999873e-02,-3.280999999999999889e-02,-7.358000000000000651e-02,-2.006199999999999928e-01,-1.273190000000000044e+00,-8.630000000000000518e-03,7.200000000000000453e-04,3.499999999999999964e-04,1.399999999999999986e-03,2.870000000000000155e-03,5.360999999999999793e-02,7.127000000000000002e-02,1.170999999999999992e-02,2.699999999999999969e-02,4.979000000000000092e-02,1.124900000000000067e-01,3.046699999999999964e-01,1.862500000000000044e+00
cmy*c/cref,-4.743314045640860122e-01,-2.899512475367823083e-01,-2.034788563093474223e-01,-1.451989918028286086e-01,-1.023243606060332128e-01,-7.075958905014155531e-02,-6.350998528498950912e-02,-1.510424406759868811e-02,1.152891604520017363e-02,3.093610098792840685e-02,4.519815849671952879e-02,5.538247864168706347e-02,6.138686206745549989e-02,6.140114804885354882e-02,5.539563362473735181e-02,4.521018248142204266e-02,3.094699398123401668e-02,1.153867804015800726e-02,-1.508698207437857326e-02,-6.348748529020266373e-02,-7.077869604988507035e-02,-1.023976926279674127e-01,-1.453263089026161081e-01,-2.036782491014250962e-01,-2.903479254337522075e-01,-4.750911270224449923e-01,-1.033843861018567817e-01,-8.158039462224406235e-02,-9.137247335206825916e-02,-9.876975359829619217e-02,-1.029105831648324393e-01,-1.042485996759500155e-01,-1.041746839261621926e-01,-1.039179678827692604e-01,-1.020256625056388949e-01,-9.966454196836377344e-02,-9.662665420142393935e-02,-9.356997551900474164e-02,-9.019958419842812047e-02,-9.019644026032430650e-02,-9.356997551900474164e-02,-9.662665420142393935e-02,-9.966993799120991981e-02,-1.020358599731557014e-01,-1.039515780927761507e-01,-1.042354902142052231e-01,-1.043390476044838561e-01,-1.031041086227737213e-01,-9.905332041396654186e-02,-9.177525082593818162e-02,-8.204814615890959617e-02,-1.045405827755832157e-01,9.082651405780487949e-03,1.331347191532161311e-03,8.335449412546474396e-04,5.007346383840040457e-04,6.514030001383226188e-05,-3.999535681293864557e-04,-1.145504831903421897e-03,-2.174549635183123993e-03,-3.724367626420846313e-03,-4.996912280604197919e-03,-8.128698023934654779e-03,-1.373623835814681386e-02,-3.372708804747728134e-02,-4.390389513348119839e-03,3.462478043911481934e-04,1.560110852615650414e-04,5.653455594658110019e-04,1.038625894664992099e-03,1.685884280378989811e-02,1.950138565769563015e-02,2.795512234589380036e-03,5.240911482643307272e-03,7.560836802401110432e-03,1.236294653314491850e-02,2.075380573127763584e-02,4.908424476268656578e-02,9.262715631900918234e-03,1.331347191532161311e-03,8.380024008335493126e-04,5.047728209516169195e-04,6.875920557015627191e-05,-3.999535681293864557e-04,-1.145504831903421897e-03,-2.174549635183123993e-03,-3.726309423932014191e-03,-4.995389760104318282e-03,-8.117665589048752087e-03,-1.372187491615502533e-02,-3.370088310220502315e-02,-4.570453739468550124e-03,3.511245340304601742e-04,1.560110852615650414e-04,5.653455594658110019e-04,1.038625894664992099e-03,1.715320862993312614e-02,1.981556538100894688e-02,2.764818265797435760e-03,5.242853280154475583e-03,7.580629568899543112e-03,1.241038600315430909e-02,2.083861843637200423e-02,4.929970764603622269e-02
cmyi,-6.707110000000000127e+00,-1.577469999999999928e+00,-6.869899999999999896e-01,-3.557299999999999907e-01,-1.969899999999999984e-01,-1.123900000000000038e-01,-8.576999999999999902e-02,-1.839999999999999969e-02,1.103999999999999947e-02,2.774000000000000077e-02,3.699999999999999817e-02,4.157000000000000278e-02,4.248999999999999999e-02,4.250000000000000305e-02,4.157999999999999891e-02,3.701000000000000123e-02,2.775000000000000036e-02,1.106000000000000039e-02,-1.838000000000000050e-02,-8.573999999999999677e-02,-1.124200000000000060e-01,-1.971299999999999997e-01,-3.560400000000000231e-01,-6.876600000000000490e-01,-1.579620000000000024e+00,-6.717839999999999812e+00,-7.600500000000000034e-01,-5.406699999999999839e-01,-5.512599999999999723e-01,-5.468499999999999472e-01,-5.264499999999999735e-01,-4.956099999999999950e-01,-4.625699999999999812e-01,-4.328600000000000225e-01,-4.002000000000000002e-01,-3.694000000000000061e-01,-3.394400000000000195e-01,-3.123900000000000010e-01,-2.868999999999999884e-01,-2.868899999999999784e-01,-3.123900000000000010e-01,-3.394400000000000195e-01,-3.694200000000000261e-01,-4.002399999999999847e-01,-4.329999999999999960e-01,-4.628399999999999737e-01,-4.960399999999999809e-01,-5.274400000000000199e-01,-5.484200000000000186e-01,-5.536900000000000155e-01,-5.437699999999999756e-01,-7.685499999999999554e-01,1.563000000000000153e-02,8.099999999999999561e-04,-5.199999999999999544e-04,-1.740000000000000010e-03,-3.530000000000000152e-03,-5.919999999999999915e-03,-1.004999999999999991e-02,-1.691000000000000142e-02,-2.949999999999999845e-02,-4.737000000000000238e-02,-9.606000000000000649e-02,-2.419300000000000062e-01,-1.405399999999999983e+00,-9.570000000000000381e-03,-4.400000000000000157e-04,-6.599999999999999964e-04,5.699999999999999772e-04,2.269999999999999882e-03,5.238999999999999907e-02,7.025000000000000688e-02,1.252999999999999947e-02,2.854999999999999899e-02,5.263999999999999929e-02,1.177099999999999952e-01,3.155600000000000072e-01,1.898419999999999996e+00,1.595999999999999849e-02,8.099999999999999561e-04,-5.199999999999999544e-04,-1.729999999999999984e-03,-3.530000000000000152e-03,-5.910000000000000323e-03,-1.004999999999999991e-02,-1.691000000000000142e-02,-2.951000000000000151e-02,-4.735999999999999932e-02,-9.596000000000000363e-02,-2.417300000000000004e-01,-1.404409999999999936e+00,-9.900000000000000813e-03,-4.299999999999999894e-04,-6.599999999999999964e-04,5.699999999999999772e-04,2.269999999999999882e-03,5.331000000000000322e-02,7.137999999999999901e-02,1.239999999999999956e-02,2.854999999999999899e-02,5.276999999999999746e-02,1.181399999999999950e-01,3.168099999999999805e-01,1.906570000000000098e+00
cmyi*c/cref,-4.757742388127342292e-01,-2.910453405270295169e-01,-2.044490361633372888e-01,-1.460984255077790728e-01,-1.031833928629766195e-01,-7.158119003911259104e-02,-6.432748509557804917e-02,-1.588103376250376425e-02,1.077724243344707102e-02,3.021716342975824116e-02,4.448874339927168242e-02,5.468526454002212156e-02,6.070113496034870715e-02,6.071542094174676996e-02,5.469841952307240296e-02,4.450076738397419629e-02,3.022805642306384752e-02,1.079676642336273654e-02,-1.586377176928364940e-02,-6.430498510079120378e-02,-7.160029703885610608e-02,-1.032567248849108194e-01,-1.462257426075666000e-01,-2.046484289554149627e-01,-2.914420184239994160e-01,-4.765353799871686058e-01,-1.033843861018567817e-01,-8.158039462224406235e-02,-9.137247335206825916e-02,-9.876975359829619217e-02,-1.029105831648324393e-01,-1.042485996759500155e-01,-1.041746839261621926e-01,-1.039179678827692604e-01,-1.020256625056388949e-01,-9.966454196836377344e-02,-9.662665420142393935e-02,-9.356997551900474164e-02,-9.019958419842812047e-02,-9.019644026032430650e-02,-9.356997551900474164e-02,-9.662665420142393935e-02,-9.966993799120991981e-02,-1.020358599731557014e-01,-1.039515780927761507e-01,-1.042354902142052231e-01,-1.043390476044838561e-01,-1.031041086227737213e-01,-9.905332041396654186e-02,-9.177525082593818162e-02,-8.204814615890959617e-02,-1.045405827755832157e-01,8.277658394889158069e-03,3.950151007842676214e-04,-2.317878981028966120e-04,-7.026437667646507701e-04,-1.277473661382377140e-03,-1.894180098660774077e-03,-2.794253291414900038e-03,-3.992577017475204201e-03,-5.728302657946556832e-03,-7.212179607928728177e-03,-1.059775695140015121e-02,-1.654736914796822375e-02,-3.720043442992714000e-02,-5.068278364625031403e-03,-2.145761041297256349e-04,-2.941923322075226449e-04,2.301764063539373287e-04,8.214915612855511716e-04,1.676285394743884383e-02,1.953196952456684107e-02,2.958426376638929791e-03,5.543831894385566408e-03,8.014547911365172903e-03,1.298627910419853856e-02,2.158346549966045150e-02,5.025049717551038214e-02,8.452426614358984555e-03,3.950151007842676214e-04,-2.317878981028966120e-04,-6.986055841970378964e-04,-1.277473661382377140e-03,-1.890980470115739094e-03,-2.794253291414900038e-03,-3.992577017475204201e-03,-5.730244455457726011e-03,-7.210657087428847672e-03,-1.058672451651424505e-02,-1.653368967940461662e-02,-3.717422948465488874e-02,-5.243046584094860491e-03,-2.096993744904136813e-04,-2.941923322075226449e-04,2.301764063539373287e-04,8.214915612855511716e-04,1.705721977358207186e-02,1.984614924788015433e-02,2.927732407846985515e-03,5.543831894385566408e-03,8.034340677863604716e-03,1.303371857420792916e-02,2.166896217818299955e-02,5.046622475527692830e-02
cmyo,2.034000000000000044e-02,5.919999999999999915e-03,3.259999999999999877e-03,2.190000000000000106e-03,1.629999999999999939e-03,1.299999999999999940e-03,1.100000000000000066e-03,8.899999999999999491e-04,7.600000000000000418e-04,6.700000000000000226e-04,5.900000000000000296e-04,5.299999999999999807e-04,4.800000000000000122e-04,4.800000000000000122e-04,5.299999999999999807e-04,5.900000000000000296e-04,6.700000000000000226e-04,7.600000000000000418e-04,8.899999999999999491e-04,1.100000000000000066e-03,1.299999999999999940e-03,1.629999999999999939e-03,2.190000000000000106e-03,3.259999999999999877e-03,5.930000000000000375e-03,2.035999999999999963e-02,0.000000000000000000e+00,0.000000000000000000e+00,0.000000000000000000e+00,0.000000000000000000e+00,0.000000000000000000e+00,0.000000000000000000e+00,0.000000000000000000e+00,0.000000000000000000e+00,0.000000000000000000e+00,0.000000000000000000e+00,0.000000000000000000e+00,0.000000000000000000e+00,0.000000000000000000e+00,0.000000000000000000e+00,0.000000000000000000e+00,0.000000000000000000e+00,0.000000000000000000e+00,0.000000000000000000e+00,0.000000000000000000e+00,0.000000000000000000e+00,0.000000000000000000e+00,0.000000000000000000e+00,0.000000000000000000e+00,0.000000000000000000e+00,0.000000000000000000e+00,0.000000000000000000e+00,1.520000000000000084e-03,1.920000000000000049e-03,2.390000000000000197e-03,2.980000000000000010e-03,3.710000000000000190e-03,4.660000000000000080e-03,5.930000000000000375e-03,7.700000000000000247e-03,1.031999999999999931e-02,1.455000000000000043e-02,2.237000000000000099e-02,4.109999999999999765e-02,1.312200000000000033e-01,1.270000000000000078e-03,1.160000000000000007e-03,1.010000000000000047e-03,8.300000000000000086e-04,5.999999999999999474e-04,2.999999999999999737e-04,-1.100000000000000039e-04,-6.899999999999999667e-04,-1.559999999999999972e-03,-2.980000000000000010e-03,-5.649999999999999641e-03,-1.213999999999999975e-02,-4.406000000000000194e-02,1.520000000000000084e-03,1.920000000000000049e-03,2.390000000000000197e-03,2.980000000000000010e-03,3.710000000000000190e-03,4.660000000000000080e-03,5.930000000000000375e-03,7.700000000000000247e-03,1.031999999999999931e-02,1.455000000000000043e-02,2.237000000000000099e-02,4.109999999999999765e-02,1.312200000000000033e-01,1.270000000000000078e-03,1.160000000000000007e-03,1.010000000000000047e-03,8.300000000000000086e-04,5.999999999999999474e-04,2.999999999999999737e-04,-1.100000000000000039e-04,-6.899999999999999667e-04,-1.559999999999999972e-03,-2.980000000000000010e-03,-5.649999999999999641e-03,-1.213999999999999975e-02,-4.406999999999999806e-02
cmyo*c/cref,1.442834248648227702e-03,1.092247976772943311e-03,9.701798539898390727e-04,8.994337049504855111e-04,8.537942553766784135e-04,8.279699888855446450e-04,8.249998088508319954e-04,7.681586982950189355e-04,7.419116167952695276e-04,7.298305514757758494e-04,7.094150974478458235e-04,6.972141016649439698e-04,6.857271071067869974e-04,6.857271071067869974e-04,6.972141016649439698e-04,7.094150974478458235e-04,7.298305514757758494e-04,7.419116167952695276e-04,7.681586982950189355e-04,8.249998088508319954e-04,8.279699888855446450e-04,8.537942553766784135e-04,8.994337049504855111e-04,9.701798539898390727e-04,1.094092990247221963e-03,1.444252964723594665e-03,0.000000000000000000e+00,0.000000000000000000e+00,0.000000000000000000e+00,0.000000000000000000e+00,0.000000000000000000e+00,0.000000000000000000e+00,0.000000000000000000e+00,0.000000000000000000e+00,0.000000000000000000e+00,0.000000000000000000e+00,0.000000000000000000e+00,0.000000000000000000e+00,0.000000000000000000e+00,0.000000000000000000e+00,0.000000000000000000e+00,0.000000000000000000e+00,0.000000000000000000e+00,0.000000000000000000e+00,0.000000000000000000e+00,0.000000000000000000e+00,0.000000000000000000e+00,0.000000000000000000e+00,0.000000000000000000e+00,0.000000000000000000e+00,0.000000000000000000e+00,0.000000000000000000e+00,8.049930108913320483e-04,9.363320907478936894e-04,1.065332839357544187e-03,1.203378405148654816e-03,1.342613961396209267e-03,1.491026901986352692e-03,1.648748459511478574e-03,1.818027382292079991e-03,2.003935031525710519e-03,2.215267327324529825e-03,2.467955683976903736e-03,2.811130789821411190e-03,3.473346382449864732e-03,6.725928446263103669e-04,5.657006381601857549e-04,4.502034174690877134e-04,3.351691531118736731e-04,2.171343333794408187e-04,9.598885635105273528e-05,-3.058386687120786119e-05,-1.629141420495499985e-04,-3.029204117422585945e-04,-4.537111089640618201e-04,-6.233325710536210445e-04,-8.303437418109959733e-04,-1.166252412823815280e-03,8.049930108913320483e-04,9.363320907478936894e-04,1.065332839357544187e-03,1.203378405148654816e-03,1.342613961396209267e-03,1.491026901986352692e-03,1.648748459511478574e-03,1.818027382292079991e-03,2.003935031525710519e-03,2.215267327324529825e-03,2.467955683976903736e-03,2.811130789821411190e-03,3.473346382449864732e-03,6.725928446263103669e-04,5.657006381601857549e-04,4.502034174690877134e-04,3.351691531118736731e-04,2.171343333794408187e-04,9.598885635105273528e-05,-3.058386687120786119e-05,-1.629141420495499985e-04,-3.029204117422585945e-04,-4.537111089640618201e-04,-6.233325710536210445e-04,-8.303437418109959733e-04,-1.166517109240706703e-03
cmz,3.316429999999999989e+00,5.713799999999999990e-01,2.044300000000000006e-01,9.045000000000000262e-02,3.991000000000000103e-02,1.221000000000000037e-02,3.160000000000000048e-03,9.700000000000000505e-04,-3.299999999999999982e-03,-4.519999999999999712e-03,-4.649999999999999620e-03,-3.860000000000000150e-03,-2.309999999999999987e-03,2.309999999999999987e-03,3.860000000000000150e-03,4.649999999999999620e-03,4.519999999999999712e-03,3.289999999999999956e-03,-9.899999999999999946e-04,-3.229999999999999798e-03,-1.231999999999999935e-02,-4.005999999999999839e-02,-9.069000000000000672e-02,-2.049600000000000033e-01,-5.731100000000000083e-01,-3.327059999999999906e+00,1.111999999999999968e-02,-2.509000000000000119e-02,-2.018000000000000002e-02,-1.545999999999999978e-02,-1.473000000000000004e-02,-1.128999999999999969e-02,-8.600000000000000006e-03,-6.550000000000000266e-03,-5.989999999999999665e-03,-4.360000000000000160e-03,-2.779999999999999919e-03,-1.520000000000000084e-03,-2.999999999999999737e-04,2.999999999999999737e-04,1.520000000000000084e-03,2.779999999999999919e-03,4.360000000000000160e-03,5.989999999999999665e-03,6.550000000000000266e-03,8.609999999999999598e-03,1.128000000000000010e-02,1.463000000000000064e-02,1.525999999999999926e-02,1.991000000000000061e-02,2.489999999999999852e-02,-1.183999999999999983e-02,3.305000000000000299e-02,-2.621000000000000066e-02,-5.372999999999999998e-02,-7.890999999999999404e-02,-1.096599999999999936e-01,-1.470299999999999940e-01,-1.973999999999999921e-01,-2.695799999999999863e-01,-3.844000000000000195e-01,-5.691100000000000048e-01,-9.380100000000000104e-01,-1.900300000000000100e+00,-7.603780000000000427e+00,5.980000000000000072e-03,2.986000000000000112e-02,3.343999999999999750e-02,4.730999999999999789e-02,7.778000000000000191e-02,1.296700000000000075e-01,3.095999999999999863e-01,3.832900000000000196e-01,5.153600000000000403e-01,7.625199999999999756e-01,1.260180000000000078e+00,2.605840000000000156e+00,1.065574999999999939e+01,-3.277000000000000052e-02,2.642999999999999863e-02,5.387999999999999734e-02,7.900000000000000078e-02,1.097100000000000020e-01,1.470200000000000118e-01,1.972899999999999932e-01,2.693599999999999883e-01,3.840700000000000225e-01,5.686799999999999633e-01,9.373000000000000220e-01,1.898779999999999912e+00,7.597690000000000055e+00,-5.449999999999999983e-03,-2.931999999999999884e-02,-3.311999999999999666e-02,-4.716999999999999665e-02,-7.781000000000000416e-02,-1.299200000000000077e-01,-3.110700000000000132e-01,-3.851600000000000024e-01,-5.175899999999999945e-01,-7.651900000000000368e-01,-1.263929999999999998e+00,-2.612820000000000142e+00,-1.068199000000000076e+01
cmz*c/cref,2.352536276914671542e-01,1.054203798933318059e-01,6.083860967826466154e-02,3.714784411542073478e-02,2.090486425281180144e-02,7.776548895609616298e-03,2.369999450880571831e-03,8.372066711754701891e-04,-3.221458336084722512e-03,-4.923632974135084064e-03,-5.591152886665225023e-03,-5.077823457408837775e-03,-3.300061702951412324e-03,3.300061702951412324e-03,5.077823457408837775e-03,5.591152886665225023e-03,4.923632974135084064e-03,3.211696341126890186e-03,-8.544686643955828670e-04,-2.422499438716533855e-03,-7.846607894669161906e-03,-2.098343427631272143e-02,-3.724641219267558340e-02,-6.099633830483356528e-02,-1.057395672243820056e-01,-2.360076752855246873e-01,1.512577295510357696e-03,-3.785769695141405402e-03,-3.344876305635703043e-03,-2.792320363225124502e-03,-2.879424237853513147e-03,-2.374783984063024746e-03,-1.936792878407581379e-03,-1.572477682465782530e-03,-1.527070760641621684e-03,-1.176332980460384524e-03,-7.913684264670001450e-04,-4.552846211110702095e-04,-9.431814311442466279e-05,9.431814311442466279e-05,4.552846211110702095e-04,7.913684264670001450e-04,1.176332980460384524e-03,1.527070760641621684e-03,1.572477682465782530e-03,1.939044963149915736e-03,2.372680543864563469e-03,2.859876211798838795e-03,2.756197201993233932e-03,3.300123252983490785e-03,3.757101052571581740e-03,-1.610513954931891640e-03,1.750330198023587053e-02,-1.278190838463661230e-02,-2.394993031743968687e-02,-3.186529864103367082e-02,-3.968491833064913960e-02,-4.704413849765094746e-02,-5.488413927614937959e-02,-6.364984697640245492e-02,-7.464269632931039289e-02,-8.664816416863664605e-02,-1.034853424732756072e-01,-1.299754705571199154e-01,-2.012693320831019095e-01,3.167011977059319260e-03,1.456191470298547237e-02,1.490574483184781314e-02,1.910464172737679628e-02,2.814784741708818358e-02,4.148958334347003368e-02,8.607968348478139964e-02,9.049762537126380957e-02,1.000724765355707757e-01,1.160952331568041590e-01,1.390285379451950964e-01,1.782325318089592880e-01,2.820538844291277658e-01,-1.735501379401904742e-02,1.288919643670147393e-02,2.401679221112321128e-02,3.190164228414218983e-02,3.970301285843075983e-02,4.704093886910591660e-02,5.485355540927817214e-02,6.359790333690838737e-02,7.457861701144184730e-02,8.658269578714182513e-02,1.034070121855856783e-01,1.298715065960364679e-01,2.011081319652149868e-01,-2.886323624577473174e-03,-1.429857130246262563e-02,-1.476310612532295320e-02,-1.904810717143021540e-02,-2.815870413375715434e-02,-4.156957405709590936e-02,-8.648839516024209306e-02,-9.093914630696331436e-02,-1.005054973805613039e-01,-1.165017461302719631e-01,-1.394422542534165255e-01,-1.787099452618292061e-01,-2.827484478270509971e-01
cmzi,3.483010000000000161e+00,6.160099999999999465e-01,2.268600000000000061e-01,1.041099999999999942e-01,4.900999999999999801e-02,1.857999999999999929e-02,7.830000000000000154e-03,4.179999999999999688e-03,-1.059999999999999961e-03,-3.000000000000000062e-03,-3.680000000000000111e-03,-3.340000000000000087e-03,-2.150000000000000001e-03,2.150000000000000001e-03,3.340000000000000087e-03,3.680000000000000111e-03,3.000000000000000062e-03,1.049999999999999935e-03,-4.199999999999999740e-03,-7.900000000000000772e-03,-1.868999999999999828e-02,-4.916000000000000231e-02,-1.043400000000000022e-01,-2.273999999999999910e-01,-6.177700000000000413e-01,-3.493819999999999926e+00,3.801000000000000212e-02,-3.069999999999999812e-03,-2.060000000000000199e-03,-5.699999999999999772e-04,-2.530000000000000131e-03,-1.379999999999999933e-03,-6.499999999999999702e-04,-2.900000000000000017e-04,-1.209999999999999921e-03,-8.800000000000000313e-04,-4.400000000000000157e-04,-2.000000000000000096e-04,1.200000000000000030e-04,-1.200000000000000030e-04,2.000000000000000096e-04,4.400000000000000157e-04,8.800000000000000313e-04,1.209999999999999921e-03,2.900000000000000017e-04,6.599999999999999964e-04,1.379999999999999933e-03,2.429999999999999868e-03,3.600000000000000227e-04,1.789999999999999925e-03,2.880000000000000181e-03,-3.873000000000000054e-02,3.903000000000000219e-02,-1.965000000000000080e-02,-4.646999999999999742e-02,-7.077999999999999570e-02,-1.004499999999999976e-01,-1.364400000000000057e-01,-1.849699999999999955e-01,-2.545999999999999930e-01,-3.656800000000000050e-01,-5.443799999999999750e-01,-9.022299999999999764e-01,-1.838219999999999965e+00,-7.416089999999999627e+00,1.195000000000000055e-02,3.640999999999999792e-02,4.068999999999999700e-02,5.543000000000000010e-02,8.698000000000000176e-02,1.402700000000000058e-01,3.221200000000000174e-01,3.983700000000000019e-01,5.342099999999999627e-01,7.874299999999999633e-01,1.296249999999999902e+00,2.668540000000000134e+00,1.084683000000000064e+01,-3.874999999999999972e-02,1.986999999999999877e-02,4.662000000000000172e-02,7.087999999999999856e-02,1.005000000000000060e-01,1.364299999999999957e-01,1.848599999999999965e-01,2.543799999999999950e-01,3.653500000000000081e-01,5.439500000000000446e-01,9.015100000000000335e-01,1.836710000000000065e+00,7.410009999999999764e+00,-1.141999999999999960e-02,-3.586999999999999911e-02,-4.037000000000000310e-02,-5.528999999999999887e-02,-8.701000000000000401e-02,-1.405099999999999960e-01,-3.235999999999999988e-01,-4.002499999999999947e-01,-5.364400000000000279e-01,-7.901000000000000245e-01,-1.300010000000000110e+00,-2.675539999999999807e+00,-1.087311000000000050e+01
cmzi*c/cref,2.470701138831987997e-01,1.136546750290372831e-01,6.751380419513340614e-02,4.275801051250914531e-02,2.567144567853436171e-02,1.183360184114878345e-02,5.872498639365467989e-03,3.607756583003571792e-03,-1.034771465530244213e-03,-3.267897991682578145e-03,-4.424826370522156986e-03,-4.393764338794175529e-03,-3.071486000582483722e-03,3.071486000582483722e-03,4.393764338794175529e-03,4.424826370522156986e-03,3.267897991682578145e-03,1.025009470572411669e-03,-3.625018576223684903e-03,-5.924998627201430446e-03,-1.190366084020832993e-02,-2.575001570203528517e-02,-4.285247158654504479e-02,-6.767450883352435498e-02,-1.139793974005103294e-01,-2.478369299219346511e-01,5.170239478628479816e-03,-4.632249088913556597e-04,-3.414492165316922244e-04,-1.029510095108875041e-04,-4.945650591832578824e-04,-2.902747473876858986e-04,-1.463855082517357981e-04,-6.962114930001174202e-05,-3.084733923833659513e-04,-2.374250052305363387e-04,-1.252525567070072207e-04,-5.990587119882502542e-05,3.772725724576986512e-05,-3.772725724576986512e-05,5.990587119882502542e-05,1.252525567070072207e-04,2.374250052305363387e-04,3.084733923833659513e-04,6.962114930001174202e-05,1.486375929940702092e-04,2.902747473876858986e-04,4.750170331285835852e-04,6.502169021740264129e-05,2.966961638794800749e-04,4.345562663215323776e-04,-5.268176138050013543e-03,2.067031395729519022e-02,-9.582773741247975485e-03,-2.071381466315693615e-02,-2.858225621356435750e-02,-3.635190631327472194e-02,-4.365573186845878723e-02,-5.142816231970288865e-02,-6.011295734176149569e-02,-7.100765138840328672e-02,-8.288297097243488287e-02,-9.953793727109885858e-02,-1.257293635149760169e-01,-1.963012450344658877e-01,6.328727947468038191e-03,1.775617261673479580e-02,1.813740302655166003e-02,2.238364597227850139e-02,3.147724052890627650e-02,4.488118960120723172e-02,8.956068360503161019e-02,9.405812575112933172e-02,1.037327648441230543e-01,1.198878317220037487e-01,1.430079372085409362e-01,1.825210452036503395e-01,2.871117035630899594e-01,-2.052202577107836365e-02,9.690061793312837110e-03,2.078067655684046403e-02,2.862263803924048819e-02,3.637000084105634218e-02,4.365253223991374942e-02,5.139757845283168119e-02,6.006101370226743508e-02,7.094357207053474113e-02,8.281750259094007582e-02,9.945850373992035087e-02,1.256260835273207976e-01,1.961403096129958890e-01,-6.048039594986191238e-03,-1.749282921621195253e-02,-1.799476432002680357e-02,-2.232711141633192051e-02,-3.148809724557524725e-02,-4.495798068628806959e-02,-8.997217563202604407e-02,-9.450200776135128655e-02,-1.041657856891135964e-01,-1.202943446954715528e-01,-1.434227567602509856e-01,-1.829998266033766030e-01,-2.878073257466807755e-01
cmzo,-1.665899999999999881e-01,-4.463999999999999913e-02,-2.242999999999999855e-02,-1.366000000000000027e-02,-9.100000000000000450e-03,-6.369999999999999794e-03,-4.680000000000000132e-03,-3.220000000000000206e-03,-2.249999999999999830e-03,-1.529999999999999893e-03,-9.700000000000000505e-04,-5.199999999999999544e-04,-1.600000000000000131e-04,1.600000000000000131e-04,5.199999999999999544e-04,9.700000000000000505e-04,1.529999999999999893e-03,2.249999999999999830e-03,3.220000000000000206e-03,4.680000000000000132e-03,6.369999999999999794e-03,9.100000000000000450e-03,1.366000000000000027e-02,2.244000000000000161e-02,4.465999999999999831e-02,1.667500000000000093e-01,-2.689000000000000071e-02,-2.203000000000000097e-02,-1.812000000000000069e-02,-1.489000000000000046e-02,-1.220000000000000077e-02,-9.910000000000000406e-03,-7.950000000000000469e-03,-6.259999999999999939e-03,-4.780000000000000394e-03,-3.480000000000000020e-03,-2.340000000000000066e-03,-1.319999999999999993e-03,-4.200000000000000174e-04,4.200000000000000174e-04,1.319999999999999993e-03,2.340000000000000066e-03,3.480000000000000020e-03,4.780000000000000394e-03,6.259999999999999939e-03,7.950000000000000469e-03,9.910000000000000406e-03,1.220000000000000077e-02,1.490000000000000005e-02,1.812000000000000069e-02,2.203000000000000097e-02,2.689000000000000071e-02,-5.969999999999999613e-03,-6.559999999999999859e-03,-7.259999999999999960e-03,-8.130000000000000074e-03,-9.209999999999999437e-03,-1.059000000000000045e-02,-1.243000000000000008e-02,-1.498000000000000026e-02,-1.872000000000000053e-02,-2.472999999999999851e-02,-3.579000000000000237e-02,-6.208000000000000324e-02,-1.876899999999999957e-01,-5.969999999999999613e-03,-6.559999999999999859e-03,-7.259999999999999960e-03,-8.120000000000000481e-03,-9.199999999999999845e-03,-1.059000000000000045e-02,-1.252999999999999947e-02,-1.507999999999999965e-02,-1.884999999999999870e-02,-2.491000000000000159e-02,-3.606999999999999790e-02,-6.271000000000000185e-02,-1.910799999999999998e-01,5.969999999999999613e-03,6.559999999999999859e-03,7.270000000000000420e-03,8.130000000000000074e-03,9.209999999999999437e-03,1.059000000000000045e-02,1.243000000000000008e-02,1.498000000000000026e-02,1.872000000000000053e-02,2.472999999999999851e-02,3.579000000000000237e-02,6.208000000000000324e-02,1.876899999999999957e-01,5.969999999999999613e-03,6.559999999999999859e-03,7.259999999999999960e-03,8.120000000000000481e-03,9.199999999999999845e-03,1.059000000000000045e-02,1.252999999999999947e-02,1.507999999999999965e-02,1.884999999999999870e-02,2.491000000000000159e-02,3.608000000000000096e-02,6.271999999999999797e-02,1.911299999999999943e-01
cmzo*c/cref,-1.181719554976933331e-02,-8.236140149179761727e-03,-6.675194516868738527e-03,-5.610166397088416600e-03,-4.766581425722561140e-03,-4.057052945539168891e-03,-3.509999186747176075e-03,-2.779180908438158484e-03,-2.196448865512310843e-03,-1.666627975758114668e-03,-1.166326516143068688e-03,-6.840591186146620286e-04,-2.285757023689290353e-04,2.285757023689290353e-04,6.840591186146620286e-04,1.166326516143068688e-03,1.666627975758114668e-03,2.196448865512310843e-03,2.779180908438158484e-03,3.509999186747176075e-03,4.057052945539168891e-03,4.766581425722561140e-03,5.610166397088416600e-03,6.678170528690794902e-03,8.239830176128318598e-03,1.182854527837227075e-02,-3.657662183118122121e-03,-3.324053662174777241e-03,-3.003427089104010982e-03,-2.689369353714237201e-03,-2.384859178670255264e-03,-2.084509236675339064e-03,-1.790407370155845798e-03,-1.502856533165770761e-03,-1.218597368258255787e-03,-9.389079752298481584e-04,-6.661158697599929785e-04,-3.953787499122451434e-04,-1.320454003601945279e-04,1.320454003601945279e-04,3.953787499122451434e-04,6.661158697599929785e-04,9.389079752298481584e-04,1.218597368258255787e-03,1.502856533165770761e-03,1.790407370155845798e-03,2.084509236675339064e-03,2.384859178670255264e-03,2.691175511775831426e-03,3.003427089104010982e-03,3.324053662174777241e-03,3.657662183118122121e-03,-3.161715970408718497e-03,-3.199134643388636817e-03,-3.236115654282748985e-03,-3.283042427469316793e-03,-3.333012017374416790e-03,-3.388406629192161970e-03,-3.455976956446488342e-03,-3.536889634640955331e-03,-3.635044940907103568e-03,-3.765193196201761013e-03,-3.948508445665327438e-03,-4.246107042143874161e-03,-4.968087048635993173e-03,-3.161715970408718497e-03,-3.199134643388636817e-03,-3.236115654282748985e-03,-3.279004244901703811e-03,-3.329393111818092915e-03,-3.388406629192161970e-03,-3.483780471783950138e-03,-3.560500379865527785e-03,-3.660288308552291179e-03,-3.792598565199590578e-03,-3.979399263345860527e-03,-4.289197368119238886e-03,-5.057819133962201431e-03,3.161715970408718497e-03,3.199134643388636817e-03,3.240573113861651075e-03,3.283042427469316793e-03,3.333012017374416790e-03,3.388406629192161970e-03,3.455976956446488342e-03,3.536889634640955331e-03,3.635044940907103568e-03,3.765193196201761013e-03,3.948508445665327438e-03,4.246107042143874161e-03,4.968087048635993173e-03,3.161715970408718497e-03,3.199134643388636817e-03,3.236115654282748985e-03,3.279004244901703811e-03,3.329393111818092915e-03,3.388406629192161970e-03,3.483780471783950138e-03,3.560500379865527785e-03,3.660288308552291179e-03,3.792598565199590578e-03,3.980502506834451490e-03,4.289881341547418549e-03,5.059142616046658977e-03
cs,2.105100000000000027e-01,1.003799999999999970e-01,6.703000000000000624e-02,5.049000000000000016e-02,3.833000000000000296e-02,2.522999999999999896e-02,2.214999999999999955e-02,2.259999999999999856e-02,1.666000000000000120e-02,1.353000000000000036e-02,1.026000000000000002e-02,7.280000000000000013e-03,3.840000000000000097e-03,-3.850000000000000124e-03,-7.289999999999999605e-03,-1.026999999999999962e-02,-1.354999999999999954e-02,-1.669999999999999957e-02,-2.264000000000000040e-02,-2.222999999999999976e-02,-2.536000000000000060e-02,-3.844999999999999807e-02,-5.059999999999999915e-02,-6.718999999999999972e-02,-1.006599999999999995e-01,-2.111599999999999866e-01,5.409999999999999878e-03,-5.999999999999999474e-04,-5.699999999999999772e-04,-5.100000000000000366e-04,-5.800000000000000034e-04,-4.800000000000000122e-04,-3.600000000000000227e-04,-2.700000000000000035e-04,-2.700000000000000035e-04,-2.100000000000000087e-04,-1.299999999999999886e-04,-5.000000000000000240e-05,6.000000000000000152e-05,-6.000000000000000152e-05,5.000000000000000240e-05,1.299999999999999886e-04,2.100000000000000087e-04,2.700000000000000035e-04,2.700000000000000035e-04,3.600000000000000227e-04,4.800000000000000122e-04,5.599999999999999509e-04,4.800000000000000122e-04,5.299999999999999807e-04,5.800000000000000034e-04,-5.510000000000000141e-03,2.370999999999999844e-02,-1.728000000000000022e-02,-3.277000000000000052e-02,-4.254999999999999755e-02,-5.143999999999999961e-02,-5.906000000000000139e-02,-6.689000000000000501e-02,-7.538000000000000256e-02,-8.587000000000000188e-02,-9.674000000000000654e-02,-1.126199999999999979e-01,-1.379499999999999893e-01,-2.096300000000000108e-01,1.192999999999999963e-02,2.569000000000000103e-02,2.693999999999999867e-02,3.243999999999999662e-02,4.290999999999999676e-02,5.777000000000000191e-02,1.074500000000000038e-01,1.105000000000000010e-01,1.186900000000000038e-01,1.332099999999999951e-01,1.531700000000000006e-01,1.885199999999999931e-01,2.853700000000000125e-01,-2.353999999999999843e-02,1.737999999999999962e-02,3.282999999999999807e-02,4.259000000000000286e-02,5.145000000000000268e-02,5.904999999999999832e-02,6.683999999999999664e-02,7.531999999999999806e-02,8.580000000000000127e-02,9.665999999999999592e-02,1.125400000000000011e-01,1.378300000000000081e-01,2.094600000000000073e-01,-1.163999999999999931e-02,-2.539999999999999897e-02,-2.678000000000000172e-02,-3.237999999999999906e-02,-4.291999999999999982e-02,-5.786999999999999783e-02,-1.079299999999999982e-01,-1.110099999999999976e-01,-1.191799999999999943e-01,-1.336600000000000010e-01,-1.536099999999999965e-01,-1.890000000000000013e-01,-2.860400000000000165e-01
cs*c/cref,1.493269605127524151e-02,1.852024525480878980e-02,1.994820724323279754e-02,2.073625925248858901e-02,2.007726000526876761e-02,1.606898678429407104e-02,1.661249615095084300e-02,1.950605233872744829e-02,1.626348359974893326e-02,1.473821994248842790e-02,1.233660830477101289e-02,9.576827660605269701e-03,5.485816856854295979e-03,-5.500102838252354451e-03,-9.589982643655551101e-03,-1.234863228947351808e-02,-1.476000592909964410e-02,-1.630253157958026083e-02,-1.954057632516767451e-02,-1.667249613704908581e-02,-1.615178378318262581e-02,-2.014011602406949944e-02,-2.078143628789706071e-02,-1.999582343238567178e-02,-1.857190563208859294e-02,-1.497880432372466868e-02,7.358851770423592131e-04,-9.053255548365257189e-05,-9.447866671022550589e-05,-9.211406114132040623e-05,-1.133785511171104957e-04,-1.009651295261516381e-04,-8.107505072403829716e-05,-6.481969072759713913e-05,-6.883290573843704513e-05,-5.665823988455980593e-05,-3.700643720888849579e-05,-1.497646779970625636e-05,1.886362862288493256e-05,-1.886362862288493256e-05,1.497646779970625636e-05,3.700643720888849579e-05,5.665823988455980593e-05,6.883290573843704513e-05,6.481969072759713913e-05,8.107505072403829716e-05,1.009651295261516381e-04,1.094689459061756417e-04,8.669558695653685053e-05,8.784858483582370697e-05,8.751480363419749384e-05,-7.494874908509056724e-04,1.255683176857465798e-02,-8.426988816731043747e-03,-1.460709504006139046e-02,-1.718246682519303931e-02,-1.861565018173072864e-02,-1.889700618697725057e-02,-1.859777140922812613e-02,-1.779777975028272452e-02,-1.667421522840240380e-02,-1.472886331583333694e-02,-1.242472816850598467e-02,-9.435413441748507699e-03,-5.548830987295878120e-03,6.318135934166835797e-03,1.252831844339239060e-02,1.200839610556160564e-02,1.309986424933636158e-02,1.552872374218634312e-02,1.848425410466772445e-02,2.987487723010259083e-02,2.608987347315257568e-02,2.304719466005684253e-02,2.028149557889351307e-02,1.689838051474037983e-02,1.289426706805675039e-02,7.553641648831869136e-03,-1.246679965551444370e-02,8.475756113124162036e-03,1.463383979753479953e-02,1.719861955546349297e-02,1.861926908728705338e-02,1.889380655843221277e-02,1.858386965155939610e-02,1.778361330314797914e-02,1.666062264582422389e-02,1.471668315183429984e-02,1.241590222059726044e-02,9.427205760610344806e-03,5.544331148208723505e-03,-6.164551741299410630e-03,-1.238689328385234392e-02,-1.193707675229917740e-02,-1.307563515393068629e-02,-1.553234264774266786e-02,-1.851625039011807472e-02,-3.000833410372240329e-02,-2.621028827379789233e-02,-2.314234273810408804e-02,-2.035000900138808633e-02,-1.694692322823836139e-02,-1.292709779260941064e-02,-7.571376308763598344e-03
csi,2.105100000000000027e-01,1.003799999999999970e-01,6.703000000000000624e-02,5.049000000000000016e-02,3.833000000000000296e-02,2.522999999999999896e-02,2.214999999999999955e-02,2.259999999999999856e-02,1.666000000000000120e-02,1.353000000000000036e-02,1.026000000000000002e-02,7.280000000000000013e-03,3.840000000000000097e-03,-3.850000000000000124e-03,-7.289999999999999605e-03,-1.026999999999999962e-02,-1.354999999999999954e-02,-1.669999999999999957e-02,-2.264000000000000040e-02,-2.222999999999999976e-02,-2.536000000000000060e-02,-3.844999999999999807e-02,-5.059999999999999915e-02,-6.718999999999999972e-02,-1.006599999999999995e-01,-2.111599999999999866e-01,5.409999999999999878e-03,-5.999999999999999474e-04,-5.699999999999999772e-04,-5.100000000000000366e-04,-5.800000000000000034e-04,-4.800000000000000122e-04,-3.600000000000000227e-04,-2.700000000000000035e-04,-2.700000000000000035e-04,-2.100000000000000087e-04,-1.299999999999999886e-04,-5.000000000000000240e-05,6.000000000000000152e-05,-6.000000000000000152e-05,5.000000000000000240e-05,1.299999999999999886e-04,2.100000000000000087e-04,2.700000000000000035e-04,2.700000000000000035e-04,3.600000000000000227e-04,4.800000000000000122e-04,5.599999999999999509e-04,4.800000000000000122e-04,5.299999999999999807e-04,5.800000000000000034e-04,-5.510000000000000141e-03,2.370999999999999844e-02,-1.728000000000000022e-02,-3.277000000000000052e-02,-4.254999999999999755e-02,-5.143999999999999961e-02,-5.906000000000000139e-02,-6.689000000000000501e-02,-7.538000000000000256e-02,-8.587000000000000188e-02,-9.674000000000000654e-02,-1.126199999999999979e-01,-1.379499999999999893e-01,-2.096300000000000108e-01,1.192999999999999963e-02,2.569000000000000103e-02,2.693999999999999867e-02,3.243999999999999662e-02,4.290999999999999676e-02,5.777000000000000191e-02,1.074500000000000038e-01,1.105000000000000010e-01,1.186900000000000038e-01,1.332099999999999951e-01,1.531700000000000006e-01,1.885199999999999931e-01,2.853700000000000125e-01,-2.353999999999999843e-02,1.737999999999999962e-02,3.282999999999999807e-02,4.259000000000000286e-02,5.145000000000000268e-02,5.904999999999999832e-02,6.683999999999999664e-02,7.531999999999999806e-02,8.580000000000000127e-02,9.665999999999999592e-02,1.125400000000000011e-01,1.378300000000000081e-01,2.094600000000000073e-01,-1.163999999999999931e-02,-2.539999999999999897e-02,-2.678000000000000172e-02,-3.237999999999999906e-02,-4.291999999999999982e-02,-5.786999999999999783e-02,-1.079299999999999982e-01,-1.110099999999999976e-01,-1.191799999999999943e-01,-1.336600000000000010e-01,-1.536099999999999965e-01,-1.890000000000000013e-01,-2.860400000000000165e-01
csi*c/cref,1.493269605127524151e-02,1.852024525480878980e-02,1.994820724323279754e-02,2.073625925248858901e-02,2.007726000526876761e-02,1.606898678429407104e-02,1.661249615095084300e-02,1.950605233872744829e-02,1.626348359974893326e-02,1.473821994248842790e-02,1.233660830477101289e-02,9.576827660605269701e-03,5.485816856854295979e-03,-5.500102838252354451e-03,-9.589982643655551101e-03,-1.234863228947351808e-02,-1.476000592909964410e-02,-1.630253157958026083e-02,-1.954057632516767451e-02,-1.667249613704908581e-02,-1.615178378318262581e-02,-2.014011602406949944e-02,-2.078143628789706071e-02,-1.999582343238567178e-02,-1.857190563208859294e-02,-1.497880432372466868e-02,7.358851770423592131e-04,-9.053255548365257189e-05,-9.447866671022550589e-05,-9.211406114132040623e-05,-1.133785511171104957e-04,-1.009651295261516381e-04,-8.107505072403829716e-05,-6.481969072759713913e-05,-6.883290573843704513e-05,-5.665823988455980593e-05,-3.700643720888849579e-05,-1.497646779970625636e-05,1.886362862288493256e-05,-1.886362862288493256e-05,1.497646779970625636e-05,3.700643720888849579e-05,5.665823988455980593e-05,6.883290573843704513e-05,6.481969072759713913e-05,8.107505072403829716e-05,1.009651295261516381e-04,1.094689459061756417e-04,8.669558695653685053e-05,8.784858483582370697e-05,8.751480363419749384e-05,-7.494874908509056724e-04,1.255683176857465798e-02,-8.426988816731043747e-03,-1.460709504006139046e-02,-1.718246682519303931e-02,-1.861565018173072864e-02,-1.889700618697725057e-02,-1.859777140922812613e-02,-1.779777975028272452e-02,-1.667421522840240380e-02,-1.472886331583333694e-02,-1.242472816850598467e-02,-9.435413441748507699e-03,-5.548830987295878120e-03,6.318135934166835797e-03,1.252831844339239060e-02,1.200839610556160564e-02,1.309986424933636158e-02,1.552872374218634312e-02,1.848425410466772445e-02,2.987487723010259083e-02,2.608987347315257568e-02,2.304719466005684253e-02,2.028149557889351307e-02,1.689838051474037983e-02,1.289426706805675039e-02,7.553641648831869136e-03,-1.246679965551444370e-02,8.475756113124162036e-03,1.463383979753479953e-02,1.719861955546349297e-02,1.861926908728705338e-02,1.889380655843221277e-02,1.858386965155939610e-02,1.778361330314797914e-02,1.666062264582422389e-02,1.471668315183429984e-02,1.241590222059726044e-02,9.427205760610344806e-03,5.544331148208723505e-03,-6.164551741299410630e-03,-1.238689328385234392e-02,-1.193707675229917740e-02,-1.307563515393068629e-02,-1.553234264774266786e-02,-1.851625039011807472e-02,-3.000833410372240329e-02,-2.621028827379789233e-02,-2.314234273810408804e-02,-2.035000900138808633e-02,-1.694692322823836139e-02,-1.292709779260941064e-02,-7.571376308763598344e-03
cso,0.000000000000000000e+00,0.000000000000000000e+00,0.000000000000000000e+00,0.000000000000000000e+00,0.000000000000000000e+00,0.000000000000000000e+00,0.000000000000000000e+00,0.000000000000000000e+00,0.000000000000000000e+00,0.000000000000000000e+00,0.000000000000000000e+00,0.000000000000000000e+00,0.000000000000000000e+00,0.000000000000000000e+00,0.000000000000000000e+00,0.000000000000000000e+00,0.000000000000000000e+00,0.000000000000000000e+00,0.000000000000000000e+00,0.000000000000000000e+00,0.000000000000000000e+00,0.000000000000000000e+00,0.000000000000000000e+00,0.000000000000000000e+00,0.000000000000000000e+00,0.000000000000000000e+00,0.000000000000000000e+00,0.000000000000000000e+00,0.000000000000000000e+00,0.000000000000000000e+00,0.000000000000000000e+00,0.000000000000000000e+00,0.000000000000000000e+00,0.000000000000000000e+00,0.000000000000000000e+00,0.000000000000000000e+00,0.000000000000000000e+00,0.000000000000000000e+00,0.000000000000000000e+00,0.000000000000000000e+00,0.000000000000000000e+00,0.000000000000000000e+00,0.000000000000000000e+00,0.000000000000000000e+00,0.000000000000000000e+00,0.000000000000000000e+00,0.000000000000000000e+00,0.000000000000000000e+00,0.000000000000000000e+00,0.000000000000000000e+00,0.000000000000000000e+00,0.000000000000000000e+00,0.000000000000000000e+00,0.000000000000000000e+00,0.000000000000000000e+00,0.000000000000000000e+00,0.000000000000000000e+00,0.000000000000000000e+00,0.000000000000000000e+00,0.000000000000000000e+00,0.000000000000000000e+00,0.000000000000000000e+00,0.000000000000000000e+00,0.000000000000000000e+00,0.000000000000000000e+00,0.000000000000000000e+00,0.000000000000000000e+00,0.000000000000000000e+00,0.000000000000000000e+00,0.000000000000000000e+00,0.000000000000000000e+00,0.000000000000000000e+00,0.000000000000000000e+00,0.000000000000000000e+00,0.000000000000000000e+00,0.000000000000000000e+00,0.000000000000000000e+00,0.000000000000000000e+00,0.000000000000000000e+00,0.000000000000000000e+00,0.000000000000000000e+00,0.000000000000000000e+00,0.000000000000000000e+00,0.000000000000000000e+00,0.000000000000000000e+00,0.000000000000000000e+00,0.000000000000000000e+00,0.000000000000000000e+00,0.000000000000000000e+00,0.000000000000000000e+00,0.000000000000000000e+00,0.000000000000000000e+00,0.000000000000000000e+00,0.000000000000000000e+00,0.000000000000000000e+00,0.000000000000000000e+00,0.000000000000000000e+00,0.000000000000000000e+00,0.000000000000000000e+00,0.000000000000000000e+00,0.000000000000000000e+00,0.000000000000000000e+00,0.000000000000000000e+00,0.000000000000000000e+00
cso*c/cref,0.000000000000000000e+00,0.000000000000000000e+00,0.000000000000000000e+00,0.000000000000000000e+00,0.000000000000000000e+00,0.000000000000000000e+00,0.000000000000000000e+00,0.000000000000000000e+00,0.000000000000000000e+00,0.000000000000000000e+00,0.000000000000000000e+00,0.000000000000000000e+00,0.000000000000000000e+00,0.000000000000000000e+00,0.000000000000000000e+00,0.000000000000000000e+00,0.000000000000000000e+00,0.000000000000000000e+00,0.000000000000000000e+00,0.000000000000000000e+00,0.000000000000000000e+00,0.000000000000000000e+00,0.000000000000000000e+00,0.000000000000000000e+00,0.000000000000000000e+00,0.000000000000000000e+00,0.000000000000000000e+00,0.000000000000000000e+00,0.000000000000000000e+00,0.000000000000000000e+00,0.000000000000000000e+00,0.000000000000000000e+00,0.000000000000000000e+00,0.000000000000000000e+00,0.000000000000000000e+00,0.000000000000000000e+00,0.000000000000000000e+00,0.000000000000000000e+00,0.000000000000000000e+00,0.000000000000000000e+00,0.000000000000000000e+00,0.000000000000000000e+00,0.000000000000000000e+00,0.000000000000000000e+00,0.000000000000000000e+00,0.000000000000000000e+00,0.000000000000000000e+00,0.000000000000000000e+00,0.000000000000000000e+00,0.000000000000000000e+00,0.000000000000000000e+00,0.000000000000000000e+00,0.000000000000000000e+00,0.000000000000000000e+00,0.000000000000000000e+00,0.000000000000000000e+00,0.000000000000000000e+00,0.000000000000000000e+00,0.000000000000000000e+00,0.000000000000000000e+00,0.000000000000000000e+00,0.000000000000000000e+00,0.000000000000000000e+00,0.000000000000000000e+00,0.000000000000000000e+00,0.000000000000000000e+00,0.000000000000000000e+00,0.000000000000000000e+00,0.000000000000000000e+00,0.000000000000000000e+00,0.000000000000000000e+00,0.000000000000000000e+00,0.000000000000000000e+00,0.000000000000000000e+00,0.000000000000000000e+00,0.000000000000000000e+00,0.000000000000000000e+00,0.000000000000000000e+00,0.000000000000000000e+00,0.000000000000000000e+00,0.000000000000000000e+00,0.000000000000000000e+00,0.000000000000000000e+00,0.000000000000000000e+00,0.000000000000000000e+00,0.000000000000000000e+00,0.000000000000000000e+00,0.000000000000000000e+00,0.000000000000000000e+00,0.000000000000000000e+00,0.000000000000000000e+00,0.000000000000000000e+00,0.000000000000000000e+00,0.000000000000000000e+00,0.000000000000000000e+00,0.000000000000000000e+00,0.000000000000000000e+00,0.000000000000000000e+00,0.000000000000000000e+00,0.000000000000000000e+00,0.000000000000000000e+00,0.000000000000000000e+00,0.000000000000000000e+00,0.000000000000000000e+00
cx,-1.007799999999999946e-01,-5.702999999999999736e-02,-4.005000000000000226e-02,-3.011000000000000135e-02,-2.215999999999999914e-02,-1.708000000000000143e-02,-1.252999999999999947e-02,-9.879999999999999893e-03,-6.720000000000000279e-03,-4.599999999999999922e-03,-2.150000000000000001e-03,-1.000000000000000048e-04,2.419999999999999842e-03,2.419999999999999842e-03,-1.000000000000000048e-04,-2.150000000000000001e-03,-4.629999999999999567e-03,-6.760000000000000384e-03,-9.939999999999999183e-03,-1.257999999999999917e-02,-1.711999999999999980e-02,-2.222000000000000017e-02,-3.019000000000000156e-02,-4.016000000000000125e-02,-5.720999999999999697e-02,-1.011200000000000015e-01,6.740000000000000331e-03,6.459999999999999597e-03,6.150000000000000085e-03,5.570000000000000298e-03,6.279999999999999992e-03,5.850000000000000165e-03,5.590000000000000351e-03,5.400000000000000286e-03,6.409999999999999899e-03,6.239999999999999887e-03,5.969999999999999613e-03,5.879999999999999810e-03,6.049999999999999822e-03,6.049999999999999822e-03,5.879999999999999810e-03,5.969999999999999613e-03,6.250000000000000347e-03,6.409999999999999899e-03,5.409999999999999878e-03,5.599999999999999943e-03,5.850000000000000165e-03,6.270000000000000399e-03,5.539999999999999786e-03,6.130000000000000032e-03,6.440000000000000412e-03,6.729999999999999871e-03,5.490000000000000088e-03,5.420000000000000338e-03,5.300000000000000024e-03,5.179999999999999709e-03,4.939999999999999947e-03,4.769999999999999934e-03,4.530000000000000172e-03,4.150000000000000043e-03,3.619999999999999954e-03,3.370000000000000166e-03,2.370000000000000145e-03,9.700000000000000505e-04,-3.640000000000000006e-03,5.499999999999999681e-03,5.449999999999999983e-03,5.360000000000000181e-03,5.259999999999999919e-03,5.069999999999999854e-03,4.899999999999999842e-03,4.089999999999999886e-03,4.020000000000000136e-03,3.320000000000000034e-03,2.530000000000000131e-03,5.900000000000000296e-04,-2.010000000000000068e-03,-9.339999999999999344e-03,5.490000000000000088e-03,5.420000000000000338e-03,5.300000000000000024e-03,5.179999999999999709e-03,4.939999999999999947e-03,4.769999999999999934e-03,4.530000000000000172e-03,4.150000000000000043e-03,3.619999999999999954e-03,3.370000000000000166e-03,2.370000000000000145e-03,9.700000000000000505e-04,-3.629999999999999980e-03,5.499999999999999681e-03,5.449999999999999983e-03,5.360000000000000181e-03,5.259999999999999919e-03,5.069999999999999854e-03,4.899999999999999842e-03,4.089999999999999886e-03,4.029999999999999728e-03,3.310000000000000008e-03,2.520000000000000104e-03,5.699999999999999772e-04,-2.040000000000000147e-03,-9.409999999999999962e-03
cx*c/cref,-7.148910303774257124e-03,-1.052211184381097141e-02,-1.191892734732915779e-02,-1.236618669226443798e-02,-1.160741147186944433e-02,-1.087825185397315632e-02,-9.397497822637204332e-03,-8.527424650735715775e-03,-6.560060611663435549e-03,-5.010776920579953185e-03,-2.585156711038760335e-03,-1.315498305028196292e-04,3.457207498330051171e-03,3.457207498330051171e-03,-1.315498305028196292e-04,-2.585156711038760335e-03,-5.043455900496778346e-03,-6.599108591494765724e-03,-8.579210630396053375e-03,-9.434997813948605219e-03,-1.090372785363117290e-02,-1.163883948126981371e-02,-1.239904271801605361e-02,-1.195166347737175970e-02,-1.055532208634798672e-02,-7.173028477055496364e-03,9.167959506960262229e-04,9.747338473739926767e-04,1.019375088189275209e-03,1.006030040308146349e-03,1.227616036233541074e-03,1.230512516099973100e-03,1.258915370964928037e-03,1.296393814551942891e-03,1.634144169568079331e-03,1.683559127998348302e-03,1.699449462592802400e-03,1.761232613245455663e-03,1.902082552807564083e-03,1.902082552807564083e-03,1.761232613245455663e-03,1.699449462592802400e-03,1.686257139421422791e-03,1.634144169568079331e-03,1.298794543838150111e-03,1.261167455707262394e-03,1.230512516099973100e-03,1.225661233628073769e-03,1.000611566123362807e-03,1.016060047252074269e-03,9.717160955245376800e-04,9.154357193151714794e-04,2.907507651179876661e-03,2.643187464507075132e-03,2.362453576817984905e-03,2.091778570023500490e-03,1.787739344824062961e-03,1.526222815981738597e-03,1.259499244787014739e-03,9.798459268197572472e-04,7.029306990429333955e-04,5.130894084593585602e-04,2.614687067959437644e-04,6.634542253349803376e-05,-9.634949574849494415e-05,2.912803657830477424e-03,2.657817653425010966e-03,2.389198334291396143e-03,2.124084030564404348e-03,1.834785117056275065e-03,1.567817987067194685e-03,1.137163777302183185e-03,9.491519580278131880e-04,6.446767737078837367e-04,3.851976864694887210e-04,6.509136582683832230e-05,-1.374786590642588027e-04,-2.472264533766326444e-04,2.907507651179876661e-03,2.643187464507075132e-03,2.362453576817984905e-03,2.091778570023500490e-03,1.787739344824062961e-03,1.526222815981738597e-03,1.259499244787014739e-03,9.798459268197572472e-04,7.029306990429333955e-04,5.130894084593585602e-04,2.614687067959437644e-04,6.634542253349803376e-05,-9.608479933160348103e-05,2.912803657830477424e-03,2.657817653425010966e-03,2.389198334291396143e-03,2.124084030564404348e-03,1.834785117056275065e-03,1.567817987067194685e-03,1.137163777302183185e-03,9.515130325502702815e-04,6.427349761967154256e-04,3.836751659696093007e-04,6.288487884965734476e-05,-1.395305793487999866e-04,-2.490793282948729269e-04
cxi,-1.117100000000000037e-01,-6.529999999999999694e-02,-4.739999999999999769e-02,-3.692999999999999755e-02,-2.863999999999999879e-02,-2.333000000000000004e-02,-1.875999999999999890e-02,-1.572000000000000133e-02,-1.235999999999999946e-02,-1.009000000000000001e-02,-7.510000000000000182e-03,-5.369999999999999774e-03,-2.759999999999999867e-03,-2.759999999999999867e-03,-5.369999999999999774e-03,-7.519999999999999775e-03,-1.010999999999999920e-02,-1.238999999999999997e-02,-1.576999999999999930e-02,-1.881999999999999992e-02,-2.336999999999999841e-02,-2.869999999999999982e-02,-3.701999999999999735e-02,-4.750999999999999668e-02,-6.549000000000000654e-02,-1.120600000000000068e-01,-3.000000000000000076e-05,-2.200000000000000078e-04,-4.600000000000000139e-04,-9.799999999999999684e-04,-2.000000000000000096e-04,-5.699999999999999772e-04,-7.699999999999999597e-04,-9.100000000000000016e-04,1.499999999999999869e-04,4.000000000000000327e-05,-2.000000000000000096e-04,-2.400000000000000061e-04,-2.000000000000000164e-05,-2.000000000000000164e-05,-2.300000000000000070e-04,-1.900000000000000105e-04,4.000000000000000327e-05,1.499999999999999869e-04,-8.999999999999999754e-04,-7.699999999999999597e-04,-5.699999999999999772e-04,-2.100000000000000087e-04,-1.000000000000000021e-03,-4.800000000000000122e-04,-2.400000000000000061e-04,-3.000000000000000076e-05,-1.299999999999999886e-04,-2.599999999999999772e-04,-4.499999999999999877e-04,-6.499999999999999702e-04,-9.700000000000000505e-04,-1.240000000000000000e-03,-1.600000000000000077e-03,-2.119999999999999923e-03,-2.830000000000000050e-03,-3.310000000000000008e-03,-4.629999999999999567e-03,-6.559999999999999859e-03,-1.244999999999999926e-02,-1.100000000000000039e-04,-2.200000000000000078e-04,-3.800000000000000209e-04,-5.599999999999999509e-04,-8.400000000000000348e-04,-1.110000000000000092e-03,-2.089999999999999844e-03,-2.289999999999999935e-03,-3.180000000000000101e-03,-4.199999999999999740e-03,-6.470000000000000057e-03,-9.610000000000000486e-03,-1.830999999999999989e-02,-1.200000000000000030e-04,-2.599999999999999772e-04,-4.499999999999999877e-04,-6.400000000000000524e-04,-9.700000000000000505e-04,-1.240000000000000000e-03,-1.600000000000000077e-03,-2.119999999999999923e-03,-2.830000000000000050e-03,-3.310000000000000008e-03,-4.629999999999999567e-03,-6.559999999999999859e-03,-1.243999999999999967e-02,-1.100000000000000039e-04,-2.200000000000000078e-04,-3.800000000000000209e-04,-5.599999999999999509e-04,-8.300000000000000086e-04,-1.110000000000000092e-03,-2.089999999999999844e-03,-2.289999999999999935e-03,-3.180000000000000101e-03,-4.210000000000000200e-03,-6.499999999999999702e-03,-9.650000000000000591e-03,-1.839000000000000010e-02
cxi*c/cref,-7.924238638962317199e-03,-1.204793798703939108e-02,-1.410629603653937650e-02,-1.516716288758969237e-02,-1.500163648710924578e-02,-1.485887680053827459e-02,-1.406999674003782397e-02,-1.356792667100865067e-02,-1.206582576788096071e-02,-1.099103024535907046e-02,-9.030012511581902296e-03,-7.064225898001414046e-03,-3.942930865864025317e-03,-3.942930865864025317e-03,-7.064225898001414046e-03,-9.042036496284407490e-03,-1.101281623197028665e-02,-1.209511175275445813e-02,-1.361108165405893085e-02,-1.411499672961150781e-02,-1.488435280019629117e-02,-1.503306449650961517e-02,-1.520412591656026061e-02,-1.413903216658197841e-02,-1.208299324305068569e-02,-7.949066170281239921e-03,-4.080694142563914604e-06,-3.319527034400594664e-05,-7.624594155562057919e-05,-1.770034900362627472e-04,-3.909605210934844540e-05,-1.198960913123050533e-04,-1.734105251597485684e-04,-2.184663650448644319e-04,3.824050318802057460e-05,1.079204569229710646e-05,-5.693298032136692651e-05,-7.188704543859002238e-05,-6.287876207628311417e-06,-6.287876207628311417e-06,-6.889175187864877991e-05,-5.408633130529858120e-05,1.079204569229710646e-05,3.824050318802057460e-05,-2.160656357586571304e-04,-1.734105251597485684e-04,-1.198960913123050533e-04,-4.105085471481586564e-05,-1.806158061594517663e-04,-7.956098249282147865e-05,-3.621302219346103147e-05,-4.080694142563914604e-06,-6.884808645781129003e-05,-1.267949706221106049e-04,-2.005856810505836092e-04,-2.624818668948408068e-04,-3.510338389634293796e-04,-3.967539395843513094e-04,-4.448562453993871015e-04,-5.005477987609362493e-04,-5.495286956606358414e-04,-5.039542854600820385e-04,-5.108017352173921388e-04,-4.486865688863371873e-04,-3.295470390298796642e-04,-5.825607315660955363e-05,-1.072880520648628174e-04,-1.693834639982706334e-04,-2.261382237863243736e-04,-3.039880667312172221e-04,-3.551587684988951666e-04,-5.810934705529493356e-04,-5.406860656427094416e-04,-6.174916085515271642e-04,-6.394586099493488164e-04,-7.137985371180404458e-04,-6.572984644813567590e-04,-4.846591393282809234e-04,-6.355207980721041844e-05,-1.267949706221106049e-04,-2.005856810505836092e-04,-2.584436843272279330e-04,-3.510338389634293796e-04,-3.967539395843513094e-04,-4.448562453993871015e-04,-5.005477987609362493e-04,-5.495286956606358414e-04,-5.039542854600820385e-04,-5.108017352173921388e-04,-4.486865688863371873e-04,-3.292823426129882418e-04,-5.825607315660955363e-05,-1.072880520648628174e-04,-1.693834639982706334e-04,-2.261382237863243736e-04,-3.003691611748931850e-04,-3.551587684988951666e-04,-5.810934705529493356e-04,-5.406860656427094416e-04,-6.174916085515271642e-04,-6.409811304492282367e-04,-7.171082675838119256e-04,-6.600343581940783374e-04,-4.867767106634126825e-04
cxo,1.091999999999999915e-02,8.279999999999999166e-03,7.349999999999999763e-03,6.819999999999999674e-03,6.479999999999999649e-03,6.250000000000000347e-03,6.230000000000000294e-03,5.830000000000000113e-03,5.629999999999999588e-03,5.490000000000000088e-03,5.369999999999999774e-03,5.270000000000000379e-03,5.179999999999999709e-03,5.179999999999999709e-03,5.270000000000000379e-03,5.369999999999999774e-03,5.490000000000000088e-03,5.640000000000000048e-03,5.830000000000000113e-03,6.230000000000000294e-03,6.250000000000000347e-03,6.479999999999999649e-03,6.819999999999999674e-03,7.349999999999999763e-03,8.279999999999999166e-03,1.093000000000000048e-02,6.760000000000000384e-03,6.680000000000000174e-03,6.610000000000000424e-03,6.550000000000000266e-03,6.479999999999999649e-03,6.420000000000000359e-03,6.369999999999999794e-03,6.309999999999999637e-03,6.259999999999999939e-03,6.210000000000000242e-03,6.159999999999999677e-03,6.119999999999999572e-03,6.069999999999999875e-03,6.069999999999999875e-03,6.119999999999999572e-03,6.159999999999999677e-03,6.210000000000000242e-03,6.259999999999999939e-03,6.309999999999999637e-03,6.369999999999999794e-03,6.420000000000000359e-03,6.479999999999999649e-03,6.550000000000000266e-03,6.610000000000000424e-03,6.680000000000000174e-03,6.760000000000000384e-03,5.610000000000000403e-03,5.680000000000000153e-03,5.740000000000000310e-03,5.819999999999999653e-03,5.910000000000000323e-03,6.009999999999999717e-03,6.130000000000000032e-03,6.270000000000000399e-03,6.450000000000000004e-03,6.680000000000000174e-03,7.000000000000000146e-03,7.530000000000000235e-03,8.810000000000000123e-03,5.610000000000000403e-03,5.669999999999999693e-03,5.740000000000000310e-03,5.819999999999999653e-03,5.910000000000000323e-03,6.009999999999999717e-03,6.179999999999999730e-03,6.320000000000000097e-03,6.490000000000000109e-03,6.729999999999999871e-03,7.060000000000000303e-03,7.609999999999999577e-03,8.970000000000000542e-03,5.610000000000000403e-03,5.680000000000000153e-03,5.740000000000000310e-03,5.819999999999999653e-03,5.910000000000000323e-03,6.009999999999999717e-03,6.130000000000000032e-03,6.270000000000000399e-03,6.450000000000000004e-03,6.680000000000000174e-03,7.000000000000000146e-03,7.530000000000000235e-03,8.810000000000000123e-03,5.610000000000000403e-03,5.669999999999999693e-03,5.740000000000000310e-03,5.819999999999999653e-03,5.910000000000000323e-03,6.009999999999999717e-03,6.179999999999999730e-03,6.320000000000000097e-03,6.490000000000000109e-03,6.729999999999999871e-03,7.060000000000000303e-03,7.609999999999999577e-03,8.970000000000000542e-03
cxo*c/cref,7.746189771503758344e-04,1.527671156702697453e-03,2.187368689210220010e-03,2.800976195325256130e-03,3.394225015239801455e-03,3.980624946565119136e-03,4.672498917400621371e-03,5.031871023662877473e-03,5.496003161259693272e-03,5.980253324779118140e-03,6.456879785245646722e-03,6.932676067498594850e-03,7.400138364194076487e-03,7.400138364194076487e-03,6.932676067498594850e-03,6.456879785245646722e-03,5.980253324779118140e-03,5.505765156217526032e-03,5.031871023662877473e-03,4.672498917400621371e-03,3.980624946565119136e-03,3.394225015239801455e-03,2.800976195325256130e-03,2.187368689210220010e-03,1.527671156702697453e-03,7.753283351880594244e-04,9.195164134577354931e-04,1.007929117717998617e-03,1.095621029744895747e-03,1.183033530344409232e-03,1.266712088342889560e-03,1.350408607412278018e-03,1.434577980867010908e-03,1.514860179596807079e-03,1.595903666380058851e-03,1.675465093729125703e-03,1.753535793898101198e-03,1.833119658684045482e-03,1.908370429015192457e-03,1.908370429015192457e-03,1.833119658684045482e-03,1.753535793898101198e-03,1.675465093729125703e-03,1.595903666380058851e-03,1.514860179596807079e-03,1.434577980867010908e-03,1.350408607412278018e-03,1.266712088342889560e-03,1.183033530344409232e-03,1.095621029744895747e-03,1.007929117717998617e-03,9.195164134577354931e-04,2.971059730987087553e-03,2.769982435129185547e-03,2.558581798289666885e-03,2.350222254350728315e-03,2.138773183787492666e-03,1.922976755566089798e-03,1.704355490186401732e-03,1.480393725580693605e-03,1.252459394703569345e-03,1.017043693919440599e-03,7.722704420133359032e-04,5.150319914198352210e-04,2.331975432813847607e-04,2.971059730987087553e-03,2.765105705489873458e-03,2.558581798289666885e-03,2.350222254350728315e-03,2.138773183787492666e-03,1.922976755566089798e-03,1.718257247855132629e-03,1.492199098192979832e-03,1.260226584748242590e-03,1.024656296418837483e-03,7.788899029448788629e-04,5.205037788452783780e-04,2.374326859516482789e-04,2.971059730987087553e-03,2.769982435129185547e-03,2.558581798289666885e-03,2.350222254350728315e-03,2.138773183787492666e-03,1.922976755566089798e-03,1.704355490186401732e-03,1.480393725580693605e-03,1.252459394703569345e-03,1.017043693919440599e-03,7.722704420133359032e-04,5.150319914198352210e-04,2.331975432813847607e-04,2.971059730987087553e-03,2.765105705489873458e-03,2.558581798289666885e-03,2.350222254350728315e-03,2.138773183787492666e-03,1.922976755566089798e-03,1.718257247855132629e-03,1.492199098192979832e-03,1.260226584748242590e-03,1.024656296418837483e-03,7.788899029448788629e-04,5.205037788452783780e-04,2.374326859516482789e-04
cy,2.105100000000000027e-01,1.003799999999999970e-01,6.703000000000000624e-02,5.049000000000000016e-02,3.833000000000000296e-02,2.522999999999999896e-02,2.214999999999999955e-02,2.259999999999999856e-02,1.666000000000000120e-02,1.353000000000000036e-02,1.026000000000000002e-02,7.280000000000000013e-03,3.840000000000000097e-03,-3.850000000000000124e-03,-7.289999999999999605e-03,-1.026999999999999962e-02,-1.354999999999999954e-02,-1.669999999999999957e-02,-2.264000000000000040e-02,-2.222999999999999976e-02,-2.536000000000000060e-02,-3.844999999999999807e-02,-5.059999999999999915e-02,-6.718999999999999972e-02,-1.006599999999999995e-01,-2.111599999999999866e-01,5.409999999999999878e-03,-5.999999999999999474e-04,-5.699999999999999772e-04,-5.100000000000000366e-04,-5.800000000000000034e-04,-4.800000000000000122e-04,-3.600000000000000227e-04,-2.700000000000000035e-04,-2.700000000000000035e-04,-2.100000000000000087e-04,-1.299999999999999886e-04,-5.000000000000000240e-05,6.000000000000000152e-05,-6.000000000000000152e-05,5.000000000000000240e-05,1.299999999999999886e-04,2.100000000000000087e-04,2.700000000000000035e-04,2.700000000000000035e-04,3.600000000000000227e-04,4.800000000000000122e-04,5.599999999999999509e-04,4.800000000000000122e-04,5.299999999999999807e-04,5.800000000000000034e-04,-5.510000000000000141e-03,2.370999999999999844e-02,-1.728000000000000022e-02,-3.277000000000000052e-02,-4.254999999999999755e-02,-5.143999999999999961e-02,-5.906000000000000139e-02,-6.689000000000000501e-02,-7.538000000000000256e-02,-8.587000000000000188e-02,-9.674000000000000654e-02,-1.126199999999999979e-01,-1.379499999999999893e-01,-2.096300000000000108e-01,1.192999999999999963e-02,2.569000000000000103e-02,2.693999999999999867e-02,3.243999999999999662e-02,4.290999999999999676e-02,5.777000000000000191e-02,1.074500000000000038e-01,1.105000000000000010e-01,1.186900000000000038e-01,1.332099999999999951e-01,1.531700000000000006e-01,1.885199999999999931e-01,2.853700000000000125e-01,-2.353999999999999843e-02,1.737999999999999962e-02,3.282999999999999807e-02,4.259000000000000286e-02,5.145000000000000268e-02,5.904999999999999832e-02,6.683999999999999664e-02,7.531999999999999806e-02,8.580000000000000127e-02,9.665999999999999592e-02,1.125400000000000011e-01,1.378300000000000081e-01,2.094600000000000073e-01,-1.163999999999999931e-02,-2.539999999999999897e-02,-2.678000000000000172e-02,-3.237999999999999906e-02,-4.291999999999999982e-02,-5.786999999999999783e-02,-1.079299999999999982e-01,-1.110099999999999976e-01,-1.191799999999999943e-01,-1.336600000000000010e-01,-1.536099999999999965e-01,-1.890000000000000013e-01,-2.860400000000000165e-01
cy*c/cref,1.493269605127524151e-02,1.852024525480878980e-02,1.994820724323279754e-02,2.073625925248858901e-02,2.007726000526876761e-02,1.606898678429407104e-02,1.661249615095084300e-02,1.950605233872744829e-02,1.626348359974893326e-02,1.473821994248842790e-02,1.233660830477101289e-02,9.576827660605269701e-03,5.485816856854295979e-03,-5.500102838252354451e-03,-9.589982643655551101e-03,-1.234863228947351808e-02,-1.476000592909964410e-02,-1.630253157958026083e-02,-1.954057632516767451e-02,-1.667249613704908581e-02,-1.615178378318262581e-02,-2.014011602406949944e-02,-2.078143628789706071e-02,-1.999582343238567178e-02,-1.857190563208859294e-02,-1.497880432372466868e-02,7.358851770423592131e-04,-9.053255548365257189e-05,-9.447866671022550589e-05,-9.211406114132040623e-05,-1.133785511171104957e-04,-1.009651295261516381e-04,-8.107505072403829716e-05,-6.481969072759713913e-05,-6.883290573843704513e-05,-5.665823988455980593e-05,-3.700643720888849579e-05,-1.497646779970625636e-05,1.886362862288493256e-05,-1.886362862288493256e-05,1.497646779970625636e-05,3.700643720888849579e-05,5.665823988455980593e-05,6.883290573843704513e-05,6.481969072759713913e-05,8.107505072403829716e-05,1.009651295261516381e-04,1.094689459061756417e-04,8.669558695653685053e-05,8.784858483582370697e-05,8.751480363419749384e-05,-7.494874908509056724e-04,1.255683176857465798e-02,-8.426988816731043747e-03,-1.460709504006139046e-02,-1.718246682519303931e-02,-1.861565018173072864e-02,-1.889700618697725057e-02,-1.859777140922812613e-02,-1.779777975028272452e-02,-1.667421522840240380e-02,-1.472886331583333694e-02,-1.242472816850598467e-02,-9.435413441748507699e-03,-5.548830987295878120e-03,6.318135934166835797e-03,1.252831844339239060e-02,1.200839610556160564e-02,1.309986424933636158e-02,1.552872374218634312e-02,1.848425410466772445e-02,2.987487723010259083e-02,2.608987347315257568e-02,2.304719466005684253e-02,2.028149557889351307e-02,1.689838051474037983e-02,1.289426706805675039e-02,7.553641648831869136e-03,-1.246679965551444370e-02,8.475756113124162036e-03,1.463383979753479953e-02,1.719861955546349297e-02,1.861926908728705338e-02,1.889380655843221277e-02,1.858386965155939610e-02,1.778361330314797914e-02,1.666062264582422389e-02,1.471668315183429984e-02,1.241590222059726044e-02,9.427205760610344806e-03,5.544331148208723505e-03,-6.164551741299410630e-03,-1.238689328385234392e-02,-1.193707675229917740e-02,-1.307563515393068629e-02,-1.553234264774266786e-02,-1.851625039011807472e-02,-3.000833410372240329e-02,-2.621028827379789233e-02,-2.314234273810408804e-02,-2.035000900138808633e-02,-1.694692322823836139e-02,-1.292709779260941064e-02,-7.571376308763598344e-03
cyi,2.105100000000000027e-01,1.003799999999999970e-01,6.703000000000000624e-02,5.049000000000000016e-02,3.833000000000000296e-02,2.522999999999999896e-02,2.214999999999999955e-02,2.259999999999999856e-02,1.666000000000000120e-02,1.353000000000000036e-02,1.026000000000000002e-02,7.280000000000000013e-03,3.840000000000000097e-03,-3.850000000000000124e-03,-7.289999999999999605e-03,-1.026999999999999962e-02,-1.354999999999999954e-02,-1.669999999999999957e-02,-2.264000000000000040e-02,-2.222999999999999976e-02,-2.536000000000000060e-02,-3.844999999999999807e-02,-5.059999999999999915e-02,-6.718999999999999972e-02,-1.006599999999999995e-01,-2.111599999999999866e-01,5.409999999999999878e-03,-5.999999999999999474e-04,-5.699999999999999772e-04,-5.100000000000000366e-04,-5.800000000000000034e-04,-4.800000000000000122e-04,-3.600000000000000227e-04,-2.700000000000000035e-04,-2.700000000000000035e-04,-2.100000000000000087e-04,-1.299999999999999886e-04,-5.000000000000000240e-05,6.000000000000000152e-05,-6.000000000000000152e-05,5.000000000000000240e-05,1.299999999999999886e-04,2.100000000000000087e-04,2.700000000000000035e-04,2.700000000000000035e-04,3.600000000000000227e-04,4.800000000000000122e-04,5.599999999999999509e-04,4.800000000000000122e-04,5.299999999999999807e-04,5.800000000000000034e-04,-5.510000000000000141e-03,2.370999999999999844e-02,-1.728000000000000022e-02,-3.277000000000000052e-02,-4.254999999999999755e-02,-5.143999999999999961e-02,-5.906000000000000139e-02,-6.689000000000000501e-02,-7.538000000000000256e-02,-8.587000000000000188e-02,-9.674000000000000654e-02,-1.126199999999999979e-01,-1.379499999999999893e-01,-2.096300000000000108e-01,1.192999999999999963e-02,2.569000000000000103e-02,2.693999999999999867e-02,3.243999999999999662e-02,4.290999999999999676e-02,5.777000000000000191e-02,1.074500000000000038e-01,1.105000000000000010e-01,1.186900000000000038e-01,1.332099999999999951e-01,1.531700000000000006e-01,1.885199999999999931e-01,2.853700000000000125e-01,-2.353999999999999843e-02,1.737999999999999962e-02,3.282999999999999807e-02,4.259000000000000286e-02,5.145000000000000268e-02,5.904999999999999832e-02,6.683999999999999664e-02,7.531999999999999806e-02,8.580000000000000127e-02,9.665999999999999592e-02,1.125400000000000011e-01,1.378300000000000081e-01,2.094600000000000073e-01,-1.163999999999999931e-02,-2.539999999999999897e-02,-2.678000000000000172e-02,-3.237999999999999906e-02,-4.291999999999999982e-02,-5.786999999999999783e-02,-1.079299999999999982e-01,-1.110099999999999976e-01,-1.191799999999999943e-01,-1.336600000000000010e-01,-1.536099999999999965e-01,-1.890000000000000013e-01,-2.860400000000000165e-01
cyi*c/cref,1.493269605127524151e-02,1.852024525480878980e-02,1.994820724323279754e-02,2.073625925248858901e-02,2.007726000526876761e-02,1.606898678429407104e-02,1.661249615095084300e-02,1.950605233872744829e-02,1.626348359974893326e-02,1.473821994248842790e-02,1.233660830477101289e-02,9.576827660605269701e-03,5.485816856854295979e-03,-5.500102838252354451e-03,-9.589982643655551101e-03,-1.234863228947351808e-02,-1.476000592909964410e-02,-1.630253157958026083e-02,-1.954057632516767451e-02,-1.667249613704908581e-02,-1.615178378318262581e-02,-2.014011602406949944e-02,-2.078143628789706071e-02,-1.999582343238567178e-02,-1.857190563208859294e-02,-1.497880432372466868e-02,7.358851770423592131e-04,-9.053255548365257189e-05,-9.447866671022550589e-05,-9.211406114132040623e-05,-1.133785511171104957e-04,-1.009651295261516381e-04,-8.107505072403829716e-05,-6.481969072759713913e-05,-6.883290573843704513e-05,-5.665823988455980593e-05,-3.700643720888849579e-05,-1.497646779970625636e-05,1.886362862288493256e-05,-1.886362862288493256e-05,1.497646779970625636e-05,3.700643720888849579e-05,5.665823988455980593e-05,6.883290573843704513e-05,6.481969072759713913e-05,8.107505072403829716e-05,1.009651295261516381e-04,1.094689459061756417e-04,8.669558695653685053e-05,8.784858483582370697e-05,8.751480363419749384e-05,-7.494874908509056724e-04,1.255683176857465798e-02,-8.426988816731043747e-03,-1.460709504006139046e-02,-1.718246682519303931e-02,-1.861565018173072864e-02,-1.889700618697725057e-02,-1.859777140922812613e-02,-1.779777975028272452e-02,-1.667421522840240380e-02,-1.472886331583333694e-02,-1.242472816850598467e-02,-9.435413441748507699e-03,-5.548830987295878120e-03,6.318135934166835797e-03,1.252831844339239060e-02,1.200839610556160564e-02,1.309986424933636158e-02,1.552872374218634312e-02,1.848425410466772445e-02,2.987487723010259083e-02,2.608987347315257568e-02,2.304719466005684253e-02,2.028149557889351307e-02,1.689838051474037983e-02,1.289426706805675039e-02,7.553641648831869136e-03,-1.246679965551444370e-02,8.475756113124162036e-03,1.463383979753479953e-02,1.719861955546349297e-02,1.861926908728705338e-02,1.889380655843221277e-02,1.858386965155939610e-02,1.778361330314797914e-02,1.666062264582422389e-02,1.471668315183429984e-02,1.241590222059726044e-02,9.427205760610344806e-03,5.544331148208723505e-03,-6.164551741299410630e-03,-1.238689328385234392e-02,-1.193707675229917740e-02,-1.307563515393068629e-02,-1.553234264774266786e-02,-1.851625039011807472e-02,-3.000833410372240329e-02,-2.621028827379789233e-02,-2.314234273810408804e-02,-2.035000900138808633e-02,-1.694692322823836139e-02,-1.292709779260941064e-02,-7.571376308763598344e-03
cyo,0.000000000000000000e+00,0.000000000000000000e+00,0.000000000000000000e+00,0.000000000000000000e+00,0.000000000000000000e+00,0.000000000000000000e+00,0.000000000000000000e+00,0.000000000000000000e+00,0.000000000000000000e+00,0.000000000000000000e+00,0.000000000000000000e+00,0.000000000000000000e+00,0.000000000000000000e+00,0.000000000000000000e+00,0.000000000000000000e+00,0.000000000000000000e+00,0.000000000000000000e+00,0.000000000000000000e+00,0.000000000000000000e+00,0.000000000000000000e+00,0.000000000000000000e+00,0.000000000000000000e+00,0.000000000000000000e+00,0.000000000000000000e+00,0.000000000000000000e+00,0.000000000000000000e+00,0.000000000000000000e+00,0.000000000000000000e+00,0.000000000000000000e+00,0.000000000000000000e+00,0.000000000000000000e+00,0.000000000000000000e+00,0.000000000000000000e+00,0.000000000000000000e+00,0.000000000000000000e+00,0.000000000000000000e+00,0.000000000000000000e+00,0.000000000000000000e+00,0.000000000000000000e+00,0.000000000000000000e+00,0.000000000000000000e+00,0.000000000000000000e+00,0.000000000000000000e+00,0.000000000000000000e+00,0.000000000000000000e+00,0.000000000000000000e+00,0.000000000000000000e+00,0.000000000000000000e+00,0.000000000000000000e+00,0.000000000000000000e+00,0.000000000000000000e+00,0.000000000000000000e+00,0.000000000000000000e+00,0.000000000000000000e+00,0.000000000000000000e+00,0.000000000000000000e+00,0.000000000000000000e+00,0.000000000000000000e+00,0.000000000000000000e+00,0.000000000000000000e+00,0.000000000000000000e+00,0.000000000000000000e+00,0.000000000000000000e+00,0.000000000000000000e+00,0.000000000000000000e+00,0.000000000000000000e+00,0.000000000000000000e+00,0.000000000000000000e+00,0.000000000000000000e+00,0.000000000000000000e+00,0.000000000000000000e+00,0.000000000000000000e+00,0.000000000000000000e+00,0.000000000000000000e+00,0.000000000000000000e+00,0.000000000000000000e+00,0.000000000000000000e+00,0.000000000000000000e+00,0.000000000000000000e+00,0.000000000000000000e+00,0.000000000000000000e+00,0.000000000000000000e+00,0.000000000000000000e+00,0.000000000000000000e+00,0.000000000000000000e+00,0.000000000000000000e+00,0.000000000000000000e+00,0.000000000000000000e+00,0.000000000000000000e+00,0.000000000000000000e+00,0.000000000000000000e+00,0.000000000000000000e+00,0.000000000000000000e+00,0.000000000000000000e+00,0.000000000000000000e+00,0.000000000000000000e+00,0.000000000000000000e+00,0.000000000000000000e+00,0.000000000000000000e+00,0.000000000000000000e+00,0.000000000000000000e+00,0.000000000000000000e+00,0.000000000000000000e+00,0.000000000000000000e+00
cyo*c/cref,0.000000000000000000e+00,0.000000000000000000e+00,0.000000000000000000e+00,0.000000000000000000e+00,0.000000000000000000e+00,0.000000000000000000e+00,0.000000000000000000e+00,0.000000000000000000e+00,0.000000000000000000e+00,0.000000000000000000e+00,0.000000000000000000e+00,0.000000000000000000e+00,0.000000000000000000e+00,0.000000000000000000e+00,0.000000000000000000e+00,0.000000000000000000e+00,0.000000000000000000e+00,0.000000000000000000e+00,0.000000000000000000e+00,0.000000000000000000e+00,0.000000000000000000e+00,0.000000000000000000e+00,0.000000000000000000e+00,0.000000000000000000e+00,0.000000000000000000e+00,0.000000000000000000e+00,0.000000000000000000e+00,0.000000000000000000e+00,0.000000000000000000e+00,0.000000000000000000e+00,0.000000000000000000e+00,0.000000000000000000e+00,0.000000000000000000e+00,0.000000000000000000e+00,0.000000000000000000e+00,0.000000000000000000e+00,0.000000000000000000e+00,0.000000000000000000e+00,0.000000000000000000e+00,0.000000000000000000e+00,0.000000000000000000e+00,0.000000000000000000e+00,0.000000000000000000e+00,0.000000000000000000e+00,0.000000000000000000e+00,0.000000000000000000e+00,0.000000000000000000e+00,0.000000000000000000e+00,0.000000000000000000e+00,0.000000000000000000e+00,0.000000000000000000e+00,0.000000000000000000e+00,0.000000000000000000e+00,0.000000000000000000e+00,0.000000000000000000e+00,0.000000000000000000e+00,0.000000000000000000e+00,0.000000000000000000e+00,0.000000000000000000e+00,0.000000000000000000e+00,0.000000000000000000e+00,0.000000000000000000e+00,0.000000000000000000e+00,0.000000000000000000e+00,0.000000000000000000e+00,0.000000000000000000e+00,0.000000000000000000e+00,0.000000000000000000e+00,0.000000000000000000e+00,0.000000000000000000e+00,0.000000000000000000e+00,0.000000000000000000e+00,0.000000000000000000e+00,0.000000000000000000e+00,0.000000000000000000e+00,0.000000000000000000e+00,0.000000000000000000e+00,0.000000000000000000e+00,0.000000000000000000e+00,0.000000000000000000e+00,0.000000000000000000e+00,0.000000000000000000e+00,0.000000000000000000e+00,0.000000000000000000e+00,0.000000000000000000e+00,0.000000000000000000e+00,0.000000000000000000e+00,0.000000000000000000e+00,0.000000000000000000e+00,0.000000000000000000e+00,0.000000000000000000e+00,0.000000000000000000e+00,0.000000000000000000e+00,0.000000000000000000e+00,0.000000000000000000e+00,0.000000000000000000e+00,0.000000000000000000e+00,0.000000000000000000e+00,0.000000000000000000e+00,0.000000000000000000e+00,0.000000000000000000e+00,0.000000000000000000e+00,0.000000000000000000e+00,0.000000000000000000e+00
cz,7.555899999999999839e-01,5.407600000000000184e-01,4.553699999999999970e-01,4.042399999999999882e-01,3.705899999999999750e-01,3.503399999999999848e-01,3.716099999999999959e-01,2.986800000000000010e-01,2.651600000000000068e-01,2.407400000000000095e-01,2.214200000000000057e-01,2.043300000000000116e-01,1.892199999999999993e-01,1.892300000000000093e-01,2.043500000000000039e-01,2.214399999999999979e-01,2.407600000000000018e-01,2.651999999999999913e-01,2.987299999999999955e-01,3.716599999999999904e-01,3.504900000000000237e-01,3.708299999999999930e-01,4.045699999999999852e-01,4.557999999999999829e-01,5.414700000000000069e-01,7.567599999999999882e-01,1.135400000000000020e-01,9.131999999999999840e-02,1.027300000000000019e-01,1.113100000000000062e-01,1.160500000000000004e-01,1.177200000000000052e-01,1.179299999999999932e-01,1.176399999999999946e-01,1.155499999999999999e-01,1.129300000000000026e-01,1.096599999999999936e-01,1.062899999999999956e-01,1.025299999999999961e-01,1.025200000000000000e-01,1.062899999999999956e-01,1.096599999999999936e-01,1.129300000000000026e-01,1.155599999999999961e-01,1.176800000000000068e-01,1.179999999999999938e-01,1.178300000000000042e-01,1.162600000000000022e-01,1.116299999999999931e-01,1.031799999999999939e-01,9.185000000000000109e-02,1.147999999999999993e-01,-7.609999999999999577e-03,-3.499999999999999964e-04,4.800000000000000122e-04,1.059999999999999961e-03,1.709999999999999932e-03,2.350000000000000092e-03,3.259999999999999877e-03,4.369999999999999753e-03,5.969999999999999613e-03,7.199999999999999803e-03,1.009999999999999960e-02,1.521999999999999915e-02,3.341999999999999832e-02,3.950000000000000386e-03,9.000000000000000567e-05,2.000000000000000164e-05,-6.700000000000000226e-04,-1.410000000000000012e-03,-1.831999999999999948e-02,-2.130999999999999908e-02,-3.810000000000000019e-03,-6.579999999999999911e-03,-9.079999999999999530e-03,-1.400000000000000029e-02,-2.216999999999999874e-02,-4.954999999999999682e-02,-7.779999999999999589e-03,-3.499999999999999964e-04,4.699999999999999859e-04,1.059999999999999961e-03,1.709999999999999932e-03,2.340000000000000066e-03,3.249999999999999851e-03,4.369999999999999753e-03,5.969999999999999613e-03,7.199999999999999803e-03,1.009000000000000001e-02,1.519999999999999997e-02,3.339999999999999913e-02,4.120000000000000398e-03,8.000000000000000654e-05,2.000000000000000164e-05,-6.700000000000000226e-04,-1.410000000000000012e-03,-1.863000000000000073e-02,-2.163999999999999951e-02,-3.779999999999999940e-03,-6.579999999999999911e-03,-9.100000000000000450e-03,-1.404999999999999999e-02,-2.225999999999999854e-02,-4.975999999999999868e-02
cz*c/cref,5.359838396932715271e-02,9.977094863509067268e-02,1.355186503409058218e-01,1.660214981229151676e-01,1.941151000613762223e-01,2.231315430047397796e-01,2.787074354245978602e-01,2.577906067491643194e-01,2.588490583018863700e-01,2.622379208392213168e-01,2.662350692828847620e-01,2.687957686664113610e-01,2.703193400140546654e-01,2.703336259954527421e-01,2.688220786325118961e-01,2.662591172522897898e-01,2.622597068258324948e-01,2.588881062817177114e-01,2.578337617322146169e-01,2.787449354159092785e-01,2.232270780034573687e-01,1.942408120989776998e-01,1.661570292291405793e-01,1.356466188492541913e-01,9.990194459176446329e-02,5.368137885973612439e-02,1.544406709822356179e-02,1.377905494461192232e-02,1.702770777393239690e-02,2.010434538360857809e-02,2.268548423644943524e-02,2.476169801628868780e-02,2.655883536634954384e-02,2.824217932294269262e-02,2.945793428917185125e-02,3.046864300077780155e-02,3.121635311020548240e-02,3.183697524861555522e-02,3.223479737840653780e-02,3.223165344030272383e-02,3.183697524861555522e-02,3.121635311020548240e-02,3.046864300077780155e-02,2.946048365605105288e-02,2.825178224008752584e-02,2.657459995954588455e-02,2.478483585847176401e-02,2.272653509116425233e-02,2.016214244157960023e-02,1.710229619501941675e-02,1.385902536862248201e-02,1.561545625221124646e-02,-4.030261061107261004e-03,-1.706855373759181334e-04,2.139580597872892012e-04,4.280473521669711794e-04,6.188328501314063930e-04,7.519127080832465303e-04,9.063946000012511935e-04,1.031789566313816775e-03,1.159253114167489544e-03,1.096214759913169369e-03,1.114275923476384629e-03,1.041007557690556756e-03,8.846154252512914828e-04,2.091922626987343086e-03,4.389056675380752177e-05,8.914919157803717281e-06,-2.705582320300667170e-04,-5.102656834416860378e-04,-5.861719494504286955e-03,-5.924929118413086414e-03,-8.995693930562109709e-04,-1.277702762348757390e-03,-1.382448613890496910e-03,-1.544540884026671806e-03,-1.516369090275929143e-03,-1.311570745697232011e-03,-4.120293174167475279e-03,-1.706855373759181334e-04,2.095006002083873282e-04,4.280473521669711794e-04,6.188328501314063930e-04,7.487130795382114382e-04,9.036142484675049923e-04,1.031789566313816775e-03,1.159253114167489544e-03,1.096214759913169369e-03,1.113172679987794100e-03,1.039639610834195912e-03,8.840860324175085294e-04,2.181954740047558228e-03,3.901383711449557491e-05,8.914919157803717281e-06,-2.705582320300667170e-04,-5.102656834416860378e-04,-5.960907979400375568e-03,-6.016680719026710512e-03,-8.924861694888391482e-04,-1.277702762348757390e-03,-1.385493654890255968e-03,-1.550057101469624237e-03,-1.522524851129552614e-03,-1.317129370451952967e-03
czi,7.555899999999999839e-01,5.407600000000000184e-01,4.553699999999999970e-01,4.042399999999999882e-01,3.705899999999999750e-01,3.503399999999999848e-01,3.716099999999999959e-01,2.986800000000000010e-01,2.651600000000000068e-01,2.407400000000000095e-01,2.214200000000000057e-01,2.043300000000000116e-01,1.892199999999999993e-01,1.892300000000000093e-01,2.043500000000000039e-01,2.214399999999999979e-01,2.407600000000000018e-01,2.651999999999999913e-01,2.987299999999999955e-01,3.716599999999999904e-01,3.504900000000000237e-01,3.708299999999999930e-01,4.045699999999999852e-01,4.557999999999999829e-01,5.414700000000000069e-01,7.567599999999999882e-01,1.135400000000000020e-01,9.131999999999999840e-02,1.027300000000000019e-01,1.113100000000000062e-01,1.160500000000000004e-01,1.177200000000000052e-01,1.179299999999999932e-01,1.176399999999999946e-01,1.155499999999999999e-01,1.129300000000000026e-01,1.096599999999999936e-01,1.062899999999999956e-01,1.025299999999999961e-01,1.025200000000000000e-01,1.062899999999999956e-01,1.096599999999999936e-01,1.129300000000000026e-01,1.155599999999999961e-01,1.176800000000000068e-01,1.179999999999999938e-01,1.178300000000000042e-01,1.162600000000000022e-01,1.116299999999999931e-01,1.031799999999999939e-01,9.185000000000000109e-02,1.147999999999999993e-01,-7.609999999999999577e-03,-3.499999999999999964e-04,4.800000000000000122e-04,1.059999999999999961e-03,1.709999999999999932e-03,2.350000000000000092e-03,3.259999999999999877e-03,4.369999999999999753e-03,5.969999999999999613e-03,7.199999999999999803e-03,1.009999999999999960e-02,1.521999999999999915e-02,3.341999999999999832e-02,3.950000000000000386e-03,9.000000000000000567e-05,2.000000000000000164e-05,-6.700000000000000226e-04,-1.410000000000000012e-03,-1.831999999999999948e-02,-2.130999999999999908e-02,-3.810000000000000019e-03,-6.579999999999999911e-03,-9.079999999999999530e-03,-1.400000000000000029e-02,-2.216999999999999874e-02,-4.954999999999999682e-02,-7.779999999999999589e-03,-3.499999999999999964e-04,4.699999999999999859e-04,1.059999999999999961e-03,1.709999999999999932e-03,2.340000000000000066e-03,3.249999999999999851e-03,4.369999999999999753e-03,5.969999999999999613e-03,7.199999999999999803e-03,1.009000000000000001e-02,1.519999999999999997e-02,3.339999999999999913e-02,4.120000000000000398e-03,8.000000000000000654e-05,2.000000000000000164e-05,-6.700000000000000226e-04,-1.410000000000000012e-03,-1.863000000000000073e-02,-2.163999999999999951e-02,-3.779999999999999940e-03,-6.579999999999999911e-03,-9.100000000000000450e-03,-1.404999999999999999e-02,-2.225999999999999854e-02,-4.975999999999999868e-02
czi*c/cref,5.359838396932715271e-02,9.977094863509067268e-02,1.355186503409058218e-01,1.660214981229151676e-01,1.941151000613762223e-01,2.231315430047397796e-01,2.787074354245978602e-01,2.577906067491643194e-01,2.588490583018863700e-01,2.622379208392213168e-01,2.662350692828847620e-01,2.687957686664113610e-01,2.703193400140546654e-01,2.703336259954527421e-01,2.688220786325118961e-01,2.662591172522897898e-01,2.622597068258324948e-01,2.588881062817177114e-01,2.578337617322146169e-01,2.787449354159092785e-01,2.232270780034573687e-01,1.942408120989776998e-01,1.661570292291405793e-01,1.356466188492541913e-01,9.990194459176446329e-02,5.368137885973612439e-02,1.544406709822356179e-02,1.377905494461192232e-02,1.702770777393239690e-02,2.010434538360857809e-02,2.268548423644943524e-02,2.476169801628868780e-02,2.655883536634954384e-02,2.824217932294269262e-02,2.945793428917185125e-02,3.046864300077780155e-02,3.121635311020548240e-02,3.183697524861555522e-02,3.223479737840653780e-02,3.223165344030272383e-02,3.183697524861555522e-02,3.121635311020548240e-02,3.046864300077780155e-02,2.946048365605105288e-02,2.825178224008752584e-02,2.657459995954588455e-02,2.478483585847176401e-02,2.272653509116425233e-02,2.016214244157960023e-02,1.710229619501941675e-02,1.385902536862248201e-02,1.561545625221124646e-02,-4.030261061107261004e-03,-1.706855373759181334e-04,2.139580597872892012e-04,4.280473521669711794e-04,6.188328501314063930e-04,7.519127080832465303e-04,9.063946000012511935e-04,1.031789566313816775e-03,1.159253114167489544e-03,1.096214759913169369e-03,1.114275923476384629e-03,1.041007557690556756e-03,8.846154252512914828e-04,2.091922626987343086e-03,4.389056675380752177e-05,8.914919157803717281e-06,-2.705582320300667170e-04,-5.102656834416860378e-04,-5.861719494504286955e-03,-5.924929118413086414e-03,-8.995693930562109709e-04,-1.277702762348757390e-03,-1.382448613890496910e-03,-1.544540884026671806e-03,-1.516369090275929143e-03,-1.311570745697232011e-03,-4.120293174167475279e-03,-1.706855373759181334e-04,2.095006002083873282e-04,4.280473521669711794e-04,6.188328501314063930e-04,7.487130795382114382e-04,9.036142484675049923e-04,1.031789566313816775e-03,1.159253114167489544e-03,1.096214759913169369e-03,1.113172679987794100e-03,1.039639610834195912e-03,8.840860324175085294e-04,2.181954740047558228e-03,3.901383711449557491e-05,8.914919157803717281e-06,-2.705582320300667170e-04,-5.102656834416860378e-04,-5.960907979400375568e-03,-6.016680719026710512e-03,-8.924861694888391482e-04,-1.277702762348757390e-03,-1.385493654890255968e-03,-1.550057101469624237e-03,-1.522524851129552614e-03,-1.317129370451952967e-03
czo,0.000000000000000000e+00,0.000000000000000000e+00,0.000000000000000000e+00,0.000000000000000000e+00,0.000000000000000000e+00,0.000000000000000000e+00,0.000000000000000000e+00,0.000000000000000000e+00,0.000000000000000000e+00,0.000000000000000000e+00,0.000000000000000000e+00,0.000000000000000000e+00,0.000000000000000000e+00,0.000000000000000000e+00,0.000000000000000000e+00,0.000000000000000000e+00,0.000000000000000000e+00,0.000000000000000000e+00,0.000000000000000000e+00,0.000000000000000000e+00,0.000000000000000000e+00,0.000000000000000000e+00,0.000000000000000000e+00,0.000000000000000000e+00,0.000000000000000000e+00,0.000000000000000000e+00,0.000000000000000000e+00,0.000000000000000000e+00,0.000000000000000000e+00,0.000000000000000000e+00,0.000000000000000000e+00,0.000000000000000000e+00,0.000000000000000000e+00,0.000000000000000000e+00,0.000000000000000000e+00,0.000000000000000000e+00,0.000000000000000000e+00,0.000000000000000000e+00,0.000000000000000000e+00,0.000000000000000000e+00,0.000000000000000000e+00,0.000000000000000000e+00,0.000000000000000000e+00,0.000000000000000000e+00,0.000000000000000000e+00,0.000000000000000000e+00,0.000000000000000000e+00,0.000000000000000000e+00,0.000000000000000000e+00,0.000000000000000000e+00,0.000000000000000000e+00,0.000000000000000000e+00,0.000000000000000000e+00,0.000000000000000000e+00,0.000000000000000000e+00,0.000000000000000000e+00,0.000000000000000000e+00,0.000000000000000000e+00,0.000000000000000000e+00,0.000000000000000000e+00,0.000000000000000000e+00,0.000000000000000000e+00,0.000000000000000000e+00,0.000000000000000000e+00,0.000000000000000000e+00,0.000000000000000000e+00,0.000000000000000000e+00,0.000000000000000000e+00,0.000000000000000000e+00,0.000000000000000000e+00,0.000000000000000000e+00,0.000000000000000000e+00,0.000000000000000000e+00,0.000000000000000000e+00,0.000000000000000000e+00,0.000000000000000000e+00,0.000000000000000000e+00,0.000000000000000000e+00,0.000000000000000000e+00,0.000000000000000000e+00,0.000000000000000000e+00,0.000000000000000000e+00,0.000000000000000000e+00,0.000000000000000000e+00,0.000000000000000000e+00,0.000000000000000000e+00,0.000000000000000000e+00,0.000000000000000000e+00,0.000000000000000000e+00,0.000000000000000000e+00,0.000000000000000000e+00,0.000000000000000000e+00,0.000000000000000000e+00,0.000000000000000000e+00,0.000000000000000000e+00,0.000000000000000000e+00,0.000000000000000000e+00,0.000000000000000000e+00,0.000000000000000000e+00,0.000000000000000000e+00,0.000000000000000000e+00,0.000000000000000000e+00,0.000000000000000000e+00,0.000000000000000000e+00
czo*c/cref,0.000000000000000000e+00,0.000000000000000000e+00,0.000000000000000000e+00,0.000000000000000000e+00,0.000000000000000000e+00,0.000000000000000000e+00,0.000000000000000000e+00,0.000000000000000000e+00,0.000000000000000000e+00,0.000000000000000000e+00,0.000000000000000000e+00,0.000000000000000000e+00,0.000000000000000000e+00,0.000000000000000000e+00,0.000000000000000000e+00,0.000000000000000000e+00,0.000000000000000000e+00,0.000000000000000000e+00,0.000000000000000000e+00,0.000000000000000000e+00,0.000000000000000000e+00,0.000000000000000000e+00,0.000000000000000000e+00,0.000000000000000000e+00,0.000000000000000000e+00,0.000000000000000000e+00,0.000000000000000000e+00,0.000000000000000000e+00,0.000000000000000000e+00,0.000000000000000000e+00,0.000000000000000000e+00,0.000000000000000000e+00,0.000000000000000000e+00,0.000000000000000000e+00,0.000000000000000000e+00,0.000000000000000000e+00,0.000000000000000000e+00,0.000000000000000000e+00,0.000000000000000000e+00,0.000000000000000000e+00,0.000000000000000000e+00,0.000000000000000000e+00,0.000000000000000000e+00,0.000000000000000000e+00,0.000000000000000000e+00,0.000000000000000000e+00,0.000000000000000000e+00,0.000000000000000000e+00,0.000000000000000000e+00,0.000000000000000000e+00,0.000000000000000000e+00,0.000000000000000000e+00,0.000000000000000000e+00,0.000000000000000000e+00,0.000000000000000000e+00,0.000000000000000000e+00,0.000000000000000000e+00,0.000000000000000000e+00,0.000000000000000000e+00,0.000000000000000000e+00,0.000000000000000000e+00,0.000000000000000000e+00,0.000000000000000000e+00,0.000000000000000000e+00,0.000000000000000000e+00,0.000000000000000000e+00,0.000000000000000000e+00,0.000000000000000000e+00,0.000000000000000000e+00,0.000000000000000000e+00,0.000000000000000000e+00,0.000000000000000000e+00,0.000000000000000000e+00,0.000000000000000000e+00,0.000000000000000000e+00,0.000000000000000000e+00,0.000000000000000000e+00,0.000000000000000000e+00,0.000000000000000000e+00,0.000000000000000000e+00,0.000000000000000000e+00,0.000000000000000000e+00,0.000000000000000000e+00,0.000000000000000000e+00,0.000000000000000000e+00,0.000000000000000000e+00,0.000000000000000000e+00,0.000000000000000000e+00,0.000000000000000000e+00,0.000000000000000000e+00,0.000000000000000000e+00,0.000000000000000000e+00,0.000000000000000000e+00,0.000000000000000000e+00,0.000000000000000000e+00,0.000000000000000000e+00,0.000000000000000000e+00,0.000000000000000000e+00,0.000000000000000000e+00,0.000000000000000000e+00,0.000000000000000000e+00,0.000000000000000000e+00,0.000000000000000000e+00,0.000000000000000000e+00
dArea,1.270559999999999912e+00,3.304670000000000218e+00,5.330449999999999910e+00,7.356220000000000425e+00,9.381999999999999673e+00,1.140776999999999930e+01,1.343355000000000032e+01,1.545932999999999957e+01,1.748509999999999920e+01,1.951088000000000022e+01,2.153665000000000163e+01,2.356242999999999910e+01,2.558820000000000050e+01,2.558820000000000050e+01,2.356242999999999910e+01,2.153665000000000163e+01,1.951088000000000022e+01,1.748509999999999920e+01,1.545932999999999957e+01,1.343355000000000032e+01,1.140776999999999930e+01,9.381999999999999673e+00,7.356220000000000425e+00,5.330449999999999910e+00,3.304670000000000218e+00,1.270559999999999912e+00,1.217810000000000059e+00,1.350889999999999924e+00,1.483959999999999946e+00,1.617040000000000033e+00,1.750119999999999898e+00,1.883199999999999985e+00,2.016280000000000072e+00,2.149360000000000159e+00,2.282430000000000181e+00,2.415509999999999824e+00,2.548589999999999911e+00,2.681669999999999998e+00,2.814750000000000085e+00,2.814750000000000085e+00,2.681669999999999998e+00,2.548589999999999911e+00,2.415509999999999824e+00,2.282430000000000181e+00,2.149360000000000159e+00,2.016280000000000072e+00,1.883199999999999985e+00,1.750119999999999898e+00,1.617040000000000033e+00,1.483959999999999946e+00,1.350889999999999924e+00,1.217810000000000059e+00,2.285759999999999792e+00,2.104800000000000004e+00,1.923839999999999995e+00,1.742879999999999985e+00,1.561919999999999975e+00,1.380959999999999965e+00,1.199999999999999956e+00,1.019039999999999946e+00,8.380800000000000471e-01,6.571200000000000374e-01,4.761600000000000277e-01,2.952000000000000179e-01,1.142399999999999943e-01,2.285759999999999792e+00,2.104800000000000004e+00,1.923839999999999995e+00,1.742879999999999985e+00,1.561919999999999975e+00,1.380959999999999965e+00,1.199999999999999956e+00,1.019039999999999946e+00,8.380800000000000471e-01,6.571200000000000374e-01,4.761600000000000277e-01,2.952000000000000179e-01,1.142399999999999943e-01,2.285759999999999792e+00,2.104800000000000004e+00,1.923839999999999995e+00,1.742879999999999985e+00,1.561919999999999975e+00,1.380959999999999965e+00,1.199999999999999956e+00,1.019039999999999946e+00,8.380800000000000471e-01,6.571200000000000374e-01,4.761600000000000277e-01,2.952000000000000179e-01,1.142399999999999943e-01,2.285759999999999792e+00,2.104800000000000004e+00,1.923839999999999995e+00,1.742879999999999985e+00,1.561919999999999975e+00,1.380959999999999965e+00,1.199999999999999956e+00,1.019039999999999946e+00,8.380800000000000471e-01,6.571200000000000374e-01,4.761600000000000277e-01,2.952000000000000179e-01,1.142399999999999943e-01
dSpan,1.245000000000000107e+00,1.245000000000000107e+00,1.245000000000000107e+00,1.245000000000000107e+00,1.245000000000000107e+00,1.245000000000000107e+00,1.245000000000000107e+00,1.245000000000000107e+00,1.245000000000000107e+00,1.245000000000000107e+00,1.245000000000000107e+00,1.245000000000000107e+00,1.245000000000000107e+00,1.245000000000000107e+00,1.245000000000000107e+00,1.245000000000000107e+00,1.245000000000000107e+00,1.245000000000000107e+00,1.245000000000000107e+00,1.245000000000000107e+00,1.245000000000000107e+00,1.245000000000000107e+00,1.245000000000000107e+00,1.245000000000000107e+00,1.245000000000000107e+00,1.245000000000000107e+00,6.223100000000000298e-01,6.223100000000000298e-01,6.223100000000000298e-01,6.223100000000000298e-01,6.223100000000000298e-01,6.223100000000000298e-01,6.223100000000000298e-01,6.223100000000000298e-01,6.223100000000000298e-01,6.223100000000000298e-01,6.223100000000000298e-01,6.223100000000000298e-01,6.223100000000000298e-01,6.223100000000000298e-01,6.223100000000000298e-01,6.223100000000000298e-01,6.223100000000000298e-01,6.223100000000000298e-01,6.223100000000000298e-01,6.223100000000000298e-01,6.223100000000000298e-01,6.223100000000000298e-01,6.223100000000000298e-01,6.223100000000000298e-01,6.223100000000000298e-01,6.223100000000000298e-01,2.999999999999999889e-01,2.999999999999999889e-01,2.999999999999999889e-01,2.999999999999999889e-01,2.999999999999999889e-01,2.999999999999999889e-01,2.999999999999999889e-01,2.999999999999999889e-01,2.999999999999999889e-01,2.999999999999999889e-01,2.999999999999999889e-01,2.999999999999999889e-01,2.999999999999999889e-01,2.999999999999999889e-01,2.999999999999999889e-01,2.999999999999999889e-01,2.999999999999999889e-01,2.999999999999999889e-01,2.999999999999999889e-01,2.999999999999999889e-01,2.999999999999999889e-01,2.999999999999999889e-01,2.999999999999999889e-01,2.999999999999999889e-01,2.999999999999999889e-01,2.999999999999999889e-01,2.999999999999999889e-01,2.999999999999999889e-01,2.999999999999999889e-01,2.999999999999999889e-01,2.999999999999999889e-01,2.999999999999999889e-01,2.999999999999999889e-01,2.999999999999999889e-01,2.999999999999999889e-01,2.999999999999999889e-01,2.999999999999999889e-01,2.999999999999999889e-01,2.999999999999999889e-01,2.999999999999999889e-01,2.999999999999999889e-01,2.999999999999999889e-01,2.999999999999999889e-01,2.999999999999999889e-01,2.999999999999999889e-01,2.999999999999999889e-01,2.999999999999999889e-01,2.999999999999999889e-01,2.999999999999999889e-01,2.999999999999999889e-01,2.999999999999999889e-01,2.999999999999999889e-01
roverR,inf,inf,inf,inf,inf,inf,inf,inf,inf,inf,inf,inf,inf,inf,inf,inf,inf,inf,inf,inf,inf,inf,inf,inf,inf,inf,inf,inf,inf,inf,inf,inf,inf,inf,inf,inf,inf,inf,inf,inf,inf,inf,inf,inf,inf,inf,inf,inf,inf,inf,inf,inf,inf,inf,inf,inf,inf,inf,inf,inf,inf,inf,inf,inf,inf,inf,inf,inf,inf,inf,inf,inf,inf,inf,inf,inf,inf,inf,inf,inf,inf,inf,inf,inf,inf,inf,inf,inf,inf,inf,inf,inf,inf,inf,inf,inf,inf,inf,inf,inf,inf,inf,inf,inf
Results_Name,CpSlice_Wrapper
Results_Timestamp,1789027849
Results_Date,9,10,2026
Results_Time,11,10,49
CpSlice_Case_ID_Vec,LVNFIPI
Num_Cuts,1
