Results_Name,VSPAERO_Wrapper
Results_Timestamp,1789028304
Results_Date,9,10,2026
Results_Time,11,18,24
Analysis_Duration_Sec,8.850799999999999557e+01
ResultsVec,VSPAERO_History,VSPAERO_Polar,VSPAERO_Load,CpSlice_Wrapper
Results_Name,VSPAERO_History
Results_Timestamp,1789028303
Results_Date,9,10,2026
Results_Time,11,18,23
Alpha,5.000000000000000000e+00,5.000000000000000000e+00,5.000000000000000000e+00,5.000000000000000000e+00,5.000000000000000000e+00,5.000000000000000000e+00,5.000000000000000000e+00,5.000000000000000000e+00
Beta,0.000000000000000000e+00,0.000000000000000000e+00,0.000000000000000000e+00,0.000000000000000000e+00,0.000000000000000000e+00,0.000000000000000000e+00,0.000000000000000000e+00,0.000000000000000000e+00
CDi,0.000000000000000000e+00,1.383801214299999922e-02,1.378067836299999918e-02,1.373397534700000061e-02,1.373656577099999915e-02,1.370053177500000011e-02,1.367905675799999977e-02,1.364080032599999937e-02
CDiw,0.000000000000000000e+00,1.235592790899999946e-02,1.231860676100000017e-02,1.227200339700000066e-02,1.227972244900000023e-02,1.225791766899999961e-02,1.224625424499999927e-02,1.220887822400000024e-02
CDo,7.240512567000000066e-03,7.983207755999999558e-03,7.981628551000000127e-03,7.981226045999999935e-03,7.981093930999999184e-03,7.979840756999999341e-03,7.978844256999999968e-03,7.977411135999999681e-03
CDtot,7.240512567000000066e-03,2.182121989899999878e-02,2.176230691399999931e-02,2.171520139300000055e-02,2.171765970200000007e-02,2.168037253100000075e-02,2.165790101500000148e-02,2.161821146199999905e-02
CDwtot,7.240512567000000066e-03,2.033913566500000075e-02,2.030023531199999856e-02,2.025322944299999886e-02,2.026081638000000115e-02,2.023775842600000069e-02,2.022509850200000098e-02,2.018628936000000165e-02
CFxi,0.000000000000000000e+00,-1.584954082099999939e-02,-1.584679573600000085e-02,-1.586888079399999957e-02,-1.584793349200000132e-02,-1.584453875699999917e-02,-1.583574288099999852e-02,-1.583260507300000147e-02
CFxiw,0.000000000000000000e+00,-1.737458694900000100e-02,-1.736067029199999875e-02,-1.738067662800000038e-02,-1.735348168699999902e-02,-1.733358840600000145e-02,-1.731314665200000061e-02,-1.730748878999999879e-02
CFxo,7.268170148000000289e-03,8.013702313000000202e-03,8.012117076000000587e-03,8.011713033000000470e-03,8.011580412999999568e-03,8.010322452000000204e-03,8.009322145999999559e-03,8.007883550999999461e-03
CFxtot,7.268170148000000289e-03,-7.835838507999999189e-03,-7.834678660000000266e-03,-7.857167761999999528e-03,-7.836353079000000013e-03,-7.834216305000000699e-03,-7.826420735000000697e-03,-7.824721522000000276e-03
CFxwtot,7.268170148000000289e-03,-9.360884636999999495e-03,-9.348553215999999902e-03,-9.368963596000000338e-03,-9.341901273000000755e-03,-9.323265953000000814e-03,-9.303824505999999314e-03,-9.299605238999999329e-03
CFyi,0.000000000000000000e+00,1.858073999999999966e-06,-1.352714100000000012e-05,-9.128718000000000441e-06,4.353282000000000242e-06,2.009881999999999945e-06,1.795080000000000057e-06,-1.742338000000000021e-06
CFyiw,0.000000000000000000e+00,-2.698012000000000165e-06,-7.987741000000000269e-06,-1.968703000000000182e-06,1.029385299999999958e-05,7.631763000000000812e-06,5.853399000000000334e-06,5.419656999999999837e-06
CFyo,0.000000000000000000e+00,0.000000000000000000e+00,0.000000000000000000e+00,0.000000000000000000e+00,0.000000000000000000e+00,0.000000000000000000e+00,0.000000000000000000e+00,0.000000000000000000e+00
CFytot,0.000000000000000000e+00,1.858073999999999966e-06,-1.352714100000000012e-05,-9.128718000000000441e-06,4.353282000000000242e-06,2.009881999999999945e-06,1.795080000000000057e-06,-1.742338000000000021e-06
CFywtot,0.000000000000000000e+00,-2.698012000000000165e-06,-7.987741000000000269e-06,-1.968703000000000182e-06,1.029385299999999958e-05,7.631763000000000812e-06,5.853399000000000334e-06,5.419656999999999837e-06
CFzi,0.000000000000000000e+00,3.399344637780000178e-01,3.392452559599999917e-01,3.389618323229999786e-01,3.387521253479999772e-01,3.382998796030000088e-01,3.379529440949999852e-01,3.374781354529999833e-01
CFziw,0.000000000000000000e+00,3.403608112829999977e-01,3.397735310019999733e-01,3.394674908509999756e-01,3.392452174360000017e-01,3.387676543950000063e-01,3.384001813049999918e-01,3.379066698889999776e-01
CFzo,0.000000000000000000e+00,0.000000000000000000e+00,0.000000000000000000e+00,0.000000000000000000e+00,0.000000000000000000e+00,0.000000000000000000e+00,0.000000000000000000e+00,0.000000000000000000e+00
CFztot,0.000000000000000000e+00,3.399344637780000178e-01,3.392452559599999917e-01,3.389618323229999786e-01,3.387521253479999772e-01,3.382998796030000088e-01,3.379529440949999852e-01,3.374781354529999833e-01
CFzwtot,0.000000000000000000e+00,3.403608112829999977e-01,3.397735310019999733e-01,3.394674908509999756e-01,3.392452174360000017e-01,3.387676543950000063e-01,3.384001813049999918e-01,3.379066698889999776e-01
CLi,0.000000000000000000e+00,3.400222890169999901e-01,3.393354645919999801e-01,3.390550443079999865e-01,3.388443096539999755e-01,3.383934889699999893e-01,3.380471070450000171e-01,3.375738317149999945e-01
CLiw,0.000000000000000000e+00,3.405799306689999972e-01,3.399936722499999897e-01,3.396905403409999913e-01,3.394667425480000222e-01,3.389892629649999822e-01,3.386214066050000082e-01,3.381292800340000015e-01
CLo,-6.334627679999999678e-04,-6.984401769999999850e-04,-6.983020149999999773e-04,-6.982667999999999601e-04,-6.982552419999999566e-04,-6.981456030000000347e-04,-6.980584210000000426e-04,-6.979330390000000345e-04
CLtot,-6.334627679999999678e-04,3.393238488399999975e-01,3.386371625779999728e-01,3.383567775079999729e-01,3.381460544120000189e-01,3.376953433670000226e-01,3.373490486240000030e-01,3.368758986759999852e-01
CLwtot,-6.334627679999999678e-04,3.398814904920000046e-01,3.392953702350000045e-01,3.389922735409999777e-01,3.387684873069999880e-01,3.382911173620000156e-01,3.379233481850000276e-01,3.374313469949999922e-01
CMxi,0.000000000000000000e+00,-8.483051100000000384e-05,-3.769414199999999700e-05,-4.414624200000000253e-05,-4.588906900000000271e-05,-4.532091900000000036e-05,-4.441226499999999922e-05,-4.225992199999999854e-05
CMxo,0.000000000000000000e+00,0.000000000000000000e+00,0.000000000000000000e+00,0.000000000000000000e+00,0.000000000000000000e+00,0.000000000000000000e+00,0.000000000000000000e+00,0.000000000000000000e+00
CMxtot,0.000000000000000000e+00,-8.483051100000000384e-05,-3.769414199999999700e-05,-4.414624200000000253e-05,-4.588906900000000271e-05,-4.532091900000000036e-05,-4.441226499999999922e-05,-4.225992199999999854e-05
CMyi,0.000000000000000000e+00,-4.137486080399999794e-02,-4.047778383600000168e-02,-4.025992870700000059e-02,-4.001584874400000019e-02,-3.971059221599999856e-02,-3.948060042800000113e-02,-3.917111739299999895e-02
CMyo,8.358733849999999774e-04,9.310718330000000362e-04,9.309566240000000364e-04,9.309607740000000421e-04,9.310195029999999939e-04,9.309268419999999940e-04,9.308470070000000266e-04,9.307205819999999578e-04
CMytot,8.358733849999999774e-04,-4.044378897099999703e-02,-3.954682721200000056e-02,-3.932896793300000304e-02,-3.908482924099999922e-02,-3.877966537400000246e-02,-3.854975342099999785e-02,-3.824039681099999921e-02
CMzi,0.000000000000000000e+00,-2.346980999999999832e-06,-6.718327999999999621e-06,-5.497506000000000047e-06,4.373910000000000022e-07,-8.620199999999999858e-07,-1.145210999999999944e-06,-2.111737999999999821e-06
CMzo,-0.000000000000000000e+00,6.140929999999999919e-07,1.708249999999999961e-07,2.059059999999999910e-07,2.106039999999999978e-07,2.092439999999999909e-07,2.047129999999999882e-07,1.924859999999999939e-07
CMztot,-0.000000000000000000e+00,-1.732888000000000052e-06,-6.547503000000000287e-06,-5.291600999999999686e-06,6.479940000000000253e-07,-6.527770000000000225e-07,-9.404969999999999546e-07,-1.919253000000000173e-06
CSi,0.000000000000000000e+00,1.858073999999999966e-06,-1.352714100000000012e-05,-9.128718000000000441e-06,4.353282000000000242e-06,2.009881999999999945e-06,1.795080000000000057e-06,-1.742338000000000021e-06
CSiw,0.000000000000000000e+00,-2.698012000000000165e-06,-7.987741000000000269e-06,-1.968703000000000182e-06,1.029385299999999958e-05,7.631763000000000812e-06,5.853399000000000334e-06,5.419656999999999837e-06
CSo,0.000000000000000000e+00,0.000000000000000000e+00,0.000000000000000000e+00,0.000000000000000000e+00,0.000000000000000000e+00,0.000000000000000000e+00,0.000000000000000000e+00,0.000000000000000000e+00
CStot,0.000000000000000000e+00,1.858073999999999966e-06,-1.352714100000000012e-05,-9.128718000000000441e-06,4.353282000000000242e-06,2.009881999999999945e-06,1.795080000000000057e-06,-1.742338000000000021e-06
CSwtot,0.000000000000000000e+00,-2.698012000000000165e-06,-7.987741000000000269e-06,-1.968703000000000182e-06,1.029385299999999958e-05,7.631763000000000812e-06,5.853399000000000334e-06,5.419656999999999837e-06
E,0.000000000000000000e+00,8.864822189359999882e-01,8.865778326759999883e-01,8.881230044579999650e-01,8.868520751020000370e-01,8.868201145109999572e-01,8.863949206090000477e-01,8.863936941459999996e-01
Ew,0.000000000000000000e+00,9.960742261410000520e-01,9.956553685960000122e-01,9.976550421619999609e-01,9.957146067630000541e-01,9.946817466759999560e-01,9.934694348889999693e-01,9.936164216720000386e-01
FC_AoA_,5.000000000000000000e+00
FC_Beta_,0.000000000000000000e+00
FC_Bref_,3.236999999999999744e+01
FC_Cref_,1.438667000000000051e+01
FC_Mach_,8.000000000000000444e-01
FC_Pitch_Rate,0.000000000000000000e+00
FC_ReCref_,1.000000000000000000e+07
FC_Rho_,2.377000000000000206e-03
FC_Roll__Rate,0.000000000000000000e+00
FC_Sref_,3.492722999999999729e+02
FC_Vinf_,1.000000000000000000e+02
FC_Xcg_,2.955000000000000071e+01
FC_Yaw___Rate,0.000000000000000000e+00
FC_Ycg_,0.000000000000000000e+00
FC_Zcg_,0.000000000000000000e+00
L/D,0.000000000000000000e+00,1.558218516586899938e+01,1.559280759767099944e+01,1.561371861910800085e+01,1.560224786174400080e+01,1.560828756425799924e+01,1.560848887490599957e+01,1.561525255262599998e+01
L/Dw,0.000000000000000000e+00,1.674505427746100139e+01,1.674826261991900012e+01,1.677216669531399873e+01,1.675484028744899945e+01,1.675033646666100040e+01,1.674263324670599928e+01,1.675044254057100090e+01
Mach,8.000000000000000444e-01,8.000000000000000444e-01,8.000000000000000444e-01,8.000000000000000444e-01,8.000000000000000444e-01,8.000000000000000444e-01,8.000000000000000444e-01,8.000000000000000444e-01
T/QS,0.000000000000000000e+00,0.000000000000000000e+00,0.000000000000000000e+00,0.000000000000000000e+00,0.000000000000000000e+00,0.000000000000000000e+00,0.000000000000000000e+00,0.000000000000000000e+00
WakeIter,1,2,3,4,5,6,7,8
WallTime,5.826999999996999691e+00,1.645599999999799934e+01,2.587699999999999889e+01,3.568899999999800343e+01,4.546299999999600061e+01,5.538100000000100209e+01,6.536400000000099908e+01,7.696899999999699560e+01
log10( L2Residual ),5.844425954609999696e-01,-6.191254292310000018e-01,-4.685644903960000107e-01,-6.165943330640000219e-01,-7.215461441810000487e-01,-8.834765852910000383e-01,-1.042307095648000059e+00,-1.206775878006000058e+00
log10( MaxResidual ),9.402960083300000438e-01,1.067098426580999959e+00,7.690238609389999924e-01,6.959883591729999486e-01,6.341795039109999754e-01,4.030473938219999996e-01,2.554416424140000252e-01,-4.138072467900000273e-02
Results_Name,VSPAERO_Polar
Results_Timestamp,1789028303
Results_Date,9,10,2026
Results_Time,11,18,23
Alpha,5.000000000000000000e+00
Beta,0.000000000000000000e+00
CDi,1.364080032599999937e-02
CDiw,1.220887822400000024e-02
CDo,7.977411135999999681e-03
CDtot,2.161821146199999905e-02
CDwtot,2.018628936000000165e-02
CFix,-1.583260507300000147e-02
CFiy,-1.742338000000000021e-06
CFiz,3.374781354529999833e-01
CFox,8.007883550999999461e-03
CFoy,0.000000000000000000e+00
CFoz,0.000000000000000000e+00
CFxtot,-7.824721522000000276e-03
CFytot,-1.742338000000000021e-06
CFztot,3.374781354529999833e-01
CLi,3.375738317149999945e-01
CLiw,3.381292800340000015e-01
CLo,-6.979330390000000345e-04
CLtot,3.368758986759999852e-01
CLwtot,3.374313469949999922e-01
CMix,-4.225992199999999854e-05
CMiy,-3.917111739299999895e-02
CMiz,-2.111737999999999821e-06
CMox,0.000000000000000000e+00
CMoy,9.307205819999999578e-04
CMoz,1.924859999999999939e-07
CMxtot,-4.225992199999999854e-05
CMytot,-3.824039681099999921e-02
CMztot,-1.919253000000000173e-06
CSi,-1.742338000000000021e-06
CSiw,5.419656999999999837e-06
CSo,0.000000000000000000e+00
CStot,-1.742338000000000021e-06
CSwtot,5.419656999999999837e-06
E,8.827322496589999901e-01
Ew,8.827322496589999901e-01
L_D,1.558296805768000048e+01
L_Dw,1.558296805768000048e+01
Mach,8.000000000000000444e-01
Re_1e6,1.000000000000000000e+01
StallFactor,1.000000000000000000e+00
Results_Name,VSPAERO_Load
Results_Timestamp,1789028303
Results_Date,9,10,2026
Results_Time,11,18,23
Angle ,0.000000000000000000e+00,0.000000000000000000e+00,0.000000000000000000e+00,0.000000000000000000e+00,0.000000000000000000e+00,0.000000000000000000e+00,0.000000000000000000e+00,0.000000000000000000e+00,0.000000000000000000e+00,0.000000000000000000e+00,0.000000000000000000e+00,0.000000000000000000e+00,0.000000000000000000e+00,0.000000000000000000e+00,0.000000000000000000e+00,0.000000000000000000e+00,0.000000000000000000e+00,0.000000000000000000e+00,0.000000000000000000e+00,0.000000000000000000e+00,0.000000000000000000e+00,0.000000000000000000e+00,0.000000000000000000e+00,0.000000000000000000e+00,0.000000000000000000e+00,0.000000000000000000e+00,0.000000000000000000e+00,0.000000000000000000e+00,0.000000000000000000e+00,0.000000000000000000e+00,0.000000000000000000e+00,0.000000000000000000e+00,0.000000000000000000e+00,0.000000000000000000e+00,0.000000000000000000e+00,0.000000000000000000e+00,0.000000000000000000e+00,0.000000000000000000e+00,0.000000000000000000e+00,0.000000000000000000e+00,0.000000000000000000e+00,0.000000000000000000e+00,0.000000000000000000e+00,0.000000000000000000e+00,0.000000000000000000e+00,0.000000000000000000e+00,0.000000000000000000e+00,0.000000000000000000e+00,0.000000000000000000e+00,0.000000000000000000e+00,0.000000000000000000e+00,0.000000000000000000e+00,0.000000000000000000e+00,0.000000000000000000e+00,0.000000000000000000e+00,0.000000000000000000e+00,0.000000000000000000e+00,0.000000000000000000e+00,0.000000000000000000e+00,0.000000000000000000e+00,0.000000000000000000e+00,0.000000000000000000e+00,0.000000000000000000e+00,0.000000000000000000e+00,0.000000000000000000e+00,0.000000000000000000e+00,0.000000000000000000e+00,0.000000000000000000e+00,0.000000000000000000e+00,0.000000000000000000e+00,0.000000000000000000e+00,0.000000000000000000e+00,0.000000000000000000e+00,0.000000000000000000e+00,0.000000000000000000e+00,0.000000000000000000e+00,0.000000000000000000e+00,0.000000000000000000e+00,0.000000000000000000e+00,0.000000000000000000e+00,0.000000000000000000e+00,0.000000000000000000e+00,0.000000000000000000e+00,0.000000000000000000e+00,0.000000000000000000e+00,0.000000000000000000e+00,0.000000000000000000e+00,0.000000000000000000e+00,0.000000000000000000e+00,0.000000000000000000e+00,0.000000000000000000e+00,0.000000000000000000e+00,0.000000000000000000e+00,0.000000000000000000e+00,0.000000000000000000e+00,0.000000000000000000e+00,0.000000000000000000e+00,0.000000000000000000e+00,0.000000000000000000e+00,0.000000000000000000e+00,0.000000000000000000e+00,0.000000000000000000e+00,0.000000000000000000e+00,0.000000000000000000e+00,0.000000000000000000e+00,0.000000000000000000e+00,0.000000000000000000e+00,0.000000000000000000e+00,0.000000000000000000e+00,0.000000000000000000e+00,0.000000000000000000e+00,0.000000000000000000e+00,0.000000000000000000e+00,0.000000000000000000e+00,0.000000000000000000e+00,0.000000000000000000e+00,0.000000000000000000e+00,0.000000000000000000e+00,0.000000000000000000e+00,0.000000000000000000e+00,0.000000000000000000e+00,0.000000000000000000e+00,0.000000000000000000e+00,0.000000000000000000e+00,0.000000000000000000e+00,0.000000000000000000e+00,0.000000000000000000e+00,0.000000000000000000e+00,0.000000000000000000e+00,0.000000000000000000e+00,0.000000000000000000e+00,0.000000000000000000e+00,0.000000000000000000e+00,0.000000000000000000e+00,0.000000000000000000e+00,0.000000000000000000e+00,0.000000000000000000e+00,0.000000000000000000e+00,0.000000000000000000e+00,0.000000000000000000e+00,0.000000000000000000e+00,0.000000000000000000e+00,0.000000000000000000e+00,0.000000000000000000e+00,0.000000000000000000e+00,0.000000000000000000e+00,0.000000000000000000e+00,0.000000000000000000e+00,0.000000000000000000e+00,0.000000000000000000e+00,0.000000000000000000e+00,0.000000000000000000e+00,0.000000000000000000e+00,0.000000000000000000e+00,0.000000000000000000e+00,0.000000000000000000e+00,0.000000000000000000e+00,0.000000000000000000e+00,0.000000000000000000e+00,0.000000000000000000e+00,0.000000000000000000e+00,0.000000000000000000e+00,0.000000000000000000e+00,0.000000000000000000e+00,0.000000000000000000e+00,0.000000000000000000e+00,0.000000000000000000e+00,0.000000000000000000e+00
CP,0.000000000000000000e+00,0.000000000000000000e+00,0.000000000000000000e+00,0.000000000000000000e+00,0.000000000000000000e+00,0.000000000000000000e+00,0.000000000000000000e+00,0.000000000000000000e+00,0.000000000000000000e+00,0.000000000000000000e+00,0.000000000000000000e+00,0.000000000000000000e+00,0.000000000000000000e+00,0.000000000000000000e+00,0.000000000000000000e+00,0.000000000000000000e+00,0.000000000000000000e+00,0.000000000000000000e+00,0.000000000000000000e+00,0.000000000000000000e+00,0.000000000000000000e+00,0.000000000000000000e+00,0.000000000000000000e+00,0.000000000000000000e+00,0.000000000000000000e+00,0.000000000000000000e+00,0.000000000000000000e+00,0.000000000000000000e+00,0.000000000000000000e+00,0.000000000000000000e+00,0.000000000000000000e+00,0.000000000000000000e+00,0.000000000000000000e+00,0.000000000000000000e+00,0.000000000000000000e+00,0.000000000000000000e+00,0.000000000000000000e+00,0.000000000000000000e+00,0.000000000000000000e+00,0.000000000000000000e+00,0.000000000000000000e+00,0.000000000000000000e+00,0.000000000000000000e+00,0.000000000000000000e+00,0.000000000000000000e+00,0.000000000000000000e+00,0.000000000000000000e+00,0.000000000000000000e+00,0.000000000000000000e+00,0.000000000000000000e+00,0.000000000000000000e+00,0.000000000000000000e+00,0.000000000000000000e+00,0.000000000000000000e+00,0.000000000000000000e+00,0.000000000000000000e+00,0.000000000000000000e+00,0.000000000000000000e+00,0.000000000000000000e+00,0.000000000000000000e+00,0.000000000000000000e+00,0.000000000000000000e+00,0.000000000000000000e+00,0.000000000000000000e+00,0.000000000000000000e+00,0.000000000000000000e+00,0.000000000000000000e+00,0.000000000000000000e+00,0.000000000000000000e+00,0.000000000000000000e+00,0.000000000000000000e+00,0.000000000000000000e+00,0.000000000000000000e+00,0.000000000000000000e+00,0.000000000000000000e+00,0.000000000000000000e+00,0.000000000000000000e+00,0.000000000000000000e+00,0.000000000000000000e+00,0.000000000000000000e+00,0.000000000000000000e+00,0.000000000000000000e+00,0.000000000000000000e+00,0.000000000000000000e+00,0.000000000000000000e+00,0.000000000000000000e+00,0.000000000000000000e+00,0.000000000000000000e+00,0.000000000000000000e+00,0.000000000000000000e+00,0.000000000000000000e+00,0.000000000000000000e+00,0.000000000000000000e+00,0.000000000000000000e+00,0.000000000000000000e+00,0.000000000000000000e+00,0.000000000000000000e+00,0.000000000000000000e+00,0.000000000000000000e+00,0.000000000000000000e+00,0.000000000000000000e+00,0.000000000000000000e+00,0.000000000000000000e+00,0.000000000000000000e+00,0.000000000000000000e+00,0.000000000000000000e+00,0.000000000000000000e+00,0.000000000000000000e+00,0.000000000000000000e+00,0.000000000000000000e+00,0.000000000000000000e+00,0.000000000000000000e+00,0.000000000000000000e+00,0.000000000000000000e+00,0.000000000000000000e+00,0.000000000000000000e+00,0.000000000000000000e+00,0.000000000000000000e+00,0.000000000000000000e+00,0.000000000000000000e+00,0.000000000000000000e+00,0.000000000000000000e+00,0.000000000000000000e+00,0.000000000000000000e+00,0.000000000000000000e+00,0.000000000000000000e+00,0.000000000000000000e+00,0.000000000000000000e+00,0.000000000000000000e+00,0.000000000000000000e+00,0.000000000000000000e+00,0.000000000000000000e+00,0.000000000000000000e+00,0.000000000000000000e+00,0.000000000000000000e+00,0.000000000000000000e+00,0.000000000000000000e+00,0.000000000000000000e+00,0.000000000000000000e+00,0.000000000000000000e+00,0.000000000000000000e+00,0.000000000000000000e+00,0.000000000000000000e+00,0.000000000000000000e+00,0.000000000000000000e+00,0.000000000000000000e+00,0.000000000000000000e+00,0.000000000000000000e+00,0.000000000000000000e+00,0.000000000000000000e+00,0.000000000000000000e+00,0.000000000000000000e+00,0.000000000000000000e+00,0.000000000000000000e+00,0.000000000000000000e+00,0.000000000000000000e+00,0.000000000000000000e+00,0.000000000000000000e+00,0.000000000000000000e+00,0.000000000000000000e+00,0.000000000000000000e+00,0.000000000000000000e+00,0.000000000000000000e+00,0.000000000000000000e+00,0.000000000000000000e+00,0.000000000000000000e+00,0.000000000000000000e+00,0.000000000000000000e+00
CP_h,0.000000000000000000e+00,0.000000000000000000e+00,0.000000000000000000e+00,0.000000000000000000e+00,0.000000000000000000e+00,0.000000000000000000e+00,0.000000000000000000e+00,0.000000000000000000e+00,0.000000000000000000e+00,0.000000000000000000e+00,0.000000000000000000e+00,0.000000000000000000e+00,0.000000000000000000e+00,0.000000000000000000e+00,0.000000000000000000e+00,0.000000000000000000e+00,0.000000000000000000e+00,0.000000000000000000e+00,0.000000000000000000e+00,0.000000000000000000e+00,0.000000000000000000e+00,0.000000000000000000e+00,0.000000000000000000e+00,0.000000000000000000e+00,0.000000000000000000e+00,0.000000000000000000e+00,0.000000000000000000e+00,0.000000000000000000e+00,0.000000000000000000e+00,0.000000000000000000e+00,0.000000000000000000e+00,0.000000000000000000e+00,0.000000000000000000e+00,0.000000000000000000e+00,0.000000000000000000e+00,0.000000000000000000e+00,0.000000000000000000e+00,0.000000000000000000e+00,0.000000000000000000e+00,0.000000000000000000e+00,0.000000000000000000e+00,0.000000000000000000e+00,0.000000000000000000e+00,0.000000000000000000e+00,0.000000000000000000e+00,0.000000000000000000e+00,0.000000000000000000e+00,0.000000000000000000e+00,0.000000000000000000e+00,0.000000000000000000e+00,0.000000000000000000e+00,0.000000000000000000e+00,0.000000000000000000e+00,0.000000000000000000e+00,0.000000000000000000e+00,0.000000000000000000e+00,0.000000000000000000e+00,0.000000000000000000e+00,0.000000000000000000e+00,0.000000000000000000e+00,0.000000000000000000e+00,0.000000000000000000e+00,0.000000000000000000e+00,0.000000000000000000e+00,0.000000000000000000e+00,0.000000000000000000e+00,0.000000000000000000e+00,0.000000000000000000e+00,0.000000000000000000e+00,0.000000000000000000e+00,0.000000000000000000e+00,0.000000000000000000e+00,0.000000000000000000e+00,0.000000000000000000e+00,0.000000000000000000e+00,0.000000000000000000e+00,0.000000000000000000e+00,0.000000000000000000e+00,0.000000000000000000e+00,0.000000000000000000e+00,0.000000000000000000e+00,0.000000000000000000e+00,0.000000000000000000e+00,0.000000000000000000e+00,0.000000000000000000e+00,0.000000000000000000e+00,0.000000000000000000e+00,0.000000000000000000e+00,0.000000000000000000e+00,0.000000000000000000e+00,0.000000000000000000e+00,0.000000000000000000e+00,0.000000000000000000e+00,0.000000000000000000e+00,0.000000000000000000e+00,0.000000000000000000e+00,0.000000000000000000e+00,0.000000000000000000e+00,0.000000000000000000e+00,0.000000000000000000e+00,0.000000000000000000e+00,0.000000000000000000e+00,0.000000000000000000e+00,0.000000000000000000e+00,0.000000000000000000e+00,0.000000000000000000e+00,0.000000000000000000e+00,0.000000000000000000e+00,0.000000000000000000e+00,0.000000000000000000e+00,0.000000000000000000e+00,0.000000000000000000e+00,0.000000000000000000e+00,0.000000000000000000e+00,0.000000000000000000e+00,0.000000000000000000e+00,0.000000000000000000e+00,0.000000000000000000e+00,0.000000000000000000e+00,0.000000000000000000e+00,0.000000000000000000e+00,0.000000000000000000e+00,0.000000000000000000e+00,0.000000000000000000e+00,0.000000000000000000e+00,0.000000000000000000e+00,0.000000000000000000e+00,0.000000000000000000e+00,0.000000000000000000e+00,0.000000000000000000e+00,0.000000000000000000e+00,0.000000000000000000e+00,0.000000000000000000e+00,0.000000000000000000e+00,0.000000000000000000e+00,0.000000000000000000e+00,0.000000000000000000e+00,0.000000000000000000e+00,0.000000000000000000e+00,0.000000000000000000e+00,0.000000000000000000e+00,0.000000000000000000e+00,0.000000000000000000e+00,0.000000000000000000e+00,0.000000000000000000e+00,0.000000000000000000e+00,0.000000000000000000e+00,0.000000000000000000e+00,0.000000000000000000e+00,0.000000000000000000e+00,0.000000000000000000e+00,0.000000000000000000e+00,0.000000000000000000e+00,0.000000000000000000e+00,0.000000000000000000e+00,0.000000000000000000e+00,0.000000000000000000e+00,0.000000000000000000e+00,0.000000000000000000e+00,0.000000000000000000e+00,0.000000000000000000e+00,0.000000000000000000e+00,0.000000000000000000e+00,0.000000000000000000e+00,0.000000000000000000e+00,0.000000000000000000e+00,0.000000000000000000e+00,0.000000000000000000e+00
CQ,0.000000000000000000e+00,0.000000000000000000e+00,0.000000000000000000e+00,0.000000000000000000e+00,0.000000000000000000e+00,0.000000000000000000e+00,0.000000000000000000e+00,0.000000000000000000e+00,0.000000000000000000e+00,0.000000000000000000e+00,0.000000000000000000e+00,0.000000000000000000e+00,0.000000000000000000e+00,0.000000000000000000e+00,0.000000000000000000e+00,0.000000000000000000e+00,0.000000000000000000e+00,0.000000000000000000e+00,0.000000000000000000e+00,0.000000000000000000e+00,0.000000000000000000e+00,0.000000000000000000e+00,0.000000000000000000e+00,0.000000000000000000e+00,0.000000000000000000e+00,0.000000000000000000e+00,0.000000000000000000e+00,0.000000000000000000e+00,0.000000000000000000e+00,0.000000000000000000e+00,0.000000000000000000e+00,0.000000000000000000e+00,0.000000000000000000e+00,0.000000000000000000e+00,0.000000000000000000e+00,0.000000000000000000e+00,0.000000000000000000e+00,0.000000000000000000e+00,0.000000000000000000e+00,0.000000000000000000e+00,0.000000000000000000e+00,0.000000000000000000e+00,0.000000000000000000e+00,0.000000000000000000e+00,0.000000000000000000e+00,0.000000000000000000e+00,0.000000000000000000e+00,0.000000000000000000e+00,0.000000000000000000e+00,0.000000000000000000e+00,0.000000000000000000e+00,0.000000000000000000e+00,0.000000000000000000e+00,0.000000000000000000e+00,0.000000000000000000e+00,0.000000000000000000e+00,0.000000000000000000e+00,0.000000000000000000e+00,0.000000000000000000e+00,0.000000000000000000e+00,0.000000000000000000e+00,0.000000000000000000e+00,0.000000000000000000e+00,0.000000000000000000e+00,0.000000000000000000e+00,0.000000000000000000e+00,0.000000000000000000e+00,0.000000000000000000e+00,0.000000000000000000e+00,0.000000000000000000e+00,0.000000000000000000e+00,0.000000000000000000e+00,0.000000000000000000e+00,0.000000000000000000e+00,0.000000000000000000e+00,0.000000000000000000e+00,0.000000000000000000e+00,0.000000000000000000e+00,0.000000000000000000e+00,0.000000000000000000e+00,0.000000000000000000e+00,0.000000000000000000e+00,0.000000000000000000e+00,0.000000000000000000e+00,0.000000000000000000e+00,0.000000000000000000e+00,0.000000000000000000e+00,0.000000000000000000e+00,0.000000000000000000e+00,0.000000000000000000e+00,0.000000000000000000e+00,0.000000000000000000e+00,0.000000000000000000e+00,0.000000000000000000e+00,0.000000000000000000e+00,0.000000000000000000e+00,0.000000000000000000e+00,0.000000000000000000e+00,0.000000000000000000e+00,0.000000000000000000e+00,0.000000000000000000e+00,0.000000000000000000e+00,0.000000000000000000e+00,0.000000000000000000e+00,0.000000000000000000e+00,0.000000000000000000e+00,0.000000000000000000e+00,0.000000000000000000e+00,0.000000000000000000e+00,0.000000000000000000e+00,0.000000000000000000e+00,0.000000000000000000e+00,0.000000000000000000e+00,0.000000000000000000e+00,0.000000000000000000e+00,0.000000000000000000e+00,0.000000000000000000e+00,0.000000000000000000e+00,0.000000000000000000e+00,0.000000000000000000e+00,0.000000000000000000e+00,0.000000000000000000e+00,0.000000000000000000e+00,0.000000000000000000e+00,0.000000000000000000e+00,0.000000000000000000e+00,0.000000000000000000e+00,0.000000000000000000e+00,0.000000000000000000e+00,0.000000000000000000e+00,0.000000000000000000e+00,0.000000000000000000e+00,0.000000000000000000e+00,0.000000000000000000e+00,0.000000000000000000e+00,0.000000000000000000e+00,0.000000000000000000e+00,0.000000000000000000e+00,0.000000000000000000e+00,0.000000000000000000e+00,0.000000000000000000e+00,0.000000000000000000e+00,0.000000000000000000e+00,0.000000000000000000e+00,0.000000000000000000e+00,0.000000000000000000e+00,0.000000000000000000e+00,0.000000000000000000e+00,0.000000000000000000e+00,0.000000000000000000e+00,0.000000000000000000e+00,0.000000000000000000e+00,0.000000000000000000e+00,0.000000000000000000e+00,0.000000000000000000e+00,0.000000000000000000e+00,0.000000000000000000e+00,0.000000000000000000e+00,0.000000000000000000e+00,0.000000000000000000e+00,0.000000000000000000e+00,0.000000000000000000e+00,0.000000000000000000e+00,0.000000000000000000e+00,0.000000000000000000e+00,0.000000000000000000e+00,0.000000000000000000e+00,0.000000000000000000e+00
CQ_h,0.000000000000000000e+00,0.000000000000000000e+00,0.000000000000000000e+00,0.000000000000000000e+00,0.000000000000000000e+00,0.000000000000000000e+00,0.000000000000000000e+00,0.000000000000000000e+00,0.000000000000000000e+00,0.000000000000000000e+00,0.000000000000000000e+00,0.000000000000000000e+00,0.000000000000000000e+00,0.000000000000000000e+00,0.000000000000000000e+00,0.000000000000000000e+00,0.000000000000000000e+00,0.000000000000000000e+00,0.000000000000000000e+00,0.000000000000000000e+00,0.000000000000000000e+00,0.000000000000000000e+00,0.000000000000000000e+00,0.000000000000000000e+00,0.000000000000000000e+00,0.000000000000000000e+00,0.000000000000000000e+00,0.000000000000000000e+00,0.000000000000000000e+00,0.000000000000000000e+00,0.000000000000000000e+00,0.000000000000000000e+00,0.000000000000000000e+00,0.000000000000000000e+00,0.000000000000000000e+00,0.000000000000000000e+00,0.000000000000000000e+00,0.000000000000000000e+00,0.000000000000000000e+00,0.000000000000000000e+00,0.000000000000000000e+00,0.000000000000000000e+00,0.000000000000000000e+00,0.000000000000000000e+00,0.000000000000000000e+00,0.000000000000000000e+00,0.000000000000000000e+00,0.000000000000000000e+00,0.000000000000000000e+00,0.000000000000000000e+00,0.000000000000000000e+00,0.000000000000000000e+00,0.000000000000000000e+00,0.000000000000000000e+00,0.000000000000000000e+00,0.000000000000000000e+00,0.000000000000000000e+00,0.000000000000000000e+00,0.000000000000000000e+00,0.000000000000000000e+00,0.000000000000000000e+00,0.000000000000000000e+00,0.000000000000000000e+00,0.000000000000000000e+00,0.000000000000000000e+00,0.000000000000000000e+00,0.000000000000000000e+00,0.000000000000000000e+00,0.000000000000000000e+00,0.000000000000000000e+00,0.000000000000000000e+00,0.000000000000000000e+00,0.000000000000000000e+00,0.000000000000000000e+00,0.000000000000000000e+00,0.000000000000000000e+00,0.000000000000000000e+00,0.000000000000000000e+00,0.000000000000000000e+00,0.000000000000000000e+00,0.000000000000000000e+00,0.000000000000000000e+00,0.000000000000000000e+00,0.000000000000000000e+00,0.000000000000000000e+00,0.000000000000000000e+00,0.000000000000000000e+00,0.000000000000000000e+00,0.000000000000000000e+00,0.000000000000000000e+00,0.000000000000000000e+00,0.000000000000000000e+00,0.000000000000000000e+00,0.000000000000000000e+00,0.000000000000000000e+00,0.000000000000000000e+00,0.000000000000000000e+00,0.000000000000000000e+00,0.000000000000000000e+00,0.000000000000000000e+00,0.000000000000000000e+00,0.000000000000000000e+00,0.000000000000000000e+00,0.000000000000000000e+00,0.000000000000000000e+00,0.000000000000000000e+00,0.000000000000000000e+00,0.000000000000000000e+00,0.000000000000000000e+00,0.000000000000000000e+00,0.000000000000000000e+00,0.000000000000000000e+00,0.000000000000000000e+00,0.000000000000000000e+00,0.000000000000000000e+00,0.000000000000000000e+00,0.000000000000000000e+00,0.000000000000000000e+00,0.000000000000000000e+00,0.000000000000000000e+00,0.000000000000000000e+00,0.000000000000000000e+00,0.000000000000000000e+00,0.000000000000000000e+00,0.000000000000000000e+00,0.000000000000000000e+00,0.000000000000000000e+00,0.000000000000000000e+00,0.000000000000000000e+00,0.000000000000000000e+00,0.000000000000000000e+00,0.000000000000000000e+00,0.000000000000000000e+00,0.000000000000000000e+00,0.000000000000000000e+00,0.000000000000000000e+00,0.000000000000000000e+00,0.000000000000000000e+00,0.000000000000000000e+00,0.000000000000000000e+00,0.000000000000000000e+00,0.000000000000000000e+00,0.000000000000000000e+00,0.000000000000000000e+00,0.000000000000000000e+00,0.000000000000000000e+00,0.000000000000000000e+00,0.000000000000000000e+00,0.000000000000000000e+00,0.000000000000000000e+00,0.000000000000000000e+00,0.000000000000000000e+00,0.000000000000000000e+00,0.000000000000000000e+00,0.000000000000000000e+00,0.000000000000000000e+00,0.000000000000000000e+00,0.000000000000000000e+00,0.000000000000000000e+00,0.000000000000000000e+00,0.000000000000000000e+00,0.000000000000000000e+00,0.000000000000000000e+00,0.000000000000000000e+00,0.000000000000000000e+00,0.000000000000000000e+00,0.000000000000000000e+00,0.000000000000000000e+00
CT,0.000000000000000000e+00,0.000000000000000000e+00,0.000000000000000000e+00,0.000000000000000000e+00,0.000000000000000000e+00,0.000000000000000000e+00,0.000000000000000000e+00,0.000000000000000000e+00,0.000000000000000000e+00,0.000000000000000000e+00,0.000000000000000000e+00,0.000000000000000000e+00,0.000000000000000000e+00,0.000000000000000000e+00,0.000000000000000000e+00,0.000000000000000000e+00,0.000000000000000000e+00,0.000000000000000000e+00,0.000000000000000000e+00,0.000000000000000000e+00,0.000000000000000000e+00,0.000000000000000000e+00,0.000000000000000000e+00,0.000000000000000000e+00,0.000000000000000000e+00,0.000000000000000000e+00,0.000000000000000000e+00,0.000000000000000000e+00,0.000000000000000000e+00,0.000000000000000000e+00,0.000000000000000000e+00,0.000000000000000000e+00,0.000000000000000000e+00,0.000000000000000000e+00,0.000000000000000000e+00,0.000000000000000000e+00,0.000000000000000000e+00,0.000000000000000000e+00,0.000000000000000000e+00,0.000000000000000000e+00,0.000000000000000000e+00,0.000000000000000000e+00,0.000000000000000000e+00,0.000000000000000000e+00,0.000000000000000000e+00,0.000000000000000000e+00,0.000000000000000000e+00,0.000000000000000000e+00,0.000000000000000000e+00,0.000000000000000000e+00,0.000000000000000000e+00,0.000000000000000000e+00,0.000000000000000000e+00,0.000000000000000000e+00,0.000000000000000000e+00,0.000000000000000000e+00,0.000000000000000000e+00,0.000000000000000000e+00,0.000000000000000000e+00,0.000000000000000000e+00,0.000000000000000000e+00,0.000000000000000000e+00,0.000000000000000000e+00,0.000000000000000000e+00,0.000000000000000000e+00,0.000000000000000000e+00,0.000000000000000000e+00,0.000000000000000000e+00,0.000000000000000000e+00,0.000000000000000000e+00,0.000000000000000000e+00,0.000000000000000000e+00,0.000000000000000000e+00,0.000000000000000000e+00,0.000000000000000000e+00,0.000000000000000000e+00,0.000000000000000000e+00,0.000000000000000000e+00,0.000000000000000000e+00,0.000000000000000000e+00,0.000000000000000000e+00,0.000000000000000000e+00,0.000000000000000000e+00,0.000000000000000000e+00,0.000000000000000000e+00,0.000000000000000000e+00,0.000000000000000000e+00,0.000000000000000000e+00,0.000000000000000000e+00,0.000000000000000000e+00,0.000000000000000000e+00,0.000000000000000000e+00,0.000000000000000000e+00,0.000000000000000000e+00,0.000000000000000000e+00,0.000000000000000000e+00,0.000000000000000000e+00,0.000000000000000000e+00,0.000000000000000000e+00,0.000000000000000000e+00,0.000000000000000000e+00,0.000000000000000000e+00,0.000000000000000000e+00,0.000000000000000000e+00,0.000000000000000000e+00,0.000000000000000000e+00,0.000000000000000000e+00,0.000000000000000000e+00,0.000000000000000000e+00,0.000000000000000000e+00,0.000000000000000000e+00,0.000000000000000000e+00,0.000000000000000000e+00,0.000000000000000000e+00,0.000000000000000000e+00,0.000000000000000000e+00,0.000000000000000000e+00,0.000000000000000000e+00,0.000000000000000000e+00,0.000000000000000000e+00,0.000000000000000000e+00,0.000000000000000000e+00,0.000000000000000000e+00,0.000000000000000000e+00,0.000000000000000000e+00,0.000000000000000000e+00,0.000000000000000000e+00,0.000000000000000000e+00,0.000000000000000000e+00,0.000000000000000000e+00,0.000000000000000000e+00,0.000000000000000000e+00,0.000000000000000000e+00,0.000000000000000000e+00,0.000000000000000000e+00,0.000000000000000000e+00,0.000000000000000000e+00,0.000000000000000000e+00,0.000000000000000000e+00,0.000000000000000000e+00,0.000000000000000000e+00,0.000000000000000000e+00,0.000000000000000000e+00,0.000000000000000000e+00,0.000000000000000000e+00,0.000000000000000000e+00,0.000000000000000000e+00,0.000000000000000000e+00,0.000000000000000000e+00,0.000000000000000000e+00,0.000000000000000000e+00,0.000000000000000000e+00,0.000000000000000000e+00,0.000000000000000000e+00,0.000000000000000000e+00,0.000000000000000000e+00,0.000000000000000000e+00,0.000000000000000000e+00,0.000000000000000000e+00,0.000000000000000000e+00,0.000000000000000000e+00,0.000000000000000000e+00,0.000000000000000000e+00,0.000000000000000000e+00,0.000000000000000000e+00,0.000000000000000000e+00,0.000000000000000000e+00,0.000000000000000000e+00
CT_h,0.000000000000000000e+00,0.000000000000000000e+00,0.000000000000000000e+00,0.000000000000000000e+00,0.000000000000000000e+00,0.000000000000000000e+00,0.000000000000000000e+00,0.000000000000000000e+00,0.000000000000000000e+00,0.000000000000000000e+00,0.000000000000000000e+00,0.000000000000000000e+00,0.000000000000000000e+00,0.000000000000000000e+00,0.000000000000000000e+00,0.000000000000000000e+00,0.000000000000000000e+00,0.000000000000000000e+00,0.000000000000000000e+00,0.000000000000000000e+00,0.000000000000000000e+00,0.000000000000000000e+00,0.000000000000000000e+00,0.000000000000000000e+00,0.000000000000000000e+00,0.000000000000000000e+00,0.000000000000000000e+00,0.000000000000000000e+00,0.000000000000000000e+00,0.000000000000000000e+00,0.000000000000000000e+00,0.000000000000000000e+00,0.000000000000000000e+00,0.000000000000000000e+00,0.000000000000000000e+00,0.000000000000000000e+00,0.000000000000000000e+00,0.000000000000000000e+00,0.000000000000000000e+00,0.000000000000000000e+00,0.000000000000000000e+00,0.000000000000000000e+00,0.000000000000000000e+00,0.000000000000000000e+00,0.000000000000000000e+00,0.000000000000000000e+00,0.000000000000000000e+00,0.000000000000000000e+00,0.000000000000000000e+00,0.000000000000000000e+00,0.000000000000000000e+00,0.000000000000000000e+00,0.000000000000000000e+00,0.000000000000000000e+00,0.000000000000000000e+00,0.000000000000000000e+00,0.000000000000000000e+00,0.000000000000000000e+00,0.000000000000000000e+00,0.000000000000000000e+00,0.000000000000000000e+00,0.000000000000000000e+00,0.000000000000000000e+00,0.000000000000000000e+00,0.000000000000000000e+00,0.000000000000000000e+00,0.000000000000000000e+00,0.000000000000000000e+00,0.000000000000000000e+00,0.000000000000000000e+00,0.000000000000000000e+00,0.000000000000000000e+00,0.000000000000000000e+00,0.000000000000000000e+00,0.000000000000000000e+00,0.000000000000000000e+00,0.000000000000000000e+00,0.000000000000000000e+00,0.000000000000000000e+00,0.000000000000000000e+00,0.000000000000000000e+00,0.000000000000000000e+00,0.000000000000000000e+00,0.000000000000000000e+00,0.000000000000000000e+00,0.000000000000000000e+00,0.000000000000000000e+00,0.000000000000000000e+00,0.000000000000000000e+00,0.000000000000000000e+00,0.000000000000000000e+00,0.000000000000000000e+00,0.000000000000000000e+00,0.000000000000000000e+00,0.000000000000000000e+00,0.000000000000000000e+00,0.000000000000000000e+00,0.000000000000000000e+00,0.000000000000000000e+00,0.000000000000000000e+00,0.000000000000000000e+00,0.000000000000000000e+00,0.000000000000000000e+00,0.000000000000000000e+00,0.000000000000000000e+00,0.000000000000000000e+00,0.000000000000000000e+00,0.000000000000000000e+00,0.000000000000000000e+00,0.000000000000000000e+00,0.000000000000000000e+00,0.000000000000000000e+00,0.000000000000000000e+00,0.000000000000000000e+00,0.000000000000000000e+00,0.000000000000000000e+00,0.000000000000000000e+00,0.000000000000000000e+00,0.000000000000000000e+00,0.000000000000000000e+00,0.000000000000000000e+00,0.000000000000000000e+00,0.000000000000000000e+00,0.000000000000000000e+00,0.000000000000000000e+00,0.000000000000000000e+00,0.000000000000000000e+00,0.000000000000000000e+00,0.000000000000000000e+00,0.000000000000000000e+00,0.000000000000000000e+00,0.000000000000000000e+00,0.000000000000000000e+00,0.000000000000000000e+00,0.000000000000000000e+00,0.000000000000000000e+00,0.000000000000000000e+00,0.000000000000000000e+00,0.000000000000000000e+00,0.000000000000000000e+00,0.000000000000000000e+00,0.000000000000000000e+00,0.000000000000000000e+00,0.000000000000000000e+00,0.000000000000000000e+00,0.000000000000000000e+00,0.000000000000000000e+00,0.000000000000000000e+00,0.000000000000000000e+00,0.000000000000000000e+00,0.000000000000000000e+00,0.000000000000000000e+00,0.000000000000000000e+00,0.000000000000000000e+00,0.000000000000000000e+00,0.000000000000000000e+00,0.000000000000000000e+00,0.000000000000000000e+00,0.000000000000000000e+00,0.000000000000000000e+00,0.000000000000000000e+00,0.000000000000000000e+00,0.000000000000000000e+00,0.000000000000000000e+00,0.000000000000000000e+00,0.000000000000000000e+00,0.000000000000000000e+00,0.000000000000000000e+00
Chord,7.147499999999999964e-01,1.724569999999999936e+00,2.731840000000000046e+00,3.739110000000000156e+00,4.746380000000000265e+00,5.753650000000000375e+00,6.760919999999999597e+00,7.768189999999999706e+00,8.775460000000000704e+00,9.782730000000000814e+00,1.078999999999999915e+01,1.179726999999999926e+01,1.280453999999999937e+01,1.381180999999999948e+01,1.481907999999999959e+01,1.582634999999999970e+01,1.683361999999999981e+01,1.784089000000000169e+01,1.884816000000000003e+01,1.985542999999999836e+01,2.086270000000000024e+01,2.086270000000000024e+01,1.985542999999999836e+01,1.884816000000000003e+01,1.784089000000000169e+01,1.683361999999999981e+01,1.582634999999999970e+01,1.481907999999999959e+01,1.381180999999999948e+01,1.280453999999999937e+01,1.179726999999999926e+01,1.078999999999999915e+01,9.782730000000000814e+00,8.775460000000000704e+00,7.768189999999999706e+00,6.760919999999999597e+00,5.753650000000000375e+00,4.746380000000000265e+00,3.739110000000000156e+00,2.731840000000000046e+00,1.724569999999999936e+00,7.147499999999999964e-01,1.916190000000000060e+00,2.048569999999999780e+00,2.180950000000000166e+00,2.313330000000000108e+00,2.445710000000000051e+00,2.578100000000000058e+00,2.710480000000000000e+00,2.842859999999999943e+00,2.975239999999999885e+00,3.107619999999999827e+00,3.240000000000000213e+00,3.372380000000000155e+00,3.504760000000000097e+00,3.637140000000000040e+00,3.769519999999999982e+00,3.901899999999999924e+00,4.034290000000000376e+00,4.166669999999999874e+00,4.299050000000000260e+00,4.431429999999999758e+00,4.563810000000000144e+00,4.563810000000000144e+00,4.431429999999999758e+00,4.299050000000000260e+00,4.166669999999999874e+00,4.034290000000000376e+00,3.901899999999999924e+00,3.769519999999999982e+00,3.637140000000000040e+00,3.504760000000000097e+00,3.372380000000000155e+00,3.240000000000000213e+00,3.107619999999999827e+00,2.975239999999999885e+00,2.842859999999999943e+00,2.710480000000000000e+00,2.578100000000000058e+00,2.445710000000000051e+00,2.313330000000000108e+00,2.180950000000000166e+00,2.048569999999999780e+00,1.916190000000000060e+00,7.734090000000000131e+00,7.360680000000000334e+00,6.987269999999999648e+00,6.613859999999999850e+00,6.240450000000000053e+00,5.867040000000000255e+00,5.493640000000000079e+00,5.120230000000000281e+00,4.746819999999999595e+00,4.373409999999999798e+00,4.000000000000000000e+00,3.626590000000000202e+00,3.253179999999999961e+00,2.879770000000000163e+00,2.506359999999999921e+00,2.132960000000000189e+00,1.759549999999999947e+00,1.386139999999999928e+00,1.012729999999999908e+00,6.393199999999999994e-01,2.659099999999999797e-01,7.734090000000000131e+00,7.360680000000000334e+00,6.987269999999999648e+00,6.613859999999999850e+00,6.240450000000000053e+00,5.867040000000000255e+00,5.493640000000000079e+00,5.120230000000000281e+00,4.746819999999999595e+00,4.373409999999999798e+00,4.000000000000000000e+00,3.626590000000000202e+00,3.253179999999999961e+00,2.879770000000000163e+00,2.506359999999999921e+00,2.132960000000000189e+00,1.759549999999999947e+00,1.386139999999999928e+00,1.012729999999999908e+00,6.393199999999999994e-01,2.659099999999999797e-01,7.734090000000000131e+00,7.360680000000000334e+00,6.987269999999999648e+00,6.613859999999999850e+00,6.240450000000000053e+00,5.867040000000000255e+00,5.493640000000000079e+00,5.120230000000000281e+00,4.746819999999999595e+00,4.373409999999999798e+00,4.000000000000000000e+00,3.626590000000000202e+00,3.253179999999999961e+00,2.879770000000000163e+00,2.506359999999999921e+00,2.132960000000000189e+00,1.759549999999999947e+00,1.386139999999999928e+00,1.012729999999999908e+00,6.393199999999999994e-01,2.659099999999999797e-01,7.734090000000000131e+00,7.360680000000000334e+00,6.987269999999999648e+00,6.613859999999999850e+00,6.240450000000000053e+00,5.867040000000000255e+00,5.493640000000000079e+00,5.120230000000000281e+00,4.746819999999999595e+00,4.373409999999999798e+00,4.000000000000000000e+00,3.626590000000000202e+00,3.253179999999999961e+00,2.879770000000000163e+00,2.506359999999999921e+00,2.132960000000000189e+00,1.759549999999999947e+00,1.386139999999999928e+00,1.012729999999999908e+00,6.393199999999999994e-01,2.659099999999999797e-01
Diameter,0.000000000000000000e+00,0.000000000000000000e+00,0.000000000000000000e+00,0.000000000000000000e+00,0.000000000000000000e+00,0.000000000000000000e+00,0.000000000000000000e+00,0.000000000000000000e+00,0.000000000000000000e+00,0.000000000000000000e+00,0.000000000000000000e+00,0.000000000000000000e+00,0.000000000000000000e+00,0.000000000000000000e+00,0.000000000000000000e+00,0.000000000000000000e+00,0.000000000000000000e+00,0.000000000000000000e+00,0.000000000000000000e+00,0.000000000000000000e+00,0.000000000000000000e+00,0.000000000000000000e+00,0.000000000000000000e+00,0.000000000000000000e+00,0.000000000000000000e+00,0.000000000000000000e+00,0.000000000000000000e+00,0.000000000000000000e+00,0.000000000000000000e+00,0.000000000000000000e+00,0.000000000000000000e+00,0.000000000000000000e+00,0.000000000000000000e+00,0.000000000000000000e+00,0.000000000000000000e+00,0.000000000000000000e+00,0.000000000000000000e+00,0.000000000000000000e+00,0.000000000000000000e+00,0.000000000000000000e+00,0.000000000000000000e+00,0.000000000000000000e+00,0.000000000000000000e+00,0.000000000000000000e+00,0.000000000000000000e+00,0.000000000000000000e+00,0.000000000000000000e+00,0.000000000000000000e+00,0.000000000000000000e+00,0.000000000000000000e+00,0.000000000000000000e+00,0.000000000000000000e+00,0.000000000000000000e+00,0.000000000000000000e+00,0.000000000000000000e+00,0.000000000000000000e+00,0.000000000000000000e+00,0.000000000000000000e+00,0.000000000000000000e+00,0.000000000000000000e+00,0.000000000000000000e+00,0.000000000000000000e+00,0.000000000000000000e+00,0.000000000000000000e+00,0.000000000000000000e+00,0.000000000000000000e+00,0.000000000000000000e+00,0.000000000000000000e+00,0.000000000000000000e+00,0.000000000000000000e+00,0.000000000000000000e+00,0.000000000000000000e+00,0.000000000000000000e+00,0.000000000000000000e+00,0.000000000000000000e+00,0.000000000000000000e+00,0.000000000000000000e+00,0.000000000000000000e+00,0.000000000000000000e+00,0.000000000000000000e+00,0.000000000000000000e+00,0.000000000000000000e+00,0.000000000000000000e+00,0.000000000000000000e+00,0.000000000000000000e+00,0.000000000000000000e+00,0.000000000000000000e+00,0.000000000000000000e+00,0.000000000000000000e+00,0.000000000000000000e+00,0.000000000000000000e+00,0.000000000000000000e+00,0.000000000000000000e+00,0.000000000000000000e+00,0.000000000000000000e+00,0.000000000000000000e+00,0.000000000000000000e+00,0.000000000000000000e+00,0.000000000000000000e+00,0.000000000000000000e+00,0.000000000000000000e+00,0.000000000000000000e+00,0.000000000000000000e+00,0.000000000000000000e+00,0.000000000000000000e+00,0.000000000000000000e+00,0.000000000000000000e+00,0.000000000000000000e+00,0.000000000000000000e+00,0.000000000000000000e+00,0.000000000000000000e+00,0.000000000000000000e+00,0.000000000000000000e+00,0.000000000000000000e+00,0.000000000000000000e+00,0.000000000000000000e+00,0.000000000000000000e+00,0.000000000000000000e+00,0.000000000000000000e+00,0.000000000000000000e+00,0.000000000000000000e+00,0.000000000000000000e+00,0.000000000000000000e+00,0.000000000000000000e+00,0.000000000000000000e+00,0.000000000000000000e+00,0.000000000000000000e+00,0.000000000000000000e+00,0.000000000000000000e+00,0.000000000000000000e+00,0.000000000000000000e+00,0.000000000000000000e+00,0.000000000000000000e+00,0.000000000000000000e+00,0.000000000000000000e+00,0.000000000000000000e+00,0.000000000000000000e+00,0.000000000000000000e+00,0.000000000000000000e+00,0.000000000000000000e+00,0.000000000000000000e+00,0.000000000000000000e+00,0.000000000000000000e+00,0.000000000000000000e+00,0.000000000000000000e+00,0.000000000000000000e+00,0.000000000000000000e+00,0.000000000000000000e+00,0.000000000000000000e+00,0.000000000000000000e+00,0.000000000000000000e+00,0.000000000000000000e+00,0.000000000000000000e+00,0.000000000000000000e+00,0.000000000000000000e+00,0.000000000000000000e+00,0.000000000000000000e+00,0.000000000000000000e+00,0.000000000000000000e+00,0.000000000000000000e+00,0.000000000000000000e+00,0.000000000000000000e+00,0.000000000000000000e+00,0.000000000000000000e+00,0.000000000000000000e+00,0.000000000000000000e+00,0.000000000000000000e+00,0.000000000000000000e+00
ETAP,0.000000000000000000e+00,0.000000000000000000e+00,0.000000000000000000e+00,0.000000000000000000e+00,0.000000000000000000e+00,0.000000000000000000e+00,0.000000000000000000e+00,0.000000000000000000e+00,0.000000000000000000e+00,0.000000000000000000e+00,0.000000000000000000e+00,0.000000000000000000e+00,0.000000000000000000e+00,0.000000000000000000e+00,0.000000000000000000e+00,0.000000000000000000e+00,0.000000000000000000e+00,0.000000000000000000e+00,0.000000000000000000e+00,0.000000000000000000e+00,0.000000000000000000e+00,0.000000000000000000e+00,0.000000000000000000e+00,0.000000000000000000e+00,0.000000000000000000e+00,0.000000000000000000e+00,0.000000000000000000e+00,0.000000000000000000e+00,0.000000000000000000e+00,0.000000000000000000e+00,0.000000000000000000e+00,0.000000000000000000e+00,0.000000000000000000e+00,0.000000000000000000e+00,0.000000000000000000e+00,0.000000000000000000e+00,0.000000000000000000e+00,0.000000000000000000e+00,0.000000000000000000e+00,0.000000000000000000e+00,0.000000000000000000e+00,0.000000000000000000e+00,0.000000000000000000e+00,0.000000000000000000e+00,0.000000000000000000e+00,0.000000000000000000e+00,0.000000000000000000e+00,0.000000000000000000e+00,0.000000000000000000e+00,0.000000000000000000e+00,0.000000000000000000e+00,0.000000000000000000e+00,0.000000000000000000e+00,0.000000000000000000e+00,0.000000000000000000e+00,0.000000000000000000e+00,0.000000000000000000e+00,0.000000000000000000e+00,0.000000000000000000e+00,0.000000000000000000e+00,0.000000000000000000e+00,0.000000000000000000e+00,0.000000000000000000e+00,0.000000000000000000e+00,0.000000000000000000e+00,0.000000000000000000e+00,0.000000000000000000e+00,0.000000000000000000e+00,0.000000000000000000e+00,0.000000000000000000e+00,0.000000000000000000e+00,0.000000000000000000e+00,0.000000000000000000e+00,0.000000000000000000e+00,0.000000000000000000e+00,0.000000000000000000e+00,0.000000000000000000e+00,0.000000000000000000e+00,0.000000000000000000e+00,0.000000000000000000e+00,0.000000000000000000e+00,0.000000000000000000e+00,0.000000000000000000e+00,0.000000000000000000e+00,0.000000000000000000e+00,0.000000000000000000e+00,0.000000000000000000e+00,0.000000000000000000e+00,0.000000000000000000e+00,0.000000000000000000e+00,0.000000000000000000e+00,0.000000000000000000e+00,0.000000000000000000e+00,0.000000000000000000e+00,0.000000000000000000e+00,0.000000000000000000e+00,0.000000000000000000e+00,0.000000000000000000e+00,0.000000000000000000e+00,0.000000000000000000e+00,0.000000000000000000e+00,0.000000000000000000e+00,0.000000000000000000e+00,0.000000000000000000e+00,0.000000000000000000e+00,0.000000000000000000e+00,0.000000000000000000e+00,0.000000000000000000e+00,0.000000000000000000e+00,0.000000000000000000e+00,0.000000000000000000e+00,0.000000000000000000e+00,0.000000000000000000e+00,0.000000000000000000e+00,0.000000000000000000e+00,0.000000000000000000e+00,0.000000000000000000e+00,0.000000000000000000e+00,0.000000000000000000e+00,0.000000000000000000e+00,0.000000000000000000e+00,0.000000000000000000e+00,0.000000000000000000e+00,0.000000000000000000e+00,0.000000000000000000e+00,0.000000000000000000e+00,0.000000000000000000e+00,0.000000000000000000e+00,0.000000000000000000e+00,0.000000000000000000e+00,0.000000000000000000e+00,0.000000000000000000e+00,0.000000000000000000e+00,0.000000000000000000e+00,0.000000000000000000e+00,0.000000000000000000e+00,0.000000000000000000e+00,0.000000000000000000e+00,0.000000000000000000e+00,0.000000000000000000e+00,0.000000000000000000e+00,0.000000000000000000e+00,0.000000000000000000e+00,0.000000000000000000e+00,0.000000000000000000e+00,0.000000000000000000e+00,0.000000000000000000e+00,0.000000000000000000e+00,0.000000000000000000e+00,0.000000000000000000e+00,0.000000000000000000e+00,0.000000000000000000e+00,0.000000000000000000e+00,0.000000000000000000e+00,0.000000000000000000e+00,0.000000000000000000e+00,0.000000000000000000e+00,0.000000000000000000e+00,0.000000000000000000e+00,0.000000000000000000e+00,0.000000000000000000e+00,0.000000000000000000e+00,0.000000000000000000e+00,0.000000000000000000e+00,0.000000000000000000e+00,0.000000000000000000e+00,0.000000000000000000e+00,0.000000000000000000e+00
FC_AoA_,5.000000000000000000e+00
FC_Beta_,0.000000000000000000e+00
FC_Bref_,3.236999999999999744e+01
FC_Cref_,1.438667000000000051e+01
FC_Mach_,8.000000000000000444e-01
FC_Pitch_Rate,0.000000000000000000e+00
FC_Rho_,2.377000000000000206e-03
FC_Roll__Rate,0.000000000000000000e+00
FC_Sref_,3.492722999999999729e+02
FC_Vinf_,1.000000000000000000e+02
FC_Xcg_,2.955000000000000071e+01
FC_Yaw___Rate,0.000000000000000000e+00
FC_Ycg_,0.000000000000000000e+00
FC_Zcg_,0.000000000000000000e+00
FOM,0.000000000000000000e+00,0.000000000000000000e+00,0.000000000000000000e+00,0.000000000000000000e+00,0.000000000000000000e+00,0.000000000000000000e+00,0.000000000000000000e+00,0.000000000000000000e+00,0.000000000000000000e+00,0.000000000000000000e+00,0.000000000000000000e+00,0.000000000000000000e+00,0.000000000000000000e+00,0.000000000000000000e+00,0.000000000000000000e+00,0.000000000000000000e+00,0.000000000000000000e+00,0.000000000000000000e+00,0.000000000000000000e+00,0.000000000000000000e+00,0.000000000000000000e+00,0.000000000000000000e+00,0.000000000000000000e+00,0.000000000000000000e+00,0.000000000000000000e+00,0.000000000000000000e+00,0.000000000000000000e+00,0.000000000000000000e+00,0.000000000000000000e+00,0.000000000000000000e+00,0.000000000000000000e+00,0.000000000000000000e+00,0.000000000000000000e+00,0.000000000000000000e+00,0.000000000000000000e+00,0.000000000000000000e+00,0.000000000000000000e+00,0.000000000000000000e+00,0.000000000000000000e+00,0.000000000000000000e+00,0.000000000000000000e+00,0.000000000000000000e+00,0.000000000000000000e+00,0.000000000000000000e+00,0.000000000000000000e+00,0.000000000000000000e+00,0.000000000000000000e+00,0.000000000000000000e+00,0.000000000000000000e+00,0.000000000000000000e+00,0.000000000000000000e+00,0.000000000000000000e+00,0.000000000000000000e+00,0.000000000000000000e+00,0.000000000000000000e+00,0.000000000000000000e+00,0.000000000000000000e+00,0.000000000000000000e+00,0.000000000000000000e+00,0.000000000000000000e+00,0.000000000000000000e+00,0.000000000000000000e+00,0.000000000000000000e+00,0.000000000000000000e+00,0.000000000000000000e+00,0.000000000000000000e+00,0.000000000000000000e+00,0.000000000000000000e+00,0.000000000000000000e+00,0.000000000000000000e+00,0.000000000000000000e+00,0.000000000000000000e+00,0.000000000000000000e+00,0.000000000000000000e+00,0.000000000000000000e+00,0.000000000000000000e+00,0.000000000000000000e+00,0.000000000000000000e+00,0.000000000000000000e+00,0.000000000000000000e+00,0.000000000000000000e+00,0.000000000000000000e+00,0.000000000000000000e+00,0.000000000000000000e+00,0.000000000000000000e+00,0.000000000000000000e+00,0.000000000000000000e+00,0.000000000000000000e+00,0.000000000000000000e+00,0.000000000000000000e+00,0.000000000000000000e+00,0.000000000000000000e+00,0.000000000000000000e+00,0.000000000000000000e+00,0.000000000000000000e+00,0.000000000000000000e+00,0.000000000000000000e+00,0.000000000000000000e+00,0.000000000000000000e+00,0.000000000000000000e+00,0.000000000000000000e+00,0.000000000000000000e+00,0.000000000000000000e+00,0.000000000000000000e+00,0.000000000000000000e+00,0.000000000000000000e+00,0.000000000000000000e+00,0.000000000000000000e+00,0.000000000000000000e+00,0.000000000000000000e+00,0.000000000000000000e+00,0.000000000000000000e+00,0.000000000000000000e+00,0.000000000000000000e+00,0.000000000000000000e+00,0.000000000000000000e+00,0.000000000000000000e+00,0.000000000000000000e+00,0.000000000000000000e+00,0.000000000000000000e+00,0.000000000000000000e+00,0.000000000000000000e+00,0.000000000000000000e+00,0.000000000000000000e+00,0.000000000000000000e+00,0.000000000000000000e+00,0.000000000000000000e+00,0.000000000000000000e+00,0.000000000000000000e+00,0.000000000000000000e+00,0.000000000000000000e+00,0.000000000000000000e+00,0.000000000000000000e+00,0.000000000000000000e+00,0.000000000000000000e+00,0.000000000000000000e+00,0.000000000000000000e+00,0.000000000000000000e+00,0.000000000000000000e+00,0.000000000000000000e+00,0.000000000000000000e+00,0.000000000000000000e+00,0.000000000000000000e+00,0.000000000000000000e+00,0.000000000000000000e+00,0.000000000000000000e+00,0.000000000000000000e+00,0.000000000000000000e+00,0.000000000000000000e+00,0.000000000000000000e+00,0.000000000000000000e+00,0.000000000000000000e+00,0.000000000000000000e+00,0.000000000000000000e+00,0.000000000000000000e+00,0.000000000000000000e+00,0.000000000000000000e+00,0.000000000000000000e+00,0.000000000000000000e+00,0.000000000000000000e+00,0.000000000000000000e+00,0.000000000000000000e+00,0.000000000000000000e+00,0.000000000000000000e+00,0.000000000000000000e+00,0.000000000000000000e+00,0.000000000000000000e+00,0.000000000000000000e+00
IsARotor,0,0,0,0,0,0,0,0,0,0,0,0,0,0,0,0,0,0,0,0,0,0,0,0,0,0,0,0,0,0,0,0,0,0,0,0,0,0,0,0,0,0,0,0,0,0,0,0,0,0,0,0,0,0,0,0,0,0,0,0,0,0,0,0,0,0,0,0,0,0,0,0,0,0,0,0,0,0,0,0,0,0,0,0,0,0,0,0,0,0,0,0,0,0,0,0,0,0,0,0,0,0,0,0,0,0,0,0,0,0,0,0,0,0,0,0,0,0,0,0,0,0,0,0,0,0,0,0,0,0,0,0,0,0,0,0,0,0,0,0,0,0,0,0,0,0,0,0,0,0,0,0,0,0,0,0,0,0,0,0,0,0,0,0,0,0,0,0
Iter,8,8,8,8,8,8,8,8,8,8,8,8,8,8,8,8,8,8,8,8,8,8,8,8,8,8,8,8,8,8,8,8,8,8,8,8,8,8,8,8,8,8,8,8,8,8,8,8,8,8,8,8,8,8,8,8,8,8,8,8,8,8,8,8,8,8,8,8,8,8,8,8,8,8,8,8,8,8,8,8,8,8,8,8,8,8,8,8,8,8,8,8,8,8,8,8,8,8,8,8,8,8,8,8,8,8,8,8,8,8,8,8,8,8,8,8,8,8,8,8,8,8,8,8,8,8,8,8,8,8,8,8,8,8,8,8,8,8,8,8,8,8,8,8,8,8,8,8,8,8,8,8,8,8,8,8,8,8,8,8,8,8,8,8,8,8,8,8
J,0.000000000000000000e+00,0.000000000000000000e+00,0.000000000000000000e+00,0.000000000000000000e+00,0.000000000000000000e+00,0.000000000000000000e+00,0.000000000000000000e+00,0.000000000000000000e+00,0.000000000000000000e+00,0.000000000000000000e+00,0.000000000000000000e+00,0.000000000000000000e+00,0.000000000000000000e+00,0.000000000000000000e+00,0.000000000000000000e+00,0.000000000000000000e+00,0.000000000000000000e+00,0.000000000000000000e+00,0.000000000000000000e+00,0.000000000000000000e+00,0.000000000000000000e+00,0.000000000000000000e+00,0.000000000000000000e+00,0.000000000000000000e+00,0.000000000000000000e+00,0.000000000000000000e+00,0.000000000000000000e+00,0.000000000000000000e+00,0.000000000000000000e+00,0.000000000000000000e+00,0.000000000000000000e+00,0.000000000000000000e+00,0.000000000000000000e+00,0.000000000000000000e+00,0.000000000000000000e+00,0.000000000000000000e+00,0.000000000000000000e+00,0.000000000000000000e+00,0.000000000000000000e+00,0.000000000000000000e+00,0.000000000000000000e+00,0.000000000000000000e+00,0.000000000000000000e+00,0.000000000000000000e+00,0.000000000000000000e+00,0.000000000000000000e+00,0.000000000000000000e+00,0.000000000000000000e+00,0.000000000000000000e+00,0.000000000000000000e+00,0.000000000000000000e+00,0.000000000000000000e+00,0.000000000000000000e+00,0.000000000000000000e+00,0.000000000000000000e+00,0.000000000000000000e+00,0.000000000000000000e+00,0.000000000000000000e+00,0.000000000000000000e+00,0.000000000000000000e+00,0.000000000000000000e+00,0.000000000000000000e+00,0.000000000000000000e+00,0.000000000000000000e+00,0.000000000000000000e+00,0.000000000000000000e+00,0.000000000000000000e+00,0.000000000000000000e+00,0.000000000000000000e+00,0.000000000000000000e+00,0.000000000000000000e+00,0.000000000000000000e+00,0.000000000000000000e+00,0.000000000000000000e+00,0.000000000000000000e+00,0.000000000000000000e+00,0.000000000000000000e+00,0.000000000000000000e+00,0.000000000000000000e+00,0.000000000000000000e+00,0.000000000000000000e+00,0.000000000000000000e+00,0.000000000000000000e+00,0.000000000000000000e+00,0.000000000000000000e+00,0.000000000000000000e+00,0.000000000000000000e+00,0.000000000000000000e+00,0.000000000000000000e+00,0.000000000000000000e+00,0.000000000000000000e+00,0.000000000000000000e+00,0.000000000000000000e+00,0.000000000000000000e+00,0.000000000000000000e+00,0.000000000000000000e+00,0.000000000000000000e+00,0.000000000000000000e+00,0.000000000000000000e+00,0.000000000000000000e+00,0.000000000000000000e+00,0.000000000000000000e+00,0.000000000000000000e+00,0.000000000000000000e+00,0.000000000000000000e+00,0.000000000000000000e+00,0.000000000000000000e+00,0.000000000000000000e+00,0.000000000000000000e+00,0.000000000000000000e+00,0.000000000000000000e+00,0.000000000000000000e+00,0.000000000000000000e+00,0.000000000000000000e+00,0.000000000000000000e+00,0.000000000000000000e+00,0.000000000000000000e+00,0.000000000000000000e+00,0.000000000000000000e+00,0.000000000000000000e+00,0.000000000000000000e+00,0.000000000000000000e+00,0.000000000000000000e+00,0.000000000000000000e+00,0.000000000000000000e+00,0.000000000000000000e+00,0.000000000000000000e+00,0.000000000000000000e+00,0.000000000000000000e+00,0.000000000000000000e+00,0.000000000000000000e+00,0.000000000000000000e+00,0.000000000000000000e+00,0.000000000000000000e+00,0.000000000000000000e+00,0.000000000000000000e+00,0.000000000000000000e+00,0.000000000000000000e+00,0.000000000000000000e+00,0.000000000000000000e+00,0.000000000000000000e+00,0.000000000000000000e+00,0.000000000000000000e+00,0.000000000000000000e+00,0.000000000000000000e+00,0.000000000000000000e+00,0.000000000000000000e+00,0.000000000000000000e+00,0.000000000000000000e+00,0.000000000000000000e+00,0.000000000000000000e+00,0.000000000000000000e+00,0.000000000000000000e+00,0.000000000000000000e+00,0.000000000000000000e+00,0.000000000000000000e+00,0.000000000000000000e+00,0.000000000000000000e+00,0.000000000000000000e+00,0.000000000000000000e+00,0.000000000000000000e+00,0.000000000000000000e+00,0.000000000000000000e+00,0.000000000000000000e+00,0.000000000000000000e+00,0.000000000000000000e+00,0.000000000000000000e+00,0.000000000000000000e+00
Moment,0.000000000000000000e+00,0.000000000000000000e+00,0.000000000000000000e+00,0.000000000000000000e+00,0.000000000000000000e+00,0.000000000000000000e+00,0.000000000000000000e+00,0.000000000000000000e+00,0.000000000000000000e+00,0.000000000000000000e+00,0.000000000000000000e+00,0.000000000000000000e+00,0.000000000000000000e+00,0.000000000000000000e+00,0.000000000000000000e+00,0.000000000000000000e+00,0.000000000000000000e+00,0.000000000000000000e+00,0.000000000000000000e+00,0.000000000000000000e+00,0.000000000000000000e+00,0.000000000000000000e+00,0.000000000000000000e+00,0.000000000000000000e+00,0.000000000000000000e+00,0.000000000000000000e+00,0.000000000000000000e+00,0.000000000000000000e+00,0.000000000000000000e+00,0.000000000000000000e+00,0.000000000000000000e+00,0.000000000000000000e+00,0.000000000000000000e+00,0.000000000000000000e+00,0.000000000000000000e+00,0.000000000000000000e+00,0.000000000000000000e+00,0.000000000000000000e+00,0.000000000000000000e+00,0.000000000000000000e+00,0.000000000000000000e+00,0.000000000000000000e+00,0.000000000000000000e+00,0.000000000000000000e+00,0.000000000000000000e+00,0.000000000000000000e+00,0.000000000000000000e+00,0.000000000000000000e+00,0.000000000000000000e+00,0.000000000000000000e+00,0.000000000000000000e+00,0.000000000000000000e+00,0.000000000000000000e+00,0.000000000000000000e+00,0.000000000000000000e+00,0.000000000000000000e+00,0.000000000000000000e+00,0.000000000000000000e+00,0.000000000000000000e+00,0.000000000000000000e+00,0.000000000000000000e+00,0.000000000000000000e+00,0.000000000000000000e+00,0.000000000000000000e+00,0.000000000000000000e+00,0.000000000000000000e+00,0.000000000000000000e+00,0.000000000000000000e+00,0.000000000000000000e+00,0.000000000000000000e+00,0.000000000000000000e+00,0.000000000000000000e+00,0.000000000000000000e+00,0.000000000000000000e+00,0.000000000000000000e+00,0.000000000000000000e+00,0.000000000000000000e+00,0.000000000000000000e+00,0.000000000000000000e+00,0.000000000000000000e+00,0.000000000000000000e+00,0.000000000000000000e+00,0.000000000000000000e+00,0.000000000000000000e+00,0.000000000000000000e+00,0.000000000000000000e+00,0.000000000000000000e+00,0.000000000000000000e+00,0.000000000000000000e+00,0.000000000000000000e+00,0.000000000000000000e+00,0.000000000000000000e+00,0.000000000000000000e+00,0.000000000000000000e+00,0.000000000000000000e+00,0.000000000000000000e+00,0.000000000000000000e+00,0.000000000000000000e+00,0.000000000000000000e+00,0.000000000000000000e+00,0.000000000000000000e+00,0.000000000000000000e+00,0.000000000000000000e+00,0.000000000000000000e+00,0.000000000000000000e+00,0.000000000000000000e+00,0.000000000000000000e+00,0.000000000000000000e+00,0.000000000000000000e+00,0.000000000000000000e+00,0.000000000000000000e+00,0.000000000000000000e+00,0.000000000000000000e+00,0.000000000000000000e+00,0.000000000000000000e+00,0.000000000000000000e+00,0.000000000000000000e+00,0.000000000000000000e+00,0.000000000000000000e+00,0.000000000000000000e+00,0.000000000000000000e+00,0.000000000000000000e+00,0.000000000000000000e+00,0.000000000000000000e+00,0.000000000000000000e+00,0.000000000000000000e+00,0.000000000000000000e+00,0.000000000000000000e+00,0.000000000000000000e+00,0.000000000000000000e+00,0.000000000000000000e+00,0.000000000000000000e+00,0.000000000000000000e+00,0.000000000000000000e+00,0.000000000000000000e+00,0.000000000000000000e+00,0.000000000000000000e+00,0.000000000000000000e+00,0.000000000000000000e+00,0.000000000000000000e+00,0.000000000000000000e+00,0.000000000000000000e+00,0.000000000000000000e+00,0.000000000000000000e+00,0.000000000000000000e+00,0.000000000000000000e+00,0.000000000000000000e+00,0.000000000000000000e+00,0.000000000000000000e+00,0.000000000000000000e+00,0.000000000000000000e+00,0.000000000000000000e+00,0.000000000000000000e+00,0.000000000000000000e+00,0.000000000000000000e+00,0.000000000000000000e+00,0.000000000000000000e+00,0.000000000000000000e+00,0.000000000000000000e+00,0.000000000000000000e+00,0.000000000000000000e+00,0.000000000000000000e+00,0.000000000000000000e+00,0.000000000000000000e+00,0.000000000000000000e+00,0.000000000000000000e+00,0.000000000000000000e+00,0.000000000000000000e+00
Momenti,0.000000000000000000e+00,0.000000000000000000e+00,0.000000000000000000e+00,0.000000000000000000e+00,0.000000000000000000e+00,0.000000000000000000e+00,0.000000000000000000e+00,0.000000000000000000e+00,0.000000000000000000e+00,0.000000000000000000e+00,0.000000000000000000e+00,0.000000000000000000e+00,0.000000000000000000e+00,0.000000000000000000e+00,0.000000000000000000e+00,0.000000000000000000e+00,0.000000000000000000e+00,0.000000000000000000e+00,0.000000000000000000e+00,0.000000000000000000e+00,0.000000000000000000e+00,0.000000000000000000e+00,0.000000000000000000e+00,0.000000000000000000e+00,0.000000000000000000e+00,0.000000000000000000e+00,0.000000000000000000e+00,0.000000000000000000e+00,0.000000000000000000e+00,0.000000000000000000e+00,0.000000000000000000e+00,0.000000000000000000e+00,0.000000000000000000e+00,0.000000000000000000e+00,0.000000000000000000e+00,0.000000000000000000e+00,0.000000000000000000e+00,0.000000000000000000e+00,0.000000000000000000e+00,0.000000000000000000e+00,0.000000000000000000e+00,0.000000000000000000e+00,0.000000000000000000e+00,0.000000000000000000e+00,0.000000000000000000e+00,0.000000000000000000e+00,0.000000000000000000e+00,0.000000000000000000e+00,0.000000000000000000e+00,0.000000000000000000e+00,0.000000000000000000e+00,0.000000000000000000e+00,0.000000000000000000e+00,0.000000000000000000e+00,0.000000000000000000e+00,0.000000000000000000e+00,0.000000000000000000e+00,0.000000000000000000e+00,0.000000000000000000e+00,0.000000000000000000e+00,0.000000000000000000e+00,0.000000000000000000e+00,0.000000000000000000e+00,0.000000000000000000e+00,0.000000000000000000e+00,0.000000000000000000e+00,0.000000000000000000e+00,0.000000000000000000e+00,0.000000000000000000e+00,0.000000000000000000e+00,0.000000000000000000e+00,0.000000000000000000e+00,0.000000000000000000e+00,0.000000000000000000e+00,0.000000000000000000e+00,0.000000000000000000e+00,0.000000000000000000e+00,0.000000000000000000e+00,0.000000000000000000e+00,0.000000000000000000e+00,0.000000000000000000e+00,0.000000000000000000e+00,0.000000000000000000e+00,0.000000000000000000e+00,0.000000000000000000e+00,0.000000000000000000e+00,0.000000000000000000e+00,0.000000000000000000e+00,0.000000000000000000e+00,0.000000000000000000e+00,0.000000000000000000e+00,0.000000000000000000e+00,0.000000000000000000e+00,0.000000000000000000e+00,0.000000000000000000e+00,0.000000000000000000e+00,0.000000000000000000e+00,0.000000000000000000e+00,0.000000000000000000e+00,0.000000000000000000e+00,0.000000000000000000e+00,0.000000000000000000e+00,0.000000000000000000e+00,0.000000000000000000e+00,0.000000000000000000e+00,0.000000000000000000e+00,0.000000000000000000e+00,0.000000000000000000e+00,0.000000000000000000e+00,0.000000000000000000e+00,0.000000000000000000e+00,0.000000000000000000e+00,0.000000000000000000e+00,0.000000000000000000e+00,0.000000000000000000e+00,0.000000000000000000e+00,0.000000000000000000e+00,0.000000000000000000e+00,0.000000000000000000e+00,0.000000000000000000e+00,0.000000000000000000e+00,0.000000000000000000e+00,0.000000000000000000e+00,0.000000000000000000e+00,0.000000000000000000e+00,0.000000000000000000e+00,0.000000000000000000e+00,0.000000000000000000e+00,0.000000000000000000e+00,0.000000000000000000e+00,0.000000000000000000e+00,0.000000000000000000e+00,0.000000000000000000e+00,0.000000000000000000e+00,0.000000000000000000e+00,0.000000000000000000e+00,0.000000000000000000e+00,0.000000000000000000e+00,0.000000000000000000e+00,0.000000000000000000e+00,0.000000000000000000e+00,0.000000000000000000e+00,0.000000000000000000e+00,0.000000000000000000e+00,0.000000000000000000e+00,0.000000000000000000e+00,0.000000000000000000e+00,0.000000000000000000e+00,0.000000000000000000e+00,0.000000000000000000e+00,0.000000000000000000e+00,0.000000000000000000e+00,0.000000000000000000e+00,0.000000000000000000e+00,0.000000000000000000e+00,0.000000000000000000e+00,0.000000000000000000e+00,0.000000000000000000e+00,0.000000000000000000e+00,0.000000000000000000e+00,0.000000000000000000e+00,0.000000000000000000e+00,0.000000000000000000e+00,0.000000000000000000e+00,0.000000000000000000e+00,0.000000000000000000e+00,0.000000000000000000e+00,0.000000000000000000e+00
Momento,0.000000000000000000e+00,0.000000000000000000e+00,0.000000000000000000e+00,0.000000000000000000e+00,0.000000000000000000e+00,0.000000000000000000e+00,0.000000000000000000e+00,0.000000000000000000e+00,0.000000000000000000e+00,0.000000000000000000e+00,0.000000000000000000e+00,0.000000000000000000e+00,0.000000000000000000e+00,0.000000000000000000e+00,0.000000000000000000e+00,0.000000000000000000e+00,0.000000000000000000e+00,0.000000000000000000e+00,0.000000000000000000e+00,0.000000000000000000e+00,0.000000000000000000e+00,0.000000000000000000e+00,0.000000000000000000e+00,0.000000000000000000e+00,0.000000000000000000e+00,0.000000000000000000e+00,0.000000000000000000e+00,0.000000000000000000e+00,0.000000000000000000e+00,0.000000000000000000e+00,0.000000000000000000e+00,0.000000000000000000e+00,0.000000000000000000e+00,0.000000000000000000e+00,0.000000000000000000e+00,0.000000000000000000e+00,0.000000000000000000e+00,0.000000000000000000e+00,0.000000000000000000e+00,0.000000000000000000e+00,0.000000000000000000e+00,0.000000000000000000e+00,0.000000000000000000e+00,0.000000000000000000e+00,0.000000000000000000e+00,0.000000000000000000e+00,0.000000000000000000e+00,0.000000000000000000e+00,0.000000000000000000e+00,0.000000000000000000e+00,0.000000000000000000e+00,0.000000000000000000e+00,0.000000000000000000e+00,0.000000000000000000e+00,0.000000000000000000e+00,0.000000000000000000e+00,0.000000000000000000e+00,0.000000000000000000e+00,0.000000000000000000e+00,0.000000000000000000e+00,0.000000000000000000e+00,0.000000000000000000e+00,0.000000000000000000e+00,0.000000000000000000e+00,0.000000000000000000e+00,0.000000000000000000e+00,0.000000000000000000e+00,0.000000000000000000e+00,0.000000000000000000e+00,0.000000000000000000e+00,0.000000000000000000e+00,0.000000000000000000e+00,0.000000000000000000e+00,0.000000000000000000e+00,0.000000000000000000e+00,0.000000000000000000e+00,0.000000000000000000e+00,0.000000000000000000e+00,0.000000000000000000e+00,0.000000000000000000e+00,0.000000000000000000e+00,0.000000000000000000e+00,0.000000000000000000e+00,0.000000000000000000e+00,0.000000000000000000e+00,0.000000000000000000e+00,0.000000000000000000e+00,0.000000000000000000e+00,0.000000000000000000e+00,0.000000000000000000e+00,0.000000000000000000e+00,0.000000000000000000e+00,0.000000000000000000e+00,0.000000000000000000e+00,0.000000000000000000e+00,0.000000000000000000e+00,0.000000000000000000e+00,0.000000000000000000e+00,0.000000000000000000e+00,0.000000000000000000e+00,0.000000000000000000e+00,0.000000000000000000e+00,0.000000000000000000e+00,0.000000000000000000e+00,0.000000000000000000e+00,0.000000000000000000e+00,0.000000000000000000e+00,0.000000000000000000e+00,0.000000000000000000e+00,0.000000000000000000e+00,0.000000000000000000e+00,0.000000000000000000e+00,0.000000000000000000e+00,0.000000000000000000e+00,0.000000000000000000e+00,0.000000000000000000e+00,0.000000000000000000e+00,0.000000000000000000e+00,0.000000000000000000e+00,0.000000000000000000e+00,0.000000000000000000e+00,0.000000000000000000e+00,0.000000000000000000e+00,0.000000000000000000e+00,0.000000000000000000e+00,0.000000000000000000e+00,0.000000000000000000e+00,0.000000000000000000e+00,0.000000000000000000e+00,0.000000000000000000e+00,0.000000000000000000e+00,0.000000000000000000e+00,0.000000000000000000e+00,0.000000000000000000e+00,0.000000000000000000e+00,0.000000000000000000e+00,0.000000000000000000e+00,0.000000000000000000e+00,0.000000000000000000e+00,0.000000000000000000e+00,0.000000000000000000e+00,0.000000000000000000e+00,0.000000000000000000e+00,0.000000000000000000e+00,0.000000000000000000e+00,0.000000000000000000e+00,0.000000000000000000e+00,0.000000000000000000e+00,0.000000000000000000e+00,0.000000000000000000e+00,0.000000000000000000e+00,0.000000000000000000e+00,0.000000000000000000e+00,0.000000000000000000e+00,0.000000000000000000e+00,0.000000000000000000e+00,0.000000000000000000e+00,0.000000000000000000e+00,0.000000000000000000e+00,0.000000000000000000e+00,0.000000000000000000e+00,0.000000000000000000e+00,0.000000000000000000e+00,0.000000000000000000e+00,0.000000000000000000e+00,0.000000000000000000e+00,0.000000000000000000e+00,0.000000000000000000e+00
Power,0.000000000000000000e+00,0.000000000000000000e+00,0.000000000000000000e+00,0.000000000000000000e+00,0.000000000000000000e+00,0.000000000000000000e+00,0.000000000000000000e+00,0.000000000000000000e+00,0.000000000000000000e+00,0.000000000000000000e+00,0.000000000000000000e+00,0.000000000000000000e+00,0.000000000000000000e+00,0.000000000000000000e+00,0.000000000000000000e+00,0.000000000000000000e+00,0.000000000000000000e+00,0.000000000000000000e+00,0.000000000000000000e+00,0.000000000000000000e+00,0.000000000000000000e+00,0.000000000000000000e+00,0.000000000000000000e+00,0.000000000000000000e+00,0.000000000000000000e+00,0.000000000000000000e+00,0.000000000000000000e+00,0.000000000000000000e+00,0.000000000000000000e+00,0.000000000000000000e+00,0.000000000000000000e+00,0.000000000000000000e+00,0.000000000000000000e+00,0.000000000000000000e+00,0.000000000000000000e+00,0.000000000000000000e+00,0.000000000000000000e+00,0.000000000000000000e+00,0.000000000000000000e+00,0.000000000000000000e+00,0.000000000000000000e+00,0.000000000000000000e+00,0.000000000000000000e+00,0.000000000000000000e+00,0.000000000000000000e+00,0.000000000000000000e+00,0.000000000000000000e+00,0.000000000000000000e+00,0.000000000000000000e+00,0.000000000000000000e+00,0.000000000000000000e+00,0.000000000000000000e+00,0.000000000000000000e+00,0.000000000000000000e+00,0.000000000000000000e+00,0.000000000000000000e+00,0.000000000000000000e+00,0.000000000000000000e+00,0.000000000000000000e+00,0.000000000000000000e+00,0.000000000000000000e+00,0.000000000000000000e+00,0.000000000000000000e+00,0.000000000000000000e+00,0.000000000000000000e+00,0.000000000000000000e+00,0.000000000000000000e+00,0.000000000000000000e+00,0.000000000000000000e+00,0.000000000000000000e+00,0.000000000000000000e+00,0.000000000000000000e+00,0.000000000000000000e+00,0.000000000000000000e+00,0.000000000000000000e+00,0.000000000000000000e+00,0.000000000000000000e+00,0.000000000000000000e+00,0.000000000000000000e+00,0.000000000000000000e+00,0.000000000000000000e+00,0.000000000000000000e+00,0.000000000000000000e+00,0.000000000000000000e+00,0.000000000000000000e+00,0.000000000000000000e+00,0.000000000000000000e+00,0.000000000000000000e+00,0.000000000000000000e+00,0.000000000000000000e+00,0.000000000000000000e+00,0.000000000000000000e+00,0.000000000000000000e+00,0.000000000000000000e+00,0.000000000000000000e+00,0.000000000000000000e+00,0.000000000000000000e+00,0.000000000000000000e+00,0.000000000000000000e+00,0.000000000000000000e+00,0.000000000000000000e+00,0.000000000000000000e+00,0.000000000000000000e+00,0.000000000000000000e+00,0.000000000000000000e+00,0.000000000000000000e+00,0.000000000000000000e+00,0.000000000000000000e+00,0.000000000000000000e+00,0.000000000000000000e+00,0.000000000000000000e+00,0.000000000000000000e+00,0.000000000000000000e+00,0.000000000000000000e+00,0.000000000000000000e+00,0.000000000000000000e+00,0.000000000000000000e+00,0.000000000000000000e+00,0.000000000000000000e+00,0.000000000000000000e+00,0.000000000000000000e+00,0.000000000000000000e+00,0.000000000000000000e+00,0.000000000000000000e+00,0.000000000000000000e+00,0.000000000000000000e+00,0.000000000000000000e+00,0.000000000000000000e+00,0.000000000000000000e+00,0.000000000000000000e+00,0.000000000000000000e+00,0.000000000000000000e+00,0.000000000000000000e+00,0.000000000000000000e+00,0.000000000000000000e+00,0.000000000000000000e+00,0.000000000000000000e+00,0.000000000000000000e+00,0.000000000000000000e+00,0.000000000000000000e+00,0.000000000000000000e+00,0.000000000000000000e+00,0.000000000000000000e+00,0.000000000000000000e+00,0.000000000000000000e+00,0.000000000000000000e+00,0.000000000000000000e+00,0.000000000000000000e+00,0.000000000000000000e+00,0.000000000000000000e+00,0.000000000000000000e+00,0.000000000000000000e+00,0.000000000000000000e+00,0.000000000000000000e+00,0.000000000000000000e+00,0.000000000000000000e+00,0.000000000000000000e+00,0.000000000000000000e+00,0.000000000000000000e+00,0.000000000000000000e+00,0.000000000000000000e+00,0.000000000000000000e+00,0.000000000000000000e+00,0.000000000000000000e+00,0.000000000000000000e+00,0.000000000000000000e+00,0.000000000000000000e+00,0.000000000000000000e+00
Poweri,0.000000000000000000e+00,0.000000000000000000e+00,0.000000000000000000e+00,0.000000000000000000e+00,0.000000000000000000e+00,0.000000000000000000e+00,0.000000000000000000e+00,0.000000000000000000e+00,0.000000000000000000e+00,0.000000000000000000e+00,0.000000000000000000e+00,0.000000000000000000e+00,0.000000000000000000e+00,0.000000000000000000e+00,0.000000000000000000e+00,0.000000000000000000e+00,0.000000000000000000e+00,0.000000000000000000e+00,0.000000000000000000e+00,0.000000000000000000e+00,0.000000000000000000e+00,0.000000000000000000e+00,0.000000000000000000e+00,0.000000000000000000e+00,0.000000000000000000e+00,0.000000000000000000e+00,0.000000000000000000e+00,0.000000000000000000e+00,0.000000000000000000e+00,0.000000000000000000e+00,0.000000000000000000e+00,0.000000000000000000e+00,0.000000000000000000e+00,0.000000000000000000e+00,0.000000000000000000e+00,0.000000000000000000e+00,0.000000000000000000e+00,0.000000000000000000e+00,0.000000000000000000e+00,0.000000000000000000e+00,0.000000000000000000e+00,0.000000000000000000e+00,0.000000000000000000e+00,0.000000000000000000e+00,0.000000000000000000e+00,0.000000000000000000e+00,0.000000000000000000e+00,0.000000000000000000e+00,0.000000000000000000e+00,0.000000000000000000e+00,0.000000000000000000e+00,0.000000000000000000e+00,0.000000000000000000e+00,0.000000000000000000e+00,0.000000000000000000e+00,0.000000000000000000e+00,0.000000000000000000e+00,0.000000000000000000e+00,0.000000000000000000e+00,0.000000000000000000e+00,0.000000000000000000e+00,0.000000000000000000e+00,0.000000000000000000e+00,0.000000000000000000e+00,0.000000000000000000e+00,0.000000000000000000e+00,0.000000000000000000e+00,0.000000000000000000e+00,0.000000000000000000e+00,0.000000000000000000e+00,0.000000000000000000e+00,0.000000000000000000e+00,0.000000000000000000e+00,0.000000000000000000e+00,0.000000000000000000e+00,0.000000000000000000e+00,0.000000000000000000e+00,0.000000000000000000e+00,0.000000000000000000e+00,0.000000000000000000e+00,0.000000000000000000e+00,0.000000000000000000e+00,0.000000000000000000e+00,0.000000000000000000e+00,0.000000000000000000e+00,0.000000000000000000e+00,0.000000000000000000e+00,0.000000000000000000e+00,0.000000000000000000e+00,0.000000000000000000e+00,0.000000000000000000e+00,0.000000000000000000e+00,0.000000000000000000e+00,0.000000000000000000e+00,0.000000000000000000e+00,0.000000000000000000e+00,0.000000000000000000e+00,0.000000000000000000e+00,0.000000000000000000e+00,0.000000000000000000e+00,0.000000000000000000e+00,0.000000000000000000e+00,0.000000000000000000e+00,0.000000000000000000e+00,0.000000000000000000e+00,0.000000000000000000e+00,0.000000000000000000e+00,0.000000000000000000e+00,0.000000000000000000e+00,0.000000000000000000e+00,0.000000000000000000e+00,0.000000000000000000e+00,0.000000000000000000e+00,0.000000000000000000e+00,0.000000000000000000e+00,0.000000000000000000e+00,0.000000000000000000e+00,0.000000000000000000e+00,0.000000000000000000e+00,0.000000000000000000e+00,0.000000000000000000e+00,0.000000000000000000e+00,0.000000000000000000e+00,0.000000000000000000e+00,0.000000000000000000e+00,0.000000000000000000e+00,0.000000000000000000e+00,0.000000000000000000e+00,0.000000000000000000e+00,0.000000000000000000e+00,0.000000000000000000e+00,0.000000000000000000e+00,0.000000000000000000e+00,0.000000000000000000e+00,0.000000000000000000e+00,0.000000000000000000e+00,0.000000000000000000e+00,0.000000000000000000e+00,0.000000000000000000e+00,0.000000000000000000e+00,0.000000000000000000e+00,0.000000000000000000e+00,0.000000000000000000e+00,0.000000000000000000e+00,0.000000000000000000e+00,0.000000000000000000e+00,0.000000000000000000e+00,0.000000000000000000e+00,0.000000000000000000e+00,0.000000000000000000e+00,0.000000000000000000e+00,0.000000000000000000e+00,0.000000000000000000e+00,0.000000000000000000e+00,0.000000000000000000e+00,0.000000000000000000e+00,0.000000000000000000e+00,0.000000000000000000e+00,0.000000000000000000e+00,0.000000000000000000e+00,0.000000000000000000e+00,0.000000000000000000e+00,0.000000000000000000e+00,0.000000000000000000e+00,0.000000000000000000e+00,0.000000000000000000e+00,0.000000000000000000e+00,0.000000000000000000e+00
Powero,0.000000000000000000e+00,0.000000000000000000e+00,0.000000000000000000e+00,0.000000000000000000e+00,0.000000000000000000e+00,0.000000000000000000e+00,0.000000000000000000e+00,0.000000000000000000e+00,0.000000000000000000e+00,0.000000000000000000e+00,0.000000000000000000e+00,0.000000000000000000e+00,0.000000000000000000e+00,0.000000000000000000e+00,0.000000000000000000e+00,0.000000000000000000e+00,0.000000000000000000e+00,0.000000000000000000e+00,0.000000000000000000e+00,0.000000000000000000e+00,0.000000000000000000e+00,0.000000000000000000e+00,0.000000000000000000e+00,0.000000000000000000e+00,0.000000000000000000e+00,0.000000000000000000e+00,0.000000000000000000e+00,0.000000000000000000e+00,0.000000000000000000e+00,0.000000000000000000e+00,0.000000000000000000e+00,0.000000000000000000e+00,0.000000000000000000e+00,0.000000000000000000e+00,0.000000000000000000e+00,0.000000000000000000e+00,0.000000000000000000e+00,0.000000000000000000e+00,0.000000000000000000e+00,0.000000000000000000e+00,0.000000000000000000e+00,0.000000000000000000e+00,0.000000000000000000e+00,0.000000000000000000e+00,0.000000000000000000e+00,0.000000000000000000e+00,0.000000000000000000e+00,0.000000000000000000e+00,0.000000000000000000e+00,0.000000000000000000e+00,0.000000000000000000e+00,0.000000000000000000e+00,0.000000000000000000e+00,0.000000000000000000e+00,0.000000000000000000e+00,0.000000000000000000e+00,0.000000000000000000e+00,0.000000000000000000e+00,0.000000000000000000e+00,0.000000000000000000e+00,0.000000000000000000e+00,0.000000000000000000e+00,0.000000000000000000e+00,0.000000000000000000e+00,0.000000000000000000e+00,0.000000000000000000e+00,0.000000000000000000e+00,0.000000000000000000e+00,0.000000000000000000e+00,0.000000000000000000e+00,0.000000000000000000e+00,0.000000000000000000e+00,0.000000000000000000e+00,0.000000000000000000e+00,0.000000000000000000e+00,0.000000000000000000e+00,0.000000000000000000e+00,0.000000000000000000e+00,0.000000000000000000e+00,0.000000000000000000e+00,0.000000000000000000e+00,0.000000000000000000e+00,0.000000000000000000e+00,0.000000000000000000e+00,0.000000000000000000e+00,0.000000000000000000e+00,0.000000000000000000e+00,0.000000000000000000e+00,0.000000000000000000e+00,0.000000000000000000e+00,0.000000000000000000e+00,0.000000000000000000e+00,0.000000000000000000e+00,0.000000000000000000e+00,0.000000000000000000e+00,0.000000000000000000e+00,0.000000000000000000e+00,0.000000000000000000e+00,0.000000000000000000e+00,0.000000000000000000e+00,0.000000000000000000e+00,0.000000000000000000e+00,0.000000000000000000e+00,0.000000000000000000e+00,0.000000000000000000e+00,0.000000000000000000e+00,0.000000000000000000e+00,0.000000000000000000e+00,0.000000000000000000e+00,0.000000000000000000e+00,0.000000000000000000e+00,0.000000000000000000e+00,0.000000000000000000e+00,0.000000000000000000e+00,0.000000000000000000e+00,0.000000000000000000e+00,0.000000000000000000e+00,0.000000000000000000e+00,0.000000000000000000e+00,0.000000000000000000e+00,0.000000000000000000e+00,0.000000000000000000e+00,0.000000000000000000e+00,0.000000000000000000e+00,0.000000000000000000e+00,0.000000000000000000e+00,0.000000000000000000e+00,0.000000000000000000e+00,0.000000000000000000e+00,0.000000000000000000e+00,0.000000000000000000e+00,0.000000000000000000e+00,0.000000000000000000e+00,0.000000000000000000e+00,0.000000000000000000e+00,0.000000000000000000e+00,0.000000000000000000e+00,0.000000000000000000e+00,0.000000000000000000e+00,0.000000000000000000e+00,0.000000000000000000e+00,0.000000000000000000e+00,0.000000000000000000e+00,0.000000000000000000e+00,0.000000000000000000e+00,0.000000000000000000e+00,0.000000000000000000e+00,0.000000000000000000e+00,0.000000000000000000e+00,0.000000000000000000e+00,0.000000000000000000e+00,0.000000000000000000e+00,0.000000000000000000e+00,0.000000000000000000e+00,0.000000000000000000e+00,0.000000000000000000e+00,0.000000000000000000e+00,0.000000000000000000e+00,0.000000000000000000e+00,0.000000000000000000e+00,0.000000000000000000e+00,0.000000000000000000e+00,0.000000000000000000e+00,0.000000000000000000e+00,0.000000000000000000e+00,0.000000000000000000e+00,0.000000000000000000e+00,0.000000000000000000e+00
RPM,0.000000000000000000e+00,0.000000000000000000e+00,0.000000000000000000e+00,0.000000000000000000e+00,0.000000000000000000e+00,0.000000000000000000e+00,0.000000000000000000e+00,0.000000000000000000e+00,0.000000000000000000e+00,0.000000000000000000e+00,0.000000000000000000e+00,0.000000000000000000e+00,0.000000000000000000e+00,0.000000000000000000e+00,0.000000000000000000e+00,0.000000000000000000e+00,0.000000000000000000e+00,0.000000000000000000e+00,0.000000000000000000e+00,0.000000000000000000e+00,0.000000000000000000e+00,0.000000000000000000e+00,0.000000000000000000e+00,0.000000000000000000e+00,0.000000000000000000e+00,0.000000000000000000e+00,0.000000000000000000e+00,0.000000000000000000e+00,0.000000000000000000e+00,0.000000000000000000e+00,0.000000000000000000e+00,0.000000000000000000e+00,0.000000000000000000e+00,0.000000000000000000e+00,0.000000000000000000e+00,0.000000000000000000e+00,0.000000000000000000e+00,0.000000000000000000e+00,0.000000000000000000e+00,0.000000000000000000e+00,0.000000000000000000e+00,0.000000000000000000e+00,0.000000000000000000e+00,0.000000000000000000e+00,0.000000000000000000e+00,0.000000000000000000e+00,0.000000000000000000e+00,0.000000000000000000e+00,0.000000000000000000e+00,0.000000000000000000e+00,0.000000000000000000e+00,0.000000000000000000e+00,0.000000000000000000e+00,0.000000000000000000e+00,0.000000000000000000e+00,0.000000000000000000e+00,0.000000000000000000e+00,0.000000000000000000e+00,0.000000000000000000e+00,0.000000000000000000e+00,0.000000000000000000e+00,0.000000000000000000e+00,0.000000000000000000e+00,0.000000000000000000e+00,0.000000000000000000e+00,0.000000000000000000e+00,0.000000000000000000e+00,0.000000000000000000e+00,0.000000000000000000e+00,0.000000000000000000e+00,0.000000000000000000e+00,0.000000000000000000e+00,0.000000000000000000e+00,0.000000000000000000e+00,0.000000000000000000e+00,0.000000000000000000e+00,0.000000000000000000e+00,0.000000000000000000e+00,0.000000000000000000e+00,0.000000000000000000e+00,0.000000000000000000e+00,0.000000000000000000e+00,0.000000000000000000e+00,0.000000000000000000e+00,0.000000000000000000e+00,0.000000000000000000e+00,0.000000000000000000e+00,0.000000000000000000e+00,0.000000000000000000e+00,0.000000000000000000e+00,0.000000000000000000e+00,0.000000000000000000e+00,0.000000000000000000e+00,0.000000000000000000e+00,0.000000000000000000e+00,0.000000000000000000e+00,0.000000000000000000e+00,0.000000000000000000e+00,0.000000000000000000e+00,0.000000000000000000e+00,0.000000000000000000e+00,0.000000000000000000e+00,0.000000000000000000e+00,0.000000000000000000e+00,0.000000000000000000e+00,0.000000000000000000e+00,0.000000000000000000e+00,0.000000000000000000e+00,0.000000000000000000e+00,0.000000000000000000e+00,0.000000000000000000e+00,0.000000000000000000e+00,0.000000000000000000e+00,0.000000000000000000e+00,0.000000000000000000e+00,0.000000000000000000e+00,0.000000000000000000e+00,0.000000000000000000e+00,0.000000000000000000e+00,0.000000000000000000e+00,0.000000000000000000e+00,0.000000000000000000e+00,0.000000000000000000e+00,0.000000000000000000e+00,0.000000000000000000e+00,0.000000000000000000e+00,0.000000000000000000e+00,0.000000000000000000e+00,0.000000000000000000e+00,0.000000000000000000e+00,0.000000000000000000e+00,0.000000000000000000e+00,0.000000000000000000e+00,0.000000000000000000e+00,0.000000000000000000e+00,0.000000000000000000e+00,0.000000000000000000e+00,0.000000000000000000e+00,0.000000000000000000e+00,0.000000000000000000e+00,0.000000000000000000e+00,0.000000000000000000e+00,0.000000000000000000e+00,0.000000000000000000e+00,0.000000000000000000e+00,0.000000000000000000e+00,0.000000000000000000e+00,0.000000000000000000e+00,0.000000000000000000e+00,0.000000000000000000e+00,0.000000000000000000e+00,0.000000000000000000e+00,0.000000000000000000e+00,0.000000000000000000e+00,0.000000000000000000e+00,0.000000000000000000e+00,0.000000000000000000e+00,0.000000000000000000e+00,0.000000000000000000e+00,0.000000000000000000e+00,0.000000000000000000e+00,0.000000000000000000e+00,0.000000000000000000e+00,0.000000000000000000e+00,0.000000000000000000e+00,0.000000000000000000e+00,0.000000000000000000e+00,0.000000000000000000e+00
SoverB,2.381000000000000130e-02,4.762000000000000260e-02,7.142999999999999350e-02,9.524000000000000521e-02,1.190500000000000030e-01,1.428599999999999870e-01,1.666700000000000126e-01,1.904800000000000104e-01,2.142900000000000083e-01,2.381000000000000061e-01,2.619000000000000217e-01,2.857100000000000195e-01,3.095200000000000173e-01,3.333300000000000152e-01,3.571400000000000130e-01,3.809500000000000108e-01,4.047600000000000087e-01,4.285700000000000065e-01,4.523800000000000043e-01,4.761900000000000022e-01,5.000000000000000000e-01,5.238099999999999978e-01,5.476199999999999957e-01,5.714299999999999935e-01,5.952399999999999913e-01,6.190499999999999892e-01,6.428599999999999870e-01,6.666699999999999848e-01,6.904799999999999827e-01,7.142899999999999805e-01,7.380999999999999783e-01,7.619000000000000217e-01,7.857100000000000195e-01,8.095200000000000173e-01,8.333300000000000152e-01,8.571400000000000130e-01,8.809500000000000108e-01,9.047600000000000087e-01,9.285700000000000065e-01,9.523800000000000043e-01,9.761900000000000022e-01,1.000000000000000000e+00,2.381000000000000130e-02,4.762000000000000260e-02,7.142999999999999350e-02,9.524000000000000521e-02,1.190500000000000030e-01,1.428599999999999870e-01,1.666700000000000126e-01,1.904800000000000104e-01,2.142900000000000083e-01,2.381000000000000061e-01,2.619000000000000217e-01,2.857100000000000195e-01,3.095200000000000173e-01,3.333300000000000152e-01,3.571400000000000130e-01,3.809500000000000108e-01,4.047600000000000087e-01,4.285700000000000065e-01,4.523800000000000043e-01,4.761900000000000022e-01,5.000000000000000000e-01,5.238099999999999978e-01,5.476199999999999957e-01,5.714299999999999935e-01,5.952399999999999913e-01,6.190499999999999892e-01,6.428599999999999870e-01,6.666699999999999848e-01,6.904799999999999827e-01,7.142899999999999805e-01,7.380999999999999783e-01,7.619000000000000217e-01,7.857100000000000195e-01,8.095200000000000173e-01,8.333300000000000152e-01,8.571400000000000130e-01,8.809500000000000108e-01,9.047600000000000087e-01,9.285700000000000065e-01,9.523800000000000043e-01,9.761900000000000022e-01,1.000000000000000000e+00,4.762000000000000260e-02,9.524000000000000521e-02,1.428599999999999870e-01,1.904800000000000104e-01,2.381000000000000061e-01,2.857100000000000195e-01,3.333300000000000152e-01,3.809500000000000108e-01,4.285700000000000065e-01,4.761900000000000022e-01,5.238099999999999978e-01,5.714299999999999935e-01,6.190499999999999892e-01,6.666699999999999848e-01,7.142899999999999805e-01,7.619000000000000217e-01,8.095200000000000173e-01,8.571400000000000130e-01,9.047600000000000087e-01,9.523800000000000043e-01,1.000000000000000000e+00,4.762000000000000260e-02,9.524000000000000521e-02,1.428599999999999870e-01,1.904800000000000104e-01,2.381000000000000061e-01,2.857100000000000195e-01,3.333300000000000152e-01,3.809500000000000108e-01,4.285700000000000065e-01,4.761900000000000022e-01,5.238099999999999978e-01,5.714299999999999935e-01,6.190499999999999892e-01,6.666699999999999848e-01,7.142899999999999805e-01,7.619000000000000217e-01,8.095200000000000173e-01,8.571400000000000130e-01,9.047600000000000087e-01,9.523800000000000043e-01,1.000000000000000000e+00,4.762000000000000260e-02,9.524000000000000521e-02,1.428599999999999870e-01,1.904800000000000104e-01,2.381000000000000061e-01,2.857100000000000195e-01,3.333300000000000152e-01,3.809500000000000108e-01,4.285700000000000065e-01,4.761900000000000022e-01,5.238099999999999978e-01,5.714299999999999935e-01,6.190499999999999892e-01,6.666699999999999848e-01,7.142899999999999805e-01,7.619000000000000217e-01,8.095200000000000173e-01,8.571400000000000130e-01,9.047600000000000087e-01,9.523800000000000043e-01,1.000000000000000000e+00,4.762000000000000260e-02,9.524000000000000521e-02,1.428599999999999870e-01,1.904800000000000104e-01,2.381000000000000061e-01,2.857100000000000195e-01,3.333300000000000152e-01,3.809500000000000108e-01,4.285700000000000065e-01,4.761900000000000022e-01,5.238099999999999978e-01,5.714299999999999935e-01,6.190499999999999892e-01,6.666699999999999848e-01,7.142899999999999805e-01,7.619000000000000217e-01,8.095200000000000173e-01,8.571400000000000130e-01,9.047600000000000087e-01,9.523800000000000043e-01,1.000000000000000000e+00
StallFact,1.000000000000000000e+00,1.000000000000000000e+00,1.000000000000000000e+00,1.000000000000000000e+00,1.000000000000000000e+00,1.000000000000000000e+00,1.000000000000000000e+00,1.000000000000000000e+00,1.000000000000000000e+00,1.000000000000000000e+00,1.000000000000000000e+00,1.000000000000000000e+00,1.000000000000000000e+00,1.000000000000000000e+00,1.000000000000000000e+00,1.000000000000000000e+00,1.000000000000000000e+00,1.000000000000000000e+00,1.000000000000000000e+00,1.000000000000000000e+00,1.000000000000000000e+00,1.000000000000000000e+00,1.000000000000000000e+00,1.000000000000000000e+00,1.000000000000000000e+00,1.000000000000000000e+00,1.000000000000000000e+00,1.000000000000000000e+00,1.000000000000000000e+00,1.000000000000000000e+00,1.000000000000000000e+00,1.000000000000000000e+00,1.000000000000000000e+00,1.000000000000000000e+00,1.000000000000000000e+00,1.000000000000000000e+00,1.000000000000000000e+00,1.000000000000000000e+00,1.000000000000000000e+00,1.000000000000000000e+00,1.000000000000000000e+00,1.000000000000000000e+00,1.000000000000000000e+00,1.000000000000000000e+00,1.000000000000000000e+00,1.000000000000000000e+00,1.000000000000000000e+00,1.000000000000000000e+00,1.000000000000000000e+00,1.000000000000000000e+00,1.000000000000000000e+00,1.000000000000000000e+00,1.000000000000000000e+00,1.000000000000000000e+00,1.000000000000000000e+00,1.000000000000000000e+00,1.000000000000000000e+00,1.000000000000000000e+00,1.000000000000000000e+00,1.000000000000000000e+00,1.000000000000000000e+00,1.000000000000000000e+00,1.000000000000000000e+00,1.000000000000000000e+00,1.000000000000000000e+00,1.000000000000000000e+00,1.000000000000000000e+00,1.000000000000000000e+00,1.000000000000000000e+00,1.000000000000000000e+00,1.000000000000000000e+00,1.000000000000000000e+00,1.000000000000000000e+00,1.000000000000000000e+00,1.000000000000000000e+00,1.000000000000000000e+00,1.000000000000000000e+00,1.000000000000000000e+00,1.000000000000000000e+00,1.000000000000000000e+00,1.000000000000000000e+00,1.000000000000000000e+00,1.000000000000000000e+00,1.000000000000000000e+00,1.000000000000000000e+00,1.000000000000000000e+00,1.000000000000000000e+00,1.000000000000000000e+00,1.000000000000000000e+00,1.000000000000000000e+00,1.000000000000000000e+00,1.000000000000000000e+00,1.000000000000000000e+00,1.000000000000000000e+00,1.000000000000000000e+00,1.000000000000000000e+00,1.000000000000000000e+00,1.000000000000000000e+00,1.000000000000000000e+00,1.000000000000000000e+00,1.000000000000000000e+00,1.000000000000000000e+00,1.000000000000000000e+00,1.000000000000000000e+00,1.000000000000000000e+00,1.000000000000000000e+00,1.000000000000000000e+00,1.000000000000000000e+00,1.000000000000000000e+00,1.000000000000000000e+00,1.000000000000000000e+00,1.000000000000000000e+00,1.000000000000000000e+00,1.000000000000000000e+00,1.000000000000000000e+00,1.000000000000000000e+00,1.000000000000000000e+00,1.000000000000000000e+00,1.000000000000000000e+00,1.000000000000000000e+00,1.000000000000000000e+00,1.000000000000000000e+00,1.000000000000000000e+00,1.000000000000000000e+00,1.000000000000000000e+00,1.000000000000000000e+00,1.000000000000000000e+00,1.000000000000000000e+00,1.000000000000000000e+00,1.000000000000000000e+00,1.000000000000000000e+00,1.000000000000000000e+00,1.000000000000000000e+00,1.000000000000000000e+00,1.000000000000000000e+00,1.000000000000000000e+00,1.000000000000000000e+00,1.000000000000000000e+00,1.000000000000000000e+00,1.000000000000000000e+00,1.000000000000000000e+00,1.000000000000000000e+00,1.000000000000000000e+00,1.000000000000000000e+00,1.000000000000000000e+00,1.000000000000000000e+00,1.000000000000000000e+00,1.000000000000000000e+00,1.000000000000000000e+00,1.000000000000000000e+00,1.000000000000000000e+00,1.000000000000000000e+00,1.000000000000000000e+00,1.000000000000000000e+00,1.000000000000000000e+00,1.000000000000000000e+00,1.000000000000000000e+00,1.000000000000000000e+00,1.000000000000000000e+00,1.000000000000000000e+00,1.000000000000000000e+00,1.000000000000000000e+00,1.000000000000000000e+00,1.000000000000000000e+00,1.000000000000000000e+00,1.000000000000000000e+00,1.000000000000000000e+00,1.000000000000000000e+00
Thrust,0.000000000000000000e+00,0.000000000000000000e+00,0.000000000000000000e+00,0.000000000000000000e+00,0.000000000000000000e+00,0.000000000000000000e+00,0.000000000000000000e+00,0.000000000000000000e+00,0.000000000000000000e+00,0.000000000000000000e+00,0.000000000000000000e+00,0.000000000000000000e+00,0.000000000000000000e+00,0.000000000000000000e+00,0.000000000000000000e+00,0.000000000000000000e+00,0.000000000000000000e+00,0.000000000000000000e+00,0.000000000000000000e+00,0.000000000000000000e+00,0.000000000000000000e+00,0.000000000000000000e+00,0.000000000000000000e+00,0.000000000000000000e+00,0.000000000000000000e+00,0.000000000000000000e+00,0.000000000000000000e+00,0.000000000000000000e+00,0.000000000000000000e+00,0.000000000000000000e+00,0.000000000000000000e+00,0.000000000000000000e+00,0.000000000000000000e+00,0.000000000000000000e+00,0.000000000000000000e+00,0.000000000000000000e+00,0.000000000000000000e+00,0.000000000000000000e+00,0.000000000000000000e+00,0.000000000000000000e+00,0.000000000000000000e+00,0.000000000000000000e+00,0.000000000000000000e+00,0.000000000000000000e+00,0.000000000000000000e+00,0.000000000000000000e+00,0.000000000000000000e+00,0.000000000000000000e+00,0.000000000000000000e+00,0.000000000000000000e+00,0.000000000000000000e+00,0.000000000000000000e+00,0.000000000000000000e+00,0.000000000000000000e+00,0.000000000000000000e+00,0.000000000000000000e+00,0.000000000000000000e+00,0.000000000000000000e+00,0.000000000000000000e+00,0.000000000000000000e+00,0.000000000000000000e+00,0.000000000000000000e+00,0.000000000000000000e+00,0.000000000000000000e+00,0.000000000000000000e+00,0.000000000000000000e+00,0.000000000000000000e+00,0.000000000000000000e+00,0.000000000000000000e+00,0.000000000000000000e+00,0.000000000000000000e+00,0.000000000000000000e+00,0.000000000000000000e+00,0.000000000000000000e+00,0.000000000000000000e+00,0.000000000000000000e+00,0.000000000000000000e+00,0.000000000000000000e+00,0.000000000000000000e+00,0.000000000000000000e+00,0.000000000000000000e+00,0.000000000000000000e+00,0.000000000000000000e+00,0.000000000000000000e+00,0.000000000000000000e+00,0.000000000000000000e+00,0.000000000000000000e+00,0.000000000000000000e+00,0.000000000000000000e+00,0.000000000000000000e+00,0.000000000000000000e+00,0.000000000000000000e+00,0.000000000000000000e+00,0.000000000000000000e+00,0.000000000000000000e+00,0.000000000000000000e+00,0.000000000000000000e+00,0.000000000000000000e+00,0.000000000000000000e+00,0.000000000000000000e+00,0.000000000000000000e+00,0.000000000000000000e+00,0.000000000000000000e+00,0.000000000000000000e+00,0.000000000000000000e+00,0.000000000000000000e+00,0.000000000000000000e+00,0.000000000000000000e+00,0.000000000000000000e+00,0.000000000000000000e+00,0.000000000000000000e+00,0.000000000000000000e+00,0.000000000000000000e+00,0.000000000000000000e+00,0.000000000000000000e+00,0.000000000000000000e+00,0.000000000000000000e+00,0.000000000000000000e+00,0.000000000000000000e+00,0.000000000000000000e+00,0.000000000000000000e+00,0.000000000000000000e+00,0.000000000000000000e+00,0.000000000000000000e+00,0.000000000000000000e+00,0.000000000000000000e+00,0.000000000000000000e+00,0.000000000000000000e+00,0.000000000000000000e+00,0.000000000000000000e+00,0.000000000000000000e+00,0.000000000000000000e+00,0.000000000000000000e+00,0.000000000000000000e+00,0.000000000000000000e+00,0.000000000000000000e+00,0.000000000000000000e+00,0.000000000000000000e+00,0.000000000000000000e+00,0.000000000000000000e+00,0.000000000000000000e+00,0.000000000000000000e+00,0.000000000000000000e+00,0.000000000000000000e+00,0.000000000000000000e+00,0.000000000000000000e+00,0.000000000000000000e+00,0.000000000000000000e+00,0.000000000000000000e+00,0.000000000000000000e+00,0.000000000000000000e+00,0.000000000000000000e+00,0.000000000000000000e+00,0.000000000000000000e+00,0.000000000000000000e+00,0.000000000000000000e+00,0.000000000000000000e+00,0.000000000000000000e+00,0.000000000000000000e+00,0.000000000000000000e+00,0.000000000000000000e+00,0.000000000000000000e+00,0.000000000000000000e+00,0.000000000000000000e+00,0.000000000000000000e+00,0.000000000000000000e+00,0.000000000000000000e+00,0.000000000000000000e+00
Thrusti,0.000000000000000000e+00,0.000000000000000000e+00,0.000000000000000000e+00,0.000000000000000000e+00,0.000000000000000000e+00,0.000000000000000000e+00,0.000000000000000000e+00,0.000000000000000000e+00,0.000000000000000000e+00,0.000000000000000000e+00,0.000000000000000000e+00,0.000000000000000000e+00,0.000000000000000000e+00,0.000000000000000000e+00,0.000000000000000000e+00,0.000000000000000000e+00,0.000000000000000000e+00,0.000000000000000000e+00,0.000000000000000000e+00,0.000000000000000000e+00,0.000000000000000000e+00,0.000000000000000000e+00,0.000000000000000000e+00,0.000000000000000000e+00,0.000000000000000000e+00,0.000000000000000000e+00,0.000000000000000000e+00,0.000000000000000000e+00,0.000000000000000000e+00,0.000000000000000000e+00,0.000000000000000000e+00,0.000000000000000000e+00,0.000000000000000000e+00,0.000000000000000000e+00,0.000000000000000000e+00,0.000000000000000000e+00,0.000000000000000000e+00,0.000000000000000000e+00,0.000000000000000000e+00,0.000000000000000000e+00,0.000000000000000000e+00,0.000000000000000000e+00,0.000000000000000000e+00,0.000000000000000000e+00,0.000000000000000000e+00,0.000000000000000000e+00,0.000000000000000000e+00,0.000000000000000000e+00,0.000000000000000000e+00,0.000000000000000000e+00,0.000000000000000000e+00,0.000000000000000000e+00,0.000000000000000000e+00,0.000000000000000000e+00,0.000000000000000000e+00,0.000000000000000000e+00,0.000000000000000000e+00,0.000000000000000000e+00,0.000000000000000000e+00,0.000000000000000000e+00,0.000000000000000000e+00,0.000000000000000000e+00,0.000000000000000000e+00,0.000000000000000000e+00,0.000000000000000000e+00,0.000000000000000000e+00,0.000000000000000000e+00,0.000000000000000000e+00,0.000000000000000000e+00,0.000000000000000000e+00,0.000000000000000000e+00,0.000000000000000000e+00,0.000000000000000000e+00,0.000000000000000000e+00,0.000000000000000000e+00,0.000000000000000000e+00,0.000000000000000000e+00,0.000000000000000000e+00,0.000000000000000000e+00,0.000000000000000000e+00,0.000000000000000000e+00,0.000000000000000000e+00,0.000000000000000000e+00,0.000000000000000000e+00,0.000000000000000000e+00,0.000000000000000000e+00,0.000000000000000000e+00,0.000000000000000000e+00,0.000000000000000000e+00,0.000000000000000000e+00,0.000000000000000000e+00,0.000000000000000000e+00,0.000000000000000000e+00,0.000000000000000000e+00,0.000000000000000000e+00,0.000000000000000000e+00,0.000000000000000000e+00,0.000000000000000000e+00,0.000000000000000000e+00,0.000000000000000000e+00,0.000000000000000000e+00,0.000000000000000000e+00,0.000000000000000000e+00,0.000000000000000000e+00,0.000000000000000000e+00,0.000000000000000000e+00,0.000000000000000000e+00,0.000000000000000000e+00,0.000000000000000000e+00,0.000000000000000000e+00,0.000000000000000000e+00,0.000000000000000000e+00,0.000000000000000000e+00,0.000000000000000000e+00,0.000000000000000000e+00,0.000000000000000000e+00,0.000000000000000000e+00,0.000000000000000000e+00,0.000000000000000000e+00,0.000000000000000000e+00,0.000000000000000000e+00,0.000000000000000000e+00,0.000000000000000000e+00,0.000000000000000000e+00,0.000000000000000000e+00,0.000000000000000000e+00,0.000000000000000000e+00,0.000000000000000000e+00,0.000000000000000000e+00,0.000000000000000000e+00,0.000000000000000000e+00,0.000000000000000000e+00,0.000000000000000000e+00,0.000000000000000000e+00,0.000000000000000000e+00,0.000000000000000000e+00,0.000000000000000000e+00,0.000000000000000000e+00,0.000000000000000000e+00,0.000000000000000000e+00,0.000000000000000000e+00,0.000000000000000000e+00,0.000000000000000000e+00,0.000000000000000000e+00,0.000000000000000000e+00,0.000000000000000000e+00,0.000000000000000000e+00,0.000000000000000000e+00,0.000000000000000000e+00,0.000000000000000000e+00,0.000000000000000000e+00,0.000000000000000000e+00,0.000000000000000000e+00,0.000000000000000000e+00,0.000000000000000000e+00,0.000000000000000000e+00,0.000000000000000000e+00,0.000000000000000000e+00,0.000000000000000000e+00,0.000000000000000000e+00,0.000000000000000000e+00,0.000000000000000000e+00,0.000000000000000000e+00,0.000000000000000000e+00,0.000000000000000000e+00,0.000000000000000000e+00,0.000000000000000000e+00,0.000000000000000000e+00
Thrusto,0.000000000000000000e+00,0.000000000000000000e+00,0.000000000000000000e+00,0.000000000000000000e+00,0.000000000000000000e+00,0.000000000000000000e+00,0.000000000000000000e+00,0.000000000000000000e+00,0.000000000000000000e+00,0.000000000000000000e+00,0.000000000000000000e+00,0.000000000000000000e+00,0.000000000000000000e+00,0.000000000000000000e+00,0.000000000000000000e+00,0.000000000000000000e+00,0.000000000000000000e+00,0.000000000000000000e+00,0.000000000000000000e+00,0.000000000000000000e+00,0.000000000000000000e+00,0.000000000000000000e+00,0.000000000000000000e+00,0.000000000000000000e+00,0.000000000000000000e+00,0.000000000000000000e+00,0.000000000000000000e+00,0.000000000000000000e+00,0.000000000000000000e+00,0.000000000000000000e+00,0.000000000000000000e+00,0.000000000000000000e+00,0.000000000000000000e+00,0.000000000000000000e+00,0.000000000000000000e+00,0.000000000000000000e+00,0.000000000000000000e+00,0.000000000000000000e+00,0.000000000000000000e+00,0.000000000000000000e+00,0.000000000000000000e+00,0.000000000000000000e+00,0.000000000000000000e+00,0.000000000000000000e+00,0.000000000000000000e+00,0.000000000000000000e+00,0.000000000000000000e+00,0.000000000000000000e+00,0.000000000000000000e+00,0.000000000000000000e+00,0.000000000000000000e+00,0.000000000000000000e+00,0.000000000000000000e+00,0.000000000000000000e+00,0.000000000000000000e+00,0.000000000000000000e+00,0.000000000000000000e+00,0.000000000000000000e+00,0.000000000000000000e+00,0.000000000000000000e+00,0.000000000000000000e+00,0.000000000000000000e+00,0.000000000000000000e+00,0.000000000000000000e+00,0.000000000000000000e+00,0.000000000000000000e+00,0.000000000000000000e+00,0.000000000000000000e+00,0.000000000000000000e+00,0.000000000000000000e+00,0.000000000000000000e+00,0.000000000000000000e+00,0.000000000000000000e+00,0.000000000000000000e+00,0.000000000000000000e+00,0.000000000000000000e+00,0.000000000000000000e+00,0.000000000000000000e+00,0.000000000000000000e+00,0.000000000000000000e+00,0.000000000000000000e+00,0.000000000000000000e+00,0.000000000000000000e+00,0.000000000000000000e+00,0.000000000000000000e+00,0.000000000000000000e+00,0.000000000000000000e+00,0.000000000000000000e+00,0.000000000000000000e+00,0.000000000000000000e+00,0.000000000000000000e+00,0.000000000000000000e+00,0.000000000000000000e+00,0.000000000000000000e+00,0.000000000000000000e+00,0.000000000000000000e+00,0.000000000000000000e+00,0.000000000000000000e+00,0.000000000000000000e+00,0.000000000000000000e+00,0.000000000000000000e+00,0.000000000000000000e+00,0.000000000000000000e+00,0.000000000000000000e+00,0.000000000000000000e+00,0.000000000000000000e+00,0.000000000000000000e+00,0.000000000000000000e+00,0.000000000000000000e+00,0.000000000000000000e+00,0.000000000000000000e+00,0.000000000000000000e+00,0.000000000000000000e+00,0.000000000000000000e+00,0.000000000000000000e+00,0.000000000000000000e+00,0.000000000000000000e+00,0.000000000000000000e+00,0.000000000000000000e+00,0.000000000000000000e+00,0.000000000000000000e+00,0.000000000000000000e+00,0.000000000000000000e+00,0.000000000000000000e+00,0.000000000000000000e+00,0.000000000000000000e+00,0.000000000000000000e+00,0.000000000000000000e+00,0.000000000000000000e+00,0.000000000000000000e+00,0.000000000000000000e+00,0.000000000000000000e+00,0.000000000000000000e+00,0.000000000000000000e+00,0.000000000000000000e+00,0.000000000000000000e+00,0.000000000000000000e+00,0.000000000000000000e+00,0.000000000000000000e+00,0.000000000000000000e+00,0.000000000000000000e+00,0.000000000000000000e+00,0.000000000000000000e+00,0.000000000000000000e+00,0.000000000000000000e+00,0.000000000000000000e+00,0.000000000000000000e+00,0.000000000000000000e+00,0.000000000000000000e+00,0.000000000000000000e+00,0.000000000000000000e+00,0.000000000000000000e+00,0.000000000000000000e+00,0.000000000000000000e+00,0.000000000000000000e+00,0.000000000000000000e+00,0.000000000000000000e+00,0.000000000000000000e+00,0.000000000000000000e+00,0.000000000000000000e+00,0.000000000000000000e+00,0.000000000000000000e+00,0.000000000000000000e+00,0.000000000000000000e+00,0.000000000000000000e+00,0.000000000000000000e+00,0.000000000000000000e+00,0.000000000000000000e+00
TrailVort,1,2,3,4,5,6,7,8,9,10,11,12,13,14,15,16,17,18,19,20,21,22,23,24,25,26,27,28,29,30,31,32,33,34,35,36,37,38,39,40,41,42,1,2,3,4,5,6,7,8,9,10,11,12,13,14,15,16,17,18,19,20,21,22,23,24,25,26,27,28,29,30,31,32,33,34,35,36,37,38,39,40,41,42,1,2,3,4,5,6,7,8,9,10,11,12,13,14,15,16,17,18,19,20,21,1,2,3,4,5,6,7,8,9,10,11,12,13,14,15,16,17,18,19,20,21,1,2,3,4,5,6,7,8,9,10,11,12,13,14,15,16,17,18,19,20,21,1,2,3,4,5,6,7,8,9,10,11,12,13,14,15,16,17,18,19,20,21
Unsteady,0
V/Vref,1.000000000000000000e+00,1.000000000000000000e+00,1.000000000000000000e+00,1.000000000000000000e+00,1.000000000000000000e+00,1.000000000000000000e+00,1.000000000000000000e+00,1.000000000000000000e+00,1.000000000000000000e+00,1.000000000000000000e+00,1.000000000000000000e+00,1.000000000000000000e+00,1.000000000000000000e+00,1.000000000000000000e+00,1.000000000000000000e+00,1.000000000000000000e+00,1.000000000000000000e+00,1.000000000000000000e+00,1.000000000000000000e+00,1.000000000000000000e+00,1.000000000000000000e+00,1.000000000000000000e+00,1.000000000000000000e+00,1.000000000000000000e+00,1.000000000000000000e+00,1.000000000000000000e+00,1.000000000000000000e+00,1.000000000000000000e+00,1.000000000000000000e+00,1.000000000000000000e+00,1.000000000000000000e+00,1.000000000000000000e+00,1.000000000000000000e+00,1.000000000000000000e+00,1.000000000000000000e+00,1.000000000000000000e+00,1.000000000000000000e+00,1.000000000000000000e+00,1.000000000000000000e+00,1.000000000000000000e+00,1.000000000000000000e+00,1.000000000000000000e+00,1.000000000000000000e+00,1.000000000000000000e+00,1.000000000000000000e+00,1.000000000000000000e+00,1.000000000000000000e+00,1.000000000000000000e+00,1.000000000000000000e+00,1.000000000000000000e+00,1.000000000000000000e+00,1.000000000000000000e+00,1.000000000000000000e+00,1.000000000000000000e+00,1.000000000000000000e+00,1.000000000000000000e+00,1.000000000000000000e+00,1.000000000000000000e+00,1.000000000000000000e+00,1.000000000000000000e+00,1.000000000000000000e+00,1.000000000000000000e+00,1.000000000000000000e+00,1.000000000000000000e+00,1.000000000000000000e+00,1.000000000000000000e+00,1.000000000000000000e+00,1.000000000000000000e+00,1.000000000000000000e+00,1.000000000000000000e+00,1.000000000000000000e+00,1.000000000000000000e+00,1.000000000000000000e+00,1.000000000000000000e+00,1.000000000000000000e+00,1.000000000000000000e+00,1.000000000000000000e+00,1.000000000000000000e+00,1.000000000000000000e+00,1.000000000000000000e+00,1.000000000000000000e+00,1.000000000000000000e+00,1.000000000000000000e+00,1.000000000000000000e+00,1.000000000000000000e+00,1.000000000000000000e+00,1.000000000000000000e+00,1.000000000000000000e+00,1.000000000000000000e+00,1.000000000000000000e+00,1.000000000000000000e+00,1.000000000000000000e+00,1.000000000000000000e+00,1.000000000000000000e+00,1.000000000000000000e+00,1.000000000000000000e+00,1.000000000000000000e+00,1.000000000000000000e+00,1.000000000000000000e+00,1.000000000000000000e+00,1.000000000000000000e+00,1.000000000000000000e+00,1.000000000000000000e+00,1.000000000000000000e+00,1.000000000000000000e+00,1.000000000000000000e+00,1.000000000000000000e+00,1.000000000000000000e+00,1.000000000000000000e+00,1.000000000000000000e+00,1.000000000000000000e+00,1.000000000000000000e+00,1.000000000000000000e+00,1.000000000000000000e+00,1.000000000000000000e+00,1.000000000000000000e+00,1.000000000000000000e+00,1.000000000000000000e+00,1.000000000000000000e+00,1.000000000000000000e+00,1.000000000000000000e+00,1.000000000000000000e+00,1.000000000000000000e+00,1.000000000000000000e+00,1.000000000000000000e+00,1.000000000000000000e+00,1.000000000000000000e+00,1.000000000000000000e+00,1.000000000000000000e+00,1.000000000000000000e+00,1.000000000000000000e+00,1.000000000000000000e+00,1.000000000000000000e+00,1.000000000000000000e+00,1.000000000000000000e+00,1.000000000000000000e+00,1.000000000000000000e+00,1.000000000000000000e+00,1.000000000000000000e+00,1.000000000000000000e+00,1.000000000000000000e+00,1.000000000000000000e+00,1.000000000000000000e+00,1.000000000000000000e+00,1.000000000000000000e+00,1.000000000000000000e+00,1.000000000000000000e+00,1.000000000000000000e+00,1.000000000000000000e+00,1.000000000000000000e+00,1.000000000000000000e+00,1.000000000000000000e+00,1.000000000000000000e+00,1.000000000000000000e+00,1.000000000000000000e+00,1.000000000000000000e+00,1.000000000000000000e+00,1.000000000000000000e+00,1.000000000000000000e+00,1.000000000000000000e+00,1.000000000000000000e+00,1.000000000000000000e+00,1.000000000000000000e+00,1.000000000000000000e+00,1.000000000000000000e+00,1.000000000000000000e+00,1.000000000000000000e+00,1.000000000000000000e+00
VortexSheet,1,1,1,1,1,1,1,1,1,1,1,1,1,1,1,1,1,1,1,1,1,1,1,1,1,1,1,1,1,1,1,1,1,1,1,1,1,1,1,1,1,1,2,2,2,2,2,2,2,2,2,2,2,2,2,2,2,2,2,2,2,2,2,2,2,2,2,2,2,2,2,2,2,2,2,2,2,2,2,2,2,2,2,2,3,3,3,3,3,3,3,3,3,3,3,3,3,3,3,3,3,3,3,3,3,4,4,4,4,4,4,4,4,4,4,4,4,4,4,4,4,4,4,4,4,4,5,5,5,5,5,5,5,5,5,5,5,5,5,5,5,5,5,5,5,5,5,6,6,6,6,6,6,6,6,6,6,6,6,6,6,6,6,6,6,6,6,6
Xavg,3.908044999999999902e+01,3.906121999999999872e+01,3.904200000000000159e+01,3.902277000000000129e+01,3.900354999999999706e+01,3.898431999999999675e+01,3.896509999999999962e+01,3.894586999999999932e+01,3.892665000000000219e+01,3.890742000000000189e+01,3.888819999999999766e+01,3.886896999999999736e+01,3.884975000000000023e+01,3.883051999999999992e+01,3.881130000000000280e+01,3.879207000000000249e+01,3.877284999999999826e+01,3.875361999999999796e+01,3.873440000000000083e+01,3.871517000000000053e+01,3.869595000000000340e+01,3.869595000000000340e+01,3.871517000000000053e+01,3.873440000000000083e+01,3.875361999999999796e+01,3.877284999999999826e+01,3.879207000000000249e+01,3.881130000000000280e+01,3.883051999999999992e+01,3.884975000000000023e+01,3.886896999999999736e+01,3.888819999999999766e+01,3.890742000000000189e+01,3.892665000000000219e+01,3.894586999999999932e+01,3.896509999999999962e+01,3.898431999999999675e+01,3.900354999999999706e+01,3.902277000000000129e+01,3.904200000000000159e+01,3.906121999999999872e+01,3.908044999999999902e+01,4.377230999999999739e+01,4.386487999999999943e+01,4.395745000000000147e+01,4.405002000000000351e+01,4.414258999999999844e+01,4.423516000000000048e+01,4.432773000000000252e+01,4.442029999999999745e+01,4.451286999999999949e+01,4.460544000000000153e+01,4.469800999999999647e+01,4.479057999999999851e+01,4.488315000000000055e+01,4.497572000000000259e+01,4.506828999999999752e+01,4.516085999999999956e+01,4.525343000000000160e+01,4.534599999999999653e+01,4.543856999999999857e+01,4.553114000000000061e+01,4.562371000000000265e+01,4.562371000000000265e+01,4.553114000000000061e+01,4.543856999999999857e+01,4.534599999999999653e+01,4.525343000000000160e+01,4.516085999999999956e+01,4.506828999999999752e+01,4.497572000000000259e+01,4.488315000000000055e+01,4.479057999999999851e+01,4.469800999999999647e+01,4.460544000000000153e+01,4.451286999999999949e+01,4.442029999999999745e+01,4.432773000000000252e+01,4.423516000000000048e+01,4.414258999999999844e+01,4.405002000000000351e+01,4.395745000000000147e+01,4.386487999999999943e+01,4.377230999999999739e+01,4.383071000000000339e+01,4.382804000000000144e+01,4.382538000000000267e+01,4.382271999999999679e+01,4.382005999999999801e+01,4.381739999999999924e+01,4.381474000000000046e+01,4.381208000000000169e+01,4.380942000000000291e+01,4.380675000000000097e+01,4.380409000000000219e+01,4.380143000000000342e+01,4.379876999999999754e+01,4.379610999999999876e+01,4.379344999999999999e+01,4.379079000000000121e+01,4.378811999999999927e+01,4.378546000000000049e+01,4.378280000000000172e+01,4.378014000000000294e+01,4.377747999999999706e+01,4.383071000000000339e+01,4.382804000000000144e+01,4.382538000000000267e+01,4.382271999999999679e+01,4.382005999999999801e+01,4.381739999999999924e+01,4.381474000000000046e+01,4.381208000000000169e+01,4.380942000000000291e+01,4.380675000000000097e+01,4.380409000000000219e+01,4.380143000000000342e+01,4.379876999999999754e+01,4.379610999999999876e+01,4.379344999999999999e+01,4.379079000000000121e+01,4.378811999999999927e+01,4.378546000000000049e+01,4.378280000000000172e+01,4.378014000000000294e+01,4.377747999999999706e+01,4.383071000000000339e+01,4.382804000000000144e+01,4.382538000000000267e+01,4.382271999999999679e+01,4.382005999999999801e+01,4.381739999999999924e+01,4.381474000000000046e+01,4.381208000000000169e+01,4.380942000000000291e+01,4.380675000000000097e+01,4.380409000000000219e+01,4.380143000000000342e+01,4.379876999999999754e+01,4.379610999999999876e+01,4.379344999999999999e+01,4.379079000000000121e+01,4.378811999999999927e+01,4.378546000000000049e+01,4.378280000000000172e+01,4.378014000000000294e+01,4.377747999999999706e+01,4.383071000000000339e+01,4.382804000000000144e+01,4.382538000000000267e+01,4.382271999999999679e+01,4.382005999999999801e+01,4.381739999999999924e+01,4.381474000000000046e+01,4.381208000000000169e+01,4.380942000000000291e+01,4.380675000000000097e+01,4.380409000000000219e+01,4.380143000000000342e+01,4.379876999999999754e+01,4.379610999999999876e+01,4.379344999999999999e+01,4.379079000000000121e+01,4.378811999999999927e+01,4.378546000000000049e+01,4.378280000000000172e+01,4.378014000000000294e+01,4.377747999999999706e+01
Yavg,1.579964000000000013e+01,1.502893000000000079e+01,1.425821000000000005e+01,1.348750000000000071e+01,1.271678999999999959e+01,1.194607000000000063e+01,1.117535999999999952e+01,1.040464000000000055e+01,9.633929999999999438e+00,8.863210000000000477e+00,8.092499999999999361e+00,7.321790000000000020e+00,6.551070000000000171e+00,5.780359999999999943e+00,5.009640000000000093e+00,4.238929999999999865e+00,3.468210000000000015e+00,2.697499999999999787e+00,1.926790000000000003e+00,1.156069999999999931e+00,3.853599999999999803e-01,-3.853599999999999803e-01,-1.156069999999999931e+00,-1.926790000000000003e+00,-2.697499999999999787e+00,-3.468210000000000015e+00,-4.238929999999999865e+00,-5.009640000000000093e+00,-5.780359999999999943e+00,-6.551070000000000171e+00,-7.321790000000000020e+00,-8.092499999999999361e+00,-8.863210000000000477e+00,-9.633929999999999438e+00,-1.040464000000000055e+01,-1.117535999999999952e+01,-1.194607000000000063e+01,-1.271678999999999959e+01,-1.348750000000000071e+01,-1.425821000000000005e+01,-1.502893000000000079e+01,-1.579964000000000013e+01,7.897380000000000067e+00,7.512139999999999596e+00,7.126900000000000013e+00,6.741670000000000051e+00,6.356429999999999580e+00,5.971189999999999998e+00,5.585950000000000415e+00,5.200709999999999944e+00,4.815479999999999983e+00,4.430240000000000400e+00,4.044999999999999929e+00,3.659759999999999902e+00,3.274519999999999875e+00,2.889289999999999914e+00,2.504049999999999887e+00,2.118809999999999860e+00,1.733570000000000055e+00,1.348330000000000028e+00,9.630999999999999561e-01,5.778600000000000403e-01,1.926200000000000134e-01,-1.926200000000000134e-01,-5.778600000000000403e-01,-9.630999999999999561e-01,-1.348330000000000028e+00,-1.733570000000000055e+00,-2.118809999999999860e+00,-2.504049999999999887e+00,-2.889289999999999914e+00,-3.274519999999999875e+00,-3.659759999999999902e+00,-4.044999999999999929e+00,-4.430240000000000400e+00,-4.815479999999999983e+00,-5.200709999999999944e+00,-5.585950000000000415e+00,-5.971189999999999998e+00,-6.356429999999999580e+00,-6.741670000000000051e+00,-7.126900000000000013e+00,-7.512139999999999596e+00,-7.897380000000000067e+00,8.109999999999999432e+00,8.109999999999999432e+00,8.109999999999999432e+00,8.109999999999999432e+00,8.109999999999999432e+00,8.109999999999999432e+00,8.109999999999999432e+00,8.109999999999999432e+00,8.109999999999999432e+00,8.109999999999999432e+00,8.109999999999999432e+00,8.109999999999999432e+00,8.109999999999999432e+00,8.109999999999999432e+00,8.109999999999999432e+00,8.109999999999999432e+00,8.109999999999999432e+00,8.109999999999999432e+00,8.109999999999999432e+00,8.109999999999999432e+00,8.109999999999999432e+00,8.109999999999999432e+00,8.109999999999999432e+00,8.109999999999999432e+00,8.109999999999999432e+00,8.109999999999999432e+00,8.109999999999999432e+00,8.109999999999999432e+00,8.109999999999999432e+00,8.109999999999999432e+00,8.109999999999999432e+00,8.109999999999999432e+00,8.109999999999999432e+00,8.109999999999999432e+00,8.109999999999999432e+00,8.109999999999999432e+00,8.109999999999999432e+00,8.109999999999999432e+00,8.109999999999999432e+00,8.109999999999999432e+00,8.109999999999999432e+00,8.109999999999999432e+00,-8.109999999999999432e+00,-8.109999999999999432e+00,-8.109999999999999432e+00,-8.109999999999999432e+00,-8.109999999999999432e+00,-8.109999999999999432e+00,-8.109999999999999432e+00,-8.109999999999999432e+00,-8.109999999999999432e+00,-8.109999999999999432e+00,-8.109999999999999432e+00,-8.109999999999999432e+00,-8.109999999999999432e+00,-8.109999999999999432e+00,-8.109999999999999432e+00,-8.109999999999999432e+00,-8.109999999999999432e+00,-8.109999999999999432e+00,-8.109999999999999432e+00,-8.109999999999999432e+00,-8.109999999999999432e+00,-8.109999999999999432e+00,-8.109999999999999432e+00,-8.109999999999999432e+00,-8.109999999999999432e+00,-8.109999999999999432e+00,-8.109999999999999432e+00,-8.109999999999999432e+00,-8.109999999999999432e+00,-8.109999999999999432e+00,-8.109999999999999432e+00,-8.109999999999999432e+00,-8.109999999999999432e+00,-8.109999999999999432e+00,-8.109999999999999432e+00,-8.109999999999999432e+00,-8.109999999999999432e+00,-8.109999999999999432e+00,-8.109999999999999432e+00,-8.109999999999999432e+00,-8.109999999999999432e+00,-8.109999999999999432e+00
Zavg,1.899999999999999911e+00,1.899999999999999911e+00,1.899999999999999911e+00,1.899999999999999911e+00,1.899999999999999911e+00,1.899999999999999911e+00,1.899999999999999911e+00,1.899999999999999911e+00,1.899999999999999911e+00,1.899999999999999911e+00,1.899999999999999911e+00,1.899999999999999911e+00,1.899999999999999911e+00,1.899999999999999911e+00,1.899999999999999911e+00,1.899999999999999911e+00,1.899999999999999911e+00,1.899999999999999911e+00,1.899999999999999911e+00,1.899999999999999911e+00,1.899999999999999911e+00,1.899999999999999911e+00,1.899999999999999911e+00,1.899999999999999911e+00,1.899999999999999911e+00,1.899999999999999911e+00,1.899999999999999911e+00,1.899999999999999911e+00,1.899999999999999911e+00,1.899999999999999911e+00,1.899999999999999911e+00,1.899999999999999911e+00,1.899999999999999911e+00,1.899999999999999911e+00,1.899999999999999911e+00,1.899999999999999911e+00,1.899999999999999911e+00,1.899999999999999911e+00,1.899999999999999911e+00,1.899999999999999911e+00,1.899999999999999911e+00,1.899999999999999911e+00,0.000000000000000000e+00,0.000000000000000000e+00,0.000000000000000000e+00,0.000000000000000000e+00,0.000000000000000000e+00,0.000000000000000000e+00,0.000000000000000000e+00,0.000000000000000000e+00,0.000000000000000000e+00,0.000000000000000000e+00,0.000000000000000000e+00,0.000000000000000000e+00,0.000000000000000000e+00,0.000000000000000000e+00,0.000000000000000000e+00,0.000000000000000000e+00,0.000000000000000000e+00,0.000000000000000000e+00,0.000000000000000000e+00,0.000000000000000000e+00,0.000000000000000000e+00,0.000000000000000000e+00,0.000000000000000000e+00,0.000000000000000000e+00,0.000000000000000000e+00,0.000000000000000000e+00,0.000000000000000000e+00,0.000000000000000000e+00,0.000000000000000000e+00,0.000000000000000000e+00,0.000000000000000000e+00,0.000000000000000000e+00,0.000000000000000000e+00,0.000000000000000000e+00,0.000000000000000000e+00,0.000000000000000000e+00,0.000000000000000000e+00,0.000000000000000000e+00,0.000000000000000000e+00,0.000000000000000000e+00,0.000000000000000000e+00,0.000000000000000000e+00,2.012859999999999872e+00,2.198570000000000135e+00,2.384290000000000020e+00,2.569999999999999840e+00,2.755710000000000104e+00,2.941429999999999989e+00,3.127139999999999809e+00,3.312860000000000138e+00,3.498569999999999958e+00,3.684289999999999843e+00,3.870000000000000107e+00,4.055710000000000370e+00,4.241430000000000256e+00,4.427139999999999631e+00,4.612860000000000404e+00,4.798569999999999780e+00,4.984289999999999665e+00,5.169999999999999929e+00,5.355710000000000193e+00,5.541430000000000078e+00,5.727140000000000342e+00,1.787139999999999951e+00,1.601429999999999909e+00,1.415710000000000024e+00,1.229999999999999982e+00,1.044289999999999941e+00,8.585700000000000554e-01,6.728600000000000136e-01,4.871400000000000174e-01,3.014299999999999757e-01,1.157099999999999934e-01,-7.000000000000000666e-02,-2.557099999999999929e-01,-4.414299999999999891e-01,-6.271400000000000308e-01,-8.128600000000000270e-01,-9.985699999999999577e-01,-1.184290000000000065e+00,-1.370000000000000107e+00,-1.555709999999999926e+00,-1.741430000000000033e+00,-1.927140000000000075e+00,2.012859999999999872e+00,2.198570000000000135e+00,2.384290000000000020e+00,2.569999999999999840e+00,2.755710000000000104e+00,2.941429999999999989e+00,3.127139999999999809e+00,3.312860000000000138e+00,3.498569999999999958e+00,3.684289999999999843e+00,3.870000000000000107e+00,4.055710000000000370e+00,4.241430000000000256e+00,4.427139999999999631e+00,4.612860000000000404e+00,4.798569999999999780e+00,4.984289999999999665e+00,5.169999999999999929e+00,5.355710000000000193e+00,5.541430000000000078e+00,5.727140000000000342e+00,1.787139999999999951e+00,1.601429999999999909e+00,1.415710000000000024e+00,1.229999999999999982e+00,1.044289999999999941e+00,8.585700000000000554e-01,6.728600000000000136e-01,4.871400000000000174e-01,3.014299999999999757e-01,1.157099999999999934e-01,-7.000000000000000666e-02,-2.557099999999999929e-01,-4.414299999999999891e-01,-6.271400000000000308e-01,-8.128600000000000270e-01,-9.985699999999999577e-01,-1.184290000000000065e+00,-1.370000000000000107e+00,-1.555709999999999926e+00,-1.741430000000000033e+00,-1.927140000000000075e+00
cd,-9.753000000000000558e-02,-3.781000000000000333e-02,-1.730999999999999900e-02,-5.709999999999999798e-03,2.279999999999999909e-03,7.179999999999999750e-03,1.055999999999999994e-02,1.328000000000000014e-02,1.615000000000000116e-02,1.804000000000000048e-02,2.185000000000000137e-02,2.041000000000000106e-02,2.086999999999999966e-02,2.052000000000000005e-02,2.089999999999999844e-02,2.086000000000000007e-02,2.145000000000000032e-02,2.154999999999999971e-02,2.204000000000000056e-02,2.215999999999999914e-02,2.261000000000000162e-02,2.261000000000000162e-02,2.215999999999999914e-02,2.204000000000000056e-02,2.154999999999999971e-02,2.146999999999999950e-02,2.088999999999999885e-02,2.094000000000000028e-02,2.054999999999999882e-02,2.092000000000000109e-02,2.049000000000000127e-02,2.194000000000000117e-02,1.814999999999999947e-02,1.624000000000000096e-02,1.328999999999999973e-02,1.055000000000000035e-02,7.159999999999999698e-03,2.269999999999999882e-03,-5.700000000000000205e-03,-1.730999999999999900e-02,-3.785999999999999782e-02,-9.762999999999999456e-02,3.751000000000000167e-02,1.875999999999999890e-02,1.922000000000000097e-02,1.915000000000000036e-02,1.951999999999999916e-02,1.931000000000000077e-02,1.915000000000000036e-02,1.900999999999999912e-02,1.982000000000000081e-02,1.957000000000000059e-02,1.927999999999999853e-02,1.913000000000000117e-02,1.957000000000000059e-02,1.943999999999999895e-02,1.909999999999999892e-02,1.876999999999999849e-02,1.891999999999999932e-02,1.837000000000000091e-02,1.803000000000000089e-02,1.771000000000000005e-02,1.751000000000000126e-02,1.750000000000000167e-02,1.771000000000000005e-02,1.801000000000000170e-02,1.835000000000000173e-02,1.890000000000000013e-02,1.873000000000000012e-02,1.906000000000000055e-02,1.940000000000000058e-02,1.957000000000000059e-02,1.909999999999999892e-02,1.924000000000000016e-02,1.953999999999999834e-02,1.976999999999999938e-02,1.902999999999999831e-02,1.918999999999999873e-02,1.935999999999999874e-02,1.958000000000000018e-02,1.917999999999999913e-02,1.925999999999999934e-02,1.880000000000000074e-02,3.785999999999999782e-02,2.569999999999999802e-03,5.309999999999999616e-03,5.349999999999999721e-03,5.329999999999999669e-03,5.259999999999999919e-03,5.210000000000000221e-03,5.139999999999999604e-03,5.080000000000000314e-03,4.870000000000000197e-03,4.789999999999999987e-03,4.649999999999999620e-03,4.449999999999999963e-03,4.159999999999999636e-03,4.040000000000000188e-03,3.629999999999999980e-03,3.249999999999999851e-03,2.550000000000000183e-03,2.170000000000000054e-03,8.000000000000000383e-04,-1.600000000000000077e-03,-7.510000000000000182e-03,7.510000000000000182e-03,5.400000000000000286e-03,5.440000000000000391e-03,5.340000000000000129e-03,5.219999999999999814e-03,5.109999999999999959e-03,4.989999999999999644e-03,4.890000000000000249e-03,4.649999999999999620e-03,-3.919999999999999873e-03,-6.519999999999999754e-03,3.710000000000000190e-03,3.259999999999999877e-03,2.969999999999999984e-03,2.109999999999999896e-03,7.799999999999999859e-04,-1.469999999999999953e-03,-3.589999999999999875e-03,-7.799999999999999642e-03,-1.510000000000000057e-02,-3.763999999999999985e-02,2.540000000000000157e-03,5.309999999999999616e-03,5.340000000000000129e-03,5.320000000000000076e-03,5.250000000000000326e-03,5.210000000000000221e-03,5.130000000000000011e-03,5.069999999999999854e-03,4.859999999999999737e-03,4.780000000000000394e-03,4.640000000000000027e-03,4.440000000000000370e-03,4.150000000000000043e-03,4.020000000000000136e-03,3.599999999999999901e-03,3.220000000000000206e-03,2.510000000000000078e-03,2.119999999999999923e-03,7.399999999999999894e-04,-1.680000000000000070e-03,-7.640000000000000090e-03,7.530000000000000235e-03,5.389999999999999826e-03,5.440000000000000391e-03,5.329999999999999669e-03,5.210000000000000221e-03,5.100000000000000366e-03,4.989999999999999644e-03,4.890000000000000249e-03,4.649999999999999620e-03,-4.069999999999999833e-03,-6.700000000000000226e-03,3.690000000000000138e-03,3.249999999999999851e-03,2.949999999999999931e-03,2.079999999999999818e-03,7.399999999999999894e-04,-1.529999999999999893e-03,-3.660000000000000059e-03,-7.900000000000000772e-03,-1.525999999999999926e-02,-3.796000000000000069e-02
cd*c/cref,-4.845427572885177905e-03,-4.532389475813374327e-03,-3.286942037316487736e-03,-1.484034741882590044e-03,7.522064800263020745e-04,2.871491943583887128e-03,4.962601852965278781e-03,7.170635261669309340e-03,9.851041206894993810e-03,1.226694219023582479e-02,1.638749620308243768e-02,1.673648458607863987e-02,1.857488562676421623e-02,1.970006549118037339e-02,2.152817656900449933e-02,2.294746880271806774e-02,2.509831316072447596e-02,2.672412584010059461e-02,2.887488532092554946e-02,3.058361169054408732e-02,3.278768797782947997e-02,3.278768797782947997e-02,3.058361169054408732e-02,2.887488532092554946e-02,2.672412584010059461e-02,2.512171485131722490e-02,2.298047091509014539e-02,2.156937882081120736e-02,1.972886675651835606e-02,1.861938702979911223e-02,1.680208570155567599e-02,1.645499618744295997e-02,1.234174061822506697e-02,9.905938650153232883e-03,7.176034836414542199e-03,4.957902419392395954e-03,2.863493358782817633e-03,7.489073287981165995e-04,-1.481435731826753624e-03,-3.286942037316487736e-03,-4.538383114369064567e-03,-4.850395713532039410e-03,4.996033613059867179e-03,2.671304283757116541e-03,2.913659589050141864e-03,3.079258056242341161e-03,3.318367572203991672e-03,3.460363725587644376e-03,3.607901759058906171e-03,3.756447364122482164e-03,4.098881589693792460e-03,4.227255049292157237e-03,4.342019383220717225e-03,4.484264211245548790e-03,4.767479423660930804e-03,4.914688499840477558e-03,5.004482065689975362e-03,5.090730725039220410e-03,5.305520096033342070e-03,5.320322764058673694e-03,5.387756270214025256e-03,5.455093173055335087e-03,5.554608057319727898e-03,5.551435808286421698e-03,5.455093173055335087e-03,5.381779835083449169e-03,5.314530360396117065e-03,5.299911723838804031e-03,5.079882071389696212e-03,4.994001474976488344e-03,4.904575972063028588e-03,4.767479423660930804e-03,4.477231909816517183e-03,4.333011044251379798e-03,4.220774842267181401e-03,4.088541323322213844e-03,3.760399439203095107e-03,3.615437846284094443e-03,3.469323755949082697e-03,3.328567472528389404e-03,3.084081959202511925e-03,2.919723396727665413e-03,2.677000028498602909e-03,5.042650828857546050e-03,1.381599167840785822e-03,2.716765644864308112e-03,2.598370192685311737e-03,2.450315034681409439e-03,2.281609781832765610e-03,2.124694484547154025e-03,1.962741176380635409e-03,1.807976995371409846e-03,1.606835591558018533e-03,1.456114159843799544e-03,1.292863463191968503e-03,1.121755451400497814e-03,9.406783362654455236e-04,8.086840665699568474e-04,6.323969897133943771e-04,4.818432618528123022e-04,3.118756807516958772e-04,2.090771387680401402e-04,5.631490817541515696e-05,-7.110137370218403449e-05,-1.388079451325428002e-04,4.037280058554203015e-03,2.762812520200991998e-03,2.642081093123008987e-03,2.454912248630155593e-03,2.264259137103999397e-03,2.083913400390778430e-03,1.905462737381200715e-03,1.740355808536652414e-03,1.534247536087224827e-03,-1.191642485717681488e-03,-1.812789200002502387e-03,9.352163426282802386e-04,7.371661962080174263e-04,5.945028905229633211e-04,3.675916386488325060e-04,1.156423828446749634e-04,-1.797871571392128747e-04,-3.458925936300755850e-04,-5.490703547102977278e-04,-6.710192143143618509e-04,-6.957032030344755067e-04,1.365471551095562676e-03,2.716765644864308112e-03,2.593513425970012283e-03,2.445717820732664152e-03,2.277272120650574491e-03,2.124694484547154025e-03,1.958922613780673515e-03,1.804417985538001468e-03,1.603536134491164106e-03,1.453074255543499501e-03,1.290083111658222627e-03,1.119234652633305889e-03,9.384170902648075480e-04,8.046806801017887967e-04,6.271705683108042603e-04,4.773954778972479577e-04,3.069835132104927508e-04,2.042596931743064848e-04,5.209129006225902205e-05,-7.465644238729324570e-05,-1.412107457806427652e-04,4.048031803051018590e-03,2.757696200719137944e-03,2.642081093123008987e-03,2.450315034681409439e-03,2.259921475921808278e-03,2.079835291975141044e-03,1.905462737381200715e-03,1.740355808536652414e-03,1.534247536087224827e-03,-1.237241050222184519e-03,-1.862835527609933576e-03,9.301747450938960618e-04,7.349049502073793424e-04,5.904995040547951620e-04,3.623652172462424434e-04,1.097120042372557380e-04,-1.871254084510174829e-04,-3.526370174613027405e-04,-5.561097182322247232e-04,-6.781293516845801920e-04,-7.016177892451830713e-04
cdi,-1.138799999999999951e-01,-4.868000000000000105e-02,-2.647000000000000047e-02,-1.396999999999999978e-02,-5.400000000000000286e-03,-6.999999999999999387e-05,3.629999999999999980e-03,6.610000000000000424e-03,9.669999999999999776e-03,1.170999999999999992e-02,1.555999999999999918e-02,1.437000000000000083e-02,1.498999999999999985e-02,1.477000000000000014e-02,1.525999999999999926e-02,1.531000000000000069e-02,1.599000000000000074e-02,1.616000000000000075e-02,1.671999999999999875e-02,1.689999999999999836e-02,1.740999999999999839e-02,1.740999999999999839e-02,1.689999999999999836e-02,1.671999999999999875e-02,1.616000000000000075e-02,1.600999999999999993e-02,1.533999999999999947e-02,1.529999999999999936e-02,1.480000000000000066e-02,1.503999999999999955e-02,1.443999999999999971e-02,1.564000000000000112e-02,1.180999999999999932e-02,9.759999999999999579e-03,6.610000000000000424e-03,3.619999999999999954e-03,-9.000000000000000567e-05,-5.409999999999999878e-03,-1.396000000000000019e-02,-2.648000000000000007e-02,-4.873000000000000248e-02,-1.139799999999999980e-01,3.066999999999999935e-02,1.197999999999999933e-02,1.248999999999999937e-02,1.246000000000000059e-02,1.289000000000000042e-02,1.271000000000000081e-02,1.260000000000000009e-02,1.250000000000000069e-02,1.335000000000000075e-02,1.314000000000000064e-02,1.288000000000000082e-02,1.277000000000000010e-02,1.324000000000000003e-02,1.315000000000000023e-02,1.284000000000000072e-02,1.255000000000000039e-02,1.273000000000000000e-02,1.221000000000000037e-02,1.190000000000000085e-02,1.161000000000000053e-02,1.142999999999999919e-02,1.142999999999999919e-02,1.161000000000000053e-02,1.187999999999999994e-02,1.220000000000000077e-02,1.271000000000000081e-02,1.251000000000000029e-02,1.280000000000000061e-02,1.311000000000000013e-02,1.324999999999999963e-02,1.273999999999999959e-02,1.285000000000000031e-02,1.311000000000000013e-02,1.329999999999999932e-02,1.251999999999999988e-02,1.264000000000000019e-02,1.276000000000000051e-02,1.294000000000000011e-02,1.248999999999999937e-02,1.251999999999999988e-02,1.201999999999999943e-02,3.101999999999999896e-02,-3.010000000000000089e-03,-3.099999999999999999e-04,-3.099999999999999999e-04,-3.699999999999999947e-04,-4.899999999999999842e-04,-5.900000000000000296e-04,-7.100000000000000191e-04,-8.300000000000000086e-04,-1.100000000000000066e-03,-1.250000000000000026e-03,-1.459999999999999926e-03,-1.750000000000000036e-03,-2.139999999999999975e-03,-2.370000000000000145e-03,-2.919999999999999853e-03,-3.449999999999999942e-03,-4.349999999999999700e-03,-4.989999999999999644e-03,-6.729999999999999871e-03,-9.740000000000000394e-03,-1.711999999999999980e-02,1.930000000000000075e-03,-2.200000000000000078e-04,-2.100000000000000087e-04,-3.600000000000000227e-04,-5.199999999999999544e-04,-6.800000000000000488e-04,-8.400000000000000348e-04,-1.000000000000000021e-03,-1.299999999999999940e-03,-9.950000000000000511e-03,-1.268000000000000030e-02,-2.540000000000000157e-03,-3.089999999999999865e-03,-3.500000000000000073e-03,-4.499999999999999660e-03,-6.000000000000000125e-03,-8.460000000000000506e-03,-1.085999999999999986e-02,-1.545999999999999978e-02,-2.343999999999999903e-02,-4.769999999999999934e-02,-3.050000000000000194e-03,-3.099999999999999999e-04,-3.099999999999999999e-04,-3.800000000000000209e-04,-4.899999999999999842e-04,-5.900000000000000296e-04,-7.200000000000000453e-04,-8.400000000000000348e-04,-1.110000000000000092e-03,-1.260000000000000052e-03,-1.469999999999999953e-03,-1.760000000000000063e-03,-2.150000000000000001e-03,-2.399999999999999790e-03,-2.939999999999999905e-03,-3.480000000000000020e-03,-4.389999999999999805e-03,-5.040000000000000209e-03,-6.790000000000000029e-03,-9.820000000000000603e-03,-1.725000000000000144e-02,1.949999999999999910e-03,-2.200000000000000078e-04,-2.200000000000000078e-04,-3.600000000000000227e-04,-5.299999999999999807e-04,-6.800000000000000488e-04,-8.499999999999999526e-04,-1.010000000000000047e-03,-1.309999999999999967e-03,-1.009999999999999960e-02,-1.285999999999999990e-02,-2.560000000000000209e-03,-3.109999999999999917e-03,-3.520000000000000125e-03,-4.530000000000000172e-03,-6.040000000000000230e-03,-8.519999999999999796e-03,-1.093000000000000048e-02,-1.557000000000000051e-02,-2.359999999999999945e-02,-4.802000000000000018e-02
cdi*c/cref,-5.657718568647226477e-03,-5.835406497820551722e-03,-5.026305934590839623e-03,-3.630817048003464644e-03,-1.781541663220189255e-03,-2.799504680374263285e-05,1.705894386956814798e-03,3.569118906598956094e-03,5.898425292301831720e-03,7.962632652309394737e-03,1.166999729610813247e-02,1.178360036756247176e-02,1.334152062986083444e-02,1.417982296806696504e-02,1.571865906425878867e-02,1.684207801388368231e-02,1.870965162890370070e-02,2.003999413345826375e-02,2.190508541587455130e-02,2.332414429468389339e-02,2.524695478522826983e-02,2.524695478522826983e-02,2.332414429468389339e-02,2.190508541587455130e-02,2.003999413345826375e-02,1.873305331949644964e-02,1.687508012625575995e-02,1.575986131606549670e-02,1.420862423340494944e-02,1.338602203289572697e-02,1.184100134360487749e-02,1.172999728220637528e-02,8.030631223208706607e-03,5.953322735560069925e-03,3.569118906598956094e-03,1.701194953383930886e-03,-3.599363160481196185e-05,-1.784840814448374838e-03,-3.628218037947628441e-03,-5.028204803474326662e-03,-5.841400136376242828e-03,-5.662686709294088849e-03,4.085000024328075234e-03,1.705875550075173488e-03,1.893423947306777707e-03,2.003527696124259537e-03,2.191278586358066331e-03,2.277639717877729623e-03,2.373867475934319723e-03,2.470046925383010718e-03,2.760851121211510377e-03,2.838330676939138444e-03,2.900685148126703680e-03,2.993416308290938830e-03,3.225417862507446061e-03,3.324493506836537129e-03,3.364269619029281854e-03,3.403765082538211077e-03,3.569728901823702397e-03,3.536262435991094442e-03,3.555978902692562196e-03,3.576150860484045291e-03,3.625880645069359202e-03,3.625880645069359202e-03,3.576150860484045291e-03,3.550002467561986542e-03,3.533366234159816127e-03,3.564120529629163925e-03,3.392916428888686879e-03,3.353789028315795270e-03,3.314380979059087726e-03,3.227853978717798791e-03,2.986384006861907223e-03,2.893928893899700393e-03,2.831850469914163476e-03,2.750510854839931327e-03,2.473999000463623227e-03,2.381403563159507995e-03,2.286599748239168377e-03,2.199778503295064368e-03,2.008351599084430301e-03,1.897971803064920585e-03,1.711571294816659856e-03,4.131617240125754972e-03,-1.618137546770725878e-03,-1.586059039374643263e-04,-1.505597681742891047e-04,-1.700969161035875536e-04,-2.125453979273869156e-04,-2.406083965226143691e-04,-2.711179445973251902e-04,-2.953978161728878235e-04,-3.629402773539672309e-04,-3.799880375375259793e-04,-4.059313239269407179e-04,-4.411397842586227847e-04,-4.839066441365513739e-04,-4.744012964779202308e-04,-5.087050165187634917e-04,-5.114951548899084564e-04,-5.320232201058340158e-04,-4.807810702546176109e-04,-4.737491650256800044e-04,-4.328296124120453096e-04,-3.164303622728538911e-04,1.037543343942691314e-03,-1.125590286007811444e-04,-1.019921010212926176e-04,-1.654997021548419418e-04,-2.255583814739616291e-04,-2.773113722633521717e-04,-3.207592583968354462e-04,-3.559009833408287174e-04,-4.289294186910521376e-04,-3.024704778798706969e-03,-3.525485744790142831e-03,-6.402828868668010735e-04,-6.987250141971698908e-04,-7.005926319294180716e-04,-7.839632103885053795e-04,-8.895567911128843003e-04,-1.034693434964449816e-03,-1.046349182958947275e-03,-1.088285600489897857e-03,-1.041635124736996080e-03,-8.816430070335940731e-04,-1.639641035764356812e-03,-1.586059039374643263e-04,-1.505597681742891047e-04,-1.746941300523331653e-04,-2.125453979273869156e-04,-2.406083965226143691e-04,-2.749365071972875176e-04,-2.989568260062961465e-04,-3.662397344208214952e-04,-3.830279418378262392e-04,-4.087116754606868649e-04,-4.436605830258149273e-04,-4.861678901371894578e-04,-4.804063761801723067e-04,-5.121892974538235334e-04,-5.159429388454729636e-04,-5.369153876470370880e-04,-4.855985158483512934e-04,-4.779727831388361258e-04,-4.363846810971545344e-04,-3.188331629209538833e-04,1.048295088439506672e-03,-1.125590286007811444e-04,-1.068488677365922744e-04,-1.654997021548419418e-04,-2.298960426561532093e-04,-2.773113722633521717e-04,-3.245778209967977194e-04,-3.594599931742369862e-04,-4.322288757579064019e-04,-3.070303343303210000e-03,-3.575532072397573802e-03,-6.453244844011853587e-04,-7.032475061984461671e-04,-7.045960183975861222e-04,-7.891896317910954963e-04,-8.954871697203036071e-04,-1.042031686276254261e-03,-1.053093606790174485e-03,-1.096028900364017476e-03,-1.048745262107214421e-03,-8.875575932443016377e-04
cdo,1.634999999999999995e-02,1.086999999999999945e-02,9.169999999999999332e-03,8.259999999999999981e-03,7.669999999999999735e-03,7.250000000000000368e-03,6.930000000000000396e-03,6.680000000000000174e-03,6.479999999999999649e-03,6.329999999999999689e-03,6.300000000000000044e-03,6.049999999999999822e-03,5.879999999999999810e-03,5.749999999999999903e-03,5.640000000000000048e-03,5.550000000000000246e-03,5.459999999999999576e-03,5.389999999999999826e-03,5.320000000000000076e-03,5.259999999999999919e-03,5.199999999999999761e-03,5.199999999999999761e-03,5.259999999999999919e-03,5.320000000000000076e-03,5.389999999999999826e-03,5.459999999999999576e-03,5.550000000000000246e-03,5.640000000000000048e-03,5.749999999999999903e-03,5.879999999999999810e-03,6.049999999999999822e-03,6.300000000000000044e-03,6.329999999999999689e-03,6.479999999999999649e-03,6.680000000000000174e-03,6.930000000000000396e-03,7.250000000000000368e-03,7.669999999999999735e-03,8.259999999999999981e-03,9.169999999999999332e-03,1.086999999999999945e-02,1.634999999999999995e-02,6.839999999999999726e-03,6.779999999999999569e-03,6.729999999999999871e-03,6.680000000000000174e-03,6.640000000000000069e-03,6.590000000000000371e-03,6.550000000000000266e-03,6.510000000000000162e-03,6.470000000000000057e-03,6.429999999999999952e-03,6.389999999999999847e-03,6.360000000000000202e-03,6.320000000000000097e-03,6.289999999999999584e-03,6.250000000000000347e-03,6.219999999999999835e-03,6.190000000000000190e-03,6.159999999999999677e-03,6.130000000000000032e-03,6.100000000000000387e-03,6.069999999999999875e-03,6.069999999999999875e-03,6.100000000000000387e-03,6.130000000000000032e-03,6.159999999999999677e-03,6.190000000000000190e-03,6.219999999999999835e-03,6.250000000000000347e-03,6.289999999999999584e-03,6.320000000000000097e-03,6.360000000000000202e-03,6.389999999999999847e-03,6.429999999999999952e-03,6.470000000000000057e-03,6.510000000000000162e-03,6.550000000000000266e-03,6.599999999999999964e-03,6.640000000000000069e-03,6.689999999999999766e-03,6.729999999999999871e-03,6.790000000000000029e-03,6.850000000000000186e-03,5.579999999999999891e-03,5.619999999999999996e-03,5.660000000000000100e-03,5.700000000000000205e-03,5.749999999999999903e-03,5.799999999999999600e-03,5.850000000000000165e-03,5.910000000000000323e-03,5.969999999999999613e-03,6.040000000000000230e-03,6.119999999999999572e-03,6.199999999999999782e-03,6.300000000000000044e-03,6.409999999999999899e-03,6.539999999999999807e-03,6.700000000000000226e-03,6.899999999999999883e-03,7.159999999999999698e-03,7.530000000000000235e-03,8.139999999999999666e-03,9.610000000000000486e-03,5.579999999999999891e-03,5.610000000000000403e-03,5.649999999999999641e-03,5.689999999999999745e-03,5.740000000000000310e-03,5.790000000000000008e-03,5.839999999999999705e-03,5.890000000000000270e-03,5.960000000000000020e-03,6.029999999999999770e-03,6.150000000000000085e-03,6.250000000000000347e-03,6.349999999999999742e-03,6.470000000000000057e-03,6.610000000000000424e-03,6.779999999999999569e-03,6.989999999999999686e-03,7.270000000000000420e-03,7.669999999999999735e-03,8.340000000000000191e-03,1.005999999999999950e-02,5.579999999999999891e-03,5.619999999999999996e-03,5.660000000000000100e-03,5.700000000000000205e-03,5.749999999999999903e-03,5.799999999999999600e-03,5.850000000000000165e-03,5.910000000000000323e-03,5.969999999999999613e-03,6.040000000000000230e-03,6.119999999999999572e-03,6.199999999999999782e-03,6.300000000000000044e-03,6.409999999999999899e-03,6.539999999999999807e-03,6.700000000000000226e-03,6.899999999999999883e-03,7.159999999999999698e-03,7.530000000000000235e-03,8.139999999999999666e-03,9.610000000000000486e-03,5.579999999999999891e-03,5.610000000000000403e-03,5.649999999999999641e-03,5.689999999999999745e-03,5.740000000000000310e-03,5.790000000000000008e-03,5.839999999999999705e-03,5.890000000000000270e-03,5.960000000000000020e-03,6.029999999999999770e-03,6.150000000000000085e-03,6.250000000000000347e-03,6.349999999999999742e-03,6.470000000000000057e-03,6.610000000000000424e-03,6.779999999999999569e-03,6.989999999999999686e-03,7.270000000000000420e-03,7.669999999999999735e-03,8.340000000000000191e-03,1.005999999999999950e-02
cdo*c/cref,8.122909957620491140e-04,1.303017022007177395e-03,1.741262766157838926e-03,2.146782306120874600e-03,2.530448992018305854e-03,2.899486990387630143e-03,3.256707466008464634e-03,3.606915929815586105e-03,3.952615914593161223e-03,4.304309537926428314e-03,4.724998905236582961e-03,4.961084357950796761e-03,5.233364996903382658e-03,5.520242523113409218e-03,5.809517504745712393e-03,6.105390788834385435e-03,6.388661531820775258e-03,6.684131706642329127e-03,6.969799905050994698e-03,7.259467395860193933e-03,7.540733192601206669e-03,7.540733192601206669e-03,7.259467395860193933e-03,6.969799905050994698e-03,6.684131706642329127e-03,6.388661531820775258e-03,6.105390788834385435e-03,5.809517504745712393e-03,5.520242523113409218e-03,5.233364996903382658e-03,4.961084357950796761e-03,4.724998905236582961e-03,4.304309537926428314e-03,3.952615914593161223e-03,3.606915929815586105e-03,3.256707466008464634e-03,2.899486990387630143e-03,2.530448992018305854e-03,2.146782306120874600e-03,1.741262766157838926e-03,1.303017022007177395e-03,8.122909957620491140e-04,9.110335887317911859e-04,9.654287336819429447e-04,1.020235641743363940e-03,1.074122392464691442e-03,1.128788969233325036e-03,1.180932001637627089e-03,1.234034283124586882e-03,1.286400438739471880e-03,1.338030468482282517e-03,1.388924372353018358e-03,1.439082150351679622e-03,1.490847902954610176e-03,1.539625444943131362e-03,1.590194993003940429e-03,1.637592298982321753e-03,1.686965642501009549e-03,1.735791194209640106e-03,1.784060328067579035e-03,1.831777367521462627e-03,1.878942312571290013e-03,1.925555163217061412e-03,1.925555163217061412e-03,1.878942312571290013e-03,1.831777367521462627e-03,1.784060328067579035e-03,1.735791194209640106e-03,1.686965642501009549e-03,1.637592298982321753e-03,1.590194993003940429e-03,1.539625444943131362e-03,1.490847902954610176e-03,1.439082150351679622e-03,1.388924372353018358e-03,1.338030468482282517e-03,1.286400438739471880e-03,1.234034283124586882e-03,1.182724007709914753e-03,1.128788969233325036e-03,1.075730360118081624e-03,1.020235641743363940e-03,9.668526698673145367e-04,9.123655091831534827e-04,2.999736714611511701e-03,2.875371548801772953e-03,2.748929960859601302e-03,2.620411950784997182e-03,2.494155179760152580e-03,2.365302881069768041e-03,2.233859120977961087e-03,2.103374811544297777e-03,1.969775868911985330e-03,1.836102197381325740e-03,1.701575138652655422e-03,1.562895235659120599e-03,1.424584980401997006e-03,1.283085363047876916e-03,1.139359865764627902e-03,9.933384167427209213e-04,8.438989008575298930e-04,6.898582090226576969e-04,5.300640732010951546e-04,3.617282387098612480e-04,1.776224171403111181e-04,2.999736714611511701e-03,2.870255229319919332e-03,2.744073194144301415e-03,2.615814736836251462e-03,2.489817518577961460e-03,2.361224772654130655e-03,2.230040558377998326e-03,2.096256791877481023e-03,1.966476411845131337e-03,1.833062293081025263e-03,1.709916193253894134e-03,1.575499229495081312e-03,1.435891210405187317e-03,1.295095522452381284e-03,1.151554849037337994e-03,1.005199173957559318e-03,8.549062778252367783e-04,7.004565893288718526e-04,5.399191821317927530e-04,3.706159104226342828e-04,1.859398039991185935e-04,2.999736714611511701e-03,2.875371548801772953e-03,2.748929960859601302e-03,2.620411950784997182e-03,2.494155179760152580e-03,2.365302881069768041e-03,2.233859120977961087e-03,2.103374811544297777e-03,1.969775868911985330e-03,1.836102197381325740e-03,1.701575138652655422e-03,1.562895235659120599e-03,1.424584980401997006e-03,1.283085363047876916e-03,1.139359865764627902e-03,9.933384167427209213e-04,8.438989008575298930e-04,6.898582090226576969e-04,5.300640732010951546e-04,3.617282387098612480e-04,1.776224171403111181e-04,2.999736714611511701e-03,2.870255229319919332e-03,2.744073194144301415e-03,2.615814736836251462e-03,2.489817518577961460e-03,2.361224772654130655e-03,2.230040558377998326e-03,2.096256791877481023e-03,1.966476411845131337e-03,1.833062293081025263e-03,1.709916193253894134e-03,1.575499229495081312e-03,1.435891210405187317e-03,1.295095522452381284e-03,1.151554849037337994e-03,1.005199173957559318e-03,8.549062778252367783e-04,7.004565893288718526e-04,5.399191821317927530e-04,3.706159104226342828e-04,1.859398039991185935e-04
cl,1.191389999999999949e+00,8.131599999999999939e-01,6.705100000000000504e-01,5.861199999999999743e-01,5.276899999999999924e-01,4.829600000000000004e-01,4.481700000000000128e-01,4.201400000000000134e-01,3.979800000000000004e-01,3.819000000000000172e-01,3.888400000000000190e-01,3.475900000000000101e-01,3.206700000000000106e-01,2.996199999999999974e-01,2.821299999999999919e-01,2.670100000000000251e-01,2.532699999999999951e-01,2.407199999999999895e-01,2.290399999999999936e-01,2.181899999999999951e-01,2.079400000000000137e-01,2.079600000000000060e-01,2.182499999999999996e-01,2.291400000000000103e-01,2.408700000000000008e-01,2.535100000000000131e-01,2.673300000000000121e-01,2.825400000000000134e-01,3.001099999999999879e-01,3.212400000000000255e-01,3.482299999999999840e-01,3.896000000000000019e-01,3.825399999999999912e-01,3.985199999999999854e-01,4.206099999999999839e-01,4.485799999999999788e-01,4.833200000000000274e-01,5.279899999999999594e-01,5.863199999999999523e-01,6.707499999999999574e-01,8.134799999999999809e-01,1.191789999999999905e+00,3.549300000000000233e-01,1.404400000000000093e-01,1.435500000000000109e-01,1.464000000000000024e-01,1.485100000000000031e-01,1.497400000000000120e-01,1.501500000000000057e-01,1.503599999999999937e-01,1.496899999999999897e-01,1.490799999999999903e-01,1.475799999999999890e-01,1.461999999999999966e-01,1.441199999999999981e-01,1.418800000000000061e-01,1.394499999999999906e-01,1.369900000000000007e-01,1.342200000000000060e-01,1.316799999999999915e-01,1.288400000000000101e-01,1.259399999999999964e-01,1.228199999999999986e-01,1.228299999999999947e-01,1.259699999999999986e-01,1.288900000000000046e-01,1.317399999999999960e-01,1.343100000000000127e-01,1.371199999999999919e-01,1.395899999999999919e-01,1.420399999999999996e-01,1.443500000000000061e-01,1.464900000000000091e-01,1.479199999999999959e-01,1.495299999999999963e-01,1.503200000000000092e-01,1.510900000000000021e-01,1.509800000000000031e-01,1.506200000000000039e-01,1.494099999999999873e-01,1.473200000000000065e-01,1.444900000000000073e-01,1.413800000000000057e-01,3.593799999999999772e-01,-3.332999999999999852e-02,-1.600000000000000077e-03,-5.900000000000000296e-04,-4.000000000000000327e-05,3.400000000000000244e-04,6.599999999999999964e-04,1.000000000000000021e-03,1.299999999999999940e-03,1.879999999999999944e-03,2.360000000000000119e-03,3.020000000000000115e-03,3.749999999999999861e-03,4.850000000000000144e-03,5.579999999999999891e-03,6.930000000000000396e-03,8.410000000000000808e-03,1.069999999999999944e-02,1.272000000000000040e-02,1.771000000000000005e-02,2.811999999999999916e-02,6.791999999999999427e-02,2.315000000000000044e-02,-5.999999999999999474e-04,2.000000000000000096e-04,-2.799999999999999755e-04,-9.399999999999999719e-04,-1.399999999999999986e-03,-1.750000000000000036e-03,-2.030000000000000120e-03,-2.589999999999999854e-03,-1.002699999999999980e-01,-1.096799999999999997e-01,-3.840000000000000097e-03,-5.230000000000000274e-03,-6.119999999999999572e-03,-7.910000000000000364e-03,-1.051000000000000024e-02,-1.464999999999999983e-02,-1.902999999999999831e-02,-2.732000000000000053e-02,-4.340999999999999720e-02,-1.078000000000000069e-01,-3.377000000000000141e-02,-1.619999999999999912e-03,-5.900000000000000296e-04,-3.000000000000000076e-05,3.499999999999999964e-04,6.700000000000000226e-04,1.010000000000000047e-03,1.319999999999999993e-03,1.899999999999999996e-03,2.380000000000000171e-03,3.050000000000000194e-03,3.769999999999999914e-03,4.890000000000000249e-03,5.629999999999999588e-03,7.000000000000000146e-03,8.489999999999999283e-03,1.078999999999999924e-02,1.284000000000000072e-02,1.788000000000000006e-02,2.835000000000000020e-02,6.843000000000000471e-02,2.341999999999999985e-02,-6.199999999999999999e-04,2.000000000000000096e-04,-2.900000000000000017e-04,-9.399999999999999719e-04,-1.399999999999999986e-03,-1.760000000000000063e-03,-2.030000000000000120e-03,-2.599999999999999881e-03,-1.018499999999999961e-01,-1.113999999999999990e-01,-3.850000000000000124e-03,-5.259999999999999919e-03,-6.150000000000000085e-03,-7.950000000000000469e-03,-1.056999999999999953e-02,-1.474999999999999922e-02,-1.915999999999999995e-02,-2.750999999999999973e-02,-4.370999999999999885e-02,-1.085099999999999953e-01
cl*c/cref,5.918993085265734921e-02,9.747574255891042205e-02,1.273210575067058592e-01,1.523331773926836497e-01,1.740929111601225154e-01,1.931498257762220283e-01,2.106145144359326815e-01,2.268577333462156453e-01,2.427564940879299860e-01,2.596865422644712429e-01,2.916299324305068330e-01,2.850286466082839198e-01,2.854052982239809189e-01,2.876478373522156073e-01,2.906097825556573921e-01,2.937298008156161155e-01,2.963473088212907891e-01,2.985165462751283028e-01,3.000682274911428138e-01,3.011298842400638165e-01,3.015423192441336608e-01,3.015713220641051961e-01,3.012126918529443587e-01,3.001992387675535556e-01,2.987025610721591451e-01,2.966281291084038041e-01,2.940818233475849253e-01,2.910321056366761971e-01,2.881182580194026066e-01,2.859126142185787200e-01,2.855534555321001533e-01,2.921999322984401570e-01,2.601217331182268389e-01,2.430858787474794169e-01,2.271115133592415680e-01,2.108071912124209191e-01,1.932938003026412888e-01,1.741918856969680851e-01,1.523851575938003633e-01,1.273666303599095273e-01,9.751410184566684791e-02,5.920980341524479523e-02,4.727385258020097569e-02,1.999775978735871332e-02,2.176148980271321032e-02,2.354064644563335501e-02,2.524645328627125179e-02,2.683349892643676488e-02,2.828858742155064207e-02,2.971170045604715551e-02,3.095668946323227796e-02,3.220230877611009873e-02,3.323626662737103055e-02,3.427074896414528116e-02,3.510930682360824395e-02,3.586913602661352674e-02,3.653795937489356244e-02,3.715392658620792626e-02,3.763778579754731984e-02,3.813718571427578141e-02,3.850019511116888754e-02,3.879245817134888835e-02,3.896156262707075463e-02,3.896473487610405823e-02,3.880169887124678557e-02,3.851513619899532559e-02,3.815456292526345217e-02,3.766302347242274362e-02,3.718918471056888164e-02,3.657464144239076786e-02,3.590958613772332608e-02,3.516533749644636109e-02,3.433872787795925335e-02,3.331283750861040172e-02,3.229951188148472846e-02,3.108697681951417408e-02,2.985595119648952467e-02,2.844496123147330011e-02,2.699119546079808279e-02,2.539945179113721127e-02,2.368857946974526132e-02,2.190398928313501761e-02,2.013160978878364427e-02,4.786655718105718021e-02,-1.791778220394295296e-02,-8.186111170965901414e-04,-2.865492362026792524e-04,-1.838885579498244024e-05,1.474804801945134021e-04,2.691551554320770743e-04,3.818562599962326302e-04,4.626712783430772676e-04,6.202979285685984376e-04,7.174174148708490793e-04,8.396661631913431229e-04,9.452995376970487005e-04,1.096704310309473858e-03,1.116944824618900647e-03,1.207303343998298445e-03,1.246862102209892950e-03,1.308654817271821640e-03,1.225558159045838855e-03,1.246671279733253031e-03,1.249606642815884400e-03,1.255370923222677354e-03,1.244514425506388841e-02,-3.069791689112212488e-04,9.713533430599297427e-05,-1.287219905648770478e-04,-4.077401511260075645e-04,-5.709351781892544296e-04,-6.682484549934070758e-04,-7.224789961818823495e-04,-8.545593803152499567e-04,-3.048112041911018449e-02,-3.049489562212798557e-02,-9.679867266017779838e-04,-1.182631658333721482e-03,-1.225036259259439531e-03,-1.378033109816239514e-03,-1.558206979099402379e-03,-1.791756361965625042e-03,-1.833519792975024654e-03,-1.923154114190427566e-03,-1.929069145257380396e-03,-1.992476229732106138e-03,-1.815432058287289388e-02,-8.288437560602974910e-04,-2.865492362026792524e-04,-1.379164184623682849e-05,1.518181413767049552e-04,2.732332638477146230e-04,3.856748225961949576e-04,4.697892980098938593e-04,6.268968427023069662e-04,7.234972234714495990e-04,8.480072177925817266e-04,9.503411352314329857e-04,1.105749294312026411e-03,1.126953290789320990e-03,1.219498327271008537e-03,1.258722859424731130e-03,1.319662194239528633e-03,1.237120028470799693e-03,1.258638197720528826e-03,1.259827465285573347e-03,1.264797294995992707e-03,1.259029280577089738e-02,-3.172118078749286527e-04,9.713533430599297427e-05,-1.333192045136226596e-04,-4.077401511260075645e-04,-5.709351781892544296e-04,-6.720670175933694031e-04,-7.224789961818823495e-04,-8.578588373821042752e-04,-3.096142529855761688e-02,-3.097311608593232568e-02,-9.705075253689701264e-04,-1.189415396335635625e-03,-1.231041338961691607e-03,-1.385001671686359598e-03,-1.567102547010531177e-03,-1.803986780818632668e-03,-1.846045151518732174e-03,-1.936528904882088608e-03,-1.942400652826539948e-03,-2.005599217887113137e-03
cli,1.192819999999999991e+00,8.141100000000000003e-01,6.713099999999999623e-01,5.868499999999999828e-01,5.283600000000000518e-01,4.835999999999999743e-01,4.487800000000000122e-01,4.207199999999999829e-01,3.985500000000000154e-01,3.824500000000000122e-01,3.894000000000000239e-01,3.481199999999999850e-01,3.211899999999999755e-01,3.001199999999999979e-01,2.826199999999999823e-01,2.674900000000000055e-01,2.537499999999999756e-01,2.411899999999999877e-01,2.295000000000000095e-01,2.186500000000000110e-01,2.083899999999999919e-01,2.084100000000000119e-01,2.187099999999999878e-01,2.295999999999999985e-01,2.413399999999999990e-01,2.539799999999999836e-01,2.678200000000000025e-01,2.830400000000000138e-01,3.006099999999999883e-01,3.217499999999999805e-01,3.487600000000000144e-01,3.901499999999999968e-01,3.830899999999999861e-01,3.990900000000000003e-01,4.212000000000000188e-01,4.491899999999999782e-01,4.839600000000000013e-01,5.286600000000000188e-01,5.870499999999999607e-01,6.715499999999999803e-01,8.144299999999999873e-01,1.193219999999999947e+00,3.555300000000000127e-01,1.410299999999999887e-01,1.441399999999999904e-01,1.469900000000000095e-01,1.490900000000000003e-01,1.503099999999999992e-01,1.507300000000000029e-01,1.509300000000000086e-01,1.502600000000000047e-01,1.496399999999999952e-01,1.481399999999999939e-01,1.467600000000000016e-01,1.446699999999999930e-01,1.424300000000000010e-01,1.400000000000000133e-01,1.375399999999999956e-01,1.347599999999999909e-01,1.322200000000000042e-01,1.293799999999999950e-01,1.264800000000000091e-01,1.233500000000000013e-01,1.233599999999999974e-01,1.265100000000000113e-01,1.294299999999999895e-01,1.322800000000000087e-01,1.348499999999999976e-01,1.376600000000000046e-01,1.401399999999999868e-01,1.425899999999999945e-01,1.449000000000000010e-01,1.470400000000000040e-01,1.484800000000000009e-01,1.500900000000000012e-01,1.508899999999999963e-01,1.516599999999999893e-01,1.515499999999999903e-01,1.512000000000000011e-01,1.499999999999999944e-01,1.479100000000000137e-01,1.450799999999999867e-01,1.419700000000000129e-01,3.599800000000000222e-01,-3.284999999999999726e-02,-1.110000000000000092e-03,-1.000000000000000048e-04,4.600000000000000139e-04,8.400000000000000348e-04,1.170000000000000033e-03,1.510000000000000057e-03,1.820000000000000003e-03,2.399999999999999790e-03,2.890000000000000208e-03,3.559999999999999797e-03,4.290000000000000410e-03,5.409999999999999878e-03,6.139999999999999625e-03,7.510000000000000182e-03,8.999999999999999320e-03,1.131000000000000061e-02,1.335000000000000075e-02,1.837000000000000091e-02,2.883000000000000146e-02,6.876000000000000167e-02,2.364000000000000129e-02,-1.100000000000000039e-04,6.899999999999999667e-04,2.200000000000000078e-04,-4.400000000000000157e-04,-8.899999999999999491e-04,-1.240000000000000000e-03,-1.510000000000000057e-03,-2.069999999999999792e-03,-9.973999999999999533e-02,-1.091499999999999970e-01,-3.289999999999999956e-03,-4.680000000000000132e-03,-5.550000000000000246e-03,-7.329999999999999710e-03,-9.919999999999999998e-03,-1.404000000000000040e-02,-1.839000000000000010e-02,-2.665000000000000008e-02,-4.268000000000000266e-02,-1.069200000000000012e-01,-3.327999999999999708e-02,-1.119999999999999902e-03,-1.000000000000000048e-04,4.699999999999999859e-04,8.499999999999999526e-04,1.180000000000000059e-03,1.529999999999999893e-03,1.840000000000000056e-03,2.419999999999999842e-03,2.909999999999999826e-03,3.579999999999999849e-03,4.320000000000000055e-03,5.440000000000000391e-03,6.190000000000000190e-03,7.570000000000000340e-03,9.069999999999999937e-03,1.140000000000000041e-02,1.346999999999999933e-02,1.854000000000000092e-02,2.905999999999999903e-02,6.926999999999999824e-02,2.390000000000000110e-02,-1.299999999999999886e-04,6.899999999999999667e-04,2.100000000000000087e-04,-4.400000000000000157e-04,-8.999999999999999754e-04,-1.250000000000000026e-03,-1.520000000000000084e-03,-2.079999999999999818e-03,-1.013199999999999934e-01,-1.108600000000000002e-01,-3.299999999999999982e-03,-4.700000000000000185e-03,-5.579999999999999891e-03,-7.369999999999999815e-03,-9.979999999999999288e-03,-1.413999999999999979e-02,-1.853000000000000133e-02,-2.683999999999999928e-02,-4.297999999999999737e-02,-1.076300000000000034e-01
cli*c/cref,5.926097526390748660e-02,9.758962169146855048e-02,1.274729670173848362e-01,1.525229051267597002e-01,1.743139542924109775e-01,1.934057804898562383e-01,2.109011798838786034e-01,2.271709086814391321e-01,2.431041778952321708e-01,2.600605344044174538e-01,2.920499323331945396e-01,2.854632539983192330e-01,2.858681128155437512e-01,2.881278584411819943e-01,2.911145101402895508e-01,2.942578346135693024e-01,2.969089493955167636e-01,2.990993926391583013e-01,3.006708793626322040e-01,3.017647426054813065e-01,3.021948826934933718e-01,3.022238855134649071e-01,3.018475502183617931e-01,3.008018906390429459e-01,2.992854074361891992e-01,2.971780688373333867e-01,2.946208578496621877e-01,2.915471337842600041e-01,2.885982791083689936e-01,2.863665285295345919e-01,2.859880629221355219e-01,2.926124322028655356e-01,2.604957252581730498e-01,2.434335625547816018e-01,2.274300882692103232e-01,2.110938566603668132e-01,1.935497550162754987e-01,1.744129288292565194e-01,1.525748853278764416e-01,1.275185398705885320e-01,9.762798097822497634e-02,5.928084782649493262e-02,4.735376780728271090e-02,2.008177202229563529e-02,2.185093096595668027e-02,2.363551653718338336e-02,2.534505232274042799e-02,2.693564327255716304e-02,2.839786068631587265e-02,2.982433459584462460e-02,3.107456849986827904e-02,3.232327264057630739e-02,3.336238337294175627e-02,3.440201859082053087e-02,3.524329321517765540e-02,3.600818328355345765e-02,3.668206749720401283e-02,3.730309557388888225e-02,3.778921184679984863e-02,3.829358061316482514e-02,3.866155885969442541e-02,3.895879076951094117e-02,3.912969182583599798e-02,3.913286407486930851e-02,3.896803146940883839e-02,3.867649994752086345e-02,3.831095782415249590e-02,3.781444952167527240e-02,3.733564153483746179e-02,3.671874956470120438e-02,3.604863339466325700e-02,3.529932388801577947e-02,3.446765340415815226e-02,3.343895425418112743e-02,3.242047574595093712e-02,3.120485585615016821e-02,2.996858533628698681e-02,2.855235047443223026e-02,2.709513181299077339e-02,2.549975081099378760e-02,2.378344956129528620e-02,2.199343044637848757e-02,2.021562202372056971e-02,4.794647240813892236e-02,-1.765974033601938262e-02,-5.679114624857594783e-04,-4.856766715299648714e-05,2.114718416422980323e-04,3.643635393040919250e-04,4.771386846295911895e-04,5.766029525943113269e-04,6.477397896803082722e-04,7.918696960450193143e-04,8.785323427867601422e-04,9.898051460136361463e-04,1.081422671125423967e-03,1.223334086345206993e-03,1.229039645727607582e-03,1.308347491115039113e-03,1.334335186669326342e-03,1.383260372275168680e-03,1.286257973526882875e-03,1.293131078977970529e-03,1.281157877396228587e-03,1.270896712025784778e-03,1.270856199523586784e-02,-5.627951430039057222e-05,3.351169033556757396e-04,1.011387068724034044e-04,-1.908570920164290958e-04,-3.629516489917402602e-04,-4.735017623953284333e-04,-5.374104848446513991e-04,-6.829876128388290800e-04,-3.032000549119427332e-02,-3.034753699083943615e-02,-8.293427944062107919e-04,-1.058263128298626322e-03,-1.110939744916648571e-03,-1.276988962699498846e-03,-1.470733894639968771e-03,-1.717150806962278219e-03,-1.771856489375234168e-03,-1.875990378593517336e-03,-1.896629143505759296e-03,-1.976211117652660037e-03,-1.789090284270091272e-02,-5.730277819676129905e-04,-4.856766715299648714e-05,2.160690555910436169e-04,3.687012004862834239e-04,4.812167930452287382e-04,5.842400777942358733e-04,6.548578093471248097e-04,7.984686101787277345e-04,8.846121513873604451e-04,9.953658490811285488e-04,1.088985067427000178e-03,1.230117824347121353e-03,1.239048111898027925e-03,1.318800333920219130e-03,1.344713349232310156e-03,1.394267749242875457e-03,1.297819842951843496e-03,1.305097996965246324e-03,1.291378699865917534e-03,1.280323083799099915e-03,1.284833467369446772e-02,-6.651215326409794899e-05,3.351169033556757396e-04,9.654149292365779263e-05,-1.908570920164290958e-04,-3.670297574073778089e-04,-4.773203249952908149e-04,-5.409694946780596678e-04,-6.862870699056833985e-04,-3.080031037064170571e-02,-3.082297710311003233e-02,-8.318635931734029345e-04,-1.062785620299902490e-03,-1.116944824618900647e-03,-1.283957524569618713e-03,-1.479629462551097568e-03,-1.729381225815285845e-03,-1.785345337037688371e-03,-1.889365169285178378e-03,-1.909960651074918414e-03,-1.989334105807667469e-03
clo,-1.430000000000000064e-03,-9.499999999999999981e-04,-8.000000000000000383e-04,-7.200000000000000453e-04,-6.700000000000000226e-04,-6.300000000000000261e-04,-6.099999999999999737e-04,-5.800000000000000034e-04,-5.699999999999999772e-04,-5.500000000000000331e-04,-5.500000000000000331e-04,-5.299999999999999807e-04,-5.100000000000000366e-04,-5.000000000000000104e-04,-4.899999999999999842e-04,-4.899999999999999842e-04,-4.800000000000000122e-04,-4.699999999999999859e-04,-4.699999999999999859e-04,-4.600000000000000139e-04,-4.600000000000000139e-04,-4.600000000000000139e-04,-4.600000000000000139e-04,-4.699999999999999859e-04,-4.699999999999999859e-04,-4.800000000000000122e-04,-4.899999999999999842e-04,-4.899999999999999842e-04,-5.000000000000000104e-04,-5.100000000000000366e-04,-5.299999999999999807e-04,-5.500000000000000331e-04,-5.500000000000000331e-04,-5.699999999999999772e-04,-5.800000000000000034e-04,-6.099999999999999737e-04,-6.300000000000000261e-04,-6.700000000000000226e-04,-7.200000000000000453e-04,-8.000000000000000383e-04,-9.499999999999999981e-04,-1.430000000000000064e-03,-5.999999999999999474e-04,-5.900000000000000296e-04,-5.900000000000000296e-04,-5.800000000000000034e-04,-5.800000000000000034e-04,-5.800000000000000034e-04,-5.699999999999999772e-04,-5.699999999999999772e-04,-5.699999999999999772e-04,-5.599999999999999509e-04,-5.599999999999999509e-04,-5.599999999999999509e-04,-5.500000000000000331e-04,-5.500000000000000331e-04,-5.500000000000000331e-04,-5.400000000000000069e-04,-5.400000000000000069e-04,-5.400000000000000069e-04,-5.400000000000000069e-04,-5.299999999999999807e-04,-5.299999999999999807e-04,-5.299999999999999807e-04,-5.299999999999999807e-04,-5.400000000000000069e-04,-5.400000000000000069e-04,-5.400000000000000069e-04,-5.400000000000000069e-04,-5.500000000000000331e-04,-5.500000000000000331e-04,-5.500000000000000331e-04,-5.599999999999999509e-04,-5.599999999999999509e-04,-5.599999999999999509e-04,-5.699999999999999772e-04,-5.699999999999999772e-04,-5.699999999999999772e-04,-5.800000000000000034e-04,-5.800000000000000034e-04,-5.800000000000000034e-04,-5.900000000000000296e-04,-5.900000000000000296e-04,-5.999999999999999474e-04,-4.899999999999999842e-04,-4.899999999999999842e-04,-5.000000000000000104e-04,-5.000000000000000104e-04,-5.000000000000000104e-04,-5.100000000000000366e-04,-5.100000000000000366e-04,-5.199999999999999544e-04,-5.199999999999999544e-04,-5.299999999999999807e-04,-5.400000000000000069e-04,-5.400000000000000069e-04,-5.500000000000000331e-04,-5.599999999999999509e-04,-5.699999999999999772e-04,-5.900000000000000296e-04,-5.999999999999999474e-04,-6.300000000000000261e-04,-6.599999999999999964e-04,-7.100000000000000191e-04,-8.400000000000000348e-04,-4.899999999999999842e-04,-4.899999999999999842e-04,-4.899999999999999842e-04,-5.000000000000000104e-04,-5.000000000000000104e-04,-5.100000000000000366e-04,-5.100000000000000366e-04,-5.199999999999999544e-04,-5.199999999999999544e-04,-5.299999999999999807e-04,-5.400000000000000069e-04,-5.500000000000000331e-04,-5.599999999999999509e-04,-5.699999999999999772e-04,-5.800000000000000034e-04,-5.900000000000000296e-04,-6.099999999999999737e-04,-6.400000000000000524e-04,-6.700000000000000226e-04,-7.299999999999999632e-04,-8.800000000000000313e-04,-4.899999999999999842e-04,-4.899999999999999842e-04,-5.000000000000000104e-04,-5.000000000000000104e-04,-5.000000000000000104e-04,-5.100000000000000366e-04,-5.100000000000000366e-04,-5.199999999999999544e-04,-5.199999999999999544e-04,-5.299999999999999807e-04,-5.400000000000000069e-04,-5.400000000000000069e-04,-5.500000000000000331e-04,-5.599999999999999509e-04,-5.699999999999999772e-04,-5.900000000000000296e-04,-5.999999999999999474e-04,-6.300000000000000261e-04,-6.599999999999999964e-04,-7.100000000000000191e-04,-8.400000000000000348e-04,-4.899999999999999842e-04,-4.899999999999999842e-04,-4.899999999999999842e-04,-5.000000000000000104e-04,-5.000000000000000104e-04,-5.100000000000000366e-04,-5.100000000000000366e-04,-5.199999999999999544e-04,-5.199999999999999544e-04,-5.299999999999999807e-04,-5.400000000000000069e-04,-5.500000000000000331e-04,-5.599999999999999509e-04,-5.699999999999999772e-04,-5.800000000000000034e-04,-5.900000000000000296e-04,-6.099999999999999737e-04,-6.400000000000000524e-04,-6.700000000000000226e-04,-7.299999999999999632e-04,-8.800000000000000313e-04
clo*c/cref,-7.104441125013640900e-05,-1.138791325581249705e-04,-1.519095106789827019e-04,-1.871287240202215176e-04,-2.210431322884308923e-04,-2.519554212336837262e-04,-2.866654479459110165e-04,-3.131753352235090086e-04,-3.476838073021762247e-04,-3.739921399462141425e-04,-4.124999044254159977e-04,-4.346073900353590396e-04,-4.539143109559056963e-04,-4.800210889663834315e-04,-5.047275846321629469e-04,-5.390345020772700346e-04,-5.616405742260022205e-04,-5.828463640300360783e-04,-6.157529991304449462e-04,-6.348583654174314202e-04,-6.670648593454914493e-04,-6.670648593454914493e-04,-6.348583654174314202e-04,-6.157529991304449462e-04,-5.828463640300360783e-04,-5.616405742260022205e-04,-5.390345020772700346e-04,-5.047275846321629469e-04,-4.800210889663834315e-04,-4.539143109559056963e-04,-4.346073900353590396e-04,-4.124999044254159977e-04,-3.739921399462141425e-04,-3.476838073021762247e-04,-3.131753352235090086e-04,-2.866654479459110165e-04,-2.519554212336837262e-04,-2.210431322884308923e-04,-1.871287240202215176e-04,-1.519095106789827019e-04,-1.138791325581249705e-04,-7.104441125013640900e-05,-7.991522708173606109e-05,-8.401223493692425246e-05,-8.944116324347470000e-05,-9.326212389663487035e-05,-9.859903646917598206e-05,-1.039363521926894705e-04,-1.073892429589335008e-04,-1.126341397974652767e-04,-1.178790366359970526e-04,-1.209638644662037533e-04,-1.261167455707262340e-04,-1.312696266752486605e-04,-1.339863915694180856e-04,-1.390472569399312170e-04,-1.441081223104443212e-04,-1.464568242685764031e-04,-1.514260492525372666e-04,-1.563948988890410214e-04,-1.613637485255448305e-04,-1.632523648627514094e-04,-1.681291987652458692e-04,-1.681291987652458692e-04,-1.632523648627514094e-04,-1.613637485255448305e-04,-1.563948988890410214e-04,-1.514260492525372666e-04,-1.464568242685764031e-04,-1.441081223104443212e-04,-1.390472569399312170e-04,-1.339863915694180856e-04,-1.312696266752486605e-04,-1.261167455707262340e-04,-1.209638644662037533e-04,-1.178790366359970526e-04,-1.126341397974652767e-04,-1.073892429589335008e-04,-1.039363521926894705e-04,-9.859903646917598206e-05,-9.326212389663487035e-05,-8.944116324347470000e-05,-8.401223493692425246e-05,-7.991522708173606109e-05,-2.634177401719786150e-04,-2.506996546108307172e-04,-2.428383357649824357e-04,-2.298606974372804793e-04,-2.168830591095784958e-04,-2.079835291975141152e-04,-1.947466925980786425e-04,-1.850685113372308962e-04,-1.715717674764208496e-04,-1.611149279159110087e-04,-1.501389828222931318e-04,-1.361231334283750222e-04,-1.243685300350949965e-04,-1.120948211087068806e-04,-9.930200664921067454e-05,-8.747308445943363588e-05,-7.338251311804606881e-05,-6.069981448104391168e-05,-4.645979924471750432e-05,-3.155123458034416649e-05,-1.552578880310731972e-05,-2.634177401719786150e-04,-2.506996546108307172e-04,-2.379815690496827653e-04,-2.298606974372804793e-04,-2.168830591095784958e-04,-2.079835291975141152e-04,-1.947466925980786425e-04,-1.850685113372308962e-04,-1.715717674764208496e-04,-1.611149279159110087e-04,-1.501389828222931318e-04,-1.386439321955671648e-04,-1.266297760357330533e-04,-1.140965143427909330e-04,-1.010441471167406954e-04,-8.747308445943363588e-05,-7.460555500334683685e-05,-6.166330359979064818e-05,-4.716373559691019573e-05,-3.244000175162146591e-05,-1.626511207944576190e-05,-2.634177401719786150e-04,-2.506996546108307172e-04,-2.428383357649824357e-04,-2.298606974372804793e-04,-2.168830591095784958e-04,-2.079835291975141152e-04,-1.947466925980786425e-04,-1.850685113372308962e-04,-1.715717674764208496e-04,-1.611149279159110087e-04,-1.501389828222931318e-04,-1.361231334283750222e-04,-1.243685300350949965e-04,-1.120948211087068806e-04,-9.930200664921067454e-05,-8.747308445943363588e-05,-7.338251311804606881e-05,-6.069981448104391168e-05,-4.645979924471750432e-05,-3.155123458034416649e-05,-1.552578880310731972e-05,-2.634177401719786150e-04,-2.506996546108307172e-04,-2.379815690496827653e-04,-2.298606974372804793e-04,-2.168830591095784958e-04,-2.079835291975141152e-04,-1.947466925980786425e-04,-1.850685113372308962e-04,-1.715717674764208496e-04,-1.611149279159110087e-04,-1.501389828222931318e-04,-1.386439321955671648e-04,-1.266297760357330533e-04,-1.140965143427909330e-04,-1.010441471167406954e-04,-8.747308445943363588e-05,-7.460555500334683685e-05,-6.166330359979064818e-05,-4.716373559691019573e-05,-3.244000175162146591e-05,-1.626511207944576190e-05
cmx,2.482322999999999880e+01,6.828159999999999563e+00,3.393879999999999786e+00,2.058570000000000011e+00,1.380830000000000002e+00,9.814100000000000046e-01,7.261300000000000532e-01,5.524299999999999766e-01,4.297000000000000264e-01,3.417499999999999982e-01,2.883100000000000107e-01,2.123400000000000010e-01,1.617000000000000104e-01,1.235200000000000048e-01,9.396000000000000185e-02,7.040000000000000424e-02,5.136999999999999900e-02,3.579000000000000237e-02,2.299999999999999961e-02,1.242000000000000048e-02,3.710000000000000190e-03,-3.710000000000000190e-03,-1.243000000000000008e-02,-2.300999999999999920e-02,-3.581000000000000155e-02,-5.142000000000000043e-02,-7.048999999999999710e-02,-9.410000000000000309e-02,-1.237300000000000066e-01,-1.619899999999999951e-01,-2.127400000000000124e-01,-2.888999999999999901e-01,-3.423700000000000077e-01,-4.303299999999999903e-01,-5.530599999999999961e-01,-7.267799999999999816e-01,-9.821199999999999930e-01,-1.381610000000000005e+00,-2.059320000000000039e+00,-3.395160000000000178e+00,-6.830700000000000216e+00,-2.483072999999999908e+01,1.492439999999999989e+00,5.190500000000000114e-01,4.727899999999999880e-01,4.299100000000000144e-01,3.889199999999999879e-01,3.493899999999999784e-01,3.117099999999999871e-01,2.770500000000000185e-01,2.441500000000000059e-01,2.141500000000000070e-01,1.856399999999999995e-01,1.598700000000000121e-01,1.357299999999999895e-01,1.136199999999999988e-01,9.339000000000000079e-02,7.499000000000000110e-02,5.816000000000000336e-02,4.297000000000000125e-02,2.910000000000000087e-02,1.655999999999999833e-02,5.230000000000000274e-03,-5.230000000000000274e-03,-1.657000000000000139e-02,-2.912000000000000005e-02,-4.299000000000000044e-02,-5.820000000000000173e-02,-7.506000000000000172e-02,-9.347999999999999365e-02,-1.137399999999999939e-01,-1.359400000000000053e-01,-1.601700000000000068e-01,-1.860600000000000032e-01,-2.147900000000000087e-01,-2.451599999999999890e-01,-2.783999999999999808e-01,-3.134100000000000219e-01,-3.514499999999999846e-01,-3.912800000000000167e-01,-4.325800000000000201e-01,-4.758600000000000052e-01,-5.225199999999999845e-01,-1.511200000000000099e+00,-4.243000000000000244e-02,2.660000000000000038e-03,8.970000000000000542e-03,1.430999999999999980e-02,1.980000000000000163e-02,2.577000000000000124e-02,3.271000000000000296e-02,4.078999999999999987e-02,5.151000000000000023e-02,6.431000000000000605e-02,8.021000000000000352e-02,1.007300000000000001e-01,1.290699999999999903e-01,1.648199999999999943e-01,2.164899999999999880e-01,2.914399999999999769e-01,4.121400000000000063e-01,6.048599999999999532e-01,1.014669999999999961e+00,2.124319999999999986e+00,8.669890000000000541e+00,2.310999999999999860e-02,-5.089999999999999906e-03,-3.629999999999999980e-03,-3.599999999999999901e-03,-4.449999999999999963e-03,-5.199999999999999761e-03,-5.760000000000000363e-03,-6.040000000000000230e-03,-6.579999999999999911e-03,-1.869899999999999896e-01,-2.202600000000000113e-01,6.700000000000000226e-04,5.309999999999999616e-03,1.387999999999999998e-02,2.366000000000000048e-02,3.670999999999999958e-02,5.303000000000000075e-02,8.910999999999999477e-02,1.406300000000000050e-01,2.352799999999999891e-01,-1.575000000000000011e-01,4.299000000000000044e-02,-2.670000000000000064e-03,-9.039999999999999425e-03,-1.440999999999999920e-02,-1.992000000000000021e-02,-2.591999999999999860e-02,-3.289000000000000257e-02,-4.100000000000000172e-02,-5.174999999999999739e-02,-6.460000000000000464e-02,-8.056000000000000660e-02,-1.011599999999999999e-01,-1.296100000000000030e-01,-1.654599999999999960e-01,-2.172699999999999909e-01,-2.924999999999999822e-01,-4.135599999999999832e-01,-6.068500000000000005e-01,-1.017819999999999947e+00,-2.130279999999999951e+00,-8.692149999999999821e+00,-2.338000000000000148e-02,5.179999999999999709e-03,3.660000000000000059e-03,3.619999999999999954e-03,4.460000000000000422e-03,5.210000000000000221e-03,5.769999999999999955e-03,6.060000000000000282e-03,6.599999999999999964e-03,1.899200000000000055e-01,2.237399999999999944e-01,-6.800000000000000488e-04,-5.320000000000000076e-03,-1.389999999999999916e-02,-2.372000000000000150e-02,-3.679000000000000326e-02,-5.306000000000000300e-02,-8.909999999999999865e-02,-1.404799999999999938e-01,-2.344199999999999895e-01,1.677099999999999980e-01
cmx*c/cref,1.233252979494212198e+00,8.185104608085121969e-01,6.444533126289822000e-01,5.350244130643158069e-01,4.555566990415433337e-01,3.924945554808722536e-01,3.412399700278104797e-01,2.982887076509018187e-01,2.621047929785002562e-01,2.323851160483975942e-01,2.162324498998030586e-01,1.741217607549210289e-01,1.439175374148430331e-01,1.185844098182553541e-01,9.678408949395517213e-02,7.744495703314248358e-02,6.010724228747861553e-02,4.438313057156381691e-02,3.013259357446858647e-02,1.714117586627065051e-02,5.380023104721245834e-03,-5.380023104721245834e-03,-1.715497713508407074e-02,-3.014569470210965926e-02,-4.440793254450126765e-02,-6.016574651396049134e-02,-7.754396337025870611e-02,-9.692829737527863809e-02,-1.187860186756212466e-01,-1.441756455524454139e-01,-1.744497663323062164e-01,-2.166749497972775829e-01,-2.328067071879733330e-01,-2.624890750813078655e-01,-2.986288808598515088e-01,-3.415454332100478774e-01,-3.927785052413101941e-01,-4.558140328373417871e-01,-5.352193388185035872e-01,-6.446963678460686520e-01,-8.188149376471414165e-01,-1.233625590042726872e+00,1.987811358431103015e-01,7.390940770171276764e-02,7.167269079641085117e-02,6.912813738690051779e-02,6.611575390274469777e-02,6.261090015966168376e-02,5.872684372408625009e-02,5.474612005418905136e-02,5.049152069241873847e-02,4.625787781328132009e-02,4.180770115669574932e-02,3.747513431530715561e-02,3.306540532312202824e-02,2.872463515184542696e-02,2.446955916831344488e-02,2.033851342944545393e-02,1.630914634171771668e-02,1.244497926900387658e-02,8.695713114987693726e-03,5.100866343636156763e-03,1.659086244419313285e-03,-1.659086244419313285e-03,-5.103946576935454969e-03,-8.701689550118268945e-03,-1.245077167266643407e-02,-1.632036308610679276e-02,-2.035749857333211954e-02,-2.449314049741878677e-02,-2.875497273517777300e-02,-3.311656376353944164e-02,-3.754545732959747167e-02,-4.190228871587379361e-02,-4.639612222981412404e-02,-5.070039407312462720e-02,-5.501288512213040743e-02,-5.904712743115675400e-02,-6.298005341055296080e-02,-6.651694998217100308e-02,-6.955746475035572141e-02,-7.213808803566079675e-02,-7.440351355803670463e-02,-2.012798186098659348e-01,-2.280982594999398858e-02,1.360940982173081083e-03,4.356519743623784614e-03,6.578613160654966409e-03,8.588569140739309854e-03,1.050928538709791811e-02,1.249051826447677115e-02,1.451720111047240247e-02,1.699550335136622639e-02,1.954962455523064080e-02,2.230119965217802411e-02,2.539200598192632718e-02,2.918590213023583221e-02,3.299190788417333958e-02,3.771559898155722734e-02,4.320873853365649747e-02,5.040644826078585078e-02,5.827760283651462619e-02,7.142630984793561788e-02,9.440129386438973758e-02,1.602462870073477486e-01,1.242364076607025726e-02,-2.604206616263527157e-03,-1.763006317653772331e-03,-1.654997021548419364e-03,-1.930259226075248724e-03,-2.120616376131516205e-03,-2.199492057578300141e-03,-2.149641939378605596e-03,-2.171042749990094532e-03,-5.684317051131358711e-02,-6.124002288229312557e-02,1.688935174018727132e-04,1.200721626338825936e-03,2.778350208908663549e-03,4.121904346176008885e-03,5.442604966958997439e-03,6.485791117749972398e-03,8.585651537152098542e-03,9.899456920885792155e-03,1.045545700290616102e-02,-2.911085400582622083e-03,2.311087479590481775e-02,-1.366057301654934920e-03,-4.390517110630882090e-03,-6.624585300142422743e-03,-8.640621074925606757e-03,-1.057045701333248107e-02,-1.255925239127609130e-02,-1.459194031697397774e-02,-1.707469032097072917e-02,-1.963778177993934573e-02,-2.239851195585914126e-02,-2.550040032891558867e-02,-2.930800941427029113e-02,-3.312001625115471720e-02,-3.785148593802457190e-02,-4.336589356675310536e-02,-5.058012020849855794e-02,-5.846933717114523310e-02,-7.164804979887631764e-02,-9.466614648143037436e-02,-1.606577204106300893e-01,-1.256878931677726623e-02,2.650253491600210610e-03,1.777576617799671342e-03,1.664191449445910588e-03,1.934596887257440494e-03,2.124694484547154025e-03,2.203310620178262035e-03,2.156759959045421917e-03,2.177641664123802952e-03,5.773386247130155025e-02,6.220758521603678842e-02,-1.714143161690648558e-04,-1.202982872339464129e-03,-2.782353595376831600e-03,-4.132357188981188902e-03,-5.454465724173835836e-03,-6.489460243405875163e-03,-8.584688048033353377e-03,-9.888897875602901608e-03,-1.041724001454123749e-02,3.099797666868009654e-03
cmxi,2.482322999999999880e+01,6.828159999999999563e+00,3.393879999999999786e+00,2.058570000000000011e+00,1.380830000000000002e+00,9.814100000000000046e-01,7.261300000000000532e-01,5.524299999999999766e-01,4.297000000000000264e-01,3.417499999999999982e-01,2.883100000000000107e-01,2.123400000000000010e-01,1.617000000000000104e-01,1.235200000000000048e-01,9.396000000000000185e-02,7.040000000000000424e-02,5.136999999999999900e-02,3.579000000000000237e-02,2.299999999999999961e-02,1.242000000000000048e-02,3.710000000000000190e-03,-3.710000000000000190e-03,-1.243000000000000008e-02,-2.300999999999999920e-02,-3.581000000000000155e-02,-5.142000000000000043e-02,-7.048999999999999710e-02,-9.410000000000000309e-02,-1.237300000000000066e-01,-1.619899999999999951e-01,-2.127400000000000124e-01,-2.888999999999999901e-01,-3.423700000000000077e-01,-4.303299999999999903e-01,-5.530599999999999961e-01,-7.267799999999999816e-01,-9.821199999999999930e-01,-1.381610000000000005e+00,-2.059320000000000039e+00,-3.395160000000000178e+00,-6.830700000000000216e+00,-2.483072999999999908e+01,1.492439999999999989e+00,5.190500000000000114e-01,4.727899999999999880e-01,4.299100000000000144e-01,3.889199999999999879e-01,3.493899999999999784e-01,3.117099999999999871e-01,2.770500000000000185e-01,2.441500000000000059e-01,2.141500000000000070e-01,1.856399999999999995e-01,1.598700000000000121e-01,1.357299999999999895e-01,1.136199999999999988e-01,9.339000000000000079e-02,7.499000000000000110e-02,5.816000000000000336e-02,4.297000000000000125e-02,2.910000000000000087e-02,1.655999999999999833e-02,5.230000000000000274e-03,-5.230000000000000274e-03,-1.657000000000000139e-02,-2.912000000000000005e-02,-4.299000000000000044e-02,-5.820000000000000173e-02,-7.506000000000000172e-02,-9.347999999999999365e-02,-1.137399999999999939e-01,-1.359400000000000053e-01,-1.601700000000000068e-01,-1.860600000000000032e-01,-2.147900000000000087e-01,-2.451599999999999890e-01,-2.783999999999999808e-01,-3.134100000000000219e-01,-3.514499999999999846e-01,-3.912800000000000167e-01,-4.325800000000000201e-01,-4.758600000000000052e-01,-5.225199999999999845e-01,-1.511200000000000099e+00,-4.243000000000000244e-02,2.660000000000000038e-03,8.970000000000000542e-03,1.430999999999999980e-02,1.980000000000000163e-02,2.577000000000000124e-02,3.271000000000000296e-02,4.078999999999999987e-02,5.151000000000000023e-02,6.431000000000000605e-02,8.021000000000000352e-02,1.007300000000000001e-01,1.290699999999999903e-01,1.648199999999999943e-01,2.164899999999999880e-01,2.914399999999999769e-01,4.121400000000000063e-01,6.048599999999999532e-01,1.014669999999999961e+00,2.124319999999999986e+00,8.669890000000000541e+00,2.310999999999999860e-02,-5.089999999999999906e-03,-3.629999999999999980e-03,-3.599999999999999901e-03,-4.449999999999999963e-03,-5.199999999999999761e-03,-5.760000000000000363e-03,-6.040000000000000230e-03,-6.579999999999999911e-03,-1.869899999999999896e-01,-2.202600000000000113e-01,6.700000000000000226e-04,5.309999999999999616e-03,1.387999999999999998e-02,2.366000000000000048e-02,3.670999999999999958e-02,5.303000000000000075e-02,8.910999999999999477e-02,1.406300000000000050e-01,2.352799999999999891e-01,-1.575000000000000011e-01,4.299000000000000044e-02,-2.670000000000000064e-03,-9.039999999999999425e-03,-1.440999999999999920e-02,-1.992000000000000021e-02,-2.591999999999999860e-02,-3.289000000000000257e-02,-4.100000000000000172e-02,-5.174999999999999739e-02,-6.460000000000000464e-02,-8.056000000000000660e-02,-1.011599999999999999e-01,-1.296100000000000030e-01,-1.654599999999999960e-01,-2.172699999999999909e-01,-2.924999999999999822e-01,-4.135599999999999832e-01,-6.068500000000000005e-01,-1.017819999999999947e+00,-2.130279999999999951e+00,-8.692149999999999821e+00,-2.338000000000000148e-02,5.179999999999999709e-03,3.660000000000000059e-03,3.619999999999999954e-03,4.460000000000000422e-03,5.210000000000000221e-03,5.769999999999999955e-03,6.060000000000000282e-03,6.599999999999999964e-03,1.899200000000000055e-01,2.237399999999999944e-01,-6.800000000000000488e-04,-5.320000000000000076e-03,-1.389999999999999916e-02,-2.372000000000000150e-02,-3.679000000000000326e-02,-5.306000000000000300e-02,-8.909999999999999865e-02,-1.404799999999999938e-01,-2.344199999999999895e-01,1.677099999999999980e-01
cmxi*c/cref,1.233252979494212198e+00,8.185104608085121969e-01,6.444533126289822000e-01,5.350244130643158069e-01,4.555566990415433337e-01,3.924945554808722536e-01,3.412399700278104797e-01,2.982887076509018187e-01,2.621047929785002562e-01,2.323851160483975942e-01,2.162324498998030586e-01,1.741217607549210289e-01,1.439175374148430331e-01,1.185844098182553541e-01,9.678408949395517213e-02,7.744495703314248358e-02,6.010724228747861553e-02,4.438313057156381691e-02,3.013259357446858647e-02,1.714117586627065051e-02,5.380023104721245834e-03,-5.380023104721245834e-03,-1.715497713508407074e-02,-3.014569470210965926e-02,-4.440793254450126765e-02,-6.016574651396049134e-02,-7.754396337025870611e-02,-9.692829737527863809e-02,-1.187860186756212466e-01,-1.441756455524454139e-01,-1.744497663323062164e-01,-2.166749497972775829e-01,-2.328067071879733330e-01,-2.624890750813078655e-01,-2.986288808598515088e-01,-3.415454332100478774e-01,-3.927785052413101941e-01,-4.558140328373417871e-01,-5.352193388185035872e-01,-6.446963678460686520e-01,-8.188149376471414165e-01,-1.233625590042726872e+00,1.987811358431103015e-01,7.390940770171276764e-02,7.167269079641085117e-02,6.912813738690051779e-02,6.611575390274469777e-02,6.261090015966168376e-02,5.872684372408625009e-02,5.474612005418905136e-02,5.049152069241873847e-02,4.625787781328132009e-02,4.180770115669574932e-02,3.747513431530715561e-02,3.306540532312202824e-02,2.872463515184542696e-02,2.446955916831344488e-02,2.033851342944545393e-02,1.630914634171771668e-02,1.244497926900387658e-02,8.695713114987693726e-03,5.100866343636156763e-03,1.659086244419313285e-03,-1.659086244419313285e-03,-5.103946576935454969e-03,-8.701689550118268945e-03,-1.245077167266643407e-02,-1.632036308610679276e-02,-2.035749857333211954e-02,-2.449314049741878677e-02,-2.875497273517777300e-02,-3.311656376353944164e-02,-3.754545732959747167e-02,-4.190228871587379361e-02,-4.639612222981412404e-02,-5.070039407312462720e-02,-5.501288512213040743e-02,-5.904712743115675400e-02,-6.298005341055296080e-02,-6.651694998217100308e-02,-6.955746475035572141e-02,-7.213808803566079675e-02,-7.440351355803670463e-02,-2.012798186098659348e-01,-2.280982594999398858e-02,1.360940982173081083e-03,4.356519743623784614e-03,6.578613160654966409e-03,8.588569140739309854e-03,1.050928538709791811e-02,1.249051826447677115e-02,1.451720111047240247e-02,1.699550335136622639e-02,1.954962455523064080e-02,2.230119965217802411e-02,2.539200598192632718e-02,2.918590213023583221e-02,3.299190788417333958e-02,3.771559898155722734e-02,4.320873853365649747e-02,5.040644826078585078e-02,5.827760283651462619e-02,7.142630984793561788e-02,9.440129386438973758e-02,1.602462870073477486e-01,1.242364076607025726e-02,-2.604206616263527157e-03,-1.763006317653772331e-03,-1.654997021548419364e-03,-1.930259226075248724e-03,-2.120616376131516205e-03,-2.199492057578300141e-03,-2.149641939378605596e-03,-2.171042749990094532e-03,-5.684317051131358711e-02,-6.124002288229312557e-02,1.688935174018727132e-04,1.200721626338825936e-03,2.778350208908663549e-03,4.121904346176008885e-03,5.442604966958997439e-03,6.485791117749972398e-03,8.585651537152098542e-03,9.899456920885792155e-03,1.045545700290616102e-02,-2.911085400582622083e-03,2.311087479590481775e-02,-1.366057301654934920e-03,-4.390517110630882090e-03,-6.624585300142422743e-03,-8.640621074925606757e-03,-1.057045701333248107e-02,-1.255925239127609130e-02,-1.459194031697397774e-02,-1.707469032097072917e-02,-1.963778177993934573e-02,-2.239851195585914126e-02,-2.550040032891558867e-02,-2.930800941427029113e-02,-3.312001625115471720e-02,-3.785148593802457190e-02,-4.336589356675310536e-02,-5.058012020849855794e-02,-5.846933717114523310e-02,-7.164804979887631764e-02,-9.466614648143037436e-02,-1.606577204106300893e-01,-1.256878931677726623e-02,2.650253491600210610e-03,1.777576617799671342e-03,1.664191449445910588e-03,1.934596887257440494e-03,2.124694484547154025e-03,2.203310620178262035e-03,2.156759959045421917e-03,2.177641664123802952e-03,5.773386247130155025e-02,6.220758521603678842e-02,-1.714143161690648558e-04,-1.202982872339464129e-03,-2.782353595376831600e-03,-4.132357188981188902e-03,-5.454465724173835836e-03,-6.489460243405875163e-03,-8.584688048033353377e-03,-9.888897875602901608e-03,-1.041724001454123749e-02,3.099797666868009654e-03
cmxo,0.000000000000000000e+00,0.000000000000000000e+00,0.000000000000000000e+00,0.000000000000000000e+00,0.000000000000000000e+00,0.000000000000000000e+00,0.000000000000000000e+00,0.000000000000000000e+00,0.000000000000000000e+00,0.000000000000000000e+00,0.000000000000000000e+00,0.000000000000000000e+00,0.000000000000000000e+00,0.000000000000000000e+00,0.000000000000000000e+00,0.000000000000000000e+00,0.000000000000000000e+00,0.000000000000000000e+00,0.000000000000000000e+00,0.000000000000000000e+00,0.000000000000000000e+00,-0.000000000000000000e+00,-0.000000000000000000e+00,-0.000000000000000000e+00,-0.000000000000000000e+00,-0.000000000000000000e+00,-0.000000000000000000e+00,-0.000000000000000000e+00,-0.000000000000000000e+00,-0.000000000000000000e+00,-0.000000000000000000e+00,-0.000000000000000000e+00,-0.000000000000000000e+00,-0.000000000000000000e+00,-0.000000000000000000e+00,-0.000000000000000000e+00,-0.000000000000000000e+00,-0.000000000000000000e+00,-0.000000000000000000e+00,-0.000000000000000000e+00,-0.000000000000000000e+00,-0.000000000000000000e+00,0.000000000000000000e+00,0.000000000000000000e+00,0.000000000000000000e+00,0.000000000000000000e+00,0.000000000000000000e+00,0.000000000000000000e+00,0.000000000000000000e+00,0.000000000000000000e+00,0.000000000000000000e+00,0.000000000000000000e+00,0.000000000000000000e+00,0.000000000000000000e+00,0.000000000000000000e+00,0.000000000000000000e+00,0.000000000000000000e+00,0.000000000000000000e+00,0.000000000000000000e+00,0.000000000000000000e+00,0.000000000000000000e+00,0.000000000000000000e+00,0.000000000000000000e+00,-0.000000000000000000e+00,-0.000000000000000000e+00,-0.000000000000000000e+00,-0.000000000000000000e+00,-0.000000000000000000e+00,-0.000000000000000000e+00,-0.000000000000000000e+00,-0.000000000000000000e+00,-0.000000000000000000e+00,-0.000000000000000000e+00,-0.000000000000000000e+00,-0.000000000000000000e+00,-0.000000000000000000e+00,-0.000000000000000000e+00,-0.000000000000000000e+00,-0.000000000000000000e+00,-0.000000000000000000e+00,-0.000000000000000000e+00,-0.000000000000000000e+00,-0.000000000000000000e+00,-0.000000000000000000e+00,0.000000000000000000e+00,0.000000000000000000e+00,0.000000000000000000e+00,0.000000000000000000e+00,0.000000000000000000e+00,0.000000000000000000e+00,0.000000000000000000e+00,0.000000000000000000e+00,0.000000000000000000e+00,0.000000000000000000e+00,0.000000000000000000e+00,0.000000000000000000e+00,0.000000000000000000e+00,0.000000000000000000e+00,0.000000000000000000e+00,0.000000000000000000e+00,0.000000000000000000e+00,0.000000000000000000e+00,0.000000000000000000e+00,0.000000000000000000e+00,0.000000000000000000e+00,0.000000000000000000e+00,0.000000000000000000e+00,0.000000000000000000e+00,0.000000000000000000e+00,0.000000000000000000e+00,0.000000000000000000e+00,0.000000000000000000e+00,0.000000000000000000e+00,0.000000000000000000e+00,0.000000000000000000e+00,0.000000000000000000e+00,0.000000000000000000e+00,0.000000000000000000e+00,0.000000000000000000e+00,0.000000000000000000e+00,0.000000000000000000e+00,0.000000000000000000e+00,0.000000000000000000e+00,0.000000000000000000e+00,0.000000000000000000e+00,0.000000000000000000e+00,-0.000000000000000000e+00,-0.000000000000000000e+00,-0.000000000000000000e+00,-0.000000000000000000e+00,-0.000000000000000000e+00,-0.000000000000000000e+00,-0.000000000000000000e+00,-0.000000000000000000e+00,-0.000000000000000000e+00,-0.000000000000000000e+00,-0.000000000000000000e+00,-0.000000000000000000e+00,-0.000000000000000000e+00,-0.000000000000000000e+00,-0.000000000000000000e+00,-0.000000000000000000e+00,-0.000000000000000000e+00,-0.000000000000000000e+00,-0.000000000000000000e+00,-0.000000000000000000e+00,-0.000000000000000000e+00,-0.000000000000000000e+00,-0.000000000000000000e+00,-0.000000000000000000e+00,-0.000000000000000000e+00,-0.000000000000000000e+00,-0.000000000000000000e+00,-0.000000000000000000e+00,-0.000000000000000000e+00,-0.000000000000000000e+00,-0.000000000000000000e+00,0.000000000000000000e+00,0.000000000000000000e+00,0.000000000000000000e+00,0.000000000000000000e+00,0.000000000000000000e+00,0.000000000000000000e+00,0.000000000000000000e+00,0.000000000000000000e+00,0.000000000000000000e+00,0.000000000000000000e+00,0.000000000000000000e+00
cmxo*c/cref,0.000000000000000000e+00,0.000000000000000000e+00,0.000000000000000000e+00,0.000000000000000000e+00,0.000000000000000000e+00,0.000000000000000000e+00,0.000000000000000000e+00,0.000000000000000000e+00,0.000000000000000000e+00,0.000000000000000000e+00,0.000000000000000000e+00,0.000000000000000000e+00,0.000000000000000000e+00,0.000000000000000000e+00,0.000000000000000000e+00,0.000000000000000000e+00,0.000000000000000000e+00,0.000000000000000000e+00,0.000000000000000000e+00,0.000000000000000000e+00,0.000000000000000000e+00,-0.000000000000000000e+00,-0.000000000000000000e+00,-0.000000000000000000e+00,-0.000000000000000000e+00,-0.000000000000000000e+00,-0.000000000000000000e+00,-0.000000000000000000e+00,-0.000000000000000000e+00,-0.000000000000000000e+00,-0.000000000000000000e+00,-0.000000000000000000e+00,-0.000000000000000000e+00,-0.000000000000000000e+00,-0.000000000000000000e+00,-0.000000000000000000e+00,-0.000000000000000000e+00,-0.000000000000000000e+00,-0.000000000000000000e+00,-0.000000000000000000e+00,-0.000000000000000000e+00,-0.000000000000000000e+00,0.000000000000000000e+00,0.000000000000000000e+00,0.000000000000000000e+00,0.000000000000000000e+00,0.000000000000000000e+00,0.000000000000000000e+00,0.000000000000000000e+00,0.000000000000000000e+00,0.000000000000000000e+00,0.000000000000000000e+00,0.000000000000000000e+00,0.000000000000000000e+00,0.000000000000000000e+00,0.000000000000000000e+00,0.000000000000000000e+00,0.000000000000000000e+00,0.000000000000000000e+00,0.000000000000000000e+00,0.000000000000000000e+00,0.000000000000000000e+00,0.000000000000000000e+00,-0.000000000000000000e+00,-0.000000000000000000e+00,-0.000000000000000000e+00,-0.000000000000000000e+00,-0.000000000000000000e+00,-0.000000000000000000e+00,-0.000000000000000000e+00,-0.000000000000000000e+00,-0.000000000000000000e+00,-0.000000000000000000e+00,-0.000000000000000000e+00,-0.000000000000000000e+00,-0.000000000000000000e+00,-0.000000000000000000e+00,-0.000000000000000000e+00,-0.000000000000000000e+00,-0.000000000000000000e+00,-0.000000000000000000e+00,-0.000000000000000000e+00,-0.000000000000000000e+00,-0.000000000000000000e+00,0.000000000000000000e+00,0.000000000000000000e+00,0.000000000000000000e+00,0.000000000000000000e+00,0.000000000000000000e+00,0.000000000000000000e+00,0.000000000000000000e+00,0.000000000000000000e+00,0.000000000000000000e+00,0.000000000000000000e+00,0.000000000000000000e+00,0.000000000000000000e+00,0.000000000000000000e+00,0.000000000000000000e+00,0.000000000000000000e+00,0.000000000000000000e+00,0.000000000000000000e+00,0.000000000000000000e+00,0.000000000000000000e+00,0.000000000000000000e+00,0.000000000000000000e+00,0.000000000000000000e+00,0.000000000000000000e+00,0.000000000000000000e+00,0.000000000000000000e+00,0.000000000000000000e+00,0.000000000000000000e+00,0.000000000000000000e+00,0.000000000000000000e+00,0.000000000000000000e+00,0.000000000000000000e+00,0.000000000000000000e+00,0.000000000000000000e+00,0.000000000000000000e+00,0.000000000000000000e+00,0.000000000000000000e+00,0.000000000000000000e+00,0.000000000000000000e+00,0.000000000000000000e+00,0.000000000000000000e+00,0.000000000000000000e+00,0.000000000000000000e+00,-0.000000000000000000e+00,-0.000000000000000000e+00,-0.000000000000000000e+00,-0.000000000000000000e+00,-0.000000000000000000e+00,-0.000000000000000000e+00,-0.000000000000000000e+00,-0.000000000000000000e+00,-0.000000000000000000e+00,-0.000000000000000000e+00,-0.000000000000000000e+00,-0.000000000000000000e+00,-0.000000000000000000e+00,-0.000000000000000000e+00,-0.000000000000000000e+00,-0.000000000000000000e+00,-0.000000000000000000e+00,-0.000000000000000000e+00,-0.000000000000000000e+00,-0.000000000000000000e+00,-0.000000000000000000e+00,-0.000000000000000000e+00,-0.000000000000000000e+00,-0.000000000000000000e+00,-0.000000000000000000e+00,-0.000000000000000000e+00,-0.000000000000000000e+00,-0.000000000000000000e+00,-0.000000000000000000e+00,-0.000000000000000000e+00,-0.000000000000000000e+00,0.000000000000000000e+00,0.000000000000000000e+00,0.000000000000000000e+00,0.000000000000000000e+00,0.000000000000000000e+00,0.000000000000000000e+00,0.000000000000000000e+00,0.000000000000000000e+00,0.000000000000000000e+00,0.000000000000000000e+00,0.000000000000000000e+00
cmy,-1.538965999999999923e+01,-3.973720000000000141e+00,-1.875019999999999909e+00,-1.075269999999999948e+00,-6.775700000000000056e-01,-4.478599999999999803e-01,-3.049899999999999833e-01,-2.100200000000000122e-01,-1.453299999999999870e-01,-1.008499999999999952e-01,-8.179999999999999771e-02,-4.037000000000000310e-02,-1.391000000000000049e-02,4.349999999999999700e-03,1.725000000000000144e-02,2.631000000000000005e-02,3.275999999999999746e-02,3.694999999999999674e-02,3.941999999999999671e-02,4.028000000000000330e-02,3.989999999999999797e-02,3.989999999999999797e-02,4.028999999999999942e-02,3.941999999999999671e-02,3.695999999999999980e-02,3.275999999999999746e-02,2.628000000000000128e-02,1.718000000000000083e-02,4.250000000000000305e-03,-1.405999999999999958e-02,-4.059000000000000108e-02,-8.212999999999999468e-02,-1.011699999999999960e-01,-1.456300000000000094e-01,-2.103599999999999914e-01,-3.053400000000000003e-01,-4.482499999999999818e-01,-6.780000000000000471e-01,-1.075620000000000021e+00,-1.875669999999999948e+00,-3.975309999999999899e+00,-1.539493000000000045e+01,-2.477050000000000196e+00,-8.890000000000000124e-01,-8.515200000000000546e-01,-8.172000000000000375e-01,-7.829000000000000403e-01,-7.475500000000000478e-01,-7.117200000000000193e-01,-6.788899999999999935e-01,-6.458099999999999952e-01,-6.154899999999999816e-01,-5.836500000000000021e-01,-5.554099999999999593e-01,-5.264499999999999735e-01,-4.990499999999999936e-01,-4.728600000000000025e-01,-4.485399999999999943e-01,-4.249600000000000044e-01,-4.035799999999999943e-01,-3.825700000000000212e-01,-3.626699999999999924e-01,-3.433399999999999785e-01,-3.433700000000000085e-01,-3.627600000000000269e-01,-3.827200000000000046e-01,-4.037700000000000178e-01,-4.252299999999999969e-01,-4.489099999999999757e-01,-4.732899999999999885e-01,-4.995299999999999740e-01,-5.272499999999999964e-01,-5.564599999999999547e-01,-5.850199999999999845e-01,-6.173499999999999543e-01,-6.484499999999999709e-01,-6.821199999999999486e-01,-7.155500000000000194e-01,-7.518899999999999473e-01,-7.875699999999999923e-01,-8.222300000000000164e-01,-8.570100000000000495e-01,-8.948700000000000543e-01,-2.508189999999999920e+00,6.076000000000000151e-02,3.569999999999999823e-03,2.370000000000000145e-03,1.799999999999999951e-03,1.449999999999999900e-03,1.090000000000000040e-03,6.400000000000000524e-04,1.600000000000000131e-04,-1.149999999999999981e-03,-2.510000000000000078e-03,-4.689999999999999725e-03,-7.720000000000000299e-03,-1.306000000000000043e-02,-1.825999999999999845e-02,-2.871999999999999900e-02,-4.402999999999999969e-02,-7.317999999999999505e-02,-1.158000000000000002e-01,-2.359499999999999931e-01,-6.293600000000000305e-01,-3.819599999999999884e+00,-4.300999999999999962e-02,1.459999999999999926e-03,-3.800000000000000209e-04,9.000000000000000567e-05,1.129999999999999928e-03,1.930000000000000075e-03,2.599999999999999881e-03,3.220000000000000206e-03,4.729999999999999830e-03,3.085999999999999854e-01,3.695399999999999796e-01,9.969999999999999696e-03,1.660999999999999976e-02,2.284999999999999878e-02,3.583000000000000074e-02,5.906999999999999751e-02,1.054100000000000037e-01,1.813200000000000089e-01,3.735700000000000132e-01,9.806200000000000472e-01,6.035499999999999865e+00,6.151000000000000217e-02,3.589999999999999875e-03,2.370000000000000145e-03,1.799999999999999951e-03,1.440000000000000091e-03,1.080000000000000014e-03,6.099999999999999737e-04,1.299999999999999886e-04,-1.199999999999999895e-03,-2.569999999999999802e-03,-4.760000000000000342e-03,-7.810000000000000102e-03,-1.319000000000000034e-02,-1.848999999999999949e-02,-2.905999999999999903e-02,-4.453000000000000014e-02,-7.391999999999999960e-02,-1.170800000000000035e-01,-2.384199999999999930e-01,-6.350000000000000089e-01,-3.849079999999999835e+00,-4.347999999999999782e-02,1.500000000000000031e-03,-3.699999999999999947e-04,1.000000000000000048e-04,1.139999999999999954e-03,1.940000000000000101e-03,2.609999999999999907e-03,3.239999999999999825e-03,4.760000000000000342e-03,3.134799999999999809e-01,3.753500000000000170e-01,1.000000000000000021e-02,1.670999999999999916e-02,2.299999999999999961e-02,3.604000000000000259e-02,5.943999999999999978e-02,1.061600000000000044e-01,1.827000000000000013e-01,3.763400000000000079e-01,9.876500000000000279e-01,6.075739999999999696e+00
cmy*c/cref,-7.645799538739679324e-01,-4.763408280303920161e-01,-3.560417133916325971e-01,-2.794637542739216163e-01,-2.235405897681673471e-01,-1.791123094503453694e-01,-1.433280245393826202e-01,-1.134018687993816610e-01,-8.864717143021977330e-02,-6.857655875195581285e-02,-6.134998578545277498e-02,-3.310396289759895416e-02,-1.238029032430715271e-02,4.176183474007535458e-03,1.776847109164247235e-02,2.894285255031219320e-02,3.833196919092465155e-02,4.582164500193581375e-02,5.164464516111093306e-02,5.559151078046552230e-02,5.786062584322848590e-02,5.786062584322848590e-02,5.560531204927893906e-02,5.164464516111093306e-02,4.583404598840454258e-02,3.833196919092465155e-02,2.890985043794011902e-02,1.769636715098073590e-02,4.080179256214259628e-03,-1.251379453341183029e-02,-3.328436596516080176e-02,-6.159748572810802569e-02,-6.879415417883361084e-02,-8.883016290774724266e-02,-1.135854543407195660e-01,-1.434925047144335608e-01,-1.792682818539662049e-01,-2.236824532709793256e-01,-2.795547196258759137e-01,-3.561651398690592885e-01,-4.765314257364629547e-01,-7.648417748860576459e-01,-3.299233554046905881e-01,-1.265879268795350177e-01,-1.290863378391247096e-01,-1.314031166350517754e-01,-1.330916993995135966e-01,-1.339614139338707322e-01,-1.340895999977756992e-01,-1.341512125738617556e-01,-1.335569485085846553e-01,-1.329500873933995575e-01,-1.314429259863470756e-01,-1.301936845566069034e-01,-1.282493378940366135e-01,-1.261664246834048597e-01,-1.238963031194849074e-01,-1.216513776989393697e-01,-1.191666923895522839e-01,-1.168849135067392131e-01,-1.143202393952179458e-01,-1.117108210656114209e-01,-1.089159983095462636e-01,-1.089255150566461883e-01,-1.117385431653051125e-01,-1.143650626586972530e-01,-1.169399413415335154e-01,-1.192424054141785483e-01,-1.217517277451974633e-01,-1.240089694696548811e-01,-1.262877750167342439e-01,-1.284442271908648736e-01,-1.304398151066230027e-01,-1.317514615960468927e-01,-1.333518602289480159e-01,-1.341029145730040228e-01,-1.347894726993807135e-01,-1.348111803495875005e-01,-1.347391445692436018e-01,-1.338855916414291858e-01,-1.322119243647070508e-01,-1.299185954428648260e-01,-1.274237774203481333e-01,-3.340709556902326516e-01,3.266379978132535195e-02,1.826526055021766631e-03,1.151053711526016680e-03,8.274985107742096821e-04,6.289608714177775863e-04,4.445138173044909085e-04,2.443880063975888985e-04,5.694415733453259804e-05,-3.794375626882384440e-04,-7.630159793753522185e-04,-1.303984869326953308e-03,-1.946056648272324538e-03,-2.953187276833346090e-03,-3.655091845437477907e-03,-5.003427422746194349e-03,-6.527864252116715935e-03,-8.950220516631019266e-03,-1.115720399508711783e-02,-1.660937822998650656e-02,-2.796772534575409086e-02,-7.059797965755798543e-02,-2.312162654040163245e-02,7.469826443506384769e-04,-1.845571351813866620e-04,4.137492553871048546e-05,4.901557135876473447e-04,7.870749242180435879e-04,9.928262759902046868e-04,1.146001166357468390e-03,1.560643192622058941e-03,9.381144670726442036e-02,1.027451105780559371e-01,2.513236370890553368e-03,3.755929607059868384e-03,4.573869039882057230e-03,6.242089295160032844e-03,8.757686608506346643e-03,1.289208451295539501e-02,1.746998470111568724e-02,2.629695030886229981e-02,4.357714317489731759e-02,1.115546408585169208e-01,3.306699019995593125e-02,1.836758693985474089e-03,1.151053711526016680e-03,8.274985107742096821e-04,6.246232102355861416e-04,4.404357088888534140e-04,2.329323185977018892e-04,4.626712783430772405e-05,-3.959348480225096572e-04,-7.812554051771533441e-04,-1.323447330063176608e-03,-1.968743837177053604e-03,-2.982583474841641290e-03,-3.701130789821411356e-03,-5.062660198642214733e-03,-6.601993984709456781e-03,-9.040725616143276480e-03,-1.128053060228670010e-02,-1.678325050897810228e-02,-2.821835768805429009e-02,-7.114286091221942721e-02,-2.337429253607679544e-02,7.674479222780532846e-04,-1.797003684660869916e-04,4.597213948745609721e-05,4.944933747698390062e-04,7.911530326336810824e-04,9.966448385901670141e-04,1.153119186024284927e-03,1.570541563822621788e-03,9.529492000581091249e-02,1.043604948191624721e-01,2.520798767192130013e-03,3.778542067066249007e-03,4.603894438393318043e-03,6.278674244978163337e-03,8.812542610624973793e-03,1.298381265435295286e-02,1.760294619950273504e-02,2.649194067841967662e-02,4.388954483560129211e-02,1.122984000745134020e-01
cmyi,-1.543327999999999989e+01,-3.985739999999999839e+00,-1.881420000000000092e+00,-1.079490000000000061e+00,-6.806600000000000428e-01,-4.502700000000000036e-01,-3.069500000000000006e-01,-2.116599999999999870e-01,-1.467400000000000093e-01,-1.020900000000000002e-01,-8.290999999999999759e-02,-4.134999999999999787e-02,-1.477999999999999974e-02,3.559999999999999797e-03,1.651999999999999996e-02,2.563999999999999960e-02,3.214999999999999802e-02,3.638000000000000261e-02,3.887999999999999790e-02,3.978000000000000286e-02,3.941999999999999671e-02,3.941999999999999671e-02,3.978000000000000286e-02,3.889000000000000096e-02,3.638000000000000261e-02,3.214000000000000190e-02,2.561000000000000082e-02,1.644999999999999934e-02,3.449999999999999942e-03,-1.494000000000000015e-02,-4.157000000000000278e-02,-8.323999999999999455e-02,-1.024000000000000049e-01,-1.470400000000000040e-01,-2.119999999999999940e-01,-3.073000000000000176e-01,-4.506600000000000050e-01,-6.810800000000000187e-01,-1.079830000000000068e+00,-1.882079999999999975e+00,-3.987330000000000041e+00,-1.543856000000000073e+01,-2.477050000000000196e+00,-8.890000000000000124e-01,-8.515200000000000546e-01,-8.172000000000000375e-01,-7.829000000000000403e-01,-7.475500000000000478e-01,-7.117200000000000193e-01,-6.788899999999999935e-01,-6.458099999999999952e-01,-6.154899999999999816e-01,-5.836500000000000021e-01,-5.554099999999999593e-01,-5.264499999999999735e-01,-4.990499999999999936e-01,-4.728600000000000025e-01,-4.485399999999999943e-01,-4.249600000000000044e-01,-4.035799999999999943e-01,-3.825700000000000212e-01,-3.626699999999999924e-01,-3.433399999999999785e-01,-3.433700000000000085e-01,-3.627600000000000269e-01,-3.827200000000000046e-01,-4.037700000000000178e-01,-4.252299999999999969e-01,-4.489099999999999757e-01,-4.732899999999999885e-01,-4.995299999999999740e-01,-5.272499999999999964e-01,-5.564599999999999547e-01,-5.850199999999999845e-01,-6.173499999999999543e-01,-6.484499999999999709e-01,-6.821199999999999486e-01,-7.155500000000000194e-01,-7.518899999999999473e-01,-7.875699999999999923e-01,-8.222300000000000164e-01,-8.570100000000000495e-01,-8.948700000000000543e-01,-2.508189999999999920e+00,5.929999999999999855e-02,1.879999999999999944e-03,4.299999999999999894e-04,-4.200000000000000174e-04,-1.100000000000000066e-03,-1.820000000000000003e-03,-2.700000000000000143e-03,-3.670000000000000085e-03,-5.570000000000000298e-03,-7.609999999999999577e-03,-1.063000000000000056e-02,-1.468000000000000034e-02,-2.130999999999999908e-02,-2.816000000000000100e-02,-4.080999999999999905e-02,-5.917000000000000037e-02,-9.281000000000000361e-02,-1.426099999999999868e-01,-2.759199999999999986e-01,-7.001500000000000501e-01,-4.027319999999999567e+00,-4.429999999999999910e-02,2.400000000000000061e-04,-1.529999999999999893e-03,-9.700000000000000505e-04,1.600000000000000131e-04,1.080000000000000014e-03,1.879999999999999944e-03,2.660000000000000038e-03,4.349999999999999700e-03,3.084399999999999920e-01,3.696499999999999786e-01,1.041000000000000085e-02,1.747999999999999901e-02,2.426000000000000031e-02,3.797999999999999987e-02,6.226000000000000284e-02,1.101300000000000057e-01,1.885300000000000031e-01,3.853900000000000103e-01,1.003419999999999979e+00,6.108660000000000423e+00,6.004999999999999921e-02,1.910000000000000022e-03,4.400000000000000157e-04,-4.299999999999999894e-04,-1.110000000000000092e-03,-1.840000000000000056e-03,-2.729999999999999788e-03,-3.710000000000000190e-03,-5.619999999999999996e-03,-7.669999999999999735e-03,-1.069999999999999944e-02,-1.477000000000000014e-02,-2.144000000000000072e-02,-2.838999999999999857e-02,-4.114999999999999908e-02,-5.965999999999999776e-02,-9.354999999999999427e-02,-1.439000000000000001e-01,-2.783900000000000263e-01,-7.058100000000000485e-01,-4.056869999999999976e+00,-4.476999999999999730e-02,2.700000000000000035e-04,-1.520000000000000084e-03,-9.600000000000000243e-04,1.700000000000000122e-04,1.090000000000000040e-03,1.889999999999999970e-03,2.680000000000000090e-03,4.380000000000000213e-03,3.133199999999999874e-01,3.754600000000000160e-01,1.043999999999999963e-02,1.756999999999999881e-02,2.442000000000000073e-02,3.819000000000000172e-02,6.263000000000000511e-02,1.108800000000000063e-01,1.899099999999999955e-01,3.881600000000000050e-01,1.010459999999999914e+00,6.148950000000000138e+00
cmyi*c/cref,-7.667470568241294693e-01,-4.777816987391800274e-01,-3.572569894770645238e-01,-2.805605365174846377e-01,-2.245600274976766730e-01,-1.800761389188742234e-01,-1.442491135196678487e-01,-1.142873990575998394e-01,-8.950723137459884460e-02,-6.941974103110727656e-02,-6.218248559256588787e-02,-3.390757656219263450e-02,-1.315461473711428478e-02,3.417750153440649724e-03,1.701652999617006556e-02,2.820580537400245794e-02,3.761821762784577083e-02,4.511478877321854764e-02,5.093718426849298125e-02,5.490144733979440000e-02,5.716455816391145112e-02,5.716455816391145112e-02,5.490144733979440000e-02,5.095028539613405405e-02,4.511478877321854764e-02,3.760651678254939984e-02,2.817280326163038029e-02,1.694442605550832565e-02,3.312145513868045617e-03,-1.329701922682594191e-02,-3.408797962975448903e-02,-6.242998553522113858e-02,-6.963053660089514596e-02,-8.969022285212631396e-02,-1.144709845989377583e-01,-1.444135936947187893e-01,-1.802321113224950866e-01,-2.246985918492604706e-01,-2.806489028593830426e-01,-3.573823148233746805e-01,-4.779722964452510214e-01,-7.670093746502838483e-01,-3.299233554046905881e-01,-1.265879268795350177e-01,-1.290863378391247096e-01,-1.314031166350517754e-01,-1.330916993995135966e-01,-1.339614139338707322e-01,-1.340895999977756992e-01,-1.341512125738617556e-01,-1.335569485085846553e-01,-1.329500873933995575e-01,-1.314429259863470756e-01,-1.301936845566069034e-01,-1.282493378940366135e-01,-1.261664246834048597e-01,-1.238963031194849074e-01,-1.216513776989393697e-01,-1.191666923895522839e-01,-1.168849135067392131e-01,-1.143202393952179458e-01,-1.117108210656114209e-01,-1.089159983095462636e-01,-1.089255150566461883e-01,-1.117385431653051125e-01,-1.143650626586972530e-01,-1.169399413415335154e-01,-1.192424054141785483e-01,-1.217517277451974633e-01,-1.240089694696548811e-01,-1.262877750167342439e-01,-1.284442271908648736e-01,-1.304398151066230027e-01,-1.317514615960468927e-01,-1.333518602289480159e-01,-1.341029145730040228e-01,-1.347894726993807135e-01,-1.348111803495875005e-01,-1.347391445692436018e-01,-1.338855916414291858e-01,-1.322119243647070508e-01,-1.299185954428648260e-01,-1.274237774203481333e-01,-3.340709556902326516e-01,3.187892243305782275e-02,9.618680625884933619e-04,2.088409687578848784e-04,-1.930829858473155853e-04,-4.771427300410727395e-04,-7.422157316460307151e-04,-1.031011901989828177e-03,-1.306156608860841459e-03,-1.837797586237815842e-03,-2.313367172528458301e-03,-2.955513680372178192e-03,-3.700532590238047106e-03,-4.818715227359770224e-03,-5.636768147180688977e-03,-7.109675247989978575e-03,-8.772512555024893771e-03,-1.135105173747642804e-02,-1.374031832244709643e-02,-1.942301182970068707e-02,-3.111351674849009707e-02,-7.443728543158352473e-02,-2.381511406044622969e-02,1.227916675644885212e-04,-7.430853074408462098e-04,-4.459297530283241233e-04,6.940257891506512082e-05,4.404357088888534140e-04,7.178897687929173318e-04,9.466966156866043645e-04,1.435263824081597439e-03,9.376280823845961621e-02,1.027756944449271376e-01,2.624151516647007642e-03,3.952658009115381579e-03,4.856107785887908701e-03,6.616649495678985325e-03,9.230634302448029876e-03,1.346936028281735774e-02,1.816466035573207835e-02,2.712900307715405968e-02,4.459033775015344009e-02,1.129068631309399495e-01,3.228211285168840206e-02,9.772170210340545490e-04,2.136977354731845488e-04,-1.976801997960611970e-04,-4.814803912232642927e-04,-7.503719484773058125e-04,-1.042467589789714943e-03,-1.320392648194474534e-03,-1.854294871572086893e-03,-2.331606598330259426e-03,-2.974976141108400841e-03,-3.723219779142776173e-03,-4.848111425368065858e-03,-5.682807091564621993e-03,-7.168908023885998959e-03,-8.845159692965780251e-03,-1.144155683698868352e-02,-1.386460841876542560e-02,-1.959688410869228278e-02,-3.136503785796157517e-02,-7.498346050197855772e-02,-2.406778005612139268e-02,1.381406260100495999e-04,-7.382285407255466479e-04,-4.413325390795785116e-04,7.374024009725670104e-05,4.445138173044909085e-04,7.217083313928796592e-04,9.538146353534209020e-04,1.445162195282160287e-03,9.524628153700610833e-02,1.043910786860336726e-01,2.631713912948583853e-03,3.973009223121124443e-03,4.888134877633253973e-03,6.653234445497115818e-03,9.285490304566658762e-03,1.356108842421491559e-02,1.829762185411912614e-02,2.732399344671143301e-02,4.490318379444304536e-02,1.136515465010318471e-01
cmyo,4.361999999999999905e-02,1.201999999999999943e-02,6.400000000000000307e-03,4.210000000000000200e-03,3.079999999999999839e-03,2.399999999999999790e-03,1.949999999999999910e-03,1.639999999999999965e-03,1.410000000000000012e-03,1.229999999999999974e-03,1.110000000000000092e-03,9.799999999999999684e-04,8.800000000000000313e-04,7.900000000000000121e-04,7.299999999999999632e-04,6.700000000000000226e-04,6.199999999999999999e-04,5.800000000000000034e-04,5.400000000000000069e-04,5.100000000000000366e-04,4.800000000000000122e-04,4.800000000000000122e-04,5.100000000000000366e-04,5.400000000000000069e-04,5.800000000000000034e-04,6.199999999999999999e-04,6.700000000000000226e-04,7.299999999999999632e-04,7.900000000000000121e-04,8.800000000000000313e-04,9.799999999999999684e-04,1.110000000000000092e-03,1.229999999999999974e-03,1.410000000000000012e-03,1.639999999999999965e-03,1.959999999999999937e-03,2.399999999999999790e-03,3.079999999999999839e-03,4.210000000000000200e-03,6.400000000000000307e-03,1.201999999999999943e-02,4.363000000000000211e-02,0.000000000000000000e+00,0.000000000000000000e+00,0.000000000000000000e+00,0.000000000000000000e+00,0.000000000000000000e+00,0.000000000000000000e+00,0.000000000000000000e+00,0.000000000000000000e+00,0.000000000000000000e+00,0.000000000000000000e+00,0.000000000000000000e+00,0.000000000000000000e+00,0.000000000000000000e+00,0.000000000000000000e+00,0.000000000000000000e+00,0.000000000000000000e+00,0.000000000000000000e+00,0.000000000000000000e+00,0.000000000000000000e+00,0.000000000000000000e+00,0.000000000000000000e+00,0.000000000000000000e+00,0.000000000000000000e+00,0.000000000000000000e+00,0.000000000000000000e+00,0.000000000000000000e+00,0.000000000000000000e+00,0.000000000000000000e+00,0.000000000000000000e+00,0.000000000000000000e+00,0.000000000000000000e+00,0.000000000000000000e+00,0.000000000000000000e+00,0.000000000000000000e+00,0.000000000000000000e+00,0.000000000000000000e+00,0.000000000000000000e+00,0.000000000000000000e+00,0.000000000000000000e+00,0.000000000000000000e+00,0.000000000000000000e+00,0.000000000000000000e+00,1.459999999999999926e-03,1.680000000000000070e-03,1.940000000000000101e-03,2.220000000000000185e-03,2.550000000000000183e-03,2.919999999999999853e-03,3.340000000000000087e-03,3.840000000000000097e-03,4.420000000000000318e-03,5.109999999999999959e-03,5.939999999999999968e-03,6.960000000000000041e-03,8.240000000000000796e-03,9.889999999999999486e-03,1.209000000000000005e-02,1.514000000000000068e-02,1.961999999999999855e-02,2.681000000000000050e-02,3.996999999999999859e-02,7.079000000000000570e-02,2.077199999999999880e-01,1.289999999999999914e-03,1.229999999999999974e-03,1.149999999999999981e-03,1.059999999999999961e-03,9.600000000000000243e-04,8.499999999999999526e-04,7.200000000000000453e-04,5.599999999999999509e-04,3.800000000000000209e-04,1.600000000000000131e-04,-1.100000000000000039e-04,-4.400000000000000157e-04,-8.700000000000000051e-04,-1.410000000000000012e-03,-2.150000000000000001e-03,-3.190000000000000127e-03,-4.720000000000000237e-03,-7.210000000000000263e-03,-1.182000000000000065e-02,-2.280000000000000082e-02,-7.316000000000000281e-02,1.459999999999999926e-03,1.680000000000000070e-03,1.940000000000000101e-03,2.220000000000000185e-03,2.550000000000000183e-03,2.919999999999999853e-03,3.340000000000000087e-03,3.840000000000000097e-03,4.420000000000000318e-03,5.109999999999999959e-03,5.939999999999999968e-03,6.960000000000000041e-03,8.240000000000000796e-03,9.900000000000000813e-03,1.209000000000000005e-02,1.514000000000000068e-02,1.963000000000000161e-02,2.682000000000000009e-02,3.998000000000000165e-02,7.080000000000000182e-02,2.077900000000000025e-01,1.289999999999999914e-03,1.229999999999999974e-03,1.149999999999999981e-03,1.059999999999999961e-03,9.600000000000000243e-04,8.499999999999999526e-04,7.200000000000000453e-04,5.599999999999999509e-04,3.800000000000000209e-04,1.600000000000000131e-04,-1.100000000000000039e-04,-4.400000000000000157e-04,-8.700000000000000051e-04,-1.420000000000000038e-03,-2.150000000000000001e-03,-3.190000000000000127e-03,-4.720000000000000237e-03,-7.210000000000000263e-03,-1.183000000000000024e-02,-2.281000000000000041e-02,-7.320999999999999730e-02
cmyo*c/cref,2.167102950161503474e-03,1.440870708788065477e-03,1.215276085431861615e-03,1.094183233507128655e-03,1.016138578281144955e-03,9.598301761283188020e-04,9.163895467123384705e-04,8.855302582181978415e-04,8.600599443790675003e-04,8.363824220615333899e-04,8.324998071131123464e-04,8.036136645936828261e-04,7.832246934141117280e-04,7.584333205668857339e-04,7.519410954724060252e-04,7.370471763097366730e-04,7.254524083752529042e-04,7.192572151860021027e-04,7.074608926179580971e-04,7.038647094845436065e-04,6.960676793170344568e-04,6.960676793170344568e-04,7.038647094845436065e-04,7.074608926179580971e-04,7.192572151860021027e-04,7.254524083752529042e-04,7.370471763097366730e-04,7.519410954724060252e-04,7.584333205668857339e-04,7.832246934141117280e-04,8.036136645936828261e-04,8.324998071131123464e-04,8.363824220615333899e-04,8.600599443790675003e-04,8.855302582181978415e-04,9.210889802852222736e-04,9.598301761283188020e-04,1.016138578281144955e-03,1.094183233507128655e-03,1.215276085431861615e-03,1.440870708788065477e-03,2.167599764226189798e-03,0.000000000000000000e+00,0.000000000000000000e+00,0.000000000000000000e+00,0.000000000000000000e+00,0.000000000000000000e+00,0.000000000000000000e+00,0.000000000000000000e+00,0.000000000000000000e+00,0.000000000000000000e+00,0.000000000000000000e+00,0.000000000000000000e+00,0.000000000000000000e+00,0.000000000000000000e+00,0.000000000000000000e+00,0.000000000000000000e+00,0.000000000000000000e+00,0.000000000000000000e+00,0.000000000000000000e+00,0.000000000000000000e+00,0.000000000000000000e+00,0.000000000000000000e+00,0.000000000000000000e+00,0.000000000000000000e+00,0.000000000000000000e+00,0.000000000000000000e+00,0.000000000000000000e+00,0.000000000000000000e+00,0.000000000000000000e+00,0.000000000000000000e+00,0.000000000000000000e+00,0.000000000000000000e+00,0.000000000000000000e+00,0.000000000000000000e+00,0.000000000000000000e+00,0.000000000000000000e+00,0.000000000000000000e+00,0.000000000000000000e+00,0.000000000000000000e+00,0.000000000000000000e+00,0.000000000000000000e+00,0.000000000000000000e+00,0.000000000000000000e+00,7.848773482675281115e-04,8.595416729514196484e-04,9.422127427681318288e-04,1.020581496621525376e-03,1.106103601458850380e-03,1.190807657366159010e-03,1.275399908387416913e-03,1.366659776028782353e-03,1.458360023549577344e-03,1.553391097453406342e-03,1.651528811045224450e-03,1.754475941965722569e-03,1.863266704525786809e-03,1.979674608509127045e-03,2.106247825243784660e-03,2.244648302908178270e-03,2.399608178960106405e-03,2.583114327359979905e-03,2.813633599714179638e-03,3.145791402736004914e-03,3.839305774025537996e-03,6.934875200445966966e-04,6.293072962680036847e-04,5.585281722594596021e-04,4.873046785670345749e-04,4.164154734903907249e-04,3.466392153291901197e-04,2.749365071972875176e-04,1.993045506708640525e-04,1.253793685404613932e-04,4.863846880480333131e-05,-3.058386687120786119e-05,-1.109151457564537318e-04,-1.967284020555138725e-04,-2.822387460058512539e-04,-3.745602005189525895e-04,-4.729476939416835048e-04,-5.772757698619625146e-04,-6.946756546163914336e-04,-8.320527682917589971e-04,-1.013194575256122498e-03,-1.352222272423013547e-03,7.848773482675281115e-04,8.595416729514196484e-04,9.422127427681318288e-04,1.020581496621525376e-03,1.106103601458850380e-03,1.190807657366159010e-03,1.275399908387416913e-03,1.366659776028782353e-03,1.458360023549577344e-03,1.553391097453406342e-03,1.651528811045224450e-03,1.754475941965722569e-03,1.863266704525786809e-03,1.981676301743211070e-03,2.106247825243784660e-03,2.244648302908178270e-03,2.400831220845407905e-03,2.584077816478726371e-03,2.814337536066372804e-03,3.146235786321643479e-03,3.840599589759130517e-03,6.934875200445966966e-04,6.293072962680036847e-04,5.585281722594596021e-04,4.873046785670345749e-04,4.164154734903907249e-04,3.466392153291901197e-04,2.749365071972875176e-04,1.993045506708640525e-04,1.253793685404613932e-04,4.863846880480333131e-05,-3.058386687120786119e-05,-1.109151457564537318e-04,-1.967284020555138725e-04,-2.842404392399353334e-04,-3.745602005189525895e-04,-4.729476939416835048e-04,-5.772757698619625146e-04,-6.946756546163914336e-04,-8.327567046439516207e-04,-1.013638958841761063e-03,-1.353146426518436621e-03
cmz,1.022481999999999935e+01,1.785360000000000058e+00,6.987999999999999767e-01,3.442200000000000260e-01,1.871400000000000008e-01,1.089100000000000068e-01,6.549000000000000654e-02,3.889999999999999708e-02,2.132999999999999827e-02,6.490000000000000109e-03,1.879999999999999944e-03,1.840000000000000056e-03,-2.030000000000000120e-03,-3.459999999999999968e-03,-4.290000000000000410e-03,-4.440000000000000370e-03,-4.320000000000000055e-03,-3.820000000000000045e-03,-3.109999999999999917e-03,-2.210000000000000159e-03,-1.110000000000000092e-03,1.110000000000000092e-03,2.210000000000000159e-03,3.109999999999999917e-03,3.810000000000000019e-03,4.320000000000000055e-03,4.429999999999999910e-03,4.279999999999999950e-03,3.449999999999999942e-03,2.020000000000000094e-03,-1.830000000000000029e-03,-1.799999999999999951e-03,-6.320000000000000097e-03,-2.114999999999999866e-02,-3.889999999999999708e-02,-6.561000000000000165e-02,-1.091000000000000025e-01,-1.872999999999999943e-01,-3.440900000000000070e-01,-6.986599999999999477e-01,-1.786769999999999969e+00,-1.023293999999999926e+01,1.204450000000000021e+00,-2.574999999999999858e-02,-2.478999999999999954e-02,-2.310999999999999860e-02,-2.123999999999999846e-02,-1.652999999999999955e-02,-1.427999999999999929e-02,-1.352000000000000077e-02,-1.414999999999999938e-02,-1.212000000000000056e-02,-1.003000000000000072e-02,-8.789999999999999203e-03,-8.699999999999999400e-03,-7.340000000000000170e-03,-5.839999999999999705e-03,-4.830000000000000092e-03,-3.950000000000000386e-03,-2.639999999999999986e-03,-1.670000000000000043e-03,-8.700000000000000051e-04,-9.000000000000000567e-05,6.999999999999999387e-05,8.599999999999999789e-04,1.649999999999999991e-03,2.609999999999999907e-03,3.870000000000000176e-03,4.709999999999999777e-03,5.720000000000000258e-03,7.210000000000000263e-03,8.569999999999999493e-03,8.609999999999999598e-03,9.799999999999999684e-03,1.170999999999999992e-02,1.362000000000000016e-02,1.325999999999999922e-02,1.417999999999999990e-02,1.643000000000000016e-02,2.108000000000000151e-02,2.287000000000000144e-02,2.449000000000000135e-02,2.531999999999999876e-02,-1.224550000000000027e+00,4.182999999999999913e-02,-2.045999999999999902e-02,-4.068999999999999700e-02,-5.693999999999999756e-02,-7.298999999999999932e-02,-8.964999999999999358e-02,-1.080699999999999994e-01,-1.291299999999999948e-01,-1.553599999999999981e-01,-1.868299999999999961e-01,-2.240800000000000014e-01,-2.714500000000000246e-01,-3.347899999999999765e-01,-4.166900000000000048e-01,-5.294499999999999762e-01,-6.926200000000000134e-01,-9.478900000000000103e-01,-1.360109999999999930e+00,-2.192229999999999901e+00,-4.347339999999999982e+00,-1.583571000000000062e+01,-3.249999999999999851e-03,2.237000000000000099e-02,2.052999999999999964e-02,1.837000000000000091e-02,2.292999999999999899e-02,3.166999999999999676e-02,4.419000000000000011e-02,6.199999999999999956e-02,8.953999999999999460e-02,-1.042899999999999938e-01,2.929999999999999966e-02,3.902100000000000013e-01,4.769399999999999751e-01,5.878299999999999637e-01,7.413300000000000445e-01,9.692600000000000104e-01,1.328789999999999916e+00,1.963559999999999972e+00,3.204149999999999832e+00,6.475789999999999935e+00,2.431110999999999933e+01,-4.245000000000000162e-02,2.058000000000000107e-02,4.096999999999999947e-02,5.729000000000000065e-02,7.341000000000000303e-02,9.014999999999999403e-02,1.086099999999999982e-01,1.297200000000000020e-01,1.559999999999999998e-01,1.875799999999999967e-01,2.249500000000000111e-01,2.724800000000000000e-01,3.360099999999999754e-01,4.180099999999999927e-01,5.309500000000000330e-01,6.945599999999999552e-01,9.503300000000000081e-01,1.363129999999999953e+00,2.196330000000000116e+00,4.353740000000000165e+00,1.584826999999999941e+01,3.190000000000000127e-03,-2.278000000000000164e-02,-2.074000000000000149e-02,-1.841999999999999887e-02,-2.292999999999999899e-02,-3.162999999999999839e-02,-4.415999999999999787e-02,-6.201000000000000262e-02,-8.959000000000000297e-02,1.077400000000000024e-01,-2.631000000000000005e-02,-3.919199999999999906e-01,-4.790099999999999913e-01,-5.903800000000000159e-01,-7.445300000000000251e-01,-9.733899999999999775e-01,-1.334389999999999965e+00,-1.971859999999999946e+00,-3.217530000000000001e+00,-6.502049999999999663e+00,-2.440650000000000119e+01
cmz*c/cref,5.079834384885452137e-01,2.140160506357621228e-01,1.326929575780913806e-01,8.946312414200090213e-02,6.174031608426411299e-02,4.355629353422300898e-02,3.077659046881592655e-02,2.100434575895603062e-02,1.301069405220248859e-02,4.413107251365327305e-03,1.409999673308694711e-03,1.508825655971812773e-03,-1.806756963216644106e-03,-3.321745935647373027e-03,-4.418941506269345038e-03,-4.884312631067509042e-03,-5.054765168034019984e-03,-4.737176831052633888e-03,-4.074450696373795727e-03,-3.050080407766355556e-03,-1.609656508420642283e-03,1.609656508420642283e-03,3.050080407766355556e-03,4.074450696373795727e-03,4.724775844583910256e-03,5.054765168034019984e-03,4.873311926943482003e-03,4.408640943317668030e-03,3.312145513868045617e-03,1.797856682609665644e-03,-1.500625516537183258e-03,-1.349999687210452336e-03,-4.297509680836497127e-03,-1.290089916568601218e-02,-2.100434575895603062e-02,-3.083298367169052742e-02,-4.363228008983316419e-02,-6.179310250391507886e-02,-8.942933701127503410e-02,-1.326663734137225326e-01,-2.141850712430325987e-01,-5.083868515090704809e-01,1.604231587643283607e-01,-3.666635677331863026e-03,-3.758044808145317908e-03,-3.716013246984882414e-03,-3.610764714836720447e-03,-2.962186037491649875e-03,-2.690383139392228846e-03,-2.671602754494264292e-03,-2.926295383156769098e-03,-2.618003638089981717e-03,-2.258840996561400482e-03,-2.060464318706135400e-03,-2.119421103007158597e-03,-1.855648847161991055e-03,-1.530166244169081343e-03,-1.309974928180044533e-03,-1.107653508421337476e-03,-7.645972834575339187e-04,-4.990323334030738684e-04,-2.679802970388560964e-04,-2.855024129975873806e-05,2.220574323314568064e-05,2.649000637395588663e-04,4.930558982724981068e-04,7.559086779636983245e-04,1.085220019643183802e-03,1.277428967231471939e-03,1.498724472028620941e-03,1.822783131885280170e-03,2.087751592272568766e-03,2.018270510131948362e-03,2.207043047487709190e-03,2.529440808748653971e-03,2.816688559618034989e-03,2.620225778446297338e-03,2.671542921329257952e-03,2.944265976768772365e-03,3.583564980638327506e-03,3.677422023303516738e-03,3.712566250563890426e-03,3.605406421360884354e-03,-1.631003188715665075e-01,2.248727361508952305e-02,-1.046798965987264657e-02,-1.976218376455426973e-02,-2.617653622415749837e-02,-3.166058896881626672e-02,-3.656024194619046652e-02,-4.126720601779285819e-02,-4.595749397880120879e-02,-5.126036499064758750e-02,-5.679453204250878295e-02,-6.230211716818415818e-02,-6.842708253543038077e-02,-7.570425485536262655e-02,-8.340855537104834017e-02,-9.223762705337648637e-02,-1.026874707767676531e-01,-1.159309172657744941e-01,-1.310451185298613097e-01,-1.543190389367379567e-01,-1.931886537190329600e-01,-2.926927250086364118e-01,-1.747158480732511265e-03,1.144520668090670198e-02,9.970942066510177573e-03,8.445082023845685432e-03,9.946257090765270314e-03,1.291536935232406001e-02,1.687422812923352125e-02,2.206586096713137810e-02,2.954333857661292639e-02,-3.170316194783086988e-02,8.146429993876276587e-03,9.836408869460411264e-02,1.078478667544330860e-01,1.176655333791627872e-01,1.291500992794023805e-01,1.437019692256790437e-01,1.625165826768807387e-01,1.891868694006326734e-01,2.255517662878205876e-01,2.877734780042914831e-01,4.493442374156075281e-01,-2.282057769449080328e-02,1.052938549365489175e-02,1.989817323258265963e-02,2.633743871236359640e-02,3.184277073846831368e-02,3.676414736697234537e-02,4.147340839819082386e-02,4.616747555897229849e-02,5.147153024292625695e-02,5.702252486503130158e-02,6.254400775162008430e-02,6.868672480845115780e-02,7.598012686744047561e-02,8.367277887794744018e-02,9.249894812350599460e-02,1.029750941392274799e-01,1.162293394857878831e-01,1.313360922437228351e-01,1.546076528411369777e-01,1.934730592138416971e-01,2.929248725174066759e-01,1.714903247242064973e-03,-1.165497577966270216e-02,-1.007293416753147174e-02,-8.468068093589410997e-03,-9.946257090765270314e-03,-1.289905691866151047e-02,-1.686277244143363080e-02,-2.206941997696479016e-02,-2.955983586194720070e-02,3.275192893143444306e-02,-7.315104885286170984e-03,-9.879514528379396143e-02,-1.083159446765651762e-01,-1.181759651538542427e-01,-1.297075842290119907e-01,-1.443142808168950686e-01,-1.632014861326491761e-01,-1.899865653691924505e-01,-2.264936331270544223e-01,-2.889404293001785473e-01,-4.511073385988557116e-01
cmzi,1.058755999999999986e+01,1.880430000000000046e+00,7.468399999999999483e-01,3.741200000000000081e-01,2.077799999999999925e-01,1.240200000000000052e-01,7.699000000000000288e-02,4.787999999999999895e-02,2.846999999999999878e-02,1.225000000000000047e-02,6.620000000000000016e-03,5.610000000000000403e-03,9.899999999999999946e-04,-1.049999999999999935e-03,-2.380000000000000171e-03,-2.949999999999999931e-03,-3.190000000000000127e-03,-3.000000000000000062e-03,-2.569999999999999802e-03,-1.899999999999999996e-03,-1.010000000000000047e-03,1.010000000000000047e-03,1.899999999999999996e-03,2.560000000000000209e-03,2.990000000000000036e-03,3.190000000000000127e-03,2.929999999999999879e-03,2.370000000000000145e-03,1.039999999999999909e-03,-1.000000000000000021e-03,-5.599999999999999943e-03,-6.550000000000000266e-03,-1.208000000000000046e-02,-2.829999999999999877e-02,-4.787999999999999895e-02,-7.710999999999999799e-02,-1.242000000000000048e-01,-2.079400000000000137e-01,-3.739999999999999991e-01,-7.467099999999999849e-01,-1.881869999999999932e+00,-1.059577999999999953e+01,1.232760000000000078e+00,-7.799999999999999859e-04,-2.700000000000000143e-03,-3.559999999999999797e-03,-3.919999999999999873e-03,-1.199999999999999895e-03,-7.200000000000000453e-04,-1.559999999999999972e-03,-3.640000000000000006e-03,-2.919999999999999853e-03,-2.020000000000000094e-03,-1.860000000000000108e-03,-2.769999999999999893e-03,-2.330000000000000040e-03,-1.670000000000000043e-03,-1.440000000000000091e-03,-1.280000000000000105e-03,-6.400000000000000524e-04,-2.900000000000000017e-04,-6.999999999999999387e-05,1.700000000000000122e-04,-1.800000000000000113e-04,6.000000000000000152e-05,2.700000000000000035e-04,5.999999999999999474e-04,1.199999999999999895e-03,1.319999999999999993e-03,1.549999999999999946e-03,2.200000000000000133e-03,2.639999999999999986e-03,1.680000000000000070e-03,1.789999999999999925e-03,2.510000000000000078e-03,3.099999999999999891e-03,1.309999999999999967e-03,6.300000000000000261e-04,1.100000000000000066e-03,3.749999999999999861e-03,3.310000000000000008e-03,2.399999999999999790e-03,3.400000000000000244e-04,-1.252869999999999928e+00,4.769999999999999934e-02,-1.425000000000000051e-02,-3.409999999999999837e-02,-4.991999999999999910e-02,-6.549000000000000654e-02,-8.161000000000000199e-02,-9.940000000000000224e-02,-1.197399999999999992e-01,-1.451199999999999990e-01,-1.755899999999999961e-01,-2.116300000000000125e-01,-2.575200000000000267e-01,-3.190299999999999803e-01,-3.985699999999999799e-01,-5.081900000000000306e-01,-6.670399999999999663e-01,-9.159599999999999964e-01,-1.318049999999999944e+00,-2.131699999999999928e+00,-4.243739999999999846e+00,-1.554157000000000011e+01,2.619999999999999933e-03,2.858000000000000124e-02,2.711999999999999827e-02,2.537999999999999978e-02,3.040999999999999953e-02,3.969000000000000306e-02,5.283999999999999808e-02,7.137000000000000288e-02,9.976000000000000145e-02,-9.306999999999999995e-02,4.182999999999999913e-02,4.042399999999999882e-01,4.928400000000000003e-01,6.061299999999999466e-01,7.628000000000000336e-01,9.951400000000000245e-01,1.361129999999999951e+00,2.006240000000000023e+00,3.265779999999999905e+00,6.581970000000000098e+00,2.461899999999999977e+01,-4.832999999999999796e-02,1.437000000000000083e-02,3.438000000000000084e-02,5.027999999999999831e-02,6.590999999999999637e-02,8.210000000000000631e-02,9.994000000000000106e-02,1.203300000000000064e-01,1.457600000000000007e-01,1.763299999999999867e-01,2.124999999999999944e-01,2.585600000000000120e-01,3.202400000000000246e-01,3.998800000000000132e-01,5.096899999999999764e-01,6.689800000000000191e-01,9.183999999999999941e-01,1.321069999999999967e+00,2.135790000000000077e+00,4.250110000000000277e+00,1.555402999999999913e+01,-2.690000000000000117e-03,-2.898999999999999841e-02,-2.733000000000000013e-02,-2.542000000000000162e-02,-3.040999999999999953e-02,-3.966000000000000081e-02,-5.281000000000000277e-02,-7.137999999999999901e-02,-9.980999999999999595e-02,9.651999999999999469e-02,-3.883999999999999952e-02,-4.059499999999999775e-01,-4.949100000000000166e-01,-6.086799999999999988e-01,-7.660000000000000142e-01,-9.992600000000000371e-01,-1.366740000000000066e+00,-2.014549999999999841e+00,-3.279180000000000206e+00,-6.608279999999999710e+00,-2.471460000000000079e+01
cmzi*c/cref,5.260048718709749993e-01,2.254123549855525932e-01,1.418151236943642757e-01,9.723416420895177048e-02,6.854976421923905661e-02,4.959922435143088171e-02,3.618093907763227784e-02,2.585316388017518813e-02,1.736589121735606506e-02,8.329824935165678831e-03,4.964998849629552458e-03,4.600278222827103303e-03,8.811277800908756805e-04,-1.008044286829405103e-03,-2.451533982499077419e-03,-3.245207716587646379e-03,-3.732569649543640046e-03,-3.720295940617252255e-03,-3.366989803755837413e-03,-2.622241074550260478e-03,-1.464642408562926703e-03,1.464642408562926703e-03,2.622241074550260478e-03,3.353888676114764617e-03,3.707894954148527756e-03,3.732569649543640046e-03,3.223206308339594470e-03,2.441233419547400411e-03,9.984438650500774767e-04,-8.900280606978542512e-04,-4.592078083392472920e-03,-4.912498861793590868e-03,-8.214227364636849521e-03,-1.726219604675717154e-02,-2.585316388017518813e-02,-3.623733228050687871e-02,-4.967121161464050499e-02,-6.860255063889003635e-02,-9.720297608828172564e-02,-1.417904383988789485e-01,-2.255849717759564610e-01,-5.264132530321470327e-01,1.641938255621349374e-01,-1.110670224589845951e-04,-4.093070182328503183e-04,-5.724364846069312498e-04,-6.663934878606376719e-04,-2.150407286745299230e-04,-1.356495700533896938e-04,-3.082618562877997219e-04,-7.527713918509286103e-04,-6.307401504309196423e-04,-4.549211179515482177e-04,-4.360026885999331546e-04,-6.748041902677965123e-04,-5.890547430364358617e-04,-4.375646622880763640e-04,-3.905515313828704263e-04,-3.589358204504587159e-04,-1.853569172018264169e-04,-8.665830939334814972e-05,-2.156163309508037394e-05,5.392823356621095080e-05,-5.710048259951747612e-05,1.848139979578317766e-05,8.068187426277241526e-05,1.737721098767122370e-04,3.365023316723049886e-04,3.580055704342978862e-04,4.061228901476157996e-04,5.561890277597248680e-04,6.431346795332067894e-04,3.938088800257460629e-04,4.031231688778570341e-04,5.421773210895918958e-04,6.410965150378787353e-04,2.588609177801395097e-04,1.186933737967159753e-04,1.971206679516524678e-04,6.374937702748447116e-04,5.322372932721748488e-04,3.638284606514224570e-04,4.841383030263431050e-05,-1.668723175898244593e-01,2.564291062490485842e-02,-7.290755261641506529e-03,-1.656157449917180016e-02,-2.294929203213808000e-02,-2.840734308217259668e-02,-3.328144278001789191e-02,-3.795651224362552728e-02,-4.261558374523082698e-02,-4.788172095418883473e-02,-5.337767960897134983e-02,-5.884057950867018633e-02,-6.491560985273174544e-02,-7.214053115835700192e-02,-7.978148723088804295e-02,-8.853383641940767990e-02,-9.889499365732305758e-02,-1.120257445260091356e-01,-1.269926832964125840e-01,-1.500581121969156162e-01,-1.885848397718165315e-01,-2.872561112960816954e-01,1.408478529082824544e-03,1.462244107913784202e-02,1.317155133189264540e-02,1.166772900191635591e-02,1.319082765504456418e-02,1.618601230166536245e-02,2.017728477820093097e-02,2.540065318103494618e-02,3.291538369893796945e-02,-2.829238932289403555e-02,1.163021046566022586e-02,1.019007693649746638e-01,1.114432478954476557e-01,1.213286319975366012e-01,1.328904748631893340e-01,1.475389241846792876e-01,1.664719001339434179e-01,1.932990409594436965e-01,2.298901260263841451e-01,2.924919429166026319e-01,4.550349935044036287e-01,-2.598159057655454254e-02,7.352151095423750844e-03,1.669756396720019354e-02,2.311479173429292419e-02,2.858952485182463671e-02,3.348127009238413554e-02,3.816271462402348602e-02,4.282556532540191668e-02,4.809288620646751111e-02,5.360263252719356386e-02,5.908247009210609857e-02,6.517777292451971960e-02,7.241414192443421105e-02,8.004370904455306024e-02,8.879515748953717424e-02,9.918261701978289824e-02,1.123241667460225246e-01,1.272836570102740816e-01,1.503460221649624284e-01,1.888679121158683694e-01,2.874864104966610712e-01,-1.446109634821678624e-03,-1.483221017789384220e-02,-1.327354343291393957e-02,-1.168611785771133879e-02,-1.319082765504456418e-02,-1.617377797641844986e-02,-2.016582909040104746e-02,-2.540421219086835131e-02,-3.293188098427223681e-02,2.934115630649760526e-02,-1.079888535707012112e-02,-1.023318259541645125e-01,-1.119113258175797460e-01,-1.218390637722280428e-01,-1.334479598127989164e-01,-1.481497531812434598e-01,-1.671580266315971786e-01,-1.940997004171222118e-01,-2.308334007383223696e-01,-2.936611161304179540e-01,-4.568019761348525165e-01
cmzo,-3.627400000000000069e-01,-9.507999999999999785e-02,-4.803999999999999937e-02,-2.990999999999999909e-02,-2.062999999999999903e-02,-1.510000000000000057e-02,-1.149999999999999981e-02,-8.980000000000000135e-03,-7.139999999999999646e-03,-5.749999999999999903e-03,-4.740000000000000289e-03,-3.769999999999999914e-03,-3.020000000000000115e-03,-2.419999999999999842e-03,-1.910000000000000022e-03,-1.490000000000000005e-03,-1.129999999999999928e-03,-8.199999999999999824e-04,-5.500000000000000331e-04,-3.099999999999999999e-04,-1.000000000000000048e-04,1.000000000000000048e-04,3.099999999999999999e-04,5.500000000000000331e-04,8.199999999999999824e-04,1.129999999999999928e-03,1.490000000000000005e-03,1.910000000000000022e-03,2.419999999999999842e-03,3.020000000000000115e-03,3.769999999999999914e-03,4.740000000000000289e-03,5.760000000000000363e-03,7.139999999999999646e-03,8.980000000000000135e-03,1.149999999999999981e-02,1.511000000000000017e-02,2.063999999999999863e-02,2.990999999999999909e-02,4.805000000000000243e-02,9.510000000000000397e-02,3.628399999999999959e-01,-2.830999999999999836e-02,-2.496999999999999914e-02,-2.207999999999999893e-02,-1.956000000000000100e-02,-1.731999999999999859e-02,-1.532999999999999988e-02,-1.354999999999999954e-02,-1.196000000000000014e-02,-1.051000000000000024e-02,-9.199999999999999845e-03,-8.009999999999999759e-03,-6.930000000000000396e-03,-5.930000000000000375e-03,-5.009999999999999697e-03,-4.170000000000000095e-03,-3.389999999999999784e-03,-2.670000000000000064e-03,-2.000000000000000042e-03,-1.379999999999999933e-03,-8.000000000000000383e-04,-2.599999999999999772e-04,2.599999999999999772e-04,8.000000000000000383e-04,1.379999999999999933e-03,2.000000000000000042e-03,2.670000000000000064e-03,3.389999999999999784e-03,4.170000000000000095e-03,5.009999999999999697e-03,5.930000000000000375e-03,6.930000000000000396e-03,8.009999999999999759e-03,9.209999999999999437e-03,1.051000000000000024e-02,1.196000000000000014e-02,1.355999999999999914e-02,1.533999999999999947e-02,1.733000000000000165e-02,1.956000000000000100e-02,2.208999999999999853e-02,2.497999999999999873e-02,2.832000000000000142e-02,-5.870000000000000218e-03,-6.210000000000000242e-03,-6.590000000000000371e-03,-7.020000000000000198e-03,-7.499999999999999722e-03,-8.040000000000000271e-03,-8.670000000000000623e-03,-9.390000000000000777e-03,-1.024000000000000084e-02,-1.123999999999999999e-02,-1.244999999999999926e-02,-1.392000000000000008e-02,-1.575999999999999970e-02,-1.813000000000000028e-02,-2.126000000000000112e-02,-2.557999999999999857e-02,-3.193000000000000005e-02,-4.206000000000000016e-02,-6.053000000000000047e-02,-1.035999999999999976e-01,-2.941400000000000126e-01,-5.870000000000000218e-03,-6.210000000000000242e-03,-6.590000000000000371e-03,-7.009999999999999738e-03,-7.490000000000000130e-03,-8.030000000000000679e-03,-8.649999999999999703e-03,-9.369999999999999857e-03,-1.021999999999999992e-02,-1.123000000000000040e-02,-1.252999999999999947e-02,-1.403000000000000080e-02,-1.590000000000000094e-02,-1.830000000000000029e-02,-2.146999999999999950e-02,-2.587000000000000063e-02,-3.234000000000000069e-02,-4.268000000000000266e-02,-6.162999999999999728e-02,-1.061900000000000066e-01,-3.078899999999999970e-01,5.870000000000000218e-03,6.210000000000000242e-03,6.590000000000000371e-03,7.020000000000000198e-03,7.499999999999999722e-03,8.040000000000000271e-03,8.670000000000000623e-03,9.390000000000000777e-03,1.024000000000000084e-02,1.123999999999999999e-02,1.244999999999999926e-02,1.392000000000000008e-02,1.575999999999999970e-02,1.813000000000000028e-02,2.126000000000000112e-02,2.559000000000000163e-02,3.194000000000000311e-02,4.207000000000000323e-02,6.053999999999999659e-02,1.036200000000000038e-01,2.942400000000000015e-01,5.870000000000000218e-03,6.210000000000000242e-03,6.590000000000000371e-03,7.009999999999999738e-03,7.490000000000000130e-03,8.030000000000000679e-03,8.649999999999999703e-03,9.369999999999999857e-03,1.021999999999999992e-02,1.123000000000000040e-02,1.252999999999999947e-02,1.403000000000000080e-02,1.590000000000000094e-02,1.830000000000000029e-02,2.146999999999999950e-02,2.588000000000000023e-02,3.234000000000000069e-02,4.268999999999999878e-02,6.165000000000000341e-02,1.062300000000000050e-01,3.080999999999999850e-01
cmzo*c/cref,-1.802143338242970586e-02,-1.139750307750160216e-02,-9.122166116272910699e-03,-7.773639077006701953e-03,-6.806148983746759980e-03,-6.038931524807339933e-03,-5.404348608816354760e-03,-4.848818121219156639e-03,-4.355197165153575599e-03,-3.909917826710420340e-03,-3.554999176320858181e-03,-3.091452566855289880e-03,-2.687884743307519895e-03,-2.323302070597295550e-03,-1.967407523770268053e-03,-1.639104914479862013e-03,-1.322195518490380155e-03,-1.016880890435382283e-03,-7.205620202590314353e-04,-4.278393332160950781e-04,-1.450140998577155254e-04,1.450140998577155254e-04,4.278393332160950781e-04,7.205620202590314353e-04,1.016880890435382283e-03,1.322195518490380155e-03,1.639104914479862013e-03,1.967407523770268053e-03,2.323302070597295550e-03,2.687884743307519895e-03,3.091452566855289880e-03,3.554999176320858181e-03,3.916717683800351527e-03,4.355197165153575599e-03,4.848818121219156639e-03,5.404348608816354760e-03,6.042930817207874464e-03,6.809448134974945346e-03,7.773639077006701953e-03,9.124064985156398605e-03,1.139990053292387964e-02,1.802640152307656909e-02,-3.770666797806580123e-03,-3.555568654872878417e-03,-3.347221837993086865e-03,-3.145184730031341889e-03,-2.944371226976082775e-03,-2.747145308817120195e-03,-2.552849547532542139e-03,-2.363340898206464733e-03,-2.173523991305840487e-03,-1.987263487659061967e-03,-1.803919878609851939e-03,-1.624461630106202462e-03,-1.444616912739362302e-03,-1.266594104125555193e-03,-1.092601581881005087e-03,-9.194233967971740529e-04,-7.487176879708787054e-04,-5.792403662557075832e-04,-4.123740240097256509e-04,-2.464186639437757564e-04,-8.247847486596967192e-05,8.247847486596967192e-05,2.464186639437757564e-04,4.123740240097256509e-04,5.792403662557075832e-04,7.487176879708787054e-04,9.194233967971740529e-04,1.092601581881005087e-03,1.266594104125555193e-03,1.444616912739362302e-03,1.624461630106202462e-03,1.803919878609851939e-03,1.989423556667386812e-03,2.173523991305840487e-03,2.363340898206464733e-03,2.554733569338839098e-03,2.748937314889407860e-03,2.946071210363482903e-03,3.145184730031341889e-03,3.348737789912467535e-03,3.556992591058249793e-03,3.771998718257942636e-03,-3.155637009815335809e-03,-3.177234398231140473e-03,-3.200609265382468697e-03,-3.227244192019417934e-03,-3.253245886643677410e-03,-3.278799166172575476e-03,-3.310693774167336977e-03,-3.341910233570381805e-03,-3.378644036458749306e-03,-3.416852433537433554e-03,-3.461537659513980528e-03,-3.508951883931445137e-03,-3.563723697005630707e-03,-3.629069833394385578e-03,-3.703790633968805611e-03,-3.792477119444596836e-03,-3.905172739765351998e-03,-4.052435233448741306e-03,-4.260926739822349166e-03,-4.603813947216416416e-03,-5.436613712554745972e-03,-3.155637009815335809e-03,-3.177234398231140473e-03,-3.200609265382468697e-03,-3.222646978070671780e-03,-3.248908225461485857e-03,-3.274721057756938090e-03,-3.303056648967412322e-03,-3.334792213903565051e-03,-3.372045122325040452e-03,-3.413812529237133728e-03,-3.483780471783950138e-03,-3.536680670370558489e-03,-3.595381141014564099e-03,-3.663098618373814442e-03,-3.740375583786935670e-03,-3.835472364348386457e-03,-3.955317457062683568e-03,-4.112171558811038644e-03,-4.338359738563545356e-03,-4.718909295896827304e-03,-5.690756088796085875e-03,3.155637009815335809e-03,3.177234398231140473e-03,3.200609265382468697e-03,3.227244192019417934e-03,3.253245886643677410e-03,3.278799166172575476e-03,3.310693774167336977e-03,3.341910233570381805e-03,3.378644036458749306e-03,3.416852433537433554e-03,3.461537659513980528e-03,3.508951883931445137e-03,3.563723697005630707e-03,3.629069833394385578e-03,3.703790633968805611e-03,3.793959714096452069e-03,3.906395781650653064e-03,4.053398722567488205e-03,4.261630676174541464e-03,4.604702714387693546e-03,5.438462020745591687e-03,3.155637009815335809e-03,3.177234398231140473e-03,3.200609265382468697e-03,3.222646978070671780e-03,3.248908225461485857e-03,3.274721057756938090e-03,3.303056648967412322e-03,3.334792213903565051e-03,3.372045122325040452e-03,3.413812529237133728e-03,3.483780471783950138e-03,3.536680670370558489e-03,3.595381141014564099e-03,3.663098618373814442e-03,3.740375583786935670e-03,3.836954959000241257e-03,3.955317457062683568e-03,4.113135047929784675e-03,4.339767611267930821e-03,4.720686830239381564e-03,5.694637535996862135e-03
cs,4.604900000000000104e-01,1.837999999999999912e-01,1.214900000000000008e-01,9.017000000000000015e-02,7.026999999999999913e-02,5.702000000000000124e-02,4.757999999999999730e-02,3.971999999999999836e-02,3.275000000000000133e-02,2.240999999999999936e-02,2.068000000000000047e-02,2.280000000000000082e-02,1.796999999999999986e-02,1.555999999999999918e-02,1.298000000000000022e-02,1.105000000000000079e-02,8.819999999999999715e-03,7.069999999999999896e-03,5.179999999999999709e-03,3.589999999999999875e-03,1.660000000000000017e-03,-1.660000000000000017e-03,-3.589999999999999875e-03,-5.190000000000000169e-03,-7.089999999999999948e-03,-8.829999999999999308e-03,-1.106000000000000039e-02,-1.298999999999999981e-02,-1.558000000000000010e-02,-1.798999999999999905e-02,-2.281000000000000041e-02,-2.060000000000000026e-02,-2.223999999999999935e-02,-3.262000000000000316e-02,-3.971000000000000224e-02,-4.766999999999999710e-02,-5.711000000000000104e-02,-7.033000000000000362e-02,-9.012000000000000566e-02,-1.214200000000000002e-01,-1.839600000000000124e-01,-4.608999999999999764e-01,1.739999999999999880e-01,-3.099999999999999999e-04,-5.000000000000000104e-04,-8.000000000000000383e-04,-7.699999999999999597e-04,-4.000000000000000192e-04,-3.699999999999999947e-04,-5.699999999999999772e-04,-6.999999999999999929e-04,-6.199999999999999999e-04,-4.800000000000000122e-04,-4.499999999999999877e-04,-5.400000000000000069e-04,-4.499999999999999877e-04,-3.299999999999999982e-04,-3.099999999999999999e-04,-2.300000000000000070e-04,-1.100000000000000039e-04,-3.000000000000000076e-05,2.000000000000000164e-05,8.000000000000000654e-05,-8.000000000000000654e-05,-2.000000000000000164e-05,2.000000000000000164e-05,1.000000000000000048e-04,2.100000000000000087e-04,2.799999999999999755e-04,2.999999999999999737e-04,4.200000000000000174e-04,5.100000000000000366e-04,4.200000000000000174e-04,4.400000000000000157e-04,5.500000000000000331e-04,6.199999999999999999e-04,5.299999999999999807e-04,3.600000000000000227e-04,3.899999999999999929e-04,7.500000000000000156e-04,7.799999999999999859e-04,4.699999999999999859e-04,2.700000000000000035e-04,-1.768200000000000049e-01,3.162000000000000227e-02,-1.285000000000000031e-02,-2.661000000000000171e-02,-3.545000000000000234e-02,-4.247999999999999693e-02,-4.832000000000000184e-02,-5.371000000000000080e-02,-5.879000000000000198e-02,-6.456000000000000627e-02,-7.025000000000000688e-02,-7.574999999999999789e-02,-8.182999999999999996e-02,-8.906000000000000028e-02,-9.639000000000000346e-02,-1.049299999999999955e-01,-1.149099999999999983e-01,-1.277899999999999869e-01,-1.419999999999999873e-01,-1.650399999999999923e-01,-2.042899999999999994e-01,-3.076200000000000045e-01,8.250000000000000389e-03,2.253000000000000141e-02,2.131999999999999867e-02,2.032000000000000126e-02,2.273000000000000020e-02,2.651999999999999844e-02,3.121000000000000163e-02,3.699999999999999817e-02,4.497999999999999915e-02,-2.001999999999999960e-02,2.543000000000000121e-02,1.206799999999999956e-01,1.297000000000000097e-01,1.391499999999999959e-01,1.496899999999999897e-01,1.628900000000000070e-01,1.796000000000000096e-01,2.042200000000000126e-01,2.369900000000000062e-01,2.939499999999999891e-01,4.441499999999999893e-01,-3.203000000000000291e-02,1.294000000000000011e-02,2.680000000000000090e-02,3.568000000000000338e-02,4.272999999999999715e-02,4.859000000000000125e-02,5.398000000000000020e-02,5.906999999999999751e-02,6.483999999999999486e-02,7.054000000000000548e-02,7.606000000000000261e-02,8.215999999999999692e-02,8.939999999999999336e-02,9.672000000000000042e-02,1.052499999999999963e-01,1.152500000000000052e-01,1.281499999999999861e-01,1.423500000000000043e-01,1.653999999999999915e-01,2.046399999999999886e-01,3.079600000000000115e-01,-8.319999999999999271e-03,-2.278000000000000164e-02,-2.145000000000000032e-02,-2.035999999999999963e-02,-2.274999999999999939e-02,-2.651999999999999844e-02,-3.122000000000000122e-02,-3.701999999999999735e-02,-4.501000000000000140e-02,2.111999999999999988e-02,-2.459000000000000075e-02,-1.211799999999999961e-01,-1.302300000000000124e-01,-1.397200000000000109e-01,-1.503099999999999992e-01,-1.635600000000000109e-01,-1.803299999999999903e-01,-2.050500000000000100e-01,-2.379300000000000026e-01,-2.950900000000000190e-01,-4.458099999999999841e-01
cs*c/cref,2.287779086473798115e-02,2.203261533071933578e-02,2.306935806548700632e-02,2.343527367347690918e-02,2.318313568045975853e-02,2.280396526784864153e-02,2.235990493978105842e-02,2.144711088806513025e-02,1.997656963008117778e-02,1.523847973853574220e-02,1.550999640639564095e-02,1.869631791095506881e-02,1.599380425074043918e-02,1.493825628863384991e-02,1.337013071127647959e-02,1.215577805704864262e-02,1.032014555140279080e-02,8.767497433387991257e-03,6.786384118075967746e-03,4.954655504018649383e-03,2.407234057638077754e-03,-2.407234057638077754e-03,-4.954655504018649383e-03,-6.799485245717042277e-03,-8.792299406325438521e-03,-1.033184639669916527e-02,-1.216677876117266792e-02,-1.338043127422815573e-02,-1.495745713219250733e-02,-1.601160481195439828e-02,-1.870451805038969920e-02,-1.544999642029739988e-02,-1.512288216800691289e-02,-1.989727332315261235e-02,-2.144171131331989999e-02,-2.240219984193701080e-02,-2.283995889945345317e-02,-2.320293058782887247e-02,-2.342227862319772730e-02,-2.305606598330259618e-02,-2.205179497409754871e-02,-2.289816024139011696e-02,2.317541585370345991e-02,-4.414202174651951421e-05,-7.579759596904634973e-05,-1.286374122712205211e-04,-1.308987208297681141e-04,-7.168024289150998337e-05,-6.970880683299192826e-05,-1.126341397974652767e-04,-1.447637292021016517e-04,-1.339242785161541777e-04,-1.081000676320510538e-04,-1.054845214354676886e-04,-1.315502753590650300e-04,-1.137659374963073569e-04,-8.646487338626659275e-05,-8.407706578381238607e-05,-6.449628023719179671e-05,-3.185822014406391328e-05,-8.964652695863601695e-06,6.160466598594393401e-06,2.537799226645221274e-05,-2.537799226645221274e-05,-6.160466598594393401e-06,5.976435130575735311e-06,2.896201831278537848e-05,5.888790804265337843e-05,7.594057554666923751e-05,7.860443035115143810e-05,1.061815416632201962e-04,1.242419267280058632e-04,9.845222000643651572e-05,9.909172866271347732e-05,1.188037954578787051e-04,1.282193030075757362e-04,1.047299896362396488e-04,6.782478502669484692e-05,6.988823681922223786e-05,1.274987540549689423e-04,1.254214769644399939e-04,7.124974021090356630e-05,3.844627700503312594e-05,-2.355101742098762024e-02,1.699850804946523297e-02,-6.574470534181990101e-03,-1.292385622941236503e-02,-1.629712344830318640e-02,-1.842638470194978700e-02,-1.970541986436055368e-02,-2.050949972439765345e-02,-2.092341881060732003e-02,-2.130129482361102153e-02,-2.135532770960896221e-02,-2.106116286812723115e-02,-2.062769631193319894e-02,-2.013865688168283569e-02,-1.929432108333617446e-02,-1.828027992579241492e-02,-1.703649514446358912e-02,-1.562925225225851242e-02,-1.368154548620354599e-02,-1.161776555658814575e-02,-9.078312271011985263e-03,-5.685765656680801493e-03,4.435094604936374967e-03,1.152706779261635991e-02,1.035462663701884958e-02,9.341538743851077881e-03,9.859503867121439252e-03,1.081514351827073291e-02,1.191773387448242030e-02,1.316833638361066157e-02,1.484095788671040313e-02,-6.085888409201016189e-03,7.070433950316508745e-03,3.042099952247462324e-02,2.932836062827603660e-02,2.785356135227957594e-02,2.607810065845674735e-02,2.414998428406295652e-02,2.196583226000179204e-02,1.967637478304569421e-02,1.668258761061454723e-02,1.306265549984812237e-02,8.209260829642994403e-03,-1.721891881164995183e-02,6.620517409518672687e-03,1.301613479700305769e-02,1.640285936912433407e-02,1.853482623150457670e-02,1.981552879158276700e-02,2.061260091459663629e-02,2.102307108594275026e-02,2.139367962148293681e-02,2.144348493431766714e-02,2.114735376567336567e-02,2.071088267125054116e-02,2.021553924570452729e-02,1.936037696006094599e-02,1.833602842075337733e-02,1.708690336262665491e-02,1.567328176012933866e-02,1.371526760535968399e-02,1.164310726526708237e-02,9.093865696509337640e-03,5.692049904529678829e-03,-4.472725710675228179e-03,-1.165497577966270216e-02,-1.041776460431774638e-02,-9.359927599646060761e-03,-9.868179189485822358e-03,-1.081514351827073291e-02,-1.192155243708238263e-02,-1.317545440327747702e-02,-1.485085625791096771e-02,6.420277882234039571e-03,-6.836884421481830877e-03,-3.054703946083422994e-02,-2.944820666630985559e-02,-2.796765786662237102e-02,-2.618611336744361071e-02,-2.424931812573722853e-02,-2.205511431762874688e-02,-1.975634437990167469e-02,-1.674875762772065971e-02,-1.311331522861092919e-02,-8.239942745611040023e-03
csi,4.604900000000000104e-01,1.837999999999999912e-01,1.214900000000000008e-01,9.017000000000000015e-02,7.026999999999999913e-02,5.702000000000000124e-02,4.757999999999999730e-02,3.971999999999999836e-02,3.275000000000000133e-02,2.240999999999999936e-02,2.068000000000000047e-02,2.280000000000000082e-02,1.796999999999999986e-02,1.555999999999999918e-02,1.298000000000000022e-02,1.105000000000000079e-02,8.819999999999999715e-03,7.069999999999999896e-03,5.179999999999999709e-03,3.589999999999999875e-03,1.660000000000000017e-03,-1.660000000000000017e-03,-3.589999999999999875e-03,-5.190000000000000169e-03,-7.089999999999999948e-03,-8.829999999999999308e-03,-1.106000000000000039e-02,-1.298999999999999981e-02,-1.558000000000000010e-02,-1.798999999999999905e-02,-2.281000000000000041e-02,-2.060000000000000026e-02,-2.223999999999999935e-02,-3.262000000000000316e-02,-3.971000000000000224e-02,-4.766999999999999710e-02,-5.711000000000000104e-02,-7.033000000000000362e-02,-9.012000000000000566e-02,-1.214200000000000002e-01,-1.839600000000000124e-01,-4.608999999999999764e-01,1.739999999999999880e-01,-3.099999999999999999e-04,-5.000000000000000104e-04,-8.000000000000000383e-04,-7.699999999999999597e-04,-4.000000000000000192e-04,-3.699999999999999947e-04,-5.699999999999999772e-04,-6.999999999999999929e-04,-6.199999999999999999e-04,-4.800000000000000122e-04,-4.499999999999999877e-04,-5.400000000000000069e-04,-4.499999999999999877e-04,-3.299999999999999982e-04,-3.099999999999999999e-04,-2.300000000000000070e-04,-1.100000000000000039e-04,-3.000000000000000076e-05,2.000000000000000164e-05,8.000000000000000654e-05,-8.000000000000000654e-05,-2.000000000000000164e-05,2.000000000000000164e-05,1.000000000000000048e-04,2.100000000000000087e-04,2.799999999999999755e-04,2.999999999999999737e-04,4.200000000000000174e-04,5.100000000000000366e-04,4.200000000000000174e-04,4.400000000000000157e-04,5.500000000000000331e-04,6.199999999999999999e-04,5.299999999999999807e-04,3.600000000000000227e-04,3.899999999999999929e-04,7.500000000000000156e-04,7.799999999999999859e-04,4.699999999999999859e-04,2.700000000000000035e-04,-1.768200000000000049e-01,3.162000000000000227e-02,-1.285000000000000031e-02,-2.661000000000000171e-02,-3.545000000000000234e-02,-4.247999999999999693e-02,-4.832000000000000184e-02,-5.371000000000000080e-02,-5.879000000000000198e-02,-6.456000000000000627e-02,-7.025000000000000688e-02,-7.574999999999999789e-02,-8.182999999999999996e-02,-8.906000000000000028e-02,-9.639000000000000346e-02,-1.049299999999999955e-01,-1.149099999999999983e-01,-1.277899999999999869e-01,-1.419999999999999873e-01,-1.650399999999999923e-01,-2.042899999999999994e-01,-3.076200000000000045e-01,8.250000000000000389e-03,2.253000000000000141e-02,2.131999999999999867e-02,2.032000000000000126e-02,2.273000000000000020e-02,2.651999999999999844e-02,3.121000000000000163e-02,3.699999999999999817e-02,4.497999999999999915e-02,-2.001999999999999960e-02,2.543000000000000121e-02,1.206799999999999956e-01,1.297000000000000097e-01,1.391499999999999959e-01,1.496899999999999897e-01,1.628900000000000070e-01,1.796000000000000096e-01,2.042200000000000126e-01,2.369900000000000062e-01,2.939499999999999891e-01,4.441499999999999893e-01,-3.203000000000000291e-02,1.294000000000000011e-02,2.680000000000000090e-02,3.568000000000000338e-02,4.272999999999999715e-02,4.859000000000000125e-02,5.398000000000000020e-02,5.906999999999999751e-02,6.483999999999999486e-02,7.054000000000000548e-02,7.606000000000000261e-02,8.215999999999999692e-02,8.939999999999999336e-02,9.672000000000000042e-02,1.052499999999999963e-01,1.152500000000000052e-01,1.281499999999999861e-01,1.423500000000000043e-01,1.653999999999999915e-01,2.046399999999999886e-01,3.079600000000000115e-01,-8.319999999999999271e-03,-2.278000000000000164e-02,-2.145000000000000032e-02,-2.035999999999999963e-02,-2.274999999999999939e-02,-2.651999999999999844e-02,-3.122000000000000122e-02,-3.701999999999999735e-02,-4.501000000000000140e-02,2.111999999999999988e-02,-2.459000000000000075e-02,-1.211799999999999961e-01,-1.302300000000000124e-01,-1.397200000000000109e-01,-1.503099999999999992e-01,-1.635600000000000109e-01,-1.803299999999999903e-01,-2.050500000000000100e-01,-2.379300000000000026e-01,-2.950900000000000190e-01,-4.458099999999999841e-01
csi*c/cref,2.287779086473798115e-02,2.203261533071933578e-02,2.306935806548700632e-02,2.343527367347690918e-02,2.318313568045975853e-02,2.280396526784864153e-02,2.235990493978105842e-02,2.144711088806513025e-02,1.997656963008117778e-02,1.523847973853574220e-02,1.550999640639564095e-02,1.869631791095506881e-02,1.599380425074043918e-02,1.493825628863384991e-02,1.337013071127647959e-02,1.215577805704864262e-02,1.032014555140279080e-02,8.767497433387991257e-03,6.786384118075967746e-03,4.954655504018649383e-03,2.407234057638077754e-03,-2.407234057638077754e-03,-4.954655504018649383e-03,-6.799485245717042277e-03,-8.792299406325438521e-03,-1.033184639669916527e-02,-1.216677876117266792e-02,-1.338043127422815573e-02,-1.495745713219250733e-02,-1.601160481195439828e-02,-1.870451805038969920e-02,-1.544999642029739988e-02,-1.512288216800691289e-02,-1.989727332315261235e-02,-2.144171131331989999e-02,-2.240219984193701080e-02,-2.283995889945345317e-02,-2.320293058782887247e-02,-2.342227862319772730e-02,-2.305606598330259618e-02,-2.205179497409754871e-02,-2.289816024139011696e-02,2.317541585370345991e-02,-4.414202174651951421e-05,-7.579759596904634973e-05,-1.286374122712205211e-04,-1.308987208297681141e-04,-7.168024289150998337e-05,-6.970880683299192826e-05,-1.126341397974652767e-04,-1.447637292021016517e-04,-1.339242785161541777e-04,-1.081000676320510538e-04,-1.054845214354676886e-04,-1.315502753590650300e-04,-1.137659374963073569e-04,-8.646487338626659275e-05,-8.407706578381238607e-05,-6.449628023719179671e-05,-3.185822014406391328e-05,-8.964652695863601695e-06,6.160466598594393401e-06,2.537799226645221274e-05,-2.537799226645221274e-05,-6.160466598594393401e-06,5.976435130575735311e-06,2.896201831278537848e-05,5.888790804265337843e-05,7.594057554666923751e-05,7.860443035115143810e-05,1.061815416632201962e-04,1.242419267280058632e-04,9.845222000643651572e-05,9.909172866271347732e-05,1.188037954578787051e-04,1.282193030075757362e-04,1.047299896362396488e-04,6.782478502669484692e-05,6.988823681922223786e-05,1.274987540549689423e-04,1.254214769644399939e-04,7.124974021090356630e-05,3.844627700503312594e-05,-2.355101742098762024e-02,1.699850804946523297e-02,-6.574470534181990101e-03,-1.292385622941236503e-02,-1.629712344830318640e-02,-1.842638470194978700e-02,-1.970541986436055368e-02,-2.050949972439765345e-02,-2.092341881060732003e-02,-2.130129482361102153e-02,-2.135532770960896221e-02,-2.106116286812723115e-02,-2.062769631193319894e-02,-2.013865688168283569e-02,-1.929432108333617446e-02,-1.828027992579241492e-02,-1.703649514446358912e-02,-1.562925225225851242e-02,-1.368154548620354599e-02,-1.161776555658814575e-02,-9.078312271011985263e-03,-5.685765656680801493e-03,4.435094604936374967e-03,1.152706779261635991e-02,1.035462663701884958e-02,9.341538743851077881e-03,9.859503867121439252e-03,1.081514351827073291e-02,1.191773387448242030e-02,1.316833638361066157e-02,1.484095788671040313e-02,-6.085888409201016189e-03,7.070433950316508745e-03,3.042099952247462324e-02,2.932836062827603660e-02,2.785356135227957594e-02,2.607810065845674735e-02,2.414998428406295652e-02,2.196583226000179204e-02,1.967637478304569421e-02,1.668258761061454723e-02,1.306265549984812237e-02,8.209260829642994403e-03,-1.721891881164995183e-02,6.620517409518672687e-03,1.301613479700305769e-02,1.640285936912433407e-02,1.853482623150457670e-02,1.981552879158276700e-02,2.061260091459663629e-02,2.102307108594275026e-02,2.139367962148293681e-02,2.144348493431766714e-02,2.114735376567336567e-02,2.071088267125054116e-02,2.021553924570452729e-02,1.936037696006094599e-02,1.833602842075337733e-02,1.708690336262665491e-02,1.567328176012933866e-02,1.371526760535968399e-02,1.164310726526708237e-02,9.093865696509337640e-03,5.692049904529678829e-03,-4.472725710675228179e-03,-1.165497577966270216e-02,-1.041776460431774638e-02,-9.359927599646060761e-03,-9.868179189485822358e-03,-1.081514351827073291e-02,-1.192155243708238263e-02,-1.317545440327747702e-02,-1.485085625791096771e-02,6.420277882234039571e-03,-6.836884421481830877e-03,-3.054703946083422994e-02,-2.944820666630985559e-02,-2.796765786662237102e-02,-2.618611336744361071e-02,-2.424931812573722853e-02,-2.205511431762874688e-02,-1.975634437990167469e-02,-1.674875762772065971e-02,-1.311331522861092919e-02,-8.239942745611040023e-03
cso,0.000000000000000000e+00,0.000000000000000000e+00,0.000000000000000000e+00,0.000000000000000000e+00,0.000000000000000000e+00,0.000000000000000000e+00,0.000000000000000000e+00,0.000000000000000000e+00,0.000000000000000000e+00,0.000000000000000000e+00,0.000000000000000000e+00,0.000000000000000000e+00,0.000000000000000000e+00,0.000000000000000000e+00,0.000000000000000000e+00,0.000000000000000000e+00,0.000000000000000000e+00,0.000000000000000000e+00,0.000000000000000000e+00,0.000000000000000000e+00,0.000000000000000000e+00,0.000000000000000000e+00,0.000000000000000000e+00,0.000000000000000000e+00,0.000000000000000000e+00,0.000000000000000000e+00,0.000000000000000000e+00,0.000000000000000000e+00,0.000000000000000000e+00,0.000000000000000000e+00,0.000000000000000000e+00,0.000000000000000000e+00,0.000000000000000000e+00,0.000000000000000000e+00,0.000000000000000000e+00,0.000000000000000000e+00,0.000000000000000000e+00,0.000000000000000000e+00,0.000000000000000000e+00,0.000000000000000000e+00,0.000000000000000000e+00,0.000000000000000000e+00,0.000000000000000000e+00,0.000000000000000000e+00,0.000000000000000000e+00,0.000000000000000000e+00,0.000000000000000000e+00,0.000000000000000000e+00,0.000000000000000000e+00,0.000000000000000000e+00,0.000000000000000000e+00,0.000000000000000000e+00,0.000000000000000000e+00,0.000000000000000000e+00,0.000000000000000000e+00,0.000000000000000000e+00,0.000000000000000000e+00,0.000000000000000000e+00,0.000000000000000000e+00,0.000000000000000000e+00,0.000000000000000000e+00,0.000000000000000000e+00,0.000000000000000000e+00,0.000000000000000000e+00,0.000000000000000000e+00,0.000000000000000000e+00,0.000000000000000000e+00,0.000000000000000000e+00,0.000000000000000000e+00,0.000000000000000000e+00,0.000000000000000000e+00,0.000000000000000000e+00,0.000000000000000000e+00,0.000000000000000000e+00,0.000000000000000000e+00,0.000000000000000000e+00,0.000000000000000000e+00,0.000000000000000000e+00,0.000000000000000000e+00,0.000000000000000000e+00,0.000000000000000000e+00,0.000000000000000000e+00,0.000000000000000000e+00,0.000000000000000000e+00,0.000000000000000000e+00,0.000000000000000000e+00,0.000000000000000000e+00,0.000000000000000000e+00,0.000000000000000000e+00,0.000000000000000000e+00,0.000000000000000000e+00,0.000000000000000000e+00,0.000000000000000000e+00,0.000000000000000000e+00,0.000000000000000000e+00,0.000000000000000000e+00,0.000000000000000000e+00,0.000000000000000000e+00,0.000000000000000000e+00,0.000000000000000000e+00,0.000000000000000000e+00,0.000000000000000000e+00,0.000000000000000000e+00,0.000000000000000000e+00,0.000000000000000000e+00,0.000000000000000000e+00,0.000000000000000000e+00,0.000000000000000000e+00,0.000000000000000000e+00,0.000000000000000000e+00,0.000000000000000000e+00,0.000000000000000000e+00,0.000000000000000000e+00,0.000000000000000000e+00,0.000000000000000000e+00,0.000000000000000000e+00,0.000000000000000000e+00,0.000000000000000000e+00,0.000000000000000000e+00,0.000000000000000000e+00,0.000000000000000000e+00,0.000000000000000000e+00,0.000000000000000000e+00,0.000000000000000000e+00,0.000000000000000000e+00,0.000000000000000000e+00,0.000000000000000000e+00,0.000000000000000000e+00,0.000000000000000000e+00,0.000000000000000000e+00,0.000000000000000000e+00,0.000000000000000000e+00,0.000000000000000000e+00,0.000000000000000000e+00,0.000000000000000000e+00,0.000000000000000000e+00,0.000000000000000000e+00,0.000000000000000000e+00,0.000000000000000000e+00,0.000000000000000000e+00,0.000000000000000000e+00,0.000000000000000000e+00,0.000000000000000000e+00,0.000000000000000000e+00,0.000000000000000000e+00,0.000000000000000000e+00,0.000000000000000000e+00,0.000000000000000000e+00,0.000000000000000000e+00,0.000000000000000000e+00,0.000000000000000000e+00,0.000000000000000000e+00,0.000000000000000000e+00,0.000000000000000000e+00,0.000000000000000000e+00,0.000000000000000000e+00,0.000000000000000000e+00,0.000000000000000000e+00,0.000000000000000000e+00,0.000000000000000000e+00,0.000000000000000000e+00,0.000000000000000000e+00,0.000000000000000000e+00,0.000000000000000000e+00,0.000000000000000000e+00,0.000000000000000000e+00,0.000000000000000000e+00,0.000000000000000000e+00
cso*c/cref,0.000000000000000000e+00,0.000000000000000000e+00,0.000000000000000000e+00,0.000000000000000000e+00,0.000000000000000000e+00,0.000000000000000000e+00,0.000000000000000000e+00,0.000000000000000000e+00,0.000000000000000000e+00,0.000000000000000000e+00,0.000000000000000000e+00,0.000000000000000000e+00,0.000000000000000000e+00,0.000000000000000000e+00,0.000000000000000000e+00,0.000000000000000000e+00,0.000000000000000000e+00,0.000000000000000000e+00,0.000000000000000000e+00,0.000000000000000000e+00,0.000000000000000000e+00,0.000000000000000000e+00,0.000000000000000000e+00,0.000000000000000000e+00,0.000000000000000000e+00,0.000000000000000000e+00,0.000000000000000000e+00,0.000000000000000000e+00,0.000000000000000000e+00,0.000000000000000000e+00,0.000000000000000000e+00,0.000000000000000000e+00,0.000000000000000000e+00,0.000000000000000000e+00,0.000000000000000000e+00,0.000000000000000000e+00,0.000000000000000000e+00,0.000000000000000000e+00,0.000000000000000000e+00,0.000000000000000000e+00,0.000000000000000000e+00,0.000000000000000000e+00,0.000000000000000000e+00,0.000000000000000000e+00,0.000000000000000000e+00,0.000000000000000000e+00,0.000000000000000000e+00,0.000000000000000000e+00,0.000000000000000000e+00,0.000000000000000000e+00,0.000000000000000000e+00,0.000000000000000000e+00,0.000000000000000000e+00,0.000000000000000000e+00,0.000000000000000000e+00,0.000000000000000000e+00,0.000000000000000000e+00,0.000000000000000000e+00,0.000000000000000000e+00,0.000000000000000000e+00,0.000000000000000000e+00,0.000000000000000000e+00,0.000000000000000000e+00,0.000000000000000000e+00,0.000000000000000000e+00,0.000000000000000000e+00,0.000000000000000000e+00,0.000000000000000000e+00,0.000000000000000000e+00,0.000000000000000000e+00,0.000000000000000000e+00,0.000000000000000000e+00,0.000000000000000000e+00,0.000000000000000000e+00,0.000000000000000000e+00,0.000000000000000000e+00,0.000000000000000000e+00,0.000000000000000000e+00,0.000000000000000000e+00,0.000000000000000000e+00,0.000000000000000000e+00,0.000000000000000000e+00,0.000000000000000000e+00,0.000000000000000000e+00,0.000000000000000000e+00,0.000000000000000000e+00,0.000000000000000000e+00,0.000000000000000000e+00,0.000000000000000000e+00,0.000000000000000000e+00,0.000000000000000000e+00,0.000000000000000000e+00,0.000000000000000000e+00,0.000000000000000000e+00,0.000000000000000000e+00,0.000000000000000000e+00,0.000000000000000000e+00,0.000000000000000000e+00,0.000000000000000000e+00,0.000000000000000000e+00,0.000000000000000000e+00,0.000000000000000000e+00,0.000000000000000000e+00,0.000000000000000000e+00,0.000000000000000000e+00,0.000000000000000000e+00,0.000000000000000000e+00,0.000000000000000000e+00,0.000000000000000000e+00,0.000000000000000000e+00,0.000000000000000000e+00,0.000000000000000000e+00,0.000000000000000000e+00,0.000000000000000000e+00,0.000000000000000000e+00,0.000000000000000000e+00,0.000000000000000000e+00,0.000000000000000000e+00,0.000000000000000000e+00,0.000000000000000000e+00,0.000000000000000000e+00,0.000000000000000000e+00,0.000000000000000000e+00,0.000000000000000000e+00,0.000000000000000000e+00,0.000000000000000000e+00,0.000000000000000000e+00,0.000000000000000000e+00,0.000000000000000000e+00,0.000000000000000000e+00,0.000000000000000000e+00,0.000000000000000000e+00,0.000000000000000000e+00,0.000000000000000000e+00,0.000000000000000000e+00,0.000000000000000000e+00,0.000000000000000000e+00,0.000000000000000000e+00,0.000000000000000000e+00,0.000000000000000000e+00,0.000000000000000000e+00,0.000000000000000000e+00,0.000000000000000000e+00,0.000000000000000000e+00,0.000000000000000000e+00,0.000000000000000000e+00,0.000000000000000000e+00,0.000000000000000000e+00,0.000000000000000000e+00,0.000000000000000000e+00,0.000000000000000000e+00,0.000000000000000000e+00,0.000000000000000000e+00,0.000000000000000000e+00,0.000000000000000000e+00,0.000000000000000000e+00,0.000000000000000000e+00,0.000000000000000000e+00,0.000000000000000000e+00,0.000000000000000000e+00,0.000000000000000000e+00,0.000000000000000000e+00,0.000000000000000000e+00,0.000000000000000000e+00,0.000000000000000000e+00,0.000000000000000000e+00,0.000000000000000000e+00,0.000000000000000000e+00
cx,-2.010000000000000120e-01,-1.085399999999999976e-01,-7.567999999999999727e-02,-5.677000000000000102e-02,-4.372000000000000192e-02,-3.493999999999999884e-02,-2.853999999999999940e-02,-2.338000000000000148e-02,-1.858999999999999889e-02,-1.531000000000000069e-02,-1.212000000000000056e-02,-9.960000000000000103e-03,-7.150000000000000105e-03,-5.680000000000000153e-03,-3.769999999999999914e-03,-2.490000000000000026e-03,-7.100000000000000191e-04,4.800000000000000122e-04,1.990000000000000015e-03,3.059999999999999786e-03,4.400000000000000265e-03,4.400000000000000265e-03,3.050000000000000194e-03,1.979999999999999989e-03,4.699999999999999859e-04,-6.999999999999999929e-04,-2.490000000000000026e-03,-3.769999999999999914e-03,-5.680000000000000153e-03,-7.159999999999999698e-03,-9.939999999999999183e-03,-1.209999999999999964e-02,-1.525999999999999926e-02,-1.855000000000000052e-02,-2.341999999999999985e-02,-2.859000000000000083e-02,-3.499000000000000027e-02,-4.376000000000000029e-02,-5.677999999999999714e-02,-7.570000000000000340e-02,-1.086199999999999943e-01,-2.011300000000000032e-01,6.440000000000000412e-03,6.450000000000000004e-03,6.629999999999999609e-03,6.309999999999999637e-03,6.510000000000000162e-03,6.179999999999999730e-03,5.989999999999999665e-03,5.830000000000000113e-03,6.700000000000000226e-03,6.499999999999999702e-03,6.340000000000000149e-03,6.309999999999999637e-03,6.930000000000000396e-03,7.000000000000000146e-03,6.870000000000000238e-03,6.760000000000000384e-03,7.150000000000000105e-03,6.830000000000000134e-03,6.729999999999999871e-03,6.669999999999999714e-03,6.729999999999999871e-03,6.729999999999999871e-03,6.660000000000000121e-03,6.709999999999999819e-03,6.799999999999999621e-03,7.119999999999999593e-03,6.709999999999999819e-03,6.819999999999999674e-03,6.949999999999999581e-03,6.910000000000000343e-03,6.259999999999999939e-03,6.279999999999999992e-03,6.429999999999999952e-03,6.590000000000000371e-03,5.790000000000000008e-03,5.960000000000000020e-03,6.159999999999999677e-03,6.479999999999999649e-03,6.259999999999999939e-03,6.590000000000000371e-03,6.409999999999999899e-03,6.400000000000000307e-03,5.470000000000000036e-03,5.429999999999999931e-03,5.380000000000000233e-03,5.309999999999999616e-03,5.210000000000000221e-03,5.130000000000000011e-03,5.029999999999999749e-03,4.939999999999999947e-03,4.689999999999999725e-03,4.559999999999999817e-03,4.369999999999999753e-03,4.109999999999999938e-03,3.720000000000000216e-03,3.540000000000000178e-03,3.010000000000000089e-03,2.500000000000000052e-03,1.610000000000000103e-03,1.049999999999999935e-03,-7.500000000000000156e-04,-4.049999999999999781e-03,-1.340000000000000045e-02,5.459999999999999576e-03,5.429999999999999931e-03,5.400000000000000286e-03,5.340000000000000129e-03,5.279999999999999971e-03,5.210000000000000221e-03,5.130000000000000011e-03,5.049999999999999802e-03,4.859999999999999737e-03,4.830000000000000092e-03,3.059999999999999786e-03,4.029999999999999728e-03,3.710000000000000190e-03,3.490000000000000047e-03,2.789999999999999945e-03,1.690000000000000096e-03,-1.900000000000000105e-04,-1.920000000000000049e-03,-5.380000000000000233e-03,-1.125999999999999918e-02,-2.809999999999999998e-02,5.470000000000000036e-03,5.429999999999999931e-03,5.380000000000000233e-03,5.309999999999999616e-03,5.199999999999999761e-03,5.130000000000000011e-03,5.020000000000000157e-03,4.930000000000000354e-03,4.669999999999999672e-03,4.550000000000000225e-03,4.360000000000000160e-03,4.100000000000000346e-03,3.710000000000000190e-03,3.510000000000000099e-03,2.980000000000000010e-03,2.469999999999999973e-03,1.559999999999999972e-03,1.000000000000000021e-03,-8.199999999999999824e-04,-4.139999999999999583e-03,-1.358000000000000006e-02,5.459999999999999576e-03,5.429999999999999931e-03,5.400000000000000286e-03,5.340000000000000129e-03,5.270000000000000379e-03,5.199999999999999761e-03,5.120000000000000419e-03,5.049999999999999802e-03,4.859999999999999737e-03,4.819999999999999632e-03,3.030000000000000141e-03,4.009999999999999676e-03,3.690000000000000138e-03,3.469999999999999994e-03,2.769999999999999893e-03,1.660000000000000017e-03,-2.300000000000000070e-04,-1.979999999999999989e-03,-5.479999999999999628e-03,-1.139000000000000082e-02,-2.835000000000000020e-02
cx*c/cref,-9.985962700193999272e-03,-1.301099057669356275e-02,-1.437063971023176158e-02,-1.475458008698329881e-02,-1.442388916962716178e-02,-1.397352764746810812e-02,-1.341218341701032844e-02,-1.262420575435455224e-02,-1.133937189078501086e-02,-1.041058120468461509e-02,-9.089997893883712543e-03,-8.167338876890898117e-03,-6.363700633989657560e-03,-5.453039570658115183e-03,-3.883312232782151503e-03,-2.739175326882454208e-03,-8.307600160426283206e-04,5.952473504987603609e-04,2.607124400573586180e-03,4.223188256907261205e-03,6.380620393739482900e-03,6.380620393739482900e-03,4.209386988093839245e-03,2.594023272932512950e-03,5.828463640300360783e-04,-8.190591707462532020e-04,-2.739175326882454208e-03,-3.883312232782151503e-03,-5.453039570658115183e-03,-6.372600914596636239e-03,-8.150938598021639087e-03,-9.074997897359151841e-03,-1.037658191923495829e-02,-1.131497302711468277e-02,-1.264580405333548367e-02,-1.343568058487474778e-02,-1.399352410947078164e-02,-1.443708577453990324e-02,-1.475717909703913415e-02,-1.437443744799873739e-02,-1.302058039838266748e-02,-9.992421283034919749e-03,8.577567706773006140e-04,9.184388395646803007e-04,1.005076122549554635e-03,1.014627589289251878e-03,1.106689185197130528e-03,1.107459752673829170e-03,1.128529061971950218e-03,1.152029885998636163e-03,1.385595693791544496e-03,1.404044855411293790e-03,1.427821726640007838e-03,1.479127400572891266e-03,1.688228533774667863e-03,1.769692361053670044e-03,1.800041455041368138e-03,1.833422466769586224e-03,2.004993059547484184e-03,1.978105850763241073e-03,2.011070421438734823e-03,2.054515610631229856e-03,2.134923599415292084e-03,2.134923599415292084e-03,2.051435377331932951e-03,2.005093986308158736e-03,1.969417245269405262e-03,1.996580501255676258e-03,1.819861649707680759e-03,1.786940716649509367e-03,1.757051701331857965e-03,1.683356301353961752e-03,1.467406898191172789e-03,1.414309218186001263e-03,1.388924372353018358e-03,1.362847107774071281e-03,1.144125735837410495e-03,1.122876996553059123e-03,1.103875740529253625e-03,1.101589235034931662e-03,1.006587751022300532e-03,9.990123148720310865e-04,9.127430948231938243e-04,8.524290888718515351e-04,2.940602119879026904e-03,2.778161478646552860e-03,2.612940492831210965e-03,2.441120606783918432e-03,2.259921475921808278e-03,2.092069617222053635e-03,1.920736987781050025e-03,1.758150857703693866e-03,1.547445364354641884e-03,1.386196360936894868e-03,1.215013620247075952e-03,1.036048293315965400e-03,8.411835122373697215e-04,7.085994048657542812e-04,5.243842807265336253e-04,3.706486629637017918e-04,1.969097435334236543e-04,1.011663574684065059e-04,-5.279522641445171346e-05,-1.799753521836533314e-04,-2.476732975733786563e-04,2.935226247630618682e-03,2.778161478646552860e-03,2.622654026261810305e-03,2.454912248630155593e-03,2.290285104197149150e-03,2.124694484547154025e-03,1.958922613780673515e-03,1.797299965871184931e-03,1.603536134491164106e-03,1.468273777045000584e-03,8.507875693263277110e-04,1.015881903178428259e-03,8.389222662367316376e-04,6.985909386953340463e-04,4.860571904408733288e-04,2.505584961634624297e-04,-2.323779582071459275e-05,-1.849899107993719174e-04,-3.787177574796669216e-04,-5.003759174291201465e-04,-5.193746016277566921e-04,2.940602119879026904e-03,2.778161478646552860e-03,2.612940492831210965e-03,2.441120606783918432e-03,2.255583814739616291e-03,2.092069617222053635e-03,1.916918425181087914e-03,1.754591847870285706e-03,1.540846450220933247e-03,1.383156456636594608e-03,1.212233268713329860e-03,1.033527494548773474e-03,8.389222662367316376e-04,7.025943251635020969e-04,5.191578593239436169e-04,3.662008790081373931e-04,1.907945341069197870e-04,9.634891187467287761e-05,-5.772278087980053300e-05,-1.839748044544011754e-04,-2.510002523169016682e-04,2.935226247630618682e-03,2.778161478646552860e-03,2.622654026261810305e-03,2.454912248630155593e-03,2.285947443014957597e-03,2.120616376131516205e-03,1.955104051180711188e-03,1.797299965871184931e-03,1.603536134491164106e-03,1.465233872744700107e-03,8.424465147250893241e-04,1.010840305644043974e-03,8.343997742354554697e-04,6.945875522271658872e-04,4.825729095058132871e-04,2.461107122078979768e-04,-2.812996336191766491e-05,-1.907708455118522822e-04,-3.857571210015938085e-04,-5.061529040424225757e-04,-5.239953721048719532e-04
cxi,-2.174099999999999921e-01,-1.194500000000000006e-01,-8.487999999999999712e-02,-6.506000000000000671e-02,-5.142999999999999655e-02,-4.222000000000000058e-02,-3.549999999999999684e-02,-3.008999999999999869e-02,-2.510000000000000078e-02,-2.165999999999999870e-02,-1.844000000000000153e-02,-1.602999999999999911e-02,-1.306000000000000043e-02,-1.145000000000000011e-02,-9.429999999999999147e-03,-8.059999999999999457e-03,-6.190000000000000190e-03,-4.930000000000000354e-03,-3.350000000000000113e-03,-2.220000000000000185e-03,-8.199999999999999824e-04,-8.199999999999999824e-04,-2.230000000000000211e-03,-3.360000000000000139e-03,-4.939999999999999947e-03,-6.190000000000000190e-03,-8.059999999999999457e-03,-9.429999999999999147e-03,-1.145000000000000011e-02,-1.306000000000000043e-02,-1.600999999999999993e-02,-1.841999999999999887e-02,-2.162000000000000033e-02,-2.505999999999999894e-02,-3.013000000000000053e-02,-3.554000000000000214e-02,-4.227000000000000202e-02,-5.145999999999999880e-02,-6.507000000000000284e-02,-8.490999999999999936e-02,-1.195299999999999974e-01,-2.175400000000000111e-01,-4.299999999999999894e-04,-3.600000000000000227e-04,-1.200000000000000030e-04,-4.000000000000000192e-04,-1.600000000000000131e-04,-4.400000000000000157e-04,-5.900000000000000296e-04,-7.100000000000000191e-04,2.000000000000000096e-04,4.000000000000000327e-05,-8.000000000000000654e-05,-6.999999999999999387e-05,5.800000000000000034e-04,6.899999999999999667e-04,5.900000000000000296e-04,5.199999999999999544e-04,9.399999999999999719e-04,6.400000000000000524e-04,5.800000000000000034e-04,5.500000000000000331e-04,6.400000000000000524e-04,6.400000000000000524e-04,5.400000000000000069e-04,5.500000000000000331e-04,6.199999999999999999e-04,9.100000000000000016e-04,4.600000000000000139e-04,5.400000000000000069e-04,6.400000000000000524e-04,5.699999999999999772e-04,-1.200000000000000030e-04,-1.399999999999999877e-04,-2.000000000000000164e-05,1.000000000000000048e-04,-7.399999999999999894e-04,-6.199999999999999999e-04,-4.600000000000000139e-04,-1.900000000000000105e-04,-4.499999999999999877e-04,-1.700000000000000122e-04,-4.000000000000000192e-04,-4.699999999999999859e-04,-1.299999999999999886e-04,-2.100000000000000087e-04,-2.999999999999999737e-04,-4.099999999999999912e-04,-5.599999999999999509e-04,-6.899999999999999667e-04,-8.400000000000000348e-04,-9.899999999999999946e-04,-1.309999999999999967e-03,-1.500000000000000031e-03,-1.770000000000000089e-03,-2.119999999999999923e-03,-2.599999999999999881e-03,-2.899999999999999800e-03,-3.559999999999999797e-03,-4.230000000000000253e-03,-5.320000000000000076e-03,-6.139999999999999625e-03,-8.309999999999999679e-03,-1.221999999999999996e-02,-2.305000000000000104e-02,-1.399999999999999877e-04,-2.100000000000000087e-04,-2.700000000000000035e-04,-3.800000000000000209e-04,-4.800000000000000122e-04,-5.999999999999999474e-04,-7.299999999999999632e-04,-8.700000000000000051e-04,-1.119999999999999902e-03,-1.219999999999999947e-03,-3.119999999999999944e-03,-2.249999999999999830e-03,-2.670000000000000064e-03,-3.000000000000000062e-03,-3.850000000000000124e-03,-5.109999999999999959e-03,-7.199999999999999803e-03,-9.209999999999999437e-03,-1.307999999999999961e-02,-1.963000000000000161e-02,-3.819999999999999785e-02,-1.299999999999999886e-04,-2.100000000000000087e-04,-2.999999999999999737e-04,-4.200000000000000174e-04,-5.699999999999999772e-04,-6.899999999999999667e-04,-8.499999999999999526e-04,-1.000000000000000021e-03,-1.319999999999999993e-03,-1.510000000000000057e-03,-1.779999999999999898e-03,-2.129999999999999949e-03,-2.619999999999999933e-03,-2.929999999999999879e-03,-3.589999999999999875e-03,-4.259999999999999898e-03,-5.360000000000000181e-03,-6.190000000000000190e-03,-8.380000000000000296e-03,-1.230999999999999976e-02,-2.322000000000000106e-02,-1.399999999999999877e-04,-2.100000000000000087e-04,-2.799999999999999755e-04,-3.800000000000000209e-04,-4.899999999999999842e-04,-5.999999999999999474e-04,-7.399999999999999894e-04,-8.700000000000000051e-04,-1.119999999999999902e-03,-1.229999999999999974e-03,-3.150000000000000022e-03,-2.259999999999999856e-03,-2.690000000000000117e-03,-3.020000000000000115e-03,-3.870000000000000176e-03,-5.139999999999999604e-03,-7.250000000000000368e-03,-9.280000000000000054e-03,-1.316999999999999942e-02,-1.976999999999999938e-02,-3.846000000000000113e-02
cxi*c/cref,-1.080123458034416492e-02,-1.431880250954529338e-02,-1.611759908304006075e-02,-1.690915942327168506e-02,-1.696753476655820866e-02,-1.688501251505734185e-02,-1.668298918373744416e-02,-1.624732040840583605e-02,-1.531028695313091902e-02,-1.472849045679090405e-02,-1.382999679564485794e-02,-1.314482351371095391e-02,-1.162376647271397626e-02,-1.099248293733018009e-02,-9.713430863431217477e-03,-8.866567523964891118e-03,-7.242823238456153924e-03,-6.113686329081017765e-03,-4.388877759759554978e-03,-3.063881676579777950e-03,-1.189115618833267319e-03,-1.189115618833267319e-03,-3.077682945393200344e-03,-4.401978887400628641e-03,-6.126087315549741397e-03,-7.242823238456153924e-03,-8.866567523964891118e-03,-9.713430863431217477e-03,-1.099248293733018009e-02,-1.162376647271397626e-02,-1.312842323484169661e-02,-1.381499679912029550e-02,-1.470129102843118103e-02,-1.528588808946058919e-02,-1.626891870738676749e-02,-1.670178691802897894e-02,-1.690500897706001537e-02,-1.697743222024276563e-02,-1.691175843332751866e-02,-1.612329568969052621e-02,-1.432839233123439811e-02,-1.080769316318508713e-02,-5.727257940857751655e-05,-5.126170267337750802e-05,-1.819142303257112353e-05,-6.431870613561026055e-05,-2.719973419839337775e-05,-7.884826718066097900e-05,-1.111572865715276635e-04,-1.402986653617549950e-04,4.136106548631476149e-05,8.640276033300270511e-06,-1.801667793867517677e-05,-1.640870333440608257e-05,1.412947402004772525e-04,1.744411041610045886e-04,1.545887130239311760e-04,1.410324974438143040e-04,2.635934931433056051e-04,1.853569172018264169e-04,1.733166187866962994e-04,1.694128314613458156e-04,2.030239381316177019e-04,2.030239381316177019e-04,1.663325981620486125e-04,1.643519660908327113e-04,1.795645135392693269e-04,2.551809348514979506e-04,1.247595169695280611e-04,1.414879746320725940e-04,1.618004444391926992e-04,1.388586239901241698e-04,-2.812920571612471878e-05,-3.152918639268155850e-05,-4.320138016650135255e-06,2.068053274315738075e-05,-1.462267779826742194e-04,-1.168093519904188940e-04,-8.243227932523648359e-05,-3.229968436059213206e-05,-7.235854440256153804e-05,-2.577118262947576257e-05,-5.695744741486389630e-05,-6.260026121402659542e-05,-6.988633922930044030e-05,-1.074427091189274561e-04,-1.457030014589894343e-04,-1.884857718985699735e-04,-2.429090262027278958e-04,-2.813894806789896661e-04,-3.207592583968354462e-04,-3.523419735074203945e-04,-4.322288757579064019e-04,-4.559856450450312294e-04,-4.921222214730719803e-04,-5.344093386447315184e-04,-5.879239601659034522e-04,-5.804910378843749271e-04,-6.202020064406842852e-04,-6.271375377345834740e-04,-6.506582829800085970e-04,-5.915823189104914412e-04,-5.849711086721248949e-04,-5.430367416504305184e-04,-4.260350379900282335e-04,-7.526221147770817378e-05,-1.074427091189274561e-04,-1.311327013130905044e-04,-1.746941300523331653e-04,-2.082077367451953625e-04,-2.446865049382518364e-04,-2.787550697972497908e-04,-3.096338555065209527e-04,-3.695391914876756511e-04,-3.708683246366253623e-04,-8.674696785288048100e-04,-5.671797226182292637e-04,-6.037526821703701483e-04,-6.005079702252155054e-04,-6.707240799990546194e-04,-7.576058670978064874e-04,-8.805901574165528800e-04,-8.873734783657371075e-04,-9.207487486680378166e-04,-8.723249786086703953e-04,-7.060537289032137176e-04,-6.988633922930044030e-05,-1.074427091189274561e-04,-1.457030014589894343e-04,-1.930829858473155853e-04,-2.472466873849195031e-04,-2.813894806789896661e-04,-3.245778209967977194e-04,-3.559009833408287174e-04,-4.355283328247606120e-04,-4.590255493453314350e-04,-4.949025730068180732e-04,-5.369301374119236610e-04,-5.924464521671797285e-04,-5.864961175866271114e-04,-6.254284278432742936e-04,-6.315853216901478728e-04,-6.555504505212116691e-04,-5.963997645042250694e-04,-5.898986631374738025e-04,-5.470361939211783623e-04,-4.291771619144665764e-04,-7.526221147770817378e-05,-1.074427091189274561e-04,-1.359894680283901477e-04,-1.746941300523331653e-04,-2.125453979273869156e-04,-2.446865049382518364e-04,-2.825736323972121182e-04,-3.096338555065209527e-04,-3.695391914876756511e-04,-3.739082289369255680e-04,-8.758107331300433052e-04,-5.697005213854212978e-04,-6.082751741716464246e-04,-6.045113566933835560e-04,-6.742083609341146611e-04,-7.620536510533708861e-04,-8.867053668430568015e-04,-8.941179021969642088e-04,-9.270841758377719715e-04,-8.785463488076114980e-04,-7.108593301994137019e-04
cxo,1.641000000000000097e-02,1.090999999999999956e-02,9.199999999999999845e-03,8.290000000000000493e-03,7.700000000000000247e-03,7.280000000000000013e-03,6.949999999999999581e-03,6.700000000000000226e-03,6.499999999999999702e-03,6.349999999999999742e-03,6.320000000000000097e-03,6.069999999999999875e-03,5.899999999999999863e-03,5.769999999999999955e-03,5.660000000000000100e-03,5.570000000000000298e-03,5.479999999999999628e-03,5.409999999999999878e-03,5.340000000000000129e-03,5.279999999999999971e-03,5.219999999999999814e-03,5.219999999999999814e-03,5.279999999999999971e-03,5.340000000000000129e-03,5.409999999999999878e-03,5.479999999999999628e-03,5.570000000000000298e-03,5.660000000000000100e-03,5.769999999999999955e-03,5.899999999999999863e-03,6.069999999999999875e-03,6.320000000000000097e-03,6.349999999999999742e-03,6.510000000000000162e-03,6.709999999999999819e-03,6.960000000000000041e-03,7.280000000000000013e-03,7.700000000000000247e-03,8.290000000000000493e-03,9.209999999999999437e-03,1.090999999999999956e-02,1.641000000000000097e-02,6.870000000000000238e-03,6.810000000000000081e-03,6.760000000000000384e-03,6.709999999999999819e-03,6.660000000000000121e-03,6.620000000000000016e-03,6.579999999999999911e-03,6.539999999999999807e-03,6.490000000000000109e-03,6.459999999999999597e-03,6.420000000000000359e-03,6.380000000000000254e-03,6.349999999999999742e-03,6.309999999999999637e-03,6.279999999999999992e-03,6.239999999999999887e-03,6.210000000000000242e-03,6.179999999999999730e-03,6.150000000000000085e-03,6.119999999999999572e-03,6.089999999999999927e-03,6.089999999999999927e-03,6.119999999999999572e-03,6.150000000000000085e-03,6.179999999999999730e-03,6.210000000000000242e-03,6.239999999999999887e-03,6.279999999999999992e-03,6.309999999999999637e-03,6.349999999999999742e-03,6.380000000000000254e-03,6.420000000000000359e-03,6.459999999999999597e-03,6.499999999999999702e-03,6.539999999999999807e-03,6.579999999999999911e-03,6.620000000000000016e-03,6.669999999999999714e-03,6.709999999999999819e-03,6.760000000000000384e-03,6.810000000000000081e-03,6.870000000000000238e-03,5.599999999999999943e-03,5.640000000000000048e-03,5.680000000000000153e-03,5.720000000000000258e-03,5.769999999999999955e-03,5.819999999999999653e-03,5.870000000000000218e-03,5.930000000000000375e-03,5.989999999999999665e-03,6.060000000000000282e-03,6.139999999999999625e-03,6.230000000000000294e-03,6.320000000000000097e-03,6.440000000000000412e-03,6.570000000000000319e-03,6.729999999999999871e-03,6.930000000000000396e-03,7.190000000000000210e-03,7.559999999999999880e-03,8.170000000000000179e-03,9.639999999999999264e-03,5.599999999999999943e-03,5.640000000000000048e-03,5.669999999999999693e-03,5.720000000000000258e-03,5.760000000000000363e-03,5.810000000000000060e-03,5.859999999999999758e-03,5.919999999999999915e-03,5.980000000000000072e-03,6.049999999999999822e-03,6.179999999999999730e-03,6.270000000000000399e-03,6.380000000000000254e-03,6.499999999999999702e-03,6.640000000000000069e-03,6.799999999999999621e-03,7.020000000000000198e-03,7.300000000000000065e-03,7.700000000000000247e-03,8.370000000000000703e-03,1.009999999999999960e-02,5.599999999999999943e-03,5.640000000000000048e-03,5.680000000000000153e-03,5.720000000000000258e-03,5.769999999999999955e-03,5.819999999999999653e-03,5.870000000000000218e-03,5.930000000000000375e-03,5.989999999999999665e-03,6.060000000000000282e-03,6.139999999999999625e-03,6.230000000000000294e-03,6.320000000000000097e-03,6.440000000000000412e-03,6.570000000000000319e-03,6.729999999999999871e-03,6.930000000000000396e-03,7.190000000000000210e-03,7.559999999999999880e-03,8.170000000000000179e-03,9.650000000000000591e-03,5.599999999999999943e-03,5.640000000000000048e-03,5.669999999999999693e-03,5.720000000000000258e-03,5.760000000000000363e-03,5.810000000000000060e-03,5.859999999999999758e-03,5.919999999999999915e-03,5.980000000000000072e-03,6.049999999999999822e-03,6.179999999999999730e-03,6.270000000000000399e-03,6.380000000000000254e-03,6.499999999999999702e-03,6.640000000000000069e-03,6.810000000000000081e-03,7.020000000000000198e-03,7.300000000000000065e-03,7.700000000000000247e-03,8.370000000000000703e-03,1.009999999999999960e-02
cxo*c/cref,8.152718801501667324e-04,1.307811932851729976e-03,1.746959372808300909e-03,2.154579336288384075e-03,2.540346445702862388e-03,2.911484867589233735e-03,3.266106333154232023e-03,3.617715079306052257e-03,3.964815346428325268e-03,4.317909252106290688e-03,4.739998901761143663e-03,4.977484636820055791e-03,5.251165558117340017e-03,5.539443366672064037e-03,5.830118630649066408e-03,6.127392197082437778e-03,6.412063222413525061e-03,6.708933679579777258e-03,6.996002160333141158e-03,7.287069933487038721e-03,7.569736012572749785e-03,7.569736012572749785e-03,7.287069933487038721e-03,6.996002160333141158e-03,6.708933679579777258e-03,6.412063222413525061e-03,6.127392197082437778e-03,5.830118630649066408e-03,5.539443366672064037e-03,5.251165558117340017e-03,4.977484636820055791e-03,4.739998901761143663e-03,4.317909252106290688e-03,3.970915062345907291e-03,3.623114654051284682e-03,3.270805766727115718e-03,2.911484867589233735e-03,2.540346445702862388e-03,2.154579336288384075e-03,1.748858241691787947e-03,1.307811932851729976e-03,8.152718801501667324e-04,9.150293500858780764e-04,9.697005422380578291e-04,1.024783497501506819e-03,1.078946295424861989e-03,1.132188936008124208e-03,1.186308019854490298e-03,1.239686348543477977e-03,1.292328551360391077e-03,1.342166575030913833e-03,1.395404579377993327e-03,1.445838404578682910e-03,1.495536103907297481e-03,1.546933793574190421e-03,1.595251256892665347e-03,1.645452742017436800e-03,1.692389969325771648e-03,1.741399566404178579e-03,1.789852731730136098e-03,1.837753802652038497e-03,1.885102779169884040e-03,1.931899661283674463e-03,1.931899661283674463e-03,1.885102779169884040e-03,1.837753802652038497e-03,1.789852731730136098e-03,1.741399566404178579e-03,1.692389969325771648e-03,1.645452742017436800e-03,1.595251256892665347e-03,1.546933793574190421e-03,1.495536103907297481e-03,1.445838404578682910e-03,1.395404579377993327e-03,1.344234628305229599e-03,1.292328551360391077e-03,1.239686348543477977e-03,1.186308019854490298e-03,1.133888919395523685e-03,1.078946295424861989e-03,1.024783497501506819e-03,9.697005422380578291e-04,9.150293500858780764e-04,3.010488459108327276e-03,2.885604187765480194e-03,2.758643494290200643e-03,2.629606378682488622e-03,2.502830502124535686e-03,2.373459097901043247e-03,2.241496246177885742e-03,2.110492831211114532e-03,1.976374783045694184e-03,1.842182005981926043e-03,1.707135841720147824e-03,1.570457631960697027e-03,1.429107472403273174e-03,1.289090442750129208e-03,1.144586287167217910e-03,9.977862006982853200e-04,8.475680265134322242e-04,6.927486763788979606e-04,5.321758822576732424e-04,3.630613894667772141e-04,1.781769095975649353e-04,3.010488459108327276e-03,2.885604187765480194e-03,2.753786727574900756e-03,2.629606378682488622e-03,2.498492840942344567e-03,2.369380989485405861e-03,2.237677683577922981e-03,2.106933821377705938e-03,1.973075325978839757e-03,1.839142101681625783e-03,1.718257247855132629e-03,1.580540827029465597e-03,1.442674948407101894e-03,1.301100602154633360e-03,1.156781270439928002e-03,1.008164363261268917e-03,8.585754034811391095e-04,7.033470566851120079e-04,5.420309911883709492e-04,3.719490611795502489e-04,1.866791272754570255e-04,3.010488459108327276e-03,2.885604187765480194e-03,2.758643494290200643e-03,2.629606378682488622e-03,2.502830502124535686e-03,2.373459097901043247e-03,2.241496246177885742e-03,2.110492831211114532e-03,1.976374783045694184e-03,1.842182005981926043e-03,1.707135841720147824e-03,1.570457631960697027e-03,1.429107472403273174e-03,1.289090442750129208e-03,1.144586287167217910e-03,9.977862006982853200e-04,8.475680265134322242e-04,6.927486763788979606e-04,5.321758822576732424e-04,3.630613894667772141e-04,1.783617404166495501e-04,3.010488459108327276e-03,2.885604187765480194e-03,2.753786727574900756e-03,2.629606378682488622e-03,2.498492840942344567e-03,2.369380989485405861e-03,2.237677683577922981e-03,2.106933821377705938e-03,1.973075325978839757e-03,1.839142101681625783e-03,1.718257247855132629e-03,1.580540827029465597e-03,1.442674948407101894e-03,1.301100602154633360e-03,1.156781270439928002e-03,1.009646957913123717e-03,8.585754034811391095e-04,7.033470566851120079e-04,5.420309911883709492e-04,3.719490611795502489e-04,1.866791272754570255e-04
cy,4.604900000000000104e-01,1.837999999999999912e-01,1.214900000000000008e-01,9.017000000000000015e-02,7.026999999999999913e-02,5.702000000000000124e-02,4.757999999999999730e-02,3.971999999999999836e-02,3.275000000000000133e-02,2.240999999999999936e-02,2.068000000000000047e-02,2.280000000000000082e-02,1.796999999999999986e-02,1.555999999999999918e-02,1.298000000000000022e-02,1.105000000000000079e-02,8.819999999999999715e-03,7.069999999999999896e-03,5.179999999999999709e-03,3.589999999999999875e-03,1.660000000000000017e-03,-1.660000000000000017e-03,-3.589999999999999875e-03,-5.190000000000000169e-03,-7.089999999999999948e-03,-8.829999999999999308e-03,-1.106000000000000039e-02,-1.298999999999999981e-02,-1.558000000000000010e-02,-1.798999999999999905e-02,-2.281000000000000041e-02,-2.060000000000000026e-02,-2.223999999999999935e-02,-3.262000000000000316e-02,-3.971000000000000224e-02,-4.766999999999999710e-02,-5.711000000000000104e-02,-7.033000000000000362e-02,-9.012000000000000566e-02,-1.214200000000000002e-01,-1.839600000000000124e-01,-4.608999999999999764e-01,1.739999999999999880e-01,-3.099999999999999999e-04,-5.000000000000000104e-04,-8.000000000000000383e-04,-7.699999999999999597e-04,-4.000000000000000192e-04,-3.699999999999999947e-04,-5.699999999999999772e-04,-6.999999999999999929e-04,-6.199999999999999999e-04,-4.800000000000000122e-04,-4.499999999999999877e-04,-5.400000000000000069e-04,-4.499999999999999877e-04,-3.299999999999999982e-04,-3.099999999999999999e-04,-2.300000000000000070e-04,-1.100000000000000039e-04,-3.000000000000000076e-05,2.000000000000000164e-05,8.000000000000000654e-05,-8.000000000000000654e-05,-2.000000000000000164e-05,2.000000000000000164e-05,1.000000000000000048e-04,2.100000000000000087e-04,2.799999999999999755e-04,2.999999999999999737e-04,4.200000000000000174e-04,5.100000000000000366e-04,4.200000000000000174e-04,4.400000000000000157e-04,5.500000000000000331e-04,6.199999999999999999e-04,5.299999999999999807e-04,3.600000000000000227e-04,3.899999999999999929e-04,7.500000000000000156e-04,7.799999999999999859e-04,4.699999999999999859e-04,2.700000000000000035e-04,-1.768200000000000049e-01,3.162000000000000227e-02,-1.285000000000000031e-02,-2.661000000000000171e-02,-3.545000000000000234e-02,-4.247999999999999693e-02,-4.832000000000000184e-02,-5.371000000000000080e-02,-5.879000000000000198e-02,-6.456000000000000627e-02,-7.025000000000000688e-02,-7.574999999999999789e-02,-8.182999999999999996e-02,-8.906000000000000028e-02,-9.639000000000000346e-02,-1.049299999999999955e-01,-1.149099999999999983e-01,-1.277899999999999869e-01,-1.419999999999999873e-01,-1.650399999999999923e-01,-2.042899999999999994e-01,-3.076200000000000045e-01,8.250000000000000389e-03,2.253000000000000141e-02,2.131999999999999867e-02,2.032000000000000126e-02,2.273000000000000020e-02,2.651999999999999844e-02,3.121000000000000163e-02,3.699999999999999817e-02,4.497999999999999915e-02,-2.001999999999999960e-02,2.543000000000000121e-02,1.206799999999999956e-01,1.297000000000000097e-01,1.391499999999999959e-01,1.496899999999999897e-01,1.628900000000000070e-01,1.796000000000000096e-01,2.042200000000000126e-01,2.369900000000000062e-01,2.939499999999999891e-01,4.441499999999999893e-01,-3.203000000000000291e-02,1.294000000000000011e-02,2.680000000000000090e-02,3.568000000000000338e-02,4.272999999999999715e-02,4.859000000000000125e-02,5.398000000000000020e-02,5.906999999999999751e-02,6.483999999999999486e-02,7.054000000000000548e-02,7.606000000000000261e-02,8.215999999999999692e-02,8.939999999999999336e-02,9.672000000000000042e-02,1.052499999999999963e-01,1.152500000000000052e-01,1.281499999999999861e-01,1.423500000000000043e-01,1.653999999999999915e-01,2.046399999999999886e-01,3.079600000000000115e-01,-8.319999999999999271e-03,-2.278000000000000164e-02,-2.145000000000000032e-02,-2.035999999999999963e-02,-2.274999999999999939e-02,-2.651999999999999844e-02,-3.122000000000000122e-02,-3.701999999999999735e-02,-4.501000000000000140e-02,2.111999999999999988e-02,-2.459000000000000075e-02,-1.211799999999999961e-01,-1.302300000000000124e-01,-1.397200000000000109e-01,-1.503099999999999992e-01,-1.635600000000000109e-01,-1.803299999999999903e-01,-2.050500000000000100e-01,-2.379300000000000026e-01,-2.950900000000000190e-01,-4.458099999999999841e-01
cy*c/cref,2.287779086473798115e-02,2.203261533071933578e-02,2.306935806548700632e-02,2.343527367347690918e-02,2.318313568045975853e-02,2.280396526784864153e-02,2.235990493978105842e-02,2.144711088806513025e-02,1.997656963008117778e-02,1.523847973853574220e-02,1.550999640639564095e-02,1.869631791095506881e-02,1.599380425074043918e-02,1.493825628863384991e-02,1.337013071127647959e-02,1.215577805704864262e-02,1.032014555140279080e-02,8.767497433387991257e-03,6.786384118075967746e-03,4.954655504018649383e-03,2.407234057638077754e-03,-2.407234057638077754e-03,-4.954655504018649383e-03,-6.799485245717042277e-03,-8.792299406325438521e-03,-1.033184639669916527e-02,-1.216677876117266792e-02,-1.338043127422815573e-02,-1.495745713219250733e-02,-1.601160481195439828e-02,-1.870451805038969920e-02,-1.544999642029739988e-02,-1.512288216800691289e-02,-1.989727332315261235e-02,-2.144171131331989999e-02,-2.240219984193701080e-02,-2.283995889945345317e-02,-2.320293058782887247e-02,-2.342227862319772730e-02,-2.305606598330259618e-02,-2.205179497409754871e-02,-2.289816024139011696e-02,2.317541585370345991e-02,-4.414202174651951421e-05,-7.579759596904634973e-05,-1.286374122712205211e-04,-1.308987208297681141e-04,-7.168024289150998337e-05,-6.970880683299192826e-05,-1.126341397974652767e-04,-1.447637292021016517e-04,-1.339242785161541777e-04,-1.081000676320510538e-04,-1.054845214354676886e-04,-1.315502753590650300e-04,-1.137659374963073569e-04,-8.646487338626659275e-05,-8.407706578381238607e-05,-6.449628023719179671e-05,-3.185822014406391328e-05,-8.964652695863601695e-06,6.160466598594393401e-06,2.537799226645221274e-05,-2.537799226645221274e-05,-6.160466598594393401e-06,5.976435130575735311e-06,2.896201831278537848e-05,5.888790804265337843e-05,7.594057554666923751e-05,7.860443035115143810e-05,1.061815416632201962e-04,1.242419267280058632e-04,9.845222000643651572e-05,9.909172866271347732e-05,1.188037954578787051e-04,1.282193030075757362e-04,1.047299896362396488e-04,6.782478502669484692e-05,6.988823681922223786e-05,1.274987540549689423e-04,1.254214769644399939e-04,7.124974021090356630e-05,3.844627700503312594e-05,-2.355101742098762024e-02,1.699850804946523297e-02,-6.574470534181990101e-03,-1.292385622941236503e-02,-1.629712344830318640e-02,-1.842638470194978700e-02,-1.970541986436055368e-02,-2.050949972439765345e-02,-2.092341881060732003e-02,-2.130129482361102153e-02,-2.135532770960896221e-02,-2.106116286812723115e-02,-2.062769631193319894e-02,-2.013865688168283569e-02,-1.929432108333617446e-02,-1.828027992579241492e-02,-1.703649514446358912e-02,-1.562925225225851242e-02,-1.368154548620354599e-02,-1.161776555658814575e-02,-9.078312271011985263e-03,-5.685765656680801493e-03,4.435094604936374967e-03,1.152706779261635991e-02,1.035462663701884958e-02,9.341538743851077881e-03,9.859503867121439252e-03,1.081514351827073291e-02,1.191773387448242030e-02,1.316833638361066157e-02,1.484095788671040313e-02,-6.085888409201016189e-03,7.070433950316508745e-03,3.042099952247462324e-02,2.932836062827603660e-02,2.785356135227957594e-02,2.607810065845674735e-02,2.414998428406295652e-02,2.196583226000179204e-02,1.967637478304569421e-02,1.668258761061454723e-02,1.306265549984812237e-02,8.209260829642994403e-03,-1.721891881164995183e-02,6.620517409518672687e-03,1.301613479700305769e-02,1.640285936912433407e-02,1.853482623150457670e-02,1.981552879158276700e-02,2.061260091459663629e-02,2.102307108594275026e-02,2.139367962148293681e-02,2.144348493431766714e-02,2.114735376567336567e-02,2.071088267125054116e-02,2.021553924570452729e-02,1.936037696006094599e-02,1.833602842075337733e-02,1.708690336262665491e-02,1.567328176012933866e-02,1.371526760535968399e-02,1.164310726526708237e-02,9.093865696509337640e-03,5.692049904529678829e-03,-4.472725710675228179e-03,-1.165497577966270216e-02,-1.041776460431774638e-02,-9.359927599646060761e-03,-9.868179189485822358e-03,-1.081514351827073291e-02,-1.192155243708238263e-02,-1.317545440327747702e-02,-1.485085625791096771e-02,6.420277882234039571e-03,-6.836884421481830877e-03,-3.054703946083422994e-02,-2.944820666630985559e-02,-2.796765786662237102e-02,-2.618611336744361071e-02,-2.424931812573722853e-02,-2.205511431762874688e-02,-1.975634437990167469e-02,-1.674875762772065971e-02,-1.311331522861092919e-02,-8.239942745611040023e-03
cyi,4.604900000000000104e-01,1.837999999999999912e-01,1.214900000000000008e-01,9.017000000000000015e-02,7.026999999999999913e-02,5.702000000000000124e-02,4.757999999999999730e-02,3.971999999999999836e-02,3.275000000000000133e-02,2.240999999999999936e-02,2.068000000000000047e-02,2.280000000000000082e-02,1.796999999999999986e-02,1.555999999999999918e-02,1.298000000000000022e-02,1.105000000000000079e-02,8.819999999999999715e-03,7.069999999999999896e-03,5.179999999999999709e-03,3.589999999999999875e-03,1.660000000000000017e-03,-1.660000000000000017e-03,-3.589999999999999875e-03,-5.190000000000000169e-03,-7.089999999999999948e-03,-8.829999999999999308e-03,-1.106000000000000039e-02,-1.298999999999999981e-02,-1.558000000000000010e-02,-1.798999999999999905e-02,-2.281000000000000041e-02,-2.060000000000000026e-02,-2.223999999999999935e-02,-3.262000000000000316e-02,-3.971000000000000224e-02,-4.766999999999999710e-02,-5.711000000000000104e-02,-7.033000000000000362e-02,-9.012000000000000566e-02,-1.214200000000000002e-01,-1.839600000000000124e-01,-4.608999999999999764e-01,1.739999999999999880e-01,-3.099999999999999999e-04,-5.000000000000000104e-04,-8.000000000000000383e-04,-7.699999999999999597e-04,-4.000000000000000192e-04,-3.699999999999999947e-04,-5.699999999999999772e-04,-6.999999999999999929e-04,-6.199999999999999999e-04,-4.800000000000000122e-04,-4.499999999999999877e-04,-5.400000000000000069e-04,-4.499999999999999877e-04,-3.299999999999999982e-04,-3.099999999999999999e-04,-2.300000000000000070e-04,-1.100000000000000039e-04,-3.000000000000000076e-05,2.000000000000000164e-05,8.000000000000000654e-05,-8.000000000000000654e-05,-2.000000000000000164e-05,2.000000000000000164e-05,1.000000000000000048e-04,2.100000000000000087e-04,2.799999999999999755e-04,2.999999999999999737e-04,4.200000000000000174e-04,5.100000000000000366e-04,4.200000000000000174e-04,4.400000000000000157e-04,5.500000000000000331e-04,6.199999999999999999e-04,5.299999999999999807e-04,3.600000000000000227e-04,3.899999999999999929e-04,7.500000000000000156e-04,7.799999999999999859e-04,4.699999999999999859e-04,2.700000000000000035e-04,-1.768200000000000049e-01,3.162000000000000227e-02,-1.285000000000000031e-02,-2.661000000000000171e-02,-3.545000000000000234e-02,-4.247999999999999693e-02,-4.832000000000000184e-02,-5.371000000000000080e-02,-5.879000000000000198e-02,-6.456000000000000627e-02,-7.025000000000000688e-02,-7.574999999999999789e-02,-8.182999999999999996e-02,-8.906000000000000028e-02,-9.639000000000000346e-02,-1.049299999999999955e-01,-1.149099999999999983e-01,-1.277899999999999869e-01,-1.419999999999999873e-01,-1.650399999999999923e-01,-2.042899999999999994e-01,-3.076200000000000045e-01,8.250000000000000389e-03,2.253000000000000141e-02,2.131999999999999867e-02,2.032000000000000126e-02,2.273000000000000020e-02,2.651999999999999844e-02,3.121000000000000163e-02,3.699999999999999817e-02,4.497999999999999915e-02,-2.001999999999999960e-02,2.543000000000000121e-02,1.206799999999999956e-01,1.297000000000000097e-01,1.391499999999999959e-01,1.496899999999999897e-01,1.628900000000000070e-01,1.796000000000000096e-01,2.042200000000000126e-01,2.369900000000000062e-01,2.939499999999999891e-01,4.441499999999999893e-01,-3.203000000000000291e-02,1.294000000000000011e-02,2.680000000000000090e-02,3.568000000000000338e-02,4.272999999999999715e-02,4.859000000000000125e-02,5.398000000000000020e-02,5.906999999999999751e-02,6.483999999999999486e-02,7.054000000000000548e-02,7.606000000000000261e-02,8.215999999999999692e-02,8.939999999999999336e-02,9.672000000000000042e-02,1.052499999999999963e-01,1.152500000000000052e-01,1.281499999999999861e-01,1.423500000000000043e-01,1.653999999999999915e-01,2.046399999999999886e-01,3.079600000000000115e-01,-8.319999999999999271e-03,-2.278000000000000164e-02,-2.145000000000000032e-02,-2.035999999999999963e-02,-2.274999999999999939e-02,-2.651999999999999844e-02,-3.122000000000000122e-02,-3.701999999999999735e-02,-4.501000000000000140e-02,2.111999999999999988e-02,-2.459000000000000075e-02,-1.211799999999999961e-01,-1.302300000000000124e-01,-1.397200000000000109e-01,-1.503099999999999992e-01,-1.635600000000000109e-01,-1.803299999999999903e-01,-2.050500000000000100e-01,-2.379300000000000026e-01,-2.950900000000000190e-01,-4.458099999999999841e-01
cyi*c/cref,2.287779086473798115e-02,2.203261533071933578e-02,2.306935806548700632e-02,2.343527367347690918e-02,2.318313568045975853e-02,2.280396526784864153e-02,2.235990493978105842e-02,2.144711088806513025e-02,1.997656963008117778e-02,1.523847973853574220e-02,1.550999640639564095e-02,1.869631791095506881e-02,1.599380425074043918e-02,1.493825628863384991e-02,1.337013071127647959e-02,1.215577805704864262e-02,1.032014555140279080e-02,8.767497433387991257e-03,6.786384118075967746e-03,4.954655504018649383e-03,2.407234057638077754e-03,-2.407234057638077754e-03,-4.954655504018649383e-03,-6.799485245717042277e-03,-8.792299406325438521e-03,-1.033184639669916527e-02,-1.216677876117266792e-02,-1.338043127422815573e-02,-1.495745713219250733e-02,-1.601160481195439828e-02,-1.870451805038969920e-02,-1.544999642029739988e-02,-1.512288216800691289e-02,-1.989727332315261235e-02,-2.144171131331989999e-02,-2.240219984193701080e-02,-2.283995889945345317e-02,-2.320293058782887247e-02,-2.342227862319772730e-02,-2.305606598330259618e-02,-2.205179497409754871e-02,-2.289816024139011696e-02,2.317541585370345991e-02,-4.414202174651951421e-05,-7.579759596904634973e-05,-1.286374122712205211e-04,-1.308987208297681141e-04,-7.168024289150998337e-05,-6.970880683299192826e-05,-1.126341397974652767e-04,-1.447637292021016517e-04,-1.339242785161541777e-04,-1.081000676320510538e-04,-1.054845214354676886e-04,-1.315502753590650300e-04,-1.137659374963073569e-04,-8.646487338626659275e-05,-8.407706578381238607e-05,-6.449628023719179671e-05,-3.185822014406391328e-05,-8.964652695863601695e-06,6.160466598594393401e-06,2.537799226645221274e-05,-2.537799226645221274e-05,-6.160466598594393401e-06,5.976435130575735311e-06,2.896201831278537848e-05,5.888790804265337843e-05,7.594057554666923751e-05,7.860443035115143810e-05,1.061815416632201962e-04,1.242419267280058632e-04,9.845222000643651572e-05,9.909172866271347732e-05,1.188037954578787051e-04,1.282193030075757362e-04,1.047299896362396488e-04,6.782478502669484692e-05,6.988823681922223786e-05,1.274987540549689423e-04,1.254214769644399939e-04,7.124974021090356630e-05,3.844627700503312594e-05,-2.355101742098762024e-02,1.699850804946523297e-02,-6.574470534181990101e-03,-1.292385622941236503e-02,-1.629712344830318640e-02,-1.842638470194978700e-02,-1.970541986436055368e-02,-2.050949972439765345e-02,-2.092341881060732003e-02,-2.130129482361102153e-02,-2.135532770960896221e-02,-2.106116286812723115e-02,-2.062769631193319894e-02,-2.013865688168283569e-02,-1.929432108333617446e-02,-1.828027992579241492e-02,-1.703649514446358912e-02,-1.562925225225851242e-02,-1.368154548620354599e-02,-1.161776555658814575e-02,-9.078312271011985263e-03,-5.685765656680801493e-03,4.435094604936374967e-03,1.152706779261635991e-02,1.035462663701884958e-02,9.341538743851077881e-03,9.859503867121439252e-03,1.081514351827073291e-02,1.191773387448242030e-02,1.316833638361066157e-02,1.484095788671040313e-02,-6.085888409201016189e-03,7.070433950316508745e-03,3.042099952247462324e-02,2.932836062827603660e-02,2.785356135227957594e-02,2.607810065845674735e-02,2.414998428406295652e-02,2.196583226000179204e-02,1.967637478304569421e-02,1.668258761061454723e-02,1.306265549984812237e-02,8.209260829642994403e-03,-1.721891881164995183e-02,6.620517409518672687e-03,1.301613479700305769e-02,1.640285936912433407e-02,1.853482623150457670e-02,1.981552879158276700e-02,2.061260091459663629e-02,2.102307108594275026e-02,2.139367962148293681e-02,2.144348493431766714e-02,2.114735376567336567e-02,2.071088267125054116e-02,2.021553924570452729e-02,1.936037696006094599e-02,1.833602842075337733e-02,1.708690336262665491e-02,1.567328176012933866e-02,1.371526760535968399e-02,1.164310726526708237e-02,9.093865696509337640e-03,5.692049904529678829e-03,-4.472725710675228179e-03,-1.165497577966270216e-02,-1.041776460431774638e-02,-9.359927599646060761e-03,-9.868179189485822358e-03,-1.081514351827073291e-02,-1.192155243708238263e-02,-1.317545440327747702e-02,-1.485085625791096771e-02,6.420277882234039571e-03,-6.836884421481830877e-03,-3.054703946083422994e-02,-2.944820666630985559e-02,-2.796765786662237102e-02,-2.618611336744361071e-02,-2.424931812573722853e-02,-2.205511431762874688e-02,-1.975634437990167469e-02,-1.674875762772065971e-02,-1.311331522861092919e-02,-8.239942745611040023e-03
cyo,0.000000000000000000e+00,0.000000000000000000e+00,0.000000000000000000e+00,0.000000000000000000e+00,0.000000000000000000e+00,0.000000000000000000e+00,0.000000000000000000e+00,0.000000000000000000e+00,0.000000000000000000e+00,0.000000000000000000e+00,0.000000000000000000e+00,0.000000000000000000e+00,0.000000000000000000e+00,0.000000000000000000e+00,0.000000000000000000e+00,0.000000000000000000e+00,0.000000000000000000e+00,0.000000000000000000e+00,0.000000000000000000e+00,0.000000000000000000e+00,0.000000000000000000e+00,0.000000000000000000e+00,0.000000000000000000e+00,0.000000000000000000e+00,0.000000000000000000e+00,0.000000000000000000e+00,0.000000000000000000e+00,0.000000000000000000e+00,0.000000000000000000e+00,0.000000000000000000e+00,0.000000000000000000e+00,0.000000000000000000e+00,0.000000000000000000e+00,0.000000000000000000e+00,0.000000000000000000e+00,0.000000000000000000e+00,0.000000000000000000e+00,0.000000000000000000e+00,0.000000000000000000e+00,0.000000000000000000e+00,0.000000000000000000e+00,0.000000000000000000e+00,0.000000000000000000e+00,0.000000000000000000e+00,0.000000000000000000e+00,0.000000000000000000e+00,0.000000000000000000e+00,0.000000000000000000e+00,0.000000000000000000e+00,0.000000000000000000e+00,0.000000000000000000e+00,0.000000000000000000e+00,0.000000000000000000e+00,0.000000000000000000e+00,0.000000000000000000e+00,0.000000000000000000e+00,0.000000000000000000e+00,0.000000000000000000e+00,0.000000000000000000e+00,0.000000000000000000e+00,0.000000000000000000e+00,0.000000000000000000e+00,0.000000000000000000e+00,0.000000000000000000e+00,0.000000000000000000e+00,0.000000000000000000e+00,0.000000000000000000e+00,0.000000000000000000e+00,0.000000000000000000e+00,0.000000000000000000e+00,0.000000000000000000e+00,0.000000000000000000e+00,0.000000000000000000e+00,0.000000000000000000e+00,0.000000000000000000e+00,0.000000000000000000e+00,0.000000000000000000e+00,0.000000000000000000e+00,0.000000000000000000e+00,0.000000000000000000e+00,0.000000000000000000e+00,0.000000000000000000e+00,0.000000000000000000e+00,0.000000000000000000e+00,0.000000000000000000e+00,0.000000000000000000e+00,0.000000000000000000e+00,0.000000000000000000e+00,0.000000000000000000e+00,0.000000000000000000e+00,0.000000000000000000e+00,0.000000000000000000e+00,0.000000000000000000e+00,0.000000000000000000e+00,0.000000000000000000e+00,0.000000000000000000e+00,0.000000000000000000e+00,0.000000000000000000e+00,0.000000000000000000e+00,0.000000000000000000e+00,0.000000000000000000e+00,0.000000000000000000e+00,0.000000000000000000e+00,0.000000000000000000e+00,0.000000000000000000e+00,0.000000000000000000e+00,0.000000000000000000e+00,0.000000000000000000e+00,0.000000000000000000e+00,0.000000000000000000e+00,0.000000000000000000e+00,0.000000000000000000e+00,0.000000000000000000e+00,0.000000000000000000e+00,0.000000000000000000e+00,0.000000000000000000e+00,0.000000000000000000e+00,0.000000000000000000e+00,0.000000000000000000e+00,0.000000000000000000e+00,0.000000000000000000e+00,0.000000000000000000e+00,0.000000000000000000e+00,0.000000000000000000e+00,0.000000000000000000e+00,0.000000000000000000e+00,0.000000000000000000e+00,0.000000000000000000e+00,0.000000000000000000e+00,0.000000000000000000e+00,0.000000000000000000e+00,0.000000000000000000e+00,0.000000000000000000e+00,0.000000000000000000e+00,0.000000000000000000e+00,0.000000000000000000e+00,0.000000000000000000e+00,0.000000000000000000e+00,0.000000000000000000e+00,0.000000000000000000e+00,0.000000000000000000e+00,0.000000000000000000e+00,0.000000000000000000e+00,0.000000000000000000e+00,0.000000000000000000e+00,0.000000000000000000e+00,0.000000000000000000e+00,0.000000000000000000e+00,0.000000000000000000e+00,0.000000000000000000e+00,0.000000000000000000e+00,0.000000000000000000e+00,0.000000000000000000e+00,0.000000000000000000e+00,0.000000000000000000e+00,0.000000000000000000e+00,0.000000000000000000e+00,0.000000000000000000e+00,0.000000000000000000e+00,0.000000000000000000e+00,0.000000000000000000e+00,0.000000000000000000e+00,0.000000000000000000e+00,0.000000000000000000e+00,0.000000000000000000e+00,0.000000000000000000e+00,0.000000000000000000e+00,0.000000000000000000e+00
cyo*c/cref,0.000000000000000000e+00,0.000000000000000000e+00,0.000000000000000000e+00,0.000000000000000000e+00,0.000000000000000000e+00,0.000000000000000000e+00,0.000000000000000000e+00,0.000000000000000000e+00,0.000000000000000000e+00,0.000000000000000000e+00,0.000000000000000000e+00,0.000000000000000000e+00,0.000000000000000000e+00,0.000000000000000000e+00,0.000000000000000000e+00,0.000000000000000000e+00,0.000000000000000000e+00,0.000000000000000000e+00,0.000000000000000000e+00,0.000000000000000000e+00,0.000000000000000000e+00,0.000000000000000000e+00,0.000000000000000000e+00,0.000000000000000000e+00,0.000000000000000000e+00,0.000000000000000000e+00,0.000000000000000000e+00,0.000000000000000000e+00,0.000000000000000000e+00,0.000000000000000000e+00,0.000000000000000000e+00,0.000000000000000000e+00,0.000000000000000000e+00,0.000000000000000000e+00,0.000000000000000000e+00,0.000000000000000000e+00,0.000000000000000000e+00,0.000000000000000000e+00,0.000000000000000000e+00,0.000000000000000000e+00,0.000000000000000000e+00,0.000000000000000000e+00,0.000000000000000000e+00,0.000000000000000000e+00,0.000000000000000000e+00,0.000000000000000000e+00,0.000000000000000000e+00,0.000000000000000000e+00,0.000000000000000000e+00,0.000000000000000000e+00,0.000000000000000000e+00,0.000000000000000000e+00,0.000000000000000000e+00,0.000000000000000000e+00,0.000000000000000000e+00,0.000000000000000000e+00,0.000000000000000000e+00,0.000000000000000000e+00,0.000000000000000000e+00,0.000000000000000000e+00,0.000000000000000000e+00,0.000000000000000000e+00,0.000000000000000000e+00,0.000000000000000000e+00,0.000000000000000000e+00,0.000000000000000000e+00,0.000000000000000000e+00,0.000000000000000000e+00,0.000000000000000000e+00,0.000000000000000000e+00,0.000000000000000000e+00,0.000000000000000000e+00,0.000000000000000000e+00,0.000000000000000000e+00,0.000000000000000000e+00,0.000000000000000000e+00,0.000000000000000000e+00,0.000000000000000000e+00,0.000000000000000000e+00,0.000000000000000000e+00,0.000000000000000000e+00,0.000000000000000000e+00,0.000000000000000000e+00,0.000000000000000000e+00,0.000000000000000000e+00,0.000000000000000000e+00,0.000000000000000000e+00,0.000000000000000000e+00,0.000000000000000000e+00,0.000000000000000000e+00,0.000000000000000000e+00,0.000000000000000000e+00,0.000000000000000000e+00,0.000000000000000000e+00,0.000000000000000000e+00,0.000000000000000000e+00,0.000000000000000000e+00,0.000000000000000000e+00,0.000000000000000000e+00,0.000000000000000000e+00,0.000000000000000000e+00,0.000000000000000000e+00,0.000000000000000000e+00,0.000000000000000000e+00,0.000000000000000000e+00,0.000000000000000000e+00,0.000000000000000000e+00,0.000000000000000000e+00,0.000000000000000000e+00,0.000000000000000000e+00,0.000000000000000000e+00,0.000000000000000000e+00,0.000000000000000000e+00,0.000000000000000000e+00,0.000000000000000000e+00,0.000000000000000000e+00,0.000000000000000000e+00,0.000000000000000000e+00,0.000000000000000000e+00,0.000000000000000000e+00,0.000000000000000000e+00,0.000000000000000000e+00,0.000000000000000000e+00,0.000000000000000000e+00,0.000000000000000000e+00,0.000000000000000000e+00,0.000000000000000000e+00,0.000000000000000000e+00,0.000000000000000000e+00,0.000000000000000000e+00,0.000000000000000000e+00,0.000000000000000000e+00,0.000000000000000000e+00,0.000000000000000000e+00,0.000000000000000000e+00,0.000000000000000000e+00,0.000000000000000000e+00,0.000000000000000000e+00,0.000000000000000000e+00,0.000000000000000000e+00,0.000000000000000000e+00,0.000000000000000000e+00,0.000000000000000000e+00,0.000000000000000000e+00,0.000000000000000000e+00,0.000000000000000000e+00,0.000000000000000000e+00,0.000000000000000000e+00,0.000000000000000000e+00,0.000000000000000000e+00,0.000000000000000000e+00,0.000000000000000000e+00,0.000000000000000000e+00,0.000000000000000000e+00,0.000000000000000000e+00,0.000000000000000000e+00,0.000000000000000000e+00,0.000000000000000000e+00,0.000000000000000000e+00,0.000000000000000000e+00,0.000000000000000000e+00,0.000000000000000000e+00,0.000000000000000000e+00,0.000000000000000000e+00,0.000000000000000000e+00,0.000000000000000000e+00,0.000000000000000000e+00,0.000000000000000000e+00
cz,1.178350000000000009e+00,8.067699999999999871e-01,6.664499999999999869e-01,5.834000000000000297e-01,5.258800000000000141e-01,4.817500000000000115e-01,4.473900000000000099e-01,4.197000000000000175e-01,3.978700000000000014e-01,3.820100000000000162e-01,3.892700000000000049e-01,3.480500000000000260e-01,3.212700000000000000e-01,3.002600000000000269e-01,2.828800000000000203e-01,2.678099999999999925e-01,2.541700000000000070e-01,2.416800000000000059e-01,2.300899999999999890e-01,2.192900000000000127e-01,2.091200000000000003e-01,2.091399999999999926e-01,2.193499999999999894e-01,2.301900000000000057e-01,2.418299999999999894e-01,2.544100000000000250e-01,2.681299999999999795e-01,2.832899999999999863e-01,3.007600000000000273e-01,3.218400000000000150e-01,3.486899999999999999e-01,3.900299999999999878e-01,3.826600000000000001e-01,3.984199999999999964e-01,4.201699999999999879e-01,4.477999999999999758e-01,4.821099999999999830e-01,5.261700000000000266e-01,5.836000000000000076e-01,6.666800000000000503e-01,8.070800000000000196e-01,1.178739999999999899e+00,3.568500000000000005e-01,1.415399999999999991e-01,1.446800000000000030e-01,1.475100000000000022e-01,1.496500000000000052e-01,1.508500000000000119e-01,1.512499999999999956e-01,1.514399999999999913e-01,1.508500000000000119e-01,1.502199999999999924e-01,1.486899999999999888e-01,1.473200000000000065e-01,1.452700000000000102e-01,1.430400000000000005e-01,1.405800000000000105e-01,1.381100000000000105e-01,1.353600000000000081e-01,1.327800000000000091e-01,1.299200000000000077e-01,1.270100000000000118e-01,1.238800000000000040e-01,1.238900000000000001e-01,1.270399999999999863e-01,1.299700000000000022e-01,1.328400000000000136e-01,1.354400000000000048e-01,1.382299999999999918e-01,1.407200000000000117e-01,1.431900000000000117e-01,1.454999999999999905e-01,1.475899999999999990e-01,1.490400000000000058e-01,1.506699999999999984e-01,1.514699999999999935e-01,1.521800000000000097e-01,1.520799999999999930e-01,1.517400000000000138e-01,1.505499999999999894e-01,1.484300000000000064e-01,1.456199999999999994e-01,1.424799999999999955e-01,3.613100000000000200e-01,-3.298000000000000237e-02,-1.129999999999999928e-03,-1.299999999999999886e-04,4.299999999999999894e-04,7.900000000000000121e-04,1.110000000000000092e-03,1.440000000000000091e-03,1.740000000000000010e-03,2.289999999999999935e-03,2.769999999999999893e-03,3.419999999999999863e-03,4.120000000000000398e-03,5.199999999999999761e-03,5.910000000000000323e-03,7.219999999999999855e-03,8.659999999999999296e-03,1.089000000000000037e-02,1.285999999999999990e-02,1.771000000000000005e-02,2.786999999999999894e-02,6.701000000000000012e-02,2.372000000000000150e-02,-1.200000000000000030e-04,6.700000000000000226e-04,1.800000000000000113e-04,-4.800000000000000122e-04,-9.499999999999999981e-04,-1.309999999999999967e-03,-1.590000000000000050e-03,-2.180000000000000080e-03,-1.002299999999999996e-01,-1.098399999999999932e-01,-3.500000000000000073e-03,-4.930000000000000354e-03,-5.830000000000000113e-03,-7.689999999999999787e-03,-1.039999999999999952e-02,-1.473000000000000004e-02,-1.926999999999999894e-02,-2.790000000000000119e-02,-4.456000000000000238e-02,-1.106700000000000045e-01,-3.341999999999999832e-02,-1.149999999999999981e-03,-1.200000000000000030e-04,4.299999999999999894e-04,8.000000000000000383e-04,1.119999999999999902e-03,1.459999999999999926e-03,1.760000000000000063e-03,2.309999999999999987e-03,2.789999999999999945e-03,3.439999999999999915e-03,4.150000000000000043e-03,5.230000000000000274e-03,5.960000000000000020e-03,7.280000000000000013e-03,8.739999999999999505e-03,1.097000000000000058e-02,1.298000000000000022e-02,1.787000000000000047e-02,2.809999999999999998e-02,6.750000000000000444e-02,2.398000000000000131e-02,-1.499999999999999869e-04,6.700000000000000226e-04,1.800000000000000113e-04,-4.899999999999999842e-04,-9.499999999999999981e-04,-1.319999999999999993e-03,-1.600000000000000077e-03,-2.190000000000000106e-03,-1.018099999999999977e-01,-1.115600000000000064e-01,-3.510000000000000099e-03,-4.950000000000000407e-03,-5.870000000000000218e-03,-7.740000000000000352e-03,-1.047000000000000014e-02,-1.482999999999999943e-02,-1.941000000000000017e-02,-2.809999999999999998e-02,-4.487000000000000016e-02,-1.113999999999999990e-01
cz*c/cref,5.854208531230645912e-02,9.670975555149313729e-02,1.265501167400100158e-01,1.516262466574961609e-01,1.734957647878209441e-01,1.926659113957573388e-01,2.102479586172477655e-01,2.266201520574253891e-01,2.426893972128365828e-01,2.597613406924604851e-01,2.919524323557848855e-01,2.854058530222768897e-01,2.859393150603996014e-01,2.882622643460925893e-01,2.913823247770331859e-01,2.946098571455381676e-01,2.974003848979645537e-01,2.997070409761258269e-01,3.014438458934555198e-01,3.026480238095403119e-01,3.032534856224546882e-01,3.032824884424262235e-01,3.027308314224207986e-01,3.015748571698662617e-01,2.998930557731566693e-01,2.976812051850775687e-01,2.949618796775069773e-01,2.918046478580519354e-01,2.887422854350589763e-01,2.864466310549974026e-01,2.859306619460931231e-01,2.925224322237181540e-01,2.602033314033059819e-01,2.430248815883035984e-01,2.268739320704513118e-01,2.104406353937359753e-01,1.928098859221765715e-01,1.735914401734383328e-01,1.516782268586128746e-01,1.265937907243302185e-01,9.674691611053842788e-02,5.856146106082921882e-02,4.752958130686252974e-02,2.015439276774958974e-02,2.193279236960325382e-02,2.371913085515967370e-02,2.544025139243480393e-02,2.703241160046070471e-02,2.849582982024331801e-02,2.992511251040024661e-02,3.119658364305290948e-02,3.244855664305915793e-02,3.348624803377014958e-02,3.453328821749578059e-02,3.538946018779884350e-02,3.616239933215956159e-02,3.683403606254957025e-02,3.745768888839461075e-02,3.795746301263600714e-02,3.845576791571642811e-02,3.882292260821997715e-02,3.912204313437369491e-02,3.929782102460124826e-02,3.930099327363455186e-02,3.913128383427157825e-02,3.883786369604641520e-02,3.847314512670409886e-02,3.797989650141415929e-02,3.749023484934317640e-02,3.687071813004677567e-02,3.620032131132500108e-02,3.544549086063696064e-02,3.459657893035705811e-02,3.356507099975185315e-02,3.254575974843378766e-02,3.132480294606047877e-02,3.007133928838292419e-02,2.865220363016597604e-02,2.719190014089431506e-02,2.559324989730076341e-02,2.386706387927157655e-02,2.207529185002506111e-02,2.028824276917451722e-02,4.812361782817010242e-02,-1.772962667524868516e-02,-5.781441014494667196e-04,-6.313796729889543057e-05,1.976801997960611970e-04,3.426752333931340510e-04,4.526700341357660059e-04,5.498730143945750352e-04,6.192677110130419054e-04,7.555756683096225695e-04,8.420534911831575658e-04,9.508802245411898712e-04,1.038569092083157759e-03,1.175847920331806904e-03,1.183000701343674566e-03,1.257825417556668671e-03,1.283926968506262940e-03,1.331892613092536259e-03,1.239047006708293057e-03,1.246671279733253031e-03,1.238497053174918107e-03,1.238551318685977842e-03,1.275156897322313014e-02,-6.139583378224426060e-05,3.254033699250764530e-04,8.274985107742097092e-05,-2.082077367451953625e-04,-3.874202994855654981e-04,-5.002317005950647792e-04,-5.658825635119176575e-04,-7.192816405742259332e-04,-3.046896080190898345e-02,-3.053938124666792306e-02,-8.822795685172455694e-04,-1.114794278314578746e-03,-1.166987155471002147e-03,-1.339706019530579164e-03,-1.541898437928999367e-03,-1.801540697048031187e-03,-1.856643531824946113e-03,-1.963982422617603640e-03,-1.980173257605825562e-03,-2.045522674809389062e-03,-1.796616505417862261e-02,-5.883767404131741777e-04,-5.828120058359578728e-05,1.976801997960611970e-04,3.470128945753256041e-04,4.567481425514034461e-04,5.575101395944995816e-04,6.263857306798585513e-04,7.621745824433310982e-04,8.481332997837579771e-04,9.564409276086821652e-04,1.046131488384733970e-03,1.182631658333721482e-03,1.193009167514094693e-03,1.268278260361848687e-03,1.295787725721101336e-03,1.341676948174942621e-03,1.250608876133253895e-03,1.257934261368336094e-03,1.248717875644607053e-03,1.247608028821123750e-03,1.289134165168173002e-02,-7.674479222780531220e-05,3.254033699250764530e-04,8.274985107742097092e-05,-2.125453979273869156e-04,-3.874202994855654981e-04,-5.040502631950271066e-04,-5.694415733453259262e-04,-7.225810976410801433e-04,-3.094926568135641584e-02,-3.101760171047226664e-02,-8.848003672844377120e-04,-1.119316770315854914e-03,-1.174993928407338248e-03,-1.348416721868229322e-03,-1.552276600491983181e-03,-1.813771115901038813e-03,-1.870132379487400532e-03,-1.978061149661457414e-03,-1.993949148760623680e-03,-2.059015324602565724e-03
czi,1.178350000000000009e+00,8.067699999999999871e-01,6.664499999999999869e-01,5.834000000000000297e-01,5.258800000000000141e-01,4.817500000000000115e-01,4.473900000000000099e-01,4.197000000000000175e-01,3.978700000000000014e-01,3.820100000000000162e-01,3.892700000000000049e-01,3.480500000000000260e-01,3.212700000000000000e-01,3.002600000000000269e-01,2.828800000000000203e-01,2.678099999999999925e-01,2.541700000000000070e-01,2.416800000000000059e-01,2.300899999999999890e-01,2.192900000000000127e-01,2.091200000000000003e-01,2.091399999999999926e-01,2.193499999999999894e-01,2.301900000000000057e-01,2.418299999999999894e-01,2.544100000000000250e-01,2.681299999999999795e-01,2.832899999999999863e-01,3.007600000000000273e-01,3.218400000000000150e-01,3.486899999999999999e-01,3.900299999999999878e-01,3.826600000000000001e-01,3.984199999999999964e-01,4.201699999999999879e-01,4.477999999999999758e-01,4.821099999999999830e-01,5.261700000000000266e-01,5.836000000000000076e-01,6.666800000000000503e-01,8.070800000000000196e-01,1.178739999999999899e+00,3.568500000000000005e-01,1.415399999999999991e-01,1.446800000000000030e-01,1.475100000000000022e-01,1.496500000000000052e-01,1.508500000000000119e-01,1.512499999999999956e-01,1.514399999999999913e-01,1.508500000000000119e-01,1.502199999999999924e-01,1.486899999999999888e-01,1.473200000000000065e-01,1.452700000000000102e-01,1.430400000000000005e-01,1.405800000000000105e-01,1.381100000000000105e-01,1.353600000000000081e-01,1.327800000000000091e-01,1.299200000000000077e-01,1.270100000000000118e-01,1.238800000000000040e-01,1.238900000000000001e-01,1.270399999999999863e-01,1.299700000000000022e-01,1.328400000000000136e-01,1.354400000000000048e-01,1.382299999999999918e-01,1.407200000000000117e-01,1.431900000000000117e-01,1.454999999999999905e-01,1.475899999999999990e-01,1.490400000000000058e-01,1.506699999999999984e-01,1.514699999999999935e-01,1.521800000000000097e-01,1.520799999999999930e-01,1.517400000000000138e-01,1.505499999999999894e-01,1.484300000000000064e-01,1.456199999999999994e-01,1.424799999999999955e-01,3.613100000000000200e-01,-3.298000000000000237e-02,-1.129999999999999928e-03,-1.299999999999999886e-04,4.299999999999999894e-04,7.900000000000000121e-04,1.110000000000000092e-03,1.440000000000000091e-03,1.740000000000000010e-03,2.289999999999999935e-03,2.769999999999999893e-03,3.419999999999999863e-03,4.120000000000000398e-03,5.199999999999999761e-03,5.910000000000000323e-03,7.219999999999999855e-03,8.659999999999999296e-03,1.089000000000000037e-02,1.285999999999999990e-02,1.771000000000000005e-02,2.786999999999999894e-02,6.701000000000000012e-02,2.372000000000000150e-02,-1.200000000000000030e-04,6.700000000000000226e-04,1.800000000000000113e-04,-4.800000000000000122e-04,-9.499999999999999981e-04,-1.309999999999999967e-03,-1.590000000000000050e-03,-2.180000000000000080e-03,-1.002299999999999996e-01,-1.098399999999999932e-01,-3.500000000000000073e-03,-4.930000000000000354e-03,-5.830000000000000113e-03,-7.689999999999999787e-03,-1.039999999999999952e-02,-1.473000000000000004e-02,-1.926999999999999894e-02,-2.790000000000000119e-02,-4.456000000000000238e-02,-1.106700000000000045e-01,-3.341999999999999832e-02,-1.149999999999999981e-03,-1.200000000000000030e-04,4.299999999999999894e-04,8.000000000000000383e-04,1.119999999999999902e-03,1.459999999999999926e-03,1.760000000000000063e-03,2.309999999999999987e-03,2.789999999999999945e-03,3.439999999999999915e-03,4.150000000000000043e-03,5.230000000000000274e-03,5.960000000000000020e-03,7.280000000000000013e-03,8.739999999999999505e-03,1.097000000000000058e-02,1.298000000000000022e-02,1.787000000000000047e-02,2.809999999999999998e-02,6.750000000000000444e-02,2.398000000000000131e-02,-1.499999999999999869e-04,6.700000000000000226e-04,1.800000000000000113e-04,-4.899999999999999842e-04,-9.499999999999999981e-04,-1.319999999999999993e-03,-1.600000000000000077e-03,-2.190000000000000106e-03,-1.018099999999999977e-01,-1.115600000000000064e-01,-3.510000000000000099e-03,-4.950000000000000407e-03,-5.870000000000000218e-03,-7.740000000000000352e-03,-1.047000000000000014e-02,-1.482999999999999943e-02,-1.941000000000000017e-02,-2.809999999999999998e-02,-4.487000000000000016e-02,-1.113999999999999990e-01
czi*c/cref,5.854208531230645912e-02,9.670975555149313729e-02,1.265501167400100158e-01,1.516262466574961609e-01,1.734957647878209441e-01,1.926659113957573388e-01,2.102479586172477655e-01,2.266201520574253891e-01,2.426893972128365828e-01,2.597613406924604851e-01,2.919524323557848855e-01,2.854058530222768897e-01,2.859393150603996014e-01,2.882622643460925893e-01,2.913823247770331859e-01,2.946098571455381676e-01,2.974003848979645537e-01,2.997070409761258269e-01,3.014438458934555198e-01,3.026480238095403119e-01,3.032534856224546882e-01,3.032824884424262235e-01,3.027308314224207986e-01,3.015748571698662617e-01,2.998930557731566693e-01,2.976812051850775687e-01,2.949618796775069773e-01,2.918046478580519354e-01,2.887422854350589763e-01,2.864466310549974026e-01,2.859306619460931231e-01,2.925224322237181540e-01,2.602033314033059819e-01,2.430248815883035984e-01,2.268739320704513118e-01,2.104406353937359753e-01,1.928098859221765715e-01,1.735914401734383328e-01,1.516782268586128746e-01,1.265937907243302185e-01,9.674691611053842788e-02,5.856146106082921882e-02,4.752958130686252974e-02,2.015439276774958974e-02,2.193279236960325382e-02,2.371913085515967370e-02,2.544025139243480393e-02,2.703241160046070471e-02,2.849582982024331801e-02,2.992511251040024661e-02,3.119658364305290948e-02,3.244855664305915793e-02,3.348624803377014958e-02,3.453328821749578059e-02,3.538946018779884350e-02,3.616239933215956159e-02,3.683403606254957025e-02,3.745768888839461075e-02,3.795746301263600714e-02,3.845576791571642811e-02,3.882292260821997715e-02,3.912204313437369491e-02,3.929782102460124826e-02,3.930099327363455186e-02,3.913128383427157825e-02,3.883786369604641520e-02,3.847314512670409886e-02,3.797989650141415929e-02,3.749023484934317640e-02,3.687071813004677567e-02,3.620032131132500108e-02,3.544549086063696064e-02,3.459657893035705811e-02,3.356507099975185315e-02,3.254575974843378766e-02,3.132480294606047877e-02,3.007133928838292419e-02,2.865220363016597604e-02,2.719190014089431506e-02,2.559324989730076341e-02,2.386706387927157655e-02,2.207529185002506111e-02,2.028824276917451722e-02,4.812361782817010242e-02,-1.772962667524868516e-02,-5.781441014494667196e-04,-6.313796729889543057e-05,1.976801997960611970e-04,3.426752333931340510e-04,4.526700341357660059e-04,5.498730143945750352e-04,6.192677110130419054e-04,7.555756683096225695e-04,8.420534911831575658e-04,9.508802245411898712e-04,1.038569092083157759e-03,1.175847920331806904e-03,1.183000701343674566e-03,1.257825417556668671e-03,1.283926968506262940e-03,1.331892613092536259e-03,1.239047006708293057e-03,1.246671279733253031e-03,1.238497053174918107e-03,1.238551318685977842e-03,1.275156897322313014e-02,-6.139583378224426060e-05,3.254033699250764530e-04,8.274985107742097092e-05,-2.082077367451953625e-04,-3.874202994855654981e-04,-5.002317005950647792e-04,-5.658825635119176575e-04,-7.192816405742259332e-04,-3.046896080190898345e-02,-3.053938124666792306e-02,-8.822795685172455694e-04,-1.114794278314578746e-03,-1.166987155471002147e-03,-1.339706019530579164e-03,-1.541898437928999367e-03,-1.801540697048031187e-03,-1.856643531824946113e-03,-1.963982422617603640e-03,-1.980173257605825562e-03,-2.045522674809389062e-03,-1.796616505417862261e-02,-5.883767404131741777e-04,-5.828120058359578728e-05,1.976801997960611970e-04,3.470128945753256041e-04,4.567481425514034461e-04,5.575101395944995816e-04,6.263857306798585513e-04,7.621745824433310982e-04,8.481332997837579771e-04,9.564409276086821652e-04,1.046131488384733970e-03,1.182631658333721482e-03,1.193009167514094693e-03,1.268278260361848687e-03,1.295787725721101336e-03,1.341676948174942621e-03,1.250608876133253895e-03,1.257934261368336094e-03,1.248717875644607053e-03,1.247608028821123750e-03,1.289134165168173002e-02,-7.674479222780531220e-05,3.254033699250764530e-04,8.274985107742097092e-05,-2.125453979273869156e-04,-3.874202994855654981e-04,-5.040502631950271066e-04,-5.694415733453259262e-04,-7.225810976410801433e-04,-3.094926568135641584e-02,-3.101760171047226664e-02,-8.848003672844377120e-04,-1.119316770315854914e-03,-1.174993928407338248e-03,-1.348416721868229322e-03,-1.552276600491983181e-03,-1.813771115901038813e-03,-1.870132379487400532e-03,-1.978061149661457414e-03,-1.993949148760623680e-03,-2.059015324602565724e-03
czo,0.000000000000000000e+00,0.000000000000000000e+00,0.000000000000000000e+00,0.000000000000000000e+00,0.000000000000000000e+00,0.000000000000000000e+00,0.000000000000000000e+00,0.000000000000000000e+00,0.000000000000000000e+00,0.000000000000000000e+00,0.000000000000000000e+00,0.000000000000000000e+00,0.000000000000000000e+00,0.000000000000000000e+00,0.000000000000000000e+00,0.000000000000000000e+00,0.000000000000000000e+00,0.000000000000000000e+00,0.000000000000000000e+00,0.000000000000000000e+00,0.000000000000000000e+00,0.000000000000000000e+00,0.000000000000000000e+00,0.000000000000000000e+00,0.000000000000000000e+00,0.000000000000000000e+00,0.000000000000000000e+00,0.000000000000000000e+00,0.000000000000000000e+00,0.000000000000000000e+00,0.000000000000000000e+00,0.000000000000000000e+00,0.000000000000000000e+00,0.000000000000000000e+00,0.000000000000000000e+00,0.000000000000000000e+00,0.000000000000000000e+00,0.000000000000000000e+00,0.000000000000000000e+00,0.000000000000000000e+00,0.000000000000000000e+00,0.000000000000000000e+00,0.000000000000000000e+00,0.000000000000000000e+00,0.000000000000000000e+00,0.000000000000000000e+00,0.000000000000000000e+00,0.000000000000000000e+00,0.000000000000000000e+00,0.000000000000000000e+00,0.000000000000000000e+00,0.000000000000000000e+00,0.000000000000000000e+00,0.000000000000000000e+00,0.000000000000000000e+00,0.000000000000000000e+00,0.000000000000000000e+00,0.000000000000000000e+00,0.000000000000000000e+00,0.000000000000000000e+00,0.000000000000000000e+00,0.000000000000000000e+00,0.000000000000000000e+00,0.000000000000000000e+00,0.000000000000000000e+00,0.000000000000000000e+00,0.000000000000000000e+00,0.000000000000000000e+00,0.000000000000000000e+00,0.000000000000000000e+00,0.000000000000000000e+00,0.000000000000000000e+00,0.000000000000000000e+00,0.000000000000000000e+00,0.000000000000000000e+00,0.000000000000000000e+00,0.000000000000000000e+00,0.000000000000000000e+00,0.000000000000000000e+00,0.000000000000000000e+00,0.000000000000000000e+00,0.000000000000000000e+00,0.000000000000000000e+00,0.000000000000000000e+00,0.000000000000000000e+00,0.000000000000000000e+00,0.000000000000000000e+00,0.000000000000000000e+00,0.000000000000000000e+00,0.000000000000000000e+00,0.000000000000000000e+00,0.000000000000000000e+00,0.000000000000000000e+00,0.000000000000000000e+00,0.000000000000000000e+00,0.000000000000000000e+00,0.000000000000000000e+00,0.000000000000000000e+00,0.000000000000000000e+00,0.000000000000000000e+00,0.000000000000000000e+00,0.000000000000000000e+00,0.000000000000000000e+00,0.000000000000000000e+00,0.000000000000000000e+00,0.000000000000000000e+00,0.000000000000000000e+00,0.000000000000000000e+00,0.000000000000000000e+00,0.000000000000000000e+00,0.000000000000000000e+00,0.000000000000000000e+00,0.000000000000000000e+00,0.000000000000000000e+00,0.000000000000000000e+00,0.000000000000000000e+00,0.000000000000000000e+00,0.000000000000000000e+00,0.000000000000000000e+00,0.000000000000000000e+00,0.000000000000000000e+00,0.000000000000000000e+00,0.000000000000000000e+00,0.000000000000000000e+00,0.000000000000000000e+00,0.000000000000000000e+00,0.000000000000000000e+00,0.000000000000000000e+00,0.000000000000000000e+00,0.000000000000000000e+00,0.000000000000000000e+00,0.000000000000000000e+00,0.000000000000000000e+00,0.000000000000000000e+00,0.000000000000000000e+00,0.000000000000000000e+00,0.000000000000000000e+00,0.000000000000000000e+00,0.000000000000000000e+00,0.000000000000000000e+00,0.000000000000000000e+00,0.000000000000000000e+00,0.000000000000000000e+00,0.000000000000000000e+00,0.000000000000000000e+00,0.000000000000000000e+00,0.000000000000000000e+00,0.000000000000000000e+00,0.000000000000000000e+00,0.000000000000000000e+00,0.000000000000000000e+00,0.000000000000000000e+00,0.000000000000000000e+00,0.000000000000000000e+00,0.000000000000000000e+00,0.000000000000000000e+00,0.000000000000000000e+00,0.000000000000000000e+00,0.000000000000000000e+00,0.000000000000000000e+00,0.000000000000000000e+00,0.000000000000000000e+00,0.000000000000000000e+00,0.000000000000000000e+00,0.000000000000000000e+00,0.000000000000000000e+00,0.000000000000000000e+00,0.000000000000000000e+00
czo*c/cref,0.000000000000000000e+00,0.000000000000000000e+00,0.000000000000000000e+00,0.000000000000000000e+00,0.000000000000000000e+00,0.000000000000000000e+00,0.000000000000000000e+00,0.000000000000000000e+00,0.000000000000000000e+00,0.000000000000000000e+00,0.000000000000000000e+00,0.000000000000000000e+00,0.000000000000000000e+00,0.000000000000000000e+00,0.000000000000000000e+00,0.000000000000000000e+00,0.000000000000000000e+00,0.000000000000000000e+00,0.000000000000000000e+00,0.000000000000000000e+00,0.000000000000000000e+00,0.000000000000000000e+00,0.000000000000000000e+00,0.000000000000000000e+00,0.000000000000000000e+00,0.000000000000000000e+00,0.000000000000000000e+00,0.000000000000000000e+00,0.000000000000000000e+00,0.000000000000000000e+00,0.000000000000000000e+00,0.000000000000000000e+00,0.000000000000000000e+00,0.000000000000000000e+00,0.000000000000000000e+00,0.000000000000000000e+00,0.000000000000000000e+00,0.000000000000000000e+00,0.000000000000000000e+00,0.000000000000000000e+00,0.000000000000000000e+00,0.000000000000000000e+00,0.000000000000000000e+00,0.000000000000000000e+00,0.000000000000000000e+00,0.000000000000000000e+00,0.000000000000000000e+00,0.000000000000000000e+00,0.000000000000000000e+00,0.000000000000000000e+00,0.000000000000000000e+00,0.000000000000000000e+00,0.000000000000000000e+00,0.000000000000000000e+00,0.000000000000000000e+00,0.000000000000000000e+00,0.000000000000000000e+00,0.000000000000000000e+00,0.000000000000000000e+00,0.000000000000000000e+00,0.000000000000000000e+00,0.000000000000000000e+00,0.000000000000000000e+00,0.000000000000000000e+00,0.000000000000000000e+00,0.000000000000000000e+00,0.000000000000000000e+00,0.000000000000000000e+00,0.000000000000000000e+00,0.000000000000000000e+00,0.000000000000000000e+00,0.000000000000000000e+00,0.000000000000000000e+00,0.000000000000000000e+00,0.000000000000000000e+00,0.000000000000000000e+00,0.000000000000000000e+00,0.000000000000000000e+00,0.000000000000000000e+00,0.000000000000000000e+00,0.000000000000000000e+00,0.000000000000000000e+00,0.000000000000000000e+00,0.000000000000000000e+00,0.000000000000000000e+00,0.000000000000000000e+00,0.000000000000000000e+00,0.000000000000000000e+00,0.000000000000000000e+00,0.000000000000000000e+00,0.000000000000000000e+00,0.000000000000000000e+00,0.000000000000000000e+00,0.000000000000000000e+00,0.000000000000000000e+00,0.000000000000000000e+00,0.000000000000000000e+00,0.000000000000000000e+00,0.000000000000000000e+00,0.000000000000000000e+00,0.000000000000000000e+00,0.000000000000000000e+00,0.000000000000000000e+00,0.000000000000000000e+00,0.000000000000000000e+00,0.000000000000000000e+00,0.000000000000000000e+00,0.000000000000000000e+00,0.000000000000000000e+00,0.000000000000000000e+00,0.000000000000000000e+00,0.000000000000000000e+00,0.000000000000000000e+00,0.000000000000000000e+00,0.000000000000000000e+00,0.000000000000000000e+00,0.000000000000000000e+00,0.000000000000000000e+00,0.000000000000000000e+00,0.000000000000000000e+00,0.000000000000000000e+00,0.000000000000000000e+00,0.000000000000000000e+00,0.000000000000000000e+00,0.000000000000000000e+00,0.000000000000000000e+00,0.000000000000000000e+00,0.000000000000000000e+00,0.000000000000000000e+00,0.000000000000000000e+00,0.000000000000000000e+00,0.000000000000000000e+00,0.000000000000000000e+00,0.000000000000000000e+00,0.000000000000000000e+00,0.000000000000000000e+00,0.000000000000000000e+00,0.000000000000000000e+00,0.000000000000000000e+00,0.000000000000000000e+00,0.000000000000000000e+00,0.000000000000000000e+00,0.000000000000000000e+00,0.000000000000000000e+00,0.000000000000000000e+00,0.000000000000000000e+00,0.000000000000000000e+00,0.000000000000000000e+00,0.000000000000000000e+00,0.000000000000000000e+00,0.000000000000000000e+00,0.000000000000000000e+00,0.000000000000000000e+00,0.000000000000000000e+00,0.000000000000000000e+00,0.000000000000000000e+00,0.000000000000000000e+00,0.000000000000000000e+00,0.000000000000000000e+00,0.000000000000000000e+00,0.000000000000000000e+00,0.000000000000000000e+00,0.000000000000000000e+00,0.000000000000000000e+00,0.000000000000000000e+00,0.000000000000000000e+00,0.000000000000000000e+00,0.000000000000000000e+00
dArea,5.508699999999999708e-01,1.329150000000000054e+00,2.105469999999999953e+00,2.881780000000000008e+00,3.658100000000000129e+00,4.434420000000000250e+00,5.210740000000000371e+00,5.987049999999999983e+00,6.763370000000000104e+00,7.539690000000000225e+00,8.316010000000000346e+00,9.092320000000000846e+00,9.868639999999999191e+00,1.064495999999999931e+01,1.142127999999999943e+01,1.219758999999999993e+01,1.297391000000000005e+01,1.375023000000000017e+01,1.452655000000000030e+01,1.530286000000000080e+01,1.607918000000000092e+01,1.607918000000000092e+01,1.530286000000000080e+01,1.452655000000000030e+01,1.375023000000000017e+01,1.297391000000000005e+01,1.219758999999999993e+01,1.142127999999999943e+01,1.064495999999999931e+01,9.868639999999999191e+00,9.092320000000000846e+00,8.316010000000000346e+00,7.539690000000000225e+00,6.763370000000000104e+00,5.987049999999999983e+00,5.210740000000000371e+00,4.434420000000000250e+00,3.658100000000000129e+00,2.881780000000000008e+00,2.105469999999999953e+00,1.329150000000000054e+00,5.508699999999999708e-01,7.381900000000000128e-01,7.891899999999999471e-01,8.401899999999999924e-01,8.911799999999999722e-01,9.421800000000000175e-01,9.931799999999999518e-01,1.044180000000000108e+00,1.095180000000000042e+00,1.146179999999999977e+00,1.197170000000000067e+00,1.248170000000000002e+00,1.299169999999999936e+00,1.350170000000000092e+00,1.401170000000000027e+00,1.452159999999999895e+00,1.503160000000000052e+00,1.554159999999999986e+00,1.605159999999999920e+00,1.656160000000000077e+00,1.707160000000000011e+00,1.758150000000000102e+00,1.758150000000000102e+00,1.707160000000000011e+00,1.656160000000000077e+00,1.605159999999999920e+00,1.554159999999999986e+00,1.503160000000000052e+00,1.452159999999999895e+00,1.401170000000000027e+00,1.350170000000000092e+00,1.299169999999999936e+00,1.248170000000000002e+00,1.197170000000000067e+00,1.146179999999999977e+00,1.095180000000000042e+00,1.044180000000000108e+00,9.931799999999999518e-01,9.421800000000000175e-01,8.911799999999999722e-01,8.401899999999999924e-01,7.891899999999999471e-01,7.381900000000000128e-01,1.436330000000000107e+00,1.366980000000000084e+00,1.297639999999999905e+00,1.228290000000000104e+00,1.158940000000000081e+00,1.089590000000000058e+00,1.020250000000000101e+00,9.508999999999999675e-01,8.815499999999999448e-01,8.122000000000000330e-01,7.428599999999999648e-01,6.735100000000000531e-01,6.041600000000000303e-01,5.348199999999999621e-01,4.654699999999999949e-01,3.961200000000000276e-01,3.267700000000000049e-01,2.574299999999999922e-01,1.880799999999999972e-01,1.187300000000000022e-01,4.938000000000000028e-02,1.436330000000000107e+00,1.366980000000000084e+00,1.297639999999999905e+00,1.228290000000000104e+00,1.158940000000000081e+00,1.089590000000000058e+00,1.020250000000000101e+00,9.508999999999999675e-01,8.815499999999999448e-01,8.122000000000000330e-01,7.428599999999999648e-01,6.735100000000000531e-01,6.041600000000000303e-01,5.348199999999999621e-01,4.654699999999999949e-01,3.961200000000000276e-01,3.267700000000000049e-01,2.574299999999999922e-01,1.880799999999999972e-01,1.187300000000000022e-01,4.938000000000000028e-02,1.436330000000000107e+00,1.366980000000000084e+00,1.297639999999999905e+00,1.228290000000000104e+00,1.158940000000000081e+00,1.089590000000000058e+00,1.020250000000000101e+00,9.508999999999999675e-01,8.815499999999999448e-01,8.122000000000000330e-01,7.428599999999999648e-01,6.735100000000000531e-01,6.041600000000000303e-01,5.348199999999999621e-01,4.654699999999999949e-01,3.961200000000000276e-01,3.267700000000000049e-01,2.574299999999999922e-01,1.880799999999999972e-01,1.187300000000000022e-01,4.938000000000000028e-02,1.436330000000000107e+00,1.366980000000000084e+00,1.297639999999999905e+00,1.228290000000000104e+00,1.158940000000000081e+00,1.089590000000000058e+00,1.020250000000000101e+00,9.508999999999999675e-01,8.815499999999999448e-01,8.122000000000000330e-01,7.428599999999999648e-01,6.735100000000000531e-01,6.041600000000000303e-01,5.348199999999999621e-01,4.654699999999999949e-01,3.961200000000000276e-01,3.267700000000000049e-01,2.574299999999999922e-01,1.880799999999999972e-01,1.187300000000000022e-01,4.938000000000000028e-02
dSpan,7.707100000000000062e-01,7.707100000000000062e-01,7.707100000000000062e-01,7.707100000000000062e-01,7.707100000000000062e-01,7.707100000000000062e-01,7.707100000000000062e-01,7.707100000000000062e-01,7.707100000000000062e-01,7.707100000000000062e-01,7.707100000000000062e-01,7.707100000000000062e-01,7.707100000000000062e-01,7.707100000000000062e-01,7.707100000000000062e-01,7.707100000000000062e-01,7.707100000000000062e-01,7.707100000000000062e-01,7.707100000000000062e-01,7.707100000000000062e-01,7.707100000000000062e-01,7.707100000000000062e-01,7.707100000000000062e-01,7.707100000000000062e-01,7.707100000000000062e-01,7.707100000000000062e-01,7.707100000000000062e-01,7.707100000000000062e-01,7.707100000000000062e-01,7.707100000000000062e-01,7.707100000000000062e-01,7.707100000000000062e-01,7.707100000000000062e-01,7.707100000000000062e-01,7.707100000000000062e-01,7.707100000000000062e-01,7.707100000000000062e-01,7.707100000000000062e-01,7.707100000000000062e-01,7.707100000000000062e-01,7.707100000000000062e-01,7.707100000000000062e-01,3.852400000000000269e-01,3.852400000000000269e-01,3.852400000000000269e-01,3.852400000000000269e-01,3.852400000000000269e-01,3.852400000000000269e-01,3.852400000000000269e-01,3.852400000000000269e-01,3.852400000000000269e-01,3.852400000000000269e-01,3.852400000000000269e-01,3.852400000000000269e-01,3.852400000000000269e-01,3.852400000000000269e-01,3.852400000000000269e-01,3.852400000000000269e-01,3.852400000000000269e-01,3.852400000000000269e-01,3.852400000000000269e-01,3.852400000000000269e-01,3.852400000000000269e-01,3.852400000000000269e-01,3.852400000000000269e-01,3.852400000000000269e-01,3.852400000000000269e-01,3.852400000000000269e-01,3.852400000000000269e-01,3.852400000000000269e-01,3.852400000000000269e-01,3.852400000000000269e-01,3.852400000000000269e-01,3.852400000000000269e-01,3.852400000000000269e-01,3.852400000000000269e-01,3.852400000000000269e-01,3.852400000000000269e-01,3.852400000000000269e-01,3.852400000000000269e-01,3.852400000000000269e-01,3.852400000000000269e-01,3.852400000000000269e-01,3.852400000000000269e-01,1.857099999999999862e-01,1.857099999999999862e-01,1.857099999999999862e-01,1.857099999999999862e-01,1.857099999999999862e-01,1.857099999999999862e-01,1.857099999999999862e-01,1.857099999999999862e-01,1.857099999999999862e-01,1.857099999999999862e-01,1.857099999999999862e-01,1.857099999999999862e-01,1.857099999999999862e-01,1.857099999999999862e-01,1.857099999999999862e-01,1.857099999999999862e-01,1.857099999999999862e-01,1.857099999999999862e-01,1.857099999999999862e-01,1.857099999999999862e-01,1.857099999999999862e-01,1.857099999999999862e-01,1.857099999999999862e-01,1.857099999999999862e-01,1.857099999999999862e-01,1.857099999999999862e-01,1.857099999999999862e-01,1.857099999999999862e-01,1.857099999999999862e-01,1.857099999999999862e-01,1.857099999999999862e-01,1.857099999999999862e-01,1.857099999999999862e-01,1.857099999999999862e-01,1.857099999999999862e-01,1.857099999999999862e-01,1.857099999999999862e-01,1.857099999999999862e-01,1.857099999999999862e-01,1.857099999999999862e-01,1.857099999999999862e-01,1.857099999999999862e-01,1.857099999999999862e-01,1.857099999999999862e-01,1.857099999999999862e-01,1.857099999999999862e-01,1.857099999999999862e-01,1.857099999999999862e-01,1.857099999999999862e-01,1.857099999999999862e-01,1.857099999999999862e-01,1.857099999999999862e-01,1.857099999999999862e-01,1.857099999999999862e-01,1.857099999999999862e-01,1.857099999999999862e-01,1.857099999999999862e-01,1.857099999999999862e-01,1.857099999999999862e-01,1.857099999999999862e-01,1.857099999999999862e-01,1.857099999999999862e-01,1.857099999999999862e-01,1.857099999999999862e-01,1.857099999999999862e-01,1.857099999999999862e-01,1.857099999999999862e-01,1.857099999999999862e-01,1.857099999999999862e-01,1.857099999999999862e-01,1.857099999999999862e-01,1.857099999999999862e-01,1.857099999999999862e-01,1.857099999999999862e-01,1.857099999999999862e-01,1.857099999999999862e-01,1.857099999999999862e-01,1.857099999999999862e-01,1.857099999999999862e-01,1.857099999999999862e-01,1.857099999999999862e-01,1.857099999999999862e-01,1.857099999999999862e-01,1.857099999999999862e-01
roverR,inf,inf,inf,inf,inf,inf,inf,inf,inf,inf,inf,inf,inf,inf,inf,inf,inf,inf,inf,inf,inf,inf,inf,inf,inf,inf,inf,inf,inf,inf,inf,inf,inf,inf,inf,inf,inf,inf,inf,inf,inf,inf,inf,inf,inf,inf,inf,inf,inf,inf,inf,inf,inf,inf,inf,inf,inf,inf,inf,inf,inf,inf,inf,inf,inf,inf,inf,inf,inf,inf,inf,inf,inf,inf,inf,inf,inf,inf,inf,inf,inf,inf,inf,inf,inf,inf,inf,inf,inf,inf,inf,inf,inf,inf,inf,inf,inf,inf,inf,inf,inf,inf,inf,inf,inf,inf,inf,inf,inf,inf,inf,inf,inf,inf,inf,inf,inf,inf,inf,inf,inf,inf,inf,inf,inf,inf,inf,inf,inf,inf,inf,inf,inf,inf,inf,inf,inf,inf,inf,inf,inf,inf,inf,inf,inf,inf,inf,inf,inf,inf,inf,inf,inf,inf,inf,inf,inf,inf,inf,inf,inf,inf,inf,inf,inf,inf,inf,inf
Results_Name,CpSlice_Wrapper
Results_Timestamp,1789028304
Results_Date,9,10,2026
Results_Time,11,18,24
CpSlice_Case_ID_Vec,XVALYJL
Num_Cuts,1
