2 0.000000 100.000000 211.018442
1387 1198 
1 -276.279947 0.000000 -280.179887 99.999929 0.000114 -0.000043 0.000001 
2 331.535936 0.000000 -280.179887 99.999883 0.001560 -0.000120 0.000002 
3 331.535936 0.000000 285.678573 99.999961 -0.001451 -0.000226 0.000001 
4 -276.279947 0.000000 285.678573 99.999920 -0.000060 0.000048 0.000002 
5 27.627995 0.000000 2.749343 105.909731 -0.072565 -10.402473 -0.132509 
6 -276.279947 0.000000 2.749343 99.999822 0.000040 -0.000003 0.000004 
7 27.627995 0.000000 -280.179887 100.000404 0.000891 0.000089 -0.000008 
8 331.535936 0.000000 2.749343 99.999842 -0.021728 -1.090766 -0.000116 
9 27.627995 0.000000 285.678573 100.000613 -0.000424 0.000082 -0.000012 
10 -124.325976 0.000000 -138.715272 99.999484 0.000372 -0.000370 0.000010 
11 -276.279947 0.000000 -138.715272 99.999864 0.000085 -0.000038 0.000003 
12 -124.325976 0.000000 -280.179887 99.999962 0.000311 -0.000168 0.000001 
13 27.627995 0.000000 -138.715272 100.003689 0.002896 0.000985 -0.000074 
14 -124.325976 0.000000 2.749343 99.998558 0.000342 -0.000058 0.000029 
15 179.581965 0.000000 -138.715272 99.999094 0.003221 -0.000268 0.000018 
16 179.581965 0.000000 -280.179887 99.999781 0.001396 0.000064 0.000004 
17 331.535936 0.000000 -138.715272 99.999823 0.003285 -0.000592 0.000004 
18 179.581965 0.000000 2.749343 99.998482 -0.021456 -1.089227 -0.000088 
19 -124.325976 0.000000 144.213958 99.999316 0.000070 0.000363 0.000014 
20 -276.279947 0.000000 144.213958 99.999853 -0.000013 0.000037 0.000003 
21 27.627995 0.000000 144.213958 100.003968 0.000622 0.000916 -0.000079 
22 -124.325976 0.000000 285.678573 99.999905 -0.000118 0.000207 0.000002 
23 -48.348991 0.000000 -67.982965 99.995751 0.002297 -0.002943 0.000085 
24 -124.325976 0.000000 -67.982965 99.998935 0.000388 -0.000342 0.000021 
25 -48.348991 0.000000 -138.715272 99.999931 0.001164 -0.001355 0.000001 
26 27.627995 0.000000 -67.982965 100.055984 0.002584 0.005325 -0.001120 
27 -48.348991 0.000000 2.749343 99.985619 0.018351 -0.003520 0.000288 
28 179.581965 0.000000 144.213958 99.999642 -0.002577 -0.001144 0.000007 
29 331.535936 0.000000 144.213958 99.999884 -0.002988 -0.000769 0.000002 
30 179.581965 0.000000 285.678573 100.000083 -0.001158 -0.000337 -0.000002 
31 103.604980 0.000000 -67.982965 99.992136 0.007234 0.000711 0.000157 
32 103.604980 0.000000 -138.715272 99.998467 0.003152 0.001270 0.000031 
33 179.581965 0.000000 -67.982965 99.998558 0.006516 -0.002117 0.000029 
34 103.604980 0.000000 2.749343 99.983553 -0.022606 -1.075773 0.000213 
35 -48.348991 0.000000 73.481651 99.994841 0.001650 0.003246 0.000103 
36 -124.325976 0.000000 73.481651 99.998790 0.000217 0.000267 0.000024 
37 27.627995 0.000000 73.481651 99.952764 0.000586 0.005397 0.000944 
38 -48.348991 0.000000 144.213958 99.999149 0.000415 0.001599 0.000017 
39 -10.360498 0.000000 -32.616811 99.972998 0.064350 -0.054559 0.000539 
40 -48.348991 0.000000 -32.616811 99.991441 0.023620 -0.007783 0.000171 
41 -10.360498 0.000000 -67.982965 100.013482 0.034876 -0.018804 -0.000270 
42 27.627995 0.000000 -32.616811 100.230277 0.043801 -0.082709 -0.004612 
43 -10.360498 0.000000 2.749343 99.771782 0.080020 -0.027551 0.004558 
44 103.604980 0.000000 73.481651 99.997204 -0.002882 -0.006749 0.000056 
45 179.581965 0.000000 73.481651 99.999017 -0.005145 -0.003555 0.000020 
46 103.604980 0.000000 144.213958 100.000569 -0.001466 -0.001999 -0.000011 
47 65.616487 0.000000 -32.616811 99.992426 -0.047045 0.088583 0.000150 
48 65.616487 0.000000 -67.982965 100.026443 -0.000284 0.034412 -0.000529 
49 103.604980 0.000000 -32.616811 99.986997 0.009023 -0.005542 0.000260 
50 65.616487 0.000000 2.749343 99.791688 -0.031136 -1.142049 0.004031 
51 -10.360498 0.000000 38.115497 99.954342 0.018537 0.021129 0.000913 
52 -48.348991 0.000000 38.115497 99.990030 0.002684 0.002766 0.000199 
53 27.627995 0.000000 38.115497 100.004230 0.040277 -0.030427 -0.000085 
54 -10.360498 0.000000 73.481651 99.992676 0.008736 0.011167 0.000146 
55 8.633748 0.000000 -14.933734 100.200683 0.083526 -0.236607 -0.004024 
56 -10.360498 0.000000 -14.933734 99.927636 0.127283 -0.143145 0.001443 
57 8.633748 0.000000 -32.616811 100.063338 0.079823 -0.115242 -0.001269 
58 27.627995 0.000000 -14.933734 100.111960 -0.009362 -0.502049 -0.002266 
59 8.633748 0.000000 2.749343 108.632820 -0.079076 15.373007 -0.203743 
60 -200.302961 0.000000 -67.982965 99.999633 0.000135 -0.000075 0.000007 
61 -276.279947 0.000000 -67.982965 99.999836 0.000065 -0.000024 0.000003 
62 -200.302961 0.000000 -138.715272 99.999737 0.000159 -0.000106 0.000005 
63 -200.302961 0.000000 2.749343 99.999577 0.000097 -0.000012 0.000008 
64 -86.337483 0.000000 -32.616811 99.997012 0.000884 -0.000685 0.000060 
65 -124.325976 0.000000 -32.616811 99.998685 0.000375 -0.000229 0.000026 
66 -86.337483 0.000000 -67.982965 99.997934 0.000825 -0.000931 0.000041 
67 -86.337483 0.000000 2.749343 99.996514 0.000858 0.000034 0.000070 
68 -29.354744 0.000000 -14.933734 99.967673 0.041199 -0.015821 0.000646 
69 -48.348991 0.000000 -14.933734 99.987457 0.018067 -0.005101 0.000251 
70 -29.354744 0.000000 -32.616811 99.981190 0.032710 -0.017075 0.000376 
71 -29.354744 0.000000 2.749343 99.959572 0.043471 -0.008537 0.000808 
72 65.616487 0.000000 38.115497 99.942515 -0.035563 -0.026780 0.001149 
73 103.604980 0.000000 38.115497 99.990240 -0.008366 -0.018057 0.000195 
74 65.616487 0.000000 73.481651 100.002435 -0.005932 -0.012005 -0.000049 
75 8.633748 0.000000 20.432420 100.043692 0.032992 0.198281 -0.000878 
76 -10.360498 0.000000 20.432420 99.877863 0.140686 0.027663 0.002439 
77 27.627995 0.000000 20.432420 100.410041 0.156209 -0.100616 -0.008221 
78 8.633748 0.000000 38.115497 100.047149 -0.117693 0.073467 -0.000945 
79 -0.863375 0.000000 -6.092195 99.126017 -0.081288 -0.597810 0.017367 
80 -10.360498 0.000000 -6.092195 99.802985 0.069254 -0.076044 0.003935 
81 -0.863375 0.000000 -14.933734 99.789559 -0.083879 -0.198570 0.004200 
82 8.633748 0.000000 -6.092195 100.103037 -0.153618 -0.190336 -0.002068 
83 -0.863375 0.000000 2.749343 98.052271 -0.032004 0.693181 0.038527 
84 46.622241 0.000000 -14.933734 99.821490 0.065384 0.337449 0.003555 
85 46.622241 0.000000 -32.616811 100.091286 0.274879 0.112649 -0.001835 
86 65.616487 0.000000 -14.933734 99.783798 0.019930 -0.002713 0.004319 
87 46.622241 0.000000 2.749343 97.358268 -0.052576 -2.535620 0.051494 
88 18.130872 0.000000 -6.092195 98.905776 0.019837 -0.195212 0.021761 
89 18.130872 0.000000 -14.933734 99.809441 -0.193712 -0.209190 0.003799 
90 27.627995 0.000000 -6.092195 102.047827 0.092364 -1.832182 -0.041712 
91 18.130872 0.000000 2.749343 112.434974 -0.026701 -0.174674 -0.264165 
92 -200.302961 0.000000 73.481651 99.999606 0.000050 0.000056 0.000008 
93 -276.279947 0.000000 73.481651 99.999829 0.000014 0.000019 0.000003 
94 -200.302961 0.000000 144.213958 99.999697 -0.000000 0.000100 0.000006 
95 -86.337483 0.000000 38.115497 99.996746 0.000732 0.000426 0.000065 
96 -124.325976 0.000000 38.115497 99.998600 0.000287 0.000124 0.000028 
97 -86.337483 0.000000 73.481651 99.997515 0.000543 0.000779 0.000050 
98 -29.354744 0.000000 20.432420 99.963439 0.037008 -0.000851 0.000731 
99 -48.348991 0.000000 20.432420 99.984661 0.023473 -0.003088 0.000307 
100 -29.354744 0.000000 38.115497 99.959873 0.027698 -0.016391 0.000802 
101 -0.863375 0.000000 11.590882 99.708735 0.062988 0.378072 0.005802 
102 -10.360498 0.000000 11.590882 99.795544 0.134176 0.015850 0.004083 
103 8.633748 0.000000 11.590882 99.924346 -0.079763 0.510622 0.001486 
104 -0.863375 0.000000 20.432420 99.832663 0.186484 0.128837 0.003339 
105 3.885187 0.000000 -1.671426 112.134477 -0.131202 -3.054217 -0.258349 
106 -0.863375 0.000000 -1.671426 96.779738 -0.044957 -0.682108 0.063322 
107 3.885187 0.000000 -6.092195 100.230437 -0.098997 -1.021685 -0.004719 
108 8.633748 0.000000 -1.671426 109.375237 -0.048842 2.560251 -0.196950 
109 3.885187 0.000000 2.749343 99.413144 -0.097202 4.187898 0.009948 
110 -19.857621 0.000000 -6.092195 99.927568 0.098121 -0.034307 0.001447 
111 -29.354744 0.000000 -6.092195 99.962209 0.043478 -0.012500 0.000755 
112 -19.857621 0.000000 -14.933734 99.944024 0.093895 -0.038215 0.001118 
113 -19.857621 0.000000 2.749343 99.917546 0.101989 -0.023670 0.001647 
114 -5.611936 0.000000 -1.671426 99.464902 0.043272 -0.127557 0.010672 
115 -10.360498 0.000000 -1.671426 99.776639 0.062767 -0.042106 0.004462 
116 -5.611936 0.000000 -6.092195 99.614546 0.095780 -0.182873 0.007690 
117 -5.611936 0.000000 2.749343 99.466695 0.120086 0.055431 0.010636 
118 46.622241 0.000000 20.432420 100.188853 0.138772 -0.301435 -0.003792 
119 65.616487 0.000000 20.432420 99.890868 0.046223 -0.124782 0.002180 
120 46.622241 0.000000 38.115497 99.924049 -0.063572 -0.051726 0.001518 
121 18.130872 0.000000 11.590882 100.298765 -0.066292 0.295614 -0.005993 
122 27.627995 0.000000 11.590882 100.154033 -0.026284 -0.185292 -0.003087 
123 18.130872 0.000000 20.432420 100.452356 -0.063499 0.185900 -0.009071 
124 3.885187 0.000000 7.170112 99.641563 -0.180240 1.051119 0.007042 
125 -0.863375 0.000000 7.170112 99.121752 -0.122749 0.355871 0.017474 
126 8.633748 0.000000 7.170112 99.837040 0.001233 0.827195 0.003188 
127 3.885187 0.000000 11.590882 99.818782 0.006670 0.488411 0.003597 
128 1.510906 0.000000 0.538958 97.581182 -0.060785 35.978572 -0.081655 
129 -0.863375 0.000000 0.538958 96.596150 -0.041971 0.452585 0.066898 
130 1.510906 0.000000 -1.671426 114.218529 -0.167268 -16.142648 -0.330649 
131 3.885187 0.000000 0.538958 102.681261 0.007130 28.509402 -0.135623 
132 1.510906 0.000000 2.749343 97.624274 -0.069273 2.753779 0.046191 
133 -19.857621 0.000000 11.590882 99.921114 0.088825 -0.010436 0.001576 
134 -29.354744 0.000000 11.590882 99.960093 0.041101 -0.004772 0.000798 
135 -19.857621 0.000000 20.432420 99.932256 0.073535 -0.001204 0.001354 
136 -5.611936 0.000000 7.170112 99.604814 0.072316 0.068807 0.007887 
137 -10.360498 0.000000 7.170112 99.788450 0.073458 -0.013440 0.004226 
138 -5.611936 0.000000 11.590882 99.718757 0.058993 0.079921 0.005616 
139 -3.237656 0.000000 0.538958 98.935237 -0.065281 0.045175 0.021181 
140 -5.611936 0.000000 0.538958 99.438020 0.071405 -0.028359 0.011207 
141 -3.237656 0.000000 -1.671426 98.967043 -0.071310 -0.102005 0.020551 
142 -3.237656 0.000000 2.749343 99.064039 -0.045498 0.159315 0.018629 
143 -48.348991 0.000000 -209.447580 100.000305 0.000736 -0.000485 -0.000006 
144 -124.325976 0.000000 -209.447580 99.999820 0.000340 -0.000268 0.000004 
145 -48.348991 0.000000 -280.179887 100.000222 0.000552 -0.000192 -0.000004 
146 27.627995 0.000000 -209.447580 100.001034 0.001363 0.000256 -0.000021 
147 -10.360498 0.000000 -103.349118 100.003174 0.003599 -0.003615 -0.000063 
148 -48.348991 0.000000 -103.349118 99.998852 0.001599 -0.002221 0.000023 
149 -10.360498 0.000000 -138.715272 100.002167 0.002058 -0.001403 -0.000043 
150 27.627995 0.000000 -103.349118 100.007789 0.005593 0.002279 -0.000156 
151 8.633748 0.000000 -50.299888 100.058565 0.023849 -0.041774 -0.001172 
152 -10.360498 0.000000 -50.299888 100.001501 0.034202 -0.031790 -0.000030 
153 8.633748 0.000000 -67.982965 100.041096 0.028966 -0.017410 -0.000822 
154 27.627995 0.000000 -50.299888 100.108902 -0.009935 0.004488 -0.002179 
155 -0.863375 0.000000 -23.775272 99.993162 0.052663 -0.153869 0.000134 
156 -10.360498 0.000000 -23.775272 99.956063 0.114297 -0.092085 0.000876 
157 -0.863375 0.000000 -32.616811 100.036021 0.088340 -0.116179 -0.000723 
158 8.633748 0.000000 -23.775272 99.943222 -0.183430 -0.160438 0.001129 
159 3.885187 0.000000 -10.512965 100.003686 -0.189476 -0.380973 -0.000092 
160 -0.863375 0.000000 -10.512965 99.718299 0.025770 -0.399398 0.005610 
161 3.885187 0.000000 -14.933734 100.083614 -0.119865 -0.346759 -0.001686 
162 8.633748 0.000000 -10.512965 99.879894 -0.136096 -0.216146 0.002394 
163 1.510906 0.000000 -3.881811 99.074900 -0.050705 -2.218364 0.017924 
164 -0.863375 0.000000 -3.881811 98.386934 -0.062731 -0.791533 0.031938 
165 1.510906 0.000000 -6.092195 99.483336 -0.058746 -1.082746 0.010189 
166 3.885187 0.000000 -3.881811 100.754807 -0.109305 -1.766500 -0.015466 
167 0.323766 0.000000 -0.566234 93.509160 -0.115674 23.755291 0.069171 
168 -0.863375 0.000000 -0.566234 96.165618 -0.042079 -0.125183 0.075216 
169 0.323766 0.000000 -1.671426 93.551061 -0.062437 -4.813983 0.122502 
170 1.510906 0.000000 -0.566234 106.183226 -0.104217 5.724076 -0.130765 
171 0.323766 0.000000 0.538958 92.094208 -0.049796 3.720092 0.150482 
172 -5.611936 0.000000 -10.512965 99.735053 0.056702 -0.156698 0.005289 
173 -10.360498 0.000000 -10.512965 99.838956 0.118424 -0.113347 0.003216 
174 -5.611936 0.000000 -14.933734 99.850806 0.126208 -0.167177 0.002977 
175 -3.237656 0.000000 -3.881811 99.144553 -0.073682 -0.199891 0.017031 
176 -5.611936 0.000000 -3.881811 99.512182 0.088557 -0.134765 0.009730 
177 -3.237656 0.000000 -6.092195 99.297981 -0.096768 -0.206191 0.013986 
178 0.323766 0.000000 -2.776618 96.986165 -0.060182 -2.399601 0.058792 
179 -0.863375 0.000000 -2.776618 97.703605 -0.047470 -0.833217 0.045331 
180 0.323766 0.000000 -3.881811 98.253267 -0.047335 -1.570549 0.034383 
181 1.510906 0.000000 -2.776618 98.747775 -0.069462 -3.708533 0.023512 
182 13.382310 0.000000 -1.671426 108.660517 -0.020095 2.958600 -0.181586 
183 13.382310 0.000000 -6.092195 99.835988 -0.067205 -0.312753 0.003267 
184 18.130872 0.000000 -1.671426 104.710692 0.056703 1.946575 -0.096812 
185 13.382310 0.000000 2.749343 109.366579 -0.037390 11.617958 -0.209603 
186 6.259468 0.000000 0.538958 -61.296390 -0.027970 -3.516721 0.623038 
187 6.259468 0.000000 -1.671426 106.479515 -0.079138 0.232306 -0.133795 
188 8.633748 0.000000 0.538958 -33.588269 -0.030594 0.043892 0.887183 
189 6.259468 0.000000 2.749343 101.498613 -0.084181 3.104071 -0.031161 
190 2.698046 0.000000 -0.566234 113.617249 -0.189039 -9.975427 -0.300842 
191 2.698046 0.000000 -1.671426 113.617216 -0.169961 -8.413720 -0.297969 
192 3.885187 0.000000 -0.566234 -66.574503 0.034651 -1.763837 0.556472 
193 2.698046 0.000000 0.538958 100.570614 -0.044480 32.472144 -0.116889 
194 0.917336 0.000000 -1.118830 115.055838 -0.103443 -23.561040 -0.379298 
195 0.323766 0.000000 -1.118830 101.256248 -0.082944 -9.552189 -0.034408 
196 0.917336 0.000000 -1.671426 116.436040 -0.153890 -26.802984 -0.427578 
197 1.510906 0.000000 -1.118830 114.385806 -0.700410 -19.360576 -0.345944 
198 0.917336 0.000000 -0.566234 102.903603 -0.093790 15.246822 -0.082163 
199 1.510906 0.000000 4.959728 98.842228 -0.038231 1.332246 0.022844 
200 -0.863375 0.000000 4.959728 98.842285 -0.021799 0.568879 0.022988 
201 3.885187 0.000000 4.959728 99.689371 -0.052188 1.794214 0.005881 
202 1.510906 0.000000 7.170112 99.326545 -0.029676 0.806378 0.013359 
203 0.323766 0.000000 1.644151 95.919036 -0.045057 2.238504 0.079453 
204 -0.863375 0.000000 1.644151 97.397512 -0.035410 0.678448 0.051326 
205 1.510906 0.000000 1.644151 96.159830 -0.065733 4.783092 0.073040 
206 0.323766 0.000000 2.749343 97.463006 -0.046082 1.564300 0.049851 
207 0.917336 0.000000 -0.013638 98.122375 -0.086520 39.450569 -0.118436 
208 0.323766 0.000000 -0.013638 92.766769 -0.035138 45.291669 -0.065701 
209 1.510906 0.000000 -0.013638 97.777533 -0.086332 36.130432 -0.086586 
210 0.917336 0.000000 0.538958 96.395322 -0.012045 41.097040 -0.098102 
211 6.259468 0.000000 -3.881811 101.238928 -0.069662 -0.679398 -0.024979 
212 6.259468 0.000000 -6.092195 100.494694 -0.060970 -0.564176 -0.009951 
213 8.633748 0.000000 -3.881811 100.258579 -0.153495 -0.001844 -0.005181 
214 2.698046 0.000000 -2.776618 100.534196 -0.100633 -3.443359 -0.011899 
215 2.698046 0.000000 -3.881811 100.093308 -0.069077 -2.189726 -0.002347 
216 3.885187 0.000000 -2.776618 101.626704 -0.102107 -2.415139 -0.033383 
217 5.072327 0.000000 -0.566234 109.355746 -0.104988 -0.018898 -0.195869 
218 5.072327 0.000000 -1.671426 109.940498 -0.151563 -0.416018 -0.208711 
219 6.259468 0.000000 -0.566234 106.885022 -0.086713 -0.120718 -0.142443 
220 5.072327 0.000000 0.538958 103.653691 -0.021901 23.827334 -0.131183 
221 3.291617 0.000000 -1.118830 113.099188 -0.158911 -6.278084 -0.283087 
222 2.698046 0.000000 -1.118830 113.491023 -0.163801 -8.551199 -0.295336 
223 3.291617 0.000000 -1.671426 112.964391 -0.153439 -5.310922 -0.278918 
224 3.885187 0.000000 -1.118830 112.135824 -0.132503 -3.055026 -0.258379 
225 3.291617 0.000000 -0.566234 112.823835 -0.153832 -4.761222 -0.275191 
226 2.698046 0.000000 1.644151 98.210135 -0.112861 6.256568 0.031561 
227 3.885187 0.000000 1.644151 103.285196 -0.008401 27.202955 -0.140783 
228 2.698046 0.000000 2.749343 98.423522 -0.113393 3.679888 0.029926 
229 13.382310 0.000000 7.170112 100.046525 0.044468 1.380826 -0.001122 
230 18.130872 0.000000 7.170112 100.847582 0.122849 0.326687 -0.017036 
231 13.382310 0.000000 11.590882 99.991943 -0.021019 0.469993 0.000139 
232 6.259468 0.000000 4.959728 100.329016 -0.090982 1.479740 -0.006811 
233 8.633748 0.000000 4.959728 99.617142 -0.088914 1.322363 0.007467 
234 6.259468 0.000000 7.170112 99.919453 -0.247187 0.884540 0.001526 
235 5.072327 0.000000 1.644151 102.924122 -0.051387 23.991327 -0.116896 
236 6.259468 0.000000 1.644151 101.725095 -0.045020 19.924899 -0.074500 
237 5.072327 0.000000 2.749343 100.809365 -0.083336 4.374762 -0.018167 
238 3.291617 0.000000 1.091555 102.242041 -0.008775 29.688119 -0.133482 
239 2.698046 0.000000 1.091555 101.170487 -0.010037 31.838102 -0.124913 
240 3.291617 0.000000 0.538958 102.245268 0.840928 28.968190 -0.129396 
241 3.885187 0.000000 1.091555 102.892075 -0.007553 28.314423 -0.138849 
242 3.291617 0.000000 1.644151 98.299969 -0.075924 9.069688 0.025485 
243 5.072327 0.000000 -2.776618 101.557780 -0.074578 -1.537583 -0.031635 
244 5.072327 0.000000 -3.881811 101.113604 -0.067430 -1.290887 -0.022563 
245 6.259468 0.000000 -2.776618 101.994485 -0.073249 -0.920008 -0.040373 
246 11.008029 0.000000 0.538958 -38.768826 -0.040617 0.075173 0.849697 
247 11.008029 0.000000 -1.671426 110.218378 -0.034402 3.062162 -0.215747 
248 13.382310 0.000000 0.538958 -45.986547 -0.083660 0.439252 0.788504 
249 11.008029 0.000000 2.749343 110.627373 -0.067155 14.640639 -0.245277 
250 7.446608 0.000000 -0.566234 108.582288 -0.070652 1.984539 -0.179406 
251 7.446608 0.000000 -1.671426 107.391813 -0.062154 1.542664 -0.153539 
252 8.633748 0.000000 -0.566234 109.726445 -0.034395 2.571603 -0.204651 
253 7.446608 0.000000 0.538958 -42.755675 0.004015 -1.664804 0.816918 
254 5.665897 0.000000 -1.118830 108.208224 -0.101482 -0.028463 -0.170903 
255 5.072327 0.000000 -1.118830 110.159370 -0.045726 -0.588203 -0.213543 
256 5.665897 0.000000 -1.671426 108.209138 -0.101275 -0.028538 -0.170923 
257 6.259468 0.000000 -1.118830 106.484232 -0.079487 0.236799 -0.133895 
258 5.665897 0.000000 -0.566234 -66.521167 -0.002222 -2.271538 0.556977 
259 4.478757 0.000000 1.091555 103.204687 -0.029849 26.316757 -0.134378 
260 4.478757 0.000000 0.538958 103.247894 0.000853 26.802178 -0.137848 
261 5.072327 0.000000 1.091555 102.987022 -0.046421 24.162709 -0.119017 
262 4.478757 0.000000 1.644151 103.404061 -0.027594 25.118117 -0.132332 
263 7.446608 0.000000 1.644151 105.153991 -0.062730 17.766777 -0.137302 
264 8.633748 0.000000 1.644151 108.215492 -0.038414 11.902130 -0.185225 
265 7.446608 0.000000 2.749343 105.673267 -0.085456 19.048068 -0.152968 
266 5.665897 0.000000 1.091555 102.594428 -0.048900 22.572973 -0.103516 
267 5.665897 0.000000 0.538958 -55.458480 -0.002491 -3.243083 0.691384 
268 6.259468 0.000000 1.091555 102.052235 -0.044336 19.659855 -0.080117 
269 5.665897 0.000000 1.644151 102.091518 -0.056969 21.263568 -0.087482 
270 18.130872 0.000000 -23.775272 99.911684 -0.242334 -0.146442 0.001758 
271 18.130872 0.000000 -32.616811 100.269970 0.084644 -0.163824 -0.005410 
272 27.627995 0.000000 -23.775272 100.244338 -0.048463 -0.089598 -0.004894 
273 13.382310 0.000000 -10.512965 99.778972 -0.136477 -0.213840 0.004409 
274 13.382310 0.000000 -14.933734 100.324764 -0.091714 -0.264010 -0.006514 
275 18.130872 0.000000 -10.512965 99.527726 0.016242 -0.389377 0.009408 
276 11.008029 0.000000 -3.881811 99.834054 -0.009944 -0.143844 0.003314 
277 11.008029 0.000000 -6.092195 99.900832 -0.017071 -0.263070 0.001975 
278 13.382310 0.000000 -3.881811 99.822778 -0.036027 -0.416267 0.003524 
279 7.446608 0.000000 -2.776618 101.470358 -0.130290 0.720383 -0.029677 
280 7.446608 0.000000 -3.881811 100.793761 -0.124862 -0.050027 -0.015940 
281 8.633748 0.000000 -2.776618 100.377080 -0.090795 0.910687 -0.007640 
282 6.853038 0.000000 -1.118830 105.794828 -0.060336 0.533104 -0.119283 
283 6.853038 0.000000 -1.671426 105.796120 -0.060058 0.525888 -0.119310 
284 7.446608 0.000000 -1.118830 107.032257 -0.061605 1.441673 -0.145799 
285 6.853038 0.000000 -0.566234 105.402306 -0.045909 0.661679 -0.111009 
286 9.820889 0.000000 -0.566234 110.242304 -0.039601 2.188715 -0.215816 
287 9.820889 0.000000 -1.671426 109.812337 -0.049212 2.906389 -0.206720 
288 11.008029 0.000000 -0.566234 110.752910 -0.011288 2.274927 -0.227138 
289 9.820889 0.000000 0.538958 -33.533142 -0.025722 0.081414 0.887552 
290 9.820889 0.000000 -2.776618 100.329513 -0.078530 0.842836 -0.006673 
291 9.820889 0.000000 -3.881811 99.967468 -0.106772 -0.033623 0.000649 
292 11.008029 0.000000 -2.776618 100.649689 -0.042051 0.451947 -0.013057 
293 37.125118 0.000000 -6.092195 100.785005 0.002279 1.059560 -0.015874 
294 37.125118 0.000000 -14.933734 100.087506 0.300301 0.076539 -0.001760 
295 46.622241 0.000000 -6.092195 98.351049 0.021674 0.826598 0.032639 
296 37.125118 0.000000 2.749343 101.537311 -0.092473 -1.770811 -0.031297 
297 22.879433 0.000000 -1.671426 97.922329 -0.041377 -1.027936 0.041016 
298 22.879433 0.000000 -6.092195 98.571203 0.003824 -2.358441 0.027816 
299 27.627995 0.000000 -1.671426 106.562624 -0.077275 -3.538958 -0.136812 
300 22.879433 0.000000 2.749343 98.954848 0.001323 -10.369326 0.010042 
301 15.756591 0.000000 0.538958 -69.324657 0.214891 0.704472 0.519355 
302 15.756591 0.000000 -1.671426 98.689189 -0.037850 1.622178 0.025781 
303 18.130872 0.000000 0.538958 91.265971 0.031538 -0.415128 0.167035 
304 15.756591 0.000000 2.749343 102.749525 -0.012437 9.792605 -0.065336 
305 12.195170 0.000000 -0.566234 110.246029 -0.014410 3.041033 -0.216343 
306 12.195170 0.000000 -1.671426 110.244283 -0.014025 3.070978 -0.216323 
307 13.382310 0.000000 -0.566234 108.287035 -0.016561 2.945743 -0.173476 
308 12.195170 0.000000 0.538958 -38.642709 -0.091820 0.585903 0.850639 
309 10.414459 0.000000 -1.118830 110.193715 -0.044357 2.740168 -0.215017 
310 9.820889 0.000000 -1.118830 109.978584 -0.044551 2.628150 -0.210220 
311 10.414459 0.000000 -1.671426 109.960594 -0.053738 3.039418 -0.210057 
312 11.008029 0.000000 -1.118830 110.489116 -0.024118 2.744200 -0.221538 
313 10.414459 0.000000 -0.566234 110.312685 -0.039601 2.082115 -0.217323 
314 15.756591 0.000000 -3.881811 100.437470 -0.005306 0.011630 -0.008769 
315 15.756591 0.000000 -6.092195 99.771476 0.061825 -0.110679 0.004564 
316 18.130872 0.000000 -3.881811 98.300855 -0.032804 0.208426 0.033690 
317 12.195170 0.000000 -2.776618 100.442803 -0.005722 -0.135121 -0.008878 
318 12.195170 0.000000 -3.881811 99.740607 0.003909 -0.287576 0.005173 
319 13.382310 0.000000 -2.776618 100.337283 -0.005762 -0.653650 -0.006800 
320 10.414459 0.000000 -2.224022 109.874681 -0.069996 3.265780 -0.208312 
321 9.820889 0.000000 -2.224022 109.823872 -0.057316 3.122973 -0.207104 
322 10.414459 0.000000 -2.776618 99.019988 -0.028250 -0.417306 0.019487 
323 11.008029 0.000000 -2.224022 110.211204 -0.044656 3.280958 -0.215728 
324 11.601599 0.000000 -1.118830 110.700412 -0.005342 2.706040 -0.226190 
325 11.601599 0.000000 -1.671426 110.534571 -0.010254 3.042707 -0.222715 
326 12.195170 0.000000 -1.118830 110.238229 -0.014285 3.088808 -0.216201 
327 11.601599 0.000000 -0.566234 111.213974 0.013973 1.998311 -0.237254 
328 10.711244 0.000000 -1.395128 110.160078 -0.038667 3.077601 -0.214472 
329 10.414459 0.000000 -1.395128 110.073796 -0.034954 2.987827 -0.212517 
330 10.711244 0.000000 -1.671426 110.164495 -0.038503 3.058705 -0.214557 
331 11.008029 0.000000 -1.395128 110.222334 -0.033741 3.082916 -0.215847 
332 10.711244 0.000000 -1.118830 110.285424 -0.034962 2.778156 -0.217059 
333 11.008029 0.000000 4.959728 99.181157 -0.012430 1.940136 0.015933 
334 13.382310 0.000000 4.959728 99.812547 -0.033698 2.915519 0.002895 
335 11.008029 0.000000 7.170112 99.690233 -0.008084 1.074049 0.006070 
336 9.820889 0.000000 1.644151 108.873402 -0.039639 10.672996 -0.196733 
337 11.008029 0.000000 1.644151 109.491909 -0.033084 9.549411 -0.207967 
338 9.820889 0.000000 2.749343 109.643325 -0.074176 14.316241 -0.222662 
339 9.820889 0.000000 3.854535 98.021428 -0.071278 2.523616 0.038543 
340 8.633748 0.000000 3.854535 99.019618 -0.094093 2.127877 0.019058 
341 11.008029 0.000000 3.854535 111.151284 -0.081308 15.671000 -0.260019 
342 9.820889 0.000000 4.959728 99.359247 -0.035198 1.626883 0.012509 
343 9.227319 0.000000 2.196747 109.000352 -0.068603 15.594926 -0.212428 
344 8.633748 0.000000 2.196747 108.546962 -0.092688 17.038119 -0.207275 
345 9.227319 0.000000 1.644151 108.959840 -0.084424 15.124569 -0.210101 
346 9.820889 0.000000 2.196747 109.406204 -0.082150 15.655533 -0.221482 
347 9.227319 0.000000 2.749343 109.023245 -0.076843 15.204200 -0.211724 
348 12.195170 0.000000 1.644151 109.103638 -0.016055 7.486288 -0.195965 
349 13.382310 0.000000 1.644151 -54.309599 -0.068709 1.228845 0.704895 
350 12.195170 0.000000 2.749343 110.751754 -0.049099 12.974123 -0.243428 
351 10.414459 0.000000 2.196747 110.185456 -0.066264 14.240045 -0.234362 
352 10.414459 0.000000 1.644151 109.710443 -0.052917 11.656405 -0.217226 
353 11.008029 0.000000 2.196747 109.976243 -0.048618 12.253243 -0.224492 
354 10.414459 0.000000 2.749343 110.215420 -0.064271 14.205518 -0.234924 
355 7.446608 0.000000 3.854535 99.971170 -0.010708 1.679353 0.000294 
356 6.259468 0.000000 3.854535 100.751427 -0.074407 2.037609 -0.015501 
357 7.446608 0.000000 4.959728 99.991178 -0.073440 1.260165 0.000017 
358 9.227319 0.000000 3.301939 109.837422 -0.102877 16.802672 -0.234660 
359 8.633748 0.000000 3.301939 108.373420 -0.106036 18.013079 -0.206928 
360 9.820889 0.000000 3.301939 109.837422 -0.102877 16.802672 -0.234660 
361 9.227319 0.000000 3.854535 99.774232 -0.108341 2.175204 0.004036 
362 9.524104 0.000000 2.473045 109.136554 -0.075554 15.310404 -0.214520 
363 9.227319 0.000000 2.473045 109.013922 -0.073057 15.408760 -0.212147 
364 9.524104 0.000000 2.196747 109.112541 -0.073790 15.373995 -0.214191 
365 9.820889 0.000000 2.473045 109.501900 -0.086960 15.927846 -0.224437 
366 9.524104 0.000000 2.749343 109.357872 -0.078173 14.715597 -0.217570 
367 37.125118 0.000000 11.590882 100.210880 -0.446589 -0.520638 -0.004269 
368 46.622241 0.000000 11.590882 100.006859 -0.206429 -0.755403 -0.000199 
369 37.125118 0.000000 20.432420 100.329111 0.083237 -0.191514 -0.006597 
370 22.879433 0.000000 7.170112 101.095083 -0.006454 -0.405913 -0.022038 
371 27.627995 0.000000 7.170112 100.172510 -0.082564 -0.730162 -0.003507 
372 22.879433 0.000000 11.590882 100.110977 0.029233 0.019229 -0.002221 
373 15.756591 0.000000 4.959728 103.053802 0.020166 2.792170 -0.062788 
374 18.130872 0.000000 4.959728 113.585669 -0.025810 -0.500326 -0.290196 
375 15.756591 0.000000 7.170112 100.887392 -0.042403 1.044347 -0.017936 
376 12.195170 0.000000 3.854535 110.995486 -0.071492 14.376475 -0.252669 
377 13.382310 0.000000 3.854535 109.536765 -0.058134 13.501124 -0.218059 
378 12.195170 0.000000 4.959728 99.218361 -0.014690 2.380261 0.015005 
379 14.569450 0.000000 -0.566234 104.189480 -0.016903 2.677937 -0.086262 
380 14.569450 0.000000 -1.671426 104.122589 -0.034921 2.481559 -0.084767 
381 15.756591 0.000000 -0.566234 99.110111 -0.031133 1.530828 0.017484 
382 14.569450 0.000000 0.538958 -56.759881 0.217761 0.140645 0.677825 
383 14.569450 0.000000 -2.776618 100.646945 0.003134 -0.739535 -0.013035 
384 14.569450 0.000000 -3.881811 100.183880 -0.000150 -0.435001 -0.003700 
385 15.756591 0.000000 -2.776618 101.592091 0.023353 -0.005481 -0.032095 
386 20.505152 0.000000 0.538958 109.355021 0.016845 1.663893 -0.196129 
387 20.505152 0.000000 -1.671426 100.472761 0.011242 2.139099 -0.009935 
388 22.879433 0.000000 0.538958 115.854049 0.006561 1.899160 -0.342577 
389 20.505152 0.000000 2.749343 108.416719 -0.021607 -7.068170 -0.180414 
390 16.943731 0.000000 -0.566234 102.560818 0.000423 1.544029 -0.052111 
391 16.943731 0.000000 -1.671426 101.577882 -0.002969 1.246076 -0.031962 
392 18.130872 0.000000 -0.566234 104.267151 0.040101 2.243274 -0.087667 
393 16.943731 0.000000 0.538958 83.220144 0.035842 -2.362654 0.306882 
394 15.163021 0.000000 -1.118830 101.900049 -0.030935 2.282220 -0.038883 
395 14.569450 0.000000 -1.118830 104.186778 -0.020819 2.628835 -0.086180 
396 15.163021 0.000000 -1.671426 100.401629 -0.041379 1.935968 -0.008424 
397 15.756591 0.000000 -1.118830 98.736685 -0.032350 1.507022 0.024879 
398 15.163021 0.000000 -0.566234 101.618942 -0.022777 2.327034 -0.033182 
399 14.569450 0.000000 3.854535 106.343603 -0.019230 12.050195 -0.145417 
400 14.569450 0.000000 2.749343 106.753989 -0.017621 10.957148 -0.151647 
401 15.756591 0.000000 3.854535 101.295866 -0.012374 9.698398 -0.035491 
402 14.569450 0.000000 4.959728 100.880917 0.001592 3.350326 -0.018818 
403 20.505152 0.000000 4.959728 100.258093 0.033223 0.104811 -0.005170 
404 22.879433 0.000000 4.959728 102.528012 0.027538 -1.753576 -0.051507 
405 20.505152 0.000000 7.170112 100.733769 0.134533 0.204625 -0.014735 
406 16.943731 0.000000 3.854535 109.744939 -0.042724 5.728148 -0.207677 
407 16.943731 0.000000 2.749343 108.395169 -0.035515 5.223689 -0.177680 
408 18.130872 0.000000 3.854535 113.332838 -0.027443 -0.348394 -0.284445 
409 16.943731 0.000000 4.959728 101.222815 0.029420 1.095580 -0.024726 
410 22.879433 0.000000 -10.512965 99.384501 0.065835 -1.054881 0.012160 
411 22.879433 0.000000 -14.933734 99.640043 -0.162489 -0.432571 0.007165 
412 27.627995 0.000000 -10.512965 100.708501 -0.044911 -0.785675 -0.014282 
413 20.505152 0.000000 -3.881811 96.456611 -0.016775 -1.318077 0.069438 
414 20.505152 0.000000 -6.092195 97.984807 0.039982 -1.058905 0.039785 
415 22.879433 0.000000 -3.881811 97.430536 0.038589 -3.054297 0.049796 
416 19.318012 0.000000 -0.566234 102.888583 0.025496 2.593967 -0.059279 
417 19.318012 0.000000 -1.671426 104.117594 0.037588 2.138292 -0.084505 
418 20.505152 0.000000 -0.566234 101.995456 0.011309 2.344936 -0.040857 
419 19.318012 0.000000 0.538958 101.466153 0.026081 2.053870 -0.029960 
420 19.318012 0.000000 3.854535 112.642249 -0.028637 -4.487550 -0.270842 
421 19.318012 0.000000 2.749343 111.857667 -0.025790 -4.503669 -0.253242 
422 20.505152 0.000000 3.854535 109.439215 -0.025032 -7.233861 -0.202927 
423 19.318012 0.000000 4.959728 112.810832 -0.029417 -5.045337 -0.275174 
424 32.376556 0.000000 -1.671426 102.254527 -0.076607 -1.804469 -0.045925 
425 32.376556 0.000000 -6.092195 101.505895 -0.017192 -0.292975 -0.030353 
426 37.125118 0.000000 -1.671426 103.019435 -0.005685 2.516952 -0.061934 
427 32.376556 0.000000 2.749343 98.406738 0.089398 -1.263182 0.031451 
428 25.253714 0.000000 0.538958 106.703724 0.048861 0.637151 -0.138609 
429 25.253714 0.000000 -1.671426 102.719290 -0.036771 -2.895460 -0.055964 
430 27.627995 0.000000 0.538958 104.689479 0.027313 -0.488478 -0.096013 
431 25.253714 0.000000 2.749343 104.615086 -0.045566 -9.738031 -0.103915 
432 21.692293 0.000000 -0.566234 95.559373 0.001910 1.523691 0.086608 
433 21.692293 0.000000 -1.671426 95.238896 0.001145 1.445373 0.092746 
434 22.879433 0.000000 -0.566234 98.381298 -0.033879 -0.465333 0.032090 
435 21.692293 0.000000 0.538958 121.052201 -0.013610 2.520594 -0.465999 
436 25.253714 0.000000 -3.881811 101.421190 0.025336 -3.658998 -0.029965 
437 25.253714 0.000000 -6.092195 100.572677 0.031250 -2.744701 -0.012240 
438 27.627995 0.000000 -3.881811 102.861624 0.001015 -2.444113 -0.058649 
439 21.692293 0.000000 -2.776618 96.009711 -0.010350 -2.834441 0.077410 
440 20.505152 0.000000 -2.776618 95.115121 -0.020186 -1.520655 0.095080 
441 21.692293 0.000000 -3.881811 96.505379 -0.007982 -2.351626 0.068118 
442 22.879433 0.000000 -2.776618 97.011659 0.041004 -2.168243 0.058404 
443 21.098722 0.000000 -1.118830 97.922402 0.007793 1.969174 0.040733 
444 20.505152 0.000000 -1.118830 100.198480 0.007325 2.362728 -0.004532 
445 21.098722 0.000000 -1.671426 97.356581 0.009755 1.935943 0.051795 
446 21.692293 0.000000 -1.118830 95.219510 0.006186 1.581274 0.093074 
447 21.098722 0.000000 -0.566234 98.392811 0.007088 2.005249 0.031483 
448 19.318012 0.000000 -2.776618 96.012300 -0.013547 -0.161835 0.078161 
449 18.130872 0.000000 -2.776618 97.188632 -0.082041 0.607820 0.055399 
450 19.318012 0.000000 -3.881811 97.279554 -0.103732 -0.376318 0.053654 
451 21.098722 0.000000 -2.224022 95.354816 -0.004638 -3.584545 0.089461 
452 20.505152 0.000000 -2.224022 100.361880 0.002838 2.195128 -0.007733 
453 21.098722 0.000000 -2.776618 95.278681 -0.005256 -2.508817 0.091568 
454 21.692293 0.000000 -2.224022 95.779247 0.011266 -3.780377 0.081204 
455 24.066573 0.000000 -0.566234 102.060977 -0.038718 -1.811131 -0.041972 
456 24.066573 0.000000 -1.671426 99.840674 -0.036840 -2.517986 0.002550 
457 25.253714 0.000000 -0.566234 103.212096 -0.027746 -2.494544 -0.065896 
458 24.066573 0.000000 0.538958 110.886998 0.015045 1.162354 -0.229728 
459 22.285863 0.000000 -1.118830 92.145612 -0.013696 0.418867 0.150901 
460 22.285863 0.000000 -1.671426 94.833775 -0.013882 0.606073 0.100619 
461 22.879433 0.000000 -1.118830 95.767317 -0.037327 -1.126021 0.082735 
462 22.285863 0.000000 -0.566234 96.297788 -0.014609 0.561436 0.072642 
463 21.395508 0.000000 -1.395128 96.095884 0.005380 1.665540 0.076281 
464 21.098722 0.000000 -1.395128 98.058097 0.007573 1.979669 0.038069 
465 21.395508 0.000000 -1.671426 95.351301 0.009299 1.752123 0.090506 
466 21.692293 0.000000 -1.395128 95.258397 0.004622 1.542397 0.092346 
467 21.395508 0.000000 -1.118830 95.729914 0.007344 1.664471 0.083301 
468 19.911582 0.000000 -1.118830 102.150049 0.016839 2.519327 -0.044098 
469 19.318012 0.000000 -1.118830 103.323870 0.027763 2.418039 -0.068167 
470 19.911582 0.000000 -1.671426 102.176425 0.015318 2.225457 -0.044497 
471 19.911582 0.000000 -0.566234 102.066241 0.016856 2.592249 -0.042424 
472 20.801937 0.000000 -1.395128 99.769502 0.007961 2.115562 0.004157 
473 20.505152 0.000000 -1.395128 100.425493 0.009580 2.148435 -0.008990 
474 20.801937 0.000000 -1.671426 98.778538 0.006482 2.058576 0.023856 
475 20.801937 0.000000 -1.118830 100.511015 0.007527 2.181266 -0.010722 
476 21.692293 0.000000 1.644151 122.888606 -0.007946 4.023431 -0.511780 
477 20.505152 0.000000 1.644151 111.122740 0.010743 2.941688 -0.235692 
478 22.879433 0.000000 1.644151 120.819756 -0.014327 2.330370 -0.460284 
479 21.692293 0.000000 2.749343 99.415366 0.007326 -8.620994 0.004226 
480 21.098722 0.000000 -0.013638 104.988192 0.012768 1.848474 -0.102594 
481 20.505152 0.000000 -0.013638 109.375474 0.016818 1.664144 -0.196576 
482 21.692293 0.000000 -0.013638 105.635174 -0.003781 1.921753 -0.116248 
483 21.098722 0.000000 0.538958 110.509100 0.014964 1.786159 -0.221545 
484 21.395508 0.000000 -0.842532 96.130191 0.004612 1.660020 0.075623 
485 21.098722 0.000000 -0.842532 98.030516 0.007591 1.977300 0.038611 
486 21.692293 0.000000 -0.842532 94.836266 -0.001197 1.185965 0.100468 
487 21.395508 0.000000 -0.566234 96.508745 0.003183 1.668199 0.068328 
488 21.247115 0.000000 -1.256979 97.429441 0.008637 1.926218 0.050379 
489 21.098722 0.000000 -1.256979 97.964341 0.007727 1.972444 0.039910 
490 21.247115 0.000000 -1.395128 97.627827 0.008259 1.942224 0.046504 
491 21.395508 0.000000 -1.256979 95.832950 0.006832 1.665076 0.081327 
492 21.247115 0.000000 -1.118830 97.370082 0.008708 1.921398 0.051538 
493 20.801937 0.000000 -0.842532 101.028953 0.008089 2.516207 -0.021318 
494 20.505152 0.000000 -0.842532 101.424909 0.009562 2.521392 -0.029337 
495 20.801937 0.000000 -0.566234 101.340032 0.008452 2.587160 -0.027650 
496 20.950330 0.000000 -1.256979 99.959108 0.007257 2.150658 0.000355 
497 20.801937 0.000000 -1.256979 100.556011 0.007508 2.184757 -0.011628 
498 20.950330 0.000000 -1.395128 97.764721 0.008816 1.971142 0.043817 
499 20.950330 0.000000 -1.118830 98.407263 0.007011 2.011967 0.031196 
500 21.247115 0.000000 -0.980681 96.449094 0.005169 1.709100 0.069465 
501 21.098722 0.000000 -0.980681 97.944365 0.007743 1.970787 0.040302 
502 21.395508 0.000000 -0.980681 95.935695 0.005846 1.661381 0.079358 
503 21.247115 0.000000 -0.842532 96.553842 0.004624 1.709730 0.067443 
504 21.172919 0.000000 -1.187905 97.674358 0.008204 1.947503 0.045593 
505 21.098722 0.000000 -1.187905 97.935768 0.007774 1.970228 0.040470 
506 21.172919 0.000000 -1.256979 97.711391 0.008145 1.950446 0.044868 
507 21.247115 0.000000 -1.187905 97.376083 0.008727 1.921902 0.051420 
508 21.172919 0.000000 -1.118830 97.664875 0.008205 1.946756 0.045778 
509 32.376556 0.000000 7.170112 100.123860 -0.061886 -0.495411 -0.002504 
510 37.125118 0.000000 7.170112 100.533260 0.145226 -0.502563 -0.010721 
511 32.376556 0.000000 11.590882 100.304695 -0.328668 -0.377365 -0.006128 
512 25.253714 0.000000 4.959728 100.552291 -0.096058 -1.965044 -0.011463 
513 27.627995 0.000000 4.959728 100.184706 -0.043214 -1.603821 -0.003955 
514 25.253714 0.000000 7.170112 100.466761 0.033870 -0.753693 -0.009414 
515 21.692293 0.000000 3.854535 100.742576 0.004417 -8.585409 -0.022278 
516 22.879433 0.000000 3.854535 99.658206 0.003721 -10.742342 -0.004716 
517 21.692293 0.000000 4.959728 102.399328 0.002622 0.483348 -0.048586 
518 24.066573 0.000000 -2.776618 98.747382 0.061040 -2.305608 0.024363 
519 24.066573 0.000000 -3.881811 99.040751 0.048698 -3.293792 0.018008 
520 25.253714 0.000000 -2.776618 102.441307 -0.050070 -2.922996 -0.050277 
521 22.285863 0.000000 -2.224022 98.089605 0.028437 -2.130328 0.037389 
522 22.285863 0.000000 -2.776618 96.924055 0.026828 -2.468242 0.059963 
523 22.879433 0.000000 -2.224022 97.076598 0.035937 -1.114090 0.057489 
524 21.989078 0.000000 -1.395128 92.681838 -0.006399 0.919963 0.140923 
525 21.989078 0.000000 -1.671426 95.157534 -0.000361 1.397958 0.094309 
526 22.285863 0.000000 -1.395128 93.576797 -0.017156 0.264770 0.124331 
527 21.989078 0.000000 -1.118830 91.577593 -0.006503 0.915343 0.161271 
528 24.066573 0.000000 3.854535 101.071588 -0.040913 -5.366171 -0.024426 
529 24.066573 0.000000 2.749343 103.152864 -0.042137 -10.261256 -0.074581 
530 25.253714 0.000000 3.854535 100.171781 -0.077105 -2.928005 -0.004296 
531 24.066573 0.000000 4.959728 101.087180 0.039971 -2.064865 -0.022288 
532 22.285863 0.000000 3.301939 96.488723 0.019509 -9.662136 0.059657 
533 21.692293 0.000000 3.301939 100.411472 0.005205 -8.578379 -0.015605 
534 22.285863 0.000000 2.749343 97.310664 0.015194 -9.587640 0.043871 
535 22.879433 0.000000 3.301939 99.590834 0.000589 -10.555340 -0.002975 
536 22.285863 0.000000 3.854535 97.327930 0.014942 -9.507163 0.043689 
537 21.098722 0.000000 3.301939 104.340776 -0.008384 -8.171716 -0.095377 
538 20.505152 0.000000 3.301939 108.973646 -0.023233 -7.022642 -0.192457 
539 21.098722 0.000000 2.749343 103.957573 -0.008320 -8.098639 -0.087276 
540 21.098722 0.000000 3.854535 106.213334 -0.013803 -8.139520 -0.134752 
541 -48.348991 0.000000 214.946266 100.000057 -0.000039 0.000691 -0.000001 
542 -124.325976 0.000000 214.946266 99.999706 -0.000045 0.000299 0.000006 
543 27.627995 0.000000 214.946266 100.001337 -0.000281 0.000237 -0.000027 
544 -48.348991 0.000000 285.678573 100.000173 -0.000199 0.000315 -0.000003 
545 -10.360498 0.000000 108.847804 100.000349 0.002035 0.005069 -0.000007 
546 -48.348991 0.000000 108.847804 99.997644 0.000893 0.002345 0.000047 
547 27.627995 0.000000 108.847804 100.008375 0.002483 0.002226 -0.000168 
548 -10.360498 0.000000 144.213958 100.001034 0.000727 0.002388 -0.000021 
549 8.633748 0.000000 55.798574 99.992327 0.006867 0.023558 0.000153 
550 -10.360498 0.000000 55.798574 99.968749 0.032756 0.013406 0.000625 
551 27.627995 0.000000 55.798574 100.012753 -0.034810 0.011591 -0.000255 
552 8.633748 0.000000 73.481651 99.992777 0.002350 0.012136 0.000144 
553 18.130872 0.000000 29.273958 100.047555 0.371518 0.001940 -0.000965 
554 8.633748 0.000000 29.273958 100.032950 0.313261 0.089637 -0.000670 
555 27.627995 0.000000 29.273958 100.194366 0.262300 -0.001083 -0.003898 
556 18.130872 0.000000 38.115497 100.087768 0.011292 0.045456 -0.001756 
557 22.879433 0.000000 16.011651 100.381850 -0.033929 -0.011977 -0.007652 
558 18.130872 0.000000 16.011651 100.399284 -0.058226 0.155235 -0.008004 
559 27.627995 0.000000 16.011651 100.259128 -0.157093 -0.135250 -0.005194 
560 22.879433 0.000000 20.432420 100.552340 -0.077553 0.050150 -0.011078 
561 20.505152 0.000000 9.380497 100.257091 0.003795 0.107029 -0.005150 
562 18.130872 0.000000 9.380497 100.371462 0.114657 0.259870 -0.007451 
563 22.879433 0.000000 9.380497 100.496046 -0.000722 -0.076352 -0.009946 
564 20.505152 0.000000 11.590882 99.910557 0.074969 0.228345 0.001782 
565 21.692293 0.000000 6.064920 101.501413 -0.014711 0.047706 -0.030254 
566 20.505152 0.000000 6.064920 100.815226 0.019594 0.248684 -0.016377 
567 22.879433 0.000000 6.064920 101.593364 0.012715 -0.759581 -0.032179 
568 21.692293 0.000000 7.170112 101.058450 0.033738 -0.030180 -0.021281 
569 22.285863 0.000000 4.407132 105.429003 0.013394 -1.274266 -0.111690 
570 21.692293 0.000000 4.407132 102.375727 0.016360 1.538074 -0.048316 
571 22.879433 0.000000 4.407132 103.035198 0.037278 -2.957261 -0.062500 
572 22.285863 0.000000 4.959728 103.331139 0.029052 -0.688000 -0.067780 
573 21.989078 0.000000 3.578237 97.276757 0.011506 -8.616516 0.046299 
574 21.692293 0.000000 3.578237 101.578805 0.001948 -8.524929 -0.039093 
575 21.989078 0.000000 3.301939 97.552071 0.011419 -8.725504 0.040746 
576 22.285863 0.000000 3.578237 96.792969 0.017855 -9.465233 0.054153 
577 21.989078 0.000000 3.854535 98.423311 0.011644 -8.769572 0.023595 
578 23.473003 0.000000 -1.118830 99.019195 -0.057817 -1.850646 0.019177 
579 23.473003 0.000000 -1.671426 97.916891 -0.066908 -2.430599 0.040637 
580 24.066573 0.000000 -1.118830 99.114029 -0.048190 -2.548871 0.016991 
581 23.473003 0.000000 -0.566234 100.518381 -0.044395 -1.342698 -0.010575 
582 24.066573 0.000000 1.644151 113.629100 0.014783 1.591788 -0.291411 
583 25.253714 0.000000 1.644151 106.918741 0.048133 0.641753 -0.143203 
584 23.473003 0.000000 3.301939 101.755103 -0.029610 -10.388058 -0.046201 
585 23.473003 0.000000 2.749343 101.647269 -0.027170 -10.417440 -0.044069 
586 24.066573 0.000000 3.301939 103.065514 -0.042381 -10.257249 -0.072771 
587 23.473003 0.000000 3.854535 101.907995 -0.032377 -10.350494 -0.049237 
588 30.002275 0.000000 0.538958 101.658720 0.009014 -0.486421 -0.033473 
589 30.002275 0.000000 -1.671426 106.406445 -0.078964 -3.326071 -0.133340 
590 32.376556 0.000000 0.538958 127.683500 0.014030 0.347317 -0.630320 
591 30.002275 0.000000 2.749343 104.001392 -0.060371 -10.604124 -0.092874 
592 26.440854 0.000000 -0.566234 105.880647 -0.042871 -2.688757 -0.121794 
593 26.440854 0.000000 -1.671426 104.834605 -0.054582 -3.194889 -0.100050 
594 27.627995 0.000000 -0.566234 106.349430 -0.059746 -2.897279 -0.131860 
595 26.440854 0.000000 0.538958 106.692332 0.033903 -0.265943 -0.138333 
596 103.604980 0.000000 -209.447580 99.999752 0.001791 0.000549 0.000005 
597 103.604980 0.000000 -280.179887 99.999987 0.001198 0.000236 0.000000 
598 179.581965 0.000000 -209.447580 99.999538 0.002003 0.000028 0.000009 
599 65.616487 0.000000 -103.349118 99.999177 0.005173 0.005694 0.000016 
600 65.616487 0.000000 -138.715272 100.000466 0.003137 0.002488 -0.000009 
601 103.604980 0.000000 -103.349118 99.996432 0.004579 0.001658 0.000071 
602 46.622241 0.000000 -50.299888 100.048429 -0.025075 0.053339 -0.000969 
603 46.622241 0.000000 -67.982965 100.021147 -0.002887 0.020478 -0.000423 
604 65.616487 0.000000 -50.299888 99.984724 -0.007078 0.032787 0.000305 
605 37.125118 0.000000 -23.775272 100.232361 -0.256615 0.123424 -0.004661 
606 37.125118 0.000000 -32.616811 100.219545 0.245110 0.063247 -0.004402 
607 46.622241 0.000000 -23.775272 99.978686 -0.177991 0.193019 0.000419 
608 32.376556 0.000000 -10.512965 101.218270 0.227648 -0.067529 -0.024519 
609 32.376556 0.000000 -14.933734 100.175304 0.321755 -0.187370 -0.003523 
610 37.125118 0.000000 -10.512965 100.521222 0.243004 0.279082 -0.010465 
611 30.002275 0.000000 -3.881811 103.492175 -0.065822 -1.502698 -0.071289 
612 30.002275 0.000000 -6.092195 101.794999 -0.051505 -0.853559 -0.036295 
613 32.376556 0.000000 -3.881811 101.228864 -0.034493 -0.935844 -0.024816 
614 26.440854 0.000000 -2.776618 100.742056 -0.051519 -3.315637 -0.015996 
615 26.440854 0.000000 -3.881811 101.732086 0.034870 -3.807802 -0.036392 
616 27.627995 0.000000 -2.776618 102.017283 -0.009845 -2.322645 -0.041292 
617 25.847284 0.000000 -1.118830 103.678076 -0.054573 -3.123752 -0.075890 
618 25.253714 0.000000 -1.118830 103.025967 -0.037774 -2.893137 -0.062272 
619 25.847284 0.000000 -1.671426 103.572443 -0.046621 -3.007055 -0.073630 
620 26.440854 0.000000 -1.118830 105.884587 -0.055213 -3.177601 -0.122165 
621 25.847284 0.000000 -0.566234 104.701960 -0.034758 -2.380085 -0.096817 
622 30.002275 0.000000 4.959728 99.749088 -0.113809 -1.156965 0.004877 
623 32.376556 0.000000 4.959728 99.955158 -0.028988 -0.507465 0.000871 
624 30.002275 0.000000 7.170112 99.923846 -0.091913 -0.535950 0.001493 
625 26.440854 0.000000 3.854535 100.515115 -0.079626 -3.390992 -0.011479 
626 26.440854 0.000000 2.749343 105.825236 -0.069872 -10.571229 -0.131074 
627 27.627995 0.000000 3.854535 99.672305 -0.046939 -2.714451 0.005806 
628 26.440854 0.000000 4.959728 100.306226 0.034526 -1.762944 -0.006445 
629 26.440854 0.000000 1.644151 106.850357 0.043544 -0.409601 -0.141717 
630 27.627995 0.000000 1.644151 104.057512 -0.033961 -6.904815 -0.087564 
631 25.847284 0.000000 3.301939 105.274956 -0.059289 -10.395988 -0.119090 
632 25.253714 0.000000 3.301939 104.790585 -0.051629 -10.319956 -0.108757 
633 25.847284 0.000000 2.749343 105.297050 -0.057913 -10.011048 -0.118769 
634 26.440854 0.000000 3.301939 105.741121 -0.067773 -10.527891 -0.129203 
635 25.847284 0.000000 3.854535 99.409536 -0.049440 -3.466225 0.010573 
636 28.815135 0.000000 -0.566234 105.307130 -0.053566 -2.818396 -0.109754 
637 28.815135 0.000000 -1.671426 106.983602 -0.072877 -3.573766 -0.145827 
638 30.002275 0.000000 -0.566234 104.548407 -0.047710 -2.417777 -0.093622 
639 28.815135 0.000000 0.538958 101.469579 0.018585 -1.033343 -0.029714 
640 28.815135 0.000000 1.644151 103.703991 -0.031058 -7.267825 -0.080734 
641 30.002275 0.000000 1.644151 102.554239 -0.037703 -8.152958 -0.058384 
642 28.815135 0.000000 2.749343 105.144794 -0.055439 -10.073862 -0.115691 
643 28.815135 0.000000 -2.776618 107.256556 -0.077072 -2.109268 -0.150842 
644 28.815135 0.000000 -3.881811 104.676957 -0.090774 -1.694389 -0.096014 
645 30.002275 0.000000 -2.776618 105.384553 -0.087435 -1.961620 -0.110976 
646 255.558951 0.000000 -67.982965 99.999551 0.006440 -0.002283 0.000009 
647 255.558951 0.000000 -138.715272 99.999626 0.003264 -0.000538 0.000007 
648 331.535936 0.000000 -67.982965 99.999809 0.006426 -0.002300 0.000004 
649 255.558951 0.000000 2.749343 99.999584 -0.021680 -1.089940 -0.000111 
650 141.593473 0.000000 -32.616811 99.996160 0.010977 -0.008464 0.000077 
651 141.593473 0.000000 -67.982965 99.996882 0.006672 -0.001618 0.000062 
652 179.581965 0.000000 -32.616811 99.998415 0.010662 -0.008644 0.000032 
653 141.593473 0.000000 2.749343 99.996206 -0.020988 -1.089113 -0.000043 
654 84.610734 0.000000 -14.933734 99.965123 -0.025290 -0.002200 0.000697 
655 84.610734 0.000000 -32.616811 99.970178 0.013665 0.003282 0.000596 
656 103.604980 0.000000 -14.933734 99.986629 0.008544 -0.024797 0.000267 
657 84.610734 0.000000 2.749343 99.952061 -0.061939 -1.061195 0.000846 
658 56.119364 0.000000 -6.092195 98.509143 0.031480 0.095302 0.029594 
659 56.119364 0.000000 -14.933734 99.559144 -0.001528 0.260141 0.008791 
660 65.616487 0.000000 -6.092195 99.744625 -0.032816 -0.215385 0.005096 
661 56.119364 0.000000 2.749343 98.783872 -0.033865 -1.501140 0.023949 
662 41.873679 0.000000 -1.671426 106.211683 0.016140 2.470560 -0.128703 
663 41.873679 0.000000 -6.092195 100.543779 0.066176 1.412940 -0.011105 
664 46.622241 0.000000 -1.671426 105.548400 -0.005486 1.323697 -0.114222 
665 41.873679 0.000000 2.749343 101.404982 0.006241 -3.957239 -0.029863 
666 34.750837 0.000000 0.538958 157.052747 0.063579 0.682050 -1.466603 
667 34.750837 0.000000 -1.671426 103.936821 -0.067522 2.033371 -0.080700 
668 37.125118 0.000000 0.538958 112.449680 0.063074 -2.825079 -0.265292 
669 34.750837 0.000000 2.749343 101.075039 -0.175184 -1.598984 -0.021875 
670 31.189416 0.000000 -0.566234 103.521293 -0.066714 -2.240585 -0.072168 
671 31.189416 0.000000 -1.671426 103.000789 -0.076369 -2.629872 -0.061608 
672 32.376556 0.000000 -0.566234 102.433670 -0.061497 -1.412493 -0.049466 
673 31.189416 0.000000 0.538958 102.347294 -0.002605 0.079525 -0.047497 
674 29.408705 0.000000 -1.118830 104.462863 -0.074024 -3.284903 -0.092329 
675 28.815135 0.000000 -1.118830 106.778929 -0.074461 -3.403355 -0.141333 
676 29.408705 0.000000 -1.671426 105.700495 -0.070815 -3.414648 -0.118426 
677 30.002275 0.000000 -1.118830 106.031938 -0.064999 -2.991075 -0.125172 
678 29.408705 0.000000 -0.566234 103.944230 -0.049683 -2.555235 -0.081093 
679 31.189416 0.000000 1.644151 101.970800 -0.017769 -8.392730 -0.046848 
680 32.376556 0.000000 1.644151 99.686468 0.013073 -7.379540 0.000815 
681 31.189416 0.000000 2.749343 102.210993 -0.024149 -10.058851 -0.054827 
682 28.815135 0.000000 3.854535 99.753938 -0.070831 -2.246644 0.004410 
683 30.002275 0.000000 3.854535 99.414772 -0.045129 -1.878560 0.011317 
684 28.815135 0.000000 4.959728 99.907041 -0.131228 -1.408753 0.001658 
685 29.408705 0.000000 2.196747 104.162139 -0.050578 -9.458402 -0.093922 
686 28.815135 0.000000 2.196747 104.844339 -0.055574 -9.297672 -0.107879 
687 29.408705 0.000000 1.644151 103.279946 -0.039929 -8.139655 -0.073300 
688 30.002275 0.000000 2.196747 103.314673 -0.054488 -9.989501 -0.077371 
689 29.408705 0.000000 2.749343 104.554203 -0.060024 -10.709813 -0.104628 
690 34.750837 0.000000 -3.881811 103.600898 -0.100437 1.027874 -0.073421 
691 34.750837 0.000000 -6.092195 101.545499 -0.001576 0.472079 -0.031171 
692 37.125118 0.000000 -3.881811 100.342500 0.011932 1.267898 -0.007022 
693 31.189416 0.000000 -2.776618 101.183408 -0.088616 -2.180218 -0.024284 
694 31.189416 0.000000 -3.881811 101.617798 -0.147236 -1.596751 -0.032875 
695 32.376556 0.000000 -2.776618 99.780226 -0.017888 -1.674899 0.004110 
696 33.563697 0.000000 -0.566234 116.756407 -0.050258 0.606831 -0.363243 
697 33.563697 0.000000 -1.671426 103.896254 -0.070263 0.506990 -0.079469 
698 34.750837 0.000000 -0.566234 121.055898 -0.034579 1.973593 -0.465843 
699 33.563697 0.000000 0.538958 159.778419 0.064979 0.714821 -1.552966 
700 31.782986 0.000000 -1.118830 105.500364 -0.093258 -2.321943 -0.113573 
701 31.189416 0.000000 -1.118830 103.691723 -0.079053 -2.547485 -0.075847 
702 31.782986 0.000000 -1.671426 104.184165 -0.087363 -2.286867 -0.085958 
703 32.376556 0.000000 -1.118830 101.447416 -0.071327 -1.672304 -0.029438 
704 31.782986 0.000000 -0.566234 104.426382 -0.075978 -1.947383 -0.090867 
705 255.558951 0.000000 73.481651 99.999652 -0.005463 -0.003206 0.000007 
706 331.535936 0.000000 73.481651 99.999844 -0.005551 -0.003131 0.000003 
707 255.558951 0.000000 144.213958 99.999785 -0.002884 -0.000853 0.000004 
708 141.593473 0.000000 38.115497 99.997027 -0.007514 -0.015563 0.000059 
709 179.581965 0.000000 38.115497 99.998682 -0.008069 -0.014905 0.000026 
710 141.593473 0.000000 73.481651 99.998186 -0.004602 -0.004266 0.000036 
711 84.610734 0.000000 20.432420 99.965228 -0.013819 -0.082236 0.000695 
712 103.604980 0.000000 20.432420 99.982765 -0.008733 -0.064422 0.000344 
713 84.610734 0.000000 38.115497 99.980384 -0.003046 -0.024513 0.000392 
714 56.119364 0.000000 11.590882 99.757652 -0.097815 -0.624245 0.004801 
715 65.616487 0.000000 11.590882 99.842687 0.052218 -0.375310 0.003129 
716 56.119364 0.000000 20.432420 99.943315 0.125239 -0.224385 0.001127 
717 41.873679 0.000000 7.170112 100.418865 0.160433 -1.386386 -0.008590 
718 46.622241 0.000000 7.170112 99.448254 0.156751 -1.226124 0.010852 
719 41.873679 0.000000 11.590882 100.306983 -0.184356 -0.753939 -0.006209 
720 34.750837 0.000000 4.959728 100.734343 -0.127663 -0.714756 -0.014794 
721 37.125118 0.000000 4.959728 101.083582 -0.021923 -0.998678 -0.021889 
722 34.750837 0.000000 7.170112 100.377244 0.048530 -0.614977 -0.007597 
723 33.563697 0.000000 1.644151 104.537857 0.016775 -6.451923 -0.096979 
724 34.750837 0.000000 1.644151 105.157210 -0.045978 -7.025899 -0.110740 
725 33.563697 0.000000 2.749343 100.885963 -0.114314 -1.083801 -0.017917 
726 31.189416 0.000000 3.854535 99.314782 -0.055382 -1.262501 0.013498 
727 32.376556 0.000000 3.854535 99.695990 0.002777 -0.643118 0.006030 
728 31.189416 0.000000 4.959728 99.716002 0.014958 -0.823819 0.005604 
729 31.782986 0.000000 2.196747 100.476859 0.000206 -8.852295 -0.017396 
730 31.189416 0.000000 2.196747 101.609420 -0.019364 -9.349619 -0.041189 
731 31.782986 0.000000 1.644151 100.990551 -0.000677 -7.911153 -0.026168 
732 32.376556 0.000000 2.196747 99.234669 0.013507 -8.154593 0.008598 
733 31.782986 0.000000 2.749343 96.892998 0.062895 -1.538214 0.060938 
734 33.563697 0.000000 -2.776618 103.322439 -0.061917 0.221588 -0.067558 
735 33.563697 0.000000 -3.881811 102.542671 -0.117340 0.283463 -0.051509 
736 34.750837 0.000000 -2.776618 106.592388 -0.104334 1.140764 -0.136325 
737 32.970126 0.000000 -1.118830 104.651188 -0.064416 -0.699486 -0.095236 
738 32.970126 0.000000 -1.671426 104.244280 -0.065269 -0.525373 -0.086715 
739 33.563697 0.000000 -1.118830 108.260849 -0.062038 0.529976 -0.172070 
740 32.970126 0.000000 -0.566234 116.898530 -0.033471 -0.375024 -0.366541 
741 33.563697 0.000000 3.854535 100.488905 -0.130377 -0.671502 -0.009849 
742 34.750837 0.000000 3.854535 100.891995 -0.224679 -0.958055 -0.018016 
743 33.563697 0.000000 4.959728 100.396243 -0.106279 -0.542219 -0.007971 
744 32.970126 0.000000 2.196747 98.224192 0.022390 -7.417341 0.029699 
745 32.970126 0.000000 1.644151 104.102190 0.023583 -6.504129 -0.087957 
746 33.563697 0.000000 2.196747 98.796866 0.016083 -6.792957 0.019303 
747 32.970126 0.000000 2.749343 100.025923 -0.010926 -0.797219 -0.000582 
748 39.499399 0.000000 0.538958 99.268923 0.079012 -7.634534 0.008739 
749 39.499399 0.000000 -1.671426 103.705964 -0.026281 1.015915 -0.075596 
750 41.873679 0.000000 0.538958 105.975750 0.072582 -15.957369 -0.148550 
751 39.499399 0.000000 2.749343 102.317924 0.023032 -3.283831 -0.047974 
752 35.937977 0.000000 -0.566234 102.910584 -0.087737 2.821680 -0.059856 
753 35.937977 0.000000 -1.671426 102.899921 -0.088277 2.820062 -0.059635 
754 37.125118 0.000000 -0.566234 101.099779 -0.006979 2.766288 -0.022882 
755 35.937977 0.000000 0.538958 93.114781 0.017268 0.054653 0.132963 
756 34.157267 0.000000 -1.118830 107.713344 -0.070373 1.456660 -0.160429 
757 34.157267 0.000000 -1.671426 104.127346 -0.075994 1.298307 -0.084420 
758 34.750837 0.000000 -1.118830 106.546917 -0.061809 2.146881 -0.135686 
759 34.157267 0.000000 -0.566234 115.508736 -0.046309 1.169441 -0.334364 
760 41.873679 0.000000 -10.512965 100.361431 0.338397 0.708814 -0.007303 
761 41.873679 0.000000 -14.933734 99.974374 0.343890 0.323493 0.000490 
762 46.622241 0.000000 -10.512965 99.754371 0.188610 0.434580 0.004884 
763 39.499399 0.000000 -3.881811 101.441526 -0.026537 2.314289 -0.029574 
764 39.499399 0.000000 -6.092195 100.498244 -0.085424 1.136312 -0.010120 
765 41.873679 0.000000 -3.881811 101.687890 -0.014739 1.997563 -0.034442 
766 35.937977 0.000000 -2.776618 104.218140 -0.015502 1.024266 -0.086247 
767 35.937977 0.000000 -3.881811 102.458383 -0.021494 1.039592 -0.049880 
768 37.125118 0.000000 -2.776618 113.721067 -0.000367 1.380942 -0.293439 
769 34.157267 0.000000 -2.224022 102.226936 -0.084883 0.455656 -0.045056 
770 33.563697 0.000000 -2.224022 104.151734 -0.084955 -0.203466 -0.084763 
771 34.157267 0.000000 -2.776618 101.977920 -0.094332 0.045537 -0.039951 
772 34.750837 0.000000 -2.224022 107.583068 -0.121706 1.018893 -0.157517 
773 33.860482 0.000000 -1.395128 103.334379 -0.070264 0.910393 -0.067883 
774 33.563697 0.000000 -1.395128 103.770538 -0.068860 0.516147 -0.076860 
775 33.860482 0.000000 -1.671426 104.303855 -0.073146 0.888099 -0.088009 
776 34.157267 0.000000 -1.395128 103.823405 -0.073613 1.444256 -0.078139 
777 33.860482 0.000000 -1.118830 104.803643 -0.064620 0.987177 -0.098478 
778 35.937977 0.000000 1.644151 102.106369 -0.114712 -7.709270 -0.048516 
779 37.125118 0.000000 1.644151 102.114542 -0.003008 -7.845735 -0.048894 
780 35.937977 0.000000 2.749343 101.224612 -0.263384 -1.853174 -0.024993 
781 34.157267 0.000000 2.196747 100.824217 -0.003084 -7.008662 -0.021464 
782 34.157267 0.000000 1.644151 105.541039 0.002839 -6.632269 -0.118290 
783 34.750837 0.000000 2.196747 101.798362 -0.047373 -7.286115 -0.041600 
784 34.157267 0.000000 2.749343 100.992442 -0.132886 -1.397837 -0.020145 
785 34.157267 0.000000 1.091555 115.986110 0.008333 -5.068558 -0.347847 
786 33.563697 0.000000 1.091555 117.036191 0.028693 -5.482627 -0.372753 
787 34.157267 0.000000 0.538958 158.712295 0.064432 0.702003 -1.519009 
788 34.750837 0.000000 1.091555 116.213224 -0.026496 -6.102710 -0.354276 
789 33.860482 0.000000 1.920449 103.769720 0.010144 -6.649009 -0.081236 
790 33.563697 0.000000 1.920449 103.699745 0.016464 -6.487428 -0.079572 
791 33.860482 0.000000 1.644151 104.994162 0.009682 -6.562365 -0.106684 
792 34.157267 0.000000 1.920449 105.341267 0.003185 -6.645795 -0.114095 
793 33.860482 0.000000 2.196747 100.199276 0.009616 -6.883139 -0.008727 
794 35.344407 0.000000 -1.118830 102.389310 -0.070606 2.483096 -0.048974 
795 35.344407 0.000000 -1.671426 104.738554 -0.071491 2.333337 -0.097561 
796 35.937977 0.000000 -1.118830 103.307242 -0.101802 2.878672 -0.068068 
797 35.344407 0.000000 -0.566234 102.975379 -0.085516 2.576923 -0.061058 
798 39.499399 0.000000 4.959728 101.225711 0.042173 -1.650344 -0.024937 
799 41.873679 0.000000 4.959728 100.734423 0.202882 -2.406433 -0.015326 
800 39.499399 0.000000 7.170112 100.619874 0.010530 -0.962720 -0.012529 
801 35.937977 0.000000 3.854535 101.105243 -0.243487 -1.070230 -0.022347 
802 37.125118 0.000000 3.854535 101.324014 -0.061805 -1.236194 -0.026809 
803 35.937977 0.000000 4.959728 100.939416 -0.136970 -0.805327 -0.018943 
804 35.344407 0.000000 2.196747 102.021248 -0.079822 -7.494304 -0.046451 
805 35.344407 0.000000 1.644151 102.059126 -0.090723 -7.560026 -0.047323 
806 35.937977 0.000000 2.196747 102.092487 -0.123505 -7.708449 -0.048231 
807 35.344407 0.000000 2.749343 101.157855 -0.282221 -1.748532 -0.023605 
808 35.344407 0.000000 -2.224022 114.686495 0.003171 0.985587 -0.315396 
809 35.344407 0.000000 -2.776618 99.256018 -0.067456 1.355099 0.014640 
810 35.937977 0.000000 -2.224022 104.793402 0.008243 1.234826 -0.098318 
811 38.312258 0.000000 -0.566234 100.809831 -0.051032 2.181283 -0.016738 
812 38.312258 0.000000 -1.671426 102.739390 -0.046686 1.928573 -0.055910 
813 39.499399 0.000000 -0.566234 102.229108 -0.030390 0.683957 -0.045126 
814 38.312258 0.000000 0.538958 -80.892714 -0.001812 0.845865 0.345565 
815 36.531548 0.000000 -1.118830 101.666954 0.045405 2.896546 -0.034456 
816 36.531548 0.000000 -1.671426 102.367150 -0.042166 2.905258 -0.048748 
817 37.125118 0.000000 -1.118830 100.677569 -0.013580 2.805806 -0.014385 
818 36.531548 0.000000 -0.566234 101.852798 -0.001343 2.908662 -0.038245 
819 35.641192 0.000000 -1.395128 102.543747 -0.099914 2.703682 -0.052254 
820 35.344407 0.000000 -1.395128 102.682432 -0.078668 2.485207 -0.054986 
821 35.641192 0.000000 -1.671426 102.937717 -0.091123 2.607856 -0.060298 
822 35.937977 0.000000 -1.395128 103.302658 -0.110296 2.857326 -0.067962 
823 35.641192 0.000000 -1.118830 101.251139 -0.143762 2.733706 -0.025929 
824 35.344407 0.000000 1.091555 102.044683 -0.093625 -7.562243 -0.047031 
825 35.344407 0.000000 0.538958 143.083854 0.048921 0.592602 -1.047334 
826 35.937977 0.000000 1.091555 101.160056 -0.093976 -6.882003 -0.028073 
827 38.312258 0.000000 1.644151 102.263054 0.049599 -7.895453 -0.052007 
828 39.499399 0.000000 1.644151 100.141340 0.076304 -7.767855 -0.008863 
829 38.312258 0.000000 2.749343 102.131435 0.040733 -2.137127 -0.043540 
830 36.531548 0.000000 2.196747 100.759200 -0.239602 -2.705133 -0.015979 
831 36.531548 0.000000 1.644151 102.148628 -0.073623 -7.798942 -0.049517 
832 37.125118 0.000000 2.196747 101.584425 -0.070073 -2.113982 -0.032387 
833 36.531548 0.000000 2.749343 101.322935 -0.231972 -1.825415 -0.026972 
834 35.641192 0.000000 1.920449 102.066930 -0.116420 -7.651500 -0.047622 
835 35.344407 0.000000 1.920449 102.056134 -0.091797 -7.561713 -0.047264 
836 35.641192 0.000000 1.644151 102.054467 -0.116069 -7.643538 -0.047355 
837 35.937977 0.000000 1.920449 102.101919 -0.113378 -7.701566 -0.048413 
838 35.641192 0.000000 2.196747 102.081191 -0.110114 -7.645915 -0.047904 
839 38.312258 0.000000 -2.776618 112.978748 -0.002856 1.624305 -0.276684 
840 38.312258 0.000000 -3.881811 99.813158 0.016764 1.700553 0.003444 
841 39.499399 0.000000 -2.776618 111.428594 -0.003562 2.271268 -0.242149 
842 37.718688 0.000000 -1.118830 102.207082 -0.036062 2.569802 -0.045289 
843 37.718688 0.000000 -1.671426 101.461918 -0.036253 2.551148 -0.030103 
844 38.312258 0.000000 -1.118830 99.712292 -0.059458 2.031196 0.005333 
845 37.718688 0.000000 -0.566234 101.469434 -0.036491 2.548026 -0.030254 
846 36.531548 0.000000 -0.013638 93.114781 0.017268 0.054653 0.132963 
847 35.937977 0.000000 -0.013638 93.114781 0.017268 0.054653 0.132963 
848 37.125118 0.000000 -0.013638 112.449680 0.063074 -2.825079 -0.265292 
849 36.531548 0.000000 0.538958 93.114781 0.017268 0.054653 0.132963 
850 36.828333 0.000000 -0.842532 100.656040 0.006443 2.860311 -0.013982 
851 36.531548 0.000000 -0.842532 101.833758 -0.007419 2.886689 -0.037845 
852 36.828333 0.000000 -1.118830 100.641631 0.002673 2.833688 -0.013677 
853 37.125118 0.000000 -0.842532 100.756815 -0.010790 2.783345 -0.015968 
854 36.828333 0.000000 -0.566234 101.338135 -0.004568 2.870171 -0.027766 
855 36.234763 0.000000 -0.842532 103.224778 -0.048392 2.935289 -0.066397 
856 35.937977 0.000000 -0.842532 103.327038 -0.109943 2.859045 -0.068466 
857 36.234763 0.000000 -1.118830 103.496608 -0.062589 2.918029 -0.072007 
858 36.234763 0.000000 -0.566234 102.560841 -0.050478 2.907817 -0.052718 
859 36.531548 0.000000 -2.224022 101.567329 0.079855 1.556499 -0.031835 
860 36.531548 0.000000 -2.776618 101.543112 0.056435 1.985823 -0.031495 
861 37.125118 0.000000 -2.224022 113.459135 -0.000512 1.165132 -0.287433 
862 36.828333 0.000000 -1.395128 100.719451 0.006609 2.861831 -0.015260 
863 36.531548 0.000000 -1.395128 101.858315 -0.009507 2.887010 -0.038345 
864 36.828333 0.000000 -1.671426 103.245599 -0.004016 2.605097 -0.066644 
865 37.125118 0.000000 -1.395128 101.167179 -0.012830 2.805628 -0.024267 
866 36.679940 0.000000 -0.980681 101.176797 -0.000059 2.872736 -0.024500 
867 36.531548 0.000000 -0.980681 101.750121 0.008245 2.888398 -0.036143 
868 36.679940 0.000000 -1.118830 101.178758 0.005958 2.874194 -0.024540 
869 36.828333 0.000000 -0.980681 100.736019 0.002574 2.833584 -0.015577 
870 36.679940 0.000000 -0.842532 100.897776 0.010825 2.868645 -0.018859 
871 36.531548 0.000000 1.091555 102.144989 -0.070161 -7.807154 -0.049456 
872 37.125118 0.000000 1.091555 102.145574 -0.002410 -7.844300 -0.049525 
873 37.718688 0.000000 1.091555 102.304073 0.030513 -7.873128 -0.052811 
874 37.718688 0.000000 0.538958 112.449680 0.063074 -2.825079 -0.265292 
875 38.312258 0.000000 1.091555 102.030019 0.056150 -7.873988 -0.047213 
876 37.718688 0.000000 1.644151 102.268814 0.030706 -7.866135 -0.052079 
877 36.828333 0.000000 1.367853 102.123559 -0.041441 -7.827363 -0.049049 
878 36.531548 0.000000 1.367853 102.133295 -0.067905 -7.798185 -0.049203 
879 36.828333 0.000000 1.091555 102.119625 -0.042290 -7.821705 -0.048960 
880 37.125118 0.000000 1.367853 102.116416 -0.001443 -7.844695 -0.048930 
881 36.828333 0.000000 1.644151 102.124293 -0.041588 -7.828148 -0.049065 
882 36.234763 0.000000 1.367853 102.138060 -0.094054 -7.774058 -0.049263 
883 35.937977 0.000000 1.367853 102.104404 -0.112935 -7.704896 -0.048469 
884 36.234763 0.000000 1.091555 101.209649 -0.079076 -6.974310 -0.029204 
885 36.234763 0.000000 1.644151 102.139281 -0.098459 -7.771184 -0.049283 
886 38.312258 0.000000 3.854535 101.639483 -0.037330 -1.564376 -0.033303 
887 39.499399 0.000000 3.854535 101.550848 0.020926 -2.213304 -0.031747 
888 38.312258 0.000000 4.959728 101.276092 -0.147551 -1.234465 -0.025839 
889 37.718688 0.000000 2.196747 102.234988 -0.023041 -2.470821 -0.045810 
890 38.312258 0.000000 2.196747 102.270035 0.040054 -2.666550 -0.046627 
891 37.718688 0.000000 2.749343 101.837161 0.000185 -1.902831 -0.037443 
892 36.828333 0.000000 1.920449 102.125758 -0.044215 -7.824678 -0.049090 
893 36.531548 0.000000 1.920449 102.153195 -0.071576 -7.806773 -0.049623 
894 37.125118 0.000000 1.920449 102.101410 -0.017722 -7.843311 -0.048622 
895 36.828333 0.000000 2.196747 101.855099 -0.130805 -2.643031 -0.038146 
896 36.679940 0.000000 1.506002 102.134712 -0.050891 -7.820930 -0.049267 
897 36.531548 0.000000 1.506002 102.143229 -0.069424 -7.800626 -0.049409 
898 36.679940 0.000000 1.367853 102.130592 -0.048434 -7.822118 -0.049185 
899 36.828333 0.000000 1.506002 102.123246 -0.040564 -7.829019 -0.049045 
900 36.679940 0.000000 1.644151 102.136264 -0.051918 -7.820264 -0.049298 
901 37.718688 0.000000 -0.013638 112.449680 0.063074 -2.825079 -0.265292 
902 38.312258 0.000000 -0.013638 -81.197941 0.009622 0.542839 0.340660 
903 37.421903 0.000000 -0.842532 101.653304 -0.019813 2.685596 -0.034061 
904 37.421903 0.000000 -1.118830 102.138929 -0.018199 2.749524 -0.043992 
905 37.718688 0.000000 -0.842532 102.089866 -0.035602 2.571997 -0.042896 
906 37.421903 0.000000 -0.566234 101.818476 -0.024670 2.715108 -0.037437 
907 37.421903 0.000000 1.367853 102.149901 0.017648 -7.848192 -0.049620 
908 37.421903 0.000000 1.091555 102.182826 0.014655 -7.853455 -0.050301 
909 37.718688 0.000000 1.367853 102.280429 0.031154 -7.867599 -0.052319 
910 37.421903 0.000000 1.644151 102.107054 0.010777 -7.841663 -0.048734 
911 51.370803 0.000000 -1.671426 101.195048 -0.025588 -3.828458 -0.025510 
912 51.370803 0.000000 -6.092195 100.551518 -0.030903 2.236286 -0.011561 
913 56.119364 0.000000 -1.671426 98.056594 0.023660 -1.851307 0.038148 
914 51.370803 0.000000 2.749343 99.581506 -0.015478 -2.768574 0.007586 
915 44.247960 0.000000 0.538958 103.551752 0.051854 -33.354028 -0.183546 
916 44.247960 0.000000 -1.671426 106.315491 0.001062 1.876846 -0.130651 
917 46.622241 0.000000 0.538958 92.220052 -0.017154 -5.211888 0.146830 
918 44.247960 0.000000 2.749343 99.147591 0.031219 -4.910609 0.014564 
919 40.686539 0.000000 -0.566234 105.761224 -0.066324 0.504556 -0.118570 
920 40.686539 0.000000 -1.671426 106.143798 -0.061713 0.621658 -0.126690 
921 41.873679 0.000000 -0.566234 105.277717 0.013442 2.304060 -0.108871 
922 40.686539 0.000000 0.538958 106.029833 0.036202 -10.243146 -0.134725 
923 38.905828 0.000000 -1.118830 101.501984 -0.038883 1.438634 -0.030472 
924 38.905828 0.000000 -1.671426 101.376911 -0.035661 1.259596 -0.027887 
925 39.499399 0.000000 -1.118830 101.987800 -0.023011 0.624620 -0.040190 
926 38.905828 0.000000 -0.566234 101.389248 -0.035654 1.260998 -0.028137 
927 40.686539 0.000000 1.644151 106.019288 0.035445 -9.883365 -0.133777 
928 41.873679 0.000000 1.644151 105.828394 0.084515 -14.403217 -0.140711 
929 40.686539 0.000000 2.749343 100.774463 0.007815 -3.521144 -0.016789 
930 38.905828 0.000000 1.091555 100.852216 0.082837 -7.775994 -0.023164 
931 38.905828 0.000000 0.538958 100.841010 0.086970 -7.771608 -0.022931 
932 39.499399 0.000000 1.091555 100.096216 0.076170 -7.765290 -0.007956 
933 38.905828 0.000000 1.644151 100.888778 0.083432 -7.779588 -0.023907 
934 44.247960 0.000000 -3.881811 98.172640 0.052790 3.907129 0.034686 
935 44.247960 0.000000 -6.092195 99.360597 0.065527 1.752509 0.012440 
936 46.622241 0.000000 -3.881811 107.432611 0.009672 1.071202 -0.154291 
937 40.686539 0.000000 -2.776618 104.663600 0.032956 2.297100 -0.095975 
938 40.686539 0.000000 -3.881811 102.170237 0.016767 1.823739 -0.044208 
939 41.873679 0.000000 -2.776618 109.861779 0.007239 2.563579 -0.207618 
940 40.092969 0.000000 -1.118830 103.041507 -0.049903 0.296946 -0.061764 
941 40.092969 0.000000 -1.671426 105.339393 -0.051021 0.737382 -0.109693 
942 40.686539 0.000000 -1.118830 105.150575 -0.053777 0.619813 -0.105703 
943 40.092969 0.000000 -0.566234 103.500766 -0.051365 0.353584 -0.071254 
944 38.905828 0.000000 -0.013638 -81.568803 0.051388 0.462511 0.334631 
945 39.499399 0.000000 -0.013638 -78.704835 -0.002508 0.236309 0.380549 
946 39.202614 0.000000 -0.842532 102.508490 -0.030704 0.985359 -0.050896 
947 38.905828 0.000000 -0.842532 101.586840 -0.038222 1.417106 -0.032190 
948 39.202614 0.000000 -1.118830 102.902381 -0.028823 1.042126 -0.058999 
949 39.499399 0.000000 -0.842532 102.061005 -0.023929 0.638303 -0.041686 
950 39.202614 0.000000 -0.566234 101.533669 -0.033201 1.190023 -0.031050 
951 40.092969 0.000000 1.091555 103.485947 0.050152 -8.606361 -0.078341 
952 40.092969 0.000000 0.538958 103.491084 0.048965 -8.394670 -0.078088 
953 40.686539 0.000000 1.091555 106.021050 0.035571 -9.943466 -0.133934 
954 40.092969 0.000000 1.644151 103.821282 0.046875 -8.448351 -0.085024 
955 38.905828 0.000000 2.196747 102.849516 0.015164 -2.928189 -0.058660 
956 39.499399 0.000000 2.196747 103.448584 0.010416 -4.129223 -0.071866 
957 38.905828 0.000000 2.749343 102.404564 -0.003711 -2.525443 -0.049307 
958 39.202614 0.000000 1.367853 100.337847 0.079574 -7.722222 -0.012732 
959 38.905828 0.000000 1.367853 101.027538 0.086115 -7.793055 -0.026730 
960 39.202614 0.000000 1.091555 100.667228 0.076449 -7.797612 -0.019470 
961 39.499399 0.000000 1.367853 99.961332 0.076725 -7.744474 -0.005225 
962 39.202614 0.000000 1.644151 100.459591 0.079335 -7.737638 -0.015201 
963 51.370803 0.000000 7.170112 99.867609 -0.122027 -1.129553 0.002517 
964 56.119364 0.000000 7.170112 99.410286 -0.009931 -0.801764 0.011695 
965 51.370803 0.000000 11.590882 99.936367 -0.160186 -0.759394 0.001212 
966 44.247960 0.000000 4.959728 99.748868 0.010370 -2.429176 0.004426 
967 46.622241 0.000000 4.959728 99.077793 0.046410 -1.623159 0.018095 
968 44.247960 0.000000 7.170112 99.814507 0.055133 -1.566267 0.003461 
969 43.060820 0.000000 1.644151 102.706845 0.104813 -9.050537 -0.063062 
970 43.060820 0.000000 0.538958 106.177145 0.076956 -22.834897 -0.179502 
971 44.247960 0.000000 1.644151 98.306107 0.098275 -7.987676 0.027210 
972 43.060820 0.000000 2.749343 100.886706 0.100928 -4.834024 -0.020151 
973 41.280109 0.000000 1.091555 105.970413 0.052986 -11.915400 -0.137171 
974 41.280109 0.000000 0.538958 105.941895 0.060760 -12.668609 -0.138418 
975 41.873679 0.000000 1.091555 105.955445 0.074202 -14.869989 -0.144768 
976 41.280109 0.000000 1.644151 105.950621 0.058934 -12.535258 -0.138267 
977 43.060820 0.000000 -0.566234 104.771381 0.027605 4.566623 -0.099790 
978 43.060820 0.000000 -1.671426 105.691574 0.015809 4.134154 -0.118780 
979 44.247960 0.000000 -0.566234 104.633396 0.043165 8.270063 -0.101654 
980 43.060820 0.000000 -2.776618 107.135068 0.007891 3.702787 -0.149163 
981 43.060820 0.000000 -3.881811 100.492954 0.072674 3.119240 -0.010857 
982 44.247960 0.000000 -2.776618 106.568468 0.005339 3.430275 -0.136861 
983 42.467250 0.000000 -1.118830 106.042547 0.023147 3.624152 -0.125816 
984 41.873679 0.000000 -1.118830 104.999358 0.016278 2.260246 -0.102997 
985 42.467250 0.000000 -1.671426 107.031728 0.020578 3.436863 -0.146760 
986 43.060820 0.000000 -1.118830 105.279304 0.029744 5.089013 -0.110963 
987 42.467250 0.000000 -0.566234 105.876610 0.023315 3.495670 -0.122208 
988 42.467250 0.000000 1.091555 106.250503 0.058094 -18.659203 -0.163734 
989 42.467250 0.000000 0.538958 106.308994 0.058405 -19.112957 -0.166691 
990 43.060820 0.000000 1.091555 106.189965 0.075914 -22.663093 -0.178993 
991 42.467250 0.000000 1.644151 106.276326 0.048242 -19.127533 -0.166052 
992 48.996522 0.000000 0.538958 99.739295 0.024121 -2.317896 0.004670 
993 48.996522 0.000000 -1.671426 105.651421 -0.000855 -0.143948 -0.116224 
994 51.370803 0.000000 0.538958 100.812066 0.024692 -6.484686 -0.020512 
995 48.996522 0.000000 2.749343 99.262817 0.053164 -1.423201 0.014486 
996 45.435101 0.000000 -0.566234 113.812965 0.002615 -9.181620 -0.303769 
997 45.435101 0.000000 -1.671426 105.551016 -0.005484 1.324459 -0.114277 
998 46.622241 0.000000 -0.566234 111.890173 -0.002788 -12.770443 -0.268250 
999 45.435101 0.000000 0.538958 105.883144 -0.002490 -44.139584 -0.315954 
1000 43.654390 0.000000 -1.118830 106.523950 0.037908 6.682700 -0.139201 
1001 43.654390 0.000000 -1.671426 106.393340 -0.000819 2.979209 -0.132842 
1002 44.247960 0.000000 -1.118830 106.705036 0.039949 7.994293 -0.144987 
1003 43.654390 0.000000 -0.566234 106.740604 0.038410 6.719295 -0.143871 
1004 45.435101 0.000000 1.644151 95.924421 0.032667 -6.567819 0.075537 
1005 46.622241 0.000000 1.644151 95.663950 -0.015606 -3.655277 0.083505 
1006 45.435101 0.000000 2.749343 97.703575 0.026997 -3.958387 0.043834 
1007 44.841530 0.000000 -0.013638 103.488156 0.010281 -36.678289 -0.205510 
1008 44.247960 0.000000 -0.013638 102.280696 0.036423 -31.894574 -0.147861 
1009 44.841530 0.000000 -0.566234 113.171790 0.029130 6.504537 -0.285016 
1010 45.435101 0.000000 -0.013638 107.913390 -0.009804 -37.819581 -0.307562 
1011 44.841530 0.000000 0.538958 101.655476 0.044002 -36.406691 -0.165928 
1012 -200.302961 0.000000 -209.447580 99.999839 0.000174 -0.000105 0.000003 
1013 -276.279947 0.000000 -209.447580 99.999898 0.000102 -0.000044 0.000002 
1014 -200.302961 0.000000 -280.179887 99.999913 0.000181 -0.000088 0.000002 
1015 255.558951 0.000000 -209.447580 99.999729 0.002099 -0.000183 0.000005 
1016 255.558951 0.000000 -280.179887 99.999820 0.001503 -0.000065 0.000004 
1017 331.535936 0.000000 -209.447580 99.999851 0.002144 -0.000246 0.000003 
1018 -200.302961 0.000000 214.946266 99.999803 -0.000046 0.000110 0.000004 
1019 -276.279947 0.000000 214.946266 99.999886 -0.000038 0.000046 0.000002 
1020 -200.302961 0.000000 285.678573 99.999888 -0.000082 0.000100 0.000002 
1021 -86.337483 0.000000 -103.349118 99.998804 0.000730 -0.000900 0.000024 
1022 -124.325976 0.000000 -103.349118 99.999224 0.000384 -0.000384 0.000016 
1023 -86.337483 0.000000 -138.715272 99.999409 0.000636 -0.000737 0.000012 
1024 103.604980 0.000000 214.946266 100.000630 -0.001045 -0.000708 -0.000013 
1025 179.581965 0.000000 214.946266 99.999970 -0.001624 -0.000594 0.000001 
1026 103.604980 0.000000 285.678573 100.000420 -0.000819 -0.000299 -0.000008 
1027 141.593473 0.000000 -103.349118 99.997830 0.004427 -0.000204 0.000043 
1028 141.593473 0.000000 -138.715272 99.998625 0.003187 0.000202 0.000028 
1029 179.581965 0.000000 -103.349118 99.998814 0.004390 -0.000765 0.000024 
1030 -86.337483 0.000000 108.847804 99.998368 0.000348 0.000858 0.000033 
1031 -124.325976 0.000000 108.847804 99.999052 0.000142 0.000345 0.000019 
1032 -86.337483 0.000000 144.213958 99.999040 0.000181 0.000770 0.000019 
1033 -29.354744 0.000000 -50.299888 100.009205 0.035470 -0.032967 -0.000184 
1034 -48.348991 0.000000 -50.299888 99.993460 0.002718 -0.003121 0.000131 
1035 -29.354744 0.000000 -67.982965 99.995471 0.004300 -0.005939 0.000091 
1036 65.616487 0.000000 108.847804 100.004710 0.000417 -0.004054 -0.000094 
1037 103.604980 0.000000 108.847804 99.999776 -0.001906 -0.003573 0.000004 
1038 65.616487 0.000000 144.213958 100.002936 -0.000328 -0.001636 -0.000059 
1039 84.610734 0.000000 -50.299888 99.996178 0.004972 0.023831 0.000076 
1040 84.610734 0.000000 -67.982965 99.991060 0.003159 0.006821 0.000179 
1041 103.604980 0.000000 -50.299888 99.990213 0.006309 0.000165 0.000196 
1042 -29.354744 0.000000 55.798574 99.979845 0.023920 0.003625 0.000403 
1043 -48.348991 0.000000 55.798574 99.992542 0.002151 0.003270 0.000149 
1044 -29.354744 0.000000 73.481651 99.993422 0.003104 0.006618 0.000132 
1045 -19.857621 0.000000 -23.775272 99.958587 0.055205 -0.030826 0.000828 
1046 -29.354744 0.000000 -23.775272 99.974336 0.037315 -0.016934 0.000513 
1047 -19.857621 0.000000 -32.616811 99.974405 0.046551 -0.029593 0.000512 
1048 46.622241 0.000000 55.798574 100.013372 -0.036136 -0.016549 -0.000268 
1049 65.616487 0.000000 55.798574 99.997633 -0.006705 -0.023727 0.000047 
1050 46.622241 0.000000 73.481651 100.014624 -0.005015 -0.007951 -0.000293 
1051 -0.863375 0.000000 29.273958 99.937498 0.148573 0.085004 0.001247 
1052 -10.360498 0.000000 29.273958 99.916347 0.071474 0.017818 0.001672 
1053 -0.863375 0.000000 38.115497 99.957313 -0.003068 0.035018 0.000853 
1054 56.119364 0.000000 -23.775272 99.826877 -0.088313 0.113185 0.003457 
1055 56.119364 0.000000 -32.616811 100.173923 -0.002837 0.203572 -0.003486 
1056 65.616487 0.000000 -23.775272 99.940946 -0.000167 0.109944 0.001180 
1057 -19.857621 0.000000 29.273958 99.949600 0.046407 0.008405 0.001008 
1058 -29.354744 0.000000 29.273958 99.968188 0.032026 0.001648 0.000636 
1059 -19.857621 0.000000 38.115497 99.961765 0.035959 0.009348 0.000764 
1060 37.125118 0.000000 29.273958 100.190143 0.114874 -0.119669 -0.003809 
1061 46.622241 0.000000 29.273958 100.040896 0.111364 -0.091397 -0.000820 
1062 37.125118 0.000000 38.115497 99.958314 -0.080336 -0.046961 0.000833 
1063 13.382310 0.000000 16.011651 100.470524 -0.166580 0.440510 -0.009455 
1064 8.633748 0.000000 16.011651 100.396256 -0.145220 0.479659 -0.007966 
1065 13.382310 0.000000 20.432420 100.221206 -0.088085 0.233668 -0.004435 
1066 -3.237656 0.000000 4.959728 99.188526 -0.075013 0.137304 0.016161 
1067 -5.611936 0.000000 4.959728 99.571499 0.164578 0.127950 0.008547 
1068 -3.237656 0.000000 7.170112 99.543632 0.132916 0.308843 0.009095 
1069 2.104476 0.000000 -1.118830 113.879575 -0.169375 -12.967152 -0.313673 
1070 2.104476 0.000000 -1.671426 114.013209 -0.172868 -12.754909 -0.316173 
1071 2.104476 0.000000 -0.566234 113.676939 -0.180597 -16.231656 -0.318595 
1072 3.291617 0.000000 -0.013638 101.802090 0.020740 30.401895 -0.128794 
1073 2.698046 0.000000 -0.013638 100.515836 -0.030743 31.097981 -0.107052 
1074 3.885187 0.000000 -0.013638 -57.244098 0.015651 -3.855998 0.670824 
1075 2.104476 0.000000 -0.013638 98.959432 -0.039672 33.108547 -0.088915 
1076 2.104476 0.000000 0.538958 99.176331 -0.066784 34.135667 -0.100119 
1077 4.478757 0.000000 -1.118830 111.026594 0.137697 -1.383239 -0.232884 
1078 4.478757 0.000000 -1.671426 111.192900 -0.113180 -1.427433 -0.236591 
1079 4.478757 0.000000 -0.566234 111.603557 -0.118527 -1.805363 -0.245863 
1080 5.665897 0.000000 -0.013638 -59.677780 0.000674 -2.254659 0.643348 
1081 5.072327 0.000000 -0.013638 -55.551878 0.001214 -0.798102 0.691335 
1082 6.259468 0.000000 -0.013638 -59.324065 -0.029099 -2.554553 0.647413 
1083 4.478757 0.000000 -0.013638 -59.059353 0.021363 -2.018495 0.650792 
1084 2.104476 0.000000 1.091555 99.617941 -0.032195 34.310218 -0.110093 
1085 1.510906 0.000000 1.091555 94.221328 -0.068312 7.320351 0.106875 
1086 2.104476 0.000000 1.644151 96.445653 -0.068340 5.694245 0.066581 
1087 15.756591 0.000000 9.380497 100.465853 0.012649 0.639771 -0.009380 
1088 13.382310 0.000000 9.380497 100.129196 0.025307 0.841525 -0.002656 
1089 15.756591 0.000000 11.590882 100.339061 0.105477 0.471763 -0.006816 
1090 11.008029 0.000000 9.380497 99.841048 0.015468 0.666474 0.003132 
1091 8.633748 0.000000 9.380497 99.761911 -0.066084 0.551365 0.004725 
1092 11.008029 0.000000 11.590882 99.654469 -0.030367 0.354306 0.006886 
1093 5.072327 0.000000 3.854535 100.393410 -0.072848 2.551868 -0.008535 
1094 3.885187 0.000000 3.854535 99.615020 -0.059771 2.557601 0.007030 
1095 5.072327 0.000000 4.959728 100.158330 -0.078457 1.738262 -0.003472 
1096 6.853038 0.000000 -0.013638 -55.171053 -0.104794 -1.440873 0.695407 
1097 7.446608 0.000000 -0.013638 -47.506426 0.004504 0.112598 0.774313 
1098 6.853038 0.000000 0.538958 -56.853128 -0.106584 -1.595616 0.676516 
1099 6.853038 0.000000 1.091555 103.585852 -0.045051 16.615126 -0.100609 
1100 7.446608 0.000000 1.091555 105.994181 -0.064891 15.781633 -0.148383 
1101 6.853038 0.000000 1.644151 103.442071 -0.045222 18.061274 -0.102647 
1102 16.943731 0.000000 1.644151 -52.882538 0.016532 -0.001649 0.720344 
1103 15.756591 0.000000 1.644151 -69.988185 0.073342 1.006589 0.510064 
1104 18.130872 0.000000 1.644151 -45.196189 -0.015534 1.693000 0.795444 
1105 14.569450 0.000000 1.644151 -60.448048 0.113971 1.453709 0.634391 
1106 16.943731 0.000000 -2.776618 99.104467 -0.020409 1.120312 0.017705 
1107 16.943731 0.000000 -3.881811 99.542168 -0.005748 0.459250 0.009115 
1108 11.601599 0.000000 -2.224022 110.513719 -0.021877 3.294603 -0.222414 
1109 11.601599 0.000000 -2.776618 98.566033 -0.021874 -0.141131 0.028472 
1110 12.195170 0.000000 -2.224022 110.214063 -0.025253 3.230961 -0.215758 
1111 10.414459 0.000000 3.301939 110.474624 -0.092416 16.253829 -0.246884 
1112 11.008029 0.000000 3.301939 110.735999 -0.053907 12.653640 -0.242258 
1113 10.414459 0.000000 3.854535 100.119317 -0.018884 3.455230 -0.003582 
1114 32.376556 0.000000 16.011651 100.262043 -0.253453 -0.101912 -0.005255 
1115 37.125118 0.000000 16.011651 100.187199 -0.300917 -0.303416 -0.003766 
1116 32.376556 0.000000 20.432420 100.333470 0.381316 -0.156253 -0.006698 
1117 25.253714 0.000000 9.380497 100.145375 -0.070841 -0.218761 -0.002915 
1118 27.627995 0.000000 9.380497 99.904215 -0.000778 -0.318105 0.001905 
1119 25.253714 0.000000 11.590882 100.096403 0.076403 -0.090480 -0.001930 
1120 19.318012 0.000000 1.644151 101.466153 0.026081 2.053870 -0.029960 
1121 19.318012 0.000000 6.064920 100.748783 -0.086920 0.161073 -0.015035 
1122 18.130872 0.000000 6.064920 100.955412 0.033284 0.243657 -0.019206 
1123 19.318012 0.000000 7.170112 100.601729 -0.012769 0.165015 -0.012074 
1124 19.911582 0.000000 -0.013638 102.918056 0.020777 1.501838 -0.059438 
1125 19.318012 0.000000 -0.013638 102.350513 0.022164 3.025776 -0.048478 
1126 19.911582 0.000000 0.538958 103.727377 0.026765 0.814581 -0.076003 
1127 22.285863 0.000000 -0.013638 99.040371 -0.014438 0.773181 0.019041 
1128 22.879433 0.000000 -0.013638 103.481347 -0.024929 -0.165529 -0.070842 
1129 22.285863 0.000000 0.538958 120.989836 -0.013802 2.469556 -0.464464 
1130 19.911582 0.000000 -2.224022 103.765761 0.026249 2.252021 -0.077241 
1131 19.318012 0.000000 -2.224022 103.765761 0.026249 2.252021 -0.077241 
1132 19.911582 0.000000 -2.776618 96.054248 -0.016896 -1.184105 0.077218 
1133 24.660144 0.000000 -1.118830 101.582294 -0.037672 -2.718616 -0.032635 
1134 24.660144 0.000000 -1.671426 100.989866 -0.029956 -2.710813 -0.020630 
1135 24.660144 0.000000 -0.566234 101.785945 -0.034513 -2.555100 -0.036691 
1136 23.473003 0.000000 -0.013638 106.045245 -0.016019 0.112751 -0.124561 
1137 24.066573 0.000000 -0.013638 107.037843 -0.009269 -0.066928 -0.145710 
1138 23.473003 0.000000 0.538958 111.366204 0.009280 1.374041 -0.240432 
1139 21.989078 0.000000 -0.842532 95.566070 -0.005765 0.958773 0.086621 
1140 22.285863 0.000000 -0.842532 94.948777 -0.021612 0.043475 0.098473 
1141 21.989078 0.000000 -0.566234 96.202766 -0.006554 0.967653 0.074409 
1142 20.950330 0.000000 -0.980681 98.365016 0.007123 2.007860 0.032029 
1143 20.801937 0.000000 -0.980681 100.279940 0.007442 2.429105 -0.006197 
1144 20.950330 0.000000 -0.842532 98.436553 0.006616 2.300988 0.030495 
1145 30.002275 0.000000 9.380497 100.035767 -0.127258 -0.336580 -0.000728 
1146 32.376556 0.000000 9.380497 100.203399 -0.045525 -0.416322 -0.004090 
1147 30.002275 0.000000 11.590882 100.500790 -0.243325 -0.468640 -0.010069 
1148 24.066573 0.000000 6.064920 100.960898 0.048403 -1.163761 -0.019446 
1149 25.253714 0.000000 6.064920 100.617307 0.037820 -1.158646 -0.012519 
1150 24.066573 0.000000 7.170112 100.849421 0.029983 -0.638648 -0.017101 
1151 21.098722 0.000000 4.407132 109.407031 -0.027769 -7.724349 -0.202956 
1152 20.505152 0.000000 4.407132 109.407031 -0.027769 -7.724349 -0.202956 
1153 21.098722 0.000000 4.959728 101.358710 0.006309 0.902782 -0.027440 
1154 23.473003 0.000000 -2.224022 98.259488 0.044888 -1.121698 0.034381 
1155 23.473003 0.000000 -2.776618 98.487610 0.047640 -2.188558 0.029540 
1156 24.066573 0.000000 -2.224022 98.542616 -0.002789 -1.284646 0.028770 
1157 24.660144 0.000000 3.301939 103.895293 -0.046332 -10.239369 -0.089908 
1158 24.660144 0.000000 2.749343 103.988274 -0.042369 -9.757892 -0.090878 
1159 24.660144 0.000000 3.854535 101.765814 -0.086301 -3.914378 -0.037161 
1160 23.473003 0.000000 4.407132 101.612870 0.035909 -3.124714 -0.033494 
1161 24.066573 0.000000 4.407132 101.010728 -0.034702 -2.981026 -0.021205 
1162 23.473003 0.000000 4.959728 101.635121 0.027670 -2.011268 -0.033374 
1163 51.370803 0.000000 -10.512965 99.773172 0.045103 0.694099 0.004483 
1164 51.370803 0.000000 -14.933734 99.597835 0.260417 0.368709 0.008007 
1165 56.119364 0.000000 -10.512965 99.295956 0.038514 0.311660 0.014021 
1166 30.595846 0.000000 -1.118830 104.756915 -0.076312 -2.936656 -0.098264 
1167 30.595846 0.000000 -1.671426 104.297733 -0.069356 -2.795770 -0.088584 
1168 30.595846 0.000000 -0.566234 104.051797 -0.047535 -2.206898 -0.083165 
1169 30.595846 0.000000 2.196747 102.375625 -0.039583 -9.496470 -0.057095 
1170 30.595846 0.000000 1.644151 102.777170 -0.035187 -8.224519 -0.063079 
1171 30.595846 0.000000 2.749343 102.896306 -0.044375 -10.285334 -0.069344 
1172 34.157267 0.000000 -0.013638 158.516017 0.064331 0.699643 -1.512782 
1173 33.563697 0.000000 -0.013638 159.557102 0.064865 0.712160 -1.545898 
1174 34.750837 0.000000 -0.013638 156.924125 0.063513 0.680504 -1.462565 
1175 32.970126 0.000000 -0.013638 142.943894 0.032090 0.541310 -1.043325 
1176 32.376556 0.000000 -0.013638 127.655323 0.013967 0.346839 -0.629600 
1177 32.970126 0.000000 0.538958 143.110449 0.032250 0.543277 -1.048090 
1178 32.970126 0.000000 1.091555 113.291816 0.024410 -4.755197 -0.285765 
1179 32.376556 0.000000 1.091555 118.227600 0.023838 -3.555716 -0.399041 
1180 32.970126 0.000000 -2.224022 107.740491 -0.165373 -1.687704 -0.161089 
1181 32.376556 0.000000 -2.224022 99.234150 -0.025278 -2.166471 0.014789 
1182 32.970126 0.000000 -2.776618 106.438483 -0.102490 -1.471389 -0.133133 
1183 35.344407 0.000000 -0.013638 143.253234 0.049028 0.594426 -1.052184 
1184 35.641192 0.000000 -0.842532 102.577854 -0.098879 2.704605 -0.052954 
1185 35.344407 0.000000 -0.842532 102.217107 -0.080258 2.565748 -0.045493 
1186 35.641192 0.000000 -0.566234 102.331901 -0.113435 2.735209 -0.047931 
1187 40.686539 0.000000 3.854535 101.016388 0.005731 -2.565060 -0.021089 
1188 41.873679 0.000000 3.854535 100.966439 0.126167 -2.977092 -0.020310 
1189 40.686539 0.000000 4.959728 100.870988 0.043479 -1.935092 -0.017870 
1190 36.234763 0.000000 -1.395128 102.976474 -0.053582 2.891589 -0.061252 
1191 36.234763 0.000000 -1.671426 102.585053 -0.051566 2.908111 -0.053215 
1192 35.641192 0.000000 1.367853 102.068398 -0.104159 -7.633049 -0.047623 
1193 35.344407 0.000000 1.367853 102.053098 -0.093786 -7.566399 -0.047209 
1194 35.641192 0.000000 1.091555 100.821976 -0.092673 -6.566259 -0.020820 
1195 36.234763 0.000000 1.920449 102.131708 -0.098852 -7.766763 -0.049122 
1196 36.234763 0.000000 2.196747 102.155226 -0.096210 -7.781921 -0.049626 
1197 37.718688 0.000000 -2.224022 104.935795 0.006626 1.548206 -0.101392 
1198 37.718688 0.000000 -2.776618 104.278066 0.011331 1.743806 -0.087696 
1199 38.312258 0.000000 -2.224022 112.877124 -0.003822 1.625209 -0.274389 
1200 37.421903 0.000000 -1.395128 101.561329 -0.019749 2.680001 -0.032189 
1201 37.421903 0.000000 -1.671426 101.806750 -0.024589 2.716027 -0.037199 
1202 37.718688 0.000000 -1.395128 102.034432 -0.035267 2.574651 -0.041766 
1203 37.421903 0.000000 1.920449 102.127175 0.022648 -7.845115 -0.049151 
1204 37.718688 0.000000 1.920449 102.252520 0.027831 -7.868378 -0.051749 
1205 37.421903 0.000000 2.196747 101.531347 -0.040334 -2.478045 -0.031476 
1206 48.996522 0.000000 -3.881811 100.845271 0.019660 -0.642085 -0.017018 
1207 48.996522 0.000000 -6.092195 100.112004 0.119691 0.027942 -0.002243 
1208 51.370803 0.000000 -3.881811 101.229426 -0.013452 3.533681 -0.025988 
1209 41.280109 0.000000 -1.118830 105.558279 -0.027943 1.169359 -0.114392 
1210 41.280109 0.000000 -1.671426 107.066121 -0.022459 1.567884 -0.146561 
1211 41.280109 0.000000 -0.566234 105.474420 -0.028021 1.160291 -0.112620 
1212 41.280109 0.000000 -0.013638 -63.215045 0.050360 0.395754 0.600370 
1213 40.686539 0.000000 -0.013638 -61.793058 -0.048725 0.411649 0.618145 
1214 41.873679 0.000000 -0.013638 -65.965292 0.011367 1.106879 0.564735 
1215 40.092969 0.000000 -0.013638 -63.524227 -0.014812 0.495951 0.596443 
1216 40.092969 0.000000 2.196747 100.299574 0.033281 -5.796921 -0.009361 
1217 40.686539 0.000000 2.196747 100.860114 -0.014235 -4.087738 -0.018947 
1218 40.092969 0.000000 2.749343 101.121133 0.080778 -3.884892 -0.024058 
1219 45.435101 0.000000 -2.776618 106.365022 0.002593 1.391640 -0.131545 
1220 45.435101 0.000000 -3.881811 98.339887 0.040964 3.157745 0.031929 
1221 46.622241 0.000000 -2.776618 106.362654 0.002577 1.394620 -0.131496 
1222 48.996522 0.000000 4.959728 99.661939 0.101913 -1.163454 0.006613 
1223 51.370803 0.000000 4.959728 99.729537 -0.057719 -1.580481 0.005152 
1224 48.996522 0.000000 7.170112 99.716167 -0.143542 -1.028702 0.005561 
1225 43.060820 0.000000 3.854535 100.524976 0.111844 -3.300097 -0.011617 
1226 44.247960 0.000000 3.854535 99.516973 0.037959 -3.321353 0.008534 
1227 43.060820 0.000000 4.959728 100.291291 0.121773 -2.469330 -0.006446 
1228 45.435101 0.000000 3.854535 98.646130 0.010142 -2.754074 0.026136 
1229 46.622241 0.000000 3.854535 98.466668 -0.001124 -1.902806 0.030069 
1230 45.435101 0.000000 4.959728 99.178022 -0.014728 -2.064262 0.015946 
1231 43.654390 0.000000 -0.013638 104.543261 0.050147 -29.997011 -0.182912 
1232 43.060820 0.000000 -0.013638 -66.969554 0.027970 -1.206721 0.551362 
1233 43.654390 0.000000 0.538958 105.427177 0.071707 -27.819297 -0.188881 
1234 42.467250 0.000000 -0.013638 -64.919386 0.022666 0.602194 0.578511 
1235 44.841530 0.000000 -1.118830 111.466254 0.035539 10.816492 -0.254172 
1236 44.841530 0.000000 -1.671426 106.315270 0.001067 1.873710 -0.130645 
1237 45.435101 0.000000 -1.118830 116.137950 0.016945 9.854905 -0.358514 
1238 255.558951 0.000000 214.946266 99.999900 -0.001873 -0.000437 0.000002 
1239 331.535936 0.000000 214.946266 99.999926 -0.001980 -0.000368 0.000001 
1240 255.558951 0.000000 285.678573 99.999975 -0.001351 -0.000271 0.000001 
1241 141.593473 0.000000 108.847804 99.999140 -0.003033 -0.002336 0.000017 
1242 179.581965 0.000000 108.847804 99.999359 -0.003502 -0.001778 0.000013 
1243 141.593473 0.000000 144.213958 99.999734 -0.002197 -0.001506 0.000005 
1244 84.610734 0.000000 55.798574 99.991538 -0.005957 -0.014285 0.000169 
1245 103.604980 0.000000 55.798574 99.994005 -0.005479 -0.009778 0.000120 
1246 84.610734 0.000000 73.481651 99.998977 -0.000753 -0.009929 0.000020 
1247 3.885187 0.000000 16.011651 100.011404 0.057054 0.305151 -0.000238 
1248 -0.863375 0.000000 16.011651 99.779445 0.132806 0.188511 0.004401 
1249 3.885187 0.000000 20.432420 99.952288 0.160052 0.126823 0.000950 
1250 -5.611936 0.000000 16.011651 99.774441 0.147491 0.087439 0.004503 
1251 -10.360498 0.000000 16.011651 99.840119 0.135687 0.039462 0.003193 
1252 -5.611936 0.000000 20.432420 99.827469 0.169409 0.059956 0.003444 
1253 56.119364 0.000000 29.273958 99.855556 -0.061181 -0.057405 0.002886 
1254 65.616487 0.000000 29.273958 99.896796 -0.073658 -0.031333 0.002062 
1255 56.119364 0.000000 38.115497 99.906901 -0.073574 -0.029283 0.001860 
1256 6.259468 0.000000 9.380497 99.806290 -0.108779 0.620970 0.003831 
1257 3.885187 0.000000 9.380497 99.742679 -0.068627 0.640602 0.005098 
1258 6.259468 0.000000 11.590882 99.933832 -0.062511 0.507605 0.001297 
1259 1.510906 0.000000 9.380497 99.533310 -0.034681 0.525502 0.009284 
1260 -0.863375 0.000000 9.380497 99.617694 0.069128 0.454186 0.007610 
1261 1.510906 0.000000 11.590882 99.709650 -0.017251 0.413423 0.005781 
1262 -3.237656 0.000000 9.380497 99.593028 0.158665 0.223747 0.008115 
1263 -5.611936 0.000000 9.380497 99.665465 0.065129 0.078090 0.006678 
1264 -3.237656 0.000000 11.590882 99.656239 0.065437 0.143196 0.006861 
1265 2.698046 0.000000 3.854535 98.918894 -0.117882 2.377721 0.020938 
1266 1.510906 0.000000 3.854535 98.388059 -0.069544 1.848069 0.031637 
1267 2.698046 0.000000 4.959728 99.211290 -0.088880 1.677972 0.015430 
1268 0.917336 0.000000 1.091555 94.426131 -0.058231 5.009988 0.105860 
1269 0.323766 0.000000 1.091555 94.474942 -0.047181 2.814062 0.106656 
1270 0.917336 0.000000 1.644151 95.794528 -0.056441 3.520271 0.081101 
1271 41.873679 0.000000 16.011651 100.325626 -0.055500 -0.385759 -0.006538 
1272 46.622241 0.000000 16.011651 100.299218 -0.294432 -0.453921 -0.006023 
1273 41.873679 0.000000 20.432420 100.236071 0.092643 -0.237833 -0.004734 
1274 16.943731 0.000000 6.064920 101.513641 0.007287 0.799489 -0.030566 
1275 15.756591 0.000000 6.064920 101.595833 -0.029497 1.596654 -0.032426 
1276 16.943731 0.000000 7.170112 101.052966 -0.049783 0.692650 -0.021218 
1277 14.569450 0.000000 6.064920 100.654516 0.001301 2.041925 -0.013550 
1278 13.382310 0.000000 6.064920 99.908480 -0.028274 1.969154 0.001442 
1279 14.569450 0.000000 7.170112 100.520122 -0.016952 1.362175 -0.010615 
1280 24.660144 0.000000 -0.013638 106.205115 -0.001565 -0.993920 -0.128051 
1281 25.253714 0.000000 -0.013638 106.733944 0.048759 0.637798 -0.139254 
1282 24.660144 0.000000 0.538958 109.967905 0.029126 0.579925 -0.209328 
1283 34.750837 0.000000 9.380497 100.379292 -0.134775 -0.248607 -0.007608 
1284 37.125118 0.000000 9.380497 100.609343 -0.140494 -0.426750 -0.012244 
1285 34.750837 0.000000 11.590882 100.298420 -0.426764 -0.384597 -0.006010 
1286 26.440854 0.000000 6.064920 100.357990 -0.044270 -1.203820 -0.007318 
1287 27.627995 0.000000 6.064920 100.163670 -0.127074 -1.057070 -0.003389 
1288 26.440854 0.000000 7.170112 100.293726 0.054259 -0.755148 -0.005940 
1289 24.660144 0.000000 -2.224022 98.400224 -0.091526 -1.755186 0.031431 
1290 24.660144 0.000000 -2.776618 98.501294 -0.077251 -2.799464 0.028965 
1291 25.253714 0.000000 -2.224022 102.728090 -0.054700 -2.340749 -0.055854 
1292 24.660144 0.000000 4.407132 100.729168 -0.072043 -2.722471 -0.015378 
1293 25.253714 0.000000 4.407132 100.445100 -0.086073 -2.540112 -0.009568 
1294 24.660144 0.000000 4.959728 100.764444 -0.055542 -2.020923 -0.015756 
1295 25.847284 0.000000 -0.013638 106.573043 0.035313 -0.144166 -0.135784 
1296 26.440854 0.000000 -0.013638 106.695931 0.033847 -0.266818 -0.138409 
1297 25.847284 0.000000 0.538958 106.563342 0.035415 -0.140944 -0.135577 
1298 25.847284 0.000000 -2.224022 99.905653 -0.031886 -2.076915 0.001455 
1299 25.847284 0.000000 -2.776618 100.734731 -0.034650 -2.645740 -0.015449 
1300 26.440854 0.000000 -2.224022 100.508901 -0.057634 -2.000773 -0.010605 
1301 28.815135 0.000000 6.064920 100.045315 -0.106230 -0.933563 -0.000995 
1302 30.002275 0.000000 6.064920 99.863653 -0.029660 -0.794187 0.002662 
1303 28.815135 0.000000 7.170112 100.042476 -0.013720 -0.625107 -0.000889 
1304 25.847284 0.000000 4.407132 100.262449 -0.064286 -2.471497 -0.005867 
1305 26.440854 0.000000 4.407132 100.278441 -0.039553 -2.308466 -0.006110 
1306 25.847284 0.000000 4.959728 100.384729 -0.043178 -1.882346 -0.008064 
1307 31.782986 0.000000 -0.013638 101.573214 -0.010100 0.042961 -0.031712 
1308 31.189416 0.000000 -0.013638 102.376757 -0.002660 0.079542 -0.048101 
1309 31.782986 0.000000 0.538958 101.563445 -0.010029 0.043169 -0.031514 
1310 30.595846 0.000000 -0.013638 101.691308 0.007590 -0.404497 -0.034129 
1311 30.002275 0.000000 -0.013638 101.665366 0.008998 -0.485879 -0.033608 
1312 30.595846 0.000000 0.538958 101.680582 0.007584 -0.403275 -0.033910 
1313 30.595846 0.000000 1.091555 101.825289 0.007827 -0.536516 -0.036868 
1314 30.002275 0.000000 1.091555 99.867948 0.014660 -0.616151 0.002601 
1315 31.189416 0.000000 1.091555 102.422488 -0.002744 0.079567 -0.049037 
1316 31.782986 0.000000 1.091555 102.627381 -0.003120 0.079682 -0.053239 
1317 31.782986 0.000000 -2.224022 105.038961 -0.004365 -2.317984 -0.103856 
1318 31.189416 0.000000 -2.224022 101.040023 -0.108436 -2.560410 -0.021565 
1319 31.782986 0.000000 -2.776618 105.050744 0.004414 -1.630889 -0.103832 
1320 30.595846 0.000000 -2.224022 102.060249 -0.092029 -2.119867 -0.042080 
1321 30.002275 0.000000 -2.224022 105.697063 -0.081400 -1.353677 -0.117371 
1322 30.595846 0.000000 -2.776618 101.462854 -0.085661 -1.450635 -0.029682 
1323 51.370803 0.000000 16.011651 100.218410 -0.134327 -0.501935 -0.004400 
1324 56.119364 0.000000 16.011651 99.918592 0.133206 -0.391230 0.001610 
1325 51.370803 0.000000 20.432420 100.070504 0.166567 -0.288554 -0.001422 
1326 39.499399 0.000000 9.380497 100.757762 -0.021374 -0.718861 -0.015264 
1327 41.873679 0.000000 9.380497 100.602459 -0.118521 -1.007573 -0.012188 
1328 39.499399 0.000000 11.590882 100.418563 -0.309258 -0.696383 -0.008447 
1329 38.905828 0.000000 -2.224022 103.583921 0.002939 1.693436 -0.073250 
1330 38.905828 0.000000 -2.776618 102.878121 0.009518 1.502181 -0.058616 
1331 39.499399 0.000000 -2.224022 111.438869 -0.003864 2.740116 -0.242613 
1332 41.280109 0.000000 2.196747 101.214978 0.058116 -3.940218 -0.026000 
1333 41.873679 0.000000 2.196747 101.454606 0.013992 -4.604074 -0.031423 
1334 41.280109 0.000000 2.749343 101.096418 0.064829 -3.553452 -0.023312 
1335 40.092969 0.000000 -2.224022 111.433798 -0.003715 2.508726 -0.242379 
1336 40.092969 0.000000 -2.776618 111.428594 -0.003562 2.271268 -0.242149 
1337 40.686539 0.000000 -2.224022 105.592719 0.070666 2.191746 -0.115463 
1338 43.654390 0.000000 1.091555 105.684262 0.080241 -28.081799 -0.195776 
1339 44.247960 0.000000 1.091555 105.072432 0.060878 -31.536328 -0.203476 
1340 43.654390 0.000000 1.644151 101.122564 0.122830 -8.056678 -0.029070 
1341 42.467250 0.000000 2.196747 101.724458 0.127839 -5.678109 -0.038012 
1342 43.060820 0.000000 2.196747 101.285453 0.099837 -6.119805 -0.029620 
1343 42.467250 0.000000 2.749343 101.377032 0.140293 -4.450688 -0.029713 
1344 44.841530 0.000000 1.091555 102.210448 0.053731 -38.212987 -0.190721 
1345 45.435101 0.000000 1.091555 94.653603 0.035779 -9.356148 0.095316 
1346 44.841530 0.000000 1.644151 96.945961 0.056424 -7.561038 0.054431 
1347 0.323766 0.000000 3.854535 98.245606 -0.026402 1.176550 0.034642 
1348 -0.863375 0.000000 3.854535 98.508295 -0.012230 0.636874 0.029571 
1349 0.323766 0.000000 4.959728 98.726729 -0.026870 0.928444 0.025217 
1350 12.195170 0.000000 6.064920 99.592884 -0.017654 1.662483 0.007849 
1351 11.008029 0.000000 6.064920 99.511759 0.008129 1.437899 0.009534 
1352 12.195170 0.000000 7.170112 99.768505 0.032681 1.262491 0.004465 
1353 9.820889 0.000000 6.064920 99.586979 -0.038353 1.133200 0.008115 
1354 8.633748 0.000000 6.064920 99.712928 -0.067499 0.993244 0.005634 
1355 9.820889 0.000000 7.170112 99.672500 -0.047646 0.916625 0.006455 
1356 31.189416 0.000000 6.064920 99.887649 -0.073323 -0.589897 0.002210 
1357 32.376556 0.000000 6.064920 100.074077 -0.091200 -0.564725 -0.001515 
1358 31.189416 0.000000 7.170112 99.964681 -0.083088 -0.477415 0.000683 
1359 29.408705 0.000000 -0.013638 100.174572 0.015564 -0.710810 -0.003545 
1360 28.815135 0.000000 -0.013638 101.458407 0.018521 -1.026985 -0.029486 
1361 29.408705 0.000000 0.538958 100.179558 0.015594 -0.713798 -0.003645 
1362 29.408705 0.000000 1.091555 100.165493 0.015536 -0.707744 -0.003363 
1363 28.815135 0.000000 1.091555 101.445527 0.018435 -1.018435 -0.029223 
1364 29.408705 0.000000 -2.224022 99.474264 -0.089551 -2.299063 0.009958 
1365 28.815135 0.000000 -2.224022 108.736970 -0.068080 -2.899155 -0.183214 
1366 29.408705 0.000000 -2.776618 100.591736 -0.136898 -1.966016 -0.012258 
1367 44.247960 0.000000 9.380497 100.636075 0.027664 -1.116077 -0.012887 
1368 46.622241 0.000000 9.380497 99.890128 -0.037096 -1.066435 0.002082 
1369 44.247960 0.000000 11.590882 100.090584 -0.233915 -0.746671 -0.001874 
1370 33.563697 0.000000 6.064920 100.354337 -0.058198 -0.560112 -0.007131 
1371 34.750837 0.000000 6.064920 100.605866 -0.089055 -0.647038 -0.012197 
1372 33.563697 0.000000 7.170112 100.347192 -0.123703 -0.573604 -0.006990 
1373 41.280109 0.000000 -2.224022 110.150949 -0.000169 2.587558 -0.213993 
1374 41.280109 0.000000 -2.776618 109.861779 0.007239 2.563579 -0.207618 
1375 41.873679 0.000000 -2.224022 110.432354 -0.007378 2.610893 -0.220212 
1376 48.996522 0.000000 9.380497 99.541270 0.009953 -0.887968 0.009075 
1377 51.370803 0.000000 9.380497 99.533550 -0.022373 -0.882097 0.009229 
1378 48.996522 0.000000 11.590882 100.013864 -0.127487 -0.742861 -0.000334 
1379 43.654390 0.000000 2.196747 100.154277 0.115254 -6.286895 -0.007042 
1380 44.247960 0.000000 2.196747 98.854664 0.090740 -6.206671 0.018922 
1381 43.654390 0.000000 2.749343 100.058515 0.143790 -4.980933 -0.003654 
1382 42.467250 0.000000 -2.224022 104.863167 0.032054 3.522079 -0.100869 
1383 42.467250 0.000000 -2.776618 104.130589 0.030677 3.808433 -0.085768 
1384 43.060820 0.000000 -2.224022 107.333362 0.004411 3.470704 -0.153250 
1385 44.841530 0.000000 2.196747 97.784388 0.036336 -5.749376 0.040516 
1386 45.435101 0.000000 2.196747 96.950479 0.004520 -4.967979 0.057592 
1387 44.841530 0.000000 2.749343 98.323304 0.035167 -4.545551 0.031186 
1 11 62 60 61 
2 62 10 24 60 
3 60 24 14 63 
4 61 60 63 6 
5 24 66 64 65 
6 66 23 40 64 
7 64 40 27 67 
8 65 64 67 14 
9 40 70 68 69 
10 69 68 71 27 
11 6 63 92 93 
12 63 14 36 92 
13 92 36 19 94 
14 93 92 94 20 
15 14 67 95 96 
16 67 27 52 95 
17 95 52 35 97 
18 96 95 97 36 
19 27 71 98 99 
20 99 98 100 52 
21 68 112 110 111 
22 112 56 80 110 
23 110 80 43 113 
24 111 110 113 71 
25 80 116 114 115 
26 115 114 117 43 
27 71 113 133 134 
28 113 43 102 133 
29 133 102 76 135 
30 134 133 135 98 
31 43 117 136 137 
32 137 136 138 102 
33 114 141 139 140 
34 141 106 129 139 
35 139 129 83 142 
36 140 139 142 117 
37 12 145 143 144 
38 145 7 146 143 
39 143 146 13 25 
40 144 143 25 10 
41 25 149 147 148 
42 149 13 150 147 
43 147 150 26 41 
44 148 147 41 23 
45 41 153 151 152 
46 153 26 154 151 
47 151 154 42 57 
48 152 151 57 39 
49 39 157 155 156 
50 157 57 158 155 
51 155 158 55 81 
52 156 155 81 56 
53 81 161 159 160 
54 161 55 162 159 
55 159 162 82 107 
56 160 159 107 79 
57 79 165 163 164 
58 165 107 166 163 
59 106 169 167 168 
60 168 167 171 129 
61 56 174 172 173 
62 174 81 160 172 
63 172 160 79 116 
64 173 172 116 80 
65 116 177 175 176 
66 177 79 164 175 
67 175 164 106 141 
68 176 175 141 114 
69 164 180 178 179 
70 180 163 181 178 
71 178 181 130 169 
72 179 178 169 106 
73 169 196 194 195 
74 196 130 197 194 
75 194 197 170 198 
76 195 194 198 167 
77 199 201 124 202 
78 200 199 202 125 
79 129 171 203 204 
80 203 205 132 206 
81 204 203 206 83 
82 167 198 207 208 
83 198 170 209 207 
84 207 209 128 210 
85 208 207 210 171 
86 107 212 211 166 
87 212 82 213 211 
88 163 215 214 181 
89 215 166 216 214 
90 214 216 105 191 
91 181 214 191 130 
92 191 223 221 222 
93 223 105 224 221 
94 221 224 192 225 
95 222 221 225 190 
96 226 227 109 228 
97 205 226 228 132 
98 232 233 126 234 
99 201 232 234 124 
100 235 236 189 237 
101 227 235 237 109 
102 193 240 238 239 
103 240 131 241 238 
104 238 241 227 242 
105 239 238 242 226 
106 166 244 243 216 
107 244 211 245 243 
108 243 245 187 218 
109 216 243 218 105 
110 251 108 252 250 
111 250 252 188 253 
112 218 256 254 255 
113 256 187 257 254 
114 254 257 219 258 
115 255 254 258 217 
116 131 260 259 241 
117 260 220 261 259 
118 259 261 235 262 
119 241 259 262 227 
120 253 188 264 263 
121 263 264 59 265 
122 236 263 265 189 
123 220 267 266 261 
124 267 186 268 266 
125 266 268 236 269 
126 261 266 269 235 
127 57 271 270 158 
128 271 42 272 270 
129 270 272 58 89 
130 158 270 89 55 
131 55 274 273 162 
132 274 89 275 273 
133 273 275 88 183 
134 162 273 183 82 
135 82 277 276 213 
136 277 183 278 276 
137 211 280 279 245 
138 280 213 281 279 
139 279 281 108 251 
140 245 279 251 187 
141 187 283 282 257 
142 283 251 284 282 
143 282 284 250 285 
144 257 282 285 219 
145 108 287 286 252 
146 286 288 246 289 
147 252 286 289 188 
148 213 291 290 281 
149 291 276 292 290 
150 281 290 287 108 
151 306 182 307 305 
152 305 307 248 308 
153 288 305 308 246 
154 287 311 309 310 
155 309 312 288 313 
156 310 309 313 286 
157 183 315 314 278 
158 315 88 316 314 
159 276 318 317 292 
160 318 278 319 317 
161 317 319 182 306 
162 290 322 320 321 
163 322 292 323 320 
164 320 323 247 311 
165 321 320 311 287 
166 247 325 324 312 
167 325 306 326 324 
168 324 326 305 327 
169 312 324 327 288 
170 311 330 328 329 
171 330 247 331 328 
172 328 331 312 332 
173 329 328 332 309 
174 188 289 336 264 
175 289 246 337 336 
176 339 341 333 342 
177 340 339 342 233 
178 264 345 343 344 
179 345 336 346 343 
180 344 343 347 59 
181 246 308 348 337 
182 308 248 349 348 
183 348 349 185 350 
184 337 348 350 249 
185 336 352 351 346 
186 352 337 353 351 
187 351 353 249 354 
188 346 351 354 338 
189 189 265 355 356 
190 265 59 340 355 
191 355 340 233 357 
192 356 355 357 232 
193 59 347 358 359 
194 347 338 360 358 
195 358 360 339 361 
196 359 358 361 340 
197 343 364 362 363 
198 364 346 365 362 
199 362 365 338 366 
200 363 362 366 347 
201 249 350 376 341 
202 350 185 377 376 
203 376 377 334 378 
204 341 376 378 333 
205 182 380 379 307 
206 379 381 301 382 
207 307 379 382 248 
208 278 384 383 319 
209 384 314 385 383 
210 383 385 302 380 
211 319 383 380 182 
212 302 391 390 381 
213 391 184 392 390 
214 390 392 303 393 
215 381 390 393 301 
216 380 396 394 395 
217 396 302 397 394 
218 394 397 381 398 
219 395 394 398 379 
220 185 400 399 377 
221 400 304 401 399 
222 399 401 373 402 
223 377 399 402 334 
224 304 407 406 401 
225 407 91 408 406 
226 406 408 374 409 
227 401 406 409 373 
228 89 411 410 275 
229 411 58 412 410 
230 410 412 90 298 
231 275 410 298 88 
232 88 414 413 316 
233 414 298 415 413 
234 184 417 416 392 
235 392 416 419 303 
236 91 421 420 408 
237 421 389 422 420 
238 420 422 403 423 
239 408 420 423 374 
240 298 437 436 415 
241 437 90 438 436 
242 413 441 439 440 
243 441 415 442 439 
244 316 450 448 449 
245 450 413 440 448 
246 449 448 417 184 
247 440 453 451 452 
248 453 439 454 451 
249 451 454 433 445 
250 452 451 445 387 
251 460 297 461 459 
252 459 461 434 462 
253 445 465 463 464 
254 465 433 466 463 
255 463 466 446 467 
256 417 470 468 469 
257 470 387 444 468 
258 468 444 418 471 
259 469 468 471 416 
260 387 474 472 473 
261 474 445 464 472 
262 473 472 475 444 
263 386 435 476 477 
264 435 388 478 476 
265 476 478 300 479 
266 477 476 479 389 
267 418 447 480 481 
268 447 432 482 480 
269 480 482 435 483 
270 481 480 483 386 
271 467 446 486 484 
272 484 486 432 487 
273 485 484 487 447 
274 464 490 488 489 
275 490 463 491 488 
276 488 491 467 492 
277 444 475 493 494 
278 493 485 447 495 
279 494 493 495 418 
280 472 498 496 497 
281 498 464 489 496 
282 496 489 443 499 
283 497 496 499 475 
284 443 492 500 501 
285 492 467 502 500 
286 500 502 484 503 
287 501 500 503 485 
288 489 506 504 505 
289 506 488 507 504 
290 504 507 492 508 
291 505 504 508 443 
292 415 519 518 442 
293 519 436 520 518 
294 439 522 521 454 
295 522 442 523 521 
296 521 523 297 460 
297 454 521 460 433 
298 433 525 524 466 
299 525 460 526 524 
300 524 526 459 527 
301 466 524 527 446 
302 479 534 532 533 
303 534 300 535 532 
304 532 535 516 536 
305 389 539 537 538 
306 539 479 533 537 
307 537 533 515 540 
308 538 537 540 422 
309 19 38 541 542 
310 38 21 543 541 
311 541 543 9 544 
312 542 541 544 22 
313 35 54 545 546 
314 54 37 547 545 
315 545 547 21 548 
316 546 545 548 38 
317 51 78 549 550 
318 78 53 551 549 
319 549 551 37 552 
320 550 549 552 54 
321 75 123 553 554 
322 123 77 555 553 
323 553 555 53 556 
324 554 553 556 78 
325 121 372 557 558 
326 372 122 559 557 
327 557 559 77 560 
328 558 557 560 123 
329 230 405 561 562 
330 405 370 563 561 
331 561 563 372 564 
332 562 561 564 121 
333 403 517 565 566 
334 517 404 567 565 
335 565 567 370 568 
336 566 565 568 405 
337 515 536 569 570 
338 536 516 571 569 
339 569 571 404 572 
340 570 569 572 517 
341 533 575 573 574 
342 575 532 576 573 
343 573 576 536 577 
344 574 573 577 515 
345 297 579 578 461 
346 579 456 580 578 
347 578 580 455 581 
348 461 578 581 434 
349 388 458 582 478 
350 458 428 583 582 
351 582 583 431 529 
352 478 582 529 300 
353 300 585 584 535 
354 585 529 586 584 
355 584 586 528 587 
356 535 584 587 516 
357 593 299 594 592 
358 592 594 430 595 
359 7 597 596 146 
360 597 16 598 596 
361 596 598 15 32 
362 146 596 32 13 
363 13 600 599 150 
364 600 32 601 599 
365 599 601 31 48 
366 150 599 48 26 
367 26 603 602 154 
368 603 48 604 602 
369 602 604 47 85 
370 154 602 85 42 
371 42 606 605 272 
372 606 85 607 605 
373 605 607 84 294 
374 272 605 294 58 
375 58 609 608 412 
376 609 294 610 608 
377 608 610 293 425 
378 412 608 425 90 
379 90 612 611 438 
380 612 425 613 611 
381 436 615 614 520 
382 615 438 616 614 
383 614 616 299 593 
384 429 619 617 618 
385 619 593 620 617 
386 617 620 592 621 
387 618 617 621 457 
388 626 5 627 625 
389 625 627 513 628 
390 428 595 629 583 
391 595 430 630 629 
392 629 630 5 626 
393 583 629 626 431 
394 431 633 631 632 
395 633 626 634 631 
396 631 634 625 635 
397 632 631 635 530 
398 299 637 636 594 
399 594 636 639 430 
400 430 639 640 630 
401 630 640 642 5 
402 438 644 643 616 
403 644 611 645 643 
404 616 643 637 299 
405 15 647 646 33 
406 647 17 648 646 
407 646 648 8 649 
408 33 646 649 18 
409 31 651 650 49 
410 651 33 652 650 
411 650 652 18 653 
412 49 650 653 34 
413 47 655 654 86 
414 655 49 656 654 
415 654 656 34 657 
416 86 654 657 50 
417 659 86 660 658 
418 658 660 50 661 
419 637 676 674 675 
420 676 589 677 674 
421 674 677 638 678 
422 675 674 678 636 
423 5 642 682 627 
424 642 591 683 682 
425 682 683 622 684 
426 627 682 684 513 
427 640 687 685 686 
428 687 641 688 685 
429 685 688 591 689 
430 686 685 689 642 
431 425 691 690 613 
432 691 293 692 690 
433 611 694 693 645 
434 694 613 695 693 
435 671 702 700 701 
436 702 424 703 700 
437 700 703 672 704 
438 701 700 704 670 
439 18 649 705 45 
440 649 8 706 705 
441 705 706 29 707 
442 45 705 707 28 
443 34 653 708 73 
444 653 18 709 708 
445 708 709 45 710 
446 73 708 710 44 
447 50 657 711 119 
448 657 34 712 711 
449 711 712 73 713 
450 119 711 713 72 
451 661 50 715 714 
452 714 715 119 716 
453 720 721 510 722 
454 591 681 726 683 
455 681 427 727 726 
456 726 727 623 728 
457 683 726 728 622 
458 679 731 729 730 
459 731 680 732 729 
460 729 732 427 733 
461 730 729 733 681 
462 613 735 734 695 
463 735 690 736 734 
464 424 738 737 703 
465 738 697 739 737 
466 737 739 696 740 
467 703 737 740 672 
468 427 725 741 727 
469 725 669 742 741 
470 741 742 720 743 
471 727 741 743 623 
472 680 745 744 732 
473 745 723 746 744 
474 744 746 725 747 
475 732 744 747 427 
476 757 667 758 756 
477 756 758 698 759 
478 739 756 759 696 
479 294 761 760 610 
480 761 84 762 760 
481 760 762 295 663 
482 610 760 663 293 
483 293 764 763 692 
484 764 663 765 763 
485 690 767 766 736 
486 767 692 768 766 
487 734 771 769 770 
488 771 736 772 769 
489 769 772 667 757 
490 770 769 757 697 
491 697 775 773 774 
492 775 757 776 773 
493 773 776 756 777 
494 774 773 777 739 
495 782 724 783 781 
496 781 783 669 784 
497 746 781 784 725 
498 699 787 785 786 
499 787 666 788 785 
500 785 788 724 782 
501 786 785 782 723 
502 723 791 789 790 
503 791 782 792 789 
504 789 792 781 793 
505 790 789 793 746 
506 667 795 794 758 
507 758 794 797 698 
508 798 799 717 800 
509 721 798 800 510 
510 669 780 801 742 
511 780 296 802 801 
512 801 802 721 803 
513 742 801 803 720 
514 724 805 804 783 
515 804 806 780 807 
516 783 804 807 669 
517 736 809 808 772 
518 809 766 810 808 
519 808 810 753 795 
520 772 808 795 667 
521 795 821 819 820 
522 821 753 822 819 
523 819 822 796 823 
524 820 819 823 794 
525 666 825 824 788 
526 825 755 826 824 
527 788 824 805 724 
528 830 832 296 833 
529 806 830 833 780 
530 805 836 834 835 
531 836 778 837 834 
532 834 837 806 838 
533 835 834 838 804 
534 692 840 839 768 
535 840 763 841 839 
536 843 812 844 842 
537 842 844 811 845 
538 752 818 846 847 
539 818 754 848 846 
540 846 848 668 849 
541 847 846 849 755 
542 852 817 853 850 
543 850 853 754 854 
544 851 850 854 818 
545 796 857 855 856 
546 857 815 851 855 
547 855 851 818 858 
548 856 855 858 752 
549 766 860 859 810 
550 860 768 861 859 
551 859 861 426 816 
552 810 859 816 753 
553 816 864 862 863 
554 864 426 865 862 
555 862 865 817 852 
556 863 862 852 815 
557 815 868 866 867 
558 868 852 869 866 
559 866 869 850 870 
560 867 866 870 851 
561 755 849 871 826 
562 849 668 872 871 
563 668 874 873 872 
564 874 814 875 873 
565 873 875 827 876 
566 871 879 877 878 
567 879 872 880 877 
568 877 880 779 881 
569 826 884 882 883 
570 884 871 878 882 
571 882 878 831 885 
572 883 882 885 778 
573 296 829 886 802 
574 829 751 887 886 
575 886 887 798 888 
576 802 886 888 721 
577 876 827 890 889 
578 889 890 829 891 
579 832 889 891 296 
580 831 881 892 893 
581 881 779 894 892 
582 892 894 832 895 
583 893 892 895 830 
584 878 898 896 897 
585 898 877 899 896 
586 896 899 881 900 
587 897 896 900 831 
588 754 845 901 848 
589 845 811 902 901 
590 901 902 814 874 
591 848 901 874 668 
592 817 904 903 853 
593 904 842 905 903 
594 903 905 845 906 
595 853 903 906 754 
596 872 908 907 880 
597 908 873 909 907 
598 907 909 876 910 
599 880 907 910 779 
600 912 658 913 911 
601 911 913 661 914 
602 812 924 923 844 
603 924 749 925 923 
604 844 923 926 811 
605 814 931 930 875 
606 931 748 932 930 
607 875 930 933 827 
608 663 935 934 765 
609 935 295 936 934 
610 763 938 937 841 
611 938 765 939 937 
612 749 941 940 925 
613 941 920 942 940 
614 940 942 919 943 
615 925 940 943 813 
616 811 926 944 902 
617 926 813 945 944 
618 944 945 748 931 
619 902 944 931 814 
620 923 948 946 947 
621 948 925 949 946 
622 946 949 813 950 
623 947 946 950 926 
624 748 952 951 932 
625 952 922 953 951 
626 951 953 927 954 
627 932 951 954 828 
628 827 933 955 890 
629 933 828 956 955 
630 955 956 751 957 
631 890 955 957 829 
632 930 960 958 959 
633 960 932 961 958 
634 958 961 828 962 
635 959 958 962 933 
636 914 661 964 963 
637 963 964 714 965 
638 966 967 718 968 
639 799 966 968 717 
640 922 974 973 953 
641 974 750 975 973 
642 973 975 928 976 
643 953 973 976 927 
644 765 981 980 939 
645 981 934 982 980 
646 980 982 916 978 
647 662 985 983 984 
648 985 978 986 983 
649 983 986 977 987 
650 984 983 987 921 
651 750 989 988 975 
652 989 970 990 988 
653 988 990 969 991 
654 975 988 991 928 
655 664 993 992 917 
656 993 911 994 992 
657 992 994 914 995 
658 917 992 995 87 
659 997 664 998 996 
660 996 998 917 999 
661 978 1001 1000 986 
662 1001 916 1002 1000 
663 1000 1002 979 1003 
664 986 1000 1003 977 
665 999 917 1005 1004 
666 1004 1005 87 1006 
667 979 1009 1007 1008 
668 1009 996 1010 1007 
669 1007 1010 999 1011 
670 1008 1007 1011 915 
671 1 1014 1012 1013 
672 1014 12 144 1012 
673 1012 144 10 62 
674 1013 1012 62 11 
675 16 1016 1015 598 
676 1016 2 1017 1015 
677 1015 1017 17 647 
678 598 1015 647 15 
679 20 94 1018 1019 
680 94 19 542 1018 
681 1018 542 22 1020 
682 1019 1018 1020 4 
683 10 1023 1021 1022 
684 1023 25 148 1021 
685 1021 148 23 66 
686 1022 1021 66 24 
687 21 46 1024 543 
688 46 28 1025 1024 
689 1024 1025 30 1026 
690 543 1024 1026 9 
691 32 1028 1027 601 
692 1028 15 1029 1027 
693 1027 1029 33 651 
694 601 1027 651 31 
695 36 97 1030 1031 
696 97 35 546 1030 
697 1030 546 38 1032 
698 1031 1030 1032 19 
699 23 1035 1033 1034 
700 1035 41 152 1033 
701 1033 152 39 70 
702 1034 1033 70 40 
703 37 74 1036 547 
704 74 44 1037 1036 
705 1036 1037 46 1038 
706 547 1036 1038 21 
707 48 1040 1039 604 
708 1040 31 1041 1039 
709 1039 1041 49 655 
710 604 1039 655 47 
711 52 100 1042 1043 
712 100 51 550 1042 
713 1042 550 54 1044 
714 1043 1042 1044 35 
715 70 1047 1045 1046 
716 1047 39 156 1045 
717 1045 156 56 112 
718 1046 1045 112 68 
719 53 120 1048 551 
720 120 72 1049 1048 
721 1048 1049 74 1050 
722 551 1048 1050 37 
723 76 104 1051 1052 
724 104 75 554 1051 
725 1051 554 78 1053 
726 1052 1051 1053 51 
727 85 1055 1054 607 
728 1055 47 1056 1054 
729 1054 1056 86 659 
730 607 1054 659 84 
731 98 135 1057 1058 
732 135 76 1052 1057 
733 1057 1052 51 1059 
734 1058 1057 1059 100 
735 77 369 1060 555 
736 369 118 1061 1060 
737 1060 1061 120 1062 
738 555 1060 1062 53 
739 103 231 1063 1064 
740 231 121 558 1063 
741 1063 558 123 1065 
742 1064 1063 1065 75 
743 117 142 1066 1067 
744 142 83 200 1066 
745 1066 200 125 1068 
746 1067 1066 1068 136 
747 130 1070 1069 197 
748 1070 191 222 1069 
749 1069 222 190 1071 
750 197 1069 1071 170 
751 190 225 1072 1073 
752 225 192 1074 1072 
753 1072 1074 131 240 
754 1073 1072 240 193 
755 170 1071 1075 209 
756 1071 190 1073 1075 
757 1075 1073 193 1076 
758 209 1075 1076 128 
759 105 1078 1077 224 
760 1078 218 255 1077 
761 1077 255 217 1079 
762 224 1077 1079 192 
763 217 258 1080 1081 
764 258 219 1082 1080 
765 1080 1082 186 267 
766 1081 1080 267 220 
767 192 1079 1083 1074 
768 1079 217 1081 1083 
769 1083 1081 220 260 
770 1074 1083 260 131 
771 128 1076 1084 1085 
772 1076 193 239 1084 
773 1084 239 226 1086 
774 1085 1084 1086 205 
775 229 375 1087 1088 
776 375 230 562 1087 
777 1087 562 121 1089 
778 1088 1087 1089 231 
779 126 335 1090 1091 
780 335 229 1088 1090 
781 1090 1088 231 1092 
782 1091 1090 1092 103 
783 109 237 1093 1094 
784 237 189 356 1093 
785 1093 356 232 1095 
786 1094 1093 1095 201 
787 219 285 1096 1082 
788 285 250 1097 1096 
789 1096 1097 253 1098 
790 1082 1096 1098 186 
791 186 1098 1099 268 
792 1098 253 1100 1099 
793 1099 1100 263 1101 
794 268 1099 1101 236 
795 301 393 1102 1103 
796 393 303 1104 1102 
797 1102 1104 91 407 
798 1103 1102 407 304 
799 248 382 1105 349 
800 382 301 1103 1105 
801 1105 1103 304 400 
802 349 1105 400 185 
803 314 1107 1106 385 
804 1107 316 449 1106 
805 1106 449 184 391 
806 385 1106 391 302 
807 292 1109 1108 323 
808 1109 317 1110 1108 
809 1108 1110 306 325 
810 323 1108 325 247 
811 338 354 1111 360 
812 354 249 1112 1111 
813 1111 1112 341 1113 
814 360 1111 1113 339 
815 122 511 1114 559 
816 511 367 1115 1114 
817 1114 1115 369 1116 
818 559 1114 1116 77 
819 370 514 1117 563 
820 514 371 1118 1117 
821 1117 1118 122 1119 
822 563 1117 1119 372 
823 303 419 1120 1104 
824 419 386 477 1120 
825 1120 477 389 421 
826 1104 1120 421 91 
827 374 423 1121 1122 
828 423 403 566 1121 
829 1121 566 405 1123 
830 1122 1121 1123 230 
831 416 471 1124 1125 
832 471 418 481 1124 
833 1124 481 386 1126 
834 1125 1124 1126 419 
835 432 462 1127 482 
836 462 434 1128 1127 
837 1127 1128 388 1129 
838 482 1127 1129 435 
839 448 1132 1130 1131 
840 1132 440 452 1130 
841 1130 452 387 470 
842 1131 1130 470 417 
843 456 1134 1133 580 
844 1134 429 618 1133 
845 1133 618 457 1135 
846 580 1133 1135 455 
847 434 581 1136 1128 
848 581 455 1137 1136 
849 1136 1137 458 1138 
850 1128 1136 1138 388 
851 446 527 1139 486 
852 527 459 1140 1139 
853 1139 1140 462 1141 
854 486 1139 1141 432 
855 475 499 1142 1143 
856 499 443 501 1142 
857 1142 501 485 1144 
858 1143 1142 1144 493 
859 371 624 1145 1118 
860 624 509 1146 1145 
861 1145 1146 511 1147 
862 1118 1145 1147 122 
863 404 531 1148 567 
864 531 512 1149 1148 
865 1148 1149 514 1150 
866 567 1148 1150 370 
867 422 540 1151 1152 
868 540 515 570 1151 
869 1151 570 517 1153 
870 1152 1151 1153 403 
871 442 1155 1154 523 
872 1155 518 1156 1154 
873 1154 1156 456 579 
874 523 1154 579 297 
875 529 1158 1157 586 
876 1158 431 632 1157 
877 1157 632 530 1159 
878 586 1157 1159 528 
879 516 587 1160 571 
880 587 528 1161 1160 
881 1160 1161 531 1162 
882 571 1160 1162 404 
883 84 1164 1163 762 
884 1164 659 1165 1163 
885 1163 1165 658 912 
886 762 1163 912 295 
887 589 1167 1166 677 
888 1167 671 701 1166 
889 1166 701 670 1168 
890 677 1166 1168 638 
891 641 1170 1169 688 
892 1170 679 730 1169 
893 1169 730 681 1171 
894 688 1169 1171 591 
895 696 759 1172 1173 
896 759 698 1174 1172 
897 1172 1174 666 787 
898 1173 1172 787 699 
899 672 740 1175 1176 
900 740 696 1173 1175 
901 1175 1173 699 1177 
902 1176 1175 1177 590 
903 590 1177 1178 1179 
904 1177 699 786 1178 
905 1178 786 723 745 
906 1179 1178 745 680 
907 695 1182 1180 1181 
908 1182 734 770 1180 
909 1180 770 697 738 
910 1181 1180 738 424 
911 698 797 1183 1174 
912 797 752 847 1183 
913 1183 847 755 825 
914 1174 1183 825 666 
915 794 823 1184 1185 
916 823 796 856 1184 
917 1184 856 752 1186 
918 1185 1184 1186 797 
919 751 929 1187 887 
920 929 665 1188 1187 
921 1187 1188 799 1189 
922 887 1187 1189 798 
923 753 1191 1190 822 
924 1191 816 863 1190 
925 1190 863 815 857 
926 822 1190 857 796 
927 824 1194 1192 1193 
928 1194 826 883 1192 
929 1192 883 778 836 
930 1193 1192 836 805 
931 778 885 1195 837 
932 885 831 893 1195 
933 1195 893 830 1196 
934 837 1195 1196 806 
935 768 1198 1197 861 
936 1198 839 1199 1197 
937 1197 1199 812 843 
938 861 1197 843 426 
939 426 1201 1200 865 
940 1201 843 1202 1200 
941 1200 1202 842 904 
942 865 1200 904 817 
943 779 910 1203 894 
944 910 876 1204 1203 
945 1203 1204 889 1205 
946 894 1203 1205 832 
947 295 1207 1206 936 
948 1207 912 1208 1206 
949 1206 1208 911 993 
950 936 1206 993 664 
951 920 1210 1209 942 
952 1210 662 984 1209 
953 1209 984 921 1211 
954 942 1209 1211 919 
955 919 1211 1212 1213 
956 1211 921 1214 1212 
957 1212 1214 750 974 
958 1213 1212 974 922 
959 813 943 1215 945 
960 943 919 1213 1215 
961 1215 1213 922 952 
962 945 1215 952 748 
963 828 954 1216 956 
964 954 927 1217 1216 
965 1216 1217 929 1218 
966 956 1216 1218 751 
967 934 1220 1219 982 
968 1220 936 1221 1219 
969 1219 1221 664 997 
970 982 1219 997 916 
971 87 995 1222 967 
972 995 914 1223 1222 
973 1222 1223 963 1224 
974 967 1222 1224 718 
975 665 972 1225 1188 
976 972 918 1226 1225 
977 1225 1226 966 1227 
978 1188 1225 1227 799 
979 918 1006 1228 1226 
980 1006 87 1229 1228 
981 1228 1229 967 1230 
982 1226 1228 1230 966 
983 977 1003 1231 1232 
984 1003 979 1008 1231 
985 1231 1008 915 1233 
986 1232 1231 1233 970 
987 921 987 1234 1214 
988 987 977 1232 1234 
989 1234 1232 970 989 
990 1214 1234 989 750 
991 916 1236 1235 1002 
992 1236 997 1237 1235 
993 1235 1237 996 1009 
994 1002 1235 1009 979 
995 28 707 1238 1025 
996 707 29 1239 1238 
997 1238 1239 3 1240 
998 1025 1238 1240 30 
999 44 710 1241 1037 
1000 710 45 1242 1241 
1001 1241 1242 28 1243 
1002 1037 1241 1243 46 
1003 72 713 1244 1049 
1004 713 73 1245 1244 
1005 1244 1245 44 1246 
1006 1049 1244 1246 74 
1007 101 127 1247 1248 
1008 127 103 1064 1247 
1009 1247 1064 75 1249 
1010 1248 1247 1249 104 
1011 102 138 1250 1251 
1012 138 101 1248 1250 
1013 1250 1248 104 1252 
1014 1251 1250 1252 76 
1015 118 716 1253 1061 
1016 716 119 1254 1253 
1017 1253 1254 72 1255 
1018 1061 1253 1255 120 
1019 124 234 1256 1257 
1020 234 126 1091 1256 
1021 1256 1091 103 1258 
1022 1257 1256 1258 127 
1023 125 202 1259 1260 
1024 202 124 1257 1259 
1025 1259 1257 127 1261 
1026 1260 1259 1261 101 
1027 136 1068 1262 1263 
1028 1068 125 1260 1262 
1029 1262 1260 101 1264 
1030 1263 1262 1264 138 
1031 132 228 1265 1266 
1032 228 109 1094 1265 
1033 1265 1094 201 1267 
1034 1266 1265 1267 199 
1035 171 210 1268 1269 
1036 210 128 1085 1268 
1037 1268 1085 205 1270 
1038 1269 1268 1270 203 
1039 367 719 1271 1115 
1040 719 368 1272 1271 
1041 1271 1272 118 1273 
1042 1115 1271 1273 369 
1043 373 409 1274 1275 
1044 409 374 1122 1274 
1045 1274 1122 230 1276 
1046 1275 1274 1276 375 
1047 334 402 1277 1278 
1048 402 373 1275 1277 
1049 1277 1275 375 1279 
1050 1278 1277 1279 229 
1051 455 1135 1280 1137 
1052 1135 457 1281 1280 
1053 1280 1281 428 1282 
1054 1137 1280 1282 458 
1055 509 722 1283 1146 
1056 722 510 1284 1283 
1057 1283 1284 367 1285 
1058 1146 1283 1285 511 
1059 512 628 1286 1149 
1060 628 513 1287 1286 
1061 1286 1287 371 1288 
1062 1149 1286 1288 514 
1063 518 1290 1289 1156 
1064 1290 520 1291 1289 
1065 1289 1291 429 1134 
1066 1156 1289 1134 456 
1067 528 1159 1292 1161 
1068 1159 530 1293 1292 
1069 1292 1293 512 1294 
1070 1161 1292 1294 531 
1071 457 621 1295 1281 
1072 621 592 1296 1295 
1073 1295 1296 595 1297 
1074 1281 1295 1297 428 
1075 520 1299 1298 1291 
1076 1299 614 1300 1298 
1077 1298 1300 593 619 
1078 1291 1298 619 429 
1079 513 684 1301 1287 
1080 684 622 1302 1301 
1081 1301 1302 624 1303 
1082 1287 1301 1303 371 
1083 530 635 1304 1293 
1084 635 625 1305 1304 
1085 1304 1305 628 1306 
1086 1293 1304 1306 512 
1087 670 704 1307 1308 
1088 704 672 1176 1307 
1089 1307 1176 590 1309 
1090 1308 1307 1309 673 
1091 638 1168 1310 1311 
1092 1168 670 1308 1310 
1093 1310 1308 673 1312 
1094 1311 1310 1312 588 
1095 588 1312 1313 1314 
1096 1312 673 1315 1313 
1097 1313 1315 679 1170 
1098 1314 1313 1170 641 
1099 673 1309 1316 1315 
1100 1309 590 1179 1316 
1101 1316 1179 680 731 
1102 1315 1316 731 679 
1103 693 1319 1317 1318 
1104 1319 695 1181 1317 
1105 1317 1181 424 702 
1106 1318 1317 702 671 
1107 645 1322 1320 1321 
1108 1322 693 1318 1320 
1109 1320 1318 671 1167 
1110 1321 1320 1167 589 
1111 368 965 1323 1272 
1112 965 714 1324 1323 
1113 1323 1324 716 1325 
1114 1272 1323 1325 118 
1115 510 800 1326 1284 
1116 800 717 1327 1326 
1117 1326 1327 719 1328 
1118 1284 1326 1328 367 
1119 839 1330 1329 1199 
1120 1330 841 1331 1329 
1121 1329 1331 749 924 
1122 1199 1329 924 812 
1123 927 976 1332 1217 
1124 976 928 1333 1332 
1125 1332 1333 665 1334 
1126 1217 1332 1334 929 
1127 841 1336 1335 1331 
1128 1336 937 1337 1335 
1129 1335 1337 920 941 
1130 1331 1335 941 749 
1131 970 1233 1338 990 
1132 1233 915 1339 1338 
1133 1338 1339 971 1340 
1134 990 1338 1340 969 
1135 928 991 1341 1333 
1136 991 969 1342 1341 
1137 1341 1342 972 1343 
1138 1333 1341 1343 665 
1139 915 1011 1344 1339 
1140 1011 999 1345 1344 
1141 1344 1345 1004 1346 
1142 1339 1344 1346 971 
1143 83 206 1347 1348 
1144 206 132 1266 1347 
1145 1347 1266 199 1349 
1146 1348 1347 1349 200 
1147 333 378 1350 1351 
1148 378 334 1278 1350 
1149 1350 1278 229 1352 
1150 1351 1350 1352 335 
1151 233 342 1353 1354 
1152 342 333 1351 1353 
1153 1353 1351 335 1355 
1154 1354 1353 1355 126 
1155 622 728 1356 1302 
1156 728 623 1357 1356 
1157 1356 1357 509 1358 
1158 1302 1356 1358 624 
1159 636 678 1359 1360 
1160 678 638 1311 1359 
1161 1359 1311 588 1361 
1162 1360 1359 1361 639 
1163 639 1361 1362 1363 
1164 1361 588 1314 1362 
1165 1362 1314 641 687 
1166 1363 1362 687 640 
1167 643 1366 1364 1365 
1168 1366 645 1321 1364 
1169 1364 1321 589 676 
1170 1365 1364 676 637 
1171 717 968 1367 1327 
1172 968 718 1368 1367 
1173 1367 1368 368 1369 
1174 1327 1367 1369 719 
1175 623 743 1370 1357 
1176 743 720 1371 1370 
1177 1370 1371 722 1372 
1178 1357 1370 1372 509 
1179 937 1374 1373 1337 
1180 1374 939 1375 1373 
1181 1373 1375 662 1210 
1182 1337 1373 1210 920 
1183 718 1224 1376 1368 
1184 1224 963 1377 1376 
1185 1376 1377 965 1378 
1186 1368 1376 1378 368 
1187 969 1340 1379 1342 
1188 1340 971 1380 1379 
1189 1379 1380 918 1381 
1190 1342 1379 1381 972 
1191 939 1383 1382 1375 
1192 1383 980 1384 1382 
1193 1382 1384 978 985 
1194 1375 1382 985 662 
1195 971 1346 1385 1380 
1196 1346 1004 1386 1385 
1197 1385 1386 1006 1387 
1198 1380 1385 1387 918 
