2 0.000000 100.000000 211.018442
1387 1198 
1 -276.279947 0.000000 -280.179887 99.755584 0.000093 6.975914 0.000016 
2 331.535936 0.000000 -280.179887 99.755965 0.001332 6.967223 0.000021 
3 331.535936 0.000000 285.678573 99.757901 -0.001440 6.964888 -0.000015 
4 -276.279947 0.000000 285.678573 99.757153 -0.000056 6.975986 -0.000015 
5 27.627995 0.000000 2.749343 108.728519 -0.083735 -9.741181 -0.191679 
6 -276.279947 0.000000 2.749343 99.756283 0.000031 6.976240 0.000002 
7 27.627995 0.000000 -280.179887 99.749951 0.000744 6.971543 0.000134 
8 331.535936 0.000000 2.749343 99.851559 0.010855 5.611265 -0.000182 
9 27.627995 0.000000 285.678573 99.764161 -0.000358 6.971398 -0.000149 
10 -124.325976 0.000000 -138.715272 99.752981 0.000316 6.976515 0.000067 
11 -276.279947 0.000000 -138.715272 99.755793 0.000069 6.976115 0.000012 
12 -124.325976 0.000000 -280.179887 99.753646 0.000258 6.975604 0.000055 
13 27.627995 0.000000 -138.715272 99.732496 0.002447 6.960495 0.000498 
14 -124.325976 0.000000 2.749343 99.755212 0.000310 6.977911 0.000021 
15 179.581965 0.000000 -138.715272 99.754076 0.002761 6.941488 0.000094 
16 179.581965 0.000000 -280.179887 99.753603 0.001202 6.967106 0.000068 
17 331.535936 0.000000 -138.715272 99.757633 0.002677 6.946152 0.000017 
18 179.581965 0.000000 2.749343 99.935264 0.010233 4.391510 -0.000634 
19 -124.325976 0.000000 144.213958 99.758935 0.000075 6.977147 -0.000053 
20 -276.279947 0.000000 144.213958 99.756835 -0.000015 6.976176 -0.000009 
21 27.627995 0.000000 144.213958 99.787765 0.000743 6.960672 -0.000605 
22 -124.325976 0.000000 285.678573 99.759182 -0.000099 6.975908 -0.000056 
23 -48.348991 0.000000 -67.982965 99.740245 0.002085 6.978448 0.000318 
24 -124.325976 0.000000 -67.982965 99.753523 0.000340 6.977296 0.000055 
25 -48.348991 0.000000 -138.715272 99.745763 0.001007 6.974909 0.000213 
26 27.627995 0.000000 -67.982965 99.682689 0.002145 6.920412 0.001547 
27 -48.348991 0.000000 2.749343 99.743256 0.018162 6.982263 0.000253 
28 179.581965 0.000000 144.213958 99.762212 -0.002503 6.934049 -0.000058 
29 331.535936 0.000000 144.213958 99.760104 -0.003135 6.928141 -0.000008 
30 179.581965 0.000000 285.678573 99.760063 -0.001098 6.965826 -0.000059 
31 103.604980 0.000000 -67.982965 99.740423 0.006209 6.836931 0.000510 
32 103.604980 0.000000 -138.715272 99.743826 0.002671 6.942020 0.000298 
33 179.581965 0.000000 -67.982965 99.760616 0.005466 6.855209 0.000083 
34 103.604980 0.000000 2.749343 99.981189 0.007833 3.520809 -0.000863 
35 -48.348991 0.000000 73.481651 99.764351 0.001596 6.984015 -0.000170 
36 -124.325976 0.000000 73.481651 99.757443 0.000206 6.977829 -0.000024 
37 27.627995 0.000000 73.481651 99.822974 -0.003279 6.926331 -0.001260 
38 -48.348991 0.000000 144.213958 99.766521 0.000435 6.977516 -0.000204 
39 -10.360498 0.000000 -32.616811 99.676508 0.076156 6.949752 0.001629 
40 -48.348991 0.000000 -32.616811 99.740423 0.023511 6.976912 0.000317 
41 -10.360498 0.000000 -67.982965 99.725528 0.034358 6.961370 0.000636 
42 27.627995 0.000000 -32.616811 99.486707 0.138967 6.676092 0.005781 
43 -10.360498 0.000000 2.749343 99.538789 0.078544 7.000160 0.004302 
44 103.604980 0.000000 73.481651 99.778741 -0.002526 6.821867 -0.000233 
45 179.581965 0.000000 73.481651 99.769499 -0.005094 6.804336 -0.000025 
46 103.604980 0.000000 144.213958 99.771548 -0.001288 6.937427 -0.000249 
47 65.616487 0.000000 -32.616811 99.694329 -0.039137 6.514654 0.001860 
48 65.616487 0.000000 -67.982965 99.729472 0.001148 6.867303 0.000687 
49 103.604980 0.000000 -32.616811 99.762811 0.008195 6.502508 0.000510 
50 65.616487 0.000000 2.749343 99.775891 -0.064470 3.344074 0.003358 
51 -10.360498 0.000000 38.115497 99.764550 0.007385 7.017364 -0.000221 
52 -48.348991 0.000000 38.115497 99.755747 0.002558 6.986806 -0.000002 
53 27.627995 0.000000 38.115497 100.131223 0.012784 6.772261 -0.007213 
54 -10.360498 0.000000 73.481651 99.792777 0.008190 6.989146 -0.000745 
55 8.633748 0.000000 -14.933734 99.697484 0.172200 6.772819 0.001451 
56 -10.360498 0.000000 -14.933734 99.647441 0.136402 6.873919 0.002312 
57 8.633748 0.000000 -32.616811 99.635884 0.135993 6.876572 0.002538 
58 27.627995 0.000000 -14.933734 98.456401 0.064350 5.687029 0.027399 
59 8.633748 0.000000 2.749343 109.438898 -0.070033 17.902505 -0.229738 
60 -200.302961 0.000000 -67.982965 99.755482 0.000113 6.976552 0.000017 
61 -276.279947 0.000000 -67.982965 99.756010 0.000052 6.976197 0.000007 
62 -200.302961 0.000000 -138.715272 99.755089 0.000133 6.976328 0.000025 
63 -200.302961 0.000000 2.749343 99.756086 0.000083 6.976684 0.000005 
64 -86.337483 0.000000 -32.616811 99.751350 0.000804 6.978789 0.000096 
65 -124.325976 0.000000 -32.616811 99.754228 0.000335 6.977662 0.000041 
66 -86.337483 0.000000 -67.982965 99.750330 0.000737 6.977820 0.000118 
67 -86.337483 0.000000 2.749343 99.753401 0.000795 6.980297 0.000053 
68 -29.354744 0.000000 -14.933734 99.714736 0.041897 6.980965 0.000824 
69 -48.348991 0.000000 -14.933734 99.740354 0.018201 6.980999 0.000313 
70 -29.354744 0.000000 -32.616811 99.719550 0.034096 6.975507 0.000735 
71 -29.354744 0.000000 2.749343 99.718567 0.042963 6.987333 0.000738 
72 65.616487 0.000000 38.115497 99.806841 -0.037635 6.474189 -0.000332 
73 103.604980 0.000000 38.115497 99.795252 -0.007393 6.435865 -0.000051 
74 65.616487 0.000000 73.481651 99.820663 -0.006914 6.832625 -0.001085 
75 8.633748 0.000000 20.432420 100.050875 -0.041211 7.215538 -0.006224 
76 -10.360498 0.000000 20.432420 99.679027 0.106580 7.040359 0.001451 
77 27.627995 0.000000 20.432420 101.102805 0.019312 6.385985 -0.026256 
78 8.633748 0.000000 38.115497 99.975753 -0.146663 7.054379 -0.004494 
79 -0.863375 0.000000 -6.092195 98.705573 -0.064149 6.467800 0.021537 
80 -10.360498 0.000000 -6.092195 99.541255 0.070882 6.950109 0.004323 
81 -0.863375 0.000000 -14.933734 99.434360 -0.062559 6.833885 0.006610 
82 8.633748 0.000000 -6.092195 99.577171 -0.137389 6.508764 0.004200 
83 -0.863375 0.000000 2.749343 98.004135 -0.028388 7.803288 0.033430 
84 46.622241 0.000000 -14.933734 99.424873 0.059864 5.585887 0.008349 
85 46.622241 0.000000 -32.616811 99.591550 0.367292 6.526111 0.003880 
86 65.616487 0.000000 -14.933734 99.570946 0.032338 5.499018 0.005539 
87 46.622241 0.000000 2.749343 96.900128 -0.091479 1.618234 0.060774 
88 18.130872 0.000000 -6.092195 97.552646 0.021232 6.101350 0.044625 
89 18.130872 0.000000 -14.933734 98.890345 -0.090879 6.662076 0.017631 
90 27.627995 0.000000 -6.092195 98.918123 0.074324 2.564158 0.020862 
91 18.130872 0.000000 2.749343 114.054196 -0.034721 3.175283 -0.301844 
92 -200.302961 0.000000 73.481651 99.756763 0.000043 6.976663 -0.000009 
93 -276.279947 0.000000 73.481651 99.756574 0.000008 6.976232 -0.000004 
94 -200.302961 0.000000 144.213958 99.757325 -0.000000 6.976501 -0.000020 
95 -86.337483 0.000000 38.115497 99.756091 0.000689 6.979784 0.000000 
96 -124.325976 0.000000 38.115497 99.756347 0.000266 6.977972 -0.000002 
97 -86.337483 0.000000 73.481651 99.758641 0.000521 6.979342 -0.000050 
98 -29.354744 0.000000 20.432420 99.733632 0.035409 6.994073 0.000428 
99 -48.348991 0.000000 20.432420 99.746814 0.023571 6.982353 0.000182 
100 -29.354744 0.000000 38.115497 99.738278 0.025183 6.975431 0.000362 
101 -0.863375 0.000000 11.590882 99.584795 0.050388 7.416795 0.002786 
102 -10.360498 0.000000 11.590882 99.585047 0.128469 7.036017 0.003330 
103 8.633748 0.000000 11.590882 99.971585 -0.108252 7.473998 -0.005019 
104 -0.863375 0.000000 20.432420 99.693671 0.134666 7.149857 0.001003 
105 3.885187 0.000000 -1.671426 110.752746 -0.140601 -2.182556 -0.227095 
106 -0.863375 0.000000 -1.671426 96.371645 -0.035302 6.514451 0.067007 
107 3.885187 0.000000 -6.092195 99.643787 -0.074488 5.788464 0.003760 
108 8.633748 0.000000 -1.671426 108.981665 -0.027706 3.734437 -0.189095 
109 3.885187 0.000000 2.749343 100.125192 -0.098514 10.160512 -0.012830 
110 -19.857621 0.000000 -6.092195 99.676745 0.102755 6.974366 0.001589 
111 -29.354744 0.000000 -6.092195 99.715334 0.043615 6.983238 0.000808 
112 -19.857621 0.000000 -14.933734 99.683783 0.100170 6.966687 0.001460 
113 -19.857621 0.000000 2.749343 99.678422 0.099388 6.985384 0.001541 
114 -5.611936 0.000000 -1.671426 99.209116 0.046180 6.931694 0.010950 
115 -10.360498 0.000000 -1.671426 99.528867 0.063262 6.985577 0.004520 
116 -5.611936 0.000000 -6.092195 99.330078 0.105827 6.863025 0.008642 
117 -5.611936 0.000000 2.749343 99.249906 0.116451 7.113666 0.009884 
118 46.622241 0.000000 20.432420 100.306321 0.141062 5.463966 -0.009123 
119 65.616487 0.000000 20.432420 99.793366 0.046621 5.612728 0.000978 
120 46.622241 0.000000 38.115497 99.922605 -0.098203 6.508586 -0.002690 
121 18.130872 0.000000 11.590882 100.874039 -0.042001 7.037587 -0.022510 
122 27.627995 0.000000 11.590882 101.617444 -0.129687 5.680305 -0.035839 
123 18.130872 0.000000 20.432420 100.770483 -0.166588 7.082493 -0.020488 
124 3.885187 0.000000 7.170112 99.706724 -0.200064 7.968214 -0.000496 
125 -0.863375 0.000000 7.170112 99.034013 -0.125561 7.412881 0.013730 
126 8.633748 0.000000 7.170112 99.925277 -0.005802 7.594515 -0.004274 
127 3.885187 0.000000 11.590882 99.783715 -0.031183 7.500842 -0.001305 
128 1.510906 0.000000 0.538958 101.098970 -0.041433 39.793702 -0.180454 
129 -0.863375 0.000000 0.538958 96.497025 -0.035808 7.648198 0.062983 
130 1.510906 0.000000 -1.671426 111.249637 -0.160999 -14.506269 -0.258694 
131 3.885187 0.000000 0.538958 105.213731 -0.005686 30.543701 -0.200285 
132 1.510906 0.000000 2.749343 98.065288 -0.066090 9.592178 0.029119 
133 -19.857621 0.000000 11.590882 99.692286 0.084618 6.995703 0.001250 
134 -29.354744 0.000000 11.590882 99.725195 0.039986 6.992414 0.000599 
135 -19.857621 0.000000 20.432420 99.711330 0.066481 6.999828 0.000865 
136 -5.611936 0.000000 7.170112 99.408172 0.066599 7.110644 0.006745 
137 -10.360498 0.000000 7.170112 99.568962 0.070691 7.012165 0.003685 
138 -5.611936 0.000000 11.590882 99.535710 0.052379 7.112560 0.004205 
139 -3.237656 0.000000 0.538958 98.709942 -0.059402 7.136170 0.020542 
140 -5.611936 0.000000 0.538958 99.202128 0.069901 7.031814 0.010949 
141 -3.237656 0.000000 -1.671426 98.696261 -0.064867 6.987374 0.021022 
142 -3.237656 0.000000 2.749343 98.876181 -0.043021 7.240612 0.017107 
143 -48.348991 0.000000 -209.447580 99.749287 0.000618 6.974369 0.000144 
144 -124.325976 0.000000 -209.447580 99.753183 0.000284 6.975939 0.000064 
145 -48.348991 0.000000 -280.179887 99.751538 0.000459 6.974407 0.000099 
146 27.627995 0.000000 -209.447580 99.745208 0.001135 6.968539 0.000233 
147 -10.360498 0.000000 -103.349118 99.730817 0.003191 6.969431 0.000519 
148 -48.348991 0.000000 -103.349118 99.743548 0.001417 6.975753 0.000256 
149 -10.360498 0.000000 -138.715272 99.738605 0.001773 6.970434 0.000362 
150 27.627995 0.000000 -103.349118 99.712299 0.004809 6.949735 0.000916 
151 8.633748 0.000000 -50.299888 99.692028 0.027285 6.927640 0.001351 
152 -10.360498 0.000000 -50.299888 99.704647 0.037867 6.958799 0.001056 
153 8.633748 0.000000 -67.982965 99.709042 0.028405 6.947569 0.000984 
154 27.627995 0.000000 -50.299888 99.647095 -0.010529 6.874624 0.002320 
155 -0.863375 0.000000 -23.775272 99.656569 0.087979 6.860255 0.002150 
156 -10.360498 0.000000 -23.775272 99.665362 0.139061 6.920196 0.001891 
157 -0.863375 0.000000 -32.616811 99.694581 0.136313 6.888965 0.001351 
158 8.633748 0.000000 -23.775272 99.480599 -0.111657 6.851121 0.005666 
159 3.885187 0.000000 -10.512965 99.545740 -0.122251 6.608158 0.004696 
160 -0.863375 0.000000 -10.512965 99.349930 0.080634 6.636924 0.008554 
161 3.885187 0.000000 -14.933734 99.662758 -0.077076 6.678407 0.002273 
162 8.633748 0.000000 -10.512965 99.359614 -0.085681 6.737079 0.008227 
163 1.510906 0.000000 -3.881811 98.242376 -0.036785 4.606539 0.032721 
164 -0.863375 0.000000 -3.881811 97.936002 -0.050467 6.308633 0.036874 
165 1.510906 0.000000 -6.092195 98.919602 -0.034593 5.887031 0.018025 
166 3.885187 0.000000 -3.881811 99.960698 -0.090738 4.574246 -0.001307 
167 0.323766 0.000000 -0.566234 95.363010 -0.085602 30.560514 -0.002806 
168 -0.863375 0.000000 -0.566234 95.919451 -0.033824 7.109883 0.074891 
169 0.323766 0.000000 -1.671426 92.121025 -0.050745 2.150446 0.150909 
170 1.510906 0.000000 -0.566234 106.045657 -0.065385 12.049154 -0.139087 
171 0.323766 0.000000 0.538958 92.822594 -0.041544 10.790623 0.126753 
172 -5.611936 0.000000 -10.512965 99.436222 0.064324 6.878244 0.006512 
173 -10.360498 0.000000 -10.512965 99.566945 0.124089 6.907962 0.003869 
174 -5.611936 0.000000 -14.933734 99.547472 0.139262 6.857802 0.004325 
175 -3.237656 0.000000 -3.881811 98.838276 -0.065166 6.878142 0.018368 
176 -5.611936 0.000000 -3.881811 99.238137 0.095250 6.921395 0.010388 
177 -3.237656 0.000000 -6.092195 98.972713 -0.081797 6.859651 0.015734 
178 0.323766 0.000000 -2.776618 96.145643 -0.047929 4.633477 0.073454 
179 -0.863375 0.000000 -2.776618 97.248061 -0.036492 6.304646 0.050306 
180 0.323766 0.000000 -3.881811 97.604547 -0.034088 5.464307 0.044349 
181 1.510906 0.000000 -2.776618 97.542300 -0.056578 2.822793 0.047753 
182 13.382310 0.000000 -1.671426 107.452958 -0.013899 4.440619 -0.156586 
183 13.382310 0.000000 -6.092195 99.038874 -0.071513 6.323866 0.015131 
184 18.130872 0.000000 -1.671426 102.570541 0.032147 3.057538 -0.053007 
185 13.382310 0.000000 2.749343 110.601578 -0.050673 15.452227 -0.247148 
186 6.259468 0.000000 0.538958 -61.806128 -0.026923 -3.418066 0.616832 
187 6.259468 0.000000 -1.671426 105.858328 -0.070906 1.103009 -0.120721 
188 8.633748 0.000000 0.538958 -33.813547 -0.018094 0.115479 0.885663 
189 6.259468 0.000000 2.749343 102.067992 -0.080009 8.085871 -0.048326 
190 2.698046 0.000000 -0.566234 111.392259 -0.182817 -7.079939 -0.245839 
191 2.698046 0.000000 -1.671426 111.515570 -0.172098 -7.286155 -0.248884 
192 3.885187 0.000000 -0.566234 -67.050840 0.020828 -1.547186 0.550179 
193 2.698046 0.000000 0.538958 103.634071 -0.039142 34.876508 -0.195639 
194 0.917336 0.000000 -1.118830 111.601895 -0.070240 -19.509724 -0.283562 
195 0.323766 0.000000 -1.118830 99.557636 -0.054467 -3.075919 0.007881 
196 0.917336 0.000000 -1.671426 112.583095 -0.140266 -24.589254 -0.327960 
197 1.510906 0.000000 -1.118830 111.217413 -0.987106 -16.037024 -0.262747 
198 0.917336 0.000000 -0.566234 103.822706 -0.062367 21.905647 -0.125902 
199 1.510906 0.000000 4.959728 98.960834 -0.043263 8.307096 0.013774 
200 -0.863375 0.000000 4.959728 98.774396 -0.027305 7.643774 0.018519 
201 3.885187 0.000000 4.959728 99.911174 -0.060465 8.525530 -0.005493 
202 1.510906 0.000000 7.170112 99.331726 -0.035652 7.819353 0.007206 
203 0.323766 0.000000 1.644151 96.241869 -0.039033 9.311062 0.065081 
204 -0.863375 0.000000 1.644151 97.345771 -0.030228 7.823437 0.046259 
205 1.510906 0.000000 1.644151 97.063960 -0.059858 11.344675 0.044988 
206 0.323766 0.000000 2.749343 97.626200 -0.041711 8.622068 0.039478 
207 0.917336 0.000000 -0.013638 101.837894 -0.057862 44.618282 -0.236175 
208 0.323766 0.000000 -0.013638 96.943611 -0.012872 50.834876 -0.198225 
209 1.510906 0.000000 -0.013638 101.260764 -0.056634 40.655799 -0.190664 
210 0.917336 0.000000 0.538958 100.524332 -0.008870 43.306060 -0.198056 
211 6.259468 0.000000 -3.881811 100.661089 -0.055273 5.457821 -0.016245 
212 6.259468 0.000000 -6.092195 99.967884 -0.040013 6.149949 -0.003140 
213 8.633748 0.000000 -3.881811 99.736265 -0.146950 6.119087 0.001521 
214 2.698046 0.000000 -2.776618 99.329095 -0.085925 2.515209 0.012740 
215 2.698046 0.000000 -3.881811 99.223407 -0.053931 4.371074 0.013561 
216 3.885187 0.000000 -2.776618 100.610234 -0.087251 3.129864 -0.013222 
217 5.072327 0.000000 -0.566234 108.520130 -0.117456 0.334585 -0.177674 
218 5.072327 0.000000 -1.671426 109.022947 -0.601507 0.405825 -0.188653 
219 6.259468 0.000000 -0.566234 106.215306 -0.085090 0.310312 -0.128179 
220 5.072327 0.000000 0.538958 105.584315 -0.037124 25.685431 -0.180779 
221 3.291617 0.000000 -1.118830 111.303842 -0.151775 -4.356412 -0.240755 
222 2.698046 0.000000 -1.118830 111.410000 -0.154196 -6.543472 -0.245503 
223 3.291617 0.000000 -1.671426 111.257195 -0.158244 -4.307185 -0.239674 
224 3.885187 0.000000 -1.118830 110.752979 -0.146687 -2.202902 -0.227110 
225 3.291617 0.000000 -0.566234 111.199709 -0.170115 -3.515542 -0.237776 
226 2.698046 0.000000 1.644151 99.548288 -0.108042 11.827528 -0.004976 
227 3.885187 0.000000 1.644151 105.639718 -0.017193 29.121350 -0.200780 
228 2.698046 0.000000 2.749343 99.065154 -0.112936 10.132900 0.008341 
229 13.382310 0.000000 7.170112 100.441805 0.040201 8.008352 -0.015269 
230 18.130872 0.000000 7.170112 101.705140 0.108891 6.520704 -0.038647 
231 13.382310 0.000000 11.590882 100.237682 -0.037981 7.378591 -0.010204 
232 6.259468 0.000000 4.959728 100.506893 -0.092799 7.967467 -0.016512 
233 8.633748 0.000000 4.959728 99.770222 -0.088045 7.663602 -0.001284 
234 6.259468 0.000000 7.170112 99.987875 -0.258703 7.702623 -0.005697 
235 5.072327 0.000000 1.644151 104.845411 -0.058993 25.266617 -0.163097 
236 6.259468 0.000000 1.644151 103.116990 -0.042192 21.164162 -0.108104 
237 5.072327 0.000000 2.749343 101.481404 -0.081971 9.841201 -0.039533 
238 3.291617 0.000000 1.091555 104.921854 -0.017168 31.455034 -0.199801 
239 2.698046 0.000000 1.091555 104.142718 -0.016522 33.877576 -0.199340 
240 3.291617 0.000000 0.538958 104.859353 0.539116 31.517865 -0.198915 
241 3.885187 0.000000 1.091555 105.379846 -0.018069 29.871875 -0.199724 
242 3.291617 0.000000 1.644151 99.729097 -0.070939 14.076852 -0.014406 
243 5.072327 0.000000 -2.776618 100.769457 -0.060447 3.774315 -0.016873 
244 5.072327 0.000000 -3.881811 100.436062 -0.051853 4.908905 -0.011150 
245 6.259468 0.000000 -2.776618 101.383181 -0.060030 4.307939 -0.029711 
246 11.008029 0.000000 0.538958 -38.624580 -0.016733 0.160643 0.850812 
247 11.008029 0.000000 -1.671426 109.724497 -0.011725 4.556485 -0.206023 
248 13.382310 0.000000 0.538958 -47.113925 -0.072514 0.478050 0.778004 
249 11.008029 0.000000 2.749343 111.715595 -0.072077 17.549889 -0.278838 
250 7.446608 0.000000 -0.566234 108.144993 -0.045845 3.782850 -0.170965 
251 7.446608 0.000000 -1.671426 106.936186 -0.044340 2.563126 -0.144192 
252 8.633748 0.000000 -0.566234 109.297769 -0.010448 4.403739 -0.196540 
253 7.446608 0.000000 0.538958 -43.107813 0.010533 -1.592340 0.813918 
254 5.665897 0.000000 -1.118830 107.453149 -0.102831 0.922994 -0.154704 
255 5.072327 0.000000 -1.118830 109.208862 0.247134 0.239034 -0.192669 
256 5.665897 0.000000 -1.671426 107.454015 -0.100044 0.929802 -0.154724 
257 6.259468 0.000000 -1.118830 105.863000 -0.071692 1.127613 -0.120825 
258 5.665897 0.000000 -0.566234 -66.966423 -0.005610 -2.135552 0.551094 
259 4.478757 0.000000 1.091555 105.432169 -0.038975 27.789061 -0.188818 
260 4.478757 0.000000 0.538958 105.543088 -0.015349 28.522743 -0.195289 
261 5.072327 0.000000 1.091555 104.930755 -0.056093 25.445687 -0.165795 
262 4.478757 0.000000 1.644151 105.488277 -0.039219 26.731595 -0.184236 
263 7.446608 0.000000 1.644151 106.155380 -0.051278 19.368676 -0.164411 
264 8.633748 0.000000 1.644151 108.694465 -0.047765 15.922199 -0.206801 
265 7.446608 0.000000 2.749343 106.754625 -0.065394 20.138310 -0.180211 
266 5.665897 0.000000 1.091555 104.346490 -0.055555 23.904402 -0.145961 
267 5.665897 0.000000 0.538958 -55.912011 -0.008402 -3.125046 0.686408 
268 6.259468 0.000000 1.091555 103.438607 -0.042001 21.206702 -0.114927 
269 5.665897 0.000000 1.644151 103.661175 -0.056144 22.499252 -0.125186 
270 18.130872 0.000000 -23.775272 99.184863 -0.127041 6.772429 0.011648 
271 18.130872 0.000000 -32.616811 99.686868 0.148075 6.764963 0.001674 
272 27.627995 0.000000 -23.775272 99.220945 0.072336 6.503469 0.011290 
273 13.382310 0.000000 -10.512965 99.074842 -0.140045 6.702395 0.013923 
274 13.382310 0.000000 -14.933734 99.664205 -0.022484 6.710609 0.002201 
275 18.130872 0.000000 -10.512965 98.454220 0.020390 6.378854 0.026608 
276 11.008029 0.000000 -3.881811 99.203912 -0.004451 5.967876 0.012297 
277 11.008029 0.000000 -6.092195 99.287492 -0.023369 6.422301 0.010075 
278 13.382310 0.000000 -3.881811 98.928663 -0.040257 5.624283 0.018149 
279 7.446608 0.000000 -2.776618 100.944732 -0.119391 5.940350 -0.022514 
280 7.446608 0.000000 -3.881811 100.267035 -0.112316 6.071841 -0.009036 
281 8.633748 0.000000 -2.776618 99.862744 -0.090092 6.140871 -0.001029 
282 6.853038 0.000000 -1.118830 105.229711 -0.049991 1.521554 -0.107561 
283 6.853038 0.000000 -1.671426 105.231147 -0.049955 1.475048 -0.107577 
284 7.446608 0.000000 -1.118830 106.563203 -0.043331 2.690604 -0.136296 
285 6.853038 0.000000 -0.566234 104.879299 -0.029775 1.209862 -0.100113 
286 9.820889 0.000000 -0.566234 109.740743 -0.032689 4.984903 -0.206788 
287 9.820889 0.000000 -1.671426 109.405220 -0.027988 4.358980 -0.198850 
288 11.008029 0.000000 -0.566234 110.164848 0.003614 4.757734 -0.215893 
289 9.820889 0.000000 0.538958 -33.571376 -0.014456 0.162837 0.887294 
290 9.820889 0.000000 -2.776618 99.777781 -0.082314 6.087902 0.000733 
291 9.820889 0.000000 -3.881811 99.411052 -0.105090 6.083953 0.008042 
292 11.008029 0.000000 -2.776618 100.008670 -0.040180 5.701870 -0.003425 
293 37.125118 0.000000 -6.092195 99.521375 0.030435 4.076438 0.007888 
294 37.125118 0.000000 -14.933734 98.906580 0.280867 5.352825 0.018876 
295 46.622241 0.000000 -6.092195 98.404708 0.005874 4.913139 0.029237 
296 37.125118 0.000000 2.749343 101.835887 -0.046825 -0.202806 -0.037059 
297 22.879433 0.000000 -1.671426 95.535355 -0.033612 -0.120104 0.087298 
298 22.879433 0.000000 -6.092195 96.299064 -0.002410 3.312491 0.071552 
299 27.627995 0.000000 -1.671426 103.093624 -0.074931 -3.052403 -0.063762 
300 22.879433 0.000000 2.749343 100.627466 -0.006331 -8.601712 -0.019988 
301 15.756591 0.000000 0.538958 -70.619754 0.215419 0.748981 0.501224 
302 15.756591 0.000000 -1.671426 96.861552 -0.054025 3.053323 0.060851 
303 18.130872 0.000000 0.538958 92.785860 0.038317 -0.244046 0.139072 
304 15.756591 0.000000 2.749343 104.331580 -0.028217 13.058810 -0.105561 
305 12.195170 0.000000 -0.566234 109.434380 0.008184 4.577255 -0.199683 
306 12.195170 0.000000 -1.671426 109.443309 0.004327 4.574392 -0.199876 
307 13.382310 0.000000 -0.566234 107.003926 -0.009634 4.427951 -0.146945 
308 12.195170 0.000000 0.538958 -38.824754 -0.063388 0.624696 0.849224 
309 10.414459 0.000000 -1.118830 109.717774 -0.032788 4.763539 -0.206068 
310 9.820889 0.000000 -1.118830 109.539882 -0.031376 4.571094 -0.201988 
311 10.414459 0.000000 -1.671426 109.522168 -0.031066 4.559949 -0.201590 
312 11.008029 0.000000 -1.118830 109.961704 -0.008441 4.619642 -0.211292 
313 10.414459 0.000000 -0.566234 109.788453 -0.037928 5.172550 -0.208026 
314 15.756591 0.000000 -3.881811 99.164125 -0.005067 5.828291 0.013251 
315 15.756591 0.000000 -6.092195 98.709606 0.059565 6.401631 0.021543 
316 18.130872 0.000000 -3.881811 96.676595 -0.027651 5.670892 0.062148 
317 12.195170 0.000000 -2.776618 99.665809 -0.009556 5.106860 0.004065 
318 12.195170 0.000000 -3.881811 98.998355 -0.000260 5.803337 0.016565 
319 13.382310 0.000000 -2.776618 99.377004 -0.010506 4.534209 0.010365 
320 10.414459 0.000000 -2.224022 109.501045 -0.038386 4.343373 -0.200935 
321 9.820889 0.000000 -2.224022 109.457144 -0.026291 4.113425 -0.199779 
322 10.414459 0.000000 -2.776618 98.432884 -0.031226 4.837251 0.028757 
323 11.008029 0.000000 -2.224022 109.755531 -0.014427 4.453871 -0.206611 
324 11.601599 0.000000 -1.118830 110.026315 0.007045 4.660492 -0.212751 
325 11.601599 0.000000 -1.671426 109.963670 0.012905 4.590616 -0.211308 
326 12.195170 0.000000 -1.118830 109.438896 0.002574 4.572287 -0.199778 
327 11.601599 0.000000 -0.566234 110.550684 0.020860 4.798354 -0.224448 
328 10.711244 0.000000 -1.395128 109.682601 -0.017430 4.541328 -0.205090 
329 10.414459 0.000000 -1.395128 109.630524 -0.358849 4.587709 -0.204003 
330 10.711244 0.000000 -1.671426 109.682781 -0.015791 4.551234 -0.205103 
331 11.008029 0.000000 -1.395128 109.731011 -0.012994 4.546931 -0.206157 
332 10.711244 0.000000 -1.118830 109.782559 -0.021130 4.734645 -0.207463 
333 11.008029 0.000000 4.959728 99.448639 -0.018018 8.143149 0.004366 
334 13.382310 0.000000 4.959728 100.420877 -0.037374 8.860839 -0.016287 
335 11.008029 0.000000 7.170112 99.875282 -0.012179 7.796775 -0.003586 
336 9.820889 0.000000 1.644151 109.412272 -0.052404 15.248211 -0.220356 
337 11.008029 0.000000 1.644151 110.116481 -0.043599 14.618373 -0.233934 
338 9.820889 0.000000 2.749343 110.519342 -0.075094 17.312358 -0.251425 
339 9.820889 0.000000 3.854535 98.300822 -0.074276 8.100903 0.027132 
340 8.633748 0.000000 3.854535 99.262874 -0.094088 7.871631 0.008491 
341 11.008029 0.000000 3.854535 112.396881 -0.082767 18.159825 -0.296284 
342 9.820889 0.000000 4.959728 99.545919 -0.033538 7.901002 0.002818 
343 9.227319 0.000000 2.196747 109.882474 -0.067681 18.057411 -0.240023 
344 8.633748 0.000000 2.196747 109.480590 -0.079011 18.915830 -0.234381 
345 9.227319 0.000000 1.644151 109.798718 -0.075258 17.772164 -0.237161 
346 9.820889 0.000000 2.196747 110.352843 -0.079180 18.109679 -0.250572 
347 9.227319 0.000000 2.749343 109.877802 -0.071902 17.822730 -0.239079 
348 12.195170 0.000000 1.644151 109.791609 -0.025577 13.363753 -0.223279 
349 13.382310 0.000000 1.644151 -55.562707 -0.056474 1.023074 0.691174 
350 12.195170 0.000000 2.749343 111.877467 -0.060057 16.500797 -0.278885 
351 10.414459 0.000000 2.196747 111.161462 -0.070488 17.293439 -0.265594 
352 10.414459 0.000000 1.644151 110.448540 -0.061126 15.818668 -0.244911 
353 11.008029 0.000000 2.196747 110.829234 -0.057613 16.175662 -0.254477 
354 10.414459 0.000000 2.749343 111.195064 -0.069285 17.274784 -0.266277 
355 7.446608 0.000000 3.854535 100.221265 -0.010622 7.577798 -0.010173 
356 6.259468 0.000000 3.854535 101.051777 -0.073336 8.096351 -0.027702 
357 7.446608 0.000000 4.959728 100.143729 -0.077805 7.669301 -0.008759 
358 9.227319 0.000000 3.301939 110.926373 -0.096116 18.799409 -0.265809 
359 8.633748 0.000000 3.301939 109.365023 -0.085897 19.506556 -0.234122 
360 9.820889 0.000000 3.301939 110.926373 -0.096116 18.799409 -0.265809 
361 9.227319 0.000000 3.854535 100.040307 -0.105910 7.837056 -0.006949 
362 9.524104 0.000000 2.473045 110.015611 -0.072428 17.890267 -0.242350 
363 9.227319 0.000000 2.473045 109.883292 -0.070033 17.945681 -0.239639 
364 9.524104 0.000000 2.196747 109.993462 -0.071301 17.928236 -0.241999 
365 9.820889 0.000000 2.473045 110.481461 -0.083063 18.273339 -0.254008 
366 9.524104 0.000000 2.749343 110.227254 -0.075119 17.547792 -0.245798 
367 37.125118 0.000000 11.590882 101.004857 -0.437749 4.266017 -0.022037 
368 46.622241 0.000000 11.590882 100.030302 -0.168909 4.042537 -0.002243 
369 37.125118 0.000000 20.432420 100.855179 0.015729 5.725671 -0.020455 
370 22.879433 0.000000 7.170112 102.536578 -0.008497 5.315323 -0.054200 
371 27.627995 0.000000 7.170112 102.316887 -0.078763 4.189928 -0.048631 
372 22.879433 0.000000 11.590882 101.122860 -0.023305 6.448273 -0.026741 
373 15.756591 0.000000 4.959728 104.055267 0.008645 8.254014 -0.089563 
374 18.130872 0.000000 4.959728 115.166547 -0.035228 2.290635 -0.326858 
375 15.756591 0.000000 7.170112 101.539853 -0.047975 7.486251 -0.036639 
376 12.195170 0.000000 3.854535 112.328248 -0.079168 17.255855 -0.291541 
377 13.382310 0.000000 3.854535 110.936039 -0.069275 16.532748 -0.258014 
378 12.195170 0.000000 4.959728 99.629709 -0.020376 8.479061 0.000203 
379 14.569450 0.000000 -0.566234 102.543453 -0.024074 4.097522 -0.053195 
380 14.569450 0.000000 -1.671426 102.504556 -0.044565 3.938741 -0.052270 
381 15.756591 0.000000 -0.566234 97.245007 -0.046978 2.936595 0.053478 
382 14.569450 0.000000 0.538958 -58.155884 0.217205 0.236486 0.661779 
383 14.569450 0.000000 -2.776618 99.461144 -0.000605 4.344118 0.008861 
384 14.569450 0.000000 -3.881811 99.107597 -0.003603 5.516217 0.014726 
385 15.756591 0.000000 -2.776618 100.161677 0.016010 4.926740 -0.005663 
386 20.505152 0.000000 0.538958 111.676573 0.020932 1.841318 -0.247505 
387 20.505152 0.000000 -1.671426 98.105104 0.002537 3.098616 0.036579 
388 22.879433 0.000000 0.538958 118.669619 -0.016201 2.071741 -0.408677 
389 20.505152 0.000000 2.749343 110.009545 -0.028115 -4.321282 -0.212077 
390 16.943731 0.000000 -0.566234 100.501815 -0.013933 2.831949 -0.010863 
391 16.943731 0.000000 -1.671426 99.565932 -0.017451 2.546709 0.008014 
392 18.130872 0.000000 -0.566234 102.118480 0.019730 3.415229 -0.043985 
393 16.943731 0.000000 0.538958 84.664320 0.041412 -2.165252 0.282726 
394 15.163021 0.000000 -1.118830 100.170164 -0.042937 3.712936 -0.004785 
395 14.569450 0.000000 -1.118830 102.548366 -0.030169 4.058190 -0.053264 
396 15.163021 0.000000 -1.671426 98.620568 -0.055678 3.383134 0.026253 
397 15.756591 0.000000 -1.118830 96.874379 -0.048799 2.917060 0.060684 
398 15.163021 0.000000 -0.566234 99.874074 -0.034193 3.735795 0.001121 
399 14.569450 0.000000 3.854535 107.850497 -0.034194 15.272766 -0.186499 
400 14.569450 0.000000 2.749343 108.143468 -0.031469 14.703940 -0.191122 
401 15.756591 0.000000 3.854535 102.871275 -0.029246 12.974349 -0.075083 
402 14.569450 0.000000 4.959728 101.692107 -0.006159 9.083601 -0.042380 
403 20.505152 0.000000 4.959728 101.536108 0.025163 4.854039 -0.033314 
404 22.879433 0.000000 4.959728 104.212229 0.025440 2.817939 -0.086813 
405 20.505152 0.000000 7.170112 101.834956 0.159969 6.189469 -0.040869 
406 16.943731 0.000000 3.854535 111.422426 -0.053878 8.820527 -0.249276 
407 16.943731 0.000000 2.749343 110.030451 -0.046413 8.880629 -0.218557 
408 18.130872 0.000000 3.854535 114.918171 -0.036848 2.446464 -0.321217 
409 16.943731 0.000000 4.959728 102.288578 0.009691 6.255774 -0.050209 
410 22.879433 0.000000 -10.512965 97.740933 0.137657 5.356529 0.041800 
411 22.879433 0.000000 -14.933734 98.355729 -0.111519 6.212489 0.028754 
412 27.627995 0.000000 -10.512965 98.509048 0.010624 4.885635 0.027210 
413 20.505152 0.000000 -3.881811 94.443481 -0.017981 3.796326 0.106602 
414 20.505152 0.000000 -6.092195 96.263579 0.080716 4.975221 0.070856 
415 22.879433 0.000000 -3.881811 94.708371 0.040838 1.668709 0.102754 
416 19.318012 0.000000 -0.566234 101.056651 0.012175 3.579749 -0.022526 
417 19.318012 0.000000 -1.671426 101.924875 0.018135 3.175680 -0.039877 
418 20.505152 0.000000 -0.566234 100.615316 0.005900 3.214395 -0.013377 
419 19.318012 0.000000 0.538958 103.082026 0.034394 2.191582 -0.063071 
420 19.318012 0.000000 3.854535 114.178377 -0.036788 -1.943561 -0.304048 
421 19.318012 0.000000 2.749343 113.452214 -0.033031 -1.468002 -0.287356 
422 20.505152 0.000000 3.854535 110.961568 -0.032391 -4.917150 -0.233665 
423 19.318012 0.000000 4.959728 114.337609 -0.037341 -2.528824 -0.307949 
424 32.376556 0.000000 -1.671426 98.952608 -0.048149 -1.753108 0.020531 
425 32.376556 0.000000 -6.092195 98.836839 0.033936 3.085645 0.022176 
426 37.125118 0.000000 -1.671426 102.755180 -0.008222 3.128568 -0.056841 
427 32.376556 0.000000 2.749343 100.697043 0.125897 0.257735 -0.013998 
428 25.253714 0.000000 0.538958 109.604154 -0.009674 0.789323 -0.201369 
429 25.253714 0.000000 -1.671426 99.720516 -0.044303 -2.185866 0.005104 
430 27.627995 0.000000 0.538958 107.711846 -0.015850 -0.342672 -0.160196 
431 25.253714 0.000000 2.749343 106.996004 -0.055884 -8.613072 -0.152233 
432 21.692293 0.000000 -0.566234 93.434859 -0.003149 2.420173 0.126407 
433 21.692293 0.000000 -1.671426 93.197520 -0.003757 2.328335 0.130880 
434 22.879433 0.000000 -0.566234 96.536872 -0.031530 0.389672 0.068048 
435 21.692293 0.000000 0.538958 123.968492 -0.015035 2.705553 -0.537551 
436 25.253714 0.000000 -3.881811 97.951258 0.035364 0.495023 0.040530 
437 25.253714 0.000000 -6.092195 97.741908 0.033632 2.324025 0.044112 
438 27.627995 0.000000 -3.881811 99.194716 -0.004734 1.067028 0.015927 
439 21.692293 0.000000 -2.776618 93.540600 -0.009543 1.206609 0.124870 
440 20.505152 0.000000 -2.776618 92.957884 -0.021059 2.652071 0.135180 
441 21.692293 0.000000 -3.881811 94.177028 -0.010057 2.584774 0.112401 
442 22.879433 0.000000 -2.776618 94.145769 0.044718 1.762189 0.113347 
443 21.098722 0.000000 -1.118830 95.775207 0.003365 2.864098 0.081891 
444 20.505152 0.000000 -1.118830 97.820591 -0.000181 3.366785 0.041980 
445 21.098722 0.000000 -1.671426 94.886862 0.005345 2.881902 0.098818 
446 21.692293 0.000000 -1.118830 92.916771 0.001780 2.501489 0.136022 
447 21.098722 0.000000 -0.566234 96.371368 0.002666 2.880402 0.070426 
448 19.318012 0.000000 -2.776618 94.051459 -0.014535 4.173948 0.113690 
449 18.130872 0.000000 -2.776618 95.382842 -0.061031 5.143846 0.087565 
450 19.318012 0.000000 -3.881811 95.472162 -0.096367 4.918679 0.086086 
451 21.098722 0.000000 -2.224022 92.996457 -0.006876 -0.152316 0.135164 
452 20.505152 0.000000 -2.224022 97.968276 -0.003737 3.141795 0.039235 
453 21.098722 0.000000 -2.776618 92.980221 -0.006714 1.597539 0.135213 
454 21.692293 0.000000 -2.224022 93.272473 0.016142 -0.395915 0.130009 
455 24.066573 0.000000 -0.566234 99.993821 -0.040546 -1.058001 0.000011 
456 24.066573 0.000000 -1.671426 97.027319 -0.042281 -1.712076 0.058277 
457 25.253714 0.000000 -0.566234 100.917066 -0.038154 -1.814279 -0.018755 
458 24.066573 0.000000 0.538958 113.973080 -0.010222 1.343462 -0.299167 
459 22.285863 0.000000 -1.118830 89.652446 -0.019200 1.387642 0.196051 
460 22.285863 0.000000 -1.671426 92.688334 -0.017346 1.511879 0.140659 
461 22.879433 0.000000 -1.118830 93.229088 -0.030978 -0.175211 0.130831 
462 22.285863 0.000000 -0.566234 94.537482 -0.018085 1.422822 0.106064 
463 21.395508 0.000000 -1.395128 93.860793 0.000776 2.576421 0.118351 
464 21.098722 0.000000 -1.395128 95.944520 0.003136 2.869366 0.078642 
465 21.395508 0.000000 -1.671426 92.844893 0.004732 2.703217 0.137252 
466 21.692293 0.000000 -1.395128 93.033801 0.000055 2.451584 0.133870 
467 21.395508 0.000000 -1.118830 93.429324 0.003118 2.583233 0.126429 
468 19.911582 0.000000 -1.118830 100.194101 0.006166 3.477627 -0.005095 
469 19.318012 0.000000 -1.118830 101.305747 0.012477 3.418307 -0.027454 
470 19.911582 0.000000 -1.671426 99.873285 0.003491 3.197219 0.001510 
471 19.911582 0.000000 -0.566234 100.234885 0.006881 3.537905 -0.005955 
472 20.801937 0.000000 -1.395128 97.370942 0.000922 3.067657 0.050949 
473 20.505152 0.000000 -1.395128 98.051908 0.001328 3.105320 0.037618 
474 20.801937 0.000000 -1.671426 96.344833 0.001048 3.004871 0.070864 
475 20.801937 0.000000 -1.118830 98.375785 0.001464 3.086215 0.031268 
476 21.692293 0.000000 1.644151 125.336922 -0.009208 4.187056 -0.572688 
477 20.505152 0.000000 1.644151 113.113853 0.014739 3.091081 -0.280430 
478 22.879433 0.000000 1.644151 123.795282 -0.015773 2.518030 -0.533161 
479 21.692293 0.000000 2.749343 100.899368 0.003388 -6.569429 -0.022384 
480 21.098722 0.000000 -0.013638 105.320249 0.012988 2.349286 -0.109787 
481 20.505152 0.000000 -0.013638 111.698404 0.020894 1.841638 -0.247993 
482 21.692293 0.000000 -0.013638 105.712683 -0.007482 2.510262 -0.118147 
483 21.098722 0.000000 0.538958 112.869714 0.018546 1.964543 -0.274343 
484 21.395508 0.000000 -0.842532 93.911179 -0.000174 2.569367 0.117409 
485 21.098722 0.000000 -0.842532 95.914075 0.003155 2.867428 0.079227 
486 21.692293 0.000000 -0.842532 92.536317 -0.005141 2.109216 0.143258 
487 21.395508 0.000000 -0.566234 94.374428 -0.001803 2.565628 0.108688 
488 21.247115 0.000000 -1.256979 95.266635 0.004464 2.822014 0.091630 
489 21.098722 0.000000 -1.256979 95.827105 0.003297 2.865820 0.080895 
490 21.247115 0.000000 -1.395128 95.497397 0.004023 2.833308 0.087222 
491 21.395508 0.000000 -1.256979 93.550060 0.002510 2.581681 0.124172 
492 21.247115 0.000000 -1.118830 95.196449 0.004540 2.818862 0.092969 
493 20.801937 0.000000 -0.842532 99.223152 0.002845 3.433082 0.014298 
494 20.505152 0.000000 -0.842532 99.588535 0.003138 3.449290 0.007023 
495 20.801937 0.000000 -0.566234 99.662935 0.003464 3.493450 0.005510 
496 20.950330 0.000000 -1.256979 97.918516 0.002804 3.030195 0.040278 
497 20.801937 0.000000 -1.256979 98.427451 0.001433 3.088760 0.030250 
498 20.950330 0.000000 -1.395128 95.305339 0.004112 2.917197 0.090838 
499 20.950330 0.000000 -1.118830 96.265791 0.002328 2.907589 0.072444 
500 21.247115 0.000000 -0.980681 94.220223 0.000436 2.619673 0.111569 
501 21.098722 0.000000 -0.980681 95.803842 0.003311 2.864679 0.081342 
502 21.395508 0.000000 -0.980681 93.675508 0.001303 2.575704 0.121826 
503 21.247115 0.000000 -0.842532 94.349493 -0.000203 2.617046 0.109132 
504 21.172919 0.000000 -1.187905 95.519945 0.003901 2.842779 0.086786 
505 21.098722 0.000000 -1.187905 95.791585 0.003346 2.864683 0.081577 
506 21.172919 0.000000 -1.256979 95.564508 0.003837 2.844572 0.085933 
507 21.247115 0.000000 -1.187905 95.204333 0.004568 2.819022 0.092819 
508 21.172919 0.000000 -1.118830 95.507783 0.003898 2.842475 0.087018 
509 32.376556 0.000000 7.170112 102.053272 -0.087102 3.528821 -0.042733 
510 37.125118 0.000000 7.170112 101.284514 0.123758 3.077675 -0.026804 
511 32.376556 0.000000 11.590882 101.724272 -0.354356 4.808713 -0.037108 
512 25.253714 0.000000 4.959728 102.719335 -0.103875 2.310399 -0.055661 
513 27.627995 0.000000 4.959728 102.728281 -0.050545 2.273900 -0.055827 
514 25.253714 0.000000 7.170112 102.303872 0.020910 4.609370 -0.048733 
515 21.692293 0.000000 3.854535 102.231330 0.000020 -6.509661 -0.049362 
516 22.879433 0.000000 3.854535 101.342247 -0.006418 -8.988267 -0.035104 
517 21.692293 0.000000 4.959728 103.869536 -0.004715 5.164149 -0.081555 
518 24.066573 0.000000 -2.776618 95.434877 0.070938 1.501858 0.088992 
519 24.066573 0.000000 -3.881811 95.912102 0.056831 1.158895 0.079952 
520 25.253714 0.000000 -2.776618 98.746281 -0.042879 0.764254 0.024859 
521 22.285863 0.000000 -2.224022 95.389622 0.033459 1.211058 0.089935 
522 22.285863 0.000000 -2.776618 94.261588 0.031177 1.509560 0.111247 
523 22.879433 0.000000 -2.224022 94.192297 0.038526 2.209491 0.112293 
524 21.989078 0.000000 -1.395128 90.328429 -0.011559 1.857157 0.183733 
525 21.989078 0.000000 -1.671426 93.133539 -0.005519 2.279984 0.132095 
526 22.285863 0.000000 -1.395128 91.205056 -0.021509 1.214369 0.168016 
527 21.989078 0.000000 -1.118830 89.102992 -0.012903 1.875597 0.205714 
528 24.066573 0.000000 3.854535 103.060686 -0.042996 -2.192887 -0.062632 
529 24.066573 0.000000 2.749343 105.235500 -0.047195 -8.810677 -0.115214 
530 25.253714 0.000000 3.854535 102.431824 -0.080149 0.244239 -0.049234 
531 24.066573 0.000000 4.959728 103.008773 0.033799 2.376092 -0.061645 
532 22.285863 0.000000 3.301939 97.996933 0.015907 -7.747270 0.033658 
533 21.692293 0.000000 3.301939 101.898373 0.000925 -6.507804 -0.042563 
534 22.285863 0.000000 2.749343 98.839117 0.010598 -7.672852 0.017196 
535 22.879433 0.000000 3.301939 101.284216 -0.009277 -8.803989 -0.033600 
536 22.285863 0.000000 3.854535 98.852172 0.010441 -7.584152 0.017073 
537 21.098722 0.000000 3.301939 105.841606 -0.014069 -6.006270 -0.123852 
538 20.505152 0.000000 3.301939 110.542692 -0.030081 -4.413465 -0.223917 
539 21.098722 0.000000 2.749343 105.455773 -0.013876 -5.934416 -0.115614 
540 21.098722 0.000000 3.854535 107.724151 -0.020159 -5.939519 -0.163977 
541 -48.348991 0.000000 214.946266 99.764109 0.000000 6.975361 -0.000153 
542 -124.325976 0.000000 214.946266 99.759363 -0.000030 6.976416 -0.000060 
543 27.627995 0.000000 214.946266 99.770275 -0.000189 6.968402 -0.000267 
544 -48.348991 0.000000 285.678573 99.761842 -0.000160 6.974798 -0.000107 
545 -10.360498 0.000000 108.847804 99.785342 0.002018 6.977327 -0.000580 
546 -48.348991 0.000000 108.847804 99.766415 0.000885 6.979839 -0.000206 
547 27.627995 0.000000 108.847804 99.811955 0.002570 6.951208 -0.001075 
548 -10.360498 0.000000 144.213958 99.777407 0.000775 6.973830 -0.000417 
549 8.633748 0.000000 55.798574 99.861980 -0.000487 6.989199 -0.002126 
550 -10.360498 0.000000 55.798574 99.778204 0.032596 7.000412 -0.000470 
551 27.627995 0.000000 55.798574 99.948288 -0.034054 6.898142 -0.003725 
552 8.633748 0.000000 73.481651 99.827333 0.001522 6.974037 -0.001413 
553 18.130872 0.000000 29.273958 100.216122 0.204686 6.928350 -0.009131 
554 8.633748 0.000000 29.273958 99.999746 0.241816 7.088553 -0.005026 
555 27.627995 0.000000 29.273958 100.517612 0.075840 6.702162 -0.014872 
556 18.130872 0.000000 38.115497 100.120671 -0.007308 6.970484 -0.007274 
557 22.879433 0.000000 16.011651 101.103545 -0.045576 6.634251 -0.026594 
558 18.130872 0.000000 16.011651 100.812876 -0.092883 7.007432 -0.021235 
559 27.627995 0.000000 16.011651 101.279383 -0.163363 6.138980 -0.029523 
560 22.879433 0.000000 20.432420 101.074281 -0.200174 6.785049 -0.026209 
561 20.505152 0.000000 9.380497 101.175782 -0.033249 6.514712 -0.027898 
562 18.130872 0.000000 9.380497 101.067434 0.089267 6.843069 -0.026146 
563 22.879433 0.000000 9.380497 101.711603 0.025197 6.130254 -0.038283 
564 20.505152 0.000000 11.590882 100.697316 0.077688 6.838736 -0.018672 
565 21.692293 0.000000 6.064920 102.872718 -0.016230 5.475881 -0.061278 
566 20.505152 0.000000 6.064920 102.017027 0.015424 5.797320 -0.044108 
567 22.879433 0.000000 6.064920 103.162943 0.014593 4.527428 -0.066309 
568 21.692293 0.000000 7.170112 102.324110 0.032549 5.829940 -0.050421 
569 22.285863 0.000000 4.407132 107.050455 0.012714 2.743524 -0.146733 
570 21.692293 0.000000 4.407132 103.862290 0.009005 5.594194 -0.081867 
571 22.879433 0.000000 4.407132 104.750831 0.032879 1.039677 -0.097382 
572 22.285863 0.000000 4.959728 104.912358 0.028164 3.937164 -0.102211 
573 21.989078 0.000000 3.578237 98.760911 0.007876 -6.613041 0.020255 
574 21.692293 0.000000 3.578237 103.070550 -0.002744 -6.430997 -0.066490 
575 21.989078 0.000000 3.301939 99.041158 0.007639 -6.725969 0.014561 
576 22.285863 0.000000 3.578237 98.296132 0.014237 -7.530077 0.028117 
577 21.989078 0.000000 3.854535 99.903557 0.008069 -6.745652 -0.002622 
578 23.473003 0.000000 -1.118830 96.463824 -0.050982 -0.966272 0.069379 
579 23.473003 0.000000 -1.671426 94.702260 -0.056121 -1.479781 0.102929 
580 24.066573 0.000000 -1.118830 96.049088 -0.046504 -1.679403 0.077175 
581 23.473003 0.000000 -0.566234 98.603580 -0.042823 -0.540850 0.027704 
582 24.066573 0.000000 1.644151 116.417798 -0.016875 1.759900 -0.355620 
583 25.253714 0.000000 1.644151 109.838965 -0.009366 0.794786 -0.206523 
584 23.473003 0.000000 3.301939 103.637229 -0.038710 -8.775035 -0.081768 
585 23.473003 0.000000 2.749343 103.529425 -0.035644 -8.807072 -0.079591 
586 24.066573 0.000000 3.301939 105.130480 -0.047862 -8.791041 -0.112970 
587 23.473003 0.000000 3.854535 103.791953 -0.042374 -8.735491 -0.084908 
588 30.002275 0.000000 0.538958 104.566400 -0.021337 -0.352771 -0.093426 
589 30.002275 0.000000 -1.671426 102.365341 -0.051330 -3.070536 -0.048809 
590 32.376556 0.000000 0.538958 130.189785 -0.012449 0.469111 -0.694960 
591 30.002275 0.000000 2.749343 106.877404 -0.080198 -10.217675 -0.152719 
592 26.440854 0.000000 -0.566234 103.861873 -0.051042 -2.164888 -0.079198 
593 26.440854 0.000000 -1.671426 101.512025 -0.057291 -2.553944 -0.031122 
594 27.627995 0.000000 -0.566234 104.114775 -0.062829 -2.468848 -0.084599 
595 26.440854 0.000000 0.538958 109.692918 -0.014316 -0.118674 -0.203255 
596 103.604980 0.000000 -209.447580 99.748468 0.001517 6.961848 0.000178 
597 103.604980 0.000000 -280.179887 99.751200 0.001017 6.968434 0.000114 
598 179.581965 0.000000 -209.447580 99.753309 0.001723 6.960176 0.000083 
599 65.616487 0.000000 -103.349118 99.722828 0.004328 6.924071 0.000741 
600 65.616487 0.000000 -138.715272 99.735208 0.002619 6.948465 0.000461 
601 103.604980 0.000000 -103.349118 99.741132 0.003894 6.914087 0.000390 
602 46.622241 0.000000 -50.299888 99.645767 -0.028888 6.799788 0.002448 
603 46.622241 0.000000 -67.982965 99.675497 -0.001657 6.877564 0.001749 
604 65.616487 0.000000 -50.299888 99.677544 -0.009615 6.747016 0.001886 
605 37.125118 0.000000 -23.775272 99.321622 -0.206658 6.261382 0.009597 
606 37.125118 0.000000 -32.616811 99.527701 0.381911 6.589666 0.005067 
607 46.622241 0.000000 -23.775272 99.452512 -0.180626 6.156712 0.007126 
608 32.376556 0.000000 -10.512965 99.100706 0.232882 4.805797 0.015590 
609 32.376556 0.000000 -14.933734 98.565171 0.358146 5.440994 0.025517 
610 37.125118 0.000000 -10.512965 99.189359 0.287907 4.708979 0.013921 
611 30.002275 0.000000 -3.881811 100.003253 -0.058707 1.499943 -0.000290 
612 30.002275 0.000000 -6.092195 98.752967 -0.073181 2.945667 0.023917 
613 32.376556 0.000000 -3.881811 98.331928 0.000814 1.666241 0.032806 
614 26.440854 0.000000 -2.776618 96.951178 -0.056395 0.248307 0.060040 
615 26.440854 0.000000 -3.881811 98.118768 0.035493 0.060331 0.037270 
616 27.627995 0.000000 -2.776618 98.162095 -0.007970 0.977565 0.036325 
617 25.847284 0.000000 -1.118830 100.100326 -0.049444 -2.403625 -0.002586 
618 25.253714 0.000000 -1.118830 100.088980 -0.042211 -2.157376 -0.002246 
619 25.847284 0.000000 -1.671426 100.344710 -0.049761 -2.325383 -0.007447 
620 26.440854 0.000000 -1.118830 102.933266 -0.058099 -2.586009 -0.060195 
621 25.847284 0.000000 -0.566234 102.686560 -0.041816 -1.789587 -0.054773 
622 30.002275 0.000000 4.959728 102.299393 -0.123765 2.286486 -0.047041 
623 32.376556 0.000000 4.959728 102.134764 -0.048372 2.568790 -0.043811 
624 30.002275 0.000000 7.170112 102.101808 -0.110052 3.902689 -0.044002 
625 26.440854 0.000000 3.854535 103.061499 -0.088598 -0.289876 -0.062176 
626 26.440854 0.000000 2.749343 108.493935 -0.084762 -9.663651 -0.186433 
627 27.627995 0.000000 3.854535 102.373219 -0.054708 0.258170 -0.048035 
628 26.440854 0.000000 4.959728 102.698796 0.031860 2.326428 -0.055246 
629 26.440854 0.000000 1.644151 109.718458 -0.015561 -0.273730 -0.203822 
630 27.627995 0.000000 1.644151 106.919076 -0.058230 -6.485840 -0.147376 
631 25.847284 0.000000 3.301939 107.759668 -0.071808 -9.312793 -0.169888 
632 25.253714 0.000000 3.301939 107.164627 -0.057201 -9.130952 -0.156763 
633 25.847284 0.000000 2.749343 107.834563 -0.075379 -9.019252 -0.170965 
634 26.440854 0.000000 3.301939 108.369404 -0.083632 -9.577060 -0.183565 
635 25.847284 0.000000 3.854535 101.792722 -0.051759 -0.310842 -0.036186 
636 28.815135 0.000000 -0.566234 103.440103 -0.051342 -2.516139 -0.070619 
637 28.815135 0.000000 -1.671426 103.628137 -0.063086 -3.225828 -0.074920 
638 30.002275 0.000000 -0.566234 102.799659 -0.038971 -2.210778 -0.057266 
639 28.815135 0.000000 0.538958 104.451681 -0.017872 -0.899597 -0.091096 
640 28.815135 0.000000 1.644151 106.586692 -0.057524 -6.904655 -0.140840 
641 30.002275 0.000000 1.644151 105.374682 -0.060820 -7.856653 -0.116555 
642 28.815135 0.000000 2.749343 107.993309 -0.074355 -9.596840 -0.175466 
643 28.815135 0.000000 -2.776618 103.331160 -0.073083 0.980164 -0.067829 
644 28.815135 0.000000 -3.881811 101.029109 -0.101111 1.535389 -0.020925 
645 30.002275 0.000000 -2.776618 101.616471 -0.077510 0.908138 -0.032674 
646 255.558951 0.000000 -67.982965 99.762420 0.005111 6.870427 0.000026 
647 255.558951 0.000000 -138.715272 99.756842 0.002737 6.943888 0.000035 
648 331.535936 0.000000 -67.982965 99.762312 0.004821 6.882691 0.000011 
649 255.558951 0.000000 2.749343 99.890076 0.009495 5.055997 -0.000359 
650 141.593473 0.000000 -32.616811 99.777755 0.009638 6.559664 0.000137 
651 141.593473 0.000000 -67.982965 99.756242 0.005720 6.846199 0.000182 
652 179.581965 0.000000 -32.616811 99.778994 0.009029 6.605810 0.000052 
653 141.593473 0.000000 2.749343 99.953451 0.014809 4.094784 -0.000746 
654 84.610734 0.000000 -14.933734 99.793505 -0.023727 5.654662 0.000928 
655 84.610734 0.000000 -32.616811 99.728063 0.012194 6.472229 0.001242 
656 103.604980 0.000000 -14.933734 99.820658 0.009891 5.753235 0.000274 
657 84.610734 0.000000 2.749343 99.984571 -0.071089 3.034601 -0.000613 
658 56.119364 0.000000 -6.092195 98.411083 0.036714 4.645086 0.029368 
659 56.119364 0.000000 -14.933734 99.322671 0.010873 5.688809 0.010264 
660 65.616487 0.000000 -6.092195 99.644456 -0.025709 4.425234 0.005140 
661 56.119364 0.000000 2.749343 98.667092 -0.063927 3.115891 0.025509 
662 41.873679 0.000000 -1.671426 112.193054 0.044407 4.416312 -0.260679 
663 41.873679 0.000000 -6.092195 100.697964 0.112924 4.899747 -0.016410 
664 46.622241 0.000000 -1.671426 106.092957 0.008836 8.599239 -0.132966 
665 41.873679 0.000000 2.749343 98.092994 0.046695 -0.513579 0.037750 
666 34.750837 0.000000 0.538958 159.007548 0.033724 0.783265 -1.528401 
667 34.750837 0.000000 -1.671426 101.784580 -0.075312 1.969796 -0.036399 
668 37.125118 0.000000 0.538958 112.684240 0.019759 -2.749543 -0.270530 
669 34.750837 0.000000 2.749343 102.639697 -0.119506 -0.054746 -0.053492 
670 31.189416 0.000000 -0.566234 101.279819 -0.046728 -2.086773 -0.026196 
671 31.189416 0.000000 -1.671426 99.889236 -0.048058 -2.473640 0.001602 
672 32.376556 0.000000 -0.566234 100.402802 -0.044478 -1.344517 -0.008253 
673 31.189416 0.000000 0.538958 105.109753 -0.028328 0.208414 -0.104810 
674 29.408705 0.000000 -1.118830 100.896065 -0.053792 -2.980670 -0.018890 
675 28.815135 0.000000 -1.118830 103.522686 -0.064422 -3.034649 -0.072616 
676 29.408705 0.000000 -1.671426 102.267512 -0.055638 -3.111591 -0.046833 
677 30.002275 0.000000 -1.118830 102.936780 -0.046716 -2.755614 -0.060358 
678 29.408705 0.000000 -0.566234 102.189496 -0.044300 -2.293912 -0.044796 
679 31.189416 0.000000 1.644151 104.633356 -0.040202 -8.137048 -0.101435 
680 32.376556 0.000000 1.644151 102.159187 -0.018968 -7.159204 -0.048775 
681 31.189416 0.000000 2.749343 104.898904 -0.041743 -9.789370 -0.109961 
682 28.815135 0.000000 3.854535 102.495354 -0.077920 0.594109 -0.050566 
683 30.002275 0.000000 3.854535 102.123299 -0.061181 0.817243 -0.042984 
684 28.815135 0.000000 4.959728 102.500507 -0.148237 2.242204 -0.051140 
685 29.408705 0.000000 2.196747 107.074260 -0.071468 -8.925603 -0.154457 
686 28.815135 0.000000 2.196747 107.730853 -0.070614 -8.655322 -0.168086 
687 29.408705 0.000000 1.644151 106.134941 -0.063365 -7.780610 -0.132517 
688 30.002275 0.000000 2.196747 106.149012 -0.073815 -9.640344 -0.136055 
689 29.408705 0.000000 2.749343 107.437025 -0.078751 -10.264075 -0.164807 
690 34.750837 0.000000 -3.881811 101.361711 -0.295233 3.333102 -0.028539 
691 34.750837 0.000000 -6.092195 99.498470 0.067401 3.539671 0.008752 
692 37.125118 0.000000 -3.881811 99.364732 -0.000811 3.580801 0.011383 
693 31.189416 0.000000 -2.776618 97.861037 -0.066631 0.463842 0.042300 
694 31.189416 0.000000 -3.881811 98.409040 -0.136865 1.187374 0.031423 
695 32.376556 0.000000 -2.776618 96.790263 -0.031620 0.816538 0.063098 
696 33.563697 0.000000 -0.566234 114.503843 -0.036229 0.587171 -0.311148 
697 33.563697 0.000000 -1.671426 101.112026 -0.051930 0.471462 -0.022387 
698 34.750837 0.000000 -0.566234 119.414390 -0.055344 1.931977 -0.426353 
699 33.563697 0.000000 0.538958 161.702295 0.035936 0.815434 -1.614830 
700 31.782986 0.000000 -1.118830 102.356053 -0.066292 -2.219609 -0.048169 
701 31.189416 0.000000 -1.118830 100.703043 -0.051843 -2.399066 -0.014686 
702 31.782986 0.000000 -1.671426 101.147829 -0.060529 -2.181396 -0.023565 
703 32.376556 0.000000 -1.118830 98.479768 -0.044861 -1.619862 0.029911 
704 31.782986 0.000000 -0.566234 102.248322 -0.057096 -1.837277 -0.045810 
705 255.558951 0.000000 73.481651 99.770600 -0.005724 6.776094 -0.000009 
706 331.535936 0.000000 73.481651 99.773061 -0.006150 6.738513 -0.000007 
707 255.558951 0.000000 144.213958 99.760411 -0.002915 6.931476 -0.000018 
708 141.593473 0.000000 38.115497 99.798339 -0.006309 6.370985 -0.000030 
709 179.581965 0.000000 38.115497 99.804544 -0.006691 6.282589 -0.000042 
710 141.593473 0.000000 73.481651 99.770744 -0.004407 6.814836 -0.000064 
711 84.610734 0.000000 20.432420 99.837285 -0.010917 5.565499 0.000154 
712 103.604980 0.000000 20.432420 99.852290 -0.004785 5.457581 -0.000027 
713 84.610734 0.000000 38.115497 99.801315 -0.001823 6.453305 -0.000195 
714 56.119364 0.000000 11.590882 99.690155 -0.106090 4.223976 0.004402 
715 65.616487 0.000000 11.590882 99.792309 0.044354 4.418860 0.002197 
716 56.119364 0.000000 20.432420 99.899881 0.116455 5.527838 -0.001056 
717 41.873679 0.000000 7.170112 100.114553 0.159418 2.552298 -0.002946 
718 46.622241 0.000000 7.170112 99.292846 0.126661 2.976217 0.013206 
719 41.873679 0.000000 11.590882 100.515265 -0.221619 3.988904 -0.011928 
720 34.750837 0.000000 4.959728 102.280472 0.226011 2.073898 -0.046565 
721 37.125118 0.000000 4.959728 101.674801 0.748321 1.532221 -0.034067 
722 34.750837 0.000000 7.170112 101.793776 0.044490 3.125258 -0.037174 
723 33.563697 0.000000 1.644151 106.420932 -0.038242 -6.211279 -0.136400 
724 34.750837 0.000000 1.644151 106.546169 -0.079466 -6.782790 -0.139810 
725 33.563697 0.000000 2.749343 102.854118 -0.090690 0.414613 -0.057915 
726 31.189416 0.000000 3.854535 101.833915 -0.077978 1.288830 -0.037181 
727 32.376556 0.000000 3.854535 101.964008 0.039318 1.818632 -0.039997 
728 31.189416 0.000000 4.959728 102.115844 -0.000707 2.432758 -0.043356 
729 31.782986 0.000000 2.196747 102.992876 -0.026785 -8.598790 -0.068147 
730 31.189416 0.000000 2.196747 104.252272 -0.040402 -9.082278 -0.095103 
731 31.782986 0.000000 1.644151 103.551278 -0.027242 -7.672210 -0.078173 
732 32.376556 0.000000 2.196747 101.677960 -0.017146 -7.924565 -0.040121 
733 31.782986 0.000000 2.749343 99.268735 0.066597 -0.017671 0.014571 
734 33.563697 0.000000 -2.776618 100.580068 -0.089993 2.523994 -0.012273 
735 33.563697 0.000000 -3.881811 99.898812 -0.148366 2.716250 0.001283 
736 34.750837 0.000000 -2.776618 104.284225 -0.156429 3.350146 -0.088645 
737 32.970126 0.000000 -1.118830 101.529622 -0.043420 -0.698652 -0.030875 
738 32.970126 0.000000 -1.671426 101.178502 -0.044005 -0.529403 -0.023737 
739 33.563697 0.000000 -1.118830 105.641642 -0.044220 0.499332 -0.116041 
740 32.970126 0.000000 -0.566234 115.572330 -0.025863 -0.331970 -0.335707 
741 33.563697 0.000000 3.854535 102.442164 -0.092402 1.690728 -0.049726 
742 34.750837 0.000000 3.854535 102.463253 -0.128670 1.329694 -0.050050 
743 33.563697 0.000000 4.959728 102.291020 0.016291 2.405930 -0.046924 
744 32.970126 0.000000 2.196747 100.487780 -0.030818 -7.181997 -0.014938 
745 32.970126 0.000000 1.644151 106.265506 -0.026758 -6.279039 -0.133178 
746 33.563697 0.000000 2.196747 100.808752 -0.040826 -6.545875 -0.020525 
747 32.970126 0.000000 2.749343 102.192753 -0.023629 0.730426 -0.044389 
748 39.499399 0.000000 0.538958 90.802816 0.083719 -6.912056 0.170707 
749 39.499399 0.000000 -1.671426 108.403488 0.025010 1.843209 -0.175471 
750 41.873679 0.000000 0.538958 96.911580 0.048598 -13.561991 0.042422 
751 39.499399 0.000000 2.749343 99.466560 -0.032299 -1.433928 0.010435 
752 35.937977 0.000000 -0.566234 101.513211 -0.068193 2.761469 -0.031256 
753 35.937977 0.000000 -1.671426 101.499496 -0.068268 2.759758 -0.030977 
754 37.125118 0.000000 -0.566234 100.984014 -0.008075 2.747154 -0.020532 
755 35.937977 0.000000 0.538958 94.659336 -0.023448 0.136514 0.103959 
756 34.157267 0.000000 -1.118830 105.404977 -0.064461 1.404908 -0.111219 
757 34.157267 0.000000 -1.671426 101.597440 -0.065146 1.244120 -0.032359 
758 34.750837 0.000000 -1.118830 104.312339 -0.076553 2.079500 -0.088539 
759 34.157267 0.000000 -0.566234 113.926718 -0.044069 1.148155 -0.298062 
760 41.873679 0.000000 -10.512965 99.855253 0.385206 5.146290 0.000230 
761 41.873679 0.000000 -14.933734 99.301681 0.312612 5.491971 0.010892 
762 46.622241 0.000000 -10.512965 99.507315 0.182001 5.031372 0.007295 
763 39.499399 0.000000 -3.881811 102.094773 -0.038157 5.026096 -0.044861 
764 39.499399 0.000000 -6.092195 100.127809 -0.136005 4.220221 -0.004341 
765 41.873679 0.000000 -3.881811 103.080482 -0.038871 5.764317 -0.065881 
766 35.937977 0.000000 -2.776618 102.590879 -0.061072 3.245844 -0.053543 
767 35.937977 0.000000 -3.881811 100.790706 -0.130576 3.310846 -0.016975 
768 37.125118 0.000000 -2.776618 112.551251 0.007151 4.578556 -0.268875 
769 34.157267 0.000000 -2.224022 99.807408 -0.129106 2.388981 0.003276 
770 33.563697 0.000000 -2.224022 101.365622 -0.088847 1.774915 -0.027815 
771 34.157267 0.000000 -2.776618 99.565450 -0.102687 2.332845 0.008127 
772 34.750837 0.000000 -2.224022 105.255894 -0.176440 2.935625 -0.108745 
773 33.860482 0.000000 -1.395128 100.700208 -0.055235 0.864988 -0.014128 
774 33.563697 0.000000 -1.395128 100.982769 -0.049811 0.479709 -0.019775 
775 33.860482 0.000000 -1.671426 101.637689 -0.059297 0.844021 -0.033094 
776 34.157267 0.000000 -1.395128 101.368302 -0.067920 1.387625 -0.027746 
777 33.860482 0.000000 -1.118830 102.314818 -0.049367 0.942625 -0.046921 
778 35.937977 0.000000 1.644151 102.905638 -0.105914 -7.433865 -0.064484 
779 37.125118 0.000000 1.644151 101.883210 -0.066110 -7.599635 -0.043795 
780 35.937977 0.000000 2.749343 102.251974 -0.114854 -0.245998 -0.045554 
781 34.157267 0.000000 2.196747 102.477844 -0.052744 -6.763691 -0.054746 
782 34.157267 0.000000 1.644151 107.187426 -0.046506 -6.393493 -0.153002 
783 34.750837 0.000000 2.196747 103.207850 -0.082147 -7.041760 -0.070145 
784 34.157267 0.000000 2.749343 102.749759 -0.119096 0.135075 -0.055755 
785 34.157267 0.000000 1.091555 117.662336 -0.033898 -4.861672 -0.386806 
786 33.563697 0.000000 1.091555 118.942372 -0.021719 -5.262638 -0.417498 
787 34.157267 0.000000 0.538958 160.648267 0.035071 0.802851 -1.580851 
788 34.750837 0.000000 1.091555 117.616378 -0.060204 -5.877840 -0.386817 
789 33.860482 0.000000 1.920449 105.539612 -0.044945 -6.405110 -0.117964 
790 33.563697 0.000000 1.920449 105.596611 -0.038756 -6.245548 -0.118965 
791 33.860482 0.000000 1.644151 106.761258 -0.043472 -6.321681 -0.143793 
792 34.157267 0.000000 1.920449 106.989679 -0.046428 -6.406678 -0.148784 
793 33.860482 0.000000 2.196747 101.976243 -0.047785 -6.632872 -0.044315 
794 35.344407 0.000000 -1.118830 100.609084 -0.075446 2.418227 -0.012804 
795 35.344407 0.000000 -1.671426 102.945944 -0.064830 2.902809 -0.060630 
796 35.937977 0.000000 -1.118830 101.978180 -0.065590 2.819312 -0.040750 
797 35.344407 0.000000 -0.566234 101.252143 -0.073778 2.511682 -0.025831 
798 39.499399 0.000000 4.959728 100.462267 1.030652 0.999522 -0.009473 
799 41.873679 0.000000 4.959728 99.613600 0.267658 1.157092 0.007572 
800 39.499399 0.000000 7.170112 100.645766 0.019276 2.707555 -0.013690 
801 35.937977 0.000000 3.854535 102.198956 -0.078340 1.155151 -0.044597 
802 37.125118 0.000000 3.854535 101.791720 -0.030830 0.984455 -0.036252 
803 35.937977 0.000000 4.959728 102.062089 0.257839 1.896044 -0.042033 
804 35.344407 0.000000 2.196747 103.226510 -0.104155 -7.232264 -0.070803 
805 35.344407 0.000000 1.644151 103.175133 -0.107986 -7.292176 -0.069830 
806 35.937977 0.000000 2.196747 102.923361 -0.108637 -7.431202 -0.064845 
807 35.344407 0.000000 2.749343 102.480460 -0.135735 -0.176742 -0.050229 
808 35.344407 0.000000 -2.224022 112.524473 -0.014137 5.126983 -0.268804 
809 35.344407 0.000000 -2.776618 97.460424 -0.163280 3.555708 0.048880 
810 35.937977 0.000000 -2.224022 103.202521 -0.066841 3.179844 -0.066088 
811 38.312258 0.000000 -0.566234 102.231490 0.010828 2.196650 -0.045610 
812 38.312258 0.000000 -1.671426 104.250448 0.004799 2.849314 -0.087627 
813 39.499399 0.000000 -0.566234 107.325698 0.028767 0.703369 -0.151930 
814 38.312258 0.000000 0.538958 -79.478347 0.005776 0.924733 0.368234 
815 36.531548 0.000000 -1.118830 100.801524 -0.056194 2.855965 -0.016911 
816 36.531548 0.000000 -1.671426 101.350424 -0.057417 2.857055 -0.028007 
817 37.125118 0.000000 -1.118830 100.421051 -0.015713 2.782249 -0.009213 
818 36.531548 0.000000 -0.566234 101.006924 -0.052806 2.867094 -0.021062 
819 35.641192 0.000000 -1.395128 100.986993 -0.071566 2.640185 -0.020535 
820 35.344407 0.000000 -1.395128 100.893479 -0.075330 2.420066 -0.018536 
821 35.641192 0.000000 -1.671426 101.244921 -0.073371 2.542676 -0.025700 
822 35.937977 0.000000 -1.395128 101.890950 -0.068258 2.795380 -0.038958 
823 35.641192 0.000000 -1.118830 99.709607 -0.073448 2.667369 0.005087 
824 35.344407 0.000000 1.091555 103.133657 -0.105843 -7.295268 -0.068978 
825 35.344407 0.000000 0.538958 144.566346 0.019458 0.678315 -1.089989 
826 35.937977 0.000000 1.091555 102.043243 -0.096810 -6.628664 -0.045677 
827 38.312258 0.000000 1.644151 100.092790 -0.043226 -7.620275 -0.007664 
828 39.499399 0.000000 1.644151 91.758886 0.082724 -7.014288 0.153110 
829 38.312258 0.000000 2.749343 101.273531 -0.001005 -0.555620 -0.025664 
830 36.531548 0.000000 2.196747 101.376683 -0.127655 -1.513389 -0.027954 
831 36.531548 0.000000 1.644151 102.529060 -0.091694 -7.533635 -0.056897 
832 37.125118 0.000000 2.196747 101.777078 -0.048385 -0.981947 -0.035954 
833 36.531548 0.000000 2.749343 102.016822 -0.116499 -0.222750 -0.040750 
834 35.641192 0.000000 1.920449 103.040752 -0.112910 -7.376360 -0.067182 
835 35.344407 0.000000 1.920449 103.166185 -0.107798 -7.293878 -0.069647 
836 35.641192 0.000000 1.644151 103.039157 -0.113200 -7.369271 -0.067139 
837 35.937977 0.000000 1.920449 102.919398 -0.106623 -7.426586 -0.064757 
838 35.641192 0.000000 2.196747 103.049781 -0.110365 -7.371843 -0.067361 
839 38.312258 0.000000 -2.776618 113.057146 -0.009470 5.086949 -0.280780 
840 38.312258 0.000000 -3.881811 99.604845 0.019241 4.126698 0.006184 
841 39.499399 0.000000 -2.776618 113.122420 0.006345 6.551391 -0.283960 
842 37.718688 0.000000 -1.118830 102.711031 0.015723 2.567380 -0.055615 
843 37.718688 0.000000 -1.671426 101.978368 0.009563 2.548368 -0.040608 
844 38.312258 0.000000 -1.118830 101.437007 0.003222 2.052342 -0.029368 
845 37.718688 0.000000 -0.566234 101.993695 0.009670 2.545448 -0.040919 
846 36.531548 0.000000 -0.013638 94.659336 -0.023448 0.136514 0.103959 
847 35.937977 0.000000 -0.013638 94.659336 -0.023448 0.136514 0.103959 
848 37.125118 0.000000 -0.013638 112.684240 0.019759 -2.749543 -0.270530 
849 36.531548 0.000000 0.538958 94.659336 -0.023448 0.136514 0.103959 
850 36.828333 0.000000 -0.842532 100.081627 -0.038169 2.827619 -0.002433 
851 36.531548 0.000000 -0.842532 101.003642 -0.048745 2.845469 -0.020983 
852 36.828333 0.000000 -1.118830 100.178975 -0.032306 2.804290 -0.004369 
853 37.125118 0.000000 -0.842532 100.619444 -0.007376 2.763538 -0.013191 
854 36.828333 0.000000 -0.566234 100.747754 -0.035058 2.836509 -0.015816 
855 36.234763 0.000000 -0.842532 102.129903 -0.059892 2.884286 -0.043884 
856 35.937977 0.000000 -0.842532 101.917262 -0.068189 2.797158 -0.039496 
857 36.234763 0.000000 -1.118830 102.309048 -0.062022 2.864039 -0.047535 
858 36.234763 0.000000 -0.566234 101.501715 -0.058632 2.858010 -0.031077 
859 36.531548 0.000000 -2.224022 100.435274 0.024614 3.495731 -0.009947 
860 36.531548 0.000000 -2.776618 100.331722 0.027749 4.193325 -0.008404 
861 37.125118 0.000000 -2.224022 112.418784 -0.007057 5.184687 -0.266486 
862 36.828333 0.000000 -1.395128 100.137554 -0.038401 2.828902 -0.003553 
863 36.531548 0.000000 -1.395128 101.024700 -0.048726 2.845610 -0.021409 
864 36.828333 0.000000 -1.671426 102.579905 -0.031003 3.203436 -0.053290 
865 37.125118 0.000000 -1.395128 100.908673 -0.014150 2.781937 -0.019030 
866 36.679940 0.000000 -0.980681 100.449354 -0.045458 2.835033 -0.009811 
867 36.531548 0.000000 -0.980681 100.914149 -0.050745 2.847517 -0.019178 
868 36.679940 0.000000 -1.118830 100.442744 -0.046490 2.836421 -0.009679 
869 36.828333 0.000000 -0.980681 100.273811 -0.031931 2.804179 -0.006270 
870 36.679940 0.000000 -0.842532 100.271262 -0.041073 2.834442 -0.006236 
871 36.531548 0.000000 1.091555 102.495711 -0.092174 -7.541881 -0.056226 
872 37.125118 0.000000 1.091555 101.848508 -0.063412 -7.598872 -0.043087 
873 37.718688 0.000000 1.091555 101.252611 -0.049238 -7.630714 -0.031032 
874 37.718688 0.000000 0.538958 112.684240 0.019759 -2.749543 -0.270530 
875 38.312258 0.000000 1.091555 99.331486 -0.031884 -7.567572 0.007599 
876 37.718688 0.000000 1.644151 101.312708 -0.046324 -7.626538 -0.032243 
877 36.828333 0.000000 1.367853 102.259261 -0.083581 -7.569749 -0.051426 
878 36.531548 0.000000 1.367853 102.473704 -0.089964 -7.534420 -0.055764 
879 36.828333 0.000000 1.091555 102.248332 -0.080865 -7.564666 -0.051195 
880 37.125118 0.000000 1.367853 101.860844 -0.064120 -7.599432 -0.043339 
881 36.828333 0.000000 1.644151 102.263420 -0.084163 -7.570344 -0.051512 
882 36.234763 0.000000 1.367853 102.675152 -0.097600 -7.503301 -0.059850 
883 35.937977 0.000000 1.367853 102.910698 -0.106166 -7.429985 -0.064583 
884 36.234763 0.000000 1.091555 101.837053 -0.090276 -6.723728 -0.041600 
885 36.234763 0.000000 1.644151 102.700293 -0.098002 -7.499285 -0.060360 
886 38.312258 0.000000 3.854535 101.246992 -0.051731 0.695233 -0.025144 
887 39.499399 0.000000 3.854535 100.030018 -0.006383 0.249509 -0.000607 
888 38.312258 0.000000 4.959728 101.217952 1.100503 1.184783 -0.024769 
889 37.718688 0.000000 2.196747 101.842121 -0.062507 -1.348632 -0.037364 
890 38.312258 0.000000 2.196747 101.136258 -0.024899 -1.522595 -0.023086 
891 37.718688 0.000000 2.749343 101.627090 -0.014343 -0.345253 -0.032818 
892 36.828333 0.000000 1.920449 102.280348 -0.083903 -7.566487 -0.051853 
893 36.531548 0.000000 1.920449 102.516566 -0.092308 -7.541417 -0.056653 
894 37.125118 0.000000 1.920449 102.057323 -0.076421 -7.591914 -0.047334 
895 36.828333 0.000000 2.196747 102.274828 -0.065258 -1.477458 -0.046233 
896 36.679940 0.000000 1.506002 102.341990 -0.086150 -7.560994 -0.053106 
897 36.531548 0.000000 1.506002 102.495395 -0.090685 -7.536432 -0.056211 
898 36.679940 0.000000 1.367853 102.317926 -0.085274 -7.562816 -0.052616 
899 36.828333 0.000000 1.506002 102.255080 -0.083987 -7.571439 -0.051344 
900 36.679940 0.000000 1.644151 102.351424 -0.086418 -7.560088 -0.053298 
901 37.718688 0.000000 -0.013638 112.684240 0.019759 -2.749543 -0.270530 
902 38.312258 0.000000 -0.013638 -80.247680 0.009026 0.621203 0.355992 
903 37.421903 0.000000 -0.842532 101.830048 0.006627 2.674072 -0.037651 
904 37.421903 0.000000 -1.118830 102.232869 0.015865 2.736049 -0.045905 
905 37.718688 0.000000 -0.842532 102.585853 0.014980 2.569232 -0.053046 
906 37.421903 0.000000 -0.566234 101.963030 0.011143 2.703246 -0.040377 
907 37.421903 0.000000 1.367853 101.545230 -0.049586 -7.607720 -0.036931 
908 37.421903 0.000000 1.091555 101.539440 -0.053830 -7.610083 -0.036817 
909 37.718688 0.000000 1.367853 101.301754 -0.046480 -7.627904 -0.032023 
910 37.421903 0.000000 1.644151 101.718398 -0.052994 -7.601763 -0.040442 
911 51.370803 0.000000 -1.671426 100.476364 -0.004863 2.201694 -0.010035 
912 51.370803 0.000000 -6.092195 100.909213 -0.022256 6.617718 -0.022646 
913 56.119364 0.000000 -1.671426 97.951325 0.043913 3.671816 0.039205 
914 51.370803 0.000000 2.749343 99.011925 -0.043791 1.660796 0.019388 
915 44.247960 0.000000 0.538958 99.523344 0.027888 -30.697357 -0.084722 
916 44.247960 0.000000 -1.671426 107.676772 0.014167 9.494349 -0.168443 
917 46.622241 0.000000 0.538958 91.579378 -0.032231 0.230377 0.161316 
918 44.247960 0.000000 2.749343 98.033699 0.028992 -1.043983 0.038830 
919 40.686539 0.000000 -0.566234 112.387955 -0.015598 0.509344 -0.263131 
920 40.686539 0.000000 -1.671426 112.791928 -0.009912 0.631109 -0.272242 
921 41.873679 0.000000 -0.566234 112.035530 0.050978 2.399649 -0.255772 
922 40.686539 0.000000 0.538958 94.715534 0.110780 -8.431096 0.095787 
923 38.905828 0.000000 -1.118830 104.828038 0.027301 1.470876 -0.099108 
924 38.905828 0.000000 -1.671426 105.095295 0.028873 1.290053 -0.104669 
925 39.499399 0.000000 -1.118830 107.186505 0.036064 0.644595 -0.148936 
926 38.905828 0.000000 -0.566234 105.105505 0.028920 1.291533 -0.104884 
927 40.686539 0.000000 1.644151 94.576093 0.119877 -8.177364 0.098848 
928 41.873679 0.000000 1.644151 96.014722 0.057254 -11.959327 0.063814 
929 40.686539 0.000000 2.749343 95.980114 -0.028080 -0.851205 0.078709 
930 38.905828 0.000000 1.091555 95.355640 0.021542 -7.297819 0.085404 
931 38.905828 0.000000 0.538958 95.285209 0.020479 -7.300756 0.086743 
932 39.499399 0.000000 1.091555 91.603418 0.085761 -7.000750 0.155980 
933 38.905828 0.000000 1.644151 95.456851 0.020837 -7.306436 0.083461 
934 44.247960 0.000000 -3.881811 99.066792 0.063590 8.690584 0.011024 
935 44.247960 0.000000 -6.092195 99.549850 0.082018 5.620829 0.005823 
936 46.622241 0.000000 -3.881811 107.811309 0.020036 6.274580 -0.166265 
937 40.686539 0.000000 -2.776618 107.491819 0.074103 5.867469 -0.158892 
938 40.686539 0.000000 -3.881811 103.452776 -0.096808 4.981861 -0.072731 
939 41.873679 0.000000 -2.776618 112.233838 0.005030 8.219392 -0.266399 
940 40.092969 0.000000 -1.118830 109.242672 0.001512 0.299499 -0.193405 
941 40.092969 0.000000 -1.671426 111.090443 -0.008694 1.675457 -0.234389 
942 40.686539 0.000000 -1.118830 111.761594 -0.004050 0.631775 -0.249105 
943 40.092969 0.000000 -0.566234 109.667728 0.000651 0.357760 -0.202714 
944 38.905828 0.000000 -0.013638 -80.638894 0.047444 0.805083 0.349672 
945 39.499399 0.000000 -0.013638 -77.772357 0.000857 1.283230 0.394981 
946 39.202614 0.000000 -0.842532 106.912280 0.032228 1.012825 -0.143126 
947 38.905828 0.000000 -0.842532 104.950667 0.027482 1.448295 -0.101674 
948 39.202614 0.000000 -1.118830 107.198986 0.035603 1.072806 -0.149277 
949 39.499399 0.000000 -0.842532 107.234624 0.035274 0.658459 -0.149970 
950 39.202614 0.000000 -0.566234 105.418961 0.031015 1.219986 -0.111465 
951 40.092969 0.000000 1.091555 92.671175 0.127465 -7.361542 0.135784 
952 40.092969 0.000000 0.538958 92.258094 0.143297 -7.175737 0.143693 
953 40.686539 0.000000 1.091555 94.599386 0.118357 -8.219749 0.098338 
954 40.092969 0.000000 1.644151 92.509177 0.143821 -7.207211 0.139009 
955 38.905828 0.000000 2.196747 100.610314 -0.060187 -1.731309 -0.012544 
956 39.499399 0.000000 2.196747 99.564617 -0.065607 -2.706516 0.007956 
957 38.905828 0.000000 2.749343 100.675689 -0.057052 -0.869949 -0.013635 
958 39.202614 0.000000 1.367853 93.885788 0.030764 -7.182307 0.113387 
959 38.905828 0.000000 1.367853 95.837238 0.018228 -7.339484 0.076136 
960 39.202614 0.000000 1.091555 93.706355 0.048665 -7.174506 0.116764 
961 39.499399 0.000000 1.367853 91.465149 0.085965 -6.985486 0.158532 
962 39.202614 0.000000 1.644151 94.244813 0.031255 -7.205792 0.106599 
963 51.370803 0.000000 7.170112 99.700953 -0.119339 3.159908 0.004972 
964 56.119364 0.000000 7.170112 99.314920 -0.018968 3.608935 0.012352 
965 51.370803 0.000000 11.590882 99.872795 -0.160479 4.069813 0.000884 
966 44.247960 0.000000 4.959728 99.200398 0.024403 1.461914 0.015714 
967 46.622241 0.000000 4.959728 98.775661 0.035702 2.407836 0.023757 
968 44.247960 0.000000 7.170112 99.599163 0.039445 2.555219 0.007348 
969 43.060820 0.000000 1.644151 100.065032 0.077052 -5.748163 -0.004606 
970 43.060820 0.000000 0.538958 100.262567 0.046604 -20.199003 -0.046058 
971 44.247960 0.000000 1.644151 96.636232 0.086908 -4.223832 0.064359 
972 43.060820 0.000000 2.749343 99.108869 0.125864 -1.155483 0.017608 
973 41.280109 0.000000 1.091555 95.258651 0.085820 -9.809747 0.082955 
974 41.280109 0.000000 0.538958 95.501580 0.074858 -10.433936 0.077058 
975 41.873679 0.000000 1.091555 96.576874 0.058962 -12.131553 0.052573 
976 41.280109 0.000000 1.644151 95.462132 0.076212 -10.316669 0.078054 
977 43.060820 0.000000 -0.566234 110.198697 0.052651 4.751156 -0.216633 
978 43.060820 0.000000 -1.671426 109.342174 0.029923 8.339410 -0.202526 
979 44.247960 0.000000 -0.566234 108.409218 0.068272 8.600175 -0.182653 
980 43.060820 0.000000 -2.776618 108.883925 0.015720 10.412063 -0.196412 
981 43.060820 0.000000 -3.881811 101.650117 0.071563 7.407721 -0.038763 
982 44.247960 0.000000 -2.776618 107.897808 0.005062 11.297820 -0.176958 
983 42.467250 0.000000 -1.118830 112.191481 0.054691 3.778769 -0.260121 
984 41.873679 0.000000 -1.118830 111.804454 0.053302 2.353870 -0.250578 
985 42.467250 0.000000 -1.671426 113.388960 0.054619 3.589189 -0.286994 
986 43.060820 0.000000 -1.118830 110.478893 0.054977 5.389959 -0.223464 
987 42.467250 0.000000 -0.566234 112.094029 0.055188 3.644525 -0.257836 
988 42.467250 0.000000 1.091555 98.623558 0.035482 -16.027547 0.001651 
989 42.467250 0.000000 0.538958 98.995570 0.033938 -16.277808 -0.006509 
990 43.060820 0.000000 1.091555 100.164415 0.046697 -20.097098 -0.043681 
991 42.467250 0.000000 1.644151 98.740993 0.030943 -16.831111 -0.003307 
992 48.996522 0.000000 0.538958 99.266866 0.004020 2.935486 0.013747 
993 48.996522 0.000000 -1.671426 105.697148 0.004129 7.725433 -0.123157 
994 51.370803 0.000000 0.538958 99.914407 0.013071 -0.920312 0.001626 
995 48.996522 0.000000 2.749343 98.831284 0.017953 2.768445 0.022471 
996 45.435101 0.000000 -0.566234 114.397064 0.017040 -3.989769 -0.310261 
997 45.435101 0.000000 -1.671426 106.095162 0.008872 8.594508 -0.133005 
998 46.622241 0.000000 -0.566234 112.078716 0.014079 -7.164092 -0.261296 
999 45.435101 0.000000 0.538958 101.931446 -0.010889 -40.795582 -0.205430 
1000 43.654390 0.000000 -1.118830 110.942936 0.061239 7.013821 -0.235753 
1001 43.654390 0.000000 -1.671426 107.839717 0.002607 11.373619 -0.175876 
1002 44.247960 0.000000 -1.118830 110.263770 0.063236 9.506964 -0.224849 
1003 43.654390 0.000000 -0.566234 111.172932 0.061669 7.070348 -0.240941 
1004 45.435101 0.000000 1.644151 94.850184 0.017877 -2.253317 0.099836 
1005 46.622241 0.000000 1.644151 95.118475 -0.043500 0.867922 0.095172 
1006 45.435101 0.000000 2.749343 96.974868 0.015567 0.096793 0.059587 
1007 44.841530 0.000000 -0.013638 100.080339 0.004897 -32.159460 -0.105031 
1008 44.247960 0.000000 -0.013638 98.707959 0.022554 -27.939428 -0.052387 
1009 44.841530 0.000000 -0.566234 115.973064 0.050199 9.236563 -0.353507 
1010 45.435101 0.000000 -0.013638 104.835073 -0.012187 -33.045700 -0.208241 
1011 44.841530 0.000000 0.538958 97.873223 0.029152 -33.421017 -0.069613 
1012 -200.302961 0.000000 -209.447580 99.754926 0.000144 6.976092 0.000029 
1013 -276.279947 0.000000 -209.447580 99.755653 0.000083 6.976015 0.000015 
1014 -200.302961 0.000000 -280.179887 99.754930 0.000150 6.975894 0.000029 
1015 255.558951 0.000000 -209.447580 99.755543 0.001794 6.960593 0.000038 
1016 255.558951 0.000000 -280.179887 99.755172 0.001295 6.966982 0.000037 
1017 331.535936 0.000000 -209.447580 99.756430 0.001804 6.961323 0.000019 
1018 -200.302961 0.000000 214.946266 99.757665 -0.000040 6.976270 -0.000026 
1019 -276.279947 0.000000 214.946266 99.757032 -0.000037 6.976087 -0.000013 
1020 -200.302961 0.000000 285.678573 99.757792 -0.000073 6.976045 -0.000028 
1021 -86.337483 0.000000 -103.349118 99.750136 0.000639 6.976945 0.000123 
1022 -124.325976 0.000000 -103.349118 99.753123 0.000331 6.976893 0.000064 
1023 -86.337483 0.000000 -138.715272 99.750433 0.000547 6.976272 0.000118 
1024 103.604980 0.000000 214.946266 99.766029 -0.000935 6.960008 -0.000170 
1025 179.581965 0.000000 214.946266 99.760943 -0.001551 6.957558 -0.000065 
1026 103.604980 0.000000 285.678573 99.762687 -0.000743 6.967551 -0.000114 
1027 141.593473 0.000000 -103.349118 99.751493 0.003801 6.914572 0.000183 
1028 141.593473 0.000000 -138.715272 99.750480 0.002734 6.940780 0.000167 
1029 179.581965 0.000000 -103.349118 99.755825 0.003736 6.917263 0.000093 
1030 -86.337483 0.000000 108.847804 99.760384 0.000345 6.978498 -0.000083 
1031 -124.325976 0.000000 108.847804 99.758333 0.000139 6.977527 -0.000041 
1032 -86.337483 0.000000 144.213958 99.761223 0.000192 6.977589 -0.000099 
1033 -29.354744 0.000000 -50.299888 99.743985 0.035494 6.953698 0.000278 
1034 -48.348991 0.000000 -50.299888 99.739660 0.002498 6.979918 0.000328 
1035 -29.354744 0.000000 -67.982965 99.729777 0.003933 6.976347 0.000530 
1036 65.616487 0.000000 108.847804 99.797052 0.000701 6.916478 -0.000729 
1037 103.604980 0.000000 108.847804 99.774971 -0.001667 6.906151 -0.000274 
1038 65.616487 0.000000 144.213958 99.782627 -0.000134 6.944746 -0.000480 
1039 84.610734 0.000000 -50.299888 99.733360 0.004958 6.747418 0.000773 
1040 84.610734 0.000000 -67.982965 99.724174 0.003168 6.838469 0.000832 
1041 103.604980 0.000000 -50.299888 99.746234 0.005716 6.740489 0.000525 
1042 -29.354744 0.000000 55.798574 99.759409 0.024175 6.988266 -0.000078 
1043 -48.348991 0.000000 55.798574 99.760739 0.002063 6.985704 -0.000101 
1044 -29.354744 0.000000 73.481651 99.773165 0.003000 6.987732 -0.000351 
1045 -19.857621 0.000000 -23.775272 99.692066 0.061229 6.967978 0.001294 
1046 -29.354744 0.000000 -23.775272 99.716695 0.038443 6.977567 0.000789 
1047 -19.857621 0.000000 -32.616811 99.702322 0.049199 6.966575 0.001091 
1048 46.622241 0.000000 55.798574 99.921202 -0.035101 6.768118 -0.003006 
1049 65.616487 0.000000 55.798574 99.837557 -0.007890 6.718837 -0.001268 
1050 46.622241 0.000000 73.481651 99.864909 -0.006799 6.863984 -0.002011 
1051 -0.863375 0.000000 29.273958 99.794856 0.098552 7.092506 -0.000933 
1052 -10.360498 0.000000 29.273958 99.725968 0.053779 7.024132 0.000539 
1053 -0.863375 0.000000 38.115497 99.813668 -0.022957 7.034464 -0.001225 
1054 56.119364 0.000000 -23.775272 99.483303 -0.058602 6.100492 0.006585 
1055 56.119364 0.000000 -32.616811 99.810077 0.016944 6.613769 -0.000579 
1056 65.616487 0.000000 -23.775272 99.674766 0.006795 6.191241 0.002661 
1057 -19.857621 0.000000 29.273958 99.734213 0.042506 7.005022 0.000401 
1058 -29.354744 0.000000 29.273958 99.742764 0.030107 6.994900 0.000245 
1059 -19.857621 0.000000 38.115497 99.751737 0.032323 7.004073 0.000053 
1060 37.125118 0.000000 29.273958 100.467879 0.017868 6.305602 -0.013356 
1061 46.622241 0.000000 29.273958 100.112167 0.071086 6.185111 -0.006071 
1062 37.125118 0.000000 38.115497 100.060360 -0.132634 6.610168 -0.005579 
1063 13.382310 0.000000 16.011651 100.655630 -0.217651 7.402045 -0.018639 
1064 8.633748 0.000000 16.011651 100.425823 -0.202539 7.490208 -0.014149 
1065 13.382310 0.000000 20.432420 100.353050 -0.175373 7.214974 -0.012282 
1066 -3.237656 0.000000 4.959728 99.021806 -0.075157 7.206239 0.014275 
1067 -5.611936 0.000000 4.959728 99.367638 0.152708 7.178870 0.007451 
1068 -3.237656 0.000000 7.170112 99.383565 0.109985 7.366646 0.006863 
1069 2.104476 0.000000 -1.118830 111.282085 -0.158595 -10.953813 -0.250371 
1070 2.104476 0.000000 -1.671426 111.421797 -0.171434 -11.260750 -0.254165 
1071 2.104476 0.000000 -0.566234 110.761831 -0.169752 -13.002391 -0.243727 
1072 3.291617 0.000000 -0.013638 104.592710 0.005683 32.617424 -0.200353 
1073 2.698046 0.000000 -0.013638 103.430519 -0.021961 34.657777 -0.189903 
1074 3.885187 0.000000 -0.013638 -57.784574 0.000989 -3.658680 0.664756 
1075 2.104476 0.000000 -0.013638 102.129115 -0.023722 37.210531 -0.181498 
1076 2.104476 0.000000 0.538958 102.462172 -0.050827 37.373834 -0.189530 
1077 4.478757 0.000000 -1.118830 109.935537 0.592769 -0.284429 -0.208625 
1078 4.478757 0.000000 -1.671426 110.081464 -0.122216 -0.507285 -0.211820 
1079 4.478757 0.000000 -0.566234 110.429268 -0.138026 -0.590355 -0.219499 
1080 5.665897 0.000000 -0.013638 -60.149511 -0.004867 -2.112905 0.637757 
1081 5.072327 0.000000 -0.013638 -56.024836 -0.010161 -0.615307 0.686084 
1082 6.259468 0.000000 -0.013638 -59.781138 -0.026355 -2.436910 0.642028 
1083 4.478757 0.000000 -0.013638 -59.625881 0.007788 -1.800723 0.644151 
1084 2.104476 0.000000 1.091555 102.917077 -0.032337 36.831518 -0.194849 
1085 1.510906 0.000000 1.091555 95.598808 -0.060377 13.487080 0.067896 
1086 2.104476 0.000000 1.644151 97.578264 -0.063488 11.807747 0.033906 
1087 15.756591 0.000000 9.380497 100.959048 0.009505 7.368280 -0.024702 
1088 13.382310 0.000000 9.380497 100.432331 0.023803 7.669846 -0.014548 
1089 15.756591 0.000000 11.590882 100.739755 0.115463 7.313516 -0.020200 
1090 11.008029 0.000000 9.380497 99.991193 0.007389 7.546325 -0.005519 
1091 8.633748 0.000000 9.380497 99.825791 -0.079953 7.456777 -0.002080 
1092 11.008029 0.000000 11.590882 99.784616 -0.047721 7.303878 -0.001032 
1093 5.072327 0.000000 3.854535 100.754924 -0.074893 8.815436 -0.022927 
1094 3.885187 0.000000 3.854535 100.004229 -0.065275 9.060191 -0.008294 
1095 5.072327 0.000000 4.959728 100.368017 -0.083191 8.336276 -0.014324 
1096 6.853038 0.000000 -0.013638 -55.594718 -0.095719 -1.344621 0.690741 
1097 7.446608 0.000000 -0.013638 -47.884550 0.013013 0.197489 0.770703 
1098 6.853038 0.000000 0.538958 -57.307149 -0.099260 -1.502357 0.671362 
1099 6.853038 0.000000 1.091555 104.563926 -0.035314 18.725451 -0.128426 
1100 7.446608 0.000000 1.091555 106.796720 -0.051229 18.116049 -0.173373 
1101 6.853038 0.000000 1.644151 104.544470 -0.037984 19.616754 -0.131436 
1102 16.943731 0.000000 1.644151 -53.708948 0.002491 -0.113451 0.711534 
1103 15.756591 0.000000 1.644151 -71.372556 0.072233 0.904826 0.490513 
1104 18.130872 0.000000 1.644151 -45.712893 -0.004993 1.607116 0.790775 
1105 14.569450 0.000000 1.644151 -61.856768 0.117030 1.314209 0.617200 
1106 16.943731 0.000000 -2.776618 97.475513 -0.025373 5.851055 0.046429 
1107 16.943731 0.000000 -3.881811 98.087964 -0.011156 6.104859 0.034148 
1108 11.601599 0.000000 -2.224022 109.984299 0.007110 4.553203 -0.211728 
1109 11.601599 0.000000 -2.776618 97.874694 -0.023919 5.110782 0.039442 
1110 12.195170 0.000000 -2.224022 109.448861 -0.002559 4.556844 -0.199982 
1111 10.414459 0.000000 3.301939 111.639546 -0.089642 18.489221 -0.280525 
1112 11.008029 0.000000 3.301939 111.715901 -0.060297 16.391580 -0.274913 
1113 10.414459 0.000000 3.854535 100.456434 -0.026128 8.946930 -0.017154 
1114 32.376556 0.000000 16.011651 101.250170 -0.272933 5.692061 -0.028407 
1115 37.125118 0.000000 16.011651 100.867808 -0.360162 5.157297 -0.020104 
1116 32.376556 0.000000 20.432420 101.031021 0.388487 6.012164 -0.024356 
1117 25.253714 0.000000 9.380497 101.670858 -0.074260 5.664637 -0.036906 
1118 27.627995 0.000000 9.380497 101.683573 -0.010810 5.167464 -0.036625 
1119 25.253714 0.000000 11.590882 101.364679 -0.005085 6.102372 -0.031204 
1120 19.318012 0.000000 1.644151 103.082026 0.034394 2.191582 -0.063071 
1121 19.318012 0.000000 6.064920 101.819300 -0.075831 5.822816 -0.040108 
1122 18.130872 0.000000 6.064920 101.931104 0.002354 6.021690 -0.042621 
1123 19.318012 0.000000 7.170112 101.572110 -0.012220 6.252540 -0.035599 
1124 19.911582 0.000000 -0.013638 102.921031 0.018396 2.069009 -0.059702 
1125 19.318012 0.000000 -0.013638 101.259116 0.013918 3.912532 -0.026872 
1126 19.911582 0.000000 0.538958 105.949031 0.033159 0.994179 -0.122619 
1127 22.285863 0.000000 -0.013638 97.789863 -0.017573 1.560443 0.043471 
1128 22.879433 0.000000 -0.013638 102.883574 -0.029964 0.493028 -0.058527 
1129 22.285863 0.000000 0.538958 123.922020 -0.015233 2.655240 -0.536372 
1130 19.911582 0.000000 -2.224022 101.541856 0.009822 3.245763 -0.032128 
1131 19.318012 0.000000 -2.224022 101.541856 0.009822 3.245763 -0.032128 
1132 19.911582 0.000000 -2.776618 93.997903 -0.018359 3.070594 0.115497 
1133 24.660144 0.000000 -1.118830 98.711253 -0.041263 -1.937592 0.025233 
1134 24.660144 0.000000 -1.671426 98.160555 -0.039283 -1.943833 0.036073 
1135 24.660144 0.000000 -0.566234 99.178327 -0.040394 -1.802718 0.016041 
1136 23.473003 0.000000 -0.013638 106.850133 -0.025490 0.581918 -0.141729 
1137 24.066573 0.000000 -0.013638 108.070450 -0.023951 0.350225 -0.167935 
1138 23.473003 0.000000 0.538958 114.364008 -0.012399 1.557060 -0.308155 
1139 21.989078 0.000000 -0.842532 93.534490 -0.009696 1.852873 0.124787 
1140 22.285863 0.000000 -0.842532 92.764761 -0.023969 0.962229 0.139377 
1141 21.989078 0.000000 -0.566234 94.283470 -0.010368 1.845934 0.110722 
1142 20.950330 0.000000 -0.980681 96.233151 0.002496 2.901640 0.073076 
1143 20.801937 0.000000 -0.980681 98.139413 0.001532 3.398439 0.035711 
1144 20.950330 0.000000 -0.842532 96.289958 0.001920 3.266645 0.071757 
1145 30.002275 0.000000 9.380497 101.877589 -0.107026 4.740703 -0.040153 
1146 32.376556 0.000000 9.380497 101.871990 -0.033905 4.267321 -0.039611 
1147 30.002275 0.000000 11.590882 102.023989 -0.337768 5.046211 -0.043447 
1148 24.066573 0.000000 6.064920 102.743598 0.048945 3.958338 -0.057192 
1149 25.253714 0.000000 6.064920 102.619256 0.046298 3.769263 -0.054492 
1150 24.066573 0.000000 7.170112 102.484409 0.026793 4.911268 -0.052718 
1151 21.098722 0.000000 4.407132 110.932228 -0.035307 -5.438969 -0.233554 
1152 20.505152 0.000000 4.407132 110.932228 -0.035307 -5.438969 -0.233554 
1153 21.098722 0.000000 4.959728 102.728387 0.001534 5.622933 -0.058474 
1154 23.473003 0.000000 -2.224022 95.110873 0.047801 2.182846 0.094915 
1155 23.473003 0.000000 -2.776618 95.365845 0.051105 1.678872 0.090253 
1156 24.066573 0.000000 -2.224022 95.199575 0.004603 1.993664 0.093307 
1157 24.660144 0.000000 3.301939 106.096890 -0.048882 -8.890644 -0.133560 
1158 24.660144 0.000000 2.749343 106.242289 -0.049672 -8.507467 -0.135980 
1159 24.660144 0.000000 3.854535 103.919939 -0.090225 -0.738776 -0.079991 
1160 23.473003 0.000000 4.407132 103.451401 0.031331 0.844556 -0.070291 
1161 24.066573 0.000000 4.407132 102.982963 -0.036961 0.944999 -0.060638 
1162 23.473003 0.000000 4.959728 103.434027 0.020871 2.494039 -0.070482 
1163 51.370803 0.000000 -10.512965 99.699760 0.038364 5.505784 0.002964 
1164 51.370803 0.000000 -14.933734 99.324362 0.259694 5.700445 0.010211 
1165 56.119364 0.000000 -10.512965 99.135072 0.044869 5.261152 0.014456 
1166 30.595846 0.000000 -1.118830 101.243236 -0.048265 -2.740588 -0.025771 
1167 30.595846 0.000000 -1.671426 101.103771 -0.043550 -2.605164 -0.022876 
1168 30.595846 0.000000 -0.566234 102.590410 -0.039554 -2.032821 -0.052893 
1169 30.595846 0.000000 2.196747 105.126873 -0.057920 -9.204796 -0.113639 
1170 30.595846 0.000000 1.644151 105.546725 -0.054821 -7.954145 -0.120338 
1171 30.595846 0.000000 2.749343 105.671623 -0.062519 -9.977862 -0.126605 
1172 34.157267 0.000000 -0.013638 160.454216 0.034912 0.800535 -1.574620 
1173 33.563697 0.000000 -0.013638 161.483489 0.035757 0.812822 -1.607758 
1174 34.750837 0.000000 -0.013638 158.880385 0.033619 0.781747 -1.524359 
1175 32.970126 0.000000 -0.013638 145.195891 0.010057 0.656021 -1.108228 
1176 32.376556 0.000000 -0.013638 130.162592 -0.012533 0.468664 -0.694252 
1177 32.970126 0.000000 0.538958 145.359977 0.010238 0.657916 -1.112996 
1178 32.970126 0.000000 1.091555 115.544607 -0.016318 -4.560134 -0.337135 
1179 32.376556 0.000000 1.091555 120.576890 -0.008367 -3.384874 -0.455024 
1180 32.970126 0.000000 -2.224022 104.574230 -0.167363 0.384729 -0.093595 
1181 32.376556 0.000000 -2.224022 96.215171 -0.077868 -0.027978 0.074263 
1182 32.970126 0.000000 -2.776618 103.368931 -0.109575 0.942211 -0.068604 
1183 35.344407 0.000000 -0.013638 144.735516 0.019604 0.680151 -1.094883 
1184 35.641192 0.000000 -0.842532 101.022980 -0.071477 2.641215 -0.021262 
1185 35.344407 0.000000 -0.842532 100.508558 -0.074436 2.500700 -0.010823 
1186 35.641192 0.000000 -0.566234 100.778552 -0.072022 2.670344 -0.016345 
1187 40.686539 0.000000 3.854535 98.678921 0.076219 0.408890 0.026230 
1188 41.873679 0.000000 3.854535 99.033047 0.240420 0.475230 0.019217 
1189 40.686539 0.000000 4.959728 99.656158 0.541824 1.185815 0.006695 
1190 36.234763 0.000000 -1.395128 101.808754 -0.061823 2.838741 -0.037308 
1191 36.234763 0.000000 -1.671426 101.520476 -0.058788 2.858096 -0.031458 
1192 35.641192 0.000000 1.367853 103.022887 -0.107328 -7.362029 -0.066793 
1193 35.344407 0.000000 1.367853 103.152449 -0.107774 -7.298342 -0.069371 
1194 35.641192 0.000000 1.091555 101.866814 -0.098097 -6.319081 -0.041679 
1195 36.234763 0.000000 1.920449 102.704274 -0.098747 -7.494746 -0.060435 
1196 36.234763 0.000000 2.196747 102.682584 -0.096211 -7.510618 -0.060013 
1197 37.718688 0.000000 -2.224022 104.764522 0.016580 3.566820 -0.098833 
1198 37.718688 0.000000 -2.776618 103.918340 0.014940 4.044385 -0.081538 
1199 38.312258 0.000000 -2.224022 113.136300 -0.004707 5.459725 -0.282963 
1200 37.421903 0.000000 -1.395128 101.740088 0.005022 2.668494 -0.035817 
1201 37.421903 0.000000 -1.671426 101.948520 0.011020 2.704086 -0.040081 
1202 37.718688 0.000000 -1.395128 102.522789 0.014608 2.571627 -0.051754 
1203 37.421903 0.000000 1.920449 101.574573 -0.045292 -7.609218 -0.037530 
1204 37.718688 0.000000 1.920449 101.275035 -0.049900 -7.624726 -0.031477 
1205 37.421903 0.000000 2.196747 101.456146 -0.046632 -1.360192 -0.029520 
1206 48.996522 0.000000 -3.881811 100.934836 0.019874 4.640270 -0.020937 
1207 48.996522 0.000000 -6.092195 100.250338 0.121688 4.160407 -0.006745 
1208 51.370803 0.000000 -3.881811 101.713540 -0.012677 8.417093 -0.041649 
1209 41.280109 0.000000 -1.118830 112.353517 0.018856 1.206490 -0.262477 
1210 41.280109 0.000000 -1.671426 113.007002 0.015163 3.524690 -0.278301 
1211 41.280109 0.000000 -0.566234 112.269075 0.018466 1.197195 -0.260578 
1212 41.280109 0.000000 -0.013638 -61.417633 0.032142 -1.120627 0.622662 
1213 40.686539 0.000000 -0.013638 -59.546198 -0.027503 1.248507 0.645269 
1214 41.873679 0.000000 -0.013638 -64.664143 0.013574 0.086547 0.581854 
1215 40.092969 0.000000 -0.013638 -62.281737 0.000671 2.271330 0.611583 
1216 40.092969 0.000000 2.196747 94.736558 -0.032217 -3.959640 0.100930 
1217 40.686539 0.000000 2.196747 93.421918 -0.069056 -1.644622 0.126964 
1218 40.092969 0.000000 2.749343 97.117915 0.030561 -1.722258 0.056514 
1219 45.435101 0.000000 -2.776618 106.877849 0.009434 8.511431 -0.149532 
1220 45.435101 0.000000 -3.881811 98.925686 0.067646 8.316394 0.014454 
1221 46.622241 0.000000 -2.776618 106.875987 0.009389 8.523035 -0.149512 
1222 48.996522 0.000000 4.959728 99.363075 0.092442 2.938050 0.011834 
1223 51.370803 0.000000 4.959728 99.401008 -0.067294 2.669612 0.011231 
1224 48.996522 0.000000 7.170112 99.555464 -0.138432 3.221107 0.007831 
1225 43.060820 0.000000 3.854535 99.305767 0.214318 0.392961 0.013816 
1226 44.247960 0.000000 3.854535 98.733889 0.041959 0.544364 0.025132 
1227 43.060820 0.000000 4.959728 99.494299 0.153929 1.286377 0.009921 
1228 45.435101 0.000000 3.854535 98.117448 -0.001809 1.212139 0.037150 
1229 46.622241 0.000000 3.854535 98.092276 -0.028705 2.135380 0.037334 
1230 45.435101 0.000000 4.959728 98.786983 -0.017671 1.913361 0.023747 
1231 43.654390 0.000000 -0.013638 100.538278 0.022844 -26.919509 -0.083261 
1232 43.060820 0.000000 -0.013638 -66.061545 0.013997 -1.044417 0.563478 
1233 43.654390 0.000000 0.538958 100.761028 0.039514 -25.182677 -0.078695 
1234 42.467250 0.000000 -0.013638 -63.899777 0.013211 0.356771 0.591669 
1235 44.841530 0.000000 -1.118830 114.887902 0.061032 12.417827 -0.335344 
1236 44.841530 0.000000 -1.671426 107.676309 0.014200 9.489002 -0.168423 
1237 45.435101 0.000000 -1.118830 118.924751 0.038892 13.545103 -0.432657 
1238 255.558951 0.000000 214.946266 99.759036 -0.001848 6.956726 -0.000026 
1239 331.535936 0.000000 214.946266 99.758389 -0.002004 6.955925 -0.000012 
1240 255.558951 0.000000 285.678573 99.758575 -0.001315 6.965237 -0.000029 
1241 141.593473 0.000000 108.847804 99.766557 -0.002887 6.903515 -0.000102 
1242 179.581965 0.000000 108.847804 99.763843 -0.003442 6.900947 -0.000045 
1243 141.593473 0.000000 144.213958 99.765080 -0.002071 6.935210 -0.000117 
1244 84.610734 0.000000 55.798574 99.795449 -0.006039 6.715339 -0.000423 
1245 103.604980 0.000000 55.798574 99.782427 -0.005310 6.712033 -0.000158 
1246 84.610734 0.000000 73.481651 99.793671 -0.000286 6.823525 -0.000534 
1247 3.885187 0.000000 16.011651 99.943547 0.020535 7.335418 -0.004252 
1248 -0.863375 0.000000 16.011651 99.645693 0.103647 7.223285 0.001855 
1249 3.885187 0.000000 20.432420 99.874376 0.115107 7.148852 -0.002601 
1250 -5.611936 0.000000 16.011651 99.595680 0.137196 7.111384 0.003011 
1251 -10.360498 0.000000 16.011651 99.636426 0.118692 7.053963 0.002281 
1252 -5.611936 0.000000 20.432420 99.652744 0.142674 7.076988 0.001923 
1253 56.119364 0.000000 29.273958 99.791050 -0.070243 6.174756 0.000361 
1254 65.616487 0.000000 29.273958 99.771038 -0.080915 6.203298 0.000725 
1255 56.119364 0.000000 38.115497 99.820515 -0.087894 6.490579 -0.000627 
1256 6.259468 0.000000 9.380497 99.835927 -0.122327 7.549016 -0.002422 
1257 3.885187 0.000000 9.380497 99.748166 -0.082198 7.618767 -0.000775 
1258 6.259468 0.000000 11.590882 99.934398 -0.101723 7.493819 -0.004305 
1259 1.510906 0.000000 9.380497 99.488533 -0.052347 7.550002 0.004503 
1260 -0.863375 0.000000 9.380497 99.508570 0.041708 7.497733 0.004183 
1261 1.510906 0.000000 11.590882 99.630521 -0.030969 7.445547 0.001832 
1262 -3.237656 0.000000 9.380497 99.431770 0.145552 7.270489 0.006044 
1263 -5.611936 0.000000 9.380497 99.476537 0.058917 7.114960 0.005379 
1264 -3.237656 0.000000 11.590882 99.498684 0.054769 7.184609 0.004839 
1265 2.698046 0.000000 3.854535 99.267280 -0.125492 9.115891 0.006289 
1266 1.510906 0.000000 3.854535 98.621700 -0.077117 8.778692 0.019669 
1267 2.698046 0.000000 4.959728 99.403062 -0.097755 8.541729 0.004606 
1268 0.917336 0.000000 1.091555 95.369740 -0.049741 11.767398 0.076614 
1269 0.323766 0.000000 1.091555 94.939884 -0.040137 9.894386 0.088852 
1270 0.917336 0.000000 1.644151 96.411070 -0.049347 10.406125 0.059662 
1271 41.873679 0.000000 16.011651 100.611985 -0.030782 4.985854 -0.014763 
1272 46.622241 0.000000 16.011651 100.379925 -0.323688 4.906343 -0.010031 
1273 41.873679 0.000000 20.432420 100.542106 0.063400 5.524949 -0.013924 
1274 16.943731 0.000000 6.064920 102.405854 -0.003666 6.739962 -0.053239 
1275 15.756591 0.000000 6.064920 102.380517 -0.042854 7.713990 -0.054128 
1276 16.943731 0.000000 7.170112 101.813905 -0.065317 7.009827 -0.041521 
1277 14.569450 0.000000 6.064920 101.289173 -0.007509 8.324917 -0.032880 
1278 13.382310 0.000000 6.064920 100.383508 -0.034976 8.372624 -0.014695 
1279 14.569450 0.000000 7.170112 101.045525 -0.019897 7.909641 -0.027276 
1280 24.660144 0.000000 -0.013638 106.493623 -0.025711 -0.535479 -0.134118 
1281 25.253714 0.000000 -0.013638 109.637157 -0.009630 0.790091 -0.202093 
1282 24.660144 0.000000 0.538958 113.046710 -0.013692 0.749446 -0.278012 
1283 34.750837 0.000000 9.380497 101.684237 -0.183670 4.167052 -0.035708 
1284 37.125118 0.000000 9.380497 101.409884 -0.160041 3.839412 -0.029873 
1285 34.750837 0.000000 11.590882 101.455504 -0.412346 4.555484 -0.031414 
1286 26.440854 0.000000 6.064920 102.561878 -0.046251 3.507352 -0.053124 
1287 27.627995 0.000000 6.064920 102.508936 -0.134974 3.423601 -0.051982 
1288 26.440854 0.000000 7.170112 102.298726 0.055121 4.387890 -0.048429 
1289 24.660144 0.000000 -2.224022 94.923262 -0.084925 1.495978 0.098733 
1290 24.660144 0.000000 -2.776618 95.056345 -0.071871 0.947303 0.096339 
1291 25.253714 0.000000 -2.224022 98.992949 -0.046303 0.892010 0.019960 
1292 24.660144 0.000000 4.407132 102.835303 -0.073498 1.147122 -0.057642 
1293 25.253714 0.000000 4.407132 102.674153 -0.091154 1.265500 -0.054359 
1294 24.660144 0.000000 4.959728 102.810572 -0.057786 2.341351 -0.057550 
1295 25.847284 0.000000 -0.013638 109.562439 -0.013789 0.004239 -0.200393 
1296 26.440854 0.000000 -0.013638 109.697323 -0.014314 -0.119514 -0.203352 
1297 25.847284 0.000000 0.538958 109.551296 -0.013786 0.007429 -0.200149 
1298 25.847284 0.000000 -2.224022 96.168634 -0.029409 1.125357 0.075033 
1299 25.847284 0.000000 -2.776618 97.020105 -0.031385 0.968840 0.058616 
1300 26.440854 0.000000 -2.224022 96.659680 -0.062311 1.153597 0.065557 
1301 28.815135 0.000000 6.064920 102.451268 -0.117297 3.294797 -0.050713 
1302 30.002275 0.000000 6.064920 102.238792 -0.030896 3.198290 -0.046300 
1303 28.815135 0.000000 7.170112 102.252210 -0.016646 4.047052 -0.047189 
1304 25.847284 0.000000 4.407132 102.620079 -0.066390 1.270937 -0.053250 
1305 26.440854 0.000000 4.407132 102.751380 -0.041028 1.360144 -0.055970 
1306 25.847284 0.000000 4.959728 102.669370 -0.044475 2.303585 -0.054631 
1307 31.782986 0.000000 -0.013638 104.434813 -0.039906 0.174750 -0.090666 
1308 31.189416 0.000000 -0.013638 105.140492 -0.028405 0.208484 -0.105457 
1309 31.782986 0.000000 0.538958 104.423839 -0.039800 0.174914 -0.090437 
1310 30.595846 0.000000 -0.013638 104.587562 -0.021829 -0.270896 -0.093863 
1311 30.002275 0.000000 -0.013638 104.573754 -0.021343 -0.352187 -0.093579 
1312 30.595846 0.000000 0.538958 104.575702 -0.021821 -0.269724 -0.093615 
1313 30.595846 0.000000 1.091555 104.655920 -0.025659 -0.407694 -0.095303 
1314 30.002275 0.000000 1.091555 102.737447 -0.015461 -0.484419 -0.055522 
1315 31.189416 0.000000 1.091555 105.188204 -0.028525 0.208593 -0.106460 
1316 31.782986 0.000000 1.091555 105.401971 -0.029062 0.209080 -0.110962 
1317 31.782986 0.000000 -2.224022 101.630290 0.010864 -0.094495 -0.032872 
1318 31.189416 0.000000 -2.224022 97.649267 -0.079182 -0.259614 0.046455 
1319 31.782986 0.000000 -2.776618 101.699075 0.008466 0.926777 -0.034356 
1320 30.595846 0.000000 -2.224022 98.466064 -0.069785 0.278652 0.030435 
1321 30.002275 0.000000 -2.224022 101.797305 -0.068970 1.158840 -0.036404 
1322 30.595846 0.000000 -2.776618 97.970247 -0.071530 1.270428 0.040021 
1323 51.370803 0.000000 16.011651 100.214586 -0.136894 4.867091 -0.006667 
1324 56.119364 0.000000 16.011651 99.876014 0.141350 4.979103 -0.000003 
1325 51.370803 0.000000 20.432420 100.079866 0.177607 5.475877 -0.004600 
1326 39.499399 0.000000 9.380497 101.065647 -0.042023 3.540408 -0.022680 
1327 41.873679 0.000000 9.380497 100.605644 -0.166925 3.352541 -0.013276 
1328 39.499399 0.000000 11.590882 100.875950 -0.335136 4.010917 -0.019216 
1329 38.905828 0.000000 -2.224022 105.037992 0.036365 3.953034 -0.104861 
1330 38.905828 0.000000 -2.776618 103.843859 0.032729 4.066233 -0.080008 
1331 39.499399 0.000000 -2.224022 114.079895 0.005972 7.808643 -0.307520 
1332 41.280109 0.000000 2.196747 95.053033 0.037791 -0.918152 0.096408 
1333 41.873679 0.000000 2.196747 97.121546 0.016835 -1.217367 0.056592 
1334 41.280109 0.000000 2.749343 96.769249 0.088275 -0.382715 0.063556 
1335 40.092969 0.000000 -2.224022 113.607354 0.006156 7.188154 -0.295830 
1336 40.092969 0.000000 -2.776618 113.122420 0.006345 6.551391 -0.283960 
1337 40.686539 0.000000 -2.224022 109.718848 0.078332 5.478555 -0.206825 
1338 43.654390 0.000000 1.091555 100.761707 0.048965 -26.008313 -0.082936 
1339 44.247960 0.000000 1.091555 100.755537 0.028923 -29.481937 -0.102086 
1340 43.654390 0.000000 1.644151 99.079990 0.098838 -4.567218 0.016229 
1341 42.467250 0.000000 2.196747 98.759242 0.130630 -2.189596 0.024180 
1342 43.060820 0.000000 2.196747 99.143191 0.113697 -2.543496 0.016415 
1343 42.467250 0.000000 2.749343 98.980465 0.120055 -0.840422 0.020215 
1344 44.841530 0.000000 1.091555 98.206844 0.034400 -35.943293 -0.093651 
1345 45.435101 0.000000 1.091555 93.246226 0.021697 -4.881976 0.128131 
1346 44.841530 0.000000 1.644151 95.572732 0.044385 -3.499938 0.085360 
1347 0.323766 0.000000 3.854535 98.323921 -0.035047 8.226865 0.026472 
1348 -0.863375 0.000000 3.854535 98.453430 -0.019183 7.725205 0.024724 
1349 0.323766 0.000000 4.959728 98.748079 -0.033122 7.975218 0.018521 
1350 12.195170 0.000000 6.064920 99.920177 -0.025595 8.156047 -0.005056 
1351 11.008029 0.000000 6.064920 99.727829 0.004773 7.982398 -0.000936 
1352 12.195170 0.000000 7.170112 100.048151 0.029983 7.947408 -0.007279 
1353 9.820889 0.000000 6.064920 99.732311 -0.038853 7.714747 -0.000605 
1354 8.633748 0.000000 6.064920 99.823952 -0.070653 7.611259 -0.002276 
1355 9.820889 0.000000 7.170112 99.797071 -0.046990 7.656587 -0.001808 
1356 31.189416 0.000000 6.064920 102.140503 -0.089500 3.196293 -0.044291 
1357 32.376556 0.000000 6.064920 102.130411 -0.107801 3.041182 -0.043988 
1358 31.189416 0.000000 7.170112 102.062086 -0.090346 3.728383 -0.043058 
1359 29.408705 0.000000 -0.013638 103.059480 -0.016086 -0.579188 -0.062159 
1360 28.815135 0.000000 -0.013638 104.441699 -0.017819 -0.893100 -0.090887 
1361 29.408705 0.000000 0.538958 103.064008 -0.016112 -0.582234 -0.062253 
1362 29.408705 0.000000 1.091555 103.049667 -0.016064 -0.576137 -0.061957 
1363 28.815135 0.000000 1.091555 104.430418 -0.017743 -0.884368 -0.090649 
1364 29.408705 0.000000 -2.224022 95.782254 -0.084687 0.377290 0.082561 
1365 28.815135 0.000000 -2.224022 104.697720 -0.060672 -0.120684 -0.096163 
1366 29.408705 0.000000 -2.776618 96.965603 -0.133877 1.025946 0.059660 
1367 44.247960 0.000000 9.380497 100.585617 -0.009047 3.339163 -0.012862 
1368 46.622241 0.000000 9.380497 99.856333 -0.025504 3.410460 0.001708 
1369 44.247960 0.000000 11.590882 100.179834 -0.247488 4.031572 -0.005231 
1370 33.563697 0.000000 6.064920 102.152284 -0.046342 2.878070 -0.044337 
1371 34.750837 0.000000 6.064920 102.110073 0.100287 2.663630 -0.043357 
1372 33.563697 0.000000 7.170112 102.052784 -0.132018 3.291719 -0.042562 
1373 41.280109 0.000000 -2.224022 113.089212 0.002687 9.153108 -0.287295 
1374 41.280109 0.000000 -2.776618 112.233838 0.005030 8.219392 -0.266399 
1375 41.873679 0.000000 -2.224022 113.921619 0.000408 10.061754 -0.307937 
1376 48.996522 0.000000 9.380497 99.469949 0.015883 3.625313 0.009259 
1377 51.370803 0.000000 9.380497 99.446191 -0.015384 3.644172 0.009717 
1378 48.996522 0.000000 11.590882 99.991665 -0.126278 4.076100 -0.001496 
1379 43.654390 0.000000 2.196747 98.497930 0.095054 -2.567301 0.029156 
1380 44.247960 0.000000 2.196747 97.506651 0.083354 -2.342975 0.048696 
1381 43.654390 0.000000 2.749343 98.675995 0.189956 -1.229655 0.026150 
1382 42.467250 0.000000 -2.224022 107.951249 0.048702 8.292232 -0.172224 
1383 42.467250 0.000000 -2.776618 106.504296 -0.018944 8.699082 -0.141884 
1384 43.060820 0.000000 -2.224022 109.319020 0.011612 10.974976 -0.207110 
1385 44.841530 0.000000 2.196747 96.683144 0.029223 -1.703180 0.064947 
1386 45.435101 0.000000 2.196747 96.079556 -0.008220 -0.800622 0.076808 
1387 44.841530 0.000000 2.749343 97.414769 0.029029 -0.564955 0.051004 
1 11 62 60 61 
2 62 10 24 60 
3 60 24 14 63 
4 61 60 63 6 
5 24 66 64 65 
6 66 23 40 64 
7 64 40 27 67 
8 65 64 67 14 
9 40 70 68 69 
10 69 68 71 27 
11 6 63 92 93 
12 63 14 36 92 
13 92 36 19 94 
14 93 92 94 20 
15 14 67 95 96 
16 67 27 52 95 
17 95 52 35 97 
18 96 95 97 36 
19 27 71 98 99 
20 99 98 100 52 
21 68 112 110 111 
22 112 56 80 110 
23 110 80 43 113 
24 111 110 113 71 
25 80 116 114 115 
26 115 114 117 43 
27 71 113 133 134 
28 113 43 102 133 
29 133 102 76 135 
30 134 133 135 98 
31 43 117 136 137 
32 137 136 138 102 
33 114 141 139 140 
34 141 106 129 139 
35 139 129 83 142 
36 140 139 142 117 
37 12 145 143 144 
38 145 7 146 143 
39 143 146 13 25 
40 144 143 25 10 
41 25 149 147 148 
42 149 13 150 147 
43 147 150 26 41 
44 148 147 41 23 
45 41 153 151 152 
46 153 26 154 151 
47 151 154 42 57 
48 152 151 57 39 
49 39 157 155 156 
50 157 57 158 155 
51 155 158 55 81 
52 156 155 81 56 
53 81 161 159 160 
54 161 55 162 159 
55 159 162 82 107 
56 160 159 107 79 
57 79 165 163 164 
58 165 107 166 163 
59 106 169 167 168 
60 168 167 171 129 
61 56 174 172 173 
62 174 81 160 172 
63 172 160 79 116 
64 173 172 116 80 
65 116 177 175 176 
66 177 79 164 175 
67 175 164 106 141 
68 176 175 141 114 
69 164 180 178 179 
70 180 163 181 178 
71 178 181 130 169 
72 179 178 169 106 
73 169 196 194 195 
74 196 130 197 194 
75 194 197 170 198 
76 195 194 198 167 
77 199 201 124 202 
78 200 199 202 125 
79 129 171 203 204 
80 203 205 132 206 
81 204 203 206 83 
82 167 198 207 208 
83 198 170 209 207 
84 207 209 128 210 
85 208 207 210 171 
86 107 212 211 166 
87 212 82 213 211 
88 163 215 214 181 
89 215 166 216 214 
90 214 216 105 191 
91 181 214 191 130 
92 191 223 221 222 
93 223 105 224 221 
94 221 224 192 225 
95 222 221 225 190 
96 226 227 109 228 
97 205 226 228 132 
98 232 233 126 234 
99 201 232 234 124 
100 235 236 189 237 
101 227 235 237 109 
102 193 240 238 239 
103 240 131 241 238 
104 238 241 227 242 
105 239 238 242 226 
106 166 244 243 216 
107 244 211 245 243 
108 243 245 187 218 
109 216 243 218 105 
110 251 108 252 250 
111 250 252 188 253 
112 218 256 254 255 
113 256 187 257 254 
114 254 257 219 258 
115 255 254 258 217 
116 131 260 259 241 
117 260 220 261 259 
118 259 261 235 262 
119 241 259 262 227 
120 253 188 264 263 
121 263 264 59 265 
122 236 263 265 189 
123 220 267 266 261 
124 267 186 268 266 
125 266 268 236 269 
126 261 266 269 235 
127 57 271 270 158 
128 271 42 272 270 
129 270 272 58 89 
130 158 270 89 55 
131 55 274 273 162 
132 274 89 275 273 
133 273 275 88 183 
134 162 273 183 82 
135 82 277 276 213 
136 277 183 278 276 
137 211 280 279 245 
138 280 213 281 279 
139 279 281 108 251 
140 245 279 251 187 
141 187 283 282 257 
142 283 251 284 282 
143 282 284 250 285 
144 257 282 285 219 
145 108 287 286 252 
146 286 288 246 289 
147 252 286 289 188 
148 213 291 290 281 
149 291 276 292 290 
150 281 290 287 108 
151 306 182 307 305 
152 305 307 248 308 
153 288 305 308 246 
154 287 311 309 310 
155 309 312 288 313 
156 310 309 313 286 
157 183 315 314 278 
158 315 88 316 314 
159 276 318 317 292 
160 318 278 319 317 
161 317 319 182 306 
162 290 322 320 321 
163 322 292 323 320 
164 320 323 247 311 
165 321 320 311 287 
166 247 325 324 312 
167 325 306 326 324 
168 324 326 305 327 
169 312 324 327 288 
170 311 330 328 329 
171 330 247 331 328 
172 328 331 312 332 
173 329 328 332 309 
174 188 289 336 264 
175 289 246 337 336 
176 339 341 333 342 
177 340 339 342 233 
178 264 345 343 344 
179 345 336 346 343 
180 344 343 347 59 
181 246 308 348 337 
182 308 248 349 348 
183 348 349 185 350 
184 337 348 350 249 
185 336 352 351 346 
186 352 337 353 351 
187 351 353 249 354 
188 346 351 354 338 
189 189 265 355 356 
190 265 59 340 355 
191 355 340 233 357 
192 356 355 357 232 
193 59 347 358 359 
194 347 338 360 358 
195 358 360 339 361 
196 359 358 361 340 
197 343 364 362 363 
198 364 346 365 362 
199 362 365 338 366 
200 363 362 366 347 
201 249 350 376 341 
202 350 185 377 376 
203 376 377 334 378 
204 341 376 378 333 
205 182 380 379 307 
206 379 381 301 382 
207 307 379 382 248 
208 278 384 383 319 
209 384 314 385 383 
210 383 385 302 380 
211 319 383 380 182 
212 302 391 390 381 
213 391 184 392 390 
214 390 392 303 393 
215 381 390 393 301 
216 380 396 394 395 
217 396 302 397 394 
218 394 397 381 398 
219 395 394 398 379 
220 185 400 399 377 
221 400 304 401 399 
222 399 401 373 402 
223 377 399 402 334 
224 304 407 406 401 
225 407 91 408 406 
226 406 408 374 409 
227 401 406 409 373 
228 89 411 410 275 
229 411 58 412 410 
230 410 412 90 298 
231 275 410 298 88 
232 88 414 413 316 
233 414 298 415 413 
234 184 417 416 392 
235 392 416 419 303 
236 91 421 420 408 
237 421 389 422 420 
238 420 422 403 423 
239 408 420 423 374 
240 298 437 436 415 
241 437 90 438 436 
242 413 441 439 440 
243 441 415 442 439 
244 316 450 448 449 
245 450 413 440 448 
246 449 448 417 184 
247 440 453 451 452 
248 453 439 454 451 
249 451 454 433 445 
250 452 451 445 387 
251 460 297 461 459 
252 459 461 434 462 
253 445 465 463 464 
254 465 433 466 463 
255 463 466 446 467 
256 417 470 468 469 
257 470 387 444 468 
258 468 444 418 471 
259 469 468 471 416 
260 387 474 472 473 
261 474 445 464 472 
262 473 472 475 444 
263 386 435 476 477 
264 435 388 478 476 
265 476 478 300 479 
266 477 476 479 389 
267 418 447 480 481 
268 447 432 482 480 
269 480 482 435 483 
270 481 480 483 386 
271 467 446 486 484 
272 484 486 432 487 
273 485 484 487 447 
274 464 490 488 489 
275 490 463 491 488 
276 488 491 467 492 
277 444 475 493 494 
278 493 485 447 495 
279 494 493 495 418 
280 472 498 496 497 
281 498 464 489 496 
282 496 489 443 499 
283 497 496 499 475 
284 443 492 500 501 
285 492 467 502 500 
286 500 502 484 503 
287 501 500 503 485 
288 489 506 504 505 
289 506 488 507 504 
290 504 507 492 508 
291 505 504 508 443 
292 415 519 518 442 
293 519 436 520 518 
294 439 522 521 454 
295 522 442 523 521 
296 521 523 297 460 
297 454 521 460 433 
298 433 525 524 466 
299 525 460 526 524 
300 524 526 459 527 
301 466 524 527 446 
302 479 534 532 533 
303 534 300 535 532 
304 532 535 516 536 
305 389 539 537 538 
306 539 479 533 537 
307 537 533 515 540 
308 538 537 540 422 
309 19 38 541 542 
310 38 21 543 541 
311 541 543 9 544 
312 542 541 544 22 
313 35 54 545 546 
314 54 37 547 545 
315 545 547 21 548 
316 546 545 548 38 
317 51 78 549 550 
318 78 53 551 549 
319 549 551 37 552 
320 550 549 552 54 
321 75 123 553 554 
322 123 77 555 553 
323 553 555 53 556 
324 554 553 556 78 
325 121 372 557 558 
326 372 122 559 557 
327 557 559 77 560 
328 558 557 560 123 
329 230 405 561 562 
330 405 370 563 561 
331 561 563 372 564 
332 562 561 564 121 
333 403 517 565 566 
334 517 404 567 565 
335 565 567 370 568 
336 566 565 568 405 
337 515 536 569 570 
338 536 516 571 569 
339 569 571 404 572 
340 570 569 572 517 
341 533 575 573 574 
342 575 532 576 573 
343 573 576 536 577 
344 574 573 577 515 
345 297 579 578 461 
346 579 456 580 578 
347 578 580 455 581 
348 461 578 581 434 
349 388 458 582 478 
350 458 428 583 582 
351 582 583 431 529 
352 478 582 529 300 
353 300 585 584 535 
354 585 529 586 584 
355 584 586 528 587 
356 535 584 587 516 
357 593 299 594 592 
358 592 594 430 595 
359 7 597 596 146 
360 597 16 598 596 
361 596 598 15 32 
362 146 596 32 13 
363 13 600 599 150 
364 600 32 601 599 
365 599 601 31 48 
366 150 599 48 26 
367 26 603 602 154 
368 603 48 604 602 
369 602 604 47 85 
370 154 602 85 42 
371 42 606 605 272 
372 606 85 607 605 
373 605 607 84 294 
374 272 605 294 58 
375 58 609 608 412 
376 609 294 610 608 
377 608 610 293 425 
378 412 608 425 90 
379 90 612 611 438 
380 612 425 613 611 
381 436 615 614 520 
382 615 438 616 614 
383 614 616 299 593 
384 429 619 617 618 
385 619 593 620 617 
386 617 620 592 621 
387 618 617 621 457 
388 626 5 627 625 
389 625 627 513 628 
390 428 595 629 583 
391 595 430 630 629 
392 629 630 5 626 
393 583 629 626 431 
394 431 633 631 632 
395 633 626 634 631 
396 631 634 625 635 
397 632 631 635 530 
398 299 637 636 594 
399 594 636 639 430 
400 430 639 640 630 
401 630 640 642 5 
402 438 644 643 616 
403 644 611 645 643 
404 616 643 637 299 
405 15 647 646 33 
406 647 17 648 646 
407 646 648 8 649 
408 33 646 649 18 
409 31 651 650 49 
410 651 33 652 650 
411 650 652 18 653 
412 49 650 653 34 
413 47 655 654 86 
414 655 49 656 654 
415 654 656 34 657 
416 86 654 657 50 
417 659 86 660 658 
418 658 660 50 661 
419 637 676 674 675 
420 676 589 677 674 
421 674 677 638 678 
422 675 674 678 636 
423 5 642 682 627 
424 642 591 683 682 
425 682 683 622 684 
426 627 682 684 513 
427 640 687 685 686 
428 687 641 688 685 
429 685 688 591 689 
430 686 685 689 642 
431 425 691 690 613 
432 691 293 692 690 
433 611 694 693 645 
434 694 613 695 693 
435 671 702 700 701 
436 702 424 703 700 
437 700 703 672 704 
438 701 700 704 670 
439 18 649 705 45 
440 649 8 706 705 
441 705 706 29 707 
442 45 705 707 28 
443 34 653 708 73 
444 653 18 709 708 
445 708 709 45 710 
446 73 708 710 44 
447 50 657 711 119 
448 657 34 712 711 
449 711 712 73 713 
450 119 711 713 72 
451 661 50 715 714 
452 714 715 119 716 
453 720 721 510 722 
454 591 681 726 683 
455 681 427 727 726 
456 726 727 623 728 
457 683 726 728 622 
458 679 731 729 730 
459 731 680 732 729 
460 729 732 427 733 
461 730 729 733 681 
462 613 735 734 695 
463 735 690 736 734 
464 424 738 737 703 
465 738 697 739 737 
466 737 739 696 740 
467 703 737 740 672 
468 427 725 741 727 
469 725 669 742 741 
470 741 742 720 743 
471 727 741 743 623 
472 680 745 744 732 
473 745 723 746 744 
474 744 746 725 747 
475 732 744 747 427 
476 757 667 758 756 
477 756 758 698 759 
478 739 756 759 696 
479 294 761 760 610 
480 761 84 762 760 
481 760 762 295 663 
482 610 760 663 293 
483 293 764 763 692 
484 764 663 765 763 
485 690 767 766 736 
486 767 692 768 766 
487 734 771 769 770 
488 771 736 772 769 
489 769 772 667 757 
490 770 769 757 697 
491 697 775 773 774 
492 775 757 776 773 
493 773 776 756 777 
494 774 773 777 739 
495 782 724 783 781 
496 781 783 669 784 
497 746 781 784 725 
498 699 787 785 786 
499 787 666 788 785 
500 785 788 724 782 
501 786 785 782 723 
502 723 791 789 790 
503 791 782 792 789 
504 789 792 781 793 
505 790 789 793 746 
506 667 795 794 758 
507 758 794 797 698 
508 798 799 717 800 
509 721 798 800 510 
510 669 780 801 742 
511 780 296 802 801 
512 801 802 721 803 
513 742 801 803 720 
514 724 805 804 783 
515 804 806 780 807 
516 783 804 807 669 
517 736 809 808 772 
518 809 766 810 808 
519 808 810 753 795 
520 772 808 795 667 
521 795 821 819 820 
522 821 753 822 819 
523 819 822 796 823 
524 820 819 823 794 
525 666 825 824 788 
526 825 755 826 824 
527 788 824 805 724 
528 830 832 296 833 
529 806 830 833 780 
530 805 836 834 835 
531 836 778 837 834 
532 834 837 806 838 
533 835 834 838 804 
534 692 840 839 768 
535 840 763 841 839 
536 843 812 844 842 
537 842 844 811 845 
538 752 818 846 847 
539 818 754 848 846 
540 846 848 668 849 
541 847 846 849 755 
542 852 817 853 850 
543 850 853 754 854 
544 851 850 854 818 
545 796 857 855 856 
546 857 815 851 855 
547 855 851 818 858 
548 856 855 858 752 
549 766 860 859 810 
550 860 768 861 859 
551 859 861 426 816 
552 810 859 816 753 
553 816 864 862 863 
554 864 426 865 862 
555 862 865 817 852 
556 863 862 852 815 
557 815 868 866 867 
558 868 852 869 866 
559 866 869 850 870 
560 867 866 870 851 
561 755 849 871 826 
562 849 668 872 871 
563 668 874 873 872 
564 874 814 875 873 
565 873 875 827 876 
566 871 879 877 878 
567 879 872 880 877 
568 877 880 779 881 
569 826 884 882 883 
570 884 871 878 882 
571 882 878 831 885 
572 883 882 885 778 
573 296 829 886 802 
574 829 751 887 886 
575 886 887 798 888 
576 802 886 888 721 
577 876 827 890 889 
578 889 890 829 891 
579 832 889 891 296 
580 831 881 892 893 
581 881 779 894 892 
582 892 894 832 895 
583 893 892 895 830 
584 878 898 896 897 
585 898 877 899 896 
586 896 899 881 900 
587 897 896 900 831 
588 754 845 901 848 
589 845 811 902 901 
590 901 902 814 874 
591 848 901 874 668 
592 817 904 903 853 
593 904 842 905 903 
594 903 905 845 906 
595 853 903 906 754 
596 872 908 907 880 
597 908 873 909 907 
598 907 909 876 910 
599 880 907 910 779 
600 912 658 913 911 
601 911 913 661 914 
602 812 924 923 844 
603 924 749 925 923 
604 844 923 926 811 
605 814 931 930 875 
606 931 748 932 930 
607 875 930 933 827 
608 663 935 934 765 
609 935 295 936 934 
610 763 938 937 841 
611 938 765 939 937 
612 749 941 940 925 
613 941 920 942 940 
614 940 942 919 943 
615 925 940 943 813 
616 811 926 944 902 
617 926 813 945 944 
618 944 945 748 931 
619 902 944 931 814 
620 923 948 946 947 
621 948 925 949 946 
622 946 949 813 950 
623 947 946 950 926 
624 748 952 951 932 
625 952 922 953 951 
626 951 953 927 954 
627 932 951 954 828 
628 827 933 955 890 
629 933 828 956 955 
630 955 956 751 957 
631 890 955 957 829 
632 930 960 958 959 
633 960 932 961 958 
634 958 961 828 962 
635 959 958 962 933 
636 914 661 964 963 
637 963 964 714 965 
638 966 967 718 968 
639 799 966 968 717 
640 922 974 973 953 
641 974 750 975 973 
642 973 975 928 976 
643 953 973 976 927 
644 765 981 980 939 
645 981 934 982 980 
646 980 982 916 978 
647 662 985 983 984 
648 985 978 986 983 
649 983 986 977 987 
650 984 983 987 921 
651 750 989 988 975 
652 989 970 990 988 
653 988 990 969 991 
654 975 988 991 928 
655 664 993 992 917 
656 993 911 994 992 
657 992 994 914 995 
658 917 992 995 87 
659 997 664 998 996 
660 996 998 917 999 
661 978 1001 1000 986 
662 1001 916 1002 1000 
663 1000 1002 979 1003 
664 986 1000 1003 977 
665 999 917 1005 1004 
666 1004 1005 87 1006 
667 979 1009 1007 1008 
668 1009 996 1010 1007 
669 1007 1010 999 1011 
670 1008 1007 1011 915 
671 1 1014 1012 1013 
672 1014 12 144 1012 
673 1012 144 10 62 
674 1013 1012 62 11 
675 16 1016 1015 598 
676 1016 2 1017 1015 
677 1015 1017 17 647 
678 598 1015 647 15 
679 20 94 1018 1019 
680 94 19 542 1018 
681 1018 542 22 1020 
682 1019 1018 1020 4 
683 10 1023 1021 1022 
684 1023 25 148 1021 
685 1021 148 23 66 
686 1022 1021 66 24 
687 21 46 1024 543 
688 46 28 1025 1024 
689 1024 1025 30 1026 
690 543 1024 1026 9 
691 32 1028 1027 601 
692 1028 15 1029 1027 
693 1027 1029 33 651 
694 601 1027 651 31 
695 36 97 1030 1031 
696 97 35 546 1030 
697 1030 546 38 1032 
698 1031 1030 1032 19 
699 23 1035 1033 1034 
700 1035 41 152 1033 
701 1033 152 39 70 
702 1034 1033 70 40 
703 37 74 1036 547 
704 74 44 1037 1036 
705 1036 1037 46 1038 
706 547 1036 1038 21 
707 48 1040 1039 604 
708 1040 31 1041 1039 
709 1039 1041 49 655 
710 604 1039 655 47 
711 52 100 1042 1043 
712 100 51 550 1042 
713 1042 550 54 1044 
714 1043 1042 1044 35 
715 70 1047 1045 1046 
716 1047 39 156 1045 
717 1045 156 56 112 
718 1046 1045 112 68 
719 53 120 1048 551 
720 120 72 1049 1048 
721 1048 1049 74 1050 
722 551 1048 1050 37 
723 76 104 1051 1052 
724 104 75 554 1051 
725 1051 554 78 1053 
726 1052 1051 1053 51 
727 85 1055 1054 607 
728 1055 47 1056 1054 
729 1054 1056 86 659 
730 607 1054 659 84 
731 98 135 1057 1058 
732 135 76 1052 1057 
733 1057 1052 51 1059 
734 1058 1057 1059 100 
735 77 369 1060 555 
736 369 118 1061 1060 
737 1060 1061 120 1062 
738 555 1060 1062 53 
739 103 231 1063 1064 
740 231 121 558 1063 
741 1063 558 123 1065 
742 1064 1063 1065 75 
743 117 142 1066 1067 
744 142 83 200 1066 
745 1066 200 125 1068 
746 1067 1066 1068 136 
747 130 1070 1069 197 
748 1070 191 222 1069 
749 1069 222 190 1071 
750 197 1069 1071 170 
751 190 225 1072 1073 
752 225 192 1074 1072 
753 1072 1074 131 240 
754 1073 1072 240 193 
755 170 1071 1075 209 
756 1071 190 1073 1075 
757 1075 1073 193 1076 
758 209 1075 1076 128 
759 105 1078 1077 224 
760 1078 218 255 1077 
761 1077 255 217 1079 
762 224 1077 1079 192 
763 217 258 1080 1081 
764 258 219 1082 1080 
765 1080 1082 186 267 
766 1081 1080 267 220 
767 192 1079 1083 1074 
768 1079 217 1081 1083 
769 1083 1081 220 260 
770 1074 1083 260 131 
771 128 1076 1084 1085 
772 1076 193 239 1084 
773 1084 239 226 1086 
774 1085 1084 1086 205 
775 229 375 1087 1088 
776 375 230 562 1087 
777 1087 562 121 1089 
778 1088 1087 1089 231 
779 126 335 1090 1091 
780 335 229 1088 1090 
781 1090 1088 231 1092 
782 1091 1090 1092 103 
783 109 237 1093 1094 
784 237 189 356 1093 
785 1093 356 232 1095 
786 1094 1093 1095 201 
787 219 285 1096 1082 
788 285 250 1097 1096 
789 1096 1097 253 1098 
790 1082 1096 1098 186 
791 186 1098 1099 268 
792 1098 253 1100 1099 
793 1099 1100 263 1101 
794 268 1099 1101 236 
795 301 393 1102 1103 
796 393 303 1104 1102 
797 1102 1104 91 407 
798 1103 1102 407 304 
799 248 382 1105 349 
800 382 301 1103 1105 
801 1105 1103 304 400 
802 349 1105 400 185 
803 314 1107 1106 385 
804 1107 316 449 1106 
805 1106 449 184 391 
806 385 1106 391 302 
807 292 1109 1108 323 
808 1109 317 1110 1108 
809 1108 1110 306 325 
810 323 1108 325 247 
811 338 354 1111 360 
812 354 249 1112 1111 
813 1111 1112 341 1113 
814 360 1111 1113 339 
815 122 511 1114 559 
816 511 367 1115 1114 
817 1114 1115 369 1116 
818 559 1114 1116 77 
819 370 514 1117 563 
820 514 371 1118 1117 
821 1117 1118 122 1119 
822 563 1117 1119 372 
823 303 419 1120 1104 
824 419 386 477 1120 
825 1120 477 389 421 
826 1104 1120 421 91 
827 374 423 1121 1122 
828 423 403 566 1121 
829 1121 566 405 1123 
830 1122 1121 1123 230 
831 416 471 1124 1125 
832 471 418 481 1124 
833 1124 481 386 1126 
834 1125 1124 1126 419 
835 432 462 1127 482 
836 462 434 1128 1127 
837 1127 1128 388 1129 
838 482 1127 1129 435 
839 448 1132 1130 1131 
840 1132 440 452 1130 
841 1130 452 387 470 
842 1131 1130 470 417 
843 456 1134 1133 580 
844 1134 429 618 1133 
845 1133 618 457 1135 
846 580 1133 1135 455 
847 434 581 1136 1128 
848 581 455 1137 1136 
849 1136 1137 458 1138 
850 1128 1136 1138 388 
851 446 527 1139 486 
852 527 459 1140 1139 
853 1139 1140 462 1141 
854 486 1139 1141 432 
855 475 499 1142 1143 
856 499 443 501 1142 
857 1142 501 485 1144 
858 1143 1142 1144 493 
859 371 624 1145 1118 
860 624 509 1146 1145 
861 1145 1146 511 1147 
862 1118 1145 1147 122 
863 404 531 1148 567 
864 531 512 1149 1148 
865 1148 1149 514 1150 
866 567 1148 1150 370 
867 422 540 1151 1152 
868 540 515 570 1151 
869 1151 570 517 1153 
870 1152 1151 1153 403 
871 442 1155 1154 523 
872 1155 518 1156 1154 
873 1154 1156 456 579 
874 523 1154 579 297 
875 529 1158 1157 586 
876 1158 431 632 1157 
877 1157 632 530 1159 
878 586 1157 1159 528 
879 516 587 1160 571 
880 587 528 1161 1160 
881 1160 1161 531 1162 
882 571 1160 1162 404 
883 84 1164 1163 762 
884 1164 659 1165 1163 
885 1163 1165 658 912 
886 762 1163 912 295 
887 589 1167 1166 677 
888 1167 671 701 1166 
889 1166 701 670 1168 
890 677 1166 1168 638 
891 641 1170 1169 688 
892 1170 679 730 1169 
893 1169 730 681 1171 
894 688 1169 1171 591 
895 696 759 1172 1173 
896 759 698 1174 1172 
897 1172 1174 666 787 
898 1173 1172 787 699 
899 672 740 1175 1176 
900 740 696 1173 1175 
901 1175 1173 699 1177 
902 1176 1175 1177 590 
903 590 1177 1178 1179 
904 1177 699 786 1178 
905 1178 786 723 745 
906 1179 1178 745 680 
907 695 1182 1180 1181 
908 1182 734 770 1180 
909 1180 770 697 738 
910 1181 1180 738 424 
911 698 797 1183 1174 
912 797 752 847 1183 
913 1183 847 755 825 
914 1174 1183 825 666 
915 794 823 1184 1185 
916 823 796 856 1184 
917 1184 856 752 1186 
918 1185 1184 1186 797 
919 751 929 1187 887 
920 929 665 1188 1187 
921 1187 1188 799 1189 
922 887 1187 1189 798 
923 753 1191 1190 822 
924 1191 816 863 1190 
925 1190 863 815 857 
926 822 1190 857 796 
927 824 1194 1192 1193 
928 1194 826 883 1192 
929 1192 883 778 836 
930 1193 1192 836 805 
931 778 885 1195 837 
932 885 831 893 1195 
933 1195 893 830 1196 
934 837 1195 1196 806 
935 768 1198 1197 861 
936 1198 839 1199 1197 
937 1197 1199 812 843 
938 861 1197 843 426 
939 426 1201 1200 865 
940 1201 843 1202 1200 
941 1200 1202 842 904 
942 865 1200 904 817 
943 779 910 1203 894 
944 910 876 1204 1203 
945 1203 1204 889 1205 
946 894 1203 1205 832 
947 295 1207 1206 936 
948 1207 912 1208 1206 
949 1206 1208 911 993 
950 936 1206 993 664 
951 920 1210 1209 942 
952 1210 662 984 1209 
953 1209 984 921 1211 
954 942 1209 1211 919 
955 919 1211 1212 1213 
956 1211 921 1214 1212 
957 1212 1214 750 974 
958 1213 1212 974 922 
959 813 943 1215 945 
960 943 919 1213 1215 
961 1215 1213 922 952 
962 945 1215 952 748 
963 828 954 1216 956 
964 954 927 1217 1216 
965 1216 1217 929 1218 
966 956 1216 1218 751 
967 934 1220 1219 982 
968 1220 936 1221 1219 
969 1219 1221 664 997 
970 982 1219 997 916 
971 87 995 1222 967 
972 995 914 1223 1222 
973 1222 1223 963 1224 
974 967 1222 1224 718 
975 665 972 1225 1188 
976 972 918 1226 1225 
977 1225 1226 966 1227 
978 1188 1225 1227 799 
979 918 1006 1228 1226 
980 1006 87 1229 1228 
981 1228 1229 967 1230 
982 1226 1228 1230 966 
983 977 1003 1231 1232 
984 1003 979 1008 1231 
985 1231 1008 915 1233 
986 1232 1231 1233 970 
987 921 987 1234 1214 
988 987 977 1232 1234 
989 1234 1232 970 989 
990 1214 1234 989 750 
991 916 1236 1235 1002 
992 1236 997 1237 1235 
993 1235 1237 996 1009 
994 1002 1235 1009 979 
995 28 707 1238 1025 
996 707 29 1239 1238 
997 1238 1239 3 1240 
998 1025 1238 1240 30 
999 44 710 1241 1037 
1000 710 45 1242 1241 
1001 1241 1242 28 1243 
1002 1037 1241 1243 46 
1003 72 713 1244 1049 
1004 713 73 1245 1244 
1005 1244 1245 44 1246 
1006 1049 1244 1246 74 
1007 101 127 1247 1248 
1008 127 103 1064 1247 
1009 1247 1064 75 1249 
1010 1248 1247 1249 104 
1011 102 138 1250 1251 
1012 138 101 1248 1250 
1013 1250 1248 104 1252 
1014 1251 1250 1252 76 
1015 118 716 1253 1061 
1016 716 119 1254 1253 
1017 1253 1254 72 1255 
1018 1061 1253 1255 120 
1019 124 234 1256 1257 
1020 234 126 1091 1256 
1021 1256 1091 103 1258 
1022 1257 1256 1258 127 
1023 125 202 1259 1260 
1024 202 124 1257 1259 
1025 1259 1257 127 1261 
1026 1260 1259 1261 101 
1027 136 1068 1262 1263 
1028 1068 125 1260 1262 
1029 1262 1260 101 1264 
1030 1263 1262 1264 138 
1031 132 228 1265 1266 
1032 228 109 1094 1265 
1033 1265 1094 201 1267 
1034 1266 1265 1267 199 
1035 171 210 1268 1269 
1036 210 128 1085 1268 
1037 1268 1085 205 1270 
1038 1269 1268 1270 203 
1039 367 719 1271 1115 
1040 719 368 1272 1271 
1041 1271 1272 118 1273 
1042 1115 1271 1273 369 
1043 373 409 1274 1275 
1044 409 374 1122 1274 
1045 1274 1122 230 1276 
1046 1275 1274 1276 375 
1047 334 402 1277 1278 
1048 402 373 1275 1277 
1049 1277 1275 375 1279 
1050 1278 1277 1279 229 
1051 455 1135 1280 1137 
1052 1135 457 1281 1280 
1053 1280 1281 428 1282 
1054 1137 1280 1282 458 
1055 509 722 1283 1146 
1056 722 510 1284 1283 
1057 1283 1284 367 1285 
1058 1146 1283 1285 511 
1059 512 628 1286 1149 
1060 628 513 1287 1286 
1061 1286 1287 371 1288 
1062 1149 1286 1288 514 
1063 518 1290 1289 1156 
1064 1290 520 1291 1289 
1065 1289 1291 429 1134 
1066 1156 1289 1134 456 
1067 528 1159 1292 1161 
1068 1159 530 1293 1292 
1069 1292 1293 512 1294 
1070 1161 1292 1294 531 
1071 457 621 1295 1281 
1072 621 592 1296 1295 
1073 1295 1296 595 1297 
1074 1281 1295 1297 428 
1075 520 1299 1298 1291 
1076 1299 614 1300 1298 
1077 1298 1300 593 619 
1078 1291 1298 619 429 
1079 513 684 1301 1287 
1080 684 622 1302 1301 
1081 1301 1302 624 1303 
1082 1287 1301 1303 371 
1083 530 635 1304 1293 
1084 635 625 1305 1304 
1085 1304 1305 628 1306 
1086 1293 1304 1306 512 
1087 670 704 1307 1308 
1088 704 672 1176 1307 
1089 1307 1176 590 1309 
1090 1308 1307 1309 673 
1091 638 1168 1310 1311 
1092 1168 670 1308 1310 
1093 1310 1308 673 1312 
1094 1311 1310 1312 588 
1095 588 1312 1313 1314 
1096 1312 673 1315 1313 
1097 1313 1315 679 1170 
1098 1314 1313 1170 641 
1099 673 1309 1316 1315 
1100 1309 590 1179 1316 
1101 1316 1179 680 731 
1102 1315 1316 731 679 
1103 693 1319 1317 1318 
1104 1319 695 1181 1317 
1105 1317 1181 424 702 
1106 1318 1317 702 671 
1107 645 1322 1320 1321 
1108 1322 693 1318 1320 
1109 1320 1318 671 1167 
1110 1321 1320 1167 589 
1111 368 965 1323 1272 
1112 965 714 1324 1323 
1113 1323 1324 716 1325 
1114 1272 1323 1325 118 
1115 510 800 1326 1284 
1116 800 717 1327 1326 
1117 1326 1327 719 1328 
1118 1284 1326 1328 367 
1119 839 1330 1329 1199 
1120 1330 841 1331 1329 
1121 1329 1331 749 924 
1122 1199 1329 924 812 
1123 927 976 1332 1217 
1124 976 928 1333 1332 
1125 1332 1333 665 1334 
1126 1217 1332 1334 929 
1127 841 1336 1335 1331 
1128 1336 937 1337 1335 
1129 1335 1337 920 941 
1130 1331 1335 941 749 
1131 970 1233 1338 990 
1132 1233 915 1339 1338 
1133 1338 1339 971 1340 
1134 990 1338 1340 969 
1135 928 991 1341 1333 
1136 991 969 1342 1341 
1137 1341 1342 972 1343 
1138 1333 1341 1343 665 
1139 915 1011 1344 1339 
1140 1011 999 1345 1344 
1141 1344 1345 1004 1346 
1142 1339 1344 1346 971 
1143 83 206 1347 1348 
1144 206 132 1266 1347 
1145 1347 1266 199 1349 
1146 1348 1347 1349 200 
1147 333 378 1350 1351 
1148 378 334 1278 1350 
1149 1350 1278 229 1352 
1150 1351 1350 1352 335 
1151 233 342 1353 1354 
1152 342 333 1351 1353 
1153 1353 1351 335 1355 
1154 1354 1353 1355 126 
1155 622 728 1356 1302 
1156 728 623 1357 1356 
1157 1356 1357 509 1358 
1158 1302 1356 1358 624 
1159 636 678 1359 1360 
1160 678 638 1311 1359 
1161 1359 1311 588 1361 
1162 1360 1359 1361 639 
1163 639 1361 1362 1363 
1164 1361 588 1314 1362 
1165 1362 1314 641 687 
1166 1363 1362 687 640 
1167 643 1366 1364 1365 
1168 1366 645 1321 1364 
1169 1364 1321 589 676 
1170 1365 1364 676 637 
1171 717 968 1367 1327 
1172 968 718 1368 1367 
1173 1367 1368 368 1369 
1174 1327 1367 1369 719 
1175 623 743 1370 1357 
1176 743 720 1371 1370 
1177 1370 1371 722 1372 
1178 1357 1370 1372 509 
1179 937 1374 1373 1337 
1180 1374 939 1375 1373 
1181 1373 1375 662 1210 
1182 1337 1373 1210 920 
1183 718 1224 1376 1368 
1184 1224 963 1377 1376 
1185 1376 1377 965 1378 
1186 1368 1376 1378 368 
1187 969 1340 1379 1342 
1188 1340 971 1380 1379 
1189 1379 1380 918 1381 
1190 1342 1379 1381 972 
1191 939 1383 1382 1375 
1192 1383 980 1384 1382 
1193 1382 1384 978 985 
1194 1375 1382 985 662 
1195 971 1346 1385 1380 
1196 1346 1004 1386 1385 
1197 1385 1386 1006 1387 
1198 1380 1385 1387 918 
