Results_Name,VSPAERO_Wrapper
Results_Timestamp,1788933990
Results_Date,9,9,2026
Results_Time,9,6,30
Analysis_Duration_Sec,6.850999999999999979e+00
ResultsVec,VSPAERO_History,VSPAERO_Polar,VSPAERO_Load,CpSlice_Wrapper
Results_Name,VSPAERO_History
Results_Timestamp,1788933989
Results_Date,9,9,2026
Results_Time,9,6,29
Alpha,5.000000000000000000e+00,5.000000000000000000e+00,5.000000000000000000e+00,5.000000000000000000e+00,5.000000000000000000e+00,5.000000000000000000e+00,5.000000000000000000e+00,5.000000000000000000e+00
Beta,0.000000000000000000e+00,0.000000000000000000e+00,0.000000000000000000e+00,0.000000000000000000e+00,0.000000000000000000e+00,0.000000000000000000e+00,0.000000000000000000e+00,0.000000000000000000e+00
CDi,0.000000000000000000e+00,7.789914801000000048e-03,7.805114828000000310e-03,7.773818854000000104e-03,7.776380119000000229e-03,7.756184937000000328e-03,7.752847644000000239e-03,7.707624716000000334e-03
CDiw,0.000000000000000000e+00,7.379194991000000321e-03,7.359992339000000043e-03,7.330061793000000429e-03,7.338263121000000201e-03,7.317927543000000111e-03,7.309728383999999912e-03,7.275449827000000404e-03
CDo,8.592148484000000641e-03,8.874732017000000125e-03,8.875063546999999858e-03,8.874574078000000213e-03,8.874580967999999570e-03,8.874132294999999976e-03,8.874047042000000191e-03,8.873425811999999246e-03
CDtot,8.592148484000000641e-03,1.666464681900000147e-02,1.668017837500000017e-02,1.664839293199999945e-02,1.665096108699999980e-02,1.663031723200000117e-02,1.662689468500000087e-02,1.658105052800000132e-02
CDwtot,8.592148484000000641e-03,1.625392700900000001e-02,1.623505588600000077e-02,1.620463587099999977e-02,1.621284408899999890e-02,1.619205983800000095e-02,1.618377542600000010e-02,1.614887563899999878e-02
CFxi,0.000000000000000000e+00,-1.049834705199999968e-02,-1.047992847599999930e-02,-1.047575073000000037e-02,-1.046235084199999971e-02,-1.045299726099999972e-02,-1.044854565900000046e-02,-1.044319413799999971e-02
CFxiw,0.000000000000000000e+00,-1.095190502799999951e-02,-1.097636139799999973e-02,-1.097519560200000029e-02,-1.095413551899999949e-02,-1.094489602499999943e-02,-1.094287967999999986e-02,-1.092644007500000007e-02
CFxo,8.624790195999999451e-03,8.908452989000000682e-03,8.908785787999999248e-03,8.908294451000000128e-03,8.908301368000000678e-03,8.907850981000000126e-03,8.907765398999999487e-03,8.907141796999999347e-03
CFxtot,8.624790195999999451e-03,-1.589894062000000085e-03,-1.571142688000000051e-03,-1.567456279000000027e-03,-1.554049473999999896e-03,-1.545146281000000024e-03,-1.540780259000000107e-03,-1.536052340999999929e-03
CFxwtot,8.624790195999999451e-03,-2.043452038000000137e-03,-2.067575610000000046e-03,-2.066901151000000159e-03,-2.045834151000000111e-03,-2.037045045000000169e-03,-2.035114280999999938e-03,-2.019298276999999860e-03
CFyi,0.000000000000000000e+00,-3.298509469999999781e-04,2.401667119999999916e-04,2.213107569999999910e-04,1.577492820000000085e-04,1.865786180000000123e-04,3.142201010000000134e-04,2.679436020000000129e-04
CFyiw,0.000000000000000000e+00,-3.416796149999999882e-04,2.439940260000000134e-04,2.265500109999999876e-04,1.590990880000000033e-04,1.798619660000000072e-04,3.134398380000000045e-04,2.405058450000000002e-04
CFyo,0.000000000000000000e+00,-1.599999999999999968e-11,1.250000000000000078e-10,1.620000000000000093e-10,1.630000000000000058e-10,1.649999999999999989e-10,1.649999999999999989e-10,1.700000000000000075e-10
CFytot,0.000000000000000000e+00,-3.298509630000000226e-04,2.401668370000000071e-04,2.213109189999999942e-04,1.577494450000000077e-04,1.865787830000000035e-04,3.142202660000000046e-04,2.679437719999999841e-04
CFywtot,0.000000000000000000e+00,-3.416796309999999785e-04,2.439941519999999978e-04,2.265501719999999948e-04,1.590992510000000025e-04,1.798621319999999944e-04,3.134400029999999957e-04,2.405060149999999986e-04
CFzi,0.000000000000000000e+00,2.093759045330000068e-01,2.093397800000000031e-01,2.089329471059999943e-01,2.088091729019999898e-01,2.084705472599999998e-01,2.083813740650000135e-01,2.078013309990000002e-01
CFziw,0.000000000000000000e+00,2.098476145940000037e-01,2.099068264620000124e-01,2.095500868480000001e-01,2.094034686840000048e-01,2.090645361940000058e-01,2.089474144719999926e-01,2.083662065899999916e-01
CFzo,2.044826000000000181e-06,2.046698000000000186e-06,2.046660999999999800e-06,2.046646999999999837e-06,2.046643000000000151e-06,2.046648000000000077e-06,2.046671000000000076e-06,2.046659999999999985e-06
CFztot,2.044826000000000181e-06,2.093779512310000035e-01,2.093418266610000134e-01,2.089349937530000090e-01,2.088112195450000097e-01,2.084725939089999980e-01,2.083834207370000025e-01,2.078033776579999992e-01
CFzwtot,2.044826000000000181e-06,2.098496612909999948e-01,2.099088731229999949e-01,2.095521334949999870e-01,2.094055153280000026e-01,2.090665828419999983e-01,2.089494611440000094e-01,2.083682532489999906e-01
CLi,0.000000000000000000e+00,2.094941572390000006e-01,2.094565648860000073e-01,2.090509159989999977e-01,2.089264449159999870e-01,2.085882926289999995e-01,2.084990707820000011e-01,2.079207685389999893e-01
CLiw,0.000000000000000000e+00,2.100036024830000125e-01,2.100647205449999999e-01,2.097092368269999896e-01,2.095613410820000022e-01,2.092228930579999868e-01,2.091060412840000104e-01,2.085256122659999989e-01
CLo,-7.496629510000000010e-04,-7.743839279999999940e-04,-7.744129699999999575e-04,-7.743701610000000351e-04,-7.743707669999999989e-04,-7.743315079999999861e-04,-7.743240259999999587e-04,-7.742696880000000254e-04
CLtot,-7.496629510000000010e-04,2.087197733120000065e-01,2.086821519170000139e-01,2.082765458380000101e-01,2.081520741489999993e-01,2.078139611210000071e-01,2.077247467560000005e-01,2.071464988510000049e-01
CLwtot,-7.496629510000000010e-04,2.092292185550000128e-01,2.092903075760000065e-01,2.089348666660000020e-01,2.087869703149999867e-01,2.084485615499999944e-01,2.083317172570000042e-01,2.077513425789999923e-01
CMxi,0.000000000000000000e+00,-8.057857900000000391e-05,-7.369295299999999876e-05,-7.455921300000000493e-05,-7.651755999999999792e-05,-7.549242199999999588e-05,-6.266573199999999960e-05,-7.169902500000000086e-05
CMxo,0.000000000000000000e+00,-9.999999999999999799e-13,-1.999999999999999960e-12,-1.999999999999999960e-12,-3.000000000000000142e-12,-3.000000000000000142e-12,-9.999999999999999799e-13,-3.000000000000000142e-12
CMxtot,0.000000000000000000e+00,-8.057857999999999991e-05,-7.369295500000000432e-05,-7.455921499999999694e-05,-7.651756299999999949e-05,-7.549242499999999744e-05,-6.266573400000000516e-05,-7.169902800000000243e-05
CMyi,0.000000000000000000e+00,-2.091940184570000028e-01,-2.092823525420000053e-01,-2.084323432980000057e-01,-2.080771961510000101e-01,-2.074078703180000094e-01,-2.072108155519999939e-01,-2.059463608840000071e-01
CMyo,5.805745089999999600e-04,5.784178970000000090e-04,5.783939060000000288e-04,5.783854229999999897e-04,5.783790640000000286e-04,5.783802340000000156e-04,5.783831999999999819e-04,5.783802669999999922e-04
CMytot,5.805745089999999600e-04,-2.086156005600000030e-01,-2.087039586370000033e-01,-2.078539578749999950e-01,-2.074988170869999926e-01,-2.068294900840000061e-01,-2.066324323510000116e-01,-2.053679806160000065e-01
CMzi,0.000000000000000000e+00,-2.222784240000000018e-04,1.216961810000000035e-04,1.092108390000000014e-04,6.651534100000000213e-05,8.303303199999999685e-05,1.744226450000000025e-04,1.429841429999999963e-04
CMzo,0.000000000000000000e+00,3.048229999999999761e-07,1.051660000000000035e-07,9.702800000000000036e-08,1.116090000000000037e-07,1.079019999999999957e-07,9.010299999999999625e-08,1.056959999999999957e-07
CMztot,0.000000000000000000e+00,-2.219735999999999986e-04,1.218013470000000041e-04,1.093078659999999978e-04,6.662694999999999403e-05,8.314093400000000184e-05,1.745127480000000051e-04,1.430898390000000069e-04
CSi,0.000000000000000000e+00,-3.298509469999999781e-04,2.401667119999999916e-04,2.213107569999999910e-04,1.577492820000000085e-04,1.865786180000000123e-04,3.142201010000000134e-04,2.679436020000000129e-04
CSiw,0.000000000000000000e+00,-3.416796149999999882e-04,2.439940260000000134e-04,2.265500109999999876e-04,1.590990880000000033e-04,1.798619660000000072e-04,3.134398380000000045e-04,2.405058450000000002e-04
CSo,0.000000000000000000e+00,-1.599999999999999968e-11,1.250000000000000078e-10,1.620000000000000093e-10,1.630000000000000058e-10,1.649999999999999989e-10,1.649999999999999989e-10,1.700000000000000075e-10
CStot,0.000000000000000000e+00,-3.298509630000000226e-04,2.401668370000000071e-04,2.213109189999999942e-04,1.577494450000000077e-04,1.865787830000000035e-04,3.142202660000000046e-04,2.679437719999999841e-04
CSwtot,0.000000000000000000e+00,-3.416796309999999785e-04,2.439941519999999978e-04,2.265501719999999948e-04,1.590992510000000025e-04,1.798621319999999944e-04,3.134400029999999957e-04,2.405060149999999986e-04
E,0.000000000000000000e+00,5.288442900299999971e-01,5.276249865240000281e-01,5.276991935929999933e-01,5.268973869799999932e-01,5.265606488049999756e-01,5.263367511530000487e-01,5.264921256490000534e-01
Ew,0.000000000000000000e+00,5.609978547139999883e-01,5.627889688739999841e-01,5.631760546970000503e-01,5.617534594059999664e-01,5.614964286850000486e-01,5.614985227259999823e-01,5.610165294619999798e-01
FC_AoA_,5.000000000000000000e+00
FC_Beta_,0.000000000000000000e+00
FC_Bref_,3.727034100000000194e+01
FC_Cref_,1.236139999999999972e+01
FC_Mach_,1.000000000000000021e-03
FC_Pitch_Rate,0.000000000000000000e+00
FC_ReCref_,1.000000000000000000e+07
FC_Rho_,2.377000000000000206e-03
FC_Roll__Rate,0.000000000000000000e+00
FC_Sref_,4.096313739999999939e+02
FC_Vinf_,1.000000000000000000e+02
FC_Xcg_,2.046778000000000119e+01
FC_Yaw___Rate,0.000000000000000000e+00
FC_Ycg_,0.000000000000000000e+00
FC_Zcg_,0.000000000000000000e+00
L/D,0.000000000000000000e+00,1.257117294566699961e+01,1.255721372828299920e+01,1.255682256256299922e+01,1.254741055637000002e+01,1.254265265775599936e+01,1.253986837154999989e+01,1.253966195893899993e+01
L/Dw,0.000000000000000000e+00,1.292017629766199960e+01,1.293895888112099968e+01,1.294131127055699970e+01,1.292563722483100008e+01,1.292132657290900077e+01,1.292072064629599915e+01,1.291270159759199920e+01
Mach,1.000000000000000021e-03,1.000000000000000021e-03,1.000000000000000021e-03,1.000000000000000021e-03,1.000000000000000021e-03,1.000000000000000021e-03,1.000000000000000021e-03,1.000000000000000021e-03
T/QS,0.000000000000000000e+00,0.000000000000000000e+00,0.000000000000000000e+00,0.000000000000000000e+00,0.000000000000000000e+00,0.000000000000000000e+00,0.000000000000000000e+00,0.000000000000000000e+00
WakeIter,1,2,3,4,5,6,7,8
WallTime,1.759999999990000119e-01,4.940000000059999730e-01,8.320000000020000286e-01,1.133000000001999963e+00,1.412000000004000055e+00,1.713999999999999968e+00,2.031999999998999940e+00,2.422000000005999798e+00
log10( L2Residual ),4.376083910449999892e-01,-2.324918857159999908e-01,-8.357574757190000536e-01,-8.033237189320000526e-01,-8.859177228600000342e-01,-8.794458726249999581e-01,-1.178011647948999929e+00,-1.160316559653000068e+00
log10( MaxResidual ),9.397004146249999801e-01,1.254907581202000078e+00,1.774863865649999872e-01,6.167178320789999946e-01,6.869294135419999892e-01,6.610974373439999496e-01,2.907903360499999867e-02,4.630460308739999808e-01
Results_Name,VSPAERO_Polar
Results_Timestamp,1788933989
Results_Date,9,9,2026
Results_Time,9,6,29
Alpha,5.000000000000000000e+00
Beta,0.000000000000000000e+00
CDi,7.707624716000000334e-03
CDiw,7.275449827000000404e-03
CDo,8.873425811999999246e-03
CDtot,1.658105052800000132e-02
CDwtot,1.614887563899999878e-02
CFix,-1.044319413799999971e-02
CFiy,2.679436020000000129e-04
CFiz,2.078013309990000002e-01
CFox,8.907141796999999347e-03
CFoy,1.700000000000000075e-10
CFoz,2.046659999999999985e-06
CFxtot,-1.536052340999999929e-03
CFytot,2.679437719999999841e-04
CFztot,2.078033776579999992e-01
CLi,2.079207685389999893e-01
CLiw,2.085256122659999989e-01
CLo,-7.742696880000000254e-04
CLtot,2.071464988510000049e-01
CLwtot,2.077513425789999923e-01
CMix,-7.169902500000000086e-05
CMiy,-2.059463608840000071e-01
CMiz,1.429841429999999963e-04
CMox,-3.000000000000000142e-12
CMoy,5.783802669999999922e-04
CMoz,1.056959999999999957e-07
CMxtot,-7.169902800000000243e-05
CMytot,-2.053679806160000065e-01
CMztot,1.430898390000000069e-04
CSi,2.679436020000000129e-04
CSiw,2.405058450000000002e-04
CSo,1.700000000000000075e-10
CStot,2.679437719999999841e-04
CSwtot,2.405060149999999986e-04
E,5.225782512950000180e-01
Ew,5.225782512950000180e-01
L_D,1.249296590151000075e+01
L_Dw,1.249296590151000075e+01
Mach,0.000000000000000000e+00
Re_1e6,1.000000000000000000e+01
StallFactor,1.000000000000000000e+00
Results_Name,VSPAERO_Load
Results_Timestamp,1788933989
Results_Date,9,9,2026
Results_Time,9,6,29
Angle ,0.000000000000000000e+00,0.000000000000000000e+00,0.000000000000000000e+00,0.000000000000000000e+00,0.000000000000000000e+00,0.000000000000000000e+00,0.000000000000000000e+00,0.000000000000000000e+00,0.000000000000000000e+00,0.000000000000000000e+00,0.000000000000000000e+00,0.000000000000000000e+00,0.000000000000000000e+00,0.000000000000000000e+00,0.000000000000000000e+00,0.000000000000000000e+00,0.000000000000000000e+00,0.000000000000000000e+00,0.000000000000000000e+00,0.000000000000000000e+00,0.000000000000000000e+00,0.000000000000000000e+00,0.000000000000000000e+00,0.000000000000000000e+00,0.000000000000000000e+00,0.000000000000000000e+00,0.000000000000000000e+00,0.000000000000000000e+00,0.000000000000000000e+00,0.000000000000000000e+00,0.000000000000000000e+00,0.000000000000000000e+00,0.000000000000000000e+00,0.000000000000000000e+00,0.000000000000000000e+00,0.000000000000000000e+00,0.000000000000000000e+00,0.000000000000000000e+00,0.000000000000000000e+00,0.000000000000000000e+00,0.000000000000000000e+00,0.000000000000000000e+00,0.000000000000000000e+00,0.000000000000000000e+00,0.000000000000000000e+00,0.000000000000000000e+00,0.000000000000000000e+00,0.000000000000000000e+00,0.000000000000000000e+00,0.000000000000000000e+00,0.000000000000000000e+00,0.000000000000000000e+00
CP,0.000000000000000000e+00,0.000000000000000000e+00,0.000000000000000000e+00,0.000000000000000000e+00,0.000000000000000000e+00,0.000000000000000000e+00,0.000000000000000000e+00,0.000000000000000000e+00,0.000000000000000000e+00,0.000000000000000000e+00,0.000000000000000000e+00,0.000000000000000000e+00,0.000000000000000000e+00,0.000000000000000000e+00,0.000000000000000000e+00,0.000000000000000000e+00,0.000000000000000000e+00,0.000000000000000000e+00,0.000000000000000000e+00,0.000000000000000000e+00,0.000000000000000000e+00,0.000000000000000000e+00,0.000000000000000000e+00,0.000000000000000000e+00,0.000000000000000000e+00,0.000000000000000000e+00,0.000000000000000000e+00,0.000000000000000000e+00,0.000000000000000000e+00,0.000000000000000000e+00,0.000000000000000000e+00,0.000000000000000000e+00,0.000000000000000000e+00,0.000000000000000000e+00,0.000000000000000000e+00,0.000000000000000000e+00,0.000000000000000000e+00,0.000000000000000000e+00,0.000000000000000000e+00,0.000000000000000000e+00,0.000000000000000000e+00,0.000000000000000000e+00,0.000000000000000000e+00,0.000000000000000000e+00,0.000000000000000000e+00,0.000000000000000000e+00,0.000000000000000000e+00,0.000000000000000000e+00,0.000000000000000000e+00,0.000000000000000000e+00,0.000000000000000000e+00,0.000000000000000000e+00
CP_h,0.000000000000000000e+00,0.000000000000000000e+00,0.000000000000000000e+00,0.000000000000000000e+00,0.000000000000000000e+00,0.000000000000000000e+00,0.000000000000000000e+00,0.000000000000000000e+00,0.000000000000000000e+00,0.000000000000000000e+00,0.000000000000000000e+00,0.000000000000000000e+00,0.000000000000000000e+00,0.000000000000000000e+00,0.000000000000000000e+00,0.000000000000000000e+00,0.000000000000000000e+00,0.000000000000000000e+00,0.000000000000000000e+00,0.000000000000000000e+00,0.000000000000000000e+00,0.000000000000000000e+00,0.000000000000000000e+00,0.000000000000000000e+00,0.000000000000000000e+00,0.000000000000000000e+00,0.000000000000000000e+00,0.000000000000000000e+00,0.000000000000000000e+00,0.000000000000000000e+00,0.000000000000000000e+00,0.000000000000000000e+00,0.000000000000000000e+00,0.000000000000000000e+00,0.000000000000000000e+00,0.000000000000000000e+00,0.000000000000000000e+00,0.000000000000000000e+00,0.000000000000000000e+00,0.000000000000000000e+00,0.000000000000000000e+00,0.000000000000000000e+00,0.000000000000000000e+00,0.000000000000000000e+00,0.000000000000000000e+00,0.000000000000000000e+00,0.000000000000000000e+00,0.000000000000000000e+00,0.000000000000000000e+00,0.000000000000000000e+00,0.000000000000000000e+00,0.000000000000000000e+00
CQ,0.000000000000000000e+00,0.000000000000000000e+00,0.000000000000000000e+00,0.000000000000000000e+00,0.000000000000000000e+00,0.000000000000000000e+00,0.000000000000000000e+00,0.000000000000000000e+00,0.000000000000000000e+00,0.000000000000000000e+00,0.000000000000000000e+00,0.000000000000000000e+00,0.000000000000000000e+00,0.000000000000000000e+00,0.000000000000000000e+00,0.000000000000000000e+00,0.000000000000000000e+00,0.000000000000000000e+00,0.000000000000000000e+00,0.000000000000000000e+00,0.000000000000000000e+00,0.000000000000000000e+00,0.000000000000000000e+00,0.000000000000000000e+00,0.000000000000000000e+00,0.000000000000000000e+00,0.000000000000000000e+00,0.000000000000000000e+00,0.000000000000000000e+00,0.000000000000000000e+00,0.000000000000000000e+00,0.000000000000000000e+00,0.000000000000000000e+00,0.000000000000000000e+00,0.000000000000000000e+00,0.000000000000000000e+00,0.000000000000000000e+00,0.000000000000000000e+00,0.000000000000000000e+00,0.000000000000000000e+00,0.000000000000000000e+00,0.000000000000000000e+00,0.000000000000000000e+00,0.000000000000000000e+00,0.000000000000000000e+00,0.000000000000000000e+00,0.000000000000000000e+00,0.000000000000000000e+00,0.000000000000000000e+00,0.000000000000000000e+00,0.000000000000000000e+00,0.000000000000000000e+00
CQ_h,0.000000000000000000e+00,0.000000000000000000e+00,0.000000000000000000e+00,0.000000000000000000e+00,0.000000000000000000e+00,0.000000000000000000e+00,0.000000000000000000e+00,0.000000000000000000e+00,0.000000000000000000e+00,0.000000000000000000e+00,0.000000000000000000e+00,0.000000000000000000e+00,0.000000000000000000e+00,0.000000000000000000e+00,0.000000000000000000e+00,0.000000000000000000e+00,0.000000000000000000e+00,0.000000000000000000e+00,0.000000000000000000e+00,0.000000000000000000e+00,0.000000000000000000e+00,0.000000000000000000e+00,0.000000000000000000e+00,0.000000000000000000e+00,0.000000000000000000e+00,0.000000000000000000e+00,0.000000000000000000e+00,0.000000000000000000e+00,0.000000000000000000e+00,0.000000000000000000e+00,0.000000000000000000e+00,0.000000000000000000e+00,0.000000000000000000e+00,0.000000000000000000e+00,0.000000000000000000e+00,0.000000000000000000e+00,0.000000000000000000e+00,0.000000000000000000e+00,0.000000000000000000e+00,0.000000000000000000e+00,0.000000000000000000e+00,0.000000000000000000e+00,0.000000000000000000e+00,0.000000000000000000e+00,0.000000000000000000e+00,0.000000000000000000e+00,0.000000000000000000e+00,0.000000000000000000e+00,0.000000000000000000e+00,0.000000000000000000e+00,0.000000000000000000e+00,0.000000000000000000e+00
CT,0.000000000000000000e+00,0.000000000000000000e+00,0.000000000000000000e+00,0.000000000000000000e+00,0.000000000000000000e+00,0.000000000000000000e+00,0.000000000000000000e+00,0.000000000000000000e+00,0.000000000000000000e+00,0.000000000000000000e+00,0.000000000000000000e+00,0.000000000000000000e+00,0.000000000000000000e+00,0.000000000000000000e+00,0.000000000000000000e+00,0.000000000000000000e+00,0.000000000000000000e+00,0.000000000000000000e+00,0.000000000000000000e+00,0.000000000000000000e+00,0.000000000000000000e+00,0.000000000000000000e+00,0.000000000000000000e+00,0.000000000000000000e+00,0.000000000000000000e+00,0.000000000000000000e+00,0.000000000000000000e+00,0.000000000000000000e+00,0.000000000000000000e+00,0.000000000000000000e+00,0.000000000000000000e+00,0.000000000000000000e+00,0.000000000000000000e+00,0.000000000000000000e+00,0.000000000000000000e+00,0.000000000000000000e+00,0.000000000000000000e+00,0.000000000000000000e+00,0.000000000000000000e+00,0.000000000000000000e+00,0.000000000000000000e+00,0.000000000000000000e+00,0.000000000000000000e+00,0.000000000000000000e+00,0.000000000000000000e+00,0.000000000000000000e+00,0.000000000000000000e+00,0.000000000000000000e+00,0.000000000000000000e+00,0.000000000000000000e+00,0.000000000000000000e+00,0.000000000000000000e+00
CT_h,0.000000000000000000e+00,0.000000000000000000e+00,0.000000000000000000e+00,0.000000000000000000e+00,0.000000000000000000e+00,0.000000000000000000e+00,0.000000000000000000e+00,0.000000000000000000e+00,0.000000000000000000e+00,0.000000000000000000e+00,0.000000000000000000e+00,0.000000000000000000e+00,0.000000000000000000e+00,0.000000000000000000e+00,0.000000000000000000e+00,0.000000000000000000e+00,0.000000000000000000e+00,0.000000000000000000e+00,0.000000000000000000e+00,0.000000000000000000e+00,0.000000000000000000e+00,0.000000000000000000e+00,0.000000000000000000e+00,0.000000000000000000e+00,0.000000000000000000e+00,0.000000000000000000e+00,0.000000000000000000e+00,0.000000000000000000e+00,0.000000000000000000e+00,0.000000000000000000e+00,0.000000000000000000e+00,0.000000000000000000e+00,0.000000000000000000e+00,0.000000000000000000e+00,0.000000000000000000e+00,0.000000000000000000e+00,0.000000000000000000e+00,0.000000000000000000e+00,0.000000000000000000e+00,0.000000000000000000e+00,0.000000000000000000e+00,0.000000000000000000e+00,0.000000000000000000e+00,0.000000000000000000e+00,0.000000000000000000e+00,0.000000000000000000e+00,0.000000000000000000e+00,0.000000000000000000e+00,0.000000000000000000e+00,0.000000000000000000e+00,0.000000000000000000e+00,0.000000000000000000e+00
Chord,2.877893999999999863e+01,2.553526000000000096e+01,2.229157999999999973e+01,1.904789999999999850e+01,1.580504999999999960e+01,8.801230000000000331e+00,1.329585999999999935e+01,1.152286999999999928e+01,9.749940000000000495e+00,7.977039999999999687e+00,6.204130000000000145e+00,2.877893999999999863e+01,2.553526000000000096e+01,2.229157999999999973e+01,1.904789999999999850e+01,1.580504999999999960e+01,8.801230000000000331e+00,1.329585999999999935e+01,1.152286999999999928e+01,9.749940000000000495e+00,7.977039999999999687e+00,6.204130000000000145e+00,7.726409999999999556e+00,6.870750000000000135e+00,6.015089999999999826e+00,5.159430000000000405e+00,4.303770000000000095e+00,7.726409999999999556e+00,6.870750000000000135e+00,6.015089999999999826e+00,5.159430000000000405e+00,4.303770000000000095e+00,1.722927999999999926e+01,1.511140999999999934e+01,1.353214000000000006e+01,1.195287000000000077e+01,1.037359000000000009e+01,8.843740000000000379e+00,7.363299999999999734e+00,5.882859999999999978e+00,4.402420000000000222e+00,2.921980000000000022e+00,1.722927999999999926e+01,1.511140999999999934e+01,1.353214000000000006e+01,1.195287000000000077e+01,1.037359000000000009e+01,8.843740000000000379e+00,7.363299999999999734e+00,5.882859999999999978e+00,4.402420000000000222e+00,2.921980000000000022e+00
Diameter,0.000000000000000000e+00,0.000000000000000000e+00,0.000000000000000000e+00,0.000000000000000000e+00,0.000000000000000000e+00,0.000000000000000000e+00,0.000000000000000000e+00,0.000000000000000000e+00,0.000000000000000000e+00,0.000000000000000000e+00,0.000000000000000000e+00,0.000000000000000000e+00,0.000000000000000000e+00,0.000000000000000000e+00,0.000000000000000000e+00,0.000000000000000000e+00,0.000000000000000000e+00,0.000000000000000000e+00,0.000000000000000000e+00,0.000000000000000000e+00,0.000000000000000000e+00,0.000000000000000000e+00,0.000000000000000000e+00,0.000000000000000000e+00,0.000000000000000000e+00,0.000000000000000000e+00,0.000000000000000000e+00,0.000000000000000000e+00,0.000000000000000000e+00,0.000000000000000000e+00,0.000000000000000000e+00,0.000000000000000000e+00,0.000000000000000000e+00,0.000000000000000000e+00,0.000000000000000000e+00,0.000000000000000000e+00,0.000000000000000000e+00,0.000000000000000000e+00,0.000000000000000000e+00,0.000000000000000000e+00,0.000000000000000000e+00,0.000000000000000000e+00,0.000000000000000000e+00,0.000000000000000000e+00,0.000000000000000000e+00,0.000000000000000000e+00,0.000000000000000000e+00,0.000000000000000000e+00,0.000000000000000000e+00,0.000000000000000000e+00,0.000000000000000000e+00,0.000000000000000000e+00
ETAP,0.000000000000000000e+00,0.000000000000000000e+00,0.000000000000000000e+00,0.000000000000000000e+00,0.000000000000000000e+00,0.000000000000000000e+00,0.000000000000000000e+00,0.000000000000000000e+00,0.000000000000000000e+00,0.000000000000000000e+00,0.000000000000000000e+00,0.000000000000000000e+00,0.000000000000000000e+00,0.000000000000000000e+00,0.000000000000000000e+00,0.000000000000000000e+00,0.000000000000000000e+00,0.000000000000000000e+00,0.000000000000000000e+00,0.000000000000000000e+00,0.000000000000000000e+00,0.000000000000000000e+00,0.000000000000000000e+00,0.000000000000000000e+00,0.000000000000000000e+00,0.000000000000000000e+00,0.000000000000000000e+00,0.000000000000000000e+00,0.000000000000000000e+00,0.000000000000000000e+00,0.000000000000000000e+00,0.000000000000000000e+00,0.000000000000000000e+00,0.000000000000000000e+00,0.000000000000000000e+00,0.000000000000000000e+00,0.000000000000000000e+00,0.000000000000000000e+00,0.000000000000000000e+00,0.000000000000000000e+00,0.000000000000000000e+00,0.000000000000000000e+00,0.000000000000000000e+00,0.000000000000000000e+00,0.000000000000000000e+00,0.000000000000000000e+00,0.000000000000000000e+00,0.000000000000000000e+00,0.000000000000000000e+00,0.000000000000000000e+00,0.000000000000000000e+00,0.000000000000000000e+00
FC_AoA_,5.000000000000000000e+00
FC_Beta_,0.000000000000000000e+00
FC_Bref_,3.727034100000000194e+01
FC_Cref_,1.236139999999999972e+01
FC_Mach_,1.000000000000000021e-03
FC_Pitch_Rate,0.000000000000000000e+00
FC_Rho_,2.377000000000000206e-03
FC_Roll__Rate,0.000000000000000000e+00
FC_Sref_,4.096313739999999939e+02
FC_Vinf_,1.000000000000000000e+02
FC_Xcg_,2.046778000000000119e+01
FC_Yaw___Rate,0.000000000000000000e+00
FC_Ycg_,0.000000000000000000e+00
FC_Zcg_,0.000000000000000000e+00
FOM,0.000000000000000000e+00,0.000000000000000000e+00,0.000000000000000000e+00,0.000000000000000000e+00,0.000000000000000000e+00,0.000000000000000000e+00,0.000000000000000000e+00,0.000000000000000000e+00,0.000000000000000000e+00,0.000000000000000000e+00,0.000000000000000000e+00,0.000000000000000000e+00,0.000000000000000000e+00,0.000000000000000000e+00,0.000000000000000000e+00,0.000000000000000000e+00,0.000000000000000000e+00,0.000000000000000000e+00,0.000000000000000000e+00,0.000000000000000000e+00,0.000000000000000000e+00,0.000000000000000000e+00,0.000000000000000000e+00,0.000000000000000000e+00,0.000000000000000000e+00,0.000000000000000000e+00,0.000000000000000000e+00,0.000000000000000000e+00,0.000000000000000000e+00,0.000000000000000000e+00,0.000000000000000000e+00,0.000000000000000000e+00,0.000000000000000000e+00,0.000000000000000000e+00,0.000000000000000000e+00,0.000000000000000000e+00,0.000000000000000000e+00,0.000000000000000000e+00,0.000000000000000000e+00,0.000000000000000000e+00,0.000000000000000000e+00,0.000000000000000000e+00,0.000000000000000000e+00,0.000000000000000000e+00,0.000000000000000000e+00,0.000000000000000000e+00,0.000000000000000000e+00,0.000000000000000000e+00,0.000000000000000000e+00,0.000000000000000000e+00,0.000000000000000000e+00,0.000000000000000000e+00
IsARotor,0,0,0,0,0,0,0,0,0,0,0,0,0,0,0,0,0,0,0,0,0,0,0,0,0,0,0,0,0,0,0,0,0,0,0,0,0,0,0,0,0,0,0,0,0,0,0,0,0,0,0,0
Iter,8,8,8,8,8,8,8,8,8,8,8,8,8,8,8,8,8,8,8,8,8,8,8,8,8,8,8,8,8,8,8,8,8,8,8,8,8,8,8,8,8,8,8,8,8,8,8,8,8,8,8,8
J,0.000000000000000000e+00,0.000000000000000000e+00,0.000000000000000000e+00,0.000000000000000000e+00,0.000000000000000000e+00,0.000000000000000000e+00,0.000000000000000000e+00,0.000000000000000000e+00,0.000000000000000000e+00,0.000000000000000000e+00,0.000000000000000000e+00,0.000000000000000000e+00,0.000000000000000000e+00,0.000000000000000000e+00,0.000000000000000000e+00,0.000000000000000000e+00,0.000000000000000000e+00,0.000000000000000000e+00,0.000000000000000000e+00,0.000000000000000000e+00,0.000000000000000000e+00,0.000000000000000000e+00,0.000000000000000000e+00,0.000000000000000000e+00,0.000000000000000000e+00,0.000000000000000000e+00,0.000000000000000000e+00,0.000000000000000000e+00,0.000000000000000000e+00,0.000000000000000000e+00,0.000000000000000000e+00,0.000000000000000000e+00,0.000000000000000000e+00,0.000000000000000000e+00,0.000000000000000000e+00,0.000000000000000000e+00,0.000000000000000000e+00,0.000000000000000000e+00,0.000000000000000000e+00,0.000000000000000000e+00,0.000000000000000000e+00,0.000000000000000000e+00,0.000000000000000000e+00,0.000000000000000000e+00,0.000000000000000000e+00,0.000000000000000000e+00,0.000000000000000000e+00,0.000000000000000000e+00,0.000000000000000000e+00,0.000000000000000000e+00,0.000000000000000000e+00,0.000000000000000000e+00
Moment,0.000000000000000000e+00,0.000000000000000000e+00,0.000000000000000000e+00,0.000000000000000000e+00,0.000000000000000000e+00,0.000000000000000000e+00,0.000000000000000000e+00,0.000000000000000000e+00,0.000000000000000000e+00,0.000000000000000000e+00,0.000000000000000000e+00,0.000000000000000000e+00,0.000000000000000000e+00,0.000000000000000000e+00,0.000000000000000000e+00,0.000000000000000000e+00,0.000000000000000000e+00,0.000000000000000000e+00,0.000000000000000000e+00,0.000000000000000000e+00,0.000000000000000000e+00,0.000000000000000000e+00,0.000000000000000000e+00,0.000000000000000000e+00,0.000000000000000000e+00,0.000000000000000000e+00,0.000000000000000000e+00,0.000000000000000000e+00,0.000000000000000000e+00,0.000000000000000000e+00,0.000000000000000000e+00,0.000000000000000000e+00,0.000000000000000000e+00,0.000000000000000000e+00,0.000000000000000000e+00,0.000000000000000000e+00,0.000000000000000000e+00,0.000000000000000000e+00,0.000000000000000000e+00,0.000000000000000000e+00,0.000000000000000000e+00,0.000000000000000000e+00,0.000000000000000000e+00,0.000000000000000000e+00,0.000000000000000000e+00,0.000000000000000000e+00,0.000000000000000000e+00,0.000000000000000000e+00,0.000000000000000000e+00,0.000000000000000000e+00,0.000000000000000000e+00,0.000000000000000000e+00
Momenti,0.000000000000000000e+00,0.000000000000000000e+00,0.000000000000000000e+00,0.000000000000000000e+00,0.000000000000000000e+00,0.000000000000000000e+00,0.000000000000000000e+00,0.000000000000000000e+00,0.000000000000000000e+00,0.000000000000000000e+00,0.000000000000000000e+00,0.000000000000000000e+00,0.000000000000000000e+00,0.000000000000000000e+00,0.000000000000000000e+00,0.000000000000000000e+00,0.000000000000000000e+00,0.000000000000000000e+00,0.000000000000000000e+00,0.000000000000000000e+00,0.000000000000000000e+00,0.000000000000000000e+00,0.000000000000000000e+00,0.000000000000000000e+00,0.000000000000000000e+00,0.000000000000000000e+00,0.000000000000000000e+00,0.000000000000000000e+00,0.000000000000000000e+00,0.000000000000000000e+00,0.000000000000000000e+00,0.000000000000000000e+00,0.000000000000000000e+00,0.000000000000000000e+00,0.000000000000000000e+00,0.000000000000000000e+00,0.000000000000000000e+00,0.000000000000000000e+00,0.000000000000000000e+00,0.000000000000000000e+00,0.000000000000000000e+00,0.000000000000000000e+00,0.000000000000000000e+00,0.000000000000000000e+00,0.000000000000000000e+00,0.000000000000000000e+00,0.000000000000000000e+00,0.000000000000000000e+00,0.000000000000000000e+00,0.000000000000000000e+00,0.000000000000000000e+00,0.000000000000000000e+00
Momento,0.000000000000000000e+00,0.000000000000000000e+00,0.000000000000000000e+00,0.000000000000000000e+00,0.000000000000000000e+00,0.000000000000000000e+00,0.000000000000000000e+00,0.000000000000000000e+00,0.000000000000000000e+00,0.000000000000000000e+00,0.000000000000000000e+00,0.000000000000000000e+00,0.000000000000000000e+00,0.000000000000000000e+00,0.000000000000000000e+00,0.000000000000000000e+00,0.000000000000000000e+00,0.000000000000000000e+00,0.000000000000000000e+00,0.000000000000000000e+00,0.000000000000000000e+00,0.000000000000000000e+00,0.000000000000000000e+00,0.000000000000000000e+00,0.000000000000000000e+00,0.000000000000000000e+00,0.000000000000000000e+00,0.000000000000000000e+00,0.000000000000000000e+00,0.000000000000000000e+00,0.000000000000000000e+00,0.000000000000000000e+00,0.000000000000000000e+00,0.000000000000000000e+00,0.000000000000000000e+00,0.000000000000000000e+00,0.000000000000000000e+00,0.000000000000000000e+00,0.000000000000000000e+00,0.000000000000000000e+00,0.000000000000000000e+00,0.000000000000000000e+00,0.000000000000000000e+00,0.000000000000000000e+00,0.000000000000000000e+00,0.000000000000000000e+00,0.000000000000000000e+00,0.000000000000000000e+00,0.000000000000000000e+00,0.000000000000000000e+00,0.000000000000000000e+00,0.000000000000000000e+00
Power,0.000000000000000000e+00,0.000000000000000000e+00,0.000000000000000000e+00,0.000000000000000000e+00,0.000000000000000000e+00,0.000000000000000000e+00,0.000000000000000000e+00,0.000000000000000000e+00,0.000000000000000000e+00,0.000000000000000000e+00,0.000000000000000000e+00,0.000000000000000000e+00,0.000000000000000000e+00,0.000000000000000000e+00,0.000000000000000000e+00,0.000000000000000000e+00,0.000000000000000000e+00,0.000000000000000000e+00,0.000000000000000000e+00,0.000000000000000000e+00,0.000000000000000000e+00,0.000000000000000000e+00,0.000000000000000000e+00,0.000000000000000000e+00,0.000000000000000000e+00,0.000000000000000000e+00,0.000000000000000000e+00,0.000000000000000000e+00,0.000000000000000000e+00,0.000000000000000000e+00,0.000000000000000000e+00,0.000000000000000000e+00,0.000000000000000000e+00,0.000000000000000000e+00,0.000000000000000000e+00,0.000000000000000000e+00,0.000000000000000000e+00,0.000000000000000000e+00,0.000000000000000000e+00,0.000000000000000000e+00,0.000000000000000000e+00,0.000000000000000000e+00,0.000000000000000000e+00,0.000000000000000000e+00,0.000000000000000000e+00,0.000000000000000000e+00,0.000000000000000000e+00,0.000000000000000000e+00,0.000000000000000000e+00,0.000000000000000000e+00,0.000000000000000000e+00,0.000000000000000000e+00
Poweri,0.000000000000000000e+00,0.000000000000000000e+00,0.000000000000000000e+00,0.000000000000000000e+00,0.000000000000000000e+00,0.000000000000000000e+00,0.000000000000000000e+00,0.000000000000000000e+00,0.000000000000000000e+00,0.000000000000000000e+00,0.000000000000000000e+00,0.000000000000000000e+00,0.000000000000000000e+00,0.000000000000000000e+00,0.000000000000000000e+00,0.000000000000000000e+00,0.000000000000000000e+00,0.000000000000000000e+00,0.000000000000000000e+00,0.000000000000000000e+00,0.000000000000000000e+00,0.000000000000000000e+00,0.000000000000000000e+00,0.000000000000000000e+00,0.000000000000000000e+00,0.000000000000000000e+00,0.000000000000000000e+00,0.000000000000000000e+00,0.000000000000000000e+00,0.000000000000000000e+00,0.000000000000000000e+00,0.000000000000000000e+00,0.000000000000000000e+00,0.000000000000000000e+00,0.000000000000000000e+00,0.000000000000000000e+00,0.000000000000000000e+00,0.000000000000000000e+00,0.000000000000000000e+00,0.000000000000000000e+00,0.000000000000000000e+00,0.000000000000000000e+00,0.000000000000000000e+00,0.000000000000000000e+00,0.000000000000000000e+00,0.000000000000000000e+00,0.000000000000000000e+00,0.000000000000000000e+00,0.000000000000000000e+00,0.000000000000000000e+00,0.000000000000000000e+00,0.000000000000000000e+00
Powero,0.000000000000000000e+00,0.000000000000000000e+00,0.000000000000000000e+00,0.000000000000000000e+00,0.000000000000000000e+00,0.000000000000000000e+00,0.000000000000000000e+00,0.000000000000000000e+00,0.000000000000000000e+00,0.000000000000000000e+00,0.000000000000000000e+00,0.000000000000000000e+00,0.000000000000000000e+00,0.000000000000000000e+00,0.000000000000000000e+00,0.000000000000000000e+00,0.000000000000000000e+00,0.000000000000000000e+00,0.000000000000000000e+00,0.000000000000000000e+00,0.000000000000000000e+00,0.000000000000000000e+00,0.000000000000000000e+00,0.000000000000000000e+00,0.000000000000000000e+00,0.000000000000000000e+00,0.000000000000000000e+00,0.000000000000000000e+00,0.000000000000000000e+00,0.000000000000000000e+00,0.000000000000000000e+00,0.000000000000000000e+00,0.000000000000000000e+00,0.000000000000000000e+00,0.000000000000000000e+00,0.000000000000000000e+00,0.000000000000000000e+00,0.000000000000000000e+00,0.000000000000000000e+00,0.000000000000000000e+00,0.000000000000000000e+00,0.000000000000000000e+00,0.000000000000000000e+00,0.000000000000000000e+00,0.000000000000000000e+00,0.000000000000000000e+00,0.000000000000000000e+00,0.000000000000000000e+00,0.000000000000000000e+00,0.000000000000000000e+00,0.000000000000000000e+00,0.000000000000000000e+00
RPM,0.000000000000000000e+00,0.000000000000000000e+00,0.000000000000000000e+00,0.000000000000000000e+00,0.000000000000000000e+00,0.000000000000000000e+00,0.000000000000000000e+00,0.000000000000000000e+00,0.000000000000000000e+00,0.000000000000000000e+00,0.000000000000000000e+00,0.000000000000000000e+00,0.000000000000000000e+00,0.000000000000000000e+00,0.000000000000000000e+00,0.000000000000000000e+00,0.000000000000000000e+00,0.000000000000000000e+00,0.000000000000000000e+00,0.000000000000000000e+00,0.000000000000000000e+00,0.000000000000000000e+00,0.000000000000000000e+00,0.000000000000000000e+00,0.000000000000000000e+00,0.000000000000000000e+00,0.000000000000000000e+00,0.000000000000000000e+00,0.000000000000000000e+00,0.000000000000000000e+00,0.000000000000000000e+00,0.000000000000000000e+00,0.000000000000000000e+00,0.000000000000000000e+00,0.000000000000000000e+00,0.000000000000000000e+00,0.000000000000000000e+00,0.000000000000000000e+00,0.000000000000000000e+00,0.000000000000000000e+00,0.000000000000000000e+00,0.000000000000000000e+00,0.000000000000000000e+00,0.000000000000000000e+00,0.000000000000000000e+00,0.000000000000000000e+00,0.000000000000000000e+00,0.000000000000000000e+00,0.000000000000000000e+00,0.000000000000000000e+00,0.000000000000000000e+00,0.000000000000000000e+00
SoverB,5.582000000000000156e-02,1.116400000000000031e-01,1.674499999999999877e-01,2.232699999999999962e-01,2.733400000000000274e-01,2.790900000000000047e-01,4.232799999999999896e-01,5.674599999999999644e-01,7.116400000000000503e-01,8.558200000000000252e-01,1.000000000000000000e+00,5.582000000000000156e-02,1.116400000000000031e-01,1.674499999999999877e-01,2.232699999999999962e-01,2.733400000000000274e-01,2.790900000000000047e-01,4.232799999999999896e-01,5.674599999999999644e-01,7.116400000000000503e-01,8.558200000000000252e-01,1.000000000000000000e+00,2.000000000000000111e-01,4.000000000000000222e-01,5.999999999999999778e-01,8.000000000000000444e-01,1.000000000000000000e+00,2.000000000000000111e-01,4.000000000000000222e-01,5.999999999999999778e-01,8.000000000000000444e-01,1.000000000000000000e+00,5.262000000000000011e-02,1.052799999999999986e-01,1.579399999999999971e-01,2.105899999999999994e-01,2.632499999999999840e-01,4.106000000000000205e-01,5.579499999999999460e-01,7.053000000000000380e-01,8.526500000000000190e-01,1.000000000000000000e+00,5.262000000000000011e-02,1.052799999999999986e-01,1.579399999999999971e-01,2.105899999999999994e-01,2.632499999999999840e-01,4.106000000000000205e-01,5.579499999999999460e-01,7.053000000000000380e-01,8.526500000000000190e-01,1.000000000000000000e+00
StallFact,1.000000000000000000e+00,1.000000000000000000e+00,1.000000000000000000e+00,1.000000000000000000e+00,1.000000000000000000e+00,1.000000000000000000e+00,1.000000000000000000e+00,1.000000000000000000e+00,1.000000000000000000e+00,1.000000000000000000e+00,1.000000000000000000e+00,1.000000000000000000e+00,1.000000000000000000e+00,1.000000000000000000e+00,1.000000000000000000e+00,1.000000000000000000e+00,1.000000000000000000e+00,1.000000000000000000e+00,1.000000000000000000e+00,1.000000000000000000e+00,1.000000000000000000e+00,1.000000000000000000e+00,1.000000000000000000e+00,1.000000000000000000e+00,1.000000000000000000e+00,1.000000000000000000e+00,1.000000000000000000e+00,1.000000000000000000e+00,1.000000000000000000e+00,1.000000000000000000e+00,1.000000000000000000e+00,1.000000000000000000e+00,1.000000000000000000e+00,1.000000000000000000e+00,1.000000000000000000e+00,1.000000000000000000e+00,1.000000000000000000e+00,1.000000000000000000e+00,1.000000000000000000e+00,1.000000000000000000e+00,1.000000000000000000e+00,1.000000000000000000e+00,1.000000000000000000e+00,1.000000000000000000e+00,1.000000000000000000e+00,1.000000000000000000e+00,1.000000000000000000e+00,1.000000000000000000e+00,1.000000000000000000e+00,1.000000000000000000e+00,1.000000000000000000e+00,1.000000000000000000e+00
Thrust,0.000000000000000000e+00,0.000000000000000000e+00,0.000000000000000000e+00,0.000000000000000000e+00,0.000000000000000000e+00,0.000000000000000000e+00,0.000000000000000000e+00,0.000000000000000000e+00,0.000000000000000000e+00,0.000000000000000000e+00,0.000000000000000000e+00,0.000000000000000000e+00,0.000000000000000000e+00,0.000000000000000000e+00,0.000000000000000000e+00,0.000000000000000000e+00,0.000000000000000000e+00,0.000000000000000000e+00,0.000000000000000000e+00,0.000000000000000000e+00,0.000000000000000000e+00,0.000000000000000000e+00,0.000000000000000000e+00,0.000000000000000000e+00,0.000000000000000000e+00,0.000000000000000000e+00,0.000000000000000000e+00,0.000000000000000000e+00,0.000000000000000000e+00,0.000000000000000000e+00,0.000000000000000000e+00,0.000000000000000000e+00,0.000000000000000000e+00,0.000000000000000000e+00,0.000000000000000000e+00,0.000000000000000000e+00,0.000000000000000000e+00,0.000000000000000000e+00,0.000000000000000000e+00,0.000000000000000000e+00,0.000000000000000000e+00,0.000000000000000000e+00,0.000000000000000000e+00,0.000000000000000000e+00,0.000000000000000000e+00,0.000000000000000000e+00,0.000000000000000000e+00,0.000000000000000000e+00,0.000000000000000000e+00,0.000000000000000000e+00,0.000000000000000000e+00,0.000000000000000000e+00
Thrusti,0.000000000000000000e+00,0.000000000000000000e+00,0.000000000000000000e+00,0.000000000000000000e+00,0.000000000000000000e+00,0.000000000000000000e+00,0.000000000000000000e+00,0.000000000000000000e+00,0.000000000000000000e+00,0.000000000000000000e+00,0.000000000000000000e+00,0.000000000000000000e+00,0.000000000000000000e+00,0.000000000000000000e+00,0.000000000000000000e+00,0.000000000000000000e+00,0.000000000000000000e+00,0.000000000000000000e+00,0.000000000000000000e+00,0.000000000000000000e+00,0.000000000000000000e+00,0.000000000000000000e+00,0.000000000000000000e+00,0.000000000000000000e+00,0.000000000000000000e+00,0.000000000000000000e+00,0.000000000000000000e+00,0.000000000000000000e+00,0.000000000000000000e+00,0.000000000000000000e+00,0.000000000000000000e+00,0.000000000000000000e+00,0.000000000000000000e+00,0.000000000000000000e+00,0.000000000000000000e+00,0.000000000000000000e+00,0.000000000000000000e+00,0.000000000000000000e+00,0.000000000000000000e+00,0.000000000000000000e+00,0.000000000000000000e+00,0.000000000000000000e+00,0.000000000000000000e+00,0.000000000000000000e+00,0.000000000000000000e+00,0.000000000000000000e+00,0.000000000000000000e+00,0.000000000000000000e+00,0.000000000000000000e+00,0.000000000000000000e+00,0.000000000000000000e+00,0.000000000000000000e+00
Thrusto,0.000000000000000000e+00,0.000000000000000000e+00,0.000000000000000000e+00,0.000000000000000000e+00,0.000000000000000000e+00,0.000000000000000000e+00,0.000000000000000000e+00,0.000000000000000000e+00,0.000000000000000000e+00,0.000000000000000000e+00,0.000000000000000000e+00,0.000000000000000000e+00,0.000000000000000000e+00,0.000000000000000000e+00,0.000000000000000000e+00,0.000000000000000000e+00,0.000000000000000000e+00,0.000000000000000000e+00,0.000000000000000000e+00,0.000000000000000000e+00,0.000000000000000000e+00,0.000000000000000000e+00,0.000000000000000000e+00,0.000000000000000000e+00,0.000000000000000000e+00,0.000000000000000000e+00,0.000000000000000000e+00,0.000000000000000000e+00,0.000000000000000000e+00,0.000000000000000000e+00,0.000000000000000000e+00,0.000000000000000000e+00,0.000000000000000000e+00,0.000000000000000000e+00,0.000000000000000000e+00,0.000000000000000000e+00,0.000000000000000000e+00,0.000000000000000000e+00,0.000000000000000000e+00,0.000000000000000000e+00,0.000000000000000000e+00,0.000000000000000000e+00,0.000000000000000000e+00,0.000000000000000000e+00,0.000000000000000000e+00,0.000000000000000000e+00,0.000000000000000000e+00,0.000000000000000000e+00,0.000000000000000000e+00,0.000000000000000000e+00,0.000000000000000000e+00,0.000000000000000000e+00
TrailVort,1,2,3,4,5,6,7,8,9,10,11,1,2,3,4,5,6,7,8,9,10,11,1,2,3,4,5,1,2,3,4,5,1,2,3,4,5,6,7,8,9,10,1,2,3,4,5,6,7,8,9,10
Unsteady,0
V/Vref,1.000000000000000000e+00,1.000000000000000000e+00,1.000000000000000000e+00,1.000000000000000000e+00,1.000000000000000000e+00,1.000000000000000000e+00,1.000000000000000000e+00,1.000000000000000000e+00,1.000000000000000000e+00,1.000000000000000000e+00,1.000000000000000000e+00,1.000000000000000000e+00,1.000000000000000000e+00,1.000000000000000000e+00,1.000000000000000000e+00,1.000000000000000000e+00,1.000000000000000000e+00,1.000000000000000000e+00,1.000000000000000000e+00,1.000000000000000000e+00,1.000000000000000000e+00,1.000000000000000000e+00,1.000000000000000000e+00,1.000000000000000000e+00,1.000000000000000000e+00,1.000000000000000000e+00,1.000000000000000000e+00,1.000000000000000000e+00,1.000000000000000000e+00,1.000000000000000000e+00,1.000000000000000000e+00,1.000000000000000000e+00,1.000000000000000000e+00,1.000000000000000000e+00,1.000000000000000000e+00,1.000000000000000000e+00,1.000000000000000000e+00,1.000000000000000000e+00,1.000000000000000000e+00,1.000000000000000000e+00,1.000000000000000000e+00,1.000000000000000000e+00,1.000000000000000000e+00,1.000000000000000000e+00,1.000000000000000000e+00,1.000000000000000000e+00,1.000000000000000000e+00,1.000000000000000000e+00,1.000000000000000000e+00,1.000000000000000000e+00,1.000000000000000000e+00,1.000000000000000000e+00
VortexSheet,1,1,1,1,1,1,1,1,1,1,1,2,2,2,2,2,2,2,2,2,2,2,3,3,3,3,3,4,4,4,4,4,5,5,5,5,5,5,5,5,5,5,6,6,6,6,6,6,6,6,6,6
Xavg,4.078278000000000247e+01,4.076807999999999765e+01,4.075337999999999994e+01,4.073868999999999829e+01,4.072475000000000023e+01,4.071739999999999782e+01,4.096110000000000184e+01,4.145000000000000284e+01,4.193889000000000067e+01,4.242777000000000243e+01,4.291666000000000025e+01,4.078278000000000247e+01,4.076807999999999765e+01,4.075337999999999994e+01,4.073868999999999829e+01,4.072475000000000023e+01,4.071739999999999782e+01,4.096110000000000184e+01,4.145000000000000284e+01,4.193889000000000067e+01,4.242777000000000243e+01,4.291666000000000025e+01,5.249761000000000166e+01,5.311057999999999879e+01,5.372355999999999909e+01,5.433653000000000333e+01,5.494950000000000045e+01,5.249761000000000166e+01,5.311057999999999879e+01,5.372355999999999909e+01,5.433653000000000333e+01,5.494950000000000045e+01,4.877803999999999718e+01,4.881201000000000079e+01,4.884597999999999729e+01,4.887995000000000090e+01,4.891391999999999740e+01,4.895047999999999888e+01,4.898964999999999748e+01,4.902881000000000000e+01,4.906797999999999860e+01,4.910714000000000112e+01,4.877803999999999718e+01,4.881201000000000079e+01,4.884597999999999729e+01,4.887995000000000090e+01,4.891391999999999740e+01,4.895047999999999888e+01,4.898964999999999748e+01,4.902881000000000000e+01,4.906797999999999860e+01,4.910714000000000112e+01
Yavg,1.477139999999999898e+00,2.431420000000000137e+00,3.385709999999999997e+00,4.339990000000000236e+00,5.245099999999999874e+00,5.722240000000000215e+00,7.003960000000000186e+00,9.468999999999999417e+00,1.193396000000000079e+01,1.439888999999999974e+01,1.686382000000000048e+01,-1.477139999999999898e+00,-2.431420000000000137e+00,-3.385709999999999997e+00,-4.339990000000000236e+00,-5.245099999999999874e+00,-5.722240000000000215e+00,-7.003960000000000186e+00,-9.468999999999999417e+00,-1.193396000000000079e+01,-1.439888999999999974e+01,-1.686382000000000048e+01,6.527630000000000265e+00,7.779630000000000045e+00,9.031620000000000203e+00,1.028360999999999947e+01,1.153560000000000052e+01,-6.527630000000000265e+00,-7.779630000000000045e+00,-9.031620000000000203e+00,-1.028360999999999947e+01,-1.153560000000000052e+01,5.681750000000000078e+00,5.733760000000000190e+00,5.785779999999999923e+00,5.837790000000000035e+00,5.889809999999999768e+00,5.988590000000000302e+00,6.134140000000000370e+00,6.279690000000000438e+00,6.425250000000000128e+00,6.570800000000000196e+00,-5.681750000000000078e+00,-5.733760000000000190e+00,-5.785779999999999923e+00,-5.837790000000000035e+00,-5.889809999999999768e+00,-5.988590000000000302e+00,-6.134140000000000370e+00,-6.279690000000000438e+00,-6.425250000000000128e+00,-6.570800000000000196e+00
Zavg,3.848300000000000054e-01,3.348200000000000065e-01,2.848100000000000076e-01,2.347899999999999987e-01,1.873599999999999988e-01,1.623499999999999943e-01,9.518000000000000071e-02,-3.400999999999999857e-02,-1.631900000000000017e-01,-2.923700000000000188e-01,-4.215499999999999803e-01,3.848300000000000054e-01,3.348200000000000065e-01,2.848100000000000076e-01,2.347899999999999987e-01,1.873599999999999988e-01,1.623499999999999943e-01,9.518000000000000071e-02,-3.400999999999999857e-02,-1.631900000000000017e-01,-2.923700000000000188e-01,-4.215499999999999803e-01,4.367999999999999661e-02,-3.289999999999999869e-02,-1.094699999999999979e-01,-1.860499999999999932e-01,-2.626200000000000201e-01,4.367999999999999661e-02,-3.289999999999999869e-02,-1.094699999999999979e-01,-1.860499999999999932e-01,-2.626200000000000201e-01,2.474500000000000033e-01,7.423399999999999999e-01,1.237230000000000052e+00,1.732129999999999947e+00,2.227020000000000000e+00,3.166879999999999917e+00,4.551709999999999923e+00,5.936550000000000438e+00,7.321380000000000443e+00,8.706210000000000448e+00,2.474500000000000033e-01,7.423399999999999999e-01,1.237230000000000052e+00,1.732129999999999947e+00,2.227020000000000000e+00,3.166879999999999917e+00,4.551709999999999923e+00,5.936550000000000438e+00,7.321380000000000443e+00,8.706210000000000448e+00
cd,8.680000000000000215e-03,1.009000000000000001e-02,1.145000000000000011e-02,1.254000000000000080e-02,1.490000000000000005e-02,1.285999999999999990e-02,1.400000000000000029e-02,1.362000000000000016e-02,1.256999999999999958e-02,1.069999999999999944e-02,7.620000000000000037e-03,8.689999999999999808e-03,1.010999999999999920e-02,1.146999999999999929e-02,1.257999999999999917e-02,1.504999999999999914e-02,1.272000000000000040e-02,1.400999999999999988e-02,1.362999999999999975e-02,1.256999999999999958e-02,1.068999999999999985e-02,7.609999999999999577e-03,7.960000000000000062e-03,9.329999999999999752e-03,9.979999999999999288e-03,1.041000000000000085e-02,9.660000000000000184e-03,8.019999999999999352e-03,9.369999999999999857e-03,1.003000000000000072e-02,1.044999999999999922e-02,9.669999999999999776e-03,5.100000000000000366e-03,4.780000000000000394e-03,4.939999999999999947e-03,4.969999999999999592e-03,5.040000000000000209e-03,5.159999999999999656e-03,5.380000000000000233e-03,5.619999999999999996e-03,5.899999999999999863e-03,6.250000000000000347e-03,4.749999999999999882e-03,4.789999999999999987e-03,4.950000000000000407e-03,4.989999999999999644e-03,5.060000000000000261e-03,5.190000000000000169e-03,5.400000000000000286e-03,5.629999999999999588e-03,5.910000000000000323e-03,6.250000000000000347e-03
cd*c/cref,2.020816405908715599e-02,2.084317095151034735e-02,2.064803266620286043e-02,1.932310790039962894e-02,1.905085548562460498e-02,9.156229698901419481e-03,1.505832996262559433e-02,1.269609343601857399e-02,9.914471322018541394e-03,6.904907858333198846e-03,3.824443072791108063e-03,2.023144535408610487e-02,2.088448546281165483e-02,2.068409909880757763e-02,1.938474460821589321e-02,1.924264262138592613e-02,9.056550681961591381e-03,1.506908591259889692e-02,1.270541509052372682e-02,9.914471322018541394e-03,6.898454673418868456e-03,3.819424118627339805e-03,4.975344507903635416e-03,5.185828263788891737e-03,4.856294448848835418e-03,4.344950110828871455e-03,3.363245117866908891e-03,5.012847104696878733e-03,5.208061182390344088e-03,4.880624581358098887e-03,4.361645404242238573e-03,3.366726738071739583e-03,7.108363777565648509e-03,5.843394744931803761e-03,5.407864125422687067e-03,4.805747237367936041e-03,4.229528500008090247e-03,3.691628650476483191e-03,3.204698011552089762e-03,2.674589706667529834e-03,2.101240797967867877e-03,1.477371090653162387e-03,6.620534890869966306e-03,5.855619420130405567e-03,5.418811218793988943e-03,4.825086260455935597e-03,4.246312343262090110e-03,3.713091607746695812e-03,3.216611387059718340e-03,2.679348763085087539e-03,2.104802223049169214e-03,1.477371090653162387e-03
cdi,4.009999999999999676e-03,5.340000000000000129e-03,6.590000000000000371e-03,7.550000000000000287e-03,9.740000000000000394e-03,6.859999999999999779e-03,8.590000000000000413e-03,8.030000000000000679e-03,6.779999999999999569e-03,4.720000000000000237e-03,1.529999999999999893e-03,4.020000000000000136e-03,5.349999999999999721e-03,6.610000000000000424e-03,7.590000000000000392e-03,9.879999999999999893e-03,6.709999999999999819e-03,8.609999999999999598e-03,8.040000000000000271e-03,6.779999999999999569e-03,4.709999999999999777e-03,1.510000000000000057e-03,2.480000000000000000e-03,3.759999999999999887e-03,4.309999999999999595e-03,4.619999999999999975e-03,3.729999999999999809e-03,2.540000000000000157e-03,3.799999999999999992e-03,4.360000000000000160e-03,4.669999999999999672e-03,3.749999999999999861e-03,1.399999999999999877e-04,-2.599999999999999772e-04,-1.600000000000000131e-04,-2.100000000000000087e-04,-2.400000000000000061e-04,-2.200000000000000078e-04,-1.299999999999999886e-04,-5.000000000000000240e-05,1.000000000000000082e-05,4.000000000000000327e-05,-2.100000000000000087e-04,-2.500000000000000052e-04,-1.499999999999999869e-04,-1.900000000000000105e-04,-2.100000000000000087e-04,-1.900000000000000105e-04,-1.100000000000000039e-04,-3.000000000000000076e-05,2.000000000000000164e-05,4.000000000000000327e-05
cdi*c/cref,9.335799294578282434e-03,1.103097451744947978e-02,1.188388954325561922e-02,1.163392860032035070e-02,1.245337801543514554e-02,4.884271830051612438e-03,9.239361027068132212e-03,7.485288567637970146e-03,5.347662335981361210e-03,3.045903279563803943e-03,7.678999870564822859e-04,9.359080589577231310e-03,1.105163177310013352e-02,1.191995597586034163e-02,1.169556530813661843e-02,1.263237934214571020e-02,4.777472883330367674e-03,9.260872927014739131e-03,7.494610222143122981e-03,5.347662335981361210e-03,3.039450094649473553e-03,7.578620787289466363e-04,1.550107334120730653e-03,2.089894348536573427e-03,2.097257422298444852e-03,1.928306389243937069e-03,1.298644336402025650e-03,1.587609930913974187e-03,2.112127267138026645e-03,2.121587554807707887e-03,1.949175506010646184e-03,1.305607576811688118e-03,1.951315546782726859e-04,-3.178415551636545443e-04,-1.751534939408157883e-04,-2.030597424239973154e-04,-2.014061190480042859e-04,-1.573950199815555065e-04,-7.743694079958580035e-05,-2.379528208778941160e-05,3.561425081301471029e-06,9.455174980180239288e-06,-2.926973320174090288e-04,-3.056168799650525215e-04,-1.642064005695147795e-04,-1.837207193359975698e-04,-1.762303541670037603e-04,-1.359320627113434006e-04,-6.552356529195722194e-05,-1.427716925267364628e-05,7.122850162602942058e-06,9.455174980180239288e-06
cdo,4.669999999999999672e-03,4.760000000000000342e-03,4.859999999999999737e-03,4.989999999999999644e-03,5.170000000000000116e-03,6.000000000000000125e-03,5.409999999999999878e-03,5.590000000000000351e-03,5.790000000000000008e-03,5.980000000000000072e-03,6.089999999999999927e-03,4.669999999999999672e-03,4.760000000000000342e-03,4.859999999999999737e-03,4.989999999999999644e-03,5.170000000000000116e-03,6.009999999999999717e-03,5.409999999999999878e-03,5.590000000000000351e-03,5.790000000000000008e-03,5.989999999999999665e-03,6.089999999999999927e-03,5.479999999999999628e-03,5.570000000000000298e-03,5.669999999999999693e-03,5.790000000000000008e-03,5.930000000000000375e-03,5.479999999999999628e-03,5.570000000000000298e-03,5.669999999999999693e-03,5.790000000000000008e-03,5.930000000000000375e-03,4.950000000000000407e-03,5.029999999999999749e-03,5.100000000000000366e-03,5.179999999999999709e-03,5.270000000000000379e-03,5.380000000000000233e-03,5.510000000000000141e-03,5.669999999999999693e-03,5.890000000000000270e-03,6.210000000000000242e-03,4.950000000000000407e-03,5.029999999999999749e-03,5.100000000000000366e-03,5.179999999999999709e-03,5.270000000000000379e-03,5.380000000000000233e-03,5.510000000000000141e-03,5.669999999999999693e-03,5.890000000000000270e-03,6.210000000000000242e-03
cdo*c/cref,1.087236476450887182e-02,9.832853689711521308e-03,8.764143122947239475e-03,7.689179300079277378e-03,6.610263279240215055e-03,4.271957868849807043e-03,5.818968935557461246e-03,5.210804868380603840e-03,4.566808986037181051e-03,3.859004578769395337e-03,3.056543085734625669e-03,1.087236476450887182e-02,9.832853689711521308e-03,8.764143122947239475e-03,7.689179300079277378e-03,6.610263279240215055e-03,4.279077798631223707e-03,5.818968935557461246e-03,5.210804868380603840e-03,4.566808986037181051e-03,3.865457763683725293e-03,3.056543085734625669e-03,3.425237173782904546e-03,3.095933915252317876e-03,2.759037026550390567e-03,2.416643721584934169e-03,2.064600781464883024e-03,3.425237173782904546e-03,3.095933915252317876e-03,2.759037026550390567e-03,2.416643721584934169e-03,2.064600781464883024e-03,6.899294254696070917e-03,6.149011624896855849e-03,5.583017619363503208e-03,5.008806979791932679e-03,4.422542697429094304e-03,3.849023670458038941e-03,3.282134952351675305e-03,2.698384988755318792e-03,2.097679372886566539e-03,1.467915915672982075e-03,6.899294254696070917e-03,6.149011624896855849e-03,5.583017619363503208e-03,5.008806979791932679e-03,4.422542697429094304e-03,3.849023670458038941e-03,3.282134952351675305e-03,2.698384988755318792e-03,2.097679372886566539e-03,1.467915915672982075e-03
cl,4.982000000000000317e-02,7.338000000000000078e-02,9.858999999999999708e-02,1.261099999999999999e-01,1.755500000000000116e-01,7.627000000000000446e-02,2.162000000000000033e-01,2.478599999999999970e-01,2.750600000000000267e-01,2.924300000000000233e-01,2.719099999999999850e-01,4.989999999999999991e-02,7.349999999999999589e-02,9.882000000000000506e-02,1.265400000000000136e-01,1.771699999999999942e-01,9.654000000000000081e-02,2.163899999999999990e-01,2.480999999999999872e-01,2.753499999999999837e-01,2.927600000000000202e-01,2.722100000000000075e-01,2.921999999999999945e-02,4.694999999999999868e-02,5.655999999999999917e-02,5.641999999999999793e-02,5.745000000000000107e-02,2.999999999999999889e-02,4.764999999999999791e-02,5.722000000000000003e-02,5.704999999999999655e-02,5.784999999999999865e-02,-2.500000000000000052e-04,-2.650000000000000012e-03,-1.629999999999999939e-03,-1.490000000000000005e-03,-1.250000000000000026e-03,-1.840000000000000056e-03,-1.529999999999999893e-03,-1.049999999999999935e-03,-3.800000000000000209e-04,2.999999999999999737e-04,-4.120000000000000398e-03,-2.160000000000000028e-03,-1.479999999999999979e-03,-1.360000000000000098e-03,-1.190000000000000085e-03,-1.699999999999999905e-03,-1.379999999999999933e-03,-8.899999999999999491e-04,-2.300000000000000070e-04,4.600000000000000139e-04
cl*c/cref,1.159874116847606218e-01,1.515829419645023934e-01,1.777894795249728987e-01,1.943251305677350382e-01,2.244548778859999649e-01,5.430370444286247017e-02,2.325436384228323772e-01,2.310465285647256561e-01,2.169510327632792890e-01,1.887104864497549106e-01,1.364703826670118081e-01,1.161736620447521989e-01,1.518308290323102383e-01,1.782042434999272229e-01,1.949877251767599129e-01,2.265261789522222124e-01,6.873580210979339522e-02,2.327480014723251611e-01,2.312702482728493381e-01,2.171797675829598706e-01,1.889234415519278065e-01,1.366209512919248636e-01,1.826376463830957711e-02,2.609588820845535478e-02,2.752224589447797160e-02,2.354871135955474704e-02,2.000190807675506291e-02,1.875129839662174197e-02,2.648496428398077959e-02,2.784340364360024175e-02,2.381166223081528088e-02,2.014117288494830793e-02,-3.484492047826297885e-04,-3.239538927629556208e-03,-1.784376219522060747e-03,-1.440757220055980791e-03,-1.048990203375022414e-03,-1.316394712573009740e-03,-9.113732263335866824e-04,-4.997009238435775420e-04,-1.353341530894559093e-04,7.091381235135178534e-05,-5.742442894817739382e-03,-2.640529842898053405e-03,-1.620169818952546048e-03,-1.315053569983982594e-03,-9.986386736130213083e-04,-1.216234245312019678e-03,-8.220229100263723443e-04,-4.235560211626515008e-04,-8.191277686993383197e-05,1.087345122720727493e-04
cli,5.022999999999999687e-02,7.378999999999999448e-02,9.901999999999999691e-02,1.265499999999999958e-01,1.759999999999999898e-01,7.678999999999999715e-02,2.166700000000000015e-01,2.483499999999999874e-01,2.755699999999999816e-01,2.929499999999999882e-01,2.724400000000000155e-01,5.031000000000000055e-02,7.391999999999999960e-02,9.923999999999999488e-02,1.269699999999999995e-01,1.776200000000000001e-01,9.705999999999999350e-02,2.168700000000000072e-01,2.485900000000000054e-01,2.758599999999999941e-01,2.932799999999999851e-01,2.727499999999999925e-01,2.970000000000000070e-02,4.744000000000000300e-02,5.705999999999999961e-02,5.693000000000000144e-02,5.797000000000000069e-02,3.048000000000000015e-02,4.812999999999999917e-02,5.772000000000000047e-02,5.756000000000000005e-02,5.836999999999999827e-02,1.399999999999999877e-04,-2.210000000000000159e-03,-1.180000000000000059e-03,-1.030000000000000100e-03,-7.900000000000000121e-04,-1.369999999999999907e-03,-1.049999999999999935e-03,-5.500000000000000331e-04,1.299999999999999886e-04,8.499999999999999526e-04,-3.729999999999999809e-03,-1.719999999999999958e-03,-1.039999999999999909e-03,-8.999999999999999754e-04,-7.299999999999999632e-04,-1.229999999999999974e-03,-8.999999999999999754e-04,-4.000000000000000192e-04,2.799999999999999755e-04,1.000000000000000021e-03
cli*c/cref,1.169419447797174910e-01,1.524298894461792175e-01,1.785649078259744227e-01,1.950031343537139694e-01,2.250302392932839179e-01,5.467394079149611591e-02,2.330491680715776615e-01,2.315032896354781433e-01,2.173532905496141365e-01,1.890460520653000354e-01,1.367363872376915201e-01,1.171281951397090820e-01,1.526984337696377370e-01,1.789616385846263258e-01,1.956503197857847598e-01,2.271015403595061932e-01,6.910603845842704096e-02,2.332642870710437688e-01,2.317270093436018530e-01,2.175820253692947459e-01,1.892590071674729313e-01,1.368919748167683192e-01,1.856378541265552365e-02,2.636824146132315388e-02,2.776554721957059935e-02,2.376157635057518300e-02,2.018295232740628317e-02,1.905131917096768851e-02,2.675175930719821474e-02,2.808670496869286604e-02,2.402452722183571684e-02,2.032221713559952819e-02,1.951315546782726859e-04,-2.701653218891064169e-03,-1.291757017813516435e-03,-9.959596890319868858e-04,-6.629618085330140839e-04,-9.801417153396864857e-04,-6.254522141505006920e-04,-2.617481029656835208e-04,4.629852605691911829e-05,2.009224683288300607e-04,-5.198862135356836257e-03,-2.102644134159560932e-03,-1.138497710615302529e-03,-8.702560389599883631e-04,-6.126102787710129786e-04,-8.799812480786966401e-04,-5.361018978432863539e-04,-1.903622567023152928e-04,9.971990227644116848e-05,2.363793745045059602e-04
clo,-4.099999999999999912e-04,-4.200000000000000174e-04,-4.299999999999999894e-04,-4.400000000000000157e-04,-4.499999999999999877e-04,-5.199999999999999544e-04,-4.699999999999999859e-04,-4.899999999999999842e-04,-5.100000000000000366e-04,-5.199999999999999544e-04,-5.299999999999999807e-04,-4.099999999999999912e-04,-4.200000000000000174e-04,-4.299999999999999894e-04,-4.400000000000000157e-04,-4.499999999999999877e-04,-5.299999999999999807e-04,-4.699999999999999859e-04,-4.899999999999999842e-04,-5.100000000000000366e-04,-5.199999999999999544e-04,-5.299999999999999807e-04,-4.800000000000000122e-04,-4.899999999999999842e-04,-5.000000000000000104e-04,-5.100000000000000366e-04,-5.199999999999999544e-04,-4.800000000000000122e-04,-4.899999999999999842e-04,-5.000000000000000104e-04,-5.100000000000000366e-04,-5.199999999999999544e-04,-3.899999999999999929e-04,-4.400000000000000157e-04,-4.499999999999999877e-04,-4.499999999999999877e-04,-4.600000000000000139e-04,-4.699999999999999859e-04,-4.800000000000000122e-04,-5.000000000000000104e-04,-5.100000000000000366e-04,-5.400000000000000069e-04,-3.899999999999999929e-04,-4.400000000000000157e-04,-4.499999999999999877e-04,-4.499999999999999877e-04,-4.600000000000000139e-04,-4.699999999999999859e-04,-4.800000000000000122e-04,-5.000000000000000104e-04,-5.100000000000000366e-04,-5.400000000000000069e-04
clo*c/cref,-9.545330949568817981e-04,-8.676047373274871615e-04,-7.754283010015047438e-04,-6.780037859789344364e-04,-5.753614072839645117e-04,-3.702363486336499141e-04,-5.055296487452877463e-04,-4.567610707525037090e-04,-4.022577863348812091e-04,-3.355656155451647695e-04,-2.660045706796964476e-04,-9.545330949568817981e-04,-8.676047373274871615e-04,-7.754283010015047438e-04,-6.780037859789344364e-04,-5.753614072839645117e-04,-3.773562784150663076e-04,-5.055296487452877463e-04,-4.567610707525037090e-04,-4.022577863348812091e-04,-3.355656155451647695e-04,-2.660045706796964476e-04,-3.000207743459478945e-04,-2.723532528677981789e-04,-2.433013250926270739e-04,-2.128649910204346337e-04,-1.810442506512207500e-04,-3.000207743459478945e-04,-2.723532528677981789e-04,-2.433013250926270739e-04,-2.128649910204346337e-04,-1.810442506512207500e-04,-5.435807594609024743e-04,-5.378857087384923642e-04,-4.926192017085444198e-04,-4.351280194799941816e-04,-3.860283948420082214e-04,-3.362529972333230918e-04,-2.859210121830860446e-04,-2.379528208778941025e-04,-1.816326791463750276e-04,-1.276448622324332109e-04,-5.435807594609024743e-04,-5.378857087384923642e-04,-4.926192017085444198e-04,-4.351280194799941816e-04,-3.860283948420082214e-04,-3.362529972333230918e-04,-2.859210121830860446e-04,-2.379528208778941025e-04,-1.816326791463750276e-04,-1.276448622324332109e-04
cmx,4.539999999999999765e-03,7.009999999999999738e-03,1.493000000000000056e-02,2.862999999999999920e-02,5.863999999999999768e-02,5.002000000000000196e-02,1.139799999999999980e-01,2.039700000000000124e-01,3.372700000000000142e-01,5.288699999999999513e-01,7.447599999999999776e-01,-4.550000000000000225e-03,-7.020000000000000198e-03,-1.495999999999999934e-02,-2.871999999999999900e-02,-5.918999999999999956e-02,-6.299000000000000432e-02,-1.140800000000000008e-01,-2.041600000000000081e-01,-3.376199999999999757e-01,-5.294699999999999962e-01,-7.455800000000000205e-01,2.554000000000000020e-02,5.392000000000000265e-02,8.598999999999999699e-02,1.139700000000000019e-01,1.558700000000000085e-01,-2.617999999999999841e-02,-5.469999999999999862e-02,-8.698000000000000176e-02,-1.152299999999999991e-01,-1.569399999999999962e-01,-6.000000000000000152e-05,-1.449999999999999900e-03,-1.690000000000000096e-03,-2.480000000000000000e-03,-3.399999999999999811e-03,-6.139999999999999625e-03,-7.409999999999999920e-03,-5.969999999999999613e-03,2.350000000000000092e-03,2.281000000000000041e-02,1.330000000000000019e-03,1.170000000000000033e-03,1.479999999999999979e-03,2.200000000000000133e-03,3.050000000000000194e-03,5.490000000000000088e-03,6.340000000000000149e-03,4.270000000000000358e-03,-4.879999999999999789e-03,-2.661000000000000171e-02
cmx*c/cref,1.056970792952254337e-02,1.448073621110877382e-02,2.692359193942434059e-02,4.411647361949293245e-02,7.497598427362596463e-02,3.561388876664456360e-02,1.225963177957189315e-01,1.901337869416085680e-01,2.660185952885595895e-01,3.412895905641755712e-01,3.737916303007750018e-01,-1.059298922452149398e-02,-1.450139346675942756e-02,-2.697769158833141986e-02,-4.425515621207953137e-02,-7.567920377141747201e-02,-4.484843769314156292e-02,-1.227038772954519852e-01,-1.903108983772064666e-01,-2.662946545536913345e-01,-3.416767816590354223e-01,-3.742031845422039704e-01,1.596360536832397772e-02,2.996997427475852488e-02,4.184296188942999983e-02,4.756906475803712037e-02,5.426801413270342794e-02,-1.636363306745190413e-02,-3.040351618748685439e-02,-4.232469851311340681e-02,-4.809496650055819500e-02,-5.464054749462035621e-02,-8.362780914783115303e-05,-1.772577903797304365e-03,-1.850058779749866799e-03,-2.398038862911967915e-03,-2.853253353180060323e-03,-4.392751921303412327e-03,-4.413905625576391122e-03,-2.841156681282055573e-03,8.369348941058456833e-04,5.391813532447780818e-03,1.853749769443590678e-03,1.430286998236445775e-03,1.620169818952546048e-03,2.127292539679971964e-03,2.559536096235054490e-03,3.927721180448816816e-03,3.776540035918261526e-03,2.032117090297215836e-03,-1.737975439675117605e-03,-6.290055155564903966e-03
cmxi,4.539999999999999765e-03,7.009999999999999738e-03,1.493000000000000056e-02,2.862999999999999920e-02,5.863999999999999768e-02,5.002000000000000196e-02,1.139799999999999980e-01,2.039700000000000124e-01,3.372700000000000142e-01,5.288699999999999513e-01,7.447599999999999776e-01,-4.550000000000000225e-03,-7.020000000000000198e-03,-1.495999999999999934e-02,-2.871999999999999900e-02,-5.918999999999999956e-02,-6.299000000000000432e-02,-1.140800000000000008e-01,-2.041600000000000081e-01,-3.376199999999999757e-01,-5.294699999999999962e-01,-7.455800000000000205e-01,2.554000000000000020e-02,5.392000000000000265e-02,8.598999999999999699e-02,1.139700000000000019e-01,1.558700000000000085e-01,-2.617999999999999841e-02,-5.469999999999999862e-02,-8.698000000000000176e-02,-1.152299999999999991e-01,-1.569399999999999962e-01,-8.000000000000000654e-05,-1.449999999999999900e-03,-1.690000000000000096e-03,-2.480000000000000000e-03,-3.399999999999999811e-03,-6.139999999999999625e-03,-7.409999999999999920e-03,-5.969999999999999613e-03,2.350000000000000092e-03,2.281000000000000041e-02,1.350000000000000071e-03,1.170000000000000033e-03,1.479999999999999979e-03,2.200000000000000133e-03,3.050000000000000194e-03,5.490000000000000088e-03,6.340000000000000149e-03,4.270000000000000358e-03,-4.879999999999999789e-03,-2.661000000000000171e-02
cmxi*c/cref,1.056970792952254337e-02,1.448073621110877382e-02,2.692359193942434059e-02,4.411647361949293245e-02,7.497598427362596463e-02,3.561388876664456360e-02,1.225963177957189315e-01,1.901337869416085680e-01,2.660185952885595895e-01,3.412895905641755712e-01,3.737916303007750018e-01,-1.059298922452149398e-02,-1.450139346675942756e-02,-2.697769158833141986e-02,-4.425515621207953137e-02,-7.567920377141747201e-02,-4.484843769314156292e-02,-1.227038772954519852e-01,-1.903108983772064666e-01,-2.662946545536913345e-01,-3.416767816590354223e-01,-3.742031845422039704e-01,1.596360536832397772e-02,2.996997427475852488e-02,4.184296188942999983e-02,4.756906475803712037e-02,5.426801413270342794e-02,-1.636363306745190413e-02,-3.040351618748685439e-02,-4.232469851311340681e-02,-4.809496650055819500e-02,-5.464054749462035621e-02,-1.115037455304415464e-04,-1.772577903797304365e-03,-1.850058779749866799e-03,-2.398038862911967915e-03,-2.853253353180060323e-03,-4.392751921303412327e-03,-4.413905625576391122e-03,-2.841156681282055573e-03,8.369348941058456833e-04,5.391813532447780818e-03,1.881625705826201140e-03,1.430286998236445775e-03,1.620169818952546048e-03,2.127292539679971964e-03,2.559536096235054490e-03,3.927721180448816816e-03,3.776540035918261526e-03,2.032117090297215836e-03,-1.737975439675117605e-03,-6.290055155564903966e-03
cmxo,0.000000000000000000e+00,0.000000000000000000e+00,0.000000000000000000e+00,0.000000000000000000e+00,0.000000000000000000e+00,0.000000000000000000e+00,0.000000000000000000e+00,0.000000000000000000e+00,0.000000000000000000e+00,0.000000000000000000e+00,0.000000000000000000e+00,-0.000000000000000000e+00,-0.000000000000000000e+00,-0.000000000000000000e+00,-0.000000000000000000e+00,-0.000000000000000000e+00,-0.000000000000000000e+00,-0.000000000000000000e+00,0.000000000000000000e+00,0.000000000000000000e+00,0.000000000000000000e+00,0.000000000000000000e+00,0.000000000000000000e+00,0.000000000000000000e+00,0.000000000000000000e+00,0.000000000000000000e+00,0.000000000000000000e+00,-0.000000000000000000e+00,0.000000000000000000e+00,0.000000000000000000e+00,0.000000000000000000e+00,0.000000000000000000e+00,2.000000000000000164e-05,0.000000000000000000e+00,0.000000000000000000e+00,0.000000000000000000e+00,0.000000000000000000e+00,0.000000000000000000e+00,0.000000000000000000e+00,0.000000000000000000e+00,0.000000000000000000e+00,0.000000000000000000e+00,-2.000000000000000164e-05,-0.000000000000000000e+00,-0.000000000000000000e+00,-0.000000000000000000e+00,-0.000000000000000000e+00,-0.000000000000000000e+00,-0.000000000000000000e+00,-0.000000000000000000e+00,-0.000000000000000000e+00,-0.000000000000000000e+00
cmxo*c/cref,0.000000000000000000e+00,0.000000000000000000e+00,0.000000000000000000e+00,0.000000000000000000e+00,0.000000000000000000e+00,0.000000000000000000e+00,0.000000000000000000e+00,0.000000000000000000e+00,0.000000000000000000e+00,0.000000000000000000e+00,0.000000000000000000e+00,-0.000000000000000000e+00,-0.000000000000000000e+00,-0.000000000000000000e+00,-0.000000000000000000e+00,-0.000000000000000000e+00,-0.000000000000000000e+00,-0.000000000000000000e+00,0.000000000000000000e+00,0.000000000000000000e+00,0.000000000000000000e+00,0.000000000000000000e+00,0.000000000000000000e+00,0.000000000000000000e+00,0.000000000000000000e+00,0.000000000000000000e+00,0.000000000000000000e+00,-0.000000000000000000e+00,0.000000000000000000e+00,0.000000000000000000e+00,0.000000000000000000e+00,0.000000000000000000e+00,2.787593638261038660e-05,0.000000000000000000e+00,0.000000000000000000e+00,0.000000000000000000e+00,0.000000000000000000e+00,0.000000000000000000e+00,0.000000000000000000e+00,0.000000000000000000e+00,0.000000000000000000e+00,0.000000000000000000e+00,-2.787593638261038660e-05,-0.000000000000000000e+00,-0.000000000000000000e+00,-0.000000000000000000e+00,-0.000000000000000000e+00,-0.000000000000000000e+00,-0.000000000000000000e+00,-0.000000000000000000e+00,-0.000000000000000000e+00,-0.000000000000000000e+00
cmy,-4.720000000000000237e-03,-9.669999999999999776e-03,-2.250999999999999876e-02,-4.460999999999999688e-02,-8.977000000000000257e-02,-1.205100000000000060e-01,-1.689100000000000046e-01,-2.608599999999999808e-01,-3.919699999999999851e-01,-5.739100000000000312e-01,-7.602499999999999813e-01,-4.769999999999999934e-03,-9.749999999999999986e-03,-2.266999999999999918e-02,-4.497000000000000303e-02,-9.163000000000000311e-02,-1.656600000000000017e-01,-1.691199999999999926e-01,-2.611499999999999932e-01,-3.924000000000000266e-01,-5.745700000000000252e-01,-7.610900000000000443e-01,-1.016800000000000065e-01,-1.905000000000000027e-01,-2.727399999999999824e-01,-3.326700000000000212e-01,-4.160400000000000209e-01,-1.042300000000000032e-01,-1.932500000000000051e-01,-2.758800000000000141e-01,-3.362200000000000188e-01,-4.188700000000000201e-01,-1.100000000000000066e-03,3.310000000000000008e-03,2.119999999999999923e-03,2.510000000000000078e-03,2.779999999999999919e-03,5.279999999999999971e-03,6.669999999999999714e-03,8.019999999999999352e-03,9.069999999999999937e-03,1.089999999999999997e-02,3.690000000000000138e-03,2.550000000000000183e-03,1.930000000000000075e-03,2.309999999999999987e-03,2.650000000000000012e-03,4.950000000000000407e-03,6.199999999999999782e-03,7.369999999999999815e-03,8.210000000000000284e-03,9.509999999999999357e-03
cmy*c/cref,-1.098877123950361620e-02,-1.997556621418285910e-02,-4.059276989661365215e-02,-6.874033839209149621e-02,-1.147782078486255658e-01,-8.580227379584838554e-02,-1.816787509990777927e-01,-2.431646794214247231e-01,-3.091627147248693919e-01,-3.703547354183183704e-01,-3.815659903004514075e-01,-1.110517771449835711e-02,-2.014082425938809595e-02,-4.088130135745142446e-02,-6.929506876243790581e-02,-1.171563683320659410e-01,-1.179487567589431740e-01,-1.819046259485171679e-01,-2.434350074020741883e-01,-3.095018732506027437e-01,-3.707806456226641068e-01,-3.819875824502079187e-01,-6.355440069894996435e-02,-1.058842748394194927e-01,-1.327160068115262048e-01,-1.388505814956234874e-01,-1.448493270017959245e-01,-6.514826106266280448e-02,-1.074127879932693791e-01,-1.342439391331079201e-01,-1.403322887860598556e-01,-1.458346255197631447e-01,-1.533176501043571243e-03,4.046367490737294917e-03,2.320783794715809093e-03,2.427047397543967682e-03,2.332954212306049407e-03,3.777480479557331940e-03,3.973110731794133287e-03,3.816763246881421049e-03,3.230212548740433835e-03,2.576535182099114890e-03,5.143110262591616202e-03,3.117292175643535546e-03,2.112789020661090360e-03,2.233657166663970389e-03,2.223859231155047265e-03,3.541387949584998748e-03,3.693146407364861477e-03,3.507424579740158962e-03,2.923929991748507561e-03,2.247967851537851537e-03
cmyi,-4.780000000000000394e-03,-9.740000000000000394e-03,-2.257999999999999938e-02,-4.467000000000000137e-02,-8.982999999999999319e-02,-1.206300000000000011e-01,-1.689499999999999891e-01,-2.608400000000000163e-01,-3.918699999999999961e-01,-5.736799999999999677e-01,-7.598399999999999599e-01,-4.839999999999999684e-03,-9.820000000000000603e-03,-2.273000000000000020e-02,-4.503000000000000058e-02,-9.168999999999999373e-02,-1.657700000000000007e-01,-1.691600000000000048e-01,-2.611299999999999732e-01,-3.923099999999999921e-01,-5.743500000000000272e-01,-7.606800000000000228e-01,-1.017099999999999949e-01,-1.904700000000000004e-01,-2.726399999999999935e-01,-3.324599999999999778e-01,-4.156699999999999839e-01,-1.042600000000000054e-01,-1.932200000000000029e-01,-2.757800000000000251e-01,-3.360099999999999754e-01,-4.185099999999999931e-01,-1.100000000000000066e-03,3.059999999999999786e-03,1.649999999999999991e-03,1.760000000000000063e-03,1.639999999999999965e-03,3.350000000000000113e-03,3.249999999999999851e-03,2.279999999999999909e-03,-7.500000000000000156e-04,-7.689999999999999787e-03,3.700000000000000164e-03,2.309999999999999987e-03,1.459999999999999926e-03,1.559999999999999972e-03,1.520000000000000084e-03,3.020000000000000115e-03,2.779999999999999919e-03,1.629999999999999939e-03,-1.610000000000000103e-03,-9.079999999999999530e-03
cmyi*c/cref,-1.112845900949730599e-02,-2.012016700373744221e-02,-4.071900241073017623e-02,-6.883279345381590475e-02,-1.148549227029300734e-01,-8.588771295322537858e-02,-1.817217747989710031e-01,-2.431460361124144487e-01,-3.090838406491174251e-01,-3.702063121652887090e-01,-3.813602131797368955e-01,-1.126814677949099404e-02,-2.028542504894267559e-02,-4.098950065526558995e-02,-6.938752382416230047e-02,-1.172330831863704625e-01,-1.180270759865387625e-01,-1.819476497484103783e-01,-2.434163640930638584e-01,-3.094308865824259569e-01,-3.706386755545488798e-01,-3.817818053294934622e-01,-6.357315199734657474e-02,-1.058676001504683939e-01,-1.326673465465076918e-01,-1.387629312052033048e-01,-1.447205070542171845e-01,-6.516701236105942874e-02,-1.073961133043182942e-01,-1.341952788680893793e-01,-1.402446384956396730e-01,-1.457092871923892363e-01,-1.533176501043571243e-03,3.740750610772242395e-03,1.806270406264662764e-03,1.701834031743977398e-03,1.376275146828029273e-03,2.396696895173685855e-03,1.935923519989645077e-03,1.085064863203197023e-03,-2.671068810976103187e-04,-1.817757389939650805e-03,5.157048230782921433e-03,2.823899970877084831e-03,1.598275632209944031e-03,1.508443800863979887e-03,1.275572087304027279e-03,2.160604365201352663e-03,1.655959195560373267e-03,7.757261960619347193e-04,-5.733894380895368644e-04,-2.146324720500913941e-03
cmyo,6.000000000000000152e-05,6.000000000000000152e-05,6.000000000000000152e-05,6.000000000000000152e-05,6.000000000000000152e-05,1.100000000000000039e-04,4.000000000000000327e-05,-2.000000000000000164e-05,-1.000000000000000048e-04,-2.200000000000000078e-04,-4.200000000000000174e-04,6.000000000000000152e-05,6.000000000000000152e-05,6.000000000000000152e-05,6.000000000000000152e-05,6.000000000000000152e-05,1.100000000000000039e-04,4.000000000000000327e-05,-2.000000000000000164e-05,-1.000000000000000048e-04,-2.200000000000000078e-04,-4.200000000000000174e-04,3.000000000000000076e-05,-3.000000000000000076e-05,-1.000000000000000048e-04,-2.100000000000000087e-04,-3.600000000000000227e-04,3.000000000000000076e-05,-3.000000000000000076e-05,-1.000000000000000048e-04,-2.100000000000000087e-04,-3.600000000000000227e-04,-1.000000000000000082e-05,2.500000000000000052e-04,4.699999999999999859e-04,7.500000000000000156e-04,1.139999999999999954e-03,1.930000000000000075e-03,3.419999999999999863e-03,5.740000000000000310e-03,9.820000000000000603e-03,1.857999999999999929e-02,-1.000000000000000082e-05,2.500000000000000052e-04,4.699999999999999859e-04,7.500000000000000156e-04,1.139999999999999954e-03,1.930000000000000075e-03,3.419999999999999863e-03,5.740000000000000310e-03,9.820000000000000603e-03,1.858999999999999889e-02
cmyo*c/cref,1.396877699936900305e-04,1.239435339039267412e-04,1.081992978141634520e-04,9.245506172440014919e-05,7.671485430452860607e-05,7.831922759557979994e-05,4.302379989321598576e-05,-1.864330901030627626e-05,-7.887407575193749597e-05,-1.419700681152620450e-04,-2.107960748782500499e-04,1.396877699936900305e-04,1.239435339039267412e-04,1.081992978141634520e-04,9.245506172440014919e-05,7.671485430452860607e-05,7.831922759557979994e-05,4.302379989321598576e-05,-1.864330901030627626e-05,-7.887407575193749597e-05,-1.419700681152620450e-04,-2.107960748782500499e-04,1.875129839662174341e-05,-1.667468895108968304e-05,-4.866026501852541343e-05,-8.765029042017895647e-05,-1.253383273739220639e-04,1.875129839662174341e-05,-1.667468895108968304e-05,-4.866026501852541343e-05,-8.765029042017895647e-05,-1.253383273739220639e-04,-1.393796819130519330e-05,3.056168799650525215e-04,5.145133884511463290e-04,7.252133657999903929e-04,9.566790654780203511e-04,1.380783584383646085e-03,2.037187211804487776e-03,2.731698383678224460e-03,3.497319429838044533e-03,4.391928778293720942e-03,-1.393796819130519330e-05,3.056168799650525215e-04,5.145133884511463290e-04,7.252133657999903929e-04,9.566790654780203511e-04,1.380783584383646085e-03,2.037187211804487776e-03,2.731698383678224460e-03,3.497319429838044533e-03,4.394292572038765478e-03
cmz,-5.732000000000000289e-02,-2.789999999999999945e-03,-5.299999999999999807e-04,3.139999999999999996e-03,5.919999999999999915e-03,-2.299999999999999961e-03,1.490000000000000005e-02,3.065000000000000016e-02,5.442000000000000309e-02,9.458999999999999353e-02,3.209600000000000231e-01,5.736999999999999739e-02,2.789999999999999945e-03,5.199999999999999544e-04,-3.160000000000000048e-03,-6.440000000000000412e-03,-1.058000000000000086e-02,-1.485000000000000035e-02,-3.067999999999999894e-02,-5.449999999999999983e-02,-9.475000000000000089e-02,-3.216800000000000215e-01,-1.728000000000000022e-02,7.270000000000000420e-03,1.221000000000000037e-02,1.123999999999999999e-02,5.460000000000000270e-02,2.054999999999999882e-02,-7.550000000000000287e-03,-1.251000000000000029e-02,-1.165000000000000063e-02,-5.566999999999999726e-02,1.108999999999999916e-02,1.269999999999999948e-02,1.512999999999999935e-02,1.941999999999999976e-02,2.397000000000000172e-02,3.191999999999999699e-02,2.798000000000000140e-02,1.558999999999999969e-02,-1.620999999999999872e-02,-7.721999999999999698e-02,-1.013999999999999971e-02,-1.047000000000000014e-02,-1.310000000000000053e-02,-1.711000000000000021e-02,-2.122999999999999887e-02,-2.818000000000000019e-02,-2.323000000000000065e-02,-9.360000000000000264e-03,2.414000000000000173e-02,8.765000000000000568e-02
cmz*c/cref,-1.334483829339718763e-01,-5.763374326532593427e-03,-9.557604640251104880e-04,4.838481563576940703e-03,7.569198958046822502e-03,-1.637583849725759337e-03,1.602636546022295425e-02,2.857087105829436702e-02,4.292327202420438692e-02,6.104067610464834065e-02,1.610883528402931864e-01,1.335647894089665999e-01,5.763374326532593427e-03,9.377272477227498269e-04,-4.869299917485074569e-03,-8.234061028686071732e-03,-7.532885708738493689e-03,-1.597258571035643435e-02,-2.859883602180982379e-02,-4.298637128480593123e-02,-6.114392706327762689e-02,-1.614497175400844697e-01,-1.080074787645412399e-02,4.040832955814067061e-03,5.941418358761952831e-03,4.691377449156245230e-03,1.900964631837817956e-02,1.284463940168589259e-02,-4.196463386024236984e-03,-6.087399153817529308e-03,-4.862504206643261662e-03,-1.938217968029511476e-02,1.545720672415745733e-02,1.552533750222466653e-02,1.656295227077839161e-02,1.877819141844774831e-02,2.011543613991943064e-02,2.283658653550568740e-02,1.666681233517239291e-02,7.419368954972738010e-03,-5.773070056789684004e-03,-1.825321529923795011e-02,-1.413309974598346390e-02,-1.279923493293639788e-02,-1.434069231640429376e-02,-1.654453425178378095e-02,-1.781604961412137922e-02,-2.016087119581924658e-02,-1.383738565211060229e-02,-4.454476806834177342e-03,8.597280146261751521e-03,2.071865217531995013e-02
cmzi,-5.707999999999999879e-02,-2.340000000000000066e-03,2.100000000000000087e-04,4.279999999999999950e-03,7.660000000000000142e-03,1.610000000000000103e-03,1.776000000000000148e-02,3.525999999999999968e-02,6.153000000000000136e-02,1.054299999999999959e-01,3.375799999999999912e-01,5.713000000000000023e-02,2.340000000000000066e-03,-2.200000000000000078e-04,-4.300000000000000003e-03,-8.179999999999999771e-03,-1.451000000000000033e-02,-1.771000000000000005e-02,-3.529000000000000192e-02,-6.162000000000000116e-02,-1.055999999999999994e-01,-3.382999999999999896e-01,-1.263000000000000060e-02,1.359999999999999924e-02,2.076000000000000068e-02,2.281000000000000041e-02,7.054000000000000548e-02,1.590000000000000094e-02,-1.387999999999999998e-02,-2.104999999999999927e-02,-2.323000000000000065e-02,-7.160999999999999310e-02,1.272000000000000040e-02,1.461999999999999932e-02,1.731999999999999859e-02,2.196000000000000035e-02,2.698000000000000051e-02,3.558000000000000052e-02,3.259000000000000091e-02,2.166999999999999829e-02,-7.590000000000000392e-03,-6.318999999999999617e-02,-1.176999999999999921e-02,-1.238000000000000038e-02,-1.528999999999999977e-02,-1.965000000000000080e-02,-2.423000000000000154e-02,-3.184000000000000025e-02,-2.783000000000000057e-02,-1.544000000000000060e-02,1.552000000000000081e-02,7.363000000000000100e-02
cmzi*c/cref,-1.328896318539971033e-01,-4.833797822253143098e-03,3.786975423495720955e-04,6.595127736340543334e-03,9.793929732878152092e-03,1.146308694808031601e-03,1.910256715258789803e-02,3.286815378516996095e-02,4.853121881016713574e-02,6.803592855178215715e-02,1.694298546604753597e-01,1.330060383289918546e-01,4.833797822253143098e-03,-3.967307586519326482e-04,-6.625946090248676333e-03,-1.045879180351740045e-02,-1.033101811283511709e-02,-1.904878740272137466e-02,-3.289611874868542118e-02,-4.860220547834388088e-02,-6.814563269532578071e-02,-1.697912193602666431e-01,-7.894296624977753876e-03,7.559192324493989139e-03,1.010187101784587593e-02,9.520491068972770921e-03,2.455934892487906390e-02,9.938188150209524216e-03,-7.714822754704159929e-03,-1.024298578639959954e-02,-9.695791649813129132e-03,-2.493188228679599563e-02,1.772909553934020471e-02,1.787247514035627052e-02,1.896036571909330559e-02,2.123424735062371879e-02,2.264140454964648150e-02,2.545506732247156470e-02,1.941284538968077872e-02,1.031287525684792920e-02,-2.703121636707816414e-03,-1.493681267493973154e-02,-1.640498856116620954e-02,-1.513414789586940007e-02,-1.673810576471920775e-02,-1.900059018395974797e-02,-2.033362610222143319e-02,-2.277935198278512388e-02,-1.657746201886517792e-02,-7.347983108709370270e-03,5.527331726179882630e-03,1.740461334476677349e-02
cmzo,-2.400000000000000061e-04,-4.499999999999999877e-04,-7.399999999999999894e-04,-1.139999999999999954e-03,-1.740000000000000010e-03,-3.919999999999999873e-03,-2.860000000000000129e-03,-4.610000000000000382e-03,-7.110000000000000001e-03,-1.084000000000000068e-02,-1.661999999999999936e-02,2.400000000000000061e-04,4.499999999999999877e-04,7.399999999999999894e-04,1.139999999999999954e-03,1.740000000000000010e-03,3.930000000000000333e-03,2.860000000000000129e-03,4.610000000000000382e-03,7.110000000000000001e-03,1.085000000000000027e-02,1.661999999999999936e-02,-4.649999999999999620e-03,-6.329999999999999689e-03,-8.550000000000000308e-03,-1.158000000000000002e-02,-1.593999999999999931e-02,4.649999999999999620e-03,6.329999999999999689e-03,8.550000000000000308e-03,1.158000000000000002e-02,1.594999999999999890e-02,-1.629999999999999939e-03,-1.920000000000000049e-03,-2.190000000000000106e-03,-2.540000000000000157e-03,-3.010000000000000089e-03,-3.660000000000000059e-03,-4.610000000000000382e-03,-6.069999999999999875e-03,-8.619999999999999191e-03,-1.403000000000000080e-02,1.629999999999999939e-03,1.920000000000000049e-03,2.190000000000000106e-03,2.540000000000000157e-03,3.010000000000000089e-03,3.660000000000000059e-03,4.610000000000000382e-03,6.069999999999999875e-03,8.619999999999999191e-03,1.403000000000000080e-02
cmzo*c/cref,-5.587510799747601219e-04,-9.295765042794504373e-04,-1.334458006374682638e-03,-1.756646172763602631e-03,-2.224730774831329590e-03,-2.791012474315207170e-03,-3.076201692364942918e-03,-4.297282726875596530e-03,-5.607946785962755754e-03,-6.995252447133820835e-03,-8.341501820182180282e-03,5.587510799747601219e-04,9.295765042794504373e-04,1.334458006374682638e-03,1.756646172763602631e-03,2.224730774831329590e-03,2.798132404096623834e-03,3.076201692364942918e-03,4.297282726875596530e-03,5.607946785962755754e-03,7.001705632048150357e-03,8.341501820182180282e-03,-2.906451251476369676e-03,-3.518359368679922945e-03,-4.160452659083923102e-03,-4.833287443169868337e-03,-5.549702606500882610e-03,2.906451251476369676e-03,3.518359368679922945e-03,4.160452659083923102e-03,4.833287443169868337e-03,5.553184226705713301e-03,-2.271888815182746078e-03,-2.347137638131603123e-03,-2.397413448314916155e-03,-2.456055932175967450e-03,-2.525968409727053898e-03,-2.618480786965877733e-03,-2.746033054508389276e-03,-2.888747245457634356e-03,-3.069948420081867590e-03,-3.316402624298219002e-03,2.271888815182746078e-03,2.347137638131603123e-03,2.397413448314916155e-03,2.456055932175967450e-03,2.525968409727053898e-03,2.618480786965877733e-03,2.746033054508389276e-03,2.888747245457634356e-03,3.069948420081867590e-03,3.316402624298219002e-03
cs,-1.398000000000000076e-01,3.269999999999999903e-03,1.131000000000000061e-02,2.012999999999999859e-02,2.470999999999999933e-02,6.470000000000000057e-03,1.785000000000000128e-02,2.561000000000000082e-02,3.073000000000000037e-02,3.624999999999999750e-02,9.185000000000000109e-02,1.398899999999999866e-01,-3.269999999999999903e-03,-1.132999999999999979e-02,-2.016000000000000084e-02,-2.512999999999999956e-02,-1.163999999999999931e-02,-1.781999999999999904e-02,-2.563999999999999960e-02,-3.076999999999999874e-02,-3.631000000000000200e-02,-9.205000000000000682e-02,-3.129999999999999970e-03,3.330000000000000061e-03,4.199999999999999740e-03,3.820000000000000045e-03,9.129999999999999227e-03,4.080000000000000293e-03,-3.389999999999999784e-03,-4.259999999999999898e-03,-3.889999999999999795e-03,-9.270000000000000462e-03,1.226000000000000006e-02,1.264999999999999979e-02,1.291999999999999919e-02,1.357000000000000046e-02,1.374000000000000048e-02,1.460000000000000013e-02,1.055999999999999994e-02,5.300000000000000024e-03,-1.340000000000000045e-03,-7.110000000000000001e-03,-1.055000000000000035e-02,-1.077999999999999965e-02,-1.136000000000000031e-02,-1.208000000000000046e-02,-1.229000000000000058e-02,-1.303999999999999951e-02,-9.029999999999999832e-03,-3.779999999999999940e-03,2.720000000000000195e-03,8.279999999999999166e-03
cs*c/cref,-3.254725040852977647e-01,6.754922597764006706e-03,2.039556763796981226e-02,3.101867320853624391e-02,3.159373416441502852e-02,4.606594568576375531e-03,1.919937070234763177e-02,2.387275718769718558e-02,2.423800347857038920e-02,2.339279531444658430e-02,4.609909399420777931e-02,3.256820357402882560e-01,-6.754922597764006706e-03,-2.043163407057453293e-02,-3.106490073939844818e-02,-3.213073814454673466e-02,-8.287598265568626305e-03,-1.916710285242771705e-02,-2.390072215121264235e-02,-2.426955310887116482e-02,-2.343151442393256664e-02,-4.619947307748313581e-02,-1.956385466047534921e-03,1.850890473570954804e-03,2.043731130778067215e-03,1.594400520976588633e-03,3.178719247010856636e-03,2.550176581940556859e-03,-1.884239851473134197e-03,-2.072927289789182684e-03,-1.623617284449981523e-03,-3.227461929878493261e-03,1.708794900254016411e-02,1.546421412623165577e-02,1.414364463572087387e-02,1.312152716520782574e-02,1.153050031549824467e-02,1.044530587150322917e-02,6.290262268027892872e-03,2.522299901305677643e-03,-4.772309608943971280e-04,-1.680657352727037363e-03,-1.470455644182697835e-02,-1.317819986409306254e-02,-1.243589806979792170e-02,-1.168076994515184451e-02,-1.031367167958321951e-02,-9.329232093452198907e-03,-5.378889041694306407e-03,-1.798923325836879411e-03,9.687076221140001470e-04,1.957221220897309433e-03
csi,-1.398000000000000076e-01,3.269999999999999903e-03,1.131000000000000061e-02,2.012999999999999859e-02,2.472999999999999851e-02,6.470000000000000057e-03,1.785000000000000128e-02,2.561000000000000082e-02,3.073000000000000037e-02,3.624999999999999750e-02,9.185000000000000109e-02,1.398899999999999866e-01,-3.269999999999999903e-03,-1.132999999999999979e-02,-2.016000000000000084e-02,-2.513999999999999915e-02,-1.163999999999999931e-02,-1.781999999999999904e-02,-2.563999999999999960e-02,-3.076999999999999874e-02,-3.631000000000000200e-02,-9.205000000000000682e-02,-3.129999999999999970e-03,3.330000000000000061e-03,4.199999999999999740e-03,3.820000000000000045e-03,9.129999999999999227e-03,4.080000000000000293e-03,-3.389999999999999784e-03,-4.259999999999999898e-03,-3.889999999999999795e-03,-9.270000000000000462e-03,1.226000000000000006e-02,1.264999999999999979e-02,1.291999999999999919e-02,1.357000000000000046e-02,1.374000000000000048e-02,1.460000000000000013e-02,1.055999999999999994e-02,5.300000000000000024e-03,-1.340000000000000045e-03,-7.110000000000000001e-03,-1.055000000000000035e-02,-1.077999999999999965e-02,-1.136000000000000031e-02,-1.208000000000000046e-02,-1.229000000000000058e-02,-1.303999999999999951e-02,-9.029999999999999832e-03,-3.779999999999999940e-03,2.720000000000000195e-03,8.279999999999999166e-03
csi*c/cref,-3.254725040852977647e-01,6.754922597764006706e-03,2.039556763796981226e-02,3.101867320853624391e-02,3.161930578251653801e-02,4.606594568576375531e-03,1.919937070234763177e-02,2.387275718769718558e-02,2.423800347857038920e-02,2.339279531444658430e-02,4.609909399420777931e-02,3.256820357402882560e-01,-6.754922597764006706e-03,-2.043163407057453293e-02,-3.106490073939844818e-02,-3.214352395359748593e-02,-8.287598265568626305e-03,-1.916710285242771705e-02,-2.390072215121264235e-02,-2.426955310887116482e-02,-2.343151442393256664e-02,-4.619947307748313581e-02,-1.956385466047534921e-03,1.850890473570954804e-03,2.043731130778067215e-03,1.594400520976588633e-03,3.178719247010856636e-03,2.550176581940556859e-03,-1.884239851473134197e-03,-2.072927289789182684e-03,-1.623617284449981523e-03,-3.227461929878493261e-03,1.708794900254016411e-02,1.546421412623165577e-02,1.414364463572087387e-02,1.312152716520782574e-02,1.153050031549824467e-02,1.044530587150322917e-02,6.290262268027892872e-03,2.522299901305677643e-03,-4.772309608943971280e-04,-1.680657352727037363e-03,-1.470455644182697835e-02,-1.317819986409306254e-02,-1.243589806979792170e-02,-1.168076994515184451e-02,-1.031367167958321951e-02,-9.329232093452198907e-03,-5.378889041694306407e-03,-1.798923325836879411e-03,9.687076221140001470e-04,1.957221220897309433e-03
cso,0.000000000000000000e+00,0.000000000000000000e+00,0.000000000000000000e+00,0.000000000000000000e+00,-2.000000000000000164e-05,0.000000000000000000e+00,0.000000000000000000e+00,0.000000000000000000e+00,0.000000000000000000e+00,0.000000000000000000e+00,0.000000000000000000e+00,0.000000000000000000e+00,0.000000000000000000e+00,0.000000000000000000e+00,0.000000000000000000e+00,2.000000000000000164e-05,0.000000000000000000e+00,0.000000000000000000e+00,0.000000000000000000e+00,0.000000000000000000e+00,0.000000000000000000e+00,0.000000000000000000e+00,0.000000000000000000e+00,0.000000000000000000e+00,0.000000000000000000e+00,0.000000000000000000e+00,0.000000000000000000e+00,0.000000000000000000e+00,0.000000000000000000e+00,0.000000000000000000e+00,0.000000000000000000e+00,0.000000000000000000e+00,1.000000000000000082e-05,0.000000000000000000e+00,0.000000000000000000e+00,0.000000000000000000e+00,0.000000000000000000e+00,0.000000000000000000e+00,0.000000000000000000e+00,0.000000000000000000e+00,0.000000000000000000e+00,0.000000000000000000e+00,-1.000000000000000082e-05,0.000000000000000000e+00,0.000000000000000000e+00,0.000000000000000000e+00,0.000000000000000000e+00,0.000000000000000000e+00,0.000000000000000000e+00,0.000000000000000000e+00,0.000000000000000000e+00,0.000000000000000000e+00
cso*c/cref,0.000000000000000000e+00,0.000000000000000000e+00,0.000000000000000000e+00,0.000000000000000000e+00,-2.557161810150953988e-05,0.000000000000000000e+00,0.000000000000000000e+00,0.000000000000000000e+00,0.000000000000000000e+00,0.000000000000000000e+00,0.000000000000000000e+00,0.000000000000000000e+00,0.000000000000000000e+00,0.000000000000000000e+00,0.000000000000000000e+00,2.557161810150953988e-05,0.000000000000000000e+00,0.000000000000000000e+00,0.000000000000000000e+00,0.000000000000000000e+00,0.000000000000000000e+00,0.000000000000000000e+00,0.000000000000000000e+00,0.000000000000000000e+00,0.000000000000000000e+00,0.000000000000000000e+00,0.000000000000000000e+00,0.000000000000000000e+00,0.000000000000000000e+00,0.000000000000000000e+00,0.000000000000000000e+00,0.000000000000000000e+00,1.393796819130519330e-05,0.000000000000000000e+00,0.000000000000000000e+00,0.000000000000000000e+00,0.000000000000000000e+00,0.000000000000000000e+00,0.000000000000000000e+00,0.000000000000000000e+00,0.000000000000000000e+00,0.000000000000000000e+00,-1.393796819130519330e-05,0.000000000000000000e+00,0.000000000000000000e+00,0.000000000000000000e+00,0.000000000000000000e+00,0.000000000000000000e+00,0.000000000000000000e+00,0.000000000000000000e+00,0.000000000000000000e+00,0.000000000000000000e+00
cx,4.309999999999999595e-03,3.660000000000000059e-03,2.820000000000000024e-03,1.500000000000000031e-03,-4.499999999999999877e-04,6.170000000000000137e-03,-4.899999999999999842e-03,-8.030000000000000679e-03,-1.145000000000000011e-02,-1.482999999999999943e-02,-1.609999999999999973e-02,4.309999999999999595e-03,3.660000000000000059e-03,2.820000000000000024e-03,1.500000000000000031e-03,-4.499999999999999877e-04,4.259999999999999898e-03,-4.899999999999999842e-03,-8.040000000000000271e-03,-1.148000000000000062e-02,-1.485999999999999995e-02,-1.615000000000000116e-02,5.380000000000000233e-03,5.199999999999999761e-03,5.020000000000000157e-03,5.449999999999999983e-03,4.619999999999999975e-03,5.369999999999999774e-03,5.179999999999999709e-03,5.009999999999999697e-03,5.440000000000000391e-03,4.590000000000000330e-03,5.100000000000000366e-03,4.989999999999999644e-03,5.060000000000000261e-03,5.080000000000000314e-03,5.130000000000000011e-03,5.309999999999999616e-03,5.490000000000000088e-03,5.689999999999999745e-03,5.910000000000000323e-03,6.199999999999999782e-03,5.089999999999999906e-03,4.959999999999999999e-03,5.060000000000000261e-03,5.089999999999999906e-03,5.150000000000000064e-03,5.320000000000000076e-03,5.499999999999999681e-03,5.689999999999999745e-03,5.899999999999999863e-03,6.190000000000000190e-03
cx*c/cref,1.003423814454673137e-02,7.560555568139531134e-03,5.085366997265682379e-03,2.311376543110003554e-03,-5.753614072839645117e-04,4.392996675133885136e-03,-5.270415486918957927e-03,-7.485288567637970146e-03,-9.031081673596843065e-03,-9.570073227951525832e-03,-8.080516203666251659e-03,1.003423814454673137e-02,7.560555568139531134e-03,5.085366997265682379e-03,2.311376543110003554e-03,-5.753614072839645117e-04,3.033090086883362922e-03,-5.270415486918957927e-03,-7.494610222143122981e-03,-9.054743896322424782e-03,-9.589432782694517002e-03,-8.105610974485090783e-03,3.362732845794165829e-03,2.890279418188878430e-03,2.442745303929975877e-03,2.274733727571311061e-03,1.608508534631999725e-03,3.356482412995291653e-03,2.879162958888151821e-03,2.437879277428123010e-03,2.270559904217969282e-03,1.598063674017506349e-03,7.108363777565648509e-03,6.100112924102446890e-03,5.539229245878299172e-03,4.912111864351934899e-03,4.305055794651091797e-03,3.798943436827543693e-03,3.270221576844046726e-03,2.707903101590434635e-03,2.104802223049169214e-03,1.465552121927936888e-03,7.094425809374342411e-03,6.063438898506641472e-03,5.539229245878299172e-03,4.921781375895934244e-03,4.321839637905091659e-03,3.806097755917614567e-03,3.276178264597860799e-03,2.707903101590434635e-03,2.101240797967867877e-03,1.463188328182891918e-03
cxi,-3.800000000000000209e-04,-1.110000000000000092e-03,-2.060000000000000199e-03,-3.510000000000000099e-03,-5.640000000000000048e-03,1.399999999999999877e-04,-1.031999999999999931e-02,-1.363999999999999935e-02,-1.726000000000000104e-02,-2.083000000000000129e-02,-2.222000000000000017e-02,-3.800000000000000209e-04,-1.110000000000000092e-03,-2.060000000000000199e-03,-3.510000000000000099e-03,-5.629999999999999588e-03,-1.779999999999999898e-03,-1.033000000000000064e-02,-1.365000000000000067e-02,-1.728999999999999981e-02,-2.086999999999999966e-02,-2.225999999999999854e-02,-1.200000000000000030e-04,-3.899999999999999929e-04,-6.800000000000000488e-04,-3.600000000000000227e-04,-1.330000000000000019e-03,-1.299999999999999886e-04,-4.099999999999999912e-04,-6.899999999999999667e-04,-3.699999999999999947e-04,-1.360000000000000098e-03,1.299999999999999886e-04,-6.000000000000000152e-05,-6.000000000000000152e-05,-1.200000000000000030e-04,-1.700000000000000122e-04,-1.000000000000000048e-04,-4.000000000000000327e-05,-0.000000000000000000e+00,-0.000000000000000000e+00,-4.000000000000000327e-05,1.200000000000000030e-04,-1.000000000000000048e-04,-6.000000000000000152e-05,-1.100000000000000039e-04,-1.499999999999999869e-04,-8.000000000000000654e-05,-3.000000000000000076e-05,-0.000000000000000000e+00,-0.000000000000000000e+00,-5.000000000000000240e-05
cxi*c/cref,-8.846892099600367964e-04,-2.292955377222644781e-03,-3.714842558286278636e-03,-5.408621110877408558e-03,-7.211196304625689703e-03,9.967901693982883136e-05,-1.110014037244972177e-02,-1.271473674502887966e-02,-1.361366547478441193e-02,-1.344198417654958282e-02,-1.115211615189218124e-02,-8.846892099600367964e-04,-2.292955377222644781e-03,-3.714842558286278636e-03,-5.408621110877408558e-03,-7.198410495574934093e-03,-1.267347501092109478e-03,-1.111089632242302783e-02,-1.272405839953403249e-02,-1.363732769750999191e-02,-1.346779691620690264e-02,-1.117219196854725080e-02,-7.500519358648697363e-05,-2.167709563641658931e-04,-3.308898021259728032e-04,-1.502576407203068019e-04,-4.630554872425453870e-04,-8.125562638536087793e-05,-2.278874156648923394e-04,-3.357558286278253452e-04,-1.544314640736486356e-04,-4.735003478570389262e-04,1.811935864869674824e-04,-7.334805119161259758e-05,-6.568256022780591722e-05,-1.160341385279984602e-04,-1.426626676590030324e-04,-7.154319090070704226e-05,-2.382675101525717377e-05,-0.000000000000000000e+00,-0.000000000000000000e+00,-9.455174980180239288e-06,1.672556182956623061e-04,-1.222467519860210140e-04,-6.568256022780591722e-05,-1.063646269839985873e-04,-1.258788244050026549e-04,-5.723455272056564058e-05,-1.787006326144287779e-05,-0.000000000000000000e+00,-0.000000000000000000e+00,-1.181896872522529869e-05
cxo,4.689999999999999725e-03,4.769999999999999934e-03,4.879999999999999789e-03,5.009999999999999697e-03,5.190000000000000169e-03,6.020000000000000177e-03,5.429999999999999931e-03,5.610000000000000403e-03,5.810000000000000060e-03,6.009999999999999717e-03,6.109999999999999980e-03,4.689999999999999725e-03,4.769999999999999934e-03,4.879999999999999789e-03,5.009999999999999697e-03,5.190000000000000169e-03,6.040000000000000230e-03,5.429999999999999931e-03,5.610000000000000403e-03,5.810000000000000060e-03,6.009999999999999717e-03,6.119999999999999572e-03,5.499999999999999681e-03,5.590000000000000351e-03,5.689999999999999745e-03,5.810000000000000060e-03,5.950000000000000427e-03,5.499999999999999681e-03,5.590000000000000351e-03,5.689999999999999745e-03,5.810000000000000060e-03,5.950000000000000427e-03,4.969999999999999592e-03,5.049999999999999802e-03,5.120000000000000419e-03,5.199999999999999761e-03,5.290000000000000431e-03,5.400000000000000286e-03,5.530000000000000193e-03,5.689999999999999745e-03,5.910000000000000323e-03,6.239999999999999887e-03,4.969999999999999592e-03,5.049999999999999802e-03,5.120000000000000419e-03,5.199999999999999761e-03,5.290000000000000431e-03,5.400000000000000286e-03,5.530000000000000193e-03,5.689999999999999745e-03,5.910000000000000323e-03,6.239999999999999887e-03
cxo*c/cref,1.091892735450676957e-02,9.853510945362175047e-03,8.800209555551960147e-03,7.719997653987411244e-03,6.635834897341725408e-03,4.286197728412640372e-03,5.840480835504069032e-03,5.229448177390910377e-03,4.582583801187567994e-03,3.878364133512385205e-03,3.066580994062161319e-03,1.091892735450676957e-02,9.853510945362175047e-03,8.800209555551960147e-03,7.719997653987411244e-03,6.635834897341725408e-03,4.300437587975472833e-03,5.840480835504069032e-03,5.229448177390910377e-03,4.582583801187567994e-03,3.878364133512385205e-03,3.071599948225929144e-03,3.437738039380652463e-03,3.107050374553044485e-03,2.768769079554095867e-03,2.424991368291617728e-03,2.071564021874545275e-03,3.437738039380652463e-03,3.107050374553044485e-03,2.768769079554095867e-03,2.424991368291617728e-03,2.071564021874545275e-03,6.927170191078679644e-03,6.173460975294060328e-03,5.604911806106105225e-03,5.028146002879933102e-03,4.439326540683095033e-03,3.863332308638180689e-03,3.294048327859303883e-03,2.707903101590434635e-03,2.104802223049169214e-03,1.475007296908117200e-03,6.927170191078679644e-03,6.173460975294060328e-03,5.604911806106105225e-03,5.028146002879933102e-03,4.439326540683095033e-03,3.863332308638180689e-03,3.294048327859303883e-03,2.707903101590434635e-03,2.104802223049169214e-03,1.475007296908117200e-03
cy,-1.398000000000000076e-01,3.269999999999999903e-03,1.131000000000000061e-02,2.012999999999999859e-02,2.470999999999999933e-02,6.470000000000000057e-03,1.785000000000000128e-02,2.561000000000000082e-02,3.073000000000000037e-02,3.624999999999999750e-02,9.185000000000000109e-02,1.398899999999999866e-01,-3.269999999999999903e-03,-1.132999999999999979e-02,-2.016000000000000084e-02,-2.512999999999999956e-02,-1.163999999999999931e-02,-1.781999999999999904e-02,-2.563999999999999960e-02,-3.076999999999999874e-02,-3.631000000000000200e-02,-9.205000000000000682e-02,-3.129999999999999970e-03,3.330000000000000061e-03,4.199999999999999740e-03,3.820000000000000045e-03,9.129999999999999227e-03,4.080000000000000293e-03,-3.389999999999999784e-03,-4.259999999999999898e-03,-3.889999999999999795e-03,-9.270000000000000462e-03,1.226000000000000006e-02,1.264999999999999979e-02,1.291999999999999919e-02,1.357000000000000046e-02,1.374000000000000048e-02,1.460000000000000013e-02,1.055999999999999994e-02,5.300000000000000024e-03,-1.340000000000000045e-03,-7.110000000000000001e-03,-1.055000000000000035e-02,-1.077999999999999965e-02,-1.136000000000000031e-02,-1.208000000000000046e-02,-1.229000000000000058e-02,-1.303999999999999951e-02,-9.029999999999999832e-03,-3.779999999999999940e-03,2.720000000000000195e-03,8.279999999999999166e-03
cy*c/cref,-3.254725040852977647e-01,6.754922597764006706e-03,2.039556763796981226e-02,3.101867320853624391e-02,3.159373416441502852e-02,4.606594568576375531e-03,1.919937070234763177e-02,2.387275718769718558e-02,2.423800347857038920e-02,2.339279531444658430e-02,4.609909399420777931e-02,3.256820357402882560e-01,-6.754922597764006706e-03,-2.043163407057453293e-02,-3.106490073939844818e-02,-3.213073814454673466e-02,-8.287598265568626305e-03,-1.916710285242771705e-02,-2.390072215121264235e-02,-2.426955310887116482e-02,-2.343151442393256664e-02,-4.619947307748313581e-02,-1.956385466047534921e-03,1.850890473570954804e-03,2.043731130778067215e-03,1.594400520976588633e-03,3.178719247010856636e-03,2.550176581940556859e-03,-1.884239851473134197e-03,-2.072927289789182684e-03,-1.623617284449981523e-03,-3.227461929878493261e-03,1.708794900254016411e-02,1.546421412623165577e-02,1.414364463572087387e-02,1.312152716520782574e-02,1.153050031549824467e-02,1.044530587150322917e-02,6.290262268027892872e-03,2.522299901305677643e-03,-4.772309608943971280e-04,-1.680657352727037363e-03,-1.470455644182697835e-02,-1.317819986409306254e-02,-1.243589806979792170e-02,-1.168076994515184451e-02,-1.031367167958321951e-02,-9.329232093452198907e-03,-5.378889041694306407e-03,-1.798923325836879411e-03,9.687076221140001470e-04,1.957221220897309433e-03
cyi,-1.398000000000000076e-01,3.269999999999999903e-03,1.131000000000000061e-02,2.012999999999999859e-02,2.472999999999999851e-02,6.470000000000000057e-03,1.785000000000000128e-02,2.561000000000000082e-02,3.073000000000000037e-02,3.624999999999999750e-02,9.185000000000000109e-02,1.398899999999999866e-01,-3.269999999999999903e-03,-1.132999999999999979e-02,-2.016000000000000084e-02,-2.513999999999999915e-02,-1.163999999999999931e-02,-1.781999999999999904e-02,-2.563999999999999960e-02,-3.076999999999999874e-02,-3.631000000000000200e-02,-9.205000000000000682e-02,-3.129999999999999970e-03,3.330000000000000061e-03,4.199999999999999740e-03,3.820000000000000045e-03,9.129999999999999227e-03,4.080000000000000293e-03,-3.389999999999999784e-03,-4.259999999999999898e-03,-3.889999999999999795e-03,-9.270000000000000462e-03,1.226000000000000006e-02,1.264999999999999979e-02,1.291999999999999919e-02,1.357000000000000046e-02,1.374000000000000048e-02,1.460000000000000013e-02,1.055999999999999994e-02,5.300000000000000024e-03,-1.340000000000000045e-03,-7.110000000000000001e-03,-1.055000000000000035e-02,-1.077999999999999965e-02,-1.136000000000000031e-02,-1.208000000000000046e-02,-1.229000000000000058e-02,-1.303999999999999951e-02,-9.029999999999999832e-03,-3.779999999999999940e-03,2.720000000000000195e-03,8.279999999999999166e-03
cyi*c/cref,-3.254725040852977647e-01,6.754922597764006706e-03,2.039556763796981226e-02,3.101867320853624391e-02,3.161930578251653801e-02,4.606594568576375531e-03,1.919937070234763177e-02,2.387275718769718558e-02,2.423800347857038920e-02,2.339279531444658430e-02,4.609909399420777931e-02,3.256820357402882560e-01,-6.754922597764006706e-03,-2.043163407057453293e-02,-3.106490073939844818e-02,-3.214352395359748593e-02,-8.287598265568626305e-03,-1.916710285242771705e-02,-2.390072215121264235e-02,-2.426955310887116482e-02,-2.343151442393256664e-02,-4.619947307748313581e-02,-1.956385466047534921e-03,1.850890473570954804e-03,2.043731130778067215e-03,1.594400520976588633e-03,3.178719247010856636e-03,2.550176581940556859e-03,-1.884239851473134197e-03,-2.072927289789182684e-03,-1.623617284449981523e-03,-3.227461929878493261e-03,1.708794900254016411e-02,1.546421412623165577e-02,1.414364463572087387e-02,1.312152716520782574e-02,1.153050031549824467e-02,1.044530587150322917e-02,6.290262268027892872e-03,2.522299901305677643e-03,-4.772309608943971280e-04,-1.680657352727037363e-03,-1.470455644182697835e-02,-1.317819986409306254e-02,-1.243589806979792170e-02,-1.168076994515184451e-02,-1.031367167958321951e-02,-9.329232093452198907e-03,-5.378889041694306407e-03,-1.798923325836879411e-03,9.687076221140001470e-04,1.957221220897309433e-03
cyo,0.000000000000000000e+00,0.000000000000000000e+00,0.000000000000000000e+00,0.000000000000000000e+00,-2.000000000000000164e-05,0.000000000000000000e+00,0.000000000000000000e+00,0.000000000000000000e+00,0.000000000000000000e+00,0.000000000000000000e+00,0.000000000000000000e+00,0.000000000000000000e+00,0.000000000000000000e+00,0.000000000000000000e+00,0.000000000000000000e+00,2.000000000000000164e-05,0.000000000000000000e+00,0.000000000000000000e+00,0.000000000000000000e+00,0.000000000000000000e+00,0.000000000000000000e+00,0.000000000000000000e+00,0.000000000000000000e+00,0.000000000000000000e+00,0.000000000000000000e+00,0.000000000000000000e+00,0.000000000000000000e+00,0.000000000000000000e+00,0.000000000000000000e+00,0.000000000000000000e+00,0.000000000000000000e+00,0.000000000000000000e+00,1.000000000000000082e-05,0.000000000000000000e+00,0.000000000000000000e+00,0.000000000000000000e+00,0.000000000000000000e+00,0.000000000000000000e+00,0.000000000000000000e+00,0.000000000000000000e+00,0.000000000000000000e+00,0.000000000000000000e+00,-1.000000000000000082e-05,0.000000000000000000e+00,0.000000000000000000e+00,0.000000000000000000e+00,0.000000000000000000e+00,0.000000000000000000e+00,0.000000000000000000e+00,0.000000000000000000e+00,0.000000000000000000e+00,0.000000000000000000e+00
cyo*c/cref,0.000000000000000000e+00,0.000000000000000000e+00,0.000000000000000000e+00,0.000000000000000000e+00,-2.557161810150953988e-05,0.000000000000000000e+00,0.000000000000000000e+00,0.000000000000000000e+00,0.000000000000000000e+00,0.000000000000000000e+00,0.000000000000000000e+00,0.000000000000000000e+00,0.000000000000000000e+00,0.000000000000000000e+00,0.000000000000000000e+00,2.557161810150953988e-05,0.000000000000000000e+00,0.000000000000000000e+00,0.000000000000000000e+00,0.000000000000000000e+00,0.000000000000000000e+00,0.000000000000000000e+00,0.000000000000000000e+00,0.000000000000000000e+00,0.000000000000000000e+00,0.000000000000000000e+00,0.000000000000000000e+00,0.000000000000000000e+00,0.000000000000000000e+00,0.000000000000000000e+00,0.000000000000000000e+00,0.000000000000000000e+00,1.393796819130519330e-05,0.000000000000000000e+00,0.000000000000000000e+00,0.000000000000000000e+00,0.000000000000000000e+00,0.000000000000000000e+00,0.000000000000000000e+00,0.000000000000000000e+00,0.000000000000000000e+00,0.000000000000000000e+00,-1.393796819130519330e-05,0.000000000000000000e+00,0.000000000000000000e+00,0.000000000000000000e+00,0.000000000000000000e+00,0.000000000000000000e+00,0.000000000000000000e+00,0.000000000000000000e+00,0.000000000000000000e+00,0.000000000000000000e+00
cz,5.038999999999999729e-02,7.398000000000000409e-02,9.922000000000000264e-02,1.267199999999999993e-01,1.761800000000000033e-01,7.710000000000000187e-02,2.165999999999999870e-01,2.480999999999999872e-01,2.751100000000000212e-01,2.922500000000000098e-01,2.715400000000000036e-01,5.047000000000000097e-02,7.410999999999999532e-02,9.944000000000000061e-02,1.271500000000000130e-01,1.778000000000000136e-01,9.728000000000000536e-02,2.167900000000000105e-01,2.483400000000000052e-01,2.753999999999999782e-01,2.925800000000000067e-01,2.718400000000000261e-01,2.980999999999999969e-02,4.759000000000000036e-02,5.722000000000000003e-02,5.711000000000000104e-02,5.806999999999999662e-02,3.058999999999999914e-02,4.828000000000000347e-02,5.788000000000000089e-02,5.773999999999999966e-02,5.847000000000000114e-02,2.000000000000000096e-04,-2.220000000000000185e-03,-1.190000000000000085e-03,-1.049999999999999935e-03,-8.099999999999999561e-04,-1.379999999999999933e-03,-1.059999999999999961e-03,-5.599999999999999509e-04,1.299999999999999886e-04,8.499999999999999526e-04,-3.690000000000000138e-03,-1.729999999999999984e-03,-1.049999999999999935e-03,-9.200000000000000278e-04,-7.399999999999999894e-04,-1.240000000000000000e-03,-9.100000000000000016e-04,-4.000000000000000192e-04,2.799999999999999755e-04,1.000000000000000021e-03
cz*c/cref,1.173144454997006592e-01,1.528223773035416733e-01,1.789255721520216225e-01,1.952650903619330969e-01,2.252603838561975103e-01,5.489465861472002384e-02,2.329738764217645364e-01,2.312702482728493381e-01,2.169904698011552446e-01,1.885943291212969497e-01,1.362846813629524090e-01,1.175006958596922502e-01,1.530909216270001649e-01,1.793223029106735533e-01,1.959276849709579715e-01,2.273316849224197855e-01,6.926267691361821799e-02,2.331782394712573203e-01,2.314939679809730200e-01,2.172192046208358263e-01,1.888072842234698456e-01,1.364352499878654645e-01,1.863254017344313784e-02,2.645161490607860280e-02,2.784340364360024175e-02,2.383670517093533503e-02,2.021776852945459529e-02,1.912007393175530270e-02,2.683513275195366712e-02,2.816456139272250844e-02,2.409965604219587235e-02,2.035703333764784378e-02,2.787593638261038525e-04,-2.713877894089666409e-03,-1.302704111184817444e-03,-1.015298712119986442e-03,-6.797456517870143801e-04,-9.872960344297571425e-04,-6.314089019043149812e-04,-2.665071593832413883e-04,4.629852605691911829e-05,2.009224683288300607e-04,-5.143110262591616202e-03,-2.114868809358163172e-03,-1.149444803986603538e-03,-8.895950620479882442e-04,-6.210022003980132351e-04,-8.871355671687672969e-04,-5.420585855971006431e-04,-1.903622567023152928e-04,9.971990227644116848e-05,2.363793745045059602e-04
czi,5.038999999999999729e-02,7.398000000000000409e-02,9.922000000000000264e-02,1.267199999999999993e-01,1.761800000000000033e-01,7.710000000000000187e-02,2.165999999999999870e-01,2.480999999999999872e-01,2.751100000000000212e-01,2.922500000000000098e-01,2.715400000000000036e-01,5.047000000000000097e-02,7.410999999999999532e-02,9.944000000000000061e-02,1.271500000000000130e-01,1.778000000000000136e-01,9.728000000000000536e-02,2.167900000000000105e-01,2.483400000000000052e-01,2.753999999999999782e-01,2.925800000000000067e-01,2.718400000000000261e-01,2.980999999999999969e-02,4.759000000000000036e-02,5.722000000000000003e-02,5.711000000000000104e-02,5.806999999999999662e-02,3.058999999999999914e-02,4.828000000000000347e-02,5.788000000000000089e-02,5.773999999999999966e-02,5.847000000000000114e-02,1.499999999999999869e-04,-2.220000000000000185e-03,-1.190000000000000085e-03,-1.049999999999999935e-03,-8.099999999999999561e-04,-1.379999999999999933e-03,-1.059999999999999961e-03,-5.599999999999999509e-04,1.299999999999999886e-04,8.499999999999999526e-04,-3.729999999999999809e-03,-1.729999999999999984e-03,-1.049999999999999935e-03,-9.200000000000000278e-04,-7.399999999999999894e-04,-1.240000000000000000e-03,-9.100000000000000016e-04,-4.000000000000000192e-04,2.799999999999999755e-04,1.000000000000000021e-03
czi*c/cref,1.173144454997006592e-01,1.528223773035416733e-01,1.789255721520216225e-01,1.952650903619330969e-01,2.252603838561975103e-01,5.489465861472002384e-02,2.329738764217645364e-01,2.312702482728493381e-01,2.169904698011552446e-01,1.885943291212969497e-01,1.362846813629524090e-01,1.175006958596922502e-01,1.530909216270001649e-01,1.793223029106735533e-01,1.959276849709579715e-01,2.273316849224197855e-01,6.926267691361821799e-02,2.331782394712573203e-01,2.314939679809730200e-01,2.172192046208358263e-01,1.888072842234698456e-01,1.364352499878654645e-01,1.863254017344313784e-02,2.645161490607860280e-02,2.784340364360024175e-02,2.383670517093533503e-02,2.021776852945459529e-02,1.912007393175530270e-02,2.683513275195366712e-02,2.816456139272250844e-02,2.409965604219587235e-02,2.035703333764784378e-02,2.090695228695778622e-04,-2.713877894089666409e-03,-1.302704111184817444e-03,-1.015298712119986442e-03,-6.797456517870143801e-04,-9.872960344297571425e-04,-6.314089019043149812e-04,-2.665071593832413883e-04,4.629852605691911829e-05,2.009224683288300607e-04,-5.198862135356836257e-03,-2.114868809358163172e-03,-1.149444803986603538e-03,-8.895950620479882442e-04,-6.210022003980132351e-04,-8.871355671687672969e-04,-5.420585855971006431e-04,-1.903622567023152928e-04,9.971990227644116848e-05,2.363793745045059602e-04
czo,0.000000000000000000e+00,0.000000000000000000e+00,0.000000000000000000e+00,0.000000000000000000e+00,0.000000000000000000e+00,0.000000000000000000e+00,0.000000000000000000e+00,0.000000000000000000e+00,0.000000000000000000e+00,0.000000000000000000e+00,0.000000000000000000e+00,0.000000000000000000e+00,0.000000000000000000e+00,0.000000000000000000e+00,0.000000000000000000e+00,0.000000000000000000e+00,0.000000000000000000e+00,0.000000000000000000e+00,0.000000000000000000e+00,0.000000000000000000e+00,0.000000000000000000e+00,0.000000000000000000e+00,0.000000000000000000e+00,0.000000000000000000e+00,0.000000000000000000e+00,0.000000000000000000e+00,0.000000000000000000e+00,0.000000000000000000e+00,0.000000000000000000e+00,0.000000000000000000e+00,0.000000000000000000e+00,0.000000000000000000e+00,5.000000000000000240e-05,0.000000000000000000e+00,0.000000000000000000e+00,0.000000000000000000e+00,0.000000000000000000e+00,0.000000000000000000e+00,0.000000000000000000e+00,0.000000000000000000e+00,0.000000000000000000e+00,0.000000000000000000e+00,5.000000000000000240e-05,0.000000000000000000e+00,0.000000000000000000e+00,0.000000000000000000e+00,0.000000000000000000e+00,0.000000000000000000e+00,0.000000000000000000e+00,0.000000000000000000e+00,0.000000000000000000e+00,0.000000000000000000e+00
czo*c/cref,0.000000000000000000e+00,0.000000000000000000e+00,0.000000000000000000e+00,0.000000000000000000e+00,0.000000000000000000e+00,0.000000000000000000e+00,0.000000000000000000e+00,0.000000000000000000e+00,0.000000000000000000e+00,0.000000000000000000e+00,0.000000000000000000e+00,0.000000000000000000e+00,0.000000000000000000e+00,0.000000000000000000e+00,0.000000000000000000e+00,0.000000000000000000e+00,0.000000000000000000e+00,0.000000000000000000e+00,0.000000000000000000e+00,0.000000000000000000e+00,0.000000000000000000e+00,0.000000000000000000e+00,0.000000000000000000e+00,0.000000000000000000e+00,0.000000000000000000e+00,0.000000000000000000e+00,0.000000000000000000e+00,0.000000000000000000e+00,0.000000000000000000e+00,0.000000000000000000e+00,0.000000000000000000e+00,0.000000000000000000e+00,6.968984095652596311e-05,0.000000000000000000e+00,0.000000000000000000e+00,0.000000000000000000e+00,0.000000000000000000e+00,0.000000000000000000e+00,0.000000000000000000e+00,0.000000000000000000e+00,0.000000000000000000e+00,0.000000000000000000e+00,6.968984095652596311e-05,0.000000000000000000e+00,0.000000000000000000e+00,0.000000000000000000e+00,0.000000000000000000e+00,0.000000000000000000e+00,0.000000000000000000e+00,0.000000000000000000e+00,0.000000000000000000e+00,0.000000000000000000e+00
dArea,2.750094999999999956e+01,2.440130999999999872e+01,2.130167000000000144e+01,1.820203000000000060e+01,1.354603000000000002e+01,8.667300000000000004e-01,3.282052999999999798e+01,2.844275000000000020e+01,2.406590999999999880e+01,1.968971000000000160e+01,1.531381999999999977e+01,2.750094999999999956e+01,2.440130999999999872e+01,2.130167000000000144e+01,1.820203000000000060e+01,1.354603000000000002e+01,8.667300000000000004e-01,3.282052999999999798e+01,2.844275000000000020e+01,2.406590999999999880e+01,1.968971000000000160e+01,1.531381999999999977e+01,9.691470000000000695e+00,8.618190000000000239e+00,7.544909999999999783e+00,6.471630000000000216e+00,5.398349999999999760e+00,9.691470000000000695e+00,8.618190000000000239e+00,7.544909999999999783e+00,6.471630000000000216e+00,5.398349999999999760e+00,8.567589999999999151e+00,7.519720000000000404e+00,6.733850000000000335e+00,5.947969999999999757e+00,5.162099999999999689e+00,1.231455000000000055e+01,1.025309999999999988e+01,8.191649999999999210e+00,6.130189999999999806e+00,4.068740000000000023e+00,8.567589999999999151e+00,7.519720000000000404e+00,6.733850000000000335e+00,5.947969999999999757e+00,5.162099999999999689e+00,1.231455000000000055e+01,1.025309999999999988e+01,8.191649999999999210e+00,6.130189999999999806e+00,4.068740000000000023e+00
dSpan,9.555900000000000505e-01,9.555900000000000505e-01,9.555900000000000505e-01,9.555900000000000505e-01,8.570699999999999985e-01,9.847999999999999809e-02,2.468480000000000008e+00,2.468370000000000175e+00,2.468309999999999782e+00,2.468300000000000161e+00,2.468329999999999913e+00,9.555900000000000505e-01,9.555900000000000505e-01,9.555900000000000505e-01,9.555900000000000505e-01,8.570699999999999985e-01,9.847999999999999809e-02,2.468480000000000008e+00,2.468370000000000175e+00,2.468309999999999782e+00,2.468300000000000161e+00,2.468329999999999913e+00,1.254329999999999945e+00,1.254329999999999945e+00,1.254329999999999945e+00,1.254329999999999945e+00,1.254329999999999945e+00,1.254329999999999945e+00,1.254329999999999945e+00,1.254329999999999945e+00,1.254329999999999945e+00,1.254329999999999945e+00,4.972699999999999898e-01,4.976200000000000068e-01,4.976200000000000068e-01,4.976200000000000068e-01,4.976200000000000068e-01,1.392460000000000031e+00,1.392460000000000031e+00,1.392460000000000031e+00,1.392460000000000031e+00,1.392460000000000031e+00,4.972699999999999898e-01,4.976200000000000068e-01,4.976200000000000068e-01,4.976200000000000068e-01,4.976200000000000068e-01,1.392460000000000031e+00,1.392460000000000031e+00,1.392460000000000031e+00,1.392460000000000031e+00,1.392460000000000031e+00
roverR,inf,inf,inf,inf,inf,inf,inf,inf,inf,inf,inf,inf,inf,inf,inf,inf,inf,inf,inf,inf,inf,inf,inf,inf,inf,inf,inf,inf,inf,inf,inf,inf,inf,inf,inf,inf,inf,inf,inf,inf,inf,inf,inf,inf,inf,inf,inf,inf,inf,inf,inf,inf
Results_Name,CpSlice_Wrapper
Results_Timestamp,1788933990
Results_Date,9,9,2026
Results_Time,9,6,30
CpSlice_Case_ID_Vec,RBCIGTC
Num_Cuts,1
