Results_Name,VSPAERO_Wrapper
Results_Timestamp,1788935336
Results_Date,9,9,2026
Results_Time,9,28,56
Analysis_Duration_Sec,1.813800000000000168e+01
ResultsVec,VSPAERO_History,VSPAERO_Polar,VSPAERO_Load,CpSlice_Wrapper
Results_Name,VSPAERO_History
Results_Timestamp,1788935334
Results_Date,9,9,2026
Results_Time,9,28,54
Alpha,5.000000000000000000e+00,5.000000000000000000e+00,5.000000000000000000e+00,5.000000000000000000e+00,5.000000000000000000e+00,5.000000000000000000e+00,5.000000000000000000e+00
Beta,0.000000000000000000e+00,0.000000000000000000e+00,0.000000000000000000e+00,0.000000000000000000e+00,0.000000000000000000e+00,0.000000000000000000e+00,0.000000000000000000e+00
CDi,0.000000000000000000e+00,1.053266534499999914e-02,1.044244026699999925e-02,1.044118779899999919e-02,1.044548434900000045e-02,1.044503805799999914e-02,1.044501513700000009e-02
CDiw,0.000000000000000000e+00,0.000000000000000000e+00,0.000000000000000000e+00,0.000000000000000000e+00,0.000000000000000000e+00,0.000000000000000000e+00,0.000000000000000000e+00
CDo,6.251058478999999696e-03,6.371019640999999942e-03,6.372399970999999969e-03,6.372400179999999567e-03,6.372470172000000051e-03,6.372464942999999694e-03,6.372464573999999868e-03
CDtot,6.251058478999999696e-03,1.690368498700000124e-02,1.681484023799999922e-02,1.681358797799999832e-02,1.681795452199999832e-02,1.681750300000000101e-02,1.681747970999999953e-02
CDwtot,6.251058478999999696e-03,6.371019640999999942e-03,6.372399970999999969e-03,6.372400179999999567e-03,6.372470172000000051e-03,6.372464942999999694e-03,6.372464573999999868e-03
CFxi,0.000000000000000000e+00,9.719294799999999364e-05,-1.172137999999999957e-06,-1.414452999999999940e-06,1.863919999999999924e-07,8.232000000000000524e-09,-7.110000000000000263e-10
CFxiw,0.000000000000000000e+00,0.000000000000000000e+00,0.000000000000000000e+00,0.000000000000000000e+00,0.000000000000000000e+00,0.000000000000000000e+00,0.000000000000000000e+00
CFxo,6.274936507000000198e-03,6.395355900999999572e-03,6.396741503999999780e-03,6.396741713000000246e-03,6.396811972999999658e-03,6.396806722999999820e-03,6.396806353000000431e-03
CFxtot,6.274936507000000198e-03,6.492548849000000406e-03,6.395569365999999659e-03,6.395327259999999958e-03,6.396998366000000366e-03,6.396814954999999886e-03,6.396805642000000236e-03
CFxwtot,6.274936507000000198e-03,6.395355900999999572e-03,6.396741503999999780e-03,6.396741713000000246e-03,6.396811972999999658e-03,6.396806722999999820e-03,6.396806353000000431e-03
CFyi,0.000000000000000000e+00,-6.162649899999999409e-05,-1.504550000000000062e-07,-1.454330000000000027e-07,-2.830399999999999987e-08,1.873999999999999939e-09,1.129999999999999975e-10
CFyiw,0.000000000000000000e+00,0.000000000000000000e+00,0.000000000000000000e+00,0.000000000000000000e+00,0.000000000000000000e+00,0.000000000000000000e+00,0.000000000000000000e+00
CFyo,0.000000000000000000e+00,0.000000000000000000e+00,0.000000000000000000e+00,0.000000000000000000e+00,0.000000000000000000e+00,0.000000000000000000e+00,0.000000000000000000e+00
CFytot,0.000000000000000000e+00,-6.162649899999999409e-05,-1.504550000000000062e-07,-1.454330000000000027e-07,-2.830399999999999987e-08,1.873999999999999939e-09,1.129999999999999975e-10
CFywtot,0.000000000000000000e+00,0.000000000000000000e+00,0.000000000000000000e+00,0.000000000000000000e+00,0.000000000000000000e+00,0.000000000000000000e+00,0.000000000000000000e+00
CFzi,0.000000000000000000e+00,1.197378614099999933e-01,1.198269628079999954e-01,1.198153620240000050e-01,1.198463616630000006e-01,1.198432774209999968e-01,1.198431166519999952e-01
CFziw,0.000000000000000000e+00,0.000000000000000000e+00,0.000000000000000000e+00,0.000000000000000000e+00,0.000000000000000000e+00,0.000000000000000000e+00,0.000000000000000000e+00
CFzo,0.000000000000000000e+00,0.000000000000000000e+00,0.000000000000000000e+00,0.000000000000000000e+00,0.000000000000000000e+00,0.000000000000000000e+00,0.000000000000000000e+00
CFztot,0.000000000000000000e+00,1.197378614099999933e-01,1.198269628079999954e-01,1.198153620240000050e-01,1.198463616630000006e-01,1.198432774209999968e-01,1.198431166519999952e-01
CFzwtot,0.000000000000000000e+00,0.000000000000000000e+00,0.000000000000000000e+00,0.000000000000000000e+00,0.000000000000000000e+00,0.000000000000000000e+00,0.000000000000000000e+00
CLi,0.000000000000000000e+00,1.192737517740000003e-01,1.193710871959999947e-01,1.193595516760000003e-01,1.193902938290000021e-01,1.193872368520000060e-01,1.193870774740000001e-01
CLiw,0.000000000000000000e+00,0.000000000000000000e+00,0.000000000000000000e+00,0.000000000000000000e+00,0.000000000000000000e+00,0.000000000000000000e+00,0.000000000000000000e+00
CLo,-5.468967519999999799e-04,-5.573919940000000026e-04,-5.575127570000000359e-04,-5.575127749999999639e-04,-5.575188989999999966e-04,-5.575184409999999835e-04,-5.575184090000000030e-04
CLtot,-5.468967519999999799e-04,1.187163597800000026e-01,1.188135744389999943e-01,1.188020389009999955e-01,1.188327749299999958e-01,1.188297184109999988e-01,1.188295590650000066e-01
CLwtot,-5.468967519999999799e-04,-5.573919940000000026e-04,-5.575127570000000359e-04,-5.575127749999999639e-04,-5.575188989999999966e-04,-5.575184409999999835e-04,-5.575184090000000030e-04
CMxi,0.000000000000000000e+00,1.124440399999999955e-05,2.344100000000000125e-08,2.317200000000000063e-08,7.301000000000000327e-09,-1.819999999999999919e-10,-2.200000000000000158e-11
CMxo,0.000000000000000000e+00,0.000000000000000000e+00,0.000000000000000000e+00,0.000000000000000000e+00,0.000000000000000000e+00,0.000000000000000000e+00,0.000000000000000000e+00
CMxtot,0.000000000000000000e+00,1.124440399999999955e-05,2.344100000000000125e-08,2.317200000000000063e-08,7.301000000000000327e-09,-1.819999999999999919e-10,-2.200000000000000158e-11
CMyi,0.000000000000000000e+00,-3.812649445919999991e-01,-3.800781116799999970e-01,-3.799064833399999896e-01,-3.800137961460000047e-01,-3.800021113659999838e-01,-3.800015058799999790e-01
CMyo,6.399656020000000231e-04,6.443709790000000034e-04,6.447039790000000424e-04,6.447117239999999947e-04,6.447158749999999964e-04,6.447158769999999884e-04,6.447158569999999599e-04
CMytot,6.399656020000000231e-04,-3.806205736130000017e-01,-3.794334077009999806e-01,-3.792617716169999764e-01,-3.793690802710000254e-01,-3.793573954889999933e-01,-3.793567900229999901e-01
CMzi,0.000000000000000000e+00,-9.160730099999999558e-05,-2.769890000000000195e-07,-2.057909999999999930e-07,-4.128799999999999887e-08,2.666000000000000099e-09,1.610000000000000127e-10
CMzo,-0.000000000000000000e+00,-4.640000000000000004e-10,-1.819999999999999919e-10,2.500000000000000091e-11,-1.999999999999999960e-12,-9.999999999999999799e-13,-0.000000000000000000e+00
CMztot,-0.000000000000000000e+00,-9.160776499999999823e-05,-2.771710000000000141e-07,-2.057649999999999900e-07,-4.129000000000000114e-08,2.665000000000000206e-09,1.610000000000000127e-10
CSi,0.000000000000000000e+00,-6.162649899999999409e-05,-1.504550000000000062e-07,-1.454330000000000027e-07,-2.830399999999999987e-08,1.873999999999999939e-09,1.129999999999999975e-10
CSiw,0.000000000000000000e+00,0.000000000000000000e+00,0.000000000000000000e+00,0.000000000000000000e+00,0.000000000000000000e+00,0.000000000000000000e+00,0.000000000000000000e+00
CSo,0.000000000000000000e+00,0.000000000000000000e+00,0.000000000000000000e+00,0.000000000000000000e+00,0.000000000000000000e+00,0.000000000000000000e+00,0.000000000000000000e+00
CStot,0.000000000000000000e+00,-6.162649899999999409e-05,-1.504550000000000062e-07,-1.454330000000000027e-07,-2.830399999999999987e-08,1.873999999999999939e-09,1.129999999999999975e-10
CSwtot,0.000000000000000000e+00,0.000000000000000000e+00,0.000000000000000000e+00,0.000000000000000000e+00,0.000000000000000000e+00,0.000000000000000000e+00,0.000000000000000000e+00
E,0.000000000000000000e+00,1.474519786409999866e-01,1.489688374760000100e-01,1.489579134610000133e-01,1.489733517479999991e-01,1.489720879030000111e-01,1.489720170670000010e-01
Ew,0.000000000000000000e+00,0.000000000000000000e+00,0.000000000000000000e+00,0.000000000000000000e+00,0.000000000000000000e+00,0.000000000000000000e+00,0.000000000000000000e+00
FC_AoA_,5.000000000000000000e+00
FC_Beta_,0.000000000000000000e+00
FC_Bref_,4.389800000000000324e+01
FC_Cref_,1.637800000000000011e+01
FC_Mach_,2.200000000000000178e+00
FC_Pitch_Rate,0.000000000000000000e+00
FC_ReCref_,1.000000000000000000e+07
FC_Rho_,2.377000000000000206e-03
FC_Roll__Rate,0.000000000000000000e+00
FC_Sref_,6.609039999999999964e+02
FC_Vinf_,1.000000000000000000e+02
FC_Xcg_,0.000000000000000000e+00
FC_Yaw___Rate,0.000000000000000000e+00
FC_Ycg_,0.000000000000000000e+00
FC_Zcg_,0.000000000000000000e+00
L/D,0.000000000000000000e+00,7.056079894302000000e+00,7.099150839648999956e+00,7.098993494375999802e+00,7.098978277909999690e+00,7.098987099951999724e+00,7.098987454211999726e+00
L/Dw,0.000000000000000000e+00,0.000000000000000000e+00,0.000000000000000000e+00,0.000000000000000000e+00,0.000000000000000000e+00,0.000000000000000000e+00,0.000000000000000000e+00
Mach,2.200000000000000178e+00,2.200000000000000178e+00,2.200000000000000178e+00,2.200000000000000178e+00,2.200000000000000178e+00,2.200000000000000178e+00,2.200000000000000178e+00
T/QS,0.000000000000000000e+00,0.000000000000000000e+00,0.000000000000000000e+00,0.000000000000000000e+00,0.000000000000000000e+00,0.000000000000000000e+00,0.000000000000000000e+00
WakeIter,1,2,3,4,5,6,7
WallTime,1.116000000002000059e+00,2.826999999997000135e+00,4.830999999998000227e+00,6.896999999996999975e+00,8.785999999999999588e+00,1.084599999999799991e+01,1.287500000000000000e+01
log10( L2Residual ),4.751829287600000118e-01,-4.505149378400000182e-02,-9.870425858389999529e-01,-2.298679060297000198e+00,-3.120188141797000103e+00,-4.181270363047000060e+00,-5.161229062347000074e+00
log10( MaxResidual ),9.402960083300000438e-01,1.196272480828000084e+00,4.571163022279999821e-01,-9.280978306039999737e-01,-1.780562732032999973e+00,-2.739547647226999949e+00,-3.782614545514999982e+00
Results_Name,VSPAERO_Polar
Results_Timestamp,1788935334
Results_Date,9,9,2026
Results_Time,9,28,54
Alpha,5.000000000000000000e+00
Beta,0.000000000000000000e+00
CDi,1.044501513700000009e-02
CDiw,0.000000000000000000e+00
CDo,6.372464573999999868e-03
CDtot,1.681747970999999953e-02
CDwtot,6.372464573999999868e-03
CFix,-7.110000000000000263e-10
CFiy,1.129999999999999975e-10
CFiz,1.198431166519999952e-01
CFox,6.396806353000000431e-03
CFoy,0.000000000000000000e+00
CFoz,0.000000000000000000e+00
CFxtot,6.396805642000000236e-03
CFytot,1.129999999999999975e-10
CFztot,1.198431166519999952e-01
CLi,1.193870774740000001e-01
CLiw,0.000000000000000000e+00
CLo,-5.575184090000000030e-04
CLtot,1.188295590650000066e-01
CLwtot,-5.575184090000000030e-04
CMix,-2.200000000000000158e-11
CMiy,-3.800015058799999790e-01
CMiz,1.610000000000000127e-10
CMox,0.000000000000000000e+00
CMoy,6.447158569999999599e-04
CMoz,-0.000000000000000000e+00
CMxtot,-2.200000000000000158e-11
CMytot,-3.793567900229999901e-01
CMztot,1.610000000000000127e-10
CSi,1.129999999999999975e-10
CSiw,0.000000000000000000e+00
CSo,0.000000000000000000e+00
CStot,1.129999999999999975e-10
CSwtot,0.000000000000000000e+00
E,1.475839151420000050e-01
Ew,1.475839151420000050e-01
L_D,7.065836327020999619e+00
L_Dw,7.065836327020999619e+00
Mach,2.200000000000000178e+00
Re_1e6,1.000000000000000000e+01
StallFactor,1.000000000000000000e+00
Results_Name,VSPAERO_Load
Results_Timestamp,1788935334
Results_Date,9,9,2026
Results_Time,9,28,54
Angle ,0.000000000000000000e+00,0.000000000000000000e+00,0.000000000000000000e+00,0.000000000000000000e+00,0.000000000000000000e+00,0.000000000000000000e+00,0.000000000000000000e+00,0.000000000000000000e+00,0.000000000000000000e+00,0.000000000000000000e+00,0.000000000000000000e+00,0.000000000000000000e+00,0.000000000000000000e+00,0.000000000000000000e+00,0.000000000000000000e+00,0.000000000000000000e+00,0.000000000000000000e+00,0.000000000000000000e+00,0.000000000000000000e+00,0.000000000000000000e+00,0.000000000000000000e+00,0.000000000000000000e+00,0.000000000000000000e+00,0.000000000000000000e+00,0.000000000000000000e+00,0.000000000000000000e+00,0.000000000000000000e+00,0.000000000000000000e+00,0.000000000000000000e+00,0.000000000000000000e+00,0.000000000000000000e+00,0.000000000000000000e+00,0.000000000000000000e+00,0.000000000000000000e+00,0.000000000000000000e+00,0.000000000000000000e+00,0.000000000000000000e+00,0.000000000000000000e+00,0.000000000000000000e+00,0.000000000000000000e+00,0.000000000000000000e+00,0.000000000000000000e+00,0.000000000000000000e+00,0.000000000000000000e+00,0.000000000000000000e+00,0.000000000000000000e+00,0.000000000000000000e+00,0.000000000000000000e+00,0.000000000000000000e+00,0.000000000000000000e+00,0.000000000000000000e+00,0.000000000000000000e+00,0.000000000000000000e+00,0.000000000000000000e+00,0.000000000000000000e+00,0.000000000000000000e+00,0.000000000000000000e+00,0.000000000000000000e+00,0.000000000000000000e+00,0.000000000000000000e+00,0.000000000000000000e+00,0.000000000000000000e+00,0.000000000000000000e+00,0.000000000000000000e+00,0.000000000000000000e+00,0.000000000000000000e+00,0.000000000000000000e+00,0.000000000000000000e+00,0.000000000000000000e+00,0.000000000000000000e+00,0.000000000000000000e+00,0.000000000000000000e+00
CP,0.000000000000000000e+00,0.000000000000000000e+00,0.000000000000000000e+00,0.000000000000000000e+00,0.000000000000000000e+00,0.000000000000000000e+00,0.000000000000000000e+00,0.000000000000000000e+00,0.000000000000000000e+00,0.000000000000000000e+00,0.000000000000000000e+00,0.000000000000000000e+00,0.000000000000000000e+00,0.000000000000000000e+00,0.000000000000000000e+00,0.000000000000000000e+00,0.000000000000000000e+00,0.000000000000000000e+00,0.000000000000000000e+00,0.000000000000000000e+00,0.000000000000000000e+00,0.000000000000000000e+00,0.000000000000000000e+00,0.000000000000000000e+00,0.000000000000000000e+00,0.000000000000000000e+00,0.000000000000000000e+00,0.000000000000000000e+00,0.000000000000000000e+00,0.000000000000000000e+00,0.000000000000000000e+00,0.000000000000000000e+00,0.000000000000000000e+00,0.000000000000000000e+00,0.000000000000000000e+00,0.000000000000000000e+00,0.000000000000000000e+00,0.000000000000000000e+00,0.000000000000000000e+00,0.000000000000000000e+00,0.000000000000000000e+00,0.000000000000000000e+00,0.000000000000000000e+00,0.000000000000000000e+00,0.000000000000000000e+00,0.000000000000000000e+00,0.000000000000000000e+00,0.000000000000000000e+00,0.000000000000000000e+00,0.000000000000000000e+00,0.000000000000000000e+00,0.000000000000000000e+00,0.000000000000000000e+00,0.000000000000000000e+00,0.000000000000000000e+00,0.000000000000000000e+00,0.000000000000000000e+00,0.000000000000000000e+00,0.000000000000000000e+00,0.000000000000000000e+00,0.000000000000000000e+00,0.000000000000000000e+00,0.000000000000000000e+00,0.000000000000000000e+00,0.000000000000000000e+00,0.000000000000000000e+00,0.000000000000000000e+00,0.000000000000000000e+00,0.000000000000000000e+00,0.000000000000000000e+00,0.000000000000000000e+00,0.000000000000000000e+00
CP_h,0.000000000000000000e+00,0.000000000000000000e+00,0.000000000000000000e+00,0.000000000000000000e+00,0.000000000000000000e+00,0.000000000000000000e+00,0.000000000000000000e+00,0.000000000000000000e+00,0.000000000000000000e+00,0.000000000000000000e+00,0.000000000000000000e+00,0.000000000000000000e+00,0.000000000000000000e+00,0.000000000000000000e+00,0.000000000000000000e+00,0.000000000000000000e+00,0.000000000000000000e+00,0.000000000000000000e+00,0.000000000000000000e+00,0.000000000000000000e+00,0.000000000000000000e+00,0.000000000000000000e+00,0.000000000000000000e+00,0.000000000000000000e+00,0.000000000000000000e+00,0.000000000000000000e+00,0.000000000000000000e+00,0.000000000000000000e+00,0.000000000000000000e+00,0.000000000000000000e+00,0.000000000000000000e+00,0.000000000000000000e+00,0.000000000000000000e+00,0.000000000000000000e+00,0.000000000000000000e+00,0.000000000000000000e+00,0.000000000000000000e+00,0.000000000000000000e+00,0.000000000000000000e+00,0.000000000000000000e+00,0.000000000000000000e+00,0.000000000000000000e+00,0.000000000000000000e+00,0.000000000000000000e+00,0.000000000000000000e+00,0.000000000000000000e+00,0.000000000000000000e+00,0.000000000000000000e+00,0.000000000000000000e+00,0.000000000000000000e+00,0.000000000000000000e+00,0.000000000000000000e+00,0.000000000000000000e+00,0.000000000000000000e+00,0.000000000000000000e+00,0.000000000000000000e+00,0.000000000000000000e+00,0.000000000000000000e+00,0.000000000000000000e+00,0.000000000000000000e+00,0.000000000000000000e+00,0.000000000000000000e+00,0.000000000000000000e+00,0.000000000000000000e+00,0.000000000000000000e+00,0.000000000000000000e+00,0.000000000000000000e+00,0.000000000000000000e+00,0.000000000000000000e+00,0.000000000000000000e+00,0.000000000000000000e+00,0.000000000000000000e+00
CQ,0.000000000000000000e+00,0.000000000000000000e+00,0.000000000000000000e+00,0.000000000000000000e+00,0.000000000000000000e+00,0.000000000000000000e+00,0.000000000000000000e+00,0.000000000000000000e+00,0.000000000000000000e+00,0.000000000000000000e+00,0.000000000000000000e+00,0.000000000000000000e+00,0.000000000000000000e+00,0.000000000000000000e+00,0.000000000000000000e+00,0.000000000000000000e+00,0.000000000000000000e+00,0.000000000000000000e+00,0.000000000000000000e+00,0.000000000000000000e+00,0.000000000000000000e+00,0.000000000000000000e+00,0.000000000000000000e+00,0.000000000000000000e+00,0.000000000000000000e+00,0.000000000000000000e+00,0.000000000000000000e+00,0.000000000000000000e+00,0.000000000000000000e+00,0.000000000000000000e+00,0.000000000000000000e+00,0.000000000000000000e+00,0.000000000000000000e+00,0.000000000000000000e+00,0.000000000000000000e+00,0.000000000000000000e+00,0.000000000000000000e+00,0.000000000000000000e+00,0.000000000000000000e+00,0.000000000000000000e+00,0.000000000000000000e+00,0.000000000000000000e+00,0.000000000000000000e+00,0.000000000000000000e+00,0.000000000000000000e+00,0.000000000000000000e+00,0.000000000000000000e+00,0.000000000000000000e+00,0.000000000000000000e+00,0.000000000000000000e+00,0.000000000000000000e+00,0.000000000000000000e+00,0.000000000000000000e+00,0.000000000000000000e+00,0.000000000000000000e+00,0.000000000000000000e+00,0.000000000000000000e+00,0.000000000000000000e+00,0.000000000000000000e+00,0.000000000000000000e+00,0.000000000000000000e+00,0.000000000000000000e+00,0.000000000000000000e+00,0.000000000000000000e+00,0.000000000000000000e+00,0.000000000000000000e+00,0.000000000000000000e+00,0.000000000000000000e+00,0.000000000000000000e+00,0.000000000000000000e+00,0.000000000000000000e+00,0.000000000000000000e+00
CQ_h,0.000000000000000000e+00,0.000000000000000000e+00,0.000000000000000000e+00,0.000000000000000000e+00,0.000000000000000000e+00,0.000000000000000000e+00,0.000000000000000000e+00,0.000000000000000000e+00,0.000000000000000000e+00,0.000000000000000000e+00,0.000000000000000000e+00,0.000000000000000000e+00,0.000000000000000000e+00,0.000000000000000000e+00,0.000000000000000000e+00,0.000000000000000000e+00,0.000000000000000000e+00,0.000000000000000000e+00,0.000000000000000000e+00,0.000000000000000000e+00,0.000000000000000000e+00,0.000000000000000000e+00,0.000000000000000000e+00,0.000000000000000000e+00,0.000000000000000000e+00,0.000000000000000000e+00,0.000000000000000000e+00,0.000000000000000000e+00,0.000000000000000000e+00,0.000000000000000000e+00,0.000000000000000000e+00,0.000000000000000000e+00,0.000000000000000000e+00,0.000000000000000000e+00,0.000000000000000000e+00,0.000000000000000000e+00,0.000000000000000000e+00,0.000000000000000000e+00,0.000000000000000000e+00,0.000000000000000000e+00,0.000000000000000000e+00,0.000000000000000000e+00,0.000000000000000000e+00,0.000000000000000000e+00,0.000000000000000000e+00,0.000000000000000000e+00,0.000000000000000000e+00,0.000000000000000000e+00,0.000000000000000000e+00,0.000000000000000000e+00,0.000000000000000000e+00,0.000000000000000000e+00,0.000000000000000000e+00,0.000000000000000000e+00,0.000000000000000000e+00,0.000000000000000000e+00,0.000000000000000000e+00,0.000000000000000000e+00,0.000000000000000000e+00,0.000000000000000000e+00,0.000000000000000000e+00,0.000000000000000000e+00,0.000000000000000000e+00,0.000000000000000000e+00,0.000000000000000000e+00,0.000000000000000000e+00,0.000000000000000000e+00,0.000000000000000000e+00,0.000000000000000000e+00,0.000000000000000000e+00,0.000000000000000000e+00,0.000000000000000000e+00
CT,0.000000000000000000e+00,0.000000000000000000e+00,0.000000000000000000e+00,0.000000000000000000e+00,0.000000000000000000e+00,0.000000000000000000e+00,0.000000000000000000e+00,0.000000000000000000e+00,0.000000000000000000e+00,0.000000000000000000e+00,0.000000000000000000e+00,0.000000000000000000e+00,0.000000000000000000e+00,0.000000000000000000e+00,0.000000000000000000e+00,0.000000000000000000e+00,0.000000000000000000e+00,0.000000000000000000e+00,0.000000000000000000e+00,0.000000000000000000e+00,0.000000000000000000e+00,0.000000000000000000e+00,0.000000000000000000e+00,0.000000000000000000e+00,0.000000000000000000e+00,0.000000000000000000e+00,0.000000000000000000e+00,0.000000000000000000e+00,0.000000000000000000e+00,0.000000000000000000e+00,0.000000000000000000e+00,0.000000000000000000e+00,0.000000000000000000e+00,0.000000000000000000e+00,0.000000000000000000e+00,0.000000000000000000e+00,0.000000000000000000e+00,0.000000000000000000e+00,0.000000000000000000e+00,0.000000000000000000e+00,0.000000000000000000e+00,0.000000000000000000e+00,0.000000000000000000e+00,0.000000000000000000e+00,0.000000000000000000e+00,0.000000000000000000e+00,0.000000000000000000e+00,0.000000000000000000e+00,0.000000000000000000e+00,0.000000000000000000e+00,0.000000000000000000e+00,0.000000000000000000e+00,0.000000000000000000e+00,0.000000000000000000e+00,0.000000000000000000e+00,0.000000000000000000e+00,0.000000000000000000e+00,0.000000000000000000e+00,0.000000000000000000e+00,0.000000000000000000e+00,0.000000000000000000e+00,0.000000000000000000e+00,0.000000000000000000e+00,0.000000000000000000e+00,0.000000000000000000e+00,0.000000000000000000e+00,0.000000000000000000e+00,0.000000000000000000e+00,0.000000000000000000e+00,0.000000000000000000e+00,0.000000000000000000e+00,0.000000000000000000e+00
CT_h,0.000000000000000000e+00,0.000000000000000000e+00,0.000000000000000000e+00,0.000000000000000000e+00,0.000000000000000000e+00,0.000000000000000000e+00,0.000000000000000000e+00,0.000000000000000000e+00,0.000000000000000000e+00,0.000000000000000000e+00,0.000000000000000000e+00,0.000000000000000000e+00,0.000000000000000000e+00,0.000000000000000000e+00,0.000000000000000000e+00,0.000000000000000000e+00,0.000000000000000000e+00,0.000000000000000000e+00,0.000000000000000000e+00,0.000000000000000000e+00,0.000000000000000000e+00,0.000000000000000000e+00,0.000000000000000000e+00,0.000000000000000000e+00,0.000000000000000000e+00,0.000000000000000000e+00,0.000000000000000000e+00,0.000000000000000000e+00,0.000000000000000000e+00,0.000000000000000000e+00,0.000000000000000000e+00,0.000000000000000000e+00,0.000000000000000000e+00,0.000000000000000000e+00,0.000000000000000000e+00,0.000000000000000000e+00,0.000000000000000000e+00,0.000000000000000000e+00,0.000000000000000000e+00,0.000000000000000000e+00,0.000000000000000000e+00,0.000000000000000000e+00,0.000000000000000000e+00,0.000000000000000000e+00,0.000000000000000000e+00,0.000000000000000000e+00,0.000000000000000000e+00,0.000000000000000000e+00,0.000000000000000000e+00,0.000000000000000000e+00,0.000000000000000000e+00,0.000000000000000000e+00,0.000000000000000000e+00,0.000000000000000000e+00,0.000000000000000000e+00,0.000000000000000000e+00,0.000000000000000000e+00,0.000000000000000000e+00,0.000000000000000000e+00,0.000000000000000000e+00,0.000000000000000000e+00,0.000000000000000000e+00,0.000000000000000000e+00,0.000000000000000000e+00,0.000000000000000000e+00,0.000000000000000000e+00,0.000000000000000000e+00,0.000000000000000000e+00,0.000000000000000000e+00,0.000000000000000000e+00,0.000000000000000000e+00,0.000000000000000000e+00
Chord,1.844170000000000087e+01,1.712510999999999939e+01,1.580851999999999968e+01,1.449192000000000036e+01,1.317533000000000065e+01,1.185873999999999917e+01,1.054213999999999984e+01,9.225550000000000139e+00,7.908960000000000434e+00,1.844170000000000087e+01,1.712510999999999939e+01,1.580851999999999968e+01,1.449192000000000036e+01,1.317533000000000065e+01,1.185873999999999917e+01,1.054213999999999984e+01,9.225550000000000139e+00,7.908960000000000434e+00,8.566440000000000055e+00,7.913330000000000197e+00,7.260220000000000340e+00,6.607109999999999594e+00,5.953999999999999737e+00,5.300889999999999880e+00,4.647780000000000022e+00,3.994670000000000165e+00,3.341559999999999864e+00,8.566440000000000055e+00,7.913330000000000197e+00,7.260220000000000340e+00,6.607109999999999594e+00,5.953999999999999737e+00,5.300889999999999880e+00,4.647780000000000022e+00,3.994670000000000165e+00,3.341559999999999864e+00,1.464293999999999940e+01,1.330682999999999971e+01,1.197072000000000003e+01,1.063461000000000034e+01,9.298500000000000654e+00,7.962390000000000079e+00,6.626280000000000392e+00,5.290169999999999817e+00,3.954060000000000130e+00,1.464293999999999940e+01,1.330682999999999971e+01,1.197072000000000003e+01,1.063461000000000034e+01,9.298500000000000654e+00,7.962390000000000079e+00,6.626280000000000392e+00,5.290169999999999817e+00,3.954060000000000130e+00,8.815260000000000318e+00,8.445769999999999555e+00,8.076280000000000570e+00,7.706789999999999807e+00,7.337299999999999933e+00,6.967810000000000059e+00,6.598320000000000185e+00,6.228839999999999932e+00,5.859350000000000058e+00,8.815260000000000318e+00,8.445769999999999555e+00,8.076280000000000570e+00,7.706789999999999807e+00,7.337299999999999933e+00,6.967810000000000059e+00,6.598320000000000185e+00,6.228839999999999932e+00,5.859350000000000058e+00
Diameter,0.000000000000000000e+00,0.000000000000000000e+00,0.000000000000000000e+00,0.000000000000000000e+00,0.000000000000000000e+00,0.000000000000000000e+00,0.000000000000000000e+00,0.000000000000000000e+00,0.000000000000000000e+00,0.000000000000000000e+00,0.000000000000000000e+00,0.000000000000000000e+00,0.000000000000000000e+00,0.000000000000000000e+00,0.000000000000000000e+00,0.000000000000000000e+00,0.000000000000000000e+00,0.000000000000000000e+00,0.000000000000000000e+00,0.000000000000000000e+00,0.000000000000000000e+00,0.000000000000000000e+00,0.000000000000000000e+00,0.000000000000000000e+00,0.000000000000000000e+00,0.000000000000000000e+00,0.000000000000000000e+00,0.000000000000000000e+00,0.000000000000000000e+00,0.000000000000000000e+00,0.000000000000000000e+00,0.000000000000000000e+00,0.000000000000000000e+00,0.000000000000000000e+00,0.000000000000000000e+00,0.000000000000000000e+00,0.000000000000000000e+00,0.000000000000000000e+00,0.000000000000000000e+00,0.000000000000000000e+00,0.000000000000000000e+00,0.000000000000000000e+00,0.000000000000000000e+00,0.000000000000000000e+00,0.000000000000000000e+00,0.000000000000000000e+00,0.000000000000000000e+00,0.000000000000000000e+00,0.000000000000000000e+00,0.000000000000000000e+00,0.000000000000000000e+00,0.000000000000000000e+00,0.000000000000000000e+00,0.000000000000000000e+00,0.000000000000000000e+00,0.000000000000000000e+00,0.000000000000000000e+00,0.000000000000000000e+00,0.000000000000000000e+00,0.000000000000000000e+00,0.000000000000000000e+00,0.000000000000000000e+00,0.000000000000000000e+00,0.000000000000000000e+00,0.000000000000000000e+00,0.000000000000000000e+00,0.000000000000000000e+00,0.000000000000000000e+00,0.000000000000000000e+00,0.000000000000000000e+00,0.000000000000000000e+00,0.000000000000000000e+00
ETAP,0.000000000000000000e+00,0.000000000000000000e+00,0.000000000000000000e+00,0.000000000000000000e+00,0.000000000000000000e+00,0.000000000000000000e+00,0.000000000000000000e+00,0.000000000000000000e+00,0.000000000000000000e+00,0.000000000000000000e+00,0.000000000000000000e+00,0.000000000000000000e+00,0.000000000000000000e+00,0.000000000000000000e+00,0.000000000000000000e+00,0.000000000000000000e+00,0.000000000000000000e+00,0.000000000000000000e+00,0.000000000000000000e+00,0.000000000000000000e+00,0.000000000000000000e+00,0.000000000000000000e+00,0.000000000000000000e+00,0.000000000000000000e+00,0.000000000000000000e+00,0.000000000000000000e+00,0.000000000000000000e+00,0.000000000000000000e+00,0.000000000000000000e+00,0.000000000000000000e+00,0.000000000000000000e+00,0.000000000000000000e+00,0.000000000000000000e+00,0.000000000000000000e+00,0.000000000000000000e+00,0.000000000000000000e+00,0.000000000000000000e+00,0.000000000000000000e+00,0.000000000000000000e+00,0.000000000000000000e+00,0.000000000000000000e+00,0.000000000000000000e+00,0.000000000000000000e+00,0.000000000000000000e+00,0.000000000000000000e+00,0.000000000000000000e+00,0.000000000000000000e+00,0.000000000000000000e+00,0.000000000000000000e+00,0.000000000000000000e+00,0.000000000000000000e+00,0.000000000000000000e+00,0.000000000000000000e+00,0.000000000000000000e+00,0.000000000000000000e+00,0.000000000000000000e+00,0.000000000000000000e+00,0.000000000000000000e+00,0.000000000000000000e+00,0.000000000000000000e+00,0.000000000000000000e+00,0.000000000000000000e+00,0.000000000000000000e+00,0.000000000000000000e+00,0.000000000000000000e+00,0.000000000000000000e+00,0.000000000000000000e+00,0.000000000000000000e+00,0.000000000000000000e+00,0.000000000000000000e+00,0.000000000000000000e+00,0.000000000000000000e+00
FC_AoA_,5.000000000000000000e+00
FC_Beta_,0.000000000000000000e+00
FC_Bref_,4.389800000000000324e+01
FC_Cref_,1.637800000000000011e+01
FC_Mach_,2.200000000000000178e+00
FC_Pitch_Rate,0.000000000000000000e+00
FC_Rho_,2.377000000000000206e-03
FC_Roll__Rate,0.000000000000000000e+00
FC_Sref_,6.609039999999999964e+02
FC_Vinf_,1.000000000000000000e+02
FC_Xcg_,0.000000000000000000e+00
FC_Yaw___Rate,0.000000000000000000e+00
FC_Ycg_,0.000000000000000000e+00
FC_Zcg_,0.000000000000000000e+00
FOM,0.000000000000000000e+00,0.000000000000000000e+00,0.000000000000000000e+00,0.000000000000000000e+00,0.000000000000000000e+00,0.000000000000000000e+00,0.000000000000000000e+00,0.000000000000000000e+00,0.000000000000000000e+00,0.000000000000000000e+00,0.000000000000000000e+00,0.000000000000000000e+00,0.000000000000000000e+00,0.000000000000000000e+00,0.000000000000000000e+00,0.000000000000000000e+00,0.000000000000000000e+00,0.000000000000000000e+00,0.000000000000000000e+00,0.000000000000000000e+00,0.000000000000000000e+00,0.000000000000000000e+00,0.000000000000000000e+00,0.000000000000000000e+00,0.000000000000000000e+00,0.000000000000000000e+00,0.000000000000000000e+00,0.000000000000000000e+00,0.000000000000000000e+00,0.000000000000000000e+00,0.000000000000000000e+00,0.000000000000000000e+00,0.000000000000000000e+00,0.000000000000000000e+00,0.000000000000000000e+00,0.000000000000000000e+00,0.000000000000000000e+00,0.000000000000000000e+00,0.000000000000000000e+00,0.000000000000000000e+00,0.000000000000000000e+00,0.000000000000000000e+00,0.000000000000000000e+00,0.000000000000000000e+00,0.000000000000000000e+00,0.000000000000000000e+00,0.000000000000000000e+00,0.000000000000000000e+00,0.000000000000000000e+00,0.000000000000000000e+00,0.000000000000000000e+00,0.000000000000000000e+00,0.000000000000000000e+00,0.000000000000000000e+00,0.000000000000000000e+00,0.000000000000000000e+00,0.000000000000000000e+00,0.000000000000000000e+00,0.000000000000000000e+00,0.000000000000000000e+00,0.000000000000000000e+00,0.000000000000000000e+00,0.000000000000000000e+00,0.000000000000000000e+00,0.000000000000000000e+00,0.000000000000000000e+00,0.000000000000000000e+00,0.000000000000000000e+00,0.000000000000000000e+00,0.000000000000000000e+00,0.000000000000000000e+00,0.000000000000000000e+00
IsARotor,0,0,0,0,0,0,0,0,0,0,0,0,0,0,0,0,0,0,0,0,0,0,0,0,0,0,0,0,0,0,0,0,0,0,0,0,0,0,0,0,0,0,0,0,0,0,0,0,0,0,0,0,0,0,0,0,0,0,0,0,0,0,0,0,0,0,0,0,0,0,0,0
Iter,7,7,7,7,7,7,7,7,7,7,7,7,7,7,7,7,7,7,7,7,7,7,7,7,7,7,7,7,7,7,7,7,7,7,7,7,7,7,7,7,7,7,7,7,7,7,7,7,7,7,7,7,7,7,7,7,7,7,7,7,7,7,7,7,7,7,7,7,7,7,7,7
J,0.000000000000000000e+00,0.000000000000000000e+00,0.000000000000000000e+00,0.000000000000000000e+00,0.000000000000000000e+00,0.000000000000000000e+00,0.000000000000000000e+00,0.000000000000000000e+00,0.000000000000000000e+00,0.000000000000000000e+00,0.000000000000000000e+00,0.000000000000000000e+00,0.000000000000000000e+00,0.000000000000000000e+00,0.000000000000000000e+00,0.000000000000000000e+00,0.000000000000000000e+00,0.000000000000000000e+00,0.000000000000000000e+00,0.000000000000000000e+00,0.000000000000000000e+00,0.000000000000000000e+00,0.000000000000000000e+00,0.000000000000000000e+00,0.000000000000000000e+00,0.000000000000000000e+00,0.000000000000000000e+00,0.000000000000000000e+00,0.000000000000000000e+00,0.000000000000000000e+00,0.000000000000000000e+00,0.000000000000000000e+00,0.000000000000000000e+00,0.000000000000000000e+00,0.000000000000000000e+00,0.000000000000000000e+00,0.000000000000000000e+00,0.000000000000000000e+00,0.000000000000000000e+00,0.000000000000000000e+00,0.000000000000000000e+00,0.000000000000000000e+00,0.000000000000000000e+00,0.000000000000000000e+00,0.000000000000000000e+00,0.000000000000000000e+00,0.000000000000000000e+00,0.000000000000000000e+00,0.000000000000000000e+00,0.000000000000000000e+00,0.000000000000000000e+00,0.000000000000000000e+00,0.000000000000000000e+00,0.000000000000000000e+00,0.000000000000000000e+00,0.000000000000000000e+00,0.000000000000000000e+00,0.000000000000000000e+00,0.000000000000000000e+00,0.000000000000000000e+00,0.000000000000000000e+00,0.000000000000000000e+00,0.000000000000000000e+00,0.000000000000000000e+00,0.000000000000000000e+00,0.000000000000000000e+00,0.000000000000000000e+00,0.000000000000000000e+00,0.000000000000000000e+00,0.000000000000000000e+00,0.000000000000000000e+00,0.000000000000000000e+00
Moment,0.000000000000000000e+00,0.000000000000000000e+00,0.000000000000000000e+00,0.000000000000000000e+00,0.000000000000000000e+00,0.000000000000000000e+00,0.000000000000000000e+00,0.000000000000000000e+00,0.000000000000000000e+00,0.000000000000000000e+00,0.000000000000000000e+00,0.000000000000000000e+00,0.000000000000000000e+00,0.000000000000000000e+00,0.000000000000000000e+00,0.000000000000000000e+00,0.000000000000000000e+00,0.000000000000000000e+00,0.000000000000000000e+00,0.000000000000000000e+00,0.000000000000000000e+00,0.000000000000000000e+00,0.000000000000000000e+00,0.000000000000000000e+00,0.000000000000000000e+00,0.000000000000000000e+00,0.000000000000000000e+00,0.000000000000000000e+00,0.000000000000000000e+00,0.000000000000000000e+00,0.000000000000000000e+00,0.000000000000000000e+00,0.000000000000000000e+00,0.000000000000000000e+00,0.000000000000000000e+00,0.000000000000000000e+00,0.000000000000000000e+00,0.000000000000000000e+00,0.000000000000000000e+00,0.000000000000000000e+00,0.000000000000000000e+00,0.000000000000000000e+00,0.000000000000000000e+00,0.000000000000000000e+00,0.000000000000000000e+00,0.000000000000000000e+00,0.000000000000000000e+00,0.000000000000000000e+00,0.000000000000000000e+00,0.000000000000000000e+00,0.000000000000000000e+00,0.000000000000000000e+00,0.000000000000000000e+00,0.000000000000000000e+00,0.000000000000000000e+00,0.000000000000000000e+00,0.000000000000000000e+00,0.000000000000000000e+00,0.000000000000000000e+00,0.000000000000000000e+00,0.000000000000000000e+00,0.000000000000000000e+00,0.000000000000000000e+00,0.000000000000000000e+00,0.000000000000000000e+00,0.000000000000000000e+00,0.000000000000000000e+00,0.000000000000000000e+00,0.000000000000000000e+00,0.000000000000000000e+00,0.000000000000000000e+00,0.000000000000000000e+00
Momenti,0.000000000000000000e+00,0.000000000000000000e+00,0.000000000000000000e+00,0.000000000000000000e+00,0.000000000000000000e+00,0.000000000000000000e+00,0.000000000000000000e+00,0.000000000000000000e+00,0.000000000000000000e+00,0.000000000000000000e+00,0.000000000000000000e+00,0.000000000000000000e+00,0.000000000000000000e+00,0.000000000000000000e+00,0.000000000000000000e+00,0.000000000000000000e+00,0.000000000000000000e+00,0.000000000000000000e+00,0.000000000000000000e+00,0.000000000000000000e+00,0.000000000000000000e+00,0.000000000000000000e+00,0.000000000000000000e+00,0.000000000000000000e+00,0.000000000000000000e+00,0.000000000000000000e+00,0.000000000000000000e+00,0.000000000000000000e+00,0.000000000000000000e+00,0.000000000000000000e+00,0.000000000000000000e+00,0.000000000000000000e+00,0.000000000000000000e+00,0.000000000000000000e+00,0.000000000000000000e+00,0.000000000000000000e+00,0.000000000000000000e+00,0.000000000000000000e+00,0.000000000000000000e+00,0.000000000000000000e+00,0.000000000000000000e+00,0.000000000000000000e+00,0.000000000000000000e+00,0.000000000000000000e+00,0.000000000000000000e+00,0.000000000000000000e+00,0.000000000000000000e+00,0.000000000000000000e+00,0.000000000000000000e+00,0.000000000000000000e+00,0.000000000000000000e+00,0.000000000000000000e+00,0.000000000000000000e+00,0.000000000000000000e+00,0.000000000000000000e+00,0.000000000000000000e+00,0.000000000000000000e+00,0.000000000000000000e+00,0.000000000000000000e+00,0.000000000000000000e+00,0.000000000000000000e+00,0.000000000000000000e+00,0.000000000000000000e+00,0.000000000000000000e+00,0.000000000000000000e+00,0.000000000000000000e+00,0.000000000000000000e+00,0.000000000000000000e+00,0.000000000000000000e+00,0.000000000000000000e+00,0.000000000000000000e+00,0.000000000000000000e+00
Momento,0.000000000000000000e+00,0.000000000000000000e+00,0.000000000000000000e+00,0.000000000000000000e+00,0.000000000000000000e+00,0.000000000000000000e+00,0.000000000000000000e+00,0.000000000000000000e+00,0.000000000000000000e+00,0.000000000000000000e+00,0.000000000000000000e+00,0.000000000000000000e+00,0.000000000000000000e+00,0.000000000000000000e+00,0.000000000000000000e+00,0.000000000000000000e+00,0.000000000000000000e+00,0.000000000000000000e+00,0.000000000000000000e+00,0.000000000000000000e+00,0.000000000000000000e+00,0.000000000000000000e+00,0.000000000000000000e+00,0.000000000000000000e+00,0.000000000000000000e+00,0.000000000000000000e+00,0.000000000000000000e+00,0.000000000000000000e+00,0.000000000000000000e+00,0.000000000000000000e+00,0.000000000000000000e+00,0.000000000000000000e+00,0.000000000000000000e+00,0.000000000000000000e+00,0.000000000000000000e+00,0.000000000000000000e+00,0.000000000000000000e+00,0.000000000000000000e+00,0.000000000000000000e+00,0.000000000000000000e+00,0.000000000000000000e+00,0.000000000000000000e+00,0.000000000000000000e+00,0.000000000000000000e+00,0.000000000000000000e+00,0.000000000000000000e+00,0.000000000000000000e+00,0.000000000000000000e+00,0.000000000000000000e+00,0.000000000000000000e+00,0.000000000000000000e+00,0.000000000000000000e+00,0.000000000000000000e+00,0.000000000000000000e+00,0.000000000000000000e+00,0.000000000000000000e+00,0.000000000000000000e+00,0.000000000000000000e+00,0.000000000000000000e+00,0.000000000000000000e+00,0.000000000000000000e+00,0.000000000000000000e+00,0.000000000000000000e+00,0.000000000000000000e+00,0.000000000000000000e+00,0.000000000000000000e+00,0.000000000000000000e+00,0.000000000000000000e+00,0.000000000000000000e+00,0.000000000000000000e+00,0.000000000000000000e+00,0.000000000000000000e+00
Power,0.000000000000000000e+00,0.000000000000000000e+00,0.000000000000000000e+00,0.000000000000000000e+00,0.000000000000000000e+00,0.000000000000000000e+00,0.000000000000000000e+00,0.000000000000000000e+00,0.000000000000000000e+00,0.000000000000000000e+00,0.000000000000000000e+00,0.000000000000000000e+00,0.000000000000000000e+00,0.000000000000000000e+00,0.000000000000000000e+00,0.000000000000000000e+00,0.000000000000000000e+00,0.000000000000000000e+00,0.000000000000000000e+00,0.000000000000000000e+00,0.000000000000000000e+00,0.000000000000000000e+00,0.000000000000000000e+00,0.000000000000000000e+00,0.000000000000000000e+00,0.000000000000000000e+00,0.000000000000000000e+00,0.000000000000000000e+00,0.000000000000000000e+00,0.000000000000000000e+00,0.000000000000000000e+00,0.000000000000000000e+00,0.000000000000000000e+00,0.000000000000000000e+00,0.000000000000000000e+00,0.000000000000000000e+00,0.000000000000000000e+00,0.000000000000000000e+00,0.000000000000000000e+00,0.000000000000000000e+00,0.000000000000000000e+00,0.000000000000000000e+00,0.000000000000000000e+00,0.000000000000000000e+00,0.000000000000000000e+00,0.000000000000000000e+00,0.000000000000000000e+00,0.000000000000000000e+00,0.000000000000000000e+00,0.000000000000000000e+00,0.000000000000000000e+00,0.000000000000000000e+00,0.000000000000000000e+00,0.000000000000000000e+00,0.000000000000000000e+00,0.000000000000000000e+00,0.000000000000000000e+00,0.000000000000000000e+00,0.000000000000000000e+00,0.000000000000000000e+00,0.000000000000000000e+00,0.000000000000000000e+00,0.000000000000000000e+00,0.000000000000000000e+00,0.000000000000000000e+00,0.000000000000000000e+00,0.000000000000000000e+00,0.000000000000000000e+00,0.000000000000000000e+00,0.000000000000000000e+00,0.000000000000000000e+00,0.000000000000000000e+00
Poweri,0.000000000000000000e+00,0.000000000000000000e+00,0.000000000000000000e+00,0.000000000000000000e+00,0.000000000000000000e+00,0.000000000000000000e+00,0.000000000000000000e+00,0.000000000000000000e+00,0.000000000000000000e+00,0.000000000000000000e+00,0.000000000000000000e+00,0.000000000000000000e+00,0.000000000000000000e+00,0.000000000000000000e+00,0.000000000000000000e+00,0.000000000000000000e+00,0.000000000000000000e+00,0.000000000000000000e+00,0.000000000000000000e+00,0.000000000000000000e+00,0.000000000000000000e+00,0.000000000000000000e+00,0.000000000000000000e+00,0.000000000000000000e+00,0.000000000000000000e+00,0.000000000000000000e+00,0.000000000000000000e+00,0.000000000000000000e+00,0.000000000000000000e+00,0.000000000000000000e+00,0.000000000000000000e+00,0.000000000000000000e+00,0.000000000000000000e+00,0.000000000000000000e+00,0.000000000000000000e+00,0.000000000000000000e+00,0.000000000000000000e+00,0.000000000000000000e+00,0.000000000000000000e+00,0.000000000000000000e+00,0.000000000000000000e+00,0.000000000000000000e+00,0.000000000000000000e+00,0.000000000000000000e+00,0.000000000000000000e+00,0.000000000000000000e+00,0.000000000000000000e+00,0.000000000000000000e+00,0.000000000000000000e+00,0.000000000000000000e+00,0.000000000000000000e+00,0.000000000000000000e+00,0.000000000000000000e+00,0.000000000000000000e+00,0.000000000000000000e+00,0.000000000000000000e+00,0.000000000000000000e+00,0.000000000000000000e+00,0.000000000000000000e+00,0.000000000000000000e+00,0.000000000000000000e+00,0.000000000000000000e+00,0.000000000000000000e+00,0.000000000000000000e+00,0.000000000000000000e+00,0.000000000000000000e+00,0.000000000000000000e+00,0.000000000000000000e+00,0.000000000000000000e+00,0.000000000000000000e+00,0.000000000000000000e+00,0.000000000000000000e+00
Powero,0.000000000000000000e+00,0.000000000000000000e+00,0.000000000000000000e+00,0.000000000000000000e+00,0.000000000000000000e+00,0.000000000000000000e+00,0.000000000000000000e+00,0.000000000000000000e+00,0.000000000000000000e+00,0.000000000000000000e+00,0.000000000000000000e+00,0.000000000000000000e+00,0.000000000000000000e+00,0.000000000000000000e+00,0.000000000000000000e+00,0.000000000000000000e+00,0.000000000000000000e+00,0.000000000000000000e+00,0.000000000000000000e+00,0.000000000000000000e+00,0.000000000000000000e+00,0.000000000000000000e+00,0.000000000000000000e+00,0.000000000000000000e+00,0.000000000000000000e+00,0.000000000000000000e+00,0.000000000000000000e+00,0.000000000000000000e+00,0.000000000000000000e+00,0.000000000000000000e+00,0.000000000000000000e+00,0.000000000000000000e+00,0.000000000000000000e+00,0.000000000000000000e+00,0.000000000000000000e+00,0.000000000000000000e+00,0.000000000000000000e+00,0.000000000000000000e+00,0.000000000000000000e+00,0.000000000000000000e+00,0.000000000000000000e+00,0.000000000000000000e+00,0.000000000000000000e+00,0.000000000000000000e+00,0.000000000000000000e+00,0.000000000000000000e+00,0.000000000000000000e+00,0.000000000000000000e+00,0.000000000000000000e+00,0.000000000000000000e+00,0.000000000000000000e+00,0.000000000000000000e+00,0.000000000000000000e+00,0.000000000000000000e+00,0.000000000000000000e+00,0.000000000000000000e+00,0.000000000000000000e+00,0.000000000000000000e+00,0.000000000000000000e+00,0.000000000000000000e+00,0.000000000000000000e+00,0.000000000000000000e+00,0.000000000000000000e+00,0.000000000000000000e+00,0.000000000000000000e+00,0.000000000000000000e+00,0.000000000000000000e+00,0.000000000000000000e+00,0.000000000000000000e+00,0.000000000000000000e+00,0.000000000000000000e+00,0.000000000000000000e+00
RPM,0.000000000000000000e+00,0.000000000000000000e+00,0.000000000000000000e+00,0.000000000000000000e+00,0.000000000000000000e+00,0.000000000000000000e+00,0.000000000000000000e+00,0.000000000000000000e+00,0.000000000000000000e+00,0.000000000000000000e+00,0.000000000000000000e+00,0.000000000000000000e+00,0.000000000000000000e+00,0.000000000000000000e+00,0.000000000000000000e+00,0.000000000000000000e+00,0.000000000000000000e+00,0.000000000000000000e+00,0.000000000000000000e+00,0.000000000000000000e+00,0.000000000000000000e+00,0.000000000000000000e+00,0.000000000000000000e+00,0.000000000000000000e+00,0.000000000000000000e+00,0.000000000000000000e+00,0.000000000000000000e+00,0.000000000000000000e+00,0.000000000000000000e+00,0.000000000000000000e+00,0.000000000000000000e+00,0.000000000000000000e+00,0.000000000000000000e+00,0.000000000000000000e+00,0.000000000000000000e+00,0.000000000000000000e+00,0.000000000000000000e+00,0.000000000000000000e+00,0.000000000000000000e+00,0.000000000000000000e+00,0.000000000000000000e+00,0.000000000000000000e+00,0.000000000000000000e+00,0.000000000000000000e+00,0.000000000000000000e+00,0.000000000000000000e+00,0.000000000000000000e+00,0.000000000000000000e+00,0.000000000000000000e+00,0.000000000000000000e+00,0.000000000000000000e+00,0.000000000000000000e+00,0.000000000000000000e+00,0.000000000000000000e+00,0.000000000000000000e+00,0.000000000000000000e+00,0.000000000000000000e+00,0.000000000000000000e+00,0.000000000000000000e+00,0.000000000000000000e+00,0.000000000000000000e+00,0.000000000000000000e+00,0.000000000000000000e+00,0.000000000000000000e+00,0.000000000000000000e+00,0.000000000000000000e+00,0.000000000000000000e+00,0.000000000000000000e+00,0.000000000000000000e+00,0.000000000000000000e+00,0.000000000000000000e+00,0.000000000000000000e+00
SoverB,1.111100000000000004e-01,2.222200000000000009e-01,3.333300000000000152e-01,4.444400000000000017e-01,5.555600000000000538e-01,6.666699999999999848e-01,7.777800000000000269e-01,8.888899999999999579e-01,1.000000000000000000e+00,1.111100000000000004e-01,2.222200000000000009e-01,3.333300000000000152e-01,4.444400000000000017e-01,5.555600000000000538e-01,6.666699999999999848e-01,7.777800000000000269e-01,8.888899999999999579e-01,1.000000000000000000e+00,1.111100000000000004e-01,2.222200000000000009e-01,3.333300000000000152e-01,4.444400000000000017e-01,5.555600000000000538e-01,6.666699999999999848e-01,7.777800000000000269e-01,8.888899999999999579e-01,1.000000000000000000e+00,1.111100000000000004e-01,2.222200000000000009e-01,3.333300000000000152e-01,4.444400000000000017e-01,5.555600000000000538e-01,6.666699999999999848e-01,7.777800000000000269e-01,8.888899999999999579e-01,1.000000000000000000e+00,1.111100000000000004e-01,2.222200000000000009e-01,3.333300000000000152e-01,4.444400000000000017e-01,5.555600000000000538e-01,6.666699999999999848e-01,7.777800000000000269e-01,8.888899999999999579e-01,1.000000000000000000e+00,1.111100000000000004e-01,2.222200000000000009e-01,3.333300000000000152e-01,4.444400000000000017e-01,5.555600000000000538e-01,6.666699999999999848e-01,7.777800000000000269e-01,8.888899999999999579e-01,1.000000000000000000e+00,1.111100000000000004e-01,2.222200000000000009e-01,3.333300000000000152e-01,4.444400000000000017e-01,5.555600000000000538e-01,6.666699999999999848e-01,7.777800000000000269e-01,8.888899999999999579e-01,1.000000000000000000e+00,1.111100000000000004e-01,2.222200000000000009e-01,3.333300000000000152e-01,4.444400000000000017e-01,5.555600000000000538e-01,6.666699999999999848e-01,7.777800000000000269e-01,8.888899999999999579e-01,1.000000000000000000e+00
StallFact,1.000000000000000000e+00,1.000000000000000000e+00,1.000000000000000000e+00,1.000000000000000000e+00,1.000000000000000000e+00,1.000000000000000000e+00,1.000000000000000000e+00,1.000000000000000000e+00,1.000000000000000000e+00,1.000000000000000000e+00,1.000000000000000000e+00,1.000000000000000000e+00,1.000000000000000000e+00,1.000000000000000000e+00,1.000000000000000000e+00,1.000000000000000000e+00,1.000000000000000000e+00,1.000000000000000000e+00,1.000000000000000000e+00,1.000000000000000000e+00,1.000000000000000000e+00,1.000000000000000000e+00,1.000000000000000000e+00,1.000000000000000000e+00,1.000000000000000000e+00,1.000000000000000000e+00,1.000000000000000000e+00,1.000000000000000000e+00,1.000000000000000000e+00,1.000000000000000000e+00,1.000000000000000000e+00,1.000000000000000000e+00,1.000000000000000000e+00,1.000000000000000000e+00,1.000000000000000000e+00,1.000000000000000000e+00,1.000000000000000000e+00,1.000000000000000000e+00,1.000000000000000000e+00,1.000000000000000000e+00,1.000000000000000000e+00,1.000000000000000000e+00,1.000000000000000000e+00,1.000000000000000000e+00,1.000000000000000000e+00,1.000000000000000000e+00,1.000000000000000000e+00,1.000000000000000000e+00,1.000000000000000000e+00,1.000000000000000000e+00,1.000000000000000000e+00,1.000000000000000000e+00,1.000000000000000000e+00,1.000000000000000000e+00,1.000000000000000000e+00,1.000000000000000000e+00,1.000000000000000000e+00,1.000000000000000000e+00,1.000000000000000000e+00,1.000000000000000000e+00,1.000000000000000000e+00,1.000000000000000000e+00,1.000000000000000000e+00,1.000000000000000000e+00,1.000000000000000000e+00,1.000000000000000000e+00,1.000000000000000000e+00,1.000000000000000000e+00,1.000000000000000000e+00,1.000000000000000000e+00,1.000000000000000000e+00,1.000000000000000000e+00
Thrust,0.000000000000000000e+00,0.000000000000000000e+00,0.000000000000000000e+00,0.000000000000000000e+00,0.000000000000000000e+00,0.000000000000000000e+00,0.000000000000000000e+00,0.000000000000000000e+00,0.000000000000000000e+00,0.000000000000000000e+00,0.000000000000000000e+00,0.000000000000000000e+00,0.000000000000000000e+00,0.000000000000000000e+00,0.000000000000000000e+00,0.000000000000000000e+00,0.000000000000000000e+00,0.000000000000000000e+00,0.000000000000000000e+00,0.000000000000000000e+00,0.000000000000000000e+00,0.000000000000000000e+00,0.000000000000000000e+00,0.000000000000000000e+00,0.000000000000000000e+00,0.000000000000000000e+00,0.000000000000000000e+00,0.000000000000000000e+00,0.000000000000000000e+00,0.000000000000000000e+00,0.000000000000000000e+00,0.000000000000000000e+00,0.000000000000000000e+00,0.000000000000000000e+00,0.000000000000000000e+00,0.000000000000000000e+00,0.000000000000000000e+00,0.000000000000000000e+00,0.000000000000000000e+00,0.000000000000000000e+00,0.000000000000000000e+00,0.000000000000000000e+00,0.000000000000000000e+00,0.000000000000000000e+00,0.000000000000000000e+00,0.000000000000000000e+00,0.000000000000000000e+00,0.000000000000000000e+00,0.000000000000000000e+00,0.000000000000000000e+00,0.000000000000000000e+00,0.000000000000000000e+00,0.000000000000000000e+00,0.000000000000000000e+00,0.000000000000000000e+00,0.000000000000000000e+00,0.000000000000000000e+00,0.000000000000000000e+00,0.000000000000000000e+00,0.000000000000000000e+00,0.000000000000000000e+00,0.000000000000000000e+00,0.000000000000000000e+00,0.000000000000000000e+00,0.000000000000000000e+00,0.000000000000000000e+00,0.000000000000000000e+00,0.000000000000000000e+00,0.000000000000000000e+00,0.000000000000000000e+00,0.000000000000000000e+00,0.000000000000000000e+00
Thrusti,0.000000000000000000e+00,0.000000000000000000e+00,0.000000000000000000e+00,0.000000000000000000e+00,0.000000000000000000e+00,0.000000000000000000e+00,0.000000000000000000e+00,0.000000000000000000e+00,0.000000000000000000e+00,0.000000000000000000e+00,0.000000000000000000e+00,0.000000000000000000e+00,0.000000000000000000e+00,0.000000000000000000e+00,0.000000000000000000e+00,0.000000000000000000e+00,0.000000000000000000e+00,0.000000000000000000e+00,0.000000000000000000e+00,0.000000000000000000e+00,0.000000000000000000e+00,0.000000000000000000e+00,0.000000000000000000e+00,0.000000000000000000e+00,0.000000000000000000e+00,0.000000000000000000e+00,0.000000000000000000e+00,0.000000000000000000e+00,0.000000000000000000e+00,0.000000000000000000e+00,0.000000000000000000e+00,0.000000000000000000e+00,0.000000000000000000e+00,0.000000000000000000e+00,0.000000000000000000e+00,0.000000000000000000e+00,0.000000000000000000e+00,0.000000000000000000e+00,0.000000000000000000e+00,0.000000000000000000e+00,0.000000000000000000e+00,0.000000000000000000e+00,0.000000000000000000e+00,0.000000000000000000e+00,0.000000000000000000e+00,0.000000000000000000e+00,0.000000000000000000e+00,0.000000000000000000e+00,0.000000000000000000e+00,0.000000000000000000e+00,0.000000000000000000e+00,0.000000000000000000e+00,0.000000000000000000e+00,0.000000000000000000e+00,0.000000000000000000e+00,0.000000000000000000e+00,0.000000000000000000e+00,0.000000000000000000e+00,0.000000000000000000e+00,0.000000000000000000e+00,0.000000000000000000e+00,0.000000000000000000e+00,0.000000000000000000e+00,0.000000000000000000e+00,0.000000000000000000e+00,0.000000000000000000e+00,0.000000000000000000e+00,0.000000000000000000e+00,0.000000000000000000e+00,0.000000000000000000e+00,0.000000000000000000e+00,0.000000000000000000e+00
Thrusto,0.000000000000000000e+00,0.000000000000000000e+00,0.000000000000000000e+00,0.000000000000000000e+00,0.000000000000000000e+00,0.000000000000000000e+00,0.000000000000000000e+00,0.000000000000000000e+00,0.000000000000000000e+00,0.000000000000000000e+00,0.000000000000000000e+00,0.000000000000000000e+00,0.000000000000000000e+00,0.000000000000000000e+00,0.000000000000000000e+00,0.000000000000000000e+00,0.000000000000000000e+00,0.000000000000000000e+00,0.000000000000000000e+00,0.000000000000000000e+00,0.000000000000000000e+00,0.000000000000000000e+00,0.000000000000000000e+00,0.000000000000000000e+00,0.000000000000000000e+00,0.000000000000000000e+00,0.000000000000000000e+00,0.000000000000000000e+00,0.000000000000000000e+00,0.000000000000000000e+00,0.000000000000000000e+00,0.000000000000000000e+00,0.000000000000000000e+00,0.000000000000000000e+00,0.000000000000000000e+00,0.000000000000000000e+00,0.000000000000000000e+00,0.000000000000000000e+00,0.000000000000000000e+00,0.000000000000000000e+00,0.000000000000000000e+00,0.000000000000000000e+00,0.000000000000000000e+00,0.000000000000000000e+00,0.000000000000000000e+00,0.000000000000000000e+00,0.000000000000000000e+00,0.000000000000000000e+00,0.000000000000000000e+00,0.000000000000000000e+00,0.000000000000000000e+00,0.000000000000000000e+00,0.000000000000000000e+00,0.000000000000000000e+00,0.000000000000000000e+00,0.000000000000000000e+00,0.000000000000000000e+00,0.000000000000000000e+00,0.000000000000000000e+00,0.000000000000000000e+00,0.000000000000000000e+00,0.000000000000000000e+00,0.000000000000000000e+00,0.000000000000000000e+00,0.000000000000000000e+00,0.000000000000000000e+00,0.000000000000000000e+00,0.000000000000000000e+00,0.000000000000000000e+00,0.000000000000000000e+00,0.000000000000000000e+00,0.000000000000000000e+00
TrailVort,1,2,3,4,5,6,7,8,9,1,2,3,4,5,6,7,8,9,1,2,3,4,5,6,7,8,9,1,2,3,4,5,6,7,8,9,1,2,3,4,5,6,7,8,9,1,2,3,4,5,6,7,8,9,1,2,3,4,5,6,7,8,9,1,2,3,4,5,6,7,8,9
Unsteady,0
V/Vref,1.000000000000000000e+00,1.000000000000000000e+00,1.000000000000000000e+00,1.000000000000000000e+00,1.000000000000000000e+00,1.000000000000000000e+00,1.000000000000000000e+00,1.000000000000000000e+00,1.000000000000000000e+00,1.000000000000000000e+00,1.000000000000000000e+00,1.000000000000000000e+00,1.000000000000000000e+00,1.000000000000000000e+00,1.000000000000000000e+00,1.000000000000000000e+00,1.000000000000000000e+00,1.000000000000000000e+00,1.000000000000000000e+00,1.000000000000000000e+00,1.000000000000000000e+00,1.000000000000000000e+00,1.000000000000000000e+00,1.000000000000000000e+00,1.000000000000000000e+00,1.000000000000000000e+00,1.000000000000000000e+00,1.000000000000000000e+00,1.000000000000000000e+00,1.000000000000000000e+00,1.000000000000000000e+00,1.000000000000000000e+00,1.000000000000000000e+00,1.000000000000000000e+00,1.000000000000000000e+00,1.000000000000000000e+00,1.000000000000000000e+00,1.000000000000000000e+00,1.000000000000000000e+00,1.000000000000000000e+00,1.000000000000000000e+00,1.000000000000000000e+00,1.000000000000000000e+00,1.000000000000000000e+00,1.000000000000000000e+00,1.000000000000000000e+00,1.000000000000000000e+00,1.000000000000000000e+00,1.000000000000000000e+00,1.000000000000000000e+00,1.000000000000000000e+00,1.000000000000000000e+00,1.000000000000000000e+00,1.000000000000000000e+00,1.000000000000000000e+00,1.000000000000000000e+00,1.000000000000000000e+00,1.000000000000000000e+00,1.000000000000000000e+00,1.000000000000000000e+00,1.000000000000000000e+00,1.000000000000000000e+00,1.000000000000000000e+00,1.000000000000000000e+00,1.000000000000000000e+00,1.000000000000000000e+00,1.000000000000000000e+00,1.000000000000000000e+00,1.000000000000000000e+00,1.000000000000000000e+00,1.000000000000000000e+00,1.000000000000000000e+00
VortexSheet,1,1,1,1,1,1,1,1,1,2,2,2,2,2,2,2,2,2,3,3,3,3,3,3,3,3,3,4,4,4,4,4,4,4,4,4,5,5,5,5,5,5,5,5,5,6,6,6,6,6,6,6,6,6,7,7,7,7,7,7,7,7,7,8,8,8,8,8,8,8,8,8
Xavg,5.543498000000000303e+01,5.585085000000000122e+01,5.626671000000000333e+01,5.668258000000000152e+01,5.709843999999999653e+01,5.751431000000000182e+01,5.793018000000000001e+01,5.834604000000000212e+01,5.876191000000000031e+01,5.543498000000000303e+01,5.585085000000000122e+01,5.626671000000000333e+01,5.668258000000000152e+01,5.709843999999999653e+01,5.751431000000000182e+01,5.793018000000000001e+01,5.834604000000000212e+01,5.876191000000000031e+01,6.623144999999999527e+01,6.680998999999999910e+01,6.738853000000000293e+01,6.796707000000000676e+01,6.854560999999999638e+01,6.912415000000000020e+01,6.970269000000000403e+01,7.028122999999999365e+01,7.085976999999999748e+01,6.623144999999999527e+01,6.680998999999999910e+01,6.738853000000000293e+01,6.796707000000000676e+01,6.854560999999999638e+01,6.912415000000000020e+01,6.970269000000000403e+01,7.028122999999999365e+01,7.085976999999999748e+01,6.403961999999999932e+01,6.411979999999999791e+01,6.419998999999999967e+01,6.428018000000000143e+01,6.436036000000000001e+01,6.444055000000000177e+01,6.452073000000000036e+01,6.460092000000000212e+01,6.468110000000000070e+01,6.403961999999999932e+01,6.411979999999999791e+01,6.419998999999999967e+01,6.428018000000000143e+01,6.436036000000000001e+01,6.444055000000000177e+01,6.452073000000000036e+01,6.460092000000000212e+01,6.468110000000000070e+01,6.211834000000000344e+01,6.212550000000000239e+01,6.213266000000000133e+01,6.213982000000000028e+01,6.214699000000000240e+01,6.215415000000000134e+01,6.216131000000000029e+01,6.216846999999999923e+01,6.217564000000000135e+01,6.211834000000000344e+01,6.212550000000000239e+01,6.213266000000000133e+01,6.213982000000000028e+01,6.214699000000000240e+01,6.215415000000000134e+01,6.216131000000000029e+01,6.216846999999999923e+01,6.217564000000000135e+01
Yavg,5.924249999999999794e+00,7.772739999999999760e+00,9.621240000000000236e+00,1.146973000000000020e+01,1.331822999999999979e+01,1.516671999999999976e+01,1.701520999999999972e+01,1.886371000000000109e+01,2.071219999999999928e+01,-5.924249999999999794e+00,-7.772739999999999760e+00,-9.621240000000000236e+00,-1.146973000000000020e+01,-1.331822999999999979e+01,-1.516671999999999976e+01,-1.701520999999999972e+01,-1.886371000000000109e+01,-2.071219999999999928e+01,5.020920000000000272e+00,6.046359999999999957e+00,7.071810000000000151e+00,8.097250000000000725e+00,9.122700000000000031e+00,1.014813999999999972e+01,1.117359000000000080e+01,1.219903000000000048e+01,1.322447000000000017e+01,-5.020920000000000272e+00,-6.046359999999999957e+00,-7.071810000000000151e+00,-8.097250000000000725e+00,-9.122700000000000031e+00,-1.014813999999999972e+01,-1.117359000000000080e+01,-1.219903000000000048e+01,-1.322447000000000017e+01,4.169970000000000176e+00,4.313170000000000393e+00,4.456380000000000230e+00,4.599590000000000067e+00,4.742799999999999905e+00,4.886009999999999742e+00,5.029219999999999580e+00,5.172430000000000305e+00,5.315640000000000143e+00,-4.169970000000000176e+00,-4.313170000000000393e+00,-4.456380000000000230e+00,-4.599590000000000067e+00,-4.742799999999999905e+00,-4.886009999999999742e+00,-5.029219999999999580e+00,-5.172430000000000305e+00,-5.315640000000000143e+00,4.046479999999999855e+00,4.106639999999999624e+00,4.166809999999999903e+00,4.226980000000000182e+00,4.287149999999999572e+00,4.347310000000000230e+00,4.407479999999999620e+00,4.467649999999999899e+00,4.527809999999999668e+00,-4.046479999999999855e+00,-4.106639999999999624e+00,-4.166809999999999903e+00,-4.226980000000000182e+00,-4.287149999999999572e+00,-4.347310000000000230e+00,-4.407479999999999620e+00,-4.467649999999999899e+00,-4.527809999999999668e+00
Zavg,1.394549999999999956e+00,1.232830000000000092e+00,1.071099999999999941e+00,9.093799999999999661e-01,7.476599999999999913e-01,5.859400000000000164e-01,4.242099999999999760e-01,2.624900000000000011e-01,1.007699999999999985e-01,1.394549999999999956e+00,1.232830000000000092e+00,1.071099999999999941e+00,9.093799999999999661e-01,7.476599999999999913e-01,5.859400000000000164e-01,4.242099999999999760e-01,2.624900000000000011e-01,1.007699999999999985e-01,0.000000000000000000e+00,0.000000000000000000e+00,0.000000000000000000e+00,0.000000000000000000e+00,0.000000000000000000e+00,0.000000000000000000e+00,0.000000000000000000e+00,0.000000000000000000e+00,0.000000000000000000e+00,0.000000000000000000e+00,0.000000000000000000e+00,0.000000000000000000e+00,0.000000000000000000e+00,0.000000000000000000e+00,0.000000000000000000e+00,0.000000000000000000e+00,0.000000000000000000e+00,0.000000000000000000e+00,2.640639999999999876e+00,3.659629999999999939e+00,4.678609999999999935e+00,5.697600000000000442e+00,6.716580000000000439e+00,7.735570000000000057e+00,8.754559999999999675e+00,9.773540000000000560e+00,1.079252999999999929e+01,2.640639999999999876e+00,3.659629999999999939e+00,4.678609999999999935e+00,5.697600000000000442e+00,6.716580000000000439e+00,7.735570000000000057e+00,8.754559999999999675e+00,9.773540000000000560e+00,1.079252999999999929e+01,-1.698909999999999920e+00,-1.981970000000000010e+00,-2.265039999999999942e+00,-2.548099999999999810e+00,-2.831170000000000186e+00,-3.114230000000000054e+00,-3.397289999999999921e+00,-3.680359999999999854e+00,-3.963420000000000165e+00,-1.698909999999999920e+00,-1.981970000000000010e+00,-2.265039999999999942e+00,-2.548099999999999810e+00,-2.831170000000000186e+00,-3.114230000000000054e+00,-3.397289999999999921e+00,-3.680359999999999854e+00,-3.963420000000000165e+00
cd,1.110000000000000049e-02,1.463000000000000064e-02,1.751000000000000126e-02,1.966000000000000039e-02,2.195000000000000076e-02,2.295000000000000165e-02,2.307999999999999982e-02,2.304000000000000145e-02,2.054999999999999882e-02,1.110000000000000049e-02,1.463000000000000064e-02,1.751000000000000126e-02,1.966000000000000039e-02,2.195000000000000076e-02,2.295000000000000165e-02,2.307999999999999982e-02,2.304000000000000145e-02,2.054999999999999882e-02,1.020000000000000073e-02,1.599000000000000074e-02,1.804000000000000048e-02,1.905000000000000096e-02,2.054999999999999882e-02,1.970999999999999835e-02,1.830000000000000029e-02,1.793000000000000149e-02,1.685000000000000039e-02,1.020000000000000073e-02,1.599000000000000074e-02,1.804000000000000048e-02,1.905000000000000096e-02,2.054999999999999882e-02,1.970999999999999835e-02,1.830000000000000029e-02,1.793000000000000149e-02,1.685000000000000039e-02,4.530000000000000172e-03,4.899999999999999842e-03,5.000000000000000104e-03,5.109999999999999959e-03,5.210000000000000221e-03,5.380000000000000233e-03,5.539999999999999786e-03,5.850000000000000165e-03,6.230000000000000294e-03,4.530000000000000172e-03,4.899999999999999842e-03,5.000000000000000104e-03,5.109999999999999959e-03,5.210000000000000221e-03,5.380000000000000233e-03,5.539999999999999786e-03,5.850000000000000165e-03,6.230000000000000294e-03,5.700000000000000205e-03,5.499999999999999681e-03,5.479999999999999628e-03,5.470000000000000036e-03,5.490000000000000088e-03,5.510000000000000141e-03,5.550000000000000246e-03,5.599999999999999943e-03,5.599999999999999943e-03,5.700000000000000205e-03,5.499999999999999681e-03,5.479999999999999628e-03,5.470000000000000036e-03,5.490000000000000088e-03,5.510000000000000141e-03,5.550000000000000246e-03,5.599999999999999943e-03,5.599999999999999943e-03
cd*c/cref,1.249864879716693251e-02,1.529737204176334110e-02,1.690115918915618617e-02,1.739596698009525030e-02,1.765774169617780054e-02,1.661729655635608982e-02,1.485606247405055549e-02,1.297818243985834896e-02,9.923624862620588488e-03,1.249864879716693251e-02,1.529737204176334110e-02,1.690115918915618617e-02,1.739596698009525030e-02,1.765774169617780054e-02,1.661729655635608982e-02,1.485606247405055549e-02,1.297818243985834896e-02,9.923624862620588488e-03,5.335064598852118541e-03,7.725860709488338932e-03,7.996969642202955350e-03,7.685031475149590834e-03,7.470674074978628405e-03,6.379322377579679099e-03,5.193208816705336545e-03,4.373209982903895725e-03,3.437860910978141060e-03,5.335064598852118541e-03,7.725860709488338932e-03,7.996969642202955350e-03,7.685031475149590834e-03,7.470674074978628405e-03,6.379322377579679099e-03,5.193208816705336545e-03,4.373209982903895725e-03,3.437860910978141060e-03,4.050098803272682985e-03,3.981161741360360676e-03,3.654512150445720069e-03,3.318039876663817552e-03,2.957942666992307169e-03,2.615561008670167636e-03,2.241396458664061692e-03,1.889577146171693596e-03,1.504078263524240028e-03,4.050098803272682985e-03,3.981161741360360676e-03,3.654512150445720069e-03,3.318039876663817552e-03,2.957942666992307169e-03,2.615561008670167636e-03,2.241396458664061692e-03,1.889577146171693596e-03,1.504078263524240028e-03,3.067955916473317623e-03,2.836227561362803223e-03,2.702284430333374080e-03,2.573949279521308732e-03,2.459505250946391556e-03,2.344158816705336438e-03,2.235967517401392293e-03,2.129777994871168752e-03,2.003441201611918469e-03,3.067955916473317623e-03,2.836227561362803223e-03,2.702284430333374080e-03,2.573949279521308732e-03,2.459505250946391556e-03,2.344158816705336438e-03,2.235967517401392293e-03,2.129777994871168752e-03,2.003441201611918469e-03
cdi,5.980000000000000072e-03,9.429999999999999147e-03,1.220000000000000077e-02,1.425000000000000051e-02,1.643000000000000016e-02,1.733000000000000165e-02,1.737999999999999962e-02,1.725000000000000144e-02,1.472000000000000045e-02,5.980000000000000072e-03,9.429999999999999147e-03,1.220000000000000077e-02,1.425000000000000051e-02,1.643000000000000016e-02,1.733000000000000165e-02,1.737999999999999962e-02,1.725000000000000144e-02,1.472000000000000045e-02,4.559999999999999817e-03,1.025000000000000043e-02,1.221999999999999996e-02,1.314000000000000064e-02,1.452999999999999951e-02,1.361000000000000057e-02,1.212000000000000056e-02,1.162999999999999971e-02,1.043000000000000003e-02,4.559999999999999817e-03,1.025000000000000043e-02,1.221999999999999996e-02,1.314000000000000064e-02,1.452999999999999951e-02,1.361000000000000057e-02,1.212000000000000056e-02,1.162999999999999971e-02,1.043000000000000003e-02,-6.999999999999999929e-04,-4.000000000000000192e-04,-3.699999999999999947e-04,-3.499999999999999964e-04,-3.299999999999999982e-04,-2.799999999999999755e-04,-2.500000000000000052e-04,-1.100000000000000039e-04,3.000000000000000076e-05,-6.999999999999999929e-04,-4.000000000000000192e-04,-3.699999999999999947e-04,-3.499999999999999964e-04,-3.299999999999999982e-04,-2.799999999999999755e-04,-2.500000000000000052e-04,-1.100000000000000039e-04,3.000000000000000076e-05,1.200000000000000030e-04,-1.100000000000000039e-04,-1.700000000000000122e-04,-2.000000000000000096e-04,-2.300000000000000070e-04,-2.400000000000000061e-04,-2.400000000000000061e-04,-2.300000000000000070e-04,-2.799999999999999755e-04,1.200000000000000030e-04,-1.100000000000000039e-04,-1.700000000000000122e-04,-2.000000000000000096e-04,-2.300000000000000070e-04,-2.400000000000000061e-04,-2.400000000000000061e-04,-2.300000000000000070e-04,-2.799999999999999755e-04
cdi*c/cref,6.733506288924166923e-03,9.860165301013553221e-03,1.177579338136524635e-02,1.260897911832946708e-02,1.321716155208206220e-02,1.254805007937477221e-02,1.118710423739162178e-02,9.716738154841862360e-03,7.108309390645988803e-03,6.733506288924166923e-03,9.860165301013553221e-03,1.177579338136524635e-02,1.260897911832946708e-02,1.321716155208206220e-02,1.254805007937477221e-02,1.118710423739162178e-02,9.716738154841862360e-03,7.108309390645988803e-03,2.385087703016241286e-03,4.952474813774576483e-03,5.417016021492245675e-03,5.300856356087434336e-03,5.282184637928928096e-03,4.405001398217120272e-03,3.439436658932714958e-03,2.836610825497618872e-03,2.128005299792404097e-03,2.385087703016241286e-03,4.952474813774576483e-03,5.417016021492245675e-03,5.300856356087434336e-03,5.282184637928928096e-03,4.405001398217120272e-03,3.439436658932714958e-03,2.836610825497618872e-03,2.128005299792404097e-03,-6.258430821834167065e-04,-3.249927952130907106e-04,-2.704338991329832817e-04,-2.272630052509464155e-04,-1.873552936866528483e-04,-1.361258517523507132e-04,-1.011460495787031461e-04,-3.553051044083526376e-05,7.242752472829405233e-06,-6.258430821834167065e-04,-3.249927952130907106e-04,-2.704338991329832817e-04,-2.272630052509464155e-04,-1.873552936866528483e-04,-1.361258517523507132e-04,-1.011460495787031461e-04,-3.553051044083526376e-05,7.242752472829405233e-06,6.458854560996458310e-05,-5.672455122725606825e-05,-8.382999145194774851e-05,-9.411149102454511456e-05,-1.030393820979362589e-04,-1.021049212358041364e-04,-9.669048723897912770e-05,-8.747302478935156873e-05,-1.001720600805959099e-04,6.458854560996458310e-05,-5.672455122725606825e-05,-8.382999145194774851e-05,-9.411149102454511456e-05,-1.030393820979362589e-04,-1.021049212358041364e-04,-9.669048723897912770e-05,-8.747302478935156873e-05,-1.001720600805959099e-04
cdo,5.120000000000000419e-03,5.199999999999999761e-03,5.300000000000000024e-03,5.400000000000000286e-03,5.519999999999999733e-03,5.619999999999999996e-03,5.700000000000000205e-03,5.790000000000000008e-03,5.830000000000000113e-03,5.120000000000000419e-03,5.199999999999999761e-03,5.300000000000000024e-03,5.400000000000000286e-03,5.519999999999999733e-03,5.619999999999999996e-03,5.700000000000000205e-03,5.790000000000000008e-03,5.830000000000000113e-03,5.640000000000000048e-03,5.740000000000000310e-03,5.830000000000000113e-03,5.910000000000000323e-03,6.020000000000000177e-03,6.100000000000000387e-03,6.179999999999999730e-03,6.289999999999999584e-03,6.420000000000000359e-03,5.640000000000000048e-03,5.740000000000000310e-03,5.830000000000000113e-03,5.910000000000000323e-03,6.020000000000000177e-03,6.100000000000000387e-03,6.179999999999999730e-03,6.289999999999999584e-03,6.420000000000000359e-03,5.230000000000000274e-03,5.300000000000000024e-03,5.369999999999999774e-03,5.449999999999999983e-03,5.550000000000000246e-03,5.660000000000000100e-03,5.790000000000000008e-03,5.960000000000000020e-03,6.199999999999999782e-03,5.230000000000000274e-03,5.300000000000000024e-03,5.369999999999999774e-03,5.449999999999999983e-03,5.550000000000000246e-03,5.660000000000000100e-03,5.790000000000000008e-03,5.960000000000000020e-03,6.199999999999999782e-03,5.579999999999999891e-03,5.610000000000000403e-03,5.640000000000000048e-03,5.680000000000000153e-03,5.709999999999999798e-03,5.749999999999999903e-03,5.790000000000000008e-03,5.839999999999999705e-03,5.879999999999999810e-03,5.579999999999999891e-03,5.610000000000000403e-03,5.640000000000000048e-03,5.680000000000000153e-03,5.709999999999999798e-03,5.749999999999999903e-03,5.790000000000000008e-03,5.839999999999999705e-03,5.879999999999999810e-03
cdo*c/cref,5.765142508242765591e-03,5.437206740749786146e-03,5.115713518134081678e-03,4.778139455366955772e-03,4.440580144095738341e-03,4.069246476981315877e-03,3.668958236658932844e-03,3.261444285016485735e-03,2.815315471974600119e-03,5.765142508242765591e-03,5.437206740749786146e-03,5.115713518134081678e-03,4.778139455366955772e-03,4.440580144095738341e-03,4.069246476981315877e-03,3.668958236658932844e-03,3.261444285016485735e-03,2.815315471974600119e-03,2.949976895835877255e-03,2.773385895713762449e-03,2.584386530711930714e-03,2.384175119062156498e-03,2.188489437049700743e-03,1.974320979362559694e-03,1.753772157772621803e-03,1.534160111124679461e-03,1.309855611185736964e-03,2.949976895835877255e-03,2.773385895713762449e-03,2.584386530711930714e-03,2.384175119062156498e-03,2.188489437049700743e-03,1.974320979362559694e-03,1.753772157772621803e-03,1.534160111124679461e-03,1.309855611185736964e-03,4.675941885456099366e-03,4.306154536573451874e-03,3.924946049578703459e-03,3.538809653193308435e-03,3.150975393820980037e-03,2.751686860422518106e-03,2.342542508242764689e-03,1.925107656612528792e-03,1.496835511051410354e-03,4.675941885456099366e-03,4.306154536573451874e-03,3.924946049578703459e-03,3.538809653193308435e-03,3.150975393820980037e-03,2.751686860422518106e-03,2.342542508242764689e-03,1.925107656612528792e-03,1.496835511051410354e-03,3.003367370863352891e-03,2.892952112590059955e-03,2.781183245817560323e-03,2.672766345097081150e-03,2.558064659909634834e-03,2.446263737941140656e-03,2.332658004640371461e-03,2.221054194651361519e-03,2.103613261692514284e-03,3.003367370863352891e-03,2.892952112590059955e-03,2.781183245817560323e-03,2.672766345097081150e-03,2.558064659909634834e-03,2.446263737941140656e-03,2.332658004640371461e-03,2.221054194651361519e-03,2.103613261692514284e-03
cl,6.790999999999999814e-02,1.073400000000000049e-01,1.389900000000000024e-01,1.624099999999999988e-01,1.873100000000000043e-01,1.975999999999999979e-01,1.981799999999999951e-01,1.966799999999999937e-01,1.677500000000000102e-01,6.790999999999999814e-02,1.073400000000000049e-01,1.389900000000000024e-01,1.624099999999999988e-01,1.873100000000000043e-01,1.975999999999999979e-01,1.981799999999999951e-01,1.966799999999999937e-01,1.677500000000000102e-01,5.163999999999999840e-02,1.166800000000000059e-01,1.391400000000000137e-01,1.496599999999999875e-01,1.655000000000000082e-01,1.550400000000000111e-01,1.380300000000000138e-01,1.323900000000000077e-01,1.186399999999999955e-01,5.163999999999999840e-02,1.166800000000000059e-01,1.391400000000000137e-01,1.496599999999999875e-01,1.655000000000000082e-01,1.550400000000000111e-01,1.380300000000000138e-01,1.323900000000000077e-01,1.186399999999999955e-01,-8.470000000000000098e-03,-5.080000000000000314e-03,-4.740000000000000289e-03,-4.440000000000000370e-03,-4.309999999999999595e-03,-3.690000000000000138e-03,-3.409999999999999837e-03,-1.760000000000000063e-03,-2.100000000000000087e-04,-8.470000000000000098e-03,-5.080000000000000314e-03,-4.740000000000000289e-03,-4.440000000000000370e-03,-4.309999999999999595e-03,-3.690000000000000138e-03,-3.409999999999999837e-03,-1.760000000000000063e-03,-2.100000000000000087e-04,8.899999999999999491e-04,-1.779999999999999898e-03,-2.390000000000000197e-03,-2.820000000000000024e-03,-3.079999999999999839e-03,-3.220000000000000206e-03,-3.229999999999999798e-03,-3.150000000000000022e-03,-3.720000000000000216e-03,8.899999999999999491e-04,-1.779999999999999898e-03,-2.390000000000000197e-03,-2.820000000000000024e-03,-3.079999999999999839e-03,-3.220000000000000206e-03,-3.229999999999999798e-03,-3.150000000000000022e-03,-3.720000000000000216e-03
cl*c/cref,7.646695854194651698e-02,1.122364945292465555e-01,1.341571739406520747e-01,1.437069683233606066e-01,1.506820773171327343e-01,1.430752853828306248e-01,1.275638847966784617e-01,1.107877136402491275e-01,8.100671876908048519e-02,7.646695854194651698e-02,1.122364945292465555e-01,1.341571739406520747e-01,1.437069683233606066e-01,1.506820773171327343e-01,1.430752853828306248e-01,1.275638847966784617e-01,1.107877136402491275e-01,8.100671876908048519e-02,2.701007214556111827e-02,5.637607427036268881e-02,6.167950975699108829e-02,6.037489819269751395e-02,6.016528269629990711e-02,5.018011879350348092e-02,3.917041600928074935e-02,3.229053372206618783e-02,2.420580525094638905e-02,2.701007214556111827e-02,5.637607427036268881e-02,6.167950975699108829e-02,6.037489819269751395e-02,6.016528269629990711e-02,5.018011879350348092e-02,3.917041600928074935e-02,3.229053372206618783e-02,2.420580525094638905e-02,-7.572701294419342463e-03,-4.127408499206251802e-03,-3.464477518622543009e-03,-2.882993552326291835e-03,-2.446973684210526200e-03,-1.793944260593479095e-03,-1.379632116253510718e-03,-5.684881670533642201e-04,-5.069926730980583833e-05,-7.572701294419342463e-03,-4.127408499206251802e-03,-3.464477518622543009e-03,-2.882993552326291835e-03,-2.446973684210526200e-03,-1.793944260593479095e-03,-1.379632116253510718e-03,-5.684881670533642201e-04,-5.069926730980583833e-05,4.790317132739039586e-04,-9.179063744046890181e-04,-1.178551056295030174e-03,-1.326972023446086049e-03,-1.379831725485407192e-03,-1.369907693247038837e-03,-1.301292807424593882e-03,-1.198000122115032342e-03,-1.330857369642202874e-03,4.790317132739039586e-04,-9.179063744046890181e-04,-1.178551056295030174e-03,-1.326972023446086049e-03,-1.379831725485407192e-03,-1.369907693247038837e-03,-1.301292807424593882e-03,-1.198000122115032342e-03,-1.330857369642202874e-03
cli,6.836000000000000409e-02,1.077899999999999969e-01,1.394600000000000006e-01,1.628799999999999970e-01,1.877900000000000125e-01,1.980899999999999883e-01,1.986700000000000133e-01,1.971900000000000042e-01,1.682599999999999929e-01,6.836000000000000409e-02,1.077899999999999969e-01,1.394600000000000006e-01,1.628799999999999970e-01,1.877900000000000125e-01,1.980899999999999883e-01,1.986700000000000133e-01,1.971900000000000042e-01,1.682599999999999929e-01,5.213000000000000272e-02,1.171900000000000025e-01,1.396499999999999964e-01,1.501800000000000079e-01,1.660200000000000009e-01,1.555700000000000138e-01,1.385699999999999987e-01,1.329400000000000026e-01,1.192099999999999965e-01,5.213000000000000272e-02,1.171900000000000025e-01,1.396499999999999964e-01,1.501800000000000079e-01,1.660200000000000009e-01,1.555700000000000138e-01,1.385699999999999987e-01,1.329400000000000026e-01,1.192099999999999965e-01,-8.009999999999999759e-03,-4.619999999999999975e-03,-4.270000000000000358e-03,-3.959999999999999978e-03,-3.820000000000000045e-03,-3.190000000000000127e-03,-2.899999999999999800e-03,-1.229999999999999974e-03,3.299999999999999982e-04,-8.009999999999999759e-03,-4.619999999999999975e-03,-4.270000000000000358e-03,-3.959999999999999978e-03,-3.820000000000000045e-03,-3.190000000000000127e-03,-2.899999999999999800e-03,-1.229999999999999974e-03,3.299999999999999982e-04,1.369999999999999907e-03,-1.289999999999999914e-03,-1.889999999999999970e-03,-2.320000000000000014e-03,-2.579999999999999828e-03,-2.720000000000000195e-03,-2.720000000000000195e-03,-2.639999999999999986e-03,-3.210000000000000180e-03,1.369999999999999907e-03,-1.289999999999999914e-03,-1.889999999999999970e-03,-2.320000000000000014e-03,-2.579999999999999828e-03,-2.720000000000000195e-03,-2.720000000000000195e-03,-2.639999999999999986e-03,-3.210000000000000180e-03
cli*c/cref,7.697366052021004101e-02,1.127070220356575780e-01,1.346108315545243572e-01,1.441228434241055012e-01,1.510682147209671533e-01,1.434300773354499903e-01,1.278792864696544074e-01,1.110749911161314080e-01,8.125299851019660013e-02,7.697366052021004101e-02,1.127070220356575780e-01,1.346108315545243572e-01,1.441228434241055012e-01,1.510682147209671533e-01,1.434300773354499903e-01,1.278792864696544074e-01,1.110749911161314080e-01,8.125299851019660013e-02,2.726636446452558246e-02,5.662249009036512959e-02,6.190558816705336170e-02,6.058467333007692968e-02,6.035432165099523238e-02,5.035165815728416538e-02,3.932365823665893295e-02,3.242468126755403829e-02,2.432210084259371977e-02,2.726636446452558246e-02,5.662249009036512959e-02,6.190558816705336170e-02,6.058467333007692968e-02,6.035432165099523238e-02,5.035165815728416538e-02,3.932365823665893295e-02,3.242468126755403829e-02,2.432210084259371977e-02,-7.161432983270240096e-03,-3.753666784711197617e-03,-3.120953376480645365e-03,-2.571318573696422354e-03,-2.168779460251557371e-03,-1.550862382464281456e-03,-1.173294175112956327e-03,-3.972957076566124911e-04,7.967027720112346604e-05,-7.161432983270240096e-03,-3.753666784711197617e-03,-3.120953376480645365e-03,-2.571318573696422354e-03,-2.168779460251557371e-03,-1.550862382464281456e-03,-1.173294175112956327e-03,-3.972957076566124911e-04,7.967027720112346604e-05,7.373858957137622910e-04,-6.652242825741848213e-04,-9.319922579069483785e-04,-1.091693295884723323e-03,-1.155833068750763103e-03,-1.157189107339113600e-03,-1.095825522041763474e-03,-1.004038197582122387e-03,-1.148401117352546149e-03,7.373858957137622910e-04,-6.652242825741848213e-04,-9.319922579069483785e-04,-1.091693295884723323e-03,-1.155833068750763103e-03,-1.157189107339113600e-03,-1.095825522041763474e-03,-1.004038197582122387e-03,-1.148401117352546149e-03
clo,-4.499999999999999877e-04,-4.600000000000000139e-04,-4.600000000000000139e-04,-4.699999999999999859e-04,-4.800000000000000122e-04,-4.899999999999999842e-04,-5.000000000000000104e-04,-5.100000000000000366e-04,-5.100000000000000366e-04,-4.499999999999999877e-04,-4.600000000000000139e-04,-4.600000000000000139e-04,-4.699999999999999859e-04,-4.800000000000000122e-04,-4.899999999999999842e-04,-5.000000000000000104e-04,-5.100000000000000366e-04,-5.100000000000000366e-04,-4.899999999999999842e-04,-5.000000000000000104e-04,-5.100000000000000366e-04,-5.199999999999999544e-04,-5.299999999999999807e-04,-5.299999999999999807e-04,-5.400000000000000069e-04,-5.500000000000000331e-04,-5.599999999999999509e-04,-4.899999999999999842e-04,-5.000000000000000104e-04,-5.100000000000000366e-04,-5.199999999999999544e-04,-5.299999999999999807e-04,-5.299999999999999807e-04,-5.400000000000000069e-04,-5.500000000000000331e-04,-5.599999999999999509e-04,-4.600000000000000139e-04,-4.600000000000000139e-04,-4.699999999999999859e-04,-4.800000000000000122e-04,-4.899999999999999842e-04,-4.899999999999999842e-04,-5.100000000000000366e-04,-5.199999999999999544e-04,-5.400000000000000069e-04,-4.600000000000000139e-04,-4.600000000000000139e-04,-4.699999999999999859e-04,-4.800000000000000122e-04,-4.899999999999999842e-04,-4.899999999999999842e-04,-5.100000000000000366e-04,-5.199999999999999544e-04,-5.400000000000000069e-04,-4.899999999999999842e-04,-4.899999999999999842e-04,-4.899999999999999842e-04,-5.000000000000000104e-04,-5.000000000000000104e-04,-5.000000000000000104e-04,-5.100000000000000366e-04,-5.100000000000000366e-04,-5.100000000000000366e-04,-4.899999999999999842e-04,-4.899999999999999842e-04,-4.899999999999999842e-04,-5.000000000000000104e-04,-5.000000000000000104e-04,-5.000000000000000104e-04,-5.100000000000000366e-04,-5.100000000000000366e-04,-5.100000000000000366e-04
clo*c/cref,-5.067019782635242501e-04,-4.809836732201733874e-04,-4.440053242154108951e-04,-4.158751007449016908e-04,-3.861374038344120296e-04,-3.547919526193674209e-04,-3.218384418121870592e-04,-2.872774758822811800e-04,-2.462797411161314273e-04,-5.067019782635242501e-04,-4.809836732201733874e-04,-4.440053242154108951e-04,-4.158751007449016908e-04,-3.861374038344120296e-04,-3.547919526193674209e-04,-3.218384418121870592e-04,-2.872774758822811800e-04,-2.462797411161314273e-04,-2.562923189644645194e-04,-2.415841372572963860e-04,-2.260784100622786745e-04,-2.097751373794113847e-04,-1.926743192086945709e-04,-1.715393637806813989e-04,-1.532422273781902720e-04,-1.341475454878495669e-04,-1.142553181096592836e-04,-2.562923189644645194e-04,-2.415841372572963860e-04,-2.260784100622786745e-04,-2.097751373794113847e-04,-1.926743192086945709e-04,-1.715393637806813989e-04,-1.532422273781902720e-04,-1.341475454878495669e-04,-1.142553181096592836e-04,-4.112683111491024211e-04,-3.737417144950542927e-04,-3.435241421418976982e-04,-3.116749786298693729e-04,-2.781942239589693710e-04,-2.382202405666137548e-04,-2.063379411405544186e-04,-1.679624129930394139e-04,-1.303695445109292908e-04,-4.112683111491024211e-04,-3.737417144950542927e-04,-3.435241421418976982e-04,-3.116749786298693729e-04,-2.781942239589693710e-04,-2.382202405666137548e-04,-2.063379411405544186e-04,-1.679624129930394139e-04,-1.303695445109292908e-04,-2.637365612406887268e-04,-2.526820918305043052e-04,-2.416276224203199379e-04,-2.352787275613627796e-04,-2.239986567346440353e-04,-2.127185859079252909e-04,-2.054672853828306515e-04,-1.939619245329100091e-04,-1.824562522896568605e-04,-2.637365612406887268e-04,-2.526820918305043052e-04,-2.416276224203199379e-04,-2.352787275613627796e-04,-2.239986567346440353e-04,-2.127185859079252909e-04,-2.054672853828306515e-04,-1.939619245329100091e-04,-1.824562522896568605e-04
cmx,2.176000000000000156e-02,4.845000000000000001e-02,8.437999999999999667e-02,1.285199999999999954e-01,1.896299999999999930e-01,2.534500000000000086e-01,3.211800000000000210e-01,4.042499999999999982e-01,4.424199999999999799e-01,-2.176000000000000156e-02,-4.845000000000000001e-02,-8.437999999999999667e-02,-1.285199999999999954e-01,-1.896299999999999930e-01,-2.534500000000000086e-01,-3.211800000000000210e-01,-4.042499999999999982e-01,-4.424199999999999799e-01,3.239999999999999825e-02,9.009000000000000341e-02,1.365999999999999992e-01,1.847900000000000098e-01,2.553300000000000014e-01,2.988799999999999790e-01,3.343599999999999905e-01,4.074900000000000189e-01,4.736299999999999955e-01,-3.239999999999999825e-02,-9.009000000000000341e-02,-1.365999999999999992e-01,-1.847900000000000098e-01,-2.553300000000000014e-01,-2.988799999999999790e-01,-3.343599999999999905e-01,-4.074900000000000189e-01,-4.736299999999999955e-01,-1.144000000000000052e-02,-1.038000000000000034e-02,-1.349000000000000025e-02,-1.686999999999999958e-02,-2.170000000000000054e-02,-2.412999999999999867e-02,-2.963000000000000009e-02,-1.763999999999999943e-02,6.640000000000000069e-03,1.144000000000000052e-02,1.038000000000000034e-02,1.349000000000000025e-02,1.686999999999999958e-02,2.170000000000000054e-02,2.412999999999999867e-02,2.963000000000000009e-02,1.763999999999999943e-02,-6.640000000000000069e-03,1.719999999999999958e-03,-2.079999999999999818e-03,-3.500000000000000073e-03,-4.910000000000000302e-03,-6.219999999999999835e-03,-7.450000000000000025e-03,-8.449999999999999178e-03,-9.270000000000000462e-03,-1.286999999999999950e-02,-1.719999999999999958e-03,2.079999999999999818e-03,3.500000000000000073e-03,4.910000000000000302e-03,6.219999999999999835e-03,7.450000000000000025e-03,8.449999999999999178e-03,9.270000000000000462e-03,1.286999999999999950e-02
cmx*c/cref,2.450185566003175094e-02,5.066012819025522002e-02,8.144602012455733064e-02,1.137197190377335493e-01,1.525484081023323890e-01,1.835143273293442512e-01,2.067361414824764876e-01,2.277096463243375446e-01,2.136452609109781298e-01,-2.450185566003175094e-02,-5.066012819025522002e-02,-8.144602012455733064e-02,-1.137197190377335493e-01,-1.525484081023323890e-01,-1.835143273293442512e-01,-2.067361414824764876e-01,-2.277096463243375446e-01,-2.136452609109781298e-01,1.694667578458908253e-02,4.352862985101966370e-02,6.055355061668091232e-02,7.454682237757967456e-02,9.282176211991695347e-02,9.673525480522651709e-02,9.488531693735499650e-02,9.938869692880694662e-02,9.663347556478200928e-02,-1.694667578458908253e-02,-4.352862985101966370e-02,-6.055355061668091232e-02,-7.454682237757967456e-02,-9.282176211991695347e-02,-9.673525480522651709e-02,-9.488531693735499650e-02,-9.938869692880694662e-02,-9.663347556478200928e-02,-1.022806408596898219e-02,-8.433563035779703676e-03,-9.859873781902553022e-03,-1.095407685309561681e-02,-1.232002991818293043e-02,-1.173113143851508069e-02,-1.198782979606789582e-02,-5.697801856148491245e-03,1.603062547319575011e-03,1.022806408596898219e-02,8.433563035779703676e-03,9.859873781902553022e-03,1.095407685309561681e-02,1.232002991818293043e-02,1.173113143851508069e-02,1.198782979606789582e-02,5.697801856148491245e-03,-1.603062547319575011e-03,9.257691537428256595e-04,-1.072609695933569212e-03,-1.725911588716571264e-03,-2.310437104652582861e-03,-2.786543289778971484e-03,-3.169506930028086547e-03,-3.404310904872389493e-03,-3.525543216509952667e-03,-4.604337190133104586e-03,-9.257691537428256595e-04,1.072609695933569212e-03,1.725911588716571264e-03,2.310437104652582861e-03,2.786543289778971484e-03,3.169506930028086547e-03,3.404310904872389493e-03,3.525543216509952667e-03,4.604337190133104586e-03
cmxi,2.176000000000000156e-02,4.845000000000000001e-02,8.437999999999999667e-02,1.285199999999999954e-01,1.896299999999999930e-01,2.534500000000000086e-01,3.211800000000000210e-01,4.042499999999999982e-01,4.424199999999999799e-01,-2.176000000000000156e-02,-4.845000000000000001e-02,-8.437999999999999667e-02,-1.285199999999999954e-01,-1.896299999999999930e-01,-2.534500000000000086e-01,-3.211800000000000210e-01,-4.042499999999999982e-01,-4.424199999999999799e-01,3.239999999999999825e-02,9.009000000000000341e-02,1.365999999999999992e-01,1.847900000000000098e-01,2.553300000000000014e-01,2.988799999999999790e-01,3.343599999999999905e-01,4.074900000000000189e-01,4.736299999999999955e-01,-3.239999999999999825e-02,-9.009000000000000341e-02,-1.365999999999999992e-01,-1.847900000000000098e-01,-2.553300000000000014e-01,-2.988799999999999790e-01,-3.343599999999999905e-01,-4.074900000000000189e-01,-4.736299999999999955e-01,-1.144000000000000052e-02,-1.038000000000000034e-02,-1.349000000000000025e-02,-1.686999999999999958e-02,-2.170000000000000054e-02,-2.412999999999999867e-02,-2.963000000000000009e-02,-1.763999999999999943e-02,6.640000000000000069e-03,1.144000000000000052e-02,1.038000000000000034e-02,1.349000000000000025e-02,1.686999999999999958e-02,2.170000000000000054e-02,2.412999999999999867e-02,2.963000000000000009e-02,1.763999999999999943e-02,-6.640000000000000069e-03,1.719999999999999958e-03,-2.079999999999999818e-03,-3.500000000000000073e-03,-4.910000000000000302e-03,-6.219999999999999835e-03,-7.450000000000000025e-03,-8.449999999999999178e-03,-9.270000000000000462e-03,-1.286999999999999950e-02,-1.719999999999999958e-03,2.079999999999999818e-03,3.500000000000000073e-03,4.910000000000000302e-03,6.219999999999999835e-03,7.450000000000000025e-03,8.449999999999999178e-03,9.270000000000000462e-03,1.286999999999999950e-02
cmxi*c/cref,2.450185566003175094e-02,5.066012819025522002e-02,8.144602012455733064e-02,1.137197190377335493e-01,1.525484081023323890e-01,1.835143273293442512e-01,2.067361414824764876e-01,2.277096463243375446e-01,2.136452609109781298e-01,-2.450185566003175094e-02,-5.066012819025522002e-02,-8.144602012455733064e-02,-1.137197190377335493e-01,-1.525484081023323890e-01,-1.835143273293442512e-01,-2.067361414824764876e-01,-2.277096463243375446e-01,-2.136452609109781298e-01,1.694667578458908253e-02,4.352862985101966370e-02,6.055355061668091232e-02,7.454682237757967456e-02,9.282176211991695347e-02,9.673525480522651709e-02,9.488531693735499650e-02,9.938869692880694662e-02,9.663347556478200928e-02,-1.694667578458908253e-02,-4.352862985101966370e-02,-6.055355061668091232e-02,-7.454682237757967456e-02,-9.282176211991695347e-02,-9.673525480522651709e-02,-9.488531693735499650e-02,-9.938869692880694662e-02,-9.663347556478200928e-02,-1.022806408596898219e-02,-8.433563035779703676e-03,-9.859873781902553022e-03,-1.095407685309561681e-02,-1.232002991818293043e-02,-1.173113143851508069e-02,-1.198782979606789582e-02,-5.697801856148491245e-03,1.603062547319575011e-03,1.022806408596898219e-02,8.433563035779703676e-03,9.859873781902553022e-03,1.095407685309561681e-02,1.232002991818293043e-02,1.173113143851508069e-02,1.198782979606789582e-02,5.697801856148491245e-03,-1.603062547319575011e-03,9.257691537428256595e-04,-1.072609695933569212e-03,-1.725911588716571264e-03,-2.310437104652582861e-03,-2.786543289778971484e-03,-3.169506930028086547e-03,-3.404310904872389493e-03,-3.525543216509952667e-03,-4.604337190133104586e-03,-9.257691537428256595e-04,1.072609695933569212e-03,1.725911588716571264e-03,2.310437104652582861e-03,2.786543289778971484e-03,3.169506930028086547e-03,3.404310904872389493e-03,3.525543216509952667e-03,4.604337190133104586e-03
cmxo,0.000000000000000000e+00,0.000000000000000000e+00,0.000000000000000000e+00,0.000000000000000000e+00,0.000000000000000000e+00,0.000000000000000000e+00,0.000000000000000000e+00,0.000000000000000000e+00,0.000000000000000000e+00,-0.000000000000000000e+00,-0.000000000000000000e+00,-0.000000000000000000e+00,-0.000000000000000000e+00,-0.000000000000000000e+00,-0.000000000000000000e+00,-0.000000000000000000e+00,-0.000000000000000000e+00,-0.000000000000000000e+00,0.000000000000000000e+00,0.000000000000000000e+00,0.000000000000000000e+00,0.000000000000000000e+00,0.000000000000000000e+00,0.000000000000000000e+00,0.000000000000000000e+00,0.000000000000000000e+00,0.000000000000000000e+00,-0.000000000000000000e+00,-0.000000000000000000e+00,-0.000000000000000000e+00,-0.000000000000000000e+00,-0.000000000000000000e+00,-0.000000000000000000e+00,-0.000000000000000000e+00,-0.000000000000000000e+00,-0.000000000000000000e+00,0.000000000000000000e+00,0.000000000000000000e+00,0.000000000000000000e+00,0.000000000000000000e+00,0.000000000000000000e+00,0.000000000000000000e+00,0.000000000000000000e+00,0.000000000000000000e+00,0.000000000000000000e+00,-0.000000000000000000e+00,-0.000000000000000000e+00,-0.000000000000000000e+00,-0.000000000000000000e+00,-0.000000000000000000e+00,-0.000000000000000000e+00,-0.000000000000000000e+00,-0.000000000000000000e+00,-0.000000000000000000e+00,0.000000000000000000e+00,0.000000000000000000e+00,0.000000000000000000e+00,0.000000000000000000e+00,0.000000000000000000e+00,0.000000000000000000e+00,0.000000000000000000e+00,0.000000000000000000e+00,0.000000000000000000e+00,0.000000000000000000e+00,0.000000000000000000e+00,0.000000000000000000e+00,0.000000000000000000e+00,0.000000000000000000e+00,0.000000000000000000e+00,0.000000000000000000e+00,0.000000000000000000e+00,0.000000000000000000e+00
cmxo*c/cref,0.000000000000000000e+00,0.000000000000000000e+00,0.000000000000000000e+00,0.000000000000000000e+00,0.000000000000000000e+00,0.000000000000000000e+00,0.000000000000000000e+00,0.000000000000000000e+00,0.000000000000000000e+00,-0.000000000000000000e+00,-0.000000000000000000e+00,-0.000000000000000000e+00,-0.000000000000000000e+00,-0.000000000000000000e+00,-0.000000000000000000e+00,-0.000000000000000000e+00,-0.000000000000000000e+00,-0.000000000000000000e+00,0.000000000000000000e+00,0.000000000000000000e+00,0.000000000000000000e+00,0.000000000000000000e+00,0.000000000000000000e+00,0.000000000000000000e+00,0.000000000000000000e+00,0.000000000000000000e+00,0.000000000000000000e+00,-0.000000000000000000e+00,-0.000000000000000000e+00,-0.000000000000000000e+00,-0.000000000000000000e+00,-0.000000000000000000e+00,-0.000000000000000000e+00,-0.000000000000000000e+00,-0.000000000000000000e+00,-0.000000000000000000e+00,0.000000000000000000e+00,0.000000000000000000e+00,0.000000000000000000e+00,0.000000000000000000e+00,0.000000000000000000e+00,0.000000000000000000e+00,0.000000000000000000e+00,0.000000000000000000e+00,0.000000000000000000e+00,-0.000000000000000000e+00,-0.000000000000000000e+00,-0.000000000000000000e+00,-0.000000000000000000e+00,-0.000000000000000000e+00,-0.000000000000000000e+00,-0.000000000000000000e+00,-0.000000000000000000e+00,-0.000000000000000000e+00,0.000000000000000000e+00,0.000000000000000000e+00,0.000000000000000000e+00,0.000000000000000000e+00,0.000000000000000000e+00,0.000000000000000000e+00,0.000000000000000000e+00,0.000000000000000000e+00,0.000000000000000000e+00,0.000000000000000000e+00,0.000000000000000000e+00,0.000000000000000000e+00,0.000000000000000000e+00,0.000000000000000000e+00,0.000000000000000000e+00,0.000000000000000000e+00,0.000000000000000000e+00,0.000000000000000000e+00
cmy,-1.590000000000000024e-01,-2.812000000000000055e-01,-4.109700000000000020e-01,-5.416199999999999903e-01,-7.129900000000000126e-01,-8.592699999999999783e-01,-9.907799999999999940e-01,-1.147100000000000009e+00,-1.157159999999999966e+00,-1.590000000000000024e-01,-2.812000000000000055e-01,-4.109700000000000020e-01,-5.416199999999999903e-01,-7.129900000000000126e-01,-8.592699999999999783e-01,-9.907799999999999940e-01,-1.147100000000000009e+00,-1.157159999999999966e+00,-3.593000000000000083e-01,-9.142799999999999816e-01,-1.214920000000000000e+00,-1.463100000000000067e+00,-1.834929999999999950e+00,-1.959899999999999975e+00,-2.013980000000000103e+00,-2.278480000000000061e+00,-2.471929999999999961e+00,-3.593000000000000083e-01,-9.142799999999999816e-01,-1.214920000000000000e+00,-1.463100000000000067e+00,-1.834929999999999950e+00,-1.959899999999999975e+00,-2.013980000000000103e+00,-2.278480000000000061e+00,-2.471929999999999961e+00,3.209000000000000047e-02,2.101000000000000090e-02,2.245000000000000120e-02,2.451000000000000054e-02,2.847999999999999837e-02,2.980999999999999969e-02,3.509000000000000313e-02,2.615999999999999923e-02,1.210999999999999924e-02,3.209000000000000047e-02,2.101000000000000090e-02,2.245000000000000120e-02,2.451000000000000054e-02,2.847999999999999837e-02,2.980999999999999969e-02,3.509000000000000313e-02,2.615999999999999923e-02,1.210999999999999924e-02,-1.055999999999999994e-02,7.179999999999999750e-03,1.165000000000000063e-02,1.527000000000000059e-02,1.799999999999999864e-02,2.001999999999999960e-02,2.105999999999999886e-02,2.143000000000000113e-02,2.861999999999999961e-02,-1.055999999999999994e-02,7.179999999999999750e-03,1.165000000000000063e-02,1.527000000000000059e-02,1.799999999999999864e-02,2.001999999999999960e-02,2.105999999999999886e-02,2.143000000000000113e-02,2.861999999999999961e-02
cmy*c/cref,-1.790346989864452232e-01,-2.940274106728538173e-01,-3.966801480278421832e-01,-4.792473873733056888e-01,-5.735668907497862845e-01,-6.221675125045792454e-01,-6.377421827573573898e-01,-6.461490050677739516e-01,-5.587942455489071092e-01,-1.790346989864452232e-01,-2.940274106728538173e-01,-3.966801480278421832e-01,-4.792473873733056888e-01,-5.735668907497862845e-01,-6.221675125045792454e-01,-6.377421827573573898e-01,-6.461490050677739516e-01,-5.587942455489071092e-01,-1.879302657223104189e-01,-4.417510900232018423e-01,-5.385631018683599835e-01,-5.902346221150323036e-01,-6.670639406520941783e-01,-6.343396208938819614e-01,-5.715310761020881980e-01,-5.557318171693735875e-01,-5.043413365978751672e-01,-1.879302657223104189e-01,-4.417510900232018423e-01,-5.385631018683599835e-01,-5.902346221150323036e-01,-6.670639406520941783e-01,-6.343396208938819614e-01,-5.715310761020881980e-01,-5.557318171693735875e-01,-5.043413365978751672e-01,2.869043501037977714e-02,1.707024656856758957e-02,1.640875955550128579e-02,1.591490359628770432e-02,1.616932958847234342e-02,1.449254157406276722e-02,1.419685951886677511e-02,8.449801392111367521e-03,2.923657748198803339e-03,2.869043501037977714e-02,1.707024656856758957e-02,1.640875955550128579e-02,1.591490359628770432e-02,1.616932958847234342e-02,1.449254157406276722e-02,1.419685951886677511e-02,8.449801392111367521e-03,2.923657748198803339e-03,-5.683792013676883421e-03,3.702566161924532393e-03,5.744820002442301010e-03,7.185412339724019277e-03,8.063951642447183751e-03,8.517252179753328004e-03,8.484590255220417904e-03,8.150204005373062541e-03,1.023901556966662525e-02,-5.683792013676883421e-03,3.702566161924532393e-03,5.744820002442301010e-03,7.185412339724019277e-03,8.063951642447183751e-03,8.517252179753328004e-03,8.484590255220417904e-03,8.150204005373062541e-03,1.023901556966662525e-02
cmyi,-1.593900000000000039e-01,-2.815799999999999970e-01,-4.113299999999999734e-01,-5.419599999999999973e-01,-7.133099999999999996e-01,-8.595500000000000362e-01,-9.910099999999999465e-01,-1.147270000000000012e+00,-1.157229999999999981e+00,-1.593900000000000039e-01,-2.815799999999999970e-01,-4.113299999999999734e-01,-5.419599999999999973e-01,-7.133099999999999996e-01,-8.595500000000000362e-01,-9.910099999999999465e-01,-1.147270000000000012e+00,-1.157229999999999981e+00,-3.593000000000000083e-01,-9.142799999999999816e-01,-1.214920000000000000e+00,-1.463100000000000067e+00,-1.834929999999999950e+00,-1.959899999999999975e+00,-2.013980000000000103e+00,-2.278480000000000061e+00,-2.471929999999999961e+00,-3.593000000000000083e-01,-9.142799999999999816e-01,-1.214920000000000000e+00,-1.463100000000000067e+00,-1.834929999999999950e+00,-1.959899999999999975e+00,-2.013980000000000103e+00,-2.278480000000000061e+00,-2.471929999999999961e+00,3.114000000000000101e-02,1.953999999999999834e-02,2.035000000000000003e-02,2.156999999999999890e-02,2.445999999999999910e-02,2.429999999999999868e-02,2.741000000000000034e-02,1.510000000000000057e-02,-4.870000000000000197e-03,3.114000000000000101e-02,1.953999999999999834e-02,2.035000000000000003e-02,2.156999999999999890e-02,2.445999999999999910e-02,2.429999999999999868e-02,2.741000000000000034e-02,1.510000000000000057e-02,-4.870000000000000197e-03,-9.480000000000000579e-03,8.500000000000000611e-03,1.324000000000000003e-02,1.716000000000000164e-02,2.020999999999999880e-02,2.259999999999999856e-02,2.404999999999999846e-02,2.488999999999999893e-02,3.261000000000000010e-02,-9.480000000000000579e-03,8.500000000000000611e-03,1.324000000000000003e-02,1.716000000000000164e-02,2.020999999999999880e-02,2.259999999999999856e-02,2.404999999999999846e-02,2.488999999999999893e-02,3.261000000000000010e-02
cmyi*c/cref,-1.794738407009403014e-01,-2.944247450116009301e-01,-3.970276304554890001e-01,-4.795482331908658136e-01,-5.738243156856759342e-01,-6.223702507632189462e-01,-6.378902284405909562e-01,-6.462447642264013137e-01,-5.588280486506288502e-01,-1.794738407009403014e-01,-2.944247450116009301e-01,-3.970276304554890001e-01,-4.795482331908658136e-01,-5.738243156856759342e-01,-6.223702507632189462e-01,-6.378902284405909562e-01,-6.462447642264013137e-01,-5.588280486506288502e-01,-1.879302657223104189e-01,-4.417510900232018423e-01,-5.385631018683599835e-01,-5.902346221150323036e-01,-6.670639406520941783e-01,-6.343396208938819614e-01,-5.715310761020881980e-01,-5.557318171693735875e-01,-5.043413365978751672e-01,-1.879302657223104189e-01,-4.417510900232018423e-01,-5.385631018683599835e-01,-5.902346221150323036e-01,-6.670639406520941783e-01,-6.343396208938819614e-01,-5.715310761020881980e-01,-5.557318171693735875e-01,-5.043413365978751672e-01,2.784107654170228305e-02,1.587589804615947842e-02,1.487386445231408082e-02,1.400589435217975375e-02,1.388700146538038999e-02,1.181377927707900725e-02,1.108965287580901231e-02,4.877370069605568501e-03,-1.175740151422640257e-03,2.784107654170228305e-02,1.587589804615947842e-02,1.487386445231408082e-02,1.400589435217975375e-02,1.388700146538038999e-02,1.181377927707900725e-02,1.108965287580901231e-02,4.877370069605568501e-03,-1.175740151422640257e-03,-5.102495103187202133e-03,4.383260776651605808e-03,6.528876981316400832e-03,8.074765929905971043e-03,9.054025705214310826e-03,9.614880083038221392e-03,9.689192575406031099e-03,9.466102552204175291e-03,1.166646742581511735e-02,-5.102495103187202133e-03,4.383260776651605808e-03,6.528876981316400832e-03,8.074765929905971043e-03,9.054025705214310826e-03,9.614880083038221392e-03,9.689192575406031099e-03,9.466102552204175291e-03,1.166646742581511735e-02
cmyo,3.899999999999999929e-04,3.800000000000000209e-04,3.600000000000000227e-04,3.400000000000000244e-04,3.099999999999999999e-04,2.799999999999999755e-04,2.300000000000000070e-04,1.700000000000000122e-04,6.999999999999999387e-05,3.899999999999999929e-04,3.800000000000000209e-04,3.600000000000000227e-04,3.400000000000000244e-04,3.099999999999999999e-04,2.799999999999999755e-04,2.300000000000000070e-04,1.700000000000000122e-04,6.999999999999999387e-05,0.000000000000000000e+00,0.000000000000000000e+00,0.000000000000000000e+00,0.000000000000000000e+00,0.000000000000000000e+00,0.000000000000000000e+00,0.000000000000000000e+00,0.000000000000000000e+00,0.000000000000000000e+00,0.000000000000000000e+00,0.000000000000000000e+00,0.000000000000000000e+00,0.000000000000000000e+00,0.000000000000000000e+00,0.000000000000000000e+00,0.000000000000000000e+00,0.000000000000000000e+00,0.000000000000000000e+00,9.499999999999999981e-04,1.459999999999999926e-03,2.109999999999999896e-03,2.929999999999999879e-03,4.020000000000000136e-03,5.519999999999999733e-03,7.680000000000000195e-03,1.106000000000000039e-02,1.697999999999999857e-02,9.499999999999999981e-04,1.459999999999999926e-03,2.109999999999999896e-03,2.929999999999999879e-03,4.020000000000000136e-03,5.519999999999999733e-03,7.680000000000000195e-03,1.106000000000000039e-02,1.697999999999999857e-02,-1.080000000000000014e-03,-1.319999999999999993e-03,-1.590000000000000050e-03,-1.879999999999999944e-03,-2.210000000000000159e-03,-2.579999999999999828e-03,-2.990000000000000036e-03,-3.459999999999999968e-03,-3.989999999999999623e-03,-1.080000000000000014e-03,-1.319999999999999993e-03,-1.590000000000000050e-03,-1.879999999999999944e-03,-2.210000000000000159e-03,-2.579999999999999828e-03,-2.990000000000000036e-03,-3.459999999999999968e-03,-3.989999999999999623e-03
cmyo*c/cref,4.391417144950543103e-04,3.973343387470997619e-04,3.474824276468433163e-04,3.008458175601417075e-04,2.493804066430577691e-04,2.027382586396385107e-04,1.480456832336060537e-04,9.575915862742704644e-05,3.380310172182195291e-05,4.391417144950543103e-04,3.973343387470997619e-04,3.474824276468433163e-04,3.008458175601417075e-04,2.493804066430577691e-04,2.027382586396385107e-04,1.480456832336060537e-04,9.575915862742704644e-05,3.380310172182195291e-05,0.000000000000000000e+00,0.000000000000000000e+00,0.000000000000000000e+00,0.000000000000000000e+00,0.000000000000000000e+00,0.000000000000000000e+00,0.000000000000000000e+00,0.000000000000000000e+00,0.000000000000000000e+00,0.000000000000000000e+00,0.000000000000000000e+00,0.000000000000000000e+00,0.000000000000000000e+00,0.000000000000000000e+00,0.000000000000000000e+00,0.000000000000000000e+00,0.000000000000000000e+00,0.000000000000000000e+00,8.493584686774940939e-04,1.186223702527781096e-03,1.542204127488093794e-03,1.902516015386494092e-03,2.282328123091952998e-03,2.683623934546342654e-03,3.107206643057760630e-03,3.572431322505800321e-03,4.099397899621442729e-03,8.493584686774940939e-04,1.186223702527781096e-03,1.542204127488093794e-03,1.902516015386494092e-03,2.282328123091952998e-03,2.683623934546342654e-03,3.107206643057760630e-03,3.572431322505800321e-03,4.099397899621442729e-03,-5.812969104896812886e-04,-6.806946147270728732e-04,-7.840569788740994967e-04,-8.846480156307240687e-04,-9.900740627671266413e-04,-1.097627903284894256e-03,-1.204602320185614930e-03,-1.315898546831114919e-03,-1.427451856148491665e-03,-5.812969104896812886e-04,-6.806946147270728732e-04,-7.840569788740994967e-04,-8.846480156307240687e-04,-9.900740627671266413e-04,-1.097627903284894256e-03,-1.204602320185614930e-03,-1.315898546831114919e-03,-1.427451856148491665e-03
cmz,1.229000000000000058e-02,2.225999999999999854e-02,3.275000000000000133e-02,4.311999999999999861e-02,5.680000000000000326e-02,6.798999999999999488e-02,7.746999999999999720e-02,8.848999999999999921e-02,8.591999999999999638e-02,-1.229000000000000058e-02,-2.225999999999999854e-02,-3.275000000000000133e-02,-4.311999999999999861e-02,-5.680000000000000326e-02,-6.798999999999999488e-02,-7.746999999999999720e-02,-8.848999999999999921e-02,-8.591999999999999638e-02,-3.320000000000000034e-03,-4.400000000000000265e-03,-5.700000000000000205e-03,-7.280000000000000013e-03,-9.270000000000000462e-03,-1.171999999999999952e-02,-1.490999999999999964e-02,-1.930000000000000118e-02,-2.552000000000000102e-02,3.320000000000000034e-03,4.400000000000000265e-03,5.700000000000000205e-03,7.280000000000000013e-03,9.270000000000000462e-03,1.171999999999999952e-02,1.490999999999999964e-02,1.930000000000000118e-02,2.552000000000000102e-02,2.200999999999999901e-01,1.373300000000000076e-01,1.427599999999999980e-01,1.511399999999999966e-01,1.711699999999999888e-01,1.693900000000000128e-01,1.906100000000000017e-01,1.015899999999999997e-01,-4.300999999999999962e-02,-2.200999999999999901e-01,-1.373300000000000076e-01,-1.427599999999999980e-01,-1.511399999999999966e-01,-1.711699999999999888e-01,-1.693900000000000128e-01,-1.906100000000000017e-01,-1.015899999999999997e-01,4.300999999999999962e-02,4.202999999999999792e-02,-4.274000000000000021e-02,-6.519999999999999407e-02,-8.383999999999999786e-02,-9.841999999999999360e-02,-1.099299999999999999e-01,-1.170400000000000051e-01,-1.213199999999999973e-01,-1.579800000000000093e-01,-4.202999999999999792e-02,4.274000000000000021e-02,6.519999999999999407e-02,8.383999999999999786e-02,9.841999999999999360e-02,1.099299999999999999e-01,1.170400000000000051e-01,1.213199999999999973e-01,1.579800000000000093e-01
cmz*c/cref,1.383859402857491767e-02,2.327542731713273805e-02,3.161124862620588727e-02,3.815432839174502655e-02,4.569292612040542351e-02,4.922919358896079428e-02,4.986564817438026570e-02,4.984545851141775757e-02,4.149089285627060447e-02,-1.383859402857491767e-02,-2.327542731713273805e-02,-3.161124862620588727e-02,-3.815432839174502655e-02,-4.569292612040542351e-02,-4.922919358896079428e-02,-4.986564817438026570e-02,-4.984545851141775757e-02,-4.149089285627060447e-02,-1.736511222371473926e-03,-2.125940407864208327e-03,-2.526758700696055907e-03,-2.936851923311759385e-03,-3.369982903895469423e-03,-3.793285553791671347e-03,-4.231188167053364507e-03,-4.707359323482721014e-03,-5.206778068140187517e-03,1.736511222371473926e-03,2.125940407864208327e-03,2.526758700696055907e-03,2.936851923311759385e-03,3.369982903895469423e-03,3.793285553791671347e-03,4.231188167053364507e-03,4.707359323482721014e-03,5.206778068140187517e-03,1.967829462693857223e-01,1.115781514165343768e-01,1.043436309195261980e-01,9.813865889608011650e-02,9.718062309195261983e-02,8.235127867260960688e-02,7.711779404078641931e-02,3.281404141531322344e-02,-1.038369279521309148e-02,-1.967829462693857223e-01,-1.115781514165343768e-01,-1.043436309195261980e-01,-9.813865889608011650e-02,-9.718062309195261983e-02,-8.235127867260960688e-02,-7.711779404078641931e-02,-3.281404141531322344e-02,1.038369279521309148e-02,2.262213809989009269e-02,-2.204006654048113259e-02,-3.215126730980583797e-02,-3.945153703748931207e-02,-4.409189559164732736e-02,-4.676830829771645021e-02,-4.715272761020881942e-02,-4.614011898888752822e-02,-5.651850732690193863e-02,-2.262213809989009269e-02,2.204006654048113259e-02,3.215126730980583797e-02,3.945153703748931207e-02,4.409189559164732736e-02,4.676830829771645021e-02,4.715272761020881942e-02,4.614011898888752822e-02,5.651850732690193863e-02
cmzi,1.393999999999999927e-02,2.462999999999999912e-02,3.599000000000000116e-02,4.741999999999999688e-02,6.241000000000000020e-02,7.520000000000000295e-02,8.669999999999999929e-02,1.003700000000000009e-01,1.012399999999999967e-01,-1.393999999999999927e-02,-2.462999999999999912e-02,-3.599000000000000116e-02,-4.741999999999999688e-02,-6.241000000000000020e-02,-7.520000000000000295e-02,-8.669999999999999929e-02,-1.003700000000000009e-01,-1.012399999999999967e-01,0.000000000000000000e+00,0.000000000000000000e+00,0.000000000000000000e+00,0.000000000000000000e+00,0.000000000000000000e+00,0.000000000000000000e+00,0.000000000000000000e+00,0.000000000000000000e+00,0.000000000000000000e+00,-0.000000000000000000e+00,-0.000000000000000000e+00,-0.000000000000000000e+00,-0.000000000000000000e+00,-0.000000000000000000e+00,-0.000000000000000000e+00,-0.000000000000000000e+00,-0.000000000000000000e+00,-0.000000000000000000e+00,2.215999999999999914e-01,1.390599999999999892e-01,1.447700000000000098e-01,1.535100000000000076e-01,1.740099999999999980e-01,1.728800000000000059e-01,1.950199999999999989e-01,1.074399999999999938e-01,-3.463999999999999718e-02,-2.215999999999999914e-01,-1.390599999999999892e-01,-1.447700000000000098e-01,-1.535100000000000076e-01,-1.740099999999999980e-01,-1.728800000000000059e-01,-1.950199999999999989e-01,-1.074399999999999938e-01,3.463999999999999718e-02,4.460000000000000075e-02,-4.000000000000000083e-02,-6.228000000000000203e-02,-8.072000000000000008e-02,-9.507000000000000173e-02,-1.063199999999999978e-01,-1.131599999999999967e-01,-1.171200000000000019e-01,-1.534200000000000008e-01,-4.460000000000000075e-02,4.000000000000000083e-02,6.228000000000000203e-02,8.072000000000000008e-02,9.507000000000000173e-02,1.063199999999999978e-01,1.131599999999999967e-01,1.171200000000000019e-01,1.534200000000000008e-01
cmzi*c/cref,1.569650128220783855e-02,2.575353885089754283e-02,3.473859047502747543e-02,4.195914314324093036e-02,5.020590702772011193e-02,5.444970374893149528e-02,5.580678581023323925e-02,5.653733383196972440e-02,4.888894311881792493e-02,-1.569650128220783855e-02,-2.575353885089754283e-02,-3.473859047502747543e-02,-4.195914314324093036e-02,-5.020590702772011193e-02,-5.444970374893149528e-02,-5.580678581023323925e-02,-5.653733383196972440e-02,-4.888894311881792493e-02,0.000000000000000000e+00,0.000000000000000000e+00,0.000000000000000000e+00,0.000000000000000000e+00,0.000000000000000000e+00,0.000000000000000000e+00,0.000000000000000000e+00,0.000000000000000000e+00,0.000000000000000000e+00,-0.000000000000000000e+00,-0.000000000000000000e+00,-0.000000000000000000e+00,-0.000000000000000000e+00,-0.000000000000000000e+00,-0.000000000000000000e+00,-0.000000000000000000e+00,-0.000000000000000000e+00,-0.000000000000000000e+00,1.981240385883502042e-01,1.129837452558309779e-01,1.058127448040053903e-01,9.967755410306509967e-02,9.879301410428624475e-02,8.404799018195140137e-02,7.890201035535474028e-02,3.470361856148491270e-02,-8.362964855293685343e-03,-1.981240385883502042e-01,-1.129837452558309779e-01,-1.058127448040053903e-01,-9.967755410306509967e-02,-9.879301410428624475e-02,-8.404799018195140137e-02,-7.890201035535474028e-02,-3.470361856148491270e-02,8.362964855293685343e-03,2.400540945170350285e-02,-2.062710953718402407e-02,-3.071136392721944552e-02,-3.798339777750640855e-02,-4.259110459152521538e-02,-4.523248010746123288e-02,-4.558956473317865576e-02,-4.454278549273415350e-02,-5.488713377701794766e-02,-2.400540945170350285e-02,2.062710953718402407e-02,3.071136392721944552e-02,3.798339777750640855e-02,4.259110459152521538e-02,4.523248010746123288e-02,4.558956473317865576e-02,4.454278549273415350e-02,5.488713377701794766e-02
cmzo,-1.649999999999999991e-03,-2.370000000000000145e-03,-3.239999999999999825e-03,-4.290000000000000410e-03,-5.599999999999999943e-03,-7.210000000000000263e-03,-9.230000000000000357e-03,-1.187999999999999994e-02,-1.532000000000000028e-02,1.649999999999999991e-03,2.370000000000000145e-03,3.239999999999999825e-03,4.290000000000000410e-03,5.599999999999999943e-03,7.210000000000000263e-03,9.230000000000000357e-03,1.187999999999999994e-02,1.532000000000000028e-02,-3.320000000000000034e-03,-4.400000000000000265e-03,-5.700000000000000205e-03,-7.280000000000000013e-03,-9.270000000000000462e-03,-1.171999999999999952e-02,-1.490999999999999964e-02,-1.930000000000000118e-02,-2.552000000000000102e-02,3.320000000000000034e-03,4.400000000000000265e-03,5.700000000000000205e-03,7.280000000000000013e-03,9.270000000000000462e-03,1.171999999999999952e-02,1.490999999999999964e-02,1.930000000000000118e-02,2.552000000000000102e-02,-1.500000000000000031e-03,-1.719999999999999958e-03,-2.010000000000000068e-03,-2.370000000000000145e-03,-2.840000000000000076e-03,-3.480000000000000020e-03,-4.409999999999999858e-03,-5.850000000000000165e-03,-8.359999999999999376e-03,1.500000000000000031e-03,1.719999999999999958e-03,2.010000000000000068e-03,2.370000000000000145e-03,2.840000000000000076e-03,3.480000000000000020e-03,4.409999999999999858e-03,5.850000000000000165e-03,8.359999999999999376e-03,-2.569999999999999802e-03,-2.739999999999999814e-03,-2.919999999999999853e-03,-3.129999999999999970e-03,-3.350000000000000113e-03,-3.599999999999999901e-03,-3.880000000000000202e-03,-4.199999999999999740e-03,-4.559999999999999817e-03,2.569999999999999802e-03,2.739999999999999814e-03,2.919999999999999853e-03,3.129999999999999970e-03,3.350000000000000113e-03,3.599999999999999901e-03,3.880000000000000202e-03,4.199999999999999740e-03,4.559999999999999817e-03
cmzo*c/cref,-1.857907253632922178e-03,-2.478111533764806515e-03,-3.127341848821589467e-03,-3.795966345097081997e-03,-4.504936378068140346e-03,-5.220510159970692329e-03,-5.941137635852973553e-03,-6.691875320551960750e-03,-7.398050262547319587e-03,1.857907253632922178e-03,2.478111533764806515e-03,3.127341848821589467e-03,3.795966345097081997e-03,4.504936378068140346e-03,5.220510159970692329e-03,5.941137635852973553e-03,6.691875320551960750e-03,7.398050262547319587e-03,-1.736511222371473926e-03,-2.125940407864208327e-03,-2.526758700696055907e-03,-2.936851923311759385e-03,-3.369982903895469423e-03,-3.793285553791671347e-03,-4.231188167053364507e-03,-4.707359323482721014e-03,-5.206778068140187517e-03,1.736511222371473926e-03,2.125940407864208327e-03,2.526758700696055907e-03,2.936851923311759385e-03,3.369982903895469423e-03,3.793285553791671347e-03,4.231188167053364507e-03,4.707359323482721014e-03,5.206778068140187517e-03,-1.341092318964464325e-03,-1.397469019416289898e-03,-1.469113884479179540e-03,-1.538895206984980130e-03,-1.612391012333618413e-03,-1.691849871779216134e-03,-1.784216314568323357e-03,-1.889577146171693596e-03,-2.018313689095127626e-03,1.341092318964464325e-03,1.397469019416289898e-03,1.469113884479179540e-03,1.538895206984980130e-03,1.612391012333618413e-03,1.691849871779216134e-03,1.784216314568323357e-03,1.889577146171693596e-03,2.018313689095127626e-03,-1.383271351813407987e-03,-1.412957003297105702e-03,-1.439903382586396347e-03,-1.472844834534131099e-03,-1.500791000122115009e-03,-1.531573818537061964e-03,-1.563162877030162571e-03,-1.597333496153376456e-03,-1.631373549883990536e-03,1.383271351813407987e-03,1.412957003297105702e-03,1.439903382586396347e-03,1.472844834534131099e-03,1.500791000122115009e-03,1.531573818537061964e-03,1.563162877030162571e-03,1.597333496153376456e-03,1.631373549883990536e-03
cs,6.000000000000000125e-03,9.469999999999999252e-03,1.225000000000000047e-02,1.430000000000000021e-02,1.649000000000000118e-02,1.739999999999999880e-02,1.745000000000000023e-02,1.731999999999999859e-02,1.477999999999999974e-02,-6.000000000000000125e-03,-9.469999999999999252e-03,-1.225000000000000047e-02,-1.430000000000000021e-02,-1.649000000000000118e-02,-1.739999999999999880e-02,-1.745000000000000023e-02,-1.731999999999999859e-02,-1.477999999999999974e-02,0.000000000000000000e+00,0.000000000000000000e+00,0.000000000000000000e+00,0.000000000000000000e+00,0.000000000000000000e+00,0.000000000000000000e+00,0.000000000000000000e+00,0.000000000000000000e+00,0.000000000000000000e+00,-0.000000000000000000e+00,-0.000000000000000000e+00,-0.000000000000000000e+00,-0.000000000000000000e+00,-0.000000000000000000e+00,-0.000000000000000000e+00,-0.000000000000000000e+00,-0.000000000000000000e+00,-0.000000000000000000e+00,5.723000000000000309e-02,3.298999999999999849e-02,3.053000000000000158e-02,2.826999999999999999e-02,2.731000000000000094e-02,2.279000000000000123e-02,2.071999999999999884e-02,8.810000000000000123e-03,-2.380000000000000171e-03,-5.723000000000000309e-02,-3.298999999999999849e-02,-3.053000000000000158e-02,-2.826999999999999999e-02,-2.731000000000000094e-02,-2.279000000000000123e-02,-2.071999999999999884e-02,-8.810000000000000123e-03,2.380000000000000171e-03,6.490000000000000109e-03,-6.089999999999999927e-03,-8.949999999999999623e-03,-1.094999999999999966e-02,-1.217999999999999985e-02,-1.284000000000000072e-02,-1.285000000000000031e-02,-1.244999999999999926e-02,-1.515999999999999986e-02,-6.490000000000000109e-03,6.089999999999999927e-03,8.949999999999999623e-03,1.094999999999999966e-02,1.217999999999999985e-02,1.284000000000000072e-02,1.285000000000000031e-02,1.244999999999999926e-02,1.515999999999999986e-02
cs*c/cref,6.756026376846990290e-03,9.901989968250091145e-03,1.182405482964953014e-02,1.265322115032360521e-02,1.326542872756136457e-02,1.259873464403468007e-02,1.123216161924532955e-02,9.756168396629625802e-03,7.137283477836121708e-03,-6.756026376846990290e-03,-9.901989968250091145e-03,-1.182405482964953014e-02,-1.265322115032360521e-02,-1.326542872756136457e-02,-1.259873464403468007e-02,-1.123216161924532955e-02,-9.756168396629625802e-03,-7.137283477836121708e-03,0.000000000000000000e+00,0.000000000000000000e+00,0.000000000000000000e+00,0.000000000000000000e+00,0.000000000000000000e+00,0.000000000000000000e+00,0.000000000000000000e+00,0.000000000000000000e+00,0.000000000000000000e+00,-0.000000000000000000e+00,-0.000000000000000000e+00,-0.000000000000000000e+00,-0.000000000000000000e+00,-0.000000000000000000e+00,-0.000000000000000000e+00,-0.000000000000000000e+00,-0.000000000000000000e+00,-0.000000000000000000e+00,5.116714227622420202e-02,2.680378078519965457e-02,2.231445119062156965e-02,1.835635759555501526e-02,1.550506991085602929e-02,1.107967200512883187e-02,8.382984589082915702e-03,2.845670881670533253e-03,-5.745916961777994920e-04,-5.116714227622420202e-02,-2.680378078519965457e-02,-2.231445119062156965e-02,-1.835635759555501526e-02,-1.550506991085602929e-02,-1.107967200512883187e-02,-8.382984589082915702e-03,-2.845670881670533253e-03,5.745916961777994920e-04,3.493163841738917801e-03,-3.140477427036267918e-03,-4.413402491146660098e-03,-5.152604133593845052e-03,-5.456607278055928580e-03,-5.462613286115521744e-03,-5.176969837587006712e-03,-4.734952863597508346e-03,-5.423601538649407312e-03,-3.493163841738917801e-03,3.140477427036267918e-03,4.413402491146660098e-03,5.152604133593845052e-03,5.456607278055928580e-03,5.462613286115521744e-03,5.176969837587006712e-03,4.734952863597508346e-03,5.423601538649407312e-03
csi,6.000000000000000125e-03,9.469999999999999252e-03,1.225000000000000047e-02,1.430000000000000021e-02,1.649000000000000118e-02,1.739999999999999880e-02,1.745000000000000023e-02,1.731999999999999859e-02,1.477999999999999974e-02,-6.000000000000000125e-03,-9.469999999999999252e-03,-1.225000000000000047e-02,-1.430000000000000021e-02,-1.649000000000000118e-02,-1.739999999999999880e-02,-1.745000000000000023e-02,-1.731999999999999859e-02,-1.477999999999999974e-02,0.000000000000000000e+00,0.000000000000000000e+00,0.000000000000000000e+00,0.000000000000000000e+00,0.000000000000000000e+00,0.000000000000000000e+00,0.000000000000000000e+00,0.000000000000000000e+00,0.000000000000000000e+00,-0.000000000000000000e+00,-0.000000000000000000e+00,-0.000000000000000000e+00,-0.000000000000000000e+00,-0.000000000000000000e+00,-0.000000000000000000e+00,-0.000000000000000000e+00,-0.000000000000000000e+00,-0.000000000000000000e+00,5.723000000000000309e-02,3.298999999999999849e-02,3.053000000000000158e-02,2.826999999999999999e-02,2.731000000000000094e-02,2.279000000000000123e-02,2.071999999999999884e-02,8.810000000000000123e-03,-2.380000000000000171e-03,-5.723000000000000309e-02,-3.298999999999999849e-02,-3.053000000000000158e-02,-2.826999999999999999e-02,-2.731000000000000094e-02,-2.279000000000000123e-02,-2.071999999999999884e-02,-8.810000000000000123e-03,2.380000000000000171e-03,6.490000000000000109e-03,-6.089999999999999927e-03,-8.949999999999999623e-03,-1.094999999999999966e-02,-1.217999999999999985e-02,-1.284000000000000072e-02,-1.285000000000000031e-02,-1.244999999999999926e-02,-1.515999999999999986e-02,-6.490000000000000109e-03,6.089999999999999927e-03,8.949999999999999623e-03,1.094999999999999966e-02,1.217999999999999985e-02,1.284000000000000072e-02,1.285000000000000031e-02,1.244999999999999926e-02,1.515999999999999986e-02
csi*c/cref,6.756026376846990290e-03,9.901989968250091145e-03,1.182405482964953014e-02,1.265322115032360521e-02,1.326542872756136457e-02,1.259873464403468007e-02,1.123216161924532955e-02,9.756168396629625802e-03,7.137283477836121708e-03,-6.756026376846990290e-03,-9.901989968250091145e-03,-1.182405482964953014e-02,-1.265322115032360521e-02,-1.326542872756136457e-02,-1.259873464403468007e-02,-1.123216161924532955e-02,-9.756168396629625802e-03,-7.137283477836121708e-03,0.000000000000000000e+00,0.000000000000000000e+00,0.000000000000000000e+00,0.000000000000000000e+00,0.000000000000000000e+00,0.000000000000000000e+00,0.000000000000000000e+00,0.000000000000000000e+00,0.000000000000000000e+00,-0.000000000000000000e+00,-0.000000000000000000e+00,-0.000000000000000000e+00,-0.000000000000000000e+00,-0.000000000000000000e+00,-0.000000000000000000e+00,-0.000000000000000000e+00,-0.000000000000000000e+00,-0.000000000000000000e+00,5.116714227622420202e-02,2.680378078519965457e-02,2.231445119062156965e-02,1.835635759555501526e-02,1.550506991085602929e-02,1.107967200512883187e-02,8.382984589082915702e-03,2.845670881670533253e-03,-5.745916961777994920e-04,-5.116714227622420202e-02,-2.680378078519965457e-02,-2.231445119062156965e-02,-1.835635759555501526e-02,-1.550506991085602929e-02,-1.107967200512883187e-02,-8.382984589082915702e-03,-2.845670881670533253e-03,5.745916961777994920e-04,3.493163841738917801e-03,-3.140477427036267918e-03,-4.413402491146660098e-03,-5.152604133593845052e-03,-5.456607278055928580e-03,-5.462613286115521744e-03,-5.176969837587006712e-03,-4.734952863597508346e-03,-5.423601538649407312e-03,-3.493163841738917801e-03,3.140477427036267918e-03,4.413402491146660098e-03,5.152604133593845052e-03,5.456607278055928580e-03,5.462613286115521744e-03,5.176969837587006712e-03,4.734952863597508346e-03,5.423601538649407312e-03
cso,0.000000000000000000e+00,0.000000000000000000e+00,0.000000000000000000e+00,0.000000000000000000e+00,0.000000000000000000e+00,0.000000000000000000e+00,0.000000000000000000e+00,0.000000000000000000e+00,0.000000000000000000e+00,0.000000000000000000e+00,0.000000000000000000e+00,0.000000000000000000e+00,0.000000000000000000e+00,0.000000000000000000e+00,0.000000000000000000e+00,0.000000000000000000e+00,0.000000000000000000e+00,0.000000000000000000e+00,0.000000000000000000e+00,0.000000000000000000e+00,0.000000000000000000e+00,0.000000000000000000e+00,0.000000000000000000e+00,0.000000000000000000e+00,0.000000000000000000e+00,0.000000000000000000e+00,0.000000000000000000e+00,0.000000000000000000e+00,0.000000000000000000e+00,0.000000000000000000e+00,0.000000000000000000e+00,0.000000000000000000e+00,0.000000000000000000e+00,0.000000000000000000e+00,0.000000000000000000e+00,0.000000000000000000e+00,0.000000000000000000e+00,0.000000000000000000e+00,0.000000000000000000e+00,0.000000000000000000e+00,0.000000000000000000e+00,0.000000000000000000e+00,0.000000000000000000e+00,0.000000000000000000e+00,0.000000000000000000e+00,0.000000000000000000e+00,0.000000000000000000e+00,0.000000000000000000e+00,0.000000000000000000e+00,0.000000000000000000e+00,0.000000000000000000e+00,0.000000000000000000e+00,0.000000000000000000e+00,0.000000000000000000e+00,0.000000000000000000e+00,0.000000000000000000e+00,0.000000000000000000e+00,0.000000000000000000e+00,0.000000000000000000e+00,0.000000000000000000e+00,0.000000000000000000e+00,0.000000000000000000e+00,0.000000000000000000e+00,0.000000000000000000e+00,0.000000000000000000e+00,0.000000000000000000e+00,0.000000000000000000e+00,0.000000000000000000e+00,0.000000000000000000e+00,0.000000000000000000e+00,0.000000000000000000e+00,0.000000000000000000e+00
cso*c/cref,0.000000000000000000e+00,0.000000000000000000e+00,0.000000000000000000e+00,0.000000000000000000e+00,0.000000000000000000e+00,0.000000000000000000e+00,0.000000000000000000e+00,0.000000000000000000e+00,0.000000000000000000e+00,0.000000000000000000e+00,0.000000000000000000e+00,0.000000000000000000e+00,0.000000000000000000e+00,0.000000000000000000e+00,0.000000000000000000e+00,0.000000000000000000e+00,0.000000000000000000e+00,0.000000000000000000e+00,0.000000000000000000e+00,0.000000000000000000e+00,0.000000000000000000e+00,0.000000000000000000e+00,0.000000000000000000e+00,0.000000000000000000e+00,0.000000000000000000e+00,0.000000000000000000e+00,0.000000000000000000e+00,0.000000000000000000e+00,0.000000000000000000e+00,0.000000000000000000e+00,0.000000000000000000e+00,0.000000000000000000e+00,0.000000000000000000e+00,0.000000000000000000e+00,0.000000000000000000e+00,0.000000000000000000e+00,0.000000000000000000e+00,0.000000000000000000e+00,0.000000000000000000e+00,0.000000000000000000e+00,0.000000000000000000e+00,0.000000000000000000e+00,0.000000000000000000e+00,0.000000000000000000e+00,0.000000000000000000e+00,0.000000000000000000e+00,0.000000000000000000e+00,0.000000000000000000e+00,0.000000000000000000e+00,0.000000000000000000e+00,0.000000000000000000e+00,0.000000000000000000e+00,0.000000000000000000e+00,0.000000000000000000e+00,0.000000000000000000e+00,0.000000000000000000e+00,0.000000000000000000e+00,0.000000000000000000e+00,0.000000000000000000e+00,0.000000000000000000e+00,0.000000000000000000e+00,0.000000000000000000e+00,0.000000000000000000e+00,0.000000000000000000e+00,0.000000000000000000e+00,0.000000000000000000e+00,0.000000000000000000e+00,0.000000000000000000e+00,0.000000000000000000e+00,0.000000000000000000e+00,0.000000000000000000e+00,0.000000000000000000e+00
cx,5.139999999999999604e-03,5.219999999999999814e-03,5.320000000000000076e-03,5.429999999999999931e-03,5.539999999999999786e-03,5.640000000000000048e-03,5.720000000000000258e-03,5.810000000000000060e-03,5.850000000000000165e-03,5.139999999999999604e-03,5.219999999999999814e-03,5.320000000000000076e-03,5.429999999999999931e-03,5.539999999999999786e-03,5.640000000000000048e-03,5.720000000000000258e-03,5.810000000000000060e-03,5.850000000000000165e-03,5.660000000000000100e-03,5.760000000000000363e-03,5.850000000000000165e-03,5.939999999999999968e-03,6.049999999999999822e-03,6.119999999999999572e-03,6.199999999999999782e-03,6.320000000000000097e-03,6.450000000000000004e-03,5.660000000000000100e-03,5.760000000000000363e-03,5.850000000000000165e-03,5.939999999999999968e-03,6.049999999999999822e-03,6.119999999999999572e-03,6.199999999999999782e-03,6.320000000000000097e-03,6.450000000000000004e-03,5.250000000000000326e-03,5.320000000000000076e-03,5.389999999999999826e-03,5.470000000000000036e-03,5.570000000000000298e-03,5.680000000000000153e-03,5.810000000000000060e-03,5.980000000000000072e-03,6.219999999999999835e-03,5.250000000000000326e-03,5.320000000000000076e-03,5.389999999999999826e-03,5.470000000000000036e-03,5.570000000000000298e-03,5.680000000000000153e-03,5.810000000000000060e-03,5.980000000000000072e-03,6.219999999999999835e-03,5.599999999999999943e-03,5.629999999999999588e-03,5.660000000000000100e-03,5.700000000000000205e-03,5.729999999999999850e-03,5.769999999999999955e-03,5.810000000000000060e-03,5.859999999999999758e-03,5.899999999999999863e-03,5.599999999999999943e-03,5.629999999999999588e-03,5.660000000000000100e-03,5.700000000000000205e-03,5.729999999999999850e-03,5.769999999999999955e-03,5.810000000000000060e-03,5.859999999999999758e-03,5.899999999999999863e-03
cx*c/cref,5.787662596165587224e-03,5.458119074368054241e-03,5.135018097447795367e-03,4.804684674563438999e-03,4.456669202588838842e-03,4.083727781169861973e-03,3.681831774331420157e-03,3.272710068384418643e-03,2.824973501037977754e-03,5.787662596165587224e-03,5.458119074368054241e-03,5.135018097447795367e-03,4.804684674563438999e-03,4.456669202588838842e-03,4.083727781169861973e-03,3.681831774331420157e-03,3.272710068384418643e-03,2.824973501037977754e-03,2.960437806814018597e-03,2.783049261204054593e-03,2.593252350714372791e-03,2.396277530834045599e-03,2.199395530589815396e-03,1.980794162901452875e-03,1.759447795823666002e-03,1.541477249969471202e-03,1.315976431798754256e-03,2.960437806814018597e-03,2.783049261204054593e-03,2.593252350714372791e-03,2.396277530834045599e-03,2.199395530589815396e-03,1.980794162901452875e-03,1.759447795823666002e-03,1.541477249969471202e-03,1.315976431798754256e-03,4.693823116375625895e-03,4.322404176334106347e-03,3.939564098180485877e-03,3.551796110636219663e-03,3.162330260105019209e-03,2.761410135547686089e-03,2.350634192209061051e-03,1.931567749419953531e-03,1.501664012699963253e-03,4.693823116375625895e-03,4.322404176334106347e-03,3.939564098180485877e-03,3.551796110636219663e-03,3.162330260105019209e-03,2.761410135547686089e-03,2.350634192209061051e-03,1.931567749419953531e-03,1.501664012699963253e-03,3.014132128465013896e-03,2.903265667358651339e-03,2.791045597753083821e-03,2.682177494199535894e-03,2.567024606179020389e-03,2.454772481377457891e-03,2.340715545243619508e-03,2.228660544633044322e-03,2.110768408841128332e-03,3.014132128465013896e-03,2.903265667358651339e-03,2.791045597753083821e-03,2.682177494199535894e-03,2.567024606179020389e-03,2.454772481377457891e-03,2.340715545243619508e-03,2.228660544633044322e-03,2.110768408841128332e-03
cxi,0.000000000000000000e+00,-0.000000000000000000e+00,-0.000000000000000000e+00,0.000000000000000000e+00,0.000000000000000000e+00,0.000000000000000000e+00,0.000000000000000000e+00,0.000000000000000000e+00,0.000000000000000000e+00,0.000000000000000000e+00,-0.000000000000000000e+00,-0.000000000000000000e+00,0.000000000000000000e+00,0.000000000000000000e+00,0.000000000000000000e+00,0.000000000000000000e+00,0.000000000000000000e+00,0.000000000000000000e+00,0.000000000000000000e+00,0.000000000000000000e+00,-0.000000000000000000e+00,-0.000000000000000000e+00,-0.000000000000000000e+00,-0.000000000000000000e+00,-0.000000000000000000e+00,-0.000000000000000000e+00,-0.000000000000000000e+00,0.000000000000000000e+00,0.000000000000000000e+00,-0.000000000000000000e+00,-0.000000000000000000e+00,-0.000000000000000000e+00,-0.000000000000000000e+00,-0.000000000000000000e+00,-0.000000000000000000e+00,-0.000000000000000000e+00,-0.000000000000000000e+00,0.000000000000000000e+00,0.000000000000000000e+00,0.000000000000000000e+00,0.000000000000000000e+00,0.000000000000000000e+00,0.000000000000000000e+00,0.000000000000000000e+00,0.000000000000000000e+00,-0.000000000000000000e+00,0.000000000000000000e+00,0.000000000000000000e+00,0.000000000000000000e+00,0.000000000000000000e+00,0.000000000000000000e+00,0.000000000000000000e+00,0.000000000000000000e+00,0.000000000000000000e+00,0.000000000000000000e+00,0.000000000000000000e+00,0.000000000000000000e+00,-0.000000000000000000e+00,0.000000000000000000e+00,-0.000000000000000000e+00,0.000000000000000000e+00,0.000000000000000000e+00,0.000000000000000000e+00,0.000000000000000000e+00,0.000000000000000000e+00,0.000000000000000000e+00,-0.000000000000000000e+00,0.000000000000000000e+00,0.000000000000000000e+00,0.000000000000000000e+00,0.000000000000000000e+00,0.000000000000000000e+00
cxi*c/cref,0.000000000000000000e+00,-0.000000000000000000e+00,-0.000000000000000000e+00,0.000000000000000000e+00,0.000000000000000000e+00,0.000000000000000000e+00,0.000000000000000000e+00,0.000000000000000000e+00,0.000000000000000000e+00,0.000000000000000000e+00,-0.000000000000000000e+00,-0.000000000000000000e+00,0.000000000000000000e+00,0.000000000000000000e+00,0.000000000000000000e+00,0.000000000000000000e+00,0.000000000000000000e+00,0.000000000000000000e+00,0.000000000000000000e+00,0.000000000000000000e+00,-0.000000000000000000e+00,-0.000000000000000000e+00,-0.000000000000000000e+00,-0.000000000000000000e+00,-0.000000000000000000e+00,-0.000000000000000000e+00,-0.000000000000000000e+00,0.000000000000000000e+00,0.000000000000000000e+00,-0.000000000000000000e+00,-0.000000000000000000e+00,-0.000000000000000000e+00,-0.000000000000000000e+00,-0.000000000000000000e+00,-0.000000000000000000e+00,-0.000000000000000000e+00,-0.000000000000000000e+00,0.000000000000000000e+00,0.000000000000000000e+00,0.000000000000000000e+00,0.000000000000000000e+00,0.000000000000000000e+00,0.000000000000000000e+00,0.000000000000000000e+00,0.000000000000000000e+00,-0.000000000000000000e+00,0.000000000000000000e+00,0.000000000000000000e+00,0.000000000000000000e+00,0.000000000000000000e+00,0.000000000000000000e+00,0.000000000000000000e+00,0.000000000000000000e+00,0.000000000000000000e+00,0.000000000000000000e+00,0.000000000000000000e+00,0.000000000000000000e+00,-0.000000000000000000e+00,0.000000000000000000e+00,-0.000000000000000000e+00,0.000000000000000000e+00,0.000000000000000000e+00,0.000000000000000000e+00,0.000000000000000000e+00,0.000000000000000000e+00,0.000000000000000000e+00,-0.000000000000000000e+00,0.000000000000000000e+00,0.000000000000000000e+00,0.000000000000000000e+00,0.000000000000000000e+00,0.000000000000000000e+00
cxo,5.139999999999999604e-03,5.219999999999999814e-03,5.320000000000000076e-03,5.429999999999999931e-03,5.539999999999999786e-03,5.640000000000000048e-03,5.720000000000000258e-03,5.810000000000000060e-03,5.850000000000000165e-03,5.139999999999999604e-03,5.219999999999999814e-03,5.320000000000000076e-03,5.429999999999999931e-03,5.539999999999999786e-03,5.640000000000000048e-03,5.720000000000000258e-03,5.810000000000000060e-03,5.850000000000000165e-03,5.660000000000000100e-03,5.760000000000000363e-03,5.850000000000000165e-03,5.939999999999999968e-03,6.049999999999999822e-03,6.119999999999999572e-03,6.199999999999999782e-03,6.320000000000000097e-03,6.450000000000000004e-03,5.660000000000000100e-03,5.760000000000000363e-03,5.850000000000000165e-03,5.939999999999999968e-03,6.049999999999999822e-03,6.119999999999999572e-03,6.199999999999999782e-03,6.320000000000000097e-03,6.450000000000000004e-03,5.250000000000000326e-03,5.320000000000000076e-03,5.389999999999999826e-03,5.470000000000000036e-03,5.570000000000000298e-03,5.680000000000000153e-03,5.810000000000000060e-03,5.980000000000000072e-03,6.219999999999999835e-03,5.250000000000000326e-03,5.320000000000000076e-03,5.389999999999999826e-03,5.470000000000000036e-03,5.570000000000000298e-03,5.680000000000000153e-03,5.810000000000000060e-03,5.980000000000000072e-03,6.219999999999999835e-03,5.599999999999999943e-03,5.629999999999999588e-03,5.660000000000000100e-03,5.700000000000000205e-03,5.729999999999999850e-03,5.769999999999999955e-03,5.810000000000000060e-03,5.859999999999999758e-03,5.899999999999999863e-03,5.599999999999999943e-03,5.629999999999999588e-03,5.660000000000000100e-03,5.700000000000000205e-03,5.729999999999999850e-03,5.769999999999999955e-03,5.810000000000000060e-03,5.859999999999999758e-03,5.899999999999999863e-03
cxo*c/cref,5.787662596165587224e-03,5.458119074368054241e-03,5.135018097447795367e-03,4.804684674563438999e-03,4.456669202588838842e-03,4.083727781169861973e-03,3.681831774331420157e-03,3.272710068384418643e-03,2.824973501037977754e-03,5.787662596165587224e-03,5.458119074368054241e-03,5.135018097447795367e-03,4.804684674563438999e-03,4.456669202588838842e-03,4.083727781169861973e-03,3.681831774331420157e-03,3.272710068384418643e-03,2.824973501037977754e-03,2.960437806814018597e-03,2.783049261204054593e-03,2.593252350714372791e-03,2.396277530834045599e-03,2.199395530589815396e-03,1.980794162901452875e-03,1.759447795823666002e-03,1.541477249969471202e-03,1.315976431798754256e-03,2.960437806814018597e-03,2.783049261204054593e-03,2.593252350714372791e-03,2.396277530834045599e-03,2.199395530589815396e-03,1.980794162901452875e-03,1.759447795823666002e-03,1.541477249969471202e-03,1.315976431798754256e-03,4.693823116375625895e-03,4.322404176334106347e-03,3.939564098180485877e-03,3.551796110636219663e-03,3.162330260105019209e-03,2.761410135547686089e-03,2.350634192209061051e-03,1.931567749419953531e-03,1.501664012699963253e-03,4.693823116375625895e-03,4.322404176334106347e-03,3.939564098180485877e-03,3.551796110636219663e-03,3.162330260105019209e-03,2.761410135547686089e-03,2.350634192209061051e-03,1.931567749419953531e-03,1.501664012699963253e-03,3.014132128465013896e-03,2.903265667358651339e-03,2.791045597753083821e-03,2.682177494199535894e-03,2.567024606179020389e-03,2.454772481377457891e-03,2.340715545243619508e-03,2.228660544633044322e-03,2.110768408841128332e-03,3.014132128465013896e-03,2.903265667358651339e-03,2.791045597753083821e-03,2.682177494199535894e-03,2.567024606179020389e-03,2.454772481377457891e-03,2.340715545243619508e-03,2.228660544633044322e-03,2.110768408841128332e-03
cy,6.000000000000000125e-03,9.469999999999999252e-03,1.225000000000000047e-02,1.430000000000000021e-02,1.649000000000000118e-02,1.739999999999999880e-02,1.745000000000000023e-02,1.731999999999999859e-02,1.477999999999999974e-02,-6.000000000000000125e-03,-9.469999999999999252e-03,-1.225000000000000047e-02,-1.430000000000000021e-02,-1.649000000000000118e-02,-1.739999999999999880e-02,-1.745000000000000023e-02,-1.731999999999999859e-02,-1.477999999999999974e-02,0.000000000000000000e+00,0.000000000000000000e+00,0.000000000000000000e+00,0.000000000000000000e+00,0.000000000000000000e+00,0.000000000000000000e+00,0.000000000000000000e+00,0.000000000000000000e+00,0.000000000000000000e+00,-0.000000000000000000e+00,-0.000000000000000000e+00,-0.000000000000000000e+00,-0.000000000000000000e+00,-0.000000000000000000e+00,-0.000000000000000000e+00,-0.000000000000000000e+00,-0.000000000000000000e+00,-0.000000000000000000e+00,5.723000000000000309e-02,3.298999999999999849e-02,3.053000000000000158e-02,2.826999999999999999e-02,2.731000000000000094e-02,2.279000000000000123e-02,2.071999999999999884e-02,8.810000000000000123e-03,-2.380000000000000171e-03,-5.723000000000000309e-02,-3.298999999999999849e-02,-3.053000000000000158e-02,-2.826999999999999999e-02,-2.731000000000000094e-02,-2.279000000000000123e-02,-2.071999999999999884e-02,-8.810000000000000123e-03,2.380000000000000171e-03,6.490000000000000109e-03,-6.089999999999999927e-03,-8.949999999999999623e-03,-1.094999999999999966e-02,-1.217999999999999985e-02,-1.284000000000000072e-02,-1.285000000000000031e-02,-1.244999999999999926e-02,-1.515999999999999986e-02,-6.490000000000000109e-03,6.089999999999999927e-03,8.949999999999999623e-03,1.094999999999999966e-02,1.217999999999999985e-02,1.284000000000000072e-02,1.285000000000000031e-02,1.244999999999999926e-02,1.515999999999999986e-02
cy*c/cref,6.756026376846990290e-03,9.901989968250091145e-03,1.182405482964953014e-02,1.265322115032360521e-02,1.326542872756136457e-02,1.259873464403468007e-02,1.123216161924532955e-02,9.756168396629625802e-03,7.137283477836121708e-03,-6.756026376846990290e-03,-9.901989968250091145e-03,-1.182405482964953014e-02,-1.265322115032360521e-02,-1.326542872756136457e-02,-1.259873464403468007e-02,-1.123216161924532955e-02,-9.756168396629625802e-03,-7.137283477836121708e-03,0.000000000000000000e+00,0.000000000000000000e+00,0.000000000000000000e+00,0.000000000000000000e+00,0.000000000000000000e+00,0.000000000000000000e+00,0.000000000000000000e+00,0.000000000000000000e+00,0.000000000000000000e+00,-0.000000000000000000e+00,-0.000000000000000000e+00,-0.000000000000000000e+00,-0.000000000000000000e+00,-0.000000000000000000e+00,-0.000000000000000000e+00,-0.000000000000000000e+00,-0.000000000000000000e+00,-0.000000000000000000e+00,5.116714227622420202e-02,2.680378078519965457e-02,2.231445119062156965e-02,1.835635759555501526e-02,1.550506991085602929e-02,1.107967200512883187e-02,8.382984589082915702e-03,2.845670881670533253e-03,-5.745916961777994920e-04,-5.116714227622420202e-02,-2.680378078519965457e-02,-2.231445119062156965e-02,-1.835635759555501526e-02,-1.550506991085602929e-02,-1.107967200512883187e-02,-8.382984589082915702e-03,-2.845670881670533253e-03,5.745916961777994920e-04,3.493163841738917801e-03,-3.140477427036267918e-03,-4.413402491146660098e-03,-5.152604133593845052e-03,-5.456607278055928580e-03,-5.462613286115521744e-03,-5.176969837587006712e-03,-4.734952863597508346e-03,-5.423601538649407312e-03,-3.493163841738917801e-03,3.140477427036267918e-03,4.413402491146660098e-03,5.152604133593845052e-03,5.456607278055928580e-03,5.462613286115521744e-03,5.176969837587006712e-03,4.734952863597508346e-03,5.423601538649407312e-03
cyi,6.000000000000000125e-03,9.469999999999999252e-03,1.225000000000000047e-02,1.430000000000000021e-02,1.649000000000000118e-02,1.739999999999999880e-02,1.745000000000000023e-02,1.731999999999999859e-02,1.477999999999999974e-02,-6.000000000000000125e-03,-9.469999999999999252e-03,-1.225000000000000047e-02,-1.430000000000000021e-02,-1.649000000000000118e-02,-1.739999999999999880e-02,-1.745000000000000023e-02,-1.731999999999999859e-02,-1.477999999999999974e-02,0.000000000000000000e+00,0.000000000000000000e+00,0.000000000000000000e+00,0.000000000000000000e+00,0.000000000000000000e+00,0.000000000000000000e+00,0.000000000000000000e+00,0.000000000000000000e+00,0.000000000000000000e+00,-0.000000000000000000e+00,-0.000000000000000000e+00,-0.000000000000000000e+00,-0.000000000000000000e+00,-0.000000000000000000e+00,-0.000000000000000000e+00,-0.000000000000000000e+00,-0.000000000000000000e+00,-0.000000000000000000e+00,5.723000000000000309e-02,3.298999999999999849e-02,3.053000000000000158e-02,2.826999999999999999e-02,2.731000000000000094e-02,2.279000000000000123e-02,2.071999999999999884e-02,8.810000000000000123e-03,-2.380000000000000171e-03,-5.723000000000000309e-02,-3.298999999999999849e-02,-3.053000000000000158e-02,-2.826999999999999999e-02,-2.731000000000000094e-02,-2.279000000000000123e-02,-2.071999999999999884e-02,-8.810000000000000123e-03,2.380000000000000171e-03,6.490000000000000109e-03,-6.089999999999999927e-03,-8.949999999999999623e-03,-1.094999999999999966e-02,-1.217999999999999985e-02,-1.284000000000000072e-02,-1.285000000000000031e-02,-1.244999999999999926e-02,-1.515999999999999986e-02,-6.490000000000000109e-03,6.089999999999999927e-03,8.949999999999999623e-03,1.094999999999999966e-02,1.217999999999999985e-02,1.284000000000000072e-02,1.285000000000000031e-02,1.244999999999999926e-02,1.515999999999999986e-02
cyi*c/cref,6.756026376846990290e-03,9.901989968250091145e-03,1.182405482964953014e-02,1.265322115032360521e-02,1.326542872756136457e-02,1.259873464403468007e-02,1.123216161924532955e-02,9.756168396629625802e-03,7.137283477836121708e-03,-6.756026376846990290e-03,-9.901989968250091145e-03,-1.182405482964953014e-02,-1.265322115032360521e-02,-1.326542872756136457e-02,-1.259873464403468007e-02,-1.123216161924532955e-02,-9.756168396629625802e-03,-7.137283477836121708e-03,0.000000000000000000e+00,0.000000000000000000e+00,0.000000000000000000e+00,0.000000000000000000e+00,0.000000000000000000e+00,0.000000000000000000e+00,0.000000000000000000e+00,0.000000000000000000e+00,0.000000000000000000e+00,-0.000000000000000000e+00,-0.000000000000000000e+00,-0.000000000000000000e+00,-0.000000000000000000e+00,-0.000000000000000000e+00,-0.000000000000000000e+00,-0.000000000000000000e+00,-0.000000000000000000e+00,-0.000000000000000000e+00,5.116714227622420202e-02,2.680378078519965457e-02,2.231445119062156965e-02,1.835635759555501526e-02,1.550506991085602929e-02,1.107967200512883187e-02,8.382984589082915702e-03,2.845670881670533253e-03,-5.745916961777994920e-04,-5.116714227622420202e-02,-2.680378078519965457e-02,-2.231445119062156965e-02,-1.835635759555501526e-02,-1.550506991085602929e-02,-1.107967200512883187e-02,-8.382984589082915702e-03,-2.845670881670533253e-03,5.745916961777994920e-04,3.493163841738917801e-03,-3.140477427036267918e-03,-4.413402491146660098e-03,-5.152604133593845052e-03,-5.456607278055928580e-03,-5.462613286115521744e-03,-5.176969837587006712e-03,-4.734952863597508346e-03,-5.423601538649407312e-03,-3.493163841738917801e-03,3.140477427036267918e-03,4.413402491146660098e-03,5.152604133593845052e-03,5.456607278055928580e-03,5.462613286115521744e-03,5.176969837587006712e-03,4.734952863597508346e-03,5.423601538649407312e-03
cyo,0.000000000000000000e+00,0.000000000000000000e+00,0.000000000000000000e+00,0.000000000000000000e+00,0.000000000000000000e+00,0.000000000000000000e+00,0.000000000000000000e+00,0.000000000000000000e+00,0.000000000000000000e+00,0.000000000000000000e+00,0.000000000000000000e+00,0.000000000000000000e+00,0.000000000000000000e+00,0.000000000000000000e+00,0.000000000000000000e+00,0.000000000000000000e+00,0.000000000000000000e+00,0.000000000000000000e+00,0.000000000000000000e+00,0.000000000000000000e+00,0.000000000000000000e+00,0.000000000000000000e+00,0.000000000000000000e+00,0.000000000000000000e+00,0.000000000000000000e+00,0.000000000000000000e+00,0.000000000000000000e+00,0.000000000000000000e+00,0.000000000000000000e+00,0.000000000000000000e+00,0.000000000000000000e+00,0.000000000000000000e+00,0.000000000000000000e+00,0.000000000000000000e+00,0.000000000000000000e+00,0.000000000000000000e+00,0.000000000000000000e+00,0.000000000000000000e+00,0.000000000000000000e+00,0.000000000000000000e+00,0.000000000000000000e+00,0.000000000000000000e+00,0.000000000000000000e+00,0.000000000000000000e+00,0.000000000000000000e+00,0.000000000000000000e+00,0.000000000000000000e+00,0.000000000000000000e+00,0.000000000000000000e+00,0.000000000000000000e+00,0.000000000000000000e+00,0.000000000000000000e+00,0.000000000000000000e+00,0.000000000000000000e+00,0.000000000000000000e+00,0.000000000000000000e+00,0.000000000000000000e+00,0.000000000000000000e+00,0.000000000000000000e+00,0.000000000000000000e+00,0.000000000000000000e+00,0.000000000000000000e+00,0.000000000000000000e+00,0.000000000000000000e+00,0.000000000000000000e+00,0.000000000000000000e+00,0.000000000000000000e+00,0.000000000000000000e+00,0.000000000000000000e+00,0.000000000000000000e+00,0.000000000000000000e+00,0.000000000000000000e+00
cyo*c/cref,0.000000000000000000e+00,0.000000000000000000e+00,0.000000000000000000e+00,0.000000000000000000e+00,0.000000000000000000e+00,0.000000000000000000e+00,0.000000000000000000e+00,0.000000000000000000e+00,0.000000000000000000e+00,0.000000000000000000e+00,0.000000000000000000e+00,0.000000000000000000e+00,0.000000000000000000e+00,0.000000000000000000e+00,0.000000000000000000e+00,0.000000000000000000e+00,0.000000000000000000e+00,0.000000000000000000e+00,0.000000000000000000e+00,0.000000000000000000e+00,0.000000000000000000e+00,0.000000000000000000e+00,0.000000000000000000e+00,0.000000000000000000e+00,0.000000000000000000e+00,0.000000000000000000e+00,0.000000000000000000e+00,0.000000000000000000e+00,0.000000000000000000e+00,0.000000000000000000e+00,0.000000000000000000e+00,0.000000000000000000e+00,0.000000000000000000e+00,0.000000000000000000e+00,0.000000000000000000e+00,0.000000000000000000e+00,0.000000000000000000e+00,0.000000000000000000e+00,0.000000000000000000e+00,0.000000000000000000e+00,0.000000000000000000e+00,0.000000000000000000e+00,0.000000000000000000e+00,0.000000000000000000e+00,0.000000000000000000e+00,0.000000000000000000e+00,0.000000000000000000e+00,0.000000000000000000e+00,0.000000000000000000e+00,0.000000000000000000e+00,0.000000000000000000e+00,0.000000000000000000e+00,0.000000000000000000e+00,0.000000000000000000e+00,0.000000000000000000e+00,0.000000000000000000e+00,0.000000000000000000e+00,0.000000000000000000e+00,0.000000000000000000e+00,0.000000000000000000e+00,0.000000000000000000e+00,0.000000000000000000e+00,0.000000000000000000e+00,0.000000000000000000e+00,0.000000000000000000e+00,0.000000000000000000e+00,0.000000000000000000e+00,0.000000000000000000e+00,0.000000000000000000e+00,0.000000000000000000e+00,0.000000000000000000e+00,0.000000000000000000e+00
cz,6.862000000000000044e-02,1.082000000000000045e-01,1.399900000000000033e-01,1.635000000000000064e-01,1.885100000000000109e-01,1.988399999999999890e-01,1.994299999999999962e-01,1.979400000000000048e-01,1.688999999999999946e-01,6.862000000000000044e-02,1.082000000000000045e-01,1.399900000000000033e-01,1.635000000000000064e-01,1.885100000000000109e-01,1.988399999999999890e-01,1.994299999999999962e-01,1.979400000000000048e-01,1.688999999999999946e-01,5.233000000000000151e-02,1.176299999999999985e-01,1.401799999999999990e-01,1.507499999999999951e-01,1.666600000000000026e-01,1.561599999999999933e-01,1.391000000000000014e-01,1.334500000000000131e-01,1.196600000000000025e-01,5.233000000000000151e-02,1.176299999999999985e-01,1.401799999999999990e-01,1.507499999999999951e-01,1.666600000000000026e-01,1.561599999999999933e-01,1.391000000000000014e-01,1.334500000000000131e-01,1.196600000000000025e-01,-8.040000000000000271e-03,-4.640000000000000027e-03,-4.290000000000000410e-03,-3.969999999999999571e-03,-3.840000000000000097e-03,-3.200000000000000153e-03,-2.909999999999999826e-03,-1.240000000000000000e-03,3.400000000000000244e-04,-8.040000000000000271e-03,-4.640000000000000027e-03,-4.290000000000000410e-03,-3.969999999999999571e-03,-3.840000000000000097e-03,-3.200000000000000153e-03,-2.909999999999999826e-03,-1.240000000000000000e-03,3.400000000000000244e-04,1.379999999999999933e-03,-1.299999999999999940e-03,-1.899999999999999996e-03,-2.330000000000000040e-03,-2.589999999999999854e-03,-2.729999999999999788e-03,-2.729999999999999788e-03,-2.650000000000000012e-03,-3.220000000000000206e-03,1.379999999999999933e-03,-1.299999999999999940e-03,-1.899999999999999996e-03,-2.330000000000000040e-03,-2.589999999999999854e-03,-2.729999999999999788e-03,-2.729999999999999788e-03,-2.650000000000000012e-03,-3.220000000000000206e-03
cz*c/cref,7.726642166320674132e-02,1.131357248748320887e-01,1.351224029063377574e-01,1.446714446208328397e-01,1.516474208267187818e-01,1.439731262425204550e-01,1.283684809012089201e-01,1.114974579924288833e-01,8.156205544022469833e-02,7.726642166320674132e-02,1.131357248748320887e-01,1.351224029063377574e-01,1.446714446208328397e-01,1.516474208267187818e-01,1.439731262425204550e-01,1.283684809012089201e-01,1.114974579924288833e-01,8.156205544022469833e-02,2.737097357430699762e-02,5.683508413115154895e-02,6.214053239711808674e-02,6.081461915374281740e-02,6.058698497985101628e-02,5.054261707168151985e-02,3.947406264501160389e-02,3.254907262791550265e-02,2.441391315178898305e-02,2.737097357430699762e-02,5.683508413115154895e-02,6.214053239711808674e-02,6.081461915374281740e-02,6.058698497985101628e-02,5.054261707168151985e-02,3.947406264501160389e-02,3.254907262791550265e-02,2.441391315178898305e-02,-7.188254829649529457e-03,-3.769916424471852091e-03,-3.135571425082428216e-03,-2.577811802417877534e-03,-2.180134326535596977e-03,-1.555724020026865448e-03,-1.177340017096104507e-03,-4.005257540603248062e-04,8.208452802539992937e-05,-7.188254829649529457e-03,-3.769916424471852091e-03,-3.135571425082428216e-03,-2.577811802417877534e-03,-2.180134326535596977e-03,-1.555724020026865448e-03,-1.177340017096104507e-03,-4.005257540603248062e-04,8.208452802539992937e-05,7.427682745145926854e-04,-6.703810599584808386e-04,-9.369234338747100188e-04,-1.096398870435950478e-03,-1.160313041885456097e-03,-1.161443479057272000e-03,-1.099854292343387498e-03,-1.007841372572963788e-03,-1.151978690926853174e-03,7.427682745145926854e-04,-6.703810599584808386e-04,-9.369234338747100188e-04,-1.096398870435950478e-03,-1.160313041885456097e-03,-1.161443479057272000e-03,-1.099854292343387498e-03,-1.007841372572963788e-03,-1.151978690926853174e-03
czi,6.862000000000000044e-02,1.082000000000000045e-01,1.399900000000000033e-01,1.635000000000000064e-01,1.885100000000000109e-01,1.988399999999999890e-01,1.994299999999999962e-01,1.979400000000000048e-01,1.688999999999999946e-01,6.862000000000000044e-02,1.082000000000000045e-01,1.399900000000000033e-01,1.635000000000000064e-01,1.885100000000000109e-01,1.988399999999999890e-01,1.994299999999999962e-01,1.979400000000000048e-01,1.688999999999999946e-01,5.233000000000000151e-02,1.176299999999999985e-01,1.401799999999999990e-01,1.507499999999999951e-01,1.666600000000000026e-01,1.561599999999999933e-01,1.391000000000000014e-01,1.334500000000000131e-01,1.196600000000000025e-01,5.233000000000000151e-02,1.176299999999999985e-01,1.401799999999999990e-01,1.507499999999999951e-01,1.666600000000000026e-01,1.561599999999999933e-01,1.391000000000000014e-01,1.334500000000000131e-01,1.196600000000000025e-01,-8.040000000000000271e-03,-4.640000000000000027e-03,-4.290000000000000410e-03,-3.969999999999999571e-03,-3.840000000000000097e-03,-3.200000000000000153e-03,-2.909999999999999826e-03,-1.240000000000000000e-03,3.400000000000000244e-04,-8.040000000000000271e-03,-4.640000000000000027e-03,-4.290000000000000410e-03,-3.969999999999999571e-03,-3.840000000000000097e-03,-3.200000000000000153e-03,-2.909999999999999826e-03,-1.240000000000000000e-03,3.400000000000000244e-04,1.379999999999999933e-03,-1.299999999999999940e-03,-1.899999999999999996e-03,-2.330000000000000040e-03,-2.589999999999999854e-03,-2.729999999999999788e-03,-2.729999999999999788e-03,-2.650000000000000012e-03,-3.220000000000000206e-03,1.379999999999999933e-03,-1.299999999999999940e-03,-1.899999999999999996e-03,-2.330000000000000040e-03,-2.589999999999999854e-03,-2.729999999999999788e-03,-2.729999999999999788e-03,-2.650000000000000012e-03,-3.220000000000000206e-03
czi*c/cref,7.726642166320674132e-02,1.131357248748320887e-01,1.351224029063377574e-01,1.446714446208328397e-01,1.516474208267187818e-01,1.439731262425204550e-01,1.283684809012089201e-01,1.114974579924288833e-01,8.156205544022469833e-02,7.726642166320674132e-02,1.131357248748320887e-01,1.351224029063377574e-01,1.446714446208328397e-01,1.516474208267187818e-01,1.439731262425204550e-01,1.283684809012089201e-01,1.114974579924288833e-01,8.156205544022469833e-02,2.737097357430699762e-02,5.683508413115154895e-02,6.214053239711808674e-02,6.081461915374281740e-02,6.058698497985101628e-02,5.054261707168151985e-02,3.947406264501160389e-02,3.254907262791550265e-02,2.441391315178898305e-02,2.737097357430699762e-02,5.683508413115154895e-02,6.214053239711808674e-02,6.081461915374281740e-02,6.058698497985101628e-02,5.054261707168151985e-02,3.947406264501160389e-02,3.254907262791550265e-02,2.441391315178898305e-02,-7.188254829649529457e-03,-3.769916424471852091e-03,-3.135571425082428216e-03,-2.577811802417877534e-03,-2.180134326535596977e-03,-1.555724020026865448e-03,-1.177340017096104507e-03,-4.005257540603248062e-04,8.208452802539992937e-05,-7.188254829649529457e-03,-3.769916424471852091e-03,-3.135571425082428216e-03,-2.577811802417877534e-03,-2.180134326535596977e-03,-1.555724020026865448e-03,-1.177340017096104507e-03,-4.005257540603248062e-04,8.208452802539992937e-05,7.427682745145926854e-04,-6.703810599584808386e-04,-9.369234338747100188e-04,-1.096398870435950478e-03,-1.160313041885456097e-03,-1.161443479057272000e-03,-1.099854292343387498e-03,-1.007841372572963788e-03,-1.151978690926853174e-03,7.427682745145926854e-04,-6.703810599584808386e-04,-9.369234338747100188e-04,-1.096398870435950478e-03,-1.160313041885456097e-03,-1.161443479057272000e-03,-1.099854292343387498e-03,-1.007841372572963788e-03,-1.151978690926853174e-03
czo,0.000000000000000000e+00,0.000000000000000000e+00,0.000000000000000000e+00,0.000000000000000000e+00,0.000000000000000000e+00,0.000000000000000000e+00,0.000000000000000000e+00,0.000000000000000000e+00,0.000000000000000000e+00,0.000000000000000000e+00,0.000000000000000000e+00,0.000000000000000000e+00,0.000000000000000000e+00,0.000000000000000000e+00,0.000000000000000000e+00,0.000000000000000000e+00,0.000000000000000000e+00,0.000000000000000000e+00,0.000000000000000000e+00,0.000000000000000000e+00,0.000000000000000000e+00,0.000000000000000000e+00,0.000000000000000000e+00,0.000000000000000000e+00,0.000000000000000000e+00,0.000000000000000000e+00,0.000000000000000000e+00,0.000000000000000000e+00,0.000000000000000000e+00,0.000000000000000000e+00,0.000000000000000000e+00,0.000000000000000000e+00,0.000000000000000000e+00,0.000000000000000000e+00,0.000000000000000000e+00,0.000000000000000000e+00,0.000000000000000000e+00,0.000000000000000000e+00,0.000000000000000000e+00,0.000000000000000000e+00,0.000000000000000000e+00,0.000000000000000000e+00,0.000000000000000000e+00,0.000000000000000000e+00,0.000000000000000000e+00,0.000000000000000000e+00,0.000000000000000000e+00,0.000000000000000000e+00,0.000000000000000000e+00,0.000000000000000000e+00,0.000000000000000000e+00,0.000000000000000000e+00,0.000000000000000000e+00,0.000000000000000000e+00,0.000000000000000000e+00,0.000000000000000000e+00,0.000000000000000000e+00,0.000000000000000000e+00,0.000000000000000000e+00,0.000000000000000000e+00,0.000000000000000000e+00,0.000000000000000000e+00,0.000000000000000000e+00,0.000000000000000000e+00,0.000000000000000000e+00,0.000000000000000000e+00,0.000000000000000000e+00,0.000000000000000000e+00,0.000000000000000000e+00,0.000000000000000000e+00,0.000000000000000000e+00,0.000000000000000000e+00
czo*c/cref,0.000000000000000000e+00,0.000000000000000000e+00,0.000000000000000000e+00,0.000000000000000000e+00,0.000000000000000000e+00,0.000000000000000000e+00,0.000000000000000000e+00,0.000000000000000000e+00,0.000000000000000000e+00,0.000000000000000000e+00,0.000000000000000000e+00,0.000000000000000000e+00,0.000000000000000000e+00,0.000000000000000000e+00,0.000000000000000000e+00,0.000000000000000000e+00,0.000000000000000000e+00,0.000000000000000000e+00,0.000000000000000000e+00,0.000000000000000000e+00,0.000000000000000000e+00,0.000000000000000000e+00,0.000000000000000000e+00,0.000000000000000000e+00,0.000000000000000000e+00,0.000000000000000000e+00,0.000000000000000000e+00,0.000000000000000000e+00,0.000000000000000000e+00,0.000000000000000000e+00,0.000000000000000000e+00,0.000000000000000000e+00,0.000000000000000000e+00,0.000000000000000000e+00,0.000000000000000000e+00,0.000000000000000000e+00,0.000000000000000000e+00,0.000000000000000000e+00,0.000000000000000000e+00,0.000000000000000000e+00,0.000000000000000000e+00,0.000000000000000000e+00,0.000000000000000000e+00,0.000000000000000000e+00,0.000000000000000000e+00,0.000000000000000000e+00,0.000000000000000000e+00,0.000000000000000000e+00,0.000000000000000000e+00,0.000000000000000000e+00,0.000000000000000000e+00,0.000000000000000000e+00,0.000000000000000000e+00,0.000000000000000000e+00,0.000000000000000000e+00,0.000000000000000000e+00,0.000000000000000000e+00,0.000000000000000000e+00,0.000000000000000000e+00,0.000000000000000000e+00,0.000000000000000000e+00,0.000000000000000000e+00,0.000000000000000000e+00,0.000000000000000000e+00,0.000000000000000000e+00,0.000000000000000000e+00,0.000000000000000000e+00,0.000000000000000000e+00,0.000000000000000000e+00,0.000000000000000000e+00,0.000000000000000000e+00,0.000000000000000000e+00
dArea,3.421961000000000297e+01,3.177658999999999878e+01,2.933358000000000132e+01,2.689057000000000031e+01,2.444755999999999929e+01,2.200453999999999866e+01,1.956153000000000119e+01,1.711852000000000018e+01,1.467550999999999917e+01,3.421961000000000297e+01,3.177658999999999878e+01,2.933358000000000132e+01,2.689057000000000031e+01,2.444755999999999929e+01,2.200453999999999866e+01,1.956153000000000119e+01,1.711852000000000018e+01,1.467550999999999917e+01,8.784409999999999386e+00,8.114679999999999893e+00,7.444950000000000401e+00,6.775229999999999642e+00,6.105500000000000149e+00,5.435769999999999769e+00,4.766040000000000276e+00,4.096309999999999896e+00,3.426579999999999959e+00,8.784409999999999386e+00,8.114679999999999893e+00,7.444950000000000401e+00,6.775229999999999642e+00,6.105500000000000149e+00,5.435769999999999769e+00,4.766040000000000276e+00,4.096309999999999896e+00,3.426579999999999959e+00,1.506758999999999915e+01,1.369272999999999918e+01,1.231786999999999921e+01,1.094300999999999924e+01,9.568160000000000664e+00,8.193300000000000693e+00,6.818439999999999834e+00,5.443579999999999863e+00,4.068719999999999892e+00,1.506758999999999915e+01,1.369272999999999918e+01,1.231786999999999921e+01,1.094300999999999924e+01,9.568160000000000664e+00,8.193300000000000693e+00,6.818439999999999834e+00,5.443579999999999863e+00,4.068719999999999892e+00,2.551029999999999909e+00,2.444100000000000161e+00,2.337180000000000035e+00,2.230249999999999844e+00,2.123330000000000162e+00,2.016399999999999970e+00,1.909480000000000066e+00,1.802550000000000097e+00,1.695619999999999905e+00,2.551029999999999909e+00,2.444100000000000161e+00,2.337180000000000035e+00,2.230249999999999844e+00,2.123330000000000162e+00,2.016399999999999970e+00,1.909480000000000066e+00,1.802550000000000097e+00,1.695619999999999905e+00
dSpan,1.855560000000000098e+00,1.855560000000000098e+00,1.855560000000000098e+00,1.855560000000000098e+00,1.855560000000000098e+00,1.855560000000000098e+00,1.855560000000000098e+00,1.855560000000000098e+00,1.855560000000000098e+00,1.855560000000000098e+00,1.855560000000000098e+00,1.855560000000000098e+00,1.855560000000000098e+00,1.855560000000000098e+00,1.855560000000000098e+00,1.855560000000000098e+00,1.855560000000000098e+00,1.855560000000000098e+00,1.025439999999999907e+00,1.025439999999999907e+00,1.025439999999999907e+00,1.025439999999999907e+00,1.025439999999999907e+00,1.025439999999999907e+00,1.025439999999999907e+00,1.025439999999999907e+00,1.025439999999999907e+00,1.025439999999999907e+00,1.025439999999999907e+00,1.025439999999999907e+00,1.025439999999999907e+00,1.025439999999999907e+00,1.025439999999999907e+00,1.025439999999999907e+00,1.025439999999999907e+00,1.025439999999999907e+00,1.028999999999999915e+00,1.028999999999999915e+00,1.028999999999999915e+00,1.028999999999999915e+00,1.028999999999999915e+00,1.028999999999999915e+00,1.028999999999999915e+00,1.028999999999999915e+00,1.028999999999999915e+00,1.028999999999999915e+00,1.028999999999999915e+00,1.028999999999999915e+00,1.028999999999999915e+00,1.028999999999999915e+00,1.028999999999999915e+00,1.028999999999999915e+00,1.028999999999999915e+00,1.028999999999999915e+00,2.893899999999999806e-01,2.893899999999999806e-01,2.893899999999999806e-01,2.893899999999999806e-01,2.893899999999999806e-01,2.893899999999999806e-01,2.893899999999999806e-01,2.893899999999999806e-01,2.893899999999999806e-01,2.893899999999999806e-01,2.893899999999999806e-01,2.893899999999999806e-01,2.893899999999999806e-01,2.893899999999999806e-01,2.893899999999999806e-01,2.893899999999999806e-01,2.893899999999999806e-01,2.893899999999999806e-01
roverR,inf,inf,inf,inf,inf,inf,inf,inf,inf,inf,inf,inf,inf,inf,inf,inf,inf,inf,inf,inf,inf,inf,inf,inf,inf,inf,inf,inf,inf,inf,inf,inf,inf,inf,inf,inf,inf,inf,inf,inf,inf,inf,inf,inf,inf,inf,inf,inf,inf,inf,inf,inf,inf,inf,inf,inf,inf,inf,inf,inf,inf,inf,inf,inf,inf,inf,inf,inf,inf,inf,inf,inf
Results_Name,CpSlice_Wrapper
Results_Timestamp,1788935336
Results_Date,9,9,2026
Results_Time,9,28,56
CpSlice_Case_ID_Vec,ZHMCBDG
Num_Cuts,1
