Results_Name,VSPAERO_Wrapper
Results_Timestamp,1788933780
Results_Date,9,9,2026
Results_Time,9,3,0
Analysis_Duration_Sec,1.968900000000000006e+01
ResultsVec,VSPAERO_History,VSPAERO_Polar,VSPAERO_Load,CpSlice_Wrapper
Results_Name,VSPAERO_History
Results_Timestamp,1788933779
Results_Date,9,9,2026
Results_Time,9,2,59
Alpha,0.000000000000000000e+00,0.000000000000000000e+00,0.000000000000000000e+00,0.000000000000000000e+00,0.000000000000000000e+00,0.000000000000000000e+00,0.000000000000000000e+00,0.000000000000000000e+00
Beta,0.000000000000000000e+00,0.000000000000000000e+00,0.000000000000000000e+00,0.000000000000000000e+00,0.000000000000000000e+00,0.000000000000000000e+00,0.000000000000000000e+00,0.000000000000000000e+00
CDi,0.000000000000000000e+00,-3.119038470000000157e-04,-2.839319630000000172e-04,-2.778488610000000021e-04,-2.807368310000000035e-04,-2.790197549999999982e-04,-2.777791820000000025e-04,-2.810235210000000148e-04
CDiw,0.000000000000000000e+00,5.232952500000000276e-05,4.372083400000000296e-05,4.788785400000000021e-05,4.685046300000000023e-05,4.662106999999999780e-05,4.663585000000000175e-05,4.658942100000000233e-05
CDo,1.081186604200000054e-02,1.081508997800000038e-02,1.081474677100000004e-02,1.081481222499999957e-02,1.081477672599999960e-02,1.081476974099999933e-02,1.081477183800000005e-02,1.081478079599999982e-02
CDtot,1.081186604200000054e-02,1.050318613100000020e-02,1.053081480799999969e-02,1.053696336400000017e-02,1.053403989499999971e-02,1.053574998699999959e-02,1.053699265599999935e-02,1.053375727499999970e-02
CDwtot,1.081186604200000054e-02,1.086741950300000072e-02,1.085846760499999987e-02,1.086270007800000000e-02,1.086162718900000011e-02,1.086139081100000008e-02,1.086140768800000073e-02,1.086137021699999997e-02
CFxi,0.000000000000000000e+00,-3.119038470000000157e-04,-2.839319630000000172e-04,-2.778488610000000021e-04,-2.807368310000000035e-04,-2.790197549999999982e-04,-2.777791820000000025e-04,-2.810235210000000148e-04
CFxiw,0.000000000000000000e+00,5.232952500000000276e-05,4.372083400000000296e-05,4.788785400000000021e-05,4.685046300000000023e-05,4.662106999999999780e-05,4.663585000000000175e-05,4.658942100000000233e-05
CFxo,1.081186604200000054e-02,1.081508997800000038e-02,1.081474677100000004e-02,1.081481222499999957e-02,1.081477672599999960e-02,1.081476974099999933e-02,1.081477183800000005e-02,1.081478079599999982e-02
CFxtot,1.081186604200000054e-02,1.050318613100000020e-02,1.053081480799999969e-02,1.053696336400000017e-02,1.053403989499999971e-02,1.053574998699999959e-02,1.053699265599999935e-02,1.053375727499999970e-02
CFxwtot,1.081186604200000054e-02,1.086741950300000072e-02,1.085846760499999987e-02,1.086270007800000000e-02,1.086162718900000011e-02,1.086139081100000008e-02,1.086140768800000073e-02,1.086137021699999997e-02
CFyi,0.000000000000000000e+00,-9.792634800000000258e-05,-2.301422969999999989e-04,-3.053077889999999874e-04,-2.554551069999999786e-04,-2.527953870000000203e-04,-2.628807349999999943e-04,-2.719100129999999925e-04
CFyiw,0.000000000000000000e+00,1.482183309999999881e-04,5.247979499999999819e-05,-2.548947999999999909e-06,3.835363399999999783e-05,4.406991299999999854e-05,3.893178799999999934e-05,3.290252699999999934e-05
CFyo,-3.297699999999999810e-08,-3.284600000000000176e-08,-3.287299999999999929e-08,-3.287199999999999815e-08,-3.287199999999999815e-08,-3.287099999999999702e-08,-3.287000000000000250e-08,-3.287000000000000250e-08
CFytot,-3.297699999999999810e-08,-9.795919300000000311e-05,-2.301751699999999960e-04,-3.053406609999999885e-04,-2.554879789999999797e-04,-2.528282580000000253e-04,-2.629136059999999993e-04,-2.719428839999999976e-04
CFywtot,-3.297699999999999810e-08,1.481854859999999876e-04,5.244692200000000112e-05,-2.581820000000000126e-06,3.832076299999999955e-05,4.403704200000000025e-05,3.889891799999999707e-05,3.286965699999999706e-05
CFzi,0.000000000000000000e+00,2.243912136900000007e-02,2.082502554099999875e-02,2.078714181500000008e-02,2.083185629900000113e-02,2.085085420800000117e-02,2.086121139400000032e-02,2.085367532500000121e-02
CFziw,0.000000000000000000e+00,9.544732125000000150e-03,8.066212367999999952e-03,8.065105216000000368e-03,8.112479723999999406e-03,8.140603260000000424e-03,8.151027821000000548e-03,8.154186707999999673e-03
CFzo,2.177382000000000035e-06,2.177554000000000124e-06,2.177541999999999793e-06,2.177586000000000160e-06,2.177563000000000161e-06,2.177561000000000106e-06,2.177563000000000161e-06,2.177564999999999793e-06
CFztot,2.177382000000000035e-06,2.244129892300000123e-02,2.082720308300000170e-02,2.078931940199999981e-02,2.083403386200000096e-02,2.085303176900000013e-02,2.086338895700000015e-02,2.085585288999999842e-02
CFzwtot,2.177382000000000035e-06,9.546909678999999579e-03,8.068389909999999429e-03,8.067282801999999670e-03,8.114657286999999233e-03,8.142780820999999392e-03,8.153205384000000375e-03,8.156364273000000359e-03
CLi,0.000000000000000000e+00,2.243912136900000007e-02,2.082502554099999875e-02,2.078714181500000008e-02,2.083185629900000113e-02,2.085085420800000117e-02,2.086121139400000032e-02,2.085367532500000121e-02
CLiw,0.000000000000000000e+00,9.544732125000000150e-03,8.066212367999999952e-03,8.065105216000000368e-03,8.112479723999999406e-03,8.140603260000000424e-03,8.151027821000000548e-03,8.154186707999999673e-03
CLo,2.177382000000000035e-06,2.177554000000000124e-06,2.177541999999999793e-06,2.177586000000000160e-06,2.177563000000000161e-06,2.177561000000000106e-06,2.177563000000000161e-06,2.177564999999999793e-06
CLtot,2.177382000000000035e-06,2.244129892300000123e-02,2.082720308300000170e-02,2.078931940199999981e-02,2.083403386200000096e-02,2.085303176900000013e-02,2.086338895700000015e-02,2.085585288999999842e-02
CLwtot,2.177382000000000035e-06,9.546909678999999579e-03,8.068389909999999429e-03,8.067282801999999670e-03,8.114657286999999233e-03,8.142780820999999392e-03,8.153205384000000375e-03,8.156364273000000359e-03
CMxi,0.000000000000000000e+00,-3.549254930000000029e-04,-3.523614439999999976e-04,-3.495372689999999799e-04,-3.512990650000000236e-04,-3.544041249999999922e-04,-3.555440560000000028e-04,-3.584441339999999785e-04
CMxo,4.089999999999999835e-10,4.049999999999999973e-10,4.069999999999999904e-10,4.089999999999999835e-10,4.079999999999999869e-10,4.069999999999999904e-10,4.079999999999999869e-10,4.079999999999999869e-10
CMxtot,4.089999999999999835e-10,-3.549250879999999949e-04,-3.523610369999999976e-04,-3.495368599999999879e-04,-3.512986569999999734e-04,-3.544037179999999921e-04,-3.555436490000000028e-04,-3.584437259999999825e-04
CMyi,0.000000000000000000e+00,1.333611810199999970e-02,1.510350538200000078e-02,1.526257915000000034e-02,1.515288068300000082e-02,1.512619835100000032e-02,1.510120862999999973e-02,1.512505169900000071e-02
CMyo,5.746268240000000247e-04,5.749706050000000278e-04,5.749285029999999909e-04,5.749405329999999516e-04,5.749360559999999514e-04,5.749355059999999807e-04,5.749368119999999664e-04,5.749386879999999513e-04
CMytot,5.746268240000000247e-04,1.391108870600000005e-02,1.567843388499999893e-02,1.583751968400000029e-02,1.572781673899999871e-02,1.570113385700000128e-02,1.567614544200000154e-02,1.569999038699999849e-02
CMzi,0.000000000000000000e+00,2.737826680000000163e-04,2.015582079999999926e-04,1.628006989999999986e-04,1.901169239999999879e-04,1.909395449999999866e-04,1.840927019999999989e-04,1.777844569999999940e-04
CMzo,-1.373200000000000014e-08,9.647399999999999421e-08,8.092799999999999516e-08,7.744400000000000181e-08,7.880299999999999433e-08,7.847999999999999865e-08,7.788000000000000651e-08,7.713900000000000008e-08
CMztot,-1.373200000000000014e-08,2.738791420000000133e-04,2.016391349999999876e-04,1.628781430000000060e-04,1.901957270000000132e-04,1.910180250000000014e-04,1.841705819999999989e-04,1.778615960000000005e-04
CSi,0.000000000000000000e+00,-9.792634800000000258e-05,-2.301422969999999989e-04,-3.053077889999999874e-04,-2.554551069999999786e-04,-2.527953870000000203e-04,-2.628807349999999943e-04,-2.719100129999999925e-04
CSiw,0.000000000000000000e+00,1.482183309999999881e-04,5.247979499999999819e-05,-2.548947999999999909e-06,3.835363399999999783e-05,4.406991299999999854e-05,3.893178799999999934e-05,3.290252699999999934e-05
CSo,-3.297699999999999810e-08,-3.284600000000000176e-08,-3.287299999999999929e-08,-3.287199999999999815e-08,-3.287199999999999815e-08,-3.287099999999999702e-08,-3.287000000000000250e-08,-3.287000000000000250e-08
CStot,-3.297699999999999810e-08,-9.795919300000000311e-05,-2.301751699999999960e-04,-3.053406609999999885e-04,-2.554879789999999797e-04,-2.528282580000000253e-04,-2.629136059999999993e-04,-2.719428839999999976e-04
CSwtot,-3.297699999999999810e-08,1.481854859999999876e-04,5.244692200000000112e-05,-2.581820000000000126e-06,3.832076299999999955e-05,4.403704200000000025e-05,3.889891799999999707e-05,3.286965699999999706e-05
E,0.000000000000000000e+00,0.000000000000000000e+00,0.000000000000000000e+00,0.000000000000000000e+00,0.000000000000000000e+00,0.000000000000000000e+00,0.000000000000000000e+00,0.000000000000000000e+00
Ew,0.000000000000000000e+00,1.634170611920000016e-01,1.396907233730000086e-01,1.275003570590000079e-01,1.318590850789999880e-01,1.334282039209999937e-01,1.337277547090000018e-01,1.339647952909999995e-01
FC_AoA_,0.000000000000000000e+00
FC_Beta_,0.000000000000000000e+00
FC_Bref_,3.727034100000000194e+01
FC_Cref_,1.236139999999999972e+01
FC_Mach_,1.000000000000000021e-03
FC_Pitch_Rate,0.000000000000000000e+00
FC_ReCref_,1.000000000000000000e+07
FC_Rho_,2.377000000000000206e-03
FC_Roll__Rate,0.000000000000000000e+00
FC_Sref_,4.096313739999999939e+02
FC_Vinf_,1.000000000000000000e+02
FC_Xcg_,2.046778000000000119e+01
FC_Yaw___Rate,0.000000000000000000e+00
FC_Ycg_,0.000000000000000000e+00
FC_Zcg_,0.000000000000000000e+00
L/D,0.000000000000000000e+00,2.136410903197000000e+00,1.977532215854000075e+00,1.972782963877000029e+00,1.977575223387000092e+00,1.979057422075999995e+00,1.979806959762999918e+00,1.979699624727000007e+00
L/Dw,0.000000000000000000e+00,8.782887347309999981e-01,7.428499731230000513e-01,7.424586113650000208e-01,7.468935899790000166e-01,7.494991572700000493e-01,7.504577726340000421e-01,7.507511984610000244e-01
Mach,1.000000000000000021e-03,1.000000000000000021e-03,1.000000000000000021e-03,1.000000000000000021e-03,1.000000000000000021e-03,1.000000000000000021e-03,1.000000000000000021e-03,1.000000000000000021e-03
T/QS,0.000000000000000000e+00,0.000000000000000000e+00,0.000000000000000000e+00,0.000000000000000000e+00,0.000000000000000000e+00,0.000000000000000000e+00,0.000000000000000000e+00,0.000000000000000000e+00
WakeIter,1,2,3,4,5,6,7,8
WallTime,1.981000000000000094e+00,3.821000000000000174e+00,5.443999999999999950e+00,7.126999999999999780e+00,8.847999999998000575e+00,1.047599999999900078e+01,1.206900000000000084e+01,1.371900000000099951e+01
log10( L2Residual ),1.272910639562000013e+00,-5.056059490709999826e-01,-1.009707429409999913e+00,-1.248868315568000043e+00,-1.500746141670999956e+00,-1.639572102200000048e+00,-1.692732898764000016e+00,-1.742414874615999976e+00
log10( MaxResidual ),1.999546744372999951e+00,1.015627767762999900e+00,2.919201804439999770e-01,-1.119245891299999913e-02,-3.370344304830000248e-01,-6.507011679269999460e-01,-6.994838740659999887e-01,-6.379260414039999993e-01
Results_Name,VSPAERO_Polar
Results_Timestamp,1788933779
Results_Date,9,9,2026
Results_Time,9,2,59
Alpha,0.000000000000000000e+00
Beta,0.000000000000000000e+00
CDi,-2.810235210000000148e-04
CDiw,4.658942100000000233e-05
CDo,1.081478079599999982e-02
CDtot,1.053375727499999970e-02
CDwtot,1.086137021699999997e-02
CFix,-2.810235210000000148e-04
CFiy,-2.719100129999999925e-04
CFiz,2.085367532500000121e-02
CFox,1.081478079599999982e-02
CFoy,-3.287000000000000250e-08
CFoz,2.177564999999999793e-06
CFxtot,1.053375727499999970e-02
CFytot,-2.719428839999999976e-04
CFztot,2.085585288999999842e-02
CLi,2.085367532500000121e-02
CLiw,8.154186707999999673e-03
CLo,2.177564999999999793e-06
CLtot,2.085585288999999842e-02
CLwtot,8.156364273000000359e-03
CMix,-3.584441339999999785e-04
CMiy,1.512505169900000071e-02
CMiz,1.777844569999999940e-04
CMox,4.079999999999999869e-10
CMoy,5.749386879999999513e-04
CMoz,7.713900000000000008e-08
CMxtot,-3.584437259999999825e-04
CMytot,1.569999038699999849e-02
CMztot,1.778615960000000005e-04
CSi,-2.719100129999999925e-04
CSiw,3.290252699999999934e-05
CSo,-3.287000000000000250e-08
CStot,-2.719428839999999976e-04
CSwtot,3.286965699999999706e-05
E,-1.452880637039999923e-01
Ew,-1.452880637039999923e-01
L_D,1.979906347285999901e+00
L_Dw,1.979906347285999901e+00
Mach,0.000000000000000000e+00
Re_1e6,1.000000000000000000e+01
StallFactor,1.000000000000000000e+00
Results_Name,VSPAERO_Load
Results_Timestamp,1788933779
Results_Date,9,9,2026
Results_Time,9,2,59
Angle ,0.000000000000000000e+00,0.000000000000000000e+00,0.000000000000000000e+00,0.000000000000000000e+00,0.000000000000000000e+00,0.000000000000000000e+00,0.000000000000000000e+00,0.000000000000000000e+00,0.000000000000000000e+00,0.000000000000000000e+00,0.000000000000000000e+00,0.000000000000000000e+00,0.000000000000000000e+00,0.000000000000000000e+00,0.000000000000000000e+00,0.000000000000000000e+00,0.000000000000000000e+00,0.000000000000000000e+00,0.000000000000000000e+00,0.000000000000000000e+00,0.000000000000000000e+00,0.000000000000000000e+00,0.000000000000000000e+00,0.000000000000000000e+00,0.000000000000000000e+00,0.000000000000000000e+00,0.000000000000000000e+00,0.000000000000000000e+00,0.000000000000000000e+00,0.000000000000000000e+00,0.000000000000000000e+00,0.000000000000000000e+00,0.000000000000000000e+00,0.000000000000000000e+00,0.000000000000000000e+00,0.000000000000000000e+00,0.000000000000000000e+00,0.000000000000000000e+00,0.000000000000000000e+00,0.000000000000000000e+00,0.000000000000000000e+00,0.000000000000000000e+00,0.000000000000000000e+00,0.000000000000000000e+00,0.000000000000000000e+00,0.000000000000000000e+00,0.000000000000000000e+00,0.000000000000000000e+00,0.000000000000000000e+00,0.000000000000000000e+00,0.000000000000000000e+00,0.000000000000000000e+00
CP,0.000000000000000000e+00,0.000000000000000000e+00,0.000000000000000000e+00,0.000000000000000000e+00,0.000000000000000000e+00,0.000000000000000000e+00,0.000000000000000000e+00,0.000000000000000000e+00,0.000000000000000000e+00,0.000000000000000000e+00,0.000000000000000000e+00,0.000000000000000000e+00,0.000000000000000000e+00,0.000000000000000000e+00,0.000000000000000000e+00,0.000000000000000000e+00,0.000000000000000000e+00,0.000000000000000000e+00,0.000000000000000000e+00,0.000000000000000000e+00,0.000000000000000000e+00,0.000000000000000000e+00,0.000000000000000000e+00,0.000000000000000000e+00,0.000000000000000000e+00,0.000000000000000000e+00,0.000000000000000000e+00,0.000000000000000000e+00,0.000000000000000000e+00,0.000000000000000000e+00,0.000000000000000000e+00,0.000000000000000000e+00,0.000000000000000000e+00,0.000000000000000000e+00,0.000000000000000000e+00,0.000000000000000000e+00,0.000000000000000000e+00,0.000000000000000000e+00,0.000000000000000000e+00,0.000000000000000000e+00,0.000000000000000000e+00,0.000000000000000000e+00,0.000000000000000000e+00,0.000000000000000000e+00,0.000000000000000000e+00,0.000000000000000000e+00,0.000000000000000000e+00,0.000000000000000000e+00,0.000000000000000000e+00,0.000000000000000000e+00,0.000000000000000000e+00,0.000000000000000000e+00
CP_h,0.000000000000000000e+00,0.000000000000000000e+00,0.000000000000000000e+00,0.000000000000000000e+00,0.000000000000000000e+00,0.000000000000000000e+00,0.000000000000000000e+00,0.000000000000000000e+00,0.000000000000000000e+00,0.000000000000000000e+00,0.000000000000000000e+00,0.000000000000000000e+00,0.000000000000000000e+00,0.000000000000000000e+00,0.000000000000000000e+00,0.000000000000000000e+00,0.000000000000000000e+00,0.000000000000000000e+00,0.000000000000000000e+00,0.000000000000000000e+00,0.000000000000000000e+00,0.000000000000000000e+00,0.000000000000000000e+00,0.000000000000000000e+00,0.000000000000000000e+00,0.000000000000000000e+00,0.000000000000000000e+00,0.000000000000000000e+00,0.000000000000000000e+00,0.000000000000000000e+00,0.000000000000000000e+00,0.000000000000000000e+00,0.000000000000000000e+00,0.000000000000000000e+00,0.000000000000000000e+00,0.000000000000000000e+00,0.000000000000000000e+00,0.000000000000000000e+00,0.000000000000000000e+00,0.000000000000000000e+00,0.000000000000000000e+00,0.000000000000000000e+00,0.000000000000000000e+00,0.000000000000000000e+00,0.000000000000000000e+00,0.000000000000000000e+00,0.000000000000000000e+00,0.000000000000000000e+00,0.000000000000000000e+00,0.000000000000000000e+00,0.000000000000000000e+00,0.000000000000000000e+00
CQ,0.000000000000000000e+00,0.000000000000000000e+00,0.000000000000000000e+00,0.000000000000000000e+00,0.000000000000000000e+00,0.000000000000000000e+00,0.000000000000000000e+00,0.000000000000000000e+00,0.000000000000000000e+00,0.000000000000000000e+00,0.000000000000000000e+00,0.000000000000000000e+00,0.000000000000000000e+00,0.000000000000000000e+00,0.000000000000000000e+00,0.000000000000000000e+00,0.000000000000000000e+00,0.000000000000000000e+00,0.000000000000000000e+00,0.000000000000000000e+00,0.000000000000000000e+00,0.000000000000000000e+00,0.000000000000000000e+00,0.000000000000000000e+00,0.000000000000000000e+00,0.000000000000000000e+00,0.000000000000000000e+00,0.000000000000000000e+00,0.000000000000000000e+00,0.000000000000000000e+00,0.000000000000000000e+00,0.000000000000000000e+00,0.000000000000000000e+00,0.000000000000000000e+00,0.000000000000000000e+00,0.000000000000000000e+00,0.000000000000000000e+00,0.000000000000000000e+00,0.000000000000000000e+00,0.000000000000000000e+00,0.000000000000000000e+00,0.000000000000000000e+00,0.000000000000000000e+00,0.000000000000000000e+00,0.000000000000000000e+00,0.000000000000000000e+00,0.000000000000000000e+00,0.000000000000000000e+00,0.000000000000000000e+00,0.000000000000000000e+00,0.000000000000000000e+00,0.000000000000000000e+00
CQ_h,0.000000000000000000e+00,0.000000000000000000e+00,0.000000000000000000e+00,0.000000000000000000e+00,0.000000000000000000e+00,0.000000000000000000e+00,0.000000000000000000e+00,0.000000000000000000e+00,0.000000000000000000e+00,0.000000000000000000e+00,0.000000000000000000e+00,0.000000000000000000e+00,0.000000000000000000e+00,0.000000000000000000e+00,0.000000000000000000e+00,0.000000000000000000e+00,0.000000000000000000e+00,0.000000000000000000e+00,0.000000000000000000e+00,0.000000000000000000e+00,0.000000000000000000e+00,0.000000000000000000e+00,0.000000000000000000e+00,0.000000000000000000e+00,0.000000000000000000e+00,0.000000000000000000e+00,0.000000000000000000e+00,0.000000000000000000e+00,0.000000000000000000e+00,0.000000000000000000e+00,0.000000000000000000e+00,0.000000000000000000e+00,0.000000000000000000e+00,0.000000000000000000e+00,0.000000000000000000e+00,0.000000000000000000e+00,0.000000000000000000e+00,0.000000000000000000e+00,0.000000000000000000e+00,0.000000000000000000e+00,0.000000000000000000e+00,0.000000000000000000e+00,0.000000000000000000e+00,0.000000000000000000e+00,0.000000000000000000e+00,0.000000000000000000e+00,0.000000000000000000e+00,0.000000000000000000e+00,0.000000000000000000e+00,0.000000000000000000e+00,0.000000000000000000e+00,0.000000000000000000e+00
CT,0.000000000000000000e+00,0.000000000000000000e+00,0.000000000000000000e+00,0.000000000000000000e+00,0.000000000000000000e+00,0.000000000000000000e+00,0.000000000000000000e+00,0.000000000000000000e+00,0.000000000000000000e+00,0.000000000000000000e+00,0.000000000000000000e+00,0.000000000000000000e+00,0.000000000000000000e+00,0.000000000000000000e+00,0.000000000000000000e+00,0.000000000000000000e+00,0.000000000000000000e+00,0.000000000000000000e+00,0.000000000000000000e+00,0.000000000000000000e+00,0.000000000000000000e+00,0.000000000000000000e+00,0.000000000000000000e+00,0.000000000000000000e+00,0.000000000000000000e+00,0.000000000000000000e+00,0.000000000000000000e+00,0.000000000000000000e+00,0.000000000000000000e+00,0.000000000000000000e+00,0.000000000000000000e+00,0.000000000000000000e+00,0.000000000000000000e+00,0.000000000000000000e+00,0.000000000000000000e+00,0.000000000000000000e+00,0.000000000000000000e+00,0.000000000000000000e+00,0.000000000000000000e+00,0.000000000000000000e+00,0.000000000000000000e+00,0.000000000000000000e+00,0.000000000000000000e+00,0.000000000000000000e+00,0.000000000000000000e+00,0.000000000000000000e+00,0.000000000000000000e+00,0.000000000000000000e+00,0.000000000000000000e+00,0.000000000000000000e+00,0.000000000000000000e+00,0.000000000000000000e+00
CT_h,0.000000000000000000e+00,0.000000000000000000e+00,0.000000000000000000e+00,0.000000000000000000e+00,0.000000000000000000e+00,0.000000000000000000e+00,0.000000000000000000e+00,0.000000000000000000e+00,0.000000000000000000e+00,0.000000000000000000e+00,0.000000000000000000e+00,0.000000000000000000e+00,0.000000000000000000e+00,0.000000000000000000e+00,0.000000000000000000e+00,0.000000000000000000e+00,0.000000000000000000e+00,0.000000000000000000e+00,0.000000000000000000e+00,0.000000000000000000e+00,0.000000000000000000e+00,0.000000000000000000e+00,0.000000000000000000e+00,0.000000000000000000e+00,0.000000000000000000e+00,0.000000000000000000e+00,0.000000000000000000e+00,0.000000000000000000e+00,0.000000000000000000e+00,0.000000000000000000e+00,0.000000000000000000e+00,0.000000000000000000e+00,0.000000000000000000e+00,0.000000000000000000e+00,0.000000000000000000e+00,0.000000000000000000e+00,0.000000000000000000e+00,0.000000000000000000e+00,0.000000000000000000e+00,0.000000000000000000e+00,0.000000000000000000e+00,0.000000000000000000e+00,0.000000000000000000e+00,0.000000000000000000e+00,0.000000000000000000e+00,0.000000000000000000e+00,0.000000000000000000e+00,0.000000000000000000e+00,0.000000000000000000e+00,0.000000000000000000e+00,0.000000000000000000e+00,0.000000000000000000e+00
Chord,2.783650000000000091e+01,2.553526000000000096e+01,2.229157999999999973e+01,1.904789999999999850e+01,1.580504999999999960e+01,8.801230000000000331e+00,1.329585999999999935e+01,1.152286999999999928e+01,9.749940000000000495e+00,7.977039999999999687e+00,6.204130000000000145e+00,2.782276999999999845e+01,2.553526000000000096e+01,2.229157999999999973e+01,1.904789999999999850e+01,1.580504999999999960e+01,8.801230000000000331e+00,1.329585999999999935e+01,1.152286999999999928e+01,9.749940000000000495e+00,7.977039999999999687e+00,6.204130000000000145e+00,7.726409999999999556e+00,6.870750000000000135e+00,6.015089999999999826e+00,5.159430000000000405e+00,4.303770000000000095e+00,7.726409999999999556e+00,6.870750000000000135e+00,6.015089999999999826e+00,5.159430000000000405e+00,4.303770000000000095e+00,1.722927999999999926e+01,1.511140999999999934e+01,1.353214000000000006e+01,1.195287000000000077e+01,1.037359000000000009e+01,8.843740000000000379e+00,7.363299999999999734e+00,5.882859999999999978e+00,4.402420000000000222e+00,2.921980000000000022e+00,1.722927999999999926e+01,1.511140999999999934e+01,1.353214000000000006e+01,1.195287000000000077e+01,1.037359000000000009e+01,8.843740000000000379e+00,7.363299999999999734e+00,5.882859999999999978e+00,4.402420000000000222e+00,2.921980000000000022e+00
Diameter,0.000000000000000000e+00,0.000000000000000000e+00,0.000000000000000000e+00,0.000000000000000000e+00,0.000000000000000000e+00,0.000000000000000000e+00,0.000000000000000000e+00,0.000000000000000000e+00,0.000000000000000000e+00,0.000000000000000000e+00,0.000000000000000000e+00,0.000000000000000000e+00,0.000000000000000000e+00,0.000000000000000000e+00,0.000000000000000000e+00,0.000000000000000000e+00,0.000000000000000000e+00,0.000000000000000000e+00,0.000000000000000000e+00,0.000000000000000000e+00,0.000000000000000000e+00,0.000000000000000000e+00,0.000000000000000000e+00,0.000000000000000000e+00,0.000000000000000000e+00,0.000000000000000000e+00,0.000000000000000000e+00,0.000000000000000000e+00,0.000000000000000000e+00,0.000000000000000000e+00,0.000000000000000000e+00,0.000000000000000000e+00,0.000000000000000000e+00,0.000000000000000000e+00,0.000000000000000000e+00,0.000000000000000000e+00,0.000000000000000000e+00,0.000000000000000000e+00,0.000000000000000000e+00,0.000000000000000000e+00,0.000000000000000000e+00,0.000000000000000000e+00,0.000000000000000000e+00,0.000000000000000000e+00,0.000000000000000000e+00,0.000000000000000000e+00,0.000000000000000000e+00,0.000000000000000000e+00,0.000000000000000000e+00,0.000000000000000000e+00,0.000000000000000000e+00,0.000000000000000000e+00
ETAP,0.000000000000000000e+00,0.000000000000000000e+00,0.000000000000000000e+00,0.000000000000000000e+00,0.000000000000000000e+00,0.000000000000000000e+00,0.000000000000000000e+00,0.000000000000000000e+00,0.000000000000000000e+00,0.000000000000000000e+00,0.000000000000000000e+00,0.000000000000000000e+00,0.000000000000000000e+00,0.000000000000000000e+00,0.000000000000000000e+00,0.000000000000000000e+00,0.000000000000000000e+00,0.000000000000000000e+00,0.000000000000000000e+00,0.000000000000000000e+00,0.000000000000000000e+00,0.000000000000000000e+00,0.000000000000000000e+00,0.000000000000000000e+00,0.000000000000000000e+00,0.000000000000000000e+00,0.000000000000000000e+00,0.000000000000000000e+00,0.000000000000000000e+00,0.000000000000000000e+00,0.000000000000000000e+00,0.000000000000000000e+00,0.000000000000000000e+00,0.000000000000000000e+00,0.000000000000000000e+00,0.000000000000000000e+00,0.000000000000000000e+00,0.000000000000000000e+00,0.000000000000000000e+00,0.000000000000000000e+00,0.000000000000000000e+00,0.000000000000000000e+00,0.000000000000000000e+00,0.000000000000000000e+00,0.000000000000000000e+00,0.000000000000000000e+00,0.000000000000000000e+00,0.000000000000000000e+00,0.000000000000000000e+00,0.000000000000000000e+00,0.000000000000000000e+00,0.000000000000000000e+00
FC_AoA_,0.000000000000000000e+00
FC_Beta_,0.000000000000000000e+00
FC_Bref_,3.727034100000000194e+01
FC_Cref_,1.236139999999999972e+01
FC_Mach_,1.000000000000000021e-03
FC_Pitch_Rate,0.000000000000000000e+00
FC_Rho_,2.377000000000000206e-03
FC_Roll__Rate,0.000000000000000000e+00
FC_Sref_,4.096313739999999939e+02
FC_Vinf_,1.000000000000000000e+02
FC_Xcg_,2.046778000000000119e+01
FC_Yaw___Rate,0.000000000000000000e+00
FC_Ycg_,0.000000000000000000e+00
FC_Zcg_,0.000000000000000000e+00
FOM,0.000000000000000000e+00,0.000000000000000000e+00,0.000000000000000000e+00,0.000000000000000000e+00,0.000000000000000000e+00,0.000000000000000000e+00,0.000000000000000000e+00,0.000000000000000000e+00,0.000000000000000000e+00,0.000000000000000000e+00,0.000000000000000000e+00,0.000000000000000000e+00,0.000000000000000000e+00,0.000000000000000000e+00,0.000000000000000000e+00,0.000000000000000000e+00,0.000000000000000000e+00,0.000000000000000000e+00,0.000000000000000000e+00,0.000000000000000000e+00,0.000000000000000000e+00,0.000000000000000000e+00,0.000000000000000000e+00,0.000000000000000000e+00,0.000000000000000000e+00,0.000000000000000000e+00,0.000000000000000000e+00,0.000000000000000000e+00,0.000000000000000000e+00,0.000000000000000000e+00,0.000000000000000000e+00,0.000000000000000000e+00,0.000000000000000000e+00,0.000000000000000000e+00,0.000000000000000000e+00,0.000000000000000000e+00,0.000000000000000000e+00,0.000000000000000000e+00,0.000000000000000000e+00,0.000000000000000000e+00,0.000000000000000000e+00,0.000000000000000000e+00,0.000000000000000000e+00,0.000000000000000000e+00,0.000000000000000000e+00,0.000000000000000000e+00,0.000000000000000000e+00,0.000000000000000000e+00,0.000000000000000000e+00,0.000000000000000000e+00,0.000000000000000000e+00,0.000000000000000000e+00
IsARotor,0,0,0,0,0,0,0,0,0,0,0,0,0,0,0,0,0,0,0,0,0,0,0,0,0,0,0,0,0,0,0,0,0,0,0,0,0,0,0,0,0,0,0,0,0,0,0,0,0,0,0,0
Iter,8,8,8,8,8,8,8,8,8,8,8,8,8,8,8,8,8,8,8,8,8,8,8,8,8,8,8,8,8,8,8,8,8,8,8,8,8,8,8,8,8,8,8,8,8,8,8,8,8,8,8,8
J,0.000000000000000000e+00,0.000000000000000000e+00,0.000000000000000000e+00,0.000000000000000000e+00,0.000000000000000000e+00,0.000000000000000000e+00,0.000000000000000000e+00,0.000000000000000000e+00,0.000000000000000000e+00,0.000000000000000000e+00,0.000000000000000000e+00,0.000000000000000000e+00,0.000000000000000000e+00,0.000000000000000000e+00,0.000000000000000000e+00,0.000000000000000000e+00,0.000000000000000000e+00,0.000000000000000000e+00,0.000000000000000000e+00,0.000000000000000000e+00,0.000000000000000000e+00,0.000000000000000000e+00,0.000000000000000000e+00,0.000000000000000000e+00,0.000000000000000000e+00,0.000000000000000000e+00,0.000000000000000000e+00,0.000000000000000000e+00,0.000000000000000000e+00,0.000000000000000000e+00,0.000000000000000000e+00,0.000000000000000000e+00,0.000000000000000000e+00,0.000000000000000000e+00,0.000000000000000000e+00,0.000000000000000000e+00,0.000000000000000000e+00,0.000000000000000000e+00,0.000000000000000000e+00,0.000000000000000000e+00,0.000000000000000000e+00,0.000000000000000000e+00,0.000000000000000000e+00,0.000000000000000000e+00,0.000000000000000000e+00,0.000000000000000000e+00,0.000000000000000000e+00,0.000000000000000000e+00,0.000000000000000000e+00,0.000000000000000000e+00,0.000000000000000000e+00,0.000000000000000000e+00
Moment,0.000000000000000000e+00,0.000000000000000000e+00,0.000000000000000000e+00,0.000000000000000000e+00,0.000000000000000000e+00,0.000000000000000000e+00,0.000000000000000000e+00,0.000000000000000000e+00,0.000000000000000000e+00,0.000000000000000000e+00,0.000000000000000000e+00,0.000000000000000000e+00,0.000000000000000000e+00,0.000000000000000000e+00,0.000000000000000000e+00,0.000000000000000000e+00,0.000000000000000000e+00,0.000000000000000000e+00,0.000000000000000000e+00,0.000000000000000000e+00,0.000000000000000000e+00,0.000000000000000000e+00,0.000000000000000000e+00,0.000000000000000000e+00,0.000000000000000000e+00,0.000000000000000000e+00,0.000000000000000000e+00,0.000000000000000000e+00,0.000000000000000000e+00,0.000000000000000000e+00,0.000000000000000000e+00,0.000000000000000000e+00,0.000000000000000000e+00,0.000000000000000000e+00,0.000000000000000000e+00,0.000000000000000000e+00,0.000000000000000000e+00,0.000000000000000000e+00,0.000000000000000000e+00,0.000000000000000000e+00,0.000000000000000000e+00,0.000000000000000000e+00,0.000000000000000000e+00,0.000000000000000000e+00,0.000000000000000000e+00,0.000000000000000000e+00,0.000000000000000000e+00,0.000000000000000000e+00,0.000000000000000000e+00,0.000000000000000000e+00,0.000000000000000000e+00,0.000000000000000000e+00
Momenti,0.000000000000000000e+00,0.000000000000000000e+00,0.000000000000000000e+00,0.000000000000000000e+00,0.000000000000000000e+00,0.000000000000000000e+00,0.000000000000000000e+00,0.000000000000000000e+00,0.000000000000000000e+00,0.000000000000000000e+00,0.000000000000000000e+00,0.000000000000000000e+00,0.000000000000000000e+00,0.000000000000000000e+00,0.000000000000000000e+00,0.000000000000000000e+00,0.000000000000000000e+00,0.000000000000000000e+00,0.000000000000000000e+00,0.000000000000000000e+00,0.000000000000000000e+00,0.000000000000000000e+00,0.000000000000000000e+00,0.000000000000000000e+00,0.000000000000000000e+00,0.000000000000000000e+00,0.000000000000000000e+00,0.000000000000000000e+00,0.000000000000000000e+00,0.000000000000000000e+00,0.000000000000000000e+00,0.000000000000000000e+00,0.000000000000000000e+00,0.000000000000000000e+00,0.000000000000000000e+00,0.000000000000000000e+00,0.000000000000000000e+00,0.000000000000000000e+00,0.000000000000000000e+00,0.000000000000000000e+00,0.000000000000000000e+00,0.000000000000000000e+00,0.000000000000000000e+00,0.000000000000000000e+00,0.000000000000000000e+00,0.000000000000000000e+00,0.000000000000000000e+00,0.000000000000000000e+00,0.000000000000000000e+00,0.000000000000000000e+00,0.000000000000000000e+00,0.000000000000000000e+00
Momento,0.000000000000000000e+00,0.000000000000000000e+00,0.000000000000000000e+00,0.000000000000000000e+00,0.000000000000000000e+00,0.000000000000000000e+00,0.000000000000000000e+00,0.000000000000000000e+00,0.000000000000000000e+00,0.000000000000000000e+00,0.000000000000000000e+00,0.000000000000000000e+00,0.000000000000000000e+00,0.000000000000000000e+00,0.000000000000000000e+00,0.000000000000000000e+00,0.000000000000000000e+00,0.000000000000000000e+00,0.000000000000000000e+00,0.000000000000000000e+00,0.000000000000000000e+00,0.000000000000000000e+00,0.000000000000000000e+00,0.000000000000000000e+00,0.000000000000000000e+00,0.000000000000000000e+00,0.000000000000000000e+00,0.000000000000000000e+00,0.000000000000000000e+00,0.000000000000000000e+00,0.000000000000000000e+00,0.000000000000000000e+00,0.000000000000000000e+00,0.000000000000000000e+00,0.000000000000000000e+00,0.000000000000000000e+00,0.000000000000000000e+00,0.000000000000000000e+00,0.000000000000000000e+00,0.000000000000000000e+00,0.000000000000000000e+00,0.000000000000000000e+00,0.000000000000000000e+00,0.000000000000000000e+00,0.000000000000000000e+00,0.000000000000000000e+00,0.000000000000000000e+00,0.000000000000000000e+00,0.000000000000000000e+00,0.000000000000000000e+00,0.000000000000000000e+00,0.000000000000000000e+00
Power,0.000000000000000000e+00,0.000000000000000000e+00,0.000000000000000000e+00,0.000000000000000000e+00,0.000000000000000000e+00,0.000000000000000000e+00,0.000000000000000000e+00,0.000000000000000000e+00,0.000000000000000000e+00,0.000000000000000000e+00,0.000000000000000000e+00,0.000000000000000000e+00,0.000000000000000000e+00,0.000000000000000000e+00,0.000000000000000000e+00,0.000000000000000000e+00,0.000000000000000000e+00,0.000000000000000000e+00,0.000000000000000000e+00,0.000000000000000000e+00,0.000000000000000000e+00,0.000000000000000000e+00,0.000000000000000000e+00,0.000000000000000000e+00,0.000000000000000000e+00,0.000000000000000000e+00,0.000000000000000000e+00,0.000000000000000000e+00,0.000000000000000000e+00,0.000000000000000000e+00,0.000000000000000000e+00,0.000000000000000000e+00,0.000000000000000000e+00,0.000000000000000000e+00,0.000000000000000000e+00,0.000000000000000000e+00,0.000000000000000000e+00,0.000000000000000000e+00,0.000000000000000000e+00,0.000000000000000000e+00,0.000000000000000000e+00,0.000000000000000000e+00,0.000000000000000000e+00,0.000000000000000000e+00,0.000000000000000000e+00,0.000000000000000000e+00,0.000000000000000000e+00,0.000000000000000000e+00,0.000000000000000000e+00,0.000000000000000000e+00,0.000000000000000000e+00,0.000000000000000000e+00
Poweri,0.000000000000000000e+00,0.000000000000000000e+00,0.000000000000000000e+00,0.000000000000000000e+00,0.000000000000000000e+00,0.000000000000000000e+00,0.000000000000000000e+00,0.000000000000000000e+00,0.000000000000000000e+00,0.000000000000000000e+00,0.000000000000000000e+00,0.000000000000000000e+00,0.000000000000000000e+00,0.000000000000000000e+00,0.000000000000000000e+00,0.000000000000000000e+00,0.000000000000000000e+00,0.000000000000000000e+00,0.000000000000000000e+00,0.000000000000000000e+00,0.000000000000000000e+00,0.000000000000000000e+00,0.000000000000000000e+00,0.000000000000000000e+00,0.000000000000000000e+00,0.000000000000000000e+00,0.000000000000000000e+00,0.000000000000000000e+00,0.000000000000000000e+00,0.000000000000000000e+00,0.000000000000000000e+00,0.000000000000000000e+00,0.000000000000000000e+00,0.000000000000000000e+00,0.000000000000000000e+00,0.000000000000000000e+00,0.000000000000000000e+00,0.000000000000000000e+00,0.000000000000000000e+00,0.000000000000000000e+00,0.000000000000000000e+00,0.000000000000000000e+00,0.000000000000000000e+00,0.000000000000000000e+00,0.000000000000000000e+00,0.000000000000000000e+00,0.000000000000000000e+00,0.000000000000000000e+00,0.000000000000000000e+00,0.000000000000000000e+00,0.000000000000000000e+00,0.000000000000000000e+00
Powero,0.000000000000000000e+00,0.000000000000000000e+00,0.000000000000000000e+00,0.000000000000000000e+00,0.000000000000000000e+00,0.000000000000000000e+00,0.000000000000000000e+00,0.000000000000000000e+00,0.000000000000000000e+00,0.000000000000000000e+00,0.000000000000000000e+00,0.000000000000000000e+00,0.000000000000000000e+00,0.000000000000000000e+00,0.000000000000000000e+00,0.000000000000000000e+00,0.000000000000000000e+00,0.000000000000000000e+00,0.000000000000000000e+00,0.000000000000000000e+00,0.000000000000000000e+00,0.000000000000000000e+00,0.000000000000000000e+00,0.000000000000000000e+00,0.000000000000000000e+00,0.000000000000000000e+00,0.000000000000000000e+00,0.000000000000000000e+00,0.000000000000000000e+00,0.000000000000000000e+00,0.000000000000000000e+00,0.000000000000000000e+00,0.000000000000000000e+00,0.000000000000000000e+00,0.000000000000000000e+00,0.000000000000000000e+00,0.000000000000000000e+00,0.000000000000000000e+00,0.000000000000000000e+00,0.000000000000000000e+00,0.000000000000000000e+00,0.000000000000000000e+00,0.000000000000000000e+00,0.000000000000000000e+00,0.000000000000000000e+00,0.000000000000000000e+00,0.000000000000000000e+00,0.000000000000000000e+00,0.000000000000000000e+00,0.000000000000000000e+00,0.000000000000000000e+00,0.000000000000000000e+00
RPM,0.000000000000000000e+00,0.000000000000000000e+00,0.000000000000000000e+00,0.000000000000000000e+00,0.000000000000000000e+00,0.000000000000000000e+00,0.000000000000000000e+00,0.000000000000000000e+00,0.000000000000000000e+00,0.000000000000000000e+00,0.000000000000000000e+00,0.000000000000000000e+00,0.000000000000000000e+00,0.000000000000000000e+00,0.000000000000000000e+00,0.000000000000000000e+00,0.000000000000000000e+00,0.000000000000000000e+00,0.000000000000000000e+00,0.000000000000000000e+00,0.000000000000000000e+00,0.000000000000000000e+00,0.000000000000000000e+00,0.000000000000000000e+00,0.000000000000000000e+00,0.000000000000000000e+00,0.000000000000000000e+00,0.000000000000000000e+00,0.000000000000000000e+00,0.000000000000000000e+00,0.000000000000000000e+00,0.000000000000000000e+00,0.000000000000000000e+00,0.000000000000000000e+00,0.000000000000000000e+00,0.000000000000000000e+00,0.000000000000000000e+00,0.000000000000000000e+00,0.000000000000000000e+00,0.000000000000000000e+00,0.000000000000000000e+00,0.000000000000000000e+00,0.000000000000000000e+00,0.000000000000000000e+00,0.000000000000000000e+00,0.000000000000000000e+00,0.000000000000000000e+00,0.000000000000000000e+00,0.000000000000000000e+00,0.000000000000000000e+00,0.000000000000000000e+00,0.000000000000000000e+00
SoverB,4.191999999999999893e-02,9.855999999999999484e-02,1.552000000000000046e-01,2.118400000000000005e-01,2.626399999999999846e-01,2.684799999999999964e-01,4.147899999999999920e-01,5.611000000000000432e-01,7.074000000000000288e-01,8.537000000000000144e-01,1.000000000000000000e+00,4.191999999999999893e-02,9.855999999999999484e-02,1.552000000000000046e-01,2.118400000000000005e-01,2.626399999999999846e-01,2.684799999999999964e-01,4.147899999999999920e-01,5.611000000000000432e-01,7.074000000000000288e-01,8.537000000000000144e-01,1.000000000000000000e+00,2.000000000000000111e-01,4.000000000000000222e-01,5.999999999999999778e-01,8.000000000000000444e-01,1.000000000000000000e+00,2.000000000000000111e-01,4.000000000000000222e-01,5.999999999999999778e-01,8.000000000000000444e-01,1.000000000000000000e+00,5.262000000000000011e-02,1.052799999999999986e-01,1.579399999999999971e-01,2.105899999999999994e-01,2.632499999999999840e-01,4.106000000000000205e-01,5.579499999999999460e-01,7.053000000000000380e-01,8.526500000000000190e-01,1.000000000000000000e+00,5.262000000000000011e-02,1.052799999999999986e-01,1.579399999999999971e-01,2.105899999999999994e-01,2.632499999999999840e-01,4.106000000000000205e-01,5.579499999999999460e-01,7.053000000000000380e-01,8.526500000000000190e-01,1.000000000000000000e+00
StallFact,1.000000000000000000e+00,1.000000000000000000e+00,1.000000000000000000e+00,1.000000000000000000e+00,1.000000000000000000e+00,1.000000000000000000e+00,1.000000000000000000e+00,1.000000000000000000e+00,1.000000000000000000e+00,1.000000000000000000e+00,1.000000000000000000e+00,1.000000000000000000e+00,1.000000000000000000e+00,1.000000000000000000e+00,1.000000000000000000e+00,1.000000000000000000e+00,1.000000000000000000e+00,1.000000000000000000e+00,1.000000000000000000e+00,1.000000000000000000e+00,1.000000000000000000e+00,1.000000000000000000e+00,1.000000000000000000e+00,1.000000000000000000e+00,1.000000000000000000e+00,1.000000000000000000e+00,1.000000000000000000e+00,1.000000000000000000e+00,1.000000000000000000e+00,1.000000000000000000e+00,1.000000000000000000e+00,1.000000000000000000e+00,1.000000000000000000e+00,1.000000000000000000e+00,1.000000000000000000e+00,1.000000000000000000e+00,1.000000000000000000e+00,1.000000000000000000e+00,1.000000000000000000e+00,1.000000000000000000e+00,1.000000000000000000e+00,1.000000000000000000e+00,1.000000000000000000e+00,1.000000000000000000e+00,1.000000000000000000e+00,1.000000000000000000e+00,1.000000000000000000e+00,1.000000000000000000e+00,1.000000000000000000e+00,1.000000000000000000e+00,1.000000000000000000e+00,1.000000000000000000e+00
Thrust,0.000000000000000000e+00,0.000000000000000000e+00,0.000000000000000000e+00,0.000000000000000000e+00,0.000000000000000000e+00,0.000000000000000000e+00,0.000000000000000000e+00,0.000000000000000000e+00,0.000000000000000000e+00,0.000000000000000000e+00,0.000000000000000000e+00,0.000000000000000000e+00,0.000000000000000000e+00,0.000000000000000000e+00,0.000000000000000000e+00,0.000000000000000000e+00,0.000000000000000000e+00,0.000000000000000000e+00,0.000000000000000000e+00,0.000000000000000000e+00,0.000000000000000000e+00,0.000000000000000000e+00,0.000000000000000000e+00,0.000000000000000000e+00,0.000000000000000000e+00,0.000000000000000000e+00,0.000000000000000000e+00,0.000000000000000000e+00,0.000000000000000000e+00,0.000000000000000000e+00,0.000000000000000000e+00,0.000000000000000000e+00,0.000000000000000000e+00,0.000000000000000000e+00,0.000000000000000000e+00,0.000000000000000000e+00,0.000000000000000000e+00,0.000000000000000000e+00,0.000000000000000000e+00,0.000000000000000000e+00,0.000000000000000000e+00,0.000000000000000000e+00,0.000000000000000000e+00,0.000000000000000000e+00,0.000000000000000000e+00,0.000000000000000000e+00,0.000000000000000000e+00,0.000000000000000000e+00,0.000000000000000000e+00,0.000000000000000000e+00,0.000000000000000000e+00,0.000000000000000000e+00
Thrusti,0.000000000000000000e+00,0.000000000000000000e+00,0.000000000000000000e+00,0.000000000000000000e+00,0.000000000000000000e+00,0.000000000000000000e+00,0.000000000000000000e+00,0.000000000000000000e+00,0.000000000000000000e+00,0.000000000000000000e+00,0.000000000000000000e+00,0.000000000000000000e+00,0.000000000000000000e+00,0.000000000000000000e+00,0.000000000000000000e+00,0.000000000000000000e+00,0.000000000000000000e+00,0.000000000000000000e+00,0.000000000000000000e+00,0.000000000000000000e+00,0.000000000000000000e+00,0.000000000000000000e+00,0.000000000000000000e+00,0.000000000000000000e+00,0.000000000000000000e+00,0.000000000000000000e+00,0.000000000000000000e+00,0.000000000000000000e+00,0.000000000000000000e+00,0.000000000000000000e+00,0.000000000000000000e+00,0.000000000000000000e+00,0.000000000000000000e+00,0.000000000000000000e+00,0.000000000000000000e+00,0.000000000000000000e+00,0.000000000000000000e+00,0.000000000000000000e+00,0.000000000000000000e+00,0.000000000000000000e+00,0.000000000000000000e+00,0.000000000000000000e+00,0.000000000000000000e+00,0.000000000000000000e+00,0.000000000000000000e+00,0.000000000000000000e+00,0.000000000000000000e+00,0.000000000000000000e+00,0.000000000000000000e+00,0.000000000000000000e+00,0.000000000000000000e+00,0.000000000000000000e+00
Thrusto,0.000000000000000000e+00,0.000000000000000000e+00,0.000000000000000000e+00,0.000000000000000000e+00,0.000000000000000000e+00,0.000000000000000000e+00,0.000000000000000000e+00,0.000000000000000000e+00,0.000000000000000000e+00,0.000000000000000000e+00,0.000000000000000000e+00,0.000000000000000000e+00,0.000000000000000000e+00,0.000000000000000000e+00,0.000000000000000000e+00,0.000000000000000000e+00,0.000000000000000000e+00,0.000000000000000000e+00,0.000000000000000000e+00,0.000000000000000000e+00,0.000000000000000000e+00,0.000000000000000000e+00,0.000000000000000000e+00,0.000000000000000000e+00,0.000000000000000000e+00,0.000000000000000000e+00,0.000000000000000000e+00,0.000000000000000000e+00,0.000000000000000000e+00,0.000000000000000000e+00,0.000000000000000000e+00,0.000000000000000000e+00,0.000000000000000000e+00,0.000000000000000000e+00,0.000000000000000000e+00,0.000000000000000000e+00,0.000000000000000000e+00,0.000000000000000000e+00,0.000000000000000000e+00,0.000000000000000000e+00,0.000000000000000000e+00,0.000000000000000000e+00,0.000000000000000000e+00,0.000000000000000000e+00,0.000000000000000000e+00,0.000000000000000000e+00,0.000000000000000000e+00,0.000000000000000000e+00,0.000000000000000000e+00,0.000000000000000000e+00,0.000000000000000000e+00,0.000000000000000000e+00
TrailVort,1,2,3,4,5,6,7,8,9,10,11,1,2,3,4,5,6,7,8,9,10,11,1,2,3,4,5,1,2,3,4,5,1,2,3,4,5,6,7,8,9,10,1,2,3,4,5,6,7,8,9,10
Unsteady,0
V/Vref,1.000000000000000000e+00,1.000000000000000000e+00,1.000000000000000000e+00,1.000000000000000000e+00,1.000000000000000000e+00,1.000000000000000000e+00,1.000000000000000000e+00,1.000000000000000000e+00,1.000000000000000000e+00,1.000000000000000000e+00,1.000000000000000000e+00,1.000000000000000000e+00,1.000000000000000000e+00,1.000000000000000000e+00,1.000000000000000000e+00,1.000000000000000000e+00,1.000000000000000000e+00,1.000000000000000000e+00,1.000000000000000000e+00,1.000000000000000000e+00,1.000000000000000000e+00,1.000000000000000000e+00,1.000000000000000000e+00,1.000000000000000000e+00,1.000000000000000000e+00,1.000000000000000000e+00,1.000000000000000000e+00,1.000000000000000000e+00,1.000000000000000000e+00,1.000000000000000000e+00,1.000000000000000000e+00,1.000000000000000000e+00,1.000000000000000000e+00,1.000000000000000000e+00,1.000000000000000000e+00,1.000000000000000000e+00,1.000000000000000000e+00,1.000000000000000000e+00,1.000000000000000000e+00,1.000000000000000000e+00,1.000000000000000000e+00,1.000000000000000000e+00,1.000000000000000000e+00,1.000000000000000000e+00,1.000000000000000000e+00,1.000000000000000000e+00,1.000000000000000000e+00,1.000000000000000000e+00,1.000000000000000000e+00,1.000000000000000000e+00,1.000000000000000000e+00,1.000000000000000000e+00
VortexSheet,1,1,1,1,1,1,1,1,1,1,1,2,2,2,2,2,2,2,2,2,2,2,3,3,3,3,3,4,4,4,4,4,5,5,5,5,5,5,5,5,5,5,6,6,6,6,6,6,6,6,6,6
Xavg,4.078087000000000018e+01,4.076807999999999765e+01,4.075337999999999994e+01,4.073868999999999829e+01,4.072475000000000023e+01,4.071739999999999782e+01,4.096110000000000184e+01,4.145000000000000284e+01,4.193889000000000067e+01,4.242777000000000243e+01,4.291666000000000025e+01,4.078087000000000018e+01,4.076807999999999765e+01,4.075337999999999994e+01,4.073868999999999829e+01,4.072475000000000023e+01,4.071739999999999782e+01,4.096110000000000184e+01,4.145000000000000284e+01,4.193889000000000067e+01,4.242777000000000243e+01,4.291666000000000025e+01,5.249761000000000166e+01,5.311057999999999879e+01,5.372355999999999909e+01,5.433653000000000333e+01,5.494950000000000045e+01,5.249761000000000166e+01,5.311057999999999879e+01,5.372355999999999909e+01,5.433653000000000333e+01,5.494950000000000045e+01,4.877803999999999718e+01,4.881201000000000079e+01,4.884597999999999729e+01,4.887995000000000090e+01,4.891391999999999740e+01,4.895047999999999888e+01,4.898964999999999748e+01,4.902881000000000000e+01,4.906797999999999860e+01,4.910714000000000112e+01,4.877803999999999718e+01,4.881201000000000079e+01,4.884597999999999729e+01,4.887995000000000090e+01,4.891391999999999740e+01,4.895047999999999888e+01,4.898964999999999748e+01,4.902881000000000000e+01,4.906797999999999860e+01,4.910714000000000112e+01
Yavg,-1.601069999999999993e+00,-2.431420000000000137e+00,-3.385709999999999997e+00,-4.339990000000000236e+00,-5.245099999999999874e+00,-5.722240000000000215e+00,-7.003960000000000186e+00,-9.468999999999999417e+00,-1.193396000000000079e+01,-1.439888999999999974e+01,-1.686382000000000048e+01,1.601069999999999993e+00,2.431420000000000137e+00,3.385709999999999997e+00,4.339990000000000236e+00,5.245099999999999874e+00,5.722240000000000215e+00,7.003960000000000186e+00,9.468999999999999417e+00,1.193396000000000079e+01,1.439888999999999974e+01,1.686382000000000048e+01,6.527630000000000265e+00,7.779630000000000045e+00,9.031620000000000203e+00,1.028360999999999947e+01,1.153560000000000052e+01,-6.527630000000000265e+00,-7.779630000000000045e+00,-9.031620000000000203e+00,-1.028360999999999947e+01,-1.153560000000000052e+01,5.681750000000000078e+00,5.733760000000000190e+00,5.785779999999999923e+00,5.837790000000000035e+00,5.889809999999999768e+00,5.988590000000000302e+00,6.134140000000000370e+00,6.279690000000000438e+00,6.425250000000000128e+00,6.570800000000000196e+00,-5.681750000000000078e+00,-5.733760000000000190e+00,-5.785779999999999923e+00,-5.837790000000000035e+00,-5.889809999999999768e+00,-5.988590000000000302e+00,-6.134140000000000370e+00,-6.279690000000000438e+00,-6.425250000000000128e+00,-6.570800000000000196e+00
Zavg,3.783400000000000096e-01,3.348200000000000065e-01,2.848100000000000076e-01,2.347899999999999987e-01,1.873599999999999988e-01,1.623499999999999943e-01,9.518000000000000071e-02,-3.400999999999999857e-02,-1.631900000000000017e-01,-2.923700000000000188e-01,-4.215499999999999803e-01,3.783400000000000096e-01,3.348200000000000065e-01,2.848100000000000076e-01,2.347899999999999987e-01,1.873599999999999988e-01,1.623499999999999943e-01,9.518000000000000071e-02,-3.400999999999999857e-02,-1.631900000000000017e-01,-2.923700000000000188e-01,-4.215499999999999803e-01,4.367999999999999661e-02,-3.289999999999999869e-02,-1.094699999999999979e-01,-1.860499999999999932e-01,-2.626200000000000201e-01,4.367999999999999661e-02,-3.289999999999999869e-02,-1.094699999999999979e-01,-1.860499999999999932e-01,-2.626200000000000201e-01,2.474500000000000033e-01,7.423399999999999999e-01,1.237230000000000052e+00,1.732129999999999947e+00,2.227020000000000000e+00,3.166879999999999917e+00,4.551709999999999923e+00,5.936550000000000438e+00,7.321380000000000443e+00,8.706210000000000448e+00,2.474500000000000033e-01,7.423399999999999999e-01,1.237230000000000052e+00,1.732129999999999947e+00,2.227020000000000000e+00,3.166879999999999917e+00,4.551709999999999923e+00,5.936550000000000438e+00,7.321380000000000443e+00,8.706210000000000448e+00
cd,5.329999999999999669e-03,4.839999999999999684e-03,4.819999999999999632e-03,4.049999999999999781e-03,3.579999999999999849e-03,4.760000000000000342e-03,4.720000000000000237e-03,5.069999999999999854e-03,5.259999999999999919e-03,5.420000000000000338e-03,5.610000000000000403e-03,5.369999999999999774e-03,4.819999999999999632e-03,4.810000000000000039e-03,4.040000000000000188e-03,3.650000000000000033e-03,5.109999999999999959e-03,4.769999999999999934e-03,5.109999999999999959e-03,5.290000000000000431e-03,5.449999999999999983e-03,5.629999999999999588e-03,5.449999999999999983e-03,5.490000000000000088e-03,5.570000000000000298e-03,5.539999999999999786e-03,5.799999999999999600e-03,5.420000000000000338e-03,5.449999999999999983e-03,5.550000000000000246e-03,5.470000000000000036e-03,5.769999999999999955e-03,5.100000000000000366e-03,5.009999999999999697e-03,5.080000000000000314e-03,5.139999999999999604e-03,5.190000000000000169e-03,5.250000000000000326e-03,5.349999999999999721e-03,5.510000000000000141e-03,5.749999999999999903e-03,6.100000000000000387e-03,4.989999999999999644e-03,5.009999999999999697e-03,5.089999999999999906e-03,5.150000000000000064e-03,5.190000000000000169e-03,5.250000000000000326e-03,5.360000000000000181e-03,5.510000000000000141e-03,5.729999999999999850e-03,6.089999999999999927e-03
cd*c/cref,1.200256807481353202e-02,9.998111734916756421e-03,8.692010257737796397e-03,6.240716666397009074e-03,4.577319640170206608e-03,3.389086575954180537e-03,5.076808387399486117e-03,4.726078834112640813e-03,4.148776384551911868e-03,3.497626223566910417e-03,2.815633285873768779e-03,1.208667908974711547e-02,9.956797223615447209e-03,8.673977041435436061e-03,6.225307489442943008e-03,4.666820303525490675e-03,3.638284118303752521e-03,5.130588137266006016e-03,4.763365452133253020e-03,4.172438607277493584e-03,3.516985778309900286e-03,2.825671194201303995e-03,3.406485875386282888e-03,3.051468078049412308e-03,2.710376761531865363e-03,2.312298137751387511e-03,2.019339718802077525e-03,3.387734576989661663e-03,3.029235159447959090e-03,2.700644708528160496e-03,2.283081374277994621e-03,2.008894858187584148e-03,7.108363777565648509e-03,6.124562274499651369e-03,5.561123432620901190e-03,4.970128933615933567e-03,4.355407324413093119e-03,3.756017522287120186e-03,3.186827948290646244e-03,2.622240086074392913e-03,2.047819421748345650e-03,1.441914184477486541e-03,6.955046127461290105e-03,6.124562274499651369e-03,5.572070525992202199e-03,4.979798445159933779e-03,4.355407324413093119e-03,3.756017522287120186e-03,3.192784636044460750e-03,2.622240086074392913e-03,2.040696571585742542e-03,1.439550390732441355e-03
cdi,6.400000000000000524e-04,1.000000000000000048e-04,-0.000000000000000000e+00,-8.599999999999999789e-04,-1.440000000000000091e-03,-6.400000000000000524e-04,-4.099999999999999912e-04,-1.600000000000000131e-04,-6.999999999999999387e-05,-5.000000000000000240e-05,-4.000000000000000327e-05,6.800000000000000488e-04,8.000000000000000654e-05,-1.000000000000000082e-05,-8.700000000000000051e-04,-1.369999999999999907e-03,-2.999999999999999737e-04,-3.699999999999999947e-04,-1.100000000000000039e-04,-4.000000000000000327e-05,-2.000000000000000164e-05,-2.000000000000000164e-05,-5.000000000000000240e-05,-9.000000000000000567e-05,-1.100000000000000039e-04,-2.500000000000000052e-04,-1.299999999999999886e-04,-8.000000000000000654e-05,-1.399999999999999877e-04,-1.200000000000000030e-04,-3.299999999999999982e-04,-1.600000000000000131e-04,1.299999999999999886e-04,-5.000000000000000240e-05,-4.000000000000000327e-05,-6.000000000000000152e-05,-1.100000000000000039e-04,-1.499999999999999869e-04,-1.800000000000000113e-04,-1.900000000000000105e-04,-1.600000000000000131e-04,-1.399999999999999877e-04,2.000000000000000164e-05,-4.000000000000000327e-05,-4.000000000000000327e-05,-5.000000000000000240e-05,-1.000000000000000048e-04,-1.499999999999999869e-04,-1.700000000000000122e-04,-1.900000000000000105e-04,-1.900000000000000105e-04,-1.499999999999999869e-04
cdi*c/cref,1.441208924555471274e-03,2.065725565065445687e-04,-0.000000000000000000e+00,-1.325189218049735223e-03,-1.841156503308686654e-03,-4.556755060106461482e-04,-4.409939489054637914e-04,-1.491464720824502101e-04,-5.521185302635624040e-05,-3.226592457165046538e-05,-2.007581665507143461e-05,1.530529195722167514e-03,1.652580452052356550e-04,-1.803321630236057646e-05,-1.340598395003801940e-03,-1.751655839953403238e-03,-2.135978934424903413e-04,-3.979701490122478395e-04,-1.025381995566845177e-04,-3.154963030077499839e-05,-1.290636982866018514e-05,-1.003790832753571731e-05,-3.125216399436956896e-05,-5.002406685326905590e-05,-5.352629152037795545e-05,-1.043455838335463729e-04,-4.526106266280518749e-05,-5.000346239099131575e-05,-7.781521510508517848e-05,-5.839231802223049747e-05,-1.377361706602812192e-04,-5.570592327729869959e-05,1.811935864869674824e-04,-6.112337599301050702e-05,-4.378837348520394707e-05,-5.801706926399923008e-05,-9.231113789700196774e-05,-1.073147863510605566e-04,-1.072203795686572735e-04,-9.042207193359976544e-05,-5.698280130082353646e-05,-3.309311243063083497e-05,2.787593638261038660e-05,-4.889870079440840291e-05,-4.378837348520394707e-05,-4.834755771999935727e-05,-8.391921627000179255e-05,-1.073147863510605566e-04,-1.012636918148429843e-04,-9.042207193359976544e-05,-6.766707654472795463e-05,-3.545690617567589267e-05
cdo,4.689999999999999725e-03,4.740000000000000289e-03,4.819999999999999632e-03,4.910000000000000302e-03,5.029999999999999749e-03,5.409999999999999878e-03,5.130000000000000011e-03,5.219999999999999814e-03,5.340000000000000129e-03,5.470000000000000036e-03,5.649999999999999641e-03,4.689999999999999725e-03,4.740000000000000289e-03,4.819999999999999632e-03,4.910000000000000302e-03,5.020000000000000157e-03,5.409999999999999878e-03,5.130000000000000011e-03,5.219999999999999814e-03,5.329999999999999669e-03,5.470000000000000036e-03,5.649999999999999641e-03,5.499999999999999681e-03,5.579999999999999891e-03,5.680000000000000153e-03,5.790000000000000008e-03,5.930000000000000375e-03,5.499999999999999681e-03,5.579999999999999891e-03,5.680000000000000153e-03,5.790000000000000008e-03,5.930000000000000375e-03,4.969999999999999592e-03,5.049999999999999802e-03,5.120000000000000419e-03,5.199999999999999761e-03,5.290000000000000431e-03,5.400000000000000286e-03,5.530000000000000193e-03,5.689999999999999745e-03,5.910000000000000323e-03,6.239999999999999887e-03,4.969999999999999592e-03,5.049999999999999802e-03,5.120000000000000419e-03,5.199999999999999761e-03,5.290000000000000431e-03,5.400000000000000286e-03,5.530000000000000193e-03,5.689999999999999745e-03,5.910000000000000323e-03,6.239999999999999887e-03
cdo*c/cref,1.056135915025806053e-02,9.791539178410212096e-03,8.692010257737796397e-03,7.565905884446745382e-03,6.431261952529647788e-03,3.851882011746242916e-03,5.517802336304949637e-03,4.865903651689937673e-03,4.211875645153462244e-03,3.529892148138560632e-03,2.835709102528839645e-03,1.055614989402494860e-02,9.791539178410212096e-03,8.692010257737796397e-03,7.565905884446745382e-03,6.418476143478893912e-03,3.851882011746242916e-03,5.517802336304949637e-03,4.865903651689937673e-03,4.203988237578268339e-03,3.529892148138560632e-03,2.835709102528839645e-03,3.437738039380652463e-03,3.101492144902680964e-03,2.763903053052243434e-03,2.416643721584934169e-03,2.064600781464883024e-03,3.437738039380652463e-03,3.101492144902680964e-03,2.763903053052243434e-03,2.416643721584934169e-03,2.064600781464883024e-03,6.927170191078679644e-03,6.173460975294060328e-03,5.604911806106105225e-03,5.028146002879933102e-03,4.439326540683095033e-03,3.863332308638180689e-03,3.294048327859303883e-03,2.707903101590434635e-03,2.104802223049169214e-03,1.475007296908117200e-03,6.927170191078679644e-03,6.173460975294060328e-03,5.604911806106105225e-03,5.028146002879933102e-03,4.439326540683095033e-03,3.863332308638180689e-03,3.294048327859303883e-03,2.707903101590434635e-03,2.104802223049169214e-03,1.475007296908117200e-03
cl,-8.801000000000000489e-02,1.139999999999999954e-03,1.216000000000000067e-02,1.473000000000000004e-02,2.093000000000000069e-02,-1.197999999999999933e-02,1.502000000000000036e-02,1.524000000000000007e-02,1.409999999999999969e-02,1.190000000000000085e-02,9.809999999999999276e-03,-8.959000000000000297e-02,-1.499999999999999869e-04,1.010999999999999920e-02,1.217000000000000026e-02,1.754999999999999963e-02,-1.594999999999999890e-02,1.034999999999999983e-02,1.060999999999999964e-02,9.910000000000000406e-03,8.250000000000000389e-03,5.810000000000000060e-03,-2.537999999999999978e-02,-3.169999999999999901e-02,-2.947999999999999926e-02,-2.895000000000000004e-02,-1.976999999999999938e-02,-2.880999999999999880e-02,-3.545000000000000234e-02,-3.225999999999999701e-02,-3.266999999999999765e-02,-2.164999999999999911e-02,-1.799999999999999951e-03,1.149999999999999981e-03,1.559999999999999972e-03,1.940000000000000101e-03,2.309999999999999987e-03,2.439999999999999895e-03,2.629999999999999959e-03,2.690000000000000117e-03,2.680000000000000090e-03,2.619999999999999933e-03,-1.389999999999999960e-03,1.080000000000000014e-03,1.559999999999999972e-03,1.920000000000000049e-03,2.320000000000000014e-03,2.490000000000000026e-03,2.690000000000000117e-03,2.789999999999999945e-03,2.899999999999999800e-03,2.870000000000000155e-03
cl*c/cref,-1.981887460158234526e-01,2.354927144174607731e-03,2.192839102367045989e-02,2.269771765334023528e-02,2.676069834322973226e-02,-8.529675878136780756e-03,1.615543685990260270e-02,1.420620146585338181e-02,1.112124468102318638e-02,7.679290048052810069e-03,4.923594034656268194e-03,-2.016472215363955822e-01,-3.098588347598168124e-04,1.823158168168654072e-02,1.875296835309916282e-02,2.243909488407461877e-02,-1.135628800135906995e-02,1.113240822236963475e-02,9.890275429967478743e-03,7.816420907017005912e-03,5.323877554322326185e-03,2.916012369149125708e-03,-1.586359844354199439e-02,-1.761958799165143016e-02,-1.434504612746129171e-02,-1.208321860792467041e-02,-6.883163144951219732e-03,-1.800749689355574459e-02,-1.970392411053764267e-02,-1.569780149497629687e-02,-1.363588089536784016e-02,-7.537707743459479137e-03,-2.508834274434934564e-03,1.405837647839241512e-03,1.707746565922953902e-03,1.875885239535975135e-03,1.938533895837041146e-03,1.745653857977251750e-03,1.566608879253158929e-03,1.280186176323070291e-03,9.544619217887942561e-04,6.193139612018056742e-04,-1.937377578591421628e-03,1.320264921449026702e-03,1.707746565922953902e-03,1.856546216447975363e-03,1.946925817464041295e-03,1.781425453427605467e-03,1.602349005776044881e-03,1.327776740498649074e-03,1.032813273577426385e-03,6.784088048279321914e-04
cli,-8.801000000000000489e-02,1.139999999999999954e-03,1.216000000000000067e-02,1.473000000000000004e-02,2.093000000000000069e-02,-1.197999999999999933e-02,1.502000000000000036e-02,1.524000000000000007e-02,1.409999999999999969e-02,1.190000000000000085e-02,9.809999999999999276e-03,-8.959000000000000297e-02,-1.499999999999999869e-04,1.010999999999999920e-02,1.217000000000000026e-02,1.754999999999999963e-02,-1.594999999999999890e-02,1.034999999999999983e-02,1.060999999999999964e-02,9.910000000000000406e-03,8.250000000000000389e-03,5.810000000000000060e-03,-2.537999999999999978e-02,-3.169999999999999901e-02,-2.947999999999999926e-02,-2.895000000000000004e-02,-1.976999999999999938e-02,-2.880999999999999880e-02,-3.545000000000000234e-02,-3.225999999999999701e-02,-3.266999999999999765e-02,-2.164999999999999911e-02,-1.850000000000000082e-03,1.149999999999999981e-03,1.559999999999999972e-03,1.940000000000000101e-03,2.309999999999999987e-03,2.439999999999999895e-03,2.629999999999999959e-03,2.690000000000000117e-03,2.680000000000000090e-03,2.619999999999999933e-03,-1.440000000000000091e-03,1.080000000000000014e-03,1.559999999999999972e-03,1.920000000000000049e-03,2.320000000000000014e-03,2.490000000000000026e-03,2.690000000000000117e-03,2.789999999999999945e-03,2.899999999999999800e-03,2.870000000000000155e-03
cli*c/cref,-1.981887460158234526e-01,2.354927144174607731e-03,2.192839102367045989e-02,2.269771765334023528e-02,2.676069834322973226e-02,-8.529675878136780756e-03,1.615543685990260270e-02,1.420620146585338181e-02,1.112124468102318638e-02,7.679290048052810069e-03,4.923594034656268194e-03,-2.016472215363955822e-01,-3.098588347598168124e-04,1.823158168168654072e-02,1.875296835309916282e-02,2.243909488407461877e-02,-1.135628800135906995e-02,1.113240822236963475e-02,9.890275429967478743e-03,7.816420907017005912e-03,5.323877554322326185e-03,2.916012369149125708e-03,-1.586359844354199439e-02,-1.761958799165143016e-02,-1.434504612746129171e-02,-1.208321860792467041e-02,-6.883163144951219732e-03,-1.800749689355574459e-02,-1.970392411053764267e-02,-1.569780149497629687e-02,-1.363588089536784016e-02,-7.537707743459479137e-03,-2.578524115391460717e-03,1.405837647839241512e-03,1.707746565922953902e-03,1.875885239535975135e-03,1.938533895837041146e-03,1.745653857977251750e-03,1.566608879253158929e-03,1.280186176323070291e-03,9.544619217887942561e-04,6.193139612018056742e-04,-2.007067419547947998e-03,1.320264921449026702e-03,1.707746565922953902e-03,1.856546216447975363e-03,1.946925817464041295e-03,1.781425453427605467e-03,1.602349005776044881e-03,1.327776740498649074e-03,1.032813273577426385e-03,6.784088048279321914e-04
clo,0.000000000000000000e+00,0.000000000000000000e+00,0.000000000000000000e+00,0.000000000000000000e+00,0.000000000000000000e+00,0.000000000000000000e+00,0.000000000000000000e+00,0.000000000000000000e+00,0.000000000000000000e+00,0.000000000000000000e+00,0.000000000000000000e+00,0.000000000000000000e+00,0.000000000000000000e+00,0.000000000000000000e+00,0.000000000000000000e+00,0.000000000000000000e+00,0.000000000000000000e+00,0.000000000000000000e+00,0.000000000000000000e+00,0.000000000000000000e+00,0.000000000000000000e+00,0.000000000000000000e+00,0.000000000000000000e+00,0.000000000000000000e+00,0.000000000000000000e+00,0.000000000000000000e+00,0.000000000000000000e+00,0.000000000000000000e+00,0.000000000000000000e+00,0.000000000000000000e+00,0.000000000000000000e+00,0.000000000000000000e+00,5.000000000000000240e-05,0.000000000000000000e+00,0.000000000000000000e+00,0.000000000000000000e+00,0.000000000000000000e+00,0.000000000000000000e+00,0.000000000000000000e+00,0.000000000000000000e+00,0.000000000000000000e+00,0.000000000000000000e+00,5.000000000000000240e-05,0.000000000000000000e+00,0.000000000000000000e+00,0.000000000000000000e+00,0.000000000000000000e+00,0.000000000000000000e+00,0.000000000000000000e+00,0.000000000000000000e+00,0.000000000000000000e+00,0.000000000000000000e+00
clo*c/cref,0.000000000000000000e+00,0.000000000000000000e+00,0.000000000000000000e+00,0.000000000000000000e+00,0.000000000000000000e+00,0.000000000000000000e+00,0.000000000000000000e+00,0.000000000000000000e+00,0.000000000000000000e+00,0.000000000000000000e+00,0.000000000000000000e+00,0.000000000000000000e+00,0.000000000000000000e+00,0.000000000000000000e+00,0.000000000000000000e+00,0.000000000000000000e+00,0.000000000000000000e+00,0.000000000000000000e+00,0.000000000000000000e+00,0.000000000000000000e+00,0.000000000000000000e+00,0.000000000000000000e+00,0.000000000000000000e+00,0.000000000000000000e+00,0.000000000000000000e+00,0.000000000000000000e+00,0.000000000000000000e+00,0.000000000000000000e+00,0.000000000000000000e+00,0.000000000000000000e+00,0.000000000000000000e+00,0.000000000000000000e+00,6.968984095652596311e-05,0.000000000000000000e+00,0.000000000000000000e+00,0.000000000000000000e+00,0.000000000000000000e+00,0.000000000000000000e+00,0.000000000000000000e+00,0.000000000000000000e+00,0.000000000000000000e+00,0.000000000000000000e+00,6.968984095652596311e-05,0.000000000000000000e+00,0.000000000000000000e+00,0.000000000000000000e+00,0.000000000000000000e+00,0.000000000000000000e+00,0.000000000000000000e+00,0.000000000000000000e+00,0.000000000000000000e+00,0.000000000000000000e+00
cmx,5.400000000000000286e-03,-2.999999999999999737e-04,-1.840000000000000056e-03,-3.320000000000000034e-03,-6.949999999999999581e-03,7.849999999999999339e-03,-7.910000000000000364e-03,-1.254000000000000080e-02,-1.727000000000000063e-02,-2.151000000000000134e-02,-2.671000000000000110e-02,-5.490000000000000088e-03,1.800000000000000113e-04,1.529999999999999893e-03,2.729999999999999788e-03,5.819999999999999653e-03,-1.038999999999999993e-02,5.449999999999999983e-03,8.720000000000000320e-03,1.213000000000000016e-02,1.490000000000000005e-02,1.581000000000000114e-02,-2.156999999999999890e-02,-3.592000000000000054e-02,-4.427999999999999992e-02,-5.777999999999999803e-02,-5.306999999999999912e-02,2.444999999999999951e-02,4.016999999999999738e-02,4.846000000000000307e-02,6.519999999999999407e-02,5.811999999999999805e-02,-4.899999999999999842e-04,9.899999999999999946e-04,1.940000000000000101e-03,3.320000000000000034e-03,5.400000000000000286e-03,9.450000000000000067e-03,1.645999999999999894e-02,2.670000000000000151e-02,4.358999999999999680e-02,6.993000000000000604e-02,3.499999999999999964e-04,-9.700000000000000505e-04,-1.949999999999999910e-03,-3.340000000000000087e-03,-5.449999999999999983e-03,-9.700000000000000289e-03,-1.694000000000000020e-02,-2.770999999999999852e-02,-4.653999999999999804e-02,-7.599000000000000199e-02
cmx*c/cref,1.216020030093678712e-02,-6.197176695196336248e-04,-3.318111799634346042e-03,-5.115846748750141164e-03,-8.886137290274563616e-03,5.589144878411831004e-03,-8.507956428883460542e-03,-1.168935474946203486e-02,-1.362155288235960410e-02,-1.388080075072403025e-02,-1.340562657142395017e-02,-1.235677247722749908e-02,3.718306017117802508e-04,2.759082094261167822e-03,4.206705308460205982e-03,7.441340867539275074e-03,-7.397607042891583135e-03,5.861992735450677686e-03,8.128482728493535703e-03,9.567425388710018228e-03,9.615245522351836827e-03,7.934966532916984741e-03,-1.348218354717103072e-02,-1.996516090410471386e-02,-2.154676535020305303e-02,-2.411635133560923600e-02,-1.847695842703900998e-02,1.528230819324671863e-02,2.232740850550908596e-02,2.358076442797741451e-02,2.721332826378889194e-02,2.023517663047874962e-02,-6.829604413739543464e-04,1.210242844661607847e-03,2.123736114032391369e-03,3.210277832607957502e-03,4.531637678580096446e-03,6.760831540116815988e-03,9.804708042778324806e-03,1.270668063487954622e-02,1.552425192939311041e-02,1.653000965910010264e-02,4.878288866956817147e-04,-1.185793494264403801e-03,-2.134683207403692377e-03,-3.229616855695957058e-03,-4.573597286715097403e-03,-6.939689517368583492e-03,-1.009062905496141242e-02,-1.318734533305289044e-02,-1.657487232837704522e-02,-1.796246866859740887e-02
cmxi,5.400000000000000286e-03,-2.999999999999999737e-04,-1.840000000000000056e-03,-3.320000000000000034e-03,-6.949999999999999581e-03,7.849999999999999339e-03,-7.910000000000000364e-03,-1.254000000000000080e-02,-1.727000000000000063e-02,-2.151000000000000134e-02,-2.671000000000000110e-02,-5.490000000000000088e-03,1.800000000000000113e-04,1.529999999999999893e-03,2.729999999999999788e-03,5.819999999999999653e-03,-1.038999999999999993e-02,5.449999999999999983e-03,8.720000000000000320e-03,1.213000000000000016e-02,1.490000000000000005e-02,1.581000000000000114e-02,-2.156999999999999890e-02,-3.592000000000000054e-02,-4.427999999999999992e-02,-5.777999999999999803e-02,-5.306999999999999912e-02,2.444999999999999951e-02,4.016999999999999738e-02,4.846000000000000307e-02,6.519999999999999407e-02,5.811999999999999805e-02,-5.000000000000000104e-04,9.899999999999999946e-04,1.940000000000000101e-03,3.320000000000000034e-03,5.400000000000000286e-03,9.450000000000000067e-03,1.645999999999999894e-02,2.670000000000000151e-02,4.358999999999999680e-02,6.993000000000000604e-02,3.699999999999999947e-04,-9.700000000000000505e-04,-1.949999999999999910e-03,-3.340000000000000087e-03,-5.449999999999999983e-03,-9.700000000000000289e-03,-1.694000000000000020e-02,-2.770999999999999852e-02,-4.653999999999999804e-02,-7.599000000000000199e-02
cmxi*c/cref,1.216020030093678712e-02,-6.197176695196336248e-04,-3.318111799634346042e-03,-5.115846748750141164e-03,-8.886137290274563616e-03,5.589144878411831004e-03,-8.507956428883460542e-03,-1.168935474946203486e-02,-1.362155288235960410e-02,-1.388080075072403025e-02,-1.340562657142395017e-02,-1.235677247722749908e-02,3.718306017117802508e-04,2.759082094261167822e-03,4.206705308460205982e-03,7.441340867539275074e-03,-7.397607042891583135e-03,5.861992735450677686e-03,8.128482728493535703e-03,9.567425388710018228e-03,9.615245522351836827e-03,7.934966532916984741e-03,-1.348218354717103072e-02,-1.996516090410471386e-02,-2.154676535020305303e-02,-2.411635133560923600e-02,-1.847695842703900998e-02,1.528230819324671863e-02,2.232740850550908596e-02,2.358076442797741451e-02,2.721332826378889194e-02,2.023517663047874962e-02,-6.968984095652595769e-04,1.210242844661607847e-03,2.123736114032391369e-03,3.210277832607957502e-03,4.531637678580096446e-03,6.760831540116815988e-03,9.804708042778324806e-03,1.270668063487954622e-02,1.552425192939311041e-02,1.653000965910010264e-02,5.157048230782921216e-04,-1.185793494264403801e-03,-2.134683207403692377e-03,-3.229616855695957058e-03,-4.573597286715097403e-03,-6.939689517368583492e-03,-1.009062905496141242e-02,-1.318734533305289044e-02,-1.657487232837704522e-02,-1.796246866859740887e-02
cmxo,-0.000000000000000000e+00,-0.000000000000000000e+00,-0.000000000000000000e+00,-0.000000000000000000e+00,-0.000000000000000000e+00,-0.000000000000000000e+00,-0.000000000000000000e+00,0.000000000000000000e+00,0.000000000000000000e+00,0.000000000000000000e+00,0.000000000000000000e+00,0.000000000000000000e+00,0.000000000000000000e+00,0.000000000000000000e+00,0.000000000000000000e+00,0.000000000000000000e+00,0.000000000000000000e+00,0.000000000000000000e+00,0.000000000000000000e+00,0.000000000000000000e+00,0.000000000000000000e+00,0.000000000000000000e+00,0.000000000000000000e+00,0.000000000000000000e+00,0.000000000000000000e+00,0.000000000000000000e+00,0.000000000000000000e+00,-0.000000000000000000e+00,0.000000000000000000e+00,0.000000000000000000e+00,0.000000000000000000e+00,0.000000000000000000e+00,2.000000000000000164e-05,0.000000000000000000e+00,0.000000000000000000e+00,0.000000000000000000e+00,0.000000000000000000e+00,0.000000000000000000e+00,0.000000000000000000e+00,0.000000000000000000e+00,0.000000000000000000e+00,0.000000000000000000e+00,-2.000000000000000164e-05,-0.000000000000000000e+00,-0.000000000000000000e+00,-0.000000000000000000e+00,-0.000000000000000000e+00,-0.000000000000000000e+00,-0.000000000000000000e+00,-0.000000000000000000e+00,-0.000000000000000000e+00,-0.000000000000000000e+00
cmxo*c/cref,-0.000000000000000000e+00,-0.000000000000000000e+00,-0.000000000000000000e+00,-0.000000000000000000e+00,-0.000000000000000000e+00,-0.000000000000000000e+00,-0.000000000000000000e+00,0.000000000000000000e+00,0.000000000000000000e+00,0.000000000000000000e+00,0.000000000000000000e+00,0.000000000000000000e+00,0.000000000000000000e+00,0.000000000000000000e+00,0.000000000000000000e+00,0.000000000000000000e+00,0.000000000000000000e+00,0.000000000000000000e+00,0.000000000000000000e+00,0.000000000000000000e+00,0.000000000000000000e+00,0.000000000000000000e+00,0.000000000000000000e+00,0.000000000000000000e+00,0.000000000000000000e+00,0.000000000000000000e+00,0.000000000000000000e+00,-0.000000000000000000e+00,0.000000000000000000e+00,0.000000000000000000e+00,0.000000000000000000e+00,0.000000000000000000e+00,2.787593638261038660e-05,0.000000000000000000e+00,0.000000000000000000e+00,0.000000000000000000e+00,0.000000000000000000e+00,0.000000000000000000e+00,0.000000000000000000e+00,0.000000000000000000e+00,0.000000000000000000e+00,0.000000000000000000e+00,-2.787593638261038660e-05,-0.000000000000000000e+00,-0.000000000000000000e+00,-0.000000000000000000e+00,-0.000000000000000000e+00,-0.000000000000000000e+00,-0.000000000000000000e+00,-0.000000000000000000e+00,-0.000000000000000000e+00,-0.000000000000000000e+00
cmy,4.662000000000000172e-02,1.511999999999999976e-02,1.146999999999999929e-02,5.720000000000000258e-03,-5.230000000000000274e-03,1.633000000000000076e-02,-5.380000000000000233e-03,-1.329999999999999932e-02,-1.908999999999999933e-02,-2.287000000000000144e-02,-2.718999999999999889e-02,4.764999999999999791e-02,1.559999999999999928e-02,1.254000000000000080e-02,7.190000000000000210e-03,-2.929999999999999879e-03,2.298000000000000043e-02,-1.299999999999999940e-03,-8.160000000000000586e-03,-1.293000000000000052e-02,-1.564000000000000112e-02,-1.602999999999999911e-02,8.963999999999999746e-02,1.296799999999999897e-01,1.416300000000000059e-01,1.667500000000000093e-01,1.418099999999999916e-01,1.014199999999999963e-01,1.441699999999999926e-01,1.546500000000000097e-01,1.881700000000000039e-01,1.557199999999999973e-01,3.069999999999999812e-03,-9.100000000000000016e-04,-1.569999999999999998e-03,-2.299999999999999961e-03,-3.279999999999999930e-03,-3.910000000000000281e-03,-4.700000000000000185e-03,-5.300000000000000024e-03,-5.720000000000000258e-03,-5.409999999999999878e-03,2.269999999999999882e-03,-8.800000000000000313e-04,-1.619999999999999912e-03,-2.320000000000000014e-03,-3.340000000000000087e-03,-4.080000000000000293e-03,-4.890000000000000249e-03,-5.709999999999999798e-03,-6.989999999999999686e-03,-7.729999999999999892e-03
cmy*c/cref,1.049830625980875953e-01,3.123377054378953521e-02,2.068409909880757763e-02,8.814049217726147023e-03,-6.686978133544744379e-03,1.162684533305289279e-02,-5.786701085637550000e-03,-1.239780049185367286e-02,-1.505706106104486540e-02,-1.475843389907292164e-02,-1.364653637128480576e-02,1.072495826120018758e-01,3.222531881502094936e-02,2.261365324316016306e-02,1.107919822997394978e-02,-3.746242051871147023e-03,1.636159863769476308e-02,-1.398273496529519331e-03,-7.606470076204960469e-03,-1.019841799472551852e-02,-1.009278120601226486e-02,-8.045383524519876886e-03,5.602887960910576254e-02,7.207912210591033153e-02,6.891753334573753886e-02,6.959850441697543189e-02,4.937285612471079693e-02,6.339188944617923926e-02,8.013299686928665455e-02,7.525309985114955746e-02,7.853883403983369371e-02,5.421578982963095455e-02,4.278956234730693642e-03,-1.112445443072791014e-03,-1.718693659294254911e-03,-2.223987655119970177e-03,-2.752550293656058546e-03,-2.797338764217645671e-03,-2.799643244292717662e-03,-2.522299901305677643e-03,-2.037135146504441205e-03,-1.278812416069377350e-03,3.163918779426278666e-03,-1.075771417476984728e-03,-1.773429126150759738e-03,-2.243326678207970167e-03,-2.802901823418059869e-03,-2.918962188748847487e-03,-2.912820311615189374e-03,-2.717421214425550478e-03,-2.489436131829727943e-03,-1.827212564919831117e-03
cmyi,4.655999999999999722e-02,1.506000000000000047e-02,1.141000000000000000e-02,5.660000000000000100e-03,-5.290000000000000431e-03,1.623000000000000137e-02,-5.420000000000000338e-03,-1.328999999999999973e-02,-1.899999999999999953e-02,-2.265999999999999959e-02,-2.680000000000000090e-02,4.759000000000000036e-02,1.553999999999999999e-02,1.247999999999999977e-02,7.130000000000000053e-03,-2.990000000000000036e-03,2.288000000000000103e-02,-1.330000000000000019e-03,-8.149999999999999259e-03,-1.284000000000000072e-02,-1.542999999999999927e-02,-1.564000000000000112e-02,8.960999999999999521e-02,1.297099999999999920e-01,1.417299999999999949e-01,1.669499999999999873e-01,1.421699999999999908e-01,1.013899999999999940e-01,1.441900000000000126e-01,1.547499999999999987e-01,1.883799999999999919e-01,1.560799999999999965e-01,3.079999999999999839e-03,-1.160000000000000007e-03,-2.030000000000000120e-03,-3.050000000000000194e-03,-4.420000000000000318e-03,-5.850000000000000165e-03,-8.120000000000000481e-03,-1.105000000000000079e-02,-1.554999999999999959e-02,-2.400000000000000050e-02,2.269999999999999882e-03,-1.129999999999999928e-03,-2.089999999999999844e-03,-3.079999999999999839e-03,-4.479999999999999608e-03,-6.020000000000000177e-03,-8.309999999999999679e-03,-1.145999999999999970e-02,-1.682000000000000162e-02,-2.631999999999999965e-02
cmyi*c/cref,1.048479492614105141e-01,3.110982700988561278e-02,2.057589980099341562e-02,8.721594156001747158e-03,-6.763692987849272836e-03,1.155564603523872962e-02,-5.829724885530765573e-03,-1.238847883734852003e-02,-1.498607439286812198e-02,-1.462291701587198865e-02,-1.345079715889786059e-02,1.071145359182616857e-01,3.210137528111702693e-02,2.250545394534599758e-02,1.098674316824954991e-02,-3.822956906175675913e-03,1.629039933988059990e-02,-1.430541346449431444e-03,-7.597148421699805899e-03,-1.012743132654877337e-02,-9.957264322811331878e-03,-7.849644312132929985e-03,5.601012831070913828e-02,7.209579679486141646e-02,6.896619361075606580e-02,6.968198088404226054e-02,4.949819445208471919e-02,6.337313814778261500e-02,8.014411332858738246e-02,7.530176011616807052e-02,7.862648433025386241e-02,5.434112815700487681e-02,4.292894202921998872e-03,-1.418062323037843535e-03,-2.222259954374100448e-03,-2.949201020919960895e-03,-3.709229359134079331e-03,-4.185276667691362196e-03,-4.836830456097206306e-03,-5.258757341401460242e-03,-5.538016001423787076e-03,-5.673104988108143044e-03,3.163918779426278666e-03,-1.381388297442037250e-03,-2.287942514601906067e-03,-2.978209555551960229e-03,-3.759580888896079786e-03,-4.306900092222564445e-03,-4.950007523419676717e-03,-5.453878654521332643e-03,-5.990316986749074681e-03,-6.221505136958596811e-03
cmyo,6.000000000000000152e-05,6.000000000000000152e-05,6.000000000000000152e-05,6.000000000000000152e-05,6.000000000000000152e-05,1.000000000000000048e-04,4.000000000000000327e-05,-2.000000000000000164e-05,-9.000000000000000567e-05,-2.000000000000000096e-04,-3.800000000000000209e-04,6.000000000000000152e-05,6.000000000000000152e-05,6.000000000000000152e-05,6.000000000000000152e-05,6.000000000000000152e-05,1.000000000000000048e-04,4.000000000000000327e-05,-2.000000000000000164e-05,-9.000000000000000567e-05,-2.000000000000000096e-04,-3.800000000000000209e-04,3.000000000000000076e-05,-3.000000000000000076e-05,-1.000000000000000048e-04,-2.100000000000000087e-04,-3.600000000000000227e-04,3.000000000000000076e-05,-3.000000000000000076e-05,-1.000000000000000048e-04,-2.100000000000000087e-04,-3.600000000000000227e-04,-1.000000000000000082e-05,2.500000000000000052e-04,4.699999999999999859e-04,7.500000000000000156e-04,1.139999999999999954e-03,1.930000000000000075e-03,3.419999999999999863e-03,5.740000000000000310e-03,9.830000000000000196e-03,1.858999999999999889e-02,-1.000000000000000082e-05,2.500000000000000052e-04,4.699999999999999859e-04,7.500000000000000156e-04,1.139999999999999954e-03,1.930000000000000075e-03,3.419999999999999863e-03,5.740000000000000310e-03,9.830000000000000196e-03,1.858999999999999889e-02
cmyo*c/cref,1.351133366770754251e-04,1.239435339039267412e-04,1.081992978141634520e-04,9.245506172440014919e-05,7.671485430452860607e-05,7.119929781416346065e-05,4.302379989321598576e-05,-1.864330901030627626e-05,-7.098666817674373960e-05,-1.290636982866018615e-04,-1.907202582231786153e-04,1.350466937401912640e-04,1.239435339039267412e-04,1.081992978141634520e-04,9.245506172440014919e-05,7.671485430452860607e-05,7.119929781416346065e-05,4.302379989321598576e-05,-1.864330901030627626e-05,-7.098666817674373960e-05,-1.290636982866018615e-04,-1.907202582231786153e-04,1.875129839662174341e-05,-1.667468895108968304e-05,-4.866026501852541343e-05,-8.765029042017895647e-05,-1.253383273739220639e-04,1.875129839662174341e-05,-1.667468895108968304e-05,-4.866026501852541343e-05,-8.765029042017895647e-05,-1.253383273739220639e-04,-1.393796819130519330e-05,3.056168799650525215e-04,5.145133884511463290e-04,7.252133657999903929e-04,9.566790654780203511e-04,1.380783584383646085e-03,2.037187211804487776e-03,2.731698383678224460e-03,3.500880854919345871e-03,4.394292572038765478e-03,-1.393796819130519330e-05,3.056168799650525215e-04,5.145133884511463290e-04,7.252133657999903929e-04,9.566790654780203511e-04,1.380783584383646085e-03,2.037187211804487776e-03,2.731698383678224460e-03,3.500880854919345871e-03,4.394292572038765478e-03
cmz,-1.434000000000000032e-02,1.520000000000000084e-03,1.379999999999999933e-03,1.090000000000000040e-03,-8.300000000000000086e-04,-1.369999999999999907e-03,1.850000000000000082e-03,3.340000000000000087e-03,5.360000000000000181e-03,8.500000000000000611e-03,1.345999999999999974e-02,1.473000000000000004e-02,-1.539999999999999919e-03,-1.430000000000000064e-03,-1.160000000000000007e-03,4.499999999999999877e-04,-2.309999999999999987e-03,-2.109999999999999896e-03,-3.690000000000000138e-03,-5.760000000000000363e-03,-8.980000000000000135e-03,-1.434000000000000032e-02,-2.511000000000000038e-02,-1.386000000000000079e-02,-1.653999999999999915e-02,-2.026999999999999982e-02,-2.045999999999999902e-02,2.923999999999999863e-02,1.468999999999999993e-02,1.745000000000000023e-02,2.164999999999999911e-02,2.116000000000000172e-02,-5.810000000000000060e-03,-1.454000000000000084e-02,-2.075000000000000108e-02,-2.869999999999999982e-02,-3.969000000000000306e-02,-5.550000000000000072e-02,-7.500999999999999335e-02,-1.017699999999999994e-01,-1.447400000000000075e-01,-2.070299999999999918e-01,6.409999999999999899e-03,1.518000000000000078e-02,2.140999999999999848e-02,2.943000000000000130e-02,4.057999999999999802e-02,5.729999999999999677e-02,7.714000000000000024e-02,1.052400000000000002e-01,1.535600000000000021e-01,2.238499999999999934e-01
cmz*c/cref,-3.229208746582102468e-02,3.139902858899477553e-03,2.488583849725759314e-03,1.679600287993269266e-03,-1.061222151212645824e-03,-9.754303800540392415e-04,1.989850745061239306e-03,3.113432604721147901e-03,4.227650460303849188e-03,5.485207177180578993e-03,6.755512304431537246e-03,3.315396331321695395e-02,-3.181217370200785897e-03,-2.578749931237562295e-03,-1.787464526671736064e-03,5.753614072839645117e-04,-1.644703779507175785e-03,-2.269505444367143129e-03,-3.439690512401507964e-03,-4.543146763311599334e-03,-5.794960053068422962e-03,-7.197180270843108428e-03,-1.569483675797239686e-02,-7.703706295403433754e-03,-8.048407834064102984e-03,-8.460339937223939830e-03,-7.123394939084570429e-03,1.827626550390732199e-02,8.165039356383581304e-03,8.491216245732685283e-03,9.036327559985115818e-03,7.367108353422752685e-03,-8.097959519148316410e-03,-1.777467773876745261e-02,-2.271521874544954814e-02,-2.775149813127962897e-02,-3.330753693756371286e-02,-3.970647094989240844e-02,-4.468111484136100264e-02,-4.843291716148656612e-02,-5.154806662675748968e-02,-4.893762190366787029e-02,8.934237610626628509e-03,1.855705695147798900e-02,2.343772690795541125e-02,2.845737247399162187e-02,3.405441796236672453e-02,4.099424838610513100e-02,4.594988933292345340e-02,5.008430973837914996e-02,5.468924354846538965e-02,5.291352298283365924e-02
cmzi,-1.463000000000000064e-02,1.069999999999999988e-03,6.499999999999999702e-04,-3.000000000000000076e-05,-2.520000000000000104e-03,-4.890000000000000249e-03,-8.499999999999999526e-04,-9.499999999999999981e-04,-1.170000000000000033e-03,-1.379999999999999933e-03,-1.899999999999999996e-03,1.502000000000000036e-02,-1.080000000000000014e-03,-6.899999999999999667e-04,-4.000000000000000327e-05,2.139999999999999975e-03,1.199999999999999895e-03,5.900000000000000296e-04,5.999999999999999474e-04,7.699999999999999597e-04,8.899999999999999491e-04,1.010000000000000047e-03,-2.046999999999999861e-02,-7.539999999999999827e-03,-8.009999999999999759e-03,-8.729999999999999913e-03,-4.570000000000000277e-03,2.460000000000000034e-02,8.370000000000000703e-03,8.920000000000000845e-03,1.009999999999999960e-02,5.270000000000000379e-03,-4.179999999999999688e-03,-1.261999999999999927e-02,-1.856000000000000011e-02,-2.615999999999999923e-02,-3.667999999999999733e-02,-5.183999999999999719e-02,-7.040000000000000424e-02,-9.568999999999999728e-02,-1.361100000000000088e-01,-1.930000000000000049e-01,4.780000000000000394e-03,1.325999999999999922e-02,1.922000000000000097e-02,2.689000000000000071e-02,3.758000000000000229e-02,5.364000000000000018e-02,7.252999999999999725e-02,9.916999999999999427e-02,1.449300000000000033e-01,2.098200000000000065e-01
cmzi*c/cref,-3.294513525976022067e-02,2.210326354620026790e-03,1.172159059653437229e-03,-4.622753086220007459e-05,-3.222023880790201699e-03,-3.481645663112593273e-03,-9.142557477308395873e-04,-8.855571779895480460e-04,-9.228266862976686148e-04,-8.905395181775527117e-04,-9.536012911158929951e-04,3.380668899962787494e-02,-2.230983610270681396e-03,-1.244291924862879657e-03,-6.163670781626677064e-05,2.736163136861520604e-03,8.543915737699613652e-04,6.346010484249357646e-04,5.592992703091881996e-04,6.073303832899186851e-04,5.743334573753781360e-04,5.069143705405536630e-04,-1.279463593929490092e-02,-4.190905156373873897e-03,-3.897687227983885182e-03,-3.643747787467439478e-03,-1.591100433607844098e-03,1.537606468522982779e-02,4.652238217354022314e-03,4.340495639652467048e-03,4.215561586875273686e-03,1.834813847946025920e-03,-5.826070703965569898e-03,-1.542754010063584862e-02,-2.031780529713463068e-02,-2.529544219910366196e-02,-3.078156852783665159e-02,-3.708799016292652767e-02,-4.193508178685262378e-02,-4.553941085961137059e-02,-4.847455678159432596e-02,-4.562121927936964999e-02,6.662348795443882865e-03,1.620991931334638328e-02,2.104031345964049726e-02,2.600131654181565485e-02,3.153684147426667056e-02,3.837576759913925717e-02,4.320385627841506065e-02,4.719556249292151257e-02,5.161573370330221899e-02,4.959712035853544587e-02
cmzo,2.900000000000000017e-04,4.499999999999999877e-04,7.299999999999999632e-04,1.119999999999999902e-03,1.690000000000000096e-03,3.520000000000000125e-03,2.700000000000000143e-03,4.290000000000000410e-03,6.530000000000000214e-03,9.879999999999999893e-03,1.536000000000000039e-02,-2.900000000000000017e-04,-4.499999999999999877e-04,-7.299999999999999632e-04,-1.119999999999999902e-03,-1.690000000000000096e-03,-3.520000000000000125e-03,-2.700000000000000143e-03,-4.290000000000000410e-03,-6.530000000000000214e-03,-9.879999999999999893e-03,-1.536000000000000039e-02,-4.649999999999999620e-03,-6.320000000000000097e-03,-8.529999999999999388e-03,-1.153999999999999991e-02,-1.589000000000000135e-02,4.649999999999999620e-03,6.320000000000000097e-03,8.529999999999999388e-03,1.154999999999999950e-02,1.589000000000000135e-02,-1.629999999999999939e-03,-1.920000000000000049e-03,-2.190000000000000106e-03,-2.540000000000000157e-03,-3.010000000000000089e-03,-3.660000000000000059e-03,-4.610000000000000382e-03,-6.080000000000000335e-03,-8.630000000000000518e-03,-1.403000000000000080e-02,1.629999999999999939e-03,1.920000000000000049e-03,2.190000000000000106e-03,2.540000000000000157e-03,3.010000000000000089e-03,3.660000000000000059e-03,4.610000000000000382e-03,6.080000000000000335e-03,8.630000000000000518e-03,1.403000000000000080e-02
cmzo*c/cref,6.530477939391978294e-04,9.295765042794504373e-04,1.316424790072321868e-03,1.725827818855469199e-03,2.160801729577555876e-03,2.506215283058553598e-03,2.904106492792078893e-03,3.998989782710696272e-03,5.150477146601517911e-03,6.375746695358131162e-03,7.709113595547430024e-03,-6.527256864109243521e-04,-9.295765042794504373e-04,-1.316424790072321868e-03,-1.725827818855469199e-03,-2.160801729577555876e-03,-2.506215283058553598e-03,-2.904106492792078893e-03,-3.998989782710696272e-03,-5.150477146601517911e-03,-6.375746695358131162e-03,-7.709113595547430024e-03,-2.906451251476369676e-03,-3.512801139029559858e-03,-4.150720606080217367e-03,-4.816592149756500352e-03,-5.532294505476727416e-03,2.906451251476369676e-03,3.512801139029559858e-03,4.150720606080217367e-03,4.820765973109842131e-03,5.532294505476727416e-03,-2.271888815182746078e-03,-2.347137638131603123e-03,-2.397413448314916155e-03,-2.456055932175967450e-03,-2.525968409727053898e-03,-2.618480786965877733e-03,-2.746033054508389276e-03,-2.893506301875192494e-03,-3.073509845163169361e-03,-3.316402624298219002e-03,2.271888815182746078e-03,2.347137638131603123e-03,2.397413448314916155e-03,2.456055932175967450e-03,2.525968409727053898e-03,2.618480786965877733e-03,2.746033054508389276e-03,2.893506301875192494e-03,3.073509845163169361e-03,3.316402624298219002e-03
cs,-6.071000000000000008e-02,1.000000000000000048e-04,-5.100000000000000366e-04,-3.629999999999999980e-03,-6.799999999999999621e-03,-3.129999999999999970e-03,-1.410000000000000012e-03,-9.499999999999999981e-04,-8.099999999999999561e-04,-6.800000000000000488e-04,-6.400000000000000524e-04,6.081000000000000294e-02,-9.000000000000000567e-05,3.899999999999999929e-04,3.480000000000000020e-03,6.279999999999999992e-03,1.709999999999999932e-03,1.119999999999999902e-03,6.599999999999999964e-04,5.599999999999999509e-04,4.600000000000000139e-04,3.499999999999999964e-04,-5.539999999999999786e-03,-1.860000000000000108e-03,-1.690000000000000096e-03,-1.580000000000000024e-03,-6.999999999999999929e-04,6.660000000000000121e-03,2.079999999999999818e-03,1.889999999999999970e-03,1.830000000000000029e-03,8.099999999999999561e-04,-5.369999999999999774e-03,-1.132999999999999979e-02,-1.391000000000000049e-02,-1.637999999999999873e-02,-1.900999999999999912e-02,-2.178000000000000075e-02,-2.307999999999999982e-02,-2.361999999999999864e-02,-2.385999999999999927e-02,-2.148999999999999869e-02,5.449999999999999983e-03,1.139000000000000082e-02,1.400000000000000029e-02,1.654999999999999874e-02,1.925999999999999934e-02,2.236000000000000140e-02,2.376999999999999946e-02,2.452000000000000013e-02,2.544000000000000081e-02,2.333000000000000004e-02
cs*c/cref,-1.367121778277541333e-01,2.065725565065445687e-04,-9.196940314203893825e-04,-5.593531234326208287e-03,-8.694350154513242473e-03,-2.228538021583316257e-03,-1.516588946235863456e-03,-8.855571779895480460e-04,-6.388800135906936564e-04,-4.388165741744462912e-04,-3.212130664811429538e-04,1.368698241056838238e-01,-1.859153008558901254e-04,7.032954357920624244e-04,5.362393580015207759e-03,8.029488083873994111e-03,1.217507992622194994e-03,1.204666397010047303e-03,6.152291973401070521e-04,4.416948242108499232e-04,2.968465060591842734e-04,1.756633957318750325e-04,-3.462739770576148297e-03,-1.033830714967560538e-03,-8.223584788130794930e-04,-6.594640898280130972e-04,-2.437134143381817955e-04,4.162788244050026447e-03,1.156111767275551285e-03,9.196790088501302250e-04,7.638096736615595378e-04,2.820112365913246370e-04,-7.484688918730887999e-03,-1.385055700001617922e-02,-1.522740687947967374e-02,-1.583865990907178806e-02,-1.595304301292733984e-02,-1.558210697817399501e-02,-1.374803533580338730e-02,-1.124089125827171590e-02,-8.497560243985308875e-03,-5.079792758101832686e-03,7.596192664261329844e-03,1.392390505120779179e-02,1.532593071982138108e-02,1.600304160531978645e-02,1.616284105360234202e-02,1.599705748539809527e-02,1.415904679081657347e-02,1.166920633585192754e-02,9.060265406830941837e-03,5.514730807190124443e-03
csi,-6.072999999999999926e-02,1.000000000000000048e-04,-5.100000000000000366e-04,-3.629999999999999980e-03,-6.810000000000000081e-03,-3.129999999999999970e-03,-1.410000000000000012e-03,-9.499999999999999981e-04,-8.099999999999999561e-04,-6.800000000000000488e-04,-6.400000000000000524e-04,6.083000000000000212e-02,-9.000000000000000567e-05,3.899999999999999929e-04,3.480000000000000020e-03,6.289999999999999584e-03,1.709999999999999932e-03,1.119999999999999902e-03,6.599999999999999964e-04,5.599999999999999509e-04,4.600000000000000139e-04,3.499999999999999964e-04,-5.539999999999999786e-03,-1.860000000000000108e-03,-1.690000000000000096e-03,-1.580000000000000024e-03,-6.999999999999999929e-04,6.660000000000000121e-03,2.079999999999999818e-03,1.889999999999999970e-03,1.830000000000000029e-03,8.099999999999999561e-04,-5.380000000000000233e-03,-1.132999999999999979e-02,-1.391000000000000049e-02,-1.637999999999999873e-02,-1.900999999999999912e-02,-2.178000000000000075e-02,-2.307999999999999982e-02,-2.361999999999999864e-02,-2.385999999999999927e-02,-2.148999999999999869e-02,5.449999999999999983e-03,1.139000000000000082e-02,1.400000000000000029e-02,1.654999999999999874e-02,1.925999999999999934e-02,2.236000000000000140e-02,2.376999999999999946e-02,2.452000000000000013e-02,2.544000000000000081e-02,2.333000000000000004e-02
csi*c/cref,-1.367572156066464983e-01,2.065725565065445687e-04,-9.196940314203893825e-04,-5.593531234326208287e-03,-8.707135963563997216e-03,-2.228538021583316257e-03,-1.516588946235863456e-03,-8.855571779895480460e-04,-6.388800135906936564e-04,-4.388165741744462912e-04,-3.212130664811429538e-04,1.369148396702639103e-01,-1.859153008558901254e-04,7.032954357920624244e-04,5.362393580015207759e-03,8.042273892924748854e-03,1.217507992622194994e-03,1.204666397010047303e-03,6.152291973401070521e-04,4.416948242108499232e-04,2.968465060591842734e-04,1.756633957318750325e-04,-3.462739770576148297e-03,-1.033830714967560538e-03,-8.223584788130794930e-04,-6.594640898280130972e-04,-2.437134143381817955e-04,4.162788244050026447e-03,1.156111767275551285e-03,9.196790088501302250e-04,7.638096736615595378e-04,2.820112365913246370e-04,-7.498626886922194097e-03,-1.385055700001617922e-02,-1.522740687947967374e-02,-1.583865990907178806e-02,-1.595304301292733984e-02,-1.558210697817399501e-02,-1.374803533580338730e-02,-1.124089125827171590e-02,-8.497560243985308875e-03,-5.079792758101832686e-03,7.596192664261329844e-03,1.392390505120779179e-02,1.532593071982138108e-02,1.600304160531978645e-02,1.616284105360234202e-02,1.599705748539809527e-02,1.415904679081657347e-02,1.166920633585192754e-02,9.060265406830941837e-03,5.514730807190124443e-03
cso,3.000000000000000076e-05,0.000000000000000000e+00,0.000000000000000000e+00,0.000000000000000000e+00,2.000000000000000164e-05,0.000000000000000000e+00,0.000000000000000000e+00,0.000000000000000000e+00,0.000000000000000000e+00,0.000000000000000000e+00,0.000000000000000000e+00,-3.000000000000000076e-05,0.000000000000000000e+00,0.000000000000000000e+00,0.000000000000000000e+00,-2.000000000000000164e-05,0.000000000000000000e+00,0.000000000000000000e+00,0.000000000000000000e+00,0.000000000000000000e+00,0.000000000000000000e+00,0.000000000000000000e+00,0.000000000000000000e+00,0.000000000000000000e+00,0.000000000000000000e+00,0.000000000000000000e+00,0.000000000000000000e+00,0.000000000000000000e+00,0.000000000000000000e+00,0.000000000000000000e+00,0.000000000000000000e+00,0.000000000000000000e+00,1.000000000000000082e-05,0.000000000000000000e+00,0.000000000000000000e+00,0.000000000000000000e+00,0.000000000000000000e+00,0.000000000000000000e+00,0.000000000000000000e+00,0.000000000000000000e+00,0.000000000000000000e+00,0.000000000000000000e+00,-1.000000000000000082e-05,0.000000000000000000e+00,0.000000000000000000e+00,0.000000000000000000e+00,0.000000000000000000e+00,0.000000000000000000e+00,0.000000000000000000e+00,0.000000000000000000e+00,0.000000000000000000e+00,0.000000000000000000e+00
cso*c/cref,6.755666833853771257e-05,0.000000000000000000e+00,0.000000000000000000e+00,0.000000000000000000e+00,2.557161810150953988e-05,0.000000000000000000e+00,0.000000000000000000e+00,0.000000000000000000e+00,0.000000000000000000e+00,0.000000000000000000e+00,0.000000000000000000e+00,-6.752334687009563198e-05,0.000000000000000000e+00,0.000000000000000000e+00,0.000000000000000000e+00,-2.557161810150953988e-05,0.000000000000000000e+00,0.000000000000000000e+00,0.000000000000000000e+00,0.000000000000000000e+00,0.000000000000000000e+00,0.000000000000000000e+00,0.000000000000000000e+00,0.000000000000000000e+00,0.000000000000000000e+00,0.000000000000000000e+00,0.000000000000000000e+00,0.000000000000000000e+00,0.000000000000000000e+00,0.000000000000000000e+00,0.000000000000000000e+00,0.000000000000000000e+00,1.393796819130519330e-05,0.000000000000000000e+00,0.000000000000000000e+00,0.000000000000000000e+00,0.000000000000000000e+00,0.000000000000000000e+00,0.000000000000000000e+00,0.000000000000000000e+00,0.000000000000000000e+00,0.000000000000000000e+00,-1.393796819130519330e-05,0.000000000000000000e+00,0.000000000000000000e+00,0.000000000000000000e+00,0.000000000000000000e+00,0.000000000000000000e+00,0.000000000000000000e+00,0.000000000000000000e+00,0.000000000000000000e+00,0.000000000000000000e+00
cx,5.329999999999999669e-03,4.839999999999999684e-03,4.819999999999999632e-03,4.049999999999999781e-03,3.579999999999999849e-03,4.760000000000000342e-03,4.720000000000000237e-03,5.069999999999999854e-03,5.259999999999999919e-03,5.420000000000000338e-03,5.610000000000000403e-03,5.369999999999999774e-03,4.819999999999999632e-03,4.810000000000000039e-03,4.040000000000000188e-03,3.650000000000000033e-03,5.109999999999999959e-03,4.769999999999999934e-03,5.109999999999999959e-03,5.290000000000000431e-03,5.449999999999999983e-03,5.629999999999999588e-03,5.449999999999999983e-03,5.490000000000000088e-03,5.570000000000000298e-03,5.539999999999999786e-03,5.799999999999999600e-03,5.420000000000000338e-03,5.449999999999999983e-03,5.550000000000000246e-03,5.470000000000000036e-03,5.769999999999999955e-03,5.100000000000000366e-03,5.009999999999999697e-03,5.080000000000000314e-03,5.139999999999999604e-03,5.190000000000000169e-03,5.250000000000000326e-03,5.349999999999999721e-03,5.510000000000000141e-03,5.749999999999999903e-03,6.100000000000000387e-03,4.989999999999999644e-03,5.009999999999999697e-03,5.089999999999999906e-03,5.150000000000000064e-03,5.190000000000000169e-03,5.250000000000000326e-03,5.360000000000000181e-03,5.510000000000000141e-03,5.729999999999999850e-03,6.089999999999999927e-03
cx*c/cref,1.200256807481353202e-02,9.998111734916756421e-03,8.692010257737796397e-03,6.240716666397009074e-03,4.577319640170206608e-03,3.389086575954180537e-03,5.076808387399486117e-03,4.726078834112640813e-03,4.148776384551911868e-03,3.497626223566910417e-03,2.815633285873768779e-03,1.208667908974711547e-02,9.956797223615447209e-03,8.673977041435436061e-03,6.225307489442943008e-03,4.666820303525490675e-03,3.638284118303752521e-03,5.130588137266006016e-03,4.763365452133253020e-03,4.172438607277493584e-03,3.516985778309900286e-03,2.825671194201303995e-03,3.406485875386282888e-03,3.051468078049412308e-03,2.710376761531865363e-03,2.312298137751387511e-03,2.019339718802077525e-03,3.387734576989661663e-03,3.029235159447959090e-03,2.700644708528160496e-03,2.283081374277994621e-03,2.008894858187584148e-03,7.108363777565648509e-03,6.124562274499651369e-03,5.561123432620901190e-03,4.970128933615933567e-03,4.355407324413093119e-03,3.756017522287120186e-03,3.186827948290646244e-03,2.622240086074392913e-03,2.047819421748345650e-03,1.441914184477486541e-03,6.955046127461290105e-03,6.124562274499651369e-03,5.572070525992202199e-03,4.979798445159933779e-03,4.355407324413093119e-03,3.756017522287120186e-03,3.192784636044460750e-03,2.622240086074392913e-03,2.040696571585742542e-03,1.439550390732441355e-03
cxi,6.400000000000000524e-04,1.000000000000000048e-04,-0.000000000000000000e+00,-8.599999999999999789e-04,-1.440000000000000091e-03,-6.400000000000000524e-04,-4.099999999999999912e-04,-1.600000000000000131e-04,-6.999999999999999387e-05,-5.000000000000000240e-05,-4.000000000000000327e-05,6.800000000000000488e-04,8.000000000000000654e-05,-1.000000000000000082e-05,-8.700000000000000051e-04,-1.369999999999999907e-03,-2.999999999999999737e-04,-3.699999999999999947e-04,-1.100000000000000039e-04,-4.000000000000000327e-05,-2.000000000000000164e-05,-2.000000000000000164e-05,-5.000000000000000240e-05,-9.000000000000000567e-05,-1.100000000000000039e-04,-2.500000000000000052e-04,-1.299999999999999886e-04,-8.000000000000000654e-05,-1.399999999999999877e-04,-1.200000000000000030e-04,-3.299999999999999982e-04,-1.600000000000000131e-04,1.299999999999999886e-04,-5.000000000000000240e-05,-4.000000000000000327e-05,-6.000000000000000152e-05,-1.100000000000000039e-04,-1.499999999999999869e-04,-1.800000000000000113e-04,-1.900000000000000105e-04,-1.600000000000000131e-04,-1.399999999999999877e-04,2.000000000000000164e-05,-4.000000000000000327e-05,-4.000000000000000327e-05,-5.000000000000000240e-05,-1.000000000000000048e-04,-1.499999999999999869e-04,-1.700000000000000122e-04,-1.900000000000000105e-04,-1.900000000000000105e-04,-1.499999999999999869e-04
cxi*c/cref,1.441208924555471274e-03,2.065725565065445687e-04,-0.000000000000000000e+00,-1.325189218049735223e-03,-1.841156503308686654e-03,-4.556755060106461482e-04,-4.409939489054637914e-04,-1.491464720824502101e-04,-5.521185302635624040e-05,-3.226592457165046538e-05,-2.007581665507143461e-05,1.530529195722167514e-03,1.652580452052356550e-04,-1.803321630236057646e-05,-1.340598395003801940e-03,-1.751655839953403238e-03,-2.135978934424903413e-04,-3.979701490122478395e-04,-1.025381995566845177e-04,-3.154963030077499839e-05,-1.290636982866018514e-05,-1.003790832753571731e-05,-3.125216399436956896e-05,-5.002406685326905590e-05,-5.352629152037795545e-05,-1.043455838335463729e-04,-4.526106266280518749e-05,-5.000346239099131575e-05,-7.781521510508517848e-05,-5.839231802223049747e-05,-1.377361706602812192e-04,-5.570592327729869959e-05,1.811935864869674824e-04,-6.112337599301050702e-05,-4.378837348520394707e-05,-5.801706926399923008e-05,-9.231113789700196774e-05,-1.073147863510605566e-04,-1.072203795686572735e-04,-9.042207193359976544e-05,-5.698280130082353646e-05,-3.309311243063083497e-05,2.787593638261038660e-05,-4.889870079440840291e-05,-4.378837348520394707e-05,-4.834755771999935727e-05,-8.391921627000179255e-05,-1.073147863510605566e-04,-1.012636918148429843e-04,-9.042207193359976544e-05,-6.766707654472795463e-05,-3.545690617567589267e-05
cxo,4.689999999999999725e-03,4.740000000000000289e-03,4.819999999999999632e-03,4.910000000000000302e-03,5.029999999999999749e-03,5.409999999999999878e-03,5.130000000000000011e-03,5.219999999999999814e-03,5.340000000000000129e-03,5.470000000000000036e-03,5.649999999999999641e-03,4.689999999999999725e-03,4.740000000000000289e-03,4.819999999999999632e-03,4.910000000000000302e-03,5.020000000000000157e-03,5.409999999999999878e-03,5.130000000000000011e-03,5.219999999999999814e-03,5.329999999999999669e-03,5.470000000000000036e-03,5.649999999999999641e-03,5.499999999999999681e-03,5.579999999999999891e-03,5.680000000000000153e-03,5.790000000000000008e-03,5.930000000000000375e-03,5.499999999999999681e-03,5.579999999999999891e-03,5.680000000000000153e-03,5.790000000000000008e-03,5.930000000000000375e-03,4.969999999999999592e-03,5.049999999999999802e-03,5.120000000000000419e-03,5.199999999999999761e-03,5.290000000000000431e-03,5.400000000000000286e-03,5.530000000000000193e-03,5.689999999999999745e-03,5.910000000000000323e-03,6.239999999999999887e-03,4.969999999999999592e-03,5.049999999999999802e-03,5.120000000000000419e-03,5.199999999999999761e-03,5.290000000000000431e-03,5.400000000000000286e-03,5.530000000000000193e-03,5.689999999999999745e-03,5.910000000000000323e-03,6.239999999999999887e-03
cxo*c/cref,1.056135915025806053e-02,9.791539178410212096e-03,8.692010257737796397e-03,7.565905884446745382e-03,6.431261952529647788e-03,3.851882011746242916e-03,5.517802336304949637e-03,4.865903651689937673e-03,4.211875645153462244e-03,3.529892148138560632e-03,2.835709102528839645e-03,1.055614989402494860e-02,9.791539178410212096e-03,8.692010257737796397e-03,7.565905884446745382e-03,6.418476143478893912e-03,3.851882011746242916e-03,5.517802336304949637e-03,4.865903651689937673e-03,4.203988237578268339e-03,3.529892148138560632e-03,2.835709102528839645e-03,3.437738039380652463e-03,3.101492144902680964e-03,2.763903053052243434e-03,2.416643721584934169e-03,2.064600781464883024e-03,3.437738039380652463e-03,3.101492144902680964e-03,2.763903053052243434e-03,2.416643721584934169e-03,2.064600781464883024e-03,6.927170191078679644e-03,6.173460975294060328e-03,5.604911806106105225e-03,5.028146002879933102e-03,4.439326540683095033e-03,3.863332308638180689e-03,3.294048327859303883e-03,2.707903101590434635e-03,2.104802223049169214e-03,1.475007296908117200e-03,6.927170191078679644e-03,6.173460975294060328e-03,5.604911806106105225e-03,5.028146002879933102e-03,4.439326540683095033e-03,3.863332308638180689e-03,3.294048327859303883e-03,2.707903101590434635e-03,2.104802223049169214e-03,1.475007296908117200e-03
cy,-6.071000000000000008e-02,1.000000000000000048e-04,-5.100000000000000366e-04,-3.629999999999999980e-03,-6.799999999999999621e-03,-3.129999999999999970e-03,-1.410000000000000012e-03,-9.499999999999999981e-04,-8.099999999999999561e-04,-6.800000000000000488e-04,-6.400000000000000524e-04,6.081000000000000294e-02,-9.000000000000000567e-05,3.899999999999999929e-04,3.480000000000000020e-03,6.279999999999999992e-03,1.709999999999999932e-03,1.119999999999999902e-03,6.599999999999999964e-04,5.599999999999999509e-04,4.600000000000000139e-04,3.499999999999999964e-04,-5.539999999999999786e-03,-1.860000000000000108e-03,-1.690000000000000096e-03,-1.580000000000000024e-03,-6.999999999999999929e-04,6.660000000000000121e-03,2.079999999999999818e-03,1.889999999999999970e-03,1.830000000000000029e-03,8.099999999999999561e-04,-5.369999999999999774e-03,-1.132999999999999979e-02,-1.391000000000000049e-02,-1.637999999999999873e-02,-1.900999999999999912e-02,-2.178000000000000075e-02,-2.307999999999999982e-02,-2.361999999999999864e-02,-2.385999999999999927e-02,-2.148999999999999869e-02,5.449999999999999983e-03,1.139000000000000082e-02,1.400000000000000029e-02,1.654999999999999874e-02,1.925999999999999934e-02,2.236000000000000140e-02,2.376999999999999946e-02,2.452000000000000013e-02,2.544000000000000081e-02,2.333000000000000004e-02
cy*c/cref,-1.367121778277541333e-01,2.065725565065445687e-04,-9.196940314203893825e-04,-5.593531234326208287e-03,-8.694350154513242473e-03,-2.228538021583316257e-03,-1.516588946235863456e-03,-8.855571779895480460e-04,-6.388800135906936564e-04,-4.388165741744462912e-04,-3.212130664811429538e-04,1.368698241056838238e-01,-1.859153008558901254e-04,7.032954357920624244e-04,5.362393580015207759e-03,8.029488083873994111e-03,1.217507992622194994e-03,1.204666397010047303e-03,6.152291973401070521e-04,4.416948242108499232e-04,2.968465060591842734e-04,1.756633957318750325e-04,-3.462739770576148297e-03,-1.033830714967560538e-03,-8.223584788130794930e-04,-6.594640898280130972e-04,-2.437134143381817955e-04,4.162788244050026447e-03,1.156111767275551285e-03,9.196790088501302250e-04,7.638096736615595378e-04,2.820112365913246370e-04,-7.484688918730887999e-03,-1.385055700001617922e-02,-1.522740687947967374e-02,-1.583865990907178806e-02,-1.595304301292733984e-02,-1.558210697817399501e-02,-1.374803533580338730e-02,-1.124089125827171590e-02,-8.497560243985308875e-03,-5.079792758101832686e-03,7.596192664261329844e-03,1.392390505120779179e-02,1.532593071982138108e-02,1.600304160531978645e-02,1.616284105360234202e-02,1.599705748539809527e-02,1.415904679081657347e-02,1.166920633585192754e-02,9.060265406830941837e-03,5.514730807190124443e-03
cyi,-6.072999999999999926e-02,1.000000000000000048e-04,-5.100000000000000366e-04,-3.629999999999999980e-03,-6.810000000000000081e-03,-3.129999999999999970e-03,-1.410000000000000012e-03,-9.499999999999999981e-04,-8.099999999999999561e-04,-6.800000000000000488e-04,-6.400000000000000524e-04,6.083000000000000212e-02,-9.000000000000000567e-05,3.899999999999999929e-04,3.480000000000000020e-03,6.289999999999999584e-03,1.709999999999999932e-03,1.119999999999999902e-03,6.599999999999999964e-04,5.599999999999999509e-04,4.600000000000000139e-04,3.499999999999999964e-04,-5.539999999999999786e-03,-1.860000000000000108e-03,-1.690000000000000096e-03,-1.580000000000000024e-03,-6.999999999999999929e-04,6.660000000000000121e-03,2.079999999999999818e-03,1.889999999999999970e-03,1.830000000000000029e-03,8.099999999999999561e-04,-5.380000000000000233e-03,-1.132999999999999979e-02,-1.391000000000000049e-02,-1.637999999999999873e-02,-1.900999999999999912e-02,-2.178000000000000075e-02,-2.307999999999999982e-02,-2.361999999999999864e-02,-2.385999999999999927e-02,-2.148999999999999869e-02,5.449999999999999983e-03,1.139000000000000082e-02,1.400000000000000029e-02,1.654999999999999874e-02,1.925999999999999934e-02,2.236000000000000140e-02,2.376999999999999946e-02,2.452000000000000013e-02,2.544000000000000081e-02,2.333000000000000004e-02
cyi*c/cref,-1.367572156066464983e-01,2.065725565065445687e-04,-9.196940314203893825e-04,-5.593531234326208287e-03,-8.707135963563997216e-03,-2.228538021583316257e-03,-1.516588946235863456e-03,-8.855571779895480460e-04,-6.388800135906936564e-04,-4.388165741744462912e-04,-3.212130664811429538e-04,1.369148396702639103e-01,-1.859153008558901254e-04,7.032954357920624244e-04,5.362393580015207759e-03,8.042273892924748854e-03,1.217507992622194994e-03,1.204666397010047303e-03,6.152291973401070521e-04,4.416948242108499232e-04,2.968465060591842734e-04,1.756633957318750325e-04,-3.462739770576148297e-03,-1.033830714967560538e-03,-8.223584788130794930e-04,-6.594640898280130972e-04,-2.437134143381817955e-04,4.162788244050026447e-03,1.156111767275551285e-03,9.196790088501302250e-04,7.638096736615595378e-04,2.820112365913246370e-04,-7.498626886922194097e-03,-1.385055700001617922e-02,-1.522740687947967374e-02,-1.583865990907178806e-02,-1.595304301292733984e-02,-1.558210697817399501e-02,-1.374803533580338730e-02,-1.124089125827171590e-02,-8.497560243985308875e-03,-5.079792758101832686e-03,7.596192664261329844e-03,1.392390505120779179e-02,1.532593071982138108e-02,1.600304160531978645e-02,1.616284105360234202e-02,1.599705748539809527e-02,1.415904679081657347e-02,1.166920633585192754e-02,9.060265406830941837e-03,5.514730807190124443e-03
cyo,3.000000000000000076e-05,0.000000000000000000e+00,0.000000000000000000e+00,0.000000000000000000e+00,2.000000000000000164e-05,0.000000000000000000e+00,0.000000000000000000e+00,0.000000000000000000e+00,0.000000000000000000e+00,0.000000000000000000e+00,0.000000000000000000e+00,-3.000000000000000076e-05,0.000000000000000000e+00,0.000000000000000000e+00,0.000000000000000000e+00,-2.000000000000000164e-05,0.000000000000000000e+00,0.000000000000000000e+00,0.000000000000000000e+00,0.000000000000000000e+00,0.000000000000000000e+00,0.000000000000000000e+00,0.000000000000000000e+00,0.000000000000000000e+00,0.000000000000000000e+00,0.000000000000000000e+00,0.000000000000000000e+00,0.000000000000000000e+00,0.000000000000000000e+00,0.000000000000000000e+00,0.000000000000000000e+00,0.000000000000000000e+00,1.000000000000000082e-05,0.000000000000000000e+00,0.000000000000000000e+00,0.000000000000000000e+00,0.000000000000000000e+00,0.000000000000000000e+00,0.000000000000000000e+00,0.000000000000000000e+00,0.000000000000000000e+00,0.000000000000000000e+00,-1.000000000000000082e-05,0.000000000000000000e+00,0.000000000000000000e+00,0.000000000000000000e+00,0.000000000000000000e+00,0.000000000000000000e+00,0.000000000000000000e+00,0.000000000000000000e+00,0.000000000000000000e+00,0.000000000000000000e+00
cyo*c/cref,6.755666833853771257e-05,0.000000000000000000e+00,0.000000000000000000e+00,0.000000000000000000e+00,2.557161810150953988e-05,0.000000000000000000e+00,0.000000000000000000e+00,0.000000000000000000e+00,0.000000000000000000e+00,0.000000000000000000e+00,0.000000000000000000e+00,-6.752334687009563198e-05,0.000000000000000000e+00,0.000000000000000000e+00,0.000000000000000000e+00,-2.557161810150953988e-05,0.000000000000000000e+00,0.000000000000000000e+00,0.000000000000000000e+00,0.000000000000000000e+00,0.000000000000000000e+00,0.000000000000000000e+00,0.000000000000000000e+00,0.000000000000000000e+00,0.000000000000000000e+00,0.000000000000000000e+00,0.000000000000000000e+00,0.000000000000000000e+00,0.000000000000000000e+00,0.000000000000000000e+00,0.000000000000000000e+00,0.000000000000000000e+00,1.393796819130519330e-05,0.000000000000000000e+00,0.000000000000000000e+00,0.000000000000000000e+00,0.000000000000000000e+00,0.000000000000000000e+00,0.000000000000000000e+00,0.000000000000000000e+00,0.000000000000000000e+00,0.000000000000000000e+00,-1.393796819130519330e-05,0.000000000000000000e+00,0.000000000000000000e+00,0.000000000000000000e+00,0.000000000000000000e+00,0.000000000000000000e+00,0.000000000000000000e+00,0.000000000000000000e+00,0.000000000000000000e+00,0.000000000000000000e+00
cz,-8.801000000000000489e-02,1.139999999999999954e-03,1.216000000000000067e-02,1.473000000000000004e-02,2.093000000000000069e-02,-1.197999999999999933e-02,1.502000000000000036e-02,1.524000000000000007e-02,1.409999999999999969e-02,1.190000000000000085e-02,9.809999999999999276e-03,-8.959000000000000297e-02,-1.499999999999999869e-04,1.010999999999999920e-02,1.217000000000000026e-02,1.754999999999999963e-02,-1.594999999999999890e-02,1.034999999999999983e-02,1.060999999999999964e-02,9.910000000000000406e-03,8.250000000000000389e-03,5.810000000000000060e-03,-2.537999999999999978e-02,-3.169999999999999901e-02,-2.947999999999999926e-02,-2.895000000000000004e-02,-1.976999999999999938e-02,-2.880999999999999880e-02,-3.545000000000000234e-02,-3.225999999999999701e-02,-3.266999999999999765e-02,-2.164999999999999911e-02,-1.799999999999999951e-03,1.149999999999999981e-03,1.559999999999999972e-03,1.940000000000000101e-03,2.309999999999999987e-03,2.439999999999999895e-03,2.629999999999999959e-03,2.690000000000000117e-03,2.680000000000000090e-03,2.619999999999999933e-03,-1.389999999999999960e-03,1.080000000000000014e-03,1.559999999999999972e-03,1.920000000000000049e-03,2.320000000000000014e-03,2.490000000000000026e-03,2.690000000000000117e-03,2.789999999999999945e-03,2.899999999999999800e-03,2.870000000000000155e-03
cz*c/cref,-1.981887460158234526e-01,2.354927144174607731e-03,2.192839102367045989e-02,2.269771765334023528e-02,2.676069834322973226e-02,-8.529675878136780756e-03,1.615543685990260270e-02,1.420620146585338181e-02,1.112124468102318638e-02,7.679290048052810069e-03,4.923594034656268194e-03,-2.016472215363955822e-01,-3.098588347598168124e-04,1.823158168168654072e-02,1.875296835309916282e-02,2.243909488407461877e-02,-1.135628800135906995e-02,1.113240822236963475e-02,9.890275429967478743e-03,7.816420907017005912e-03,5.323877554322326185e-03,2.916012369149125708e-03,-1.586359844354199439e-02,-1.761958799165143016e-02,-1.434504612746129171e-02,-1.208321860792467041e-02,-6.883163144951219732e-03,-1.800749689355574459e-02,-1.970392411053764267e-02,-1.569780149497629687e-02,-1.363588089536784016e-02,-7.537707743459479137e-03,-2.508834274434934564e-03,1.405837647839241512e-03,1.707746565922953902e-03,1.875885239535975135e-03,1.938533895837041146e-03,1.745653857977251750e-03,1.566608879253158929e-03,1.280186176323070291e-03,9.544619217887942561e-04,6.193139612018056742e-04,-1.937377578591421628e-03,1.320264921449026702e-03,1.707746565922953902e-03,1.856546216447975363e-03,1.946925817464041295e-03,1.781425453427605467e-03,1.602349005776044881e-03,1.327776740498649074e-03,1.032813273577426385e-03,6.784088048279321914e-04
czi,-8.801000000000000489e-02,1.139999999999999954e-03,1.216000000000000067e-02,1.473000000000000004e-02,2.093000000000000069e-02,-1.197999999999999933e-02,1.502000000000000036e-02,1.524000000000000007e-02,1.409999999999999969e-02,1.190000000000000085e-02,9.809999999999999276e-03,-8.959000000000000297e-02,-1.499999999999999869e-04,1.010999999999999920e-02,1.217000000000000026e-02,1.754999999999999963e-02,-1.594999999999999890e-02,1.034999999999999983e-02,1.060999999999999964e-02,9.910000000000000406e-03,8.250000000000000389e-03,5.810000000000000060e-03,-2.537999999999999978e-02,-3.169999999999999901e-02,-2.947999999999999926e-02,-2.895000000000000004e-02,-1.976999999999999938e-02,-2.880999999999999880e-02,-3.545000000000000234e-02,-3.225999999999999701e-02,-3.266999999999999765e-02,-2.164999999999999911e-02,-1.850000000000000082e-03,1.149999999999999981e-03,1.559999999999999972e-03,1.940000000000000101e-03,2.309999999999999987e-03,2.439999999999999895e-03,2.629999999999999959e-03,2.690000000000000117e-03,2.680000000000000090e-03,2.619999999999999933e-03,-1.440000000000000091e-03,1.080000000000000014e-03,1.559999999999999972e-03,1.920000000000000049e-03,2.320000000000000014e-03,2.490000000000000026e-03,2.690000000000000117e-03,2.789999999999999945e-03,2.899999999999999800e-03,2.870000000000000155e-03
czi*c/cref,-1.981887460158234526e-01,2.354927144174607731e-03,2.192839102367045989e-02,2.269771765334023528e-02,2.676069834322973226e-02,-8.529675878136780756e-03,1.615543685990260270e-02,1.420620146585338181e-02,1.112124468102318638e-02,7.679290048052810069e-03,4.923594034656268194e-03,-2.016472215363955822e-01,-3.098588347598168124e-04,1.823158168168654072e-02,1.875296835309916282e-02,2.243909488407461877e-02,-1.135628800135906995e-02,1.113240822236963475e-02,9.890275429967478743e-03,7.816420907017005912e-03,5.323877554322326185e-03,2.916012369149125708e-03,-1.586359844354199439e-02,-1.761958799165143016e-02,-1.434504612746129171e-02,-1.208321860792467041e-02,-6.883163144951219732e-03,-1.800749689355574459e-02,-1.970392411053764267e-02,-1.569780149497629687e-02,-1.363588089536784016e-02,-7.537707743459479137e-03,-2.578524115391460717e-03,1.405837647839241512e-03,1.707746565922953902e-03,1.875885239535975135e-03,1.938533895837041146e-03,1.745653857977251750e-03,1.566608879253158929e-03,1.280186176323070291e-03,9.544619217887942561e-04,6.193139612018056742e-04,-2.007067419547947998e-03,1.320264921449026702e-03,1.707746565922953902e-03,1.856546216447975363e-03,1.946925817464041295e-03,1.781425453427605467e-03,1.602349005776044881e-03,1.327776740498649074e-03,1.032813273577426385e-03,6.784088048279321914e-04
czo,0.000000000000000000e+00,0.000000000000000000e+00,0.000000000000000000e+00,0.000000000000000000e+00,0.000000000000000000e+00,0.000000000000000000e+00,0.000000000000000000e+00,0.000000000000000000e+00,0.000000000000000000e+00,0.000000000000000000e+00,0.000000000000000000e+00,0.000000000000000000e+00,0.000000000000000000e+00,0.000000000000000000e+00,0.000000000000000000e+00,0.000000000000000000e+00,0.000000000000000000e+00,0.000000000000000000e+00,0.000000000000000000e+00,0.000000000000000000e+00,0.000000000000000000e+00,0.000000000000000000e+00,0.000000000000000000e+00,0.000000000000000000e+00,0.000000000000000000e+00,0.000000000000000000e+00,0.000000000000000000e+00,0.000000000000000000e+00,0.000000000000000000e+00,0.000000000000000000e+00,0.000000000000000000e+00,0.000000000000000000e+00,5.000000000000000240e-05,0.000000000000000000e+00,0.000000000000000000e+00,0.000000000000000000e+00,0.000000000000000000e+00,0.000000000000000000e+00,0.000000000000000000e+00,0.000000000000000000e+00,0.000000000000000000e+00,0.000000000000000000e+00,5.000000000000000240e-05,0.000000000000000000e+00,0.000000000000000000e+00,0.000000000000000000e+00,0.000000000000000000e+00,0.000000000000000000e+00,0.000000000000000000e+00,0.000000000000000000e+00,0.000000000000000000e+00,0.000000000000000000e+00
czo*c/cref,0.000000000000000000e+00,0.000000000000000000e+00,0.000000000000000000e+00,0.000000000000000000e+00,0.000000000000000000e+00,0.000000000000000000e+00,0.000000000000000000e+00,0.000000000000000000e+00,0.000000000000000000e+00,0.000000000000000000e+00,0.000000000000000000e+00,0.000000000000000000e+00,0.000000000000000000e+00,0.000000000000000000e+00,0.000000000000000000e+00,0.000000000000000000e+00,0.000000000000000000e+00,0.000000000000000000e+00,0.000000000000000000e+00,0.000000000000000000e+00,0.000000000000000000e+00,0.000000000000000000e+00,0.000000000000000000e+00,0.000000000000000000e+00,0.000000000000000000e+00,0.000000000000000000e+00,0.000000000000000000e+00,0.000000000000000000e+00,0.000000000000000000e+00,0.000000000000000000e+00,0.000000000000000000e+00,0.000000000000000000e+00,6.968984095652596311e-05,0.000000000000000000e+00,0.000000000000000000e+00,0.000000000000000000e+00,0.000000000000000000e+00,0.000000000000000000e+00,0.000000000000000000e+00,0.000000000000000000e+00,0.000000000000000000e+00,0.000000000000000000e+00,6.968984095652596311e-05,0.000000000000000000e+00,0.000000000000000000e+00,0.000000000000000000e+00,0.000000000000000000e+00,0.000000000000000000e+00,0.000000000000000000e+00,0.000000000000000000e+00,0.000000000000000000e+00,0.000000000000000000e+00
dArea,1.968918000000000035e+01,2.440130999999999872e+01,2.130167000000000144e+01,1.820203000000000060e+01,1.354603000000000002e+01,8.667300000000000004e-01,3.282052999999999798e+01,2.844275000000000020e+01,2.406590999999999880e+01,1.968971000000000160e+01,1.531381999999999977e+01,1.967941000000000074e+01,2.440130999999999872e+01,2.130167000000000144e+01,1.820203000000000060e+01,1.354603000000000002e+01,8.667300000000000004e-01,3.282052999999999798e+01,2.844275000000000020e+01,2.406590999999999880e+01,1.968971000000000160e+01,1.531381999999999977e+01,9.691470000000000695e+00,8.618190000000000239e+00,7.544909999999999783e+00,6.471630000000000216e+00,5.398349999999999760e+00,9.691470000000000695e+00,8.618190000000000239e+00,7.544909999999999783e+00,6.471630000000000216e+00,5.398349999999999760e+00,8.567589999999999151e+00,7.519720000000000404e+00,6.733850000000000335e+00,5.947969999999999757e+00,5.162099999999999689e+00,1.231455000000000055e+01,1.025309999999999988e+01,8.191649999999999210e+00,6.130189999999999806e+00,4.068740000000000023e+00,8.567589999999999151e+00,7.519720000000000404e+00,6.733850000000000335e+00,5.947969999999999757e+00,5.162099999999999689e+00,1.231455000000000055e+01,1.025309999999999988e+01,8.191649999999999210e+00,6.130189999999999806e+00,4.068740000000000023e+00
dSpan,7.073199999999999488e-01,9.555900000000000505e-01,9.555900000000000505e-01,9.555900000000000505e-01,8.570699999999999985e-01,9.847999999999999809e-02,2.468480000000000008e+00,2.468370000000000175e+00,2.468309999999999782e+00,2.468300000000000161e+00,2.468329999999999913e+00,7.073099999999999943e-01,9.555900000000000505e-01,9.555900000000000505e-01,9.555900000000000505e-01,8.570699999999999985e-01,9.847999999999999809e-02,2.468480000000000008e+00,2.468370000000000175e+00,2.468309999999999782e+00,2.468300000000000161e+00,2.468329999999999913e+00,1.254329999999999945e+00,1.254329999999999945e+00,1.254329999999999945e+00,1.254329999999999945e+00,1.254329999999999945e+00,1.254329999999999945e+00,1.254329999999999945e+00,1.254329999999999945e+00,1.254329999999999945e+00,1.254329999999999945e+00,4.972699999999999898e-01,4.976200000000000068e-01,4.976200000000000068e-01,4.976200000000000068e-01,4.976200000000000068e-01,1.392460000000000031e+00,1.392460000000000031e+00,1.392460000000000031e+00,1.392460000000000031e+00,1.392460000000000031e+00,4.972699999999999898e-01,4.976200000000000068e-01,4.976200000000000068e-01,4.976200000000000068e-01,4.976200000000000068e-01,1.392460000000000031e+00,1.392460000000000031e+00,1.392460000000000031e+00,1.392460000000000031e+00,1.392460000000000031e+00
roverR,inf,inf,inf,inf,inf,inf,inf,inf,inf,inf,inf,inf,inf,inf,inf,inf,inf,inf,inf,inf,inf,inf,inf,inf,inf,inf,inf,inf,inf,inf,inf,inf,inf,inf,inf,inf,inf,inf,inf,inf,inf,inf,inf,inf,inf,inf,inf,inf,inf,inf,inf,inf
Results_Name,CpSlice_Wrapper
Results_Timestamp,1788933780
Results_Date,9,9,2026
Results_Time,9,3,0
CpSlice_Case_ID_Vec,RKRWTSU
Num_Cuts,1
