2 0.000000 100.000000 211.018442
1387 1198 
1 -276.279947 0.000000 -280.179887 99.618475 0.000089 8.715919 0.000019 
2 331.535936 0.000000 -280.179887 99.619081 0.001301 8.705417 0.000025 
3 331.535936 0.000000 285.678573 99.621601 -0.001471 8.701702 -0.000018 
4 -276.279947 0.000000 285.678573 99.620434 -0.000057 8.715983 -0.000020 
5 27.627995 0.000000 2.749343 109.363881 -0.085019 -9.570869 -0.205207 
6 -276.279947 0.000000 2.749343 99.619376 0.000029 8.716314 0.000001 
7 27.627995 0.000000 -280.179887 99.611404 0.000718 8.710486 0.000170 
8 331.535936 0.000000 2.749343 99.727643 0.011082 7.475651 -0.000149 
9 27.627995 0.000000 285.678573 99.629087 -0.000356 8.710210 -0.000182 
10 -124.325976 0.000000 -138.715272 99.615371 0.000305 8.716754 0.000080 
11 -276.279947 0.000000 -138.715272 99.618754 0.000066 8.716168 0.000013 
12 -124.325976 0.000000 -280.179887 99.616068 0.000249 8.715570 0.000068 
13 27.627995 0.000000 -138.715272 99.589070 0.002348 8.696616 0.000639 
14 -124.325976 0.000000 2.749343 99.618388 0.000301 8.718411 0.000017 
15 179.581965 0.000000 -138.715272 99.617317 0.002688 8.674273 0.000115 
16 179.581965 0.000000 -280.179887 99.616158 0.001174 8.705083 0.000084 
17 331.535936 0.000000 -138.715272 99.621466 0.002582 8.681036 0.000020 
18 179.581965 0.000000 2.749343 99.864139 0.009198 5.895561 -0.000760 
19 -124.325976 0.000000 144.213958 99.622835 0.000073 8.717349 -0.000070 
20 -276.279947 0.000000 144.213958 99.620055 -0.000016 8.716223 -0.000013 
21 27.627995 0.000000 144.213958 99.657900 0.000746 8.696552 -0.000733 
22 -124.325976 0.000000 285.678573 99.622985 -0.000099 8.715842 -0.000070 
23 -48.348991 0.000000 -67.982965 99.600517 0.002033 8.719814 0.000370 
24 -124.325976 0.000000 -67.982965 99.616188 0.000328 8.717718 0.000062 
25 -48.348991 0.000000 -138.715272 99.606326 0.000973 8.715015 0.000263 
26 27.627995 0.000000 -67.982965 99.514780 0.002070 8.645802 0.002206 
27 -48.348991 0.000000 2.749343 99.606798 0.018099 8.724696 0.000237 
28 179.581965 0.000000 144.213958 99.627775 -0.002557 8.662186 -0.000073 
29 331.535936 0.000000 144.213958 99.625540 -0.003265 8.651586 -0.000010 
30 179.581965 0.000000 285.678573 99.624209 -0.001110 8.703185 -0.000073 
31 103.604980 0.000000 -67.982965 99.603505 0.006003 8.546820 0.000609 
32 103.604980 0.000000 -138.715272 99.604651 0.002583 8.673990 0.000368 
33 179.581965 0.000000 -67.982965 99.626826 0.005279 8.573937 0.000098 
34 103.604980 0.000000 2.749343 99.910901 0.020591 5.183837 -0.000906 
35 -48.348991 0.000000 73.481651 99.630791 0.001574 8.725187 -0.000242 
36 -124.325976 0.000000 73.481651 99.621110 0.000200 8.718225 -0.000037 
37 27.627995 0.000000 73.481651 99.714993 -0.004309 8.652432 -0.001794 
38 -48.348991 0.000000 144.213958 99.632391 0.000432 8.717488 -0.000261 
39 -10.360498 0.000000 -32.616811 99.526934 0.078991 8.696794 0.001875 
40 -48.348991 0.000000 -32.616811 99.601819 0.023465 8.719090 0.000345 
41 -10.360498 0.000000 -67.982965 99.577965 0.034213 8.702497 0.000849 
42 27.627995 0.000000 -32.616811 99.227901 0.162498 8.362840 0.008386 
43 -10.360498 0.000000 2.749343 99.405119 0.078118 8.753014 0.004200 
44 103.604980 0.000000 73.481651 99.651550 -0.002602 8.520190 -0.000303 
45 179.581965 0.000000 73.481651 99.640951 -0.005278 8.487534 -0.000036 
46 103.604980 0.000000 144.213958 99.638969 -0.001301 8.667676 -0.000305 
47 65.616487 0.000000 -32.616811 99.551995 -0.037393 8.130290 0.002330 
48 65.616487 0.000000 -67.982965 99.581277 0.001559 8.574290 0.001005 
49 103.604980 0.000000 -32.616811 99.637990 0.007980 8.152436 0.000581 
50 65.616487 0.000000 2.749343 99.734410 -0.061823 4.652361 0.003140 
51 -10.360498 0.000000 38.115497 99.641362 0.004567 8.762319 -0.000518 
52 -48.348991 0.000000 38.115497 99.621271 0.002519 8.728794 -0.000059 
53 27.627995 0.000000 38.115497 100.087991 0.005802 8.468710 -0.008933 
54 -10.360498 0.000000 73.481651 99.666937 0.008029 8.729578 -0.000970 
55 8.633748 0.000000 -14.933734 99.496751 0.194248 8.521454 0.002774 
56 -10.360498 0.000000 -14.933734 99.501937 0.138585 8.624233 0.002497 
57 8.633748 0.000000 -32.616811 99.454068 0.149909 8.620824 0.003455 
58 27.627995 0.000000 -14.933734 97.971814 0.083087 7.231717 0.034922 
59 8.633748 0.000000 2.749343 109.554697 -0.067812 18.520438 -0.234524 
60 -200.302961 0.000000 -67.982965 99.618433 0.000108 8.716722 0.000019 
61 -276.279947 0.000000 -67.982965 99.619031 0.000049 8.716266 0.000008 
62 -200.302961 0.000000 -138.715272 99.617916 0.000127 8.716452 0.000029 
63 -200.302961 0.000000 2.749343 99.619200 0.000079 8.716870 0.000003 
64 -86.337483 0.000000 -32.616811 99.613988 0.000784 8.719665 0.000102 
65 -124.325976 0.000000 -32.616811 99.617131 0.000324 8.718145 0.000042 
66 -86.337483 0.000000 -67.982965 99.612485 0.000716 8.718521 0.000134 
67 -86.337483 0.000000 2.749343 99.616669 0.000777 8.721364 0.000046 
68 -29.354744 0.000000 -14.933734 99.575767 0.042039 8.726147 0.000852 
69 -48.348991 0.000000 -14.933734 99.602723 0.018220 8.723517 0.000320 
70 -29.354744 0.000000 -32.616811 99.578410 0.034418 8.719658 0.000811 
71 -29.354744 0.000000 2.749343 99.582558 0.042799 8.732270 0.000706 
72 65.616487 0.000000 38.115497 99.706495 -0.038493 8.088203 -0.000681 
73 103.604980 0.000000 38.115497 99.684259 -0.007631 8.013940 -0.000117 
74 65.616487 0.000000 73.481651 99.701453 -0.007286 8.538560 -0.001329 
75 8.633748 0.000000 20.432420 99.977250 -0.059795 8.965683 -0.007584 
76 -10.360498 0.000000 20.432420 99.553715 0.097952 8.789404 0.001179 
77 27.627995 0.000000 20.432420 101.201118 -0.015242 8.003377 -0.030572 
78 8.633748 0.000000 38.115497 99.881177 -0.153719 8.794593 -0.005362 
79 -0.863375 0.000000 -6.092195 98.525876 -0.059842 8.230679 0.022490 
80 -10.360498 0.000000 -6.092195 99.400425 0.071241 8.702626 0.004381 
81 -0.863375 0.000000 -14.933734 99.270424 -0.057191 8.588240 0.007162 
82 8.633748 0.000000 -6.092195 99.370815 -0.133253 8.179984 0.005851 
83 -0.863375 0.000000 2.749343 97.918092 -0.027484 9.576222 0.032034 
84 46.622241 0.000000 -14.933734 99.268212 0.056057 6.906271 0.009812 
85 46.622241 0.000000 -32.616811 99.398016 0.389827 8.130585 0.005378 
86 65.616487 0.000000 -14.933734 99.465448 0.034495 6.913333 0.005883 
87 46.622241 0.000000 2.749343 96.759198 -0.107736 2.760171 0.063003 
88 18.130872 0.000000 -6.092195 97.141701 0.021590 7.671877 0.050463 
89 18.130872 0.000000 -14.933734 98.587026 -0.065011 8.376306 0.021043 
90 27.627995 0.000000 -6.092195 98.065747 0.070102 3.662725 0.036969 
91 18.130872 0.000000 2.749343 114.375613 -0.036692 4.010647 -0.309787 
92 -200.302961 0.000000 73.481651 99.620036 0.000040 8.716826 -0.000013 
93 -276.279947 0.000000 73.481651 99.619736 0.000006 8.716298 -0.000007 
94 -200.302961 0.000000 144.213958 99.620713 -0.000002 8.716612 -0.000027 
95 -86.337483 0.000000 38.115497 99.619963 0.000675 8.720622 -0.000019 
96 -124.325976 0.000000 38.115497 99.619792 0.000258 8.718441 -0.000011 
97 -86.337483 0.000000 73.481651 99.622947 0.000512 8.719982 -0.000077 
98 -29.354744 0.000000 20.432420 99.600383 0.034973 8.738759 0.000340 
99 -48.348991 0.000000 20.432420 99.611468 0.023573 8.724696 0.000143 
100 -29.354744 0.000000 38.115497 99.607049 0.024524 8.719357 0.000241 
101 -0.863375 0.000000 11.590882 99.478526 0.047180 9.172196 0.001989 
102 -10.360498 0.000000 11.590882 99.456932 0.126946 8.786949 0.003109 
103 8.633748 0.000000 11.590882 99.908101 -0.115320 9.210408 -0.006647 
104 -0.863375 0.000000 20.432420 99.583060 0.121626 8.900076 0.000399 
105 3.885187 0.000000 -1.671426 110.326002 -0.142911 -1.963010 -0.217570 
106 -0.863375 0.000000 -1.671426 96.196808 -0.032889 8.310011 0.067712 
107 3.885187 0.000000 -6.092195 99.421968 -0.068335 7.487993 0.005920 
108 8.633748 0.000000 -1.671426 108.798569 -0.022449 4.025215 -0.185333 
109 3.885187 0.000000 2.749343 100.227883 -0.098809 11.647082 -0.018129 
110 -19.857621 0.000000 -6.092195 99.538409 0.103829 8.722513 0.001601 
111 -29.354744 0.000000 -6.092195 99.577871 0.043612 8.728150 0.000807 
112 -19.857621 0.000000 -14.933734 99.543099 0.101658 8.713907 0.001523 
113 -19.857621 0.000000 2.749343 99.542992 0.098655 8.733609 0.001491 
114 -5.611936 0.000000 -1.671426 99.070110 0.046859 8.692481 0.010955 
115 -10.360498 0.000000 -1.671426 99.391524 0.063335 8.738449 0.004496 
116 -5.611936 0.000000 -6.092195 99.183823 0.108249 8.620535 0.008824 
117 -5.611936 0.000000 2.749343 99.120602 0.115436 8.874050 0.009634 
118 46.622241 0.000000 20.432420 100.271693 0.138125 6.900715 -0.010205 
119 65.616487 0.000000 20.432420 99.723845 0.046046 7.016924 0.000592 
120 46.622241 0.000000 38.115497 99.850029 -0.106882 8.143386 -0.003635 
121 18.130872 0.000000 11.590882 100.942462 -0.035966 8.718744 -0.026540 
122 27.627995 0.000000 11.590882 101.909614 -0.155377 7.143046 -0.043662 
123 18.130872 0.000000 20.432420 100.774525 -0.192337 8.802316 -0.023302 
124 3.885187 0.000000 7.170112 99.647840 -0.204904 9.692753 -0.002368 
125 -0.863375 0.000000 7.170112 98.937249 -0.126179 9.172857 0.012726 
126 8.633748 0.000000 7.170112 99.872180 -0.007613 9.281831 -0.006060 
127 3.885187 0.000000 11.590882 99.699659 -0.040668 9.249589 -0.002558 
128 1.510906 0.000000 0.538958 101.899788 -0.036628 40.714705 -0.204126 
129 -0.863375 0.000000 0.538958 96.399385 -0.034265 9.442650 0.061799 
130 1.510906 0.000000 -1.671426 110.423078 -0.159401 -14.085344 -0.239168 
131 3.885187 0.000000 0.538958 105.769366 -0.008906 31.029220 -0.214997 
132 1.510906 0.000000 2.749343 98.101657 -0.065284 11.295809 0.024847 
133 -19.857621 0.000000 11.590882 99.559399 0.083492 8.743185 0.001148 
134 -29.354744 0.000000 11.590882 99.590694 0.039670 8.737672 0.000535 
135 -19.857621 0.000000 20.432420 99.580380 0.064656 8.746022 0.000725 
136 -5.611936 0.000000 7.170112 99.283763 0.065102 8.866923 0.006411 
137 -10.360498 0.000000 7.170112 99.438628 0.069941 8.764471 0.003514 
138 -5.611936 0.000000 11.590882 99.414577 0.050666 8.866532 0.003812 
139 -3.237656 0.000000 0.538958 98.578975 -0.057899 8.904890 0.020289 
140 -5.611936 0.000000 0.538958 99.068094 0.069456 8.792750 0.010820 
141 -3.237656 0.000000 -1.671426 98.554053 -0.063632 8.756017 0.021043 
142 -3.237656 0.000000 2.749343 98.754447 -0.042381 9.006820 0.016643 
143 -48.348991 0.000000 -209.447580 99.610593 0.000594 8.714125 0.000179 
144 -124.325976 0.000000 -209.447580 99.615532 0.000273 8.716012 0.000078 
145 -48.348991 0.000000 -280.179887 99.613397 0.000442 8.714095 0.000124 
146 27.627995 0.000000 -209.447580 99.605397 0.001091 8.706735 0.000296 
147 -10.360498 0.000000 -103.349118 99.587040 0.003094 8.708789 0.000658 
148 -48.348991 0.000000 -103.349118 99.603851 0.001375 8.716279 0.000310 
149 -10.360498 0.000000 -138.715272 99.596930 0.001709 8.709486 0.000460 
150 27.627995 0.000000 -103.349118 99.563105 0.004627 8.682976 0.001179 
151 8.633748 0.000000 -50.299888 99.525388 0.028728 8.666145 0.001959 
152 -10.360498 0.000000 -50.299888 99.554924 0.038764 8.702505 0.001308 
153 8.633748 0.000000 -67.982965 99.550808 0.028207 8.685031 0.001421 
154 27.627995 0.000000 -50.299888 99.457678 -0.010616 8.588982 0.003440 
155 -0.863375 0.000000 -23.775272 99.497207 0.096764 8.609860 0.002617 
156 -10.360498 0.000000 -23.775272 99.517231 0.145151 8.669296 0.002114 
157 -0.863375 0.000000 -32.616811 99.533976 0.148217 8.636339 0.001838 
158 8.633748 0.000000 -23.775272 99.290135 -0.093638 8.600331 0.006749 
159 3.885187 0.000000 -10.512965 99.356193 -0.105376 8.351851 0.005858 
160 -0.863375 0.000000 -10.512965 99.182762 0.094271 8.392398 0.009234 
161 3.885187 0.000000 -14.933734 99.482397 -0.066348 8.431071 0.003217 
162 8.633748 0.000000 -10.512965 99.154859 -0.073039 8.471669 0.009654 
163 1.510906 0.000000 -3.881811 97.960027 -0.033319 6.310634 0.036401 
164 -0.863375 0.000000 -3.881811 97.749259 -0.047388 8.080286 0.037979 
165 1.510906 0.000000 -6.092195 98.703977 -0.028566 7.626401 0.019936 
166 3.885187 0.000000 -3.881811 99.686746 -0.086062 6.157272 0.002463 
167 0.323766 0.000000 -0.566234 95.748491 -0.078069 32.237312 -0.020702 
168 -0.863375 0.000000 -0.566234 95.785467 -0.031762 8.914620 0.074567 
169 0.323766 0.000000 -1.671426 91.693799 -0.047828 3.891294 0.157710 
170 1.510906 0.000000 -0.566234 105.930666 -0.055670 13.621560 -0.140686 
171 0.323766 0.000000 0.538958 92.934831 -0.039495 12.551429 0.120558 
172 -5.611936 0.000000 -10.512965 99.286309 0.066173 8.633013 0.006770 
173 -10.360498 0.000000 -10.512965 99.423538 0.125414 8.659303 0.003996 
174 -5.611936 0.000000 -14.933734 99.396358 0.142430 8.610107 0.004621 
175 -3.237656 0.000000 -3.881811 98.687077 -0.063444 8.644030 0.018614 
176 -5.611936 0.000000 -3.881811 99.094551 0.096839 8.681421 0.010489 
177 -3.237656 0.000000 -6.092195 98.816864 -0.077778 8.621361 0.016089 
178 0.323766 0.000000 -2.776618 95.862841 -0.044869 6.389610 0.076949 
179 -0.863375 0.000000 -2.776618 97.060689 -0.033749 8.085686 0.051384 
180 0.323766 0.000000 -3.881811 97.368619 -0.030788 7.220256 0.046722 
181 1.510906 0.000000 -2.776618 97.167185 -0.053355 4.454804 0.053869 
182 13.382310 0.000000 -1.671426 107.071229 -0.012402 4.807600 -0.148736 
183 13.382310 0.000000 -6.092195 98.765427 -0.072513 7.979505 0.018171 
184 18.130872 0.000000 -1.671426 101.961188 0.026061 3.333416 -0.040720 
185 13.382310 0.000000 2.749343 110.830220 -0.054049 16.399431 -0.255228 
186 6.259468 0.000000 0.538958 -61.883815 -0.026653 -3.390522 0.615890 
187 6.259468 0.000000 -1.671426 105.624566 -0.068839 1.319889 -0.115830 
188 8.633748 0.000000 0.538958 -33.840460 -0.014932 0.133563 0.885481 
189 6.259468 0.000000 2.749343 102.133570 -0.078933 9.326064 -0.051825 
190 2.698046 0.000000 -0.566234 110.753560 -0.181197 -6.349676 -0.230670 
191 2.698046 0.000000 -1.671426 110.907688 -0.172588 -6.998502 -0.234952 
192 3.885187 0.000000 -0.566234 -67.117317 0.017384 -1.491613 0.549304 
193 2.698046 0.000000 0.538958 104.321913 -0.037826 35.450465 -0.213980 
194 0.917336 0.000000 -1.118830 110.650305 -0.061941 -18.479705 -0.258499 
195 0.323766 0.000000 -1.118830 99.051629 -0.047357 -1.452712 0.018666 
196 0.917336 0.000000 -1.671426 111.530656 -0.136839 -24.015357 -0.301584 
197 1.510906 0.000000 -1.118830 110.339746 -1.058310 -15.191966 -0.240678 
198 0.917336 0.000000 -0.566234 103.970047 -0.054510 23.553066 -0.136452 
199 1.510906 0.000000 4.959728 98.915835 -0.044536 10.045835 0.011474 
200 -0.863375 0.000000 4.959728 98.682811 -0.028679 9.408014 0.017319 
201 3.885187 0.000000 4.959728 99.891347 -0.062524 10.203164 -0.008239 
202 1.510906 0.000000 7.170112 99.258048 -0.037168 9.567999 0.005629 
203 0.323766 0.000000 1.644151 96.250027 -0.037541 11.073496 0.061331 
204 -0.863375 0.000000 1.644151 97.259333 -0.028933 9.605086 0.044836 
205 1.510906 0.000000 1.644151 97.216973 -0.058389 12.977715 0.038044 
206 0.323766 0.000000 2.749343 97.593354 -0.040625 10.381312 0.036776 
207 0.917336 0.000000 -0.013638 102.685630 -0.050717 45.873061 -0.264868 
208 0.323766 0.000000 -0.013638 97.909227 -0.007358 52.178264 -0.230879 
209 1.510906 0.000000 -0.013638 102.052328 -0.049234 41.753498 -0.215803 
210 0.917336 0.000000 0.538958 101.477027 -0.008120 43.823557 -0.221809 
211 6.259468 0.000000 -3.881811 100.440797 -0.051656 6.989231 -0.013721 
212 6.259468 0.000000 -6.092195 99.760898 -0.034758 7.825133 -0.001347 
213 8.633748 0.000000 -3.881811 99.530689 -0.145204 7.645943 0.003516 
214 2.698046 0.000000 -2.776618 98.952770 -0.082226 4.004183 0.019231 
215 2.698046 0.000000 -3.881811 98.931008 -0.050144 6.009295 0.017654 
216 3.885187 0.000000 -2.776618 100.280168 -0.083511 4.514929 -0.007650 
217 5.072327 0.000000 -0.566234 108.231705 -0.120534 0.422672 -0.171430 
218 5.072327 0.000000 -1.671426 108.713682 -0.713553 0.610947 -0.181955 
219 6.259468 0.000000 -0.566234 105.969520 -0.084666 0.417830 -0.122972 
220 5.072327 0.000000 0.538958 105.990113 -0.040925 26.130884 -0.191673 
221 3.291617 0.000000 -1.118830 110.773071 -0.149949 -3.872396 -0.228569 
222 2.698046 0.000000 -1.118830 110.807407 -0.151752 -6.036002 -0.231474 
223 3.291617 0.000000 -1.671426 110.748532 -0.159401 -4.052959 -0.228169 
224 3.885187 0.000000 -1.118830 110.325954 -0.150188 -1.988226 -0.217579 
225 3.291617 0.000000 -0.566234 110.711959 -0.174130 -3.201398 -0.226742 
226 2.698046 0.000000 1.644151 99.808034 -0.106804 13.212342 -0.013622 
227 3.885187 0.000000 1.644151 106.150994 -0.019390 29.579182 -0.214296 
228 2.698046 0.000000 2.749343 99.150994 -0.112779 11.739689 0.003125 
229 13.382310 0.000000 7.170112 100.465321 0.039038 9.660236 -0.018660 
230 18.130872 0.000000 7.170112 101.843588 0.105294 8.065095 -0.043717 
231 13.382310 0.000000 11.590882 100.223910 -0.042279 9.101238 -0.012767 
232 6.259468 0.000000 4.959728 100.475688 -0.093205 9.584510 -0.018724 
233 8.633748 0.000000 4.959728 99.733465 -0.087809 9.244229 -0.003223 
234 6.259468 0.000000 7.170112 99.929655 -0.261406 9.402525 -0.007441 
235 5.072327 0.000000 1.644151 105.249151 -0.060883 25.566742 -0.173105 
236 6.259468 0.000000 1.644151 103.388251 -0.041511 21.457962 -0.114958 
237 5.072327 0.000000 2.749343 101.573082 -0.081595 11.201309 -0.044257 
238 3.291617 0.000000 1.091555 105.514271 -0.019279 31.873049 -0.214915 
239 2.698046 0.000000 1.091555 104.807887 -0.018169 34.361470 -0.216540 
240 3.291617 0.000000 0.538958 105.435285 0.463411 32.131235 -0.214923 
241 3.885187 0.000000 1.091555 105.924425 -0.020696 30.238978 -0.213438 
242 3.291617 0.000000 1.644151 100.011480 -0.069689 15.318886 -0.023697 
243 5.072327 0.000000 -2.776618 100.496389 -0.056893 5.100539 -0.012554 
244 5.072327 0.000000 -3.881811 100.190958 -0.047940 6.456373 -0.007992 
245 6.259468 0.000000 -2.776618 101.153963 -0.056706 5.612771 -0.026363 
246 11.008029 0.000000 0.538958 -38.553579 -0.010685 0.182200 0.851359 
247 11.008029 0.000000 -1.671426 109.515524 -0.006094 4.926541 -0.201792 
248 13.382310 0.000000 0.538958 -47.353034 -0.069662 0.487944 0.775745 
249 11.008029 0.000000 2.749343 111.901598 -0.073390 18.263390 -0.285552 
250 7.446608 0.000000 -0.566234 107.952578 -0.039628 4.229759 -0.167165 
251 7.446608 0.000000 -1.671426 106.740813 -0.039882 2.816399 -0.140153 
252 8.633748 0.000000 -0.566234 109.105226 -0.004513 4.858549 -0.192756 
253 7.446608 0.000000 0.538958 -43.159876 0.012155 -1.572759 0.813475 
254 5.665897 0.000000 -1.118830 107.185417 -0.103139 1.160166 -0.149007 
255 5.072327 0.000000 -1.118830 108.891207 0.320104 0.445624 -0.185760 
256 5.665897 0.000000 -1.671426 107.186271 -0.099710 1.168689 -0.149027 
257 6.259468 0.000000 -1.118830 105.629228 -0.069733 1.349503 -0.115936 
258 5.665897 0.000000 -0.566234 -67.024377 -0.006426 -2.099675 0.550332 
259 4.478757 0.000000 1.091555 105.911998 -0.041246 28.136536 -0.200902 
260 4.478757 0.000000 0.538958 106.039682 -0.019401 28.931634 -0.208145 
261 5.072327 0.000000 1.091555 105.340073 -0.058499 25.747610 -0.175947 
262 4.478757 0.000000 1.644151 105.932390 -0.042116 27.115151 -0.195690 
263 7.446608 0.000000 1.644151 106.324368 -0.048462 19.753955 -0.169509 
264 8.633748 0.000000 1.644151 108.729318 -0.050134 16.914399 -0.210816 
265 7.446608 0.000000 2.749343 106.942763 -0.060427 20.395098 -0.185272 
266 5.665897 0.000000 1.091555 104.708101 -0.057215 24.219495 -0.155037 
267 5.665897 0.000000 0.538958 -55.980534 -0.009848 -3.092952 0.685661 
268 6.259468 0.000000 1.091555 103.708555 -0.041439 21.577368 -0.122105 
269 5.665897 0.000000 1.644151 103.977182 -0.055946 22.791331 -0.133070 
270 18.130872 0.000000 -23.775272 98.929499 -0.098166 8.498464 0.014072 
271 18.130872 0.000000 -32.616811 99.466625 0.163823 8.493812 0.003422 
272 27.627995 0.000000 -23.775272 98.893262 0.102749 8.148816 0.015371 
273 13.382310 0.000000 -10.512965 98.824694 -0.140826 8.427620 0.016264 
274 13.382310 0.000000 -14.933734 99.424499 -0.005110 8.450465 0.004336 
275 18.130872 0.000000 -10.512965 98.112732 0.021468 8.067250 0.030881 
276 11.008029 0.000000 -3.881811 98.971942 -0.003087 7.492405 0.014842 
277 11.008029 0.000000 -6.092195 99.059882 -0.024957 8.089742 0.012170 
278 13.382310 0.000000 -3.881811 98.631008 -0.041281 7.131389 0.022107 
279 7.446608 0.000000 -2.776618 100.737329 -0.116630 7.241965 -0.020047 
280 7.446608 0.000000 -3.881811 100.059880 -0.109147 7.598977 -0.006974 
281 8.633748 0.000000 -2.776618 99.659078 -0.089854 7.444895 0.001263 
282 6.853038 0.000000 -1.118830 105.009846 -0.047408 1.767600 -0.103019 
283 6.853038 0.000000 -1.671426 105.011315 -0.047433 1.711302 -0.103031 
284 7.446608 0.000000 -1.118830 106.364982 -0.038759 3.000925 -0.132252 
285 6.853038 0.000000 -0.566234 104.669830 -0.025759 1.346035 -0.095759 
286 9.820889 0.000000 -0.566234 109.529650 -0.030989 5.680252 -0.202901 
287 9.820889 0.000000 -1.671426 109.217761 -0.022714 4.718837 -0.195079 
288 11.008029 0.000000 -0.566234 109.932616 0.007298 5.374798 -0.211407 
289 9.820889 0.000000 0.538958 -33.550953 -0.011575 0.183445 0.887430 
290 9.820889 0.000000 -2.776618 99.564900 -0.083232 7.395695 0.003213 
291 9.820889 0.000000 -3.881811 99.197271 -0.104622 7.610005 0.010198 
292 11.008029 0.000000 -2.776618 99.773309 -0.039702 7.011010 -0.000387 
293 37.125118 0.000000 -6.092195 99.150974 0.037729 4.832966 0.014573 
294 37.125118 0.000000 -14.933734 98.545804 0.276040 6.672201 0.024413 
295 46.622241 0.000000 -6.092195 98.366796 0.002872 5.957115 0.028849 
296 37.125118 0.000000 2.749343 101.831894 -0.035735 0.183018 -0.036977 
297 22.879433 0.000000 -1.671426 94.874361 -0.030030 0.106629 0.099884 
298 22.879433 0.000000 -6.092195 95.660614 -0.003722 4.728477 0.082669 
299 27.627995 0.000000 -1.671426 102.155474 -0.066764 -2.929080 -0.044432 
300 22.879433 0.000000 2.749343 100.975802 -0.007718 -8.152872 -0.026258 
301 15.756591 0.000000 0.538958 -70.881223 0.215308 0.759867 0.497523 
302 15.756591 0.000000 -1.671426 96.338281 -0.058099 3.408958 0.070731 
303 18.130872 0.000000 0.538958 93.081303 0.039229 -0.201101 0.133583 
304 15.756591 0.000000 2.749343 104.654911 -0.032171 13.866226 -0.114492 
305 12.195170 0.000000 -0.566234 109.147932 0.013779 4.957669 -0.193785 
306 12.195170 0.000000 -1.671426 109.159449 0.008865 4.946615 -0.194025 
307 13.382310 0.000000 -0.566234 106.604280 -0.007964 4.794986 -0.138746 
308 12.195170 0.000000 0.538958 -38.834880 -0.056185 0.634415 0.849145 
309 10.414459 0.000000 -1.118830 109.513043 -0.029921 5.265774 -0.202084 
310 9.820889 0.000000 -1.118830 109.344522 -0.028113 5.053410 -0.198176 
311 10.414459 0.000000 -1.671426 109.326784 -0.025421 4.936591 -0.197672 
312 11.008029 0.000000 -1.118830 109.744422 -0.004559 5.084950 -0.206969 
313 10.414459 0.000000 -0.566234 109.571662 -0.037533 5.941328 -0.204125 
314 15.756591 0.000000 -3.881811 98.771562 -0.005003 7.279079 0.019119 
315 15.756591 0.000000 -6.092195 98.370399 0.058980 8.025957 0.025885 
316 18.130872 0.000000 -3.881811 96.198379 -0.026349 7.033042 0.069641 
317 12.195170 0.000000 -2.776618 99.396886 -0.010531 6.414487 0.007911 
318 12.195170 0.000000 -3.881811 98.738598 -0.001303 7.322795 0.019707 
319 13.382310 0.000000 -2.776618 99.062406 -0.011658 5.828880 0.015266 
320 10.414459 0.000000 -2.224022 109.321628 -0.030503 4.609421 -0.197247 
321 9.820889 0.000000 -2.224022 109.279664 -0.018569 4.357891 -0.196104 
322 10.414459 0.000000 -2.776618 98.212199 -0.031970 6.148420 0.031656 
323 11.008029 0.000000 -2.224022 109.555919 -0.006907 4.743652 -0.202500 
324 11.601599 0.000000 -1.118830 109.773158 0.010094 5.145486 -0.207662 
325 11.601599 0.000000 -1.671426 109.735810 0.018637 4.974002 -0.206669 
326 12.195170 0.000000 -1.118830 109.155431 0.006740 4.939531 -0.193931 
327 11.601599 0.000000 -0.566234 110.299944 0.022530 5.494681 -0.219627 
328 10.711244 0.000000 -1.395128 109.477653 -0.012155 4.903752 -0.200940 
329 10.414459 0.000000 -1.395128 109.433906 -0.439617 4.984178 -0.200082 
330 10.711244 0.000000 -1.671426 109.476794 -0.010148 4.920851 -0.200938 
331 11.008029 0.000000 -1.395128 109.522665 -0.007845 4.909416 -0.201932 
332 10.711244 0.000000 -1.118830 109.571262 -0.017705 5.220154 -0.203311 
333 11.008029 0.000000 4.959728 99.440857 -0.019438 9.688673 0.001765 
334 13.382310 0.000000 4.959728 100.497737 -0.038316 10.341427 -0.020674 
335 11.008029 0.000000 7.170112 99.846510 -0.013230 9.472579 -0.005906 
336 9.820889 0.000000 1.644151 109.461968 -0.055657 16.379685 -0.225022 
337 11.008029 0.000000 1.644151 110.188753 -0.046301 15.874130 -0.239355 
338 9.820889 0.000000 2.749343 110.651917 -0.075391 18.047327 -0.256956 
339 9.820889 0.000000 3.854535 98.296841 -0.074967 9.490018 0.024767 
340 8.633748 0.000000 3.854535 99.249089 -0.094062 9.302610 0.006307 
341 11.008029 0.000000 3.854535 112.622010 -0.083217 18.767876 -0.303596 
342 9.820889 0.000000 4.959728 99.517777 -0.033140 9.464654 0.000663 
343 9.227319 0.000000 2.196747 110.016952 -0.067505 18.658461 -0.245187 
344 8.633748 0.000000 2.196747 109.628156 -0.075629 19.370086 -0.239354 
345 9.227319 0.000000 1.644151 109.922490 -0.073013 18.419701 -0.242224 
346 9.820889 0.000000 2.196747 110.503080 -0.078499 18.708587 -0.256095 
347 9.227319 0.000000 2.749343 110.005427 -0.070718 18.462961 -0.244208 
348 12.195170 0.000000 1.644151 109.883053 -0.028029 14.823097 -0.229401 
349 13.382310 0.000000 1.644151 -55.826605 -0.053368 0.971382 0.688244 
350 12.195170 0.000000 2.749343 112.074938 -0.062873 17.369859 -0.286251 
351 10.414459 0.000000 2.196747 111.319328 -0.071621 18.042990 -0.271755 
352 10.414459 0.000000 1.644151 110.547728 -0.063250 16.846610 -0.250461 
353 11.008029 0.000000 2.196747 110.957450 -0.059940 17.143513 -0.260546 
354 10.414459 0.000000 2.749343 111.353866 -0.070616 18.028333 -0.272471 
355 7.446608 0.000000 3.854535 100.208409 -0.010625 9.047715 -0.012359 
356 6.259468 0.000000 3.854535 101.050812 -0.073036 9.605968 -0.030355 
357 7.446608 0.000000 4.959728 100.106534 -0.078894 9.266948 -0.010720 
358 9.227319 0.000000 3.301939 111.111555 -0.094491 19.283436 -0.271764 
359 8.633748 0.000000 3.301939 109.527129 -0.080893 19.864336 -0.239079 
360 9.820889 0.000000 3.301939 111.111555 -0.094491 19.283436 -0.271764 
361 9.227319 0.000000 3.854535 100.031634 -0.105245 9.247658 -0.009186 
362 9.524104 0.000000 2.473045 110.149241 -0.071701 18.520777 -0.247588 
363 9.227319 0.000000 2.473045 110.014598 -0.069330 18.565422 -0.244789 
364 9.524104 0.000000 2.196747 110.127572 -0.070734 18.552314 -0.247228 
365 9.820889 0.000000 2.473045 110.639785 -0.082151 18.844958 -0.259630 
366 9.524104 0.000000 2.749343 110.358388 -0.074416 18.241626 -0.251174 
367 37.125118 0.000000 11.590882 101.130097 -0.435528 5.460734 -0.025731 
368 46.622241 0.000000 11.590882 99.980946 -0.159740 5.239337 -0.002367 
369 37.125118 0.000000 20.432420 100.914940 -0.001666 7.200556 -0.023567 
370 22.879433 0.000000 7.170112 102.820416 -0.008943 6.742782 -0.061750 
371 27.627995 0.000000 7.170112 102.780212 -0.077810 5.418076 -0.059313 
372 22.879433 0.000000 11.590882 101.300792 -0.036380 8.051650 -0.032668 
373 15.756591 0.000000 4.959728 104.227770 0.005741 9.614011 -0.095586 
374 18.130872 0.000000 4.959728 115.477183 -0.037546 2.986786 -0.334390 
375 15.756591 0.000000 7.170112 101.626996 -0.049390 9.092016 -0.041071 
376 12.195170 0.000000 3.854535 112.577948 -0.081147 17.962701 -0.299646 
377 13.382310 0.000000 3.854535 111.205133 -0.072107 17.278483 -0.266513 
378 12.195170 0.000000 4.959728 99.657843 -0.021808 9.998210 -0.003165 
379 14.569450 0.000000 -0.566234 102.059613 -0.025947 4.449320 -0.043596 
380 14.569450 0.000000 -1.671426 102.027189 -0.047035 4.300072 -0.042804 
381 15.756591 0.000000 -0.566234 96.712007 -0.050963 3.286008 0.063599 
382 14.569450 0.000000 0.538958 -58.452973 0.216830 0.260672 0.658314 
383 14.569450 0.000000 -2.776618 99.090130 -0.001529 5.612741 0.014964 
384 14.569450 0.000000 -3.881811 98.764305 -0.004463 7.000920 0.019660 
385 15.756591 0.000000 -2.776618 99.728981 0.014163 6.157000 0.001622 
386 20.505152 0.000000 0.538958 112.149055 0.019786 1.884082 -0.258096 
387 20.505152 0.000000 -1.671426 97.439817 0.000413 3.336402 0.049435 
388 22.879433 0.000000 0.538958 119.257690 -0.024568 2.113078 -0.422686 
389 20.505152 0.000000 2.749343 110.324744 -0.029778 -3.630579 -0.218473 
390 16.943731 0.000000 -0.566234 99.917146 -0.017508 3.152163 0.000663 
391 16.943731 0.000000 -1.671426 98.993983 -0.021067 2.870262 0.019195 
392 18.130872 0.000000 -0.566234 101.507758 0.014683 3.706108 -0.031756 
393 16.943731 0.000000 0.538958 84.950748 0.042196 -2.114138 0.277890 
394 15.163021 0.000000 -1.118830 99.667954 -0.045998 4.067890 0.004975 
395 14.569450 0.000000 -1.118830 102.066278 -0.032580 4.412462 -0.043700 
396 15.163021 0.000000 -1.671426 98.107145 -0.059296 3.742488 0.036098 
397 15.756591 0.000000 -1.118830 96.342449 -0.052935 3.267552 0.070745 
398 15.163021 0.000000 -0.566234 99.368614 -0.037116 4.085253 0.010919 
399 14.569450 0.000000 3.854535 108.151265 -0.037974 16.067535 -0.195486 
400 14.569450 0.000000 2.749343 108.414738 -0.034972 15.630160 -0.199806 
401 15.756591 0.000000 3.854535 103.194259 -0.033470 13.784293 -0.083906 
402 14.569450 0.000000 4.959728 101.818786 -0.008135 10.510851 -0.047754 
403 20.505152 0.000000 4.959728 101.779928 0.023202 6.038119 -0.039561 
404 22.879433 0.000000 4.959728 104.554390 0.025108 3.959803 -0.094730 
405 20.505152 0.000000 7.170112 102.034273 0.166180 7.681733 -0.047003 
406 16.943731 0.000000 3.854535 111.762595 -0.056636 9.587334 -0.258280 
407 16.943731 0.000000 2.749343 110.361661 -0.049113 9.788601 -0.227552 
408 18.130872 0.000000 3.854535 115.230127 -0.039162 3.143499 -0.328787 
409 16.943731 0.000000 4.959728 102.478735 0.004708 7.541827 -0.055877 
410 22.879433 0.000000 -10.512965 97.258709 0.155680 6.956453 0.049233 
411 22.879433 0.000000 -14.933734 97.962511 -0.098555 7.870414 0.034139 
412 27.627995 0.000000 -10.512965 97.888821 0.024779 6.301484 0.037807 
413 20.505152 0.000000 -3.881811 93.869907 -0.018416 5.072641 0.116271 
414 20.505152 0.000000 -6.092195 95.762025 0.090817 6.480657 0.078763 
415 22.879433 0.000000 -3.881811 93.958655 0.041869 2.848601 0.116365 
416 19.318012 0.000000 -0.566234 100.521429 0.008791 3.823827 -0.011918 
417 19.318012 0.000000 -1.671426 101.301379 0.013329 3.433022 -0.027376 
418 20.505152 0.000000 -0.566234 100.189909 0.004130 3.429496 -0.004978 
419 19.318012 0.000000 0.538958 103.388900 0.035467 2.224172 -0.069421 
420 19.318012 0.000000 3.854535 114.476485 -0.038791 -1.305749 -0.310657 
421 19.318012 0.000000 2.749343 113.765701 -0.034817 -0.707526 -0.294314 
422 20.505152 0.000000 3.854535 111.258129 -0.034257 -4.333676 -0.239715 
423 19.318012 0.000000 4.959728 114.632855 -0.039277 -1.897422 -0.314429 
424 32.376556 0.000000 -1.671426 98.067601 -0.048450 -1.739229 0.037972 
425 32.376556 0.000000 -6.092195 98.102072 0.046787 3.930516 0.036053 
426 37.125118 0.000000 -1.671426 102.647564 -0.010998 3.280861 -0.054729 
427 32.376556 0.000000 2.749343 101.199330 0.134393 0.638142 -0.024173 
428 25.253714 0.000000 0.538958 110.227859 -0.027020 0.826618 -0.215086 
429 25.253714 0.000000 -1.671426 98.905549 -0.042924 -2.008084 0.021366 
430 27.627995 0.000000 0.538958 108.366623 -0.018445 -0.306197 -0.174342 
431 25.253714 0.000000 2.749343 107.522837 -0.058567 -8.326698 -0.163050 
432 21.692293 0.000000 -0.566234 92.834761 -0.004400 2.642555 0.137472 
433 21.692293 0.000000 -1.671426 92.618316 -0.005004 2.547382 0.141536 
434 22.879433 0.000000 -0.566234 96.006796 -0.030044 0.602903 0.078233 
435 21.692293 0.000000 0.538958 124.575981 -0.019662 2.749375 -0.552673 
436 25.253714 0.000000 -3.881811 97.012991 0.038736 1.533242 0.058613 
437 25.253714 0.000000 -6.092195 96.963725 0.034703 3.590452 0.058514 
438 27.627995 0.000000 -3.881811 98.209262 -0.005844 1.944709 0.035116 
439 21.692293 0.000000 -2.776618 92.854185 -0.009744 2.216242 0.137319 
440 20.505152 0.000000 -2.776618 92.349163 -0.021487 3.693819 0.145799 
441 21.692293 0.000000 -3.881811 93.525566 -0.010757 3.817232 0.123840 
442 22.879433 0.000000 -2.776618 93.360392 0.046459 2.743461 0.127631 
443 21.098722 0.000000 -1.118830 95.166090 0.002070 3.085789 0.093389 
444 20.505152 0.000000 -1.118830 97.152816 -0.002007 3.615502 0.054826 
445 21.098722 0.000000 -1.671426 94.199083 0.004298 3.116383 0.111682 
446 21.692293 0.000000 -1.118830 92.272910 0.000750 2.729764 0.147826 
447 21.098722 0.000000 -0.566234 95.792628 0.001270 3.097121 0.081418 
448 19.318012 0.000000 -2.776618 93.491051 -0.014795 5.255371 0.123180 
449 18.130872 0.000000 -2.776618 94.860185 -0.055769 6.274703 0.096217 
450 19.318012 0.000000 -3.881811 94.949139 -0.094514 6.239441 0.094572 
451 21.098722 0.000000 -2.224022 92.337353 -0.007822 0.706444 0.147331 
452 20.505152 0.000000 -2.224022 97.296200 -0.005336 3.376312 0.052205 
453 21.098722 0.000000 -2.776618 92.336314 -0.007456 2.623404 0.146712 
454 21.692293 0.000000 -2.224022 92.576637 0.016954 0.451171 0.142936 
455 24.066573 0.000000 -0.566234 99.408575 -0.038698 -0.869710 0.011718 
456 24.066573 0.000000 -1.671426 96.263273 -0.040184 -1.510269 0.073110 
457 25.253714 0.000000 -0.566234 100.275375 -0.038631 -1.643964 -0.005785 
458 24.066573 0.000000 0.538958 114.635222 -0.020261 1.387482 -0.314316 
459 22.285863 0.000000 -1.118830 88.967947 -0.019687 1.628834 0.208205 
460 22.285863 0.000000 -1.671426 92.086134 -0.017662 1.737176 0.151713 
461 22.879433 0.000000 -1.118830 92.533004 -0.027672 0.062408 0.143764 
462 22.285863 0.000000 -0.566234 94.027886 -0.018719 1.637073 0.115608 
463 21.395508 0.000000 -1.395128 93.232570 -0.000367 2.802306 0.129984 
464 21.098722 0.000000 -1.395128 95.343516 0.001812 3.089742 0.090007 
465 21.395508 0.000000 -1.671426 92.150466 0.003730 2.939116 0.149965 
466 21.692293 0.000000 -1.395128 92.409238 -0.001042 2.677126 0.145337 
467 21.395508 0.000000 -1.118830 92.785270 0.002090 2.811085 0.138299 
468 19.911582 0.000000 -1.118830 99.628471 0.003462 3.714871 0.006037 
469 19.318012 0.000000 -1.118830 100.724790 0.008656 3.666146 -0.015892 
470 19.911582 0.000000 -1.671426 99.222634 0.000588 3.438041 0.014305 
471 19.911582 0.000000 -0.566234 99.699772 0.004318 3.771934 0.004573 
472 20.801937 0.000000 -1.395128 96.698466 -0.000787 3.303586 0.063849 
473 20.505152 0.000000 -1.395128 97.385104 -0.000684 3.342436 0.050497 
474 20.801937 0.000000 -1.671426 95.664484 -0.000260 3.239369 0.083781 
475 20.801937 0.000000 -1.118830 97.766979 -0.000249 3.310288 0.043066 
476 21.692293 0.000000 1.644151 125.828148 -0.013785 4.224291 -0.585057 
477 20.505152 0.000000 1.644151 113.503827 0.013266 3.125765 -0.289289 
478 22.879433 0.000000 1.644151 124.417487 -0.020406 2.562686 -0.548628 
479 21.692293 0.000000 2.749343 101.196693 0.002591 -6.050857 -0.027738 
480 21.098722 0.000000 -0.013638 105.310402 0.011708 2.472658 -0.109639 
481 20.505152 0.000000 -0.013638 112.171205 0.019743 1.884419 -0.258593 
482 21.692293 0.000000 -0.013638 105.641041 -0.010284 2.655408 -0.116708 
483 21.098722 0.000000 0.538958 113.350711 0.017097 2.007434 -0.285241 
484 21.395508 0.000000 -0.842532 93.286928 -0.001361 2.794874 0.128974 
485 21.098722 0.000000 -0.842532 95.312397 0.001834 3.087914 0.090601 
486 21.692293 0.000000 -0.842532 91.894562 -0.005824 2.338506 0.154992 
487 21.395508 0.000000 -0.566234 93.770659 -0.003088 2.788150 0.119929 
488 21.247115 0.000000 -1.256979 94.654196 0.003243 3.043948 0.103132 
489 21.098722 0.000000 -1.256979 95.220390 0.001993 3.087122 0.092355 
490 21.247115 0.000000 -1.395128 94.892704 0.002761 3.054053 0.098605 
491 21.395508 0.000000 -1.256979 92.910277 0.001452 2.808995 0.135979 
492 21.247115 0.000000 -1.118830 94.581416 0.003328 3.041217 0.104511 
493 20.801937 0.000000 -0.842532 98.694412 0.001236 3.659869 0.024602 
494 20.505152 0.000000 -0.842532 99.052105 0.001277 3.678845 0.017515 
495 20.801937 0.000000 -0.566234 99.165393 0.001846 3.717532 0.015240 
496 20.950330 0.000000 -1.256979 97.333247 0.001378 3.247908 0.051569 
497 20.801937 0.000000 -1.256979 97.820236 -0.000290 3.312593 0.042023 
498 20.950330 0.000000 -1.395128 94.619693 0.002990 3.151683 0.103718 
499 20.950330 0.000000 -1.118830 95.657573 0.000968 3.129429 0.083984 
500 21.247115 0.000000 -0.980681 93.593117 -0.000752 2.845453 0.123223 
501 21.098722 0.000000 -0.980681 95.196341 0.002010 3.086111 0.092813 
502 21.395508 0.000000 -0.980681 93.041265 0.000188 2.802452 0.133547 
503 21.247115 0.000000 -0.842532 93.728334 -0.001426 2.842013 0.120692 
504 21.172919 0.000000 -1.187905 94.909315 0.002642 3.064571 0.098283 
505 21.098722 0.000000 -1.187905 95.183193 0.002048 3.086256 0.093063 
506 21.172919 0.000000 -1.256979 94.955687 0.002571 3.066075 0.097402 
507 21.247115 0.000000 -1.187905 94.589755 0.003357 3.041290 0.104353 
508 21.172919 0.000000 -1.118830 94.896506 0.002640 3.064379 0.098526 
509 32.376556 0.000000 7.170112 102.461061 -0.093617 4.546645 -0.051895 
510 37.125118 0.000000 7.170112 101.395659 0.117402 3.970341 -0.029686 
511 32.376556 0.000000 11.590882 102.006149 -0.360677 6.098781 -0.044258 
512 25.253714 0.000000 4.959728 103.185558 -0.105906 3.381969 -0.065871 
513 27.627995 0.000000 4.959728 103.293351 -0.053297 3.243129 -0.068004 
514 25.253714 0.000000 7.170112 102.688466 0.017580 5.948619 -0.058031 
515 21.692293 0.000000 3.854535 102.528296 -0.000953 -5.985067 -0.054787 
516 22.879433 0.000000 3.854535 101.693067 -0.008429 -8.542308 -0.041445 
517 21.692293 0.000000 4.959728 104.159165 -0.006418 6.330873 -0.088921 
518 24.066573 0.000000 -2.776618 94.537100 0.074901 2.453643 0.105671 
519 24.066573 0.000000 -3.881811 95.060487 0.059643 2.272949 0.095833 
520 25.253714 0.000000 -2.776618 97.750771 -0.039190 1.684331 0.044195 
521 22.285863 0.000000 -2.224022 94.644520 0.034894 2.045425 0.103823 
522 22.285863 0.000000 -2.776618 93.526993 0.032336 2.502955 0.124644 
523 22.879433 0.000000 -2.224022 93.402089 0.040270 3.038362 0.126682 
524 21.989078 0.000000 -1.395128 89.676500 -0.012346 2.090144 0.195376 
525 21.989078 0.000000 -1.671426 92.558852 -0.006805 2.498831 0.142661 
526 22.285863 0.000000 -1.395128 90.549309 -0.021704 1.450833 0.179872 
527 21.989078 0.000000 -1.118830 88.422486 -0.013897 2.114378 0.217699 
528 24.066573 0.000000 3.854535 103.477001 -0.042340 -1.393368 -0.070943 
529 24.066573 0.000000 2.749343 105.687522 -0.048298 -8.442521 -0.124113 
530 25.253714 0.000000 3.854535 102.919951 -0.081390 1.045867 -0.059362 
531 24.066573 0.000000 4.959728 103.410607 0.032623 3.488506 -0.070592 
532 22.285863 0.000000 3.301939 98.304483 0.015394 -7.262009 0.028349 
533 21.692293 0.000000 3.301939 102.195220 -0.000010 -5.984504 -0.047968 
534 22.285863 0.000000 2.749343 99.151001 0.009816 -7.187662 0.011742 
535 22.879433 0.000000 3.301939 101.637445 -0.011217 -8.358927 -0.040004 
536 22.285863 0.000000 3.854535 99.162881 0.009672 -7.096970 0.011636 
537 21.098722 0.000000 3.301939 106.137637 -0.015473 -5.459653 -0.129501 
538 20.505152 0.000000 3.301939 110.851432 -0.031823 -3.757178 -0.230216 
539 21.098722 0.000000 2.749343 105.751566 -0.015231 -5.388171 -0.121243 
540 21.098722 0.000000 3.854535 108.020759 -0.021772 -5.384327 -0.169748 
541 -48.348991 0.000000 214.946266 99.629133 0.000002 8.715027 -0.000192 
542 -124.325976 0.000000 214.946266 99.623266 -0.000031 8.716453 -0.000077 
543 27.627995 0.000000 214.946266 99.636595 -0.000185 8.706412 -0.000325 
544 -48.348991 0.000000 285.678573 99.626260 -0.000159 8.714422 -0.000133 
545 -10.360498 0.000000 108.847804 99.655683 0.001997 8.716357 -0.000723 
546 -48.348991 0.000000 108.847804 99.632649 0.000874 8.720200 -0.000271 
547 27.627995 0.000000 108.847804 99.687128 0.002556 8.684370 -0.001294 
548 -10.360498 0.000000 144.213958 99.645568 0.000771 8.712669 -0.000515 
549 8.633748 0.000000 55.798574 99.753641 -0.002197 8.726437 -0.002694 
550 -10.360498 0.000000 55.798574 99.654758 0.032508 8.743082 -0.000751 
551 27.627995 0.000000 55.798574 99.856754 -0.033946 8.615587 -0.004560 
552 8.633748 0.000000 73.481651 99.710189 0.001275 8.710423 -0.001799 
553 18.130872 0.000000 29.273958 100.182962 0.162753 8.655768 -0.011157 
554 8.633748 0.000000 29.273958 99.915958 0.223708 8.834190 -0.006129 
555 27.627995 0.000000 29.273958 100.523468 0.029291 8.373719 -0.017509 
556 18.130872 0.000000 38.115497 100.053497 -0.011978 8.697666 -0.008635 
557 22.879433 0.000000 16.011651 101.208740 -0.048658 8.291627 -0.031196 
558 18.130872 0.000000 16.011651 100.840792 -0.101662 8.716280 -0.024485 
559 27.627995 0.000000 16.011651 101.459831 -0.165125 7.703486 -0.035347 
560 22.879433 0.000000 20.432420 101.129363 -0.230899 8.464530 -0.029885 
561 20.505152 0.000000 9.380497 101.330015 -0.042520 8.112576 -0.033359 
562 18.130872 0.000000 9.380497 101.165925 0.082826 8.484667 -0.030654 
563 22.879433 0.000000 9.380497 101.939877 0.031577 7.678338 -0.045070 
564 20.505152 0.000000 11.590882 100.818962 0.078230 8.487081 -0.023650 
565 21.692293 0.000000 6.064920 103.138572 -0.016527 6.829564 -0.068421 
566 20.505152 0.000000 6.064920 102.241352 0.014392 7.180784 -0.050486 
567 22.879433 0.000000 6.064920 103.477910 0.015158 5.846949 -0.074186 
568 21.692293 0.000000 7.170112 102.564151 0.032130 7.291507 -0.057257 
569 22.285863 0.000000 4.407132 107.374773 0.012762 3.746229 -0.154338 
570 21.692293 0.000000 4.407132 104.155992 0.007344 6.604045 -0.089208 
571 22.879433 0.000000 4.407132 105.099917 0.032094 2.039046 -0.105015 
572 22.285863 0.000000 4.959728 105.228561 0.028095 5.091118 -0.109897 
573 21.989078 0.000000 3.578237 99.060669 0.007226 -6.106462 0.014969 
574 21.692293 0.000000 3.578237 103.367326 -0.003822 -5.901913 -0.071964 
575 21.989078 0.000000 3.301939 99.341956 0.006954 -6.220290 0.009248 
576 22.285863 0.000000 3.578237 98.601884 0.013685 -7.039898 0.022811 
577 21.989078 0.000000 3.854535 100.200963 0.007380 -6.233835 -0.007909 
578 23.473003 0.000000 -1.118830 95.761830 -0.046760 -0.745023 0.082911 
579 23.473003 0.000000 -1.671426 93.841412 -0.050177 -1.241673 0.119225 
580 24.066573 0.000000 -1.118830 95.224312 -0.042651 -1.461672 0.093019 
581 23.473003 0.000000 -0.566234 98.055890 -0.040567 -0.340489 0.038492 
582 24.066573 0.000000 1.644151 117.001527 -0.026802 1.800414 -0.369260 
583 25.253714 0.000000 1.644151 110.467508 -0.026634 0.832282 -0.220376 
584 23.473003 0.000000 3.301939 104.037412 -0.040355 -8.365417 -0.089377 
585 23.473003 0.000000 2.749343 103.929865 -0.037167 -8.398121 -0.087195 
586 24.066573 0.000000 3.301939 105.577834 -0.048955 -8.418939 -0.121756 
587 23.473003 0.000000 3.854535 104.192315 -0.044208 -8.325364 -0.092535 
588 30.002275 0.000000 0.538958 105.188384 -0.023637 -0.318950 -0.106470 
589 30.002275 0.000000 -1.671426 101.290413 -0.047395 -3.004765 -0.026878 
590 32.376556 0.000000 0.538958 130.692878 -0.021772 0.499620 -0.708088 
591 30.002275 0.000000 2.749343 107.531033 -0.087002 -10.115334 -0.166525 
592 26.440854 0.000000 -0.566234 103.281054 -0.048465 -2.033146 -0.067111 
593 26.440854 0.000000 -1.671426 100.611664 -0.054194 -2.392836 -0.012844 
594 27.627995 0.000000 -0.566234 103.479114 -0.057268 -2.360424 -0.071350 
595 26.440854 0.000000 0.538958 110.343153 -0.020361 -0.082056 -0.217562 
596 103.604980 0.000000 -209.447580 99.609839 0.001470 8.698455 0.000222 
597 103.604980 0.000000 -280.179887 99.613092 0.000988 8.706627 0.000143 
598 179.581965 0.000000 -209.447580 99.615958 0.001682 8.696667 0.000103 
599 65.616487 0.000000 -103.349118 99.578614 0.004143 8.650678 0.000927 
600 65.616487 0.000000 -138.715272 99.593355 0.002513 8.681464 0.000580 
601 103.604980 0.000000 -103.349118 99.602198 0.003764 8.639856 0.000476 
602 46.622241 0.000000 -50.299888 99.472520 -0.029811 8.484939 0.003322 
603 46.622241 0.000000 -67.982965 99.515114 -0.001294 8.589412 0.002296 
604 65.616487 0.000000 -50.299888 99.528974 -0.010210 8.426855 0.002297 
605 37.125118 0.000000 -23.775272 99.025661 -0.193651 7.795035 0.013312 
606 37.125118 0.000000 -32.616811 99.283969 0.415572 8.219700 0.007496 
607 46.622241 0.000000 -23.775272 99.256287 -0.179976 7.652373 0.008960 
608 32.376556 0.000000 -10.512965 98.503760 0.234326 6.019800 0.026072 
609 32.376556 0.000000 -14.933734 98.093654 0.367275 6.846628 0.033062 
610 37.125118 0.000000 -10.512965 98.795446 0.298411 5.817748 0.020552 
611 30.002275 0.000000 -3.881811 99.062493 -0.057081 2.250499 0.018155 
612 30.002275 0.000000 -6.092195 97.924096 -0.078317 3.894906 0.039569 
613 32.376556 0.000000 -3.881811 97.539997 0.009430 2.317730 0.048058 
614 26.440854 0.000000 -2.776618 95.935168 -0.055559 1.137851 0.079515 
615 26.440854 0.000000 -3.881811 97.145851 0.036445 1.027577 0.056163 
616 27.627995 0.000000 -2.776618 97.131832 -0.006690 1.801488 0.056216 
617 25.847284 0.000000 -1.118830 99.141379 -0.044830 -2.223241 0.016604 
618 25.253714 0.000000 -1.118830 99.290365 -0.040632 -1.973068 0.013753 
619 25.847284 0.000000 -1.671426 99.470906 -0.047039 -2.154462 0.010090 
620 26.440854 0.000000 -1.118830 102.122882 -0.053795 -2.437104 -0.043503 
621 25.847284 0.000000 -0.566234 102.110080 -0.041933 -1.641701 -0.042917 
622 30.002275 0.000000 4.959728 102.864826 -0.125944 3.142884 -0.059107 
623 32.376556 0.000000 4.959728 102.607044 -0.053375 3.333691 -0.053932 
624 30.002275 0.000000 7.170112 102.573226 -0.114656 5.008624 -0.054637 
625 26.440854 0.000000 3.854535 103.629880 -0.095613 0.492021 -0.073940 
626 26.440854 0.000000 2.749343 109.093064 -0.086728 -9.431125 -0.199025 
627 27.627995 0.000000 3.854535 102.979877 -0.060062 1.003114 -0.060586 
628 26.440854 0.000000 4.959728 103.225185 0.030199 3.350769 -0.066667 
629 26.440854 0.000000 1.644151 110.332706 -0.020371 -0.239805 -0.217336 
630 27.627995 0.000000 1.644151 107.551572 -0.055814 -6.377750 -0.160802 
631 25.847284 0.000000 3.301939 108.313715 -0.073333 -9.036160 -0.181352 
632 25.253714 0.000000 3.301939 107.691482 -0.058926 -8.828277 -0.167540 
633 25.847284 0.000000 2.749343 108.400188 -0.077663 -8.765691 -0.182744 
634 26.440854 0.000000 3.301939 108.958479 -0.085467 -9.333593 -0.195907 
635 25.847284 0.000000 3.854535 102.316723 -0.056163 0.487874 -0.046895 
636 28.815135 0.000000 -0.566234 102.897426 -0.044819 -2.439021 -0.059383 
637 28.815135 0.000000 -1.671426 102.719708 -0.054111 -3.136876 -0.056118 
638 30.002275 0.000000 -0.566234 102.284749 -0.037036 -2.157622 -0.046683 
639 28.815135 0.000000 0.538958 105.097543 -0.012328 -0.865555 -0.104624 
640 28.815135 0.000000 1.644151 107.226410 -0.057889 -6.810104 -0.154388 
641 30.002275 0.000000 1.644151 106.004914 -0.065248 -7.778234 -0.129755 
642 28.815135 0.000000 2.749343 108.634898 -0.077844 -9.472444 -0.189127 
643 28.815135 0.000000 -2.776618 102.279419 -0.071535 1.755769 -0.046417 
644 28.815135 0.000000 -3.881811 100.047651 -0.103484 2.342921 -0.001503 
645 30.002275 0.000000 -2.776618 100.605198 -0.074738 1.627076 -0.012406 
646 255.558951 0.000000 -67.982965 99.628385 0.004882 8.595154 0.000031 
647 255.558951 0.000000 -138.715272 99.620589 0.002656 8.677820 0.000043 
648 331.535936 0.000000 -67.982965 99.627836 0.004555 8.611671 0.000013 
649 255.558951 0.000000 2.749343 99.783483 0.010329 6.833393 -0.000344 
650 141.593473 0.000000 -32.616811 99.652615 0.009308 8.233920 0.000156 
651 141.593473 0.000000 -67.982965 99.622008 0.005546 8.560958 0.000217 
652 179.581965 0.000000 -32.616811 99.652224 0.008644 8.297392 0.000059 
653 141.593473 0.000000 2.749343 99.899771 0.013520 5.456797 -0.000974 
654 84.610734 0.000000 -14.933734 99.695611 -0.023627 7.134896 0.000988 
655 84.610734 0.000000 -32.616811 99.599325 0.011811 8.105892 0.001427 
656 103.604980 0.000000 -14.933734 99.720614 0.009813 7.286118 0.000271 
657 84.610734 0.000000 2.749343 99.920052 -0.042554 4.729160 -0.000638 
658 56.119364 0.000000 -6.092195 98.348383 0.034964 5.810989 0.029383 
659 56.119364 0.000000 -14.933734 99.209490 0.013105 7.070974 0.010748 
660 65.616487 0.000000 -6.092195 99.587212 -0.024202 5.629122 0.005070 
661 56.119364 0.000000 2.749343 98.594754 -0.066134 4.407855 0.025964 
662 41.873679 0.000000 -1.671426 113.643634 0.064750 4.927561 -0.293916 
663 41.873679 0.000000 -6.092195 100.689248 0.124262 5.794965 -0.017192 
664 46.622241 0.000000 -1.671426 106.140953 0.012174 10.494116 -0.137603 
665 41.873679 0.000000 2.749343 97.117669 0.046176 0.419414 0.056798 
666 34.750837 0.000000 0.538958 159.354184 0.025133 0.808401 -1.539441 
667 34.750837 0.000000 -1.671426 101.186876 -0.079390 1.952792 -0.024260 
668 37.125118 0.000000 0.538958 112.642197 0.009022 -2.728797 -0.269571 
669 34.750837 0.000000 2.749343 102.957955 -0.105391 0.330668 -0.060046 
670 31.189416 0.000000 -0.566234 100.646540 -0.048412 -2.047019 -0.013392 
671 31.189416 0.000000 -1.671426 99.045395 -0.048398 -2.433106 0.018409 
672 32.376556 0.000000 -0.566234 99.824202 -0.047048 -1.326646 0.003337 
673 31.189416 0.000000 0.538958 105.686795 -0.039756 0.240891 -0.116976 
674 29.408705 0.000000 -1.118830 99.938941 -0.047036 -2.902770 0.000378 
675 28.815135 0.000000 -1.118830 102.638129 -0.057099 -2.940637 -0.054324 
676 29.408705 0.000000 -1.671426 101.341628 -0.047685 -3.033912 -0.027933 
677 30.002275 0.000000 -1.118830 102.091511 -0.043466 -2.695028 -0.042994 
678 29.408705 0.000000 -0.566234 101.674065 -0.040001 -2.227124 -0.034258 
679 31.189416 0.000000 1.644151 105.229348 -0.046723 -8.068928 -0.113833 
680 32.376556 0.000000 1.644151 102.712716 -0.027512 -7.100573 -0.060032 
681 31.189416 0.000000 2.749343 105.508616 -0.046268 -9.717158 -0.122649 
682 28.815135 0.000000 3.854535 103.110891 -0.080806 1.303003 -0.063356 
683 30.002275 0.000000 3.854535 102.728918 -0.065226 1.486362 -0.055544 
684 28.815135 0.000000 4.959728 103.077512 -0.152752 3.152732 -0.063494 
685 29.408705 0.000000 2.196747 107.732906 -0.077111 -8.787520 -0.168361 
686 28.815135 0.000000 2.196747 108.381305 -0.074239 -8.490423 -0.181860 
687 29.408705 0.000000 1.644151 106.771778 -0.068018 -7.686483 -0.145930 
688 30.002275 0.000000 2.196747 106.790350 -0.080417 -9.547716 -0.149534 
689 29.408705 0.000000 2.749343 108.091427 -0.085938 -10.146925 -0.178672 
690 34.750837 0.000000 -3.881811 100.736393 -0.344345 3.908720 -0.016322 
691 34.750837 0.000000 -6.092195 98.922973 0.083931 4.306427 0.019569 
692 37.125118 0.000000 -3.881811 99.071367 -0.005083 4.159472 0.016756 
693 31.189416 0.000000 -2.776618 96.964921 -0.061535 1.130140 0.059652 
694 31.189416 0.000000 -3.881811 97.539548 -0.134198 1.886142 0.048246 
695 32.376556 0.000000 -2.776618 95.974672 -0.034903 1.443686 0.078678 
696 33.563697 0.000000 -0.566234 113.863730 -0.035320 0.581984 -0.296529 
697 33.563697 0.000000 -1.671426 100.352481 -0.050128 0.462343 -0.007084 
698 34.750837 0.000000 -0.566234 118.925640 -0.062687 1.920511 -0.414700 
699 33.563697 0.000000 0.538958 162.039621 0.027533 0.840401 -1.625755 
700 31.782986 0.000000 -1.118830 101.504783 -0.067147 -2.192698 -0.030803 
701 31.189416 0.000000 -1.118830 99.889497 -0.052206 -2.360529 0.001651 
702 31.782986 0.000000 -1.671426 100.323057 -0.061781 -2.153721 -0.006936 
703 32.376556 0.000000 -1.118830 97.676900 -0.045813 -1.605778 0.045664 
704 31.782986 0.000000 -0.566234 101.631292 -0.059547 -1.808596 -0.033219 
705 255.558951 0.000000 73.481651 99.644249 -0.006016 8.436193 -0.000015 
706 331.535936 0.000000 73.481651 99.650406 -0.006554 8.363143 -0.000015 
707 255.558951 0.000000 144.213958 99.625703 -0.003005 8.657534 -0.000023 
708 141.593473 0.000000 38.115497 99.691074 -0.006462 7.898333 -0.000069 
709 179.581965 0.000000 38.115497 99.704788 -0.006718 7.738134 -0.000092 
710 141.593473 0.000000 73.481651 99.641934 -0.004541 8.506372 -0.000087 
711 84.610734 0.000000 20.432420 99.765281 -0.011457 6.899349 -0.000071 
712 103.604980 0.000000 20.432420 99.785532 -0.005114 6.714196 -0.000223 
713 84.610734 0.000000 38.115497 99.692773 -0.001952 8.050252 -0.000346 
714 56.119364 0.000000 11.590882 99.635220 -0.113610 5.415679 0.004348 
715 65.616487 0.000000 11.590882 99.752417 0.041157 5.574203 0.001838 
716 56.119364 0.000000 20.432420 99.835222 0.112766 6.949520 -0.001538 
717 41.873679 0.000000 7.170112 99.964733 0.157692 3.552982 -0.000560 
718 46.622241 0.000000 7.170112 99.209664 0.116484 4.040288 0.014111 
719 41.873679 0.000000 11.590882 100.499187 -0.230882 5.174954 -0.012692 
720 34.750837 0.000000 4.959728 102.593112 0.313208 2.768569 -0.053311 
721 37.125118 0.000000 4.959728 101.744438 0.940233 2.160513 -0.035748 
722 34.750837 0.000000 7.170112 102.073710 0.042990 4.056202 -0.043550 
723 33.563697 0.000000 1.644151 106.828866 -0.051741 -6.148053 -0.145021 
724 34.750837 0.000000 1.644151 106.830293 -0.087428 -6.718760 -0.145786 
725 33.563697 0.000000 2.749343 103.274160 -0.084361 0.785781 -0.066618 
726 31.189416 0.000000 3.854535 102.391871 -0.083336 1.923901 -0.048780 
727 32.376556 0.000000 3.854535 102.459141 0.048372 2.429573 -0.050378 
728 31.189416 0.000000 4.959728 102.643502 -0.004606 3.243654 -0.054621 
729 31.782986 0.000000 2.196747 103.558689 -0.034101 -8.531017 -0.079718 
730 31.189416 0.000000 2.196747 104.848075 -0.046359 -9.010821 -0.107432 
731 31.782986 0.000000 1.644151 104.123276 -0.034654 -7.608537 -0.089955 
732 32.376556 0.000000 2.196747 102.228042 -0.025245 -7.863137 -0.051240 
733 31.782986 0.000000 2.749343 99.792879 0.067293 0.361133 0.004125 
734 33.563697 0.000000 -2.776618 99.825574 -0.098537 3.099311 0.002524 
735 33.563697 0.000000 -3.881811 99.170097 -0.157006 3.324406 0.015422 
736 34.750837 0.000000 -2.776618 103.638095 -0.170355 3.902287 -0.075611 
737 32.970126 0.000000 -1.118830 100.683055 -0.042477 -0.697974 -0.013757 
738 32.970126 0.000000 -1.671426 100.346864 -0.042963 -0.530046 -0.006978 
739 33.563697 0.000000 -1.118830 104.918611 -0.042690 0.491435 -0.100816 
740 32.970126 0.000000 -0.566234 115.152264 -0.028376 -0.320861 -0.326015 
741 33.563697 0.000000 3.854535 102.857895 -0.082959 2.277879 -0.058494 
742 34.750837 0.000000 3.854535 102.782631 -0.104131 1.898872 -0.056789 
743 33.563697 0.000000 4.959728 102.691671 0.046332 3.139314 -0.055544 
744 32.970126 0.000000 2.196747 100.997326 -0.043934 -7.119746 -0.025115 
745 32.970126 0.000000 1.644151 106.741118 -0.039621 -6.219737 -0.143235 
746 33.563697 0.000000 2.196747 101.254714 -0.054786 -6.480924 -0.029452 
747 32.970126 0.000000 2.749343 102.663127 -0.026775 1.109621 -0.054095 
748 39.499399 0.000000 0.538958 88.615263 0.085893 -6.726770 0.210208 
749 39.499399 0.000000 -1.671426 109.562601 0.036974 2.060060 -0.200821 
750 41.873679 0.000000 0.538958 94.496725 0.030168 -12.950225 0.090266 
751 39.499399 0.000000 2.749343 98.646080 -0.047156 -0.965454 0.026802 
752 35.937977 0.000000 -0.566234 101.109046 -0.065742 2.744971 -0.023058 
753 35.937977 0.000000 -1.671426 101.094558 -0.065695 2.743237 -0.022764 
754 37.125118 0.000000 -0.566234 100.915427 -0.010849 2.741338 -0.019144 
755 35.937977 0.000000 0.538958 94.930604 -0.033823 0.157272 0.098815 
756 34.157267 0.000000 -1.118830 104.762836 -0.064643 1.391163 -0.097719 
757 34.157267 0.000000 -1.671426 100.903208 -0.064383 1.229853 -0.018297 
758 34.750837 0.000000 -1.118830 103.690872 -0.082731 2.061457 -0.075605 
759 34.157267 0.000000 -0.566234 113.452337 -0.045291 1.142230 -0.287274 
760 41.873679 0.000000 -10.512965 99.672008 0.395907 6.265341 0.002608 
761 41.873679 0.000000 -14.933734 99.072522 0.304741 6.787086 0.013848 
762 46.622241 0.000000 -10.512965 99.392891 0.185476 6.196223 0.008263 
763 39.499399 0.000000 -3.881811 102.226825 -0.042303 5.728293 -0.048314 
764 39.499399 0.000000 -6.092195 99.988423 -0.149700 5.003285 -0.002274 
765 41.873679 0.000000 -3.881811 103.388299 -0.042125 6.761847 -0.073486 
766 35.937977 0.000000 -2.776618 102.124141 -0.073190 3.801490 -0.044380 
767 35.937977 0.000000 -3.881811 100.315110 -0.158644 3.878532 -0.007819 
768 37.125118 0.000000 -2.776618 112.202789 0.008787 5.384511 -0.261846 
769 34.157267 0.000000 -2.224022 99.136775 -0.139928 2.871989 0.016363 
770 33.563697 0.000000 -2.224022 100.599176 -0.091704 2.269634 -0.012535 
771 34.157267 0.000000 -2.776618 98.896989 -0.104456 2.904439 0.021094 
772 34.750837 0.000000 -2.224022 104.603660 -0.191319 3.417733 -0.095364 
773 33.860482 0.000000 -1.395128 99.979921 -0.053788 0.853158 0.000328 
774 33.563697 0.000000 -1.395128 100.222412 -0.047961 0.470361 -0.004476 
775 33.860482 0.000000 -1.671426 100.908132 -0.058257 0.832532 -0.018315 
776 34.157267 0.000000 -1.395128 100.693580 -0.068311 1.372665 -0.014109 
777 33.860482 0.000000 -1.118830 101.629694 -0.047629 0.930969 -0.032946 
778 35.937977 0.000000 1.644151 103.042022 -0.103171 -7.361466 -0.067186 
779 37.125118 0.000000 1.644151 101.756257 -0.081475 -7.534337 -0.041111 
780 35.937977 0.000000 2.749343 102.434415 -0.077541 0.152029 -0.049284 
781 34.157267 0.000000 2.196747 102.833437 -0.064752 -6.699030 -0.061960 
782 34.157267 0.000000 1.644151 107.536098 -0.058504 -6.330556 -0.160409 
783 34.750837 0.000000 2.196747 103.501071 -0.090373 -6.977312 -0.076116 
784 34.157267 0.000000 2.749343 103.116625 -0.115131 0.514969 -0.063332 
785 34.157267 0.000000 1.091555 118.001377 -0.044424 -4.807450 -0.394744 
786 33.563697 0.000000 1.091555 119.342601 -0.034321 -5.205058 -0.426975 
787 34.157267 0.000000 0.538958 160.989234 0.026595 0.827885 -1.591822 
788 34.750837 0.000000 1.091555 117.892540 -0.068436 -5.818766 -0.393251 
789 33.860482 0.000000 1.920449 105.920312 -0.058350 -6.340955 -0.125932 
790 33.563697 0.000000 1.920449 106.008841 -0.052305 -6.182000 -0.127609 
791 33.860482 0.000000 1.644151 107.140055 -0.056437 -6.258368 -0.151816 
792 34.157267 0.000000 1.920449 107.339079 -0.058491 -6.343646 -0.156192 
793 33.860482 0.000000 2.196747 102.362550 -0.061705 -6.566992 -0.052122 
794 35.344407 0.000000 -1.118830 100.107585 -0.079169 2.400705 -0.002730 
795 35.344407 0.000000 -1.671426 102.439179 -0.065288 3.043546 -0.050305 
796 35.937977 0.000000 -1.118830 101.591272 -0.058836 2.803004 -0.032865 
797 35.344407 0.000000 -0.566234 100.764567 -0.073298 2.494015 -0.015972 
798 39.499399 0.000000 4.959728 100.180688 1.276071 1.671913 -0.004059 
799 41.873679 0.000000 4.959728 99.245310 0.280538 2.087370 0.014593 
800 39.499399 0.000000 7.170112 100.573120 0.018483 3.629652 -0.012813 
801 35.937977 0.000000 3.854535 102.397091 -0.036894 1.707188 -0.048808 
802 37.125118 0.000000 3.854535 101.829748 -0.023161 1.535157 -0.037165 
803 35.937977 0.000000 4.959728 102.267262 0.356622 2.567531 -0.046531 
804 35.344407 0.000000 2.196747 103.466654 -0.109752 -7.163284 -0.075667 
805 35.344407 0.000000 1.644151 103.392300 -0.111801 -7.221696 -0.074213 
806 35.937977 0.000000 2.196747 103.067704 -0.104332 -7.358329 -0.067711 
807 35.344407 0.000000 2.749343 102.737809 -0.098685 0.211850 -0.055511 
808 35.344407 0.000000 -2.224022 111.915057 -0.018681 6.159152 -0.256292 
809 35.344407 0.000000 -2.776618 96.954169 -0.188936 4.104294 0.058301 
810 35.937977 0.000000 -2.224022 102.744547 -0.086489 3.665757 -0.056989 
811 38.312258 0.000000 -0.566234 102.563347 0.023822 2.199993 -0.052408 
812 38.312258 0.000000 -1.671426 104.607099 0.015693 3.083116 -0.095215 
813 39.499399 0.000000 -0.566234 108.581075 0.042597 0.707909 -0.179035 
814 38.312258 0.000000 0.538958 -79.054184 0.007568 0.937826 0.374956 
815 36.531548 0.000000 -1.118830 100.535355 -0.085015 2.844488 -0.011546 
816 36.531548 0.000000 -1.671426 101.045020 -0.063918 2.843618 -0.021819 
817 37.125118 0.000000 -1.118830 100.315885 -0.018643 2.775270 -0.007098 
818 36.531548 0.000000 -0.566234 100.746144 -0.068653 2.855370 -0.015794 
819 35.641192 0.000000 -1.395128 100.542338 -0.066770 2.622904 -0.011565 
820 35.344407 0.000000 -1.395128 100.389461 -0.076908 2.402469 -0.008382 
821 35.641192 0.000000 -1.671426 100.765146 -0.071339 2.525009 -0.016000 
822 35.937977 0.000000 -1.395128 101.482678 -0.059998 2.778414 -0.030646 
823 35.641192 0.000000 -1.118830 99.269843 -0.057691 2.649351 0.013848 
824 35.344407 0.000000 1.091555 103.344026 -0.108381 -7.225022 -0.073220 
825 35.344407 0.000000 0.538958 144.797526 0.011357 0.699686 -1.096681 
826 35.937977 0.000000 1.091555 102.195125 -0.097102 -6.562111 -0.048691 
827 38.312258 0.000000 1.644151 99.479807 -0.066242 -7.547988 0.004679 
828 39.499399 0.000000 1.644151 89.585587 0.084871 -6.820264 0.192790 
829 38.312258 0.000000 2.749343 100.970382 -0.011562 -0.162926 -0.019504 
830 36.531548 0.000000 2.196747 101.455643 -0.098982 -1.218766 -0.029474 
831 36.531548 0.000000 1.644151 102.558200 -0.095953 -7.463661 -0.057390 
832 37.125118 0.000000 2.196747 101.747172 -0.042142 -0.705453 -0.035299 
833 36.531548 0.000000 2.749343 102.114037 -0.087155 0.174141 -0.042731 
834 35.641192 0.000000 1.920449 103.221214 -0.111487 -7.303974 -0.070798 
835 35.344407 0.000000 1.920449 103.381834 -0.111295 -7.223401 -0.073999 
836 35.641192 0.000000 1.644151 103.222285 -0.111952 -7.297089 -0.070810 
837 35.937977 0.000000 1.920449 103.060343 -0.104404 -7.354281 -0.067553 
838 35.641192 0.000000 2.196747 103.229156 -0.109885 -7.299760 -0.070956 
839 38.312258 0.000000 -2.776618 113.040334 -0.011279 5.975672 -0.281383 
840 38.312258 0.000000 -3.881811 99.513994 0.018461 4.742963 0.007447 
841 39.499399 0.000000 -2.776618 113.524558 0.008361 7.681147 -0.294683 
842 37.718688 0.000000 -1.118830 102.804330 0.026148 2.565996 -0.057532 
843 37.718688 0.000000 -1.671426 102.075214 0.018558 2.546896 -0.042584 
844 38.312258 0.000000 -1.118830 101.847944 0.016360 2.057241 -0.037724 
845 37.718688 0.000000 -0.566234 102.092582 0.018746 2.544030 -0.042937 
846 36.531548 0.000000 -0.013638 94.930604 -0.033823 0.157272 0.098815 
847 35.937977 0.000000 -0.013638 94.930604 -0.033823 0.157272 0.098815 
848 37.125118 0.000000 -0.013638 112.642197 0.009022 -2.728797 -0.269571 
849 36.531548 0.000000 0.538958 94.930604 -0.033823 0.157272 0.098815 
850 36.828333 0.000000 -0.842532 99.892891 -0.052111 2.818232 0.001347 
851 36.531548 0.000000 -0.842532 100.747175 -0.061935 2.833847 -0.015803 
852 36.828333 0.000000 -1.118830 100.019622 -0.043794 2.795775 -0.001174 
853 37.125118 0.000000 -0.842532 100.545451 -0.008870 2.757542 -0.011699 
854 36.828333 0.000000 -0.566234 100.554403 -0.045367 2.826862 -0.011918 
855 36.234763 0.000000 -0.842532 101.803339 -0.065488 2.870101 -0.037216 
856 35.937977 0.000000 -0.842532 101.509463 -0.060005 2.780206 -0.031190 
857 36.234763 0.000000 -1.118830 101.958368 -0.064518 2.849091 -0.040363 
858 36.234763 0.000000 -0.566234 101.185152 -0.063310 2.844154 -0.024653 
859 36.531548 0.000000 -2.224022 100.100287 0.007605 3.980742 -0.003591 
860 36.531548 0.000000 -2.776618 99.976161 0.017711 4.745498 -0.001775 
861 37.125118 0.000000 -2.224022 112.107139 -0.008872 6.191253 -0.260634 
862 36.828333 0.000000 -1.395128 99.946805 -0.052450 2.819452 0.000268 
863 36.531548 0.000000 -1.395128 100.767319 -0.061372 2.833942 -0.016209 
864 36.828333 0.000000 -1.671426 102.366746 -0.040050 3.352242 -0.049019 
865 37.125118 0.000000 -1.395128 100.802610 -0.016912 2.774917 -0.016887 
866 36.679940 0.000000 -0.980681 100.220218 -0.059657 2.824335 -0.005207 
867 36.531548 0.000000 -0.980681 100.656043 -0.068513 2.835978 -0.013969 
868 36.679940 0.000000 -1.118830 100.211295 -0.062518 2.825702 -0.005029 
869 36.828333 0.000000 -0.980681 100.114505 -0.043304 2.795660 -0.003073 
870 36.679940 0.000000 -0.842532 100.068635 -0.056926 2.824655 -0.002171 
871 36.531548 0.000000 1.091555 102.517228 -0.097344 -7.471911 -0.056562 
872 37.125118 0.000000 1.091555 101.705289 -0.078291 -7.533775 -0.040073 
873 37.718688 0.000000 1.091555 100.920087 -0.068836 -7.566499 -0.024212 
874 37.718688 0.000000 0.538958 112.642197 0.009022 -2.728797 -0.269571 
875 38.312258 0.000000 1.091555 98.586526 -0.053667 -7.487457 0.022463 
876 37.718688 0.000000 1.644151 101.003972 -0.065233 -7.563000 -0.025901 
877 36.828333 0.000000 1.367853 102.225618 -0.093765 -7.501617 -0.050636 
878 36.531548 0.000000 1.367853 102.492589 -0.095150 -7.464817 -0.056046 
879 36.828333 0.000000 1.091555 102.213076 -0.090145 -7.496695 -0.050372 
880 37.125118 0.000000 1.367853 101.727814 -0.079387 -7.534348 -0.040532 
881 36.828333 0.000000 1.644151 102.230624 -0.094457 -7.502163 -0.050739 
882 36.234763 0.000000 1.367853 102.744537 -0.098074 -7.432024 -0.061168 
883 35.937977 0.000000 1.367853 103.048812 -0.103946 -7.357700 -0.067320 
884 36.234763 0.000000 1.091555 101.923708 -0.092720 -6.657808 -0.043278 
885 36.234763 0.000000 1.644151 102.775910 -0.097443 -7.427744 -0.061807 
886 38.312258 0.000000 3.854535 101.061993 -0.055448 1.259311 -0.021512 
887 39.499399 0.000000 3.854535 99.550734 -0.014776 0.875113 0.008889 
888 38.312258 0.000000 4.959728 101.119503 1.412000 1.789924 -0.023035 
889 37.718688 0.000000 2.196747 101.661668 -0.072138 -1.072876 -0.033625 
890 38.312258 0.000000 2.196747 100.764484 -0.041184 -1.240392 -0.015502 
891 37.718688 0.000000 2.749343 101.491879 -0.017830 0.039745 -0.030060 
892 36.828333 0.000000 1.920449 102.251575 -0.093482 -7.498221 -0.051162 
893 36.531548 0.000000 1.920449 102.541296 -0.097231 -7.471426 -0.057055 
894 37.125118 0.000000 1.920449 101.977589 -0.090687 -7.525279 -0.045607 
895 36.828333 0.000000 2.196747 102.302776 -0.048519 -1.191088 -0.046728 
896 36.679940 0.000000 1.506002 102.326695 -0.094662 -7.492305 -0.052690 
897 36.531548 0.000000 1.506002 102.517261 -0.095732 -7.466723 -0.056555 
898 36.679940 0.000000 1.367853 102.297537 -0.094160 -7.494281 -0.052096 
899 36.828333 0.000000 1.506002 102.220407 -0.094487 -7.503311 -0.050532 
900 36.679940 0.000000 1.644151 102.338148 -0.094749 -7.491342 -0.052923 
901 37.718688 0.000000 -0.013638 112.642197 0.009022 -2.728797 -0.269571 
902 38.312258 0.000000 -0.013638 -79.935729 0.008760 0.636674 0.360987 
903 37.421903 0.000000 -0.842532 101.837663 0.010903 2.670263 -0.037804 
904 37.421903 0.000000 -1.118830 102.218436 0.022317 2.731699 -0.045607 
905 37.718688 0.000000 -0.842532 102.677088 0.025136 2.567757 -0.054918 
906 37.421903 0.000000 -0.566234 101.962375 0.017832 2.699345 -0.040361 
907 37.421903 0.000000 1.367853 101.324462 -0.066033 -7.543881 -0.032356 
908 37.421903 0.000000 1.091555 101.309148 -0.070599 -7.545542 -0.032048 
909 37.718688 0.000000 1.367853 100.987396 -0.065542 -7.564349 -0.025568 
910 37.421903 0.000000 1.644151 101.551747 -0.068545 -7.538025 -0.036958 
911 51.370803 0.000000 -1.671426 100.233652 0.006275 3.689009 -0.006039 
912 51.370803 0.000000 -6.092195 100.959445 -0.020640 7.736756 -0.025267 
913 56.119364 0.000000 -1.671426 97.876571 0.051372 4.968438 0.039549 
914 51.370803 0.000000 2.749343 98.825937 -0.049186 2.886090 0.022510 
915 44.247960 0.000000 0.538958 98.438596 0.064601 -30.122989 -0.059756 
916 44.247960 0.000000 -1.671426 107.917769 0.019355 11.496994 -0.177843 
917 46.622241 0.000000 0.538958 91.374739 -0.030594 1.488918 0.164844 
918 44.247960 0.000000 2.749343 97.739733 0.016703 0.065162 0.044694 
919 40.686539 0.000000 -0.566234 114.069302 0.004260 0.509989 -0.301207 
920 40.686539 0.000000 -1.671426 114.481200 0.011540 0.632786 -0.310635 
921 41.873679 0.000000 -0.566234 113.687483 0.076957 2.421377 -0.293071 
922 40.686539 0.000000 0.538958 91.739141 0.112320 -7.954190 0.152065 
923 38.905828 0.000000 -1.118830 105.640243 0.041878 1.478614 -0.116205 
924 38.905828 0.000000 -1.671426 106.004065 0.043064 1.297347 -0.123855 
925 39.499399 0.000000 -1.118830 108.462765 0.049519 0.649252 -0.176460 
926 38.905828 0.000000 -0.566234 106.013766 0.043121 1.298848 -0.124061 
927 40.686539 0.000000 1.644151 91.569336 0.127435 -7.728985 0.155530 
928 41.873679 0.000000 1.644151 93.429997 0.033299 -11.335648 0.114234 
929 40.686539 0.000000 2.749343 94.659876 -0.041735 -0.156755 0.103948 
930 38.905828 0.000000 1.091555 93.911054 0.006635 -7.174532 0.112924 
931 38.905828 0.000000 0.538958 93.826118 0.004234 -7.179457 0.114512 
932 39.499399 0.000000 1.091555 89.402360 0.088719 -6.803910 0.196092 
933 38.905828 0.000000 1.644151 94.028422 0.005592 -7.184417 0.110704 
934 44.247960 0.000000 -3.881811 99.230311 0.068955 9.941959 0.005450 
935 44.247960 0.000000 -6.092195 99.544637 0.086397 6.614306 0.004711 
936 46.622241 0.000000 -3.881811 107.827085 0.019950 7.620963 -0.168476 
937 40.686539 0.000000 -2.776618 108.181468 0.087513 6.822387 -0.174978 
938 40.686539 0.000000 -3.881811 103.742315 -0.124862 5.813370 -0.079628 
939 41.873679 0.000000 -2.776618 112.786923 0.003481 9.722434 -0.281542 
940 40.092969 0.000000 -1.118830 110.791429 0.016205 0.299837 -0.227483 
941 40.092969 0.000000 -1.671426 112.536589 0.004725 1.921626 -0.266818 
942 40.686539 0.000000 -1.118830 113.429259 0.015824 0.634059 -0.286660 
943 40.092969 0.000000 -0.566234 111.210359 0.015928 0.358478 -0.236787 
944 38.905828 0.000000 -0.013638 -80.311568 0.046286 0.884881 0.354927 
945 39.499399 0.000000 -0.013638 -77.395681 0.001502 1.530837 0.400757 
946 39.202614 0.000000 -0.842532 107.992521 0.046346 1.019363 -0.166343 
947 38.905828 0.000000 -0.842532 105.771487 0.041888 1.455762 -0.118973 
948 39.202614 0.000000 -1.118830 108.251720 0.049921 1.080142 -0.171960 
949 39.499399 0.000000 -0.842532 108.505195 0.048794 0.663163 -0.177382 
950 39.202614 0.000000 -0.566234 106.368733 0.045149 1.227153 -0.131582 
951 40.092969 0.000000 1.091555 89.850236 0.143113 -7.037026 0.187739 
952 40.092969 0.000000 0.538958 89.332017 0.165426 -6.858553 0.197272 
953 40.686539 0.000000 1.091555 91.597702 0.124910 -7.766605 0.154953 
954 40.092969 0.000000 1.644151 89.560341 0.166418 -6.884031 0.193153 
955 38.905828 0.000000 2.196747 99.952691 -0.079548 -1.434516 0.000740 
956 39.499399 0.000000 2.196747 98.483815 -0.085631 -2.348556 0.029542 
957 38.905828 0.000000 2.749343 100.146398 -0.070804 -0.456391 -0.002951 
958 39.202614 0.000000 1.367853 92.202712 0.019125 -7.043580 0.144905 
959 38.905828 0.000000 1.367853 94.469212 0.001604 -7.222416 0.102340 
960 39.202614 0.000000 1.091555 91.890673 0.042101 -7.013876 0.150691 
961 39.499399 0.000000 1.367853 89.264309 0.088907 -6.790187 0.198577 
962 39.202614 0.000000 1.644151 92.620751 0.019787 -7.068970 0.137143 
963 51.370803 0.000000 7.170112 99.617247 -0.119570 4.234682 0.005846 
964 56.119364 0.000000 7.170112 99.259201 -0.019854 4.713747 0.012539 
965 51.370803 0.000000 11.590882 99.812199 -0.160882 5.265184 0.000978 
966 44.247960 0.000000 4.959728 99.015996 0.024671 2.484347 0.018966 
967 46.622241 0.000000 4.959728 98.664246 0.030924 3.451877 0.025345 
968 44.247960 0.000000 7.170112 99.489743 0.033984 3.605238 0.008879 
969 43.060820 0.000000 1.644151 99.221531 0.040051 -4.712014 0.013288 
970 43.060820 0.000000 0.538958 98.613580 0.060850 -19.600247 -0.010881 
971 44.247960 0.000000 1.644151 96.260417 0.052123 -3.115682 0.072422 
972 43.060820 0.000000 2.749343 98.567159 0.119924 -0.087783 0.028449 
973 41.280109 0.000000 1.091555 92.436995 0.074173 -9.261638 0.136962 
974 41.280109 0.000000 0.538958 92.749840 0.057511 -9.854750 0.130035 
975 41.873679 0.000000 1.091555 94.105623 0.045667 -11.456724 0.101287 
976 41.280109 0.000000 1.644151 92.697552 0.059372 -9.740903 0.131228 
977 43.060820 0.000000 -0.566234 111.513740 0.079645 4.795523 -0.245832 
978 43.060820 0.000000 -1.671426 110.211427 0.045010 9.452775 -0.223592 
979 44.247960 0.000000 -0.566234 109.221543 0.099976 8.672286 -0.200456 
980 43.060820 0.000000 -2.776618 109.268076 0.016406 12.197033 -0.208828 
981 43.060820 0.000000 -3.881811 101.888475 0.074104 8.539797 -0.045420 
982 44.247960 0.000000 -2.776618 108.142109 0.005557 13.365744 -0.187336 
983 42.467250 0.000000 -1.118830 113.677004 0.081923 3.815244 -0.293702 
984 41.873679 0.000000 -1.118830 113.466668 0.079176 2.375060 -0.288033 
985 42.467250 0.000000 -1.671426 114.920151 0.082285 3.624921 -0.321979 
986 43.060820 0.000000 -1.118830 111.731192 0.082519 5.463729 -0.251372 
987 42.467250 0.000000 -0.566234 113.597362 0.082274 3.679545 -0.291791 
988 42.467250 0.000000 1.091555 96.544133 0.038304 -15.393093 0.044228 
989 42.467250 0.000000 0.538958 96.993468 0.046352 -15.617283 0.034837 
990 43.060820 0.000000 1.091555 98.486588 0.057840 -19.505040 -0.008006 
991 42.467250 0.000000 1.644151 96.672640 0.023781 -16.243644 0.039054 
992 48.996522 0.000000 0.538958 99.080435 0.012009 4.216918 0.016528 
993 48.996522 0.000000 -1.671426 105.621315 0.006121 9.765885 -0.125123 
994 51.370803 0.000000 0.538958 99.618045 0.024387 0.518726 0.007598 
995 48.996522 0.000000 2.749343 98.679614 0.007921 3.919114 0.024697 
996 45.435101 0.000000 -0.566234 114.406426 0.043595 -2.762705 -0.309646 
997 45.435101 0.000000 -1.671426 106.143075 0.012210 10.487984 -0.137635 
998 46.622241 0.000000 -0.566234 112.004154 0.038891 -5.824263 -0.257885 
999 45.435101 0.000000 0.538958 100.923677 0.028554 -40.034766 -0.178837 
1000 43.654390 0.000000 -1.118830 111.969562 0.090208 7.092170 -0.258749 
1001 43.654390 0.000000 -1.671426 108.107323 0.005696 13.580079 -0.187161 
1002 44.247960 0.000000 -1.118830 111.025486 0.091603 9.887905 -0.242444 
1003 43.654390 0.000000 -0.566234 112.203172 0.090559 7.153747 -0.264074 
1004 45.435101 0.000000 1.644151 94.586820 -0.012028 -1.052757 0.105222 
1005 46.622241 0.000000 1.644151 94.955935 -0.069469 2.118652 0.097888 
1006 45.435101 0.000000 2.749343 96.780346 0.002601 1.223734 0.063207 
1007 44.841530 0.000000 -0.013638 99.156123 0.041634 -31.175722 -0.080386 
1008 44.247960 0.000000 -0.013638 97.714468 0.063640 -27.115797 -0.028339 
1009 44.841530 0.000000 -0.566234 116.512783 0.080510 9.882560 -0.367290 
1010 45.435101 0.000000 -0.013638 104.007891 0.021940 -31.946042 -0.183819 
1011 44.841530 0.000000 0.538958 96.887952 0.071528 -32.782705 -0.046199 
1012 -200.302961 0.000000 -209.447580 99.617685 0.000138 8.716158 0.000035 
1013 -276.279947 0.000000 -209.447580 99.618569 0.000079 8.716045 0.000017 
1014 -200.302961 0.000000 -280.179887 99.617669 0.000144 8.715907 0.000035 
1015 255.558951 0.000000 -209.447580 99.618696 0.001750 8.697407 0.000047 
1016 255.558951 0.000000 -280.179887 99.618110 0.001266 8.705033 0.000045 
1017 331.535936 0.000000 -209.447580 99.619758 0.001754 8.698480 0.000024 
1018 -200.302961 0.000000 214.946266 99.621109 -0.000041 8.716321 -0.000034 
1019 -276.279947 0.000000 214.946266 99.620292 -0.000038 8.716110 -0.000017 
1020 -200.302961 0.000000 285.678573 99.621245 -0.000074 8.716042 -0.000036 
1021 -86.337483 0.000000 -103.349118 99.612021 0.000619 8.717426 0.000145 
1022 -124.325976 0.000000 -103.349118 99.615615 0.000320 8.717228 0.000074 
1023 -86.337483 0.000000 -138.715272 99.612235 0.000528 8.716548 0.000142 
1024 103.604980 0.000000 214.946266 99.631614 -0.000939 8.696006 -0.000208 
1025 179.581965 0.000000 214.946266 99.625521 -0.001574 8.692638 -0.000081 
1026 103.604980 0.000000 285.678573 99.627354 -0.000745 8.705438 -0.000139 
1027 141.593473 0.000000 -103.349118 99.614815 0.003694 8.641581 0.000221 
1028 141.593473 0.000000 -138.715272 99.612946 0.002660 8.672992 0.000204 
1029 179.581965 0.000000 -103.349118 99.619937 0.003629 8.645686 0.000112 
1030 -86.337483 0.000000 108.847804 99.624903 0.000339 8.718907 -0.000114 
1031 -124.325976 0.000000 108.847804 99.622152 0.000136 8.717829 -0.000057 
1032 -86.337483 0.000000 144.213958 99.625776 0.000189 8.717794 -0.000130 
1033 -29.354744 0.000000 -50.299888 99.601931 0.035476 8.696401 0.000383 
1034 -48.348991 0.000000 -50.299888 99.600362 0.002443 8.721688 0.000370 
1035 -29.354744 0.000000 -67.982965 99.587604 0.003842 8.717951 0.000631 
1036 65.616487 0.000000 108.847804 99.670012 0.000707 8.642159 -0.000880 
1037 103.604980 0.000000 108.847804 99.644134 -0.001695 8.628137 -0.000340 
1038 65.616487 0.000000 144.213958 99.651991 -0.000129 8.677113 -0.000581 
1039 84.610734 0.000000 -50.299888 99.595563 0.005043 8.432108 0.000962 
1040 84.610734 0.000000 -67.982965 99.583417 0.003223 8.546192 0.001011 
1041 103.604980 0.000000 -50.299888 99.612696 0.005621 8.431711 0.000622 
1042 -29.354744 0.000000 55.798574 99.628425 0.024209 8.730385 -0.000204 
1043 -48.348991 0.000000 55.798574 99.626865 0.002033 8.727291 -0.000168 
1044 -29.354744 0.000000 73.481651 99.642193 0.002960 8.728973 -0.000476 
1045 -19.857621 0.000000 -23.775272 99.549815 0.062690 8.713681 0.001390 
1046 -29.354744 0.000000 -23.775272 99.576555 0.038696 8.722189 0.000843 
1047 -19.857621 0.000000 -32.616811 99.558676 0.049826 8.711631 0.001218 
1048 46.622241 0.000000 55.798574 99.824260 -0.034945 8.459769 -0.003645 
1049 65.616487 0.000000 55.798574 99.725507 -0.008412 8.397773 -0.001570 
1050 46.622241 0.000000 73.481651 99.752548 -0.007341 8.577625 -0.002415 
1051 -0.863375 0.000000 29.273958 99.683597 0.085944 8.840187 -0.001498 
1052 -10.360498 0.000000 29.273958 99.602704 0.049298 8.771606 0.000236 
1053 -0.863375 0.000000 38.115497 99.702083 -0.027931 8.780182 -0.001760 
1054 56.119364 0.000000 -23.775272 99.333648 -0.050907 7.603661 0.007501 
1055 56.119364 0.000000 -32.616811 99.651460 0.019046 8.221729 0.000199 
1056 65.616487 0.000000 -23.775272 99.545581 0.010282 7.731100 0.003091 
1057 -19.857621 0.000000 29.273958 99.604607 0.041483 8.750106 0.000236 
1058 -29.354744 0.000000 29.273958 99.610589 0.029594 8.739167 0.000136 
1059 -19.857621 0.000000 38.115497 99.623435 0.031374 8.748684 -0.000137 
1060 37.125118 0.000000 29.273958 100.463924 -0.006911 7.907463 -0.015553 
1061 46.622241 0.000000 29.273958 100.060366 0.060197 7.736216 -0.007193 
1062 37.125118 0.000000 38.115497 100.011841 -0.145869 8.269940 -0.007078 
1063 13.382310 0.000000 16.011651 100.626243 -0.230294 9.137901 -0.020920 
1064 8.633748 0.000000 16.011651 100.357528 -0.216752 9.238434 -0.015703 
1065 13.382310 0.000000 20.432420 100.310543 -0.197108 8.956081 -0.014246 
1066 -3.237656 0.000000 4.959728 98.905363 -0.075473 8.969560 0.013727 
1067 -5.611936 0.000000 4.959728 99.241467 0.149606 8.937371 0.007123 
1068 -3.237656 0.000000 7.170112 99.268381 0.104144 9.124639 0.006252 
1069 2.104476 0.000000 -1.118830 110.549296 -0.155859 -10.441293 -0.233019 
1070 2.104476 0.000000 -1.671426 110.690457 -0.171037 -10.878089 -0.237074 
1071 2.104476 0.000000 -0.566234 109.949158 -0.166980 -12.183367 -0.223728 
1072 3.291617 0.000000 -0.013638 105.212699 0.001882 33.146365 -0.216839 
1073 2.698046 0.000000 -0.013638 104.081243 -0.019801 35.520053 -0.209458 
1074 3.885187 0.000000 -0.013638 -57.874172 -0.002648 -3.606361 0.663757 
1075 2.104476 0.000000 -0.013638 102.843286 -0.019776 38.205527 -0.203640 
1076 2.104476 0.000000 0.538958 103.205244 -0.046858 38.153338 -0.210700 
1077 4.478757 0.000000 -1.118830 109.582190 0.706075 -0.009522 -0.200876 
1078 4.478757 0.000000 -1.671426 109.722894 -0.124444 -0.276911 -0.203921 
1079 4.478757 0.000000 -0.566234 110.054732 -0.142860 -0.286205 -0.211215 
1080 5.665897 0.000000 -0.013638 -60.219332 -0.006222 -2.075627 0.636932 
1081 5.072327 0.000000 -0.013638 -56.098427 -0.012969 -0.568923 0.685264 
1082 6.259468 0.000000 -0.013638 -59.847230 -0.025645 -2.405374 0.641252 
1083 4.478757 0.000000 -0.013638 -59.720360 0.004423 -1.744682 0.643043 
1084 2.104476 0.000000 1.091555 103.663550 -0.032394 37.432743 -0.214734 
1085 1.510906 0.000000 1.091555 95.871374 -0.058396 15.019700 0.058308 
1086 2.104476 0.000000 1.644151 97.788071 -0.062276 13.328322 0.025985 
1087 15.756591 0.000000 9.380497 101.006749 0.008659 9.045812 -0.028419 
1088 13.382310 0.000000 9.380497 100.432709 0.023396 9.372203 -0.017457 
1089 15.756591 0.000000 11.590882 100.764370 0.117847 9.019482 -0.023482 
1090 11.008029 0.000000 9.380497 99.953686 0.005315 9.261470 -0.007651 
1091 8.633748 0.000000 9.380497 99.766611 -0.083383 9.178696 -0.003763 
1092 11.008029 0.000000 11.590882 99.742126 -0.052054 9.036969 -0.003016 
1093 5.072327 0.000000 3.854535 100.769450 -0.075371 10.375761 -0.026214 
1094 3.885187 0.000000 3.854535 100.026229 -0.066643 10.680195 -0.011932 
1095 5.072327 0.000000 4.959728 100.344841 -0.084329 9.980652 -0.016871 
1096 6.853038 0.000000 -0.013638 -55.655342 -0.093398 -1.319248 0.690073 
1097 7.446608 0.000000 -0.013638 -47.939414 0.015127 0.218807 0.770176 
1098 6.853038 0.000000 0.538958 -57.374025 -0.097372 -1.477627 0.670603 
1099 6.853038 0.000000 1.091555 104.729314 -0.032922 19.238404 -0.133835 
1100 7.446608 0.000000 1.091555 106.915243 -0.047858 18.685232 -0.178001 
1101 6.853038 0.000000 1.644151 104.740857 -0.036220 19.990413 -0.137027 
1102 16.943731 0.000000 1.644151 -53.866392 -0.001066 -0.141130 0.709839 
1103 15.756591 0.000000 1.644151 -71.655833 0.071845 0.879037 0.486466 
1104 18.130872 0.000000 1.644151 -45.798515 -0.002419 1.584177 0.789999 
1105 14.569450 0.000000 1.644151 -62.154131 0.117659 1.278698 0.613522 
1106 16.943731 0.000000 -2.776618 96.995375 -0.026593 7.030127 0.054247 
1107 16.943731 0.000000 -3.881811 97.651095 -0.012498 7.512587 0.040782 
1108 11.601599 0.000000 -2.224022 109.766534 0.014304 4.864318 -0.207235 
1109 11.601599 0.000000 -2.776618 97.628534 -0.024426 6.420876 0.042744 
1110 12.195170 0.000000 -2.224022 109.173663 0.003070 4.884736 -0.194275 
1111 10.414459 0.000000 3.301939 111.844102 -0.089023 19.033397 -0.287138 
1112 11.008029 0.000000 3.301939 111.875568 -0.061980 17.313285 -0.281590 
1113 10.414459 0.000000 3.854535 100.465359 -0.027977 10.313633 -0.019966 
1114 32.376556 0.000000 16.011651 101.424123 -0.278157 7.136393 -0.033786 
1115 37.125118 0.000000 16.011651 100.966725 -0.375460 6.517010 -0.023689 
1116 32.376556 0.000000 20.432420 101.128339 0.390164 7.554114 -0.028416 
1117 25.253714 0.000000 9.380497 101.976760 -0.075126 7.134106 -0.045016 
1118 27.627995 0.000000 9.380497 102.055134 -0.013489 6.535971 -0.045797 
1119 25.253714 0.000000 11.590882 101.607122 -0.025446 7.646874 -0.038248 
1120 19.318012 0.000000 1.644151 103.388900 0.035467 2.224172 -0.069421 
1121 19.318012 0.000000 6.064920 102.010991 -0.073078 7.234493 -0.045859 
1122 18.130872 0.000000 6.064920 102.098987 -0.005440 7.462375 -0.047989 
1123 19.318012 0.000000 7.170112 101.738910 -0.012172 7.770452 -0.041119 
1124 19.911582 0.000000 -0.013638 102.832953 0.017162 2.209339 -0.057950 
1125 19.318012 0.000000 -0.013638 100.904947 0.011602 4.131541 -0.019888 
1126 19.911582 0.000000 0.538958 106.402166 0.033456 1.038240 -0.132250 
1127 22.285863 0.000000 -0.013638 97.401990 -0.018614 1.756020 0.050977 
1128 22.879433 0.000000 -0.013638 102.652741 -0.030917 0.657010 -0.053802 
1129 22.285863 0.000000 0.538958 124.533457 -0.019861 2.699286 -0.551587 
1130 19.911582 0.000000 -2.224022 100.909971 0.005776 3.492109 -0.019502 
1131 19.318012 0.000000 -2.224022 100.909971 0.005776 3.492109 -0.019502 
1132 19.911582 0.000000 -2.776618 93.413588 -0.018893 4.132179 0.125683 
1133 24.660144 0.000000 -1.118830 97.931387 -0.039299 -1.741993 0.040641 
1134 24.660144 0.000000 -1.671426 97.391202 -0.038261 -1.751706 0.051188 
1135 24.660144 0.000000 -0.566234 98.462437 -0.039245 -1.614331 0.030254 
1136 23.473003 0.000000 -0.013638 106.959322 -0.028733 0.698453 -0.144079 
1137 24.066573 0.000000 -0.013638 108.236186 -0.029013 0.453786 -0.171528 
1138 23.473003 0.000000 0.538958 115.001977 -0.020780 1.601419 -0.322802 
1139 21.989078 0.000000 -0.842532 92.958128 -0.010472 2.075044 0.135448 
1140 22.285863 0.000000 -0.842532 92.153836 -0.023705 1.191121 0.150625 
1141 21.989078 0.000000 -0.566234 93.733991 -0.011198 2.064142 0.120968 
1142 20.950330 0.000000 -0.980681 95.627334 0.001141 3.123021 0.084566 
1143 20.801937 0.000000 -0.980681 97.529546 -0.000132 3.638389 0.047475 
1144 20.950330 0.000000 -0.842532 95.680459 0.000568 3.505746 0.083296 
1145 30.002275 0.000000 9.380497 102.265026 -0.102253 6.006525 -0.049422 
1146 32.376556 0.000000 9.380497 102.215341 -0.031162 5.434640 -0.047751 
1147 30.002275 0.000000 11.590882 102.331421 -0.361310 6.421495 -0.051309 
1148 24.066573 0.000000 6.064920 103.112015 0.049153 5.239344 -0.065954 
1149 25.253714 0.000000 6.064920 103.044698 0.048291 5.001162 -0.064322 
1150 24.066573 0.000000 7.170112 102.816809 0.025082 6.297495 -0.061096 
1151 21.098722 0.000000 4.407132 111.229280 -0.037245 -4.862899 -0.239560 
1152 20.505152 0.000000 4.407132 111.229280 -0.037245 -4.862899 -0.239560 
1153 21.098722 0.000000 4.959728 102.994046 0.000430 6.799102 -0.065400 
1154 23.473003 0.000000 -2.224022 94.253934 0.050095 3.008314 0.110714 
1155 23.473003 0.000000 -2.776618 94.515748 0.053107 2.645882 0.105977 
1156 24.066573 0.000000 -2.224022 94.293859 0.008521 2.812170 0.110076 
1157 24.660144 0.000000 3.301939 106.579846 -0.050079 -8.548277 -0.143234 
1158 24.660144 0.000000 2.749343 106.737089 -0.051863 -8.189869 -0.145988 
1159 24.660144 0.000000 3.854535 104.376417 -0.089894 0.061638 -0.089445 
1160 23.473003 0.000000 4.407132 103.831629 0.030132 1.838700 -0.078439 
1161 24.066573 0.000000 4.407132 103.396499 -0.036914 1.930025 -0.069456 
1162 23.473003 0.000000 4.959728 103.805074 0.018880 3.620964 -0.078861 
1163 51.370803 0.000000 -10.512965 99.632487 0.036138 6.729576 0.002808 
1164 51.370803 0.000000 -14.933734 99.200822 0.258641 7.049297 0.010944 
1165 56.119364 0.000000 -10.512965 99.049090 0.048544 6.530128 0.014663 
1166 30.595846 0.000000 -1.118830 100.298885 -0.047046 -2.689910 -0.006710 
1167 30.595846 0.000000 -1.671426 100.236536 -0.043398 -2.555915 -0.005390 
1168 30.595846 0.000000 -0.566234 102.145159 -0.039350 -1.988003 -0.043759 
1169 30.595846 0.000000 2.196747 105.747503 -0.063670 -9.127030 -0.126584 
1170 30.595846 0.000000 1.644151 106.165810 -0.061126 -7.882318 -0.133331 
1171 30.595846 0.000000 2.749343 106.302005 -0.067608 -9.895756 -0.139805 
1172 34.157267 0.000000 -0.013638 160.795854 0.026422 0.825580 -1.585599 
1173 33.563697 0.000000 -0.013638 161.821571 0.027338 0.837803 -1.618692 
1174 34.750837 0.000000 -0.013638 159.227461 0.025020 0.806891 -1.535404 
1175 32.970126 0.000000 -0.013638 145.623296 0.001223 0.684662 -1.120661 
1176 32.376556 0.000000 -0.013638 130.665966 -0.021853 0.499182 -0.707384 
1177 32.970126 0.000000 0.538958 145.786671 0.001412 0.686537 -1.125422 
1178 32.970126 0.000000 1.091555 116.024702 -0.027509 -4.509093 -0.348206 
1179 32.376556 0.000000 1.091555 121.068292 -0.018235 -3.340392 -0.466869 
1180 32.970126 0.000000 -2.224022 103.705671 -0.167504 0.904835 -0.075571 
1181 32.376556 0.000000 -2.224022 95.390132 -0.091972 0.512756 0.090045 
1182 32.970126 0.000000 -2.776618 102.526748 -0.111077 1.547588 -0.051414 
1183 35.344407 0.000000 -0.013638 144.966560 0.011510 0.701524 -1.101580 
1184 35.641192 0.000000 -0.842532 100.578778 -0.066929 2.623961 -0.012298 
1185 35.344407 0.000000 -0.842532 100.025452 -0.075477 2.483095 -0.001126 
1186 35.641192 0.000000 -0.566234 100.334919 -0.063873 2.652699 -0.007414 
1187 40.686539 0.000000 3.854535 97.986502 0.091529 1.181196 0.039724 
1188 41.873679 0.000000 3.854535 98.443066 0.264443 1.396763 0.030694 
1189 40.686539 0.000000 4.959728 99.258505 0.664689 1.987943 0.014336 
1190 36.234763 0.000000 -1.395128 101.463718 -0.066564 2.824104 -0.030287 
1191 36.234763 0.000000 -1.671426 101.202480 -0.063226 2.844188 -0.025004 
1192 35.641192 0.000000 1.367853 103.198716 -0.107613 -7.290720 -0.070314 
1193 35.344407 0.000000 1.367853 103.365353 -0.110763 -7.227807 -0.073665 
1194 35.641192 0.000000 1.091555 102.057913 -0.099012 -6.254182 -0.045494 
1195 36.234763 0.000000 1.920449 102.782800 -0.098242 -7.423171 -0.061942 
1196 36.234763 0.000000 2.196747 102.749668 -0.095844 -7.439231 -0.061285 
1197 37.718688 0.000000 -2.224022 104.681294 0.017008 4.075617 -0.097478 
1198 37.718688 0.000000 -2.776618 103.785690 0.014012 4.624538 -0.079286 
1199 38.312258 0.000000 -2.224022 113.169459 -0.005076 6.438945 -0.284879 
1200 37.421903 0.000000 -1.395128 101.748295 0.008846 2.664692 -0.035982 
1201 37.421903 0.000000 -1.671426 101.947142 0.017660 2.700163 -0.040051 
1202 37.718688 0.000000 -1.395128 102.612036 0.024605 2.570083 -0.053584 
1203 37.421903 0.000000 1.920449 101.366627 -0.061882 -7.546496 -0.033215 
1204 37.718688 0.000000 1.920449 100.960902 -0.068989 -7.560171 -0.025026 
1205 37.421903 0.000000 2.196747 101.357685 -0.047869 -1.085368 -0.027456 
1206 48.996522 0.000000 -3.881811 100.907485 0.020624 5.984766 -0.021814 
1207 48.996522 0.000000 -6.092195 100.239347 0.123109 5.214431 -0.007513 
1208 51.370803 0.000000 -3.881811 101.795079 -0.011541 9.658276 -0.045552 
1209 41.280109 0.000000 -1.118830 114.056817 0.042697 1.214410 -0.301043 
1210 41.280109 0.000000 -1.671426 114.488732 0.034394 4.040282 -0.312399 
1211 41.280109 0.000000 -0.566234 113.971235 0.042068 1.205068 -0.299090 
1212 41.280109 0.000000 -0.013638 -60.579762 0.047004 -1.706363 0.632718 
1213 40.686539 0.000000 -0.013638 -58.637987 -0.011896 1.326252 0.655983 
1214 41.873679 0.000000 -0.013638 -63.932127 0.040778 -0.357057 0.591255 
1215 40.092969 0.000000 -0.013638 -61.805215 0.006959 2.673580 0.617297 
1216 40.092969 0.000000 2.196747 93.229570 -0.051579 -3.489199 0.129607 
1217 40.686539 0.000000 2.196747 91.447690 -0.089744 -1.023295 0.163626 
1218 40.092969 0.000000 2.749343 96.001117 0.015634 -1.165309 0.078243 
1219 45.435101 0.000000 -2.776618 106.920760 0.010100 10.353277 -0.153924 
1220 45.435101 0.000000 -3.881811 99.008651 0.076314 9.652119 0.010412 
1221 46.622241 0.000000 -2.776618 106.919007 0.010050 10.367078 -0.153915 
1222 48.996522 0.000000 4.959728 99.251002 0.086008 3.982330 0.013337 
1223 51.370803 0.000000 4.959728 99.281132 -0.067636 3.766108 0.012907 
1224 48.996522 0.000000 7.170112 99.478074 -0.137718 4.269867 0.008586 
1225 43.060820 0.000000 3.854535 98.925025 0.234184 1.402627 0.021182 
1226 44.247960 0.000000 3.854535 98.500475 0.037366 1.595135 0.029511 
1227 43.060820 0.000000 4.959728 99.226209 0.158895 2.276561 0.014895 
1228 45.435101 0.000000 3.854535 97.957902 -0.009800 2.272804 0.039908 
1229 46.622241 0.000000 3.854535 97.970665 -0.038674 3.174881 0.039167 
1230 45.435101 0.000000 4.959728 98.652606 -0.019993 2.939270 0.025902 
1231 43.654390 0.000000 -0.013638 99.418792 0.067784 -26.300496 -0.057582 
1232 43.060820 0.000000 -0.013638 -65.325323 0.027780 -0.716217 0.573209 
1233 43.654390 0.000000 0.538958 99.458343 0.066673 -24.608889 -0.049756 
1234 42.467250 0.000000 -0.013638 -63.177219 0.035706 0.317675 0.600854 
1235 44.841530 0.000000 -1.118830 115.585011 0.091988 12.810072 -0.352400 
1236 44.841530 0.000000 -1.671426 107.917230 0.019393 11.491067 -0.177817 
1237 45.435101 0.000000 -1.118830 119.457366 0.065899 14.445363 -0.447874 
1238 255.558951 0.000000 214.946266 99.623225 -0.001887 8.691215 -0.000032 
1239 331.535936 0.000000 214.946266 99.622476 -0.002061 8.689785 -0.000015 
1240 255.558951 0.000000 285.678573 99.622411 -0.001336 8.702302 -0.000035 
1241 141.593473 0.000000 108.847804 99.634015 -0.002952 8.623294 -0.000130 
1242 179.581965 0.000000 108.847804 99.630798 -0.003537 8.618499 -0.000057 
1243 141.593473 0.000000 144.213958 99.631229 -0.002105 8.664289 -0.000145 
1244 84.610734 0.000000 55.798574 99.675256 -0.006019 8.388055 -0.000552 
1245 103.604980 0.000000 55.798574 99.659833 -0.005527 8.377514 -0.000226 
1246 84.610734 0.000000 73.481651 99.669410 -0.000317 8.524998 -0.000667 
1247 3.885187 0.000000 16.011651 99.851116 0.011364 9.088732 -0.005285 
1248 -0.863375 0.000000 16.011651 99.536886 0.096252 8.977808 0.001180 
1249 3.885187 0.000000 20.432420 99.779455 0.103737 8.900248 -0.003516 
1250 -5.611936 0.000000 16.011651 99.475550 0.134500 8.863187 0.002604 
1251 -10.360498 0.000000 16.011651 99.509957 0.114338 8.803465 0.002025 
1252 -5.611936 0.000000 20.432420 99.533549 0.135870 8.827082 0.001514 
1253 56.119364 0.000000 29.273958 99.710317 -0.072849 7.722441 -0.000179 
1254 65.616487 0.000000 29.273958 99.680513 -0.083263 7.744400 0.000381 
1255 56.119364 0.000000 38.115497 99.729419 -0.089744 8.112917 -0.001178 
1256 6.259468 0.000000 9.380497 99.768099 -0.125643 9.276557 -0.003974 
1257 3.885187 0.000000 9.380497 99.674302 -0.085568 9.358851 -0.002256 
1258 6.259468 0.000000 11.590882 99.859203 -0.111484 9.235970 -0.005718 
1259 1.510906 0.000000 9.380497 99.402221 -0.056759 9.301736 0.003267 
1260 -0.863375 0.000000 9.380497 99.406072 0.034751 9.254168 0.003279 
1261 1.510906 0.000000 11.590882 99.535487 -0.034412 9.199254 0.000806 
1262 -3.237656 0.000000 9.380497 99.316082 0.142172 9.027074 0.005481 
1263 -5.611936 0.000000 9.380497 99.353992 0.057301 8.869990 0.005010 
1264 -3.237656 0.000000 11.590882 99.383912 0.051954 8.940321 0.004291 
1265 2.698046 0.000000 3.854535 99.279586 -0.127341 10.794798 0.002702 
1266 1.510906 0.000000 3.854535 98.605750 -0.078992 10.506015 0.016652 
1267 2.698046 0.000000 4.959728 99.376069 -0.099942 10.252494 0.001927 
1268 0.917336 0.000000 1.091555 95.533906 -0.047629 13.449113 0.069239 
1269 0.323766 0.000000 1.091555 94.984593 -0.038389 11.658322 0.084201 
1270 0.917336 0.000000 1.644151 96.492605 -0.047582 12.121009 0.054226 
1271 41.873679 0.000000 16.011651 100.615940 -0.025355 6.323579 -0.016356 
1272 46.622241 0.000000 16.011651 100.338818 -0.331865 6.238611 -0.010691 
1273 41.873679 0.000000 20.432420 100.550418 0.055217 6.960760 -0.015884 
1274 16.943731 0.000000 6.064920 102.552409 -0.006420 8.220837 -0.058458 
1275 15.756591 0.000000 6.064920 102.500097 -0.046185 9.238386 -0.059162 
1276 16.943731 0.000000 7.170112 101.928047 -0.069154 8.584759 -0.046303 
1277 14.569450 0.000000 6.064920 101.372001 -0.009653 9.890323 -0.037410 
1278 13.382310 0.000000 6.064920 100.427038 -0.036677 9.968178 -0.018496 
1279 14.569450 0.000000 7.170112 101.101201 -0.020658 9.541579 -0.031250 
1280 24.660144 0.000000 -0.013638 106.479559 -0.032041 -0.421082 -0.133807 
1281 25.253714 0.000000 -0.013638 110.261541 -0.026966 0.827414 -0.215829 
1282 24.660144 0.000000 0.538958 113.708996 -0.027457 0.791103 -0.293036 
1283 34.750837 0.000000 9.380497 101.936324 -0.196013 5.267908 -0.041880 
1284 37.125118 0.000000 9.380497 101.535102 -0.165035 4.904771 -0.033346 
1285 34.750837 0.000000 11.590882 101.671207 -0.408289 5.786628 -0.037069 
1286 26.440854 0.000000 6.064920 103.039821 -0.047021 4.685044 -0.063916 
1287 27.627995 0.000000 6.064920 103.023209 -0.137180 4.542262 -0.063443 
1288 26.440854 0.000000 7.170112 102.726614 0.055144 5.672132 -0.058493 
1289 24.660144 0.000000 -2.224022 93.983915 -0.080598 2.306091 0.116170 
1290 24.660144 0.000000 -2.776618 94.125545 -0.068628 1.882568 0.113683 
1291 25.253714 0.000000 -2.224022 97.986883 -0.041354 1.697170 0.039569 
1292 24.660144 0.000000 4.407132 103.283278 -0.073375 2.118187 -0.067193 
1293 25.253714 0.000000 4.407132 103.155345 -0.092652 2.222041 -0.064597 
1294 24.660144 0.000000 4.959728 103.245066 -0.058122 3.430607 -0.067132 
1295 25.847284 0.000000 -0.013638 110.209987 -0.021380 0.041066 -0.214624 
1296 26.440854 0.000000 -0.013638 110.347766 -0.020345 -0.082887 -0.217664 
1297 25.847284 0.000000 0.538958 110.198479 -0.021424 0.044247 -0.214371 
1298 25.847284 0.000000 -2.224022 95.165249 -0.025834 1.922250 0.093988 
1299 25.847284 0.000000 -2.776618 96.022031 -0.028698 1.870438 0.077627 
1300 26.440854 0.000000 -2.224022 95.629451 -0.060329 1.938679 0.085125 
1301 28.815135 0.000000 6.064920 102.980629 -0.120247 4.349282 -0.062394 
1302 30.002275 0.000000 6.064920 102.759928 -0.031374 4.192921 -0.057718 
1303 28.815135 0.000000 7.170112 102.732209 -0.017637 5.212543 -0.058108 
1304 25.847284 0.000000 4.407132 103.136555 -0.068396 2.211934 -0.064205 
1305 26.440854 0.000000 4.407132 103.299158 -0.043360 2.281133 -0.067592 
1306 25.847284 0.000000 4.959728 103.167663 -0.043993 3.350317 -0.065479 
1307 31.782986 0.000000 -0.013638 105.041990 -0.050695 0.207944 -0.103387 
1308 31.189416 0.000000 -0.013638 105.717854 -0.039820 0.240975 -0.117632 
1309 31.782986 0.000000 0.538958 105.030683 -0.050599 0.208098 -0.103149 
1310 30.595846 0.000000 -0.013638 105.205925 -0.025304 -0.237116 -0.106834 
1311 30.002275 0.000000 -0.013638 105.195931 -0.023640 -0.318356 -0.106629 
1312 30.595846 0.000000 0.538958 105.193750 -0.025325 -0.235957 -0.106578 
1313 30.595846 0.000000 1.091555 105.254200 -0.028594 -0.375010 -0.107859 
1314 30.002275 0.000000 1.091555 103.351812 -0.016436 -0.451040 -0.068180 
1315 31.189416 0.000000 1.091555 105.766062 -0.039919 0.241104 -0.118652 
1316 31.782986 0.000000 1.091555 105.982053 -0.040363 0.241684 -0.123226 
1317 31.782986 0.000000 -2.224022 100.703983 0.009692 0.470509 -0.014151 
1318 31.189416 0.000000 -2.224022 96.738201 -0.074051 0.322246 0.064161 
1319 31.782986 0.000000 -2.776618 100.788774 0.007367 1.571293 -0.016085 
1320 30.595846 0.000000 -2.224022 97.503534 -0.065864 0.882775 0.049228 
1321 30.002275 0.000000 -2.224022 100.753921 -0.064967 1.787873 -0.015455 
1322 30.595846 0.000000 -2.776618 97.031983 -0.068900 1.953715 0.058097 
1323 51.370803 0.000000 16.011651 100.159351 -0.138834 6.197462 -0.007032 
1324 56.119364 0.000000 16.011651 99.817530 0.143137 6.304363 -0.000330 
1325 51.370803 0.000000 20.432420 100.022914 0.179337 6.906895 -0.005232 
1326 39.499399 0.000000 9.380497 101.067566 -0.047162 4.607349 -0.023588 
1327 41.873679 0.000000 9.380497 100.535782 -0.178936 4.449298 -0.012727 
1328 39.499399 0.000000 11.590882 100.918204 -0.345511 5.195811 -0.021160 
1329 38.905828 0.000000 -2.224022 105.389052 0.044375 4.537391 -0.112744 
1330 38.905828 0.000000 -2.776618 104.064268 0.038114 4.727718 -0.085172 
1331 39.499399 0.000000 -2.224022 114.742784 0.008074 9.140089 -0.324945 
1332 41.280109 0.000000 2.196747 93.369818 0.019793 -0.146414 0.128206 
1333 41.873679 0.000000 2.196747 95.853505 -0.000266 -0.322924 0.081200 
1334 41.280109 0.000000 2.749343 95.553603 0.085917 0.453895 0.086930 
1335 40.092969 0.000000 -2.224022 114.141555 0.008216 8.420060 -0.309919 
1336 40.092969 0.000000 -2.776618 113.524558 0.008361 7.681147 -0.294683 
1337 40.686539 0.000000 -2.224022 110.736484 0.085151 6.368172 -0.230313 
1338 43.654390 0.000000 1.091555 99.393709 0.057620 -25.502364 -0.052948 
1339 44.247960 0.000000 1.091555 99.573314 0.049746 -28.992416 -0.075541 
1340 43.654390 0.000000 1.644151 98.550761 0.063714 -3.482494 0.027562 
1341 42.467250 0.000000 2.196747 97.829849 0.111302 -1.191435 0.042789 
1342 43.060820 0.000000 2.196747 98.484007 0.097483 -1.463588 0.029875 
1343 42.467250 0.000000 2.749343 98.242409 0.103081 0.176522 0.034839 
1344 44.841530 0.000000 1.091555 97.192371 0.074797 -35.430536 -0.070169 
1345 45.435101 0.000000 1.091555 92.906143 -0.015420 -3.752135 0.135437 
1346 44.841530 0.000000 1.644151 95.262641 0.012347 -2.347975 0.091952 
1347 0.323766 0.000000 3.854535 98.269297 -0.037218 9.984544 0.024345 
1348 -0.863375 0.000000 3.854535 98.365354 -0.020928 9.492747 0.023414 
1349 0.323766 0.000000 4.959728 98.678871 -0.034695 9.732200 0.016776 
1350 12.195170 0.000000 6.064920 99.927042 -0.027598 9.774201 -0.008095 
1351 11.008029 0.000000 6.064920 99.706920 0.003876 9.613250 -0.003388 
1352 12.195170 0.000000 7.170112 100.042959 0.029247 9.613569 -0.010102 
1353 9.820889 0.000000 6.064920 99.693673 -0.038992 9.355461 -0.002635 
1354 8.633748 0.000000 6.064920 99.776617 -0.071419 9.261171 -0.004115 
1355 9.820889 0.000000 7.170112 99.753176 -0.046836 9.336976 -0.003788 
1356 31.189416 0.000000 6.064920 102.631030 -0.093344 4.139433 -0.055027 
1357 32.376556 0.000000 6.064920 102.571408 -0.112001 3.939037 -0.053642 
1358 31.189416 0.000000 7.170112 102.513459 -0.092164 4.776444 -0.053183 
1359 29.408705 0.000000 -0.013638 103.678142 -0.015718 -0.545796 -0.074946 
1360 28.815135 0.000000 -0.013638 105.087887 -0.012335 -0.859028 -0.104420 
1361 29.408705 0.000000 0.538958 103.682543 -0.015714 -0.548855 -0.075037 
1362 29.408705 0.000000 1.091555 103.668131 -0.015742 -0.542750 -0.074738 
1363 28.815135 0.000000 1.091555 105.077052 -0.012341 -0.850255 -0.104191 
1364 29.408705 0.000000 -2.224022 94.796138 -0.082289 1.047769 0.101259 
1365 28.815135 0.000000 -2.224022 103.617822 -0.058035 0.574759 -0.073699 
1366 29.408705 0.000000 -2.776618 95.994794 -0.132376 1.775157 0.078183 
1367 44.247960 0.000000 9.380497 100.511447 -0.020728 4.461552 -0.012246 
1368 46.622241 0.000000 9.380497 99.796188 -0.027608 4.528800 0.002021 
1369 44.247960 0.000000 11.590882 100.140532 -0.250370 5.227441 -0.005551 
1370 33.563697 0.000000 6.064920 102.528265 -0.044724 3.738047 -0.052602 
1371 34.750837 0.000000 6.064920 102.411960 0.147079 3.487835 -0.050040 
1372 33.563697 0.000000 7.170112 102.405442 -0.134135 4.254502 -0.050499 
1373 41.280109 0.000000 -2.224022 113.784958 0.003621 10.892129 -0.306566 
1374 41.280109 0.000000 -2.776618 112.786923 0.003481 9.722434 -0.281542 
1375 41.873679 0.000000 -2.224022 114.756196 0.003758 12.030418 -0.331372 
1376 48.996522 0.000000 9.380497 99.407058 0.016960 4.753164 0.009564 
1377 51.370803 0.000000 9.380497 99.383624 -0.013043 4.770952 0.010013 
1378 48.996522 0.000000 11.590882 99.936108 -0.124723 5.273396 -0.001505 
1379 43.654390 0.000000 2.196747 98.046203 0.070917 -1.440445 0.038486 
1380 44.247960 0.000000 2.196747 97.175418 0.062808 -1.202040 0.055549 
1381 43.654390 0.000000 2.749343 98.283831 0.189330 -0.136553 0.034023 
1382 42.467250 0.000000 -2.224022 108.685039 0.062631 9.575395 -0.190413 
1383 42.467250 0.000000 -2.776618 107.055573 -0.024758 10.006030 -0.156102 
1384 43.060820 0.000000 -2.224022 109.763147 0.013601 12.968329 -0.221613 
1385 44.841530 0.000000 2.196747 96.419544 0.009238 -0.571519 0.070294 
1386 45.435101 0.000000 2.196747 95.858671 -0.027427 0.375010 0.081097 
1387 44.841530 0.000000 2.749343 97.180756 0.013069 0.540676 0.055561 
1 11 62 60 61 
2 62 10 24 60 
3 60 24 14 63 
4 61 60 63 6 
5 24 66 64 65 
6 66 23 40 64 
7 64 40 27 67 
8 65 64 67 14 
9 40 70 68 69 
10 69 68 71 27 
11 6 63 92 93 
12 63 14 36 92 
13 92 36 19 94 
14 93 92 94 20 
15 14 67 95 96 
16 67 27 52 95 
17 95 52 35 97 
18 96 95 97 36 
19 27 71 98 99 
20 99 98 100 52 
21 68 112 110 111 
22 112 56 80 110 
23 110 80 43 113 
24 111 110 113 71 
25 80 116 114 115 
26 115 114 117 43 
27 71 113 133 134 
28 113 43 102 133 
29 133 102 76 135 
30 134 133 135 98 
31 43 117 136 137 
32 137 136 138 102 
33 114 141 139 140 
34 141 106 129 139 
35 139 129 83 142 
36 140 139 142 117 
37 12 145 143 144 
38 145 7 146 143 
39 143 146 13 25 
40 144 143 25 10 
41 25 149 147 148 
42 149 13 150 147 
43 147 150 26 41 
44 148 147 41 23 
45 41 153 151 152 
46 153 26 154 151 
47 151 154 42 57 
48 152 151 57 39 
49 39 157 155 156 
50 157 57 158 155 
51 155 158 55 81 
52 156 155 81 56 
53 81 161 159 160 
54 161 55 162 159 
55 159 162 82 107 
56 160 159 107 79 
57 79 165 163 164 
58 165 107 166 163 
59 106 169 167 168 
60 168 167 171 129 
61 56 174 172 173 
62 174 81 160 172 
63 172 160 79 116 
64 173 172 116 80 
65 116 177 175 176 
66 177 79 164 175 
67 175 164 106 141 
68 176 175 141 114 
69 164 180 178 179 
70 180 163 181 178 
71 178 181 130 169 
72 179 178 169 106 
73 169 196 194 195 
74 196 130 197 194 
75 194 197 170 198 
76 195 194 198 167 
77 199 201 124 202 
78 200 199 202 125 
79 129 171 203 204 
80 203 205 132 206 
81 204 203 206 83 
82 167 198 207 208 
83 198 170 209 207 
84 207 209 128 210 
85 208 207 210 171 
86 107 212 211 166 
87 212 82 213 211 
88 163 215 214 181 
89 215 166 216 214 
90 214 216 105 191 
91 181 214 191 130 
92 191 223 221 222 
93 223 105 224 221 
94 221 224 192 225 
95 222 221 225 190 
96 226 227 109 228 
97 205 226 228 132 
98 232 233 126 234 
99 201 232 234 124 
100 235 236 189 237 
101 227 235 237 109 
102 193 240 238 239 
103 240 131 241 238 
104 238 241 227 242 
105 239 238 242 226 
106 166 244 243 216 
107 244 211 245 243 
108 243 245 187 218 
109 216 243 218 105 
110 251 108 252 250 
111 250 252 188 253 
112 218 256 254 255 
113 256 187 257 254 
114 254 257 219 258 
115 255 254 258 217 
116 131 260 259 241 
117 260 220 261 259 
118 259 261 235 262 
119 241 259 262 227 
120 253 188 264 263 
121 263 264 59 265 
122 236 263 265 189 
123 220 267 266 261 
124 267 186 268 266 
125 266 268 236 269 
126 261 266 269 235 
127 57 271 270 158 
128 271 42 272 270 
129 270 272 58 89 
130 158 270 89 55 
131 55 274 273 162 
132 274 89 275 273 
133 273 275 88 183 
134 162 273 183 82 
135 82 277 276 213 
136 277 183 278 276 
137 211 280 279 245 
138 280 213 281 279 
139 279 281 108 251 
140 245 279 251 187 
141 187 283 282 257 
142 283 251 284 282 
143 282 284 250 285 
144 257 282 285 219 
145 108 287 286 252 
146 286 288 246 289 
147 252 286 289 188 
148 213 291 290 281 
149 291 276 292 290 
150 281 290 287 108 
151 306 182 307 305 
152 305 307 248 308 
153 288 305 308 246 
154 287 311 309 310 
155 309 312 288 313 
156 310 309 313 286 
157 183 315 314 278 
158 315 88 316 314 
159 276 318 317 292 
160 318 278 319 317 
161 317 319 182 306 
162 290 322 320 321 
163 322 292 323 320 
164 320 323 247 311 
165 321 320 311 287 
166 247 325 324 312 
167 325 306 326 324 
168 324 326 305 327 
169 312 324 327 288 
170 311 330 328 329 
171 330 247 331 328 
172 328 331 312 332 
173 329 328 332 309 
174 188 289 336 264 
175 289 246 337 336 
176 339 341 333 342 
177 340 339 342 233 
178 264 345 343 344 
179 345 336 346 343 
180 344 343 347 59 
181 246 308 348 337 
182 308 248 349 348 
183 348 349 185 350 
184 337 348 350 249 
185 336 352 351 346 
186 352 337 353 351 
187 351 353 249 354 
188 346 351 354 338 
189 189 265 355 356 
190 265 59 340 355 
191 355 340 233 357 
192 356 355 357 232 
193 59 347 358 359 
194 347 338 360 358 
195 358 360 339 361 
196 359 358 361 340 
197 343 364 362 363 
198 364 346 365 362 
199 362 365 338 366 
200 363 362 366 347 
201 249 350 376 341 
202 350 185 377 376 
203 376 377 334 378 
204 341 376 378 333 
205 182 380 379 307 
206 379 381 301 382 
207 307 379 382 248 
208 278 384 383 319 
209 384 314 385 383 
210 383 385 302 380 
211 319 383 380 182 
212 302 391 390 381 
213 391 184 392 390 
214 390 392 303 393 
215 381 390 393 301 
216 380 396 394 395 
217 396 302 397 394 
218 394 397 381 398 
219 395 394 398 379 
220 185 400 399 377 
221 400 304 401 399 
222 399 401 373 402 
223 377 399 402 334 
224 304 407 406 401 
225 407 91 408 406 
226 406 408 374 409 
227 401 406 409 373 
228 89 411 410 275 
229 411 58 412 410 
230 410 412 90 298 
231 275 410 298 88 
232 88 414 413 316 
233 414 298 415 413 
234 184 417 416 392 
235 392 416 419 303 
236 91 421 420 408 
237 421 389 422 420 
238 420 422 403 423 
239 408 420 423 374 
240 298 437 436 415 
241 437 90 438 436 
242 413 441 439 440 
243 441 415 442 439 
244 316 450 448 449 
245 450 413 440 448 
246 449 448 417 184 
247 440 453 451 452 
248 453 439 454 451 
249 451 454 433 445 
250 452 451 445 387 
251 460 297 461 459 
252 459 461 434 462 
253 445 465 463 464 
254 465 433 466 463 
255 463 466 446 467 
256 417 470 468 469 
257 470 387 444 468 
258 468 444 418 471 
259 469 468 471 416 
260 387 474 472 473 
261 474 445 464 472 
262 473 472 475 444 
263 386 435 476 477 
264 435 388 478 476 
265 476 478 300 479 
266 477 476 479 389 
267 418 447 480 481 
268 447 432 482 480 
269 480 482 435 483 
270 481 480 483 386 
271 467 446 486 484 
272 484 486 432 487 
273 485 484 487 447 
274 464 490 488 489 
275 490 463 491 488 
276 488 491 467 492 
277 444 475 493 494 
278 493 485 447 495 
279 494 493 495 418 
280 472 498 496 497 
281 498 464 489 496 
282 496 489 443 499 
283 497 496 499 475 
284 443 492 500 501 
285 492 467 502 500 
286 500 502 484 503 
287 501 500 503 485 
288 489 506 504 505 
289 506 488 507 504 
290 504 507 492 508 
291 505 504 508 443 
292 415 519 518 442 
293 519 436 520 518 
294 439 522 521 454 
295 522 442 523 521 
296 521 523 297 460 
297 454 521 460 433 
298 433 525 524 466 
299 525 460 526 524 
300 524 526 459 527 
301 466 524 527 446 
302 479 534 532 533 
303 534 300 535 532 
304 532 535 516 536 
305 389 539 537 538 
306 539 479 533 537 
307 537 533 515 540 
308 538 537 540 422 
309 19 38 541 542 
310 38 21 543 541 
311 541 543 9 544 
312 542 541 544 22 
313 35 54 545 546 
314 54 37 547 545 
315 545 547 21 548 
316 546 545 548 38 
317 51 78 549 550 
318 78 53 551 549 
319 549 551 37 552 
320 550 549 552 54 
321 75 123 553 554 
322 123 77 555 553 
323 553 555 53 556 
324 554 553 556 78 
325 121 372 557 558 
326 372 122 559 557 
327 557 559 77 560 
328 558 557 560 123 
329 230 405 561 562 
330 405 370 563 561 
331 561 563 372 564 
332 562 561 564 121 
333 403 517 565 566 
334 517 404 567 565 
335 565 567 370 568 
336 566 565 568 405 
337 515 536 569 570 
338 536 516 571 569 
339 569 571 404 572 
340 570 569 572 517 
341 533 575 573 574 
342 575 532 576 573 
343 573 576 536 577 
344 574 573 577 515 
345 297 579 578 461 
346 579 456 580 578 
347 578 580 455 581 
348 461 578 581 434 
349 388 458 582 478 
350 458 428 583 582 
351 582 583 431 529 
352 478 582 529 300 
353 300 585 584 535 
354 585 529 586 584 
355 584 586 528 587 
356 535 584 587 516 
357 593 299 594 592 
358 592 594 430 595 
359 7 597 596 146 
360 597 16 598 596 
361 596 598 15 32 
362 146 596 32 13 
363 13 600 599 150 
364 600 32 601 599 
365 599 601 31 48 
366 150 599 48 26 
367 26 603 602 154 
368 603 48 604 602 
369 602 604 47 85 
370 154 602 85 42 
371 42 606 605 272 
372 606 85 607 605 
373 605 607 84 294 
374 272 605 294 58 
375 58 609 608 412 
376 609 294 610 608 
377 608 610 293 425 
378 412 608 425 90 
379 90 612 611 438 
380 612 425 613 611 
381 436 615 614 520 
382 615 438 616 614 
383 614 616 299 593 
384 429 619 617 618 
385 619 593 620 617 
386 617 620 592 621 
387 618 617 621 457 
388 626 5 627 625 
389 625 627 513 628 
390 428 595 629 583 
391 595 430 630 629 
392 629 630 5 626 
393 583 629 626 431 
394 431 633 631 632 
395 633 626 634 631 
396 631 634 625 635 
397 632 631 635 530 
398 299 637 636 594 
399 594 636 639 430 
400 430 639 640 630 
401 630 640 642 5 
402 438 644 643 616 
403 644 611 645 643 
404 616 643 637 299 
405 15 647 646 33 
406 647 17 648 646 
407 646 648 8 649 
408 33 646 649 18 
409 31 651 650 49 
410 651 33 652 650 
411 650 652 18 653 
412 49 650 653 34 
413 47 655 654 86 
414 655 49 656 654 
415 654 656 34 657 
416 86 654 657 50 
417 659 86 660 658 
418 658 660 50 661 
419 637 676 674 675 
420 676 589 677 674 
421 674 677 638 678 
422 675 674 678 636 
423 5 642 682 627 
424 642 591 683 682 
425 682 683 622 684 
426 627 682 684 513 
427 640 687 685 686 
428 687 641 688 685 
429 685 688 591 689 
430 686 685 689 642 
431 425 691 690 613 
432 691 293 692 690 
433 611 694 693 645 
434 694 613 695 693 
435 671 702 700 701 
436 702 424 703 700 
437 700 703 672 704 
438 701 700 704 670 
439 18 649 705 45 
440 649 8 706 705 
441 705 706 29 707 
442 45 705 707 28 
443 34 653 708 73 
444 653 18 709 708 
445 708 709 45 710 
446 73 708 710 44 
447 50 657 711 119 
448 657 34 712 711 
449 711 712 73 713 
450 119 711 713 72 
451 661 50 715 714 
452 714 715 119 716 
453 720 721 510 722 
454 591 681 726 683 
455 681 427 727 726 
456 726 727 623 728 
457 683 726 728 622 
458 679 731 729 730 
459 731 680 732 729 
460 729 732 427 733 
461 730 729 733 681 
462 613 735 734 695 
463 735 690 736 734 
464 424 738 737 703 
465 738 697 739 737 
466 737 739 696 740 
467 703 737 740 672 
468 427 725 741 727 
469 725 669 742 741 
470 741 742 720 743 
471 727 741 743 623 
472 680 745 744 732 
473 745 723 746 744 
474 744 746 725 747 
475 732 744 747 427 
476 757 667 758 756 
477 756 758 698 759 
478 739 756 759 696 
479 294 761 760 610 
480 761 84 762 760 
481 760 762 295 663 
482 610 760 663 293 
483 293 764 763 692 
484 764 663 765 763 
485 690 767 766 736 
486 767 692 768 766 
487 734 771 769 770 
488 771 736 772 769 
489 769 772 667 757 
490 770 769 757 697 
491 697 775 773 774 
492 775 757 776 773 
493 773 776 756 777 
494 774 773 777 739 
495 782 724 783 781 
496 781 783 669 784 
497 746 781 784 725 
498 699 787 785 786 
499 787 666 788 785 
500 785 788 724 782 
501 786 785 782 723 
502 723 791 789 790 
503 791 782 792 789 
504 789 792 781 793 
505 790 789 793 746 
506 667 795 794 758 
507 758 794 797 698 
508 798 799 717 800 
509 721 798 800 510 
510 669 780 801 742 
511 780 296 802 801 
512 801 802 721 803 
513 742 801 803 720 
514 724 805 804 783 
515 804 806 780 807 
516 783 804 807 669 
517 736 809 808 772 
518 809 766 810 808 
519 808 810 753 795 
520 772 808 795 667 
521 795 821 819 820 
522 821 753 822 819 
523 819 822 796 823 
524 820 819 823 794 
525 666 825 824 788 
526 825 755 826 824 
527 788 824 805 724 
528 830 832 296 833 
529 806 830 833 780 
530 805 836 834 835 
531 836 778 837 834 
532 834 837 806 838 
533 835 834 838 804 
534 692 840 839 768 
535 840 763 841 839 
536 843 812 844 842 
537 842 844 811 845 
538 752 818 846 847 
539 818 754 848 846 
540 846 848 668 849 
541 847 846 849 755 
542 852 817 853 850 
543 850 853 754 854 
544 851 850 854 818 
545 796 857 855 856 
546 857 815 851 855 
547 855 851 818 858 
548 856 855 858 752 
549 766 860 859 810 
550 860 768 861 859 
551 859 861 426 816 
552 810 859 816 753 
553 816 864 862 863 
554 864 426 865 862 
555 862 865 817 852 
556 863 862 852 815 
557 815 868 866 867 
558 868 852 869 866 
559 866 869 850 870 
560 867 866 870 851 
561 755 849 871 826 
562 849 668 872 871 
563 668 874 873 872 
564 874 814 875 873 
565 873 875 827 876 
566 871 879 877 878 
567 879 872 880 877 
568 877 880 779 881 
569 826 884 882 883 
570 884 871 878 882 
571 882 878 831 885 
572 883 882 885 778 
573 296 829 886 802 
574 829 751 887 886 
575 886 887 798 888 
576 802 886 888 721 
577 876 827 890 889 
578 889 890 829 891 
579 832 889 891 296 
580 831 881 892 893 
581 881 779 894 892 
582 892 894 832 895 
583 893 892 895 830 
584 878 898 896 897 
585 898 877 899 896 
586 896 899 881 900 
587 897 896 900 831 
588 754 845 901 848 
589 845 811 902 901 
590 901 902 814 874 
591 848 901 874 668 
592 817 904 903 853 
593 904 842 905 903 
594 903 905 845 906 
595 853 903 906 754 
596 872 908 907 880 
597 908 873 909 907 
598 907 909 876 910 
599 880 907 910 779 
600 912 658 913 911 
601 911 913 661 914 
602 812 924 923 844 
603 924 749 925 923 
604 844 923 926 811 
605 814 931 930 875 
606 931 748 932 930 
607 875 930 933 827 
608 663 935 934 765 
609 935 295 936 934 
610 763 938 937 841 
611 938 765 939 937 
612 749 941 940 925 
613 941 920 942 940 
614 940 942 919 943 
615 925 940 943 813 
616 811 926 944 902 
617 926 813 945 944 
618 944 945 748 931 
619 902 944 931 814 
620 923 948 946 947 
621 948 925 949 946 
622 946 949 813 950 
623 947 946 950 926 
624 748 952 951 932 
625 952 922 953 951 
626 951 953 927 954 
627 932 951 954 828 
628 827 933 955 890 
629 933 828 956 955 
630 955 956 751 957 
631 890 955 957 829 
632 930 960 958 959 
633 960 932 961 958 
634 958 961 828 962 
635 959 958 962 933 
636 914 661 964 963 
637 963 964 714 965 
638 966 967 718 968 
639 799 966 968 717 
640 922 974 973 953 
641 974 750 975 973 
642 973 975 928 976 
643 953 973 976 927 
644 765 981 980 939 
645 981 934 982 980 
646 980 982 916 978 
647 662 985 983 984 
648 985 978 986 983 
649 983 986 977 987 
650 984 983 987 921 
651 750 989 988 975 
652 989 970 990 988 
653 988 990 969 991 
654 975 988 991 928 
655 664 993 992 917 
656 993 911 994 992 
657 992 994 914 995 
658 917 992 995 87 
659 997 664 998 996 
660 996 998 917 999 
661 978 1001 1000 986 
662 1001 916 1002 1000 
663 1000 1002 979 1003 
664 986 1000 1003 977 
665 999 917 1005 1004 
666 1004 1005 87 1006 
667 979 1009 1007 1008 
668 1009 996 1010 1007 
669 1007 1010 999 1011 
670 1008 1007 1011 915 
671 1 1014 1012 1013 
672 1014 12 144 1012 
673 1012 144 10 62 
674 1013 1012 62 11 
675 16 1016 1015 598 
676 1016 2 1017 1015 
677 1015 1017 17 647 
678 598 1015 647 15 
679 20 94 1018 1019 
680 94 19 542 1018 
681 1018 542 22 1020 
682 1019 1018 1020 4 
683 10 1023 1021 1022 
684 1023 25 148 1021 
685 1021 148 23 66 
686 1022 1021 66 24 
687 21 46 1024 543 
688 46 28 1025 1024 
689 1024 1025 30 1026 
690 543 1024 1026 9 
691 32 1028 1027 601 
692 1028 15 1029 1027 
693 1027 1029 33 651 
694 601 1027 651 31 
695 36 97 1030 1031 
696 97 35 546 1030 
697 1030 546 38 1032 
698 1031 1030 1032 19 
699 23 1035 1033 1034 
700 1035 41 152 1033 
701 1033 152 39 70 
702 1034 1033 70 40 
703 37 74 1036 547 
704 74 44 1037 1036 
705 1036 1037 46 1038 
706 547 1036 1038 21 
707 48 1040 1039 604 
708 1040 31 1041 1039 
709 1039 1041 49 655 
710 604 1039 655 47 
711 52 100 1042 1043 
712 100 51 550 1042 
713 1042 550 54 1044 
714 1043 1042 1044 35 
715 70 1047 1045 1046 
716 1047 39 156 1045 
717 1045 156 56 112 
718 1046 1045 112 68 
719 53 120 1048 551 
720 120 72 1049 1048 
721 1048 1049 74 1050 
722 551 1048 1050 37 
723 76 104 1051 1052 
724 104 75 554 1051 
725 1051 554 78 1053 
726 1052 1051 1053 51 
727 85 1055 1054 607 
728 1055 47 1056 1054 
729 1054 1056 86 659 
730 607 1054 659 84 
731 98 135 1057 1058 
732 135 76 1052 1057 
733 1057 1052 51 1059 
734 1058 1057 1059 100 
735 77 369 1060 555 
736 369 118 1061 1060 
737 1060 1061 120 1062 
738 555 1060 1062 53 
739 103 231 1063 1064 
740 231 121 558 1063 
741 1063 558 123 1065 
742 1064 1063 1065 75 
743 117 142 1066 1067 
744 142 83 200 1066 
745 1066 200 125 1068 
746 1067 1066 1068 136 
747 130 1070 1069 197 
748 1070 191 222 1069 
749 1069 222 190 1071 
750 197 1069 1071 170 
751 190 225 1072 1073 
752 225 192 1074 1072 
753 1072 1074 131 240 
754 1073 1072 240 193 
755 170 1071 1075 209 
756 1071 190 1073 1075 
757 1075 1073 193 1076 
758 209 1075 1076 128 
759 105 1078 1077 224 
760 1078 218 255 1077 
761 1077 255 217 1079 
762 224 1077 1079 192 
763 217 258 1080 1081 
764 258 219 1082 1080 
765 1080 1082 186 267 
766 1081 1080 267 220 
767 192 1079 1083 1074 
768 1079 217 1081 1083 
769 1083 1081 220 260 
770 1074 1083 260 131 
771 128 1076 1084 1085 
772 1076 193 239 1084 
773 1084 239 226 1086 
774 1085 1084 1086 205 
775 229 375 1087 1088 
776 375 230 562 1087 
777 1087 562 121 1089 
778 1088 1087 1089 231 
779 126 335 1090 1091 
780 335 229 1088 1090 
781 1090 1088 231 1092 
782 1091 1090 1092 103 
783 109 237 1093 1094 
784 237 189 356 1093 
785 1093 356 232 1095 
786 1094 1093 1095 201 
787 219 285 1096 1082 
788 285 250 1097 1096 
789 1096 1097 253 1098 
790 1082 1096 1098 186 
791 186 1098 1099 268 
792 1098 253 1100 1099 
793 1099 1100 263 1101 
794 268 1099 1101 236 
795 301 393 1102 1103 
796 393 303 1104 1102 
797 1102 1104 91 407 
798 1103 1102 407 304 
799 248 382 1105 349 
800 382 301 1103 1105 
801 1105 1103 304 400 
802 349 1105 400 185 
803 314 1107 1106 385 
804 1107 316 449 1106 
805 1106 449 184 391 
806 385 1106 391 302 
807 292 1109 1108 323 
808 1109 317 1110 1108 
809 1108 1110 306 325 
810 323 1108 325 247 
811 338 354 1111 360 
812 354 249 1112 1111 
813 1111 1112 341 1113 
814 360 1111 1113 339 
815 122 511 1114 559 
816 511 367 1115 1114 
817 1114 1115 369 1116 
818 559 1114 1116 77 
819 370 514 1117 563 
820 514 371 1118 1117 
821 1117 1118 122 1119 
822 563 1117 1119 372 
823 303 419 1120 1104 
824 419 386 477 1120 
825 1120 477 389 421 
826 1104 1120 421 91 
827 374 423 1121 1122 
828 423 403 566 1121 
829 1121 566 405 1123 
830 1122 1121 1123 230 
831 416 471 1124 1125 
832 471 418 481 1124 
833 1124 481 386 1126 
834 1125 1124 1126 419 
835 432 462 1127 482 
836 462 434 1128 1127 
837 1127 1128 388 1129 
838 482 1127 1129 435 
839 448 1132 1130 1131 
840 1132 440 452 1130 
841 1130 452 387 470 
842 1131 1130 470 417 
843 456 1134 1133 580 
844 1134 429 618 1133 
845 1133 618 457 1135 
846 580 1133 1135 455 
847 434 581 1136 1128 
848 581 455 1137 1136 
849 1136 1137 458 1138 
850 1128 1136 1138 388 
851 446 527 1139 486 
852 527 459 1140 1139 
853 1139 1140 462 1141 
854 486 1139 1141 432 
855 475 499 1142 1143 
856 499 443 501 1142 
857 1142 501 485 1144 
858 1143 1142 1144 493 
859 371 624 1145 1118 
860 624 509 1146 1145 
861 1145 1146 511 1147 
862 1118 1145 1147 122 
863 404 531 1148 567 
864 531 512 1149 1148 
865 1148 1149 514 1150 
866 567 1148 1150 370 
867 422 540 1151 1152 
868 540 515 570 1151 
869 1151 570 517 1153 
870 1152 1151 1153 403 
871 442 1155 1154 523 
872 1155 518 1156 1154 
873 1154 1156 456 579 
874 523 1154 579 297 
875 529 1158 1157 586 
876 1158 431 632 1157 
877 1157 632 530 1159 
878 586 1157 1159 528 
879 516 587 1160 571 
880 587 528 1161 1160 
881 1160 1161 531 1162 
882 571 1160 1162 404 
883 84 1164 1163 762 
884 1164 659 1165 1163 
885 1163 1165 658 912 
886 762 1163 912 295 
887 589 1167 1166 677 
888 1167 671 701 1166 
889 1166 701 670 1168 
890 677 1166 1168 638 
891 641 1170 1169 688 
892 1170 679 730 1169 
893 1169 730 681 1171 
894 688 1169 1171 591 
895 696 759 1172 1173 
896 759 698 1174 1172 
897 1172 1174 666 787 
898 1173 1172 787 699 
899 672 740 1175 1176 
900 740 696 1173 1175 
901 1175 1173 699 1177 
902 1176 1175 1177 590 
903 590 1177 1178 1179 
904 1177 699 786 1178 
905 1178 786 723 745 
906 1179 1178 745 680 
907 695 1182 1180 1181 
908 1182 734 770 1180 
909 1180 770 697 738 
910 1181 1180 738 424 
911 698 797 1183 1174 
912 797 752 847 1183 
913 1183 847 755 825 
914 1174 1183 825 666 
915 794 823 1184 1185 
916 823 796 856 1184 
917 1184 856 752 1186 
918 1185 1184 1186 797 
919 751 929 1187 887 
920 929 665 1188 1187 
921 1187 1188 799 1189 
922 887 1187 1189 798 
923 753 1191 1190 822 
924 1191 816 863 1190 
925 1190 863 815 857 
926 822 1190 857 796 
927 824 1194 1192 1193 
928 1194 826 883 1192 
929 1192 883 778 836 
930 1193 1192 836 805 
931 778 885 1195 837 
932 885 831 893 1195 
933 1195 893 830 1196 
934 837 1195 1196 806 
935 768 1198 1197 861 
936 1198 839 1199 1197 
937 1197 1199 812 843 
938 861 1197 843 426 
939 426 1201 1200 865 
940 1201 843 1202 1200 
941 1200 1202 842 904 
942 865 1200 904 817 
943 779 910 1203 894 
944 910 876 1204 1203 
945 1203 1204 889 1205 
946 894 1203 1205 832 
947 295 1207 1206 936 
948 1207 912 1208 1206 
949 1206 1208 911 993 
950 936 1206 993 664 
951 920 1210 1209 942 
952 1210 662 984 1209 
953 1209 984 921 1211 
954 942 1209 1211 919 
955 919 1211 1212 1213 
956 1211 921 1214 1212 
957 1212 1214 750 974 
958 1213 1212 974 922 
959 813 943 1215 945 
960 943 919 1213 1215 
961 1215 1213 922 952 
962 945 1215 952 748 
963 828 954 1216 956 
964 954 927 1217 1216 
965 1216 1217 929 1218 
966 956 1216 1218 751 
967 934 1220 1219 982 
968 1220 936 1221 1219 
969 1219 1221 664 997 
970 982 1219 997 916 
971 87 995 1222 967 
972 995 914 1223 1222 
973 1222 1223 963 1224 
974 967 1222 1224 718 
975 665 972 1225 1188 
976 972 918 1226 1225 
977 1225 1226 966 1227 
978 1188 1225 1227 799 
979 918 1006 1228 1226 
980 1006 87 1229 1228 
981 1228 1229 967 1230 
982 1226 1228 1230 966 
983 977 1003 1231 1232 
984 1003 979 1008 1231 
985 1231 1008 915 1233 
986 1232 1231 1233 970 
987 921 987 1234 1214 
988 987 977 1232 1234 
989 1234 1232 970 989 
990 1214 1234 989 750 
991 916 1236 1235 1002 
992 1236 997 1237 1235 
993 1235 1237 996 1009 
994 1002 1235 1009 979 
995 28 707 1238 1025 
996 707 29 1239 1238 
997 1238 1239 3 1240 
998 1025 1238 1240 30 
999 44 710 1241 1037 
1000 710 45 1242 1241 
1001 1241 1242 28 1243 
1002 1037 1241 1243 46 
1003 72 713 1244 1049 
1004 713 73 1245 1244 
1005 1244 1245 44 1246 
1006 1049 1244 1246 74 
1007 101 127 1247 1248 
1008 127 103 1064 1247 
1009 1247 1064 75 1249 
1010 1248 1247 1249 104 
1011 102 138 1250 1251 
1012 138 101 1248 1250 
1013 1250 1248 104 1252 
1014 1251 1250 1252 76 
1015 118 716 1253 1061 
1016 716 119 1254 1253 
1017 1253 1254 72 1255 
1018 1061 1253 1255 120 
1019 124 234 1256 1257 
1020 234 126 1091 1256 
1021 1256 1091 103 1258 
1022 1257 1256 1258 127 
1023 125 202 1259 1260 
1024 202 124 1257 1259 
1025 1259 1257 127 1261 
1026 1260 1259 1261 101 
1027 136 1068 1262 1263 
1028 1068 125 1260 1262 
1029 1262 1260 101 1264 
1030 1263 1262 1264 138 
1031 132 228 1265 1266 
1032 228 109 1094 1265 
1033 1265 1094 201 1267 
1034 1266 1265 1267 199 
1035 171 210 1268 1269 
1036 210 128 1085 1268 
1037 1268 1085 205 1270 
1038 1269 1268 1270 203 
1039 367 719 1271 1115 
1040 719 368 1272 1271 
1041 1271 1272 118 1273 
1042 1115 1271 1273 369 
1043 373 409 1274 1275 
1044 409 374 1122 1274 
1045 1274 1122 230 1276 
1046 1275 1274 1276 375 
1047 334 402 1277 1278 
1048 402 373 1275 1277 
1049 1277 1275 375 1279 
1050 1278 1277 1279 229 
1051 455 1135 1280 1137 
1052 1135 457 1281 1280 
1053 1280 1281 428 1282 
1054 1137 1280 1282 458 
1055 509 722 1283 1146 
1056 722 510 1284 1283 
1057 1283 1284 367 1285 
1058 1146 1283 1285 511 
1059 512 628 1286 1149 
1060 628 513 1287 1286 
1061 1286 1287 371 1288 
1062 1149 1286 1288 514 
1063 518 1290 1289 1156 
1064 1290 520 1291 1289 
1065 1289 1291 429 1134 
1066 1156 1289 1134 456 
1067 528 1159 1292 1161 
1068 1159 530 1293 1292 
1069 1292 1293 512 1294 
1070 1161 1292 1294 531 
1071 457 621 1295 1281 
1072 621 592 1296 1295 
1073 1295 1296 595 1297 
1074 1281 1295 1297 428 
1075 520 1299 1298 1291 
1076 1299 614 1300 1298 
1077 1298 1300 593 619 
1078 1291 1298 619 429 
1079 513 684 1301 1287 
1080 684 622 1302 1301 
1081 1301 1302 624 1303 
1082 1287 1301 1303 371 
1083 530 635 1304 1293 
1084 635 625 1305 1304 
1085 1304 1305 628 1306 
1086 1293 1304 1306 512 
1087 670 704 1307 1308 
1088 704 672 1176 1307 
1089 1307 1176 590 1309 
1090 1308 1307 1309 673 
1091 638 1168 1310 1311 
1092 1168 670 1308 1310 
1093 1310 1308 673 1312 
1094 1311 1310 1312 588 
1095 588 1312 1313 1314 
1096 1312 673 1315 1313 
1097 1313 1315 679 1170 
1098 1314 1313 1170 641 
1099 673 1309 1316 1315 
1100 1309 590 1179 1316 
1101 1316 1179 680 731 
1102 1315 1316 731 679 
1103 693 1319 1317 1318 
1104 1319 695 1181 1317 
1105 1317 1181 424 702 
1106 1318 1317 702 671 
1107 645 1322 1320 1321 
1108 1322 693 1318 1320 
1109 1320 1318 671 1167 
1110 1321 1320 1167 589 
1111 368 965 1323 1272 
1112 965 714 1324 1323 
1113 1323 1324 716 1325 
1114 1272 1323 1325 118 
1115 510 800 1326 1284 
1116 800 717 1327 1326 
1117 1326 1327 719 1328 
1118 1284 1326 1328 367 
1119 839 1330 1329 1199 
1120 1330 841 1331 1329 
1121 1329 1331 749 924 
1122 1199 1329 924 812 
1123 927 976 1332 1217 
1124 976 928 1333 1332 
1125 1332 1333 665 1334 
1126 1217 1332 1334 929 
1127 841 1336 1335 1331 
1128 1336 937 1337 1335 
1129 1335 1337 920 941 
1130 1331 1335 941 749 
1131 970 1233 1338 990 
1132 1233 915 1339 1338 
1133 1338 1339 971 1340 
1134 990 1338 1340 969 
1135 928 991 1341 1333 
1136 991 969 1342 1341 
1137 1341 1342 972 1343 
1138 1333 1341 1343 665 
1139 915 1011 1344 1339 
1140 1011 999 1345 1344 
1141 1344 1345 1004 1346 
1142 1339 1344 1346 971 
1143 83 206 1347 1348 
1144 206 132 1266 1347 
1145 1347 1266 199 1349 
1146 1348 1347 1349 200 
1147 333 378 1350 1351 
1148 378 334 1278 1350 
1149 1350 1278 229 1352 
1150 1351 1350 1352 335 
1151 233 342 1353 1354 
1152 342 333 1351 1353 
1153 1353 1351 335 1355 
1154 1354 1353 1355 126 
1155 622 728 1356 1302 
1156 728 623 1357 1356 
1157 1356 1357 509 1358 
1158 1302 1356 1358 624 
1159 636 678 1359 1360 
1160 678 638 1311 1359 
1161 1359 1311 588 1361 
1162 1360 1359 1361 639 
1163 639 1361 1362 1363 
1164 1361 588 1314 1362 
1165 1362 1314 641 687 
1166 1363 1362 687 640 
1167 643 1366 1364 1365 
1168 1366 645 1321 1364 
1169 1364 1321 589 676 
1170 1365 1364 676 637 
1171 717 968 1367 1327 
1172 968 718 1368 1367 
1173 1367 1368 368 1369 
1174 1327 1367 1369 719 
1175 623 743 1370 1357 
1176 743 720 1371 1370 
1177 1370 1371 722 1372 
1178 1357 1370 1372 509 
1179 937 1374 1373 1337 
1180 1374 939 1375 1373 
1181 1373 1375 662 1210 
1182 1337 1373 1210 920 
1183 718 1224 1376 1368 
1184 1224 963 1377 1376 
1185 1376 1377 965 1378 
1186 1368 1376 1378 368 
1187 969 1340 1379 1342 
1188 1340 971 1380 1379 
1189 1379 1380 918 1381 
1190 1342 1379 1381 972 
1191 939 1383 1382 1375 
1192 1383 980 1384 1382 
1193 1382 1384 978 985 
1194 1375 1382 985 662 
1195 971 1346 1385 1380 
1196 1346 1004 1386 1385 
1197 1385 1386 1006 1387 
1198 1380 1385 1387 918 
