2 0.000000 100.000000 211.018442
1387 1198 
1 -276.279947 0.000000 -280.179887 99.938626 0.000082 3.490061 0.000009 
2 331.535936 0.000000 -280.179887 99.938686 0.001111 3.485395 0.000011 
3 331.535936 0.000000 285.678573 99.939630 -0.001096 3.484824 -0.000007 
4 -276.279947 0.000000 285.678573 99.939409 -0.000035 3.490145 -0.000007 
5 27.627995 0.000000 2.749343 107.384540 -0.077996 -10.076653 -0.163298 
6 -276.279947 0.000000 2.749343 99.938922 0.000037 3.490246 0.000003 
7 27.627995 0.000000 -280.179887 99.935980 0.000641 3.487897 0.000063 
8 331.535936 0.000000 2.749343 99.985510 0.001439 2.155095 -0.000175 
9 27.627995 0.000000 285.678573 99.943202 -0.000214 3.487898 -0.000081 
10 -124.325976 0.000000 -138.715272 99.937073 0.000302 3.490197 0.000040 
11 -276.279947 0.000000 -138.715272 99.938698 0.000065 3.490165 0.000008 
12 -124.325976 0.000000 -280.179887 99.937656 0.000227 3.489839 0.000029 
13 27.627995 0.000000 -138.715272 99.928662 0.002328 3.482706 0.000213 
14 -124.325976 0.000000 2.749343 99.937724 0.000328 3.491058 0.000026 
15 179.581965 0.000000 -138.715272 99.936991 0.002310 3.471648 0.000055 
16 179.581965 0.000000 -280.179887 99.937459 0.000998 3.485557 0.000036 
17 331.535936 0.000000 -138.715272 99.939194 0.002281 3.472945 0.000010 
18 179.581965 0.000000 2.749343 100.019607 0.016504 1.139905 -0.000522 
19 -124.325976 0.000000 144.213958 99.939977 0.000117 3.490888 -0.000019 
20 -276.279947 0.000000 144.213958 99.939214 -0.000000 3.490234 -0.000003 
21 27.627995 0.000000 144.213958 99.956547 0.001019 3.483009 -0.000344 
22 -124.325976 0.000000 285.678573 99.940404 -0.000049 3.490190 -0.000027 
23 -48.348991 0.000000 -67.982965 99.928738 0.002115 3.489876 0.000207 
24 -124.325976 0.000000 -67.982965 99.937067 0.000341 3.490604 0.000040 
25 -48.348991 0.000000 -138.715272 99.933623 0.000978 3.488886 0.000110 
26 27.627995 0.000000 -67.982965 99.929099 0.001753 3.464606 0.000217 
27 -48.348991 0.000000 2.749343 99.925179 0.018271 3.491518 0.000277 
28 179.581965 0.000000 144.213958 99.941113 -0.001856 3.469875 -0.000027 
29 331.535936 0.000000 144.213958 99.939963 -0.002314 3.469091 -0.000003 
30 179.581965 0.000000 285.678573 99.940809 -0.000823 3.485034 -0.000031 
31 103.604980 0.000000 -67.982965 99.925387 0.005310 3.417073 0.000324 
32 103.604980 0.000000 -138.715272 99.931598 0.002296 3.473185 0.000161 
33 179.581965 0.000000 -67.982965 99.938765 0.004578 3.421243 0.000054 
34 103.604980 0.000000 2.749343 100.032463 -0.059503 0.356678 -0.000662 
35 -48.348991 0.000000 73.481651 99.940383 0.001705 3.495786 -0.000030 
36 -124.325976 0.000000 73.481651 99.938962 0.000238 3.491181 0.000002 
37 27.627995 0.000000 73.481651 99.948335 -0.000774 3.468226 -0.000170 
38 -48.348991 0.000000 144.213958 99.943653 0.000536 3.491706 -0.000093 
39 -10.360498 0.000000 -32.616811 99.885199 0.070162 3.449720 0.001104 
40 -48.348991 0.000000 -32.616811 99.926666 0.023539 3.486697 0.000250 
41 -10.360498 0.000000 -67.982965 99.930047 0.034451 3.473364 0.000192 
42 27.627995 0.000000 -32.616811 99.917185 0.090545 3.298345 0.000567 
43 -10.360498 0.000000 2.749343 99.715662 0.079319 3.488529 0.004461 
44 103.604980 0.000000 73.481651 99.946287 -0.001377 3.413539 -0.000091 
45 179.581965 0.000000 73.481651 99.941922 -0.003706 3.412917 -0.000004 
46 103.604980 0.000000 144.213958 99.946385 -0.000777 3.470372 -0.000132 
47 65.616487 0.000000 -32.616811 99.898111 -0.047537 3.291952 0.000953 
48 65.616487 0.000000 -67.982965 99.937062 -0.000871 3.450837 0.000068 
49 103.604980 0.000000 -32.616811 99.929006 0.005801 3.227873 0.000377 
50 65.616487 0.000000 2.749343 99.805618 -0.039781 1.109397 0.003761 
51 -10.360498 0.000000 38.115497 99.920039 0.013097 3.521471 0.000358 
52 -48.348991 0.000000 38.115497 99.933652 0.002670 3.496942 0.000104 
53 27.627995 0.000000 38.115497 100.127363 0.027388 3.373580 -0.003687 
54 -10.360498 0.000000 73.481651 99.953423 0.008660 3.502359 -0.000295 
55 8.633748 0.000000 -14.933734 100.009240 0.127808 3.270034 -0.001256 
56 -10.360498 0.000000 -14.933734 99.847946 0.131854 3.367530 0.001903 
57 8.633748 0.000000 -32.616811 99.909710 0.107666 3.382633 0.000660 
58 27.627995 0.000000 -14.933734 99.340448 0.026501 2.592905 0.012475 
59 8.633748 0.000000 2.749343 109.096383 -0.074728 16.646137 -0.217912 
60 -200.302961 0.000000 -67.982965 99.938418 0.000113 3.490365 0.000013 
61 -276.279947 0.000000 -67.982965 99.938791 0.000052 3.490213 0.000006 
62 -200.302961 0.000000 -138.715272 99.938274 0.000125 3.490237 0.000016 
63 -200.302961 0.000000 2.749343 99.938693 0.000091 3.490464 0.000007 
64 -86.337483 0.000000 -32.616811 99.934990 0.000825 3.491184 0.000081 
65 -124.325976 0.000000 -32.616811 99.937295 0.000344 3.490846 0.000035 
66 -86.337483 0.000000 -67.982965 99.934941 0.000742 3.490572 0.000082 
67 -86.337483 0.000000 2.749343 99.935770 0.000829 3.492302 0.000065 
68 -29.354744 0.000000 -14.933734 99.901846 0.041544 3.484718 0.000748 
69 -48.348991 0.000000 -14.933734 99.924640 0.018126 3.490090 0.000289 
70 -29.354744 0.000000 -32.616811 99.911014 0.033360 3.481348 0.000567 
71 -29.354744 0.000000 2.749343 99.899721 0.043252 3.491559 0.000785 
72 65.616487 0.000000 38.115497 99.928436 -0.033679 3.232755 0.000386 
73 103.604980 0.000000 38.115497 99.943965 -0.005299 3.234579 0.000074 
74 65.616487 0.000000 73.481651 99.970704 -0.005265 3.413627 -0.000579 
75 8.633748 0.000000 20.432420 100.107539 -0.003884 3.709214 -0.003528 
76 -10.360498 0.000000 20.432420 99.838939 0.123803 3.536253 0.001967 
77 27.627995 0.000000 20.432420 100.815526 0.088885 3.145218 -0.017367 
78 8.633748 0.000000 38.115497 100.071861 -0.131935 3.566253 -0.002711 
79 -0.863375 0.000000 -6.092195 98.975537 -0.072813 2.936634 0.019521 
80 -10.360498 0.000000 -6.092195 99.732482 0.070059 3.439215 0.004160 
81 -0.863375 0.000000 -14.933734 99.672162 -0.073391 3.319614 0.005443 
82 8.633748 0.000000 -6.092195 99.900172 -0.145703 3.161016 0.000994 
83 -0.863375 0.000000 2.749343 98.087387 -0.030196 4.250826 0.036079 
84 46.622241 0.000000 -14.933734 99.671198 0.069544 2.955364 0.005691 
85 46.622241 0.000000 -32.616811 99.895711 0.318377 3.318441 0.000973 
86 65.616487 0.000000 -14.933734 99.719252 0.018146 2.721407 0.004866 
87 46.622241 0.000000 2.749343 97.147644 -0.062748 -0.489704 0.056209 
88 18.130872 0.000000 -6.092195 98.288420 0.020483 2.955256 0.033065 
89 18.130872 0.000000 -14.933734 99.409145 -0.142886 3.228642 0.010738 
90 27.627995 0.000000 -6.092195 100.538814 0.083168 0.366798 -0.010819 
91 18.130872 0.000000 2.749343 113.317929 -0.030642 1.500992 -0.284321 
92 -200.302961 0.000000 73.481651 99.939047 0.000059 3.490489 0.000000 
93 -276.279947 0.000000 73.481651 99.939071 0.000019 3.490253 0.000000 
94 -200.302961 0.000000 144.213958 99.939376 0.000023 3.490429 -0.000006 
95 -86.337483 0.000000 38.115497 99.937237 0.000735 3.492243 0.000035 
96 -124.325976 0.000000 38.115497 99.938316 0.000291 3.491181 0.000014 
97 -86.337483 0.000000 73.481651 99.938904 0.000575 3.492200 0.000002 
98 -29.354744 0.000000 20.432420 99.909210 0.036275 3.498782 0.000591 
99 -48.348991 0.000000 20.432420 99.926488 0.023564 3.491782 0.000250 
100 -29.354744 0.000000 38.115497 99.909791 0.026532 3.481713 0.000591 
101 -0.863375 0.000000 11.590882 99.706995 0.056778 3.899820 0.004330 
102 -10.360498 0.000000 11.590882 99.750716 0.131423 3.528183 0.003733 
103 8.633748 0.000000 11.590882 100.008137 -0.093946 3.994848 -0.001760 
104 -0.863375 0.000000 20.432420 99.823505 0.160818 3.641663 0.002198 
105 3.885187 0.000000 -1.671426 111.516344 -0.136049 -2.619934 -0.244278 
106 -0.863375 0.000000 -1.671426 96.633959 -0.040167 2.917918 0.065336 
107 3.885187 0.000000 -6.092195 99.997341 -0.086854 2.384708 -0.000516 
108 8.633748 0.000000 -1.671426 109.240432 -0.038342 3.149441 -0.194339 
109 3.885187 0.000000 2.749343 99.829271 -0.097909 7.178653 -0.001743 
110 -19.857621 0.000000 -6.092195 99.862710 0.100485 3.472181 0.001537 
111 -29.354744 0.000000 -6.092195 99.899416 0.043562 3.487522 0.000794 
112 -19.857621 0.000000 -14.933734 99.874457 0.097055 3.466376 0.001307 
113 -19.857621 0.000000 2.749343 99.858544 0.100759 3.483022 0.001613 
114 -5.611936 0.000000 -1.671426 99.397063 0.044740 3.404485 0.010863 
115 -10.360498 0.000000 -1.671426 99.713113 0.063052 3.473918 0.004522 
116 -5.611936 0.000000 -6.092195 99.532412 0.100829 3.342445 0.008212 
117 -5.611936 0.000000 2.749343 99.418410 0.118353 3.587092 0.010310 
118 46.622241 0.000000 20.432420 100.298510 0.145383 2.589557 -0.006652 
119 65.616487 0.000000 20.432420 99.883332 0.053250 2.754341 0.001573 
120 46.622241 0.000000 38.115497 99.980992 -0.078535 3.232732 -0.000666 
121 18.130872 0.000000 11.590882 100.646405 -0.053875 3.669146 -0.014316 
122 27.627995 0.000000 11.590882 100.943886 -0.077399 2.749764 -0.019724 
123 18.130872 0.000000 20.432420 100.671616 -0.114684 3.636817 -0.014801 
124 3.885187 0.000000 7.170112 99.734243 -0.190219 4.512444 0.003268 
125 -0.863375 0.000000 7.170112 99.137729 -0.124200 3.886635 0.015659 
126 8.633748 0.000000 7.170112 99.941208 -0.002169 4.213453 -0.000600 
127 3.885187 0.000000 11.590882 99.861452 -0.012155 3.997084 0.001171 
128 1.510906 0.000000 0.538958 99.395567 -0.051157 37.903340 -0.131614 
129 -0.863375 0.000000 0.538958 96.604843 -0.038910 4.052852 0.065108 
130 1.510906 0.000000 -1.671426 112.802169 -0.164286 -15.331965 -0.295943 
131 3.885187 0.000000 0.538958 104.014191 0.000773 29.544446 -0.169183 
132 1.510906 0.000000 2.749343 97.903768 -0.067699 6.176776 0.037670 
133 -19.857621 0.000000 11.590882 99.867278 0.086809 3.494811 0.001431 
134 -29.354744 0.000000 11.590882 99.903305 0.040595 3.495987 0.000711 
135 -19.857621 0.000000 20.432420 99.882396 0.070110 3.501498 0.001124 
136 -5.611936 0.000000 7.170112 99.566740 0.069531 3.592274 0.007356 
137 -10.360498 0.000000 7.170112 99.739113 0.072143 3.501624 0.003984 
138 -5.611936 0.000000 11.590882 99.687601 0.055772 3.598794 0.004943 
139 -3.237656 0.000000 0.538958 98.882332 -0.062401 3.592840 0.020937 
140 -5.611936 0.000000 0.538958 99.380138 0.070695 3.504213 0.011130 
141 -3.237656 0.000000 -1.671426 98.891399 -0.068165 3.444754 0.020862 
142 -3.237656 0.000000 2.749343 99.029947 -0.044294 3.702204 0.017936 
143 -48.348991 0.000000 -209.447580 99.935605 0.000566 3.489049 0.000070 
144 -124.325976 0.000000 -209.447580 99.937348 0.000259 3.489957 0.000035 
145 -48.348991 0.000000 -280.179887 99.936711 0.000403 3.489217 0.000048 
146 27.627995 0.000000 -209.447580 99.933863 0.001015 3.486445 0.000107 
147 -10.360498 0.000000 -103.349118 99.927617 0.003194 3.484980 0.000233 
148 -48.348991 0.000000 -103.349118 99.931957 0.001411 3.488880 0.000143 
149 -10.360498 0.000000 -138.715272 99.931079 0.001721 3.486588 0.000162 
150 27.627995 0.000000 -103.349118 99.920379 0.004756 3.477883 0.000382 
151 8.633748 0.000000 -50.299888 99.935418 0.025245 3.444960 0.000104 
152 -10.360498 0.000000 -50.299888 99.913566 0.035895 3.465603 0.000527 
153 8.633748 0.000000 -67.982965 99.935360 0.028228 3.466900 0.000090 
154 27.627995 0.000000 -50.299888 99.937270 -0.011007 3.441211 0.000070 
155 -0.863375 0.000000 -23.775272 99.884921 0.070234 3.355522 0.001174 
156 -10.360498 0.000000 -23.775272 99.871147 0.126671 3.416168 0.001407 
157 -0.863375 0.000000 -32.616811 99.925599 0.112222 3.388470 0.000338 
158 8.633748 0.000000 -23.775272 99.771951 -0.147884 3.347258 0.003433 
159 3.885187 0.000000 -10.512965 99.834878 -0.156064 3.115397 0.002327 
160 -0.863375 0.000000 -10.512965 99.594265 0.053167 3.120585 0.007124 
161 3.885187 0.000000 -14.933734 99.933446 -0.098661 3.167661 0.000326 
162 8.633748 0.000000 -10.512965 99.679682 -0.111095 3.262392 0.005331 
163 1.510906 0.000000 -3.881811 98.718100 -0.043804 1.194709 0.025331 
164 -0.863375 0.000000 -3.881811 98.220723 -0.056661 2.760205 0.034507 
165 1.510906 0.000000 -6.092195 99.261307 -0.046746 2.403519 0.014141 
166 3.885187 0.000000 -3.881811 100.418191 -0.100122 1.404541 -0.008580 
167 0.323766 0.000000 -0.566234 94.481110 -0.100679 27.169547 0.033513 
168 -0.863375 0.000000 -0.566234 96.100474 -0.037980 3.494460 0.075249 
169 0.323766 0.000000 -1.671426 92.891909 -0.056630 -1.332661 0.136931 
170 1.510906 0.000000 -0.566234 106.177857 -0.084865 8.891115 -0.135280 
171 0.323766 0.000000 0.538958 92.514074 -0.045686 7.259800 0.138844 
172 -5.611936 0.000000 -10.512965 99.645773 0.060491 3.363143 0.005941 
173 -10.360498 0.000000 -10.512965 99.763315 0.121279 3.399478 0.003571 
174 -5.611936 0.000000 -14.933734 99.759427 0.132732 3.347413 0.003683 
175 -3.237656 0.000000 -3.881811 99.051259 -0.069518 3.341123 0.017768 
176 -5.611936 0.000000 -3.881811 99.435217 0.091937 3.395723 0.010110 
177 -3.237656 0.000000 -6.092195 99.195281 -0.089408 3.328732 0.014921 
178 0.323766 0.000000 -2.776618 96.624105 -0.054102 1.117561 0.066253 
179 -0.863375 0.000000 -2.776618 97.534660 -0.042028 2.737343 0.047950 
180 0.323766 0.000000 -3.881811 97.987969 -0.040757 1.948010 0.039456 
181 1.510906 0.000000 -2.776618 98.204142 -0.063087 -0.443276 0.035575 
182 13.382310 0.000000 -1.671426 108.124275 -0.017142 3.701729 -0.170456 
183 13.382310 0.000000 -6.092195 99.497161 -0.069561 3.007417 0.009127 
184 18.130872 0.000000 -1.671426 103.709947 0.044905 2.504508 -0.076203 
185 13.382310 0.000000 2.749343 110.057419 -0.044211 13.543459 -0.229606 
186 6.259468 0.000000 0.538958 -61.595679 -0.027421 -3.470116 0.619393 
187 6.259468 0.000000 -1.671426 106.236448 -0.075101 0.668183 -0.128663 
188 8.633748 0.000000 0.538958 -33.730074 -0.024381 0.079121 0.886228 
189 6.259468 0.000000 2.749343 101.844650 -0.082126 5.598510 -0.040368 
190 2.698046 0.000000 -0.566234 112.576826 -0.186084 -8.530867 -0.274635 
191 2.698046 0.000000 -1.671426 112.638604 -0.171202 -7.854092 -0.274917 
192 3.885187 0.000000 -0.566234 -66.857778 0.027723 -1.656968 0.552729 
193 2.698046 0.000000 0.538958 102.164631 -0.041820 33.693092 -0.157284 
194 0.917336 0.000000 -1.118830 113.390756 -0.086895 -21.544434 -0.332163 
195 0.323766 0.000000 -1.118830 100.456129 -0.068735 -6.316161 -0.013133 
196 0.917336 0.000000 -1.671426 114.571488 -0.147199 -25.708172 -0.378756 
197 1.510906 0.000000 -1.118830 112.867456 -0.844743 -17.705876 -0.305327 
198 0.917336 0.000000 -0.566234 103.417692 -0.078122 18.584321 -0.104060 
199 1.510906 0.000000 4.959728 98.961198 -0.040726 4.822631 0.018342 
200 -0.863375 0.000000 4.959728 98.868019 -0.024532 4.108834 0.020823 
201 3.885187 0.000000 4.959728 99.860430 -0.056327 5.163060 0.000123 
202 1.510906 0.000000 7.170112 99.389085 -0.032621 4.315512 0.010319 
203 0.323766 0.000000 1.644151 96.138379 -0.042051 5.778318 0.072402 
204 -0.863375 0.000000 1.644151 97.430413 -0.032829 4.253532 0.048922 
205 1.510906 0.000000 1.644151 96.670098 -0.062829 8.068846 0.058978 
206 0.323766 0.000000 2.749343 97.603447 -0.043897 5.096309 0.044759 
207 0.917336 0.000000 -0.013638 100.031852 -0.072237 42.052056 -0.177475 
208 0.323766 0.000000 -0.013638 94.901116 -0.024006 48.083133 -0.131821 
209 1.510906 0.000000 -0.013638 99.573683 -0.071551 38.409891 -0.139024 
210 0.917336 0.000000 0.538958 98.512314 -0.010429 42.223097 -0.148747 
211 6.259468 0.000000 -3.881811 101.010787 -0.062549 2.390494 -0.020890 
212 6.259468 0.000000 -6.092195 100.291639 -0.050575 2.794487 -0.006622 
213 8.633748 0.000000 -3.881811 100.057569 -0.150411 3.060287 -0.002091 
214 2.698046 0.000000 -2.776618 99.991805 -0.093369 -0.464560 0.000141 
215 2.698046 0.000000 -3.881811 99.718395 -0.061580 1.091193 0.005505 
216 3.885187 0.000000 -2.776618 101.179337 -0.094765 0.357317 -0.023739 
217 5.072327 0.000000 -0.566234 109.009196 -0.111335 0.157932 -0.188304 
218 5.072327 0.000000 -1.671426 109.553394 -0.376813 -0.005112 -0.200209 
219 6.259468 0.000000 -0.566234 106.618718 -0.085990 0.094899 -0.136757 
220 5.072327 0.000000 0.538958 104.687894 -0.029501 24.772023 -0.157321 
221 3.291617 0.000000 -1.118830 112.274256 -0.155498 -5.319856 -0.263383 
222 2.698046 0.000000 -1.118830 112.522779 -0.159143 -7.550724 -0.271841 
223 3.291617 0.000000 -1.671426 112.183545 -0.156008 -4.811804 -0.260833 
224 3.885187 0.000000 -1.118830 111.517131 -0.139745 -2.630521 -0.244301 
225 3.291617 0.000000 -0.566234 112.084673 -0.162146 -4.140652 -0.258015 
226 2.698046 0.000000 1.644151 98.938782 -0.110521 9.047638 0.012925 
227 3.885187 0.000000 1.644151 104.530366 -0.012760 28.179654 -0.172069 
228 2.698046 0.000000 2.749343 98.803842 -0.113227 6.910660 0.019003 
229 13.382310 0.000000 7.170112 100.304293 0.042506 4.697766 -0.008302 
230 18.130872 0.000000 7.170112 101.336760 0.116168 3.426185 -0.028089 
231 13.382310 0.000000 11.590882 100.174750 -0.029328 3.926871 -0.005040 
232 6.259468 0.000000 4.959728 100.478452 -0.091908 4.726599 -0.011827 
233 8.633748 0.000000 4.959728 99.753663 -0.088489 4.495821 0.002899 
234 6.259468 0.000000 7.170112 100.013883 -0.253042 4.296293 -0.002130 
235 5.072327 0.000000 1.644151 103.952700 -0.055212 24.644667 -0.141353 
236 6.259468 0.000000 1.644151 102.485119 -0.043652 20.556913 -0.092579 
237 5.072327 0.000000 2.749343 101.206332 -0.082680 7.112461 -0.029332 
238 3.291617 0.000000 1.091555 103.647904 -0.012932 30.590175 -0.167865 
239 2.698046 0.000000 1.091555 102.720193 -0.013243 32.876982 -0.163233 
240 3.291617 0.000000 0.538958 103.617987 0.690810 30.260697 -0.165287 
241 3.885187 0.000000 1.091555 104.203299 -0.012770 29.111372 -0.170580 
242 3.291617 0.000000 1.644151 99.074176 -0.073472 11.580457 0.005020 
243 5.072327 0.000000 -2.776618 101.224500 -0.067575 1.118791 -0.024766 
244 5.072327 0.000000 -3.881811 100.835510 -0.059711 1.809943 -0.017108 
245 6.259468 0.000000 -2.776618 101.750057 -0.066713 1.694720 -0.035595 
246 11.008029 0.000000 0.538958 -38.731746 -0.028583 0.117206 0.849984 
247 11.008029 0.000000 -1.671426 110.032765 -0.023144 3.811582 -0.212174 
248 13.382310 0.000000 0.538958 -46.593215 -0.078141 0.458144 0.782886 
249 11.008029 0.000000 2.749343 111.235657 -0.069844 16.103923 -0.263271 
250 7.446608 0.000000 -0.566234 108.427120 -0.058336 2.885881 -0.176477 
251 7.446608 0.000000 -1.671426 107.228013 -0.053326 2.054387 -0.150207 
252 8.633748 0.000000 -0.566234 109.573358 -0.022474 3.490106 -0.201850 
253 7.446608 0.000000 0.538958 -42.965560 0.007294 -1.630156 0.815130 
254 5.665897 0.000000 -1.118830 107.900708 -0.102259 0.447593 -0.164277 
255 5.072327 0.000000 -1.118830 109.755920 0.100734 -0.174708 -0.204640 
256 5.665897 0.000000 -1.671426 107.901599 -0.100762 0.450962 -0.164297 
257 6.259468 0.000000 -1.118830 106.241153 -0.075669 0.682742 -0.128765 
258 5.665897 0.000000 -0.566234 -66.790698 -0.003939 -2.205439 0.553414 
259 4.478757 0.000000 1.091555 104.386594 -0.034399 27.070071 -0.162935 
260 4.478757 0.000000 0.538958 104.463529 -0.007208 27.679795 -0.167880 
261 5.072327 0.000000 1.091555 104.026932 -0.051274 24.820023 -0.143764 
262 4.478757 0.000000 1.644151 104.514676 -0.033395 25.941309 -0.159627 
263 7.446608 0.000000 1.644151 105.716488 -0.057092 18.577930 -0.152112 
264 8.633748 0.000000 1.644151 108.515547 -0.043207 13.918806 -0.196936 
265 7.446608 0.000000 2.749343 106.275413 -0.075540 19.604066 -0.167879 
266 5.665897 0.000000 1.091555 103.537737 -0.052252 23.253345 -0.126078 
267 5.665897 0.000000 0.538958 -55.725126 -0.005462 -3.186464 0.688456 
268 6.259468 0.000000 1.091555 102.810320 -0.043206 20.445590 -0.098799 
269 5.665897 0.000000 1.644151 102.942184 -0.056601 21.894967 -0.107649 
270 18.130872 0.000000 -23.775272 99.607506 -0.185285 3.315046 0.006732 
271 18.130872 0.000000 -32.616811 100.038239 0.115964 3.302343 -0.001857 
272 27.627995 0.000000 -23.775272 99.790449 0.010694 3.208777 0.003157 
273 13.382310 0.000000 -10.512965 99.486533 -0.138576 3.246397 0.009187 
274 13.382310 0.000000 -14.933734 100.054455 -0.057483 3.225390 -0.002130 
275 18.130872 0.000000 -10.512965 99.050159 0.018046 2.996928 0.018008 
276 11.008029 0.000000 -3.881811 99.578695 -0.007289 2.913687 0.007559 
277 11.008029 0.000000 -6.092195 99.654020 -0.020358 3.081398 0.005958 
278 13.382310 0.000000 -3.881811 99.435415 -0.038258 2.605476 0.010581 
279 7.446608 0.000000 -2.776618 101.268456 -0.124967 3.332139 -0.026642 
280 7.446608 0.000000 -3.881811 100.590896 -0.118721 3.012558 -0.012762 
281 8.633748 0.000000 -2.776618 100.180113 -0.090589 3.527675 -0.004851 
282 6.853038 0.000000 -1.118830 105.578167 -0.055229 1.028163 -0.114781 
283 6.853038 0.000000 -1.671426 105.579531 -0.055072 1.001278 -0.114804 
284 7.446608 0.000000 -1.118830 106.861908 -0.052543 2.067685 -0.142375 
285 6.853038 0.000000 -0.566234 105.205677 -0.037895 0.936478 -0.106911 
286 9.820889 0.000000 -0.566234 110.052761 -0.036223 3.589276 -0.212449 
287 9.820889 0.000000 -1.671426 109.669468 -0.038672 3.635000 -0.204061 
288 11.008029 0.000000 -0.566234 110.521691 -0.003911 3.518492 -0.222742 
289 9.820889 0.000000 0.538958 -33.582596 -0.020071 0.121392 0.887219 
290 9.820889 0.000000 -2.776618 100.113782 -0.080532 3.467211 -0.003480 
291 9.820889 0.000000 -3.881811 99.749176 -0.106074 3.026812 0.004093 
292 11.008029 0.000000 -2.776618 100.389448 -0.041123 3.078602 -0.008752 
293 37.125118 0.000000 -6.092195 100.208474 0.013812 2.566947 -0.004833 
294 37.125118 0.000000 -14.933734 99.551023 0.288261 2.715481 0.008214 
295 46.622241 0.000000 -6.092195 98.420861 0.003888 2.890362 0.030498 
296 37.125118 0.000000 2.749343 101.743034 -0.070561 -0.984969 -0.035262 
297 22.879433 0.000000 -1.671426 96.795368 -0.035151 -0.573482 0.063033 
298 22.879433 0.000000 -6.092195 97.492306 0.001290 0.478493 0.049502 
299 27.627995 0.000000 -1.671426 104.885356 -0.076440 -3.297243 -0.101182 
300 22.879433 0.000000 2.749343 99.863469 -0.002183 -9.491083 -0.006279 
301 15.756591 0.000000 0.538958 -70.034061 0.215321 0.726544 0.509466 
302 15.756591 0.000000 -1.671426 97.846474 -0.046083 2.339579 0.042059 
303 18.130872 0.000000 0.538958 92.049988 0.035227 -0.329791 0.152669 
304 15.756591 0.000000 2.749343 103.614770 -0.020324 11.433304 -0.086674 
305 12.195170 0.000000 -0.566234 109.904668 -0.003212 3.811303 -0.209356 
306 12.195170 0.000000 -1.671426 109.908122 -0.004947 3.824850 -0.209442 
307 13.382310 0.000000 -0.566234 107.713912 -0.013246 3.688983 -0.161590 
308 12.195170 0.000000 0.538958 -38.769991 -0.077646 0.604892 0.849652 
309 10.414459 0.000000 -1.118830 110.016721 -0.038657 3.754226 -0.211777 
310 9.820889 0.000000 -1.118830 109.820182 -0.038037 3.601990 -0.207345 
311 10.414459 0.000000 -1.671426 109.801895 -0.042487 3.802013 -0.207091 
312 11.008029 0.000000 -1.118830 110.287391 -0.016357 3.684122 -0.217688 
313 10.414459 0.000000 -0.566234 110.111785 -0.038847 3.629857 -0.213778 
314 15.756591 0.000000 -3.881811 99.860992 -0.005251 2.921754 0.001925 
315 15.756591 0.000000 -6.092195 99.300203 0.060599 3.147562 0.012956 
316 18.130872 0.000000 -3.881811 97.547776 -0.030152 2.941732 0.047578 
317 12.195170 0.000000 -2.776618 100.114453 -0.007732 2.487226 -0.002909 
318 12.195170 0.000000 -3.881811 99.429152 0.001712 2.759466 0.010623 
319 13.382310 0.000000 -2.776618 99.917186 -0.008206 1.941181 0.001279 
320 10.414459 0.000000 -2.224022 109.748001 -0.054280 3.806832 -0.205912 
321 9.820889 0.000000 -2.224022 109.701116 -0.041875 3.620391 -0.204744 
322 10.414459 0.000000 -2.776618 98.785672 -0.029830 2.210960 0.023650 
323 11.008029 0.000000 -2.224022 110.044418 -0.029622 3.869652 -0.212475 
324 11.601599 0.000000 -1.118830 110.426908 0.000771 3.685400 -0.220768 
325 11.601599 0.000000 -1.671426 110.311477 0.001250 3.818848 -0.218321 
326 12.195170 0.000000 -1.118830 109.902852 -0.005953 3.832716 -0.209333 
327 11.601599 0.000000 -0.566234 110.946433 0.017347 3.400373 -0.232067 
328 10.711244 0.000000 -1.395128 109.982469 -0.028131 3.811732 -0.211067 
329 10.414459 0.000000 -1.395128 109.912863 -0.197133 3.790092 -0.209524 
330 10.711244 0.000000 -1.671426 109.984802 -0.027229 3.807239 -0.211115 
331 11.008029 0.000000 -1.395128 110.037989 -0.023448 3.817178 -0.212293 
332 10.711244 0.000000 -1.118830 110.095348 -0.028128 3.758729 -0.213511 
333 11.008029 0.000000 4.959728 99.374488 -0.015177 5.044971 0.009926 
334 13.382310 0.000000 4.959728 100.176748 -0.035497 5.892109 -0.007010 
335 11.008029 0.000000 7.170112 99.842675 -0.010034 4.438371 0.001174 
336 9.820889 0.000000 1.644151 109.204401 -0.046173 12.966869 -0.209374 
337 11.008029 0.000000 1.644151 109.869172 -0.038490 12.090041 -0.221741 
338 9.820889 0.000000 2.749343 110.142569 -0.074838 15.822261 -0.238174 
339 9.820889 0.000000 3.854535 98.220083 -0.072825 5.315659 0.032455 
340 8.633748 0.000000 3.854535 99.200873 -0.094116 5.002938 0.013415 
341 11.008029 0.000000 3.854535 111.839133 -0.082304 16.924766 -0.279445 
342 9.820889 0.000000 4.959728 99.512376 -0.034346 4.766985 0.007456 
343 9.227319 0.000000 2.196747 109.502169 -0.068325 16.834737 -0.227414 
344 8.633748 0.000000 2.196747 109.074193 -0.086040 17.986285 -0.222069 
345 9.227319 0.000000 1.644151 109.440057 -0.080030 16.456676 -0.224795 
346 9.820889 0.000000 2.196747 109.940495 -0.080871 16.891258 -0.237223 
347 9.227319 0.000000 2.749343 109.511330 -0.074559 16.521825 -0.226571 
348 12.195170 0.000000 1.644151 109.518282 -0.020938 10.430731 -0.210305 
349 13.382310 0.000000 1.644151 -54.984956 -0.062636 1.125770 0.697538 
350 12.195170 0.000000 2.749343 111.383173 -0.054800 14.745869 -0.262365 
351 10.414459 0.000000 2.196747 110.736430 -0.068589 15.774971 -0.251141 
352 10.414459 0.000000 1.644151 110.142480 -0.057205 13.744503 -0.232028 
353 11.008029 0.000000 2.196747 110.467028 -0.053302 14.221892 -0.240523 
354 10.414459 0.000000 2.749343 110.768325 -0.066990 15.748382 -0.251764 
355 7.446608 0.000000 3.854535 100.156482 -0.010643 4.631500 -0.005277 
356 6.259468 0.000000 3.854535 100.962397 -0.073886 5.070198 -0.021912 
357 7.446608 0.000000 4.959728 100.127665 -0.075584 4.467499 -0.004551 
358 9.227319 0.000000 3.301939 110.442850 -0.099729 17.810304 -0.251484 
359 8.633748 0.000000 3.301939 108.929525 -0.096167 18.769665 -0.221795 
360 9.820889 0.000000 3.301939 110.442850 -0.099729 17.810304 -0.251484 
361 9.227319 0.000000 3.854535 99.967408 -0.107160 5.009281 -0.001859 
362 9.524104 0.000000 2.473045 109.636933 -0.074181 16.608765 -0.229611 
363 9.227319 0.000000 2.473045 109.509388 -0.071730 16.685690 -0.227072 
364 9.524104 0.000000 2.196747 109.613837 -0.072734 16.659577 -0.229274 
365 9.820889 0.000000 2.473045 110.052645 -0.085224 17.109389 -0.240432 
366 9.524104 0.000000 2.749343 109.853650 -0.076845 16.139855 -0.232833 
367 37.125118 0.000000 11.590882 100.661734 -0.441056 1.875843 -0.013650 
368 46.622241 0.000000 11.590882 100.060912 -0.180300 1.650759 -0.001494 
369 37.125118 0.000000 20.432420 100.648006 0.052301 2.772623 -0.013771 
370 22.879433 0.000000 7.170112 101.876314 -0.007096 2.456470 -0.038482 
371 27.627995 0.000000 7.170112 101.301980 -0.080246 1.731149 -0.026509 
372 22.879433 0.000000 11.590882 100.676402 0.003437 3.236042 -0.014621 
373 15.756591 0.000000 4.959728 103.616685 0.014552 5.526798 -0.076696 
374 18.130872 0.000000 4.959728 114.449591 -0.030448 0.895385 -0.309951 
375 15.756591 0.000000 7.170112 101.274230 -0.045094 4.268219 -0.027469 
376 12.195170 0.000000 3.854535 111.732384 -0.075595 15.825651 -0.273458 
377 13.382310 0.000000 3.854535 110.309276 -0.063910 15.026375 -0.239393 
378 12.195170 0.000000 4.959728 99.483662 -0.017497 5.433277 0.007348 
379 14.569450 0.000000 -0.566234 103.438142 -0.020668 3.389943 -0.071094 
380 14.569450 0.000000 -1.671426 103.384219 -0.039933 3.212195 -0.069862 
381 15.756591 0.000000 -0.566234 98.249004 -0.039160 2.235554 0.034213 
382 14.569450 0.000000 0.538958 -57.509678 0.217652 0.187881 0.669255 
383 14.569450 0.000000 -2.776618 100.114327 0.001204 1.803129 -0.002613 
384 14.569450 0.000000 -3.881811 99.705699 -0.001953 2.542087 0.005231 
385 15.756591 0.000000 -2.776618 100.937909 0.019677 2.461988 -0.019452 
386 20.505152 0.000000 0.538958 110.539853 0.020027 1.754186 -0.222214 
387 20.505152 0.000000 -1.671426 99.349834 0.008217 2.621014 0.012274 
388 22.879433 0.000000 0.538958 117.282338 -0.002155 1.987450 -0.375910 
389 20.505152 0.000000 2.749343 109.276329 -0.024621 -5.697278 -0.197378 
390 16.943731 0.000000 -0.566234 101.604640 -0.006627 2.190269 -0.032830 
391 16.943731 0.000000 -1.671426 100.644996 -0.010145 1.898330 -0.013302 
392 18.130872 0.000000 -0.566234 103.262612 0.030393 2.832062 -0.067119 
393 16.943731 0.000000 0.538958 83.966389 0.038826 -2.265660 0.294451 
394 15.163021 0.000000 -1.118830 101.106849 -0.037116 2.999660 -0.023159 
395 14.569450 0.000000 -1.118830 103.438982 -0.025676 3.345683 -0.071082 
396 15.163021 0.000000 -1.671426 99.582608 -0.048703 2.661478 0.007622 
397 15.756591 0.000000 -1.118830 97.876824 -0.040686 2.213864 0.041522 
398 15.163021 0.000000 -0.566234 100.818536 -0.028657 3.033565 -0.017358 
399 14.569450 0.000000 3.854535 107.172412 -0.026817 13.670555 -0.167281 
400 14.569450 0.000000 2.749343 107.524446 -0.024653 12.838965 -0.172635 
401 15.756591 0.000000 3.854535 102.156908 -0.020794 11.343903 -0.056472 
402 14.569450 0.000000 4.959728 101.347277 -0.002211 6.221148 -0.030997 
403 20.505152 0.000000 4.959728 100.956943 0.029523 2.481737 -0.019846 
404 22.879433 0.000000 4.959728 103.432384 0.026814 0.532144 -0.069854 
405 20.505152 0.000000 7.170112 101.344578 0.147667 3.199346 -0.028098 
406 16.943731 0.000000 3.854535 110.659729 -0.048240 7.278875 -0.229856 
407 16.943731 0.000000 2.749343 109.288869 -0.040910 7.056511 -0.199385 
408 18.130872 0.000000 3.854535 114.198830 -0.032073 1.049420 -0.304247 
409 16.943731 0.000000 4.959728 101.816286 0.019758 3.678237 -0.038009 
410 22.879433 0.000000 -10.512965 98.620455 0.101441 2.152876 0.026936 
411 22.879433 0.000000 -14.933734 99.056008 -0.136977 2.892624 0.017952 
412 27.627995 0.000000 -10.512965 99.665117 -0.017880 2.051482 0.006266 
413 20.505152 0.000000 -3.881811 95.508879 -0.016431 1.240772 0.087651 
414 20.505152 0.000000 -6.092195 97.182858 0.060669 1.960298 0.055165 
415 22.879433 0.000000 -3.881811 96.126623 0.042160 -0.691218 0.075919 
416 19.318012 0.000000 -0.566234 102.032706 0.019669 3.089649 -0.042022 
417 19.318012 0.000000 -1.671426 103.087357 0.028603 2.659448 -0.063408 
418 20.505152 0.000000 -0.566234 101.358221 0.009876 2.782009 -0.028123 
419 19.318012 0.000000 0.538958 102.298056 0.030665 2.124428 -0.046941 
420 19.318012 0.000000 3.854535 113.478312 -0.032595 -3.217317 -0.288768 
421 19.318012 0.000000 2.749343 112.722734 -0.029292 -2.987461 -0.271534 
422 20.505152 0.000000 3.854535 110.263855 -0.028465 -6.078357 -0.219506 
423 19.318012 0.000000 4.959728 113.641570 -0.033269 -3.789161 -0.292877 
424 32.376556 0.000000 -1.671426 100.657189 -0.057302 -1.779720 -0.013504 
425 32.376556 0.000000 -6.092195 100.225424 0.007873 1.394599 -0.004708 
426 37.125118 0.000000 -1.671426 102.940703 -0.009333 2.822846 -0.060476 
427 32.376556 0.000000 2.749343 99.607242 0.107854 -0.498889 0.007814 
428 25.253714 0.000000 0.538958 108.156200 0.023843 0.714339 -0.169827 
429 25.253714 0.000000 -1.671426 101.275361 -0.037893 -2.540873 -0.026316 
430 27.627995 0.000000 0.538958 106.201863 -0.000391 -0.415757 -0.127901 
431 25.253714 0.000000 2.749343 105.868061 -0.049403 -9.179779 -0.129232 
432 21.692293 0.000000 -0.566234 94.554329 0.001568 1.973605 0.105558 
433 21.692293 0.000000 -1.671426 94.274899 0.000988 1.888483 0.110868 
434 22.879433 0.000000 -0.566234 97.520032 -0.030306 -0.037081 0.048984 
435 21.692293 0.000000 0.538958 122.538274 -0.011988 2.615541 -0.502247 
436 25.253714 0.000000 -3.881811 99.742228 0.031579 -1.580125 0.004899 
437 25.253714 0.000000 -6.092195 99.213776 0.032558 -0.208879 0.015658 
438 27.627995 0.000000 -3.881811 101.083340 -0.001432 -0.687568 -0.021831 
439 21.692293 0.000000 -2.776618 94.834309 -0.006925 -0.813249 0.100579 
440 20.505152 0.000000 -2.776618 94.095013 -0.019242 0.566458 0.114581 
441 21.692293 0.000000 -3.881811 95.399711 -0.007094 0.118480 0.089888 
442 22.879433 0.000000 -2.776618 95.636533 0.046727 -0.201552 0.085361 
443 21.098722 0.000000 -1.118830 96.905750 0.007453 2.418565 0.060343 
444 20.505152 0.000000 -1.118830 99.069911 0.004892 2.867108 0.017693 
445 21.098722 0.000000 -1.671426 96.180682 0.009279 2.410805 0.074346 
446 21.692293 0.000000 -1.118830 94.125939 0.006102 2.043051 0.113613 
447 21.098722 0.000000 -0.566234 97.438322 0.006779 2.444789 0.049980 
448 19.318012 0.000000 -2.776618 95.089991 -0.013530 2.007260 0.095386 
449 18.130872 0.000000 -2.776618 96.344064 -0.071415 2.877701 0.070953 
450 19.318012 0.000000 -3.881811 96.434653 -0.099750 2.272811 0.069518 
451 21.098722 0.000000 -2.224022 94.235107 -0.003244 -1.869538 0.111625 
452 20.505152 0.000000 -2.224022 99.225124 0.000895 2.670594 0.014724 
453 21.098722 0.000000 -2.776618 94.188444 -0.003794 -0.455173 0.112833 
454 21.692293 0.000000 -2.224022 94.585226 0.017194 -2.089058 0.104927 
455 24.066573 0.000000 -0.566234 101.083575 -0.037498 -1.434280 -0.021995 
456 24.066573 0.000000 -1.671426 98.492317 -0.037525 -2.115053 0.029479 
457 25.253714 0.000000 -0.566234 102.115244 -0.030117 -2.154402 -0.043217 
458 24.066573 0.000000 0.538958 112.446228 0.005681 1.254343 -0.264573 
459 22.285863 0.000000 -1.118830 90.961303 -0.013998 0.904335 0.172522 
460 22.285863 0.000000 -1.671426 93.821392 -0.013211 1.060215 0.119642 
461 22.879433 0.000000 -1.118830 94.565552 -0.031735 -0.650225 0.105693 
462 22.285863 0.000000 -0.566234 95.475353 -0.013918 0.993312 0.088347 
463 21.395508 0.000000 -1.395128 95.035971 0.005130 2.122719 0.096366 
464 21.098722 0.000000 -1.395128 97.058070 0.007234 2.426457 0.057384 
465 21.395508 0.000000 -1.671426 94.156744 0.008949 2.229418 0.112954 
466 21.692293 0.000000 -1.395128 94.203586 0.004506 1.998650 0.112169 
467 21.395508 0.000000 -1.118830 94.637353 0.007291 2.125570 0.103925 
468 19.911582 0.000000 -1.118830 101.231390 0.012502 3.001096 -0.025680 
469 19.318012 0.000000 -1.118830 102.377223 0.020958 2.920816 -0.048963 
470 19.911582 0.000000 -1.671426 101.087126 0.010510 2.713649 -0.022597 
471 19.911582 0.000000 -0.566234 101.208653 0.012843 3.067763 -0.025260 
472 20.801937 0.000000 -1.395128 98.630408 0.005861 2.593699 0.026532 
473 20.505152 0.000000 -1.395128 99.299418 0.006788 2.629027 0.013271 
474 20.801937 0.000000 -1.671426 97.621160 0.005312 2.533724 0.046369 
475 20.801937 0.000000 -1.118830 99.501672 0.006030 2.635871 0.009247 
476 21.692293 0.000000 1.644151 124.145094 -0.006488 4.108912 -0.542889 
477 20.505152 0.000000 1.644151 112.146033 0.013918 3.018973 -0.258585 
478 22.879433 0.000000 1.644151 122.334889 -0.012684 2.426516 -0.497171 
479 21.692293 0.000000 2.749343 100.220125 0.005739 -7.598893 -0.010182 
480 21.098722 0.000000 -0.013638 105.193222 0.014313 2.100656 -0.107003 
481 20.505152 0.000000 -0.013638 110.560998 0.019995 1.754473 -0.222681 
482 21.692293 0.000000 -0.013638 105.717529 -0.003303 2.217968 -0.118112 
483 21.098722 0.000000 0.538958 111.713956 0.017981 1.877050 -0.248353 
484 21.395508 0.000000 -0.842532 95.078304 0.004272 2.116436 0.095564 
485 21.098722 0.000000 -0.842532 97.029067 0.007255 2.424301 0.057948 
486 21.692293 0.000000 -0.842532 93.745368 -0.000950 1.649076 0.120909 
487 21.395508 0.000000 -0.566234 95.498896 0.002751 2.118677 0.087547 
488 21.247115 0.000000 -1.256979 96.404858 0.008482 2.376006 0.070046 
489 21.098722 0.000000 -1.256979 96.952615 0.007388 2.421064 0.059433 
490 21.247115 0.000000 -1.395128 96.619293 0.008068 2.389671 0.065900 
491 21.395508 0.000000 -1.256979 94.749211 0.006729 2.125102 0.101807 
492 21.247115 0.000000 -1.118830 96.340140 0.008555 2.372016 0.071295 
493 20.801937 0.000000 -0.842532 100.181716 0.006840 2.977102 -0.004524 
494 20.505152 0.000000 -0.842532 100.563202 0.007643 2.987831 -0.012188 
495 20.801937 0.000000 -0.566234 100.556232 0.007318 3.042830 -0.012081 
496 20.950330 0.000000 -1.256979 98.995664 0.006735 2.592497 0.019314 
497 20.801937 0.000000 -1.256979 99.549977 0.006004 2.638892 0.008284 
498 20.950330 0.000000 -1.395128 96.594138 0.008141 2.446086 0.066359 
499 20.950330 0.000000 -1.118830 97.393662 0.006481 2.461745 0.050841 
500 21.247115 0.000000 -0.980681 95.392346 0.004810 2.166158 0.089561 
501 21.098722 0.000000 -0.980681 96.931012 0.007402 2.419664 0.059852 
502 21.395508 0.000000 -0.980681 94.863299 0.005629 2.120273 0.099646 
503 21.247115 0.000000 -0.842532 95.509279 0.004219 2.165166 0.087329 
504 21.172919 0.000000 -1.187905 96.654031 0.007956 2.397050 0.065225 
505 21.098722 0.000000 -1.187905 96.920606 0.007434 2.419385 0.060054 
506 21.172919 0.000000 -1.256979 96.694791 0.007894 2.399421 0.064436 
507 21.247115 0.000000 -1.187905 96.347069 0.008580 2.372348 0.071161 
508 21.172919 0.000000 -1.118830 96.643225 0.007954 2.396524 0.065434 
509 32.376556 0.000000 7.170112 101.144646 -0.073967 1.518661 -0.023255 
510 37.125118 0.000000 7.170112 100.961800 0.137116 1.287873 -0.019496 
511 32.376556 0.000000 11.590882 101.070903 -0.341469 2.218206 -0.022036 
512 25.253714 0.000000 4.959728 101.695448 -0.099617 0.170997 -0.034200 
513 27.627995 0.000000 4.959728 101.512407 -0.045887 0.335295 -0.030488 
514 25.253714 0.000000 7.170112 101.444212 0.027903 1.930092 -0.029465 
515 21.692293 0.000000 3.854535 101.549210 0.002589 -7.551047 -0.036926 
516 22.879433 0.000000 3.854535 100.574808 -0.001049 -9.871283 -0.021273 
517 21.692293 0.000000 4.959728 103.196072 -0.000688 2.826450 -0.065742 
518 24.066573 0.000000 -2.776618 97.146981 0.068363 -0.399472 0.056230 
519 24.066573 0.000000 -3.881811 97.532474 0.054357 -1.065431 0.048628 
520 25.253714 0.000000 -2.776618 100.649768 -0.044068 -1.076645 -0.013154 
521 22.285863 0.000000 -2.224022 96.799819 0.034777 -0.459028 0.062958 
522 22.285863 0.000000 -2.776618 95.651620 0.032325 -0.478196 0.085054 
523 22.879433 0.000000 -2.224022 95.692776 0.041599 0.549181 0.084259 
524 21.989078 0.000000 -1.395128 91.564569 -0.006583 1.389897 0.161400 
525 21.989078 0.000000 -1.671426 94.202323 -0.000627 1.840582 0.112253 
526 22.285863 0.000000 -1.395128 92.453677 -0.016894 0.740605 0.145177 
527 21.989078 0.000000 -1.118830 90.400180 -0.007304 1.396787 0.182586 
528 24.066573 0.000000 3.854535 102.128955 -0.041865 -3.782716 -0.044463 
529 24.066573 0.000000 2.749343 104.265300 -0.044197 -9.540652 -0.096228 
530 25.253714 0.000000 3.854535 101.362930 -0.078297 -1.346567 -0.027626 
531 24.066573 0.000000 4.959728 102.109239 0.037192 0.155137 -0.042632 
532 22.285863 0.000000 3.301939 97.309486 0.018125 -8.709536 0.045501 
533 21.692293 0.000000 3.301939 101.217151 0.003439 -7.546607 -0.030186 
534 22.285863 0.000000 2.749343 98.141786 0.013289 -8.634978 0.029363 
535 22.879433 0.000000 3.301939 100.511570 -0.004051 -9.685455 -0.019638 
536 22.285863 0.000000 3.854535 98.156583 0.013084 -8.550301 0.029218 
537 21.098722 0.000000 3.301939 105.152828 -0.010896 -7.092128 -0.110742 
538 20.505152 0.000000 3.301939 109.821639 -0.026421 -5.720674 -0.209352 
539 21.098722 0.000000 2.749343 104.768331 -0.010767 -7.019661 -0.102568 
540 21.098722 0.000000 3.854535 107.030615 -0.016667 -7.042632 -0.150515 
541 -48.348991 0.000000 214.946266 99.942918 0.000093 3.490168 -0.000077 
542 -124.325976 0.000000 214.946266 99.940391 0.000017 3.490490 -0.000027 
543 27.627995 0.000000 214.946266 99.946579 -0.000002 3.486496 -0.000147 
544 -48.348991 0.000000 285.678573 99.941854 -0.000075 3.489696 -0.000055 
545 -10.360498 0.000000 108.847804 99.953593 0.002230 3.493378 -0.000292 
546 -48.348991 0.000000 108.847804 99.942834 0.000991 3.493244 -0.000077 
547 27.627995 0.000000 108.847804 99.970750 0.002953 3.478975 -0.000625 
548 -10.360498 0.000000 144.213958 99.949997 0.000946 3.490276 -0.000218 
549 8.633748 0.000000 55.798574 99.987690 0.003568 3.508691 -0.000985 
550 -10.360498 0.000000 55.798574 99.934123 0.032871 3.509122 0.000086 
551 27.627995 0.000000 55.798574 100.041639 -0.033799 3.457471 -0.002028 
552 8.633748 0.000000 73.481651 99.970649 0.002267 3.495342 -0.000635 
553 18.130872 0.000000 29.273958 100.191787 0.288802 3.467515 -0.005050 
554 8.633748 0.000000 29.273958 100.076672 0.278014 3.591365 -0.002832 
555 27.627995 0.000000 29.273958 100.415482 0.170084 3.353333 -0.009454 
556 18.130872 0.000000 38.115497 100.164369 0.002620 3.510307 -0.004522 
557 22.879433 0.000000 16.011651 100.802319 -0.040014 3.313560 -0.017209 
558 18.130872 0.000000 16.011651 100.666209 -0.075234 3.583884 -0.014654 
559 27.627995 0.000000 16.011651 100.828415 -0.159462 3.003400 -0.017542 
560 22.879433 0.000000 20.432420 100.873219 -0.138296 3.420268 -0.018712 
561 20.505152 0.000000 9.380497 100.776277 -0.014423 3.313078 -0.016683 
562 18.130872 0.000000 9.380497 100.779561 0.102290 3.553989 -0.016916 
563 22.879433 0.000000 9.380497 101.163596 0.012628 3.029096 -0.024325 
564 20.505152 0.000000 11.590882 100.363546 0.076195 3.535999 -0.008535 
565 21.692293 0.000000 6.064920 102.247981 -0.015079 2.764093 -0.046229 
566 20.505152 0.000000 6.064920 101.476437 0.017800 3.025401 -0.030662 
567 22.879433 0.000000 6.064920 102.439341 0.013967 1.884592 -0.049737 
568 21.692293 0.000000 7.170112 101.751789 0.033382 2.902091 -0.036185 
569 22.285863 0.000000 4.407132 106.304056 0.013480 0.736075 -0.130109 
570 21.692293 0.000000 4.407132 103.180607 0.013115 3.569834 -0.065898 
571 22.879433 0.000000 4.407132 103.955902 0.035446 -0.959565 -0.080775 
572 22.285863 0.000000 4.959728 104.184327 0.028999 1.626298 -0.085702 
573 21.989078 0.000000 3.578237 98.081870 0.010081 -7.618530 0.032190 
574 21.692293 0.000000 3.578237 102.386735 -0.000036 -7.481384 -0.053901 
575 21.989078 0.000000 3.301939 98.360023 0.009919 -7.729583 0.026556 
576 22.285863 0.000000 3.578237 97.610414 0.016457 -8.502260 0.039992 
577 21.989078 0.000000 3.854535 99.226125 0.010251 -7.761353 0.009394 
578 23.473003 0.000000 -1.118830 97.805748 -0.052201 -1.408265 0.043205 
579 23.473003 0.000000 -1.671426 96.378418 -0.059469 -1.955234 0.070737 
580 24.066573 0.000000 -1.118830 97.644696 -0.045376 -2.114189 0.046104 
581 23.473003 0.000000 -0.566234 99.619738 -0.041347 -0.941358 0.007502 
582 24.066573 0.000000 1.644151 115.040718 0.001764 1.677610 -0.323718 
583 25.253714 0.000000 1.644151 108.381207 0.023658 0.719377 -0.174700 
584 23.473003 0.000000 3.301939 102.770870 -0.033929 -9.586983 -0.065376 
585 23.473003 0.000000 2.749343 102.662493 -0.031150 -9.617654 -0.063209 
586 24.066573 0.000000 3.301939 104.169614 -0.044708 -9.528895 -0.094211 
587 23.473003 0.000000 3.854535 102.925373 -0.037175 -9.548469 -0.068481 
588 30.002275 0.000000 0.538958 103.105289 -0.011373 -0.420131 -0.063088 
589 30.002275 0.000000 -1.671426 104.440338 -0.059815 -3.199849 -0.091803 
590 32.376556 0.000000 0.538958 128.953117 0.001804 0.408386 -0.662907 
591 30.002275 0.000000 2.749343 105.506964 -0.068168 -10.416355 -0.124022 
592 26.440854 0.000000 -0.566234 104.918745 -0.046020 -2.427493 -0.101384 
593 26.440854 0.000000 -1.671426 103.230929 -0.052964 -2.875093 -0.066489 
594 27.627995 0.000000 -0.566234 105.278382 -0.061855 -2.684282 -0.109075 
595 26.440854 0.000000 0.538958 108.197202 0.005912 -0.192194 -0.170667 
596 103.604980 0.000000 -209.447580 99.934807 0.001288 3.483127 0.000090 
597 103.604980 0.000000 -280.179887 99.936374 0.000853 3.486367 0.000057 
598 179.581965 0.000000 -209.447580 99.937097 0.001436 3.481883 0.000045 
599 65.616487 0.000000 -103.349118 99.921152 0.004002 3.466263 0.000375 
600 65.616487 0.000000 -138.715272 99.928324 0.002365 3.477243 0.000224 
601 103.604980 0.000000 -103.349118 99.928885 0.003357 3.458717 0.000226 
602 46.622241 0.000000 -50.299888 99.905095 -0.028820 3.426964 0.000723 
603 46.622241 0.000000 -67.982965 99.907513 -0.002936 3.450045 0.000659 
604 65.616487 0.000000 -50.299888 99.888404 -0.010579 3.387958 0.001083 
605 37.125118 0.000000 -23.775272 99.830107 -0.234362 3.190196 0.002372 
606 37.125118 0.000000 -32.616811 99.930568 0.311932 3.327424 0.000271 
607 46.622241 0.000000 -23.775272 99.766174 -0.182609 3.174697 0.003660 
608 32.376556 0.000000 -10.512965 100.215005 0.228930 2.369798 -0.004872 
609 32.376556 0.000000 -14.933734 99.425644 0.338468 2.628750 0.010752 
610 37.125118 0.000000 -10.512965 99.909176 0.263271 2.494750 0.001186 
611 30.002275 0.000000 -3.881811 101.800125 -0.061845 -0.002016 -0.036327 
612 30.002275 0.000000 -6.092195 100.328190 -0.061857 1.046968 -0.006685 
613 32.376556 0.000000 -3.881811 99.834034 -0.016738 0.361358 0.003303 
614 26.440854 0.000000 -2.776618 98.902169 -0.051154 -1.531231 0.021601 
615 26.440854 0.000000 -3.881811 99.981290 0.036475 -1.872297 0.000023 
616 27.627995 0.000000 -2.776618 100.144067 -0.008005 -0.670522 -0.002928 
617 25.847284 0.000000 -1.118830 101.950378 -0.049668 -2.764205 -0.040152 
618 25.253714 0.000000 -1.118830 101.613826 -0.037288 -2.525400 -0.033175 
619 25.847284 0.000000 -1.671426 102.015792 -0.045570 -2.666667 -0.041433 
620 26.440854 0.000000 -1.118830 104.463508 -0.055204 -2.882650 -0.092094 
621 25.847284 0.000000 -0.566234 103.742918 -0.035326 -2.085024 -0.076694 
622 30.002275 0.000000 4.959728 101.080230 -0.118324 0.567036 -0.021755 
623 32.376556 0.000000 4.959728 101.101067 -0.038356 1.033043 -0.022249 
624 30.002275 0.000000 7.170112 101.069514 -0.101283 1.686532 -0.021790 
625 26.440854 0.000000 3.854535 101.842583 -0.081495 -1.844751 -0.037532 
626 26.440854 0.000000 2.749343 107.227579 -0.076596 -10.122400 -0.160022 
627 27.627995 0.000000 3.854535 101.076959 -0.048075 -1.228810 -0.021806 
628 26.440854 0.000000 4.959728 101.559329 0.034152 0.280536 -0.031438 
629 26.440854 0.000000 1.644151 108.284844 0.007537 -0.341736 -0.172572 
630 27.627995 0.000000 1.644151 105.525402 -0.052343 -6.698911 -0.118049 
631 25.847284 0.000000 3.301939 106.583386 -0.064488 -9.859440 -0.145723 
632 25.253714 0.000000 3.301939 106.043734 -0.053219 -9.729947 -0.133995 
633 25.847284 0.000000 2.749343 106.629791 -0.065648 -9.520036 -0.146055 
634 26.440854 0.000000 3.301939 107.122883 -0.075038 -10.057529 -0.157647 
635 25.847284 0.000000 3.854535 100.658156 -0.048942 -1.895091 -0.013566 
636 28.815135 0.000000 -0.566234 104.414232 -0.053071 -2.668682 -0.090946 
637 28.815135 0.000000 -1.671426 105.358262 -0.067621 -3.401585 -0.111194 
638 30.002275 0.000000 -0.566234 103.707537 -0.041839 -2.315508 -0.076062 
639 28.815135 0.000000 0.538958 102.960072 -0.011463 -0.967396 -0.060171 
640 28.815135 0.000000 1.644151 105.185381 -0.049144 -7.090119 -0.111424 
641 30.002275 0.000000 1.644151 104.012095 -0.050157 -8.009201 -0.088267 
642 28.815135 0.000000 2.749343 106.630971 -0.065685 -9.840534 -0.146700 
643 28.815135 0.000000 -2.776618 105.346962 -0.074297 -0.562725 -0.109830 
644 28.815135 0.000000 -3.881811 102.907047 -0.095644 -0.078045 -0.058988 
645 30.002275 0.000000 -2.776618 103.550750 -0.080456 -0.527433 -0.072304 
646 255.558951 0.000000 -67.982965 99.940460 0.004373 3.426154 0.000017 
647 255.558951 0.000000 -138.715272 99.938662 0.002304 3.472242 0.000021 
648 331.535936 0.000000 -67.982965 99.940793 0.004231 3.430430 0.000007 
649 255.558951 0.000000 2.749343 99.994737 0.004954 1.883381 -0.000249 
650 141.593473 0.000000 -32.616811 99.942093 0.007579 3.244702 0.000105 
651 141.593473 0.000000 -67.982965 99.935620 0.004781 3.418658 0.000118 
652 179.581965 0.000000 -32.616811 99.944799 0.007200 3.259980 0.000041 
653 141.593473 0.000000 2.749343 100.053073 -0.013061 0.116854 -0.001063 
654 84.610734 0.000000 -14.933734 99.921070 -0.029510 2.773799 0.000808 
655 84.610734 0.000000 -32.616811 99.903250 0.009786 3.223475 0.000895 
656 103.604980 0.000000 -14.933734 99.946908 0.004357 2.789218 0.000284 
657 84.610734 0.000000 2.749343 99.982221 -0.086099 0.875051 0.000278 
658 56.119364 0.000000 -6.092195 98.495618 0.025870 2.379590 0.029295 
659 56.119364 0.000000 -14.933734 99.483732 -0.004836 2.960533 0.009422 
660 65.616487 0.000000 -6.092195 99.719876 -0.035970 2.102298 0.005153 
661 56.119364 0.000000 2.749343 98.749086 -0.035583 0.819493 0.024795 
662 41.873679 0.000000 -1.671426 109.308462 0.038419 3.450121 -0.196024 
663 41.873679 0.000000 -6.092195 100.674774 0.083590 3.164910 -0.014543 
664 46.622241 0.000000 -1.671426 105.871210 0.007111 5.014051 -0.123385 
665 41.873679 0.000000 2.749343 99.816999 0.028020 -2.289377 0.003132 
666 34.750837 0.000000 0.538958 158.071470 0.049139 0.733246 -1.498713 
667 34.750837 0.000000 -1.671426 102.926123 -0.072792 2.002850 -0.059780 
668 37.125118 0.000000 0.538958 112.598488 0.037812 -2.792142 -0.268622 
669 34.750837 0.000000 2.749343 101.913491 -0.147551 -0.824461 -0.038706 
670 31.189416 0.000000 -0.566234 102.435652 -0.051541 -2.164773 -0.049775 
671 31.189416 0.000000 -1.671426 101.488019 -0.056339 -2.553008 -0.030634 
672 32.376556 0.000000 -0.566234 101.457042 -0.048600 -1.379281 -0.029544 
673 31.189416 0.000000 0.538958 103.710495 -0.013567 0.143775 -0.075589 
674 29.408705 0.000000 -1.118830 102.732593 -0.060679 -3.134385 -0.056381 
675 28.815135 0.000000 -1.118830 105.202760 -0.067800 -3.220603 -0.107800 
676 29.408705 0.000000 -1.671426 104.035733 -0.061956 -3.264851 -0.083410 
677 30.002275 0.000000 -1.118830 104.528797 -0.052562 -2.874798 -0.093454 
678 29.408705 0.000000 -0.566234 103.103117 -0.046397 -2.425886 -0.063614 
679 31.189416 0.000000 1.644151 103.356036 -0.028199 -8.269502 -0.075086 
680 32.376556 0.000000 1.644151 100.978377 -0.002506 -7.273467 -0.024954 
681 31.189416 0.000000 2.749343 103.621798 -0.032256 -9.929636 -0.083608 
682 28.815135 0.000000 3.854535 101.179726 -0.072873 -0.823892 -0.023802 
683 30.002275 0.000000 3.854535 100.824560 -0.052666 -0.528594 -0.016587 
684 28.815135 0.000000 4.959728 101.259724 -0.138997 0.419260 -0.025373 
685 29.408705 0.000000 2.196747 105.679758 -0.060208 -9.196522 -0.125279 
686 28.815135 0.000000 2.196747 106.348475 -0.062949 -8.980874 -0.139066 
687 29.408705 0.000000 1.644151 104.754006 -0.052612 -7.964376 -0.103684 
688 30.002275 0.000000 2.196747 104.794524 -0.062286 -9.820158 -0.107833 
689 29.408705 0.000000 2.749343 106.063526 -0.066979 -10.492334 -0.135957 
690 34.750837 0.000000 -3.881811 102.534969 -0.199350 2.177117 -0.051820 
691 34.750837 0.000000 -6.092195 100.576363 0.031534 2.005122 -0.011963 
692 37.125118 0.000000 -3.881811 99.909485 0.004072 2.420465 0.001224 
693 31.189416 0.000000 -2.776618 99.572766 -0.074147 -0.862342 0.008452 
694 31.189416 0.000000 -3.881811 100.065690 -0.140800 -0.207283 -0.001321 
695 32.376556 0.000000 -2.776618 98.339444 -0.023918 -0.434658 0.032916 
696 33.563697 0.000000 -0.566234 115.698876 -0.042675 0.597476 -0.338659 
697 33.563697 0.000000 -1.671426 102.570154 -0.060508 0.489587 -0.052088 
698 34.750837 0.000000 -0.566234 120.304130 -0.046375 1.954085 -0.447690 
699 33.563697 0.000000 0.538958 160.784282 0.050939 0.765753 -1.585217 
700 31.782986 0.000000 -1.118830 103.972719 -0.074890 -2.271858 -0.081549 
701 31.189416 0.000000 -1.118830 102.240332 -0.059825 -2.474482 -0.045921 
702 31.782986 0.000000 -1.671426 102.708540 -0.068846 -2.235217 -0.055405 
703 32.376556 0.000000 -1.118830 100.014043 -0.053308 -1.646966 -0.000552 
704 31.782986 0.000000 -0.566234 103.372144 -0.061996 -1.893283 -0.068939 
705 255.558951 0.000000 73.481651 99.941933 -0.004114 3.407960 -0.000000 
706 331.535936 0.000000 73.481651 99.942146 -0.004307 3.401686 -0.000000 
707 255.558951 0.000000 144.213958 99.940178 -0.002178 3.469640 -0.000008 
708 141.593473 0.000000 38.115497 99.946846 -0.004330 3.224631 0.000023 
709 179.581965 0.000000 38.115497 99.948190 -0.004812 3.208348 0.000007 
710 141.593473 0.000000 73.481651 99.942486 -0.003129 3.414294 -0.000016 
711 84.610734 0.000000 20.432420 99.936777 -0.007821 2.796583 0.000482 
712 103.604980 0.000000 20.432420 99.950143 -0.002207 2.788817 0.000219 
713 84.610734 0.000000 38.115497 99.942702 0.000389 3.231256 0.000102 
714 56.119364 0.000000 11.590882 99.756033 -0.097570 1.827042 0.004539 
715 65.616487 0.000000 11.590882 99.842359 0.055731 2.066084 0.002723 
716 56.119364 0.000000 20.432420 99.966707 0.127535 2.667368 -0.000047 
717 41.873679 0.000000 7.170112 100.311176 0.166237 0.584097 -0.006270 
718 46.622241 0.000000 7.170112 99.405668 0.151624 0.887345 0.011770 
719 41.873679 0.000000 11.590882 100.459415 -0.200425 1.619216 -0.009476 
720 34.750837 0.000000 4.959728 101.562836 0.049632 0.682343 -0.031548 
721 37.125118 0.000000 4.959728 101.433238 0.364655 0.268675 -0.028891 
722 34.750837 0.000000 7.170112 101.140320 0.047925 1.255947 -0.023094 
723 33.563697 0.000000 1.644151 105.556877 -0.010710 -6.336096 -0.118240 
724 34.750837 0.000000 1.644151 105.931868 -0.063376 -6.909531 -0.126931 
725 33.563697 0.000000 2.749343 101.926858 -0.102740 -0.330548 -0.038920 
726 31.189416 0.000000 3.854535 100.629901 -0.066710 0.015773 -0.012638 
727 32.376556 0.000000 3.854535 100.886050 0.020904 0.590441 -0.017834 
728 31.189416 0.000000 4.959728 100.971918 0.007052 0.806845 -0.019598 
729 31.782986 0.000000 2.196747 101.795565 -0.012916 -8.730389 -0.043856 
730 31.189416 0.000000 2.196747 102.992097 -0.029127 -9.221073 -0.069240 
731 31.782986 0.000000 1.644151 102.324186 -0.013470 -7.796032 -0.053102 
732 32.376556 0.000000 2.196747 100.517332 -0.001429 -8.044066 -0.016844 
733 31.782986 0.000000 2.749343 98.134733 0.064861 -0.774217 0.036897 
734 33.563697 0.000000 -2.776618 102.005210 -0.078237 1.368648 -0.040694 
735 33.563697 0.000000 -3.881811 101.274514 -0.134241 1.496658 -0.025879 
736 34.750837 0.000000 -2.776618 105.491289 -0.132600 2.241146 -0.113345 
737 32.970126 0.000000 -1.118830 103.150495 -0.050326 -0.699455 -0.064052 
738 32.970126 0.000000 -1.671426 102.772423 -0.051716 -0.527659 -0.056245 
739 33.563697 0.000000 -1.118830 107.018481 -0.053032 0.515054 -0.145322 
740 32.970126 0.000000 -0.566234 116.282523 -0.026886 -0.353678 -0.352175 
741 33.563697 0.000000 3.854535 101.521760 -0.111375 0.513135 -0.030694 
742 34.750837 0.000000 3.854535 101.733374 -0.176452 0.188366 -0.034975 
743 33.563697 0.000000 4.959728 101.399548 -0.043861 0.932389 -0.028274 
744 32.970126 0.000000 2.196747 99.425885 -0.004046 -7.304106 0.006114 
745 32.970126 0.000000 1.644151 105.251669 -0.001303 -6.395590 -0.111882 
746 33.563697 0.000000 2.196747 99.877922 -0.012293 -6.673969 -0.002014 
747 32.970126 0.000000 2.749343 101.165960 -0.017447 -0.028988 -0.023455 
748 39.499399 0.000000 0.538958 95.141624 0.082229 -7.282175 0.089503 
749 39.499399 0.000000 -1.671426 106.105829 -0.001038 1.429696 -0.126049 
750 41.873679 0.000000 0.538958 101.622753 0.052219 -14.800534 -0.054624 
751 39.499399 0.000000 2.749343 100.959024 -0.005905 -2.371593 -0.019835 
752 35.937977 0.000000 -0.566234 102.270500 -0.079957 2.793177 -0.046706 
753 35.937977 0.000000 -1.671426 102.258340 -0.080257 2.791513 -0.046457 
754 37.125118 0.000000 -0.566234 101.095338 -0.010173 2.758194 -0.022788 
755 35.937977 0.000000 0.538958 93.842632 -0.003766 0.095552 0.119355 
756 34.157267 0.000000 -1.118830 106.627664 -0.067644 1.431729 -0.137151 
757 34.157267 0.000000 -1.671426 102.930080 -0.070911 1.272049 -0.059622 
758 34.750837 0.000000 -1.118830 105.495099 -0.071271 2.114521 -0.113369 
759 34.157267 0.000000 -0.566234 114.779968 -0.045360 1.159584 -0.317579 
760 41.873679 0.000000 -10.512965 100.157942 0.359680 2.929265 -0.004032 
761 41.873679 0.000000 -14.933734 99.689958 0.325590 2.906006 0.005336 
762 46.622241 0.000000 -10.512965 99.673718 0.179826 2.729847 0.005767 
763 39.499399 0.000000 -3.881811 101.832234 -0.034630 3.672190 -0.038329 
764 39.499399 0.000000 -6.092195 100.369016 -0.114933 2.682185 -0.008115 
765 41.873679 0.000000 -3.881811 102.448619 -0.030725 3.897351 -0.051091 
766 35.937977 0.000000 -2.776618 103.458058 -0.038597 2.129799 -0.070811 
767 35.937977 0.000000 -3.881811 101.678685 -0.077397 2.171037 -0.034327 
768 37.125118 0.000000 -2.776618 113.190600 0.003711 2.973326 -0.282095 
769 34.157267 0.000000 -2.224022 101.071381 -0.106013 1.418589 -0.021745 
770 33.563697 0.000000 -2.224022 102.813065 -0.089458 0.781503 -0.057115 
771 34.157267 0.000000 -2.776618 100.825879 -0.097752 1.185182 -0.016727 
772 34.750837 0.000000 -2.224022 106.472029 -0.151617 1.973091 -0.134021 
773 33.860482 0.000000 -1.395128 102.084695 -0.062748 0.888303 -0.042208 
774 33.563697 0.000000 -1.395128 102.443033 -0.059169 0.498301 -0.049483 
775 33.860482 0.000000 -1.671426 103.037266 -0.066011 0.866646 -0.061743 
776 34.157267 0.000000 -1.395128 102.663505 -0.071175 1.416865 -0.054181 
777 33.860482 0.000000 -1.118830 103.628140 -0.057162 0.965583 -0.073973 
778 35.937977 0.000000 1.644151 102.582253 -0.111302 -7.576878 -0.058054 
779 37.125118 0.000000 1.644151 102.077818 -0.035941 -7.727996 -0.047960 
780 35.937977 0.000000 2.749343 101.793853 -0.189623 -1.047150 -0.036312 
781 34.157267 0.000000 2.196747 101.731048 -0.028189 -6.891396 -0.039670 
782 34.157267 0.000000 1.644151 106.444747 -0.022060 -6.517825 -0.137297 
783 34.750837 0.000000 2.196747 102.583334 -0.065470 -7.169362 -0.057474 
784 34.157267 0.000000 2.749343 101.927343 -0.126342 -0.627701 -0.038959 
785 34.157267 0.000000 1.091555 116.894973 -0.012940 -4.968913 -0.368912 
786 33.563697 0.000000 1.091555 118.066566 0.003609 -5.376250 -0.396862 
787 34.157267 0.000000 0.538958 159.723188 0.050235 0.753039 -1.551207 
788 34.750837 0.000000 1.091555 116.995985 -0.043873 -5.994771 -0.372400 
789 33.860482 0.000000 1.920449 104.733974 -0.017487 -6.531909 -0.101187 
790 33.563697 0.000000 1.920449 104.725417 -0.011116 -6.370991 -0.100800 
791 33.860482 0.000000 1.644151 105.956810 -0.016993 -6.446771 -0.126841 
792 34.157267 0.000000 1.920449 106.245985 -0.021844 -6.531193 -0.133087 
793 33.860482 0.000000 2.196747 101.167121 -0.019165 -6.763073 -0.028053 
794 35.344407 0.000000 -1.118830 101.561517 -0.075061 2.452175 -0.032076 
795 35.344407 0.000000 -1.671426 103.902289 -0.069921 2.618624 -0.080255 
796 35.937977 0.000000 -1.118830 102.700632 -0.085529 2.850600 -0.055555 
797 35.344407 0.000000 -0.566234 102.175327 -0.081628 2.545842 -0.044629 
798 39.499399 0.000000 4.959728 100.895510 0.539161 -0.325170 -0.018030 
799 41.873679 0.000000 4.959728 100.220789 0.241317 -0.630773 -0.004466 
800 39.499399 0.000000 7.170112 100.682135 0.018838 0.873584 -0.013766 
801 35.937977 0.000000 3.854535 101.707310 -0.160802 0.044470 -0.034440 
802 37.125118 0.000000 3.854535 101.612904 -0.046008 -0.123920 -0.032520 
803 35.937977 0.000000 4.959728 101.555673 0.060031 0.547645 -0.031386 
804 35.344407 0.000000 2.196747 102.702607 -0.092769 -7.368676 -0.060213 
805 35.344407 0.000000 1.644151 102.695225 -0.100159 -7.431471 -0.060155 
806 35.937977 0.000000 2.196747 102.584167 -0.117038 -7.575118 -0.058091 
807 35.344407 0.000000 2.749343 101.875050 -0.209389 -0.960287 -0.037949 
808 35.344407 0.000000 -2.224022 113.656722 -0.005955 3.051278 -0.292716 
809 35.344407 0.000000 -2.776618 98.412279 -0.116901 2.449051 0.030901 
810 35.937977 0.000000 -2.224022 104.051161 -0.029494 2.201935 -0.083149 
811 38.312258 0.000000 -0.566234 101.572266 -0.023420 2.190081 -0.032172 
812 38.312258 0.000000 -1.671426 103.549063 -0.023978 2.387226 -0.072811 
813 39.499399 0.000000 -0.566234 104.819904 -0.001216 0.693717 -0.098769 
814 38.312258 0.000000 0.538958 -80.490001 0.002685 0.886558 0.352057 
815 36.531548 0.000000 -1.118830 101.289458 -0.008939 2.877859 -0.026784 
816 36.531548 0.000000 -1.671426 101.914905 -0.052283 2.882758 -0.039496 
817 37.125118 0.000000 -1.118830 100.603015 -0.017046 2.795532 -0.012878 
818 36.531548 0.000000 -0.566234 101.485003 -0.030048 2.889473 -0.030756 
819 35.641192 0.000000 -1.395128 101.825593 -0.087476 2.673512 -0.037561 
820 35.344407 0.000000 -1.395128 101.850282 -0.078890 2.454142 -0.037951 
821 35.641192 0.000000 -1.671426 102.152598 -0.084155 2.576815 -0.044180 
822 35.937977 0.000000 -1.395128 102.655311 -0.091001 2.827962 -0.054612 
823 35.641192 0.000000 -1.118830 100.540910 -0.109574 2.702147 -0.011579 
824 35.344407 0.000000 1.091555 102.667121 -0.100572 -7.434116 -0.059581 
825 35.344407 0.000000 0.538958 143.839363 0.033985 0.635995 -1.069017 
826 35.937977 0.000000 1.091555 101.665360 -0.096359 -6.760094 -0.038155 
827 38.312258 0.000000 1.644151 101.278982 0.001786 -7.764680 -0.031772 
828 39.499399 0.000000 1.644151 96.053726 0.078844 -7.399323 0.071893 
829 38.312258 0.000000 2.749343 101.762900 0.019408 -1.346664 -0.035750 
830 36.531548 0.000000 2.196747 101.122944 -0.184453 -2.106244 -0.023032 
831 36.531548 0.000000 1.644151 102.414591 -0.083961 -7.671587 -0.054761 
832 37.125118 0.000000 2.196747 101.738002 -0.060078 -1.545587 -0.035301 
833 36.531548 0.000000 2.749343 101.725535 -0.174708 -1.021401 -0.034916 
834 35.641192 0.000000 1.920449 102.630899 -0.115560 -7.519225 -0.058965 
835 35.344407 0.000000 1.920449 102.689217 -0.100609 -7.433162 -0.060034 
836 35.641192 0.000000 1.644151 102.623965 -0.115540 -7.511691 -0.058812 
837 35.937977 0.000000 1.920449 102.587030 -0.110985 -7.569385 -0.058141 
838 35.641192 0.000000 2.196747 102.642583 -0.111124 -7.514200 -0.059198 
839 38.312258 0.000000 -2.776618 113.083185 -0.005855 3.348415 -0.279902 
840 38.312258 0.000000 -3.881811 99.768427 0.015580 2.911443 0.003778 
841 39.499399 0.000000 -2.776618 112.360853 0.000504 4.416004 -0.264446 
842 37.718688 0.000000 -1.118830 102.511611 -0.013325 2.569922 -0.051524 
843 37.718688 0.000000 -1.671426 101.772829 -0.016373 2.551090 -0.036422 
844 38.312258 0.000000 -1.118830 100.626184 -0.031696 2.042818 -0.012980 
845 37.718688 0.000000 -0.566234 101.784244 -0.016451 2.548067 -0.036653 
846 36.531548 0.000000 -0.013638 93.842632 -0.003766 0.095552 0.119355 
847 35.937977 0.000000 -0.013638 93.842632 -0.003766 0.095552 0.119355 
848 37.125118 0.000000 -0.013638 112.598488 0.037812 -2.792142 -0.268622 
849 36.531548 0.000000 0.538958 93.842632 -0.003766 0.095552 0.119355 
850 36.828333 0.000000 -0.842532 100.423264 -0.018655 2.845528 -0.009293 
851 36.531548 0.000000 -0.842532 101.474082 -0.030869 2.867664 -0.030521 
852 36.828333 0.000000 -1.118830 100.464501 -0.017616 2.820531 -0.010107 
853 37.125118 0.000000 -0.842532 100.741559 -0.011469 2.774924 -0.015656 
854 36.828333 0.000000 -0.566234 101.097437 -0.022461 2.854897 -0.022884 
855 36.234763 0.000000 -0.842532 102.733529 -0.056665 2.911396 -0.056266 
856 35.937977 0.000000 -0.842532 102.680630 -0.090798 2.829711 -0.055133 
857 36.234763 0.000000 -1.118830 102.959578 -0.064689 2.892641 -0.060905 
858 36.234763 0.000000 -0.566234 102.087595 -0.056961 2.884518 -0.043020 
859 36.531548 0.000000 -2.224022 101.055087 0.048330 2.520692 -0.021849 
860 36.531548 0.000000 -2.776618 100.991682 0.038672 3.084043 -0.020883 
861 37.125118 0.000000 -2.224022 112.992054 -0.004706 3.167492 -0.277724 
862 36.828333 0.000000 -1.395128 100.482953 -0.018696 2.846930 -0.010493 
863 36.531548 0.000000 -1.395128 101.496909 -0.031878 2.867895 -0.030985 
864 36.828333 0.000000 -1.671426 102.967040 -0.019892 2.904425 -0.061065 
865 37.125118 0.000000 -1.395128 101.091662 -0.015948 2.795281 -0.022734 
866 36.679940 0.000000 -0.980681 100.868090 -0.025570 2.855463 -0.018253 
867 36.531548 0.000000 -0.980681 101.387460 -0.024256 2.869548 -0.028765 
868 36.679940 0.000000 -1.118830 100.865765 -0.023167 2.856888 -0.018206 
869 36.828333 0.000000 -0.980681 100.559117 -0.017485 2.820423 -0.012009 
870 36.679940 0.000000 -0.842532 100.639082 -0.018020 2.853113 -0.013637 
871 36.531548 0.000000 1.091555 102.395878 -0.082429 -7.679797 -0.054390 
872 37.125118 0.000000 1.091555 102.077084 -0.034330 -7.726957 -0.047944 
873 37.718688 0.000000 1.091555 101.866801 -0.010874 -7.757737 -0.043703 
874 37.718688 0.000000 0.538958 112.598488 0.037812 -2.792142 -0.268622 
875 38.312258 0.000000 1.091555 100.784706 0.010989 -7.727945 -0.021728 
876 37.718688 0.000000 1.644151 101.878110 -0.009334 -7.752069 -0.043924 
877 36.828333 0.000000 1.367853 102.267693 -0.063821 -7.703816 -0.051803 
878 36.531548 0.000000 1.367853 102.379581 -0.080205 -7.671591 -0.054044 
879 36.828333 0.000000 1.091555 102.260684 -0.062891 -7.698465 -0.051652 
880 37.125118 0.000000 1.367853 102.067920 -0.034178 -7.727389 -0.047757 
881 36.828333 0.000000 1.644151 102.270056 -0.064183 -7.704502 -0.051853 
882 36.234763 0.000000 1.367853 102.482243 -0.096993 -7.643980 -0.056105 
883 35.937977 0.000000 1.367853 102.583878 -0.110541 -7.572751 -0.058081 
884 36.234763 0.000000 1.091555 101.586837 -0.085787 -6.853771 -0.036687 
885 36.234763 0.000000 1.644151 102.495395 -0.099374 -7.640542 -0.056369 
886 38.312258 0.000000 3.854535 101.498663 -0.044021 -0.434269 -0.030217 
887 39.499399 0.000000 3.854535 100.845915 0.007956 -0.986300 -0.017087 
888 38.312258 0.000000 4.959728 101.300077 0.478871 -0.025182 -0.026194 
889 37.718688 0.000000 2.196747 102.098723 -0.043947 -1.907175 -0.042779 
890 38.312258 0.000000 2.196747 101.767054 0.006438 -2.094863 -0.036092 
891 37.718688 0.000000 2.749343 101.790086 -0.008039 -1.122213 -0.036248 
892 36.828333 0.000000 1.920449 102.279332 -0.065370 -7.700848 -0.052037 
893 36.531548 0.000000 1.920449 102.410353 -0.083245 -7.679384 -0.054686 
894 37.125118 0.000000 1.920449 102.156317 -0.048397 -7.722853 -0.049556 
895 36.828333 0.000000 2.196747 102.122133 -0.098900 -2.057464 -0.043317 
896 36.679940 0.000000 1.506002 102.314388 -0.069841 -7.696234 -0.052747 
897 36.531548 0.000000 1.506002 102.395192 -0.081357 -7.673823 -0.054367 
898 36.679940 0.000000 1.367853 102.300398 -0.068167 -7.697736 -0.052463 
899 36.828333 0.000000 1.506002 102.265374 -0.063582 -7.705483 -0.051759 
900 36.679940 0.000000 1.644151 102.319853 -0.070491 -7.695449 -0.052858 
901 37.718688 0.000000 -0.013638 112.598488 0.037812 -2.792142 -0.268622 
902 38.312258 0.000000 -0.013638 -81.020536 0.010103 0.578158 0.343534 
903 37.421903 0.000000 -0.842532 101.794713 -0.009165 2.681240 -0.036935 
904 37.421903 0.000000 -1.118830 102.238893 -0.003237 2.744210 -0.046032 
905 37.718688 0.000000 -0.842532 102.390447 -0.013400 2.571948 -0.049042 
906 37.421903 0.000000 -0.566234 101.943663 -0.009240 2.710593 -0.039986 
907 37.421903 0.000000 1.367853 101.931008 -0.017460 -7.733488 -0.044974 
908 37.421903 0.000000 1.091555 101.945074 -0.021060 -7.737349 -0.045267 
909 37.718688 0.000000 1.367853 101.878702 -0.009189 -7.753498 -0.043939 
910 37.421903 0.000000 1.644151 101.993562 -0.022570 -7.727089 -0.046240 
911 51.370803 0.000000 -1.671426 100.835930 -0.005019 -0.674335 -0.016834 
912 51.370803 0.000000 -6.092195 100.761829 -0.035383 4.442284 -0.017268 
913 56.119364 0.000000 -1.671426 98.038213 0.040685 1.076176 0.038735 
914 51.370803 0.000000 2.749343 99.310419 -0.015603 -0.539844 0.013715 
915 44.247960 0.000000 0.538958 101.541430 0.037026 -32.032753 -0.133676 
916 44.247960 0.000000 -1.671426 107.075218 0.014375 5.712784 -0.149774 
917 46.622241 0.000000 0.538958 91.925045 -0.047151 -2.582178 0.154312 
918 44.247960 0.000000 2.749343 98.607152 0.036228 -3.025674 0.026747 
919 40.686539 0.000000 -0.566234 109.139650 -0.026458 0.506439 -0.191172 
920 40.686539 0.000000 -1.671426 109.535516 -0.019532 0.625891 -0.199842 
921 41.873679 0.000000 -0.566234 108.769443 0.043335 2.353840 -0.183633 
922 40.686539 0.000000 0.538958 100.510261 0.058242 -9.345346 -0.018965 
923 38.905828 0.000000 -1.118830 103.211140 -0.008204 1.455354 -0.065466 
924 38.905828 0.000000 -1.671426 103.280655 -0.005848 1.275315 -0.066852 
925 39.499399 0.000000 -1.118830 104.627219 0.005231 0.634650 -0.094726 
926 38.905828 0.000000 -0.566234 103.291941 -0.005819 1.276756 -0.067086 
927 40.686539 0.000000 1.644151 100.418750 0.062854 -9.037252 -0.016560 
928 41.873679 0.000000 1.644151 101.134170 0.062237 -13.224078 -0.040300 
929 40.686539 0.000000 2.749343 98.453407 -0.013837 -2.216237 0.030201 
930 38.905828 0.000000 1.091555 98.219726 0.052169 -7.545645 0.029595 
931 38.905828 0.000000 0.538958 98.183542 0.053892 -7.545294 0.030306 
932 39.499399 0.000000 1.091555 95.952516 0.080280 -7.391224 0.073848 
933 38.905828 0.000000 1.644151 98.288717 0.052083 -7.551733 0.028230 
934 44.247960 0.000000 -3.881811 98.682720 0.049876 6.343011 0.022148 
935 44.247960 0.000000 -6.092195 99.504471 0.064637 3.701966 0.008515 
936 46.622241 0.000000 -3.881811 107.660690 0.006376 3.754018 -0.160492 
937 40.686539 0.000000 -2.776618 106.147547 0.055448 4.085324 -0.128399 
938 40.686539 0.000000 -3.881811 102.876042 -0.041415 3.411108 -0.059512 
939 41.873679 0.000000 -2.776618 111.117298 0.003815 5.412183 -0.237635 
940 40.092969 0.000000 -1.118830 106.191467 -0.018923 0.297871 -0.127672 
941 40.092969 0.000000 -1.671426 108.277604 -0.022901 1.206142 -0.172549 
942 40.686539 0.000000 -1.118830 108.522714 -0.015809 0.625475 -0.177757 
943 40.092969 0.000000 -0.566234 106.635293 -0.019326 0.355328 -0.137121 
944 38.905828 0.000000 -0.013638 -81.428805 0.050392 0.617996 0.336897 
945 39.499399 0.000000 -0.013638 -78.586800 -0.000535 0.710932 0.382361 
946 39.202614 0.000000 -0.842532 104.753686 -0.000932 0.999368 -0.097433 
947 38.905828 0.000000 -0.842532 103.314616 -0.007896 1.433289 -0.067596 
948 39.202614 0.000000 -1.118830 105.093871 0.001381 1.057779 -0.104584 
949 39.499399 0.000000 -0.842532 104.688223 0.004471 0.648428 -0.096004 
950 39.202614 0.000000 -0.566234 103.520143 -0.003518 1.205446 -0.071787 
951 40.092969 0.000000 1.091555 98.169782 0.080099 -7.989635 0.029885 
952 40.092969 0.000000 0.538958 97.951780 0.087361 -7.789751 0.034476 
953 40.686539 0.000000 1.091555 100.434037 0.062084 -9.088718 -0.016960 
954 40.092969 0.000000 1.644151 98.241647 0.085956 -7.832106 0.028723 
955 38.905828 0.000000 2.196747 101.800905 -0.023801 -2.335493 -0.036888 
956 39.499399 0.000000 2.196747 101.587036 -0.029602 -3.436944 -0.033174 
957 38.905828 0.000000 2.749343 101.603844 -0.031024 -1.702075 -0.032624 
958 39.202614 0.000000 1.367853 97.231046 0.055771 -7.461628 0.049044 
959 38.905828 0.000000 1.367853 98.548997 0.052011 -7.574949 0.023071 
960 39.202614 0.000000 1.091555 97.297162 0.061962 -7.494541 0.047709 
961 39.499399 0.000000 1.367853 95.816204 0.080896 -7.373275 0.076488 
962 39.202614 0.000000 1.644151 97.467704 0.055622 -7.480689 0.044408 
963 51.370803 0.000000 7.170112 99.813323 -0.108800 1.045099 0.003620 
964 56.119364 0.000000 7.170112 99.392052 -0.002111 1.432112 0.011917 
965 51.370803 0.000000 11.590882 99.942883 -0.155130 1.682826 0.000856 
966 44.247960 0.000000 4.959728 99.505892 0.027003 -0.487177 0.009834 
967 46.622241 0.000000 4.959728 98.955687 0.053793 0.399072 0.020761 
968 44.247960 0.000000 7.170112 99.744372 0.055113 0.501452 0.005081 
969 43.060820 0.000000 1.644151 101.421228 0.085694 -7.515325 -0.034275 
970 43.060820 0.000000 0.538958 103.281794 0.054211 -21.548793 -0.113148 
971 44.247960 0.000000 1.644151 97.477217 0.087727 -6.215206 0.045956 
972 43.060820 0.000000 2.749343 100.036114 0.117960 -3.056683 -0.001658 
973 41.280109 0.000000 1.091555 100.790001 0.056027 -10.883425 -0.027708 
974 41.280109 0.000000 0.538958 100.913645 0.055341 -11.577915 -0.031761 
975 41.873679 0.000000 1.091555 101.461710 0.057012 -13.547440 -0.047802 
976 41.280109 0.000000 1.644151 100.896691 0.054811 -11.451363 -0.031128 
977 43.060820 0.000000 -0.566234 107.623473 0.050587 4.664485 -0.160457 
978 43.060820 0.000000 -1.671426 107.626485 0.030025 6.256252 -0.162260 
979 44.247960 0.000000 -0.566234 106.663857 0.073477 8.446927 -0.144853 
980 43.060820 0.000000 -2.776618 108.078049 0.009105 7.100956 -0.173129 
981 43.060820 0.000000 -3.881811 101.136061 0.065563 5.293298 -0.025653 
982 44.247960 0.000000 -2.776618 107.305775 0.005022 7.432533 -0.156977 
983 42.467250 0.000000 -1.118830 109.251464 0.047981 3.705626 -0.194962 
984 41.873679 0.000000 -1.118830 108.514301 0.045776 2.308966 -0.178069 
985 42.467250 0.000000 -1.671426 110.347199 0.045685 3.516949 -0.218888 
986 43.060820 0.000000 -1.118830 108.018920 0.054001 5.246697 -0.169562 
987 42.467250 0.000000 -0.566234 109.117755 0.048445 3.574049 -0.191946 
988 42.467250 0.000000 1.091555 102.558094 0.038686 -17.385282 -0.082041 
989 42.467250 0.000000 0.538958 102.763443 0.038018 -17.739762 -0.087503 
990 43.060820 0.000000 1.091555 103.242199 0.053602 -21.411824 -0.111742 
991 42.467250 0.000000 1.644151 102.619365 0.031782 -18.016193 -0.085532 
992 48.996522 0.000000 0.538958 99.512667 -0.011209 0.167843 0.009720 
993 48.996522 0.000000 -1.671426 105.700462 0.006447 3.885009 -0.118768 
994 51.370803 0.000000 0.538958 100.351914 -0.011810 -3.844779 -0.008529 
995 48.996522 0.000000 2.749343 99.065696 0.048873 0.653235 0.018556 
996 45.435101 0.000000 -0.566234 114.183811 0.026288 -6.489135 -0.308005 
997 45.435101 0.000000 -1.671426 105.873600 0.007123 5.011978 -0.123434 
998 46.622241 0.000000 -0.566234 112.046959 0.021967 -9.870587 -0.265195 
999 45.435101 0.000000 0.538958 103.898071 0.000175 -42.450578 -0.259686 
1000 43.654390 0.000000 -1.118830 108.876059 0.063738 6.857899 -0.190103 
1001 43.654390 0.000000 -1.671426 107.195055 0.004401 7.235699 -0.154314 
1002 44.247960 0.000000 -1.118830 108.622320 0.068482 8.770526 -0.187574 
1003 43.654390 0.000000 -0.566234 109.099652 0.064284 6.904718 -0.195041 
1004 45.435101 0.000000 1.644151 95.387177 0.019132 -4.510712 0.088094 
1005 46.622241 0.000000 1.644151 95.404982 -0.036034 -1.489229 0.089567 
1006 45.435101 0.000000 2.749343 97.350913 0.028660 -1.959543 0.051896 
1007 44.841530 0.000000 -0.013638 101.778149 0.015100 -34.379920 -0.154077 
1008 44.247960 0.000000 -0.013638 100.493353 0.032029 -29.899332 -0.099289 
1009 44.841530 0.000000 -0.566234 114.703383 0.060110 7.926967 -0.321971 
1010 45.435101 0.000000 -0.013638 106.379560 -0.001760 -35.375190 -0.256801 
1011 44.841530 0.000000 0.538958 99.760364 0.037576 -34.910615 -0.117088 
1012 -200.302961 0.000000 -209.447580 99.938245 0.000130 3.490118 0.000017 
1013 -276.279947 0.000000 -209.447580 99.938644 0.000075 3.490111 0.000009 
1014 -200.302961 0.000000 -280.179887 99.938285 0.000131 3.490027 0.000016 
1015 255.558951 0.000000 -209.447580 99.938305 0.001497 3.481835 0.000021 
1016 255.558951 0.000000 -280.179887 99.938257 0.001075 3.485365 0.000020 
1017 331.535936 0.000000 -209.447580 99.938817 0.001515 3.482028 0.000011 
1018 -200.302961 0.000000 214.946266 99.939600 -0.000012 3.490320 -0.000011 
1019 -276.279947 0.000000 214.946266 99.939330 -0.000018 3.490194 -0.000005 
1020 -200.302961 0.000000 285.678573 99.939708 -0.000042 3.490201 -0.000013 
1021 -86.337483 0.000000 -103.349118 99.935283 0.000631 3.490146 0.000076 
1022 -124.325976 0.000000 -103.349118 99.937012 0.000324 3.490380 0.000041 
1023 -86.337483 0.000000 -138.715272 99.935739 0.000527 3.489888 0.000067 
1024 103.604980 0.000000 214.946266 99.943995 -0.000626 3.481950 -0.000093 
1025 179.581965 0.000000 214.946266 99.941058 -0.001157 3.480991 -0.000033 
1026 103.604980 0.000000 285.678573 99.942323 -0.000526 3.485835 -0.000062 
1027 141.593473 0.000000 -103.349118 99.934709 0.003198 3.457440 0.000110 
1028 141.593473 0.000000 -138.715272 99.934970 0.002301 3.471785 0.000095 
1029 179.581965 0.000000 -103.349118 99.937374 0.003133 3.457928 0.000056 
1030 -86.337483 0.000000 108.847804 99.940209 0.000404 3.491817 -0.000024 
1031 -124.325976 0.000000 108.847804 99.939541 0.000177 3.491070 -0.000010 
1032 -86.337483 0.000000 144.213958 99.940971 0.000255 3.491318 -0.000039 
1033 -29.354744 0.000000 -50.299888 99.937236 0.035409 3.462502 0.000056 
1034 -48.348991 0.000000 -50.299888 99.927295 0.002549 3.490528 0.000235 
1035 -29.354744 0.000000 -67.982965 99.923291 0.004002 3.487318 0.000317 
1036 65.616487 0.000000 108.847804 99.961034 0.001265 3.458793 -0.000417 
1037 103.604980 0.000000 108.847804 99.947187 -0.000941 3.454625 -0.000137 
1038 65.616487 0.000000 144.213958 99.953273 0.000265 3.473917 -0.000272 
1039 84.610734 0.000000 -50.299888 99.922298 0.003068 3.381524 0.000410 
1040 84.610734 0.000000 -67.982965 99.916833 0.001763 3.421789 0.000492 
1041 103.604980 0.000000 -50.299888 99.925988 0.004087 3.364121 0.000348 
1042 -29.354744 0.000000 55.798574 99.930352 0.024165 3.498119 0.000169 
1043 -48.348991 0.000000 55.798574 99.937417 0.002174 3.496643 0.000029 
1044 -29.354744 0.000000 73.481651 99.944046 0.003175 3.499347 -0.000106 
1045 -19.857621 0.000000 -23.775272 99.885886 0.058189 3.470711 0.001076 
1046 -29.354744 0.000000 -23.775272 99.906158 0.037855 3.482455 0.000663 
1047 -19.857621 0.000000 -32.616811 99.898930 0.047817 3.470619 0.000816 
1048 46.622241 0.000000 55.798574 100.026406 -0.034073 3.378758 -0.001670 
1049 65.616487 0.000000 55.798574 99.975402 -0.005360 3.352202 -0.000632 
1050 46.622241 0.000000 73.481651 99.999719 -0.005008 3.430639 -0.001171 
1051 -0.863375 0.000000 29.273958 99.926644 0.123829 3.591083 0.000175 
1052 -10.360498 0.000000 29.273958 99.881702 0.062787 3.523207 0.001123 
1053 -0.863375 0.000000 38.115497 99.946009 -0.012807 3.537026 -0.000172 
1054 56.119364 0.000000 -23.775272 99.704499 -0.078138 3.100090 0.004940 
1055 56.119364 0.000000 -32.616811 100.045424 0.002692 3.404061 -0.002067 
1056 65.616487 0.000000 -23.775272 99.857352 0.001015 3.136181 0.001867 
1057 -19.857621 0.000000 29.273958 99.902537 0.044563 3.508908 0.000717 
1058 -29.354744 0.000000 29.273958 99.916165 0.031147 3.500447 0.000451 
1059 -19.857621 0.000000 38.115497 99.917406 0.034263 3.508906 0.000420 
1060 37.125118 0.000000 29.273958 100.387446 0.068635 3.096680 -0.008723 
1061 46.622241 0.000000 29.273958 100.132722 0.095335 3.052266 -0.003589 
1062 37.125118 0.000000 38.115497 100.068158 -0.105150 3.284840 -0.002444 
1063 13.382310 0.000000 16.011651 100.623498 -0.191994 3.923972 -0.014052 
1064 8.633748 0.000000 16.011651 100.471541 -0.173849 3.987444 -0.011046 
1065 13.382310 0.000000 20.432420 100.347384 -0.131549 3.726723 -0.008350 
1066 -3.237656 0.000000 4.959728 99.165087 -0.075129 3.674009 0.015278 
1067 -5.611936 0.000000 4.959728 99.529769 0.158763 3.655998 0.008043 
1068 -3.237656 0.000000 7.170112 99.523753 0.121572 3.840112 0.008026 
1069 2.104476 0.000000 -1.118830 112.650776 -0.164126 -11.965973 -0.283341 
1070 2.104476 0.000000 -1.671426 112.787586 -0.172318 -12.013812 -0.286540 
1071 2.104476 0.000000 -0.566234 112.287391 -0.175301 -14.622314 -0.282230 
1072 3.291617 0.000000 -0.013638 103.262324 0.013277 31.528108 -0.165713 
1073 2.698046 0.000000 -0.013638 102.035167 -0.026372 32.894566 -0.149323 
1074 3.885187 0.000000 -0.013638 -57.553626 0.008299 -3.760048 0.667344 
1075 2.104476 0.000000 -0.013638 100.602780 -0.031734 35.175702 -0.135825 
1076 2.104476 0.000000 0.538958 100.878279 -0.058849 35.772669 -0.145611 
1077 4.478757 0.000000 -1.118830 110.553414 0.365461 -0.834335 -0.222289 
1078 4.478757 0.000000 -1.671426 110.709618 -0.117826 -0.967969 -0.225757 
1079 4.478757 0.000000 -0.566234 111.089128 -0.128414 -1.198604 -0.234225 
1080 5.665897 0.000000 -0.013638 -59.956203 -0.002115 -2.185606 0.640048 
1081 5.072327 0.000000 -0.013638 -55.827634 -0.004496 -0.707559 0.688277 
1082 6.259468 0.000000 -0.013638 -59.595681 -0.027731 -2.497838 0.644211 
1083 4.478757 0.000000 -0.013638 -59.383596 0.014559 -1.911195 0.646994 
1084 2.104476 0.000000 1.091555 101.327747 -0.032265 35.589917 -0.153396 
1085 1.510906 0.000000 1.091555 94.967204 -0.064382 10.410128 0.087286 
1086 2.104476 0.000000 1.644151 97.070384 -0.065949 8.756397 0.050066 
1087 15.756591 0.000000 9.380497 100.772726 0.011273 4.006777 -0.017120 
1088 13.382310 0.000000 9.380497 100.341020 0.024671 4.258725 -0.008646 
1089 15.756591 0.000000 11.590882 100.599674 0.110719 3.895354 -0.013548 
1090 11.008029 0.000000 9.380497 99.976125 0.011613 4.108979 -0.001211 
1091 8.633748 0.000000 9.380497 99.853905 -0.072964 4.006600 0.001314 
1092 11.008029 0.000000 11.590882 99.779449 -0.038908 3.831539 0.002938 
1093 5.072327 0.000000 3.854535 100.634773 -0.073884 5.687232 -0.015971 
1094 3.885187 0.000000 3.854535 99.869771 -0.062541 5.812484 -0.000776 
1095 5.072327 0.000000 4.959728 100.323597 -0.080840 5.040432 -0.009024 
1096 6.853038 0.000000 -0.013638 -55.424033 -0.100323 -1.394173 0.692622 
1097 7.446608 0.000000 -0.013638 -47.732376 0.008775 0.154581 0.772160 
1098 6.853038 0.000000 0.538958 -57.122455 -0.102984 -1.550471 0.673461 
1099 6.853038 0.000000 1.091555 104.137509 -0.040237 17.680044 -0.115721 
1100 7.446608 0.000000 1.091555 106.457241 -0.058146 16.957712 -0.162071 
1101 6.853038 0.000000 1.644151 104.055668 -0.041665 18.849677 -0.118289 
1102 16.943731 0.000000 1.644151 -53.346490 0.009551 -0.057982 0.715415 
1103 15.756591 0.000000 1.644151 -70.742536 0.072858 0.955594 0.499458 
1104 18.130872 0.000000 1.644151 -45.501348 -0.010241 1.651515 0.792690 
1105 14.569450 0.000000 1.644151 -61.206758 0.115601 1.383974 0.625180 
1106 16.943731 0.000000 -2.776618 98.349372 -0.022873 3.487874 0.031524 
1107 16.943731 0.000000 -3.881811 98.874740 -0.008474 3.284213 0.021300 
1108 11.601599 0.000000 -2.224022 110.310879 -0.007456 3.926124 -0.218390 
1109 11.601599 0.000000 -2.776618 98.279230 -0.023008 2.486095 0.033501 
1110 12.195170 0.000000 -2.224022 109.895263 -0.014003 3.896101 -0.209215 
1111 10.414459 0.000000 3.301939 111.120025 -0.091279 17.380832 -0.264976 
1112 11.008029 0.000000 3.301939 111.291430 -0.057311 14.530434 -0.259692 
1113 10.414459 0.000000 3.854535 100.348258 -0.022489 6.205046 -0.010828 
1114 32.376556 0.000000 16.011651 100.813346 -0.262469 2.798806 -0.017123 
1115 37.125118 0.000000 16.011651 100.581902 -0.328055 2.431242 -0.012274 
1116 32.376556 0.000000 20.432420 100.739579 0.385224 2.932951 -0.015721 
1117 25.253714 0.000000 9.380497 100.966967 -0.072113 2.724893 -0.020176 
1118 27.627995 0.000000 9.380497 100.851631 -0.005271 2.426618 -0.017694 
1119 25.253714 0.000000 11.590882 100.789710 0.036228 3.007307 -0.016761 
1120 19.318012 0.000000 1.644151 102.298056 0.030665 2.124428 -0.046941 
1121 19.318012 0.000000 6.064920 101.344277 -0.081165 2.994077 -0.027963 
1122 18.130872 0.000000 6.064920 101.503687 0.018047 3.135020 -0.031283 
1123 19.318012 0.000000 7.170112 101.147114 -0.012556 3.211097 -0.024105 
1124 19.911582 0.000000 -0.013638 102.960678 0.020509 1.786963 -0.060409 
1125 19.318012 0.000000 -0.013638 101.856941 0.018774 3.472300 -0.038689 
1126 19.911582 0.000000 0.538958 104.859172 0.030692 0.905192 -0.099627 
1127 22.285863 0.000000 -0.013638 98.469589 -0.013589 1.168135 0.030238 
1128 22.879433 0.000000 -0.013638 103.232192 -0.024962 0.164680 -0.065691 
1129 22.285863 0.000000 0.538958 122.483705 -0.012175 2.564825 -0.500884 
1130 19.911582 0.000000 -2.224022 102.718027 0.018932 2.751360 -0.055856 
1131 19.318012 0.000000 -2.224022 102.718027 0.018932 2.751360 -0.055856 
1132 19.911582 0.000000 -2.776618 95.084761 -0.016822 0.943821 0.095800 
1133 24.660144 0.000000 -1.118830 100.204564 -0.037082 -2.328168 -0.004638 
1134 24.660144 0.000000 -1.671426 99.631290 -0.032273 -2.327361 0.006819 
1135 24.660144 0.000000 -0.566234 100.537472 -0.034988 -2.178923 -0.011253 
1136 23.473003 0.000000 -0.013638 106.485747 -0.018141 0.348347 -0.133934 
1137 24.066573 0.000000 -0.013638 107.586587 -0.013807 0.142591 -0.157489 
1138 23.473003 0.000000 0.538958 112.884950 0.001261 1.467124 -0.274516 
1139 21.989078 0.000000 -0.842532 94.608224 -0.005435 1.407183 0.104730 
1140 22.285863 0.000000 -0.842532 93.918298 -0.020363 0.503780 0.117910 
1141 21.989078 0.000000 -0.566234 95.300520 -0.006166 1.408169 0.091583 
1142 20.950330 0.000000 -0.980681 97.356124 0.006634 2.456713 0.051575 
1143 20.801937 0.000000 -0.980681 99.267893 0.005988 2.916162 0.013738 
1144 20.950330 0.000000 -0.842532 97.420473 0.006006 2.786084 0.050149 
1145 30.002275 0.000000 9.380497 101.013613 -0.116588 2.205163 -0.020863 
1146 32.376556 0.000000 9.380497 101.094414 -0.039142 1.927956 -0.022380 
1147 30.002275 0.000000 11.590882 101.320049 -0.289977 2.291870 -0.027109 
1148 24.066573 0.000000 6.064920 101.912674 0.049056 1.397799 -0.038815 
1149 25.253714 0.000000 6.064920 101.677492 0.042267 1.305283 -0.034002 
1150 24.066573 0.000000 7.170112 101.727035 0.028393 2.137262 -0.035296 
1151 21.098722 0.000000 4.407132 110.232215 -0.031264 -6.584706 -0.219450 
1152 20.505152 0.000000 4.407132 110.232215 -0.031264 -6.584706 -0.219450 
1153 21.098722 0.000000 4.959728 102.104275 0.004285 3.265832 -0.043595 
1154 23.473003 0.000000 -2.224022 96.741729 0.050722 0.532968 0.064075 
1155 23.473003 0.000000 -2.776618 96.983203 0.053210 -0.252309 0.059419 
1156 24.066573 0.000000 -2.224022 96.927060 0.003565 0.357132 0.060502 
1157 24.660144 0.000000 3.301939 105.064617 -0.046801 -9.569326 -0.113015 
1158 24.660144 0.000000 2.749343 105.179992 -0.044985 -9.136803 -0.114631 
1159 24.660144 0.000000 3.854535 102.906742 -0.088395 -2.328818 -0.059523 
1160 23.473003 0.000000 4.407132 102.594258 0.033707 -1.141082 -0.052689 
1161 24.066573 0.000000 4.407132 102.058699 -0.035612 -1.019282 -0.041702 
1162 23.473003 0.000000 4.959728 102.596321 0.024328 0.241268 -0.052606 
1163 51.370803 0.000000 -10.512965 99.775268 0.034122 3.092254 0.003533 
1164 51.370803 0.000000 -14.933734 99.505743 0.253573 3.024043 0.008940 
1165 56.119364 0.000000 -10.512965 99.254014 0.035282 2.773135 0.014095 
1166 30.595846 0.000000 -1.118830 103.047645 -0.056553 -2.839999 -0.062689 
1167 30.595846 0.000000 -1.671426 102.744081 -0.050668 -2.701793 -0.056365 
1168 30.595846 0.000000 -0.566234 103.349608 -0.041671 -2.121023 -0.068564 
1169 30.595846 0.000000 2.196747 103.811201 -0.047483 -9.355780 -0.086430 
1170 30.595846 0.000000 1.644151 104.212250 -0.043740 -8.093818 -0.092570 
1171 30.595846 0.000000 2.749343 104.351083 -0.052307 -10.137143 -0.099191 
1172 34.157267 0.000000 -0.013638 159.527836 0.050105 0.750698 -1.544970 
1173 33.563697 0.000000 -0.013638 160.564009 0.050793 0.763114 -1.578139 
1174 34.750837 0.000000 -0.013638 157.943455 0.049054 0.731712 -1.494667 
1175 32.970126 0.000000 -0.013638 144.093690 0.022300 0.599036 -1.076335 
1176 32.376556 0.000000 -0.013638 128.925443 0.001727 0.407923 -0.662194 
1177 32.970126 0.000000 0.538958 144.259178 0.022469 0.600969 -1.081107 
1178 32.970126 0.000000 1.091555 114.472563 0.004577 -4.660498 -0.312569 
1179 32.376556 0.000000 1.091555 119.443350 0.008543 -3.472306 -0.427877 
1180 32.970126 0.000000 -2.224022 106.210861 -0.164384 -0.656431 -0.128121 
1181 32.376556 0.000000 -2.224022 97.779324 -0.049896 -1.103630 0.043798 
1182 32.970126 0.000000 -2.776618 104.956938 -0.104111 -0.270083 -0.101604 
1183 35.344407 0.000000 -0.013638 144.008837 0.034113 0.637827 -1.073895 
1184 35.641192 0.000000 -0.842532 101.860611 -0.086933 2.674488 -0.038274 
1185 35.344407 0.000000 -0.842532 101.424511 -0.079362 2.534773 -0.029336 
1186 35.641192 0.000000 -0.566234 101.615340 -0.094324 2.704372 -0.033300 
1187 40.686539 0.000000 3.854535 99.904401 0.042692 -1.087861 0.001793 
1188 41.873679 0.000000 3.854535 100.052762 0.188115 -1.270536 -0.001220 
1189 40.686539 0.000000 4.959728 100.313748 0.296405 -0.378908 -0.006308 
1190 36.234763 0.000000 -1.395128 102.449487 -0.060139 2.866769 -0.050412 
1191 36.234763 0.000000 -1.671426 102.109108 -0.057571 2.884708 -0.043459 
1192 35.641192 0.000000 1.367853 102.622828 -0.106664 -7.502863 -0.058775 
1193 35.344407 0.000000 1.367853 102.680758 -0.101602 -7.437731 -0.059867 
1194 35.641192 0.000000 1.091555 101.404391 -0.096242 -6.447248 -0.032443 
1195 36.234763 0.000000 1.920449 102.493683 -0.099918 -7.636055 -0.056327 
1196 36.234763 0.000000 2.196747 102.494339 -0.097415 -7.651588 -0.056365 
1197 37.718688 0.000000 -2.224022 104.905911 0.009590 2.550521 -0.101176 
1198 37.718688 0.000000 -2.776618 104.154848 0.010824 2.886763 -0.085657 
1199 38.312258 0.000000 -2.224022 113.071650 -0.004886 3.532971 -0.279768 
1200 37.421903 0.000000 -1.395128 101.703763 -0.009993 2.675653 -0.035081 
1201 37.421903 0.000000 -1.671426 101.930550 -0.009255 2.711473 -0.039719 
1202 37.718688 0.000000 -1.395128 102.331216 -0.013381 2.574475 -0.047831 
1203 37.421903 0.000000 1.920449 101.933449 -0.012826 -7.732607 -0.045022 
1204 37.718688 0.000000 1.920449 101.851385 -0.012530 -7.752338 -0.043380 
1205 37.421903 0.000000 2.196747 101.551530 -0.044403 -1.917365 -0.031639 
1206 48.996522 0.000000 -3.881811 100.921516 0.012700 2.070665 -0.018944 
1207 48.996522 0.000000 -6.092195 100.216501 0.111749 2.114709 -0.004783 
1208 51.370803 0.000000 -3.881811 101.489932 -0.018760 6.043513 -0.033673 
1209 41.280109 0.000000 -1.118830 109.039399 0.010989 1.188105 -0.189100 
1210 41.280109 0.000000 -1.671426 110.117824 0.009549 2.551596 -0.213245 
1211 41.280109 0.000000 -0.566234 108.955133 0.010410 1.178936 -0.187261 
1212 41.280109 0.000000 -0.013638 -62.346281 0.053219 -0.568497 0.611262 
1213 40.686539 0.000000 -0.013638 -60.906535 -0.021966 0.629906 0.629000 
1214 41.873679 0.000000 -0.013638 -65.251522 0.006803 0.462005 0.574203 
1215 40.092969 0.000000 -0.013638 -63.213997 -0.005979 1.270006 0.600238 
1216 40.092969 0.000000 2.196747 97.597830 -0.005230 -4.914990 0.045051 
1217 40.686539 0.000000 2.196747 97.242511 -0.050003 -2.916182 0.053539 
1218 40.092969 0.000000 2.749343 99.187880 0.052952 -2.825105 0.015378 
1219 45.435101 0.000000 -2.776618 106.667338 0.003549 5.039316 -0.140332 
1220 45.435101 0.000000 -3.881811 98.691720 0.045819 5.794435 0.022637 
1221 46.622241 0.000000 -2.776618 106.665241 0.003525 5.046724 -0.140294 
1222 48.996522 0.000000 4.959728 99.541089 0.110370 0.905062 0.009074 
1223 51.370803 0.000000 4.959728 99.593550 -0.046197 0.556308 0.008081 
1224 48.996522 0.000000 7.170112 99.668873 -0.130218 1.112698 0.006486 
1225 43.060820 0.000000 3.854535 99.953737 0.171311 -1.477265 0.000704 
1226 44.247960 0.000000 3.854535 99.151380 0.049356 -1.407471 0.016702 
1227 43.060820 0.000000 4.959728 99.931495 0.146240 -0.597662 0.001332 
1228 45.435101 0.000000 3.854535 98.404684 0.015205 -0.780967 0.031591 
1229 46.622241 0.000000 3.854535 98.303672 -0.002174 0.112585 0.033638 
1230 45.435101 0.000000 4.959728 99.010799 -0.005475 -0.072377 0.019686 
1231 43.654390 0.000000 -0.013638 102.546821 0.033556 -28.471122 -0.132646 
1232 43.060820 0.000000 -0.013638 -66.456755 0.014645 -1.164862 0.558214 
1233 43.654390 0.000000 0.538958 103.118178 0.049411 -26.521443 -0.133675 
1234 42.467250 0.000000 -0.013638 -64.338087 0.010799 0.407003 0.586044 
1235 44.841530 0.000000 -1.118830 113.320652 0.069456 11.644712 -0.297717 
1236 44.841530 0.000000 -1.671426 107.074877 0.014403 5.708451 -0.149762 
1237 45.435101 0.000000 -1.118830 117.660337 0.047344 11.773276 -0.398257 
1238 255.558951 0.000000 214.946266 99.940031 -0.001398 3.480897 -0.000013 
1239 331.535936 0.000000 214.946266 99.939686 -0.001511 3.480806 -0.000006 
1240 255.558951 0.000000 285.678573 99.939990 -0.001000 3.484869 -0.000015 
1241 141.593473 0.000000 108.847804 99.942529 -0.002059 3.454820 -0.000044 
1242 179.581965 0.000000 108.847804 99.941168 -0.002539 3.454801 -0.000017 
1243 141.593473 0.000000 144.213958 99.942650 -0.001481 3.469876 -0.000057 
1244 84.610734 0.000000 55.798574 99.950329 -0.004213 3.357550 -0.000134 
1245 103.604980 0.000000 55.798574 99.944501 -0.003623 3.361756 -0.000020 
1246 84.610734 0.000000 73.481651 99.954852 0.000765 3.411365 -0.000261 
1247 3.885187 0.000000 16.011651 100.037834 0.038933 3.822650 -0.002218 
1248 -0.863375 0.000000 16.011651 99.772865 0.118413 3.708200 0.003161 
1249 3.885187 0.000000 20.432420 99.973660 0.137844 3.640103 -0.000800 
1250 -5.611936 0.000000 16.011651 99.745421 0.142519 3.601715 0.003786 
1251 -10.360498 0.000000 16.011651 99.798728 0.127344 3.548959 0.002760 
1252 -5.611936 0.000000 20.432420 99.800535 0.156215 3.570777 0.002708 
1253 56.119364 0.000000 29.273958 99.876060 -0.067423 3.067013 0.001536 
1254 65.616487 0.000000 29.273958 99.882675 -0.073203 3.100633 0.001383 
1255 56.119364 0.000000 38.115497 99.919628 -0.077240 3.236814 0.000559 
1256 6.259468 0.000000 9.380497 99.881253 -0.115548 4.087554 0.000701 
1257 3.885187 0.000000 9.380497 99.805576 -0.075386 4.132222 0.002177 
1258 6.259468 0.000000 11.590882 99.994343 -0.082079 4.003208 -0.001490 
1259 1.510906 0.000000 9.380497 99.570992 -0.043474 4.040219 0.006929 
1260 -0.863375 0.000000 9.380497 99.623295 0.055410 3.978362 0.005937 
1261 1.510906 0.000000 11.590882 99.730271 -0.024032 3.931902 0.003841 
1262 -3.237656 0.000000 9.380497 99.572555 0.152277 3.749943 0.007122 
1263 -5.611936 0.000000 9.380497 99.631310 0.062103 3.599078 0.006064 
1264 -3.237656 0.000000 11.590882 99.637727 0.060161 3.666373 0.005888 
1265 2.698046 0.000000 3.854535 99.152825 -0.121746 5.750348 0.013564 
1266 1.510906 0.000000 3.854535 98.564290 -0.073344 5.316646 0.025681 
1267 2.698046 0.000000 4.959728 99.367060 -0.093349 5.112995 0.010004 
1268 0.917336 0.000000 1.091555 94.955094 -0.054003 8.393850 0.091307 
1269 0.323766 0.000000 1.091555 94.764483 -0.043670 6.358115 0.097927 
1270 0.917336 0.000000 1.644151 96.160713 -0.052907 6.967476 0.070457 
1271 41.873679 0.000000 16.011651 100.518947 -0.051336 2.306625 -0.010938 
1272 46.622241 0.000000 16.011651 100.385330 -0.305975 2.232914 -0.008229 
1273 41.873679 0.000000 20.432420 100.442264 0.082295 2.647942 -0.009567 
1274 16.943731 0.000000 6.064920 102.020644 0.002004 3.772365 -0.042244 
1275 15.756591 0.000000 6.064920 102.049274 -0.036063 4.658491 -0.043576 
1276 16.943731 0.000000 7.170112 101.494037 -0.057385 3.853933 -0.031590 
1277 14.569450 0.000000 6.064920 101.032376 -0.003024 5.186923 -0.023445 
1278 13.382310 0.000000 6.064920 100.206053 -0.031546 5.174372 -0.006803 
1279 14.569450 0.000000 7.170112 100.843221 -0.018316 4.639052 -0.019088 
1280 24.660144 0.000000 -0.013638 106.380818 -0.010532 -0.764187 -0.131746 
1281 25.253714 0.000000 -0.013638 108.187825 0.023817 0.715047 -0.170512 
1282 24.660144 0.000000 0.538958 111.515132 0.011500 0.665701 -0.243607 
1283 34.750837 0.000000 9.380497 101.087032 -0.158241 1.962001 -0.022246 
1284 37.125118 0.000000 9.380497 101.062800 -0.148719 1.708840 -0.021663 
1285 34.750837 0.000000 11.590882 100.932893 -0.420551 2.088055 -0.019199 
1286 26.440854 0.000000 6.064920 101.517640 -0.044753 1.151873 -0.030716 
1287 27.627995 0.000000 6.064920 101.393067 -0.130460 1.184134 -0.028197 
1288 26.440854 0.000000 7.170112 101.354106 0.055214 1.817342 -0.027596 
1289 24.660144 0.000000 -2.224022 96.718862 -0.085430 -0.126712 0.064544 
1290 24.660144 0.000000 -2.776618 96.835284 -0.072155 -0.923451 0.062207 
1291 25.253714 0.000000 -2.224022 100.916492 -0.047669 -0.719551 -0.018466 
1292 24.660144 0.000000 4.407132 101.843684 -0.072618 -0.788435 -0.037276 
1293 25.253714 0.000000 4.407132 101.619773 -0.088239 -0.640353 -0.032700 
1294 24.660144 0.000000 4.959728 101.848237 -0.056393 0.159178 -0.037309 
1295 25.847284 0.000000 -0.013638 108.072332 0.008092 -0.069713 -0.167963 
1296 26.440854 0.000000 -0.013638 108.201218 0.005879 -0.193052 -0.170754 
1297 25.847284 0.000000 0.538958 108.061892 0.008173 -0.066503 -0.167738 
1298 25.847284 0.000000 -2.224022 98.092373 -0.029410 -0.472673 0.037766 
1299 25.847284 0.000000 -2.776618 98.933120 -0.031979 -0.836467 0.021154 
1300 26.440854 0.000000 -2.224022 98.639857 -0.056528 -0.420407 0.027000 
1301 28.815135 0.000000 6.064920 101.304879 -0.111214 1.183298 -0.026409 
1302 30.002275 0.000000 6.064920 101.107600 -0.029826 1.204843 -0.022420 
1303 28.815135 0.000000 7.170112 101.204121 -0.014617 1.713501 -0.024521 
1304 25.847284 0.000000 4.407132 101.499172 -0.064444 -0.603815 -0.030245 
1305 26.440854 0.000000 4.407132 101.570784 -0.038888 -0.476614 -0.031685 
1306 25.847284 0.000000 4.959728 101.585037 -0.042616 0.209784 -0.031957 
1307 31.782986 0.000000 -0.013638 102.995855 -0.023711 0.108666 -0.060816 
1308 31.189416 0.000000 -0.013638 103.740645 -0.013639 0.143818 -0.076214 
1309 31.782986 0.000000 0.538958 102.985402 -0.023617 0.108852 -0.060601 
1310 30.595846 0.000000 -0.013638 103.131195 -0.011339 -0.338173 -0.063616 
1311 30.002275 0.000000 -0.013638 103.112322 -0.011381 -0.419567 -0.063233 
1312 30.595846 0.000000 0.538958 103.119842 -0.011319 -0.336975 -0.063382 
1313 30.595846 0.000000 1.091555 103.227324 -0.014437 -0.472747 -0.065610 
1314 30.002275 0.000000 1.091555 101.295155 -0.006904 -0.550915 -0.026101 
1315 31.189416 0.000000 1.091555 103.787442 -0.013750 0.143886 -0.077185 
1316 31.782986 0.000000 1.091555 103.997112 -0.014247 0.144189 -0.081542 
1317 31.782986 0.000000 -2.224022 103.385049 0.005166 -1.214048 -0.068994 
1318 31.189416 0.000000 -2.224022 99.393481 -0.089003 -1.415999 0.011892 
1319 31.782986 0.000000 -2.776618 103.426183 0.006874 -0.357839 -0.069710 
1320 30.595846 0.000000 -2.224022 100.312818 -0.080129 -0.923519 -0.006352 
1321 30.002275 0.000000 -2.224022 103.796009 -0.072087 -0.098642 -0.077363 
1322 30.595846 0.000000 -2.776618 99.767172 -0.078679 -0.092494 0.004650 
1323 51.370803 0.000000 16.011651 100.259613 -0.129968 2.196252 -0.005683 
1324 56.119364 0.000000 16.011651 99.937595 0.146234 2.315649 0.000709 
1325 51.370803 0.000000 20.432420 100.123360 0.178455 2.605341 -0.003151 
1326 39.499399 0.000000 9.380497 100.962344 -0.027929 1.415434 -0.019540 
1327 41.873679 0.000000 9.380497 100.650945 -0.138811 1.180222 -0.013202 
1328 39.499399 0.000000 11.590882 100.698319 -0.319584 1.661826 -0.014302 
1329 38.905828 0.000000 -2.224022 104.375644 0.019798 2.815750 -0.090220 
1330 38.905828 0.000000 -2.776618 103.425653 0.021315 2.779492 -0.070459 
1331 39.499399 0.000000 -2.224022 112.855343 0.000604 5.274925 -0.276415 
1332 41.280109 0.000000 2.196747 98.228104 0.042007 -2.502548 0.034497 
1333 41.873679 0.000000 2.196747 99.367693 0.013675 -2.997544 0.011708 
1334 41.280109 0.000000 2.749343 99.009275 0.074795 -2.012015 0.019311 
1335 40.092969 0.000000 -2.224022 112.611298 0.000555 4.851023 -0.270484 
1336 40.092969 0.000000 -2.776618 112.360853 0.000504 4.416004 -0.264446 
1337 40.686539 0.000000 -2.224022 107.725433 0.079106 3.831187 -0.161945 
1338 43.654390 0.000000 1.091555 103.252192 0.056460 -27.064043 -0.139348 
1339 44.247960 0.000000 1.091555 102.925859 0.037852 -30.522334 -0.152535 
1340 43.654390 0.000000 1.644151 100.118879 0.105735 -6.424623 -0.006508 
1341 42.467250 0.000000 2.196747 100.299196 0.129807 -4.025066 -0.007615 
1342 43.060820 0.000000 2.196747 100.251931 0.107967 -4.423095 -0.007003 
1343 42.467250 0.000000 2.749343 100.232287 0.134006 -2.705626 -0.005385 
1344 44.841530 0.000000 1.091555 100.207678 0.042000 -37.081788 -0.141664 
1345 45.435101 0.000000 1.091555 93.948558 0.014437 -7.233157 0.112135 
1346 44.841530 0.000000 1.644151 96.258735 0.045102 -5.625454 0.070261 
1347 0.323766 0.000000 3.854535 98.344076 -0.030717 4.704588 0.030631 
1348 -0.863375 0.000000 3.854535 98.540333 -0.015688 4.183592 0.027230 
1349 0.323766 0.000000 4.959728 98.797005 -0.029980 4.454559 0.021931 
1350 12.195170 0.000000 6.064920 99.816387 -0.021565 4.912560 0.001256 
1351 11.008029 0.000000 6.064920 99.679628 0.006506 4.713306 0.004176 
1352 12.195170 0.000000 7.170112 99.968310 0.031444 4.608071 -0.001490 
1353 9.820889 0.000000 6.064920 99.719564 -0.038553 4.426789 0.003641 
1354 8.633748 0.000000 6.064920 99.828469 -0.069061 4.304968 0.001574 
1355 9.820889 0.000000 7.170112 99.794755 -0.047259 4.289336 0.002261 
1356 31.189416 0.000000 6.064920 101.070387 -0.081363 1.305693 -0.021693 
1357 32.376556 0.000000 6.064920 101.158394 -0.099186 1.240178 -0.023457 
1358 31.189416 0.000000 7.170112 101.069940 -0.086176 1.627905 -0.021779 
1359 29.408705 0.000000 -0.013638 101.610526 -0.007929 -0.645703 -0.032512 
1360 28.815135 0.000000 -0.013638 102.949527 -0.011400 -0.960962 -0.059953 
1361 29.408705 0.000000 0.538958 101.615270 -0.007959 -0.648723 -0.032608 
1362 29.408705 0.000000 1.091555 101.601046 -0.007893 -0.642642 -0.032319 
1363 28.815135 0.000000 1.091555 102.937502 -0.011312 -0.952312 -0.059704 
1364 29.408705 0.000000 -2.224022 97.678996 -0.084499 -0.960494 0.045788 
1365 28.815135 0.000000 -2.224022 106.770105 -0.062369 -1.508348 -0.140213 
1366 29.408705 0.000000 -2.776618 98.830775 -0.133707 -0.469464 0.023224 
1367 44.247960 0.000000 9.380497 100.652839 0.014428 1.121746 -0.013225 
1368 46.622241 0.000000 9.380497 99.912051 -0.024566 1.184339 0.001618 
1369 44.247960 0.000000 11.590882 100.180224 -0.233993 1.647832 -0.003885 
1370 33.563697 0.000000 6.064920 101.309069 -0.051866 1.161972 -0.026488 
1371 34.750837 0.000000 6.064920 101.413222 0.005343 1.011147 -0.028566 
1372 33.563697 0.000000 7.170112 101.255824 -0.127179 1.360023 -0.025461 
1373 41.280109 0.000000 -2.224022 111.691690 0.001441 5.890745 -0.250973 
1374 41.280109 0.000000 -2.776618 111.117298 0.003815 5.412183 -0.237635 
1375 41.873679 0.000000 -2.224022 112.250659 -0.000869 6.356457 -0.264062 
1376 48.996522 0.000000 9.380497 99.541912 0.020462 1.385399 0.008949 
1377 51.370803 0.000000 9.380497 99.522258 -0.010155 1.407186 0.009334 
1378 48.996522 0.000000 11.590882 100.042818 -0.119318 1.678923 -0.001140 
1379 43.654390 0.000000 2.196747 99.347664 0.106640 -4.514721 0.010965 
1380 44.247960 0.000000 2.196747 98.191739 0.088811 -4.356970 0.033939 
1381 43.654390 0.000000 2.749343 99.392720 0.172540 -3.164362 0.011104 
1382 42.467250 0.000000 -2.224022 106.500095 0.042791 5.925101 -0.137738 
1383 42.467250 0.000000 -2.776618 105.398463 0.004441 6.278344 -0.114825 
1384 43.060820 0.000000 -2.224022 108.400398 0.008131 7.260979 -0.180337 
1385 44.841530 0.000000 2.196747 97.239435 0.034658 -3.801973 0.053004 
1386 45.435101 0.000000 2.196747 96.520410 0.000315 -2.940599 0.067516 
1387 44.841530 0.000000 2.749343 97.881309 0.038645 -2.602895 0.041247 
1 11 62 60 61 
2 62 10 24 60 
3 60 24 14 63 
4 61 60 63 6 
5 24 66 64 65 
6 66 23 40 64 
7 64 40 27 67 
8 65 64 67 14 
9 40 70 68 69 
10 69 68 71 27 
11 6 63 92 93 
12 63 14 36 92 
13 92 36 19 94 
14 93 92 94 20 
15 14 67 95 96 
16 67 27 52 95 
17 95 52 35 97 
18 96 95 97 36 
19 27 71 98 99 
20 99 98 100 52 
21 68 112 110 111 
22 112 56 80 110 
23 110 80 43 113 
24 111 110 113 71 
25 80 116 114 115 
26 115 114 117 43 
27 71 113 133 134 
28 113 43 102 133 
29 133 102 76 135 
30 134 133 135 98 
31 43 117 136 137 
32 137 136 138 102 
33 114 141 139 140 
34 141 106 129 139 
35 139 129 83 142 
36 140 139 142 117 
37 12 145 143 144 
38 145 7 146 143 
39 143 146 13 25 
40 144 143 25 10 
41 25 149 147 148 
42 149 13 150 147 
43 147 150 26 41 
44 148 147 41 23 
45 41 153 151 152 
46 153 26 154 151 
47 151 154 42 57 
48 152 151 57 39 
49 39 157 155 156 
50 157 57 158 155 
51 155 158 55 81 
52 156 155 81 56 
53 81 161 159 160 
54 161 55 162 159 
55 159 162 82 107 
56 160 159 107 79 
57 79 165 163 164 
58 165 107 166 163 
59 106 169 167 168 
60 168 167 171 129 
61 56 174 172 173 
62 174 81 160 172 
63 172 160 79 116 
64 173 172 116 80 
65 116 177 175 176 
66 177 79 164 175 
67 175 164 106 141 
68 176 175 141 114 
69 164 180 178 179 
70 180 163 181 178 
71 178 181 130 169 
72 179 178 169 106 
73 169 196 194 195 
74 196 130 197 194 
75 194 197 170 198 
76 195 194 198 167 
77 199 201 124 202 
78 200 199 202 125 
79 129 171 203 204 
80 203 205 132 206 
81 204 203 206 83 
82 167 198 207 208 
83 198 170 209 207 
84 207 209 128 210 
85 208 207 210 171 
86 107 212 211 166 
87 212 82 213 211 
88 163 215 214 181 
89 215 166 216 214 
90 214 216 105 191 
91 181 214 191 130 
92 191 223 221 222 
93 223 105 224 221 
94 221 224 192 225 
95 222 221 225 190 
96 226 227 109 228 
97 205 226 228 132 
98 232 233 126 234 
99 201 232 234 124 
100 235 236 189 237 
101 227 235 237 109 
102 193 240 238 239 
103 240 131 241 238 
104 238 241 227 242 
105 239 238 242 226 
106 166 244 243 216 
107 244 211 245 243 
108 243 245 187 218 
109 216 243 218 105 
110 251 108 252 250 
111 250 252 188 253 
112 218 256 254 255 
113 256 187 257 254 
114 254 257 219 258 
115 255 254 258 217 
116 131 260 259 241 
117 260 220 261 259 
118 259 261 235 262 
119 241 259 262 227 
120 253 188 264 263 
121 263 264 59 265 
122 236 263 265 189 
123 220 267 266 261 
124 267 186 268 266 
125 266 268 236 269 
126 261 266 269 235 
127 57 271 270 158 
128 271 42 272 270 
129 270 272 58 89 
130 158 270 89 55 
131 55 274 273 162 
132 274 89 275 273 
133 273 275 88 183 
134 162 273 183 82 
135 82 277 276 213 
136 277 183 278 276 
137 211 280 279 245 
138 280 213 281 279 
139 279 281 108 251 
140 245 279 251 187 
141 187 283 282 257 
142 283 251 284 282 
143 282 284 250 285 
144 257 282 285 219 
145 108 287 286 252 
146 286 288 246 289 
147 252 286 289 188 
148 213 291 290 281 
149 291 276 292 290 
150 281 290 287 108 
151 306 182 307 305 
152 305 307 248 308 
153 288 305 308 246 
154 287 311 309 310 
155 309 312 288 313 
156 310 309 313 286 
157 183 315 314 278 
158 315 88 316 314 
159 276 318 317 292 
160 318 278 319 317 
161 317 319 182 306 
162 290 322 320 321 
163 322 292 323 320 
164 320 323 247 311 
165 321 320 311 287 
166 247 325 324 312 
167 325 306 326 324 
168 324 326 305 327 
169 312 324 327 288 
170 311 330 328 329 
171 330 247 331 328 
172 328 331 312 332 
173 329 328 332 309 
174 188 289 336 264 
175 289 246 337 336 
176 339 341 333 342 
177 340 339 342 233 
178 264 345 343 344 
179 345 336 346 343 
180 344 343 347 59 
181 246 308 348 337 
182 308 248 349 348 
183 348 349 185 350 
184 337 348 350 249 
185 336 352 351 346 
186 352 337 353 351 
187 351 353 249 354 
188 346 351 354 338 
189 189 265 355 356 
190 265 59 340 355 
191 355 340 233 357 
192 356 355 357 232 
193 59 347 358 359 
194 347 338 360 358 
195 358 360 339 361 
196 359 358 361 340 
197 343 364 362 363 
198 364 346 365 362 
199 362 365 338 366 
200 363 362 366 347 
201 249 350 376 341 
202 350 185 377 376 
203 376 377 334 378 
204 341 376 378 333 
205 182 380 379 307 
206 379 381 301 382 
207 307 379 382 248 
208 278 384 383 319 
209 384 314 385 383 
210 383 385 302 380 
211 319 383 380 182 
212 302 391 390 381 
213 391 184 392 390 
214 390 392 303 393 
215 381 390 393 301 
216 380 396 394 395 
217 396 302 397 394 
218 394 397 381 398 
219 395 394 398 379 
220 185 400 399 377 
221 400 304 401 399 
222 399 401 373 402 
223 377 399 402 334 
224 304 407 406 401 
225 407 91 408 406 
226 406 408 374 409 
227 401 406 409 373 
228 89 411 410 275 
229 411 58 412 410 
230 410 412 90 298 
231 275 410 298 88 
232 88 414 413 316 
233 414 298 415 413 
234 184 417 416 392 
235 392 416 419 303 
236 91 421 420 408 
237 421 389 422 420 
238 420 422 403 423 
239 408 420 423 374 
240 298 437 436 415 
241 437 90 438 436 
242 413 441 439 440 
243 441 415 442 439 
244 316 450 448 449 
245 450 413 440 448 
246 449 448 417 184 
247 440 453 451 452 
248 453 439 454 451 
249 451 454 433 445 
250 452 451 445 387 
251 460 297 461 459 
252 459 461 434 462 
253 445 465 463 464 
254 465 433 466 463 
255 463 466 446 467 
256 417 470 468 469 
257 470 387 444 468 
258 468 444 418 471 
259 469 468 471 416 
260 387 474 472 473 
261 474 445 464 472 
262 473 472 475 444 
263 386 435 476 477 
264 435 388 478 476 
265 476 478 300 479 
266 477 476 479 389 
267 418 447 480 481 
268 447 432 482 480 
269 480 482 435 483 
270 481 480 483 386 
271 467 446 486 484 
272 484 486 432 487 
273 485 484 487 447 
274 464 490 488 489 
275 490 463 491 488 
276 488 491 467 492 
277 444 475 493 494 
278 493 485 447 495 
279 494 493 495 418 
280 472 498 496 497 
281 498 464 489 496 
282 496 489 443 499 
283 497 496 499 475 
284 443 492 500 501 
285 492 467 502 500 
286 500 502 484 503 
287 501 500 503 485 
288 489 506 504 505 
289 506 488 507 504 
290 504 507 492 508 
291 505 504 508 443 
292 415 519 518 442 
293 519 436 520 518 
294 439 522 521 454 
295 522 442 523 521 
296 521 523 297 460 
297 454 521 460 433 
298 433 525 524 466 
299 525 460 526 524 
300 524 526 459 527 
301 466 524 527 446 
302 479 534 532 533 
303 534 300 535 532 
304 532 535 516 536 
305 389 539 537 538 
306 539 479 533 537 
307 537 533 515 540 
308 538 537 540 422 
309 19 38 541 542 
310 38 21 543 541 
311 541 543 9 544 
312 542 541 544 22 
313 35 54 545 546 
314 54 37 547 545 
315 545 547 21 548 
316 546 545 548 38 
317 51 78 549 550 
318 78 53 551 549 
319 549 551 37 552 
320 550 549 552 54 
321 75 123 553 554 
322 123 77 555 553 
323 553 555 53 556 
324 554 553 556 78 
325 121 372 557 558 
326 372 122 559 557 
327 557 559 77 560 
328 558 557 560 123 
329 230 405 561 562 
330 405 370 563 561 
331 561 563 372 564 
332 562 561 564 121 
333 403 517 565 566 
334 517 404 567 565 
335 565 567 370 568 
336 566 565 568 405 
337 515 536 569 570 
338 536 516 571 569 
339 569 571 404 572 
340 570 569 572 517 
341 533 575 573 574 
342 575 532 576 573 
343 573 576 536 577 
344 574 573 577 515 
345 297 579 578 461 
346 579 456 580 578 
347 578 580 455 581 
348 461 578 581 434 
349 388 458 582 478 
350 458 428 583 582 
351 582 583 431 529 
352 478 582 529 300 
353 300 585 584 535 
354 585 529 586 584 
355 584 586 528 587 
356 535 584 587 516 
357 593 299 594 592 
358 592 594 430 595 
359 7 597 596 146 
360 597 16 598 596 
361 596 598 15 32 
362 146 596 32 13 
363 13 600 599 150 
364 600 32 601 599 
365 599 601 31 48 
366 150 599 48 26 
367 26 603 602 154 
368 603 48 604 602 
369 602 604 47 85 
370 154 602 85 42 
371 42 606 605 272 
372 606 85 607 605 
373 605 607 84 294 
374 272 605 294 58 
375 58 609 608 412 
376 609 294 610 608 
377 608 610 293 425 
378 412 608 425 90 
379 90 612 611 438 
380 612 425 613 611 
381 436 615 614 520 
382 615 438 616 614 
383 614 616 299 593 
384 429 619 617 618 
385 619 593 620 617 
386 617 620 592 621 
387 618 617 621 457 
388 626 5 627 625 
389 625 627 513 628 
390 428 595 629 583 
391 595 430 630 629 
392 629 630 5 626 
393 583 629 626 431 
394 431 633 631 632 
395 633 626 634 631 
396 631 634 625 635 
397 632 631 635 530 
398 299 637 636 594 
399 594 636 639 430 
400 430 639 640 630 
401 630 640 642 5 
402 438 644 643 616 
403 644 611 645 643 
404 616 643 637 299 
405 15 647 646 33 
406 647 17 648 646 
407 646 648 8 649 
408 33 646 649 18 
409 31 651 650 49 
410 651 33 652 650 
411 650 652 18 653 
412 49 650 653 34 
413 47 655 654 86 
414 655 49 656 654 
415 654 656 34 657 
416 86 654 657 50 
417 659 86 660 658 
418 658 660 50 661 
419 637 676 674 675 
420 676 589 677 674 
421 674 677 638 678 
422 675 674 678 636 
423 5 642 682 627 
424 642 591 683 682 
425 682 683 622 684 
426 627 682 684 513 
427 640 687 685 686 
428 687 641 688 685 
429 685 688 591 689 
430 686 685 689 642 
431 425 691 690 613 
432 691 293 692 690 
433 611 694 693 645 
434 694 613 695 693 
435 671 702 700 701 
436 702 424 703 700 
437 700 703 672 704 
438 701 700 704 670 
439 18 649 705 45 
440 649 8 706 705 
441 705 706 29 707 
442 45 705 707 28 
443 34 653 708 73 
444 653 18 709 708 
445 708 709 45 710 
446 73 708 710 44 
447 50 657 711 119 
448 657 34 712 711 
449 711 712 73 713 
450 119 711 713 72 
451 661 50 715 714 
452 714 715 119 716 
453 720 721 510 722 
454 591 681 726 683 
455 681 427 727 726 
456 726 727 623 728 
457 683 726 728 622 
458 679 731 729 730 
459 731 680 732 729 
460 729 732 427 733 
461 730 729 733 681 
462 613 735 734 695 
463 735 690 736 734 
464 424 738 737 703 
465 738 697 739 737 
466 737 739 696 740 
467 703 737 740 672 
468 427 725 741 727 
469 725 669 742 741 
470 741 742 720 743 
471 727 741 743 623 
472 680 745 744 732 
473 745 723 746 744 
474 744 746 725 747 
475 732 744 747 427 
476 757 667 758 756 
477 756 758 698 759 
478 739 756 759 696 
479 294 761 760 610 
480 761 84 762 760 
481 760 762 295 663 
482 610 760 663 293 
483 293 764 763 692 
484 764 663 765 763 
485 690 767 766 736 
486 767 692 768 766 
487 734 771 769 770 
488 771 736 772 769 
489 769 772 667 757 
490 770 769 757 697 
491 697 775 773 774 
492 775 757 776 773 
493 773 776 756 777 
494 774 773 777 739 
495 782 724 783 781 
496 781 783 669 784 
497 746 781 784 725 
498 699 787 785 786 
499 787 666 788 785 
500 785 788 724 782 
501 786 785 782 723 
502 723 791 789 790 
503 791 782 792 789 
504 789 792 781 793 
505 790 789 793 746 
506 667 795 794 758 
507 758 794 797 698 
508 798 799 717 800 
509 721 798 800 510 
510 669 780 801 742 
511 780 296 802 801 
512 801 802 721 803 
513 742 801 803 720 
514 724 805 804 783 
515 804 806 780 807 
516 783 804 807 669 
517 736 809 808 772 
518 809 766 810 808 
519 808 810 753 795 
520 772 808 795 667 
521 795 821 819 820 
522 821 753 822 819 
523 819 822 796 823 
524 820 819 823 794 
525 666 825 824 788 
526 825 755 826 824 
527 788 824 805 724 
528 830 832 296 833 
529 806 830 833 780 
530 805 836 834 835 
531 836 778 837 834 
532 834 837 806 838 
533 835 834 838 804 
534 692 840 839 768 
535 840 763 841 839 
536 843 812 844 842 
537 842 844 811 845 
538 752 818 846 847 
539 818 754 848 846 
540 846 848 668 849 
541 847 846 849 755 
542 852 817 853 850 
543 850 853 754 854 
544 851 850 854 818 
545 796 857 855 856 
546 857 815 851 855 
547 855 851 818 858 
548 856 855 858 752 
549 766 860 859 810 
550 860 768 861 859 
551 859 861 426 816 
552 810 859 816 753 
553 816 864 862 863 
554 864 426 865 862 
555 862 865 817 852 
556 863 862 852 815 
557 815 868 866 867 
558 868 852 869 866 
559 866 869 850 870 
560 867 866 870 851 
561 755 849 871 826 
562 849 668 872 871 
563 668 874 873 872 
564 874 814 875 873 
565 873 875 827 876 
566 871 879 877 878 
567 879 872 880 877 
568 877 880 779 881 
569 826 884 882 883 
570 884 871 878 882 
571 882 878 831 885 
572 883 882 885 778 
573 296 829 886 802 
574 829 751 887 886 
575 886 887 798 888 
576 802 886 888 721 
577 876 827 890 889 
578 889 890 829 891 
579 832 889 891 296 
580 831 881 892 893 
581 881 779 894 892 
582 892 894 832 895 
583 893 892 895 830 
584 878 898 896 897 
585 898 877 899 896 
586 896 899 881 900 
587 897 896 900 831 
588 754 845 901 848 
589 845 811 902 901 
590 901 902 814 874 
591 848 901 874 668 
592 817 904 903 853 
593 904 842 905 903 
594 903 905 845 906 
595 853 903 906 754 
596 872 908 907 880 
597 908 873 909 907 
598 907 909 876 910 
599 880 907 910 779 
600 912 658 913 911 
601 911 913 661 914 
602 812 924 923 844 
603 924 749 925 923 
604 844 923 926 811 
605 814 931 930 875 
606 931 748 932 930 
607 875 930 933 827 
608 663 935 934 765 
609 935 295 936 934 
610 763 938 937 841 
611 938 765 939 937 
612 749 941 940 925 
613 941 920 942 940 
614 940 942 919 943 
615 925 940 943 813 
616 811 926 944 902 
617 926 813 945 944 
618 944 945 748 931 
619 902 944 931 814 
620 923 948 946 947 
621 948 925 949 946 
622 946 949 813 950 
623 947 946 950 926 
624 748 952 951 932 
625 952 922 953 951 
626 951 953 927 954 
627 932 951 954 828 
628 827 933 955 890 
629 933 828 956 955 
630 955 956 751 957 
631 890 955 957 829 
632 930 960 958 959 
633 960 932 961 958 
634 958 961 828 962 
635 959 958 962 933 
636 914 661 964 963 
637 963 964 714 965 
638 966 967 718 968 
639 799 966 968 717 
640 922 974 973 953 
641 974 750 975 973 
642 973 975 928 976 
643 953 973 976 927 
644 765 981 980 939 
645 981 934 982 980 
646 980 982 916 978 
647 662 985 983 984 
648 985 978 986 983 
649 983 986 977 987 
650 984 983 987 921 
651 750 989 988 975 
652 989 970 990 988 
653 988 990 969 991 
654 975 988 991 928 
655 664 993 992 917 
656 993 911 994 992 
657 992 994 914 995 
658 917 992 995 87 
659 997 664 998 996 
660 996 998 917 999 
661 978 1001 1000 986 
662 1001 916 1002 1000 
663 1000 1002 979 1003 
664 986 1000 1003 977 
665 999 917 1005 1004 
666 1004 1005 87 1006 
667 979 1009 1007 1008 
668 1009 996 1010 1007 
669 1007 1010 999 1011 
670 1008 1007 1011 915 
671 1 1014 1012 1013 
672 1014 12 144 1012 
673 1012 144 10 62 
674 1013 1012 62 11 
675 16 1016 1015 598 
676 1016 2 1017 1015 
677 1015 1017 17 647 
678 598 1015 647 15 
679 20 94 1018 1019 
680 94 19 542 1018 
681 1018 542 22 1020 
682 1019 1018 1020 4 
683 10 1023 1021 1022 
684 1023 25 148 1021 
685 1021 148 23 66 
686 1022 1021 66 24 
687 21 46 1024 543 
688 46 28 1025 1024 
689 1024 1025 30 1026 
690 543 1024 1026 9 
691 32 1028 1027 601 
692 1028 15 1029 1027 
693 1027 1029 33 651 
694 601 1027 651 31 
695 36 97 1030 1031 
696 97 35 546 1030 
697 1030 546 38 1032 
698 1031 1030 1032 19 
699 23 1035 1033 1034 
700 1035 41 152 1033 
701 1033 152 39 70 
702 1034 1033 70 40 
703 37 74 1036 547 
704 74 44 1037 1036 
705 1036 1037 46 1038 
706 547 1036 1038 21 
707 48 1040 1039 604 
708 1040 31 1041 1039 
709 1039 1041 49 655 
710 604 1039 655 47 
711 52 100 1042 1043 
712 100 51 550 1042 
713 1042 550 54 1044 
714 1043 1042 1044 35 
715 70 1047 1045 1046 
716 1047 39 156 1045 
717 1045 156 56 112 
718 1046 1045 112 68 
719 53 120 1048 551 
720 120 72 1049 1048 
721 1048 1049 74 1050 
722 551 1048 1050 37 
723 76 104 1051 1052 
724 104 75 554 1051 
725 1051 554 78 1053 
726 1052 1051 1053 51 
727 85 1055 1054 607 
728 1055 47 1056 1054 
729 1054 1056 86 659 
730 607 1054 659 84 
731 98 135 1057 1058 
732 135 76 1052 1057 
733 1057 1052 51 1059 
734 1058 1057 1059 100 
735 77 369 1060 555 
736 369 118 1061 1060 
737 1060 1061 120 1062 
738 555 1060 1062 53 
739 103 231 1063 1064 
740 231 121 558 1063 
741 1063 558 123 1065 
742 1064 1063 1065 75 
743 117 142 1066 1067 
744 142 83 200 1066 
745 1066 200 125 1068 
746 1067 1066 1068 136 
747 130 1070 1069 197 
748 1070 191 222 1069 
749 1069 222 190 1071 
750 197 1069 1071 170 
751 190 225 1072 1073 
752 225 192 1074 1072 
753 1072 1074 131 240 
754 1073 1072 240 193 
755 170 1071 1075 209 
756 1071 190 1073 1075 
757 1075 1073 193 1076 
758 209 1075 1076 128 
759 105 1078 1077 224 
760 1078 218 255 1077 
761 1077 255 217 1079 
762 224 1077 1079 192 
763 217 258 1080 1081 
764 258 219 1082 1080 
765 1080 1082 186 267 
766 1081 1080 267 220 
767 192 1079 1083 1074 
768 1079 217 1081 1083 
769 1083 1081 220 260 
770 1074 1083 260 131 
771 128 1076 1084 1085 
772 1076 193 239 1084 
773 1084 239 226 1086 
774 1085 1084 1086 205 
775 229 375 1087 1088 
776 375 230 562 1087 
777 1087 562 121 1089 
778 1088 1087 1089 231 
779 126 335 1090 1091 
780 335 229 1088 1090 
781 1090 1088 231 1092 
782 1091 1090 1092 103 
783 109 237 1093 1094 
784 237 189 356 1093 
785 1093 356 232 1095 
786 1094 1093 1095 201 
787 219 285 1096 1082 
788 285 250 1097 1096 
789 1096 1097 253 1098 
790 1082 1096 1098 186 
791 186 1098 1099 268 
792 1098 253 1100 1099 
793 1099 1100 263 1101 
794 268 1099 1101 236 
795 301 393 1102 1103 
796 393 303 1104 1102 
797 1102 1104 91 407 
798 1103 1102 407 304 
799 248 382 1105 349 
800 382 301 1103 1105 
801 1105 1103 304 400 
802 349 1105 400 185 
803 314 1107 1106 385 
804 1107 316 449 1106 
805 1106 449 184 391 
806 385 1106 391 302 
807 292 1109 1108 323 
808 1109 317 1110 1108 
809 1108 1110 306 325 
810 323 1108 325 247 
811 338 354 1111 360 
812 354 249 1112 1111 
813 1111 1112 341 1113 
814 360 1111 1113 339 
815 122 511 1114 559 
816 511 367 1115 1114 
817 1114 1115 369 1116 
818 559 1114 1116 77 
819 370 514 1117 563 
820 514 371 1118 1117 
821 1117 1118 122 1119 
822 563 1117 1119 372 
823 303 419 1120 1104 
824 419 386 477 1120 
825 1120 477 389 421 
826 1104 1120 421 91 
827 374 423 1121 1122 
828 423 403 566 1121 
829 1121 566 405 1123 
830 1122 1121 1123 230 
831 416 471 1124 1125 
832 471 418 481 1124 
833 1124 481 386 1126 
834 1125 1124 1126 419 
835 432 462 1127 482 
836 462 434 1128 1127 
837 1127 1128 388 1129 
838 482 1127 1129 435 
839 448 1132 1130 1131 
840 1132 440 452 1130 
841 1130 452 387 470 
842 1131 1130 470 417 
843 456 1134 1133 580 
844 1134 429 618 1133 
845 1133 618 457 1135 
846 580 1133 1135 455 
847 434 581 1136 1128 
848 581 455 1137 1136 
849 1136 1137 458 1138 
850 1128 1136 1138 388 
851 446 527 1139 486 
852 527 459 1140 1139 
853 1139 1140 462 1141 
854 486 1139 1141 432 
855 475 499 1142 1143 
856 499 443 501 1142 
857 1142 501 485 1144 
858 1143 1142 1144 493 
859 371 624 1145 1118 
860 624 509 1146 1145 
861 1145 1146 511 1147 
862 1118 1145 1147 122 
863 404 531 1148 567 
864 531 512 1149 1148 
865 1148 1149 514 1150 
866 567 1148 1150 370 
867 422 540 1151 1152 
868 540 515 570 1151 
869 1151 570 517 1153 
870 1152 1151 1153 403 
871 442 1155 1154 523 
872 1155 518 1156 1154 
873 1154 1156 456 579 
874 523 1154 579 297 
875 529 1158 1157 586 
876 1158 431 632 1157 
877 1157 632 530 1159 
878 586 1157 1159 528 
879 516 587 1160 571 
880 587 528 1161 1160 
881 1160 1161 531 1162 
882 571 1160 1162 404 
883 84 1164 1163 762 
884 1164 659 1165 1163 
885 1163 1165 658 912 
886 762 1163 912 295 
887 589 1167 1166 677 
888 1167 671 701 1166 
889 1166 701 670 1168 
890 677 1166 1168 638 
891 641 1170 1169 688 
892 1170 679 730 1169 
893 1169 730 681 1171 
894 688 1169 1171 591 
895 696 759 1172 1173 
896 759 698 1174 1172 
897 1172 1174 666 787 
898 1173 1172 787 699 
899 672 740 1175 1176 
900 740 696 1173 1175 
901 1175 1173 699 1177 
902 1176 1175 1177 590 
903 590 1177 1178 1179 
904 1177 699 786 1178 
905 1178 786 723 745 
906 1179 1178 745 680 
907 695 1182 1180 1181 
908 1182 734 770 1180 
909 1180 770 697 738 
910 1181 1180 738 424 
911 698 797 1183 1174 
912 797 752 847 1183 
913 1183 847 755 825 
914 1174 1183 825 666 
915 794 823 1184 1185 
916 823 796 856 1184 
917 1184 856 752 1186 
918 1185 1184 1186 797 
919 751 929 1187 887 
920 929 665 1188 1187 
921 1187 1188 799 1189 
922 887 1187 1189 798 
923 753 1191 1190 822 
924 1191 816 863 1190 
925 1190 863 815 857 
926 822 1190 857 796 
927 824 1194 1192 1193 
928 1194 826 883 1192 
929 1192 883 778 836 
930 1193 1192 836 805 
931 778 885 1195 837 
932 885 831 893 1195 
933 1195 893 830 1196 
934 837 1195 1196 806 
935 768 1198 1197 861 
936 1198 839 1199 1197 
937 1197 1199 812 843 
938 861 1197 843 426 
939 426 1201 1200 865 
940 1201 843 1202 1200 
941 1200 1202 842 904 
942 865 1200 904 817 
943 779 910 1203 894 
944 910 876 1204 1203 
945 1203 1204 889 1205 
946 894 1203 1205 832 
947 295 1207 1206 936 
948 1207 912 1208 1206 
949 1206 1208 911 993 
950 936 1206 993 664 
951 920 1210 1209 942 
952 1210 662 984 1209 
953 1209 984 921 1211 
954 942 1209 1211 919 
955 919 1211 1212 1213 
956 1211 921 1214 1212 
957 1212 1214 750 974 
958 1213 1212 974 922 
959 813 943 1215 945 
960 943 919 1213 1215 
961 1215 1213 922 952 
962 945 1215 952 748 
963 828 954 1216 956 
964 954 927 1217 1216 
965 1216 1217 929 1218 
966 956 1216 1218 751 
967 934 1220 1219 982 
968 1220 936 1221 1219 
969 1219 1221 664 997 
970 982 1219 997 916 
971 87 995 1222 967 
972 995 914 1223 1222 
973 1222 1223 963 1224 
974 967 1222 1224 718 
975 665 972 1225 1188 
976 972 918 1226 1225 
977 1225 1226 966 1227 
978 1188 1225 1227 799 
979 918 1006 1228 1226 
980 1006 87 1229 1228 
981 1228 1229 967 1230 
982 1226 1228 1230 966 
983 977 1003 1231 1232 
984 1003 979 1008 1231 
985 1231 1008 915 1233 
986 1232 1231 1233 970 
987 921 987 1234 1214 
988 987 977 1232 1234 
989 1234 1232 970 989 
990 1214 1234 989 750 
991 916 1236 1235 1002 
992 1236 997 1237 1235 
993 1235 1237 996 1009 
994 1002 1235 1009 979 
995 28 707 1238 1025 
996 707 29 1239 1238 
997 1238 1239 3 1240 
998 1025 1238 1240 30 
999 44 710 1241 1037 
1000 710 45 1242 1241 
1001 1241 1242 28 1243 
1002 1037 1241 1243 46 
1003 72 713 1244 1049 
1004 713 73 1245 1244 
1005 1244 1245 44 1246 
1006 1049 1244 1246 74 
1007 101 127 1247 1248 
1008 127 103 1064 1247 
1009 1247 1064 75 1249 
1010 1248 1247 1249 104 
1011 102 138 1250 1251 
1012 138 101 1248 1250 
1013 1250 1248 104 1252 
1014 1251 1250 1252 76 
1015 118 716 1253 1061 
1016 716 119 1254 1253 
1017 1253 1254 72 1255 
1018 1061 1253 1255 120 
1019 124 234 1256 1257 
1020 234 126 1091 1256 
1021 1256 1091 103 1258 
1022 1257 1256 1258 127 
1023 125 202 1259 1260 
1024 202 124 1257 1259 
1025 1259 1257 127 1261 
1026 1260 1259 1261 101 
1027 136 1068 1262 1263 
1028 1068 125 1260 1262 
1029 1262 1260 101 1264 
1030 1263 1262 1264 138 
1031 132 228 1265 1266 
1032 228 109 1094 1265 
1033 1265 1094 201 1267 
1034 1266 1265 1267 199 
1035 171 210 1268 1269 
1036 210 128 1085 1268 
1037 1268 1085 205 1270 
1038 1269 1268 1270 203 
1039 367 719 1271 1115 
1040 719 368 1272 1271 
1041 1271 1272 118 1273 
1042 1115 1271 1273 369 
1043 373 409 1274 1275 
1044 409 374 1122 1274 
1045 1274 1122 230 1276 
1046 1275 1274 1276 375 
1047 334 402 1277 1278 
1048 402 373 1275 1277 
1049 1277 1275 375 1279 
1050 1278 1277 1279 229 
1051 455 1135 1280 1137 
1052 1135 457 1281 1280 
1053 1280 1281 428 1282 
1054 1137 1280 1282 458 
1055 509 722 1283 1146 
1056 722 510 1284 1283 
1057 1283 1284 367 1285 
1058 1146 1283 1285 511 
1059 512 628 1286 1149 
1060 628 513 1287 1286 
1061 1286 1287 371 1288 
1062 1149 1286 1288 514 
1063 518 1290 1289 1156 
1064 1290 520 1291 1289 
1065 1289 1291 429 1134 
1066 1156 1289 1134 456 
1067 528 1159 1292 1161 
1068 1159 530 1293 1292 
1069 1292 1293 512 1294 
1070 1161 1292 1294 531 
1071 457 621 1295 1281 
1072 621 592 1296 1295 
1073 1295 1296 595 1297 
1074 1281 1295 1297 428 
1075 520 1299 1298 1291 
1076 1299 614 1300 1298 
1077 1298 1300 593 619 
1078 1291 1298 619 429 
1079 513 684 1301 1287 
1080 684 622 1302 1301 
1081 1301 1302 624 1303 
1082 1287 1301 1303 371 
1083 530 635 1304 1293 
1084 635 625 1305 1304 
1085 1304 1305 628 1306 
1086 1293 1304 1306 512 
1087 670 704 1307 1308 
1088 704 672 1176 1307 
1089 1307 1176 590 1309 
1090 1308 1307 1309 673 
1091 638 1168 1310 1311 
1092 1168 670 1308 1310 
1093 1310 1308 673 1312 
1094 1311 1310 1312 588 
1095 588 1312 1313 1314 
1096 1312 673 1315 1313 
1097 1313 1315 679 1170 
1098 1314 1313 1170 641 
1099 673 1309 1316 1315 
1100 1309 590 1179 1316 
1101 1316 1179 680 731 
1102 1315 1316 731 679 
1103 693 1319 1317 1318 
1104 1319 695 1181 1317 
1105 1317 1181 424 702 
1106 1318 1317 702 671 
1107 645 1322 1320 1321 
1108 1322 693 1318 1320 
1109 1320 1318 671 1167 
1110 1321 1320 1167 589 
1111 368 965 1323 1272 
1112 965 714 1324 1323 
1113 1323 1324 716 1325 
1114 1272 1323 1325 118 
1115 510 800 1326 1284 
1116 800 717 1327 1326 
1117 1326 1327 719 1328 
1118 1284 1326 1328 367 
1119 839 1330 1329 1199 
1120 1330 841 1331 1329 
1121 1329 1331 749 924 
1122 1199 1329 924 812 
1123 927 976 1332 1217 
1124 976 928 1333 1332 
1125 1332 1333 665 1334 
1126 1217 1332 1334 929 
1127 841 1336 1335 1331 
1128 1336 937 1337 1335 
1129 1335 1337 920 941 
1130 1331 1335 941 749 
1131 970 1233 1338 990 
1132 1233 915 1339 1338 
1133 1338 1339 971 1340 
1134 990 1338 1340 969 
1135 928 991 1341 1333 
1136 991 969 1342 1341 
1137 1341 1342 972 1343 
1138 1333 1341 1343 665 
1139 915 1011 1344 1339 
1140 1011 999 1345 1344 
1141 1344 1345 1004 1346 
1142 1339 1344 1346 971 
1143 83 206 1347 1348 
1144 206 132 1266 1347 
1145 1347 1266 199 1349 
1146 1348 1347 1349 200 
1147 333 378 1350 1351 
1148 378 334 1278 1350 
1149 1350 1278 229 1352 
1150 1351 1350 1352 335 
1151 233 342 1353 1354 
1152 342 333 1351 1353 
1153 1353 1351 335 1355 
1154 1354 1353 1355 126 
1155 622 728 1356 1302 
1156 728 623 1357 1356 
1157 1356 1357 509 1358 
1158 1302 1356 1358 624 
1159 636 678 1359 1360 
1160 678 638 1311 1359 
1161 1359 1311 588 1361 
1162 1360 1359 1361 639 
1163 639 1361 1362 1363 
1164 1361 588 1314 1362 
1165 1362 1314 641 687 
1166 1363 1362 687 640 
1167 643 1366 1364 1365 
1168 1366 645 1321 1364 
1169 1364 1321 589 676 
1170 1365 1364 676 637 
1171 717 968 1367 1327 
1172 968 718 1368 1367 
1173 1367 1368 368 1369 
1174 1327 1367 1369 719 
1175 623 743 1370 1357 
1176 743 720 1371 1370 
1177 1370 1371 722 1372 
1178 1357 1370 1372 509 
1179 937 1374 1373 1337 
1180 1374 939 1375 1373 
1181 1373 1375 662 1210 
1182 1337 1373 1210 920 
1183 718 1224 1376 1368 
1184 1224 963 1377 1376 
1185 1376 1377 965 1378 
1186 1368 1376 1378 368 
1187 969 1340 1379 1342 
1188 1340 971 1380 1379 
1189 1379 1380 918 1381 
1190 1342 1379 1381 972 
1191 939 1383 1382 1375 
1192 1383 980 1384 1382 
1193 1382 1384 978 985 
1194 1375 1382 985 662 
1195 971 1346 1385 1380 
1196 1346 1004 1386 1385 
1197 1385 1386 1006 1387 
1198 1380 1385 1387 918 
