2 0.000000 100.000000 211.018442
1387 1198 
1 -276.279947 0.000000 -280.179887 99.862313 0.000097 5.233783 0.000013 
2 331.535936 0.000000 -280.179887 99.862509 0.001375 5.227050 0.000016 
3 331.535936 0.000000 285.678573 99.863922 -0.001439 5.225763 -0.000011 
4 -276.279947 0.000000 285.678573 99.863487 -0.000057 5.233862 -0.000011 
5 27.627995 0.000000 2.749343 108.082038 -0.083867 -9.913435 -0.178001 
6 -276.279947 0.000000 2.749343 99.862809 0.000033 5.234039 0.000002 
7 27.627995 0.000000 -280.179887 99.858166 0.000775 5.230510 0.000099 
8 331.535936 0.000000 2.749343 99.937248 0.009176 3.811902 -0.000198 
9 27.627995 0.000000 285.678573 99.868866 -0.000374 5.230457 -0.000115 
10 -124.325976 0.000000 -138.715272 99.860230 0.000328 5.234150 0.000054 
11 -276.279947 0.000000 -138.715272 99.862453 0.000072 5.233936 0.000010 
12 -124.325976 0.000000 -280.179887 99.860857 0.000269 5.233517 0.000042 
13 27.627995 0.000000 -138.715272 99.845754 0.002547 5.222374 0.000355 
14 -124.325976 0.000000 2.749343 99.861666 0.000317 5.235279 0.000024 
15 179.581965 0.000000 -138.715272 99.860640 0.002841 5.207151 0.000074 
16 179.581965 0.000000 -280.179887 99.860718 0.001239 5.227101 0.000051 
17 331.535936 0.000000 -138.715272 99.863540 0.002785 5.209959 0.000013 
18 179.581965 0.000000 2.749343 99.979251 0.014729 2.982400 -0.000475 
19 -124.325976 0.000000 144.213958 99.864654 0.000073 5.234815 -0.000035 
20 -276.279947 0.000000 144.213958 99.863231 -0.000014 5.234002 -0.000006 
21 27.627995 0.000000 144.213958 99.887284 0.000710 5.222673 -0.000475 
22 -124.325976 0.000000 285.678573 99.864994 -0.000104 5.233847 -0.000041 
23 -48.348991 0.000000 -67.982965 99.849674 0.002133 5.234948 0.000264 
24 -124.325976 0.000000 -67.982965 99.860495 0.000350 5.234744 0.000048 
25 -48.348991 0.000000 -138.715272 99.854889 0.001043 5.232686 0.000162 
26 27.627995 0.000000 -67.982965 99.821021 0.002229 5.193260 0.000879 
27 -48.348991 0.000000 2.749343 99.849380 0.018220 5.237680 0.000267 
28 179.581965 0.000000 144.213958 99.866672 -0.002525 5.203149 -0.000042 
29 331.535936 0.000000 144.213958 99.864961 -0.003100 5.200419 -0.000005 
30 179.581965 0.000000 285.678573 99.865603 -0.001110 5.226279 -0.000045 
31 103.604980 0.000000 -67.982965 99.847718 0.006378 5.127055 0.000415 
32 103.604980 0.000000 -138.715272 99.852836 0.002764 5.208300 0.000228 
33 179.581965 0.000000 -67.982965 99.864553 0.005627 5.137546 0.000068 
34 103.604980 0.000000 2.749343 100.044129 -0.011653 1.465866 -0.001098 
35 -48.348991 0.000000 73.481651 99.867536 0.001609 5.240701 -0.000099 
36 -124.325976 0.000000 73.481651 99.863400 0.000208 5.235301 -0.000011 
37 27.627995 0.000000 73.481651 99.900648 -0.002327 5.198170 -0.000716 
38 -48.348991 0.000000 144.213958 99.870268 0.000429 5.235413 -0.000148 
39 -10.360498 0.000000 -32.616811 99.795957 0.073256 5.200468 0.001372 
40 -48.348991 0.000000 -32.616811 99.848716 0.023557 5.232588 0.000285 
41 -10.360498 0.000000 -67.982965 99.842960 0.034514 5.218129 0.000415 
42 27.627995 0.000000 -32.616811 99.717851 0.115147 4.987680 0.003146 
43 -10.360498 0.000000 2.749343 99.642166 0.078931 5.245131 0.004392 
44 103.604980 0.000000 73.481651 99.876984 -0.002665 5.119666 -0.000162 
45 179.581965 0.000000 73.481651 99.869944 -0.005171 5.112570 -0.000014 
46 103.604980 0.000000 144.213958 99.874010 -0.001337 5.204870 -0.000191 
47 65.616487 0.000000 -32.616811 99.811001 -0.042332 4.900992 0.001374 
48 65.616487 0.000000 -67.982965 99.848157 0.000721 5.159555 0.000372 
49 103.604980 0.000000 -32.616811 99.859639 0.008267 4.861443 0.000442 
50 65.616487 0.000000 2.749343 99.799548 -0.048884 2.175338 0.003532 
51 -10.360498 0.000000 38.115497 99.857358 0.010160 5.270237 0.000073 
52 -48.348991 0.000000 38.115497 99.859863 0.002588 5.242671 0.000052 
53 27.627995 0.000000 38.115497 100.143598 0.019646 5.073809 -0.005448 
54 -10.360498 0.000000 73.481651 99.888220 0.008328 5.246572 -0.000518 
55 8.633748 0.000000 -14.933734 99.868434 0.150173 5.021722 0.000106 
56 -10.360498 0.000000 -14.933734 99.762710 0.134167 5.121444 0.002115 
57 8.633748 0.000000 -32.616811 99.787891 0.121993 5.130223 0.001604 
58 27.627995 0.000000 -14.933734 98.913242 0.045781 4.138685 0.019904 
59 8.633748 0.000000 2.749343 109.285162 -0.072274 17.279121 -0.224182 
60 -200.302961 0.000000 -67.982965 99.862155 0.000118 5.234254 0.000015 
61 -276.279947 0.000000 -67.982965 99.862608 0.000054 5.234001 0.000006 
62 -200.302961 0.000000 -138.715272 99.861887 0.000138 5.234078 0.000021 
63 -200.302961 0.000000 2.749343 99.862594 0.000086 5.234370 0.000006 
64 -86.337483 0.000000 -32.616811 99.858362 0.000822 5.235779 0.000089 
65 -124.325976 0.000000 -32.616811 99.860961 0.000343 5.235049 0.000038 
66 -86.337483 0.000000 -67.982965 99.857830 0.000756 5.234988 0.000101 
67 -86.337483 0.000000 2.749343 99.859774 0.000809 5.237093 0.000060 
68 -29.354744 0.000000 -14.933734 99.823422 0.041754 5.233618 0.000789 
69 -48.348991 0.000000 -14.933734 99.847663 0.018177 5.236331 0.000302 
70 -29.354744 0.000000 -32.616811 99.830430 0.033773 5.229200 0.000654 
71 -29.354744 0.000000 2.749343 99.824264 0.043122 5.240231 0.000765 
72 65.616487 0.000000 38.115497 99.880469 -0.037294 4.856282 0.000031 
73 103.604980 0.000000 38.115497 99.882001 -0.007946 4.842970 0.000013 
74 65.616487 0.000000 73.481651 99.910351 -0.006725 5.124323 -0.000834 
75 8.633748 0.000000 20.432420 100.093949 -0.022535 5.463163 -0.004865 
76 -10.360498 0.000000 20.432420 99.773986 0.115192 5.289118 0.001716 
77 27.627995 0.000000 20.432420 100.973751 0.053909 4.766599 -0.021842 
78 8.633748 0.000000 38.115497 100.038833 -0.139658 5.311219 -0.003600 
79 -0.863375 0.000000 -6.092195 98.855002 -0.068483 4.702447 0.020557 
80 -10.360498 0.000000 -6.092195 99.651825 0.070481 5.195413 0.004252 
81 -0.863375 0.000000 -14.933734 99.568155 -0.067980 5.077230 0.006040 
82 8.633748 0.000000 -6.092195 99.753123 -0.141706 4.834707 0.002592 
83 -0.863375 0.000000 2.749343 98.059882 -0.029282 6.027928 0.034792 
84 46.622241 0.000000 -14.933734 99.563087 0.063173 4.271748 0.006894 
85 46.622241 0.000000 -32.616811 99.758143 0.344666 4.922570 0.002396 
86 65.616487 0.000000 -14.933734 99.655566 0.028496 4.106152 0.005191 
87 46.622241 0.000000 2.749343 97.035950 -0.075810 0.580580 0.058368 
88 18.130872 0.000000 -6.092195 97.935267 0.020829 4.527582 0.038818 
89 18.130872 0.000000 -14.933734 99.164902 -0.117301 4.945616 0.014185 
90 27.627995 0.000000 -6.092195 99.743139 0.079257 1.464382 0.004916 
91 18.130872 0.000000 2.749343 113.715332 -0.033019 2.338577 -0.293665 
92 -200.302961 0.000000 73.481651 99.863109 0.000044 5.234372 -0.000004 
93 -276.279947 0.000000 73.481651 99.863029 0.000010 5.234039 -0.000002 
94 -200.302961 0.000000 144.213958 99.863554 -0.000000 5.234262 -0.000013 
95 -86.337483 0.000000 38.115497 99.861852 0.000698 5.236809 0.000019 
96 -124.325976 0.000000 38.115497 99.862529 0.000270 5.235372 0.000007 
97 -86.337483 0.000000 73.481651 99.863961 0.000525 5.236568 -0.000023 
98 -29.354744 0.000000 20.432420 99.836542 0.035835 5.247221 0.000513 
99 -48.348991 0.000000 20.432420 99.851810 0.023567 5.237858 0.000218 
100 -29.354744 0.000000 38.115497 99.839161 0.025830 5.229367 0.000480 
101 -0.863375 0.000000 11.590882 99.660652 0.053631 5.659166 0.003573 
102 -10.360498 0.000000 11.590882 99.682842 0.129946 5.282916 0.003540 
103 8.633748 0.000000 11.590882 100.004518 -0.101323 5.735696 -0.003381 
104 -0.863375 0.000000 20.432420 99.773489 0.147737 5.396657 0.001611 
105 3.885187 0.000000 -1.671426 111.158876 -0.138494 -2.401677 -0.236208 
106 -0.863375 0.000000 -1.671426 96.516460 -0.037725 4.716610 0.066233 
107 3.885187 0.000000 -6.092195 99.835000 -0.080734 4.086305 0.001627 
108 8.633748 0.000000 -1.671426 109.128394 -0.033122 3.442606 -0.192086 
109 3.885187 0.000000 2.749343 99.991358 -0.098323 8.671609 -0.007348 
110 -19.857621 0.000000 -6.092195 99.784805 0.101668 5.224041 0.001569 
111 -29.354744 0.000000 -6.092195 99.822499 0.043613 5.236160 0.000805 
112 -19.857621 0.000000 -14.933734 99.794213 0.098682 5.217290 0.001389 
113 -19.857621 0.000000 2.749343 99.783553 0.100108 5.234980 0.001583 
114 -5.611936 0.000000 -1.671426 99.317829 0.045398 5.168892 0.010925 
115 -10.360498 0.000000 -1.671426 99.635932 0.063158 5.230519 0.004532 
116 -5.611936 0.000000 -6.092195 99.446080 0.103326 5.103315 0.008442 
117 -5.611936 0.000000 2.749343 99.348912 0.117400 5.351296 0.010114 
118 46.622241 0.000000 20.432420 100.313907 0.141408 4.028420 -0.007913 
119 65.616487 0.000000 20.432420 99.845461 0.046060 4.199672 0.001324 
120 46.622241 0.000000 38.115497 99.965347 -0.089847 4.872010 -0.001682 
121 18.130872 0.000000 11.590882 100.774880 -0.048254 5.354723 -0.018425 
122 27.627995 0.000000 11.590882 101.293585 -0.104342 4.214801 -0.027817 
123 18.130872 0.000000 20.432420 100.736228 -0.140896 5.360713 -0.017654 
124 3.885187 0.000000 7.170112 99.734943 -0.195273 6.241470 0.001395 
125 -0.863375 0.000000 7.170112 99.100341 -0.124890 5.650436 0.014718 
126 8.633748 0.000000 7.170112 99.947701 -0.004029 5.905362 -0.002442 
127 3.885187 0.000000 11.590882 99.837200 -0.021699 5.749874 -0.000053 
128 1.510906 0.000000 0.538958 100.256335 -0.046378 38.856603 -0.156117 
129 -0.863375 0.000000 0.538958 96.564616 -0.037352 5.851306 0.064104 
130 1.510906 0.000000 -1.671426 112.044142 -0.162689 -14.922920 -0.277661 
131 3.885187 0.000000 0.538958 104.635474 -0.002564 30.051659 -0.185168 
132 1.510906 0.000000 2.749343 97.998332 -0.066946 7.885984 0.033413 
133 -19.857621 0.000000 11.590882 99.794852 0.085737 5.246043 0.001346 
134 -29.354744 0.000000 11.590882 99.829369 0.040294 5.244990 0.000659 
135 -19.857621 0.000000 20.432420 99.811939 0.068298 5.251455 0.000999 
136 -5.611936 0.000000 7.170112 99.502255 0.068033 5.352173 0.007065 
137 -10.360498 0.000000 7.170112 99.668989 0.071408 5.257694 0.003844 
138 -5.611936 0.000000 11.590882 99.626499 0.054034 5.356407 0.004587 
139 -3.237656 0.000000 0.538958 98.810625 -0.060912 5.365182 0.020767 
140 -5.611936 0.000000 0.538958 99.305864 0.070263 5.268876 0.011058 
141 -3.237656 0.000000 -1.671426 98.808331 -0.066526 5.216682 0.020970 
142 -3.237656 0.000000 2.749343 98.967599 -0.043661 5.472135 0.017547 
143 -48.348991 0.000000 -209.447580 99.857648 0.000643 5.232501 0.000107 
144 -124.325976 0.000000 -209.447580 99.860470 0.000296 5.233743 0.000049 
145 -48.348991 0.000000 -280.179887 99.859329 0.000479 5.232605 0.000073 
146 27.627995 0.000000 -209.447580 99.854729 0.001184 5.228277 0.000170 
147 -10.360498 0.000000 -103.349118 99.844399 0.003286 5.227983 0.000376 
148 -48.348991 0.000000 -103.349118 99.852944 0.001459 5.233104 0.000200 
149 -10.360498 0.000000 -138.715272 99.850032 0.001837 5.229295 0.000263 
150 27.627995 0.000000 -103.349118 99.831491 0.004986 5.214571 0.000648 
151 8.633748 0.000000 -50.299888 99.828877 0.026445 5.187023 0.000729 
152 -10.360498 0.000000 -50.299888 99.824254 0.036975 5.212952 0.000794 
153 8.633748 0.000000 -67.982965 99.837380 0.027561 5.207920 0.000537 
154 27.627995 0.000000 -50.299888 99.807331 -0.010403 5.158648 0.001188 
155 -0.863375 0.000000 -23.775272 99.785856 0.079113 5.108439 0.001668 
156 -10.360498 0.000000 -23.775272 99.783336 0.132971 5.168880 0.001655 
157 -0.863375 0.000000 -32.616811 99.825212 0.124412 5.139374 0.000850 
158 8.633748 0.000000 -23.775272 99.641433 -0.129789 5.099523 0.004556 
159 3.885187 0.000000 -10.512965 99.705004 -0.139249 4.861959 0.003525 
160 -0.863375 0.000000 -10.512965 99.486888 0.066971 4.879117 0.007855 
161 3.885187 0.000000 -14.933734 99.813127 -0.087884 4.923271 0.001309 
162 8.633748 0.000000 -10.512965 99.534266 -0.098442 4.999901 0.006792 
163 1.510906 0.000000 -3.881811 98.494099 -0.040297 2.900243 0.029050 
164 -0.863375 0.000000 -3.881811 98.092504 -0.053562 4.534753 0.035729 
165 1.510906 0.000000 -6.092195 99.104775 -0.040660 4.145293 0.016106 
166 3.885187 0.000000 -3.881811 100.203599 -0.095512 2.988493 -0.004970 
167 0.323766 0.000000 -0.566234 94.922549 -0.093196 28.867511 0.015637 
168 -0.863375 0.000000 -0.566234 96.023492 -0.035893 5.302784 0.075137 
169 0.323766 0.000000 -1.671426 92.518661 -0.053698 0.408167 0.144013 
170 1.510906 0.000000 -0.566234 106.123064 -0.075178 10.471964 -0.137177 
171 0.323766 0.000000 0.538958 92.680753 -0.043627 9.026834 0.132879 
172 -5.611936 0.000000 -10.512965 99.555914 0.062394 5.121267 0.006239 
173 -10.360498 0.000000 -10.512965 99.680108 0.122714 5.154451 0.003729 
174 -5.611936 0.000000 -14.933734 99.668392 0.136035 5.103288 0.004015 
175 -3.237656 0.000000 -3.881811 98.959331 -0.067354 5.110198 0.018093 
176 -5.611936 0.000000 -3.881811 99.351464 0.093599 5.159160 0.010266 
177 -3.237656 0.000000 -6.092195 99.098619 -0.085667 5.094836 0.015350 
178 0.323766 0.000000 -2.776618 96.398262 -0.051023 2.875340 0.069910 
179 -0.863375 0.000000 -2.776618 97.405278 -0.039250 4.521335 0.049177 
180 0.323766 0.000000 -3.881811 97.810145 -0.037418 3.706174 0.041944 
181 1.510906 0.000000 -2.776618 97.886642 -0.059870 1.188849 0.041679 
182 13.382310 0.000000 -1.671426 107.811275 -0.015566 4.072284 -0.163985 
183 13.382310 0.000000 -6.092195 99.282745 -0.070665 4.664937 0.012117 
184 18.130872 0.000000 -1.671426 103.168911 0.038122 2.780539 -0.065156 
185 13.382310 0.000000 2.749343 110.358662 -0.047479 14.502986 -0.238937 
186 6.259468 0.000000 0.538958 -61.762463 -0.027259 -3.448762 0.617350 
187 6.259468 0.000000 -1.671426 106.068681 -0.073149 0.885946 -0.125136 
188 8.633748 0.000000 0.538958 -33.840652 -0.021294 0.092966 0.885480 
189 6.259468 0.000000 2.749343 101.971236 -0.081227 6.844129 -0.044498 
190 2.698046 0.000000 -0.566234 112.006915 -0.184552 -7.808595 -0.260656 
191 2.698046 0.000000 -1.671426 112.100078 -0.171739 -7.572239 -0.262380 
192 3.885187 0.000000 -0.566234 -66.998909 0.024263 -1.605667 0.550857 
193 2.698046 0.000000 0.538958 102.916518 -0.040600 34.292594 -0.176779 
194 0.917336 0.000000 -1.118830 112.505958 -0.078612 -20.530906 -0.307911 
195 0.323766 0.000000 -1.118830 100.008973 -0.061648 -4.696485 -0.002386 
196 0.917336 0.000000 -1.671426 113.588543 -0.143748 -25.152646 -0.353503 
197 1.510906 0.000000 -1.118830 112.057186 -0.915706 -16.875999 -0.284245 
198 0.917336 0.000000 -0.566234 103.624078 -0.070303 20.247051 -0.114790 
199 1.510906 0.000000 4.959728 98.975256 -0.042011 6.565989 0.016078 
200 -0.863375 0.000000 4.959728 98.835590 -0.025907 5.877155 0.019698 
201 3.885187 0.000000 4.959728 99.900165 -0.058468 6.845684 -0.002691 
202 1.510906 0.000000 7.170112 99.374859 -0.034152 6.068406 0.008781 
203 0.323766 0.000000 1.644151 96.203543 -0.040553 7.545984 0.068793 
204 -0.863375 0.000000 1.644151 97.402013 -0.031519 6.039341 0.047637 
205 1.510906 0.000000 1.644151 96.880389 -0.061398 9.708766 0.051993 
206 0.323766 0.000000 2.749343 97.628689 -0.042800 6.860317 0.042157 
207 0.917336 0.000000 -0.013638 100.938785 -0.065118 43.341770 -0.206715 
208 0.323766 0.000000 -0.013638 95.924015 -0.018515 49.464079 -0.164811 
209 1.510906 0.000000 -0.013638 100.424566 -0.064153 39.540429 -0.164854 
210 0.917336 0.000000 0.538958 99.527886 -0.009828 42.769807 -0.173506 
211 6.259468 0.000000 -3.881811 100.850501 -0.058999 3.923313 -0.018622 
212 6.259468 0.000000 -6.092195 100.144315 -0.045353 4.472013 -0.004888 
213 8.633748 0.000000 -3.881811 99.911299 -0.148771 4.588826 -0.000335 
214 2.698046 0.000000 -2.776618 99.674144 -0.089714 1.023901 0.006401 
215 2.698046 0.000000 -3.881811 99.484887 -0.057796 2.730445 0.009530 
216 3.885187 0.000000 -2.776618 100.908819 -0.091097 1.741908 -0.018563 
217 5.072327 0.000000 -0.566234 108.788541 -0.114601 0.246447 -0.183502 
218 5.072327 0.000000 -1.671426 109.312277 -0.489598 0.200648 -0.194945 
219 6.259468 0.000000 -0.566234 106.439039 -0.085702 0.202760 -0.132932 
220 5.072327 0.000000 0.538958 105.159667 -0.033418 25.235515 -0.169539 
221 3.291617 0.000000 -1.118830 111.812834 -0.153771 -4.839515 -0.252555 
222 2.698046 0.000000 -1.118830 111.989286 -0.156778 -7.049504 -0.259132 
223 3.291617 0.000000 -1.671426 111.744306 -0.157267 -4.560541 -0.250761 
224 3.885187 0.000000 -1.118830 111.159381 -0.143387 -2.417149 -0.236227 
225 3.291617 0.000000 -0.566234 111.666341 -0.166288 -3.828992 -0.248406 
226 2.698046 0.000000 1.644151 99.257383 -0.109403 10.439982 0.003897 
227 3.885187 0.000000 1.644151 105.107745 -0.015091 28.657901 -0.186891 
228 2.698046 0.000000 2.749343 98.948424 -0.113194 8.523615 0.013654 
229 13.382310 0.000000 7.170112 100.387559 0.041236 6.354905 -0.011805 
230 18.130872 0.000000 7.170112 101.535224 0.112422 4.975396 -0.033417 
231 13.382310 0.000000 11.590882 100.220659 -0.033820 5.653859 -0.007615 
232 6.259468 0.000000 4.959728 100.507252 -0.092539 6.348674 -0.014202 
233 8.633748 0.000000 4.959728 99.776239 -0.088359 6.081266 0.000771 
234 6.259468 0.000000 7.170112 100.015400 -0.256119 6.000829 -0.003916 
235 5.072327 0.000000 1.644151 104.422116 -0.057188 24.961872 -0.152708 
236 6.259468 0.000000 1.644151 102.821157 -0.042840 20.865516 -0.100756 
237 5.072327 0.000000 2.749343 101.358452 -0.082472 8.479203 -0.034544 
238 3.291617 0.000000 1.091555 104.305936 -0.015154 31.029995 -0.184259 
239 2.698046 0.000000 1.091555 103.450278 -0.015002 33.384805 -0.181651 
240 3.291617 0.000000 0.538958 104.258864 0.614582 30.897194 -0.182493 
241 3.885187 0.000000 1.091555 104.814003 -0.015539 29.498787 -0.185615 
242 3.291617 0.000000 1.644151 99.415525 -0.072296 12.831934 -0.004811 
243 5.072327 0.000000 -2.776618 101.011172 -0.064113 2.444860 -0.020924 
244 5.072327 0.000000 -3.881811 100.650148 -0.055864 3.358553 -0.014174 
245 6.259468 0.000000 -2.776618 101.581305 -0.063478 2.999584 -0.032776 
246 11.008029 0.000000 0.538958 -38.768831 -0.022698 0.133185 0.849696 
247 11.008029 0.000000 -1.671426 109.895355 -0.017474 4.184963 -0.209450 
248 13.382310 0.000000 0.538958 -46.968379 -0.075384 0.461765 0.779375 
249 11.008029 0.000000 2.749343 111.496938 -0.070902 16.831863 -0.271488 
250 7.446608 0.000000 -0.566234 108.304615 -0.052232 3.335098 -0.174102 
251 7.446608 0.000000 -1.671426 107.100982 -0.048967 2.309259 -0.147596 
252 8.633748 0.000000 -0.566234 109.452276 -0.016540 3.947761 -0.199539 
253 7.446608 0.000000 0.538958 -43.100250 0.008923 -1.615704 0.813976 
254 5.665897 0.000000 -1.118830 107.699972 -0.102720 0.685676 -0.159976 
255 5.072327 0.000000 -1.118830 109.506555 0.173884 0.032402 -0.199172 
256 5.665897 0.000000 -1.671426 107.700851 -0.100576 0.690767 -0.159996 
257 6.259468 0.000000 -1.118830 106.073378 -0.073826 0.905535 -0.125239 
258 5.665897 0.000000 -0.566234 -66.936561 -0.004781 -2.175111 0.551477 
259 4.478757 0.000000 1.091555 104.932530 -0.036796 27.436424 -0.176359 
260 4.478757 0.000000 0.538958 105.026208 -0.011393 28.108443 -0.182059 
261 5.072327 0.000000 1.091555 104.501987 -0.053772 25.139138 -0.155264 
262 4.478757 0.000000 1.644151 105.024849 -0.036416 26.343226 -0.172419 
263 7.446608 0.000000 1.644151 105.954374 -0.054057 18.977918 -0.158649 
264 8.633748 0.000000 1.644151 108.622187 -0.045405 14.925688 -0.202156 
265 7.446608 0.000000 2.749343 106.533400 -0.070321 19.875515 -0.174441 
266 5.665897 0.000000 1.091555 103.964652 -0.053977 23.584803 -0.136489 
267 5.665897 0.000000 0.538958 -55.872211 -0.006986 -3.159865 0.686831 
268 6.259468 0.000000 1.091555 103.145083 -0.042563 20.831430 -0.107286 
269 5.665897 0.000000 1.644151 103.323137 -0.056380 22.202530 -0.116863 
270 18.130872 0.000000 -23.775272 99.411244 -0.156174 5.044275 0.009194 
271 18.130872 0.000000 -32.616811 99.877988 0.132384 5.034057 -0.000097 
272 27.627995 0.000000 -23.775272 99.521107 0.041588 4.856673 0.007196 
273 13.382310 0.000000 -10.512965 99.295495 -0.139384 4.974360 0.011564 
274 13.382310 0.000000 -14.933734 99.874723 -0.040076 4.968176 0.000036 
275 18.130872 0.000000 -10.512965 98.767435 0.019179 4.687619 0.022302 
276 11.008029 0.000000 -3.881811 99.405573 -0.005870 4.439631 0.009882 
277 11.008029 0.000000 -6.092195 99.485322 -0.021871 4.751331 0.008010 
278 13.382310 0.000000 -3.881811 99.196573 -0.039339 4.113220 0.014312 
279 7.446608 0.000000 -2.776618 101.121218 -0.122354 4.635110 -0.024700 
280 7.446608 0.000000 -3.881811 100.443440 -0.115680 4.541513 -0.010952 
281 8.633748 0.000000 -2.776618 100.035717 -0.090440 4.833026 -0.003051 
282 6.853038 0.000000 -1.118830 105.424055 -0.052742 1.275239 -0.111586 
283 6.853038 0.000000 -1.671426 105.425454 -0.052645 1.238532 -0.111606 
284 7.446608 0.000000 -1.118830 106.731535 -0.048068 2.379695 -0.139729 
285 6.853038 0.000000 -0.566234 105.061866 -0.033955 1.073453 -0.103915 
286 9.820889 0.000000 -0.566234 109.913350 -0.034586 4.288347 -0.209934 
287 9.820889 0.000000 -1.671426 109.553489 -0.033427 3.997816 -0.201795 
288 11.008029 0.000000 -0.566234 110.361401 -0.000177 4.139348 -0.219677 
289 9.820889 0.000000 0.538958 -33.655096 -0.017252 0.136857 0.886732 
290 9.820889 0.000000 -2.776618 99.960216 -0.081470 4.776147 -0.001486 
291 9.820889 0.000000 -3.881811 99.594443 -0.105702 4.554351 0.006019 
292 11.008029 0.000000 -2.776618 100.213827 -0.040750 4.388537 -0.006207 
293 37.125118 0.000000 -6.092195 99.887571 0.023689 3.323323 0.001143 
294 37.125118 0.000000 -14.933734 99.247083 0.286658 4.033171 0.013367 
295 46.622241 0.000000 -6.092195 98.418393 0.010454 3.918335 0.029847 
296 37.125118 0.000000 2.749343 101.790391 -0.058843 -0.585754 -0.036163 
297 22.879433 0.000000 -1.671426 96.195594 -0.034814 -0.346606 0.074629 
298 22.879433 0.000000 -6.092195 96.911812 -0.000422 1.895153 0.060451 
299 27.627995 0.000000 -1.671426 104.007164 -0.077604 -3.175867 -0.082758 
300 22.879433 0.000000 2.749343 100.278117 -0.006650 -9.053125 -0.013766 
301 15.756591 0.000000 0.538958 -70.479816 0.215629 0.732425 0.503201 
302 15.756591 0.000000 -1.671426 97.380096 -0.050222 2.696850 0.050984 
303 18.130872 0.000000 0.538958 92.393063 0.037859 -0.287390 0.146344 
304 15.756591 0.000000 2.749343 104.001769 -0.024437 12.249762 -0.096643 
305 12.195170 0.000000 -0.566234 109.689249 0.002473 4.195373 -0.204933 
306 12.195170 0.000000 -1.671426 109.695317 -0.000325 4.200686 -0.205071 
307 13.382310 0.000000 -0.566234 107.382427 -0.011475 4.059656 -0.154747 
308 12.195170 0.000000 0.538958 -38.897080 -0.070521 0.608888 0.848664 
309 10.414459 0.000000 -1.118830 109.883625 -0.035816 4.259923 -0.209256 
310 9.820889 0.000000 -1.118830 109.696410 -0.034812 4.087511 -0.205001 
311 10.414459 0.000000 -1.671426 109.677962 -0.036875 4.181893 -0.204675 
312 11.008029 0.000000 -1.118830 110.141910 -0.012431 4.152912 -0.214849 
313 10.414459 0.000000 -0.566234 109.966666 -0.038530 4.402562 -0.211205 
314 15.756591 0.000000 -3.881811 99.528095 -0.005233 4.373620 0.007503 
315 15.756591 0.000000 -6.092195 99.019850 0.060139 4.774004 0.017227 
316 18.130872 0.000000 -3.881811 97.126331 -0.029004 4.304987 0.054794 
317 12.195170 0.000000 -2.776618 99.904932 -0.008676 3.794718 0.000460 
318 12.195170 0.000000 -3.881811 99.228103 0.000704 4.279927 0.013547 
319 13.382310 0.000000 -2.776618 99.661996 -0.009468 3.234819 0.005702 
320 10.414459 0.000000 -2.224022 109.640141 -0.046424 4.075836 -0.203758 
321 9.820889 0.000000 -2.224022 109.595242 -0.034164 3.867591 -0.202608 
322 10.414459 0.000000 -2.776618 98.622949 -0.030542 3.521701 0.026111 
323 11.008029 0.000000 -2.224022 109.916485 -0.022056 4.162546 -0.209896 
324 11.601599 0.000000 -1.118830 110.245489 0.003916 4.174038 -0.217149 
325 11.601599 0.000000 -1.671426 110.155288 0.007105 4.205716 -0.215188 
326 12.195170 0.000000 -1.118830 109.690444 -0.001706 4.203552 -0.204966 
327 11.601599 0.000000 -0.566234 110.767950 0.019131 4.100704 -0.228635 
328 10.711244 0.000000 -1.395128 109.849070 -0.022832 4.177441 -0.208427 
329 10.414459 0.000000 -1.395128 109.787823 -0.278202 4.189822 -0.207100 
330 10.711244 0.000000 -1.671426 109.850356 -0.021561 4.180160 -0.208458 
331 11.008029 0.000000 -1.395128 109.901218 -0.018259 4.182971 -0.209578 
332 10.711244 0.000000 -1.118830 109.955694 -0.024693 4.247732 -0.210830 
333 11.008029 0.000000 4.959728 99.425517 -0.016686 6.596054 0.007106 
334 13.382310 0.000000 4.959728 100.313190 -0.036659 7.378975 -0.011719 
335 11.008029 0.000000 7.170112 99.873306 -0.011205 6.119237 -0.001212 
336 9.820889 0.000000 1.644151 109.326579 -0.049167 14.112625 -0.215147 
337 11.008029 0.000000 1.644151 110.014235 -0.040985 13.359328 -0.228161 
338 9.820889 0.000000 2.749343 110.349300 -0.074825 16.572152 -0.245161 
339 9.820889 0.000000 3.854535 98.273763 -0.073644 6.710177 0.029724 
340 8.633748 0.000000 3.854535 99.245879 -0.094194 6.439048 0.010879 
341 11.008029 0.000000 3.854535 112.140358 -0.082500 17.547308 -0.288337 
342 9.820889 0.000000 4.959728 99.543320 -0.034095 6.335771 0.005098 
343 9.227319 0.000000 2.196747 109.710193 -0.067886 17.450786 -0.234086 
344 8.633748 0.000000 2.196747 109.295001 -0.082416 18.455574 -0.228601 
345 9.227319 0.000000 1.644151 109.637214 -0.077522 17.119205 -0.231339 
346 9.820889 0.000000 2.196747 110.164857 -0.079892 17.505137 -0.244273 
347 9.227319 0.000000 2.749343 109.712444 -0.073110 17.177045 -0.233188 
348 12.195170 0.000000 1.644151 109.681291 -0.023253 11.902256 -0.217165 
349 13.382310 0.000000 1.644151 -55.396211 -0.059634 1.067515 0.693012 
350 12.195170 0.000000 2.749343 111.655497 -0.057429 15.628565 -0.271121 
351 10.414459 0.000000 2.196747 110.969005 -0.069446 16.539138 -0.258767 
352 10.414459 0.000000 1.644151 110.315300 -0.059074 14.786685 -0.238812 
353 11.008029 0.000000 2.196747 110.669230 -0.055392 15.203783 -0.247884 
354 10.414459 0.000000 2.749343 111.001860 -0.068048 16.516524 -0.259421 
355 7.446608 0.000000 3.854535 100.203287 -0.010662 6.106251 -0.007799 
356 6.259468 0.000000 3.854535 101.021767 -0.073773 6.585084 -0.024877 
357 7.446608 0.000000 4.959728 100.150157 -0.076754 6.069922 -0.006690 
358 9.227319 0.000000 3.301939 110.703007 -0.097779 18.309384 -0.259040 
359 8.633748 0.000000 3.301939 109.164857 -0.090923 19.142464 -0.228341 
360 9.820889 0.000000 3.301939 110.703007 -0.097779 18.309384 -0.259040 
361 9.227319 0.000000 3.854535 100.018422 -0.106704 6.424915 -0.004498 
362 9.524104 0.000000 2.473045 109.844234 -0.073181 17.254261 -0.236347 
363 9.227319 0.000000 2.473045 109.714217 -0.070763 17.320424 -0.233721 
364 9.524104 0.000000 2.196747 109.821599 -0.071895 17.298643 -0.236003 
365 9.820889 0.000000 2.473045 110.285287 -0.084008 17.695999 -0.247600 
366 9.524104 0.000000 2.749343 110.058634 -0.075847 16.848612 -0.239678 
367 37.125118 0.000000 11.590882 100.844172 -0.441823 3.073564 -0.017919 
368 46.622241 0.000000 11.590882 100.056478 -0.178243 2.852723 -0.001947 
369 37.125118 0.000000 20.432420 100.764257 0.031865 4.250603 -0.017150 
370 22.879433 0.000000 7.170112 102.223896 -0.008417 3.887603 -0.046484 
371 27.627995 0.000000 7.170112 101.821014 -0.080414 2.958453 -0.037628 
372 22.879433 0.000000 11.590882 100.914510 -0.010419 4.843342 -0.020720 
373 15.756591 0.000000 4.959728 103.852125 0.011415 6.892723 -0.083277 
374 18.130872 0.000000 4.959728 114.837920 -0.033209 1.593407 -0.319029 
375 15.756591 0.000000 7.170112 101.421748 -0.046871 5.878928 -0.032094 
376 12.195170 0.000000 3.854535 112.057456 -0.077407 16.546137 -0.283065 
377 13.382310 0.000000 3.854535 110.651599 -0.066641 15.784811 -0.249294 
378 12.195170 0.000000 4.959728 99.570681 -0.019059 6.958278 0.003726 
379 14.569450 0.000000 -0.566234 103.017336 -0.022402 3.744791 -0.062660 
380 14.569450 0.000000 -1.671426 102.969927 -0.042308 3.576325 -0.061560 
381 15.756591 0.000000 -0.566234 97.774000 -0.043276 2.586365 0.043355 
382 14.569450 0.000000 0.538958 -57.965522 0.217677 0.205644 0.663991 
383 14.569450 0.000000 -2.776618 99.803165 0.000207 3.070548 0.002990 
384 14.569450 0.000000 -3.881811 99.421698 -0.002833 4.027403 0.009911 
385 15.756591 0.000000 -2.776618 100.566466 0.017812 3.691988 -0.012725 
386 20.505152 0.000000 0.538958 111.096596 0.023473 1.800204 -0.234569 
387 20.505152 0.000000 -1.671426 98.741037 0.004880 2.859109 0.024203 
388 22.879433 0.000000 0.538958 117.971332 0.009621 2.033564 -0.392137 
389 20.505152 0.000000 2.749343 109.656208 -0.026879 -5.011883 -0.204960 
390 16.943731 0.000000 -0.566234 101.084957 -0.010654 2.511048 -0.022447 
391 16.943731 0.000000 -1.671426 100.136553 -0.014164 2.222397 -0.003227 
392 18.130872 0.000000 -0.566234 102.719178 0.024660 3.123394 -0.056099 
393 16.943731 0.000000 0.538958 84.286886 0.041008 -2.218188 0.289080 
394 15.163021 0.000000 -1.118830 100.665081 -0.040108 3.357071 -0.014473 
395 14.569450 0.000000 -1.118830 103.019956 -0.027961 3.702945 -0.062682 
396 15.163021 0.000000 -1.671426 99.127956 -0.052317 3.022875 0.016451 
397 15.756591 0.000000 -1.118830 97.402311 -0.044946 2.565754 0.050620 
398 15.163021 0.000000 -0.566234 100.373175 -0.031500 3.385493 -0.008624 
399 14.569450 0.000000 3.854535 107.541836 -0.030569 14.476519 -0.177482 
400 14.569450 0.000000 2.749343 107.864683 -0.028115 13.776276 -0.182458 
401 15.756591 0.000000 3.854535 102.541517 -0.025201 12.162649 -0.066269 
402 14.569450 0.000000 4.959728 101.534703 -0.004429 7.655153 -0.036790 
403 20.505152 0.000000 4.959728 101.259828 0.026793 3.673639 -0.026705 
404 22.879433 0.000000 4.959728 103.843883 0.024961 1.678440 -0.078637 
405 20.505152 0.000000 7.170112 101.604819 0.153592 4.697195 -0.034563 
406 16.943731 0.000000 3.854535 111.073392 -0.051380 8.052240 -0.240214 
407 16.943731 0.000000 2.749343 109.691648 -0.043943 7.970995 -0.209580 
408 18.130872 0.000000 3.854535 114.588044 -0.034833 1.748380 -0.313348 
409 16.943731 0.000000 4.959728 102.065494 0.014470 4.968706 -0.044205 
410 22.879433 0.000000 -10.512965 98.195582 0.119683 3.754701 0.034352 
411 22.879433 0.000000 -14.933734 98.720771 -0.124862 4.553481 0.023346 
412 27.627995 0.000000 -10.512965 99.102619 -0.003271 3.467826 0.016665 
413 20.505152 0.000000 -3.881811 94.990745 -0.017431 2.515968 0.097043 
414 20.505152 0.000000 -6.092195 96.738231 0.070742 3.466755 0.062969 
415 22.879433 0.000000 -3.881811 95.435092 0.041260 0.487403 0.089190 
416 19.318012 0.000000 -0.566234 101.560924 0.015677 3.334714 -0.032574 
417 19.318012 0.000000 -1.671426 102.529767 0.022948 2.917011 -0.052086 
418 20.505152 0.000000 -0.566234 100.994569 0.008131 2.998419 -0.020889 
419 19.318012 0.000000 0.538958 102.669754 0.033868 2.160400 -0.054575 
420 19.318012 0.000000 3.854535 113.850240 -0.035130 -2.581608 -0.296854 
421 19.318012 0.000000 2.749343 113.108791 -0.031567 -2.229272 -0.279857 
422 20.505152 0.000000 3.854535 110.626820 -0.030968 -5.499763 -0.226854 
423 19.318012 0.000000 4.959728 114.010687 -0.035747 -3.160414 -0.300843 
424 32.376556 0.000000 -1.671426 99.817075 -0.047889 -1.766573 0.003343 
425 32.376556 0.000000 -6.092195 99.548005 0.020994 2.236731 0.008519 
426 37.125118 0.000000 -1.671426 102.897593 -0.009185 2.976512 -0.059677 
427 32.376556 0.000000 2.749343 100.159341 0.117373 -0.111843 -0.003192 
428 25.253714 0.000000 0.538958 108.850207 0.049828 0.755059 -0.184894 
429 25.253714 0.000000 -1.671426 100.511766 -0.035410 -2.363601 -0.010820 
430 27.627995 0.000000 0.538958 106.915618 0.013229 -0.378706 -0.143109 
431 25.253714 0.000000 2.749343 106.459694 -0.054599 -8.901191 -0.141290 
432 21.692293 0.000000 -0.566234 94.003842 -0.000656 2.196998 0.115845 
433 21.692293 0.000000 -1.671426 93.745367 -0.001099 2.108716 0.120736 
434 22.879433 0.000000 -0.566234 97.051885 -0.030687 0.176668 0.058090 
435 21.692293 0.000000 0.538958 123.261671 -0.007471 2.664879 -0.520054 
436 25.253714 0.000000 -3.881811 98.863380 0.033448 -0.542272 0.022574 
437 25.253714 0.000000 -6.092195 98.493642 0.033245 1.056658 0.029788 
438 27.627995 0.000000 -3.881811 100.152050 -0.003017 0.189972 -0.003047 
439 21.692293 0.000000 -2.776618 94.205244 -0.008547 0.191766 0.112534 
440 20.505152 0.000000 -2.776618 93.539808 -0.020446 1.604873 0.124773 
441 21.692293 0.000000 -3.881811 94.804843 -0.008800 1.349090 0.101022 
442 22.879433 0.000000 -2.776618 94.910663 0.045700 0.778651 0.099136 
443 21.098722 0.000000 -1.118830 96.348982 0.005410 2.641089 0.070990 
444 20.505152 0.000000 -1.118830 98.457944 0.001837 3.116407 0.029632 
445 21.098722 0.000000 -1.671426 95.542605 0.006834 2.645538 0.086461 
446 21.692293 0.000000 -1.118830 93.529678 0.003826 2.271975 0.124704 
447 21.098722 0.000000 -0.566234 96.913390 0.004900 2.662565 0.060071 
448 19.318012 0.000000 -2.776618 94.583197 -0.014273 3.087701 0.104448 
449 18.130872 0.000000 -2.776618 95.876294 -0.066546 4.008777 0.079166 
450 19.318012 0.000000 -3.881811 95.967365 -0.098366 3.593838 0.077734 
451 21.098722 0.000000 -2.224022 93.631673 -0.005422 -1.019214 0.123207 
452 20.505152 0.000000 -2.224022 98.608791 -0.001971 2.905486 0.026786 
453 21.098722 0.000000 -2.776618 93.599520 -0.005578 0.565814 0.123881 
454 21.692293 0.000000 -2.224022 93.947262 0.016311 -1.250512 0.117235 
455 24.066573 0.000000 -0.566234 100.559018 -0.035284 -1.246432 -0.011367 
456 24.066573 0.000000 -1.671426 97.779388 -0.035454 -1.914435 0.043552 
457 25.253714 0.000000 -0.566234 101.527673 -0.026480 -1.984463 -0.031181 
458 24.066573 0.000000 0.538958 113.197401 0.018760 1.301737 -0.281535 
459 22.285863 0.000000 -1.118830 90.322579 -0.016912 1.146157 0.184052 
460 22.285863 0.000000 -1.671426 93.271121 -0.015165 1.286594 0.129884 
461 22.879433 0.000000 -1.118830 93.926292 -0.032003 -0.412929 0.117768 
462 22.285863 0.000000 -0.566234 95.021526 -0.015511 1.208567 0.096945 
463 21.395508 0.000000 -1.395128 94.457209 0.002899 2.349364 0.107232 
464 21.098722 0.000000 -1.395128 96.509823 0.005233 2.647725 0.067884 
465 21.395508 0.000000 -1.671426 93.508406 0.006390 2.465526 0.125010 
466 21.692293 0.000000 -1.395128 93.627308 0.002284 2.225002 0.122898 
467 21.395508 0.000000 -1.118830 94.041580 0.005073 2.354052 0.115064 
468 19.911582 0.000000 -1.118830 100.726899 0.009022 3.239202 -0.015640 
469 19.318012 0.000000 -1.118830 101.860354 0.016384 3.169298 -0.038558 
470 19.911582 0.000000 -1.671426 100.496873 0.006514 2.954786 -0.010835 
471 19.911582 0.000000 -0.566234 100.734734 0.009610 3.302827 -0.015840 
472 20.801937 0.000000 -1.395128 98.012713 0.002880 2.829948 0.038550 
473 20.505152 0.000000 -1.395128 98.688902 0.003551 2.866466 0.025228 
474 20.801937 0.000000 -1.671426 96.993371 0.002668 2.768533 0.058462 
475 20.801937 0.000000 -1.118830 98.950080 0.003631 2.860743 0.020070 
476 21.692293 0.000000 1.644151 124.754779 -0.001676 4.155038 -0.558102 
477 20.505152 0.000000 1.644151 112.625008 0.017846 3.059522 -0.269375 
478 22.879433 0.000000 1.644151 123.072680 -0.008204 2.476261 -0.515302 
479 21.692293 0.000000 2.749343 100.570841 0.003566 -7.087159 -0.016472 
480 21.098722 0.000000 -0.013638 105.254804 0.015337 2.226208 -0.108353 
481 20.505152 0.000000 -0.013638 111.118111 0.023443 1.800509 -0.235048 
482 21.692293 0.000000 -0.013638 105.721982 -0.002687 2.365842 -0.118273 
483 21.098722 0.000000 0.538958 112.282108 0.021519 1.923523 -0.261097 
484 21.395508 0.000000 -0.842532 94.503727 0.002014 2.342737 0.106356 
485 21.098722 0.000000 -0.842532 96.480086 0.005249 2.645674 0.068459 
486 21.692293 0.000000 -0.842532 93.152159 -0.003153 1.879069 0.131914 
487 21.395508 0.000000 -0.566234 94.946035 0.000551 2.342155 0.097976 
488 21.247115 0.000000 -1.256979 95.843783 0.006479 2.598748 0.080722 
489 21.098722 0.000000 -1.256979 96.398372 0.005357 2.643216 0.070037 
490 21.247115 0.000000 -1.395128 96.066486 0.006091 2.611282 0.076441 
491 21.395508 0.000000 -1.256979 94.158035 0.004509 2.353081 0.112873 
492 21.247115 0.000000 -1.118830 95.776311 0.006539 2.595159 0.082016 
493 20.801937 0.000000 -0.842532 99.712009 0.004893 3.205319 0.004724 
494 20.505152 0.000000 -0.842532 100.086590 0.005380 3.218723 -0.002769 
495 20.801937 0.000000 -0.566234 100.118729 0.005563 3.268560 -0.003444 
496 20.950330 0.000000 -1.256979 98.466811 0.004846 2.811215 0.029638 
497 20.801937 0.000000 -1.256979 99.000090 0.003611 2.863536 0.019078 
498 20.950330 0.000000 -1.395128 95.959014 0.005638 2.680841 0.078468 
499 20.950330 0.000000 -1.118830 96.838714 0.004387 2.684425 0.061506 
500 21.247115 0.000000 -0.980681 94.815310 0.002559 2.392702 0.100433 
501 21.098722 0.000000 -0.980681 96.375933 0.005368 2.641940 0.070470 
502 21.395508 0.000000 -0.980681 94.278055 0.003381 2.347733 0.110614 
503 21.247115 0.000000 -0.842532 94.938553 0.001976 2.390943 0.098095 
504 21.172919 0.000000 -1.187905 96.095257 0.005933 2.619663 0.075884 
505 21.098722 0.000000 -1.187905 96.364602 0.005395 2.641796 0.070688 
506 21.172919 0.000000 -1.256979 96.137930 0.005880 2.621758 0.075062 
507 21.247115 0.000000 -1.187905 95.783712 0.006568 2.595408 0.081874 
508 21.172919 0.000000 -1.118830 96.083775 0.005926 2.619244 0.076105 
509 32.376556 0.000000 7.170112 101.608782 -0.081116 2.525402 -0.033073 
510 37.125118 0.000000 7.170112 101.130829 0.129663 2.189580 -0.023226 
511 32.376556 0.000000 11.590882 101.409648 -0.349663 3.514033 -0.029639 
512 25.253714 0.000000 4.959728 102.226694 -0.103482 1.235697 -0.045183 
513 27.627995 0.000000 4.959728 102.129552 -0.049044 1.299670 -0.043214 
514 25.253714 0.000000 7.170112 101.889667 0.023613 3.269250 -0.039219 
515 21.692293 0.000000 3.854535 101.900433 0.000408 -7.033101 -0.043316 
516 22.879433 0.000000 3.854535 100.995311 -0.006150 -9.437375 -0.028912 
517 21.692293 0.000000 4.959728 103.551171 -0.003500 4.002451 -0.073886 
518 24.066573 0.000000 -2.776618 96.309478 0.069665 0.551394 0.072418 
519 24.066573 0.000000 -3.881811 96.739655 0.055778 0.046102 0.064143 
520 25.253714 0.000000 -2.776618 99.715951 -0.044061 -0.154567 0.005670 
521 22.285863 0.000000 -2.224022 96.118383 0.033963 0.372409 0.076112 
522 22.285863 0.000000 -2.776618 94.976743 0.031708 0.512731 0.097915 
523 22.879433 0.000000 -2.224022 94.963530 0.039924 1.378295 0.098003 
524 21.989078 0.000000 -1.395128 90.957751 -0.009204 1.623531 0.172405 
525 21.989078 0.000000 -1.671426 93.677496 -0.002762 2.060667 0.122028 
526 22.285863 0.000000 -1.395128 91.847899 -0.019371 0.977953 0.156301 
527 21.989078 0.000000 -1.118830 89.762084 -0.010392 1.636035 0.194009 
528 24.066573 0.000000 3.854535 102.621273 -0.046364 -2.990170 -0.054007 
529 24.066573 0.000000 2.749343 104.789342 -0.049751 -9.181598 -0.106511 
530 25.253714 0.000000 3.854535 101.921334 -0.082546 -0.558762 -0.038828 
531 24.066573 0.000000 4.959728 102.580569 0.033871 1.264746 -0.052437 
532 22.285863 0.000000 3.301939 97.672043 0.015535 -8.233334 0.039238 
533 21.692293 0.000000 3.301939 101.567817 0.001272 -7.029952 -0.036544 
534 22.285863 0.000000 2.749343 98.510025 0.010418 -8.158789 0.022921 
535 22.879433 0.000000 3.301939 100.933905 -0.009133 -9.252019 -0.027325 
536 22.285863 0.000000 3.854535 98.523177 0.010274 -8.071941 0.022803 
537 21.098722 0.000000 3.301939 105.506805 -0.013174 -6.551399 -0.117461 
538 20.505152 0.000000 3.301939 110.196072 -0.028767 -5.069442 -0.216887 
539 21.098722 0.000000 2.749343 105.121689 -0.013034 -6.479228 -0.109255 
540 21.098722 0.000000 3.854535 107.387809 -0.019038 -6.493277 -0.157430 
541 -48.348991 0.000000 214.946266 99.868703 -0.000009 5.233566 -0.000115 
542 -124.325976 0.000000 214.946266 99.865077 -0.000034 5.234251 -0.000043 
543 27.627995 0.000000 214.946266 99.873595 -0.000212 5.228265 -0.000207 
544 -48.348991 0.000000 285.678573 99.867043 -0.000169 5.233048 -0.000081 
545 -10.360498 0.000000 108.847804 99.884614 0.002020 5.236167 -0.000435 
546 -48.348991 0.000000 108.847804 99.869800 0.000886 5.237343 -0.000141 
547 27.627995 0.000000 108.847804 99.906440 0.002541 5.215941 -0.000850 
548 -10.360498 0.000000 144.213958 99.878864 0.000762 5.232864 -0.000317 
549 8.633748 0.000000 55.798574 99.939878 0.001432 5.249817 -0.001554 
550 -10.360498 0.000000 55.798574 99.871250 0.032666 5.255586 -0.000189 
551 27.627995 0.000000 55.798574 100.010887 -0.034451 5.178906 -0.002900 
552 8.633748 0.000000 73.481651 99.914061 0.001723 5.235533 -0.001023 
553 18.130872 0.000000 29.273958 100.218547 0.246909 5.198689 -0.007084 
554 8.633748 0.000000 29.273958 100.053072 0.260029 5.340741 -0.003921 
555 27.627995 0.000000 29.273958 100.481159 0.122809 5.028621 -0.012177 
556 18.130872 0.000000 38.115497 100.157448 -0.002651 5.241292 -0.005899 
557 22.879433 0.000000 16.011651 100.967703 -0.042640 4.974805 -0.021923 
558 18.130872 0.000000 16.011651 100.754496 -0.084384 5.296720 -0.017953 
559 27.627995 0.000000 16.011651 101.067995 -0.160609 4.571963 -0.023567 
560 22.879433 0.000000 20.432420 100.988990 -0.169668 5.103620 -0.022485 
561 20.505152 0.000000 9.380497 100.990718 -0.024181 4.915644 -0.022329 
562 18.130872 0.000000 9.380497 100.937879 0.095596 5.199994 -0.021550 
563 22.879433 0.000000 9.380497 101.453226 0.018339 4.580941 -0.031374 
564 20.505152 0.000000 11.590882 100.544905 0.076833 5.188833 -0.013621 
565 21.692293 0.000000 6.064920 102.577537 -0.016320 4.123992 -0.053916 
566 20.505152 0.000000 6.064920 101.761578 0.016137 4.415312 -0.037491 
567 22.879433 0.000000 6.064920 102.820019 0.013492 3.208487 -0.058225 
568 21.692293 0.000000 7.170112 102.054433 0.032423 4.368652 -0.043419 
569 22.285863 0.000000 4.407132 106.701971 0.011829 1.746654 -0.138836 
570 21.692293 0.000000 4.407132 103.539465 0.010050 4.593117 -0.074152 
571 22.879433 0.000000 4.407132 104.376639 0.032916 0.043463 -0.089449 
572 22.285863 0.000000 4.959728 104.569621 0.027633 2.787047 -0.094257 
573 21.989078 0.000000 3.578237 98.432825 0.007822 -7.118913 0.026030 
574 21.692293 0.000000 3.578237 102.738519 -0.002234 -6.958806 -0.060363 
575 21.989078 0.000000 3.301939 98.712837 0.007603 -7.231073 0.020349 
576 22.285863 0.000000 3.578237 97.970475 0.013947 -8.020717 0.033745 
577 21.989078 0.000000 3.854535 99.575522 0.008126 -7.256579 0.003206 
578 23.473003 0.000000 -1.118830 97.163127 -0.050845 -1.187974 0.055791 
579 23.473003 0.000000 -1.671426 95.572478 -0.059491 -1.718863 0.086294 
580 24.066573 0.000000 -1.118830 96.872011 -0.044755 -1.897937 0.061221 
581 23.473003 0.000000 -0.566234 99.135138 -0.038891 -0.741179 0.017167 
582 24.066573 0.000000 1.644151 115.719046 0.016555 1.722484 -0.339386 
583 25.253714 0.000000 1.644151 109.080544 0.049363 0.760290 -0.189915 
584 23.473003 0.000000 3.301939 103.245693 -0.039811 -9.188046 -0.074409 
585 23.473003 0.000000 2.749343 103.136547 -0.036862 -9.219299 -0.072214 
586 24.066573 0.000000 3.301939 104.689658 -0.050362 -9.166010 -0.104394 
587 23.473003 0.000000 3.854535 103.401617 -0.043299 -9.149144 -0.077560 
588 30.002275 0.000000 0.538958 103.778535 -0.014772 -0.387083 -0.077013 
589 30.002275 0.000000 -1.671426 103.417903 -0.056301 -3.135968 -0.070510 
590 32.376556 0.000000 0.538958 129.575652 -0.009893 0.439341 -0.679004 
591 30.002275 0.000000 2.749343 106.215921 -0.074100 -10.319941 -0.138833 
592 26.440854 0.000000 -0.566234 104.398120 -0.042156 -2.296267 -0.090424 
593 26.440854 0.000000 -1.671426 102.387886 -0.050877 -2.714581 -0.049065 
594 27.627995 0.000000 -0.566234 104.703019 -0.061324 -2.577251 -0.096937 
595 26.440854 0.000000 0.538958 108.912546 0.024601 -0.154234 -0.186197 
596 103.604980 0.000000 -209.447580 99.856815 0.001572 5.223253 0.000133 
597 103.604980 0.000000 -280.179887 99.858980 0.001053 5.228183 0.000085 
598 179.581965 0.000000 -209.447580 99.860369 0.001775 5.221762 0.000064 
599 65.616487 0.000000 -103.349118 99.837076 0.004507 5.195855 0.000556 
600 65.616487 0.000000 -138.715272 99.846914 0.002728 5.213599 0.000341 
601 103.604980 0.000000 -103.349118 99.850053 0.004021 5.186968 0.000306 
602 46.622241 0.000000 -50.299888 99.790263 -0.028095 5.114046 0.001575 
603 46.622241 0.000000 -67.982965 99.806485 -0.002016 5.164463 0.001199 
604 65.616487 0.000000 -50.299888 99.797429 -0.009127 5.067682 0.001479 
605 37.125118 0.000000 -23.775272 99.588869 -0.220043 4.723909 0.005969 
606 37.125118 0.000000 -32.616811 99.744331 0.348491 4.959086 0.002635 
607 46.622241 0.000000 -23.775272 99.622185 -0.181124 4.668237 0.005359 
608 32.376556 0.000000 -10.512965 99.674818 0.232125 3.587052 0.005201 
609 32.376556 0.000000 -14.933734 99.011707 0.349770 4.033678 0.018029 
610 37.125118 0.000000 -10.512965 99.567958 0.276748 3.603304 0.007316 
611 30.002275 0.000000 -3.881811 100.913053 -0.060261 0.744896 -0.018400 
612 30.002275 0.000000 -6.092195 99.554695 -0.067721 1.994740 0.008488 
613 32.376556 0.000000 -3.881811 99.100291 -0.007405 1.005739 0.017812 
614 26.440854 0.000000 -2.776618 97.941271 -0.054613 -0.639186 0.040710 
615 26.440854 0.000000 -3.881811 99.064963 0.036117 -0.905636 0.018531 
616 27.627995 0.000000 -2.776618 99.164275 -0.008636 0.155140 0.016642 
617 25.847284 0.000000 -1.118830 101.044988 -0.049503 -2.584234 -0.021677 
618 25.253714 0.000000 -1.118830 100.867580 -0.036255 -2.341853 -0.017975 
619 25.847284 0.000000 -1.671426 101.195829 -0.043362 -2.496152 -0.024683 
620 26.440854 0.000000 -1.118830 103.712913 -0.053534 -2.734619 -0.076385 
621 25.847284 0.000000 -0.566234 103.223882 -0.030923 -1.937067 -0.065892 
622 30.002275 0.000000 4.959728 101.697194 -0.121743 1.427975 -0.034437 
623 32.376556 0.000000 4.959728 101.627070 -0.043957 1.804038 -0.033132 
624 30.002275 0.000000 7.170112 101.595331 -0.106164 2.795871 -0.032944 
625 26.440854 0.000000 3.854535 102.465539 -0.084605 -1.079770 -0.050036 
626 26.440854 0.000000 2.749343 107.890440 -0.087962 -9.898366 -0.173833 
627 27.627995 0.000000 3.854535 101.730989 -0.051261 -0.492748 -0.034944 
628 26.440854 0.000000 4.959728 102.142673 0.032115 1.296942 -0.043481 
629 26.440854 0.000000 1.644151 108.965486 0.029197 -0.306470 -0.187357 
630 27.627995 0.000000 1.644151 106.214075 -0.052734 -6.595556 -0.132493 
631 25.847284 0.000000 3.301939 107.201690 -0.075923 -9.591788 -0.158421 
632 25.253714 0.000000 3.301939 106.635918 -0.060378 -9.435677 -0.146025 
633 25.847284 0.000000 2.749343 107.259238 -0.076138 -9.274958 -0.159057 
634 26.440854 0.000000 3.301939 107.775859 -0.087308 -9.822816 -0.171213 
635 25.847284 0.000000 3.854535 101.242573 -0.050493 -1.115461 -0.025131 
636 28.815135 0.000000 -0.566234 103.924634 -0.052141 -2.593360 -0.080706 
637 28.815135 0.000000 -1.671426 104.505798 -0.066550 -3.314906 -0.093245 
638 30.002275 0.000000 -0.566234 103.243369 -0.039490 -2.263883 -0.066432 
639 28.815135 0.000000 0.538958 103.652491 -0.007101 -0.934469 -0.074471 
640 28.815135 0.000000 1.644151 105.880407 -0.050309 -7.000128 -0.125966 
641 30.002275 0.000000 1.644151 104.693932 -0.054230 -7.935339 -0.102379 
642 28.815135 0.000000 2.749343 107.332142 -0.069815 -9.722244 -0.161472 
643 28.815135 0.000000 -2.776618 104.348794 -0.074296 0.207284 -0.088872 
644 28.815135 0.000000 -3.881811 101.979984 -0.098287 0.727016 -0.040046 
645 30.002275 0.000000 -2.776618 102.591285 -0.079148 0.185222 -0.052501 
646 255.558951 0.000000 -67.982965 99.866397 0.005329 5.147193 0.000021 
647 255.558951 0.000000 -138.715272 99.862866 0.002830 5.208550 0.000028 
648 331.535936 0.000000 -67.982965 99.866585 0.005091 5.155258 0.000009 
649 255.558951 0.000000 2.749343 99.957545 0.009152 3.419207 -0.000320 
650 141.593473 0.000000 -32.616811 99.874032 0.009765 4.896508 0.000120 
651 141.593473 0.000000 -67.982965 99.860748 0.005863 5.132072 0.000149 
652 179.581965 0.000000 -32.616811 99.876303 0.009238 4.926128 0.000046 
653 141.593473 0.000000 2.749343 99.998484 0.018442 2.569576 -0.000630 
654 84.610734 0.000000 -14.933734 99.868012 -0.024474 4.203649 0.000871 
655 84.610734 0.000000 -32.616811 99.829269 0.012301 4.845398 0.001064 
656 103.604980 0.000000 -14.933734 99.895397 0.009331 4.255734 0.000280 
657 84.610734 0.000000 2.749343 99.996086 -0.075393 1.759014 -0.000232 
658 56.119364 0.000000 -6.092195 98.457682 0.034647 3.516413 0.029372 
659 56.119364 0.000000 -14.933734 99.415698 0.007411 4.323268 0.009783 
660 65.616487 0.000000 -6.092195 99.687120 -0.026043 3.262634 0.005183 
661 56.119364 0.000000 2.749343 98.723779 -0.047614 1.943783 0.024983 
662 41.873679 0.000000 -1.671426 110.828663 0.037173 3.949759 -0.229859 
663 41.873679 0.000000 -6.092195 100.712413 0.101186 4.046462 -0.015937 
664 46.622241 0.000000 -1.671426 105.924253 0.007381 6.884942 -0.126735 
665 41.873679 0.000000 2.749343 98.952939 0.038279 -1.364633 0.020645 
666 34.750837 0.000000 0.538958 158.605424 0.040196 0.760101 -1.515626 
667 34.750837 0.000000 -1.671426 102.391005 -0.074353 1.987132 -0.048787 
668 37.125118 0.000000 0.538958 112.644742 0.031061 -2.782037 -0.269658 
669 34.750837 0.000000 2.749343 102.285234 -0.134312 -0.433437 -0.046247 
670 31.189416 0.000000 -0.566234 101.849776 -0.048313 -2.126172 -0.037790 
671 31.189416 0.000000 -1.671426 100.688425 -0.050110 -2.513737 -0.014448 
672 32.376556 0.000000 -0.566234 100.926509 -0.043991 -1.362103 -0.018802 
673 31.189416 0.000000 0.538958 104.346432 -0.026915 0.175704 -0.088821 
674 29.408705 0.000000 -1.118830 101.827342 -0.058907 -3.058468 -0.037817 
675 28.815135 0.000000 -1.118830 104.374396 -0.067942 -3.128631 -0.090381 
676 29.408705 0.000000 -1.671426 103.163424 -0.059619 -3.189334 -0.065287 
677 30.002275 0.000000 -1.118830 103.736209 -0.049674 -2.816026 -0.076913 
678 29.408705 0.000000 -0.566234 102.639098 -0.045626 -2.360766 -0.054036 
679 31.189416 0.000000 1.644151 103.998482 -0.034718 -8.205242 -0.088301 
680 32.376556 0.000000 1.644151 101.571236 -0.011536 -7.217939 -0.036881 
681 31.189416 0.000000 2.749343 104.277053 -0.036326 -9.861938 -0.097096 
682 28.815135 0.000000 3.854535 101.841075 -0.075782 -0.117288 -0.037162 
683 30.002275 0.000000 3.854535 101.479223 -0.057330 0.146307 -0.029806 
684 28.815135 0.000000 4.959728 101.887283 -0.144654 1.329041 -0.038281 
685 29.408705 0.000000 2.196747 106.395075 -0.065428 -9.063920 -0.140207 
686 28.815135 0.000000 2.196747 107.058238 -0.067344 -8.821671 -0.153929 
687 29.408705 0.000000 1.644151 105.445960 -0.056957 -7.875101 -0.118087 
688 30.002275 0.000000 2.196747 105.489247 -0.068095 -9.733016 -0.122272 
689 29.408705 0.000000 2.749343 106.775846 -0.073319 -10.381323 -0.150886 
690 34.750837 0.000000 -3.881811 101.969792 -0.247742 2.750624 -0.040547 
691 34.750837 0.000000 -6.092195 100.057569 0.049343 2.769734 -0.001919 
692 37.125118 0.000000 -3.881811 99.666524 0.001451 2.999417 0.005759 
693 31.189416 0.000000 -2.776618 98.727087 -0.069357 -0.211320 0.025291 
694 31.189416 0.000000 -3.881811 99.250580 -0.138749 0.482408 0.014907 
695 32.376556 0.000000 -2.776618 97.583711 -0.026309 0.178681 0.047739 
696 33.563697 0.000000 -0.566234 115.151524 -0.038723 0.593004 -0.326023 
697 33.563697 0.000000 -1.671426 101.873226 -0.055224 0.480799 -0.037839 
698 34.750837 0.000000 -0.566234 119.916910 -0.051305 1.944277 -0.438385 
699 33.563697 0.000000 0.538958 161.315311 0.042211 0.792530 -1.602326 
700 31.782986 0.000000 -1.118830 103.165839 -0.067541 -2.245930 -0.064824 
701 31.189416 0.000000 -1.118830 101.471706 -0.053720 -2.437132 -0.030245 
702 31.782986 0.000000 -1.671426 101.927084 -0.061693 -2.208540 -0.039401 
703 32.376556 0.000000 -1.118830 99.255488 -0.044591 -1.633575 0.014568 
704 31.782986 0.000000 -0.566234 102.801573 -0.057905 -1.865524 -0.057165 
705 255.558951 0.000000 73.481651 99.870129 -0.005737 5.099034 -0.000004 
706 331.535936 0.000000 73.481651 99.870938 -0.006096 5.081858 -0.000003 
707 255.558951 0.000000 144.213958 99.865267 -0.002911 5.202016 -0.000013 
708 141.593473 0.000000 38.115497 99.884141 -0.007019 4.812251 0.000000 
709 179.581965 0.000000 38.115497 99.886774 -0.007590 4.769443 -0.000012 
710 141.593473 0.000000 73.481651 99.870989 -0.004513 5.117414 -0.000040 
711 84.610734 0.000000 20.432420 99.894812 -0.012827 4.198863 0.000340 
712 103.604980 0.000000 20.432420 99.907972 -0.006932 4.149903 0.000118 
713 84.610734 0.000000 38.115497 99.884627 -0.002329 4.847433 -0.000044 
714 56.119364 0.000000 11.590882 99.730855 -0.105850 3.030863 0.004456 
715 65.616487 0.000000 11.590882 99.822625 0.046177 3.252358 0.002486 
716 56.119364 0.000000 20.432420 99.943236 0.118762 4.102082 -0.000549 
717 41.873679 0.000000 7.170112 100.223383 0.158146 1.578182 -0.004724 
718 46.622241 0.000000 7.170112 99.361729 0.132142 1.937724 0.012347 
719 41.873679 0.000000 11.590882 100.498838 -0.211362 2.803976 -0.010792 
720 34.750837 0.000000 4.959728 101.930322 0.136715 1.382379 -0.039172 
721 37.125118 0.000000 4.959728 101.559479 0.554515 0.906226 -0.031546 
722 34.750837 0.000000 7.170112 101.475891 0.045016 2.194916 -0.030218 
723 33.563697 0.000000 1.644151 106.023994 -0.024522 -6.276587 -0.128048 
724 34.750837 0.000000 1.644151 106.277340 -0.070887 -6.850018 -0.134180 
725 33.563697 0.000000 2.749343 102.401645 -0.097387 0.048798 -0.048611 
726 31.189416 0.000000 3.854535 101.239148 -0.072516 0.656011 -0.024980 
727 32.376556 0.000000 3.854535 101.433935 0.029978 1.209369 -0.029031 
728 31.189416 0.000000 4.959728 101.552181 0.002941 1.622056 -0.031548 
729 31.782986 0.000000 2.196747 102.401262 -0.019963 -8.666325 -0.056112 
730 31.189416 0.000000 2.196747 103.632588 -0.034598 -9.153857 -0.082351 
731 31.782986 0.000000 1.644151 102.938625 -0.021110 -7.735735 -0.065620 
732 32.376556 0.000000 2.196747 101.104534 -0.009577 -7.986010 -0.028590 
733 31.782986 0.000000 2.749343 98.705752 0.065958 -0.386918 0.025702 
734 33.563697 0.000000 -2.776618 101.313374 -0.084101 1.936739 -0.026816 
735 33.563697 0.000000 -3.881811 100.606282 -0.141594 2.099121 -0.012605 
736 34.750837 0.000000 -2.776618 104.910467 -0.145284 2.788247 -0.101400 
737 32.970126 0.000000 -1.118830 102.363928 -0.043667 -0.699111 -0.047886 
738 32.970126 0.000000 -1.671426 102.000421 -0.045006 -0.528534 -0.040437 
739 33.563697 0.000000 -1.118830 106.368657 -0.047832 0.507593 -0.131455 
740 32.970126 0.000000 -0.566234 115.951740 -0.025468 -0.342503 -0.344492 
741 33.563697 0.000000 3.854535 101.991743 -0.102594 1.105937 -0.040355 
742 34.750837 0.000000 3.854535 102.106893 -0.153615 0.763780 -0.042642 
743 33.563697 0.000000 4.959728 101.854735 -0.014756 1.673472 -0.037719 
744 32.970126 0.000000 2.196747 99.973579 -0.017436 -7.245248 -0.004721 
745 32.970126 0.000000 1.644151 105.781644 -0.014329 -6.339321 -0.122994 
746 33.563697 0.000000 2.196747 100.368252 -0.026585 -6.612833 -0.011752 
747 32.970126 0.000000 2.749343 101.689928 -0.020662 0.358815 -0.034097 
748 39.499399 0.000000 0.538958 92.986833 0.082610 -7.098111 0.130306 
749 39.499399 0.000000 -1.671426 107.348872 0.010389 1.647196 -0.152649 
750 41.873679 0.000000 0.538958 99.284592 0.055514 -14.199321 -0.005905 
751 39.499399 0.000000 2.749343 100.210542 -0.017965 -1.883378 -0.004570 
752 35.937977 0.000000 -0.566234 101.928242 -0.074701 2.778451 -0.039709 
753 35.937977 0.000000 -1.671426 101.915284 -0.074888 2.776763 -0.039444 
754 37.125118 0.000000 -0.566234 101.089002 -0.009671 2.754145 -0.022657 
755 35.937977 0.000000 0.538958 94.143141 -0.013400 0.115892 0.113706 
756 34.157267 0.000000 -1.118830 106.057278 -0.066129 1.419031 -0.125016 
757 34.157267 0.000000 -1.671426 102.299120 -0.067950 1.258630 -0.046670 
758 34.750837 0.000000 -1.118830 104.940057 -0.074304 2.097867 -0.101682 
759 34.157267 0.000000 -0.566234 114.395523 -0.044913 1.154696 -0.308767 
760 41.873679 0.000000 -10.512965 100.026003 0.373379 4.042679 -0.002168 
761 41.873679 0.000000 -14.933734 99.513440 0.321667 4.201291 0.007932 
762 46.622241 0.000000 -10.512965 99.602385 0.185458 3.884714 0.006424 
763 39.499399 0.000000 -3.881811 101.999717 -0.036386 4.367042 -0.042301 
764 39.499399 0.000000 -6.092195 100.272764 -0.124272 3.458219 -0.006660 
765 41.873679 0.000000 -3.881811 102.809321 -0.033571 4.869025 -0.059346 
766 35.937977 0.000000 -2.776618 103.052178 -0.049349 2.680935 -0.062694 
767 35.937977 0.000000 -3.881811 101.259677 -0.103351 2.736673 -0.026102 
768 37.125118 0.000000 -2.776618 112.916835 0.005258 3.775025 -0.276446 
769 34.157267 0.000000 -2.224022 100.460447 -0.117973 1.895581 -0.009591 
770 33.563697 0.000000 -2.224022 102.111252 -0.089223 1.268490 -0.042832 
771 34.157267 0.000000 -2.776618 100.216483 -0.100492 1.750704 -0.004642 
772 34.750837 0.000000 -2.224022 105.886812 -0.164168 2.446465 -0.121803 
773 33.860482 0.000000 -1.395128 101.426469 -0.058546 0.877059 -0.028810 
774 33.563697 0.000000 -1.395128 101.745411 -0.053618 0.489275 -0.035237 
775 33.860482 0.000000 -1.671426 102.370966 -0.062042 0.855742 -0.048055 
776 34.157267 0.000000 -1.395128 102.051509 -0.069572 1.402843 -0.041648 
777 33.860482 0.000000 -1.118830 103.009588 -0.053068 0.954613 -0.061189 
778 35.937977 0.000000 1.644151 102.769896 -0.108135 -7.509329 -0.061805 
779 37.125118 0.000000 1.644151 101.994857 -0.050039 -7.666902 -0.046173 
780 35.937977 0.000000 2.749343 102.028299 -0.152668 -0.640580 -0.041021 
781 34.157267 0.000000 2.196747 102.138058 -0.040232 -6.831423 -0.047885 
782 34.157267 0.000000 1.644151 106.856240 -0.034132 -6.459214 -0.145998 
783 34.750837 0.000000 2.196747 102.929940 -0.073172 -7.109685 -0.064513 
784 34.157267 0.000000 2.749343 102.348435 -0.123298 -0.239713 -0.047527 
785 34.157267 0.000000 1.091555 117.322185 -0.023496 -4.917783 -0.378868 
786 33.563697 0.000000 1.091555 118.554911 -0.009255 -5.321283 -0.408358 
787 34.157267 0.000000 0.538958 160.255361 0.041422 0.779846 -1.568239 
788 34.750837 0.000000 1.091555 117.359888 -0.051679 -5.939385 -0.380862 
789 33.860482 0.000000 1.920449 105.173137 -0.031190 -6.471837 -0.110327 
790 33.563697 0.000000 1.920449 105.194770 -0.024980 -6.311186 -0.110577 
791 33.860482 0.000000 1.644151 106.396659 -0.030191 -6.387450 -0.136105 
792 34.157267 0.000000 1.920449 106.657739 -0.033987 -6.472505 -0.141777 
793 33.860482 0.000000 2.196747 101.603700 -0.033437 -6.701583 -0.036822 
794 35.344407 0.000000 -1.118830 101.120261 -0.075719 2.436170 -0.023125 
795 35.344407 0.000000 -1.671426 103.459487 -0.067809 2.760068 -0.071149 
796 35.937977 0.000000 -1.118830 102.376413 -0.076244 2.836120 -0.048898 
797 35.344407 0.000000 -0.566234 101.749053 -0.078243 2.529773 -0.035928 
798 39.499399 0.000000 4.959728 100.684072 0.782174 0.347612 -0.013802 
799 41.873679 0.000000 4.959728 99.927643 0.252229 0.277011 0.001433 
800 39.499399 0.000000 7.170112 100.671878 0.015386 1.799301 -0.013806 
801 35.937977 0.000000 3.854535 101.959510 -0.120333 0.604684 -0.039612 
802 37.125118 0.000000 3.854535 101.705759 -0.038982 0.436491 -0.034425 
803 35.937977 0.000000 4.959728 101.815852 0.158204 1.226366 -0.036800 
804 35.344407 0.000000 2.196747 102.996033 -0.097889 -7.304618 -0.066155 
805 35.344407 0.000000 1.644151 102.965370 -0.103548 -7.365959 -0.065614 
806 35.937977 0.000000 2.196747 102.780019 -0.112404 -7.507159 -0.062010 
807 35.344407 0.000000 2.749343 102.184948 -0.173289 -0.562687 -0.044211 
808 35.344407 0.000000 -2.224022 113.126325 -0.009888 4.079157 -0.281420 
809 35.344407 0.000000 -2.776618 97.959237 -0.140322 2.994920 0.039500 
810 35.937977 0.000000 -2.224022 103.655789 -0.047732 2.682617 -0.075172 
811 38.312258 0.000000 -0.566234 101.969955 -0.006924 2.194941 -0.040269 
812 38.312258 0.000000 -1.671426 103.971042 -0.009938 2.624294 -0.081686 
813 39.499399 0.000000 -0.566234 106.175624 0.011854 0.699317 -0.127375 
814 38.312258 0.000000 0.538958 -80.638587 0.004023 0.942318 0.349653 
815 36.531548 0.000000 -1.118830 101.084620 -0.032945 2.868151 -0.022633 
816 36.531548 0.000000 -1.671426 101.671445 -0.055430 2.871139 -0.034533 
817 37.125118 0.000000 -1.118830 100.559019 -0.016930 2.790328 -0.011990 
818 36.531548 0.000000 -0.566234 101.285751 -0.041932 2.879549 -0.026710 
819 35.641192 0.000000 -1.395128 101.441934 -0.080122 2.657919 -0.029754 
820 35.344407 0.000000 -1.395128 101.407005 -0.077593 2.438077 -0.028933 
821 35.641192 0.000000 -1.671426 101.734124 -0.079324 2.560769 -0.035640 
822 35.937977 0.000000 -1.395128 102.309535 -0.080316 2.812810 -0.047516 
823 35.641192 0.000000 -1.118830 100.160126 -0.092178 2.685832 -0.003927 
824 35.344407 0.000000 1.091555 102.930234 -0.102680 -7.368796 -0.064894 
825 35.344407 0.000000 0.538958 144.220529 0.026353 0.658616 -1.080000 
826 35.937977 0.000000 1.091555 101.866221 -0.096110 -6.697928 -0.042160 
827 38.312258 0.000000 1.644151 100.691942 -0.019525 -7.694727 -0.019808 
828 39.499399 0.000000 1.644151 93.929521 0.081120 -7.208849 0.112527 
829 38.312258 0.000000 2.749343 101.514443 0.009753 -0.938318 -0.030606 
830 36.531548 0.000000 2.196747 101.250105 -0.156077 -1.801048 -0.025485 
831 36.531548 0.000000 1.644151 102.492411 -0.087118 -7.606193 -0.056256 
832 37.125118 0.000000 2.196747 101.756922 -0.053331 -1.252854 -0.035604 
833 36.531548 0.000000 2.749343 101.874303 -0.145929 -0.615184 -0.037877 
834 35.641192 0.000000 1.920449 102.863799 -0.113794 -7.451893 -0.063650 
835 35.344407 0.000000 1.920449 102.957803 -0.103681 -7.367650 -0.065460 
836 35.641192 0.000000 1.644151 102.859608 -0.113923 -7.444586 -0.063553 
837 35.937977 0.000000 1.920449 102.779363 -0.108327 -7.501956 -0.061989 
838 35.641192 0.000000 2.196747 102.874262 -0.110282 -7.447102 -0.063859 
839 38.312258 0.000000 -2.776618 113.126082 -0.007752 4.240088 -0.281549 
840 38.312258 0.000000 -3.881811 99.720322 0.017319 3.524844 0.004343 
841 39.499399 0.000000 -2.776618 112.781461 0.003854 5.538342 -0.275033 
842 37.718688 0.000000 -1.118830 102.670361 0.000537 2.570253 -0.054781 
843 37.718688 0.000000 -1.671426 101.933923 -0.004035 2.551306 -0.039703 
844 38.312258 0.000000 -1.118830 101.102192 -0.014833 2.049131 -0.022585 
845 37.718688 0.000000 -0.566234 101.947406 -0.004022 2.548336 -0.039977 
846 36.531548 0.000000 -0.013638 94.143141 -0.013400 0.115892 0.113706 
847 35.937977 0.000000 -0.013638 94.143141 -0.013400 0.115892 0.113706 
848 37.125118 0.000000 -0.013638 112.644742 0.031061 -2.782037 -0.269658 
849 36.531548 0.000000 0.538958 94.143141 -0.013400 0.115892 0.113706 
850 36.828333 0.000000 -0.842532 100.294817 -0.028898 2.837907 -0.006710 
851 36.531548 0.000000 -0.842532 101.279242 -0.040311 2.857840 -0.026565 
852 36.828333 0.000000 -1.118830 100.365678 -0.025465 2.813774 -0.008119 
853 37.125118 0.000000 -0.842532 100.729227 -0.009971 2.770704 -0.015405 
854 36.828333 0.000000 -0.566234 100.965498 -0.029275 2.847047 -0.020214 
855 36.234763 0.000000 -0.842532 102.470108 -0.058884 2.899063 -0.050853 
856 35.937977 0.000000 -0.842532 102.335370 -0.080181 2.814574 -0.048046 
857 36.234763 0.000000 -1.118830 102.672237 -0.063984 2.879541 -0.054988 
858 36.234763 0.000000 -0.566234 101.833188 -0.058393 2.872488 -0.037825 
859 36.531548 0.000000 -2.224022 100.777181 0.035998 3.001185 -0.016505 
860 36.531548 0.000000 -2.776618 100.692076 0.032584 3.632784 -0.015209 
861 37.125118 0.000000 -2.224022 112.757274 -0.005538 4.173305 -0.273162 
862 36.828333 0.000000 -1.395128 100.352583 -0.029034 2.839249 -0.007870 
863 36.531548 0.000000 -1.395128 101.301184 -0.040811 2.858026 -0.027010 
864 36.828333 0.000000 -1.671426 102.817717 -0.025830 3.054629 -0.058081 
865 37.125118 0.000000 -1.395128 101.047609 -0.015601 2.790050 -0.021840 
866 36.679940 0.000000 -0.980681 100.699730 -0.036005 2.846541 -0.014854 
867 36.531548 0.000000 -0.980681 101.190849 -0.037967 2.859796 -0.024777 
868 36.679940 0.000000 -1.118830 100.695084 -0.035305 2.847943 -0.014761 
869 36.828333 0.000000 -0.980681 100.460505 -0.025212 2.813665 -0.010023 
870 36.679940 0.000000 -0.842532 100.497025 -0.030021 2.845097 -0.010775 
871 36.531548 0.000000 1.091555 102.465845 -0.086622 -7.614382 -0.055724 
872 37.125118 0.000000 1.091555 101.977159 -0.047834 -7.665998 -0.045811 
873 37.718688 0.000000 1.091555 101.570404 -0.028796 -7.696995 -0.037579 
874 37.718688 0.000000 0.538958 112.644742 0.031061 -2.782037 -0.269658 
875 38.312258 0.000000 1.091555 100.063068 -0.009387 -7.649775 -0.007114 
876 37.718688 0.000000 1.644151 101.606489 -0.026547 -7.692101 -0.038305 
877 36.828333 0.000000 1.367853 102.280989 -0.072915 -7.640131 -0.051978 
878 36.531548 0.000000 1.367853 102.446805 -0.084372 -7.606552 -0.055321 
879 36.828333 0.000000 1.091555 102.272247 -0.071069 -7.634922 -0.051791 
880 37.125118 0.000000 1.367853 101.978661 -0.048137 -7.666488 -0.045842 
881 36.828333 0.000000 1.644151 102.284234 -0.073393 -7.640772 -0.052045 
882 36.234763 0.000000 1.367853 102.601257 -0.096708 -7.577365 -0.058444 
883 35.937977 0.000000 1.367853 102.773306 -0.107873 -7.505329 -0.061869 
884 36.234763 0.000000 1.091555 101.720969 -0.087478 -6.792093 -0.039330 
885 36.234763 0.000000 1.644151 102.620767 -0.098120 -7.573661 -0.058839 
886 38.312258 0.000000 3.854535 101.374123 -0.048270 0.139575 -0.027673 
887 39.499399 0.000000 3.854535 100.440109 0.000498 -0.355119 -0.008834 
888 38.312258 0.000000 4.959728 101.263408 0.786392 0.588964 -0.025524 
889 37.718688 0.000000 2.196747 101.967534 -0.052507 -1.614840 -0.039999 
890 38.312258 0.000000 2.196747 101.443662 -0.008261 -1.792598 -0.029403 
891 37.718688 0.000000 2.749343 101.707117 -0.010619 -0.723232 -0.034486 
892 36.828333 0.000000 1.920449 102.297626 -0.073854 -7.637036 -0.052313 
893 36.531548 0.000000 1.920449 102.483676 -0.087076 -7.613959 -0.056088 
894 37.125118 0.000000 1.920449 102.122223 -0.061548 -7.660569 -0.048764 
895 36.828333 0.000000 2.196747 102.200537 -0.081891 -1.758114 -0.044805 
896 36.679940 0.000000 1.506002 102.346565 -0.077228 -7.632030 -0.053307 
897 36.531548 0.000000 1.506002 102.465536 -0.085301 -7.608684 -0.055709 
898 36.679940 0.000000 1.367853 102.327321 -0.075950 -7.633674 -0.052916 
899 36.828333 0.000000 1.506002 102.277624 -0.073003 -7.641803 -0.051911 
900 36.679940 0.000000 1.644151 102.354110 -0.077688 -7.631193 -0.053460 
901 37.718688 0.000000 -0.013638 112.644742 0.031061 -2.782037 -0.269658 
902 38.312258 0.000000 -0.013638 -81.299283 0.009398 0.624387 0.339004 
903 37.421903 0.000000 -0.842532 101.866289 -0.001846 2.679195 -0.038392 
904 37.421903 0.000000 -1.118830 102.289254 0.005748 2.741691 -0.047061 
905 37.718688 0.000000 -0.842532 102.546940 0.000137 2.572188 -0.052249 
906 37.421903 0.000000 -0.566234 102.007147 0.000340 2.708477 -0.041279 
907 37.421903 0.000000 1.367853 101.750817 -0.032325 -7.673523 -0.041211 
908 37.421903 0.000000 1.091555 101.754884 -0.036285 -7.676636 -0.041299 
909 37.718688 0.000000 1.367853 101.601223 -0.026549 -7.693493 -0.038200 
910 37.421903 0.000000 1.644151 101.869568 -0.036640 -7.667428 -0.043620 
911 51.370803 0.000000 -1.671426 100.653602 -0.006487 0.766574 -0.013174 
912 51.370803 0.000000 -6.092195 100.842644 -0.024428 5.538022 -0.019991 
913 56.119364 0.000000 -1.671426 98.000490 0.042550 2.394793 0.039017 
914 51.370803 0.000000 2.749343 99.176819 -0.028843 0.557194 0.016365 
915 44.247960 0.000000 0.538958 100.907864 0.038096 -31.648610 -0.118403 
916 44.247960 0.000000 -1.671426 107.327361 0.013241 7.735992 -0.157901 
917 46.622241 0.000000 0.538958 91.769639 -0.022601 -1.381662 0.157642 
918 44.247960 0.000000 2.749343 98.349349 0.032631 -2.010499 0.032336 
919 40.686539 0.000000 -0.566234 110.919047 -0.029397 0.508939 -0.230329 
920 40.686539 0.000000 -1.671426 111.320825 -0.023933 0.629710 -0.239272 
921 41.873679 0.000000 -0.566234 110.489222 0.041176 2.378271 -0.221353 
922 40.686539 0.000000 0.538958 97.726890 0.091080 -8.906467 0.037012 
923 38.905828 0.000000 -1.118830 104.103540 0.008838 1.464388 -0.083969 
924 38.905828 0.000000 -1.671426 104.274437 0.010688 1.283834 -0.087481 
925 39.499399 0.000000 -1.118830 106.006843 0.018984 0.640335 -0.123786 
926 38.905828 0.000000 -0.566234 104.285180 0.010729 1.285296 -0.087705 
927 40.686539 0.000000 1.644151 97.612723 0.097710 -8.623888 0.039738 
928 41.873679 0.000000 1.644151 98.607364 0.063789 -12.610100 0.011757 
929 40.686539 0.000000 2.749343 97.215769 -0.018342 -1.507848 0.054682 
930 38.905828 0.000000 1.091555 96.789990 0.037247 -7.422757 0.057660 
931 38.905828 0.000000 0.538958 96.733367 0.037528 -7.423775 0.058754 
932 39.499399 0.000000 1.091555 93.802169 0.083347 -7.198078 0.114933 
933 38.905828 0.000000 1.644151 96.874924 0.036874 -7.430121 0.056004 
934 44.247960 0.000000 -3.881811 98.892437 0.058970 7.587348 0.016271 
935 44.247960 0.000000 -6.092195 99.543912 0.078013 4.684012 0.006906 
936 46.622241 0.000000 -3.881811 107.709177 0.017674 5.073845 -0.162701 
937 40.686539 0.000000 -2.776618 106.871866 0.062250 5.016778 -0.144677 
938 40.686539 0.000000 -3.881811 103.202389 -0.069471 4.223055 -0.066857 
939 41.873679 0.000000 -2.776618 111.727937 0.005532 6.878490 -0.253045 
940 40.092969 0.000000 -1.118830 107.846208 -0.013175 0.299295 -0.163089 
941 40.092969 0.000000 -1.671426 109.808292 -0.020540 1.453039 -0.205997 
942 40.686539 0.000000 -1.118830 110.289318 -0.017636 0.629740 -0.216413 
943 40.092969 0.000000 -0.566234 108.282429 -0.014097 0.357221 -0.172521 
944 38.905828 0.000000 -0.013638 -81.731640 0.048517 0.748815 0.331938 
945 39.499399 0.000000 -0.013638 -78.893090 -0.000309 1.053812 0.377477 
946 39.202614 0.000000 -0.842532 105.927372 0.014404 1.007065 -0.122162 
947 38.905828 0.000000 -0.842532 104.216721 0.009060 1.442040 -0.086320 
948 39.202614 0.000000 -1.118830 106.239222 0.017449 1.066301 -0.128791 
949 39.499399 0.000000 -0.842532 106.061663 0.018190 0.654168 -0.124950 
950 39.202614 0.000000 -0.566234 104.557191 0.012881 1.213818 -0.093368 
951 40.092969 0.000000 1.091555 95.504413 0.107429 -7.684594 0.081984 
952 40.092969 0.000000 0.538958 95.194598 0.118934 -7.491055 0.088186 
953 40.686539 0.000000 1.091555 97.631794 0.096603 -8.671092 0.039284 
954 40.092969 0.000000 1.644151 95.468986 0.118766 -7.528400 0.082898 
955 38.905828 0.000000 2.196747 101.196305 -0.041112 -2.011064 -0.024474 
956 39.499399 0.000000 2.196747 100.571338 -0.046134 -3.045347 -0.012387 
957 38.905828 0.000000 2.749343 101.135397 -0.043457 -1.269085 -0.022998 
958 39.202614 0.000000 1.367853 95.559568 0.043305 -7.322547 0.081475 
959 38.905828 0.000000 1.367853 97.194403 0.035615 -7.458281 0.049762 
960 39.202614 0.000000 1.091555 95.515626 0.055791 -7.336200 0.082294 
961 39.499399 0.000000 1.367853 93.663540 0.083650 -7.181311 0.117556 
962 39.202614 0.000000 1.644151 95.859852 0.043596 -7.344105 0.075695 
963 51.370803 0.000000 7.170112 99.766886 -0.117930 2.101496 0.004214 
964 56.119364 0.000000 7.170112 99.357762 -0.014099 2.522713 0.012167 
965 51.370803 0.000000 11.590882 99.918765 -0.158919 2.879178 0.000793 
966 44.247960 0.000000 4.959728 99.369380 0.022310 0.496714 0.012548 
967 46.622241 0.000000 4.959728 98.877918 0.041047 1.410018 0.022117 
968 44.247960 0.000000 7.170112 99.683999 0.043926 1.534517 0.006074 
969 43.060820 0.000000 1.644151 100.785032 0.088677 -6.560099 -0.020067 
970 43.060820 0.000000 0.538958 101.739665 0.060091 -20.951964 -0.078995 
971 44.247960 0.000000 1.644151 97.089423 0.097484 -5.195017 0.054665 
972 43.060820 0.000000 2.749343 99.599260 0.122787 -2.061640 0.007572 
973 41.280109 0.000000 1.091555 98.110123 0.076819 -10.366167 0.026694 
974 41.280109 0.000000 0.538958 98.280352 0.070663 -11.026004 0.021939 
975 41.873679 0.000000 1.091555 99.050182 0.062785 -12.865457 0.002354 
976 41.280109 0.000000 1.644151 98.255212 0.071191 -10.904224 0.022701 
977 43.060820 0.000000 -0.566234 108.800315 0.045181 4.701594 -0.185962 
978 43.060820 0.000000 -1.671426 108.454280 0.025916 7.350807 -0.181637 
979 44.247960 0.000000 -0.566234 107.860578 0.064139 8.553920 -0.170708 
980 43.060820 0.000000 -2.776618 108.554661 0.013747 8.862711 -0.186266 
981 43.060820 0.000000 -3.881811 101.437673 0.070313 6.408734 -0.033068 
982 44.247960 0.000000 -2.776618 107.584278 0.005337 9.503586 -0.166470 
983 42.467250 0.000000 -1.118830 110.713170 0.046005 3.740827 -0.227140 
984 41.873679 0.000000 -1.118830 110.249059 0.043691 2.333066 -0.216030 
985 42.467250 0.000000 -1.671426 111.890635 0.045393 3.553477 -0.253214 
986 43.060820 0.000000 -1.118830 109.142435 0.047087 5.314399 -0.194032 
987 42.467250 0.000000 -0.566234 110.606725 0.046475 3.608205 -0.224687 
988 42.467250 0.000000 1.091555 100.585391 0.043967 -16.738316 -0.039759 
989 42.467250 0.000000 0.538958 100.872233 0.043117 -17.050282 -0.046592 
990 43.060820 0.000000 1.091555 101.670679 0.059851 -20.824119 -0.077057 
991 42.467250 0.000000 1.644151 100.666004 0.038634 -17.441020 -0.043784 
992 48.996522 0.000000 0.538958 99.403353 0.019514 1.355424 0.011714 
993 48.996522 0.000000 -1.671426 105.643975 0.003792 5.871075 -0.119512 
994 51.370803 0.000000 0.538958 100.163472 0.023943 -2.538545 -0.003917 
995 48.996522 0.000000 2.749343 98.962545 0.036721 1.723879 0.020344 
996 45.435101 0.000000 -0.566234 114.429648 0.016255 -5.450000 -0.312385 
997 45.435101 0.000000 -1.671426 105.926586 0.007412 6.881486 -0.126780 
998 46.622241 0.000000 -0.566234 112.130816 0.011547 -8.730355 -0.264954 
999 45.435101 0.000000 0.538958 103.298752 -0.006282 -41.973707 -0.243242 
1000 43.654390 0.000000 -1.118830 109.821669 0.050948 6.931840 -0.210885 
1001 43.654390 0.000000 -1.671426 107.487707 0.002591 9.454956 -0.164300 
1002 44.247960 0.000000 -1.118830 109.687348 0.059202 9.186459 -0.211571 
1003 43.654390 0.000000 -0.566234 110.048652 0.051544 6.983592 -0.215948 
1004 45.435101 0.000000 1.644151 95.142540 0.027268 -3.361644 0.093660 
1005 46.622241 0.000000 1.644151 95.276244 -0.029111 -0.303144 0.092234 
1006 45.435101 0.000000 2.749343 97.176695 0.022846 -0.900864 0.055588 
1007 44.841530 0.000000 -0.013638 101.327782 0.008546 -33.790368 -0.140911 
1008 44.247960 0.000000 -0.013638 99.993453 0.028382 -29.383939 -0.086211 
1009 44.841530 0.000000 -0.566234 115.654327 0.050720 8.550534 -0.344904 
1010 45.435101 0.000000 -0.013638 105.903193 -0.009997 -34.587048 -0.241175 
1011 44.841530 0.000000 0.538958 99.348913 0.039390 -34.586102 -0.106641 
1012 -200.302961 0.000000 -209.447580 99.861792 0.000150 5.233901 0.000023 
1013 -276.279947 0.000000 -209.447580 99.862356 0.000087 5.233859 0.000012 
1014 -200.302961 0.000000 -280.179887 99.861815 0.000156 5.233756 0.000023 
1015 255.558951 0.000000 -209.447580 99.862088 0.001850 5.221913 0.000030 
1016 255.558951 0.000000 -280.179887 99.861899 0.001334 5.226929 0.000028 
1017 331.535936 0.000000 -209.447580 99.862790 0.001866 5.222345 0.000015 
1018 -200.302961 0.000000 214.946266 99.863837 -0.000042 5.234092 -0.000018 
1019 -276.279947 0.000000 214.946266 99.863387 -0.000037 5.233938 -0.000009 
1020 -200.302961 0.000000 285.678573 99.863955 -0.000075 5.233920 -0.000020 
1021 -86.337483 0.000000 -103.349118 99.857907 0.000659 5.234337 0.000100 
1022 -124.325976 0.000000 -103.349118 99.860269 0.000343 5.234430 0.000053 
1023 -86.337483 0.000000 -138.715272 99.858286 0.000567 5.233873 0.000093 
1024 103.604980 0.000000 214.946266 99.870153 -0.000961 5.221836 -0.000132 
1025 179.581965 0.000000 214.946266 99.866129 -0.001567 5.220190 -0.000049 
1026 103.604980 0.000000 285.678573 99.867678 -0.000760 5.227519 -0.000088 
1027 141.593473 0.000000 -103.349118 99.858128 0.003907 5.186437 0.000146 
1028 141.593473 0.000000 -138.715272 99.857835 0.002816 5.206922 0.000130 
1029 179.581965 0.000000 -103.349118 99.861631 0.003845 5.187903 0.000074 
1030 -86.337483 0.000000 108.847804 99.865487 0.000344 5.235955 -0.000053 
1031 -124.325976 0.000000 108.847804 99.864135 0.000139 5.235095 -0.000025 
1032 -86.337483 0.000000 144.213958 99.866289 0.000189 5.235252 -0.000068 
1033 -29.354744 0.000000 -50.299888 99.855780 0.035515 5.208868 0.000169 
1034 -48.348991 0.000000 -50.299888 99.848655 0.002549 5.236009 0.000283 
1035 -29.354744 0.000000 -67.982965 99.841708 0.004019 5.232611 0.000425 
1036 65.616487 0.000000 108.847804 99.894015 0.000617 5.188595 -0.000574 
1037 103.604980 0.000000 108.847804 99.875976 -0.001740 5.181566 -0.000206 
1038 65.616487 0.000000 144.213958 99.883029 -0.000187 5.210214 -0.000377 
1039 84.610734 0.000000 -50.299888 99.842266 0.004895 5.064119 0.000588 
1040 84.610734 0.000000 -67.982965 99.835352 0.003081 5.130400 0.000658 
1041 103.604980 0.000000 -50.299888 99.850621 0.005723 5.051456 0.000434 
1042 -29.354744 0.000000 55.798574 99.860016 0.024132 5.243995 0.000048 
1043 -48.348991 0.000000 55.798574 99.864244 0.002084 5.241972 -0.000035 
1044 -29.354744 0.000000 73.481651 99.873756 0.003025 5.244346 -0.000227 
1045 -19.857621 0.000000 -23.775272 99.804086 0.059771 5.220103 0.001189 
1046 -29.354744 0.000000 -23.775272 99.826565 0.038189 5.230785 0.000729 
1047 -19.857621 0.000000 -32.616811 99.815754 0.048574 5.219357 0.000957 
1048 46.622241 0.000000 55.798574 99.988407 -0.035424 5.074545 -0.002343 
1049 65.616487 0.000000 55.798574 99.920740 -0.007712 5.037139 -0.000953 
1050 46.622241 0.000000 73.481651 99.947183 -0.006390 5.148295 -0.001594 
1051 -0.863375 0.000000 29.273958 99.875750 0.111168 5.342685 -0.000372 
1052 -10.360498 0.000000 29.273958 99.818865 0.058242 5.274480 0.000837 
1053 -0.863375 0.000000 38.115497 99.894856 -0.018019 5.286589 -0.000693 
1054 56.119364 0.000000 -23.775272 99.606840 -0.065510 4.597933 0.005733 
1055 56.119364 0.000000 -32.616811 99.941956 0.010448 5.008931 -0.001348 
1056 65.616487 0.000000 -23.775272 99.778441 0.005155 4.662836 0.002252 
1057 -19.857621 0.000000 29.273958 99.833465 0.043511 5.257770 0.000563 
1058 -29.354744 0.000000 29.273958 99.844589 0.030610 5.248470 0.000351 
1059 -19.857621 0.000000 38.115497 99.849673 0.033256 5.257297 0.000240 
1060 37.125118 0.000000 29.273958 100.442015 0.042604 4.702289 -0.011071 
1061 46.622241 0.000000 29.273958 100.136517 0.082906 4.620265 -0.004868 
1062 37.125118 0.000000 38.115497 100.078147 -0.119917 4.948671 -0.004014 
1063 13.382310 0.000000 16.011651 100.654808 -0.205140 5.664398 -0.016352 
1064 8.633748 0.000000 16.011651 100.463806 -0.188499 5.740032 -0.012596 
1065 13.382310 0.000000 20.432420 100.365189 -0.153758 5.471914 -0.010314 
1066 -3.237656 0.000000 4.959728 99.108041 -0.075215 5.440946 0.014799 
1067 -5.611936 0.000000 4.959728 99.463489 0.155748 5.418167 0.007763 
1068 -3.237656 0.000000 7.170112 99.468391 0.115773 5.604290 0.007462 
1069 2.104476 0.000000 -1.118830 111.986535 -0.161434 -11.463325 -0.267242 
1070 2.104476 0.000000 -1.671426 112.125178 -0.171936 -11.640399 -0.270758 
1071 2.104476 0.000000 -0.566234 111.541983 -0.172607 -13.817361 -0.263256 
1072 3.291617 0.000000 -0.013638 103.947283 0.009383 32.080639 -0.183421 
1073 2.698046 0.000000 -0.013638 102.748300 -0.024267 33.785142 -0.169865 
1074 3.885187 0.000000 -0.013638 -57.710837 0.004645 -3.713141 0.665567 
1075 2.104476 0.000000 -0.013638 101.377397 -0.027810 36.202061 -0.158797 
1076 2.104476 0.000000 0.538958 101.683571 -0.054958 36.581416 -0.167775 
1077 4.478757 0.000000 -1.118830 110.268898 0.479128 -0.559288 -0.215977 
1078 4.478757 0.000000 -1.671426 110.420001 -0.120205 -0.737561 -0.219314 
1079 4.478757 0.000000 -0.566234 110.783808 -0.133403 -0.894395 -0.227387 
1080 5.665897 0.000000 -0.013638 -60.108120 -0.003518 -2.153430 0.638238 
1081 5.072327 0.000000 -0.013638 -55.975189 -0.007338 -0.664813 0.686634 
1082 6.259468 0.000000 -0.013638 -59.748912 -0.027102 -2.471978 0.642396 
1083 4.478757 0.000000 -0.013638 -59.551041 0.011171 -1.859523 0.645022 
1084 2.104476 0.000000 1.091555 102.137675 -0.032471 36.218646 -0.174390 
1085 1.510906 0.000000 1.091555 95.295844 -0.062438 11.951220 0.077587 
1086 2.104476 0.000000 1.644151 97.337691 -0.064784 10.284333 0.041960 
1087 15.756591 0.000000 9.380497 100.880567 0.010229 5.689041 -0.020925 
1088 13.382310 0.000000 9.380497 100.401294 0.024092 5.965816 -0.011601 
1089 15.756591 0.000000 11.590882 100.684460 0.112884 5.605790 -0.016880 
1090 11.008029 0.000000 9.380497 99.998094 0.009465 5.828938 -0.003360 
1091 8.633748 0.000000 9.380497 99.854326 -0.076577 5.732915 -0.000376 
1092 11.008029 0.000000 11.590882 99.796317 -0.043376 5.568796 0.000968 
1093 5.072327 0.000000 3.854535 100.709368 -0.074535 7.253218 -0.019499 
1094 3.885187 0.000000 3.854535 99.951252 -0.063986 7.437904 -0.004558 
1095 5.072327 0.000000 4.959728 100.360326 -0.082190 6.689965 -0.011696 
1096 6.853038 0.000000 -0.013638 -55.573583 -0.098185 -1.373697 0.690968 
1097 7.446608 0.000000 -0.013638 -47.874227 0.010909 0.172165 0.770803 
1098 6.853038 0.000000 0.538958 -57.280252 -0.101298 -1.530450 0.671662 
1099 6.853038 0.000000 1.091555 104.369499 -0.037660 18.207716 -0.122451 
1100 7.446608 0.000000 1.091555 106.645212 -0.054583 17.541806 -0.168092 
1101 6.853038 0.000000 1.644151 104.318874 -0.039692 19.237917 -0.125253 
1102 16.943731 0.000000 1.644151 -53.670660 0.006127 -0.090071 0.711945 
1103 15.756591 0.000000 1.644151 -71.209789 0.072596 0.924392 0.492831 
1104 18.130872 0.000000 1.644151 -45.754299 -0.007567 1.630932 0.790388 
1105 14.569450 0.000000 1.644151 -61.667492 0.116435 1.342537 0.619530 
1106 16.943731 0.000000 -2.776618 97.926822 -0.024253 4.668190 0.038854 
1107 16.943731 0.000000 -3.881811 98.496269 -0.009904 4.693534 0.027646 
1108 11.601599 0.000000 -2.224022 110.164902 -0.000150 4.240494 -0.215429 
1109 11.601599 0.000000 -2.776618 98.090256 -0.023512 3.796100 0.036389 
1110 12.195170 0.000000 -2.224022 109.691204 -0.008302 4.227397 -0.205003 
1111 10.414459 0.000000 3.301939 111.400100 -0.090369 17.939789 -0.273183 
1112 11.008029 0.000000 3.301939 111.525992 -0.058778 15.466179 -0.267725 
1113 10.414459 0.000000 3.854535 100.417216 -0.024397 7.578380 -0.014105 
1114 32.376556 0.000000 16.011651 101.044055 -0.268966 4.245773 -0.022800 
1115 37.125118 0.000000 16.011651 100.734715 -0.348336 3.794524 -0.016200 
1116 32.376556 0.000000 20.432420 100.898918 0.387681 4.475938 -0.020078 
1117 25.253714 0.000000 9.380497 101.333288 -0.073903 4.194455 -0.028603 
1118 27.627995 0.000000 9.380497 101.279552 -0.008588 3.796215 -0.027196 
1119 25.253714 0.000000 11.590882 101.091820 0.015028 4.554801 -0.024030 
1120 19.318012 0.000000 1.644151 102.669754 0.033868 2.160400 -0.054575 
1121 19.318012 0.000000 6.064920 101.595661 -0.078988 4.411545 -0.034115 
1122 18.130872 0.000000 6.064920 101.731054 0.009905 4.580565 -0.037019 
1123 19.318012 0.000000 7.170112 101.373914 -0.012598 4.734200 -0.029908 
1124 19.911582 0.000000 -0.013638 102.937806 0.020073 1.928037 -0.059991 
1125 19.318012 0.000000 -0.013638 101.566225 0.016461 3.693305 -0.032934 
1126 19.911582 0.000000 0.538958 105.382385 0.033612 0.950420 -0.110635 
1127 22.285863 0.000000 -0.013638 98.144112 -0.014488 1.365195 0.036587 
1128 22.879433 0.000000 -0.013638 103.074417 -0.020432 0.330125 -0.062444 
1129 22.285863 0.000000 0.538958 123.210965 -0.007667 2.614273 -0.518778 
1130 19.911582 0.000000 -2.224022 102.150618 0.013947 2.997968 -0.044374 
1131 19.318012 0.000000 -2.224022 102.150618 0.013947 2.997968 -0.044374 
1132 19.911582 0.000000 -2.776618 94.554858 -0.017887 2.002967 0.105537 
1133 24.660144 0.000000 -1.118830 99.476751 -0.036188 -2.133643 0.009982 
1134 24.660144 0.000000 -1.671426 98.911942 -0.030292 -2.136268 0.021186 
1135 24.660144 0.000000 -0.566234 99.874608 -0.032856 -1.991392 0.002110 
1136 23.473003 0.000000 -0.013638 106.674245 -0.010925 0.466638 -0.137961 
1137 24.066573 0.000000 -0.013638 107.829713 -0.005188 0.247857 -0.162731 
1138 23.473003 0.000000 0.538958 113.615459 0.012293 1.515079 -0.291077 
1139 21.989078 0.000000 -0.842532 94.083453 -0.007397 1.630081 0.114565 
1140 22.285863 0.000000 -0.842532 93.360419 -0.022216 0.733250 0.128329 
1141 21.989078 0.000000 -0.566234 94.804329 -0.007970 1.627216 0.100949 
1142 20.950330 0.000000 -0.980681 96.803539 0.004566 2.678952 0.062190 
1143 20.801937 0.000000 -0.980681 98.714885 0.003633 3.157195 0.024540 
1144 20.950330 0.000000 -0.842532 96.864381 0.003917 3.026326 0.060813 
1145 30.002275 0.000000 9.380497 101.457229 -0.113443 3.473605 -0.030565 
1146 32.376556 0.000000 9.380497 101.494148 -0.037638 3.098532 -0.031066 
1147 30.002275 0.000000 11.590882 101.684071 -0.315712 3.667793 -0.035320 
1148 24.066573 0.000000 6.064920 102.346942 0.048036 2.677343 -0.048207 
1149 25.253714 0.000000 6.064920 102.165479 0.043376 2.534429 -0.044421 
1150 24.066573 0.000000 7.170112 102.123094 0.026480 3.523731 -0.044154 
1151 21.098722 0.000000 4.407132 110.595076 -0.033830 -6.013999 -0.226744 
1152 20.505152 0.000000 4.407132 110.595076 -0.033830 -6.013999 -0.226744 
1153 21.098722 0.000000 4.959728 102.432059 0.002266 4.451704 -0.051214 
1154 23.473003 0.000000 -2.224022 95.945950 0.049113 1.358173 0.079253 
1155 23.473003 0.000000 -2.776618 96.193590 0.052161 0.713004 0.074628 
1156 24.066573 0.000000 -2.224022 96.082545 0.003783 1.176562 0.076676 
1157 24.660144 0.000000 3.301939 105.616835 -0.051804 -9.235307 -0.124021 
1158 24.660144 0.000000 2.749343 105.742486 -0.048774 -8.827018 -0.125939 
1159 24.660144 0.000000 3.854535 103.443829 -0.094030 -1.537098 -0.070300 
1160 23.473003 0.000000 4.407132 103.045757 0.030381 -0.147298 -0.061845 
1161 24.066573 0.000000 4.407132 102.544341 -0.038713 -0.037955 -0.051534 
1162 23.473003 0.000000 4.959728 103.036773 0.020957 1.368474 -0.061845 
1163 51.370803 0.000000 -10.512965 99.746019 0.041115 4.300201 0.003224 
1164 51.370803 0.000000 -14.933734 99.428289 0.261302 4.361510 0.009492 
1165 56.119364 0.000000 -10.512965 99.203904 0.043789 4.016357 0.014245 
1166 30.595846 0.000000 -1.118830 102.151537 -0.051453 -2.790863 -0.044273 
1167 30.595846 0.000000 -1.671426 101.925346 -0.046353 -2.654054 -0.039582 
1168 30.595846 0.000000 -0.566234 102.954783 -0.039393 -2.077577 -0.060401 
1169 30.595846 0.000000 2.196747 104.481009 -0.052617 -9.282810 -0.100245 
1170 30.595846 0.000000 1.644151 104.882442 -0.050049 -8.026208 -0.106475 
1171 30.595846 0.000000 2.749343 105.030835 -0.056906 -10.060197 -0.113269 
1172 34.157267 0.000000 -0.013638 160.060220 0.041277 0.777511 -1.561988 
1173 33.563697 0.000000 -0.013638 161.095275 0.042047 0.789897 -1.595231 
1174 34.750837 0.000000 -0.013638 158.477547 0.040101 0.758571 -1.511571 
1175 32.970126 0.000000 -0.013638 144.674915 0.012057 0.628650 -1.093123 
1176 32.376556 0.000000 -0.013638 129.548195 -0.009974 0.438885 -0.678293 
1177 32.970126 0.000000 0.538958 144.840085 0.012241 0.630570 -1.097905 
1178 32.970126 0.000000 1.091555 115.029849 -0.007279 -4.611424 -0.325313 
1179 32.376556 0.000000 1.091555 120.024244 -0.002237 -3.429054 -0.441758 
1180 32.970126 0.000000 -2.224022 105.415145 -0.165224 -0.147547 -0.111240 
1181 32.376556 0.000000 -2.224022 97.017804 -0.061483 -0.579551 0.058721 
1182 32.970126 0.000000 -2.776618 104.184077 -0.106478 0.325628 -0.085444 
1183 35.344407 0.000000 -0.013638 144.390277 0.026488 0.660456 -1.084899 
1184 35.641192 0.000000 -0.842532 101.477466 -0.079805 2.658923 -0.030475 
1185 35.344407 0.000000 -0.842532 101.001478 -0.077414 2.518738 -0.020765 
1186 35.641192 0.000000 -0.566234 101.232291 -0.083809 2.688432 -0.025521 
1187 40.686539 0.000000 3.854535 99.295823 0.059279 -0.322095 0.014023 
1188 41.873679 0.000000 3.854535 99.550771 0.213376 -0.376815 0.008946 
1189 40.686539 0.000000 4.959728 99.992015 0.417135 0.417472 0.000125 
1190 36.234763 0.000000 -1.395128 102.167014 -0.061576 2.853949 -0.044625 
1191 36.234763 0.000000 -1.671426 101.853293 -0.058778 2.872625 -0.038235 
1192 35.641192 0.000000 1.367853 102.850786 -0.106494 -7.436490 -0.063360 
1193 35.344407 0.000000 1.367853 102.946542 -0.104170 -7.372161 -0.065235 
1194 35.641192 0.000000 1.091555 101.644527 -0.096744 -6.386688 -0.037241 
1195 36.234763 0.000000 1.920449 102.622022 -0.098778 -7.569157 -0.058858 
1196 36.234763 0.000000 2.196747 102.610998 -0.096208 -7.584822 -0.058656 
1197 37.718688 0.000000 -2.224022 104.882815 0.012494 3.059080 -0.100976 
1198 37.718688 0.000000 -2.776618 104.078796 0.013231 3.466295 -0.084441 
1199 38.312258 0.000000 -2.224022 113.166989 -0.004533 4.518710 -0.282719 
1200 37.421903 0.000000 -1.395128 101.775754 -0.003062 2.673607 -0.036545 
1201 37.421903 0.000000 -1.671426 101.993285 0.000272 2.709336 -0.040997 
1202 37.718688 0.000000 -1.395128 102.485623 -0.000035 2.574646 -0.050993 
1203 37.421903 0.000000 1.920449 101.766688 -0.027819 -7.673834 -0.041535 
1204 37.718688 0.000000 1.920449 101.574167 -0.029986 -7.691311 -0.037647 
1205 37.421903 0.000000 2.196747 101.500862 -0.045401 -1.625721 -0.030507 
1206 48.996522 0.000000 -3.881811 100.927070 0.019024 3.377093 -0.019768 
1207 48.996522 0.000000 -6.092195 100.238369 0.122567 3.147459 -0.005765 
1208 51.370803 0.000000 -3.881811 101.605168 -0.012018 7.256949 -0.037627 
1209 41.280109 0.000000 -1.118830 110.837609 0.006462 1.198973 -0.228641 
1210 41.280109 0.000000 -1.671426 111.686566 0.005291 3.055230 -0.248322 
1211 41.280109 0.000000 -0.566234 110.752547 0.006149 1.189722 -0.226754 
1212 41.280109 0.000000 -0.013638 -62.854878 0.035928 -0.732592 0.604873 
1213 40.686539 0.000000 -0.013638 -60.972239 -0.030331 1.039021 0.628131 
1214 41.873679 0.000000 -0.013638 -66.246644 0.008047 0.381526 0.561124 
1215 40.092969 0.000000 -0.013638 -63.425269 -0.003804 1.853466 0.597380 
1216 40.092969 0.000000 2.196747 96.160006 -0.015453 -4.409523 0.073381 
1217 40.686539 0.000000 2.196747 95.331203 -0.054810 -2.247228 0.090691 
1218 40.092969 0.000000 2.749343 98.151352 0.043642 -2.250145 0.036125 
1219 45.435101 0.000000 -2.776618 106.729380 0.008165 6.853211 -0.143813 
1220 45.435101 0.000000 -3.881811 98.798687 0.059149 7.110424 0.018826 
1221 46.622241 0.000000 -2.776618 106.727368 0.008124 6.862803 -0.143783 
1222 48.996522 0.000000 4.959728 99.463870 0.098346 1.931318 0.010320 
1223 51.370803 0.000000 4.959728 99.510139 -0.059071 1.619901 0.009510 
1224 48.996522 0.000000 7.170112 99.623773 -0.137627 2.170994 0.007037 
1225 43.060820 0.000000 3.854535 99.649238 0.190589 -0.520140 0.006972 
1226 44.247960 0.000000 3.854535 98.962975 0.043664 -0.417838 0.020615 
1227 43.060820 0.000000 4.959728 99.728452 0.147390 0.357582 0.005409 
1228 45.435101 0.000000 3.854535 98.275067 0.004714 0.226422 0.034196 
1229 46.622241 0.000000 3.854535 98.209107 -0.016970 1.133890 0.035369 
1230 45.435101 0.000000 4.959728 98.912039 -0.015564 0.928267 0.021555 
1231 43.654390 0.000000 -0.013638 101.807997 0.030237 -27.960379 -0.114665 
1232 43.060820 0.000000 -0.013638 -68.310647 0.000497 -0.951826 0.533275 
1233 43.654390 0.000000 0.538958 102.056493 0.052013 -26.007859 -0.109194 
1234 42.467250 0.000000 -0.013638 -65.743014 0.006996 0.479398 0.567763 
1235 44.841530 0.000000 -1.118830 114.459230 0.061720 12.089132 -0.324707 
1236 44.841530 0.000000 -1.671426 107.326905 0.013272 7.731102 -0.157883 
1237 45.435101 0.000000 -1.118830 118.425934 0.038859 12.648686 -0.418469 
1238 255.558951 0.000000 214.946266 99.864651 -0.001852 5.219797 -0.000019 
1239 331.535936 0.000000 214.946266 99.864144 -0.001995 5.219432 -0.000009 
1240 255.558951 0.000000 285.678573 99.864444 -0.001320 5.225929 -0.000022 
1241 141.593473 0.000000 108.847804 99.869407 -0.002938 5.180598 -0.000074 
1242 179.581965 0.000000 108.847804 99.867332 -0.003473 5.179594 -0.000031 
1243 141.593473 0.000000 144.213958 99.868890 -0.002106 5.203616 -0.000087 
1244 84.610734 0.000000 55.798574 99.886883 -0.006152 5.039062 -0.000278 
1245 103.604980 0.000000 55.798574 99.877347 -0.005473 5.040228 -0.000089 
1246 84.610734 0.000000 73.481651 99.888777 -0.000449 5.119006 -0.000397 
1247 3.885187 0.000000 16.011651 100.005494 0.029770 5.579869 -0.003223 
1248 -0.863375 0.000000 16.011651 99.724118 0.110982 5.466640 0.002520 
1249 3.885187 0.000000 20.432420 99.938803 0.126490 5.395270 -0.001689 
1250 -5.611936 0.000000 16.011651 99.685465 0.139847 5.357414 0.003409 
1251 -10.360498 0.000000 16.011651 99.732563 0.123021 5.302290 0.002529 
1252 -5.611936 0.000000 20.432420 99.741596 0.149427 5.324744 0.002324 
1253 56.119364 0.000000 29.273958 99.845691 -0.068480 4.623543 0.000946 
1254 65.616487 0.000000 29.273958 99.838098 -0.079953 4.656758 0.001066 
1255 56.119364 0.000000 38.115497 99.883316 -0.083768 4.865918 -0.000036 
1256 6.259468 0.000000 9.380497 99.873141 -0.119164 5.819501 -0.000853 
1257 3.885187 0.000000 9.380497 99.791404 -0.078872 5.876473 0.000714 
1258 6.259468 0.000000 11.590882 99.979048 -0.092119 5.749667 -0.002888 
1259 1.510906 0.000000 9.380497 99.544301 -0.047942 5.795974 0.005734 
1260 -0.863375 0.000000 9.380497 99.580602 0.048596 5.738858 0.005077 
1261 1.510906 0.000000 11.590882 99.695053 -0.027470 5.689575 0.002852 
1262 -3.237656 0.000000 9.380497 99.516929 0.148598 5.511258 0.006598 
1263 -5.611936 0.000000 9.380497 99.568746 0.060473 5.357743 0.005736 
1264 -3.237656 0.000000 11.590882 99.583048 0.057367 5.426519 0.005377 
1265 2.698046 0.000000 3.854535 99.224188 -0.123734 7.434607 0.009927 
1266 1.510906 0.000000 3.854535 98.607066 -0.075285 7.048940 0.022695 
1267 2.698046 0.000000 4.959728 99.399342 -0.095647 6.828654 0.007313 
1268 0.917336 0.000000 1.091555 95.175372 -0.051894 10.082622 0.083999 
1269 0.323766 0.000000 1.091555 94.865213 -0.041915 8.127677 0.093453 
1270 0.917336 0.000000 1.644151 96.299214 -0.051148 8.688449 0.065097 
1271 41.873679 0.000000 16.011651 100.574222 -0.038064 3.648224 -0.012849 
1272 46.622241 0.000000 16.011651 100.391360 -0.319894 3.571819 -0.009129 
1273 41.873679 0.000000 20.432420 100.504054 0.071518 4.088642 -0.011779 
1274 16.943731 0.000000 6.064920 102.227646 -0.001011 5.257906 -0.047814 
1275 15.756591 0.000000 6.064920 102.229998 -0.039700 6.188179 -0.048927 
1276 16.943731 0.000000 7.170112 101.668495 -0.061610 5.433582 -0.036601 
1277 14.569450 0.000000 6.064920 101.175562 -0.005523 6.758151 -0.028217 
1278 13.382310 0.000000 6.064920 100.309179 -0.033450 6.775658 -0.010784 
1279 14.569450 0.000000 7.170112 100.959078 -0.019324 6.276223 -0.023213 
1280 24.660144 0.000000 -0.013638 106.434961 -0.000056 -0.648940 -0.132882 
1281 25.253714 0.000000 -0.013638 108.882580 0.049763 0.755794 -0.185599 
1282 24.660144 0.000000 0.538958 112.259505 0.031374 0.710052 -0.260270 
1283 34.750837 0.000000 9.380497 101.396138 -0.171987 3.066415 -0.029061 
1284 37.125118 0.000000 9.380497 101.246574 -0.155773 2.778059 -0.025861 
1285 34.750837 0.000000 11.590882 101.205494 -0.417368 3.323388 -0.025377 
1286 26.440854 0.000000 6.064920 102.053480 -0.046358 2.325687 -0.042032 
1287 27.627995 0.000000 6.064920 101.961699 -0.133716 2.300617 -0.040150 
1288 26.440854 0.000000 7.170112 101.839867 0.054662 3.100156 -0.038097 
1289 24.660144 0.000000 -2.224022 95.840576 -0.086008 0.686292 0.081411 
1290 24.660144 0.000000 -2.776618 95.963791 -0.072439 0.012569 0.079095 
1291 25.253714 0.000000 -2.224022 99.973426 -0.048149 0.090214 0.000530 
1292 24.660144 0.000000 4.407132 102.363095 -0.075790 0.177093 -0.047824 
1293 25.253714 0.000000 4.407132 102.168159 -0.091984 0.306037 -0.043843 
1294 24.660144 0.000000 4.959728 102.350511 -0.058954 1.247382 -0.047719 
1295 25.847284 0.000000 -0.013638 108.785279 0.027576 -0.031281 -0.183424 
1296 26.440854 0.000000 -0.013638 108.916769 0.024546 -0.155086 -0.186289 
1297 25.847284 0.000000 0.538958 108.774474 0.027702 -0.028072 -0.183189 
1298 25.847284 0.000000 -2.224022 97.145908 -0.030874 0.330037 0.056256 
1299 25.847284 0.000000 -2.776618 97.992794 -0.032334 0.067935 0.039741 
1300 26.440854 0.000000 -2.224022 97.664777 -0.061194 0.370985 0.046145 
1301 28.815135 0.000000 6.064920 101.887295 -0.115146 2.237353 -0.038604 
1302 30.002275 0.000000 6.064920 101.681949 -0.031084 2.202955 -0.034407 
1303 28.815135 0.000000 7.170112 101.738816 -0.016452 2.879539 -0.035908 
1304 25.847284 0.000000 4.407132 102.076936 -0.066670 0.324923 -0.041981 
1305 26.440854 0.000000 4.407132 102.174491 -0.040839 0.433050 -0.043982 
1306 25.847284 0.000000 4.959728 102.143536 -0.044208 1.251424 -0.043487 
1307 31.782986 0.000000 -0.013638 103.661623 -0.037538 0.141336 -0.074575 
1308 31.189416 0.000000 -0.013638 104.376951 -0.026993 0.175761 -0.089458 
1309 31.782986 0.000000 0.538958 103.650814 -0.037437 0.141511 -0.074351 
1310 30.595846 0.000000 -0.013638 103.801524 -0.015902 -0.305116 -0.077485 
1311 30.002275 0.000000 -0.013638 103.785764 -0.014778 -0.386508 -0.077163 
1312 30.595846 0.000000 0.538958 103.789859 -0.015907 -0.303931 -0.077243 
1313 30.595846 0.000000 1.091555 103.879440 -0.019363 -0.441003 -0.079113 
1314 30.002275 0.000000 1.091555 101.956320 -0.007679 -0.518394 -0.039536 
1315 31.189416 0.000000 1.091555 104.424321 -0.027115 0.175851 -0.090447 
1316 31.782986 0.000000 1.091555 104.636556 -0.027658 0.176251 -0.094884 
1317 31.782986 0.000000 -2.224022 102.523423 0.012101 -0.672318 -0.051150 
1318 31.189416 0.000000 -2.224022 98.528478 -0.081644 -0.853366 0.029140 
1319 31.782986 0.000000 -2.776618 102.578502 0.009641 0.270957 -0.052242 
1320 30.595846 0.000000 -2.224022 99.394327 -0.074348 -0.332901 0.012065 
1321 30.002275 0.000000 -2.224022 102.801288 -0.071007 0.524873 -0.056839 
1322 30.595846 0.000000 -2.776618 98.876302 -0.074503 0.580192 0.022313 
1323 51.370803 0.000000 16.011651 100.246449 -0.138433 3.534343 -0.006186 
1324 56.119364 0.000000 16.011651 99.915319 0.140109 3.650811 0.000358 
1325 51.370803 0.000000 20.432420 100.112387 0.175957 4.043272 -0.003887 
1326 39.499399 0.000000 9.380497 101.024780 -0.037689 2.482317 -0.021217 
1327 41.873679 0.000000 9.380497 100.639909 -0.156202 2.271927 -0.013358 
1328 39.499399 0.000000 11.590882 100.797888 -0.329899 2.841376 -0.016840 
1329 38.905828 0.000000 -2.224022 104.772308 0.027423 3.401474 -0.098881 
1330 38.905828 0.000000 -2.776618 103.688364 0.026331 3.438581 -0.076310 
1331 39.499399 0.000000 -2.224022 113.516642 0.003398 6.604851 -0.292965 
1332 41.280109 0.000000 2.196747 96.632171 0.043903 -1.672798 0.065942 
1333 41.873679 0.000000 2.196747 98.230258 0.017922 -2.059725 0.034657 
1334 41.280109 0.000000 2.749343 97.886464 0.083481 -1.167656 0.041687 
1335 40.092969 0.000000 -2.224022 113.153809 0.003623 6.078498 -0.284073 
1336 40.092969 0.000000 -2.776618 112.781461 0.003854 5.538342 -0.275033 
1337 40.686539 0.000000 -2.224022 108.781521 0.074694 4.697613 -0.185549 
1338 43.654390 0.000000 1.091555 102.094187 0.062922 -26.625143 -0.113213 
1339 44.247960 0.000000 1.091555 102.088256 0.040632 -30.149536 -0.133101 
1340 43.654390 0.000000 1.644151 99.703204 0.112161 -5.434976 0.002972 
1341 42.467250 0.000000 2.196747 99.528422 0.132776 -3.048728 0.008478 
1342 43.060820 0.000000 2.196747 99.730141 0.114154 -3.420088 0.004219 
1343 42.467250 0.000000 2.749343 99.614568 0.127721 -1.728983 0.007393 
1344 44.841530 0.000000 1.091555 99.765007 0.047728 -36.828822 -0.130942 
1345 45.435101 0.000000 1.091555 93.640766 0.031721 -6.086794 0.119436 
1346 44.841530 0.000000 1.644151 95.935363 0.053594 -4.522000 0.077595 
1347 0.323766 0.000000 3.854535 98.348114 -0.032876 6.466760 0.028583 
1348 -0.863375 0.000000 3.854535 98.511150 -0.017417 5.955262 0.026009 
1349 0.323766 0.000000 4.959728 98.786824 -0.031544 6.215859 0.020253 
1350 12.195170 0.000000 6.064920 99.882524 -0.023675 6.536181 -0.001924 
1351 11.008029 0.000000 6.064920 99.717914 0.005564 6.349677 0.001602 
1352 12.195170 0.000000 7.170112 100.022614 0.030605 6.279439 -0.004396 
1353 9.820889 0.000000 6.064920 99.740199 -0.038778 6.072271 0.001502 
1354 8.633748 0.000000 6.064920 99.840570 -0.069917 5.959547 -0.000366 
1355 9.820889 0.000000 7.170112 99.810247 -0.047210 5.974368 0.000222 
1356 31.189416 0.000000 6.064920 101.614472 -0.086091 2.252369 -0.033058 
1357 32.376556 0.000000 6.064920 101.653879 -0.104222 2.142855 -0.033811 
1358 31.189416 0.000000 7.170112 101.575749 -0.089086 2.679538 -0.032482 
1359 29.408705 0.000000 -0.013638 102.276022 -0.007688 -0.613240 -0.046076 
1360 28.815135 0.000000 -0.013638 103.642249 -0.007073 -0.927996 -0.074258 
1361 29.408705 0.000000 0.538958 102.280648 -0.007701 -0.616276 -0.046171 
1362 29.408705 0.000000 1.091555 102.266346 -0.007689 -0.610182 -0.045878 
1363 28.815135 0.000000 1.091555 103.630640 -0.007032 -0.919295 -0.074015 
1364 29.408705 0.000000 -2.224022 96.734691 -0.085754 -0.293913 0.064231 
1365 28.815135 0.000000 -2.224022 105.742818 -0.063147 -0.815126 -0.118221 
1366 29.408705 0.000000 -2.776618 97.905515 -0.134453 0.275857 0.041442 
1367 44.247960 0.000000 9.380497 100.634022 -0.001119 2.234423 -0.013220 
1368 46.622241 0.000000 9.380497 99.896556 -0.029019 2.301245 0.001538 
1369 44.247960 0.000000 11.590882 100.191320 -0.242322 2.839929 -0.004642 
1370 33.563697 0.000000 6.064920 101.740204 -0.049609 2.022164 -0.035516 
1371 34.750837 0.000000 6.064920 101.770470 0.052271 1.840902 -0.036062 
1372 33.563697 0.000000 7.170112 101.664041 -0.130528 2.328087 -0.034101 
1373 41.280109 0.000000 -2.224022 112.450429 0.002045 7.583764 -0.270261 
1374 41.280109 0.000000 -2.776618 111.727937 0.005532 6.878490 -0.253045 
1375 41.873679 0.000000 -2.224022 113.153523 -0.001348 8.270101 -0.287211 
1376 48.996522 0.000000 9.380497 99.515085 0.013719 2.509427 0.009045 
1377 51.370803 0.000000 9.380497 99.492067 -0.015423 2.535663 0.009490 
1378 48.996522 0.000000 11.590882 100.027352 -0.123421 2.877359 -0.001377 
1379 43.654390 0.000000 2.196747 98.978888 0.105200 -3.494467 0.019096 
1380 44.247960 0.000000 2.196747 97.883565 0.090600 -3.322285 0.040776 
1381 43.654390 0.000000 2.749343 99.072111 0.182284 -2.162867 0.018001 
1382 42.467250 0.000000 -2.224022 107.314970 0.042163 7.178561 -0.156804 
1383 42.467250 0.000000 -2.776618 106.026136 -0.008877 7.560608 -0.129870 
1384 43.060820 0.000000 -2.224022 108.949279 0.010036 9.229026 -0.195512 
1385 44.841530 0.000000 2.196747 96.980265 0.035872 -2.725616 0.058740 
1386 45.435101 0.000000 2.196747 96.317500 -0.000086 -1.851948 0.071951 
1387 44.841530 0.000000 2.749343 97.666340 0.034547 -1.563778 0.045884 
1 11 62 60 61 
2 62 10 24 60 
3 60 24 14 63 
4 61 60 63 6 
5 24 66 64 65 
6 66 23 40 64 
7 64 40 27 67 
8 65 64 67 14 
9 40 70 68 69 
10 69 68 71 27 
11 6 63 92 93 
12 63 14 36 92 
13 92 36 19 94 
14 93 92 94 20 
15 14 67 95 96 
16 67 27 52 95 
17 95 52 35 97 
18 96 95 97 36 
19 27 71 98 99 
20 99 98 100 52 
21 68 112 110 111 
22 112 56 80 110 
23 110 80 43 113 
24 111 110 113 71 
25 80 116 114 115 
26 115 114 117 43 
27 71 113 133 134 
28 113 43 102 133 
29 133 102 76 135 
30 134 133 135 98 
31 43 117 136 137 
32 137 136 138 102 
33 114 141 139 140 
34 141 106 129 139 
35 139 129 83 142 
36 140 139 142 117 
37 12 145 143 144 
38 145 7 146 143 
39 143 146 13 25 
40 144 143 25 10 
41 25 149 147 148 
42 149 13 150 147 
43 147 150 26 41 
44 148 147 41 23 
45 41 153 151 152 
46 153 26 154 151 
47 151 154 42 57 
48 152 151 57 39 
49 39 157 155 156 
50 157 57 158 155 
51 155 158 55 81 
52 156 155 81 56 
53 81 161 159 160 
54 161 55 162 159 
55 159 162 82 107 
56 160 159 107 79 
57 79 165 163 164 
58 165 107 166 163 
59 106 169 167 168 
60 168 167 171 129 
61 56 174 172 173 
62 174 81 160 172 
63 172 160 79 116 
64 173 172 116 80 
65 116 177 175 176 
66 177 79 164 175 
67 175 164 106 141 
68 176 175 141 114 
69 164 180 178 179 
70 180 163 181 178 
71 178 181 130 169 
72 179 178 169 106 
73 169 196 194 195 
74 196 130 197 194 
75 194 197 170 198 
76 195 194 198 167 
77 199 201 124 202 
78 200 199 202 125 
79 129 171 203 204 
80 203 205 132 206 
81 204 203 206 83 
82 167 198 207 208 
83 198 170 209 207 
84 207 209 128 210 
85 208 207 210 171 
86 107 212 211 166 
87 212 82 213 211 
88 163 215 214 181 
89 215 166 216 214 
90 214 216 105 191 
91 181 214 191 130 
92 191 223 221 222 
93 223 105 224 221 
94 221 224 192 225 
95 222 221 225 190 
96 226 227 109 228 
97 205 226 228 132 
98 232 233 126 234 
99 201 232 234 124 
100 235 236 189 237 
101 227 235 237 109 
102 193 240 238 239 
103 240 131 241 238 
104 238 241 227 242 
105 239 238 242 226 
106 166 244 243 216 
107 244 211 245 243 
108 243 245 187 218 
109 216 243 218 105 
110 251 108 252 250 
111 250 252 188 253 
112 218 256 254 255 
113 256 187 257 254 
114 254 257 219 258 
115 255 254 258 217 
116 131 260 259 241 
117 260 220 261 259 
118 259 261 235 262 
119 241 259 262 227 
120 253 188 264 263 
121 263 264 59 265 
122 236 263 265 189 
123 220 267 266 261 
124 267 186 268 266 
125 266 268 236 269 
126 261 266 269 235 
127 57 271 270 158 
128 271 42 272 270 
129 270 272 58 89 
130 158 270 89 55 
131 55 274 273 162 
132 274 89 275 273 
133 273 275 88 183 
134 162 273 183 82 
135 82 277 276 213 
136 277 183 278 276 
137 211 280 279 245 
138 280 213 281 279 
139 279 281 108 251 
140 245 279 251 187 
141 187 283 282 257 
142 283 251 284 282 
143 282 284 250 285 
144 257 282 285 219 
145 108 287 286 252 
146 286 288 246 289 
147 252 286 289 188 
148 213 291 290 281 
149 291 276 292 290 
150 281 290 287 108 
151 306 182 307 305 
152 305 307 248 308 
153 288 305 308 246 
154 287 311 309 310 
155 309 312 288 313 
156 310 309 313 286 
157 183 315 314 278 
158 315 88 316 314 
159 276 318 317 292 
160 318 278 319 317 
161 317 319 182 306 
162 290 322 320 321 
163 322 292 323 320 
164 320 323 247 311 
165 321 320 311 287 
166 247 325 324 312 
167 325 306 326 324 
168 324 326 305 327 
169 312 324 327 288 
170 311 330 328 329 
171 330 247 331 328 
172 328 331 312 332 
173 329 328 332 309 
174 188 289 336 264 
175 289 246 337 336 
176 339 341 333 342 
177 340 339 342 233 
178 264 345 343 344 
179 345 336 346 343 
180 344 343 347 59 
181 246 308 348 337 
182 308 248 349 348 
183 348 349 185 350 
184 337 348 350 249 
185 336 352 351 346 
186 352 337 353 351 
187 351 353 249 354 
188 346 351 354 338 
189 189 265 355 356 
190 265 59 340 355 
191 355 340 233 357 
192 356 355 357 232 
193 59 347 358 359 
194 347 338 360 358 
195 358 360 339 361 
196 359 358 361 340 
197 343 364 362 363 
198 364 346 365 362 
199 362 365 338 366 
200 363 362 366 347 
201 249 350 376 341 
202 350 185 377 376 
203 376 377 334 378 
204 341 376 378 333 
205 182 380 379 307 
206 379 381 301 382 
207 307 379 382 248 
208 278 384 383 319 
209 384 314 385 383 
210 383 385 302 380 
211 319 383 380 182 
212 302 391 390 381 
213 391 184 392 390 
214 390 392 303 393 
215 381 390 393 301 
216 380 396 394 395 
217 396 302 397 394 
218 394 397 381 398 
219 395 394 398 379 
220 185 400 399 377 
221 400 304 401 399 
222 399 401 373 402 
223 377 399 402 334 
224 304 407 406 401 
225 407 91 408 406 
226 406 408 374 409 
227 401 406 409 373 
228 89 411 410 275 
229 411 58 412 410 
230 410 412 90 298 
231 275 410 298 88 
232 88 414 413 316 
233 414 298 415 413 
234 184 417 416 392 
235 392 416 419 303 
236 91 421 420 408 
237 421 389 422 420 
238 420 422 403 423 
239 408 420 423 374 
240 298 437 436 415 
241 437 90 438 436 
242 413 441 439 440 
243 441 415 442 439 
244 316 450 448 449 
245 450 413 440 448 
246 449 448 417 184 
247 440 453 451 452 
248 453 439 454 451 
249 451 454 433 445 
250 452 451 445 387 
251 460 297 461 459 
252 459 461 434 462 
253 445 465 463 464 
254 465 433 466 463 
255 463 466 446 467 
256 417 470 468 469 
257 470 387 444 468 
258 468 444 418 471 
259 469 468 471 416 
260 387 474 472 473 
261 474 445 464 472 
262 473 472 475 444 
263 386 435 476 477 
264 435 388 478 476 
265 476 478 300 479 
266 477 476 479 389 
267 418 447 480 481 
268 447 432 482 480 
269 480 482 435 483 
270 481 480 483 386 
271 467 446 486 484 
272 484 486 432 487 
273 485 484 487 447 
274 464 490 488 489 
275 490 463 491 488 
276 488 491 467 492 
277 444 475 493 494 
278 493 485 447 495 
279 494 493 495 418 
280 472 498 496 497 
281 498 464 489 496 
282 496 489 443 499 
283 497 496 499 475 
284 443 492 500 501 
285 492 467 502 500 
286 500 502 484 503 
287 501 500 503 485 
288 489 506 504 505 
289 506 488 507 504 
290 504 507 492 508 
291 505 504 508 443 
292 415 519 518 442 
293 519 436 520 518 
294 439 522 521 454 
295 522 442 523 521 
296 521 523 297 460 
297 454 521 460 433 
298 433 525 524 466 
299 525 460 526 524 
300 524 526 459 527 
301 466 524 527 446 
302 479 534 532 533 
303 534 300 535 532 
304 532 535 516 536 
305 389 539 537 538 
306 539 479 533 537 
307 537 533 515 540 
308 538 537 540 422 
309 19 38 541 542 
310 38 21 543 541 
311 541 543 9 544 
312 542 541 544 22 
313 35 54 545 546 
314 54 37 547 545 
315 545 547 21 548 
316 546 545 548 38 
317 51 78 549 550 
318 78 53 551 549 
319 549 551 37 552 
320 550 549 552 54 
321 75 123 553 554 
322 123 77 555 553 
323 553 555 53 556 
324 554 553 556 78 
325 121 372 557 558 
326 372 122 559 557 
327 557 559 77 560 
328 558 557 560 123 
329 230 405 561 562 
330 405 370 563 561 
331 561 563 372 564 
332 562 561 564 121 
333 403 517 565 566 
334 517 404 567 565 
335 565 567 370 568 
336 566 565 568 405 
337 515 536 569 570 
338 536 516 571 569 
339 569 571 404 572 
340 570 569 572 517 
341 533 575 573 574 
342 575 532 576 573 
343 573 576 536 577 
344 574 573 577 515 
345 297 579 578 461 
346 579 456 580 578 
347 578 580 455 581 
348 461 578 581 434 
349 388 458 582 478 
350 458 428 583 582 
351 582 583 431 529 
352 478 582 529 300 
353 300 585 584 535 
354 585 529 586 584 
355 584 586 528 587 
356 535 584 587 516 
357 593 299 594 592 
358 592 594 430 595 
359 7 597 596 146 
360 597 16 598 596 
361 596 598 15 32 
362 146 596 32 13 
363 13 600 599 150 
364 600 32 601 599 
365 599 601 31 48 
366 150 599 48 26 
367 26 603 602 154 
368 603 48 604 602 
369 602 604 47 85 
370 154 602 85 42 
371 42 606 605 272 
372 606 85 607 605 
373 605 607 84 294 
374 272 605 294 58 
375 58 609 608 412 
376 609 294 610 608 
377 608 610 293 425 
378 412 608 425 90 
379 90 612 611 438 
380 612 425 613 611 
381 436 615 614 520 
382 615 438 616 614 
383 614 616 299 593 
384 429 619 617 618 
385 619 593 620 617 
386 617 620 592 621 
387 618 617 621 457 
388 626 5 627 625 
389 625 627 513 628 
390 428 595 629 583 
391 595 430 630 629 
392 629 630 5 626 
393 583 629 626 431 
394 431 633 631 632 
395 633 626 634 631 
396 631 634 625 635 
397 632 631 635 530 
398 299 637 636 594 
399 594 636 639 430 
400 430 639 640 630 
401 630 640 642 5 
402 438 644 643 616 
403 644 611 645 643 
404 616 643 637 299 
405 15 647 646 33 
406 647 17 648 646 
407 646 648 8 649 
408 33 646 649 18 
409 31 651 650 49 
410 651 33 652 650 
411 650 652 18 653 
412 49 650 653 34 
413 47 655 654 86 
414 655 49 656 654 
415 654 656 34 657 
416 86 654 657 50 
417 659 86 660 658 
418 658 660 50 661 
419 637 676 674 675 
420 676 589 677 674 
421 674 677 638 678 
422 675 674 678 636 
423 5 642 682 627 
424 642 591 683 682 
425 682 683 622 684 
426 627 682 684 513 
427 640 687 685 686 
428 687 641 688 685 
429 685 688 591 689 
430 686 685 689 642 
431 425 691 690 613 
432 691 293 692 690 
433 611 694 693 645 
434 694 613 695 693 
435 671 702 700 701 
436 702 424 703 700 
437 700 703 672 704 
438 701 700 704 670 
439 18 649 705 45 
440 649 8 706 705 
441 705 706 29 707 
442 45 705 707 28 
443 34 653 708 73 
444 653 18 709 708 
445 708 709 45 710 
446 73 708 710 44 
447 50 657 711 119 
448 657 34 712 711 
449 711 712 73 713 
450 119 711 713 72 
451 661 50 715 714 
452 714 715 119 716 
453 720 721 510 722 
454 591 681 726 683 
455 681 427 727 726 
456 726 727 623 728 
457 683 726 728 622 
458 679 731 729 730 
459 731 680 732 729 
460 729 732 427 733 
461 730 729 733 681 
462 613 735 734 695 
463 735 690 736 734 
464 424 738 737 703 
465 738 697 739 737 
466 737 739 696 740 
467 703 737 740 672 
468 427 725 741 727 
469 725 669 742 741 
470 741 742 720 743 
471 727 741 743 623 
472 680 745 744 732 
473 745 723 746 744 
474 744 746 725 747 
475 732 744 747 427 
476 757 667 758 756 
477 756 758 698 759 
478 739 756 759 696 
479 294 761 760 610 
480 761 84 762 760 
481 760 762 295 663 
482 610 760 663 293 
483 293 764 763 692 
484 764 663 765 763 
485 690 767 766 736 
486 767 692 768 766 
487 734 771 769 770 
488 771 736 772 769 
489 769 772 667 757 
490 770 769 757 697 
491 697 775 773 774 
492 775 757 776 773 
493 773 776 756 777 
494 774 773 777 739 
495 782 724 783 781 
496 781 783 669 784 
497 746 781 784 725 
498 699 787 785 786 
499 787 666 788 785 
500 785 788 724 782 
501 786 785 782 723 
502 723 791 789 790 
503 791 782 792 789 
504 789 792 781 793 
505 790 789 793 746 
506 667 795 794 758 
507 758 794 797 698 
508 798 799 717 800 
509 721 798 800 510 
510 669 780 801 742 
511 780 296 802 801 
512 801 802 721 803 
513 742 801 803 720 
514 724 805 804 783 
515 804 806 780 807 
516 783 804 807 669 
517 736 809 808 772 
518 809 766 810 808 
519 808 810 753 795 
520 772 808 795 667 
521 795 821 819 820 
522 821 753 822 819 
523 819 822 796 823 
524 820 819 823 794 
525 666 825 824 788 
526 825 755 826 824 
527 788 824 805 724 
528 830 832 296 833 
529 806 830 833 780 
530 805 836 834 835 
531 836 778 837 834 
532 834 837 806 838 
533 835 834 838 804 
534 692 840 839 768 
535 840 763 841 839 
536 843 812 844 842 
537 842 844 811 845 
538 752 818 846 847 
539 818 754 848 846 
540 846 848 668 849 
541 847 846 849 755 
542 852 817 853 850 
543 850 853 754 854 
544 851 850 854 818 
545 796 857 855 856 
546 857 815 851 855 
547 855 851 818 858 
548 856 855 858 752 
549 766 860 859 810 
550 860 768 861 859 
551 859 861 426 816 
552 810 859 816 753 
553 816 864 862 863 
554 864 426 865 862 
555 862 865 817 852 
556 863 862 852 815 
557 815 868 866 867 
558 868 852 869 866 
559 866 869 850 870 
560 867 866 870 851 
561 755 849 871 826 
562 849 668 872 871 
563 668 874 873 872 
564 874 814 875 873 
565 873 875 827 876 
566 871 879 877 878 
567 879 872 880 877 
568 877 880 779 881 
569 826 884 882 883 
570 884 871 878 882 
571 882 878 831 885 
572 883 882 885 778 
573 296 829 886 802 
574 829 751 887 886 
575 886 887 798 888 
576 802 886 888 721 
577 876 827 890 889 
578 889 890 829 891 
579 832 889 891 296 
580 831 881 892 893 
581 881 779 894 892 
582 892 894 832 895 
583 893 892 895 830 
584 878 898 896 897 
585 898 877 899 896 
586 896 899 881 900 
587 897 896 900 831 
588 754 845 901 848 
589 845 811 902 901 
590 901 902 814 874 
591 848 901 874 668 
592 817 904 903 853 
593 904 842 905 903 
594 903 905 845 906 
595 853 903 906 754 
596 872 908 907 880 
597 908 873 909 907 
598 907 909 876 910 
599 880 907 910 779 
600 912 658 913 911 
601 911 913 661 914 
602 812 924 923 844 
603 924 749 925 923 
604 844 923 926 811 
605 814 931 930 875 
606 931 748 932 930 
607 875 930 933 827 
608 663 935 934 765 
609 935 295 936 934 
610 763 938 937 841 
611 938 765 939 937 
612 749 941 940 925 
613 941 920 942 940 
614 940 942 919 943 
615 925 940 943 813 
616 811 926 944 902 
617 926 813 945 944 
618 944 945 748 931 
619 902 944 931 814 
620 923 948 946 947 
621 948 925 949 946 
622 946 949 813 950 
623 947 946 950 926 
624 748 952 951 932 
625 952 922 953 951 
626 951 953 927 954 
627 932 951 954 828 
628 827 933 955 890 
629 933 828 956 955 
630 955 956 751 957 
631 890 955 957 829 
632 930 960 958 959 
633 960 932 961 958 
634 958 961 828 962 
635 959 958 962 933 
636 914 661 964 963 
637 963 964 714 965 
638 966 967 718 968 
639 799 966 968 717 
640 922 974 973 953 
641 974 750 975 973 
642 973 975 928 976 
643 953 973 976 927 
644 765 981 980 939 
645 981 934 982 980 
646 980 982 916 978 
647 662 985 983 984 
648 985 978 986 983 
649 983 986 977 987 
650 984 983 987 921 
651 750 989 988 975 
652 989 970 990 988 
653 988 990 969 991 
654 975 988 991 928 
655 664 993 992 917 
656 993 911 994 992 
657 992 994 914 995 
658 917 992 995 87 
659 997 664 998 996 
660 996 998 917 999 
661 978 1001 1000 986 
662 1001 916 1002 1000 
663 1000 1002 979 1003 
664 986 1000 1003 977 
665 999 917 1005 1004 
666 1004 1005 87 1006 
667 979 1009 1007 1008 
668 1009 996 1010 1007 
669 1007 1010 999 1011 
670 1008 1007 1011 915 
671 1 1014 1012 1013 
672 1014 12 144 1012 
673 1012 144 10 62 
674 1013 1012 62 11 
675 16 1016 1015 598 
676 1016 2 1017 1015 
677 1015 1017 17 647 
678 598 1015 647 15 
679 20 94 1018 1019 
680 94 19 542 1018 
681 1018 542 22 1020 
682 1019 1018 1020 4 
683 10 1023 1021 1022 
684 1023 25 148 1021 
685 1021 148 23 66 
686 1022 1021 66 24 
687 21 46 1024 543 
688 46 28 1025 1024 
689 1024 1025 30 1026 
690 543 1024 1026 9 
691 32 1028 1027 601 
692 1028 15 1029 1027 
693 1027 1029 33 651 
694 601 1027 651 31 
695 36 97 1030 1031 
696 97 35 546 1030 
697 1030 546 38 1032 
698 1031 1030 1032 19 
699 23 1035 1033 1034 
700 1035 41 152 1033 
701 1033 152 39 70 
702 1034 1033 70 40 
703 37 74 1036 547 
704 74 44 1037 1036 
705 1036 1037 46 1038 
706 547 1036 1038 21 
707 48 1040 1039 604 
708 1040 31 1041 1039 
709 1039 1041 49 655 
710 604 1039 655 47 
711 52 100 1042 1043 
712 100 51 550 1042 
713 1042 550 54 1044 
714 1043 1042 1044 35 
715 70 1047 1045 1046 
716 1047 39 156 1045 
717 1045 156 56 112 
718 1046 1045 112 68 
719 53 120 1048 551 
720 120 72 1049 1048 
721 1048 1049 74 1050 
722 551 1048 1050 37 
723 76 104 1051 1052 
724 104 75 554 1051 
725 1051 554 78 1053 
726 1052 1051 1053 51 
727 85 1055 1054 607 
728 1055 47 1056 1054 
729 1054 1056 86 659 
730 607 1054 659 84 
731 98 135 1057 1058 
732 135 76 1052 1057 
733 1057 1052 51 1059 
734 1058 1057 1059 100 
735 77 369 1060 555 
736 369 118 1061 1060 
737 1060 1061 120 1062 
738 555 1060 1062 53 
739 103 231 1063 1064 
740 231 121 558 1063 
741 1063 558 123 1065 
742 1064 1063 1065 75 
743 117 142 1066 1067 
744 142 83 200 1066 
745 1066 200 125 1068 
746 1067 1066 1068 136 
747 130 1070 1069 197 
748 1070 191 222 1069 
749 1069 222 190 1071 
750 197 1069 1071 170 
751 190 225 1072 1073 
752 225 192 1074 1072 
753 1072 1074 131 240 
754 1073 1072 240 193 
755 170 1071 1075 209 
756 1071 190 1073 1075 
757 1075 1073 193 1076 
758 209 1075 1076 128 
759 105 1078 1077 224 
760 1078 218 255 1077 
761 1077 255 217 1079 
762 224 1077 1079 192 
763 217 258 1080 1081 
764 258 219 1082 1080 
765 1080 1082 186 267 
766 1081 1080 267 220 
767 192 1079 1083 1074 
768 1079 217 1081 1083 
769 1083 1081 220 260 
770 1074 1083 260 131 
771 128 1076 1084 1085 
772 1076 193 239 1084 
773 1084 239 226 1086 
774 1085 1084 1086 205 
775 229 375 1087 1088 
776 375 230 562 1087 
777 1087 562 121 1089 
778 1088 1087 1089 231 
779 126 335 1090 1091 
780 335 229 1088 1090 
781 1090 1088 231 1092 
782 1091 1090 1092 103 
783 109 237 1093 1094 
784 237 189 356 1093 
785 1093 356 232 1095 
786 1094 1093 1095 201 
787 219 285 1096 1082 
788 285 250 1097 1096 
789 1096 1097 253 1098 
790 1082 1096 1098 186 
791 186 1098 1099 268 
792 1098 253 1100 1099 
793 1099 1100 263 1101 
794 268 1099 1101 236 
795 301 393 1102 1103 
796 393 303 1104 1102 
797 1102 1104 91 407 
798 1103 1102 407 304 
799 248 382 1105 349 
800 382 301 1103 1105 
801 1105 1103 304 400 
802 349 1105 400 185 
803 314 1107 1106 385 
804 1107 316 449 1106 
805 1106 449 184 391 
806 385 1106 391 302 
807 292 1109 1108 323 
808 1109 317 1110 1108 
809 1108 1110 306 325 
810 323 1108 325 247 
811 338 354 1111 360 
812 354 249 1112 1111 
813 1111 1112 341 1113 
814 360 1111 1113 339 
815 122 511 1114 559 
816 511 367 1115 1114 
817 1114 1115 369 1116 
818 559 1114 1116 77 
819 370 514 1117 563 
820 514 371 1118 1117 
821 1117 1118 122 1119 
822 563 1117 1119 372 
823 303 419 1120 1104 
824 419 386 477 1120 
825 1120 477 389 421 
826 1104 1120 421 91 
827 374 423 1121 1122 
828 423 403 566 1121 
829 1121 566 405 1123 
830 1122 1121 1123 230 
831 416 471 1124 1125 
832 471 418 481 1124 
833 1124 481 386 1126 
834 1125 1124 1126 419 
835 432 462 1127 482 
836 462 434 1128 1127 
837 1127 1128 388 1129 
838 482 1127 1129 435 
839 448 1132 1130 1131 
840 1132 440 452 1130 
841 1130 452 387 470 
842 1131 1130 470 417 
843 456 1134 1133 580 
844 1134 429 618 1133 
845 1133 618 457 1135 
846 580 1133 1135 455 
847 434 581 1136 1128 
848 581 455 1137 1136 
849 1136 1137 458 1138 
850 1128 1136 1138 388 
851 446 527 1139 486 
852 527 459 1140 1139 
853 1139 1140 462 1141 
854 486 1139 1141 432 
855 475 499 1142 1143 
856 499 443 501 1142 
857 1142 501 485 1144 
858 1143 1142 1144 493 
859 371 624 1145 1118 
860 624 509 1146 1145 
861 1145 1146 511 1147 
862 1118 1145 1147 122 
863 404 531 1148 567 
864 531 512 1149 1148 
865 1148 1149 514 1150 
866 567 1148 1150 370 
867 422 540 1151 1152 
868 540 515 570 1151 
869 1151 570 517 1153 
870 1152 1151 1153 403 
871 442 1155 1154 523 
872 1155 518 1156 1154 
873 1154 1156 456 579 
874 523 1154 579 297 
875 529 1158 1157 586 
876 1158 431 632 1157 
877 1157 632 530 1159 
878 586 1157 1159 528 
879 516 587 1160 571 
880 587 528 1161 1160 
881 1160 1161 531 1162 
882 571 1160 1162 404 
883 84 1164 1163 762 
884 1164 659 1165 1163 
885 1163 1165 658 912 
886 762 1163 912 295 
887 589 1167 1166 677 
888 1167 671 701 1166 
889 1166 701 670 1168 
890 677 1166 1168 638 
891 641 1170 1169 688 
892 1170 679 730 1169 
893 1169 730 681 1171 
894 688 1169 1171 591 
895 696 759 1172 1173 
896 759 698 1174 1172 
897 1172 1174 666 787 
898 1173 1172 787 699 
899 672 740 1175 1176 
900 740 696 1173 1175 
901 1175 1173 699 1177 
902 1176 1175 1177 590 
903 590 1177 1178 1179 
904 1177 699 786 1178 
905 1178 786 723 745 
906 1179 1178 745 680 
907 695 1182 1180 1181 
908 1182 734 770 1180 
909 1180 770 697 738 
910 1181 1180 738 424 
911 698 797 1183 1174 
912 797 752 847 1183 
913 1183 847 755 825 
914 1174 1183 825 666 
915 794 823 1184 1185 
916 823 796 856 1184 
917 1184 856 752 1186 
918 1185 1184 1186 797 
919 751 929 1187 887 
920 929 665 1188 1187 
921 1187 1188 799 1189 
922 887 1187 1189 798 
923 753 1191 1190 822 
924 1191 816 863 1190 
925 1190 863 815 857 
926 822 1190 857 796 
927 824 1194 1192 1193 
928 1194 826 883 1192 
929 1192 883 778 836 
930 1193 1192 836 805 
931 778 885 1195 837 
932 885 831 893 1195 
933 1195 893 830 1196 
934 837 1195 1196 806 
935 768 1198 1197 861 
936 1198 839 1199 1197 
937 1197 1199 812 843 
938 861 1197 843 426 
939 426 1201 1200 865 
940 1201 843 1202 1200 
941 1200 1202 842 904 
942 865 1200 904 817 
943 779 910 1203 894 
944 910 876 1204 1203 
945 1203 1204 889 1205 
946 894 1203 1205 832 
947 295 1207 1206 936 
948 1207 912 1208 1206 
949 1206 1208 911 993 
950 936 1206 993 664 
951 920 1210 1209 942 
952 1210 662 984 1209 
953 1209 984 921 1211 
954 942 1209 1211 919 
955 919 1211 1212 1213 
956 1211 921 1214 1212 
957 1212 1214 750 974 
958 1213 1212 974 922 
959 813 943 1215 945 
960 943 919 1213 1215 
961 1215 1213 922 952 
962 945 1215 952 748 
963 828 954 1216 956 
964 954 927 1217 1216 
965 1216 1217 929 1218 
966 956 1216 1218 751 
967 934 1220 1219 982 
968 1220 936 1221 1219 
969 1219 1221 664 997 
970 982 1219 997 916 
971 87 995 1222 967 
972 995 914 1223 1222 
973 1222 1223 963 1224 
974 967 1222 1224 718 
975 665 972 1225 1188 
976 972 918 1226 1225 
977 1225 1226 966 1227 
978 1188 1225 1227 799 
979 918 1006 1228 1226 
980 1006 87 1229 1228 
981 1228 1229 967 1230 
982 1226 1228 1230 966 
983 977 1003 1231 1232 
984 1003 979 1008 1231 
985 1231 1008 915 1233 
986 1232 1231 1233 970 
987 921 987 1234 1214 
988 987 977 1232 1234 
989 1234 1232 970 989 
990 1214 1234 989 750 
991 916 1236 1235 1002 
992 1236 997 1237 1235 
993 1235 1237 996 1009 
994 1002 1235 1009 979 
995 28 707 1238 1025 
996 707 29 1239 1238 
997 1238 1239 3 1240 
998 1025 1238 1240 30 
999 44 710 1241 1037 
1000 710 45 1242 1241 
1001 1241 1242 28 1243 
1002 1037 1241 1243 46 
1003 72 713 1244 1049 
1004 713 73 1245 1244 
1005 1244 1245 44 1246 
1006 1049 1244 1246 74 
1007 101 127 1247 1248 
1008 127 103 1064 1247 
1009 1247 1064 75 1249 
1010 1248 1247 1249 104 
1011 102 138 1250 1251 
1012 138 101 1248 1250 
1013 1250 1248 104 1252 
1014 1251 1250 1252 76 
1015 118 716 1253 1061 
1016 716 119 1254 1253 
1017 1253 1254 72 1255 
1018 1061 1253 1255 120 
1019 124 234 1256 1257 
1020 234 126 1091 1256 
1021 1256 1091 103 1258 
1022 1257 1256 1258 127 
1023 125 202 1259 1260 
1024 202 124 1257 1259 
1025 1259 1257 127 1261 
1026 1260 1259 1261 101 
1027 136 1068 1262 1263 
1028 1068 125 1260 1262 
1029 1262 1260 101 1264 
1030 1263 1262 1264 138 
1031 132 228 1265 1266 
1032 228 109 1094 1265 
1033 1265 1094 201 1267 
1034 1266 1265 1267 199 
1035 171 210 1268 1269 
1036 210 128 1085 1268 
1037 1268 1085 205 1270 
1038 1269 1268 1270 203 
1039 367 719 1271 1115 
1040 719 368 1272 1271 
1041 1271 1272 118 1273 
1042 1115 1271 1273 369 
1043 373 409 1274 1275 
1044 409 374 1122 1274 
1045 1274 1122 230 1276 
1046 1275 1274 1276 375 
1047 334 402 1277 1278 
1048 402 373 1275 1277 
1049 1277 1275 375 1279 
1050 1278 1277 1279 229 
1051 455 1135 1280 1137 
1052 1135 457 1281 1280 
1053 1280 1281 428 1282 
1054 1137 1280 1282 458 
1055 509 722 1283 1146 
1056 722 510 1284 1283 
1057 1283 1284 367 1285 
1058 1146 1283 1285 511 
1059 512 628 1286 1149 
1060 628 513 1287 1286 
1061 1286 1287 371 1288 
1062 1149 1286 1288 514 
1063 518 1290 1289 1156 
1064 1290 520 1291 1289 
1065 1289 1291 429 1134 
1066 1156 1289 1134 456 
1067 528 1159 1292 1161 
1068 1159 530 1293 1292 
1069 1292 1293 512 1294 
1070 1161 1292 1294 531 
1071 457 621 1295 1281 
1072 621 592 1296 1295 
1073 1295 1296 595 1297 
1074 1281 1295 1297 428 
1075 520 1299 1298 1291 
1076 1299 614 1300 1298 
1077 1298 1300 593 619 
1078 1291 1298 619 429 
1079 513 684 1301 1287 
1080 684 622 1302 1301 
1081 1301 1302 624 1303 
1082 1287 1301 1303 371 
1083 530 635 1304 1293 
1084 635 625 1305 1304 
1085 1304 1305 628 1306 
1086 1293 1304 1306 512 
1087 670 704 1307 1308 
1088 704 672 1176 1307 
1089 1307 1176 590 1309 
1090 1308 1307 1309 673 
1091 638 1168 1310 1311 
1092 1168 670 1308 1310 
1093 1310 1308 673 1312 
1094 1311 1310 1312 588 
1095 588 1312 1313 1314 
1096 1312 673 1315 1313 
1097 1313 1315 679 1170 
1098 1314 1313 1170 641 
1099 673 1309 1316 1315 
1100 1309 590 1179 1316 
1101 1316 1179 680 731 
1102 1315 1316 731 679 
1103 693 1319 1317 1318 
1104 1319 695 1181 1317 
1105 1317 1181 424 702 
1106 1318 1317 702 671 
1107 645 1322 1320 1321 
1108 1322 693 1318 1320 
1109 1320 1318 671 1167 
1110 1321 1320 1167 589 
1111 368 965 1323 1272 
1112 965 714 1324 1323 
1113 1323 1324 716 1325 
1114 1272 1323 1325 118 
1115 510 800 1326 1284 
1116 800 717 1327 1326 
1117 1326 1327 719 1328 
1118 1284 1326 1328 367 
1119 839 1330 1329 1199 
1120 1330 841 1331 1329 
1121 1329 1331 749 924 
1122 1199 1329 924 812 
1123 927 976 1332 1217 
1124 976 928 1333 1332 
1125 1332 1333 665 1334 
1126 1217 1332 1334 929 
1127 841 1336 1335 1331 
1128 1336 937 1337 1335 
1129 1335 1337 920 941 
1130 1331 1335 941 749 
1131 970 1233 1338 990 
1132 1233 915 1339 1338 
1133 1338 1339 971 1340 
1134 990 1338 1340 969 
1135 928 991 1341 1333 
1136 991 969 1342 1341 
1137 1341 1342 972 1343 
1138 1333 1341 1343 665 
1139 915 1011 1344 1339 
1140 1011 999 1345 1344 
1141 1344 1345 1004 1346 
1142 1339 1344 1346 971 
1143 83 206 1347 1348 
1144 206 132 1266 1347 
1145 1347 1266 199 1349 
1146 1348 1347 1349 200 
1147 333 378 1350 1351 
1148 378 334 1278 1350 
1149 1350 1278 229 1352 
1150 1351 1350 1352 335 
1151 233 342 1353 1354 
1152 342 333 1351 1353 
1153 1353 1351 335 1355 
1154 1354 1353 1355 126 
1155 622 728 1356 1302 
1156 728 623 1357 1356 
1157 1356 1357 509 1358 
1158 1302 1356 1358 624 
1159 636 678 1359 1360 
1160 678 638 1311 1359 
1161 1359 1311 588 1361 
1162 1360 1359 1361 639 
1163 639 1361 1362 1363 
1164 1361 588 1314 1362 
1165 1362 1314 641 687 
1166 1363 1362 687 640 
1167 643 1366 1364 1365 
1168 1366 645 1321 1364 
1169 1364 1321 589 676 
1170 1365 1364 676 637 
1171 717 968 1367 1327 
1172 968 718 1368 1367 
1173 1367 1368 368 1369 
1174 1327 1367 1369 719 
1175 623 743 1370 1357 
1176 743 720 1371 1370 
1177 1370 1371 722 1372 
1178 1357 1370 1372 509 
1179 937 1374 1373 1337 
1180 1374 939 1375 1373 
1181 1373 1375 662 1210 
1182 1337 1373 1210 920 
1183 718 1224 1376 1368 
1184 1224 963 1377 1376 
1185 1376 1377 965 1378 
1186 1368 1376 1378 368 
1187 969 1340 1379 1342 
1188 1340 971 1380 1379 
1189 1379 1380 918 1381 
1190 1342 1379 1381 972 
1191 939 1383 1382 1375 
1192 1383 980 1384 1382 
1193 1382 1384 978 985 
1194 1375 1382 985 662 
1195 971 1346 1385 1380 
1196 1346 1004 1386 1385 
1197 1385 1386 1006 1387 
1198 1380 1385 1387 918 
