2 0.000000 100.000000 211.018442
1387 1198 
1 -276.279947 0.000000 -280.179887 99.984502 0.000107 1.745275 0.000005 
2 331.535936 0.000000 -280.179887 99.984478 0.001472 1.742809 0.000007 
3 331.535936 0.000000 285.678573 99.984985 -0.001423 1.742630 -0.000003 
4 -276.279947 0.000000 285.678573 99.984891 -0.000058 1.745363 -0.000002 
5 27.627995 0.000000 2.749343 106.660303 -0.074648 -10.241653 -0.148132 
6 -276.279947 0.000000 2.749343 99.984597 0.000038 1.745388 0.000003 
7 27.627995 0.000000 -280.179887 99.983389 0.000842 1.744240 0.000028 
8 331.535936 0.000000 2.749343 100.015437 0.007694 -0.019519 -0.000309 
9 27.627995 0.000000 285.678573 99.987130 -0.000397 1.744257 -0.000047 
10 -124.325976 0.000000 -138.715272 99.983493 0.000355 1.745180 0.000026 
11 -276.279947 0.000000 -138.715272 99.984505 0.000080 1.745330 0.000005 
12 -124.325976 0.000000 -280.179887 99.984026 0.000293 1.745100 0.000015 
13 27.627995 0.000000 -138.715272 99.981282 0.002763 1.742045 0.000071 
14 -124.325976 0.000000 2.749343 99.983359 0.000334 1.745769 0.000028 
15 179.581965 0.000000 -138.715272 99.983133 0.003042 1.735589 0.000036 
16 179.581965 0.000000 -280.179887 99.983813 0.001322 1.743019 0.000020 
17 331.535936 0.000000 -138.715272 99.984609 0.003057 1.735803 0.000006 
18 179.581965 0.000000 2.749343 100.039612 -0.018476 -1.479214 -0.001011 
19 -124.325976 0.000000 144.213958 99.984872 0.000073 1.745894 -0.000002 
20 -276.279947 0.000000 144.213958 99.984760 -0.000013 1.745402 0.000000 
21 27.627995 0.000000 144.213958 99.995474 0.000666 1.742229 -0.000213 
22 -124.325976 0.000000 285.678573 99.985382 -0.000110 1.745465 -0.000012 
23 -48.348991 0.000000 -67.982965 99.977425 0.002238 1.743736 0.000147 
24 -124.325976 0.000000 -67.982965 99.983216 0.000374 1.745399 0.000031 
25 -48.348991 0.000000 -138.715272 99.981965 0.001118 1.744026 0.000056 
26 27.627995 0.000000 -67.982965 100.007325 0.002431 1.735061 -0.000448 
27 -48.348991 0.000000 2.749343 99.970594 0.018310 1.744276 0.000284 
28 179.581965 0.000000 144.213958 99.985459 -0.002514 1.734858 -0.000010 
29 331.535936 0.000000 144.213958 99.984972 -0.002972 1.735041 -0.000001 
30 179.581965 0.000000 285.678573 99.985646 -0.001122 1.742636 -0.000017 
31 103.604980 0.000000 -67.982965 99.973465 0.006851 1.707818 0.000239 
32 103.604980 0.000000 -138.715272 99.980122 0.002983 1.737273 0.000096 
33 179.581965 0.000000 -67.982965 99.983373 0.006102 1.707406 0.000041 
34 103.604980 0.000000 2.749343 100.005598 -0.025981 -0.369728 -0.000126 
35 -48.348991 0.000000 73.481651 99.982830 0.001639 1.749792 0.000037 
36 -124.325976 0.000000 73.481651 99.984098 0.000215 1.745993 0.000013 
37 27.627995 0.000000 73.481651 99.965768 -0.000366 1.737084 0.000383 
38 -48.348991 0.000000 144.213958 99.986627 0.000424 1.746923 -0.000038 
39 -10.360498 0.000000 -32.616811 99.944188 0.067327 1.697859 0.000827 
40 -48.348991 0.000000 -32.616811 99.974238 0.023598 1.739731 0.000212 
41 -10.360498 0.000000 -67.982965 99.986865 0.034746 1.727536 -0.000036 
42 27.627995 0.000000 -32.616811 100.087889 0.067669 1.607876 -0.002018 
43 -10.360498 0.000000 2.749343 99.758837 0.079682 1.730783 0.004517 
44 103.604980 0.000000 73.481651 99.986446 -0.002729 1.704296 -0.000019 
45 179.581965 0.000000 73.481651 99.985049 -0.005057 1.706901 0.000008 
46 103.604980 0.000000 144.213958 99.988603 -0.001388 1.734517 -0.000073 
47 65.616487 0.000000 -32.616811 99.958459 -0.045647 1.686444 0.000546 
48 65.616487 0.000000 -67.982965 99.996399 -0.000023 1.742066 -0.000231 
49 103.604980 0.000000 -32.616811 99.971259 0.008638 1.603909 0.000317 
50 65.616487 0.000000 2.749343 99.806082 -0.034092 -0.083838 0.003874 
51 -10.360498 0.000000 38.115497 99.952382 0.015755 1.771597 0.000638 
52 -48.348991 0.000000 38.115497 99.977049 0.002653 1.750132 0.000153 
53 27.627995 0.000000 38.115497 100.081039 0.033404 1.671874 -0.001901 
54 -10.360498 0.000000 73.481651 99.988270 0.008608 1.757046 -0.000074 
55 8.633748 0.000000 -14.933734 100.119953 0.105748 1.517016 -0.002632 
56 -10.360498 0.000000 -14.933734 99.902901 0.129624 1.612461 0.001679 
57 8.633748 0.000000 -32.616811 100.001453 0.093922 1.633953 -0.000297 
58 27.627995 0.000000 -14.933734 99.740026 0.009066 1.045664 0.005083 
59 8.633748 0.000000 2.749343 108.881513 -0.076916 16.013466 -0.211162 
60 -200.302961 0.000000 -67.982965 99.984248 0.000128 1.745412 0.000010 
61 -276.279947 0.000000 -67.982965 99.984538 0.000061 1.745361 0.000005 
62 -200.302961 0.000000 -138.715272 99.984227 0.000151 1.745332 0.000011 
63 -200.302961 0.000000 2.749343 99.984358 0.000093 1.745493 0.000008 
64 -86.337483 0.000000 -32.616811 99.981209 0.000862 1.745520 0.000071 
65 -124.325976 0.000000 -32.616811 99.983206 0.000364 1.745577 0.000031 
66 -86.337483 0.000000 -67.982965 99.981643 0.000800 1.745089 0.000063 
67 -86.337483 0.000000 2.749343 99.981353 0.000841 1.746439 0.000068 
68 -29.354744 0.000000 -14.933734 99.949923 0.041387 1.734730 0.000700 
69 -48.348991 0.000000 -14.933734 99.971238 0.018105 1.742771 0.000271 
70 -29.354744 0.000000 -32.616811 99.961258 0.033064 1.732413 0.000474 
71 -29.354744 0.000000 2.749343 99.944821 0.043360 1.741795 0.000800 
72 65.616487 0.000000 38.115497 99.949297 -0.036158 1.604100 0.000756 
73 103.604980 0.000000 38.115497 99.980306 -0.008045 1.612805 0.000134 
74 65.616487 0.000000 73.481651 100.001511 -0.006143 1.701183 -0.000320 
75 8.633748 0.000000 20.432420 100.090794 0.014453 1.954087 -0.002199 
76 -10.360498 0.000000 20.432420 99.873563 0.132217 1.782268 0.002208 
77 27.627995 0.000000 20.432420 100.627881 0.122051 1.522749 -0.012830 
78 8.633748 0.000000 38.115497 100.074704 -0.124988 1.820171 -0.001828 
79 -0.863375 0.000000 -6.092195 99.065769 -0.077026 1.169651 0.018460 
80 -10.360498 0.000000 -6.092195 99.782838 0.069688 1.681872 0.004055 
81 -0.863375 0.000000 -14.933734 99.745900 -0.078572 1.560817 0.004831 
82 8.633748 0.000000 -6.092195 100.016668 -0.149589 1.485690 -0.000556 
83 -0.863375 0.000000 2.749343 98.084715 -0.031105 2.472418 0.037327 
84 46.622241 0.000000 -14.933734 99.754517 0.069785 1.643628 0.004633 
85 46.622241 0.000000 -32.616811 100.006778 0.298046 1.713867 -0.000438 
86 65.616487 0.000000 -14.933734 99.761714 0.023015 1.346628 0.004579 
87 46.622241 0.000000 2.749343 97.270624 -0.055262 -1.543545 0.053604 
88 18.130872 0.000000 -6.092195 98.611852 0.020237 1.380384 0.027380 
89 18.130872 0.000000 -14.933734 99.624022 -0.168080 1.510026 0.007275 
90 27.627995 0.000000 -6.092195 101.307126 0.088382 -0.731941 -0.026368 
91 18.130872 0.000000 2.749343 112.892818 -0.028687 0.664882 -0.274523 
92 -200.302961 0.000000 73.481651 99.984551 0.000049 1.745540 0.000004 
93 -276.279947 0.000000 73.481651 99.984676 0.000013 1.745403 0.000002 
94 -200.302961 0.000000 144.213958 99.984762 0.000001 1.745532 0.000000 
95 -86.337483 0.000000 38.115497 99.982208 0.000721 1.746606 0.000051 
96 -124.325976 0.000000 38.115497 99.983678 0.000282 1.745922 0.000022 
97 -86.337483 0.000000 73.481651 99.983429 0.000539 1.746761 0.000026 
98 -29.354744 0.000000 20.432420 99.951512 0.036623 1.749251 0.000663 
99 -48.348991 0.000000 20.432420 99.970776 0.023507 1.744625 0.000280 
100 -29.354744 0.000000 38.115497 99.950032 0.027081 1.732946 0.000699 
101 -0.863375 0.000000 11.590882 99.722989 0.059875 2.139314 0.005075 
102 -10.360498 0.000000 11.590882 99.788263 0.132792 1.772320 0.003914 
103 8.633748 0.000000 11.590882 99.981382 -0.086919 2.253092 -0.000136 
104 -0.863375 0.000000 20.432420 99.843229 0.173606 1.885577 0.002774 
105 3.885187 0.000000 -1.671426 111.842245 -0.133615 -2.837910 -0.251676 
106 -0.863375 0.000000 -1.671426 96.721535 -0.042552 1.118135 0.064369 
107 3.885187 0.000000 -6.092195 100.129023 -0.092903 0.681716 -0.002629 
108 8.633748 0.000000 -1.671426 109.323784 -0.043567 2.855037 -0.195984 
109 3.885187 0.000000 2.749343 99.636331 -0.097571 5.684102 0.004028 
110 -19.857621 0.000000 -6.092195 99.910285 0.099323 1.719224 0.001497 
111 -29.354744 0.000000 -6.092195 99.945981 0.043527 1.737794 0.000778 
112 -19.857621 0.000000 -14.933734 99.924380 0.095504 1.714364 0.001217 
113 -19.857621 0.000000 2.749343 99.903201 0.101382 1.729965 0.001635 
114 -5.611936 0.000000 -1.671426 99.446039 0.044022 1.638757 0.010780 
115 -10.360498 0.000000 -1.671426 99.759985 0.062924 1.716203 0.004500 
116 -5.611936 0.000000 -6.092195 99.588544 0.098341 1.580069 0.007962 
117 -5.611936 0.000000 2.749343 99.457620 0.119231 1.821576 0.010485 
118 46.622241 0.000000 20.432420 100.257546 0.139352 1.143944 -0.005290 
119 65.616487 0.000000 20.432420 99.897816 0.046004 1.317996 0.001869 
120 46.622241 0.000000 38.115497 99.967409 -0.072214 1.590755 0.000398 
121 18.130872 0.000000 11.590882 100.487712 -0.060221 1.982623 -0.010171 
122 27.627995 0.000000 11.590882 100.563756 -0.052106 1.282454 -0.011472 
123 18.130872 0.000000 20.432420 100.577111 -0.089320 1.911659 -0.011942 
124 3.885187 0.000000 7.170112 99.703016 -0.185278 2.782216 0.005153 
125 -0.863375 0.000000 7.170112 99.144781 -0.123497 2.121623 0.016580 
126 8.633748 0.000000 7.170112 99.904281 -0.000539 2.520750 0.001278 
127 3.885187 0.000000 11.590882 99.855254 -0.002787 2.243115 0.002390 
128 1.510906 0.000000 0.538958 98.517663 -0.056008 36.959215 -0.107172 
129 -0.863375 0.000000 0.538958 96.615173 -0.040439 2.253106 0.066043 
130 1.510906 0.000000 -1.671426 113.532379 -0.165720 -15.743971 -0.313750 
131 3.885187 0.000000 0.538958 103.368399 0.003903 29.034557 -0.152803 
132 1.510906 0.000000 2.749343 97.778877 -0.068497 4.465953 0.041934 
133 -19.857621 0.000000 11.590882 99.909362 0.087811 1.742479 0.001508 
134 -29.354744 0.000000 11.590882 99.946880 0.040838 1.745893 0.000757 
135 -19.857621 0.000000 20.432420 99.922502 0.071800 1.750439 0.001242 
136 -5.611936 0.000000 7.170112 99.600872 0.070917 1.830857 0.007631 
137 -10.360498 0.000000 7.170112 99.778905 0.072796 1.744388 0.004112 
138 -5.611936 0.000000 11.590882 99.718299 0.057362 1.839675 0.005287 
139 -3.237656 0.000000 0.538958 98.923778 -0.063827 1.819335 0.021077 
140 -5.611936 0.000000 0.538958 99.424137 0.071062 1.738232 0.011181 
141 -3.237656 0.000000 -1.671426 98.944211 -0.069718 1.671682 0.020724 
142 -3.237656 0.000000 2.749343 99.062011 -0.044885 1.931102 0.018299 
143 -48.348991 0.000000 -209.447580 99.983155 0.000699 1.744541 0.000033 
144 -124.325976 0.000000 -209.447580 99.983800 0.000322 1.745110 0.000019 
145 -48.348991 0.000000 -280.179887 99.983675 0.000521 1.744772 0.000022 
146 27.627995 0.000000 -209.447580 99.982622 0.001290 1.743584 0.000044 
147 -10.360498 0.000000 -103.349118 99.980523 0.003486 1.740930 0.000086 
148 -48.348991 0.000000 -103.349118 99.980587 0.001547 1.743594 0.000084 
149 -10.360498 0.000000 -138.715272 99.981777 0.001975 1.742838 0.000061 
150 27.627995 0.000000 -103.349118 99.979100 0.005371 1.740244 0.000115 
151 8.633748 0.000000 -50.299888 100.011925 0.024722 1.701830 -0.000528 
152 -10.360498 0.000000 -50.299888 99.972623 0.035120 1.717173 0.000252 
153 8.633748 0.000000 -67.982965 100.003216 0.028740 1.724965 -0.000362 
154 27.627995 0.000000 -50.299888 100.037636 -0.010065 1.722921 -0.001050 
155 -0.863375 0.000000 -23.775272 99.954081 0.061545 1.601107 0.000661 
156 -10.360498 0.000000 -23.775272 99.928699 0.120549 1.662328 0.001148 
157 -0.863375 0.000000 -32.616811 99.995833 0.100389 1.636426 -0.000185 
158 8.633748 0.000000 -23.775272 99.872505 -0.165545 1.593697 0.002292 
159 3.885187 0.000000 -10.512965 99.934351 -0.172740 1.367487 0.001123 
160 -0.863375 0.000000 -10.512965 99.671328 0.039520 1.360877 0.006377 
161 3.885187 0.000000 -14.933734 100.023572 -0.109208 1.410726 -0.000672 
162 8.633748 0.000000 -10.512965 99.794782 -0.123546 1.523440 0.003867 
163 1.510906 0.000000 -3.881811 98.911505 -0.047241 -0.511810 0.021625 
164 -0.863375 0.000000 -3.881811 98.318730 -0.059679 0.984552 0.033245 
165 1.510906 0.000000 -6.092195 99.387362 -0.052726 0.660562 0.012171 
166 3.885187 0.000000 -3.881811 100.601739 -0.104700 -0.180867 -0.012075 
167 0.323766 0.000000 -0.566234 94.015404 -0.108182 25.469437 0.051240 
168 -0.863375 0.000000 -0.566234 96.147654 -0.040024 1.684947 0.075279 
169 0.323766 0.000000 -1.671426 93.235709 -0.059528 -3.073693 0.129765 
170 1.510906 0.000000 -0.566234 106.202998 -0.094574 7.308342 -0.133250 
171 0.323766 0.000000 0.538958 92.318222 -0.047742 5.490781 0.144719 
172 -5.611936 0.000000 -10.512965 99.705482 0.058641 1.603508 0.005624 
173 -10.360498 0.000000 -10.512965 99.816240 0.119896 1.643341 0.003400 
174 -5.611936 0.000000 -14.933734 99.820166 0.129489 1.590445 0.003339 
175 -3.237656 0.000000 -3.881811 99.112912 -0.071574 1.570910 0.017416 
176 -5.611936 0.000000 -3.881811 99.488756 0.090275 1.630770 0.009932 
177 -3.237656 0.000000 -6.092195 99.261652 -0.093055 1.561558 0.014468 
178 0.323766 0.000000 -2.776618 96.819847 -0.057133 -0.641030 0.062550 
179 -0.863375 0.000000 -2.776618 97.633943 -0.044735 0.952272 0.046670 
180 0.323766 0.000000 -3.881811 98.135502 -0.044031 0.188840 0.036939 
181 1.510906 0.000000 -2.776618 98.490933 -0.066265 -2.076102 0.029522 
182 13.382310 0.000000 -1.671426 108.408406 -0.018577 3.331340 -0.176348 
183 13.382310 0.000000 -6.092195 99.681508 -0.068318 1.347706 0.006178 
184 18.130872 0.000000 -1.671426 104.225291 0.050732 2.226100 -0.086787 
185 13.382310 0.000000 2.749343 109.728100 -0.040839 12.582900 -0.219859 
186 6.259468 0.000000 0.538958 -61.450915 -0.027734 -3.493553 0.621158 
187 6.259468 0.000000 -1.671426 106.373824 -0.077114 0.450215 -0.131560 
188 8.633748 0.000000 0.538958 -33.658930 -0.027444 0.061887 0.886707 
189 6.259468 0.000000 2.749343 101.687017 -0.083167 4.351906 -0.035920 
190 2.698046 0.000000 -0.566234 113.115932 -0.187543 -9.259873 -0.288099 
191 2.698046 0.000000 -1.671426 113.146407 -0.170542 -8.137042 -0.286835 
192 3.885187 0.000000 -0.566234 -66.723322 0.031173 -1.710359 0.554507 
193 2.698046 0.000000 0.538958 101.392743 -0.043202 33.093958 -0.137570 
194 0.917336 0.000000 -1.118830 114.247208 -0.095180 -22.563943 -0.356157 
195 0.323766 0.000000 -1.118830 100.876618 -0.075844 -7.939535 -0.023913 
196 0.917336 0.000000 -1.671426 115.529073 -0.150510 -26.265342 -0.403686 
197 1.510906 0.000000 -1.118830 113.649321 -0.771694 -18.543935 -0.326064 
198 0.917336 0.000000 -0.566234 103.183574 -0.085970 16.920108 -0.093315 
199 1.510906 0.000000 4.959728 98.916721 -0.039496 3.077923 0.020601 
200 -0.863375 0.000000 4.959728 98.870151 -0.023179 2.339251 0.021922 
201 3.885187 0.000000 4.959728 99.790031 -0.054280 3.479163 0.002984 
202 1.510906 0.000000 7.170112 99.372885 -0.031174 2.561357 0.011847 
203 0.323766 0.000000 1.644151 96.043313 -0.043559 4.009032 0.075961 
204 -0.863375 0.000000 1.644151 97.428755 -0.034121 2.466405 0.050155 
205 1.510906 0.000000 1.644151 96.429636 -0.064288 6.426919 0.066002 
206 0.323766 0.000000 2.749343 97.548043 -0.045000 3.330839 0.047328 
207 0.917336 0.000000 -0.013638 99.105148 -0.079395 40.770190 -0.148405 
208 0.323766 0.000000 -0.013638 93.858086 -0.029573 46.705443 -0.099074 
209 1.510906 0.000000 -0.013638 98.704476 -0.078968 37.288363 -0.113300 
210 0.917336 0.000000 0.538958 97.487404 -0.011335 41.676330 -0.124071 
211 6.259468 0.000000 -3.881811 101.140129 -0.066092 0.855837 -0.023006 
212 6.259468 0.000000 -6.092195 100.408314 -0.055747 1.115441 -0.008308 
213 8.633748 0.000000 -3.881811 100.173176 -0.151880 1.529627 -0.003703 
214 2.698046 0.000000 -2.776618 100.278237 -0.096993 -1.954096 -0.005955 
215 2.698046 0.000000 -3.881811 99.921003 -0.065315 -0.549231 0.001549 
216 3.885187 0.000000 -2.776618 101.418406 -0.098424 -1.028877 -0.028676 
217 5.072327 0.000000 -0.566234 109.198731 -0.108160 0.069586 -0.192438 
218 5.072327 0.000000 -1.671426 109.763286 -0.264253 -0.210593 -0.204809 
219 6.259468 0.000000 -0.566234 106.767789 -0.086344 -0.012905 -0.139937 
220 5.072327 0.000000 0.538958 104.188983 -0.025736 24.304985 -0.144608 
221 3.291617 0.000000 -1.118830 112.704357 -0.157193 -5.801955 -0.273596 
222 2.698046 0.000000 -1.118830 113.025359 -0.161461 -8.055544 -0.283965 
223 3.291617 0.000000 -1.671426 112.591343 -0.154700 -5.062971 -0.270247 
224 3.885187 0.000000 -1.118830 111.843312 -0.136112 -2.843600 -0.251703 
225 3.291617 0.000000 -0.566234 112.471400 -0.157965 -4.452612 -0.266967 
226 2.698046 0.000000 1.644151 98.589442 -0.111701 7.653215 0.022154 
227 3.885187 0.000000 1.644151 103.927271 -0.010617 27.697867 -0.156805 
228 2.698046 0.000000 2.749343 98.628662 -0.113327 5.296056 0.024433 
229 13.382310 0.000000 7.170112 100.190538 0.043484 3.039714 -0.004739 
230 18.130872 0.000000 7.170112 101.107454 0.119432 1.876615 -0.022625 
231 13.382310 0.000000 11.590882 100.098545 -0.025273 2.198817 -0.002455 
232 6.259468 0.000000 4.959728 100.418939 -0.091471 3.103625 -0.009360 
233 8.633748 0.000000 4.959728 99.700497 -0.088733 2.909521 0.005134 
234 6.259468 0.000000 7.170112 99.981813 -0.250173 2.590814 -0.000314 
235 5.072327 0.000000 1.644151 103.456667 -0.053325 24.322986 -0.129489 
236 6.259468 0.000000 1.644151 102.122713 -0.044352 20.245243 -0.083892 
237 5.072327 0.000000 2.749343 101.023158 -0.083022 5.744425 -0.023868 
238 3.291617 0.000000 1.091555 102.966421 -0.010900 30.146959 -0.151092 
239 2.698046 0.000000 1.091555 101.969260 -0.011706 32.367311 -0.144537 
240 3.291617 0.000000 0.538958 102.953208 0.765418 29.623132 -0.147748 
241 3.885187 0.000000 1.091555 103.567764 -0.010202 28.719484 -0.155109 
242 3.291617 0.000000 1.644151 98.702069 -0.074704 10.326545 0.015126 
243 5.072327 0.000000 -2.776618 101.406500 -0.071065 -0.209217 -0.028333 
244 5.072327 0.000000 -3.881811 100.989833 -0.063557 0.259722 -0.019902 
245 6.259468 0.000000 -2.776618 101.887657 -0.069971 0.387635 -0.038125 
246 11.008029 0.000000 0.538958 -38.748954 -0.034658 0.096671 0.849851 
247 11.008029 0.000000 -1.671426 110.141683 -0.028737 3.437640 -0.214301 
248 13.382310 0.000000 0.538958 -46.287644 -0.080907 0.449372 0.785725 
249 11.008029 0.000000 2.749343 110.948014 -0.068537 15.375346 -0.254587 
250 7.446608 0.000000 -0.566234 108.520593 -0.064458 2.435021 -0.178265 
251 7.446608 0.000000 -1.671426 107.325711 -0.057709 1.798514 -0.152205 
252 8.633748 0.000000 -0.566234 109.665879 -0.028423 3.030939 -0.203579 
253 7.446608 0.000000 0.538958 -42.862294 0.005636 -1.647371 0.816011 
254 5.665897 0.000000 -1.118830 108.070568 -0.101869 0.209554 -0.167930 
255 5.072327 0.000000 -1.118830 109.974019 0.027473 -0.381535 -0.209443 
256 5.665897 0.000000 -1.671426 108.071470 -0.101017 0.211200 -0.167950 
257 6.259468 0.000000 -1.118830 106.378536 -0.077573 0.459739 -0.131661 
258 5.665897 0.000000 -0.566234 -66.661970 -0.003085 -2.238446 0.555117 
259 4.478757 0.000000 1.091555 103.814684 -0.032155 26.699183 -0.149034 
260 4.478757 0.000000 0.538958 103.874973 -0.003216 27.247219 -0.153242 
261 5.072327 0.000000 1.091555 103.525266 -0.048875 24.496389 -0.131756 
262 4.478757 0.000000 1.644151 103.978007 -0.030528 25.535195 -0.146347 
263 7.446608 0.000000 1.644151 105.452668 -0.059928 18.176552 -0.145066 
264 8.633748 0.000000 1.644151 108.382163 -0.040832 12.913613 -0.191346 
265 7.446608 0.000000 2.749343 105.991953 -0.080504 19.330251 -0.160796 
266 5.665897 0.000000 1.091555 103.084109 -0.050604 22.917928 -0.115157 
267 5.665897 0.000000 0.538958 -55.596405 -0.003987 -3.214933 0.689870 
268 6.259468 0.000000 1.091555 102.448830 -0.043793 20.057172 -0.089805 
269 5.665897 0.000000 1.644151 102.534645 -0.056806 21.583781 -0.097922 
270 18.130872 0.000000 -23.775272 99.774231 -0.213605 1.584570 0.004255 
271 18.130872 0.000000 -32.616811 100.168756 0.100555 1.569490 -0.003625 
272 27.627995 0.000000 -23.775272 100.031403 -0.018336 1.559637 -0.000871 
273 13.382310 0.000000 -10.512965 99.647638 -0.137443 1.516618 0.006803 
274 13.382310 0.000000 -14.933734 100.204460 -0.074448 1.481025 -0.004313 
275 18.130872 0.000000 -10.512965 99.303666 0.017304 1.304136 0.013708 
276 11.008029 0.000000 -3.881811 99.721414 -0.008594 1.385350 0.005372 
277 11.008029 0.000000 -6.092195 99.792445 -0.018674 1.409538 0.003948 
278 13.382310 0.000000 -3.881811 99.644050 -0.037098 1.095016 0.006986 
279 7.446608 0.000000 -2.776618 101.384715 -0.127603 2.026744 -0.028298 
280 7.446608 0.000000 -3.881811 100.707532 -0.121763 1.481632 -0.014422 
281 8.633748 0.000000 -2.776618 100.293738 -0.090626 2.219729 -0.006377 
282 6.853038 0.000000 -1.118830 105.702216 -0.057775 0.780532 -0.117357 
283 6.853038 0.000000 -1.671426 105.703544 -0.057557 0.763491 -0.117383 
284 7.446608 0.000000 -1.118830 106.962851 -0.057049 1.754597 -0.144413 
285 6.853038 0.000000 -0.566234 105.319639 -0.041889 0.799094 -0.109287 
286 9.820889 0.000000 -0.566234 110.163607 -0.037901 2.889006 -0.214437 
287 9.820889 0.000000 -1.671426 109.756918 -0.043934 3.271097 -0.205728 
288 11.008029 0.000000 -0.566234 110.653454 -0.007551 2.897189 -0.225258 
289 9.820889 0.000000 0.538958 -33.556827 -0.022905 0.101826 0.887393 
290 9.820889 0.000000 -2.776618 100.236770 -0.079507 2.155553 -0.005206 
291 9.820889 0.000000 -3.881811 99.873388 -0.106390 1.496996 0.002305 
292 11.008029 0.000000 -2.776618 100.534693 -0.041621 1.765782 -0.011034 
293 37.125118 0.000000 -6.092195 100.505310 0.008558 1.811848 -0.010460 
294 37.125118 0.000000 -14.933734 99.831018 0.294792 1.394729 0.003174 
295 46.622241 0.000000 -6.092195 98.389415 0.017440 1.841845 0.031613 
296 37.125118 0.000000 2.749343 101.654768 -0.080798 -1.377040 -0.033559 
297 22.879433 0.000000 -1.671426 97.374598 -0.037715 -0.801382 0.051754 
298 22.879433 0.000000 -6.092195 98.046752 0.002915 -0.939442 0.038595 
299 27.627995 0.000000 -1.671426 105.738387 -0.075856 -3.418669 -0.119230 
300 22.879433 0.000000 2.749343 99.424876 -0.000201 -9.934265 0.001600 
301 15.756591 0.000000 0.538958 -69.677789 0.215123 0.716039 0.514445 
302 15.756591 0.000000 -1.671426 98.282626 -0.041982 1.981338 0.033660 
303 18.130872 0.000000 0.538958 91.672326 0.033552 -0.372452 0.159604 
304 15.756591 0.000000 2.749343 103.198099 -0.016415 10.616735 -0.076256 
305 12.195170 0.000000 -0.566234 110.091515 -0.008747 3.427205 -0.213189 
306 12.195170 0.000000 -1.671426 110.092371 -0.009424 3.448967 -0.213223 
307 13.382310 0.000000 -0.566234 108.016438 -0.014865 3.318481 -0.167856 
308 12.195170 0.000000 0.538958 -38.704212 -0.084729 0.596034 0.850162 
309 10.414459 0.000000 -1.118830 110.121312 -0.041488 3.247628 -0.213725 
310 9.820889 0.000000 -1.118830 109.915419 -0.041285 3.115300 -0.209111 
311 10.414459 0.000000 -1.671426 109.897309 -0.048100 3.421334 -0.208913 
312 11.008029 0.000000 -1.118830 110.404390 -0.020197 3.214813 -0.219946 
313 10.414459 0.000000 -0.566234 110.228324 -0.039214 2.855956 -0.215844 
314 15.756591 0.000000 -3.881811 100.164175 -0.005231 1.467122 -0.003501 
315 15.756591 0.000000 -6.092195 99.550712 0.061281 1.518830 0.008735 
316 18.130872 0.000000 -3.881811 97.939020 -0.031450 1.575508 0.040547 
317 12.195170 0.000000 -2.776618 100.293718 -0.006698 1.176606 -0.006021 
318 12.195170 0.000000 -3.881811 99.599866 0.002848 1.236366 0.007834 
319 13.382310 0.000000 -2.776618 100.142226 -0.006949 0.644200 -0.002888 
320 10.414459 0.000000 -2.224022 109.827389 -0.062137 3.536954 -0.207457 
321 9.820889 0.000000 -2.224022 109.778511 -0.049589 3.372195 -0.206270 
322 10.414459 0.000000 -2.776618 98.917790 -0.029019 0.897227 0.021446 
323 11.008029 0.000000 -2.224022 110.143930 -0.037105 3.576153 -0.214448 
324 11.601599 0.000000 -1.118830 110.579852 -0.002221 3.196557 -0.223812 
325 11.601599 0.000000 -1.671426 110.439194 -0.004435 3.431711 -0.220859 
326 12.195170 0.000000 -1.118830 110.086709 -0.010059 3.461826 -0.213107 
327 11.601599 0.000000 -0.566234 111.096416 0.015733 2.699833 -0.234970 
328 10.711244 0.000000 -1.395128 110.087375 -0.033369 3.445408 -0.213110 
329 10.414459 0.000000 -1.395128 110.009411 -0.115972 3.389532 -0.211357 
330 10.711244 0.000000 -1.671426 110.090751 -0.032835 3.433709 -0.213176 
331 11.008029 0.000000 -1.395128 110.146275 -0.028558 3.450825 -0.214411 
332 10.711244 0.000000 -1.118830 110.206498 -0.031515 3.268975 -0.215616 
333 11.008029 0.000000 4.959728 99.292859 -0.013845 3.493052 0.012873 
334 13.382310 0.000000 4.959728 100.009762 -0.034612 4.404402 -0.002135 
335 11.008029 0.000000 7.170112 99.781543 -0.009095 2.756627 0.003604 
336 9.820889 0.000000 1.644151 109.055290 -0.042945 11.822202 -0.203282 
337 11.008029 0.000000 1.644151 109.696771 -0.035830 10.821428 -0.215049 
338 9.820889 0.000000 2.749343 109.909550 -0.074550 15.072633 -0.230730 
339 9.820889 0.000000 3.854535 98.135644 -0.072024 3.920123 0.035402 
340 8.633748 0.000000 3.854535 99.125268 -0.094131 3.565908 0.016146 
341 11.008029 0.000000 3.854535 111.511690 -0.081841 16.301099 -0.270059 
342 9.820889 0.000000 4.959728 99.450864 -0.034793 3.197371 0.009930 
343 9.227319 0.000000 2.196747 109.268124 -0.068487 16.218580 -0.220257 
344 8.633748 0.000000 2.196747 108.827683 -0.089364 17.516221 -0.215029 
345 9.227319 0.000000 1.644151 109.216774 -0.082249 15.794330 -0.217777 
346 9.820889 0.000000 2.196747 109.690133 -0.081540 16.277017 -0.229687 
347 9.227319 0.000000 2.749343 109.284107 -0.075725 15.866708 -0.219477 
348 12.195170 0.000000 1.644151 109.327009 -0.018536 8.959453 -0.203267 
349 13.382310 0.000000 1.644151 -54.645870 -0.065694 1.178158 0.701244 
350 12.195170 0.000000 2.749343 111.083713 -0.051984 13.862433 -0.253176 
351 10.414459 0.000000 2.196747 110.477469 -0.067467 15.010659 -0.243060 
352 10.414459 0.000000 1.644151 109.942818 -0.055104 12.702874 -0.224879 
353 11.008029 0.000000 2.196747 110.238021 -0.051000 13.240005 -0.232772 
354 10.414459 0.000000 2.749343 110.508393 -0.065671 14.980080 -0.243651 
355 7.446608 0.000000 3.854535 100.078974 -0.010695 3.155885 -0.002576 
356 6.259468 0.000000 3.854535 100.872182 -0.074166 3.554414 -0.018784 
357 7.446608 0.000000 4.959728 100.074595 -0.074577 2.864295 -0.002313 
358 9.227319 0.000000 3.301939 110.156922 -0.101336 17.310241 -0.243420 
359 8.633748 0.000000 3.301939 108.668720 -0.101089 18.395488 -0.214729 
360 9.820889 0.000000 3.301939 110.156922 -0.101336 17.310241 -0.243420 
361 9.227319 0.000000 3.854535 99.885921 -0.107772 3.592742 0.000988 
362 9.524104 0.000000 2.473045 109.403549 -0.074894 15.963261 -0.222397 
363 9.227319 0.000000 2.473045 109.278497 -0.072417 16.050947 -0.219943 
364 9.524104 0.000000 2.196747 109.380006 -0.073288 16.020474 -0.222065 
365 9.820889 0.000000 2.473045 109.794058 -0.086122 16.522271 -0.232773 
366 9.524104 0.000000 2.749343 109.622469 -0.077542 15.431205 -0.225521 
367 37.125118 0.000000 11.590882 100.451946 -0.445574 0.678447 -0.009125 
368 46.622241 0.000000 11.590882 100.048462 -0.195733 0.444818 -0.000993 
369 37.125118 0.000000 20.432420 100.503453 0.066432 1.290601 -0.010261 
370 22.879433 0.000000 7.170112 101.500845 -0.006659 1.025016 -0.030347 
371 27.627995 0.000000 7.170112 100.751664 -0.081096 0.500695 -0.015116 
372 22.879433 0.000000 11.590882 100.408676 0.016197 1.627809 -0.008455 
373 15.756591 0.000000 4.959728 103.350734 0.017314 4.160017 -0.069868 
374 18.130872 0.000000 4.959728 114.033998 -0.028139 0.199315 -0.300379 
375 15.756591 0.000000 7.170112 101.096054 -0.043781 2.656633 -0.022747 
376 12.195170 0.000000 3.854535 111.380119 -0.073570 15.103656 -0.263366 
377 13.382310 0.000000 3.854535 109.939168 -0.061057 14.266352 -0.229015 
378 12.195170 0.000000 4.959728 99.366030 -0.016129 3.907318 0.011112 
379 14.569450 0.000000 -0.566234 103.829287 -0.018778 3.034867 -0.078973 
380 14.569450 0.000000 -1.671426 103.768869 -0.037419 2.847865 -0.077609 
381 15.756591 0.000000 -0.566234 98.694335 -0.035167 1.883579 0.025588 
382 14.569450 0.000000 0.538958 -57.132832 0.217715 0.164838 0.673576 
383 14.569450 0.000000 -2.776618 100.395641 0.002204 0.532203 -0.007957 
384 14.569450 0.000000 -3.881811 99.959734 -0.001016 1.053949 0.000694 
385 15.756591 0.000000 -2.776618 101.280038 0.021546 1.228713 -0.025916 
386 20.505152 0.000000 0.538958 109.962875 0.018725 1.709157 -0.209476 
387 20.505152 0.000000 -1.671426 99.926789 0.009482 2.381648 0.000896 
388 22.879433 0.000000 0.538958 116.583854 0.000368 1.943289 -0.359557 
389 20.505152 0.000000 2.749343 108.863552 -0.023093 -6.386751 -0.189206 
390 16.943731 0.000000 -0.566234 102.097581 -0.003155 1.867414 -0.042740 
391 16.943731 0.000000 -1.671426 101.126223 -0.006596 1.572347 -0.022899 
392 18.130872 0.000000 -0.566234 103.779885 0.035168 2.538365 -0.077671 
393 16.943731 0.000000 0.538958 83.607189 0.037450 -2.314281 0.300448 
394 15.163021 0.000000 -1.118830 101.518645 -0.034027 2.641713 -0.031302 
395 14.569450 0.000000 -1.118830 103.828355 -0.023241 2.988201 -0.078926 
396 15.163021 0.000000 -1.671426 100.007127 -0.045048 2.299357 -0.000671 
397 15.756591 0.000000 -1.118830 98.321504 -0.036539 1.860823 0.032942 
398 15.163021 0.000000 -0.566234 101.233902 -0.025721 2.681038 -0.025549 
399 14.569450 0.000000 3.854535 106.774094 -0.023064 12.863352 -0.156617 
400 14.569450 0.000000 2.749343 107.155277 -0.021180 11.900663 -0.162388 
401 15.756591 0.000000 3.854535 101.742249 -0.016618 10.525066 -0.046226 
402 14.569450 0.000000 4.959728 101.129323 -0.000322 4.786341 -0.025005 
403 20.505152 0.000000 4.959728 100.622874 0.031356 1.293056 -0.012664 
404 22.879433 0.000000 4.959728 102.995515 0.027251 -0.611318 -0.060845 
405 20.505152 0.000000 7.170112 101.054410 0.141055 1.702262 -0.021491 
406 16.943731 0.000000 3.854535 110.218690 -0.045513 6.507183 -0.219051 
407 16.943731 0.000000 2.749343 108.858225 -0.038244 6.143809 -0.188786 
408 18.130872 0.000000 3.854535 113.782222 -0.029768 0.352259 -0.294652 
409 16.943731 0.000000 4.959728 101.535012 0.024560 2.387190 -0.031506 
410 22.879433 0.000000 -10.512965 99.016960 0.083890 0.549452 0.019533 
411 22.879433 0.000000 -14.933734 99.362441 -0.149814 1.230439 0.012557 
412 27.627995 0.000000 -10.512965 100.200650 -0.030997 0.632955 -0.004057 
413 20.505152 0.000000 -3.881811 95.997277 -0.016757 -0.038360 0.078452 
414 20.505152 0.000000 -6.092195 97.598535 0.050390 0.451225 0.047432 
415 22.879433 0.000000 -3.881811 96.794305 0.041095 -1.872101 0.062736 
416 19.318012 0.000000 -0.566234 102.475818 0.022484 2.842997 -0.050938 
417 19.318012 0.000000 -1.671426 103.617604 0.032987 2.399852 -0.074237 
418 20.505152 0.000000 -0.566234 101.692305 0.010465 2.564860 -0.034790 
419 19.318012 0.000000 0.538958 101.896988 0.028609 2.089323 -0.038736 
420 19.318012 0.000000 3.854535 113.076927 -0.030614 -3.853234 -0.280124 
421 19.318012 0.000000 2.749343 112.306822 -0.027542 -3.746759 -0.262686 
422 20.505152 0.000000 3.854535 109.868611 -0.026729 -6.659549 -0.211546 
423 19.318012 0.000000 4.959728 113.242854 -0.031341 -4.418296 -0.284347 
424 32.376556 0.000000 -1.671426 101.466188 -0.062402 -1.792286 -0.029860 
425 32.376556 0.000000 -6.092195 100.877623 -0.004231 0.551392 -0.017660 
426 37.125118 0.000000 -1.671426 102.990100 -0.008949 2.670492 -0.061409 
427 32.376556 0.000000 2.749343 99.020978 0.099388 -0.881342 0.019406 
428 25.253714 0.000000 0.538958 107.441979 0.031247 0.675498 -0.154424 
429 25.253714 0.000000 -1.671426 102.011428 -0.036698 -2.719009 -0.041373 
430 27.627995 0.000000 0.538958 105.458796 0.007466 -0.452285 -0.112176 
431 25.253714 0.000000 2.749343 105.253899 -0.046810 -9.460447 -0.116789 
432 21.692293 0.000000 -0.566234 95.073053 0.001627 1.749880 0.095805 
433 21.692293 0.000000 -1.671426 94.773196 0.000988 1.668066 0.101526 
434 22.879433 0.000000 -0.566234 97.966627 -0.031614 -0.251480 0.040248 
435 21.692293 0.000000 0.538958 121.811708 -0.012257 2.568196 -0.484469 
436 25.253714 0.000000 -3.881811 100.596326 0.029599 -2.618190 -0.012648 
437 25.253714 0.000000 -6.092195 99.907635 0.032420 -1.476040 0.001628 
438 27.627995 0.000000 -3.881811 101.986326 0.000744 -1.564172 -0.040366 
439 21.692293 0.000000 -2.776618 95.437427 -0.009129 -1.823532 0.088837 
440 20.505152 0.000000 -2.776618 94.619468 -0.020016 -0.476708 0.104693 
441 21.692293 0.000000 -3.881811 95.967807 -0.007703 -1.116382 0.078893 
442 22.879433 0.000000 -2.776618 96.340287 0.044916 -1.184211 0.071714 
443 21.098722 0.000000 -1.118830 97.430017 0.007385 2.195419 0.050257 
444 20.505152 0.000000 -1.118830 99.649670 0.005850 2.616637 0.006310 
445 21.098722 0.000000 -1.671426 96.784415 0.009217 2.175081 0.062805 
446 21.692293 0.000000 -1.118830 94.688850 0.005962 1.813558 0.103073 
447 21.098722 0.000000 -0.566234 97.931544 0.006715 2.226519 0.040446 
448 19.318012 0.000000 -2.776618 95.565626 -0.013619 0.923267 0.086636 
449 18.130872 0.000000 -2.776618 96.780979 -0.076717 1.743237 0.063040 
450 19.318012 0.000000 -3.881811 96.871662 -0.101752 0.948738 0.061497 
451 21.098722 0.000000 -2.224022 94.809614 -0.004549 -2.726575 0.100370 
452 20.505152 0.000000 -2.224022 99.808980 0.001579 2.434603 0.003224 
453 21.098722 0.000000 -2.776618 94.748200 -0.005056 -1.481651 0.102058 
454 21.692293 0.000000 -2.224022 95.197712 0.013625 -2.934256 0.092879 
455 24.066573 0.000000 -0.566234 101.586746 -0.037758 -1.623647 -0.032250 
456 24.066573 0.000000 -1.671426 99.180364 -0.036931 -2.317631 0.015788 
457 25.253714 0.000000 -0.566234 102.677229 -0.028504 -2.325298 -0.054802 
458 24.066573 0.000000 0.538958 111.681199 0.008728 1.208314 -0.247415 
459 22.285863 0.000000 -1.118830 91.569782 -0.013719 0.662200 0.161454 
460 22.285863 0.000000 -1.671426 94.343861 -0.013396 0.833659 0.109854 
461 22.879433 0.000000 -1.118830 95.182289 -0.034011 -0.888659 0.093954 
462 22.285863 0.000000 -0.566234 95.902856 -0.014054 0.777859 0.080204 
463 21.395508 0.000000 -1.395128 95.582004 0.005074 1.895528 0.086049 
464 21.098722 0.000000 -1.395128 97.574033 0.007171 2.204599 0.047445 
465 21.395508 0.000000 -1.671426 94.769980 0.008857 1.992404 0.101468 
466 21.692293 0.000000 -1.395128 94.747166 0.004413 1.771842 0.101984 
467 21.395508 0.000000 -1.118830 95.199710 0.007113 1.896471 0.093342 
468 19.911582 0.000000 -1.118830 101.705991 0.014522 2.761598 -0.035174 
469 19.318012 0.000000 -1.118830 102.865728 0.024249 2.670598 -0.058849 
470 19.911582 0.000000 -1.671426 101.647117 0.012710 2.471024 -0.033824 
471 19.911582 0.000000 -0.566234 101.652702 0.014716 2.831368 -0.034129 
472 20.801937 0.000000 -1.395128 99.215504 0.006638 2.356300 0.015073 
473 20.505152 0.000000 -1.395128 99.877947 0.007928 2.390353 0.001868 
474 20.801937 0.000000 -1.671426 98.215488 0.005603 2.297874 0.034844 
475 20.801937 0.000000 -1.118830 100.022010 0.006530 2.410159 -0.001021 
476 21.692293 0.000000 1.644151 123.533408 -0.006963 4.066329 -0.527704 
477 20.505152 0.000000 1.644151 111.650025 0.012575 2.980497 -0.247461 
478 22.879433 0.000000 1.644151 121.593782 -0.012927 2.378568 -0.479071 
479 21.692293 0.000000 2.749343 99.834845 0.006645 -8.115427 -0.003286 
480 21.098722 0.000000 -0.013638 105.106342 0.013582 1.975350 -0.105125 
481 20.505152 0.000000 -0.013638 109.983676 0.018696 1.709426 -0.209933 
482 21.692293 0.000000 -0.013638 105.692730 -0.003371 2.070675 -0.117524 
483 21.098722 0.000000 0.538958 111.127057 0.016762 1.831722 -0.235258 
484 21.395508 0.000000 -0.842532 95.620328 0.004270 1.889609 0.085318 
485 21.098722 0.000000 -0.842532 97.545742 0.007190 2.202337 0.047998 
486 21.692293 0.000000 -0.842532 94.306985 -0.001136 1.418599 0.110418 
487 21.395508 0.000000 -0.566234 96.019916 0.002818 1.894766 0.077659 
488 21.247115 0.000000 -1.256979 96.933136 0.008321 2.152655 0.059933 
489 21.098722 0.000000 -1.256979 97.474421 0.007321 2.198299 0.049390 
490 21.247115 0.000000 -1.395128 97.139547 0.007931 2.167479 0.055921 
491 21.395508 0.000000 -1.256979 95.307157 0.006582 1.896526 0.091295 
492 21.247115 0.000000 -1.118830 96.871096 0.008392 2.148253 0.061138 
493 20.801937 0.000000 -0.842532 100.620888 0.007271 2.748207 -0.013212 
494 20.505152 0.000000 -0.842532 101.009549 0.008418 2.756137 -0.021053 
495 20.801937 0.000000 -0.566234 100.963685 0.007710 2.816511 -0.020160 
496 20.950330 0.000000 -1.256979 99.493192 0.006745 2.373158 0.009547 
497 20.801937 0.000000 -1.256979 100.068660 0.006508 2.413412 -0.001956 
498 20.950330 0.000000 -1.395128 97.195172 0.008180 2.210326 0.054821 
499 20.950330 0.000000 -1.118830 97.916352 0.006506 2.238417 0.040738 
500 21.247115 0.000000 -0.980681 95.936761 0.004803 1.939046 0.079238 
501 21.098722 0.000000 -0.980681 97.453632 0.007336 2.196772 0.049796 
502 21.395508 0.000000 -0.980681 95.415574 0.005550 1.892241 0.089229 
503 21.247115 0.000000 -0.842532 96.047606 0.004243 1.938848 0.077110 
504 21.172919 0.000000 -1.187905 97.180158 0.007842 2.173822 0.055129 
505 21.098722 0.000000 -1.187905 97.444129 0.007367 2.196355 0.049982 
506 21.172919 0.000000 -1.256979 97.219056 0.007783 2.176476 0.054372 
507 21.247115 0.000000 -1.187905 96.877562 0.008414 2.148671 0.061012 
508 21.172919 0.000000 -1.118830 97.170013 0.007841 2.173187 0.055327 
509 32.376556 0.000000 7.170112 100.648919 -0.067982 0.512216 -0.013047 
510 37.125118 0.000000 7.170112 100.763345 0.140496 0.392429 -0.015343 
511 32.376556 0.000000 11.590882 100.702732 -0.335187 0.920723 -0.014200 
512 25.253714 0.000000 4.959728 101.138370 -0.097491 -0.897944 -0.022979 
513 27.627995 0.000000 4.959728 100.862369 -0.043970 -0.633874 -0.017362 
514 25.253714 0.000000 7.170112 100.970178 0.030916 0.587989 -0.019532 
515 21.692293 0.000000 3.854535 101.163114 0.003607 -8.073748 -0.029916 
516 22.879433 0.000000 3.854535 100.132221 0.001544 -10.310735 -0.013277 
517 21.692293 0.000000 4.959728 102.813078 0.001002 1.654559 -0.057327 
518 24.066573 0.000000 -2.776618 97.962780 0.066258 -1.351484 0.040146 
519 24.066573 0.000000 -3.881811 98.301798 0.052636 -2.178580 0.033201 
520 25.253714 0.000000 -2.776618 101.560413 -0.045319 -1.998351 -0.031851 
521 22.285863 0.000000 -2.224022 97.461182 0.031795 -1.294350 0.049964 
522 22.285863 0.000000 -2.776618 96.304124 0.029814 -1.472963 0.072335 
523 22.879433 0.000000 -2.224022 96.401055 0.039913 -0.281796 0.070676 
524 21.989078 0.000000 -1.395128 92.139521 -0.006475 1.155855 0.150897 
525 21.989078 0.000000 -1.671426 94.696245 -0.000551 1.620358 0.103000 
526 22.285863 0.000000 -1.395128 93.031527 -0.016830 0.503069 0.134488 
527 21.989078 0.000000 -1.118830 91.005219 -0.006903 1.157064 0.171671 
528 24.066573 0.000000 3.854535 101.615865 -0.041087 -4.575945 -0.034672 
529 24.066573 0.000000 2.749343 103.722207 -0.042458 -9.902623 -0.085636 
530 25.253714 0.000000 3.854535 100.781787 -0.076845 -2.139832 -0.016155 
531 24.066573 0.000000 4.959728 101.613378 0.038727 -0.955691 -0.032619 
532 22.285863 0.000000 3.301939 96.915770 0.018984 -9.191275 0.052285 
533 21.692293 0.000000 3.301939 100.831524 0.004427 -8.068043 -0.023209 
534 22.285863 0.000000 2.749343 97.742848 0.014405 -9.116584 0.036322 
535 22.879433 0.000000 3.301939 100.066856 -0.001516 -10.124251 -0.011588 
536 22.285863 0.000000 3.854535 97.758917 0.014173 -9.034045 0.036158 
537 21.098722 0.000000 3.301939 104.764108 -0.009575 -7.636958 -0.103384 
538 20.505152 0.000000 3.301939 109.414665 -0.024809 -6.375362 -0.201221 
539 21.098722 0.000000 2.749343 104.380216 -0.009478 -7.564136 -0.095245 
540 21.098722 0.000000 3.854535 106.639289 -0.015183 -7.595847 -0.142964 
541 -48.348991 0.000000 214.946266 99.986714 -0.000023 1.745697 -0.000039 
542 -124.325976 0.000000 214.946266 99.985275 -0.000039 1.745662 -0.000010 
543 27.627995 0.000000 214.946266 99.989178 -0.000246 1.743633 -0.000088 
544 -48.348991 0.000000 285.678573 99.986240 -0.000183 1.745272 -0.000029 
545 -10.360498 0.000000 108.847804 99.992197 0.002037 1.749498 -0.000150 
546 -48.348991 0.000000 108.847804 99.985462 0.000895 1.748067 -0.000015 
547 27.627995 0.000000 108.847804 100.004778 0.002518 1.740867 -0.000399 
548 -10.360498 0.000000 144.213958 99.990742 0.000747 1.746602 -0.000120 
549 8.633748 0.000000 55.798574 100.005232 0.005067 1.766426 -0.000417 
550 -10.360498 0.000000 55.798574 99.966645 0.032735 1.761553 0.000357 
551 27.627995 0.000000 55.798574 100.042391 -0.034701 1.734797 -0.001149 
552 8.633748 0.000000 73.481651 99.996937 0.002155 1.754022 -0.000246 
553 18.130872 0.000000 29.273958 100.134901 0.329981 1.735057 -0.003012 
554 8.633748 0.000000 29.273958 100.070007 0.295526 1.840826 -0.001748 
555 27.627995 0.000000 29.273958 100.320115 0.215684 1.676434 -0.006698 
556 18.130872 0.000000 38.115497 100.141281 0.006642 1.778175 -0.003144 
557 22.879433 0.000000 16.011651 100.607159 -0.036822 1.651115 -0.012453 
558 18.130872 0.000000 16.011651 100.547890 -0.066880 1.869868 -0.011338 
559 27.627995 0.000000 16.011651 100.558755 -0.158742 1.434299 -0.011415 
560 22.879433 0.000000 20.432420 100.727863 -0.108208 1.735489 -0.014913 
561 20.505152 0.000000 9.380497 100.531836 -0.005406 1.710331 -0.010958 
562 18.130872 0.000000 9.380497 100.590685 0.108379 1.907137 -0.012213 
563 22.879433 0.000000 9.380497 100.844868 0.005884 1.476448 -0.017187 
564 20.505152 0.000000 11.590882 100.152107 0.075725 1.882422 -0.003399 
565 21.692293 0.000000 6.064920 101.889968 -0.014957 1.405761 -0.038354 
566 20.505152 0.000000 6.064920 101.161124 0.018658 1.637026 -0.023625 
567 22.879433 0.000000 6.064920 102.031540 0.013356 0.562209 -0.041075 
568 21.692293 0.000000 7.170112 101.420325 0.033458 1.436011 -0.028815 
569 22.285863 0.000000 4.407132 105.882045 0.013526 -0.270148 -0.121108 
570 21.692293 0.000000 4.407132 102.793605 0.014796 2.553431 -0.057305 
571 22.879433 0.000000 4.407132 103.510943 0.036491 -1.959242 -0.071836 
572 22.285863 0.000000 4.959728 103.773101 0.029071 0.468705 -0.076908 
573 21.989078 0.000000 3.578237 97.696289 0.010922 -8.123113 0.038945 
574 21.692293 0.000000 3.578237 102.000033 0.001052 -8.008620 -0.046814 
575 21.989078 0.000000 3.301939 97.973003 0.010800 -8.233093 0.033351 
576 22.285863 0.000000 3.578237 97.218441 0.017316 -8.989238 0.046777 
577 21.989078 0.000000 3.854535 98.841849 0.011072 -8.271199 0.016188 
578 23.473003 0.000000 -1.118830 98.427527 -0.054542 -1.630473 0.030936 
579 23.473003 0.000000 -1.671426 97.162432 -0.062315 -2.194129 0.055464 
580 24.066573 0.000000 -1.118830 98.393530 -0.046111 -2.332690 0.031327 
581 23.473003 0.000000 -0.566234 100.084200 -0.042725 -1.142858 -0.001815 
582 24.066573 0.000000 1.644151 114.350230 0.005457 1.634621 -0.307865 
583 25.253714 0.000000 1.644151 107.661943 0.030937 0.680325 -0.159156 
584 23.473003 0.000000 3.301939 102.277470 -0.031414 -9.989985 -0.056048 
585 23.473003 0.000000 2.749343 102.169332 -0.028785 -10.020089 -0.053898 
586 24.066573 0.000000 3.301939 103.630799 -0.042888 -9.894760 -0.083725 
587 23.473003 0.000000 3.854535 102.431198 -0.034444 -9.951846 -0.059119 
588 30.002275 0.000000 0.538958 102.395829 -0.003201 -0.453391 -0.048511 
589 30.002275 0.000000 -1.671426 105.435657 -0.064395 -3.263285 -0.112733 
590 32.376556 0.000000 0.538958 128.328236 0.009577 0.377761 -0.646828 
591 30.002275 0.000000 2.749343 104.767580 -0.062769 -10.513047 -0.108677 
592 26.440854 0.000000 -0.566234 105.413872 -0.044479 -2.558684 -0.111863 
593 26.440854 0.000000 -1.671426 104.047505 -0.052641 -3.035697 -0.083510 
594 27.627995 0.000000 -0.566234 105.828045 -0.060367 -2.791260 -0.120737 
595 26.440854 0.000000 0.538958 107.457198 0.013618 -0.229249 -0.154710 
596 103.604980 0.000000 -209.447580 99.982445 0.001694 1.742026 0.000048 
597 103.604980 0.000000 -280.179887 99.983373 0.001133 1.743529 0.000029 
598 179.581965 0.000000 -209.447580 99.983483 0.001896 1.741098 0.000027 
599 65.616487 0.000000 -103.349118 99.975136 0.004911 1.735950 0.000196 
600 65.616487 0.000000 -138.715272 99.979481 0.002972 1.739987 0.000108 
601 103.604980 0.000000 -103.349118 99.977646 0.004335 1.729987 0.000148 
602 46.622241 0.000000 -50.299888 99.990914 -0.026112 1.739591 -0.000121 
603 46.622241 0.000000 -67.982965 99.978938 -0.002643 1.735070 0.000120 
604 65.616487 0.000000 -50.299888 99.950705 -0.007842 1.709026 0.000694 
605 37.125118 0.000000 -23.775272 100.043990 -0.244249 1.656018 -0.001160 
606 37.125118 0.000000 -32.616811 100.088586 0.279450 1.694813 -0.002068 
607 46.622241 0.000000 -23.775272 99.884121 -0.178874 1.681646 0.002030 
608 32.376556 0.000000 -10.512965 100.728864 0.228945 1.151279 -0.014768 
609 32.376556 0.000000 -14.933734 99.813486 0.330649 1.220450 0.003567 
610 37.125118 0.000000 -10.512965 100.225532 0.254035 1.385668 -0.004714 
611 30.002275 0.000000 -3.881811 102.658828 -0.062812 -0.750896 -0.053940 
612 30.002275 0.000000 -6.092195 101.074614 -0.056557 0.097440 -0.021609 
613 32.376556 0.000000 -3.881811 100.543327 -0.024969 -0.286506 -0.010904 
614 26.440854 0.000000 -2.776618 99.836129 -0.049205 -2.421780 0.002688 
615 26.440854 0.000000 -3.881811 100.870760 0.036921 -2.838701 -0.018297 
616 27.627995 0.000000 -2.776618 101.094653 -0.007444 -1.494810 -0.022236 
617 25.847284 0.000000 -1.118830 102.828861 -0.050301 -2.944759 -0.058245 
618 25.253714 0.000000 -1.118830 102.333692 -0.036406 -2.710139 -0.047953 
619 25.847284 0.000000 -1.671426 102.808628 -0.045109 -2.837634 -0.057767 
620 26.440854 0.000000 -1.118830 105.188569 -0.054466 -3.030765 -0.107382 
621 25.847284 0.000000 -0.566234 104.236363 -0.034340 -2.233190 -0.087021 
622 30.002275 0.000000 4.959728 100.428977 -0.115817 -0.294460 -0.008608 
623 32.376556 0.000000 4.959728 100.542559 -0.033569 0.263414 -0.010888 
624 30.002275 0.000000 7.170112 100.511172 -0.096184 0.575640 -0.010284 
625 26.440854 0.000000 3.854535 101.191334 -0.078490 -2.619064 -0.024655 
626 26.440854 0.000000 2.749343 106.539536 -0.072326 -10.348763 -0.145777 
627 27.627995 0.000000 3.854535 100.387961 -0.045895 -1.971162 -0.008163 
628 26.440854 0.000000 4.959728 100.946522 0.034960 -0.741803 -0.019075 
629 26.440854 0.000000 1.644151 107.580130 0.017090 -0.375925 -0.157363 
630 27.627995 0.000000 1.644151 104.805200 -0.046207 -6.803305 -0.103042 
631 25.847284 0.000000 3.301939 105.941776 -0.060941 -10.129580 -0.132627 
632 25.253714 0.000000 3.301939 105.429412 -0.051182 -10.026538 -0.121589 
633 25.847284 0.000000 2.749343 105.976259 -0.061323 -9.767410 -0.132637 
634 26.440854 0.000000 3.301939 106.445082 -0.070585 -10.294656 -0.143654 
635 25.847284 0.000000 3.854535 100.047291 -0.047451 -2.682945 -0.001666 
636 28.815135 0.000000 -0.566234 104.874334 -0.052524 -2.743902 -0.100616 
637 28.815135 0.000000 -1.671426 106.184343 -0.068638 -3.488113 -0.128729 
638 30.002275 0.000000 -0.566234 104.140782 -0.042285 -2.366891 -0.085091 
639 28.815135 0.000000 0.538958 102.229171 -0.002841 -1.000545 -0.045180 
640 28.815135 0.000000 1.644151 104.458450 -0.042451 -7.180702 -0.096313 
641 30.002275 0.000000 1.644151 103.296887 -0.043872 -8.083240 -0.073559 
642 28.815135 0.000000 2.749343 105.901244 -0.060530 -9.959624 -0.131427 
643 28.815135 0.000000 -2.776618 106.315312 -0.074325 -1.334515 -0.130473 
644 28.815135 0.000000 -3.881811 103.805581 -0.092288 -0.885066 -0.077639 
645 30.002275 0.000000 -2.776618 104.479908 -0.082033 -1.242901 -0.091760 
646 255.558951 0.000000 -67.982965 99.984765 0.005938 1.708843 0.000013 
647 255.558951 0.000000 -138.715272 99.984238 0.003061 1.735609 0.000014 
648 331.535936 0.000000 -67.982965 99.985107 0.005832 1.710182 0.000005 
649 255.558951 0.000000 2.749343 100.034572 0.001441 -1.127550 -0.000819 
650 141.593473 0.000000 -32.616811 99.982529 0.010375 1.607509 0.000091 
651 141.593473 0.000000 -67.982965 99.980945 0.006292 1.706892 0.000090 
652 179.581965 0.000000 -32.616811 99.985168 0.009993 1.612133 0.000037 
653 141.593473 0.000000 2.749343 100.027575 -0.022704 -0.921282 -0.000636 
654 84.610734 0.000000 -14.933734 99.952996 -0.024828 1.365736 0.000753 
655 84.610734 0.000000 -32.616811 99.950040 0.013047 1.607953 0.000740 
656 103.604980 0.000000 -14.933734 99.976705 0.008529 1.356856 0.000282 
657 84.610734 0.000000 2.749343 99.970209 -0.066056 -0.147764 0.000593 
658 56.119364 0.000000 -6.092195 98.511756 0.031228 1.222130 0.029394 
659 56.119364 0.000000 -14.933734 99.530640 0.001497 1.600627 0.009109 
660 65.616487 0.000000 -6.092195 99.739027 -0.031609 0.926761 0.005127 
661 56.119364 0.000000 2.749343 98.777673 -0.035006 -0.397181 0.024281 
662 41.873679 0.000000 -1.671426 107.762183 0.020385 2.953463 -0.162141 
663 41.873679 0.000000 -6.092195 100.613880 0.077412 2.279542 -0.012836 
664 46.622241 0.000000 -1.671426 105.700207 -0.001103 3.119900 -0.118227 
665 41.873679 0.000000 2.749343 100.623753 0.016086 -3.132235 -0.013495 
666 34.750837 0.000000 0.538958 157.568562 0.057010 0.707500 -1.482836 
667 34.750837 0.000000 -1.671426 103.442215 -0.071231 2.018324 -0.070437 
668 37.125118 0.000000 0.538958 112.541116 0.052081 -2.808502 -0.267339 
669 34.750837 0.000000 2.749343 101.508365 -0.161054 -1.210853 -0.030544 
670 31.189416 0.000000 -0.566234 102.990144 -0.053990 -2.202883 -0.061183 
671 31.189416 0.000000 -1.671426 102.255941 -0.060680 -2.591666 -0.046300 
672 32.376556 0.000000 -0.566234 101.956230 -0.050864 -1.396049 -0.039702 
673 31.189416 0.000000 0.538958 103.041965 -0.005161 0.111601 -0.061766 
674 29.408705 0.000000 -1.118830 103.610907 -0.063801 -3.210029 -0.074553 
675 28.815135 0.000000 -1.118830 106.004443 -0.068869 -3.312419 -0.124792 
676 29.408705 0.000000 -1.671426 104.881228 -0.064029 -3.340143 -0.101123 
677 30.002275 0.000000 -1.118830 105.292846 -0.055074 -2.933230 -0.109519 
678 29.408705 0.000000 -0.566234 103.537100 -0.046257 -2.490873 -0.072614 
679 31.189416 0.000000 1.644151 102.677154 -0.021676 -8.333404 -0.061204 
680 32.376556 0.000000 1.644151 100.346212 0.006365 -7.328602 -0.012307 
681 31.189416 0.000000 2.749343 102.930238 -0.027205 -9.996956 -0.069457 
682 28.815135 0.000000 3.854535 100.480853 -0.071017 -1.535041 -0.009876 
683 30.002275 0.000000 3.854535 100.133990 -0.048454 -1.203154 -0.002827 
684 28.815135 0.000000 4.959728 100.597500 -0.134749 -0.494616 -0.012012 
685 29.408705 0.000000 2.196747 104.934352 -0.054660 -9.330045 -0.109827 
686 28.815135 0.000000 2.196747 105.609823 -0.058704 -9.141588 -0.123701 
687 29.408705 0.000000 1.644151 104.030585 -0.046312 -8.054076 -0.088723 
688 30.002275 0.000000 2.196747 104.068102 -0.056857 -9.907500 -0.092833 
689 29.408705 0.000000 2.749343 105.322184 -0.061830 -10.603813 -0.120521 
690 34.750837 0.000000 -3.881811 103.077919 -0.150302 1.602517 -0.062765 
691 34.750837 0.000000 -6.092195 101.071513 0.015274 1.238282 -0.021698 
692 37.125118 0.000000 -3.881811 100.134533 0.007808 1.843052 -0.003032 
693 31.189416 0.000000 -2.776618 100.390004 -0.079223 -1.520060 -0.008047 
694 31.189416 0.000000 -3.881811 100.854018 -0.143280 -0.900880 -0.017237 
695 32.376556 0.000000 -2.776618 99.072281 -0.019725 -1.053807 0.018357 
696 33.563697 0.000000 -0.566234 116.236644 -0.046036 0.602169 -0.351132 
697 33.563697 0.000000 -1.671426 103.243462 -0.064971 0.498336 -0.065946 
698 34.750837 0.000000 -0.566234 120.688748 -0.041477 1.963986 -0.456963 
699 33.563697 0.000000 0.538958 160.287460 0.058603 0.740135 -1.569262 
700 31.782986 0.000000 -1.118830 104.746269 -0.079102 -2.297091 -0.097706 
701 31.189416 0.000000 -1.118830 102.977253 -0.063973 -2.511204 -0.061062 
702 31.782986 0.000000 -1.671426 103.456525 -0.072944 -2.261233 -0.070837 
703 32.376556 0.000000 -1.118830 100.741395 -0.057911 -1.659822 -0.015159 
704 31.782986 0.000000 -0.566234 103.909789 -0.064272 -1.920506 -0.080094 
705 255.558951 0.000000 73.481651 99.985284 -0.005452 1.706152 0.000003 
706 331.535936 0.000000 73.481651 99.985393 -0.005620 1.704883 0.000001 
707 255.558951 0.000000 144.213958 99.985044 -0.002842 1.735071 -0.000002 
708 141.593473 0.000000 38.115497 99.984890 -0.007196 1.613149 0.000042 
709 179.581965 0.000000 38.115497 99.986136 -0.007782 1.609987 0.000018 
710 141.593473 0.000000 73.481651 99.984965 -0.004481 1.706545 0.000009 
711 84.610734 0.000000 20.432420 99.960834 -0.013398 1.366890 0.000596 
712 103.604980 0.000000 20.432420 99.975977 -0.007774 1.378885 0.000290 
713 84.610734 0.000000 38.115497 99.974889 -0.002660 1.606125 0.000244 
714 56.119364 0.000000 11.590882 99.767546 -0.099901 0.598765 0.004607 
715 65.616487 0.000000 11.590882 99.850081 0.051781 0.847821 0.002924 
716 56.119364 0.000000 20.432420 99.967321 0.123055 1.222437 0.000503 
717 41.873679 0.000000 7.170112 100.381444 0.161366 -0.405625 -0.007662 
718 46.622241 0.000000 7.170112 99.442038 0.150976 -0.177580 0.011123 
719 41.873679 0.000000 11.590882 100.398620 -0.192471 0.431097 -0.008011 
720 34.750837 0.000000 4.959728 101.163402 -0.038952 -0.015428 -0.023404 
721 37.125118 0.000000 4.959728 101.274102 0.170737 -0.365005 -0.025661 
722 34.750837 0.000000 7.170112 100.773887 0.048077 0.320810 -0.015548 
723 33.563697 0.000000 1.644151 105.060773 0.003801 -6.395772 -0.107867 
724 34.750837 0.000000 1.644151 105.557741 -0.053847 -6.969246 -0.119101 
725 33.563697 0.000000 2.749343 101.420483 -0.108141 -0.706797 -0.028663 
726 31.189416 0.000000 3.854535 99.986474 -0.060557 -0.623109 0.000231 
727 32.376556 0.000000 3.854535 100.305289 0.012077 -0.025844 -0.006115 
728 31.189416 0.000000 4.959728 100.358263 0.011395 -0.008106 -0.007178 
729 31.782986 0.000000 2.196747 101.150182 -0.005202 -8.793776 -0.030869 
730 31.189416 0.000000 2.196747 102.314622 -0.023032 -9.287882 -0.055455 
731 31.782986 0.000000 1.644151 101.671175 -0.005840 -7.855780 -0.039874 
732 32.376556 0.000000 2.196747 99.889916 0.007069 -8.101630 -0.004363 
733 31.782986 0.000000 2.749343 97.527820 0.064669 -1.156108 0.048698 
734 33.563697 0.000000 -2.776618 102.674134 -0.071063 0.795361 -0.054262 
735 33.563697 0.000000 -3.881811 101.919303 -0.125942 0.890250 -0.038835 
736 34.750837 0.000000 -2.776618 106.051110 -0.119512 1.690955 -0.124971 
737 32.970126 0.000000 -1.118830 103.910710 -0.054694 -0.699561 -0.079793 
738 32.970126 0.000000 -1.671426 103.518343 -0.056247 -0.526585 -0.071633 
739 33.563697 0.000000 -1.118830 107.649462 -0.057383 0.522555 -0.158868 
740 32.970126 0.000000 -0.566234 116.599871 -0.027666 -0.364458 -0.359566 
741 33.563697 0.000000 3.854535 101.019700 -0.120599 -0.078677 -0.020500 
742 34.750837 0.000000 3.854535 101.327203 -0.200535 -0.383999 -0.026739 
743 33.563697 0.000000 4.959728 100.912479 -0.074192 0.194825 -0.018337 
744 32.970126 0.000000 2.196747 98.839067 0.010019 -7.362863 0.017663 
745 32.970126 0.000000 1.644151 104.690238 0.012111 -6.451746 -0.100167 
746 33.563697 0.000000 2.196747 99.351519 0.002698 -6.735366 0.008391 
747 32.970126 0.000000 2.749343 100.610052 -0.013518 -0.412696 -0.012255 
748 39.499399 0.000000 0.538958 97.194695 0.080135 -7.460728 0.049752 
749 39.499399 0.000000 -1.671426 104.909663 -0.017553 1.220872 -0.100753 
750 41.873679 0.000000 0.538958 103.806875 0.052512 -15.385917 -0.101260 
751 39.499399 0.000000 2.749343 101.652444 0.009575 -2.828640 -0.034122 
752 35.937977 0.000000 -0.566234 102.601738 -0.085323 2.807739 -0.053501 
753 35.937977 0.000000 -1.671426 102.590332 -0.085739 2.806098 -0.053266 
754 37.125118 0.000000 -0.566234 101.108788 -0.010286 2.762561 -0.023062 
755 35.937977 0.000000 0.538958 93.494344 0.007249 0.075048 0.125880 
756 34.157267 0.000000 -1.118830 107.180634 -0.069351 1.444321 -0.148978 
757 34.157267 0.000000 -1.671426 103.539091 -0.073819 1.285301 -0.072200 
758 34.750837 0.000000 -1.118830 106.030958 -0.067991 2.130911 -0.124711 
759 34.157267 0.000000 -0.566234 115.153875 -0.045988 1.164578 -0.326177 
760 41.873679 0.000000 -10.512965 100.267914 0.349759 1.814975 -0.005707 
761 41.873679 0.000000 -14.933734 99.841747 0.335873 1.612487 0.002891 
762 46.622241 0.000000 -10.512965 99.720401 0.188725 1.574678 0.005333 
763 39.499399 0.000000 -3.881811 101.639515 -0.031364 2.986797 -0.033951 
764 39.499399 0.000000 -6.092195 100.439644 -0.099145 1.904434 -0.009176 
765 41.873679 0.000000 -3.881811 102.068519 -0.021830 2.928050 -0.042656 
766 35.937977 0.000000 -2.776618 103.847517 -0.027209 1.576834 -0.078679 
767 35.937977 0.000000 -3.881811 102.078014 -0.049730 1.604796 -0.042250 
768 37.125118 0.000000 -2.776618 113.459433 0.001681 2.176315 -0.287778 
769 34.157267 0.000000 -2.224022 101.659941 -0.095221 0.937129 -0.033563 
770 33.563697 0.000000 -2.224022 103.492406 -0.088351 0.289325 -0.071077 
771 34.157267 0.000000 -2.776618 101.412683 -0.095779 0.615707 -0.028492 
772 34.750837 0.000000 -2.224022 107.036701 -0.137960 1.496083 -0.145911 
773 33.860482 0.000000 -1.395128 102.720067 -0.066564 0.899437 -0.055223 
774 33.563697 0.000000 -1.395128 103.117056 -0.063841 0.507277 -0.063339 
775 33.860482 0.000000 -1.671426 103.680794 -0.069490 0.877455 -0.075048 
776 34.157267 0.000000 -1.395128 103.253984 -0.072843 1.430701 -0.066344 
777 33.860482 0.000000 -1.118830 104.226492 -0.061083 0.976473 -0.086412 
778 35.937977 0.000000 1.644151 102.357708 -0.112015 -7.644663 -0.053555 
779 37.125118 0.000000 1.644151 102.108265 -0.018218 -7.788402 -0.048676 
780 35.937977 0.000000 2.749343 101.523522 -0.225970 -1.449327 -0.030918 
781 34.157267 0.000000 2.196747 101.291427 -0.014872 -6.951721 -0.030828 
782 34.157267 0.000000 1.644151 106.006101 -0.008862 -6.576675 -0.128055 
783 34.750837 0.000000 2.196747 102.204450 -0.055584 -7.229293 -0.049802 
784 34.157267 0.000000 2.749343 101.473990 -0.129068 -1.012110 -0.029801 
785 34.157267 0.000000 1.091555 116.452344 -0.001564 -5.019994 -0.358635 
786 33.563697 0.000000 1.091555 117.563144 0.016906 -5.431057 -0.385059 
787 34.157267 0.000000 0.538958 159.223985 0.057980 0.727370 -1.535281 
788 34.750837 0.000000 1.091555 116.616372 -0.034398 -6.050127 -0.363598 
789 33.860482 0.000000 1.920449 104.265380 -0.002917 -6.592172 -0.091473 
790 33.563697 0.000000 1.920449 104.226097 0.003446 -6.430988 -0.090444 
791 33.860482 0.000000 1.644151 105.488827 -0.002898 -6.506264 -0.117022 
792 34.157267 0.000000 1.920449 105.806860 -0.008581 -6.590127 -0.123852 
793 33.860482 0.000000 2.196747 100.697210 -0.004022 -6.824868 -0.018651 
794 35.344407 0.000000 -1.118830 101.986840 -0.074322 2.467921 -0.040741 
795 35.344407 0.000000 -1.671426 104.330986 -0.071946 2.476539 -0.089109 
796 35.937977 0.000000 -1.118830 103.014968 -0.095041 2.864945 -0.062030 
797 35.344407 0.000000 -0.566234 102.586596 -0.085028 2.561670 -0.053058 
798 39.499399 0.000000 4.959728 101.077530 0.289985 -0.990854 -0.021773 
799 41.873679 0.000000 4.959728 100.493704 0.220216 -1.526211 -0.010136 
800 39.499399 0.000000 7.170112 100.667666 0.013399 -0.046506 -0.013398 
801 35.937977 0.000000 3.854535 101.421090 -0.202060 -0.512199 -0.028654 
802 37.125118 0.000000 3.854535 101.483791 -0.053796 -0.679765 -0.029942 
803 35.937977 0.000000 4.959728 101.262702 -0.038466 -0.126449 -0.025415 
804 35.344407 0.000000 2.196747 102.375583 -0.085418 -7.433098 -0.053602 
805 35.344407 0.000000 1.644151 102.390814 -0.094544 -7.497371 -0.054010 
806 35.937977 0.000000 2.196747 102.351773 -0.119287 -7.643380 -0.053432 
807 35.344407 0.000000 2.749343 101.530590 -0.245383 -1.353636 -0.031035 
808 35.344407 0.000000 -2.224022 114.178344 -0.001386 2.020512 -0.304078 
809 35.344407 0.000000 -2.776618 98.845348 -0.093550 1.902329 0.022597 
810 35.937977 0.000000 -2.224022 104.431861 -0.010904 1.718309 -0.090897 
811 38.312258 0.000000 -0.566234 101.202742 -0.039287 2.185958 -0.024677 
812 38.312258 0.000000 -1.671426 103.152941 -0.036963 2.158377 -0.064519 
813 39.499399 0.000000 -0.566234 103.532473 -0.020342 0.689023 -0.071945 
814 38.312258 0.000000 0.538958 -80.654676 -0.000039 0.871348 0.349406 
815 36.531548 0.000000 -1.118830 101.489474 0.015892 2.887547 -0.030845 
816 36.531548 0.000000 -1.671426 102.152145 -0.048944 2.894334 -0.044344 
817 37.125118 0.000000 -1.118830 100.651622 -0.016887 2.800994 -0.013859 
818 36.531548 0.000000 -0.566234 101.680054 -0.017668 2.899402 -0.034724 
819 35.641192 0.000000 -1.395128 102.196047 -0.095032 2.688899 -0.045127 
820 35.344407 0.000000 -1.395128 102.277682 -0.080187 2.469955 -0.046683 
821 35.641192 0.000000 -1.671426 102.556416 -0.089058 2.592626 -0.052455 
822 35.937977 0.000000 -1.395128 102.990078 -0.101974 2.842951 -0.061505 
823 35.641192 0.000000 -1.118830 100.907918 -0.127607 2.718240 -0.018981 
824 35.344407 0.000000 1.091555 102.369496 -0.096188 -7.499785 -0.053577 
825 35.344407 0.000000 0.538958 143.470442 0.041963 0.614177 -1.058415 
826 35.937977 0.000000 1.091555 101.426350 -0.094226 -6.822473 -0.033386 
827 38.312258 0.000000 1.644151 101.776620 0.026720 -7.831963 -0.041982 
828 39.499399 0.000000 1.644151 98.089238 0.077743 -7.586337 0.032094 
829 38.312258 0.000000 2.749343 101.961939 0.030708 -1.741371 -0.039927 
830 36.531548 0.000000 2.196747 100.955142 -0.211131 -2.404738 -0.019777 
831 36.531548 0.000000 1.644151 102.294615 -0.077657 -7.736775 -0.052405 
832 37.125118 0.000000 2.196747 101.675226 -0.064010 -1.828760 -0.034120 
833 36.531548 0.000000 2.749343 101.538677 -0.202916 -1.422637 -0.031217 
834 35.641192 0.000000 1.920449 102.362520 -0.115042 -7.586981 -0.053566 
835 35.344407 0.000000 1.920449 102.386308 -0.095304 -7.499057 -0.053920 
836 35.641192 0.000000 1.644151 102.352838 -0.114853 -7.579229 -0.053356 
837 35.937977 0.000000 1.920449 102.357896 -0.111193 -7.637066 -0.053548 
838 35.641192 0.000000 2.196747 102.375452 -0.109677 -7.581674 -0.053823 
839 38.312258 0.000000 -2.776618 113.028051 -0.004261 2.484061 -0.278151 
840 38.312258 0.000000 -3.881811 99.796858 0.015146 2.303818 0.003528 
841 39.499399 0.000000 -2.776618 111.883763 -0.000647 3.330113 -0.252907 
842 37.718688 0.000000 -1.118830 102.370312 -0.026616 2.570156 -0.048629 
843 37.718688 0.000000 -1.671426 101.628576 -0.028173 2.551416 -0.033488 
844 38.312258 0.000000 -1.118830 100.181334 -0.047801 2.037284 -0.004045 
845 37.718688 0.000000 -0.566234 101.638041 -0.028337 2.548344 -0.033679 
846 36.531548 0.000000 -0.013638 93.494344 0.007249 0.075048 0.125880 
847 35.937977 0.000000 -0.013638 93.494344 0.007249 0.075048 0.125880 
848 37.125118 0.000000 -0.013638 112.541116 0.052081 -2.808502 -0.267339 
849 36.531548 0.000000 0.538958 93.494344 0.007249 0.075048 0.125880 
850 36.828333 0.000000 -0.842532 100.551050 -0.007941 2.853257 -0.011865 
851 36.531548 0.000000 -0.842532 101.665126 -0.021026 2.877508 -0.034408 
852 36.828333 0.000000 -1.118830 100.564451 -0.009293 2.827444 -0.012120 
853 37.125118 0.000000 -0.842532 100.760488 -0.012693 2.779456 -0.016040 
854 36.828333 0.000000 -0.566234 101.229018 -0.015279 2.862864 -0.025551 
855 36.234763 0.000000 -0.842532 102.990049 -0.054277 2.923663 -0.061550 
856 35.937977 0.000000 -0.842532 103.014918 -0.101700 2.844685 -0.062018 
857 36.234763 0.000000 -1.118830 103.238954 -0.065311 2.905650 -0.066673 
858 36.234763 0.000000 -0.566234 102.335305 -0.055395 2.896491 -0.048091 
859 36.531548 0.000000 -2.224022 101.321067 0.061961 2.038495 -0.027012 
860 36.531548 0.000000 -2.776618 101.276878 0.045745 2.534410 -0.026343 
861 37.125118 0.000000 -2.224022 113.229131 -0.002575 2.168381 -0.282554 
862 36.828333 0.000000 -1.395128 100.612587 -0.007885 2.854718 -0.013104 
863 36.531548 0.000000 -1.395128 101.688813 -0.022559 2.877784 -0.034890 
864 36.828333 0.000000 -1.671426 103.116348 -0.013441 2.755362 -0.064057 
865 37.125118 0.000000 -1.395128 101.140641 -0.016009 2.800775 -0.023727 
866 36.679940 0.000000 -0.980681 101.033775 -0.014688 2.864435 -0.021603 
867 36.531548 0.000000 -0.980681 101.580023 -0.010019 2.879308 -0.032679 
868 36.679940 0.000000 -1.118830 101.033597 -0.010533 2.865878 -0.021600 
869 36.828333 0.000000 -0.980681 100.658932 -0.009284 2.827337 -0.014021 
870 36.679940 0.000000 -0.842532 100.779785 -0.005505 2.861217 -0.016475 
871 36.531548 0.000000 1.091555 102.283409 -0.075170 -7.744984 -0.052189 
872 37.125118 0.000000 1.091555 102.123180 -0.017103 -7.787189 -0.048978 
873 37.718688 0.000000 1.091555 102.095073 0.011099 -7.817156 -0.048451 
874 37.718688 0.000000 0.538958 112.541116 0.052081 -2.808502 -0.267339 
875 38.312258 0.000000 1.091555 101.411088 0.034416 -7.802866 -0.034509 
876 37.718688 0.000000 1.644151 102.083465 0.011992 -7.810802 -0.048204 
877 36.828333 0.000000 1.367853 102.208350 -0.051454 -7.767091 -0.050688 
878 36.531548 0.000000 1.367853 102.269380 -0.072920 -7.736407 -0.051888 
879 36.828333 0.000000 1.091555 102.202835 -0.051407 -7.761598 -0.050566 
880 37.125118 0.000000 1.367853 102.104193 -0.016545 -7.787584 -0.048591 
881 36.828333 0.000000 1.644151 102.209908 -0.051710 -7.767826 -0.050721 
882 36.234763 0.000000 1.367853 102.323300 -0.094450 -7.710558 -0.052952 
883 35.937977 0.000000 1.367853 102.357550 -0.110746 -7.640412 -0.053546 
884 36.234763 0.000000 1.091555 101.411640 -0.081415 -6.915428 -0.033215 
885 36.234763 0.000000 1.644151 102.330499 -0.097853 -7.707407 -0.053094 
886 38.312258 0.000000 3.854535 101.585252 -0.040619 -0.999829 -0.032056 
887 39.499399 0.000000 3.854535 101.214940 0.014435 -1.602833 -0.024703 
888 38.312258 0.000000 4.959728 101.304588 0.165202 -0.630362 -0.026304 
889 37.718688 0.000000 2.196747 102.180530 -0.033164 -2.187620 -0.044565 
890 38.312258 0.000000 2.196747 102.031790 0.024294 -2.379328 -0.041615 
891 37.718688 0.000000 2.749343 101.828318 -0.002991 -1.512737 -0.037129 
892 36.828333 0.000000 1.920449 102.215286 -0.053618 -7.764267 -0.050825 
893 36.531548 0.000000 1.920449 102.294776 -0.076276 -7.744581 -0.052421 
894 37.125118 0.000000 1.920449 102.141368 -0.031846 -7.784583 -0.049346 
895 36.828333 0.000000 2.196747 102.002599 -0.113913 -2.349248 -0.041006 
896 36.679940 0.000000 1.506002 102.237363 -0.059199 -7.760083 -0.051270 
897 36.531548 0.000000 1.506002 102.282183 -0.074251 -7.738735 -0.052154 
898 36.679940 0.000000 1.367853 102.228279 -0.057131 -7.761429 -0.051086 
899 36.828333 0.000000 1.506002 102.207036 -0.050897 -7.768751 -0.050663 
900 36.679940 0.000000 1.644151 102.240882 -0.060038 -7.759357 -0.051341 
901 37.718688 0.000000 -0.013638 112.541116 0.052081 -2.808502 -0.267339 
902 38.312258 0.000000 -0.013638 -81.077988 0.009362 0.565809 0.342604 
903 37.421903 0.000000 -0.842532 101.735132 -0.016153 2.683723 -0.035724 
904 37.421903 0.000000 -1.118830 102.199887 -0.012138 2.747168 -0.045236 
905 37.718688 0.000000 -0.842532 102.251161 -0.026392 2.572267 -0.046192 
906 37.421903 0.000000 -0.566234 101.892087 -0.018546 2.713155 -0.038936 
907 37.421903 0.000000 1.367853 102.051535 0.001402 -7.792455 -0.047524 
908 37.421903 0.000000 1.091555 102.074823 -0.001921 -7.797031 -0.048006 
909 37.718688 0.000000 1.367853 102.089492 0.012287 -7.812255 -0.048330 
910 37.421903 0.000000 1.644151 102.062072 -0.004584 -7.785943 -0.047729 
911 51.370803 0.000000 -1.671426 101.046433 -0.024393 -2.300618 -0.021568 
912 51.370803 0.000000 -6.092195 100.662326 -0.029700 3.320841 -0.014393 
913 56.119364 0.000000 -1.671426 98.059708 0.026962 -0.416889 0.038412 
914 51.370803 0.000000 2.749343 99.465610 -0.015850 -1.699289 0.010370 
915 44.247960 0.000000 0.538958 102.620327 0.027824 -32.757824 -0.160401 
916 44.247960 0.000000 -1.671426 106.686665 0.004975 3.754771 -0.139614 
917 46.622241 0.000000 0.538958 92.084607 -0.028563 -4.013347 0.150432 
918 44.247960 0.000000 2.749343 98.898980 0.033120 -3.995760 0.020302 
919 40.686539 0.000000 -0.566234 107.452850 -0.057092 0.505911 -0.154637 
920 40.686539 0.000000 -1.671426 107.844613 -0.051970 0.624243 -0.163085 
921 41.873679 0.000000 -0.566234 107.026971 0.019228 2.329052 -0.146020 
922 40.686539 0.000000 0.538958 103.263000 0.051163 -9.801132 -0.075931 
923 38.905828 0.000000 -1.118830 102.368453 -0.025882 1.447213 -0.048140 
924 38.905828 0.000000 -1.671426 102.340376 -0.023511 1.267665 -0.047516 
925 39.499399 0.000000 -1.118830 103.316425 -0.013343 0.629810 -0.067468 
926 38.905828 0.000000 -0.566234 102.352194 -0.023486 1.269087 -0.047758 
927 40.686539 0.000000 1.644151 103.214928 0.053470 -9.467138 -0.074295 
928 41.873679 0.000000 1.644151 103.473390 0.064618 -13.816210 -0.089763 
929 40.686539 0.000000 2.749343 99.618600 -0.001118 -2.873739 0.006788 
930 38.905828 0.000000 1.091555 99.530776 0.067522 -7.662848 0.003490 
931 38.905828 0.000000 0.538958 99.505946 0.070324 -7.660404 0.003988 
932 39.499399 0.000000 1.091555 98.016017 0.078399 -7.581035 0.033538 
933 38.905828 0.000000 1.644151 99.583700 0.067792 -7.667685 0.002429 
934 44.247960 0.000000 -3.881811 98.426433 0.053410 5.091699 0.028631 
935 44.247960 0.000000 -6.092195 99.435980 0.068917 2.712571 0.010512 
936 46.622241 0.000000 -3.881811 107.542438 0.012668 2.364921 -0.157097 
937 40.686539 0.000000 -2.776618 105.403079 0.041171 3.177916 -0.111991 
938 40.686539 0.000000 -3.881811 102.523930 -0.011998 2.605420 -0.051794 
939 41.873679 0.000000 -2.776618 110.487157 0.006860 3.960071 -0.222309 
940 40.092969 0.000000 -1.118830 104.618481 -0.041842 0.297643 -0.094512 
941 40.092969 0.000000 -1.671426 106.805174 -0.044130 0.969571 -0.140829 
942 40.686539 0.000000 -1.118830 106.840771 -0.044933 0.623037 -0.141534 
943 40.092969 0.000000 -0.566234 105.070299 -0.042961 0.354708 -0.103990 
944 38.905828 0.000000 -0.013638 -81.466483 0.050403 0.551004 0.336291 
945 39.499399 0.000000 -0.013638 -78.611308 -0.001354 0.497286 0.382001 
946 39.202614 0.000000 -0.842532 103.641198 -0.019365 0.992559 -0.074248 
947 38.905828 0.000000 -0.842532 102.462526 -0.025530 1.425416 -0.050060 
948 39.202614 0.000000 -1.118830 104.008847 -0.016976 1.050147 -0.081894 
949 39.499399 0.000000 -0.842532 103.383446 -0.014173 0.643542 -0.068855 
950 39.202614 0.000000 -0.566234 102.538360 -0.021251 1.197939 -0.051555 
951 40.092969 0.000000 1.091555 100.825321 0.068257 -8.303247 -0.023469 
952 40.092969 0.000000 0.538958 100.721059 0.071678 -8.097591 -0.021031 
953 40.686539 0.000000 1.091555 103.222959 0.053085 -9.522931 -0.074567 
954 40.092969 0.000000 1.644151 101.031777 0.070188 -8.145777 -0.027378 
955 38.905828 0.000000 2.196747 102.337382 -0.003307 -2.630158 -0.047986 
956 39.499399 0.000000 2.196747 102.527505 -0.008349 -3.780689 -0.052618 
957 38.905828 0.000000 2.749343 102.018907 -0.016681 -2.113643 -0.041233 
958 39.202614 0.000000 1.367853 98.776030 0.067339 -7.593923 0.018562 
959 38.905828 0.000000 1.367853 99.783704 0.069151 -7.686010 -0.001587 
960 39.202614 0.000000 1.091555 98.975594 0.069399 -7.648522 0.014533 
961 39.499399 0.000000 1.367853 97.880095 0.078885 -7.561593 0.036230 
962 39.202614 0.000000 1.644151 98.956655 0.067307 -7.611224 0.014965 
963 51.370803 0.000000 7.170112 99.853108 -0.118998 -0.051647 0.002934 
964 56.119364 0.000000 7.170112 99.411188 -0.009525 0.305882 0.011732 
965 51.370803 0.000000 11.590882 99.952220 -0.161834 0.461849 0.000931 
966 44.247960 0.000000 4.959728 99.644875 0.016131 -1.470625 0.006874 
967 46.622241 0.000000 4.959728 99.032387 0.047314 -0.627113 0.019219 
968 44.247960 0.000000 7.170112 99.795770 0.052235 -0.538502 0.004051 
969 43.060820 0.000000 1.644151 102.098048 0.092898 -8.325145 -0.049333 
970 43.060820 0.000000 0.538958 104.781407 0.051528 -22.232092 -0.147341 
971 44.247960 0.000000 1.644151 97.915652 0.094111 -7.153079 0.036135 
972 43.060820 0.000000 2.749343 100.484392 0.107686 -3.965760 -0.011285 
973 41.280109 0.000000 1.091555 103.370599 0.053896 -11.404893 -0.081556 
974 41.280109 0.000000 0.538958 103.417189 0.055345 -12.128082 -0.084221 
975 41.873679 0.000000 1.091555 103.708595 0.056702 -14.216579 -0.095759 
976 41.280109 0.000000 1.644151 103.412868 0.054632 -11.998304 -0.083818 
977 43.060820 0.000000 -0.566234 106.177651 0.028142 4.614728 -0.129499 
978 43.060820 0.000000 -1.671426 106.642666 0.016172 5.175262 -0.139944 
979 44.247960 0.000000 -0.566234 105.628130 0.039538 8.356794 -0.122714 
980 43.060820 0.000000 -2.776618 107.600867 0.010095 5.362252 -0.160670 
981 43.060820 0.000000 -3.881811 100.813457 0.071139 4.179320 -0.018082 
982 44.247960 0.000000 -2.776618 106.928484 0.005206 5.379646 -0.146264 
983 42.467250 0.000000 -1.118830 107.632865 0.025957 3.664394 -0.159826 
984 41.873679 0.000000 -1.118830 106.761972 0.022054 2.284744 -0.140334 
985 42.467250 0.000000 -1.671426 108.673491 0.023965 3.476435 -0.182201 
986 43.060820 0.000000 -1.118830 106.628615 0.030053 5.166613 -0.139636 
987 42.467250 0.000000 -0.566234 107.485169 0.026376 3.534429 -0.156555 
988 42.467250 0.000000 1.091555 104.438870 0.036157 -18.044226 -0.123307 
989 42.467250 0.000000 0.538958 104.575487 0.035376 -18.454643 -0.127661 
990 43.060820 0.000000 1.091555 104.767411 0.050935 -22.074731 -0.146351 
991 42.467250 0.000000 1.644151 104.487119 0.027818 -18.587810 -0.126307 
992 48.996522 0.000000 0.538958 99.652758 0.017457 -1.179123 0.006794 
993 48.996522 0.000000 -1.671426 105.676309 0.000274 1.809511 -0.117076 
994 51.370803 0.000000 0.538958 100.609663 0.022803 -5.280007 -0.015018 
995 48.996522 0.000000 2.749343 99.182678 0.051643 -0.424979 0.016261 
996 45.435101 0.000000 -0.566234 113.998607 -0.009884 -7.919143 -0.305840 
997 45.435101 0.000000 -1.671426 105.702715 -0.001085 3.119275 -0.118279 
998 46.622241 0.000000 -0.566234 111.970614 -0.015589 -11.409419 -0.266759 
999 45.435101 0.000000 0.538958 104.973195 -0.026659 -43.378961 -0.290111 
1000 43.654390 0.000000 -1.118830 107.677225 0.036235 6.768669 -0.164020 
1001 43.654390 0.000000 -1.671426 106.784501 -0.000214 5.057215 -0.142851 
1002 44.247960 0.000000 -1.118830 107.644131 0.036970 8.375153 -0.165740 
1003 43.654390 0.000000 -0.566234 107.897365 0.036726 6.810325 -0.168822 
1004 45.435101 0.000000 1.644151 95.677901 0.032828 -5.586849 0.081453 
1005 46.622241 0.000000 1.644151 95.553059 -0.015418 -2.625028 0.086272 
1006 45.435101 0.000000 2.749343 97.547250 0.029022 -2.990716 0.047559 
1007 44.841530 0.000000 -0.013638 102.700153 -0.008969 -35.648348 -0.181813 
1008 44.247960 0.000000 -0.013638 101.452130 0.015910 -31.002941 -0.125372 
1009 44.841530 0.000000 -0.566234 113.919746 0.019958 7.183213 -0.302931 
1010 45.435101 0.000000 -0.013638 107.208090 -0.029509 -36.701593 -0.284058 
1011 44.841530 0.000000 0.538958 100.788819 0.021759 -35.738851 -0.143565 
1012 -200.302961 0.000000 -209.447580 99.984264 0.000164 1.745272 0.000010 
1013 -276.279947 0.000000 -209.447580 99.984496 0.000095 1.745300 0.000005 
1014 -200.302961 0.000000 -280.179887 99.984321 0.000171 1.745235 0.000009 
1015 255.558951 0.000000 -209.447580 99.984184 0.001981 1.740925 0.000013 
1016 255.558951 0.000000 -280.179887 99.984232 0.001422 1.742840 0.000012 
1017 331.535936 0.000000 -209.447580 99.984503 0.002014 1.740948 0.000007 
1018 -200.302961 0.000000 214.946266 99.984928 -0.000043 1.745482 -0.000003 
1019 -276.279947 0.000000 214.946266 99.984835 -0.000037 1.745387 -0.000001 
1020 -200.302961 0.000000 285.678573 99.985025 -0.000078 1.745417 -0.000005 
1021 -86.337483 0.000000 -103.349118 99.982248 0.000703 1.744890 0.000051 
1022 -124.325976 0.000000 -103.349118 99.983333 0.000368 1.745265 0.000029 
1023 -86.337483 0.000000 -138.715272 99.982780 0.000609 1.744841 0.000040 
1024 103.604980 0.000000 214.946266 99.987505 -0.000995 1.740904 -0.000053 
1025 179.581965 0.000000 214.946266 99.985685 -0.001576 1.740523 -0.000017 
1026 103.604980 0.000000 285.678573 99.986583 -0.000783 1.743041 -0.000035 
1027 141.593473 0.000000 -103.349118 99.981254 0.004186 1.728248 0.000076 
1028 141.593473 0.000000 -138.715272 99.981887 0.003016 1.735965 0.000061 
1029 179.581965 0.000000 -103.349118 99.983081 0.004134 1.728042 0.000040 
1030 -86.337483 0.000000 108.847804 99.984512 0.000349 1.746608 0.000005 
1031 -124.325976 0.000000 108.847804 99.984521 0.000143 1.745976 0.000005 
1032 -86.337483 0.000000 144.213958 99.985230 0.000187 1.746313 -0.000010 
1033 -29.354744 0.000000 -50.299888 99.988373 0.035483 1.715039 -0.000062 
1034 -48.348991 0.000000 -50.299888 99.975559 0.002659 1.743975 0.000185 
1035 -29.354744 0.000000 -67.982965 99.974534 0.004201 1.740956 0.000206 
1036 65.616487 0.000000 108.847804 99.997991 0.000516 1.727665 -0.000258 
1037 103.604980 0.000000 108.847804 99.988500 -0.001801 1.725964 -0.000068 
1038 65.616487 0.000000 144.213958 99.993279 -0.000256 1.736419 -0.000167 
1039 84.610734 0.000000 -50.299888 99.973509 0.004833 1.700748 0.000240 
1040 84.610734 0.000000 -67.982965 99.968659 0.003044 1.713487 0.000333 
1041 103.604980 0.000000 -50.299888 99.972423 0.005976 1.679599 0.000269 
1042 -29.354744 0.000000 55.798574 99.970309 0.023996 1.751155 0.000287 
1043 -48.348991 0.000000 55.798574 99.980193 0.002131 1.750234 0.000090 
1044 -29.354744 0.000000 73.481651 99.983952 0.003082 1.753262 0.000014 
1045 -19.857621 0.000000 -23.775272 99.937371 0.056728 1.720223 0.000956 
1046 -29.354744 0.000000 -23.775272 99.955406 0.037607 1.733039 0.000591 
1047 -19.857621 0.000000 -32.616811 99.951798 0.047224 1.720790 0.000667 
1048 46.622241 0.000000 55.798574 100.034908 -0.035899 1.681353 -0.000981 
1049 65.616487 0.000000 55.798574 100.001156 -0.006956 1.664755 -0.000300 
1050 46.622241 0.000000 73.481651 100.022311 -0.005441 1.711616 -0.000739 
1051 -0.863375 0.000000 29.273958 99.947243 0.136126 1.838361 0.000715 
1052 -10.360498 0.000000 29.273958 99.914202 0.067078 1.770815 0.001401 
1053 -0.863375 0.000000 38.115497 99.966853 -0.008046 1.786330 0.000344 
1054 56.119364 0.000000 -23.775272 99.777483 -0.080802 1.601875 0.004188 
1055 56.119364 0.000000 -32.616811 100.122521 0.002223 1.800968 -0.002776 
1056 65.616487 0.000000 -23.775272 99.911545 0.001755 1.614764 0.001508 
1057 -19.857621 0.000000 29.273958 99.941255 0.045451 1.758948 0.000865 
1058 -29.354744 0.000000 29.273958 99.957371 0.031560 1.751332 0.000546 
1059 -19.857621 0.000000 38.115497 99.954781 0.035066 1.759417 0.000594 
1060 37.125118 0.000000 29.273958 100.303758 0.090658 1.488701 -0.006307 
1061 46.622241 0.000000 29.273958 100.101284 0.101794 1.481045 -0.002247 
1062 37.125118 0.000000 38.115497 100.028421 -0.093497 1.619184 -0.000832 
1063 13.382310 0.000000 16.011651 100.562167 -0.179421 2.182573 -0.011755 
1064 8.633748 0.000000 16.011651 100.449084 -0.159628 2.233896 -0.009503 
1065 13.382310 0.000000 20.432420 100.299470 -0.109962 1.980519 -0.006392 
1066 -3.237656 0.000000 4.959728 99.191850 -0.075070 1.905991 0.015734 
1067 -5.611936 0.000000 4.959728 99.565721 0.161682 1.892299 0.008306 
1068 -3.237656 0.000000 7.170112 99.548787 0.127245 2.074827 0.008572 
1069 2.104476 0.000000 -1.118830 113.285623 -0.166720 -12.472936 -0.298923 
1070 2.104476 0.000000 -1.671426 113.420822 -0.172540 -12.389580 -0.301781 
1071 2.104476 0.000000 -0.566234 113.003943 -0.177925 -15.437682 -0.300824 
1072 3.291617 0.000000 -0.013638 102.554602 0.016944 30.974219 -0.147685 
1073 2.698046 0.000000 -0.013638 101.300426 -0.028611 32.009861 -0.128641 
1074 3.885187 0.000000 -0.013638 -57.404759 0.011958 -3.808308 0.669019 
1075 2.104476 0.000000 -0.013638 99.808101 -0.035747 34.158971 -0.112849 
1076 2.104476 0.000000 0.538958 100.054897 -0.062867 34.969200 -0.123383 
1077 4.478757 0.000000 -1.118830 110.806517 0.251431 -1.109244 -0.227938 
1078 4.478757 0.000000 -1.671426 110.967787 -0.115500 -1.198027 -0.231530 
1079 4.478757 0.000000 -0.566234 111.362935 -0.123466 -1.502448 -0.240398 
1080 5.665897 0.000000 -0.013638 -59.822145 -0.000727 -2.220124 0.641638 
1081 5.072327 0.000000 -0.013638 -55.694767 -0.001654 -0.752647 0.689753 
1082 6.259468 0.000000 -0.013638 -59.464518 -0.028438 -2.526196 0.645759 
1083 4.478757 0.000000 -0.013638 -59.227287 0.017946 -1.964844 0.648827 
1084 2.104476 0.000000 1.091555 100.500131 -0.032308 34.963494 -0.132272 
1085 1.510906 0.000000 1.091555 94.608687 -0.066351 8.866533 0.097058 
1086 2.104476 0.000000 1.644151 96.772746 -0.067150 7.226377 0.058281 
1087 15.756591 0.000000 9.380497 100.634464 0.011885 2.323598 -0.013269 
1088 13.382310 0.000000 9.380497 100.250180 0.024975 2.550508 -0.005660 
1089 15.756591 0.000000 11.590882 100.484412 0.108086 2.183831 -0.010190 
1090 11.008029 0.000000 9.380497 99.923726 0.013464 2.388105 0.000955 
1091 8.633748 0.000000 9.380497 99.823029 -0.069588 2.279349 0.003016 
1092 11.008029 0.000000 11.590882 99.732072 -0.034727 2.093255 0.004913 
1093 5.072327 0.000000 3.854535 100.529324 -0.073385 4.120146 -0.012313 
1094 3.885187 0.000000 3.854535 99.757528 -0.061174 4.185668 0.003091 
1095 5.072327 0.000000 4.959728 100.256153 -0.079674 3.389847 -0.006279 
1096 6.853038 0.000000 -0.013638 -55.301200 -0.102563 -1.417400 0.693976 
1097 7.446608 0.000000 -0.013638 -47.621677 0.006619 0.133943 0.773216 
1098 6.853038 0.000000 0.538958 -56.991620 -0.104789 -1.572970 0.674947 
1099 6.853038 0.000000 1.091555 103.878874 -0.042667 17.151861 -0.108501 
1100 7.446608 0.000000 1.091555 106.242901 -0.061544 16.373892 -0.155566 
1101 6.853038 0.000000 1.644151 103.766268 -0.043462 18.459704 -0.110820 
1102 16.943731 0.000000 1.644151 -53.111113 0.013037 -0.029501 0.717921 
1103 15.756591 0.000000 1.644151 -70.363965 0.073105 0.981706 0.504794 
1104 18.130872 0.000000 1.644151 -45.343740 -0.012903 1.672283 0.794115 
1105 14.569450 0.000000 1.644151 -60.825826 0.114791 1.419620 0.629819 
1106 16.943731 0.000000 -2.776618 98.741726 -0.021620 2.304631 0.024476 
1107 16.943731 0.000000 -3.881811 99.223295 -0.007070 1.872172 0.015123 
1108 11.601599 0.000000 -2.224022 110.428482 -0.014602 3.611391 -0.220749 
1109 11.601599 0.000000 -2.776618 98.437544 -0.022418 1.172943 0.030867 
1110 12.195170 0.000000 -2.224022 110.070840 -0.019571 3.564676 -0.212830 
1111 10.414459 0.000000 3.301939 110.813963 -0.091881 16.820823 -0.256268 
1112 11.008029 0.000000 3.301939 111.030054 -0.055650 13.594591 -0.251249 
1113 10.414459 0.000000 3.854535 100.248914 -0.020702 4.830765 -0.007318 
1114 32.376556 0.000000 16.011651 100.552529 -0.258310 1.348841 -0.011270 
1115 37.125118 0.000000 16.011651 100.399666 -0.316029 1.062876 -0.008132 
1116 32.376556 0.000000 20.432420 100.551497 0.383305 1.388589 -0.011268 
1117 25.253714 0.000000 9.380497 100.570964 -0.071576 1.253045 -0.011609 
1118 27.627995 0.000000 9.380497 100.392618 -0.003074 1.054427 -0.007979 
1119 25.253714 0.000000 11.590882 100.457939 0.056087 1.458555 -0.009393 
1120 19.318012 0.000000 1.644151 101.896988 0.028609 2.089323 -0.038736 
1121 19.318012 0.000000 6.064920 101.061858 -0.084012 1.577870 -0.021600 
1122 18.130872 0.000000 6.064920 101.244910 0.025626 1.689447 -0.025339 
1123 19.318012 0.000000 7.170112 100.889678 -0.012543 1.688211 -0.018158 
1124 19.911582 0.000000 -0.013638 102.954528 0.020693 1.645185 -0.060234 
1125 19.318012 0.000000 -0.013638 102.118826 0.020456 3.250151 -0.043882 
1126 19.911582 0.000000 0.538958 104.308254 0.029027 0.859994 -0.088095 
1127 22.285863 0.000000 -0.013638 98.771281 -0.013768 0.971104 0.024329 
1128 22.879433 0.000000 -0.013638 103.372413 -0.025364 -0.000866 -0.068586 
1129 22.285863 0.000000 0.538958 121.753238 -0.012437 2.517319 -0.483019 
1130 19.911582 0.000000 -2.224022 103.257116 0.022460 2.502925 -0.066830 
1131 19.318012 0.000000 -2.224022 103.257116 0.022460 2.502925 -0.066830 
1132 19.911582 0.000000 -2.776618 95.583929 -0.017014 -0.119523 0.086370 
1133 24.660144 0.000000 -1.118830 100.907141 -0.036464 -2.524392 -0.018863 
1134 24.660144 0.000000 -1.671426 100.324266 -0.030769 -2.520101 -0.007131 
1135 24.660144 0.000000 -0.566234 101.175381 -0.034132 -2.367977 -0.024207 
1136 23.473003 0.000000 -0.013638 106.280971 -0.017788 0.230152 -0.129570 
1137 24.066573 0.000000 -0.013638 107.326699 -0.012295 0.037405 -0.151902 
1138 23.473003 0.000000 0.538958 112.141183 0.003765 1.420569 -0.257766 
1139 21.989078 0.000000 -0.842532 95.103355 -0.005558 1.183865 0.095395 
1140 22.285863 0.000000 -0.842532 94.449714 -0.020712 0.273868 0.107918 
1141 21.989078 0.000000 -0.566234 95.767852 -0.006298 1.188757 0.082711 
1142 20.950330 0.000000 -0.980681 97.876471 0.006641 2.233842 0.041521 
1143 20.801937 0.000000 -0.980681 99.789557 0.006476 2.674297 0.003489 
1144 20.950330 0.000000 -0.842532 97.944345 0.006080 2.545182 0.040043 
1145 30.002275 0.000000 9.380497 100.539447 -0.121996 0.934604 -0.010907 
1146 32.376556 0.000000 9.380497 100.663788 -0.042521 0.756353 -0.013377 
1147 30.002275 0.000000 11.590882 100.925262 -0.267012 0.911883 -0.018681 
1148 24.066573 0.000000 6.064920 101.451796 0.048786 0.116582 -0.029248 
1149 25.253714 0.000000 6.064920 101.161995 0.040323 0.072862 -0.023376 
1150 24.066573 0.000000 7.170112 101.303157 0.029179 0.749053 -0.026289 
1151 21.098722 0.000000 4.407132 109.836768 -0.029504 -7.158370 -0.211536 
1152 20.505152 0.000000 4.407132 109.836768 -0.029504 -7.158370 -0.211536 
1153 21.098722 0.000000 4.959728 101.746870 0.005296 2.084071 -0.035677 
1154 23.473003 0.000000 -2.224022 97.516640 0.049361 -0.293577 0.049042 
1155 23.473003 0.000000 -2.776618 97.751262 0.051845 -1.219632 0.044320 
1156 24.066573 0.000000 -2.224022 97.750663 0.002131 -0.462785 0.044459 
1157 24.660144 0.000000 3.301939 104.492392 -0.045525 -9.905755 -0.101679 
1158 24.660144 0.000000 2.749343 104.596569 -0.043056 -9.448760 -0.102972 
1159 24.660144 0.000000 3.854535 102.351839 -0.087000 -3.123684 -0.048566 
1160 23.473003 0.000000 4.407132 102.118926 0.034962 -2.133831 -0.043283 
1161 24.066573 0.000000 4.407132 101.550052 -0.034933 -2.001267 -0.031642 
1162 23.473003 0.000000 4.959728 102.130971 0.026095 -0.885730 -0.043152 
1163 51.370803 0.000000 -10.512965 99.780806 0.041974 1.880353 0.004025 
1164 51.370803 0.000000 -14.933734 99.559903 0.260312 1.690014 0.008490 
1165 56.119364 0.000000 -10.512965 99.282914 0.039191 1.529659 0.014056 
1166 30.595846 0.000000 -1.118830 103.914118 -0.060994 -2.888591 -0.080649 
1167 30.595846 0.000000 -1.671426 103.532977 -0.054513 -2.749028 -0.072664 
1168 30.595846 0.000000 -0.566234 103.713220 -0.041730 -2.164178 -0.076112 
1169 30.595846 0.000000 2.196747 103.107113 -0.042154 -9.428694 -0.071998 
1170 30.595846 0.000000 1.644151 103.508265 -0.037978 -8.161405 -0.078057 
1171 30.595846 0.000000 2.749343 103.637363 -0.047196 -10.214017 -0.084503 
1172 34.157267 0.000000 -0.013638 159.028195 0.057865 0.725020 -1.529050 
1173 33.563697 0.000000 -0.013638 160.066693 0.058474 0.737485 -1.562189 
1174 34.750837 0.000000 -0.013638 157.440260 0.056935 0.705960 -1.478794 
1175 32.970126 0.000000 -0.013638 143.526838 0.029087 0.570061 -1.060028 
1176 32.376556 0.000000 -0.013638 128.300314 0.009505 0.377291 -0.646111 
1177 32.970126 0.000000 0.538958 143.692839 0.029249 0.572010 -1.064796 
1178 32.970126 0.000000 1.091555 113.894213 0.015685 -4.709304 -0.299407 
1179 32.376556 0.000000 1.091555 118.846771 0.017662 -3.515154 -0.413691 
1180 32.970126 0.000000 -2.224022 106.984766 -0.163244 -1.171151 -0.144714 
1181 32.376556 0.000000 -2.224022 98.519703 -0.035718 -1.634266 0.029120 
1182 32.970126 0.000000 -2.776618 105.707268 -0.102332 -0.869194 -0.117479 
1183 35.344407 0.000000 -0.013638 143.639846 0.042081 0.616004 -1.063279 
1184 35.641192 0.000000 -0.842532 102.230595 -0.094252 2.689849 -0.045834 
1185 35.344407 0.000000 -0.842532 101.832317 -0.081293 2.550556 -0.037633 
1186 35.641192 0.000000 -0.566234 101.985102 -0.105141 2.720096 -0.040837 
1187 40.686539 0.000000 3.854535 100.474117 0.023992 -1.832419 -0.009841 
1188 41.873679 0.000000 3.854535 100.524520 0.155322 -2.132785 -0.010975 
1189 40.686539 0.000000 4.959728 100.608351 0.169236 -1.162532 -0.012342 
1190 36.234763 0.000000 -1.395128 102.723998 -0.058565 2.879497 -0.056051 
1191 36.234763 0.000000 -1.671426 102.358164 -0.056238 2.896733 -0.048559 
1192 35.641192 0.000000 1.367853 102.359141 -0.104458 -7.569555 -0.053470 
1193 35.344407 0.000000 1.367853 102.380553 -0.096789 -7.503681 -0.053809 
1194 35.641192 0.000000 1.091555 101.127036 -0.093577 -6.508150 -0.026904 
1195 36.234763 0.000000 1.920449 102.325867 -0.098329 -7.702958 -0.052993 
1196 36.234763 0.000000 2.196747 102.337914 -0.095730 -7.718285 -0.053263 
1197 37.718688 0.000000 -2.224022 104.927768 0.006815 2.050299 -0.101404 
1198 37.718688 0.000000 -2.776618 104.222983 0.009808 2.314221 -0.086779 
1199 38.312258 0.000000 -2.224022 112.971178 -0.004186 2.578577 -0.276914 
1200 37.421903 0.000000 -1.395128 101.643696 -0.016562 2.678133 -0.033861 
1201 37.421903 0.000000 -1.671426 101.879670 -0.018511 2.714054 -0.038683 
1202 37.718688 0.000000 -1.395128 102.193846 -0.026197 2.574857 -0.045021 
1203 37.421903 0.000000 1.920449 102.041689 0.006255 -7.790460 -0.047320 
1204 37.718688 0.000000 1.920449 102.061815 0.008922 -7.812058 -0.047764 
1205 37.421903 0.000000 2.196747 101.555358 -0.041372 -2.197234 -0.031832 
1206 48.996522 0.000000 -3.881811 100.890854 0.018247 0.673448 -0.017942 
1207 48.996522 0.000000 -6.092195 100.168960 0.119546 1.051924 -0.003494 
1208 51.370803 0.000000 -3.881811 101.370968 -0.014225 4.758779 -0.029872 
1209 41.280109 0.000000 -1.118830 107.308603 -0.019169 1.179192 -0.151653 
1210 41.280109 0.000000 -1.671426 108.598935 -0.015261 2.052947 -0.179794 
1211 41.280109 0.000000 -0.566234 107.224181 -0.019364 1.170063 -0.149839 
1212 41.280109 0.000000 -0.013638 -62.755009 0.055550 -0.047073 0.606180 
1213 40.686539 0.000000 -0.013638 -61.300853 -0.033688 0.585128 0.624186 
1214 41.873679 0.000000 -0.013638 -65.616154 0.013037 0.781830 0.569391 
1215 40.092969 0.000000 -0.013638 -63.334778 -0.008726 0.929378 0.598784 
1216 40.092969 0.000000 2.196747 98.954324 0.016852 -5.355193 0.017936 
1217 40.686539 0.000000 2.196747 99.042265 -0.028602 -3.502016 0.017836 
1218 40.092969 0.000000 2.749343 100.165428 0.068547 -3.358275 -0.004440 
1219 45.435101 0.000000 -2.776618 106.509332 0.004467 3.159641 -0.135422 
1220 45.435101 0.000000 -3.881811 98.514382 0.045583 4.438299 0.027522 
1221 46.622241 0.000000 -2.776618 106.507095 0.004444 3.164774 -0.135378 
1222 48.996522 0.000000 4.959728 99.616205 0.103124 -0.146066 0.007658 
1223 51.370803 0.000000 4.959728 99.675551 -0.055475 -0.530795 0.006450 
1224 48.996522 0.000000 7.170112 99.706265 -0.140258 0.033352 0.005864 
1225 43.060820 0.000000 3.854535 100.258228 0.139284 -2.402384 -0.005750 
1226 44.247960 0.000000 3.854535 99.353115 0.041725 -2.382392 0.012328 
1227 43.060820 0.000000 4.959728 100.128818 0.131724 -1.544233 -0.002818 
1228 45.435101 0.000000 3.854535 98.543156 0.011068 -1.788238 0.028605 
1229 46.622241 0.000000 3.854535 98.401651 -0.003124 -0.917761 0.031627 
1230 45.435101 0.000000 4.959728 99.111106 -0.012829 -1.082329 0.017582 
1231 43.654390 0.000000 -0.013638 103.609199 0.025380 -29.309769 -0.159393 
1232 43.060820 0.000000 -0.013638 -66.737436 0.020540 -1.235348 0.554459 
1233 43.654390 0.000000 0.538958 104.335335 0.045643 -27.224057 -0.162701 
1234 42.467250 0.000000 -0.013638 -64.651287 0.018105 0.471190 0.581999 
1235 44.841530 0.000000 -1.118830 112.371347 0.028747 11.223085 -0.275328 
1236 44.841530 0.000000 -1.671426 106.686387 0.004990 3.751065 -0.139606 
1237 45.435101 0.000000 -1.118830 116.871007 0.007626 10.779527 -0.377503 
1238 255.558951 0.000000 214.946266 99.985126 -0.001834 1.740607 -0.000006 
1239 331.535936 0.000000 214.946266 99.984961 -0.001951 1.740652 -0.000002 
1240 255.558951 0.000000 285.678573 99.985176 -0.001318 1.742607 -0.000007 
1241 141.593473 0.000000 108.847804 99.985810 -0.002942 1.726869 -0.000014 
1242 179.581965 0.000000 108.847804 99.985215 -0.003429 1.727344 -0.000003 
1243 141.593473 0.000000 144.213958 99.986289 -0.002124 1.734592 -0.000027 
1244 84.610734 0.000000 55.798574 99.985274 -0.005900 1.672746 0.000015 
1245 103.604980 0.000000 55.798574 99.983523 -0.005362 1.677744 0.000048 
1246 84.610734 0.000000 73.481651 99.991689 -0.000583 1.701329 -0.000123 
1247 3.885187 0.000000 16.011651 100.039775 0.047953 2.064241 -0.001222 
1248 -0.863375 0.000000 16.011651 99.791292 0.125575 1.948683 0.003788 
1249 3.885187 0.000000 20.432420 99.978145 0.148885 1.883792 0.000080 
1250 -5.611936 0.000000 16.011651 99.775064 0.144982 1.844896 0.004151 
1251 -10.360498 0.000000 16.011651 99.834572 0.131498 1.794517 0.002982 
1252 -5.611936 0.000000 20.432420 99.829146 0.162786 1.815676 0.003082 
1253 56.119364 0.000000 29.273958 99.879568 -0.063484 1.506123 0.002180 
1254 65.616487 0.000000 29.273958 99.902128 -0.075537 1.536143 0.001720 
1255 56.119364 0.000000 38.115497 99.927630 -0.076852 1.604289 0.001189 
1256 6.259468 0.000000 9.380497 99.858900 -0.112212 2.354630 0.002264 
1257 3.885187 0.000000 9.380497 99.789254 -0.072051 2.386796 0.003640 
1258 6.259468 0.000000 11.590882 99.979230 -0.072349 2.255758 -0.000094 
1259 1.510906 0.000000 9.380497 99.567252 -0.039108 2.283241 0.008115 
1260 -0.863375 0.000000 9.380497 99.635604 0.062302 2.216689 0.006783 
1261 1.510906 0.000000 11.590882 99.735087 -0.020684 2.173034 0.004819 
1262 -3.237656 0.000000 9.380497 99.597896 0.155468 1.987182 0.007629 
1263 -5.611936 0.000000 9.380497 99.663496 0.063603 1.838902 0.006380 
1264 -3.237656 0.000000 11.590882 99.662094 0.062778 1.905116 0.006383 
1265 2.698046 0.000000 3.854535 99.050892 -0.119837 4.064647 0.017239 
1266 1.510906 0.000000 3.854535 98.491125 -0.071461 3.582909 0.028666 
1267 2.698046 0.000000 4.959728 99.304238 -0.091139 3.396004 0.012713 
1268 0.917336 0.000000 1.091555 94.705039 -0.056120 6.702919 0.098602 
1269 0.323766 0.000000 1.091555 94.634120 -0.045429 4.586793 0.102334 
1270 0.917336 0.000000 1.644151 95.992225 -0.054680 5.244666 0.075798 
1271 41.873679 0.000000 16.011651 100.437511 -0.049289 0.960581 -0.008862 
1272 46.622241 0.000000 16.011651 100.357371 -0.301952 0.890547 -0.007249 
1273 41.873679 0.000000 20.432420 100.353632 0.085395 1.204898 -0.007231 
1274 16.943731 0.000000 6.064920 101.782526 0.004576 2.286194 -0.036491 
1275 15.756591 0.000000 6.064920 101.837884 -0.032838 3.127969 -0.038074 
1276 16.943731 0.000000 7.170112 101.288789 -0.053670 2.273558 -0.026459 
1277 14.569450 0.000000 6.064920 100.858647 -0.000889 3.614894 -0.018553 
1278 13.382310 0.000000 6.064920 100.072388 -0.029937 3.572243 -0.002724 
1279 14.569450 0.000000 7.170112 100.696856 -0.017683 3.001020 -0.014886 
1280 24.660144 0.000000 -0.013638 106.306445 -0.007347 -0.879603 -0.130183 
1281 25.253714 0.000000 -0.013638 107.472894 0.031204 0.676176 -0.155088 
1282 24.660144 0.000000 0.538958 110.754804 0.016858 0.622659 -0.226701 
1283 34.750837 0.000000 9.380497 100.748352 -0.146903 0.857289 -0.015099 
1284 37.125118 0.000000 9.380497 100.851750 -0.145282 0.641146 -0.017151 
1285 34.750837 0.000000 11.590882 100.630964 -0.423094 0.851688 -0.012750 
1286 26.440854 0.000000 6.064920 100.952038 -0.044296 -0.026246 -0.019132 
1287 27.627995 0.000000 6.064920 100.792561 -0.128554 0.063656 -0.015916 
1288 26.440854 0.000000 7.170112 100.838337 0.054771 0.531004 -0.016866 
1289 24.660144 0.000000 -2.224022 97.574847 -0.086510 -0.939756 0.047826 
1290 24.660144 0.000000 -2.776618 97.683395 -0.072965 -1.860164 0.045449 
1291 25.253714 0.000000 -2.224022 101.837403 -0.049209 -1.528670 -0.037320 
1292 24.660144 0.000000 4.407132 101.301564 -0.072019 -1.756863 -0.026510 
1293 25.253714 0.000000 4.407132 101.046905 -0.086620 -1.591698 -0.021302 
1294 24.660144 0.000000 4.959728 101.321291 -0.055732 -0.931852 -0.026688 
1295 25.847284 0.000000 -0.013638 107.335082 0.015669 -0.107125 -0.152083 
1296 26.440854 0.000000 -0.013638 107.461005 0.013580 -0.230115 -0.154792 
1297 25.847284 0.000000 0.538958 107.325013 0.015756 -0.103910 -0.151867 
1298 25.847284 0.000000 -2.224022 99.013739 -0.028746 -1.273110 0.019466 
1299 25.847284 0.000000 -2.776618 99.848481 -0.031676 -1.739484 0.002725 
1300 26.440854 0.000000 -2.224022 99.588290 -0.054512 -1.209091 0.008071 
1301 28.815135 0.000000 6.064920 100.689218 -0.108564 0.124682 -0.013835 
1302 30.002275 0.000000 6.064920 100.500038 -0.029608 0.205824 -0.010030 
1303 28.815135 0.000000 7.170112 100.637769 -0.014145 0.544442 -0.012826 
1304 25.847284 0.000000 4.407132 100.894580 -0.063496 -1.539076 -0.018209 
1305 26.440854 0.000000 4.407132 100.937917 -0.038175 -1.393387 -0.019041 
1306 25.847284 0.000000 4.959728 100.998936 -0.042395 -0.837208 -0.020149 
1307 31.782986 0.000000 -0.013638 102.297686 -0.014780 0.075763 -0.046482 
1308 31.189416 0.000000 -0.013638 103.071767 -0.005231 0.111631 -0.062380 
1309 31.782986 0.000000 0.538958 102.287576 -0.014689 0.075960 -0.046275 
1310 30.595846 0.000000 -0.013638 102.424996 -0.003238 -0.371442 -0.049102 
1311 30.002275 0.000000 -0.013638 102.402668 -0.003213 -0.452838 -0.048651 
1312 30.595846 0.000000 0.538958 102.413956 -0.003215 -0.370231 -0.048876 
1313 30.595846 0.000000 1.091555 102.540028 -0.005247 -0.504749 -0.051471 
1314 30.002275 0.000000 1.091555 100.595797 0.001118 -0.583656 -0.011985 
1315 31.189416 0.000000 1.091555 103.118024 -0.005339 0.111677 -0.063334 
1316 31.782986 0.000000 1.091555 103.325274 -0.005824 0.111885 -0.067612 
1317 31.782986 0.000000 -2.224022 104.223270 0.002804 -1.765921 -0.086561 
1318 31.189416 0.000000 -2.224022 100.228103 -0.094888 -1.987357 -0.004963 
1319 31.782986 0.000000 -2.776618 104.249623 0.006866 -0.993428 -0.086897 
1320 30.595846 0.000000 -2.224022 101.199204 -0.084080 -1.520850 -0.024360 
1321 30.002275 0.000000 -2.224022 104.758605 -0.074108 -0.725069 -0.097490 
1322 30.595846 0.000000 -2.776618 100.627769 -0.081034 -0.770422 -0.012655 
1323 51.370803 0.000000 16.011651 100.252599 -0.135165 0.847392 -0.005132 
1324 56.119364 0.000000 16.011651 99.939654 0.135347 0.962337 0.001112 
1325 51.370803 0.000000 20.432420 100.110085 0.169399 1.158699 -0.002340 
1326 39.499399 0.000000 9.380497 100.875956 -0.026145 0.346861 -0.017608 
1327 41.873679 0.000000 9.380497 100.642500 -0.131460 0.085861 -0.012894 
1328 39.499399 0.000000 11.590882 100.574003 -0.315470 0.481959 -0.011546 
1329 38.905828 0.000000 -2.224022 103.983239 0.010422 2.253562 -0.081759 
1330 38.905828 0.000000 -2.776618 103.154834 0.014678 2.138198 -0.064549 
1331 39.499399 0.000000 -2.224022 112.128841 -0.002167 3.994453 -0.258883 
1332 41.280109 0.000000 2.196747 99.720666 0.051591 -3.222510 0.004540 
1333 41.873679 0.000000 2.196747 100.423588 0.012797 -3.808735 -0.009940 
1334 41.280109 0.000000 2.749343 100.058684 0.070479 -2.788647 -0.001952 
1335 40.092969 0.000000 -2.224022 112.007888 -0.001417 3.666582 -0.255921 
1336 40.092969 0.000000 -2.776618 111.883763 -0.000647 3.330113 -0.252907 
1337 40.686539 0.000000 -2.224022 106.657498 0.069779 2.999886 -0.138483 
1338 43.654390 0.000000 1.091555 104.532578 0.054935 -27.607278 -0.168922 
1339 44.247960 0.000000 1.091555 104.069480 0.035629 -31.069637 -0.179578 
1340 43.654390 0.000000 1.644151 100.648993 0.113270 -7.289644 -0.018337 
1341 42.467250 0.000000 2.196747 101.036128 0.126672 -4.869966 -0.023203 
1342 43.060820 0.000000 2.196747 100.795863 0.101988 -5.299197 -0.018790 
1343 42.467250 0.000000 2.749343 100.824632 0.135508 -3.592767 -0.017853 
1344 44.841530 0.000000 1.091555 101.296226 0.030006 -37.703371 -0.168247 
1345 45.435101 0.000000 1.091555 94.322719 0.031739 -8.375279 0.103308 
1346 44.841530 0.000000 1.644151 96.625277 0.054672 -6.645954 0.061938 
1347 0.323766 0.000000 3.854535 98.309763 -0.028567 2.941050 0.032654 
1348 -0.863375 0.000000 3.854535 98.539265 -0.013967 2.410639 0.028420 
1349 0.323766 0.000000 4.959728 98.776854 -0.028438 2.691946 0.023589 
1350 12.195170 0.000000 6.064920 99.719704 -0.019656 3.287988 0.004517 
1351 11.008029 0.000000 6.064920 99.610727 0.007333 3.076012 0.006824 
1352 12.195170 0.000000 7.170112 99.883474 0.032012 2.935675 0.001467 
1353 9.820889 0.000000 6.064920 99.668355 -0.038491 2.780395 0.005849 
1354 8.633748 0.000000 6.064920 99.785805 -0.068323 2.649507 0.003577 
1355 9.820889 0.000000 7.170112 99.748723 -0.047499 2.603365 0.004341 
1356 31.189416 0.000000 6.064920 100.493498 -0.077691 0.358623 -0.009908 
1357 32.376556 0.000000 6.064920 100.630842 -0.095377 0.338433 -0.012669 
1358 31.189416 0.000000 7.170112 100.531907 -0.084643 0.575821 -0.010700 
1359 29.408705 0.000000 -0.013638 100.906814 0.000290 -0.678391 -0.018265 
1360 28.815135 0.000000 -0.013638 102.218313 -0.002803 -0.994149 -0.044957 
1361 29.408705 0.000000 0.538958 100.911679 0.000271 -0.681395 -0.018363 
1362 29.408705 0.000000 1.091555 100.897533 0.000320 -0.675327 -0.018077 
1363 28.815135 0.000000 1.091555 102.205860 -0.002751 -0.985548 -0.044701 
1364 29.408705 0.000000 -2.224022 98.590242 -0.084517 -1.628248 0.027731 
1365 28.815135 0.000000 -2.224022 107.766892 -0.063393 -2.202126 -0.161856 
1366 29.408705 0.000000 -2.776618 99.724785 -0.133510 -1.215995 0.005347 
1367 44.247960 0.000000 9.380497 100.660223 0.014755 -0.000806 -0.013248 
1368 46.622241 0.000000 9.380497 99.916057 -0.033321 0.054013 0.001678 
1369 44.247960 0.000000 11.590882 100.150604 -0.236158 0.448257 -0.003040 
1370 33.563697 0.000000 6.064920 100.846466 -0.054981 0.301393 -0.017010 
1371 34.750837 0.000000 6.064920 101.024573 -0.041472 0.182574 -0.020600 
1372 33.563697 0.000000 7.170112 100.816345 -0.125627 0.393746 -0.016411 
1373 41.280109 0.000000 -2.224022 110.917577 0.000336 4.211410 -0.232044 
1374 41.280109 0.000000 -2.776618 110.487157 0.006860 3.960071 -0.222309 
1375 41.873679 0.000000 -2.224022 111.336441 -0.006014 4.456001 -0.241566 
1376 48.996522 0.000000 9.380497 99.555575 0.012783 0.243472 0.008863 
1377 51.370803 0.000000 9.380497 99.540308 -0.018514 0.256675 0.009166 
1378 48.996522 0.000000 11.590882 100.041949 -0.122975 0.464212 -0.000862 
1379 43.654390 0.000000 2.196747 99.776213 0.109992 -5.434349 0.001516 
1380 44.247960 0.000000 2.196747 98.546301 0.090306 -5.318216 0.026034 
1381 43.654390 0.000000 2.749343 99.748318 0.156851 -4.097645 0.003346 
1382 42.467250 0.000000 -2.224022 105.668931 0.032197 4.696544 -0.118798 
1383 42.467250 0.000000 -2.776618 104.756526 0.015153 5.013933 -0.099907 
1384 43.060820 0.000000 -2.224022 107.858301 0.006167 5.326425 -0.166178 
1385 44.841530 0.000000 2.196747 97.534040 0.037737 -4.813971 0.046394 
1386 45.435101 0.000000 2.196747 96.756873 0.006328 -3.994319 0.062215 
1387 44.841530 0.000000 2.749343 98.123092 0.037258 -3.604006 0.035887 
1 11 62 60 61 
2 62 10 24 60 
3 60 24 14 63 
4 61 60 63 6 
5 24 66 64 65 
6 66 23 40 64 
7 64 40 27 67 
8 65 64 67 14 
9 40 70 68 69 
10 69 68 71 27 
11 6 63 92 93 
12 63 14 36 92 
13 92 36 19 94 
14 93 92 94 20 
15 14 67 95 96 
16 67 27 52 95 
17 95 52 35 97 
18 96 95 97 36 
19 27 71 98 99 
20 99 98 100 52 
21 68 112 110 111 
22 112 56 80 110 
23 110 80 43 113 
24 111 110 113 71 
25 80 116 114 115 
26 115 114 117 43 
27 71 113 133 134 
28 113 43 102 133 
29 133 102 76 135 
30 134 133 135 98 
31 43 117 136 137 
32 137 136 138 102 
33 114 141 139 140 
34 141 106 129 139 
35 139 129 83 142 
36 140 139 142 117 
37 12 145 143 144 
38 145 7 146 143 
39 143 146 13 25 
40 144 143 25 10 
41 25 149 147 148 
42 149 13 150 147 
43 147 150 26 41 
44 148 147 41 23 
45 41 153 151 152 
46 153 26 154 151 
47 151 154 42 57 
48 152 151 57 39 
49 39 157 155 156 
50 157 57 158 155 
51 155 158 55 81 
52 156 155 81 56 
53 81 161 159 160 
54 161 55 162 159 
55 159 162 82 107 
56 160 159 107 79 
57 79 165 163 164 
58 165 107 166 163 
59 106 169 167 168 
60 168 167 171 129 
61 56 174 172 173 
62 174 81 160 172 
63 172 160 79 116 
64 173 172 116 80 
65 116 177 175 176 
66 177 79 164 175 
67 175 164 106 141 
68 176 175 141 114 
69 164 180 178 179 
70 180 163 181 178 
71 178 181 130 169 
72 179 178 169 106 
73 169 196 194 195 
74 196 130 197 194 
75 194 197 170 198 
76 195 194 198 167 
77 199 201 124 202 
78 200 199 202 125 
79 129 171 203 204 
80 203 205 132 206 
81 204 203 206 83 
82 167 198 207 208 
83 198 170 209 207 
84 207 209 128 210 
85 208 207 210 171 
86 107 212 211 166 
87 212 82 213 211 
88 163 215 214 181 
89 215 166 216 214 
90 214 216 105 191 
91 181 214 191 130 
92 191 223 221 222 
93 223 105 224 221 
94 221 224 192 225 
95 222 221 225 190 
96 226 227 109 228 
97 205 226 228 132 
98 232 233 126 234 
99 201 232 234 124 
100 235 236 189 237 
101 227 235 237 109 
102 193 240 238 239 
103 240 131 241 238 
104 238 241 227 242 
105 239 238 242 226 
106 166 244 243 216 
107 244 211 245 243 
108 243 245 187 218 
109 216 243 218 105 
110 251 108 252 250 
111 250 252 188 253 
112 218 256 254 255 
113 256 187 257 254 
114 254 257 219 258 
115 255 254 258 217 
116 131 260 259 241 
117 260 220 261 259 
118 259 261 235 262 
119 241 259 262 227 
120 253 188 264 263 
121 263 264 59 265 
122 236 263 265 189 
123 220 267 266 261 
124 267 186 268 266 
125 266 268 236 269 
126 261 266 269 235 
127 57 271 270 158 
128 271 42 272 270 
129 270 272 58 89 
130 158 270 89 55 
131 55 274 273 162 
132 274 89 275 273 
133 273 275 88 183 
134 162 273 183 82 
135 82 277 276 213 
136 277 183 278 276 
137 211 280 279 245 
138 280 213 281 279 
139 279 281 108 251 
140 245 279 251 187 
141 187 283 282 257 
142 283 251 284 282 
143 282 284 250 285 
144 257 282 285 219 
145 108 287 286 252 
146 286 288 246 289 
147 252 286 289 188 
148 213 291 290 281 
149 291 276 292 290 
150 281 290 287 108 
151 306 182 307 305 
152 305 307 248 308 
153 288 305 308 246 
154 287 311 309 310 
155 309 312 288 313 
156 310 309 313 286 
157 183 315 314 278 
158 315 88 316 314 
159 276 318 317 292 
160 318 278 319 317 
161 317 319 182 306 
162 290 322 320 321 
163 322 292 323 320 
164 320 323 247 311 
165 321 320 311 287 
166 247 325 324 312 
167 325 306 326 324 
168 324 326 305 327 
169 312 324 327 288 
170 311 330 328 329 
171 330 247 331 328 
172 328 331 312 332 
173 329 328 332 309 
174 188 289 336 264 
175 289 246 337 336 
176 339 341 333 342 
177 340 339 342 233 
178 264 345 343 344 
179 345 336 346 343 
180 344 343 347 59 
181 246 308 348 337 
182 308 248 349 348 
183 348 349 185 350 
184 337 348 350 249 
185 336 352 351 346 
186 352 337 353 351 
187 351 353 249 354 
188 346 351 354 338 
189 189 265 355 356 
190 265 59 340 355 
191 355 340 233 357 
192 356 355 357 232 
193 59 347 358 359 
194 347 338 360 358 
195 358 360 339 361 
196 359 358 361 340 
197 343 364 362 363 
198 364 346 365 362 
199 362 365 338 366 
200 363 362 366 347 
201 249 350 376 341 
202 350 185 377 376 
203 376 377 334 378 
204 341 376 378 333 
205 182 380 379 307 
206 379 381 301 382 
207 307 379 382 248 
208 278 384 383 319 
209 384 314 385 383 
210 383 385 302 380 
211 319 383 380 182 
212 302 391 390 381 
213 391 184 392 390 
214 390 392 303 393 
215 381 390 393 301 
216 380 396 394 395 
217 396 302 397 394 
218 394 397 381 398 
219 395 394 398 379 
220 185 400 399 377 
221 400 304 401 399 
222 399 401 373 402 
223 377 399 402 334 
224 304 407 406 401 
225 407 91 408 406 
226 406 408 374 409 
227 401 406 409 373 
228 89 411 410 275 
229 411 58 412 410 
230 410 412 90 298 
231 275 410 298 88 
232 88 414 413 316 
233 414 298 415 413 
234 184 417 416 392 
235 392 416 419 303 
236 91 421 420 408 
237 421 389 422 420 
238 420 422 403 423 
239 408 420 423 374 
240 298 437 436 415 
241 437 90 438 436 
242 413 441 439 440 
243 441 415 442 439 
244 316 450 448 449 
245 450 413 440 448 
246 449 448 417 184 
247 440 453 451 452 
248 453 439 454 451 
249 451 454 433 445 
250 452 451 445 387 
251 460 297 461 459 
252 459 461 434 462 
253 445 465 463 464 
254 465 433 466 463 
255 463 466 446 467 
256 417 470 468 469 
257 470 387 444 468 
258 468 444 418 471 
259 469 468 471 416 
260 387 474 472 473 
261 474 445 464 472 
262 473 472 475 444 
263 386 435 476 477 
264 435 388 478 476 
265 476 478 300 479 
266 477 476 479 389 
267 418 447 480 481 
268 447 432 482 480 
269 480 482 435 483 
270 481 480 483 386 
271 467 446 486 484 
272 484 486 432 487 
273 485 484 487 447 
274 464 490 488 489 
275 490 463 491 488 
276 488 491 467 492 
277 444 475 493 494 
278 493 485 447 495 
279 494 493 495 418 
280 472 498 496 497 
281 498 464 489 496 
282 496 489 443 499 
283 497 496 499 475 
284 443 492 500 501 
285 492 467 502 500 
286 500 502 484 503 
287 501 500 503 485 
288 489 506 504 505 
289 506 488 507 504 
290 504 507 492 508 
291 505 504 508 443 
292 415 519 518 442 
293 519 436 520 518 
294 439 522 521 454 
295 522 442 523 521 
296 521 523 297 460 
297 454 521 460 433 
298 433 525 524 466 
299 525 460 526 524 
300 524 526 459 527 
301 466 524 527 446 
302 479 534 532 533 
303 534 300 535 532 
304 532 535 516 536 
305 389 539 537 538 
306 539 479 533 537 
307 537 533 515 540 
308 538 537 540 422 
309 19 38 541 542 
310 38 21 543 541 
311 541 543 9 544 
312 542 541 544 22 
313 35 54 545 546 
314 54 37 547 545 
315 545 547 21 548 
316 546 545 548 38 
317 51 78 549 550 
318 78 53 551 549 
319 549 551 37 552 
320 550 549 552 54 
321 75 123 553 554 
322 123 77 555 553 
323 553 555 53 556 
324 554 553 556 78 
325 121 372 557 558 
326 372 122 559 557 
327 557 559 77 560 
328 558 557 560 123 
329 230 405 561 562 
330 405 370 563 561 
331 561 563 372 564 
332 562 561 564 121 
333 403 517 565 566 
334 517 404 567 565 
335 565 567 370 568 
336 566 565 568 405 
337 515 536 569 570 
338 536 516 571 569 
339 569 571 404 572 
340 570 569 572 517 
341 533 575 573 574 
342 575 532 576 573 
343 573 576 536 577 
344 574 573 577 515 
345 297 579 578 461 
346 579 456 580 578 
347 578 580 455 581 
348 461 578 581 434 
349 388 458 582 478 
350 458 428 583 582 
351 582 583 431 529 
352 478 582 529 300 
353 300 585 584 535 
354 585 529 586 584 
355 584 586 528 587 
356 535 584 587 516 
357 593 299 594 592 
358 592 594 430 595 
359 7 597 596 146 
360 597 16 598 596 
361 596 598 15 32 
362 146 596 32 13 
363 13 600 599 150 
364 600 32 601 599 
365 599 601 31 48 
366 150 599 48 26 
367 26 603 602 154 
368 603 48 604 602 
369 602 604 47 85 
370 154 602 85 42 
371 42 606 605 272 
372 606 85 607 605 
373 605 607 84 294 
374 272 605 294 58 
375 58 609 608 412 
376 609 294 610 608 
377 608 610 293 425 
378 412 608 425 90 
379 90 612 611 438 
380 612 425 613 611 
381 436 615 614 520 
382 615 438 616 614 
383 614 616 299 593 
384 429 619 617 618 
385 619 593 620 617 
386 617 620 592 621 
387 618 617 621 457 
388 626 5 627 625 
389 625 627 513 628 
390 428 595 629 583 
391 595 430 630 629 
392 629 630 5 626 
393 583 629 626 431 
394 431 633 631 632 
395 633 626 634 631 
396 631 634 625 635 
397 632 631 635 530 
398 299 637 636 594 
399 594 636 639 430 
400 430 639 640 630 
401 630 640 642 5 
402 438 644 643 616 
403 644 611 645 643 
404 616 643 637 299 
405 15 647 646 33 
406 647 17 648 646 
407 646 648 8 649 
408 33 646 649 18 
409 31 651 650 49 
410 651 33 652 650 
411 650 652 18 653 
412 49 650 653 34 
413 47 655 654 86 
414 655 49 656 654 
415 654 656 34 657 
416 86 654 657 50 
417 659 86 660 658 
418 658 660 50 661 
419 637 676 674 675 
420 676 589 677 674 
421 674 677 638 678 
422 675 674 678 636 
423 5 642 682 627 
424 642 591 683 682 
425 682 683 622 684 
426 627 682 684 513 
427 640 687 685 686 
428 687 641 688 685 
429 685 688 591 689 
430 686 685 689 642 
431 425 691 690 613 
432 691 293 692 690 
433 611 694 693 645 
434 694 613 695 693 
435 671 702 700 701 
436 702 424 703 700 
437 700 703 672 704 
438 701 700 704 670 
439 18 649 705 45 
440 649 8 706 705 
441 705 706 29 707 
442 45 705 707 28 
443 34 653 708 73 
444 653 18 709 708 
445 708 709 45 710 
446 73 708 710 44 
447 50 657 711 119 
448 657 34 712 711 
449 711 712 73 713 
450 119 711 713 72 
451 661 50 715 714 
452 714 715 119 716 
453 720 721 510 722 
454 591 681 726 683 
455 681 427 727 726 
456 726 727 623 728 
457 683 726 728 622 
458 679 731 729 730 
459 731 680 732 729 
460 729 732 427 733 
461 730 729 733 681 
462 613 735 734 695 
463 735 690 736 734 
464 424 738 737 703 
465 738 697 739 737 
466 737 739 696 740 
467 703 737 740 672 
468 427 725 741 727 
469 725 669 742 741 
470 741 742 720 743 
471 727 741 743 623 
472 680 745 744 732 
473 745 723 746 744 
474 744 746 725 747 
475 732 744 747 427 
476 757 667 758 756 
477 756 758 698 759 
478 739 756 759 696 
479 294 761 760 610 
480 761 84 762 760 
481 760 762 295 663 
482 610 760 663 293 
483 293 764 763 692 
484 764 663 765 763 
485 690 767 766 736 
486 767 692 768 766 
487 734 771 769 770 
488 771 736 772 769 
489 769 772 667 757 
490 770 769 757 697 
491 697 775 773 774 
492 775 757 776 773 
493 773 776 756 777 
494 774 773 777 739 
495 782 724 783 781 
496 781 783 669 784 
497 746 781 784 725 
498 699 787 785 786 
499 787 666 788 785 
500 785 788 724 782 
501 786 785 782 723 
502 723 791 789 790 
503 791 782 792 789 
504 789 792 781 793 
505 790 789 793 746 
506 667 795 794 758 
507 758 794 797 698 
508 798 799 717 800 
509 721 798 800 510 
510 669 780 801 742 
511 780 296 802 801 
512 801 802 721 803 
513 742 801 803 720 
514 724 805 804 783 
515 804 806 780 807 
516 783 804 807 669 
517 736 809 808 772 
518 809 766 810 808 
519 808 810 753 795 
520 772 808 795 667 
521 795 821 819 820 
522 821 753 822 819 
523 819 822 796 823 
524 820 819 823 794 
525 666 825 824 788 
526 825 755 826 824 
527 788 824 805 724 
528 830 832 296 833 
529 806 830 833 780 
530 805 836 834 835 
531 836 778 837 834 
532 834 837 806 838 
533 835 834 838 804 
534 692 840 839 768 
535 840 763 841 839 
536 843 812 844 842 
537 842 844 811 845 
538 752 818 846 847 
539 818 754 848 846 
540 846 848 668 849 
541 847 846 849 755 
542 852 817 853 850 
543 850 853 754 854 
544 851 850 854 818 
545 796 857 855 856 
546 857 815 851 855 
547 855 851 818 858 
548 856 855 858 752 
549 766 860 859 810 
550 860 768 861 859 
551 859 861 426 816 
552 810 859 816 753 
553 816 864 862 863 
554 864 426 865 862 
555 862 865 817 852 
556 863 862 852 815 
557 815 868 866 867 
558 868 852 869 866 
559 866 869 850 870 
560 867 866 870 851 
561 755 849 871 826 
562 849 668 872 871 
563 668 874 873 872 
564 874 814 875 873 
565 873 875 827 876 
566 871 879 877 878 
567 879 872 880 877 
568 877 880 779 881 
569 826 884 882 883 
570 884 871 878 882 
571 882 878 831 885 
572 883 882 885 778 
573 296 829 886 802 
574 829 751 887 886 
575 886 887 798 888 
576 802 886 888 721 
577 876 827 890 889 
578 889 890 829 891 
579 832 889 891 296 
580 831 881 892 893 
581 881 779 894 892 
582 892 894 832 895 
583 893 892 895 830 
584 878 898 896 897 
585 898 877 899 896 
586 896 899 881 900 
587 897 896 900 831 
588 754 845 901 848 
589 845 811 902 901 
590 901 902 814 874 
591 848 901 874 668 
592 817 904 903 853 
593 904 842 905 903 
594 903 905 845 906 
595 853 903 906 754 
596 872 908 907 880 
597 908 873 909 907 
598 907 909 876 910 
599 880 907 910 779 
600 912 658 913 911 
601 911 913 661 914 
602 812 924 923 844 
603 924 749 925 923 
604 844 923 926 811 
605 814 931 930 875 
606 931 748 932 930 
607 875 930 933 827 
608 663 935 934 765 
609 935 295 936 934 
610 763 938 937 841 
611 938 765 939 937 
612 749 941 940 925 
613 941 920 942 940 
614 940 942 919 943 
615 925 940 943 813 
616 811 926 944 902 
617 926 813 945 944 
618 944 945 748 931 
619 902 944 931 814 
620 923 948 946 947 
621 948 925 949 946 
622 946 949 813 950 
623 947 946 950 926 
624 748 952 951 932 
625 952 922 953 951 
626 951 953 927 954 
627 932 951 954 828 
628 827 933 955 890 
629 933 828 956 955 
630 955 956 751 957 
631 890 955 957 829 
632 930 960 958 959 
633 960 932 961 958 
634 958 961 828 962 
635 959 958 962 933 
636 914 661 964 963 
637 963 964 714 965 
638 966 967 718 968 
639 799 966 968 717 
640 922 974 973 953 
641 974 750 975 973 
642 973 975 928 976 
643 953 973 976 927 
644 765 981 980 939 
645 981 934 982 980 
646 980 982 916 978 
647 662 985 983 984 
648 985 978 986 983 
649 983 986 977 987 
650 984 983 987 921 
651 750 989 988 975 
652 989 970 990 988 
653 988 990 969 991 
654 975 988 991 928 
655 664 993 992 917 
656 993 911 994 992 
657 992 994 914 995 
658 917 992 995 87 
659 997 664 998 996 
660 996 998 917 999 
661 978 1001 1000 986 
662 1001 916 1002 1000 
663 1000 1002 979 1003 
664 986 1000 1003 977 
665 999 917 1005 1004 
666 1004 1005 87 1006 
667 979 1009 1007 1008 
668 1009 996 1010 1007 
669 1007 1010 999 1011 
670 1008 1007 1011 915 
671 1 1014 1012 1013 
672 1014 12 144 1012 
673 1012 144 10 62 
674 1013 1012 62 11 
675 16 1016 1015 598 
676 1016 2 1017 1015 
677 1015 1017 17 647 
678 598 1015 647 15 
679 20 94 1018 1019 
680 94 19 542 1018 
681 1018 542 22 1020 
682 1019 1018 1020 4 
683 10 1023 1021 1022 
684 1023 25 148 1021 
685 1021 148 23 66 
686 1022 1021 66 24 
687 21 46 1024 543 
688 46 28 1025 1024 
689 1024 1025 30 1026 
690 543 1024 1026 9 
691 32 1028 1027 601 
692 1028 15 1029 1027 
693 1027 1029 33 651 
694 601 1027 651 31 
695 36 97 1030 1031 
696 97 35 546 1030 
697 1030 546 38 1032 
698 1031 1030 1032 19 
699 23 1035 1033 1034 
700 1035 41 152 1033 
701 1033 152 39 70 
702 1034 1033 70 40 
703 37 74 1036 547 
704 74 44 1037 1036 
705 1036 1037 46 1038 
706 547 1036 1038 21 
707 48 1040 1039 604 
708 1040 31 1041 1039 
709 1039 1041 49 655 
710 604 1039 655 47 
711 52 100 1042 1043 
712 100 51 550 1042 
713 1042 550 54 1044 
714 1043 1042 1044 35 
715 70 1047 1045 1046 
716 1047 39 156 1045 
717 1045 156 56 112 
718 1046 1045 112 68 
719 53 120 1048 551 
720 120 72 1049 1048 
721 1048 1049 74 1050 
722 551 1048 1050 37 
723 76 104 1051 1052 
724 104 75 554 1051 
725 1051 554 78 1053 
726 1052 1051 1053 51 
727 85 1055 1054 607 
728 1055 47 1056 1054 
729 1054 1056 86 659 
730 607 1054 659 84 
731 98 135 1057 1058 
732 135 76 1052 1057 
733 1057 1052 51 1059 
734 1058 1057 1059 100 
735 77 369 1060 555 
736 369 118 1061 1060 
737 1060 1061 120 1062 
738 555 1060 1062 53 
739 103 231 1063 1064 
740 231 121 558 1063 
741 1063 558 123 1065 
742 1064 1063 1065 75 
743 117 142 1066 1067 
744 142 83 200 1066 
745 1066 200 125 1068 
746 1067 1066 1068 136 
747 130 1070 1069 197 
748 1070 191 222 1069 
749 1069 222 190 1071 
750 197 1069 1071 170 
751 190 225 1072 1073 
752 225 192 1074 1072 
753 1072 1074 131 240 
754 1073 1072 240 193 
755 170 1071 1075 209 
756 1071 190 1073 1075 
757 1075 1073 193 1076 
758 209 1075 1076 128 
759 105 1078 1077 224 
760 1078 218 255 1077 
761 1077 255 217 1079 
762 224 1077 1079 192 
763 217 258 1080 1081 
764 258 219 1082 1080 
765 1080 1082 186 267 
766 1081 1080 267 220 
767 192 1079 1083 1074 
768 1079 217 1081 1083 
769 1083 1081 220 260 
770 1074 1083 260 131 
771 128 1076 1084 1085 
772 1076 193 239 1084 
773 1084 239 226 1086 
774 1085 1084 1086 205 
775 229 375 1087 1088 
776 375 230 562 1087 
777 1087 562 121 1089 
778 1088 1087 1089 231 
779 126 335 1090 1091 
780 335 229 1088 1090 
781 1090 1088 231 1092 
782 1091 1090 1092 103 
783 109 237 1093 1094 
784 237 189 356 1093 
785 1093 356 232 1095 
786 1094 1093 1095 201 
787 219 285 1096 1082 
788 285 250 1097 1096 
789 1096 1097 253 1098 
790 1082 1096 1098 186 
791 186 1098 1099 268 
792 1098 253 1100 1099 
793 1099 1100 263 1101 
794 268 1099 1101 236 
795 301 393 1102 1103 
796 393 303 1104 1102 
797 1102 1104 91 407 
798 1103 1102 407 304 
799 248 382 1105 349 
800 382 301 1103 1105 
801 1105 1103 304 400 
802 349 1105 400 185 
803 314 1107 1106 385 
804 1107 316 449 1106 
805 1106 449 184 391 
806 385 1106 391 302 
807 292 1109 1108 323 
808 1109 317 1110 1108 
809 1108 1110 306 325 
810 323 1108 325 247 
811 338 354 1111 360 
812 354 249 1112 1111 
813 1111 1112 341 1113 
814 360 1111 1113 339 
815 122 511 1114 559 
816 511 367 1115 1114 
817 1114 1115 369 1116 
818 559 1114 1116 77 
819 370 514 1117 563 
820 514 371 1118 1117 
821 1117 1118 122 1119 
822 563 1117 1119 372 
823 303 419 1120 1104 
824 419 386 477 1120 
825 1120 477 389 421 
826 1104 1120 421 91 
827 374 423 1121 1122 
828 423 403 566 1121 
829 1121 566 405 1123 
830 1122 1121 1123 230 
831 416 471 1124 1125 
832 471 418 481 1124 
833 1124 481 386 1126 
834 1125 1124 1126 419 
835 432 462 1127 482 
836 462 434 1128 1127 
837 1127 1128 388 1129 
838 482 1127 1129 435 
839 448 1132 1130 1131 
840 1132 440 452 1130 
841 1130 452 387 470 
842 1131 1130 470 417 
843 456 1134 1133 580 
844 1134 429 618 1133 
845 1133 618 457 1135 
846 580 1133 1135 455 
847 434 581 1136 1128 
848 581 455 1137 1136 
849 1136 1137 458 1138 
850 1128 1136 1138 388 
851 446 527 1139 486 
852 527 459 1140 1139 
853 1139 1140 462 1141 
854 486 1139 1141 432 
855 475 499 1142 1143 
856 499 443 501 1142 
857 1142 501 485 1144 
858 1143 1142 1144 493 
859 371 624 1145 1118 
860 624 509 1146 1145 
861 1145 1146 511 1147 
862 1118 1145 1147 122 
863 404 531 1148 567 
864 531 512 1149 1148 
865 1148 1149 514 1150 
866 567 1148 1150 370 
867 422 540 1151 1152 
868 540 515 570 1151 
869 1151 570 517 1153 
870 1152 1151 1153 403 
871 442 1155 1154 523 
872 1155 518 1156 1154 
873 1154 1156 456 579 
874 523 1154 579 297 
875 529 1158 1157 586 
876 1158 431 632 1157 
877 1157 632 530 1159 
878 586 1157 1159 528 
879 516 587 1160 571 
880 587 528 1161 1160 
881 1160 1161 531 1162 
882 571 1160 1162 404 
883 84 1164 1163 762 
884 1164 659 1165 1163 
885 1163 1165 658 912 
886 762 1163 912 295 
887 589 1167 1166 677 
888 1167 671 701 1166 
889 1166 701 670 1168 
890 677 1166 1168 638 
891 641 1170 1169 688 
892 1170 679 730 1169 
893 1169 730 681 1171 
894 688 1169 1171 591 
895 696 759 1172 1173 
896 759 698 1174 1172 
897 1172 1174 666 787 
898 1173 1172 787 699 
899 672 740 1175 1176 
900 740 696 1173 1175 
901 1175 1173 699 1177 
902 1176 1175 1177 590 
903 590 1177 1178 1179 
904 1177 699 786 1178 
905 1178 786 723 745 
906 1179 1178 745 680 
907 695 1182 1180 1181 
908 1182 734 770 1180 
909 1180 770 697 738 
910 1181 1180 738 424 
911 698 797 1183 1174 
912 797 752 847 1183 
913 1183 847 755 825 
914 1174 1183 825 666 
915 794 823 1184 1185 
916 823 796 856 1184 
917 1184 856 752 1186 
918 1185 1184 1186 797 
919 751 929 1187 887 
920 929 665 1188 1187 
921 1187 1188 799 1189 
922 887 1187 1189 798 
923 753 1191 1190 822 
924 1191 816 863 1190 
925 1190 863 815 857 
926 822 1190 857 796 
927 824 1194 1192 1193 
928 1194 826 883 1192 
929 1192 883 778 836 
930 1193 1192 836 805 
931 778 885 1195 837 
932 885 831 893 1195 
933 1195 893 830 1196 
934 837 1195 1196 806 
935 768 1198 1197 861 
936 1198 839 1199 1197 
937 1197 1199 812 843 
938 861 1197 843 426 
939 426 1201 1200 865 
940 1201 843 1202 1200 
941 1200 1202 842 904 
942 865 1200 904 817 
943 779 910 1203 894 
944 910 876 1204 1203 
945 1203 1204 889 1205 
946 894 1203 1205 832 
947 295 1207 1206 936 
948 1207 912 1208 1206 
949 1206 1208 911 993 
950 936 1206 993 664 
951 920 1210 1209 942 
952 1210 662 984 1209 
953 1209 984 921 1211 
954 942 1209 1211 919 
955 919 1211 1212 1213 
956 1211 921 1214 1212 
957 1212 1214 750 974 
958 1213 1212 974 922 
959 813 943 1215 945 
960 943 919 1213 1215 
961 1215 1213 922 952 
962 945 1215 952 748 
963 828 954 1216 956 
964 954 927 1217 1216 
965 1216 1217 929 1218 
966 956 1216 1218 751 
967 934 1220 1219 982 
968 1220 936 1221 1219 
969 1219 1221 664 997 
970 982 1219 997 916 
971 87 995 1222 967 
972 995 914 1223 1222 
973 1222 1223 963 1224 
974 967 1222 1224 718 
975 665 972 1225 1188 
976 972 918 1226 1225 
977 1225 1226 966 1227 
978 1188 1225 1227 799 
979 918 1006 1228 1226 
980 1006 87 1229 1228 
981 1228 1229 967 1230 
982 1226 1228 1230 966 
983 977 1003 1231 1232 
984 1003 979 1008 1231 
985 1231 1008 915 1233 
986 1232 1231 1233 970 
987 921 987 1234 1214 
988 987 977 1232 1234 
989 1234 1232 970 989 
990 1214 1234 989 750 
991 916 1236 1235 1002 
992 1236 997 1237 1235 
993 1235 1237 996 1009 
994 1002 1235 1009 979 
995 28 707 1238 1025 
996 707 29 1239 1238 
997 1238 1239 3 1240 
998 1025 1238 1240 30 
999 44 710 1241 1037 
1000 710 45 1242 1241 
1001 1241 1242 28 1243 
1002 1037 1241 1243 46 
1003 72 713 1244 1049 
1004 713 73 1245 1244 
1005 1244 1245 44 1246 
1006 1049 1244 1246 74 
1007 101 127 1247 1248 
1008 127 103 1064 1247 
1009 1247 1064 75 1249 
1010 1248 1247 1249 104 
1011 102 138 1250 1251 
1012 138 101 1248 1250 
1013 1250 1248 104 1252 
1014 1251 1250 1252 76 
1015 118 716 1253 1061 
1016 716 119 1254 1253 
1017 1253 1254 72 1255 
1018 1061 1253 1255 120 
1019 124 234 1256 1257 
1020 234 126 1091 1256 
1021 1256 1091 103 1258 
1022 1257 1256 1258 127 
1023 125 202 1259 1260 
1024 202 124 1257 1259 
1025 1259 1257 127 1261 
1026 1260 1259 1261 101 
1027 136 1068 1262 1263 
1028 1068 125 1260 1262 
1029 1262 1260 101 1264 
1030 1263 1262 1264 138 
1031 132 228 1265 1266 
1032 228 109 1094 1265 
1033 1265 1094 201 1267 
1034 1266 1265 1267 199 
1035 171 210 1268 1269 
1036 210 128 1085 1268 
1037 1268 1085 205 1270 
1038 1269 1268 1270 203 
1039 367 719 1271 1115 
1040 719 368 1272 1271 
1041 1271 1272 118 1273 
1042 1115 1271 1273 369 
1043 373 409 1274 1275 
1044 409 374 1122 1274 
1045 1274 1122 230 1276 
1046 1275 1274 1276 375 
1047 334 402 1277 1278 
1048 402 373 1275 1277 
1049 1277 1275 375 1279 
1050 1278 1277 1279 229 
1051 455 1135 1280 1137 
1052 1135 457 1281 1280 
1053 1280 1281 428 1282 
1054 1137 1280 1282 458 
1055 509 722 1283 1146 
1056 722 510 1284 1283 
1057 1283 1284 367 1285 
1058 1146 1283 1285 511 
1059 512 628 1286 1149 
1060 628 513 1287 1286 
1061 1286 1287 371 1288 
1062 1149 1286 1288 514 
1063 518 1290 1289 1156 
1064 1290 520 1291 1289 
1065 1289 1291 429 1134 
1066 1156 1289 1134 456 
1067 528 1159 1292 1161 
1068 1159 530 1293 1292 
1069 1292 1293 512 1294 
1070 1161 1292 1294 531 
1071 457 621 1295 1281 
1072 621 592 1296 1295 
1073 1295 1296 595 1297 
1074 1281 1295 1297 428 
1075 520 1299 1298 1291 
1076 1299 614 1300 1298 
1077 1298 1300 593 619 
1078 1291 1298 619 429 
1079 513 684 1301 1287 
1080 684 622 1302 1301 
1081 1301 1302 624 1303 
1082 1287 1301 1303 371 
1083 530 635 1304 1293 
1084 635 625 1305 1304 
1085 1304 1305 628 1306 
1086 1293 1304 1306 512 
1087 670 704 1307 1308 
1088 704 672 1176 1307 
1089 1307 1176 590 1309 
1090 1308 1307 1309 673 
1091 638 1168 1310 1311 
1092 1168 670 1308 1310 
1093 1310 1308 673 1312 
1094 1311 1310 1312 588 
1095 588 1312 1313 1314 
1096 1312 673 1315 1313 
1097 1313 1315 679 1170 
1098 1314 1313 1170 641 
1099 673 1309 1316 1315 
1100 1309 590 1179 1316 
1101 1316 1179 680 731 
1102 1315 1316 731 679 
1103 693 1319 1317 1318 
1104 1319 695 1181 1317 
1105 1317 1181 424 702 
1106 1318 1317 702 671 
1107 645 1322 1320 1321 
1108 1322 693 1318 1320 
1109 1320 1318 671 1167 
1110 1321 1320 1167 589 
1111 368 965 1323 1272 
1112 965 714 1324 1323 
1113 1323 1324 716 1325 
1114 1272 1323 1325 118 
1115 510 800 1326 1284 
1116 800 717 1327 1326 
1117 1326 1327 719 1328 
1118 1284 1326 1328 367 
1119 839 1330 1329 1199 
1120 1330 841 1331 1329 
1121 1329 1331 749 924 
1122 1199 1329 924 812 
1123 927 976 1332 1217 
1124 976 928 1333 1332 
1125 1332 1333 665 1334 
1126 1217 1332 1334 929 
1127 841 1336 1335 1331 
1128 1336 937 1337 1335 
1129 1335 1337 920 941 
1130 1331 1335 941 749 
1131 970 1233 1338 990 
1132 1233 915 1339 1338 
1133 1338 1339 971 1340 
1134 990 1338 1340 969 
1135 928 991 1341 1333 
1136 991 969 1342 1341 
1137 1341 1342 972 1343 
1138 1333 1341 1343 665 
1139 915 1011 1344 1339 
1140 1011 999 1345 1344 
1141 1344 1345 1004 1346 
1142 1339 1344 1346 971 
1143 83 206 1347 1348 
1144 206 132 1266 1347 
1145 1347 1266 199 1349 
1146 1348 1347 1349 200 
1147 333 378 1350 1351 
1148 378 334 1278 1350 
1149 1350 1278 229 1352 
1150 1351 1350 1352 335 
1151 233 342 1353 1354 
1152 342 333 1351 1353 
1153 1353 1351 335 1355 
1154 1354 1353 1355 126 
1155 622 728 1356 1302 
1156 728 623 1357 1356 
1157 1356 1357 509 1358 
1158 1302 1356 1358 624 
1159 636 678 1359 1360 
1160 678 638 1311 1359 
1161 1359 1311 588 1361 
1162 1360 1359 1361 639 
1163 639 1361 1362 1363 
1164 1361 588 1314 1362 
1165 1362 1314 641 687 
1166 1363 1362 687 640 
1167 643 1366 1364 1365 
1168 1366 645 1321 1364 
1169 1364 1321 589 676 
1170 1365 1364 676 637 
1171 717 968 1367 1327 
1172 968 718 1368 1367 
1173 1367 1368 368 1369 
1174 1327 1367 1369 719 
1175 623 743 1370 1357 
1176 743 720 1371 1370 
1177 1370 1371 722 1372 
1178 1357 1370 1372 509 
1179 937 1374 1373 1337 
1180 1374 939 1375 1373 
1181 1373 1375 662 1210 
1182 1337 1373 1210 920 
1183 718 1224 1376 1368 
1184 1224 963 1377 1376 
1185 1376 1377 965 1378 
1186 1368 1376 1378 368 
1187 969 1340 1379 1342 
1188 1340 971 1380 1379 
1189 1379 1380 918 1381 
1190 1342 1379 1381 972 
1191 939 1383 1382 1375 
1192 1383 980 1384 1382 
1193 1382 1384 978 985 
1194 1375 1382 985 662 
1195 971 1346 1385 1380 
1196 1346 1004 1386 1385 
1197 1385 1386 1006 1387 
1198 1380 1385 1387 918 
