2 0.000000 100.000000 5791.461216
1397 1213 
1 -276.279947 0.000000 -280.206777 99.999879 -0.000009 -0.000104 0.000002 
2 331.535936 0.000000 -280.206777 99.999899 -0.000308 -0.000329 0.000002 
3 331.535936 0.000000 285.678573 100.000014 0.000318 -0.000571 -0.000000 
4 -276.279947 0.000000 285.678573 100.000031 0.000041 0.000115 -0.000001 
5 27.627995 0.000000 2.735898 104.477036 -0.001773 -9.405355 -0.100391 
6 -276.279947 0.000000 2.735898 99.999630 0.000042 0.000101 0.000007 
7 27.627995 0.000000 -280.206777 100.000038 -0.000051 -0.000270 -0.000001 
8 331.535936 0.000000 2.735898 99.999642 0.060803 -1.047028 -0.000103 
9 27.627995 0.000000 285.678573 100.000433 0.000144 -0.000257 -0.000009 
10 -124.325976 0.000000 -138.735440 99.999280 0.000131 -0.000871 0.000014 
11 -276.279947 0.000000 -138.735440 99.999717 0.000019 -0.000104 0.000006 
12 -124.325976 0.000000 -280.206777 99.999892 -0.000008 -0.000266 0.000002 
13 27.627995 0.000000 -138.735440 100.001131 0.000408 -0.001373 -0.000023 
14 -124.325976 0.000000 2.735898 99.997045 0.000371 0.000524 0.000059 
15 179.581965 0.000000 -138.735440 99.999447 -0.000444 -0.000809 0.000011 
16 179.581965 0.000000 -280.206777 99.999936 -0.000192 -0.000206 0.000001 
17 331.535936 0.000000 -138.735440 99.999735 -0.000752 -0.001562 0.000005 
18 179.581965 0.000000 2.735898 99.996671 0.060956 -1.045548 -0.000043 
19 -124.325976 0.000000 144.207236 100.000005 0.000136 0.000855 -0.000000 
20 -276.279947 0.000000 144.207236 99.999877 0.000042 0.000212 0.000002 
21 27.627995 0.000000 144.207236 100.002538 0.000370 -0.001117 -0.000051 
22 -124.325976 0.000000 285.678573 100.000208 0.000076 0.000132 -0.000004 
23 -48.348991 0.000000 -67.999771 99.995000 0.001348 -0.006976 0.000100 
24 -124.325976 0.000000 -67.999771 99.997963 0.000284 -0.001019 0.000041 
25 -48.348991 0.000000 -138.735440 99.999668 0.000311 -0.001986 0.000007 
26 27.627995 0.000000 -67.999771 100.011332 0.004295 -0.009328 -0.000227 
27 -48.348991 0.000000 2.735898 99.973180 0.040938 -0.005135 0.000536 
28 179.581965 0.000000 144.207236 99.999880 0.000607 -0.002785 0.000002 
29 331.535936 0.000000 144.207236 99.999843 0.000721 -0.002025 0.000003 
30 179.581965 0.000000 285.678573 100.000184 0.000243 -0.000619 -0.000004 
31 103.604980 0.000000 -67.999771 99.996689 0.000342 0.001350 0.000066 
32 103.604980 0.000000 -138.735440 100.000114 0.000003 -0.000040 -0.000002 
33 179.581965 0.000000 -67.999771 99.998029 -0.001321 -0.005214 0.000039 
34 103.604980 0.000000 2.735898 99.967321 0.062999 -1.046593 0.000544 
35 -48.348991 0.000000 73.471567 99.999546 0.000992 0.006603 0.000009 
36 -124.325976 0.000000 73.471567 99.998823 0.000250 0.001494 0.000024 
37 27.627995 0.000000 73.471567 100.015229 0.001859 -0.005017 -0.000305 
38 -48.348991 0.000000 144.207236 100.001082 0.000257 0.001152 -0.000022 
39 -10.360498 0.000000 -32.631936 99.995037 0.067570 -0.089998 0.000098 
40 -48.348991 0.000000 -32.631936 99.984160 0.002785 -0.009663 0.000317 
41 -10.360498 0.000000 -67.999771 99.999532 0.002920 -0.015269 0.000009 
42 27.627995 0.000000 -32.631936 100.068023 0.068019 -0.079231 -0.001362 
43 -10.360498 0.000000 2.735898 99.593107 0.003659 0.075142 0.008121 
44 103.604980 0.000000 73.471567 99.998602 0.001233 -0.015226 0.000028 
45 179.581965 0.000000 73.471567 99.998503 0.001417 -0.009102 0.000030 
46 103.604980 0.000000 144.207236 100.000959 0.000471 -0.003284 -0.000019 
47 65.616487 0.000000 -32.631936 99.992534 -0.007922 0.071183 0.000149 
48 65.616487 0.000000 -67.999771 100.004178 0.002746 0.005441 -0.000084 
49 103.604980 0.000000 -32.631936 99.982681 -0.000301 -0.011636 0.000346 
50 65.616487 0.000000 2.735898 99.440596 0.030524 -1.302600 0.010987 
51 -10.360498 0.000000 38.103732 99.981161 0.023515 0.036093 0.000377 
52 -48.348991 0.000000 38.103732 99.990200 0.002314 0.011493 0.000196 
53 27.627995 0.000000 38.103732 100.048656 0.052090 -0.019037 -0.000974 
54 -10.360498 0.000000 73.471567 100.006194 0.001880 0.008439 -0.000124 
55 8.633748 0.000000 -14.948019 99.921449 -0.003970 -0.343808 0.001559 
56 -10.360498 0.000000 -14.948019 99.848368 -0.035018 -0.145663 0.003028 
57 8.633748 0.000000 -32.631936 99.979162 -0.009007 -0.101373 0.000416 
58 27.627995 0.000000 -14.948019 100.143084 0.089765 -0.677453 -0.002910 
59 8.633748 0.000000 2.735898 102.709330 -0.237789 15.255703 -0.078200 
60 -200.302961 0.000000 -67.999771 99.999210 0.000086 -0.000179 0.000016 
61 -276.279947 0.000000 -67.999771 99.999632 0.000034 -0.000027 0.000007 
62 -200.302961 0.000000 -138.735440 99.999521 0.000050 -0.000301 0.000010 
63 -200.302961 0.000000 2.735898 99.999126 0.000103 0.000195 0.000017 
64 -86.337483 0.000000 -32.631936 99.993902 0.000851 -0.001881 0.000122 
65 -124.325976 0.000000 -32.631936 99.997191 0.000353 -0.000476 0.000056 
66 -86.337483 0.000000 -67.999771 99.996602 0.000591 -0.002662 0.000068 
67 -86.337483 0.000000 2.735898 99.992918 0.000947 0.001366 0.000142 
68 -29.354744 0.000000 -14.948019 99.948553 0.037252 -0.045091 0.001028 
69 -48.348991 0.000000 -14.948019 99.977561 0.037405 -0.013722 0.000449 
70 -29.354744 0.000000 -32.631936 99.979894 0.019988 -0.039270 0.000402 
71 -29.354744 0.000000 2.735898 99.924552 0.035767 -0.014795 0.001508 
72 65.616487 0.000000 38.103732 99.985188 -0.089217 -0.089615 0.000295 
73 103.604980 0.000000 38.103732 99.987823 0.002490 -0.047338 0.000243 
74 65.616487 0.000000 73.471567 100.006325 0.001091 -0.018596 -0.000127 
75 8.633748 0.000000 20.419815 100.106737 -0.038141 0.304379 -0.002145 
76 -10.360498 0.000000 20.419815 99.963985 0.043535 0.175587 0.000717 
77 27.627995 0.000000 20.419815 100.295090 0.066843 -0.125087 -0.005913 
78 8.633748 0.000000 38.103732 99.996558 0.064747 0.044567 0.000068 
79 -0.863375 0.000000 -6.106061 99.262883 -0.121031 -1.120573 0.014561 
80 -10.360498 0.000000 -6.106061 99.678937 -0.017260 -0.139677 0.006409 
81 -0.863375 0.000000 -14.948019 99.888735 -0.013655 -0.337964 0.002213 
82 8.633748 0.000000 -6.106061 99.974971 -0.074913 -0.518188 0.000473 
83 -0.863375 0.000000 2.735898 97.579279 -0.033374 1.769814 0.047515 
84 46.622241 0.000000 -14.948019 100.154659 0.302971 0.419095 -0.003122 
85 46.622241 0.000000 -32.631936 100.048163 0.109789 0.029349 -0.000965 
86 65.616487 0.000000 -14.948019 99.707191 -0.045487 0.062776 0.005847 
87 46.622241 0.000000 2.735898 98.757887 -0.014306 -4.016588 0.023075 
88 18.130872 0.000000 -6.106061 98.671282 -0.097831 -0.882684 0.026319 
89 18.130872 0.000000 -14.948019 99.693879 -0.120265 -0.420025 0.006094 
90 27.627995 0.000000 -6.106061 100.685160 0.174471 -3.089865 -0.014708 
91 18.130872 0.000000 2.735898 -5.045990 -0.009083 0.190365 0.997450 
92 -200.302961 0.000000 73.471567 99.999466 0.000091 0.000466 0.000011 
93 -276.279947 0.000000 73.471567 99.999736 0.000044 0.000199 0.000005 
94 -200.302961 0.000000 144.207236 99.999849 0.000072 0.000419 0.000003 
95 -86.337483 0.000000 38.103732 99.995502 0.000752 0.003375 0.000090 
96 -124.325976 0.000000 38.103732 99.997781 0.000325 0.001334 0.000044 
97 -86.337483 0.000000 73.471567 99.998439 0.000477 0.003076 0.000031 
98 -29.354744 0.000000 20.419815 99.950447 0.025219 0.017163 0.000991 
99 -48.348991 0.000000 20.419815 99.981326 0.003244 0.010567 0.000373 
100 -29.354744 0.000000 38.103732 99.981053 0.036830 0.017789 0.000379 
101 -0.863375 0.000000 11.577857 99.735501 0.003459 0.562771 0.005251 
102 -10.360498 0.000000 11.577857 99.788721 0.048057 0.171552 0.004218 
103 8.633748 0.000000 11.577857 100.060704 -0.092130 0.897656 -0.001296 
104 -0.863375 0.000000 20.419815 99.971286 0.013682 0.234590 0.000569 
105 3.885187 0.000000 -1.685081 107.053498 -0.235982 -3.575445 -0.147329 
106 -0.863375 0.000000 -1.685081 95.701522 -0.037553 -2.533884 0.083480 
107 3.885187 0.000000 -6.106061 100.011239 -0.104387 -1.315875 -0.000399 
108 8.633748 0.000000 -1.685081 104.195197 -0.210950 2.214368 -0.086159 
109 3.885187 0.000000 2.735898 98.523422 -0.069808 7.290779 0.023998 
110 -19.857621 0.000000 -6.106061 99.868168 0.001585 -0.071566 0.002634 
111 -29.354744 0.000000 -6.106061 99.930862 0.038449 -0.034368 0.001382 
112 -19.857621 0.000000 -14.948019 99.914773 0.009020 -0.069277 0.001703 
113 -19.857621 0.000000 2.735898 99.854797 0.034094 0.017883 0.002902 
114 -5.611936 0.000000 -1.685081 99.045102 0.010247 -0.236380 0.019001 
115 -10.360498 0.000000 -1.685081 99.586000 -0.005908 -0.053872 0.008263 
116 -5.611936 0.000000 -6.106061 99.466539 0.019456 -0.358049 0.010628 
117 -5.611936 0.000000 2.735898 99.134429 -0.013488 0.287667 0.017228 
118 46.622241 0.000000 20.419815 100.094212 0.079602 -0.411634 -0.001903 
119 65.616487 0.000000 20.419815 99.950157 0.029071 -0.368767 0.000983 
120 46.622241 0.000000 38.103732 100.041435 -0.074365 -0.112349 -0.000831 
121 18.130872 0.000000 11.577857 100.876911 -0.010637 0.376655 -0.017629 
122 27.627995 0.000000 11.577857 100.457646 -0.010029 -0.453765 -0.009194 
123 18.130872 0.000000 20.419815 100.290138 -0.015660 0.194807 -0.005815 
124 3.885187 0.000000 7.156877 99.334591 -0.071858 1.605728 0.013006 
125 -0.863375 0.000000 7.156877 99.395373 0.077396 1.107931 0.011933 
126 8.633748 0.000000 7.156877 99.795671 0.016264 1.813573 0.003753 
127 3.885187 0.000000 11.577857 99.979033 -0.102142 0.868548 0.000343 
128 1.510906 0.000000 0.525408 87.108897 -0.063140 34.325536 0.123379 
129 -0.863375 0.000000 0.525408 94.609251 -0.022848 1.515878 0.104679 
130 1.510906 0.000000 -1.685081 105.535007 -0.156847 -18.745908 -0.148907 
131 3.885187 0.000000 0.525408 97.610894 -0.033492 26.179400 -0.021325 
132 1.510906 0.000000 2.735898 97.134182 -0.094141 4.615138 0.054364 
133 -19.857621 0.000000 11.577857 99.886046 -0.034127 0.023624 0.002278 
134 -29.354744 0.000000 11.577857 99.933465 0.030078 0.003573 0.001330 
135 -19.857621 0.000000 20.419815 99.927112 0.035501 0.036177 0.001457 
136 -5.611936 0.000000 7.156877 99.498343 0.031487 0.371406 0.009994 
137 -10.360498 0.000000 7.156877 99.689149 -0.004748 0.154759 0.006205 
138 -5.611936 0.000000 11.577857 99.738596 0.027331 0.314376 0.005211 
139 -3.237656 0.000000 0.525408 97.952779 -0.004405 0.156995 0.040523 
140 -5.611936 0.000000 0.525408 98.985892 0.015523 0.045754 0.020179 
141 -3.237656 0.000000 -1.685081 98.138190 -0.016818 -0.529782 0.036861 
142 -3.237656 0.000000 2.735898 98.434651 0.062904 0.644477 0.031020 
143 -48.348991 0.000000 -209.471108 99.999957 0.000061 -0.000687 0.000001 
144 -124.325976 0.000000 -209.471108 99.999753 0.000038 -0.000482 0.000005 
145 -48.348991 0.000000 -280.206777 99.999971 -0.000018 -0.000316 0.000001 
146 27.627995 0.000000 -209.471108 100.000213 0.000030 -0.000519 -0.000004 
147 -10.360498 0.000000 -103.367605 100.000498 0.000997 -0.004894 -0.000010 
148 -48.348991 0.000000 -103.367605 99.998755 0.000640 -0.003783 0.000025 
149 -10.360498 0.000000 -138.735440 100.000471 0.000405 -0.002130 -0.000009 
150 27.627995 0.000000 -103.367605 100.002817 0.001146 -0.002902 -0.000056 
151 8.633748 0.000000 -50.315854 100.025970 0.035553 -0.042124 -0.000520 
152 -10.360498 0.000000 -50.315854 100.007250 0.051560 -0.039559 -0.000145 
153 8.633748 0.000000 -67.999771 100.005699 0.003959 -0.015683 -0.000114 
154 27.627995 0.000000 -50.315854 100.053119 -0.000924 -0.022248 -0.001063 
155 -0.863375 0.000000 -23.789978 99.908784 0.004495 -0.135123 0.001822 
156 -10.360498 0.000000 -23.789978 99.940171 0.020469 -0.115489 0.001195 
157 -0.863375 0.000000 -32.631936 99.994343 0.008665 -0.109207 0.000112 
158 8.633748 0.000000 -23.789978 100.011417 -0.017474 -0.206032 -0.000233 
159 3.885187 0.000000 -10.527040 99.883559 0.010118 -0.611940 0.002290 
160 -0.863375 0.000000 -10.527040 99.732815 -0.015356 -0.492068 0.005312 
161 3.885187 0.000000 -14.948019 99.872556 0.002532 -0.335334 0.002536 
162 8.633748 0.000000 -10.527040 99.960413 -0.094817 -0.540680 0.000761 
163 1.510906 0.000000 -3.895571 99.308256 -0.077165 -2.895256 0.012948 
164 -0.863375 0.000000 -3.895571 98.404184 -0.057577 -1.516369 0.031431 
165 1.510906 0.000000 -6.106061 99.378995 -0.053479 -1.224425 0.012231 
166 3.885187 0.000000 -3.895571 100.548825 -0.113475 -2.463916 -0.011615 
167 0.323766 0.000000 -0.579836 78.202911 -0.128161 9.816063 0.378793 
168 -0.863375 0.000000 -0.579836 93.386806 -0.028662 -0.776944 0.127830 
169 0.323766 0.000000 -1.685081 94.298054 -0.058807 -7.876096 0.104584 
170 1.510906 0.000000 -0.579836 96.124082 -0.136460 -0.629746 0.075975 
171 0.323766 0.000000 0.525408 89.883202 -0.044829 6.993747 0.187210 
172 -5.611936 0.000000 -10.527040 99.722218 0.011085 -0.283730 0.005540 
173 -10.360498 0.000000 -10.527040 99.772470 -0.035978 -0.160343 0.004543 
174 -5.611936 0.000000 -14.948019 99.829093 0.030577 -0.206176 0.003411 
175 -3.237656 0.000000 -3.895571 98.873287 -0.022284 -0.884544 0.022329 
176 -5.611936 0.000000 -3.895571 99.269582 0.007620 -0.351221 0.014543 
177 -3.237656 0.000000 -6.106061 99.418861 -0.024606 -0.821557 0.011521 
178 0.323766 0.000000 -2.790326 97.709904 -0.049672 -3.909261 0.043749 
179 -0.863375 0.000000 -2.790326 97.628317 -0.035126 -2.228892 0.046374 
180 0.323766 0.000000 -3.895571 98.738641 -0.046424 -2.410569 0.024487 
181 1.510906 0.000000 -2.790326 99.007680 -0.076623 -5.057157 0.017190 
182 13.382310 0.000000 -1.685081 102.296504 -0.243451 3.216967 -0.047498 
183 13.382310 0.000000 -6.106061 99.535646 -0.079977 -0.581830 0.009231 
184 18.130872 0.000000 -1.685081 100.877573 -0.229466 1.235613 -0.017786 
185 13.382310 0.000000 2.735898 103.222933 -0.192403 12.203487 -0.080394 
186 6.259468 0.000000 0.525408 -1.360529 0.079577 -1.159156 0.999680 
187 6.259468 0.000000 -1.685081 103.808690 -0.073868 -0.433595 -0.077644 
188 8.633748 0.000000 0.525408 6.851248 -0.083042 0.356688 0.995293 
189 6.259468 0.000000 2.735898 100.150746 -0.067053 7.018216 -0.007943 
190 2.698046 0.000000 -0.579836 -0.332655 0.003414 0.096003 0.999988 
191 2.698046 0.000000 -1.685081 107.258057 -0.165529 -9.041142 -0.158606 
192 3.885187 0.000000 -0.579836 106.841048 -0.110687 -2.758897 -0.142263 
193 2.698046 0.000000 0.525408 93.411473 -0.056697 30.123440 0.036687 
194 0.917336 0.000000 -1.132459 101.996084 -0.145523 -25.081618 -0.103231 
195 0.323766 0.000000 -1.132459 86.934669 -0.106426 -14.230049 0.223986 
196 0.917336 0.000000 -1.685081 103.885754 -0.189424 -26.784933 -0.150972 
197 1.510906 0.000000 -1.132459 105.364940 -0.157311 -18.352647 -0.143861 
198 0.917336 0.000000 -0.579836 90.384158 -0.141514 0.547754 0.183038 
199 1.510906 0.000000 4.946388 98.779094 -0.006053 2.202362 0.023784 
200 -0.863375 0.000000 4.946388 98.584776 -0.080297 1.116831 0.027979 
201 3.885187 0.000000 4.946388 99.277118 -0.058881 2.934907 0.013544 
202 1.510906 0.000000 7.156877 99.223027 -0.092965 1.257968 0.015320 
203 0.323766 0.000000 1.630653 95.131410 -0.036770 4.294834 0.093157 
204 -0.863375 0.000000 1.630653 96.411469 -0.016062 1.933181 0.070109 
205 1.510906 0.000000 1.630653 94.712466 -0.099136 8.008630 0.096540 
206 0.323766 0.000000 2.735898 97.147297 -0.036092 3.010422 0.055334 
207 0.917336 0.000000 -0.027214 82.167607 -0.109919 31.500216 0.225621 
208 0.323766 0.000000 -0.027214 75.267737 -0.085085 38.312721 0.286690 
209 1.510906 0.000000 -0.027214 86.992105 -0.116927 30.235875 0.151815 
210 0.917336 0.000000 0.525408 84.577309 -0.074761 37.987503 0.140362 
211 6.259468 0.000000 -3.895571 100.843256 -0.109371 -1.194960 -0.017080 
212 6.259468 0.000000 -6.106061 100.126143 -0.219063 -0.990195 -0.002627 
213 8.633748 0.000000 -3.895571 100.194955 -0.152340 -0.208824 -0.003910 
214 2.698046 0.000000 -2.790326 100.510543 -0.085507 -4.716181 -0.012462 
215 2.698046 0.000000 -3.895571 100.028885 -0.085461 -2.901508 -0.001420 
216 3.885187 0.000000 -2.790326 101.355495 -0.103485 -3.554236 -0.028558 
217 2.104476 0.000000 -1.132459 106.673389 0.016200 -14.487513 -0.158910 
218 2.104476 0.000000 -1.685081 107.194209 -0.147654 -12.302498 -0.164197 
219 2.698046 0.000000 -1.132459 107.259578 -0.153755 -10.000036 -0.160464 
220 2.104476 0.000000 -0.579836 107.183530 -0.149593 -12.573542 -0.164643 
221 2.698046 0.000000 1.630653 95.511039 -0.101218 11.874400 0.073663 
222 3.885187 0.000000 1.630653 98.225528 -0.041731 26.740245 -0.036330 
223 2.698046 0.000000 2.735898 97.625148 -0.090028 6.179809 0.043113 
224 2.104476 0.000000 -0.027214 91.128301 -0.069153 27.835954 0.092079 
225 2.698046 0.000000 -0.027214 93.993416 -0.010314 28.905071 0.032973 
226 2.104476 0.000000 0.525408 91.254461 -0.068756 31.000361 0.071160 
227 13.382310 0.000000 7.156877 100.443323 -0.028631 2.358302 -0.009442 
228 18.130872 0.000000 7.156877 101.285706 -0.143758 0.619068 -0.025920 
229 13.382310 0.000000 11.577857 100.417255 -0.143972 0.929555 -0.008451 
230 6.259468 0.000000 4.946388 99.630151 -0.027579 2.946567 0.006515 
231 8.633748 0.000000 4.946388 99.613194 -0.057490 3.056886 0.006786 
232 6.259468 0.000000 7.156877 99.670014 -0.130473 1.705601 0.006296 
233 5.072327 0.000000 1.630653 99.735904 -0.055316 23.417518 -0.049563 
234 5.072327 0.000000 0.525408 99.512504 -0.032672 24.520124 -0.050398 
235 6.259468 0.000000 1.630653 99.950565 -0.121358 20.545355 -0.041224 
236 5.072327 0.000000 2.735898 99.632224 -0.069581 7.632366 0.001516 
237 3.291617 0.000000 1.078031 96.414272 -1.774371 28.091426 -0.008799 
238 2.698046 0.000000 1.078031 93.621650 -0.035220 30.700150 0.029249 
239 3.291617 0.000000 0.525408 95.736939 -0.032767 28.215230 0.003834 
240 3.885187 0.000000 1.078031 97.462587 -0.040935 27.448968 -0.025240 
241 3.291617 0.000000 1.630653 96.047159 -0.095187 13.640201 0.058888 
242 5.072327 0.000000 -0.579836 -2.039373 0.008928 -0.620814 0.999546 
243 5.072327 0.000000 -1.685081 105.840292 -0.099808 -1.000198 -0.120318 
244 6.259468 0.000000 -0.579836 -1.927835 -0.004258 0.007901 0.999628 
245 5.072327 0.000000 -2.790326 101.678447 -0.104991 -2.326646 -0.034393 
246 5.072327 0.000000 -3.895571 100.827028 -0.110541 -1.857046 -0.016955 
247 6.259468 0.000000 -2.790326 101.694870 -0.161803 -0.959039 -0.034279 
248 4.478757 0.000000 -1.132459 106.518200 -0.103177 -2.142779 -0.135073 
249 3.885187 0.000000 -1.132459 107.007500 -0.114052 -3.542808 -0.146317 
250 4.478757 0.000000 -1.685081 106.337400 -0.099537 -1.616417 -0.131027 
251 5.072327 0.000000 -1.132459 105.838980 -0.099029 -1.000319 -0.120290 
252 4.478757 0.000000 -0.579836 -1.097226 0.005187 -0.371236 0.999866 
253 11.008029 0.000000 0.525408 7.927741 -0.007801 0.952348 0.993624 
254 11.008029 0.000000 -1.685081 103.515987 0.125264 3.100216 -0.072519 
255 13.382310 0.000000 0.525408 4.905158 -0.133811 0.695643 0.997544 
256 11.008029 0.000000 2.735898 103.565605 -0.183726 12.146737 -0.087341 
257 7.446608 0.000000 -0.579836 104.003358 -0.177562 1.937806 -0.082049 
258 7.446608 0.000000 -1.685081 103.938071 -0.155073 1.277858 -0.080478 
259 8.633748 0.000000 -0.579836 104.205091 0.070038 1.676021 -0.086151 
260 7.446608 0.000000 0.525408 3.587638 0.039213 -0.487696 0.998689 
261 5.665897 0.000000 -1.132459 104.753136 -0.083237 -0.591639 -0.097358 
262 5.665897 0.000000 -1.685081 104.866797 -0.081483 -0.627631 -0.099745 
263 6.259468 0.000000 -1.132459 103.811270 -0.072869 -0.447792 -0.077699 
264 5.665897 0.000000 -0.579836 -2.405465 0.010643 -0.955305 0.999330 
265 18.130872 0.000000 -23.789978 100.040070 0.080392 -0.214307 -0.000807 
266 18.130872 0.000000 -32.631936 99.994600 0.039009 -0.101376 0.000107 
267 27.627995 0.000000 -23.789978 100.087779 -0.012894 -0.170583 -0.001759 
268 13.382310 0.000000 -10.527040 99.712185 -0.283732 -0.364393 0.005727 
269 13.382310 0.000000 -14.948019 99.904904 -0.205697 -0.406101 0.001880 
270 18.130872 0.000000 -10.527040 99.767768 -0.225736 -0.703505 0.004585 
271 11.008029 0.000000 -3.895571 99.717461 -0.097905 -0.245489 0.005636 
272 11.008029 0.000000 -6.106061 99.759742 -0.214401 -0.456280 0.004774 
273 13.382310 0.000000 -3.895571 99.365735 -0.178256 -0.478194 0.012619 
274 7.446608 0.000000 -2.790326 101.078589 -0.070182 0.152399 -0.021691 
275 7.446608 0.000000 -3.895571 100.586978 -0.157784 -0.552813 -0.011807 
276 8.633748 0.000000 -2.790326 100.333830 -0.238162 0.587428 -0.006728 
277 5.665897 0.000000 -2.237704 102.455177 -0.096930 -1.845291 -0.050048 
278 5.072327 0.000000 -2.237704 102.371894 -0.095669 -2.432060 -0.048593 
279 5.665897 0.000000 -2.790326 101.743810 -0.098485 -1.707108 -0.035473 
280 6.259468 0.000000 -2.237704 102.475222 -0.093697 -0.652394 -0.050161 
281 6.853038 0.000000 -1.132459 103.746261 0.058253 0.292224 -0.076338 
282 6.853038 0.000000 -1.685081 103.744102 -0.125249 0.311670 -0.076295 
283 7.446608 0.000000 -1.132459 103.968942 -0.149995 1.016830 -0.081060 
284 6.853038 0.000000 -0.579836 103.762625 -0.122628 0.245522 -0.076676 
285 5.962682 0.000000 -1.408770 104.270235 -0.062505 -0.631704 -0.087268 
286 5.665897 0.000000 -1.408770 104.662168 -0.075202 -0.599480 -0.095453 
287 5.962682 0.000000 -1.685081 104.276310 -0.068134 -0.593128 -0.087391 
288 6.259468 0.000000 -1.408770 103.785918 -0.065581 -0.535327 -0.077181 
289 5.962682 0.000000 -1.132459 104.254071 -0.067803 -0.593622 -0.086927 
290 5.369112 0.000000 -1.408770 105.294962 -0.091625 -0.415653 -0.108721 
291 5.072327 0.000000 -1.408770 105.734653 -0.095579 -0.848226 -0.118055 
292 5.369112 0.000000 -1.685081 105.434861 -0.101041 -0.532511 -0.111680 
293 5.369112 0.000000 -1.132459 105.552128 -0.105606 -0.755806 -0.114183 
294 5.665897 0.000000 -0.027214 -2.181320 0.018146 -0.709908 0.999474 
295 5.072327 0.000000 -0.027214 -1.979257 0.012208 -0.552124 0.999578 
296 6.259468 0.000000 -0.027214 -1.396250 0.079555 -0.426987 0.999786 
297 5.665897 0.000000 0.525408 -2.564366 0.021298 -0.871118 0.999266 
298 5.962682 0.000000 -0.856148 103.844389 -0.060644 -0.636652 -0.078407 
299 5.665897 0.000000 -0.856148 105.202872 -0.090586 -0.628039 -0.106805 
300 6.259468 0.000000 -0.856148 103.843539 -0.060453 -0.638420 -0.078389 
301 5.962682 0.000000 -0.579836 -2.343525 0.006798 -0.343143 0.999439 
302 5.814290 0.000000 -1.270614 104.542488 -0.071563 -0.620216 -0.092952 
303 5.665897 0.000000 -1.270614 104.668781 -0.075762 -0.599986 -0.095592 
304 5.814290 0.000000 -1.408770 104.533639 -0.070720 -0.621877 -0.092767 
305 5.962682 0.000000 -1.270614 104.284135 -0.063595 -0.621715 -0.087557 
306 5.814290 0.000000 -1.132459 104.602425 -0.078907 -0.611265 -0.094205 
307 5.369112 0.000000 -0.856148 105.476330 -0.101218 -0.572286 -0.112559 
308 5.072327 0.000000 -0.856148 105.716841 -0.098119 -0.789910 -0.117668 
309 5.369112 0.000000 -0.579836 -1.794995 0.013277 -0.780692 0.999617 
310 5.517505 0.000000 -1.270614 105.110990 -0.194720 -0.647636 -0.104878 
311 5.369112 0.000000 -1.270614 105.500520 -0.101339 -0.668305 -0.113082 
312 5.517505 0.000000 -1.408770 105.056124 -0.087244 -0.551577 -0.103710 
313 5.517505 0.000000 -1.132459 105.094103 -0.215360 -0.691183 -0.104529 
314 6.853038 0.000000 -2.237704 103.814943 -0.115444 0.007960 -0.077756 
315 6.853038 0.000000 -2.790326 101.434523 -0.115826 -0.229650 -0.028903 
316 7.446608 0.000000 -2.237704 104.195443 -0.183665 2.047392 -0.086092 
317 5.962682 0.000000 -1.961392 103.776446 -0.043975 -0.774536 -0.077015 
318 5.665897 0.000000 -1.961392 104.943168 -0.079781 -0.527441 -0.101335 
319 5.962682 0.000000 -2.237704 102.519585 -0.099981 -1.287454 -0.051193 
320 6.259468 0.000000 -1.961392 103.776250 -0.043938 -0.775029 -0.077011 
321 5.814290 0.000000 -1.546926 104.548573 -0.072340 -0.619753 -0.093079 
322 5.665897 0.000000 -1.546926 104.742709 -0.074681 -0.622177 -0.097143 
323 5.814290 0.000000 -1.685081 104.493987 -0.067231 -0.606119 -0.091937 
324 5.962682 0.000000 -1.546926 104.225194 -0.065487 -0.615002 -0.086327 
325 5.740094 0.000000 -1.339692 104.592270 -0.072488 -0.611969 -0.093992 
326 5.665897 0.000000 -1.339692 104.663412 -0.075228 -0.599710 -0.095480 
327 5.740094 0.000000 -1.408770 104.591060 -0.072458 -0.612031 -0.093967 
328 5.814290 0.000000 -1.339692 104.534754 -0.070767 -0.621560 -0.092791 
329 5.740094 0.000000 -1.270614 104.601092 -0.073313 -0.611022 -0.094177 
330 4.478757 0.000000 1.078031 98.996496 -0.054674 24.849437 -0.041780 
331 4.478757 0.000000 0.525408 98.572191 -0.034567 25.546250 -0.036909 
332 5.072327 0.000000 1.078031 99.960730 -1.501164 22.982690 -0.052261 
333 4.478757 0.000000 1.630653 98.860617 -0.040976 25.649144 -0.043130 
334 7.446608 0.000000 1.630653 101.930548 -0.172449 15.176017 -0.062018 
335 8.633748 0.000000 1.630653 103.100826 -0.170037 10.252684 -0.073493 
336 7.446608 0.000000 2.735898 101.447925 -0.223607 18.488096 -0.063354 
337 5.665897 0.000000 1.078031 99.682726 -0.068989 21.850932 -0.041411 
338 6.259468 0.000000 1.078031 100.184013 -0.111897 19.513504 -0.041763 
339 5.665897 0.000000 1.630653 99.589081 -0.090974 21.653471 -0.038687 
340 5.072327 0.000000 3.841143 99.517319 -0.070215 4.381491 0.007710 
341 3.885187 0.000000 3.841143 99.031625 -0.055235 4.324591 0.017403 
342 6.259468 0.000000 3.841143 99.746254 0.083993 4.176527 0.003323 
343 5.072327 0.000000 4.946388 99.512342 -0.072257 2.960047 0.008853 
344 4.478757 0.000000 2.183276 98.750928 -0.089558 10.804868 0.013150 
345 3.885187 0.000000 2.183276 97.979262 -0.069763 10.177012 0.029649 
346 5.072327 0.000000 2.183276 99.642299 -0.084920 11.236832 -0.005486 
347 4.478757 0.000000 2.735898 99.065794 -0.081797 7.598203 0.012823 
348 4.775542 0.000000 1.354342 99.372996 -0.048157 24.452755 -0.047293 
349 4.478757 0.000000 1.354342 99.123902 -0.052196 24.659380 -0.043364 
350 4.775542 0.000000 1.078031 99.107798 -0.043065 24.950547 -0.044489 
351 5.072327 0.000000 1.354342 99.604378 -0.057951 23.661085 -0.048088 
352 4.775542 0.000000 1.630653 99.627006 -0.047682 23.890065 -0.049628 
353 9.820889 0.000000 -0.579836 104.035543 -0.150772 1.965474 -0.082728 
354 9.820889 0.000000 -1.685081 103.879158 -0.175450 2.689304 -0.079814 
355 11.008029 0.000000 -0.579836 103.713347 -0.155291 2.161873 -0.076116 
356 9.820889 0.000000 0.525408 7.944744 -0.035408 0.791561 0.993625 
357 9.820889 0.000000 -2.790326 99.943129 -0.190403 0.472542 0.001111 
358 9.820889 0.000000 -3.895571 99.987833 -0.216248 -0.199537 0.000235 
359 11.008029 0.000000 -2.790326 99.644862 -0.117178 0.325121 0.007078 
360 37.125118 0.000000 -6.106061 100.871032 0.164654 -0.140262 -0.017501 
361 37.125118 0.000000 -14.948019 100.239369 -0.107712 -0.136167 -0.004796 
362 46.622241 0.000000 -6.106061 100.672043 0.268277 1.216744 -0.013641 
363 37.125118 0.000000 2.735898 100.715663 0.157697 -3.515938 -0.015603 
364 22.879433 0.000000 -1.685081 95.094256 -0.069183 -1.242403 0.095553 
365 22.879433 0.000000 -6.106061 98.037714 -0.061876 -2.806311 0.038073 
366 27.627995 0.000000 -1.685081 105.313258 -0.019997 -4.090527 -0.110762 
367 22.879433 0.000000 2.735898 100.949817 -0.075248 -10.649540 -0.030428 
368 15.756591 0.000000 0.525408 -3.042143 0.134984 0.357169 0.999060 
369 15.756591 0.000000 -1.685081 101.215988 -0.184324 1.218018 -0.024619 
370 18.130872 0.000000 0.525408 -5.501682 0.038125 0.231070 0.996968 
371 15.756591 0.000000 2.735898 102.600420 -0.144163 11.644497 -0.066246 
372 12.195170 0.000000 -0.579836 102.783635 -0.228849 2.880105 -0.057282 
373 12.195170 0.000000 -1.685081 102.858123 -0.236919 3.325614 -0.059091 
374 13.382310 0.000000 -0.579836 101.646410 -0.233314 3.084146 -0.034156 
375 12.195170 0.000000 0.525408 7.416506 -0.102156 0.925940 0.994413 
376 10.414459 0.000000 -1.132459 103.993734 -0.139396 2.407648 -0.082051 
377 9.820889 0.000000 -1.132459 104.266235 -0.173368 2.419391 -0.087733 
378 10.414459 0.000000 -1.685081 103.873966 -0.152293 2.861575 -0.079801 
379 11.008029 0.000000 -1.132459 104.189208 -0.164964 2.586215 -0.086211 
380 10.414459 0.000000 -0.579836 103.907733 -0.121426 1.742005 -0.079987 
381 15.756591 0.000000 -3.895571 99.100951 -0.095961 -0.405845 0.017883 
382 15.756591 0.000000 -6.106061 99.302509 -0.238588 -0.665795 0.013851 
383 18.130872 0.000000 -3.895571 98.182324 -0.246644 -0.323313 0.036007 
384 12.195170 0.000000 -2.790326 99.411707 -0.154460 0.054509 0.011729 
385 12.195170 0.000000 -3.895571 99.548290 -0.112652 -0.326467 0.009002 
386 13.382310 0.000000 -2.790326 99.279796 -0.213379 -0.262852 0.014341 
387 10.414459 0.000000 -2.237704 104.186051 -0.161170 3.291583 -0.086559 
388 9.820889 0.000000 -2.237704 104.379949 -0.184231 3.165569 -0.090523 
389 10.414459 0.000000 -2.790326 99.769491 -0.104836 0.310646 0.004594 
390 11.008029 0.000000 -2.237704 104.346143 -0.192776 3.330550 -0.089925 
391 11.601599 0.000000 -1.132459 104.006240 -0.180004 2.546828 -0.082382 
392 11.601599 0.000000 -1.685081 103.652876 -0.186922 2.928239 -0.075253 
393 12.195170 0.000000 -1.132459 103.720126 -0.232546 3.029403 -0.076710 
394 11.601599 0.000000 -0.579836 103.758301 -0.166915 2.024621 -0.076991 
395 10.711244 0.000000 -1.408770 104.126892 -0.167635 2.993204 -0.085140 
396 10.414459 0.000000 -1.408770 104.089148 -0.016053 2.713692 -0.084192 
397 10.711244 0.000000 -1.685081 103.573459 -0.160018 2.893316 -0.073586 
398 11.008029 0.000000 -1.408770 104.130175 -0.035750 2.970143 -0.085192 
399 10.711244 0.000000 -1.132459 104.135371 -0.158161 2.541486 -0.085066 
400 11.008029 0.000000 4.946388 99.461496 -0.039621 3.891043 0.009227 
401 13.382310 0.000000 4.946388 99.823080 -0.188114 5.037260 0.000994 
402 11.008029 0.000000 7.156877 99.979075 -0.150985 2.118626 -0.000033 
403 9.820889 0.000000 1.630653 103.404892 -0.122198 8.520155 -0.076518 
404 11.008029 0.000000 1.630653 103.555516 -0.134562 7.879229 -0.078585 
405 9.820889 0.000000 2.735898 103.146447 -0.178518 14.157170 -0.083965 
406 9.820889 0.000000 3.841143 98.942250 -0.118103 5.213272 0.018324 
407 8.633748 0.000000 3.841143 99.272391 -0.112495 4.528095 0.012448 
408 11.008029 0.000000 3.841143 103.808320 -0.264143 17.408033 -0.107928 
409 9.820889 0.000000 4.946388 99.462337 -0.135285 3.389606 0.009574 
410 9.227319 0.000000 2.183276 103.017591 -0.208928 14.361516 -0.081892 
411 8.633748 0.000000 2.183276 102.687321 -0.255519 16.202196 -0.080726 
412 9.227319 0.000000 1.630653 103.149384 -0.176382 10.754403 -0.075548 
413 9.820889 0.000000 2.183276 103.189093 0.260751 12.439873 -0.080281 
414 9.227319 0.000000 2.735898 102.900887 -0.206794 13.916099 -0.078229 
415 12.195170 0.000000 1.630653 103.419172 -0.136076 6.064734 -0.073232 
416 13.382310 0.000000 1.630653 4.282293 -0.099882 2.394584 0.997592 
417 12.195170 0.000000 2.735898 103.522468 0.193937 12.871678 -0.088262 
418 10.414459 0.000000 2.183276 103.427611 -0.185344 12.995630 -0.086619 
419 10.414459 0.000000 1.630653 103.505922 -0.134309 8.503485 -0.078580 
420 11.008029 0.000000 2.183276 103.541976 -0.142466 9.095723 -0.080369 
421 10.414459 0.000000 2.735898 103.382613 -0.201930 14.425432 -0.089610 
422 7.446608 0.000000 3.841143 99.644583 -0.100706 4.174428 0.005352 
423 7.446608 0.000000 4.946388 99.649730 -0.045118 3.074466 0.006048 
424 9.227319 0.000000 3.288520 103.077552 -0.209142 16.045393 -0.088248 
425 8.633748 0.000000 3.288520 102.501153 -0.316802 19.341396 -0.088068 
426 9.820889 0.000000 3.288520 103.082293 -0.208269 16.107311 -0.088545 
427 9.227319 0.000000 3.841143 99.124332 -0.119924 4.740969 0.015188 
428 9.524104 0.000000 2.459587 103.089201 -0.178805 12.551311 -0.078495 
429 9.227319 0.000000 2.459587 102.884237 -0.226827 15.662557 -0.083053 
430 9.524104 0.000000 2.183276 103.024165 -0.205865 14.304972 -0.081865 
431 9.820889 0.000000 2.459587 103.231408 -0.178677 14.060197 -0.085444 
432 9.524104 0.000000 2.735898 102.946433 -0.207008 14.712464 -0.081447 
433 37.125118 0.000000 11.577857 100.576870 -0.095451 -0.707309 -0.011622 
434 46.622241 0.000000 11.577857 100.309659 -0.012705 -1.184197 -0.006343 
435 37.125118 0.000000 20.419815 100.220510 0.142530 -0.285903 -0.004425 
436 22.879433 0.000000 7.156877 100.732201 0.010693 -1.085275 -0.014815 
437 27.627995 0.000000 7.156877 100.567919 -0.228927 -1.199601 -0.011540 
438 22.879433 0.000000 11.577857 100.840964 -0.098938 -0.232471 -0.016896 
439 15.756591 0.000000 4.946388 102.040753 -0.191747 5.133277 -0.043870 
440 18.130872 0.000000 4.946388 103.804742 -0.221990 0.987821 -0.077645 
441 15.756591 0.000000 7.156877 101.024663 -0.204703 1.911533 -0.020968 
442 12.195170 0.000000 3.841143 103.305079 -0.248987 13.957423 -0.086681 
443 13.382310 0.000000 3.841143 103.099661 -0.189678 13.810609 -0.082031 
444 12.195170 0.000000 4.946388 99.590661 -0.096000 4.457726 0.006182 
445 14.569450 0.000000 -0.579836 100.157160 0.114600 2.924069 -0.004002 
446 14.569450 0.000000 -1.685081 101.449106 -0.184367 2.670611 -0.029909 
447 15.756591 0.000000 -0.579836 99.775518 -0.181300 1.546913 0.004242 
448 14.569450 0.000000 0.525408 1.254295 0.107929 0.367128 0.999828 
449 14.569450 0.000000 -2.790326 99.138074 -0.196046 -0.603043 0.017124 
450 14.569450 0.000000 -3.895571 99.310781 -0.182911 -0.661675 0.013690 
451 15.756591 0.000000 -2.790326 99.127721 -0.129730 -0.239383 0.017362 
452 20.505152 0.000000 0.525408 -7.212820 0.038691 -0.806804 0.994732 
453 20.505152 0.000000 -1.685081 97.856882 -0.162389 1.310734 0.042229 
454 22.879433 0.000000 0.525408 -2.668804 0.026816 0.636345 0.999247 
455 20.505152 0.000000 2.735898 -6.715243 0.009611 3.326433 0.994384 
456 16.943731 0.000000 -0.579836 99.104158 -0.290487 0.751364 0.017772 
457 16.943731 0.000000 -1.685081 100.415684 -0.268422 0.853028 -0.008411 
458 18.130872 0.000000 -0.579836 99.501887 -0.218879 1.431315 0.009728 
459 16.943731 0.000000 0.525408 -5.660293 -0.049947 0.521059 0.996769 
460 15.163021 0.000000 -1.132459 100.930398 -0.180994 2.213484 -0.019188 
461 14.569450 0.000000 -1.132459 101.484594 -0.182946 2.709124 -0.030650 
462 15.163021 0.000000 -1.685081 100.881828 -0.181810 2.292222 -0.018243 
463 15.756591 0.000000 -1.132459 100.546666 -0.182899 1.384544 -0.011158 
464 15.163021 0.000000 -0.579836 99.362854 -0.174846 2.659971 0.011992 
465 14.569450 0.000000 3.841143 102.764814 -0.153302 12.511402 -0.071717 
466 14.569450 0.000000 2.735898 102.871912 -0.148366 11.762224 -0.072100 
467 15.756591 0.000000 3.841143 102.623248 -0.134227 13.544125 -0.071499 
468 14.569450 0.000000 4.946388 100.635638 -0.154644 5.441057 -0.015716 
469 20.505152 0.000000 4.946388 103.193891 -0.121508 -1.632499 -0.065166 
470 22.879433 0.000000 4.946388 101.600490 -0.002502 -4.306860 -0.034121 
471 20.505152 0.000000 7.156877 101.125919 -0.093433 -0.437786 -0.022665 
472 16.943731 0.000000 3.841143 105.803083 -0.190307 7.648268 -0.125282 
473 16.943731 0.000000 2.735898 -7.481088 -0.045620 0.534311 0.994375 
474 18.130872 0.000000 3.841143 108.646396 -0.203055 0.000687 -0.180408 
475 16.943731 0.000000 4.946388 103.508235 -0.216057 3.102341 -0.072363 
476 22.879433 0.000000 -10.527040 100.023326 -0.004052 -1.317625 -0.000640 
477 22.879433 0.000000 -14.948019 99.921140 -0.152398 -0.664453 0.001530 
478 27.627995 0.000000 -10.527040 100.298268 -0.090860 -1.429058 -0.006179 
479 20.505152 0.000000 -3.895571 97.224197 -0.118284 -1.466426 0.054529 
480 20.505152 0.000000 -6.106061 97.973235 -0.016020 -1.633003 0.039858 
481 22.879433 0.000000 -3.895571 97.037907 -0.047970 -3.220457 0.057327 
482 16.943731 0.000000 -2.790326 98.853511 -0.270471 0.069256 0.022791 
483 16.943731 0.000000 -3.895571 98.767668 -0.248585 -0.275377 0.024481 
484 18.130872 0.000000 -2.790326 98.273571 -0.209772 -0.037013 0.034226 
485 19.318012 0.000000 -0.579836 98.759799 -0.193149 1.516144 0.024417 
486 19.318012 0.000000 -1.685081 99.793597 -0.191927 1.388141 0.003927 
487 20.505152 0.000000 -0.579836 97.395786 -0.160456 1.387748 0.051211 
488 19.318012 0.000000 0.525408 -5.807997 -0.034208 -0.267679 0.996619 
489 17.537301 0.000000 -1.132459 100.711929 -0.244566 1.143020 -0.014426 
490 16.943731 0.000000 -1.132459 99.955090 -0.271105 0.890480 0.000811 
491 17.537301 0.000000 -1.685081 101.177533 -0.243160 1.140047 -0.023825 
492 18.130872 0.000000 -1.132459 100.312337 -0.230021 1.291162 -0.006429 
493 17.537301 0.000000 -0.579836 100.020153 -0.246838 1.236197 -0.000562 
494 16.943731 0.000000 1.630653 -6.118463 -0.038102 0.931221 0.996170 
495 15.756591 0.000000 1.630653 -3.377558 0.067237 2.057735 0.998435 
496 18.130872 0.000000 1.630653 -5.627025 0.000033 0.621919 0.996795 
497 19.318012 0.000000 3.841143 108.064428 -0.184008 -4.514096 -0.169833 
498 19.318012 0.000000 2.735898 -4.565950 0.019114 1.914440 0.997549 
499 20.505152 0.000000 3.841143 106.663480 -0.160250 -7.702760 -0.143646 
500 19.318012 0.000000 4.946388 103.434572 -0.147094 -0.505416 -0.069899 
501 17.537301 0.000000 3.288520 107.964294 -0.179944 3.014639 -0.166541 
502 16.943731 0.000000 3.288520 105.632471 -0.183304 7.522498 -0.121484 
503 17.537301 0.000000 2.735898 -5.849748 0.003229 0.029721 0.996578 
504 18.130872 0.000000 3.288520 108.583029 -0.199087 0.142143 -0.179033 
505 17.537301 0.000000 3.841143 108.334189 -0.180615 2.709903 -0.174367 
506 19.318012 0.000000 -2.790326 97.415558 -0.176813 -0.455915 0.050997 
507 19.318012 0.000000 -3.895571 97.569870 -0.142885 -0.779637 0.047949 
508 20.505152 0.000000 -2.790326 96.654738 -0.119080 -1.019203 0.065681 
509 32.376556 0.000000 -1.685081 103.296374 -0.044909 -1.690985 -0.067300 
510 32.376556 0.000000 -6.106061 101.073688 0.100511 -1.608870 -0.021849 
511 37.125118 0.000000 -1.685081 102.016578 0.004896 2.797913 -0.041521 
512 32.376556 0.000000 2.735898 100.966283 0.080705 -9.697598 -0.028824 
513 25.253714 0.000000 0.525408 6.825800 0.049144 -0.443194 0.995321 
514 25.253714 0.000000 -1.685081 100.310651 -0.051034 -3.301359 -0.007313 
515 27.627995 0.000000 0.525408 99.935697 -0.002035 0.880736 0.001208 
516 25.253714 0.000000 2.735898 103.091428 -0.063418 -9.120911 -0.071104 
517 21.692293 0.000000 -0.579836 93.259152 -0.138819 1.254824 0.130114 
518 21.692293 0.000000 -1.685081 97.934499 -0.079554 -0.877805 0.040806 
519 22.879433 0.000000 -0.579836 94.721081 -0.066305 -1.586333 0.102540 
520 21.692293 0.000000 0.525408 -7.909243 0.014087 -0.180369 0.993741 
521 19.911582 0.000000 -1.132459 98.383893 -0.168765 1.389627 0.031865 
522 19.318012 0.000000 -1.132459 99.215896 -0.186845 1.419878 0.015416 
523 19.911582 0.000000 -1.685081 98.930503 -0.175290 1.373141 0.021084 
524 20.505152 0.000000 -1.132459 97.522880 -0.160976 1.362470 0.048741 
525 19.911582 0.000000 -0.579836 97.567924 -0.159827 1.477601 0.047829 
526 19.318012 0.000000 1.630653 -5.786303 -0.039905 1.018971 0.996548 
527 20.505152 0.000000 1.630653 -7.222410 0.007894 1.534755 0.994548 
528 32.376556 0.000000 7.156877 100.613617 0.004272 -0.798990 -0.012374 
529 37.125118 0.000000 7.156877 100.837072 0.193678 -1.347118 -0.016997 
530 32.376556 0.000000 11.577857 100.040130 0.050540 -0.334006 -0.000814 
531 25.253714 0.000000 4.946388 99.980887 -0.062489 -3.553769 -0.000881 
532 27.627995 0.000000 4.946388 99.330344 -0.249117 -2.488244 0.012723 
533 25.253714 0.000000 7.156877 100.605012 -0.092893 -1.451482 -0.012348 
534 21.692293 0.000000 3.841143 103.061285 -0.031300 -9.720461 -0.071612 
535 21.692293 0.000000 2.735898 -14.924899 0.046210 2.414897 0.977141 
536 22.879433 0.000000 3.841143 101.134567 -0.071166 -12.772516 -0.039134 
537 21.692293 0.000000 4.946388 103.033806 -0.008170 -3.210426 -0.062627 
538 19.911582 0.000000 3.288520 107.219073 -0.165167 -6.101692 -0.153319 
539 19.318012 0.000000 3.288520 107.865533 -0.175355 -4.589201 -0.165606 
540 19.911582 0.000000 2.735898 -4.980811 -0.024804 2.419568 0.996934 
541 20.505152 0.000000 3.288520 106.524336 -0.154401 -7.065214 -0.139738 
542 19.911582 0.000000 3.841143 107.384672 -0.167912 -5.894620 -0.156624 
543 25.253714 0.000000 -3.895571 98.735367 0.058665 -5.162366 0.022467 
544 25.253714 0.000000 -6.106061 99.508528 -0.091326 -3.491697 0.008585 
545 27.627995 0.000000 -3.895571 101.456904 0.026952 -4.778960 -0.031634 
546 21.692293 0.000000 -2.790326 96.324505 -0.093210 -1.271101 0.071997 
547 21.692293 0.000000 -3.895571 96.930367 -0.091972 -2.211794 0.059960 
548 22.879433 0.000000 -2.790326 96.046541 -0.052503 -1.854541 0.077162 
549 21.098722 0.000000 -1.132459 96.547465 -0.152816 1.208950 0.067710 
550 21.098722 0.000000 -1.685081 97.379688 -0.160109 1.263606 0.051557 
551 21.692293 0.000000 -1.132459 93.585129 -0.135224 1.071030 0.124066 
552 21.098722 0.000000 -0.579836 96.687187 -0.155455 1.270549 0.064995 
553 21.098722 0.000000 -2.237704 96.464168 -0.117570 -1.023026 0.069360 
554 20.505152 0.000000 -2.237704 96.423109 -0.119517 -0.944955 0.070168 
555 21.098722 0.000000 -2.790326 96.500213 -0.094947 -1.203239 0.068625 
556 21.692293 0.000000 -2.237704 96.557129 -0.075097 -0.690964 0.067624 
557 24.066573 0.000000 -0.579836 97.247418 -0.065044 -2.990012 0.053400 
558 24.066573 0.000000 -1.685081 97.294678 -0.067923 -2.779345 0.052602 
559 25.253714 0.000000 -0.579836 100.394523 -0.048073 -3.575203 -0.009184 
560 24.066573 0.000000 0.525408 3.134127 0.018775 -0.072282 0.999017 
561 22.285863 0.000000 -1.132459 92.539531 -0.094167 0.332898 0.143632 
562 22.285863 0.000000 -1.685081 94.040441 -0.070357 -0.742713 0.115584 
563 22.879433 0.000000 -1.132459 94.736122 -0.067229 -1.446786 0.102297 
564 22.285863 0.000000 -0.579836 92.525212 -0.092937 0.252314 0.143901 
565 21.395508 0.000000 -1.408770 95.788692 -0.148162 1.109664 0.082327 
566 21.098722 0.000000 -1.408770 96.545449 -0.151463 1.159312 0.067761 
567 21.395508 0.000000 -1.685081 95.660887 -0.142296 1.048726 0.084787 
568 21.692293 0.000000 -1.408770 93.770652 -0.142206 1.166716 0.120568 
569 21.395508 0.000000 -1.132459 95.708407 -0.145132 1.077869 0.083872 
570 20.801937 0.000000 -1.408770 97.386424 -0.158808 1.258003 0.051428 
571 20.505152 0.000000 -1.408770 97.851906 -0.162366 1.310242 0.042326 
572 20.801937 0.000000 -1.685081 97.379688 -0.160109 1.263606 0.051557 
573 20.801937 0.000000 -1.132459 97.298445 -0.159388 1.274724 0.053136 
574 21.692293 0.000000 1.630653 -8.715652 0.024773 0.120228 0.992402 
575 22.879433 0.000000 1.630653 -3.167772 0.052970 -2.217587 0.998504 
576 21.098722 0.000000 -0.027214 -8.304078 0.014154 -2.207970 0.992617 
577 20.505152 0.000000 -0.027214 -7.019502 0.004301 -2.115361 0.994625 
578 21.692293 0.000000 -0.027214 -9.510416 0.023309 -0.664780 0.990911 
579 21.098722 0.000000 0.525408 -7.948103 0.016968 -0.756443 0.993626 
580 21.395508 0.000000 -0.856148 95.672649 -0.145029 1.139428 0.084542 
581 21.098722 0.000000 -0.856148 96.533204 -0.152980 1.218704 0.067983 
582 21.692293 0.000000 -0.856148 93.471739 -0.133032 1.072620 0.126187 
583 21.395508 0.000000 -0.579836 95.489381 -0.148711 1.108389 0.088053 
584 21.247115 0.000000 -1.270614 95.928117 -0.148720 1.118317 0.079652 
585 21.098722 0.000000 -1.270614 96.551057 -0.151521 1.160013 0.067652 
586 21.247115 0.000000 -1.408770 96.409610 -0.150056 1.142329 0.070386 
587 21.395508 0.000000 -1.270614 95.750036 -0.146879 1.096094 0.083071 
588 21.247115 0.000000 -1.132459 95.935870 -0.148613 1.117430 0.079504 
589 20.801937 0.000000 -0.856148 97.070613 -0.157908 1.286763 0.057562 
590 20.505152 0.000000 -0.856148 97.473491 -0.160788 1.373314 0.049701 
591 20.801937 0.000000 -0.579836 96.707981 -0.156034 1.286659 0.064589 
592 20.950330 0.000000 -1.270614 96.731617 -0.154757 1.233153 0.064145 
593 20.801937 0.000000 -1.270614 97.264168 -0.159052 1.281247 0.053801 
594 20.950330 0.000000 -1.408770 96.683412 -0.152893 1.176560 0.065091 
595 20.950330 0.000000 -1.132459 96.932314 -0.156124 1.246688 0.060255 
596 21.247115 0.000000 -0.994303 95.949959 -0.149041 1.121979 0.079232 
597 21.098722 0.000000 -0.994303 96.538582 -0.152807 1.210892 0.067881 
598 21.395508 0.000000 -0.994303 95.682984 -0.144983 1.127592 0.084347 
599 21.247115 0.000000 -0.856148 95.929910 -0.149310 1.124198 0.079617 
600 21.172919 0.000000 -1.201537 96.038816 -0.149580 1.129312 0.077525 
601 21.098722 0.000000 -1.201537 96.550529 -0.151516 1.159947 0.067663 
602 21.172919 0.000000 -1.270614 96.454475 -0.150520 1.147938 0.069519 
603 21.247115 0.000000 -1.201537 95.929405 -0.148581 1.116962 0.079628 
604 21.172919 0.000000 -1.132459 96.047922 -0.149607 1.129781 0.077350 
605 24.066573 0.000000 -2.790326 96.563060 -0.017576 -3.058155 0.066622 
606 24.066573 0.000000 -3.895571 97.464043 0.010483 -4.411752 0.048130 
607 25.253714 0.000000 -2.790326 98.163045 0.023738 -4.106326 0.034715 
608 22.285863 0.000000 -2.237704 96.093574 -0.094786 -0.125364 0.076600 
609 22.285863 0.000000 -2.790326 96.138254 -0.092165 -1.435570 0.075537 
610 22.879433 0.000000 -2.237704 95.582174 -0.055365 -0.387355 0.086389 
611 21.989078 0.000000 -1.408770 92.981157 -0.123553 0.902462 0.135367 
612 21.989078 0.000000 -1.685081 98.398217 -0.118390 1.148982 0.031646 
613 22.285863 0.000000 -1.408770 92.482138 -0.100126 0.618232 0.144666 
614 21.989078 0.000000 -1.132459 93.131472 -0.130431 0.979510 0.132555 
615 24.066573 0.000000 3.841143 102.650398 -0.114801 -12.275354 -0.068780 
616 24.066573 0.000000 2.735898 102.053605 -0.108056 -9.751019 -0.051003 
617 25.253714 0.000000 3.841143 103.069018 -0.096129 -10.915059 -0.074237 
618 24.066573 0.000000 4.946388 100.422062 0.013761 -3.927731 -0.010002 
619 22.285863 0.000000 3.288520 98.845283 -0.026700 -11.770126 0.009107 
620 21.692293 0.000000 3.288520 101.201649 -0.014385 -10.157664 -0.034495 
621 22.285863 0.000000 2.735898 100.329627 -0.051435 -11.350950 -0.019488 
622 22.879433 0.000000 3.288520 100.984312 -0.071562 -11.924087 -0.034002 
623 22.285863 0.000000 3.841143 100.586772 -0.053243 -13.018462 -0.028718 
624 21.098722 0.000000 3.288520 105.343724 -0.109810 -8.504967 -0.116965 
625 21.098722 0.000000 2.735898 -9.532922 0.012470 4.171321 0.989172 
626 21.098722 0.000000 3.841143 105.234934 -0.103480 -8.972044 -0.115490 
627 -48.348991 0.000000 214.942905 100.000627 0.000137 0.000199 -0.000013 
628 -124.325976 0.000000 214.942905 100.000228 0.000091 0.000351 -0.000005 
629 27.627995 0.000000 214.942905 100.000894 0.000196 -0.000473 -0.000018 
630 -48.348991 0.000000 285.678573 100.000359 0.000105 0.000006 -0.000007 
631 -10.360498 0.000000 108.839401 100.003616 0.000641 0.001979 -0.000072 
632 -48.348991 0.000000 108.839401 100.001077 0.000458 0.002739 -0.000022 
633 27.627995 0.000000 108.839401 100.005343 0.000703 -0.002035 -0.000107 
634 -10.360498 0.000000 144.207236 100.002049 0.000323 0.000459 -0.000041 
635 8.633748 0.000000 55.787650 100.004048 0.008345 0.009801 -0.000081 
636 -10.360498 0.000000 55.787650 99.992835 0.027632 0.012547 0.000143 
637 27.627995 0.000000 55.787650 100.014865 -0.024742 -0.007636 -0.000297 
638 8.633748 0.000000 73.471567 100.012121 0.002165 0.004184 -0.000242 
639 18.130872 0.000000 29.261774 100.203774 0.032765 0.052859 -0.004080 
640 8.633748 0.000000 29.261774 100.141993 0.034043 0.124793 -0.002844 
641 27.627995 0.000000 29.261774 100.162864 0.032663 -0.007427 -0.003260 
642 18.130872 0.000000 38.103732 100.033671 0.066041 0.018221 -0.000674 
643 22.879433 0.000000 15.998836 100.445680 0.094450 0.034511 -0.008934 
644 18.130872 0.000000 15.998836 100.281961 -0.057271 0.169501 -0.005650 
645 27.627995 0.000000 15.998836 100.324466 0.014717 -0.089861 -0.006501 
646 22.879433 0.000000 20.419815 100.337855 -0.036755 0.052663 -0.006769 
647 20.505152 0.000000 9.367367 100.805971 -0.090487 -0.025392 -0.016185 
648 18.130872 0.000000 9.367367 100.796075 0.074552 0.570881 -0.016018 
649 22.879433 0.000000 9.367367 100.714620 -0.169914 -0.556697 -0.014377 
650 20.505152 0.000000 11.577857 100.882230 0.018393 0.049141 -0.017723 
651 21.692293 0.000000 6.051633 101.954167 -0.000913 -1.520693 -0.039696 
652 20.505152 0.000000 6.051633 102.367809 -0.047601 -0.778001 -0.047978 
653 22.879433 0.000000 6.051633 101.383694 0.029778 -2.073828 -0.028296 
654 21.692293 0.000000 7.156877 100.758950 -0.023806 -0.789382 -0.015299 
655 22.285863 0.000000 4.393765 103.392425 -0.058490 -6.496589 -0.073220 
656 21.692293 0.000000 4.393765 104.285992 -0.072128 -4.550900 -0.089628 
657 22.879433 0.000000 4.393765 101.655455 0.002336 -6.862704 -0.038093 
658 22.285863 0.000000 4.946388 102.476254 -0.065171 -4.007675 -0.051745 
659 21.989078 0.000000 3.564832 100.139801 -0.013120 -10.822549 -0.014511 
660 21.692293 0.000000 3.564832 101.344494 -0.015144 -10.118826 -0.037310 
661 21.989078 0.000000 3.288520 99.635065 -0.016664 -11.045062 -0.004914 
662 22.285863 0.000000 3.564832 98.915677 -0.027165 -11.753056 0.007755 
663 21.989078 0.000000 3.841143 100.489794 -0.013454 -11.102506 -0.022146 
664 23.473003 0.000000 -1.132459 95.953632 -0.065687 -2.187395 0.078811 
665 23.473003 0.000000 -1.685081 95.995347 -0.066045 -2.425282 0.077901 
666 24.066573 0.000000 -1.132459 97.661729 -0.067763 -2.733079 0.045471 
667 23.473003 0.000000 -0.579836 95.580655 -0.061927 -2.861865 0.085614 
668 22.582648 0.000000 -1.408770 93.487241 -0.073965 -0.584361 0.125979 
669 22.582648 0.000000 -1.685081 94.040441 -0.070357 -0.742713 0.115584 
670 22.879433 0.000000 -1.408770 95.172815 -0.068308 -1.558237 0.093970 
671 22.582648 0.000000 -1.132459 93.749447 -0.076947 -0.533450 0.121075 
672 22.285863 0.000000 -0.027214 -6.995413 -0.014552 2.287217 0.994583 
673 22.879433 0.000000 -0.027214 -2.590352 0.020128 2.434585 0.998736 
674 22.285863 0.000000 0.525408 -6.006552 0.011772 0.512606 0.996366 
675 21.989078 0.000000 -0.856148 92.870350 -0.122570 0.951418 0.137418 
676 22.285863 0.000000 -0.856148 92.486056 -0.094636 0.353558 0.144620 
677 21.989078 0.000000 -0.579836 92.753372 -0.121588 1.060858 0.139567 
678 22.137470 0.000000 -1.270614 92.172758 -0.117064 1.169754 0.150280 
679 21.989078 0.000000 -1.270614 92.975663 -0.126645 0.940206 0.135463 
680 22.137470 0.000000 -1.408770 92.567501 -0.113279 0.795843 0.143061 
681 22.285863 0.000000 -1.270614 92.579775 -0.093383 0.286530 0.142889 
682 22.137470 0.000000 -1.132459 90.978030 -0.110466 1.621599 0.172036 
683 24.066573 0.000000 1.630653 2.622658 -0.006398 -2.310897 0.998778 
684 25.253714 0.000000 1.630653 102.483751 -0.036829 -4.685855 -0.052488 
685 22.285863 0.000000 2.183276 -8.203782 0.009009 -2.661775 0.992561 
686 21.692293 0.000000 2.183276 -10.795228 0.025125 0.538052 0.988317 
687 22.285863 0.000000 1.630653 -6.646391 -0.008054 -1.359008 0.995398 
688 22.879433 0.000000 2.183276 -3.897759 0.052822 -3.804754 0.997033 
689 21.989078 0.000000 3.012209 99.567745 -0.023481 -11.218803 -0.003960 
690 21.692293 0.000000 3.012209 100.445850 -0.011210 -10.371327 -0.019693 
691 21.989078 0.000000 2.735898 -16.432255 0.063732 -2.148852 0.972536 
692 22.285863 0.000000 3.012209 98.944997 -0.028025 -11.660974 0.007391 
693 23.473003 0.000000 3.288520 101.568818 -0.093646 -11.026718 -0.043782 
694 23.473003 0.000000 2.735898 101.304058 -0.088995 -7.442891 -0.031792 
695 24.066573 0.000000 3.288520 102.317096 -0.112910 -11.343074 -0.059747 
696 23.473003 0.000000 3.841143 101.543540 -0.099196 -10.888476 -0.042966 
697 22.582648 0.000000 3.564832 99.895420 -0.048815 -12.223839 -0.012852 
698 22.582648 0.000000 3.288520 99.976345 -0.047023 -12.233814 -0.014494 
699 22.879433 0.000000 3.564832 100.962495 -0.071403 -11.854416 -0.033396 
700 22.582648 0.000000 3.841143 100.586772 -0.053243 -13.018462 -0.028718 
701 22.137470 0.000000 3.426676 97.370388 -0.009849 -11.541611 0.038580 
702 21.989078 0.000000 3.426676 99.763593 -0.010520 -10.938625 -0.007243 
703 22.137470 0.000000 3.288520 99.409357 -0.019319 -11.249155 -0.000876 
704 22.285863 0.000000 3.426676 98.869607 -0.026779 -11.775433 0.008614 
705 22.137470 0.000000 3.564832 98.427860 -0.011490 -11.385522 0.018233 
706 30.002275 0.000000 0.525408 109.511867 -0.090644 -1.961753 -0.199671 
707 30.002275 0.000000 -1.685081 104.768401 -0.008130 -3.611904 -0.098946 
708 32.376556 0.000000 0.525408 89.399205 -0.035466 1.410266 0.200579 
709 30.002275 0.000000 2.735898 103.264182 0.020426 -8.343325 -0.073310 
710 26.440854 0.000000 -0.579836 103.312309 -0.021481 -3.988286 -0.068934 
711 26.440854 0.000000 -1.685081 103.037529 -0.022699 -3.902592 -0.063196 
712 27.627995 0.000000 -0.579836 106.997548 -0.013987 -3.446805 -0.146036 
713 26.440854 0.000000 0.525408 11.334966 -0.006818 -0.881566 0.987074 
714 103.604980 0.000000 -209.471108 100.000072 -0.000100 -0.000246 -0.000001 
715 103.604980 0.000000 -280.206777 100.000009 -0.000115 -0.000199 -0.000000 
716 179.581965 0.000000 -209.471108 99.999845 -0.000261 -0.000326 0.000003 
717 65.616487 0.000000 -103.367605 100.002034 0.000791 0.000418 -0.000041 
718 65.616487 0.000000 -138.735440 100.000882 0.000258 -0.000343 -0.000018 
719 103.604980 0.000000 -103.367605 99.999678 0.000153 0.000537 0.000006 
720 46.622241 0.000000 -50.315854 100.051451 -0.017681 0.014776 -0.001029 
721 46.622241 0.000000 -67.999771 100.010467 0.003821 0.000403 -0.000209 
722 65.616487 0.000000 -50.315854 100.010391 -0.006985 0.022101 -0.000208 
723 37.125118 0.000000 -23.789978 100.155174 0.053648 -0.057590 -0.003107 
724 37.125118 0.000000 -32.631936 100.061175 0.137668 -0.030682 -0.001226 
725 46.622241 0.000000 -23.789978 100.316929 0.076572 0.098020 -0.006350 
726 32.376556 0.000000 -10.527040 100.694221 0.236853 -0.861955 -0.014013 
727 32.376556 0.000000 -14.948019 100.287003 0.162236 -0.221476 -0.005756 
728 37.125118 0.000000 -10.527040 101.072583 -0.043612 -0.203421 -0.021571 
729 30.002275 0.000000 -3.895571 101.686561 0.114210 -3.717656 -0.035399 
730 30.002275 0.000000 -6.106061 100.990399 0.260656 -2.340025 -0.020460 
731 32.376556 0.000000 -3.895571 101.919728 -0.098785 -2.946359 -0.039632 
732 28.815135 0.000000 -0.579836 107.207637 0.027457 -3.245066 -0.150401 
733 28.815135 0.000000 -1.685081 105.366064 0.048170 -3.806654 -0.111650 
734 30.002275 0.000000 -0.579836 105.639973 -0.006605 -3.760552 -0.117395 
735 28.815135 0.000000 0.525408 103.757964 -0.041698 0.625765 -0.076611 
736 30.002275 0.000000 4.946388 99.637061 0.154334 -1.932144 0.006870 
737 32.376556 0.000000 4.946388 100.215468 -0.065131 -1.271417 -0.004476 
738 30.002275 0.000000 7.156877 100.468654 -0.146829 -1.008757 -0.009499 
739 28.815135 0.000000 1.630653 103.306402 0.022148 -3.875856 -0.068724 
740 27.627995 0.000000 1.630653 103.673212 -0.003850 -3.833837 -0.076283 
741 30.002275 0.000000 1.630653 103.158845 0.014989 -5.293847 -0.066977 
742 28.815135 0.000000 2.735898 103.998603 0.024914 -9.409597 -0.090425 
743 255.558951 0.000000 -67.999771 99.999214 -0.001654 -0.006206 0.000016 
744 255.558951 0.000000 -138.735440 99.999573 -0.000660 -0.001356 0.000009 
745 331.535936 0.000000 -67.999771 99.999632 -0.001750 -0.006396 0.000007 
746 255.558951 0.000000 2.735898 99.999083 0.060803 -1.046198 -0.000091 
747 141.593473 0.000000 -32.631936 99.993414 -0.003097 -0.020954 0.000132 
748 141.593473 0.000000 -67.999771 99.996902 -0.000819 -0.003347 0.000062 
749 179.581965 0.000000 -32.631936 99.997012 -0.003692 -0.022785 0.000060 
750 141.593473 0.000000 2.735898 99.991617 0.061323 -1.045702 0.000058 
751 84.610734 0.000000 -14.948019 99.939038 -0.024302 -0.016662 0.001219 
752 84.610734 0.000000 -32.631936 99.986514 -0.042538 0.026230 0.000269 
753 103.604980 0.000000 -14.948019 99.971209 -0.006932 -0.074705 0.000575 
754 84.610734 0.000000 2.735898 99.903840 0.021250 -1.024949 0.001817 
755 56.119364 0.000000 -6.106061 97.666693 0.074045 1.706603 0.045830 
756 56.119364 0.000000 -14.948019 99.753710 0.126404 0.484453 0.004895 
757 65.616487 0.000000 -6.106061 99.374046 -0.043542 -0.232921 0.012474 
758 56.119364 0.000000 2.735898 98.401499 0.307347 -3.035920 0.030783 
759 41.873679 0.000000 -1.685081 106.353256 -0.109246 2.095382 -0.131542 
760 41.873679 0.000000 -6.106061 101.046718 0.227649 0.768775 -0.021108 
761 46.622241 0.000000 -1.685081 95.605489 0.030289 3.740835 0.084560 
762 41.873679 0.000000 2.735898 101.269725 0.066083 -5.599657 -0.028692 
763 34.750837 0.000000 0.525408 -2.998969 -0.029807 -0.331819 0.999090 
764 34.750837 0.000000 -1.685081 104.188674 -0.028742 2.051612 -0.085949 
765 37.125118 0.000000 0.525408 -2.224556 0.158952 -0.096005 0.999502 
766 34.750837 0.000000 2.735898 100.578720 0.118830 -3.385347 -0.012755 
767 31.189416 0.000000 -0.579836 102.392726 -0.039108 -2.644280 -0.049126 
768 31.189416 0.000000 -1.685081 103.502694 -0.045732 -2.652879 -0.071985 
769 32.376556 0.000000 -0.579836 103.099090 -0.042140 -1.850896 -0.063285 
770 31.189416 0.000000 0.525408 89.399205 -0.035466 1.410266 0.200579 
771 31.189416 0.000000 1.630653 102.331953 0.044413 -7.804915 -0.053275 
772 32.376556 0.000000 1.630653 100.930816 0.069318 -7.743894 -0.024700 
773 31.189416 0.000000 2.735898 102.245956 0.049616 -9.641657 -0.054720 
774 34.750837 0.000000 -3.895571 102.241012 -0.062544 -1.663169 -0.045599 
775 34.750837 0.000000 -6.106061 100.970868 0.143344 -1.167294 -0.019650 
776 37.125118 0.000000 -3.895571 101.428525 0.432118 0.179639 -0.028796 
777 33.563697 0.000000 -0.579836 103.606966 -0.054672 0.599310 -0.073477 
778 33.563697 0.000000 -1.685081 103.606966 -0.054672 0.599310 -0.073477 
779 34.750837 0.000000 -0.579836 104.187829 -0.028059 2.055722 -0.085933 
780 33.563697 0.000000 0.525408 103.545086 -0.016915 1.977497 -0.072550 
781 255.558951 0.000000 73.471567 99.999367 0.001453 -0.007932 0.000013 
782 331.535936 0.000000 73.471567 99.999700 0.001461 -0.007651 0.000006 
783 255.558951 0.000000 144.207236 99.999780 0.000685 -0.002258 0.000004 
784 141.593473 0.000000 38.103732 99.994393 0.002888 -0.035569 0.000112 
785 179.581965 0.000000 38.103732 99.997347 0.002830 -0.033116 0.000053 
786 141.593473 0.000000 73.471567 99.997873 0.001358 -0.011016 0.000043 
787 84.610734 0.000000 20.419815 99.941632 -0.069074 -0.168185 0.001164 
788 103.604980 0.000000 20.419815 99.976049 0.006136 -0.154700 0.000477 
789 84.610734 0.000000 38.103732 99.980539 -0.025416 -0.058991 0.000389 
790 56.119364 0.000000 11.577857 99.895596 0.082576 -1.269611 0.001925 
791 65.616487 0.000000 11.577857 99.774099 -0.087628 -0.784267 0.004451 
792 56.119364 0.000000 20.419815 100.020574 0.013757 -0.469765 -0.000434 
793 41.873679 0.000000 7.156877 100.771744 -0.206532 -1.891957 -0.015857 
794 46.622241 0.000000 7.156877 100.644306 -0.123756 -2.119348 -0.013378 
795 41.873679 0.000000 11.577857 100.448830 0.018464 -0.977190 -0.009092 
796 34.750837 0.000000 4.946388 100.682759 0.154434 -1.400041 -0.013900 
797 37.125118 0.000000 4.946388 100.904158 -0.090716 -1.663368 -0.018442 
798 34.750837 0.000000 7.156877 100.643459 0.008775 -0.785098 -0.012972 
799 33.563697 0.000000 1.630653 100.397164 0.074876 -7.371822 -0.013394 
800 34.750837 0.000000 1.630653 101.887557 0.150478 -7.602492 -0.043889 
801 33.563697 0.000000 2.735898 100.531620 0.027676 -2.918990 -0.011513 
802 33.563697 0.000000 -2.790326 103.592623 -0.076349 -2.517634 -0.073778 
803 32.376556 0.000000 -2.790326 102.667897 -0.038563 -3.879095 -0.055575 
804 33.563697 0.000000 -3.895571 102.391011 -0.030857 -2.257192 -0.048902 
805 34.750837 0.000000 -2.790326 103.383608 -0.017892 -1.026169 -0.068922 
806 39.499399 0.000000 0.525408 -2.097844 0.001386 0.222667 0.999555 
807 39.499399 0.000000 -1.685081 103.206121 0.030490 0.602016 -0.065187 
808 41.873679 0.000000 0.525408 104.608712 0.108415 -14.038413 -0.114007 
809 39.499399 0.000000 2.735898 101.107846 0.141814 -4.054495 -0.023926 
810 35.937977 0.000000 -0.579836 103.406202 0.089898 2.827227 -0.070084 
811 35.937977 0.000000 -1.685081 103.406202 0.089898 2.827227 -0.070084 
812 37.125118 0.000000 -0.579836 102.016578 0.004896 2.797913 -0.041521 
813 35.937977 0.000000 0.525408 -2.948036 -0.157672 -0.095432 0.999128 
814 34.157267 0.000000 -1.132459 104.240685 -0.085743 1.392804 -0.086807 
815 33.563697 0.000000 -1.132459 103.642572 -0.057078 0.576149 -0.074212 
816 34.157267 0.000000 -1.685081 104.269441 -0.094063 1.658676 -0.087488 
817 34.750837 0.000000 -1.132459 104.413206 -0.026651 2.068125 -0.090640 
818 34.157267 0.000000 -0.579836 104.269441 -0.094063 1.658676 -0.087488 
819 35.937977 0.000000 1.630653 102.523296 0.294276 -8.056394 -0.057602 
820 37.125118 0.000000 1.630653 102.681819 0.399624 -8.054000 -0.060858 
821 35.937977 0.000000 2.735898 100.622027 -0.067381 -3.337597 -0.013594 
822 33.563697 0.000000 3.841143 100.080572 0.065465 -2.007203 -0.002015 
823 32.376556 0.000000 3.841143 99.709465 0.102789 -1.740561 0.005498 
824 34.750837 0.000000 3.841143 100.513028 0.030057 -2.054656 -0.010709 
825 33.563697 0.000000 4.946388 100.464644 0.037038 -1.174966 -0.009453 
826 34.157267 0.000000 2.183276 101.258551 0.090386 -7.302017 -0.030662 
827 33.563697 0.000000 2.183276 100.188046 0.068608 -7.251847 -0.009024 
828 34.157267 0.000000 1.630653 101.178151 0.090892 -7.507794 -0.029339 
829 34.750837 0.000000 2.183276 101.862874 0.151707 -8.090709 -0.044153 
830 34.157267 0.000000 2.735898 100.627442 -0.027689 -3.115935 -0.013559 
831 41.873679 0.000000 -10.527040 100.898666 -0.429375 0.153444 -0.018075 
832 41.873679 0.000000 -14.948019 100.255168 -0.048756 0.076465 -0.005111 
833 46.622241 0.000000 -10.527040 100.671081 0.117820 0.745676 -0.013524 
834 39.499399 0.000000 -3.895571 101.685037 0.265810 0.431489 -0.034010 
835 39.499399 0.000000 -6.106061 100.783180 0.276984 -0.064070 -0.015733 
836 41.873679 0.000000 -3.895571 101.935183 0.336349 1.873589 -0.039441 
837 35.937977 0.000000 -2.790326 102.377496 0.131028 -0.108137 -0.048118 
838 35.937977 0.000000 -3.895571 101.675417 0.403478 -0.557268 -0.033836 
839 37.125118 0.000000 -2.790326 101.584707 0.497108 0.589611 -0.032005 
840 38.312258 0.000000 -0.579836 102.025111 0.066062 2.031133 -0.041325 
841 38.312258 0.000000 -1.685081 101.921601 0.075028 2.359208 -0.039358 
842 39.499399 0.000000 -0.579836 103.206121 0.030490 0.602016 -0.065187 
843 38.312258 0.000000 0.525408 -2.482063 -0.007726 0.210672 0.999379 
844 36.531548 0.000000 -1.132459 102.736457 0.118299 2.947772 -0.056348 
845 35.937977 0.000000 -1.132459 103.336603 0.095489 2.873684 -0.068672 
846 36.531548 0.000000 -1.685081 102.667107 0.125684 2.958926 -0.054931 
847 37.125118 0.000000 -1.132459 102.312548 0.041146 2.855222 -0.047601 
848 36.531548 0.000000 -0.579836 102.667107 0.125684 2.958926 -0.054931 
849 38.312258 0.000000 -2.790326 101.579287 0.255791 0.588528 -0.031876 
850 38.312258 0.000000 -3.895571 101.360980 0.379044 0.281165 -0.027427 
851 39.499399 0.000000 -2.790326 102.296501 0.023788 0.718152 -0.046509 
852 37.718688 0.000000 -1.132459 102.155724 0.048596 2.582903 -0.044247 
853 37.718688 0.000000 -1.685081 101.967893 0.040846 2.573033 -0.040407 
854 38.312258 0.000000 -1.132459 102.123713 0.074102 2.115559 -0.043373 
855 37.718688 0.000000 -0.579836 101.966304 0.042019 2.565693 -0.040371 
856 36.531548 0.000000 -0.027214 -2.695368 0.190938 -0.312969 0.999260 
857 35.937977 0.000000 -0.027214 -3.123968 -0.081394 -0.439171 0.999004 
858 37.125118 0.000000 -0.027214 -2.442703 0.160788 -0.057481 0.999400 
859 36.531548 0.000000 0.525408 -2.593262 0.162278 -0.342590 0.999313 
860 36.828333 0.000000 -0.856148 102.568246 0.084340 2.919343 -0.052877 
861 36.531548 0.000000 -0.856148 102.804953 0.107457 2.938421 -0.057750 
862 36.828333 0.000000 -1.132459 102.559982 0.074659 2.909251 -0.052702 
863 37.125118 0.000000 -0.856148 102.351393 0.044946 2.861927 -0.048400 
864 36.828333 0.000000 -0.579836 102.364944 0.069579 2.884138 -0.048690 
865 39.499399 0.000000 4.946388 100.704604 -0.136871 -2.407174 -0.014723 
866 41.873679 0.000000 4.946388 100.526904 -0.444752 -2.989127 -0.011479 
867 39.499399 0.000000 7.156877 101.045233 -0.248159 -1.423578 -0.021223 
868 38.312258 0.000000 1.630653 102.661179 0.313632 -8.189995 -0.060649 
869 39.499399 0.000000 1.630653 103.039000 0.346192 -7.989103 -0.068098 
870 38.312258 0.000000 2.735898 100.645685 0.330838 -4.033200 -0.014593 
871 36.531548 0.000000 1.078031 102.701832 0.334771 -7.565486 -0.060501 
872 35.937977 0.000000 1.078031 102.526336 0.250560 -7.400207 -0.056648 
873 37.125118 0.000000 1.078031 102.748132 0.425975 -7.734858 -0.061719 
874 36.531548 0.000000 1.630653 102.601764 0.343173 -8.276197 -0.059574 
875 37.718688 0.000000 1.078031 102.716392 0.359311 -8.004606 -0.061486 
876 37.718688 0.000000 0.525408 -2.444901 0.072057 -0.072804 0.999401 
877 38.312258 0.000000 1.078031 102.683086 0.317168 -8.028150 -0.060837 
878 37.718688 0.000000 1.630653 102.702937 0.361732 -8.088934 -0.061345 
879 35.937977 0.000000 3.841143 100.614537 0.004984 -2.057826 -0.012752 
880 37.125118 0.000000 3.841143 100.616324 -0.162968 -2.291530 -0.012892 
881 35.937977 0.000000 4.946388 100.741746 -0.111023 -1.653210 -0.015164 
882 36.531548 0.000000 2.183276 102.593081 0.352804 -8.458787 -0.059702 
883 35.937977 0.000000 2.183276 102.477949 0.295706 -8.369566 -0.057187 
884 37.125118 0.000000 2.183276 102.645752 0.446291 -8.533627 -0.060917 
885 36.531548 0.000000 2.735898 100.663770 0.034948 -3.694244 -0.014684 
886 36.828333 0.000000 1.354342 102.679137 0.385094 -7.998767 -0.060713 
887 36.531548 0.000000 1.354342 102.680111 0.338372 -7.743905 -0.060329 
888 36.828333 0.000000 1.078031 102.726073 0.377710 -7.628341 -0.061098 
889 37.125118 0.000000 1.354342 102.686816 0.398132 -8.012073 -0.060893 
890 36.828333 0.000000 1.630653 102.673594 0.384081 -8.033282 -0.060655 
891 51.370803 0.000000 -1.685081 101.815915 -0.079344 -4.169053 -0.038387 
892 51.370803 0.000000 -6.106061 100.439162 0.164196 4.352682 -0.010700 
893 56.119364 0.000000 -1.685081 95.433015 0.065630 -1.418343 0.089052 
894 51.370803 0.000000 2.735898 99.269892 -0.052765 -4.467095 0.012553 
895 44.247960 0.000000 0.525408 97.915777 -0.044812 -31.279770 -0.056593 
896 44.247960 0.000000 -1.685081 101.484855 0.084793 8.498781 -0.037141 
897 46.622241 0.000000 0.525408 92.552533 0.065175 -7.180377 0.138247 
898 44.247960 0.000000 2.735898 99.413675 -0.020910 -6.301072 0.007722 
899 40.686539 0.000000 -0.579836 105.014936 -0.028809 0.611914 -0.102851 
900 40.686539 0.000000 -1.685081 105.272059 0.138148 1.122467 -0.108349 
901 41.873679 0.000000 -0.579836 106.477180 -0.101971 2.688607 -0.134463 
902 40.686539 0.000000 0.525408 104.325105 0.314078 -10.950732 -0.100374 
903 38.905828 0.000000 -1.132459 102.443746 0.053745 1.490412 -0.049695 
904 38.905828 0.000000 -1.685081 102.150591 0.055193 1.633425 -0.043741 
905 39.499399 0.000000 -1.132459 103.240737 0.031331 0.721290 -0.065917 
906 38.905828 0.000000 -0.579836 102.150591 0.055193 1.633425 -0.043741 
907 40.686539 0.000000 1.630653 103.995061 0.315248 -9.857844 -0.091225 
908 41.873679 0.000000 1.630653 104.607780 0.108518 -14.067059 -0.114068 
909 40.686539 0.000000 2.735898 101.388039 0.060183 -4.741157 -0.030202 
910 38.905828 0.000000 1.078031 102.775787 0.346496 -8.091669 -0.062846 
911 38.905828 0.000000 0.525408 -2.285581 -0.009861 0.360666 0.999465 
912 39.499399 0.000000 1.078031 103.029118 0.347639 -8.050739 -0.067993 
913 38.905828 0.000000 1.630653 102.729614 0.343958 -8.012120 -0.061769 
914 44.247960 0.000000 -3.895571 100.697226 0.142050 3.492316 -0.015215 
915 44.247960 0.000000 -6.106061 100.729849 0.326261 1.015184 -0.014764 
916 46.622241 0.000000 -3.895571 99.721855 -0.043294 2.249956 0.005049 
917 40.686539 0.000000 -2.790326 103.175504 0.121456 1.510904 -0.064748 
918 40.686539 0.000000 -3.895571 101.955954 0.319346 0.736922 -0.039566 
919 41.873679 0.000000 -2.790326 103.435145 -0.114354 3.060189 -0.070821 
920 40.092969 0.000000 -1.132459 104.169139 0.008295 0.338818 -0.085132 
921 40.092969 0.000000 -1.685081 104.376314 -0.015346 0.230532 -0.089447 
922 40.686539 0.000000 -1.132459 105.239215 -0.021571 0.642215 -0.107571 
923 40.092969 0.000000 -0.579836 103.896302 0.003456 0.382914 -0.079459 
924 40.092969 0.000000 1.078031 103.472409 0.325708 -8.347645 -0.077633 
925 40.092969 0.000000 0.525408 -2.133721 0.024249 -0.181853 0.999541 
926 40.686539 0.000000 1.078031 104.045123 0.309370 -9.730225 -0.092016 
927 40.092969 0.000000 1.630653 103.581811 0.319017 -8.431640 -0.080039 
928 51.370803 0.000000 7.156877 100.211824 0.004798 -2.239848 -0.004743 
929 56.119364 0.000000 7.156877 99.443841 0.215570 -1.860488 0.010741 
930 51.370803 0.000000 11.577857 99.994509 0.138595 -1.263974 -0.000052 
931 44.247960 0.000000 4.946388 100.122454 -0.350328 -3.320742 -0.003566 
932 46.622241 0.000000 4.946388 99.905845 -0.209938 -2.761391 0.001115 
933 44.247960 0.000000 7.156877 100.668537 -0.045970 -2.067944 -0.013843 
934 43.060820 0.000000 1.630653 100.883023 -0.007450 -12.232873 -0.032703 
935 43.060820 0.000000 0.525408 103.336232 0.003255 -22.183365 -0.117048 
936 44.247960 0.000000 1.630653 98.121618 0.064784 -11.545377 0.023885 
937 43.060820 0.000000 2.735898 100.437022 0.114526 -6.505682 -0.012993 
938 41.280109 0.000000 1.078031 104.463383 0.220508 -12.278701 -0.106341 
939 41.280109 0.000000 0.525408 104.381736 0.300982 -10.612675 -0.100827 
940 41.873679 0.000000 1.078031 104.626867 0.098262 -14.901666 -0.116885 
941 41.280109 0.000000 1.630653 104.425338 0.259134 -11.491549 -0.103677 
942 43.060820 0.000000 -0.579836 106.282697 -0.104211 5.353948 -0.132469 
943 43.060820 0.000000 -1.685081 105.910354 -0.103691 5.182272 -0.124387 
944 44.247960 0.000000 -0.579836 104.628339 -0.055998 8.895726 -0.102623 
945 43.060820 0.000000 -2.790326 102.904400 -0.110113 4.964802 -0.061398 
946 43.060820 0.000000 -3.895571 101.716746 0.207415 2.981438 -0.035523 
947 44.247960 0.000000 -2.790326 100.757141 0.141805 5.804623 -0.018572 
948 42.467250 0.000000 -1.132459 106.620828 -0.096857 3.975433 -0.138381 
949 41.873679 0.000000 -1.132459 106.562756 -0.103879 2.570658 -0.136224 
950 42.467250 0.000000 -1.685081 106.653231 -0.091635 3.531372 -0.138739 
951 43.060820 0.000000 -1.132459 106.557393 -0.102340 5.139919 -0.138091 
952 42.467250 0.000000 -0.579836 106.993174 -0.097791 3.700758 -0.146124 
953 42.467250 0.000000 1.078031 104.489674 0.070847 -17.850556 -0.123674 
954 42.467250 0.000000 0.525408 104.489498 0.053845 -18.090074 -0.124531 
955 43.060820 0.000000 1.078031 103.534338 0.015097 -21.976536 -0.120233 
956 42.467250 0.000000 1.630653 104.454308 0.071135 -19.143201 -0.127717 
957 48.996522 0.000000 0.525408 100.615388 0.047639 -4.089248 -0.014018 
958 48.996522 0.000000 -1.685081 102.907453 0.012357 -0.616314 -0.059032 
959 51.370803 0.000000 0.525408 100.119404 -0.041635 -8.191981 -0.009101 
960 48.996522 0.000000 2.735898 99.659115 0.031646 -3.459216 0.005609 
961 45.435101 0.000000 -0.579836 99.779409 -0.009989 -0.660159 0.004363 
962 45.435101 0.000000 -1.685081 96.597428 0.115890 7.889310 0.060668 
963 46.622241 0.000000 -0.579836 97.278867 -0.038922 -2.773942 0.052913 
964 45.435101 0.000000 0.525408 91.493404 -0.009025 -36.674916 0.028391 
965 43.654390 0.000000 -1.132459 105.580524 -0.086601 6.603947 -0.119087 
966 43.654390 0.000000 -1.685081 103.334192 -0.061869 7.809929 -0.073895 
967 44.247960 0.000000 -1.132459 104.947661 -0.058202 9.082799 -0.109651 
968 43.654390 0.000000 -0.579836 105.650558 -0.083098 7.118861 -0.121273 
969 45.435101 0.000000 1.630653 96.455017 -0.036154 -8.484004 0.062445 
970 46.622241 0.000000 1.630653 96.980704 0.018412 -5.167973 0.056803 
971 45.435101 0.000000 2.735898 98.861248 -0.116396 -5.105942 0.020037 
972 44.841530 0.000000 -0.027214 93.084677 -0.043282 -30.481155 0.040614 
973 44.247960 0.000000 -0.027214 96.713509 -0.059049 -28.671251 -0.017555 
974 44.841530 0.000000 -0.579836 106.717699 0.006369 14.123719 -0.158815 
975 45.435101 0.000000 -0.027214 92.816841 -0.010077 -27.549544 0.062606 
976 44.841530 0.000000 0.525408 94.622614 -0.032810 -33.103265 -0.004927 
977 -200.302961 0.000000 -209.471108 99.999750 0.000016 -0.000252 0.000005 
978 -276.279947 0.000000 -209.471108 99.999811 0.000004 -0.000119 0.000004 
979 -200.302961 0.000000 -280.206777 99.999867 -0.000008 -0.000177 0.000003 
980 255.558951 0.000000 -209.471108 99.999798 -0.000379 -0.000512 0.000004 
981 255.558951 0.000000 -280.206777 99.999899 -0.000259 -0.000268 0.000002 
982 331.535936 0.000000 -209.471108 99.999834 -0.000448 -0.000635 0.000003 
983 -200.302961 0.000000 214.942905 100.000037 0.000060 0.000264 -0.000001 
984 -276.279947 0.000000 214.942905 99.999979 0.000041 0.000169 0.000000 
985 -200.302961 0.000000 285.678573 100.000092 0.000055 0.000143 -0.000002 
986 -86.337483 0.000000 -103.367605 99.998435 0.000362 -0.002092 0.000031 
987 -124.325976 0.000000 -103.367605 99.998747 0.000202 -0.001057 0.000025 
988 -86.337483 0.000000 -138.735440 99.999300 0.000208 -0.001403 0.000014 
989 103.604980 0.000000 214.942905 100.000587 0.000272 -0.001120 -0.000012 
990 179.581965 0.000000 214.942905 100.000177 0.000354 -0.001217 -0.000004 
991 103.604980 0.000000 285.678573 100.000342 0.000192 -0.000512 -0.000007 
992 141.593473 0.000000 -103.367605 99.998846 -0.000372 -0.000794 0.000023 
993 141.593473 0.000000 -138.735440 99.999597 -0.000251 -0.000367 0.000008 
994 179.581965 0.000000 -103.367605 99.998917 -0.000692 -0.001800 0.000022 
995 -86.337483 0.000000 108.839401 99.999888 0.000290 0.001972 0.000002 
996 -124.325976 0.000000 108.839401 99.999595 0.000182 0.001220 0.000008 
997 -86.337483 0.000000 144.207236 100.000359 0.000189 0.001120 -0.000007 
998 -29.354744 0.000000 -50.315854 99.989537 0.003420 -0.017599 0.000209 
999 -48.348991 0.000000 -50.315854 99.990974 0.001962 -0.009215 0.000181 
1000 -29.354744 0.000000 -67.999771 99.996011 0.002035 -0.011330 0.000080 
1001 65.616487 0.000000 108.839401 100.003506 0.000669 -0.006034 -0.000070 
1002 103.604980 0.000000 108.839401 100.000816 0.000711 -0.006595 -0.000016 
1003 65.616487 0.000000 144.207236 100.001985 0.000410 -0.002670 -0.000040 
1004 84.610734 0.000000 -50.315854 99.992947 0.002241 0.008622 0.000141 
1005 84.610734 0.000000 -67.999771 99.999139 0.001335 0.004723 0.000017 
1006 103.604980 0.000000 -50.315854 99.991959 0.000209 -0.000024 0.000161 
1007 -29.354744 0.000000 55.787650 99.998375 0.002500 0.014515 0.000032 
1008 -48.348991 0.000000 55.787650 99.996243 0.001529 0.009136 0.000075 
1009 -29.354744 0.000000 73.471567 100.001628 0.001419 0.008266 -0.000033 
1010 -19.857621 0.000000 -23.789978 99.958490 0.045777 -0.075715 0.000829 
1011 -29.354744 0.000000 -23.789978 99.965061 0.022988 -0.044278 0.000698 
1012 -19.857621 0.000000 -32.631936 99.979689 0.025267 -0.058657 0.000406 
1013 46.622241 0.000000 55.787650 100.017466 -0.025095 -0.031022 -0.000349 
1014 65.616487 0.000000 55.787650 100.001116 -0.023193 -0.034748 -0.000022 
1015 46.622241 0.000000 73.471567 100.012517 0.001420 -0.014357 -0.000250 
1016 -0.863375 0.000000 29.261774 99.991765 0.055592 0.098134 0.000163 
1017 -10.360498 0.000000 29.261774 99.955546 -0.025662 0.050669 0.000889 
1018 -0.863375 0.000000 38.103732 99.992626 0.016112 0.038426 0.000147 
1019 56.119364 0.000000 -23.789978 99.955526 -0.063156 0.121401 0.000887 
1020 56.119364 0.000000 -32.631936 100.009596 0.025012 0.086672 -0.000193 
1021 65.616487 0.000000 -23.789978 99.906066 0.025521 0.097609 0.001877 
1022 -19.857621 0.000000 29.261774 99.949369 -0.013763 0.023328 0.001012 
1023 -29.354744 0.000000 29.261774 99.966928 0.020850 0.018708 0.000661 
1024 -19.857621 0.000000 38.103732 99.977718 0.019953 0.025671 0.000445 
1025 37.125118 0.000000 29.261774 100.188053 0.058467 -0.127989 -0.003767 
1026 46.622241 0.000000 29.261774 100.072766 0.075725 -0.183864 -0.001460 
1027 37.125118 0.000000 38.103732 100.059903 0.010566 -0.075406 -0.001199 
1028 13.382310 0.000000 15.998836 100.414619 -0.058672 0.433830 -0.008329 
1029 8.633748 0.000000 15.998836 100.167400 -0.044479 0.494574 -0.003375 
1030 13.382310 0.000000 20.419815 100.143760 0.041015 0.248231 -0.002884 
1031 -3.237656 0.000000 4.946388 99.053703 0.094590 0.840023 0.018765 
1032 -5.611936 0.000000 4.946388 99.319854 0.041587 0.355557 0.013544 
1033 -3.237656 0.000000 7.156877 99.386890 0.057068 0.606091 0.012188 
1034 3.291617 0.000000 -1.132459 107.287879 -0.052978 -6.510613 -0.155308 
1035 3.291617 0.000000 -1.685081 107.187261 -0.134497 -5.387423 -0.151815 
1036 3.291617 0.000000 -0.579836 -0.637759 0.007143 -0.477792 0.999936 
1037 3.291617 0.000000 -0.027214 -0.814030 0.007404 -0.124002 0.999932 
1038 3.885187 0.000000 -0.027214 -0.931499 0.010598 -0.107352 0.999912 
1039 2.698046 0.000000 3.841143 98.539061 -0.079581 3.827365 0.027540 
1040 1.510906 0.000000 3.841143 98.213935 -0.058794 3.061136 0.034465 
1041 2.698046 0.000000 4.946388 98.996216 -0.093749 2.623790 0.019286 
1042 2.104476 0.000000 1.078031 92.872378 -0.094898 15.286468 0.114104 
1043 1.510906 0.000000 1.078031 92.251218 -0.102845 11.672743 0.135345 
1044 2.104476 0.000000 1.630653 94.977806 -0.115833 9.970729 0.087979 
1045 3.291617 0.000000 2.183276 97.343964 -0.090133 9.349026 0.043674 
1046 2.698046 0.000000 2.183276 96.808117 -0.095191 8.313451 0.055907 
1047 3.291617 0.000000 2.735898 98.039886 -0.081965 6.831066 0.034151 
1048 2.104476 0.000000 2.183276 96.405025 -0.109416 7.164980 0.065472 
1049 1.510906 0.000000 2.183276 96.184935 -0.096376 5.930701 0.071328 
1050 2.104476 0.000000 2.735898 97.312001 -0.104972 5.433156 0.050084 
1051 15.756591 0.000000 9.367367 100.650397 -0.021664 1.138921 -0.013180 
1052 13.382310 0.000000 9.367367 100.441721 -0.079345 1.388638 -0.009047 
1053 15.756591 0.000000 11.577857 100.726020 -0.058809 0.832392 -0.014643 
1054 11.008029 0.000000 9.367367 100.190678 0.037319 1.289294 -0.003984 
1055 8.633748 0.000000 9.367367 99.927832 -0.045508 1.162717 0.001307 
1056 11.008029 0.000000 11.577857 100.068273 -0.188033 0.724094 -0.001422 
1057 5.665897 0.000000 2.183276 99.054248 -0.085705 23.235181 -0.035162 
1058 6.259468 0.000000 2.183276 100.205808 -0.149659 20.049864 -0.044322 
1059 5.665897 0.000000 2.735898 100.066037 -0.024176 7.424246 -0.006833 
1060 4.478757 0.000000 -0.027214 -1.423940 0.008629 -0.352496 0.999785 
1061 4.478757 0.000000 -2.237704 102.153032 -0.106340 -3.158294 -0.044523 
1062 3.885187 0.000000 -2.237704 102.031580 -0.113360 -4.211283 -0.042819 
1063 4.478757 0.000000 -2.790326 101.558154 -0.106039 -2.927693 -0.032264 
1064 6.853038 0.000000 -0.027214 0.519580 0.034075 -0.034701 0.999973 
1065 7.446608 0.000000 -0.027214 3.012288 0.036175 0.469459 0.999070 
1066 6.853038 0.000000 0.525408 0.844564 0.034268 -0.964038 0.999836 
1067 5.369112 0.000000 -1.961392 105.319540 -0.094321 -0.409342 -0.109238 
1068 5.072327 0.000000 -1.961392 105.482921 -0.093092 -0.541254 -0.112695 
1069 5.369112 0.000000 -2.237704 102.252167 -0.147818 -2.107481 -0.045997 
1070 5.517505 0.000000 -1.546926 105.019186 -0.086518 -0.577427 -0.102937 
1071 5.369112 0.000000 -1.546926 105.442864 -0.098412 -0.534351 -0.111849 
1072 5.517505 0.000000 -1.685081 105.233213 -0.092997 -0.582001 -0.107438 
1073 6.853038 0.000000 1.078031 101.158701 -0.156207 16.952141 -0.052048 
1074 7.446608 0.000000 1.078031 102.229605 -0.164106 13.050212 -0.062123 
1075 6.853038 0.000000 1.630653 100.871255 -0.174010 18.747386 -0.052650 
1076 6.853038 0.000000 2.183276 101.105417 -0.172614 17.779690 -0.053845 
1077 7.446608 0.000000 2.183276 101.801507 0.454483 16.923370 -0.065015 
1078 6.853038 0.000000 2.735898 101.283213 -0.252177 20.287831 -0.066995 
1079 14.569450 0.000000 1.630653 1.157753 0.067797 2.289756 0.999341 
1080 11.601599 0.000000 -2.237704 104.112472 -0.201429 3.396280 -0.085098 
1081 11.601599 0.000000 -2.790326 99.480121 -0.119088 0.133633 0.010367 
1082 12.195170 0.000000 -2.237704 105.118064 -0.241862 3.184657 -0.106001 
1083 10.414459 0.000000 3.288520 103.303394 -0.220872 15.529951 -0.091282 
1084 11.008029 0.000000 3.288520 103.560734 -0.198740 12.411699 -0.087892 
1085 10.414459 0.000000 3.841143 98.941335 -0.096210 5.723106 0.017785 
1086 32.376556 0.000000 15.998836 100.705509 -0.016617 -0.494828 -0.014184 
1087 37.125118 0.000000 15.998836 100.779613 -0.091616 -0.285974 -0.015662 
1088 32.376556 0.000000 20.419815 100.304437 0.091959 -0.244361 -0.006105 
1089 25.253714 0.000000 9.367367 100.632237 -0.116917 -0.872476 -0.012762 
1090 27.627995 0.000000 9.367367 100.559700 -0.013336 -0.872935 -0.011302 
1091 25.253714 0.000000 11.577857 100.681002 -0.112944 -0.382790 -0.013682 
1092 16.350161 0.000000 -1.132459 99.741230 -0.232262 0.745565 0.005108 
1093 16.350161 0.000000 -1.685081 100.229894 -0.230812 0.650318 -0.004651 
1094 16.350161 0.000000 -0.579836 99.298874 -0.181845 0.937994 0.013882 
1095 19.318012 0.000000 6.051633 102.309206 -0.164802 -0.024257 -0.046720 
1096 18.130872 0.000000 6.051633 102.100712 -0.184746 0.727082 -0.042512 
1097 19.318012 0.000000 7.156877 101.234246 -0.066142 0.068400 -0.024838 
1098 18.724442 0.000000 -1.132459 99.734386 -0.206842 1.403863 0.005104 
1099 18.724442 0.000000 -1.685081 100.269807 -0.207126 1.342001 -0.005588 
1100 18.724442 0.000000 -0.579836 99.486815 -0.206403 1.432364 0.010028 
1101 19.911582 0.000000 -0.027214 -6.015391 0.013745 -1.459738 0.996168 
1102 19.318012 0.000000 -0.027214 -5.371948 -0.034319 -0.993622 0.997015 
1103 19.911582 0.000000 0.525408 -6.416093 -0.004293 -0.515950 0.995857 
1104 18.724442 0.000000 -0.027214 -5.238771 -0.006322 -0.443290 0.997236 
1105 18.130872 0.000000 -0.027214 -5.207437 0.036205 0.108626 0.997287 
1106 18.724442 0.000000 0.525408 -5.517325 -0.007584 0.000653 0.996956 
1107 18.724442 0.000000 3.288520 108.348439 -0.195104 -2.558253 -0.174597 
1108 18.724442 0.000000 2.735898 -4.945868 -0.034214 1.070023 0.997439 
1109 18.724442 0.000000 3.841143 108.535503 -0.204640 -2.450095 -0.178600 
1110 19.911582 0.000000 -2.237704 96.703407 -0.145148 -0.609058 0.064806 
1111 19.318012 0.000000 -2.237704 97.115558 -0.207606 -0.219102 0.056848 
1112 19.911582 0.000000 -2.790326 96.991353 -0.131790 -0.772015 0.059206 
1113 18.724442 0.000000 -2.237704 97.640701 -0.210079 0.134884 0.046623 
1114 18.130872 0.000000 -2.237704 98.169929 -0.198467 0.352327 0.036250 
1115 18.724442 0.000000 -2.790326 97.844893 -0.189356 -0.160864 0.042632 
1116 26.440854 0.000000 1.630653 102.997120 0.003584 -4.129315 -0.062546 
1117 26.440854 0.000000 2.735898 103.875258 0.007351 -9.329959 -0.087712 
1118 30.002275 0.000000 9.367367 100.390211 -0.028140 -0.662939 -0.007863 
1119 32.376556 0.000000 9.367367 100.440313 0.099106 -0.619904 -0.008865 
1120 30.002275 0.000000 11.577857 100.494662 -0.111972 -0.338849 -0.009930 
1121 26.440854 0.000000 3.841143 103.691493 0.012736 -10.532506 -0.086286 
1122 27.627995 0.000000 3.841143 104.913982 -0.001427 -12.232522 -0.115658 
1123 26.440854 0.000000 4.946388 99.433943 -0.250817 -2.917189 0.010432 
1124 24.066573 0.000000 6.051633 100.716235 0.078271 -2.203654 -0.014862 
1125 25.253714 0.000000 6.051633 100.319094 -0.032769 -2.137851 -0.006849 
1126 24.066573 0.000000 7.156877 100.650109 -0.105393 -1.395227 -0.013240 
1127 21.098722 0.000000 4.393765 103.937091 -0.014899 -3.078175 -0.081239 
1128 20.505152 0.000000 4.393765 103.785166 -0.115136 -2.372433 -0.077700 
1129 21.098722 0.000000 4.946388 103.165831 -0.004339 -2.325300 -0.064860 
1130 26.440854 0.000000 -2.790326 100.117484 -0.074835 -4.803659 -0.004659 
1131 26.440854 0.000000 -3.895571 100.097818 -0.057573 -5.370648 -0.004842 
1132 27.627995 0.000000 -2.790326 101.572063 0.045846 -4.882375 -0.034072 
1133 23.473003 0.000000 -0.027214 95.394841 -0.064808 -2.815436 0.089189 
1134 24.066573 0.000000 -0.027214 98.388503 -0.067081 -3.580719 0.030688 
1135 23.473003 0.000000 0.525408 0.766254 0.036316 0.377937 0.999927 
1136 22.582648 0.000000 -0.856148 93.453153 -0.082901 -0.346764 0.126638 
1137 22.879433 0.000000 -0.856148 94.755175 -0.066817 -1.511028 0.101917 
1138 22.582648 0.000000 -0.579836 92.954623 -0.074550 -0.442257 0.135924 
1139 22.285863 0.000000 1.078031 -5.955877 0.005690 -0.503941 0.996427 
1140 21.692293 0.000000 1.078031 -7.806319 0.007472 -0.049531 0.993906 
1141 22.879433 0.000000 1.078031 -2.849244 0.024335 -0.832758 0.999119 
1142 21.098722 0.000000 2.183276 -9.039723 0.044725 2.367695 0.991268 
1143 20.505152 0.000000 2.183276 -7.068692 0.014809 2.542889 0.994357 
1144 21.098722 0.000000 1.630653 -8.358163 0.053011 1.209481 0.992868 
1145 20.950330 0.000000 -0.994303 96.876267 -0.155689 1.246627 0.061341 
1146 20.801937 0.000000 -0.994303 97.202752 -0.158613 1.286822 0.054994 
1147 20.950330 0.000000 -0.856148 96.986422 -0.157108 1.274237 0.059199 
1148 23.473003 0.000000 -2.237704 95.440758 -0.045122 -1.125184 0.088979 
1149 23.473003 0.000000 -2.790326 96.173300 -0.088702 -2.434646 0.074476 
1150 24.066573 0.000000 -2.237704 96.169542 -0.025520 -1.815647 0.074812 
1151 23.473003 0.000000 4.393765 100.546082 -0.029804 -6.313897 -0.014938 
1152 24.066573 0.000000 4.393765 100.123518 -0.006118 -5.577839 -0.005583 
1153 23.473003 0.000000 4.946388 100.926236 -0.044223 -4.294689 -0.020455 
1154 22.582648 0.000000 3.012209 100.175865 -0.055616 -12.089863 -0.018137 
1155 22.582648 0.000000 2.735898 100.328659 -0.051428 -11.344676 -0.019454 
1156 22.879433 0.000000 3.012209 101.002819 -0.073060 -11.766666 -0.034003 
1157 23.473003 0.000000 1.078031 0.472726 0.010198 -0.938531 0.999890 
1158 24.066573 0.000000 1.078031 2.935347 0.004064 -1.160616 0.999004 
1159 23.473003 0.000000 1.630653 0.542327 0.004754 -2.130621 0.999517 
1160 23.473003 0.000000 2.183276 101.262363 -0.085424 -6.297906 -0.029374 
1161 24.066573 0.000000 2.183276 101.756012 -0.097610 -6.617935 -0.039809 
1162 31.189416 0.000000 -2.790326 101.961582 -0.013678 -4.296477 -0.041462 
1163 30.002275 0.000000 -2.790326 101.798543 0.118456 -4.279647 -0.038127 
1164 31.189416 0.000000 -3.895571 101.690486 -0.023391 -3.428626 -0.035271 
1165 28.815135 0.000000 -2.790326 102.052550 0.021567 -4.494078 -0.043492 
1166 28.815135 0.000000 -3.895571 101.809397 0.090557 -4.108604 -0.038204 
1167 28.815135 0.000000 3.841143 104.297123 0.026404 -12.007467 -0.102207 
1168 30.002275 0.000000 3.841143 99.213420 0.113760 -2.953521 0.014796 
1169 28.815135 0.000000 4.946388 99.541111 0.086732 -2.128635 0.008703 
1170 31.189416 0.000000 3.841143 99.360427 -0.002605 -2.170963 0.012279 
1171 31.189416 0.000000 4.946388 100.036078 0.142446 -1.541268 -0.000961 
1172 51.370803 0.000000 -10.527040 100.443834 0.100887 1.548881 -0.009137 
1173 51.370803 0.000000 -14.948019 100.011653 0.189598 0.559453 -0.000268 
1174 56.119364 0.000000 -10.527040 99.326097 -0.006913 1.010409 0.013331 
1175 35.344407 0.000000 -1.132459 103.999940 0.056258 2.615075 -0.082283 
1176 35.344407 0.000000 -1.685081 103.788947 0.057292 2.597723 -0.077890 
1177 35.344407 0.000000 -0.579836 103.780592 0.058003 2.602733 -0.077719 
1178 35.344407 0.000000 -0.027214 -3.225890 0.087152 -0.283283 0.998951 
1179 34.750837 0.000000 -0.027214 -3.045929 0.000438 -0.331954 0.999061 
1180 35.344407 0.000000 0.525408 -3.176646 0.061424 -0.188062 0.998987 
1181 35.344407 0.000000 1.078031 102.260498 0.219046 -7.503541 -0.051356 
1182 34.750837 0.000000 1.078031 102.187998 0.193489 -7.214899 -0.049448 
1183 35.344407 0.000000 1.630653 102.319685 0.231135 -7.780338 -0.052990 
1184 35.344407 0.000000 2.183276 102.287398 0.240544 -8.269942 -0.053116 
1185 35.344407 0.000000 2.735898 100.655839 0.138647 -3.369883 -0.014297 
1186 38.905828 0.000000 -0.027214 -2.660293 -0.002310 0.299454 0.999283 
1187 38.312258 0.000000 -0.027214 -2.572112 -0.003608 0.294684 0.999330 
1188 39.499399 0.000000 -0.027214 -2.880734 0.061321 0.308626 0.999160 
1189 37.718688 0.000000 -0.027214 -2.505028 0.109268 0.087015 0.999371 
1190 38.312258 0.000000 3.841143 100.596314 0.054347 -2.814954 -0.012755 
1191 39.499399 0.000000 3.841143 100.516009 0.131841 -3.220945 -0.011386 
1192 38.312258 0.000000 4.946388 100.910116 -0.152015 -1.982108 -0.018680 
1193 40.686539 0.000000 3.841143 100.951152 -0.025287 -3.427181 -0.020288 
1194 41.873679 0.000000 3.841143 100.742894 -0.066567 -3.673507 -0.016263 
1195 40.686539 0.000000 4.946388 100.390489 -0.462238 -2.596586 -0.008521 
1196 37.718688 0.000000 2.183276 100.751766 0.319871 -5.142445 -0.017747 
1197 38.312258 0.000000 2.183276 100.865867 0.397123 -4.906812 -0.019816 
1198 37.718688 0.000000 2.735898 100.629966 0.288824 -3.759943 -0.014061 
1199 48.996522 0.000000 -3.895571 103.079091 0.006738 1.700348 -0.062819 
1200 48.996522 0.000000 -6.106061 101.533114 0.198127 2.205841 -0.031388 
1201 51.370803 0.000000 -3.895571 101.208837 0.097853 6.660372 -0.028760 
1202 41.280109 0.000000 -1.132459 106.151702 -0.072592 1.555068 -0.127061 
1203 41.280109 0.000000 -1.685081 105.625007 -0.041669 0.976245 -0.115760 
1204 41.280109 0.000000 -0.579836 105.962777 -0.073012 1.495313 -0.123035 
1205 41.280109 0.000000 -0.027214 -4.746030 -0.026788 -0.353106 0.997735 
1206 40.686539 0.000000 -0.027214 -3.817541 0.101686 -0.195779 0.998538 
1207 41.873679 0.000000 -0.027214 -5.416448 -0.087108 -0.240562 0.997060 
1208 40.092969 0.000000 -0.027214 -3.227831 0.037591 0.185908 0.998955 
1209 45.435101 0.000000 -2.790326 98.463170 0.125945 5.064485 0.027934 
1210 45.435101 0.000000 -3.895571 99.570156 0.179864 3.108212 0.007609 
1211 46.622241 0.000000 -2.790326 98.386135 -0.035126 3.232948 0.030972 
1212 48.996522 0.000000 4.946388 100.012018 -0.192598 -2.645155 -0.000944 
1213 51.370803 0.000000 4.946388 99.638432 -0.026562 -2.943681 0.006352 
1214 48.996522 0.000000 7.156877 100.492199 -0.173431 -2.171593 -0.010343 
1215 43.060820 0.000000 3.841143 100.374667 -0.083220 -4.180155 -0.009255 
1216 44.247960 0.000000 3.841143 99.986802 -0.169290 -4.312196 -0.001598 
1217 43.060820 0.000000 4.946388 100.404330 -0.387144 -3.232373 -0.009163 
1218 45.435101 0.000000 3.841143 99.631689 -0.111775 -3.699448 0.005983 
1219 46.622241 0.000000 3.841143 99.717290 -0.166804 -3.142073 0.004656 
1220 45.435101 0.000000 4.946388 99.918919 -0.332848 -2.948540 0.000740 
1221 43.654390 0.000000 -0.027214 99.769235 -0.055670 -28.758459 -0.078095 
1222 43.060820 0.000000 -0.027214 -5.579257 -0.000637 0.110141 0.996886 
1223 43.654390 0.000000 0.525408 101.171611 -0.041095 -26.644065 -0.094560 
1224 42.467250 0.000000 -0.027214 -5.681599 0.006123 -0.229975 0.996767 
1225 44.841530 0.000000 -1.132459 106.521697 -0.004823 12.274652 -0.149754 
1226 44.841530 0.000000 -1.685081 98.856739 0.187103 8.399271 0.015676 
1227 45.435101 0.000000 -1.132459 106.370988 0.022239 14.220991 -0.151702 
1228 255.558951 0.000000 214.942905 99.999997 0.000415 -0.001089 0.000000 
1229 331.535936 0.000000 214.942905 99.999954 0.000453 -0.000975 0.000001 
1230 255.558951 0.000000 285.678573 100.000069 0.000286 -0.000612 -0.000001 
1231 141.593473 0.000000 108.839401 99.999615 0.000804 -0.005550 0.000008 
1232 179.581965 0.000000 108.839401 99.999393 0.000879 -0.004617 0.000012 
1233 141.593473 0.000000 144.207236 100.000216 0.000543 -0.003143 -0.000004 
1234 84.610734 0.000000 55.787650 99.997736 0.001326 -0.032708 0.000045 
1235 103.604980 0.000000 55.787650 99.994797 0.001683 -0.024894 0.000104 
1236 84.610734 0.000000 73.471567 100.001033 0.001187 -0.017761 -0.000021 
1237 3.885187 0.000000 15.998836 99.938250 0.063328 0.455208 0.001214 
1238 -0.863375 0.000000 15.998836 99.872486 0.039599 0.348655 0.002536 
1239 3.885187 0.000000 20.419815 100.011757 0.068778 0.265179 -0.000243 
1240 -5.611936 0.000000 15.998836 99.868296 0.051890 0.253873 0.002626 
1241 -10.360498 0.000000 15.998836 99.907999 0.036942 0.208094 0.001835 
1242 -5.611936 0.000000 20.419815 99.988673 0.094873 0.232892 0.000220 
1243 56.119364 0.000000 29.261774 100.060748 0.033650 -0.227742 -0.001221 
1244 65.616487 0.000000 29.261774 99.993164 -0.060381 -0.182688 0.000133 
1245 56.119364 0.000000 38.103732 100.028867 -0.075092 -0.110991 -0.000579 
1246 6.259468 0.000000 9.367367 99.839599 -0.122307 1.145972 0.003073 
1247 3.885187 0.000000 9.367367 99.717921 -0.059553 1.108116 0.005510 
1248 6.259468 0.000000 11.577857 100.027968 -0.048240 0.912905 -0.000643 
1249 1.510906 0.000000 9.367367 99.674991 -0.013092 1.010640 0.006387 
1250 -0.863375 0.000000 9.367367 99.633711 0.076730 0.818956 0.007245 
1251 1.510906 0.000000 11.577857 99.880596 0.050599 0.781051 0.002325 
1252 -3.237656 0.000000 9.367367 99.578810 0.049651 0.481216 0.008383 
1253 -5.611936 0.000000 9.367367 99.636919 0.028653 0.349782 0.007236 
1254 -3.237656 0.000000 11.577857 99.736750 0.017034 0.456410 0.005237 
1255 0.323766 0.000000 3.841143 98.147916 -0.026867 2.243048 0.036195 
1256 -0.863375 0.000000 3.841143 98.162033 -0.058811 1.338346 0.036242 
1257 0.323766 0.000000 4.946388 98.562250 0.006947 1.591336 0.028295 
1258 0.917336 0.000000 1.078031 92.442089 -0.038135 8.313377 0.138535 
1259 0.323766 0.000000 1.078031 93.240165 -0.040044 5.335647 0.127780 
1260 0.917336 0.000000 1.630653 94.753101 -0.017056 6.057181 0.098516 
1261 0.917336 0.000000 2.183276 96.152827 -0.013909 4.703198 0.073251 
1262 0.323766 0.000000 2.183276 96.332177 -0.034212 3.560086 0.070744 
1263 0.917336 0.000000 2.735898 97.064401 -0.011062 3.765076 0.056433 
1264 3.291617 0.000000 -2.237704 101.825063 -0.110204 -5.146403 -0.039484 
1265 2.698046 0.000000 -2.237704 101.151395 -0.099457 -6.087239 -0.026867 
1266 3.291617 0.000000 -2.790326 101.013413 -0.114261 -4.169337 -0.022111 
1267 2.104476 0.000000 -2.237704 100.151259 -0.092760 -6.968551 -0.007884 
1268 1.510906 0.000000 -2.237704 98.869384 -0.087144 -7.254389 0.017221 
1269 2.104476 0.000000 -2.790326 99.826987 -0.079720 -5.066163 0.000890 
1270 8.040178 0.000000 2.183276 102.173963 0.319746 16.366262 -0.070748 
1271 8.040178 0.000000 1.630653 102.359603 -0.207222 14.535909 -0.068882 
1272 8.040178 0.000000 2.735898 102.199103 -0.273723 17.969326 -0.076763 
1273 8.040178 0.000000 3.288520 99.228135 -0.114293 5.402605 0.012458 
1274 7.446608 0.000000 3.288520 99.553451 -0.112894 5.280294 0.006122 
1275 8.040178 0.000000 3.841143 99.435697 -0.106465 4.276963 0.009424 
1276 41.873679 0.000000 15.998836 100.231466 -0.075075 -0.480406 -0.004658 
1277 46.622241 0.000000 15.998836 100.395667 -0.023885 -0.698175 -0.007978 
1278 41.873679 0.000000 20.419815 100.150509 0.039658 -0.362629 -0.003026 
1279 16.943731 0.000000 6.051633 101.913860 -0.135761 1.817303 -0.038976 
1280 15.756591 0.000000 6.051633 101.400535 -0.185667 2.710056 -0.028945 
1281 16.943731 0.000000 7.156877 101.239643 -0.161775 1.284802 -0.025114 
1282 14.569450 0.000000 6.051633 100.772783 -0.107096 3.191777 -0.016535 
1283 13.382310 0.000000 6.051633 100.228095 -0.127242 3.266139 -0.005635 
1284 14.569450 0.000000 7.156877 100.576479 -0.111105 2.151596 -0.012027 
1285 17.537301 0.000000 -0.027214 -5.500858 -0.051829 0.380589 0.996959 
1286 16.943731 0.000000 -0.027214 -5.907684 -0.058582 0.230816 0.996504 
1287 17.537301 0.000000 0.525408 -5.671708 -0.048246 0.477784 0.996760 
1288 16.350161 0.000000 -0.027214 -5.177005 -0.053085 -0.473140 0.997297 
1289 15.756591 0.000000 -0.027214 -3.344999 0.133639 -0.944998 0.998790 
1290 16.350161 0.000000 0.525408 -4.830954 -0.032252 0.414365 0.997649 
1291 17.537301 0.000000 -2.237704 98.750325 -0.269433 0.414271 0.024813 
1292 16.943731 0.000000 -2.237704 99.133712 -0.286748 0.360819 0.017229 
1293 17.537301 0.000000 -2.790326 98.484295 -0.251394 0.210097 0.030074 
1294 16.350161 0.000000 -2.237704 99.400794 -0.301750 -0.135857 0.011937 
1295 15.756591 0.000000 -2.237704 99.341658 -0.162766 -0.458915 0.013100 
1296 16.350161 0.000000 -2.790326 99.100965 -0.285799 -0.126151 0.017890 
1297 19.911582 0.000000 4.393765 107.184983 -0.165949 -6.807236 -0.153499 
1298 19.318012 0.000000 4.393765 108.293143 -0.188582 -4.552569 -0.174817 
1299 19.911582 0.000000 4.946388 103.286500 -0.171590 -1.077869 -0.066929 
1300 18.724442 0.000000 4.393765 108.598361 -0.207633 -2.884858 -0.180197 
1301 18.130872 0.000000 4.393765 108.862126 -0.224097 -1.443652 -0.185310 
1302 18.724442 0.000000 4.946388 103.649580 -0.212062 0.187985 -0.074332 
1303 19.911582 0.000000 2.183276 -5.909022 0.002580 2.096267 0.996069 
1304 19.318012 0.000000 2.183276 -5.369885 -0.031899 1.489148 0.996895 
1305 19.911582 0.000000 1.630653 -6.313361 -0.003771 1.360035 0.995829 
1306 18.724442 0.000000 2.183276 -5.242308 0.010145 0.975062 0.997157 
1307 18.130872 0.000000 2.183276 -5.451408 0.003064 0.605182 0.996992 
1308 18.724442 0.000000 1.630653 -5.568263 0.020218 0.753727 0.996843 
1309 34.750837 0.000000 9.367367 100.330461 -0.010184 -0.387866 -0.006635 
1310 37.125118 0.000000 9.367367 100.441580 0.187451 -1.033384 -0.008961 
1311 34.750837 0.000000 11.577857 100.462722 0.023755 -0.606158 -0.009313 
1312 26.440854 0.000000 6.051633 100.185058 -0.212486 -1.908585 -0.004073 
1313 27.627995 0.000000 6.051633 100.217818 -0.275539 -1.664894 -0.004646 
1314 26.440854 0.000000 7.156877 100.632505 -0.117657 -1.515867 -0.012921 
1315 21.098722 0.000000 1.078031 -7.951833 0.006667 0.274851 0.993669 
1316 20.505152 0.000000 1.078031 -7.265448 0.030672 0.405780 0.994705 
1317 28.815135 0.000000 6.051633 100.346036 -0.263798 -1.673342 -0.007220 
1318 30.002275 0.000000 6.051633 100.375819 -0.188907 -1.279224 -0.007698 
1319 28.815135 0.000000 7.156877 100.476265 -0.245098 -1.444603 -0.009763 
1320 34.157267 0.000000 -0.027214 -2.522843 -0.072089 -0.470325 0.999341 
1321 33.563697 0.000000 -0.027214 103.545086 -0.016915 1.977497 -0.072550 
1322 34.157267 0.000000 0.525408 -2.431307 -0.015656 -0.380814 0.999394 
1323 51.370803 0.000000 15.998836 99.875412 0.170558 -0.712379 0.002437 
1324 56.119364 0.000000 15.998836 100.191953 0.038676 -0.810421 -0.003909 
1325 51.370803 0.000000 20.419815 100.060236 0.130982 -0.461574 -0.001228 
1326 39.499399 0.000000 9.367367 100.606073 0.108782 -1.259617 -0.012318 
1327 41.873679 0.000000 9.367367 100.644685 0.053094 -1.426646 -0.013139 
1328 39.499399 0.000000 11.577857 100.352333 0.080788 -1.083925 -0.007177 
1329 34.157267 0.000000 1.078031 101.559291 0.093189 -7.048691 -0.036398 
1330 33.563697 0.000000 1.078031 -1.360335 -0.074662 0.625706 0.999775 
1331 38.905828 0.000000 2.183276 100.940494 0.183146 -4.879817 -0.021283 
1332 39.499399 0.000000 2.183276 101.139437 0.145346 -5.037912 -0.025459 
1333 38.905828 0.000000 2.735898 100.975816 0.091333 -3.951483 -0.021174 
1334 40.092969 0.000000 2.183276 101.355535 0.302177 -5.439092 -0.030262 
1335 40.686539 0.000000 2.183276 101.626597 0.099163 -5.829676 -0.036196 
1336 40.092969 0.000000 2.735898 101.267187 0.170386 -4.472915 -0.027508 
1337 43.654390 0.000000 1.078031 101.595294 -0.026735 -26.973598 -0.104918 
1338 44.247960 0.000000 1.078031 99.953154 -0.041128 -30.186925 -0.090189 
1339 43.654390 0.000000 1.630653 99.478584 0.037232 -12.208054 -0.004503 
1340 44.841530 0.000000 1.078031 94.955613 -0.019187 -37.020527 -0.038709 
1341 45.435101 0.000000 1.078031 93.960329 0.006187 -12.145746 0.102394 
1342 44.841530 0.000000 1.630653 97.111801 0.075053 -10.088747 0.046751 
1343 0.917336 0.000000 -2.237704 97.497392 -0.042585 -6.703322 0.044932 
1344 0.323766 0.000000 -2.237704 96.592442 -0.052518 -5.336318 0.064142 
1345 0.917336 0.000000 -2.790326 98.240729 -0.042916 -4.671482 0.032693 
1346 8.040178 0.000000 1.078031 102.210880 -0.218583 14.932388 -0.067009 
1347 8.040178 0.000000 0.525408 5.086537 -0.078714 0.018766 0.997412 
1348 8.633748 0.000000 1.078031 103.286924 -0.163615 8.266121 -0.073654 
1349 12.195170 0.000000 6.051633 99.881065 -0.098337 3.061728 0.001439 
1350 11.008029 0.000000 6.051633 99.755110 -0.023507 2.794213 0.004111 
1351 12.195170 0.000000 7.156877 100.128666 -0.076692 2.245847 -0.003080 
1352 9.820889 0.000000 6.051633 99.747837 -0.071155 2.483556 0.004420 
1353 8.633748 0.000000 6.051633 99.705821 -0.033794 2.309436 0.005341 
1354 9.820889 0.000000 7.156877 99.838380 0.036118 1.964769 0.002844 
1355 9.227319 0.000000 1.078031 103.035759 -0.206660 10.865346 -0.073447 
1356 9.227319 0.000000 0.525408 7.198488 -0.045698 0.705041 0.994768 
1357 9.820889 0.000000 1.078031 103.467541 -0.073724 4.331672 -0.072430 
1358 10.414459 0.000000 1.078031 103.587184 -0.096400 4.890212 -0.075423 
1359 10.414459 0.000000 0.525408 7.965866 -0.001156 1.131628 0.993526 
1360 11.008029 0.000000 1.078031 103.810512 0.033234 -4.153099 -0.079387 
1361 6.853038 0.000000 3.288520 99.831371 -0.117164 5.283768 0.000577 
1362 6.259468 0.000000 3.288520 99.904246 -0.048411 5.252185 -0.000845 
1363 6.853038 0.000000 3.841143 99.712892 -0.100297 4.304056 0.003880 
1364 15.163021 0.000000 -0.027214 -0.513118 0.142834 -0.746967 0.999916 
1365 14.569450 0.000000 -0.027214 1.136797 0.106430 -0.749800 0.999813 
1366 15.163021 0.000000 0.525408 -0.887444 0.152214 0.523159 0.999892 
1367 15.163021 0.000000 -2.237704 102.303171 -0.185966 2.098679 -0.047038 
1368 14.569450 0.000000 -2.237704 103.904384 -0.187763 2.815506 -0.080408 
1369 15.163021 0.000000 -2.790326 99.124299 -0.086571 -0.390165 0.017421 
1370 17.537301 0.000000 4.393765 108.546645 -0.176765 2.784226 -0.179016 
1371 16.943731 0.000000 4.393765 105.100795 -0.207428 8.944027 -0.112622 
1372 17.537301 0.000000 4.946388 103.674905 -0.228350 1.897664 -0.075214 
1373 17.537301 0.000000 2.183276 -6.042109 -0.025622 0.505817 0.996324 
1374 16.943731 0.000000 2.183276 -6.653068 -0.037567 0.853467 0.995501 
1375 17.537301 0.000000 1.630653 -5.957430 -0.021175 0.668742 0.996406 
1376 18.724442 0.000000 1.078031 -5.655208 -0.011742 0.413520 0.996785 
1377 18.130872 0.000000 1.078031 -5.648975 0.034115 0.451819 0.996788 
1378 19.318012 0.000000 1.078031 -5.907346 -0.038374 0.410875 0.996493 
1379 19.911582 0.000000 1.078031 -6.485707 -0.002434 0.461524 0.995772 
1380 31.189416 0.000000 6.051633 100.483074 -0.027305 -1.114779 -0.009809 
1381 32.376556 0.000000 6.051633 100.641090 -0.177293 -0.961583 -0.012959 
1382 31.189416 0.000000 7.156877 100.542172 -0.096010 -0.861229 -0.010948 
1383 44.247960 0.000000 9.367367 100.361323 0.173683 -1.446284 -0.007452 
1384 46.622241 0.000000 9.367367 100.312134 0.131430 -1.514268 -0.006483 
1385 44.247960 0.000000 11.577857 100.390511 -0.024136 -1.074952 -0.007941 
1386 33.563697 0.000000 6.051633 100.779611 -0.117357 -0.898261 -0.015735 
1387 34.750837 0.000000 6.051633 100.727105 0.172804 -1.170772 -0.014735 
1388 33.563697 0.000000 7.156877 100.707665 -0.067369 -0.721452 -0.014256 
1389 41.280109 0.000000 2.183276 101.683861 0.059227 -6.449047 -0.038120 
1390 41.873679 0.000000 2.183276 101.603050 0.133603 -7.289640 -0.037634 
1391 41.280109 0.000000 2.735898 101.357074 0.049615 -5.134192 -0.029962 
1392 48.996522 0.000000 9.367367 100.036354 0.150609 -1.524492 -0.000962 
1393 51.370803 0.000000 9.367367 99.829789 0.372134 -1.572048 0.003140 
1394 48.996522 0.000000 11.577857 100.146295 0.105867 -1.251031 -0.003086 
1395 42.467250 0.000000 2.183276 101.161671 0.089397 -8.063093 -0.029871 
1396 43.060820 0.000000 2.183276 100.538329 -0.009175 -8.570820 -0.018141 
1397 42.467250 0.000000 2.735898 100.825223 0.041930 -6.136440 -0.020338 
1 11 62 60 61 
2 62 10 24 60 
3 60 24 14 63 
4 61 60 63 6 
5 24 66 64 65 
6 66 23 40 64 
7 64 40 27 67 
8 65 64 67 14 
9 40 70 68 69 
10 69 68 71 27 
11 6 63 92 93 
12 63 14 36 92 
13 92 36 19 94 
14 93 92 94 20 
15 14 67 95 96 
16 67 27 52 95 
17 95 52 35 97 
18 96 95 97 36 
19 27 71 98 99 
20 99 98 100 52 
21 68 112 110 111 
22 112 56 80 110 
23 110 80 43 113 
24 111 110 113 71 
25 80 116 114 115 
26 115 114 117 43 
27 71 113 133 134 
28 113 43 102 133 
29 133 102 76 135 
30 134 133 135 98 
31 43 117 136 137 
32 137 136 138 102 
33 114 141 139 140 
34 141 106 129 139 
35 139 129 83 142 
36 140 139 142 117 
37 12 145 143 144 
38 145 7 146 143 
39 143 146 13 25 
40 144 143 25 10 
41 25 149 147 148 
42 149 13 150 147 
43 147 150 26 41 
44 148 147 41 23 
45 41 153 151 152 
46 153 26 154 151 
47 151 154 42 57 
48 152 151 57 39 
49 39 157 155 156 
50 157 57 158 155 
51 155 158 55 81 
52 156 155 81 56 
53 81 161 159 160 
54 161 55 162 159 
55 159 162 82 107 
56 160 159 107 79 
57 79 165 163 164 
58 165 107 166 163 
59 106 169 167 168 
60 168 167 171 129 
61 56 174 172 173 
62 174 81 160 172 
63 172 160 79 116 
64 173 172 116 80 
65 116 177 175 176 
66 177 79 164 175 
67 175 164 106 141 
68 176 175 141 114 
69 164 180 178 179 
70 180 163 181 178 
71 179 178 169 106 
72 169 196 194 195 
73 196 130 197 194 
74 194 197 170 198 
75 195 194 198 167 
76 199 201 124 202 
77 200 199 202 125 
78 129 171 203 204 
79 204 203 206 83 
80 167 198 207 208 
81 198 170 209 207 
82 207 209 128 210 
83 208 207 210 171 
84 107 212 211 166 
85 212 82 213 211 
86 163 215 214 181 
87 215 166 216 214 
88 130 218 217 197 
89 218 191 219 217 
90 217 219 190 220 
91 197 217 220 170 
92 170 220 224 209 
93 220 190 225 224 
94 224 225 193 226 
95 209 224 226 128 
96 230 231 126 232 
97 201 230 232 124 
98 193 239 237 238 
99 239 131 240 237 
100 237 240 222 241 
101 238 237 241 221 
102 166 246 245 216 
103 246 211 247 245 
104 105 250 248 249 
105 250 243 251 248 
106 248 251 242 252 
107 249 248 252 192 
108 258 108 259 257 
109 257 259 188 260 
110 57 266 265 158 
111 266 42 267 265 
112 265 267 58 89 
113 158 265 89 55 
114 55 269 268 162 
115 269 89 270 268 
116 268 270 88 183 
117 162 268 183 82 
118 82 272 271 213 
119 272 183 273 271 
120 211 275 274 247 
121 275 213 276 274 
122 274 276 108 258 
123 245 279 277 278 
124 279 247 280 277 
125 187 282 281 263 
126 282 258 283 281 
127 281 283 257 284 
128 263 281 284 244 
129 287 187 288 285 
130 285 288 263 289 
131 243 292 290 291 
132 291 290 293 251 
133 242 264 294 295 
134 264 244 296 294 
135 294 296 186 297 
136 295 294 297 234 
137 261 289 298 299 
138 289 263 300 298 
139 298 300 244 301 
140 299 298 301 264 
141 304 285 305 302 
142 302 305 289 306 
143 303 302 306 261 
144 251 293 307 308 
145 293 261 299 307 
146 307 299 264 309 
147 308 307 309 242 
148 290 312 310 311 
149 312 286 303 310 
150 310 303 261 313 
151 311 310 313 293 
152 247 315 314 280 
153 315 274 316 314 
154 314 316 258 282 
155 280 314 282 187 
156 277 319 317 318 
157 319 280 320 317 
158 317 320 187 287 
159 318 317 287 262 
160 262 323 321 322 
161 323 287 324 321 
162 321 324 285 304 
163 322 321 304 286 
164 286 327 325 326 
165 327 304 328 325 
166 325 328 302 329 
167 326 325 329 303 
168 131 331 330 240 
169 331 234 332 330 
170 240 330 333 222 
171 234 297 337 332 
172 297 186 338 337 
173 337 338 235 339 
174 332 337 339 233 
175 109 236 340 341 
176 236 189 342 340 
177 340 342 230 343 
178 341 340 343 201 
179 222 333 344 345 
180 333 233 346 344 
181 344 346 236 347 
182 345 344 347 109 
183 330 350 348 349 
184 350 332 351 348 
185 348 351 233 352 
186 349 348 352 333 
187 108 354 353 259 
188 353 355 253 356 
189 259 353 356 188 
190 213 358 357 276 
191 358 271 359 357 
192 276 357 354 108 
193 373 182 374 372 
194 372 374 255 375 
195 355 372 375 253 
196 354 378 376 377 
197 376 379 355 380 
198 377 376 380 353 
199 183 382 381 273 
200 382 88 383 381 
201 271 385 384 359 
202 385 273 386 384 
203 384 386 182 373 
204 357 389 387 388 
205 389 359 390 387 
206 387 390 254 378 
207 388 387 378 354 
208 254 392 391 379 
209 392 373 393 391 
210 391 393 372 394 
211 379 391 394 355 
212 378 397 395 396 
213 397 254 398 395 
214 395 398 379 399 
215 396 395 399 376 
216 406 408 400 409 
217 407 406 409 231 
218 335 412 410 411 
219 412 403 413 410 
220 411 410 414 59 
221 253 375 415 404 
222 375 255 416 415 
223 415 416 185 417 
224 404 415 417 256 
225 403 419 418 413 
226 419 404 420 418 
227 418 420 256 421 
228 413 418 421 405 
229 422 407 231 423 
230 342 422 423 230 
231 59 414 424 425 
232 414 405 426 424 
233 424 426 406 427 
234 425 424 427 407 
235 410 430 428 429 
236 430 413 431 428 
237 428 431 405 432 
238 429 428 432 414 
239 256 417 442 408 
240 417 185 443 442 
241 442 443 401 444 
242 408 442 444 400 
243 182 446 445 374 
244 374 445 448 255 
245 273 450 449 386 
246 450 381 451 449 
247 386 449 446 182 
248 446 462 460 461 
249 462 369 463 460 
250 460 463 447 464 
251 461 460 464 445 
252 185 466 465 443 
253 466 371 467 465 
254 465 467 439 468 
255 443 465 468 401 
256 371 473 472 467 
257 467 472 475 439 
258 89 477 476 270 
259 477 58 478 476 
260 476 478 90 365 
261 270 476 365 88 
262 88 480 479 383 
263 480 365 481 479 
264 381 483 482 451 
265 483 383 484 482 
266 457 491 489 490 
267 491 184 492 489 
268 489 492 458 493 
269 490 489 493 456 
270 368 459 494 495 
271 459 370 496 494 
272 495 494 473 371 
273 473 503 501 502 
274 503 91 504 501 
275 501 504 474 505 
276 502 501 505 472 
277 383 507 506 484 
278 507 479 508 506 
279 486 523 521 522 
280 523 453 524 521 
281 521 524 487 525 
282 522 521 525 485 
283 498 540 538 539 
284 540 455 541 538 
285 538 541 499 542 
286 539 538 542 497 
287 365 544 543 481 
288 544 90 545 543 
289 479 547 546 508 
290 547 481 548 546 
291 508 555 553 554 
292 555 546 556 553 
293 553 556 518 550 
294 554 553 550 453 
295 558 514 559 557 
296 557 559 513 560 
297 550 567 565 566 
298 567 518 568 565 
299 565 568 551 569 
300 453 572 570 571 
301 572 550 566 570 
302 571 570 573 524 
303 487 552 576 577 
304 552 517 578 576 
305 576 578 520 579 
306 577 576 579 452 
307 569 551 582 580 
308 580 582 517 583 
309 581 580 583 552 
310 566 586 584 585 
311 586 565 587 584 
312 584 587 569 588 
313 524 573 589 590 
314 589 581 552 591 
315 590 589 591 487 
316 570 594 592 593 
317 594 566 585 592 
318 592 585 549 595 
319 593 592 595 573 
320 549 588 596 597 
321 588 569 598 596 
322 596 598 580 599 
323 597 596 599 581 
324 585 602 600 601 
325 602 584 603 600 
326 600 603 588 604 
327 601 600 604 549 
328 481 606 605 548 
329 606 543 607 605 
330 605 607 514 558 
331 546 609 608 556 
332 609 548 610 608 
333 608 610 364 562 
334 556 608 562 518 
335 518 612 611 568 
336 612 562 613 611 
337 568 611 614 551 
338 616 516 617 615 
339 615 617 531 618 
340 455 625 624 541 
341 625 535 620 624 
342 624 620 534 626 
343 541 624 626 499 
344 19 38 627 628 
345 38 21 629 627 
346 627 629 9 630 
347 628 627 630 22 
348 35 54 631 632 
349 54 37 633 631 
350 631 633 21 634 
351 632 631 634 38 
352 51 78 635 636 
353 78 53 637 635 
354 635 637 37 638 
355 636 635 638 54 
356 75 123 639 640 
357 123 77 641 639 
358 639 641 53 642 
359 640 639 642 78 
360 121 438 643 644 
361 438 122 645 643 
362 643 645 77 646 
363 644 643 646 123 
364 228 471 647 648 
365 471 436 649 647 
366 647 649 438 650 
367 648 647 650 121 
368 469 537 651 652 
369 537 470 653 651 
370 651 653 436 654 
371 652 651 654 471 
372 534 623 655 656 
373 623 536 657 655 
374 655 657 470 658 
375 656 655 658 537 
376 620 661 659 660 
377 659 662 623 663 
378 660 659 663 534 
379 364 665 664 563 
380 665 558 666 664 
381 664 666 557 667 
382 563 664 667 519 
383 562 669 668 613 
384 669 364 670 668 
385 668 670 563 671 
386 613 668 671 561 
387 517 564 672 578 
388 564 519 673 672 
389 672 673 454 674 
390 578 672 674 520 
391 551 614 675 582 
392 614 561 676 675 
393 675 676 564 677 
394 582 675 677 517 
395 611 680 678 679 
396 680 613 681 678 
397 678 681 561 682 
398 679 678 682 614 
399 560 513 684 683 
400 683 684 516 616 
401 574 687 685 686 
402 687 575 688 685 
403 685 688 367 621 
404 686 685 621 535 
405 535 691 689 690 
406 691 621 692 689 
407 689 692 619 661 
408 690 689 661 620 
409 367 694 693 622 
410 694 616 695 693 
411 693 695 615 696 
412 622 693 696 536 
413 619 698 697 662 
414 698 622 699 697 
415 697 699 536 700 
416 662 697 700 623 
417 661 703 701 702 
418 703 619 704 701 
419 701 704 662 705 
420 702 701 705 659 
421 514 711 710 559 
422 711 366 712 710 
423 710 712 515 713 
424 559 710 713 513 
425 7 715 714 146 
426 715 16 716 714 
427 714 716 15 32 
428 146 714 32 13 
429 13 718 717 150 
430 718 32 719 717 
431 717 719 31 48 
432 150 717 48 26 
433 26 721 720 154 
434 721 48 722 720 
435 720 722 47 85 
436 154 720 85 42 
437 42 724 723 267 
438 724 85 725 723 
439 723 725 84 361 
440 267 723 361 58 
441 58 727 726 478 
442 727 361 728 726 
443 726 728 360 510 
444 478 726 510 90 
445 90 730 729 545 
446 730 510 731 729 
447 366 733 732 712 
448 733 707 734 732 
449 732 734 706 735 
450 712 732 735 515 
451 515 735 739 740 
452 735 706 741 739 
453 739 741 709 742 
454 740 739 742 5 
455 15 744 743 33 
456 744 17 745 743 
457 743 745 8 746 
458 33 743 746 18 
459 31 748 747 49 
460 748 33 749 747 
461 747 749 18 750 
462 49 747 750 34 
463 47 752 751 86 
464 752 49 753 751 
465 751 753 34 754 
466 86 751 754 50 
467 756 86 757 755 
468 755 757 50 758 
469 707 768 767 734 
470 768 509 769 767 
471 767 769 708 770 
472 734 767 770 706 
473 706 770 771 741 
474 770 708 772 771 
475 771 772 512 773 
476 741 771 773 709 
477 510 775 774 731 
478 775 360 776 774 
479 509 778 777 769 
480 769 777 780 708 
481 18 746 781 45 
482 746 8 782 781 
483 781 782 29 783 
484 45 781 783 28 
485 34 750 784 73 
486 750 18 785 784 
487 784 785 45 786 
488 73 784 786 44 
489 50 754 787 119 
490 754 34 788 787 
491 787 788 73 789 
492 119 787 789 72 
493 758 50 791 790 
494 790 791 119 792 
495 796 797 529 798 
496 708 780 799 772 
497 772 799 801 512 
498 731 804 802 803 
499 804 774 805 802 
500 802 805 764 778 
501 803 802 778 509 
502 778 816 814 815 
503 816 764 817 814 
504 814 817 779 818 
505 815 814 818 777 
506 512 801 822 823 
507 801 766 824 822 
508 822 824 796 825 
509 823 822 825 737 
510 799 828 826 827 
511 828 800 829 826 
512 826 829 766 830 
513 827 826 830 801 
514 361 832 831 728 
515 832 84 833 831 
516 831 833 362 760 
517 728 831 760 360 
518 360 835 834 776 
519 835 760 836 834 
520 774 838 837 805 
521 838 776 839 837 
522 837 839 511 811 
523 805 837 811 764 
524 811 846 844 845 
525 846 511 847 844 
526 845 844 848 810 
527 776 850 849 839 
528 850 834 851 849 
529 849 851 807 841 
530 839 849 841 511 
531 511 853 852 847 
532 853 841 854 852 
533 852 854 840 855 
534 847 852 855 812 
535 810 848 856 857 
536 848 812 858 856 
537 856 858 765 859 
538 857 856 859 813 
539 844 862 860 861 
540 862 847 863 860 
541 860 863 812 864 
542 861 860 864 848 
543 865 866 793 867 
544 797 865 867 529 
545 813 859 871 872 
546 859 765 873 871 
547 872 871 874 819 
548 765 876 875 873 
549 876 843 877 875 
550 875 877 868 878 
551 873 875 878 820 
552 766 821 879 824 
553 821 363 880 879 
554 879 880 797 881 
555 824 879 881 796 
556 819 874 882 883 
557 874 820 884 882 
558 882 884 363 885 
559 883 882 885 821 
560 871 888 886 887 
561 888 873 889 886 
562 886 889 820 890 
563 887 886 890 874 
564 892 755 893 891 
565 891 893 758 894 
566 841 904 903 854 
567 904 807 905 903 
568 903 905 842 906 
569 854 903 906 840 
570 843 911 910 877 
571 911 806 912 910 
572 910 912 869 913 
573 877 910 913 868 
574 760 915 914 836 
575 915 362 916 914 
576 834 918 917 851 
577 918 836 919 917 
578 917 919 759 900 
579 851 917 900 807 
580 807 921 920 905 
581 921 900 922 920 
582 920 922 899 923 
583 905 920 923 842 
584 806 925 924 912 
585 925 902 926 924 
586 924 926 907 927 
587 912 924 927 869 
588 894 758 929 928 
589 928 929 790 930 
590 931 932 794 933 
591 866 931 933 793 
592 934 936 898 937 
593 902 939 938 926 
594 939 808 940 938 
595 938 940 908 941 
596 926 938 941 907 
597 836 946 945 919 
598 946 914 947 945 
599 945 947 896 943 
600 919 945 943 759 
601 759 950 948 949 
602 950 943 951 948 
603 948 951 942 952 
604 949 948 952 901 
605 808 954 953 940 
606 954 935 955 953 
607 953 955 934 956 
608 940 953 956 908 
609 761 958 957 897 
610 958 891 959 957 
611 957 959 894 960 
612 897 957 960 87 
613 962 761 963 961 
614 961 963 897 964 
615 943 966 965 951 
616 966 896 967 965 
617 965 967 944 968 
618 951 965 968 942 
619 964 897 970 969 
620 969 970 87 971 
621 936 969 971 898 
622 944 974 972 973 
623 974 961 975 972 
624 972 975 964 976 
625 973 972 976 895 
626 1 979 977 978 
627 979 12 144 977 
628 977 144 10 62 
629 978 977 62 11 
630 16 981 980 716 
631 981 2 982 980 
632 980 982 17 744 
633 716 980 744 15 
634 20 94 983 984 
635 94 19 628 983 
636 983 628 22 985 
637 984 983 985 4 
638 10 988 986 987 
639 988 25 148 986 
640 986 148 23 66 
641 987 986 66 24 
642 21 46 989 629 
643 46 28 990 989 
644 989 990 30 991 
645 629 989 991 9 
646 32 993 992 719 
647 993 15 994 992 
648 992 994 33 748 
649 719 992 748 31 
650 36 97 995 996 
651 97 35 632 995 
652 995 632 38 997 
653 996 995 997 19 
654 23 1000 998 999 
655 1000 41 152 998 
656 998 152 39 70 
657 999 998 70 40 
658 37 74 1001 633 
659 74 44 1002 1001 
660 1001 1002 46 1003 
661 633 1001 1003 21 
662 48 1005 1004 722 
663 1005 31 1006 1004 
664 1004 1006 49 752 
665 722 1004 752 47 
666 52 100 1007 1008 
667 100 51 636 1007 
668 1007 636 54 1009 
669 1008 1007 1009 35 
670 70 1012 1010 1011 
671 1012 39 156 1010 
672 1010 156 56 112 
673 1011 1010 112 68 
674 53 120 1013 637 
675 120 72 1014 1013 
676 1013 1014 74 1015 
677 637 1013 1015 37 
678 76 104 1016 1017 
679 104 75 640 1016 
680 1016 640 78 1018 
681 1017 1016 1018 51 
682 85 1020 1019 725 
683 1020 47 1021 1019 
684 1019 1021 86 756 
685 725 1019 756 84 
686 98 135 1022 1023 
687 135 76 1017 1022 
688 1022 1017 51 1024 
689 1023 1022 1024 100 
690 77 435 1025 641 
691 435 118 1026 1025 
692 1025 1026 120 1027 
693 641 1025 1027 53 
694 103 229 1028 1029 
695 229 121 644 1028 
696 1028 644 123 1030 
697 1029 1028 1030 75 
698 117 142 1031 1032 
699 142 83 200 1031 
700 1031 200 125 1033 
701 1032 1031 1033 136 
702 191 1035 1034 219 
703 1035 105 249 1034 
704 1034 249 192 1036 
705 219 1034 1036 190 
706 190 1036 1037 225 
707 1036 192 1038 1037 
708 1037 1038 131 239 
709 225 1037 239 193 
710 132 223 1039 1040 
711 223 109 341 1039 
712 1039 341 201 1041 
713 1040 1039 1041 199 
714 128 226 1042 1043 
715 226 193 238 1042 
716 1042 238 221 1044 
717 1043 1042 1044 205 
718 221 241 1045 1046 
719 241 222 345 1045 
720 1045 345 109 1047 
721 1046 1045 1047 223 
722 205 1044 1048 1049 
723 1044 221 1046 1048 
724 1048 1046 223 1050 
725 1049 1048 1050 132 
726 227 441 1051 1052 
727 441 228 648 1051 
728 1051 648 121 1053 
729 1052 1051 1053 229 
730 126 402 1054 1055 
731 402 227 1052 1054 
732 1054 1052 229 1056 
733 1055 1054 1056 103 
734 233 339 1057 346 
735 339 235 1058 1057 
736 1057 1058 189 1059 
737 346 1057 1059 236 
738 192 252 1060 1038 
739 252 242 295 1060 
740 1060 295 234 331 
741 1038 1060 331 131 
742 216 1063 1061 1062 
743 1063 245 278 1061 
744 1061 278 243 250 
745 1062 1061 250 105 
746 244 284 1064 296 
747 284 257 1065 1064 
748 1064 1065 260 1066 
749 296 1064 1066 186 
750 278 1069 1067 1068 
751 1069 277 318 1067 
752 1067 318 262 292 
753 1068 1067 292 243 
754 292 1072 1070 1071 
755 1072 262 322 1070 
756 1070 322 286 312 
757 1071 1070 312 290 
758 186 1066 1073 338 
759 1066 260 1074 1073 
760 1073 1074 334 1075 
761 338 1073 1075 235 
762 235 1075 1076 1058 
763 1075 334 1077 1076 
764 1076 1077 336 1078 
765 1058 1076 1078 189 
766 255 448 1079 416 
767 448 368 495 1079 
768 1079 495 371 466 
769 416 1079 466 185 
770 359 1081 1080 390 
771 1081 384 1082 1080 
772 1080 1082 373 392 
773 390 1080 392 254 
774 405 421 1083 426 
775 421 256 1084 1083 
776 1083 1084 408 1085 
777 426 1083 1085 406 
778 122 530 1086 645 
779 530 433 1087 1086 
780 1086 1087 435 1088 
781 645 1086 1088 77 
782 436 533 1089 649 
783 533 437 1090 1089 
784 1089 1090 122 1091 
785 649 1089 1091 438 
786 369 1093 1092 463 
787 1093 457 490 1092 
788 1092 490 456 1094 
789 463 1092 1094 447 
790 440 500 1095 1096 
791 500 469 652 1095 
792 1095 652 471 1097 
793 1096 1095 1097 228 
794 184 1099 1098 492 
795 1099 486 522 1098 
796 1098 522 485 1100 
797 492 1098 1100 458 
798 485 525 1101 1102 
799 525 487 577 1101 
800 1101 577 452 1103 
801 1102 1101 1103 488 
802 458 1100 1104 1105 
803 1100 485 1102 1104 
804 1104 1102 488 1106 
805 1105 1104 1106 370 
806 91 1108 1107 504 
807 1108 498 539 1107 
808 1107 539 497 1109 
809 504 1107 1109 474 
810 506 1112 1110 1111 
811 1112 508 554 1110 
812 1110 554 453 523 
813 1111 1110 523 486 
814 484 1115 1113 1114 
815 1115 506 1111 1113 
816 1113 1111 486 1099 
817 1114 1113 1099 184 
818 513 713 1116 684 
819 713 515 740 1116 
820 1116 740 5 1117 
821 684 1116 1117 516 
822 437 738 1118 1090 
823 738 528 1119 1118 
824 1118 1119 530 1120 
825 1090 1118 1120 122 
826 516 1117 1121 617 
827 1117 5 1122 1121 
828 1121 1122 532 1123 
829 617 1121 1123 531 
830 470 618 1124 653 
831 618 531 1125 1124 
832 1124 1125 533 1126 
833 653 1124 1126 436 
834 499 626 1127 1128 
835 626 534 656 1127 
836 1127 656 537 1129 
837 1128 1127 1129 469 
838 543 1131 1130 607 
839 1131 545 1132 1130 
840 1130 1132 366 711 
841 607 1130 711 514 
842 519 667 1133 673 
843 667 557 1134 1133 
844 1133 1134 560 1135 
845 673 1133 1135 454 
846 561 671 1136 676 
847 671 563 1137 1136 
848 1136 1137 519 1138 
849 676 1136 1138 564 
850 520 674 1139 1140 
851 674 454 1141 1139 
852 1139 1141 575 687 
853 1140 1139 687 574 
854 527 1144 1142 1143 
855 1144 574 686 1142 
856 1142 686 535 625 
857 1143 1142 625 455 
858 573 595 1145 1146 
859 595 549 597 1145 
860 1145 597 581 1147 
861 1146 1145 1147 589 
862 548 1149 1148 610 
863 1149 605 1150 1148 
864 1148 1150 558 665 
865 610 1148 665 364 
866 536 696 1151 657 
867 696 615 1152 1151 
868 1151 1152 618 1153 
869 657 1151 1153 470 
870 621 1155 1154 692 
871 1155 367 1156 1154 
872 1154 1156 622 698 
873 692 1154 698 619 
874 454 1135 1157 1141 
875 1135 560 1158 1157 
876 1157 1158 683 1159 
877 1141 1157 1159 575 
878 575 1159 1160 688 
879 1159 683 1161 1160 
880 1160 1161 616 694 
881 688 1160 694 367 
882 729 1164 1162 1163 
883 1164 731 803 1162 
884 1162 803 509 768 
885 1163 1162 768 707 
886 545 1166 1165 1132 
887 1166 729 1163 1165 
888 1165 1163 707 733 
889 1132 1165 733 366 
890 5 742 1167 1122 
891 742 709 1168 1167 
892 1167 1168 736 1169 
893 1122 1167 1169 532 
894 709 773 1170 1168 
895 773 512 823 1170 
896 1170 823 737 1171 
897 1168 1170 1171 736 
898 84 1173 1172 833 
899 1173 756 1174 1172 
900 1172 1174 755 892 
901 833 1172 892 362 
902 764 1176 1175 817 
903 1176 811 845 1175 
904 1175 845 810 1177 
905 817 1175 1177 779 
906 779 1177 1178 1179 
907 1177 810 857 1178 
908 1178 857 813 1180 
909 1179 1178 1180 763 
910 763 1180 1181 1182 
911 1180 813 872 1181 
912 1181 872 819 1183 
913 1182 1181 1183 800 
914 800 1183 1184 829 
915 1183 819 883 1184 
916 1184 883 821 1185 
917 829 1184 1185 766 
918 840 906 1186 1187 
919 906 842 1188 1186 
920 1186 1188 806 911 
921 1187 1186 911 843 
922 812 855 1189 858 
923 855 840 1187 1189 
924 1189 1187 843 876 
925 858 1189 876 765 
926 363 870 1190 880 
927 870 809 1191 1190 
928 1190 1191 865 1192 
929 880 1190 1192 797 
930 809 909 1193 1191 
931 909 762 1194 1193 
932 1193 1194 866 1195 
933 1191 1193 1195 865 
934 820 878 1196 884 
935 878 868 1197 1196 
936 1196 1197 870 1198 
937 884 1196 1198 363 
938 362 1200 1199 916 
939 1200 892 1201 1199 
940 1199 1201 891 958 
941 916 1199 958 761 
942 900 1203 1202 922 
943 1203 759 949 1202 
944 1202 949 901 1204 
945 922 1202 1204 899 
946 899 1204 1205 1206 
947 1204 901 1207 1205 
948 1205 1207 808 939 
949 1206 1205 939 902 
950 842 923 1208 1188 
951 923 899 1206 1208 
952 1208 1206 902 925 
953 1188 1208 925 806 
954 914 1210 1209 947 
955 1210 916 1211 1209 
956 1209 1211 761 962 
957 947 1209 962 896 
958 87 960 1212 932 
959 960 894 1213 1212 
960 1212 1213 928 1214 
961 932 1212 1214 794 
962 762 937 1215 1194 
963 937 898 1216 1215 
964 1215 1216 931 1217 
965 1194 1215 1217 866 
966 898 971 1218 1216 
967 971 87 1219 1218 
968 1218 1219 932 1220 
969 1216 1218 1220 931 
970 942 968 1221 1222 
971 968 944 973 1221 
972 1221 973 895 1223 
973 1222 1221 1223 935 
974 901 952 1224 1207 
975 952 942 1222 1224 
976 1224 1222 935 954 
977 1207 1224 954 808 
978 896 1226 1225 967 
979 1226 962 1227 1225 
980 1225 1227 961 974 
981 967 1225 974 944 
982 28 783 1228 990 
983 783 29 1229 1228 
984 1228 1229 3 1230 
985 990 1228 1230 30 
986 44 786 1231 1002 
987 786 45 1232 1231 
988 1231 1232 28 1233 
989 1002 1231 1233 46 
990 72 789 1234 1014 
991 789 73 1235 1234 
992 1234 1235 44 1236 
993 1014 1234 1236 74 
994 101 127 1237 1238 
995 127 103 1029 1237 
996 1237 1029 75 1239 
997 1238 1237 1239 104 
998 102 138 1240 1241 
999 138 101 1238 1240 
1000 1240 1238 104 1242 
1001 1241 1240 1242 76 
1002 118 792 1243 1026 
1003 792 119 1244 1243 
1004 1243 1244 72 1245 
1005 1026 1243 1245 120 
1006 124 232 1246 1247 
1007 232 126 1055 1246 
1008 1246 1055 103 1248 
1009 1247 1246 1248 127 
1010 125 202 1249 1250 
1011 202 124 1247 1249 
1012 1249 1247 127 1251 
1013 1250 1249 1251 101 
1014 136 1033 1252 1253 
1015 1033 125 1250 1252 
1016 1252 1250 101 1254 
1017 1253 1252 1254 138 
1018 83 206 1255 1256 
1019 206 132 1040 1255 
1020 1255 1040 199 1257 
1021 1256 1255 1257 200 
1022 171 210 1258 1259 
1023 210 128 1043 1258 
1024 1258 1043 205 1260 
1025 1259 1258 1260 203 
1026 203 1260 1261 1262 
1027 1260 205 1049 1261 
1028 1261 1049 132 1263 
1029 1262 1261 1263 206 
1030 214 1266 1264 1265 
1031 1266 216 1062 1264 
1032 1264 1062 105 1035 
1033 1265 1264 1035 191 
1034 181 1269 1267 1268 
1035 1269 214 1265 1267 
1036 1267 1265 191 218 
1037 1268 1267 218 130 
1038 334 1271 1270 1077 
1039 1271 335 411 1270 
1040 1270 411 59 1272 
1041 1077 1270 1272 336 
1042 336 1272 1273 1274 
1043 1272 59 425 1273 
1044 1273 425 407 1275 
1045 1274 1273 1275 422 
1046 433 795 1276 1087 
1047 795 434 1277 1276 
1048 1276 1277 118 1278 
1049 1087 1276 1278 435 
1050 439 475 1279 1280 
1051 475 440 1096 1279 
1052 1279 1096 228 1281 
1053 1280 1279 1281 441 
1054 401 468 1282 1283 
1055 468 439 1280 1282 
1056 1282 1280 441 1284 
1057 1283 1282 1284 227 
1058 456 493 1285 1286 
1059 493 458 1105 1285 
1060 1285 1105 370 1287 
1061 1286 1285 1287 459 
1062 447 1094 1288 1289 
1063 1094 456 1286 1288 
1064 1288 1286 459 1290 
1065 1289 1288 1290 368 
1066 482 1293 1291 1292 
1067 1293 484 1114 1291 
1068 1291 1114 184 491 
1069 1292 1291 491 457 
1070 451 1296 1294 1295 
1071 1296 482 1292 1294 
1072 1294 1292 457 1093 
1073 1295 1294 1093 369 
1074 497 542 1297 1298 
1075 542 499 1128 1297 
1076 1297 1128 469 1299 
1077 1298 1297 1299 500 
1078 474 1109 1300 1301 
1079 1109 497 1298 1300 
1080 1300 1298 500 1302 
1081 1301 1300 1302 440 
1082 526 1305 1303 1304 
1083 1305 527 1143 1303 
1084 1303 1143 455 540 
1085 1304 1303 540 498 
1086 496 1308 1306 1307 
1087 1308 526 1304 1306 
1088 1306 1304 498 1108 
1089 1307 1306 1108 91 
1090 528 798 1309 1119 
1091 798 529 1310 1309 
1092 1309 1310 433 1311 
1093 1119 1309 1311 530 
1094 531 1123 1312 1125 
1095 1123 532 1313 1312 
1096 1312 1313 437 1314 
1097 1125 1312 1314 533 
1098 452 579 1315 1316 
1099 579 520 1140 1315 
1100 1315 1140 574 1144 
1101 1316 1315 1144 527 
1102 532 1169 1317 1313 
1103 1169 736 1318 1317 
1104 1317 1318 738 1319 
1105 1313 1317 1319 437 
1106 777 818 1320 1321 
1107 818 779 1179 1320 
1108 1320 1179 763 1322 
1109 1321 1320 1322 780 
1110 434 930 1323 1277 
1111 930 790 1324 1323 
1112 1323 1324 792 1325 
1113 1277 1323 1325 118 
1114 529 867 1326 1310 
1115 867 793 1327 1326 
1116 1326 1327 795 1328 
1117 1310 1326 1328 433 
1118 780 1322 1329 1330 
1119 1322 763 1182 1329 
1120 1329 1182 800 828 
1121 1330 1329 828 799 
1122 868 913 1331 1197 
1123 913 869 1332 1331 
1124 1331 1332 809 1333 
1125 1197 1331 1333 870 
1126 869 927 1334 1332 
1127 927 907 1335 1334 
1128 1334 1335 909 1336 
1129 1332 1334 1336 809 
1130 935 1223 1337 955 
1131 1223 895 1338 1337 
1132 1337 1338 936 1339 
1133 955 1337 1339 934 
1134 895 976 1340 1338 
1135 976 964 1341 1340 
1136 1340 1341 969 1342 
1137 1338 1340 1342 936 
1138 178 1345 1343 1344 
1139 1345 181 1268 1343 
1140 1343 1268 130 196 
1141 1344 1343 196 169 
1142 260 1347 1346 1074 
1143 1347 188 1348 1346 
1144 1346 1348 335 1271 
1145 1074 1346 1271 334 
1146 400 444 1349 1350 
1147 444 401 1283 1349 
1148 1349 1283 227 1351 
1149 1350 1349 1351 402 
1150 231 409 1352 1353 
1151 409 400 1350 1352 
1152 1352 1350 402 1354 
1153 1353 1352 1354 126 
1154 188 1356 1355 1348 
1155 1356 356 1357 1355 
1156 1355 1357 403 412 
1157 1348 1355 412 335 
1158 356 1359 1358 1357 
1159 1359 253 1360 1358 
1160 1358 1360 404 419 
1161 1357 1358 419 403 
1162 189 1078 1361 1362 
1163 1078 336 1274 1361 
1164 1361 1274 422 1363 
1165 1362 1361 1363 342 
1166 445 464 1364 1365 
1167 464 447 1289 1364 
1168 1364 1289 368 1366 
1169 1365 1364 1366 448 
1170 449 1369 1367 1368 
1171 1369 451 1295 1367 
1172 1367 1295 369 462 
1173 1368 1367 462 446 
1174 472 505 1370 1371 
1175 505 474 1301 1370 
1176 1370 1301 440 1372 
1177 1371 1370 1372 475 
1178 494 1375 1373 1374 
1179 1375 496 1307 1373 
1180 1373 1307 91 503 
1181 1374 1373 503 473 
1182 370 1106 1376 1377 
1183 1106 488 1378 1376 
1184 1376 1378 526 1308 
1185 1377 1376 1308 496 
1186 488 1103 1379 1378 
1187 1103 452 1316 1379 
1188 1379 1316 527 1305 
1189 1378 1379 1305 526 
1190 736 1171 1380 1318 
1191 1171 737 1381 1380 
1192 1380 1381 528 1382 
1193 1318 1380 1382 738 
1194 793 933 1383 1327 
1195 933 794 1384 1383 
1196 1383 1384 434 1385 
1197 1327 1383 1385 795 
1198 737 825 1386 1381 
1199 825 796 1387 1386 
1200 1386 1387 798 1388 
1201 1381 1386 1388 528 
1202 907 941 1389 1335 
1203 941 908 1390 1389 
1204 1389 1390 762 1391 
1205 1335 1389 1391 909 
1206 794 1214 1392 1384 
1207 1214 928 1393 1392 
1208 1392 1393 930 1394 
1209 1384 1392 1394 434 
1210 908 956 1395 1390 
1211 956 934 1396 1395 
1212 1395 1396 937 1397 
1213 1390 1395 1397 762 
