Results_Name,VSPAERO_Wrapper
Results_Timestamp,1788933843
Results_Date,9,9,2026
Results_Time,9,4,3
Analysis_Duration_Sec,6.204399999999999693e+01
ResultsVec,VSPAERO_History,VSPAERO_Polar,VSPAERO_Load,CpSlice_Wrapper
Results_Name,VSPAERO_History
Results_Timestamp,1788933841
Results_Date,9,9,2026
Results_Time,9,4,1
Alpha,0.000000000000000000e+00,0.000000000000000000e+00,0.000000000000000000e+00,0.000000000000000000e+00,0.000000000000000000e+00,0.000000000000000000e+00,0.000000000000000000e+00,0.000000000000000000e+00
Beta,0.000000000000000000e+00,0.000000000000000000e+00,0.000000000000000000e+00,0.000000000000000000e+00,0.000000000000000000e+00,0.000000000000000000e+00,0.000000000000000000e+00,0.000000000000000000e+00
CDi,0.000000000000000000e+00,-8.520699259999999896e-04,-9.201597870000000371e-04,-9.369179700000000287e-04,-9.385864120000000227e-04,-9.348455880000000476e-04,-9.330927710000000127e-04,-9.363485839999999847e-04
CDiw,0.000000000000000000e+00,8.147885499999999359e-05,6.431229900000000148e-05,7.478139399999999886e-05,6.863662000000000083e-05,7.274147199999999810e-05,6.793572899999999332e-05,8.696514000000000132e-05
CDo,1.071904819199999935e-02,1.072472135700000030e-02,1.072326001300000047e-02,1.072357824699999955e-02,1.072346039900000034e-02,1.072352801199999948e-02,1.072349406799999981e-02,1.072355248000000059e-02
CDtot,1.071904819199999935e-02,9.872651430999999228e-03,9.803100226000000320e-03,9.786660277000000172e-03,9.784873985999999885e-03,9.788682425000000409e-03,9.790401295999999476e-03,9.787203895999999417e-03
CDwtot,1.071904819199999935e-02,1.080620021299999976e-02,1.078757231199999923e-02,1.079835964100000004e-02,1.079209701899999999e-02,1.079626948499999919e-02,1.079142979700000067e-02,1.081051761999999965e-02
CFxi,0.000000000000000000e+00,-8.520699259999999896e-04,-9.201597870000000371e-04,-9.369179700000000287e-04,-9.385864120000000227e-04,-9.348455880000000476e-04,-9.330927710000000127e-04,-9.363485839999999847e-04
CFxiw,0.000000000000000000e+00,8.147885499999999359e-05,6.431229900000000148e-05,7.478139399999999886e-05,6.863662000000000083e-05,7.274147199999999810e-05,6.793572899999999332e-05,8.696514000000000132e-05
CFxo,1.071904819199999935e-02,1.072472135700000030e-02,1.072326001300000047e-02,1.072357824699999955e-02,1.072346039900000034e-02,1.072352801199999948e-02,1.072349406799999981e-02,1.072355248000000059e-02
CFxtot,1.071904819199999935e-02,9.872651430999999228e-03,9.803100226000000320e-03,9.786660277000000172e-03,9.784873985999999885e-03,9.788682425000000409e-03,9.790401295999999476e-03,9.787203895999999417e-03
CFxwtot,1.071904819199999935e-02,1.080620021299999976e-02,1.078757231199999923e-02,1.079835964100000004e-02,1.079209701899999999e-02,1.079626948499999919e-02,1.079142979700000067e-02,1.081051761999999965e-02
CFyi,0.000000000000000000e+00,-7.312457729999999973e-04,-6.948728370000000409e-04,-5.612821810000000059e-04,-6.168444349999999609e-04,-4.914251030000000003e-04,-6.026356820000000050e-04,-6.651551450000000275e-04
CFyiw,0.000000000000000000e+00,-1.811281359999999897e-04,-2.077455240000000041e-04,-1.032457100000000005e-04,-1.435874639999999952e-04,-5.345945999999999926e-06,-1.289922269999999884e-04,-1.898592639999999881e-04
CFyo,-2.919699999999999999e-08,-2.940399999999999979e-08,-2.942399999999999931e-08,-2.940699999999999988e-08,-2.941400000000000120e-08,-2.941700000000000130e-08,-2.941499999999999903e-08,-2.941600000000000016e-08
CFytot,-2.919699999999999999e-08,-7.312751770000000323e-04,-6.949022609999999959e-04,-5.613115880000000288e-04,-6.168738499999999519e-04,-4.914545189999999873e-04,-6.026650960000000000e-04,-6.651845600000000185e-04
CFywtot,-2.919699999999999999e-08,-1.811575399999999975e-04,-2.077749480000000133e-04,-1.032751169999999964e-04,-1.436168779999999901e-04,-5.375362999999999851e-06,-1.290216420000000065e-04,-1.898886790000000062e-04
CFzi,0.000000000000000000e+00,2.512485315699999888e-02,1.999325299600000078e-02,2.089522016100000060e-02,2.049593018700000130e-02,2.043794257599999831e-02,2.041797529699999891e-02,2.022017470299999897e-02
CFziw,0.000000000000000000e+00,1.544812911900000051e-02,1.051389177999999952e-02,1.131749054700000034e-02,1.096404213499999926e-02,1.091133027199999925e-02,1.088553259599999920e-02,1.069835355399999938e-02
CFzo,4.505139999999999801e-07,4.507470000000000061e-07,4.506959999999999748e-07,4.507240000000000065e-07,4.507079999999999884e-07,4.507209999999999766e-07,4.507119999999999929e-07,4.507070000000000137e-07
CFztot,4.505139999999999801e-07,2.512530390299999930e-02,1.999370369200000053e-02,2.089567088499999850e-02,2.049638089499999927e-02,2.043839329700000013e-02,2.041842600899999860e-02,2.022062541000000171e-02
CFzwtot,4.505139999999999801e-07,1.544857986599999962e-02,1.051434247599999927e-02,1.131794127099999998e-02,1.096449284300000070e-02,1.091178099299999933e-02,1.088598330800000062e-02,1.069880425999999995e-02
CLi,0.000000000000000000e+00,2.512485315699999888e-02,1.999325299600000078e-02,2.089522016100000060e-02,2.049593018700000130e-02,2.043794257599999831e-02,2.041797529699999891e-02,2.022017470299999897e-02
CLiw,0.000000000000000000e+00,1.544812911900000051e-02,1.051389177999999952e-02,1.131749054700000034e-02,1.096404213499999926e-02,1.091133027199999925e-02,1.088553259599999920e-02,1.069835355399999938e-02
CLo,4.505139999999999801e-07,4.507470000000000061e-07,4.506959999999999748e-07,4.507240000000000065e-07,4.507079999999999884e-07,4.507209999999999766e-07,4.507119999999999929e-07,4.507070000000000137e-07
CLtot,4.505139999999999801e-07,2.512530390299999930e-02,1.999370369200000053e-02,2.089567088499999850e-02,2.049638089499999927e-02,2.043839329700000013e-02,2.041842600899999860e-02,2.022062541000000171e-02
CLwtot,4.505139999999999801e-07,1.544857986599999962e-02,1.051434247599999927e-02,1.131794127099999998e-02,1.096449284300000070e-02,1.091178099299999933e-02,1.088598330800000062e-02,1.069880425999999995e-02
CMxi,0.000000000000000000e+00,2.282833899999999963e-05,6.489028799999999823e-05,6.759545900000000140e-05,8.147175799999999992e-05,8.097594399999999870e-05,6.574236899999999777e-05,5.400627400000000049e-05
CMxo,3.619999999999999907e-10,3.649999999999999803e-10,3.649999999999999803e-10,3.649999999999999803e-10,3.649999999999999803e-10,3.629999999999999872e-10,3.649999999999999803e-10,3.659999999999999769e-10
CMxtot,3.619999999999999907e-10,2.282870400000000145e-05,6.489065300000000343e-05,6.759582400000000661e-05,8.147212400000000113e-05,8.097630799999999435e-05,6.574273400000000297e-05,5.400664000000000170e-05
CMyi,0.000000000000000000e+00,1.010390406900000052e-02,1.463090892099999998e-02,1.403396121399999932e-02,1.448151399500000047e-02,1.464533001400000062e-02,1.466909059300000075e-02,1.510778738399999946e-02
CMyo,5.738297270000000064e-04,5.745266700000000414e-04,5.743519380000000098e-04,5.743831850000000530e-04,5.743629399999999581e-04,5.743692150000000380e-04,5.743635230000000138e-04,5.743623000000000218e-04
CMytot,5.738297270000000064e-04,1.067843073899999926e-02,1.520526085899999956e-02,1.460834439799999981e-02,1.505587693500000032e-02,1.521969922999999968e-02,1.524345411599999957e-02,1.568214968399999840e-02
CMzi,0.000000000000000000e+00,-4.102231500000000299e-05,-2.728597000000000059e-05,7.081271699999999356e-05,3.833724400000000323e-05,1.235681739999999892e-04,4.838941099999999795e-05,7.761477999999999959e-06
CMzo,-1.170100000000000002e-08,-9.660699999999999944e-08,-9.338800000000000218e-08,-8.505500000000000293e-08,-8.808800000000000104e-08,-8.214900000000000325e-08,-9.247600000000000036e-08,-1.020889999999999952e-07
CMztot,-1.170100000000000002e-08,-4.111892199999999710e-05,-2.737935899999999862e-05,7.072766199999999984e-05,3.824915700000000205e-05,1.234860240000000022e-04,4.829693499999999738e-05,7.659389999999999184e-06
CSi,0.000000000000000000e+00,-7.312457729999999973e-04,-6.948728370000000409e-04,-5.612821810000000059e-04,-6.168444349999999609e-04,-4.914251030000000003e-04,-6.026356820000000050e-04,-6.651551450000000275e-04
CSiw,0.000000000000000000e+00,-1.811281359999999897e-04,-2.077455240000000041e-04,-1.032457100000000005e-04,-1.435874639999999952e-04,-5.345945999999999926e-06,-1.289922269999999884e-04,-1.898592639999999881e-04
CSo,-2.919699999999999999e-08,-2.940399999999999979e-08,-2.942399999999999931e-08,-2.940699999999999988e-08,-2.941400000000000120e-08,-2.941700000000000130e-08,-2.941499999999999903e-08,-2.941600000000000016e-08
CStot,-2.919699999999999999e-08,-7.312751770000000323e-04,-6.949022609999999959e-04,-5.613115880000000288e-04,-6.168738499999999519e-04,-4.914545189999999873e-04,-6.026650960000000000e-04,-6.651845600000000185e-04
CSwtot,-2.919699999999999999e-08,-1.811575399999999975e-04,-2.077749480000000133e-04,-1.032751169999999964e-04,-1.436168779999999901e-04,-5.375362999999999851e-06,-1.290216420000000065e-04,-1.898886790000000062e-04
E,0.000000000000000000e+00,0.000000000000000000e+00,0.000000000000000000e+00,0.000000000000000000e+00,0.000000000000000000e+00,0.000000000000000000e+00,0.000000000000000000e+00,0.000000000000000000e+00
Ew,0.000000000000000000e+00,2.749309033830000248e-01,1.613428279999999937e-01,1.607768155310000113e-01,1.644001459820000066e-01,1.536349461179999931e-01,1.637260647490000054e-01,1.235393715819999988e-01
FC_AoA_,0.000000000000000000e+00
FC_Beta_,0.000000000000000000e+00
FC_Bref_,3.727034100000000194e+01
FC_Cref_,1.236139999999999972e+01
FC_Mach_,1.000000000000000021e-03
FC_Pitch_Rate,0.000000000000000000e+00
FC_ReCref_,1.000000000000000000e+07
FC_Rho_,2.377000000000000206e-03
FC_Roll__Rate,0.000000000000000000e+00
FC_Sref_,4.096313739999999939e+02
FC_Vinf_,1.000000000000000000e+02
FC_Xcg_,2.046778000000000119e+01
FC_Yaw___Rate,0.000000000000000000e+00
FC_Ycg_,0.000000000000000000e+00
FC_Zcg_,0.000000000000000000e+00
L/D,0.000000000000000000e+00,2.544894178820999997e+00,2.039482667139000061e+00,2.135071573905999998e+00,2.094654485612999828e+00,2.087915583470000058e+00,2.085509539248000088e+00,2.065980735511999900e+00
L/Dw,0.000000000000000000e+00,1.429561623427999972e+00,9.746300164619999817e-01,1.048074978340000074e+00,1.015932502789000047e+00,1.010657457823000094e+00,1.008720141906999990e+00,9.896245424770000465e-01
Mach,1.000000000000000021e-03,1.000000000000000021e-03,1.000000000000000021e-03,1.000000000000000021e-03,1.000000000000000021e-03,1.000000000000000021e-03,1.000000000000000021e-03,1.000000000000000021e-03
T/QS,0.000000000000000000e+00,0.000000000000000000e+00,0.000000000000000000e+00,0.000000000000000000e+00,0.000000000000000000e+00,0.000000000000000000e+00,0.000000000000000000e+00,0.000000000000000000e+00
WakeIter,1,2,3,4,5,6,7,8
WallTime,8.486999999996999833e+00,1.501099999999899914e+01,2.136599999999799948e+01,2.689300000000000068e+01,3.200899999999799661e+01,3.723100000000000165e+01,4.322799999999899967e+01,4.871600000000000108e+01
log10( L2Residual ),1.309529307136999998e+00,6.442973865490000396e-01,-1.029401743419999932e-01,-6.645873432390000390e-01,-8.988526969779999654e-01,-9.258173960200000163e-01,-1.058485692696000013e+00,-1.192700423533000098e+00
log10( MaxResidual ),1.999812875753000041e+00,2.705957055618999796e+00,1.874655500388000107e+00,1.272086214108999913e+00,8.530131946219999817e-01,8.501524975690000208e-01,7.376764683069999551e-01,4.965996677380000168e-01
Results_Name,VSPAERO_Polar
Results_Timestamp,1788933841
Results_Date,9,9,2026
Results_Time,9,4,1
Alpha,0.000000000000000000e+00
Beta,0.000000000000000000e+00
CDi,-9.363485839999999847e-04
CDiw,8.696514000000000132e-05
CDo,1.072355248000000059e-02
CDtot,9.787203895999999417e-03
CDwtot,1.081051761999999965e-02
CFix,-9.363485839999999847e-04
CFiy,-6.651551450000000275e-04
CFiz,2.022017470299999897e-02
CFox,1.072355248000000059e-02
CFoy,-2.941600000000000016e-08
CFoz,4.507070000000000137e-07
CFxtot,9.787203895999999417e-03
CFytot,-6.651845600000000185e-04
CFztot,2.022062541000000171e-02
CLi,2.022017470299999897e-02
CLiw,1.069835355399999938e-02
CLo,4.507070000000000137e-07
CLtot,2.022062541000000171e-02
CLwtot,1.069880425999999995e-02
CMix,5.400627400000000049e-05
CMiy,1.510778738399999946e-02
CMiz,7.761477999999999959e-06
CMox,3.659999999999999769e-10
CMoy,5.743623000000000218e-04
CMoz,-1.020889999999999952e-07
CMxtot,5.400664000000000170e-05
CMytot,1.568214968399999840e-02
CMztot,7.659389999999999184e-06
CSi,-6.651551450000000275e-04
CSiw,-1.898592639999999881e-04
CSo,-2.941600000000000016e-08
CStot,-6.651845600000000185e-04
CSwtot,-1.898886790000000062e-04
E,-4.098909286199999696e-02
Ew,-4.098909286199999696e-02
L_D,2.066026786109000035e+00
L_Dw,2.066026786109000035e+00
Mach,0.000000000000000000e+00
Re_1e6,1.000000000000000000e+01
StallFactor,1.000000000000000000e+00
Results_Name,VSPAERO_Load
Results_Timestamp,1788933841
Results_Date,9,9,2026
Results_Time,9,4,1
Angle ,0.000000000000000000e+00,0.000000000000000000e+00,0.000000000000000000e+00,0.000000000000000000e+00,0.000000000000000000e+00,0.000000000000000000e+00,0.000000000000000000e+00,0.000000000000000000e+00,0.000000000000000000e+00,0.000000000000000000e+00,0.000000000000000000e+00,0.000000000000000000e+00,0.000000000000000000e+00,0.000000000000000000e+00,0.000000000000000000e+00,0.000000000000000000e+00,0.000000000000000000e+00,0.000000000000000000e+00,0.000000000000000000e+00,0.000000000000000000e+00,0.000000000000000000e+00,0.000000000000000000e+00,0.000000000000000000e+00,0.000000000000000000e+00,0.000000000000000000e+00,0.000000000000000000e+00,0.000000000000000000e+00,0.000000000000000000e+00,0.000000000000000000e+00,0.000000000000000000e+00,0.000000000000000000e+00,0.000000000000000000e+00,0.000000000000000000e+00,0.000000000000000000e+00,0.000000000000000000e+00,0.000000000000000000e+00,0.000000000000000000e+00,0.000000000000000000e+00,0.000000000000000000e+00,0.000000000000000000e+00,0.000000000000000000e+00,0.000000000000000000e+00,0.000000000000000000e+00,0.000000000000000000e+00,0.000000000000000000e+00,0.000000000000000000e+00,0.000000000000000000e+00,0.000000000000000000e+00,0.000000000000000000e+00,0.000000000000000000e+00,0.000000000000000000e+00,0.000000000000000000e+00,0.000000000000000000e+00,0.000000000000000000e+00,0.000000000000000000e+00,0.000000000000000000e+00,0.000000000000000000e+00,0.000000000000000000e+00,0.000000000000000000e+00,0.000000000000000000e+00,0.000000000000000000e+00,0.000000000000000000e+00,0.000000000000000000e+00,0.000000000000000000e+00,0.000000000000000000e+00,0.000000000000000000e+00,0.000000000000000000e+00,0.000000000000000000e+00,0.000000000000000000e+00,0.000000000000000000e+00,0.000000000000000000e+00,0.000000000000000000e+00,0.000000000000000000e+00,0.000000000000000000e+00,0.000000000000000000e+00,0.000000000000000000e+00,0.000000000000000000e+00,0.000000000000000000e+00,0.000000000000000000e+00,0.000000000000000000e+00,0.000000000000000000e+00,0.000000000000000000e+00,0.000000000000000000e+00,0.000000000000000000e+00,0.000000000000000000e+00,0.000000000000000000e+00,0.000000000000000000e+00,0.000000000000000000e+00,0.000000000000000000e+00,0.000000000000000000e+00,0.000000000000000000e+00,0.000000000000000000e+00
CP,0.000000000000000000e+00,0.000000000000000000e+00,0.000000000000000000e+00,0.000000000000000000e+00,0.000000000000000000e+00,0.000000000000000000e+00,0.000000000000000000e+00,0.000000000000000000e+00,0.000000000000000000e+00,0.000000000000000000e+00,0.000000000000000000e+00,0.000000000000000000e+00,0.000000000000000000e+00,0.000000000000000000e+00,0.000000000000000000e+00,0.000000000000000000e+00,0.000000000000000000e+00,0.000000000000000000e+00,0.000000000000000000e+00,0.000000000000000000e+00,0.000000000000000000e+00,0.000000000000000000e+00,0.000000000000000000e+00,0.000000000000000000e+00,0.000000000000000000e+00,0.000000000000000000e+00,0.000000000000000000e+00,0.000000000000000000e+00,0.000000000000000000e+00,0.000000000000000000e+00,0.000000000000000000e+00,0.000000000000000000e+00,0.000000000000000000e+00,0.000000000000000000e+00,0.000000000000000000e+00,0.000000000000000000e+00,0.000000000000000000e+00,0.000000000000000000e+00,0.000000000000000000e+00,0.000000000000000000e+00,0.000000000000000000e+00,0.000000000000000000e+00,0.000000000000000000e+00,0.000000000000000000e+00,0.000000000000000000e+00,0.000000000000000000e+00,0.000000000000000000e+00,0.000000000000000000e+00,0.000000000000000000e+00,0.000000000000000000e+00,0.000000000000000000e+00,0.000000000000000000e+00,0.000000000000000000e+00,0.000000000000000000e+00,0.000000000000000000e+00,0.000000000000000000e+00,0.000000000000000000e+00,0.000000000000000000e+00,0.000000000000000000e+00,0.000000000000000000e+00,0.000000000000000000e+00,0.000000000000000000e+00,0.000000000000000000e+00,0.000000000000000000e+00,0.000000000000000000e+00,0.000000000000000000e+00,0.000000000000000000e+00,0.000000000000000000e+00,0.000000000000000000e+00,0.000000000000000000e+00,0.000000000000000000e+00,0.000000000000000000e+00,0.000000000000000000e+00,0.000000000000000000e+00,0.000000000000000000e+00,0.000000000000000000e+00,0.000000000000000000e+00,0.000000000000000000e+00,0.000000000000000000e+00,0.000000000000000000e+00,0.000000000000000000e+00,0.000000000000000000e+00,0.000000000000000000e+00,0.000000000000000000e+00,0.000000000000000000e+00,0.000000000000000000e+00,0.000000000000000000e+00,0.000000000000000000e+00,0.000000000000000000e+00,0.000000000000000000e+00,0.000000000000000000e+00,0.000000000000000000e+00
CP_h,0.000000000000000000e+00,0.000000000000000000e+00,0.000000000000000000e+00,0.000000000000000000e+00,0.000000000000000000e+00,0.000000000000000000e+00,0.000000000000000000e+00,0.000000000000000000e+00,0.000000000000000000e+00,0.000000000000000000e+00,0.000000000000000000e+00,0.000000000000000000e+00,0.000000000000000000e+00,0.000000000000000000e+00,0.000000000000000000e+00,0.000000000000000000e+00,0.000000000000000000e+00,0.000000000000000000e+00,0.000000000000000000e+00,0.000000000000000000e+00,0.000000000000000000e+00,0.000000000000000000e+00,0.000000000000000000e+00,0.000000000000000000e+00,0.000000000000000000e+00,0.000000000000000000e+00,0.000000000000000000e+00,0.000000000000000000e+00,0.000000000000000000e+00,0.000000000000000000e+00,0.000000000000000000e+00,0.000000000000000000e+00,0.000000000000000000e+00,0.000000000000000000e+00,0.000000000000000000e+00,0.000000000000000000e+00,0.000000000000000000e+00,0.000000000000000000e+00,0.000000000000000000e+00,0.000000000000000000e+00,0.000000000000000000e+00,0.000000000000000000e+00,0.000000000000000000e+00,0.000000000000000000e+00,0.000000000000000000e+00,0.000000000000000000e+00,0.000000000000000000e+00,0.000000000000000000e+00,0.000000000000000000e+00,0.000000000000000000e+00,0.000000000000000000e+00,0.000000000000000000e+00,0.000000000000000000e+00,0.000000000000000000e+00,0.000000000000000000e+00,0.000000000000000000e+00,0.000000000000000000e+00,0.000000000000000000e+00,0.000000000000000000e+00,0.000000000000000000e+00,0.000000000000000000e+00,0.000000000000000000e+00,0.000000000000000000e+00,0.000000000000000000e+00,0.000000000000000000e+00,0.000000000000000000e+00,0.000000000000000000e+00,0.000000000000000000e+00,0.000000000000000000e+00,0.000000000000000000e+00,0.000000000000000000e+00,0.000000000000000000e+00,0.000000000000000000e+00,0.000000000000000000e+00,0.000000000000000000e+00,0.000000000000000000e+00,0.000000000000000000e+00,0.000000000000000000e+00,0.000000000000000000e+00,0.000000000000000000e+00,0.000000000000000000e+00,0.000000000000000000e+00,0.000000000000000000e+00,0.000000000000000000e+00,0.000000000000000000e+00,0.000000000000000000e+00,0.000000000000000000e+00,0.000000000000000000e+00,0.000000000000000000e+00,0.000000000000000000e+00,0.000000000000000000e+00,0.000000000000000000e+00
CQ,0.000000000000000000e+00,0.000000000000000000e+00,0.000000000000000000e+00,0.000000000000000000e+00,0.000000000000000000e+00,0.000000000000000000e+00,0.000000000000000000e+00,0.000000000000000000e+00,0.000000000000000000e+00,0.000000000000000000e+00,0.000000000000000000e+00,0.000000000000000000e+00,0.000000000000000000e+00,0.000000000000000000e+00,0.000000000000000000e+00,0.000000000000000000e+00,0.000000000000000000e+00,0.000000000000000000e+00,0.000000000000000000e+00,0.000000000000000000e+00,0.000000000000000000e+00,0.000000000000000000e+00,0.000000000000000000e+00,0.000000000000000000e+00,0.000000000000000000e+00,0.000000000000000000e+00,0.000000000000000000e+00,0.000000000000000000e+00,0.000000000000000000e+00,0.000000000000000000e+00,0.000000000000000000e+00,0.000000000000000000e+00,0.000000000000000000e+00,0.000000000000000000e+00,0.000000000000000000e+00,0.000000000000000000e+00,0.000000000000000000e+00,0.000000000000000000e+00,0.000000000000000000e+00,0.000000000000000000e+00,0.000000000000000000e+00,0.000000000000000000e+00,0.000000000000000000e+00,0.000000000000000000e+00,0.000000000000000000e+00,0.000000000000000000e+00,0.000000000000000000e+00,0.000000000000000000e+00,0.000000000000000000e+00,0.000000000000000000e+00,0.000000000000000000e+00,0.000000000000000000e+00,0.000000000000000000e+00,0.000000000000000000e+00,0.000000000000000000e+00,0.000000000000000000e+00,0.000000000000000000e+00,0.000000000000000000e+00,0.000000000000000000e+00,0.000000000000000000e+00,0.000000000000000000e+00,0.000000000000000000e+00,0.000000000000000000e+00,0.000000000000000000e+00,0.000000000000000000e+00,0.000000000000000000e+00,0.000000000000000000e+00,0.000000000000000000e+00,0.000000000000000000e+00,0.000000000000000000e+00,0.000000000000000000e+00,0.000000000000000000e+00,0.000000000000000000e+00,0.000000000000000000e+00,0.000000000000000000e+00,0.000000000000000000e+00,0.000000000000000000e+00,0.000000000000000000e+00,0.000000000000000000e+00,0.000000000000000000e+00,0.000000000000000000e+00,0.000000000000000000e+00,0.000000000000000000e+00,0.000000000000000000e+00,0.000000000000000000e+00,0.000000000000000000e+00,0.000000000000000000e+00,0.000000000000000000e+00,0.000000000000000000e+00,0.000000000000000000e+00,0.000000000000000000e+00,0.000000000000000000e+00
CQ_h,0.000000000000000000e+00,0.000000000000000000e+00,0.000000000000000000e+00,0.000000000000000000e+00,0.000000000000000000e+00,0.000000000000000000e+00,0.000000000000000000e+00,0.000000000000000000e+00,0.000000000000000000e+00,0.000000000000000000e+00,0.000000000000000000e+00,0.000000000000000000e+00,0.000000000000000000e+00,0.000000000000000000e+00,0.000000000000000000e+00,0.000000000000000000e+00,0.000000000000000000e+00,0.000000000000000000e+00,0.000000000000000000e+00,0.000000000000000000e+00,0.000000000000000000e+00,0.000000000000000000e+00,0.000000000000000000e+00,0.000000000000000000e+00,0.000000000000000000e+00,0.000000000000000000e+00,0.000000000000000000e+00,0.000000000000000000e+00,0.000000000000000000e+00,0.000000000000000000e+00,0.000000000000000000e+00,0.000000000000000000e+00,0.000000000000000000e+00,0.000000000000000000e+00,0.000000000000000000e+00,0.000000000000000000e+00,0.000000000000000000e+00,0.000000000000000000e+00,0.000000000000000000e+00,0.000000000000000000e+00,0.000000000000000000e+00,0.000000000000000000e+00,0.000000000000000000e+00,0.000000000000000000e+00,0.000000000000000000e+00,0.000000000000000000e+00,0.000000000000000000e+00,0.000000000000000000e+00,0.000000000000000000e+00,0.000000000000000000e+00,0.000000000000000000e+00,0.000000000000000000e+00,0.000000000000000000e+00,0.000000000000000000e+00,0.000000000000000000e+00,0.000000000000000000e+00,0.000000000000000000e+00,0.000000000000000000e+00,0.000000000000000000e+00,0.000000000000000000e+00,0.000000000000000000e+00,0.000000000000000000e+00,0.000000000000000000e+00,0.000000000000000000e+00,0.000000000000000000e+00,0.000000000000000000e+00,0.000000000000000000e+00,0.000000000000000000e+00,0.000000000000000000e+00,0.000000000000000000e+00,0.000000000000000000e+00,0.000000000000000000e+00,0.000000000000000000e+00,0.000000000000000000e+00,0.000000000000000000e+00,0.000000000000000000e+00,0.000000000000000000e+00,0.000000000000000000e+00,0.000000000000000000e+00,0.000000000000000000e+00,0.000000000000000000e+00,0.000000000000000000e+00,0.000000000000000000e+00,0.000000000000000000e+00,0.000000000000000000e+00,0.000000000000000000e+00,0.000000000000000000e+00,0.000000000000000000e+00,0.000000000000000000e+00,0.000000000000000000e+00,0.000000000000000000e+00,0.000000000000000000e+00
CT,0.000000000000000000e+00,0.000000000000000000e+00,0.000000000000000000e+00,0.000000000000000000e+00,0.000000000000000000e+00,0.000000000000000000e+00,0.000000000000000000e+00,0.000000000000000000e+00,0.000000000000000000e+00,0.000000000000000000e+00,0.000000000000000000e+00,0.000000000000000000e+00,0.000000000000000000e+00,0.000000000000000000e+00,0.000000000000000000e+00,0.000000000000000000e+00,0.000000000000000000e+00,0.000000000000000000e+00,0.000000000000000000e+00,0.000000000000000000e+00,0.000000000000000000e+00,0.000000000000000000e+00,0.000000000000000000e+00,0.000000000000000000e+00,0.000000000000000000e+00,0.000000000000000000e+00,0.000000000000000000e+00,0.000000000000000000e+00,0.000000000000000000e+00,0.000000000000000000e+00,0.000000000000000000e+00,0.000000000000000000e+00,0.000000000000000000e+00,0.000000000000000000e+00,0.000000000000000000e+00,0.000000000000000000e+00,0.000000000000000000e+00,0.000000000000000000e+00,0.000000000000000000e+00,0.000000000000000000e+00,0.000000000000000000e+00,0.000000000000000000e+00,0.000000000000000000e+00,0.000000000000000000e+00,0.000000000000000000e+00,0.000000000000000000e+00,0.000000000000000000e+00,0.000000000000000000e+00,0.000000000000000000e+00,0.000000000000000000e+00,0.000000000000000000e+00,0.000000000000000000e+00,0.000000000000000000e+00,0.000000000000000000e+00,0.000000000000000000e+00,0.000000000000000000e+00,0.000000000000000000e+00,0.000000000000000000e+00,0.000000000000000000e+00,0.000000000000000000e+00,0.000000000000000000e+00,0.000000000000000000e+00,0.000000000000000000e+00,0.000000000000000000e+00,0.000000000000000000e+00,0.000000000000000000e+00,0.000000000000000000e+00,0.000000000000000000e+00,0.000000000000000000e+00,0.000000000000000000e+00,0.000000000000000000e+00,0.000000000000000000e+00,0.000000000000000000e+00,0.000000000000000000e+00,0.000000000000000000e+00,0.000000000000000000e+00,0.000000000000000000e+00,0.000000000000000000e+00,0.000000000000000000e+00,0.000000000000000000e+00,0.000000000000000000e+00,0.000000000000000000e+00,0.000000000000000000e+00,0.000000000000000000e+00,0.000000000000000000e+00,0.000000000000000000e+00,0.000000000000000000e+00,0.000000000000000000e+00,0.000000000000000000e+00,0.000000000000000000e+00,0.000000000000000000e+00,0.000000000000000000e+00
CT_h,0.000000000000000000e+00,0.000000000000000000e+00,0.000000000000000000e+00,0.000000000000000000e+00,0.000000000000000000e+00,0.000000000000000000e+00,0.000000000000000000e+00,0.000000000000000000e+00,0.000000000000000000e+00,0.000000000000000000e+00,0.000000000000000000e+00,0.000000000000000000e+00,0.000000000000000000e+00,0.000000000000000000e+00,0.000000000000000000e+00,0.000000000000000000e+00,0.000000000000000000e+00,0.000000000000000000e+00,0.000000000000000000e+00,0.000000000000000000e+00,0.000000000000000000e+00,0.000000000000000000e+00,0.000000000000000000e+00,0.000000000000000000e+00,0.000000000000000000e+00,0.000000000000000000e+00,0.000000000000000000e+00,0.000000000000000000e+00,0.000000000000000000e+00,0.000000000000000000e+00,0.000000000000000000e+00,0.000000000000000000e+00,0.000000000000000000e+00,0.000000000000000000e+00,0.000000000000000000e+00,0.000000000000000000e+00,0.000000000000000000e+00,0.000000000000000000e+00,0.000000000000000000e+00,0.000000000000000000e+00,0.000000000000000000e+00,0.000000000000000000e+00,0.000000000000000000e+00,0.000000000000000000e+00,0.000000000000000000e+00,0.000000000000000000e+00,0.000000000000000000e+00,0.000000000000000000e+00,0.000000000000000000e+00,0.000000000000000000e+00,0.000000000000000000e+00,0.000000000000000000e+00,0.000000000000000000e+00,0.000000000000000000e+00,0.000000000000000000e+00,0.000000000000000000e+00,0.000000000000000000e+00,0.000000000000000000e+00,0.000000000000000000e+00,0.000000000000000000e+00,0.000000000000000000e+00,0.000000000000000000e+00,0.000000000000000000e+00,0.000000000000000000e+00,0.000000000000000000e+00,0.000000000000000000e+00,0.000000000000000000e+00,0.000000000000000000e+00,0.000000000000000000e+00,0.000000000000000000e+00,0.000000000000000000e+00,0.000000000000000000e+00,0.000000000000000000e+00,0.000000000000000000e+00,0.000000000000000000e+00,0.000000000000000000e+00,0.000000000000000000e+00,0.000000000000000000e+00,0.000000000000000000e+00,0.000000000000000000e+00,0.000000000000000000e+00,0.000000000000000000e+00,0.000000000000000000e+00,0.000000000000000000e+00,0.000000000000000000e+00,0.000000000000000000e+00,0.000000000000000000e+00,0.000000000000000000e+00,0.000000000000000000e+00,0.000000000000000000e+00,0.000000000000000000e+00,0.000000000000000000e+00
Chord,1.227452000000000076e+01,2.766993000000000080e+01,2.589566999999999908e+01,2.409362000000000137e+01,2.229157999999999973e+01,2.048952999999999847e+01,1.868749000000000038e+01,1.688543999999999912e+01,1.508423999999999943e+01,9.303879999999999484e+00,1.368985999999999947e+01,1.270485000000000042e+01,1.171986000000000061e+01,1.073489000000000004e+01,9.749940000000000495e+00,8.764989999999999171e+00,7.780050000000000132e+00,6.795099999999999696e+00,5.810150000000000148e+00,1.227452000000000076e+01,2.765369000000000099e+01,2.589566999999999908e+01,2.409362000000000137e+01,2.229157999999999973e+01,2.048952999999999847e+01,1.868749000000000038e+01,1.688543999999999912e+01,1.508423999999999943e+01,9.303879999999999484e+00,1.368985999999999947e+01,1.270485000000000042e+01,1.171986000000000061e+01,1.073489000000000004e+01,9.749940000000000495e+00,8.764989999999999171e+00,7.780050000000000132e+00,6.795099999999999696e+00,5.810150000000000148e+00,7.916559999999999597e+00,7.441189999999999749e+00,6.965819999999999901e+00,6.490459999999999674e+00,6.015089999999999826e+00,5.539719999999999978e+00,5.064359999999999751e+00,4.588989999999999903e+00,4.113620000000000054e+00,7.916559999999999597e+00,7.441189999999999749e+00,6.965819999999999901e+00,6.490459999999999674e+00,6.015089999999999826e+00,5.539719999999999978e+00,5.064359999999999751e+00,4.588989999999999903e+00,4.113620000000000054e+00,1.722101999999999933e+01,1.616425999999999874e+01,1.528688000000000002e+01,1.440950999999999915e+01,1.353214000000000006e+01,1.265475999999999956e+01,1.177739000000000047e+01,1.090001999999999960e+01,1.002264000000000088e+01,9.172719999999999985e+00,8.350260000000000460e+00,7.527790000000000425e+00,6.705330000000000013e+00,5.882859999999999978e+00,5.060389999999999944e+00,4.237930000000000419e+00,3.415459999999999940e+00,2.592989999999999906e+00,1.722101999999999933e+01,1.616425999999999874e+01,1.528688000000000002e+01,1.440950999999999915e+01,1.353214000000000006e+01,1.265475999999999956e+01,1.177739000000000047e+01,1.090001999999999960e+01,1.002264000000000088e+01,9.172719999999999985e+00,8.350260000000000460e+00,7.527790000000000425e+00,6.705330000000000013e+00,5.882859999999999978e+00,5.060389999999999944e+00,4.237930000000000419e+00,3.415459999999999940e+00,2.592989999999999906e+00
Diameter,0.000000000000000000e+00,0.000000000000000000e+00,0.000000000000000000e+00,0.000000000000000000e+00,0.000000000000000000e+00,0.000000000000000000e+00,0.000000000000000000e+00,0.000000000000000000e+00,0.000000000000000000e+00,0.000000000000000000e+00,0.000000000000000000e+00,0.000000000000000000e+00,0.000000000000000000e+00,0.000000000000000000e+00,0.000000000000000000e+00,0.000000000000000000e+00,0.000000000000000000e+00,0.000000000000000000e+00,0.000000000000000000e+00,0.000000000000000000e+00,0.000000000000000000e+00,0.000000000000000000e+00,0.000000000000000000e+00,0.000000000000000000e+00,0.000000000000000000e+00,0.000000000000000000e+00,0.000000000000000000e+00,0.000000000000000000e+00,0.000000000000000000e+00,0.000000000000000000e+00,0.000000000000000000e+00,0.000000000000000000e+00,0.000000000000000000e+00,0.000000000000000000e+00,0.000000000000000000e+00,0.000000000000000000e+00,0.000000000000000000e+00,0.000000000000000000e+00,0.000000000000000000e+00,0.000000000000000000e+00,0.000000000000000000e+00,0.000000000000000000e+00,0.000000000000000000e+00,0.000000000000000000e+00,0.000000000000000000e+00,0.000000000000000000e+00,0.000000000000000000e+00,0.000000000000000000e+00,0.000000000000000000e+00,0.000000000000000000e+00,0.000000000000000000e+00,0.000000000000000000e+00,0.000000000000000000e+00,0.000000000000000000e+00,0.000000000000000000e+00,0.000000000000000000e+00,0.000000000000000000e+00,0.000000000000000000e+00,0.000000000000000000e+00,0.000000000000000000e+00,0.000000000000000000e+00,0.000000000000000000e+00,0.000000000000000000e+00,0.000000000000000000e+00,0.000000000000000000e+00,0.000000000000000000e+00,0.000000000000000000e+00,0.000000000000000000e+00,0.000000000000000000e+00,0.000000000000000000e+00,0.000000000000000000e+00,0.000000000000000000e+00,0.000000000000000000e+00,0.000000000000000000e+00,0.000000000000000000e+00,0.000000000000000000e+00,0.000000000000000000e+00,0.000000000000000000e+00,0.000000000000000000e+00,0.000000000000000000e+00,0.000000000000000000e+00,0.000000000000000000e+00,0.000000000000000000e+00,0.000000000000000000e+00,0.000000000000000000e+00,0.000000000000000000e+00,0.000000000000000000e+00,0.000000000000000000e+00,0.000000000000000000e+00,0.000000000000000000e+00,0.000000000000000000e+00,0.000000000000000000e+00
ETAP,0.000000000000000000e+00,0.000000000000000000e+00,0.000000000000000000e+00,0.000000000000000000e+00,0.000000000000000000e+00,0.000000000000000000e+00,0.000000000000000000e+00,0.000000000000000000e+00,0.000000000000000000e+00,0.000000000000000000e+00,0.000000000000000000e+00,0.000000000000000000e+00,0.000000000000000000e+00,0.000000000000000000e+00,0.000000000000000000e+00,0.000000000000000000e+00,0.000000000000000000e+00,0.000000000000000000e+00,0.000000000000000000e+00,0.000000000000000000e+00,0.000000000000000000e+00,0.000000000000000000e+00,0.000000000000000000e+00,0.000000000000000000e+00,0.000000000000000000e+00,0.000000000000000000e+00,0.000000000000000000e+00,0.000000000000000000e+00,0.000000000000000000e+00,0.000000000000000000e+00,0.000000000000000000e+00,0.000000000000000000e+00,0.000000000000000000e+00,0.000000000000000000e+00,0.000000000000000000e+00,0.000000000000000000e+00,0.000000000000000000e+00,0.000000000000000000e+00,0.000000000000000000e+00,0.000000000000000000e+00,0.000000000000000000e+00,0.000000000000000000e+00,0.000000000000000000e+00,0.000000000000000000e+00,0.000000000000000000e+00,0.000000000000000000e+00,0.000000000000000000e+00,0.000000000000000000e+00,0.000000000000000000e+00,0.000000000000000000e+00,0.000000000000000000e+00,0.000000000000000000e+00,0.000000000000000000e+00,0.000000000000000000e+00,0.000000000000000000e+00,0.000000000000000000e+00,0.000000000000000000e+00,0.000000000000000000e+00,0.000000000000000000e+00,0.000000000000000000e+00,0.000000000000000000e+00,0.000000000000000000e+00,0.000000000000000000e+00,0.000000000000000000e+00,0.000000000000000000e+00,0.000000000000000000e+00,0.000000000000000000e+00,0.000000000000000000e+00,0.000000000000000000e+00,0.000000000000000000e+00,0.000000000000000000e+00,0.000000000000000000e+00,0.000000000000000000e+00,0.000000000000000000e+00,0.000000000000000000e+00,0.000000000000000000e+00,0.000000000000000000e+00,0.000000000000000000e+00,0.000000000000000000e+00,0.000000000000000000e+00,0.000000000000000000e+00,0.000000000000000000e+00,0.000000000000000000e+00,0.000000000000000000e+00,0.000000000000000000e+00,0.000000000000000000e+00,0.000000000000000000e+00,0.000000000000000000e+00,0.000000000000000000e+00,0.000000000000000000e+00,0.000000000000000000e+00,0.000000000000000000e+00
FC_AoA_,0.000000000000000000e+00
FC_Beta_,0.000000000000000000e+00
FC_Bref_,3.727034100000000194e+01
FC_Cref_,1.236139999999999972e+01
FC_Mach_,1.000000000000000021e-03
FC_Pitch_Rate,0.000000000000000000e+00
FC_Rho_,2.377000000000000206e-03
FC_Roll__Rate,0.000000000000000000e+00
FC_Sref_,4.096313739999999939e+02
FC_Vinf_,1.000000000000000000e+02
FC_Xcg_,2.046778000000000119e+01
FC_Yaw___Rate,0.000000000000000000e+00
FC_Ycg_,0.000000000000000000e+00
FC_Zcg_,0.000000000000000000e+00
FOM,0.000000000000000000e+00,0.000000000000000000e+00,0.000000000000000000e+00,0.000000000000000000e+00,0.000000000000000000e+00,0.000000000000000000e+00,0.000000000000000000e+00,0.000000000000000000e+00,0.000000000000000000e+00,0.000000000000000000e+00,0.000000000000000000e+00,0.000000000000000000e+00,0.000000000000000000e+00,0.000000000000000000e+00,0.000000000000000000e+00,0.000000000000000000e+00,0.000000000000000000e+00,0.000000000000000000e+00,0.000000000000000000e+00,0.000000000000000000e+00,0.000000000000000000e+00,0.000000000000000000e+00,0.000000000000000000e+00,0.000000000000000000e+00,0.000000000000000000e+00,0.000000000000000000e+00,0.000000000000000000e+00,0.000000000000000000e+00,0.000000000000000000e+00,0.000000000000000000e+00,0.000000000000000000e+00,0.000000000000000000e+00,0.000000000000000000e+00,0.000000000000000000e+00,0.000000000000000000e+00,0.000000000000000000e+00,0.000000000000000000e+00,0.000000000000000000e+00,0.000000000000000000e+00,0.000000000000000000e+00,0.000000000000000000e+00,0.000000000000000000e+00,0.000000000000000000e+00,0.000000000000000000e+00,0.000000000000000000e+00,0.000000000000000000e+00,0.000000000000000000e+00,0.000000000000000000e+00,0.000000000000000000e+00,0.000000000000000000e+00,0.000000000000000000e+00,0.000000000000000000e+00,0.000000000000000000e+00,0.000000000000000000e+00,0.000000000000000000e+00,0.000000000000000000e+00,0.000000000000000000e+00,0.000000000000000000e+00,0.000000000000000000e+00,0.000000000000000000e+00,0.000000000000000000e+00,0.000000000000000000e+00,0.000000000000000000e+00,0.000000000000000000e+00,0.000000000000000000e+00,0.000000000000000000e+00,0.000000000000000000e+00,0.000000000000000000e+00,0.000000000000000000e+00,0.000000000000000000e+00,0.000000000000000000e+00,0.000000000000000000e+00,0.000000000000000000e+00,0.000000000000000000e+00,0.000000000000000000e+00,0.000000000000000000e+00,0.000000000000000000e+00,0.000000000000000000e+00,0.000000000000000000e+00,0.000000000000000000e+00,0.000000000000000000e+00,0.000000000000000000e+00,0.000000000000000000e+00,0.000000000000000000e+00,0.000000000000000000e+00,0.000000000000000000e+00,0.000000000000000000e+00,0.000000000000000000e+00,0.000000000000000000e+00,0.000000000000000000e+00,0.000000000000000000e+00,0.000000000000000000e+00
IsARotor,0,0,0,0,0,0,0,0,0,0,0,0,0,0,0,0,0,0,0,0,0,0,0,0,0,0,0,0,0,0,0,0,0,0,0,0,0,0,0,0,0,0,0,0,0,0,0,0,0,0,0,0,0,0,0,0,0,0,0,0,0,0,0,0,0,0,0,0,0,0,0,0,0,0,0,0,0,0,0,0,0,0,0,0,0,0,0,0,0,0,0,0
Iter,8,8,8,8,8,8,8,8,8,8,8,8,8,8,8,8,8,8,8,8,8,8,8,8,8,8,8,8,8,8,8,8,8,8,8,8,8,8,8,8,8,8,8,8,8,8,8,8,8,8,8,8,8,8,8,8,8,8,8,8,8,8,8,8,8,8,8,8,8,8,8,8,8,8,8,8,8,8,8,8,8,8,8,8,8,8,8,8,8,8,8,8
J,0.000000000000000000e+00,0.000000000000000000e+00,0.000000000000000000e+00,0.000000000000000000e+00,0.000000000000000000e+00,0.000000000000000000e+00,0.000000000000000000e+00,0.000000000000000000e+00,0.000000000000000000e+00,0.000000000000000000e+00,0.000000000000000000e+00,0.000000000000000000e+00,0.000000000000000000e+00,0.000000000000000000e+00,0.000000000000000000e+00,0.000000000000000000e+00,0.000000000000000000e+00,0.000000000000000000e+00,0.000000000000000000e+00,0.000000000000000000e+00,0.000000000000000000e+00,0.000000000000000000e+00,0.000000000000000000e+00,0.000000000000000000e+00,0.000000000000000000e+00,0.000000000000000000e+00,0.000000000000000000e+00,0.000000000000000000e+00,0.000000000000000000e+00,0.000000000000000000e+00,0.000000000000000000e+00,0.000000000000000000e+00,0.000000000000000000e+00,0.000000000000000000e+00,0.000000000000000000e+00,0.000000000000000000e+00,0.000000000000000000e+00,0.000000000000000000e+00,0.000000000000000000e+00,0.000000000000000000e+00,0.000000000000000000e+00,0.000000000000000000e+00,0.000000000000000000e+00,0.000000000000000000e+00,0.000000000000000000e+00,0.000000000000000000e+00,0.000000000000000000e+00,0.000000000000000000e+00,0.000000000000000000e+00,0.000000000000000000e+00,0.000000000000000000e+00,0.000000000000000000e+00,0.000000000000000000e+00,0.000000000000000000e+00,0.000000000000000000e+00,0.000000000000000000e+00,0.000000000000000000e+00,0.000000000000000000e+00,0.000000000000000000e+00,0.000000000000000000e+00,0.000000000000000000e+00,0.000000000000000000e+00,0.000000000000000000e+00,0.000000000000000000e+00,0.000000000000000000e+00,0.000000000000000000e+00,0.000000000000000000e+00,0.000000000000000000e+00,0.000000000000000000e+00,0.000000000000000000e+00,0.000000000000000000e+00,0.000000000000000000e+00,0.000000000000000000e+00,0.000000000000000000e+00,0.000000000000000000e+00,0.000000000000000000e+00,0.000000000000000000e+00,0.000000000000000000e+00,0.000000000000000000e+00,0.000000000000000000e+00,0.000000000000000000e+00,0.000000000000000000e+00,0.000000000000000000e+00,0.000000000000000000e+00,0.000000000000000000e+00,0.000000000000000000e+00,0.000000000000000000e+00,0.000000000000000000e+00,0.000000000000000000e+00,0.000000000000000000e+00,0.000000000000000000e+00,0.000000000000000000e+00
Moment,0.000000000000000000e+00,0.000000000000000000e+00,0.000000000000000000e+00,0.000000000000000000e+00,0.000000000000000000e+00,0.000000000000000000e+00,0.000000000000000000e+00,0.000000000000000000e+00,0.000000000000000000e+00,0.000000000000000000e+00,0.000000000000000000e+00,0.000000000000000000e+00,0.000000000000000000e+00,0.000000000000000000e+00,0.000000000000000000e+00,0.000000000000000000e+00,0.000000000000000000e+00,0.000000000000000000e+00,0.000000000000000000e+00,0.000000000000000000e+00,0.000000000000000000e+00,0.000000000000000000e+00,0.000000000000000000e+00,0.000000000000000000e+00,0.000000000000000000e+00,0.000000000000000000e+00,0.000000000000000000e+00,0.000000000000000000e+00,0.000000000000000000e+00,0.000000000000000000e+00,0.000000000000000000e+00,0.000000000000000000e+00,0.000000000000000000e+00,0.000000000000000000e+00,0.000000000000000000e+00,0.000000000000000000e+00,0.000000000000000000e+00,0.000000000000000000e+00,0.000000000000000000e+00,0.000000000000000000e+00,0.000000000000000000e+00,0.000000000000000000e+00,0.000000000000000000e+00,0.000000000000000000e+00,0.000000000000000000e+00,0.000000000000000000e+00,0.000000000000000000e+00,0.000000000000000000e+00,0.000000000000000000e+00,0.000000000000000000e+00,0.000000000000000000e+00,0.000000000000000000e+00,0.000000000000000000e+00,0.000000000000000000e+00,0.000000000000000000e+00,0.000000000000000000e+00,0.000000000000000000e+00,0.000000000000000000e+00,0.000000000000000000e+00,0.000000000000000000e+00,0.000000000000000000e+00,0.000000000000000000e+00,0.000000000000000000e+00,0.000000000000000000e+00,0.000000000000000000e+00,0.000000000000000000e+00,0.000000000000000000e+00,0.000000000000000000e+00,0.000000000000000000e+00,0.000000000000000000e+00,0.000000000000000000e+00,0.000000000000000000e+00,0.000000000000000000e+00,0.000000000000000000e+00,0.000000000000000000e+00,0.000000000000000000e+00,0.000000000000000000e+00,0.000000000000000000e+00,0.000000000000000000e+00,0.000000000000000000e+00,0.000000000000000000e+00,0.000000000000000000e+00,0.000000000000000000e+00,0.000000000000000000e+00,0.000000000000000000e+00,0.000000000000000000e+00,0.000000000000000000e+00,0.000000000000000000e+00,0.000000000000000000e+00,0.000000000000000000e+00,0.000000000000000000e+00,0.000000000000000000e+00
Momenti,0.000000000000000000e+00,0.000000000000000000e+00,0.000000000000000000e+00,0.000000000000000000e+00,0.000000000000000000e+00,0.000000000000000000e+00,0.000000000000000000e+00,0.000000000000000000e+00,0.000000000000000000e+00,0.000000000000000000e+00,0.000000000000000000e+00,0.000000000000000000e+00,0.000000000000000000e+00,0.000000000000000000e+00,0.000000000000000000e+00,0.000000000000000000e+00,0.000000000000000000e+00,0.000000000000000000e+00,0.000000000000000000e+00,0.000000000000000000e+00,0.000000000000000000e+00,0.000000000000000000e+00,0.000000000000000000e+00,0.000000000000000000e+00,0.000000000000000000e+00,0.000000000000000000e+00,0.000000000000000000e+00,0.000000000000000000e+00,0.000000000000000000e+00,0.000000000000000000e+00,0.000000000000000000e+00,0.000000000000000000e+00,0.000000000000000000e+00,0.000000000000000000e+00,0.000000000000000000e+00,0.000000000000000000e+00,0.000000000000000000e+00,0.000000000000000000e+00,0.000000000000000000e+00,0.000000000000000000e+00,0.000000000000000000e+00,0.000000000000000000e+00,0.000000000000000000e+00,0.000000000000000000e+00,0.000000000000000000e+00,0.000000000000000000e+00,0.000000000000000000e+00,0.000000000000000000e+00,0.000000000000000000e+00,0.000000000000000000e+00,0.000000000000000000e+00,0.000000000000000000e+00,0.000000000000000000e+00,0.000000000000000000e+00,0.000000000000000000e+00,0.000000000000000000e+00,0.000000000000000000e+00,0.000000000000000000e+00,0.000000000000000000e+00,0.000000000000000000e+00,0.000000000000000000e+00,0.000000000000000000e+00,0.000000000000000000e+00,0.000000000000000000e+00,0.000000000000000000e+00,0.000000000000000000e+00,0.000000000000000000e+00,0.000000000000000000e+00,0.000000000000000000e+00,0.000000000000000000e+00,0.000000000000000000e+00,0.000000000000000000e+00,0.000000000000000000e+00,0.000000000000000000e+00,0.000000000000000000e+00,0.000000000000000000e+00,0.000000000000000000e+00,0.000000000000000000e+00,0.000000000000000000e+00,0.000000000000000000e+00,0.000000000000000000e+00,0.000000000000000000e+00,0.000000000000000000e+00,0.000000000000000000e+00,0.000000000000000000e+00,0.000000000000000000e+00,0.000000000000000000e+00,0.000000000000000000e+00,0.000000000000000000e+00,0.000000000000000000e+00,0.000000000000000000e+00,0.000000000000000000e+00
Momento,0.000000000000000000e+00,0.000000000000000000e+00,0.000000000000000000e+00,0.000000000000000000e+00,0.000000000000000000e+00,0.000000000000000000e+00,0.000000000000000000e+00,0.000000000000000000e+00,0.000000000000000000e+00,0.000000000000000000e+00,0.000000000000000000e+00,0.000000000000000000e+00,0.000000000000000000e+00,0.000000000000000000e+00,0.000000000000000000e+00,0.000000000000000000e+00,0.000000000000000000e+00,0.000000000000000000e+00,0.000000000000000000e+00,0.000000000000000000e+00,0.000000000000000000e+00,0.000000000000000000e+00,0.000000000000000000e+00,0.000000000000000000e+00,0.000000000000000000e+00,0.000000000000000000e+00,0.000000000000000000e+00,0.000000000000000000e+00,0.000000000000000000e+00,0.000000000000000000e+00,0.000000000000000000e+00,0.000000000000000000e+00,0.000000000000000000e+00,0.000000000000000000e+00,0.000000000000000000e+00,0.000000000000000000e+00,0.000000000000000000e+00,0.000000000000000000e+00,0.000000000000000000e+00,0.000000000000000000e+00,0.000000000000000000e+00,0.000000000000000000e+00,0.000000000000000000e+00,0.000000000000000000e+00,0.000000000000000000e+00,0.000000000000000000e+00,0.000000000000000000e+00,0.000000000000000000e+00,0.000000000000000000e+00,0.000000000000000000e+00,0.000000000000000000e+00,0.000000000000000000e+00,0.000000000000000000e+00,0.000000000000000000e+00,0.000000000000000000e+00,0.000000000000000000e+00,0.000000000000000000e+00,0.000000000000000000e+00,0.000000000000000000e+00,0.000000000000000000e+00,0.000000000000000000e+00,0.000000000000000000e+00,0.000000000000000000e+00,0.000000000000000000e+00,0.000000000000000000e+00,0.000000000000000000e+00,0.000000000000000000e+00,0.000000000000000000e+00,0.000000000000000000e+00,0.000000000000000000e+00,0.000000000000000000e+00,0.000000000000000000e+00,0.000000000000000000e+00,0.000000000000000000e+00,0.000000000000000000e+00,0.000000000000000000e+00,0.000000000000000000e+00,0.000000000000000000e+00,0.000000000000000000e+00,0.000000000000000000e+00,0.000000000000000000e+00,0.000000000000000000e+00,0.000000000000000000e+00,0.000000000000000000e+00,0.000000000000000000e+00,0.000000000000000000e+00,0.000000000000000000e+00,0.000000000000000000e+00,0.000000000000000000e+00,0.000000000000000000e+00,0.000000000000000000e+00,0.000000000000000000e+00
Power,0.000000000000000000e+00,0.000000000000000000e+00,0.000000000000000000e+00,0.000000000000000000e+00,0.000000000000000000e+00,0.000000000000000000e+00,0.000000000000000000e+00,0.000000000000000000e+00,0.000000000000000000e+00,0.000000000000000000e+00,0.000000000000000000e+00,0.000000000000000000e+00,0.000000000000000000e+00,0.000000000000000000e+00,0.000000000000000000e+00,0.000000000000000000e+00,0.000000000000000000e+00,0.000000000000000000e+00,0.000000000000000000e+00,0.000000000000000000e+00,0.000000000000000000e+00,0.000000000000000000e+00,0.000000000000000000e+00,0.000000000000000000e+00,0.000000000000000000e+00,0.000000000000000000e+00,0.000000000000000000e+00,0.000000000000000000e+00,0.000000000000000000e+00,0.000000000000000000e+00,0.000000000000000000e+00,0.000000000000000000e+00,0.000000000000000000e+00,0.000000000000000000e+00,0.000000000000000000e+00,0.000000000000000000e+00,0.000000000000000000e+00,0.000000000000000000e+00,0.000000000000000000e+00,0.000000000000000000e+00,0.000000000000000000e+00,0.000000000000000000e+00,0.000000000000000000e+00,0.000000000000000000e+00,0.000000000000000000e+00,0.000000000000000000e+00,0.000000000000000000e+00,0.000000000000000000e+00,0.000000000000000000e+00,0.000000000000000000e+00,0.000000000000000000e+00,0.000000000000000000e+00,0.000000000000000000e+00,0.000000000000000000e+00,0.000000000000000000e+00,0.000000000000000000e+00,0.000000000000000000e+00,0.000000000000000000e+00,0.000000000000000000e+00,0.000000000000000000e+00,0.000000000000000000e+00,0.000000000000000000e+00,0.000000000000000000e+00,0.000000000000000000e+00,0.000000000000000000e+00,0.000000000000000000e+00,0.000000000000000000e+00,0.000000000000000000e+00,0.000000000000000000e+00,0.000000000000000000e+00,0.000000000000000000e+00,0.000000000000000000e+00,0.000000000000000000e+00,0.000000000000000000e+00,0.000000000000000000e+00,0.000000000000000000e+00,0.000000000000000000e+00,0.000000000000000000e+00,0.000000000000000000e+00,0.000000000000000000e+00,0.000000000000000000e+00,0.000000000000000000e+00,0.000000000000000000e+00,0.000000000000000000e+00,0.000000000000000000e+00,0.000000000000000000e+00,0.000000000000000000e+00,0.000000000000000000e+00,0.000000000000000000e+00,0.000000000000000000e+00,0.000000000000000000e+00,0.000000000000000000e+00
Poweri,0.000000000000000000e+00,0.000000000000000000e+00,0.000000000000000000e+00,0.000000000000000000e+00,0.000000000000000000e+00,0.000000000000000000e+00,0.000000000000000000e+00,0.000000000000000000e+00,0.000000000000000000e+00,0.000000000000000000e+00,0.000000000000000000e+00,0.000000000000000000e+00,0.000000000000000000e+00,0.000000000000000000e+00,0.000000000000000000e+00,0.000000000000000000e+00,0.000000000000000000e+00,0.000000000000000000e+00,0.000000000000000000e+00,0.000000000000000000e+00,0.000000000000000000e+00,0.000000000000000000e+00,0.000000000000000000e+00,0.000000000000000000e+00,0.000000000000000000e+00,0.000000000000000000e+00,0.000000000000000000e+00,0.000000000000000000e+00,0.000000000000000000e+00,0.000000000000000000e+00,0.000000000000000000e+00,0.000000000000000000e+00,0.000000000000000000e+00,0.000000000000000000e+00,0.000000000000000000e+00,0.000000000000000000e+00,0.000000000000000000e+00,0.000000000000000000e+00,0.000000000000000000e+00,0.000000000000000000e+00,0.000000000000000000e+00,0.000000000000000000e+00,0.000000000000000000e+00,0.000000000000000000e+00,0.000000000000000000e+00,0.000000000000000000e+00,0.000000000000000000e+00,0.000000000000000000e+00,0.000000000000000000e+00,0.000000000000000000e+00,0.000000000000000000e+00,0.000000000000000000e+00,0.000000000000000000e+00,0.000000000000000000e+00,0.000000000000000000e+00,0.000000000000000000e+00,0.000000000000000000e+00,0.000000000000000000e+00,0.000000000000000000e+00,0.000000000000000000e+00,0.000000000000000000e+00,0.000000000000000000e+00,0.000000000000000000e+00,0.000000000000000000e+00,0.000000000000000000e+00,0.000000000000000000e+00,0.000000000000000000e+00,0.000000000000000000e+00,0.000000000000000000e+00,0.000000000000000000e+00,0.000000000000000000e+00,0.000000000000000000e+00,0.000000000000000000e+00,0.000000000000000000e+00,0.000000000000000000e+00,0.000000000000000000e+00,0.000000000000000000e+00,0.000000000000000000e+00,0.000000000000000000e+00,0.000000000000000000e+00,0.000000000000000000e+00,0.000000000000000000e+00,0.000000000000000000e+00,0.000000000000000000e+00,0.000000000000000000e+00,0.000000000000000000e+00,0.000000000000000000e+00,0.000000000000000000e+00,0.000000000000000000e+00,0.000000000000000000e+00,0.000000000000000000e+00,0.000000000000000000e+00
Powero,0.000000000000000000e+00,0.000000000000000000e+00,0.000000000000000000e+00,0.000000000000000000e+00,0.000000000000000000e+00,0.000000000000000000e+00,0.000000000000000000e+00,0.000000000000000000e+00,0.000000000000000000e+00,0.000000000000000000e+00,0.000000000000000000e+00,0.000000000000000000e+00,0.000000000000000000e+00,0.000000000000000000e+00,0.000000000000000000e+00,0.000000000000000000e+00,0.000000000000000000e+00,0.000000000000000000e+00,0.000000000000000000e+00,0.000000000000000000e+00,0.000000000000000000e+00,0.000000000000000000e+00,0.000000000000000000e+00,0.000000000000000000e+00,0.000000000000000000e+00,0.000000000000000000e+00,0.000000000000000000e+00,0.000000000000000000e+00,0.000000000000000000e+00,0.000000000000000000e+00,0.000000000000000000e+00,0.000000000000000000e+00,0.000000000000000000e+00,0.000000000000000000e+00,0.000000000000000000e+00,0.000000000000000000e+00,0.000000000000000000e+00,0.000000000000000000e+00,0.000000000000000000e+00,0.000000000000000000e+00,0.000000000000000000e+00,0.000000000000000000e+00,0.000000000000000000e+00,0.000000000000000000e+00,0.000000000000000000e+00,0.000000000000000000e+00,0.000000000000000000e+00,0.000000000000000000e+00,0.000000000000000000e+00,0.000000000000000000e+00,0.000000000000000000e+00,0.000000000000000000e+00,0.000000000000000000e+00,0.000000000000000000e+00,0.000000000000000000e+00,0.000000000000000000e+00,0.000000000000000000e+00,0.000000000000000000e+00,0.000000000000000000e+00,0.000000000000000000e+00,0.000000000000000000e+00,0.000000000000000000e+00,0.000000000000000000e+00,0.000000000000000000e+00,0.000000000000000000e+00,0.000000000000000000e+00,0.000000000000000000e+00,0.000000000000000000e+00,0.000000000000000000e+00,0.000000000000000000e+00,0.000000000000000000e+00,0.000000000000000000e+00,0.000000000000000000e+00,0.000000000000000000e+00,0.000000000000000000e+00,0.000000000000000000e+00,0.000000000000000000e+00,0.000000000000000000e+00,0.000000000000000000e+00,0.000000000000000000e+00,0.000000000000000000e+00,0.000000000000000000e+00,0.000000000000000000e+00,0.000000000000000000e+00,0.000000000000000000e+00,0.000000000000000000e+00,0.000000000000000000e+00,0.000000000000000000e+00,0.000000000000000000e+00,0.000000000000000000e+00,0.000000000000000000e+00,0.000000000000000000e+00
RPM,0.000000000000000000e+00,0.000000000000000000e+00,0.000000000000000000e+00,0.000000000000000000e+00,0.000000000000000000e+00,0.000000000000000000e+00,0.000000000000000000e+00,0.000000000000000000e+00,0.000000000000000000e+00,0.000000000000000000e+00,0.000000000000000000e+00,0.000000000000000000e+00,0.000000000000000000e+00,0.000000000000000000e+00,0.000000000000000000e+00,0.000000000000000000e+00,0.000000000000000000e+00,0.000000000000000000e+00,0.000000000000000000e+00,0.000000000000000000e+00,0.000000000000000000e+00,0.000000000000000000e+00,0.000000000000000000e+00,0.000000000000000000e+00,0.000000000000000000e+00,0.000000000000000000e+00,0.000000000000000000e+00,0.000000000000000000e+00,0.000000000000000000e+00,0.000000000000000000e+00,0.000000000000000000e+00,0.000000000000000000e+00,0.000000000000000000e+00,0.000000000000000000e+00,0.000000000000000000e+00,0.000000000000000000e+00,0.000000000000000000e+00,0.000000000000000000e+00,0.000000000000000000e+00,0.000000000000000000e+00,0.000000000000000000e+00,0.000000000000000000e+00,0.000000000000000000e+00,0.000000000000000000e+00,0.000000000000000000e+00,0.000000000000000000e+00,0.000000000000000000e+00,0.000000000000000000e+00,0.000000000000000000e+00,0.000000000000000000e+00,0.000000000000000000e+00,0.000000000000000000e+00,0.000000000000000000e+00,0.000000000000000000e+00,0.000000000000000000e+00,0.000000000000000000e+00,0.000000000000000000e+00,0.000000000000000000e+00,0.000000000000000000e+00,0.000000000000000000e+00,0.000000000000000000e+00,0.000000000000000000e+00,0.000000000000000000e+00,0.000000000000000000e+00,0.000000000000000000e+00,0.000000000000000000e+00,0.000000000000000000e+00,0.000000000000000000e+00,0.000000000000000000e+00,0.000000000000000000e+00,0.000000000000000000e+00,0.000000000000000000e+00,0.000000000000000000e+00,0.000000000000000000e+00,0.000000000000000000e+00,0.000000000000000000e+00,0.000000000000000000e+00,0.000000000000000000e+00,0.000000000000000000e+00,0.000000000000000000e+00,0.000000000000000000e+00,0.000000000000000000e+00,0.000000000000000000e+00,0.000000000000000000e+00,0.000000000000000000e+00,0.000000000000000000e+00,0.000000000000000000e+00,0.000000000000000000e+00,0.000000000000000000e+00,0.000000000000000000e+00,0.000000000000000000e+00,0.000000000000000000e+00
SoverB,1.589000000000000135e-02,4.737999999999999851e-02,7.888000000000000567e-02,1.103699999999999959e-01,1.418699999999999961e-01,1.733599999999999863e-01,2.048500000000000043e-01,2.363500000000000045e-01,2.620000000000000107e-01,2.678400000000000225e-01,3.492000000000000104e-01,4.305499999999999883e-01,5.119000000000000217e-01,5.932500000000000551e-01,6.745999999999999774e-01,7.559500000000000108e-01,8.373000000000000442e-01,9.186499999999999666e-01,1.000000000000000000e+00,1.589000000000000135e-02,4.737999999999999851e-02,7.888000000000000567e-02,1.103699999999999959e-01,1.418699999999999961e-01,1.733599999999999863e-01,2.048500000000000043e-01,2.363500000000000045e-01,2.620000000000000107e-01,2.678400000000000225e-01,3.492000000000000104e-01,4.305499999999999883e-01,5.119000000000000217e-01,5.932500000000000551e-01,6.745999999999999774e-01,7.559500000000000108e-01,8.373000000000000442e-01,9.186499999999999666e-01,1.000000000000000000e+00,1.111100000000000004e-01,2.222200000000000009e-01,3.333300000000000152e-01,4.444400000000000017e-01,5.555600000000000538e-01,6.666699999999999848e-01,7.777800000000000269e-01,8.888899999999999579e-01,1.000000000000000000e+00,1.111100000000000004e-01,2.222200000000000009e-01,3.333300000000000152e-01,4.444400000000000017e-01,5.555600000000000538e-01,6.666699999999999848e-01,7.777800000000000269e-01,8.888899999999999579e-01,1.000000000000000000e+00,2.925000000000000169e-02,5.850000000000000339e-02,8.774999999999999467e-02,1.170100000000000029e-01,1.462600000000000011e-01,1.755099999999999993e-01,2.047700000000000076e-01,2.340200000000000058e-01,2.632700000000000040e-01,3.451299999999999923e-01,4.269899999999999807e-01,5.088500000000000245e-01,5.907099999999999573e-01,6.725700000000000012e-01,7.544199999999999795e-01,8.362800000000000233e-01,9.181399999999999562e-01,1.000000000000000000e+00,2.925000000000000169e-02,5.850000000000000339e-02,8.774999999999999467e-02,1.170100000000000029e-01,1.462600000000000011e-01,1.755099999999999993e-01,2.047700000000000076e-01,2.340200000000000058e-01,2.632700000000000040e-01,3.451299999999999923e-01,4.269899999999999807e-01,5.088500000000000245e-01,5.907099999999999573e-01,6.725700000000000012e-01,7.544199999999999795e-01,8.362800000000000233e-01,9.181399999999999562e-01,1.000000000000000000e+00
StallFact,1.000000000000000000e+00,1.000000000000000000e+00,1.000000000000000000e+00,1.000000000000000000e+00,1.000000000000000000e+00,1.000000000000000000e+00,1.000000000000000000e+00,1.000000000000000000e+00,1.000000000000000000e+00,1.000000000000000000e+00,1.000000000000000000e+00,1.000000000000000000e+00,1.000000000000000000e+00,1.000000000000000000e+00,1.000000000000000000e+00,1.000000000000000000e+00,1.000000000000000000e+00,1.000000000000000000e+00,1.000000000000000000e+00,1.000000000000000000e+00,1.000000000000000000e+00,1.000000000000000000e+00,1.000000000000000000e+00,1.000000000000000000e+00,1.000000000000000000e+00,1.000000000000000000e+00,1.000000000000000000e+00,1.000000000000000000e+00,1.000000000000000000e+00,1.000000000000000000e+00,1.000000000000000000e+00,1.000000000000000000e+00,1.000000000000000000e+00,1.000000000000000000e+00,1.000000000000000000e+00,1.000000000000000000e+00,1.000000000000000000e+00,1.000000000000000000e+00,1.000000000000000000e+00,1.000000000000000000e+00,1.000000000000000000e+00,1.000000000000000000e+00,1.000000000000000000e+00,1.000000000000000000e+00,1.000000000000000000e+00,1.000000000000000000e+00,1.000000000000000000e+00,1.000000000000000000e+00,1.000000000000000000e+00,1.000000000000000000e+00,1.000000000000000000e+00,1.000000000000000000e+00,1.000000000000000000e+00,1.000000000000000000e+00,1.000000000000000000e+00,1.000000000000000000e+00,1.000000000000000000e+00,1.000000000000000000e+00,1.000000000000000000e+00,1.000000000000000000e+00,1.000000000000000000e+00,1.000000000000000000e+00,1.000000000000000000e+00,1.000000000000000000e+00,1.000000000000000000e+00,1.000000000000000000e+00,1.000000000000000000e+00,1.000000000000000000e+00,1.000000000000000000e+00,1.000000000000000000e+00,1.000000000000000000e+00,1.000000000000000000e+00,1.000000000000000000e+00,1.000000000000000000e+00,1.000000000000000000e+00,1.000000000000000000e+00,1.000000000000000000e+00,1.000000000000000000e+00,1.000000000000000000e+00,1.000000000000000000e+00,1.000000000000000000e+00,1.000000000000000000e+00,1.000000000000000000e+00,1.000000000000000000e+00,1.000000000000000000e+00,1.000000000000000000e+00,1.000000000000000000e+00,1.000000000000000000e+00,1.000000000000000000e+00,1.000000000000000000e+00,1.000000000000000000e+00,1.000000000000000000e+00
Thrust,0.000000000000000000e+00,0.000000000000000000e+00,0.000000000000000000e+00,0.000000000000000000e+00,0.000000000000000000e+00,0.000000000000000000e+00,0.000000000000000000e+00,0.000000000000000000e+00,0.000000000000000000e+00,0.000000000000000000e+00,0.000000000000000000e+00,0.000000000000000000e+00,0.000000000000000000e+00,0.000000000000000000e+00,0.000000000000000000e+00,0.000000000000000000e+00,0.000000000000000000e+00,0.000000000000000000e+00,0.000000000000000000e+00,0.000000000000000000e+00,0.000000000000000000e+00,0.000000000000000000e+00,0.000000000000000000e+00,0.000000000000000000e+00,0.000000000000000000e+00,0.000000000000000000e+00,0.000000000000000000e+00,0.000000000000000000e+00,0.000000000000000000e+00,0.000000000000000000e+00,0.000000000000000000e+00,0.000000000000000000e+00,0.000000000000000000e+00,0.000000000000000000e+00,0.000000000000000000e+00,0.000000000000000000e+00,0.000000000000000000e+00,0.000000000000000000e+00,0.000000000000000000e+00,0.000000000000000000e+00,0.000000000000000000e+00,0.000000000000000000e+00,0.000000000000000000e+00,0.000000000000000000e+00,0.000000000000000000e+00,0.000000000000000000e+00,0.000000000000000000e+00,0.000000000000000000e+00,0.000000000000000000e+00,0.000000000000000000e+00,0.000000000000000000e+00,0.000000000000000000e+00,0.000000000000000000e+00,0.000000000000000000e+00,0.000000000000000000e+00,0.000000000000000000e+00,0.000000000000000000e+00,0.000000000000000000e+00,0.000000000000000000e+00,0.000000000000000000e+00,0.000000000000000000e+00,0.000000000000000000e+00,0.000000000000000000e+00,0.000000000000000000e+00,0.000000000000000000e+00,0.000000000000000000e+00,0.000000000000000000e+00,0.000000000000000000e+00,0.000000000000000000e+00,0.000000000000000000e+00,0.000000000000000000e+00,0.000000000000000000e+00,0.000000000000000000e+00,0.000000000000000000e+00,0.000000000000000000e+00,0.000000000000000000e+00,0.000000000000000000e+00,0.000000000000000000e+00,0.000000000000000000e+00,0.000000000000000000e+00,0.000000000000000000e+00,0.000000000000000000e+00,0.000000000000000000e+00,0.000000000000000000e+00,0.000000000000000000e+00,0.000000000000000000e+00,0.000000000000000000e+00,0.000000000000000000e+00,0.000000000000000000e+00,0.000000000000000000e+00,0.000000000000000000e+00,0.000000000000000000e+00
Thrusti,0.000000000000000000e+00,0.000000000000000000e+00,0.000000000000000000e+00,0.000000000000000000e+00,0.000000000000000000e+00,0.000000000000000000e+00,0.000000000000000000e+00,0.000000000000000000e+00,0.000000000000000000e+00,0.000000000000000000e+00,0.000000000000000000e+00,0.000000000000000000e+00,0.000000000000000000e+00,0.000000000000000000e+00,0.000000000000000000e+00,0.000000000000000000e+00,0.000000000000000000e+00,0.000000000000000000e+00,0.000000000000000000e+00,0.000000000000000000e+00,0.000000000000000000e+00,0.000000000000000000e+00,0.000000000000000000e+00,0.000000000000000000e+00,0.000000000000000000e+00,0.000000000000000000e+00,0.000000000000000000e+00,0.000000000000000000e+00,0.000000000000000000e+00,0.000000000000000000e+00,0.000000000000000000e+00,0.000000000000000000e+00,0.000000000000000000e+00,0.000000000000000000e+00,0.000000000000000000e+00,0.000000000000000000e+00,0.000000000000000000e+00,0.000000000000000000e+00,0.000000000000000000e+00,0.000000000000000000e+00,0.000000000000000000e+00,0.000000000000000000e+00,0.000000000000000000e+00,0.000000000000000000e+00,0.000000000000000000e+00,0.000000000000000000e+00,0.000000000000000000e+00,0.000000000000000000e+00,0.000000000000000000e+00,0.000000000000000000e+00,0.000000000000000000e+00,0.000000000000000000e+00,0.000000000000000000e+00,0.000000000000000000e+00,0.000000000000000000e+00,0.000000000000000000e+00,0.000000000000000000e+00,0.000000000000000000e+00,0.000000000000000000e+00,0.000000000000000000e+00,0.000000000000000000e+00,0.000000000000000000e+00,0.000000000000000000e+00,0.000000000000000000e+00,0.000000000000000000e+00,0.000000000000000000e+00,0.000000000000000000e+00,0.000000000000000000e+00,0.000000000000000000e+00,0.000000000000000000e+00,0.000000000000000000e+00,0.000000000000000000e+00,0.000000000000000000e+00,0.000000000000000000e+00,0.000000000000000000e+00,0.000000000000000000e+00,0.000000000000000000e+00,0.000000000000000000e+00,0.000000000000000000e+00,0.000000000000000000e+00,0.000000000000000000e+00,0.000000000000000000e+00,0.000000000000000000e+00,0.000000000000000000e+00,0.000000000000000000e+00,0.000000000000000000e+00,0.000000000000000000e+00,0.000000000000000000e+00,0.000000000000000000e+00,0.000000000000000000e+00,0.000000000000000000e+00,0.000000000000000000e+00
Thrusto,0.000000000000000000e+00,0.000000000000000000e+00,0.000000000000000000e+00,0.000000000000000000e+00,0.000000000000000000e+00,0.000000000000000000e+00,0.000000000000000000e+00,0.000000000000000000e+00,0.000000000000000000e+00,0.000000000000000000e+00,0.000000000000000000e+00,0.000000000000000000e+00,0.000000000000000000e+00,0.000000000000000000e+00,0.000000000000000000e+00,0.000000000000000000e+00,0.000000000000000000e+00,0.000000000000000000e+00,0.000000000000000000e+00,0.000000000000000000e+00,0.000000000000000000e+00,0.000000000000000000e+00,0.000000000000000000e+00,0.000000000000000000e+00,0.000000000000000000e+00,0.000000000000000000e+00,0.000000000000000000e+00,0.000000000000000000e+00,0.000000000000000000e+00,0.000000000000000000e+00,0.000000000000000000e+00,0.000000000000000000e+00,0.000000000000000000e+00,0.000000000000000000e+00,0.000000000000000000e+00,0.000000000000000000e+00,0.000000000000000000e+00,0.000000000000000000e+00,0.000000000000000000e+00,0.000000000000000000e+00,0.000000000000000000e+00,0.000000000000000000e+00,0.000000000000000000e+00,0.000000000000000000e+00,0.000000000000000000e+00,0.000000000000000000e+00,0.000000000000000000e+00,0.000000000000000000e+00,0.000000000000000000e+00,0.000000000000000000e+00,0.000000000000000000e+00,0.000000000000000000e+00,0.000000000000000000e+00,0.000000000000000000e+00,0.000000000000000000e+00,0.000000000000000000e+00,0.000000000000000000e+00,0.000000000000000000e+00,0.000000000000000000e+00,0.000000000000000000e+00,0.000000000000000000e+00,0.000000000000000000e+00,0.000000000000000000e+00,0.000000000000000000e+00,0.000000000000000000e+00,0.000000000000000000e+00,0.000000000000000000e+00,0.000000000000000000e+00,0.000000000000000000e+00,0.000000000000000000e+00,0.000000000000000000e+00,0.000000000000000000e+00,0.000000000000000000e+00,0.000000000000000000e+00,0.000000000000000000e+00,0.000000000000000000e+00,0.000000000000000000e+00,0.000000000000000000e+00,0.000000000000000000e+00,0.000000000000000000e+00,0.000000000000000000e+00,0.000000000000000000e+00,0.000000000000000000e+00,0.000000000000000000e+00,0.000000000000000000e+00,0.000000000000000000e+00,0.000000000000000000e+00,0.000000000000000000e+00,0.000000000000000000e+00,0.000000000000000000e+00,0.000000000000000000e+00,0.000000000000000000e+00
TrailVort,1,2,3,4,5,6,7,8,9,10,11,12,13,14,15,16,17,18,19,1,2,3,4,5,6,7,8,9,10,11,12,13,14,15,16,17,18,19,1,2,3,4,5,6,7,8,9,1,2,3,4,5,6,7,8,9,1,2,3,4,5,6,7,8,9,10,11,12,13,14,15,16,17,18,1,2,3,4,5,6,7,8,9,10,11,12,13,14,15,16,17,18
Unsteady,0
V/Vref,1.000000000000000000e+00,1.000000000000000000e+00,1.000000000000000000e+00,1.000000000000000000e+00,1.000000000000000000e+00,1.000000000000000000e+00,1.000000000000000000e+00,1.000000000000000000e+00,1.000000000000000000e+00,1.000000000000000000e+00,1.000000000000000000e+00,1.000000000000000000e+00,1.000000000000000000e+00,1.000000000000000000e+00,1.000000000000000000e+00,1.000000000000000000e+00,1.000000000000000000e+00,1.000000000000000000e+00,1.000000000000000000e+00,1.000000000000000000e+00,1.000000000000000000e+00,1.000000000000000000e+00,1.000000000000000000e+00,1.000000000000000000e+00,1.000000000000000000e+00,1.000000000000000000e+00,1.000000000000000000e+00,1.000000000000000000e+00,1.000000000000000000e+00,1.000000000000000000e+00,1.000000000000000000e+00,1.000000000000000000e+00,1.000000000000000000e+00,1.000000000000000000e+00,1.000000000000000000e+00,1.000000000000000000e+00,1.000000000000000000e+00,1.000000000000000000e+00,1.000000000000000000e+00,1.000000000000000000e+00,1.000000000000000000e+00,1.000000000000000000e+00,1.000000000000000000e+00,1.000000000000000000e+00,1.000000000000000000e+00,1.000000000000000000e+00,1.000000000000000000e+00,1.000000000000000000e+00,1.000000000000000000e+00,1.000000000000000000e+00,1.000000000000000000e+00,1.000000000000000000e+00,1.000000000000000000e+00,1.000000000000000000e+00,1.000000000000000000e+00,1.000000000000000000e+00,1.000000000000000000e+00,1.000000000000000000e+00,1.000000000000000000e+00,1.000000000000000000e+00,1.000000000000000000e+00,1.000000000000000000e+00,1.000000000000000000e+00,1.000000000000000000e+00,1.000000000000000000e+00,1.000000000000000000e+00,1.000000000000000000e+00,1.000000000000000000e+00,1.000000000000000000e+00,1.000000000000000000e+00,1.000000000000000000e+00,1.000000000000000000e+00,1.000000000000000000e+00,1.000000000000000000e+00,1.000000000000000000e+00,1.000000000000000000e+00,1.000000000000000000e+00,1.000000000000000000e+00,1.000000000000000000e+00,1.000000000000000000e+00,1.000000000000000000e+00,1.000000000000000000e+00,1.000000000000000000e+00,1.000000000000000000e+00,1.000000000000000000e+00,1.000000000000000000e+00,1.000000000000000000e+00,1.000000000000000000e+00,1.000000000000000000e+00,1.000000000000000000e+00,1.000000000000000000e+00,1.000000000000000000e+00
VortexSheet,1,1,1,1,1,1,1,1,1,1,1,1,1,1,1,1,1,1,1,2,2,2,2,2,2,2,2,2,2,2,2,2,2,2,2,2,2,2,3,3,3,3,3,3,3,3,3,4,4,4,4,4,4,4,4,4,5,5,5,5,5,5,5,5,5,5,5,5,5,5,5,5,5,5,6,6,6,6,6,6,6,6,6,6,6,6,6,6,6,6,6,6
Xavg,4.078401999999999816e+01,4.077788000000000324e+01,4.076971000000000345e+01,4.076154999999999973e+01,4.075337999999999994e+01,4.074522000000000332e+01,4.073705000000000354e+01,4.072888999999999982e+01,4.072147999999999968e+01,4.071739999999999782e+01,4.085244999999999749e+01,4.112407000000000323e+01,4.139567999999999870e+01,4.166729000000000127e+01,4.193889000000000067e+01,4.221049000000000007e+01,4.248208999999999946e+01,4.275368999999999886e+01,4.302530000000000143e+01,4.078401999999999816e+01,4.077788000000000324e+01,4.076971000000000345e+01,4.076154999999999973e+01,4.075337999999999994e+01,4.074522000000000332e+01,4.073705000000000354e+01,4.072888999999999982e+01,4.072147999999999968e+01,4.071739999999999782e+01,4.085244999999999749e+01,4.112407000000000323e+01,4.139567999999999870e+01,4.166729000000000127e+01,4.193889000000000067e+01,4.221049000000000007e+01,4.248208999999999946e+01,4.275368999999999886e+01,4.302530000000000143e+01,5.236139000000000010e+01,5.270192999999999728e+01,5.304247999999999763e+01,5.338302000000000191e+01,5.372355999999999909e+01,5.406410000000000338e+01,5.440464000000000055e+01,5.474517999999999773e+01,5.508572000000000202e+01,5.236139000000000010e+01,5.270192999999999728e+01,5.304247999999999763e+01,5.338302000000000191e+01,5.372355999999999909e+01,5.406410000000000338e+01,5.440464000000000055e+01,5.474517999999999773e+01,5.508572000000000202e+01,4.877049000000000234e+01,4.878936000000000206e+01,4.880823000000000178e+01,4.882710999999999757e+01,4.884597999999999729e+01,4.886484999999999701e+01,4.888371999999999673e+01,4.890258999999999645e+01,4.892146999999999935e+01,4.894178000000000139e+01,4.896354000000000184e+01,4.898530000000000229e+01,4.900704999999999956e+01,4.902881000000000000e+01,4.905057000000000045e+01,4.907233000000000089e+01,4.909409000000000134e+01,4.911583999999999861e+01,4.877049000000000234e+01,4.878936000000000206e+01,4.880823000000000178e+01,4.882710999999999757e+01,4.884597999999999729e+01,4.886484999999999701e+01,4.888371999999999673e+01,4.890258999999999645e+01,4.892146999999999935e+01,4.894178000000000139e+01,4.896354000000000184e+01,4.898530000000000229e+01,4.900704999999999956e+01,4.902881000000000000e+01,4.905057000000000045e+01,4.907233000000000089e+01,4.909409000000000134e+01,4.911583999999999861e+01
Yavg,-1.396390000000000020e+00,-1.795239999999999947e+00,-2.325390000000000068e+00,-2.855550000000000033e+00,-3.385709999999999997e+00,-3.915869999999999962e+00,-4.446019999999999861e+00,-4.976180000000000270e+00,-5.457169999999999632e+00,-5.722240000000000215e+00,-6.456170000000000186e+00,-7.825660000000000061e+00,-9.195119999999999294e+00,-1.056456000000000017e+01,-1.193397000000000041e+01,-1.330336999999999925e+01,-1.467276999999999987e+01,-1.604216999999999871e+01,-1.741158000000000072e+01,1.396390000000000020e+00,1.795239999999999947e+00,2.325390000000000068e+00,2.855550000000000033e+00,3.385709999999999997e+00,3.915869999999999962e+00,4.446019999999999861e+00,4.976180000000000270e+00,5.457169999999999632e+00,5.722240000000000215e+00,6.456170000000000186e+00,7.825660000000000061e+00,9.195119999999999294e+00,1.056456000000000017e+01,1.193397000000000041e+01,1.330336999999999925e+01,1.467276999999999987e+01,1.604216999999999871e+01,1.741158000000000072e+01,6.249410000000000132e+00,6.944969999999999644e+00,7.640520000000000422e+00,8.336069999999999425e+00,9.031620000000000203e+00,9.727169999999999206e+00,1.042271999999999998e+01,1.111827000000000076e+01,1.181381999999999977e+01,-6.249410000000000132e+00,-6.944969999999999644e+00,-7.640520000000000422e+00,-8.336069999999999425e+00,-9.031620000000000203e+00,-9.727169999999999206e+00,-1.042271999999999998e+01,-1.111827000000000076e+01,-1.181381999999999977e+01,5.670189999999999841e+00,5.699080000000000368e+00,5.727979999999999627e+00,5.756879999999999775e+00,5.785779999999999923e+00,5.814669999999999561e+00,5.843569999999999709e+00,5.872469999999999857e+00,5.901370000000000005e+00,5.956249999999999822e+00,6.037110000000000198e+00,6.117969999999999686e+00,6.198830000000000062e+00,6.279690000000000438e+00,6.360560000000000436e+00,6.441419999999999924e+00,6.522280000000000300e+00,6.603139999999999787e+00,-5.670189999999999841e+00,-5.699080000000000368e+00,-5.727979999999999627e+00,-5.756879999999999775e+00,-5.785779999999999923e+00,-5.814669999999999561e+00,-5.843569999999999709e+00,-5.872469999999999857e+00,-5.901370000000000005e+00,-5.956249999999999822e+00,-6.037110000000000198e+00,-6.117969999999999686e+00,-6.198830000000000062e+00,-6.279690000000000438e+00,-6.360560000000000436e+00,-6.441419999999999924e+00,-6.522280000000000300e+00,-6.603139999999999787e+00
Zavg,3.890600000000000169e-01,3.681599999999999873e-01,3.403800000000000159e-01,3.125899999999999790e-01,2.848100000000000076e-01,2.570200000000000262e-01,2.292399999999999993e-01,2.014499999999999902e-01,1.762499999999999900e-01,1.623499999999999943e-01,1.238900000000000001e-01,5.211999999999999966e-02,-1.965000000000000080e-02,-9.142000000000000126e-02,-1.631900000000000017e-01,-2.349600000000000022e-01,-3.067199999999999926e-01,-3.784899999999999931e-01,-4.502599999999999936e-01,3.890600000000000169e-01,3.681599999999999873e-01,3.403800000000000159e-01,3.125899999999999790e-01,2.848100000000000076e-01,2.570200000000000262e-01,2.292399999999999993e-01,2.014499999999999902e-01,1.762499999999999900e-01,1.623499999999999943e-01,1.238900000000000001e-01,5.211999999999999966e-02,-1.965000000000000080e-02,-9.142000000000000126e-02,-1.631900000000000017e-01,-2.349600000000000022e-01,-3.067199999999999926e-01,-3.784899999999999931e-01,-4.502599999999999936e-01,6.069999999999999701e-02,1.814999999999999947e-02,-2.438999999999999849e-02,-6.693000000000000338e-02,-1.094699999999999979e-01,-1.520100000000000062e-01,-1.945500000000000007e-01,-2.371000000000000052e-01,-2.796399999999999997e-01,6.069999999999999701e-02,1.814999999999999947e-02,-2.438999999999999849e-02,-6.693000000000000338e-02,-1.094699999999999979e-01,-1.520100000000000062e-01,-1.945500000000000007e-01,-2.371000000000000052e-01,-2.796399999999999997e-01,1.374700000000000089e-01,4.124099999999999988e-01,6.873500000000000165e-01,9.622899999999999787e-01,1.237230000000000052e+00,1.512170000000000014e+00,1.787109999999999976e+00,2.062050000000000161e+00,2.336990000000000123e+00,2.859140000000000015e+00,3.628490000000000215e+00,4.397840000000000416e+00,5.167189999999999728e+00,5.936550000000000438e+00,6.705899999999999750e+00,7.475249999999999950e+00,8.244600000000000151e+00,9.013949999999999463e+00,1.374700000000000089e-01,4.124099999999999988e-01,6.873500000000000165e-01,9.622899999999999787e-01,1.237230000000000052e+00,1.512170000000000014e+00,1.787109999999999976e+00,2.062050000000000161e+00,2.336990000000000123e+00,2.859140000000000015e+00,3.628490000000000215e+00,4.397840000000000416e+00,5.167189999999999728e+00,5.936550000000000438e+00,6.705899999999999750e+00,7.475249999999999950e+00,8.244600000000000151e+00,9.013949999999999463e+00
cd,1.990000000000000015e-03,3.850000000000000124e-03,4.669999999999999672e-03,4.850000000000000144e-03,4.799999999999999580e-03,4.499999999999999660e-03,4.000000000000000083e-03,3.680000000000000111e-03,3.419999999999999863e-03,5.080000000000000314e-03,4.510000000000000120e-03,4.870000000000000197e-03,5.049999999999999802e-03,5.170000000000000116e-03,5.270000000000000379e-03,5.360000000000000181e-03,5.449999999999999983e-03,5.570000000000000298e-03,5.689999999999999745e-03,2.490000000000000026e-03,3.820000000000000045e-03,4.689999999999999725e-03,4.850000000000000144e-03,4.819999999999999632e-03,4.530000000000000172e-03,4.020000000000000136e-03,3.670000000000000085e-03,3.380000000000000192e-03,5.870000000000000218e-03,4.460000000000000422e-03,4.839999999999999684e-03,5.020000000000000157e-03,5.150000000000000064e-03,5.270000000000000379e-03,5.349999999999999721e-03,5.440000000000000391e-03,5.559999999999999838e-03,5.680000000000000153e-03,5.429999999999999931e-03,5.329999999999999669e-03,5.449999999999999983e-03,5.239999999999999866e-03,5.470000000000000036e-03,5.120000000000000419e-03,5.559999999999999838e-03,5.729999999999999850e-03,5.819999999999999653e-03,5.400000000000000286e-03,5.309999999999999616e-03,5.459999999999999576e-03,5.380000000000000233e-03,5.519999999999999733e-03,5.459999999999999576e-03,5.640000000000000048e-03,5.749999999999999903e-03,5.850000000000000165e-03,5.369999999999999774e-03,5.000000000000000104e-03,4.989999999999999644e-03,5.009999999999999697e-03,5.029999999999999749e-03,5.040000000000000209e-03,5.020000000000000157e-03,5.069999999999999854e-03,5.000000000000000104e-03,5.069999999999999854e-03,5.100000000000000366e-03,5.120000000000000419e-03,5.199999999999999761e-03,5.300000000000000024e-03,5.479999999999999628e-03,5.649999999999999641e-03,5.879999999999999810e-03,6.190000000000000190e-03,5.879999999999999810e-03,4.819999999999999632e-03,4.950000000000000407e-03,4.989999999999999644e-03,5.020000000000000157e-03,5.040000000000000209e-03,5.040000000000000209e-03,5.069999999999999854e-03,5.069999999999999854e-03,5.109999999999999959e-03,5.179999999999999709e-03,5.219999999999999814e-03,5.290000000000000431e-03,5.380000000000000233e-03,5.510000000000000141e-03,5.669999999999999693e-03,5.839999999999999705e-03,6.040000000000000230e-03
cd*c/cref,1.976013623052405230e-03,8.617893644732798134e-03,9.783097294804794439e-03,9.453140987266815676e-03,8.655943825133075725e-03,7.458935476564143054e-03,6.047046451049234786e-03,5.026810814309059031e-03,4.173321856747617097e-03,3.823491708058957862e-03,4.994682527869011811e-03,5.005308419758281065e-03,4.787911806106105207e-03,4.489732659731098495e-03,4.156663792127105773e-03,3.800568414580872498e-03,3.430135138414743164e-03,3.061846311906418240e-03,2.674434408723931275e-03,2.472499457990195645e-03,8.545722636594562174e-03,9.824994927758991248e-03,9.453140987266815676e-03,8.692010257737796397e-03,7.508661713074571420e-03,6.077281683304481055e-03,5.013151002313654021e-03,4.124511074797353183e-03,4.418089828013008896e-03,4.939309107382659422e-03,4.974474897665313172e-03,4.759468765673791936e-03,4.472364254857864353e-03,4.156663792127105773e-03,3.793477801867102192e-03,3.423841312472697841e-03,3.056349280825796082e-03,2.669734172504732717e-03,3.477512320610933946e-03,3.208499255747730358e-03,3.071150436034753364e-03,2.751307327648971467e-03,2.661716496513340160e-03,2.294510848285793211e-03,2.277884511463102758e-03,2.127179178733800205e-03,1.936776449269500154e-03,3.458299545358940047e-03,3.196459858915656500e-03,3.076785574449495634e-03,2.824815538693028170e-03,2.686046629022602761e-03,2.446880709304771404e-03,2.310659828174802238e-03,2.134603887909136515e-03,1.946759833028621507e-03,7.481100635850307379e-03,6.538199556684517674e-03,6.170945944634102440e-03,5.840086486967495383e-03,5.506387965764396146e-03,5.159608976329541942e-03,4.782831863704759164e-03,4.470618328021098119e-03,4.054006827705599995e-03,3.762170174899283435e-03,3.445105408772469388e-03,3.117954665329170701e-03,2.820693125374148548e-03,2.522299901305677643e-03,2.243349232287604900e-03,1.937022060608021906e-03,1.624646463992751762e-03,1.298445815198925792e-03,8.191596226964583186e-03,6.302824372643874365e-03,6.121479444075914045e-03,5.816772768456646842e-03,5.495440872393095137e-03,5.159608976329541942e-03,4.801886970731470902e-03,4.470618328021098119e-03,4.110762923293478574e-03,3.791851990874820291e-03,3.499146277929684329e-03,3.178852217386380404e-03,2.869512814082547745e-03,2.560372352646140583e-03,2.255630341223485887e-03,1.943878775866811348e-03,1.613594447230896293e-03,1.266981053925930701e-03
cdi,-3.200000000000000153e-03,-8.499999999999999526e-04,-6.000000000000000152e-05,6.999999999999999387e-05,-2.000000000000000164e-05,-3.600000000000000227e-04,-9.200000000000000278e-04,-1.309999999999999967e-03,-1.639999999999999965e-03,-2.900000000000000017e-04,-6.099999999999999737e-04,-2.900000000000000017e-04,-1.600000000000000131e-04,-1.000000000000000048e-04,-6.000000000000000152e-05,-5.000000000000000240e-05,-4.000000000000000327e-05,-2.000000000000000164e-05,-1.000000000000000082e-05,-2.710000000000000169e-03,-8.800000000000000313e-04,-5.000000000000000240e-05,6.999999999999999387e-05,0.000000000000000000e+00,-3.400000000000000244e-04,-9.100000000000000016e-04,-1.319999999999999993e-03,-1.680000000000000070e-03,5.000000000000000104e-04,-6.499999999999999702e-04,-3.200000000000000262e-04,-1.900000000000000105e-04,-1.200000000000000030e-04,-6.999999999999999387e-05,-6.000000000000000152e-05,-5.000000000000000240e-05,-3.000000000000000076e-05,-2.000000000000000164e-05,-6.000000000000000152e-05,-2.000000000000000096e-04,-1.200000000000000030e-04,-3.899999999999999929e-04,-2.100000000000000087e-04,-6.199999999999999999e-04,-2.500000000000000052e-04,-1.499999999999999869e-04,-1.399999999999999877e-04,-8.000000000000000654e-05,-2.200000000000000078e-04,-1.100000000000000039e-04,-2.400000000000000061e-04,-1.600000000000000131e-04,-2.799999999999999755e-04,-1.600000000000000131e-04,-1.299999999999999886e-04,-1.100000000000000039e-04,4.000000000000000192e-04,-1.000000000000000082e-05,-6.000000000000000152e-05,-8.000000000000000654e-05,-9.000000000000000567e-05,-1.299999999999999886e-04,-1.900000000000000105e-04,-2.000000000000000096e-04,-3.200000000000000262e-04,-3.099999999999999999e-04,-3.400000000000000244e-04,-3.899999999999999929e-04,-4.000000000000000192e-04,-3.899999999999999929e-04,-3.299999999999999982e-04,-2.900000000000000017e-04,-2.300000000000000070e-04,-1.499999999999999869e-04,9.100000000000000016e-04,-1.900000000000000105e-04,-1.000000000000000048e-04,-1.000000000000000048e-04,-1.000000000000000048e-04,-1.200000000000000030e-04,-1.800000000000000113e-04,-1.900000000000000105e-04,-2.500000000000000052e-04,-2.700000000000000035e-04,-2.599999999999999772e-04,-2.999999999999999737e-04,-3.099999999999999999e-04,-3.099999999999999999e-04,-2.900000000000000017e-04,-2.799999999999999755e-04,-2.700000000000000035e-04,-2.999999999999999737e-04
cdi*c/cref,-3.177509343601857706e-03,-1.902651843642305749e-03,-1.256928988625883670e-04,1.364370864141602191e-04,-3.606643260472115292e-05,-5.967148381251315050e-04,-1.390820683741323836e-03,-1.789435371398061638e-03,-2.001242059960845615e-03,-2.182701959324995634e-04,-6.755557299335026309e-04,-2.980573802320126060e-04,-1.516962156390053152e-04,-8.684202436617213165e-05,-4.732444545116249758e-05,-3.545306356885142337e-05,-2.517530376818160416e-05,-1.099406216124387325e-05,-4.700236219198473904e-06,-2.690953225362823290e-03,-1.968648146650056174e-03,-1.047440823854903149e-04,1.364370864141602191e-04,0.000000000000000000e+00,-5.635640137848464334e-04,-1.375703067613700918e-03,-1.803095183393466647e-03,-2.050052841911110396e-03,3.763279240215509826e-04,-7.198544663225847368e-04,-3.288909023249794684e-04,-1.801392560713188033e-04,-1.042104292394065444e-04,-5.521185302635624040e-05,-4.254367628262170940e-05,-3.146912971022700181e-05,-1.649109324186580903e-05,-9.400472438396947808e-06,-3.842555050398821883e-05,-1.203939683207403744e-04,-6.762166097691199270e-05,-2.047728736227288026e-04,-1.021865565389033689e-04,-2.778509230346077360e-04,-1.024228647240603852e-04,-5.568531881502094589e-05,-4.658912420923196090e-05,-5.123406733865096296e-05,-1.324333651528143956e-04,-6.198652256216933003e-05,-1.260140760755254128e-04,-7.785642402964065877e-05,-1.254810620156292993e-04,-6.555063342339864706e-05,-4.826060963968481932e-05,-3.660574045011083175e-05,5.572514440111961181e-04,-1.307639911336903566e-05,-7.419975083728379847e-05,-9.325487404339316186e-05,-9.852384034170888938e-05,-1.330851521672302227e-04,-1.810235167537657729e-04,-1.763557525846587101e-04,-2.594564369731584266e-04,-2.300340738104098514e-04,-2.296736939181646367e-04,-2.375004530231204000e-04,-2.169763942595499112e-04,-1.856032002847573983e-04,-1.350921982946915259e-04,-9.942237125244714430e-05,-6.354909638066886493e-05,-3.146476127299496214e-05,1.267747035125471166e-03,-2.484515831540116894e-04,-1.236662513954730200e-04,-1.165685925542414456e-04,-1.094709337130098711e-04,-1.228478327697510102e-04,-1.714959632404096867e-04,-1.675379649554257773e-04,-2.027003413852800106e-04,-2.003522578348731033e-04,-1.756328247609493978e-04,-1.826926561716310602e-04,-1.681567055511511751e-04,-1.475307489442943506e-04,-1.187173863801834720e-04,-9.599401362305240958e-05,-7.460111314252432029e-05,-6.292952254598992428e-05
cdo,5.199999999999999761e-03,4.689999999999999725e-03,4.729999999999999830e-03,4.769999999999999934e-03,4.819999999999999632e-03,4.870000000000000197e-03,4.919999999999999894e-03,4.989999999999999644e-03,5.049999999999999802e-03,5.369999999999999774e-03,5.109999999999999959e-03,5.159999999999999656e-03,5.210000000000000221e-03,5.270000000000000379e-03,5.329999999999999669e-03,5.409999999999999878e-03,5.490000000000000088e-03,5.579999999999999891e-03,5.700000000000000205e-03,5.199999999999999761e-03,4.700000000000000185e-03,4.729999999999999830e-03,4.769999999999999934e-03,4.819999999999999632e-03,4.870000000000000197e-03,4.919999999999999894e-03,4.989999999999999644e-03,5.060000000000000261e-03,5.369999999999999774e-03,5.109999999999999959e-03,5.159999999999999656e-03,5.210000000000000221e-03,5.270000000000000379e-03,5.329999999999999669e-03,5.409999999999999878e-03,5.490000000000000088e-03,5.579999999999999891e-03,5.700000000000000205e-03,5.479999999999999628e-03,5.530000000000000193e-03,5.579999999999999891e-03,5.629999999999999588e-03,5.680000000000000153e-03,5.740000000000000310e-03,5.810000000000000060e-03,5.879999999999999810e-03,5.960000000000000020e-03,5.479999999999999628e-03,5.530000000000000193e-03,5.570000000000000298e-03,5.619999999999999996e-03,5.680000000000000153e-03,5.740000000000000310e-03,5.799999999999999600e-03,5.879999999999999810e-03,5.960000000000000020e-03,4.969999999999999592e-03,5.009999999999999697e-03,5.040000000000000209e-03,5.080000000000000314e-03,5.120000000000000419e-03,5.170000000000000116e-03,5.210000000000000221e-03,5.259999999999999919e-03,5.320000000000000076e-03,5.380000000000000233e-03,5.449999999999999983e-03,5.519999999999999733e-03,5.599999999999999943e-03,5.700000000000000205e-03,5.810000000000000060e-03,5.939999999999999968e-03,6.109999999999999980e-03,6.340000000000000149e-03,4.969999999999999592e-03,5.009999999999999697e-03,5.040000000000000209e-03,5.080000000000000314e-03,5.120000000000000419e-03,5.170000000000000116e-03,5.210000000000000221e-03,5.259999999999999919e-03,5.320000000000000076e-03,5.380000000000000233e-03,5.440000000000000391e-03,5.519999999999999733e-03,5.599999999999999943e-03,5.689999999999999745e-03,5.810000000000000060e-03,5.939999999999999968e-03,6.109999999999999980e-03,6.340000000000000149e-03
cdo*c/cref,5.163452683353018068e-03,1.049816134903813411e-02,9.908790193667383131e-03,9.297212888507775178e-03,8.692010257737796397e-03,8.072225726859416986e-03,7.437867134790557971e-03,6.816246185707120452e-03,6.162361221220897384e-03,4.041761903991456829e-03,5.659163573705243075e-03,5.303365799990292749e-03,4.939608021745110766e-03,4.576574684097270938e-03,4.203988237578268339e-03,3.836021478149724030e-03,3.455310442182924890e-03,3.067343342987039964e-03,2.679134644943129834e-03,5.163452683353018068e-03,1.051437078324461878e-02,9.908790193667383131e-03,9.297212888507775178e-03,8.692010257737796397e-03,8.072225726859416986e-03,7.437867134790557971e-03,6.816246185707120452e-03,6.174563916708463579e-03,4.041761903991456829e-03,5.659163573705243075e-03,5.303365799990292749e-03,4.939608021745110766e-03,4.576574684097270938e-03,4.203988237578268339e-03,3.836021478149724030e-03,3.455310442182924890e-03,3.067343342987039964e-03,2.679134644943129834e-03,3.509533612697590590e-03,3.328893224068471112e-03,3.144407235426407640e-03,2.956080201271700080e-03,2.763903053052243434e-03,2.572361771320400784e-03,2.380307376187163360e-03,2.182864497548821225e-03,1.983365573478732338e-03,3.509533612697590590e-03,3.328893224068471112e-03,3.138772097011665371e-03,2.950829614768553637e-03,2.763903053052243434e-03,2.572361771320400784e-03,2.376210461598200763e-03,2.182864497548821225e-03,1.983365573478732338e-03,6.923849191839110719e-03,6.551275955797885783e-03,6.232779070331839234e-03,5.921684501755465277e-03,5.604911806106105225e-03,5.292694128496771948e-03,4.963855380458524584e-03,4.638156292976523300e-03,4.313463264678758964e-03,3.992204248709693530e-03,3.681534211335285838e-03,3.361544873558011681e-03,3.037669519633698703e-03,2.712662158007992774e-03,2.378441430582296616e-03,2.036444431860469362e-03,1.688195560373420600e-03,1.329910576471920666e-03,6.923849191839110719e-03,6.551275955797885783e-03,6.232779070331839234e-03,5.921684501755465277e-03,5.604911806106105225e-03,5.292694128496771948e-03,4.963855380458524584e-03,4.638156292976523300e-03,4.313463264678758964e-03,3.992204248709693530e-03,3.674779102690634187e-03,3.361544873558011681e-03,3.037669519633698703e-03,2.707903101590434635e-03,2.378441430582296616e-03,2.036444431860469362e-03,1.688195560373420600e-03,1.329910576471920666e-03
cl,-1.518599999999999950e-01,1.237000000000000079e-02,1.966000000000000039e-02,1.870000000000000134e-02,1.833999999999999866e-02,1.822999999999999968e-02,1.836000000000000132e-02,1.901999999999999871e-02,2.722000000000000114e-02,9.499999999999999981e-04,1.085999999999999986e-02,1.008000000000000042e-02,9.350000000000000672e-03,8.989999999999999727e-03,8.370000000000000703e-03,7.530000000000000235e-03,6.649999999999999661e-03,5.279999999999999971e-03,2.739999999999999814e-03,-1.549500000000000044e-01,1.308999999999999921e-02,2.118000000000000091e-02,2.058000000000000107e-02,2.091000000000000150e-02,2.144000000000000072e-02,2.211000000000000118e-02,2.329000000000000167e-02,2.943000000000000130e-02,-2.057000000000000148e-02,1.413000000000000020e-02,1.315000000000000023e-02,1.149999999999999981e-02,9.010000000000000647e-03,8.540000000000000716e-03,8.510000000000000203e-03,7.950000000000000469e-03,6.499999999999999702e-03,4.570000000000000277e-03,-2.307000000000000023e-02,-4.095000000000000029e-02,-3.903000000000000219e-02,-4.093999999999999723e-02,-3.715000000000000246e-02,-3.737999999999999656e-02,-3.063000000000000098e-02,-2.764000000000000137e-02,-1.893999999999999850e-02,-2.052000000000000005e-02,-3.382000000000000284e-02,-3.230000000000000232e-02,-3.291000000000000175e-02,-3.045000000000000137e-02,-3.063000000000000098e-02,-2.761999999999999872e-02,-2.603000000000000105e-02,-1.812000000000000069e-02,-4.530000000000000172e-03,-1.900000000000000105e-04,1.369999999999999907e-03,1.860000000000000108e-03,2.180000000000000080e-03,2.550000000000000183e-03,2.990000000000000036e-03,3.320000000000000034e-03,3.769999999999999914e-03,3.550000000000000204e-03,3.850000000000000124e-03,4.049999999999999781e-03,4.080000000000000293e-03,4.029999999999999728e-03,3.700000000000000164e-03,3.289999999999999956e-03,2.820000000000000024e-03,2.759999999999999867e-03,-3.629999999999999980e-03,-1.869999999999999917e-03,1.129999999999999928e-03,1.770000000000000089e-03,2.109999999999999896e-03,2.409999999999999816e-03,2.809999999999999998e-03,3.099999999999999891e-03,3.439999999999999915e-03,3.269999999999999903e-03,3.449999999999999942e-03,3.599999999999999901e-03,3.670000000000000085e-03,3.690000000000000138e-03,3.579999999999999849e-03,3.619999999999999954e-03,3.550000000000000204e-03,3.919999999999999873e-03
cl*c/cref,-1.507926777873056512e-01,2.768918035982979517e-02,4.118537319397479191e-02,3.644819308492566051e-02,3.307291869852928973e-02,3.021697638616984913e-02,2.775594321031598852e-02,2.598096241526040573e-02,3.321573711715501698e-02,7.150230556409467803e-04,1.202710692963580158e-02,1.036006342323685277e-02,8.864747601404373428e-03,7.807097990518873341e-03,6.601760140437168758e-03,5.339231373469024641e-03,4.185394251460190611e-03,2.902432410568382172e-03,1.287864724060381640e-03,-1.538609602472212068e-01,2.928364118141958336e-02,4.436959329849370082e-02,4.011250340576311135e-02,3.770745528823596371e-02,3.553768369278560713e-02,3.342504925817464667e-02,3.181370213729836638e-02,3.591253281990713225e-02,-1.548213079424660792e-02,1.564852862944326670e-02,1.351536051741712360e-02,1.090316549905350624e-02,7.824466395392108350e-03,6.735846069215462549e-03,6.034111419418512062e-03,5.003591623926093024e-03,3.573070202404258090e-03,2.148007952173702252e-03,-1.477462416878346993e-02,-2.465066501367159033e-02,-2.199394523274062971e-02,-2.149590114388337525e-02,-1.807728845438219198e-02,-1.675172177908651125e-02,-1.254884938599187816e-02,-1.026094808031452824e-02,-6.302842946591809617e-03,-1.314153827236397114e-02,-2.035862004303719622e-02,-1.820149707961881552e-02,-1.727968018185642440e-02,-1.481705069814098774e-02,-1.372673189120973518e-02,-1.131567809471419050e-02,-9.663258991699969630e-03,-6.029963790509166102e-03,-6.310872603426795867e-03,-2.484515831540116894e-04,1.694227644117980063e-03,2.168175821508890912e-03,2.386466354943615146e-03,2.610516446357208798e-03,2.848738500493471718e-03,2.927505492905334555e-03,3.056721148090022541e-03,2.634261167828887227e-03,2.600716828190981818e-03,2.466350858317019421e-03,2.213159221447409154e-03,1.917899736275826368e-03,1.514670102091996177e-03,1.127929660070865975e-03,7.791671817108095826e-04,5.789516074231073305e-04,-5.057056854401604899e-03,-2.445286634200009423e-03,1.397428640768844923e-03,2.063264088210073344e-03,2.309836701344508084e-03,2.467193974792499227e-03,2.677242537253062167e-03,2.733514165062209816e-03,2.789156697461452842e-03,2.426488456000129666e-03,2.330512482404905814e-03,2.192311874059572722e-03,1.990758417331370440e-03,1.756091818078858550e-03,1.465545666348471799e-03,1.241065461840892099e-03,9.808664876146716734e-04,8.222790946009351370e-04
cli,-1.518700000000000050e-01,1.237000000000000079e-02,1.966000000000000039e-02,1.870000000000000134e-02,1.833999999999999866e-02,1.822999999999999968e-02,1.836000000000000132e-02,1.901999999999999871e-02,2.722000000000000114e-02,9.499999999999999981e-04,1.085999999999999986e-02,1.008000000000000042e-02,9.350000000000000672e-03,8.989999999999999727e-03,8.370000000000000703e-03,7.530000000000000235e-03,6.649999999999999661e-03,5.279999999999999971e-03,2.739999999999999814e-03,-1.549500000000000044e-01,1.308999999999999921e-02,2.118000000000000091e-02,2.058000000000000107e-02,2.091000000000000150e-02,2.144000000000000072e-02,2.211000000000000118e-02,2.329000000000000167e-02,2.943000000000000130e-02,-2.057000000000000148e-02,1.413000000000000020e-02,1.315000000000000023e-02,1.149999999999999981e-02,9.010000000000000647e-03,8.540000000000000716e-03,8.510000000000000203e-03,7.950000000000000469e-03,6.499999999999999702e-03,4.570000000000000277e-03,-2.307000000000000023e-02,-4.095000000000000029e-02,-3.903000000000000219e-02,-4.093999999999999723e-02,-3.715000000000000246e-02,-3.737999999999999656e-02,-3.063000000000000098e-02,-2.764000000000000137e-02,-1.893999999999999850e-02,-2.052000000000000005e-02,-3.382000000000000284e-02,-3.230000000000000232e-02,-3.291000000000000175e-02,-3.045000000000000137e-02,-3.063000000000000098e-02,-2.761999999999999872e-02,-2.603000000000000105e-02,-1.812000000000000069e-02,-4.550000000000000225e-03,-1.900000000000000105e-04,1.369999999999999907e-03,1.860000000000000108e-03,2.180000000000000080e-03,2.550000000000000183e-03,2.990000000000000036e-03,3.320000000000000034e-03,3.769999999999999914e-03,3.550000000000000204e-03,3.850000000000000124e-03,4.049999999999999781e-03,4.080000000000000293e-03,4.029999999999999728e-03,3.700000000000000164e-03,3.289999999999999956e-03,2.820000000000000024e-03,2.759999999999999867e-03,-3.650000000000000033e-03,-1.869999999999999917e-03,1.129999999999999928e-03,1.770000000000000089e-03,2.109999999999999896e-03,2.409999999999999816e-03,2.809999999999999998e-03,3.099999999999999891e-03,3.439999999999999915e-03,3.269999999999999903e-03,3.449999999999999942e-03,3.599999999999999901e-03,3.670000000000000085e-03,3.690000000000000138e-03,3.579999999999999849e-03,3.619999999999999954e-03,3.550000000000000204e-03,3.919999999999999873e-03
cli*c/cref,-1.508026075040044267e-01,2.768918035982979517e-02,4.118537319397479191e-02,3.644819308492566051e-02,3.307291869852928973e-02,3.021697638616984913e-02,2.775594321031598852e-02,2.598096241526040573e-02,3.321573711715501698e-02,7.150230556409467803e-04,1.202710692963580158e-02,1.036006342323685277e-02,8.864747601404373428e-03,7.807097990518873341e-03,6.601760140437168758e-03,5.339231373469024641e-03,4.185394251460190611e-03,2.902432410568382172e-03,1.287864724060381640e-03,-1.538609602472212068e-01,2.928364118141958336e-02,4.436959329849370082e-02,4.011250340576311135e-02,3.770745528823596371e-02,3.553768369278560713e-02,3.342504925817464667e-02,3.181370213729836638e-02,3.591253281990713225e-02,-1.548213079424660792e-02,1.564852862944326670e-02,1.351536051741712360e-02,1.090316549905350624e-02,7.824466395392108350e-03,6.735846069215462549e-03,6.034111419418512062e-03,5.003591623926093024e-03,3.573070202404258090e-03,2.148007952173702252e-03,-1.477462416878346993e-02,-2.465066501367159033e-02,-2.199394523274062971e-02,-2.149590114388337525e-02,-1.807728845438219198e-02,-1.675172177908651125e-02,-1.254884938599187816e-02,-1.026094808031452824e-02,-6.302842946591809617e-03,-1.314153827236397114e-02,-2.035862004303719622e-02,-1.820149707961881552e-02,-1.727968018185642440e-02,-1.481705069814098774e-02,-1.372673189120973518e-02,-1.131567809471419050e-02,-9.663258991699969630e-03,-6.029963790509166102e-03,-6.338735175627356264e-03,-2.484515831540116894e-04,1.694227644117980063e-03,2.168175821508890912e-03,2.386466354943615146e-03,2.610516446357208798e-03,2.848738500493471718e-03,2.927505492905334555e-03,3.056721148090022541e-03,2.634261167828887227e-03,2.600716828190981818e-03,2.466350858317019421e-03,2.213159221447409154e-03,1.917899736275826368e-03,1.514670102091996177e-03,1.127929660070865975e-03,7.791671817108095826e-04,5.789516074231073305e-04,-5.084919426602164429e-03,-2.445286634200009423e-03,1.397428640768844923e-03,2.063264088210073344e-03,2.309836701344508084e-03,2.467193974792499227e-03,2.677242537253062167e-03,2.733514165062209816e-03,2.789156697461452842e-03,2.426488456000129666e-03,2.330512482404905814e-03,2.192311874059572722e-03,1.990758417331370440e-03,1.756091818078858550e-03,1.465545666348471799e-03,1.241065461840892099e-03,9.808664876146716734e-04,8.222790946009351370e-04
clo,0.000000000000000000e+00,0.000000000000000000e+00,0.000000000000000000e+00,0.000000000000000000e+00,0.000000000000000000e+00,0.000000000000000000e+00,0.000000000000000000e+00,0.000000000000000000e+00,0.000000000000000000e+00,0.000000000000000000e+00,0.000000000000000000e+00,0.000000000000000000e+00,0.000000000000000000e+00,0.000000000000000000e+00,0.000000000000000000e+00,0.000000000000000000e+00,0.000000000000000000e+00,0.000000000000000000e+00,0.000000000000000000e+00,0.000000000000000000e+00,0.000000000000000000e+00,0.000000000000000000e+00,0.000000000000000000e+00,0.000000000000000000e+00,0.000000000000000000e+00,0.000000000000000000e+00,0.000000000000000000e+00,0.000000000000000000e+00,0.000000000000000000e+00,0.000000000000000000e+00,0.000000000000000000e+00,0.000000000000000000e+00,0.000000000000000000e+00,0.000000000000000000e+00,0.000000000000000000e+00,0.000000000000000000e+00,0.000000000000000000e+00,0.000000000000000000e+00,0.000000000000000000e+00,0.000000000000000000e+00,0.000000000000000000e+00,0.000000000000000000e+00,0.000000000000000000e+00,0.000000000000000000e+00,0.000000000000000000e+00,0.000000000000000000e+00,0.000000000000000000e+00,0.000000000000000000e+00,0.000000000000000000e+00,0.000000000000000000e+00,0.000000000000000000e+00,0.000000000000000000e+00,0.000000000000000000e+00,0.000000000000000000e+00,0.000000000000000000e+00,0.000000000000000000e+00,2.000000000000000164e-05,0.000000000000000000e+00,0.000000000000000000e+00,0.000000000000000000e+00,0.000000000000000000e+00,0.000000000000000000e+00,0.000000000000000000e+00,0.000000000000000000e+00,0.000000000000000000e+00,0.000000000000000000e+00,0.000000000000000000e+00,0.000000000000000000e+00,0.000000000000000000e+00,0.000000000000000000e+00,0.000000000000000000e+00,0.000000000000000000e+00,0.000000000000000000e+00,0.000000000000000000e+00,2.000000000000000164e-05,0.000000000000000000e+00,0.000000000000000000e+00,0.000000000000000000e+00,0.000000000000000000e+00,0.000000000000000000e+00,0.000000000000000000e+00,0.000000000000000000e+00,0.000000000000000000e+00,0.000000000000000000e+00,0.000000000000000000e+00,0.000000000000000000e+00,0.000000000000000000e+00,0.000000000000000000e+00,0.000000000000000000e+00,0.000000000000000000e+00,0.000000000000000000e+00,0.000000000000000000e+00
clo*c/cref,0.000000000000000000e+00,0.000000000000000000e+00,0.000000000000000000e+00,0.000000000000000000e+00,0.000000000000000000e+00,0.000000000000000000e+00,0.000000000000000000e+00,0.000000000000000000e+00,0.000000000000000000e+00,0.000000000000000000e+00,0.000000000000000000e+00,0.000000000000000000e+00,0.000000000000000000e+00,0.000000000000000000e+00,0.000000000000000000e+00,0.000000000000000000e+00,0.000000000000000000e+00,0.000000000000000000e+00,0.000000000000000000e+00,0.000000000000000000e+00,0.000000000000000000e+00,0.000000000000000000e+00,0.000000000000000000e+00,0.000000000000000000e+00,0.000000000000000000e+00,0.000000000000000000e+00,0.000000000000000000e+00,0.000000000000000000e+00,0.000000000000000000e+00,0.000000000000000000e+00,0.000000000000000000e+00,0.000000000000000000e+00,0.000000000000000000e+00,0.000000000000000000e+00,0.000000000000000000e+00,0.000000000000000000e+00,0.000000000000000000e+00,0.000000000000000000e+00,0.000000000000000000e+00,0.000000000000000000e+00,0.000000000000000000e+00,0.000000000000000000e+00,0.000000000000000000e+00,0.000000000000000000e+00,0.000000000000000000e+00,0.000000000000000000e+00,0.000000000000000000e+00,0.000000000000000000e+00,0.000000000000000000e+00,0.000000000000000000e+00,0.000000000000000000e+00,0.000000000000000000e+00,0.000000000000000000e+00,0.000000000000000000e+00,0.000000000000000000e+00,0.000000000000000000e+00,2.786257220055980726e-05,0.000000000000000000e+00,0.000000000000000000e+00,0.000000000000000000e+00,0.000000000000000000e+00,0.000000000000000000e+00,0.000000000000000000e+00,0.000000000000000000e+00,0.000000000000000000e+00,0.000000000000000000e+00,0.000000000000000000e+00,0.000000000000000000e+00,0.000000000000000000e+00,0.000000000000000000e+00,0.000000000000000000e+00,0.000000000000000000e+00,0.000000000000000000e+00,0.000000000000000000e+00,2.786257220055980726e-05,0.000000000000000000e+00,0.000000000000000000e+00,0.000000000000000000e+00,0.000000000000000000e+00,0.000000000000000000e+00,0.000000000000000000e+00,0.000000000000000000e+00,0.000000000000000000e+00,0.000000000000000000e+00,0.000000000000000000e+00,0.000000000000000000e+00,0.000000000000000000e+00,0.000000000000000000e+00,0.000000000000000000e+00,0.000000000000000000e+00,0.000000000000000000e+00,0.000000000000000000e+00
cmx,1.660999999999999976e-02,-5.999999999999999474e-04,-1.760000000000000063e-03,-2.210000000000000159e-03,-2.769999999999999893e-03,-3.459999999999999968e-03,-4.320000000000000055e-03,-5.539999999999999786e-03,-9.870000000000000301e-03,-5.100000000000000366e-04,-5.100000000000000366e-03,-6.199999999999999782e-03,-7.340000000000000170e-03,-8.850000000000000228e-03,-1.025000000000000043e-02,-1.145000000000000011e-02,-1.255999999999999998e-02,-1.247999999999999977e-02,-8.229999999999999469e-03,-1.704999999999999918e-02,6.499999999999999702e-04,1.889999999999999970e-03,2.429999999999999868e-03,3.160000000000000048e-03,4.069999999999999833e-03,5.210000000000000221e-03,6.799999999999999621e-03,1.064000000000000015e-02,-1.260999999999999968e-02,6.649999999999999661e-03,8.099999999999999561e-03,9.029999999999999832e-03,8.880000000000000740e-03,1.044999999999999922e-02,1.293000000000000052e-02,1.501000000000000077e-02,1.536999999999999998e-02,1.371999999999999956e-02,-1.837000000000000091e-02,-3.826999999999999846e-02,-4.279000000000000165e-02,-5.263000000000000317e-02,-5.580000000000000238e-02,-6.571000000000000452e-02,-6.310999999999999943e-02,-6.704999999999999849e-02,-5.444000000000000228e-02,1.627999999999999933e-02,3.160000000000000309e-02,3.542000000000000010e-02,4.231000000000000039e-02,4.574000000000000288e-02,5.383999999999999897e-02,5.689999999999999919e-02,6.314999999999999780e-02,5.206999999999999823e-02,-1.440000000000000091e-03,2.400000000000000061e-04,1.199999999999999895e-03,1.940000000000000101e-03,2.769999999999999893e-03,3.820000000000000045e-03,5.170000000000000116e-03,6.790000000000000029e-03,8.930000000000000437e-03,1.200999999999999984e-02,1.691000000000000142e-02,2.273999999999999980e-02,2.939999999999999905e-02,3.751999999999999780e-02,4.555000000000000021e-02,5.442999999999999922e-02,6.378999999999999948e-02,7.792999999999999927e-02,1.139999999999999954e-03,3.499999999999999964e-04,-1.100000000000000066e-03,-1.850000000000000082e-03,-2.639999999999999986e-03,-3.599999999999999901e-03,-4.850000000000000144e-03,-6.349999999999999742e-03,-8.279999999999999166e-03,-1.106999999999999998e-02,-1.535000000000000080e-02,-2.063999999999999863e-02,-2.707000000000000031e-02,-3.515000000000000069e-02,-4.426999999999999685e-02,-5.945000000000000284e-02,-7.860000000000000320e-02,-9.951999999999999735e-02
cmx*c/cref,1.649325943663339233e-02,-1.343048360218098087e-03,-3.686991699969258910e-03,-4.307513728218487041e-03,-4.995200915753878965e-03,-5.735092610869319332e-03,-6.530810167133173361e-03,-7.567535845454397697e-03,-1.204406044622777401e-02,-3.838544825019819871e-04,-5.648088889607973118e-03,-6.372261232546475723e-03,-6.959063892439368640e-03,-7.685519156406232615e-03,-8.084592764573593493e-03,-8.118751557266976060e-03,-7.905045383209022974e-03,-6.860294788616176122e-03,-3.868294408400343044e-03,-1.693016697137864762e-02,1.454115108321064106e-03,3.959326314171533398e-03,4.736315999805847110e-03,5.698496351545941606e-03,6.746192753248014123e-03,7.876278002491628877e-03,9.288672156875434072e-03,1.298366799877036584e-02,-9.490990243823514694e-03,7.364664924684905835e-03,8.325050965101041256e-03,8.561355170126362310e-03,7.711571763716084695e-03,8.242340916077466398e-03,9.168162238904977931e-03,9.447032739010145785e-03,8.448936770915915079e-03,6.448724092740305315e-03,-1.176462271263772723e-02,-2.303738583817366639e-02,-2.411275727668386881e-02,-2.763383676606209760e-02,-2.715242788033718144e-02,-2.944771637516786431e-02,-2.585562797094180174e-02,-2.489133751031436664e-02,-1.811651372821848974e-02,1.042613270341546938e-02,1.902224699467697927e-02,1.995966026501852508e-02,2.221523149481450035e-02,2.225720521947352482e-02,2.412821563900529112e-02,2.331144401119614185e-02,2.344351922112382011e-02,1.732782641124791523e-02,-2.006105198440306069e-03,3.138335787208568423e-04,1.483995016745675915e-03,2.261430695552283775e-03,3.032344863850373363e-03,3.910656009837073198e-03,4.925745166405100239e-03,5.987277800249162993e-03,7.240456194282202454e-03,8.911965246654910897e-03,1.142288871810636514e-02,1.384810333780963493e-02,1.594776497807691776e-02,1.785597967867717101e-02,1.864681706764605845e-02,1.866055057679551210e-02,1.762520373096898574e-02,1.634699230669665188e-02,1.588166615431908790e-03,4.576739689679162329e-04,-1.360328765350203193e-03,-2.156518962253466641e-03,-2.890032650023460249e-03,-3.685434983092529711e-03,-4.620863453977705482e-03,-5.599295144562913516e-03,-6.713435306680472919e-03,-8.214442571229796722e-03,-1.036909176954066772e-02,-1.256925474460821729e-02,-1.468387748151504107e-02,-1.672808330771595464e-02,-1.812282308638180073e-02,-2.038158610675166668e-02,-2.171721293704596822e-02,-2.087582027925639558e-02
cmxi,1.661999999999999936e-02,-5.999999999999999474e-04,-1.760000000000000063e-03,-2.210000000000000159e-03,-2.769999999999999893e-03,-3.459999999999999968e-03,-4.320000000000000055e-03,-5.539999999999999786e-03,-9.870000000000000301e-03,-5.100000000000000366e-04,-5.100000000000000366e-03,-6.199999999999999782e-03,-7.340000000000000170e-03,-8.850000000000000228e-03,-1.025000000000000043e-02,-1.145000000000000011e-02,-1.255999999999999998e-02,-1.247999999999999977e-02,-8.229999999999999469e-03,-1.704999999999999918e-02,6.499999999999999702e-04,1.889999999999999970e-03,2.429999999999999868e-03,3.160000000000000048e-03,4.069999999999999833e-03,5.210000000000000221e-03,6.799999999999999621e-03,1.064000000000000015e-02,-1.260999999999999968e-02,6.649999999999999661e-03,8.099999999999999561e-03,9.029999999999999832e-03,8.880000000000000740e-03,1.044999999999999922e-02,1.293000000000000052e-02,1.501000000000000077e-02,1.536999999999999998e-02,1.371999999999999956e-02,-1.837000000000000091e-02,-3.826999999999999846e-02,-4.279000000000000165e-02,-5.263000000000000317e-02,-5.580000000000000238e-02,-6.571000000000000452e-02,-6.310999999999999943e-02,-6.704999999999999849e-02,-5.444000000000000228e-02,1.627999999999999933e-02,3.160000000000000309e-02,3.542000000000000010e-02,4.231000000000000039e-02,4.574000000000000288e-02,5.383999999999999897e-02,5.689999999999999919e-02,6.314999999999999780e-02,5.206999999999999823e-02,-1.440000000000000091e-03,2.400000000000000061e-04,1.199999999999999895e-03,1.940000000000000101e-03,2.769999999999999893e-03,3.820000000000000045e-03,5.170000000000000116e-03,6.790000000000000029e-03,8.930000000000000437e-03,1.200999999999999984e-02,1.691000000000000142e-02,2.273999999999999980e-02,2.939999999999999905e-02,3.751999999999999780e-02,4.555000000000000021e-02,5.442999999999999922e-02,6.378999999999999948e-02,7.792999999999999927e-02,1.139999999999999954e-03,3.499999999999999964e-04,-1.100000000000000066e-03,-1.850000000000000082e-03,-2.639999999999999986e-03,-3.599999999999999901e-03,-4.850000000000000144e-03,-6.349999999999999742e-03,-8.279999999999999166e-03,-1.106999999999999998e-02,-1.535000000000000080e-02,-2.063999999999999863e-02,-2.707000000000000031e-02,-3.515000000000000069e-02,-4.426999999999999685e-02,-5.945000000000000284e-02,-7.860000000000000320e-02,-9.951999999999999735e-02
cmxi*c/cref,1.650318915333214703e-02,-1.343048360218098087e-03,-3.686991699969258910e-03,-4.307513728218487041e-03,-4.995200915753878965e-03,-5.735092610869319332e-03,-6.530810167133173361e-03,-7.567535845454397697e-03,-1.204406044622777401e-02,-3.838544825019819871e-04,-5.648088889607973118e-03,-6.372261232546475723e-03,-6.959063892439368640e-03,-7.685519156406232615e-03,-8.084592764573593493e-03,-8.118751557266976060e-03,-7.905045383209022974e-03,-6.860294788616176122e-03,-3.868294408400343044e-03,-1.693016697137864762e-02,1.454115108321064106e-03,3.959326314171533398e-03,4.736315999805847110e-03,5.698496351545941606e-03,6.746192753248014123e-03,7.876278002491628877e-03,9.288672156875434072e-03,1.298366799877036584e-02,-9.490990243823514694e-03,7.364664924684905835e-03,8.325050965101041256e-03,8.561355170126362310e-03,7.711571763716084695e-03,8.242340916077466398e-03,9.168162238904977931e-03,9.447032739010145785e-03,8.448936770915915079e-03,6.448724092740305315e-03,-1.176462271263772723e-02,-2.303738583817366639e-02,-2.411275727668386881e-02,-2.763383676606209760e-02,-2.715242788033718144e-02,-2.944771637516786431e-02,-2.585562797094180174e-02,-2.489133751031436664e-02,-1.811651372821848974e-02,1.042613270341546938e-02,1.902224699467697927e-02,1.995966026501852508e-02,2.221523149481450035e-02,2.225720521947352482e-02,2.412821563900529112e-02,2.331144401119614185e-02,2.344351922112382011e-02,1.732782641124791523e-02,-2.006105198440306069e-03,3.138335787208568423e-04,1.483995016745675915e-03,2.261430695552283775e-03,3.032344863850373363e-03,3.910656009837073198e-03,4.925745166405100239e-03,5.987277800249162993e-03,7.240456194282202454e-03,8.911965246654910897e-03,1.142288871810636514e-02,1.384810333780963493e-02,1.594776497807691776e-02,1.785597967867717101e-02,1.864681706764605845e-02,1.866055057679551210e-02,1.762520373096898574e-02,1.634699230669665188e-02,1.588166615431908790e-03,4.576739689679162329e-04,-1.360328765350203193e-03,-2.156518962253466641e-03,-2.890032650023460249e-03,-3.685434983092529711e-03,-4.620863453977705482e-03,-5.599295144562913516e-03,-6.713435306680472919e-03,-8.214442571229796722e-03,-1.036909176954066772e-02,-1.256925474460821729e-02,-1.468387748151504107e-02,-1.672808330771595464e-02,-1.812282308638180073e-02,-2.038158610675166668e-02,-2.171721293704596822e-02,-2.087582027925639558e-02
cmxo,-0.000000000000000000e+00,-0.000000000000000000e+00,-0.000000000000000000e+00,-0.000000000000000000e+00,-0.000000000000000000e+00,-0.000000000000000000e+00,-0.000000000000000000e+00,-0.000000000000000000e+00,-0.000000000000000000e+00,-0.000000000000000000e+00,-0.000000000000000000e+00,-0.000000000000000000e+00,0.000000000000000000e+00,0.000000000000000000e+00,0.000000000000000000e+00,0.000000000000000000e+00,0.000000000000000000e+00,0.000000000000000000e+00,0.000000000000000000e+00,0.000000000000000000e+00,0.000000000000000000e+00,0.000000000000000000e+00,0.000000000000000000e+00,0.000000000000000000e+00,0.000000000000000000e+00,0.000000000000000000e+00,0.000000000000000000e+00,0.000000000000000000e+00,0.000000000000000000e+00,0.000000000000000000e+00,0.000000000000000000e+00,0.000000000000000000e+00,0.000000000000000000e+00,0.000000000000000000e+00,0.000000000000000000e+00,0.000000000000000000e+00,0.000000000000000000e+00,0.000000000000000000e+00,0.000000000000000000e+00,0.000000000000000000e+00,0.000000000000000000e+00,0.000000000000000000e+00,0.000000000000000000e+00,0.000000000000000000e+00,0.000000000000000000e+00,0.000000000000000000e+00,0.000000000000000000e+00,-0.000000000000000000e+00,-0.000000000000000000e+00,0.000000000000000000e+00,0.000000000000000000e+00,0.000000000000000000e+00,0.000000000000000000e+00,0.000000000000000000e+00,0.000000000000000000e+00,0.000000000000000000e+00,1.000000000000000082e-05,0.000000000000000000e+00,0.000000000000000000e+00,0.000000000000000000e+00,0.000000000000000000e+00,0.000000000000000000e+00,0.000000000000000000e+00,0.000000000000000000e+00,0.000000000000000000e+00,0.000000000000000000e+00,0.000000000000000000e+00,0.000000000000000000e+00,0.000000000000000000e+00,0.000000000000000000e+00,0.000000000000000000e+00,0.000000000000000000e+00,0.000000000000000000e+00,0.000000000000000000e+00,-1.000000000000000082e-05,-0.000000000000000000e+00,-0.000000000000000000e+00,-0.000000000000000000e+00,-0.000000000000000000e+00,-0.000000000000000000e+00,-0.000000000000000000e+00,-0.000000000000000000e+00,-0.000000000000000000e+00,-0.000000000000000000e+00,-0.000000000000000000e+00,-0.000000000000000000e+00,-0.000000000000000000e+00,-0.000000000000000000e+00,-0.000000000000000000e+00,-0.000000000000000000e+00,-0.000000000000000000e+00,-0.000000000000000000e+00
cmxo*c/cref,-0.000000000000000000e+00,-0.000000000000000000e+00,-0.000000000000000000e+00,-0.000000000000000000e+00,-0.000000000000000000e+00,-0.000000000000000000e+00,-0.000000000000000000e+00,-0.000000000000000000e+00,-0.000000000000000000e+00,-0.000000000000000000e+00,-0.000000000000000000e+00,-0.000000000000000000e+00,0.000000000000000000e+00,0.000000000000000000e+00,0.000000000000000000e+00,0.000000000000000000e+00,0.000000000000000000e+00,0.000000000000000000e+00,0.000000000000000000e+00,0.000000000000000000e+00,0.000000000000000000e+00,0.000000000000000000e+00,0.000000000000000000e+00,0.000000000000000000e+00,0.000000000000000000e+00,0.000000000000000000e+00,0.000000000000000000e+00,0.000000000000000000e+00,0.000000000000000000e+00,0.000000000000000000e+00,0.000000000000000000e+00,0.000000000000000000e+00,0.000000000000000000e+00,0.000000000000000000e+00,0.000000000000000000e+00,0.000000000000000000e+00,0.000000000000000000e+00,0.000000000000000000e+00,0.000000000000000000e+00,0.000000000000000000e+00,0.000000000000000000e+00,0.000000000000000000e+00,0.000000000000000000e+00,0.000000000000000000e+00,0.000000000000000000e+00,0.000000000000000000e+00,0.000000000000000000e+00,-0.000000000000000000e+00,-0.000000000000000000e+00,0.000000000000000000e+00,0.000000000000000000e+00,0.000000000000000000e+00,0.000000000000000000e+00,0.000000000000000000e+00,0.000000000000000000e+00,0.000000000000000000e+00,1.393128610027990363e-05,0.000000000000000000e+00,0.000000000000000000e+00,0.000000000000000000e+00,0.000000000000000000e+00,0.000000000000000000e+00,0.000000000000000000e+00,0.000000000000000000e+00,0.000000000000000000e+00,0.000000000000000000e+00,0.000000000000000000e+00,0.000000000000000000e+00,0.000000000000000000e+00,0.000000000000000000e+00,0.000000000000000000e+00,0.000000000000000000e+00,0.000000000000000000e+00,0.000000000000000000e+00,-1.393128610027990363e-05,-0.000000000000000000e+00,-0.000000000000000000e+00,-0.000000000000000000e+00,-0.000000000000000000e+00,-0.000000000000000000e+00,-0.000000000000000000e+00,-0.000000000000000000e+00,-0.000000000000000000e+00,-0.000000000000000000e+00,-0.000000000000000000e+00,-0.000000000000000000e+00,-0.000000000000000000e+00,-0.000000000000000000e+00,-0.000000000000000000e+00,-0.000000000000000000e+00,-0.000000000000000000e+00,-0.000000000000000000e+00
cmy,2.149000000000000077e-01,9.870000000000000301e-03,6.459999999999999597e-03,6.790000000000000029e-03,6.270000000000000399e-03,4.530000000000000172e-03,1.619999999999999912e-03,-2.279999999999999909e-03,-1.103999999999999947e-02,-1.498000000000000026e-02,1.430000000000000064e-03,-2.000000000000000042e-03,-5.080000000000000314e-03,-7.839999999999999747e-03,-1.004999999999999991e-02,-1.165000000000000063e-02,-1.320999999999999952e-02,-1.288000000000000082e-02,-8.449999999999999178e-03,2.205699999999999883e-01,9.129999999999999227e-03,5.640000000000000048e-03,5.680000000000000153e-03,4.640000000000000027e-03,2.269999999999999882e-03,-1.330000000000000019e-03,-6.040000000000000230e-03,-1.225000000000000047e-02,3.289999999999999869e-02,-1.750000000000000036e-03,-5.510000000000000141e-03,-7.749999999999999944e-03,-7.270000000000000420e-03,-9.809999999999999276e-03,-1.323000000000000044e-02,-1.550999999999999948e-02,-1.564000000000000112e-02,-1.391000000000000049e-02,7.699000000000000288e-02,1.511099999999999943e-01,1.564399999999999957e-01,1.771099999999999897e-01,1.774799999999999989e-01,1.952800000000000091e-01,1.804600000000000093e-01,1.831800000000000095e-01,1.429700000000000137e-01,6.844999999999999696e-02,1.245399999999999979e-01,1.289500000000000091e-01,1.419900000000000051e-01,1.454199999999999937e-01,1.615900000000000114e-01,1.638699999999999879e-01,1.746699999999999919e-01,1.373000000000000054e-01,8.250000000000000389e-03,1.039999999999999909e-03,-1.180000000000000059e-03,-1.920000000000000049e-03,-2.510000000000000078e-03,-3.220000000000000206e-03,-4.179999999999999688e-03,-5.109999999999999959e-03,-6.490000000000000109e-03,-6.629999999999999609e-03,-7.870000000000000259e-03,-9.150000000000000147e-03,-1.013000000000000012e-02,-1.098999999999999977e-02,-1.067000000000000066e-02,-9.480000000000000579e-03,-7.150000000000000105e-03,-6.949999999999999581e-03,5.130000000000000011e-03,3.030000000000000141e-03,-8.499999999999999526e-04,-1.850000000000000082e-03,-2.459999999999999947e-03,-3.069999999999999812e-03,-3.950000000000000386e-03,-4.810000000000000039e-03,-5.919999999999999915e-03,-6.089999999999999927e-03,-6.899999999999999883e-03,-7.870000000000000259e-03,-8.779999999999999610e-03,-9.660000000000000184e-03,-1.013000000000000012e-02,-1.166999999999999982e-02,-1.293000000000000052e-02,-1.939000000000000098e-02
cmy*c/cref,2.133896118562622624e-01,2.209314552558771724e-02,1.353293544420534726e-02,1.323439738217354125e-02,1.130682662158008153e-02,7.508661713074571420e-03,2.449053812674939577e-03,-3.114437134952351659e-03,-1.347177581827301018e-02,-1.127478460368566693e-02,1.583679825909686508e-03,-2.055568139531121271e-03,-4.816354846538418479e-03,-6.808414710307893712e-03,-7.926844613069717119e-03,-8.260563811542382187e-03,-8.314144069441973747e-03,-7.080176031841053756e-03,-3.971699605222709165e-03,2.190197612244567660e-01,2.042472452149432863e-02,1.181513249308330758e-02,1.107089501189185803e-02,8.367412364295306881e-03,3.762618562622356382e-03,-2.010642944973870406e-03,-8.250526445224651631e-03,-1.494830197226851287e-02,2.476237740061805123e-02,-1.938069717022343789e-03,-5.663090224408239351e-03,-7.347785445014319572e-03,-6.313415171420713734e-03,-7.737546831265066857e-03,-9.380880620318086255e-03,-9.761724036112414543e-03,-8.597356610092707699e-03,-6.538028580905076194e-03,4.930638555503422116e-02,9.096366276473537293e-02,8.815610536023427146e-02,9.299313755723460917e-02,8.636223835487889799e-02,8.751407782290032689e-02,7.393292067241574728e-02,6.800291133690358758e-02,4.757747920138496317e-02,4.383714886663322291e-02,7.496932407332501658e-02,7.266510985810668843e-02,7.455307775818272031e-02,7.076175738993964459e-02,7.241601718251979014e-02,6.713613936932709414e-02,6.484369758279806550e-02,4.569061967091106458e-02,1.149331103273091952e-02,1.359945507790379614e-03,-1.459261766466581501e-03,-2.238116977041435668e-03,-2.747720436196547569e-03,-3.296416845988318824e-03,-3.982517368582846190e-03,-4.505889478538029416e-03,-5.262100862361869004e-03,-4.919760997945216499e-03,-5.316270503341045603e-03,-5.572126013234747662e-03,-5.494927184623101674e-03,-5.230203002896112278e-03,-4.367981078195026790e-03,-3.250083032666203475e-03,-1.975547996181662574e-03,-1.457867272315433501e-03,7.146749769443590423e-03,3.962148931350818054e-03,-1.051163136861520521e-03,-2.156518962253466641e-03,-2.692984969340042525e-03,-3.142857055026129689e-03,-3.763383637775656858e-03,-4.241355849661041649e-03,-4.799944084003430513e-03,-4.519056482275470889e-03,-4.661024964809811627e-03,-4.792637346902455311e-03,-4.762631853997120225e-03,-4.597248499360913690e-03,-4.146921117349167303e-03,-4.000893353503649254e-03,-3.572564418269775881e-03,-4.067344807222482948e-03
cmyi,2.147399999999999864e-01,9.799999999999999684e-03,6.400000000000000307e-03,6.729999999999999871e-03,6.199999999999999782e-03,4.470000000000000015e-03,1.559999999999999972e-03,-2.340000000000000066e-03,-1.110000000000000049e-02,-1.507000000000000006e-02,1.389999999999999960e-03,-2.030000000000000120e-03,-5.069999999999999854e-03,-7.790000000000000049e-03,-9.960000000000000103e-03,-1.149999999999999981e-02,-1.299999999999999940e-02,-1.256999999999999958e-02,-8.009999999999999759e-03,2.204099999999999948e-01,9.069999999999999937e-03,5.570000000000000298e-03,5.619999999999999996e-03,4.579999999999999870e-03,2.210000000000000159e-03,-1.389999999999999960e-03,-6.100000000000000387e-03,-1.230000000000000017e-02,3.280999999999999889e-02,-1.799999999999999951e-03,-5.530000000000000193e-03,-7.740000000000000352e-03,-7.219999999999999855e-03,-9.719999999999999474e-03,-1.307999999999999961e-02,-1.529999999999999936e-02,-1.532999999999999988e-02,-1.345999999999999974e-02,7.695000000000000451e-02,1.511000000000000121e-01,1.564500000000000057e-01,1.771699999999999942e-01,1.775799999999999879e-01,1.954400000000000026e-01,1.806800000000000073e-01,1.834800000000000042e-01,1.433800000000000074e-01,6.840000000000000246e-02,1.245200000000000057e-01,1.289599999999999913e-01,1.420500000000000096e-01,1.455200000000000105e-01,1.617500000000000049e-01,1.640900000000000136e-01,1.749799999999999967e-01,1.377099999999999991e-01,8.240000000000000796e-03,9.100000000000000016e-04,-1.399999999999999986e-03,-2.259999999999999856e-03,-2.980000000000000010e-03,-3.840000000000000097e-03,-4.969999999999999592e-03,-6.109999999999999980e-03,-7.729999999999999892e-03,-8.300000000000000086e-03,-1.024000000000000084e-02,-1.237000000000000079e-02,-1.444999999999999930e-02,-1.672999999999999834e-02,-1.836000000000000132e-02,-1.995999999999999858e-02,-2.190999999999999892e-02,-2.898999999999999841e-02,5.120000000000000419e-03,2.899999999999999800e-03,-1.080000000000000014e-03,-2.190000000000000106e-03,-2.929999999999999879e-03,-3.690000000000000138e-03,-4.740000000000000289e-03,-5.810000000000000060e-03,-7.159999999999999698e-03,-7.760000000000000404e-03,-9.259999999999999135e-03,-1.108999999999999916e-02,-1.308999999999999921e-02,-1.540000000000000049e-02,-1.781999999999999904e-02,-2.215999999999999914e-02,-2.768999999999999934e-02,-4.143000000000000155e-02
cmyi*c/cref,2.132307363890821317e-01,2.193645655022893881e-02,1.340724254534276030e-02,1.311745130810426131e-02,1.118059410746355571e-02,7.409209240053715555e-03,2.358348115909201202e-03,-3.196396006924782148e-03,-1.354499199119840909e-02,-1.134252363000954646e-02,1.539381089520604293e-03,-2.086401661624088296e-03,-4.806873833060981011e-03,-6.764993698124808358e-03,-7.855857944892973704e-03,-8.154204620835827158e-03,-8.181973724659020661e-03,-6.909768068341773373e-03,-3.764889211577976923e-03,2.188608857572766908e-01,2.029049851149546460e-02,1.166849077774362135e-02,1.095394893782257809e-02,8.259213066481143131e-03,3.663166089601501817e-03,-2.101348641739608780e-03,-8.332485317197081687e-03,-1.500931544970634385e-02,2.469463837429417344e-02,-1.993443137508696394e-03,-5.683645905803550412e-03,-7.338304431536882104e-03,-6.269994159237626645e-03,-7.666560163088323443e-03,-9.274521429611531226e-03,-9.629553691329461457e-03,-8.426948646593428183e-03,-6.326517951041144526e-03,4.928076852136489133e-02,9.095764306631935747e-02,8.816174049864901330e-02,9.302464107625349476e-02,8.641089861989742493e-02,8.758578128690926168e-02,7.402305279337292876e-02,6.811428197453363309e-02,4.771391877942628146e-02,4.380512757454656930e-02,7.495728467649295790e-02,7.267074499652141639e-02,7.458458127720160591e-02,7.081041765495818541e-02,7.248772064652871105e-02,6.722627149028427562e-02,6.495878057501577874e-02,4.582705924895238286e-02,1.147937974663064062e-02,1.189952319316582270e-03,-1.731327519536622010e-03,-2.634450191725856098e-03,-3.262233824647694114e-03,-3.931130648632032328e-03,-4.735194096137977648e-03,-5.387668241461323129e-03,-6.267494555632857622e-03,-6.158976814923876678e-03,-6.917231252123546247e-03,-7.533027189476921431e-03,-7.838272242626240574e-03,-7.961901386574335437e-03,-7.516038668759202589e-03,-6.843001828271879500e-03,-6.053742181306324965e-03,-6.081089528694160092e-03,7.132818483343310659e-03,3.792155742877020060e-03,-1.335595515071108562e-03,-2.552852176937887504e-03,-3.207498357791189070e-03,-3.777570857669843192e-03,-4.516060365330787883e-03,-5.123134612584335362e-03,-5.805337777274419131e-03,-5.758272299254130200e-03,-6.255230604947659319e-03,-6.753538523144628214e-03,-7.100552502143770567e-03,-7.328946883039138584e-03,-7.294978707913342235e-03,-7.597240506738719458e-03,-7.650758603394438272e-03,-8.690567063601210840e-03
cmyo,1.600000000000000131e-04,6.000000000000000152e-05,6.000000000000000152e-05,6.000000000000000152e-05,6.000000000000000152e-05,6.000000000000000152e-05,6.000000000000000152e-05,6.000000000000000152e-05,6.000000000000000152e-05,9.000000000000000567e-05,5.000000000000000240e-05,2.000000000000000164e-05,-1.000000000000000082e-05,-4.000000000000000327e-05,-9.000000000000000567e-05,-1.399999999999999877e-04,-2.200000000000000078e-04,-3.099999999999999999e-04,-4.400000000000000157e-04,1.600000000000000131e-04,6.000000000000000152e-05,6.000000000000000152e-05,6.000000000000000152e-05,6.000000000000000152e-05,6.000000000000000152e-05,6.000000000000000152e-05,6.000000000000000152e-05,6.000000000000000152e-05,9.000000000000000567e-05,5.000000000000000240e-05,2.000000000000000164e-05,-1.000000000000000082e-05,-4.000000000000000327e-05,-9.000000000000000567e-05,-1.399999999999999877e-04,-2.200000000000000078e-04,-3.099999999999999999e-04,-4.400000000000000157e-04,4.000000000000000327e-05,1.000000000000000082e-05,-2.000000000000000164e-05,-6.000000000000000152e-05,-1.000000000000000048e-04,-1.600000000000000131e-04,-2.200000000000000078e-04,-2.999999999999999737e-04,-4.099999999999999912e-04,4.000000000000000327e-05,1.000000000000000082e-05,-2.000000000000000164e-05,-6.000000000000000152e-05,-1.000000000000000048e-04,-1.600000000000000131e-04,-2.200000000000000078e-04,-2.999999999999999737e-04,-4.099999999999999912e-04,1.000000000000000082e-05,1.299999999999999886e-04,2.300000000000000070e-04,3.400000000000000244e-04,4.699999999999999859e-04,6.199999999999999999e-04,7.900000000000000121e-04,1.000000000000000021e-03,1.240000000000000000e-03,1.680000000000000070e-03,2.370000000000000145e-03,3.220000000000000206e-03,4.320000000000000055e-03,5.749999999999999903e-03,7.689999999999999787e-03,1.047999999999999973e-02,1.474999999999999922e-02,2.204000000000000056e-02,1.000000000000000082e-05,1.299999999999999886e-04,2.300000000000000070e-04,3.400000000000000244e-04,4.699999999999999859e-04,6.199999999999999999e-04,7.900000000000000121e-04,1.000000000000000021e-03,1.240000000000000000e-03,1.680000000000000070e-03,2.370000000000000145e-03,3.220000000000000206e-03,4.320000000000000055e-03,5.749999999999999903e-03,7.689999999999999787e-03,1.047999999999999973e-02,1.476000000000000055e-02,2.205000000000000016e-02
cmyo*c/cref,1.588754671800928961e-04,1.343048360218098249e-04,1.256928988625883670e-04,1.169460740692801975e-04,1.081992978141634520e-04,9.945247302085524180e-05,9.070569676573852342e-05,8.195887197243031323e-05,7.321617292539680567e-05,6.773902632387917579e-05,5.537342048635267988e-05,2.055568139531121678e-05,-9.481013477437832198e-06,-3.473680974646885266e-05,-7.098666817674373960e-05,-9.926857799278397730e-05,-1.384641707249988161e-04,-1.704079634992800040e-04,-2.068103936447328111e-04,1.588754671800928961e-04,1.342260099988674688e-04,1.256928988625883670e-04,1.169460740692801975e-04,1.081992978141634520e-04,9.945247302085524180e-05,9.070569676573852342e-05,8.195887197243031323e-05,7.321617292539680567e-05,6.773902632387917579e-05,5.537342048635267988e-05,2.055568139531121678e-05,-9.481013477437832198e-06,-3.473680974646885266e-05,-7.098666817674373960e-05,-9.926857799278397730e-05,-1.384641707249988161e-04,-1.704079634992800040e-04,-2.068103936447328111e-04,2.561703366932548148e-05,6.019698416037019061e-06,-1.127027682948533381e-05,-3.150351901888135320e-05,-4.866026501852541343e-05,-7.170346400893103783e-05,-9.013212095717313462e-05,-1.113706376300418918e-04,-1.364395780413221911e-04,2.561703366932548148e-05,6.019698416037019061e-06,-1.127027682948533381e-05,-3.150351901888135320e-05,-4.866026501852541343e-05,-7.170346400893103783e-05,-9.013212095717313462e-05,-1.113706376300418918e-04,-1.364395780413221911e-04,1.393128610027990363e-05,1.699931884737974517e-04,2.844323782095879325e-04,3.963332146844209176e-04,5.145133884511463290e-04,6.347138026437135032e-04,7.526767275551313500e-04,8.817787629232934962e-04,1.005393693270988835e-03,1.246636270972543634e-03,1.600960748782500427e-03,1.960901176242173770e-03,2.343345058003138900e-03,2.736457440095782165e-03,3.148057590564175365e-03,3.592918795605676025e-03,4.075431180934198198e-03,4.623222256378727024e-03,1.393128610027990363e-05,1.699931884737974517e-04,2.844323782095879325e-04,3.963332146844209176e-04,5.145133884511463290e-04,6.347138026437135032e-04,7.526767275551313500e-04,8.817787629232934962e-04,1.005393693270988835e-03,1.246636270972543634e-03,1.600960748782500427e-03,1.960901176242173770e-03,2.343345058003138900e-03,2.736457440095782165e-03,3.148057590564175365e-03,3.592918795605676025e-03,4.078194185124662391e-03,4.625319907130259929e-03
cmz,-7.312000000000000444e-02,-2.170000000000000054e-03,8.000000000000000383e-04,8.599999999999999789e-04,1.030000000000000100e-03,1.129999999999999928e-03,8.099999999999999561e-04,1.100000000000000039e-04,-1.490000000000000005e-03,6.300000000000000261e-04,1.750000000000000036e-03,2.749999999999999840e-03,3.569999999999999823e-03,4.570000000000000277e-03,5.859999999999999758e-03,7.450000000000000025e-03,9.509999999999999357e-03,1.242000000000000048e-02,1.651000000000000037e-02,7.888000000000000567e-02,2.190000000000000106e-03,-7.600000000000000418e-04,-7.799999999999999859e-04,-9.399999999999999719e-04,-1.010000000000000047e-03,-6.499999999999999702e-04,1.399999999999999877e-04,1.420000000000000038e-03,-5.590000000000000351e-03,-1.510000000000000057e-03,-2.530000000000000131e-03,-3.399999999999999811e-03,-4.559999999999999817e-03,-5.859999999999999758e-03,-7.340000000000000170e-03,-9.329999999999999752e-03,-1.221999999999999996e-02,-1.600999999999999993e-02,-4.660000000000000253e-02,-1.406999999999999917e-02,-1.536000000000000039e-02,-1.677000000000000018e-02,-1.917999999999999913e-02,-1.969999999999999876e-02,-2.399000000000000091e-02,-2.460999999999999993e-02,-1.691000000000000142e-02,3.486000000000000210e-02,1.225000000000000047e-02,1.358000000000000006e-02,1.491999999999999924e-02,1.689999999999999836e-02,1.833999999999999866e-02,2.087999999999999926e-02,2.357000000000000067e-02,1.651999999999999996e-02,-3.559999999999999797e-03,-1.371999999999999956e-02,-1.964000000000000121e-02,-2.498999999999999833e-02,-3.037000000000000116e-02,-3.658000000000000140e-02,-4.376000000000000029e-02,-5.235000000000000070e-02,-6.271999999999999797e-02,-7.566000000000000503e-02,-8.908000000000000640e-02,-1.041500000000000065e-01,-1.201099999999999945e-01,-1.394199999999999884e-01,-1.567000000000000060e-01,-1.747199999999999864e-01,-1.946700000000000097e-01,-2.249700000000000033e-01,9.239999999999999949e-03,1.519999999999999997e-02,2.006000000000000144e-02,2.441000000000000114e-02,2.932999999999999843e-02,3.500999999999999945e-02,4.168999999999999789e-02,4.968999999999999806e-02,5.949999999999999734e-02,7.087999999999999856e-02,8.229000000000000203e-02,9.625999999999999834e-02,1.125700000000000034e-01,1.323799999999999977e-01,1.534500000000000031e-01,1.918499999999999928e-01,2.379699999999999871e-01,2.783700000000000063e-01
cmz*c/cref,-7.260608850130245706e-02,-4.857358236122122710e-03,1.675905318167845038e-03,1.676227061659682754e-03,1.857421279143139318e-03,1.873021575226106869e-03,1.224526906337469788e-03,1.502579319494555630e-04,-1.818201627647353770e-03,4.741731842671542576e-04,1.938069717022343789e-03,2.826406191855291693e-03,3.384721811445305737e-03,3.968680513534066437e-03,4.622020839063536654e-03,5.282506471758862190e-03,5.985428470885174705e-03,6.827312602132444910e-03,7.760089997896678880e-03,7.832560531978580154e-02,4.899249364958662735e-03,-1.592110052259452721e-03,-1.520298962900642472e-03,-1.695122332421893909e-03,-1.674116629184396656e-03,-9.826450482955005009e-04,1.912373679356706992e-04,1.732782759234391054e-03,-4.207346190560940120e-03,-1.672277298687850937e-03,-2.600293696506868722e-03,-3.223544582328862710e-03,-3.959996311097448499e-03,-4.622020839063536654e-03,-5.204509731907389254e-03,-5.872139603928358022e-03,-6.717371980520005226e-03,-7.525078186936755287e-03,-2.984384422476418428e-02,-8.469715671364083306e-03,-8.655572605044735066e-03,-8.805233565777339025e-03,-9.333038830553173210e-03,-8.828489006099633080e-03,-9.828498098920834813e-03,-9.136104640251104664e-03,-5.627300645557947387e-03,2.232524484281715738e-02,7.374130559645347867e-03,7.652517967220540812e-03,7.833875062695162123e-03,8.223584788130794063e-03,8.219009562023718574e-03,8.554357661753523787e-03,8.750019763133626977e-03,5.497516656689372186e-03,-4.959537851699644811e-03,-1.794081958354231537e-02,-2.428805177407089913e-02,-2.913049127930493129e-02,-3.324632256864109431e-02,-3.744811435597909799e-02,-4.169257417444626607e-02,-4.616111823903441824e-02,-5.085346164673904684e-02,-5.614315491772777639e-02,-6.017450780655913406e-02,-6.342480046758458556e-02,-6.515258678628634004e-02,-6.635076457359198598e-02,-6.414832567508534089e-02,-5.990026450078470704e-02,-5.378740257576003492e-02,-4.719084895723785200e-02,1.287250835665862923e-02,1.987612665232093428e-02,2.480745002993188508e-02,2.845439344249033400e-02,3.210782485802578939e-02,3.584085521057485402e-02,3.972037059718155211e-02,4.381558672965845530e-02,4.824268124969664090e-02,5.259617790865112746e-02,5.558778903684048756e-02,5.861998361027068866e-02,6.106258175449383319e-02,6.300038885563123692e-02,6.281787220703156926e-02,6.577304111993788338e-02,6.575121072046856419e-02,5.839230397042406012e-02
cmzi,-7.380000000000000449e-02,-2.469999999999999973e-03,3.699999999999999947e-04,2.900000000000000017e-04,2.999999999999999737e-04,2.000000000000000096e-04,-3.699999999999999947e-04,-1.360000000000000098e-03,-3.340000000000000087e-03,-2.670000000000000064e-03,-6.599999999999999964e-04,-4.299999999999999894e-04,-5.199999999999999544e-04,-6.199999999999999999e-04,-6.700000000000000226e-04,-7.500000000000000156e-04,-8.400000000000000348e-04,-7.600000000000000418e-04,-5.599999999999999509e-04,7.956000000000000572e-02,2.500000000000000052e-03,-3.400000000000000244e-04,-2.200000000000000078e-04,-2.100000000000000087e-04,-8.000000000000000654e-05,5.199999999999999544e-04,1.610000000000000103e-03,3.269999999999999903e-03,-2.279999999999999909e-03,8.999999999999999754e-04,6.499999999999999702e-04,6.899999999999999667e-04,6.199999999999999999e-04,6.700000000000000226e-04,8.700000000000000051e-04,1.020000000000000073e-03,9.600000000000000243e-04,1.059999999999999961e-03,-4.227000000000000202e-02,-8.909999999999999518e-03,-9.239999999999999949e-03,-9.539999999999999869e-03,-1.064999999999999974e-02,-9.620000000000000079e-03,-1.204000000000000035e-02,-1.037000000000000074e-02,2.100000000000000087e-04,3.053000000000000158e-02,7.089999999999999948e-03,7.459999999999999618e-03,7.689999999999999787e-03,8.370000000000000703e-03,8.269999999999999574e-03,8.930000000000000437e-03,9.329999999999999752e-03,-6.099999999999999737e-04,-1.930000000000000075e-03,-1.196000000000000014e-02,-1.774999999999999842e-02,-2.296000000000000124e-02,-2.818000000000000019e-02,-3.420000000000000123e-02,-4.116999999999999826e-02,-4.950999999999999845e-02,-5.958999999999999714e-02,-7.216999999999999804e-02,-8.513999999999999346e-02,-9.966999999999999471e-02,-1.149300000000000044e-01,-1.333399999999999863e-01,-1.494000000000000050e-01,-1.656900000000000039e-01,-1.829999999999999960e-01,-2.088299999999999879e-01,7.599999999999999985e-03,1.342999999999999923e-02,1.816999999999999865e-02,2.238000000000000059e-02,2.714000000000000093e-02,3.262999999999999928e-02,3.910999999999999893e-02,4.685999999999999888e-02,5.637000000000000344e-02,6.739000000000000545e-02,7.835000000000000298e-02,9.178000000000000047e-02,1.073899999999999993e-01,1.262999999999999956e-01,1.461500000000000021e-01,1.828100000000000003e-01,2.263000000000000012e-01,2.622200000000000086e-01
cmzi*c/cref,-7.328130923681784592e-02,-5.528882416231171645e-03,7.751062096526282813e-04,5.652393580015209387e-04,5.409964890708172328e-04,3.315082434028508241e-04,-5.593517967220541396e-04,-1.857734431375087118e-03,-4.075700292847088402e-03,-2.009591114275082260e-03,-7.309291504198553446e-04,-4.419471499991910624e-04,-4.930127008267671997e-04,-5.384205510702671756e-04,-5.284563075379811485e-04,-5.317959535327713505e-04,-5.286813791318136467e-04,-4.177743621272671259e-04,-2.632132282751144573e-04,7.900082605530119040e-02,5.592750416619477263e-03,-7.122597602213341520e-04,-4.288022715873607196e-04,-3.786975423495720955e-04,-1.326032973611403405e-04,7.861160386364004007e-04,2.199229731260213434e-03,3.990281424434125035e-03,-1.716055333538272273e-03,9.967215687543481972e-04,6.680596453476144673e-04,6.541899299432103352e-04,5.384205510702671756e-04,5.284563075379811485e-04,6.168833060980148100e-04,6.419702460886308722e-04,5.277149837397058889e-04,4.982250392350381051e-04,-2.707080033005970082e-02,-5.363551288688982698e-03,-5.206867895222224048e-03,-5.009059524002134819e-03,-5.182318224472955842e-03,-4.311170773536977981e-03,-4.932685165110748012e-03,-3.849711707411782383e-03,6.988368631384795152e-05,1.955220094811267392e-02,4.267966176970245523e-03,4.203813257398028927e-03,4.037701020919960519e-03,4.072864182050577563e-03,3.706172795961622333e-03,3.658544727943436985e-03,3.463626830294303394e-03,-2.029954697687964035e-04,-2.688738217354021479e-03,-1.563937333958936513e-02,-2.195075962269645714e-02,-2.676414885045383385e-02,-3.084890912032618032e-02,-3.501163233937903269e-02,-3.922493781448703476e-02,-4.365686655233225882e-02,-4.831565337259534354e-02,-5.355341647386218512e-02,-5.751299500056627351e-02,-6.069659013542155757e-02,-6.234274248062517815e-02,-6.345725827171679045e-02,-6.115992250068762182e-02,-5.680445756144127112e-02,-5.056297668548870305e-02,-4.380524064426358916e-02,1.058777743621272527e-02,1.756160400925461246e-02,2.247015787855744309e-02,2.608805101363923309e-02,2.971041140971087888e-02,3.340437319397478871e-02,3.726226179073567624e-02,4.132015283058552979e-02,4.570487297555293760e-02,5.000643946478555008e-02,5.292627623084764088e-02,5.589177327810766760e-02,5.825273744883266436e-02,6.010688255375604833e-02,5.982946903263384325e-02,6.267380582296504243e-02,6.252678483019723232e-02,5.500459800669826871e-02
cmzo,6.800000000000000488e-04,3.099999999999999999e-04,4.200000000000000174e-04,5.699999999999999772e-04,7.299999999999999632e-04,9.300000000000000541e-04,1.170000000000000033e-03,1.469999999999999953e-03,1.850000000000000082e-03,3.299999999999999982e-03,2.409999999999999816e-03,3.180000000000000101e-03,4.089999999999999886e-03,5.190000000000000169e-03,6.530000000000000214e-03,8.210000000000000284e-03,1.034999999999999983e-02,1.318000000000000074e-02,1.708000000000000143e-02,-6.800000000000000488e-04,-3.099999999999999999e-04,-4.200000000000000174e-04,-5.699999999999999772e-04,-7.299999999999999632e-04,-9.300000000000000541e-04,-1.170000000000000033e-03,-1.469999999999999953e-03,-1.850000000000000082e-03,-3.299999999999999982e-03,-2.409999999999999816e-03,-3.180000000000000101e-03,-4.089999999999999886e-03,-5.190000000000000169e-03,-6.530000000000000214e-03,-8.210000000000000284e-03,-1.034999999999999983e-02,-1.318000000000000074e-02,-1.708000000000000143e-02,-4.329999999999999648e-03,-5.159999999999999656e-03,-6.119999999999999572e-03,-7.230000000000000315e-03,-8.529999999999999388e-03,-1.008000000000000042e-02,-1.195000000000000055e-02,-1.425000000000000051e-02,-1.711999999999999980e-02,4.329999999999999648e-03,5.159999999999999656e-03,6.109999999999999980e-03,7.219999999999999855e-03,8.529999999999999388e-03,1.008000000000000042e-02,1.195000000000000055e-02,1.425000000000000051e-02,1.711999999999999980e-02,-1.629999999999999939e-03,-1.770000000000000089e-03,-1.889999999999999970e-03,-2.030000000000000120e-03,-2.190000000000000106e-03,-2.370000000000000145e-03,-2.589999999999999854e-03,-2.840000000000000076e-03,-3.129999999999999970e-03,-3.490000000000000047e-03,-3.939999999999999926e-03,-4.479999999999999608e-03,-5.179999999999999709e-03,-6.080000000000000335e-03,-7.300000000000000065e-03,-9.029999999999999832e-03,-1.166999999999999982e-02,-1.615000000000000116e-02,1.629999999999999939e-03,1.770000000000000089e-03,1.889999999999999970e-03,2.030000000000000120e-03,2.190000000000000106e-03,2.370000000000000145e-03,2.589999999999999854e-03,2.840000000000000076e-03,3.129999999999999970e-03,3.490000000000000047e-03,3.939999999999999926e-03,4.479999999999999608e-03,5.179999999999999709e-03,6.080000000000000335e-03,7.300000000000000065e-03,9.029999999999999832e-03,1.167999999999999941e-02,1.615000000000000116e-02
cmzo*c/cref,6.752207355153948222e-04,6.939083194460174062e-04,8.798502920381186775e-04,1.110987703658161815e-03,1.316424790072321868e-03,1.541513331823256370e-03,1.768761086931901119e-03,2.007992363324542437e-03,2.257498665199734848e-03,2.483764298542236355e-03,2.668998867442198917e-03,3.268353341854482973e-03,3.877734512272073154e-03,4.507101064604333504e-03,5.150477146601517911e-03,5.821393038005403739e-03,6.514109850016988786e-03,7.245086964259711548e-03,8.028003462390992384e-03,-6.752207355153948222e-04,-6.935010516608151789e-04,-8.798502920381186775e-04,-1.110987703658161815e-03,-1.316424790072321868e-03,-1.541513331823256370e-03,-1.768761086931901119e-03,-2.007992363324542437e-03,-2.257498665199734848e-03,-2.483764298542236355e-03,-2.668998867442198917e-03,-3.268353341854482973e-03,-3.877734512272073154e-03,-4.507101064604333504e-03,-5.150477146601517911e-03,-5.821393038005403739e-03,-6.514109850016988786e-03,-7.245086964259711548e-03,-8.028003462390992384e-03,-2.773043894704483019e-03,-3.106164382675101043e-03,-3.448704709822511452e-03,-3.796174041775203338e-03,-4.150720606080217367e-03,-4.517318232562655099e-03,-4.895812933810086802e-03,-5.290105287426990870e-03,-5.697184331871794905e-03,2.773043894704483019e-03,3.106164382675101043e-03,3.443069571407769182e-03,3.790923455272056028e-03,4.150720606080217367e-03,4.517318232562655099e-03,4.895812933810086802e-03,5.290105287426990870e-03,5.697184331871794905e-03,-2.270799634345624200e-03,-2.314522643066319225e-03,-2.337292151374439821e-03,-2.366342428851101343e-03,-2.397413448314916155e-03,-2.426244697202582269e-03,-2.467636359959227838e-03,-2.504251686702153781e-03,-2.537808274143705470e-03,-2.589738443865581725e-03,-2.661512805992848844e-03,-2.728210332163023659e-03,-2.809844305661170997e-03,-2.893506301875192494e-03,-2.988403174397722111e-03,-3.095806939343440697e-03,-3.224425890271328827e-03,-3.387705963725791847e-03,2.270799634345624200e-03,2.314522643066319225e-03,2.337292151374439821e-03,2.366342428851101343e-03,2.397413448314916155e-03,2.426244697202582269e-03,2.467636359959227838e-03,2.504251686702153781e-03,2.537808274143705470e-03,2.589738443865581725e-03,2.661512805992848844e-03,2.728210332163023659e-03,2.809844305661170997e-03,2.893506301875192494e-03,2.988403174397722111e-03,3.095806939343440697e-03,3.227188894461792586e-03,3.387705963725791847e-03
cs,1.210999999999999924e-02,-2.727999999999999869e-02,-3.400000000000000244e-04,-5.999999999999999474e-04,-9.100000000000000016e-04,-2.089999999999999844e-03,-4.040000000000000188e-03,-5.440000000000000391e-03,-7.590000000000000392e-03,-1.580000000000000024e-03,-1.389999999999999960e-03,-7.900000000000000121e-04,-6.499999999999999702e-04,-5.800000000000000034e-04,-5.000000000000000104e-04,-4.400000000000000157e-04,-3.899999999999999929e-04,-2.999999999999999737e-04,-1.800000000000000113e-04,-8.089999999999999969e-03,2.741000000000000034e-02,3.899999999999999929e-04,6.999999999999999929e-04,1.010000000000000047e-03,2.230000000000000211e-03,4.230000000000000253e-03,5.749999999999999903e-03,7.669999999999999735e-03,-4.899999999999999842e-04,1.610000000000000103e-03,9.700000000000000505e-04,7.799999999999999859e-04,5.999999999999999474e-04,5.100000000000000366e-04,5.100000000000000366e-04,4.800000000000000122e-04,3.800000000000000209e-04,3.299999999999999982e-04,-1.158000000000000002e-02,-2.419999999999999842e-03,-2.320000000000000014e-03,-2.269999999999999882e-03,-2.269999999999999882e-03,-1.990000000000000015e-03,-2.099999999999999870e-03,-1.600000000000000077e-03,-6.999999999999999387e-05,8.420000000000000401e-03,1.949999999999999910e-03,1.889999999999999970e-03,1.830000000000000029e-03,1.789999999999999925e-03,1.639999999999999965e-03,1.549999999999999946e-03,1.420000000000000038e-03,1.000000000000000082e-05,-3.409999999999999837e-03,-1.192000000000000004e-02,-1.528000000000000018e-02,-1.788000000000000006e-02,-2.003999999999999879e-02,-2.219000000000000139e-02,-2.429999999999999868e-02,-2.647000000000000047e-02,-2.877000000000000043e-02,-3.114000000000000101e-02,-3.250000000000000111e-02,-3.329000000000000015e-02,-3.325000000000000178e-02,-3.291999999999999788e-02,-3.087000000000000161e-02,-2.801999999999999977e-02,-2.419999999999999929e-02,-2.037999999999999881e-02,6.420000000000000359e-03,1.225000000000000047e-02,1.506000000000000047e-02,1.708000000000000143e-02,1.899999999999999953e-02,2.087999999999999926e-02,2.278000000000000164e-02,2.471999999999999892e-02,2.682999999999999968e-02,2.868000000000000063e-02,2.956999999999999906e-02,3.031999999999999973e-02,3.072000000000000078e-02,3.092999999999999916e-02,3.002000000000000154e-02,3.058999999999999914e-02,2.976000000000000173e-02,2.573999999999999899e-02
cs*c/cref,1.202488692219327859e-02,-6.106393211124953174e-02,-7.122597602213341520e-04,-1.169460740692801785e-03,-1.641022683514812251e-03,-3.464261143559790521e-03,-6.107516915559727325e-03,-7.430937725500348472e-03,-9.261845875062695368e-03,-1.189196239908100984e-03,-1.539381089520604293e-03,-8.119494151147929779e-04,-6.162658760334590539e-04,-5.036837413237983500e-04,-3.943703787596874663e-04,-3.119869594058925582e-04,-2.454592117397705830e-04,-1.649109324186580632e-04,-8.460425194557252349e-05,-8.033140809293445872e-03,6.131891556781594865e-02,8.170038426068244397e-04,1.364370864141602191e-03,1.821354846538418212e-03,3.696316913941787106e-03,6.394751621984566016e-03,7.854391897357903760e-03,9.359467438963223196e-03,-3.688013655411199240e-04,1.783024139660556364e-03,9.969505476725938273e-04,7.395190512401509080e-04,5.210521461970327086e-04,4.022577863348812091e-04,3.616212484022845400e-04,3.021036452181791957e-04,2.088871810636335629e-04,1.551077952335496151e-04,-7.416131247269726681e-03,-1.456767016680958352e-03,-1.307352112220298715e-03,-1.191883136214344410e-03,-1.104588015920526713e-03,-8.918118336110797450e-04,-8.603520636821072138e-04,-5.939767340268902341e-04,-2.329456210461598045e-05,5.392385587393013976e-03,1.173841191127218556e-03,1.065041160386363990e-03,9.608573300758813064e-04,8.710187438316048048e-04,7.349605060915430192e-04,6.350217612891743231e-04,5.271543514488650746e-04,3.327794586373711977e-06,-4.750568560195446606e-03,-1.558706774313588922e-02,-1.889620321322827562e-02,-2.084246434869837031e-02,-2.193797511608717651e-02,-2.271661174300645611e-02,-2.315195503745530459e-02,-2.334068385457957820e-02,-2.332675528661802208e-02,-2.310729373695536229e-02,-2.195410309511867594e-02,-2.027279507984532797e-02,-1.803616277282508659e-02,-1.566681372660054528e-02,-1.263726109502160029e-02,-9.606258077564031050e-03,-6.686470140922549585e-03,-4.275012231624249204e-03,8.943885676379697419e-03,1.601858891387706804e-02,1.862413746015823338e-02,1.990991560826443907e-02,2.079947740547187507e-02,2.137552290193667215e-02,2.170376690342518122e-02,2.179757101946381420e-02,2.175380063746824855e-02,2.128186205445985191e-02,1.997485626223566985e-02,1.846413778374618106e-02,1.666378707913343180e-02,1.471976149950652950e-02,1.228929634183830409e-02,1.048734598831847602e-02,8.222700470820458463e-03,5.399353034445936519e-03
csi,1.204999999999999995e-02,-2.727999999999999869e-02,-3.400000000000000244e-04,-5.999999999999999474e-04,-9.100000000000000016e-04,-2.089999999999999844e-03,-4.040000000000000188e-03,-5.440000000000000391e-03,-7.599999999999999985e-03,-1.580000000000000024e-03,-1.389999999999999960e-03,-7.900000000000000121e-04,-6.499999999999999702e-04,-5.800000000000000034e-04,-5.000000000000000104e-04,-4.400000000000000157e-04,-3.899999999999999929e-04,-2.999999999999999737e-04,-1.800000000000000113e-04,-8.030000000000000679e-03,2.741999999999999993e-02,3.899999999999999929e-04,6.999999999999999929e-04,1.010000000000000047e-03,2.230000000000000211e-03,4.230000000000000253e-03,5.749999999999999903e-03,7.689999999999999787e-03,-4.899999999999999842e-04,1.610000000000000103e-03,9.700000000000000505e-04,7.799999999999999859e-04,5.999999999999999474e-04,5.100000000000000366e-04,5.100000000000000366e-04,4.800000000000000122e-04,3.800000000000000209e-04,3.299999999999999982e-04,-1.158000000000000002e-02,-2.419999999999999842e-03,-2.320000000000000014e-03,-2.269999999999999882e-03,-2.269999999999999882e-03,-1.990000000000000015e-03,-2.099999999999999870e-03,-1.600000000000000077e-03,-6.999999999999999387e-05,8.420000000000000401e-03,1.949999999999999910e-03,1.889999999999999970e-03,1.830000000000000029e-03,1.789999999999999925e-03,1.639999999999999965e-03,1.549999999999999946e-03,1.420000000000000038e-03,1.000000000000000082e-05,-3.409999999999999837e-03,-1.192000000000000004e-02,-1.528000000000000018e-02,-1.788000000000000006e-02,-2.003999999999999879e-02,-2.219000000000000139e-02,-2.429999999999999868e-02,-2.647000000000000047e-02,-2.877000000000000043e-02,-3.114000000000000101e-02,-3.250000000000000111e-02,-3.329000000000000015e-02,-3.325000000000000178e-02,-3.291999999999999788e-02,-3.087000000000000161e-02,-2.801999999999999977e-02,-2.419999999999999929e-02,-2.037999999999999881e-02,6.429999999999999952e-03,1.225000000000000047e-02,1.506000000000000047e-02,1.708000000000000143e-02,1.899999999999999953e-02,2.087999999999999926e-02,2.278000000000000164e-02,2.471999999999999892e-02,2.682999999999999968e-02,2.868000000000000063e-02,2.956999999999999906e-02,3.031999999999999973e-02,3.072000000000000078e-02,3.092999999999999916e-02,3.002000000000000154e-02,3.058999999999999914e-02,2.976000000000000173e-02,2.573999999999999899e-02
csi*c/cref,1.196530862200074520e-02,-6.106393211124953174e-02,-7.122597602213341520e-04,-1.169460740692801785e-03,-1.641022683514812251e-03,-3.464261143559790521e-03,-6.107516915559727325e-03,-7.430937725500348472e-03,-9.274048570550261564e-03,-1.189196239908100984e-03,-1.539381089520604293e-03,-8.119494151147929779e-04,-6.162658760334590539e-04,-5.036837413237983500e-04,-3.943703787596874663e-04,-3.119869594058925582e-04,-2.454592117397705830e-04,-1.649109324186580632e-04,-8.460425194557252349e-05,-7.973562509100912479e-03,6.134128656948242830e-02,8.170038426068244397e-04,1.364370864141602191e-03,1.821354846538418212e-03,3.696316913941787106e-03,6.394751621984566016e-03,7.854391897357903760e-03,9.383872829938355586e-03,-3.688013655411199240e-04,1.783024139660556364e-03,9.969505476725938273e-04,7.395190512401509080e-04,5.210521461970327086e-04,4.022577863348812091e-04,3.616212484022845400e-04,3.021036452181791957e-04,2.088871810636335629e-04,1.551077952335496151e-04,-7.416131247269726681e-03,-1.456767016680958352e-03,-1.307352112220298715e-03,-1.191883136214344410e-03,-1.104588015920526713e-03,-8.918118336110797450e-04,-8.603520636821072138e-04,-5.939767340268902341e-04,-2.329456210461598045e-05,5.392385587393013976e-03,1.173841191127218556e-03,1.065041160386363990e-03,9.608573300758813064e-04,8.710187438316048048e-04,7.349605060915430192e-04,6.350217612891743231e-04,5.271543514488650746e-04,3.327794586373711977e-06,-4.750568560195446606e-03,-1.558706774313588922e-02,-1.889620321322827562e-02,-2.084246434869837031e-02,-2.193797511608717651e-02,-2.271661174300645611e-02,-2.315195503745530459e-02,-2.334068385457957820e-02,-2.332675528661802208e-02,-2.310729373695536229e-02,-2.195410309511867594e-02,-2.027279507984532797e-02,-1.803616277282508659e-02,-1.566681372660054528e-02,-1.263726109502160029e-02,-9.606258077564031050e-03,-6.686470140922549585e-03,-4.275012231624249204e-03,8.957816962479978051e-03,1.601858891387706804e-02,1.862413746015823338e-02,1.990991560826443907e-02,2.079947740547187507e-02,2.137552290193667215e-02,2.170376690342518122e-02,2.179757101946381420e-02,2.175380063746824855e-02,2.128186205445985191e-02,1.997485626223566985e-02,1.846413778374618106e-02,1.666378707913343180e-02,1.471976149950652950e-02,1.228929634183830409e-02,1.048734598831847602e-02,8.222700470820458463e-03,5.399353034445936519e-03
cso,6.000000000000000152e-05,0.000000000000000000e+00,0.000000000000000000e+00,0.000000000000000000e+00,0.000000000000000000e+00,0.000000000000000000e+00,0.000000000000000000e+00,0.000000000000000000e+00,2.000000000000000164e-05,0.000000000000000000e+00,0.000000000000000000e+00,0.000000000000000000e+00,0.000000000000000000e+00,0.000000000000000000e+00,0.000000000000000000e+00,0.000000000000000000e+00,0.000000000000000000e+00,0.000000000000000000e+00,0.000000000000000000e+00,-6.000000000000000152e-05,-0.000000000000000000e+00,0.000000000000000000e+00,0.000000000000000000e+00,0.000000000000000000e+00,0.000000000000000000e+00,0.000000000000000000e+00,0.000000000000000000e+00,-2.000000000000000164e-05,0.000000000000000000e+00,0.000000000000000000e+00,0.000000000000000000e+00,0.000000000000000000e+00,0.000000000000000000e+00,0.000000000000000000e+00,0.000000000000000000e+00,0.000000000000000000e+00,0.000000000000000000e+00,0.000000000000000000e+00,0.000000000000000000e+00,0.000000000000000000e+00,0.000000000000000000e+00,0.000000000000000000e+00,0.000000000000000000e+00,0.000000000000000000e+00,0.000000000000000000e+00,0.000000000000000000e+00,0.000000000000000000e+00,0.000000000000000000e+00,0.000000000000000000e+00,0.000000000000000000e+00,0.000000000000000000e+00,0.000000000000000000e+00,0.000000000000000000e+00,0.000000000000000000e+00,0.000000000000000000e+00,0.000000000000000000e+00,0.000000000000000000e+00,0.000000000000000000e+00,0.000000000000000000e+00,0.000000000000000000e+00,0.000000000000000000e+00,0.000000000000000000e+00,0.000000000000000000e+00,0.000000000000000000e+00,0.000000000000000000e+00,0.000000000000000000e+00,0.000000000000000000e+00,0.000000000000000000e+00,0.000000000000000000e+00,0.000000000000000000e+00,0.000000000000000000e+00,0.000000000000000000e+00,0.000000000000000000e+00,0.000000000000000000e+00,-0.000000000000000000e+00,0.000000000000000000e+00,0.000000000000000000e+00,0.000000000000000000e+00,0.000000000000000000e+00,0.000000000000000000e+00,0.000000000000000000e+00,0.000000000000000000e+00,0.000000000000000000e+00,0.000000000000000000e+00,0.000000000000000000e+00,0.000000000000000000e+00,0.000000000000000000e+00,0.000000000000000000e+00,0.000000000000000000e+00,0.000000000000000000e+00,0.000000000000000000e+00,0.000000000000000000e+00
cso*c/cref,5.957830019253482928e-05,0.000000000000000000e+00,0.000000000000000000e+00,0.000000000000000000e+00,0.000000000000000000e+00,0.000000000000000000e+00,0.000000000000000000e+00,0.000000000000000000e+00,2.440539097513226856e-05,0.000000000000000000e+00,0.000000000000000000e+00,0.000000000000000000e+00,0.000000000000000000e+00,0.000000000000000000e+00,0.000000000000000000e+00,0.000000000000000000e+00,0.000000000000000000e+00,0.000000000000000000e+00,0.000000000000000000e+00,-5.957830019253482928e-05,-0.000000000000000000e+00,0.000000000000000000e+00,0.000000000000000000e+00,0.000000000000000000e+00,0.000000000000000000e+00,0.000000000000000000e+00,0.000000000000000000e+00,-2.440539097513226856e-05,0.000000000000000000e+00,0.000000000000000000e+00,0.000000000000000000e+00,0.000000000000000000e+00,0.000000000000000000e+00,0.000000000000000000e+00,0.000000000000000000e+00,0.000000000000000000e+00,0.000000000000000000e+00,0.000000000000000000e+00,0.000000000000000000e+00,0.000000000000000000e+00,0.000000000000000000e+00,0.000000000000000000e+00,0.000000000000000000e+00,0.000000000000000000e+00,0.000000000000000000e+00,0.000000000000000000e+00,0.000000000000000000e+00,0.000000000000000000e+00,0.000000000000000000e+00,0.000000000000000000e+00,0.000000000000000000e+00,0.000000000000000000e+00,0.000000000000000000e+00,0.000000000000000000e+00,0.000000000000000000e+00,0.000000000000000000e+00,0.000000000000000000e+00,0.000000000000000000e+00,0.000000000000000000e+00,0.000000000000000000e+00,0.000000000000000000e+00,0.000000000000000000e+00,0.000000000000000000e+00,0.000000000000000000e+00,0.000000000000000000e+00,0.000000000000000000e+00,0.000000000000000000e+00,0.000000000000000000e+00,0.000000000000000000e+00,0.000000000000000000e+00,0.000000000000000000e+00,0.000000000000000000e+00,0.000000000000000000e+00,0.000000000000000000e+00,-0.000000000000000000e+00,0.000000000000000000e+00,0.000000000000000000e+00,0.000000000000000000e+00,0.000000000000000000e+00,0.000000000000000000e+00,0.000000000000000000e+00,0.000000000000000000e+00,0.000000000000000000e+00,0.000000000000000000e+00,0.000000000000000000e+00,0.000000000000000000e+00,0.000000000000000000e+00,0.000000000000000000e+00,0.000000000000000000e+00,0.000000000000000000e+00,0.000000000000000000e+00,0.000000000000000000e+00
cx,1.990000000000000015e-03,3.850000000000000124e-03,4.669999999999999672e-03,4.850000000000000144e-03,4.799999999999999580e-03,4.499999999999999660e-03,4.000000000000000083e-03,3.680000000000000111e-03,3.419999999999999863e-03,5.080000000000000314e-03,4.510000000000000120e-03,4.870000000000000197e-03,5.049999999999999802e-03,5.170000000000000116e-03,5.270000000000000379e-03,5.360000000000000181e-03,5.449999999999999983e-03,5.570000000000000298e-03,5.689999999999999745e-03,2.490000000000000026e-03,3.820000000000000045e-03,4.689999999999999725e-03,4.850000000000000144e-03,4.819999999999999632e-03,4.530000000000000172e-03,4.020000000000000136e-03,3.670000000000000085e-03,3.380000000000000192e-03,5.870000000000000218e-03,4.460000000000000422e-03,4.839999999999999684e-03,5.020000000000000157e-03,5.150000000000000064e-03,5.270000000000000379e-03,5.349999999999999721e-03,5.440000000000000391e-03,5.559999999999999838e-03,5.680000000000000153e-03,5.429999999999999931e-03,5.329999999999999669e-03,5.449999999999999983e-03,5.239999999999999866e-03,5.470000000000000036e-03,5.120000000000000419e-03,5.559999999999999838e-03,5.729999999999999850e-03,5.819999999999999653e-03,5.400000000000000286e-03,5.309999999999999616e-03,5.459999999999999576e-03,5.380000000000000233e-03,5.519999999999999733e-03,5.459999999999999576e-03,5.640000000000000048e-03,5.749999999999999903e-03,5.850000000000000165e-03,5.369999999999999774e-03,5.000000000000000104e-03,4.989999999999999644e-03,5.009999999999999697e-03,5.029999999999999749e-03,5.040000000000000209e-03,5.020000000000000157e-03,5.069999999999999854e-03,5.000000000000000104e-03,5.069999999999999854e-03,5.100000000000000366e-03,5.120000000000000419e-03,5.199999999999999761e-03,5.300000000000000024e-03,5.479999999999999628e-03,5.649999999999999641e-03,5.879999999999999810e-03,6.190000000000000190e-03,5.879999999999999810e-03,4.819999999999999632e-03,4.950000000000000407e-03,4.989999999999999644e-03,5.020000000000000157e-03,5.040000000000000209e-03,5.040000000000000209e-03,5.069999999999999854e-03,5.069999999999999854e-03,5.109999999999999959e-03,5.179999999999999709e-03,5.219999999999999814e-03,5.290000000000000431e-03,5.380000000000000233e-03,5.510000000000000141e-03,5.669999999999999693e-03,5.839999999999999705e-03,6.040000000000000230e-03
cx*c/cref,1.976013623052405230e-03,8.617893644732798134e-03,9.783097294804794439e-03,9.453140987266815676e-03,8.655943825133075725e-03,7.458935476564143054e-03,6.047046451049234786e-03,5.026810814309059031e-03,4.173321856747617097e-03,3.823491708058957862e-03,4.994682527869011811e-03,5.005308419758281065e-03,4.787911806106105207e-03,4.489732659731098495e-03,4.156663792127105773e-03,3.800568414580872498e-03,3.430135138414743164e-03,3.061846311906418240e-03,2.674434408723931275e-03,2.472499457990195645e-03,8.545722636594562174e-03,9.824994927758991248e-03,9.453140987266815676e-03,8.692010257737796397e-03,7.508661713074571420e-03,6.077281683304481055e-03,5.013151002313654021e-03,4.124511074797353183e-03,4.418089828013008896e-03,4.939309107382659422e-03,4.974474897665313172e-03,4.759468765673791936e-03,4.472364254857864353e-03,4.156663792127105773e-03,3.793477801867102192e-03,3.423841312472697841e-03,3.056349280825796082e-03,2.669734172504732717e-03,3.477512320610933946e-03,3.208499255747730358e-03,3.071150436034753364e-03,2.751307327648971467e-03,2.661716496513340160e-03,2.294510848285793211e-03,2.277884511463102758e-03,2.127179178733800205e-03,1.936776449269500154e-03,3.458299545358940047e-03,3.196459858915656500e-03,3.076785574449495634e-03,2.824815538693028170e-03,2.686046629022602761e-03,2.446880709304771404e-03,2.310659828174802238e-03,2.134603887909136515e-03,1.946759833028621507e-03,7.481100635850307379e-03,6.538199556684517674e-03,6.170945944634102440e-03,5.840086486967495383e-03,5.506387965764396146e-03,5.159608976329541942e-03,4.782831863704759164e-03,4.470618328021098119e-03,4.054006827705599995e-03,3.762170174899283435e-03,3.445105408772469388e-03,3.117954665329170701e-03,2.820693125374148548e-03,2.522299901305677643e-03,2.243349232287604900e-03,1.937022060608021906e-03,1.624646463992751762e-03,1.298445815198925792e-03,8.191596226964583186e-03,6.302824372643874365e-03,6.121479444075914045e-03,5.816772768456646842e-03,5.495440872393095137e-03,5.159608976329541942e-03,4.801886970731470902e-03,4.470618328021098119e-03,4.110762923293478574e-03,3.791851990874820291e-03,3.499146277929684329e-03,3.178852217386380404e-03,2.869512814082547745e-03,2.560372352646140583e-03,2.255630341223485887e-03,1.943878775866811348e-03,1.613594447230896293e-03,1.266981053925930701e-03
cxi,-3.200000000000000153e-03,-8.499999999999999526e-04,-6.000000000000000152e-05,6.999999999999999387e-05,-2.000000000000000164e-05,-3.600000000000000227e-04,-9.200000000000000278e-04,-1.309999999999999967e-03,-1.639999999999999965e-03,-2.900000000000000017e-04,-6.099999999999999737e-04,-2.900000000000000017e-04,-1.600000000000000131e-04,-1.000000000000000048e-04,-6.000000000000000152e-05,-5.000000000000000240e-05,-4.000000000000000327e-05,-2.000000000000000164e-05,-1.000000000000000082e-05,-2.710000000000000169e-03,-8.800000000000000313e-04,-5.000000000000000240e-05,6.999999999999999387e-05,0.000000000000000000e+00,-3.400000000000000244e-04,-9.100000000000000016e-04,-1.319999999999999993e-03,-1.680000000000000070e-03,5.000000000000000104e-04,-6.499999999999999702e-04,-3.200000000000000262e-04,-1.900000000000000105e-04,-1.200000000000000030e-04,-6.999999999999999387e-05,-6.000000000000000152e-05,-5.000000000000000240e-05,-3.000000000000000076e-05,-2.000000000000000164e-05,-6.000000000000000152e-05,-2.000000000000000096e-04,-1.200000000000000030e-04,-3.899999999999999929e-04,-2.100000000000000087e-04,-6.199999999999999999e-04,-2.500000000000000052e-04,-1.499999999999999869e-04,-1.399999999999999877e-04,-8.000000000000000654e-05,-2.200000000000000078e-04,-1.100000000000000039e-04,-2.400000000000000061e-04,-1.600000000000000131e-04,-2.799999999999999755e-04,-1.600000000000000131e-04,-1.299999999999999886e-04,-1.100000000000000039e-04,4.000000000000000192e-04,-1.000000000000000082e-05,-6.000000000000000152e-05,-8.000000000000000654e-05,-9.000000000000000567e-05,-1.299999999999999886e-04,-1.900000000000000105e-04,-2.000000000000000096e-04,-3.200000000000000262e-04,-3.099999999999999999e-04,-3.400000000000000244e-04,-3.899999999999999929e-04,-4.000000000000000192e-04,-3.899999999999999929e-04,-3.299999999999999982e-04,-2.900000000000000017e-04,-2.300000000000000070e-04,-1.499999999999999869e-04,9.100000000000000016e-04,-1.900000000000000105e-04,-1.000000000000000048e-04,-1.000000000000000048e-04,-1.000000000000000048e-04,-1.200000000000000030e-04,-1.800000000000000113e-04,-1.900000000000000105e-04,-2.500000000000000052e-04,-2.700000000000000035e-04,-2.599999999999999772e-04,-2.999999999999999737e-04,-3.099999999999999999e-04,-3.099999999999999999e-04,-2.900000000000000017e-04,-2.799999999999999755e-04,-2.700000000000000035e-04,-2.999999999999999737e-04
cxi*c/cref,-3.177509343601857706e-03,-1.902651843642305749e-03,-1.256928988625883670e-04,1.364370864141602191e-04,-3.606643260472115292e-05,-5.967148381251315050e-04,-1.390820683741323836e-03,-1.789435371398061638e-03,-2.001242059960845615e-03,-2.182701959324995634e-04,-6.755557299335026309e-04,-2.980573802320126060e-04,-1.516962156390053152e-04,-8.684202436617213165e-05,-4.732444545116249758e-05,-3.545306356885142337e-05,-2.517530376818160416e-05,-1.099406216124387325e-05,-4.700236219198473904e-06,-2.690953225362823290e-03,-1.968648146650056174e-03,-1.047440823854903149e-04,1.364370864141602191e-04,0.000000000000000000e+00,-5.635640137848464334e-04,-1.375703067613700918e-03,-1.803095183393466647e-03,-2.050052841911110396e-03,3.763279240215509826e-04,-7.198544663225847368e-04,-3.288909023249794684e-04,-1.801392560713188033e-04,-1.042104292394065444e-04,-5.521185302635624040e-05,-4.254367628262170940e-05,-3.146912971022700181e-05,-1.649109324186580903e-05,-9.400472438396947808e-06,-3.842555050398821883e-05,-1.203939683207403744e-04,-6.762166097691199270e-05,-2.047728736227288026e-04,-1.021865565389033689e-04,-2.778509230346077360e-04,-1.024228647240603852e-04,-5.568531881502094589e-05,-4.658912420923196090e-05,-5.123406733865096296e-05,-1.324333651528143956e-04,-6.198652256216933003e-05,-1.260140760755254128e-04,-7.785642402964065877e-05,-1.254810620156292993e-04,-6.555063342339864706e-05,-4.826060963968481932e-05,-3.660574045011083175e-05,5.572514440111961181e-04,-1.307639911336903566e-05,-7.419975083728379847e-05,-9.325487404339316186e-05,-9.852384034170888938e-05,-1.330851521672302227e-04,-1.810235167537657729e-04,-1.763557525846587101e-04,-2.594564369731584266e-04,-2.300340738104098514e-04,-2.296736939181646367e-04,-2.375004530231204000e-04,-2.169763942595499112e-04,-1.856032002847573983e-04,-1.350921982946915259e-04,-9.942237125244714430e-05,-6.354909638066886493e-05,-3.146476127299496214e-05,1.267747035125471166e-03,-2.484515831540116894e-04,-1.236662513954730200e-04,-1.165685925542414456e-04,-1.094709337130098711e-04,-1.228478327697510102e-04,-1.714959632404096867e-04,-1.675379649554257773e-04,-2.027003413852800106e-04,-2.003522578348731033e-04,-1.756328247609493978e-04,-1.826926561716310602e-04,-1.681567055511511751e-04,-1.475307489442943506e-04,-1.187173863801834720e-04,-9.599401362305240958e-05,-7.460111314252432029e-05,-6.292952254598992428e-05
cxo,5.199999999999999761e-03,4.689999999999999725e-03,4.729999999999999830e-03,4.769999999999999934e-03,4.819999999999999632e-03,4.870000000000000197e-03,4.919999999999999894e-03,4.989999999999999644e-03,5.049999999999999802e-03,5.369999999999999774e-03,5.109999999999999959e-03,5.159999999999999656e-03,5.210000000000000221e-03,5.270000000000000379e-03,5.329999999999999669e-03,5.409999999999999878e-03,5.490000000000000088e-03,5.579999999999999891e-03,5.700000000000000205e-03,5.199999999999999761e-03,4.700000000000000185e-03,4.729999999999999830e-03,4.769999999999999934e-03,4.819999999999999632e-03,4.870000000000000197e-03,4.919999999999999894e-03,4.989999999999999644e-03,5.060000000000000261e-03,5.369999999999999774e-03,5.109999999999999959e-03,5.159999999999999656e-03,5.210000000000000221e-03,5.270000000000000379e-03,5.329999999999999669e-03,5.409999999999999878e-03,5.490000000000000088e-03,5.579999999999999891e-03,5.700000000000000205e-03,5.479999999999999628e-03,5.530000000000000193e-03,5.579999999999999891e-03,5.629999999999999588e-03,5.680000000000000153e-03,5.740000000000000310e-03,5.810000000000000060e-03,5.879999999999999810e-03,5.960000000000000020e-03,5.479999999999999628e-03,5.530000000000000193e-03,5.570000000000000298e-03,5.619999999999999996e-03,5.680000000000000153e-03,5.740000000000000310e-03,5.799999999999999600e-03,5.879999999999999810e-03,5.960000000000000020e-03,4.969999999999999592e-03,5.009999999999999697e-03,5.040000000000000209e-03,5.080000000000000314e-03,5.120000000000000419e-03,5.170000000000000116e-03,5.210000000000000221e-03,5.259999999999999919e-03,5.320000000000000076e-03,5.380000000000000233e-03,5.449999999999999983e-03,5.519999999999999733e-03,5.599999999999999943e-03,5.700000000000000205e-03,5.810000000000000060e-03,5.939999999999999968e-03,6.109999999999999980e-03,6.340000000000000149e-03,4.969999999999999592e-03,5.009999999999999697e-03,5.040000000000000209e-03,5.080000000000000314e-03,5.120000000000000419e-03,5.170000000000000116e-03,5.210000000000000221e-03,5.259999999999999919e-03,5.320000000000000076e-03,5.380000000000000233e-03,5.440000000000000391e-03,5.519999999999999733e-03,5.599999999999999943e-03,5.689999999999999745e-03,5.810000000000000060e-03,5.939999999999999968e-03,6.109999999999999980e-03,6.340000000000000149e-03
cxo*c/cref,5.163452683353018068e-03,1.049816134903813411e-02,9.908790193667383131e-03,9.297212888507775178e-03,8.692010257737796397e-03,8.072225726859416986e-03,7.437867134790557971e-03,6.816246185707120452e-03,6.162361221220897384e-03,4.041761903991456829e-03,5.659163573705243075e-03,5.303365799990292749e-03,4.939608021745110766e-03,4.576574684097270938e-03,4.203988237578268339e-03,3.836021478149724030e-03,3.455310442182924890e-03,3.067343342987039964e-03,2.679134644943129834e-03,5.163452683353018068e-03,1.051437078324461878e-02,9.908790193667383131e-03,9.297212888507775178e-03,8.692010257737796397e-03,8.072225726859416986e-03,7.437867134790557971e-03,6.816246185707120452e-03,6.174563916708463579e-03,4.041761903991456829e-03,5.659163573705243075e-03,5.303365799990292749e-03,4.939608021745110766e-03,4.576574684097270938e-03,4.203988237578268339e-03,3.836021478149724030e-03,3.455310442182924890e-03,3.067343342987039964e-03,2.679134644943129834e-03,3.509533612697590590e-03,3.328893224068471112e-03,3.144407235426407640e-03,2.956080201271700080e-03,2.763903053052243434e-03,2.572361771320400784e-03,2.380307376187163360e-03,2.182864497548821225e-03,1.983365573478732338e-03,3.509533612697590590e-03,3.328893224068471112e-03,3.138772097011665371e-03,2.950829614768553637e-03,2.763903053052243434e-03,2.572361771320400784e-03,2.376210461598200763e-03,2.182864497548821225e-03,1.983365573478732338e-03,6.923849191839110719e-03,6.551275955797885783e-03,6.232779070331839234e-03,5.921684501755465277e-03,5.604911806106105225e-03,5.292694128496771948e-03,4.963855380458524584e-03,4.638156292976523300e-03,4.313463264678758964e-03,3.992204248709693530e-03,3.681534211335285838e-03,3.361544873558011681e-03,3.037669519633698703e-03,2.712662158007992774e-03,2.378441430582296616e-03,2.036444431860469362e-03,1.688195560373420600e-03,1.329910576471920666e-03,6.923849191839110719e-03,6.551275955797885783e-03,6.232779070331839234e-03,5.921684501755465277e-03,5.604911806106105225e-03,5.292694128496771948e-03,4.963855380458524584e-03,4.638156292976523300e-03,4.313463264678758964e-03,3.992204248709693530e-03,3.674779102690634187e-03,3.361544873558011681e-03,3.037669519633698703e-03,2.707903101590434635e-03,2.378441430582296616e-03,2.036444431860469362e-03,1.688195560373420600e-03,1.329910576471920666e-03
cy,1.210999999999999924e-02,-2.727999999999999869e-02,-3.400000000000000244e-04,-5.999999999999999474e-04,-9.100000000000000016e-04,-2.089999999999999844e-03,-4.040000000000000188e-03,-5.440000000000000391e-03,-7.590000000000000392e-03,-1.580000000000000024e-03,-1.389999999999999960e-03,-7.900000000000000121e-04,-6.499999999999999702e-04,-5.800000000000000034e-04,-5.000000000000000104e-04,-4.400000000000000157e-04,-3.899999999999999929e-04,-2.999999999999999737e-04,-1.800000000000000113e-04,-8.089999999999999969e-03,2.741000000000000034e-02,3.899999999999999929e-04,6.999999999999999929e-04,1.010000000000000047e-03,2.230000000000000211e-03,4.230000000000000253e-03,5.749999999999999903e-03,7.669999999999999735e-03,-4.899999999999999842e-04,1.610000000000000103e-03,9.700000000000000505e-04,7.799999999999999859e-04,5.999999999999999474e-04,5.100000000000000366e-04,5.100000000000000366e-04,4.800000000000000122e-04,3.800000000000000209e-04,3.299999999999999982e-04,-1.158000000000000002e-02,-2.419999999999999842e-03,-2.320000000000000014e-03,-2.269999999999999882e-03,-2.269999999999999882e-03,-1.990000000000000015e-03,-2.099999999999999870e-03,-1.600000000000000077e-03,-6.999999999999999387e-05,8.420000000000000401e-03,1.949999999999999910e-03,1.889999999999999970e-03,1.830000000000000029e-03,1.789999999999999925e-03,1.639999999999999965e-03,1.549999999999999946e-03,1.420000000000000038e-03,1.000000000000000082e-05,-3.409999999999999837e-03,-1.192000000000000004e-02,-1.528000000000000018e-02,-1.788000000000000006e-02,-2.003999999999999879e-02,-2.219000000000000139e-02,-2.429999999999999868e-02,-2.647000000000000047e-02,-2.877000000000000043e-02,-3.114000000000000101e-02,-3.250000000000000111e-02,-3.329000000000000015e-02,-3.325000000000000178e-02,-3.291999999999999788e-02,-3.087000000000000161e-02,-2.801999999999999977e-02,-2.419999999999999929e-02,-2.037999999999999881e-02,6.420000000000000359e-03,1.225000000000000047e-02,1.506000000000000047e-02,1.708000000000000143e-02,1.899999999999999953e-02,2.087999999999999926e-02,2.278000000000000164e-02,2.471999999999999892e-02,2.682999999999999968e-02,2.868000000000000063e-02,2.956999999999999906e-02,3.031999999999999973e-02,3.072000000000000078e-02,3.092999999999999916e-02,3.002000000000000154e-02,3.058999999999999914e-02,2.976000000000000173e-02,2.573999999999999899e-02
cy*c/cref,1.202488692219327859e-02,-6.106393211124953174e-02,-7.122597602213341520e-04,-1.169460740692801785e-03,-1.641022683514812251e-03,-3.464261143559790521e-03,-6.107516915559727325e-03,-7.430937725500348472e-03,-9.261845875062695368e-03,-1.189196239908100984e-03,-1.539381089520604293e-03,-8.119494151147929779e-04,-6.162658760334590539e-04,-5.036837413237983500e-04,-3.943703787596874663e-04,-3.119869594058925582e-04,-2.454592117397705830e-04,-1.649109324186580632e-04,-8.460425194557252349e-05,-8.033140809293445872e-03,6.131891556781594865e-02,8.170038426068244397e-04,1.364370864141602191e-03,1.821354846538418212e-03,3.696316913941787106e-03,6.394751621984566016e-03,7.854391897357903760e-03,9.359467438963223196e-03,-3.688013655411199240e-04,1.783024139660556364e-03,9.969505476725938273e-04,7.395190512401509080e-04,5.210521461970327086e-04,4.022577863348812091e-04,3.616212484022845400e-04,3.021036452181791957e-04,2.088871810636335629e-04,1.551077952335496151e-04,-7.416131247269726681e-03,-1.456767016680958352e-03,-1.307352112220298715e-03,-1.191883136214344410e-03,-1.104588015920526713e-03,-8.918118336110797450e-04,-8.603520636821072138e-04,-5.939767340268902341e-04,-2.329456210461598045e-05,5.392385587393013976e-03,1.173841191127218556e-03,1.065041160386363990e-03,9.608573300758813064e-04,8.710187438316048048e-04,7.349605060915430192e-04,6.350217612891743231e-04,5.271543514488650746e-04,3.327794586373711977e-06,-4.750568560195446606e-03,-1.558706774313588922e-02,-1.889620321322827562e-02,-2.084246434869837031e-02,-2.193797511608717651e-02,-2.271661174300645611e-02,-2.315195503745530459e-02,-2.334068385457957820e-02,-2.332675528661802208e-02,-2.310729373695536229e-02,-2.195410309511867594e-02,-2.027279507984532797e-02,-1.803616277282508659e-02,-1.566681372660054528e-02,-1.263726109502160029e-02,-9.606258077564031050e-03,-6.686470140922549585e-03,-4.275012231624249204e-03,8.943885676379697419e-03,1.601858891387706804e-02,1.862413746015823338e-02,1.990991560826443907e-02,2.079947740547187507e-02,2.137552290193667215e-02,2.170376690342518122e-02,2.179757101946381420e-02,2.175380063746824855e-02,2.128186205445985191e-02,1.997485626223566985e-02,1.846413778374618106e-02,1.666378707913343180e-02,1.471976149950652950e-02,1.228929634183830409e-02,1.048734598831847602e-02,8.222700470820458463e-03,5.399353034445936519e-03
cyi,1.204999999999999995e-02,-2.727999999999999869e-02,-3.400000000000000244e-04,-5.999999999999999474e-04,-9.100000000000000016e-04,-2.089999999999999844e-03,-4.040000000000000188e-03,-5.440000000000000391e-03,-7.599999999999999985e-03,-1.580000000000000024e-03,-1.389999999999999960e-03,-7.900000000000000121e-04,-6.499999999999999702e-04,-5.800000000000000034e-04,-5.000000000000000104e-04,-4.400000000000000157e-04,-3.899999999999999929e-04,-2.999999999999999737e-04,-1.800000000000000113e-04,-8.030000000000000679e-03,2.741999999999999993e-02,3.899999999999999929e-04,6.999999999999999929e-04,1.010000000000000047e-03,2.230000000000000211e-03,4.230000000000000253e-03,5.749999999999999903e-03,7.689999999999999787e-03,-4.899999999999999842e-04,1.610000000000000103e-03,9.700000000000000505e-04,7.799999999999999859e-04,5.999999999999999474e-04,5.100000000000000366e-04,5.100000000000000366e-04,4.800000000000000122e-04,3.800000000000000209e-04,3.299999999999999982e-04,-1.158000000000000002e-02,-2.419999999999999842e-03,-2.320000000000000014e-03,-2.269999999999999882e-03,-2.269999999999999882e-03,-1.990000000000000015e-03,-2.099999999999999870e-03,-1.600000000000000077e-03,-6.999999999999999387e-05,8.420000000000000401e-03,1.949999999999999910e-03,1.889999999999999970e-03,1.830000000000000029e-03,1.789999999999999925e-03,1.639999999999999965e-03,1.549999999999999946e-03,1.420000000000000038e-03,1.000000000000000082e-05,-3.409999999999999837e-03,-1.192000000000000004e-02,-1.528000000000000018e-02,-1.788000000000000006e-02,-2.003999999999999879e-02,-2.219000000000000139e-02,-2.429999999999999868e-02,-2.647000000000000047e-02,-2.877000000000000043e-02,-3.114000000000000101e-02,-3.250000000000000111e-02,-3.329000000000000015e-02,-3.325000000000000178e-02,-3.291999999999999788e-02,-3.087000000000000161e-02,-2.801999999999999977e-02,-2.419999999999999929e-02,-2.037999999999999881e-02,6.429999999999999952e-03,1.225000000000000047e-02,1.506000000000000047e-02,1.708000000000000143e-02,1.899999999999999953e-02,2.087999999999999926e-02,2.278000000000000164e-02,2.471999999999999892e-02,2.682999999999999968e-02,2.868000000000000063e-02,2.956999999999999906e-02,3.031999999999999973e-02,3.072000000000000078e-02,3.092999999999999916e-02,3.002000000000000154e-02,3.058999999999999914e-02,2.976000000000000173e-02,2.573999999999999899e-02
cyi*c/cref,1.196530862200074520e-02,-6.106393211124953174e-02,-7.122597602213341520e-04,-1.169460740692801785e-03,-1.641022683514812251e-03,-3.464261143559790521e-03,-6.107516915559727325e-03,-7.430937725500348472e-03,-9.274048570550261564e-03,-1.189196239908100984e-03,-1.539381089520604293e-03,-8.119494151147929779e-04,-6.162658760334590539e-04,-5.036837413237983500e-04,-3.943703787596874663e-04,-3.119869594058925582e-04,-2.454592117397705830e-04,-1.649109324186580632e-04,-8.460425194557252349e-05,-7.973562509100912479e-03,6.134128656948242830e-02,8.170038426068244397e-04,1.364370864141602191e-03,1.821354846538418212e-03,3.696316913941787106e-03,6.394751621984566016e-03,7.854391897357903760e-03,9.383872829938355586e-03,-3.688013655411199240e-04,1.783024139660556364e-03,9.969505476725938273e-04,7.395190512401509080e-04,5.210521461970327086e-04,4.022577863348812091e-04,3.616212484022845400e-04,3.021036452181791957e-04,2.088871810636335629e-04,1.551077952335496151e-04,-7.416131247269726681e-03,-1.456767016680958352e-03,-1.307352112220298715e-03,-1.191883136214344410e-03,-1.104588015920526713e-03,-8.918118336110797450e-04,-8.603520636821072138e-04,-5.939767340268902341e-04,-2.329456210461598045e-05,5.392385587393013976e-03,1.173841191127218556e-03,1.065041160386363990e-03,9.608573300758813064e-04,8.710187438316048048e-04,7.349605060915430192e-04,6.350217612891743231e-04,5.271543514488650746e-04,3.327794586373711977e-06,-4.750568560195446606e-03,-1.558706774313588922e-02,-1.889620321322827562e-02,-2.084246434869837031e-02,-2.193797511608717651e-02,-2.271661174300645611e-02,-2.315195503745530459e-02,-2.334068385457957820e-02,-2.332675528661802208e-02,-2.310729373695536229e-02,-2.195410309511867594e-02,-2.027279507984532797e-02,-1.803616277282508659e-02,-1.566681372660054528e-02,-1.263726109502160029e-02,-9.606258077564031050e-03,-6.686470140922549585e-03,-4.275012231624249204e-03,8.957816962479978051e-03,1.601858891387706804e-02,1.862413746015823338e-02,1.990991560826443907e-02,2.079947740547187507e-02,2.137552290193667215e-02,2.170376690342518122e-02,2.179757101946381420e-02,2.175380063746824855e-02,2.128186205445985191e-02,1.997485626223566985e-02,1.846413778374618106e-02,1.666378707913343180e-02,1.471976149950652950e-02,1.228929634183830409e-02,1.048734598831847602e-02,8.222700470820458463e-03,5.399353034445936519e-03
cyo,6.000000000000000152e-05,0.000000000000000000e+00,0.000000000000000000e+00,0.000000000000000000e+00,0.000000000000000000e+00,0.000000000000000000e+00,0.000000000000000000e+00,0.000000000000000000e+00,2.000000000000000164e-05,0.000000000000000000e+00,0.000000000000000000e+00,0.000000000000000000e+00,0.000000000000000000e+00,0.000000000000000000e+00,0.000000000000000000e+00,0.000000000000000000e+00,0.000000000000000000e+00,0.000000000000000000e+00,0.000000000000000000e+00,-6.000000000000000152e-05,-0.000000000000000000e+00,0.000000000000000000e+00,0.000000000000000000e+00,0.000000000000000000e+00,0.000000000000000000e+00,0.000000000000000000e+00,0.000000000000000000e+00,-2.000000000000000164e-05,0.000000000000000000e+00,0.000000000000000000e+00,0.000000000000000000e+00,0.000000000000000000e+00,0.000000000000000000e+00,0.000000000000000000e+00,0.000000000000000000e+00,0.000000000000000000e+00,0.000000000000000000e+00,0.000000000000000000e+00,0.000000000000000000e+00,0.000000000000000000e+00,0.000000000000000000e+00,0.000000000000000000e+00,0.000000000000000000e+00,0.000000000000000000e+00,0.000000000000000000e+00,0.000000000000000000e+00,0.000000000000000000e+00,0.000000000000000000e+00,0.000000000000000000e+00,0.000000000000000000e+00,0.000000000000000000e+00,0.000000000000000000e+00,0.000000000000000000e+00,0.000000000000000000e+00,0.000000000000000000e+00,0.000000000000000000e+00,0.000000000000000000e+00,0.000000000000000000e+00,0.000000000000000000e+00,0.000000000000000000e+00,0.000000000000000000e+00,0.000000000000000000e+00,0.000000000000000000e+00,0.000000000000000000e+00,0.000000000000000000e+00,0.000000000000000000e+00,0.000000000000000000e+00,0.000000000000000000e+00,0.000000000000000000e+00,0.000000000000000000e+00,0.000000000000000000e+00,0.000000000000000000e+00,0.000000000000000000e+00,0.000000000000000000e+00,-0.000000000000000000e+00,0.000000000000000000e+00,0.000000000000000000e+00,0.000000000000000000e+00,0.000000000000000000e+00,0.000000000000000000e+00,0.000000000000000000e+00,0.000000000000000000e+00,0.000000000000000000e+00,0.000000000000000000e+00,0.000000000000000000e+00,0.000000000000000000e+00,0.000000000000000000e+00,0.000000000000000000e+00,0.000000000000000000e+00,0.000000000000000000e+00,0.000000000000000000e+00,0.000000000000000000e+00
cyo*c/cref,5.957830019253482928e-05,0.000000000000000000e+00,0.000000000000000000e+00,0.000000000000000000e+00,0.000000000000000000e+00,0.000000000000000000e+00,0.000000000000000000e+00,0.000000000000000000e+00,2.440539097513226856e-05,0.000000000000000000e+00,0.000000000000000000e+00,0.000000000000000000e+00,0.000000000000000000e+00,0.000000000000000000e+00,0.000000000000000000e+00,0.000000000000000000e+00,0.000000000000000000e+00,0.000000000000000000e+00,0.000000000000000000e+00,-5.957830019253482928e-05,-0.000000000000000000e+00,0.000000000000000000e+00,0.000000000000000000e+00,0.000000000000000000e+00,0.000000000000000000e+00,0.000000000000000000e+00,0.000000000000000000e+00,-2.440539097513226856e-05,0.000000000000000000e+00,0.000000000000000000e+00,0.000000000000000000e+00,0.000000000000000000e+00,0.000000000000000000e+00,0.000000000000000000e+00,0.000000000000000000e+00,0.000000000000000000e+00,0.000000000000000000e+00,0.000000000000000000e+00,0.000000000000000000e+00,0.000000000000000000e+00,0.000000000000000000e+00,0.000000000000000000e+00,0.000000000000000000e+00,0.000000000000000000e+00,0.000000000000000000e+00,0.000000000000000000e+00,0.000000000000000000e+00,0.000000000000000000e+00,0.000000000000000000e+00,0.000000000000000000e+00,0.000000000000000000e+00,0.000000000000000000e+00,0.000000000000000000e+00,0.000000000000000000e+00,0.000000000000000000e+00,0.000000000000000000e+00,0.000000000000000000e+00,0.000000000000000000e+00,0.000000000000000000e+00,0.000000000000000000e+00,0.000000000000000000e+00,0.000000000000000000e+00,0.000000000000000000e+00,0.000000000000000000e+00,0.000000000000000000e+00,0.000000000000000000e+00,0.000000000000000000e+00,0.000000000000000000e+00,0.000000000000000000e+00,0.000000000000000000e+00,0.000000000000000000e+00,0.000000000000000000e+00,0.000000000000000000e+00,0.000000000000000000e+00,-0.000000000000000000e+00,0.000000000000000000e+00,0.000000000000000000e+00,0.000000000000000000e+00,0.000000000000000000e+00,0.000000000000000000e+00,0.000000000000000000e+00,0.000000000000000000e+00,0.000000000000000000e+00,0.000000000000000000e+00,0.000000000000000000e+00,0.000000000000000000e+00,0.000000000000000000e+00,0.000000000000000000e+00,0.000000000000000000e+00,0.000000000000000000e+00,0.000000000000000000e+00,0.000000000000000000e+00
cz,-1.518599999999999950e-01,1.237000000000000079e-02,1.966000000000000039e-02,1.870000000000000134e-02,1.833999999999999866e-02,1.822999999999999968e-02,1.836000000000000132e-02,1.901999999999999871e-02,2.722000000000000114e-02,9.499999999999999981e-04,1.085999999999999986e-02,1.008000000000000042e-02,9.350000000000000672e-03,8.989999999999999727e-03,8.370000000000000703e-03,7.530000000000000235e-03,6.649999999999999661e-03,5.279999999999999971e-03,2.739999999999999814e-03,-1.549500000000000044e-01,1.308999999999999921e-02,2.118000000000000091e-02,2.058000000000000107e-02,2.091000000000000150e-02,2.144000000000000072e-02,2.211000000000000118e-02,2.329000000000000167e-02,2.943000000000000130e-02,-2.057000000000000148e-02,1.413000000000000020e-02,1.315000000000000023e-02,1.149999999999999981e-02,9.010000000000000647e-03,8.540000000000000716e-03,8.510000000000000203e-03,7.950000000000000469e-03,6.499999999999999702e-03,4.570000000000000277e-03,-2.307000000000000023e-02,-4.095000000000000029e-02,-3.903000000000000219e-02,-4.093999999999999723e-02,-3.715000000000000246e-02,-3.737999999999999656e-02,-3.063000000000000098e-02,-2.764000000000000137e-02,-1.893999999999999850e-02,-2.052000000000000005e-02,-3.382000000000000284e-02,-3.230000000000000232e-02,-3.291000000000000175e-02,-3.045000000000000137e-02,-3.063000000000000098e-02,-2.761999999999999872e-02,-2.603000000000000105e-02,-1.812000000000000069e-02,-4.530000000000000172e-03,-1.900000000000000105e-04,1.369999999999999907e-03,1.860000000000000108e-03,2.180000000000000080e-03,2.550000000000000183e-03,2.990000000000000036e-03,3.320000000000000034e-03,3.769999999999999914e-03,3.550000000000000204e-03,3.850000000000000124e-03,4.049999999999999781e-03,4.080000000000000293e-03,4.029999999999999728e-03,3.700000000000000164e-03,3.289999999999999956e-03,2.820000000000000024e-03,2.759999999999999867e-03,-3.629999999999999980e-03,-1.869999999999999917e-03,1.129999999999999928e-03,1.770000000000000089e-03,2.109999999999999896e-03,2.409999999999999816e-03,2.809999999999999998e-03,3.099999999999999891e-03,3.439999999999999915e-03,3.269999999999999903e-03,3.449999999999999942e-03,3.599999999999999901e-03,3.670000000000000085e-03,3.690000000000000138e-03,3.579999999999999849e-03,3.619999999999999954e-03,3.550000000000000204e-03,3.919999999999999873e-03
cz*c/cref,-1.507926777873056512e-01,2.768918035982979517e-02,4.118537319397479191e-02,3.644819308492566051e-02,3.307291869852928973e-02,3.021697638616984913e-02,2.775594321031598852e-02,2.598096241526040573e-02,3.321573711715501698e-02,7.150230556409467803e-04,1.202710692963580158e-02,1.036006342323685277e-02,8.864747601404373428e-03,7.807097990518873341e-03,6.601760140437168758e-03,5.339231373469024641e-03,4.185394251460190611e-03,2.902432410568382172e-03,1.287864724060381640e-03,-1.538609602472212068e-01,2.928364118141958336e-02,4.436959329849370082e-02,4.011250340576311135e-02,3.770745528823596371e-02,3.553768369278560713e-02,3.342504925817464667e-02,3.181370213729836638e-02,3.591253281990713225e-02,-1.548213079424660792e-02,1.564852862944326670e-02,1.351536051741712360e-02,1.090316549905350624e-02,7.824466395392108350e-03,6.735846069215462549e-03,6.034111419418512062e-03,5.003591623926093024e-03,3.573070202404258090e-03,2.148007952173702252e-03,-1.477462416878346993e-02,-2.465066501367159033e-02,-2.199394523274062971e-02,-2.149590114388337525e-02,-1.807728845438219198e-02,-1.675172177908651125e-02,-1.254884938599187816e-02,-1.026094808031452824e-02,-6.302842946591809617e-03,-1.314153827236397114e-02,-2.035862004303719622e-02,-1.820149707961881552e-02,-1.727968018185642440e-02,-1.481705069814098774e-02,-1.372673189120973518e-02,-1.131567809471419050e-02,-9.663258991699969630e-03,-6.029963790509166102e-03,-6.310872603426795867e-03,-2.484515831540116894e-04,1.694227644117980063e-03,2.168175821508890912e-03,2.386466354943615146e-03,2.610516446357208798e-03,2.848738500493471718e-03,2.927505492905334555e-03,3.056721148090022541e-03,2.634261167828887227e-03,2.600716828190981818e-03,2.466350858317019421e-03,2.213159221447409154e-03,1.917899736275826368e-03,1.514670102091996177e-03,1.127929660070865975e-03,7.791671817108095826e-04,5.789516074231073305e-04,-5.057056854401604899e-03,-2.445286634200009423e-03,1.397428640768844923e-03,2.063264088210073344e-03,2.309836701344508084e-03,2.467193974792499227e-03,2.677242537253062167e-03,2.733514165062209816e-03,2.789156697461452842e-03,2.426488456000129666e-03,2.330512482404905814e-03,2.192311874059572722e-03,1.990758417331370440e-03,1.756091818078858550e-03,1.465545666348471799e-03,1.241065461840892099e-03,9.808664876146716734e-04,8.222790946009351370e-04
czi,-1.518700000000000050e-01,1.237000000000000079e-02,1.966000000000000039e-02,1.870000000000000134e-02,1.833999999999999866e-02,1.822999999999999968e-02,1.836000000000000132e-02,1.901999999999999871e-02,2.722000000000000114e-02,9.499999999999999981e-04,1.085999999999999986e-02,1.008000000000000042e-02,9.350000000000000672e-03,8.989999999999999727e-03,8.370000000000000703e-03,7.530000000000000235e-03,6.649999999999999661e-03,5.279999999999999971e-03,2.739999999999999814e-03,-1.549500000000000044e-01,1.308999999999999921e-02,2.118000000000000091e-02,2.058000000000000107e-02,2.091000000000000150e-02,2.144000000000000072e-02,2.211000000000000118e-02,2.329000000000000167e-02,2.943000000000000130e-02,-2.057000000000000148e-02,1.413000000000000020e-02,1.315000000000000023e-02,1.149999999999999981e-02,9.010000000000000647e-03,8.540000000000000716e-03,8.510000000000000203e-03,7.950000000000000469e-03,6.499999999999999702e-03,4.570000000000000277e-03,-2.307000000000000023e-02,-4.095000000000000029e-02,-3.903000000000000219e-02,-4.093999999999999723e-02,-3.715000000000000246e-02,-3.737999999999999656e-02,-3.063000000000000098e-02,-2.764000000000000137e-02,-1.893999999999999850e-02,-2.052000000000000005e-02,-3.382000000000000284e-02,-3.230000000000000232e-02,-3.291000000000000175e-02,-3.045000000000000137e-02,-3.063000000000000098e-02,-2.761999999999999872e-02,-2.603000000000000105e-02,-1.812000000000000069e-02,-4.550000000000000225e-03,-1.900000000000000105e-04,1.369999999999999907e-03,1.860000000000000108e-03,2.180000000000000080e-03,2.550000000000000183e-03,2.990000000000000036e-03,3.320000000000000034e-03,3.769999999999999914e-03,3.550000000000000204e-03,3.850000000000000124e-03,4.049999999999999781e-03,4.080000000000000293e-03,4.029999999999999728e-03,3.700000000000000164e-03,3.289999999999999956e-03,2.820000000000000024e-03,2.759999999999999867e-03,-3.650000000000000033e-03,-1.869999999999999917e-03,1.129999999999999928e-03,1.770000000000000089e-03,2.109999999999999896e-03,2.409999999999999816e-03,2.809999999999999998e-03,3.099999999999999891e-03,3.439999999999999915e-03,3.269999999999999903e-03,3.449999999999999942e-03,3.599999999999999901e-03,3.670000000000000085e-03,3.690000000000000138e-03,3.579999999999999849e-03,3.619999999999999954e-03,3.550000000000000204e-03,3.919999999999999873e-03
czi*c/cref,-1.508026075040044267e-01,2.768918035982979517e-02,4.118537319397479191e-02,3.644819308492566051e-02,3.307291869852928973e-02,3.021697638616984913e-02,2.775594321031598852e-02,2.598096241526040573e-02,3.321573711715501698e-02,7.150230556409467803e-04,1.202710692963580158e-02,1.036006342323685277e-02,8.864747601404373428e-03,7.807097990518873341e-03,6.601760140437168758e-03,5.339231373469024641e-03,4.185394251460190611e-03,2.902432410568382172e-03,1.287864724060381640e-03,-1.538609602472212068e-01,2.928364118141958336e-02,4.436959329849370082e-02,4.011250340576311135e-02,3.770745528823596371e-02,3.553768369278560713e-02,3.342504925817464667e-02,3.181370213729836638e-02,3.591253281990713225e-02,-1.548213079424660792e-02,1.564852862944326670e-02,1.351536051741712360e-02,1.090316549905350624e-02,7.824466395392108350e-03,6.735846069215462549e-03,6.034111419418512062e-03,5.003591623926093024e-03,3.573070202404258090e-03,2.148007952173702252e-03,-1.477462416878346993e-02,-2.465066501367159033e-02,-2.199394523274062971e-02,-2.149590114388337525e-02,-1.807728845438219198e-02,-1.675172177908651125e-02,-1.254884938599187816e-02,-1.026094808031452824e-02,-6.302842946591809617e-03,-1.314153827236397114e-02,-2.035862004303719622e-02,-1.820149707961881552e-02,-1.727968018185642440e-02,-1.481705069814098774e-02,-1.372673189120973518e-02,-1.131567809471419050e-02,-9.663258991699969630e-03,-6.029963790509166102e-03,-6.338735175627356264e-03,-2.484515831540116894e-04,1.694227644117980063e-03,2.168175821508890912e-03,2.386466354943615146e-03,2.610516446357208798e-03,2.848738500493471718e-03,2.927505492905334555e-03,3.056721148090022541e-03,2.634261167828887227e-03,2.600716828190981818e-03,2.466350858317019421e-03,2.213159221447409154e-03,1.917899736275826368e-03,1.514670102091996177e-03,1.127929660070865975e-03,7.791671817108095826e-04,5.789516074231073305e-04,-5.084919426602164429e-03,-2.445286634200009423e-03,1.397428640768844923e-03,2.063264088210073344e-03,2.309836701344508084e-03,2.467193974792499227e-03,2.677242537253062167e-03,2.733514165062209816e-03,2.789156697461452842e-03,2.426488456000129666e-03,2.330512482404905814e-03,2.192311874059572722e-03,1.990758417331370440e-03,1.756091818078858550e-03,1.465545666348471799e-03,1.241065461840892099e-03,9.808664876146716734e-04,8.222790946009351370e-04
czo,0.000000000000000000e+00,0.000000000000000000e+00,0.000000000000000000e+00,0.000000000000000000e+00,0.000000000000000000e+00,0.000000000000000000e+00,0.000000000000000000e+00,0.000000000000000000e+00,0.000000000000000000e+00,0.000000000000000000e+00,0.000000000000000000e+00,0.000000000000000000e+00,0.000000000000000000e+00,0.000000000000000000e+00,0.000000000000000000e+00,0.000000000000000000e+00,0.000000000000000000e+00,0.000000000000000000e+00,0.000000000000000000e+00,0.000000000000000000e+00,0.000000000000000000e+00,0.000000000000000000e+00,0.000000000000000000e+00,0.000000000000000000e+00,0.000000000000000000e+00,0.000000000000000000e+00,0.000000000000000000e+00,0.000000000000000000e+00,0.000000000000000000e+00,0.000000000000000000e+00,0.000000000000000000e+00,0.000000000000000000e+00,0.000000000000000000e+00,0.000000000000000000e+00,0.000000000000000000e+00,0.000000000000000000e+00,0.000000000000000000e+00,0.000000000000000000e+00,0.000000000000000000e+00,0.000000000000000000e+00,0.000000000000000000e+00,0.000000000000000000e+00,0.000000000000000000e+00,0.000000000000000000e+00,0.000000000000000000e+00,0.000000000000000000e+00,0.000000000000000000e+00,0.000000000000000000e+00,0.000000000000000000e+00,0.000000000000000000e+00,0.000000000000000000e+00,0.000000000000000000e+00,0.000000000000000000e+00,0.000000000000000000e+00,0.000000000000000000e+00,0.000000000000000000e+00,2.000000000000000164e-05,0.000000000000000000e+00,0.000000000000000000e+00,0.000000000000000000e+00,0.000000000000000000e+00,0.000000000000000000e+00,0.000000000000000000e+00,0.000000000000000000e+00,0.000000000000000000e+00,0.000000000000000000e+00,0.000000000000000000e+00,0.000000000000000000e+00,0.000000000000000000e+00,0.000000000000000000e+00,0.000000000000000000e+00,0.000000000000000000e+00,0.000000000000000000e+00,0.000000000000000000e+00,2.000000000000000164e-05,0.000000000000000000e+00,0.000000000000000000e+00,0.000000000000000000e+00,0.000000000000000000e+00,0.000000000000000000e+00,0.000000000000000000e+00,0.000000000000000000e+00,0.000000000000000000e+00,0.000000000000000000e+00,0.000000000000000000e+00,0.000000000000000000e+00,0.000000000000000000e+00,0.000000000000000000e+00,0.000000000000000000e+00,0.000000000000000000e+00,0.000000000000000000e+00,0.000000000000000000e+00
czo*c/cref,0.000000000000000000e+00,0.000000000000000000e+00,0.000000000000000000e+00,0.000000000000000000e+00,0.000000000000000000e+00,0.000000000000000000e+00,0.000000000000000000e+00,0.000000000000000000e+00,0.000000000000000000e+00,0.000000000000000000e+00,0.000000000000000000e+00,0.000000000000000000e+00,0.000000000000000000e+00,0.000000000000000000e+00,0.000000000000000000e+00,0.000000000000000000e+00,0.000000000000000000e+00,0.000000000000000000e+00,0.000000000000000000e+00,0.000000000000000000e+00,0.000000000000000000e+00,0.000000000000000000e+00,0.000000000000000000e+00,0.000000000000000000e+00,0.000000000000000000e+00,0.000000000000000000e+00,0.000000000000000000e+00,0.000000000000000000e+00,0.000000000000000000e+00,0.000000000000000000e+00,0.000000000000000000e+00,0.000000000000000000e+00,0.000000000000000000e+00,0.000000000000000000e+00,0.000000000000000000e+00,0.000000000000000000e+00,0.000000000000000000e+00,0.000000000000000000e+00,0.000000000000000000e+00,0.000000000000000000e+00,0.000000000000000000e+00,0.000000000000000000e+00,0.000000000000000000e+00,0.000000000000000000e+00,0.000000000000000000e+00,0.000000000000000000e+00,0.000000000000000000e+00,0.000000000000000000e+00,0.000000000000000000e+00,0.000000000000000000e+00,0.000000000000000000e+00,0.000000000000000000e+00,0.000000000000000000e+00,0.000000000000000000e+00,0.000000000000000000e+00,0.000000000000000000e+00,2.786257220055980726e-05,0.000000000000000000e+00,0.000000000000000000e+00,0.000000000000000000e+00,0.000000000000000000e+00,0.000000000000000000e+00,0.000000000000000000e+00,0.000000000000000000e+00,0.000000000000000000e+00,0.000000000000000000e+00,0.000000000000000000e+00,0.000000000000000000e+00,0.000000000000000000e+00,0.000000000000000000e+00,0.000000000000000000e+00,0.000000000000000000e+00,0.000000000000000000e+00,0.000000000000000000e+00,2.786257220055980726e-05,0.000000000000000000e+00,0.000000000000000000e+00,0.000000000000000000e+00,0.000000000000000000e+00,0.000000000000000000e+00,0.000000000000000000e+00,0.000000000000000000e+00,0.000000000000000000e+00,0.000000000000000000e+00,0.000000000000000000e+00,0.000000000000000000e+00,0.000000000000000000e+00,0.000000000000000000e+00,0.000000000000000000e+00,0.000000000000000000e+00,0.000000000000000000e+00,0.000000000000000000e+00
dArea,3.287720000000000198e+00,1.468947999999999965e+01,1.374761999999999951e+01,1.279094000000000086e+01,1.183426000000000045e+01,1.087758000000000003e+01,9.920909999999999229e+00,8.964230000000000587e+00,6.522160000000000402e+00,9.162299999999999889e-01,1.877415999999999840e+01,1.742284000000000077e+01,1.607170999999999950e+01,1.472076000000000029e+01,1.336993999999999971e+01,1.201923000000000030e+01,1.066859999999999964e+01,9.318020000000000636e+00,7.967450000000000365e+00,3.287720000000000198e+00,1.468082000000000065e+01,1.374761999999999951e+01,1.279094000000000086e+01,1.183426000000000045e+01,1.087758000000000003e+01,9.920909999999999229e+00,8.964230000000000587e+00,6.522160000000000402e+00,9.162299999999999889e-01,1.877415999999999840e+01,1.742284000000000077e+01,1.607170999999999950e+01,1.472076000000000029e+01,1.336993999999999971e+01,1.201923000000000030e+01,1.066859999999999964e+01,9.318020000000000636e+00,7.967450000000000365e+00,5.516650000000000276e+00,5.185399999999999565e+00,4.854140000000000121e+00,4.522879999999999789e+00,4.191620000000000346e+00,3.860360000000000014e+00,3.529100000000000126e+00,3.197839999999999794e+00,2.866579999999999906e+00,5.516650000000000276e+00,5.185399999999999565e+00,4.854140000000000121e+00,4.522879999999999789e+00,4.191620000000000346e+00,3.860360000000000014e+00,3.529100000000000126e+00,3.197839999999999794e+00,2.866579999999999906e+00,4.759769999999999612e+00,4.468689999999999607e+00,4.226140000000000008e+00,3.983579999999999899e+00,3.741029999999999855e+00,3.498470000000000191e+00,3.255920000000000147e+00,3.013360000000000039e+00,2.770809999999999995e+00,7.095919999999999561e+00,6.459670000000000023e+00,5.823419999999999597e+00,5.187170000000000059e+00,4.550910000000000011e+00,3.914660000000000029e+00,3.278410000000000046e+00,2.642160000000000064e+00,2.005910000000000082e+00,4.759769999999999612e+00,4.468689999999999607e+00,4.226140000000000008e+00,3.983579999999999899e+00,3.741029999999999855e+00,3.498470000000000191e+00,3.255920000000000147e+00,3.013360000000000039e+00,2.770809999999999995e+00,7.095919999999999561e+00,6.459670000000000023e+00,5.823419999999999597e+00,5.187170000000000059e+00,4.550910000000000011e+00,3.914660000000000029e+00,3.278410000000000046e+00,2.642160000000000064e+00,2.005910000000000082e+00
dSpan,2.678499999999999770e-01,5.308800000000000185e-01,5.308800000000000185e-01,5.308800000000000185e-01,5.308800000000000185e-01,5.308800000000000185e-01,5.308800000000000185e-01,5.308800000000000185e-01,4.323799999999999866e-01,9.847999999999999809e-02,1.371390000000000109e+00,1.371350000000000069e+00,1.371320000000000094e+00,1.371299999999999963e+00,1.371280000000000054e+00,1.371280000000000054e+00,1.371280000000000054e+00,1.371280000000000054e+00,1.371299999999999963e+00,2.678499999999999770e-01,5.308800000000000185e-01,5.308800000000000185e-01,5.308800000000000185e-01,5.308800000000000185e-01,5.308800000000000185e-01,5.308800000000000185e-01,5.308800000000000185e-01,4.323799999999999866e-01,9.847999999999999809e-02,1.371390000000000109e+00,1.371350000000000069e+00,1.371320000000000094e+00,1.371299999999999963e+00,1.371280000000000054e+00,1.371280000000000054e+00,1.371280000000000054e+00,1.371280000000000054e+00,1.371299999999999963e+00,6.968499999999999694e-01,6.968499999999999694e-01,6.968499999999999694e-01,6.968499999999999694e-01,6.968499999999999694e-01,6.968499999999999694e-01,6.968499999999999694e-01,6.968499999999999694e-01,6.968499999999999694e-01,6.968499999999999694e-01,6.968499999999999694e-01,6.968499999999999694e-01,6.968499999999999694e-01,6.968499999999999694e-01,6.968499999999999694e-01,6.968499999999999694e-01,6.968499999999999694e-01,6.968499999999999694e-01,2.763900000000000245e-01,2.764599999999999835e-01,2.764599999999999835e-01,2.764599999999999835e-01,2.764599999999999835e-01,2.764599999999999835e-01,2.764599999999999835e-01,2.764599999999999835e-01,2.764599999999999835e-01,7.735899999999999999e-01,7.735899999999999999e-01,7.735899999999999999e-01,7.735899999999999999e-01,7.735899999999999999e-01,7.735899999999999999e-01,7.735899999999999999e-01,7.735899999999999999e-01,7.735899999999999999e-01,2.763900000000000245e-01,2.764599999999999835e-01,2.764599999999999835e-01,2.764599999999999835e-01,2.764599999999999835e-01,2.764599999999999835e-01,2.764599999999999835e-01,2.764599999999999835e-01,2.764599999999999835e-01,7.735899999999999999e-01,7.735899999999999999e-01,7.735899999999999999e-01,7.735899999999999999e-01,7.735899999999999999e-01,7.735899999999999999e-01,7.735899999999999999e-01,7.735899999999999999e-01,7.735899999999999999e-01
roverR,inf,inf,inf,inf,inf,inf,inf,inf,inf,inf,inf,inf,inf,inf,inf,inf,inf,inf,inf,inf,inf,inf,inf,inf,inf,inf,inf,inf,inf,inf,inf,inf,inf,inf,inf,inf,inf,inf,inf,inf,inf,inf,inf,inf,inf,inf,inf,inf,inf,inf,inf,inf,inf,inf,inf,inf,inf,inf,inf,inf,inf,inf,inf,inf,inf,inf,inf,inf,inf,inf,inf,inf,inf,inf,inf,inf,inf,inf,inf,inf,inf,inf,inf,inf,inf,inf,inf,inf,inf,inf,inf,inf
Results_Name,CpSlice_Wrapper
Results_Timestamp,1788933843
Results_Date,9,9,2026
Results_Time,9,4,3
CpSlice_Case_ID_Vec,QZFLGNI
Num_Cuts,1
