Results_Name,VSPAERO_Wrapper
Results_Timestamp,1788934429
Results_Date,9,9,2026
Results_Time,9,13,49
Analysis_Duration_Sec,3.140099999999999980e+01
ResultsVec,VSPAERO_History,VSPAERO_Polar,VSPAERO_Load,CpSlice_Wrapper
Results_Name,VSPAERO_History
Results_Timestamp,1788934428
Results_Date,9,9,2026
Results_Time,9,13,48
Alpha,1.000000000000000000e+00,1.000000000000000000e+00,1.000000000000000000e+00,1.000000000000000000e+00,1.000000000000000000e+00,1.000000000000000000e+00,1.000000000000000000e+00
Beta,0.000000000000000000e+00,0.000000000000000000e+00,0.000000000000000000e+00,0.000000000000000000e+00,0.000000000000000000e+00,0.000000000000000000e+00,0.000000000000000000e+00
CDi,0.000000000000000000e+00,7.692052940000000368e-04,7.746564129999999535e-04,7.770604010000000143e-04,7.771213100000000373e-04,7.771175980000000162e-04,7.771138399999999620e-04
CDiw,0.000000000000000000e+00,0.000000000000000000e+00,0.000000000000000000e+00,0.000000000000000000e+00,0.000000000000000000e+00,0.000000000000000000e+00,0.000000000000000000e+00
CDo,8.620749288999999746e-03,8.630622782000000465e-03,8.633616070999999489e-03,8.633680079999999160e-03,8.633677294000000751e-03,8.633677290000000767e-03,8.633677236000000116e-03
CDtot,8.620749288999999746e-03,9.399828076000000393e-03,9.408272484000000310e-03,9.410740480999999283e-03,9.410798604000000789e-03,9.410794888000000025e-03,9.410791077000000074e-03
CDwtot,8.620749288999999746e-03,8.630622782000000465e-03,8.633616070999999489e-03,8.633680079999999160e-03,8.633677294000000751e-03,8.633677290000000767e-03,8.633677236000000116e-03
CFxi,0.000000000000000000e+00,6.815829300000000185e-05,1.273088000000000024e-06,7.038600000000000572e-08,-3.217999999999999848e-09,6.240000000000000165e-10,-1.400000000000000012e-11
CFxiw,0.000000000000000000e+00,0.000000000000000000e+00,0.000000000000000000e+00,0.000000000000000000e+00,0.000000000000000000e+00,0.000000000000000000e+00,0.000000000000000000e+00
CFxo,8.622055551999999526e-03,8.631930548000000744e-03,8.634924292999999682e-03,8.634988312000000180e-03,8.634985524999999607e-03,8.634985520999999623e-03,8.634985467999999401e-03
CFxtot,8.622055551999999526e-03,8.700088841000000461e-03,8.636197381000000617e-03,8.635058698000000824e-03,8.634982306999999455e-03,8.634986145000000599e-03,8.634985454000000324e-03
CFxwtot,8.622055551999999526e-03,8.631930548000000744e-03,8.634924292999999682e-03,8.634988312000000180e-03,8.634985524999999607e-03,8.634985520999999623e-03,8.634985467999999401e-03
CFyi,0.000000000000000000e+00,-1.800793499999999990e-05,4.537088799999999670e-05,5.181331399999999904e-05,5.125434600000000070e-05,5.125079100000000273e-05,5.125854100000000279e-05
CFyiw,0.000000000000000000e+00,0.000000000000000000e+00,0.000000000000000000e+00,0.000000000000000000e+00,0.000000000000000000e+00,0.000000000000000000e+00,0.000000000000000000e+00
CFyo,0.000000000000000000e+00,-1.999999999999999879e-11,3.000000000000000142e-12,1.999999999999999960e-12,1.999999999999999960e-12,1.999999999999999960e-12,1.999999999999999960e-12
CFytot,0.000000000000000000e+00,-1.800795500000000130e-05,4.537089099999999826e-05,5.181331599999999783e-05,5.125434799999999949e-05,5.125079300000000152e-05,5.125854399999999758e-05
CFywtot,0.000000000000000000e+00,-1.999999999999999879e-11,3.000000000000000142e-12,1.999999999999999960e-12,1.999999999999999960e-12,1.999999999999999960e-12,1.999999999999999960e-12
CFzi,0.000000000000000000e+00,4.016966858200000240e-02,4.431386135100000290e-02,4.452050942599999894e-02,4.452821623099999931e-02,4.452778345200000126e-02,4.452760467099999703e-02
CFziw,0.000000000000000000e+00,0.000000000000000000e+00,0.000000000000000000e+00,0.000000000000000000e+00,0.000000000000000000e+00,0.000000000000000000e+00,0.000000000000000000e+00
CFzo,3.963969999999999992e-07,3.964280000000000079e-07,3.964309999999999848e-07,3.964309999999999848e-07,3.964309999999999848e-07,3.964309999999999848e-07,3.964309999999999848e-07
CFztot,3.963969999999999992e-07,4.017006500999999868e-02,4.431425778200000221e-02,4.452090585699999825e-02,4.452861266199999862e-02,4.452817988300000057e-02,4.452800110300000197e-02
CFzwtot,3.963969999999999992e-07,3.964280000000000079e-07,3.964309999999999848e-07,3.964309999999999848e-07,3.964309999999999848e-07,3.964309999999999848e-07,3.964309999999999848e-07
CLi,0.000000000000000000e+00,4.016236102000000224e-02,4.430708991699999766e-02,4.451372750799999917e-02,4.452143442400000040e-02,4.452100164399999671e-02,4.452082290199999709e-02
CLiw,0.000000000000000000e+00,0.000000000000000000e+00,0.000000000000000000e+00,0.000000000000000000e+00,0.000000000000000000e+00,0.000000000000000000e+00,0.000000000000000000e+00
CLo,-1.500792809999999995e-04,-1.502515920000000013e-04,-1.503038370000000037e-04,-1.503049550000000087e-04,-1.503049059999999877e-04,-1.503049059999999877e-04,-1.503049049999999917e-04
CLtot,-1.500792809999999995e-04,4.001210942800000059e-02,4.415678608000000310e-02,4.436342255299999954e-02,4.437112951799999927e-02,4.437069673699999689e-02,4.437051799700000160e-02
CLwtot,-1.500792809999999995e-04,-1.502515920000000013e-04,-1.503038370000000037e-04,-1.503049550000000087e-04,-1.503049059999999877e-04,-1.503049059999999877e-04,-1.503049049999999917e-04
CMxi,0.000000000000000000e+00,-2.517341300000000082e-05,-9.816218999999999604e-06,-2.980209999999999923e-07,-9.696499999999998980e-07,-1.249916999999999929e-06,-1.257024000000000020e-06
CMxo,0.000000000000000000e+00,0.000000000000000000e+00,-0.000000000000000000e+00,-0.000000000000000000e+00,-0.000000000000000000e+00,-0.000000000000000000e+00,-0.000000000000000000e+00
CMxtot,0.000000000000000000e+00,-2.517341300000000082e-05,-9.816218999999999604e-06,-2.980209999999999923e-07,-9.696499999999998980e-07,-1.249916999999999929e-06,-1.257024000000000020e-06
CMyi,0.000000000000000000e+00,-4.856375765499999775e-02,-5.430702465199999801e-02,-5.489586380800000331e-02,-5.492696849200000286e-02,-5.492502659299999812e-02,-5.492457279199999820e-02
CMyo,5.827171639999999524e-04,5.826280999999999995e-04,5.826408230000000099e-04,5.826491970000000509e-04,5.826485730000000507e-04,5.826485069999999891e-04,5.826485119999999691e-04
CMytot,5.827171639999999524e-04,-4.798112955600000035e-02,-5.372438382800000245e-02,-5.431321461099999914e-02,-5.434431992000000183e-02,-5.434237808600000247e-02,-5.434192427900000344e-02
CMzi,0.000000000000000000e+00,-7.647094000000000276e-06,4.196434900000000143e-05,4.793158100000000169e-05,4.747907099999999813e-05,4.746451399999999758e-05,4.747015799999999668e-05
CMzo,-0.000000000000000000e+00,8.728999999999999945e-09,2.354999999999999829e-09,-1.499999999999999990e-09,-1.238000000000000068e-09,-1.137999999999999999e-09,-1.136000000000000006e-09
CMztot,-0.000000000000000000e+00,-7.638363999999999430e-06,4.196670399999999677e-05,4.793008099999999840e-05,4.747783299999999826e-05,4.746337599999999793e-05,4.746902200000000259e-05
CSi,0.000000000000000000e+00,-1.800793499999999990e-05,4.537088799999999670e-05,5.181331399999999904e-05,5.125434600000000070e-05,5.125079100000000273e-05,5.125854100000000279e-05
CSiw,0.000000000000000000e+00,0.000000000000000000e+00,0.000000000000000000e+00,0.000000000000000000e+00,0.000000000000000000e+00,0.000000000000000000e+00,0.000000000000000000e+00
CSo,0.000000000000000000e+00,-1.999999999999999879e-11,3.000000000000000142e-12,1.999999999999999960e-12,1.999999999999999960e-12,1.999999999999999960e-12,1.999999999999999960e-12
CStot,0.000000000000000000e+00,-1.800795500000000130e-05,4.537089099999999826e-05,5.181331599999999783e-05,5.125434799999999949e-05,5.125079300000000152e-05,5.125854399999999758e-05
CSwtot,0.000000000000000000e+00,-1.999999999999999879e-11,3.000000000000000142e-12,1.999999999999999960e-12,1.999999999999999960e-12,1.999999999999999960e-12,1.999999999999999960e-12
E,0.000000000000000000e+00,1.968397949210000109e-01,2.378778638250000077e-01,2.393590460420000066e-01,2.394231695310000130e-01,2.394196583609999873e-01,2.394188936630000097e-01
Ew,0.000000000000000000e+00,0.000000000000000000e+00,0.000000000000000000e+00,0.000000000000000000e+00,0.000000000000000000e+00,0.000000000000000000e+00,0.000000000000000000e+00
FC_AoA_,1.000000000000000000e+00
FC_Beta_,0.000000000000000000e+00
FC_Bref_,3.727034100000000194e+01
FC_Cref_,1.236139999999999972e+01
FC_Mach_,1.699999999999999956e+00
FC_Pitch_Rate,0.000000000000000000e+00
FC_ReCref_,1.000000000000000000e+07
FC_Rho_,2.377000000000000206e-03
FC_Roll__Rate,0.000000000000000000e+00
FC_Sref_,4.096313739999999939e+02
FC_Vinf_,1.000000000000000000e+02
FC_Xcg_,2.046778000000000119e+01
FC_Yaw___Rate,0.000000000000000000e+00
FC_Ycg_,0.000000000000000000e+00
FC_Zcg_,0.000000000000000000e+00
L/D,0.000000000000000000e+00,4.272669744036999617e+00,4.709375710754000188e+00,4.730098295594999946e+00,4.730888025491999826e+00,4.730843905647000192e+00,4.730826828444000043e+00
L/Dw,0.000000000000000000e+00,0.000000000000000000e+00,0.000000000000000000e+00,0.000000000000000000e+00,0.000000000000000000e+00,0.000000000000000000e+00,0.000000000000000000e+00
Mach,1.699999999999999956e+00,1.699999999999999956e+00,1.699999999999999956e+00,1.699999999999999956e+00,1.699999999999999956e+00,1.699999999999999956e+00,1.699999999999999956e+00
T/QS,0.000000000000000000e+00,0.000000000000000000e+00,0.000000000000000000e+00,0.000000000000000000e+00,0.000000000000000000e+00,0.000000000000000000e+00,0.000000000000000000e+00
WakeIter,1,2,3,4,5,6,7
WallTime,1.691999999994999948e+00,5.258999999998000163e+00,8.641999999999999460e+00,1.235899999999699972e+01,1.663699999999499823e+01,2.103600000000000136e+01,2.550699999999800127e+01
log10( L2Residual ),-1.819568930530000017e-01,-3.575267266309999914e-01,-1.222100922769999931e+00,-2.220468358376999962e+00,-3.324345027675000175e+00,-4.339643949287999902e+00,-5.390226114887999742e+00
log10( MaxResidual ),2.412597247190000072e-01,9.067929978459999818e-01,1.781380362939999906e-01,-6.616033954850000232e-01,-1.914933406575000108e+00,-2.801306391915999949e+00,-3.695110999538000041e+00
Results_Name,VSPAERO_Polar
Results_Timestamp,1788934428
Results_Date,9,9,2026
Results_Time,9,13,48
Alpha,1.000000000000000000e+00
Beta,0.000000000000000000e+00
CDi,7.771138399999999620e-04
CDiw,0.000000000000000000e+00
CDo,8.633677236000000116e-03
CDtot,9.410791077000000074e-03
CDwtot,8.633677236000000116e-03
CFix,-1.400000000000000012e-11
CFiy,5.125854100000000279e-05
CFiz,4.452760467099999703e-02
CFox,8.634985467999999401e-03
CFoy,1.999999999999999960e-12
CFoz,3.964309999999999848e-07
CFxtot,8.634985454000000324e-03
CFytot,5.125854399999999758e-05
CFztot,4.452800110300000197e-02
CLi,4.452082290199999709e-02
CLiw,0.000000000000000000e+00
CLo,-1.503049049999999917e-04
CLtot,4.437051799700000160e-02
CLwtot,-1.503049049999999917e-04
CMix,-1.257024000000000020e-06
CMiy,-5.492457279199999820e-02
CMiz,4.747015799999999668e-05
CMox,-0.000000000000000000e+00
CMoy,5.826485119999999691e-04
CMoz,-1.136000000000000006e-09
CMxtot,-1.257024000000000020e-06
CMytot,-5.434192427900000344e-02
CMztot,4.746902200000000259e-05
CSi,5.125854100000000279e-05
CSiw,0.000000000000000000e+00
CSo,1.999999999999999960e-12
CStot,5.125854399999999758e-05
CSwtot,1.999999999999999960e-12
E,2.378050380950000042e-01
Ew,2.378050380950000042e-01
L_D,4.714855280043999564e+00
L_Dw,4.714855280043999564e+00
Mach,1.699999999999999956e+00
Re_1e6,1.000000000000000000e+01
StallFactor,1.000000000000000000e+00
Results_Name,VSPAERO_Load
Results_Timestamp,1788934428
Results_Date,9,9,2026
Results_Time,9,13,48
Angle ,0.000000000000000000e+00,0.000000000000000000e+00,0.000000000000000000e+00,0.000000000000000000e+00,0.000000000000000000e+00,0.000000000000000000e+00,0.000000000000000000e+00,0.000000000000000000e+00,0.000000000000000000e+00,0.000000000000000000e+00,0.000000000000000000e+00,0.000000000000000000e+00,0.000000000000000000e+00,0.000000000000000000e+00,0.000000000000000000e+00,0.000000000000000000e+00,0.000000000000000000e+00,0.000000000000000000e+00,0.000000000000000000e+00,0.000000000000000000e+00,0.000000000000000000e+00,0.000000000000000000e+00,0.000000000000000000e+00,0.000000000000000000e+00,0.000000000000000000e+00,0.000000000000000000e+00,0.000000000000000000e+00,0.000000000000000000e+00,0.000000000000000000e+00,0.000000000000000000e+00,0.000000000000000000e+00,0.000000000000000000e+00,0.000000000000000000e+00,0.000000000000000000e+00,0.000000000000000000e+00,0.000000000000000000e+00,0.000000000000000000e+00,0.000000000000000000e+00,0.000000000000000000e+00,0.000000000000000000e+00,0.000000000000000000e+00,0.000000000000000000e+00,0.000000000000000000e+00,0.000000000000000000e+00,0.000000000000000000e+00,0.000000000000000000e+00,0.000000000000000000e+00,0.000000000000000000e+00,0.000000000000000000e+00,0.000000000000000000e+00,0.000000000000000000e+00,0.000000000000000000e+00,0.000000000000000000e+00,0.000000000000000000e+00,0.000000000000000000e+00,0.000000000000000000e+00,0.000000000000000000e+00,0.000000000000000000e+00,0.000000000000000000e+00,0.000000000000000000e+00,0.000000000000000000e+00,0.000000000000000000e+00,0.000000000000000000e+00,0.000000000000000000e+00,0.000000000000000000e+00,0.000000000000000000e+00,0.000000000000000000e+00,0.000000000000000000e+00,0.000000000000000000e+00,0.000000000000000000e+00,0.000000000000000000e+00,0.000000000000000000e+00,0.000000000000000000e+00,0.000000000000000000e+00,0.000000000000000000e+00,0.000000000000000000e+00,0.000000000000000000e+00,0.000000000000000000e+00,0.000000000000000000e+00,0.000000000000000000e+00,0.000000000000000000e+00,0.000000000000000000e+00,0.000000000000000000e+00,0.000000000000000000e+00,0.000000000000000000e+00,0.000000000000000000e+00,0.000000000000000000e+00,0.000000000000000000e+00,0.000000000000000000e+00,0.000000000000000000e+00,0.000000000000000000e+00,0.000000000000000000e+00
CP,0.000000000000000000e+00,0.000000000000000000e+00,0.000000000000000000e+00,0.000000000000000000e+00,0.000000000000000000e+00,0.000000000000000000e+00,0.000000000000000000e+00,0.000000000000000000e+00,0.000000000000000000e+00,0.000000000000000000e+00,0.000000000000000000e+00,0.000000000000000000e+00,0.000000000000000000e+00,0.000000000000000000e+00,0.000000000000000000e+00,0.000000000000000000e+00,0.000000000000000000e+00,0.000000000000000000e+00,0.000000000000000000e+00,0.000000000000000000e+00,0.000000000000000000e+00,0.000000000000000000e+00,0.000000000000000000e+00,0.000000000000000000e+00,0.000000000000000000e+00,0.000000000000000000e+00,0.000000000000000000e+00,0.000000000000000000e+00,0.000000000000000000e+00,0.000000000000000000e+00,0.000000000000000000e+00,0.000000000000000000e+00,0.000000000000000000e+00,0.000000000000000000e+00,0.000000000000000000e+00,0.000000000000000000e+00,0.000000000000000000e+00,0.000000000000000000e+00,0.000000000000000000e+00,0.000000000000000000e+00,0.000000000000000000e+00,0.000000000000000000e+00,0.000000000000000000e+00,0.000000000000000000e+00,0.000000000000000000e+00,0.000000000000000000e+00,0.000000000000000000e+00,0.000000000000000000e+00,0.000000000000000000e+00,0.000000000000000000e+00,0.000000000000000000e+00,0.000000000000000000e+00,0.000000000000000000e+00,0.000000000000000000e+00,0.000000000000000000e+00,0.000000000000000000e+00,0.000000000000000000e+00,0.000000000000000000e+00,0.000000000000000000e+00,0.000000000000000000e+00,0.000000000000000000e+00,0.000000000000000000e+00,0.000000000000000000e+00,0.000000000000000000e+00,0.000000000000000000e+00,0.000000000000000000e+00,0.000000000000000000e+00,0.000000000000000000e+00,0.000000000000000000e+00,0.000000000000000000e+00,0.000000000000000000e+00,0.000000000000000000e+00,0.000000000000000000e+00,0.000000000000000000e+00,0.000000000000000000e+00,0.000000000000000000e+00,0.000000000000000000e+00,0.000000000000000000e+00,0.000000000000000000e+00,0.000000000000000000e+00,0.000000000000000000e+00,0.000000000000000000e+00,0.000000000000000000e+00,0.000000000000000000e+00,0.000000000000000000e+00,0.000000000000000000e+00,0.000000000000000000e+00,0.000000000000000000e+00,0.000000000000000000e+00,0.000000000000000000e+00,0.000000000000000000e+00,0.000000000000000000e+00
CP_h,0.000000000000000000e+00,0.000000000000000000e+00,0.000000000000000000e+00,0.000000000000000000e+00,0.000000000000000000e+00,0.000000000000000000e+00,0.000000000000000000e+00,0.000000000000000000e+00,0.000000000000000000e+00,0.000000000000000000e+00,0.000000000000000000e+00,0.000000000000000000e+00,0.000000000000000000e+00,0.000000000000000000e+00,0.000000000000000000e+00,0.000000000000000000e+00,0.000000000000000000e+00,0.000000000000000000e+00,0.000000000000000000e+00,0.000000000000000000e+00,0.000000000000000000e+00,0.000000000000000000e+00,0.000000000000000000e+00,0.000000000000000000e+00,0.000000000000000000e+00,0.000000000000000000e+00,0.000000000000000000e+00,0.000000000000000000e+00,0.000000000000000000e+00,0.000000000000000000e+00,0.000000000000000000e+00,0.000000000000000000e+00,0.000000000000000000e+00,0.000000000000000000e+00,0.000000000000000000e+00,0.000000000000000000e+00,0.000000000000000000e+00,0.000000000000000000e+00,0.000000000000000000e+00,0.000000000000000000e+00,0.000000000000000000e+00,0.000000000000000000e+00,0.000000000000000000e+00,0.000000000000000000e+00,0.000000000000000000e+00,0.000000000000000000e+00,0.000000000000000000e+00,0.000000000000000000e+00,0.000000000000000000e+00,0.000000000000000000e+00,0.000000000000000000e+00,0.000000000000000000e+00,0.000000000000000000e+00,0.000000000000000000e+00,0.000000000000000000e+00,0.000000000000000000e+00,0.000000000000000000e+00,0.000000000000000000e+00,0.000000000000000000e+00,0.000000000000000000e+00,0.000000000000000000e+00,0.000000000000000000e+00,0.000000000000000000e+00,0.000000000000000000e+00,0.000000000000000000e+00,0.000000000000000000e+00,0.000000000000000000e+00,0.000000000000000000e+00,0.000000000000000000e+00,0.000000000000000000e+00,0.000000000000000000e+00,0.000000000000000000e+00,0.000000000000000000e+00,0.000000000000000000e+00,0.000000000000000000e+00,0.000000000000000000e+00,0.000000000000000000e+00,0.000000000000000000e+00,0.000000000000000000e+00,0.000000000000000000e+00,0.000000000000000000e+00,0.000000000000000000e+00,0.000000000000000000e+00,0.000000000000000000e+00,0.000000000000000000e+00,0.000000000000000000e+00,0.000000000000000000e+00,0.000000000000000000e+00,0.000000000000000000e+00,0.000000000000000000e+00,0.000000000000000000e+00,0.000000000000000000e+00
CQ,0.000000000000000000e+00,0.000000000000000000e+00,0.000000000000000000e+00,0.000000000000000000e+00,0.000000000000000000e+00,0.000000000000000000e+00,0.000000000000000000e+00,0.000000000000000000e+00,0.000000000000000000e+00,0.000000000000000000e+00,0.000000000000000000e+00,0.000000000000000000e+00,0.000000000000000000e+00,0.000000000000000000e+00,0.000000000000000000e+00,0.000000000000000000e+00,0.000000000000000000e+00,0.000000000000000000e+00,0.000000000000000000e+00,0.000000000000000000e+00,0.000000000000000000e+00,0.000000000000000000e+00,0.000000000000000000e+00,0.000000000000000000e+00,0.000000000000000000e+00,0.000000000000000000e+00,0.000000000000000000e+00,0.000000000000000000e+00,0.000000000000000000e+00,0.000000000000000000e+00,0.000000000000000000e+00,0.000000000000000000e+00,0.000000000000000000e+00,0.000000000000000000e+00,0.000000000000000000e+00,0.000000000000000000e+00,0.000000000000000000e+00,0.000000000000000000e+00,0.000000000000000000e+00,0.000000000000000000e+00,0.000000000000000000e+00,0.000000000000000000e+00,0.000000000000000000e+00,0.000000000000000000e+00,0.000000000000000000e+00,0.000000000000000000e+00,0.000000000000000000e+00,0.000000000000000000e+00,0.000000000000000000e+00,0.000000000000000000e+00,0.000000000000000000e+00,0.000000000000000000e+00,0.000000000000000000e+00,0.000000000000000000e+00,0.000000000000000000e+00,0.000000000000000000e+00,0.000000000000000000e+00,0.000000000000000000e+00,0.000000000000000000e+00,0.000000000000000000e+00,0.000000000000000000e+00,0.000000000000000000e+00,0.000000000000000000e+00,0.000000000000000000e+00,0.000000000000000000e+00,0.000000000000000000e+00,0.000000000000000000e+00,0.000000000000000000e+00,0.000000000000000000e+00,0.000000000000000000e+00,0.000000000000000000e+00,0.000000000000000000e+00,0.000000000000000000e+00,0.000000000000000000e+00,0.000000000000000000e+00,0.000000000000000000e+00,0.000000000000000000e+00,0.000000000000000000e+00,0.000000000000000000e+00,0.000000000000000000e+00,0.000000000000000000e+00,0.000000000000000000e+00,0.000000000000000000e+00,0.000000000000000000e+00,0.000000000000000000e+00,0.000000000000000000e+00,0.000000000000000000e+00,0.000000000000000000e+00,0.000000000000000000e+00,0.000000000000000000e+00,0.000000000000000000e+00,0.000000000000000000e+00
CQ_h,0.000000000000000000e+00,0.000000000000000000e+00,0.000000000000000000e+00,0.000000000000000000e+00,0.000000000000000000e+00,0.000000000000000000e+00,0.000000000000000000e+00,0.000000000000000000e+00,0.000000000000000000e+00,0.000000000000000000e+00,0.000000000000000000e+00,0.000000000000000000e+00,0.000000000000000000e+00,0.000000000000000000e+00,0.000000000000000000e+00,0.000000000000000000e+00,0.000000000000000000e+00,0.000000000000000000e+00,0.000000000000000000e+00,0.000000000000000000e+00,0.000000000000000000e+00,0.000000000000000000e+00,0.000000000000000000e+00,0.000000000000000000e+00,0.000000000000000000e+00,0.000000000000000000e+00,0.000000000000000000e+00,0.000000000000000000e+00,0.000000000000000000e+00,0.000000000000000000e+00,0.000000000000000000e+00,0.000000000000000000e+00,0.000000000000000000e+00,0.000000000000000000e+00,0.000000000000000000e+00,0.000000000000000000e+00,0.000000000000000000e+00,0.000000000000000000e+00,0.000000000000000000e+00,0.000000000000000000e+00,0.000000000000000000e+00,0.000000000000000000e+00,0.000000000000000000e+00,0.000000000000000000e+00,0.000000000000000000e+00,0.000000000000000000e+00,0.000000000000000000e+00,0.000000000000000000e+00,0.000000000000000000e+00,0.000000000000000000e+00,0.000000000000000000e+00,0.000000000000000000e+00,0.000000000000000000e+00,0.000000000000000000e+00,0.000000000000000000e+00,0.000000000000000000e+00,0.000000000000000000e+00,0.000000000000000000e+00,0.000000000000000000e+00,0.000000000000000000e+00,0.000000000000000000e+00,0.000000000000000000e+00,0.000000000000000000e+00,0.000000000000000000e+00,0.000000000000000000e+00,0.000000000000000000e+00,0.000000000000000000e+00,0.000000000000000000e+00,0.000000000000000000e+00,0.000000000000000000e+00,0.000000000000000000e+00,0.000000000000000000e+00,0.000000000000000000e+00,0.000000000000000000e+00,0.000000000000000000e+00,0.000000000000000000e+00,0.000000000000000000e+00,0.000000000000000000e+00,0.000000000000000000e+00,0.000000000000000000e+00,0.000000000000000000e+00,0.000000000000000000e+00,0.000000000000000000e+00,0.000000000000000000e+00,0.000000000000000000e+00,0.000000000000000000e+00,0.000000000000000000e+00,0.000000000000000000e+00,0.000000000000000000e+00,0.000000000000000000e+00,0.000000000000000000e+00,0.000000000000000000e+00
CT,0.000000000000000000e+00,0.000000000000000000e+00,0.000000000000000000e+00,0.000000000000000000e+00,0.000000000000000000e+00,0.000000000000000000e+00,0.000000000000000000e+00,0.000000000000000000e+00,0.000000000000000000e+00,0.000000000000000000e+00,0.000000000000000000e+00,0.000000000000000000e+00,0.000000000000000000e+00,0.000000000000000000e+00,0.000000000000000000e+00,0.000000000000000000e+00,0.000000000000000000e+00,0.000000000000000000e+00,0.000000000000000000e+00,0.000000000000000000e+00,0.000000000000000000e+00,0.000000000000000000e+00,0.000000000000000000e+00,0.000000000000000000e+00,0.000000000000000000e+00,0.000000000000000000e+00,0.000000000000000000e+00,0.000000000000000000e+00,0.000000000000000000e+00,0.000000000000000000e+00,0.000000000000000000e+00,0.000000000000000000e+00,0.000000000000000000e+00,0.000000000000000000e+00,0.000000000000000000e+00,0.000000000000000000e+00,0.000000000000000000e+00,0.000000000000000000e+00,0.000000000000000000e+00,0.000000000000000000e+00,0.000000000000000000e+00,0.000000000000000000e+00,0.000000000000000000e+00,0.000000000000000000e+00,0.000000000000000000e+00,0.000000000000000000e+00,0.000000000000000000e+00,0.000000000000000000e+00,0.000000000000000000e+00,0.000000000000000000e+00,0.000000000000000000e+00,0.000000000000000000e+00,0.000000000000000000e+00,0.000000000000000000e+00,0.000000000000000000e+00,0.000000000000000000e+00,0.000000000000000000e+00,0.000000000000000000e+00,0.000000000000000000e+00,0.000000000000000000e+00,0.000000000000000000e+00,0.000000000000000000e+00,0.000000000000000000e+00,0.000000000000000000e+00,0.000000000000000000e+00,0.000000000000000000e+00,0.000000000000000000e+00,0.000000000000000000e+00,0.000000000000000000e+00,0.000000000000000000e+00,0.000000000000000000e+00,0.000000000000000000e+00,0.000000000000000000e+00,0.000000000000000000e+00,0.000000000000000000e+00,0.000000000000000000e+00,0.000000000000000000e+00,0.000000000000000000e+00,0.000000000000000000e+00,0.000000000000000000e+00,0.000000000000000000e+00,0.000000000000000000e+00,0.000000000000000000e+00,0.000000000000000000e+00,0.000000000000000000e+00,0.000000000000000000e+00,0.000000000000000000e+00,0.000000000000000000e+00,0.000000000000000000e+00,0.000000000000000000e+00,0.000000000000000000e+00,0.000000000000000000e+00
CT_h,0.000000000000000000e+00,0.000000000000000000e+00,0.000000000000000000e+00,0.000000000000000000e+00,0.000000000000000000e+00,0.000000000000000000e+00,0.000000000000000000e+00,0.000000000000000000e+00,0.000000000000000000e+00,0.000000000000000000e+00,0.000000000000000000e+00,0.000000000000000000e+00,0.000000000000000000e+00,0.000000000000000000e+00,0.000000000000000000e+00,0.000000000000000000e+00,0.000000000000000000e+00,0.000000000000000000e+00,0.000000000000000000e+00,0.000000000000000000e+00,0.000000000000000000e+00,0.000000000000000000e+00,0.000000000000000000e+00,0.000000000000000000e+00,0.000000000000000000e+00,0.000000000000000000e+00,0.000000000000000000e+00,0.000000000000000000e+00,0.000000000000000000e+00,0.000000000000000000e+00,0.000000000000000000e+00,0.000000000000000000e+00,0.000000000000000000e+00,0.000000000000000000e+00,0.000000000000000000e+00,0.000000000000000000e+00,0.000000000000000000e+00,0.000000000000000000e+00,0.000000000000000000e+00,0.000000000000000000e+00,0.000000000000000000e+00,0.000000000000000000e+00,0.000000000000000000e+00,0.000000000000000000e+00,0.000000000000000000e+00,0.000000000000000000e+00,0.000000000000000000e+00,0.000000000000000000e+00,0.000000000000000000e+00,0.000000000000000000e+00,0.000000000000000000e+00,0.000000000000000000e+00,0.000000000000000000e+00,0.000000000000000000e+00,0.000000000000000000e+00,0.000000000000000000e+00,0.000000000000000000e+00,0.000000000000000000e+00,0.000000000000000000e+00,0.000000000000000000e+00,0.000000000000000000e+00,0.000000000000000000e+00,0.000000000000000000e+00,0.000000000000000000e+00,0.000000000000000000e+00,0.000000000000000000e+00,0.000000000000000000e+00,0.000000000000000000e+00,0.000000000000000000e+00,0.000000000000000000e+00,0.000000000000000000e+00,0.000000000000000000e+00,0.000000000000000000e+00,0.000000000000000000e+00,0.000000000000000000e+00,0.000000000000000000e+00,0.000000000000000000e+00,0.000000000000000000e+00,0.000000000000000000e+00,0.000000000000000000e+00,0.000000000000000000e+00,0.000000000000000000e+00,0.000000000000000000e+00,0.000000000000000000e+00,0.000000000000000000e+00,0.000000000000000000e+00,0.000000000000000000e+00,0.000000000000000000e+00,0.000000000000000000e+00,0.000000000000000000e+00,0.000000000000000000e+00,0.000000000000000000e+00
Chord,2.949975999999999843e+01,2.769772000000000034e+01,2.589566999999999908e+01,2.409362000000000137e+01,2.229157999999999973e+01,2.048952999999999847e+01,1.868749000000000038e+01,1.688543999999999912e+01,1.508423999999999943e+01,9.303879999999999484e+00,1.368985999999999947e+01,1.270485000000000042e+01,1.171986000000000061e+01,1.073489000000000004e+01,9.749940000000000495e+00,8.764989999999999171e+00,7.780050000000000132e+00,6.795099999999999696e+00,5.810150000000000148e+00,2.949975999999999843e+01,2.769772000000000034e+01,2.589566999999999908e+01,2.409362000000000137e+01,2.229157999999999973e+01,2.048952999999999847e+01,1.868749000000000038e+01,1.688543999999999912e+01,1.508423999999999943e+01,9.303879999999999484e+00,1.368985999999999947e+01,1.270485000000000042e+01,1.171986000000000061e+01,1.073489000000000004e+01,9.749940000000000495e+00,8.764989999999999171e+00,7.780050000000000132e+00,6.795099999999999696e+00,5.810150000000000148e+00,7.916559999999999597e+00,7.441189999999999749e+00,6.965819999999999901e+00,6.490459999999999674e+00,6.015089999999999826e+00,5.539719999999999978e+00,5.064359999999999751e+00,4.588989999999999903e+00,4.113620000000000054e+00,7.916559999999999597e+00,7.441189999999999749e+00,6.965819999999999901e+00,6.490459999999999674e+00,6.015089999999999826e+00,5.539719999999999978e+00,5.064359999999999751e+00,4.588989999999999903e+00,4.113620000000000054e+00,1.722101999999999933e+01,1.616425999999999874e+01,1.528688000000000002e+01,1.440950999999999915e+01,1.353214000000000006e+01,1.265475999999999956e+01,1.177739000000000047e+01,1.090001999999999960e+01,1.002264000000000088e+01,9.172719999999999985e+00,8.350260000000000460e+00,7.527790000000000425e+00,6.705330000000000013e+00,5.882859999999999978e+00,5.060389999999999944e+00,4.237930000000000419e+00,3.415459999999999940e+00,2.592989999999999906e+00,1.722101999999999933e+01,1.616425999999999874e+01,1.528688000000000002e+01,1.440950999999999915e+01,1.353214000000000006e+01,1.265475999999999956e+01,1.177739000000000047e+01,1.090001999999999960e+01,1.002264000000000088e+01,9.172719999999999985e+00,8.350260000000000460e+00,7.527790000000000425e+00,6.705330000000000013e+00,5.882859999999999978e+00,5.060389999999999944e+00,4.237930000000000419e+00,3.415459999999999940e+00,2.592989999999999906e+00
Diameter,0.000000000000000000e+00,0.000000000000000000e+00,0.000000000000000000e+00,0.000000000000000000e+00,0.000000000000000000e+00,0.000000000000000000e+00,0.000000000000000000e+00,0.000000000000000000e+00,0.000000000000000000e+00,0.000000000000000000e+00,0.000000000000000000e+00,0.000000000000000000e+00,0.000000000000000000e+00,0.000000000000000000e+00,0.000000000000000000e+00,0.000000000000000000e+00,0.000000000000000000e+00,0.000000000000000000e+00,0.000000000000000000e+00,0.000000000000000000e+00,0.000000000000000000e+00,0.000000000000000000e+00,0.000000000000000000e+00,0.000000000000000000e+00,0.000000000000000000e+00,0.000000000000000000e+00,0.000000000000000000e+00,0.000000000000000000e+00,0.000000000000000000e+00,0.000000000000000000e+00,0.000000000000000000e+00,0.000000000000000000e+00,0.000000000000000000e+00,0.000000000000000000e+00,0.000000000000000000e+00,0.000000000000000000e+00,0.000000000000000000e+00,0.000000000000000000e+00,0.000000000000000000e+00,0.000000000000000000e+00,0.000000000000000000e+00,0.000000000000000000e+00,0.000000000000000000e+00,0.000000000000000000e+00,0.000000000000000000e+00,0.000000000000000000e+00,0.000000000000000000e+00,0.000000000000000000e+00,0.000000000000000000e+00,0.000000000000000000e+00,0.000000000000000000e+00,0.000000000000000000e+00,0.000000000000000000e+00,0.000000000000000000e+00,0.000000000000000000e+00,0.000000000000000000e+00,0.000000000000000000e+00,0.000000000000000000e+00,0.000000000000000000e+00,0.000000000000000000e+00,0.000000000000000000e+00,0.000000000000000000e+00,0.000000000000000000e+00,0.000000000000000000e+00,0.000000000000000000e+00,0.000000000000000000e+00,0.000000000000000000e+00,0.000000000000000000e+00,0.000000000000000000e+00,0.000000000000000000e+00,0.000000000000000000e+00,0.000000000000000000e+00,0.000000000000000000e+00,0.000000000000000000e+00,0.000000000000000000e+00,0.000000000000000000e+00,0.000000000000000000e+00,0.000000000000000000e+00,0.000000000000000000e+00,0.000000000000000000e+00,0.000000000000000000e+00,0.000000000000000000e+00,0.000000000000000000e+00,0.000000000000000000e+00,0.000000000000000000e+00,0.000000000000000000e+00,0.000000000000000000e+00,0.000000000000000000e+00,0.000000000000000000e+00,0.000000000000000000e+00,0.000000000000000000e+00,0.000000000000000000e+00
ETAP,0.000000000000000000e+00,0.000000000000000000e+00,0.000000000000000000e+00,0.000000000000000000e+00,0.000000000000000000e+00,0.000000000000000000e+00,0.000000000000000000e+00,0.000000000000000000e+00,0.000000000000000000e+00,0.000000000000000000e+00,0.000000000000000000e+00,0.000000000000000000e+00,0.000000000000000000e+00,0.000000000000000000e+00,0.000000000000000000e+00,0.000000000000000000e+00,0.000000000000000000e+00,0.000000000000000000e+00,0.000000000000000000e+00,0.000000000000000000e+00,0.000000000000000000e+00,0.000000000000000000e+00,0.000000000000000000e+00,0.000000000000000000e+00,0.000000000000000000e+00,0.000000000000000000e+00,0.000000000000000000e+00,0.000000000000000000e+00,0.000000000000000000e+00,0.000000000000000000e+00,0.000000000000000000e+00,0.000000000000000000e+00,0.000000000000000000e+00,0.000000000000000000e+00,0.000000000000000000e+00,0.000000000000000000e+00,0.000000000000000000e+00,0.000000000000000000e+00,0.000000000000000000e+00,0.000000000000000000e+00,0.000000000000000000e+00,0.000000000000000000e+00,0.000000000000000000e+00,0.000000000000000000e+00,0.000000000000000000e+00,0.000000000000000000e+00,0.000000000000000000e+00,0.000000000000000000e+00,0.000000000000000000e+00,0.000000000000000000e+00,0.000000000000000000e+00,0.000000000000000000e+00,0.000000000000000000e+00,0.000000000000000000e+00,0.000000000000000000e+00,0.000000000000000000e+00,0.000000000000000000e+00,0.000000000000000000e+00,0.000000000000000000e+00,0.000000000000000000e+00,0.000000000000000000e+00,0.000000000000000000e+00,0.000000000000000000e+00,0.000000000000000000e+00,0.000000000000000000e+00,0.000000000000000000e+00,0.000000000000000000e+00,0.000000000000000000e+00,0.000000000000000000e+00,0.000000000000000000e+00,0.000000000000000000e+00,0.000000000000000000e+00,0.000000000000000000e+00,0.000000000000000000e+00,0.000000000000000000e+00,0.000000000000000000e+00,0.000000000000000000e+00,0.000000000000000000e+00,0.000000000000000000e+00,0.000000000000000000e+00,0.000000000000000000e+00,0.000000000000000000e+00,0.000000000000000000e+00,0.000000000000000000e+00,0.000000000000000000e+00,0.000000000000000000e+00,0.000000000000000000e+00,0.000000000000000000e+00,0.000000000000000000e+00,0.000000000000000000e+00,0.000000000000000000e+00,0.000000000000000000e+00
FC_AoA_,1.000000000000000000e+00
FC_Beta_,0.000000000000000000e+00
FC_Bref_,3.727034100000000194e+01
FC_Cref_,1.236139999999999972e+01
FC_Mach_,1.699999999999999956e+00
FC_Pitch_Rate,0.000000000000000000e+00
FC_Rho_,2.377000000000000206e-03
FC_Roll__Rate,0.000000000000000000e+00
FC_Sref_,4.096313739999999939e+02
FC_Vinf_,1.000000000000000000e+02
FC_Xcg_,2.046778000000000119e+01
FC_Yaw___Rate,0.000000000000000000e+00
FC_Ycg_,0.000000000000000000e+00
FC_Zcg_,0.000000000000000000e+00
FOM,0.000000000000000000e+00,0.000000000000000000e+00,0.000000000000000000e+00,0.000000000000000000e+00,0.000000000000000000e+00,0.000000000000000000e+00,0.000000000000000000e+00,0.000000000000000000e+00,0.000000000000000000e+00,0.000000000000000000e+00,0.000000000000000000e+00,0.000000000000000000e+00,0.000000000000000000e+00,0.000000000000000000e+00,0.000000000000000000e+00,0.000000000000000000e+00,0.000000000000000000e+00,0.000000000000000000e+00,0.000000000000000000e+00,0.000000000000000000e+00,0.000000000000000000e+00,0.000000000000000000e+00,0.000000000000000000e+00,0.000000000000000000e+00,0.000000000000000000e+00,0.000000000000000000e+00,0.000000000000000000e+00,0.000000000000000000e+00,0.000000000000000000e+00,0.000000000000000000e+00,0.000000000000000000e+00,0.000000000000000000e+00,0.000000000000000000e+00,0.000000000000000000e+00,0.000000000000000000e+00,0.000000000000000000e+00,0.000000000000000000e+00,0.000000000000000000e+00,0.000000000000000000e+00,0.000000000000000000e+00,0.000000000000000000e+00,0.000000000000000000e+00,0.000000000000000000e+00,0.000000000000000000e+00,0.000000000000000000e+00,0.000000000000000000e+00,0.000000000000000000e+00,0.000000000000000000e+00,0.000000000000000000e+00,0.000000000000000000e+00,0.000000000000000000e+00,0.000000000000000000e+00,0.000000000000000000e+00,0.000000000000000000e+00,0.000000000000000000e+00,0.000000000000000000e+00,0.000000000000000000e+00,0.000000000000000000e+00,0.000000000000000000e+00,0.000000000000000000e+00,0.000000000000000000e+00,0.000000000000000000e+00,0.000000000000000000e+00,0.000000000000000000e+00,0.000000000000000000e+00,0.000000000000000000e+00,0.000000000000000000e+00,0.000000000000000000e+00,0.000000000000000000e+00,0.000000000000000000e+00,0.000000000000000000e+00,0.000000000000000000e+00,0.000000000000000000e+00,0.000000000000000000e+00,0.000000000000000000e+00,0.000000000000000000e+00,0.000000000000000000e+00,0.000000000000000000e+00,0.000000000000000000e+00,0.000000000000000000e+00,0.000000000000000000e+00,0.000000000000000000e+00,0.000000000000000000e+00,0.000000000000000000e+00,0.000000000000000000e+00,0.000000000000000000e+00,0.000000000000000000e+00,0.000000000000000000e+00,0.000000000000000000e+00,0.000000000000000000e+00,0.000000000000000000e+00,0.000000000000000000e+00
IsARotor,0,0,0,0,0,0,0,0,0,0,0,0,0,0,0,0,0,0,0,0,0,0,0,0,0,0,0,0,0,0,0,0,0,0,0,0,0,0,0,0,0,0,0,0,0,0,0,0,0,0,0,0,0,0,0,0,0,0,0,0,0,0,0,0,0,0,0,0,0,0,0,0,0,0,0,0,0,0,0,0,0,0,0,0,0,0,0,0,0,0,0,0
Iter,7,7,7,7,7,7,7,7,7,7,7,7,7,7,7,7,7,7,7,7,7,7,7,7,7,7,7,7,7,7,7,7,7,7,7,7,7,7,7,7,7,7,7,7,7,7,7,7,7,7,7,7,7,7,7,7,7,7,7,7,7,7,7,7,7,7,7,7,7,7,7,7,7,7,7,7,7,7,7,7,7,7,7,7,7,7,7,7,7,7,7,7
J,0.000000000000000000e+00,0.000000000000000000e+00,0.000000000000000000e+00,0.000000000000000000e+00,0.000000000000000000e+00,0.000000000000000000e+00,0.000000000000000000e+00,0.000000000000000000e+00,0.000000000000000000e+00,0.000000000000000000e+00,0.000000000000000000e+00,0.000000000000000000e+00,0.000000000000000000e+00,0.000000000000000000e+00,0.000000000000000000e+00,0.000000000000000000e+00,0.000000000000000000e+00,0.000000000000000000e+00,0.000000000000000000e+00,0.000000000000000000e+00,0.000000000000000000e+00,0.000000000000000000e+00,0.000000000000000000e+00,0.000000000000000000e+00,0.000000000000000000e+00,0.000000000000000000e+00,0.000000000000000000e+00,0.000000000000000000e+00,0.000000000000000000e+00,0.000000000000000000e+00,0.000000000000000000e+00,0.000000000000000000e+00,0.000000000000000000e+00,0.000000000000000000e+00,0.000000000000000000e+00,0.000000000000000000e+00,0.000000000000000000e+00,0.000000000000000000e+00,0.000000000000000000e+00,0.000000000000000000e+00,0.000000000000000000e+00,0.000000000000000000e+00,0.000000000000000000e+00,0.000000000000000000e+00,0.000000000000000000e+00,0.000000000000000000e+00,0.000000000000000000e+00,0.000000000000000000e+00,0.000000000000000000e+00,0.000000000000000000e+00,0.000000000000000000e+00,0.000000000000000000e+00,0.000000000000000000e+00,0.000000000000000000e+00,0.000000000000000000e+00,0.000000000000000000e+00,0.000000000000000000e+00,0.000000000000000000e+00,0.000000000000000000e+00,0.000000000000000000e+00,0.000000000000000000e+00,0.000000000000000000e+00,0.000000000000000000e+00,0.000000000000000000e+00,0.000000000000000000e+00,0.000000000000000000e+00,0.000000000000000000e+00,0.000000000000000000e+00,0.000000000000000000e+00,0.000000000000000000e+00,0.000000000000000000e+00,0.000000000000000000e+00,0.000000000000000000e+00,0.000000000000000000e+00,0.000000000000000000e+00,0.000000000000000000e+00,0.000000000000000000e+00,0.000000000000000000e+00,0.000000000000000000e+00,0.000000000000000000e+00,0.000000000000000000e+00,0.000000000000000000e+00,0.000000000000000000e+00,0.000000000000000000e+00,0.000000000000000000e+00,0.000000000000000000e+00,0.000000000000000000e+00,0.000000000000000000e+00,0.000000000000000000e+00,0.000000000000000000e+00,0.000000000000000000e+00,0.000000000000000000e+00
Moment,0.000000000000000000e+00,0.000000000000000000e+00,0.000000000000000000e+00,0.000000000000000000e+00,0.000000000000000000e+00,0.000000000000000000e+00,0.000000000000000000e+00,0.000000000000000000e+00,0.000000000000000000e+00,0.000000000000000000e+00,0.000000000000000000e+00,0.000000000000000000e+00,0.000000000000000000e+00,0.000000000000000000e+00,0.000000000000000000e+00,0.000000000000000000e+00,0.000000000000000000e+00,0.000000000000000000e+00,0.000000000000000000e+00,0.000000000000000000e+00,0.000000000000000000e+00,0.000000000000000000e+00,0.000000000000000000e+00,0.000000000000000000e+00,0.000000000000000000e+00,0.000000000000000000e+00,0.000000000000000000e+00,0.000000000000000000e+00,0.000000000000000000e+00,0.000000000000000000e+00,0.000000000000000000e+00,0.000000000000000000e+00,0.000000000000000000e+00,0.000000000000000000e+00,0.000000000000000000e+00,0.000000000000000000e+00,0.000000000000000000e+00,0.000000000000000000e+00,0.000000000000000000e+00,0.000000000000000000e+00,0.000000000000000000e+00,0.000000000000000000e+00,0.000000000000000000e+00,0.000000000000000000e+00,0.000000000000000000e+00,0.000000000000000000e+00,0.000000000000000000e+00,0.000000000000000000e+00,0.000000000000000000e+00,0.000000000000000000e+00,0.000000000000000000e+00,0.000000000000000000e+00,0.000000000000000000e+00,0.000000000000000000e+00,0.000000000000000000e+00,0.000000000000000000e+00,0.000000000000000000e+00,0.000000000000000000e+00,0.000000000000000000e+00,0.000000000000000000e+00,0.000000000000000000e+00,0.000000000000000000e+00,0.000000000000000000e+00,0.000000000000000000e+00,0.000000000000000000e+00,0.000000000000000000e+00,0.000000000000000000e+00,0.000000000000000000e+00,0.000000000000000000e+00,0.000000000000000000e+00,0.000000000000000000e+00,0.000000000000000000e+00,0.000000000000000000e+00,0.000000000000000000e+00,0.000000000000000000e+00,0.000000000000000000e+00,0.000000000000000000e+00,0.000000000000000000e+00,0.000000000000000000e+00,0.000000000000000000e+00,0.000000000000000000e+00,0.000000000000000000e+00,0.000000000000000000e+00,0.000000000000000000e+00,0.000000000000000000e+00,0.000000000000000000e+00,0.000000000000000000e+00,0.000000000000000000e+00,0.000000000000000000e+00,0.000000000000000000e+00,0.000000000000000000e+00,0.000000000000000000e+00
Momenti,0.000000000000000000e+00,0.000000000000000000e+00,0.000000000000000000e+00,0.000000000000000000e+00,0.000000000000000000e+00,0.000000000000000000e+00,0.000000000000000000e+00,0.000000000000000000e+00,0.000000000000000000e+00,0.000000000000000000e+00,0.000000000000000000e+00,0.000000000000000000e+00,0.000000000000000000e+00,0.000000000000000000e+00,0.000000000000000000e+00,0.000000000000000000e+00,0.000000000000000000e+00,0.000000000000000000e+00,0.000000000000000000e+00,0.000000000000000000e+00,0.000000000000000000e+00,0.000000000000000000e+00,0.000000000000000000e+00,0.000000000000000000e+00,0.000000000000000000e+00,0.000000000000000000e+00,0.000000000000000000e+00,0.000000000000000000e+00,0.000000000000000000e+00,0.000000000000000000e+00,0.000000000000000000e+00,0.000000000000000000e+00,0.000000000000000000e+00,0.000000000000000000e+00,0.000000000000000000e+00,0.000000000000000000e+00,0.000000000000000000e+00,0.000000000000000000e+00,0.000000000000000000e+00,0.000000000000000000e+00,0.000000000000000000e+00,0.000000000000000000e+00,0.000000000000000000e+00,0.000000000000000000e+00,0.000000000000000000e+00,0.000000000000000000e+00,0.000000000000000000e+00,0.000000000000000000e+00,0.000000000000000000e+00,0.000000000000000000e+00,0.000000000000000000e+00,0.000000000000000000e+00,0.000000000000000000e+00,0.000000000000000000e+00,0.000000000000000000e+00,0.000000000000000000e+00,0.000000000000000000e+00,0.000000000000000000e+00,0.000000000000000000e+00,0.000000000000000000e+00,0.000000000000000000e+00,0.000000000000000000e+00,0.000000000000000000e+00,0.000000000000000000e+00,0.000000000000000000e+00,0.000000000000000000e+00,0.000000000000000000e+00,0.000000000000000000e+00,0.000000000000000000e+00,0.000000000000000000e+00,0.000000000000000000e+00,0.000000000000000000e+00,0.000000000000000000e+00,0.000000000000000000e+00,0.000000000000000000e+00,0.000000000000000000e+00,0.000000000000000000e+00,0.000000000000000000e+00,0.000000000000000000e+00,0.000000000000000000e+00,0.000000000000000000e+00,0.000000000000000000e+00,0.000000000000000000e+00,0.000000000000000000e+00,0.000000000000000000e+00,0.000000000000000000e+00,0.000000000000000000e+00,0.000000000000000000e+00,0.000000000000000000e+00,0.000000000000000000e+00,0.000000000000000000e+00,0.000000000000000000e+00
Momento,0.000000000000000000e+00,0.000000000000000000e+00,0.000000000000000000e+00,0.000000000000000000e+00,0.000000000000000000e+00,0.000000000000000000e+00,0.000000000000000000e+00,0.000000000000000000e+00,0.000000000000000000e+00,0.000000000000000000e+00,0.000000000000000000e+00,0.000000000000000000e+00,0.000000000000000000e+00,0.000000000000000000e+00,0.000000000000000000e+00,0.000000000000000000e+00,0.000000000000000000e+00,0.000000000000000000e+00,0.000000000000000000e+00,0.000000000000000000e+00,0.000000000000000000e+00,0.000000000000000000e+00,0.000000000000000000e+00,0.000000000000000000e+00,0.000000000000000000e+00,0.000000000000000000e+00,0.000000000000000000e+00,0.000000000000000000e+00,0.000000000000000000e+00,0.000000000000000000e+00,0.000000000000000000e+00,0.000000000000000000e+00,0.000000000000000000e+00,0.000000000000000000e+00,0.000000000000000000e+00,0.000000000000000000e+00,0.000000000000000000e+00,0.000000000000000000e+00,0.000000000000000000e+00,0.000000000000000000e+00,0.000000000000000000e+00,0.000000000000000000e+00,0.000000000000000000e+00,0.000000000000000000e+00,0.000000000000000000e+00,0.000000000000000000e+00,0.000000000000000000e+00,0.000000000000000000e+00,0.000000000000000000e+00,0.000000000000000000e+00,0.000000000000000000e+00,0.000000000000000000e+00,0.000000000000000000e+00,0.000000000000000000e+00,0.000000000000000000e+00,0.000000000000000000e+00,0.000000000000000000e+00,0.000000000000000000e+00,0.000000000000000000e+00,0.000000000000000000e+00,0.000000000000000000e+00,0.000000000000000000e+00,0.000000000000000000e+00,0.000000000000000000e+00,0.000000000000000000e+00,0.000000000000000000e+00,0.000000000000000000e+00,0.000000000000000000e+00,0.000000000000000000e+00,0.000000000000000000e+00,0.000000000000000000e+00,0.000000000000000000e+00,0.000000000000000000e+00,0.000000000000000000e+00,0.000000000000000000e+00,0.000000000000000000e+00,0.000000000000000000e+00,0.000000000000000000e+00,0.000000000000000000e+00,0.000000000000000000e+00,0.000000000000000000e+00,0.000000000000000000e+00,0.000000000000000000e+00,0.000000000000000000e+00,0.000000000000000000e+00,0.000000000000000000e+00,0.000000000000000000e+00,0.000000000000000000e+00,0.000000000000000000e+00,0.000000000000000000e+00,0.000000000000000000e+00,0.000000000000000000e+00
Power,0.000000000000000000e+00,0.000000000000000000e+00,0.000000000000000000e+00,0.000000000000000000e+00,0.000000000000000000e+00,0.000000000000000000e+00,0.000000000000000000e+00,0.000000000000000000e+00,0.000000000000000000e+00,0.000000000000000000e+00,0.000000000000000000e+00,0.000000000000000000e+00,0.000000000000000000e+00,0.000000000000000000e+00,0.000000000000000000e+00,0.000000000000000000e+00,0.000000000000000000e+00,0.000000000000000000e+00,0.000000000000000000e+00,0.000000000000000000e+00,0.000000000000000000e+00,0.000000000000000000e+00,0.000000000000000000e+00,0.000000000000000000e+00,0.000000000000000000e+00,0.000000000000000000e+00,0.000000000000000000e+00,0.000000000000000000e+00,0.000000000000000000e+00,0.000000000000000000e+00,0.000000000000000000e+00,0.000000000000000000e+00,0.000000000000000000e+00,0.000000000000000000e+00,0.000000000000000000e+00,0.000000000000000000e+00,0.000000000000000000e+00,0.000000000000000000e+00,0.000000000000000000e+00,0.000000000000000000e+00,0.000000000000000000e+00,0.000000000000000000e+00,0.000000000000000000e+00,0.000000000000000000e+00,0.000000000000000000e+00,0.000000000000000000e+00,0.000000000000000000e+00,0.000000000000000000e+00,0.000000000000000000e+00,0.000000000000000000e+00,0.000000000000000000e+00,0.000000000000000000e+00,0.000000000000000000e+00,0.000000000000000000e+00,0.000000000000000000e+00,0.000000000000000000e+00,0.000000000000000000e+00,0.000000000000000000e+00,0.000000000000000000e+00,0.000000000000000000e+00,0.000000000000000000e+00,0.000000000000000000e+00,0.000000000000000000e+00,0.000000000000000000e+00,0.000000000000000000e+00,0.000000000000000000e+00,0.000000000000000000e+00,0.000000000000000000e+00,0.000000000000000000e+00,0.000000000000000000e+00,0.000000000000000000e+00,0.000000000000000000e+00,0.000000000000000000e+00,0.000000000000000000e+00,0.000000000000000000e+00,0.000000000000000000e+00,0.000000000000000000e+00,0.000000000000000000e+00,0.000000000000000000e+00,0.000000000000000000e+00,0.000000000000000000e+00,0.000000000000000000e+00,0.000000000000000000e+00,0.000000000000000000e+00,0.000000000000000000e+00,0.000000000000000000e+00,0.000000000000000000e+00,0.000000000000000000e+00,0.000000000000000000e+00,0.000000000000000000e+00,0.000000000000000000e+00,0.000000000000000000e+00
Poweri,0.000000000000000000e+00,0.000000000000000000e+00,0.000000000000000000e+00,0.000000000000000000e+00,0.000000000000000000e+00,0.000000000000000000e+00,0.000000000000000000e+00,0.000000000000000000e+00,0.000000000000000000e+00,0.000000000000000000e+00,0.000000000000000000e+00,0.000000000000000000e+00,0.000000000000000000e+00,0.000000000000000000e+00,0.000000000000000000e+00,0.000000000000000000e+00,0.000000000000000000e+00,0.000000000000000000e+00,0.000000000000000000e+00,0.000000000000000000e+00,0.000000000000000000e+00,0.000000000000000000e+00,0.000000000000000000e+00,0.000000000000000000e+00,0.000000000000000000e+00,0.000000000000000000e+00,0.000000000000000000e+00,0.000000000000000000e+00,0.000000000000000000e+00,0.000000000000000000e+00,0.000000000000000000e+00,0.000000000000000000e+00,0.000000000000000000e+00,0.000000000000000000e+00,0.000000000000000000e+00,0.000000000000000000e+00,0.000000000000000000e+00,0.000000000000000000e+00,0.000000000000000000e+00,0.000000000000000000e+00,0.000000000000000000e+00,0.000000000000000000e+00,0.000000000000000000e+00,0.000000000000000000e+00,0.000000000000000000e+00,0.000000000000000000e+00,0.000000000000000000e+00,0.000000000000000000e+00,0.000000000000000000e+00,0.000000000000000000e+00,0.000000000000000000e+00,0.000000000000000000e+00,0.000000000000000000e+00,0.000000000000000000e+00,0.000000000000000000e+00,0.000000000000000000e+00,0.000000000000000000e+00,0.000000000000000000e+00,0.000000000000000000e+00,0.000000000000000000e+00,0.000000000000000000e+00,0.000000000000000000e+00,0.000000000000000000e+00,0.000000000000000000e+00,0.000000000000000000e+00,0.000000000000000000e+00,0.000000000000000000e+00,0.000000000000000000e+00,0.000000000000000000e+00,0.000000000000000000e+00,0.000000000000000000e+00,0.000000000000000000e+00,0.000000000000000000e+00,0.000000000000000000e+00,0.000000000000000000e+00,0.000000000000000000e+00,0.000000000000000000e+00,0.000000000000000000e+00,0.000000000000000000e+00,0.000000000000000000e+00,0.000000000000000000e+00,0.000000000000000000e+00,0.000000000000000000e+00,0.000000000000000000e+00,0.000000000000000000e+00,0.000000000000000000e+00,0.000000000000000000e+00,0.000000000000000000e+00,0.000000000000000000e+00,0.000000000000000000e+00,0.000000000000000000e+00,0.000000000000000000e+00
Powero,0.000000000000000000e+00,0.000000000000000000e+00,0.000000000000000000e+00,0.000000000000000000e+00,0.000000000000000000e+00,0.000000000000000000e+00,0.000000000000000000e+00,0.000000000000000000e+00,0.000000000000000000e+00,0.000000000000000000e+00,0.000000000000000000e+00,0.000000000000000000e+00,0.000000000000000000e+00,0.000000000000000000e+00,0.000000000000000000e+00,0.000000000000000000e+00,0.000000000000000000e+00,0.000000000000000000e+00,0.000000000000000000e+00,0.000000000000000000e+00,0.000000000000000000e+00,0.000000000000000000e+00,0.000000000000000000e+00,0.000000000000000000e+00,0.000000000000000000e+00,0.000000000000000000e+00,0.000000000000000000e+00,0.000000000000000000e+00,0.000000000000000000e+00,0.000000000000000000e+00,0.000000000000000000e+00,0.000000000000000000e+00,0.000000000000000000e+00,0.000000000000000000e+00,0.000000000000000000e+00,0.000000000000000000e+00,0.000000000000000000e+00,0.000000000000000000e+00,0.000000000000000000e+00,0.000000000000000000e+00,0.000000000000000000e+00,0.000000000000000000e+00,0.000000000000000000e+00,0.000000000000000000e+00,0.000000000000000000e+00,0.000000000000000000e+00,0.000000000000000000e+00,0.000000000000000000e+00,0.000000000000000000e+00,0.000000000000000000e+00,0.000000000000000000e+00,0.000000000000000000e+00,0.000000000000000000e+00,0.000000000000000000e+00,0.000000000000000000e+00,0.000000000000000000e+00,0.000000000000000000e+00,0.000000000000000000e+00,0.000000000000000000e+00,0.000000000000000000e+00,0.000000000000000000e+00,0.000000000000000000e+00,0.000000000000000000e+00,0.000000000000000000e+00,0.000000000000000000e+00,0.000000000000000000e+00,0.000000000000000000e+00,0.000000000000000000e+00,0.000000000000000000e+00,0.000000000000000000e+00,0.000000000000000000e+00,0.000000000000000000e+00,0.000000000000000000e+00,0.000000000000000000e+00,0.000000000000000000e+00,0.000000000000000000e+00,0.000000000000000000e+00,0.000000000000000000e+00,0.000000000000000000e+00,0.000000000000000000e+00,0.000000000000000000e+00,0.000000000000000000e+00,0.000000000000000000e+00,0.000000000000000000e+00,0.000000000000000000e+00,0.000000000000000000e+00,0.000000000000000000e+00,0.000000000000000000e+00,0.000000000000000000e+00,0.000000000000000000e+00,0.000000000000000000e+00,0.000000000000000000e+00
RPM,0.000000000000000000e+00,0.000000000000000000e+00,0.000000000000000000e+00,0.000000000000000000e+00,0.000000000000000000e+00,0.000000000000000000e+00,0.000000000000000000e+00,0.000000000000000000e+00,0.000000000000000000e+00,0.000000000000000000e+00,0.000000000000000000e+00,0.000000000000000000e+00,0.000000000000000000e+00,0.000000000000000000e+00,0.000000000000000000e+00,0.000000000000000000e+00,0.000000000000000000e+00,0.000000000000000000e+00,0.000000000000000000e+00,0.000000000000000000e+00,0.000000000000000000e+00,0.000000000000000000e+00,0.000000000000000000e+00,0.000000000000000000e+00,0.000000000000000000e+00,0.000000000000000000e+00,0.000000000000000000e+00,0.000000000000000000e+00,0.000000000000000000e+00,0.000000000000000000e+00,0.000000000000000000e+00,0.000000000000000000e+00,0.000000000000000000e+00,0.000000000000000000e+00,0.000000000000000000e+00,0.000000000000000000e+00,0.000000000000000000e+00,0.000000000000000000e+00,0.000000000000000000e+00,0.000000000000000000e+00,0.000000000000000000e+00,0.000000000000000000e+00,0.000000000000000000e+00,0.000000000000000000e+00,0.000000000000000000e+00,0.000000000000000000e+00,0.000000000000000000e+00,0.000000000000000000e+00,0.000000000000000000e+00,0.000000000000000000e+00,0.000000000000000000e+00,0.000000000000000000e+00,0.000000000000000000e+00,0.000000000000000000e+00,0.000000000000000000e+00,0.000000000000000000e+00,0.000000000000000000e+00,0.000000000000000000e+00,0.000000000000000000e+00,0.000000000000000000e+00,0.000000000000000000e+00,0.000000000000000000e+00,0.000000000000000000e+00,0.000000000000000000e+00,0.000000000000000000e+00,0.000000000000000000e+00,0.000000000000000000e+00,0.000000000000000000e+00,0.000000000000000000e+00,0.000000000000000000e+00,0.000000000000000000e+00,0.000000000000000000e+00,0.000000000000000000e+00,0.000000000000000000e+00,0.000000000000000000e+00,0.000000000000000000e+00,0.000000000000000000e+00,0.000000000000000000e+00,0.000000000000000000e+00,0.000000000000000000e+00,0.000000000000000000e+00,0.000000000000000000e+00,0.000000000000000000e+00,0.000000000000000000e+00,0.000000000000000000e+00,0.000000000000000000e+00,0.000000000000000000e+00,0.000000000000000000e+00,0.000000000000000000e+00,0.000000000000000000e+00,0.000000000000000000e+00,0.000000000000000000e+00
SoverB,3.100999999999999937e-02,6.201999999999999874e-02,9.303000000000000158e-02,1.240399999999999975e-01,1.550499999999999934e-01,1.860600000000000032e-01,2.170700000000000129e-01,2.480799999999999950e-01,2.733400000000000274e-01,2.790900000000000047e-01,3.592000000000000193e-01,4.393000000000000238e-01,5.193999999999999728e-01,5.995000000000000329e-01,6.795999999999999819e-01,7.597000000000000419e-01,8.397999999999999909e-01,9.199000000000000510e-01,1.000000000000000000e+00,3.100999999999999937e-02,6.201999999999999874e-02,9.303000000000000158e-02,1.240399999999999975e-01,1.550499999999999934e-01,1.860600000000000032e-01,2.170700000000000129e-01,2.480799999999999950e-01,2.733400000000000274e-01,2.790900000000000047e-01,3.592000000000000193e-01,4.393000000000000238e-01,5.193999999999999728e-01,5.995000000000000329e-01,6.795999999999999819e-01,7.597000000000000419e-01,8.397999999999999909e-01,9.199000000000000510e-01,1.000000000000000000e+00,1.111100000000000004e-01,2.222200000000000009e-01,3.333300000000000152e-01,4.444400000000000017e-01,5.555600000000000538e-01,6.666699999999999848e-01,7.777800000000000269e-01,8.888899999999999579e-01,1.000000000000000000e+00,1.111100000000000004e-01,2.222200000000000009e-01,3.333300000000000152e-01,4.444400000000000017e-01,5.555600000000000538e-01,6.666699999999999848e-01,7.777800000000000269e-01,8.888899999999999579e-01,1.000000000000000000e+00,2.925000000000000169e-02,5.850000000000000339e-02,8.774999999999999467e-02,1.170100000000000029e-01,1.462600000000000011e-01,1.755099999999999993e-01,2.047700000000000076e-01,2.340200000000000058e-01,2.632700000000000040e-01,3.451299999999999923e-01,4.269899999999999807e-01,5.088500000000000245e-01,5.907099999999999573e-01,6.725700000000000012e-01,7.544199999999999795e-01,8.362800000000000233e-01,9.181399999999999562e-01,1.000000000000000000e+00,2.925000000000000169e-02,5.850000000000000339e-02,8.774999999999999467e-02,1.170100000000000029e-01,1.462600000000000011e-01,1.755099999999999993e-01,2.047700000000000076e-01,2.340200000000000058e-01,2.632700000000000040e-01,3.451299999999999923e-01,4.269899999999999807e-01,5.088500000000000245e-01,5.907099999999999573e-01,6.725700000000000012e-01,7.544199999999999795e-01,8.362800000000000233e-01,9.181399999999999562e-01,1.000000000000000000e+00
StallFact,1.000000000000000000e+00,1.000000000000000000e+00,1.000000000000000000e+00,1.000000000000000000e+00,1.000000000000000000e+00,1.000000000000000000e+00,1.000000000000000000e+00,1.000000000000000000e+00,1.000000000000000000e+00,1.000000000000000000e+00,1.000000000000000000e+00,1.000000000000000000e+00,1.000000000000000000e+00,1.000000000000000000e+00,1.000000000000000000e+00,1.000000000000000000e+00,1.000000000000000000e+00,1.000000000000000000e+00,1.000000000000000000e+00,1.000000000000000000e+00,1.000000000000000000e+00,1.000000000000000000e+00,1.000000000000000000e+00,1.000000000000000000e+00,1.000000000000000000e+00,1.000000000000000000e+00,1.000000000000000000e+00,1.000000000000000000e+00,1.000000000000000000e+00,1.000000000000000000e+00,1.000000000000000000e+00,1.000000000000000000e+00,1.000000000000000000e+00,1.000000000000000000e+00,1.000000000000000000e+00,1.000000000000000000e+00,1.000000000000000000e+00,1.000000000000000000e+00,1.000000000000000000e+00,1.000000000000000000e+00,1.000000000000000000e+00,1.000000000000000000e+00,1.000000000000000000e+00,1.000000000000000000e+00,1.000000000000000000e+00,1.000000000000000000e+00,1.000000000000000000e+00,1.000000000000000000e+00,1.000000000000000000e+00,1.000000000000000000e+00,1.000000000000000000e+00,1.000000000000000000e+00,1.000000000000000000e+00,1.000000000000000000e+00,1.000000000000000000e+00,1.000000000000000000e+00,1.000000000000000000e+00,1.000000000000000000e+00,1.000000000000000000e+00,1.000000000000000000e+00,1.000000000000000000e+00,1.000000000000000000e+00,1.000000000000000000e+00,1.000000000000000000e+00,1.000000000000000000e+00,1.000000000000000000e+00,1.000000000000000000e+00,1.000000000000000000e+00,1.000000000000000000e+00,1.000000000000000000e+00,1.000000000000000000e+00,1.000000000000000000e+00,1.000000000000000000e+00,1.000000000000000000e+00,1.000000000000000000e+00,1.000000000000000000e+00,1.000000000000000000e+00,1.000000000000000000e+00,1.000000000000000000e+00,1.000000000000000000e+00,1.000000000000000000e+00,1.000000000000000000e+00,1.000000000000000000e+00,1.000000000000000000e+00,1.000000000000000000e+00,1.000000000000000000e+00,1.000000000000000000e+00,1.000000000000000000e+00,1.000000000000000000e+00,1.000000000000000000e+00,1.000000000000000000e+00,1.000000000000000000e+00
Thrust,0.000000000000000000e+00,0.000000000000000000e+00,0.000000000000000000e+00,0.000000000000000000e+00,0.000000000000000000e+00,0.000000000000000000e+00,0.000000000000000000e+00,0.000000000000000000e+00,0.000000000000000000e+00,0.000000000000000000e+00,0.000000000000000000e+00,0.000000000000000000e+00,0.000000000000000000e+00,0.000000000000000000e+00,0.000000000000000000e+00,0.000000000000000000e+00,0.000000000000000000e+00,0.000000000000000000e+00,0.000000000000000000e+00,0.000000000000000000e+00,0.000000000000000000e+00,0.000000000000000000e+00,0.000000000000000000e+00,0.000000000000000000e+00,0.000000000000000000e+00,0.000000000000000000e+00,0.000000000000000000e+00,0.000000000000000000e+00,0.000000000000000000e+00,0.000000000000000000e+00,0.000000000000000000e+00,0.000000000000000000e+00,0.000000000000000000e+00,0.000000000000000000e+00,0.000000000000000000e+00,0.000000000000000000e+00,0.000000000000000000e+00,0.000000000000000000e+00,0.000000000000000000e+00,0.000000000000000000e+00,0.000000000000000000e+00,0.000000000000000000e+00,0.000000000000000000e+00,0.000000000000000000e+00,0.000000000000000000e+00,0.000000000000000000e+00,0.000000000000000000e+00,0.000000000000000000e+00,0.000000000000000000e+00,0.000000000000000000e+00,0.000000000000000000e+00,0.000000000000000000e+00,0.000000000000000000e+00,0.000000000000000000e+00,0.000000000000000000e+00,0.000000000000000000e+00,0.000000000000000000e+00,0.000000000000000000e+00,0.000000000000000000e+00,0.000000000000000000e+00,0.000000000000000000e+00,0.000000000000000000e+00,0.000000000000000000e+00,0.000000000000000000e+00,0.000000000000000000e+00,0.000000000000000000e+00,0.000000000000000000e+00,0.000000000000000000e+00,0.000000000000000000e+00,0.000000000000000000e+00,0.000000000000000000e+00,0.000000000000000000e+00,0.000000000000000000e+00,0.000000000000000000e+00,0.000000000000000000e+00,0.000000000000000000e+00,0.000000000000000000e+00,0.000000000000000000e+00,0.000000000000000000e+00,0.000000000000000000e+00,0.000000000000000000e+00,0.000000000000000000e+00,0.000000000000000000e+00,0.000000000000000000e+00,0.000000000000000000e+00,0.000000000000000000e+00,0.000000000000000000e+00,0.000000000000000000e+00,0.000000000000000000e+00,0.000000000000000000e+00,0.000000000000000000e+00,0.000000000000000000e+00
Thrusti,0.000000000000000000e+00,0.000000000000000000e+00,0.000000000000000000e+00,0.000000000000000000e+00,0.000000000000000000e+00,0.000000000000000000e+00,0.000000000000000000e+00,0.000000000000000000e+00,0.000000000000000000e+00,0.000000000000000000e+00,0.000000000000000000e+00,0.000000000000000000e+00,0.000000000000000000e+00,0.000000000000000000e+00,0.000000000000000000e+00,0.000000000000000000e+00,0.000000000000000000e+00,0.000000000000000000e+00,0.000000000000000000e+00,0.000000000000000000e+00,0.000000000000000000e+00,0.000000000000000000e+00,0.000000000000000000e+00,0.000000000000000000e+00,0.000000000000000000e+00,0.000000000000000000e+00,0.000000000000000000e+00,0.000000000000000000e+00,0.000000000000000000e+00,0.000000000000000000e+00,0.000000000000000000e+00,0.000000000000000000e+00,0.000000000000000000e+00,0.000000000000000000e+00,0.000000000000000000e+00,0.000000000000000000e+00,0.000000000000000000e+00,0.000000000000000000e+00,0.000000000000000000e+00,0.000000000000000000e+00,0.000000000000000000e+00,0.000000000000000000e+00,0.000000000000000000e+00,0.000000000000000000e+00,0.000000000000000000e+00,0.000000000000000000e+00,0.000000000000000000e+00,0.000000000000000000e+00,0.000000000000000000e+00,0.000000000000000000e+00,0.000000000000000000e+00,0.000000000000000000e+00,0.000000000000000000e+00,0.000000000000000000e+00,0.000000000000000000e+00,0.000000000000000000e+00,0.000000000000000000e+00,0.000000000000000000e+00,0.000000000000000000e+00,0.000000000000000000e+00,0.000000000000000000e+00,0.000000000000000000e+00,0.000000000000000000e+00,0.000000000000000000e+00,0.000000000000000000e+00,0.000000000000000000e+00,0.000000000000000000e+00,0.000000000000000000e+00,0.000000000000000000e+00,0.000000000000000000e+00,0.000000000000000000e+00,0.000000000000000000e+00,0.000000000000000000e+00,0.000000000000000000e+00,0.000000000000000000e+00,0.000000000000000000e+00,0.000000000000000000e+00,0.000000000000000000e+00,0.000000000000000000e+00,0.000000000000000000e+00,0.000000000000000000e+00,0.000000000000000000e+00,0.000000000000000000e+00,0.000000000000000000e+00,0.000000000000000000e+00,0.000000000000000000e+00,0.000000000000000000e+00,0.000000000000000000e+00,0.000000000000000000e+00,0.000000000000000000e+00,0.000000000000000000e+00,0.000000000000000000e+00
Thrusto,0.000000000000000000e+00,0.000000000000000000e+00,0.000000000000000000e+00,0.000000000000000000e+00,0.000000000000000000e+00,0.000000000000000000e+00,0.000000000000000000e+00,0.000000000000000000e+00,0.000000000000000000e+00,0.000000000000000000e+00,0.000000000000000000e+00,0.000000000000000000e+00,0.000000000000000000e+00,0.000000000000000000e+00,0.000000000000000000e+00,0.000000000000000000e+00,0.000000000000000000e+00,0.000000000000000000e+00,0.000000000000000000e+00,0.000000000000000000e+00,0.000000000000000000e+00,0.000000000000000000e+00,0.000000000000000000e+00,0.000000000000000000e+00,0.000000000000000000e+00,0.000000000000000000e+00,0.000000000000000000e+00,0.000000000000000000e+00,0.000000000000000000e+00,0.000000000000000000e+00,0.000000000000000000e+00,0.000000000000000000e+00,0.000000000000000000e+00,0.000000000000000000e+00,0.000000000000000000e+00,0.000000000000000000e+00,0.000000000000000000e+00,0.000000000000000000e+00,0.000000000000000000e+00,0.000000000000000000e+00,0.000000000000000000e+00,0.000000000000000000e+00,0.000000000000000000e+00,0.000000000000000000e+00,0.000000000000000000e+00,0.000000000000000000e+00,0.000000000000000000e+00,0.000000000000000000e+00,0.000000000000000000e+00,0.000000000000000000e+00,0.000000000000000000e+00,0.000000000000000000e+00,0.000000000000000000e+00,0.000000000000000000e+00,0.000000000000000000e+00,0.000000000000000000e+00,0.000000000000000000e+00,0.000000000000000000e+00,0.000000000000000000e+00,0.000000000000000000e+00,0.000000000000000000e+00,0.000000000000000000e+00,0.000000000000000000e+00,0.000000000000000000e+00,0.000000000000000000e+00,0.000000000000000000e+00,0.000000000000000000e+00,0.000000000000000000e+00,0.000000000000000000e+00,0.000000000000000000e+00,0.000000000000000000e+00,0.000000000000000000e+00,0.000000000000000000e+00,0.000000000000000000e+00,0.000000000000000000e+00,0.000000000000000000e+00,0.000000000000000000e+00,0.000000000000000000e+00,0.000000000000000000e+00,0.000000000000000000e+00,0.000000000000000000e+00,0.000000000000000000e+00,0.000000000000000000e+00,0.000000000000000000e+00,0.000000000000000000e+00,0.000000000000000000e+00,0.000000000000000000e+00,0.000000000000000000e+00,0.000000000000000000e+00,0.000000000000000000e+00,0.000000000000000000e+00,0.000000000000000000e+00
TrailVort,1,2,3,4,5,6,7,8,9,10,11,12,13,14,15,16,17,18,19,1,2,3,4,5,6,7,8,9,10,11,12,13,14,15,16,17,18,19,1,2,3,4,5,6,7,8,9,1,2,3,4,5,6,7,8,9,1,2,3,4,5,6,7,8,9,10,11,12,13,14,15,16,17,18,1,2,3,4,5,6,7,8,9,10,11,12,13,14,15,16,17,18
Unsteady,0
V/Vref,1.000000000000000000e+00,1.000000000000000000e+00,1.000000000000000000e+00,1.000000000000000000e+00,1.000000000000000000e+00,1.000000000000000000e+00,1.000000000000000000e+00,1.000000000000000000e+00,1.000000000000000000e+00,1.000000000000000000e+00,1.000000000000000000e+00,1.000000000000000000e+00,1.000000000000000000e+00,1.000000000000000000e+00,1.000000000000000000e+00,1.000000000000000000e+00,1.000000000000000000e+00,1.000000000000000000e+00,1.000000000000000000e+00,1.000000000000000000e+00,1.000000000000000000e+00,1.000000000000000000e+00,1.000000000000000000e+00,1.000000000000000000e+00,1.000000000000000000e+00,1.000000000000000000e+00,1.000000000000000000e+00,1.000000000000000000e+00,1.000000000000000000e+00,1.000000000000000000e+00,1.000000000000000000e+00,1.000000000000000000e+00,1.000000000000000000e+00,1.000000000000000000e+00,1.000000000000000000e+00,1.000000000000000000e+00,1.000000000000000000e+00,1.000000000000000000e+00,1.000000000000000000e+00,1.000000000000000000e+00,1.000000000000000000e+00,1.000000000000000000e+00,1.000000000000000000e+00,1.000000000000000000e+00,1.000000000000000000e+00,1.000000000000000000e+00,1.000000000000000000e+00,1.000000000000000000e+00,1.000000000000000000e+00,1.000000000000000000e+00,1.000000000000000000e+00,1.000000000000000000e+00,1.000000000000000000e+00,1.000000000000000000e+00,1.000000000000000000e+00,1.000000000000000000e+00,1.000000000000000000e+00,1.000000000000000000e+00,1.000000000000000000e+00,1.000000000000000000e+00,1.000000000000000000e+00,1.000000000000000000e+00,1.000000000000000000e+00,1.000000000000000000e+00,1.000000000000000000e+00,1.000000000000000000e+00,1.000000000000000000e+00,1.000000000000000000e+00,1.000000000000000000e+00,1.000000000000000000e+00,1.000000000000000000e+00,1.000000000000000000e+00,1.000000000000000000e+00,1.000000000000000000e+00,1.000000000000000000e+00,1.000000000000000000e+00,1.000000000000000000e+00,1.000000000000000000e+00,1.000000000000000000e+00,1.000000000000000000e+00,1.000000000000000000e+00,1.000000000000000000e+00,1.000000000000000000e+00,1.000000000000000000e+00,1.000000000000000000e+00,1.000000000000000000e+00,1.000000000000000000e+00,1.000000000000000000e+00,1.000000000000000000e+00,1.000000000000000000e+00,1.000000000000000000e+00,1.000000000000000000e+00
VortexSheet,1,1,1,1,1,1,1,1,1,1,1,1,1,1,1,1,1,1,1,2,2,2,2,2,2,2,2,2,2,2,2,2,2,2,2,2,2,2,3,3,3,3,3,3,3,3,3,4,4,4,4,4,4,4,4,4,5,5,5,5,5,5,5,5,5,5,5,5,5,5,5,5,5,5,6,6,6,6,6,6,6,6,6,6,6,6,6,6,6,6,6,6
Xavg,4.078603999999999985e+01,4.077788000000000324e+01,4.076971000000000345e+01,4.076154999999999973e+01,4.075337999999999994e+01,4.074522000000000332e+01,4.073705000000000354e+01,4.072888999999999982e+01,4.072147999999999968e+01,4.071739999999999782e+01,4.085244999999999749e+01,4.112407000000000323e+01,4.139567999999999870e+01,4.166729000000000127e+01,4.193889000000000067e+01,4.221049000000000007e+01,4.248208999999999946e+01,4.275368999999999886e+01,4.302530000000000143e+01,4.078603999999999985e+01,4.077788000000000324e+01,4.076971000000000345e+01,4.076154999999999973e+01,4.075337999999999994e+01,4.074522000000000332e+01,4.073705000000000354e+01,4.072888999999999982e+01,4.072147999999999968e+01,4.071739999999999782e+01,4.085244999999999749e+01,4.112407000000000323e+01,4.139567999999999870e+01,4.166729000000000127e+01,4.193889000000000067e+01,4.221049000000000007e+01,4.248208999999999946e+01,4.275368999999999886e+01,4.302530000000000143e+01,5.236139000000000010e+01,5.270192999999999728e+01,5.304247999999999763e+01,5.338302000000000191e+01,5.372355999999999909e+01,5.406410000000000338e+01,5.440464000000000055e+01,5.474517999999999773e+01,5.508572000000000202e+01,5.236139000000000010e+01,5.270192999999999728e+01,5.304247999999999763e+01,5.338302000000000191e+01,5.372355999999999909e+01,5.406410000000000338e+01,5.440464000000000055e+01,5.474517999999999773e+01,5.508572000000000202e+01,4.877049000000000234e+01,4.878936000000000206e+01,4.880823000000000178e+01,4.882710999999999757e+01,4.884597999999999729e+01,4.886484999999999701e+01,4.888371999999999673e+01,4.890258999999999645e+01,4.892146999999999935e+01,4.894178000000000139e+01,4.896354000000000184e+01,4.898530000000000229e+01,4.900704999999999956e+01,4.902881000000000000e+01,4.905057000000000045e+01,4.907233000000000089e+01,4.909409000000000134e+01,4.911583999999999861e+01,4.877049000000000234e+01,4.878936000000000206e+01,4.880823000000000178e+01,4.882710999999999757e+01,4.884597999999999729e+01,4.886484999999999701e+01,4.888371999999999673e+01,4.890258999999999645e+01,4.892146999999999935e+01,4.894178000000000139e+01,4.896354000000000184e+01,4.898530000000000229e+01,4.900704999999999956e+01,4.902881000000000000e+01,4.905057000000000045e+01,4.907233000000000089e+01,4.909409000000000134e+01,4.911583999999999861e+01
Yavg,1.265079999999999982e+00,1.795239999999999947e+00,2.325390000000000068e+00,2.855550000000000033e+00,3.385709999999999997e+00,3.915869999999999962e+00,4.446019999999999861e+00,4.976180000000000270e+00,5.457169999999999632e+00,5.722240000000000215e+00,6.456170000000000186e+00,7.825660000000000061e+00,9.195119999999999294e+00,1.056456000000000017e+01,1.193397000000000041e+01,1.330336999999999925e+01,1.467276999999999987e+01,1.604216999999999871e+01,1.741158000000000072e+01,-1.265079999999999982e+00,-1.795239999999999947e+00,-2.325390000000000068e+00,-2.855550000000000033e+00,-3.385709999999999997e+00,-3.915869999999999962e+00,-4.446019999999999861e+00,-4.976180000000000270e+00,-5.457169999999999632e+00,-5.722240000000000215e+00,-6.456170000000000186e+00,-7.825660000000000061e+00,-9.195119999999999294e+00,-1.056456000000000017e+01,-1.193397000000000041e+01,-1.330336999999999925e+01,-1.467276999999999987e+01,-1.604216999999999871e+01,-1.741158000000000072e+01,6.249410000000000132e+00,6.944969999999999644e+00,7.640520000000000422e+00,8.336069999999999425e+00,9.031620000000000203e+00,9.727169999999999206e+00,1.042271999999999998e+01,1.111827000000000076e+01,1.181381999999999977e+01,-6.249410000000000132e+00,-6.944969999999999644e+00,-7.640520000000000422e+00,-8.336069999999999425e+00,-9.031620000000000203e+00,-9.727169999999999206e+00,-1.042271999999999998e+01,-1.111827000000000076e+01,-1.181381999999999977e+01,5.670189999999999841e+00,5.699080000000000368e+00,5.727979999999999627e+00,5.756879999999999775e+00,5.785779999999999923e+00,5.814669999999999561e+00,5.843569999999999709e+00,5.872469999999999857e+00,5.901370000000000005e+00,5.956249999999999822e+00,6.037110000000000198e+00,6.117969999999999686e+00,6.198830000000000062e+00,6.279690000000000438e+00,6.360560000000000436e+00,6.441419999999999924e+00,6.522280000000000300e+00,6.603139999999999787e+00,-5.670189999999999841e+00,-5.699080000000000368e+00,-5.727979999999999627e+00,-5.756879999999999775e+00,-5.785779999999999923e+00,-5.814669999999999561e+00,-5.843569999999999709e+00,-5.872469999999999857e+00,-5.901370000000000005e+00,-5.956249999999999822e+00,-6.037110000000000198e+00,-6.117969999999999686e+00,-6.198830000000000062e+00,-6.279690000000000438e+00,-6.360560000000000436e+00,-6.441419999999999924e+00,-6.522280000000000300e+00,-6.603139999999999787e+00
Zavg,3.959400000000000142e-01,3.681599999999999873e-01,3.403800000000000159e-01,3.125899999999999790e-01,2.848100000000000076e-01,2.570200000000000262e-01,2.292399999999999993e-01,2.014499999999999902e-01,1.762499999999999900e-01,1.623499999999999943e-01,1.238900000000000001e-01,5.211999999999999966e-02,-1.965000000000000080e-02,-9.142000000000000126e-02,-1.631900000000000017e-01,-2.349600000000000022e-01,-3.067199999999999926e-01,-3.784899999999999931e-01,-4.502599999999999936e-01,3.959400000000000142e-01,3.681599999999999873e-01,3.403800000000000159e-01,3.125899999999999790e-01,2.848100000000000076e-01,2.570200000000000262e-01,2.292399999999999993e-01,2.014499999999999902e-01,1.762499999999999900e-01,1.623499999999999943e-01,1.238900000000000001e-01,5.211999999999999966e-02,-1.965000000000000080e-02,-9.142000000000000126e-02,-1.631900000000000017e-01,-2.349600000000000022e-01,-3.067199999999999926e-01,-3.784899999999999931e-01,-4.502599999999999936e-01,6.069999999999999701e-02,1.814999999999999947e-02,-2.438999999999999849e-02,-6.693000000000000338e-02,-1.094699999999999979e-01,-1.520100000000000062e-01,-1.945500000000000007e-01,-2.371000000000000052e-01,-2.796399999999999997e-01,6.069999999999999701e-02,1.814999999999999947e-02,-2.438999999999999849e-02,-6.693000000000000338e-02,-1.094699999999999979e-01,-1.520100000000000062e-01,-1.945500000000000007e-01,-2.371000000000000052e-01,-2.796399999999999997e-01,1.374700000000000089e-01,4.124099999999999988e-01,6.873500000000000165e-01,9.622899999999999787e-01,1.237230000000000052e+00,1.512170000000000014e+00,1.787109999999999976e+00,2.062050000000000161e+00,2.336990000000000123e+00,2.859140000000000015e+00,3.628490000000000215e+00,4.397840000000000416e+00,5.167189999999999728e+00,5.936550000000000438e+00,6.705899999999999750e+00,7.475249999999999950e+00,8.244600000000000151e+00,9.013949999999999463e+00,1.374700000000000089e-01,4.124099999999999988e-01,6.873500000000000165e-01,9.622899999999999787e-01,1.237230000000000052e+00,1.512170000000000014e+00,1.787109999999999976e+00,2.062050000000000161e+00,2.336990000000000123e+00,2.859140000000000015e+00,3.628490000000000215e+00,4.397840000000000416e+00,5.167189999999999728e+00,5.936550000000000438e+00,6.705899999999999750e+00,7.475249999999999950e+00,8.244600000000000151e+00,9.013949999999999463e+00
cd,4.769999999999999934e-03,4.870000000000000197e-03,4.950000000000000407e-03,5.040000000000000209e-03,5.130000000000000011e-03,5.230000000000000274e-03,5.340000000000000129e-03,5.459999999999999576e-03,5.680000000000000153e-03,5.839999999999999705e-03,5.819999999999999653e-03,5.939999999999999968e-03,6.080000000000000335e-03,6.210000000000000242e-03,6.369999999999999794e-03,6.539999999999999807e-03,6.700000000000000226e-03,6.830000000000000134e-03,6.649999999999999661e-03,4.769999999999999934e-03,4.870000000000000197e-03,4.950000000000000407e-03,5.040000000000000209e-03,5.130000000000000011e-03,5.230000000000000274e-03,5.340000000000000129e-03,5.459999999999999576e-03,5.680000000000000153e-03,5.850000000000000165e-03,5.819999999999999653e-03,5.939999999999999968e-03,6.080000000000000335e-03,6.210000000000000242e-03,6.369999999999999794e-03,6.539999999999999807e-03,6.700000000000000226e-03,6.830000000000000134e-03,6.649999999999999661e-03,5.700000000000000205e-03,5.859999999999999758e-03,5.980000000000000072e-03,6.100000000000000387e-03,6.210000000000000242e-03,6.320000000000000097e-03,6.420000000000000359e-03,6.459999999999999597e-03,6.389999999999999847e-03,5.700000000000000205e-03,5.859999999999999758e-03,5.980000000000000072e-03,6.109999999999999980e-03,6.210000000000000242e-03,6.320000000000000097e-03,6.420000000000000359e-03,6.450000000000000004e-03,6.380000000000000254e-03,4.969999999999999592e-03,5.000000000000000104e-03,5.040000000000000209e-03,5.069999999999999854e-03,5.109999999999999959e-03,5.150000000000000064e-03,5.199999999999999761e-03,5.250000000000000326e-03,5.300000000000000024e-03,5.360000000000000181e-03,5.429999999999999931e-03,5.499999999999999681e-03,5.579999999999999891e-03,5.669999999999999693e-03,5.780000000000000415e-03,5.910000000000000323e-03,6.080000000000000335e-03,6.320000000000000097e-03,4.969999999999999592e-03,5.000000000000000104e-03,5.040000000000000209e-03,5.069999999999999854e-03,5.109999999999999959e-03,5.150000000000000064e-03,5.199999999999999761e-03,5.250000000000000326e-03,5.300000000000000024e-03,5.360000000000000181e-03,5.429999999999999931e-03,5.499999999999999681e-03,5.570000000000000298e-03,5.669999999999999693e-03,5.780000000000000415e-03,5.910000000000000323e-03,6.080000000000000335e-03,6.320000000000000097e-03
cd*c/cref,1.138332674292555878e-02,1.091202423673694015e-02,1.036966415616354109e-02,9.823470221819535775e-03,9.251039963110975484e-03,8.668940564984548708e-03,8.072807012150727893e-03,7.458257349491157623e-03,6.931131036937564216e-03,4.395510152571714853e-03,6.445466144611450808e-03,6.105037374407430197e-03,5.764456194282201705e-03,5.392889713139288610e-03,5.024278625398418026e-03,4.637260714805765613e-03,4.216863381170418527e-03,3.754472228064782355e-03,3.125657085766984662e-03,1.138332674292555878e-02,1.091202423673694015e-02,1.036966415616354109e-02,9.823470221819535775e-03,9.251039963110975484e-03,8.668940564984548708e-03,8.072807012150727893e-03,7.458257349491157623e-03,6.931131036937564216e-03,4.403036711052146779e-03,6.445466144611450808e-03,6.105037374407430197e-03,5.764456194282201705e-03,5.392889713139288610e-03,5.024278625398418026e-03,4.637260714805765613e-03,4.216863381170418527e-03,3.754472228064782355e-03,3.125657085766984662e-03,3.650427297878880775e-03,3.527543271797692597e-03,3.369812772016114472e-03,3.202857766919604571e-03,3.021802457650428052e-03,2.832286828352775961e-03,2.630219166113870969e-03,2.398181063633568998e-03,2.126460740692801953e-03,3.650427297878880775e-03,3.527543271797692597e-03,3.369812772016114472e-03,3.208108353422751014e-03,3.021802457650428052e-03,2.832286828352775961e-03,2.630219166113870969e-03,2.394468709045900843e-03,2.123132946106428241e-03,6.923849191839110719e-03,6.538199556684517674e-03,6.232779070331839234e-03,5.910027642500040139e-03,5.593964712734804216e-03,5.272219489701813686e-03,4.954327826945168281e-03,4.629338505347291126e-03,4.297247237367935770e-03,3.977363340721924885e-03,3.668023994045981669e-03,3.349365363146569654e-03,3.026820699920721152e-03,2.698384988755318792e-03,2.366160321646415630e-03,2.026159358972285090e-03,1.679906547802029106e-03,1.325715274968854640e-03,6.923849191839110719e-03,6.538199556684517674e-03,6.232779070331839234e-03,5.910027642500040139e-03,5.593964712734804216e-03,5.272219489701813686e-03,4.954327826945168281e-03,4.629338505347291126e-03,4.297247237367935770e-03,3.977363340721924885e-03,3.668023994045981669e-03,3.349365363146569654e-03,3.021396290064232593e-03,2.698384988755318792e-03,2.366160321646415630e-03,2.026159358972285090e-03,1.679906547802029106e-03,1.325715274968854640e-03
cdi,1.100000000000000039e-04,1.700000000000000122e-04,2.200000000000000078e-04,2.700000000000000035e-04,3.099999999999999999e-04,3.600000000000000227e-04,4.200000000000000174e-04,4.699999999999999859e-04,6.199999999999999999e-04,4.600000000000000139e-04,6.999999999999999929e-04,7.699999999999999597e-04,8.499999999999999526e-04,9.200000000000000278e-04,1.020000000000000073e-03,1.110000000000000092e-03,1.180000000000000059e-03,1.219999999999999947e-03,9.300000000000000541e-04,1.100000000000000039e-04,1.700000000000000122e-04,2.200000000000000078e-04,2.700000000000000035e-04,3.099999999999999999e-04,3.600000000000000227e-04,4.200000000000000174e-04,4.699999999999999859e-04,6.199999999999999999e-04,4.699999999999999859e-04,6.999999999999999929e-04,7.699999999999999597e-04,8.499999999999999526e-04,9.200000000000000278e-04,1.020000000000000073e-03,1.110000000000000092e-03,1.180000000000000059e-03,1.219999999999999947e-03,9.300000000000000541e-04,2.300000000000000070e-04,3.400000000000000244e-04,4.099999999999999912e-04,4.800000000000000122e-04,5.299999999999999807e-04,5.800000000000000034e-04,6.099999999999999737e-04,5.800000000000000034e-04,4.299999999999999894e-04,2.300000000000000070e-04,3.400000000000000244e-04,4.099999999999999912e-04,4.800000000000000122e-04,5.299999999999999807e-04,5.800000000000000034e-04,6.099999999999999737e-04,5.699999999999999772e-04,4.200000000000000174e-04,-0.000000000000000000e+00,-1.000000000000000082e-05,-1.000000000000000082e-05,-1.000000000000000082e-05,-1.000000000000000082e-05,-1.000000000000000082e-05,-1.000000000000000082e-05,-1.000000000000000082e-05,-1.000000000000000082e-05,-1.000000000000000082e-05,-1.000000000000000082e-05,-2.000000000000000164e-05,-2.000000000000000164e-05,-2.000000000000000164e-05,-2.000000000000000164e-05,-2.000000000000000164e-05,-3.000000000000000076e-05,-1.000000000000000082e-05,-0.000000000000000000e+00,-1.000000000000000082e-05,-1.000000000000000082e-05,-1.000000000000000082e-05,-1.000000000000000082e-05,-1.000000000000000082e-05,-1.000000000000000082e-05,-1.000000000000000082e-05,-1.000000000000000082e-05,-1.000000000000000082e-05,-1.000000000000000082e-05,-1.000000000000000082e-05,-2.000000000000000164e-05,-2.000000000000000164e-05,-2.000000000000000164e-05,-2.000000000000000164e-05,-3.000000000000000076e-05,-1.000000000000000082e-05
cdi*c/cref,2.625085831701911209e-04,3.809125503583736896e-04,4.608739624961573638e-04,5.262573333117609225e-04,5.590297053731777856e-04,5.967148381251315050e-04,6.349398773601695961e-04,6.420111637840373881e-04,7.565671202291002033e-04,3.462216900998269105e-04,7.752278868089374506e-04,7.913937337194817002e-04,8.058861455822156775e-04,7.989466241687835299e-04,8.045155726697624183e-04,7.870580112285016205e-04,7.426714611613572346e-04,6.706377918358761344e-04,4.371219683854580358e-04,2.625085831701911209e-04,3.809125503583736896e-04,4.608739624961573638e-04,5.262573333117609225e-04,5.590297053731777856e-04,5.967148381251315050e-04,6.349398773601695961e-04,6.420111637840373881e-04,7.565671202291002033e-04,3.537482485802579150e-04,7.752278868089374506e-04,7.913937337194817002e-04,8.058861455822156775e-04,7.989466241687835299e-04,8.045155726697624183e-04,7.870580112285016205e-04,7.426714611613572346e-04,6.706377918358761344e-04,4.371219683854580358e-04,1.472979435986215033e-04,2.046697461452586311e-04,2.310406750044493186e-04,2.520281521510508256e-04,2.578994045981846729e-04,2.599250570323750138e-04,2.499117899267073377e-04,2.153165660847476909e-04,1.430951672140696150e-04,1.472979435986215033e-04,2.046697461452586311e-04,2.310406750044493186e-04,2.520281521510508256e-04,2.578994045981846729e-04,2.599250570323750138e-04,2.499117899267073377e-04,2.116042114970796174e-04,1.397673726276959030e-04,-0.000000000000000000e+00,-1.307639911336903566e-05,-1.236662513954730200e-05,-1.165685925542414523e-05,-1.094709337130098677e-05,-1.023731939747925142e-05,-9.527553513356092952e-06,-8.817787629232936181e-06,-8.108013655411200831e-06,-7.420453993884188699e-06,-6.755108644651900631e-06,-1.217951041144207305e-05,-1.084881971297749692e-05,-9.518112835115765318e-06,-8.187405957254033720e-06,-6.856715258789459279e-06,-8.289012571391591520e-06,-2.097650751532998041e-06,-0.000000000000000000e+00,-1.307639911336903566e-05,-1.236662513954730200e-05,-1.165685925542414523e-05,-1.094709337130098677e-05,-1.023731939747925142e-05,-9.527553513356092952e-06,-8.817787629232936181e-06,-8.108013655411200831e-06,-7.420453993884188699e-06,-6.755108644651900631e-06,-6.089755205721036526e-06,-1.084881971297749692e-05,-9.518112835115765318e-06,-8.187405957254033720e-06,-6.856715258789459279e-06,-8.289012571391591520e-06,-2.097650751532998041e-06
cdo,4.660000000000000080e-03,4.689999999999999725e-03,4.729999999999999830e-03,4.769999999999999934e-03,4.819999999999999632e-03,4.870000000000000197e-03,4.919999999999999894e-03,4.989999999999999644e-03,5.060000000000000261e-03,5.389999999999999826e-03,5.120000000000000419e-03,5.170000000000000116e-03,5.230000000000000274e-03,5.290000000000000431e-03,5.349999999999999721e-03,5.429999999999999931e-03,5.519999999999999733e-03,5.610000000000000403e-03,5.709999999999999798e-03,4.660000000000000080e-03,4.689999999999999725e-03,4.729999999999999830e-03,4.769999999999999934e-03,4.819999999999999632e-03,4.870000000000000197e-03,4.919999999999999894e-03,4.989999999999999644e-03,5.060000000000000261e-03,5.389999999999999826e-03,5.120000000000000419e-03,5.170000000000000116e-03,5.230000000000000274e-03,5.290000000000000431e-03,5.349999999999999721e-03,5.429999999999999931e-03,5.519999999999999733e-03,5.610000000000000403e-03,5.709999999999999798e-03,5.479999999999999628e-03,5.519999999999999733e-03,5.570000000000000298e-03,5.619999999999999996e-03,5.680000000000000153e-03,5.740000000000000310e-03,5.810000000000000060e-03,5.879999999999999810e-03,5.960000000000000020e-03,5.479999999999999628e-03,5.519999999999999733e-03,5.570000000000000298e-03,5.619999999999999996e-03,5.680000000000000153e-03,5.740000000000000310e-03,5.810000000000000060e-03,5.879999999999999810e-03,5.960000000000000020e-03,4.969999999999999592e-03,5.009999999999999697e-03,5.040000000000000209e-03,5.080000000000000314e-03,5.120000000000000419e-03,5.159999999999999656e-03,5.210000000000000221e-03,5.259999999999999919e-03,5.309999999999999616e-03,5.369999999999999774e-03,5.440000000000000391e-03,5.510000000000000141e-03,5.590000000000000351e-03,5.689999999999999745e-03,5.799999999999999600e-03,5.939999999999999968e-03,6.109999999999999980e-03,6.340000000000000149e-03,4.969999999999999592e-03,5.009999999999999697e-03,5.040000000000000209e-03,5.080000000000000314e-03,5.120000000000000419e-03,5.159999999999999656e-03,5.210000000000000221e-03,5.259999999999999919e-03,5.309999999999999616e-03,5.369999999999999774e-03,5.440000000000000391e-03,5.510000000000000141e-03,5.590000000000000351e-03,5.689999999999999745e-03,5.799999999999999600e-03,5.939999999999999968e-03,6.109999999999999980e-03,6.340000000000000149e-03
cdo*c/cref,1.112081815975536798e-02,1.050870506576924955e-02,9.908790193667383131e-03,9.297212888507775178e-03,8.692010257737796397e-03,8.072225726859416986e-03,7.437867134790557971e-03,6.816246185707120452e-03,6.174563916708463579e-03,4.056815020952318947e-03,5.670238257802514767e-03,5.313643640687948713e-03,4.958570048699986570e-03,4.593943088970505947e-03,4.219763052728655282e-03,3.850202703577264643e-03,3.474191920009060859e-03,3.083834436228906004e-03,2.683834881162327959e-03,1.112081815975536798e-02,1.050870506576924955e-02,9.908790193667383131e-03,9.297212888507775178e-03,8.692010257737796397e-03,8.072225726859416986e-03,7.437867134790557971e-03,6.816246185707120452e-03,6.174563916708463579e-03,4.056815020952318947e-03,5.670238257802514767e-03,5.313643640687948713e-03,4.958570048699986570e-03,4.593943088970505947e-03,4.219763052728655282e-03,3.850202703577264643e-03,3.474191920009060859e-03,3.083834436228906004e-03,2.683834881162327959e-03,3.509533612697590590e-03,3.322873525652433966e-03,3.138772097011665371e-03,2.950829614768553637e-03,2.763903053052243434e-03,2.572361771320400784e-03,2.380307376187163360e-03,2.182864497548821225e-03,1.983365573478732338e-03,3.509533612697590590e-03,3.322873525652433966e-03,3.138772097011665371e-03,2.950829614768553637e-03,2.763903053052243434e-03,2.572361771320400784e-03,2.380307376187163360e-03,2.182864497548821225e-03,1.983365573478732338e-03,6.923849191839110719e-03,6.551275955797885783e-03,6.232779070331839234e-03,5.921684501755465277e-03,5.604911806106105225e-03,5.282456809099292383e-03,4.963855380458524584e-03,4.638156292976523300e-03,4.305355251023347367e-03,3.984783794715809208e-03,3.674779102690634187e-03,3.355455118352290884e-03,3.032245109777210144e-03,2.707903101590434635e-03,2.374347727603669331e-03,2.036444431860469362e-03,1.688195560373420600e-03,1.329910576471920666e-03,6.923849191839110719e-03,6.551275955797885783e-03,6.232779070331839234e-03,5.921684501755465277e-03,5.604911806106105225e-03,5.282456809099292383e-03,4.963855380458524584e-03,4.638156292976523300e-03,4.305355251023347367e-03,3.984783794715809208e-03,3.674779102690634187e-03,3.355455118352290884e-03,3.032245109777210144e-03,2.707903101590434635e-03,2.374347727603669331e-03,2.036444431860469362e-03,1.688195560373420600e-03,1.329910576471920666e-03
cl,6.300000000000000044e-03,9.879999999999999893e-03,1.265999999999999938e-02,1.523000000000000048e-02,1.786000000000000087e-02,2.066000000000000128e-02,2.372000000000000150e-02,2.708999999999999950e-02,3.549999999999999684e-02,2.617999999999999841e-02,4.000000000000000083e-02,4.377999999999999947e-02,4.862999999999999962e-02,5.260000000000000092e-02,5.822999999999999704e-02,6.360999999999999988e-02,6.758999999999999730e-02,6.951999999999999846e-02,5.322000000000000342e-02,6.300000000000000044e-03,9.879999999999999893e-03,1.265999999999999938e-02,1.523000000000000048e-02,1.786000000000000087e-02,2.066000000000000128e-02,2.372000000000000150e-02,2.708999999999999950e-02,3.556000000000000133e-02,2.656999999999999987e-02,4.000000000000000083e-02,4.377999999999999947e-02,4.862999999999999962e-02,5.260000000000000092e-02,5.822999999999999704e-02,6.360999999999999988e-02,6.758999999999999730e-02,6.951999999999999846e-02,5.322000000000000342e-02,1.282999999999999939e-02,1.915999999999999995e-02,2.351999999999999924e-02,2.760999999999999913e-02,3.025999999999999870e-02,3.327000000000000096e-02,3.497999999999999721e-02,3.332000000000000239e-02,2.460000000000000034e-02,1.286999999999999950e-02,1.919999999999999832e-02,2.355000000000000149e-02,2.767999999999999974e-02,3.037000000000000116e-02,3.339999999999999913e-02,3.490999999999999659e-02,3.268999999999999684e-02,2.370999999999999844e-02,-3.299999999999999982e-04,-4.699999999999999859e-04,-5.299999999999999807e-04,-5.800000000000000034e-04,-6.199999999999999999e-04,-6.599999999999999964e-04,-6.999999999999999929e-04,-7.299999999999999632e-04,-7.699999999999999597e-04,-8.300000000000000086e-04,-8.599999999999999789e-04,-9.799999999999999684e-04,-1.119999999999999902e-03,-1.420000000000000038e-03,-1.500000000000000031e-03,-1.449999999999999900e-03,-1.549999999999999946e-03,-8.700000000000000051e-04,-3.299999999999999982e-04,-4.299999999999999894e-04,-4.899999999999999842e-04,-5.400000000000000069e-04,-5.800000000000000034e-04,-6.199999999999999999e-04,-6.400000000000000524e-04,-6.800000000000000488e-04,-7.100000000000000191e-04,-7.600000000000000418e-04,-8.199999999999999824e-04,-8.999999999999999754e-04,-1.190000000000000085e-03,-1.430000000000000064e-03,-1.500000000000000031e-03,-1.449999999999999900e-03,-1.549999999999999946e-03,-8.700000000000000051e-04
cl*c/cref,1.503458249065639865e-02,2.213774116200430478e-02,2.652120166000614468e-02,2.968481180125228866e-02,3.220732431601598666e-02,3.424480154351448868e-02,3.585898545472196441e-02,3.700443069555228032e-02,4.331956898085977115e-02,1.970453010176840755e-02,4.429873638908213979e-02,4.499638657433624456e-02,4.610616854078017357e-02,4.567890481660653867e-02,4.592837431035319551e-02,4.510338747229278300e-02,4.253996954228485977e-02,3.821536007248369643e-02,2.501465715857427441e-02,1.503458249065639865e-02,2.213774116200430478e-02,2.652120166000614468e-02,2.968481180125228866e-02,3.220732431601598666e-02,3.424480154351448868e-02,3.585898545472196441e-02,3.700443069555228032e-02,4.339278515378516832e-02,1.999806588250521711e-02,4.429873638908213979e-02,4.499638657433624456e-02,4.610616854078017357e-02,4.567890481660653867e-02,4.592837431035319551e-02,4.510338747229278300e-02,4.253996954228485977e-02,3.821536007248369643e-02,2.501465715857427441e-02,8.216663549436146671e-03,1.153374216512692736e-02,1.325384555147475149e-02,1.449686933518856864e-02,1.472459619460578933e-02,1.490983904735709679e-02,1.433100723219052700e-02,1.236956548610998810e-02,8.186374682479331463e-03,8.242280583105473027e-03,1.155782095879107421e-02,1.327075096671898047e-02,1.453362344071059721e-02,1.477812248612616827e-02,1.496809811186435198e-02,1.430232883006779011e-02,1.213568714708689912e-02,7.890200964292069796e-03,-4.597324413092367893e-04,-6.145907583283445998e-04,-6.554311323960068571e-04,-6.760978368146003219e-04,-6.787197890206611356e-04,-6.756630802336304614e-04,-6.669287459349264660e-04,-6.436984969340042023e-04,-6.243170514666624132e-04,-6.158976814923876027e-04,-5.809393434400634323e-04,-5.967960101606615067e-04,-6.075339039267397189e-04,-6.757860112932192326e-04,-6.140554467940524544e-04,-4.971118562622357621e-04,-4.282656495218988241e-04,-1.824956153833708007e-04,-4.597324413092367893e-04,-5.622851618748684775e-04,-6.059646318378177033e-04,-6.294703997929037816e-04,-6.349314155354572088e-04,-6.347138026437135032e-04,-6.097634248547899490e-04,-5.996095587878396468e-04,-5.756689695341952150e-04,-5.639545035351983208e-04,-5.539189088614558535e-04,-5.480779685148931806e-04,-6.455047729221610395e-04,-6.805450677107771542e-04,-6.140554467940524544e-04,-4.971118562622357621e-04,-4.282656495218988241e-04,-1.824956153833708007e-04
cli,6.389999999999999847e-03,9.960000000000000103e-03,1.273999999999999959e-02,1.531000000000000069e-02,1.795000000000000068e-02,2.074000000000000149e-02,2.380000000000000171e-02,2.717999999999999930e-02,3.558000000000000052e-02,2.628000000000000128e-02,4.009000000000000064e-02,4.386999999999999927e-02,4.871999999999999942e-02,5.269999999999999685e-02,5.832999999999999990e-02,6.371000000000000274e-02,6.769000000000000017e-02,6.962000000000000133e-02,5.331999999999999934e-02,6.389999999999999847e-03,9.960000000000000103e-03,1.273999999999999959e-02,1.531000000000000069e-02,1.795000000000000068e-02,2.074000000000000149e-02,2.380000000000000171e-02,2.717999999999999930e-02,3.563999999999999807e-02,2.665999999999999967e-02,4.009000000000000064e-02,4.386999999999999927e-02,4.871999999999999942e-02,5.269999999999999685e-02,5.832999999999999990e-02,6.371000000000000274e-02,6.769000000000000017e-02,6.962000000000000133e-02,5.331999999999999934e-02,1.291999999999999919e-02,1.925999999999999934e-02,2.361999999999999864e-02,2.769999999999999893e-02,3.036000000000000157e-02,3.336999999999999689e-02,3.508000000000000007e-02,3.341999999999999832e-02,2.470999999999999933e-02,1.297000000000000063e-02,1.930000000000000118e-02,2.364000000000000129e-02,2.777999999999999914e-02,3.047000000000000056e-02,3.350000000000000200e-02,3.500999999999999945e-02,3.278999999999999970e-02,2.382000000000000089e-02,-2.500000000000000052e-04,-3.800000000000000209e-04,-4.400000000000000157e-04,-4.899999999999999842e-04,-5.299999999999999807e-04,-5.699999999999999772e-04,-6.099999999999999737e-04,-6.400000000000000524e-04,-6.800000000000000488e-04,-7.299999999999999632e-04,-7.699999999999999597e-04,-8.899999999999999491e-04,-1.030000000000000100e-03,-1.319999999999999993e-03,-1.399999999999999986e-03,-1.350000000000000071e-03,-1.449999999999999900e-03,-7.600000000000000418e-04,-2.599999999999999772e-04,-3.400000000000000244e-04,-4.000000000000000192e-04,-4.499999999999999877e-04,-4.899999999999999842e-04,-5.299999999999999807e-04,-5.500000000000000331e-04,-5.900000000000000296e-04,-6.199999999999999999e-04,-6.599999999999999964e-04,-7.299999999999999632e-04,-8.099999999999999561e-04,-1.090000000000000040e-03,-1.330000000000000019e-03,-1.399999999999999986e-03,-1.350000000000000071e-03,-1.449999999999999900e-03,-7.600000000000000418e-04
cli*c/cref,1.524936224052291824e-02,2.231699412687883355e-02,2.668879219182293192e-02,2.984073990001133089e-02,3.236962326273723489e-02,3.437740484087563331e-02,3.597992638374294949e-02,3.712736900351092800e-02,4.341719054476030071e-02,1.977979568657271814e-02,4.439840854595757808e-02,4.508888714061514563e-02,4.619149766207711338e-02,4.576574684097270418e-02,4.600724838610513456e-02,4.517429359943048173e-02,4.260290780170531560e-02,3.827033038328991887e-02,2.506165952076626000e-02,1.524936224052291824e-02,2.231699412687883355e-02,2.668879219182293192e-02,2.984073990001133089e-02,3.236962326273723489e-02,3.437740484087563331e-02,3.597992638374294949e-02,3.712736900351092800e-02,4.349040671768569788e-02,2.006580490882909837e-02,4.439840854595757808e-02,4.508888714061514563e-02,4.619149766207711338e-02,4.576574684097270418e-02,4.600724838610513456e-02,4.517429359943048173e-02,4.260290780170531560e-02,3.827033038328991887e-02,2.506165952076626000e-02,8.274301875192130104e-03,1.159393914928729709e-02,1.331019693562217679e-02,1.454412461371689183e-02,1.477325645962431627e-02,1.495465371236267584e-02,1.437197637808015384e-02,1.240668903198666705e-02,8.222980422929440994e-03,8.306323167278787181e-03,1.161801794295144567e-02,1.332146721245166393e-02,1.458612930574206684e-02,1.482678275114469348e-02,1.501291277686993622e-02,1.434329797595741522e-02,1.217281069296357980e-02,7.926806704742181062e-03,-3.482821525069975874e-04,-4.969031663080233788e-04,-5.441315061400812340e-04,-5.711861035157829707e-04,-5.801959486789522733e-04,-5.835272056563171970e-04,-5.811807643147216904e-04,-5.643384082709079156e-04,-5.513449285679616159e-04,-5.416931415535456784e-04,-5.201433656381962986e-04,-5.419882133091721670e-04,-5.587142152183410641e-04,-6.281954471176404500e-04,-5.731184170077823197e-04,-4.628282799682884962e-04,-4.006356076172602060e-04,-1.594214571165078443e-04,-3.622134386072774605e-04,-4.445975698545472023e-04,-4.946650055818920802e-04,-5.245586664940864305e-04,-5.364075751937483465e-04,-5.425779280664002387e-04,-5.240154432345851734e-04,-5.202494701247431432e-04,-5.026968466354944176e-04,-4.897499635963563965e-04,-4.931229310595887198e-04,-4.932701716634038409e-04,-5.912606743572735007e-04,-6.329545035351982632e-04,-5.731184170077823197e-04,-4.628282799682884962e-04,-4.006356076172602060e-04,-1.594214571165078443e-04
clo,-8.000000000000000654e-05,-8.000000000000000654e-05,-8.000000000000000654e-05,-8.000000000000000654e-05,-8.000000000000000654e-05,-8.000000000000000654e-05,-9.000000000000000567e-05,-9.000000000000000567e-05,-9.000000000000000567e-05,-9.000000000000000567e-05,-9.000000000000000567e-05,-9.000000000000000567e-05,-9.000000000000000567e-05,-9.000000000000000567e-05,-9.000000000000000567e-05,-9.000000000000000567e-05,-1.000000000000000048e-04,-1.000000000000000048e-04,-1.000000000000000048e-04,-8.000000000000000654e-05,-8.000000000000000654e-05,-8.000000000000000654e-05,-8.000000000000000654e-05,-8.000000000000000654e-05,-8.000000000000000654e-05,-9.000000000000000567e-05,-9.000000000000000567e-05,-9.000000000000000567e-05,-9.000000000000000567e-05,-9.000000000000000567e-05,-9.000000000000000567e-05,-9.000000000000000567e-05,-9.000000000000000567e-05,-9.000000000000000567e-05,-9.000000000000000567e-05,-1.000000000000000048e-04,-1.000000000000000048e-04,-1.000000000000000048e-04,-1.000000000000000048e-04,-1.000000000000000048e-04,-1.000000000000000048e-04,-1.000000000000000048e-04,-1.000000000000000048e-04,-1.000000000000000048e-04,-1.000000000000000048e-04,-1.000000000000000048e-04,-1.000000000000000048e-04,-1.000000000000000048e-04,-1.000000000000000048e-04,-1.000000000000000048e-04,-1.000000000000000048e-04,-1.000000000000000048e-04,-1.000000000000000048e-04,-1.000000000000000048e-04,-1.000000000000000048e-04,-1.000000000000000048e-04,-6.999999999999999387e-05,-9.000000000000000567e-05,-9.000000000000000567e-05,-9.000000000000000567e-05,-9.000000000000000567e-05,-9.000000000000000567e-05,-9.000000000000000567e-05,-9.000000000000000567e-05,-9.000000000000000567e-05,-9.000000000000000567e-05,-9.000000000000000567e-05,-1.000000000000000048e-04,-1.000000000000000048e-04,-1.000000000000000048e-04,-1.000000000000000048e-04,-1.000000000000000048e-04,-1.100000000000000039e-04,-1.100000000000000039e-04,-6.999999999999999387e-05,-9.000000000000000567e-05,-9.000000000000000567e-05,-9.000000000000000567e-05,-9.000000000000000567e-05,-9.000000000000000567e-05,-9.000000000000000567e-05,-9.000000000000000567e-05,-9.000000000000000567e-05,-9.000000000000000567e-05,-9.000000000000000567e-05,-1.000000000000000048e-04,-1.000000000000000048e-04,-1.000000000000000048e-04,-1.000000000000000048e-04,-1.000000000000000048e-04,-1.100000000000000039e-04,-1.100000000000000039e-04
clo*c/cref,-1.909153332146844393e-04,-1.792529648745287967e-04,-1.675905318167844984e-04,-1.559280987590402814e-04,-1.442657304188846117e-04,-1.326032973611403405e-04,-1.360585451486077783e-04,-1.229383079586454631e-04,-1.098242593880952017e-04,-6.773902632387917579e-05,-9.967215687543481972e-05,-9.250056627890046533e-05,-8.532912129694049147e-05,-7.815782192955491171e-05,-7.098666817674373960e-05,-6.381551442393256749e-05,-6.293825942045400362e-05,-5.497031080621936117e-05,-4.700236219198473226e-05,-1.909153332146844393e-04,-1.792529648745287967e-04,-1.675905318167844984e-04,-1.559280987590402814e-04,-1.442657304188846117e-04,-1.326032973611403405e-04,-1.360585451486077783e-04,-1.229383079586454631e-04,-1.098242593880952017e-04,-6.773902632387917579e-05,-9.967215687543481972e-05,-9.250056627890046533e-05,-8.532912129694049147e-05,-7.815782192955491171e-05,-7.098666817674373960e-05,-6.381551442393256749e-05,-6.293825942045400362e-05,-5.497031080621936117e-05,-4.700236219198473226e-05,-6.404258417331370708e-05,-6.019698416037018722e-05,-5.635138414742666736e-05,-5.250586503146892651e-05,-4.866026501852541343e-05,-4.481466500558189356e-05,-4.096914588962415272e-05,-3.712354587668063963e-05,-3.327794586373711977e-05,-6.404258417331370708e-05,-6.019698416037018722e-05,-5.635138414742666736e-05,-5.250586503146892651e-05,-4.866026501852541343e-05,-4.481466500558189356e-05,-4.096914588962415272e-05,-3.712354587668063963e-05,-3.327794586373711977e-05,-9.751900270195931525e-05,-1.176875920203213159e-04,-1.112996262559257045e-04,-1.049117332988172969e-04,-9.852384034170888938e-05,-9.213587457731325090e-05,-8.574798162020484335e-05,-7.936008866309642224e-05,-7.297212289870081087e-05,-6.678408594495769659e-05,-6.079597780186710653e-05,-6.089755205721036018e-05,-5.424409856488747781e-05,-4.759056417557882320e-05,-4.093702978627016182e-05,-3.428357629394729301e-05,-3.039304609510249885e-05,-2.307415826686297675e-05,-9.751900270195931525e-05,-1.176875920203213159e-04,-1.112996262559257045e-04,-1.049117332988172969e-04,-9.852384034170888938e-05,-9.213587457731325090e-05,-8.574798162020484335e-05,-7.936008866309642224e-05,-7.297212289870081087e-05,-6.678408594495769659e-05,-6.079597780186710653e-05,-6.089755205721036018e-05,-5.424409856488747781e-05,-4.759056417557882320e-05,-4.093702978627016182e-05,-3.428357629394729301e-05,-3.039304609510249885e-05,-2.307415826686297675e-05
cmx,2.700000000000000035e-04,6.400000000000000524e-04,1.139999999999999954e-03,1.799999999999999951e-03,2.710000000000000169e-03,3.950000000000000386e-03,5.649999999999999641e-03,7.990000000000000574e-03,1.293000000000000052e-02,1.614000000000000157e-02,1.889000000000000054e-02,2.701999999999999888e-02,3.823000000000000009e-02,5.188999999999999863e-02,7.145999999999999575e-02,9.679000000000000103e-02,1.278199999999999892e-01,1.645800000000000041e-01,1.600300000000000056e-01,-2.700000000000000035e-04,-6.400000000000000524e-04,-1.139999999999999954e-03,-1.799999999999999951e-03,-2.710000000000000169e-03,-3.950000000000000386e-03,-5.649999999999999641e-03,-7.990000000000000574e-03,-1.294999999999999971e-02,-1.637999999999999873e-02,-1.889000000000000054e-02,-2.701999999999999888e-02,-3.823000000000000009e-02,-5.188999999999999863e-02,-7.145999999999999575e-02,-9.679000000000000103e-02,-1.278199999999999892e-01,-1.645800000000000041e-01,-1.600300000000000056e-01,1.020000000000000073e-02,1.796999999999999986e-02,2.591999999999999860e-02,3.561000000000000276e-02,4.562999999999999695e-02,5.865999999999999687e-02,7.228999999999999315e-02,8.107999999999999929e-02,7.106999999999999429e-02,-1.024000000000000084e-02,-1.801000000000000170e-02,-2.594000000000000125e-02,-3.570999999999999869e-02,-4.578999999999999737e-02,-5.888999999999999790e-02,-7.215000000000000580e-02,-7.956000000000000572e-02,-6.851000000000000145e-02,-1.000000000000000048e-04,-2.300000000000000070e-04,-3.499999999999999964e-04,-5.100000000000000366e-04,-6.899999999999999667e-04,-9.200000000000000278e-04,-1.180000000000000059e-03,-1.500000000000000031e-03,-1.910000000000000022e-03,-2.650000000000000012e-03,-3.729999999999999809e-03,-5.660000000000000100e-03,-8.470000000000000098e-03,-1.406999999999999917e-02,-1.935999999999999874e-02,-2.468000000000000055e-02,-3.602000000000000340e-02,-2.716000000000000011e-02,1.000000000000000048e-04,2.000000000000000096e-04,3.200000000000000262e-04,4.600000000000000139e-04,6.400000000000000524e-04,8.400000000000000348e-04,1.069999999999999988e-03,1.369999999999999907e-03,1.729999999999999984e-03,2.390000000000000197e-03,3.530000000000000152e-03,5.130000000000000011e-03,9.020000000000000240e-03,1.414999999999999938e-02,1.935999999999999874e-02,2.468000000000000055e-02,3.602000000000000340e-02,2.716000000000000011e-02
cmx*c/cref,6.443392495995599453e-04,1.434023718996230374e-03,2.388165078389179082e-03,3.508382222078405572e-03,4.887001617939716082e-03,6.547287807206304128e-03,8.541453112107043333e-03,1.091418978432863625e-02,1.577808526542301068e-02,1.214786538741566627e-02,2.092007825974404045e-02,2.777072556506544887e-02,3.624591452424483218e-02,4.506232644360671363e-02,5.636341453233452425e-02,6.863004045658258057e-02,8.044768319122429234e-02,9.047013752487581550e-02,7.521788021583317163e-02,-6.443392495995599453e-04,-1.434023718996230374e-03,-2.388165078389179082e-03,-3.508382222078405572e-03,-4.887001617939716082e-03,-6.547287807206304128e-03,-8.541453112107043333e-03,-1.091418978432863625e-02,-1.580249065639814307e-02,-1.232850279094600821e-02,-2.092007825974404045e-02,-2.777072556506544887e-02,-3.624591452424483218e-02,-4.506232644360671363e-02,-5.636341453233452425e-02,-6.863004045658258057e-02,-8.044768319122429234e-02,-9.047013752487581550e-02,-7.521788021583317163e-02,6.532343585677997770e-03,1.081739805361852172e-02,1.460627877101298988e-02,1.869733853770608537e-02,2.220367892795314241e-02,2.628828249227433897e-02,2.961659556360929715e-02,3.009977099681265811e-02,2.365063612535796972e-02,-6.557960619347323258e-03,-1.084147684728267030e-02,-1.461754904784247702e-02,-1.874984440273755326e-02,-2.228153535198278481e-02,-2.639135622178717666e-02,-2.955923875936383033e-02,-2.953549309948711593e-02,-2.279872071124629945e-02,-1.393128610027990295e-04,-3.007571796074878117e-04,-4.328318798841555024e-04,-5.944998220266314035e-04,-7.553494426197680887e-04,-9.418333845680910152e-04,-1.124251314576019036e-03,-1.322668144384940353e-03,-1.548630608183539179e-03,-1.966420308379309909e-03,-2.519655524455158540e-03,-3.446801446438106306e-03,-4.594475148445969701e-03,-6.695992379503939995e-03,-7.925408966621902418e-03,-8.461186629346192228e-03,-9.952341094050838263e-03,-5.697219441163622021e-03,1.393128610027990295e-04,2.615279822673807200e-04,3.957320044655136641e-04,5.362155257495105926e-04,7.006139757632631531e-04,8.599348293882569903e-04,1.019448225929101871e-03,1.208036905204911901e-03,1.402686362386137585e-03,1.773488504538321209e-03,2.384553351562120754e-03,3.124044420534891498e-03,4.892817690552850839e-03,6.734064830844402501e-03,7.925408966621902418e-03,8.461186629346192228e-03,9.952341094050838263e-03,5.697219441163622021e-03
cmxi,2.700000000000000035e-04,6.400000000000000524e-04,1.139999999999999954e-03,1.799999999999999951e-03,2.710000000000000169e-03,3.950000000000000386e-03,5.649999999999999641e-03,7.990000000000000574e-03,1.293000000000000052e-02,1.614000000000000157e-02,1.889000000000000054e-02,2.701999999999999888e-02,3.823000000000000009e-02,5.188999999999999863e-02,7.145999999999999575e-02,9.679000000000000103e-02,1.278199999999999892e-01,1.645800000000000041e-01,1.600300000000000056e-01,-2.700000000000000035e-04,-6.400000000000000524e-04,-1.139999999999999954e-03,-1.799999999999999951e-03,-2.710000000000000169e-03,-3.950000000000000386e-03,-5.649999999999999641e-03,-7.990000000000000574e-03,-1.294999999999999971e-02,-1.637999999999999873e-02,-1.889000000000000054e-02,-2.701999999999999888e-02,-3.823000000000000009e-02,-5.188999999999999863e-02,-7.145999999999999575e-02,-9.679000000000000103e-02,-1.278199999999999892e-01,-1.645800000000000041e-01,-1.600300000000000056e-01,1.020000000000000073e-02,1.796999999999999986e-02,2.591999999999999860e-02,3.561000000000000276e-02,4.562999999999999695e-02,5.865999999999999687e-02,7.228999999999999315e-02,8.107999999999999929e-02,7.106999999999999429e-02,-1.024000000000000084e-02,-1.801000000000000170e-02,-2.594000000000000125e-02,-3.570999999999999869e-02,-4.578999999999999737e-02,-5.888999999999999790e-02,-7.215000000000000580e-02,-7.956000000000000572e-02,-6.851000000000000145e-02,-1.000000000000000048e-04,-2.300000000000000070e-04,-3.499999999999999964e-04,-5.100000000000000366e-04,-6.899999999999999667e-04,-9.200000000000000278e-04,-1.180000000000000059e-03,-1.500000000000000031e-03,-1.910000000000000022e-03,-2.650000000000000012e-03,-3.729999999999999809e-03,-5.660000000000000100e-03,-8.470000000000000098e-03,-1.406999999999999917e-02,-1.935999999999999874e-02,-2.468000000000000055e-02,-3.602000000000000340e-02,-2.716000000000000011e-02,1.000000000000000048e-04,2.000000000000000096e-04,3.200000000000000262e-04,4.600000000000000139e-04,6.400000000000000524e-04,8.400000000000000348e-04,1.069999999999999988e-03,1.369999999999999907e-03,1.729999999999999984e-03,2.390000000000000197e-03,3.530000000000000152e-03,5.130000000000000011e-03,9.020000000000000240e-03,1.414999999999999938e-02,1.935999999999999874e-02,2.468000000000000055e-02,3.602000000000000340e-02,2.716000000000000011e-02
cmxi*c/cref,6.443392495995599453e-04,1.434023718996230374e-03,2.388165078389179082e-03,3.508382222078405572e-03,4.887001617939716082e-03,6.547287807206304128e-03,8.541453112107043333e-03,1.091418978432863625e-02,1.577808526542301068e-02,1.214786538741566627e-02,2.092007825974404045e-02,2.777072556506544887e-02,3.624591452424483218e-02,4.506232644360671363e-02,5.636341453233452425e-02,6.863004045658258057e-02,8.044768319122429234e-02,9.047013752487581550e-02,7.521788021583317163e-02,-6.443392495995599453e-04,-1.434023718996230374e-03,-2.388165078389179082e-03,-3.508382222078405572e-03,-4.887001617939716082e-03,-6.547287807206304128e-03,-8.541453112107043333e-03,-1.091418978432863625e-02,-1.580249065639814307e-02,-1.232850279094600821e-02,-2.092007825974404045e-02,-2.777072556506544887e-02,-3.624591452424483218e-02,-4.506232644360671363e-02,-5.636341453233452425e-02,-6.863004045658258057e-02,-8.044768319122429234e-02,-9.047013752487581550e-02,-7.521788021583317163e-02,6.532343585677997770e-03,1.081739805361852172e-02,1.460627877101298988e-02,1.869733853770608537e-02,2.220367892795314241e-02,2.628828249227433897e-02,2.961659556360929715e-02,3.009977099681265811e-02,2.365063612535796972e-02,-6.557960619347323258e-03,-1.084147684728267030e-02,-1.461754904784247702e-02,-1.874984440273755326e-02,-2.228153535198278481e-02,-2.639135622178717666e-02,-2.955923875936383033e-02,-2.953549309948711593e-02,-2.279872071124629945e-02,-1.393128610027990295e-04,-3.007571796074878117e-04,-4.328318798841555024e-04,-5.944998220266314035e-04,-7.553494426197680887e-04,-9.418333845680910152e-04,-1.124251314576019036e-03,-1.322668144384940353e-03,-1.548630608183539179e-03,-1.966420308379309909e-03,-2.519655524455158540e-03,-3.446801446438106306e-03,-4.594475148445969701e-03,-6.695992379503939995e-03,-7.925408966621902418e-03,-8.461186629346192228e-03,-9.952341094050838263e-03,-5.697219441163622021e-03,1.393128610027990295e-04,2.615279822673807200e-04,3.957320044655136641e-04,5.362155257495105926e-04,7.006139757632631531e-04,8.599348293882569903e-04,1.019448225929101871e-03,1.208036905204911901e-03,1.402686362386137585e-03,1.773488504538321209e-03,2.384553351562120754e-03,3.124044420534891498e-03,4.892817690552850839e-03,6.734064830844402501e-03,7.925408966621902418e-03,8.461186629346192228e-03,9.952341094050838263e-03,5.697219441163622021e-03
cmxo,0.000000000000000000e+00,0.000000000000000000e+00,0.000000000000000000e+00,0.000000000000000000e+00,0.000000000000000000e+00,0.000000000000000000e+00,0.000000000000000000e+00,0.000000000000000000e+00,0.000000000000000000e+00,0.000000000000000000e+00,0.000000000000000000e+00,0.000000000000000000e+00,0.000000000000000000e+00,0.000000000000000000e+00,0.000000000000000000e+00,0.000000000000000000e+00,0.000000000000000000e+00,0.000000000000000000e+00,0.000000000000000000e+00,-0.000000000000000000e+00,-0.000000000000000000e+00,-0.000000000000000000e+00,-0.000000000000000000e+00,-0.000000000000000000e+00,-0.000000000000000000e+00,-0.000000000000000000e+00,-0.000000000000000000e+00,-0.000000000000000000e+00,-0.000000000000000000e+00,-0.000000000000000000e+00,-0.000000000000000000e+00,0.000000000000000000e+00,0.000000000000000000e+00,0.000000000000000000e+00,0.000000000000000000e+00,0.000000000000000000e+00,0.000000000000000000e+00,0.000000000000000000e+00,0.000000000000000000e+00,0.000000000000000000e+00,0.000000000000000000e+00,0.000000000000000000e+00,0.000000000000000000e+00,0.000000000000000000e+00,0.000000000000000000e+00,0.000000000000000000e+00,0.000000000000000000e+00,-0.000000000000000000e+00,-0.000000000000000000e+00,0.000000000000000000e+00,0.000000000000000000e+00,0.000000000000000000e+00,0.000000000000000000e+00,0.000000000000000000e+00,0.000000000000000000e+00,0.000000000000000000e+00,1.000000000000000082e-05,0.000000000000000000e+00,0.000000000000000000e+00,0.000000000000000000e+00,0.000000000000000000e+00,0.000000000000000000e+00,0.000000000000000000e+00,0.000000000000000000e+00,0.000000000000000000e+00,0.000000000000000000e+00,0.000000000000000000e+00,0.000000000000000000e+00,0.000000000000000000e+00,0.000000000000000000e+00,0.000000000000000000e+00,0.000000000000000000e+00,0.000000000000000000e+00,0.000000000000000000e+00,-1.000000000000000082e-05,-0.000000000000000000e+00,-0.000000000000000000e+00,-0.000000000000000000e+00,-0.000000000000000000e+00,-0.000000000000000000e+00,-0.000000000000000000e+00,-0.000000000000000000e+00,-0.000000000000000000e+00,-0.000000000000000000e+00,-0.000000000000000000e+00,-0.000000000000000000e+00,-0.000000000000000000e+00,-0.000000000000000000e+00,-0.000000000000000000e+00,-0.000000000000000000e+00,-0.000000000000000000e+00,-0.000000000000000000e+00
cmxo*c/cref,0.000000000000000000e+00,0.000000000000000000e+00,0.000000000000000000e+00,0.000000000000000000e+00,0.000000000000000000e+00,0.000000000000000000e+00,0.000000000000000000e+00,0.000000000000000000e+00,0.000000000000000000e+00,0.000000000000000000e+00,0.000000000000000000e+00,0.000000000000000000e+00,0.000000000000000000e+00,0.000000000000000000e+00,0.000000000000000000e+00,0.000000000000000000e+00,0.000000000000000000e+00,0.000000000000000000e+00,0.000000000000000000e+00,-0.000000000000000000e+00,-0.000000000000000000e+00,-0.000000000000000000e+00,-0.000000000000000000e+00,-0.000000000000000000e+00,-0.000000000000000000e+00,-0.000000000000000000e+00,-0.000000000000000000e+00,-0.000000000000000000e+00,-0.000000000000000000e+00,-0.000000000000000000e+00,-0.000000000000000000e+00,0.000000000000000000e+00,0.000000000000000000e+00,0.000000000000000000e+00,0.000000000000000000e+00,0.000000000000000000e+00,0.000000000000000000e+00,0.000000000000000000e+00,0.000000000000000000e+00,0.000000000000000000e+00,0.000000000000000000e+00,0.000000000000000000e+00,0.000000000000000000e+00,0.000000000000000000e+00,0.000000000000000000e+00,0.000000000000000000e+00,0.000000000000000000e+00,-0.000000000000000000e+00,-0.000000000000000000e+00,0.000000000000000000e+00,0.000000000000000000e+00,0.000000000000000000e+00,0.000000000000000000e+00,0.000000000000000000e+00,0.000000000000000000e+00,0.000000000000000000e+00,1.393128610027990363e-05,0.000000000000000000e+00,0.000000000000000000e+00,0.000000000000000000e+00,0.000000000000000000e+00,0.000000000000000000e+00,0.000000000000000000e+00,0.000000000000000000e+00,0.000000000000000000e+00,0.000000000000000000e+00,0.000000000000000000e+00,0.000000000000000000e+00,0.000000000000000000e+00,0.000000000000000000e+00,0.000000000000000000e+00,0.000000000000000000e+00,0.000000000000000000e+00,0.000000000000000000e+00,-1.393128610027990363e-05,-0.000000000000000000e+00,-0.000000000000000000e+00,-0.000000000000000000e+00,-0.000000000000000000e+00,-0.000000000000000000e+00,-0.000000000000000000e+00,-0.000000000000000000e+00,-0.000000000000000000e+00,-0.000000000000000000e+00,-0.000000000000000000e+00,-0.000000000000000000e+00,-0.000000000000000000e+00,-0.000000000000000000e+00,-0.000000000000000000e+00,-0.000000000000000000e+00,-0.000000000000000000e+00,-0.000000000000000000e+00
cmy,-8.499999999999999526e-04,-1.760000000000000063e-03,-2.809999999999999998e-03,-4.129999999999999991e-03,-5.919999999999999915e-03,-8.269999999999999574e-03,-1.139000000000000082e-02,-1.554999999999999959e-02,-2.334999999999999923e-02,-4.250999999999999918e-02,-3.406000000000000000e-02,-4.320999999999999841e-02,-5.623000000000000220e-02,-7.094000000000000306e-02,-9.322999999999999343e-02,-1.216600000000000042e-01,-1.543700000000000072e-01,-1.923100000000000087e-01,-1.764300000000000035e-01,-8.499999999999999526e-04,-1.760000000000000063e-03,-2.809999999999999998e-03,-4.129999999999999991e-03,-5.919999999999999915e-03,-8.269999999999999574e-03,-1.139000000000000082e-02,-1.553999999999999999e-02,-2.341999999999999985e-02,-4.333999999999999658e-02,-3.406000000000000000e-02,-4.320999999999999841e-02,-5.623000000000000220e-02,-7.094000000000000306e-02,-9.322999999999999343e-02,-1.216600000000000042e-01,-1.543700000000000072e-01,-1.923100000000000087e-01,-1.764300000000000035e-01,-4.329000000000000209e-02,-7.012999999999999790e-02,-9.428999999999999881e-02,-1.213199999999999973e-01,-1.474100000000000132e-01,-1.799800000000000011e-01,-2.106899999999999884e-01,-2.252300000000000135e-01,-1.882999999999999952e-01,-4.329999999999999821e-02,-7.012000000000000177e-02,-9.425000000000000044e-02,-1.215600000000000014e-01,-1.478200000000000069e-01,-1.806099999999999928e-01,-2.100799999999999890e-01,-2.202900000000000136e-01,-1.805200000000000138e-01,3.600000000000000227e-04,6.099999999999999737e-04,8.099999999999999561e-04,1.030000000000000100e-03,1.260000000000000052e-03,1.539999999999999919e-03,1.830000000000000029e-03,2.180000000000000080e-03,2.599999999999999881e-03,3.279999999999999930e-03,4.250000000000000305e-03,5.799999999999999600e-03,7.849999999999999339e-03,1.131000000000000061e-02,1.477999999999999974e-02,1.887000000000000136e-02,2.632999999999999924e-02,3.015999999999999931e-02,3.200000000000000262e-04,5.000000000000000104e-04,7.200000000000000453e-04,9.300000000000000541e-04,1.160000000000000007e-03,1.410000000000000012e-03,1.690000000000000096e-03,2.030000000000000120e-03,2.419999999999999842e-03,3.050000000000000194e-03,4.109999999999999938e-03,5.490000000000000088e-03,8.120000000000000481e-03,1.135000000000000071e-02,1.477999999999999974e-02,1.887000000000000136e-02,2.632999999999999924e-02,3.015999999999999931e-02
cmy*c/cref,-2.028475415406022150e-03,-3.943565227239633798e-03,-5.886617430064555387e-03,-8.049788098435452927e-03,-1.067566405099746110e-02,-1.370786586470787959e-02,-1.721896476936269488e-02,-2.124100765285485276e-02,-2.849329396346692023e-02,-3.199540010031226567e-02,-3.772037403530344168e-02,-4.441054965456987802e-02,-5.331173878363293372e-02,-6.160573208536250511e-02,-7.353430082353130948e-02,-8.626439427572928087e-02,-9.715779106735485116e-02,-1.057134047114404451e-01,-8.292626761531866897e-02,-2.028475415406022150e-03,-3.943565227239633798e-03,-5.886617430064555387e-03,-8.049788098435452927e-03,-1.067566405099746110e-02,-1.370786586470787959e-02,-1.721896476936269488e-02,-2.122734784085944862e-02,-2.857871283187988359e-02,-3.262010445418803833e-02,-3.772037403530344168e-02,-4.441054965456987802e-02,-5.331173878363293372e-02,-6.160573208536250511e-02,-7.353430082353130948e-02,-8.626439427572928087e-02,-9.715779106735485116e-02,-1.057134047114404451e-01,-8.292626761531866897e-02,-2.772403468862750034e-02,-4.221614499166760626e-02,-5.313372011260859840e-02,-6.370011545617809690e-02,-7.173009666380832094e-02,-8.065743407704629997e-02,-8.631789347484912500e-02,-8.361336237804779803e-02,-6.266237206141699045e-02,-2.773043894704483106e-02,-4.221012529325156998e-02,-5.311117955894963105e-02,-6.382612953225362540e-02,-7.192960375038426335e-02,-8.093976646658145035e-02,-8.606798168492241219e-02,-8.177945921173977728e-02,-6.007334787321825381e-02,5.015262996100765171e-04,7.976603459155111363e-04,1.001696636303331259e-03,1.200656503308686861e-03,1.379333764783924289e-03,1.576547187211804410e-03,1.743542292944165071e-03,1.922277703172779783e-03,2.108083550406912067e-03,2.433908909994013554e-03,2.870921173977057823e-03,3.532058019318200497e-03,4.258161737343666917e-03,5.382492808257964903e-03,6.050493002410730140e-03,6.469310846667854567e-03,7.274990033491352329e-03,6.326514666623521237e-03,4.458011552089569162e-04,6.538199556684517457e-04,8.903970100474056359e-04,1.084087910754445456e-03,1.269862831070914418e-03,1.443462035044574187e-03,1.610156543757179865e-03,1.790010888734285899e-03,1.962139304609510256e-03,2.263238468134677606e-03,2.776349652951931243e-03,3.343275607940848857e-03,4.404620803468863206e-03,5.401529033928196590e-03,6.050493002410730140e-03,6.469310846667854567e-03,7.274990033491352329e-03,6.326514666623521237e-03
cmyi,-9.100000000000000016e-04,-1.820000000000000003e-03,-2.870000000000000155e-03,-4.199999999999999740e-03,-5.980000000000000072e-03,-8.330000000000000598e-03,-1.145000000000000011e-02,-1.561000000000000061e-02,-2.341000000000000025e-02,-4.261000000000000204e-02,-3.411000000000000143e-02,-4.322999999999999760e-02,-5.621999999999999914e-02,-7.090000000000000469e-02,-9.314000000000000057e-02,-1.215100000000000069e-01,-1.541500000000000092e-01,-1.920000000000000040e-01,-1.759900000000000075e-01,-9.100000000000000016e-04,-1.820000000000000003e-03,-2.870000000000000155e-03,-4.199999999999999740e-03,-5.980000000000000072e-03,-8.330000000000000598e-03,-1.145000000000000011e-02,-1.559999999999999928e-02,-2.348000000000000087e-02,-4.343000000000000332e-02,-3.411000000000000143e-02,-4.322999999999999760e-02,-5.621999999999999914e-02,-7.090000000000000469e-02,-9.314000000000000057e-02,-1.215100000000000069e-01,-1.541500000000000092e-01,-1.920000000000000040e-01,-1.759900000000000075e-01,-4.333000000000000046e-02,-7.013999999999999402e-02,-9.427000000000000657e-02,-1.212600000000000067e-01,-1.472999999999999865e-01,-1.798200000000000076e-01,-2.104699999999999904e-01,-2.249299999999999911e-01,-1.878900000000000015e-01,-4.333999999999999658e-02,-7.012999999999999790e-02,-9.422999999999999432e-02,-1.215100000000000069e-01,-1.477199999999999902e-01,-1.804499999999999993e-01,-2.098599999999999910e-01,-2.199899999999999911e-01,-1.801099999999999923e-01,3.499999999999999964e-04,4.800000000000000122e-04,5.800000000000000034e-04,6.899999999999999667e-04,8.000000000000000383e-04,9.300000000000000541e-04,1.039999999999999909e-03,1.190000000000000085e-03,1.360000000000000098e-03,1.600000000000000077e-03,1.889999999999999970e-03,2.579999999999999828e-03,3.540000000000000178e-03,5.570000000000000298e-03,7.089999999999999948e-03,8.389999999999999888e-03,1.158000000000000002e-02,8.130000000000000074e-03,2.999999999999999737e-04,3.800000000000000209e-04,4.899999999999999842e-04,5.900000000000000296e-04,6.899999999999999667e-04,7.900000000000000121e-04,8.999999999999999754e-04,1.030000000000000100e-03,1.180000000000000059e-03,1.379999999999999933e-03,1.750000000000000036e-03,2.269999999999999882e-03,3.810000000000000019e-03,5.599999999999999943e-03,7.089999999999999948e-03,8.389999999999999888e-03,1.158000000000000002e-02,8.130000000000000074e-03
cmyi*c/cref,-2.171661915317035351e-03,-4.078004950895530376e-03,-6.012310328927144079e-03,-8.186225184849613146e-03,-1.078386334881162485e-02,-1.380731833772873805e-02,-1.730967046612843369e-02,-2.132296652482728455e-02,-2.856651013639231740e-02,-3.207066568511657279e-02,-3.777574745578980014e-02,-4.443110533596518474e-02,-5.330225777015548672e-02,-6.157099527561604030e-02,-7.346331415535457821e-02,-8.615803508502273278e-02,-9.701932689662984277e-02,-1.055429967479411674e-01,-8.271945722167392545e-02,-2.171661915317035351e-03,-4.078004950895530376e-03,-6.012310328927144079e-03,-8.186225184849613146e-03,-1.078386334881162485e-02,-1.380731833772873805e-02,-1.730967046612843369e-02,-2.130930671283188041e-02,-2.865192900480528077e-02,-3.268784348051191613e-02,-3.777574745578980014e-02,-4.443110533596518474e-02,-5.330225777015548672e-02,-6.157099527561604030e-02,-7.346331415535457821e-02,-8.615803508502273278e-02,-9.701932689662984277e-02,-1.055429967479411674e-01,-8.271945722167392545e-02,-2.774965172229682669e-02,-4.222216469008364254e-02,-5.312244983577912166e-02,-6.366861193715922518e-02,-7.167657037228791772e-02,-8.058573061303736518e-02,-8.622776135389195740e-02,-8.350199174041775252e-02,-6.252593248337567911e-02,-2.775605598071415395e-02,-4.221614499166760626e-02,-5.309990928212014044e-02,-6.379987659973788972e-02,-7.188094348536573641e-02,-8.086806300257252944e-02,-8.597784956396524458e-02,-8.166808857410973177e-02,-5.993690829517692165e-02,4.875950135097965898e-04,6.276671574417136846e-04,7.172642580937434349e-04,8.043232886242658889e-04,8.757674697040789685e-04,9.520707039655702548e-04,9.908655653890336128e-04,1.049316727878719328e-03,1.102689857135923232e-03,1.187272639021470138e-03,1.276715533839209264e-03,1.571156843076027161e-03,1.920241089197016792e-03,2.650794424579740443e-03,2.902435411846554340e-03,2.876392051062177675e-03,3.199558852557154130e-03,1.705390060996327334e-03,4.179385830083970615e-04,4.969031663080233788e-04,6.059646318378177033e-04,6.877546960700244840e-04,7.553494426197680887e-04,8.087482324008607925e-04,8.574798162020482980e-04,9.082321258109924030e-04,9.567456113385216371e-04,1.024022651156017861e-03,1.182144012814082684e-03,1.382374431698675087e-03,2.066700155322212865e-03,2.665071593832413991e-03,2.902435411846554340e-03,2.876392051062177675e-03,3.199558852557154130e-03,1.705390060996327334e-03
cmyo,6.000000000000000152e-05,6.000000000000000152e-05,6.000000000000000152e-05,6.000000000000000152e-05,6.000000000000000152e-05,6.000000000000000152e-05,6.000000000000000152e-05,6.000000000000000152e-05,6.000000000000000152e-05,9.000000000000000567e-05,5.000000000000000240e-05,2.000000000000000164e-05,-1.000000000000000082e-05,-5.000000000000000240e-05,-9.000000000000000567e-05,-1.499999999999999869e-04,-2.200000000000000078e-04,-3.099999999999999999e-04,-4.400000000000000157e-04,6.000000000000000152e-05,6.000000000000000152e-05,6.000000000000000152e-05,6.000000000000000152e-05,6.000000000000000152e-05,6.000000000000000152e-05,6.000000000000000152e-05,6.000000000000000152e-05,6.000000000000000152e-05,9.000000000000000567e-05,5.000000000000000240e-05,2.000000000000000164e-05,-1.000000000000000082e-05,-5.000000000000000240e-05,-9.000000000000000567e-05,-1.499999999999999869e-04,-2.200000000000000078e-04,-3.099999999999999999e-04,-4.400000000000000157e-04,4.000000000000000327e-05,1.000000000000000082e-05,-2.000000000000000164e-05,-6.000000000000000152e-05,-1.000000000000000048e-04,-1.600000000000000131e-04,-2.200000000000000078e-04,-2.999999999999999737e-04,-4.099999999999999912e-04,4.000000000000000327e-05,1.000000000000000082e-05,-2.000000000000000164e-05,-6.000000000000000152e-05,-1.000000000000000048e-04,-1.600000000000000131e-04,-2.200000000000000078e-04,-2.999999999999999737e-04,-4.099999999999999912e-04,1.000000000000000082e-05,1.299999999999999886e-04,2.300000000000000070e-04,3.400000000000000244e-04,4.699999999999999859e-04,6.199999999999999999e-04,7.900000000000000121e-04,1.000000000000000021e-03,1.240000000000000000e-03,1.680000000000000070e-03,2.360000000000000119e-03,3.220000000000000206e-03,4.309999999999999595e-03,5.740000000000000310e-03,7.689999999999999787e-03,1.047000000000000014e-02,1.474999999999999922e-02,2.203000000000000097e-02,1.000000000000000082e-05,1.299999999999999886e-04,2.300000000000000070e-04,3.400000000000000244e-04,4.699999999999999859e-04,6.199999999999999999e-04,7.900000000000000121e-04,1.000000000000000021e-03,1.240000000000000000e-03,1.680000000000000070e-03,2.360000000000000119e-03,3.220000000000000206e-03,4.309999999999999595e-03,5.740000000000000310e-03,7.689999999999999787e-03,1.047000000000000014e-02,1.474999999999999922e-02,2.203000000000000097e-02
cmyo*c/cref,1.431864999110133362e-04,1.344397236558966043e-04,1.256928988625883670e-04,1.169460740692801975e-04,1.081992978141634520e-04,9.945247302085524180e-05,9.070569676573852342e-05,8.195887197243031323e-05,7.321617292539680567e-05,6.773902632387917579e-05,5.537342048635267988e-05,2.055568139531121678e-05,-9.481013477437832198e-06,-4.342101218308606583e-05,-7.098666817674373960e-05,-1.063591907065542566e-04,-1.384641707249988161e-04,-1.704079634992800040e-04,-2.068103936447328111e-04,1.431864999110133362e-04,1.344397236558966043e-04,1.256928988625883670e-04,1.169460740692801975e-04,1.081992978141634520e-04,9.945247302085524180e-05,9.070569676573852342e-05,8.195887197243031323e-05,7.321617292539680567e-05,6.773902632387917579e-05,5.537342048635267988e-05,2.055568139531121678e-05,-9.481013477437832198e-06,-4.342101218308606583e-05,-7.098666817674373960e-05,-1.063591907065542566e-04,-1.384641707249988161e-04,-1.704079634992800040e-04,-2.068103936447328111e-04,2.561703366932548148e-05,6.019698416037019061e-06,-1.127027682948533381e-05,-3.150351901888135320e-05,-4.866026501852541343e-05,-7.170346400893103783e-05,-9.013212095717313462e-05,-1.113706376300418918e-04,-1.364395780413221911e-04,2.561703366932548148e-05,6.019698416037019061e-06,-1.127027682948533381e-05,-3.150351901888135320e-05,-4.866026501852541343e-05,-7.170346400893103783e-05,-9.013212095717313462e-05,-1.113706376300418918e-04,-1.364395780413221911e-04,1.393128610027990363e-05,1.699931884737974517e-04,2.844323782095879325e-04,3.963332146844209176e-04,5.145133884511463290e-04,6.347138026437135032e-04,7.526767275551313500e-04,8.817787629232934962e-04,1.005393693270988835e-03,1.246636270972543634e-03,1.594205640137848559e-03,1.960901176242173770e-03,2.337920648146649908e-03,2.731698383678224460e-03,3.148057590564175365e-03,3.589490437976281846e-03,4.075431180934198198e-03,4.621124605627194119e-03,1.393128610027990363e-05,1.699931884737974517e-04,2.844323782095879325e-04,3.963332146844209176e-04,5.145133884511463290e-04,6.347138026437135032e-04,7.526767275551313500e-04,8.817787629232934962e-04,1.005393693270988835e-03,1.246636270972543634e-03,1.594205640137848559e-03,1.960901176242173770e-03,2.337920648146649908e-03,2.731698383678224460e-03,3.148057590564175365e-03,3.589490437976281846e-03,4.075431180934198198e-03,4.621124605627194119e-03
cmz,-1.499999999999999869e-04,-2.100000000000000087e-04,-2.700000000000000035e-04,-3.499999999999999964e-04,-4.200000000000000174e-04,-4.899999999999999842e-04,-5.699999999999999772e-04,-6.499999999999999702e-04,-6.300000000000000261e-04,-1.080000000000000014e-03,-6.300000000000000261e-04,-9.200000000000000278e-04,-1.149999999999999981e-03,-1.490000000000000005e-03,-1.670000000000000043e-03,-1.879999999999999944e-03,-2.330000000000000040e-03,-3.190000000000000127e-03,-7.910000000000000364e-03,1.499999999999999869e-04,2.100000000000000087e-04,2.700000000000000035e-04,3.499999999999999964e-04,4.200000000000000174e-04,4.899999999999999842e-04,5.699999999999999772e-04,6.499999999999999702e-04,6.199999999999999999e-04,1.039999999999999909e-03,6.300000000000000261e-04,9.200000000000000278e-04,1.149999999999999981e-03,1.490000000000000005e-03,1.670000000000000043e-03,1.879999999999999944e-03,2.330000000000000040e-03,3.190000000000000127e-03,7.910000000000000364e-03,-1.670000000000000043e-03,-8.599999999999999789e-04,-3.400000000000000244e-04,2.000000000000000096e-04,4.800000000000000122e-04,9.200000000000000278e-04,9.200000000000000278e-04,-4.899999999999999842e-04,-5.640000000000000048e-03,1.670000000000000043e-03,8.599999999999999789e-04,3.499999999999999964e-04,-2.100000000000000087e-04,-5.100000000000000366e-04,-9.600000000000000243e-04,-8.800000000000000313e-04,8.000000000000000383e-04,6.109999999999999980e-03,1.690000000000000096e-03,2.840000000000000076e-03,3.680000000000000111e-03,4.550000000000000225e-03,5.380000000000000233e-03,6.429999999999999952e-03,7.329999999999999710e-03,8.439999999999999586e-03,9.849999999999999381e-03,1.174000000000000044e-02,1.400000000000000029e-02,2.009000000000000022e-02,2.846999999999999878e-02,4.689000000000000112e-02,6.019999999999999657e-02,7.084000000000000019e-02,9.850000000000000422e-02,6.119999999999999746e-02,-1.260000000000000052e-03,-1.820000000000000003e-03,-2.759999999999999867e-03,-3.579999999999999849e-03,-4.400000000000000265e-03,-5.139999999999999604e-03,-5.960000000000000020e-03,-7.009999999999999738e-03,-8.109999999999999154e-03,-9.629999999999999671e-03,-1.272000000000000040e-02,-1.709000000000000102e-02,-3.107000000000000040e-02,-4.725000000000000033e-02,-6.019999999999999657e-02,-7.084000000000000019e-02,-9.850000000000000422e-02,-6.119999999999999746e-02
cmz*c/cref,-3.579662497775332728e-04,-4.705390327956380744e-04,-5.656180448816477057e-04,-6.821854320708010955e-04,-7.573950846991441910e-04,-8.121951963369844702e-04,-8.617041192745158572e-04,-8.878877797013283142e-04,-7.687698157166663986e-04,-8.128683158865501095e-04,-6.977050981280437381e-04,-9.455613441843158497e-04,-1.090316549905350667e-03,-1.293946163055964592e-03,-1.317197065057356190e-03,-1.333035190188813475e-03,-1.466461444496578283e-03,-1.753552914718397616e-03,-3.717886849385992204e-03,3.579662497775332728e-04,4.705390327956380744e-04,5.656180448816477057e-04,6.821854320708010955e-04,7.573950846991441910e-04,8.121951963369844702e-04,8.617041192745158572e-04,8.878877797013283142e-04,7.565671202291002033e-04,7.827620819648259832e-04,6.977050981280437381e-04,9.455613441843158497e-04,1.090316549905350667e-03,1.293946163055964592e-03,1.317197065057356190e-03,1.333035190188813475e-03,1.466461444496578283e-03,1.753552914718397616e-03,3.717886849385992204e-03,-1.069511155694338701e-03,-5.176940637791835071e-04,-1.915947061012506663e-04,1.050117300629378530e-04,2.335692720889219899e-04,4.122949180513534235e-04,3.769161421845422240e-04,-1.819053747957351112e-04,-1.876876146714773555e-03,1.069511155694338701e-03,5.176940637791835071e-04,1.972298445159933154e-04,-1.102623165660847430e-04,-2.481673515944796430e-04,-4.302207840535861999e-04,-3.605284838286925385e-04,2.969883670134451170e-04,2.033282492274338018e-03,2.354387350947303656e-03,3.713697348196806202e-03,4.550918051353406921e-03,5.303870961217985874e-03,5.889536233759931454e-03,6.582596372579157216e-03,6.983696725290015721e-03,7.442212759072596578e-03,7.986393450580031236e-03,8.711612988820036790e-03,9.457152102512661473e-03,1.223431820829356045e-02,1.544329486142346358e-02,2.231521554192891083e-02,2.464409193133463780e-02,2.428648544663226244e-02,2.721559127606905729e-02,1.283762259938194678e-02,-1.755342048635267702e-03,-2.379904638633164541e-03,-3.413188538515054757e-03,-4.173155613441842902e-03,-4.816721083372434327e-03,-5.261982170304334121e-03,-5.678421893960231698e-03,-6.181269128092287297e-03,-6.575599074538482705e-03,-7.145897196110473359e-03,-8.592498195997217217e-03,-1.040739164657725029e-02,-1.685364142411054089e-02,-2.248654157296099340e-02,-2.464409193133463780e-02,-2.428648544663226244e-02,-2.721559127606905729e-02,-1.283762259938194678e-02
cmzi,5.000000000000000240e-05,1.000000000000000048e-04,1.499999999999999869e-04,2.200000000000000078e-04,3.099999999999999999e-04,4.400000000000000157e-04,5.999999999999999474e-04,8.199999999999999824e-04,1.229999999999999974e-03,2.230000000000000211e-03,1.789999999999999925e-03,2.269999999999999882e-03,2.949999999999999931e-03,3.720000000000000216e-03,4.879999999999999789e-03,6.369999999999999794e-03,8.080000000000000376e-03,1.005999999999999950e-02,9.220000000000000764e-03,-5.000000000000000240e-05,-1.000000000000000048e-04,-1.499999999999999869e-04,-2.200000000000000078e-04,-3.099999999999999999e-04,-4.400000000000000157e-04,-5.999999999999999474e-04,-8.199999999999999824e-04,-1.229999999999999974e-03,-2.279999999999999909e-03,-1.789999999999999925e-03,-2.269999999999999882e-03,-2.949999999999999931e-03,-3.720000000000000216e-03,-4.879999999999999789e-03,-6.369999999999999794e-03,-8.080000000000000376e-03,-1.005999999999999950e-02,-9.220000000000000764e-03,2.650000000000000012e-03,4.290000000000000410e-03,5.769999999999999955e-03,7.420000000000000380e-03,9.010000000000000647e-03,1.099999999999999936e-02,1.286999999999999950e-02,1.375999999999999966e-02,1.149000000000000021e-02,-2.650000000000000012e-03,-4.290000000000000410e-03,-5.760000000000000363e-03,-7.429999999999999973e-03,-9.029999999999999832e-03,-1.103999999999999947e-02,-1.284000000000000072e-02,-1.345000000000000015e-02,-1.102000000000000028e-02,3.330000000000000061e-03,4.610000000000000382e-03,5.570000000000000298e-03,6.579999999999999911e-03,7.570000000000000340e-03,8.800000000000000530e-03,9.919999999999999998e-03,1.128000000000000010e-02,1.298000000000000022e-02,1.523000000000000048e-02,1.794000000000000108e-02,2.457000000000000156e-02,3.364000000000000323e-02,5.296000000000000013e-02,6.750000000000000444e-02,7.986999999999999655e-02,1.101700000000000040e-01,7.734000000000000596e-02,-2.899999999999999800e-03,-3.579999999999999849e-03,-4.649999999999999620e-03,-5.610000000000000403e-03,-6.590000000000000371e-03,-7.519999999999999775e-03,-8.540000000000000716e-03,-9.839999999999999789e-03,-1.123999999999999999e-02,-1.311999999999999972e-02,-1.665000000000000160e-02,-2.156999999999999890e-02,-3.624000000000000138e-02,-5.333000000000000240e-02,-6.750000000000000444e-02,-7.986999999999999655e-02,-1.101700000000000040e-01,-7.734000000000000596e-02
cmzi*c/cref,1.193220832591777712e-04,2.240662060931609891e-04,3.142322471564709175e-04,4.288022715873607196e-04,5.590297053731777856e-04,7.293181354862717913e-04,9.070569676573850444e-04,1.120104583623214231e-03,1.500931544970634428e-03,1.678422541136117413e-03,1.982368453411425570e-03,2.333069838367822762e-03,2.796898975844160171e-03,3.230523306421603270e-03,3.849054896694549099e-03,4.516720298671670838e-03,5.085411361172683525e-03,5.530013267105666867e-03,4.333617794100992973e-03,-1.193220832591777712e-04,-2.240662060931609891e-04,-3.142322471564709175e-04,-4.288022715873607196e-04,-5.590297053731777856e-04,-7.293181354862717913e-04,-9.070569676573850444e-04,-1.120104583623214231e-03,-1.500931544970634428e-03,-1.716055333538272273e-03,-1.982368453411425570e-03,-2.333069838367822762e-03,-2.796898975844160171e-03,-3.230523306421603270e-03,-3.849054896694549099e-03,-4.516720298671670838e-03,-5.085411361172683525e-03,-5.530013267105666867e-03,-4.333617794100992973e-03,1.697128480592812946e-03,2.582450620479881040e-03,3.251474865306518570e-03,3.895935185334994423e-03,4.384289878169140252e-03,4.929613150614008468e-03,5.272729075994628430e-03,5.108199912631255189e-03,3.823635979743395061e-03,-1.697128480592812946e-03,-2.582450620479881040e-03,-3.245839726891775866e-03,-3.901185771838140866e-03,-4.394021931172844252e-03,-4.947539016616240432e-03,-5.260438332227741938e-03,-4.993116920413545427e-03,-3.667229634183830599e-03,4.639118271393207621e-03,6.028219991263125861e-03,6.888210202727846308e-03,7.670213390069085917e-03,8.286949682074848042e-03,9.008841069781741220e-03,9.451333085249244426e-03,9.946464445774750793e-03,1.052420172472373801e-02,1.130135143268561938e-02,1.211866490850550988e-02,1.496252854045658671e-02,1.824771475722814992e-02,2.520396278738654475e-02,2.763249510573236034e-02,2.738229238597570184e-02,3.044001716634038568e-02,1.622323091235620615e-02,-4.040072969081171667e-03,-4.681350882586114356e-03,-5.750480689889494144e-03,-6.539498042292944679e-03,-7.214134531687350915e-03,-7.698464186904395955e-03,-8.136530700406104100e-03,-8.676703027165208471e-03,-9.113407348682189477e-03,-9.735635639976054218e-03,-1.124725589334541614e-02,-1.313560197874027308e-02,-1.965806131991522376e-02,-2.538004787483618546e-02,-2.763249510573236034e-02,-2.738229238597570184e-02,-3.044001716634038568e-02,-1.622323091235620615e-02
cmzo,-2.000000000000000096e-04,-2.999999999999999737e-04,-4.200000000000000174e-04,-5.699999999999999772e-04,-7.299999999999999632e-04,-9.300000000000000541e-04,-1.170000000000000033e-03,-1.469999999999999953e-03,-1.850000000000000082e-03,-3.310000000000000008e-03,-2.419999999999999842e-03,-3.190000000000000127e-03,-4.100000000000000346e-03,-5.199999999999999761e-03,-6.550000000000000266e-03,-8.240000000000000796e-03,-1.041000000000000085e-02,-1.325999999999999922e-02,-1.712999999999999939e-02,2.000000000000000096e-04,2.999999999999999737e-04,4.200000000000000174e-04,5.699999999999999772e-04,7.299999999999999632e-04,9.300000000000000541e-04,1.170000000000000033e-03,1.469999999999999953e-03,1.850000000000000082e-03,3.310000000000000008e-03,2.419999999999999842e-03,3.190000000000000127e-03,4.100000000000000346e-03,5.199999999999999761e-03,6.550000000000000266e-03,8.240000000000000796e-03,1.041000000000000085e-02,1.325999999999999922e-02,1.712999999999999939e-02,-4.320000000000000055e-03,-5.150000000000000064e-03,-6.109999999999999980e-03,-7.219999999999999855e-03,-8.529999999999999388e-03,-1.008000000000000042e-02,-1.195000000000000055e-02,-1.425000000000000051e-02,-1.712999999999999939e-02,4.320000000000000055e-03,5.150000000000000064e-03,6.109999999999999980e-03,7.219999999999999855e-03,8.529999999999999388e-03,1.008000000000000042e-02,1.195000000000000055e-02,1.425000000000000051e-02,1.712999999999999939e-02,-1.629999999999999939e-03,-1.770000000000000089e-03,-1.889999999999999970e-03,-2.030000000000000120e-03,-2.190000000000000106e-03,-2.370000000000000145e-03,-2.579999999999999828e-03,-2.830000000000000050e-03,-3.129999999999999970e-03,-3.490000000000000047e-03,-3.930000000000000333e-03,-4.479999999999999608e-03,-5.170000000000000116e-03,-6.069999999999999875e-03,-7.289999999999999605e-03,-9.029999999999999832e-03,-1.166999999999999982e-02,-1.614000000000000157e-02,1.629999999999999939e-03,1.770000000000000089e-03,1.889999999999999970e-03,2.030000000000000120e-03,2.190000000000000106e-03,2.370000000000000145e-03,2.579999999999999828e-03,2.830000000000000050e-03,3.129999999999999970e-03,3.490000000000000047e-03,3.930000000000000333e-03,4.479999999999999608e-03,5.170000000000000116e-03,6.069999999999999875e-03,7.289999999999999605e-03,9.029999999999999832e-03,1.166999999999999982e-02,1.614000000000000157e-02
cmzo*c/cref,-4.772883330367110846e-04,-6.721986182794828860e-04,-8.798502920381186775e-04,-1.110987703658161815e-03,-1.316424790072321868e-03,-1.541513331823256370e-03,-1.768761086931901119e-03,-2.007992363324542437e-03,-2.257498665199734848e-03,-2.491290857022667414e-03,-2.680073551539469308e-03,-3.278631182552138937e-03,-3.887215525749511489e-03,-4.515785267040949708e-03,-5.166251961751905722e-03,-5.842664876146715092e-03,-6.551872805669262459e-03,-7.289063212904686208e-03,-8.051504643486983442e-03,4.772883330367110846e-04,6.721986182794828860e-04,8.798502920381186775e-04,1.110987703658161815e-03,1.316424790072321868e-03,1.541513331823256370e-03,1.768761086931901119e-03,2.007992363324542437e-03,2.257498665199734848e-03,2.491290857022667414e-03,2.680073551539469308e-03,3.278631182552138937e-03,3.887215525749511489e-03,4.515785267040949708e-03,5.166251961751905722e-03,5.842664876146715092e-03,6.551872805669262459e-03,7.289063212904686208e-03,8.051504643486983442e-03,-2.766639636287151864e-03,-3.100144684259064330e-03,-3.443069571407769182e-03,-3.790923455272056028e-03,-4.150720606080217367e-03,-4.517318232562655099e-03,-4.895812933810086802e-03,-5.290105287426990870e-03,-5.700512126458168183e-03,2.766639636287151864e-03,3.100144684259064330e-03,3.443069571407769182e-03,3.790923455272056028e-03,4.150720606080217367e-03,4.517318232562655099e-03,4.895812933810086802e-03,5.290105287426990870e-03,5.700512126458168183e-03,-2.270799634345624200e-03,-2.314522643066319225e-03,-2.337292151374439821e-03,-2.366342428851101343e-03,-2.397413448314916155e-03,-2.426244697202582269e-03,-2.458108806445871968e-03,-2.495433899072920739e-03,-2.537808274143705470e-03,-2.589738443865581725e-03,-2.654757697348197193e-03,-2.728210332163023659e-03,-2.804419895804682438e-03,-2.888747245457634356e-03,-2.984309471419094827e-03,-3.095806939343440697e-03,-3.224425890271328827e-03,-3.385608312974258943e-03,2.270799634345624200e-03,2.314522643066319225e-03,2.337292151374439821e-03,2.366342428851101343e-03,2.397413448314916155e-03,2.426244697202582269e-03,2.458108806445871968e-03,2.495433899072920739e-03,2.537808274143705470e-03,2.589738443865581725e-03,2.654757697348197193e-03,2.728210332163023659e-03,2.804419895804682438e-03,2.888747245457634356e-03,2.984309471419094827e-03,3.095806939343440697e-03,3.224425890271328827e-03,3.385608312974258943e-03
cs,3.299999999999999982e-04,5.199999999999999544e-04,6.700000000000000226e-04,8.000000000000000383e-04,9.399999999999999719e-04,1.090000000000000040e-03,1.250000000000000026e-03,1.420000000000000038e-03,1.850000000000000082e-03,1.379999999999999933e-03,2.099999999999999870e-03,2.299999999999999961e-03,2.550000000000000183e-03,2.759999999999999867e-03,3.059999999999999786e-03,3.340000000000000087e-03,3.550000000000000204e-03,3.650000000000000033e-03,2.789999999999999945e-03,-3.299999999999999982e-04,-5.199999999999999544e-04,-6.700000000000000226e-04,-8.000000000000000383e-04,-9.399999999999999719e-04,-1.090000000000000040e-03,-1.250000000000000026e-03,-1.420000000000000038e-03,-1.850000000000000082e-03,-1.399999999999999986e-03,-2.099999999999999870e-03,-2.299999999999999961e-03,-2.550000000000000183e-03,-2.759999999999999867e-03,-3.059999999999999786e-03,-3.340000000000000087e-03,-3.550000000000000204e-03,-3.650000000000000033e-03,-2.789999999999999945e-03,7.900000000000000121e-04,1.180000000000000059e-03,1.440000000000000091e-03,1.690000000000000096e-03,1.860000000000000108e-03,2.040000000000000147e-03,2.150000000000000001e-03,2.040000000000000147e-03,1.510000000000000057e-03,-7.900000000000000121e-04,-1.180000000000000059e-03,-1.449999999999999900e-03,-1.699999999999999905e-03,-1.860000000000000108e-03,-2.050000000000000173e-03,-2.139999999999999975e-03,-2.010000000000000068e-03,-1.459999999999999926e-03,2.419999999999999842e-03,3.629999999999999980e-03,4.179999999999999688e-03,4.649999999999999620e-03,5.040000000000000209e-03,5.470000000000000036e-03,5.780000000000000415e-03,6.109999999999999980e-03,6.479999999999999649e-03,6.969999999999999633e-03,7.300000000000000065e-03,8.449999999999999178e-03,9.769999999999999171e-03,1.254000000000000080e-02,1.328999999999999973e-02,1.282999999999999939e-02,1.376999999999999925e-02,7.250000000000000368e-03,-2.459999999999999947e-03,-3.220000000000000206e-03,-3.820000000000000045e-03,-4.270000000000000358e-03,-4.680000000000000132e-03,-5.029999999999999749e-03,-5.270000000000000379e-03,-5.570000000000000298e-03,-5.879999999999999810e-03,-6.300000000000000044e-03,-6.910000000000000343e-03,-7.660000000000000142e-03,-1.038999999999999993e-02,-1.261999999999999927e-02,-1.328999999999999973e-02,-1.282999999999999939e-02,-1.376999999999999925e-02,-7.250000000000000368e-03
cs*c/cref,7.875257495105732544e-04,1.165144271684437002e-03,1.403570703965570116e-03,1.559280987590402597e-03,1.695122332421893909e-03,1.806719926545536942e-03,1.889702015952885762e-03,1.939693303347517390e-03,2.257498665199734848e-03,1.038665070299480677e-03,2.325683660426812027e-03,2.363903360460789353e-03,2.417658436746647141e-03,2.396839872506350590e-03,2.413546718009286930e-03,2.368264646399274951e-03,2.234308209426117027e-03,2.006416344427006462e-03,1.311365905156373999e-03,-7.875257495105732544e-04,-1.165144271684437002e-03,-1.403570703965570116e-03,-1.559280987590402597e-03,-1.695122332421893909e-03,-1.806719926545536942e-03,-1.889702015952885762e-03,-1.939693303347517390e-03,-2.257498665199734848e-03,-1.053718187260342795e-03,-2.325683660426812027e-03,-2.363903360460789353e-03,-2.417658436746647141e-03,-2.396839872506350590e-03,-2.413546718009286930e-03,-2.368264646399274951e-03,-2.234308209426117027e-03,-2.006416344427006462e-03,-1.311365905156373999e-03,5.059364149691782846e-04,7.103244130923681713e-04,8.114599317229439666e-04,8.873491190318248201e-04,9.050809293445727073e-04,9.142191661138706748e-04,8.808366366269193342e-04,7.573203358842850322e-04,5.024969825424305085e-04,-5.059364149691782846e-04,-7.103244130923681713e-04,-8.170950701376865615e-04,-8.925997055349716965e-04,-9.050809293445727073e-04,-9.187006326144288824e-04,-8.767397220379568451e-04,-7.461832721212807848e-04,-4.858580096105618944e-04,3.371371236267736021e-03,4.746732878152959238e-03,5.169249308330771397e-03,5.420439553772225978e-03,5.517335059135697155e-03,5.599813710421149351e-03,5.506925930719821713e-03,5.387668241461323129e-03,5.253992848706457407e-03,5.172056433737279128e-03,4.931229310595887198e-03,5.145843148834274537e-03,5.299648429789505753e-03,5.967856747617584709e-03,5.440531258595304211e-03,4.398582838513437343e-03,3.804656770268739861e-03,1.520796794861423466e-03,-3.427096380668855947e-03,-4.210600514504829472e-03,-4.724050803307068905e-03,-4.977478902066109767e-03,-5.123239697768861706e-03,-5.149371656932062377e-03,-5.021020701538661535e-03,-4.911507709482744975e-03,-4.767512029381785858e-03,-4.674886016147039060e-03,-4.667780073454463712e-03,-4.664752487582313374e-03,-5.635961840891808537e-03,-6.005929198958046347e-03,-5.440531258595304211e-03,-4.398582838513437343e-03,-3.804656770268739861e-03,-1.520796794861423466e-03
csi,3.299999999999999982e-04,5.199999999999999544e-04,6.700000000000000226e-04,8.000000000000000383e-04,9.399999999999999719e-04,1.090000000000000040e-03,1.250000000000000026e-03,1.420000000000000038e-03,1.869999999999999917e-03,1.379999999999999933e-03,2.099999999999999870e-03,2.299999999999999961e-03,2.550000000000000183e-03,2.759999999999999867e-03,3.059999999999999786e-03,3.340000000000000087e-03,3.550000000000000204e-03,3.650000000000000033e-03,2.789999999999999945e-03,-3.299999999999999982e-04,-5.199999999999999544e-04,-6.700000000000000226e-04,-8.000000000000000383e-04,-9.399999999999999719e-04,-1.090000000000000040e-03,-1.250000000000000026e-03,-1.420000000000000038e-03,-1.869999999999999917e-03,-1.399999999999999986e-03,-2.099999999999999870e-03,-2.299999999999999961e-03,-2.550000000000000183e-03,-2.759999999999999867e-03,-3.059999999999999786e-03,-3.340000000000000087e-03,-3.550000000000000204e-03,-3.650000000000000033e-03,-2.789999999999999945e-03,7.900000000000000121e-04,1.180000000000000059e-03,1.440000000000000091e-03,1.690000000000000096e-03,1.860000000000000108e-03,2.040000000000000147e-03,2.150000000000000001e-03,2.040000000000000147e-03,1.510000000000000057e-03,-7.900000000000000121e-04,-1.180000000000000059e-03,-1.449999999999999900e-03,-1.699999999999999905e-03,-1.860000000000000108e-03,-2.050000000000000173e-03,-2.139999999999999975e-03,-2.010000000000000068e-03,-1.459999999999999926e-03,2.419999999999999842e-03,3.629999999999999980e-03,4.179999999999999688e-03,4.649999999999999620e-03,5.040000000000000209e-03,5.470000000000000036e-03,5.780000000000000415e-03,6.109999999999999980e-03,6.479999999999999649e-03,6.969999999999999633e-03,7.300000000000000065e-03,8.449999999999999178e-03,9.769999999999999171e-03,1.254000000000000080e-02,1.328999999999999973e-02,1.282999999999999939e-02,1.376999999999999925e-02,7.250000000000000368e-03,-2.459999999999999947e-03,-3.220000000000000206e-03,-3.820000000000000045e-03,-4.270000000000000358e-03,-4.680000000000000132e-03,-5.029999999999999749e-03,-5.270000000000000379e-03,-5.570000000000000298e-03,-5.879999999999999810e-03,-6.300000000000000044e-03,-6.910000000000000343e-03,-7.660000000000000142e-03,-1.038999999999999993e-02,-1.261999999999999927e-02,-1.328999999999999973e-02,-1.282999999999999939e-02,-1.376999999999999925e-02,-7.250000000000000368e-03
csi*c/cref,7.875257495105732544e-04,1.165144271684437002e-03,1.403570703965570116e-03,1.559280987590402597e-03,1.695122332421893909e-03,1.806719926545536942e-03,1.889702015952885762e-03,1.939693303347517390e-03,2.281904056174866805e-03,1.038665070299480677e-03,2.325683660426812027e-03,2.363903360460789353e-03,2.417658436746647141e-03,2.396839872506350590e-03,2.413546718009286930e-03,2.368264646399274951e-03,2.234308209426117027e-03,2.006416344427006462e-03,1.311365905156373999e-03,-7.875257495105732544e-04,-1.165144271684437002e-03,-1.403570703965570116e-03,-1.559280987590402597e-03,-1.695122332421893909e-03,-1.806719926545536942e-03,-1.889702015952885762e-03,-1.939693303347517390e-03,-2.281904056174866805e-03,-1.053718187260342795e-03,-2.325683660426812027e-03,-2.363903360460789353e-03,-2.417658436746647141e-03,-2.396839872506350590e-03,-2.413546718009286930e-03,-2.368264646399274951e-03,-2.234308209426117027e-03,-2.006416344427006462e-03,-1.311365905156373999e-03,5.059364149691782846e-04,7.103244130923681713e-04,8.114599317229439666e-04,8.873491190318248201e-04,9.050809293445727073e-04,9.142191661138706748e-04,8.808366366269193342e-04,7.573203358842850322e-04,5.024969825424305085e-04,-5.059364149691782846e-04,-7.103244130923681713e-04,-8.170950701376865615e-04,-8.925997055349716965e-04,-9.050809293445727073e-04,-9.187006326144288824e-04,-8.767397220379568451e-04,-7.461832721212807848e-04,-4.858580096105618944e-04,3.371371236267736021e-03,4.746732878152959238e-03,5.169249308330771397e-03,5.420439553772225978e-03,5.517335059135697155e-03,5.599813710421149351e-03,5.506925930719821713e-03,5.387668241461323129e-03,5.253992848706457407e-03,5.172056433737279128e-03,4.931229310595887198e-03,5.145843148834274537e-03,5.299648429789505753e-03,5.967856747617584709e-03,5.440531258595304211e-03,4.398582838513437343e-03,3.804656770268739861e-03,1.520796794861423466e-03,-3.427096380668855947e-03,-4.210600514504829472e-03,-4.724050803307068905e-03,-4.977478902066109767e-03,-5.123239697768861706e-03,-5.149371656932062377e-03,-5.021020701538661535e-03,-4.911507709482744975e-03,-4.767512029381785858e-03,-4.674886016147039060e-03,-4.667780073454463712e-03,-4.664752487582313374e-03,-5.635961840891808537e-03,-6.005929198958046347e-03,-5.440531258595304211e-03,-4.398582838513437343e-03,-3.804656770268739861e-03,-1.520796794861423466e-03
cso,0.000000000000000000e+00,0.000000000000000000e+00,0.000000000000000000e+00,0.000000000000000000e+00,0.000000000000000000e+00,0.000000000000000000e+00,0.000000000000000000e+00,0.000000000000000000e+00,-2.000000000000000164e-05,0.000000000000000000e+00,0.000000000000000000e+00,0.000000000000000000e+00,0.000000000000000000e+00,0.000000000000000000e+00,0.000000000000000000e+00,0.000000000000000000e+00,0.000000000000000000e+00,0.000000000000000000e+00,0.000000000000000000e+00,0.000000000000000000e+00,0.000000000000000000e+00,0.000000000000000000e+00,0.000000000000000000e+00,0.000000000000000000e+00,0.000000000000000000e+00,0.000000000000000000e+00,0.000000000000000000e+00,2.000000000000000164e-05,0.000000000000000000e+00,0.000000000000000000e+00,0.000000000000000000e+00,0.000000000000000000e+00,0.000000000000000000e+00,0.000000000000000000e+00,0.000000000000000000e+00,0.000000000000000000e+00,0.000000000000000000e+00,0.000000000000000000e+00,0.000000000000000000e+00,0.000000000000000000e+00,0.000000000000000000e+00,0.000000000000000000e+00,0.000000000000000000e+00,0.000000000000000000e+00,0.000000000000000000e+00,0.000000000000000000e+00,0.000000000000000000e+00,0.000000000000000000e+00,0.000000000000000000e+00,0.000000000000000000e+00,0.000000000000000000e+00,0.000000000000000000e+00,0.000000000000000000e+00,0.000000000000000000e+00,0.000000000000000000e+00,0.000000000000000000e+00,0.000000000000000000e+00,0.000000000000000000e+00,0.000000000000000000e+00,0.000000000000000000e+00,0.000000000000000000e+00,0.000000000000000000e+00,0.000000000000000000e+00,0.000000000000000000e+00,0.000000000000000000e+00,0.000000000000000000e+00,0.000000000000000000e+00,0.000000000000000000e+00,0.000000000000000000e+00,0.000000000000000000e+00,0.000000000000000000e+00,0.000000000000000000e+00,0.000000000000000000e+00,0.000000000000000000e+00,-0.000000000000000000e+00,0.000000000000000000e+00,0.000000000000000000e+00,0.000000000000000000e+00,0.000000000000000000e+00,0.000000000000000000e+00,0.000000000000000000e+00,0.000000000000000000e+00,0.000000000000000000e+00,0.000000000000000000e+00,0.000000000000000000e+00,0.000000000000000000e+00,0.000000000000000000e+00,0.000000000000000000e+00,0.000000000000000000e+00,0.000000000000000000e+00,0.000000000000000000e+00,0.000000000000000000e+00
cso*c/cref,0.000000000000000000e+00,0.000000000000000000e+00,0.000000000000000000e+00,0.000000000000000000e+00,0.000000000000000000e+00,0.000000000000000000e+00,0.000000000000000000e+00,0.000000000000000000e+00,-2.440539097513226856e-05,0.000000000000000000e+00,0.000000000000000000e+00,0.000000000000000000e+00,0.000000000000000000e+00,0.000000000000000000e+00,0.000000000000000000e+00,0.000000000000000000e+00,0.000000000000000000e+00,0.000000000000000000e+00,0.000000000000000000e+00,0.000000000000000000e+00,0.000000000000000000e+00,0.000000000000000000e+00,0.000000000000000000e+00,0.000000000000000000e+00,0.000000000000000000e+00,0.000000000000000000e+00,0.000000000000000000e+00,2.440539097513226856e-05,0.000000000000000000e+00,0.000000000000000000e+00,0.000000000000000000e+00,0.000000000000000000e+00,0.000000000000000000e+00,0.000000000000000000e+00,0.000000000000000000e+00,0.000000000000000000e+00,0.000000000000000000e+00,0.000000000000000000e+00,0.000000000000000000e+00,0.000000000000000000e+00,0.000000000000000000e+00,0.000000000000000000e+00,0.000000000000000000e+00,0.000000000000000000e+00,0.000000000000000000e+00,0.000000000000000000e+00,0.000000000000000000e+00,0.000000000000000000e+00,0.000000000000000000e+00,0.000000000000000000e+00,0.000000000000000000e+00,0.000000000000000000e+00,0.000000000000000000e+00,0.000000000000000000e+00,0.000000000000000000e+00,0.000000000000000000e+00,0.000000000000000000e+00,0.000000000000000000e+00,0.000000000000000000e+00,0.000000000000000000e+00,0.000000000000000000e+00,0.000000000000000000e+00,0.000000000000000000e+00,0.000000000000000000e+00,0.000000000000000000e+00,0.000000000000000000e+00,0.000000000000000000e+00,0.000000000000000000e+00,0.000000000000000000e+00,0.000000000000000000e+00,0.000000000000000000e+00,0.000000000000000000e+00,0.000000000000000000e+00,0.000000000000000000e+00,-0.000000000000000000e+00,0.000000000000000000e+00,0.000000000000000000e+00,0.000000000000000000e+00,0.000000000000000000e+00,0.000000000000000000e+00,0.000000000000000000e+00,0.000000000000000000e+00,0.000000000000000000e+00,0.000000000000000000e+00,0.000000000000000000e+00,0.000000000000000000e+00,0.000000000000000000e+00,0.000000000000000000e+00,0.000000000000000000e+00,0.000000000000000000e+00,0.000000000000000000e+00,0.000000000000000000e+00
cx,4.660000000000000080e-03,4.689999999999999725e-03,4.729999999999999830e-03,4.769999999999999934e-03,4.819999999999999632e-03,4.870000000000000197e-03,4.919999999999999894e-03,4.989999999999999644e-03,5.060000000000000261e-03,5.389999999999999826e-03,5.120000000000000419e-03,5.170000000000000116e-03,5.230000000000000274e-03,5.290000000000000431e-03,5.360000000000000181e-03,5.429999999999999931e-03,5.519999999999999733e-03,5.610000000000000403e-03,5.720000000000000258e-03,4.660000000000000080e-03,4.689999999999999725e-03,4.729999999999999830e-03,4.769999999999999934e-03,4.819999999999999632e-03,4.870000000000000197e-03,4.919999999999999894e-03,4.989999999999999644e-03,5.060000000000000261e-03,5.389999999999999826e-03,5.120000000000000419e-03,5.170000000000000116e-03,5.230000000000000274e-03,5.290000000000000431e-03,5.360000000000000181e-03,5.429999999999999931e-03,5.519999999999999733e-03,5.610000000000000403e-03,5.720000000000000258e-03,5.479999999999999628e-03,5.519999999999999733e-03,5.570000000000000298e-03,5.619999999999999996e-03,5.680000000000000153e-03,5.740000000000000310e-03,5.810000000000000060e-03,5.879999999999999810e-03,5.960000000000000020e-03,5.479999999999999628e-03,5.519999999999999733e-03,5.570000000000000298e-03,5.619999999999999996e-03,5.680000000000000153e-03,5.740000000000000310e-03,5.810000000000000060e-03,5.879999999999999810e-03,5.960000000000000020e-03,4.969999999999999592e-03,5.009999999999999697e-03,5.040000000000000209e-03,5.080000000000000314e-03,5.120000000000000419e-03,5.159999999999999656e-03,5.210000000000000221e-03,5.259999999999999919e-03,5.320000000000000076e-03,5.380000000000000233e-03,5.440000000000000391e-03,5.510000000000000141e-03,5.590000000000000351e-03,5.689999999999999745e-03,5.799999999999999600e-03,5.939999999999999968e-03,6.109999999999999980e-03,6.340000000000000149e-03,4.969999999999999592e-03,5.009999999999999697e-03,5.040000000000000209e-03,5.080000000000000314e-03,5.120000000000000419e-03,5.159999999999999656e-03,5.210000000000000221e-03,5.259999999999999919e-03,5.320000000000000076e-03,5.380000000000000233e-03,5.440000000000000391e-03,5.510000000000000141e-03,5.590000000000000351e-03,5.689999999999999745e-03,5.799999999999999600e-03,5.939999999999999968e-03,6.109999999999999980e-03,6.340000000000000149e-03
cx*c/cref,1.112081815975536798e-02,1.050870506576924955e-02,9.908790193667383131e-03,9.297212888507775178e-03,8.692010257737796397e-03,8.072225726859416986e-03,7.437867134790557971e-03,6.816246185707120452e-03,6.174563916708463579e-03,4.056815020952318947e-03,5.670238257802514767e-03,5.313643640687948713e-03,4.958570048699986570e-03,4.593943088970505947e-03,4.227650460303849188e-03,3.850202703577264643e-03,3.474191920009060859e-03,3.083834436228906004e-03,2.688535117381526951e-03,1.112081815975536798e-02,1.050870506576924955e-02,9.908790193667383131e-03,9.297212888507775178e-03,8.692010257737796397e-03,8.072225726859416986e-03,7.437867134790557971e-03,6.816246185707120452e-03,6.174563916708463579e-03,4.056815020952318947e-03,5.670238257802514767e-03,5.313643640687948713e-03,4.958570048699986570e-03,4.593943088970505947e-03,4.227650460303849188e-03,3.850202703577264643e-03,3.474191920009060859e-03,3.083834436228906004e-03,2.688535117381526951e-03,3.509533612697590590e-03,3.322873525652433966e-03,3.138772097011665371e-03,2.950829614768553637e-03,2.763903053052243434e-03,2.572361771320400784e-03,2.380307376187163360e-03,2.182864497548821225e-03,1.983365573478732338e-03,3.509533612697590590e-03,3.322873525652433966e-03,3.138772097011665371e-03,2.950829614768553637e-03,2.763903053052243434e-03,2.572361771320400784e-03,2.380307376187163360e-03,2.182864497548821225e-03,1.983365573478732338e-03,6.923849191839110719e-03,6.551275955797885783e-03,6.232779070331839234e-03,5.921684501755465277e-03,5.604911806106105225e-03,5.282456809099292383e-03,4.963855380458524584e-03,4.638156292976523300e-03,4.313463264678758964e-03,3.992204248709693530e-03,3.674779102690634187e-03,3.355455118352290884e-03,3.032245109777210144e-03,2.707903101590434635e-03,2.374347727603669331e-03,2.036444431860469362e-03,1.688195560373420600e-03,1.329910576471920666e-03,6.923849191839110719e-03,6.551275955797885783e-03,6.232779070331839234e-03,5.921684501755465277e-03,5.604911806106105225e-03,5.282456809099292383e-03,4.963855380458524584e-03,4.638156292976523300e-03,4.313463264678758964e-03,3.992204248709693530e-03,3.674779102690634187e-03,3.355455118352290884e-03,3.032245109777210144e-03,2.707903101590434635e-03,2.374347727603669331e-03,2.036444431860469362e-03,1.688195560373420600e-03,1.329910576471920666e-03
cxi,-0.000000000000000000e+00,-0.000000000000000000e+00,0.000000000000000000e+00,-0.000000000000000000e+00,0.000000000000000000e+00,0.000000000000000000e+00,0.000000000000000000e+00,0.000000000000000000e+00,0.000000000000000000e+00,-0.000000000000000000e+00,0.000000000000000000e+00,0.000000000000000000e+00,0.000000000000000000e+00,0.000000000000000000e+00,0.000000000000000000e+00,-0.000000000000000000e+00,-0.000000000000000000e+00,-0.000000000000000000e+00,-0.000000000000000000e+00,-0.000000000000000000e+00,0.000000000000000000e+00,0.000000000000000000e+00,0.000000000000000000e+00,0.000000000000000000e+00,0.000000000000000000e+00,0.000000000000000000e+00,0.000000000000000000e+00,0.000000000000000000e+00,-0.000000000000000000e+00,0.000000000000000000e+00,0.000000000000000000e+00,0.000000000000000000e+00,0.000000000000000000e+00,0.000000000000000000e+00,-0.000000000000000000e+00,-0.000000000000000000e+00,-0.000000000000000000e+00,-0.000000000000000000e+00,-0.000000000000000000e+00,-0.000000000000000000e+00,-0.000000000000000000e+00,-0.000000000000000000e+00,-0.000000000000000000e+00,-0.000000000000000000e+00,0.000000000000000000e+00,-0.000000000000000000e+00,-0.000000000000000000e+00,-0.000000000000000000e+00,-0.000000000000000000e+00,-0.000000000000000000e+00,-0.000000000000000000e+00,0.000000000000000000e+00,0.000000000000000000e+00,0.000000000000000000e+00,0.000000000000000000e+00,-0.000000000000000000e+00,0.000000000000000000e+00,0.000000000000000000e+00,0.000000000000000000e+00,0.000000000000000000e+00,0.000000000000000000e+00,-0.000000000000000000e+00,-0.000000000000000000e+00,-0.000000000000000000e+00,-0.000000000000000000e+00,-0.000000000000000000e+00,0.000000000000000000e+00,-0.000000000000000000e+00,0.000000000000000000e+00,-0.000000000000000000e+00,-0.000000000000000000e+00,-0.000000000000000000e+00,0.000000000000000000e+00,0.000000000000000000e+00,-0.000000000000000000e+00,-0.000000000000000000e+00,-0.000000000000000000e+00,-0.000000000000000000e+00,-0.000000000000000000e+00,-0.000000000000000000e+00,-0.000000000000000000e+00,-0.000000000000000000e+00,-0.000000000000000000e+00,-0.000000000000000000e+00,0.000000000000000000e+00,0.000000000000000000e+00,0.000000000000000000e+00,-0.000000000000000000e+00,-0.000000000000000000e+00,-0.000000000000000000e+00,0.000000000000000000e+00,0.000000000000000000e+00
cxi*c/cref,-0.000000000000000000e+00,-0.000000000000000000e+00,0.000000000000000000e+00,-0.000000000000000000e+00,0.000000000000000000e+00,0.000000000000000000e+00,0.000000000000000000e+00,0.000000000000000000e+00,0.000000000000000000e+00,-0.000000000000000000e+00,0.000000000000000000e+00,0.000000000000000000e+00,0.000000000000000000e+00,0.000000000000000000e+00,0.000000000000000000e+00,-0.000000000000000000e+00,-0.000000000000000000e+00,-0.000000000000000000e+00,-0.000000000000000000e+00,-0.000000000000000000e+00,0.000000000000000000e+00,0.000000000000000000e+00,0.000000000000000000e+00,0.000000000000000000e+00,0.000000000000000000e+00,0.000000000000000000e+00,0.000000000000000000e+00,0.000000000000000000e+00,-0.000000000000000000e+00,0.000000000000000000e+00,0.000000000000000000e+00,0.000000000000000000e+00,0.000000000000000000e+00,0.000000000000000000e+00,-0.000000000000000000e+00,-0.000000000000000000e+00,-0.000000000000000000e+00,-0.000000000000000000e+00,-0.000000000000000000e+00,-0.000000000000000000e+00,-0.000000000000000000e+00,-0.000000000000000000e+00,-0.000000000000000000e+00,-0.000000000000000000e+00,0.000000000000000000e+00,-0.000000000000000000e+00,-0.000000000000000000e+00,-0.000000000000000000e+00,-0.000000000000000000e+00,-0.000000000000000000e+00,-0.000000000000000000e+00,0.000000000000000000e+00,0.000000000000000000e+00,0.000000000000000000e+00,0.000000000000000000e+00,-0.000000000000000000e+00,0.000000000000000000e+00,0.000000000000000000e+00,0.000000000000000000e+00,0.000000000000000000e+00,0.000000000000000000e+00,-0.000000000000000000e+00,-0.000000000000000000e+00,-0.000000000000000000e+00,-0.000000000000000000e+00,-0.000000000000000000e+00,0.000000000000000000e+00,-0.000000000000000000e+00,0.000000000000000000e+00,-0.000000000000000000e+00,-0.000000000000000000e+00,-0.000000000000000000e+00,0.000000000000000000e+00,0.000000000000000000e+00,-0.000000000000000000e+00,-0.000000000000000000e+00,-0.000000000000000000e+00,-0.000000000000000000e+00,-0.000000000000000000e+00,-0.000000000000000000e+00,-0.000000000000000000e+00,-0.000000000000000000e+00,-0.000000000000000000e+00,-0.000000000000000000e+00,0.000000000000000000e+00,0.000000000000000000e+00,0.000000000000000000e+00,-0.000000000000000000e+00,-0.000000000000000000e+00,-0.000000000000000000e+00,0.000000000000000000e+00,0.000000000000000000e+00
cxo,4.660000000000000080e-03,4.689999999999999725e-03,4.729999999999999830e-03,4.769999999999999934e-03,4.819999999999999632e-03,4.870000000000000197e-03,4.919999999999999894e-03,4.989999999999999644e-03,5.060000000000000261e-03,5.389999999999999826e-03,5.120000000000000419e-03,5.170000000000000116e-03,5.230000000000000274e-03,5.290000000000000431e-03,5.360000000000000181e-03,5.429999999999999931e-03,5.519999999999999733e-03,5.610000000000000403e-03,5.720000000000000258e-03,4.660000000000000080e-03,4.689999999999999725e-03,4.729999999999999830e-03,4.769999999999999934e-03,4.819999999999999632e-03,4.870000000000000197e-03,4.919999999999999894e-03,4.989999999999999644e-03,5.060000000000000261e-03,5.389999999999999826e-03,5.120000000000000419e-03,5.170000000000000116e-03,5.230000000000000274e-03,5.290000000000000431e-03,5.360000000000000181e-03,5.429999999999999931e-03,5.519999999999999733e-03,5.610000000000000403e-03,5.720000000000000258e-03,5.479999999999999628e-03,5.519999999999999733e-03,5.570000000000000298e-03,5.619999999999999996e-03,5.680000000000000153e-03,5.740000000000000310e-03,5.810000000000000060e-03,5.879999999999999810e-03,5.960000000000000020e-03,5.479999999999999628e-03,5.519999999999999733e-03,5.570000000000000298e-03,5.619999999999999996e-03,5.680000000000000153e-03,5.740000000000000310e-03,5.810000000000000060e-03,5.879999999999999810e-03,5.960000000000000020e-03,4.969999999999999592e-03,5.009999999999999697e-03,5.040000000000000209e-03,5.080000000000000314e-03,5.120000000000000419e-03,5.159999999999999656e-03,5.210000000000000221e-03,5.259999999999999919e-03,5.320000000000000076e-03,5.380000000000000233e-03,5.440000000000000391e-03,5.510000000000000141e-03,5.590000000000000351e-03,5.689999999999999745e-03,5.799999999999999600e-03,5.939999999999999968e-03,6.109999999999999980e-03,6.340000000000000149e-03,4.969999999999999592e-03,5.009999999999999697e-03,5.040000000000000209e-03,5.080000000000000314e-03,5.120000000000000419e-03,5.159999999999999656e-03,5.210000000000000221e-03,5.259999999999999919e-03,5.320000000000000076e-03,5.380000000000000233e-03,5.440000000000000391e-03,5.510000000000000141e-03,5.590000000000000351e-03,5.689999999999999745e-03,5.799999999999999600e-03,5.939999999999999968e-03,6.109999999999999980e-03,6.340000000000000149e-03
cxo*c/cref,1.112081815975536798e-02,1.050870506576924955e-02,9.908790193667383131e-03,9.297212888507775178e-03,8.692010257737796397e-03,8.072225726859416986e-03,7.437867134790557971e-03,6.816246185707120452e-03,6.174563916708463579e-03,4.056815020952318947e-03,5.670238257802514767e-03,5.313643640687948713e-03,4.958570048699986570e-03,4.593943088970505947e-03,4.227650460303849188e-03,3.850202703577264643e-03,3.474191920009060859e-03,3.083834436228906004e-03,2.688535117381526951e-03,1.112081815975536798e-02,1.050870506576924955e-02,9.908790193667383131e-03,9.297212888507775178e-03,8.692010257737796397e-03,8.072225726859416986e-03,7.437867134790557971e-03,6.816246185707120452e-03,6.174563916708463579e-03,4.056815020952318947e-03,5.670238257802514767e-03,5.313643640687948713e-03,4.958570048699986570e-03,4.593943088970505947e-03,4.227650460303849188e-03,3.850202703577264643e-03,3.474191920009060859e-03,3.083834436228906004e-03,2.688535117381526951e-03,3.509533612697590590e-03,3.322873525652433966e-03,3.138772097011665371e-03,2.950829614768553637e-03,2.763903053052243434e-03,2.572361771320400784e-03,2.380307376187163360e-03,2.182864497548821225e-03,1.983365573478732338e-03,3.509533612697590590e-03,3.322873525652433966e-03,3.138772097011665371e-03,2.950829614768553637e-03,2.763903053052243434e-03,2.572361771320400784e-03,2.380307376187163360e-03,2.182864497548821225e-03,1.983365573478732338e-03,6.923849191839110719e-03,6.551275955797885783e-03,6.232779070331839234e-03,5.921684501755465277e-03,5.604911806106105225e-03,5.282456809099292383e-03,4.963855380458524584e-03,4.638156292976523300e-03,4.313463264678758964e-03,3.992204248709693530e-03,3.674779102690634187e-03,3.355455118352290884e-03,3.032245109777210144e-03,2.707903101590434635e-03,2.374347727603669331e-03,2.036444431860469362e-03,1.688195560373420600e-03,1.329910576471920666e-03,6.923849191839110719e-03,6.551275955797885783e-03,6.232779070331839234e-03,5.921684501755465277e-03,5.604911806106105225e-03,5.282456809099292383e-03,4.963855380458524584e-03,4.638156292976523300e-03,4.313463264678758964e-03,3.992204248709693530e-03,3.674779102690634187e-03,3.355455118352290884e-03,3.032245109777210144e-03,2.707903101590434635e-03,2.374347727603669331e-03,2.036444431860469362e-03,1.688195560373420600e-03,1.329910576471920666e-03
cy,3.299999999999999982e-04,5.199999999999999544e-04,6.700000000000000226e-04,8.000000000000000383e-04,9.399999999999999719e-04,1.090000000000000040e-03,1.250000000000000026e-03,1.420000000000000038e-03,1.850000000000000082e-03,1.379999999999999933e-03,2.099999999999999870e-03,2.299999999999999961e-03,2.550000000000000183e-03,2.759999999999999867e-03,3.059999999999999786e-03,3.340000000000000087e-03,3.550000000000000204e-03,3.650000000000000033e-03,2.789999999999999945e-03,-3.299999999999999982e-04,-5.199999999999999544e-04,-6.700000000000000226e-04,-8.000000000000000383e-04,-9.399999999999999719e-04,-1.090000000000000040e-03,-1.250000000000000026e-03,-1.420000000000000038e-03,-1.850000000000000082e-03,-1.399999999999999986e-03,-2.099999999999999870e-03,-2.299999999999999961e-03,-2.550000000000000183e-03,-2.759999999999999867e-03,-3.059999999999999786e-03,-3.340000000000000087e-03,-3.550000000000000204e-03,-3.650000000000000033e-03,-2.789999999999999945e-03,7.900000000000000121e-04,1.180000000000000059e-03,1.440000000000000091e-03,1.690000000000000096e-03,1.860000000000000108e-03,2.040000000000000147e-03,2.150000000000000001e-03,2.040000000000000147e-03,1.510000000000000057e-03,-7.900000000000000121e-04,-1.180000000000000059e-03,-1.449999999999999900e-03,-1.699999999999999905e-03,-1.860000000000000108e-03,-2.050000000000000173e-03,-2.139999999999999975e-03,-2.010000000000000068e-03,-1.459999999999999926e-03,2.419999999999999842e-03,3.629999999999999980e-03,4.179999999999999688e-03,4.649999999999999620e-03,5.040000000000000209e-03,5.470000000000000036e-03,5.780000000000000415e-03,6.109999999999999980e-03,6.479999999999999649e-03,6.969999999999999633e-03,7.300000000000000065e-03,8.449999999999999178e-03,9.769999999999999171e-03,1.254000000000000080e-02,1.328999999999999973e-02,1.282999999999999939e-02,1.376999999999999925e-02,7.250000000000000368e-03,-2.459999999999999947e-03,-3.220000000000000206e-03,-3.820000000000000045e-03,-4.270000000000000358e-03,-4.680000000000000132e-03,-5.029999999999999749e-03,-5.270000000000000379e-03,-5.570000000000000298e-03,-5.879999999999999810e-03,-6.300000000000000044e-03,-6.910000000000000343e-03,-7.660000000000000142e-03,-1.038999999999999993e-02,-1.261999999999999927e-02,-1.328999999999999973e-02,-1.282999999999999939e-02,-1.376999999999999925e-02,-7.250000000000000368e-03
cy*c/cref,7.875257495105732544e-04,1.165144271684437002e-03,1.403570703965570116e-03,1.559280987590402597e-03,1.695122332421893909e-03,1.806719926545536942e-03,1.889702015952885762e-03,1.939693303347517390e-03,2.257498665199734848e-03,1.038665070299480677e-03,2.325683660426812027e-03,2.363903360460789353e-03,2.417658436746647141e-03,2.396839872506350590e-03,2.413546718009286930e-03,2.368264646399274951e-03,2.234308209426117027e-03,2.006416344427006462e-03,1.311365905156373999e-03,-7.875257495105732544e-04,-1.165144271684437002e-03,-1.403570703965570116e-03,-1.559280987590402597e-03,-1.695122332421893909e-03,-1.806719926545536942e-03,-1.889702015952885762e-03,-1.939693303347517390e-03,-2.257498665199734848e-03,-1.053718187260342795e-03,-2.325683660426812027e-03,-2.363903360460789353e-03,-2.417658436746647141e-03,-2.396839872506350590e-03,-2.413546718009286930e-03,-2.368264646399274951e-03,-2.234308209426117027e-03,-2.006416344427006462e-03,-1.311365905156373999e-03,5.059364149691782846e-04,7.103244130923681713e-04,8.114599317229439666e-04,8.873491190318248201e-04,9.050809293445727073e-04,9.142191661138706748e-04,8.808366366269193342e-04,7.573203358842850322e-04,5.024969825424305085e-04,-5.059364149691782846e-04,-7.103244130923681713e-04,-8.170950701376865615e-04,-8.925997055349716965e-04,-9.050809293445727073e-04,-9.187006326144288824e-04,-8.767397220379568451e-04,-7.461832721212807848e-04,-4.858580096105618944e-04,3.371371236267736021e-03,4.746732878152959238e-03,5.169249308330771397e-03,5.420439553772225978e-03,5.517335059135697155e-03,5.599813710421149351e-03,5.506925930719821713e-03,5.387668241461323129e-03,5.253992848706457407e-03,5.172056433737279128e-03,4.931229310595887198e-03,5.145843148834274537e-03,5.299648429789505753e-03,5.967856747617584709e-03,5.440531258595304211e-03,4.398582838513437343e-03,3.804656770268739861e-03,1.520796794861423466e-03,-3.427096380668855947e-03,-4.210600514504829472e-03,-4.724050803307068905e-03,-4.977478902066109767e-03,-5.123239697768861706e-03,-5.149371656932062377e-03,-5.021020701538661535e-03,-4.911507709482744975e-03,-4.767512029381785858e-03,-4.674886016147039060e-03,-4.667780073454463712e-03,-4.664752487582313374e-03,-5.635961840891808537e-03,-6.005929198958046347e-03,-5.440531258595304211e-03,-4.398582838513437343e-03,-3.804656770268739861e-03,-1.520796794861423466e-03
cyi,3.299999999999999982e-04,5.199999999999999544e-04,6.700000000000000226e-04,8.000000000000000383e-04,9.399999999999999719e-04,1.090000000000000040e-03,1.250000000000000026e-03,1.420000000000000038e-03,1.869999999999999917e-03,1.379999999999999933e-03,2.099999999999999870e-03,2.299999999999999961e-03,2.550000000000000183e-03,2.759999999999999867e-03,3.059999999999999786e-03,3.340000000000000087e-03,3.550000000000000204e-03,3.650000000000000033e-03,2.789999999999999945e-03,-3.299999999999999982e-04,-5.199999999999999544e-04,-6.700000000000000226e-04,-8.000000000000000383e-04,-9.399999999999999719e-04,-1.090000000000000040e-03,-1.250000000000000026e-03,-1.420000000000000038e-03,-1.869999999999999917e-03,-1.399999999999999986e-03,-2.099999999999999870e-03,-2.299999999999999961e-03,-2.550000000000000183e-03,-2.759999999999999867e-03,-3.059999999999999786e-03,-3.340000000000000087e-03,-3.550000000000000204e-03,-3.650000000000000033e-03,-2.789999999999999945e-03,7.900000000000000121e-04,1.180000000000000059e-03,1.440000000000000091e-03,1.690000000000000096e-03,1.860000000000000108e-03,2.040000000000000147e-03,2.150000000000000001e-03,2.040000000000000147e-03,1.510000000000000057e-03,-7.900000000000000121e-04,-1.180000000000000059e-03,-1.449999999999999900e-03,-1.699999999999999905e-03,-1.860000000000000108e-03,-2.050000000000000173e-03,-2.139999999999999975e-03,-2.010000000000000068e-03,-1.459999999999999926e-03,2.419999999999999842e-03,3.629999999999999980e-03,4.179999999999999688e-03,4.649999999999999620e-03,5.040000000000000209e-03,5.470000000000000036e-03,5.780000000000000415e-03,6.109999999999999980e-03,6.479999999999999649e-03,6.969999999999999633e-03,7.300000000000000065e-03,8.449999999999999178e-03,9.769999999999999171e-03,1.254000000000000080e-02,1.328999999999999973e-02,1.282999999999999939e-02,1.376999999999999925e-02,7.250000000000000368e-03,-2.459999999999999947e-03,-3.220000000000000206e-03,-3.820000000000000045e-03,-4.270000000000000358e-03,-4.680000000000000132e-03,-5.029999999999999749e-03,-5.270000000000000379e-03,-5.570000000000000298e-03,-5.879999999999999810e-03,-6.300000000000000044e-03,-6.910000000000000343e-03,-7.660000000000000142e-03,-1.038999999999999993e-02,-1.261999999999999927e-02,-1.328999999999999973e-02,-1.282999999999999939e-02,-1.376999999999999925e-02,-7.250000000000000368e-03
cyi*c/cref,7.875257495105732544e-04,1.165144271684437002e-03,1.403570703965570116e-03,1.559280987590402597e-03,1.695122332421893909e-03,1.806719926545536942e-03,1.889702015952885762e-03,1.939693303347517390e-03,2.281904056174866805e-03,1.038665070299480677e-03,2.325683660426812027e-03,2.363903360460789353e-03,2.417658436746647141e-03,2.396839872506350590e-03,2.413546718009286930e-03,2.368264646399274951e-03,2.234308209426117027e-03,2.006416344427006462e-03,1.311365905156373999e-03,-7.875257495105732544e-04,-1.165144271684437002e-03,-1.403570703965570116e-03,-1.559280987590402597e-03,-1.695122332421893909e-03,-1.806719926545536942e-03,-1.889702015952885762e-03,-1.939693303347517390e-03,-2.281904056174866805e-03,-1.053718187260342795e-03,-2.325683660426812027e-03,-2.363903360460789353e-03,-2.417658436746647141e-03,-2.396839872506350590e-03,-2.413546718009286930e-03,-2.368264646399274951e-03,-2.234308209426117027e-03,-2.006416344427006462e-03,-1.311365905156373999e-03,5.059364149691782846e-04,7.103244130923681713e-04,8.114599317229439666e-04,8.873491190318248201e-04,9.050809293445727073e-04,9.142191661138706748e-04,8.808366366269193342e-04,7.573203358842850322e-04,5.024969825424305085e-04,-5.059364149691782846e-04,-7.103244130923681713e-04,-8.170950701376865615e-04,-8.925997055349716965e-04,-9.050809293445727073e-04,-9.187006326144288824e-04,-8.767397220379568451e-04,-7.461832721212807848e-04,-4.858580096105618944e-04,3.371371236267736021e-03,4.746732878152959238e-03,5.169249308330771397e-03,5.420439553772225978e-03,5.517335059135697155e-03,5.599813710421149351e-03,5.506925930719821713e-03,5.387668241461323129e-03,5.253992848706457407e-03,5.172056433737279128e-03,4.931229310595887198e-03,5.145843148834274537e-03,5.299648429789505753e-03,5.967856747617584709e-03,5.440531258595304211e-03,4.398582838513437343e-03,3.804656770268739861e-03,1.520796794861423466e-03,-3.427096380668855947e-03,-4.210600514504829472e-03,-4.724050803307068905e-03,-4.977478902066109767e-03,-5.123239697768861706e-03,-5.149371656932062377e-03,-5.021020701538661535e-03,-4.911507709482744975e-03,-4.767512029381785858e-03,-4.674886016147039060e-03,-4.667780073454463712e-03,-4.664752487582313374e-03,-5.635961840891808537e-03,-6.005929198958046347e-03,-5.440531258595304211e-03,-4.398582838513437343e-03,-3.804656770268739861e-03,-1.520796794861423466e-03
cyo,0.000000000000000000e+00,0.000000000000000000e+00,0.000000000000000000e+00,0.000000000000000000e+00,0.000000000000000000e+00,0.000000000000000000e+00,0.000000000000000000e+00,0.000000000000000000e+00,-2.000000000000000164e-05,0.000000000000000000e+00,0.000000000000000000e+00,0.000000000000000000e+00,0.000000000000000000e+00,0.000000000000000000e+00,0.000000000000000000e+00,0.000000000000000000e+00,0.000000000000000000e+00,0.000000000000000000e+00,0.000000000000000000e+00,0.000000000000000000e+00,0.000000000000000000e+00,0.000000000000000000e+00,0.000000000000000000e+00,0.000000000000000000e+00,0.000000000000000000e+00,0.000000000000000000e+00,0.000000000000000000e+00,2.000000000000000164e-05,0.000000000000000000e+00,0.000000000000000000e+00,0.000000000000000000e+00,0.000000000000000000e+00,0.000000000000000000e+00,0.000000000000000000e+00,0.000000000000000000e+00,0.000000000000000000e+00,0.000000000000000000e+00,0.000000000000000000e+00,0.000000000000000000e+00,0.000000000000000000e+00,0.000000000000000000e+00,0.000000000000000000e+00,0.000000000000000000e+00,0.000000000000000000e+00,0.000000000000000000e+00,0.000000000000000000e+00,0.000000000000000000e+00,0.000000000000000000e+00,0.000000000000000000e+00,0.000000000000000000e+00,0.000000000000000000e+00,0.000000000000000000e+00,0.000000000000000000e+00,0.000000000000000000e+00,0.000000000000000000e+00,0.000000000000000000e+00,0.000000000000000000e+00,0.000000000000000000e+00,0.000000000000000000e+00,0.000000000000000000e+00,0.000000000000000000e+00,0.000000000000000000e+00,0.000000000000000000e+00,0.000000000000000000e+00,0.000000000000000000e+00,0.000000000000000000e+00,0.000000000000000000e+00,0.000000000000000000e+00,0.000000000000000000e+00,0.000000000000000000e+00,0.000000000000000000e+00,0.000000000000000000e+00,0.000000000000000000e+00,0.000000000000000000e+00,-0.000000000000000000e+00,0.000000000000000000e+00,0.000000000000000000e+00,0.000000000000000000e+00,0.000000000000000000e+00,0.000000000000000000e+00,0.000000000000000000e+00,0.000000000000000000e+00,0.000000000000000000e+00,0.000000000000000000e+00,0.000000000000000000e+00,0.000000000000000000e+00,0.000000000000000000e+00,0.000000000000000000e+00,0.000000000000000000e+00,0.000000000000000000e+00,0.000000000000000000e+00,0.000000000000000000e+00
cyo*c/cref,0.000000000000000000e+00,0.000000000000000000e+00,0.000000000000000000e+00,0.000000000000000000e+00,0.000000000000000000e+00,0.000000000000000000e+00,0.000000000000000000e+00,0.000000000000000000e+00,-2.440539097513226856e-05,0.000000000000000000e+00,0.000000000000000000e+00,0.000000000000000000e+00,0.000000000000000000e+00,0.000000000000000000e+00,0.000000000000000000e+00,0.000000000000000000e+00,0.000000000000000000e+00,0.000000000000000000e+00,0.000000000000000000e+00,0.000000000000000000e+00,0.000000000000000000e+00,0.000000000000000000e+00,0.000000000000000000e+00,0.000000000000000000e+00,0.000000000000000000e+00,0.000000000000000000e+00,0.000000000000000000e+00,2.440539097513226856e-05,0.000000000000000000e+00,0.000000000000000000e+00,0.000000000000000000e+00,0.000000000000000000e+00,0.000000000000000000e+00,0.000000000000000000e+00,0.000000000000000000e+00,0.000000000000000000e+00,0.000000000000000000e+00,0.000000000000000000e+00,0.000000000000000000e+00,0.000000000000000000e+00,0.000000000000000000e+00,0.000000000000000000e+00,0.000000000000000000e+00,0.000000000000000000e+00,0.000000000000000000e+00,0.000000000000000000e+00,0.000000000000000000e+00,0.000000000000000000e+00,0.000000000000000000e+00,0.000000000000000000e+00,0.000000000000000000e+00,0.000000000000000000e+00,0.000000000000000000e+00,0.000000000000000000e+00,0.000000000000000000e+00,0.000000000000000000e+00,0.000000000000000000e+00,0.000000000000000000e+00,0.000000000000000000e+00,0.000000000000000000e+00,0.000000000000000000e+00,0.000000000000000000e+00,0.000000000000000000e+00,0.000000000000000000e+00,0.000000000000000000e+00,0.000000000000000000e+00,0.000000000000000000e+00,0.000000000000000000e+00,0.000000000000000000e+00,0.000000000000000000e+00,0.000000000000000000e+00,0.000000000000000000e+00,0.000000000000000000e+00,0.000000000000000000e+00,-0.000000000000000000e+00,0.000000000000000000e+00,0.000000000000000000e+00,0.000000000000000000e+00,0.000000000000000000e+00,0.000000000000000000e+00,0.000000000000000000e+00,0.000000000000000000e+00,0.000000000000000000e+00,0.000000000000000000e+00,0.000000000000000000e+00,0.000000000000000000e+00,0.000000000000000000e+00,0.000000000000000000e+00,0.000000000000000000e+00,0.000000000000000000e+00,0.000000000000000000e+00,0.000000000000000000e+00
cz,6.389999999999999847e-03,9.960000000000000103e-03,1.273999999999999959e-02,1.531000000000000069e-02,1.795000000000000068e-02,2.075000000000000108e-02,2.381000000000000130e-02,2.717999999999999930e-02,3.558999999999999664e-02,2.628000000000000128e-02,4.009000000000000064e-02,4.388000000000000234e-02,4.871999999999999942e-02,5.269999999999999685e-02,5.834000000000000297e-02,6.371000000000000274e-02,6.769999999999999629e-02,6.962999999999999745e-02,5.331999999999999934e-02,6.389999999999999847e-03,9.960000000000000103e-03,1.273999999999999959e-02,1.531000000000000069e-02,1.795000000000000068e-02,2.075000000000000108e-02,2.381000000000000130e-02,2.717999999999999930e-02,3.565000000000000113e-02,2.666999999999999926e-02,4.009000000000000064e-02,4.388000000000000234e-02,4.871999999999999942e-02,5.269999999999999685e-02,5.834000000000000297e-02,6.371000000000000274e-02,6.769999999999999629e-02,6.962999999999999745e-02,5.331999999999999934e-02,1.291999999999999919e-02,1.925999999999999934e-02,2.361999999999999864e-02,2.770999999999999852e-02,3.037000000000000116e-02,3.337999999999999995e-02,3.509000000000000313e-02,3.341999999999999832e-02,2.470999999999999933e-02,1.297000000000000063e-02,1.930000000000000118e-02,2.365000000000000088e-02,2.778999999999999873e-02,3.047000000000000056e-02,3.350999999999999812e-02,3.502000000000000252e-02,3.278999999999999970e-02,2.382000000000000089e-02,-2.400000000000000061e-04,-3.800000000000000209e-04,-4.400000000000000157e-04,-4.899999999999999842e-04,-5.299999999999999807e-04,-5.699999999999999772e-04,-6.099999999999999737e-04,-6.400000000000000524e-04,-6.800000000000000488e-04,-7.299999999999999632e-04,-7.699999999999999597e-04,-8.899999999999999491e-04,-1.030000000000000100e-03,-1.319999999999999993e-03,-1.399999999999999986e-03,-1.350000000000000071e-03,-1.449999999999999900e-03,-7.600000000000000418e-04,-2.400000000000000061e-04,-3.400000000000000244e-04,-4.000000000000000192e-04,-4.499999999999999877e-04,-4.899999999999999842e-04,-5.299999999999999807e-04,-5.500000000000000331e-04,-5.900000000000000296e-04,-6.199999999999999999e-04,-6.599999999999999964e-04,-7.299999999999999632e-04,-8.099999999999999561e-04,-1.090000000000000040e-03,-1.330000000000000019e-03,-1.399999999999999986e-03,-1.350000000000000071e-03,-1.449999999999999900e-03,-7.600000000000000418e-04
cz*c/cref,1.524936224052291824e-02,2.231699412687883355e-02,2.668879219182293192e-02,2.984073990001133089e-02,3.236962326273723489e-02,3.439398025304577639e-02,3.599504399987057263e-02,3.712736900351092800e-02,4.342939324024786690e-02,1.977979568657271814e-02,4.439840854595757808e-02,4.509916498131280593e-02,4.619149766207711338e-02,4.576574684097270418e-02,4.601513579368033541e-02,4.517429359943048173e-02,4.260920162764735702e-02,3.827582741437053626e-02,2.506165952076626000e-02,1.524936224052291824e-02,2.231699412687883355e-02,2.668879219182293192e-02,2.984073990001133089e-02,3.236962326273723489e-02,3.439398025304577639e-02,3.599504399987057263e-02,3.712736900351092800e-02,4.350260941317326407e-02,2.007333146730952769e-02,4.439840854595757808e-02,4.509916498131280593e-02,4.619149766207711338e-02,4.576574684097270418e-02,4.601513579368033541e-02,4.517429359943048173e-02,4.260920162764735702e-02,3.827582741437053626e-02,2.506165952076626000e-02,8.274301875192130104e-03,1.159393914928729709e-02,1.331019693562217679e-02,1.454937520022003827e-02,1.477812248612616827e-02,1.495913517886323686e-02,1.437607329266911600e-02,1.240668903198666705e-02,8.222980422929440994e-03,8.306323167278787181e-03,1.161801794295144567e-02,1.332710235086640577e-02,1.459137989224521328e-02,1.482678275114469348e-02,1.501739424337049204e-02,1.434739489054637912e-02,1.217281069296357980e-02,7.926806704742181062e-03,-3.343508664067176600e-04,-4.969031663080233788e-04,-5.441315061400812340e-04,-5.711861035157829707e-04,-5.801959486789522733e-04,-5.835272056563171970e-04,-5.811807643147216904e-04,-5.643384082709079156e-04,-5.513449285679616159e-04,-5.416931415535456784e-04,-5.201433656381962986e-04,-5.419882133091721670e-04,-5.587142152183410641e-04,-6.281954471176404500e-04,-5.731184170077823197e-04,-4.628282799682884962e-04,-4.006356076172602060e-04,-1.594214571165078443e-04,-3.343508664067176600e-04,-4.445975698545472023e-04,-4.946650055818920802e-04,-5.245586664940864305e-04,-5.364075751937483465e-04,-5.425779280664002387e-04,-5.240154432345851734e-04,-5.202494701247431432e-04,-5.026968466354944176e-04,-4.897499635963563965e-04,-4.931229310595887198e-04,-4.932701716634038409e-04,-5.912606743572735007e-04,-6.329545035351982632e-04,-5.731184170077823197e-04,-4.628282799682884962e-04,-4.006356076172602060e-04,-1.594214571165078443e-04
czi,6.389999999999999847e-03,9.960000000000000103e-03,1.273999999999999959e-02,1.531000000000000069e-02,1.795000000000000068e-02,2.075000000000000108e-02,2.381000000000000130e-02,2.717999999999999930e-02,3.558999999999999664e-02,2.628000000000000128e-02,4.009000000000000064e-02,4.388000000000000234e-02,4.871999999999999942e-02,5.269999999999999685e-02,5.834000000000000297e-02,6.371000000000000274e-02,6.769999999999999629e-02,6.962999999999999745e-02,5.331999999999999934e-02,6.389999999999999847e-03,9.960000000000000103e-03,1.273999999999999959e-02,1.531000000000000069e-02,1.795000000000000068e-02,2.075000000000000108e-02,2.381000000000000130e-02,2.717999999999999930e-02,3.565000000000000113e-02,2.666999999999999926e-02,4.009000000000000064e-02,4.388000000000000234e-02,4.871999999999999942e-02,5.269999999999999685e-02,5.834000000000000297e-02,6.371000000000000274e-02,6.769999999999999629e-02,6.962999999999999745e-02,5.331999999999999934e-02,1.291999999999999919e-02,1.925999999999999934e-02,2.361999999999999864e-02,2.770999999999999852e-02,3.037000000000000116e-02,3.337999999999999995e-02,3.509000000000000313e-02,3.341999999999999832e-02,2.470999999999999933e-02,1.297000000000000063e-02,1.930000000000000118e-02,2.365000000000000088e-02,2.778999999999999873e-02,3.047000000000000056e-02,3.350999999999999812e-02,3.502000000000000252e-02,3.278999999999999970e-02,2.382000000000000089e-02,-2.500000000000000052e-04,-3.800000000000000209e-04,-4.400000000000000157e-04,-4.899999999999999842e-04,-5.299999999999999807e-04,-5.699999999999999772e-04,-6.099999999999999737e-04,-6.400000000000000524e-04,-6.800000000000000488e-04,-7.299999999999999632e-04,-7.699999999999999597e-04,-8.899999999999999491e-04,-1.030000000000000100e-03,-1.319999999999999993e-03,-1.399999999999999986e-03,-1.350000000000000071e-03,-1.449999999999999900e-03,-7.600000000000000418e-04,-2.599999999999999772e-04,-3.400000000000000244e-04,-4.000000000000000192e-04,-4.499999999999999877e-04,-4.899999999999999842e-04,-5.299999999999999807e-04,-5.500000000000000331e-04,-5.900000000000000296e-04,-6.199999999999999999e-04,-6.599999999999999964e-04,-7.299999999999999632e-04,-8.099999999999999561e-04,-1.090000000000000040e-03,-1.330000000000000019e-03,-1.399999999999999986e-03,-1.350000000000000071e-03,-1.449999999999999900e-03,-7.600000000000000418e-04
czi*c/cref,1.524936224052291824e-02,2.231699412687883355e-02,2.668879219182293192e-02,2.984073990001133089e-02,3.236962326273723489e-02,3.439398025304577639e-02,3.599504399987057263e-02,3.712736900351092800e-02,4.342939324024786690e-02,1.977979568657271814e-02,4.439840854595757808e-02,4.509916498131280593e-02,4.619149766207711338e-02,4.576574684097270418e-02,4.601513579368033541e-02,4.517429359943048173e-02,4.260920162764735702e-02,3.827582741437053626e-02,2.506165952076626000e-02,1.524936224052291824e-02,2.231699412687883355e-02,2.668879219182293192e-02,2.984073990001133089e-02,3.236962326273723489e-02,3.439398025304577639e-02,3.599504399987057263e-02,3.712736900351092800e-02,4.350260941317326407e-02,2.007333146730952769e-02,4.439840854595757808e-02,4.509916498131280593e-02,4.619149766207711338e-02,4.576574684097270418e-02,4.601513579368033541e-02,4.517429359943048173e-02,4.260920162764735702e-02,3.827582741437053626e-02,2.506165952076626000e-02,8.274301875192130104e-03,1.159393914928729709e-02,1.331019693562217679e-02,1.454937520022003827e-02,1.477812248612616827e-02,1.495913517886323686e-02,1.437607329266911600e-02,1.240668903198666705e-02,8.222980422929440994e-03,8.306323167278787181e-03,1.161801794295144567e-02,1.332710235086640577e-02,1.459137989224521328e-02,1.482678275114469348e-02,1.501739424337049204e-02,1.434739489054637912e-02,1.217281069296357980e-02,7.926806704742181062e-03,-3.482821525069975874e-04,-4.969031663080233788e-04,-5.441315061400812340e-04,-5.711861035157829707e-04,-5.801959486789522733e-04,-5.835272056563171970e-04,-5.811807643147216904e-04,-5.643384082709079156e-04,-5.513449285679616159e-04,-5.416931415535456784e-04,-5.201433656381962986e-04,-5.419882133091721670e-04,-5.587142152183410641e-04,-6.281954471176404500e-04,-5.731184170077823197e-04,-4.628282799682884962e-04,-4.006356076172602060e-04,-1.594214571165078443e-04,-3.622134386072774605e-04,-4.445975698545472023e-04,-4.946650055818920802e-04,-5.245586664940864305e-04,-5.364075751937483465e-04,-5.425779280664002387e-04,-5.240154432345851734e-04,-5.202494701247431432e-04,-5.026968466354944176e-04,-4.897499635963563965e-04,-4.931229310595887198e-04,-4.932701716634038409e-04,-5.912606743572735007e-04,-6.329545035351982632e-04,-5.731184170077823197e-04,-4.628282799682884962e-04,-4.006356076172602060e-04,-1.594214571165078443e-04
czo,0.000000000000000000e+00,0.000000000000000000e+00,0.000000000000000000e+00,0.000000000000000000e+00,0.000000000000000000e+00,0.000000000000000000e+00,0.000000000000000000e+00,0.000000000000000000e+00,0.000000000000000000e+00,0.000000000000000000e+00,0.000000000000000000e+00,0.000000000000000000e+00,0.000000000000000000e+00,0.000000000000000000e+00,0.000000000000000000e+00,0.000000000000000000e+00,0.000000000000000000e+00,0.000000000000000000e+00,0.000000000000000000e+00,0.000000000000000000e+00,0.000000000000000000e+00,0.000000000000000000e+00,0.000000000000000000e+00,0.000000000000000000e+00,0.000000000000000000e+00,0.000000000000000000e+00,0.000000000000000000e+00,0.000000000000000000e+00,0.000000000000000000e+00,0.000000000000000000e+00,0.000000000000000000e+00,0.000000000000000000e+00,0.000000000000000000e+00,0.000000000000000000e+00,0.000000000000000000e+00,0.000000000000000000e+00,0.000000000000000000e+00,0.000000000000000000e+00,0.000000000000000000e+00,0.000000000000000000e+00,0.000000000000000000e+00,0.000000000000000000e+00,0.000000000000000000e+00,0.000000000000000000e+00,0.000000000000000000e+00,0.000000000000000000e+00,0.000000000000000000e+00,0.000000000000000000e+00,0.000000000000000000e+00,0.000000000000000000e+00,0.000000000000000000e+00,0.000000000000000000e+00,0.000000000000000000e+00,0.000000000000000000e+00,0.000000000000000000e+00,0.000000000000000000e+00,2.000000000000000164e-05,0.000000000000000000e+00,0.000000000000000000e+00,0.000000000000000000e+00,0.000000000000000000e+00,0.000000000000000000e+00,0.000000000000000000e+00,0.000000000000000000e+00,0.000000000000000000e+00,0.000000000000000000e+00,0.000000000000000000e+00,0.000000000000000000e+00,0.000000000000000000e+00,0.000000000000000000e+00,0.000000000000000000e+00,0.000000000000000000e+00,0.000000000000000000e+00,0.000000000000000000e+00,2.000000000000000164e-05,0.000000000000000000e+00,0.000000000000000000e+00,0.000000000000000000e+00,0.000000000000000000e+00,0.000000000000000000e+00,0.000000000000000000e+00,0.000000000000000000e+00,0.000000000000000000e+00,0.000000000000000000e+00,0.000000000000000000e+00,0.000000000000000000e+00,0.000000000000000000e+00,0.000000000000000000e+00,0.000000000000000000e+00,0.000000000000000000e+00,0.000000000000000000e+00,0.000000000000000000e+00
czo*c/cref,0.000000000000000000e+00,0.000000000000000000e+00,0.000000000000000000e+00,0.000000000000000000e+00,0.000000000000000000e+00,0.000000000000000000e+00,0.000000000000000000e+00,0.000000000000000000e+00,0.000000000000000000e+00,0.000000000000000000e+00,0.000000000000000000e+00,0.000000000000000000e+00,0.000000000000000000e+00,0.000000000000000000e+00,0.000000000000000000e+00,0.000000000000000000e+00,0.000000000000000000e+00,0.000000000000000000e+00,0.000000000000000000e+00,0.000000000000000000e+00,0.000000000000000000e+00,0.000000000000000000e+00,0.000000000000000000e+00,0.000000000000000000e+00,0.000000000000000000e+00,0.000000000000000000e+00,0.000000000000000000e+00,0.000000000000000000e+00,0.000000000000000000e+00,0.000000000000000000e+00,0.000000000000000000e+00,0.000000000000000000e+00,0.000000000000000000e+00,0.000000000000000000e+00,0.000000000000000000e+00,0.000000000000000000e+00,0.000000000000000000e+00,0.000000000000000000e+00,0.000000000000000000e+00,0.000000000000000000e+00,0.000000000000000000e+00,0.000000000000000000e+00,0.000000000000000000e+00,0.000000000000000000e+00,0.000000000000000000e+00,0.000000000000000000e+00,0.000000000000000000e+00,0.000000000000000000e+00,0.000000000000000000e+00,0.000000000000000000e+00,0.000000000000000000e+00,0.000000000000000000e+00,0.000000000000000000e+00,0.000000000000000000e+00,0.000000000000000000e+00,0.000000000000000000e+00,2.786257220055980726e-05,0.000000000000000000e+00,0.000000000000000000e+00,0.000000000000000000e+00,0.000000000000000000e+00,0.000000000000000000e+00,0.000000000000000000e+00,0.000000000000000000e+00,0.000000000000000000e+00,0.000000000000000000e+00,0.000000000000000000e+00,0.000000000000000000e+00,0.000000000000000000e+00,0.000000000000000000e+00,0.000000000000000000e+00,0.000000000000000000e+00,0.000000000000000000e+00,0.000000000000000000e+00,2.786257220055980726e-05,0.000000000000000000e+00,0.000000000000000000e+00,0.000000000000000000e+00,0.000000000000000000e+00,0.000000000000000000e+00,0.000000000000000000e+00,0.000000000000000000e+00,0.000000000000000000e+00,0.000000000000000000e+00,0.000000000000000000e+00,0.000000000000000000e+00,0.000000000000000000e+00,0.000000000000000000e+00,0.000000000000000000e+00,0.000000000000000000e+00,0.000000000000000000e+00,0.000000000000000000e+00
dArea,1.566098000000000035e+01,1.470429999999999993e+01,1.374761999999999951e+01,1.279094000000000086e+01,1.183426000000000045e+01,1.087758000000000003e+01,9.920909999999999229e+00,8.964230000000000587e+00,6.522160000000000402e+00,9.162299999999999889e-01,1.877415999999999840e+01,1.742284000000000077e+01,1.607170999999999950e+01,1.472076000000000029e+01,1.336993999999999971e+01,1.201923000000000030e+01,1.066859999999999964e+01,9.318020000000000636e+00,7.967450000000000365e+00,1.566098000000000035e+01,1.470429999999999993e+01,1.374761999999999951e+01,1.279094000000000086e+01,1.183426000000000045e+01,1.087758000000000003e+01,9.920909999999999229e+00,8.964230000000000587e+00,6.522160000000000402e+00,9.162299999999999889e-01,1.877415999999999840e+01,1.742284000000000077e+01,1.607170999999999950e+01,1.472076000000000029e+01,1.336993999999999971e+01,1.201923000000000030e+01,1.066859999999999964e+01,9.318020000000000636e+00,7.967450000000000365e+00,5.516650000000000276e+00,5.185399999999999565e+00,4.854140000000000121e+00,4.522879999999999789e+00,4.191620000000000346e+00,3.860360000000000014e+00,3.529100000000000126e+00,3.197839999999999794e+00,2.866579999999999906e+00,5.516650000000000276e+00,5.185399999999999565e+00,4.854140000000000121e+00,4.522879999999999789e+00,4.191620000000000346e+00,3.860360000000000014e+00,3.529100000000000126e+00,3.197839999999999794e+00,2.866579999999999906e+00,4.759769999999999612e+00,4.468689999999999607e+00,4.226140000000000008e+00,3.983579999999999899e+00,3.741029999999999855e+00,3.498470000000000191e+00,3.255920000000000147e+00,3.013360000000000039e+00,2.770809999999999995e+00,7.095919999999999561e+00,6.459670000000000023e+00,5.823419999999999597e+00,5.187170000000000059e+00,4.550910000000000011e+00,3.914660000000000029e+00,3.278410000000000046e+00,2.642160000000000064e+00,2.005910000000000082e+00,4.759769999999999612e+00,4.468689999999999607e+00,4.226140000000000008e+00,3.983579999999999899e+00,3.741029999999999855e+00,3.498470000000000191e+00,3.255920000000000147e+00,3.013360000000000039e+00,2.770809999999999995e+00,7.095919999999999561e+00,6.459670000000000023e+00,5.823419999999999597e+00,5.187170000000000059e+00,4.550910000000000011e+00,3.914660000000000029e+00,3.278410000000000046e+00,2.642160000000000064e+00,2.005910000000000082e+00
dSpan,5.308800000000000185e-01,5.308800000000000185e-01,5.308800000000000185e-01,5.308800000000000185e-01,5.308800000000000185e-01,5.308800000000000185e-01,5.308800000000000185e-01,5.308800000000000185e-01,4.323799999999999866e-01,9.847999999999999809e-02,1.371390000000000109e+00,1.371350000000000069e+00,1.371320000000000094e+00,1.371299999999999963e+00,1.371280000000000054e+00,1.371280000000000054e+00,1.371280000000000054e+00,1.371280000000000054e+00,1.371299999999999963e+00,5.308800000000000185e-01,5.308800000000000185e-01,5.308800000000000185e-01,5.308800000000000185e-01,5.308800000000000185e-01,5.308800000000000185e-01,5.308800000000000185e-01,5.308800000000000185e-01,4.323799999999999866e-01,9.847999999999999809e-02,1.371390000000000109e+00,1.371350000000000069e+00,1.371320000000000094e+00,1.371299999999999963e+00,1.371280000000000054e+00,1.371280000000000054e+00,1.371280000000000054e+00,1.371280000000000054e+00,1.371299999999999963e+00,6.968499999999999694e-01,6.968499999999999694e-01,6.968499999999999694e-01,6.968499999999999694e-01,6.968499999999999694e-01,6.968499999999999694e-01,6.968499999999999694e-01,6.968499999999999694e-01,6.968499999999999694e-01,6.968499999999999694e-01,6.968499999999999694e-01,6.968499999999999694e-01,6.968499999999999694e-01,6.968499999999999694e-01,6.968499999999999694e-01,6.968499999999999694e-01,6.968499999999999694e-01,6.968499999999999694e-01,2.763900000000000245e-01,2.764599999999999835e-01,2.764599999999999835e-01,2.764599999999999835e-01,2.764599999999999835e-01,2.764599999999999835e-01,2.764599999999999835e-01,2.764599999999999835e-01,2.764599999999999835e-01,7.735899999999999999e-01,7.735899999999999999e-01,7.735899999999999999e-01,7.735899999999999999e-01,7.735899999999999999e-01,7.735899999999999999e-01,7.735899999999999999e-01,7.735899999999999999e-01,7.735899999999999999e-01,2.763900000000000245e-01,2.764599999999999835e-01,2.764599999999999835e-01,2.764599999999999835e-01,2.764599999999999835e-01,2.764599999999999835e-01,2.764599999999999835e-01,2.764599999999999835e-01,2.764599999999999835e-01,7.735899999999999999e-01,7.735899999999999999e-01,7.735899999999999999e-01,7.735899999999999999e-01,7.735899999999999999e-01,7.735899999999999999e-01,7.735899999999999999e-01,7.735899999999999999e-01,7.735899999999999999e-01
roverR,inf,inf,inf,inf,inf,inf,inf,inf,inf,inf,inf,inf,inf,inf,inf,inf,inf,inf,inf,inf,inf,inf,inf,inf,inf,inf,inf,inf,inf,inf,inf,inf,inf,inf,inf,inf,inf,inf,inf,inf,inf,inf,inf,inf,inf,inf,inf,inf,inf,inf,inf,inf,inf,inf,inf,inf,inf,inf,inf,inf,inf,inf,inf,inf,inf,inf,inf,inf,inf,inf,inf,inf,inf,inf,inf,inf,inf,inf,inf,inf,inf,inf,inf,inf,inf,inf,inf,inf,inf,inf,inf,inf
Results_Name,CpSlice_Wrapper
Results_Timestamp,1788934429
Results_Date,9,9,2026
Results_Time,9,13,49
CpSlice_Case_ID_Vec,UIEXMMF
Num_Cuts,1
