Results_Name,VSPAERO_Wrapper
Results_Timestamp,1788934537
Results_Date,9,9,2026
Results_Time,9,15,37
Analysis_Duration_Sec,1.149000000000000021e+01
ResultsVec,VSPAERO_History,VSPAERO_Polar,VSPAERO_Load,CpSlice_Wrapper
Results_Name,VSPAERO_History
Results_Timestamp,1788934536
Results_Date,9,9,2026
Results_Time,9,15,36
Alpha,5.000000000000000000e+00,5.000000000000000000e+00,5.000000000000000000e+00,5.000000000000000000e+00,5.000000000000000000e+00,5.000000000000000000e+00,5.000000000000000000e+00
Beta,0.000000000000000000e+00,0.000000000000000000e+00,0.000000000000000000e+00,0.000000000000000000e+00,0.000000000000000000e+00,0.000000000000000000e+00,0.000000000000000000e+00
CDi,0.000000000000000000e+00,1.972975500499999854e-02,1.981787601199999985e-02,1.984349223600000156e-02,1.984223287700000171e-02,1.984200350000000015e-02,1.984201055399999886e-02
CDiw,0.000000000000000000e+00,0.000000000000000000e+00,0.000000000000000000e+00,0.000000000000000000e+00,0.000000000000000000e+00,0.000000000000000000e+00,0.000000000000000000e+00
CDo,8.592148484000000641e-03,8.923077176999999471e-03,8.927567076999999227e-03,8.927927566999999467e-03,8.927896264000000082e-03,8.927892940999999916e-03,8.927893092000000613e-03
CDtot,8.592148484000000641e-03,2.865283218200000148e-02,2.874544308900000081e-02,2.877141980299999929e-02,2.877012914099999832e-02,2.876989644000000138e-02,2.876990364700000163e-02
CDwtot,8.592148484000000641e-03,8.923077176999999471e-03,8.927567076999999227e-03,8.927927566999999467e-03,8.927896264000000082e-03,8.927892940999999916e-03,8.927893092000000613e-03
CFxi,0.000000000000000000e+00,8.913627399999999787e-05,-3.404692999999999794e-06,1.625099999999999908e-07,3.676499999999999867e-08,-8.080000000000000015e-10,-2.140000000000000106e-10
CFxiw,0.000000000000000000e+00,0.000000000000000000e+00,0.000000000000000000e+00,0.000000000000000000e+00,0.000000000000000000e+00,0.000000000000000000e+00,0.000000000000000000e+00
CFxo,8.624790195999999451e-03,8.956982820999999373e-03,8.961489866999999138e-03,8.961851733999999514e-03,8.961820311999999303e-03,8.961816976000000490e-03,8.961817127999999882e-03
CFxtot,8.624790195999999451e-03,9.046119094999999222e-03,8.958085173999999484e-03,8.962014243999999810e-03,8.961857077000000282e-03,8.961816168000000249e-03,8.961816913999999870e-03
CFxwtot,8.624790195999999451e-03,8.956982820999999373e-03,8.961489866999999138e-03,8.961851733999999514e-03,8.961820311999999303e-03,8.961816976000000490e-03,8.961817127999999882e-03
CFyi,0.000000000000000000e+00,6.035758600000000132e-05,2.036586879999999959e-04,2.242541389999999982e-04,2.252636149999999969e-04,2.250531149999999894e-04,2.250320649999999940e-04
CFyiw,0.000000000000000000e+00,0.000000000000000000e+00,0.000000000000000000e+00,0.000000000000000000e+00,0.000000000000000000e+00,0.000000000000000000e+00,0.000000000000000000e+00
CFyo,0.000000000000000000e+00,-9.999999999999999799e-13,-4.999999999999999697e-12,-4.999999999999999697e-12,-4.999999999999999697e-12,-4.999999999999999697e-12,-4.999999999999999697e-12
CFytot,0.000000000000000000e+00,6.035758400000000253e-05,2.036586829999999888e-04,2.242541339999999910e-04,2.252636099999999898e-04,2.250531100000000093e-04,2.250320599999999869e-04
CFywtot,0.000000000000000000e+00,-9.999999999999999799e-13,-4.999999999999999697e-12,-4.999999999999999697e-12,-4.999999999999999697e-12,-4.999999999999999697e-12,-4.999999999999999697e-12
CFzi,0.000000000000000000e+00,2.253547190550000134e-01,2.274235423139999990e-01,2.276766822109999866e-01,2.276636699569999922e-01,2.276614676100000012e-01,2.276615417639999972e-01
CFziw,0.000000000000000000e+00,0.000000000000000000e+00,0.000000000000000000e+00,0.000000000000000000e+00,0.000000000000000000e+00,0.000000000000000000e+00,0.000000000000000000e+00
CFzo,2.044826000000000181e-06,2.046680999999999929e-06,2.046733999999999910e-06,2.046728999999999983e-06,2.046728000000000168e-06,2.046728000000000168e-06,2.046728000000000168e-06
CFztot,2.044826000000000181e-06,2.253567657359999976e-01,2.274255890480000042e-01,2.276787289390000135e-01,2.276657166849999914e-01,2.276635143390000060e-01,2.276635884930000020e-01
CFzwtot,2.044826000000000181e-06,2.046680999999999929e-06,2.046733999999999910e-06,2.046728999999999983e-06,2.046728000000000168e-06,2.046728000000000168e-06,2.046728000000000168e-06
CLi,0.000000000000000000e+00,2.244894075739999884e-01,2.265584238130000094e-01,2.268102895340000091e-01,2.267973377549999947e-01,2.267951470640000022e-01,2.267952208840000039e-01
CLiw,0.000000000000000000e+00,0.000000000000000000e+00,0.000000000000000000e+00,0.000000000000000000e+00,0.000000000000000000e+00,0.000000000000000000e+00,0.000000000000000000e+00
CLo,-7.496629510000000010e-04,-7.786135980000000439e-04,-7.790063600000000270e-04,-7.790379039999999677e-04,-7.790351659999999578e-04,-7.790348750000000363e-04,-7.790348879999999844e-04
CLtot,-7.496629510000000010e-04,2.237107939759999942e-01,2.257794174530000086e-01,2.260312516300000130e-01,2.260183025889999919e-01,2.260161121890000013e-01,2.260161859950000074e-01
CLwtot,-7.496629510000000010e-04,-7.786135980000000439e-04,-7.790063600000000270e-04,-7.790379039999999677e-04,-7.790351659999999578e-04,-7.790348750000000363e-04,-7.790348879999999844e-04
CMxi,0.000000000000000000e+00,6.506491999999999571e-05,-1.997212230000000111e-04,-2.107634379999999993e-04,-2.079726019999999869e-04,-2.078536910000000073e-04,-2.078680520000000050e-04
CMxo,0.000000000000000000e+00,-1.999999999999999960e-12,-7.000000000000000061e-12,-7.000000000000000061e-12,-7.000000000000000061e-12,-7.000000000000000061e-12,-7.000000000000000061e-12
CMxtot,0.000000000000000000e+00,6.506491699999999415e-05,-1.997212300000000102e-04,-2.107634440000000025e-04,-2.079726090000000131e-04,-2.078536980000000064e-04,-2.078680580000000081e-04
CMyi,0.000000000000000000e+00,-2.737489997909999806e-01,-2.795284882660000192e-01,-2.801530612440000234e-01,-2.801178995279999806e-01,-2.801123780679999897e-01,-2.801125781959999950e-01
CMyo,5.805745089999999600e-04,5.780385999999999988e-04,5.785554630000000129e-04,5.784979950000000096e-04,5.784941469999999898e-04,5.784944920000000207e-04,5.784945279999999853e-04
CMytot,5.805745089999999600e-04,-2.731709611909999835e-01,-2.789499328019999780e-01,-2.795745632489999855e-01,-2.795394053809999724e-01,-2.795338835760000085e-01,-2.795340836690000108e-01
CMzi,0.000000000000000000e+00,9.613648000000000218e-06,9.956101499999999869e-05,1.148090070000000039e-04,1.156952499999999999e-04,1.155386920000000037e-04,1.155219680000000020e-04
CMzo,0.000000000000000000e+00,-2.126390000000000024e-07,1.743709999999999935e-07,1.954640000000000091e-07,1.911610000000000003e-07,1.909310000000000042e-07,1.909520000000000015e-07
CMztot,0.000000000000000000e+00,9.401009999999999291e-06,9.973538599999999554e-05,1.150044710000000005e-04,1.158864099999999962e-04,1.157296229999999935e-04,1.157129200000000027e-04
CSi,0.000000000000000000e+00,6.035758600000000132e-05,2.036586879999999959e-04,2.242541389999999982e-04,2.252636149999999969e-04,2.250531149999999894e-04,2.250320649999999940e-04
CSiw,0.000000000000000000e+00,0.000000000000000000e+00,0.000000000000000000e+00,0.000000000000000000e+00,0.000000000000000000e+00,0.000000000000000000e+00,0.000000000000000000e+00
CSo,0.000000000000000000e+00,-9.999999999999999799e-13,-4.999999999999999697e-12,-4.999999999999999697e-12,-4.999999999999999697e-12,-4.999999999999999697e-12,-4.999999999999999697e-12
CStot,0.000000000000000000e+00,6.035758400000000253e-05,2.036586829999999888e-04,2.242541339999999910e-04,2.252636099999999898e-04,2.250531100000000093e-04,2.250320599999999869e-04
CSwtot,0.000000000000000000e+00,-9.999999999999999799e-13,-4.999999999999999697e-12,-4.999999999999999697e-12,-4.999999999999999697e-12,-4.999999999999999697e-12,-4.999999999999999697e-12
E,0.000000000000000000e+00,2.397655111489999935e-01,2.431196262900000016e-01,2.433459359729999993e-01,2.433335877760000043e-01,2.433316998860000080e-01,2.433317717759999887e-01
Ew,0.000000000000000000e+00,0.000000000000000000e+00,0.000000000000000000e+00,0.000000000000000000e+00,0.000000000000000000e+00,0.000000000000000000e+00,0.000000000000000000e+00
FC_AoA_,5.000000000000000000e+00
FC_Beta_,0.000000000000000000e+00
FC_Bref_,3.727034100000000194e+01
FC_Cref_,1.236139999999999972e+01
FC_Mach_,1.699999999999999956e+00
FC_Pitch_Rate,0.000000000000000000e+00
FC_ReCref_,1.000000000000000000e+07
FC_Rho_,2.377000000000000206e-03
FC_Roll__Rate,0.000000000000000000e+00
FC_Sref_,4.096313739999999939e+02
FC_Vinf_,1.000000000000000000e+02
FC_Xcg_,2.046778000000000119e+01
FC_Yaw___Rate,0.000000000000000000e+00
FC_Ycg_,0.000000000000000000e+00
FC_Zcg_,0.000000000000000000e+00
L/D,0.000000000000000000e+00,7.834806910203999664e+00,7.881542236576000171e+00,7.883180290971999682e+00,7.883083758338999658e+00,7.883071374053000291e+00,7.883071965340000098e+00
L/Dw,0.000000000000000000e+00,0.000000000000000000e+00,0.000000000000000000e+00,0.000000000000000000e+00,0.000000000000000000e+00,0.000000000000000000e+00,0.000000000000000000e+00
Mach,1.699999999999999956e+00,1.699999999999999956e+00,1.699999999999999956e+00,1.699999999999999956e+00,1.699999999999999956e+00,1.699999999999999956e+00,1.699999999999999956e+00
T/QS,0.000000000000000000e+00,0.000000000000000000e+00,0.000000000000000000e+00,0.000000000000000000e+00,0.000000000000000000e+00,0.000000000000000000e+00,0.000000000000000000e+00
WakeIter,1,2,3,4,5,6,7
WallTime,2.919999999940000035e-01,1.375000000000000000e+00,2.494999999995000106e+00,3.589999999997000035e+00,4.679999999999999716e+00,5.770999999993000174e+00,6.847999999997999687e+00
log10( L2Residual ),4.376083910449999892e-01,-3.567221140579999727e-01,-1.328585923634999943e+00,-2.423781579636000050e+00,-3.389769918648999791e+00,-4.397805349355000004e+00,-5.522379771330999887e+00
log10( MaxResidual ),9.397004146249999801e-01,8.899863082200000219e-01,1.402755592990000133e-01,-1.075420676914000007e+00,-1.845478904389000085e+00,-2.792090657496999917e+00,-4.032081897822999750e+00
Results_Name,VSPAERO_Polar
Results_Timestamp,1788934536
Results_Date,9,9,2026
Results_Time,9,15,36
Alpha,5.000000000000000000e+00
Beta,0.000000000000000000e+00
CDi,1.984201055399999886e-02
CDiw,0.000000000000000000e+00
CDo,8.927893092000000613e-03
CDtot,2.876990364700000163e-02
CDwtot,8.927893092000000613e-03
CFix,-2.140000000000000106e-10
CFiy,2.250320649999999940e-04
CFiz,2.276615417639999972e-01
CFox,8.961817127999999882e-03
CFoy,-4.999999999999999697e-12
CFoz,2.046728000000000168e-06
CFxtot,8.961816913999999870e-03
CFytot,2.250320599999999869e-04
CFztot,2.276635884930000020e-01
CLi,2.267952208840000039e-01
CLiw,0.000000000000000000e+00
CLo,-7.790348879999999844e-04
CLtot,2.260161859950000074e-01
CLwtot,-7.790348879999999844e-04
CMix,-2.078680520000000050e-04
CMiy,-2.801125781959999950e-01
CMiz,1.155219680000000020e-04
CMox,-7.000000000000000061e-12
CMoy,5.784945279999999853e-04
CMoz,1.909520000000000015e-07
CMxtot,-2.078680580000000081e-04
CMytot,-2.795340836690000108e-01
CMztot,1.157129200000000027e-04
CSi,2.250320649999999940e-04
CSiw,0.000000000000000000e+00
CSo,-4.999999999999999697e-12
CStot,2.250320599999999869e-04
CSwtot,-4.999999999999999697e-12
E,2.416629679479999904e-01
Ew,2.416629679479999904e-01
L_D,7.855993845862999869e+00
L_Dw,7.855993845862999869e+00
Mach,1.699999999999999956e+00
Re_1e6,1.000000000000000000e+01
StallFactor,1.000000000000000000e+00
Results_Name,VSPAERO_Load
Results_Timestamp,1788934536
Results_Date,9,9,2026
Results_Time,9,15,36
Angle ,0.000000000000000000e+00,0.000000000000000000e+00,0.000000000000000000e+00,0.000000000000000000e+00,0.000000000000000000e+00,0.000000000000000000e+00,0.000000000000000000e+00,0.000000000000000000e+00,0.000000000000000000e+00,0.000000000000000000e+00,0.000000000000000000e+00,0.000000000000000000e+00,0.000000000000000000e+00,0.000000000000000000e+00,0.000000000000000000e+00,0.000000000000000000e+00,0.000000000000000000e+00,0.000000000000000000e+00,0.000000000000000000e+00,0.000000000000000000e+00,0.000000000000000000e+00,0.000000000000000000e+00,0.000000000000000000e+00,0.000000000000000000e+00,0.000000000000000000e+00,0.000000000000000000e+00,0.000000000000000000e+00,0.000000000000000000e+00,0.000000000000000000e+00,0.000000000000000000e+00,0.000000000000000000e+00,0.000000000000000000e+00,0.000000000000000000e+00,0.000000000000000000e+00,0.000000000000000000e+00,0.000000000000000000e+00,0.000000000000000000e+00,0.000000000000000000e+00,0.000000000000000000e+00,0.000000000000000000e+00,0.000000000000000000e+00,0.000000000000000000e+00,0.000000000000000000e+00,0.000000000000000000e+00,0.000000000000000000e+00,0.000000000000000000e+00,0.000000000000000000e+00,0.000000000000000000e+00,0.000000000000000000e+00,0.000000000000000000e+00,0.000000000000000000e+00,0.000000000000000000e+00
CP,0.000000000000000000e+00,0.000000000000000000e+00,0.000000000000000000e+00,0.000000000000000000e+00,0.000000000000000000e+00,0.000000000000000000e+00,0.000000000000000000e+00,0.000000000000000000e+00,0.000000000000000000e+00,0.000000000000000000e+00,0.000000000000000000e+00,0.000000000000000000e+00,0.000000000000000000e+00,0.000000000000000000e+00,0.000000000000000000e+00,0.000000000000000000e+00,0.000000000000000000e+00,0.000000000000000000e+00,0.000000000000000000e+00,0.000000000000000000e+00,0.000000000000000000e+00,0.000000000000000000e+00,0.000000000000000000e+00,0.000000000000000000e+00,0.000000000000000000e+00,0.000000000000000000e+00,0.000000000000000000e+00,0.000000000000000000e+00,0.000000000000000000e+00,0.000000000000000000e+00,0.000000000000000000e+00,0.000000000000000000e+00,0.000000000000000000e+00,0.000000000000000000e+00,0.000000000000000000e+00,0.000000000000000000e+00,0.000000000000000000e+00,0.000000000000000000e+00,0.000000000000000000e+00,0.000000000000000000e+00,0.000000000000000000e+00,0.000000000000000000e+00,0.000000000000000000e+00,0.000000000000000000e+00,0.000000000000000000e+00,0.000000000000000000e+00,0.000000000000000000e+00,0.000000000000000000e+00,0.000000000000000000e+00,0.000000000000000000e+00,0.000000000000000000e+00,0.000000000000000000e+00
CP_h,0.000000000000000000e+00,0.000000000000000000e+00,0.000000000000000000e+00,0.000000000000000000e+00,0.000000000000000000e+00,0.000000000000000000e+00,0.000000000000000000e+00,0.000000000000000000e+00,0.000000000000000000e+00,0.000000000000000000e+00,0.000000000000000000e+00,0.000000000000000000e+00,0.000000000000000000e+00,0.000000000000000000e+00,0.000000000000000000e+00,0.000000000000000000e+00,0.000000000000000000e+00,0.000000000000000000e+00,0.000000000000000000e+00,0.000000000000000000e+00,0.000000000000000000e+00,0.000000000000000000e+00,0.000000000000000000e+00,0.000000000000000000e+00,0.000000000000000000e+00,0.000000000000000000e+00,0.000000000000000000e+00,0.000000000000000000e+00,0.000000000000000000e+00,0.000000000000000000e+00,0.000000000000000000e+00,0.000000000000000000e+00,0.000000000000000000e+00,0.000000000000000000e+00,0.000000000000000000e+00,0.000000000000000000e+00,0.000000000000000000e+00,0.000000000000000000e+00,0.000000000000000000e+00,0.000000000000000000e+00,0.000000000000000000e+00,0.000000000000000000e+00,0.000000000000000000e+00,0.000000000000000000e+00,0.000000000000000000e+00,0.000000000000000000e+00,0.000000000000000000e+00,0.000000000000000000e+00,0.000000000000000000e+00,0.000000000000000000e+00,0.000000000000000000e+00,0.000000000000000000e+00
CQ,0.000000000000000000e+00,0.000000000000000000e+00,0.000000000000000000e+00,0.000000000000000000e+00,0.000000000000000000e+00,0.000000000000000000e+00,0.000000000000000000e+00,0.000000000000000000e+00,0.000000000000000000e+00,0.000000000000000000e+00,0.000000000000000000e+00,0.000000000000000000e+00,0.000000000000000000e+00,0.000000000000000000e+00,0.000000000000000000e+00,0.000000000000000000e+00,0.000000000000000000e+00,0.000000000000000000e+00,0.000000000000000000e+00,0.000000000000000000e+00,0.000000000000000000e+00,0.000000000000000000e+00,0.000000000000000000e+00,0.000000000000000000e+00,0.000000000000000000e+00,0.000000000000000000e+00,0.000000000000000000e+00,0.000000000000000000e+00,0.000000000000000000e+00,0.000000000000000000e+00,0.000000000000000000e+00,0.000000000000000000e+00,0.000000000000000000e+00,0.000000000000000000e+00,0.000000000000000000e+00,0.000000000000000000e+00,0.000000000000000000e+00,0.000000000000000000e+00,0.000000000000000000e+00,0.000000000000000000e+00,0.000000000000000000e+00,0.000000000000000000e+00,0.000000000000000000e+00,0.000000000000000000e+00,0.000000000000000000e+00,0.000000000000000000e+00,0.000000000000000000e+00,0.000000000000000000e+00,0.000000000000000000e+00,0.000000000000000000e+00,0.000000000000000000e+00,0.000000000000000000e+00
CQ_h,0.000000000000000000e+00,0.000000000000000000e+00,0.000000000000000000e+00,0.000000000000000000e+00,0.000000000000000000e+00,0.000000000000000000e+00,0.000000000000000000e+00,0.000000000000000000e+00,0.000000000000000000e+00,0.000000000000000000e+00,0.000000000000000000e+00,0.000000000000000000e+00,0.000000000000000000e+00,0.000000000000000000e+00,0.000000000000000000e+00,0.000000000000000000e+00,0.000000000000000000e+00,0.000000000000000000e+00,0.000000000000000000e+00,0.000000000000000000e+00,0.000000000000000000e+00,0.000000000000000000e+00,0.000000000000000000e+00,0.000000000000000000e+00,0.000000000000000000e+00,0.000000000000000000e+00,0.000000000000000000e+00,0.000000000000000000e+00,0.000000000000000000e+00,0.000000000000000000e+00,0.000000000000000000e+00,0.000000000000000000e+00,0.000000000000000000e+00,0.000000000000000000e+00,0.000000000000000000e+00,0.000000000000000000e+00,0.000000000000000000e+00,0.000000000000000000e+00,0.000000000000000000e+00,0.000000000000000000e+00,0.000000000000000000e+00,0.000000000000000000e+00,0.000000000000000000e+00,0.000000000000000000e+00,0.000000000000000000e+00,0.000000000000000000e+00,0.000000000000000000e+00,0.000000000000000000e+00,0.000000000000000000e+00,0.000000000000000000e+00,0.000000000000000000e+00,0.000000000000000000e+00
CT,0.000000000000000000e+00,0.000000000000000000e+00,0.000000000000000000e+00,0.000000000000000000e+00,0.000000000000000000e+00,0.000000000000000000e+00,0.000000000000000000e+00,0.000000000000000000e+00,0.000000000000000000e+00,0.000000000000000000e+00,0.000000000000000000e+00,0.000000000000000000e+00,0.000000000000000000e+00,0.000000000000000000e+00,0.000000000000000000e+00,0.000000000000000000e+00,0.000000000000000000e+00,0.000000000000000000e+00,0.000000000000000000e+00,0.000000000000000000e+00,0.000000000000000000e+00,0.000000000000000000e+00,0.000000000000000000e+00,0.000000000000000000e+00,0.000000000000000000e+00,0.000000000000000000e+00,0.000000000000000000e+00,0.000000000000000000e+00,0.000000000000000000e+00,0.000000000000000000e+00,0.000000000000000000e+00,0.000000000000000000e+00,0.000000000000000000e+00,0.000000000000000000e+00,0.000000000000000000e+00,0.000000000000000000e+00,0.000000000000000000e+00,0.000000000000000000e+00,0.000000000000000000e+00,0.000000000000000000e+00,0.000000000000000000e+00,0.000000000000000000e+00,0.000000000000000000e+00,0.000000000000000000e+00,0.000000000000000000e+00,0.000000000000000000e+00,0.000000000000000000e+00,0.000000000000000000e+00,0.000000000000000000e+00,0.000000000000000000e+00,0.000000000000000000e+00,0.000000000000000000e+00
CT_h,0.000000000000000000e+00,0.000000000000000000e+00,0.000000000000000000e+00,0.000000000000000000e+00,0.000000000000000000e+00,0.000000000000000000e+00,0.000000000000000000e+00,0.000000000000000000e+00,0.000000000000000000e+00,0.000000000000000000e+00,0.000000000000000000e+00,0.000000000000000000e+00,0.000000000000000000e+00,0.000000000000000000e+00,0.000000000000000000e+00,0.000000000000000000e+00,0.000000000000000000e+00,0.000000000000000000e+00,0.000000000000000000e+00,0.000000000000000000e+00,0.000000000000000000e+00,0.000000000000000000e+00,0.000000000000000000e+00,0.000000000000000000e+00,0.000000000000000000e+00,0.000000000000000000e+00,0.000000000000000000e+00,0.000000000000000000e+00,0.000000000000000000e+00,0.000000000000000000e+00,0.000000000000000000e+00,0.000000000000000000e+00,0.000000000000000000e+00,0.000000000000000000e+00,0.000000000000000000e+00,0.000000000000000000e+00,0.000000000000000000e+00,0.000000000000000000e+00,0.000000000000000000e+00,0.000000000000000000e+00,0.000000000000000000e+00,0.000000000000000000e+00,0.000000000000000000e+00,0.000000000000000000e+00,0.000000000000000000e+00,0.000000000000000000e+00,0.000000000000000000e+00,0.000000000000000000e+00,0.000000000000000000e+00,0.000000000000000000e+00,0.000000000000000000e+00,0.000000000000000000e+00
Chord,2.877893999999999863e+01,2.553526000000000096e+01,2.229157999999999973e+01,1.904789999999999850e+01,1.580504999999999960e+01,8.801230000000000331e+00,1.329585999999999935e+01,1.152286999999999928e+01,9.749940000000000495e+00,7.977039999999999687e+00,6.204130000000000145e+00,2.877893999999999863e+01,2.553526000000000096e+01,2.229157999999999973e+01,1.904789999999999850e+01,1.580504999999999960e+01,8.801230000000000331e+00,1.329585999999999935e+01,1.152286999999999928e+01,9.749940000000000495e+00,7.977039999999999687e+00,6.204130000000000145e+00,7.726409999999999556e+00,6.870750000000000135e+00,6.015089999999999826e+00,5.159430000000000405e+00,4.303770000000000095e+00,7.726409999999999556e+00,6.870750000000000135e+00,6.015089999999999826e+00,5.159430000000000405e+00,4.303770000000000095e+00,1.722927999999999926e+01,1.511140999999999934e+01,1.353214000000000006e+01,1.195287000000000077e+01,1.037359000000000009e+01,8.843740000000000379e+00,7.363299999999999734e+00,5.882859999999999978e+00,4.402420000000000222e+00,2.921980000000000022e+00,1.722927999999999926e+01,1.511140999999999934e+01,1.353214000000000006e+01,1.195287000000000077e+01,1.037359000000000009e+01,8.843740000000000379e+00,7.363299999999999734e+00,5.882859999999999978e+00,4.402420000000000222e+00,2.921980000000000022e+00
Diameter,0.000000000000000000e+00,0.000000000000000000e+00,0.000000000000000000e+00,0.000000000000000000e+00,0.000000000000000000e+00,0.000000000000000000e+00,0.000000000000000000e+00,0.000000000000000000e+00,0.000000000000000000e+00,0.000000000000000000e+00,0.000000000000000000e+00,0.000000000000000000e+00,0.000000000000000000e+00,0.000000000000000000e+00,0.000000000000000000e+00,0.000000000000000000e+00,0.000000000000000000e+00,0.000000000000000000e+00,0.000000000000000000e+00,0.000000000000000000e+00,0.000000000000000000e+00,0.000000000000000000e+00,0.000000000000000000e+00,0.000000000000000000e+00,0.000000000000000000e+00,0.000000000000000000e+00,0.000000000000000000e+00,0.000000000000000000e+00,0.000000000000000000e+00,0.000000000000000000e+00,0.000000000000000000e+00,0.000000000000000000e+00,0.000000000000000000e+00,0.000000000000000000e+00,0.000000000000000000e+00,0.000000000000000000e+00,0.000000000000000000e+00,0.000000000000000000e+00,0.000000000000000000e+00,0.000000000000000000e+00,0.000000000000000000e+00,0.000000000000000000e+00,0.000000000000000000e+00,0.000000000000000000e+00,0.000000000000000000e+00,0.000000000000000000e+00,0.000000000000000000e+00,0.000000000000000000e+00,0.000000000000000000e+00,0.000000000000000000e+00,0.000000000000000000e+00,0.000000000000000000e+00
ETAP,0.000000000000000000e+00,0.000000000000000000e+00,0.000000000000000000e+00,0.000000000000000000e+00,0.000000000000000000e+00,0.000000000000000000e+00,0.000000000000000000e+00,0.000000000000000000e+00,0.000000000000000000e+00,0.000000000000000000e+00,0.000000000000000000e+00,0.000000000000000000e+00,0.000000000000000000e+00,0.000000000000000000e+00,0.000000000000000000e+00,0.000000000000000000e+00,0.000000000000000000e+00,0.000000000000000000e+00,0.000000000000000000e+00,0.000000000000000000e+00,0.000000000000000000e+00,0.000000000000000000e+00,0.000000000000000000e+00,0.000000000000000000e+00,0.000000000000000000e+00,0.000000000000000000e+00,0.000000000000000000e+00,0.000000000000000000e+00,0.000000000000000000e+00,0.000000000000000000e+00,0.000000000000000000e+00,0.000000000000000000e+00,0.000000000000000000e+00,0.000000000000000000e+00,0.000000000000000000e+00,0.000000000000000000e+00,0.000000000000000000e+00,0.000000000000000000e+00,0.000000000000000000e+00,0.000000000000000000e+00,0.000000000000000000e+00,0.000000000000000000e+00,0.000000000000000000e+00,0.000000000000000000e+00,0.000000000000000000e+00,0.000000000000000000e+00,0.000000000000000000e+00,0.000000000000000000e+00,0.000000000000000000e+00,0.000000000000000000e+00,0.000000000000000000e+00,0.000000000000000000e+00
FC_AoA_,5.000000000000000000e+00
FC_Beta_,0.000000000000000000e+00
FC_Bref_,3.727034100000000194e+01
FC_Cref_,1.236139999999999972e+01
FC_Mach_,1.699999999999999956e+00
FC_Pitch_Rate,0.000000000000000000e+00
FC_Rho_,2.377000000000000206e-03
FC_Roll__Rate,0.000000000000000000e+00
FC_Sref_,4.096313739999999939e+02
FC_Vinf_,1.000000000000000000e+02
FC_Xcg_,2.046778000000000119e+01
FC_Yaw___Rate,0.000000000000000000e+00
FC_Ycg_,0.000000000000000000e+00
FC_Zcg_,0.000000000000000000e+00
FOM,0.000000000000000000e+00,0.000000000000000000e+00,0.000000000000000000e+00,0.000000000000000000e+00,0.000000000000000000e+00,0.000000000000000000e+00,0.000000000000000000e+00,0.000000000000000000e+00,0.000000000000000000e+00,0.000000000000000000e+00,0.000000000000000000e+00,0.000000000000000000e+00,0.000000000000000000e+00,0.000000000000000000e+00,0.000000000000000000e+00,0.000000000000000000e+00,0.000000000000000000e+00,0.000000000000000000e+00,0.000000000000000000e+00,0.000000000000000000e+00,0.000000000000000000e+00,0.000000000000000000e+00,0.000000000000000000e+00,0.000000000000000000e+00,0.000000000000000000e+00,0.000000000000000000e+00,0.000000000000000000e+00,0.000000000000000000e+00,0.000000000000000000e+00,0.000000000000000000e+00,0.000000000000000000e+00,0.000000000000000000e+00,0.000000000000000000e+00,0.000000000000000000e+00,0.000000000000000000e+00,0.000000000000000000e+00,0.000000000000000000e+00,0.000000000000000000e+00,0.000000000000000000e+00,0.000000000000000000e+00,0.000000000000000000e+00,0.000000000000000000e+00,0.000000000000000000e+00,0.000000000000000000e+00,0.000000000000000000e+00,0.000000000000000000e+00,0.000000000000000000e+00,0.000000000000000000e+00,0.000000000000000000e+00,0.000000000000000000e+00,0.000000000000000000e+00,0.000000000000000000e+00
IsARotor,0,0,0,0,0,0,0,0,0,0,0,0,0,0,0,0,0,0,0,0,0,0,0,0,0,0,0,0,0,0,0,0,0,0,0,0,0,0,0,0,0,0,0,0,0,0,0,0,0,0,0,0
Iter,7,7,7,7,7,7,7,7,7,7,7,7,7,7,7,7,7,7,7,7,7,7,7,7,7,7,7,7,7,7,7,7,7,7,7,7,7,7,7,7,7,7,7,7,7,7,7,7,7,7,7,7
J,0.000000000000000000e+00,0.000000000000000000e+00,0.000000000000000000e+00,0.000000000000000000e+00,0.000000000000000000e+00,0.000000000000000000e+00,0.000000000000000000e+00,0.000000000000000000e+00,0.000000000000000000e+00,0.000000000000000000e+00,0.000000000000000000e+00,0.000000000000000000e+00,0.000000000000000000e+00,0.000000000000000000e+00,0.000000000000000000e+00,0.000000000000000000e+00,0.000000000000000000e+00,0.000000000000000000e+00,0.000000000000000000e+00,0.000000000000000000e+00,0.000000000000000000e+00,0.000000000000000000e+00,0.000000000000000000e+00,0.000000000000000000e+00,0.000000000000000000e+00,0.000000000000000000e+00,0.000000000000000000e+00,0.000000000000000000e+00,0.000000000000000000e+00,0.000000000000000000e+00,0.000000000000000000e+00,0.000000000000000000e+00,0.000000000000000000e+00,0.000000000000000000e+00,0.000000000000000000e+00,0.000000000000000000e+00,0.000000000000000000e+00,0.000000000000000000e+00,0.000000000000000000e+00,0.000000000000000000e+00,0.000000000000000000e+00,0.000000000000000000e+00,0.000000000000000000e+00,0.000000000000000000e+00,0.000000000000000000e+00,0.000000000000000000e+00,0.000000000000000000e+00,0.000000000000000000e+00,0.000000000000000000e+00,0.000000000000000000e+00,0.000000000000000000e+00,0.000000000000000000e+00
Moment,0.000000000000000000e+00,0.000000000000000000e+00,0.000000000000000000e+00,0.000000000000000000e+00,0.000000000000000000e+00,0.000000000000000000e+00,0.000000000000000000e+00,0.000000000000000000e+00,0.000000000000000000e+00,0.000000000000000000e+00,0.000000000000000000e+00,0.000000000000000000e+00,0.000000000000000000e+00,0.000000000000000000e+00,0.000000000000000000e+00,0.000000000000000000e+00,0.000000000000000000e+00,0.000000000000000000e+00,0.000000000000000000e+00,0.000000000000000000e+00,0.000000000000000000e+00,0.000000000000000000e+00,0.000000000000000000e+00,0.000000000000000000e+00,0.000000000000000000e+00,0.000000000000000000e+00,0.000000000000000000e+00,0.000000000000000000e+00,0.000000000000000000e+00,0.000000000000000000e+00,0.000000000000000000e+00,0.000000000000000000e+00,0.000000000000000000e+00,0.000000000000000000e+00,0.000000000000000000e+00,0.000000000000000000e+00,0.000000000000000000e+00,0.000000000000000000e+00,0.000000000000000000e+00,0.000000000000000000e+00,0.000000000000000000e+00,0.000000000000000000e+00,0.000000000000000000e+00,0.000000000000000000e+00,0.000000000000000000e+00,0.000000000000000000e+00,0.000000000000000000e+00,0.000000000000000000e+00,0.000000000000000000e+00,0.000000000000000000e+00,0.000000000000000000e+00,0.000000000000000000e+00
Momenti,0.000000000000000000e+00,0.000000000000000000e+00,0.000000000000000000e+00,0.000000000000000000e+00,0.000000000000000000e+00,0.000000000000000000e+00,0.000000000000000000e+00,0.000000000000000000e+00,0.000000000000000000e+00,0.000000000000000000e+00,0.000000000000000000e+00,0.000000000000000000e+00,0.000000000000000000e+00,0.000000000000000000e+00,0.000000000000000000e+00,0.000000000000000000e+00,0.000000000000000000e+00,0.000000000000000000e+00,0.000000000000000000e+00,0.000000000000000000e+00,0.000000000000000000e+00,0.000000000000000000e+00,0.000000000000000000e+00,0.000000000000000000e+00,0.000000000000000000e+00,0.000000000000000000e+00,0.000000000000000000e+00,0.000000000000000000e+00,0.000000000000000000e+00,0.000000000000000000e+00,0.000000000000000000e+00,0.000000000000000000e+00,0.000000000000000000e+00,0.000000000000000000e+00,0.000000000000000000e+00,0.000000000000000000e+00,0.000000000000000000e+00,0.000000000000000000e+00,0.000000000000000000e+00,0.000000000000000000e+00,0.000000000000000000e+00,0.000000000000000000e+00,0.000000000000000000e+00,0.000000000000000000e+00,0.000000000000000000e+00,0.000000000000000000e+00,0.000000000000000000e+00,0.000000000000000000e+00,0.000000000000000000e+00,0.000000000000000000e+00,0.000000000000000000e+00,0.000000000000000000e+00
Momento,0.000000000000000000e+00,0.000000000000000000e+00,0.000000000000000000e+00,0.000000000000000000e+00,0.000000000000000000e+00,0.000000000000000000e+00,0.000000000000000000e+00,0.000000000000000000e+00,0.000000000000000000e+00,0.000000000000000000e+00,0.000000000000000000e+00,0.000000000000000000e+00,0.000000000000000000e+00,0.000000000000000000e+00,0.000000000000000000e+00,0.000000000000000000e+00,0.000000000000000000e+00,0.000000000000000000e+00,0.000000000000000000e+00,0.000000000000000000e+00,0.000000000000000000e+00,0.000000000000000000e+00,0.000000000000000000e+00,0.000000000000000000e+00,0.000000000000000000e+00,0.000000000000000000e+00,0.000000000000000000e+00,0.000000000000000000e+00,0.000000000000000000e+00,0.000000000000000000e+00,0.000000000000000000e+00,0.000000000000000000e+00,0.000000000000000000e+00,0.000000000000000000e+00,0.000000000000000000e+00,0.000000000000000000e+00,0.000000000000000000e+00,0.000000000000000000e+00,0.000000000000000000e+00,0.000000000000000000e+00,0.000000000000000000e+00,0.000000000000000000e+00,0.000000000000000000e+00,0.000000000000000000e+00,0.000000000000000000e+00,0.000000000000000000e+00,0.000000000000000000e+00,0.000000000000000000e+00,0.000000000000000000e+00,0.000000000000000000e+00,0.000000000000000000e+00,0.000000000000000000e+00
Power,0.000000000000000000e+00,0.000000000000000000e+00,0.000000000000000000e+00,0.000000000000000000e+00,0.000000000000000000e+00,0.000000000000000000e+00,0.000000000000000000e+00,0.000000000000000000e+00,0.000000000000000000e+00,0.000000000000000000e+00,0.000000000000000000e+00,0.000000000000000000e+00,0.000000000000000000e+00,0.000000000000000000e+00,0.000000000000000000e+00,0.000000000000000000e+00,0.000000000000000000e+00,0.000000000000000000e+00,0.000000000000000000e+00,0.000000000000000000e+00,0.000000000000000000e+00,0.000000000000000000e+00,0.000000000000000000e+00,0.000000000000000000e+00,0.000000000000000000e+00,0.000000000000000000e+00,0.000000000000000000e+00,0.000000000000000000e+00,0.000000000000000000e+00,0.000000000000000000e+00,0.000000000000000000e+00,0.000000000000000000e+00,0.000000000000000000e+00,0.000000000000000000e+00,0.000000000000000000e+00,0.000000000000000000e+00,0.000000000000000000e+00,0.000000000000000000e+00,0.000000000000000000e+00,0.000000000000000000e+00,0.000000000000000000e+00,0.000000000000000000e+00,0.000000000000000000e+00,0.000000000000000000e+00,0.000000000000000000e+00,0.000000000000000000e+00,0.000000000000000000e+00,0.000000000000000000e+00,0.000000000000000000e+00,0.000000000000000000e+00,0.000000000000000000e+00,0.000000000000000000e+00
Poweri,0.000000000000000000e+00,0.000000000000000000e+00,0.000000000000000000e+00,0.000000000000000000e+00,0.000000000000000000e+00,0.000000000000000000e+00,0.000000000000000000e+00,0.000000000000000000e+00,0.000000000000000000e+00,0.000000000000000000e+00,0.000000000000000000e+00,0.000000000000000000e+00,0.000000000000000000e+00,0.000000000000000000e+00,0.000000000000000000e+00,0.000000000000000000e+00,0.000000000000000000e+00,0.000000000000000000e+00,0.000000000000000000e+00,0.000000000000000000e+00,0.000000000000000000e+00,0.000000000000000000e+00,0.000000000000000000e+00,0.000000000000000000e+00,0.000000000000000000e+00,0.000000000000000000e+00,0.000000000000000000e+00,0.000000000000000000e+00,0.000000000000000000e+00,0.000000000000000000e+00,0.000000000000000000e+00,0.000000000000000000e+00,0.000000000000000000e+00,0.000000000000000000e+00,0.000000000000000000e+00,0.000000000000000000e+00,0.000000000000000000e+00,0.000000000000000000e+00,0.000000000000000000e+00,0.000000000000000000e+00,0.000000000000000000e+00,0.000000000000000000e+00,0.000000000000000000e+00,0.000000000000000000e+00,0.000000000000000000e+00,0.000000000000000000e+00,0.000000000000000000e+00,0.000000000000000000e+00,0.000000000000000000e+00,0.000000000000000000e+00,0.000000000000000000e+00,0.000000000000000000e+00
Powero,0.000000000000000000e+00,0.000000000000000000e+00,0.000000000000000000e+00,0.000000000000000000e+00,0.000000000000000000e+00,0.000000000000000000e+00,0.000000000000000000e+00,0.000000000000000000e+00,0.000000000000000000e+00,0.000000000000000000e+00,0.000000000000000000e+00,0.000000000000000000e+00,0.000000000000000000e+00,0.000000000000000000e+00,0.000000000000000000e+00,0.000000000000000000e+00,0.000000000000000000e+00,0.000000000000000000e+00,0.000000000000000000e+00,0.000000000000000000e+00,0.000000000000000000e+00,0.000000000000000000e+00,0.000000000000000000e+00,0.000000000000000000e+00,0.000000000000000000e+00,0.000000000000000000e+00,0.000000000000000000e+00,0.000000000000000000e+00,0.000000000000000000e+00,0.000000000000000000e+00,0.000000000000000000e+00,0.000000000000000000e+00,0.000000000000000000e+00,0.000000000000000000e+00,0.000000000000000000e+00,0.000000000000000000e+00,0.000000000000000000e+00,0.000000000000000000e+00,0.000000000000000000e+00,0.000000000000000000e+00,0.000000000000000000e+00,0.000000000000000000e+00,0.000000000000000000e+00,0.000000000000000000e+00,0.000000000000000000e+00,0.000000000000000000e+00,0.000000000000000000e+00,0.000000000000000000e+00,0.000000000000000000e+00,0.000000000000000000e+00,0.000000000000000000e+00,0.000000000000000000e+00
RPM,0.000000000000000000e+00,0.000000000000000000e+00,0.000000000000000000e+00,0.000000000000000000e+00,0.000000000000000000e+00,0.000000000000000000e+00,0.000000000000000000e+00,0.000000000000000000e+00,0.000000000000000000e+00,0.000000000000000000e+00,0.000000000000000000e+00,0.000000000000000000e+00,0.000000000000000000e+00,0.000000000000000000e+00,0.000000000000000000e+00,0.000000000000000000e+00,0.000000000000000000e+00,0.000000000000000000e+00,0.000000000000000000e+00,0.000000000000000000e+00,0.000000000000000000e+00,0.000000000000000000e+00,0.000000000000000000e+00,0.000000000000000000e+00,0.000000000000000000e+00,0.000000000000000000e+00,0.000000000000000000e+00,0.000000000000000000e+00,0.000000000000000000e+00,0.000000000000000000e+00,0.000000000000000000e+00,0.000000000000000000e+00,0.000000000000000000e+00,0.000000000000000000e+00,0.000000000000000000e+00,0.000000000000000000e+00,0.000000000000000000e+00,0.000000000000000000e+00,0.000000000000000000e+00,0.000000000000000000e+00,0.000000000000000000e+00,0.000000000000000000e+00,0.000000000000000000e+00,0.000000000000000000e+00,0.000000000000000000e+00,0.000000000000000000e+00,0.000000000000000000e+00,0.000000000000000000e+00,0.000000000000000000e+00,0.000000000000000000e+00,0.000000000000000000e+00,0.000000000000000000e+00
SoverB,5.582000000000000156e-02,1.116400000000000031e-01,1.674499999999999877e-01,2.232699999999999962e-01,2.733400000000000274e-01,2.790900000000000047e-01,4.232799999999999896e-01,5.674599999999999644e-01,7.116400000000000503e-01,8.558200000000000252e-01,1.000000000000000000e+00,5.582000000000000156e-02,1.116400000000000031e-01,1.674499999999999877e-01,2.232699999999999962e-01,2.733400000000000274e-01,2.790900000000000047e-01,4.232799999999999896e-01,5.674599999999999644e-01,7.116400000000000503e-01,8.558200000000000252e-01,1.000000000000000000e+00,2.000000000000000111e-01,4.000000000000000222e-01,5.999999999999999778e-01,8.000000000000000444e-01,1.000000000000000000e+00,2.000000000000000111e-01,4.000000000000000222e-01,5.999999999999999778e-01,8.000000000000000444e-01,1.000000000000000000e+00,5.262000000000000011e-02,1.052799999999999986e-01,1.579399999999999971e-01,2.105899999999999994e-01,2.632499999999999840e-01,4.106000000000000205e-01,5.579499999999999460e-01,7.053000000000000380e-01,8.526500000000000190e-01,1.000000000000000000e+00,5.262000000000000011e-02,1.052799999999999986e-01,1.579399999999999971e-01,2.105899999999999994e-01,2.632499999999999840e-01,4.106000000000000205e-01,5.579499999999999460e-01,7.053000000000000380e-01,8.526500000000000190e-01,1.000000000000000000e+00
StallFact,1.000000000000000000e+00,1.000000000000000000e+00,1.000000000000000000e+00,1.000000000000000000e+00,1.000000000000000000e+00,1.000000000000000000e+00,1.000000000000000000e+00,1.000000000000000000e+00,1.000000000000000000e+00,1.000000000000000000e+00,1.000000000000000000e+00,1.000000000000000000e+00,1.000000000000000000e+00,1.000000000000000000e+00,1.000000000000000000e+00,1.000000000000000000e+00,1.000000000000000000e+00,1.000000000000000000e+00,1.000000000000000000e+00,1.000000000000000000e+00,1.000000000000000000e+00,1.000000000000000000e+00,1.000000000000000000e+00,1.000000000000000000e+00,1.000000000000000000e+00,1.000000000000000000e+00,1.000000000000000000e+00,1.000000000000000000e+00,1.000000000000000000e+00,1.000000000000000000e+00,1.000000000000000000e+00,1.000000000000000000e+00,1.000000000000000000e+00,1.000000000000000000e+00,1.000000000000000000e+00,1.000000000000000000e+00,1.000000000000000000e+00,1.000000000000000000e+00,1.000000000000000000e+00,1.000000000000000000e+00,1.000000000000000000e+00,1.000000000000000000e+00,1.000000000000000000e+00,1.000000000000000000e+00,1.000000000000000000e+00,1.000000000000000000e+00,1.000000000000000000e+00,1.000000000000000000e+00,1.000000000000000000e+00,1.000000000000000000e+00,1.000000000000000000e+00,1.000000000000000000e+00
Thrust,0.000000000000000000e+00,0.000000000000000000e+00,0.000000000000000000e+00,0.000000000000000000e+00,0.000000000000000000e+00,0.000000000000000000e+00,0.000000000000000000e+00,0.000000000000000000e+00,0.000000000000000000e+00,0.000000000000000000e+00,0.000000000000000000e+00,0.000000000000000000e+00,0.000000000000000000e+00,0.000000000000000000e+00,0.000000000000000000e+00,0.000000000000000000e+00,0.000000000000000000e+00,0.000000000000000000e+00,0.000000000000000000e+00,0.000000000000000000e+00,0.000000000000000000e+00,0.000000000000000000e+00,0.000000000000000000e+00,0.000000000000000000e+00,0.000000000000000000e+00,0.000000000000000000e+00,0.000000000000000000e+00,0.000000000000000000e+00,0.000000000000000000e+00,0.000000000000000000e+00,0.000000000000000000e+00,0.000000000000000000e+00,0.000000000000000000e+00,0.000000000000000000e+00,0.000000000000000000e+00,0.000000000000000000e+00,0.000000000000000000e+00,0.000000000000000000e+00,0.000000000000000000e+00,0.000000000000000000e+00,0.000000000000000000e+00,0.000000000000000000e+00,0.000000000000000000e+00,0.000000000000000000e+00,0.000000000000000000e+00,0.000000000000000000e+00,0.000000000000000000e+00,0.000000000000000000e+00,0.000000000000000000e+00,0.000000000000000000e+00,0.000000000000000000e+00,0.000000000000000000e+00
Thrusti,0.000000000000000000e+00,0.000000000000000000e+00,0.000000000000000000e+00,0.000000000000000000e+00,0.000000000000000000e+00,0.000000000000000000e+00,0.000000000000000000e+00,0.000000000000000000e+00,0.000000000000000000e+00,0.000000000000000000e+00,0.000000000000000000e+00,0.000000000000000000e+00,0.000000000000000000e+00,0.000000000000000000e+00,0.000000000000000000e+00,0.000000000000000000e+00,0.000000000000000000e+00,0.000000000000000000e+00,0.000000000000000000e+00,0.000000000000000000e+00,0.000000000000000000e+00,0.000000000000000000e+00,0.000000000000000000e+00,0.000000000000000000e+00,0.000000000000000000e+00,0.000000000000000000e+00,0.000000000000000000e+00,0.000000000000000000e+00,0.000000000000000000e+00,0.000000000000000000e+00,0.000000000000000000e+00,0.000000000000000000e+00,0.000000000000000000e+00,0.000000000000000000e+00,0.000000000000000000e+00,0.000000000000000000e+00,0.000000000000000000e+00,0.000000000000000000e+00,0.000000000000000000e+00,0.000000000000000000e+00,0.000000000000000000e+00,0.000000000000000000e+00,0.000000000000000000e+00,0.000000000000000000e+00,0.000000000000000000e+00,0.000000000000000000e+00,0.000000000000000000e+00,0.000000000000000000e+00,0.000000000000000000e+00,0.000000000000000000e+00,0.000000000000000000e+00,0.000000000000000000e+00
Thrusto,0.000000000000000000e+00,0.000000000000000000e+00,0.000000000000000000e+00,0.000000000000000000e+00,0.000000000000000000e+00,0.000000000000000000e+00,0.000000000000000000e+00,0.000000000000000000e+00,0.000000000000000000e+00,0.000000000000000000e+00,0.000000000000000000e+00,0.000000000000000000e+00,0.000000000000000000e+00,0.000000000000000000e+00,0.000000000000000000e+00,0.000000000000000000e+00,0.000000000000000000e+00,0.000000000000000000e+00,0.000000000000000000e+00,0.000000000000000000e+00,0.000000000000000000e+00,0.000000000000000000e+00,0.000000000000000000e+00,0.000000000000000000e+00,0.000000000000000000e+00,0.000000000000000000e+00,0.000000000000000000e+00,0.000000000000000000e+00,0.000000000000000000e+00,0.000000000000000000e+00,0.000000000000000000e+00,0.000000000000000000e+00,0.000000000000000000e+00,0.000000000000000000e+00,0.000000000000000000e+00,0.000000000000000000e+00,0.000000000000000000e+00,0.000000000000000000e+00,0.000000000000000000e+00,0.000000000000000000e+00,0.000000000000000000e+00,0.000000000000000000e+00,0.000000000000000000e+00,0.000000000000000000e+00,0.000000000000000000e+00,0.000000000000000000e+00,0.000000000000000000e+00,0.000000000000000000e+00,0.000000000000000000e+00,0.000000000000000000e+00,0.000000000000000000e+00,0.000000000000000000e+00
TrailVort,1,2,3,4,5,6,7,8,9,10,11,1,2,3,4,5,6,7,8,9,10,11,1,2,3,4,5,1,2,3,4,5,1,2,3,4,5,6,7,8,9,10,1,2,3,4,5,6,7,8,9,10
Unsteady,0
V/Vref,1.000000000000000000e+00,1.000000000000000000e+00,1.000000000000000000e+00,1.000000000000000000e+00,1.000000000000000000e+00,1.000000000000000000e+00,1.000000000000000000e+00,1.000000000000000000e+00,1.000000000000000000e+00,1.000000000000000000e+00,1.000000000000000000e+00,1.000000000000000000e+00,1.000000000000000000e+00,1.000000000000000000e+00,1.000000000000000000e+00,1.000000000000000000e+00,1.000000000000000000e+00,1.000000000000000000e+00,1.000000000000000000e+00,1.000000000000000000e+00,1.000000000000000000e+00,1.000000000000000000e+00,1.000000000000000000e+00,1.000000000000000000e+00,1.000000000000000000e+00,1.000000000000000000e+00,1.000000000000000000e+00,1.000000000000000000e+00,1.000000000000000000e+00,1.000000000000000000e+00,1.000000000000000000e+00,1.000000000000000000e+00,1.000000000000000000e+00,1.000000000000000000e+00,1.000000000000000000e+00,1.000000000000000000e+00,1.000000000000000000e+00,1.000000000000000000e+00,1.000000000000000000e+00,1.000000000000000000e+00,1.000000000000000000e+00,1.000000000000000000e+00,1.000000000000000000e+00,1.000000000000000000e+00,1.000000000000000000e+00,1.000000000000000000e+00,1.000000000000000000e+00,1.000000000000000000e+00,1.000000000000000000e+00,1.000000000000000000e+00,1.000000000000000000e+00,1.000000000000000000e+00
VortexSheet,1,1,1,1,1,1,1,1,1,1,1,2,2,2,2,2,2,2,2,2,2,2,3,3,3,3,3,4,4,4,4,4,5,5,5,5,5,5,5,5,5,5,6,6,6,6,6,6,6,6,6,6
Xavg,4.078278000000000247e+01,4.076807999999999765e+01,4.075337999999999994e+01,4.073868999999999829e+01,4.072475000000000023e+01,4.071739999999999782e+01,4.096110000000000184e+01,4.145000000000000284e+01,4.193889000000000067e+01,4.242777000000000243e+01,4.291666000000000025e+01,4.078278000000000247e+01,4.076807999999999765e+01,4.075337999999999994e+01,4.073868999999999829e+01,4.072475000000000023e+01,4.071739999999999782e+01,4.096110000000000184e+01,4.145000000000000284e+01,4.193889000000000067e+01,4.242777000000000243e+01,4.291666000000000025e+01,5.249761000000000166e+01,5.311057999999999879e+01,5.372355999999999909e+01,5.433653000000000333e+01,5.494950000000000045e+01,5.249761000000000166e+01,5.311057999999999879e+01,5.372355999999999909e+01,5.433653000000000333e+01,5.494950000000000045e+01,4.877803999999999718e+01,4.881201000000000079e+01,4.884597999999999729e+01,4.887995000000000090e+01,4.891391999999999740e+01,4.895047999999999888e+01,4.898964999999999748e+01,4.902881000000000000e+01,4.906797999999999860e+01,4.910714000000000112e+01,4.877803999999999718e+01,4.881201000000000079e+01,4.884597999999999729e+01,4.887995000000000090e+01,4.891391999999999740e+01,4.895047999999999888e+01,4.898964999999999748e+01,4.902881000000000000e+01,4.906797999999999860e+01,4.910714000000000112e+01
Yavg,1.477139999999999898e+00,2.431420000000000137e+00,3.385709999999999997e+00,4.339990000000000236e+00,5.245099999999999874e+00,5.722240000000000215e+00,7.003960000000000186e+00,9.468999999999999417e+00,1.193396000000000079e+01,1.439888999999999974e+01,1.686382000000000048e+01,-1.477139999999999898e+00,-2.431420000000000137e+00,-3.385709999999999997e+00,-4.339990000000000236e+00,-5.245099999999999874e+00,-5.722240000000000215e+00,-7.003960000000000186e+00,-9.468999999999999417e+00,-1.193396000000000079e+01,-1.439888999999999974e+01,-1.686382000000000048e+01,6.527630000000000265e+00,7.779630000000000045e+00,9.031620000000000203e+00,1.028360999999999947e+01,1.153560000000000052e+01,-6.527630000000000265e+00,-7.779630000000000045e+00,-9.031620000000000203e+00,-1.028360999999999947e+01,-1.153560000000000052e+01,5.681750000000000078e+00,5.733760000000000190e+00,5.785779999999999923e+00,5.837790000000000035e+00,5.889809999999999768e+00,5.988590000000000302e+00,6.134140000000000370e+00,6.279690000000000438e+00,6.425250000000000128e+00,6.570800000000000196e+00,-5.681750000000000078e+00,-5.733760000000000190e+00,-5.785779999999999923e+00,-5.837790000000000035e+00,-5.889809999999999768e+00,-5.988590000000000302e+00,-6.134140000000000370e+00,-6.279690000000000438e+00,-6.425250000000000128e+00,-6.570800000000000196e+00
Zavg,3.848300000000000054e-01,3.348200000000000065e-01,2.848100000000000076e-01,2.347899999999999987e-01,1.873599999999999988e-01,1.623499999999999943e-01,9.518000000000000071e-02,-3.400999999999999857e-02,-1.631900000000000017e-01,-2.923700000000000188e-01,-4.215499999999999803e-01,3.848300000000000054e-01,3.348200000000000065e-01,2.848100000000000076e-01,2.347899999999999987e-01,1.873599999999999988e-01,1.623499999999999943e-01,9.518000000000000071e-02,-3.400999999999999857e-02,-1.631900000000000017e-01,-2.923700000000000188e-01,-4.215499999999999803e-01,4.367999999999999661e-02,-3.289999999999999869e-02,-1.094699999999999979e-01,-1.860499999999999932e-01,-2.626200000000000201e-01,4.367999999999999661e-02,-3.289999999999999869e-02,-1.094699999999999979e-01,-1.860499999999999932e-01,-2.626200000000000201e-01,2.474500000000000033e-01,7.423399999999999999e-01,1.237230000000000052e+00,1.732129999999999947e+00,2.227020000000000000e+00,3.166879999999999917e+00,4.551709999999999923e+00,5.936550000000000438e+00,7.321380000000000443e+00,8.706210000000000448e+00,2.474500000000000033e-01,7.423399999999999999e-01,1.237230000000000052e+00,1.732129999999999947e+00,2.227020000000000000e+00,3.166879999999999917e+00,4.551709999999999923e+00,5.936550000000000438e+00,7.321380000000000443e+00,8.706210000000000448e+00
cd,8.170000000000000179e-03,1.072999999999999995e-02,1.285000000000000031e-02,1.519000000000000038e-02,1.913000000000000117e-02,1.076000000000000047e-02,2.367000000000000007e-02,2.721000000000000155e-02,3.114000000000000101e-02,3.599999999999999728e-02,3.474000000000000005e-02,8.170000000000000179e-03,1.072999999999999995e-02,1.285000000000000031e-02,1.519000000000000038e-02,1.949999999999999997e-02,1.982000000000000081e-02,2.373000000000000109e-02,2.721000000000000155e-02,3.114000000000000101e-02,3.599999999999999728e-02,3.474000000000000005e-02,1.218999999999999945e-02,1.626000000000000015e-02,1.925999999999999934e-02,2.162999999999999992e-02,1.991000000000000061e-02,1.251999999999999988e-02,1.661999999999999936e-02,1.967999999999999958e-02,2.234999999999999834e-02,2.043999999999999984e-02,4.660000000000000080e-03,4.839999999999999684e-03,4.879999999999999789e-03,4.939999999999999947e-03,5.009999999999999697e-03,5.080000000000000314e-03,5.159999999999999656e-03,5.170000000000000116e-03,5.369999999999999774e-03,5.830000000000000113e-03,4.660000000000000080e-03,4.839999999999999684e-03,4.899999999999999842e-03,4.959999999999999999e-03,5.029999999999999749e-03,5.109999999999999959e-03,5.199999999999999761e-03,5.170000000000000116e-03,5.369999999999999774e-03,5.830000000000000113e-03
cd*c/cref,1.902081801414079107e-02,2.216523531315223172e-02,2.317268294853333868e-02,2.340653979322730380e-02,2.445925271409387508e-02,7.661044444803987580e-03,2.545933358681055567e-02,2.536422190852168773e-02,2.456138718915333585e-02,2.323146569158833150e-02,1.743584676492953775e-02,1.902081801414079107e-02,2.216523531315223172e-02,2.317268294853333868e-02,2.340653979322730380e-02,2.493232764897179710e-02,1.411170082676719770e-02,2.552386928665038163e-02,2.536422190852168773e-02,2.456138718915333585e-02,2.323146569158833150e-02,1.743584676492953775e-02,7.619277581827300569e-03,9.037681411490607747e-03,9.371967042567994413e-03,9.027979913278432259e-03,6.931905827818856357e-03,7.825541864190139682e-03,9.237777678903684106e-03,9.576340155645800961e-03,9.328495194719045591e-03,7.116431698674908178e-03,6.495093177148220098e-03,5.916742796123415464e-03,5.342181565194881014e-03,4.776738702735936273e-03,4.204352735127089152e-03,3.634394097755917936e-03,3.073650880968174966e-03,2.460432167877424879e-03,1.912485268658889849e-03,1.378091753361269760e-03,6.495093177148220098e-03,5.916742796123415464e-03,5.364075751937483032e-03,4.796077725823935829e-03,4.221136578381089882e-03,3.655857055026129690e-03,3.097477631983432123e-03,2.460432167877424879e-03,1.912485268658889849e-03,1.378091753361269760e-03
cdi,3.500000000000000073e-03,5.980000000000000072e-03,8.000000000000000167e-03,1.021000000000000033e-02,1.397999999999999937e-02,4.799999999999999580e-03,1.828000000000000111e-02,2.162999999999999992e-02,2.529999999999999957e-02,2.981999999999999929e-02,2.844999999999999959e-02,3.500000000000000073e-03,5.980000000000000072e-03,8.000000000000000167e-03,1.021000000000000033e-02,1.434999999999999991e-02,1.382000000000000069e-02,1.835000000000000173e-02,2.162999999999999992e-02,2.529999999999999957e-02,2.981999999999999929e-02,2.844999999999999959e-02,6.669999999999999714e-03,1.061999999999999923e-02,1.345999999999999974e-02,1.566000000000000031e-02,1.384999999999999946e-02,7.009999999999999738e-03,1.095999999999999926e-02,1.387000000000000038e-02,1.636999999999999914e-02,1.437000000000000083e-02,-2.900000000000000017e-04,-1.900000000000000105e-04,-2.300000000000000070e-04,-2.400000000000000061e-04,-2.599999999999999772e-04,-3.099999999999999999e-04,-3.499999999999999964e-04,-5.199999999999999544e-04,-5.500000000000000331e-04,-4.000000000000000192e-04,-2.999999999999999737e-04,-2.000000000000000096e-04,-2.100000000000000087e-04,-2.200000000000000078e-04,-2.400000000000000061e-04,-2.799999999999999755e-04,-3.200000000000000262e-04,-5.199999999999999544e-04,-5.500000000000000331e-04,-4.000000000000000192e-04
cdi*c/cref,8.148453249631917514e-03,1.235303887909136415e-02,1.442657304188846128e-02,1.573276967010209249e-02,1.787456105295516517e-02,3.417566295079845461e-03,1.966187655119970568e-02,2.016273869464623586e-02,1.995514116524018527e-02,1.924339741453233443e-02,1.427892459591955689e-02,8.148453249631917514e-03,1.235303887909136415e-02,1.442657304188846128e-02,1.573276967010209249e-02,1.834763598783309413e-02,9.839742957917389787e-03,1.973716820101283423e-02,2.016273869464623586e-02,1.995514116524018527e-02,1.924339741453233443e-02,1.427892459591955689e-02,4.169038676848900622e-03,5.902839888685747390e-03,6.549671671493520475e-03,6.536207371333344757e-03,4.822043983691168267e-03,4.381553392010613911e-03,6.091819696798097573e-03,6.749178758069475023e-03,6.832548829420616310e-03,5.003088234342389397e-03,-4.042010775478506023e-04,-2.322688287734398969e-04,-2.517831475399227143e-04,-2.320682770559969203e-04,-2.181899623020046091e-04,-2.217838917921918242e-04,-2.084840713835002307e-04,-2.474709337130098644e-04,-1.958783794715809184e-04,-9.455174980180238949e-05,-4.181390457391557245e-04,-2.444935039720420281e-04,-2.298889607973207238e-04,-2.127292539679971747e-04,-2.014061190480042859e-04,-2.003209345219796912e-04,-1.906140081220573902e-04,-2.474709337130098644e-04,-1.958783794715809184e-04,-9.455174980180238949e-05
cdo,4.669999999999999672e-03,4.749999999999999882e-03,4.850000000000000144e-03,4.980000000000000052e-03,5.150000000000000064e-03,5.960000000000000020e-03,5.389999999999999826e-03,5.590000000000000351e-03,5.839999999999999705e-03,6.179999999999999730e-03,6.289999999999999584e-03,4.669999999999999672e-03,4.749999999999999882e-03,4.850000000000000144e-03,4.980000000000000052e-03,5.150000000000000064e-03,6.000000000000000125e-03,5.389999999999999826e-03,5.590000000000000351e-03,5.839999999999999705e-03,6.179999999999999730e-03,6.289999999999999584e-03,5.510000000000000141e-03,5.649999999999999641e-03,5.799999999999999600e-03,5.969999999999999613e-03,6.060000000000000282e-03,5.519999999999999733e-03,5.649999999999999641e-03,5.810000000000000060e-03,5.980000000000000072e-03,6.069999999999999875e-03,4.959999999999999999e-03,5.029999999999999749e-03,5.100000000000000366e-03,5.179999999999999709e-03,5.279999999999999971e-03,5.389999999999999826e-03,5.519999999999999733e-03,5.689999999999999745e-03,5.910000000000000323e-03,6.230000000000000294e-03,4.959999999999999999e-03,5.029999999999999749e-03,5.100000000000000366e-03,5.179999999999999709e-03,5.279999999999999971e-03,5.389999999999999826e-03,5.519999999999999733e-03,5.689999999999999745e-03,5.910000000000000323e-03,6.230000000000000294e-03
cdo*c/cref,1.087236476450887182e-02,9.812196434060865835e-03,8.746109906644879139e-03,7.673770123125211312e-03,6.584691661138705569e-03,4.243478149724142119e-03,5.797457035610853460e-03,5.210804868380603840e-03,4.606246023913148843e-03,3.988068277055997063e-03,3.156922169009982598e-03,1.087236476450887182e-02,9.812196434060865835e-03,8.746109906644879139e-03,7.673770123125211312e-03,6.584691661138705569e-03,4.271957868849807043e-03,5.797457035610853460e-03,5.210804868380603840e-03,4.606246023913148843e-03,3.988068277055997063e-03,3.156922169009982598e-03,3.443988472179526639e-03,3.140399752455223445e-03,2.822295371074473504e-03,2.491772541945087502e-03,2.109861844127688089e-03,3.450238904978400380e-03,3.140399752455223445e-03,2.827161397576326372e-03,2.495946365298429281e-03,2.113343464332519215e-03,6.913232222887375281e-03,6.149011624896855849e-03,5.583017619363503208e-03,5.008806979791932679e-03,4.430934619056093801e-03,3.856177989548109381e-03,3.288091640105489377e-03,2.707903101590434635e-03,2.104802223049169214e-03,1.472643503163072231e-03,6.913232222887375281e-03,6.149011624896855849e-03,5.583017619363503208e-03,5.008806979791932679e-03,4.430934619056093801e-03,3.856177989548109381e-03,3.288091640105489377e-03,2.707903101590434635e-03,2.104802223049169214e-03,1.472643503163072231e-03
cl,3.962000000000000244e-02,6.787999999999999590e-02,9.105000000000000593e-02,1.162399999999999961e-01,1.593900000000000039e-01,5.430999999999999717e-02,2.084699999999999886e-01,2.467000000000000026e-01,2.886199999999999877e-01,3.403300000000000214e-01,3.246499999999999941e-01,3.962000000000000244e-02,6.787999999999999590e-02,9.105000000000000593e-02,1.162399999999999961e-01,1.635900000000000132e-01,1.574800000000000089e-01,2.092199999999999893e-01,2.467000000000000026e-01,2.886199999999999877e-01,3.403300000000000214e-01,3.246499999999999941e-01,7.577000000000000401e-02,1.208599999999999952e-01,1.533899999999999986e-01,1.785200000000000120e-01,1.577300000000000091e-01,7.958999999999999408e-02,1.248299999999999965e-01,1.580199999999999938e-01,1.865900000000000059e-01,1.636700000000000099e-01,-3.710000000000000190e-03,-2.609999999999999907e-03,-3.030000000000000141e-03,-3.200000000000000153e-03,-3.490000000000000047e-03,-4.020000000000000136e-03,-4.530000000000000172e-03,-6.479999999999999649e-03,-6.749999999999999924e-03,-5.089999999999999906e-03,-3.769999999999999914e-03,-2.700000000000000143e-03,-2.799999999999999972e-03,-2.969999999999999984e-03,-3.229999999999999798e-03,-3.680000000000000111e-03,-4.109999999999999938e-03,-6.450000000000000004e-03,-6.749999999999999924e-03,-5.089999999999999906e-03
cl*c/cref,9.224049078583330952e-02,1.402214513566424348e-01,1.641924344329930563e-01,1.791162729140712007e-01,2.037930104599802450e-01,3.866833864287216871e-02,2.242292890934683702e-01,2.299652166421279065e-01,2.276463574352419750e-01,2.196212421893960487e-01,1.629403469267235172e-01,9.224049078583330952e-02,1.402214513566424348e-01,1.641924344329930563e-01,1.791162729140712007e-01,2.091630502612972786e-01,1.121246541977446165e-01,2.250359853414661826e-01,2.299652166421279065e-01,2.276463574352419750e-01,2.196212421893960487e-01,1.629403469267235172e-01,4.735952931706764735e-02,6.717676355428997548e-02,7.463998051191612915e-02,7.451109450385880184e-02,5.491559549080202163e-02,4.974719464623747478e-02,6.938338072548416724e-02,7.689295078227385838e-02,7.787936995000567519e-02,5.698367789247173881e-02,-5.170986198974226664e-03,-3.190640226835147683e-03,-3.316969291504199158e-03,-3.094243694079958865e-03,-2.928780647823062307e-03,-2.876036274208423112e-03,-2.698379552477874529e-03,-3.083868558577507191e-03,-2.403961929878492814e-03,-1.203171016227935286e-03,-5.254614008122057180e-03,-3.300662303622566972e-03,-3.065186143964276390e-03,-2.871844928567961804e-03,-2.710590685521057589e-03,-2.632789425146019480e-03,-2.448198666817674382e-03,-3.069591389324834076e-03,-2.403961929878492814e-03,-1.203171016227935286e-03
cli,4.003000000000000308e-02,6.829999999999999960e-02,9.146999999999999575e-02,1.166800000000000059e-01,1.598400000000000098e-01,5.482999999999999680e-02,2.089399999999999868e-01,2.471899999999999931e-01,2.891299999999999981e-01,3.408700000000000063e-01,3.251999999999999891e-01,4.003000000000000308e-02,6.829999999999999960e-02,9.146999999999999575e-02,1.166800000000000059e-01,1.640300000000000091e-01,1.580100000000000116e-01,2.096899999999999875e-01,2.471899999999999931e-01,2.891299999999999981e-01,3.408700000000000063e-01,3.251999999999999891e-01,7.624999999999999833e-02,1.213499999999999995e-01,1.539000000000000090e-01,1.790400000000000047e-01,1.582600000000000118e-01,8.007000000000000228e-02,1.253199999999999870e-01,1.585300000000000042e-01,1.871099999999999985e-01,1.642000000000000126e-01,-3.330000000000000061e-03,-2.170000000000000054e-03,-2.589999999999999854e-03,-2.749999999999999840e-03,-3.030000000000000141e-03,-3.550000000000000204e-03,-4.049999999999999781e-03,-5.980000000000000072e-03,-6.230000000000000294e-03,-4.539999999999999765e-03,-3.389999999999999784e-03,-2.259999999999999856e-03,-2.360000000000000119e-03,-2.510000000000000078e-03,-2.769999999999999893e-03,-3.210000000000000180e-03,-3.619999999999999954e-03,-5.950000000000000427e-03,-6.230000000000000294e-03,-4.539999999999999765e-03
cli*c/cref,9.319502388079019262e-02,1.410890560939699334e-01,1.649498295176921869e-01,1.797942767000501596e-01,2.043683718672642258e-01,3.903857499150582139e-02,2.247348187422136545e-01,2.304219777128803937e-01,2.280486152215768503e-01,2.199697141747698481e-01,1.632163894057307441e-01,9.319502388079019262e-02,1.410890560939699334e-01,1.649498295176921869e-01,1.797942767000501596e-01,2.097256258595304734e-01,1.125020104761596806e-01,2.255415149902114669e-01,2.304219777128803937e-01,2.280486152215768503e-01,2.199697141747698481e-01,1.632163894057307441e-01,4.765955009141359389e-02,6.744911680715777458e-02,7.488814786351061237e-02,7.472813331823258132e-02,5.510012136165807345e-02,5.004721542058342826e-02,6.965573397835196634e-02,7.714111813386834160e-02,7.809640876437945467e-02,5.716820376332779063e-02,-4.641343407704628769e-03,-2.652754518096655644e-03,-2.835297183166955205e-03,-2.659115674599964521e-03,-2.542752252981054194e-03,-2.539783276975100292e-03,-2.412458540294788213e-03,-2.845915737699613278e-03,-2.218767825650816341e-03,-1.073162360250456970e-03,-4.724971216852460153e-03,-2.762776594884074500e-03,-2.583514035627032870e-03,-2.427047397543967682e-03,-2.324562290679049476e-03,-2.296536427912696226e-03,-2.156320966880773994e-03,-2.831638568446940164e-03,-2.218767825650816341e-03,-1.073162360250456970e-03
clo,-4.099999999999999912e-04,-4.200000000000000174e-04,-4.200000000000000174e-04,-4.400000000000000157e-04,-4.499999999999999877e-04,-5.199999999999999544e-04,-4.699999999999999859e-04,-4.899999999999999842e-04,-5.100000000000000366e-04,-5.400000000000000069e-04,-5.500000000000000331e-04,-4.099999999999999912e-04,-4.200000000000000174e-04,-4.200000000000000174e-04,-4.400000000000000157e-04,-4.499999999999999877e-04,-5.199999999999999544e-04,-4.699999999999999859e-04,-4.899999999999999842e-04,-5.100000000000000366e-04,-5.400000000000000069e-04,-5.500000000000000331e-04,-4.800000000000000122e-04,-4.899999999999999842e-04,-5.100000000000000366e-04,-5.199999999999999544e-04,-5.299999999999999807e-04,-4.800000000000000122e-04,-4.899999999999999842e-04,-5.100000000000000366e-04,-5.199999999999999544e-04,-5.299999999999999807e-04,-3.899999999999999929e-04,-4.400000000000000157e-04,-4.499999999999999877e-04,-4.499999999999999877e-04,-4.600000000000000139e-04,-4.699999999999999859e-04,-4.800000000000000122e-04,-5.000000000000000104e-04,-5.199999999999999544e-04,-5.400000000000000069e-04,-3.899999999999999929e-04,-4.400000000000000157e-04,-4.499999999999999877e-04,-4.499999999999999877e-04,-4.600000000000000139e-04,-4.699999999999999859e-04,-4.800000000000000122e-04,-5.000000000000000104e-04,-5.199999999999999544e-04,-5.400000000000000069e-04
clo*c/cref,-9.545330949568817981e-04,-8.676047373274871615e-04,-7.573950846991441910e-04,-6.780037859789344364e-04,-5.753614072839645117e-04,-3.702363486336499141e-04,-5.055296487452877463e-04,-4.567610707525037090e-04,-4.022577863348812091e-04,-3.484719853738250071e-04,-2.760424790072322056e-04,-9.545330949568817981e-04,-8.676047373274871615e-04,-7.573950846991441910e-04,-6.780037859789344364e-04,-5.753614072839645117e-04,-3.702363486336499141e-04,-5.055296487452877463e-04,-4.567610707525037090e-04,-4.022577863348812091e-04,-3.484719853738250071e-04,-2.760424790072322056e-04,-3.000207743459478945e-04,-2.723532528677981789e-04,-2.481673515944796430e-04,-2.170388143737764404e-04,-1.845258708560519297e-04,-3.000207743459478945e-04,-2.723532528677981789e-04,-2.481673515944796430e-04,-2.170388143737764404e-04,-1.845258708560519297e-04,-5.435807594609024743e-04,-5.378857087384923642e-04,-4.926192017085444198e-04,-4.351280194799941816e-04,-3.860283948420082214e-04,-3.362529972333230918e-04,-2.859210121830860446e-04,-2.379528208778941025e-04,-1.851941042276764732e-04,-1.276448622324332109e-04,-5.435807594609024743e-04,-5.378857087384923642e-04,-4.926192017085444198e-04,-4.351280194799941816e-04,-3.860283948420082214e-04,-3.362529972333230918e-04,-2.859210121830860446e-04,-2.379528208778941025e-04,-1.851941042276764732e-04,-1.276448622324332109e-04
cmx,2.089999999999999844e-03,6.490000000000000109e-03,1.388999999999999957e-02,2.659999999999999865e-02,5.346999999999999670e-02,3.568999999999999950e-02,1.105000000000000010e-01,2.039600000000000024e-01,3.555200000000000027e-01,6.183100000000000263e-01,8.887500000000000400e-01,-2.089999999999999844e-03,-6.490000000000000109e-03,-1.388999999999999957e-02,-2.659999999999999865e-02,-5.498000000000000109e-02,-1.027099999999999957e-01,-1.108299999999999980e-01,-2.039600000000000024e-01,-3.555200000000000027e-01,-6.183100000000000263e-01,-8.887500000000000400e-01,6.503000000000000447e-02,1.380300000000000138e-01,2.321600000000000052e-01,3.586199999999999943e-01,4.262900000000000023e-01,-6.819999999999999674e-02,-1.425299999999999900e-01,-2.391399999999999915e-01,-3.747900000000000120e-01,-4.422900000000000165e-01,-1.379999999999999933e-03,-1.830000000000000029e-03,-3.360000000000000139e-03,-5.159999999999999656e-03,-7.929999999999999549e-03,-1.448999999999999941e-02,-2.718999999999999889e-02,-6.397999999999999521e-02,-1.081899999999999945e-01,-1.396000000000000019e-01,1.410000000000000012e-03,1.899999999999999996e-03,3.059999999999999786e-03,4.709999999999999777e-03,7.259999999999999960e-03,1.308999999999999921e-02,2.434000000000000052e-02,6.370000000000000662e-02,1.081899999999999945e-01,1.396000000000000019e-01
cmx*c/cref,4.865790654780202326e-03,1.340655891727474125e-02,2.504813744397883790e-02,4.098841069781739010e-02,6.836572099438574524e-02,2.541102938987493606e-02,1.188532472050091437e-01,1.901244652871033891e-01,2.804131141132881755e-01,3.990068764379439692e-01,4.460595513048684069e-01,-4.865790654780202326e-03,-1.340655891727474125e-02,-2.504813744397883790e-02,-4.098841069781739010e-02,-7.029637816104972181e-02,-7.312879878492728469e-02,-1.192081935541281779e-01,-1.901244652871033891e-01,-2.804131141132881755e-01,-3.990068764379439692e-01,-4.460595513048684069e-01,4.064656449107706404e-02,7.672024386396364415e-02,1.129696712670086034e-01,1.496816530975456083e-01,1.484179877117478841e-01,-4.262795168832009263e-02,-7.922144720662707695e-02,-1.163661577653016671e-01,-1.564307254598993890e-01,-1.539885800394777404e-01,-1.923439610400116398e-03,-2.237115561344184267e-03,-3.678223372757131581e-03,-4.989467956703933123e-03,-6.654793850211141067e-03,-1.036660836151244956e-02,-1.619623400262105994e-02,-3.044844295953532537e-02,-3.853105795460061433e-02,-3.299856068082903521e-02,1.965253514974032306e-03,2.322688287734399077e-03,3.349810571618101751e-03,4.554339937223939212e-03,6.092535101202129627e-03,9.365003688902551540e-03,1.449857799278398904e-02,3.031518937984371137e-02,3.853105795460061433e-02,3.299856068082903521e-02
cmxi,2.089999999999999844e-03,6.490000000000000109e-03,1.388999999999999957e-02,2.659999999999999865e-02,5.346999999999999670e-02,3.568999999999999950e-02,1.105000000000000010e-01,2.039600000000000024e-01,3.555200000000000027e-01,6.183100000000000263e-01,8.887500000000000400e-01,-2.089999999999999844e-03,-6.490000000000000109e-03,-1.388999999999999957e-02,-2.659999999999999865e-02,-5.498000000000000109e-02,-1.027099999999999957e-01,-1.108299999999999980e-01,-2.039600000000000024e-01,-3.555200000000000027e-01,-6.183100000000000263e-01,-8.887500000000000400e-01,6.503000000000000447e-02,1.380300000000000138e-01,2.321600000000000052e-01,3.586199999999999943e-01,4.262900000000000023e-01,-6.819999999999999674e-02,-1.425299999999999900e-01,-2.391399999999999915e-01,-3.747900000000000120e-01,-4.422900000000000165e-01,-1.389999999999999960e-03,-1.830000000000000029e-03,-3.360000000000000139e-03,-5.159999999999999656e-03,-7.929999999999999549e-03,-1.448999999999999941e-02,-2.718999999999999889e-02,-6.397999999999999521e-02,-1.081899999999999945e-01,-1.396000000000000019e-01,1.420000000000000038e-03,1.899999999999999996e-03,3.059999999999999786e-03,4.709999999999999777e-03,7.259999999999999960e-03,1.308999999999999921e-02,2.434000000000000052e-02,6.370000000000000662e-02,1.081899999999999945e-01,1.396000000000000019e-01
cmxi*c/cref,4.865790654780202326e-03,1.340655891727474125e-02,2.504813744397883790e-02,4.098841069781739010e-02,6.836572099438574524e-02,2.541102938987493606e-02,1.188532472050091437e-01,1.901244652871033891e-01,2.804131141132881755e-01,3.990068764379439692e-01,4.460595513048684069e-01,-4.865790654780202326e-03,-1.340655891727474125e-02,-2.504813744397883790e-02,-4.098841069781739010e-02,-7.029637816104972181e-02,-7.312879878492728469e-02,-1.192081935541281779e-01,-1.901244652871033891e-01,-2.804131141132881755e-01,-3.990068764379439692e-01,-4.460595513048684069e-01,4.064656449107706404e-02,7.672024386396364415e-02,1.129696712670086034e-01,1.496816530975456083e-01,1.484179877117478841e-01,-4.262795168832009263e-02,-7.922144720662707695e-02,-1.163661577653016671e-01,-1.564307254598993890e-01,-1.539885800394777404e-01,-1.937377578591421628e-03,-2.237115561344184267e-03,-3.678223372757131581e-03,-4.989467956703933123e-03,-6.654793850211141067e-03,-1.036660836151244956e-02,-1.619623400262105994e-02,-3.044844295953532537e-02,-3.853105795460061433e-02,-3.299856068082903521e-02,1.979191483165337537e-03,2.322688287734399077e-03,3.349810571618101751e-03,4.554339937223939212e-03,6.092535101202129627e-03,9.365003688902551540e-03,1.449857799278398904e-02,3.031518937984371137e-02,3.853105795460061433e-02,3.299856068082903521e-02
cmxo,0.000000000000000000e+00,0.000000000000000000e+00,0.000000000000000000e+00,0.000000000000000000e+00,0.000000000000000000e+00,0.000000000000000000e+00,0.000000000000000000e+00,0.000000000000000000e+00,0.000000000000000000e+00,0.000000000000000000e+00,0.000000000000000000e+00,-0.000000000000000000e+00,-0.000000000000000000e+00,-0.000000000000000000e+00,-0.000000000000000000e+00,-0.000000000000000000e+00,-0.000000000000000000e+00,-0.000000000000000000e+00,0.000000000000000000e+00,0.000000000000000000e+00,0.000000000000000000e+00,0.000000000000000000e+00,0.000000000000000000e+00,0.000000000000000000e+00,0.000000000000000000e+00,0.000000000000000000e+00,0.000000000000000000e+00,-0.000000000000000000e+00,0.000000000000000000e+00,0.000000000000000000e+00,0.000000000000000000e+00,0.000000000000000000e+00,2.000000000000000164e-05,0.000000000000000000e+00,0.000000000000000000e+00,0.000000000000000000e+00,0.000000000000000000e+00,0.000000000000000000e+00,0.000000000000000000e+00,0.000000000000000000e+00,0.000000000000000000e+00,0.000000000000000000e+00,-2.000000000000000164e-05,-0.000000000000000000e+00,-0.000000000000000000e+00,-0.000000000000000000e+00,-0.000000000000000000e+00,-0.000000000000000000e+00,-0.000000000000000000e+00,-0.000000000000000000e+00,-0.000000000000000000e+00,-0.000000000000000000e+00
cmxo*c/cref,0.000000000000000000e+00,0.000000000000000000e+00,0.000000000000000000e+00,0.000000000000000000e+00,0.000000000000000000e+00,0.000000000000000000e+00,0.000000000000000000e+00,0.000000000000000000e+00,0.000000000000000000e+00,0.000000000000000000e+00,0.000000000000000000e+00,-0.000000000000000000e+00,-0.000000000000000000e+00,-0.000000000000000000e+00,-0.000000000000000000e+00,-0.000000000000000000e+00,-0.000000000000000000e+00,-0.000000000000000000e+00,0.000000000000000000e+00,0.000000000000000000e+00,0.000000000000000000e+00,0.000000000000000000e+00,0.000000000000000000e+00,0.000000000000000000e+00,0.000000000000000000e+00,0.000000000000000000e+00,0.000000000000000000e+00,-0.000000000000000000e+00,0.000000000000000000e+00,0.000000000000000000e+00,0.000000000000000000e+00,0.000000000000000000e+00,2.787593638261038660e-05,0.000000000000000000e+00,0.000000000000000000e+00,0.000000000000000000e+00,0.000000000000000000e+00,0.000000000000000000e+00,0.000000000000000000e+00,0.000000000000000000e+00,0.000000000000000000e+00,0.000000000000000000e+00,-2.787593638261038660e-05,-0.000000000000000000e+00,-0.000000000000000000e+00,-0.000000000000000000e+00,-0.000000000000000000e+00,-0.000000000000000000e+00,-0.000000000000000000e+00,-0.000000000000000000e+00,-0.000000000000000000e+00,-0.000000000000000000e+00
cmy,-5.400000000000000286e-03,-1.567999999999999949e-02,-2.981999999999999929e-02,-5.269999999999999685e-02,-9.740000000000000047e-02,-5.983000000000000124e-02,-1.864999999999999991e-01,-2.913899999999999824e-01,-4.600799999999999890e-01,-7.512499999999999734e-01,-1.003749999999999920e+00,-5.400000000000000286e-03,-1.567999999999999949e-02,-2.981999999999999929e-02,-5.269999999999999685e-02,-1.027099999999999957e-01,-2.912399999999999989e-01,-1.876099999999999990e-01,-2.913899999999999824e-01,-4.600799999999999890e-01,-7.512499999999999734e-01,-1.003749999999999920e+00,-2.632399999999999740e-01,-4.939899999999999847e-01,-7.492400000000000171e-01,-1.058349999999999902e+00,-1.150940000000000074e+00,-2.761600000000000166e-01,-5.093499999999999694e-01,-7.702200000000000157e-01,-1.106249999999999956e+00,-1.193270000000000053e+00,3.870000000000000176e-03,2.929999999999999879e-03,4.239999999999999845e-03,5.320000000000000076e-03,7.020000000000000198e-03,1.013999999999999971e-02,1.545000000000000019e-02,3.109999999999999917e-02,4.716000000000000053e-02,6.135000000000000175e-02,4.230000000000000253e-03,3.200000000000000153e-03,3.910000000000000281e-03,4.899999999999999842e-03,6.429999999999999952e-03,9.159999999999999740e-03,1.388999999999999957e-02,3.098000000000000059e-02,4.716000000000000053e-02,6.135000000000000175e-02
cmy*c/cref,-1.257189929943210160e-02,-3.239057686022618621e-02,-5.377505101363923290e-02,-8.120636254793145437e-02,-1.245337801543514450e-01,-4.259853988221399407e-02,-2.005984670021195015e-01,-2.716236906256572770e-01,-3.628838477195139856e-01,-4.847955166890481893e-01,-5.037775241881987665e-01,-1.257189929943210160e-02,-3.239057686022618621e-02,-5.377505101363923290e-02,-8.120636254793145437e-02,-1.313230447603022100e-01,-2.073608349539696472e-01,-2.017923774491562627e-01,-2.716236906256572770e-01,-3.628838477195139856e-01,-4.847955166890481893e-01,-5.037775241881987665e-01,-1.645363929975569017e-01,-2.745709864982930903e-01,-3.645821696247997790e-01,-4.417365946009351729e-01,-4.007135958548385113e-01,-1.726119521737020102e-01,-2.831084272412510150e-01,-3.747910932256864336e-01,-4.617292084634426752e-01,-4.154512941818888638e-01,5.393993690035109485e-03,3.581829833190415015e-03,4.641567589431618186e-03,5.144180141407931305e-03,5.891128982154125206e-03,7.254479557331694126e-03,9.203082579643081379e-03,1.480066545860501265e-02,1.679568068341773593e-02,1.450187462585144152e-02,5.895760544922096918e-03,3.911896063552672449e-03,4.280313508178685764e-03,4.738060656559937162e-03,5.396005606161114951e-03,6.553356286504764990e-03,8.273839290048051395e-03,1.474355678159431846e-02,1.679568068341773593e-02,1.450187462585144152e-02
cmyi,-5.459999999999999576e-03,-1.574000000000000052e-02,-2.988000000000000031e-02,-5.276000000000000134e-02,-9.746000000000000496e-02,-5.994000000000000022e-02,-1.865400000000000114e-01,-2.913799999999999724e-01,-4.599800000000000000e-01,-7.510200000000000209e-01,-1.003319999999999990e+00,-5.459999999999999576e-03,-1.574000000000000052e-02,-2.988000000000000031e-02,-5.276000000000000134e-02,-1.027700000000000002e-01,-2.913499999999999979e-01,-1.876500000000000112e-01,-2.913799999999999724e-01,-4.599800000000000000e-01,-7.510200000000000209e-01,-1.003319999999999990e+00,-2.632700000000000040e-01,-4.939700000000000202e-01,-7.491299999999999626e-01,-1.058130000000000015e+00,-1.150570000000000093e+00,-2.761899999999999911e-01,-5.093199999999999950e-01,-7.701099999999999612e-01,-1.106039999999999912e+00,-1.192890000000000006e+00,3.880000000000000202e-03,2.690000000000000117e-03,3.769999999999999914e-03,4.570000000000000277e-03,5.879999999999999810e-03,8.210000000000000284e-03,1.203000000000000076e-02,2.534000000000000141e-02,3.728999999999999676e-02,4.272000000000000103e-02,4.239999999999999845e-03,2.949999999999999931e-03,3.439999999999999915e-03,4.139999999999999583e-03,5.300000000000000024e-03,7.230000000000000315e-03,1.046000000000000055e-02,2.521999999999999936e-02,3.728999999999999676e-02,4.272000000000000103e-02
cmyi*c/cref,-1.271158706942579139e-02,-3.251452039413011558e-02,-5.388325031145339838e-02,-8.129881760965586290e-02,-1.246104950086559804e-01,-4.267685910980957564e-02,-2.006414908020127397e-01,-2.716143689711520981e-01,-3.628049736437620743e-01,-4.846470934360185834e-01,-5.035617091591567673e-01,-1.271158706942579139e-02,-3.251452039413011558e-02,-5.388325031145339838e-02,-8.129881760965586290e-02,-1.313997596146067592e-01,-2.074391541815652218e-01,-2.018354012490494731e-01,-2.716143689711520981e-01,-3.628049736437620743e-01,-4.846470934360185834e-01,-5.035617091591567673e-01,-1.645551442959535260e-01,-2.745598700389923486e-01,-3.645286433332793896e-01,-4.416447704871617197e-01,-4.005847759072597714e-01,-1.726307034720986344e-01,-2.830917525522999023e-01,-3.747375669341660442e-01,-4.616415581730224926e-01,-4.153189926141052646e-01,5.407931658226414716e-03,3.288437628423964733e-03,4.127054200980471640e-03,4.418966775607941454e-03,4.934449916676104421e-03,5.873695972948048474e-03,7.165895367838594036e-03,1.205944896209167408e-02,1.328055412817318384e-02,1.009812687883249530e-02,5.909698513113401282e-03,3.606279183587619494e-03,3.765800119727539218e-03,4.003177779215946232e-03,4.447718462310094531e-03,5.172572702121119338e-03,6.230695390489750414e-03,1.200234028508097815e-02,1.328055412817318384e-02,1.009812687883249530e-02
cmyo,6.000000000000000152e-05,6.000000000000000152e-05,6.000000000000000152e-05,6.000000000000000152e-05,6.000000000000000152e-05,1.100000000000000039e-04,4.000000000000000327e-05,-2.000000000000000164e-05,-1.000000000000000048e-04,-2.300000000000000070e-04,-4.299999999999999894e-04,6.000000000000000152e-05,6.000000000000000152e-05,6.000000000000000152e-05,6.000000000000000152e-05,6.000000000000000152e-05,1.100000000000000039e-04,4.000000000000000327e-05,-2.000000000000000164e-05,-1.000000000000000048e-04,-2.300000000000000070e-04,-4.299999999999999894e-04,3.000000000000000076e-05,-3.000000000000000076e-05,-1.100000000000000039e-04,-2.200000000000000078e-04,-3.699999999999999947e-04,3.000000000000000076e-05,-3.000000000000000076e-05,-1.100000000000000039e-04,-2.200000000000000078e-04,-3.699999999999999947e-04,-1.000000000000000082e-05,2.500000000000000052e-04,4.699999999999999859e-04,7.500000000000000156e-04,1.139999999999999954e-03,1.940000000000000101e-03,3.419999999999999863e-03,5.769999999999999955e-03,9.870000000000000301e-03,1.863000000000000073e-02,-1.000000000000000082e-05,2.500000000000000052e-04,4.699999999999999859e-04,7.500000000000000156e-04,1.139999999999999954e-03,1.940000000000000101e-03,3.419999999999999863e-03,5.769999999999999955e-03,9.870000000000000301e-03,1.863000000000000073e-02
cmyo*c/cref,1.396877699936900305e-04,1.239435339039267412e-04,1.081992978141634520e-04,9.245506172440014919e-05,7.671485430452860607e-05,7.831922759557979994e-05,4.302379989321598576e-05,-1.864330901030627626e-05,-7.887407575193749597e-05,-1.484232530295921367e-04,-2.158150290420179018e-04,1.396877699936900305e-04,1.239435339039267412e-04,1.081992978141634520e-04,9.245506172440014919e-05,7.671485430452860607e-05,7.831922759557979994e-05,4.302379989321598576e-05,-1.864330901030627626e-05,-7.887407575193749597e-05,-1.484232530295921367e-04,-2.158150290420179018e-04,1.875129839662174341e-05,-1.667468895108968304e-05,-5.352629152037795545e-05,-9.182411377352081734e-05,-1.288199475787532165e-04,1.875129839662174341e-05,-1.667468895108968304e-05,-5.352629152037795545e-05,-9.182411377352081734e-05,-1.288199475787532165e-04,-1.393796819130519330e-05,3.056168799650525215e-04,5.145133884511463290e-04,7.252133657999903929e-04,9.566790654780203511e-04,1.387937903473716742e-03,2.037187211804487776e-03,2.745975552930898008e-03,3.515126555244551653e-03,4.403747747018946224e-03,-1.393796819130519330e-05,3.056168799650525215e-04,5.145133884511463290e-04,7.252133657999903929e-04,9.566790654780203511e-04,1.387937903473716742e-03,2.037187211804487776e-03,2.745975552930898008e-03,3.515126555244551653e-03,4.403747747018946224e-03
cmz,5.000000000000000240e-05,3.699999999999999947e-04,8.300000000000000086e-04,1.629999999999999939e-03,3.370000000000000166e-03,-7.500000000000000156e-04,6.930000000000000396e-03,1.065999999999999934e-02,1.693000000000000060e-02,2.816000000000000100e-02,3.543000000000000316e-02,-5.000000000000000240e-05,-3.699999999999999947e-04,-8.300000000000000086e-04,-1.629999999999999939e-03,-3.650000000000000033e-03,-1.136000000000000031e-02,-6.980000000000000093e-03,-1.065999999999999934e-02,-1.693000000000000060e-02,-2.816000000000000100e-02,-3.543000000000000316e-02,1.142999999999999919e-02,2.378999999999999865e-02,3.708000000000000185e-02,5.278000000000000053e-02,5.405999999999999694e-02,-1.221000000000000037e-02,-2.472999999999999851e-02,-3.835000000000000214e-02,-5.568000000000000033e-02,-5.661999999999999672e-02,3.529999999999999805e-02,2.364000000000000129e-02,3.370000000000000079e-02,4.089999999999999886e-02,5.296000000000000013e-02,7.441000000000000392e-02,1.098299999999999971e-01,2.349799999999999944e-01,3.461199999999999832e-01,3.923599999999999866e-01,-3.871000000000000135e-02,-2.616999999999999882e-02,-3.056999999999999995e-02,-3.688000000000000306e-02,-4.737999999999999851e-02,-6.508999999999999508e-02,-9.493999999999999662e-02,-2.338200000000000001e-01,-3.461500000000000132e-01,-3.923599999999999866e-01
cmz*c/cref,1.164064749947416830e-04,7.643184590742148907e-04,1.496756953095927829e-03,2.511695843512870216e-03,4.308817650104357008e-03,-5.339947336062258803e-04,7.453873331499669477e-03,9.936883702493244652e-03,1.335338102480301652e-02,1.817216871875354176e-02,1.778215460222952113e-02,-1.164064749947416830e-04,-7.643184590742148907e-04,-1.496756953095927829e-03,-2.511695843512870216e-03,-4.666820303525490675e-03,-8.088240231688968371e-03,-7.507653081366188509e-03,-9.936883702493244652e-03,-1.335338102480301652e-02,-1.817216871875354176e-02,-1.778215460222952113e-02,7.144244689112883191e-03,1.322302833821411769e-02,1.804322626886922451e-02,2.202943965893831152e-02,1.882163882731729618e-02,-7.631778447425048920e-03,-1.374550192534826180e-02,-1.866121163460449789e-02,-2.323984843140744841e-02,-1.971293359975407472e-02,4.920102771530732860e-02,2.889913216949536665e-02,3.689170466128432330e-02,3.954830221495947429e-02,4.444361693659294732e-02,5.323528834921611302e-02,6.542230160014236851e-02,1.118283076997751146e-01,1.232680449140065027e-01,9.274581138058796137e-02,-5.395387486854240355e-02,-3.199197499474169121e-02,-3.346526443606711448e-02,-3.566115857427153146e-02,-3.976092466872684084e-02,-4.656746295727021145e-02,-5.655279353471288906e-02,-1.112762571553383983e-01,-1.232787291892504244e-01,-9.274581138058796137e-02
cmzi,2.900000000000000017e-04,8.300000000000000086e-04,1.569999999999999998e-03,2.759999999999999867e-03,5.109999999999999959e-03,3.139999999999999996e-03,9.780000000000000498e-03,1.527000000000000059e-02,2.410999999999999949e-02,3.935999999999999915e-02,5.258000000000000174e-02,-2.900000000000000017e-04,-8.300000000000000086e-04,-1.569999999999999998e-03,-2.759999999999999867e-03,-5.389999999999999826e-03,-1.527000000000000059e-02,-9.830000000000000196e-03,-1.527000000000000059e-02,-2.410999999999999949e-02,-3.935999999999999915e-02,-5.258000000000000174e-02,1.609999999999999973e-02,3.021000000000000074e-02,4.581999999999999962e-02,6.471999999999999975e-02,7.037000000000000199e-02,-1.688999999999999876e-02,-3.115000000000000061e-02,-4.710000000000000298e-02,-6.765000000000000180e-02,-7.295999999999999708e-02,3.692999999999999755e-02,2.555999999999999939e-02,3.588999999999999829e-02,4.343999999999999945e-02,5.596999999999999892e-02,7.807000000000000051e-02,1.144400000000000001e-01,2.410700000000000065e-01,3.547799999999999843e-01,4.064200000000000035e-01,-4.034000000000000086e-02,-2.809000000000000039e-02,-3.275999999999999746e-02,-3.941999999999999671e-02,-5.038999999999999729e-02,-6.875000000000000555e-02,-9.954999999999999960e-02,-2.399199999999999944e-01,-3.548100000000000143e-01,-4.064200000000000035e-01
cmzi*c/cref,6.751575549695017914e-04,1.714552219004319934e-03,2.831214959470610467e-03,4.252932839322405914e-03,6.533548424935686598e-03,2.235657951364732488e-03,1.051931907389130720e-02,1.423416642936884205e-02,1.901653966379212787e-02,2.539973582280324188e-02,2.638966099309139959e-02,-6.751575549695017914e-04,-1.714552219004319934e-03,-2.831214959470610467e-03,-4.252932839322405914e-03,-6.891551078356820265e-03,-1.087213277622275931e-02,-1.057309882375782710e-02,-1.423416642936884205e-02,-1.901653966379212787e-02,-2.539973582280324188e-02,-2.638966099309139959e-02,1.006319680618700078e-02,1.679141177374731189e-02,2.229613343148834428e-02,2.701298474282848652e-02,2.450016138139693433e-02,-1.055698099729803982e-02,-1.731388536088145427e-02,-2.291898482372546966e-02,-2.823591498535765049e-02,-2.540190101444820409e-02,5.147291653049006904e-02,3.124626980762696543e-02,3.928911810959923728e-02,4.200435814713544130e-02,4.696958534631999471e-02,5.585376913618198685e-02,6.816833465465076125e-02,1.147265730580678683e-01,1.263522390344135882e-01,9.606930538612132309e-02,-5.622576368372514399e-02,-3.433911263287330040e-02,-3.586267788438202847e-02,-3.811721450644749154e-02,-4.228689307845389517e-02,-4.918594374423609916e-02,-5.929882658922128180e-02,-1.141792815700486963e-01,-1.263629233096574822e-01,-9.606930538612132309e-02
cmzo,-2.400000000000000061e-04,-4.499999999999999877e-04,-7.399999999999999894e-04,-1.139999999999999954e-03,-1.729999999999999984e-03,-3.889999999999999795e-03,-2.850000000000000103e-03,-4.610000000000000382e-03,-7.179999999999999750e-03,-1.119999999999999989e-02,-1.714999999999999858e-02,2.400000000000000061e-04,4.499999999999999877e-04,7.399999999999999894e-04,1.139999999999999954e-03,1.729999999999999984e-03,3.910000000000000281e-03,2.850000000000000103e-03,4.610000000000000382e-03,7.179999999999999750e-03,1.119999999999999989e-02,1.714999999999999858e-02,-4.680000000000000132e-03,-6.420000000000000359e-03,-8.739999999999999505e-03,-1.193999999999999923e-02,-1.631000000000000158e-02,4.680000000000000132e-03,6.429999999999999952e-03,8.750000000000000833e-03,1.196999999999999974e-02,1.634000000000000036e-02,-1.629999999999999939e-03,-1.920000000000000049e-03,-2.190000000000000106e-03,-2.540000000000000157e-03,-3.010000000000000089e-03,-3.660000000000000059e-03,-4.610000000000000382e-03,-6.100000000000000387e-03,-8.659999999999999296e-03,-1.405999999999999958e-02,1.629999999999999939e-03,1.920000000000000049e-03,2.190000000000000106e-03,2.540000000000000157e-03,3.010000000000000089e-03,3.660000000000000059e-03,4.610000000000000382e-03,6.100000000000000387e-03,8.659999999999999296e-03,1.405999999999999958e-02
cmzo*c/cref,-5.587510799747601219e-04,-9.295765042794504373e-04,-1.334458006374682638e-03,-1.756646172763602631e-03,-2.211944965780574847e-03,-2.769652684970958043e-03,-3.065445742391638591e-03,-4.297282726875596530e-03,-5.663158638989111357e-03,-7.227567104049703595e-03,-8.607506390861876730e-03,5.587510799747601219e-04,9.295765042794504373e-04,1.334458006374682638e-03,1.756646172763602631e-03,2.211944965780574847e-03,2.783892544533791372e-03,3.065445742391638591e-03,4.297282726875596530e-03,5.663158638989111357e-03,7.227567104049703595e-03,8.607506390861876730e-03,-2.925202549872991768e-03,-3.568383435533192469e-03,-4.252907162619120642e-03,-4.983545083890175004e-03,-5.678522554079636422e-03,2.925202549872991768e-03,3.573941665183555556e-03,4.257773189120973509e-03,4.996066553950200342e-03,5.688967414694129365e-03,-2.271888815182746078e-03,-2.347137638131603123e-03,-2.397413448314916155e-03,-2.456055932175967450e-03,-2.525968409727053898e-03,-2.618480786965877733e-03,-2.746033054508389276e-03,-2.903024414710308337e-03,-3.084194120407073372e-03,-3.323494005533353911e-03,2.271888815182746078e-03,2.347137638131603123e-03,2.397413448314916155e-03,2.456055932175967450e-03,2.525968409727053898e-03,2.618480786965877733e-03,2.746033054508389276e-03,2.903024414710308337e-03,3.084194120407073372e-03,3.323494005533353911e-03
cs,2.109999999999999896e-03,3.589999999999999875e-03,4.810000000000000039e-03,6.139999999999999625e-03,8.389999999999999888e-03,2.880000000000000181e-03,1.098999999999999977e-02,1.299999999999999940e-02,1.520999999999999956e-02,1.793000000000000149e-02,1.711000000000000021e-02,-2.109999999999999896e-03,-3.589999999999999875e-03,-4.810000000000000039e-03,-6.139999999999999625e-03,-8.609999999999999598e-03,-8.309999999999999679e-03,-1.102999999999999987e-02,-1.299999999999999940e-02,-1.520999999999999956e-02,-1.793000000000000149e-02,-1.711000000000000021e-02,4.680000000000000132e-03,7.450000000000000025e-03,9.450000000000000067e-03,1.098999999999999977e-02,9.719999999999999474e-03,-4.919999999999999894e-03,-7.689999999999999787e-03,-9.730000000000000801e-03,-1.149000000000000021e-02,-1.008000000000000042e-02,3.178999999999999881e-02,2.069000000000000006e-02,2.469999999999999973e-02,2.625999999999999862e-02,2.889999999999999861e-02,3.389000000000000346e-02,3.862999999999999767e-02,5.709999999999999798e-02,5.952999999999999958e-02,4.336999999999999883e-02,-3.237000000000000294e-02,-2.161000000000000074e-02,-2.249999999999999917e-02,-2.399000000000000091e-02,-2.645000000000000129e-02,-3.060999999999999832e-02,-3.459999999999999881e-02,-5.686000000000000082e-02,-5.952999999999999958e-02,-4.336999999999999883e-02
cs*c/cref,4.912353244778098343e-03,7.415954778584949759e-03,8.673977041435436061e-03,9.461234649796947810e-03,1.072729379358325005e-02,2.050539777047907450e-03,1.182078902066109084e-02,1.211815085669907741e-02,1.199674692186969253e-02,1.157056055139385649e-02,8.587430574206805431e-03,-4.912353244778098343e-03,-7.415954778584949759e-03,-8.673977041435436061e-03,-9.461234649796947810e-03,-1.100858159269985440e-02,-5.916661648356982828e-03,-1.186381282055430642e-02,-1.211815085669907741e-02,-1.199674692186969253e-02,-1.157056055139385649e-02,-8.587430574206805431e-03,2.925202549872991768e-03,4.140881089520604373e-03,4.598395044250651667e-03,4.587031865322699006e-03,3.384134839095895644e-03,-3.075212937045965472e-03,-4.274278601129321946e-03,-4.734643786302523277e-03,-4.795723032989791454e-03,-3.509473166469817898e-03,4.430880088015920482e-02,2.529285298590774542e-02,2.703932062711343620e-02,2.539213731454366060e-02,2.425265350203051340e-02,2.424598739624962002e-02,2.301068479298461200e-02,2.717421214425550652e-02,2.120116350898765614e-02,1.025177347226042396e-02,-4.511720303525491166e-02,-2.641752310417913932e-02,-2.463096008542721774e-02,-2.319715819405569063e-02,-2.219663270341547257e-02,-2.189937073470642551e-02,-2.061013962819745193e-02,-2.705999479023411813e-02,-2.120116350898765614e-02,-1.025177347226042396e-02
csi,2.109999999999999896e-03,3.589999999999999875e-03,4.810000000000000039e-03,6.139999999999999625e-03,8.410000000000000808e-03,2.880000000000000181e-03,1.098999999999999977e-02,1.299999999999999940e-02,1.520999999999999956e-02,1.793000000000000149e-02,1.711000000000000021e-02,-2.109999999999999896e-03,-3.589999999999999875e-03,-4.810000000000000039e-03,-6.139999999999999625e-03,-8.630000000000000518e-03,-8.309999999999999679e-03,-1.102999999999999987e-02,-1.299999999999999940e-02,-1.520999999999999956e-02,-1.793000000000000149e-02,-1.711000000000000021e-02,4.680000000000000132e-03,7.450000000000000025e-03,9.450000000000000067e-03,1.098999999999999977e-02,9.719999999999999474e-03,-4.919999999999999894e-03,-7.689999999999999787e-03,-9.730000000000000801e-03,-1.149000000000000021e-02,-1.008000000000000042e-02,3.178999999999999881e-02,2.069000000000000006e-02,2.469999999999999973e-02,2.625999999999999862e-02,2.889999999999999861e-02,3.389000000000000346e-02,3.862999999999999767e-02,5.709999999999999798e-02,5.952999999999999958e-02,4.336999999999999883e-02,-3.235999999999999988e-02,-2.161000000000000074e-02,-2.249999999999999917e-02,-2.399000000000000091e-02,-2.645000000000000129e-02,-3.060999999999999832e-02,-3.459999999999999881e-02,-5.686000000000000082e-02,-5.952999999999999958e-02,-4.336999999999999883e-02
csi*c/cref,4.912353244778098343e-03,7.415954778584949759e-03,8.673977041435436061e-03,9.461234649796947810e-03,1.075286541168476127e-02,2.050539777047907450e-03,1.182078902066109084e-02,1.211815085669907741e-02,1.199674692186969253e-02,1.157056055139385649e-02,8.587430574206805431e-03,-4.912353244778098343e-03,-7.415954778584949759e-03,-8.673977041435436061e-03,-9.461234649796947810e-03,-1.103415321080136562e-02,-5.916661648356982828e-03,-1.186381282055430642e-02,-1.211815085669907741e-02,-1.199674692186969253e-02,-1.157056055139385649e-02,-8.587430574206805431e-03,2.925202549872991768e-03,4.140881089520604373e-03,4.598395044250651667e-03,4.587031865322699006e-03,3.384134839095895644e-03,-3.075212937045965472e-03,-4.274278601129321946e-03,-4.734643786302523277e-03,-4.795723032989791454e-03,-3.509473166469817898e-03,4.430880088015920482e-02,2.529285298590774542e-02,2.703932062711343620e-02,2.539213731454366060e-02,2.425265350203051340e-02,2.424598739624962002e-02,2.301068479298461200e-02,2.717421214425550652e-02,2.120116350898765614e-02,1.025177347226042396e-02,-4.510326506706360122e-02,-2.641752310417913932e-02,-2.463096008542721774e-02,-2.319715819405569063e-02,-2.219663270341547257e-02,-2.189937073470642551e-02,-2.061013962819745193e-02,-2.705999479023411813e-02,-2.120116350898765614e-02,-1.025177347226042396e-02
cso,0.000000000000000000e+00,0.000000000000000000e+00,0.000000000000000000e+00,0.000000000000000000e+00,-2.000000000000000164e-05,0.000000000000000000e+00,0.000000000000000000e+00,0.000000000000000000e+00,0.000000000000000000e+00,0.000000000000000000e+00,0.000000000000000000e+00,0.000000000000000000e+00,0.000000000000000000e+00,0.000000000000000000e+00,0.000000000000000000e+00,2.000000000000000164e-05,0.000000000000000000e+00,0.000000000000000000e+00,0.000000000000000000e+00,0.000000000000000000e+00,0.000000000000000000e+00,0.000000000000000000e+00,0.000000000000000000e+00,0.000000000000000000e+00,0.000000000000000000e+00,0.000000000000000000e+00,0.000000000000000000e+00,0.000000000000000000e+00,0.000000000000000000e+00,0.000000000000000000e+00,0.000000000000000000e+00,0.000000000000000000e+00,1.000000000000000082e-05,0.000000000000000000e+00,0.000000000000000000e+00,0.000000000000000000e+00,0.000000000000000000e+00,0.000000000000000000e+00,0.000000000000000000e+00,0.000000000000000000e+00,0.000000000000000000e+00,0.000000000000000000e+00,-1.000000000000000082e-05,0.000000000000000000e+00,0.000000000000000000e+00,0.000000000000000000e+00,0.000000000000000000e+00,0.000000000000000000e+00,0.000000000000000000e+00,0.000000000000000000e+00,0.000000000000000000e+00,0.000000000000000000e+00
cso*c/cref,0.000000000000000000e+00,0.000000000000000000e+00,0.000000000000000000e+00,0.000000000000000000e+00,-2.557161810150953988e-05,0.000000000000000000e+00,0.000000000000000000e+00,0.000000000000000000e+00,0.000000000000000000e+00,0.000000000000000000e+00,0.000000000000000000e+00,0.000000000000000000e+00,0.000000000000000000e+00,0.000000000000000000e+00,0.000000000000000000e+00,2.557161810150953988e-05,0.000000000000000000e+00,0.000000000000000000e+00,0.000000000000000000e+00,0.000000000000000000e+00,0.000000000000000000e+00,0.000000000000000000e+00,0.000000000000000000e+00,0.000000000000000000e+00,0.000000000000000000e+00,0.000000000000000000e+00,0.000000000000000000e+00,0.000000000000000000e+00,0.000000000000000000e+00,0.000000000000000000e+00,0.000000000000000000e+00,0.000000000000000000e+00,1.393796819130519330e-05,0.000000000000000000e+00,0.000000000000000000e+00,0.000000000000000000e+00,0.000000000000000000e+00,0.000000000000000000e+00,0.000000000000000000e+00,0.000000000000000000e+00,0.000000000000000000e+00,0.000000000000000000e+00,-1.393796819130519330e-05,0.000000000000000000e+00,0.000000000000000000e+00,0.000000000000000000e+00,0.000000000000000000e+00,0.000000000000000000e+00,0.000000000000000000e+00,0.000000000000000000e+00,0.000000000000000000e+00,0.000000000000000000e+00
cx,4.680000000000000132e-03,4.769999999999999934e-03,4.870000000000000197e-03,5.000000000000000104e-03,5.159999999999999656e-03,5.980000000000000072e-03,5.409999999999999878e-03,5.610000000000000403e-03,5.859999999999999758e-03,6.199999999999999782e-03,6.309999999999999637e-03,4.680000000000000132e-03,4.769999999999999934e-03,4.870000000000000197e-03,5.000000000000000104e-03,5.159999999999999656e-03,6.020000000000000177e-03,5.409999999999999878e-03,5.610000000000000403e-03,5.859999999999999758e-03,6.199999999999999782e-03,6.309999999999999637e-03,5.539999999999999786e-03,5.669999999999999693e-03,5.819999999999999653e-03,5.989999999999999665e-03,6.089999999999999927e-03,5.539999999999999786e-03,5.680000000000000153e-03,5.830000000000000113e-03,6.009999999999999717e-03,6.100000000000000387e-03,4.969999999999999592e-03,5.049999999999999802e-03,5.120000000000000419e-03,5.199999999999999761e-03,5.300000000000000024e-03,5.409999999999999878e-03,5.539999999999999786e-03,5.709999999999999798e-03,5.939999999999999968e-03,6.250000000000000347e-03,4.969999999999999592e-03,5.049999999999999802e-03,5.120000000000000419e-03,5.199999999999999761e-03,5.300000000000000024e-03,5.409999999999999878e-03,5.539999999999999786e-03,5.709999999999999798e-03,5.939999999999999968e-03,6.250000000000000347e-03
cx*c/cref,1.089564605950782243e-02,9.853510945362175047e-03,8.782176339249599811e-03,7.704588477033345179e-03,6.597477470189460312e-03,4.257718009286974581e-03,5.818968935557461246e-03,5.229448177390910377e-03,4.622020839063536654e-03,4.000974646884656975e-03,3.166960077337518248e-03,1.089564605950782243e-02,9.853510945362175047e-03,8.782176339249599811e-03,7.704588477033345179e-03,6.597477470189460312e-03,4.286197728412640372e-03,5.818968935557461246e-03,5.229448177390910377e-03,4.622020839063536654e-03,4.000974646884656975e-03,3.166960077337518248e-03,3.462739770576148297e-03,3.151516211755950054e-03,2.832027424078178805e-03,2.500120188651771061e-03,2.120306704742181466e-03,3.462739770576148297e-03,3.157074441406313575e-03,2.836893450580031673e-03,2.508467835358454620e-03,2.123788324947013025e-03,6.927170191078679644e-03,6.173460975294060328e-03,5.604911806106105225e-03,5.028146002879933102e-03,4.447718462310094531e-03,3.870486627728251128e-03,3.300005015613117956e-03,2.717421214425550478e-03,2.115486498293073659e-03,1.477371090653162387e-03,6.927170191078679644e-03,6.173460975294060328e-03,5.604911806106105225e-03,5.028146002879933102e-03,4.447718462310094531e-03,3.870486627728251128e-03,3.300005015613117956e-03,2.717421214425550478e-03,2.115486498293073659e-03,1.477371090653162387e-03
cxi,0.000000000000000000e+00,0.000000000000000000e+00,-0.000000000000000000e+00,-0.000000000000000000e+00,-0.000000000000000000e+00,0.000000000000000000e+00,-0.000000000000000000e+00,-0.000000000000000000e+00,-0.000000000000000000e+00,-0.000000000000000000e+00,-0.000000000000000000e+00,0.000000000000000000e+00,0.000000000000000000e+00,-0.000000000000000000e+00,-0.000000000000000000e+00,-0.000000000000000000e+00,0.000000000000000000e+00,-0.000000000000000000e+00,-0.000000000000000000e+00,-0.000000000000000000e+00,-0.000000000000000000e+00,-0.000000000000000000e+00,-0.000000000000000000e+00,-0.000000000000000000e+00,-0.000000000000000000e+00,-0.000000000000000000e+00,0.000000000000000000e+00,-0.000000000000000000e+00,-0.000000000000000000e+00,-0.000000000000000000e+00,-0.000000000000000000e+00,0.000000000000000000e+00,-0.000000000000000000e+00,0.000000000000000000e+00,0.000000000000000000e+00,0.000000000000000000e+00,0.000000000000000000e+00,0.000000000000000000e+00,-0.000000000000000000e+00,0.000000000000000000e+00,0.000000000000000000e+00,0.000000000000000000e+00,-0.000000000000000000e+00,0.000000000000000000e+00,0.000000000000000000e+00,0.000000000000000000e+00,0.000000000000000000e+00,0.000000000000000000e+00,-0.000000000000000000e+00,0.000000000000000000e+00,0.000000000000000000e+00,0.000000000000000000e+00
cxi*c/cref,0.000000000000000000e+00,0.000000000000000000e+00,-0.000000000000000000e+00,-0.000000000000000000e+00,-0.000000000000000000e+00,0.000000000000000000e+00,-0.000000000000000000e+00,-0.000000000000000000e+00,-0.000000000000000000e+00,-0.000000000000000000e+00,-0.000000000000000000e+00,0.000000000000000000e+00,0.000000000000000000e+00,-0.000000000000000000e+00,-0.000000000000000000e+00,-0.000000000000000000e+00,0.000000000000000000e+00,-0.000000000000000000e+00,-0.000000000000000000e+00,-0.000000000000000000e+00,-0.000000000000000000e+00,-0.000000000000000000e+00,-0.000000000000000000e+00,-0.000000000000000000e+00,-0.000000000000000000e+00,-0.000000000000000000e+00,0.000000000000000000e+00,-0.000000000000000000e+00,-0.000000000000000000e+00,-0.000000000000000000e+00,-0.000000000000000000e+00,0.000000000000000000e+00,-0.000000000000000000e+00,0.000000000000000000e+00,0.000000000000000000e+00,0.000000000000000000e+00,0.000000000000000000e+00,0.000000000000000000e+00,-0.000000000000000000e+00,0.000000000000000000e+00,0.000000000000000000e+00,0.000000000000000000e+00,-0.000000000000000000e+00,0.000000000000000000e+00,0.000000000000000000e+00,0.000000000000000000e+00,0.000000000000000000e+00,0.000000000000000000e+00,-0.000000000000000000e+00,0.000000000000000000e+00,0.000000000000000000e+00,0.000000000000000000e+00
cxo,4.680000000000000132e-03,4.769999999999999934e-03,4.870000000000000197e-03,5.000000000000000104e-03,5.159999999999999656e-03,5.980000000000000072e-03,5.409999999999999878e-03,5.610000000000000403e-03,5.859999999999999758e-03,6.199999999999999782e-03,6.309999999999999637e-03,4.680000000000000132e-03,4.769999999999999934e-03,4.870000000000000197e-03,5.000000000000000104e-03,5.159999999999999656e-03,6.020000000000000177e-03,5.409999999999999878e-03,5.610000000000000403e-03,5.859999999999999758e-03,6.199999999999999782e-03,6.309999999999999637e-03,5.539999999999999786e-03,5.669999999999999693e-03,5.819999999999999653e-03,5.989999999999999665e-03,6.089999999999999927e-03,5.539999999999999786e-03,5.680000000000000153e-03,5.830000000000000113e-03,6.009999999999999717e-03,6.100000000000000387e-03,4.969999999999999592e-03,5.049999999999999802e-03,5.120000000000000419e-03,5.199999999999999761e-03,5.300000000000000024e-03,5.409999999999999878e-03,5.539999999999999786e-03,5.709999999999999798e-03,5.939999999999999968e-03,6.250000000000000347e-03,4.969999999999999592e-03,5.049999999999999802e-03,5.120000000000000419e-03,5.199999999999999761e-03,5.300000000000000024e-03,5.409999999999999878e-03,5.539999999999999786e-03,5.709999999999999798e-03,5.939999999999999968e-03,6.250000000000000347e-03
cxo*c/cref,1.089564605950782243e-02,9.853510945362175047e-03,8.782176339249599811e-03,7.704588477033345179e-03,6.597477470189460312e-03,4.257718009286974581e-03,5.818968935557461246e-03,5.229448177390910377e-03,4.622020839063536654e-03,4.000974646884656975e-03,3.166960077337518248e-03,1.089564605950782243e-02,9.853510945362175047e-03,8.782176339249599811e-03,7.704588477033345179e-03,6.597477470189460312e-03,4.286197728412640372e-03,5.818968935557461246e-03,5.229448177390910377e-03,4.622020839063536654e-03,4.000974646884656975e-03,3.166960077337518248e-03,3.462739770576148297e-03,3.151516211755950054e-03,2.832027424078178805e-03,2.500120188651771061e-03,2.120306704742181466e-03,3.462739770576148297e-03,3.157074441406313575e-03,2.836893450580031673e-03,2.508467835358454620e-03,2.123788324947013025e-03,6.927170191078679644e-03,6.173460975294060328e-03,5.604911806106105225e-03,5.028146002879933102e-03,4.447718462310094531e-03,3.870486627728251128e-03,3.300005015613117956e-03,2.717421214425550478e-03,2.115486498293073659e-03,1.477371090653162387e-03,6.927170191078679644e-03,6.173460975294060328e-03,5.604911806106105225e-03,5.028146002879933102e-03,4.447718462310094531e-03,3.870486627728251128e-03,3.300005015613117956e-03,2.717421214425550478e-03,2.115486498293073659e-03,1.477371090653162387e-03
cy,2.109999999999999896e-03,3.589999999999999875e-03,4.810000000000000039e-03,6.139999999999999625e-03,8.389999999999999888e-03,2.880000000000000181e-03,1.098999999999999977e-02,1.299999999999999940e-02,1.520999999999999956e-02,1.793000000000000149e-02,1.711000000000000021e-02,-2.109999999999999896e-03,-3.589999999999999875e-03,-4.810000000000000039e-03,-6.139999999999999625e-03,-8.609999999999999598e-03,-8.309999999999999679e-03,-1.102999999999999987e-02,-1.299999999999999940e-02,-1.520999999999999956e-02,-1.793000000000000149e-02,-1.711000000000000021e-02,4.680000000000000132e-03,7.450000000000000025e-03,9.450000000000000067e-03,1.098999999999999977e-02,9.719999999999999474e-03,-4.919999999999999894e-03,-7.689999999999999787e-03,-9.730000000000000801e-03,-1.149000000000000021e-02,-1.008000000000000042e-02,3.178999999999999881e-02,2.069000000000000006e-02,2.469999999999999973e-02,2.625999999999999862e-02,2.889999999999999861e-02,3.389000000000000346e-02,3.862999999999999767e-02,5.709999999999999798e-02,5.952999999999999958e-02,4.336999999999999883e-02,-3.237000000000000294e-02,-2.161000000000000074e-02,-2.249999999999999917e-02,-2.399000000000000091e-02,-2.645000000000000129e-02,-3.060999999999999832e-02,-3.459999999999999881e-02,-5.686000000000000082e-02,-5.952999999999999958e-02,-4.336999999999999883e-02
cy*c/cref,4.912353244778098343e-03,7.415954778584949759e-03,8.673977041435436061e-03,9.461234649796947810e-03,1.072729379358325005e-02,2.050539777047907450e-03,1.182078902066109084e-02,1.211815085669907741e-02,1.199674692186969253e-02,1.157056055139385649e-02,8.587430574206805431e-03,-4.912353244778098343e-03,-7.415954778584949759e-03,-8.673977041435436061e-03,-9.461234649796947810e-03,-1.100858159269985440e-02,-5.916661648356982828e-03,-1.186381282055430642e-02,-1.211815085669907741e-02,-1.199674692186969253e-02,-1.157056055139385649e-02,-8.587430574206805431e-03,2.925202549872991768e-03,4.140881089520604373e-03,4.598395044250651667e-03,4.587031865322699006e-03,3.384134839095895644e-03,-3.075212937045965472e-03,-4.274278601129321946e-03,-4.734643786302523277e-03,-4.795723032989791454e-03,-3.509473166469817898e-03,4.430880088015920482e-02,2.529285298590774542e-02,2.703932062711343620e-02,2.539213731454366060e-02,2.425265350203051340e-02,2.424598739624962002e-02,2.301068479298461200e-02,2.717421214425550652e-02,2.120116350898765614e-02,1.025177347226042396e-02,-4.511720303525491166e-02,-2.641752310417913932e-02,-2.463096008542721774e-02,-2.319715819405569063e-02,-2.219663270341547257e-02,-2.189937073470642551e-02,-2.061013962819745193e-02,-2.705999479023411813e-02,-2.120116350898765614e-02,-1.025177347226042396e-02
cyi,2.109999999999999896e-03,3.589999999999999875e-03,4.810000000000000039e-03,6.139999999999999625e-03,8.410000000000000808e-03,2.880000000000000181e-03,1.098999999999999977e-02,1.299999999999999940e-02,1.520999999999999956e-02,1.793000000000000149e-02,1.711000000000000021e-02,-2.109999999999999896e-03,-3.589999999999999875e-03,-4.810000000000000039e-03,-6.139999999999999625e-03,-8.630000000000000518e-03,-8.309999999999999679e-03,-1.102999999999999987e-02,-1.299999999999999940e-02,-1.520999999999999956e-02,-1.793000000000000149e-02,-1.711000000000000021e-02,4.680000000000000132e-03,7.450000000000000025e-03,9.450000000000000067e-03,1.098999999999999977e-02,9.719999999999999474e-03,-4.919999999999999894e-03,-7.689999999999999787e-03,-9.730000000000000801e-03,-1.149000000000000021e-02,-1.008000000000000042e-02,3.178999999999999881e-02,2.069000000000000006e-02,2.469999999999999973e-02,2.625999999999999862e-02,2.889999999999999861e-02,3.389000000000000346e-02,3.862999999999999767e-02,5.709999999999999798e-02,5.952999999999999958e-02,4.336999999999999883e-02,-3.235999999999999988e-02,-2.161000000000000074e-02,-2.249999999999999917e-02,-2.399000000000000091e-02,-2.645000000000000129e-02,-3.060999999999999832e-02,-3.459999999999999881e-02,-5.686000000000000082e-02,-5.952999999999999958e-02,-4.336999999999999883e-02
cyi*c/cref,4.912353244778098343e-03,7.415954778584949759e-03,8.673977041435436061e-03,9.461234649796947810e-03,1.075286541168476127e-02,2.050539777047907450e-03,1.182078902066109084e-02,1.211815085669907741e-02,1.199674692186969253e-02,1.157056055139385649e-02,8.587430574206805431e-03,-4.912353244778098343e-03,-7.415954778584949759e-03,-8.673977041435436061e-03,-9.461234649796947810e-03,-1.103415321080136562e-02,-5.916661648356982828e-03,-1.186381282055430642e-02,-1.211815085669907741e-02,-1.199674692186969253e-02,-1.157056055139385649e-02,-8.587430574206805431e-03,2.925202549872991768e-03,4.140881089520604373e-03,4.598395044250651667e-03,4.587031865322699006e-03,3.384134839095895644e-03,-3.075212937045965472e-03,-4.274278601129321946e-03,-4.734643786302523277e-03,-4.795723032989791454e-03,-3.509473166469817898e-03,4.430880088015920482e-02,2.529285298590774542e-02,2.703932062711343620e-02,2.539213731454366060e-02,2.425265350203051340e-02,2.424598739624962002e-02,2.301068479298461200e-02,2.717421214425550652e-02,2.120116350898765614e-02,1.025177347226042396e-02,-4.510326506706360122e-02,-2.641752310417913932e-02,-2.463096008542721774e-02,-2.319715819405569063e-02,-2.219663270341547257e-02,-2.189937073470642551e-02,-2.061013962819745193e-02,-2.705999479023411813e-02,-2.120116350898765614e-02,-1.025177347226042396e-02
cyo,0.000000000000000000e+00,0.000000000000000000e+00,0.000000000000000000e+00,0.000000000000000000e+00,-2.000000000000000164e-05,0.000000000000000000e+00,0.000000000000000000e+00,0.000000000000000000e+00,0.000000000000000000e+00,0.000000000000000000e+00,0.000000000000000000e+00,0.000000000000000000e+00,0.000000000000000000e+00,0.000000000000000000e+00,0.000000000000000000e+00,2.000000000000000164e-05,0.000000000000000000e+00,0.000000000000000000e+00,0.000000000000000000e+00,0.000000000000000000e+00,0.000000000000000000e+00,0.000000000000000000e+00,0.000000000000000000e+00,0.000000000000000000e+00,0.000000000000000000e+00,0.000000000000000000e+00,0.000000000000000000e+00,0.000000000000000000e+00,0.000000000000000000e+00,0.000000000000000000e+00,0.000000000000000000e+00,0.000000000000000000e+00,1.000000000000000082e-05,0.000000000000000000e+00,0.000000000000000000e+00,0.000000000000000000e+00,0.000000000000000000e+00,0.000000000000000000e+00,0.000000000000000000e+00,0.000000000000000000e+00,0.000000000000000000e+00,0.000000000000000000e+00,-1.000000000000000082e-05,0.000000000000000000e+00,0.000000000000000000e+00,0.000000000000000000e+00,0.000000000000000000e+00,0.000000000000000000e+00,0.000000000000000000e+00,0.000000000000000000e+00,0.000000000000000000e+00,0.000000000000000000e+00
cyo*c/cref,0.000000000000000000e+00,0.000000000000000000e+00,0.000000000000000000e+00,0.000000000000000000e+00,-2.557161810150953988e-05,0.000000000000000000e+00,0.000000000000000000e+00,0.000000000000000000e+00,0.000000000000000000e+00,0.000000000000000000e+00,0.000000000000000000e+00,0.000000000000000000e+00,0.000000000000000000e+00,0.000000000000000000e+00,0.000000000000000000e+00,2.557161810150953988e-05,0.000000000000000000e+00,0.000000000000000000e+00,0.000000000000000000e+00,0.000000000000000000e+00,0.000000000000000000e+00,0.000000000000000000e+00,0.000000000000000000e+00,0.000000000000000000e+00,0.000000000000000000e+00,0.000000000000000000e+00,0.000000000000000000e+00,0.000000000000000000e+00,0.000000000000000000e+00,0.000000000000000000e+00,0.000000000000000000e+00,0.000000000000000000e+00,1.393796819130519330e-05,0.000000000000000000e+00,0.000000000000000000e+00,0.000000000000000000e+00,0.000000000000000000e+00,0.000000000000000000e+00,0.000000000000000000e+00,0.000000000000000000e+00,0.000000000000000000e+00,0.000000000000000000e+00,-1.393796819130519330e-05,0.000000000000000000e+00,0.000000000000000000e+00,0.000000000000000000e+00,0.000000000000000000e+00,0.000000000000000000e+00,0.000000000000000000e+00,0.000000000000000000e+00,0.000000000000000000e+00,0.000000000000000000e+00
cz,4.018000000000000044e-02,6.855999999999999595e-02,9.181999999999999884e-02,1.171299999999999980e-01,1.604500000000000093e-01,5.503999999999999865e-02,2.097400000000000098e-01,2.481299999999999895e-01,2.902399999999999980e-01,3.421699999999999742e-01,3.264500000000000179e-01,4.018000000000000044e-02,6.855999999999999595e-02,9.181999999999999884e-02,1.171299999999999980e-01,1.646600000000000008e-01,1.586100000000000010e-01,2.104900000000000104e-01,2.481299999999999895e-01,2.902399999999999980e-01,3.421699999999999742e-01,3.264500000000000179e-01,7.653999999999999693e-02,1.218199999999999977e-01,1.544899999999999884e-01,1.797199999999999909e-01,1.588700000000000112e-01,8.036999999999999700e-02,1.257999999999999952e-01,1.591299999999999937e-01,1.878299999999999970e-01,1.648199999999999943e-01,-3.289999999999999956e-03,-2.180000000000000080e-03,-2.599999999999999881e-03,-2.759999999999999867e-03,-3.040000000000000167e-03,-3.559999999999999797e-03,-4.060000000000000241e-03,-6.000000000000000125e-03,-6.259999999999999939e-03,-4.559999999999999817e-03,-3.350000000000000113e-03,-2.269999999999999882e-03,-2.360000000000000119e-03,-2.520000000000000104e-03,-2.779999999999999919e-03,-3.220000000000000206e-03,-3.640000000000000006e-03,-5.980000000000000072e-03,-6.259999999999999939e-03,-4.559999999999999817e-03
cz*c/cref,9.354424330577441882e-02,1.416261447408869445e-01,1.655809920882747865e-01,1.804876896629831473e-01,2.051483062193602824e-01,3.918809351691556614e-02,2.255952947400780007e-01,2.312982132363647914e-01,2.289241174624233599e-01,2.208086282136327572e-01,1.638437586762017395e-01,9.354424330577441882e-02,1.416261447408869445e-01,1.655809920882747865e-01,1.804876896629831473e-01,2.105311318297280188e-01,1.129292062630446597e-01,2.264019909880758130e-01,2.312982132363647914e-01,2.289241174624233599e-01,2.208086282136327572e-01,1.638437586762017395e-01,4.784081264258093630e-02,6.771035360072484577e-02,7.517524342711989771e-02,7.501195330625981539e-02,5.531250019415277774e-02,5.023472840454964311e-02,6.992252900156940842e-02,7.743307972397948935e-02,7.839692404582006280e-02,5.738406421602731261e-02,-4.585591534939407847e-03,-2.664979193295257884e-03,-2.846244276538256214e-03,-2.668785186143964299e-03,-2.551144174608054559e-03,-2.546937596065170731e-03,-2.418415228048603153e-03,-2.855433850534729121e-03,-2.229452100894720786e-03,-1.077889947740547126e-03,-4.669219344087239230e-03,-2.775001270082676306e-03,-2.583514035627032870e-03,-2.436716909087967894e-03,-2.332954212306049407e-03,-2.303690747002767100e-03,-2.168234342388402573e-03,-2.845915737699613278e-03,-2.229452100894720786e-03,-1.077889947740547126e-03
czi,4.018000000000000044e-02,6.855999999999999595e-02,9.181999999999999884e-02,1.171299999999999980e-01,1.604500000000000093e-01,5.503999999999999865e-02,2.097400000000000098e-01,2.481299999999999895e-01,2.902399999999999980e-01,3.421699999999999742e-01,3.264500000000000179e-01,4.018000000000000044e-02,6.855999999999999595e-02,9.181999999999999884e-02,1.171299999999999980e-01,1.646600000000000008e-01,1.586100000000000010e-01,2.104900000000000104e-01,2.481299999999999895e-01,2.902399999999999980e-01,3.421699999999999742e-01,3.264500000000000179e-01,7.653999999999999693e-02,1.218199999999999977e-01,1.544899999999999884e-01,1.797199999999999909e-01,1.588700000000000112e-01,8.036999999999999700e-02,1.257999999999999952e-01,1.591299999999999937e-01,1.878299999999999970e-01,1.648199999999999943e-01,-3.340000000000000087e-03,-2.180000000000000080e-03,-2.599999999999999881e-03,-2.759999999999999867e-03,-3.040000000000000167e-03,-3.559999999999999797e-03,-4.060000000000000241e-03,-6.000000000000000125e-03,-6.259999999999999939e-03,-4.559999999999999817e-03,-3.399999999999999811e-03,-2.269999999999999882e-03,-2.360000000000000119e-03,-2.520000000000000104e-03,-2.779999999999999919e-03,-3.220000000000000206e-03,-3.640000000000000006e-03,-5.980000000000000072e-03,-6.259999999999999939e-03,-4.559999999999999817e-03
czi*c/cref,9.354424330577441882e-02,1.416261447408869445e-01,1.655809920882747865e-01,1.804876896629831473e-01,2.051483062193602824e-01,3.918809351691556614e-02,2.255952947400780007e-01,2.312982132363647914e-01,2.289241174624233599e-01,2.208086282136327572e-01,1.638437586762017395e-01,9.354424330577441882e-02,1.416261447408869445e-01,1.655809920882747865e-01,1.804876896629831473e-01,2.105311318297280188e-01,1.129292062630446597e-01,2.264019909880758130e-01,2.312982132363647914e-01,2.289241174624233599e-01,2.208086282136327572e-01,1.638437586762017395e-01,4.784081264258093630e-02,6.771035360072484577e-02,7.517524342711989771e-02,7.501195330625981539e-02,5.531250019415277774e-02,5.023472840454964311e-02,6.992252900156940842e-02,7.743307972397948935e-02,7.839692404582006280e-02,5.738406421602731261e-02,-4.655281375895934000e-03,-2.664979193295257884e-03,-2.846244276538256214e-03,-2.668785186143964299e-03,-2.551144174608054559e-03,-2.546937596065170731e-03,-2.418415228048603153e-03,-2.855433850534729121e-03,-2.229452100894720786e-03,-1.077889947740547126e-03,-4.738909185043765383e-03,-2.775001270082676306e-03,-2.583514035627032870e-03,-2.436716909087967894e-03,-2.332954212306049407e-03,-2.303690747002767100e-03,-2.168234342388402573e-03,-2.845915737699613278e-03,-2.229452100894720786e-03,-1.077889947740547126e-03
czo,0.000000000000000000e+00,0.000000000000000000e+00,0.000000000000000000e+00,0.000000000000000000e+00,0.000000000000000000e+00,0.000000000000000000e+00,0.000000000000000000e+00,0.000000000000000000e+00,0.000000000000000000e+00,0.000000000000000000e+00,0.000000000000000000e+00,0.000000000000000000e+00,0.000000000000000000e+00,0.000000000000000000e+00,0.000000000000000000e+00,0.000000000000000000e+00,0.000000000000000000e+00,0.000000000000000000e+00,0.000000000000000000e+00,0.000000000000000000e+00,0.000000000000000000e+00,0.000000000000000000e+00,0.000000000000000000e+00,0.000000000000000000e+00,0.000000000000000000e+00,0.000000000000000000e+00,0.000000000000000000e+00,0.000000000000000000e+00,0.000000000000000000e+00,0.000000000000000000e+00,0.000000000000000000e+00,0.000000000000000000e+00,5.000000000000000240e-05,0.000000000000000000e+00,0.000000000000000000e+00,0.000000000000000000e+00,0.000000000000000000e+00,0.000000000000000000e+00,0.000000000000000000e+00,0.000000000000000000e+00,0.000000000000000000e+00,0.000000000000000000e+00,5.000000000000000240e-05,0.000000000000000000e+00,0.000000000000000000e+00,0.000000000000000000e+00,0.000000000000000000e+00,0.000000000000000000e+00,0.000000000000000000e+00,0.000000000000000000e+00,0.000000000000000000e+00,0.000000000000000000e+00
czo*c/cref,0.000000000000000000e+00,0.000000000000000000e+00,0.000000000000000000e+00,0.000000000000000000e+00,0.000000000000000000e+00,0.000000000000000000e+00,0.000000000000000000e+00,0.000000000000000000e+00,0.000000000000000000e+00,0.000000000000000000e+00,0.000000000000000000e+00,0.000000000000000000e+00,0.000000000000000000e+00,0.000000000000000000e+00,0.000000000000000000e+00,0.000000000000000000e+00,0.000000000000000000e+00,0.000000000000000000e+00,0.000000000000000000e+00,0.000000000000000000e+00,0.000000000000000000e+00,0.000000000000000000e+00,0.000000000000000000e+00,0.000000000000000000e+00,0.000000000000000000e+00,0.000000000000000000e+00,0.000000000000000000e+00,0.000000000000000000e+00,0.000000000000000000e+00,0.000000000000000000e+00,0.000000000000000000e+00,0.000000000000000000e+00,6.968984095652596311e-05,0.000000000000000000e+00,0.000000000000000000e+00,0.000000000000000000e+00,0.000000000000000000e+00,0.000000000000000000e+00,0.000000000000000000e+00,0.000000000000000000e+00,0.000000000000000000e+00,0.000000000000000000e+00,6.968984095652596311e-05,0.000000000000000000e+00,0.000000000000000000e+00,0.000000000000000000e+00,0.000000000000000000e+00,0.000000000000000000e+00,0.000000000000000000e+00,0.000000000000000000e+00,0.000000000000000000e+00,0.000000000000000000e+00
dArea,2.750094999999999956e+01,2.440130999999999872e+01,2.130167000000000144e+01,1.820203000000000060e+01,1.354603000000000002e+01,8.667300000000000004e-01,3.282052999999999798e+01,2.844275000000000020e+01,2.406590999999999880e+01,1.968971000000000160e+01,1.531381999999999977e+01,2.750094999999999956e+01,2.440130999999999872e+01,2.130167000000000144e+01,1.820203000000000060e+01,1.354603000000000002e+01,8.667300000000000004e-01,3.282052999999999798e+01,2.844275000000000020e+01,2.406590999999999880e+01,1.968971000000000160e+01,1.531381999999999977e+01,9.691470000000000695e+00,8.618190000000000239e+00,7.544909999999999783e+00,6.471630000000000216e+00,5.398349999999999760e+00,9.691470000000000695e+00,8.618190000000000239e+00,7.544909999999999783e+00,6.471630000000000216e+00,5.398349999999999760e+00,8.567589999999999151e+00,7.519720000000000404e+00,6.733850000000000335e+00,5.947969999999999757e+00,5.162099999999999689e+00,1.231455000000000055e+01,1.025309999999999988e+01,8.191649999999999210e+00,6.130189999999999806e+00,4.068740000000000023e+00,8.567589999999999151e+00,7.519720000000000404e+00,6.733850000000000335e+00,5.947969999999999757e+00,5.162099999999999689e+00,1.231455000000000055e+01,1.025309999999999988e+01,8.191649999999999210e+00,6.130189999999999806e+00,4.068740000000000023e+00
dSpan,9.555900000000000505e-01,9.555900000000000505e-01,9.555900000000000505e-01,9.555900000000000505e-01,8.570699999999999985e-01,9.847999999999999809e-02,2.468480000000000008e+00,2.468370000000000175e+00,2.468309999999999782e+00,2.468300000000000161e+00,2.468329999999999913e+00,9.555900000000000505e-01,9.555900000000000505e-01,9.555900000000000505e-01,9.555900000000000505e-01,8.570699999999999985e-01,9.847999999999999809e-02,2.468480000000000008e+00,2.468370000000000175e+00,2.468309999999999782e+00,2.468300000000000161e+00,2.468329999999999913e+00,1.254329999999999945e+00,1.254329999999999945e+00,1.254329999999999945e+00,1.254329999999999945e+00,1.254329999999999945e+00,1.254329999999999945e+00,1.254329999999999945e+00,1.254329999999999945e+00,1.254329999999999945e+00,1.254329999999999945e+00,4.972699999999999898e-01,4.976200000000000068e-01,4.976200000000000068e-01,4.976200000000000068e-01,4.976200000000000068e-01,1.392460000000000031e+00,1.392460000000000031e+00,1.392460000000000031e+00,1.392460000000000031e+00,1.392460000000000031e+00,4.972699999999999898e-01,4.976200000000000068e-01,4.976200000000000068e-01,4.976200000000000068e-01,4.976200000000000068e-01,1.392460000000000031e+00,1.392460000000000031e+00,1.392460000000000031e+00,1.392460000000000031e+00,1.392460000000000031e+00
roverR,inf,inf,inf,inf,inf,inf,inf,inf,inf,inf,inf,inf,inf,inf,inf,inf,inf,inf,inf,inf,inf,inf,inf,inf,inf,inf,inf,inf,inf,inf,inf,inf,inf,inf,inf,inf,inf,inf,inf,inf,inf,inf,inf,inf,inf,inf,inf,inf,inf,inf,inf,inf
Results_Name,CpSlice_Wrapper
Results_Timestamp,1788934537
Results_Date,9,9,2026
Results_Time,9,15,37
CpSlice_Case_ID_Vec,LRYBHOR
Num_Cuts,1
