Results_Name,VSPAERO_Wrapper
Results_Timestamp,1788934289
Results_Date,9,9,2026
Results_Time,9,11,29
Analysis_Duration_Sec,4.466100000000000136e+01
ResultsVec,VSPAERO_History,VSPAERO_Polar,VSPAERO_Load,CpSlice_Wrapper
Results_Name,VSPAERO_History
Results_Timestamp,1788934288
Results_Date,9,9,2026
Results_Time,9,11,28
Alpha,1.000000000000000000e+00,1.000000000000000000e+00,1.000000000000000000e+00,1.000000000000000000e+00,1.000000000000000000e+00,1.000000000000000000e+00
Beta,0.000000000000000000e+00,0.000000000000000000e+00,0.000000000000000000e+00,0.000000000000000000e+00,0.000000000000000000e+00,0.000000000000000000e+00
CDi,0.000000000000000000e+00,9.148532600000000223e-04,9.094896209999999911e-04,9.110274250000000539e-04,9.107342330000000024e-04,9.107267130000000184e-04
CDiw,0.000000000000000000e+00,0.000000000000000000e+00,0.000000000000000000e+00,0.000000000000000000e+00,0.000000000000000000e+00,0.000000000000000000e+00
CDo,8.619129659000000082e-03,8.636091022999999728e-03,8.638338149999999147e-03,8.638358726000000196e-03,8.638355775000000278e-03,8.638355531999999948e-03
CDtot,8.619129659000000082e-03,9.550944283000000617e-03,9.547827771000000005e-03,9.549386150000000253e-03,9.549090007999999630e-03,9.549082244999999858e-03
CDwtot,8.619129659000000082e-03,8.636091022999999728e-03,8.638338149999999147e-03,8.638358726000000196e-03,8.638355775000000278e-03,8.638355531999999948e-03
CFxi,0.000000000000000000e+00,4.968014399999999927e-05,2.693520000000000153e-07,4.035999999999999711e-09,-1.606999999999999931e-09,-8.800000000000000631e-11
CFxiw,0.000000000000000000e+00,0.000000000000000000e+00,0.000000000000000000e+00,0.000000000000000000e+00,0.000000000000000000e+00,0.000000000000000000e+00
CFxo,8.620441265000000630e-03,8.637405211999999929e-03,8.639652681000000584e-03,8.639673259999999452e-03,8.639670308999999535e-03,8.639670065999999204e-03
CFxtot,8.620441265000000630e-03,8.687085355999999217e-03,8.639922032999999835e-03,8.639677296000000672e-03,8.639668701999999451e-03,8.639669978999999986e-03
CFxwtot,8.620441265000000630e-03,8.637405211999999929e-03,8.639652681000000584e-03,8.639673259999999452e-03,8.639670308999999535e-03,8.639670065999999204e-03
CFyi,0.000000000000000000e+00,7.430434900000000011e-05,-2.529497890000000256e-04,-5.450311530000000052e-04,-5.563601449999999553e-04,-5.562637109999999611e-04
CFyiw,0.000000000000000000e+00,0.000000000000000000e+00,0.000000000000000000e+00,0.000000000000000000e+00,0.000000000000000000e+00,0.000000000000000000e+00
CFyo,0.000000000000000000e+00,6.000000000000000283e-12,2.200000000000000158e-11,2.500000000000000091e-11,2.500000000000000091e-11,2.500000000000000091e-11
CFytot,0.000000000000000000e+00,7.430435500000000324e-05,-2.529497670000000050e-04,-5.450311279999999967e-04,-5.563601210000000512e-04,-5.562636869999999486e-04
CFywtot,0.000000000000000000e+00,6.000000000000000283e-12,2.200000000000000158e-11,2.500000000000000091e-11,2.500000000000000091e-11,2.500000000000000091e-11
CFzi,0.000000000000000000e+00,4.957371844399999922e-02,5.209713129699999890e-02,5.220044538899999698e-02,5.218396916799999952e-02,5.218345124800000123e-02
CFziw,0.000000000000000000e+00,0.000000000000000000e+00,0.000000000000000000e+00,0.000000000000000000e+00,0.000000000000000000e+00,0.000000000000000000e+00
CFzo,7.615000000000000360e-08,7.618500000000000358e-08,7.618600000000000471e-08,7.618600000000000471e-08,7.618600000000000471e-08,7.618600000000000471e-08
CFztot,7.615000000000000360e-08,4.957379462900000228e-02,5.209720748200000195e-02,5.220052157400000004e-02,5.218404535300000258e-02,5.218352743400000299e-02
CFzwtot,7.615000000000000360e-08,7.618500000000000358e-08,7.618600000000000471e-08,7.618600000000000471e-08,7.618600000000000471e-08,7.618600000000000471e-08
CLi,0.000000000000000000e+00,4.956530108900000092e-02,5.208919195000000224e-02,5.219249493800000306e-02,5.217602132500000212e-02,5.217550345699999842e-02
CLiw,0.000000000000000000e+00,0.000000000000000000e+00,0.000000000000000000e+00,0.000000000000000000e+00,0.000000000000000000e+00,0.000000000000000000e+00
CLo,-1.503713059999999978e-04,-1.506673329999999968e-04,-1.507065559999999909e-04,-1.507069149999999929e-04,-1.507068640000000070e-04,-1.507068599999999959e-04
CLtot,-1.503713059999999978e-04,4.941463375599999819e-02,5.193848539399999881e-02,5.204178802300000323e-02,5.202531446099999818e-02,5.202479659800000183e-02
CLwtot,-1.503713059999999978e-04,-1.506673329999999968e-04,-1.507065559999999909e-04,-1.507069149999999929e-04,-1.507068640000000070e-04,-1.507068599999999959e-04
CMxi,0.000000000000000000e+00,4.416781700000000071e-05,8.824329299999999674e-05,1.131918209999999934e-04,1.122913769999999973e-04,1.121514559999999981e-04
CMxo,0.000000000000000000e+00,-0.000000000000000000e+00,-0.000000000000000000e+00,-0.000000000000000000e+00,-0.000000000000000000e+00,-0.000000000000000000e+00
CMxtot,0.000000000000000000e+00,4.416781700000000071e-05,8.824329299999999674e-05,1.131918209999999934e-04,1.122913769999999973e-04,1.121514559999999981e-04
CMyi,0.000000000000000000e+00,-5.397810523499999708e-02,-5.792080320299999863e-02,-5.816749536600000076e-02,-5.812440259499999928e-02,-5.812311382000000248e-02
CMyo,5.830652509999999884e-04,5.829602819999999460e-04,5.829222899999999662e-04,5.829230950000000022e-04,5.829228400000000454e-04,5.829228569999999774e-04
CMytot,5.830652509999999884e-04,-5.339514495199999822e-02,-5.733788091199999715e-02,-5.758457227100000075e-02,-5.754147975499999956e-02,-5.754019096400000283e-02
CMzi,0.000000000000000000e+00,5.403751300000000116e-05,-1.523769410000000001e-04,-3.638660840000000054e-04,-3.724853450000000128e-04,-3.724214860000000138e-04
CMzo,-0.000000000000000000e+00,-3.558699999999999964e-08,-6.869999999999999644e-09,1.859999999999999988e-09,2.608999999999999986e-09,2.558000000000000059e-09
CMztot,-0.000000000000000000e+00,5.400192599999999990e-05,-1.523838120000000024e-04,-3.638642250000000068e-04,-3.724827359999999753e-04,-3.724189279999999894e-04
CSi,0.000000000000000000e+00,7.430434900000000011e-05,-2.529497890000000256e-04,-5.450311530000000052e-04,-5.563601449999999553e-04,-5.562637109999999611e-04
CSiw,0.000000000000000000e+00,0.000000000000000000e+00,0.000000000000000000e+00,0.000000000000000000e+00,0.000000000000000000e+00,0.000000000000000000e+00
CSo,0.000000000000000000e+00,6.000000000000000283e-12,2.200000000000000158e-11,2.500000000000000091e-11,2.500000000000000091e-11,2.500000000000000091e-11
CStot,0.000000000000000000e+00,7.430435500000000324e-05,-2.529497670000000050e-04,-5.450311279999999967e-04,-5.563601210000000512e-04,-5.562636869999999486e-04
CSwtot,0.000000000000000000e+00,6.000000000000000283e-12,2.200000000000000158e-11,2.500000000000000091e-11,2.500000000000000091e-11,2.500000000000000091e-11
E,0.000000000000000000e+00,2.520697639560000036e-01,2.800362097599999878e-01,2.806734688429999847e-01,2.805866176669999934e-01,2.805833646709999796e-01
Ew,0.000000000000000000e+00,0.000000000000000000e+00,0.000000000000000000e+00,0.000000000000000000e+00,0.000000000000000000e+00,0.000000000000000000e+00
FC_AoA_,1.000000000000000000e+00
FC_Beta_,0.000000000000000000e+00
FC_Bref_,3.727034100000000194e+01
FC_Cref_,1.236139999999999972e+01
FC_Mach_,1.199999999999999956e+00
FC_Pitch_Rate,0.000000000000000000e+00
FC_ReCref_,1.000000000000000000e+07
FC_Rho_,2.377000000000000206e-03
FC_Roll__Rate,0.000000000000000000e+00
FC_Sref_,4.096313739999999939e+02
FC_Vinf_,1.000000000000000000e+02
FC_Xcg_,2.046778000000000119e+01
FC_Yaw___Rate,0.000000000000000000e+00
FC_Ycg_,0.000000000000000000e+00
FC_Zcg_,0.000000000000000000e+00
L/D,0.000000000000000000e+00,5.189570750211999872e+00,5.455606573797999737e+00,5.465534026741000417e+00,5.463978377042000290e+00,5.463928586707999635e+00
L/Dw,0.000000000000000000e+00,0.000000000000000000e+00,0.000000000000000000e+00,0.000000000000000000e+00,0.000000000000000000e+00,0.000000000000000000e+00
Mach,1.199999999999999956e+00,1.199999999999999956e+00,1.199999999999999956e+00,1.199999999999999956e+00,1.199999999999999956e+00,1.199999999999999956e+00
T/QS,0.000000000000000000e+00,0.000000000000000000e+00,0.000000000000000000e+00,0.000000000000000000e+00,0.000000000000000000e+00,0.000000000000000000e+00
WakeIter,1,2,3,4,5,6
WallTime,5.133000000002000185e+00,1.138200000000500012e+01,1.840400000000200009e+01,2.449200000000600141e+01,3.041800000000500148e+01,3.722300000000500120e+01
log10( L2Residual ),-1.331266111099999871e-01,-5.114504418490000148e-01,-1.522591010678999934e+00,-2.464116709160999896e+00,-3.450381488375999783e+00,-4.638615921735000036e+00
log10( MaxResidual ),2.412597247219999963e-01,8.482729761859999495e-01,1.822253136699999998e-02,-9.047773414699999961e-01,-1.744322609184000061e+00,-3.106185541153999807e+00
Results_Name,VSPAERO_Polar
Results_Timestamp,1788934288
Results_Date,9,9,2026
Results_Time,9,11,28
Alpha,1.000000000000000000e+00
Beta,0.000000000000000000e+00
CDi,9.107267130000000184e-04
CDiw,0.000000000000000000e+00
CDo,8.638355531999999948e-03
CDtot,9.549082244999999858e-03
CDwtot,8.638355531999999948e-03
CFix,-8.800000000000000631e-11
CFiy,-5.562637109999999611e-04
CFiz,5.218345124800000123e-02
CFox,8.639670065999999204e-03
CFoy,2.500000000000000091e-11
CFoz,7.618600000000000471e-08
CFxtot,8.639669978999999986e-03
CFytot,-5.562636869999999486e-04
CFztot,5.218352743400000299e-02
CLi,5.217550345699999842e-02
CLiw,0.000000000000000000e+00
CLo,-1.507068599999999959e-04
CLtot,5.202479659800000183e-02
CLwtot,-1.507068599999999959e-04
CMix,1.121514559999999981e-04
CMiy,-5.812311382000000248e-02
CMiz,-3.724214860000000138e-04
CMox,-0.000000000000000000e+00
CMoy,5.829228569999999774e-04
CMoz,2.558000000000000059e-09
CMxtot,1.121514559999999981e-04
CMytot,-5.754019096400000283e-02
CMztot,-3.724189279999999894e-04
CSi,-5.562637109999999611e-04
CSiw,0.000000000000000000e+00
CSo,2.500000000000000091e-11
CStot,-5.562636869999999486e-04
CSwtot,2.500000000000000091e-11
E,2.789647979309999859e-01
Ew,2.789647979309999859e-01
L_D,5.448146247036000034e+00
L_Dw,5.448146247036000034e+00
Mach,1.199999999999999956e+00
Re_1e6,1.000000000000000000e+01
StallFactor,1.000000000000000000e+00
Results_Name,VSPAERO_Load
Results_Timestamp,1788934288
Results_Date,9,9,2026
Results_Time,9,11,28
Angle ,0.000000000000000000e+00,0.000000000000000000e+00,0.000000000000000000e+00,0.000000000000000000e+00,0.000000000000000000e+00,0.000000000000000000e+00,0.000000000000000000e+00,0.000000000000000000e+00,0.000000000000000000e+00,0.000000000000000000e+00,0.000000000000000000e+00,0.000000000000000000e+00,0.000000000000000000e+00,0.000000000000000000e+00,0.000000000000000000e+00,0.000000000000000000e+00,0.000000000000000000e+00,0.000000000000000000e+00,0.000000000000000000e+00,0.000000000000000000e+00,0.000000000000000000e+00,0.000000000000000000e+00,0.000000000000000000e+00,0.000000000000000000e+00,0.000000000000000000e+00,0.000000000000000000e+00,0.000000000000000000e+00,0.000000000000000000e+00,0.000000000000000000e+00,0.000000000000000000e+00,0.000000000000000000e+00,0.000000000000000000e+00,0.000000000000000000e+00,0.000000000000000000e+00,0.000000000000000000e+00,0.000000000000000000e+00,0.000000000000000000e+00,0.000000000000000000e+00,0.000000000000000000e+00,0.000000000000000000e+00,0.000000000000000000e+00,0.000000000000000000e+00,0.000000000000000000e+00,0.000000000000000000e+00,0.000000000000000000e+00,0.000000000000000000e+00,0.000000000000000000e+00,0.000000000000000000e+00,0.000000000000000000e+00,0.000000000000000000e+00,0.000000000000000000e+00,0.000000000000000000e+00,0.000000000000000000e+00,0.000000000000000000e+00,0.000000000000000000e+00,0.000000000000000000e+00,0.000000000000000000e+00,0.000000000000000000e+00,0.000000000000000000e+00,0.000000000000000000e+00,0.000000000000000000e+00,0.000000000000000000e+00,0.000000000000000000e+00,0.000000000000000000e+00,0.000000000000000000e+00,0.000000000000000000e+00,0.000000000000000000e+00,0.000000000000000000e+00,0.000000000000000000e+00,0.000000000000000000e+00,0.000000000000000000e+00,0.000000000000000000e+00,0.000000000000000000e+00,0.000000000000000000e+00,0.000000000000000000e+00,0.000000000000000000e+00,0.000000000000000000e+00,0.000000000000000000e+00,0.000000000000000000e+00,0.000000000000000000e+00,0.000000000000000000e+00,0.000000000000000000e+00,0.000000000000000000e+00,0.000000000000000000e+00,0.000000000000000000e+00,0.000000000000000000e+00,0.000000000000000000e+00,0.000000000000000000e+00,0.000000000000000000e+00,0.000000000000000000e+00,0.000000000000000000e+00,0.000000000000000000e+00,0.000000000000000000e+00,0.000000000000000000e+00,0.000000000000000000e+00,0.000000000000000000e+00,0.000000000000000000e+00,0.000000000000000000e+00,0.000000000000000000e+00,0.000000000000000000e+00,0.000000000000000000e+00,0.000000000000000000e+00,0.000000000000000000e+00,0.000000000000000000e+00,0.000000000000000000e+00,0.000000000000000000e+00,0.000000000000000000e+00,0.000000000000000000e+00,0.000000000000000000e+00,0.000000000000000000e+00,0.000000000000000000e+00,0.000000000000000000e+00,0.000000000000000000e+00,0.000000000000000000e+00,0.000000000000000000e+00,0.000000000000000000e+00,0.000000000000000000e+00,0.000000000000000000e+00,0.000000000000000000e+00,0.000000000000000000e+00,0.000000000000000000e+00,0.000000000000000000e+00,0.000000000000000000e+00,0.000000000000000000e+00,0.000000000000000000e+00,0.000000000000000000e+00,0.000000000000000000e+00,0.000000000000000000e+00,0.000000000000000000e+00,0.000000000000000000e+00,0.000000000000000000e+00,0.000000000000000000e+00
CP,0.000000000000000000e+00,0.000000000000000000e+00,0.000000000000000000e+00,0.000000000000000000e+00,0.000000000000000000e+00,0.000000000000000000e+00,0.000000000000000000e+00,0.000000000000000000e+00,0.000000000000000000e+00,0.000000000000000000e+00,0.000000000000000000e+00,0.000000000000000000e+00,0.000000000000000000e+00,0.000000000000000000e+00,0.000000000000000000e+00,0.000000000000000000e+00,0.000000000000000000e+00,0.000000000000000000e+00,0.000000000000000000e+00,0.000000000000000000e+00,0.000000000000000000e+00,0.000000000000000000e+00,0.000000000000000000e+00,0.000000000000000000e+00,0.000000000000000000e+00,0.000000000000000000e+00,0.000000000000000000e+00,0.000000000000000000e+00,0.000000000000000000e+00,0.000000000000000000e+00,0.000000000000000000e+00,0.000000000000000000e+00,0.000000000000000000e+00,0.000000000000000000e+00,0.000000000000000000e+00,0.000000000000000000e+00,0.000000000000000000e+00,0.000000000000000000e+00,0.000000000000000000e+00,0.000000000000000000e+00,0.000000000000000000e+00,0.000000000000000000e+00,0.000000000000000000e+00,0.000000000000000000e+00,0.000000000000000000e+00,0.000000000000000000e+00,0.000000000000000000e+00,0.000000000000000000e+00,0.000000000000000000e+00,0.000000000000000000e+00,0.000000000000000000e+00,0.000000000000000000e+00,0.000000000000000000e+00,0.000000000000000000e+00,0.000000000000000000e+00,0.000000000000000000e+00,0.000000000000000000e+00,0.000000000000000000e+00,0.000000000000000000e+00,0.000000000000000000e+00,0.000000000000000000e+00,0.000000000000000000e+00,0.000000000000000000e+00,0.000000000000000000e+00,0.000000000000000000e+00,0.000000000000000000e+00,0.000000000000000000e+00,0.000000000000000000e+00,0.000000000000000000e+00,0.000000000000000000e+00,0.000000000000000000e+00,0.000000000000000000e+00,0.000000000000000000e+00,0.000000000000000000e+00,0.000000000000000000e+00,0.000000000000000000e+00,0.000000000000000000e+00,0.000000000000000000e+00,0.000000000000000000e+00,0.000000000000000000e+00,0.000000000000000000e+00,0.000000000000000000e+00,0.000000000000000000e+00,0.000000000000000000e+00,0.000000000000000000e+00,0.000000000000000000e+00,0.000000000000000000e+00,0.000000000000000000e+00,0.000000000000000000e+00,0.000000000000000000e+00,0.000000000000000000e+00,0.000000000000000000e+00,0.000000000000000000e+00,0.000000000000000000e+00,0.000000000000000000e+00,0.000000000000000000e+00,0.000000000000000000e+00,0.000000000000000000e+00,0.000000000000000000e+00,0.000000000000000000e+00,0.000000000000000000e+00,0.000000000000000000e+00,0.000000000000000000e+00,0.000000000000000000e+00,0.000000000000000000e+00,0.000000000000000000e+00,0.000000000000000000e+00,0.000000000000000000e+00,0.000000000000000000e+00,0.000000000000000000e+00,0.000000000000000000e+00,0.000000000000000000e+00,0.000000000000000000e+00,0.000000000000000000e+00,0.000000000000000000e+00,0.000000000000000000e+00,0.000000000000000000e+00,0.000000000000000000e+00,0.000000000000000000e+00,0.000000000000000000e+00,0.000000000000000000e+00,0.000000000000000000e+00,0.000000000000000000e+00,0.000000000000000000e+00,0.000000000000000000e+00,0.000000000000000000e+00,0.000000000000000000e+00,0.000000000000000000e+00,0.000000000000000000e+00,0.000000000000000000e+00,0.000000000000000000e+00,0.000000000000000000e+00
CP_h,0.000000000000000000e+00,0.000000000000000000e+00,0.000000000000000000e+00,0.000000000000000000e+00,0.000000000000000000e+00,0.000000000000000000e+00,0.000000000000000000e+00,0.000000000000000000e+00,0.000000000000000000e+00,0.000000000000000000e+00,0.000000000000000000e+00,0.000000000000000000e+00,0.000000000000000000e+00,0.000000000000000000e+00,0.000000000000000000e+00,0.000000000000000000e+00,0.000000000000000000e+00,0.000000000000000000e+00,0.000000000000000000e+00,0.000000000000000000e+00,0.000000000000000000e+00,0.000000000000000000e+00,0.000000000000000000e+00,0.000000000000000000e+00,0.000000000000000000e+00,0.000000000000000000e+00,0.000000000000000000e+00,0.000000000000000000e+00,0.000000000000000000e+00,0.000000000000000000e+00,0.000000000000000000e+00,0.000000000000000000e+00,0.000000000000000000e+00,0.000000000000000000e+00,0.000000000000000000e+00,0.000000000000000000e+00,0.000000000000000000e+00,0.000000000000000000e+00,0.000000000000000000e+00,0.000000000000000000e+00,0.000000000000000000e+00,0.000000000000000000e+00,0.000000000000000000e+00,0.000000000000000000e+00,0.000000000000000000e+00,0.000000000000000000e+00,0.000000000000000000e+00,0.000000000000000000e+00,0.000000000000000000e+00,0.000000000000000000e+00,0.000000000000000000e+00,0.000000000000000000e+00,0.000000000000000000e+00,0.000000000000000000e+00,0.000000000000000000e+00,0.000000000000000000e+00,0.000000000000000000e+00,0.000000000000000000e+00,0.000000000000000000e+00,0.000000000000000000e+00,0.000000000000000000e+00,0.000000000000000000e+00,0.000000000000000000e+00,0.000000000000000000e+00,0.000000000000000000e+00,0.000000000000000000e+00,0.000000000000000000e+00,0.000000000000000000e+00,0.000000000000000000e+00,0.000000000000000000e+00,0.000000000000000000e+00,0.000000000000000000e+00,0.000000000000000000e+00,0.000000000000000000e+00,0.000000000000000000e+00,0.000000000000000000e+00,0.000000000000000000e+00,0.000000000000000000e+00,0.000000000000000000e+00,0.000000000000000000e+00,0.000000000000000000e+00,0.000000000000000000e+00,0.000000000000000000e+00,0.000000000000000000e+00,0.000000000000000000e+00,0.000000000000000000e+00,0.000000000000000000e+00,0.000000000000000000e+00,0.000000000000000000e+00,0.000000000000000000e+00,0.000000000000000000e+00,0.000000000000000000e+00,0.000000000000000000e+00,0.000000000000000000e+00,0.000000000000000000e+00,0.000000000000000000e+00,0.000000000000000000e+00,0.000000000000000000e+00,0.000000000000000000e+00,0.000000000000000000e+00,0.000000000000000000e+00,0.000000000000000000e+00,0.000000000000000000e+00,0.000000000000000000e+00,0.000000000000000000e+00,0.000000000000000000e+00,0.000000000000000000e+00,0.000000000000000000e+00,0.000000000000000000e+00,0.000000000000000000e+00,0.000000000000000000e+00,0.000000000000000000e+00,0.000000000000000000e+00,0.000000000000000000e+00,0.000000000000000000e+00,0.000000000000000000e+00,0.000000000000000000e+00,0.000000000000000000e+00,0.000000000000000000e+00,0.000000000000000000e+00,0.000000000000000000e+00,0.000000000000000000e+00,0.000000000000000000e+00,0.000000000000000000e+00,0.000000000000000000e+00,0.000000000000000000e+00,0.000000000000000000e+00,0.000000000000000000e+00,0.000000000000000000e+00,0.000000000000000000e+00,0.000000000000000000e+00,0.000000000000000000e+00
CQ,0.000000000000000000e+00,0.000000000000000000e+00,0.000000000000000000e+00,0.000000000000000000e+00,0.000000000000000000e+00,0.000000000000000000e+00,0.000000000000000000e+00,0.000000000000000000e+00,0.000000000000000000e+00,0.000000000000000000e+00,0.000000000000000000e+00,0.000000000000000000e+00,0.000000000000000000e+00,0.000000000000000000e+00,0.000000000000000000e+00,0.000000000000000000e+00,0.000000000000000000e+00,0.000000000000000000e+00,0.000000000000000000e+00,0.000000000000000000e+00,0.000000000000000000e+00,0.000000000000000000e+00,0.000000000000000000e+00,0.000000000000000000e+00,0.000000000000000000e+00,0.000000000000000000e+00,0.000000000000000000e+00,0.000000000000000000e+00,0.000000000000000000e+00,0.000000000000000000e+00,0.000000000000000000e+00,0.000000000000000000e+00,0.000000000000000000e+00,0.000000000000000000e+00,0.000000000000000000e+00,0.000000000000000000e+00,0.000000000000000000e+00,0.000000000000000000e+00,0.000000000000000000e+00,0.000000000000000000e+00,0.000000000000000000e+00,0.000000000000000000e+00,0.000000000000000000e+00,0.000000000000000000e+00,0.000000000000000000e+00,0.000000000000000000e+00,0.000000000000000000e+00,0.000000000000000000e+00,0.000000000000000000e+00,0.000000000000000000e+00,0.000000000000000000e+00,0.000000000000000000e+00,0.000000000000000000e+00,0.000000000000000000e+00,0.000000000000000000e+00,0.000000000000000000e+00,0.000000000000000000e+00,0.000000000000000000e+00,0.000000000000000000e+00,0.000000000000000000e+00,0.000000000000000000e+00,0.000000000000000000e+00,0.000000000000000000e+00,0.000000000000000000e+00,0.000000000000000000e+00,0.000000000000000000e+00,0.000000000000000000e+00,0.000000000000000000e+00,0.000000000000000000e+00,0.000000000000000000e+00,0.000000000000000000e+00,0.000000000000000000e+00,0.000000000000000000e+00,0.000000000000000000e+00,0.000000000000000000e+00,0.000000000000000000e+00,0.000000000000000000e+00,0.000000000000000000e+00,0.000000000000000000e+00,0.000000000000000000e+00,0.000000000000000000e+00,0.000000000000000000e+00,0.000000000000000000e+00,0.000000000000000000e+00,0.000000000000000000e+00,0.000000000000000000e+00,0.000000000000000000e+00,0.000000000000000000e+00,0.000000000000000000e+00,0.000000000000000000e+00,0.000000000000000000e+00,0.000000000000000000e+00,0.000000000000000000e+00,0.000000000000000000e+00,0.000000000000000000e+00,0.000000000000000000e+00,0.000000000000000000e+00,0.000000000000000000e+00,0.000000000000000000e+00,0.000000000000000000e+00,0.000000000000000000e+00,0.000000000000000000e+00,0.000000000000000000e+00,0.000000000000000000e+00,0.000000000000000000e+00,0.000000000000000000e+00,0.000000000000000000e+00,0.000000000000000000e+00,0.000000000000000000e+00,0.000000000000000000e+00,0.000000000000000000e+00,0.000000000000000000e+00,0.000000000000000000e+00,0.000000000000000000e+00,0.000000000000000000e+00,0.000000000000000000e+00,0.000000000000000000e+00,0.000000000000000000e+00,0.000000000000000000e+00,0.000000000000000000e+00,0.000000000000000000e+00,0.000000000000000000e+00,0.000000000000000000e+00,0.000000000000000000e+00,0.000000000000000000e+00,0.000000000000000000e+00,0.000000000000000000e+00,0.000000000000000000e+00,0.000000000000000000e+00,0.000000000000000000e+00,0.000000000000000000e+00,0.000000000000000000e+00
CQ_h,0.000000000000000000e+00,0.000000000000000000e+00,0.000000000000000000e+00,0.000000000000000000e+00,0.000000000000000000e+00,0.000000000000000000e+00,0.000000000000000000e+00,0.000000000000000000e+00,0.000000000000000000e+00,0.000000000000000000e+00,0.000000000000000000e+00,0.000000000000000000e+00,0.000000000000000000e+00,0.000000000000000000e+00,0.000000000000000000e+00,0.000000000000000000e+00,0.000000000000000000e+00,0.000000000000000000e+00,0.000000000000000000e+00,0.000000000000000000e+00,0.000000000000000000e+00,0.000000000000000000e+00,0.000000000000000000e+00,0.000000000000000000e+00,0.000000000000000000e+00,0.000000000000000000e+00,0.000000000000000000e+00,0.000000000000000000e+00,0.000000000000000000e+00,0.000000000000000000e+00,0.000000000000000000e+00,0.000000000000000000e+00,0.000000000000000000e+00,0.000000000000000000e+00,0.000000000000000000e+00,0.000000000000000000e+00,0.000000000000000000e+00,0.000000000000000000e+00,0.000000000000000000e+00,0.000000000000000000e+00,0.000000000000000000e+00,0.000000000000000000e+00,0.000000000000000000e+00,0.000000000000000000e+00,0.000000000000000000e+00,0.000000000000000000e+00,0.000000000000000000e+00,0.000000000000000000e+00,0.000000000000000000e+00,0.000000000000000000e+00,0.000000000000000000e+00,0.000000000000000000e+00,0.000000000000000000e+00,0.000000000000000000e+00,0.000000000000000000e+00,0.000000000000000000e+00,0.000000000000000000e+00,0.000000000000000000e+00,0.000000000000000000e+00,0.000000000000000000e+00,0.000000000000000000e+00,0.000000000000000000e+00,0.000000000000000000e+00,0.000000000000000000e+00,0.000000000000000000e+00,0.000000000000000000e+00,0.000000000000000000e+00,0.000000000000000000e+00,0.000000000000000000e+00,0.000000000000000000e+00,0.000000000000000000e+00,0.000000000000000000e+00,0.000000000000000000e+00,0.000000000000000000e+00,0.000000000000000000e+00,0.000000000000000000e+00,0.000000000000000000e+00,0.000000000000000000e+00,0.000000000000000000e+00,0.000000000000000000e+00,0.000000000000000000e+00,0.000000000000000000e+00,0.000000000000000000e+00,0.000000000000000000e+00,0.000000000000000000e+00,0.000000000000000000e+00,0.000000000000000000e+00,0.000000000000000000e+00,0.000000000000000000e+00,0.000000000000000000e+00,0.000000000000000000e+00,0.000000000000000000e+00,0.000000000000000000e+00,0.000000000000000000e+00,0.000000000000000000e+00,0.000000000000000000e+00,0.000000000000000000e+00,0.000000000000000000e+00,0.000000000000000000e+00,0.000000000000000000e+00,0.000000000000000000e+00,0.000000000000000000e+00,0.000000000000000000e+00,0.000000000000000000e+00,0.000000000000000000e+00,0.000000000000000000e+00,0.000000000000000000e+00,0.000000000000000000e+00,0.000000000000000000e+00,0.000000000000000000e+00,0.000000000000000000e+00,0.000000000000000000e+00,0.000000000000000000e+00,0.000000000000000000e+00,0.000000000000000000e+00,0.000000000000000000e+00,0.000000000000000000e+00,0.000000000000000000e+00,0.000000000000000000e+00,0.000000000000000000e+00,0.000000000000000000e+00,0.000000000000000000e+00,0.000000000000000000e+00,0.000000000000000000e+00,0.000000000000000000e+00,0.000000000000000000e+00,0.000000000000000000e+00,0.000000000000000000e+00,0.000000000000000000e+00,0.000000000000000000e+00,0.000000000000000000e+00,0.000000000000000000e+00
CT,0.000000000000000000e+00,0.000000000000000000e+00,0.000000000000000000e+00,0.000000000000000000e+00,0.000000000000000000e+00,0.000000000000000000e+00,0.000000000000000000e+00,0.000000000000000000e+00,0.000000000000000000e+00,0.000000000000000000e+00,0.000000000000000000e+00,0.000000000000000000e+00,0.000000000000000000e+00,0.000000000000000000e+00,0.000000000000000000e+00,0.000000000000000000e+00,0.000000000000000000e+00,0.000000000000000000e+00,0.000000000000000000e+00,0.000000000000000000e+00,0.000000000000000000e+00,0.000000000000000000e+00,0.000000000000000000e+00,0.000000000000000000e+00,0.000000000000000000e+00,0.000000000000000000e+00,0.000000000000000000e+00,0.000000000000000000e+00,0.000000000000000000e+00,0.000000000000000000e+00,0.000000000000000000e+00,0.000000000000000000e+00,0.000000000000000000e+00,0.000000000000000000e+00,0.000000000000000000e+00,0.000000000000000000e+00,0.000000000000000000e+00,0.000000000000000000e+00,0.000000000000000000e+00,0.000000000000000000e+00,0.000000000000000000e+00,0.000000000000000000e+00,0.000000000000000000e+00,0.000000000000000000e+00,0.000000000000000000e+00,0.000000000000000000e+00,0.000000000000000000e+00,0.000000000000000000e+00,0.000000000000000000e+00,0.000000000000000000e+00,0.000000000000000000e+00,0.000000000000000000e+00,0.000000000000000000e+00,0.000000000000000000e+00,0.000000000000000000e+00,0.000000000000000000e+00,0.000000000000000000e+00,0.000000000000000000e+00,0.000000000000000000e+00,0.000000000000000000e+00,0.000000000000000000e+00,0.000000000000000000e+00,0.000000000000000000e+00,0.000000000000000000e+00,0.000000000000000000e+00,0.000000000000000000e+00,0.000000000000000000e+00,0.000000000000000000e+00,0.000000000000000000e+00,0.000000000000000000e+00,0.000000000000000000e+00,0.000000000000000000e+00,0.000000000000000000e+00,0.000000000000000000e+00,0.000000000000000000e+00,0.000000000000000000e+00,0.000000000000000000e+00,0.000000000000000000e+00,0.000000000000000000e+00,0.000000000000000000e+00,0.000000000000000000e+00,0.000000000000000000e+00,0.000000000000000000e+00,0.000000000000000000e+00,0.000000000000000000e+00,0.000000000000000000e+00,0.000000000000000000e+00,0.000000000000000000e+00,0.000000000000000000e+00,0.000000000000000000e+00,0.000000000000000000e+00,0.000000000000000000e+00,0.000000000000000000e+00,0.000000000000000000e+00,0.000000000000000000e+00,0.000000000000000000e+00,0.000000000000000000e+00,0.000000000000000000e+00,0.000000000000000000e+00,0.000000000000000000e+00,0.000000000000000000e+00,0.000000000000000000e+00,0.000000000000000000e+00,0.000000000000000000e+00,0.000000000000000000e+00,0.000000000000000000e+00,0.000000000000000000e+00,0.000000000000000000e+00,0.000000000000000000e+00,0.000000000000000000e+00,0.000000000000000000e+00,0.000000000000000000e+00,0.000000000000000000e+00,0.000000000000000000e+00,0.000000000000000000e+00,0.000000000000000000e+00,0.000000000000000000e+00,0.000000000000000000e+00,0.000000000000000000e+00,0.000000000000000000e+00,0.000000000000000000e+00,0.000000000000000000e+00,0.000000000000000000e+00,0.000000000000000000e+00,0.000000000000000000e+00,0.000000000000000000e+00,0.000000000000000000e+00,0.000000000000000000e+00,0.000000000000000000e+00,0.000000000000000000e+00,0.000000000000000000e+00,0.000000000000000000e+00
CT_h,0.000000000000000000e+00,0.000000000000000000e+00,0.000000000000000000e+00,0.000000000000000000e+00,0.000000000000000000e+00,0.000000000000000000e+00,0.000000000000000000e+00,0.000000000000000000e+00,0.000000000000000000e+00,0.000000000000000000e+00,0.000000000000000000e+00,0.000000000000000000e+00,0.000000000000000000e+00,0.000000000000000000e+00,0.000000000000000000e+00,0.000000000000000000e+00,0.000000000000000000e+00,0.000000000000000000e+00,0.000000000000000000e+00,0.000000000000000000e+00,0.000000000000000000e+00,0.000000000000000000e+00,0.000000000000000000e+00,0.000000000000000000e+00,0.000000000000000000e+00,0.000000000000000000e+00,0.000000000000000000e+00,0.000000000000000000e+00,0.000000000000000000e+00,0.000000000000000000e+00,0.000000000000000000e+00,0.000000000000000000e+00,0.000000000000000000e+00,0.000000000000000000e+00,0.000000000000000000e+00,0.000000000000000000e+00,0.000000000000000000e+00,0.000000000000000000e+00,0.000000000000000000e+00,0.000000000000000000e+00,0.000000000000000000e+00,0.000000000000000000e+00,0.000000000000000000e+00,0.000000000000000000e+00,0.000000000000000000e+00,0.000000000000000000e+00,0.000000000000000000e+00,0.000000000000000000e+00,0.000000000000000000e+00,0.000000000000000000e+00,0.000000000000000000e+00,0.000000000000000000e+00,0.000000000000000000e+00,0.000000000000000000e+00,0.000000000000000000e+00,0.000000000000000000e+00,0.000000000000000000e+00,0.000000000000000000e+00,0.000000000000000000e+00,0.000000000000000000e+00,0.000000000000000000e+00,0.000000000000000000e+00,0.000000000000000000e+00,0.000000000000000000e+00,0.000000000000000000e+00,0.000000000000000000e+00,0.000000000000000000e+00,0.000000000000000000e+00,0.000000000000000000e+00,0.000000000000000000e+00,0.000000000000000000e+00,0.000000000000000000e+00,0.000000000000000000e+00,0.000000000000000000e+00,0.000000000000000000e+00,0.000000000000000000e+00,0.000000000000000000e+00,0.000000000000000000e+00,0.000000000000000000e+00,0.000000000000000000e+00,0.000000000000000000e+00,0.000000000000000000e+00,0.000000000000000000e+00,0.000000000000000000e+00,0.000000000000000000e+00,0.000000000000000000e+00,0.000000000000000000e+00,0.000000000000000000e+00,0.000000000000000000e+00,0.000000000000000000e+00,0.000000000000000000e+00,0.000000000000000000e+00,0.000000000000000000e+00,0.000000000000000000e+00,0.000000000000000000e+00,0.000000000000000000e+00,0.000000000000000000e+00,0.000000000000000000e+00,0.000000000000000000e+00,0.000000000000000000e+00,0.000000000000000000e+00,0.000000000000000000e+00,0.000000000000000000e+00,0.000000000000000000e+00,0.000000000000000000e+00,0.000000000000000000e+00,0.000000000000000000e+00,0.000000000000000000e+00,0.000000000000000000e+00,0.000000000000000000e+00,0.000000000000000000e+00,0.000000000000000000e+00,0.000000000000000000e+00,0.000000000000000000e+00,0.000000000000000000e+00,0.000000000000000000e+00,0.000000000000000000e+00,0.000000000000000000e+00,0.000000000000000000e+00,0.000000000000000000e+00,0.000000000000000000e+00,0.000000000000000000e+00,0.000000000000000000e+00,0.000000000000000000e+00,0.000000000000000000e+00,0.000000000000000000e+00,0.000000000000000000e+00,0.000000000000000000e+00,0.000000000000000000e+00,0.000000000000000000e+00,0.000000000000000000e+00,0.000000000000000000e+00
Chord,2.977700000000000102e+01,2.852943000000000140e+01,2.728186000000000178e+01,2.603428999999999860e+01,2.478671999999999898e+01,2.353914999999999935e+01,2.229157999999999973e+01,2.104401000000000010e+01,1.979644000000000048e+01,1.854887000000000086e+01,1.730130000000000123e+01,1.605373000000000161e+01,1.480700000000000038e+01,8.801230000000000331e+00,1.384140000000000015e+01,1.315947000000000067e+01,1.247753999999999941e+01,1.179562999999999917e+01,1.111373000000000033e+01,1.043182999999999971e+01,9.749940000000000495e+00,9.068049999999999500e+00,8.386169999999999902e+00,7.704279999999999795e+00,7.022400000000000198e+00,6.340510000000000090e+00,5.658610000000000362e+00,2.977700000000000102e+01,2.852943000000000140e+01,2.728186000000000178e+01,2.603428999999999860e+01,2.478671999999999898e+01,2.353914999999999935e+01,2.229157999999999973e+01,2.104401000000000010e+01,1.979644000000000048e+01,1.854887000000000086e+01,1.730130000000000123e+01,1.605373000000000161e+01,1.480700000000000038e+01,8.801230000000000331e+00,1.384140000000000015e+01,1.315947000000000067e+01,1.247753999999999941e+01,1.179562999999999917e+01,1.111373000000000033e+01,1.043182999999999971e+01,9.749940000000000495e+00,9.068049999999999500e+00,8.386169999999999902e+00,7.704279999999999795e+00,7.022400000000000198e+00,6.340510000000000090e+00,5.658610000000000362e+00,7.989690000000000403e+00,7.660590000000000011e+00,7.331489999999999618e+00,7.002390000000000114e+00,6.673289999999999722e+00,6.344190000000000218e+00,6.015089999999999826e+00,5.685990000000000322e+00,5.356889999999999930e+00,5.027790000000000425e+00,4.698690000000000033e+00,4.369589999999999641e+00,4.040490000000000137e+00,7.989690000000000403e+00,7.660590000000000011e+00,7.331489999999999618e+00,7.002390000000000114e+00,6.673289999999999722e+00,6.344190000000000218e+00,6.015089999999999826e+00,5.685990000000000322e+00,5.356889999999999930e+00,5.027790000000000425e+00,4.698690000000000033e+00,4.369589999999999641e+00,4.040490000000000137e+00,1.721802999999999884e+01,1.656919999999999860e+01,1.596177999999999919e+01,1.535436999999999941e+01,1.474695999999999962e+01,1.413954999999999984e+01,1.353214000000000006e+01,1.292472000000000065e+01,1.231731000000000087e+01,1.170989999999999931e+01,1.110248999999999953e+01,1.049507999999999974e+01,9.887660000000000338e+00,9.299260000000000304e+00,8.729860000000000397e+00,8.160460000000000491e+00,7.591059999999999697e+00,7.021659999999999791e+00,6.452259999999999884e+00,5.882859999999999978e+00,5.313460000000000072e+00,4.744060000000000166e+00,4.174660000000000259e+00,3.605259999999999909e+00,3.035860000000000003e+00,2.466460000000000097e+00,1.721802999999999884e+01,1.656919999999999860e+01,1.596177999999999919e+01,1.535436999999999941e+01,1.474695999999999962e+01,1.413954999999999984e+01,1.353214000000000006e+01,1.292472000000000065e+01,1.231731000000000087e+01,1.170989999999999931e+01,1.110248999999999953e+01,1.049507999999999974e+01,9.887660000000000338e+00,9.299260000000000304e+00,8.729860000000000397e+00,8.160460000000000491e+00,7.591059999999999697e+00,7.021659999999999791e+00,6.452259999999999884e+00,5.882859999999999978e+00,5.313460000000000072e+00,4.744060000000000166e+00,4.174660000000000259e+00,3.605259999999999909e+00,3.035860000000000003e+00,2.466460000000000097e+00
Diameter,0.000000000000000000e+00,0.000000000000000000e+00,0.000000000000000000e+00,0.000000000000000000e+00,0.000000000000000000e+00,0.000000000000000000e+00,0.000000000000000000e+00,0.000000000000000000e+00,0.000000000000000000e+00,0.000000000000000000e+00,0.000000000000000000e+00,0.000000000000000000e+00,0.000000000000000000e+00,0.000000000000000000e+00,0.000000000000000000e+00,0.000000000000000000e+00,0.000000000000000000e+00,0.000000000000000000e+00,0.000000000000000000e+00,0.000000000000000000e+00,0.000000000000000000e+00,0.000000000000000000e+00,0.000000000000000000e+00,0.000000000000000000e+00,0.000000000000000000e+00,0.000000000000000000e+00,0.000000000000000000e+00,0.000000000000000000e+00,0.000000000000000000e+00,0.000000000000000000e+00,0.000000000000000000e+00,0.000000000000000000e+00,0.000000000000000000e+00,0.000000000000000000e+00,0.000000000000000000e+00,0.000000000000000000e+00,0.000000000000000000e+00,0.000000000000000000e+00,0.000000000000000000e+00,0.000000000000000000e+00,0.000000000000000000e+00,0.000000000000000000e+00,0.000000000000000000e+00,0.000000000000000000e+00,0.000000000000000000e+00,0.000000000000000000e+00,0.000000000000000000e+00,0.000000000000000000e+00,0.000000000000000000e+00,0.000000000000000000e+00,0.000000000000000000e+00,0.000000000000000000e+00,0.000000000000000000e+00,0.000000000000000000e+00,0.000000000000000000e+00,0.000000000000000000e+00,0.000000000000000000e+00,0.000000000000000000e+00,0.000000000000000000e+00,0.000000000000000000e+00,0.000000000000000000e+00,0.000000000000000000e+00,0.000000000000000000e+00,0.000000000000000000e+00,0.000000000000000000e+00,0.000000000000000000e+00,0.000000000000000000e+00,0.000000000000000000e+00,0.000000000000000000e+00,0.000000000000000000e+00,0.000000000000000000e+00,0.000000000000000000e+00,0.000000000000000000e+00,0.000000000000000000e+00,0.000000000000000000e+00,0.000000000000000000e+00,0.000000000000000000e+00,0.000000000000000000e+00,0.000000000000000000e+00,0.000000000000000000e+00,0.000000000000000000e+00,0.000000000000000000e+00,0.000000000000000000e+00,0.000000000000000000e+00,0.000000000000000000e+00,0.000000000000000000e+00,0.000000000000000000e+00,0.000000000000000000e+00,0.000000000000000000e+00,0.000000000000000000e+00,0.000000000000000000e+00,0.000000000000000000e+00,0.000000000000000000e+00,0.000000000000000000e+00,0.000000000000000000e+00,0.000000000000000000e+00,0.000000000000000000e+00,0.000000000000000000e+00,0.000000000000000000e+00,0.000000000000000000e+00,0.000000000000000000e+00,0.000000000000000000e+00,0.000000000000000000e+00,0.000000000000000000e+00,0.000000000000000000e+00,0.000000000000000000e+00,0.000000000000000000e+00,0.000000000000000000e+00,0.000000000000000000e+00,0.000000000000000000e+00,0.000000000000000000e+00,0.000000000000000000e+00,0.000000000000000000e+00,0.000000000000000000e+00,0.000000000000000000e+00,0.000000000000000000e+00,0.000000000000000000e+00,0.000000000000000000e+00,0.000000000000000000e+00,0.000000000000000000e+00,0.000000000000000000e+00,0.000000000000000000e+00,0.000000000000000000e+00,0.000000000000000000e+00,0.000000000000000000e+00,0.000000000000000000e+00,0.000000000000000000e+00,0.000000000000000000e+00,0.000000000000000000e+00,0.000000000000000000e+00,0.000000000000000000e+00,0.000000000000000000e+00
ETAP,0.000000000000000000e+00,0.000000000000000000e+00,0.000000000000000000e+00,0.000000000000000000e+00,0.000000000000000000e+00,0.000000000000000000e+00,0.000000000000000000e+00,0.000000000000000000e+00,0.000000000000000000e+00,0.000000000000000000e+00,0.000000000000000000e+00,0.000000000000000000e+00,0.000000000000000000e+00,0.000000000000000000e+00,0.000000000000000000e+00,0.000000000000000000e+00,0.000000000000000000e+00,0.000000000000000000e+00,0.000000000000000000e+00,0.000000000000000000e+00,0.000000000000000000e+00,0.000000000000000000e+00,0.000000000000000000e+00,0.000000000000000000e+00,0.000000000000000000e+00,0.000000000000000000e+00,0.000000000000000000e+00,0.000000000000000000e+00,0.000000000000000000e+00,0.000000000000000000e+00,0.000000000000000000e+00,0.000000000000000000e+00,0.000000000000000000e+00,0.000000000000000000e+00,0.000000000000000000e+00,0.000000000000000000e+00,0.000000000000000000e+00,0.000000000000000000e+00,0.000000000000000000e+00,0.000000000000000000e+00,0.000000000000000000e+00,0.000000000000000000e+00,0.000000000000000000e+00,0.000000000000000000e+00,0.000000000000000000e+00,0.000000000000000000e+00,0.000000000000000000e+00,0.000000000000000000e+00,0.000000000000000000e+00,0.000000000000000000e+00,0.000000000000000000e+00,0.000000000000000000e+00,0.000000000000000000e+00,0.000000000000000000e+00,0.000000000000000000e+00,0.000000000000000000e+00,0.000000000000000000e+00,0.000000000000000000e+00,0.000000000000000000e+00,0.000000000000000000e+00,0.000000000000000000e+00,0.000000000000000000e+00,0.000000000000000000e+00,0.000000000000000000e+00,0.000000000000000000e+00,0.000000000000000000e+00,0.000000000000000000e+00,0.000000000000000000e+00,0.000000000000000000e+00,0.000000000000000000e+00,0.000000000000000000e+00,0.000000000000000000e+00,0.000000000000000000e+00,0.000000000000000000e+00,0.000000000000000000e+00,0.000000000000000000e+00,0.000000000000000000e+00,0.000000000000000000e+00,0.000000000000000000e+00,0.000000000000000000e+00,0.000000000000000000e+00,0.000000000000000000e+00,0.000000000000000000e+00,0.000000000000000000e+00,0.000000000000000000e+00,0.000000000000000000e+00,0.000000000000000000e+00,0.000000000000000000e+00,0.000000000000000000e+00,0.000000000000000000e+00,0.000000000000000000e+00,0.000000000000000000e+00,0.000000000000000000e+00,0.000000000000000000e+00,0.000000000000000000e+00,0.000000000000000000e+00,0.000000000000000000e+00,0.000000000000000000e+00,0.000000000000000000e+00,0.000000000000000000e+00,0.000000000000000000e+00,0.000000000000000000e+00,0.000000000000000000e+00,0.000000000000000000e+00,0.000000000000000000e+00,0.000000000000000000e+00,0.000000000000000000e+00,0.000000000000000000e+00,0.000000000000000000e+00,0.000000000000000000e+00,0.000000000000000000e+00,0.000000000000000000e+00,0.000000000000000000e+00,0.000000000000000000e+00,0.000000000000000000e+00,0.000000000000000000e+00,0.000000000000000000e+00,0.000000000000000000e+00,0.000000000000000000e+00,0.000000000000000000e+00,0.000000000000000000e+00,0.000000000000000000e+00,0.000000000000000000e+00,0.000000000000000000e+00,0.000000000000000000e+00,0.000000000000000000e+00,0.000000000000000000e+00,0.000000000000000000e+00,0.000000000000000000e+00,0.000000000000000000e+00,0.000000000000000000e+00,0.000000000000000000e+00
FC_AoA_,1.000000000000000000e+00
FC_Beta_,0.000000000000000000e+00
FC_Bref_,3.727034100000000194e+01
FC_Cref_,1.236139999999999972e+01
FC_Mach_,1.199999999999999956e+00
FC_Pitch_Rate,0.000000000000000000e+00
FC_Rho_,2.377000000000000206e-03
FC_Roll__Rate,0.000000000000000000e+00
FC_Sref_,4.096313739999999939e+02
FC_Vinf_,1.000000000000000000e+02
FC_Xcg_,2.046778000000000119e+01
FC_Yaw___Rate,0.000000000000000000e+00
FC_Ycg_,0.000000000000000000e+00
FC_Zcg_,0.000000000000000000e+00
FOM,0.000000000000000000e+00,0.000000000000000000e+00,0.000000000000000000e+00,0.000000000000000000e+00,0.000000000000000000e+00,0.000000000000000000e+00,0.000000000000000000e+00,0.000000000000000000e+00,0.000000000000000000e+00,0.000000000000000000e+00,0.000000000000000000e+00,0.000000000000000000e+00,0.000000000000000000e+00,0.000000000000000000e+00,0.000000000000000000e+00,0.000000000000000000e+00,0.000000000000000000e+00,0.000000000000000000e+00,0.000000000000000000e+00,0.000000000000000000e+00,0.000000000000000000e+00,0.000000000000000000e+00,0.000000000000000000e+00,0.000000000000000000e+00,0.000000000000000000e+00,0.000000000000000000e+00,0.000000000000000000e+00,0.000000000000000000e+00,0.000000000000000000e+00,0.000000000000000000e+00,0.000000000000000000e+00,0.000000000000000000e+00,0.000000000000000000e+00,0.000000000000000000e+00,0.000000000000000000e+00,0.000000000000000000e+00,0.000000000000000000e+00,0.000000000000000000e+00,0.000000000000000000e+00,0.000000000000000000e+00,0.000000000000000000e+00,0.000000000000000000e+00,0.000000000000000000e+00,0.000000000000000000e+00,0.000000000000000000e+00,0.000000000000000000e+00,0.000000000000000000e+00,0.000000000000000000e+00,0.000000000000000000e+00,0.000000000000000000e+00,0.000000000000000000e+00,0.000000000000000000e+00,0.000000000000000000e+00,0.000000000000000000e+00,0.000000000000000000e+00,0.000000000000000000e+00,0.000000000000000000e+00,0.000000000000000000e+00,0.000000000000000000e+00,0.000000000000000000e+00,0.000000000000000000e+00,0.000000000000000000e+00,0.000000000000000000e+00,0.000000000000000000e+00,0.000000000000000000e+00,0.000000000000000000e+00,0.000000000000000000e+00,0.000000000000000000e+00,0.000000000000000000e+00,0.000000000000000000e+00,0.000000000000000000e+00,0.000000000000000000e+00,0.000000000000000000e+00,0.000000000000000000e+00,0.000000000000000000e+00,0.000000000000000000e+00,0.000000000000000000e+00,0.000000000000000000e+00,0.000000000000000000e+00,0.000000000000000000e+00,0.000000000000000000e+00,0.000000000000000000e+00,0.000000000000000000e+00,0.000000000000000000e+00,0.000000000000000000e+00,0.000000000000000000e+00,0.000000000000000000e+00,0.000000000000000000e+00,0.000000000000000000e+00,0.000000000000000000e+00,0.000000000000000000e+00,0.000000000000000000e+00,0.000000000000000000e+00,0.000000000000000000e+00,0.000000000000000000e+00,0.000000000000000000e+00,0.000000000000000000e+00,0.000000000000000000e+00,0.000000000000000000e+00,0.000000000000000000e+00,0.000000000000000000e+00,0.000000000000000000e+00,0.000000000000000000e+00,0.000000000000000000e+00,0.000000000000000000e+00,0.000000000000000000e+00,0.000000000000000000e+00,0.000000000000000000e+00,0.000000000000000000e+00,0.000000000000000000e+00,0.000000000000000000e+00,0.000000000000000000e+00,0.000000000000000000e+00,0.000000000000000000e+00,0.000000000000000000e+00,0.000000000000000000e+00,0.000000000000000000e+00,0.000000000000000000e+00,0.000000000000000000e+00,0.000000000000000000e+00,0.000000000000000000e+00,0.000000000000000000e+00,0.000000000000000000e+00,0.000000000000000000e+00,0.000000000000000000e+00,0.000000000000000000e+00,0.000000000000000000e+00,0.000000000000000000e+00,0.000000000000000000e+00,0.000000000000000000e+00,0.000000000000000000e+00,0.000000000000000000e+00
IsARotor,0,0,0,0,0,0,0,0,0,0,0,0,0,0,0,0,0,0,0,0,0,0,0,0,0,0,0,0,0,0,0,0,0,0,0,0,0,0,0,0,0,0,0,0,0,0,0,0,0,0,0,0,0,0,0,0,0,0,0,0,0,0,0,0,0,0,0,0,0,0,0,0,0,0,0,0,0,0,0,0,0,0,0,0,0,0,0,0,0,0,0,0,0,0,0,0,0,0,0,0,0,0,0,0,0,0,0,0,0,0,0,0,0,0,0,0,0,0,0,0,0,0,0,0,0,0,0,0,0,0,0,0
Iter,6,6,6,6,6,6,6,6,6,6,6,6,6,6,6,6,6,6,6,6,6,6,6,6,6,6,6,6,6,6,6,6,6,6,6,6,6,6,6,6,6,6,6,6,6,6,6,6,6,6,6,6,6,6,6,6,6,6,6,6,6,6,6,6,6,6,6,6,6,6,6,6,6,6,6,6,6,6,6,6,6,6,6,6,6,6,6,6,6,6,6,6,6,6,6,6,6,6,6,6,6,6,6,6,6,6,6,6,6,6,6,6,6,6,6,6,6,6,6,6,6,6,6,6,6,6,6,6,6,6,6,6
J,0.000000000000000000e+00,0.000000000000000000e+00,0.000000000000000000e+00,0.000000000000000000e+00,0.000000000000000000e+00,0.000000000000000000e+00,0.000000000000000000e+00,0.000000000000000000e+00,0.000000000000000000e+00,0.000000000000000000e+00,0.000000000000000000e+00,0.000000000000000000e+00,0.000000000000000000e+00,0.000000000000000000e+00,0.000000000000000000e+00,0.000000000000000000e+00,0.000000000000000000e+00,0.000000000000000000e+00,0.000000000000000000e+00,0.000000000000000000e+00,0.000000000000000000e+00,0.000000000000000000e+00,0.000000000000000000e+00,0.000000000000000000e+00,0.000000000000000000e+00,0.000000000000000000e+00,0.000000000000000000e+00,0.000000000000000000e+00,0.000000000000000000e+00,0.000000000000000000e+00,0.000000000000000000e+00,0.000000000000000000e+00,0.000000000000000000e+00,0.000000000000000000e+00,0.000000000000000000e+00,0.000000000000000000e+00,0.000000000000000000e+00,0.000000000000000000e+00,0.000000000000000000e+00,0.000000000000000000e+00,0.000000000000000000e+00,0.000000000000000000e+00,0.000000000000000000e+00,0.000000000000000000e+00,0.000000000000000000e+00,0.000000000000000000e+00,0.000000000000000000e+00,0.000000000000000000e+00,0.000000000000000000e+00,0.000000000000000000e+00,0.000000000000000000e+00,0.000000000000000000e+00,0.000000000000000000e+00,0.000000000000000000e+00,0.000000000000000000e+00,0.000000000000000000e+00,0.000000000000000000e+00,0.000000000000000000e+00,0.000000000000000000e+00,0.000000000000000000e+00,0.000000000000000000e+00,0.000000000000000000e+00,0.000000000000000000e+00,0.000000000000000000e+00,0.000000000000000000e+00,0.000000000000000000e+00,0.000000000000000000e+00,0.000000000000000000e+00,0.000000000000000000e+00,0.000000000000000000e+00,0.000000000000000000e+00,0.000000000000000000e+00,0.000000000000000000e+00,0.000000000000000000e+00,0.000000000000000000e+00,0.000000000000000000e+00,0.000000000000000000e+00,0.000000000000000000e+00,0.000000000000000000e+00,0.000000000000000000e+00,0.000000000000000000e+00,0.000000000000000000e+00,0.000000000000000000e+00,0.000000000000000000e+00,0.000000000000000000e+00,0.000000000000000000e+00,0.000000000000000000e+00,0.000000000000000000e+00,0.000000000000000000e+00,0.000000000000000000e+00,0.000000000000000000e+00,0.000000000000000000e+00,0.000000000000000000e+00,0.000000000000000000e+00,0.000000000000000000e+00,0.000000000000000000e+00,0.000000000000000000e+00,0.000000000000000000e+00,0.000000000000000000e+00,0.000000000000000000e+00,0.000000000000000000e+00,0.000000000000000000e+00,0.000000000000000000e+00,0.000000000000000000e+00,0.000000000000000000e+00,0.000000000000000000e+00,0.000000000000000000e+00,0.000000000000000000e+00,0.000000000000000000e+00,0.000000000000000000e+00,0.000000000000000000e+00,0.000000000000000000e+00,0.000000000000000000e+00,0.000000000000000000e+00,0.000000000000000000e+00,0.000000000000000000e+00,0.000000000000000000e+00,0.000000000000000000e+00,0.000000000000000000e+00,0.000000000000000000e+00,0.000000000000000000e+00,0.000000000000000000e+00,0.000000000000000000e+00,0.000000000000000000e+00,0.000000000000000000e+00,0.000000000000000000e+00,0.000000000000000000e+00,0.000000000000000000e+00,0.000000000000000000e+00,0.000000000000000000e+00,0.000000000000000000e+00,0.000000000000000000e+00
Moment,0.000000000000000000e+00,0.000000000000000000e+00,0.000000000000000000e+00,0.000000000000000000e+00,0.000000000000000000e+00,0.000000000000000000e+00,0.000000000000000000e+00,0.000000000000000000e+00,0.000000000000000000e+00,0.000000000000000000e+00,0.000000000000000000e+00,0.000000000000000000e+00,0.000000000000000000e+00,0.000000000000000000e+00,0.000000000000000000e+00,0.000000000000000000e+00,0.000000000000000000e+00,0.000000000000000000e+00,0.000000000000000000e+00,0.000000000000000000e+00,0.000000000000000000e+00,0.000000000000000000e+00,0.000000000000000000e+00,0.000000000000000000e+00,0.000000000000000000e+00,0.000000000000000000e+00,0.000000000000000000e+00,0.000000000000000000e+00,0.000000000000000000e+00,0.000000000000000000e+00,0.000000000000000000e+00,0.000000000000000000e+00,0.000000000000000000e+00,0.000000000000000000e+00,0.000000000000000000e+00,0.000000000000000000e+00,0.000000000000000000e+00,0.000000000000000000e+00,0.000000000000000000e+00,0.000000000000000000e+00,0.000000000000000000e+00,0.000000000000000000e+00,0.000000000000000000e+00,0.000000000000000000e+00,0.000000000000000000e+00,0.000000000000000000e+00,0.000000000000000000e+00,0.000000000000000000e+00,0.000000000000000000e+00,0.000000000000000000e+00,0.000000000000000000e+00,0.000000000000000000e+00,0.000000000000000000e+00,0.000000000000000000e+00,0.000000000000000000e+00,0.000000000000000000e+00,0.000000000000000000e+00,0.000000000000000000e+00,0.000000000000000000e+00,0.000000000000000000e+00,0.000000000000000000e+00,0.000000000000000000e+00,0.000000000000000000e+00,0.000000000000000000e+00,0.000000000000000000e+00,0.000000000000000000e+00,0.000000000000000000e+00,0.000000000000000000e+00,0.000000000000000000e+00,0.000000000000000000e+00,0.000000000000000000e+00,0.000000000000000000e+00,0.000000000000000000e+00,0.000000000000000000e+00,0.000000000000000000e+00,0.000000000000000000e+00,0.000000000000000000e+00,0.000000000000000000e+00,0.000000000000000000e+00,0.000000000000000000e+00,0.000000000000000000e+00,0.000000000000000000e+00,0.000000000000000000e+00,0.000000000000000000e+00,0.000000000000000000e+00,0.000000000000000000e+00,0.000000000000000000e+00,0.000000000000000000e+00,0.000000000000000000e+00,0.000000000000000000e+00,0.000000000000000000e+00,0.000000000000000000e+00,0.000000000000000000e+00,0.000000000000000000e+00,0.000000000000000000e+00,0.000000000000000000e+00,0.000000000000000000e+00,0.000000000000000000e+00,0.000000000000000000e+00,0.000000000000000000e+00,0.000000000000000000e+00,0.000000000000000000e+00,0.000000000000000000e+00,0.000000000000000000e+00,0.000000000000000000e+00,0.000000000000000000e+00,0.000000000000000000e+00,0.000000000000000000e+00,0.000000000000000000e+00,0.000000000000000000e+00,0.000000000000000000e+00,0.000000000000000000e+00,0.000000000000000000e+00,0.000000000000000000e+00,0.000000000000000000e+00,0.000000000000000000e+00,0.000000000000000000e+00,0.000000000000000000e+00,0.000000000000000000e+00,0.000000000000000000e+00,0.000000000000000000e+00,0.000000000000000000e+00,0.000000000000000000e+00,0.000000000000000000e+00,0.000000000000000000e+00,0.000000000000000000e+00,0.000000000000000000e+00,0.000000000000000000e+00,0.000000000000000000e+00,0.000000000000000000e+00,0.000000000000000000e+00,0.000000000000000000e+00
Momenti,0.000000000000000000e+00,0.000000000000000000e+00,0.000000000000000000e+00,0.000000000000000000e+00,0.000000000000000000e+00,0.000000000000000000e+00,0.000000000000000000e+00,0.000000000000000000e+00,0.000000000000000000e+00,0.000000000000000000e+00,0.000000000000000000e+00,0.000000000000000000e+00,0.000000000000000000e+00,0.000000000000000000e+00,0.000000000000000000e+00,0.000000000000000000e+00,0.000000000000000000e+00,0.000000000000000000e+00,0.000000000000000000e+00,0.000000000000000000e+00,0.000000000000000000e+00,0.000000000000000000e+00,0.000000000000000000e+00,0.000000000000000000e+00,0.000000000000000000e+00,0.000000000000000000e+00,0.000000000000000000e+00,0.000000000000000000e+00,0.000000000000000000e+00,0.000000000000000000e+00,0.000000000000000000e+00,0.000000000000000000e+00,0.000000000000000000e+00,0.000000000000000000e+00,0.000000000000000000e+00,0.000000000000000000e+00,0.000000000000000000e+00,0.000000000000000000e+00,0.000000000000000000e+00,0.000000000000000000e+00,0.000000000000000000e+00,0.000000000000000000e+00,0.000000000000000000e+00,0.000000000000000000e+00,0.000000000000000000e+00,0.000000000000000000e+00,0.000000000000000000e+00,0.000000000000000000e+00,0.000000000000000000e+00,0.000000000000000000e+00,0.000000000000000000e+00,0.000000000000000000e+00,0.000000000000000000e+00,0.000000000000000000e+00,0.000000000000000000e+00,0.000000000000000000e+00,0.000000000000000000e+00,0.000000000000000000e+00,0.000000000000000000e+00,0.000000000000000000e+00,0.000000000000000000e+00,0.000000000000000000e+00,0.000000000000000000e+00,0.000000000000000000e+00,0.000000000000000000e+00,0.000000000000000000e+00,0.000000000000000000e+00,0.000000000000000000e+00,0.000000000000000000e+00,0.000000000000000000e+00,0.000000000000000000e+00,0.000000000000000000e+00,0.000000000000000000e+00,0.000000000000000000e+00,0.000000000000000000e+00,0.000000000000000000e+00,0.000000000000000000e+00,0.000000000000000000e+00,0.000000000000000000e+00,0.000000000000000000e+00,0.000000000000000000e+00,0.000000000000000000e+00,0.000000000000000000e+00,0.000000000000000000e+00,0.000000000000000000e+00,0.000000000000000000e+00,0.000000000000000000e+00,0.000000000000000000e+00,0.000000000000000000e+00,0.000000000000000000e+00,0.000000000000000000e+00,0.000000000000000000e+00,0.000000000000000000e+00,0.000000000000000000e+00,0.000000000000000000e+00,0.000000000000000000e+00,0.000000000000000000e+00,0.000000000000000000e+00,0.000000000000000000e+00,0.000000000000000000e+00,0.000000000000000000e+00,0.000000000000000000e+00,0.000000000000000000e+00,0.000000000000000000e+00,0.000000000000000000e+00,0.000000000000000000e+00,0.000000000000000000e+00,0.000000000000000000e+00,0.000000000000000000e+00,0.000000000000000000e+00,0.000000000000000000e+00,0.000000000000000000e+00,0.000000000000000000e+00,0.000000000000000000e+00,0.000000000000000000e+00,0.000000000000000000e+00,0.000000000000000000e+00,0.000000000000000000e+00,0.000000000000000000e+00,0.000000000000000000e+00,0.000000000000000000e+00,0.000000000000000000e+00,0.000000000000000000e+00,0.000000000000000000e+00,0.000000000000000000e+00,0.000000000000000000e+00,0.000000000000000000e+00,0.000000000000000000e+00,0.000000000000000000e+00,0.000000000000000000e+00,0.000000000000000000e+00,0.000000000000000000e+00
Momento,0.000000000000000000e+00,0.000000000000000000e+00,0.000000000000000000e+00,0.000000000000000000e+00,0.000000000000000000e+00,0.000000000000000000e+00,0.000000000000000000e+00,0.000000000000000000e+00,0.000000000000000000e+00,0.000000000000000000e+00,0.000000000000000000e+00,0.000000000000000000e+00,0.000000000000000000e+00,0.000000000000000000e+00,0.000000000000000000e+00,0.000000000000000000e+00,0.000000000000000000e+00,0.000000000000000000e+00,0.000000000000000000e+00,0.000000000000000000e+00,0.000000000000000000e+00,0.000000000000000000e+00,0.000000000000000000e+00,0.000000000000000000e+00,0.000000000000000000e+00,0.000000000000000000e+00,0.000000000000000000e+00,0.000000000000000000e+00,0.000000000000000000e+00,0.000000000000000000e+00,0.000000000000000000e+00,0.000000000000000000e+00,0.000000000000000000e+00,0.000000000000000000e+00,0.000000000000000000e+00,0.000000000000000000e+00,0.000000000000000000e+00,0.000000000000000000e+00,0.000000000000000000e+00,0.000000000000000000e+00,0.000000000000000000e+00,0.000000000000000000e+00,0.000000000000000000e+00,0.000000000000000000e+00,0.000000000000000000e+00,0.000000000000000000e+00,0.000000000000000000e+00,0.000000000000000000e+00,0.000000000000000000e+00,0.000000000000000000e+00,0.000000000000000000e+00,0.000000000000000000e+00,0.000000000000000000e+00,0.000000000000000000e+00,0.000000000000000000e+00,0.000000000000000000e+00,0.000000000000000000e+00,0.000000000000000000e+00,0.000000000000000000e+00,0.000000000000000000e+00,0.000000000000000000e+00,0.000000000000000000e+00,0.000000000000000000e+00,0.000000000000000000e+00,0.000000000000000000e+00,0.000000000000000000e+00,0.000000000000000000e+00,0.000000000000000000e+00,0.000000000000000000e+00,0.000000000000000000e+00,0.000000000000000000e+00,0.000000000000000000e+00,0.000000000000000000e+00,0.000000000000000000e+00,0.000000000000000000e+00,0.000000000000000000e+00,0.000000000000000000e+00,0.000000000000000000e+00,0.000000000000000000e+00,0.000000000000000000e+00,0.000000000000000000e+00,0.000000000000000000e+00,0.000000000000000000e+00,0.000000000000000000e+00,0.000000000000000000e+00,0.000000000000000000e+00,0.000000000000000000e+00,0.000000000000000000e+00,0.000000000000000000e+00,0.000000000000000000e+00,0.000000000000000000e+00,0.000000000000000000e+00,0.000000000000000000e+00,0.000000000000000000e+00,0.000000000000000000e+00,0.000000000000000000e+00,0.000000000000000000e+00,0.000000000000000000e+00,0.000000000000000000e+00,0.000000000000000000e+00,0.000000000000000000e+00,0.000000000000000000e+00,0.000000000000000000e+00,0.000000000000000000e+00,0.000000000000000000e+00,0.000000000000000000e+00,0.000000000000000000e+00,0.000000000000000000e+00,0.000000000000000000e+00,0.000000000000000000e+00,0.000000000000000000e+00,0.000000000000000000e+00,0.000000000000000000e+00,0.000000000000000000e+00,0.000000000000000000e+00,0.000000000000000000e+00,0.000000000000000000e+00,0.000000000000000000e+00,0.000000000000000000e+00,0.000000000000000000e+00,0.000000000000000000e+00,0.000000000000000000e+00,0.000000000000000000e+00,0.000000000000000000e+00,0.000000000000000000e+00,0.000000000000000000e+00,0.000000000000000000e+00,0.000000000000000000e+00,0.000000000000000000e+00,0.000000000000000000e+00,0.000000000000000000e+00,0.000000000000000000e+00
Power,0.000000000000000000e+00,0.000000000000000000e+00,0.000000000000000000e+00,0.000000000000000000e+00,0.000000000000000000e+00,0.000000000000000000e+00,0.000000000000000000e+00,0.000000000000000000e+00,0.000000000000000000e+00,0.000000000000000000e+00,0.000000000000000000e+00,0.000000000000000000e+00,0.000000000000000000e+00,0.000000000000000000e+00,0.000000000000000000e+00,0.000000000000000000e+00,0.000000000000000000e+00,0.000000000000000000e+00,0.000000000000000000e+00,0.000000000000000000e+00,0.000000000000000000e+00,0.000000000000000000e+00,0.000000000000000000e+00,0.000000000000000000e+00,0.000000000000000000e+00,0.000000000000000000e+00,0.000000000000000000e+00,0.000000000000000000e+00,0.000000000000000000e+00,0.000000000000000000e+00,0.000000000000000000e+00,0.000000000000000000e+00,0.000000000000000000e+00,0.000000000000000000e+00,0.000000000000000000e+00,0.000000000000000000e+00,0.000000000000000000e+00,0.000000000000000000e+00,0.000000000000000000e+00,0.000000000000000000e+00,0.000000000000000000e+00,0.000000000000000000e+00,0.000000000000000000e+00,0.000000000000000000e+00,0.000000000000000000e+00,0.000000000000000000e+00,0.000000000000000000e+00,0.000000000000000000e+00,0.000000000000000000e+00,0.000000000000000000e+00,0.000000000000000000e+00,0.000000000000000000e+00,0.000000000000000000e+00,0.000000000000000000e+00,0.000000000000000000e+00,0.000000000000000000e+00,0.000000000000000000e+00,0.000000000000000000e+00,0.000000000000000000e+00,0.000000000000000000e+00,0.000000000000000000e+00,0.000000000000000000e+00,0.000000000000000000e+00,0.000000000000000000e+00,0.000000000000000000e+00,0.000000000000000000e+00,0.000000000000000000e+00,0.000000000000000000e+00,0.000000000000000000e+00,0.000000000000000000e+00,0.000000000000000000e+00,0.000000000000000000e+00,0.000000000000000000e+00,0.000000000000000000e+00,0.000000000000000000e+00,0.000000000000000000e+00,0.000000000000000000e+00,0.000000000000000000e+00,0.000000000000000000e+00,0.000000000000000000e+00,0.000000000000000000e+00,0.000000000000000000e+00,0.000000000000000000e+00,0.000000000000000000e+00,0.000000000000000000e+00,0.000000000000000000e+00,0.000000000000000000e+00,0.000000000000000000e+00,0.000000000000000000e+00,0.000000000000000000e+00,0.000000000000000000e+00,0.000000000000000000e+00,0.000000000000000000e+00,0.000000000000000000e+00,0.000000000000000000e+00,0.000000000000000000e+00,0.000000000000000000e+00,0.000000000000000000e+00,0.000000000000000000e+00,0.000000000000000000e+00,0.000000000000000000e+00,0.000000000000000000e+00,0.000000000000000000e+00,0.000000000000000000e+00,0.000000000000000000e+00,0.000000000000000000e+00,0.000000000000000000e+00,0.000000000000000000e+00,0.000000000000000000e+00,0.000000000000000000e+00,0.000000000000000000e+00,0.000000000000000000e+00,0.000000000000000000e+00,0.000000000000000000e+00,0.000000000000000000e+00,0.000000000000000000e+00,0.000000000000000000e+00,0.000000000000000000e+00,0.000000000000000000e+00,0.000000000000000000e+00,0.000000000000000000e+00,0.000000000000000000e+00,0.000000000000000000e+00,0.000000000000000000e+00,0.000000000000000000e+00,0.000000000000000000e+00,0.000000000000000000e+00,0.000000000000000000e+00,0.000000000000000000e+00,0.000000000000000000e+00,0.000000000000000000e+00,0.000000000000000000e+00
Poweri,0.000000000000000000e+00,0.000000000000000000e+00,0.000000000000000000e+00,0.000000000000000000e+00,0.000000000000000000e+00,0.000000000000000000e+00,0.000000000000000000e+00,0.000000000000000000e+00,0.000000000000000000e+00,0.000000000000000000e+00,0.000000000000000000e+00,0.000000000000000000e+00,0.000000000000000000e+00,0.000000000000000000e+00,0.000000000000000000e+00,0.000000000000000000e+00,0.000000000000000000e+00,0.000000000000000000e+00,0.000000000000000000e+00,0.000000000000000000e+00,0.000000000000000000e+00,0.000000000000000000e+00,0.000000000000000000e+00,0.000000000000000000e+00,0.000000000000000000e+00,0.000000000000000000e+00,0.000000000000000000e+00,0.000000000000000000e+00,0.000000000000000000e+00,0.000000000000000000e+00,0.000000000000000000e+00,0.000000000000000000e+00,0.000000000000000000e+00,0.000000000000000000e+00,0.000000000000000000e+00,0.000000000000000000e+00,0.000000000000000000e+00,0.000000000000000000e+00,0.000000000000000000e+00,0.000000000000000000e+00,0.000000000000000000e+00,0.000000000000000000e+00,0.000000000000000000e+00,0.000000000000000000e+00,0.000000000000000000e+00,0.000000000000000000e+00,0.000000000000000000e+00,0.000000000000000000e+00,0.000000000000000000e+00,0.000000000000000000e+00,0.000000000000000000e+00,0.000000000000000000e+00,0.000000000000000000e+00,0.000000000000000000e+00,0.000000000000000000e+00,0.000000000000000000e+00,0.000000000000000000e+00,0.000000000000000000e+00,0.000000000000000000e+00,0.000000000000000000e+00,0.000000000000000000e+00,0.000000000000000000e+00,0.000000000000000000e+00,0.000000000000000000e+00,0.000000000000000000e+00,0.000000000000000000e+00,0.000000000000000000e+00,0.000000000000000000e+00,0.000000000000000000e+00,0.000000000000000000e+00,0.000000000000000000e+00,0.000000000000000000e+00,0.000000000000000000e+00,0.000000000000000000e+00,0.000000000000000000e+00,0.000000000000000000e+00,0.000000000000000000e+00,0.000000000000000000e+00,0.000000000000000000e+00,0.000000000000000000e+00,0.000000000000000000e+00,0.000000000000000000e+00,0.000000000000000000e+00,0.000000000000000000e+00,0.000000000000000000e+00,0.000000000000000000e+00,0.000000000000000000e+00,0.000000000000000000e+00,0.000000000000000000e+00,0.000000000000000000e+00,0.000000000000000000e+00,0.000000000000000000e+00,0.000000000000000000e+00,0.000000000000000000e+00,0.000000000000000000e+00,0.000000000000000000e+00,0.000000000000000000e+00,0.000000000000000000e+00,0.000000000000000000e+00,0.000000000000000000e+00,0.000000000000000000e+00,0.000000000000000000e+00,0.000000000000000000e+00,0.000000000000000000e+00,0.000000000000000000e+00,0.000000000000000000e+00,0.000000000000000000e+00,0.000000000000000000e+00,0.000000000000000000e+00,0.000000000000000000e+00,0.000000000000000000e+00,0.000000000000000000e+00,0.000000000000000000e+00,0.000000000000000000e+00,0.000000000000000000e+00,0.000000000000000000e+00,0.000000000000000000e+00,0.000000000000000000e+00,0.000000000000000000e+00,0.000000000000000000e+00,0.000000000000000000e+00,0.000000000000000000e+00,0.000000000000000000e+00,0.000000000000000000e+00,0.000000000000000000e+00,0.000000000000000000e+00,0.000000000000000000e+00,0.000000000000000000e+00,0.000000000000000000e+00,0.000000000000000000e+00,0.000000000000000000e+00,0.000000000000000000e+00
Powero,0.000000000000000000e+00,0.000000000000000000e+00,0.000000000000000000e+00,0.000000000000000000e+00,0.000000000000000000e+00,0.000000000000000000e+00,0.000000000000000000e+00,0.000000000000000000e+00,0.000000000000000000e+00,0.000000000000000000e+00,0.000000000000000000e+00,0.000000000000000000e+00,0.000000000000000000e+00,0.000000000000000000e+00,0.000000000000000000e+00,0.000000000000000000e+00,0.000000000000000000e+00,0.000000000000000000e+00,0.000000000000000000e+00,0.000000000000000000e+00,0.000000000000000000e+00,0.000000000000000000e+00,0.000000000000000000e+00,0.000000000000000000e+00,0.000000000000000000e+00,0.000000000000000000e+00,0.000000000000000000e+00,0.000000000000000000e+00,0.000000000000000000e+00,0.000000000000000000e+00,0.000000000000000000e+00,0.000000000000000000e+00,0.000000000000000000e+00,0.000000000000000000e+00,0.000000000000000000e+00,0.000000000000000000e+00,0.000000000000000000e+00,0.000000000000000000e+00,0.000000000000000000e+00,0.000000000000000000e+00,0.000000000000000000e+00,0.000000000000000000e+00,0.000000000000000000e+00,0.000000000000000000e+00,0.000000000000000000e+00,0.000000000000000000e+00,0.000000000000000000e+00,0.000000000000000000e+00,0.000000000000000000e+00,0.000000000000000000e+00,0.000000000000000000e+00,0.000000000000000000e+00,0.000000000000000000e+00,0.000000000000000000e+00,0.000000000000000000e+00,0.000000000000000000e+00,0.000000000000000000e+00,0.000000000000000000e+00,0.000000000000000000e+00,0.000000000000000000e+00,0.000000000000000000e+00,0.000000000000000000e+00,0.000000000000000000e+00,0.000000000000000000e+00,0.000000000000000000e+00,0.000000000000000000e+00,0.000000000000000000e+00,0.000000000000000000e+00,0.000000000000000000e+00,0.000000000000000000e+00,0.000000000000000000e+00,0.000000000000000000e+00,0.000000000000000000e+00,0.000000000000000000e+00,0.000000000000000000e+00,0.000000000000000000e+00,0.000000000000000000e+00,0.000000000000000000e+00,0.000000000000000000e+00,0.000000000000000000e+00,0.000000000000000000e+00,0.000000000000000000e+00,0.000000000000000000e+00,0.000000000000000000e+00,0.000000000000000000e+00,0.000000000000000000e+00,0.000000000000000000e+00,0.000000000000000000e+00,0.000000000000000000e+00,0.000000000000000000e+00,0.000000000000000000e+00,0.000000000000000000e+00,0.000000000000000000e+00,0.000000000000000000e+00,0.000000000000000000e+00,0.000000000000000000e+00,0.000000000000000000e+00,0.000000000000000000e+00,0.000000000000000000e+00,0.000000000000000000e+00,0.000000000000000000e+00,0.000000000000000000e+00,0.000000000000000000e+00,0.000000000000000000e+00,0.000000000000000000e+00,0.000000000000000000e+00,0.000000000000000000e+00,0.000000000000000000e+00,0.000000000000000000e+00,0.000000000000000000e+00,0.000000000000000000e+00,0.000000000000000000e+00,0.000000000000000000e+00,0.000000000000000000e+00,0.000000000000000000e+00,0.000000000000000000e+00,0.000000000000000000e+00,0.000000000000000000e+00,0.000000000000000000e+00,0.000000000000000000e+00,0.000000000000000000e+00,0.000000000000000000e+00,0.000000000000000000e+00,0.000000000000000000e+00,0.000000000000000000e+00,0.000000000000000000e+00,0.000000000000000000e+00,0.000000000000000000e+00,0.000000000000000000e+00,0.000000000000000000e+00,0.000000000000000000e+00,0.000000000000000000e+00
RPM,0.000000000000000000e+00,0.000000000000000000e+00,0.000000000000000000e+00,0.000000000000000000e+00,0.000000000000000000e+00,0.000000000000000000e+00,0.000000000000000000e+00,0.000000000000000000e+00,0.000000000000000000e+00,0.000000000000000000e+00,0.000000000000000000e+00,0.000000000000000000e+00,0.000000000000000000e+00,0.000000000000000000e+00,0.000000000000000000e+00,0.000000000000000000e+00,0.000000000000000000e+00,0.000000000000000000e+00,0.000000000000000000e+00,0.000000000000000000e+00,0.000000000000000000e+00,0.000000000000000000e+00,0.000000000000000000e+00,0.000000000000000000e+00,0.000000000000000000e+00,0.000000000000000000e+00,0.000000000000000000e+00,0.000000000000000000e+00,0.000000000000000000e+00,0.000000000000000000e+00,0.000000000000000000e+00,0.000000000000000000e+00,0.000000000000000000e+00,0.000000000000000000e+00,0.000000000000000000e+00,0.000000000000000000e+00,0.000000000000000000e+00,0.000000000000000000e+00,0.000000000000000000e+00,0.000000000000000000e+00,0.000000000000000000e+00,0.000000000000000000e+00,0.000000000000000000e+00,0.000000000000000000e+00,0.000000000000000000e+00,0.000000000000000000e+00,0.000000000000000000e+00,0.000000000000000000e+00,0.000000000000000000e+00,0.000000000000000000e+00,0.000000000000000000e+00,0.000000000000000000e+00,0.000000000000000000e+00,0.000000000000000000e+00,0.000000000000000000e+00,0.000000000000000000e+00,0.000000000000000000e+00,0.000000000000000000e+00,0.000000000000000000e+00,0.000000000000000000e+00,0.000000000000000000e+00,0.000000000000000000e+00,0.000000000000000000e+00,0.000000000000000000e+00,0.000000000000000000e+00,0.000000000000000000e+00,0.000000000000000000e+00,0.000000000000000000e+00,0.000000000000000000e+00,0.000000000000000000e+00,0.000000000000000000e+00,0.000000000000000000e+00,0.000000000000000000e+00,0.000000000000000000e+00,0.000000000000000000e+00,0.000000000000000000e+00,0.000000000000000000e+00,0.000000000000000000e+00,0.000000000000000000e+00,0.000000000000000000e+00,0.000000000000000000e+00,0.000000000000000000e+00,0.000000000000000000e+00,0.000000000000000000e+00,0.000000000000000000e+00,0.000000000000000000e+00,0.000000000000000000e+00,0.000000000000000000e+00,0.000000000000000000e+00,0.000000000000000000e+00,0.000000000000000000e+00,0.000000000000000000e+00,0.000000000000000000e+00,0.000000000000000000e+00,0.000000000000000000e+00,0.000000000000000000e+00,0.000000000000000000e+00,0.000000000000000000e+00,0.000000000000000000e+00,0.000000000000000000e+00,0.000000000000000000e+00,0.000000000000000000e+00,0.000000000000000000e+00,0.000000000000000000e+00,0.000000000000000000e+00,0.000000000000000000e+00,0.000000000000000000e+00,0.000000000000000000e+00,0.000000000000000000e+00,0.000000000000000000e+00,0.000000000000000000e+00,0.000000000000000000e+00,0.000000000000000000e+00,0.000000000000000000e+00,0.000000000000000000e+00,0.000000000000000000e+00,0.000000000000000000e+00,0.000000000000000000e+00,0.000000000000000000e+00,0.000000000000000000e+00,0.000000000000000000e+00,0.000000000000000000e+00,0.000000000000000000e+00,0.000000000000000000e+00,0.000000000000000000e+00,0.000000000000000000e+00,0.000000000000000000e+00,0.000000000000000000e+00,0.000000000000000000e+00,0.000000000000000000e+00,0.000000000000000000e+00,0.000000000000000000e+00
SoverB,2.146999999999999950e-02,4.293999999999999900e-02,6.440999999999999504e-02,8.587000000000000188e-02,1.073400000000000049e-01,1.288100000000000078e-01,1.502799999999999969e-01,1.717500000000000138e-01,1.932200000000000029e-01,2.146899999999999920e-01,2.361499999999999988e-01,2.576200000000000156e-01,2.733400000000000274e-01,2.790900000000000047e-01,3.345500000000000140e-01,3.900100000000000233e-01,4.454600000000000226e-01,5.009200000000000319e-01,5.563700000000000312e-01,6.118200000000000305e-01,6.672799999999999843e-01,7.227299999999999836e-01,7.781900000000000484e-01,8.336400000000000476e-01,8.890900000000000469e-01,9.445500000000000007e-01,1.000000000000000000e+00,2.146999999999999950e-02,4.293999999999999900e-02,6.440999999999999504e-02,8.587000000000000188e-02,1.073400000000000049e-01,1.288100000000000078e-01,1.502799999999999969e-01,1.717500000000000138e-01,1.932200000000000029e-01,2.146899999999999920e-01,2.361499999999999988e-01,2.576200000000000156e-01,2.733400000000000274e-01,2.790900000000000047e-01,3.345500000000000140e-01,3.900100000000000233e-01,4.454600000000000226e-01,5.009200000000000319e-01,5.563700000000000312e-01,6.118200000000000305e-01,6.672799999999999843e-01,7.227299999999999836e-01,7.781900000000000484e-01,8.336400000000000476e-01,8.890900000000000469e-01,9.445500000000000007e-01,1.000000000000000000e+00,7.692000000000000226e-02,1.538499999999999868e-01,2.307700000000000029e-01,3.076900000000000190e-01,3.846200000000000174e-01,4.615400000000000058e-01,5.384600000000000497e-01,6.153800000000000381e-01,6.923099999999999810e-01,7.692299999999999693e-01,8.461499999999999577e-01,9.230800000000000116e-01,1.000000000000000000e+00,7.692000000000000226e-02,1.538499999999999868e-01,2.307700000000000029e-01,3.076900000000000190e-01,3.846200000000000174e-01,4.615400000000000058e-01,5.384600000000000497e-01,6.153800000000000381e-01,6.923099999999999810e-01,7.692299999999999693e-01,8.461499999999999577e-01,9.230800000000000116e-01,1.000000000000000000e+00,2.025000000000000064e-02,4.050000000000000128e-02,6.076000000000000151e-02,8.100999999999999868e-02,1.012600000000000028e-01,1.215100000000000069e-01,1.417599999999999971e-01,1.620199999999999974e-01,1.822699999999999876e-01,2.025200000000000056e-01,2.227699999999999958e-01,2.430299999999999960e-01,2.632800000000000140e-01,3.199500000000000122e-01,3.766200000000000103e-01,4.332900000000000085e-01,4.899600000000000066e-01,5.466299999999999493e-01,6.032999999999999474e-01,6.599699999999999456e-01,7.166500000000000092e-01,7.733200000000000074e-01,8.299900000000000055e-01,8.866600000000000037e-01,9.433300000000000018e-01,1.000000000000000000e+00,2.025000000000000064e-02,4.050000000000000128e-02,6.076000000000000151e-02,8.100999999999999868e-02,1.012600000000000028e-01,1.215100000000000069e-01,1.417599999999999971e-01,1.620199999999999974e-01,1.822699999999999876e-01,2.025200000000000056e-01,2.227699999999999958e-01,2.430299999999999960e-01,2.632800000000000140e-01,3.199500000000000122e-01,3.766200000000000103e-01,4.332900000000000085e-01,4.899600000000000066e-01,5.466299999999999493e-01,6.032999999999999474e-01,6.599699999999999456e-01,7.166500000000000092e-01,7.733200000000000074e-01,8.299900000000000055e-01,8.866600000000000037e-01,9.433300000000000018e-01,1.000000000000000000e+00
StallFact,1.000000000000000000e+00,1.000000000000000000e+00,1.000000000000000000e+00,1.000000000000000000e+00,1.000000000000000000e+00,1.000000000000000000e+00,1.000000000000000000e+00,1.000000000000000000e+00,1.000000000000000000e+00,1.000000000000000000e+00,1.000000000000000000e+00,1.000000000000000000e+00,1.000000000000000000e+00,1.000000000000000000e+00,1.000000000000000000e+00,1.000000000000000000e+00,1.000000000000000000e+00,1.000000000000000000e+00,1.000000000000000000e+00,1.000000000000000000e+00,1.000000000000000000e+00,1.000000000000000000e+00,1.000000000000000000e+00,1.000000000000000000e+00,1.000000000000000000e+00,1.000000000000000000e+00,1.000000000000000000e+00,1.000000000000000000e+00,1.000000000000000000e+00,1.000000000000000000e+00,1.000000000000000000e+00,1.000000000000000000e+00,1.000000000000000000e+00,1.000000000000000000e+00,1.000000000000000000e+00,1.000000000000000000e+00,1.000000000000000000e+00,1.000000000000000000e+00,1.000000000000000000e+00,1.000000000000000000e+00,1.000000000000000000e+00,1.000000000000000000e+00,1.000000000000000000e+00,1.000000000000000000e+00,1.000000000000000000e+00,1.000000000000000000e+00,1.000000000000000000e+00,1.000000000000000000e+00,1.000000000000000000e+00,1.000000000000000000e+00,1.000000000000000000e+00,1.000000000000000000e+00,1.000000000000000000e+00,1.000000000000000000e+00,1.000000000000000000e+00,1.000000000000000000e+00,1.000000000000000000e+00,1.000000000000000000e+00,1.000000000000000000e+00,1.000000000000000000e+00,1.000000000000000000e+00,1.000000000000000000e+00,1.000000000000000000e+00,1.000000000000000000e+00,1.000000000000000000e+00,1.000000000000000000e+00,1.000000000000000000e+00,1.000000000000000000e+00,1.000000000000000000e+00,1.000000000000000000e+00,1.000000000000000000e+00,1.000000000000000000e+00,1.000000000000000000e+00,1.000000000000000000e+00,1.000000000000000000e+00,1.000000000000000000e+00,1.000000000000000000e+00,1.000000000000000000e+00,1.000000000000000000e+00,1.000000000000000000e+00,1.000000000000000000e+00,1.000000000000000000e+00,1.000000000000000000e+00,1.000000000000000000e+00,1.000000000000000000e+00,1.000000000000000000e+00,1.000000000000000000e+00,1.000000000000000000e+00,1.000000000000000000e+00,1.000000000000000000e+00,1.000000000000000000e+00,1.000000000000000000e+00,1.000000000000000000e+00,1.000000000000000000e+00,1.000000000000000000e+00,1.000000000000000000e+00,1.000000000000000000e+00,1.000000000000000000e+00,1.000000000000000000e+00,1.000000000000000000e+00,1.000000000000000000e+00,1.000000000000000000e+00,1.000000000000000000e+00,1.000000000000000000e+00,1.000000000000000000e+00,1.000000000000000000e+00,1.000000000000000000e+00,1.000000000000000000e+00,1.000000000000000000e+00,1.000000000000000000e+00,1.000000000000000000e+00,1.000000000000000000e+00,1.000000000000000000e+00,1.000000000000000000e+00,1.000000000000000000e+00,1.000000000000000000e+00,1.000000000000000000e+00,1.000000000000000000e+00,1.000000000000000000e+00,1.000000000000000000e+00,1.000000000000000000e+00,1.000000000000000000e+00,1.000000000000000000e+00,1.000000000000000000e+00,1.000000000000000000e+00,1.000000000000000000e+00,1.000000000000000000e+00,1.000000000000000000e+00,1.000000000000000000e+00,1.000000000000000000e+00,1.000000000000000000e+00,1.000000000000000000e+00
Thrust,0.000000000000000000e+00,0.000000000000000000e+00,0.000000000000000000e+00,0.000000000000000000e+00,0.000000000000000000e+00,0.000000000000000000e+00,0.000000000000000000e+00,0.000000000000000000e+00,0.000000000000000000e+00,0.000000000000000000e+00,0.000000000000000000e+00,0.000000000000000000e+00,0.000000000000000000e+00,0.000000000000000000e+00,0.000000000000000000e+00,0.000000000000000000e+00,0.000000000000000000e+00,0.000000000000000000e+00,0.000000000000000000e+00,0.000000000000000000e+00,0.000000000000000000e+00,0.000000000000000000e+00,0.000000000000000000e+00,0.000000000000000000e+00,0.000000000000000000e+00,0.000000000000000000e+00,0.000000000000000000e+00,0.000000000000000000e+00,0.000000000000000000e+00,0.000000000000000000e+00,0.000000000000000000e+00,0.000000000000000000e+00,0.000000000000000000e+00,0.000000000000000000e+00,0.000000000000000000e+00,0.000000000000000000e+00,0.000000000000000000e+00,0.000000000000000000e+00,0.000000000000000000e+00,0.000000000000000000e+00,0.000000000000000000e+00,0.000000000000000000e+00,0.000000000000000000e+00,0.000000000000000000e+00,0.000000000000000000e+00,0.000000000000000000e+00,0.000000000000000000e+00,0.000000000000000000e+00,0.000000000000000000e+00,0.000000000000000000e+00,0.000000000000000000e+00,0.000000000000000000e+00,0.000000000000000000e+00,0.000000000000000000e+00,0.000000000000000000e+00,0.000000000000000000e+00,0.000000000000000000e+00,0.000000000000000000e+00,0.000000000000000000e+00,0.000000000000000000e+00,0.000000000000000000e+00,0.000000000000000000e+00,0.000000000000000000e+00,0.000000000000000000e+00,0.000000000000000000e+00,0.000000000000000000e+00,0.000000000000000000e+00,0.000000000000000000e+00,0.000000000000000000e+00,0.000000000000000000e+00,0.000000000000000000e+00,0.000000000000000000e+00,0.000000000000000000e+00,0.000000000000000000e+00,0.000000000000000000e+00,0.000000000000000000e+00,0.000000000000000000e+00,0.000000000000000000e+00,0.000000000000000000e+00,0.000000000000000000e+00,0.000000000000000000e+00,0.000000000000000000e+00,0.000000000000000000e+00,0.000000000000000000e+00,0.000000000000000000e+00,0.000000000000000000e+00,0.000000000000000000e+00,0.000000000000000000e+00,0.000000000000000000e+00,0.000000000000000000e+00,0.000000000000000000e+00,0.000000000000000000e+00,0.000000000000000000e+00,0.000000000000000000e+00,0.000000000000000000e+00,0.000000000000000000e+00,0.000000000000000000e+00,0.000000000000000000e+00,0.000000000000000000e+00,0.000000000000000000e+00,0.000000000000000000e+00,0.000000000000000000e+00,0.000000000000000000e+00,0.000000000000000000e+00,0.000000000000000000e+00,0.000000000000000000e+00,0.000000000000000000e+00,0.000000000000000000e+00,0.000000000000000000e+00,0.000000000000000000e+00,0.000000000000000000e+00,0.000000000000000000e+00,0.000000000000000000e+00,0.000000000000000000e+00,0.000000000000000000e+00,0.000000000000000000e+00,0.000000000000000000e+00,0.000000000000000000e+00,0.000000000000000000e+00,0.000000000000000000e+00,0.000000000000000000e+00,0.000000000000000000e+00,0.000000000000000000e+00,0.000000000000000000e+00,0.000000000000000000e+00,0.000000000000000000e+00,0.000000000000000000e+00,0.000000000000000000e+00,0.000000000000000000e+00,0.000000000000000000e+00,0.000000000000000000e+00,0.000000000000000000e+00
Thrusti,0.000000000000000000e+00,0.000000000000000000e+00,0.000000000000000000e+00,0.000000000000000000e+00,0.000000000000000000e+00,0.000000000000000000e+00,0.000000000000000000e+00,0.000000000000000000e+00,0.000000000000000000e+00,0.000000000000000000e+00,0.000000000000000000e+00,0.000000000000000000e+00,0.000000000000000000e+00,0.000000000000000000e+00,0.000000000000000000e+00,0.000000000000000000e+00,0.000000000000000000e+00,0.000000000000000000e+00,0.000000000000000000e+00,0.000000000000000000e+00,0.000000000000000000e+00,0.000000000000000000e+00,0.000000000000000000e+00,0.000000000000000000e+00,0.000000000000000000e+00,0.000000000000000000e+00,0.000000000000000000e+00,0.000000000000000000e+00,0.000000000000000000e+00,0.000000000000000000e+00,0.000000000000000000e+00,0.000000000000000000e+00,0.000000000000000000e+00,0.000000000000000000e+00,0.000000000000000000e+00,0.000000000000000000e+00,0.000000000000000000e+00,0.000000000000000000e+00,0.000000000000000000e+00,0.000000000000000000e+00,0.000000000000000000e+00,0.000000000000000000e+00,0.000000000000000000e+00,0.000000000000000000e+00,0.000000000000000000e+00,0.000000000000000000e+00,0.000000000000000000e+00,0.000000000000000000e+00,0.000000000000000000e+00,0.000000000000000000e+00,0.000000000000000000e+00,0.000000000000000000e+00,0.000000000000000000e+00,0.000000000000000000e+00,0.000000000000000000e+00,0.000000000000000000e+00,0.000000000000000000e+00,0.000000000000000000e+00,0.000000000000000000e+00,0.000000000000000000e+00,0.000000000000000000e+00,0.000000000000000000e+00,0.000000000000000000e+00,0.000000000000000000e+00,0.000000000000000000e+00,0.000000000000000000e+00,0.000000000000000000e+00,0.000000000000000000e+00,0.000000000000000000e+00,0.000000000000000000e+00,0.000000000000000000e+00,0.000000000000000000e+00,0.000000000000000000e+00,0.000000000000000000e+00,0.000000000000000000e+00,0.000000000000000000e+00,0.000000000000000000e+00,0.000000000000000000e+00,0.000000000000000000e+00,0.000000000000000000e+00,0.000000000000000000e+00,0.000000000000000000e+00,0.000000000000000000e+00,0.000000000000000000e+00,0.000000000000000000e+00,0.000000000000000000e+00,0.000000000000000000e+00,0.000000000000000000e+00,0.000000000000000000e+00,0.000000000000000000e+00,0.000000000000000000e+00,0.000000000000000000e+00,0.000000000000000000e+00,0.000000000000000000e+00,0.000000000000000000e+00,0.000000000000000000e+00,0.000000000000000000e+00,0.000000000000000000e+00,0.000000000000000000e+00,0.000000000000000000e+00,0.000000000000000000e+00,0.000000000000000000e+00,0.000000000000000000e+00,0.000000000000000000e+00,0.000000000000000000e+00,0.000000000000000000e+00,0.000000000000000000e+00,0.000000000000000000e+00,0.000000000000000000e+00,0.000000000000000000e+00,0.000000000000000000e+00,0.000000000000000000e+00,0.000000000000000000e+00,0.000000000000000000e+00,0.000000000000000000e+00,0.000000000000000000e+00,0.000000000000000000e+00,0.000000000000000000e+00,0.000000000000000000e+00,0.000000000000000000e+00,0.000000000000000000e+00,0.000000000000000000e+00,0.000000000000000000e+00,0.000000000000000000e+00,0.000000000000000000e+00,0.000000000000000000e+00,0.000000000000000000e+00,0.000000000000000000e+00,0.000000000000000000e+00,0.000000000000000000e+00,0.000000000000000000e+00,0.000000000000000000e+00
Thrusto,0.000000000000000000e+00,0.000000000000000000e+00,0.000000000000000000e+00,0.000000000000000000e+00,0.000000000000000000e+00,0.000000000000000000e+00,0.000000000000000000e+00,0.000000000000000000e+00,0.000000000000000000e+00,0.000000000000000000e+00,0.000000000000000000e+00,0.000000000000000000e+00,0.000000000000000000e+00,0.000000000000000000e+00,0.000000000000000000e+00,0.000000000000000000e+00,0.000000000000000000e+00,0.000000000000000000e+00,0.000000000000000000e+00,0.000000000000000000e+00,0.000000000000000000e+00,0.000000000000000000e+00,0.000000000000000000e+00,0.000000000000000000e+00,0.000000000000000000e+00,0.000000000000000000e+00,0.000000000000000000e+00,0.000000000000000000e+00,0.000000000000000000e+00,0.000000000000000000e+00,0.000000000000000000e+00,0.000000000000000000e+00,0.000000000000000000e+00,0.000000000000000000e+00,0.000000000000000000e+00,0.000000000000000000e+00,0.000000000000000000e+00,0.000000000000000000e+00,0.000000000000000000e+00,0.000000000000000000e+00,0.000000000000000000e+00,0.000000000000000000e+00,0.000000000000000000e+00,0.000000000000000000e+00,0.000000000000000000e+00,0.000000000000000000e+00,0.000000000000000000e+00,0.000000000000000000e+00,0.000000000000000000e+00,0.000000000000000000e+00,0.000000000000000000e+00,0.000000000000000000e+00,0.000000000000000000e+00,0.000000000000000000e+00,0.000000000000000000e+00,0.000000000000000000e+00,0.000000000000000000e+00,0.000000000000000000e+00,0.000000000000000000e+00,0.000000000000000000e+00,0.000000000000000000e+00,0.000000000000000000e+00,0.000000000000000000e+00,0.000000000000000000e+00,0.000000000000000000e+00,0.000000000000000000e+00,0.000000000000000000e+00,0.000000000000000000e+00,0.000000000000000000e+00,0.000000000000000000e+00,0.000000000000000000e+00,0.000000000000000000e+00,0.000000000000000000e+00,0.000000000000000000e+00,0.000000000000000000e+00,0.000000000000000000e+00,0.000000000000000000e+00,0.000000000000000000e+00,0.000000000000000000e+00,0.000000000000000000e+00,0.000000000000000000e+00,0.000000000000000000e+00,0.000000000000000000e+00,0.000000000000000000e+00,0.000000000000000000e+00,0.000000000000000000e+00,0.000000000000000000e+00,0.000000000000000000e+00,0.000000000000000000e+00,0.000000000000000000e+00,0.000000000000000000e+00,0.000000000000000000e+00,0.000000000000000000e+00,0.000000000000000000e+00,0.000000000000000000e+00,0.000000000000000000e+00,0.000000000000000000e+00,0.000000000000000000e+00,0.000000000000000000e+00,0.000000000000000000e+00,0.000000000000000000e+00,0.000000000000000000e+00,0.000000000000000000e+00,0.000000000000000000e+00,0.000000000000000000e+00,0.000000000000000000e+00,0.000000000000000000e+00,0.000000000000000000e+00,0.000000000000000000e+00,0.000000000000000000e+00,0.000000000000000000e+00,0.000000000000000000e+00,0.000000000000000000e+00,0.000000000000000000e+00,0.000000000000000000e+00,0.000000000000000000e+00,0.000000000000000000e+00,0.000000000000000000e+00,0.000000000000000000e+00,0.000000000000000000e+00,0.000000000000000000e+00,0.000000000000000000e+00,0.000000000000000000e+00,0.000000000000000000e+00,0.000000000000000000e+00,0.000000000000000000e+00,0.000000000000000000e+00,0.000000000000000000e+00,0.000000000000000000e+00,0.000000000000000000e+00,0.000000000000000000e+00,0.000000000000000000e+00
TrailVort,1,2,3,4,5,6,7,8,9,10,11,12,13,14,15,16,17,18,19,20,21,22,23,24,25,26,27,1,2,3,4,5,6,7,8,9,10,11,12,13,14,15,16,17,18,19,20,21,22,23,24,25,26,27,1,2,3,4,5,6,7,8,9,10,11,12,13,1,2,3,4,5,6,7,8,9,10,11,12,13,1,2,3,4,5,6,7,8,9,10,11,12,13,14,15,16,17,18,19,20,21,22,23,24,25,26,1,2,3,4,5,6,7,8,9,10,11,12,13,14,15,16,17,18,19,20,21,22,23,24,25,26
Unsteady,0
V/Vref,1.000000000000000000e+00,1.000000000000000000e+00,1.000000000000000000e+00,1.000000000000000000e+00,1.000000000000000000e+00,1.000000000000000000e+00,1.000000000000000000e+00,1.000000000000000000e+00,1.000000000000000000e+00,1.000000000000000000e+00,1.000000000000000000e+00,1.000000000000000000e+00,1.000000000000000000e+00,1.000000000000000000e+00,1.000000000000000000e+00,1.000000000000000000e+00,1.000000000000000000e+00,1.000000000000000000e+00,1.000000000000000000e+00,1.000000000000000000e+00,1.000000000000000000e+00,1.000000000000000000e+00,1.000000000000000000e+00,1.000000000000000000e+00,1.000000000000000000e+00,1.000000000000000000e+00,1.000000000000000000e+00,1.000000000000000000e+00,1.000000000000000000e+00,1.000000000000000000e+00,1.000000000000000000e+00,1.000000000000000000e+00,1.000000000000000000e+00,1.000000000000000000e+00,1.000000000000000000e+00,1.000000000000000000e+00,1.000000000000000000e+00,1.000000000000000000e+00,1.000000000000000000e+00,1.000000000000000000e+00,1.000000000000000000e+00,1.000000000000000000e+00,1.000000000000000000e+00,1.000000000000000000e+00,1.000000000000000000e+00,1.000000000000000000e+00,1.000000000000000000e+00,1.000000000000000000e+00,1.000000000000000000e+00,1.000000000000000000e+00,1.000000000000000000e+00,1.000000000000000000e+00,1.000000000000000000e+00,1.000000000000000000e+00,1.000000000000000000e+00,1.000000000000000000e+00,1.000000000000000000e+00,1.000000000000000000e+00,1.000000000000000000e+00,1.000000000000000000e+00,1.000000000000000000e+00,1.000000000000000000e+00,1.000000000000000000e+00,1.000000000000000000e+00,1.000000000000000000e+00,1.000000000000000000e+00,1.000000000000000000e+00,1.000000000000000000e+00,1.000000000000000000e+00,1.000000000000000000e+00,1.000000000000000000e+00,1.000000000000000000e+00,1.000000000000000000e+00,1.000000000000000000e+00,1.000000000000000000e+00,1.000000000000000000e+00,1.000000000000000000e+00,1.000000000000000000e+00,1.000000000000000000e+00,1.000000000000000000e+00,1.000000000000000000e+00,1.000000000000000000e+00,1.000000000000000000e+00,1.000000000000000000e+00,1.000000000000000000e+00,1.000000000000000000e+00,1.000000000000000000e+00,1.000000000000000000e+00,1.000000000000000000e+00,1.000000000000000000e+00,1.000000000000000000e+00,1.000000000000000000e+00,1.000000000000000000e+00,1.000000000000000000e+00,1.000000000000000000e+00,1.000000000000000000e+00,1.000000000000000000e+00,1.000000000000000000e+00,1.000000000000000000e+00,1.000000000000000000e+00,1.000000000000000000e+00,1.000000000000000000e+00,1.000000000000000000e+00,1.000000000000000000e+00,1.000000000000000000e+00,1.000000000000000000e+00,1.000000000000000000e+00,1.000000000000000000e+00,1.000000000000000000e+00,1.000000000000000000e+00,1.000000000000000000e+00,1.000000000000000000e+00,1.000000000000000000e+00,1.000000000000000000e+00,1.000000000000000000e+00,1.000000000000000000e+00,1.000000000000000000e+00,1.000000000000000000e+00,1.000000000000000000e+00,1.000000000000000000e+00,1.000000000000000000e+00,1.000000000000000000e+00,1.000000000000000000e+00,1.000000000000000000e+00,1.000000000000000000e+00,1.000000000000000000e+00,1.000000000000000000e+00,1.000000000000000000e+00,1.000000000000000000e+00,1.000000000000000000e+00,1.000000000000000000e+00,1.000000000000000000e+00
VortexSheet,1,1,1,1,1,1,1,1,1,1,1,1,1,1,1,1,1,1,1,1,1,1,1,1,1,1,1,2,2,2,2,2,2,2,2,2,2,2,2,2,2,2,2,2,2,2,2,2,2,2,2,2,2,2,3,3,3,3,3,3,3,3,3,3,3,3,3,4,4,4,4,4,4,4,4,4,4,4,4,4,5,5,5,5,5,5,5,5,5,5,5,5,5,5,5,5,5,5,5,5,5,5,5,5,5,5,6,6,6,6,6,6,6,6,6,6,6,6,6,6,6,6,6,6,6,6,6,6,6,6,6,6
Xavg,4.078730000000000189e+01,4.078164999999999907e+01,4.077600000000000335e+01,4.077033999999999736e+01,4.076469000000000165e+01,4.075903999999999883e+01,4.075337999999999994e+01,4.074772999999999712e+01,4.074208000000000141e+01,4.073642999999999859e+01,4.073076999999999970e+01,4.072511999999999688e+01,4.072023000000000081e+01,4.071739999999999782e+01,4.081067000000000178e+01,4.099871000000000265e+01,4.118675000000000352e+01,4.137478999999999729e+01,4.156282999999999817e+01,4.175086000000000297e+01,4.193889000000000067e+01,4.212691999999999837e+01,4.231495000000000317e+01,4.250298000000000087e+01,4.269102000000000174e+01,4.287904999999999944e+01,4.306707999999999714e+01,4.078730000000000189e+01,4.078164999999999907e+01,4.077600000000000335e+01,4.077033999999999736e+01,4.076469000000000165e+01,4.075903999999999883e+01,4.075337999999999994e+01,4.074772999999999712e+01,4.074208000000000141e+01,4.073642999999999859e+01,4.073076999999999970e+01,4.072511999999999688e+01,4.072023000000000081e+01,4.071739999999999782e+01,4.081067000000000178e+01,4.099871000000000265e+01,4.118675000000000352e+01,4.137478999999999729e+01,4.156282999999999817e+01,4.175086000000000297e+01,4.193889000000000067e+01,4.212691999999999837e+01,4.231495000000000317e+01,4.250298000000000087e+01,4.269102000000000174e+01,4.287904999999999944e+01,4.306707999999999714e+01,5.230899999999999750e+01,5.254475999999999658e+01,5.278052000000000277e+01,5.301628000000000185e+01,5.325204000000000093e+01,5.348780000000000001e+01,5.372355999999999909e+01,5.395931999999999817e+01,5.419507000000000119e+01,5.443083000000000027e+01,5.466658999999999935e+01,5.490234999999999843e+01,5.513810999999999751e+01,5.230899999999999750e+01,5.254475999999999658e+01,5.278052000000000277e+01,5.301628000000000185e+01,5.325204000000000093e+01,5.348780000000000001e+01,5.372355999999999909e+01,5.395931999999999817e+01,5.419507000000000119e+01,5.443083000000000027e+01,5.466658999999999935e+01,5.490234999999999843e+01,5.513810999999999751e+01,4.876758999999999844e+01,4.878065000000000140e+01,4.879372000000000043e+01,4.880678000000000338e+01,4.881985000000000241e+01,4.883290999999999826e+01,4.884597999999999729e+01,4.885904000000000025e+01,4.887210999999999927e+01,4.888517000000000223e+01,4.889824000000000126e+01,4.891129999999999711e+01,4.892437000000000324e+01,4.893842999999999677e+01,4.895349999999999824e+01,4.896855999999999653e+01,4.898362000000000194e+01,4.899869000000000341e+01,4.901375000000000171e+01,4.902881000000000000e+01,4.904388000000000147e+01,4.905893999999999977e+01,4.907399999999999807e+01,4.908906000000000347e+01,4.910412999999999784e+01,4.911919000000000324e+01,4.876758999999999844e+01,4.878065000000000140e+01,4.879372000000000043e+01,4.880678000000000338e+01,4.881985000000000241e+01,4.883290999999999826e+01,4.884597999999999729e+01,4.885904000000000025e+01,4.887210999999999927e+01,4.888517000000000223e+01,4.889824000000000126e+01,4.891129999999999711e+01,4.892437000000000324e+01,4.893842999999999677e+01,4.895349999999999824e+01,4.896855999999999653e+01,4.898362000000000194e+01,4.899869000000000341e+01,4.901375000000000171e+01,4.902881000000000000e+01,4.904388000000000147e+01,4.905893999999999977e+01,4.907399999999999807e+01,4.908906000000000347e+01,4.910412999999999784e+01,4.911919000000000324e+01
Yavg,1.183519999999999905e+00,1.550550000000000095e+00,1.917580000000000062e+00,2.284609999999999808e+00,2.651639999999999997e+00,3.018679999999999808e+00,3.385709999999999997e+00,3.752740000000000187e+00,4.119769999999999932e+00,4.486799999999999677e+00,4.853839999999999932e+00,5.220869999999999678e+00,5.538730000000000153e+00,5.722240000000000215e+00,6.245479999999999698e+00,7.193599999999999994e+00,8.141700000000000159e+00,9.089779999999999305e+00,1.003785000000000061e+01,1.098592000000000013e+01,1.193397000000000041e+01,1.288202000000000069e+01,1.383005999999999958e+01,1.477810999999999986e+01,1.572615000000000052e+01,1.667419999999999902e+01,1.762226000000000070e+01,-1.183519999999999905e+00,-1.550550000000000095e+00,-1.917580000000000062e+00,-2.284609999999999808e+00,-2.651639999999999997e+00,-3.018679999999999808e+00,-3.385709999999999997e+00,-3.752740000000000187e+00,-4.119769999999999932e+00,-4.486799999999999677e+00,-4.853839999999999932e+00,-5.220869999999999678e+00,-5.538730000000000153e+00,-5.722240000000000215e+00,-6.245479999999999698e+00,-7.193599999999999994e+00,-8.141700000000000159e+00,-9.089779999999999305e+00,-1.003785000000000061e+01,-1.098592000000000013e+01,-1.193397000000000041e+01,-1.288202000000000069e+01,-1.383005999999999958e+01,-1.477810999999999986e+01,-1.572615000000000052e+01,-1.667419999999999902e+01,-1.762226000000000070e+01,6.142409999999999926e+00,6.623940000000000161e+00,7.105480000000000018e+00,7.587010000000000254e+00,8.068550000000000111e+00,8.550079999999999458e+00,9.031620000000000203e+00,9.513149999999999551e+00,9.994690000000000296e+00,1.047621999999999964e+01,1.095776000000000039e+01,1.143928999999999974e+01,1.192083000000000048e+01,-6.142409999999999926e+00,-6.623940000000000161e+00,-7.105480000000000018e+00,-7.587010000000000254e+00,-8.068550000000000111e+00,-8.550079999999999458e+00,-9.031620000000000203e+00,-9.513149999999999551e+00,-9.994690000000000296e+00,-1.047621999999999964e+01,-1.095776000000000039e+01,-1.143928999999999974e+01,-1.192083000000000048e+01,5.665740000000000443e+00,5.685749999999999638e+00,5.705750000000000099e+00,5.725760000000000183e+00,5.745759999999999756e+00,5.765769999999999840e+00,5.785779999999999923e+00,5.805780000000000385e+00,5.825789999999999580e+00,5.845790000000000042e+00,5.865800000000000125e+00,5.885810000000000208e+00,5.905809999999999782e+00,5.943810000000000038e+00,5.999789999999999957e+00,6.055769999999999875e+00,6.111749999999999794e+00,6.167729999999999713e+00,6.223709999999999631e+00,6.279690000000000438e+00,6.335679999999999978e+00,6.391659999999999897e+00,6.447639999999999816e+00,6.503619999999999735e+00,6.559599999999999653e+00,6.615579999999999572e+00,-5.665740000000000443e+00,-5.685749999999999638e+00,-5.705750000000000099e+00,-5.725760000000000183e+00,-5.745759999999999756e+00,-5.765769999999999840e+00,-5.785779999999999923e+00,-5.805780000000000385e+00,-5.825789999999999580e+00,-5.845790000000000042e+00,-5.865800000000000125e+00,-5.885810000000000208e+00,-5.905809999999999782e+00,-5.943810000000000038e+00,-5.999789999999999957e+00,-6.055769999999999875e+00,-6.111749999999999794e+00,-6.167729999999999713e+00,-6.223709999999999631e+00,-6.279690000000000438e+00,-6.335679999999999978e+00,-6.391659999999999897e+00,-6.447639999999999816e+00,-6.503619999999999735e+00,-6.559599999999999653e+00,-6.615579999999999572e+00
Zavg,4.002200000000000202e-01,3.809799999999999853e-01,3.617500000000000160e-01,3.425099999999999811e-01,3.232800000000000118e-01,3.040399999999999769e-01,2.848100000000000076e-01,2.655699999999999728e-01,2.463400000000000034e-01,2.270999999999999963e-01,2.078699999999999992e-01,1.886299999999999921e-01,1.719700000000000117e-01,1.623499999999999943e-01,1.349299999999999944e-01,8.523999999999999633e-02,3.556000000000000133e-02,-1.413000000000000020e-02,-6.382000000000000173e-02,-1.135000000000000037e-01,-1.631900000000000017e-01,-2.128700000000000037e-01,-2.625600000000000156e-01,-3.122400000000000175e-01,-3.619299999999999740e-01,-4.116099999999999759e-01,-4.612999999999999878e-01,4.002200000000000202e-01,3.809799999999999853e-01,3.617500000000000160e-01,3.425099999999999811e-01,3.232800000000000118e-01,3.040399999999999769e-01,2.848100000000000076e-01,2.655699999999999728e-01,2.463400000000000034e-01,2.270999999999999963e-01,2.078699999999999992e-01,1.886299999999999921e-01,1.719700000000000117e-01,1.623499999999999943e-01,1.349299999999999944e-01,8.523999999999999633e-02,3.556000000000000133e-02,-1.413000000000000020e-02,-6.382000000000000173e-02,-1.135000000000000037e-01,-1.631900000000000017e-01,-2.128700000000000037e-01,-2.625600000000000156e-01,-3.122400000000000175e-01,-3.619299999999999740e-01,-4.116099999999999759e-01,-4.612999999999999878e-01,6.723999999999999422e-02,3.778999999999999720e-02,8.340000000000000191e-03,-2.111000000000000029e-02,-5.056999999999999690e-02,-8.001999999999999391e-02,-1.094699999999999979e-01,-1.389199999999999879e-01,-1.683699999999999919e-01,-1.978300000000000058e-01,-2.272800000000000098e-01,-2.567300000000000137e-01,-2.861799999999999899e-01,6.723999999999999422e-02,3.778999999999999720e-02,8.340000000000000191e-03,-2.111000000000000029e-02,-5.056999999999999690e-02,-8.001999999999999391e-02,-1.094699999999999979e-01,-1.389199999999999879e-01,-1.683699999999999919e-01,-1.978300000000000058e-01,-2.272800000000000098e-01,-2.567300000000000137e-01,-2.861799999999999899e-01,9.517000000000000459e-02,2.855199999999999960e-01,4.758600000000000052e-01,6.662000000000000144e-01,8.565500000000000336e-01,1.046890000000000098e+00,1.237230000000000052e+00,1.427580000000000071e+00,1.617920000000000025e+00,1.808259999999999978e+00,1.998609999999999998e+00,2.188950000000000173e+00,2.379290000000000127e+00,2.740779999999999994e+00,3.273410000000000153e+00,3.806029999999999802e+00,4.338659999999999961e+00,4.871290000000000120e+00,5.403920000000000279e+00,5.936550000000000438e+00,6.469170000000000087e+00,7.001800000000000246e+00,7.534430000000000405e+00,8.067059999999999675e+00,8.599679999999999325e+00,9.132310000000000372e+00,9.517000000000000459e-02,2.855199999999999960e-01,4.758600000000000052e-01,6.662000000000000144e-01,8.565500000000000336e-01,1.046890000000000098e+00,1.237230000000000052e+00,1.427580000000000071e+00,1.617920000000000025e+00,1.808259999999999978e+00,1.998609999999999998e+00,2.188950000000000173e+00,2.379290000000000127e+00,2.740779999999999994e+00,3.273410000000000153e+00,3.806029999999999802e+00,4.338659999999999961e+00,4.871290000000000120e+00,5.403920000000000279e+00,5.936550000000000438e+00,6.469170000000000087e+00,7.001800000000000246e+00,7.534430000000000405e+00,8.067059999999999675e+00,8.599679999999999325e+00,9.132310000000000372e+00
cd,4.760000000000000342e-03,4.850000000000000144e-03,4.930000000000000354e-03,5.000000000000000104e-03,5.069999999999999854e-03,5.139999999999999604e-03,5.210000000000000221e-03,5.290000000000000431e-03,5.369999999999999774e-03,5.459999999999999576e-03,5.559999999999999838e-03,5.660000000000000100e-03,5.919999999999999915e-03,6.069999999999999875e-03,6.009999999999999717e-03,6.109999999999999980e-03,6.230000000000000294e-03,6.340000000000000149e-03,6.470000000000000057e-03,6.590000000000000371e-03,6.720000000000000279e-03,6.839999999999999726e-03,6.919999999999999936e-03,6.949999999999999581e-03,6.960000000000000041e-03,6.890000000000000291e-03,6.669999999999999714e-03,4.760000000000000342e-03,4.850000000000000144e-03,4.930000000000000354e-03,5.000000000000000104e-03,5.069999999999999854e-03,5.139999999999999604e-03,5.210000000000000221e-03,5.290000000000000431e-03,5.369999999999999774e-03,5.459999999999999576e-03,5.559999999999999838e-03,5.669999999999999693e-03,5.960000000000000020e-03,6.060000000000000282e-03,6.009999999999999717e-03,6.109999999999999980e-03,6.230000000000000294e-03,6.340000000000000149e-03,6.470000000000000057e-03,6.590000000000000371e-03,6.720000000000000279e-03,6.839999999999999726e-03,6.919999999999999936e-03,6.949999999999999581e-03,6.960000000000000041e-03,6.890000000000000291e-03,6.669999999999999714e-03,5.610000000000000403e-03,5.689999999999999745e-03,5.740000000000000310e-03,5.799999999999999600e-03,5.839999999999999705e-03,5.879999999999999810e-03,5.910000000000000323e-03,5.939999999999999968e-03,5.960000000000000020e-03,5.980000000000000072e-03,6.000000000000000125e-03,6.020000000000000177e-03,6.029999999999999770e-03,5.590000000000000351e-03,5.669999999999999693e-03,5.720000000000000258e-03,5.769999999999999955e-03,5.810000000000000060e-03,5.850000000000000165e-03,5.879999999999999810e-03,5.910000000000000323e-03,5.919999999999999915e-03,5.939999999999999968e-03,5.969999999999999613e-03,5.989999999999999665e-03,6.009999999999999717e-03,4.959999999999999999e-03,4.989999999999999644e-03,5.009999999999999697e-03,5.029999999999999749e-03,5.060000000000000261e-03,5.080000000000000314e-03,5.109999999999999959e-03,5.139999999999999604e-03,5.170000000000000116e-03,5.199999999999999761e-03,5.239999999999999866e-03,5.270000000000000379e-03,5.309999999999999616e-03,5.349999999999999721e-03,5.400000000000000286e-03,5.440000000000000391e-03,5.490000000000000088e-03,5.550000000000000246e-03,5.610000000000000403e-03,5.680000000000000153e-03,5.760000000000000363e-03,5.839999999999999705e-03,5.939999999999999968e-03,6.060000000000000282e-03,6.199999999999999782e-03,6.380000000000000254e-03,4.959999999999999999e-03,4.989999999999999644e-03,5.009999999999999697e-03,5.029999999999999749e-03,5.049999999999999802e-03,5.080000000000000314e-03,5.109999999999999959e-03,5.130000000000000011e-03,5.170000000000000116e-03,5.199999999999999761e-03,5.230000000000000274e-03,5.270000000000000379e-03,5.309999999999999616e-03,5.349999999999999721e-03,5.389999999999999826e-03,5.440000000000000391e-03,5.490000000000000088e-03,5.539999999999999786e-03,5.599999999999999943e-03,5.669999999999999693e-03,5.749999999999999903e-03,5.830000000000000113e-03,5.930000000000000375e-03,6.049999999999999822e-03,6.190000000000000190e-03,6.369999999999999794e-03
cd*c/cref,1.146621903667869452e-02,1.119353273092044826e-02,1.088060978529940132e-02,1.053047793939197729e-02,1.016621664212791383e-02,9.787825893507207456e-03,9.395305693529859906e-03,9.005680011972754667e-03,8.599906386008058026e-03,8.192990292361706714e-03,7.781903991457278860e-03,7.350632760043360886e-03,7.091222677043053889e-03,4.321797377319721960e-03,6.729562509100910431e-03,6.504470504958986127e-03,6.288533192033265821e-03,6.049823984338343653e-03,5.816965157668225160e-03,5.561324744770009855e-03,5.300337890530199512e-03,5.017672917307100869e-03,4.694637856553464210e-03,4.331608555665215042e-03,3.953913310790040277e-03,3.534074934877926271e-03,3.053289166275664941e-03,1.146621903667869452e-02,1.119353273092044826e-02,1.088060978529940132e-02,1.053047793939197729e-02,1.016621664212791383e-02,9.787825893507207456e-03,9.395305693529859906e-03,9.005680011972754667e-03,8.599906386008058026e-03,8.192990292361706714e-03,7.781903991457278860e-03,7.363619743718349125e-03,7.139136343779831778e-03,4.314677447538305295e-03,6.729562509100910431e-03,6.504470504958986127e-03,6.288533192033265821e-03,6.049823984338343653e-03,5.816965157668225160e-03,5.561324744770009855e-03,5.300337890530199512e-03,5.017672917307100869e-03,4.694637856553464210e-03,4.331608555665215042e-03,3.953913310790040277e-03,3.534074934877926271e-03,3.053289166275664941e-03,3.625977712880418605e-03,3.526199063212904355e-03,3.404367838594334322e-03,3.285539016616241016e-03,3.152718429951299924e-03,3.017767987444788021e-03,2.875821662594852009e-03,2.732277945863737564e-03,2.582803274709984196e-03,2.432263675635446074e-03,2.280659148640121897e-03,2.127989693724012098e-03,1.970986676266442677e-03,3.613050876114356439e-03,3.513804690407235001e-03,3.392505929749057778e-03,3.268544849288915633e-03,3.136522958564563757e-03,3.002371211998641071e-03,2.861223583089294274e-03,2.718478562298769045e-03,2.565469024544145271e-03,2.415994353390392771e-03,2.269255852896921027e-03,2.117385093921400445e-03,1.964449407025094241e-03,6.908718171080944874e-03,6.688587700422281984e-03,6.469212047179121079e-03,6.247874925170288085e-03,6.036502143770122557e-03,5.810742634329445558e-03,5.593964712734804216e-03,5.374234374747196251e-03,5.151559912307667778e-03,4.925937191580241278e-03,4.706347792321257696e-03,4.474337178636724442e-03,4.247372838028055063e-03,4.024709256233112431e-03,3.813584545439837464e-03,3.591251994110700174e-03,3.371375362014011022e-03,3.152572766838707304e-03,2.928242642419144094e-03,2.703144045172876930e-03,2.475895092788842674e-03,2.241276101412461707e-03,2.006041419256718826e-03,1.767427281699484069e-03,1.522669924118627257e-03,1.272996165482874129e-03,6.908718171080944874e-03,6.688587700422281984e-03,6.469212047179121079e-03,6.247874925170288085e-03,6.024572297636189740e-03,5.810742634329445558e-03,5.593964712734804216e-03,5.363778665846911063e-03,5.151559912307667778e-03,4.925937191580241278e-03,4.697366212564919354e-03,4.474337178636724442e-03,4.247372838028055063e-03,4.024709256233112431e-03,3.806522351837171060e-03,3.591251994110700174e-03,3.371375362014011022e-03,3.146892455547105772e-03,2.923022958564564042e-03,2.698384988755318792e-03,2.471596663808306449e-03,2.237438299868947395e-03,2.002664245150225994e-03,1.764510735030012717e-03,1.520214004886178034e-03,1.271000873687446386e-03
cdi,1.100000000000000039e-04,1.800000000000000113e-04,2.300000000000000070e-04,2.700000000000000035e-04,3.099999999999999999e-04,3.499999999999999964e-04,3.899999999999999929e-04,4.400000000000000157e-04,4.800000000000000122e-04,5.299999999999999807e-04,5.800000000000000034e-04,6.400000000000000524e-04,8.499999999999999526e-04,6.199999999999999999e-04,8.899999999999999491e-04,9.600000000000000243e-04,1.030000000000000100e-03,1.110000000000000092e-03,1.190000000000000085e-03,1.270000000000000078e-03,1.350000000000000071e-03,1.420000000000000038e-03,1.440000000000000091e-03,1.420000000000000038e-03,1.360000000000000098e-03,1.229999999999999974e-03,9.399999999999999719e-04,1.100000000000000039e-04,1.800000000000000113e-04,2.300000000000000070e-04,2.700000000000000035e-04,3.099999999999999999e-04,3.499999999999999964e-04,4.000000000000000192e-04,4.400000000000000157e-04,4.800000000000000122e-04,5.299999999999999807e-04,5.800000000000000034e-04,6.499999999999999702e-04,8.899999999999999491e-04,6.199999999999999999e-04,8.899999999999999491e-04,9.600000000000000243e-04,1.030000000000000100e-03,1.110000000000000092e-03,1.190000000000000085e-03,1.270000000000000078e-03,1.350000000000000071e-03,1.420000000000000038e-03,1.440000000000000091e-03,1.420000000000000038e-03,1.360000000000000098e-03,1.229999999999999974e-03,9.399999999999999719e-04,1.399999999999999877e-04,1.900000000000000105e-04,2.100000000000000087e-04,2.300000000000000070e-04,2.400000000000000061e-04,2.500000000000000052e-04,2.400000000000000061e-04,2.300000000000000070e-04,2.000000000000000096e-04,1.800000000000000113e-04,1.499999999999999869e-04,1.100000000000000039e-04,6.000000000000000152e-05,1.200000000000000030e-04,1.700000000000000122e-04,1.900000000000000105e-04,2.000000000000000096e-04,2.100000000000000087e-04,2.200000000000000078e-04,2.100000000000000087e-04,1.900000000000000105e-04,1.700000000000000122e-04,1.399999999999999877e-04,1.100000000000000039e-04,6.999999999999999387e-05,3.000000000000000076e-05,-1.000000000000000082e-05,-0.000000000000000000e+00,-1.000000000000000082e-05,-1.000000000000000082e-05,-1.000000000000000082e-05,-1.000000000000000082e-05,-1.000000000000000082e-05,-1.000000000000000082e-05,-1.000000000000000082e-05,-1.000000000000000082e-05,-1.000000000000000082e-05,-1.000000000000000082e-05,-1.000000000000000082e-05,-1.000000000000000082e-05,-1.000000000000000082e-05,-1.000000000000000082e-05,-1.000000000000000082e-05,-1.000000000000000082e-05,-1.000000000000000082e-05,-1.000000000000000082e-05,-1.000000000000000082e-05,-1.000000000000000082e-05,-0.000000000000000000e+00,-0.000000000000000000e+00,-0.000000000000000000e+00,-0.000000000000000000e+00,-1.000000000000000082e-05,-1.000000000000000082e-05,-1.000000000000000082e-05,-1.000000000000000082e-05,-1.000000000000000082e-05,-1.000000000000000082e-05,-1.000000000000000082e-05,-1.000000000000000082e-05,-1.000000000000000082e-05,-2.000000000000000164e-05,-2.000000000000000164e-05,-2.000000000000000164e-05,-2.000000000000000164e-05,-2.000000000000000164e-05,-2.000000000000000164e-05,-2.000000000000000164e-05,-2.000000000000000164e-05,-2.000000000000000164e-05,-2.000000000000000164e-05,-2.000000000000000164e-05,-2.000000000000000164e-05,-2.000000000000000164e-05,-2.000000000000000164e-05,-2.000000000000000164e-05,-1.000000000000000082e-05,-1.000000000000000082e-05
cdi*c/cref,2.649756500072807780e-04,4.154300807351919136e-04,5.076146552979436026e-04,5.686458087271668328e-04,6.216029899525943618e-04,6.664861989742261895e-04,7.032954357920624244e-04,7.490546701829890481e-04,7.687067160677594178e-04,7.952902664746711427e-04,8.117813516268384579e-04,8.311669551992493859e-04,1.018165418156519522e-03,4.414356464478134154e-04,9.965575096671896570e-04,1.021978999142492042e-03,1.039677237206141800e-03,1.059196312715388402e-03,1.069890036727231706e-03,1.071757576002718183e-03,1.064800022651156202e-03,1.041680634879544459e-03,9.769188603232644656e-04,8.850193020208067113e-04,7.726037503842608746e-04,6.309016211755949120e-04,4.302986231333020845e-04,2.649756500072807780e-04,4.154300807351919136e-04,5.076146552979436026e-04,5.686458087271668328e-04,6.216029899525943618e-04,6.664861989742261895e-04,7.213286520944230855e-04,7.490546701829890481e-04,7.687067160677594178e-04,7.952902664746711427e-04,8.117813516268384579e-04,8.441539388742375170e-04,1.066079084893296978e-03,4.414356464478134154e-04,9.965575096671896570e-04,1.021978999142492042e-03,1.039677237206141800e-03,1.059196312715388402e-03,1.069890036727231706e-03,1.071757576002718183e-03,1.064800022651156202e-03,1.041680634879544459e-03,9.769188603232644656e-04,8.850193020208067113e-04,7.726037503842608746e-04,6.309016211755949120e-04,4.302986231333020845e-04,9.048785736243467178e-05,1.177465416538579768e-04,1.245500428754024659e-04,1.302886161761613064e-04,1.295637710938890368e-04,1.283064620512239836e-04,1.167846360444609949e-04,1.057952739980908441e-04,8.667125082919410945e-05,7.321195010273918720e-05,5.701647871600304065e-05,3.888353260957496733e-05,1.961180772404420375e-05,7.756102059637258743e-05,1.053521688481887168e-04,1.126881340301260438e-04,1.132944488488359097e-04,1.133682997071529106e-04,1.129096866050771007e-04,1.021865565389033689e-04,8.739609591146635186e-05,7.367056320481499710e-05,5.694262785768601943e-05,4.181208439173556902e-05,2.474406620609315795e-05,9.805903862022101876e-06,-1.392886728040513211e-05,-0.000000000000000000e+00,-1.291259889656511334e-05,-1.242122251524908212e-05,-1.192984613393304921e-05,-1.143846975261701799e-05,-1.094709337130098677e-05,-1.045570890028637697e-05,-9.964332518970344055e-06,-9.472956137654311141e-06,-8.981579756338278227e-06,-8.490203375022248701e-06,-7.998818904007637208e-06,-7.522821039688061781e-06,-7.062193602666366108e-06,-6.601566165644669587e-06,-6.140938728622971373e-06,-5.680311291601274853e-06,-5.219683854579579179e-06,-4.759056417557882659e-06,-4.298428980536185292e-06,-3.837801543514489619e-06,-0.000000000000000000e+00,-0.000000000000000000e+00,-0.000000000000000000e+00,-0.000000000000000000e+00,-1.392886728040513211e-05,-1.340398336757972483e-05,-1.291259889656511334e-05,-1.242122251524908212e-05,-1.192984613393304921e-05,-1.143846975261701799e-05,-1.094709337130098677e-05,-1.045570890028637697e-05,-9.964332518970344055e-06,-1.894591227530862228e-05,-1.796315951267655645e-05,-1.698040675004449740e-05,-1.599763780801527442e-05,-1.504564207937612356e-05,-1.412438720533273222e-05,-1.320313233128933917e-05,-1.228187745724594275e-05,-1.136062258320254971e-05,-1.043936770915915836e-05,-9.518112835115765318e-06,-8.596857961072370584e-06,-7.675603087028979237e-06,-6.754348212985585350e-06,-5.833093338942191462e-06,-2.455919232449399211e-06,-1.995291795427702691e-06
cdo,4.649999999999999620e-03,4.680000000000000132e-03,4.700000000000000185e-03,4.729999999999999830e-03,4.760000000000000342e-03,4.789999999999999987e-03,4.819999999999999632e-03,4.850000000000000144e-03,4.890000000000000249e-03,4.930000000000000354e-03,4.969999999999999592e-03,5.020000000000000157e-03,5.069999999999999854e-03,5.440000000000000391e-03,5.120000000000000419e-03,5.159999999999999656e-03,5.190000000000000169e-03,5.230000000000000274e-03,5.279999999999999971e-03,5.320000000000000076e-03,5.369999999999999774e-03,5.420000000000000338e-03,5.479999999999999628e-03,5.539999999999999786e-03,5.599999999999999943e-03,5.660000000000000100e-03,5.729999999999999850e-03,4.649999999999999620e-03,4.680000000000000132e-03,4.700000000000000185e-03,4.729999999999999830e-03,4.760000000000000342e-03,4.789999999999999987e-03,4.819999999999999632e-03,4.850000000000000144e-03,4.890000000000000249e-03,4.930000000000000354e-03,4.969999999999999592e-03,5.020000000000000157e-03,5.069999999999999854e-03,5.440000000000000391e-03,5.120000000000000419e-03,5.159999999999999656e-03,5.190000000000000169e-03,5.230000000000000274e-03,5.279999999999999971e-03,5.320000000000000076e-03,5.369999999999999774e-03,5.420000000000000338e-03,5.479999999999999628e-03,5.539999999999999786e-03,5.599999999999999943e-03,5.660000000000000100e-03,5.729999999999999850e-03,5.470000000000000036e-03,5.499999999999999681e-03,5.530000000000000193e-03,5.559999999999999838e-03,5.599999999999999943e-03,5.629999999999999588e-03,5.669999999999999693e-03,5.709999999999999798e-03,5.760000000000000363e-03,5.810000000000000060e-03,5.859999999999999758e-03,5.910000000000000323e-03,5.969999999999999613e-03,5.470000000000000036e-03,5.499999999999999681e-03,5.530000000000000193e-03,5.559999999999999838e-03,5.599999999999999943e-03,5.629999999999999588e-03,5.669999999999999693e-03,5.709999999999999798e-03,5.760000000000000363e-03,5.810000000000000060e-03,5.859999999999999758e-03,5.910000000000000323e-03,5.969999999999999613e-03,4.969999999999999592e-03,4.989999999999999644e-03,5.020000000000000157e-03,5.040000000000000209e-03,5.069999999999999854e-03,5.089999999999999906e-03,5.120000000000000419e-03,5.150000000000000064e-03,5.179999999999999709e-03,5.210000000000000221e-03,5.250000000000000326e-03,5.279999999999999971e-03,5.320000000000000076e-03,5.369999999999999774e-03,5.409999999999999878e-03,5.449999999999999983e-03,5.510000000000000141e-03,5.559999999999999838e-03,5.619999999999999996e-03,5.689999999999999745e-03,5.760000000000000363e-03,5.850000000000000165e-03,5.950000000000000427e-03,6.060000000000000282e-03,6.199999999999999782e-03,6.380000000000000254e-03,4.969999999999999592e-03,4.989999999999999644e-03,5.020000000000000157e-03,5.040000000000000209e-03,5.069999999999999854e-03,5.089999999999999906e-03,5.120000000000000419e-03,5.150000000000000064e-03,5.179999999999999709e-03,5.210000000000000221e-03,5.250000000000000326e-03,5.279999999999999971e-03,5.320000000000000076e-03,5.369999999999999774e-03,5.409999999999999878e-03,5.459999999999999576e-03,5.510000000000000141e-03,5.559999999999999838e-03,5.619999999999999996e-03,5.689999999999999745e-03,5.760000000000000363e-03,5.850000000000000165e-03,5.950000000000000427e-03,6.060000000000000282e-03,6.199999999999999782e-03,6.380000000000000254e-03
cdo*c/cref,1.120124338667141325e-02,1.080118209911498824e-02,1.037299513000145695e-02,9.961832130664810894e-03,9.544613652175321095e-03,9.121339694532980616e-03,8.692010257737796397e-03,8.256625341789764969e-03,7.831199669940298175e-03,7.397700025887036547e-03,6.956126409629976616e-03,6.519465804844111825e-03,6.073057258886534367e-03,3.873241801090492042e-03,5.733004999433721424e-03,5.493137120390894669e-03,5.238762001067840367e-03,4.990627671622955251e-03,4.747075120940994104e-03,4.489567168767291672e-03,4.235537867879043093e-03,3.975992282427556410e-03,3.717718996230199961e-03,3.452821783940330201e-03,3.181309560405779727e-03,2.903173313702331251e-03,2.622990543142362640e-03,1.120124338667141325e-02,1.080118209911498824e-02,1.037299513000145695e-02,9.961832130664810894e-03,9.544613652175321095e-03,9.121339694532980616e-03,8.692010257737796397e-03,8.256625341789764969e-03,7.831199669940298175e-03,7.397700025887036547e-03,6.956126409629976616e-03,6.519465804844111825e-03,6.073057258886534367e-03,3.873241801090492042e-03,5.733004999433721424e-03,5.493137120390894669e-03,5.238762001067840367e-03,4.990627671622955251e-03,4.747075120940994104e-03,4.489567168767291672e-03,4.235537867879043093e-03,3.975992282427556410e-03,3.717718996230199961e-03,3.452821783940330201e-03,3.181309560405779727e-03,2.903173313702331251e-03,2.622990543142362640e-03,3.535489855517983879e-03,3.408452521559046568e-03,3.279817795718931693e-03,3.149585677997637952e-03,3.023154658857411022e-03,2.889461525393564011e-03,2.759037026550390567e-03,2.626482671865646313e-03,2.496132023880790439e-03,2.363119056093970077e-03,2.227443768505185662e-03,2.089106161114437192e-03,1.951374868542398236e-03,3.535489855517983879e-03,3.408452521559046568e-03,3.279817795718931693e-03,3.149585677997637952e-03,3.023154658857411022e-03,2.889461525393564011e-03,2.759037026550390567e-03,2.626482671865646313e-03,2.496132023880790439e-03,2.363119056093970077e-03,2.227443768505185662e-03,2.089106161114437192e-03,1.951374868542398236e-03,6.922647038361349342e-03,6.688587700422281984e-03,6.482124646075686572e-03,6.260296147685537674e-03,6.048431989904055374e-03,5.822181104082061603e-03,5.604911806106105225e-03,5.384690083647483173e-03,5.161524244826637929e-03,4.935410147717895525e-03,4.715329372077596039e-03,4.482827382011746881e-03,4.255371656932063415e-03,4.039754898312489066e-03,3.820646739042503869e-03,3.597853560276344665e-03,3.383657239471257044e-03,3.158253078130308401e-03,2.933462326273723279e-03,2.707903101590434635e-03,2.475895092788842674e-03,2.245113902955976019e-03,2.009418593363211658e-03,1.767427281699484069e-03,1.522669924118627257e-03,1.272996165482874129e-03,6.922647038361349342e-03,6.688587700422281984e-03,6.482124646075686572e-03,6.260296147685537674e-03,6.048431989904055374e-03,5.822181104082061603e-03,5.604911806106105225e-03,5.384690083647483173e-03,5.161524244826637929e-03,4.935410147717895525e-03,4.715329372077596039e-03,4.482827382011746881e-03,4.255371656932063415e-03,4.039754898312489066e-03,3.820646739042503869e-03,3.604455126441989156e-03,3.383657239471257044e-03,3.158253078130308401e-03,2.933462326273723279e-03,2.707903101590434635e-03,2.475895092788842674e-03,2.245113902955976019e-03,2.009418593363211658e-03,1.767427281699484069e-03,1.522669924118627257e-03,1.272996165482874129e-03
cl,6.349999999999999742e-03,1.016000000000000063e-02,1.298999999999999981e-02,1.550999999999999948e-02,1.787000000000000047e-02,2.016000000000000084e-02,2.255000000000000060e-02,2.495999999999999955e-02,2.755000000000000157e-02,3.025999999999999870e-02,3.334999999999999770e-02,3.654000000000000303e-02,4.864000000000000268e-02,3.563000000000000195e-02,5.086000000000000243e-02,5.480999999999999761e-02,5.911999999999999894e-02,6.353000000000000314e-02,6.822000000000000286e-02,7.284000000000000197e-02,7.739999999999999658e-02,8.130999999999999339e-02,8.254999999999999838e-02,8.099000000000000643e-02,7.771000000000000130e-02,7.015000000000000402e-02,5.358000000000000262e-02,6.349999999999999742e-03,1.016000000000000063e-02,1.298999999999999981e-02,1.550999999999999948e-02,1.787000000000000047e-02,2.017000000000000043e-02,2.255000000000000060e-02,2.496999999999999914e-02,2.756000000000000116e-02,3.021000000000000074e-02,3.327000000000000096e-02,3.694000000000000061e-02,5.072000000000000119e-02,3.549000000000000071e-02,5.063999999999999752e-02,5.478000000000000230e-02,5.911000000000000282e-02,6.353000000000000314e-02,6.822000000000000286e-02,7.284000000000000197e-02,7.739999999999999658e-02,8.129999999999999727e-02,8.247000000000000164e-02,8.103000000000000480e-02,7.768999999999999517e-02,7.016000000000000014e-02,5.362999999999999712e-02,7.729999999999999892e-03,1.082999999999999935e-02,1.199000000000000066e-02,1.322000000000000085e-02,1.362999999999999975e-02,1.401999999999999948e-02,1.358000000000000006e-02,1.290000000000000001e-02,1.152000000000000073e-02,1.012000000000000052e-02,8.359999999999999376e-03,6.159999999999999677e-03,3.289999999999999956e-03,7.000000000000000146e-03,9.769999999999999171e-03,1.060000000000000005e-02,1.159999999999999920e-02,1.192999999999999963e-02,1.230000000000000017e-02,1.175999999999999962e-02,1.093000000000000048e-02,9.390000000000000777e-03,7.879999999999999852e-03,6.130000000000000032e-03,4.120000000000000398e-03,1.889999999999999970e-03,-4.099999999999999912e-04,-3.699999999999999947e-04,-4.299999999999999894e-04,-4.800000000000000122e-04,-5.299999999999999807e-04,-5.699999999999999772e-04,-6.099999999999999737e-04,-6.499999999999999702e-04,-6.800000000000000488e-04,-7.100000000000000191e-04,-7.399999999999999894e-04,-7.699999999999999597e-04,-7.900000000000000121e-04,-8.199999999999999824e-04,-8.000000000000000383e-04,-7.699999999999999597e-04,-7.299999999999999632e-04,-6.800000000000000488e-04,-6.300000000000000261e-04,-5.699999999999999772e-04,-5.100000000000000366e-04,-4.400000000000000157e-04,-3.800000000000000209e-04,-3.499999999999999964e-04,-2.000000000000000096e-04,-2.500000000000000052e-04,-4.499999999999999877e-04,-4.699999999999999859e-04,-5.900000000000000296e-04,-6.700000000000000226e-04,-7.299999999999999632e-04,-7.799999999999999859e-04,-8.300000000000000086e-04,-8.800000000000000313e-04,-9.200000000000000278e-04,-9.700000000000000505e-04,-1.010000000000000047e-03,-1.049999999999999935e-03,-1.090000000000000040e-03,-1.129999999999999928e-03,-1.129999999999999928e-03,-1.119999999999999902e-03,-1.110000000000000092e-03,-1.090000000000000040e-03,-1.069999999999999988e-03,-1.030000000000000100e-03,-1.000000000000000021e-03,-9.899999999999999946e-04,-1.000000000000000021e-03,-1.010000000000000047e-03,-8.000000000000000383e-04,-7.100000000000000191e-04
cl*c/cref,1.529632161405666130e-02,2.344872011260860922e-02,2.866919292313168527e-02,3.266554256799391459e-02,3.583240461436407176e-02,3.838960506091543268e-02,4.066490276182310043e-02,4.249182856310774331e-02,4.412056255763911056e-02,4.540657257268593955e-02,4.667742771854320460e-02,4.745443834840714498e-02,5.826301875192131663e-02,2.536830981118643955e-02,5.694934263109356631e-02,5.834861348229165162e-02,5.967545462488067776e-02,6.062228986198974628e-02,6.133436832397625577e-02,6.146993845357321545e-02,6.104853463199961389e-02,5.964722001553221520e-02,5.600323049978157136e-02,5.047726286666558843e-02,4.414635106055948832e-02,3.598190953290080624e-02,2.452702151859822294e-02,1.529632161405666130e-02,2.344872011260860922e-02,2.866919292313168527e-02,3.266554256799391459e-02,3.583240461436407176e-02,3.840864752374326119e-02,4.066490276182310043e-02,4.250885253288462506e-02,4.413657728089051546e-02,4.533154518905625763e-02,4.656545787693951166e-02,4.797391769540667456e-02,6.075452942223373565e-02,2.526863079424660971e-02,5.670300257252414156e-02,5.831667663856845291e-02,5.966536067112140213e-02,6.062228986198974628e-02,6.133436832397625577e-02,6.146993845357321545e-02,6.104853463199961389e-02,5.963988423641334441e-02,5.594895722976361840e-02,5.050219298784927591e-02,4.413498924070089618e-02,3.598703881437377572e-02,2.454990974323296993e-02,4.996222410083000359e-03,6.711552874269903837e-03,7.111214352743217698e-03,7.488763068908053586e-03,7.358142500040448092e-03,7.195426391832640545e-03,6.608063989515750546e-03,5.933734932936399545e-03,4.992264047761580878e-03,4.116138527998447136e-03,3.177718413771902541e-03,2.177477826136198225e-03,1.075380790201757239e-03,4.524392868121734565e-03,6.054651115569432800e-03,6.286811687996505908e-03,6.571078033232482032e-03,6.440399121458733993e-03,6.312677932920220288e-03,5.722447166178588548e-03,5.027575412170143775e-03,4.069215226430663440e-03,3.205056482275470391e-03,2.330073430193990887e-03,1.456365039558626170e-03,6.177719433073924080e-04,-5.710835584966102944e-04,-4.959473846004497409e-04,-5.552417525522998195e-04,-5.962186807319559689e-04,-6.322818450984515589e-04,-6.519927758991700016e-04,-6.677726956493601268e-04,-6.796210785186143979e-04,-6.775746112899833822e-04,-6.725798857734560741e-04,-6.646369019690325820e-04,-6.537456598767130145e-04,-6.319066934166033293e-04,-6.168713252544210084e-04,-5.649754882133093022e-04,-5.083205947546394574e-04,-4.482885271894768891e-04,-3.862611678288866866e-04,-3.288400828385134493e-04,-2.712662158007992557e-04,-2.192198780073454745e-04,-1.688632679146375229e-04,-1.283326160467261276e-04,-1.020791334314883480e-04,-4.911838464898798083e-05,-4.988229488569255964e-05,-6.267990276182308770e-04,-6.299872182762470503e-04,-7.618433348973417413e-04,-8.322219085216885038e-04,-8.708787677771124549e-04,-8.922006407041273420e-04,-9.086087498179818865e-04,-9.201023832252011462e-04,-9.167185917452716666e-04,-9.188767453524681163e-04,-9.071395553901660976e-04,-8.914713543773358697e-04,-8.718712605368325336e-04,-8.500787774847508305e-04,-7.980278771012992321e-04,-7.393754105522028176e-04,-6.816441988771497961e-04,-6.191539307845389615e-04,-5.585061724400149129e-04,-4.901828110084619156e-04,-4.298428980536185529e-04,-3.799423528079344265e-04,-3.377174106492792489e-04,-2.945712136165806782e-04,-1.964735385959519233e-04,-1.416657174753668715e-04
cli,6.429999999999999952e-03,1.024000000000000084e-02,1.307000000000000002e-02,1.558999999999999969e-02,1.795000000000000068e-02,2.025000000000000064e-02,2.263000000000000081e-02,2.504999999999999935e-02,2.762999999999999831e-02,3.034999999999999851e-02,3.343999999999999750e-02,3.663000000000000284e-02,4.873000000000000248e-02,3.572000000000000175e-02,5.095000000000000223e-02,5.489999999999999741e-02,5.920999999999999874e-02,6.361999999999999600e-02,6.830999999999999572e-02,7.294000000000000483e-02,7.749000000000000332e-02,8.140000000000000013e-02,8.265000000000000124e-02,8.108999999999999542e-02,7.781000000000000416e-02,7.025000000000000688e-02,5.367999999999999855e-02,6.429999999999999952e-03,1.024000000000000084e-02,1.307000000000000002e-02,1.558999999999999969e-02,1.795000000000000068e-02,2.025000000000000064e-02,2.264000000000000040e-02,2.505999999999999894e-02,2.765000000000000097e-02,3.030000000000000054e-02,3.336000000000000076e-02,3.703000000000000042e-02,5.081000000000000100e-02,3.558999999999999664e-02,5.072999999999999732e-02,5.487000000000000210e-02,5.920000000000000262e-02,6.361999999999999600e-02,6.830999999999999572e-02,7.292999999999999483e-02,7.749000000000000332e-02,8.139000000000000401e-02,8.255999999999999450e-02,8.112999999999999379e-02,7.778999999999999804e-02,7.025000000000000688e-02,5.372999999999999998e-02,7.820000000000000562e-03,1.093000000000000048e-02,1.209000000000000005e-02,1.332000000000000024e-02,1.371999999999999956e-02,1.412000000000000061e-02,1.367999999999999945e-02,1.299999999999999940e-02,1.162000000000000012e-02,1.021999999999999992e-02,8.460000000000000506e-03,6.270000000000000399e-03,3.399999999999999811e-03,7.100000000000000408e-03,9.870000000000000301e-03,1.069999999999999944e-02,1.169000000000000074e-02,1.203000000000000076e-02,1.239999999999999956e-02,1.186000000000000075e-02,1.102999999999999987e-02,9.490000000000000172e-03,7.979999999999999247e-03,6.230000000000000294e-03,4.230000000000000253e-03,1.990000000000000015e-03,-3.299999999999999982e-04,-2.799999999999999755e-04,-3.400000000000000244e-04,-4.000000000000000192e-04,-4.400000000000000157e-04,-4.899999999999999842e-04,-5.199999999999999544e-04,-5.599999999999999509e-04,-5.900000000000000296e-04,-6.199999999999999999e-04,-6.499999999999999702e-04,-6.800000000000000488e-04,-6.999999999999999929e-04,-7.299999999999999632e-04,-7.100000000000000191e-04,-6.800000000000000488e-04,-6.300000000000000261e-04,-5.900000000000000296e-04,-5.299999999999999807e-04,-4.699999999999999859e-04,-4.099999999999999912e-04,-3.400000000000000244e-04,-2.799999999999999755e-04,-2.500000000000000052e-04,-9.000000000000000567e-05,-1.299999999999999886e-04,-3.699999999999999947e-04,-3.800000000000000209e-04,-5.000000000000000104e-04,-5.800000000000000034e-04,-6.400000000000000524e-04,-6.899999999999999667e-04,-7.399999999999999894e-04,-7.900000000000000121e-04,-8.300000000000000086e-04,-8.700000000000000051e-04,-9.100000000000000016e-04,-9.600000000000000243e-04,-9.899999999999999946e-04,-1.039999999999999909e-03,-1.039999999999999909e-03,-1.030000000000000100e-03,-1.010000000000000047e-03,-9.899999999999999946e-04,-9.700000000000000505e-04,-9.300000000000000541e-04,-8.999999999999999754e-04,-8.800000000000000313e-04,-8.999999999999999754e-04,-9.100000000000000016e-04,-6.899999999999999667e-04,-5.999999999999999474e-04
cli*c/cref,1.548903117769831993e-02,2.363335570404647215e-02,2.884575454236575423e-02,3.283403021502418612e-02,3.599281828919054932e-02,3.856098722636594478e-02,4.080916849224198312e-02,4.264504429109971378e-02,4.424868034365039837e-02,4.554162186321937533e-02,4.680339379034736957e-02,4.757132120148203913e-02,5.837082450207906059e-02,2.543238917921918779e-02,5.705011810959923629e-02,5.844442401346126165e-02,5.976630020871422783e-02,6.070817064410179847e-02,6.141528437717410499e-02,6.155432881388839261e-02,6.111952130017636597e-02,5.971324202760204536e-02,5.607107208730402470e-02,5.053958816962479672e-02,4.420316015985244901e-02,3.603320234763052882e-02,2.457279796786772039e-02,1.548903117769831993e-02,2.363335570404647215e-02,2.884575454236575423e-02,3.283403021502418612e-02,3.599281828919054932e-02,3.856098722636594478e-02,4.082720170854434172e-02,4.266206826087660248e-02,4.428070979015322206e-02,4.546659447958969341e-02,4.669142394874367663e-02,4.809080054848156871e-02,6.086233517239148655e-02,2.533983009206076942e-02,5.680377805102981154e-02,5.841248716973806293e-02,5.975620625495494526e-02,6.070817064410179847e-02,6.141528437717410499e-02,6.154588977785686865e-02,6.111952130017636597e-02,5.970590624848318151e-02,5.601001465853381461e-02,5.056451829080847726e-02,4.419179833999385687e-02,3.603320234763052882e-02,2.459568619250247085e-02,5.054393175530280322e-03,6.773524738298251045e-03,7.170523896969599117e-03,7.545410293332471818e-03,7.406728914200656592e-03,7.246748976653130669e-03,6.656724254534275749e-03,5.979732878152960694e-03,5.035599673176177106e-03,4.156811833611080177e-03,3.215729399582571962e-03,2.216361358745773131e-03,1.111335771029171469e-03,4.589027051952044960e-03,6.116622979597780008e-03,6.346121232222887328e-03,6.622060535214458615e-03,6.494384026081188171e-03,6.364000517740709545e-03,5.771107431197113752e-03,5.073573357386704057e-03,4.112550851845260536e-03,3.245729787888103433e-03,2.368084416004659874e-03,1.495248572168201076e-03,6.504582895141327453e-04,-4.596526202533692917e-04,-3.753115342922322276e-04,-4.390283624832138536e-04,-4.968489006099632713e-04,-5.249132298930541448e-04,-5.604850178782338306e-04,-5.692488553076512645e-04,-5.855196984160369747e-04,-5.878956186192502891e-04,-5.873232805345672027e-04,-5.838026841619880407e-04,-5.773338295015128033e-04,-5.599173232805346656e-04,-5.491659358972284270e-04,-5.014157457893119894e-04,-4.489064992638375218e-04,-3.868791399032472109e-04,-3.351383662044751799e-04,-2.766432442927176474e-04,-2.236756516252204460e-04,-1.762355882019836029e-04,-1.304852524794926436e-04,-9.456087498179817287e-05,-7.291366673677739921e-05,-2.210327309204459205e-05,-2.593879334056013074e-05,-5.153680893749898202e-04,-5.093513679680295369e-04,-6.456299448282556671e-04,-7.204309058844467597e-04,-7.635101525717151493e-04,-7.892544129305741497e-04,-8.100849094762730242e-04,-8.260010031226237229e-04,-8.270395990745385735e-04,-8.241471839759249981e-04,-8.173237578267833221e-04,-8.150595240021357669e-04,-7.918830714967560599e-04,-7.823733881275582490e-04,-7.344681346773019193e-04,-6.799613150614009904e-04,-6.202348115909201180e-04,-5.623508178685261401e-04,-5.063093338942191652e-04,-4.425922468328830788e-04,-3.868586082482566814e-04,-3.377265358292750458e-04,-3.039456695843513077e-04,-2.654057469218697022e-04,-1.694584270390085278e-04,-1.197175077256621377e-04
clo,-8.000000000000000654e-05,-8.000000000000000654e-05,-8.000000000000000654e-05,-8.000000000000000654e-05,-8.000000000000000654e-05,-8.000000000000000654e-05,-8.000000000000000654e-05,-8.000000000000000654e-05,-9.000000000000000567e-05,-9.000000000000000567e-05,-9.000000000000000567e-05,-9.000000000000000567e-05,-9.000000000000000567e-05,-1.000000000000000048e-04,-9.000000000000000567e-05,-9.000000000000000567e-05,-9.000000000000000567e-05,-9.000000000000000567e-05,-9.000000000000000567e-05,-9.000000000000000567e-05,-9.000000000000000567e-05,-9.000000000000000567e-05,-1.000000000000000048e-04,-1.000000000000000048e-04,-1.000000000000000048e-04,-1.000000000000000048e-04,-1.000000000000000048e-04,-8.000000000000000654e-05,-8.000000000000000654e-05,-8.000000000000000654e-05,-8.000000000000000654e-05,-8.000000000000000654e-05,-8.000000000000000654e-05,-8.000000000000000654e-05,-8.000000000000000654e-05,-9.000000000000000567e-05,-9.000000000000000567e-05,-9.000000000000000567e-05,-9.000000000000000567e-05,-9.000000000000000567e-05,-9.000000000000000567e-05,-9.000000000000000567e-05,-9.000000000000000567e-05,-9.000000000000000567e-05,-9.000000000000000567e-05,-9.000000000000000567e-05,-9.000000000000000567e-05,-9.000000000000000567e-05,-9.000000000000000567e-05,-1.000000000000000048e-04,-1.000000000000000048e-04,-1.000000000000000048e-04,-1.000000000000000048e-04,-1.000000000000000048e-04,-1.000000000000000048e-04,-1.000000000000000048e-04,-1.000000000000000048e-04,-1.000000000000000048e-04,-1.000000000000000048e-04,-1.000000000000000048e-04,-1.000000000000000048e-04,-1.000000000000000048e-04,-1.000000000000000048e-04,-1.000000000000000048e-04,-1.000000000000000048e-04,-1.000000000000000048e-04,-1.000000000000000048e-04,-1.000000000000000048e-04,-1.000000000000000048e-04,-1.000000000000000048e-04,-1.000000000000000048e-04,-1.000000000000000048e-04,-1.000000000000000048e-04,-1.000000000000000048e-04,-1.000000000000000048e-04,-1.000000000000000048e-04,-1.000000000000000048e-04,-1.000000000000000048e-04,-1.000000000000000048e-04,-1.000000000000000048e-04,-8.000000000000000654e-05,-9.000000000000000567e-05,-9.000000000000000567e-05,-9.000000000000000567e-05,-9.000000000000000567e-05,-9.000000000000000567e-05,-9.000000000000000567e-05,-9.000000000000000567e-05,-9.000000000000000567e-05,-9.000000000000000567e-05,-9.000000000000000567e-05,-9.000000000000000567e-05,-9.000000000000000567e-05,-9.000000000000000567e-05,-9.000000000000000567e-05,-1.000000000000000048e-04,-1.000000000000000048e-04,-1.000000000000000048e-04,-1.000000000000000048e-04,-1.000000000000000048e-04,-1.000000000000000048e-04,-1.000000000000000048e-04,-1.000000000000000048e-04,-1.100000000000000039e-04,-1.100000000000000039e-04,-1.100000000000000039e-04,-8.000000000000000654e-05,-9.000000000000000567e-05,-9.000000000000000567e-05,-9.000000000000000567e-05,-9.000000000000000567e-05,-9.000000000000000567e-05,-9.000000000000000567e-05,-9.000000000000000567e-05,-9.000000000000000567e-05,-9.000000000000000567e-05,-9.000000000000000567e-05,-9.000000000000000567e-05,-9.000000000000000567e-05,-9.000000000000000567e-05,-9.000000000000000567e-05,-1.000000000000000048e-04,-1.000000000000000048e-04,-1.000000000000000048e-04,-1.000000000000000048e-04,-1.000000000000000048e-04,-1.000000000000000048e-04,-1.000000000000000048e-04,-1.000000000000000048e-04,-1.100000000000000039e-04,-1.100000000000000039e-04,-1.100000000000000039e-04
clo*c/cref,-1.927095636416587378e-04,-1.846355914378630637e-04,-1.765616192340673624e-04,-1.684876470302716612e-04,-1.604136748264759871e-04,-1.523397026226802858e-04,-1.442657304188846117e-04,-1.361917582150889375e-04,-1.441325092627048908e-04,-1.350492905334347269e-04,-1.259660718041645902e-04,-1.168828530748944398e-04,-1.078057501577491396e-04,-7.119929781416346065e-05,-1.007754785056708742e-04,-9.581053116960864245e-05,-9.084558383354636999e-05,-8.588078211205850518e-05,-8.091605319785785775e-05,-7.595132428365719676e-05,-7.098666817674373960e-05,-6.602201206983028244e-05,-6.784158752244890767e-05,-6.232530295921173756e-05,-5.680909929296035324e-05,-5.129281472972316958e-05,-4.577644926950022724e-05,-1.927095636416587378e-04,-1.846355914378630637e-04,-1.765616192340673624e-04,-1.684876470302716612e-04,-1.604136748264759871e-04,-1.523397026226802858e-04,-1.442657304188846117e-04,-1.361917582150889375e-04,-1.441325092627048908e-04,-1.350492905334347269e-04,-1.259660718041645902e-04,-1.168828530748944398e-04,-1.078057501577491396e-04,-6.407936803274710781e-05,-1.007754785056708742e-04,-9.581053116960864245e-05,-9.084558383354636999e-05,-8.588078211205850518e-05,-8.091605319785785775e-05,-7.595132428365719676e-05,-7.098666817674373960e-05,-6.602201206983028244e-05,-6.784158752244890767e-05,-6.232530295921173756e-05,-5.680909929296035324e-05,-5.129281472972316958e-05,-4.577644926950022724e-05,-6.463418383031048953e-05,-6.197186402834630001e-05,-5.930954422638213083e-05,-5.664722442441795486e-05,-5.398490462245377213e-05,-5.132258482048959616e-05,-4.866026501852541343e-05,-4.599794521656123746e-05,-4.333562541459705473e-05,-4.067330561263287876e-05,-3.801098581066869603e-05,-3.534866600870452006e-05,-3.268634620674034410e-05,-6.463418383031048953e-05,-6.197186402834630001e-05,-5.930954422638213083e-05,-5.664722442441795486e-05,-5.398490462245377213e-05,-5.132258482048959616e-05,-4.866026501852541343e-05,-4.599794521656123746e-05,-4.333562541459705473e-05,-4.067330561263287876e-05,-3.801098581066869603e-05,-3.534866600870452006e-05,-3.268634620674034410e-05,-1.114309382432410568e-04,-1.206358503082175269e-04,-1.162133900690860201e-04,-1.117910026372417442e-04,-1.073686152053974412e-04,-1.029462277735531653e-04,-9.852384034170888938e-05,-9.410138010257738256e-05,-8.967899267073309311e-05,-8.525660523888880366e-05,-8.083421780704451421e-05,-7.641183037520022476e-05,-7.198937013606874504e-05,-6.770538935719255433e-05,-6.355974242399729920e-05,-6.601566165644669757e-05,-6.140938728622971881e-05,-5.680311291601274683e-05,-5.219683854579578841e-05,-4.759056417557882320e-05,-4.298428980536185800e-05,-3.837801543514489280e-05,-3.377174106492792760e-05,-3.208201336418205050e-05,-2.701511155694338878e-05,-2.194820974970472706e-05,-1.114309382432410568e-04,-1.206358503082175269e-04,-1.162133900690860201e-04,-1.117910026372417442e-04,-1.073686152053974412e-04,-1.029462277735531653e-04,-9.852384034170888938e-05,-9.410138010257738256e-05,-8.967899267073309311e-05,-8.525660523888880366e-05,-8.083421780704451421e-05,-7.641183037520022476e-05,-7.198937013606874504e-05,-6.770538935719255433e-05,-6.355974242399729920e-05,-6.601566165644669757e-05,-6.140938728622971881e-05,-5.680311291601274683e-05,-5.219683854579578841e-05,-4.759056417557882320e-05,-4.298428980536185800e-05,-3.837801543514489280e-05,-3.377174106492792760e-05,-3.208201336418205050e-05,-2.701511155694338878e-05,-2.194820974970472706e-05
cmx,2.500000000000000052e-04,5.500000000000000331e-04,9.100000000000000016e-04,1.360000000000000098e-03,1.910000000000000022e-03,2.579999999999999828e-03,3.419999999999999863e-03,4.449999999999999963e-03,5.729999999999999850e-03,7.320000000000000118e-03,9.360000000000000264e-03,1.188999999999999953e-02,1.830999999999999989e-02,2.321000000000000146e-02,2.297000000000000083e-02,2.999999999999999889e-02,3.862999999999999767e-02,4.904000000000000026e-02,6.173000000000000015e-02,7.685999999999999777e-02,9.493000000000000049e-02,1.157600000000000018e-01,1.364499999999999880e-01,1.557399999999999896e-01,1.744900000000000062e-01,1.850100000000000078e-01,1.674499999999999877e-01,-2.500000000000000052e-04,-5.500000000000000331e-04,-9.100000000000000016e-04,-1.360000000000000098e-03,-1.910000000000000022e-03,-2.579999999999999828e-03,-3.419999999999999863e-03,-4.449999999999999963e-03,-5.740000000000000310e-03,-7.309999999999999658e-03,-9.339999999999999344e-03,-1.201999999999999943e-02,-1.908999999999999933e-02,-2.310999999999999860e-02,-2.287000000000000144e-02,-2.997999999999999970e-02,-3.862999999999999767e-02,-4.904000000000000026e-02,-6.173000000000000015e-02,-7.685999999999999777e-02,-9.493999999999999662e-02,-1.157500000000000057e-01,-1.363099999999999867e-01,-1.558199999999999863e-01,-1.744400000000000117e-01,-1.850199999999999900e-01,-1.675899999999999890e-01,6.009999999999999717e-03,9.450000000000000067e-03,1.171999999999999952e-02,1.443999999999999971e-02,1.660000000000000017e-02,1.905000000000000096e-02,2.055999999999999842e-02,2.178000000000000075e-02,2.170000000000000054e-02,2.131999999999999867e-02,1.975000000000000019e-02,1.643000000000000016e-02,1.004000000000000031e-02,-5.459999999999999576e-03,-8.529999999999999388e-03,-1.037000000000000074e-02,-1.268000000000000030e-02,-1.455000000000000043e-02,-1.671999999999999875e-02,-1.781999999999999904e-02,-1.847999999999999990e-02,-1.772999999999999923e-02,-1.665000000000000160e-02,-1.456000000000000003e-02,-1.107999999999999957e-02,-5.890000000000000270e-03,-1.299999999999999886e-04,-1.399999999999999877e-04,-2.200000000000000078e-04,-3.099999999999999999e-04,-4.200000000000000174e-04,-5.400000000000000069e-04,-6.800000000000000488e-04,-8.400000000000000348e-04,-1.020000000000000073e-03,-1.219999999999999947e-03,-1.449999999999999900e-03,-1.719999999999999958e-03,-2.020000000000000094e-03,-2.500000000000000052e-03,-3.000000000000000062e-03,-3.500000000000000073e-03,-3.959999999999999978e-03,-4.380000000000000213e-03,-4.749999999999999882e-03,-5.020000000000000157e-03,-5.210000000000000221e-03,-5.179999999999999709e-03,-5.190000000000000169e-03,-5.669999999999999693e-03,-2.599999999999999881e-03,-5.069999999999999854e-03,1.399999999999999877e-04,1.900000000000000105e-04,3.200000000000000262e-04,4.499999999999999877e-04,5.999999999999999474e-04,7.699999999999999597e-04,9.600000000000000243e-04,1.190000000000000085e-03,1.430000000000000064e-03,1.719999999999999958e-03,2.050000000000000173e-03,2.439999999999999895e-03,2.870000000000000155e-03,3.579999999999999849e-03,4.420000000000000318e-03,5.329999999999999669e-03,6.340000000000000149e-03,7.429999999999999973e-03,8.670000000000000623e-03,9.969999999999999696e-03,1.154999999999999950e-02,1.359999999999999924e-02,1.679999999999999896e-02,2.092000000000000109e-02,2.012999999999999859e-02,2.255000000000000060e-02
cmx*c/cref,6.022173863801835421e-04,1.269369691135308498e-03,2.008388418787516224e-03,2.864289999514618105e-03,3.829876486482113995e-03,4.912955409581438310e-03,6.167359975407316411e-03,7.575666550714320498e-03,9.176436423058877481e-03,1.098400896338602543e-02,1.310047146763311694e-02,1.544152358956105316e-02,2.193248094875985266e-02,1.652535702266733769e-02,2.572014156972511276e-02,3.193684372320287901e-02,3.899294337210995609e-02,4.679548394194832373e-02,5.549942182115294442e-02,6.486243093824323180e-02,7.487516011131425953e-02,8.491897908003948059e-02,9.256984617438153429e-02,9.706542682867634608e-02,9.912619735628652728e-02,9.489683653146083198e-02,7.665266430177812562e-02,-6.022173863801835421e-04,-1.269369691135308498e-03,-2.008388418787516224e-03,-2.864289999514618105e-03,-3.829876486482113995e-03,-4.912955409581438310e-03,-6.167359975407316411e-03,-7.575666550714320498e-03,-9.192451146310289326e-03,-1.096900348666008697e-02,-1.307247900723219024e-02,-1.561035437733590027e-02,-2.286679745012700979e-02,-1.645415772485317452e-02,-2.560816881582992158e-02,-3.191555249405407524e-02,-3.899294337210995609e-02,-4.679548394194832373e-02,-5.549942182115294442e-02,-6.486243093824323180e-02,-7.488304751888945343e-02,-8.491164330092060286e-02,-9.247486795185010100e-02,-9.711528707104372105e-02,-9.909779280664005041e-02,-9.490196581293379452e-02,-7.671675133075542274e-02,3.884514448201660183e-03,5.856341150678725724e-03,6.951078583331985437e-03,8.179859206885952208e-03,8.961494167327326010e-03,9.776952408303268144e-03,1.000455048780882379e-02,1.001835246816703759e-02,9.403830714967561025e-03,8.671548756613328690e-03,7.507169697607067767e-03,5.807785825230151779e-03,3.281709159156730171e-03,-3.529026437134952145e-03,-5.286200001617938869e-03,-6.150399736275826736e-03,-7.182868057016196690e-03,-7.854803622567022720e-03,-8.581136181985858299e-03,-8.671259226301228362e-03,-8.500420276020517057e-03,-7.683406386008056511e-03,-6.772105384503374938e-03,-5.534399534033362412e-03,-3.916632193764459959e-03,-1.925225791577006226e-03,-1.810752746452666767e-04,-1.876557671461161138e-04,-2.840771757244324935e-04,-3.850578979727215271e-04,-5.010535376251880769e-04,-6.176773666413189375e-04,-7.444023492484671883e-04,-8.782795476240556247e-04,-1.016361916934975127e-03,-1.155700648793825912e-03,-1.302329064669050353e-03,-1.460314980503826451e-03,-1.615761418609542926e-03,-1.880705259922015428e-03,-2.118658080799909558e-03,-2.310548157975634252e-03,-2.431811736534696382e-03,-2.487976345721358475e-03,-2.479349830925299970e-03,-2.389046321614056705e-03,-2.239481498859352462e-03,-1.987981199540505423e-03,-1.752753361269759240e-03,-1.653681961590111084e-03,-6.385390004368437372e-04,-1.011612940281845065e-03,1.950041419256718224e-04,2.546756839840147685e-04,4.132031646900836269e-04,5.589550131862087209e-04,7.157907680359829050e-04,8.807621709515103207e-04,1.050920963644894675e-03,1.244229359134078720e-03,1.424899550212759122e-03,1.629348455676541286e-03,1.841223850049347223e-03,2.071609623505428141e-03,2.295661025450191923e-03,2.693169932208325755e-03,3.121489572378533753e-03,3.518634766288608173e-03,3.893355153946963937e-03,4.220471289659746654e-03,4.525465901920495103e-03,4.744779248305208176e-03,4.964685472519293589e-03,5.219410099179705095e-03,5.673652498907891077e-03,6.101415632533532286e-03,4.943765414920639652e-03,4.499382998689469351e-03
cmxi,2.500000000000000052e-04,5.500000000000000331e-04,9.100000000000000016e-04,1.360000000000000098e-03,1.910000000000000022e-03,2.579999999999999828e-03,3.419999999999999863e-03,4.449999999999999963e-03,5.729999999999999850e-03,7.320000000000000118e-03,9.360000000000000264e-03,1.188999999999999953e-02,1.830999999999999989e-02,2.321000000000000146e-02,2.297000000000000083e-02,2.999999999999999889e-02,3.862999999999999767e-02,4.904000000000000026e-02,6.173000000000000015e-02,7.685999999999999777e-02,9.493000000000000049e-02,1.157600000000000018e-01,1.364499999999999880e-01,1.557399999999999896e-01,1.744900000000000062e-01,1.850100000000000078e-01,1.674499999999999877e-01,-2.500000000000000052e-04,-5.500000000000000331e-04,-9.100000000000000016e-04,-1.360000000000000098e-03,-1.910000000000000022e-03,-2.579999999999999828e-03,-3.419999999999999863e-03,-4.449999999999999963e-03,-5.740000000000000310e-03,-7.309999999999999658e-03,-9.339999999999999344e-03,-1.201999999999999943e-02,-1.908999999999999933e-02,-2.310999999999999860e-02,-2.287000000000000144e-02,-2.997999999999999970e-02,-3.862999999999999767e-02,-4.904000000000000026e-02,-6.173000000000000015e-02,-7.685999999999999777e-02,-9.493999999999999662e-02,-1.157500000000000057e-01,-1.363099999999999867e-01,-1.558199999999999863e-01,-1.744400000000000117e-01,-1.850199999999999900e-01,-1.675899999999999890e-01,6.009999999999999717e-03,9.450000000000000067e-03,1.171999999999999952e-02,1.443999999999999971e-02,1.660000000000000017e-02,1.905000000000000096e-02,2.055999999999999842e-02,2.178000000000000075e-02,2.170000000000000054e-02,2.131999999999999867e-02,1.975000000000000019e-02,1.643000000000000016e-02,1.004000000000000031e-02,-5.459999999999999576e-03,-8.529999999999999388e-03,-1.037000000000000074e-02,-1.268000000000000030e-02,-1.455000000000000043e-02,-1.671999999999999875e-02,-1.781999999999999904e-02,-1.847999999999999990e-02,-1.772999999999999923e-02,-1.665000000000000160e-02,-1.456000000000000003e-02,-1.107999999999999957e-02,-5.890000000000000270e-03,-1.299999999999999886e-04,-1.399999999999999877e-04,-2.200000000000000078e-04,-3.099999999999999999e-04,-4.200000000000000174e-04,-5.400000000000000069e-04,-6.800000000000000488e-04,-8.400000000000000348e-04,-1.020000000000000073e-03,-1.219999999999999947e-03,-1.449999999999999900e-03,-1.719999999999999958e-03,-2.020000000000000094e-03,-2.500000000000000052e-03,-3.000000000000000062e-03,-3.500000000000000073e-03,-3.959999999999999978e-03,-4.380000000000000213e-03,-4.749999999999999882e-03,-5.020000000000000157e-03,-5.210000000000000221e-03,-5.179999999999999709e-03,-5.190000000000000169e-03,-5.669999999999999693e-03,-2.599999999999999881e-03,-5.069999999999999854e-03,1.499999999999999869e-04,1.900000000000000105e-04,3.200000000000000262e-04,4.499999999999999877e-04,5.999999999999999474e-04,7.699999999999999597e-04,9.600000000000000243e-04,1.190000000000000085e-03,1.430000000000000064e-03,1.719999999999999958e-03,2.050000000000000173e-03,2.439999999999999895e-03,2.870000000000000155e-03,3.579999999999999849e-03,4.420000000000000318e-03,5.329999999999999669e-03,6.340000000000000149e-03,7.429999999999999973e-03,8.670000000000000623e-03,9.969999999999999696e-03,1.154999999999999950e-02,1.359999999999999924e-02,1.679999999999999896e-02,2.092000000000000109e-02,2.012999999999999859e-02,2.255000000000000060e-02
cmxi*c/cref,6.022173863801835421e-04,1.269369691135308498e-03,2.008388418787516224e-03,2.864289999514618105e-03,3.829876486482113995e-03,4.912955409581438310e-03,6.167359975407316411e-03,7.575666550714320498e-03,9.176436423058877481e-03,1.098400896338602543e-02,1.310047146763311694e-02,1.544152358956105316e-02,2.193248094875985266e-02,1.652535702266733769e-02,2.572014156972511276e-02,3.193684372320287901e-02,3.899294337210995609e-02,4.679548394194832373e-02,5.549942182115294442e-02,6.486243093824323180e-02,7.487516011131425953e-02,8.491897908003948059e-02,9.256984617438153429e-02,9.706542682867634608e-02,9.912619735628652728e-02,9.489683653146083198e-02,7.665266430177812562e-02,-6.022173863801835421e-04,-1.269369691135308498e-03,-2.008388418787516224e-03,-2.864289999514618105e-03,-3.829876486482113995e-03,-4.912955409581438310e-03,-6.167359975407316411e-03,-7.575666550714320498e-03,-9.192451146310289326e-03,-1.096900348666008697e-02,-1.307247900723219024e-02,-1.561035437733590027e-02,-2.286679745012700979e-02,-1.645415772485317452e-02,-2.560816881582992158e-02,-3.191555249405407524e-02,-3.899294337210995609e-02,-4.679548394194832373e-02,-5.549942182115294442e-02,-6.486243093824323180e-02,-7.488304751888945343e-02,-8.491164330092060286e-02,-9.247486795185010100e-02,-9.711528707104372105e-02,-9.909779280664005041e-02,-9.490196581293379452e-02,-7.671675133075542274e-02,3.884514448201660183e-03,5.856341150678725724e-03,6.951078583331985437e-03,8.179859206885952208e-03,8.961494167327326010e-03,9.776952408303268144e-03,1.000455048780882379e-02,1.001835246816703759e-02,9.403830714967561025e-03,8.671548756613328690e-03,7.507169697607067767e-03,5.807785825230151779e-03,3.281709159156730171e-03,-3.529026437134952145e-03,-5.286200001617938869e-03,-6.150399736275826736e-03,-7.182868057016196690e-03,-7.854803622567022720e-03,-8.581136181985858299e-03,-8.671259226301228362e-03,-8.500420276020517057e-03,-7.683406386008056511e-03,-6.772105384503374938e-03,-5.534399534033362412e-03,-3.916632193764459959e-03,-1.925225791577006226e-03,-1.810752746452666767e-04,-1.876557671461161138e-04,-2.840771757244324935e-04,-3.850578979727215271e-04,-5.010535376251880769e-04,-6.176773666413189375e-04,-7.444023492484671883e-04,-8.782795476240556247e-04,-1.016361916934975127e-03,-1.155700648793825912e-03,-1.302329064669050353e-03,-1.460314980503826451e-03,-1.615761418609542926e-03,-1.880705259922015428e-03,-2.118658080799909558e-03,-2.310548157975634252e-03,-2.431811736534696382e-03,-2.487976345721358475e-03,-2.479349830925299970e-03,-2.389046321614056705e-03,-2.239481498859352462e-03,-1.987981199540505423e-03,-1.752753361269759240e-03,-1.653681961590111084e-03,-6.385390004368437372e-04,-1.011612940281845065e-03,2.089330092060769409e-04,2.546756839840147685e-04,4.132031646900836269e-04,5.589550131862087209e-04,7.157907680359829050e-04,8.807621709515103207e-04,1.050920963644894675e-03,1.244229359134078720e-03,1.424899550212759122e-03,1.629348455676541286e-03,1.841223850049347223e-03,2.071609623505428141e-03,2.295661025450191923e-03,2.693169932208325755e-03,3.121489572378533753e-03,3.518634766288608173e-03,3.893355153946963937e-03,4.220471289659746654e-03,4.525465901920495103e-03,4.744779248305208176e-03,4.964685472519293589e-03,5.219410099179705095e-03,5.673652498907891077e-03,6.101415632533532286e-03,4.943765414920639652e-03,4.499382998689469351e-03
cmxo,0.000000000000000000e+00,0.000000000000000000e+00,0.000000000000000000e+00,0.000000000000000000e+00,0.000000000000000000e+00,0.000000000000000000e+00,0.000000000000000000e+00,0.000000000000000000e+00,0.000000000000000000e+00,0.000000000000000000e+00,0.000000000000000000e+00,0.000000000000000000e+00,0.000000000000000000e+00,0.000000000000000000e+00,0.000000000000000000e+00,0.000000000000000000e+00,0.000000000000000000e+00,0.000000000000000000e+00,0.000000000000000000e+00,0.000000000000000000e+00,0.000000000000000000e+00,0.000000000000000000e+00,0.000000000000000000e+00,0.000000000000000000e+00,0.000000000000000000e+00,0.000000000000000000e+00,0.000000000000000000e+00,-0.000000000000000000e+00,-0.000000000000000000e+00,-0.000000000000000000e+00,-0.000000000000000000e+00,-0.000000000000000000e+00,-0.000000000000000000e+00,-0.000000000000000000e+00,-0.000000000000000000e+00,-0.000000000000000000e+00,-0.000000000000000000e+00,-0.000000000000000000e+00,-0.000000000000000000e+00,-0.000000000000000000e+00,-0.000000000000000000e+00,-0.000000000000000000e+00,-0.000000000000000000e+00,-0.000000000000000000e+00,0.000000000000000000e+00,0.000000000000000000e+00,0.000000000000000000e+00,0.000000000000000000e+00,0.000000000000000000e+00,0.000000000000000000e+00,0.000000000000000000e+00,0.000000000000000000e+00,0.000000000000000000e+00,0.000000000000000000e+00,0.000000000000000000e+00,0.000000000000000000e+00,0.000000000000000000e+00,0.000000000000000000e+00,0.000000000000000000e+00,0.000000000000000000e+00,0.000000000000000000e+00,0.000000000000000000e+00,0.000000000000000000e+00,0.000000000000000000e+00,0.000000000000000000e+00,0.000000000000000000e+00,0.000000000000000000e+00,-0.000000000000000000e+00,-0.000000000000000000e+00,-0.000000000000000000e+00,0.000000000000000000e+00,0.000000000000000000e+00,0.000000000000000000e+00,0.000000000000000000e+00,0.000000000000000000e+00,0.000000000000000000e+00,0.000000000000000000e+00,0.000000000000000000e+00,0.000000000000000000e+00,0.000000000000000000e+00,0.000000000000000000e+00,0.000000000000000000e+00,0.000000000000000000e+00,0.000000000000000000e+00,0.000000000000000000e+00,0.000000000000000000e+00,0.000000000000000000e+00,0.000000000000000000e+00,0.000000000000000000e+00,0.000000000000000000e+00,0.000000000000000000e+00,0.000000000000000000e+00,0.000000000000000000e+00,0.000000000000000000e+00,0.000000000000000000e+00,0.000000000000000000e+00,0.000000000000000000e+00,0.000000000000000000e+00,0.000000000000000000e+00,0.000000000000000000e+00,0.000000000000000000e+00,0.000000000000000000e+00,0.000000000000000000e+00,0.000000000000000000e+00,0.000000000000000000e+00,0.000000000000000000e+00,-0.000000000000000000e+00,-0.000000000000000000e+00,-0.000000000000000000e+00,-0.000000000000000000e+00,-0.000000000000000000e+00,-0.000000000000000000e+00,-0.000000000000000000e+00,-0.000000000000000000e+00,-0.000000000000000000e+00,-0.000000000000000000e+00,-0.000000000000000000e+00,-0.000000000000000000e+00,-0.000000000000000000e+00,-0.000000000000000000e+00,-0.000000000000000000e+00,-0.000000000000000000e+00,-0.000000000000000000e+00,-0.000000000000000000e+00,-0.000000000000000000e+00,-0.000000000000000000e+00,-0.000000000000000000e+00,-0.000000000000000000e+00,-0.000000000000000000e+00,-0.000000000000000000e+00,-0.000000000000000000e+00,-0.000000000000000000e+00
cmxo*c/cref,0.000000000000000000e+00,0.000000000000000000e+00,0.000000000000000000e+00,0.000000000000000000e+00,0.000000000000000000e+00,0.000000000000000000e+00,0.000000000000000000e+00,0.000000000000000000e+00,0.000000000000000000e+00,0.000000000000000000e+00,0.000000000000000000e+00,0.000000000000000000e+00,0.000000000000000000e+00,0.000000000000000000e+00,0.000000000000000000e+00,0.000000000000000000e+00,0.000000000000000000e+00,0.000000000000000000e+00,0.000000000000000000e+00,0.000000000000000000e+00,0.000000000000000000e+00,0.000000000000000000e+00,0.000000000000000000e+00,0.000000000000000000e+00,0.000000000000000000e+00,0.000000000000000000e+00,0.000000000000000000e+00,-0.000000000000000000e+00,-0.000000000000000000e+00,-0.000000000000000000e+00,-0.000000000000000000e+00,-0.000000000000000000e+00,-0.000000000000000000e+00,-0.000000000000000000e+00,-0.000000000000000000e+00,-0.000000000000000000e+00,-0.000000000000000000e+00,-0.000000000000000000e+00,-0.000000000000000000e+00,-0.000000000000000000e+00,-0.000000000000000000e+00,-0.000000000000000000e+00,-0.000000000000000000e+00,-0.000000000000000000e+00,0.000000000000000000e+00,0.000000000000000000e+00,0.000000000000000000e+00,0.000000000000000000e+00,0.000000000000000000e+00,0.000000000000000000e+00,0.000000000000000000e+00,0.000000000000000000e+00,0.000000000000000000e+00,0.000000000000000000e+00,0.000000000000000000e+00,0.000000000000000000e+00,0.000000000000000000e+00,0.000000000000000000e+00,0.000000000000000000e+00,0.000000000000000000e+00,0.000000000000000000e+00,0.000000000000000000e+00,0.000000000000000000e+00,0.000000000000000000e+00,0.000000000000000000e+00,0.000000000000000000e+00,0.000000000000000000e+00,-0.000000000000000000e+00,-0.000000000000000000e+00,-0.000000000000000000e+00,0.000000000000000000e+00,0.000000000000000000e+00,0.000000000000000000e+00,0.000000000000000000e+00,0.000000000000000000e+00,0.000000000000000000e+00,0.000000000000000000e+00,0.000000000000000000e+00,0.000000000000000000e+00,0.000000000000000000e+00,0.000000000000000000e+00,0.000000000000000000e+00,0.000000000000000000e+00,0.000000000000000000e+00,0.000000000000000000e+00,0.000000000000000000e+00,0.000000000000000000e+00,0.000000000000000000e+00,0.000000000000000000e+00,0.000000000000000000e+00,0.000000000000000000e+00,0.000000000000000000e+00,0.000000000000000000e+00,0.000000000000000000e+00,0.000000000000000000e+00,0.000000000000000000e+00,0.000000000000000000e+00,0.000000000000000000e+00,0.000000000000000000e+00,0.000000000000000000e+00,0.000000000000000000e+00,0.000000000000000000e+00,0.000000000000000000e+00,0.000000000000000000e+00,0.000000000000000000e+00,0.000000000000000000e+00,-0.000000000000000000e+00,-0.000000000000000000e+00,-0.000000000000000000e+00,-0.000000000000000000e+00,-0.000000000000000000e+00,-0.000000000000000000e+00,-0.000000000000000000e+00,-0.000000000000000000e+00,-0.000000000000000000e+00,-0.000000000000000000e+00,-0.000000000000000000e+00,-0.000000000000000000e+00,-0.000000000000000000e+00,-0.000000000000000000e+00,-0.000000000000000000e+00,-0.000000000000000000e+00,-0.000000000000000000e+00,-0.000000000000000000e+00,-0.000000000000000000e+00,-0.000000000000000000e+00,-0.000000000000000000e+00,-0.000000000000000000e+00,-0.000000000000000000e+00,-0.000000000000000000e+00,-0.000000000000000000e+00,-0.000000000000000000e+00
cmy,-1.039999999999999909e-03,-2.050000000000000173e-03,-3.010000000000000089e-03,-4.089999999999999886e-03,-5.309999999999999616e-03,-6.709999999999999819e-03,-8.439999999999999586e-03,-1.044999999999999922e-02,-1.289000000000000042e-02,-1.580000000000000154e-02,-1.950999999999999956e-02,-2.382000000000000089e-02,-3.316000000000000197e-02,-6.367000000000000437e-02,-4.385000000000000009e-02,-5.170000000000000290e-02,-6.135000000000000175e-02,-7.266000000000000236e-02,-8.623999999999999722e-02,-1.018499999999999961e-01,-1.200600000000000001e-01,-1.399700000000000111e-01,-1.570799999999999974e-01,-1.704799999999999927e-01,-1.830700000000000105e-01,-1.870300000000000018e-01,-1.642899999999999916e-01,-1.039999999999999909e-03,-2.050000000000000173e-03,-3.010000000000000089e-03,-4.089999999999999886e-03,-5.309999999999999616e-03,-6.720000000000000279e-03,-8.439999999999999586e-03,-1.044999999999999922e-02,-1.290999999999999960e-02,-1.575000000000000011e-02,-1.941999999999999976e-02,-2.432000000000000134e-02,-3.597999999999999809e-02,-6.339000000000000190e-02,-4.354000000000000231e-02,-5.165000000000000147e-02,-6.133999999999999869e-02,-7.265000000000000624e-02,-8.623000000000000109e-02,-1.018400000000000000e-01,-1.200600000000000001e-01,-1.399400000000000088e-01,-1.568700000000000094e-01,-1.706000000000000016e-01,-1.829999999999999960e-01,-1.870499999999999940e-01,-1.644700000000000051e-01,-2.443999999999999992e-02,-3.633999999999999730e-02,-4.299999999999999656e-02,-5.059000000000000302e-02,-5.605000000000000260e-02,-6.169000000000000178e-02,-6.392000000000000459e-02,-6.507999999999999896e-02,-6.230999999999999733e-02,-5.892000000000000015e-02,-5.267000000000000154e-02,-4.216000000000000303e-02,-2.462999999999999912e-02,-2.219000000000000139e-02,-3.257000000000000173e-02,-3.774000000000000271e-02,-4.399000000000000132e-02,-4.871999999999999942e-02,-5.371000000000000080e-02,-5.480999999999999761e-02,-5.442000000000000309e-02,-4.989999999999999991e-02,-4.488000000000000322e-02,-3.760000000000000148e-02,-2.714000000000000093e-02,-1.341000000000000004e-02,3.899999999999999929e-04,3.200000000000000262e-04,4.800000000000000122e-04,6.499999999999999702e-04,8.099999999999999561e-04,9.799999999999999684e-04,1.170000000000000033e-03,1.369999999999999907e-03,1.580000000000000024e-03,1.809999999999999977e-03,2.069999999999999792e-03,2.360000000000000119e-03,2.680000000000000090e-03,3.139999999999999996e-03,3.650000000000000033e-03,4.219999999999999793e-03,4.839999999999999684e-03,5.550000000000000246e-03,6.389999999999999847e-03,7.369999999999999815e-03,8.569999999999999493e-03,1.004000000000000031e-02,1.204999999999999995e-02,1.498999999999999985e-02,1.796000000000000027e-02,2.485000000000000056e-02,4.899999999999999842e-04,4.800000000000000122e-04,7.299999999999999632e-04,9.200000000000000278e-04,1.119999999999999902e-03,1.319999999999999993e-03,1.539999999999999919e-03,1.789999999999999925e-03,2.030000000000000120e-03,2.320000000000000014e-03,2.629999999999999959e-03,2.990000000000000036e-03,3.389999999999999784e-03,3.939999999999999926e-03,4.570000000000000277e-03,5.279999999999999971e-03,6.080000000000000335e-03,7.009999999999999738e-03,8.120000000000000481e-03,9.390000000000000777e-03,1.098999999999999977e-02,1.307000000000000002e-02,1.599000000000000074e-02,1.987999999999999837e-02,2.325999999999999943e-02,2.986000000000000112e-02
cmy*c/cref,-2.505224327341563050e-03,-4.731287030595241437e-03,-6.643130923681784400e-03,-8.613930954422636954e-03,-1.064745766660734130e-02,-1.277749255747730704e-02,-1.522003455919232473e-02,-1.779004841684598756e-02,-2.064297827106962094e-02,-2.370865322698076719e-02,-2.730664512110278844e-02,-3.093499511382206274e-02,-3.972042972478845996e-02,-4.533259291827787529e-02,-4.910005258304075276e-02,-5.503782734965296380e-02,-6.192640631320077416e-02,-6.933441809180190818e-02,-7.753556030870289995e-02,-8.595158198100537328e-02,-9.469621534777615535e-02,-1.026789003268238215e-01,-1.065655656802627499e-01,-1.062521764848641664e-01,-1.040004180756225194e-01,-9.593295138900123642e-02,-7.520612850486191325e-02,-2.505224327341563050e-03,-4.731287030595241437e-03,-6.643130923681784400e-03,-8.613930954422636954e-03,-1.064745766660734130e-02,-1.279653502030514249e-02,-1.522003455919232473e-02,-1.779004841684598756e-02,-2.067500771757244463e-02,-2.363362584335107833e-02,-2.718067904929862347e-02,-3.158434429757147471e-02,-4.309834322973126602e-02,-4.513323488439821563e-02,-4.875293704596566496e-02,-5.498459927678095438e-02,-6.191631235944149159e-02,-6.932487578267834682e-02,-7.752656963612536423e-02,-8.594314294497386320e-02,-9.469621534777615535e-02,-1.026568929894672161e-01,-1.064230983464656138e-01,-1.063269668484152219e-01,-1.039606517061174434e-01,-9.594320995194718926e-02,-7.528852611354702740e-02,-1.579659452812788231e-02,-2.252057538790104563e-02,-2.550310401734431215e-02,-2.865783083631304531e-02,-3.025853904088533775e-02,-3.166090257576002764e-02,-3.110364139984144599e-02,-2.993546274693805256e-02,-2.700242819583542273e-02,-2.396471166696328980e-02,-2.002038622647920110e-02,-1.490299758926982507e-02,-8.050647070720146070e-03,-1.434232539194589887e-02,-2.018423611403239240e-02,-2.238342199103661792e-02,-2.491911402430145930e-02,-2.630144553205947602e-02,-2.756536030708495871e-02,-2.667069125665377793e-02,-2.503208178685262589e-02,-2.162447708188392978e-02,-1.825417955894963543e-02,-1.429213066481142998e-02,-9.593627954762406693e-03,-4.383239026323879420e-03,5.432258239358000573e-04,4.289274677625511947e-04,6.198047470351254404e-04,8.073794634911903023e-04,9.663175368485768350e-04,1.120970035756467661e-03,1.280809924442215426e-03,1.432432119339233350e-03,1.574364537997314205e-03,1.714605060915430157e-03,1.859187009562023474e-03,2.003687996505250368e-03,2.143683466274047111e-03,2.362165806462051057e-03,2.577700664973223664e-03,2.785860921902050171e-03,2.972214344653517897e-03,3.152572766838707304e-03,3.335377983076350840e-03,3.507424579740158962e-03,3.683753636319510652e-03,3.853152749688547232e-03,4.069494798323814930e-03,4.371903457537172112e-03,4.410830941479120491e-03,4.958300111637841019e-03,6.825144967398513512e-04,6.433912016438267378e-04,9.426197194492532197e-04,1.142752471402915535e-03,1.336142767000501322e-03,1.509878007345446388e-03,1.685852379180351884e-03,1.871571893151261108e-03,2.022759501350979670e-03,2.197725823935799995e-03,2.362155475916967191e-03,2.538570809131651847e-03,2.711599608458588936e-03,2.963991489637096081e-03,3.227422476418529383e-03,3.485626935460385285e-03,3.733690747002766513e-03,3.981898215412492739e-03,4.238383289918617840e-03,4.468753976086851758e-03,4.723973449609267586e-03,5.016006617373437032e-03,5.400101396281975150e-03,5.798094778908537660e-03,5.712468134677301489e-03,5.957941301147119846e-03
cmyi,-1.100000000000000066e-03,-2.109999999999999896e-03,-3.069999999999999812e-03,-4.150000000000000043e-03,-5.369999999999999774e-03,-6.779999999999999569e-03,-8.500000000000000611e-03,-1.051000000000000024e-02,-1.294999999999999971e-02,-1.585999999999999910e-02,-1.957000000000000059e-02,-2.386999999999999886e-02,-3.321999999999999953e-02,-6.376999999999999336e-02,-4.390000000000000152e-02,-5.172999999999999821e-02,-6.137000000000000094e-02,-7.265000000000000624e-02,-8.620999999999999497e-02,-1.017900000000000055e-01,-1.199699999999999933e-01,-1.398399999999999921e-01,-1.569099999999999939e-01,-1.702599999999999947e-01,-1.827799999999999980e-01,-1.866599999999999926e-01,-1.638300000000000034e-01,-1.100000000000000066e-03,-2.109999999999999896e-03,-3.079999999999999839e-03,-4.150000000000000043e-03,-5.369999999999999774e-03,-6.779999999999999569e-03,-8.500000000000000611e-03,-1.051999999999999984e-02,-1.297000000000000063e-02,-1.581000000000000114e-02,-1.948000000000000079e-02,-2.437999999999999889e-02,-3.604000000000000259e-02,-6.349000000000000477e-02,-4.358999999999999680e-02,-5.168999999999999984e-02,-6.135000000000000175e-02,-7.265000000000000624e-02,-8.619999999999999885e-02,-1.017799999999999955e-01,-1.199699999999999933e-01,-1.398199999999999998e-01,-1.566899999999999959e-01,-1.703699999999999937e-01,-1.827100000000000113e-01,-1.866800000000000126e-01,-1.640000000000000069e-01,-2.449000000000000135e-02,-3.636000000000000343e-02,-4.300999999999999962e-02,-5.056999999999999690e-02,-5.600999999999999729e-02,-6.162000000000000116e-02,-6.382000000000000173e-02,-6.493999999999999773e-02,-6.212999999999999773e-02,-5.868999999999999911e-02,-5.238999999999999907e-02,-4.180999999999999994e-02,-2.420999999999999888e-02,-2.222999999999999976e-02,-3.259000000000000091e-02,-3.774999999999999883e-02,-4.397000000000000214e-02,-4.868000000000000105e-02,-5.362999999999999712e-02,-5.469999999999999862e-02,-5.428999999999999798e-02,-4.970999999999999724e-02,-4.465000000000000219e-02,-3.731999999999999901e-02,-2.679000000000000131e-02,-1.298999999999999981e-02,3.699999999999999947e-04,2.300000000000000070e-04,3.299999999999999982e-04,4.299999999999999894e-04,5.199999999999999544e-04,6.099999999999999737e-04,6.999999999999999929e-04,8.000000000000000383e-04,8.999999999999999754e-04,1.010000000000000047e-03,1.119999999999999902e-03,1.260000000000000052e-03,1.399999999999999986e-03,1.549999999999999946e-03,1.619999999999999912e-03,1.670000000000000043e-03,1.699999999999999905e-03,1.699999999999999905e-03,1.680000000000000070e-03,1.629999999999999939e-03,1.559999999999999972e-03,1.410000000000000012e-03,1.319999999999999993e-03,1.420000000000000038e-03,3.800000000000000209e-04,1.229999999999999974e-03,4.699999999999999859e-04,3.899999999999999929e-04,5.800000000000000034e-04,6.999999999999999929e-04,8.199999999999999824e-04,9.499999999999999981e-04,1.069999999999999988e-03,1.219999999999999947e-03,1.350000000000000071e-03,1.520000000000000084e-03,1.690000000000000096e-03,1.889999999999999970e-03,2.109999999999999896e-03,2.360000000000000119e-03,2.550000000000000183e-03,2.729999999999999788e-03,2.939999999999999905e-03,3.150000000000000022e-03,3.409999999999999837e-03,3.650000000000000033e-03,3.969999999999999571e-03,4.429999999999999910e-03,5.259999999999999919e-03,6.309999999999999637e-03,5.680000000000000153e-03,6.230000000000000294e-03
cmyi*c/cref,-2.649756500072807455e-03,-4.869763724173637766e-03,-6.775552138107334386e-03,-8.740296689695342333e-03,-1.076776792272719947e-02,-1.291078979727215172e-02,-1.532823385700649022e-02,-1.789219223550730584e-02,-2.073906661057809200e-02,-2.379868608733638410e-02,-2.739062250230556508e-02,-3.099993003219700047e-02,-3.979230022489362723e-02,-4.540379221609203153e-02,-4.915603895998835182e-02,-5.506976419337615558e-02,-6.194659422071933930e-02,-6.932487578267834682e-02,-7.750858829097027891e-02,-8.590094776481628502e-02,-9.462522867959939632e-02,-1.025835351982784943e-01,-1.064502349814745730e-01,-1.061150608183538957e-01,-1.038356716876729369e-01,-9.574316797450126149e-02,-7.499555683822221874e-02,-2.649756500072807455e-03,-4.869763724173637766e-03,-6.797622340511592573e-03,-8.740296689695342333e-03,-1.076776792272719947e-02,-1.291078979727215172e-02,-1.532823385700649022e-02,-1.790921620528419106e-02,-2.077109605708091569e-02,-2.372365870370670218e-02,-2.726465643050140358e-02,-3.166226619962140415e-02,-4.317021372983643329e-02,-4.520443418221237880e-02,-4.880892342291325708e-02,-5.502718173507855498e-02,-6.192640631320077416e-02,-6.932487578267834682e-02,-7.749959761839274319e-02,-8.589250872878476106e-02,-9.462522867959939632e-02,-1.025688636400407666e-01,-1.063009834889251937e-01,-1.061836186516090380e-01,-1.037959053181678609e-01,-9.575342653744721433e-02,-7.507337680198036822e-02,-1.582891162004303881e-02,-2.253296976070671628e-02,-2.550903497176695151e-02,-2.864650139142815508e-02,-3.023694507903635156e-02,-3.162497676638569011e-02,-3.105498113482291905e-02,-2.987106562363486470e-02,-2.692442407008914518e-02,-2.387116306405423494e-02,-1.991395546620932863e-02,-1.477927725823935737e-02,-7.913364416651835417e-03,-1.436817906547802060e-02,-2.019663048683805959e-02,-2.238935294545925381e-02,-2.490778457941657600e-02,-2.627985157021049331e-02,-2.752430223922856800e-02,-2.661716496513339900e-02,-2.497228445807109579e-02,-2.154213939359619218e-02,-1.816063095604058056e-02,-1.418569990454155751e-02,-9.469907623731940727e-03,-4.245956372255570502e-03,5.153680893749898202e-04,3.082916174543336814e-04,4.261157635866487403e-04,5.341125681557105194e-04,6.203519989645185249e-04,6.977466549096380871e-04,7.662965359910690975e-04,8.364567120229101033e-04,8.967899267073309311e-04,9.567685699030854286e-04,1.005936932709886999e-03,1.069765625252803174e-03,1.119834646561069331e-03,1.166037261151649544e-03,1.144075363631951196e-03,1.102461549662659681e-03,1.043959583865904962e-03,9.656529195722165539e-04,8.769068875693692344e-04,7.757261960619347193e-04,6.705549209636449360e-04,5.411300176355430007e-04,4.457869820570485738e-04,4.141496270648956091e-04,9.332493083307716493e-05,2.454208908376073945e-04,6.546567621790411141e-04,5.227553513356092245e-04,7.489307360007765738e-04,8.694855760674357519e-04,9.782473829825098690e-04,1.086654626498616705e-03,1.171338990729205555e-03,1.275596485834937753e-03,1.345184890060996397e-03,1.439889332923455266e-03,1.517886978821169058e-03,1.604648437879204652e-03,1.687750788745611373e-03,1.775385765366382452e-03,1.800859368679923319e-03,1.802227563220994578e-03,1.805435986215153362e-03,1.789298056854401325e-03,1.779912194411636343e-03,1.737055592408626864e-03,1.706476305272865319e-03,1.700146083776918598e-03,1.776393580015208848e-03,1.840340948436261156e-03,1.394962124031258596e-03,1.243066788551458642e-03
cmyo,6.000000000000000152e-05,6.000000000000000152e-05,6.000000000000000152e-05,6.000000000000000152e-05,6.000000000000000152e-05,6.000000000000000152e-05,6.000000000000000152e-05,6.000000000000000152e-05,6.000000000000000152e-05,6.000000000000000152e-05,6.000000000000000152e-05,6.000000000000000152e-05,6.000000000000000152e-05,1.000000000000000048e-04,5.000000000000000240e-05,3.000000000000000076e-05,1.000000000000000082e-05,-1.000000000000000082e-05,-3.000000000000000076e-05,-6.000000000000000152e-05,-9.000000000000000567e-05,-1.299999999999999886e-04,-1.700000000000000122e-04,-2.200000000000000078e-04,-2.900000000000000017e-04,-3.699999999999999947e-04,-4.699999999999999859e-04,6.000000000000000152e-05,6.000000000000000152e-05,6.000000000000000152e-05,6.000000000000000152e-05,6.000000000000000152e-05,6.000000000000000152e-05,6.000000000000000152e-05,6.000000000000000152e-05,6.000000000000000152e-05,6.000000000000000152e-05,6.000000000000000152e-05,6.000000000000000152e-05,6.000000000000000152e-05,1.000000000000000048e-04,5.000000000000000240e-05,3.000000000000000076e-05,1.000000000000000082e-05,-1.000000000000000082e-05,-3.000000000000000076e-05,-6.000000000000000152e-05,-9.000000000000000567e-05,-1.299999999999999886e-04,-1.700000000000000122e-04,-2.200000000000000078e-04,-2.900000000000000017e-04,-3.699999999999999947e-04,-4.699999999999999859e-04,5.000000000000000240e-05,3.000000000000000076e-05,1.000000000000000082e-05,-2.000000000000000164e-05,-4.000000000000000327e-05,-6.999999999999999387e-05,-1.000000000000000048e-04,-1.399999999999999877e-04,-1.800000000000000113e-04,-2.300000000000000070e-04,-2.799999999999999755e-04,-3.499999999999999964e-04,-4.200000000000000174e-04,5.000000000000000240e-05,3.000000000000000076e-05,1.000000000000000082e-05,-2.000000000000000164e-05,-4.000000000000000327e-05,-6.999999999999999387e-05,-1.000000000000000048e-04,-1.399999999999999877e-04,-1.800000000000000113e-04,-2.300000000000000070e-04,-2.799999999999999755e-04,-3.499999999999999964e-04,-4.200000000000000174e-04,2.000000000000000164e-05,9.000000000000000567e-05,1.499999999999999869e-04,2.200000000000000078e-04,2.900000000000000017e-04,3.800000000000000209e-04,4.699999999999999859e-04,5.699999999999999772e-04,6.800000000000000488e-04,8.099999999999999561e-04,9.399999999999999719e-04,1.100000000000000066e-03,1.280000000000000105e-03,1.580000000000000024e-03,2.030000000000000120e-03,2.540000000000000157e-03,3.150000000000000022e-03,3.860000000000000150e-03,4.709999999999999777e-03,5.740000000000000310e-03,7.020000000000000198e-03,8.630000000000000518e-03,1.073999999999999955e-02,1.357000000000000046e-02,1.757999999999999841e-02,2.363000000000000170e-02,2.000000000000000164e-05,9.000000000000000567e-05,1.499999999999999869e-04,2.200000000000000078e-04,2.900000000000000017e-04,3.800000000000000209e-04,4.699999999999999859e-04,5.699999999999999772e-04,6.800000000000000488e-04,8.099999999999999561e-04,9.399999999999999719e-04,1.100000000000000066e-03,1.280000000000000105e-03,1.580000000000000024e-03,2.030000000000000120e-03,2.540000000000000157e-03,3.150000000000000022e-03,3.860000000000000150e-03,4.709999999999999777e-03,5.740000000000000310e-03,7.020000000000000198e-03,8.630000000000000518e-03,1.073999999999999955e-02,1.357000000000000046e-02,1.757999999999999841e-02,2.363000000000000170e-02
cmyo*c/cref,1.445321727312440534e-04,1.384766935783973045e-04,1.324212144255505286e-04,1.263657352727037256e-04,1.203102561198569903e-04,1.142547769670102008e-04,1.081992978141634520e-04,1.021438186613166896e-04,9.608833950846992723e-05,9.003286035562315130e-05,8.397738120277638892e-05,7.792190204992962654e-05,7.187050010516608854e-05,7.119929781416346065e-05,5.598637694759493240e-05,3.193684372320287630e-05,1.009395375928293094e-05,-9.542309123562057449e-06,-2.697201773261928253e-05,-5.063421618910478881e-05,-7.098666817674373960e-05,-9.536512854531038839e-05,-1.153306987881631525e-04,-1.371156665102658335e-04,-1.647463879495850115e-04,-1.897834144999757200e-04,-2.151493115666510423e-04,1.445321727312440534e-04,1.384766935783973045e-04,1.324212144255505286e-04,1.263657352727037256e-04,1.203102561198569903e-04,1.142547769670102008e-04,1.081992978141634520e-04,1.021438186613166896e-04,9.608833950846992723e-05,9.003286035562315130e-05,8.397738120277638892e-05,7.792190204992962654e-05,7.187050010516608854e-05,7.119929781416346065e-05,5.598637694759493240e-05,3.193684372320287630e-05,1.009395375928293094e-05,-9.542309123562057449e-06,-2.697201773261928253e-05,-5.063421618910478881e-05,-7.098666817674373960e-05,-9.536512854531038839e-05,-1.153306987881631525e-04,-1.371156665102658335e-04,-1.647463879495850115e-04,-1.897834144999757200e-04,-2.151493115666510423e-04,3.231709191515524476e-05,1.859155920850389000e-05,5.930954422638213591e-06,-1.132944488488359097e-05,-2.159396184898150953e-05,-3.592580937434271325e-05,-4.866026501852541343e-05,-6.439712330318572296e-05,-7.800412574627470122e-05,-9.354860290905561303e-05,-1.064307602698723353e-04,-1.237203310304658033e-04,-1.372826540683094330e-04,3.231709191515524476e-05,1.859155920850389000e-05,5.930954422638213591e-06,-1.132944488488359097e-05,-2.159396184898150953e-05,-3.592580937434271325e-05,-4.866026501852541343e-05,-6.439712330318572296e-05,-7.800412574627470122e-05,-9.354860290905561303e-05,-1.064307602698723353e-04,-1.237203310304658033e-04,-1.372826540683094330e-04,2.785773456081026421e-05,1.206358503082175269e-04,1.936889834484766730e-04,2.732668953354797830e-04,3.459655378840584185e-04,4.346618505994467039e-04,5.145133884511463290e-04,5.959754073163233551e-04,6.775746112899833822e-04,7.673094471499990838e-04,8.442684970957981330e-04,9.339223712524471945e-04,1.023848819712977563e-03,1.188605724270713629e-03,1.433625301341272251e-03,1.676797806073745999e-03,1.934395699516235946e-03,2.192600158558091848e-03,2.458471095506981497e-03,2.731698383678224460e-03,3.017497144336402266e-03,3.312022732053004122e-03,3.627084990373258700e-03,3.957753830472276503e-03,4.317506010646042676e-03,4.714874512595661205e-03,2.785773456081026421e-05,1.206358503082175269e-04,1.936889834484766730e-04,2.732668953354797830e-04,3.459655378840584185e-04,4.346618505994467039e-04,5.145133884511463290e-04,5.959754073163233551e-04,6.775746112899833822e-04,7.673094471499990838e-04,8.442684970957981330e-04,9.339223712524471945e-04,1.023848819712977563e-03,1.188605724270713629e-03,1.433625301341272251e-03,1.676797806073745999e-03,1.934395699516235946e-03,2.192600158558091848e-03,2.458471095506981497e-03,2.731698383678224460e-03,3.017497144336402266e-03,3.312022732053004122e-03,3.627084990373258700e-03,3.957753830472276503e-03,4.317506010646042676e-03,4.714874512595661205e-03
cmz,-1.299999999999999886e-04,-1.399999999999999877e-04,-1.700000000000000122e-04,-2.000000000000000096e-04,-2.300000000000000070e-04,-2.599999999999999772e-04,-2.900000000000000017e-04,-3.099999999999999999e-04,-3.400000000000000244e-04,-3.600000000000000227e-04,-3.699999999999999947e-04,-3.800000000000000209e-04,-1.800000000000000113e-04,-2.000000000000000096e-04,-1.000000000000000082e-05,-1.100000000000000039e-04,-1.700000000000000122e-04,-2.300000000000000070e-04,-2.500000000000000052e-04,-2.700000000000000035e-04,-2.900000000000000017e-04,-3.800000000000000209e-04,-8.099999999999999561e-04,-1.699999999999999905e-03,-2.959999999999999958e-03,-5.120000000000000419e-03,-9.280000000000000054e-03,1.299999999999999886e-04,1.399999999999999877e-04,1.700000000000000122e-04,2.000000000000000096e-04,2.300000000000000070e-04,2.599999999999999772e-04,2.900000000000000017e-04,3.099999999999999999e-04,3.400000000000000244e-04,3.600000000000000227e-04,3.699999999999999947e-04,3.600000000000000227e-04,3.000000000000000076e-05,2.100000000000000087e-04,3.000000000000000076e-05,1.100000000000000039e-04,1.700000000000000122e-04,2.300000000000000070e-04,2.500000000000000052e-04,2.700000000000000035e-04,2.900000000000000017e-04,3.800000000000000209e-04,8.199999999999999824e-04,1.690000000000000096e-03,2.959999999999999958e-03,5.109999999999999959e-03,9.270000000000000462e-03,-2.710000000000000169e-03,-2.530000000000000131e-03,-2.729999999999999788e-03,-2.939999999999999905e-03,-3.340000000000000087e-03,-3.830000000000000071e-03,-4.619999999999999975e-03,-5.590000000000000351e-03,-6.949999999999999581e-03,-8.510000000000000203e-03,-1.046000000000000055e-02,-1.291999999999999919e-02,-1.615000000000000116e-02,2.850000000000000103e-03,2.759999999999999867e-03,3.050000000000000194e-03,3.340000000000000087e-03,3.789999999999999966e-03,4.309999999999999595e-03,5.170000000000000116e-03,6.239999999999999887e-03,7.700000000000000247e-03,9.369999999999999857e-03,1.137999999999999949e-02,1.383999999999999987e-02,1.683000000000000121e-02,1.920000000000000049e-03,4.800000000000000122e-04,1.330000000000000019e-03,2.180000000000000080e-03,2.939999999999999905e-03,3.690000000000000138e-03,4.470000000000000015e-03,5.320000000000000076e-03,6.080000000000000335e-03,7.000000000000000146e-03,7.919999999999999957e-03,9.039999999999999425e-03,1.013000000000000012e-02,1.135000000000000071e-02,1.169000000000000074e-02,1.187000000000000034e-02,1.170000000000000033e-02,1.125999999999999918e-02,1.060999999999999964e-02,9.419999999999999554e-03,7.919999999999999957e-03,5.519999999999999733e-03,3.330000000000000061e-03,2.569999999999999802e-03,-9.809999999999999276e-03,-5.459999999999999576e-03,-2.809999999999999998e-03,-2.010000000000000068e-03,-3.680000000000000111e-03,-4.819999999999999632e-03,-5.859999999999999758e-03,-6.919999999999999936e-03,-8.030000000000000679e-03,-9.259999999999999135e-03,-1.042000000000000044e-02,-1.183000000000000024e-02,-1.328999999999999973e-02,-1.502999999999999996e-02,-1.685999999999999999e-02,-1.900999999999999912e-02,-2.050000000000000086e-02,-2.193000000000000158e-02,-2.350999999999999965e-02,-2.511999999999999997e-02,-2.701999999999999888e-02,-2.862999999999999920e-02,-3.090999999999999998e-02,-3.427000000000000185e-02,-4.082999999999999824e-02,-4.905999999999999944e-02,-4.062999999999999945e-02,-4.216000000000000303e-02
cmz*c/cref,-3.131530409176953812e-04,-3.231122850162603411e-04,-3.751934408723931282e-04,-4.212191175756791394e-04,-4.611893151261184289e-04,-4.951040335237108340e-04,-5.229632727684566801e-04,-5.277430630834695517e-04,-5.445005905479962001e-04,-5.401971621337389078e-04,-5.178605174171210627e-04,-4.935053796495542924e-04,-2.156115003154982792e-04,-1.423985956283269213e-04,-1.119727538951898716e-05,-1.171017603184105555e-04,-1.715972139078098175e-04,-2.194731098419273061e-04,-2.247668144384940448e-04,-2.278539728509715496e-04,-2.287348196806187315e-04,-2.787596065170611895e-04,-5.495168589318361399e-04,-1.059530150306599566e-03,-1.681549339071626310e-03,-2.626192114161826543e-03,-4.248054492209620524e-03,3.131530409176953812e-04,3.231122850162603411e-04,3.751934408723931282e-04,4.212191175756791394e-04,4.611893151261184289e-04,4.951040335237108340e-04,5.229632727684566801e-04,5.277430630834695517e-04,5.445005905479962001e-04,5.401971621337389078e-04,5.178605174171210627e-04,4.675314122995777593e-04,3.593525005258304427e-05,1.495185254097432606e-04,3.359182616855695808e-05,1.171017603184105555e-04,1.715972139078098175e-04,2.194731098419273061e-04,2.247668144384940448e-04,2.278539728509715496e-04,2.287348196806187315e-04,2.787596065170611895e-04,5.563010176840810185e-04,1.053297620010678346e-03,1.681549339071626310e-03,2.621062832688854025e-03,4.243476847282670605e-03,-1.751586381801414341e-03,-1.567888159917161465e-03,-1.619150557380232003e-03,-1.665428398077887758e-03,-1.803095814389955864e-03,-1.965654998624751307e-03,-2.248104243855874197e-03,-2.571285137605773107e-03,-3.011825966314494660e-03,-3.461298307635057858e-03,-3.975949115795946072e-03,-4.567047648324623448e-03,-5.278844912388565291e-03,1.842074239163849067e-03,1.710423447182357745e-03,1.808941098904654973e-03,1.892017295775559604e-03,2.046027885190997934e-03,2.212003405763101217e-03,2.515735701457763682e-03,2.870271781513421012e-03,3.336843156923972875e-03,3.811088735903700626e-03,4.325650185254097113e-03,4.892255375604705192e-03,5.501112066594399976e-03,2.674342517837784931e-03,6.433912016438267378e-04,1.717375653243160020e-03,2.707826508324299736e-03,3.507374763376316321e-03,4.220795338715679912e-03,4.893350736971541388e-03,5.562437134952352182e-03,6.058314171533968860e-03,6.631069296358016972e-03,7.113411167019916166e-03,7.675143851020110874e-03,8.102803549759736434e-03,8.538401880045950326e-03,8.255704321516982302e-03,7.836059038620222725e-03,7.184898312488876247e-03,6.396030514343034774e-03,5.538084569708933216e-03,4.483031145339524438e-03,3.404355752584658622e-03,2.118466452019998093e-03,1.124598977462099849e-03,7.495524940540715343e-04,-2.409256767032860215e-03,-1.089429320303525505e-03,-3.914011705793842000e-03,-2.694200656883524465e-03,-4.751836393935961710e-03,-5.987029252350057132e-03,-6.990889834484766141e-03,-7.915421068810976624e-03,-8.790515977154692712e-03,-9.681986441665183657e-03,-1.038283448476709850e-02,-1.120650711084504939e-02,-1.193651949617357232e-02,-1.276077567265843787e-02,-1.348600867215687601e-02,-1.430088279644700297e-02,-1.447749688546605060e-02,-1.447723460125876008e-02,-1.443734695099260432e-02,-1.426894196450240182e-02,-1.410358577507402067e-02,-1.362517852346821663e-02,-1.328644397883734819e-02,-1.315214588962415436e-02,-1.378900187681007111e-02,-1.430857796042519538e-02,-9.978399841441908114e-03,-8.412150209523194117e-03
cmzi,6.000000000000000152e-05,1.100000000000000039e-04,1.600000000000000131e-04,2.200000000000000078e-04,2.799999999999999755e-04,3.600000000000000227e-04,4.499999999999999877e-04,5.500000000000000331e-04,6.800000000000000488e-04,8.300000000000000086e-04,1.030000000000000100e-03,1.250000000000000026e-03,1.740000000000000010e-03,3.340000000000000087e-03,2.299999999999999961e-03,2.710000000000000169e-03,3.220000000000000206e-03,3.810000000000000019e-03,4.519999999999999712e-03,5.329999999999999669e-03,6.289999999999999584e-03,7.329999999999999710e-03,8.219999999999999876e-03,8.920000000000000845e-03,9.579999999999999974e-03,9.780000000000000498e-03,8.590000000000000413e-03,-6.000000000000000152e-05,-1.100000000000000039e-04,-1.600000000000000131e-04,-2.200000000000000078e-04,-2.799999999999999755e-04,-3.600000000000000227e-04,-4.499999999999999877e-04,-5.500000000000000331e-04,-6.800000000000000488e-04,-8.300000000000000086e-04,-1.020000000000000073e-03,-1.280000000000000105e-03,-1.889999999999999970e-03,-3.330000000000000061e-03,-2.279999999999999909e-03,-2.710000000000000169e-03,-3.220000000000000206e-03,-3.810000000000000019e-03,-4.519999999999999712e-03,-5.329999999999999669e-03,-6.289999999999999584e-03,-7.329999999999999710e-03,-8.210000000000000284e-03,-8.930000000000000437e-03,-9.579999999999999974e-03,-9.780000000000000498e-03,-8.590000000000000413e-03,1.500000000000000031e-03,2.220000000000000185e-03,2.629999999999999959e-03,3.089999999999999865e-03,3.429999999999999889e-03,3.769999999999999914e-03,3.899999999999999821e-03,3.969999999999999571e-03,3.799999999999999992e-03,3.589999999999999875e-03,3.200000000000000153e-03,2.560000000000000209e-03,1.479999999999999979e-03,-1.360000000000000098e-03,-1.990000000000000015e-03,-2.309999999999999987e-03,-2.690000000000000117e-03,-2.980000000000000010e-03,-3.279999999999999930e-03,-3.350000000000000113e-03,-3.320000000000000034e-03,-3.040000000000000167e-03,-2.729999999999999788e-03,-2.279999999999999909e-03,-1.639999999999999965e-03,-7.900000000000000121e-04,3.550000000000000204e-03,2.190000000000000106e-03,3.119999999999999944e-03,4.060000000000000241e-03,4.910000000000000302e-03,5.760000000000000363e-03,6.660000000000000121e-03,7.629999999999999630e-03,8.529999999999999388e-03,9.599999999999999159e-03,1.069999999999999944e-02,1.200999999999999984e-02,1.331000000000000065e-02,1.477999999999999974e-02,1.541000000000000009e-02,1.592000000000000012e-02,1.612999999999999851e-02,1.614000000000000157e-02,1.602999999999999911e-02,1.549000000000000030e-02,1.480000000000000066e-02,1.340000000000000045e-02,1.251000000000000029e-02,1.350999999999999944e-02,3.599999999999999901e-03,1.166000000000000023e-02,-4.449999999999999963e-03,-3.720000000000000216e-03,-5.479999999999999628e-03,-6.700000000000000226e-03,-7.830000000000000154e-03,-8.999999999999999320e-03,-1.021999999999999992e-02,-1.157000000000000042e-02,-1.286999999999999950e-02,-1.443999999999999971e-02,-1.607000000000000095e-02,-1.799999999999999864e-02,-2.003999999999999879e-02,-2.244000000000000161e-02,-2.421999999999999847e-02,-2.597999999999999962e-02,-2.793999999999999956e-02,-3.000999999999999848e-02,-3.244999999999999968e-02,-3.470999999999999780e-02,-3.778999999999999720e-02,-4.214999999999999997e-02,-5.002000000000000196e-02,-5.999999999999999778e-02,-5.403999999999999776e-02,-5.927000000000000324e-02
cmzi*c/cref,1.445321727312440534e-04,2.538739382270616888e-04,3.531232384681347249e-04,4.633410293332470209e-04,5.614478618926658192e-04,6.855286618020613133e-04,8.114947336062258492e-04,9.363183377287363643e-04,1.089001181095992400e-03,1.245454568252787062e-03,1.441611710647661571e-03,1.623372959373533837e-03,2.084244503049816500e-03,2.378056546993059274e-03,2.575373339589366768e-03,2.884961549662660128e-03,3.250253110489103800e-03,3.635619776077143178e-03,4.063784005047971562e-03,4.498006204798808694e-03,4.961179364796867650e-03,5.377126094131732224e-03,5.576578494345300376e-03,5.559417023961687326e-03,5.442311712265601557e-03,5.016437280566925921e-03,3.932196992250069217e-03,-1.445321727312440534e-04,-2.538739382270616888e-04,-3.531232384681347249e-04,-4.633410293332470209e-04,-5.614478618926658192e-04,-6.855286618020613133e-04,-8.114947336062258492e-04,-9.363183377287363643e-04,-1.089001181095992400e-03,-1.245454568252787062e-03,-1.427615480447198652e-03,-1.662333910398498772e-03,-2.263920753312731633e-03,-2.370936617211643043e-03,-2.552978788810328706e-03,-2.884961549662660128e-03,-3.250253110489103800e-03,-3.635619776077143178e-03,-4.063784005047971562e-03,-4.498006204798808694e-03,-4.961179364796867650e-03,-5.377126094131732224e-03,-5.569794335593055389e-03,-5.565649554257608329e-03,-5.442311712265601557e-03,-5.016437280566925921e-03,-3.932196992250069217e-03,9.695127574546573293e-04,1.375775381429287982e-03,1.559841013153849933e-03,1.750399234714514673e-03,1.851682228550164148e-03,1.934861447732457622e-03,1.897750335722490954e-03,1.826118425097480926e-03,1.646753765754687890e-03,1.460171671493520201e-03,1.216351545941398273e-03,9.049258498228356920e-04,4.837579238597570575e-04,-8.790249000922227118e-04,-1.233240094164091485e-03,-1.370050471629427179e-03,-1.523810337016843043e-03,-1.608750157749122296e-03,-1.683380782112058657e-03,-1.630118878120601252e-03,-1.527131781189833021e-03,-1.317403012603750485e-03,-1.110381243224877433e-03,-8.666504764832462559e-04,-5.797181225427540559e-04,-2.582221350332486974e-04,4.944747884543821206e-03,2.935472357499959491e-03,4.028730855728314929e-03,5.043016341191127426e-03,5.857554451761126831e-03,6.588558577507402578e-03,7.290764185286457109e-03,7.977705890918503767e-03,8.499575638681701809e-03,9.094037892148137611e-03,9.610290339281957195e-03,1.019673425340171871e-02,1.064642796123416515e-02,1.111872949665895435e-02,1.088284034170886906e-02,1.050969333570631221e-02,9.905334169268850686e-03,9.168022424644458115e-03,8.367153218891063698e-03,7.371778390797159228e-03,6.361674891193554171e-03,5.142654068309415391e-03,4.224844807222483470e-03,3.940254550455450124e-03,8.841309236817836278e-04,2.326510233468700919e-03,-6.198345939780283177e-03,-4.986281812739657218e-03,-7.076104195317681027e-03,-8.322219085216884388e-03,-9.341069522869577951e-03,-1.029462277735531534e-02,-1.118792942546960843e-02,-1.209725519763133784e-02,-1.282409595191483231e-02,-1.367894866277282427e-02,-1.443339866843561421e-02,-1.528236607504004398e-02,-1.602963308363130474e-02,-1.688121041306001047e-02,-1.710463290565793562e-02,-1.715086889834484957e-02,-1.715778280777258136e-02,-1.704661418609542192e-02,-1.693787410811073424e-02,-1.651868482534340696e-02,-1.624376311744624157e-02,-1.617633350591357252e-02,-1.689262488067694648e-02,-1.749928001682657386e-02,-1.327178753215655163e-02,-1.182609447149999236e-02
cmzo,-1.800000000000000113e-04,-2.500000000000000052e-04,-3.299999999999999982e-04,-4.099999999999999912e-04,-5.100000000000000366e-04,-6.099999999999999737e-04,-7.299999999999999632e-04,-8.700000000000000051e-04,-1.020000000000000073e-03,-1.190000000000000085e-03,-1.399999999999999986e-03,-1.629999999999999939e-03,-1.920000000000000049e-03,-3.540000000000000178e-03,-2.309999999999999987e-03,-2.820000000000000024e-03,-3.389999999999999784e-03,-4.029999999999999728e-03,-4.769999999999999934e-03,-5.599999999999999943e-03,-6.570000000000000319e-03,-7.709999999999999840e-03,-9.039999999999999425e-03,-1.061999999999999923e-02,-1.254000000000000080e-02,-1.490000000000000005e-02,-1.786000000000000087e-02,1.800000000000000113e-04,2.500000000000000052e-04,3.299999999999999982e-04,4.099999999999999912e-04,5.100000000000000366e-04,6.099999999999999737e-04,7.299999999999999632e-04,8.700000000000000051e-04,1.020000000000000073e-03,1.190000000000000085e-03,1.399999999999999986e-03,1.629999999999999939e-03,1.920000000000000049e-03,3.540000000000000178e-03,2.309999999999999987e-03,2.820000000000000024e-03,3.389999999999999784e-03,4.029999999999999728e-03,4.769999999999999934e-03,5.599999999999999943e-03,6.570000000000000319e-03,7.709999999999999840e-03,9.039999999999999425e-03,1.061999999999999923e-02,1.254000000000000080e-02,1.490000000000000005e-02,1.786000000000000087e-02,-4.210000000000000200e-03,-4.760000000000000342e-03,-5.360000000000000181e-03,-6.029999999999999770e-03,-6.769999999999999976e-03,-7.590000000000000392e-03,-8.519999999999999796e-03,-9.560000000000000789e-03,-1.074999999999999914e-02,-1.209999999999999964e-02,-1.366000000000000027e-02,-1.548000000000000070e-02,-1.762999999999999984e-02,4.210000000000000200e-03,4.760000000000000342e-03,5.360000000000000181e-03,6.029999999999999770e-03,6.769999999999999976e-03,7.590000000000000392e-03,8.519999999999999796e-03,9.560000000000000789e-03,1.073999999999999955e-02,1.209999999999999964e-02,1.366000000000000027e-02,1.548000000000000070e-02,1.762999999999999984e-02,-1.629999999999999939e-03,-1.709999999999999932e-03,-1.789999999999999925e-03,-1.879999999999999944e-03,-1.969999999999999963e-03,-2.079999999999999818e-03,-2.190000000000000106e-03,-2.309999999999999987e-03,-2.449999999999999921e-03,-2.599999999999999881e-03,-2.769999999999999893e-03,-2.959999999999999958e-03,-3.180000000000000101e-03,-3.429999999999999889e-03,-3.720000000000000216e-03,-4.049999999999999781e-03,-4.429999999999999910e-03,-4.879999999999999789e-03,-5.420000000000000338e-03,-6.069999999999999875e-03,-6.870000000000000238e-03,-7.879999999999999852e-03,-9.190000000000000252e-03,-1.094000000000000007e-02,-1.341000000000000004e-02,-1.711000000000000021e-02,1.629999999999999939e-03,1.709999999999999932e-03,1.789999999999999925e-03,1.879999999999999944e-03,1.969999999999999963e-03,2.079999999999999818e-03,2.190000000000000106e-03,2.309999999999999987e-03,2.449999999999999921e-03,2.599999999999999881e-03,2.769999999999999893e-03,2.959999999999999958e-03,3.180000000000000101e-03,3.429999999999999889e-03,3.720000000000000216e-03,4.049999999999999781e-03,4.429999999999999910e-03,4.890000000000000249e-03,5.420000000000000338e-03,6.069999999999999875e-03,6.870000000000000238e-03,7.879999999999999852e-03,9.190000000000000252e-03,1.094000000000000007e-02,1.341000000000000004e-02,1.711999999999999980e-02
cmzo*c/cref,-4.335965181937321330e-04,-5.769862232433220842e-04,-7.283166793405278531e-04,-8.634991910301421112e-04,-1.022637177018784465e-03,-1.161590232497937024e-03,-1.316424790072321868e-03,-1.481085370589092006e-03,-1.633501771643988817e-03,-1.785651730386526078e-03,-1.959472228064782200e-03,-2.116878339023087804e-03,-2.299856003365314833e-03,-2.520455142621386493e-03,-2.586570614978885799e-03,-3.002063309981070453e-03,-3.421850324396913130e-03,-3.845550576795508154e-03,-4.288550819486466013e-03,-4.725860177649780433e-03,-5.182026776902293533e-03,-5.655885700648793576e-03,-6.132879512029380635e-03,-6.618947174268285591e-03,-7.123861051337228301e-03,-7.642629394728752031e-03,-8.175673839532739823e-03,4.335965181937321330e-04,5.769862232433220842e-04,7.283166793405278531e-04,8.634991910301421112e-04,1.022637177018784465e-03,1.161590232497937024e-03,1.316424790072321868e-03,1.481085370589092006e-03,1.633501771643988817e-03,1.785651730386526078e-03,1.959472228064782200e-03,2.116878339023087804e-03,2.299856003365314833e-03,2.520455142621386493e-03,2.586570614978885799e-03,3.002063309981070453e-03,3.421850324396913130e-03,3.845550576795508154e-03,4.288550819486466013e-03,4.725860177649780433e-03,5.182026776902293533e-03,5.655885700648793576e-03,6.132879512029380635e-03,6.618947174268285591e-03,7.123861051337228301e-03,7.642629394728752031e-03,8.175673839532739823e-03,-2.721099139256071778e-03,-2.949860727749284341e-03,-3.178991570534082153e-03,-3.415827632792402431e-03,-3.654778042940119796e-03,-3.895384187875160307e-03,-4.145854579578365368e-03,-4.397403562703254901e-03,-4.658579732069182550e-03,-4.921469979128578059e-03,-5.192300661737344128e-03,-5.471973498147459682e-03,-5.762602836248321807e-03,2.721099139256071778e-03,2.949860727749284341e-03,3.178991570534082153e-03,3.415827632792402431e-03,3.654778042940119796e-03,3.895384187875160307e-03,4.145854579578365368e-03,4.397403562703254901e-03,4.654246169527723360e-03,4.921469979128578059e-03,5.192300661737344128e-03,5.471973498147459682e-03,5.762602836248321807e-03,-2.270405366706036276e-03,-2.292081155856132754e-03,-2.311355202485155125e-03,-2.335189832866827256e-03,-2.350179688384810509e-03,-2.379201708544339579e-03,-2.397413448314916155e-03,-2.415268755966152887e-03,-2.441261467147734249e-03,-2.462968595790120639e-03,-2.487897592505703120e-03,-2.513100199006584965e-03,-2.543624411474428720e-03,-2.580327616613004894e-03,-2.627136020191888060e-03,-2.673634297086090791e-03,-2.720435856779976173e-03,-2.771991910301421606e-03,-2.829068649182131783e-03,-2.888747245457634356e-03,-2.953020709628359323e-03,-3.024187616289417298e-03,-3.103623003866876236e-03,-3.190702056401378481e-03,-3.293387690714643951e-03,-3.413944261976799115e-03,2.270405366706036276e-03,2.292081155856132754e-03,2.311355202485155125e-03,2.335189832866827256e-03,2.350179688384810509e-03,2.379201708544339579e-03,2.397413448314916155e-03,2.415268755966152887e-03,2.441261467147734249e-03,2.462968595790120639e-03,2.487897592505703120e-03,2.513100199006584965e-03,2.543624411474428720e-03,2.580327616613004894e-03,2.627136020191888060e-03,2.673634297086090791e-03,2.720435856779976173e-03,2.777672221593023138e-03,2.829068649182131783e-03,2.888747245457634356e-03,2.953020709628359323e-03,3.024187616289417298e-03,3.103623003866876236e-03,3.190702056401378481e-03,3.293387690714643951e-03,3.415939553772226640e-03
cs,3.400000000000000244e-04,5.400000000000000069e-04,6.899999999999999667e-04,8.199999999999999824e-04,9.399999999999999719e-04,1.059999999999999961e-03,1.190000000000000085e-03,1.309999999999999967e-03,1.449999999999999900e-03,1.590000000000000050e-03,1.750000000000000036e-03,1.920000000000000049e-03,2.540000000000000157e-03,1.869999999999999917e-03,2.670000000000000064e-03,2.880000000000000181e-03,3.099999999999999891e-03,3.330000000000000061e-03,3.579999999999999849e-03,3.820000000000000045e-03,4.060000000000000241e-03,4.270000000000000358e-03,4.329999999999999648e-03,4.250000000000000305e-03,4.080000000000000293e-03,3.680000000000000111e-03,2.809999999999999998e-03,-3.400000000000000244e-04,-5.400000000000000069e-04,-6.899999999999999667e-04,-8.199999999999999824e-04,-9.399999999999999719e-04,-1.059999999999999961e-03,-1.190000000000000085e-03,-1.309999999999999967e-03,-1.449999999999999900e-03,-1.590000000000000050e-03,-1.750000000000000036e-03,-1.940000000000000101e-03,-2.650000000000000012e-03,-1.869999999999999917e-03,-2.660000000000000038e-03,-2.880000000000000181e-03,-3.099999999999999891e-03,-3.330000000000000061e-03,-3.579999999999999849e-03,-3.820000000000000045e-03,-4.060000000000000241e-03,-4.270000000000000358e-03,-4.329999999999999648e-03,-4.250000000000000305e-03,-4.080000000000000293e-03,-3.680000000000000111e-03,-2.820000000000000024e-03,4.800000000000000122e-04,6.700000000000000226e-04,7.399999999999999894e-04,8.099999999999999561e-04,8.400000000000000348e-04,8.599999999999999789e-04,8.400000000000000348e-04,8.000000000000000383e-04,7.100000000000000191e-04,6.300000000000000261e-04,5.199999999999999544e-04,3.800000000000000209e-04,2.100000000000000087e-04,-4.299999999999999894e-04,-5.999999999999999474e-04,-6.499999999999999702e-04,-7.200000000000000453e-04,-7.399999999999999894e-04,-7.600000000000000418e-04,-7.299999999999999632e-04,-6.700000000000000226e-04,-5.800000000000000034e-04,-4.899999999999999842e-04,-3.800000000000000209e-04,-2.599999999999999772e-04,-1.200000000000000030e-04,3.109999999999999917e-03,2.690000000000000117e-03,3.220000000000000206e-03,3.769999999999999914e-03,4.219999999999999793e-03,4.619999999999999975e-03,4.989999999999999644e-03,5.349999999999999721e-03,5.619999999999999996e-03,5.919999999999999915e-03,6.170000000000000137e-03,6.440000000000000412e-03,6.660000000000000121e-03,6.899999999999999883e-03,6.720000000000000279e-03,6.440000000000000412e-03,6.040000000000000230e-03,5.579999999999999891e-03,5.060000000000000261e-03,4.470000000000000015e-03,3.880000000000000202e-03,3.200000000000000153e-03,2.639999999999999986e-03,2.340000000000000066e-03,8.499999999999999526e-04,1.270000000000000078e-03,-3.490000000000000047e-03,-3.609999999999999928e-03,-4.780000000000000394e-03,-5.499999999999999681e-03,-6.069999999999999875e-03,-6.590000000000000371e-03,-7.060000000000000303e-03,-7.539999999999999827e-03,-7.910000000000000364e-03,-8.330000000000000598e-03,-8.699999999999999400e-03,-9.110000000000000042e-03,-9.469999999999999252e-03,-9.879999999999999893e-03,-9.900000000000000813e-03,-9.790000000000000091e-03,-9.660000000000000184e-03,-9.450000000000000067e-03,-9.239999999999999949e-03,-8.890000000000000333e-03,-8.600000000000000006e-03,-8.410000000000000808e-03,-8.540000000000000716e-03,-8.619999999999999191e-03,-6.579999999999999911e-03,-5.669999999999999693e-03
cs*c/cref,8.190156454770496086e-04,1.246290242205575632e-03,1.522843965893830916e-03,1.726998382060284222e-03,1.884860679211092672e-03,2.018501059750513367e-03,2.145952739980908595e-03,2.230140040772080837e-03,2.322134871454689664e-03,2.385870799424013537e-03,2.449340285080977859e-03,2.493500865597748049e-03,3.042517837785364745e-03,1.331426869124856423e-03,2.989672529001569188e-03,3.065936997427476558e-03,3.129125665377708188e-03,3.177588938146164773e-03,3.218660782759234524e-03,3.223711764039671572e-03,3.202287475528662296e-03,3.132377683757503299e-03,2.937540739722037733e-03,2.648825375766499131e-03,2.317811251152782515e-03,1.887575582053812760e-03,1.286318224472956335e-03,-8.190156454770496086e-04,-1.246290242205575632e-03,-1.522843965893830916e-03,-1.726998382060284222e-03,-1.884860679211092672e-03,-2.018501059750513367e-03,-2.145952739980908595e-03,-2.230140040772080837e-03,-2.322134871454689664e-03,-2.385870799424013537e-03,-2.449340285080977859e-03,-2.519474832947724528e-03,-3.174280421311502422e-03,-1.331426869124856423e-03,-2.978475253612050157e-03,-3.065936997427476558e-03,-3.129125665377708188e-03,-3.177588938146164773e-03,-3.218660782759234524e-03,-3.223711764039671572e-03,-3.202287475528662296e-03,-3.132377683757503299e-03,-2.937540739722037733e-03,-2.648825375766499131e-03,-2.317811251152782515e-03,-1.887575582053812760e-03,-1.290895869399906254e-03,3.102440823854903497e-04,4.152114889899202440e-04,4.388906272752277397e-04,4.588425178377853971e-04,4.534731988286116425e-04,4.413742294562104538e-04,4.087462261556134755e-04,3.679835617324898997e-04,3.076829404436390736e-04,2.562418253595871416e-04,1.976571262154772058e-04,1.343249308330771586e-04,6.864132703415471652e-05,-2.779269904703350982e-04,-3.718311841700777730e-04,-3.855120374714838334e-04,-4.078600158558093021e-04,-3.994882942061578433e-04,-3.900516446357209254e-04,-3.552199346352355133e-04,-3.081862329509602863e-04,-2.513466274046628930e-04,-1.992991975019010951e-04,-1.444417460805410517e-04,-9.190653162263173726e-05,-3.922361544808840750e-05,4.331877724205995123e-03,3.605671525878945821e-03,4.157856844693966387e-03,4.682800888248904100e-03,5.034395068519745969e-03,5.284573025709062358e-03,5.462599592279192111e-03,5.593804261653210347e-03,5.599954875661333244e-03,5.607990033491351382e-03,5.541634709660717487e-03,5.467690973514327188e-03,5.327213390069086320e-03,5.190746517384762192e-03,4.745794100991797618e-03,4.251408610675167475e-03,3.709126992088274469e-03,3.169613700713511031e-03,2.641160030417266831e-03,2.127298218648373401e-03,1.667790444448039944e-03,1.228096493924636570e-03,8.915739641140971476e-04,6.824719206562363926e-04,2.087531347581989016e-04,2.534020580193182019e-04,-4.861174680861390929e-03,-4.838837995696280113e-03,-6.172222272558124286e-03,-6.831672383386994465e-03,-7.241416603297360505e-03,-7.537951566974615027e-03,-7.728647920138496594e-03,-7.883604510815926669e-03,-7.881787022505542042e-03,-7.890972462666040466e-03,-7.813974388014300818e-03,-7.734575274645267076e-03,-7.574881502095232033e-03,-7.432547187211804504e-03,-6.991571666639702885e-03,-6.462933276166131329e-03,-5.932146811849789772e-03,-5.367894170563203976e-03,-4.822987881631530735e-03,-4.230801155208956978e-03,-3.696648923261119327e-03,-3.227591098095685795e-03,-2.884106686944844754e-03,-2.514063229084084142e-03,-1.615994854951704422e-03,-1.131330448007507230e-03
csi,3.400000000000000244e-04,5.400000000000000069e-04,6.899999999999999667e-04,8.199999999999999824e-04,9.399999999999999719e-04,1.059999999999999961e-03,1.190000000000000085e-03,1.309999999999999967e-03,1.449999999999999900e-03,1.590000000000000050e-03,1.750000000000000036e-03,1.920000000000000049e-03,2.550000000000000183e-03,1.869999999999999917e-03,2.670000000000000064e-03,2.880000000000000181e-03,3.099999999999999891e-03,3.330000000000000061e-03,3.579999999999999849e-03,3.820000000000000045e-03,4.060000000000000241e-03,4.270000000000000358e-03,4.329999999999999648e-03,4.250000000000000305e-03,4.080000000000000293e-03,3.680000000000000111e-03,2.809999999999999998e-03,-3.400000000000000244e-04,-5.400000000000000069e-04,-6.899999999999999667e-04,-8.199999999999999824e-04,-9.399999999999999719e-04,-1.059999999999999961e-03,-1.190000000000000085e-03,-1.309999999999999967e-03,-1.449999999999999900e-03,-1.590000000000000050e-03,-1.750000000000000036e-03,-1.940000000000000101e-03,-2.660000000000000038e-03,-1.869999999999999917e-03,-2.660000000000000038e-03,-2.880000000000000181e-03,-3.099999999999999891e-03,-3.330000000000000061e-03,-3.579999999999999849e-03,-3.820000000000000045e-03,-4.060000000000000241e-03,-4.270000000000000358e-03,-4.329999999999999648e-03,-4.250000000000000305e-03,-4.080000000000000293e-03,-3.680000000000000111e-03,-2.820000000000000024e-03,4.800000000000000122e-04,6.700000000000000226e-04,7.399999999999999894e-04,8.099999999999999561e-04,8.400000000000000348e-04,8.599999999999999789e-04,8.400000000000000348e-04,8.000000000000000383e-04,7.100000000000000191e-04,6.300000000000000261e-04,5.199999999999999544e-04,3.800000000000000209e-04,2.100000000000000087e-04,-4.299999999999999894e-04,-5.999999999999999474e-04,-6.499999999999999702e-04,-7.200000000000000453e-04,-7.399999999999999894e-04,-7.600000000000000418e-04,-7.299999999999999632e-04,-6.700000000000000226e-04,-5.800000000000000034e-04,-4.899999999999999842e-04,-3.800000000000000209e-04,-2.599999999999999772e-04,-1.200000000000000030e-04,3.109999999999999917e-03,2.690000000000000117e-03,3.220000000000000206e-03,3.769999999999999914e-03,4.219999999999999793e-03,4.619999999999999975e-03,4.989999999999999644e-03,5.349999999999999721e-03,5.619999999999999996e-03,5.919999999999999915e-03,6.170000000000000137e-03,6.440000000000000412e-03,6.660000000000000121e-03,6.899999999999999883e-03,6.720000000000000279e-03,6.440000000000000412e-03,6.040000000000000230e-03,5.579999999999999891e-03,5.060000000000000261e-03,4.470000000000000015e-03,3.880000000000000202e-03,3.200000000000000153e-03,2.639999999999999986e-03,2.340000000000000066e-03,8.499999999999999526e-04,1.270000000000000078e-03,-3.490000000000000047e-03,-3.609999999999999928e-03,-4.780000000000000394e-03,-5.499999999999999681e-03,-6.069999999999999875e-03,-6.590000000000000371e-03,-7.060000000000000303e-03,-7.539999999999999827e-03,-7.910000000000000364e-03,-8.330000000000000598e-03,-8.699999999999999400e-03,-9.110000000000000042e-03,-9.469999999999999252e-03,-9.879999999999999893e-03,-9.900000000000000813e-03,-9.790000000000000091e-03,-9.660000000000000184e-03,-9.450000000000000067e-03,-9.239999999999999949e-03,-8.890000000000000333e-03,-8.600000000000000006e-03,-8.410000000000000808e-03,-8.540000000000000716e-03,-8.619999999999999191e-03,-6.579999999999999911e-03,-5.669999999999999693e-03
csi*c/cref,8.190156454770496086e-04,1.246290242205575632e-03,1.522843965893830916e-03,1.726998382060284222e-03,1.884860679211092672e-03,2.018501059750513367e-03,2.145952739980908595e-03,2.230140040772080837e-03,2.322134871454689664e-03,2.385870799424013537e-03,2.449340285080977859e-03,2.493500865597748049e-03,3.054496254469559000e-03,1.331426869124856423e-03,2.989672529001569188e-03,3.065936997427476558e-03,3.129125665377708188e-03,3.177588938146164773e-03,3.218660782759234524e-03,3.223711764039671572e-03,3.202287475528662296e-03,3.132377683757503299e-03,2.937540739722037733e-03,2.648825375766499131e-03,2.317811251152782515e-03,1.887575582053812760e-03,1.286318224472956335e-03,-8.190156454770496086e-04,-1.246290242205575632e-03,-1.522843965893830916e-03,-1.726998382060284222e-03,-1.884860679211092672e-03,-2.018501059750513367e-03,-2.145952739980908595e-03,-2.230140040772080837e-03,-2.322134871454689664e-03,-2.385870799424013537e-03,-2.449340285080977859e-03,-2.519474832947724528e-03,-3.186258837995696678e-03,-1.331426869124856423e-03,-2.978475253612050157e-03,-3.065936997427476558e-03,-3.129125665377708188e-03,-3.177588938146164773e-03,-3.218660782759234524e-03,-3.223711764039671572e-03,-3.202287475528662296e-03,-3.132377683757503299e-03,-2.937540739722037733e-03,-2.648825375766499131e-03,-2.317811251152782515e-03,-1.887575582053812760e-03,-1.290895869399906254e-03,3.102440823854903497e-04,4.152114889899202440e-04,4.388906272752277397e-04,4.588425178377853971e-04,4.534731988286116425e-04,4.413742294562104538e-04,4.087462261556134755e-04,3.679835617324898997e-04,3.076829404436390736e-04,2.562418253595871416e-04,1.976571262154772058e-04,1.343249308330771586e-04,6.864132703415471652e-05,-2.779269904703350982e-04,-3.718311841700777730e-04,-3.855120374714838334e-04,-4.078600158558093021e-04,-3.994882942061578433e-04,-3.900516446357209254e-04,-3.552199346352355133e-04,-3.081862329509602863e-04,-2.513466274046628930e-04,-1.992991975019010951e-04,-1.444417460805410517e-04,-9.190653162263173726e-05,-3.922361544808840750e-05,4.331877724205995123e-03,3.605671525878945821e-03,4.157856844693966387e-03,4.682800888248904100e-03,5.034395068519745969e-03,5.284573025709062358e-03,5.462599592279192111e-03,5.593804261653210347e-03,5.599954875661333244e-03,5.607990033491351382e-03,5.541634709660717487e-03,5.467690973514327188e-03,5.327213390069086320e-03,5.190746517384762192e-03,4.745794100991797618e-03,4.251408610675167475e-03,3.709126992088274469e-03,3.169613700713511031e-03,2.641160030417266831e-03,2.127298218648373401e-03,1.667790444448039944e-03,1.228096493924636570e-03,8.915739641140971476e-04,6.824719206562363926e-04,2.087531347581989016e-04,2.534020580193182019e-04,-4.861174680861390929e-03,-4.838837995696280113e-03,-6.172222272558124286e-03,-6.831672383386994465e-03,-7.241416603297360505e-03,-7.537951566974615027e-03,-7.728647920138496594e-03,-7.883604510815926669e-03,-7.881787022505542042e-03,-7.890972462666040466e-03,-7.813974388014300818e-03,-7.734575274645267076e-03,-7.574881502095232033e-03,-7.432547187211804504e-03,-6.991571666639702885e-03,-6.462933276166131329e-03,-5.932146811849789772e-03,-5.367894170563203976e-03,-4.822987881631530735e-03,-4.230801155208956978e-03,-3.696648923261119327e-03,-3.227591098095685795e-03,-2.884106686944844754e-03,-2.514063229084084142e-03,-1.615994854951704422e-03,-1.131330448007507230e-03
cso,0.000000000000000000e+00,0.000000000000000000e+00,0.000000000000000000e+00,0.000000000000000000e+00,0.000000000000000000e+00,0.000000000000000000e+00,0.000000000000000000e+00,0.000000000000000000e+00,0.000000000000000000e+00,0.000000000000000000e+00,0.000000000000000000e+00,0.000000000000000000e+00,-2.000000000000000164e-05,0.000000000000000000e+00,0.000000000000000000e+00,0.000000000000000000e+00,0.000000000000000000e+00,0.000000000000000000e+00,0.000000000000000000e+00,0.000000000000000000e+00,0.000000000000000000e+00,0.000000000000000000e+00,0.000000000000000000e+00,0.000000000000000000e+00,0.000000000000000000e+00,0.000000000000000000e+00,0.000000000000000000e+00,0.000000000000000000e+00,0.000000000000000000e+00,0.000000000000000000e+00,0.000000000000000000e+00,0.000000000000000000e+00,0.000000000000000000e+00,0.000000000000000000e+00,0.000000000000000000e+00,0.000000000000000000e+00,0.000000000000000000e+00,0.000000000000000000e+00,0.000000000000000000e+00,2.000000000000000164e-05,0.000000000000000000e+00,0.000000000000000000e+00,0.000000000000000000e+00,0.000000000000000000e+00,0.000000000000000000e+00,0.000000000000000000e+00,0.000000000000000000e+00,0.000000000000000000e+00,0.000000000000000000e+00,0.000000000000000000e+00,0.000000000000000000e+00,0.000000000000000000e+00,0.000000000000000000e+00,0.000000000000000000e+00,0.000000000000000000e+00,0.000000000000000000e+00,0.000000000000000000e+00,0.000000000000000000e+00,0.000000000000000000e+00,0.000000000000000000e+00,0.000000000000000000e+00,0.000000000000000000e+00,0.000000000000000000e+00,0.000000000000000000e+00,0.000000000000000000e+00,0.000000000000000000e+00,0.000000000000000000e+00,0.000000000000000000e+00,0.000000000000000000e+00,0.000000000000000000e+00,0.000000000000000000e+00,0.000000000000000000e+00,0.000000000000000000e+00,0.000000000000000000e+00,0.000000000000000000e+00,0.000000000000000000e+00,0.000000000000000000e+00,0.000000000000000000e+00,0.000000000000000000e+00,0.000000000000000000e+00,0.000000000000000000e+00,0.000000000000000000e+00,0.000000000000000000e+00,0.000000000000000000e+00,0.000000000000000000e+00,0.000000000000000000e+00,0.000000000000000000e+00,0.000000000000000000e+00,0.000000000000000000e+00,0.000000000000000000e+00,0.000000000000000000e+00,0.000000000000000000e+00,0.000000000000000000e+00,0.000000000000000000e+00,0.000000000000000000e+00,0.000000000000000000e+00,0.000000000000000000e+00,0.000000000000000000e+00,0.000000000000000000e+00,0.000000000000000000e+00,0.000000000000000000e+00,0.000000000000000000e+00,0.000000000000000000e+00,0.000000000000000000e+00,0.000000000000000000e+00,0.000000000000000000e+00,-0.000000000000000000e+00,0.000000000000000000e+00,0.000000000000000000e+00,0.000000000000000000e+00,0.000000000000000000e+00,0.000000000000000000e+00,0.000000000000000000e+00,0.000000000000000000e+00,0.000000000000000000e+00,0.000000000000000000e+00,0.000000000000000000e+00,0.000000000000000000e+00,0.000000000000000000e+00,0.000000000000000000e+00,0.000000000000000000e+00,0.000000000000000000e+00,0.000000000000000000e+00,0.000000000000000000e+00,0.000000000000000000e+00,0.000000000000000000e+00,0.000000000000000000e+00,0.000000000000000000e+00,0.000000000000000000e+00,0.000000000000000000e+00,0.000000000000000000e+00,0.000000000000000000e+00
cso*c/cref,0.000000000000000000e+00,0.000000000000000000e+00,0.000000000000000000e+00,0.000000000000000000e+00,0.000000000000000000e+00,0.000000000000000000e+00,0.000000000000000000e+00,0.000000000000000000e+00,0.000000000000000000e+00,0.000000000000000000e+00,0.000000000000000000e+00,0.000000000000000000e+00,-2.395683336838869731e-05,0.000000000000000000e+00,0.000000000000000000e+00,0.000000000000000000e+00,0.000000000000000000e+00,0.000000000000000000e+00,0.000000000000000000e+00,0.000000000000000000e+00,0.000000000000000000e+00,0.000000000000000000e+00,0.000000000000000000e+00,0.000000000000000000e+00,0.000000000000000000e+00,0.000000000000000000e+00,0.000000000000000000e+00,0.000000000000000000e+00,0.000000000000000000e+00,0.000000000000000000e+00,0.000000000000000000e+00,0.000000000000000000e+00,0.000000000000000000e+00,0.000000000000000000e+00,0.000000000000000000e+00,0.000000000000000000e+00,0.000000000000000000e+00,0.000000000000000000e+00,0.000000000000000000e+00,2.395683336838869731e-05,0.000000000000000000e+00,0.000000000000000000e+00,0.000000000000000000e+00,0.000000000000000000e+00,0.000000000000000000e+00,0.000000000000000000e+00,0.000000000000000000e+00,0.000000000000000000e+00,0.000000000000000000e+00,0.000000000000000000e+00,0.000000000000000000e+00,0.000000000000000000e+00,0.000000000000000000e+00,0.000000000000000000e+00,0.000000000000000000e+00,0.000000000000000000e+00,0.000000000000000000e+00,0.000000000000000000e+00,0.000000000000000000e+00,0.000000000000000000e+00,0.000000000000000000e+00,0.000000000000000000e+00,0.000000000000000000e+00,0.000000000000000000e+00,0.000000000000000000e+00,0.000000000000000000e+00,0.000000000000000000e+00,0.000000000000000000e+00,0.000000000000000000e+00,0.000000000000000000e+00,0.000000000000000000e+00,0.000000000000000000e+00,0.000000000000000000e+00,0.000000000000000000e+00,0.000000000000000000e+00,0.000000000000000000e+00,0.000000000000000000e+00,0.000000000000000000e+00,0.000000000000000000e+00,0.000000000000000000e+00,0.000000000000000000e+00,0.000000000000000000e+00,0.000000000000000000e+00,0.000000000000000000e+00,0.000000000000000000e+00,0.000000000000000000e+00,0.000000000000000000e+00,0.000000000000000000e+00,0.000000000000000000e+00,0.000000000000000000e+00,0.000000000000000000e+00,0.000000000000000000e+00,0.000000000000000000e+00,0.000000000000000000e+00,0.000000000000000000e+00,0.000000000000000000e+00,0.000000000000000000e+00,0.000000000000000000e+00,0.000000000000000000e+00,0.000000000000000000e+00,0.000000000000000000e+00,0.000000000000000000e+00,0.000000000000000000e+00,0.000000000000000000e+00,0.000000000000000000e+00,0.000000000000000000e+00,-0.000000000000000000e+00,0.000000000000000000e+00,0.000000000000000000e+00,0.000000000000000000e+00,0.000000000000000000e+00,0.000000000000000000e+00,0.000000000000000000e+00,0.000000000000000000e+00,0.000000000000000000e+00,0.000000000000000000e+00,0.000000000000000000e+00,0.000000000000000000e+00,0.000000000000000000e+00,0.000000000000000000e+00,0.000000000000000000e+00,0.000000000000000000e+00,0.000000000000000000e+00,0.000000000000000000e+00,0.000000000000000000e+00,0.000000000000000000e+00,0.000000000000000000e+00,0.000000000000000000e+00,0.000000000000000000e+00,0.000000000000000000e+00,0.000000000000000000e+00,0.000000000000000000e+00
cx,4.649999999999999620e-03,4.680000000000000132e-03,4.700000000000000185e-03,4.729999999999999830e-03,4.760000000000000342e-03,4.789999999999999987e-03,4.819999999999999632e-03,4.850000000000000144e-03,4.890000000000000249e-03,4.930000000000000354e-03,4.969999999999999592e-03,5.020000000000000157e-03,5.069999999999999854e-03,5.440000000000000391e-03,5.120000000000000419e-03,5.159999999999999656e-03,5.190000000000000169e-03,5.230000000000000274e-03,5.279999999999999971e-03,5.320000000000000076e-03,5.369999999999999774e-03,5.420000000000000338e-03,5.479999999999999628e-03,5.539999999999999786e-03,5.599999999999999943e-03,5.669999999999999693e-03,5.740000000000000310e-03,4.649999999999999620e-03,4.680000000000000132e-03,4.700000000000000185e-03,4.729999999999999830e-03,4.760000000000000342e-03,4.789999999999999987e-03,4.819999999999999632e-03,4.850000000000000144e-03,4.890000000000000249e-03,4.930000000000000354e-03,4.969999999999999592e-03,5.020000000000000157e-03,5.069999999999999854e-03,5.440000000000000391e-03,5.120000000000000419e-03,5.159999999999999656e-03,5.190000000000000169e-03,5.230000000000000274e-03,5.279999999999999971e-03,5.320000000000000076e-03,5.369999999999999774e-03,5.420000000000000338e-03,5.479999999999999628e-03,5.539999999999999786e-03,5.599999999999999943e-03,5.669999999999999693e-03,5.740000000000000310e-03,5.470000000000000036e-03,5.499999999999999681e-03,5.530000000000000193e-03,5.559999999999999838e-03,5.599999999999999943e-03,5.640000000000000048e-03,5.669999999999999693e-03,5.720000000000000258e-03,5.760000000000000363e-03,5.810000000000000060e-03,5.859999999999999758e-03,5.910000000000000323e-03,5.969999999999999613e-03,5.470000000000000036e-03,5.499999999999999681e-03,5.530000000000000193e-03,5.559999999999999838e-03,5.599999999999999943e-03,5.629999999999999588e-03,5.669999999999999693e-03,5.709999999999999798e-03,5.760000000000000363e-03,5.810000000000000060e-03,5.859999999999999758e-03,5.910000000000000323e-03,5.969999999999999613e-03,4.969999999999999592e-03,4.989999999999999644e-03,5.020000000000000157e-03,5.040000000000000209e-03,5.069999999999999854e-03,5.089999999999999906e-03,5.120000000000000419e-03,5.150000000000000064e-03,5.179999999999999709e-03,5.210000000000000221e-03,5.250000000000000326e-03,5.290000000000000431e-03,5.320000000000000076e-03,5.369999999999999774e-03,5.409999999999999878e-03,5.459999999999999576e-03,5.510000000000000141e-03,5.559999999999999838e-03,5.619999999999999996e-03,5.689999999999999745e-03,5.760000000000000363e-03,5.850000000000000165e-03,5.950000000000000427e-03,6.069999999999999875e-03,6.210000000000000242e-03,6.380000000000000254e-03,4.969999999999999592e-03,4.989999999999999644e-03,5.020000000000000157e-03,5.040000000000000209e-03,5.069999999999999854e-03,5.089999999999999906e-03,5.120000000000000419e-03,5.150000000000000064e-03,5.179999999999999709e-03,5.210000000000000221e-03,5.250000000000000326e-03,5.290000000000000431e-03,5.329999999999999669e-03,5.369999999999999774e-03,5.409999999999999878e-03,5.459999999999999576e-03,5.510000000000000141e-03,5.559999999999999838e-03,5.619999999999999996e-03,5.689999999999999745e-03,5.760000000000000363e-03,5.850000000000000165e-03,5.950000000000000427e-03,6.069999999999999875e-03,6.210000000000000242e-03,6.380000000000000254e-03
cx*c/cref,1.120124338667141325e-02,1.080118209911498824e-02,1.037299513000145695e-02,9.961832130664810894e-03,9.544613652175321095e-03,9.121339694532980616e-03,8.692010257737796397e-03,8.256625341789764969e-03,7.831199669940298175e-03,7.397700025887036547e-03,6.956126409629976616e-03,6.519465804844111825e-03,6.073057258886534367e-03,3.873241801090492042e-03,5.733004999433721424e-03,5.493137120390894669e-03,5.238762001067840367e-03,4.990627671622955251e-03,4.747075120940994104e-03,4.489567168767291672e-03,4.235537867879043093e-03,3.975992282427556410e-03,3.717718996230199961e-03,3.452821783940330201e-03,3.181309560405779727e-03,2.908302595175303335e-03,2.627568188069312992e-03,1.120124338667141325e-02,1.080118209911498824e-02,1.037299513000145695e-02,9.961832130664810894e-03,9.544613652175321095e-03,9.121339694532980616e-03,8.692010257737796397e-03,8.256625341789764969e-03,7.831199669940298175e-03,7.397700025887036547e-03,6.956126409629976616e-03,6.519465804844111825e-03,6.073057258886534367e-03,3.873241801090492042e-03,5.733004999433721424e-03,5.493137120390894669e-03,5.238762001067840367e-03,4.990627671622955251e-03,4.747075120940994104e-03,4.489567168767291672e-03,4.235537867879043093e-03,3.975992282427556410e-03,3.717718996230199961e-03,3.452821783940330201e-03,3.181309560405779727e-03,2.908302595175303335e-03,2.627568188069312992e-03,3.535489855517983879e-03,3.408452521559046568e-03,3.279817795718931693e-03,3.149585677997637952e-03,3.023154658857411022e-03,2.894593783875612850e-03,2.759037026550390567e-03,2.631082466387302775e-03,2.496132023880790439e-03,2.363119056093970077e-03,2.227443768505185662e-03,2.089106161114437192e-03,1.951374868542398236e-03,3.535489855517983879e-03,3.408452521559046568e-03,3.279817795718931693e-03,3.149585677997637952e-03,3.023154658857411022e-03,2.889461525393564011e-03,2.759037026550390567e-03,2.626482671865646313e-03,2.496132023880790439e-03,2.363119056093970077e-03,2.227443768505185662e-03,2.089106161114437192e-03,1.951374868542398236e-03,6.922647038361349342e-03,6.688587700422281984e-03,6.482124646075686572e-03,6.260296147685537674e-03,6.048431989904055374e-03,5.822181104082061603e-03,5.604911806106105225e-03,5.384690083647483173e-03,5.161524244826637929e-03,4.935410147717895525e-03,4.715329372077596039e-03,4.491317585386769319e-03,4.255371656932063415e-03,4.039754898312489066e-03,3.820646739042503869e-03,3.604455126441989156e-03,3.383657239471257044e-03,3.158253078130308401e-03,2.933462326273723279e-03,2.707903101590434635e-03,2.475895092788842674e-03,2.245113902955976019e-03,2.009418593363211658e-03,1.770343828368954988e-03,1.525125843351076696e-03,1.272996165482874129e-03,6.922647038361349342e-03,6.688587700422281984e-03,6.482124646075686572e-03,6.260296147685537674e-03,6.048431989904055374e-03,5.822181104082061603e-03,5.604911806106105225e-03,5.384690083647483173e-03,5.161524244826637929e-03,4.935410147717895525e-03,4.715329372077596039e-03,4.491317585386769319e-03,4.263370475836070900e-03,4.039754898312489066e-03,3.820646739042503869e-03,3.604455126441989156e-03,3.383657239471257044e-03,3.158253078130308401e-03,2.933462326273723279e-03,2.707903101590434635e-03,2.475895092788842674e-03,2.245113902955976019e-03,2.009418593363211658e-03,1.770343828368954988e-03,1.525125843351076696e-03,1.272996165482874129e-03
cxi,0.000000000000000000e+00,0.000000000000000000e+00,-0.000000000000000000e+00,-0.000000000000000000e+00,-0.000000000000000000e+00,-0.000000000000000000e+00,-0.000000000000000000e+00,-0.000000000000000000e+00,-0.000000000000000000e+00,-0.000000000000000000e+00,-0.000000000000000000e+00,-0.000000000000000000e+00,-0.000000000000000000e+00,0.000000000000000000e+00,-0.000000000000000000e+00,-0.000000000000000000e+00,-0.000000000000000000e+00,-0.000000000000000000e+00,-0.000000000000000000e+00,-0.000000000000000000e+00,-0.000000000000000000e+00,-0.000000000000000000e+00,-0.000000000000000000e+00,0.000000000000000000e+00,0.000000000000000000e+00,0.000000000000000000e+00,0.000000000000000000e+00,-0.000000000000000000e+00,-0.000000000000000000e+00,-0.000000000000000000e+00,-0.000000000000000000e+00,-0.000000000000000000e+00,-0.000000000000000000e+00,-0.000000000000000000e+00,-0.000000000000000000e+00,-0.000000000000000000e+00,-0.000000000000000000e+00,-0.000000000000000000e+00,-0.000000000000000000e+00,-0.000000000000000000e+00,-0.000000000000000000e+00,-0.000000000000000000e+00,-0.000000000000000000e+00,-0.000000000000000000e+00,-0.000000000000000000e+00,-0.000000000000000000e+00,-0.000000000000000000e+00,-0.000000000000000000e+00,-0.000000000000000000e+00,-0.000000000000000000e+00,0.000000000000000000e+00,0.000000000000000000e+00,0.000000000000000000e+00,0.000000000000000000e+00,0.000000000000000000e+00,0.000000000000000000e+00,0.000000000000000000e+00,0.000000000000000000e+00,0.000000000000000000e+00,0.000000000000000000e+00,0.000000000000000000e+00,0.000000000000000000e+00,0.000000000000000000e+00,0.000000000000000000e+00,0.000000000000000000e+00,0.000000000000000000e+00,0.000000000000000000e+00,0.000000000000000000e+00,0.000000000000000000e+00,0.000000000000000000e+00,0.000000000000000000e+00,-0.000000000000000000e+00,0.000000000000000000e+00,0.000000000000000000e+00,0.000000000000000000e+00,0.000000000000000000e+00,0.000000000000000000e+00,0.000000000000000000e+00,0.000000000000000000e+00,0.000000000000000000e+00,0.000000000000000000e+00,0.000000000000000000e+00,0.000000000000000000e+00,0.000000000000000000e+00,0.000000000000000000e+00,0.000000000000000000e+00,0.000000000000000000e+00,0.000000000000000000e+00,0.000000000000000000e+00,0.000000000000000000e+00,0.000000000000000000e+00,0.000000000000000000e+00,0.000000000000000000e+00,0.000000000000000000e+00,0.000000000000000000e+00,0.000000000000000000e+00,0.000000000000000000e+00,-0.000000000000000000e+00,0.000000000000000000e+00,-0.000000000000000000e+00,-0.000000000000000000e+00,-0.000000000000000000e+00,-0.000000000000000000e+00,0.000000000000000000e+00,-0.000000000000000000e+00,0.000000000000000000e+00,-0.000000000000000000e+00,0.000000000000000000e+00,0.000000000000000000e+00,0.000000000000000000e+00,0.000000000000000000e+00,0.000000000000000000e+00,0.000000000000000000e+00,0.000000000000000000e+00,0.000000000000000000e+00,0.000000000000000000e+00,0.000000000000000000e+00,0.000000000000000000e+00,0.000000000000000000e+00,0.000000000000000000e+00,0.000000000000000000e+00,0.000000000000000000e+00,0.000000000000000000e+00,0.000000000000000000e+00,0.000000000000000000e+00,-0.000000000000000000e+00,-0.000000000000000000e+00,-0.000000000000000000e+00,-0.000000000000000000e+00,-0.000000000000000000e+00,-0.000000000000000000e+00,0.000000000000000000e+00
cxi*c/cref,0.000000000000000000e+00,0.000000000000000000e+00,-0.000000000000000000e+00,-0.000000000000000000e+00,-0.000000000000000000e+00,-0.000000000000000000e+00,-0.000000000000000000e+00,-0.000000000000000000e+00,-0.000000000000000000e+00,-0.000000000000000000e+00,-0.000000000000000000e+00,-0.000000000000000000e+00,-0.000000000000000000e+00,0.000000000000000000e+00,-0.000000000000000000e+00,-0.000000000000000000e+00,-0.000000000000000000e+00,-0.000000000000000000e+00,-0.000000000000000000e+00,-0.000000000000000000e+00,-0.000000000000000000e+00,-0.000000000000000000e+00,-0.000000000000000000e+00,0.000000000000000000e+00,0.000000000000000000e+00,0.000000000000000000e+00,0.000000000000000000e+00,-0.000000000000000000e+00,-0.000000000000000000e+00,-0.000000000000000000e+00,-0.000000000000000000e+00,-0.000000000000000000e+00,-0.000000000000000000e+00,-0.000000000000000000e+00,-0.000000000000000000e+00,-0.000000000000000000e+00,-0.000000000000000000e+00,-0.000000000000000000e+00,-0.000000000000000000e+00,-0.000000000000000000e+00,-0.000000000000000000e+00,-0.000000000000000000e+00,-0.000000000000000000e+00,-0.000000000000000000e+00,-0.000000000000000000e+00,-0.000000000000000000e+00,-0.000000000000000000e+00,-0.000000000000000000e+00,-0.000000000000000000e+00,-0.000000000000000000e+00,0.000000000000000000e+00,0.000000000000000000e+00,0.000000000000000000e+00,0.000000000000000000e+00,0.000000000000000000e+00,0.000000000000000000e+00,0.000000000000000000e+00,0.000000000000000000e+00,0.000000000000000000e+00,0.000000000000000000e+00,0.000000000000000000e+00,0.000000000000000000e+00,0.000000000000000000e+00,0.000000000000000000e+00,0.000000000000000000e+00,0.000000000000000000e+00,0.000000000000000000e+00,0.000000000000000000e+00,0.000000000000000000e+00,0.000000000000000000e+00,0.000000000000000000e+00,-0.000000000000000000e+00,0.000000000000000000e+00,0.000000000000000000e+00,0.000000000000000000e+00,0.000000000000000000e+00,0.000000000000000000e+00,0.000000000000000000e+00,0.000000000000000000e+00,0.000000000000000000e+00,0.000000000000000000e+00,0.000000000000000000e+00,0.000000000000000000e+00,0.000000000000000000e+00,0.000000000000000000e+00,0.000000000000000000e+00,0.000000000000000000e+00,0.000000000000000000e+00,0.000000000000000000e+00,0.000000000000000000e+00,0.000000000000000000e+00,0.000000000000000000e+00,0.000000000000000000e+00,0.000000000000000000e+00,0.000000000000000000e+00,0.000000000000000000e+00,0.000000000000000000e+00,-0.000000000000000000e+00,0.000000000000000000e+00,-0.000000000000000000e+00,-0.000000000000000000e+00,-0.000000000000000000e+00,-0.000000000000000000e+00,0.000000000000000000e+00,-0.000000000000000000e+00,0.000000000000000000e+00,-0.000000000000000000e+00,0.000000000000000000e+00,0.000000000000000000e+00,0.000000000000000000e+00,0.000000000000000000e+00,0.000000000000000000e+00,0.000000000000000000e+00,0.000000000000000000e+00,0.000000000000000000e+00,0.000000000000000000e+00,0.000000000000000000e+00,0.000000000000000000e+00,0.000000000000000000e+00,0.000000000000000000e+00,0.000000000000000000e+00,0.000000000000000000e+00,0.000000000000000000e+00,0.000000000000000000e+00,0.000000000000000000e+00,-0.000000000000000000e+00,-0.000000000000000000e+00,-0.000000000000000000e+00,-0.000000000000000000e+00,-0.000000000000000000e+00,-0.000000000000000000e+00,0.000000000000000000e+00
cxo,4.649999999999999620e-03,4.680000000000000132e-03,4.700000000000000185e-03,4.729999999999999830e-03,4.760000000000000342e-03,4.789999999999999987e-03,4.819999999999999632e-03,4.850000000000000144e-03,4.890000000000000249e-03,4.930000000000000354e-03,4.969999999999999592e-03,5.020000000000000157e-03,5.069999999999999854e-03,5.440000000000000391e-03,5.120000000000000419e-03,5.159999999999999656e-03,5.190000000000000169e-03,5.230000000000000274e-03,5.279999999999999971e-03,5.320000000000000076e-03,5.369999999999999774e-03,5.420000000000000338e-03,5.479999999999999628e-03,5.539999999999999786e-03,5.599999999999999943e-03,5.669999999999999693e-03,5.740000000000000310e-03,4.649999999999999620e-03,4.680000000000000132e-03,4.700000000000000185e-03,4.729999999999999830e-03,4.760000000000000342e-03,4.789999999999999987e-03,4.819999999999999632e-03,4.850000000000000144e-03,4.890000000000000249e-03,4.930000000000000354e-03,4.969999999999999592e-03,5.020000000000000157e-03,5.069999999999999854e-03,5.440000000000000391e-03,5.120000000000000419e-03,5.159999999999999656e-03,5.190000000000000169e-03,5.230000000000000274e-03,5.279999999999999971e-03,5.320000000000000076e-03,5.369999999999999774e-03,5.420000000000000338e-03,5.479999999999999628e-03,5.539999999999999786e-03,5.599999999999999943e-03,5.669999999999999693e-03,5.740000000000000310e-03,5.470000000000000036e-03,5.499999999999999681e-03,5.530000000000000193e-03,5.559999999999999838e-03,5.599999999999999943e-03,5.640000000000000048e-03,5.669999999999999693e-03,5.720000000000000258e-03,5.760000000000000363e-03,5.810000000000000060e-03,5.859999999999999758e-03,5.910000000000000323e-03,5.969999999999999613e-03,5.470000000000000036e-03,5.499999999999999681e-03,5.530000000000000193e-03,5.559999999999999838e-03,5.599999999999999943e-03,5.629999999999999588e-03,5.669999999999999693e-03,5.709999999999999798e-03,5.760000000000000363e-03,5.810000000000000060e-03,5.859999999999999758e-03,5.910000000000000323e-03,5.969999999999999613e-03,4.969999999999999592e-03,4.989999999999999644e-03,5.020000000000000157e-03,5.040000000000000209e-03,5.069999999999999854e-03,5.089999999999999906e-03,5.120000000000000419e-03,5.150000000000000064e-03,5.179999999999999709e-03,5.210000000000000221e-03,5.250000000000000326e-03,5.290000000000000431e-03,5.320000000000000076e-03,5.369999999999999774e-03,5.409999999999999878e-03,5.459999999999999576e-03,5.510000000000000141e-03,5.559999999999999838e-03,5.619999999999999996e-03,5.689999999999999745e-03,5.760000000000000363e-03,5.850000000000000165e-03,5.950000000000000427e-03,6.069999999999999875e-03,6.210000000000000242e-03,6.380000000000000254e-03,4.969999999999999592e-03,4.989999999999999644e-03,5.020000000000000157e-03,5.040000000000000209e-03,5.069999999999999854e-03,5.089999999999999906e-03,5.120000000000000419e-03,5.150000000000000064e-03,5.179999999999999709e-03,5.210000000000000221e-03,5.250000000000000326e-03,5.290000000000000431e-03,5.329999999999999669e-03,5.369999999999999774e-03,5.409999999999999878e-03,5.459999999999999576e-03,5.510000000000000141e-03,5.559999999999999838e-03,5.619999999999999996e-03,5.689999999999999745e-03,5.760000000000000363e-03,5.850000000000000165e-03,5.950000000000000427e-03,6.069999999999999875e-03,6.210000000000000242e-03,6.380000000000000254e-03
cxo*c/cref,1.120124338667141325e-02,1.080118209911498824e-02,1.037299513000145695e-02,9.961832130664810894e-03,9.544613652175321095e-03,9.121339694532980616e-03,8.692010257737796397e-03,8.256625341789764969e-03,7.831199669940298175e-03,7.397700025887036547e-03,6.956126409629976616e-03,6.519465804844111825e-03,6.073057258886534367e-03,3.873241801090492042e-03,5.733004999433721424e-03,5.493137120390894669e-03,5.238762001067840367e-03,4.990627671622955251e-03,4.747075120940994104e-03,4.489567168767291672e-03,4.235537867879043093e-03,3.975992282427556410e-03,3.717718996230199961e-03,3.452821783940330201e-03,3.181309560405779727e-03,2.908302595175303335e-03,2.627568188069312992e-03,1.120124338667141325e-02,1.080118209911498824e-02,1.037299513000145695e-02,9.961832130664810894e-03,9.544613652175321095e-03,9.121339694532980616e-03,8.692010257737796397e-03,8.256625341789764969e-03,7.831199669940298175e-03,7.397700025887036547e-03,6.956126409629976616e-03,6.519465804844111825e-03,6.073057258886534367e-03,3.873241801090492042e-03,5.733004999433721424e-03,5.493137120390894669e-03,5.238762001067840367e-03,4.990627671622955251e-03,4.747075120940994104e-03,4.489567168767291672e-03,4.235537867879043093e-03,3.975992282427556410e-03,3.717718996230199961e-03,3.452821783940330201e-03,3.181309560405779727e-03,2.908302595175303335e-03,2.627568188069312992e-03,3.535489855517983879e-03,3.408452521559046568e-03,3.279817795718931693e-03,3.149585677997637952e-03,3.023154658857411022e-03,2.894593783875612850e-03,2.759037026550390567e-03,2.631082466387302775e-03,2.496132023880790439e-03,2.363119056093970077e-03,2.227443768505185662e-03,2.089106161114437192e-03,1.951374868542398236e-03,3.535489855517983879e-03,3.408452521559046568e-03,3.279817795718931693e-03,3.149585677997637952e-03,3.023154658857411022e-03,2.889461525393564011e-03,2.759037026550390567e-03,2.626482671865646313e-03,2.496132023880790439e-03,2.363119056093970077e-03,2.227443768505185662e-03,2.089106161114437192e-03,1.951374868542398236e-03,6.922647038361349342e-03,6.688587700422281984e-03,6.482124646075686572e-03,6.260296147685537674e-03,6.048431989904055374e-03,5.822181104082061603e-03,5.604911806106105225e-03,5.384690083647483173e-03,5.161524244826637929e-03,4.935410147717895525e-03,4.715329372077596039e-03,4.491317585386769319e-03,4.255371656932063415e-03,4.039754898312489066e-03,3.820646739042503869e-03,3.604455126441989156e-03,3.383657239471257044e-03,3.158253078130308401e-03,2.933462326273723279e-03,2.707903101590434635e-03,2.475895092788842674e-03,2.245113902955976019e-03,2.009418593363211658e-03,1.770343828368954988e-03,1.525125843351076696e-03,1.272996165482874129e-03,6.922647038361349342e-03,6.688587700422281984e-03,6.482124646075686572e-03,6.260296147685537674e-03,6.048431989904055374e-03,5.822181104082061603e-03,5.604911806106105225e-03,5.384690083647483173e-03,5.161524244826637929e-03,4.935410147717895525e-03,4.715329372077596039e-03,4.491317585386769319e-03,4.263370475836070900e-03,4.039754898312489066e-03,3.820646739042503869e-03,3.604455126441989156e-03,3.383657239471257044e-03,3.158253078130308401e-03,2.933462326273723279e-03,2.707903101590434635e-03,2.475895092788842674e-03,2.245113902955976019e-03,2.009418593363211658e-03,1.770343828368954988e-03,1.525125843351076696e-03,1.272996165482874129e-03
cy,3.400000000000000244e-04,5.400000000000000069e-04,6.899999999999999667e-04,8.199999999999999824e-04,9.399999999999999719e-04,1.059999999999999961e-03,1.190000000000000085e-03,1.309999999999999967e-03,1.449999999999999900e-03,1.590000000000000050e-03,1.750000000000000036e-03,1.920000000000000049e-03,2.540000000000000157e-03,1.869999999999999917e-03,2.670000000000000064e-03,2.880000000000000181e-03,3.099999999999999891e-03,3.330000000000000061e-03,3.579999999999999849e-03,3.820000000000000045e-03,4.060000000000000241e-03,4.270000000000000358e-03,4.329999999999999648e-03,4.250000000000000305e-03,4.080000000000000293e-03,3.680000000000000111e-03,2.809999999999999998e-03,-3.400000000000000244e-04,-5.400000000000000069e-04,-6.899999999999999667e-04,-8.199999999999999824e-04,-9.399999999999999719e-04,-1.059999999999999961e-03,-1.190000000000000085e-03,-1.309999999999999967e-03,-1.449999999999999900e-03,-1.590000000000000050e-03,-1.750000000000000036e-03,-1.940000000000000101e-03,-2.650000000000000012e-03,-1.869999999999999917e-03,-2.660000000000000038e-03,-2.880000000000000181e-03,-3.099999999999999891e-03,-3.330000000000000061e-03,-3.579999999999999849e-03,-3.820000000000000045e-03,-4.060000000000000241e-03,-4.270000000000000358e-03,-4.329999999999999648e-03,-4.250000000000000305e-03,-4.080000000000000293e-03,-3.680000000000000111e-03,-2.820000000000000024e-03,4.800000000000000122e-04,6.700000000000000226e-04,7.399999999999999894e-04,8.099999999999999561e-04,8.400000000000000348e-04,8.599999999999999789e-04,8.400000000000000348e-04,8.000000000000000383e-04,7.100000000000000191e-04,6.300000000000000261e-04,5.199999999999999544e-04,3.800000000000000209e-04,2.100000000000000087e-04,-4.299999999999999894e-04,-5.999999999999999474e-04,-6.499999999999999702e-04,-7.200000000000000453e-04,-7.399999999999999894e-04,-7.600000000000000418e-04,-7.299999999999999632e-04,-6.700000000000000226e-04,-5.800000000000000034e-04,-4.899999999999999842e-04,-3.800000000000000209e-04,-2.599999999999999772e-04,-1.200000000000000030e-04,3.109999999999999917e-03,2.690000000000000117e-03,3.220000000000000206e-03,3.769999999999999914e-03,4.219999999999999793e-03,4.619999999999999975e-03,4.989999999999999644e-03,5.349999999999999721e-03,5.619999999999999996e-03,5.919999999999999915e-03,6.170000000000000137e-03,6.440000000000000412e-03,6.660000000000000121e-03,6.899999999999999883e-03,6.720000000000000279e-03,6.440000000000000412e-03,6.040000000000000230e-03,5.579999999999999891e-03,5.060000000000000261e-03,4.470000000000000015e-03,3.880000000000000202e-03,3.200000000000000153e-03,2.639999999999999986e-03,2.340000000000000066e-03,8.499999999999999526e-04,1.270000000000000078e-03,-3.490000000000000047e-03,-3.609999999999999928e-03,-4.780000000000000394e-03,-5.499999999999999681e-03,-6.069999999999999875e-03,-6.590000000000000371e-03,-7.060000000000000303e-03,-7.539999999999999827e-03,-7.910000000000000364e-03,-8.330000000000000598e-03,-8.699999999999999400e-03,-9.110000000000000042e-03,-9.469999999999999252e-03,-9.879999999999999893e-03,-9.900000000000000813e-03,-9.790000000000000091e-03,-9.660000000000000184e-03,-9.450000000000000067e-03,-9.239999999999999949e-03,-8.890000000000000333e-03,-8.600000000000000006e-03,-8.410000000000000808e-03,-8.540000000000000716e-03,-8.619999999999999191e-03,-6.579999999999999911e-03,-5.669999999999999693e-03
cy*c/cref,8.190156454770496086e-04,1.246290242205575632e-03,1.522843965893830916e-03,1.726998382060284222e-03,1.884860679211092672e-03,2.018501059750513367e-03,2.145952739980908595e-03,2.230140040772080837e-03,2.322134871454689664e-03,2.385870799424013537e-03,2.449340285080977859e-03,2.493500865597748049e-03,3.042517837785364745e-03,1.331426869124856423e-03,2.989672529001569188e-03,3.065936997427476558e-03,3.129125665377708188e-03,3.177588938146164773e-03,3.218660782759234524e-03,3.223711764039671572e-03,3.202287475528662296e-03,3.132377683757503299e-03,2.937540739722037733e-03,2.648825375766499131e-03,2.317811251152782515e-03,1.887575582053812760e-03,1.286318224472956335e-03,-8.190156454770496086e-04,-1.246290242205575632e-03,-1.522843965893830916e-03,-1.726998382060284222e-03,-1.884860679211092672e-03,-2.018501059750513367e-03,-2.145952739980908595e-03,-2.230140040772080837e-03,-2.322134871454689664e-03,-2.385870799424013537e-03,-2.449340285080977859e-03,-2.519474832947724528e-03,-3.174280421311502422e-03,-1.331426869124856423e-03,-2.978475253612050157e-03,-3.065936997427476558e-03,-3.129125665377708188e-03,-3.177588938146164773e-03,-3.218660782759234524e-03,-3.223711764039671572e-03,-3.202287475528662296e-03,-3.132377683757503299e-03,-2.937540739722037733e-03,-2.648825375766499131e-03,-2.317811251152782515e-03,-1.887575582053812760e-03,-1.290895869399906254e-03,3.102440823854903497e-04,4.152114889899202440e-04,4.388906272752277397e-04,4.588425178377853971e-04,4.534731988286116425e-04,4.413742294562104538e-04,4.087462261556134755e-04,3.679835617324898997e-04,3.076829404436390736e-04,2.562418253595871416e-04,1.976571262154772058e-04,1.343249308330771586e-04,6.864132703415471652e-05,-2.779269904703350982e-04,-3.718311841700777730e-04,-3.855120374714838334e-04,-4.078600158558093021e-04,-3.994882942061578433e-04,-3.900516446357209254e-04,-3.552199346352355133e-04,-3.081862329509602863e-04,-2.513466274046628930e-04,-1.992991975019010951e-04,-1.444417460805410517e-04,-9.190653162263173726e-05,-3.922361544808840750e-05,4.331877724205995123e-03,3.605671525878945821e-03,4.157856844693966387e-03,4.682800888248904100e-03,5.034395068519745969e-03,5.284573025709062358e-03,5.462599592279192111e-03,5.593804261653210347e-03,5.599954875661333244e-03,5.607990033491351382e-03,5.541634709660717487e-03,5.467690973514327188e-03,5.327213390069086320e-03,5.190746517384762192e-03,4.745794100991797618e-03,4.251408610675167475e-03,3.709126992088274469e-03,3.169613700713511031e-03,2.641160030417266831e-03,2.127298218648373401e-03,1.667790444448039944e-03,1.228096493924636570e-03,8.915739641140971476e-04,6.824719206562363926e-04,2.087531347581989016e-04,2.534020580193182019e-04,-4.861174680861390929e-03,-4.838837995696280113e-03,-6.172222272558124286e-03,-6.831672383386994465e-03,-7.241416603297360505e-03,-7.537951566974615027e-03,-7.728647920138496594e-03,-7.883604510815926669e-03,-7.881787022505542042e-03,-7.890972462666040466e-03,-7.813974388014300818e-03,-7.734575274645267076e-03,-7.574881502095232033e-03,-7.432547187211804504e-03,-6.991571666639702885e-03,-6.462933276166131329e-03,-5.932146811849789772e-03,-5.367894170563203976e-03,-4.822987881631530735e-03,-4.230801155208956978e-03,-3.696648923261119327e-03,-3.227591098095685795e-03,-2.884106686944844754e-03,-2.514063229084084142e-03,-1.615994854951704422e-03,-1.131330448007507230e-03
cyi,3.400000000000000244e-04,5.400000000000000069e-04,6.899999999999999667e-04,8.199999999999999824e-04,9.399999999999999719e-04,1.059999999999999961e-03,1.190000000000000085e-03,1.309999999999999967e-03,1.449999999999999900e-03,1.590000000000000050e-03,1.750000000000000036e-03,1.920000000000000049e-03,2.550000000000000183e-03,1.869999999999999917e-03,2.670000000000000064e-03,2.880000000000000181e-03,3.099999999999999891e-03,3.330000000000000061e-03,3.579999999999999849e-03,3.820000000000000045e-03,4.060000000000000241e-03,4.270000000000000358e-03,4.329999999999999648e-03,4.250000000000000305e-03,4.080000000000000293e-03,3.680000000000000111e-03,2.809999999999999998e-03,-3.400000000000000244e-04,-5.400000000000000069e-04,-6.899999999999999667e-04,-8.199999999999999824e-04,-9.399999999999999719e-04,-1.059999999999999961e-03,-1.190000000000000085e-03,-1.309999999999999967e-03,-1.449999999999999900e-03,-1.590000000000000050e-03,-1.750000000000000036e-03,-1.940000000000000101e-03,-2.660000000000000038e-03,-1.869999999999999917e-03,-2.660000000000000038e-03,-2.880000000000000181e-03,-3.099999999999999891e-03,-3.330000000000000061e-03,-3.579999999999999849e-03,-3.820000000000000045e-03,-4.060000000000000241e-03,-4.270000000000000358e-03,-4.329999999999999648e-03,-4.250000000000000305e-03,-4.080000000000000293e-03,-3.680000000000000111e-03,-2.820000000000000024e-03,4.800000000000000122e-04,6.700000000000000226e-04,7.399999999999999894e-04,8.099999999999999561e-04,8.400000000000000348e-04,8.599999999999999789e-04,8.400000000000000348e-04,8.000000000000000383e-04,7.100000000000000191e-04,6.300000000000000261e-04,5.199999999999999544e-04,3.800000000000000209e-04,2.100000000000000087e-04,-4.299999999999999894e-04,-5.999999999999999474e-04,-6.499999999999999702e-04,-7.200000000000000453e-04,-7.399999999999999894e-04,-7.600000000000000418e-04,-7.299999999999999632e-04,-6.700000000000000226e-04,-5.800000000000000034e-04,-4.899999999999999842e-04,-3.800000000000000209e-04,-2.599999999999999772e-04,-1.200000000000000030e-04,3.109999999999999917e-03,2.690000000000000117e-03,3.220000000000000206e-03,3.769999999999999914e-03,4.219999999999999793e-03,4.619999999999999975e-03,4.989999999999999644e-03,5.349999999999999721e-03,5.619999999999999996e-03,5.919999999999999915e-03,6.170000000000000137e-03,6.440000000000000412e-03,6.660000000000000121e-03,6.899999999999999883e-03,6.720000000000000279e-03,6.440000000000000412e-03,6.040000000000000230e-03,5.579999999999999891e-03,5.060000000000000261e-03,4.470000000000000015e-03,3.880000000000000202e-03,3.200000000000000153e-03,2.639999999999999986e-03,2.340000000000000066e-03,8.499999999999999526e-04,1.270000000000000078e-03,-3.490000000000000047e-03,-3.609999999999999928e-03,-4.780000000000000394e-03,-5.499999999999999681e-03,-6.069999999999999875e-03,-6.590000000000000371e-03,-7.060000000000000303e-03,-7.539999999999999827e-03,-7.910000000000000364e-03,-8.330000000000000598e-03,-8.699999999999999400e-03,-9.110000000000000042e-03,-9.469999999999999252e-03,-9.879999999999999893e-03,-9.900000000000000813e-03,-9.790000000000000091e-03,-9.660000000000000184e-03,-9.450000000000000067e-03,-9.239999999999999949e-03,-8.890000000000000333e-03,-8.600000000000000006e-03,-8.410000000000000808e-03,-8.540000000000000716e-03,-8.619999999999999191e-03,-6.579999999999999911e-03,-5.669999999999999693e-03
cyi*c/cref,8.190156454770496086e-04,1.246290242205575632e-03,1.522843965893830916e-03,1.726998382060284222e-03,1.884860679211092672e-03,2.018501059750513367e-03,2.145952739980908595e-03,2.230140040772080837e-03,2.322134871454689664e-03,2.385870799424013537e-03,2.449340285080977859e-03,2.493500865597748049e-03,3.054496254469559000e-03,1.331426869124856423e-03,2.989672529001569188e-03,3.065936997427476558e-03,3.129125665377708188e-03,3.177588938146164773e-03,3.218660782759234524e-03,3.223711764039671572e-03,3.202287475528662296e-03,3.132377683757503299e-03,2.937540739722037733e-03,2.648825375766499131e-03,2.317811251152782515e-03,1.887575582053812760e-03,1.286318224472956335e-03,-8.190156454770496086e-04,-1.246290242205575632e-03,-1.522843965893830916e-03,-1.726998382060284222e-03,-1.884860679211092672e-03,-2.018501059750513367e-03,-2.145952739980908595e-03,-2.230140040772080837e-03,-2.322134871454689664e-03,-2.385870799424013537e-03,-2.449340285080977859e-03,-2.519474832947724528e-03,-3.186258837995696678e-03,-1.331426869124856423e-03,-2.978475253612050157e-03,-3.065936997427476558e-03,-3.129125665377708188e-03,-3.177588938146164773e-03,-3.218660782759234524e-03,-3.223711764039671572e-03,-3.202287475528662296e-03,-3.132377683757503299e-03,-2.937540739722037733e-03,-2.648825375766499131e-03,-2.317811251152782515e-03,-1.887575582053812760e-03,-1.290895869399906254e-03,3.102440823854903497e-04,4.152114889899202440e-04,4.388906272752277397e-04,4.588425178377853971e-04,4.534731988286116425e-04,4.413742294562104538e-04,4.087462261556134755e-04,3.679835617324898997e-04,3.076829404436390736e-04,2.562418253595871416e-04,1.976571262154772058e-04,1.343249308330771586e-04,6.864132703415471652e-05,-2.779269904703350982e-04,-3.718311841700777730e-04,-3.855120374714838334e-04,-4.078600158558093021e-04,-3.994882942061578433e-04,-3.900516446357209254e-04,-3.552199346352355133e-04,-3.081862329509602863e-04,-2.513466274046628930e-04,-1.992991975019010951e-04,-1.444417460805410517e-04,-9.190653162263173726e-05,-3.922361544808840750e-05,4.331877724205995123e-03,3.605671525878945821e-03,4.157856844693966387e-03,4.682800888248904100e-03,5.034395068519745969e-03,5.284573025709062358e-03,5.462599592279192111e-03,5.593804261653210347e-03,5.599954875661333244e-03,5.607990033491351382e-03,5.541634709660717487e-03,5.467690973514327188e-03,5.327213390069086320e-03,5.190746517384762192e-03,4.745794100991797618e-03,4.251408610675167475e-03,3.709126992088274469e-03,3.169613700713511031e-03,2.641160030417266831e-03,2.127298218648373401e-03,1.667790444448039944e-03,1.228096493924636570e-03,8.915739641140971476e-04,6.824719206562363926e-04,2.087531347581989016e-04,2.534020580193182019e-04,-4.861174680861390929e-03,-4.838837995696280113e-03,-6.172222272558124286e-03,-6.831672383386994465e-03,-7.241416603297360505e-03,-7.537951566974615027e-03,-7.728647920138496594e-03,-7.883604510815926669e-03,-7.881787022505542042e-03,-7.890972462666040466e-03,-7.813974388014300818e-03,-7.734575274645267076e-03,-7.574881502095232033e-03,-7.432547187211804504e-03,-6.991571666639702885e-03,-6.462933276166131329e-03,-5.932146811849789772e-03,-5.367894170563203976e-03,-4.822987881631530735e-03,-4.230801155208956978e-03,-3.696648923261119327e-03,-3.227591098095685795e-03,-2.884106686944844754e-03,-2.514063229084084142e-03,-1.615994854951704422e-03,-1.131330448007507230e-03
cyo,0.000000000000000000e+00,0.000000000000000000e+00,0.000000000000000000e+00,0.000000000000000000e+00,0.000000000000000000e+00,0.000000000000000000e+00,0.000000000000000000e+00,0.000000000000000000e+00,0.000000000000000000e+00,0.000000000000000000e+00,0.000000000000000000e+00,0.000000000000000000e+00,-2.000000000000000164e-05,0.000000000000000000e+00,0.000000000000000000e+00,0.000000000000000000e+00,0.000000000000000000e+00,0.000000000000000000e+00,0.000000000000000000e+00,0.000000000000000000e+00,0.000000000000000000e+00,0.000000000000000000e+00,0.000000000000000000e+00,0.000000000000000000e+00,0.000000000000000000e+00,0.000000000000000000e+00,0.000000000000000000e+00,0.000000000000000000e+00,0.000000000000000000e+00,0.000000000000000000e+00,0.000000000000000000e+00,0.000000000000000000e+00,0.000000000000000000e+00,0.000000000000000000e+00,0.000000000000000000e+00,0.000000000000000000e+00,0.000000000000000000e+00,0.000000000000000000e+00,0.000000000000000000e+00,2.000000000000000164e-05,0.000000000000000000e+00,0.000000000000000000e+00,0.000000000000000000e+00,0.000000000000000000e+00,0.000000000000000000e+00,0.000000000000000000e+00,0.000000000000000000e+00,0.000000000000000000e+00,0.000000000000000000e+00,0.000000000000000000e+00,0.000000000000000000e+00,0.000000000000000000e+00,0.000000000000000000e+00,0.000000000000000000e+00,0.000000000000000000e+00,0.000000000000000000e+00,0.000000000000000000e+00,0.000000000000000000e+00,0.000000000000000000e+00,0.000000000000000000e+00,0.000000000000000000e+00,0.000000000000000000e+00,0.000000000000000000e+00,0.000000000000000000e+00,0.000000000000000000e+00,0.000000000000000000e+00,0.000000000000000000e+00,0.000000000000000000e+00,0.000000000000000000e+00,0.000000000000000000e+00,0.000000000000000000e+00,0.000000000000000000e+00,0.000000000000000000e+00,0.000000000000000000e+00,0.000000000000000000e+00,0.000000000000000000e+00,0.000000000000000000e+00,0.000000000000000000e+00,0.000000000000000000e+00,0.000000000000000000e+00,0.000000000000000000e+00,0.000000000000000000e+00,0.000000000000000000e+00,0.000000000000000000e+00,0.000000000000000000e+00,0.000000000000000000e+00,0.000000000000000000e+00,0.000000000000000000e+00,0.000000000000000000e+00,0.000000000000000000e+00,0.000000000000000000e+00,0.000000000000000000e+00,0.000000000000000000e+00,0.000000000000000000e+00,0.000000000000000000e+00,0.000000000000000000e+00,0.000000000000000000e+00,0.000000000000000000e+00,0.000000000000000000e+00,0.000000000000000000e+00,0.000000000000000000e+00,0.000000000000000000e+00,0.000000000000000000e+00,0.000000000000000000e+00,0.000000000000000000e+00,0.000000000000000000e+00,-0.000000000000000000e+00,0.000000000000000000e+00,0.000000000000000000e+00,0.000000000000000000e+00,0.000000000000000000e+00,0.000000000000000000e+00,0.000000000000000000e+00,0.000000000000000000e+00,0.000000000000000000e+00,0.000000000000000000e+00,0.000000000000000000e+00,0.000000000000000000e+00,0.000000000000000000e+00,0.000000000000000000e+00,0.000000000000000000e+00,0.000000000000000000e+00,0.000000000000000000e+00,0.000000000000000000e+00,0.000000000000000000e+00,0.000000000000000000e+00,0.000000000000000000e+00,0.000000000000000000e+00,0.000000000000000000e+00,0.000000000000000000e+00,0.000000000000000000e+00,0.000000000000000000e+00
cyo*c/cref,0.000000000000000000e+00,0.000000000000000000e+00,0.000000000000000000e+00,0.000000000000000000e+00,0.000000000000000000e+00,0.000000000000000000e+00,0.000000000000000000e+00,0.000000000000000000e+00,0.000000000000000000e+00,0.000000000000000000e+00,0.000000000000000000e+00,0.000000000000000000e+00,-2.395683336838869731e-05,0.000000000000000000e+00,0.000000000000000000e+00,0.000000000000000000e+00,0.000000000000000000e+00,0.000000000000000000e+00,0.000000000000000000e+00,0.000000000000000000e+00,0.000000000000000000e+00,0.000000000000000000e+00,0.000000000000000000e+00,0.000000000000000000e+00,0.000000000000000000e+00,0.000000000000000000e+00,0.000000000000000000e+00,0.000000000000000000e+00,0.000000000000000000e+00,0.000000000000000000e+00,0.000000000000000000e+00,0.000000000000000000e+00,0.000000000000000000e+00,0.000000000000000000e+00,0.000000000000000000e+00,0.000000000000000000e+00,0.000000000000000000e+00,0.000000000000000000e+00,0.000000000000000000e+00,2.395683336838869731e-05,0.000000000000000000e+00,0.000000000000000000e+00,0.000000000000000000e+00,0.000000000000000000e+00,0.000000000000000000e+00,0.000000000000000000e+00,0.000000000000000000e+00,0.000000000000000000e+00,0.000000000000000000e+00,0.000000000000000000e+00,0.000000000000000000e+00,0.000000000000000000e+00,0.000000000000000000e+00,0.000000000000000000e+00,0.000000000000000000e+00,0.000000000000000000e+00,0.000000000000000000e+00,0.000000000000000000e+00,0.000000000000000000e+00,0.000000000000000000e+00,0.000000000000000000e+00,0.000000000000000000e+00,0.000000000000000000e+00,0.000000000000000000e+00,0.000000000000000000e+00,0.000000000000000000e+00,0.000000000000000000e+00,0.000000000000000000e+00,0.000000000000000000e+00,0.000000000000000000e+00,0.000000000000000000e+00,0.000000000000000000e+00,0.000000000000000000e+00,0.000000000000000000e+00,0.000000000000000000e+00,0.000000000000000000e+00,0.000000000000000000e+00,0.000000000000000000e+00,0.000000000000000000e+00,0.000000000000000000e+00,0.000000000000000000e+00,0.000000000000000000e+00,0.000000000000000000e+00,0.000000000000000000e+00,0.000000000000000000e+00,0.000000000000000000e+00,0.000000000000000000e+00,0.000000000000000000e+00,0.000000000000000000e+00,0.000000000000000000e+00,0.000000000000000000e+00,0.000000000000000000e+00,0.000000000000000000e+00,0.000000000000000000e+00,0.000000000000000000e+00,0.000000000000000000e+00,0.000000000000000000e+00,0.000000000000000000e+00,0.000000000000000000e+00,0.000000000000000000e+00,0.000000000000000000e+00,0.000000000000000000e+00,0.000000000000000000e+00,0.000000000000000000e+00,0.000000000000000000e+00,0.000000000000000000e+00,-0.000000000000000000e+00,0.000000000000000000e+00,0.000000000000000000e+00,0.000000000000000000e+00,0.000000000000000000e+00,0.000000000000000000e+00,0.000000000000000000e+00,0.000000000000000000e+00,0.000000000000000000e+00,0.000000000000000000e+00,0.000000000000000000e+00,0.000000000000000000e+00,0.000000000000000000e+00,0.000000000000000000e+00,0.000000000000000000e+00,0.000000000000000000e+00,0.000000000000000000e+00,0.000000000000000000e+00,0.000000000000000000e+00,0.000000000000000000e+00,0.000000000000000000e+00,0.000000000000000000e+00,0.000000000000000000e+00,0.000000000000000000e+00,0.000000000000000000e+00,0.000000000000000000e+00
cz,6.429999999999999952e-03,1.024000000000000084e-02,1.307000000000000002e-02,1.558999999999999969e-02,1.796000000000000027e-02,2.025000000000000064e-02,2.263000000000000081e-02,2.504999999999999935e-02,2.762999999999999831e-02,3.034999999999999851e-02,3.343999999999999750e-02,3.663000000000000284e-02,4.873000000000000248e-02,3.572999999999999787e-02,5.095000000000000223e-02,5.491000000000000048e-02,5.922000000000000181e-02,6.363000000000000600e-02,6.832000000000000572e-02,7.295000000000000095e-02,7.749999999999999944e-02,8.142000000000000626e-02,8.265999999999999737e-02,8.110000000000000542e-02,7.782000000000000028e-02,7.026000000000000301e-02,5.369000000000000161e-02,6.429999999999999952e-03,1.024000000000000084e-02,1.307000000000000002e-02,1.558999999999999969e-02,1.796000000000000027e-02,2.025000000000000064e-02,2.264000000000000040e-02,2.505999999999999894e-02,2.765000000000000097e-02,3.030000000000000054e-02,3.336000000000000076e-02,3.703000000000000042e-02,5.081000000000000100e-02,3.558999999999999664e-02,5.074000000000000038e-02,5.487999999999999823e-02,5.920999999999999874e-02,6.363000000000000600e-02,6.832000000000000572e-02,7.294000000000000483e-02,7.750999999999999557e-02,8.140999999999999626e-02,8.257000000000000450e-02,8.114000000000000379e-02,7.779999999999999416e-02,7.026000000000000301e-02,5.372999999999999998e-02,7.830000000000000154e-03,1.093000000000000048e-02,1.209000000000000005e-02,1.332000000000000024e-02,1.372999999999999915e-02,1.413000000000000020e-02,1.367999999999999945e-02,1.299999999999999940e-02,1.162000000000000012e-02,1.021999999999999992e-02,8.460000000000000506e-03,6.270000000000000399e-03,3.399999999999999811e-03,7.100000000000000408e-03,9.870000000000000301e-03,1.069999999999999944e-02,1.170000000000000033e-02,1.203000000000000076e-02,1.239999999999999956e-02,1.186000000000000075e-02,1.103999999999999947e-02,9.490000000000000172e-03,7.979999999999999247e-03,6.239999999999999887e-03,4.230000000000000253e-03,1.990000000000000015e-03,-3.200000000000000262e-04,-2.799999999999999755e-04,-3.400000000000000244e-04,-4.000000000000000192e-04,-4.400000000000000157e-04,-4.899999999999999842e-04,-5.199999999999999544e-04,-5.599999999999999509e-04,-5.900000000000000296e-04,-6.199999999999999999e-04,-6.499999999999999702e-04,-6.800000000000000488e-04,-6.999999999999999929e-04,-7.299999999999999632e-04,-7.100000000000000191e-04,-6.800000000000000488e-04,-6.300000000000000261e-04,-5.900000000000000296e-04,-5.299999999999999807e-04,-4.699999999999999859e-04,-4.099999999999999912e-04,-3.400000000000000244e-04,-2.799999999999999755e-04,-2.500000000000000052e-04,-9.000000000000000567e-05,-1.299999999999999886e-04,-3.600000000000000227e-04,-3.800000000000000209e-04,-5.000000000000000104e-04,-5.800000000000000034e-04,-6.400000000000000524e-04,-6.899999999999999667e-04,-7.399999999999999894e-04,-7.900000000000000121e-04,-8.300000000000000086e-04,-8.800000000000000313e-04,-9.100000000000000016e-04,-9.600000000000000243e-04,-1.000000000000000021e-03,-1.039999999999999909e-03,-1.039999999999999909e-03,-1.030000000000000100e-03,-1.020000000000000073e-03,-9.899999999999999946e-04,-9.700000000000000505e-04,-9.300000000000000541e-04,-8.999999999999999754e-04,-8.800000000000000313e-04,-8.999999999999999754e-04,-9.100000000000000016e-04,-6.899999999999999667e-04,-5.999999999999999474e-04
cz*c/cref,1.548903117769831993e-02,2.363335570404647215e-02,2.884575454236575423e-02,3.283403021502418612e-02,3.601286999854385468e-02,3.856098722636594478e-02,4.080916849224198312e-02,4.264504429109971378e-02,4.424868034365039837e-02,4.554162186321937533e-02,4.680339379034736957e-02,4.757132120148203913e-02,5.837082450207906059e-02,2.543950910900059925e-02,5.705011810959923629e-02,5.845506962803566353e-02,5.977639416247351040e-02,6.071771295322536677e-02,6.142427504975165459e-02,6.156276784991990964e-02,6.112740870775155294e-02,5.972791358583979388e-02,5.607785624605626795e-02,5.054582069992072380e-02,4.420884106978174855e-02,3.603833162910349830e-02,2.457737561279467117e-02,1.548903117769831993e-02,2.363335570404647215e-02,2.884575454236575423e-02,3.283403021502418612e-02,3.601286999854385468e-02,3.856098722636594478e-02,4.082720170854434172e-02,4.266206826087660248e-02,4.428070979015322206e-02,4.546659447958969341e-02,4.669142394874367663e-02,4.809080054848156871e-02,6.086233517239148655e-02,2.533983009206076942e-02,5.681497532641933274e-02,5.842313278431245788e-02,5.976630020871422783e-02,6.071771295322536677e-02,6.142427504975165459e-02,6.155432881388839261e-02,6.113529611532674685e-02,5.972057780672091615e-02,5.601679881728606480e-02,5.057075082110440434e-02,4.419747924992314947e-02,3.603833162910349830e-02,2.459568619250247085e-02,5.060856593913311621e-03,6.773524738298251045e-03,7.170523896969599117e-03,7.545410293332471818e-03,7.412127404662901403e-03,7.251881235135179508e-03,6.656724254534275749e-03,5.979732878152960694e-03,5.035599673176177106e-03,4.156811833611080177e-03,3.215729399582571962e-03,2.216361358745773131e-03,1.111335771029171469e-03,4.589027051952044960e-03,6.116622979597780008e-03,6.346121232222887328e-03,6.627725257656900265e-03,6.494384026081188171e-03,6.364000517740709545e-03,5.771107431197113752e-03,5.078173151908360085e-03,4.112550851845260536e-03,3.245729787888103433e-03,2.371885514585726686e-03,1.495248572168201076e-03,6.504582895141327453e-04,-4.457237529729642274e-04,-3.753115342922322276e-04,-4.390283624832138536e-04,-4.968489006099632713e-04,-5.249132298930541448e-04,-5.604850178782338306e-04,-5.692488553076512645e-04,-5.855196984160369747e-04,-5.878956186192502891e-04,-5.873232805345672027e-04,-5.838026841619880407e-04,-5.773338295015128033e-04,-5.599173232805346656e-04,-5.491659358972284270e-04,-5.014157457893119894e-04,-4.489064992638375218e-04,-3.868791399032472109e-04,-3.351383662044751799e-04,-2.766432442927176474e-04,-2.236756516252204460e-04,-1.762355882019836029e-04,-1.304852524794926436e-04,-9.456087498179817287e-05,-7.291366673677739921e-05,-2.210327309204459205e-05,-2.593879334056013074e-05,-5.014392220945847016e-04,-5.093513679680295369e-04,-6.456299448282556671e-04,-7.204309058844467597e-04,-7.635101525717151493e-04,-7.892544129305741497e-04,-8.100849094762730242e-04,-8.260010031226237229e-04,-8.270395990745385735e-04,-8.336201401135793533e-04,-8.173237578267833221e-04,-8.150595240021357669e-04,-7.998818904007637615e-04,-7.823733881275582490e-04,-7.344681346773019193e-04,-6.799613150614009904e-04,-6.263757503195431292e-04,-5.623508178685261401e-04,-5.063093338942191652e-04,-4.425922468328830788e-04,-3.868586082482566814e-04,-3.377265358292750458e-04,-3.039456695843513077e-04,-2.654057469218697022e-04,-1.694584270390085278e-04,-1.197175077256621377e-04
czi,6.429999999999999952e-03,1.024000000000000084e-02,1.307000000000000002e-02,1.558999999999999969e-02,1.796000000000000027e-02,2.025000000000000064e-02,2.263000000000000081e-02,2.504999999999999935e-02,2.762999999999999831e-02,3.034999999999999851e-02,3.343999999999999750e-02,3.663000000000000284e-02,4.873000000000000248e-02,3.572999999999999787e-02,5.095000000000000223e-02,5.491000000000000048e-02,5.922000000000000181e-02,6.363000000000000600e-02,6.832000000000000572e-02,7.295000000000000095e-02,7.749999999999999944e-02,8.142000000000000626e-02,8.265999999999999737e-02,8.110000000000000542e-02,7.782000000000000028e-02,7.026000000000000301e-02,5.369000000000000161e-02,6.429999999999999952e-03,1.024000000000000084e-02,1.307000000000000002e-02,1.558999999999999969e-02,1.796000000000000027e-02,2.025000000000000064e-02,2.264000000000000040e-02,2.505999999999999894e-02,2.765000000000000097e-02,3.030000000000000054e-02,3.336000000000000076e-02,3.703000000000000042e-02,5.081000000000000100e-02,3.558999999999999664e-02,5.074000000000000038e-02,5.487999999999999823e-02,5.920999999999999874e-02,6.363000000000000600e-02,6.832000000000000572e-02,7.294000000000000483e-02,7.750999999999999557e-02,8.140999999999999626e-02,8.257000000000000450e-02,8.114000000000000379e-02,7.779999999999999416e-02,7.026000000000000301e-02,5.372999999999999998e-02,7.830000000000000154e-03,1.093000000000000048e-02,1.209000000000000005e-02,1.332000000000000024e-02,1.372999999999999915e-02,1.413000000000000020e-02,1.367999999999999945e-02,1.299999999999999940e-02,1.162000000000000012e-02,1.021999999999999992e-02,8.460000000000000506e-03,6.270000000000000399e-03,3.399999999999999811e-03,7.100000000000000408e-03,9.870000000000000301e-03,1.069999999999999944e-02,1.170000000000000033e-02,1.203000000000000076e-02,1.239999999999999956e-02,1.186000000000000075e-02,1.103999999999999947e-02,9.490000000000000172e-03,7.979999999999999247e-03,6.239999999999999887e-03,4.230000000000000253e-03,1.990000000000000015e-03,-3.299999999999999982e-04,-2.799999999999999755e-04,-3.400000000000000244e-04,-4.000000000000000192e-04,-4.400000000000000157e-04,-4.899999999999999842e-04,-5.199999999999999544e-04,-5.599999999999999509e-04,-5.900000000000000296e-04,-6.199999999999999999e-04,-6.499999999999999702e-04,-6.800000000000000488e-04,-6.999999999999999929e-04,-7.299999999999999632e-04,-7.100000000000000191e-04,-6.800000000000000488e-04,-6.300000000000000261e-04,-5.900000000000000296e-04,-5.299999999999999807e-04,-4.699999999999999859e-04,-4.099999999999999912e-04,-3.400000000000000244e-04,-2.799999999999999755e-04,-2.500000000000000052e-04,-9.000000000000000567e-05,-1.299999999999999886e-04,-3.699999999999999947e-04,-3.800000000000000209e-04,-5.000000000000000104e-04,-5.800000000000000034e-04,-6.400000000000000524e-04,-6.899999999999999667e-04,-7.399999999999999894e-04,-7.900000000000000121e-04,-8.300000000000000086e-04,-8.800000000000000313e-04,-9.100000000000000016e-04,-9.600000000000000243e-04,-1.000000000000000021e-03,-1.039999999999999909e-03,-1.039999999999999909e-03,-1.030000000000000100e-03,-1.020000000000000073e-03,-9.899999999999999946e-04,-9.700000000000000505e-04,-9.300000000000000541e-04,-8.999999999999999754e-04,-8.800000000000000313e-04,-8.999999999999999754e-04,-9.100000000000000016e-04,-6.899999999999999667e-04,-5.999999999999999474e-04
czi*c/cref,1.548903117769831993e-02,2.363335570404647215e-02,2.884575454236575423e-02,3.283403021502418612e-02,3.601286999854385468e-02,3.856098722636594478e-02,4.080916849224198312e-02,4.264504429109971378e-02,4.424868034365039837e-02,4.554162186321937533e-02,4.680339379034736957e-02,4.757132120148203913e-02,5.837082450207906059e-02,2.543950910900059925e-02,5.705011810959923629e-02,5.845506962803566353e-02,5.977639416247351040e-02,6.071771295322536677e-02,6.142427504975165459e-02,6.156276784991990964e-02,6.112740870775155294e-02,5.972791358583979388e-02,5.607785624605626795e-02,5.054582069992072380e-02,4.420884106978174855e-02,3.603833162910349830e-02,2.457737561279467117e-02,1.548903117769831993e-02,2.363335570404647215e-02,2.884575454236575423e-02,3.283403021502418612e-02,3.601286999854385468e-02,3.856098722636594478e-02,4.082720170854434172e-02,4.266206826087660248e-02,4.428070979015322206e-02,4.546659447958969341e-02,4.669142394874367663e-02,4.809080054848156871e-02,6.086233517239148655e-02,2.533983009206076942e-02,5.681497532641933274e-02,5.842313278431245788e-02,5.976630020871422783e-02,6.071771295322536677e-02,6.142427504975165459e-02,6.155432881388839261e-02,6.113529611532674685e-02,5.972057780672091615e-02,5.601679881728606480e-02,5.057075082110440434e-02,4.419747924992314947e-02,3.603833162910349830e-02,2.459568619250247085e-02,5.060856593913311621e-03,6.773524738298251045e-03,7.170523896969599117e-03,7.545410293332471818e-03,7.412127404662901403e-03,7.251881235135179508e-03,6.656724254534275749e-03,5.979732878152960694e-03,5.035599673176177106e-03,4.156811833611080177e-03,3.215729399582571962e-03,2.216361358745773131e-03,1.111335771029171469e-03,4.589027051952044960e-03,6.116622979597780008e-03,6.346121232222887328e-03,6.627725257656900265e-03,6.494384026081188171e-03,6.364000517740709545e-03,5.771107431197113752e-03,5.078173151908360085e-03,4.112550851845260536e-03,3.245729787888103433e-03,2.371885514585726686e-03,1.495248572168201076e-03,6.504582895141327453e-04,-4.596526202533692917e-04,-3.753115342922322276e-04,-4.390283624832138536e-04,-4.968489006099632713e-04,-5.249132298930541448e-04,-5.604850178782338306e-04,-5.692488553076512645e-04,-5.855196984160369747e-04,-5.878956186192502891e-04,-5.873232805345672027e-04,-5.838026841619880407e-04,-5.773338295015128033e-04,-5.599173232805346656e-04,-5.491659358972284270e-04,-5.014157457893119894e-04,-4.489064992638375218e-04,-3.868791399032472109e-04,-3.351383662044751799e-04,-2.766432442927176474e-04,-2.236756516252204460e-04,-1.762355882019836029e-04,-1.304852524794926436e-04,-9.456087498179817287e-05,-7.291366673677739921e-05,-2.210327309204459205e-05,-2.593879334056013074e-05,-5.153680893749898202e-04,-5.093513679680295369e-04,-6.456299448282556671e-04,-7.204309058844467597e-04,-7.635101525717151493e-04,-7.892544129305741497e-04,-8.100849094762730242e-04,-8.260010031226237229e-04,-8.270395990745385735e-04,-8.336201401135793533e-04,-8.173237578267833221e-04,-8.150595240021357669e-04,-7.998818904007637615e-04,-7.823733881275582490e-04,-7.344681346773019193e-04,-6.799613150614009904e-04,-6.263757503195431292e-04,-5.623508178685261401e-04,-5.063093338942191652e-04,-4.425922468328830788e-04,-3.868586082482566814e-04,-3.377265358292750458e-04,-3.039456695843513077e-04,-2.654057469218697022e-04,-1.694584270390085278e-04,-1.197175077256621377e-04
czo,0.000000000000000000e+00,0.000000000000000000e+00,0.000000000000000000e+00,0.000000000000000000e+00,0.000000000000000000e+00,0.000000000000000000e+00,0.000000000000000000e+00,0.000000000000000000e+00,0.000000000000000000e+00,0.000000000000000000e+00,0.000000000000000000e+00,0.000000000000000000e+00,0.000000000000000000e+00,0.000000000000000000e+00,0.000000000000000000e+00,0.000000000000000000e+00,0.000000000000000000e+00,0.000000000000000000e+00,0.000000000000000000e+00,0.000000000000000000e+00,0.000000000000000000e+00,0.000000000000000000e+00,0.000000000000000000e+00,0.000000000000000000e+00,0.000000000000000000e+00,0.000000000000000000e+00,0.000000000000000000e+00,0.000000000000000000e+00,0.000000000000000000e+00,0.000000000000000000e+00,0.000000000000000000e+00,0.000000000000000000e+00,0.000000000000000000e+00,0.000000000000000000e+00,0.000000000000000000e+00,0.000000000000000000e+00,0.000000000000000000e+00,0.000000000000000000e+00,0.000000000000000000e+00,0.000000000000000000e+00,0.000000000000000000e+00,0.000000000000000000e+00,0.000000000000000000e+00,0.000000000000000000e+00,0.000000000000000000e+00,0.000000000000000000e+00,0.000000000000000000e+00,0.000000000000000000e+00,0.000000000000000000e+00,0.000000000000000000e+00,0.000000000000000000e+00,0.000000000000000000e+00,0.000000000000000000e+00,0.000000000000000000e+00,0.000000000000000000e+00,0.000000000000000000e+00,0.000000000000000000e+00,0.000000000000000000e+00,0.000000000000000000e+00,0.000000000000000000e+00,0.000000000000000000e+00,0.000000000000000000e+00,0.000000000000000000e+00,0.000000000000000000e+00,0.000000000000000000e+00,0.000000000000000000e+00,0.000000000000000000e+00,0.000000000000000000e+00,0.000000000000000000e+00,0.000000000000000000e+00,0.000000000000000000e+00,0.000000000000000000e+00,0.000000000000000000e+00,0.000000000000000000e+00,0.000000000000000000e+00,0.000000000000000000e+00,0.000000000000000000e+00,0.000000000000000000e+00,0.000000000000000000e+00,0.000000000000000000e+00,0.000000000000000000e+00,0.000000000000000000e+00,0.000000000000000000e+00,0.000000000000000000e+00,0.000000000000000000e+00,0.000000000000000000e+00,0.000000000000000000e+00,0.000000000000000000e+00,0.000000000000000000e+00,0.000000000000000000e+00,0.000000000000000000e+00,0.000000000000000000e+00,0.000000000000000000e+00,0.000000000000000000e+00,0.000000000000000000e+00,0.000000000000000000e+00,0.000000000000000000e+00,0.000000000000000000e+00,0.000000000000000000e+00,0.000000000000000000e+00,0.000000000000000000e+00,0.000000000000000000e+00,0.000000000000000000e+00,0.000000000000000000e+00,0.000000000000000000e+00,0.000000000000000000e+00,0.000000000000000000e+00,0.000000000000000000e+00,0.000000000000000000e+00,0.000000000000000000e+00,0.000000000000000000e+00,0.000000000000000000e+00,0.000000000000000000e+00,0.000000000000000000e+00,0.000000000000000000e+00,0.000000000000000000e+00,0.000000000000000000e+00,0.000000000000000000e+00,0.000000000000000000e+00,0.000000000000000000e+00,0.000000000000000000e+00,0.000000000000000000e+00,0.000000000000000000e+00,0.000000000000000000e+00,0.000000000000000000e+00,0.000000000000000000e+00,0.000000000000000000e+00,0.000000000000000000e+00,0.000000000000000000e+00,0.000000000000000000e+00,0.000000000000000000e+00,0.000000000000000000e+00
czo*c/cref,0.000000000000000000e+00,0.000000000000000000e+00,0.000000000000000000e+00,0.000000000000000000e+00,0.000000000000000000e+00,0.000000000000000000e+00,0.000000000000000000e+00,0.000000000000000000e+00,0.000000000000000000e+00,0.000000000000000000e+00,0.000000000000000000e+00,0.000000000000000000e+00,0.000000000000000000e+00,0.000000000000000000e+00,0.000000000000000000e+00,0.000000000000000000e+00,0.000000000000000000e+00,0.000000000000000000e+00,0.000000000000000000e+00,0.000000000000000000e+00,0.000000000000000000e+00,0.000000000000000000e+00,0.000000000000000000e+00,0.000000000000000000e+00,0.000000000000000000e+00,0.000000000000000000e+00,0.000000000000000000e+00,0.000000000000000000e+00,0.000000000000000000e+00,0.000000000000000000e+00,0.000000000000000000e+00,0.000000000000000000e+00,0.000000000000000000e+00,0.000000000000000000e+00,0.000000000000000000e+00,0.000000000000000000e+00,0.000000000000000000e+00,0.000000000000000000e+00,0.000000000000000000e+00,0.000000000000000000e+00,0.000000000000000000e+00,0.000000000000000000e+00,0.000000000000000000e+00,0.000000000000000000e+00,0.000000000000000000e+00,0.000000000000000000e+00,0.000000000000000000e+00,0.000000000000000000e+00,0.000000000000000000e+00,0.000000000000000000e+00,0.000000000000000000e+00,0.000000000000000000e+00,0.000000000000000000e+00,0.000000000000000000e+00,0.000000000000000000e+00,0.000000000000000000e+00,0.000000000000000000e+00,0.000000000000000000e+00,0.000000000000000000e+00,0.000000000000000000e+00,0.000000000000000000e+00,0.000000000000000000e+00,0.000000000000000000e+00,0.000000000000000000e+00,0.000000000000000000e+00,0.000000000000000000e+00,0.000000000000000000e+00,0.000000000000000000e+00,0.000000000000000000e+00,0.000000000000000000e+00,0.000000000000000000e+00,0.000000000000000000e+00,0.000000000000000000e+00,0.000000000000000000e+00,0.000000000000000000e+00,0.000000000000000000e+00,0.000000000000000000e+00,0.000000000000000000e+00,0.000000000000000000e+00,0.000000000000000000e+00,0.000000000000000000e+00,0.000000000000000000e+00,0.000000000000000000e+00,0.000000000000000000e+00,0.000000000000000000e+00,0.000000000000000000e+00,0.000000000000000000e+00,0.000000000000000000e+00,0.000000000000000000e+00,0.000000000000000000e+00,0.000000000000000000e+00,0.000000000000000000e+00,0.000000000000000000e+00,0.000000000000000000e+00,0.000000000000000000e+00,0.000000000000000000e+00,0.000000000000000000e+00,0.000000000000000000e+00,0.000000000000000000e+00,0.000000000000000000e+00,0.000000000000000000e+00,0.000000000000000000e+00,0.000000000000000000e+00,0.000000000000000000e+00,0.000000000000000000e+00,0.000000000000000000e+00,0.000000000000000000e+00,0.000000000000000000e+00,0.000000000000000000e+00,0.000000000000000000e+00,0.000000000000000000e+00,0.000000000000000000e+00,0.000000000000000000e+00,0.000000000000000000e+00,0.000000000000000000e+00,0.000000000000000000e+00,0.000000000000000000e+00,0.000000000000000000e+00,0.000000000000000000e+00,0.000000000000000000e+00,0.000000000000000000e+00,0.000000000000000000e+00,0.000000000000000000e+00,0.000000000000000000e+00,0.000000000000000000e+00,0.000000000000000000e+00,0.000000000000000000e+00,0.000000000000000000e+00,0.000000000000000000e+00,0.000000000000000000e+00,0.000000000000000000e+00,0.000000000000000000e+00
dArea,1.094411000000000023e+01,1.048558000000000057e+01,1.002706000000000053e+01,9.568530000000000868e+00,9.109999999999999432e+00,8.651479999999999393e+00,8.192949999999999733e+00,7.734420000000000073e+00,7.275900000000000034e+00,6.817370000000000374e+00,6.358850000000000335e+00,5.900319999999999787e+00,3.983709999999999862e+00,8.667300000000000004e-01,1.314142999999999972e+01,1.249372999999999934e+01,1.184609000000000023e+01,1.119852000000000025e+01,1.055100000000000016e+01,9.903539999999999566e+00,9.256109999999999616e+00,8.608719999999999928e+00,7.961369999999999614e+00,7.314029999999999809e+00,6.666710000000000136e+00,6.019389999999999574e+00,5.372080000000000410e+00,1.094411000000000023e+01,1.048558000000000057e+01,1.002706000000000053e+01,9.568530000000000868e+00,9.109999999999999432e+00,8.651479999999999393e+00,8.192949999999999733e+00,7.734420000000000073e+00,7.275900000000000034e+00,6.817370000000000374e+00,6.358850000000000335e+00,5.900319999999999787e+00,3.983709999999999862e+00,8.667300000000000004e-01,1.314142999999999972e+01,1.249372999999999934e+01,1.184609000000000023e+01,1.119852000000000025e+01,1.055100000000000016e+01,9.903539999999999566e+00,9.256109999999999616e+00,8.608719999999999928e+00,7.961369999999999614e+00,7.314029999999999809e+00,6.666710000000000136e+00,6.019389999999999574e+00,5.372080000000000410e+00,3.854499999999999815e+00,3.695739999999999803e+00,3.536970000000000169e+00,3.378200000000000092e+00,3.219430000000000014e+00,3.060659999999999936e+00,2.901889999999999858e+00,2.743119999999999781e+00,2.584350000000000147e+00,2.425580000000000069e+00,2.266809999999999992e+00,2.108039999999999914e+00,1.949270000000000058e+00,3.854499999999999815e+00,3.695739999999999803e+00,3.536970000000000169e+00,3.378200000000000092e+00,3.219430000000000014e+00,3.060659999999999936e+00,2.901889999999999858e+00,2.743119999999999781e+00,2.584350000000000147e+00,2.425580000000000069e+00,2.266809999999999992e+00,2.108039999999999914e+00,1.949270000000000058e+00,3.295230000000000103e+00,3.171209999999999862e+00,3.054959999999999898e+00,2.938699999999999868e+00,2.822449999999999903e+00,2.706199999999999939e+00,2.589939999999999909e+00,2.473689999999999944e+00,2.357429999999999914e+00,2.241179999999999950e+00,2.124929999999999986e+00,2.008669999999999956e+00,1.892419999999999991e+00,4.980330000000000368e+00,4.675379999999999647e+00,4.370429999999999815e+00,4.065479999999999983e+00,3.760530000000000150e+00,3.455579999999999874e+00,3.150630000000000042e+00,2.845680000000000209e+00,2.540739999999999998e+00,2.235790000000000166e+00,1.930839999999999890e+00,1.625890000000000057e+00,1.320940000000000003e+00,3.295230000000000103e+00,3.171209999999999862e+00,3.054959999999999898e+00,2.938699999999999868e+00,2.822449999999999903e+00,2.706199999999999939e+00,2.589939999999999909e+00,2.473689999999999944e+00,2.357429999999999914e+00,2.241179999999999950e+00,2.124929999999999986e+00,2.008669999999999956e+00,1.892419999999999991e+00,4.980330000000000368e+00,4.675379999999999647e+00,4.370429999999999815e+00,4.065479999999999983e+00,3.760530000000000150e+00,3.455579999999999874e+00,3.150630000000000042e+00,2.845680000000000209e+00,2.540739999999999998e+00,2.235790000000000166e+00,1.930839999999999890e+00,1.625890000000000057e+00,1.320940000000000003e+00
dSpan,3.675399999999999778e-01,3.675399999999999778e-01,3.675399999999999778e-01,3.675399999999999778e-01,3.675399999999999778e-01,3.675399999999999778e-01,3.675399999999999778e-01,3.675399999999999778e-01,3.675399999999999778e-01,3.675399999999999778e-01,3.675399999999999778e-01,3.675399999999999778e-01,2.690400000000000014e-01,9.847999999999999809e-02,9.494299999999999962e-01,9.494099999999999762e-01,9.493899999999999562e-01,9.493800000000000017e-01,9.493700000000000472e-01,9.493599999999999817e-01,9.493500000000000272e-01,9.493500000000000272e-01,9.493399999999999617e-01,9.493500000000000272e-01,9.493500000000000272e-01,9.493599999999999817e-01,9.493599999999999817e-01,3.675399999999999778e-01,3.675399999999999778e-01,3.675399999999999778e-01,3.675399999999999778e-01,3.675399999999999778e-01,3.675399999999999778e-01,3.675399999999999778e-01,3.675399999999999778e-01,3.675399999999999778e-01,3.675399999999999778e-01,3.675399999999999778e-01,3.675399999999999778e-01,2.690400000000000014e-01,9.847999999999999809e-02,9.494299999999999962e-01,9.494099999999999762e-01,9.493899999999999562e-01,9.493800000000000017e-01,9.493700000000000472e-01,9.493599999999999817e-01,9.493500000000000272e-01,9.493500000000000272e-01,9.493399999999999617e-01,9.493500000000000272e-01,9.493500000000000272e-01,9.493599999999999817e-01,9.493599999999999817e-01,4.824300000000000255e-01,4.824300000000000255e-01,4.824300000000000255e-01,4.824300000000000255e-01,4.824300000000000255e-01,4.824300000000000255e-01,4.824300000000000255e-01,4.824300000000000255e-01,4.824300000000000255e-01,4.824300000000000255e-01,4.824300000000000255e-01,4.824300000000000255e-01,4.824300000000000255e-01,4.824300000000000255e-01,4.824300000000000255e-01,4.824300000000000255e-01,4.824300000000000255e-01,4.824300000000000255e-01,4.824300000000000255e-01,4.824300000000000255e-01,4.824300000000000255e-01,4.824300000000000255e-01,4.824300000000000255e-01,4.824300000000000255e-01,4.824300000000000255e-01,4.824300000000000255e-01,1.913799999999999946e-01,1.913900000000000046e-01,1.913900000000000046e-01,1.913900000000000046e-01,1.913900000000000046e-01,1.913900000000000046e-01,1.913900000000000046e-01,1.913900000000000046e-01,1.913900000000000046e-01,1.913900000000000046e-01,1.913900000000000046e-01,1.913900000000000046e-01,1.913900000000000046e-01,5.355600000000000360e-01,5.355600000000000360e-01,5.355600000000000360e-01,5.355600000000000360e-01,5.355600000000000360e-01,5.355600000000000360e-01,5.355600000000000360e-01,5.355600000000000360e-01,5.355600000000000360e-01,5.355600000000000360e-01,5.355600000000000360e-01,5.355600000000000360e-01,5.355600000000000360e-01,1.913799999999999946e-01,1.913900000000000046e-01,1.913900000000000046e-01,1.913900000000000046e-01,1.913900000000000046e-01,1.913900000000000046e-01,1.913900000000000046e-01,1.913900000000000046e-01,1.913900000000000046e-01,1.913900000000000046e-01,1.913900000000000046e-01,1.913900000000000046e-01,1.913900000000000046e-01,5.355600000000000360e-01,5.355600000000000360e-01,5.355600000000000360e-01,5.355600000000000360e-01,5.355600000000000360e-01,5.355600000000000360e-01,5.355600000000000360e-01,5.355600000000000360e-01,5.355600000000000360e-01,5.355600000000000360e-01,5.355600000000000360e-01,5.355600000000000360e-01,5.355600000000000360e-01
roverR,inf,inf,inf,inf,inf,inf,inf,inf,inf,inf,inf,inf,inf,inf,inf,inf,inf,inf,inf,inf,inf,inf,inf,inf,inf,inf,inf,inf,inf,inf,inf,inf,inf,inf,inf,inf,inf,inf,inf,inf,inf,inf,inf,inf,inf,inf,inf,inf,inf,inf,inf,inf,inf,inf,inf,inf,inf,inf,inf,inf,inf,inf,inf,inf,inf,inf,inf,inf,inf,inf,inf,inf,inf,inf,inf,inf,inf,inf,inf,inf,inf,inf,inf,inf,inf,inf,inf,inf,inf,inf,inf,inf,inf,inf,inf,inf,inf,inf,inf,inf,inf,inf,inf,inf,inf,inf,inf,inf,inf,inf,inf,inf,inf,inf,inf,inf,inf,inf,inf,inf,inf,inf,inf,inf,inf,inf,inf,inf,inf,inf,inf,inf
Results_Name,CpSlice_Wrapper
Results_Timestamp,1788934289
Results_Date,9,9,2026
Results_Time,9,11,29
CpSlice_Case_ID_Vec,NZRTPFC
Num_Cuts,1
